INFO:wctl2:docker compose exec weppcloud bash -lc cd /workdir/wepppy && PYTHONPATH=/workdir/wepppy MYPY_CACHE_DIR=/tmp/mypy_cache /opt/venv/bin/python docs/work-packages/20260925_disturbed_thinning_soil_lookup/artifacts/validate_local_project.py
Forking local source through prepare_fork_run
Checking for rsync...
Found rsync at: /usr/bin/rsync
Destination parent directory: /wc1/runs/th
Parent already exists.
Running cmd: rsync -a --stats --exclude /.redisprep-run-id --exclude wepp/runs --exclude wepp/output --exclude /_pups/omni/scenarios --exclude /_pups/omni/contrasts . /wc1/runs/th/thinning-soil-validation-20260925/
In directory: /wc1/runs/ch/choice-feminist/
Copying project files...
rsync summary:
Number of files: 2,117 (reg: 2,068, dir: 49)
Number of created files: 2,117 (reg: 2,068, dir: 49)
Number of deleted files: 0
Number of regular files transferred: 2,068
Total file size: 136,685,075 bytes
Total transferred file size: 136,685,075 bytes
Literal data: 136,685,075 bytes
Matched data: 0 bytes
File list size: 0
File list generation time: 0.004 seconds
File list transfer time: 0.000 seconds
Total bytes sent: 136,865,883
Total bytes received: 39,619
sent 136,865,883 bytes  received 39,619 bytes  21,062,384.92 bytes/sec
total size is 136,685,075  speedup is 1.00
Copying project files... done.
Normalized 0 Omni shared-input links in 0.001s.
Ensured empty directories exist: wepp/runs and wepp/output.

rsync successful. Setting wd in .nodbs...

  /wc1/runs/th/thinning-soil-validation-20260925/ash.nodb
  /wc1/runs/th/thinning-soil-validation-20260925/ashpost.nodb
  /wc1/runs/th/thinning-soil-validation-20260925/climate.nodb
  /wc1/runs/th/thinning-soil-validation-20260925/debris_flow.nodb
  /wc1/runs/th/thinning-soil-validation-20260925/disturbed.nodb
  /wc1/runs/th/thinning-soil-validation-20260925/landuse.nodb
  /wc1/runs/th/thinning-soil-validation-20260925/observed.nodb
  /wc1/runs/th/thinning-soil-validation-20260925/ron.nodb
  /wc1/runs/th/thinning-soil-validation-20260925/soils.nodb
  /wc1/runs/th/thinning-soil-validation-20260925/unitizer.nodb
  /wc1/runs/th/thinning-soil-validation-20260925/watershed.nodb
  /wc1/runs/th/thinning-soil-validation-20260925/wepp.nodb
Setting wd in .nodbs... done.

Normalized grouped-run identity in 0 root .nodb files.

Cleanup locks, READONLY, PUBLIC...

Cleanup locks, READONLY, PUBLIC... done.

Waiting for forked .nodb files to settle...

Forked .nodb files ready.

Clearing WEPP reports cache...

Clearing WEPP reports cache... done.

Clearing export directory...

Clearing export directory... done.

Undisturbifying Project...

2026-09-25 15:47:39 [INFO] wepppy.run.thinning-soil-validation-20260925.ron: ron.scenario -> Undisturbed
Removing SBS...

2026-09-25 15:47:43 [INFO] wepppy.run.thinning-soil-validation-20260925.disturbed: disturbed.remove_sbs()
Removing SBS... done.

Rebuilding Landuse...

2026-09-25 15:47:43 [INFO] wepppy.run.thinning-soil-validation-20260925.landuse: Building landuse
2026-09-25 15:47:47 [INFO] wepppy.run.thinning-soil-validation-20260925.landuse: Building landcover grid from NLCD raster using wepppyo3 identify_mode_single_raster_key
2026-09-25 15:47:48 [INFO] wepppy.run.thinning-soil-validation-20260925.landuse: Prepared multi-OFE landuse assignments for 455 hillslopes (1065 OFE segments)
2026-09-25 15:47:48 [INFO] wepppy.run.thinning-soil-validation-20260925.landuse:   Submitting MOFE management synthesis tasks to ProcessPoolExecutor
2026-09-25 15:47:53 [INFO] wepppy.run.thinning-soil-validation-20260925.landuse:   Waiting on MOFE management synthesis tasks (pending=4, 5.0s since last completion).
2026-09-25 15:47:58 [INFO] wepppy.run.thinning-soil-validation-20260925.landuse:   (1/455) Completed MOFE management synthesis for 22 in 0.003s
2026-09-25 15:47:58 [INFO] wepppy.run.thinning-soil-validation-20260925.landuse:   (2/455) Completed MOFE management synthesis for 23 in 0.003s
2026-09-25 15:47:58 [INFO] wepppy.run.thinning-soil-validation-20260925.landuse:   (3/455) Completed MOFE management synthesis for 31 in 0.009s
2026-09-25 15:47:58 [INFO] wepppy.run.thinning-soil-validation-20260925.landuse:   (4/455) Completed MOFE management synthesis for 42 in 0.002s
2026-09-25 15:47:58 [INFO] wepppy.run.thinning-soil-validation-20260925.landuse:   (5/455) Completed MOFE management synthesis for 43 in 0.003s
2026-09-25 15:47:58 [INFO] wepppy.run.thinning-soil-validation-20260925.landuse:   (6/455) Completed MOFE management synthesis for 52 in 0.002s
2026-09-25 15:47:58 [INFO] wepppy.run.thinning-soil-validation-20260925.landuse:   (7/455) Completed MOFE management synthesis for 53 in 0.005s
2026-09-25 15:47:58 [INFO] wepppy.run.thinning-soil-validation-20260925.landuse:   (8/455) Completed MOFE management synthesis for 62 in 0.007s
2026-09-25 15:47:58 [INFO] wepppy.run.thinning-soil-validation-20260925.landuse:   (9/455) Completed MOFE management synthesis for 63 in 0.003s
2026-09-25 15:47:58 [INFO] wepppy.run.thinning-soil-validation-20260925.landuse:   (10/455) Completed MOFE management synthesis for 71 in 0.008s
2026-09-25 15:47:58 [INFO] wepppy.run.thinning-soil-validation-20260925.landuse:   (11/455) Completed MOFE management synthesis for 72 in 0.006s
2026-09-25 15:47:58 [INFO] wepppy.run.thinning-soil-validation-20260925.landuse:   (12/455) Completed MOFE management synthesis for 92 in 0.004s
2026-09-25 15:47:58 [INFO] wepppy.run.thinning-soil-validation-20260925.landuse:   (13/455) Completed MOFE management synthesis for 93 in 0.002s
2026-09-25 15:47:58 [INFO] wepppy.run.thinning-soil-validation-20260925.landuse:   (14/455) Completed MOFE management synthesis for 101 in 0.008s
2026-09-25 15:47:58 [INFO] wepppy.run.thinning-soil-validation-20260925.landuse:   (15/455) Completed MOFE management synthesis for 102 in 0.003s
2026-09-25 15:47:58 [INFO] wepppy.run.thinning-soil-validation-20260925.landuse:   (16/455) Completed MOFE management synthesis for 103 in 0.002s
2026-09-25 15:47:58 [INFO] wepppy.run.thinning-soil-validation-20260925.landuse:   (17/455) Completed MOFE management synthesis for 111 in 0.009s
2026-09-25 15:47:58 [INFO] wepppy.run.thinning-soil-validation-20260925.landuse:   (18/455) Completed MOFE management synthesis for 112 in 0.002s
2026-09-25 15:47:58 [INFO] wepppy.run.thinning-soil-validation-20260925.landuse:   (19/455) Completed MOFE management synthesis for 113 in 0.002s
2026-09-25 15:47:58 [INFO] wepppy.run.thinning-soil-validation-20260925.landuse:   (20/455) Completed MOFE management synthesis for 121 in 0.008s
2026-09-25 15:47:58 [INFO] wepppy.run.thinning-soil-validation-20260925.landuse:   (21/455) Completed MOFE management synthesis for 122 in 0.006s
2026-09-25 15:47:58 [INFO] wepppy.run.thinning-soil-validation-20260925.landuse:   (22/455) Completed MOFE management synthesis for 123 in 0.002s
2026-09-25 15:47:58 [INFO] wepppy.run.thinning-soil-validation-20260925.landuse:   (23/455) Completed MOFE management synthesis for 132 in 0.009s
2026-09-25 15:47:58 [INFO] wepppy.run.thinning-soil-validation-20260925.landuse:   (24/455) Completed MOFE management synthesis for 133 in 0.002s
2026-09-25 15:47:58 [INFO] wepppy.run.thinning-soil-validation-20260925.landuse:   (25/455) Completed MOFE management synthesis for 142 in 0.007s
2026-09-25 15:47:58 [INFO] wepppy.run.thinning-soil-validation-20260925.landuse:   (26/455) Completed MOFE management synthesis for 143 in 0.002s
2026-09-25 15:47:58 [INFO] wepppy.run.thinning-soil-validation-20260925.landuse:   (27/455) Completed MOFE management synthesis for 151 in 0.008s
2026-09-25 15:47:58 [INFO] wepppy.run.thinning-soil-validation-20260925.landuse:   (28/455) Completed MOFE management synthesis for 152 in 0.005s
2026-09-25 15:47:58 [INFO] wepppy.run.thinning-soil-validation-20260925.landuse:   (29/455) Completed MOFE management synthesis for 153 in 0.002s
2026-09-25 15:47:58 [INFO] wepppy.run.thinning-soil-validation-20260925.landuse:   (30/455) Completed MOFE management synthesis for 161 in 0.008s
2026-09-25 15:47:58 [INFO] wepppy.run.thinning-soil-validation-20260925.landuse:   (31/455) Completed MOFE management synthesis for 163 in 0.002s
2026-09-25 15:47:58 [INFO] wepppy.run.thinning-soil-validation-20260925.landuse:   (32/455) Completed MOFE management synthesis for 172 in 0.003s
2026-09-25 15:47:58 [INFO] wepppy.run.thinning-soil-validation-20260925.landuse:   (33/455) Completed MOFE management synthesis for 173 in 0.002s
2026-09-25 15:47:58 [INFO] wepppy.run.thinning-soil-validation-20260925.landuse:   (34/455) Completed MOFE management synthesis for 182 in 0.003s
2026-09-25 15:47:58 [INFO] wepppy.run.thinning-soil-validation-20260925.landuse:   (35/455) Completed MOFE management synthesis for 183 in 0.005s
2026-09-25 15:47:58 [INFO] wepppy.run.thinning-soil-validation-20260925.landuse:   (36/455) Completed MOFE management synthesis for 191 in 0.008s
2026-09-25 15:47:58 [INFO] wepppy.run.thinning-soil-validation-20260925.landuse:   (37/455) Completed MOFE management synthesis for 192 in 0.002s
2026-09-25 15:47:58 [INFO] wepppy.run.thinning-soil-validation-20260925.landuse:   (38/455) Completed MOFE management synthesis for 193 in 0.003s
2026-09-25 15:47:58 [INFO] wepppy.run.thinning-soil-validation-20260925.landuse:   (39/455) Completed MOFE management synthesis for 212 in 0.005s
2026-09-25 15:47:58 [INFO] wepppy.run.thinning-soil-validation-20260925.landuse:   (40/455) Completed MOFE management synthesis for 213 in 0.003s
2026-09-25 15:47:58 [INFO] wepppy.run.thinning-soil-validation-20260925.landuse:   (41/455) Completed MOFE management synthesis for 221 in 0.007s
2026-09-25 15:47:58 [INFO] wepppy.run.thinning-soil-validation-20260925.landuse:   (42/455) Completed MOFE management synthesis for 222 in 0.002s
2026-09-25 15:47:58 [INFO] wepppy.run.thinning-soil-validation-20260925.landuse:   (43/455) Completed MOFE management synthesis for 223 in 0.004s
2026-09-25 15:47:58 [INFO] wepppy.run.thinning-soil-validation-20260925.landuse:   (44/455) Completed MOFE management synthesis for 231 in 0.007s
2026-09-25 15:47:58 [INFO] wepppy.run.thinning-soil-validation-20260925.landuse:   (45/455) Completed MOFE management synthesis for 232 in 0.001s
2026-09-25 15:47:58 [INFO] wepppy.run.thinning-soil-validation-20260925.landuse:   (46/455) Completed MOFE management synthesis for 233 in 0.004s
2026-09-25 15:47:58 [INFO] wepppy.run.thinning-soil-validation-20260925.landuse:   (47/455) Completed MOFE management synthesis for 243 in 0.002s
2026-09-25 15:47:58 [INFO] wepppy.run.thinning-soil-validation-20260925.landuse:   (48/455) Completed MOFE management synthesis for 251 in 0.007s
2026-09-25 15:47:58 [INFO] wepppy.run.thinning-soil-validation-20260925.landuse:   (49/455) Completed MOFE management synthesis for 252 in 0.002s
2026-09-25 15:47:58 [INFO] wepppy.run.thinning-soil-validation-20260925.landuse:   (50/455) Completed MOFE management synthesis for 253 in 0.002s
2026-09-25 15:47:58 [INFO] wepppy.run.thinning-soil-validation-20260925.landuse:   (51/455) Completed MOFE management synthesis for 262 in 0.001s
2026-09-25 15:47:58 [INFO] wepppy.run.thinning-soil-validation-20260925.landuse:   (52/455) Completed MOFE management synthesis for 263 in 0.002s
2026-09-25 15:47:58 [INFO] wepppy.run.thinning-soil-validation-20260925.landuse:   (53/455) Completed MOFE management synthesis for 273 in 0.006s
2026-09-25 15:47:58 [INFO] wepppy.run.thinning-soil-validation-20260925.landuse:   (54/455) Completed MOFE management synthesis for 281 in 0.008s
2026-09-25 15:47:58 [INFO] wepppy.run.thinning-soil-validation-20260925.landuse:   (55/455) Completed MOFE management synthesis for 282 in 0.002s
2026-09-25 15:47:58 [INFO] wepppy.run.thinning-soil-validation-20260925.landuse:   (56/455) Completed MOFE management synthesis for 291 in 0.008s
2026-09-25 15:47:58 [INFO] wepppy.run.thinning-soil-validation-20260925.landuse:   (57/455) Completed MOFE management synthesis for 292 in 0.005s
2026-09-25 15:47:58 [INFO] wepppy.run.thinning-soil-validation-20260925.landuse:   (58/455) Completed MOFE management synthesis for 293 in 0.003s
2026-09-25 15:47:58 [INFO] wepppy.run.thinning-soil-validation-20260925.landuse:   (59/455) Completed MOFE management synthesis for 302 in 0.002s
2026-09-25 15:47:58 [INFO] wepppy.run.thinning-soil-validation-20260925.landuse:   (60/455) Completed MOFE management synthesis for 303 in 0.002s
2026-09-25 15:47:58 [INFO] wepppy.run.thinning-soil-validation-20260925.landuse:   (61/455) Completed MOFE management synthesis for 311 in 0.008s
2026-09-25 15:47:58 [INFO] wepppy.run.thinning-soil-validation-20260925.landuse:   (62/455) Completed MOFE management synthesis for 312 in 0.002s
2026-09-25 15:47:58 [INFO] wepppy.run.thinning-soil-validation-20260925.landuse:   (63/455) Completed MOFE management synthesis for 313 in 0.002s
2026-09-25 15:47:58 [INFO] wepppy.run.thinning-soil-validation-20260925.landuse:   (64/455) Completed MOFE management synthesis for 321 in 0.005s
2026-09-25 15:47:58 [INFO] wepppy.run.thinning-soil-validation-20260925.landuse:   (65/455) Completed MOFE management synthesis for 322 in 0.002s
2026-09-25 15:47:58 [INFO] wepppy.run.thinning-soil-validation-20260925.landuse:   (66/455) Completed MOFE management synthesis for 323 in 0.002s
2026-09-25 15:47:58 [INFO] wepppy.run.thinning-soil-validation-20260925.landuse:   (67/455) Completed MOFE management synthesis for 331 in 0.007s
2026-09-25 15:47:58 [INFO] wepppy.run.thinning-soil-validation-20260925.landuse:   (68/455) Completed MOFE management synthesis for 332 in 0.001s
2026-09-25 15:47:58 [INFO] wepppy.run.thinning-soil-validation-20260925.landuse:   (69/455) Completed MOFE management synthesis for 333 in 0.002s
2026-09-25 15:47:58 [INFO] wepppy.run.thinning-soil-validation-20260925.landuse:   (70/455) Completed MOFE management synthesis for 342 in 0.002s
2026-09-25 15:47:58 [INFO] wepppy.run.thinning-soil-validation-20260925.landuse:   (71/455) Completed MOFE management synthesis for 343 in 0.001s
2026-09-25 15:47:58 [INFO] wepppy.run.thinning-soil-validation-20260925.landuse:   (72/455) Completed MOFE management synthesis for 352 in 0.002s
2026-09-25 15:47:58 [INFO] wepppy.run.thinning-soil-validation-20260925.landuse:   (73/455) Completed MOFE management synthesis for 353 in 0.001s
2026-09-25 15:47:58 [INFO] wepppy.run.thinning-soil-validation-20260925.landuse:   (74/455) Completed MOFE management synthesis for 361 in 0.006s
2026-09-25 15:47:58 [INFO] wepppy.run.thinning-soil-validation-20260925.landuse:   (75/455) Completed MOFE management synthesis for 362 in 0.004s
2026-09-25 15:47:58 [INFO] wepppy.run.thinning-soil-validation-20260925.landuse:   (76/455) Completed MOFE management synthesis for 363 in 0.004s
2026-09-25 15:47:58 [INFO] wepppy.run.thinning-soil-validation-20260925.landuse:   (77/455) Completed MOFE management synthesis for 372 in 0.007s
2026-09-25 15:47:58 [INFO] wepppy.run.thinning-soil-validation-20260925.landuse:   (78/455) Completed MOFE management synthesis for 373 in 0.002s
2026-09-25 15:47:58 [INFO] wepppy.run.thinning-soil-validation-20260925.landuse:   (79/455) Completed MOFE management synthesis for 383 in 0.004s
2026-09-25 15:47:58 [INFO] wepppy.run.thinning-soil-validation-20260925.landuse:   (80/455) Completed MOFE management synthesis for 391 in 0.008s
2026-09-25 15:47:58 [INFO] wepppy.run.thinning-soil-validation-20260925.landuse:   (81/455) Completed MOFE management synthesis for 392 in 0.002s
2026-09-25 15:47:58 [INFO] wepppy.run.thinning-soil-validation-20260925.landuse:   (82/455) Completed MOFE management synthesis for 393 in 0.002s
2026-09-25 15:47:58 [INFO] wepppy.run.thinning-soil-validation-20260925.landuse:   (83/455) Completed MOFE management synthesis for 402 in 0.008s
2026-09-25 15:47:58 [INFO] wepppy.run.thinning-soil-validation-20260925.landuse:   (84/455) Completed MOFE management synthesis for 403 in 0.008s
2026-09-25 15:47:58 [INFO] wepppy.run.thinning-soil-validation-20260925.landuse:   (85/455) Completed MOFE management synthesis for 412 in 0.002s
2026-09-25 15:47:58 [INFO] wepppy.run.thinning-soil-validation-20260925.landuse:   (86/455) Completed MOFE management synthesis for 413 in 0.002s
2026-09-25 15:47:58 [INFO] wepppy.run.thinning-soil-validation-20260925.landuse:   (87/455) Completed MOFE management synthesis for 421 in 0.007s
2026-09-25 15:47:58 [INFO] wepppy.run.thinning-soil-validation-20260925.landuse:   (88/455) Completed MOFE management synthesis for 422 in 0.004s
2026-09-25 15:47:58 [INFO] wepppy.run.thinning-soil-validation-20260925.landuse:   (89/455) Completed MOFE management synthesis for 423 in 0.002s
2026-09-25 15:47:58 [INFO] wepppy.run.thinning-soil-validation-20260925.landuse:   (90/455) Completed MOFE management synthesis for 431 in 0.008s
2026-09-25 15:47:58 [INFO] wepppy.run.thinning-soil-validation-20260925.landuse:   (91/455) Completed MOFE management synthesis for 432 in 0.002s
2026-09-25 15:47:58 [INFO] wepppy.run.thinning-soil-validation-20260925.landuse:   (92/455) Completed MOFE management synthesis for 433 in 0.002s
2026-09-25 15:47:58 [INFO] wepppy.run.thinning-soil-validation-20260925.landuse:   (93/455) Completed MOFE management synthesis for 442 in 0.006s
2026-09-25 15:47:58 [INFO] wepppy.run.thinning-soil-validation-20260925.landuse:   (94/455) Completed MOFE management synthesis for 443 in 0.005s
2026-09-25 15:47:58 [INFO] wepppy.run.thinning-soil-validation-20260925.landuse:   (95/455) Completed MOFE management synthesis for 451 in 0.008s
2026-09-25 15:47:58 [INFO] wepppy.run.thinning-soil-validation-20260925.landuse:   (96/455) Completed MOFE management synthesis for 452 in 0.002s
2026-09-25 15:47:58 [INFO] wepppy.run.thinning-soil-validation-20260925.landuse:   (97/455) Completed MOFE management synthesis for 453 in 0.002s
2026-09-25 15:47:58 [INFO] wepppy.run.thinning-soil-validation-20260925.landuse:   (98/455) Completed MOFE management synthesis for 461 in 0.007s
2026-09-25 15:47:58 [INFO] wepppy.run.thinning-soil-validation-20260925.landuse:   (99/455) Completed MOFE management synthesis for 463 in 0.002s
2026-09-25 15:47:58 [INFO] wepppy.run.thinning-soil-validation-20260925.landuse:   (100/455) Completed MOFE management synthesis for 482 in 0.005s
2026-09-25 15:47:58 [INFO] wepppy.run.thinning-soil-validation-20260925.landuse:   (101/455) Completed MOFE management synthesis for 483 in 0.003s
2026-09-25 15:47:58 [INFO] wepppy.run.thinning-soil-validation-20260925.landuse:   (102/455) Completed MOFE management synthesis for 492 in 0.002s
2026-09-25 15:47:58 [INFO] wepppy.run.thinning-soil-validation-20260925.landuse:   (103/455) Completed MOFE management synthesis for 493 in 0.002s
2026-09-25 15:47:58 [INFO] wepppy.run.thinning-soil-validation-20260925.landuse:   (104/455) Completed MOFE management synthesis for 502 in 0.003s
2026-09-25 15:47:58 [INFO] wepppy.run.thinning-soil-validation-20260925.landuse:   (105/455) Completed MOFE management synthesis for 503 in 0.002s
2026-09-25 15:47:58 [INFO] wepppy.run.thinning-soil-validation-20260925.landuse:   (106/455) Completed MOFE management synthesis for 512 in 0.002s
2026-09-25 15:47:58 [INFO] wepppy.run.thinning-soil-validation-20260925.landuse:   (107/455) Completed MOFE management synthesis for 513 in 0.002s
2026-09-25 15:47:58 [INFO] wepppy.run.thinning-soil-validation-20260925.landuse:   (108/455) Completed MOFE management synthesis for 522 in 0.005s
2026-09-25 15:47:58 [INFO] wepppy.run.thinning-soil-validation-20260925.landuse:   (109/455) Completed MOFE management synthesis for 523 in 0.004s
2026-09-25 15:47:58 [INFO] wepppy.run.thinning-soil-validation-20260925.landuse:   (110/455) Completed MOFE management synthesis for 533 in 0.002s
2026-09-25 15:47:58 [INFO] wepppy.run.thinning-soil-validation-20260925.landuse:   (111/455) Completed MOFE management synthesis for 541 in 0.008s
2026-09-25 15:47:58 [INFO] wepppy.run.thinning-soil-validation-20260925.landuse:   (112/455) Completed MOFE management synthesis for 542 in 0.002s
2026-09-25 15:47:58 [INFO] wepppy.run.thinning-soil-validation-20260925.landuse:   (113/455) Completed MOFE management synthesis for 543 in 0.002s
2026-09-25 15:47:58 [INFO] wepppy.run.thinning-soil-validation-20260925.landuse:   (114/455) Completed MOFE management synthesis for 551 in 0.008s
2026-09-25 15:47:59 [INFO] wepppy.run.thinning-soil-validation-20260925.landuse:   (115/455) Completed MOFE management synthesis for 561 in 0.007s
2026-09-25 15:47:59 [INFO] wepppy.run.thinning-soil-validation-20260925.landuse:   (116/455) Completed MOFE management synthesis for 562 in 0.002s
2026-09-25 15:47:59 [INFO] wepppy.run.thinning-soil-validation-20260925.landuse:   (117/455) Completed MOFE management synthesis for 563 in 0.004s
2026-09-25 15:47:59 [INFO] wepppy.run.thinning-soil-validation-20260925.landuse:   (118/455) Completed MOFE management synthesis for 571 in 0.008s
2026-09-25 15:47:59 [INFO] wepppy.run.thinning-soil-validation-20260925.landuse:   (119/455) Completed MOFE management synthesis for 572 in 0.006s
2026-09-25 15:47:59 [INFO] wepppy.run.thinning-soil-validation-20260925.landuse:   (120/455) Completed MOFE management synthesis for 573 in 0.002s
2026-09-25 15:47:59 [INFO] wepppy.run.thinning-soil-validation-20260925.landuse:   (121/455) Completed MOFE management synthesis for 581 in 0.007s
2026-09-25 15:47:59 [INFO] wepppy.run.thinning-soil-validation-20260925.landuse:   (122/455) Completed MOFE management synthesis for 592 in 0.004s
2026-09-25 15:47:59 [INFO] wepppy.run.thinning-soil-validation-20260925.landuse:   (123/455) Completed MOFE management synthesis for 593 in 0.004s
2026-09-25 15:47:59 [INFO] wepppy.run.thinning-soil-validation-20260925.landuse:   (124/455) Completed MOFE management synthesis for 602 in 0.003s
2026-09-25 15:47:59 [INFO] wepppy.run.thinning-soil-validation-20260925.landuse:   (125/455) Completed MOFE management synthesis for 603 in 0.002s
2026-09-25 15:47:59 [INFO] wepppy.run.thinning-soil-validation-20260925.landuse:   (126/455) Completed MOFE management synthesis for 611 in 0.008s
2026-09-25 15:47:59 [INFO] wepppy.run.thinning-soil-validation-20260925.landuse:   (127/455) Completed MOFE management synthesis for 612 in 0.003s
2026-09-25 15:47:59 [INFO] wepppy.run.thinning-soil-validation-20260925.landuse:   (128/455) Completed MOFE management synthesis for 613 in 0.002s
2026-09-25 15:47:59 [INFO] wepppy.run.thinning-soil-validation-20260925.landuse:   (129/455) Completed MOFE management synthesis for 621 in 0.008s
2026-09-25 15:47:59 [INFO] wepppy.run.thinning-soil-validation-20260925.landuse:   (130/455) Completed MOFE management synthesis for 622 in 0.002s
2026-09-25 15:47:59 [INFO] wepppy.run.thinning-soil-validation-20260925.landuse:   (131/455) Completed MOFE management synthesis for 632 in 0.002s
2026-09-25 15:47:59 [INFO] wepppy.run.thinning-soil-validation-20260925.landuse:   (132/455) Completed MOFE management synthesis for 633 in 0.002s
2026-09-25 15:47:59 [INFO] wepppy.run.thinning-soil-validation-20260925.landuse:   (133/455) Completed MOFE management synthesis for 641 in 0.007s
2026-09-25 15:47:59 [INFO] wepppy.run.thinning-soil-validation-20260925.landuse:   (134/455) Completed MOFE management synthesis for 642 in 0.002s
2026-09-25 15:47:59 [INFO] wepppy.run.thinning-soil-validation-20260925.landuse:   (135/455) Completed MOFE management synthesis for 643 in 0.003s
2026-09-25 15:47:59 [INFO] wepppy.run.thinning-soil-validation-20260925.landuse:   (136/455) Completed MOFE management synthesis for 651 in 0.011s
2026-09-25 15:47:59 [INFO] wepppy.run.thinning-soil-validation-20260925.landuse:   (137/455) Completed MOFE management synthesis for 652 in 0.002s
2026-09-25 15:47:59 [INFO] wepppy.run.thinning-soil-validation-20260925.landuse:   (138/455) Completed MOFE management synthesis for 653 in 0.004s
2026-09-25 15:47:59 [INFO] wepppy.run.thinning-soil-validation-20260925.landuse:   (139/455) Completed MOFE management synthesis for 661 in 0.005s
2026-09-25 15:47:59 [INFO] wepppy.run.thinning-soil-validation-20260925.landuse:   (140/455) Completed MOFE management synthesis for 662 in 0.002s
2026-09-25 15:47:59 [INFO] wepppy.run.thinning-soil-validation-20260925.landuse:   (141/455) Completed MOFE management synthesis for 663 in 0.002s
2026-09-25 15:47:59 [INFO] wepppy.run.thinning-soil-validation-20260925.landuse:   (142/455) Completed MOFE management synthesis for 671 in 0.008s
2026-09-25 15:47:59 [INFO] wepppy.run.thinning-soil-validation-20260925.landuse:   (143/455) Completed MOFE management synthesis for 682 in 0.004s
2026-09-25 15:47:59 [INFO] wepppy.run.thinning-soil-validation-20260925.landuse:   (144/455) Completed MOFE management synthesis for 683 in 0.005s
2026-09-25 15:47:59 [INFO] wepppy.run.thinning-soil-validation-20260925.landuse:   (145/455) Completed MOFE management synthesis for 691 in 0.007s
2026-09-25 15:47:59 [INFO] wepppy.run.thinning-soil-validation-20260925.landuse:   (146/455) Completed MOFE management synthesis for 693 in 0.002s
2026-09-25 15:47:59 [INFO] wepppy.run.thinning-soil-validation-20260925.landuse:   (147/455) Completed MOFE management synthesis for 702 in 0.004s
2026-09-25 15:47:59 [INFO] wepppy.run.thinning-soil-validation-20260925.landuse:   (148/455) Completed MOFE management synthesis for 703 in 0.004s
2026-09-25 15:47:59 [INFO] wepppy.run.thinning-soil-validation-20260925.landuse:   (149/455) Completed MOFE management synthesis for 711 in 0.007s
2026-09-25 15:47:59 [INFO] wepppy.run.thinning-soil-validation-20260925.landuse:   (150/455) Completed MOFE management synthesis for 712 in 0.002s
2026-09-25 15:47:59 [INFO] wepppy.run.thinning-soil-validation-20260925.landuse:   (151/455) Completed MOFE management synthesis for 713 in 0.004s
2026-09-25 15:47:59 [INFO] wepppy.run.thinning-soil-validation-20260925.landuse:   (152/455) Completed MOFE management synthesis for 722 in 0.001s
2026-09-25 15:47:59 [INFO] wepppy.run.thinning-soil-validation-20260925.landuse:   (153/455) Completed MOFE management synthesis for 723 in 0.001s
2026-09-25 15:47:59 [INFO] wepppy.run.thinning-soil-validation-20260925.landuse:   (154/455) Completed MOFE management synthesis for 732 in 0.005s
2026-09-25 15:47:59 [INFO] wepppy.run.thinning-soil-validation-20260925.landuse:   (155/455) Completed MOFE management synthesis for 733 in 0.004s
2026-09-25 15:47:59 [INFO] wepppy.run.thinning-soil-validation-20260925.landuse:   (156/455) Completed MOFE management synthesis for 741 in 0.007s
2026-09-25 15:47:59 [INFO] wepppy.run.thinning-soil-validation-20260925.landuse:   (157/455) Completed MOFE management synthesis for 742 in 0.001s
2026-09-25 15:47:59 [INFO] wepppy.run.thinning-soil-validation-20260925.landuse:   (158/455) Completed MOFE management synthesis for 743 in 0.001s
2026-09-25 15:47:59 [INFO] wepppy.run.thinning-soil-validation-20260925.landuse:   (159/455) Completed MOFE management synthesis for 752 in 0.001s
2026-09-25 15:47:59 [INFO] wepppy.run.thinning-soil-validation-20260925.landuse:   (160/455) Completed MOFE management synthesis for 753 in 0.003s
2026-09-25 15:47:59 [INFO] wepppy.run.thinning-soil-validation-20260925.landuse:   (161/455) Completed MOFE management synthesis for 761 in 0.007s
2026-09-25 15:47:59 [INFO] wepppy.run.thinning-soil-validation-20260925.landuse:   (162/455) Completed MOFE management synthesis for 762 in 0.001s
2026-09-25 15:47:59 [INFO] wepppy.run.thinning-soil-validation-20260925.landuse:   (163/455) Completed MOFE management synthesis for 763 in 0.006s
2026-09-25 15:47:59 [INFO] wepppy.run.thinning-soil-validation-20260925.landuse:   (164/455) Completed MOFE management synthesis for 771 in 0.007s
2026-09-25 15:47:59 [INFO] wepppy.run.thinning-soil-validation-20260925.landuse:   (165/455) Completed MOFE management synthesis for 772 in 0.006s
2026-09-25 15:47:59 [INFO] wepppy.run.thinning-soil-validation-20260925.landuse:   (166/455) Completed MOFE management synthesis for 773 in 0.001s
2026-09-25 15:47:59 [INFO] wepppy.run.thinning-soil-validation-20260925.landuse:   (167/455) Completed MOFE management synthesis for 782 in 0.001s
2026-09-25 15:47:59 [INFO] wepppy.run.thinning-soil-validation-20260925.landuse:   (168/455) Completed MOFE management synthesis for 783 in 0.001s
2026-09-25 15:47:59 [INFO] wepppy.run.thinning-soil-validation-20260925.landuse:   (169/455) Completed MOFE management synthesis for 792 in 0.01s
2026-09-25 15:47:59 [INFO] wepppy.run.thinning-soil-validation-20260925.landuse:   (170/455) Completed MOFE management synthesis for 793 in 0.008s
2026-09-25 15:47:59 [INFO] wepppy.run.thinning-soil-validation-20260925.landuse:   (171/455) Completed MOFE management synthesis for 802 in 0.004s
2026-09-25 15:47:59 [INFO] wepppy.run.thinning-soil-validation-20260925.landuse:   (172/455) Completed MOFE management synthesis for 803 in 0.002s
2026-09-25 15:47:59 [INFO] wepppy.run.thinning-soil-validation-20260925.landuse:   (173/455) Completed MOFE management synthesis for 812 in 0.003s
2026-09-25 15:47:59 [INFO] wepppy.run.thinning-soil-validation-20260925.landuse:   (174/455) Completed MOFE management synthesis for 813 in 0.002s
2026-09-25 15:47:59 [INFO] wepppy.run.thinning-soil-validation-20260925.landuse:   (175/455) Completed MOFE management synthesis for 821 in 0.007s
2026-09-25 15:47:59 [INFO] wepppy.run.thinning-soil-validation-20260925.landuse:   (176/455) Completed MOFE management synthesis for 822 in 0.002s
2026-09-25 15:47:59 [INFO] wepppy.run.thinning-soil-validation-20260925.landuse:   (177/455) Completed MOFE management synthesis for 823 in 0.004s
2026-09-25 15:47:59 [INFO] wepppy.run.thinning-soil-validation-20260925.landuse:   (178/455) Completed MOFE management synthesis for 832 in 0.002s
2026-09-25 15:47:59 [INFO] wepppy.run.thinning-soil-validation-20260925.landuse:   (179/455) Completed MOFE management synthesis for 833 in 0.005s
2026-09-25 15:47:59 [INFO] wepppy.run.thinning-soil-validation-20260925.landuse:   (180/455) Completed MOFE management synthesis for 841 in 0.008s
2026-09-25 15:47:59 [INFO] wepppy.run.thinning-soil-validation-20260925.landuse:   (181/455) Completed MOFE management synthesis for 842 in 0.002s
2026-09-25 15:47:59 [INFO] wepppy.run.thinning-soil-validation-20260925.landuse:   (182/455) Completed MOFE management synthesis for 843 in 0.004s
2026-09-25 15:47:59 [INFO] wepppy.run.thinning-soil-validation-20260925.landuse:   (183/455) Completed MOFE management synthesis for 852 in 0.006s
2026-09-25 15:47:59 [INFO] wepppy.run.thinning-soil-validation-20260925.landuse:   (184/455) Completed MOFE management synthesis for 853 in 0.005s
2026-09-25 15:47:59 [INFO] wepppy.run.thinning-soil-validation-20260925.landuse:   (185/455) Completed MOFE management synthesis for 861 in 0.008s
2026-09-25 15:47:59 [INFO] wepppy.run.thinning-soil-validation-20260925.landuse:   (186/455) Completed MOFE management synthesis for 862 in 0.008s
2026-09-25 15:47:59 [INFO] wepppy.run.thinning-soil-validation-20260925.landuse:   (187/455) Completed MOFE management synthesis for 863 in 0.002s
2026-09-25 15:47:59 [INFO] wepppy.run.thinning-soil-validation-20260925.landuse:   (188/455) Completed MOFE management synthesis for 871 in 0.008s
2026-09-25 15:47:59 [INFO] wepppy.run.thinning-soil-validation-20260925.landuse:   (189/455) Completed MOFE management synthesis for 872 in 0.002s
2026-09-25 15:47:59 [INFO] wepppy.run.thinning-soil-validation-20260925.landuse:   (190/455) Completed MOFE management synthesis for 873 in 0.002s
2026-09-25 15:47:59 [INFO] wepppy.run.thinning-soil-validation-20260925.landuse:   (191/455) Completed MOFE management synthesis for 882 in 0.004s
2026-09-25 15:47:59 [INFO] wepppy.run.thinning-soil-validation-20260925.landuse:   (192/455) Completed MOFE management synthesis for 891 in 0.007s
2026-09-25 15:47:59 [INFO] wepppy.run.thinning-soil-validation-20260925.landuse:   (193/455) Completed MOFE management synthesis for 893 in 0.004s
2026-09-25 15:47:59 [INFO] wepppy.run.thinning-soil-validation-20260925.landuse:   (194/455) Completed MOFE management synthesis for 903 in 0.002s
2026-09-25 15:47:59 [INFO] wepppy.run.thinning-soil-validation-20260925.landuse:   (195/455) Completed MOFE management synthesis for 911 in 0.007s
2026-09-25 15:47:59 [INFO] wepppy.run.thinning-soil-validation-20260925.landuse:   (196/455) Completed MOFE management synthesis for 912 in 0.004s
2026-09-25 15:47:59 [INFO] wepppy.run.thinning-soil-validation-20260925.landuse:   (197/455) Completed MOFE management synthesis for 913 in 0.004s
2026-09-25 15:47:59 [INFO] wepppy.run.thinning-soil-validation-20260925.landuse:   (198/455) Completed MOFE management synthesis for 923 in 0.002s
2026-09-25 15:47:59 [INFO] wepppy.run.thinning-soil-validation-20260925.landuse:   (199/455) Completed MOFE management synthesis for 931 in 0.01s
2026-09-25 15:47:59 [INFO] wepppy.run.thinning-soil-validation-20260925.landuse:   (200/455) Completed MOFE management synthesis for 932 in 0.008s
2026-09-25 15:47:59 [INFO] wepppy.run.thinning-soil-validation-20260925.landuse:   (201/455) Completed MOFE management synthesis for 941 in 0.005s
2026-09-25 15:47:59 [INFO] wepppy.run.thinning-soil-validation-20260925.landuse:   (202/455) Completed MOFE management synthesis for 942 in 0.002s
2026-09-25 15:47:59 [INFO] wepppy.run.thinning-soil-validation-20260925.landuse:   (203/455) Completed MOFE management synthesis for 943 in 0.002s
2026-09-25 15:47:59 [INFO] wepppy.run.thinning-soil-validation-20260925.landuse:   (204/455) Completed MOFE management synthesis for 951 in 0.007s
2026-09-25 15:47:59 [INFO] wepppy.run.thinning-soil-validation-20260925.landuse:   (205/455) Completed MOFE management synthesis for 961 in 0.006s
2026-09-25 15:47:59 [INFO] wepppy.run.thinning-soil-validation-20260925.landuse:   (206/455) Completed MOFE management synthesis for 962 in 0.004s
2026-09-25 15:47:59 [INFO] wepppy.run.thinning-soil-validation-20260925.landuse:   (207/455) Completed MOFE management synthesis for 963 in 0.002s
2026-09-25 15:47:59 [INFO] wepppy.run.thinning-soil-validation-20260925.landuse:   (208/455) Completed MOFE management synthesis for 971 in 0.007s
2026-09-25 15:47:59 [INFO] wepppy.run.thinning-soil-validation-20260925.landuse:   (209/455) Completed MOFE management synthesis for 983 in 0.006s
2026-09-25 15:47:59 [INFO] wepppy.run.thinning-soil-validation-20260925.landuse:   (210/455) Completed MOFE management synthesis for 992 in 0.001s
2026-09-25 15:47:59 [INFO] wepppy.run.thinning-soil-validation-20260925.landuse:   (211/455) Completed MOFE management synthesis for 993 in 0.001s
2026-09-25 15:47:59 [INFO] wepppy.run.thinning-soil-validation-20260925.landuse:   (212/455) Completed MOFE management synthesis for 1003 in 0.002s
2026-09-25 15:47:59 [INFO] wepppy.run.thinning-soil-validation-20260925.landuse:   (213/455) Completed MOFE management synthesis for 1012 in 0.001s
2026-09-25 15:47:59 [INFO] wepppy.run.thinning-soil-validation-20260925.landuse:   (214/455) Completed MOFE management synthesis for 1013 in 0.002s
2026-09-25 15:47:59 [INFO] wepppy.run.thinning-soil-validation-20260925.landuse:   (215/455) Completed MOFE management synthesis for 1022 in 0.005s
2026-09-25 15:47:59 [INFO] wepppy.run.thinning-soil-validation-20260925.landuse:   (216/455) Completed MOFE management synthesis for 1023 in 0.001s
2026-09-25 15:47:59 [INFO] wepppy.run.thinning-soil-validation-20260925.landuse:   (217/455) Completed MOFE management synthesis for 1031 in 0.007s
2026-09-25 15:47:59 [INFO] wepppy.run.thinning-soil-validation-20260925.landuse:   (218/455) Completed MOFE management synthesis for 1032 in 0.001s
2026-09-25 15:47:59 [INFO] wepppy.run.thinning-soil-validation-20260925.landuse:   (219/455) Completed MOFE management synthesis for 1033 in 0.001s
2026-09-25 15:47:59 [INFO] wepppy.run.thinning-soil-validation-20260925.landuse:   (220/455) Completed MOFE management synthesis for 1041 in 0.007s
2026-09-25 15:47:59 [INFO] wepppy.run.thinning-soil-validation-20260925.landuse:   (221/455) Completed MOFE management synthesis for 1042 in 0.001s
2026-09-25 15:47:59 [INFO] wepppy.run.thinning-soil-validation-20260925.landuse:   (222/455) Completed MOFE management synthesis for 1061 in 0.007s
2026-09-25 15:47:59 [INFO] wepppy.run.thinning-soil-validation-20260925.landuse:   (223/455) Completed MOFE management synthesis for 1062 in 0.001s
2026-09-25 15:47:59 [INFO] wepppy.run.thinning-soil-validation-20260925.landuse:   (224/455) Completed MOFE management synthesis for 1063 in 0.001s
2026-09-25 15:47:59 [INFO] wepppy.run.thinning-soil-validation-20260925.landuse:   (225/455) Completed MOFE management synthesis for 1071 in 0.005s
2026-09-25 15:47:59 [INFO] wepppy.run.thinning-soil-validation-20260925.landuse:   (226/455) Completed MOFE management synthesis for 1083 in 0.001s
2026-09-25 15:47:59 [INFO] wepppy.run.thinning-soil-validation-20260925.landuse:   (227/455) Completed MOFE management synthesis for 1101 in 0.006s
2026-09-25 15:47:59 [INFO] wepppy.run.thinning-soil-validation-20260925.landuse:   (228/455) Completed MOFE management synthesis for 1102 in 0.001s
2026-09-25 15:47:59 [INFO] wepppy.run.thinning-soil-validation-20260925.landuse:   (229/455) Completed MOFE management synthesis for 1103 in 0.002s
2026-09-25 15:47:59 [INFO] wepppy.run.thinning-soil-validation-20260925.landuse:   (230/455) Completed MOFE management synthesis for 1112 in 0.001s
2026-09-25 15:47:59 [INFO] wepppy.run.thinning-soil-validation-20260925.landuse:   (231/455) Completed MOFE management synthesis for 1113 in 0.001s
2026-09-25 15:47:59 [INFO] wepppy.run.thinning-soil-validation-20260925.landuse:   (232/455) Completed MOFE management synthesis for 1121 in 0.007s
2026-09-25 15:47:59 [INFO] wepppy.run.thinning-soil-validation-20260925.landuse:   (233/455) Completed MOFE management synthesis for 1122 in 0.007s
2026-09-25 15:47:59 [INFO] wepppy.run.thinning-soil-validation-20260925.landuse:   (234/455) Completed MOFE management synthesis for 1123 in 0.001s
2026-09-25 15:47:59 [INFO] wepppy.run.thinning-soil-validation-20260925.landuse:   (235/455) Completed MOFE management synthesis for 1131 in 0.007s
2026-09-25 15:47:59 [INFO] wepppy.run.thinning-soil-validation-20260925.landuse:   (236/455) Completed MOFE management synthesis for 1133 in 0.001s
2026-09-25 15:47:59 [INFO] wepppy.run.thinning-soil-validation-20260925.landuse:   (237/455) Completed MOFE management synthesis for 1141 in 0.007s
2026-09-25 15:47:59 [INFO] wepppy.run.thinning-soil-validation-20260925.landuse:   (238/455) Completed MOFE management synthesis for 1142 in 0.001s
2026-09-25 15:47:59 [INFO] wepppy.run.thinning-soil-validation-20260925.landuse:   (239/455) Completed MOFE management synthesis for 1151 in 0.005s
2026-09-25 15:47:59 [INFO] wepppy.run.thinning-soil-validation-20260925.landuse:   (240/455) Completed MOFE management synthesis for 1152 in 0.001s
2026-09-25 15:47:59 [INFO] wepppy.run.thinning-soil-validation-20260925.landuse:   (241/455) Completed MOFE management synthesis for 1153 in 0.004s
2026-09-25 15:47:59 [INFO] wepppy.run.thinning-soil-validation-20260925.landuse:   (242/455) Completed MOFE management synthesis for 1162 in 0.003s
2026-09-25 15:47:59 [INFO] wepppy.run.thinning-soil-validation-20260925.landuse:   (243/455) Completed MOFE management synthesis for 1163 in 0.004s
2026-09-25 15:47:59 [INFO] wepppy.run.thinning-soil-validation-20260925.landuse:   (244/455) Completed MOFE management synthesis for 1172 in 0.005s
2026-09-25 15:47:59 [INFO] wepppy.run.thinning-soil-validation-20260925.landuse:   (245/455) Completed MOFE management synthesis for 1173 in 0.001s
2026-09-25 15:47:59 [INFO] wepppy.run.thinning-soil-validation-20260925.landuse:   (246/455) Completed MOFE management synthesis for 1182 in 0.001s
2026-09-25 15:47:59 [INFO] wepppy.run.thinning-soil-validation-20260925.landuse:   (247/455) Completed MOFE management synthesis for 1192 in 0.003s
2026-09-25 15:47:59 [INFO] wepppy.run.thinning-soil-validation-20260925.landuse:   (248/455) Completed MOFE management synthesis for 1193 in 0.001s
2026-09-25 15:47:59 [INFO] wepppy.run.thinning-soil-validation-20260925.landuse:   (249/455) Completed MOFE management synthesis for 1202 in 0.001s
2026-09-25 15:47:59 [INFO] wepppy.run.thinning-soil-validation-20260925.landuse:   (250/455) Completed MOFE management synthesis for 1203 in 0.001s
2026-09-25 15:47:59 [INFO] wepppy.run.thinning-soil-validation-20260925.landuse:   (251/455) Completed MOFE management synthesis for 1211 in 0.007s
2026-09-25 15:47:59 [INFO] wepppy.run.thinning-soil-validation-20260925.landuse:   (252/455) Completed MOFE management synthesis for 1212 in 0.001s
2026-09-25 15:47:59 [INFO] wepppy.run.thinning-soil-validation-20260925.landuse:   (253/455) Completed MOFE management synthesis for 1213 in 0.003s
2026-09-25 15:47:59 [INFO] wepppy.run.thinning-soil-validation-20260925.landuse:   (254/455) Completed MOFE management synthesis for 1221 in 0.008s
2026-09-25 15:47:59 [INFO] wepppy.run.thinning-soil-validation-20260925.landuse:   (255/455) Completed MOFE management synthesis for 1222 in 0.001s
2026-09-25 15:47:59 [INFO] wepppy.run.thinning-soil-validation-20260925.landuse:   (256/455) Completed MOFE management synthesis for 1223 in 0.004s
2026-09-25 15:47:59 [INFO] wepppy.run.thinning-soil-validation-20260925.landuse:   (257/455) Completed MOFE management synthesis for 1232 in 0.004s
2026-09-25 15:47:59 [INFO] wepppy.run.thinning-soil-validation-20260925.landuse:   (258/455) Completed MOFE management synthesis for 1233 in 0.004s
2026-09-25 15:47:59 [INFO] wepppy.run.thinning-soil-validation-20260925.landuse:   (259/455) Completed MOFE management synthesis for 1241 in 0.007s
2026-09-25 15:47:59 [INFO] wepppy.run.thinning-soil-validation-20260925.landuse:   (260/455) Completed MOFE management synthesis for 1242 in 0.002s
2026-09-25 15:47:59 [INFO] wepppy.run.thinning-soil-validation-20260925.landuse:   (261/455) Completed MOFE management synthesis for 1243 in 0.002s
2026-09-25 15:47:59 [INFO] wepppy.run.thinning-soil-validation-20260925.landuse:   (262/455) Completed MOFE management synthesis for 1251 in 0.008s
2026-09-25 15:47:59 [INFO] wepppy.run.thinning-soil-validation-20260925.landuse:   (263/455) Completed MOFE management synthesis for 1252 in 0.002s
2026-09-25 15:47:59 [INFO] wepppy.run.thinning-soil-validation-20260925.landuse:   (264/455) Completed MOFE management synthesis for 1253 in 0.002s
2026-09-25 15:47:59 [INFO] wepppy.run.thinning-soil-validation-20260925.landuse:   (265/455) Completed MOFE management synthesis for 1262 in 0.002s
2026-09-25 15:47:59 [INFO] wepppy.run.thinning-soil-validation-20260925.landuse:   (266/455) Completed MOFE management synthesis for 1263 in 0.002s
2026-09-25 15:47:59 [INFO] wepppy.run.thinning-soil-validation-20260925.landuse:   (267/455) Completed MOFE management synthesis for 1281 in 0.008s
2026-09-25 15:47:59 [INFO] wepppy.run.thinning-soil-validation-20260925.landuse:   (268/455) Completed MOFE management synthesis for 1282 in 0.002s
2026-09-25 15:47:59 [INFO] wepppy.run.thinning-soil-validation-20260925.landuse:   (269/455) Completed MOFE management synthesis for 1283 in 0.002s
2026-09-25 15:47:59 [INFO] wepppy.run.thinning-soil-validation-20260925.landuse:   (270/455) Completed MOFE management synthesis for 1292 in 0.008s
2026-09-25 15:47:59 [INFO] wepppy.run.thinning-soil-validation-20260925.landuse:   (271/455) Completed MOFE management synthesis for 1293 in 0.006s
2026-09-25 15:47:59 [INFO] wepppy.run.thinning-soil-validation-20260925.landuse:   (272/455) Completed MOFE management synthesis for 1302 in 0.002s
2026-09-25 15:47:59 [INFO] wepppy.run.thinning-soil-validation-20260925.landuse:   (273/455) Completed MOFE management synthesis for 1303 in 0.007s
2026-09-25 15:47:59 [INFO] wepppy.run.thinning-soil-validation-20260925.landuse:   (274/455) Completed MOFE management synthesis for 1311 in 0.005s
2026-09-25 15:47:59 [INFO] wepppy.run.thinning-soil-validation-20260925.landuse:   (275/455) Completed MOFE management synthesis for 1312 in 0.005s
2026-09-25 15:47:59 [INFO] wepppy.run.thinning-soil-validation-20260925.landuse:   (276/455) Completed MOFE management synthesis for 1313 in 0.004s
2026-09-25 15:47:59 [INFO] wepppy.run.thinning-soil-validation-20260925.landuse:   (277/455) Completed MOFE management synthesis for 1321 in 0.008s
2026-09-25 15:47:59 [INFO] wepppy.run.thinning-soil-validation-20260925.landuse:   (278/455) Completed MOFE management synthesis for 1322 in 0.002s
2026-09-25 15:47:59 [INFO] wepppy.run.thinning-soil-validation-20260925.landuse:   (279/455) Completed MOFE management synthesis for 1323 in 0.002s
2026-09-25 15:47:59 [INFO] wepppy.run.thinning-soil-validation-20260925.landuse:   (280/455) Completed MOFE management synthesis for 1331 in 0.007s
2026-09-25 15:47:59 [INFO] wepppy.run.thinning-soil-validation-20260925.landuse:   (281/455) Completed MOFE management synthesis for 1342 in 0.002s
2026-09-25 15:47:59 [INFO] wepppy.run.thinning-soil-validation-20260925.landuse:   (282/455) Completed MOFE management synthesis for 1343 in 0.002s
2026-09-25 15:47:59 [INFO] wepppy.run.thinning-soil-validation-20260925.landuse:   (283/455) Completed MOFE management synthesis for 1352 in 0.005s
2026-09-25 15:47:59 [INFO] wepppy.run.thinning-soil-validation-20260925.landuse:   (284/455) Completed MOFE management synthesis for 1353 in 0.002s
2026-09-25 15:47:59 [INFO] wepppy.run.thinning-soil-validation-20260925.landuse:   (285/455) Completed MOFE management synthesis for 1362 in 0.002s
2026-09-25 15:47:59 [INFO] wepppy.run.thinning-soil-validation-20260925.landuse:   (286/455) Completed MOFE management synthesis for 1363 in 0.002s
2026-09-25 15:47:59 [INFO] wepppy.run.thinning-soil-validation-20260925.landuse:   (287/455) Completed MOFE management synthesis for 1371 in 0.009s
2026-09-25 15:47:59 [INFO] wepppy.run.thinning-soil-validation-20260925.landuse:   (288/455) Completed MOFE management synthesis for 1372 in 0.004s
2026-09-25 15:47:59 [INFO] wepppy.run.thinning-soil-validation-20260925.landuse:   (289/455) Completed MOFE management synthesis for 1373 in 0.004s
2026-09-25 15:47:59 [INFO] wepppy.run.thinning-soil-validation-20260925.landuse:   (290/455) Completed MOFE management synthesis for 1381 in 0.007s
2026-09-25 15:47:59 [INFO] wepppy.run.thinning-soil-validation-20260925.landuse:   (291/455) Completed MOFE management synthesis for 1382 in 0.002s
2026-09-25 15:47:59 [INFO] wepppy.run.thinning-soil-validation-20260925.landuse:   (292/455) Completed MOFE management synthesis for 1383 in 0.005s
2026-09-25 15:47:59 [INFO] wepppy.run.thinning-soil-validation-20260925.landuse:   (293/455) Completed MOFE management synthesis for 1391 in 0.005s
2026-09-25 15:47:59 [INFO] wepppy.run.thinning-soil-validation-20260925.landuse:   (294/455) Completed MOFE management synthesis for 1392 in 0.002s
2026-09-25 15:47:59 [INFO] wepppy.run.thinning-soil-validation-20260925.landuse:   (295/455) Completed MOFE management synthesis for 1393 in 0.002s
2026-09-25 15:47:59 [INFO] wepppy.run.thinning-soil-validation-20260925.landuse:   (296/455) Completed MOFE management synthesis for 1401 in 0.005s
2026-09-25 15:47:59 [INFO] wepppy.run.thinning-soil-validation-20260925.landuse:   (297/455) Completed MOFE management synthesis for 1402 in 0.002s
2026-09-25 15:47:59 [INFO] wepppy.run.thinning-soil-validation-20260925.landuse:   (298/455) Completed MOFE management synthesis for 1403 in 0.002s
2026-09-25 15:47:59 [INFO] wepppy.run.thinning-soil-validation-20260925.landuse:   (299/455) Completed MOFE management synthesis for 1412 in 0.002s
2026-09-25 15:47:59 [INFO] wepppy.run.thinning-soil-validation-20260925.landuse:   (300/455) Completed MOFE management synthesis for 1413 in 0.005s
2026-09-25 15:47:59 [INFO] wepppy.run.thinning-soil-validation-20260925.landuse:   (301/455) Completed MOFE management synthesis for 1421 in 0.007s
2026-09-25 15:47:59 [INFO] wepppy.run.thinning-soil-validation-20260925.landuse:   (302/455) Completed MOFE management synthesis for 1422 in 0.002s
2026-09-25 15:47:59 [INFO] wepppy.run.thinning-soil-validation-20260925.landuse:   (303/455) Completed MOFE management synthesis for 1423 in 0.005s
2026-09-25 15:47:59 [INFO] wepppy.run.thinning-soil-validation-20260925.landuse:   (304/455) Completed MOFE management synthesis for 1431 in 0.007s
2026-09-25 15:47:59 [INFO] wepppy.run.thinning-soil-validation-20260925.landuse:   (305/455) Completed MOFE management synthesis for 1432 in 0.003s
2026-09-25 15:47:59 [INFO] wepppy.run.thinning-soil-validation-20260925.landuse:   (306/455) Completed MOFE management synthesis for 1433 in 0.001s
2026-09-25 15:47:59 [INFO] wepppy.run.thinning-soil-validation-20260925.landuse:   (307/455) Completed MOFE management synthesis for 1441 in 0.007s
2026-09-25 15:47:59 [INFO] wepppy.run.thinning-soil-validation-20260925.landuse:   (308/455) Completed MOFE management synthesis for 1442 in 0.004s
2026-09-25 15:47:59 [INFO] wepppy.run.thinning-soil-validation-20260925.landuse:   (309/455) Completed MOFE management synthesis for 1443 in 0.001s
2026-09-25 15:47:59 [INFO] wepppy.run.thinning-soil-validation-20260925.landuse:   (310/455) Completed MOFE management synthesis for 1453 in 0.001s
2026-09-25 15:47:59 [INFO] wepppy.run.thinning-soil-validation-20260925.landuse:   (311/455) Completed MOFE management synthesis for 1462 in 0.001s
2026-09-25 15:47:59 [INFO] wepppy.run.thinning-soil-validation-20260925.landuse:   (312/455) Completed MOFE management synthesis for 1463 in 0.003s
2026-09-25 15:47:59 [INFO] wepppy.run.thinning-soil-validation-20260925.landuse:   (313/455) Completed MOFE management synthesis for 1472 in 0.001s
2026-09-25 15:47:59 [INFO] wepppy.run.thinning-soil-validation-20260925.landuse:   (314/455) Completed MOFE management synthesis for 1473 in 0.004s
2026-09-25 15:47:59 [INFO] wepppy.run.thinning-soil-validation-20260925.landuse:   (315/455) Completed MOFE management synthesis for 1482 in 0.001s
2026-09-25 15:47:59 [INFO] wepppy.run.thinning-soil-validation-20260925.landuse:   (316/455) Completed MOFE management synthesis for 1483 in 0.003s
2026-09-25 15:47:59 [INFO] wepppy.run.thinning-soil-validation-20260925.landuse:   (317/455) Completed MOFE management synthesis for 1491 in 0.005s
2026-09-25 15:47:59 [INFO] wepppy.run.thinning-soil-validation-20260925.landuse:   (318/455) Completed MOFE management synthesis for 1492 in 0.001s
2026-09-25 15:47:59 [INFO] wepppy.run.thinning-soil-validation-20260925.landuse:   (319/455) Completed MOFE management synthesis for 1493 in 0.001s
2026-09-25 15:47:59 [INFO] wepppy.run.thinning-soil-validation-20260925.landuse:   (320/455) Completed MOFE management synthesis for 1502 in 0.004s
2026-09-25 15:47:59 [INFO] wepppy.run.thinning-soil-validation-20260925.landuse:   (321/455) Completed MOFE management synthesis for 1503 in 0.002s
2026-09-25 15:47:59 [INFO] wepppy.run.thinning-soil-validation-20260925.landuse:   (322/455) Completed MOFE management synthesis for 1511 in 0.004s
2026-09-25 15:47:59 [INFO] wepppy.run.thinning-soil-validation-20260925.landuse:   (323/455) Completed MOFE management synthesis for 1512 in 0.001s
2026-09-25 15:47:59 [INFO] wepppy.run.thinning-soil-validation-20260925.landuse:   (324/455) Completed MOFE management synthesis for 1513 in 0.001s
2026-09-25 15:47:59 [INFO] wepppy.run.thinning-soil-validation-20260925.landuse:   (325/455) Completed MOFE management synthesis for 1521 in 0.008s
2026-09-25 15:47:59 [INFO] wepppy.run.thinning-soil-validation-20260925.landuse:   (326/455) Completed MOFE management synthesis for 1522 in 0.005s
2026-09-25 15:47:59 [INFO] wepppy.run.thinning-soil-validation-20260925.landuse:   (327/455) Completed MOFE management synthesis for 1523 in 0.001s
2026-09-25 15:47:59 [INFO] wepppy.run.thinning-soil-validation-20260925.landuse:   (328/455) Completed MOFE management synthesis for 1531 in 0.007s
2026-09-25 15:47:59 [INFO] wepppy.run.thinning-soil-validation-20260925.landuse:   (329/455) Completed MOFE management synthesis for 1532 in 0.001s
2026-09-25 15:47:59 [INFO] wepppy.run.thinning-soil-validation-20260925.landuse:   (330/455) Completed MOFE management synthesis for 1552 in 0.001s
2026-09-25 15:47:59 [INFO] wepppy.run.thinning-soil-validation-20260925.landuse:   (331/455) Completed MOFE management synthesis for 1553 in 0.004s
2026-09-25 15:47:59 [INFO] wepppy.run.thinning-soil-validation-20260925.landuse:   (332/455) Completed MOFE management synthesis for 1562 in 0.005s
2026-09-25 15:47:59 [INFO] wepppy.run.thinning-soil-validation-20260925.landuse:   (333/455) Completed MOFE management synthesis for 1563 in 0.004s
2026-09-25 15:47:59 [INFO] wepppy.run.thinning-soil-validation-20260925.landuse:   (334/455) Completed MOFE management synthesis for 1571 in 0.006s
2026-09-25 15:47:59 [INFO] wepppy.run.thinning-soil-validation-20260925.landuse:   (335/455) Completed MOFE management synthesis for 1572 in 0.001s
2026-09-25 15:47:59 [INFO] wepppy.run.thinning-soil-validation-20260925.landuse:   (336/455) Completed MOFE management synthesis for 1573 in 0.001s
2026-09-25 15:47:59 [INFO] wepppy.run.thinning-soil-validation-20260925.landuse:   (337/455) Completed MOFE management synthesis for 1582 in 0.003s
2026-09-25 15:47:59 [INFO] wepppy.run.thinning-soil-validation-20260925.landuse:   (338/455) Completed MOFE management synthesis for 1583 in 0.001s
2026-09-25 15:47:59 [INFO] wepppy.run.thinning-soil-validation-20260925.landuse:   (339/455) Completed MOFE management synthesis for 1592 in 0.004s
2026-09-25 15:47:59 [INFO] wepppy.run.thinning-soil-validation-20260925.landuse:   (340/455) Completed MOFE management synthesis for 1593 in 0.001s
2026-09-25 15:47:59 [INFO] wepppy.run.thinning-soil-validation-20260925.landuse:   (341/455) Completed MOFE management synthesis for 1601 in 0.005s
2026-09-25 15:47:59 [INFO] wepppy.run.thinning-soil-validation-20260925.landuse:   (342/455) Completed MOFE management synthesis for 1602 in 0.001s
2026-09-25 15:47:59 [INFO] wepppy.run.thinning-soil-validation-20260925.landuse:   (343/455) Completed MOFE management synthesis for 1611 in 0.007s
2026-09-25 15:47:59 [INFO] wepppy.run.thinning-soil-validation-20260925.landuse:   (344/455) Completed MOFE management synthesis for 1612 in 0.001s
2026-09-25 15:47:59 [INFO] wepppy.run.thinning-soil-validation-20260925.landuse:   (345/455) Completed MOFE management synthesis for 1613 in 0.004s
2026-09-25 15:47:59 [INFO] wepppy.run.thinning-soil-validation-20260925.landuse:   (346/455) Completed MOFE management synthesis for 1622 in 0.003s
2026-09-25 15:47:59 [INFO] wepppy.run.thinning-soil-validation-20260925.landuse:   (347/455) Completed MOFE management synthesis for 1623 in 0.004s
2026-09-25 15:47:59 [INFO] wepppy.run.thinning-soil-validation-20260925.landuse:   (348/455) Completed MOFE management synthesis for 1631 in 0.007s
2026-09-25 15:47:59 [INFO] wepppy.run.thinning-soil-validation-20260925.landuse:   (349/455) Completed MOFE management synthesis for 1632 in 0.001s
2026-09-25 15:47:59 [INFO] wepppy.run.thinning-soil-validation-20260925.landuse:   (350/455) Completed MOFE management synthesis for 1633 in 0.002s
2026-09-25 15:47:59 [INFO] wepppy.run.thinning-soil-validation-20260925.landuse:   (351/455) Completed MOFE management synthesis for 1641 in 0.007s
2026-09-25 15:47:59 [INFO] wepppy.run.thinning-soil-validation-20260925.landuse:   (352/455) Completed MOFE management synthesis for 1642 in 0.001s
2026-09-25 15:47:59 [INFO] wepppy.run.thinning-soil-validation-20260925.landuse:   (353/455) Completed MOFE management synthesis for 1643 in 0.004s
2026-09-25 15:47:59 [INFO] wepppy.run.thinning-soil-validation-20260925.landuse:   (354/455) Completed MOFE management synthesis for 1652 in 0.005s
2026-09-25 15:47:59 [INFO] wepppy.run.thinning-soil-validation-20260925.landuse:   (355/455) Completed MOFE management synthesis for 1653 in 0.003s
2026-09-25 15:47:59 [INFO] wepppy.run.thinning-soil-validation-20260925.landuse:   (356/455) Completed MOFE management synthesis for 1663 in 0.006s
2026-09-25 15:47:59 [INFO] wepppy.run.thinning-soil-validation-20260925.landuse:   (357/455) Completed MOFE management synthesis for 1671 in 0.007s
2026-09-25 15:47:59 [INFO] wepppy.run.thinning-soil-validation-20260925.landuse:   (358/455) Completed MOFE management synthesis for 1672 in 0.002s
2026-09-25 15:47:59 [INFO] wepppy.run.thinning-soil-validation-20260925.landuse:   (359/455) Completed MOFE management synthesis for 1673 in 0.001s
2026-09-25 15:47:59 [INFO] wepppy.run.thinning-soil-validation-20260925.landuse:   (360/455) Completed MOFE management synthesis for 1682 in 0.003s
2026-09-25 15:47:59 [INFO] wepppy.run.thinning-soil-validation-20260925.landuse:   (361/455) Completed MOFE management synthesis for 1683 in 0.004s
2026-09-25 15:47:59 [INFO] wepppy.run.thinning-soil-validation-20260925.landuse:   (362/455) Completed MOFE management synthesis for 1692 in 0.004s
2026-09-25 15:47:59 [INFO] wepppy.run.thinning-soil-validation-20260925.landuse:   (363/455) Completed MOFE management synthesis for 1693 in 0.001s
2026-09-25 15:47:59 [INFO] wepppy.run.thinning-soil-validation-20260925.landuse:   (364/455) Completed MOFE management synthesis for 1702 in 0.005s
2026-09-25 15:47:59 [INFO] wepppy.run.thinning-soil-validation-20260925.landuse:   (365/455) Completed MOFE management synthesis for 1703 in 0.002s
2026-09-25 15:47:59 [INFO] wepppy.run.thinning-soil-validation-20260925.landuse:   (366/455) Completed MOFE management synthesis for 1711 in 0.005s
2026-09-25 15:47:59 [INFO] wepppy.run.thinning-soil-validation-20260925.landuse:   (367/455) Completed MOFE management synthesis for 1712 in 0.004s
2026-09-25 15:47:59 [INFO] wepppy.run.thinning-soil-validation-20260925.landuse:   (368/455) Completed MOFE management synthesis for 1713 in 0.005s
2026-09-25 15:47:59 [INFO] wepppy.run.thinning-soil-validation-20260925.landuse:   (369/455) Completed MOFE management synthesis for 1721 in 0.007s
2026-09-25 15:47:59 [INFO] wepppy.run.thinning-soil-validation-20260925.landuse:   (370/455) Completed MOFE management synthesis for 1722 in 0.002s
2026-09-25 15:47:59 [INFO] wepppy.run.thinning-soil-validation-20260925.landuse:   (371/455) Completed MOFE management synthesis for 1723 in 0.005s
2026-09-25 15:47:59 [INFO] wepppy.run.thinning-soil-validation-20260925.landuse:   (372/455) Completed MOFE management synthesis for 1732 in 0.002s
2026-09-25 15:47:59 [INFO] wepppy.run.thinning-soil-validation-20260925.landuse:   (373/455) Completed MOFE management synthesis for 1733 in 0.002s
2026-09-25 15:47:59 [INFO] wepppy.run.thinning-soil-validation-20260925.landuse:   (374/455) Completed MOFE management synthesis for 1742 in 0.004s
2026-09-25 15:47:59 [INFO] wepppy.run.thinning-soil-validation-20260925.landuse:   (375/455) Completed MOFE management synthesis for 1743 in 0.003s
2026-09-25 15:47:59 [INFO] wepppy.run.thinning-soil-validation-20260925.landuse:   (376/455) Completed MOFE management synthesis for 1752 in 0.008s
2026-09-25 15:47:59 [INFO] wepppy.run.thinning-soil-validation-20260925.landuse:   (377/455) Completed MOFE management synthesis for 1753 in 0.002s
2026-09-25 15:47:59 [INFO] wepppy.run.thinning-soil-validation-20260925.landuse:   (378/455) Completed MOFE management synthesis for 1761 in 0.008s
2026-09-25 15:47:59 [INFO] wepppy.run.thinning-soil-validation-20260925.landuse:   (379/455) Completed MOFE management synthesis for 1762 in 0.002s
2026-09-25 15:47:59 [INFO] wepppy.run.thinning-soil-validation-20260925.landuse:   (380/455) Completed MOFE management synthesis for 1763 in 0.004s
2026-09-25 15:47:59 [INFO] wepppy.run.thinning-soil-validation-20260925.landuse:   (381/455) Completed MOFE management synthesis for 1771 in 0.007s
2026-09-25 15:47:59 [INFO] wepppy.run.thinning-soil-validation-20260925.landuse:   (382/455) Completed MOFE management synthesis for 1772 in 0.002s
2026-09-25 15:47:59 [INFO] wepppy.run.thinning-soil-validation-20260925.landuse:   (383/455) Completed MOFE management synthesis for 1773 in 0.002s
2026-09-25 15:47:59 [INFO] wepppy.run.thinning-soil-validation-20260925.landuse:   (384/455) Completed MOFE management synthesis for 1781 in 0.008s
2026-09-25 15:47:59 [INFO] wepppy.run.thinning-soil-validation-20260925.landuse:   (385/455) Completed MOFE management synthesis for 1782 in 0.002s
2026-09-25 15:47:59 [INFO] wepppy.run.thinning-soil-validation-20260925.landuse:   (386/455) Completed MOFE management synthesis for 1783 in 0.002s
2026-09-25 15:47:59 [INFO] wepppy.run.thinning-soil-validation-20260925.landuse:   (387/455) Completed MOFE management synthesis for 1791 in 0.005s
2026-09-25 15:47:59 [INFO] wepppy.run.thinning-soil-validation-20260925.landuse:   (388/455) Completed MOFE management synthesis for 1792 in 0.003s
2026-09-25 15:47:59 [INFO] wepppy.run.thinning-soil-validation-20260925.landuse:   (389/455) Completed MOFE management synthesis for 1793 in 0.002s
2026-09-25 15:47:59 [INFO] wepppy.run.thinning-soil-validation-20260925.landuse:   (390/455) Completed MOFE management synthesis for 1801 in 0.008s
2026-09-25 15:47:59 [INFO] wepppy.run.thinning-soil-validation-20260925.landuse:   (391/455) Completed MOFE management synthesis for 1811 in 0.007s
2026-09-25 15:47:59 [INFO] wepppy.run.thinning-soil-validation-20260925.landuse:   (392/455) Completed MOFE management synthesis for 1812 in 0.006s
2026-09-25 15:47:59 [INFO] wepppy.run.thinning-soil-validation-20260925.landuse:   (393/455) Completed MOFE management synthesis for 1821 in 0.007s
2026-09-25 15:47:59 [INFO] wepppy.run.thinning-soil-validation-20260925.landuse:   (394/455) Completed MOFE management synthesis for 1822 in 0.002s
2026-09-25 15:47:59 [INFO] wepppy.run.thinning-soil-validation-20260925.landuse:   (395/455) Completed MOFE management synthesis for 1823 in 0.002s
2026-09-25 15:47:59 [INFO] wepppy.run.thinning-soil-validation-20260925.landuse:   (396/455) Completed MOFE management synthesis for 1831 in 0.009s
2026-09-25 15:47:59 [INFO] wepppy.run.thinning-soil-validation-20260925.landuse:   (397/455) Completed MOFE management synthesis for 1832 in 0.004s
2026-09-25 15:47:59 [INFO] wepppy.run.thinning-soil-validation-20260925.landuse:   (398/455) Completed MOFE management synthesis for 1833 in 0.002s
2026-09-25 15:47:59 [INFO] wepppy.run.thinning-soil-validation-20260925.landuse:   (399/455) Completed MOFE management synthesis for 1842 in 0.007s
2026-09-25 15:47:59 [INFO] wepppy.run.thinning-soil-validation-20260925.landuse:   (400/455) Completed MOFE management synthesis for 1843 in 0.002s
2026-09-25 15:47:59 [INFO] wepppy.run.thinning-soil-validation-20260925.landuse:   (401/455) Completed MOFE management synthesis for 1851 in 0.006s
2026-09-25 15:47:59 [INFO] wepppy.run.thinning-soil-validation-20260925.landuse:   (402/455) Completed MOFE management synthesis for 1853 in 0.002s
2026-09-25 15:47:59 [INFO] wepppy.run.thinning-soil-validation-20260925.landuse:   (403/455) Completed MOFE management synthesis for 1861 in 0.008s
2026-09-25 15:47:59 [INFO] wepppy.run.thinning-soil-validation-20260925.landuse:   (404/455) Completed MOFE management synthesis for 1862 in 0.006s
2026-09-25 15:47:59 [INFO] wepppy.run.thinning-soil-validation-20260925.landuse:   (405/455) Completed MOFE management synthesis for 1863 in 0.002s
2026-09-25 15:47:59 [INFO] wepppy.run.thinning-soil-validation-20260925.landuse:   (406/455) Completed MOFE management synthesis for 1873 in 0.007s
2026-09-25 15:47:59 [INFO] wepppy.run.thinning-soil-validation-20260925.landuse:   (407/455) Completed MOFE management synthesis for 1883 in 0.003s
2026-09-25 15:47:59 [INFO] wepppy.run.thinning-soil-validation-20260925.landuse:   (408/455) Completed MOFE management synthesis for 1891 in 0.006s
2026-09-25 15:47:59 [INFO] wepppy.run.thinning-soil-validation-20260925.landuse:   (409/455) Completed MOFE management synthesis for 1892 in 0.001s
2026-09-25 15:47:59 [INFO] wepppy.run.thinning-soil-validation-20260925.landuse:   (410/455) Completed MOFE management synthesis for 1893 in 0.001s
2026-09-25 15:47:59 [INFO] wepppy.run.thinning-soil-validation-20260925.landuse:   (411/455) Completed MOFE management synthesis for 1902 in 0.006s
2026-09-25 15:47:59 [INFO] wepppy.run.thinning-soil-validation-20260925.landuse:   (412/455) Completed MOFE management synthesis for 1903 in 0.001s
2026-09-25 15:47:59 [INFO] wepppy.run.thinning-soil-validation-20260925.landuse:   (413/455) Completed MOFE management synthesis for 1912 in 0.003s
2026-09-25 15:47:59 [INFO] wepppy.run.thinning-soil-validation-20260925.landuse:   (414/455) Completed MOFE management synthesis for 1913 in 0.006s
2026-09-25 15:47:59 [INFO] wepppy.run.thinning-soil-validation-20260925.landuse:   (415/455) Completed MOFE management synthesis for 1922 in 0.001s
2026-09-25 15:47:59 [INFO] wepppy.run.thinning-soil-validation-20260925.landuse:   (416/455) Completed MOFE management synthesis for 1923 in 0.002s
2026-09-25 15:47:59 [INFO] wepppy.run.thinning-soil-validation-20260925.landuse:   (417/455) Completed MOFE management synthesis for 1931 in 0.007s
2026-09-25 15:47:59 [INFO] wepppy.run.thinning-soil-validation-20260925.landuse:   (418/455) Completed MOFE management synthesis for 1932 in 0.001s
2026-09-25 15:47:59 [INFO] wepppy.run.thinning-soil-validation-20260925.landuse:   (419/455) Completed MOFE management synthesis for 1933 in 0.001s
2026-09-25 15:47:59 [INFO] wepppy.run.thinning-soil-validation-20260925.landuse:   (420/455) Completed MOFE management synthesis for 1941 in 0.004s
2026-09-25 15:47:59 [INFO] wepppy.run.thinning-soil-validation-20260925.landuse:   (421/455) Completed MOFE management synthesis for 1942 in 0.005s
2026-09-25 15:47:59 [INFO] wepppy.run.thinning-soil-validation-20260925.landuse:   (422/455) Completed MOFE management synthesis for 1943 in 0.003s
2026-09-25 15:47:59 [INFO] wepppy.run.thinning-soil-validation-20260925.landuse:   (423/455) Completed MOFE management synthesis for 1952 in 0.004s
2026-09-25 15:47:59 [INFO] wepppy.run.thinning-soil-validation-20260925.landuse:   (424/455) Completed MOFE management synthesis for 1953 in 0.004s
2026-09-25 15:47:59 [INFO] wepppy.run.thinning-soil-validation-20260925.landuse:   (425/455) Completed MOFE management synthesis for 1962 in 0.002s
2026-09-25 15:47:59 [INFO] wepppy.run.thinning-soil-validation-20260925.landuse:   (426/455) Completed MOFE management synthesis for 1963 in 0.002s
2026-09-25 15:47:59 [INFO] wepppy.run.thinning-soil-validation-20260925.landuse:   (427/455) Completed MOFE management synthesis for 1971 in 0.008s
2026-09-25 15:47:59 [INFO] wepppy.run.thinning-soil-validation-20260925.landuse:   (428/455) Completed MOFE management synthesis for 1972 in 0.003s
2026-09-25 15:47:59 [INFO] wepppy.run.thinning-soil-validation-20260925.landuse:   (429/455) Completed MOFE management synthesis for 1973 in 0.007s
2026-09-25 15:47:59 [INFO] wepppy.run.thinning-soil-validation-20260925.landuse:   (430/455) Completed MOFE management synthesis for 1981 in 0.007s
2026-09-25 15:47:59 [INFO] wepppy.run.thinning-soil-validation-20260925.landuse:   (431/455) Completed MOFE management synthesis for 1982 in 0.001s
2026-09-25 15:47:59 [INFO] wepppy.run.thinning-soil-validation-20260925.landuse:   (432/455) Completed MOFE management synthesis for 1983 in 0.001s
2026-09-25 15:47:59 [INFO] wepppy.run.thinning-soil-validation-20260925.landuse:   (433/455) Completed MOFE management synthesis for 1991 in 0.004s
2026-09-25 15:47:59 [INFO] wepppy.run.thinning-soil-validation-20260925.landuse:   (434/455) Completed MOFE management synthesis for 1992 in 0.005s
2026-09-25 15:47:59 [INFO] wepppy.run.thinning-soil-validation-20260925.landuse:   (435/455) Completed MOFE management synthesis for 1993 in 0.001s
2026-09-25 15:47:59 [INFO] wepppy.run.thinning-soil-validation-20260925.landuse:   (436/455) Completed MOFE management synthesis for 2003 in 0.003s
2026-09-25 15:47:59 [INFO] wepppy.run.thinning-soil-validation-20260925.landuse:   (437/455) Completed MOFE management synthesis for 2011 in 0.004s
2026-09-25 15:47:59 [INFO] wepppy.run.thinning-soil-validation-20260925.landuse:   (438/455) Completed MOFE management synthesis for 2012 in 0.003s
2026-09-25 15:47:59 [INFO] wepppy.run.thinning-soil-validation-20260925.landuse:   (439/455) Completed MOFE management synthesis for 2013 in 0.002s
2026-09-25 15:47:59 [INFO] wepppy.run.thinning-soil-validation-20260925.landuse:   (440/455) Completed MOFE management synthesis for 2022 in 0.005s
2026-09-25 15:47:59 [INFO] wepppy.run.thinning-soil-validation-20260925.landuse:   (441/455) Completed MOFE management synthesis for 2032 in 0.002s
2026-09-25 15:47:59 [INFO] wepppy.run.thinning-soil-validation-20260925.landuse:   (442/455) Completed MOFE management synthesis for 2042 in 0.004s
2026-09-25 15:47:59 [INFO] wepppy.run.thinning-soil-validation-20260925.landuse:   (443/455) Completed MOFE management synthesis for 2043 in 0.002s
2026-09-25 15:47:59 [INFO] wepppy.run.thinning-soil-validation-20260925.landuse:   (444/455) Completed MOFE management synthesis for 2051 in 0.007s
2026-09-25 15:47:59 [INFO] wepppy.run.thinning-soil-validation-20260925.landuse:   (445/455) Completed MOFE management synthesis for 2052 in 0.001s
2026-09-25 15:47:59 [INFO] wepppy.run.thinning-soil-validation-20260925.landuse:   (446/455) Completed MOFE management synthesis for 2053 in 0.004s
2026-09-25 15:47:59 [INFO] wepppy.run.thinning-soil-validation-20260925.landuse:   (447/455) Completed MOFE management synthesis for 2061 in 0.007s
2026-09-25 15:47:59 [INFO] wepppy.run.thinning-soil-validation-20260925.landuse:   (448/455) Completed MOFE management synthesis for 2062 in 0.002s
2026-09-25 15:47:59 [INFO] wepppy.run.thinning-soil-validation-20260925.landuse:   (449/455) Completed MOFE management synthesis for 2063 in 0.001s
2026-09-25 15:47:59 [INFO] wepppy.run.thinning-soil-validation-20260925.landuse:   (450/455) Completed MOFE management synthesis for 2071 in 0.005s
2026-09-25 15:47:59 [INFO] wepppy.run.thinning-soil-validation-20260925.landuse:   (451/455) Completed MOFE management synthesis for 2081 in 0.007s
2026-09-25 15:47:59 [INFO] wepppy.run.thinning-soil-validation-20260925.landuse:   (452/455) Completed MOFE management synthesis for 2082 in 0.001s
2026-09-25 15:47:59 [INFO] wepppy.run.thinning-soil-validation-20260925.landuse:   (453/455) Completed MOFE management synthesis for 2083 in 0.001s
2026-09-25 15:47:59 [INFO] wepppy.run.thinning-soil-validation-20260925.landuse:   (454/455) Completed MOFE management synthesis for 2091 in 0.006s
2026-09-25 15:47:59 [INFO] wepppy.run.thinning-soil-validation-20260925.landuse:   (455/455) Completed MOFE management synthesis for 2092 in 0.003s
2026-09-25 15:48:00 [INFO] wepppy.run.thinning-soil-validation-20260925.disturbed: disturbed.on(TriggerEvents.LANDUSE_DOMLC_COMPLETE)
2026-09-25 15:48:00 [INFO] wepppy.run.thinning-soil-validation-20260925.landuse: Disturbed::on TriggerEvents.LANDUSE_DOMLC_COMPLETE
2026-09-25 15:48:00 [INFO] wepppy.run.thinning-soil-validation-20260925.landuse:   Disturbed::Modifying landuse
2026-09-25 15:48:00 [INFO] wepppy.run.thinning-soil-validation-20260925.landuse:   Disturbed::Modifying MOFE soils
2026-09-25 15:48:00 [INFO] wepppy.run.thinning-soil-validation-20260925.disturbed:   Routing to LANDUSE_DOMLC_COMPLETE
2026-09-25 15:48:00 [INFO] wepppy.run.thinning-soil-validation-20260925.disturbed:   Remapping landuse...
2026-09-25 15:48:00 [INFO] wepppy.run.thinning-soil-validation-20260925.disturbed: disturbed.remap_landuse()
2026-09-25 15:48:00 [INFO] wepppy.run.thinning-soil-validation-20260925.disturbed:   Remapping landuse... done. (0.00s)
2026-09-25 15:48:00 [INFO] wepppy.run.thinning-soil-validation-20260925.disturbed:   Calling spatialize_treecanopy hook...
2026-09-25 15:48:00 [INFO] wepppy.run.thinning-soil-validation-20260925.disturbed: disturbed.spatialize_treecanopy()
2026-09-25 15:48:00 [INFO] wepppy.run.thinning-soil-validation-20260925.disturbed:   No treecanopy mod found
2026-09-25 15:48:00 [INFO] wepppy.run.thinning-soil-validation-20260925.disturbed:   Calling spatialize_treecanopy hook... done. (0.00s)
2026-09-25 15:48:00 [INFO] wepppy.run.thinning-soil-validation-20260925.disturbed: disturbed.remap_mofe_landuse()
2026-09-25 15:48:00 [INFO] wepppy.run.thinning-soil-validation-20260925.disturbed: disturbed.on(TriggerEvents.LANDUSE_BUILD_COMPLETE)
Rebuilding Landuse... done.

Rebuilding Soils...

2026-09-25 15:48:00 [INFO] wepppy.run.thinning-soil-validation-20260925.soils: ====================================================================================================
2026-09-25 15:48:00 [INFO] wepppy.run.thinning-soil-validation-20260925.soils: soils.build(initial_sat=None, ksflag=None)
2026-09-25 15:48:00 [INFO] wepppy.run.thinning-soil-validation-20260925.soils:  SoilsMode: 0
2026-09-25 15:48:00 [INFO] wepppy.run.thinning-soil-validation-20260925.soils: soils.dump_soils_parquet()
2026-09-25 15:48:01 [INFO] wepppy.run.thinning-soil-validation-20260925.soils:   Gridded Soils Mode
2026-09-25 15:48:01 [INFO] wepppy.run.thinning-soil-validation-20260925.soils:     Using ISRIC database
2026-09-25 15:48:01 [INFO] wepppy.run.thinning-soil-validation-20260925.soils: soils.build_isric(initial_sat=None, ksflag=None)
2026-09-25 15:48:01 [INFO] wepppy.run.thinning-soil-validation-20260925.soils:   Fetching ISRIC data...
2026-09-25 15:48:18 [INFO] wepppy.run.thinning-soil-validation-20260925.soils:   Fetching ISRIC data... done. (16.99s)
2026-09-25 15:48:18 [INFO] wepppy.run.thinning-soil-validation-20260925.soils: building soils...
2026-09-25 15:48:30 [INFO] wepppy.run.thinning-soil-validation-20260925.soils:   1/455 ISRIC soil building completed, mukey=Cambisols_loam
2026-09-25 15:48:32 [INFO] wepppy.run.thinning-soil-validation-20260925.soils:   2/455 ISRIC soil building completed, mukey=Cambisols_loam
2026-09-25 15:48:34 [INFO] wepppy.run.thinning-soil-validation-20260925.soils:   3/455 ISRIC soil building completed, mukey=Cambisols_loam
2026-09-25 15:48:36 [INFO] wepppy.run.thinning-soil-validation-20260925.soils:   4/455 ISRIC soil building completed, mukey=Podzols_loam
2026-09-25 15:48:38 [INFO] wepppy.run.thinning-soil-validation-20260925.soils:   5/455 ISRIC soil building completed, mukey=Cambisols_loam
2026-09-25 15:48:40 [INFO] wepppy.run.thinning-soil-validation-20260925.soils:   6/455 ISRIC soil building completed, mukey=Cambisols_loam
2026-09-25 15:48:42 [INFO] wepppy.run.thinning-soil-validation-20260925.soils:   7/455 ISRIC soil building completed, mukey=Cambisols_loam
2026-09-25 15:48:45 [INFO] wepppy.run.thinning-soil-validation-20260925.soils:   8/455 ISRIC soil building completed, mukey=Cambisols_loam
2026-09-25 15:48:47 [INFO] wepppy.run.thinning-soil-validation-20260925.soils:   9/455 ISRIC soil building completed, mukey=Cambisols_loam
2026-09-25 15:48:49 [INFO] wepppy.run.thinning-soil-validation-20260925.soils:   10/455 ISRIC soil building completed, mukey=Cambisols_loam
2026-09-25 15:48:51 [INFO] wepppy.run.thinning-soil-validation-20260925.soils:   11/455 ISRIC soil building completed, mukey=Cambisols_loam
2026-09-25 15:48:53 [INFO] wepppy.run.thinning-soil-validation-20260925.soils:   12/455 ISRIC soil building completed, mukey=Cambisols_loam
2026-09-25 15:48:55 [INFO] wepppy.run.thinning-soil-validation-20260925.soils:   13/455 ISRIC soil building completed, mukey=Cambisols_loam
2026-09-25 15:48:57 [INFO] wepppy.run.thinning-soil-validation-20260925.soils:   14/455 ISRIC soil building completed, mukey=Cambisols_loam
2026-09-25 15:48:59 [INFO] wepppy.run.thinning-soil-validation-20260925.soils:   15/455 ISRIC soil building completed, mukey=Cambisols_loam
2026-09-25 15:49:01 [INFO] wepppy.run.thinning-soil-validation-20260925.soils:   16/455 ISRIC soil building completed, mukey=Podzols_loam
2026-09-25 15:49:03 [INFO] wepppy.run.thinning-soil-validation-20260925.soils:   17/455 ISRIC soil building completed, mukey=Cambisols_loam
2026-09-25 15:49:05 [INFO] wepppy.run.thinning-soil-validation-20260925.soils:   18/455 ISRIC soil building completed, mukey=Cambisols_loam
2026-09-25 15:49:07 [INFO] wepppy.run.thinning-soil-validation-20260925.soils:   19/455 ISRIC soil building completed, mukey=Podzols_loam
2026-09-25 15:49:09 [INFO] wepppy.run.thinning-soil-validation-20260925.soils:   20/455 ISRIC soil building completed, mukey=Cambisols_loam
2026-09-25 15:49:11 [INFO] wepppy.run.thinning-soil-validation-20260925.soils:   21/455 ISRIC soil building completed, mukey=Cambisols_loam
2026-09-25 15:49:12 [INFO] wepppy.run.thinning-soil-validation-20260925.soils:   22/455 ISRIC soil building completed, mukey=Cambisols_loam
2026-09-25 15:49:14 [INFO] wepppy.run.thinning-soil-validation-20260925.soils:   23/455 ISRIC soil building completed, mukey=Podzols_loam
2026-09-25 15:49:16 [INFO] wepppy.run.thinning-soil-validation-20260925.soils:   24/455 ISRIC soil building completed, mukey=Cambisols_loam
2026-09-25 15:49:18 [INFO] wepppy.run.thinning-soil-validation-20260925.soils:   25/455 ISRIC soil building completed, mukey=Cambisols_loam
2026-09-25 15:49:20 [INFO] wepppy.run.thinning-soil-validation-20260925.soils:   26/455 ISRIC soil building completed, mukey=Podzols_loam
2026-09-25 15:49:22 [INFO] wepppy.run.thinning-soil-validation-20260925.soils:   27/455 ISRIC soil building completed, mukey=Cambisols_loam
2026-09-25 15:49:24 [INFO] wepppy.run.thinning-soil-validation-20260925.soils:   28/455 ISRIC soil building completed, mukey=Cambisols_loam
2026-09-25 15:49:26 [INFO] wepppy.run.thinning-soil-validation-20260925.soils:   29/455 ISRIC soil building completed, mukey=Podzols_loam
2026-09-25 15:49:28 [INFO] wepppy.run.thinning-soil-validation-20260925.soils:   30/455 ISRIC soil building completed, mukey=Cambisols_loam
2026-09-25 15:49:30 [INFO] wepppy.run.thinning-soil-validation-20260925.soils:   31/455 ISRIC soil building completed, mukey=Cambisols_loam
2026-09-25 15:49:32 [INFO] wepppy.run.thinning-soil-validation-20260925.soils:   32/455 ISRIC soil building completed, mukey=Podzols_silt loam
2026-09-25 15:49:34 [INFO] wepppy.run.thinning-soil-validation-20260925.soils:   33/455 ISRIC soil building completed, mukey=Podzols_loam
2026-09-25 15:49:36 [INFO] wepppy.run.thinning-soil-validation-20260925.soils:   34/455 ISRIC soil building completed, mukey=Cambisols_loam
2026-09-25 15:49:38 [INFO] wepppy.run.thinning-soil-validation-20260925.soils:   35/455 ISRIC soil building completed, mukey=Cambisols_loam
2026-09-25 15:49:40 [INFO] wepppy.run.thinning-soil-validation-20260925.soils:   36/455 ISRIC soil building completed, mukey=Podzols_loam
2026-09-25 15:49:42 [INFO] wepppy.run.thinning-soil-validation-20260925.soils:   37/455 ISRIC soil building completed, mukey=Cambisols_loam
2026-09-25 15:49:44 [INFO] wepppy.run.thinning-soil-validation-20260925.soils:   38/455 ISRIC soil building completed, mukey=Podzols_loam
2026-09-25 15:49:46 [INFO] wepppy.run.thinning-soil-validation-20260925.soils:   39/455 ISRIC soil building completed, mukey=Cambisols_loam
2026-09-25 15:49:48 [INFO] wepppy.run.thinning-soil-validation-20260925.soils:   40/455 ISRIC soil building completed, mukey=Cambisols_loam
2026-09-25 15:49:50 [INFO] wepppy.run.thinning-soil-validation-20260925.soils:   41/455 ISRIC soil building completed, mukey=Cambisols_loam
2026-09-25 15:49:52 [INFO] wepppy.run.thinning-soil-validation-20260925.soils:   42/455 ISRIC soil building completed, mukey=Cambisols_loam
2026-09-25 15:49:54 [INFO] wepppy.run.thinning-soil-validation-20260925.soils:   43/455 ISRIC soil building completed, mukey=Cambisols_loam
2026-09-25 15:49:56 [INFO] wepppy.run.thinning-soil-validation-20260925.soils:   44/455 ISRIC soil building completed, mukey=Cambisols_loam
2026-09-25 15:49:58 [INFO] wepppy.run.thinning-soil-validation-20260925.soils:   45/455 ISRIC soil building completed, mukey=Cambisols_loam
2026-09-25 15:50:00 [INFO] wepppy.run.thinning-soil-validation-20260925.soils:   46/455 ISRIC soil building completed, mukey=Cambisols_loam
2026-09-25 15:50:02 [INFO] wepppy.run.thinning-soil-validation-20260925.soils:   47/455 ISRIC soil building completed, mukey=Cambisols_loam
2026-09-25 15:50:04 [INFO] wepppy.run.thinning-soil-validation-20260925.soils:   48/455 ISRIC soil building completed, mukey=Podzols_loam
2026-09-25 15:50:06 [INFO] wepppy.run.thinning-soil-validation-20260925.soils:   49/455 ISRIC soil building completed, mukey=Cambisols_loam
2026-09-25 15:50:08 [INFO] wepppy.run.thinning-soil-validation-20260925.soils:   50/455 ISRIC soil building completed, mukey=Podzols_silt loam
2026-09-25 15:50:10 [INFO] wepppy.run.thinning-soil-validation-20260925.soils:   51/455 ISRIC soil building completed, mukey=Cambisols_loam
2026-09-25 15:50:12 [INFO] wepppy.run.thinning-soil-validation-20260925.soils:   52/455 ISRIC soil building completed, mukey=Podzols_loam
2026-09-25 15:50:14 [INFO] wepppy.run.thinning-soil-validation-20260925.soils:   53/455 ISRIC soil building completed, mukey=Cambisols_loam
2026-09-25 15:50:16 [INFO] wepppy.run.thinning-soil-validation-20260925.soils:   54/455 ISRIC soil building completed, mukey=Cambisols_loam
2026-09-25 15:50:18 [INFO] wepppy.run.thinning-soil-validation-20260925.soils:   55/455 ISRIC soil building completed, mukey=Cambisols_loam
2026-09-25 15:50:20 [INFO] wepppy.run.thinning-soil-validation-20260925.soils:   56/455 ISRIC soil building completed, mukey=Cambisols_loam
2026-09-25 15:50:22 [INFO] wepppy.run.thinning-soil-validation-20260925.soils:   57/455 ISRIC soil building completed, mukey=Cambisols_loam
2026-09-25 15:50:25 [INFO] wepppy.run.thinning-soil-validation-20260925.soils:   58/455 ISRIC soil building completed, mukey=Podzols_loam
2026-09-25 15:50:27 [INFO] wepppy.run.thinning-soil-validation-20260925.soils:   59/455 ISRIC soil building completed, mukey=Podzols_loam
2026-09-25 15:50:29 [INFO] wepppy.run.thinning-soil-validation-20260925.soils:   60/455 ISRIC soil building completed, mukey=Cambisols_loam
2026-09-25 15:50:31 [INFO] wepppy.run.thinning-soil-validation-20260925.soils:   61/455 ISRIC soil building completed, mukey=Cambisols_loam
2026-09-25 15:50:33 [INFO] wepppy.run.thinning-soil-validation-20260925.soils:   62/455 ISRIC soil building completed, mukey=Cambisols_loam
2026-09-25 15:50:35 [INFO] wepppy.run.thinning-soil-validation-20260925.soils:   63/455 ISRIC soil building completed, mukey=Cambisols_loam
2026-09-25 15:50:37 [INFO] wepppy.run.thinning-soil-validation-20260925.soils:   64/455 ISRIC soil building completed, mukey=Cambisols_loam
2026-09-25 15:50:39 [INFO] wepppy.run.thinning-soil-validation-20260925.soils:   65/455 ISRIC soil building completed, mukey=Cambisols_loam
2026-09-25 15:50:41 [INFO] wepppy.run.thinning-soil-validation-20260925.soils:   66/455 ISRIC soil building completed, mukey=Cambisols_loam
2026-09-25 15:50:43 [INFO] wepppy.run.thinning-soil-validation-20260925.soils:   67/455 ISRIC soil building completed, mukey=Podzols_loam
2026-09-25 15:50:45 [INFO] wepppy.run.thinning-soil-validation-20260925.soils:   68/455 ISRIC soil building completed, mukey=Cambisols_loam
2026-09-25 15:50:47 [INFO] wepppy.run.thinning-soil-validation-20260925.soils:   69/455 ISRIC soil building completed, mukey=Cambisols_loam
2026-09-25 15:50:49 [INFO] wepppy.run.thinning-soil-validation-20260925.soils:   70/455 ISRIC soil building completed, mukey=Podzols_silt loam
2026-09-25 15:50:51 [INFO] wepppy.run.thinning-soil-validation-20260925.soils:   71/455 ISRIC soil building completed, mukey=Cambisols_loam
2026-09-25 15:50:54 [INFO] wepppy.run.thinning-soil-validation-20260925.soils:   72/455 ISRIC soil building completed, mukey=Podzols_loam
2026-09-25 15:50:56 [INFO] wepppy.run.thinning-soil-validation-20260925.soils:   73/455 ISRIC soil building completed, mukey=Cambisols_loam
2026-09-25 15:50:58 [INFO] wepppy.run.thinning-soil-validation-20260925.soils:   74/455 ISRIC soil building completed, mukey=Cambisols_loam
2026-09-25 15:51:00 [INFO] wepppy.run.thinning-soil-validation-20260925.soils:   75/455 ISRIC soil building completed, mukey=Cambisols_loam
2026-09-25 15:51:02 [INFO] wepppy.run.thinning-soil-validation-20260925.soils:   76/455 ISRIC soil building completed, mukey=Cambisols_loam
2026-09-25 15:51:04 [INFO] wepppy.run.thinning-soil-validation-20260925.soils:   77/455 ISRIC soil building completed, mukey=Cambisols_loam
2026-09-25 15:51:06 [INFO] wepppy.run.thinning-soil-validation-20260925.soils:   78/455 ISRIC soil building completed, mukey=Cambisols_loam
2026-09-25 15:51:08 [INFO] wepppy.run.thinning-soil-validation-20260925.soils:   79/455 ISRIC soil building completed, mukey=Cambisols_loam
2026-09-25 15:51:10 [INFO] wepppy.run.thinning-soil-validation-20260925.soils:   80/455 ISRIC soil building completed, mukey=Podzols_silt loam
2026-09-25 15:51:12 [INFO] wepppy.run.thinning-soil-validation-20260925.soils:   81/455 ISRIC soil building completed, mukey=Podzols_loam
2026-09-25 15:51:14 [INFO] wepppy.run.thinning-soil-validation-20260925.soils:   82/455 ISRIC soil building completed, mukey=Cambisols_loam
2026-09-25 15:51:16 [INFO] wepppy.run.thinning-soil-validation-20260925.soils:   83/455 ISRIC soil building completed, mukey=Cambisols_loam
2026-09-25 15:51:18 [INFO] wepppy.run.thinning-soil-validation-20260925.soils:   84/455 ISRIC soil building completed, mukey=Cambisols_loam
2026-09-25 15:51:20 [INFO] wepppy.run.thinning-soil-validation-20260925.soils:   85/455 ISRIC soil building completed, mukey=Cambisols_loam
2026-09-25 15:51:22 [INFO] wepppy.run.thinning-soil-validation-20260925.soils:   86/455 ISRIC soil building completed, mukey=Cambisols_loam
2026-09-25 15:51:24 [INFO] wepppy.run.thinning-soil-validation-20260925.soils:   87/455 ISRIC soil building completed, mukey=Cambisols_loam
2026-09-25 15:51:27 [INFO] wepppy.run.thinning-soil-validation-20260925.soils:   88/455 ISRIC soil building completed, mukey=Cambisols_loam
2026-09-25 15:51:29 [INFO] wepppy.run.thinning-soil-validation-20260925.soils:   89/455 ISRIC soil building completed, mukey=Podzols_loam
2026-09-25 15:51:31 [INFO] wepppy.run.thinning-soil-validation-20260925.soils:   90/455 ISRIC soil building completed, mukey=Cambisols_loam
2026-09-25 15:51:33 [INFO] wepppy.run.thinning-soil-validation-20260925.soils:   91/455 ISRIC soil building completed, mukey=Cambisols_loam
2026-09-25 15:51:35 [INFO] wepppy.run.thinning-soil-validation-20260925.soils:   92/455 ISRIC soil building completed, mukey=Cambisols_loam
2026-09-25 15:51:37 [INFO] wepppy.run.thinning-soil-validation-20260925.soils:   93/455 ISRIC soil building completed, mukey=Cambisols_loam
2026-09-25 15:51:39 [INFO] wepppy.run.thinning-soil-validation-20260925.soils:   94/455 ISRIC soil building completed, mukey=Cambisols_loam
2026-09-25 15:51:41 [INFO] wepppy.run.thinning-soil-validation-20260925.soils:   95/455 ISRIC soil building completed, mukey=Podzols_loam
2026-09-25 15:51:43 [INFO] wepppy.run.thinning-soil-validation-20260925.soils:   96/455 ISRIC soil building completed, mukey=Cambisols_loam
2026-09-25 15:51:45 [INFO] wepppy.run.thinning-soil-validation-20260925.soils:   97/455 ISRIC soil building completed, mukey=Cambisols_loam
2026-09-25 15:51:47 [INFO] wepppy.run.thinning-soil-validation-20260925.soils:   98/455 ISRIC soil building completed, mukey=Podzols_loam
2026-09-25 15:51:49 [INFO] wepppy.run.thinning-soil-validation-20260925.soils:   99/455 ISRIC soil building completed, mukey=Cambisols_loam
2026-09-25 15:51:51 [INFO] wepppy.run.thinning-soil-validation-20260925.soils:   100/455 ISRIC soil building completed, mukey=Podzols_silt loam
2026-09-25 15:51:53 [INFO] wepppy.run.thinning-soil-validation-20260925.soils:   101/455 ISRIC soil building completed, mukey=Podzols_silt loam
2026-09-25 15:51:55 [INFO] wepppy.run.thinning-soil-validation-20260925.soils:   102/455 ISRIC soil building completed, mukey=Podzols_loam
2026-09-25 15:51:57 [INFO] wepppy.run.thinning-soil-validation-20260925.soils:   103/455 ISRIC soil building completed, mukey=Podzols_loam
2026-09-25 15:51:59 [INFO] wepppy.run.thinning-soil-validation-20260925.soils:   104/455 ISRIC soil building completed, mukey=Cambisols_loam
2026-09-25 15:52:01 [INFO] wepppy.run.thinning-soil-validation-20260925.soils:   105/455 ISRIC soil building completed, mukey=Podzols_loam
2026-09-25 15:52:03 [INFO] wepppy.run.thinning-soil-validation-20260925.soils:   106/455 ISRIC soil building completed, mukey=Cambisols_loam
2026-09-25 15:52:06 [INFO] wepppy.run.thinning-soil-validation-20260925.soils:   107/455 ISRIC soil building completed, mukey=Cambisols_loam
2026-09-25 15:52:08 [INFO] wepppy.run.thinning-soil-validation-20260925.soils:   108/455 ISRIC soil building completed, mukey=Cambisols_loam
2026-09-25 15:52:10 [INFO] wepppy.run.thinning-soil-validation-20260925.soils:   109/455 ISRIC soil building completed, mukey=Podzols_silt loam
2026-09-25 15:52:12 [INFO] wepppy.run.thinning-soil-validation-20260925.soils:   110/455 ISRIC soil building completed, mukey=Cambisols_loam
2026-09-25 15:52:14 [INFO] wepppy.run.thinning-soil-validation-20260925.soils:   111/455 ISRIC soil building completed, mukey=Cambisols_loam
2026-09-25 15:52:16 [INFO] wepppy.run.thinning-soil-validation-20260925.soils:   112/455 ISRIC soil building completed, mukey=Cambisols_loam
2026-09-25 15:52:18 [INFO] wepppy.run.thinning-soil-validation-20260925.soils:   113/455 ISRIC soil building completed, mukey=Cambisols_loam
2026-09-25 15:52:20 [INFO] wepppy.run.thinning-soil-validation-20260925.soils:   114/455 ISRIC soil building completed, mukey=Cambisols_loam
2026-09-25 15:52:22 [INFO] wepppy.run.thinning-soil-validation-20260925.soils:   115/455 ISRIC soil building completed, mukey=Podzols_loam
2026-09-25 15:52:24 [INFO] wepppy.run.thinning-soil-validation-20260925.soils:   116/455 ISRIC soil building completed, mukey=Cambisols_loam
2026-09-25 15:52:26 [INFO] wepppy.run.thinning-soil-validation-20260925.soils:   117/455 ISRIC soil building completed, mukey=Cambisols_loam
2026-09-25 15:52:28 [INFO] wepppy.run.thinning-soil-validation-20260925.soils:   118/455 ISRIC soil building completed, mukey=Cambisols_loam
2026-09-25 15:52:30 [INFO] wepppy.run.thinning-soil-validation-20260925.soils:   119/455 ISRIC soil building completed, mukey=Cambisols_loam
2026-09-25 15:52:32 [INFO] wepppy.run.thinning-soil-validation-20260925.soils:   120/455 ISRIC soil building completed, mukey=Cambisols_loam
2026-09-25 15:52:34 [INFO] wepppy.run.thinning-soil-validation-20260925.soils:   121/455 ISRIC soil building completed, mukey=Cambisols_loam
2026-09-25 15:52:36 [INFO] wepppy.run.thinning-soil-validation-20260925.soils:   122/455 ISRIC soil building completed, mukey=Cambisols_silt loam
2026-09-25 15:52:38 [INFO] wepppy.run.thinning-soil-validation-20260925.soils:   123/455 ISRIC soil building completed, mukey=Podzols_loam
2026-09-25 15:52:40 [INFO] wepppy.run.thinning-soil-validation-20260925.soils:   124/455 ISRIC soil building completed, mukey=Cambisols_loam
2026-09-25 15:52:42 [INFO] wepppy.run.thinning-soil-validation-20260925.soils:   125/455 ISRIC soil building completed, mukey=Cambisols_loam
2026-09-25 15:52:44 [INFO] wepppy.run.thinning-soil-validation-20260925.soils:   126/455 ISRIC soil building completed, mukey=Podzols_loam
2026-09-25 15:52:47 [INFO] wepppy.run.thinning-soil-validation-20260925.soils:   127/455 ISRIC soil building completed, mukey=Cambisols_loam
2026-09-25 15:52:49 [INFO] wepppy.run.thinning-soil-validation-20260925.soils:   128/455 ISRIC soil building completed, mukey=Cambisols_loam
2026-09-25 15:52:51 [INFO] wepppy.run.thinning-soil-validation-20260925.soils:   129/455 ISRIC soil building completed, mukey=Podzols_loam
2026-09-25 15:52:53 [INFO] wepppy.run.thinning-soil-validation-20260925.soils:   130/455 ISRIC soil building completed, mukey=Podzols_loam
2026-09-25 15:52:55 [INFO] wepppy.run.thinning-soil-validation-20260925.soils:   131/455 ISRIC soil building completed, mukey=Cambisols_loam
2026-09-25 15:52:57 [INFO] wepppy.run.thinning-soil-validation-20260925.soils:   132/455 ISRIC soil building completed, mukey=Cambisols_loam
2026-09-25 15:52:59 [INFO] wepppy.run.thinning-soil-validation-20260925.soils:   133/455 ISRIC soil building completed, mukey=Podzols_loam
2026-09-25 15:53:01 [INFO] wepppy.run.thinning-soil-validation-20260925.soils:   134/455 ISRIC soil building completed, mukey=Cambisols_loam
2026-09-25 15:53:03 [INFO] wepppy.run.thinning-soil-validation-20260925.soils:   135/455 ISRIC soil building completed, mukey=Cambisols_loam
2026-09-25 15:53:05 [INFO] wepppy.run.thinning-soil-validation-20260925.soils:   136/455 ISRIC soil building completed, mukey=Cambisols_loam
2026-09-25 15:53:07 [INFO] wepppy.run.thinning-soil-validation-20260925.soils:   137/455 ISRIC soil building completed, mukey=Cambisols_loam
2026-09-25 15:53:09 [INFO] wepppy.run.thinning-soil-validation-20260925.soils:   138/455 ISRIC soil building completed, mukey=Cambisols_loam
2026-09-25 15:53:11 [INFO] wepppy.run.thinning-soil-validation-20260925.soils:   139/455 ISRIC soil building completed, mukey=Cambisols_loam
2026-09-25 15:53:13 [INFO] wepppy.run.thinning-soil-validation-20260925.soils:   140/455 ISRIC soil building completed, mukey=Cambisols_loam
2026-09-25 15:53:15 [INFO] wepppy.run.thinning-soil-validation-20260925.soils:   141/455 ISRIC soil building completed, mukey=Cambisols_loam
2026-09-25 15:53:17 [INFO] wepppy.run.thinning-soil-validation-20260925.soils:   142/455 ISRIC soil building completed, mukey=Podzols_loam
2026-09-25 15:53:20 [INFO] wepppy.run.thinning-soil-validation-20260925.soils:   143/455 ISRIC soil building completed, mukey=Podzols_silt loam
2026-09-25 15:53:22 [INFO] wepppy.run.thinning-soil-validation-20260925.soils:   144/455 ISRIC soil building completed, mukey=Podzols_loam
2026-09-25 15:53:24 [INFO] wepppy.run.thinning-soil-validation-20260925.soils:   145/455 ISRIC soil building completed, mukey=Cambisols_loam
2026-09-25 15:53:26 [INFO] wepppy.run.thinning-soil-validation-20260925.soils:   146/455 ISRIC soil building completed, mukey=Podzols_loam
2026-09-25 15:53:28 [INFO] wepppy.run.thinning-soil-validation-20260925.soils:   147/455 ISRIC soil building completed, mukey=Cambisols_loam
2026-09-25 15:53:30 [INFO] wepppy.run.thinning-soil-validation-20260925.soils:   148/455 ISRIC soil building completed, mukey=Podzols_loam
2026-09-25 15:53:32 [INFO] wepppy.run.thinning-soil-validation-20260925.soils:   149/455 ISRIC soil building completed, mukey=Cambisols_loam
2026-09-25 15:53:34 [INFO] wepppy.run.thinning-soil-validation-20260925.soils:   150/455 ISRIC soil building completed, mukey=Podzols_loam
2026-09-25 15:53:37 [INFO] wepppy.run.thinning-soil-validation-20260925.soils:   151/455 ISRIC soil building completed, mukey=Cambisols_silt loam
2026-09-25 15:53:39 [INFO] wepppy.run.thinning-soil-validation-20260925.soils:   152/455 ISRIC soil building completed, mukey=Cambisols_loam
2026-09-25 15:53:41 [INFO] wepppy.run.thinning-soil-validation-20260925.soils:   153/455 ISRIC soil building completed, mukey=Cambisols_loam
2026-09-25 15:53:43 [INFO] wepppy.run.thinning-soil-validation-20260925.soils:   154/455 ISRIC soil building completed, mukey=Cambisols_loam
2026-09-25 15:53:45 [INFO] wepppy.run.thinning-soil-validation-20260925.soils:   155/455 ISRIC soil building completed, mukey=Podzols_loam
2026-09-25 15:53:47 [INFO] wepppy.run.thinning-soil-validation-20260925.soils:   156/455 ISRIC soil building completed, mukey=Cambisols_loam
2026-09-25 15:53:49 [INFO] wepppy.run.thinning-soil-validation-20260925.soils:   157/455 ISRIC soil building completed, mukey=Cambisols_loam
2026-09-25 15:53:51 [INFO] wepppy.run.thinning-soil-validation-20260925.soils:   158/455 ISRIC soil building completed, mukey=Cambisols_loam
2026-09-25 15:53:53 [INFO] wepppy.run.thinning-soil-validation-20260925.soils:   159/455 ISRIC soil building completed, mukey=Cambisols_loam
2026-09-25 15:53:55 [INFO] wepppy.run.thinning-soil-validation-20260925.soils:   160/455 ISRIC soil building completed, mukey=Cambisols_loam
2026-09-25 15:53:58 [INFO] wepppy.run.thinning-soil-validation-20260925.soils:   161/455 ISRIC soil building completed, mukey=Cambisols_loam
2026-09-25 15:54:00 [INFO] wepppy.run.thinning-soil-validation-20260925.soils:   162/455 ISRIC soil building completed, mukey=Podzols_loam
2026-09-25 15:54:02 [INFO] wepppy.run.thinning-soil-validation-20260925.soils:   163/455 ISRIC soil building completed, mukey=Cambisols_loam
2026-09-25 15:54:04 [INFO] wepppy.run.thinning-soil-validation-20260925.soils:   164/455 ISRIC soil building completed, mukey=Cambisols_loam
2026-09-25 15:54:06 [INFO] wepppy.run.thinning-soil-validation-20260925.soils:   165/455 ISRIC soil building completed, mukey=Cambisols_loam
2026-09-25 15:54:08 [INFO] wepppy.run.thinning-soil-validation-20260925.soils:   166/455 ISRIC soil building completed, mukey=Cambisols_loam
2026-09-25 15:54:10 [INFO] wepppy.run.thinning-soil-validation-20260925.soils:   167/455 ISRIC soil building completed, mukey=Cambisols_loam
2026-09-25 15:54:12 [INFO] wepppy.run.thinning-soil-validation-20260925.soils:   168/455 ISRIC soil building completed, mukey=Cambisols_loam
2026-09-25 15:54:15 [INFO] wepppy.run.thinning-soil-validation-20260925.soils:   169/455 ISRIC soil building completed, mukey=Cambisols_loam
2026-09-25 15:54:17 [INFO] wepppy.run.thinning-soil-validation-20260925.soils:   170/455 ISRIC soil building completed, mukey=Cambisols_loam
2026-09-25 15:54:19 [INFO] wepppy.run.thinning-soil-validation-20260925.soils:   171/455 ISRIC soil building completed, mukey=Cambisols_loam
2026-09-25 15:54:21 [INFO] wepppy.run.thinning-soil-validation-20260925.soils:   172/455 ISRIC soil building completed, mukey=Cambisols_loam
2026-09-25 15:54:23 [INFO] wepppy.run.thinning-soil-validation-20260925.soils:   173/455 ISRIC soil building completed, mukey=Cambisols_loam
2026-09-25 15:54:25 [INFO] wepppy.run.thinning-soil-validation-20260925.soils:   174/455 ISRIC soil building completed, mukey=Podzols_silt loam
2026-09-25 15:54:27 [INFO] wepppy.run.thinning-soil-validation-20260925.soils:   175/455 ISRIC soil building completed, mukey=Cambisols_loam
2026-09-25 15:54:29 [INFO] wepppy.run.thinning-soil-validation-20260925.soils:   176/455 ISRIC soil building completed, mukey=Cambisols_loam
2026-09-25 15:54:31 [INFO] wepppy.run.thinning-soil-validation-20260925.soils:   177/455 ISRIC soil building completed, mukey=Cambisols_loam
2026-09-25 15:54:33 [INFO] wepppy.run.thinning-soil-validation-20260925.soils:   178/455 ISRIC soil building completed, mukey=Cambisols_loam
2026-09-25 15:54:35 [INFO] wepppy.run.thinning-soil-validation-20260925.soils:   179/455 ISRIC soil building completed, mukey=Cambisols_loam
2026-09-25 15:54:38 [INFO] wepppy.run.thinning-soil-validation-20260925.soils:   180/455 ISRIC soil building completed, mukey=Cambisols_loam
2026-09-25 15:54:40 [INFO] wepppy.run.thinning-soil-validation-20260925.soils:   181/455 ISRIC soil building completed, mukey=Podzols_loam
2026-09-25 15:54:42 [INFO] wepppy.run.thinning-soil-validation-20260925.soils:   182/455 ISRIC soil building completed, mukey=Cambisols_loam
2026-09-25 15:54:44 [INFO] wepppy.run.thinning-soil-validation-20260925.soils:   183/455 ISRIC soil building completed, mukey=Cambisols_loam
2026-09-25 15:54:46 [INFO] wepppy.run.thinning-soil-validation-20260925.soils:   184/455 ISRIC soil building completed, mukey=Cambisols_loam
2026-09-25 15:54:48 [INFO] wepppy.run.thinning-soil-validation-20260925.soils:   185/455 ISRIC soil building completed, mukey=Cambisols_loam
2026-09-25 15:54:50 [INFO] wepppy.run.thinning-soil-validation-20260925.soils:   186/455 ISRIC soil building completed, mukey=Cambisols_loam
2026-09-25 15:54:52 [INFO] wepppy.run.thinning-soil-validation-20260925.soils:   187/455 ISRIC soil building completed, mukey=Cambisols_loam
2026-09-25 15:54:54 [INFO] wepppy.run.thinning-soil-validation-20260925.soils:   188/455 ISRIC soil building completed, mukey=Cambisols_loam
2026-09-25 15:54:56 [INFO] wepppy.run.thinning-soil-validation-20260925.soils:   189/455 ISRIC soil building completed, mukey=Cambisols_loam
2026-09-25 15:54:59 [INFO] wepppy.run.thinning-soil-validation-20260925.soils:   190/455 ISRIC soil building completed, mukey=Podzols_silt loam
2026-09-25 15:55:01 [INFO] wepppy.run.thinning-soil-validation-20260925.soils:   191/455 ISRIC soil building completed, mukey=Cambisols_silt loam
2026-09-25 15:55:03 [INFO] wepppy.run.thinning-soil-validation-20260925.soils:   192/455 ISRIC soil building completed, mukey=Podzols_loam
2026-09-25 15:55:05 [INFO] wepppy.run.thinning-soil-validation-20260925.soils:   193/455 ISRIC soil building completed, mukey=Cambisols_loam
2026-09-25 15:55:07 [INFO] wepppy.run.thinning-soil-validation-20260925.soils:   194/455 ISRIC soil building completed, mukey=Cambisols_loam
2026-09-25 15:55:09 [INFO] wepppy.run.thinning-soil-validation-20260925.soils:   195/455 ISRIC soil building completed, mukey=Cambisols_loam
2026-09-25 15:55:11 [INFO] wepppy.run.thinning-soil-validation-20260925.soils:   196/455 ISRIC soil building completed, mukey=Podzols_silt loam
2026-09-25 15:55:13 [INFO] wepppy.run.thinning-soil-validation-20260925.soils:   197/455 ISRIC soil building completed, mukey=Cambisols_loam
2026-09-25 15:55:15 [INFO] wepppy.run.thinning-soil-validation-20260925.soils:   198/455 ISRIC soil building completed, mukey=Podzols_loam
2026-09-25 15:55:17 [INFO] wepppy.run.thinning-soil-validation-20260925.soils:   199/455 ISRIC soil building completed, mukey=Cambisols_loam
2026-09-25 15:55:19 [INFO] wepppy.run.thinning-soil-validation-20260925.soils:   200/455 ISRIC soil building completed, mukey=Cambisols_loam
2026-09-25 15:55:21 [INFO] wepppy.run.thinning-soil-validation-20260925.soils:   201/455 ISRIC soil building completed, mukey=Cambisols_loam
2026-09-25 15:55:23 [INFO] wepppy.run.thinning-soil-validation-20260925.soils:   202/455 ISRIC soil building completed, mukey=Cambisols_loam
2026-09-25 15:55:25 [INFO] wepppy.run.thinning-soil-validation-20260925.soils:   203/455 ISRIC soil building completed, mukey=Cambisols_loam
2026-09-25 15:55:28 [INFO] wepppy.run.thinning-soil-validation-20260925.soils:   204/455 ISRIC soil building completed, mukey=Cambisols_loam
2026-09-25 15:55:30 [INFO] wepppy.run.thinning-soil-validation-20260925.soils:   205/455 ISRIC soil building completed, mukey=Podzols_loam
2026-09-25 15:55:32 [INFO] wepppy.run.thinning-soil-validation-20260925.soils:   206/455 ISRIC soil building completed, mukey=Podzols_loam
2026-09-25 15:55:34 [INFO] wepppy.run.thinning-soil-validation-20260925.soils:   207/455 ISRIC soil building completed, mukey=Cambisols_loam
2026-09-25 15:55:36 [INFO] wepppy.run.thinning-soil-validation-20260925.soils:   208/455 ISRIC soil building completed, mukey=Cambisols_loam
2026-09-25 15:55:38 [INFO] wepppy.run.thinning-soil-validation-20260925.soils:   209/455 ISRIC soil building completed, mukey=Cambisols_loam
2026-09-25 15:55:40 [INFO] wepppy.run.thinning-soil-validation-20260925.soils:   210/455 ISRIC soil building completed, mukey=Cambisols_loam
2026-09-25 15:55:42 [INFO] wepppy.run.thinning-soil-validation-20260925.soils:   211/455 ISRIC soil building completed, mukey=Cambisols_loam
2026-09-25 15:55:44 [INFO] wepppy.run.thinning-soil-validation-20260925.soils:   212/455 ISRIC soil building completed, mukey=Cambisols_loam
2026-09-25 15:55:46 [INFO] wepppy.run.thinning-soil-validation-20260925.soils:   213/455 ISRIC soil building completed, mukey=Podzols_loam
2026-09-25 15:55:48 [INFO] wepppy.run.thinning-soil-validation-20260925.soils:   214/455 ISRIC soil building completed, mukey=Cambisols_loam
2026-09-25 15:55:51 [INFO] wepppy.run.thinning-soil-validation-20260925.soils:   215/455 ISRIC soil building completed, mukey=Cambisols_loam
2026-09-25 15:55:53 [INFO] wepppy.run.thinning-soil-validation-20260925.soils:   216/455 ISRIC soil building completed, mukey=Cambisols_loam
2026-09-25 15:55:55 [INFO] wepppy.run.thinning-soil-validation-20260925.soils:   217/455 ISRIC soil building completed, mukey=Cambisols_loam
2026-09-25 15:55:57 [INFO] wepppy.run.thinning-soil-validation-20260925.soils:   218/455 ISRIC soil building completed, mukey=Cambisols_loam
2026-09-25 15:55:59 [INFO] wepppy.run.thinning-soil-validation-20260925.soils:   219/455 ISRIC soil building completed, mukey=Cambisols_loam
2026-09-25 15:56:01 [INFO] wepppy.run.thinning-soil-validation-20260925.soils:   220/455 ISRIC soil building completed, mukey=Cambisols_silt loam
2026-09-25 15:56:03 [INFO] wepppy.run.thinning-soil-validation-20260925.soils:   221/455 ISRIC soil building completed, mukey=Cambisols_loam
2026-09-25 15:56:05 [INFO] wepppy.run.thinning-soil-validation-20260925.soils:   222/455 ISRIC soil building completed, mukey=Cambisols_loam
2026-09-25 15:56:07 [INFO] wepppy.run.thinning-soil-validation-20260925.soils:   223/455 ISRIC soil building completed, mukey=Cambisols_loam
2026-09-25 15:56:09 [INFO] wepppy.run.thinning-soil-validation-20260925.soils:   224/455 ISRIC soil building completed, mukey=Cambisols_loam
2026-09-25 15:56:11 [INFO] wepppy.run.thinning-soil-validation-20260925.soils:   225/455 ISRIC soil building completed, mukey=Cambisols_loam
2026-09-25 15:56:13 [INFO] wepppy.run.thinning-soil-validation-20260925.soils:   226/455 ISRIC soil building completed, mukey=Cambisols_loam
2026-09-25 15:56:15 [INFO] wepppy.run.thinning-soil-validation-20260925.soils:   227/455 ISRIC soil building completed, mukey=Cambisols_loam
2026-09-25 15:56:17 [INFO] wepppy.run.thinning-soil-validation-20260925.soils:   228/455 ISRIC soil building completed, mukey=Cambisols_loam
2026-09-25 15:56:19 [INFO] wepppy.run.thinning-soil-validation-20260925.soils:   229/455 ISRIC soil building completed, mukey=Cambisols_loam
2026-09-25 15:56:21 [INFO] wepppy.run.thinning-soil-validation-20260925.soils:   230/455 ISRIC soil building completed, mukey=Cambisols_loam
2026-09-25 15:56:23 [INFO] wepppy.run.thinning-soil-validation-20260925.soils:   231/455 ISRIC soil building completed, mukey=Cambisols_loam
2026-09-25 15:56:25 [INFO] wepppy.run.thinning-soil-validation-20260925.soils:   232/455 ISRIC soil building completed, mukey=Cambisols_loam
2026-09-25 15:56:28 [INFO] wepppy.run.thinning-soil-validation-20260925.soils:   233/455 ISRIC soil building completed, mukey=Cambisols_loam
2026-09-25 15:56:30 [INFO] wepppy.run.thinning-soil-validation-20260925.soils:   234/455 ISRIC soil building completed, mukey=Podzols_loam
2026-09-25 15:56:32 [INFO] wepppy.run.thinning-soil-validation-20260925.soils:   235/455 ISRIC soil building completed, mukey=Cambisols_loam
2026-09-25 15:56:34 [INFO] wepppy.run.thinning-soil-validation-20260925.soils:   236/455 ISRIC soil building completed, mukey=Cambisols_loam
2026-09-25 15:56:36 [INFO] wepppy.run.thinning-soil-validation-20260925.soils:   237/455 ISRIC soil building completed, mukey=Cambisols_loam
2026-09-25 15:56:38 [INFO] wepppy.run.thinning-soil-validation-20260925.soils:   238/455 ISRIC soil building completed, mukey=Cambisols_loam
2026-09-25 15:56:40 [INFO] wepppy.run.thinning-soil-validation-20260925.soils:   239/455 ISRIC soil building completed, mukey=Cambisols_loam
2026-09-25 15:56:42 [INFO] wepppy.run.thinning-soil-validation-20260925.soils:   240/455 ISRIC soil building completed, mukey=Podzols_loam
2026-09-25 15:56:44 [INFO] wepppy.run.thinning-soil-validation-20260925.soils:   241/455 ISRIC soil building completed, mukey=Cambisols_loam
2026-09-25 15:56:46 [INFO] wepppy.run.thinning-soil-validation-20260925.soils:   242/455 ISRIC soil building completed, mukey=Cambisols_loam
2026-09-25 15:56:48 [INFO] wepppy.run.thinning-soil-validation-20260925.soils:   243/455 ISRIC soil building completed, mukey=Cambisols_loam
2026-09-25 15:56:50 [INFO] wepppy.run.thinning-soil-validation-20260925.soils:   244/455 ISRIC soil building completed, mukey=Podzols_loam
2026-09-25 15:56:52 [INFO] wepppy.run.thinning-soil-validation-20260925.soils:   245/455 ISRIC soil building completed, mukey=Cambisols_loam
2026-09-25 15:56:54 [INFO] wepppy.run.thinning-soil-validation-20260925.soils:   246/455 ISRIC soil building completed, mukey=Cambisols_loam
2026-09-25 15:56:56 [INFO] wepppy.run.thinning-soil-validation-20260925.soils:   247/455 ISRIC soil building completed, mukey=Podzols_loam
2026-09-25 15:56:58 [INFO] wepppy.run.thinning-soil-validation-20260925.soils:   248/455 ISRIC soil building completed, mukey=Cambisols_loam
2026-09-25 15:57:00 [INFO] wepppy.run.thinning-soil-validation-20260925.soils:   249/455 ISRIC soil building completed, mukey=Cambisols_loam
2026-09-25 15:57:02 [INFO] wepppy.run.thinning-soil-validation-20260925.soils:   250/455 ISRIC soil building completed, mukey=Podzols_loam
2026-09-25 15:57:04 [INFO] wepppy.run.thinning-soil-validation-20260925.soils:   251/455 ISRIC soil building completed, mukey=Cambisols_loam
2026-09-25 15:57:06 [INFO] wepppy.run.thinning-soil-validation-20260925.soils:   252/455 ISRIC soil building completed, mukey=Cambisols_loam
2026-09-25 15:57:08 [INFO] wepppy.run.thinning-soil-validation-20260925.soils:   253/455 ISRIC soil building completed, mukey=Podzols_loam
2026-09-25 15:57:10 [INFO] wepppy.run.thinning-soil-validation-20260925.soils:   254/455 ISRIC soil building completed, mukey=Cambisols_loam
2026-09-25 15:57:12 [INFO] wepppy.run.thinning-soil-validation-20260925.soils:   255/455 ISRIC soil building completed, mukey=Podzols_loam
2026-09-25 15:57:14 [INFO] wepppy.run.thinning-soil-validation-20260925.soils:   256/455 ISRIC soil building completed, mukey=Cambisols_loam
2026-09-25 15:57:16 [INFO] wepppy.run.thinning-soil-validation-20260925.soils:   257/455 ISRIC soil building completed, mukey=Cambisols_loam
2026-09-25 15:57:18 [INFO] wepppy.run.thinning-soil-validation-20260925.soils:   258/455 ISRIC soil building completed, mukey=Cambisols_loam
2026-09-25 15:57:20 [INFO] wepppy.run.thinning-soil-validation-20260925.soils:   259/455 ISRIC soil building completed, mukey=Cambisols_loam
2026-09-25 15:57:22 [INFO] wepppy.run.thinning-soil-validation-20260925.soils:   260/455 ISRIC soil building completed, mukey=Cambisols_loam
2026-09-25 15:57:24 [INFO] wepppy.run.thinning-soil-validation-20260925.soils:   261/455 ISRIC soil building completed, mukey=Cambisols_loam
2026-09-25 15:57:26 [INFO] wepppy.run.thinning-soil-validation-20260925.soils:   262/455 ISRIC soil building completed, mukey=Podzols_loam
2026-09-25 15:57:28 [INFO] wepppy.run.thinning-soil-validation-20260925.soils:   263/455 ISRIC soil building completed, mukey=Podzols_loam
2026-09-25 15:57:30 [INFO] wepppy.run.thinning-soil-validation-20260925.soils:   264/455 ISRIC soil building completed, mukey=Cambisols_loam
2026-09-25 15:57:32 [INFO] wepppy.run.thinning-soil-validation-20260925.soils:   265/455 ISRIC soil building completed, mukey=Cambisols_loam
2026-09-25 15:57:34 [INFO] wepppy.run.thinning-soil-validation-20260925.soils:   266/455 ISRIC soil building completed, mukey=Podzols_loam
2026-09-25 15:57:36 [INFO] wepppy.run.thinning-soil-validation-20260925.soils:   267/455 ISRIC soil building completed, mukey=Podzols_loam
2026-09-25 15:57:39 [INFO] wepppy.run.thinning-soil-validation-20260925.soils:   268/455 ISRIC soil building completed, mukey=Cambisols_loam
2026-09-25 15:57:41 [INFO] wepppy.run.thinning-soil-validation-20260925.soils:   269/455 ISRIC soil building completed, mukey=Cambisols_silt loam
2026-09-25 15:57:43 [INFO] wepppy.run.thinning-soil-validation-20260925.soils:   270/455 ISRIC soil building completed, mukey=Cambisols_loam
2026-09-25 15:57:45 [INFO] wepppy.run.thinning-soil-validation-20260925.soils:   271/455 ISRIC soil building completed, mukey=Cambisols_loam
2026-09-25 15:57:47 [INFO] wepppy.run.thinning-soil-validation-20260925.soils:   272/455 ISRIC soil building completed, mukey=Cambisols_loam
2026-09-25 15:57:49 [INFO] wepppy.run.thinning-soil-validation-20260925.soils:   273/455 ISRIC soil building completed, mukey=Cambisols_loam
2026-09-25 15:57:51 [INFO] wepppy.run.thinning-soil-validation-20260925.soils:   274/455 ISRIC soil building completed, mukey=Cambisols_loam
2026-09-25 15:57:53 [INFO] wepppy.run.thinning-soil-validation-20260925.soils:   275/455 ISRIC soil building completed, mukey=Cambisols_loam
2026-09-25 15:57:55 [INFO] wepppy.run.thinning-soil-validation-20260925.soils:   276/455 ISRIC soil building completed, mukey=Podzols_loam
2026-09-25 15:57:57 [INFO] wepppy.run.thinning-soil-validation-20260925.soils:   277/455 ISRIC soil building completed, mukey=Cambisols_loam
2026-09-25 15:57:59 [INFO] wepppy.run.thinning-soil-validation-20260925.soils:   278/455 ISRIC soil building completed, mukey=Cambisols_loam
2026-09-25 15:58:01 [INFO] wepppy.run.thinning-soil-validation-20260925.soils:   279/455 ISRIC soil building completed, mukey=Cambisols_loam
2026-09-25 15:58:03 [INFO] wepppy.run.thinning-soil-validation-20260925.soils:   280/455 ISRIC soil building completed, mukey=Cambisols_loam
2026-09-25 15:58:05 [INFO] wepppy.run.thinning-soil-validation-20260925.soils:   281/455 ISRIC soil building completed, mukey=Podzols_loam
2026-09-25 15:58:07 [INFO] wepppy.run.thinning-soil-validation-20260925.soils:   282/455 ISRIC soil building completed, mukey=Cambisols_loam
2026-09-25 15:58:09 [INFO] wepppy.run.thinning-soil-validation-20260925.soils:   283/455 ISRIC soil building completed, mukey=Cambisols_loam
2026-09-25 15:58:11 [INFO] wepppy.run.thinning-soil-validation-20260925.soils:   284/455 ISRIC soil building completed, mukey=Cambisols_loam
2026-09-25 15:58:13 [INFO] wepppy.run.thinning-soil-validation-20260925.soils:   285/455 ISRIC soil building completed, mukey=Cambisols_loam
2026-09-25 15:58:15 [INFO] wepppy.run.thinning-soil-validation-20260925.soils:   286/455 ISRIC soil building completed, mukey=Podzols_loam
2026-09-25 15:58:17 [INFO] wepppy.run.thinning-soil-validation-20260925.soils:   287/455 ISRIC soil building completed, mukey=Podzols_loam
2026-09-25 15:58:19 [INFO] wepppy.run.thinning-soil-validation-20260925.soils:   288/455 ISRIC soil building completed, mukey=Podzols_loam
2026-09-25 15:58:22 [INFO] wepppy.run.thinning-soil-validation-20260925.soils:   289/455 ISRIC soil building completed, mukey=Podzols_loam
2026-09-25 15:58:24 [INFO] wepppy.run.thinning-soil-validation-20260925.soils:   290/455 ISRIC soil building completed, mukey=Cambisols_loam
2026-09-25 15:58:26 [INFO] wepppy.run.thinning-soil-validation-20260925.soils:   291/455 ISRIC soil building completed, mukey=Cambisols_loam
2026-09-25 15:58:28 [INFO] wepppy.run.thinning-soil-validation-20260925.soils:   292/455 ISRIC soil building completed, mukey=Cambisols_loam
2026-09-25 15:58:30 [INFO] wepppy.run.thinning-soil-validation-20260925.soils:   293/455 ISRIC soil building completed, mukey=Cambisols_loam
2026-09-25 15:58:32 [INFO] wepppy.run.thinning-soil-validation-20260925.soils:   294/455 ISRIC soil building completed, mukey=Podzols_loam
2026-09-25 15:58:34 [INFO] wepppy.run.thinning-soil-validation-20260925.soils:   295/455 ISRIC soil building completed, mukey=Cambisols_loam
2026-09-25 15:58:36 [INFO] wepppy.run.thinning-soil-validation-20260925.soils:   296/455 ISRIC soil building completed, mukey=Podzols_silt loam
2026-09-25 15:58:38 [INFO] wepppy.run.thinning-soil-validation-20260925.soils:   297/455 ISRIC soil building completed, mukey=Podzols_loam
2026-09-25 15:58:40 [INFO] wepppy.run.thinning-soil-validation-20260925.soils:   298/455 ISRIC soil building completed, mukey=Cambisols_loam
2026-09-25 15:58:42 [INFO] wepppy.run.thinning-soil-validation-20260925.soils:   299/455 ISRIC soil building completed, mukey=Podzols_loam
2026-09-25 15:58:44 [INFO] wepppy.run.thinning-soil-validation-20260925.soils:   300/455 ISRIC soil building completed, mukey=Podzols_loam
2026-09-25 15:58:46 [INFO] wepppy.run.thinning-soil-validation-20260925.soils:   301/455 ISRIC soil building completed, mukey=Podzols_loam
2026-09-25 15:58:48 [INFO] wepppy.run.thinning-soil-validation-20260925.soils:   302/455 ISRIC soil building completed, mukey=Cambisols_loam
2026-09-25 15:58:50 [INFO] wepppy.run.thinning-soil-validation-20260925.soils:   303/455 ISRIC soil building completed, mukey=Cambisols_loam
2026-09-25 15:58:52 [INFO] wepppy.run.thinning-soil-validation-20260925.soils:   304/455 ISRIC soil building completed, mukey=Cambisols_loam
2026-09-25 15:58:54 [INFO] wepppy.run.thinning-soil-validation-20260925.soils:   305/455 ISRIC soil building completed, mukey=Cambisols_loam
2026-09-25 15:58:56 [INFO] wepppy.run.thinning-soil-validation-20260925.soils:   306/455 ISRIC soil building completed, mukey=Cambisols_loam
2026-09-25 15:58:58 [INFO] wepppy.run.thinning-soil-validation-20260925.soils:   307/455 ISRIC soil building completed, mukey=Cambisols_loam
2026-09-25 15:59:01 [INFO] wepppy.run.thinning-soil-validation-20260925.soils:   308/455 ISRIC soil building completed, mukey=Podzols_silt loam
2026-09-25 15:59:03 [INFO] wepppy.run.thinning-soil-validation-20260925.soils:   309/455 ISRIC soil building completed, mukey=Cambisols_loam
2026-09-25 15:59:05 [INFO] wepppy.run.thinning-soil-validation-20260925.soils:   310/455 ISRIC soil building completed, mukey=Podzols_loam
2026-09-25 15:59:07 [INFO] wepppy.run.thinning-soil-validation-20260925.soils:   311/455 ISRIC soil building completed, mukey=Cambisols_loam
2026-09-25 15:59:09 [INFO] wepppy.run.thinning-soil-validation-20260925.soils:   312/455 ISRIC soil building completed, mukey=Cambisols_loam
2026-09-25 15:59:11 [INFO] wepppy.run.thinning-soil-validation-20260925.soils:   313/455 ISRIC soil building completed, mukey=Podzols_loam
2026-09-25 15:59:13 [INFO] wepppy.run.thinning-soil-validation-20260925.soils:   314/455 ISRIC soil building completed, mukey=Cambisols_loam
2026-09-25 15:59:15 [INFO] wepppy.run.thinning-soil-validation-20260925.soils:   315/455 ISRIC soil building completed, mukey=Cambisols_loam
2026-09-25 15:59:17 [INFO] wepppy.run.thinning-soil-validation-20260925.soils:   316/455 ISRIC soil building completed, mukey=Podzols_loam
2026-09-25 15:59:19 [INFO] wepppy.run.thinning-soil-validation-20260925.soils:   317/455 ISRIC soil building completed, mukey=Podzols_loam
2026-09-25 15:59:21 [INFO] wepppy.run.thinning-soil-validation-20260925.soils:   318/455 ISRIC soil building completed, mukey=Cambisols_loam
2026-09-25 15:59:23 [INFO] wepppy.run.thinning-soil-validation-20260925.soils:   319/455 ISRIC soil building completed, mukey=Cambisols_loam
2026-09-25 15:59:26 [INFO] wepppy.run.thinning-soil-validation-20260925.soils:   320/455 ISRIC soil building completed, mukey=Cambisols_loam
2026-09-25 15:59:28 [INFO] wepppy.run.thinning-soil-validation-20260925.soils:   321/455 ISRIC soil building completed, mukey=Cambisols_loam
2026-09-25 15:59:30 [INFO] wepppy.run.thinning-soil-validation-20260925.soils:   322/455 ISRIC soil building completed, mukey=Cambisols_loam
2026-09-25 15:59:32 [INFO] wepppy.run.thinning-soil-validation-20260925.soils:   323/455 ISRIC soil building completed, mukey=Cambisols_loam
2026-09-25 15:59:34 [INFO] wepppy.run.thinning-soil-validation-20260925.soils:   324/455 ISRIC soil building completed, mukey=Cambisols_loam
2026-09-25 15:59:36 [INFO] wepppy.run.thinning-soil-validation-20260925.soils:   325/455 ISRIC soil building completed, mukey=Podzols_loam
2026-09-25 15:59:38 [INFO] wepppy.run.thinning-soil-validation-20260925.soils:   326/455 ISRIC soil building completed, mukey=Cambisols_loam
2026-09-25 15:59:40 [INFO] wepppy.run.thinning-soil-validation-20260925.soils:   327/455 ISRIC soil building completed, mukey=Cambisols_loam
2026-09-25 15:59:42 [INFO] wepppy.run.thinning-soil-validation-20260925.soils:   328/455 ISRIC soil building completed, mukey=Podzols_loam
2026-09-25 15:59:44 [INFO] wepppy.run.thinning-soil-validation-20260925.soils:   329/455 ISRIC soil building completed, mukey=Podzols_silt loam
2026-09-25 15:59:47 [INFO] wepppy.run.thinning-soil-validation-20260925.soils:   330/455 ISRIC soil building completed, mukey=Cambisols_loam
2026-09-25 15:59:49 [INFO] wepppy.run.thinning-soil-validation-20260925.soils:   331/455 ISRIC soil building completed, mukey=Cambisols_loam
2026-09-25 15:59:51 [INFO] wepppy.run.thinning-soil-validation-20260925.soils:   332/455 ISRIC soil building completed, mukey=Cambisols_loam
2026-09-25 15:59:53 [INFO] wepppy.run.thinning-soil-validation-20260925.soils:   333/455 ISRIC soil building completed, mukey=Cambisols_loam
2026-09-25 15:59:55 [INFO] wepppy.run.thinning-soil-validation-20260925.soils:   334/455 ISRIC soil building completed, mukey=Cambisols_loam
2026-09-25 15:59:57 [INFO] wepppy.run.thinning-soil-validation-20260925.soils:   335/455 ISRIC soil building completed, mukey=Podzols_loam
2026-09-25 15:59:59 [INFO] wepppy.run.thinning-soil-validation-20260925.soils:   336/455 ISRIC soil building completed, mukey=Cambisols_loam
2026-09-25 16:00:01 [INFO] wepppy.run.thinning-soil-validation-20260925.soils:   337/455 ISRIC soil building completed, mukey=Cambisols_loam
2026-09-25 16:00:03 [INFO] wepppy.run.thinning-soil-validation-20260925.soils:   338/455 ISRIC soil building completed, mukey=Cambisols_loam
2026-09-25 16:00:05 [INFO] wepppy.run.thinning-soil-validation-20260925.soils:   339/455 ISRIC soil building completed, mukey=Cambisols_loam
2026-09-25 16:00:07 [INFO] wepppy.run.thinning-soil-validation-20260925.soils:   340/455 ISRIC soil building completed, mukey=Cambisols_loam
2026-09-25 16:00:09 [INFO] wepppy.run.thinning-soil-validation-20260925.soils:   341/455 ISRIC soil building completed, mukey=Cambisols_loam
2026-09-25 16:00:12 [INFO] wepppy.run.thinning-soil-validation-20260925.soils:   342/455 ISRIC soil building completed, mukey=Cambisols_loam
2026-09-25 16:00:14 [INFO] wepppy.run.thinning-soil-validation-20260925.soils:   343/455 ISRIC soil building completed, mukey=Podzols_loam
2026-09-25 16:00:16 [INFO] wepppy.run.thinning-soil-validation-20260925.soils:   344/455 ISRIC soil building completed, mukey=Cambisols_loam
2026-09-25 16:00:18 [INFO] wepppy.run.thinning-soil-validation-20260925.soils:   345/455 ISRIC soil building completed, mukey=Cambisols_loam
2026-09-25 16:00:20 [INFO] wepppy.run.thinning-soil-validation-20260925.soils:   346/455 ISRIC soil building completed, mukey=Podzols_loam
2026-09-25 16:00:22 [INFO] wepppy.run.thinning-soil-validation-20260925.soils:   347/455 ISRIC soil building completed, mukey=Cambisols_loam
2026-09-25 16:00:24 [INFO] wepppy.run.thinning-soil-validation-20260925.soils:   348/455 ISRIC soil building completed, mukey=Cambisols_loam
2026-09-25 16:00:26 [INFO] wepppy.run.thinning-soil-validation-20260925.soils:   349/455 ISRIC soil building completed, mukey=Podzols_loam
2026-09-25 16:00:28 [INFO] wepppy.run.thinning-soil-validation-20260925.soils:   350/455 ISRIC soil building completed, mukey=Cambisols_loam
2026-09-25 16:00:30 [INFO] wepppy.run.thinning-soil-validation-20260925.soils:   351/455 ISRIC soil building completed, mukey=Cambisols_loam
2026-09-25 16:00:33 [INFO] wepppy.run.thinning-soil-validation-20260925.soils:   352/455 ISRIC soil building completed, mukey=Podzols_loam
2026-09-25 16:00:35 [INFO] wepppy.run.thinning-soil-validation-20260925.soils:   353/455 ISRIC soil building completed, mukey=Cambisols_loam
2026-09-25 16:00:37 [INFO] wepppy.run.thinning-soil-validation-20260925.soils:   354/455 ISRIC soil building completed, mukey=Cambisols_loam
2026-09-25 16:00:39 [INFO] wepppy.run.thinning-soil-validation-20260925.soils:   355/455 ISRIC soil building completed, mukey=Cambisols_loam
2026-09-25 16:00:41 [INFO] wepppy.run.thinning-soil-validation-20260925.soils:   356/455 ISRIC soil building completed, mukey=Cambisols_loam
2026-09-25 16:00:43 [INFO] wepppy.run.thinning-soil-validation-20260925.soils:   357/455 ISRIC soil building completed, mukey=Podzols_silt loam
2026-09-25 16:00:45 [INFO] wepppy.run.thinning-soil-validation-20260925.soils:   358/455 ISRIC soil building completed, mukey=Cambisols_loam
2026-09-25 16:00:47 [INFO] wepppy.run.thinning-soil-validation-20260925.soils:   359/455 ISRIC soil building completed, mukey=Cambisols_loam
2026-09-25 16:00:49 [INFO] wepppy.run.thinning-soil-validation-20260925.soils:   360/455 ISRIC soil building completed, mukey=Cambisols_loam
2026-09-25 16:00:51 [INFO] wepppy.run.thinning-soil-validation-20260925.soils:   361/455 ISRIC soil building completed, mukey=Cambisols_loam
2026-09-25 16:00:53 [INFO] wepppy.run.thinning-soil-validation-20260925.soils:   362/455 ISRIC soil building completed, mukey=Podzols_loam
2026-09-25 16:00:55 [INFO] wepppy.run.thinning-soil-validation-20260925.soils:   363/455 ISRIC soil building completed, mukey=Podzols_loam
2026-09-25 16:00:57 [INFO] wepppy.run.thinning-soil-validation-20260925.soils:   364/455 ISRIC soil building completed, mukey=Cambisols_loam
2026-09-25 16:01:00 [INFO] wepppy.run.thinning-soil-validation-20260925.soils:   365/455 ISRIC soil building completed, mukey=Cambisols_loam
2026-09-25 16:01:02 [INFO] wepppy.run.thinning-soil-validation-20260925.soils:   366/455 ISRIC soil building completed, mukey=Podzols_loam
2026-09-25 16:01:04 [INFO] wepppy.run.thinning-soil-validation-20260925.soils:   367/455 ISRIC soil building completed, mukey=Cambisols_loam
2026-09-25 16:01:06 [INFO] wepppy.run.thinning-soil-validation-20260925.soils:   368/455 ISRIC soil building completed, mukey=Cambisols_loam
2026-09-25 16:01:08 [INFO] wepppy.run.thinning-soil-validation-20260925.soils:   369/455 ISRIC soil building completed, mukey=Cambisols_loam
2026-09-25 16:01:10 [INFO] wepppy.run.thinning-soil-validation-20260925.soils:   370/455 ISRIC soil building completed, mukey=Cambisols_loam
2026-09-25 16:01:12 [INFO] wepppy.run.thinning-soil-validation-20260925.soils:   371/455 ISRIC soil building completed, mukey=Cambisols_loam
2026-09-25 16:01:14 [INFO] wepppy.run.thinning-soil-validation-20260925.soils:   372/455 ISRIC soil building completed, mukey=Cambisols_loam
2026-09-25 16:01:16 [INFO] wepppy.run.thinning-soil-validation-20260925.soils:   373/455 ISRIC soil building completed, mukey=Cambisols_loam
2026-09-25 16:01:18 [INFO] wepppy.run.thinning-soil-validation-20260925.soils:   374/455 ISRIC soil building completed, mukey=Cambisols_loam
2026-09-25 16:01:20 [INFO] wepppy.run.thinning-soil-validation-20260925.soils:   375/455 ISRIC soil building completed, mukey=Cambisols_loam
2026-09-25 16:01:22 [INFO] wepppy.run.thinning-soil-validation-20260925.soils:   376/455 ISRIC soil building completed, mukey=Podzols_loam
2026-09-25 16:01:24 [INFO] wepppy.run.thinning-soil-validation-20260925.soils:   377/455 ISRIC soil building completed, mukey=Podzols_silt loam
2026-09-25 16:01:26 [INFO] wepppy.run.thinning-soil-validation-20260925.soils:   378/455 ISRIC soil building completed, mukey=Cambisols_loam
2026-09-25 16:01:28 [INFO] wepppy.run.thinning-soil-validation-20260925.soils:   379/455 ISRIC soil building completed, mukey=Cambisols_loam
2026-09-25 16:01:30 [INFO] wepppy.run.thinning-soil-validation-20260925.soils:   380/455 ISRIC soil building completed, mukey=Cambisols_loam
2026-09-25 16:01:33 [INFO] wepppy.run.thinning-soil-validation-20260925.soils:   381/455 ISRIC soil building completed, mukey=Cambisols_loam
2026-09-25 16:01:35 [INFO] wepppy.run.thinning-soil-validation-20260925.soils:   382/455 ISRIC soil building completed, mukey=Cambisols_loam
2026-09-25 16:01:37 [INFO] wepppy.run.thinning-soil-validation-20260925.soils:   383/455 ISRIC soil building completed, mukey=Podzols_loam
2026-09-25 16:01:39 [INFO] wepppy.run.thinning-soil-validation-20260925.soils:   384/455 ISRIC soil building completed, mukey=Podzols_loam
2026-09-25 16:01:41 [INFO] wepppy.run.thinning-soil-validation-20260925.soils:   385/455 ISRIC soil building completed, mukey=Cambisols_loam
2026-09-25 16:01:43 [INFO] wepppy.run.thinning-soil-validation-20260925.soils:   386/455 ISRIC soil building completed, mukey=Cambisols_loam
2026-09-25 16:01:45 [INFO] wepppy.run.thinning-soil-validation-20260925.soils:   387/455 ISRIC soil building completed, mukey=Cambisols_loam
2026-09-25 16:01:47 [INFO] wepppy.run.thinning-soil-validation-20260925.soils:   388/455 ISRIC soil building completed, mukey=Cambisols_silt loam
2026-09-25 16:01:49 [INFO] wepppy.run.thinning-soil-validation-20260925.soils:   389/455 ISRIC soil building completed, mukey=Cambisols_loam
2026-09-25 16:01:51 [INFO] wepppy.run.thinning-soil-validation-20260925.soils:   390/455 ISRIC soil building completed, mukey=Cambisols_loam
2026-09-25 16:01:53 [INFO] wepppy.run.thinning-soil-validation-20260925.soils:   391/455 ISRIC soil building completed, mukey=Podzols_loam
2026-09-25 16:01:55 [INFO] wepppy.run.thinning-soil-validation-20260925.soils:   392/455 ISRIC soil building completed, mukey=Podzols_loam
2026-09-25 16:01:57 [INFO] wepppy.run.thinning-soil-validation-20260925.soils:   393/455 ISRIC soil building completed, mukey=Cambisols_loam
2026-09-25 16:01:59 [INFO] wepppy.run.thinning-soil-validation-20260925.soils:   394/455 ISRIC soil building completed, mukey=Cambisols_loam
2026-09-25 16:02:01 [INFO] wepppy.run.thinning-soil-validation-20260925.soils:   395/455 ISRIC soil building completed, mukey=Cambisols_loam
2026-09-25 16:02:03 [INFO] wepppy.run.thinning-soil-validation-20260925.soils:   396/455 ISRIC soil building completed, mukey=Cambisols_loam
2026-09-25 16:02:05 [INFO] wepppy.run.thinning-soil-validation-20260925.soils:   397/455 ISRIC soil building completed, mukey=Cambisols_loam
2026-09-25 16:02:07 [INFO] wepppy.run.thinning-soil-validation-20260925.soils:   398/455 ISRIC soil building completed, mukey=Podzols_loam
2026-09-25 16:02:09 [INFO] wepppy.run.thinning-soil-validation-20260925.soils:   399/455 ISRIC soil building completed, mukey=Cambisols_loam
2026-09-25 16:02:11 [INFO] wepppy.run.thinning-soil-validation-20260925.soils:   400/455 ISRIC soil building completed, mukey=Podzols_silt loam
2026-09-25 16:02:13 [INFO] wepppy.run.thinning-soil-validation-20260925.soils:   401/455 ISRIC soil building completed, mukey=Cambisols_loam
2026-09-25 16:02:15 [INFO] wepppy.run.thinning-soil-validation-20260925.soils:   402/455 ISRIC soil building completed, mukey=Cambisols_loam
2026-09-25 16:02:17 [INFO] wepppy.run.thinning-soil-validation-20260925.soils:   403/455 ISRIC soil building completed, mukey=Cambisols_loam
2026-09-25 16:02:19 [INFO] wepppy.run.thinning-soil-validation-20260925.soils:   404/455 ISRIC soil building completed, mukey=Cambisols_loam
2026-09-25 16:02:21 [INFO] wepppy.run.thinning-soil-validation-20260925.soils:   405/455 ISRIC soil building completed, mukey=Cambisols_loam
2026-09-25 16:02:23 [INFO] wepppy.run.thinning-soil-validation-20260925.soils:   406/455 ISRIC soil building completed, mukey=Cambisols_loam
2026-09-25 16:02:25 [INFO] wepppy.run.thinning-soil-validation-20260925.soils:   407/455 ISRIC soil building completed, mukey=Cambisols_loam
2026-09-25 16:02:27 [INFO] wepppy.run.thinning-soil-validation-20260925.soils:   408/455 ISRIC soil building completed, mukey=Cambisols_loam
2026-09-25 16:02:29 [INFO] wepppy.run.thinning-soil-validation-20260925.soils:   409/455 ISRIC soil building completed, mukey=Podzols_loam
2026-09-25 16:02:31 [INFO] wepppy.run.thinning-soil-validation-20260925.soils:   410/455 ISRIC soil building completed, mukey=Cambisols_loam
2026-09-25 16:02:33 [INFO] wepppy.run.thinning-soil-validation-20260925.soils:   411/455 ISRIC soil building completed, mukey=Cambisols_loam
2026-09-25 16:02:35 [INFO] wepppy.run.thinning-soil-validation-20260925.soils:   412/455 ISRIC soil building completed, mukey=Cambisols_loam
2026-09-25 16:02:37 [INFO] wepppy.run.thinning-soil-validation-20260925.soils:   413/455 ISRIC soil building completed, mukey=Podzols_loam
2026-09-25 16:02:39 [INFO] wepppy.run.thinning-soil-validation-20260925.soils:   414/455 ISRIC soil building completed, mukey=Podzols_silt loam
2026-09-25 16:02:41 [INFO] wepppy.run.thinning-soil-validation-20260925.soils:   415/455 ISRIC soil building completed, mukey=Cambisols_loam
2026-09-25 16:02:43 [INFO] wepppy.run.thinning-soil-validation-20260925.soils:   416/455 ISRIC soil building completed, mukey=Podzols_loam
2026-09-25 16:02:45 [INFO] wepppy.run.thinning-soil-validation-20260925.soils:   417/455 ISRIC soil building completed, mukey=Cambisols_loam
2026-09-25 16:02:47 [INFO] wepppy.run.thinning-soil-validation-20260925.soils:   418/455 ISRIC soil building completed, mukey=Cambisols_loam
2026-09-25 16:02:49 [INFO] wepppy.run.thinning-soil-validation-20260925.soils:   419/455 ISRIC soil building completed, mukey=Cambisols_loam
2026-09-25 16:02:51 [INFO] wepppy.run.thinning-soil-validation-20260925.soils:   420/455 ISRIC soil building completed, mukey=Cambisols_loam
2026-09-25 16:02:53 [INFO] wepppy.run.thinning-soil-validation-20260925.soils:   421/455 ISRIC soil building completed, mukey=Cambisols_silt loam
2026-09-25 16:02:55 [INFO] wepppy.run.thinning-soil-validation-20260925.soils:   422/455 ISRIC soil building completed, mukey=Cambisols_loam
2026-09-25 16:02:57 [INFO] wepppy.run.thinning-soil-validation-20260925.soils:   423/455 ISRIC soil building completed, mukey=Cambisols_loam
2026-09-25 16:02:59 [INFO] wepppy.run.thinning-soil-validation-20260925.soils:   424/455 ISRIC soil building completed, mukey=Cambisols_loam
2026-09-25 16:03:01 [INFO] wepppy.run.thinning-soil-validation-20260925.soils:   425/455 ISRIC soil building completed, mukey=Cambisols_loam
2026-09-25 16:03:03 [INFO] wepppy.run.thinning-soil-validation-20260925.soils:   426/455 ISRIC soil building completed, mukey=Cambisols_loam
2026-09-25 16:03:05 [INFO] wepppy.run.thinning-soil-validation-20260925.soils:   427/455 ISRIC soil building completed, mukey=Cambisols_loam
2026-09-25 16:03:07 [INFO] wepppy.run.thinning-soil-validation-20260925.soils:   428/455 ISRIC soil building completed, mukey=Podzols_loam
2026-09-25 16:03:09 [INFO] wepppy.run.thinning-soil-validation-20260925.soils:   429/455 ISRIC soil building completed, mukey=Podzols_silt loam
2026-09-25 16:03:11 [INFO] wepppy.run.thinning-soil-validation-20260925.soils:   430/455 ISRIC soil building completed, mukey=Cambisols_loam
2026-09-25 16:03:13 [INFO] wepppy.run.thinning-soil-validation-20260925.soils:   431/455 ISRIC soil building completed, mukey=Cambisols_loam
2026-09-25 16:03:15 [INFO] wepppy.run.thinning-soil-validation-20260925.soils:   432/455 ISRIC soil building completed, mukey=Cambisols_loam
2026-09-25 16:03:17 [INFO] wepppy.run.thinning-soil-validation-20260925.soils:   433/455 ISRIC soil building completed, mukey=Cambisols_loam
2026-09-25 16:03:19 [INFO] wepppy.run.thinning-soil-validation-20260925.soils:   434/455 ISRIC soil building completed, mukey=Podzols_silt loam
2026-09-25 16:03:21 [INFO] wepppy.run.thinning-soil-validation-20260925.soils:   435/455 ISRIC soil building completed, mukey=Cambisols_loam
2026-09-25 16:03:23 [INFO] wepppy.run.thinning-soil-validation-20260925.soils:   436/455 ISRIC soil building completed, mukey=Cambisols_loam
2026-09-25 16:03:26 [INFO] wepppy.run.thinning-soil-validation-20260925.soils:   437/455 ISRIC soil building completed, mukey=Cambisols_loam
2026-09-25 16:03:28 [INFO] wepppy.run.thinning-soil-validation-20260925.soils:   438/455 ISRIC soil building completed, mukey=Cambisols_loam
2026-09-25 16:03:30 [INFO] wepppy.run.thinning-soil-validation-20260925.soils:   439/455 ISRIC soil building completed, mukey=Podzols_loam
2026-09-25 16:03:32 [INFO] wepppy.run.thinning-soil-validation-20260925.soils:   440/455 ISRIC soil building completed, mukey=Cambisols_loam
2026-09-25 16:03:34 [INFO] wepppy.run.thinning-soil-validation-20260925.soils:   441/455 ISRIC soil building completed, mukey=Cambisols_loam
2026-09-25 16:03:36 [INFO] wepppy.run.thinning-soil-validation-20260925.soils:   442/455 ISRIC soil building completed, mukey=Podzols_silt loam
2026-09-25 16:03:38 [INFO] wepppy.run.thinning-soil-validation-20260925.soils:   443/455 ISRIC soil building completed, mukey=Podzols_loam
2026-09-25 16:03:40 [INFO] wepppy.run.thinning-soil-validation-20260925.soils:   444/455 ISRIC soil building completed, mukey=Cambisols_loam
2026-09-25 16:03:42 [INFO] wepppy.run.thinning-soil-validation-20260925.soils:   445/455 ISRIC soil building completed, mukey=Cambisols_loam
2026-09-25 16:03:44 [INFO] wepppy.run.thinning-soil-validation-20260925.soils:   446/455 ISRIC soil building completed, mukey=Podzols_loam
2026-09-25 16:03:46 [INFO] wepppy.run.thinning-soil-validation-20260925.soils:   447/455 ISRIC soil building completed, mukey=Cambisols_loam
2026-09-25 16:03:48 [INFO] wepppy.run.thinning-soil-validation-20260925.soils:   448/455 ISRIC soil building completed, mukey=Podzols_loam
2026-09-25 16:03:50 [INFO] wepppy.run.thinning-soil-validation-20260925.soils:   449/455 ISRIC soil building completed, mukey=Podzols_loam
2026-09-25 16:03:52 [INFO] wepppy.run.thinning-soil-validation-20260925.soils:   450/455 ISRIC soil building completed, mukey=Cambisols_loam
2026-09-25 16:03:54 [INFO] wepppy.run.thinning-soil-validation-20260925.soils:   451/455 ISRIC soil building completed, mukey=Cambisols_loam
2026-09-25 16:03:56 [INFO] wepppy.run.thinning-soil-validation-20260925.soils:   452/455 ISRIC soil building completed, mukey=Cambisols_loam
2026-09-25 16:03:58 [INFO] wepppy.run.thinning-soil-validation-20260925.soils:   453/455 ISRIC soil building completed, mukey=Podzols_loam
2026-09-25 16:04:00 [INFO] wepppy.run.thinning-soil-validation-20260925.soils:   454/455 ISRIC soil building completed, mukey=Cambisols_loam
2026-09-25 16:04:02 [INFO] wepppy.run.thinning-soil-validation-20260925.soils:   455/455 ISRIC soil building completed, mukey=Cambisols_loam
2026-09-25 16:04:02 [INFO] wepppy.run.thinning-soil-validation-20260925.soils: soils.dump_soils_parquet()
2026-09-25 16:04:02 [INFO] wepppy.run.thinning-soil-validation-20260925.soils: triggering SOILS_BUILD_COMPLETE
2026-09-25 16:04:02 [INFO] wepppy.run.thinning-soil-validation-20260925.disturbed: disturbed.on(TriggerEvents.SOILS_BUILD_COMPLETE)
2026-09-25 16:04:02 [INFO] wepppy.run.thinning-soil-validation-20260925.soils:   Disturbed::Modifying MOFE soils
2026-09-25 16:04:02 [INFO] wepppy.run.thinning-soil-validation-20260925.disturbed:   Routing to SOILS_BUILD_COMPLETE
2026-09-25 16:04:02 [INFO] wepppy.run.thinning-soil-validation-20260925.disturbed:   Modifying MOFE soils...
2026-09-25 16:04:04 [INFO] wepppy.run.thinning-soil-validation-20260925.disturbed: disturbed._modify_mofe_soils_impl()
2026-09-25 16:04:04 [INFO] wepppy.run.thinning-soil-validation-20260925.soils: Disturbed::modify_mofe_soils, sol_ver: 9002.0
2026-09-25 16:04:04 [INFO] wepppy.run.thinning-soil-validation-20260925.soils: soils.dump_soils_parquet()
2026-09-25 16:04:04 [INFO] wepppy.run.thinning-soil-validation-20260925.disturbed:   Prepared MOFE soil modification plans: hillslopes=455 segments=1065 generation_tasks=4
2026-09-25 16:04:04 [INFO] wepppy.run.thinning-soil-validation-20260925.disturbed:   Prepared 4 MOFE disturbed soil generation task(s) with max_workers=4
2026-09-25 16:04:04 [INFO] wepppy.run.thinning-soil-validation-20260925.disturbed:   Submitting MOFE disturbed soil tasks to ProcessPoolExecutor
2026-09-25 16:04:09 [INFO] wepppy.run.thinning-soil-validation-20260925.disturbed:   Waiting on MOFE disturbed soil tasks (pending=4, 5.0s since last completion).
2026-09-25 16:04:14 [INFO] wepppy.run.thinning-soil-validation-20260925.disturbed:   Waiting on MOFE disturbed soil tasks (pending=4, 10.0s since last completion).
2026-09-25 16:04:17 [INFO] wepppy.run.thinning-soil-validation-20260925.disturbed:   Generating MOFE soil file with SoilMultipleOfeSynth...
2026-09-25 16:04:17 [INFO] wepppy.run.thinning-soil-validation-20260925.disturbed:   Generating MOFE soil file with SoilMultipleOfeSynth... done. (0.00s)
2026-09-25 16:04:17 [INFO] wepppy.run.thinning-soil-validation-20260925.disturbed:   Generating MOFE soil file with SoilMultipleOfeSynth...
2026-09-25 16:04:17 [INFO] wepppy.run.thinning-soil-validation-20260925.disturbed:   Generating MOFE soil file with SoilMultipleOfeSynth... done. (0.00s)
2026-09-25 16:04:17 [INFO] wepppy.run.thinning-soil-validation-20260925.disturbed:   Generating MOFE soil file with SoilMultipleOfeSynth...
2026-09-25 16:04:17 [INFO] wepppy.run.thinning-soil-validation-20260925.disturbed:   Generating MOFE soil file with SoilMultipleOfeSynth... done. (0.00s)
2026-09-25 16:04:17 [INFO] wepppy.run.thinning-soil-validation-20260925.disturbed:   Generating MOFE soil file with SoilMultipleOfeSynth...
2026-09-25 16:04:17 [INFO] wepppy.run.thinning-soil-validation-20260925.disturbed:   Generating MOFE soil file with SoilMultipleOfeSynth... done. (0.00s)
2026-09-25 16:04:17 [INFO] wepppy.run.thinning-soil-validation-20260925.disturbed:   Generating MOFE soil file with SoilMultipleOfeSynth...
2026-09-25 16:04:17 [INFO] wepppy.run.thinning-soil-validation-20260925.disturbed:   Generating MOFE soil file with SoilMultipleOfeSynth... done. (0.00s)
2026-09-25 16:04:17 [INFO] wepppy.run.thinning-soil-validation-20260925.disturbed:   Generating MOFE soil file with SoilMultipleOfeSynth...
2026-09-25 16:04:17 [INFO] wepppy.run.thinning-soil-validation-20260925.disturbed:   Generating MOFE soil file with SoilMultipleOfeSynth... done. (0.00s)
2026-09-25 16:04:17 [INFO] wepppy.run.thinning-soil-validation-20260925.disturbed:   Generating MOFE soil file with SoilMultipleOfeSynth...
2026-09-25 16:04:17 [INFO] wepppy.run.thinning-soil-validation-20260925.disturbed:   Generating MOFE soil file with SoilMultipleOfeSynth... done. (0.00s)
2026-09-25 16:04:17 [INFO] wepppy.run.thinning-soil-validation-20260925.disturbed:   Generating MOFE soil file with SoilMultipleOfeSynth...
2026-09-25 16:04:17 [INFO] wepppy.run.thinning-soil-validation-20260925.disturbed:   Generating MOFE soil file with SoilMultipleOfeSynth... done. (0.00s)
2026-09-25 16:04:17 [INFO] wepppy.run.thinning-soil-validation-20260925.disturbed:   Generating MOFE soil file with SoilMultipleOfeSynth...
2026-09-25 16:04:17 [INFO] wepppy.run.thinning-soil-validation-20260925.disturbed:   Generating MOFE soil file with SoilMultipleOfeSynth... done. (0.00s)
2026-09-25 16:04:17 [INFO] wepppy.run.thinning-soil-validation-20260925.disturbed:   Generating MOFE soil file with SoilMultipleOfeSynth...
2026-09-25 16:04:17 [INFO] wepppy.run.thinning-soil-validation-20260925.disturbed:   Generating MOFE soil file with SoilMultipleOfeSynth... done. (0.00s)
2026-09-25 16:04:17 [INFO] wepppy.run.thinning-soil-validation-20260925.disturbed:   Generating MOFE soil file with SoilMultipleOfeSynth...
2026-09-25 16:04:17 [INFO] wepppy.run.thinning-soil-validation-20260925.disturbed:   Generating MOFE soil file with SoilMultipleOfeSynth... done. (0.00s)
2026-09-25 16:04:17 [INFO] wepppy.run.thinning-soil-validation-20260925.disturbed:   Generating MOFE soil file with SoilMultipleOfeSynth...
2026-09-25 16:04:17 [INFO] wepppy.run.thinning-soil-validation-20260925.disturbed:   Generating MOFE soil file with SoilMultipleOfeSynth... done. (0.00s)
2026-09-25 16:04:17 [INFO] wepppy.run.thinning-soil-validation-20260925.disturbed:   Generating MOFE soil file with SoilMultipleOfeSynth...
2026-09-25 16:04:17 [INFO] wepppy.run.thinning-soil-validation-20260925.disturbed:   Generating MOFE soil file with SoilMultipleOfeSynth... done. (0.00s)
2026-09-25 16:04:17 [INFO] wepppy.run.thinning-soil-validation-20260925.disturbed:   Generating MOFE soil file with SoilMultipleOfeSynth...
2026-09-25 16:04:17 [INFO] wepppy.run.thinning-soil-validation-20260925.disturbed:   Generating MOFE soil file with SoilMultipleOfeSynth... done. (0.00s)
2026-09-25 16:04:17 [INFO] wepppy.run.thinning-soil-validation-20260925.disturbed:   Generating MOFE soil file with SoilMultipleOfeSynth...
2026-09-25 16:04:17 [INFO] wepppy.run.thinning-soil-validation-20260925.disturbed:   Generating MOFE soil file with SoilMultipleOfeSynth... done. (0.00s)
2026-09-25 16:04:17 [INFO] wepppy.run.thinning-soil-validation-20260925.disturbed:   Generating MOFE soil file with SoilMultipleOfeSynth...
2026-09-25 16:04:17 [INFO] wepppy.run.thinning-soil-validation-20260925.disturbed:   Generating MOFE soil file with SoilMultipleOfeSynth... done. (0.00s)
2026-09-25 16:04:17 [INFO] wepppy.run.thinning-soil-validation-20260925.disturbed:   Generating MOFE soil file with SoilMultipleOfeSynth...
2026-09-25 16:04:17 [INFO] wepppy.run.thinning-soil-validation-20260925.disturbed:   Generating MOFE soil file with SoilMultipleOfeSynth... done. (0.00s)
2026-09-25 16:04:17 [INFO] wepppy.run.thinning-soil-validation-20260925.disturbed:   Generating MOFE soil file with SoilMultipleOfeSynth...
2026-09-25 16:04:17 [INFO] wepppy.run.thinning-soil-validation-20260925.disturbed:   Generating MOFE soil file with SoilMultipleOfeSynth... done. (0.00s)
2026-09-25 16:04:17 [INFO] wepppy.run.thinning-soil-validation-20260925.disturbed:   Generating MOFE soil file with SoilMultipleOfeSynth...
2026-09-25 16:04:17 [INFO] wepppy.run.thinning-soil-validation-20260925.disturbed:   Generating MOFE soil file with SoilMultipleOfeSynth... done. (0.00s)
2026-09-25 16:04:17 [INFO] wepppy.run.thinning-soil-validation-20260925.disturbed:   Generating MOFE soil file with SoilMultipleOfeSynth...
2026-09-25 16:04:17 [INFO] wepppy.run.thinning-soil-validation-20260925.disturbed:   Generating MOFE soil file with SoilMultipleOfeSynth... done. (0.00s)
2026-09-25 16:04:17 [INFO] wepppy.run.thinning-soil-validation-20260925.disturbed:   Generating MOFE soil file with SoilMultipleOfeSynth...
2026-09-25 16:04:17 [INFO] wepppy.run.thinning-soil-validation-20260925.disturbed:   Generating MOFE soil file with SoilMultipleOfeSynth... done. (0.00s)
2026-09-25 16:04:17 [INFO] wepppy.run.thinning-soil-validation-20260925.disturbed:   Generating MOFE soil file with SoilMultipleOfeSynth...
2026-09-25 16:04:17 [INFO] wepppy.run.thinning-soil-validation-20260925.disturbed:   Generating MOFE soil file with SoilMultipleOfeSynth... done. (0.00s)
2026-09-25 16:04:17 [INFO] wepppy.run.thinning-soil-validation-20260925.disturbed:   Generating MOFE soil file with SoilMultipleOfeSynth...
2026-09-25 16:04:17 [INFO] wepppy.run.thinning-soil-validation-20260925.disturbed:   Generating MOFE soil file with SoilMultipleOfeSynth... done. (0.00s)
2026-09-25 16:04:17 [INFO] wepppy.run.thinning-soil-validation-20260925.disturbed:   Generating MOFE soil file with SoilMultipleOfeSynth...
2026-09-25 16:04:17 [INFO] wepppy.run.thinning-soil-validation-20260925.disturbed:   Generating MOFE soil file with SoilMultipleOfeSynth... done. (0.00s)
2026-09-25 16:04:17 [INFO] wepppy.run.thinning-soil-validation-20260925.disturbed:   Generating MOFE soil file with SoilMultipleOfeSynth...
2026-09-25 16:04:17 [INFO] wepppy.run.thinning-soil-validation-20260925.disturbed:   Generating MOFE soil file with SoilMultipleOfeSynth... done. (0.00s)
2026-09-25 16:04:17 [INFO] wepppy.run.thinning-soil-validation-20260925.disturbed:   Generating MOFE soil file with SoilMultipleOfeSynth...
2026-09-25 16:04:17 [INFO] wepppy.run.thinning-soil-validation-20260925.disturbed:   Generating MOFE soil file with SoilMultipleOfeSynth... done. (0.00s)
2026-09-25 16:04:17 [INFO] wepppy.run.thinning-soil-validation-20260925.disturbed:   Generating MOFE soil file with SoilMultipleOfeSynth...
2026-09-25 16:04:17 [INFO] wepppy.run.thinning-soil-validation-20260925.disturbed:   Generating MOFE soil file with SoilMultipleOfeSynth... done. (0.00s)
2026-09-25 16:04:17 [INFO] wepppy.run.thinning-soil-validation-20260925.disturbed:   Generating MOFE soil file with SoilMultipleOfeSynth...
2026-09-25 16:04:17 [INFO] wepppy.run.thinning-soil-validation-20260925.disturbed:   Generating MOFE soil file with SoilMultipleOfeSynth... done. (0.00s)
2026-09-25 16:04:17 [INFO] wepppy.run.thinning-soil-validation-20260925.disturbed:   Generating MOFE soil file with SoilMultipleOfeSynth...
2026-09-25 16:04:17 [INFO] wepppy.run.thinning-soil-validation-20260925.disturbed:   Generating MOFE soil file with SoilMultipleOfeSynth... done. (0.00s)
2026-09-25 16:04:17 [INFO] wepppy.run.thinning-soil-validation-20260925.disturbed:   Generating MOFE soil file with SoilMultipleOfeSynth...
2026-09-25 16:04:17 [INFO] wepppy.run.thinning-soil-validation-20260925.disturbed:   Generating MOFE soil file with SoilMultipleOfeSynth... done. (0.00s)
2026-09-25 16:04:17 [INFO] wepppy.run.thinning-soil-validation-20260925.disturbed:   Generating MOFE soil file with SoilMultipleOfeSynth...
2026-09-25 16:04:17 [INFO] wepppy.run.thinning-soil-validation-20260925.disturbed:   Generating MOFE soil file with SoilMultipleOfeSynth... done. (0.00s)
2026-09-25 16:04:17 [INFO] wepppy.run.thinning-soil-validation-20260925.disturbed:   Generating MOFE soil file with SoilMultipleOfeSynth...
2026-09-25 16:04:17 [INFO] wepppy.run.thinning-soil-validation-20260925.disturbed:   Generating MOFE soil file with SoilMultipleOfeSynth... done. (0.01s)
2026-09-25 16:04:17 [INFO] wepppy.run.thinning-soil-validation-20260925.disturbed:   Generating MOFE soil file with SoilMultipleOfeSynth...
2026-09-25 16:04:17 [INFO] wepppy.run.thinning-soil-validation-20260925.disturbed:   Generating MOFE soil file with SoilMultipleOfeSynth... done. (0.00s)
2026-09-25 16:04:17 [INFO] wepppy.run.thinning-soil-validation-20260925.disturbed:   Generating MOFE soil file with SoilMultipleOfeSynth...
2026-09-25 16:04:17 [INFO] wepppy.run.thinning-soil-validation-20260925.disturbed:   Generating MOFE soil file with SoilMultipleOfeSynth... done. (0.00s)
2026-09-25 16:04:17 [INFO] wepppy.run.thinning-soil-validation-20260925.disturbed:   Generating MOFE soil file with SoilMultipleOfeSynth...
2026-09-25 16:04:17 [INFO] wepppy.run.thinning-soil-validation-20260925.disturbed:   Generating MOFE soil file with SoilMultipleOfeSynth... done. (0.01s)
2026-09-25 16:04:17 [INFO] wepppy.run.thinning-soil-validation-20260925.disturbed:   Generating MOFE soil file with SoilMultipleOfeSynth...
2026-09-25 16:04:17 [INFO] wepppy.run.thinning-soil-validation-20260925.disturbed:   Generating MOFE soil file with SoilMultipleOfeSynth... done. (0.00s)
2026-09-25 16:04:17 [INFO] wepppy.run.thinning-soil-validation-20260925.disturbed:   Generating MOFE soil file with SoilMultipleOfeSynth...
2026-09-25 16:04:17 [INFO] wepppy.run.thinning-soil-validation-20260925.disturbed:   Generating MOFE soil file with SoilMultipleOfeSynth... done. (0.00s)
2026-09-25 16:04:17 [INFO] wepppy.run.thinning-soil-validation-20260925.disturbed:   Generating MOFE soil file with SoilMultipleOfeSynth...
2026-09-25 16:04:17 [INFO] wepppy.run.thinning-soil-validation-20260925.disturbed:   Generating MOFE soil file with SoilMultipleOfeSynth... done. (0.00s)
2026-09-25 16:04:17 [INFO] wepppy.run.thinning-soil-validation-20260925.disturbed:   Generating MOFE soil file with SoilMultipleOfeSynth...
2026-09-25 16:04:17 [INFO] wepppy.run.thinning-soil-validation-20260925.disturbed:   Generating MOFE soil file with SoilMultipleOfeSynth... done. (0.00s)
2026-09-25 16:04:17 [INFO] wepppy.run.thinning-soil-validation-20260925.disturbed:   Generating MOFE soil file with SoilMultipleOfeSynth...
2026-09-25 16:04:17 [INFO] wepppy.run.thinning-soil-validation-20260925.disturbed:   Generating MOFE soil file with SoilMultipleOfeSynth... done. (0.00s)
2026-09-25 16:04:17 [INFO] wepppy.run.thinning-soil-validation-20260925.disturbed:   Generating MOFE soil file with SoilMultipleOfeSynth...
2026-09-25 16:04:17 [INFO] wepppy.run.thinning-soil-validation-20260925.disturbed:   Generating MOFE soil file with SoilMultipleOfeSynth... done. (0.00s)
2026-09-25 16:04:17 [INFO] wepppy.run.thinning-soil-validation-20260925.disturbed:   Generating MOFE soil file with SoilMultipleOfeSynth...
2026-09-25 16:04:17 [INFO] wepppy.run.thinning-soil-validation-20260925.disturbed:   Generating MOFE soil file with SoilMultipleOfeSynth... done. (0.00s)
2026-09-25 16:04:17 [INFO] wepppy.run.thinning-soil-validation-20260925.disturbed:   Generating MOFE soil file with SoilMultipleOfeSynth...
2026-09-25 16:04:17 [INFO] wepppy.run.thinning-soil-validation-20260925.disturbed:   Generating MOFE soil file with SoilMultipleOfeSynth... done. (0.00s)
2026-09-25 16:04:17 [INFO] wepppy.run.thinning-soil-validation-20260925.disturbed:   Generating MOFE soil file with SoilMultipleOfeSynth...
2026-09-25 16:04:17 [INFO] wepppy.run.thinning-soil-validation-20260925.disturbed:   Generating MOFE soil file with SoilMultipleOfeSynth... done. (0.00s)
2026-09-25 16:04:17 [INFO] wepppy.run.thinning-soil-validation-20260925.disturbed:   Generating MOFE soil file with SoilMultipleOfeSynth...
2026-09-25 16:04:17 [INFO] wepppy.run.thinning-soil-validation-20260925.disturbed:   Generating MOFE soil file with SoilMultipleOfeSynth... done. (0.00s)
2026-09-25 16:04:17 [INFO] wepppy.run.thinning-soil-validation-20260925.disturbed:   Generating MOFE soil file with SoilMultipleOfeSynth...
2026-09-25 16:04:17 [INFO] wepppy.run.thinning-soil-validation-20260925.disturbed:   Generating MOFE soil file with SoilMultipleOfeSynth... done. (0.00s)
2026-09-25 16:04:17 [INFO] wepppy.run.thinning-soil-validation-20260925.disturbed:   Generating MOFE soil file with SoilMultipleOfeSynth...
2026-09-25 16:04:17 [INFO] wepppy.run.thinning-soil-validation-20260925.disturbed:   Generating MOFE soil file with SoilMultipleOfeSynth... done. (0.00s)
2026-09-25 16:04:17 [INFO] wepppy.run.thinning-soil-validation-20260925.disturbed:   Generating MOFE soil file with SoilMultipleOfeSynth...
2026-09-25 16:04:17 [INFO] wepppy.run.thinning-soil-validation-20260925.disturbed:   Generating MOFE soil file with SoilMultipleOfeSynth... done. (0.00s)
2026-09-25 16:04:17 [INFO] wepppy.run.thinning-soil-validation-20260925.disturbed:   Generating MOFE soil file with SoilMultipleOfeSynth...
2026-09-25 16:04:17 [INFO] wepppy.run.thinning-soil-validation-20260925.disturbed:   Generating MOFE soil file with SoilMultipleOfeSynth... done. (0.00s)
2026-09-25 16:04:17 [INFO] wepppy.run.thinning-soil-validation-20260925.disturbed:   Generating MOFE soil file with SoilMultipleOfeSynth...
2026-09-25 16:04:17 [INFO] wepppy.run.thinning-soil-validation-20260925.disturbed:   Generating MOFE soil file with SoilMultipleOfeSynth... done. (0.00s)
2026-09-25 16:04:17 [INFO] wepppy.run.thinning-soil-validation-20260925.disturbed:   Generating MOFE soil file with SoilMultipleOfeSynth...
2026-09-25 16:04:17 [INFO] wepppy.run.thinning-soil-validation-20260925.disturbed:   Generating MOFE soil file with SoilMultipleOfeSynth... done. (0.00s)
2026-09-25 16:04:17 [INFO] wepppy.run.thinning-soil-validation-20260925.disturbed:   Generating MOFE soil file with SoilMultipleOfeSynth...
2026-09-25 16:04:17 [INFO] wepppy.run.thinning-soil-validation-20260925.disturbed:   Generating MOFE soil file with SoilMultipleOfeSynth... done. (0.00s)
2026-09-25 16:04:17 [INFO] wepppy.run.thinning-soil-validation-20260925.disturbed:   Generating MOFE soil file with SoilMultipleOfeSynth...
2026-09-25 16:04:17 [INFO] wepppy.run.thinning-soil-validation-20260925.disturbed:   Generating MOFE soil file with SoilMultipleOfeSynth... done. (0.00s)
2026-09-25 16:04:17 [INFO] wepppy.run.thinning-soil-validation-20260925.disturbed:   Generating MOFE soil file with SoilMultipleOfeSynth...
2026-09-25 16:04:17 [INFO] wepppy.run.thinning-soil-validation-20260925.disturbed:   Generating MOFE soil file with SoilMultipleOfeSynth... done. (0.00s)
2026-09-25 16:04:17 [INFO] wepppy.run.thinning-soil-validation-20260925.disturbed:   Generating MOFE soil file with SoilMultipleOfeSynth...
2026-09-25 16:04:17 [INFO] wepppy.run.thinning-soil-validation-20260925.disturbed:   Generating MOFE soil file with SoilMultipleOfeSynth... done. (0.00s)
2026-09-25 16:04:17 [INFO] wepppy.run.thinning-soil-validation-20260925.disturbed:   Generating MOFE soil file with SoilMultipleOfeSynth...
2026-09-25 16:04:17 [INFO] wepppy.run.thinning-soil-validation-20260925.disturbed:   Generating MOFE soil file with SoilMultipleOfeSynth... done. (0.00s)
2026-09-25 16:04:17 [INFO] wepppy.run.thinning-soil-validation-20260925.disturbed:   Generating MOFE soil file with SoilMultipleOfeSynth...
2026-09-25 16:04:17 [INFO] wepppy.run.thinning-soil-validation-20260925.disturbed:   Generating MOFE soil file with SoilMultipleOfeSynth... done. (0.00s)
2026-09-25 16:04:17 [INFO] wepppy.run.thinning-soil-validation-20260925.disturbed:   Generating MOFE soil file with SoilMultipleOfeSynth...
2026-09-25 16:04:17 [INFO] wepppy.run.thinning-soil-validation-20260925.disturbed:   Generating MOFE soil file with SoilMultipleOfeSynth... done. (0.00s)
2026-09-25 16:04:17 [INFO] wepppy.run.thinning-soil-validation-20260925.disturbed:   Generating MOFE soil file with SoilMultipleOfeSynth...
2026-09-25 16:04:17 [INFO] wepppy.run.thinning-soil-validation-20260925.disturbed:   Generating MOFE soil file with SoilMultipleOfeSynth... done. (0.00s)
2026-09-25 16:04:17 [INFO] wepppy.run.thinning-soil-validation-20260925.disturbed:   Generating MOFE soil file with SoilMultipleOfeSynth...
2026-09-25 16:04:17 [INFO] wepppy.run.thinning-soil-validation-20260925.disturbed:   Generating MOFE soil file with SoilMultipleOfeSynth... done. (0.00s)
2026-09-25 16:04:17 [INFO] wepppy.run.thinning-soil-validation-20260925.disturbed:   Generating MOFE soil file with SoilMultipleOfeSynth...
2026-09-25 16:04:17 [INFO] wepppy.run.thinning-soil-validation-20260925.disturbed:   Generating MOFE soil file with SoilMultipleOfeSynth... done. (0.00s)
2026-09-25 16:04:17 [INFO] wepppy.run.thinning-soil-validation-20260925.disturbed:   Generating MOFE soil file with SoilMultipleOfeSynth...
2026-09-25 16:04:17 [INFO] wepppy.run.thinning-soil-validation-20260925.disturbed:   Generating MOFE soil file with SoilMultipleOfeSynth... done. (0.00s)
2026-09-25 16:04:17 [INFO] wepppy.run.thinning-soil-validation-20260925.disturbed:   Generating MOFE soil file with SoilMultipleOfeSynth...
2026-09-25 16:04:17 [INFO] wepppy.run.thinning-soil-validation-20260925.disturbed:   Generating MOFE soil file with SoilMultipleOfeSynth... done. (0.00s)
2026-09-25 16:04:17 [INFO] wepppy.run.thinning-soil-validation-20260925.disturbed:   Generating MOFE soil file with SoilMultipleOfeSynth...
2026-09-25 16:04:17 [INFO] wepppy.run.thinning-soil-validation-20260925.disturbed:   Generating MOFE soil file with SoilMultipleOfeSynth... done. (0.00s)
2026-09-25 16:04:17 [INFO] wepppy.run.thinning-soil-validation-20260925.disturbed:   Generating MOFE soil file with SoilMultipleOfeSynth...
2026-09-25 16:04:17 [INFO] wepppy.run.thinning-soil-validation-20260925.disturbed:   Generating MOFE soil file with SoilMultipleOfeSynth... done. (0.00s)
2026-09-25 16:04:17 [INFO] wepppy.run.thinning-soil-validation-20260925.disturbed:   Generating MOFE soil file with SoilMultipleOfeSynth...
2026-09-25 16:04:17 [INFO] wepppy.run.thinning-soil-validation-20260925.disturbed:   Generating MOFE soil file with SoilMultipleOfeSynth... done. (0.00s)
2026-09-25 16:04:17 [INFO] wepppy.run.thinning-soil-validation-20260925.disturbed:   Generating MOFE soil file with SoilMultipleOfeSynth...
2026-09-25 16:04:17 [INFO] wepppy.run.thinning-soil-validation-20260925.disturbed:   Generating MOFE soil file with SoilMultipleOfeSynth... done. (0.00s)
2026-09-25 16:04:17 [INFO] wepppy.run.thinning-soil-validation-20260925.disturbed:   Generating MOFE soil file with SoilMultipleOfeSynth...
2026-09-25 16:04:17 [INFO] wepppy.run.thinning-soil-validation-20260925.disturbed:   Generating MOFE soil file with SoilMultipleOfeSynth... done. (0.00s)
2026-09-25 16:04:17 [INFO] wepppy.run.thinning-soil-validation-20260925.disturbed:   Generating MOFE soil file with SoilMultipleOfeSynth...
2026-09-25 16:04:17 [INFO] wepppy.run.thinning-soil-validation-20260925.disturbed:   Generating MOFE soil file with SoilMultipleOfeSynth... done. (0.00s)
2026-09-25 16:04:17 [INFO] wepppy.run.thinning-soil-validation-20260925.disturbed:   Generating MOFE soil file with SoilMultipleOfeSynth...
2026-09-25 16:04:17 [INFO] wepppy.run.thinning-soil-validation-20260925.disturbed:   Generating MOFE soil file with SoilMultipleOfeSynth... done. (0.00s)
2026-09-25 16:04:17 [INFO] wepppy.run.thinning-soil-validation-20260925.disturbed:   Generating MOFE soil file with SoilMultipleOfeSynth...
2026-09-25 16:04:17 [INFO] wepppy.run.thinning-soil-validation-20260925.disturbed:   Generating MOFE soil file with SoilMultipleOfeSynth... done. (0.00s)
2026-09-25 16:04:17 [INFO] wepppy.run.thinning-soil-validation-20260925.disturbed:   Generating MOFE soil file with SoilMultipleOfeSynth...
2026-09-25 16:04:17 [INFO] wepppy.run.thinning-soil-validation-20260925.disturbed:   Generating MOFE soil file with SoilMultipleOfeSynth... done. (0.00s)
2026-09-25 16:04:17 [INFO] wepppy.run.thinning-soil-validation-20260925.disturbed:   Generating MOFE soil file with SoilMultipleOfeSynth...
2026-09-25 16:04:17 [INFO] wepppy.run.thinning-soil-validation-20260925.disturbed:   Generating MOFE soil file with SoilMultipleOfeSynth... done. (0.00s)
2026-09-25 16:04:17 [INFO] wepppy.run.thinning-soil-validation-20260925.disturbed:   Generating MOFE soil file with SoilMultipleOfeSynth...
2026-09-25 16:04:17 [INFO] wepppy.run.thinning-soil-validation-20260925.disturbed:   Generating MOFE soil file with SoilMultipleOfeSynth... done. (0.00s)
2026-09-25 16:04:17 [INFO] wepppy.run.thinning-soil-validation-20260925.disturbed:   Generating MOFE soil file with SoilMultipleOfeSynth...
2026-09-25 16:04:17 [INFO] wepppy.run.thinning-soil-validation-20260925.disturbed:   Generating MOFE soil file with SoilMultipleOfeSynth... done. (0.00s)
2026-09-25 16:04:17 [INFO] wepppy.run.thinning-soil-validation-20260925.disturbed:   Generating MOFE soil file with SoilMultipleOfeSynth...
2026-09-25 16:04:17 [INFO] wepppy.run.thinning-soil-validation-20260925.disturbed:   Generating MOFE soil file with SoilMultipleOfeSynth... done. (0.00s)
2026-09-25 16:04:17 [INFO] wepppy.run.thinning-soil-validation-20260925.disturbed:   Generating MOFE soil file with SoilMultipleOfeSynth...
2026-09-25 16:04:17 [INFO] wepppy.run.thinning-soil-validation-20260925.disturbed:   Generating MOFE soil file with SoilMultipleOfeSynth... done. (0.00s)
2026-09-25 16:04:17 [INFO] wepppy.run.thinning-soil-validation-20260925.disturbed:   Generating MOFE soil file with SoilMultipleOfeSynth...
2026-09-25 16:04:17 [INFO] wepppy.run.thinning-soil-validation-20260925.disturbed:   Generating MOFE soil file with SoilMultipleOfeSynth... done. (0.00s)
2026-09-25 16:04:17 [INFO] wepppy.run.thinning-soil-validation-20260925.disturbed:   Generating MOFE soil file with SoilMultipleOfeSynth...
2026-09-25 16:04:17 [INFO] wepppy.run.thinning-soil-validation-20260925.disturbed:   Generating MOFE soil file with SoilMultipleOfeSynth... done. (0.00s)
2026-09-25 16:04:17 [INFO] wepppy.run.thinning-soil-validation-20260925.disturbed:   Generating MOFE soil file with SoilMultipleOfeSynth...
2026-09-25 16:04:17 [INFO] wepppy.run.thinning-soil-validation-20260925.disturbed:   Generating MOFE soil file with SoilMultipleOfeSynth... done. (0.00s)
2026-09-25 16:04:17 [INFO] wepppy.run.thinning-soil-validation-20260925.disturbed:   Generating MOFE soil file with SoilMultipleOfeSynth...
2026-09-25 16:04:17 [INFO] wepppy.run.thinning-soil-validation-20260925.disturbed:   Generating MOFE soil file with SoilMultipleOfeSynth... done. (0.00s)
2026-09-25 16:04:17 [INFO] wepppy.run.thinning-soil-validation-20260925.disturbed:   Generating MOFE soil file with SoilMultipleOfeSynth...
2026-09-25 16:04:17 [INFO] wepppy.run.thinning-soil-validation-20260925.disturbed:   Generating MOFE soil file with SoilMultipleOfeSynth... done. (0.00s)
2026-09-25 16:04:17 [INFO] wepppy.run.thinning-soil-validation-20260925.disturbed:   Generating MOFE soil file with SoilMultipleOfeSynth...
2026-09-25 16:04:17 [INFO] wepppy.run.thinning-soil-validation-20260925.disturbed:   Generating MOFE soil file with SoilMultipleOfeSynth... done. (0.00s)
2026-09-25 16:04:17 [INFO] wepppy.run.thinning-soil-validation-20260925.disturbed:   Generating MOFE soil file with SoilMultipleOfeSynth...
2026-09-25 16:04:17 [INFO] wepppy.run.thinning-soil-validation-20260925.disturbed:   Generating MOFE soil file with SoilMultipleOfeSynth... done. (0.00s)
2026-09-25 16:04:17 [INFO] wepppy.run.thinning-soil-validation-20260925.disturbed:   Generating MOFE soil file with SoilMultipleOfeSynth...
2026-09-25 16:04:17 [INFO] wepppy.run.thinning-soil-validation-20260925.disturbed:   Generating MOFE soil file with SoilMultipleOfeSynth... done. (0.00s)
2026-09-25 16:04:17 [INFO] wepppy.run.thinning-soil-validation-20260925.disturbed:   Generating MOFE soil file with SoilMultipleOfeSynth...
2026-09-25 16:04:17 [INFO] wepppy.run.thinning-soil-validation-20260925.disturbed:   Generating MOFE soil file with SoilMultipleOfeSynth... done. (0.00s)
2026-09-25 16:04:17 [INFO] wepppy.run.thinning-soil-validation-20260925.disturbed:   Generating MOFE soil file with SoilMultipleOfeSynth...
2026-09-25 16:04:17 [INFO] wepppy.run.thinning-soil-validation-20260925.disturbed:   Generating MOFE soil file with SoilMultipleOfeSynth... done. (0.00s)
2026-09-25 16:04:17 [INFO] wepppy.run.thinning-soil-validation-20260925.disturbed:   Generating MOFE soil file with SoilMultipleOfeSynth...
2026-09-25 16:04:17 [INFO] wepppy.run.thinning-soil-validation-20260925.disturbed:   Generating MOFE soil file with SoilMultipleOfeSynth... done. (0.00s)
2026-09-25 16:04:17 [INFO] wepppy.run.thinning-soil-validation-20260925.disturbed:   Generating MOFE soil file with SoilMultipleOfeSynth...
2026-09-25 16:04:17 [INFO] wepppy.run.thinning-soil-validation-20260925.disturbed:   Generating MOFE soil file with SoilMultipleOfeSynth... done. (0.00s)
2026-09-25 16:04:17 [INFO] wepppy.run.thinning-soil-validation-20260925.disturbed:   Generating MOFE soil file with SoilMultipleOfeSynth...
2026-09-25 16:04:17 [INFO] wepppy.run.thinning-soil-validation-20260925.disturbed:   Generating MOFE soil file with SoilMultipleOfeSynth... done. (0.00s)
2026-09-25 16:04:17 [INFO] wepppy.run.thinning-soil-validation-20260925.disturbed:   Generating MOFE soil file with SoilMultipleOfeSynth...
2026-09-25 16:04:17 [INFO] wepppy.run.thinning-soil-validation-20260925.disturbed:   Generating MOFE soil file with SoilMultipleOfeSynth... done. (0.00s)
2026-09-25 16:04:17 [INFO] wepppy.run.thinning-soil-validation-20260925.disturbed:   Generating MOFE soil file with SoilMultipleOfeSynth...
2026-09-25 16:04:17 [INFO] wepppy.run.thinning-soil-validation-20260925.disturbed:   Generating MOFE soil file with SoilMultipleOfeSynth... done. (0.00s)
2026-09-25 16:04:17 [INFO] wepppy.run.thinning-soil-validation-20260925.disturbed:   Generating MOFE soil file with SoilMultipleOfeSynth...
2026-09-25 16:04:17 [INFO] wepppy.run.thinning-soil-validation-20260925.disturbed:   Generating MOFE soil file with SoilMultipleOfeSynth... done. (0.00s)
2026-09-25 16:04:17 [INFO] wepppy.run.thinning-soil-validation-20260925.disturbed:   Generating MOFE soil file with SoilMultipleOfeSynth...
2026-09-25 16:04:17 [INFO] wepppy.run.thinning-soil-validation-20260925.disturbed:   Generating MOFE soil file with SoilMultipleOfeSynth... done. (0.00s)
2026-09-25 16:04:17 [INFO] wepppy.run.thinning-soil-validation-20260925.disturbed:   Generating MOFE soil file with SoilMultipleOfeSynth...
2026-09-25 16:04:17 [INFO] wepppy.run.thinning-soil-validation-20260925.disturbed:   Generating MOFE soil file with SoilMultipleOfeSynth... done. (0.00s)
2026-09-25 16:04:17 [INFO] wepppy.run.thinning-soil-validation-20260925.disturbed:   Generating MOFE soil file with SoilMultipleOfeSynth...
2026-09-25 16:04:17 [INFO] wepppy.run.thinning-soil-validation-20260925.disturbed:   Generating MOFE soil file with SoilMultipleOfeSynth... done. (0.00s)
2026-09-25 16:04:17 [INFO] wepppy.run.thinning-soil-validation-20260925.disturbed:   Generating MOFE soil file with SoilMultipleOfeSynth...
2026-09-25 16:04:17 [INFO] wepppy.run.thinning-soil-validation-20260925.disturbed:   Generating MOFE soil file with SoilMultipleOfeSynth... done. (0.00s)
2026-09-25 16:04:17 [INFO] wepppy.run.thinning-soil-validation-20260925.disturbed:   Generating MOFE soil file with SoilMultipleOfeSynth...
2026-09-25 16:04:17 [INFO] wepppy.run.thinning-soil-validation-20260925.disturbed:   Generating MOFE soil file with SoilMultipleOfeSynth... done. (0.00s)
2026-09-25 16:04:17 [INFO] wepppy.run.thinning-soil-validation-20260925.disturbed:   Generating MOFE soil file with SoilMultipleOfeSynth...
2026-09-25 16:04:17 [INFO] wepppy.run.thinning-soil-validation-20260925.disturbed:   Generating MOFE soil file with SoilMultipleOfeSynth... done. (0.00s)
2026-09-25 16:04:17 [INFO] wepppy.run.thinning-soil-validation-20260925.disturbed:   Generating MOFE soil file with SoilMultipleOfeSynth...
2026-09-25 16:04:17 [INFO] wepppy.run.thinning-soil-validation-20260925.disturbed:   Generating MOFE soil file with SoilMultipleOfeSynth... done. (0.00s)
2026-09-25 16:04:17 [INFO] wepppy.run.thinning-soil-validation-20260925.disturbed:   Generating MOFE soil file with SoilMultipleOfeSynth...
2026-09-25 16:04:17 [INFO] wepppy.run.thinning-soil-validation-20260925.disturbed:   Generating MOFE soil file with SoilMultipleOfeSynth... done. (0.00s)
2026-09-25 16:04:17 [INFO] wepppy.run.thinning-soil-validation-20260925.disturbed:   Generating MOFE soil file with SoilMultipleOfeSynth...
2026-09-25 16:04:17 [INFO] wepppy.run.thinning-soil-validation-20260925.disturbed:   Generating MOFE soil file with SoilMultipleOfeSynth... done. (0.00s)
2026-09-25 16:04:17 [INFO] wepppy.run.thinning-soil-validation-20260925.disturbed:   Generating MOFE soil file with SoilMultipleOfeSynth...
2026-09-25 16:04:17 [INFO] wepppy.run.thinning-soil-validation-20260925.disturbed:   Generating MOFE soil file with SoilMultipleOfeSynth... done. (0.00s)
2026-09-25 16:04:17 [INFO] wepppy.run.thinning-soil-validation-20260925.disturbed:   Generating MOFE soil file with SoilMultipleOfeSynth...
2026-09-25 16:04:17 [INFO] wepppy.run.thinning-soil-validation-20260925.disturbed:   Generating MOFE soil file with SoilMultipleOfeSynth... done. (0.00s)
2026-09-25 16:04:17 [INFO] wepppy.run.thinning-soil-validation-20260925.disturbed:   Generating MOFE soil file with SoilMultipleOfeSynth...
2026-09-25 16:04:17 [INFO] wepppy.run.thinning-soil-validation-20260925.disturbed:   Generating MOFE soil file with SoilMultipleOfeSynth... done. (0.00s)
2026-09-25 16:04:17 [INFO] wepppy.run.thinning-soil-validation-20260925.disturbed:   Generating MOFE soil file with SoilMultipleOfeSynth...
2026-09-25 16:04:17 [INFO] wepppy.run.thinning-soil-validation-20260925.disturbed:   Generating MOFE soil file with SoilMultipleOfeSynth... done. (0.00s)
2026-09-25 16:04:17 [INFO] wepppy.run.thinning-soil-validation-20260925.disturbed:   Generating MOFE soil file with SoilMultipleOfeSynth...
2026-09-25 16:04:17 [INFO] wepppy.run.thinning-soil-validation-20260925.disturbed:   Generating MOFE soil file with SoilMultipleOfeSynth... done. (0.00s)
2026-09-25 16:04:17 [INFO] wepppy.run.thinning-soil-validation-20260925.disturbed:   Generating MOFE soil file with SoilMultipleOfeSynth...
2026-09-25 16:04:17 [INFO] wepppy.run.thinning-soil-validation-20260925.disturbed:   Generating MOFE soil file with SoilMultipleOfeSynth... done. (0.00s)
2026-09-25 16:04:17 [INFO] wepppy.run.thinning-soil-validation-20260925.disturbed:   Generating MOFE soil file with SoilMultipleOfeSynth...
2026-09-25 16:04:17 [INFO] wepppy.run.thinning-soil-validation-20260925.disturbed:   Generating MOFE soil file with SoilMultipleOfeSynth... done. (0.00s)
2026-09-25 16:04:17 [INFO] wepppy.run.thinning-soil-validation-20260925.disturbed:   Generating MOFE soil file with SoilMultipleOfeSynth...
2026-09-25 16:04:17 [INFO] wepppy.run.thinning-soil-validation-20260925.disturbed:   Generating MOFE soil file with SoilMultipleOfeSynth... done. (0.00s)
2026-09-25 16:04:17 [INFO] wepppy.run.thinning-soil-validation-20260925.disturbed:   Generating MOFE soil file with SoilMultipleOfeSynth...
2026-09-25 16:04:17 [INFO] wepppy.run.thinning-soil-validation-20260925.disturbed:   Generating MOFE soil file with SoilMultipleOfeSynth... done. (0.00s)
2026-09-25 16:04:17 [INFO] wepppy.run.thinning-soil-validation-20260925.disturbed:   Generating MOFE soil file with SoilMultipleOfeSynth...
2026-09-25 16:04:17 [INFO] wepppy.run.thinning-soil-validation-20260925.disturbed:   Generating MOFE soil file with SoilMultipleOfeSynth... done. (0.00s)
2026-09-25 16:04:17 [INFO] wepppy.run.thinning-soil-validation-20260925.disturbed:   Generating MOFE soil file with SoilMultipleOfeSynth...
2026-09-25 16:04:17 [INFO] wepppy.run.thinning-soil-validation-20260925.disturbed:   Generating MOFE soil file with SoilMultipleOfeSynth... done. (0.00s)
2026-09-25 16:04:17 [INFO] wepppy.run.thinning-soil-validation-20260925.disturbed:   Generating MOFE soil file with SoilMultipleOfeSynth...
2026-09-25 16:04:17 [INFO] wepppy.run.thinning-soil-validation-20260925.disturbed:   Generating MOFE soil file with SoilMultipleOfeSynth... done. (0.00s)
2026-09-25 16:04:17 [INFO] wepppy.run.thinning-soil-validation-20260925.disturbed:   Generating MOFE soil file with SoilMultipleOfeSynth...
2026-09-25 16:04:17 [INFO] wepppy.run.thinning-soil-validation-20260925.disturbed:   Generating MOFE soil file with SoilMultipleOfeSynth... done. (0.00s)
2026-09-25 16:04:17 [INFO] wepppy.run.thinning-soil-validation-20260925.disturbed:   Generating MOFE soil file with SoilMultipleOfeSynth...
2026-09-25 16:04:17 [INFO] wepppy.run.thinning-soil-validation-20260925.disturbed:   Generating MOFE soil file with SoilMultipleOfeSynth... done. (0.00s)
2026-09-25 16:04:17 [INFO] wepppy.run.thinning-soil-validation-20260925.disturbed:   Generating MOFE soil file with SoilMultipleOfeSynth...
2026-09-25 16:04:17 [INFO] wepppy.run.thinning-soil-validation-20260925.disturbed:   Generating MOFE soil file with SoilMultipleOfeSynth... done. (0.00s)
2026-09-25 16:04:17 [INFO] wepppy.run.thinning-soil-validation-20260925.disturbed:   Generating MOFE soil file with SoilMultipleOfeSynth...
2026-09-25 16:04:17 [INFO] wepppy.run.thinning-soil-validation-20260925.disturbed:   Generating MOFE soil file with SoilMultipleOfeSynth... done. (0.00s)
2026-09-25 16:04:17 [INFO] wepppy.run.thinning-soil-validation-20260925.disturbed:   Generating MOFE soil file with SoilMultipleOfeSynth...
2026-09-25 16:04:17 [INFO] wepppy.run.thinning-soil-validation-20260925.disturbed:   Generating MOFE soil file with SoilMultipleOfeSynth... done. (0.00s)
2026-09-25 16:04:17 [INFO] wepppy.run.thinning-soil-validation-20260925.disturbed:   Generating MOFE soil file with SoilMultipleOfeSynth...
2026-09-25 16:04:17 [INFO] wepppy.run.thinning-soil-validation-20260925.disturbed:   Generating MOFE soil file with SoilMultipleOfeSynth... done. (0.00s)
2026-09-25 16:04:17 [INFO] wepppy.run.thinning-soil-validation-20260925.disturbed:   Generating MOFE soil file with SoilMultipleOfeSynth...
2026-09-25 16:04:17 [INFO] wepppy.run.thinning-soil-validation-20260925.disturbed:   Generating MOFE soil file with SoilMultipleOfeSynth... done. (0.00s)
2026-09-25 16:04:17 [INFO] wepppy.run.thinning-soil-validation-20260925.disturbed:   Generating MOFE soil file with SoilMultipleOfeSynth...
2026-09-25 16:04:17 [INFO] wepppy.run.thinning-soil-validation-20260925.disturbed:   Generating MOFE soil file with SoilMultipleOfeSynth... done. (0.00s)
2026-09-25 16:04:17 [INFO] wepppy.run.thinning-soil-validation-20260925.disturbed:   Generating MOFE soil file with SoilMultipleOfeSynth...
2026-09-25 16:04:17 [INFO] wepppy.run.thinning-soil-validation-20260925.disturbed:   Generating MOFE soil file with SoilMultipleOfeSynth... done. (0.00s)
2026-09-25 16:04:17 [INFO] wepppy.run.thinning-soil-validation-20260925.disturbed:   Generating MOFE soil file with SoilMultipleOfeSynth...
2026-09-25 16:04:17 [INFO] wepppy.run.thinning-soil-validation-20260925.disturbed:   Generating MOFE soil file with SoilMultipleOfeSynth... done. (0.00s)
2026-09-25 16:04:17 [INFO] wepppy.run.thinning-soil-validation-20260925.disturbed:   Generating MOFE soil file with SoilMultipleOfeSynth...
2026-09-25 16:04:17 [INFO] wepppy.run.thinning-soil-validation-20260925.disturbed:   Generating MOFE soil file with SoilMultipleOfeSynth... done. (0.00s)
2026-09-25 16:04:17 [INFO] wepppy.run.thinning-soil-validation-20260925.disturbed:   Generating MOFE soil file with SoilMultipleOfeSynth...
2026-09-25 16:04:17 [INFO] wepppy.run.thinning-soil-validation-20260925.disturbed:   Generating MOFE soil file with SoilMultipleOfeSynth... done. (0.00s)
2026-09-25 16:04:17 [INFO] wepppy.run.thinning-soil-validation-20260925.disturbed:   Generating MOFE soil file with SoilMultipleOfeSynth...
2026-09-25 16:04:17 [INFO] wepppy.run.thinning-soil-validation-20260925.disturbed:   Generating MOFE soil file with SoilMultipleOfeSynth... done. (0.00s)
2026-09-25 16:04:17 [INFO] wepppy.run.thinning-soil-validation-20260925.disturbed:   Generating MOFE soil file with SoilMultipleOfeSynth...
2026-09-25 16:04:17 [INFO] wepppy.run.thinning-soil-validation-20260925.disturbed:   Generating MOFE soil file with SoilMultipleOfeSynth... done. (0.00s)
2026-09-25 16:04:17 [INFO] wepppy.run.thinning-soil-validation-20260925.disturbed:   Generating MOFE soil file with SoilMultipleOfeSynth...
2026-09-25 16:04:17 [INFO] wepppy.run.thinning-soil-validation-20260925.disturbed:   Generating MOFE soil file with SoilMultipleOfeSynth... done. (0.00s)
2026-09-25 16:04:17 [INFO] wepppy.run.thinning-soil-validation-20260925.disturbed:   Generating MOFE soil file with SoilMultipleOfeSynth...
2026-09-25 16:04:17 [INFO] wepppy.run.thinning-soil-validation-20260925.disturbed:   Generating MOFE soil file with SoilMultipleOfeSynth... done. (0.00s)
2026-09-25 16:04:17 [INFO] wepppy.run.thinning-soil-validation-20260925.disturbed:   Generating MOFE soil file with SoilMultipleOfeSynth...
2026-09-25 16:04:17 [INFO] wepppy.run.thinning-soil-validation-20260925.disturbed:   Generating MOFE soil file with SoilMultipleOfeSynth... done. (0.00s)
2026-09-25 16:04:17 [INFO] wepppy.run.thinning-soil-validation-20260925.disturbed:   Generating MOFE soil file with SoilMultipleOfeSynth...
2026-09-25 16:04:17 [INFO] wepppy.run.thinning-soil-validation-20260925.disturbed:   Generating MOFE soil file with SoilMultipleOfeSynth... done. (0.00s)
2026-09-25 16:04:17 [INFO] wepppy.run.thinning-soil-validation-20260925.disturbed:   Generating MOFE soil file with SoilMultipleOfeSynth...
2026-09-25 16:04:17 [INFO] wepppy.run.thinning-soil-validation-20260925.disturbed:   Generating MOFE soil file with SoilMultipleOfeSynth... done. (0.00s)
2026-09-25 16:04:17 [INFO] wepppy.run.thinning-soil-validation-20260925.disturbed:   Generating MOFE soil file with SoilMultipleOfeSynth...
2026-09-25 16:04:17 [INFO] wepppy.run.thinning-soil-validation-20260925.disturbed:   Generating MOFE soil file with SoilMultipleOfeSynth... done. (0.00s)
2026-09-25 16:04:17 [INFO] wepppy.run.thinning-soil-validation-20260925.disturbed:   Generating MOFE soil file with SoilMultipleOfeSynth...
2026-09-25 16:04:17 [INFO] wepppy.run.thinning-soil-validation-20260925.disturbed:   Generating MOFE soil file with SoilMultipleOfeSynth... done. (0.00s)
2026-09-25 16:04:17 [INFO] wepppy.run.thinning-soil-validation-20260925.disturbed:   Generating MOFE soil file with SoilMultipleOfeSynth...
2026-09-25 16:04:17 [INFO] wepppy.run.thinning-soil-validation-20260925.disturbed:   Generating MOFE soil file with SoilMultipleOfeSynth... done. (0.00s)
2026-09-25 16:04:17 [INFO] wepppy.run.thinning-soil-validation-20260925.disturbed:   Generating MOFE soil file with SoilMultipleOfeSynth...
2026-09-25 16:04:17 [INFO] wepppy.run.thinning-soil-validation-20260925.disturbed:   Generating MOFE soil file with SoilMultipleOfeSynth... done. (0.00s)
2026-09-25 16:04:17 [INFO] wepppy.run.thinning-soil-validation-20260925.disturbed:   Generating MOFE soil file with SoilMultipleOfeSynth...
2026-09-25 16:04:17 [INFO] wepppy.run.thinning-soil-validation-20260925.disturbed:   Generating MOFE soil file with SoilMultipleOfeSynth... done. (0.00s)
2026-09-25 16:04:17 [INFO] wepppy.run.thinning-soil-validation-20260925.disturbed:   Generating MOFE soil file with SoilMultipleOfeSynth...
2026-09-25 16:04:17 [INFO] wepppy.run.thinning-soil-validation-20260925.disturbed:   Generating MOFE soil file with SoilMultipleOfeSynth... done. (0.00s)
2026-09-25 16:04:17 [INFO] wepppy.run.thinning-soil-validation-20260925.disturbed:   Generating MOFE soil file with SoilMultipleOfeSynth...
2026-09-25 16:04:17 [INFO] wepppy.run.thinning-soil-validation-20260925.disturbed:   Generating MOFE soil file with SoilMultipleOfeSynth... done. (0.00s)
2026-09-25 16:04:17 [INFO] wepppy.run.thinning-soil-validation-20260925.disturbed:   Generating MOFE soil file with SoilMultipleOfeSynth...
2026-09-25 16:04:17 [INFO] wepppy.run.thinning-soil-validation-20260925.disturbed:   Generating MOFE soil file with SoilMultipleOfeSynth... done. (0.00s)
2026-09-25 16:04:17 [INFO] wepppy.run.thinning-soil-validation-20260925.disturbed:   Generating MOFE soil file with SoilMultipleOfeSynth...
2026-09-25 16:04:17 [INFO] wepppy.run.thinning-soil-validation-20260925.disturbed:   Generating MOFE soil file with SoilMultipleOfeSynth... done. (0.00s)
2026-09-25 16:04:17 [INFO] wepppy.run.thinning-soil-validation-20260925.disturbed:   Generating MOFE soil file with SoilMultipleOfeSynth...
2026-09-25 16:04:17 [INFO] wepppy.run.thinning-soil-validation-20260925.disturbed:   Generating MOFE soil file with SoilMultipleOfeSynth... done. (0.00s)
2026-09-25 16:04:17 [INFO] wepppy.run.thinning-soil-validation-20260925.disturbed:   Generating MOFE soil file with SoilMultipleOfeSynth...
2026-09-25 16:04:17 [INFO] wepppy.run.thinning-soil-validation-20260925.disturbed:   Generating MOFE soil file with SoilMultipleOfeSynth... done. (0.00s)
2026-09-25 16:04:17 [INFO] wepppy.run.thinning-soil-validation-20260925.disturbed:   Generating MOFE soil file with SoilMultipleOfeSynth...
2026-09-25 16:04:17 [INFO] wepppy.run.thinning-soil-validation-20260925.disturbed:   Generating MOFE soil file with SoilMultipleOfeSynth... done. (0.00s)
2026-09-25 16:04:17 [INFO] wepppy.run.thinning-soil-validation-20260925.disturbed:   Generating MOFE soil file with SoilMultipleOfeSynth...
2026-09-25 16:04:17 [INFO] wepppy.run.thinning-soil-validation-20260925.disturbed:   Generating MOFE soil file with SoilMultipleOfeSynth... done. (0.00s)
2026-09-25 16:04:17 [INFO] wepppy.run.thinning-soil-validation-20260925.disturbed:   Generating MOFE soil file with SoilMultipleOfeSynth...
2026-09-25 16:04:17 [INFO] wepppy.run.thinning-soil-validation-20260925.disturbed:   Generating MOFE soil file with SoilMultipleOfeSynth... done. (0.00s)
2026-09-25 16:04:17 [INFO] wepppy.run.thinning-soil-validation-20260925.disturbed:   Generating MOFE soil file with SoilMultipleOfeSynth...
2026-09-25 16:04:17 [INFO] wepppy.run.thinning-soil-validation-20260925.disturbed:   Generating MOFE soil file with SoilMultipleOfeSynth... done. (0.00s)
2026-09-25 16:04:17 [INFO] wepppy.run.thinning-soil-validation-20260925.disturbed:   Generating MOFE soil file with SoilMultipleOfeSynth...
2026-09-25 16:04:17 [INFO] wepppy.run.thinning-soil-validation-20260925.disturbed:   Generating MOFE soil file with SoilMultipleOfeSynth... done. (0.00s)
2026-09-25 16:04:17 [INFO] wepppy.run.thinning-soil-validation-20260925.disturbed:   Generating MOFE soil file with SoilMultipleOfeSynth...
2026-09-25 16:04:17 [INFO] wepppy.run.thinning-soil-validation-20260925.disturbed:   Generating MOFE soil file with SoilMultipleOfeSynth... done. (0.00s)
2026-09-25 16:04:17 [INFO] wepppy.run.thinning-soil-validation-20260925.disturbed:   Generating MOFE soil file with SoilMultipleOfeSynth...
2026-09-25 16:04:17 [INFO] wepppy.run.thinning-soil-validation-20260925.disturbed:   Generating MOFE soil file with SoilMultipleOfeSynth... done. (0.00s)
2026-09-25 16:04:17 [INFO] wepppy.run.thinning-soil-validation-20260925.disturbed:   Generating MOFE soil file with SoilMultipleOfeSynth...
2026-09-25 16:04:17 [INFO] wepppy.run.thinning-soil-validation-20260925.disturbed:   Generating MOFE soil file with SoilMultipleOfeSynth... done. (0.00s)
2026-09-25 16:04:17 [INFO] wepppy.run.thinning-soil-validation-20260925.disturbed:   Generating MOFE soil file with SoilMultipleOfeSynth...
2026-09-25 16:04:17 [INFO] wepppy.run.thinning-soil-validation-20260925.disturbed:   Generating MOFE soil file with SoilMultipleOfeSynth... done. (0.00s)
2026-09-25 16:04:17 [INFO] wepppy.run.thinning-soil-validation-20260925.disturbed:   Generating MOFE soil file with SoilMultipleOfeSynth...
2026-09-25 16:04:17 [INFO] wepppy.run.thinning-soil-validation-20260925.disturbed:   Generating MOFE soil file with SoilMultipleOfeSynth... done. (0.00s)
2026-09-25 16:04:17 [INFO] wepppy.run.thinning-soil-validation-20260925.disturbed:   Generating MOFE soil file with SoilMultipleOfeSynth...
2026-09-25 16:04:17 [INFO] wepppy.run.thinning-soil-validation-20260925.disturbed:   Generating MOFE soil file with SoilMultipleOfeSynth... done. (0.00s)
2026-09-25 16:04:17 [INFO] wepppy.run.thinning-soil-validation-20260925.disturbed:   Generating MOFE soil file with SoilMultipleOfeSynth...
2026-09-25 16:04:17 [INFO] wepppy.run.thinning-soil-validation-20260925.disturbed:   Generating MOFE soil file with SoilMultipleOfeSynth... done. (0.00s)
2026-09-25 16:04:17 [INFO] wepppy.run.thinning-soil-validation-20260925.disturbed:   Generating MOFE soil file with SoilMultipleOfeSynth...
2026-09-25 16:04:17 [INFO] wepppy.run.thinning-soil-validation-20260925.disturbed:   Generating MOFE soil file with SoilMultipleOfeSynth... done. (0.00s)
2026-09-25 16:04:17 [INFO] wepppy.run.thinning-soil-validation-20260925.disturbed:   Generating MOFE soil file with SoilMultipleOfeSynth...
2026-09-25 16:04:17 [INFO] wepppy.run.thinning-soil-validation-20260925.disturbed:   Generating MOFE soil file with SoilMultipleOfeSynth... done. (0.00s)
2026-09-25 16:04:17 [INFO] wepppy.run.thinning-soil-validation-20260925.disturbed:   Generating MOFE soil file with SoilMultipleOfeSynth...
2026-09-25 16:04:17 [INFO] wepppy.run.thinning-soil-validation-20260925.disturbed:   Generating MOFE soil file with SoilMultipleOfeSynth... done. (0.00s)
2026-09-25 16:04:17 [INFO] wepppy.run.thinning-soil-validation-20260925.disturbed:   Generating MOFE soil file with SoilMultipleOfeSynth...
2026-09-25 16:04:17 [INFO] wepppy.run.thinning-soil-validation-20260925.disturbed:   Generating MOFE soil file with SoilMultipleOfeSynth... done. (0.00s)
2026-09-25 16:04:17 [INFO] wepppy.run.thinning-soil-validation-20260925.disturbed:   Generating MOFE soil file with SoilMultipleOfeSynth...
2026-09-25 16:04:17 [INFO] wepppy.run.thinning-soil-validation-20260925.disturbed:   Generating MOFE soil file with SoilMultipleOfeSynth... done. (0.00s)
2026-09-25 16:04:17 [INFO] wepppy.run.thinning-soil-validation-20260925.disturbed:   Generating MOFE soil file with SoilMultipleOfeSynth...
2026-09-25 16:04:17 [INFO] wepppy.run.thinning-soil-validation-20260925.disturbed:   Generating MOFE soil file with SoilMultipleOfeSynth... done. (0.00s)
2026-09-25 16:04:17 [INFO] wepppy.run.thinning-soil-validation-20260925.disturbed:   Generating MOFE soil file with SoilMultipleOfeSynth...
2026-09-25 16:04:17 [INFO] wepppy.run.thinning-soil-validation-20260925.disturbed:   Generating MOFE soil file with SoilMultipleOfeSynth... done. (0.00s)
2026-09-25 16:04:17 [INFO] wepppy.run.thinning-soil-validation-20260925.disturbed:   Generating MOFE soil file with SoilMultipleOfeSynth...
2026-09-25 16:04:17 [INFO] wepppy.run.thinning-soil-validation-20260925.disturbed:   Generating MOFE soil file with SoilMultipleOfeSynth... done. (0.00s)
2026-09-25 16:04:17 [INFO] wepppy.run.thinning-soil-validation-20260925.disturbed:   Generating MOFE soil file with SoilMultipleOfeSynth...
2026-09-25 16:04:17 [INFO] wepppy.run.thinning-soil-validation-20260925.disturbed:   Generating MOFE soil file with SoilMultipleOfeSynth... done. (0.00s)
2026-09-25 16:04:17 [INFO] wepppy.run.thinning-soil-validation-20260925.disturbed:   Generating MOFE soil file with SoilMultipleOfeSynth...
2026-09-25 16:04:17 [INFO] wepppy.run.thinning-soil-validation-20260925.disturbed:   Generating MOFE soil file with SoilMultipleOfeSynth... done. (0.00s)
2026-09-25 16:04:17 [INFO] wepppy.run.thinning-soil-validation-20260925.disturbed:   Generating MOFE soil file with SoilMultipleOfeSynth...
2026-09-25 16:04:17 [INFO] wepppy.run.thinning-soil-validation-20260925.disturbed:   Generating MOFE soil file with SoilMultipleOfeSynth... done. (0.00s)
2026-09-25 16:04:17 [INFO] wepppy.run.thinning-soil-validation-20260925.disturbed:   Generating MOFE soil file with SoilMultipleOfeSynth...
2026-09-25 16:04:17 [INFO] wepppy.run.thinning-soil-validation-20260925.disturbed:   Generating MOFE soil file with SoilMultipleOfeSynth... done. (0.00s)
2026-09-25 16:04:17 [INFO] wepppy.run.thinning-soil-validation-20260925.disturbed:   Generating MOFE soil file with SoilMultipleOfeSynth...
2026-09-25 16:04:17 [INFO] wepppy.run.thinning-soil-validation-20260925.disturbed:   Generating MOFE soil file with SoilMultipleOfeSynth... done. (0.00s)
2026-09-25 16:04:17 [INFO] wepppy.run.thinning-soil-validation-20260925.disturbed:   Generating MOFE soil file with SoilMultipleOfeSynth...
2026-09-25 16:04:17 [INFO] wepppy.run.thinning-soil-validation-20260925.disturbed:   Generating MOFE soil file with SoilMultipleOfeSynth... done. (0.00s)
2026-09-25 16:04:17 [INFO] wepppy.run.thinning-soil-validation-20260925.disturbed:   Generating MOFE soil file with SoilMultipleOfeSynth...
2026-09-25 16:04:17 [INFO] wepppy.run.thinning-soil-validation-20260925.disturbed:   Generating MOFE soil file with SoilMultipleOfeSynth... done. (0.00s)
2026-09-25 16:04:17 [INFO] wepppy.run.thinning-soil-validation-20260925.disturbed:   Generating MOFE soil file with SoilMultipleOfeSynth...
2026-09-25 16:04:17 [INFO] wepppy.run.thinning-soil-validation-20260925.disturbed:   Generating MOFE soil file with SoilMultipleOfeSynth... done. (0.00s)
2026-09-25 16:04:17 [INFO] wepppy.run.thinning-soil-validation-20260925.disturbed:   Generating MOFE soil file with SoilMultipleOfeSynth...
2026-09-25 16:04:17 [INFO] wepppy.run.thinning-soil-validation-20260925.disturbed:   Generating MOFE soil file with SoilMultipleOfeSynth... done. (0.00s)
2026-09-25 16:04:17 [INFO] wepppy.run.thinning-soil-validation-20260925.disturbed:   Generating MOFE soil file with SoilMultipleOfeSynth...
2026-09-25 16:04:17 [INFO] wepppy.run.thinning-soil-validation-20260925.disturbed:   Generating MOFE soil file with SoilMultipleOfeSynth... done. (0.00s)
2026-09-25 16:04:17 [INFO] wepppy.run.thinning-soil-validation-20260925.disturbed:   Generating MOFE soil file with SoilMultipleOfeSynth...
2026-09-25 16:04:17 [INFO] wepppy.run.thinning-soil-validation-20260925.disturbed:   Generating MOFE soil file with SoilMultipleOfeSynth... done. (0.00s)
2026-09-25 16:04:17 [INFO] wepppy.run.thinning-soil-validation-20260925.disturbed:   Generating MOFE soil file with SoilMultipleOfeSynth...
2026-09-25 16:04:17 [INFO] wepppy.run.thinning-soil-validation-20260925.disturbed:   Generating MOFE soil file with SoilMultipleOfeSynth... done. (0.00s)
2026-09-25 16:04:17 [INFO] wepppy.run.thinning-soil-validation-20260925.disturbed:   Generating MOFE soil file with SoilMultipleOfeSynth...
2026-09-25 16:04:17 [INFO] wepppy.run.thinning-soil-validation-20260925.disturbed:   Generating MOFE soil file with SoilMultipleOfeSynth... done. (0.00s)
2026-09-25 16:04:17 [INFO] wepppy.run.thinning-soil-validation-20260925.disturbed:   Generating MOFE soil file with SoilMultipleOfeSynth...
2026-09-25 16:04:17 [INFO] wepppy.run.thinning-soil-validation-20260925.disturbed:   Generating MOFE soil file with SoilMultipleOfeSynth... done. (0.00s)
2026-09-25 16:04:17 [INFO] wepppy.run.thinning-soil-validation-20260925.disturbed:   Generating MOFE soil file with SoilMultipleOfeSynth...
2026-09-25 16:04:17 [INFO] wepppy.run.thinning-soil-validation-20260925.disturbed:   Generating MOFE soil file with SoilMultipleOfeSynth... done. (0.00s)
2026-09-25 16:04:17 [INFO] wepppy.run.thinning-soil-validation-20260925.disturbed:   Generating MOFE soil file with SoilMultipleOfeSynth...
2026-09-25 16:04:17 [INFO] wepppy.run.thinning-soil-validation-20260925.disturbed:   Generating MOFE soil file with SoilMultipleOfeSynth... done. (0.00s)
2026-09-25 16:04:17 [INFO] wepppy.run.thinning-soil-validation-20260925.disturbed:   Generating MOFE soil file with SoilMultipleOfeSynth...
2026-09-25 16:04:17 [INFO] wepppy.run.thinning-soil-validation-20260925.disturbed:   Generating MOFE soil file with SoilMultipleOfeSynth... done. (0.00s)
2026-09-25 16:04:17 [INFO] wepppy.run.thinning-soil-validation-20260925.disturbed:   Generating MOFE soil file with SoilMultipleOfeSynth...
2026-09-25 16:04:17 [INFO] wepppy.run.thinning-soil-validation-20260925.disturbed:   Generating MOFE soil file with SoilMultipleOfeSynth... done. (0.00s)
2026-09-25 16:04:17 [INFO] wepppy.run.thinning-soil-validation-20260925.disturbed:   Generating MOFE soil file with SoilMultipleOfeSynth...
2026-09-25 16:04:17 [INFO] wepppy.run.thinning-soil-validation-20260925.disturbed:   Generating MOFE soil file with SoilMultipleOfeSynth... done. (0.00s)
2026-09-25 16:04:17 [INFO] wepppy.run.thinning-soil-validation-20260925.disturbed:   Generating MOFE soil file with SoilMultipleOfeSynth...
2026-09-25 16:04:17 [INFO] wepppy.run.thinning-soil-validation-20260925.disturbed:   Generating MOFE soil file with SoilMultipleOfeSynth... done. (0.00s)
2026-09-25 16:04:17 [INFO] wepppy.run.thinning-soil-validation-20260925.disturbed:   Generating MOFE soil file with SoilMultipleOfeSynth...
2026-09-25 16:04:17 [INFO] wepppy.run.thinning-soil-validation-20260925.disturbed:   Generating MOFE soil file with SoilMultipleOfeSynth... done. (0.00s)
2026-09-25 16:04:17 [INFO] wepppy.run.thinning-soil-validation-20260925.disturbed:   Generating MOFE soil file with SoilMultipleOfeSynth...
2026-09-25 16:04:17 [INFO] wepppy.run.thinning-soil-validation-20260925.disturbed:   Generating MOFE soil file with SoilMultipleOfeSynth... done. (0.00s)
2026-09-25 16:04:17 [INFO] wepppy.run.thinning-soil-validation-20260925.disturbed:   Generating MOFE soil file with SoilMultipleOfeSynth...
2026-09-25 16:04:17 [INFO] wepppy.run.thinning-soil-validation-20260925.disturbed:   Generating MOFE soil file with SoilMultipleOfeSynth... done. (0.00s)
2026-09-25 16:04:17 [INFO] wepppy.run.thinning-soil-validation-20260925.disturbed:   Generating MOFE soil file with SoilMultipleOfeSynth...
2026-09-25 16:04:17 [INFO] wepppy.run.thinning-soil-validation-20260925.disturbed:   Generating MOFE soil file with SoilMultipleOfeSynth... done. (0.00s)
2026-09-25 16:04:17 [INFO] wepppy.run.thinning-soil-validation-20260925.disturbed:   Generating MOFE soil file with SoilMultipleOfeSynth...
2026-09-25 16:04:17 [INFO] wepppy.run.thinning-soil-validation-20260925.disturbed:   Generating MOFE soil file with SoilMultipleOfeSynth... done. (0.00s)
2026-09-25 16:04:17 [INFO] wepppy.run.thinning-soil-validation-20260925.disturbed:   Generating MOFE soil file with SoilMultipleOfeSynth...
2026-09-25 16:04:17 [INFO] wepppy.run.thinning-soil-validation-20260925.disturbed:   Generating MOFE soil file with SoilMultipleOfeSynth... done. (0.00s)
2026-09-25 16:04:17 [INFO] wepppy.run.thinning-soil-validation-20260925.disturbed:   Generating MOFE soil file with SoilMultipleOfeSynth...
2026-09-25 16:04:17 [INFO] wepppy.run.thinning-soil-validation-20260925.disturbed:   Generating MOFE soil file with SoilMultipleOfeSynth... done. (0.00s)
2026-09-25 16:04:17 [INFO] wepppy.run.thinning-soil-validation-20260925.disturbed:   Generating MOFE soil file with SoilMultipleOfeSynth...
2026-09-25 16:04:17 [INFO] wepppy.run.thinning-soil-validation-20260925.disturbed:   Generating MOFE soil file with SoilMultipleOfeSynth... done. (0.00s)
2026-09-25 16:04:17 [INFO] wepppy.run.thinning-soil-validation-20260925.disturbed:   Generating MOFE soil file with SoilMultipleOfeSynth...
2026-09-25 16:04:17 [INFO] wepppy.run.thinning-soil-validation-20260925.disturbed:   Generating MOFE soil file with SoilMultipleOfeSynth... done. (0.00s)
2026-09-25 16:04:17 [INFO] wepppy.run.thinning-soil-validation-20260925.disturbed:   Generating MOFE soil file with SoilMultipleOfeSynth...
2026-09-25 16:04:17 [INFO] wepppy.run.thinning-soil-validation-20260925.disturbed:   Generating MOFE soil file with SoilMultipleOfeSynth... done. (0.00s)
2026-09-25 16:04:17 [INFO] wepppy.run.thinning-soil-validation-20260925.disturbed:   Generating MOFE soil file with SoilMultipleOfeSynth...
2026-09-25 16:04:17 [INFO] wepppy.run.thinning-soil-validation-20260925.disturbed:   Generating MOFE soil file with SoilMultipleOfeSynth... done. (0.00s)
2026-09-25 16:04:17 [INFO] wepppy.run.thinning-soil-validation-20260925.disturbed:   Generating MOFE soil file with SoilMultipleOfeSynth...
2026-09-25 16:04:17 [INFO] wepppy.run.thinning-soil-validation-20260925.disturbed:   Generating MOFE soil file with SoilMultipleOfeSynth... done. (0.00s)
2026-09-25 16:04:17 [INFO] wepppy.run.thinning-soil-validation-20260925.disturbed:   Generating MOFE soil file with SoilMultipleOfeSynth...
2026-09-25 16:04:17 [INFO] wepppy.run.thinning-soil-validation-20260925.disturbed:   Generating MOFE soil file with SoilMultipleOfeSynth... done. (0.00s)
2026-09-25 16:04:17 [INFO] wepppy.run.thinning-soil-validation-20260925.disturbed:   Generating MOFE soil file with SoilMultipleOfeSynth...
2026-09-25 16:04:17 [INFO] wepppy.run.thinning-soil-validation-20260925.disturbed:   Generating MOFE soil file with SoilMultipleOfeSynth... done. (0.00s)
2026-09-25 16:04:17 [INFO] wepppy.run.thinning-soil-validation-20260925.disturbed:   Generating MOFE soil file with SoilMultipleOfeSynth...
2026-09-25 16:04:17 [INFO] wepppy.run.thinning-soil-validation-20260925.disturbed:   Generating MOFE soil file with SoilMultipleOfeSynth... done. (0.00s)
2026-09-25 16:04:17 [INFO] wepppy.run.thinning-soil-validation-20260925.disturbed:   Generating MOFE soil file with SoilMultipleOfeSynth...
2026-09-25 16:04:17 [INFO] wepppy.run.thinning-soil-validation-20260925.disturbed:   Generating MOFE soil file with SoilMultipleOfeSynth... done. (0.00s)
2026-09-25 16:04:17 [INFO] wepppy.run.thinning-soil-validation-20260925.disturbed:   Generating MOFE soil file with SoilMultipleOfeSynth...
2026-09-25 16:04:17 [INFO] wepppy.run.thinning-soil-validation-20260925.disturbed:   Generating MOFE soil file with SoilMultipleOfeSynth... done. (0.00s)
2026-09-25 16:04:17 [INFO] wepppy.run.thinning-soil-validation-20260925.disturbed:   Generating MOFE soil file with SoilMultipleOfeSynth...
2026-09-25 16:04:17 [INFO] wepppy.run.thinning-soil-validation-20260925.disturbed:   Generating MOFE soil file with SoilMultipleOfeSynth... done. (0.00s)
2026-09-25 16:04:17 [INFO] wepppy.run.thinning-soil-validation-20260925.disturbed:   Generating MOFE soil file with SoilMultipleOfeSynth...
2026-09-25 16:04:17 [INFO] wepppy.run.thinning-soil-validation-20260925.disturbed:   Generating MOFE soil file with SoilMultipleOfeSynth... done. (0.00s)
2026-09-25 16:04:17 [INFO] wepppy.run.thinning-soil-validation-20260925.disturbed:   Generating MOFE soil file with SoilMultipleOfeSynth...
2026-09-25 16:04:17 [INFO] wepppy.run.thinning-soil-validation-20260925.disturbed:   Generating MOFE soil file with SoilMultipleOfeSynth... done. (0.00s)
2026-09-25 16:04:17 [INFO] wepppy.run.thinning-soil-validation-20260925.disturbed:   Generating MOFE soil file with SoilMultipleOfeSynth...
2026-09-25 16:04:17 [INFO] wepppy.run.thinning-soil-validation-20260925.disturbed:   Generating MOFE soil file with SoilMultipleOfeSynth... done. (0.00s)
2026-09-25 16:04:17 [INFO] wepppy.run.thinning-soil-validation-20260925.disturbed:   Generating MOFE soil file with SoilMultipleOfeSynth...
2026-09-25 16:04:17 [INFO] wepppy.run.thinning-soil-validation-20260925.disturbed:   Generating MOFE soil file with SoilMultipleOfeSynth... done. (0.00s)
2026-09-25 16:04:17 [INFO] wepppy.run.thinning-soil-validation-20260925.disturbed:   Generating MOFE soil file with SoilMultipleOfeSynth...
2026-09-25 16:04:17 [INFO] wepppy.run.thinning-soil-validation-20260925.disturbed:   Generating MOFE soil file with SoilMultipleOfeSynth... done. (0.00s)
2026-09-25 16:04:17 [INFO] wepppy.run.thinning-soil-validation-20260925.disturbed:   Generating MOFE soil file with SoilMultipleOfeSynth...
2026-09-25 16:04:17 [INFO] wepppy.run.thinning-soil-validation-20260925.disturbed:   Generating MOFE soil file with SoilMultipleOfeSynth... done. (0.00s)
2026-09-25 16:04:17 [INFO] wepppy.run.thinning-soil-validation-20260925.disturbed:   Generating MOFE soil file with SoilMultipleOfeSynth...
2026-09-25 16:04:17 [INFO] wepppy.run.thinning-soil-validation-20260925.disturbed:   Generating MOFE soil file with SoilMultipleOfeSynth... done. (0.00s)
2026-09-25 16:04:17 [INFO] wepppy.run.thinning-soil-validation-20260925.disturbed:   Generating MOFE soil file with SoilMultipleOfeSynth...
2026-09-25 16:04:17 [INFO] wepppy.run.thinning-soil-validation-20260925.disturbed:   Generating MOFE soil file with SoilMultipleOfeSynth... done. (0.00s)
2026-09-25 16:04:17 [INFO] wepppy.run.thinning-soil-validation-20260925.disturbed:   Generating MOFE soil file with SoilMultipleOfeSynth...
2026-09-25 16:04:17 [INFO] wepppy.run.thinning-soil-validation-20260925.disturbed:   Generating MOFE soil file with SoilMultipleOfeSynth... done. (0.00s)
2026-09-25 16:04:17 [INFO] wepppy.run.thinning-soil-validation-20260925.disturbed:   Generating MOFE soil file with SoilMultipleOfeSynth...
2026-09-25 16:04:17 [INFO] wepppy.run.thinning-soil-validation-20260925.disturbed:   Generating MOFE soil file with SoilMultipleOfeSynth... done. (0.00s)
2026-09-25 16:04:17 [INFO] wepppy.run.thinning-soil-validation-20260925.disturbed:   Generating MOFE soil file with SoilMultipleOfeSynth...
2026-09-25 16:04:17 [INFO] wepppy.run.thinning-soil-validation-20260925.disturbed:   Generating MOFE soil file with SoilMultipleOfeSynth... done. (0.00s)
2026-09-25 16:04:17 [INFO] wepppy.run.thinning-soil-validation-20260925.disturbed:   Generating MOFE soil file with SoilMultipleOfeSynth...
2026-09-25 16:04:17 [INFO] wepppy.run.thinning-soil-validation-20260925.disturbed:   Generating MOFE soil file with SoilMultipleOfeSynth... done. (0.00s)
2026-09-25 16:04:17 [INFO] wepppy.run.thinning-soil-validation-20260925.disturbed:   Generating MOFE soil file with SoilMultipleOfeSynth...
2026-09-25 16:04:17 [INFO] wepppy.run.thinning-soil-validation-20260925.disturbed:   Generating MOFE soil file with SoilMultipleOfeSynth... done. (0.00s)
2026-09-25 16:04:17 [INFO] wepppy.run.thinning-soil-validation-20260925.disturbed:   Generating MOFE soil file with SoilMultipleOfeSynth...
2026-09-25 16:04:17 [INFO] wepppy.run.thinning-soil-validation-20260925.disturbed:   Generating MOFE soil file with SoilMultipleOfeSynth... done. (0.00s)
2026-09-25 16:04:17 [INFO] wepppy.run.thinning-soil-validation-20260925.disturbed:   Generating MOFE soil file with SoilMultipleOfeSynth...
2026-09-25 16:04:17 [INFO] wepppy.run.thinning-soil-validation-20260925.disturbed:   Generating MOFE soil file with SoilMultipleOfeSynth... done. (0.00s)
2026-09-25 16:04:17 [INFO] wepppy.run.thinning-soil-validation-20260925.disturbed:   Generating MOFE soil file with SoilMultipleOfeSynth...
2026-09-25 16:04:17 [INFO] wepppy.run.thinning-soil-validation-20260925.disturbed:   Generating MOFE soil file with SoilMultipleOfeSynth... done. (0.00s)
2026-09-25 16:04:17 [INFO] wepppy.run.thinning-soil-validation-20260925.disturbed:   Generating MOFE soil file with SoilMultipleOfeSynth...
2026-09-25 16:04:17 [INFO] wepppy.run.thinning-soil-validation-20260925.disturbed:   Generating MOFE soil file with SoilMultipleOfeSynth... done. (0.00s)
2026-09-25 16:04:17 [INFO] wepppy.run.thinning-soil-validation-20260925.disturbed:   Generating MOFE soil file with SoilMultipleOfeSynth...
2026-09-25 16:04:17 [INFO] wepppy.run.thinning-soil-validation-20260925.disturbed:   Generating MOFE soil file with SoilMultipleOfeSynth... done. (0.00s)
2026-09-25 16:04:17 [INFO] wepppy.run.thinning-soil-validation-20260925.disturbed:   Generating MOFE soil file with SoilMultipleOfeSynth...
2026-09-25 16:04:17 [INFO] wepppy.run.thinning-soil-validation-20260925.disturbed:   Generating MOFE soil file with SoilMultipleOfeSynth... done. (0.00s)
2026-09-25 16:04:17 [INFO] wepppy.run.thinning-soil-validation-20260925.disturbed:   Generating MOFE soil file with SoilMultipleOfeSynth...
2026-09-25 16:04:17 [INFO] wepppy.run.thinning-soil-validation-20260925.disturbed:   Generating MOFE soil file with SoilMultipleOfeSynth... done. (0.00s)
2026-09-25 16:04:17 [INFO] wepppy.run.thinning-soil-validation-20260925.disturbed:   Generating MOFE soil file with SoilMultipleOfeSynth...
2026-09-25 16:04:17 [INFO] wepppy.run.thinning-soil-validation-20260925.disturbed:   Generating MOFE soil file with SoilMultipleOfeSynth... done. (0.00s)
2026-09-25 16:04:17 [INFO] wepppy.run.thinning-soil-validation-20260925.disturbed:   Generating MOFE soil file with SoilMultipleOfeSynth...
2026-09-25 16:04:17 [INFO] wepppy.run.thinning-soil-validation-20260925.disturbed:   Generating MOFE soil file with SoilMultipleOfeSynth... done. (0.00s)
2026-09-25 16:04:17 [INFO] wepppy.run.thinning-soil-validation-20260925.disturbed:   Generating MOFE soil file with SoilMultipleOfeSynth...
2026-09-25 16:04:17 [INFO] wepppy.run.thinning-soil-validation-20260925.disturbed:   Generating MOFE soil file with SoilMultipleOfeSynth... done. (0.00s)
2026-09-25 16:04:17 [INFO] wepppy.run.thinning-soil-validation-20260925.disturbed:   Generating MOFE soil file with SoilMultipleOfeSynth...
2026-09-25 16:04:17 [INFO] wepppy.run.thinning-soil-validation-20260925.disturbed:   Generating MOFE soil file with SoilMultipleOfeSynth... done. (0.00s)
2026-09-25 16:04:17 [INFO] wepppy.run.thinning-soil-validation-20260925.disturbed:   Generating MOFE soil file with SoilMultipleOfeSynth...
2026-09-25 16:04:17 [INFO] wepppy.run.thinning-soil-validation-20260925.disturbed:   Generating MOFE soil file with SoilMultipleOfeSynth... done. (0.00s)
2026-09-25 16:04:17 [INFO] wepppy.run.thinning-soil-validation-20260925.disturbed:   Generating MOFE soil file with SoilMultipleOfeSynth...
2026-09-25 16:04:17 [INFO] wepppy.run.thinning-soil-validation-20260925.disturbed:   Generating MOFE soil file with SoilMultipleOfeSynth... done. (0.00s)
2026-09-25 16:04:17 [INFO] wepppy.run.thinning-soil-validation-20260925.disturbed:   Generating MOFE soil file with SoilMultipleOfeSynth...
2026-09-25 16:04:17 [INFO] wepppy.run.thinning-soil-validation-20260925.disturbed:   Generating MOFE soil file with SoilMultipleOfeSynth... done. (0.00s)
2026-09-25 16:04:17 [INFO] wepppy.run.thinning-soil-validation-20260925.disturbed:   Generating MOFE soil file with SoilMultipleOfeSynth...
2026-09-25 16:04:18 [INFO] wepppy.run.thinning-soil-validation-20260925.disturbed:   Generating MOFE soil file with SoilMultipleOfeSynth... done. (0.00s)
2026-09-25 16:04:18 [INFO] wepppy.run.thinning-soil-validation-20260925.disturbed:   Generating MOFE soil file with SoilMultipleOfeSynth...
2026-09-25 16:04:18 [INFO] wepppy.run.thinning-soil-validation-20260925.disturbed:   Generating MOFE soil file with SoilMultipleOfeSynth... done. (0.00s)
2026-09-25 16:04:18 [INFO] wepppy.run.thinning-soil-validation-20260925.disturbed:   Generating MOFE soil file with SoilMultipleOfeSynth...
2026-09-25 16:04:18 [INFO] wepppy.run.thinning-soil-validation-20260925.disturbed:   Generating MOFE soil file with SoilMultipleOfeSynth... done. (0.00s)
2026-09-25 16:04:18 [INFO] wepppy.run.thinning-soil-validation-20260925.disturbed:   Generating MOFE soil file with SoilMultipleOfeSynth...
2026-09-25 16:04:18 [INFO] wepppy.run.thinning-soil-validation-20260925.disturbed:   Generating MOFE soil file with SoilMultipleOfeSynth... done. (0.00s)
2026-09-25 16:04:18 [INFO] wepppy.run.thinning-soil-validation-20260925.disturbed:   Generating MOFE soil file with SoilMultipleOfeSynth...
2026-09-25 16:04:18 [INFO] wepppy.run.thinning-soil-validation-20260925.disturbed:   Generating MOFE soil file with SoilMultipleOfeSynth... done. (0.00s)
2026-09-25 16:04:18 [INFO] wepppy.run.thinning-soil-validation-20260925.disturbed:   Generating MOFE soil file with SoilMultipleOfeSynth...
2026-09-25 16:04:18 [INFO] wepppy.run.thinning-soil-validation-20260925.disturbed:   Generating MOFE soil file with SoilMultipleOfeSynth... done. (0.00s)
2026-09-25 16:04:18 [INFO] wepppy.run.thinning-soil-validation-20260925.disturbed:   Generating MOFE soil file with SoilMultipleOfeSynth...
2026-09-25 16:04:18 [INFO] wepppy.run.thinning-soil-validation-20260925.disturbed:   Generating MOFE soil file with SoilMultipleOfeSynth... done. (0.00s)
2026-09-25 16:04:18 [INFO] wepppy.run.thinning-soil-validation-20260925.disturbed:   Generating MOFE soil file with SoilMultipleOfeSynth...
2026-09-25 16:04:18 [INFO] wepppy.run.thinning-soil-validation-20260925.disturbed:   Generating MOFE soil file with SoilMultipleOfeSynth... done. (0.00s)
2026-09-25 16:04:18 [INFO] wepppy.run.thinning-soil-validation-20260925.disturbed:   Generating MOFE soil file with SoilMultipleOfeSynth...
2026-09-25 16:04:18 [INFO] wepppy.run.thinning-soil-validation-20260925.disturbed:   Generating MOFE soil file with SoilMultipleOfeSynth... done. (0.00s)
2026-09-25 16:04:18 [INFO] wepppy.run.thinning-soil-validation-20260925.disturbed:   Generating MOFE soil file with SoilMultipleOfeSynth...
2026-09-25 16:04:18 [INFO] wepppy.run.thinning-soil-validation-20260925.disturbed:   Generating MOFE soil file with SoilMultipleOfeSynth... done. (0.00s)
2026-09-25 16:04:18 [INFO] wepppy.run.thinning-soil-validation-20260925.disturbed:   Generating MOFE soil file with SoilMultipleOfeSynth...
2026-09-25 16:04:18 [INFO] wepppy.run.thinning-soil-validation-20260925.disturbed:   Generating MOFE soil file with SoilMultipleOfeSynth... done. (0.00s)
2026-09-25 16:04:18 [INFO] wepppy.run.thinning-soil-validation-20260925.disturbed:   Generating MOFE soil file with SoilMultipleOfeSynth...
2026-09-25 16:04:18 [INFO] wepppy.run.thinning-soil-validation-20260925.disturbed:   Generating MOFE soil file with SoilMultipleOfeSynth... done. (0.00s)
2026-09-25 16:04:18 [INFO] wepppy.run.thinning-soil-validation-20260925.disturbed:   Generating MOFE soil file with SoilMultipleOfeSynth...
2026-09-25 16:04:18 [INFO] wepppy.run.thinning-soil-validation-20260925.disturbed:   Generating MOFE soil file with SoilMultipleOfeSynth... done. (0.00s)
2026-09-25 16:04:18 [INFO] wepppy.run.thinning-soil-validation-20260925.disturbed:   Generating MOFE soil file with SoilMultipleOfeSynth...
2026-09-25 16:04:18 [INFO] wepppy.run.thinning-soil-validation-20260925.disturbed:   Generating MOFE soil file with SoilMultipleOfeSynth... done. (0.00s)
2026-09-25 16:04:18 [INFO] wepppy.run.thinning-soil-validation-20260925.disturbed:   Generating MOFE soil file with SoilMultipleOfeSynth...
2026-09-25 16:04:18 [INFO] wepppy.run.thinning-soil-validation-20260925.disturbed:   Generating MOFE soil file with SoilMultipleOfeSynth... done. (0.00s)
2026-09-25 16:04:18 [INFO] wepppy.run.thinning-soil-validation-20260925.disturbed:   Generating MOFE soil file with SoilMultipleOfeSynth...
2026-09-25 16:04:18 [INFO] wepppy.run.thinning-soil-validation-20260925.disturbed:   Generating MOFE soil file with SoilMultipleOfeSynth... done. (0.00s)
2026-09-25 16:04:18 [INFO] wepppy.run.thinning-soil-validation-20260925.disturbed:   Generating MOFE soil file with SoilMultipleOfeSynth...
2026-09-25 16:04:18 [INFO] wepppy.run.thinning-soil-validation-20260925.disturbed:   Generating MOFE soil file with SoilMultipleOfeSynth... done. (0.00s)
2026-09-25 16:04:18 [INFO] wepppy.run.thinning-soil-validation-20260925.disturbed:   Generating MOFE soil file with SoilMultipleOfeSynth...
2026-09-25 16:04:18 [INFO] wepppy.run.thinning-soil-validation-20260925.disturbed:   Generating MOFE soil file with SoilMultipleOfeSynth... done. (0.00s)
2026-09-25 16:04:18 [INFO] wepppy.run.thinning-soil-validation-20260925.disturbed:   Generating MOFE soil file with SoilMultipleOfeSynth...
2026-09-25 16:04:18 [INFO] wepppy.run.thinning-soil-validation-20260925.disturbed:   Generating MOFE soil file with SoilMultipleOfeSynth... done. (0.00s)
2026-09-25 16:04:18 [INFO] wepppy.run.thinning-soil-validation-20260925.disturbed:   Generating MOFE soil file with SoilMultipleOfeSynth...
2026-09-25 16:04:18 [INFO] wepppy.run.thinning-soil-validation-20260925.disturbed:   Generating MOFE soil file with SoilMultipleOfeSynth... done. (0.00s)
2026-09-25 16:04:18 [INFO] wepppy.run.thinning-soil-validation-20260925.disturbed:   Generating MOFE soil file with SoilMultipleOfeSynth...
2026-09-25 16:04:18 [INFO] wepppy.run.thinning-soil-validation-20260925.disturbed:   Generating MOFE soil file with SoilMultipleOfeSynth... done. (0.00s)
2026-09-25 16:04:18 [INFO] wepppy.run.thinning-soil-validation-20260925.disturbed:   Generating MOFE soil file with SoilMultipleOfeSynth...
2026-09-25 16:04:18 [INFO] wepppy.run.thinning-soil-validation-20260925.disturbed:   Generating MOFE soil file with SoilMultipleOfeSynth... done. (0.00s)
2026-09-25 16:04:18 [INFO] wepppy.run.thinning-soil-validation-20260925.disturbed:   Generating MOFE soil file with SoilMultipleOfeSynth...
2026-09-25 16:04:18 [INFO] wepppy.run.thinning-soil-validation-20260925.disturbed:   Generating MOFE soil file with SoilMultipleOfeSynth... done. (0.00s)
2026-09-25 16:04:18 [INFO] wepppy.run.thinning-soil-validation-20260925.disturbed:   Generating MOFE soil file with SoilMultipleOfeSynth...
2026-09-25 16:04:18 [INFO] wepppy.run.thinning-soil-validation-20260925.disturbed:   Generating MOFE soil file with SoilMultipleOfeSynth... done. (0.00s)
2026-09-25 16:04:18 [INFO] wepppy.run.thinning-soil-validation-20260925.disturbed:   Generating MOFE soil file with SoilMultipleOfeSynth...
2026-09-25 16:04:18 [INFO] wepppy.run.thinning-soil-validation-20260925.disturbed:   Generating MOFE soil file with SoilMultipleOfeSynth... done. (0.00s)
2026-09-25 16:04:18 [INFO] wepppy.run.thinning-soil-validation-20260925.disturbed:   Generating MOFE soil file with SoilMultipleOfeSynth...
2026-09-25 16:04:18 [INFO] wepppy.run.thinning-soil-validation-20260925.disturbed:   Generating MOFE soil file with SoilMultipleOfeSynth... done. (0.00s)
2026-09-25 16:04:18 [INFO] wepppy.run.thinning-soil-validation-20260925.disturbed:   Generating MOFE soil file with SoilMultipleOfeSynth...
2026-09-25 16:04:18 [INFO] wepppy.run.thinning-soil-validation-20260925.disturbed:   Generating MOFE soil file with SoilMultipleOfeSynth... done. (0.00s)
2026-09-25 16:04:18 [INFO] wepppy.run.thinning-soil-validation-20260925.disturbed:   Generating MOFE soil file with SoilMultipleOfeSynth...
2026-09-25 16:04:18 [INFO] wepppy.run.thinning-soil-validation-20260925.disturbed:   Generating MOFE soil file with SoilMultipleOfeSynth... done. (0.00s)
2026-09-25 16:04:18 [INFO] wepppy.run.thinning-soil-validation-20260925.disturbed:   Generating MOFE soil file with SoilMultipleOfeSynth...
2026-09-25 16:04:18 [INFO] wepppy.run.thinning-soil-validation-20260925.disturbed:   Generating MOFE soil file with SoilMultipleOfeSynth... done. (0.00s)
2026-09-25 16:04:18 [INFO] wepppy.run.thinning-soil-validation-20260925.disturbed:   Generating MOFE soil file with SoilMultipleOfeSynth...
2026-09-25 16:04:18 [INFO] wepppy.run.thinning-soil-validation-20260925.disturbed:   Generating MOFE soil file with SoilMultipleOfeSynth... done. (0.00s)
2026-09-25 16:04:18 [INFO] wepppy.run.thinning-soil-validation-20260925.disturbed:   Generating MOFE soil file with SoilMultipleOfeSynth...
2026-09-25 16:04:18 [INFO] wepppy.run.thinning-soil-validation-20260925.disturbed:   Generating MOFE soil file with SoilMultipleOfeSynth... done. (0.00s)
2026-09-25 16:04:18 [INFO] wepppy.run.thinning-soil-validation-20260925.disturbed:   Generating MOFE soil file with SoilMultipleOfeSynth...
2026-09-25 16:04:18 [INFO] wepppy.run.thinning-soil-validation-20260925.disturbed:   Generating MOFE soil file with SoilMultipleOfeSynth... done. (0.01s)
2026-09-25 16:04:18 [INFO] wepppy.run.thinning-soil-validation-20260925.disturbed:   Generating MOFE soil file with SoilMultipleOfeSynth...
2026-09-25 16:04:18 [INFO] wepppy.run.thinning-soil-validation-20260925.disturbed:   Generating MOFE soil file with SoilMultipleOfeSynth... done. (0.01s)
2026-09-25 16:04:18 [INFO] wepppy.run.thinning-soil-validation-20260925.disturbed:   Generating MOFE soil file with SoilMultipleOfeSynth...
2026-09-25 16:04:18 [INFO] wepppy.run.thinning-soil-validation-20260925.disturbed:   Generating MOFE soil file with SoilMultipleOfeSynth... done. (0.01s)
2026-09-25 16:04:18 [INFO] wepppy.run.thinning-soil-validation-20260925.disturbed:   Generating MOFE soil file with SoilMultipleOfeSynth...
2026-09-25 16:04:18 [INFO] wepppy.run.thinning-soil-validation-20260925.disturbed:   Generating MOFE soil file with SoilMultipleOfeSynth... done. (0.00s)
2026-09-25 16:04:18 [INFO] wepppy.run.thinning-soil-validation-20260925.disturbed:   Generating MOFE soil file with SoilMultipleOfeSynth...
2026-09-25 16:04:18 [INFO] wepppy.run.thinning-soil-validation-20260925.disturbed:   Generating MOFE soil file with SoilMultipleOfeSynth... done. (0.01s)
2026-09-25 16:04:18 [INFO] wepppy.run.thinning-soil-validation-20260925.disturbed:   Generating MOFE soil file with SoilMultipleOfeSynth...
2026-09-25 16:04:18 [INFO] wepppy.run.thinning-soil-validation-20260925.disturbed:   Generating MOFE soil file with SoilMultipleOfeSynth... done. (0.01s)
2026-09-25 16:04:18 [INFO] wepppy.run.thinning-soil-validation-20260925.disturbed:   Generating MOFE soil file with SoilMultipleOfeSynth...
2026-09-25 16:04:18 [INFO] wepppy.run.thinning-soil-validation-20260925.disturbed:   Generating MOFE soil file with SoilMultipleOfeSynth... done. (0.01s)
2026-09-25 16:04:18 [INFO] wepppy.run.thinning-soil-validation-20260925.disturbed:   Generating MOFE soil file with SoilMultipleOfeSynth...
2026-09-25 16:04:18 [INFO] wepppy.run.thinning-soil-validation-20260925.disturbed:   Generating MOFE soil file with SoilMultipleOfeSynth... done. (0.00s)
2026-09-25 16:04:18 [INFO] wepppy.run.thinning-soil-validation-20260925.disturbed:   Generating MOFE soil file with SoilMultipleOfeSynth...
2026-09-25 16:04:18 [INFO] wepppy.run.thinning-soil-validation-20260925.disturbed:   Generating MOFE soil file with SoilMultipleOfeSynth... done. (0.00s)
2026-09-25 16:04:18 [INFO] wepppy.run.thinning-soil-validation-20260925.disturbed:   Generating MOFE soil file with SoilMultipleOfeSynth...
2026-09-25 16:04:18 [INFO] wepppy.run.thinning-soil-validation-20260925.disturbed:   Generating MOFE soil file with SoilMultipleOfeSynth... done. (0.00s)
2026-09-25 16:04:18 [INFO] wepppy.run.thinning-soil-validation-20260925.disturbed:   Generating MOFE soil file with SoilMultipleOfeSynth...
2026-09-25 16:04:18 [INFO] wepppy.run.thinning-soil-validation-20260925.disturbed:   Generating MOFE soil file with SoilMultipleOfeSynth... done. (0.01s)
2026-09-25 16:04:18 [INFO] wepppy.run.thinning-soil-validation-20260925.disturbed:   Generating MOFE soil file with SoilMultipleOfeSynth...
2026-09-25 16:04:18 [INFO] wepppy.run.thinning-soil-validation-20260925.disturbed:   Generating MOFE soil file with SoilMultipleOfeSynth... done. (0.01s)
2026-09-25 16:04:18 [INFO] wepppy.run.thinning-soil-validation-20260925.disturbed:   Generating MOFE soil file with SoilMultipleOfeSynth...
2026-09-25 16:04:18 [INFO] wepppy.run.thinning-soil-validation-20260925.disturbed:   Generating MOFE soil file with SoilMultipleOfeSynth... done. (0.01s)
2026-09-25 16:04:18 [INFO] wepppy.run.thinning-soil-validation-20260925.disturbed:   Generating MOFE soil file with SoilMultipleOfeSynth...
2026-09-25 16:04:18 [INFO] wepppy.run.thinning-soil-validation-20260925.disturbed:   Generating MOFE soil file with SoilMultipleOfeSynth... done. (0.00s)
2026-09-25 16:04:18 [INFO] wepppy.run.thinning-soil-validation-20260925.disturbed:   Generating MOFE soil file with SoilMultipleOfeSynth...
2026-09-25 16:04:18 [INFO] wepppy.run.thinning-soil-validation-20260925.disturbed:   Generating MOFE soil file with SoilMultipleOfeSynth... done. (0.01s)
2026-09-25 16:04:18 [INFO] wepppy.run.thinning-soil-validation-20260925.disturbed:   Generating MOFE soil file with SoilMultipleOfeSynth...
2026-09-25 16:04:18 [INFO] wepppy.run.thinning-soil-validation-20260925.disturbed:   Generating MOFE soil file with SoilMultipleOfeSynth... done. (0.00s)
2026-09-25 16:04:18 [INFO] wepppy.run.thinning-soil-validation-20260925.disturbed:   Generating MOFE soil file with SoilMultipleOfeSynth...
2026-09-25 16:04:18 [INFO] wepppy.run.thinning-soil-validation-20260925.disturbed:   Generating MOFE soil file with SoilMultipleOfeSynth... done. (0.01s)
2026-09-25 16:04:18 [INFO] wepppy.run.thinning-soil-validation-20260925.disturbed:   Generating MOFE soil file with SoilMultipleOfeSynth...
2026-09-25 16:04:18 [INFO] wepppy.run.thinning-soil-validation-20260925.disturbed:   Generating MOFE soil file with SoilMultipleOfeSynth... done. (0.00s)
2026-09-25 16:04:18 [INFO] wepppy.run.thinning-soil-validation-20260925.disturbed:   Generating MOFE soil file with SoilMultipleOfeSynth...
2026-09-25 16:04:18 [INFO] wepppy.run.thinning-soil-validation-20260925.disturbed:   Generating MOFE soil file with SoilMultipleOfeSynth... done. (0.00s)
2026-09-25 16:04:18 [INFO] wepppy.run.thinning-soil-validation-20260925.disturbed:   Generating MOFE soil file with SoilMultipleOfeSynth...
2026-09-25 16:04:18 [INFO] wepppy.run.thinning-soil-validation-20260925.disturbed:   Generating MOFE soil file with SoilMultipleOfeSynth... done. (0.00s)
2026-09-25 16:04:18 [INFO] wepppy.run.thinning-soil-validation-20260925.disturbed:   Generating MOFE soil file with SoilMultipleOfeSynth...
2026-09-25 16:04:18 [INFO] wepppy.run.thinning-soil-validation-20260925.disturbed:   Generating MOFE soil file with SoilMultipleOfeSynth... done. (0.00s)
2026-09-25 16:04:18 [INFO] wepppy.run.thinning-soil-validation-20260925.disturbed:   Generating MOFE soil file with SoilMultipleOfeSynth...
2026-09-25 16:04:18 [INFO] wepppy.run.thinning-soil-validation-20260925.disturbed:   Generating MOFE soil file with SoilMultipleOfeSynth... done. (0.00s)
2026-09-25 16:04:18 [INFO] wepppy.run.thinning-soil-validation-20260925.disturbed:   Generating MOFE soil file with SoilMultipleOfeSynth...
2026-09-25 16:04:18 [INFO] wepppy.run.thinning-soil-validation-20260925.disturbed:   Generating MOFE soil file with SoilMultipleOfeSynth... done. (0.00s)
2026-09-25 16:04:18 [INFO] wepppy.run.thinning-soil-validation-20260925.disturbed:   Generating MOFE soil file with SoilMultipleOfeSynth...
2026-09-25 16:04:18 [INFO] wepppy.run.thinning-soil-validation-20260925.disturbed:   Generating MOFE soil file with SoilMultipleOfeSynth... done. (0.00s)
2026-09-25 16:04:18 [INFO] wepppy.run.thinning-soil-validation-20260925.disturbed:   Generating MOFE soil file with SoilMultipleOfeSynth...
2026-09-25 16:04:18 [INFO] wepppy.run.thinning-soil-validation-20260925.disturbed:   Generating MOFE soil file with SoilMultipleOfeSynth... done. (0.00s)
2026-09-25 16:04:18 [INFO] wepppy.run.thinning-soil-validation-20260925.disturbed:   Generating MOFE soil file with SoilMultipleOfeSynth...
2026-09-25 16:04:18 [INFO] wepppy.run.thinning-soil-validation-20260925.disturbed:   Generating MOFE soil file with SoilMultipleOfeSynth... done. (0.00s)
2026-09-25 16:04:18 [INFO] wepppy.run.thinning-soil-validation-20260925.disturbed:   Generating MOFE soil file with SoilMultipleOfeSynth...
2026-09-25 16:04:18 [INFO] wepppy.run.thinning-soil-validation-20260925.disturbed:   Generating MOFE soil file with SoilMultipleOfeSynth... done. (0.00s)
2026-09-25 16:04:18 [INFO] wepppy.run.thinning-soil-validation-20260925.disturbed:   Generating MOFE soil file with SoilMultipleOfeSynth...
2026-09-25 16:04:18 [INFO] wepppy.run.thinning-soil-validation-20260925.disturbed:   Generating MOFE soil file with SoilMultipleOfeSynth... done. (0.00s)
2026-09-25 16:04:18 [INFO] wepppy.run.thinning-soil-validation-20260925.disturbed:   Generating MOFE soil file with SoilMultipleOfeSynth...
2026-09-25 16:04:18 [INFO] wepppy.run.thinning-soil-validation-20260925.disturbed:   Generating MOFE soil file with SoilMultipleOfeSynth... done. (0.00s)
2026-09-25 16:04:18 [INFO] wepppy.run.thinning-soil-validation-20260925.disturbed:   Generating MOFE soil file with SoilMultipleOfeSynth...
2026-09-25 16:04:18 [INFO] wepppy.run.thinning-soil-validation-20260925.disturbed:   Generating MOFE soil file with SoilMultipleOfeSynth... done. (0.00s)
2026-09-25 16:04:18 [INFO] wepppy.run.thinning-soil-validation-20260925.disturbed:   Generating MOFE soil file with SoilMultipleOfeSynth...
2026-09-25 16:04:18 [INFO] wepppy.run.thinning-soil-validation-20260925.disturbed:   Generating MOFE soil file with SoilMultipleOfeSynth... done. (0.00s)
2026-09-25 16:04:18 [INFO] wepppy.run.thinning-soil-validation-20260925.disturbed:   Generating MOFE soil file with SoilMultipleOfeSynth...
2026-09-25 16:04:18 [INFO] wepppy.run.thinning-soil-validation-20260925.disturbed:   Generating MOFE soil file with SoilMultipleOfeSynth... done. (0.00s)
2026-09-25 16:04:18 [INFO] wepppy.run.thinning-soil-validation-20260925.disturbed:   Generating MOFE soil file with SoilMultipleOfeSynth...
2026-09-25 16:04:18 [INFO] wepppy.run.thinning-soil-validation-20260925.disturbed:   Generating MOFE soil file with SoilMultipleOfeSynth... done. (0.00s)
2026-09-25 16:04:18 [INFO] wepppy.run.thinning-soil-validation-20260925.disturbed:   Generating MOFE soil file with SoilMultipleOfeSynth...
2026-09-25 16:04:18 [INFO] wepppy.run.thinning-soil-validation-20260925.disturbed:   Generating MOFE soil file with SoilMultipleOfeSynth... done. (0.00s)
2026-09-25 16:04:18 [INFO] wepppy.run.thinning-soil-validation-20260925.disturbed:   Generating MOFE soil file with SoilMultipleOfeSynth...
2026-09-25 16:04:18 [INFO] wepppy.run.thinning-soil-validation-20260925.disturbed:   Generating MOFE soil file with SoilMultipleOfeSynth... done. (0.00s)
2026-09-25 16:04:18 [INFO] wepppy.run.thinning-soil-validation-20260925.disturbed:   Generating MOFE soil file with SoilMultipleOfeSynth...
2026-09-25 16:04:18 [INFO] wepppy.run.thinning-soil-validation-20260925.disturbed:   Generating MOFE soil file with SoilMultipleOfeSynth... done. (0.00s)
2026-09-25 16:04:18 [INFO] wepppy.run.thinning-soil-validation-20260925.disturbed:   Generating MOFE soil file with SoilMultipleOfeSynth...
2026-09-25 16:04:18 [INFO] wepppy.run.thinning-soil-validation-20260925.disturbed:   Generating MOFE soil file with SoilMultipleOfeSynth... done. (0.00s)
2026-09-25 16:04:18 [INFO] wepppy.run.thinning-soil-validation-20260925.disturbed:   Generating MOFE soil file with SoilMultipleOfeSynth...
2026-09-25 16:04:18 [INFO] wepppy.run.thinning-soil-validation-20260925.disturbed:   Generating MOFE soil file with SoilMultipleOfeSynth... done. (0.00s)
2026-09-25 16:04:18 [INFO] wepppy.run.thinning-soil-validation-20260925.disturbed:   Generating MOFE soil file with SoilMultipleOfeSynth...
2026-09-25 16:04:18 [INFO] wepppy.run.thinning-soil-validation-20260925.disturbed:   Generating MOFE soil file with SoilMultipleOfeSynth... done. (0.00s)
2026-09-25 16:04:18 [INFO] wepppy.run.thinning-soil-validation-20260925.disturbed:   Generating MOFE soil file with SoilMultipleOfeSynth...
2026-09-25 16:04:18 [INFO] wepppy.run.thinning-soil-validation-20260925.disturbed:   Generating MOFE soil file with SoilMultipleOfeSynth... done. (0.00s)
2026-09-25 16:04:18 [INFO] wepppy.run.thinning-soil-validation-20260925.disturbed:   Generating MOFE soil file with SoilMultipleOfeSynth...
2026-09-25 16:04:18 [INFO] wepppy.run.thinning-soil-validation-20260925.disturbed:   Generating MOFE soil file with SoilMultipleOfeSynth... done. (0.00s)
2026-09-25 16:04:18 [INFO] wepppy.run.thinning-soil-validation-20260925.disturbed:   Generating MOFE soil file with SoilMultipleOfeSynth...
2026-09-25 16:04:18 [INFO] wepppy.run.thinning-soil-validation-20260925.disturbed:   Generating MOFE soil file with SoilMultipleOfeSynth... done. (0.00s)
2026-09-25 16:04:18 [INFO] wepppy.run.thinning-soil-validation-20260925.disturbed:   Generating MOFE soil file with SoilMultipleOfeSynth...
2026-09-25 16:04:18 [INFO] wepppy.run.thinning-soil-validation-20260925.disturbed:   Generating MOFE soil file with SoilMultipleOfeSynth... done. (0.00s)
2026-09-25 16:04:18 [INFO] wepppy.run.thinning-soil-validation-20260925.disturbed:   Generating MOFE soil file with SoilMultipleOfeSynth...
2026-09-25 16:04:18 [INFO] wepppy.run.thinning-soil-validation-20260925.disturbed:   Generating MOFE soil file with SoilMultipleOfeSynth... done. (0.00s)
2026-09-25 16:04:18 [INFO] wepppy.run.thinning-soil-validation-20260925.disturbed:   Generating MOFE soil file with SoilMultipleOfeSynth...
2026-09-25 16:04:18 [INFO] wepppy.run.thinning-soil-validation-20260925.disturbed:   Generating MOFE soil file with SoilMultipleOfeSynth... done. (0.00s)
2026-09-25 16:04:18 [INFO] wepppy.run.thinning-soil-validation-20260925.disturbed:   Generating MOFE soil file with SoilMultipleOfeSynth...
2026-09-25 16:04:18 [INFO] wepppy.run.thinning-soil-validation-20260925.disturbed:   Generating MOFE soil file with SoilMultipleOfeSynth... done. (0.00s)
2026-09-25 16:04:18 [INFO] wepppy.run.thinning-soil-validation-20260925.disturbed:   Generating MOFE soil file with SoilMultipleOfeSynth...
2026-09-25 16:04:18 [INFO] wepppy.run.thinning-soil-validation-20260925.disturbed:   Generating MOFE soil file with SoilMultipleOfeSynth... done. (0.00s)
2026-09-25 16:04:18 [INFO] wepppy.run.thinning-soil-validation-20260925.disturbed:   Generating MOFE soil file with SoilMultipleOfeSynth...
2026-09-25 16:04:18 [INFO] wepppy.run.thinning-soil-validation-20260925.disturbed:   Generating MOFE soil file with SoilMultipleOfeSynth... done. (0.00s)
2026-09-25 16:04:18 [INFO] wepppy.run.thinning-soil-validation-20260925.disturbed:   Generating MOFE soil file with SoilMultipleOfeSynth...
2026-09-25 16:04:18 [INFO] wepppy.run.thinning-soil-validation-20260925.disturbed:   Generating MOFE soil file with SoilMultipleOfeSynth... done. (0.00s)
2026-09-25 16:04:18 [INFO] wepppy.run.thinning-soil-validation-20260925.disturbed:   Generating MOFE soil file with SoilMultipleOfeSynth...
2026-09-25 16:04:18 [INFO] wepppy.run.thinning-soil-validation-20260925.disturbed:   Generating MOFE soil file with SoilMultipleOfeSynth... done. (0.00s)
2026-09-25 16:04:18 [INFO] wepppy.run.thinning-soil-validation-20260925.disturbed:   Generating MOFE soil file with SoilMultipleOfeSynth...
2026-09-25 16:04:18 [INFO] wepppy.run.thinning-soil-validation-20260925.disturbed:   Generating MOFE soil file with SoilMultipleOfeSynth... done. (0.00s)
2026-09-25 16:04:18 [INFO] wepppy.run.thinning-soil-validation-20260925.disturbed:   Generating MOFE soil file with SoilMultipleOfeSynth...
2026-09-25 16:04:18 [INFO] wepppy.run.thinning-soil-validation-20260925.disturbed:   Generating MOFE soil file with SoilMultipleOfeSynth... done. (0.00s)
2026-09-25 16:04:18 [INFO] wepppy.run.thinning-soil-validation-20260925.disturbed:   Generating MOFE soil file with SoilMultipleOfeSynth...
2026-09-25 16:04:18 [INFO] wepppy.run.thinning-soil-validation-20260925.disturbed:   Generating MOFE soil file with SoilMultipleOfeSynth... done. (0.00s)
2026-09-25 16:04:18 [INFO] wepppy.run.thinning-soil-validation-20260925.disturbed:   Generating MOFE soil file with SoilMultipleOfeSynth...
2026-09-25 16:04:18 [INFO] wepppy.run.thinning-soil-validation-20260925.disturbed:   Generating MOFE soil file with SoilMultipleOfeSynth... done. (0.00s)
2026-09-25 16:04:18 [INFO] wepppy.run.thinning-soil-validation-20260925.disturbed:   Generating MOFE soil file with SoilMultipleOfeSynth...
2026-09-25 16:04:18 [INFO] wepppy.run.thinning-soil-validation-20260925.disturbed:   Generating MOFE soil file with SoilMultipleOfeSynth... done. (0.00s)
2026-09-25 16:04:18 [INFO] wepppy.run.thinning-soil-validation-20260925.disturbed:   Generating MOFE soil file with SoilMultipleOfeSynth...
2026-09-25 16:04:18 [INFO] wepppy.run.thinning-soil-validation-20260925.disturbed:   Generating MOFE soil file with SoilMultipleOfeSynth... done. (0.00s)
2026-09-25 16:04:18 [INFO] wepppy.run.thinning-soil-validation-20260925.disturbed:   Generating MOFE soil file with SoilMultipleOfeSynth...
2026-09-25 16:04:18 [INFO] wepppy.run.thinning-soil-validation-20260925.disturbed:   Generating MOFE soil file with SoilMultipleOfeSynth... done. (0.00s)
2026-09-25 16:04:18 [INFO] wepppy.run.thinning-soil-validation-20260925.disturbed:   Generating MOFE soil file with SoilMultipleOfeSynth...
2026-09-25 16:04:18 [INFO] wepppy.run.thinning-soil-validation-20260925.disturbed:   Generating MOFE soil file with SoilMultipleOfeSynth... done. (0.00s)
2026-09-25 16:04:18 [INFO] wepppy.run.thinning-soil-validation-20260925.disturbed:   Generating MOFE soil file with SoilMultipleOfeSynth...
2026-09-25 16:04:18 [INFO] wepppy.run.thinning-soil-validation-20260925.disturbed:   Generating MOFE soil file with SoilMultipleOfeSynth... done. (0.00s)
2026-09-25 16:04:18 [INFO] wepppy.run.thinning-soil-validation-20260925.disturbed:   Generating MOFE soil file with SoilMultipleOfeSynth...
2026-09-25 16:04:18 [INFO] wepppy.run.thinning-soil-validation-20260925.disturbed:   Generating MOFE soil file with SoilMultipleOfeSynth... done. (0.00s)
2026-09-25 16:04:18 [INFO] wepppy.run.thinning-soil-validation-20260925.disturbed:   Generating MOFE soil file with SoilMultipleOfeSynth...
2026-09-25 16:04:18 [INFO] wepppy.run.thinning-soil-validation-20260925.disturbed:   Generating MOFE soil file with SoilMultipleOfeSynth... done. (0.00s)
2026-09-25 16:04:18 [INFO] wepppy.run.thinning-soil-validation-20260925.disturbed:   Generating MOFE soil file with SoilMultipleOfeSynth...
2026-09-25 16:04:18 [INFO] wepppy.run.thinning-soil-validation-20260925.disturbed:   Generating MOFE soil file with SoilMultipleOfeSynth... done. (0.00s)
2026-09-25 16:04:18 [INFO] wepppy.run.thinning-soil-validation-20260925.disturbed:   Generating MOFE soil file with SoilMultipleOfeSynth...
2026-09-25 16:04:18 [INFO] wepppy.run.thinning-soil-validation-20260925.disturbed:   Generating MOFE soil file with SoilMultipleOfeSynth... done. (0.00s)
2026-09-25 16:04:18 [INFO] wepppy.run.thinning-soil-validation-20260925.disturbed:   Generating MOFE soil file with SoilMultipleOfeSynth...
2026-09-25 16:04:18 [INFO] wepppy.run.thinning-soil-validation-20260925.disturbed:   Generating MOFE soil file with SoilMultipleOfeSynth... done. (0.00s)
2026-09-25 16:04:18 [INFO] wepppy.run.thinning-soil-validation-20260925.disturbed:   Generating MOFE soil file with SoilMultipleOfeSynth...
2026-09-25 16:04:18 [INFO] wepppy.run.thinning-soil-validation-20260925.disturbed:   Generating MOFE soil file with SoilMultipleOfeSynth... done. (0.00s)
2026-09-25 16:04:18 [INFO] wepppy.run.thinning-soil-validation-20260925.disturbed:   Generating MOFE soil file with SoilMultipleOfeSynth...
2026-09-25 16:04:18 [INFO] wepppy.run.thinning-soil-validation-20260925.disturbed:   Generating MOFE soil file with SoilMultipleOfeSynth... done. (0.00s)
2026-09-25 16:04:18 [INFO] wepppy.run.thinning-soil-validation-20260925.disturbed:   Generating MOFE soil file with SoilMultipleOfeSynth...
2026-09-25 16:04:18 [INFO] wepppy.run.thinning-soil-validation-20260925.disturbed:   Generating MOFE soil file with SoilMultipleOfeSynth... done. (0.00s)
2026-09-25 16:04:18 [INFO] wepppy.run.thinning-soil-validation-20260925.disturbed:   Generating MOFE soil file with SoilMultipleOfeSynth...
2026-09-25 16:04:18 [INFO] wepppy.run.thinning-soil-validation-20260925.disturbed:   Generating MOFE soil file with SoilMultipleOfeSynth... done. (0.00s)
2026-09-25 16:04:18 [INFO] wepppy.run.thinning-soil-validation-20260925.disturbed:   Generating MOFE soil file with SoilMultipleOfeSynth...
2026-09-25 16:04:18 [INFO] wepppy.run.thinning-soil-validation-20260925.disturbed:   Generating MOFE soil file with SoilMultipleOfeSynth... done. (0.00s)
2026-09-25 16:04:18 [INFO] wepppy.run.thinning-soil-validation-20260925.disturbed:   Generating MOFE soil file with SoilMultipleOfeSynth...
2026-09-25 16:04:18 [INFO] wepppy.run.thinning-soil-validation-20260925.disturbed:   Generating MOFE soil file with SoilMultipleOfeSynth... done. (0.00s)
2026-09-25 16:04:18 [INFO] wepppy.run.thinning-soil-validation-20260925.disturbed:   Generating MOFE soil file with SoilMultipleOfeSynth...
2026-09-25 16:04:18 [INFO] wepppy.run.thinning-soil-validation-20260925.disturbed:   Generating MOFE soil file with SoilMultipleOfeSynth... done. (0.00s)
2026-09-25 16:04:18 [INFO] wepppy.run.thinning-soil-validation-20260925.disturbed:   Generating MOFE soil file with SoilMultipleOfeSynth...
2026-09-25 16:04:18 [INFO] wepppy.run.thinning-soil-validation-20260925.disturbed:   Generating MOFE soil file with SoilMultipleOfeSynth... done. (0.00s)
2026-09-25 16:04:18 [INFO] wepppy.run.thinning-soil-validation-20260925.disturbed:   Generating MOFE soil file with SoilMultipleOfeSynth...
2026-09-25 16:04:18 [INFO] wepppy.run.thinning-soil-validation-20260925.disturbed:   Generating MOFE soil file with SoilMultipleOfeSynth... done. (0.00s)
2026-09-25 16:04:18 [INFO] wepppy.run.thinning-soil-validation-20260925.disturbed:   Generating MOFE soil file with SoilMultipleOfeSynth...
2026-09-25 16:04:18 [INFO] wepppy.run.thinning-soil-validation-20260925.disturbed:   Generating MOFE soil file with SoilMultipleOfeSynth... done. (0.00s)
2026-09-25 16:04:18 [INFO] wepppy.run.thinning-soil-validation-20260925.disturbed:   Generating MOFE soil file with SoilMultipleOfeSynth...
2026-09-25 16:04:18 [INFO] wepppy.run.thinning-soil-validation-20260925.disturbed:   Generating MOFE soil file with SoilMultipleOfeSynth... done. (0.00s)
2026-09-25 16:04:18 [INFO] wepppy.run.thinning-soil-validation-20260925.disturbed:   Generating MOFE soil file with SoilMultipleOfeSynth...
2026-09-25 16:04:18 [INFO] wepppy.run.thinning-soil-validation-20260925.disturbed:   Generating MOFE soil file with SoilMultipleOfeSynth... done. (0.00s)
2026-09-25 16:04:18 [INFO] wepppy.run.thinning-soil-validation-20260925.disturbed:   Generating MOFE soil file with SoilMultipleOfeSynth...
2026-09-25 16:04:18 [INFO] wepppy.run.thinning-soil-validation-20260925.disturbed:   Generating MOFE soil file with SoilMultipleOfeSynth... done. (0.00s)
2026-09-25 16:04:18 [INFO] wepppy.run.thinning-soil-validation-20260925.disturbed:   Generating MOFE soil file with SoilMultipleOfeSynth...
2026-09-25 16:04:18 [INFO] wepppy.run.thinning-soil-validation-20260925.disturbed:   Generating MOFE soil file with SoilMultipleOfeSynth... done. (0.00s)
2026-09-25 16:04:18 [INFO] wepppy.run.thinning-soil-validation-20260925.disturbed:   Generating MOFE soil file with SoilMultipleOfeSynth...
2026-09-25 16:04:18 [INFO] wepppy.run.thinning-soil-validation-20260925.disturbed:   Generating MOFE soil file with SoilMultipleOfeSynth... done. (0.00s)
2026-09-25 16:04:18 [INFO] wepppy.run.thinning-soil-validation-20260925.disturbed:   Generating MOFE soil file with SoilMultipleOfeSynth...
2026-09-25 16:04:18 [INFO] wepppy.run.thinning-soil-validation-20260925.disturbed:   Generating MOFE soil file with SoilMultipleOfeSynth... done. (0.00s)
2026-09-25 16:04:18 [INFO] wepppy.run.thinning-soil-validation-20260925.disturbed:   Generating MOFE soil file with SoilMultipleOfeSynth...
2026-09-25 16:04:18 [INFO] wepppy.run.thinning-soil-validation-20260925.disturbed:   Generating MOFE soil file with SoilMultipleOfeSynth... done. (0.00s)
2026-09-25 16:04:18 [INFO] wepppy.run.thinning-soil-validation-20260925.disturbed:   Generating MOFE soil file with SoilMultipleOfeSynth...
2026-09-25 16:04:18 [INFO] wepppy.run.thinning-soil-validation-20260925.disturbed:   Generating MOFE soil file with SoilMultipleOfeSynth... done. (0.00s)
2026-09-25 16:04:18 [INFO] wepppy.run.thinning-soil-validation-20260925.disturbed:   Generating MOFE soil file with SoilMultipleOfeSynth...
2026-09-25 16:04:18 [INFO] wepppy.run.thinning-soil-validation-20260925.disturbed:   Generating MOFE soil file with SoilMultipleOfeSynth... done. (0.00s)
2026-09-25 16:04:18 [INFO] wepppy.run.thinning-soil-validation-20260925.disturbed:   Generating MOFE soil file with SoilMultipleOfeSynth...
2026-09-25 16:04:18 [INFO] wepppy.run.thinning-soil-validation-20260925.disturbed:   Generating MOFE soil file with SoilMultipleOfeSynth... done. (0.00s)
2026-09-25 16:04:18 [INFO] wepppy.run.thinning-soil-validation-20260925.disturbed:   Generating MOFE soil file with SoilMultipleOfeSynth...
2026-09-25 16:04:18 [INFO] wepppy.run.thinning-soil-validation-20260925.disturbed:   Generating MOFE soil file with SoilMultipleOfeSynth... done. (0.00s)
2026-09-25 16:04:18 [INFO] wepppy.run.thinning-soil-validation-20260925.disturbed:   Generating MOFE soil file with SoilMultipleOfeSynth...
2026-09-25 16:04:18 [INFO] wepppy.run.thinning-soil-validation-20260925.disturbed:   Generating MOFE soil file with SoilMultipleOfeSynth... done. (0.00s)
2026-09-25 16:04:18 [INFO] wepppy.run.thinning-soil-validation-20260925.disturbed:   Generating MOFE soil file with SoilMultipleOfeSynth...
2026-09-25 16:04:18 [INFO] wepppy.run.thinning-soil-validation-20260925.disturbed:   Generating MOFE soil file with SoilMultipleOfeSynth... done. (0.00s)
2026-09-25 16:04:18 [INFO] wepppy.run.thinning-soil-validation-20260925.disturbed:   Generating MOFE soil file with SoilMultipleOfeSynth...
2026-09-25 16:04:18 [INFO] wepppy.run.thinning-soil-validation-20260925.disturbed:   Generating MOFE soil file with SoilMultipleOfeSynth... done. (0.00s)
2026-09-25 16:04:18 [INFO] wepppy.run.thinning-soil-validation-20260925.disturbed:   Generating MOFE soil file with SoilMultipleOfeSynth...
2026-09-25 16:04:18 [INFO] wepppy.run.thinning-soil-validation-20260925.disturbed:   Generating MOFE soil file with SoilMultipleOfeSynth... done. (0.00s)
2026-09-25 16:04:18 [INFO] wepppy.run.thinning-soil-validation-20260925.disturbed:   Generating MOFE soil file with SoilMultipleOfeSynth...
2026-09-25 16:04:18 [INFO] wepppy.run.thinning-soil-validation-20260925.disturbed:   Generating MOFE soil file with SoilMultipleOfeSynth... done. (0.00s)
2026-09-25 16:04:18 [INFO] wepppy.run.thinning-soil-validation-20260925.disturbed:   Generating MOFE soil file with SoilMultipleOfeSynth...
2026-09-25 16:04:18 [INFO] wepppy.run.thinning-soil-validation-20260925.disturbed:   Generating MOFE soil file with SoilMultipleOfeSynth... done. (0.00s)
2026-09-25 16:04:18 [INFO] wepppy.run.thinning-soil-validation-20260925.disturbed:   Generating MOFE soil file with SoilMultipleOfeSynth...
2026-09-25 16:04:18 [INFO] wepppy.run.thinning-soil-validation-20260925.disturbed:   Generating MOFE soil file with SoilMultipleOfeSynth... done. (0.00s)
2026-09-25 16:04:18 [INFO] wepppy.run.thinning-soil-validation-20260925.disturbed:   Generating MOFE soil file with SoilMultipleOfeSynth...
2026-09-25 16:04:18 [INFO] wepppy.run.thinning-soil-validation-20260925.disturbed:   Generating MOFE soil file with SoilMultipleOfeSynth... done. (0.00s)
2026-09-25 16:04:18 [INFO] wepppy.run.thinning-soil-validation-20260925.disturbed:   Generating MOFE soil file with SoilMultipleOfeSynth...
2026-09-25 16:04:18 [INFO] wepppy.run.thinning-soil-validation-20260925.disturbed:   Generating MOFE soil file with SoilMultipleOfeSynth... done. (0.00s)
2026-09-25 16:04:18 [INFO] wepppy.run.thinning-soil-validation-20260925.disturbed:   Generating MOFE soil file with SoilMultipleOfeSynth...
2026-09-25 16:04:18 [INFO] wepppy.run.thinning-soil-validation-20260925.disturbed:   Generating MOFE soil file with SoilMultipleOfeSynth... done. (0.00s)
2026-09-25 16:04:18 [INFO] wepppy.run.thinning-soil-validation-20260925.disturbed:   Generating MOFE soil file with SoilMultipleOfeSynth...
2026-09-25 16:04:18 [INFO] wepppy.run.thinning-soil-validation-20260925.disturbed:   Generating MOFE soil file with SoilMultipleOfeSynth... done. (0.00s)
2026-09-25 16:04:18 [INFO] wepppy.run.thinning-soil-validation-20260925.disturbed:   Generating MOFE soil file with SoilMultipleOfeSynth...
2026-09-25 16:04:18 [INFO] wepppy.run.thinning-soil-validation-20260925.disturbed:   Generating MOFE soil file with SoilMultipleOfeSynth... done. (0.00s)
2026-09-25 16:04:18 [INFO] wepppy.run.thinning-soil-validation-20260925.disturbed:   Generating MOFE soil file with SoilMultipleOfeSynth...
2026-09-25 16:04:18 [INFO] wepppy.run.thinning-soil-validation-20260925.disturbed:   Generating MOFE soil file with SoilMultipleOfeSynth... done. (0.00s)
2026-09-25 16:04:18 [INFO] wepppy.run.thinning-soil-validation-20260925.disturbed:   Generating MOFE soil file with SoilMultipleOfeSynth...
2026-09-25 16:04:18 [INFO] wepppy.run.thinning-soil-validation-20260925.disturbed:   Generating MOFE soil file with SoilMultipleOfeSynth... done. (0.00s)
2026-09-25 16:04:18 [INFO] wepppy.run.thinning-soil-validation-20260925.disturbed:   Generating MOFE soil file with SoilMultipleOfeSynth...
2026-09-25 16:04:18 [INFO] wepppy.run.thinning-soil-validation-20260925.disturbed:   Generating MOFE soil file with SoilMultipleOfeSynth... done. (0.00s)
2026-09-25 16:04:18 [INFO] wepppy.run.thinning-soil-validation-20260925.disturbed:   Generating MOFE soil file with SoilMultipleOfeSynth...
2026-09-25 16:04:18 [INFO] wepppy.run.thinning-soil-validation-20260925.disturbed:   Generating MOFE soil file with SoilMultipleOfeSynth... done. (0.00s)
2026-09-25 16:04:18 [INFO] wepppy.run.thinning-soil-validation-20260925.disturbed:   Generating MOFE soil file with SoilMultipleOfeSynth...
2026-09-25 16:04:18 [INFO] wepppy.run.thinning-soil-validation-20260925.disturbed:   Generating MOFE soil file with SoilMultipleOfeSynth... done. (0.00s)
2026-09-25 16:04:18 [INFO] wepppy.run.thinning-soil-validation-20260925.disturbed:   Generating MOFE soil file with SoilMultipleOfeSynth...
2026-09-25 16:04:18 [INFO] wepppy.run.thinning-soil-validation-20260925.disturbed:   Generating MOFE soil file with SoilMultipleOfeSynth... done. (0.00s)
2026-09-25 16:04:18 [INFO] wepppy.run.thinning-soil-validation-20260925.disturbed:   Generating MOFE soil file with SoilMultipleOfeSynth...
2026-09-25 16:04:18 [INFO] wepppy.run.thinning-soil-validation-20260925.disturbed:   Generating MOFE soil file with SoilMultipleOfeSynth... done. (0.00s)
2026-09-25 16:04:18 [INFO] wepppy.run.thinning-soil-validation-20260925.disturbed:   Generating MOFE soil file with SoilMultipleOfeSynth...
2026-09-25 16:04:18 [INFO] wepppy.run.thinning-soil-validation-20260925.disturbed:   Generating MOFE soil file with SoilMultipleOfeSynth... done. (0.00s)
2026-09-25 16:04:18 [INFO] wepppy.run.thinning-soil-validation-20260925.disturbed:   Generating MOFE soil file with SoilMultipleOfeSynth...
2026-09-25 16:04:18 [INFO] wepppy.run.thinning-soil-validation-20260925.disturbed:   Generating MOFE soil file with SoilMultipleOfeSynth... done. (0.00s)
2026-09-25 16:04:18 [INFO] wepppy.run.thinning-soil-validation-20260925.disturbed:   Generating MOFE soil file with SoilMultipleOfeSynth...
2026-09-25 16:04:18 [INFO] wepppy.run.thinning-soil-validation-20260925.disturbed:   Generating MOFE soil file with SoilMultipleOfeSynth... done. (0.00s)
2026-09-25 16:04:18 [INFO] wepppy.run.thinning-soil-validation-20260925.disturbed:   Generating MOFE soil file with SoilMultipleOfeSynth...
2026-09-25 16:04:18 [INFO] wepppy.run.thinning-soil-validation-20260925.disturbed:   Generating MOFE soil file with SoilMultipleOfeSynth... done. (0.00s)
2026-09-25 16:04:18 [INFO] wepppy.run.thinning-soil-validation-20260925.disturbed:   Generating MOFE soil file with SoilMultipleOfeSynth...
2026-09-25 16:04:18 [INFO] wepppy.run.thinning-soil-validation-20260925.disturbed:   Generating MOFE soil file with SoilMultipleOfeSynth... done. (0.00s)
2026-09-25 16:04:18 [INFO] wepppy.run.thinning-soil-validation-20260925.disturbed:   Generating MOFE soil file with SoilMultipleOfeSynth...
2026-09-25 16:04:18 [INFO] wepppy.run.thinning-soil-validation-20260925.disturbed:   Generating MOFE soil file with SoilMultipleOfeSynth... done. (0.00s)
2026-09-25 16:04:18 [INFO] wepppy.run.thinning-soil-validation-20260925.disturbed:   Generating MOFE soil file with SoilMultipleOfeSynth...
2026-09-25 16:04:18 [INFO] wepppy.run.thinning-soil-validation-20260925.disturbed:   Generating MOFE soil file with SoilMultipleOfeSynth... done. (0.00s)
2026-09-25 16:04:18 [INFO] wepppy.run.thinning-soil-validation-20260925.disturbed:   Generating MOFE soil file with SoilMultipleOfeSynth...
2026-09-25 16:04:18 [INFO] wepppy.run.thinning-soil-validation-20260925.disturbed:   Generating MOFE soil file with SoilMultipleOfeSynth... done. (0.00s)
2026-09-25 16:04:18 [INFO] wepppy.run.thinning-soil-validation-20260925.disturbed:   Generating MOFE soil file with SoilMultipleOfeSynth...
2026-09-25 16:04:18 [INFO] wepppy.run.thinning-soil-validation-20260925.disturbed:   Generating MOFE soil file with SoilMultipleOfeSynth... done. (0.00s)
2026-09-25 16:04:18 [INFO] wepppy.run.thinning-soil-validation-20260925.disturbed:   Generating MOFE soil file with SoilMultipleOfeSynth...
2026-09-25 16:04:18 [INFO] wepppy.run.thinning-soil-validation-20260925.disturbed:   Generating MOFE soil file with SoilMultipleOfeSynth... done. (0.00s)
2026-09-25 16:04:18 [INFO] wepppy.run.thinning-soil-validation-20260925.disturbed:   Generating MOFE soil file with SoilMultipleOfeSynth...
2026-09-25 16:04:18 [INFO] wepppy.run.thinning-soil-validation-20260925.disturbed:   Generating MOFE soil file with SoilMultipleOfeSynth... done. (0.00s)
2026-09-25 16:04:18 [INFO] wepppy.run.thinning-soil-validation-20260925.disturbed:   Generating MOFE soil file with SoilMultipleOfeSynth...
2026-09-25 16:04:18 [INFO] wepppy.run.thinning-soil-validation-20260925.disturbed:   Generating MOFE soil file with SoilMultipleOfeSynth... done. (0.00s)
2026-09-25 16:04:18 [INFO] wepppy.run.thinning-soil-validation-20260925.disturbed:   Generating MOFE soil file with SoilMultipleOfeSynth...
2026-09-25 16:04:18 [INFO] wepppy.run.thinning-soil-validation-20260925.disturbed:   Generating MOFE soil file with SoilMultipleOfeSynth... done. (0.01s)
2026-09-25 16:04:18 [INFO] wepppy.run.thinning-soil-validation-20260925.disturbed:   Generating MOFE soil file with SoilMultipleOfeSynth...
2026-09-25 16:04:18 [INFO] wepppy.run.thinning-soil-validation-20260925.disturbed:   Generating MOFE soil file with SoilMultipleOfeSynth... done. (0.00s)
2026-09-25 16:04:18 [INFO] wepppy.run.thinning-soil-validation-20260925.disturbed:   Generating MOFE soil file with SoilMultipleOfeSynth...
2026-09-25 16:04:18 [INFO] wepppy.run.thinning-soil-validation-20260925.disturbed:   Generating MOFE soil file with SoilMultipleOfeSynth... done. (0.00s)
2026-09-25 16:04:18 [INFO] wepppy.run.thinning-soil-validation-20260925.disturbed:   Generating MOFE soil file with SoilMultipleOfeSynth...
2026-09-25 16:04:18 [INFO] wepppy.run.thinning-soil-validation-20260925.disturbed:   Generating MOFE soil file with SoilMultipleOfeSynth... done. (0.00s)
2026-09-25 16:04:18 [INFO] wepppy.run.thinning-soil-validation-20260925.disturbed:   Generating MOFE soil file with SoilMultipleOfeSynth...
2026-09-25 16:04:18 [INFO] wepppy.run.thinning-soil-validation-20260925.disturbed:   Generating MOFE soil file with SoilMultipleOfeSynth... done. (0.00s)
2026-09-25 16:04:18 [INFO] wepppy.run.thinning-soil-validation-20260925.disturbed:   Generating MOFE soil file with SoilMultipleOfeSynth...
2026-09-25 16:04:18 [INFO] wepppy.run.thinning-soil-validation-20260925.disturbed:   Generating MOFE soil file with SoilMultipleOfeSynth... done. (0.00s)
2026-09-25 16:04:18 [INFO] wepppy.run.thinning-soil-validation-20260925.disturbed:   Generating MOFE soil file with SoilMultipleOfeSynth...
2026-09-25 16:04:18 [INFO] wepppy.run.thinning-soil-validation-20260925.disturbed:   Generating MOFE soil file with SoilMultipleOfeSynth... done. (0.00s)
2026-09-25 16:04:18 [INFO] wepppy.run.thinning-soil-validation-20260925.disturbed:   Generating MOFE soil file with SoilMultipleOfeSynth...
2026-09-25 16:04:18 [INFO] wepppy.run.thinning-soil-validation-20260925.disturbed:   Generating MOFE soil file with SoilMultipleOfeSynth... done. (0.00s)
2026-09-25 16:04:18 [INFO] wepppy.run.thinning-soil-validation-20260925.disturbed:   Generating MOFE soil file with SoilMultipleOfeSynth...
2026-09-25 16:04:18 [INFO] wepppy.run.thinning-soil-validation-20260925.disturbed:   Generating MOFE soil file with SoilMultipleOfeSynth... done. (0.01s)
2026-09-25 16:04:18 [INFO] wepppy.run.thinning-soil-validation-20260925.disturbed:   Generating MOFE soil file with SoilMultipleOfeSynth...
2026-09-25 16:04:18 [INFO] wepppy.run.thinning-soil-validation-20260925.disturbed:   Generating MOFE soil file with SoilMultipleOfeSynth... done. (0.00s)
2026-09-25 16:04:18 [INFO] wepppy.run.thinning-soil-validation-20260925.disturbed:   Generating MOFE soil file with SoilMultipleOfeSynth...
2026-09-25 16:04:18 [INFO] wepppy.run.thinning-soil-validation-20260925.disturbed:   Generating MOFE soil file with SoilMultipleOfeSynth... done. (0.01s)
2026-09-25 16:04:18 [INFO] wepppy.run.thinning-soil-validation-20260925.disturbed:   Generating MOFE soil file with SoilMultipleOfeSynth...
2026-09-25 16:04:18 [INFO] wepppy.run.thinning-soil-validation-20260925.disturbed:   Generating MOFE soil file with SoilMultipleOfeSynth... done. (0.00s)
2026-09-25 16:04:18 [INFO] wepppy.run.thinning-soil-validation-20260925.disturbed:   Generating MOFE soil file with SoilMultipleOfeSynth...
2026-09-25 16:04:18 [INFO] wepppy.run.thinning-soil-validation-20260925.disturbed:   Generating MOFE soil file with SoilMultipleOfeSynth... done. (0.01s)
2026-09-25 16:04:18 [INFO] wepppy.run.thinning-soil-validation-20260925.disturbed:   Generating MOFE soil file with SoilMultipleOfeSynth...
2026-09-25 16:04:18 [INFO] wepppy.run.thinning-soil-validation-20260925.disturbed:   Generating MOFE soil file with SoilMultipleOfeSynth... done. (0.00s)
2026-09-25 16:04:18 [INFO] wepppy.run.thinning-soil-validation-20260925.disturbed:   Generating MOFE soil file with SoilMultipleOfeSynth...
2026-09-25 16:04:18 [INFO] wepppy.run.thinning-soil-validation-20260925.disturbed:   Generating MOFE soil file with SoilMultipleOfeSynth... done. (0.00s)
2026-09-25 16:04:18 [INFO] wepppy.run.thinning-soil-validation-20260925.disturbed:   Generating MOFE soil file with SoilMultipleOfeSynth...
2026-09-25 16:04:18 [INFO] wepppy.run.thinning-soil-validation-20260925.disturbed:   Generating MOFE soil file with SoilMultipleOfeSynth... done. (0.00s)
2026-09-25 16:04:18 [INFO] wepppy.run.thinning-soil-validation-20260925.disturbed:   Generating MOFE soil file with SoilMultipleOfeSynth...
2026-09-25 16:04:18 [INFO] wepppy.run.thinning-soil-validation-20260925.disturbed:   Generating MOFE soil file with SoilMultipleOfeSynth... done. (0.00s)
2026-09-25 16:04:18 [INFO] wepppy.run.thinning-soil-validation-20260925.disturbed:   Generating MOFE soil file with SoilMultipleOfeSynth...
2026-09-25 16:04:18 [INFO] wepppy.run.thinning-soil-validation-20260925.disturbed:   Generating MOFE soil file with SoilMultipleOfeSynth... done. (0.00s)
2026-09-25 16:04:18 [INFO] wepppy.run.thinning-soil-validation-20260925.disturbed:   Generating MOFE soil file with SoilMultipleOfeSynth...
2026-09-25 16:04:18 [INFO] wepppy.run.thinning-soil-validation-20260925.disturbed:   Generating MOFE soil file with SoilMultipleOfeSynth... done. (0.00s)
2026-09-25 16:04:18 [INFO] wepppy.run.thinning-soil-validation-20260925.disturbed:   Generating MOFE soil file with SoilMultipleOfeSynth...
2026-09-25 16:04:18 [INFO] wepppy.run.thinning-soil-validation-20260925.disturbed:   Generating MOFE soil file with SoilMultipleOfeSynth... done. (0.00s)
2026-09-25 16:04:18 [INFO] wepppy.run.thinning-soil-validation-20260925.disturbed:   Generating MOFE soil file with SoilMultipleOfeSynth...
2026-09-25 16:04:18 [INFO] wepppy.run.thinning-soil-validation-20260925.disturbed:   Generating MOFE soil file with SoilMultipleOfeSynth... done. (0.00s)
2026-09-25 16:04:18 [INFO] wepppy.run.thinning-soil-validation-20260925.disturbed:   Generating MOFE soil file with SoilMultipleOfeSynth...
2026-09-25 16:04:18 [INFO] wepppy.run.thinning-soil-validation-20260925.disturbed:   Generating MOFE soil file with SoilMultipleOfeSynth... done. (0.00s)
2026-09-25 16:04:18 [INFO] wepppy.run.thinning-soil-validation-20260925.disturbed:   Generating MOFE soil file with SoilMultipleOfeSynth...
2026-09-25 16:04:18 [INFO] wepppy.run.thinning-soil-validation-20260925.disturbed:   Generating MOFE soil file with SoilMultipleOfeSynth... done. (0.00s)
2026-09-25 16:04:18 [INFO] wepppy.run.thinning-soil-validation-20260925.disturbed:   Generating MOFE soil file with SoilMultipleOfeSynth...
2026-09-25 16:04:18 [INFO] wepppy.run.thinning-soil-validation-20260925.disturbed:   Generating MOFE soil file with SoilMultipleOfeSynth... done. (0.01s)
2026-09-25 16:04:18 [INFO] wepppy.run.thinning-soil-validation-20260925.disturbed:   Generating MOFE soil file with SoilMultipleOfeSynth...
2026-09-25 16:04:18 [INFO] wepppy.run.thinning-soil-validation-20260925.disturbed:   Generating MOFE soil file with SoilMultipleOfeSynth... done. (0.00s)
2026-09-25 16:04:18 [INFO] wepppy.run.thinning-soil-validation-20260925.disturbed:   Generating MOFE soil file with SoilMultipleOfeSynth...
2026-09-25 16:04:18 [INFO] wepppy.run.thinning-soil-validation-20260925.disturbed:   Generating MOFE soil file with SoilMultipleOfeSynth... done. (0.00s)
2026-09-25 16:04:18 [INFO] wepppy.run.thinning-soil-validation-20260925.disturbed:   Generating MOFE soil file with SoilMultipleOfeSynth...
2026-09-25 16:04:18 [INFO] wepppy.run.thinning-soil-validation-20260925.disturbed:   Generating MOFE soil file with SoilMultipleOfeSynth... done. (0.00s)
2026-09-25 16:04:18 [INFO] wepppy.run.thinning-soil-validation-20260925.disturbed:   Generating MOFE soil file with SoilMultipleOfeSynth...
2026-09-25 16:04:18 [INFO] wepppy.run.thinning-soil-validation-20260925.disturbed:   Generating MOFE soil file with SoilMultipleOfeSynth... done. (0.00s)
2026-09-25 16:04:18 [INFO] wepppy.run.thinning-soil-validation-20260925.disturbed:   Generating MOFE soil file with SoilMultipleOfeSynth...
2026-09-25 16:04:18 [INFO] wepppy.run.thinning-soil-validation-20260925.disturbed:   Generating MOFE soil file with SoilMultipleOfeSynth... done. (0.00s)
2026-09-25 16:04:18 [INFO] wepppy.run.thinning-soil-validation-20260925.disturbed:   Generating MOFE soil file with SoilMultipleOfeSynth...
2026-09-25 16:04:18 [INFO] wepppy.run.thinning-soil-validation-20260925.disturbed:   Generating MOFE soil file with SoilMultipleOfeSynth... done. (0.01s)
2026-09-25 16:04:18 [INFO] wepppy.run.thinning-soil-validation-20260925.disturbed:   Generating MOFE soil file with SoilMultipleOfeSynth...
2026-09-25 16:04:18 [INFO] wepppy.run.thinning-soil-validation-20260925.disturbed:   Generating MOFE soil file with SoilMultipleOfeSynth... done. (0.00s)
2026-09-25 16:04:18 [INFO] wepppy.run.thinning-soil-validation-20260925.disturbed:   Generating MOFE soil file with SoilMultipleOfeSynth...
2026-09-25 16:04:18 [INFO] wepppy.run.thinning-soil-validation-20260925.disturbed:   Generating MOFE soil file with SoilMultipleOfeSynth... done. (0.00s)
2026-09-25 16:04:18 [INFO] wepppy.run.thinning-soil-validation-20260925.disturbed:   Generating MOFE soil file with SoilMultipleOfeSynth...
2026-09-25 16:04:18 [INFO] wepppy.run.thinning-soil-validation-20260925.disturbed:   Generating MOFE soil file with SoilMultipleOfeSynth... done. (0.01s)
2026-09-25 16:04:18 [INFO] wepppy.run.thinning-soil-validation-20260925.disturbed:   Generating MOFE soil file with SoilMultipleOfeSynth...
2026-09-25 16:04:18 [INFO] wepppy.run.thinning-soil-validation-20260925.disturbed:   Generating MOFE soil file with SoilMultipleOfeSynth... done. (0.00s)
2026-09-25 16:04:18 [INFO] wepppy.run.thinning-soil-validation-20260925.disturbed:   Generating MOFE soil file with SoilMultipleOfeSynth...
2026-09-25 16:04:18 [INFO] wepppy.run.thinning-soil-validation-20260925.disturbed:   Generating MOFE soil file with SoilMultipleOfeSynth... done. (0.00s)
2026-09-25 16:04:18 [INFO] wepppy.run.thinning-soil-validation-20260925.disturbed:   Generating MOFE soil file with SoilMultipleOfeSynth...
2026-09-25 16:04:18 [INFO] wepppy.run.thinning-soil-validation-20260925.disturbed:   Generating MOFE soil file with SoilMultipleOfeSynth... done. (0.00s)
2026-09-25 16:04:18 [INFO] wepppy.run.thinning-soil-validation-20260925.disturbed:   Generating MOFE soil file with SoilMultipleOfeSynth...
2026-09-25 16:04:18 [INFO] wepppy.run.thinning-soil-validation-20260925.disturbed:   Generating MOFE soil file with SoilMultipleOfeSynth... done. (0.01s)
2026-09-25 16:04:18 [INFO] wepppy.run.thinning-soil-validation-20260925.disturbed:   Generating MOFE soil file with SoilMultipleOfeSynth...
2026-09-25 16:04:18 [INFO] wepppy.run.thinning-soil-validation-20260925.disturbed:   Generating MOFE soil file with SoilMultipleOfeSynth... done. (0.00s)
2026-09-25 16:04:18 [INFO] wepppy.run.thinning-soil-validation-20260925.disturbed:   Generating MOFE soil file with SoilMultipleOfeSynth...
2026-09-25 16:04:18 [INFO] wepppy.run.thinning-soil-validation-20260925.disturbed:   Generating MOFE soil file with SoilMultipleOfeSynth... done. (0.00s)
2026-09-25 16:04:18 [INFO] wepppy.run.thinning-soil-validation-20260925.disturbed:   Generating MOFE soil file with SoilMultipleOfeSynth...
2026-09-25 16:04:18 [INFO] wepppy.run.thinning-soil-validation-20260925.disturbed:   Generating MOFE soil file with SoilMultipleOfeSynth... done. (0.00s)
2026-09-25 16:04:18 [INFO] wepppy.run.thinning-soil-validation-20260925.disturbed:   Generating MOFE soil file with SoilMultipleOfeSynth...
2026-09-25 16:04:18 [INFO] wepppy.run.thinning-soil-validation-20260925.disturbed:   Generating MOFE soil file with SoilMultipleOfeSynth... done. (0.00s)
2026-09-25 16:04:18 [INFO] wepppy.run.thinning-soil-validation-20260925.disturbed:   Generating MOFE soil file with SoilMultipleOfeSynth...
2026-09-25 16:04:18 [INFO] wepppy.run.thinning-soil-validation-20260925.disturbed:   Generating MOFE soil file with SoilMultipleOfeSynth... done. (0.00s)
2026-09-25 16:04:18 [INFO] wepppy.run.thinning-soil-validation-20260925.disturbed:   Generating MOFE soil file with SoilMultipleOfeSynth...
2026-09-25 16:04:18 [INFO] wepppy.run.thinning-soil-validation-20260925.disturbed:   Generating MOFE soil file with SoilMultipleOfeSynth... done. (0.00s)
2026-09-25 16:04:18 [INFO] wepppy.run.thinning-soil-validation-20260925.disturbed:   Generating MOFE soil file with SoilMultipleOfeSynth...
2026-09-25 16:04:18 [INFO] wepppy.run.thinning-soil-validation-20260925.disturbed:   Generating MOFE soil file with SoilMultipleOfeSynth... done. (0.00s)
2026-09-25 16:04:18 [INFO] wepppy.run.thinning-soil-validation-20260925.disturbed:   Generating MOFE soil file with SoilMultipleOfeSynth...
2026-09-25 16:04:18 [INFO] wepppy.run.thinning-soil-validation-20260925.disturbed:   Generating MOFE soil file with SoilMultipleOfeSynth... done. (0.00s)
2026-09-25 16:04:18 [INFO] wepppy.run.thinning-soil-validation-20260925.disturbed:   Generating MOFE soil file with SoilMultipleOfeSynth...
2026-09-25 16:04:18 [INFO] wepppy.run.thinning-soil-validation-20260925.disturbed:   Generating MOFE soil file with SoilMultipleOfeSynth... done. (0.00s)
2026-09-25 16:04:18 [INFO] wepppy.run.thinning-soil-validation-20260925.disturbed:   Generating MOFE soil file with SoilMultipleOfeSynth...
2026-09-25 16:04:18 [INFO] wepppy.run.thinning-soil-validation-20260925.disturbed:   Generating MOFE soil file with SoilMultipleOfeSynth... done. (0.00s)
2026-09-25 16:04:18 [INFO] wepppy.run.thinning-soil-validation-20260925.disturbed:   Generating MOFE soil file with SoilMultipleOfeSynth...
2026-09-25 16:04:18 [INFO] wepppy.run.thinning-soil-validation-20260925.disturbed:   Generating MOFE soil file with SoilMultipleOfeSynth... done. (0.00s)
2026-09-25 16:04:18 [INFO] wepppy.run.thinning-soil-validation-20260925.disturbed:   Generating MOFE soil file with SoilMultipleOfeSynth...
2026-09-25 16:04:18 [INFO] wepppy.run.thinning-soil-validation-20260925.disturbed:   Generating MOFE soil file with SoilMultipleOfeSynth... done. (0.00s)
2026-09-25 16:04:18 [INFO] wepppy.run.thinning-soil-validation-20260925.disturbed:   Generating MOFE soil file with SoilMultipleOfeSynth...
2026-09-25 16:04:18 [INFO] wepppy.run.thinning-soil-validation-20260925.disturbed:   Generating MOFE soil file with SoilMultipleOfeSynth... done. (0.00s)
2026-09-25 16:04:18 [INFO] wepppy.run.thinning-soil-validation-20260925.disturbed:   Generating MOFE soil file with SoilMultipleOfeSynth...
2026-09-25 16:04:18 [INFO] wepppy.run.thinning-soil-validation-20260925.disturbed:   Generating MOFE soil file with SoilMultipleOfeSynth... done. (0.00s)
2026-09-25 16:04:18 [INFO] wepppy.run.thinning-soil-validation-20260925.disturbed:   Generating MOFE soil file with SoilMultipleOfeSynth...
2026-09-25 16:04:18 [INFO] wepppy.run.thinning-soil-validation-20260925.disturbed:   Generating MOFE soil file with SoilMultipleOfeSynth... done. (0.01s)
2026-09-25 16:04:18 [INFO] wepppy.run.thinning-soil-validation-20260925.disturbed:   Generating MOFE soil file with SoilMultipleOfeSynth...
2026-09-25 16:04:18 [INFO] wepppy.run.thinning-soil-validation-20260925.disturbed:   Generating MOFE soil file with SoilMultipleOfeSynth... done. (0.00s)
2026-09-25 16:04:18 [INFO] wepppy.run.thinning-soil-validation-20260925.disturbed:   Generating MOFE soil file with SoilMultipleOfeSynth...
2026-09-25 16:04:18 [INFO] wepppy.run.thinning-soil-validation-20260925.disturbed:   Generating MOFE soil file with SoilMultipleOfeSynth... done. (0.00s)
2026-09-25 16:04:18 [INFO] wepppy.run.thinning-soil-validation-20260925.disturbed:   Generating MOFE soil file with SoilMultipleOfeSynth...
2026-09-25 16:04:18 [INFO] wepppy.run.thinning-soil-validation-20260925.disturbed:   Generating MOFE soil file with SoilMultipleOfeSynth... done. (0.00s)
2026-09-25 16:04:18 [INFO] wepppy.run.thinning-soil-validation-20260925.disturbed:   Generating MOFE soil file with SoilMultipleOfeSynth...
2026-09-25 16:04:18 [INFO] wepppy.run.thinning-soil-validation-20260925.disturbed:   Generating MOFE soil file with SoilMultipleOfeSynth... done. (0.00s)
2026-09-25 16:04:18 [INFO] wepppy.run.thinning-soil-validation-20260925.disturbed:   Generating MOFE soil file with SoilMultipleOfeSynth...
2026-09-25 16:04:18 [INFO] wepppy.run.thinning-soil-validation-20260925.disturbed:   Generating MOFE soil file with SoilMultipleOfeSynth... done. (0.00s)
2026-09-25 16:04:18 [INFO] wepppy.run.thinning-soil-validation-20260925.disturbed:   Generating MOFE soil file with SoilMultipleOfeSynth...
2026-09-25 16:04:18 [INFO] wepppy.run.thinning-soil-validation-20260925.disturbed:   Generating MOFE soil file with SoilMultipleOfeSynth... done. (0.00s)
2026-09-25 16:04:18 [INFO] wepppy.run.thinning-soil-validation-20260925.disturbed:   Generating MOFE soil file with SoilMultipleOfeSynth...
2026-09-25 16:04:18 [INFO] wepppy.run.thinning-soil-validation-20260925.disturbed:   Generating MOFE soil file with SoilMultipleOfeSynth... done. (0.00s)
2026-09-25 16:04:18 [INFO] wepppy.run.thinning-soil-validation-20260925.disturbed:   Generating MOFE soil file with SoilMultipleOfeSynth...
2026-09-25 16:04:18 [INFO] wepppy.run.thinning-soil-validation-20260925.disturbed:   Generating MOFE soil file with SoilMultipleOfeSynth... done. (0.00s)
2026-09-25 16:04:18 [INFO] wepppy.run.thinning-soil-validation-20260925.disturbed:   Generating MOFE soil file with SoilMultipleOfeSynth...
2026-09-25 16:04:18 [INFO] wepppy.run.thinning-soil-validation-20260925.disturbed:   Generating MOFE soil file with SoilMultipleOfeSynth... done. (0.00s)
2026-09-25 16:04:18 [INFO] wepppy.run.thinning-soil-validation-20260925.disturbed:   Generating MOFE soil file with SoilMultipleOfeSynth...
2026-09-25 16:04:18 [INFO] wepppy.run.thinning-soil-validation-20260925.disturbed:   Generating MOFE soil file with SoilMultipleOfeSynth... done. (0.01s)
2026-09-25 16:04:18 [INFO] wepppy.run.thinning-soil-validation-20260925.disturbed:   Generating MOFE soil file with SoilMultipleOfeSynth...
2026-09-25 16:04:18 [INFO] wepppy.run.thinning-soil-validation-20260925.disturbed:   Generating MOFE soil file with SoilMultipleOfeSynth... done. (0.00s)
2026-09-25 16:04:18 [INFO] wepppy.run.thinning-soil-validation-20260925.disturbed:   Generating MOFE soil file with SoilMultipleOfeSynth...
2026-09-25 16:04:18 [INFO] wepppy.run.thinning-soil-validation-20260925.disturbed:   Generating MOFE soil file with SoilMultipleOfeSynth... done. (0.00s)
2026-09-25 16:04:18 [INFO] wepppy.run.thinning-soil-validation-20260925.disturbed:   Generating MOFE soil file with SoilMultipleOfeSynth...
2026-09-25 16:04:18 [INFO] wepppy.run.thinning-soil-validation-20260925.disturbed:   Generating MOFE soil file with SoilMultipleOfeSynth... done. (0.00s)
2026-09-25 16:04:18 [INFO] wepppy.run.thinning-soil-validation-20260925.disturbed:   Generating MOFE soil file with SoilMultipleOfeSynth...
2026-09-25 16:04:18 [INFO] wepppy.run.thinning-soil-validation-20260925.disturbed:   Generating MOFE soil file with SoilMultipleOfeSynth... done. (0.00s)
2026-09-25 16:04:18 [INFO] wepppy.run.thinning-soil-validation-20260925.disturbed:   Generating MOFE soil file with SoilMultipleOfeSynth...
2026-09-25 16:04:18 [INFO] wepppy.run.thinning-soil-validation-20260925.disturbed:   Generating MOFE soil file with SoilMultipleOfeSynth... done. (0.00s)
2026-09-25 16:04:18 [INFO] wepppy.run.thinning-soil-validation-20260925.disturbed:   Generating MOFE soil file with SoilMultipleOfeSynth...
2026-09-25 16:04:18 [INFO] wepppy.run.thinning-soil-validation-20260925.disturbed:   Generating MOFE soil file with SoilMultipleOfeSynth... done. (0.00s)
2026-09-25 16:04:18 [INFO] wepppy.run.thinning-soil-validation-20260925.disturbed:   Generating MOFE soil file with SoilMultipleOfeSynth...
2026-09-25 16:04:18 [INFO] wepppy.run.thinning-soil-validation-20260925.disturbed:   Generating MOFE soil file with SoilMultipleOfeSynth... done. (0.00s)
2026-09-25 16:04:18 [INFO] wepppy.run.thinning-soil-validation-20260925.disturbed:   Generating MOFE soil file with SoilMultipleOfeSynth...
2026-09-25 16:04:18 [INFO] wepppy.run.thinning-soil-validation-20260925.disturbed:   Generating MOFE soil file with SoilMultipleOfeSynth... done. (0.00s)
2026-09-25 16:04:18 [INFO] wepppy.run.thinning-soil-validation-20260925.disturbed:   Generating MOFE soil file with SoilMultipleOfeSynth...
2026-09-25 16:04:18 [INFO] wepppy.run.thinning-soil-validation-20260925.disturbed:   Generating MOFE soil file with SoilMultipleOfeSynth... done. (0.00s)
2026-09-25 16:04:18 [INFO] wepppy.run.thinning-soil-validation-20260925.disturbed:   Generating MOFE soil file with SoilMultipleOfeSynth...
2026-09-25 16:04:18 [INFO] wepppy.run.thinning-soil-validation-20260925.disturbed:   Generating MOFE soil file with SoilMultipleOfeSynth... done. (0.01s)
2026-09-25 16:04:18 [INFO] wepppy.run.thinning-soil-validation-20260925.disturbed:   Generating MOFE soil file with SoilMultipleOfeSynth...
2026-09-25 16:04:18 [INFO] wepppy.run.thinning-soil-validation-20260925.disturbed:   Generating MOFE soil file with SoilMultipleOfeSynth... done. (0.01s)
2026-09-25 16:04:18 [INFO] wepppy.run.thinning-soil-validation-20260925.disturbed:   Generating MOFE soil file with SoilMultipleOfeSynth...
2026-09-25 16:04:18 [INFO] wepppy.run.thinning-soil-validation-20260925.disturbed:   Generating MOFE soil file with SoilMultipleOfeSynth... done. (0.01s)
2026-09-25 16:04:18 [INFO] wepppy.run.thinning-soil-validation-20260925.disturbed:   Generating MOFE soil file with SoilMultipleOfeSynth...
2026-09-25 16:04:18 [INFO] wepppy.run.thinning-soil-validation-20260925.disturbed:   Generating MOFE soil file with SoilMultipleOfeSynth... done. (0.00s)
2026-09-25 16:04:18 [INFO] wepppy.run.thinning-soil-validation-20260925.disturbed:   Generating MOFE soil file with SoilMultipleOfeSynth...
2026-09-25 16:04:18 [INFO] wepppy.run.thinning-soil-validation-20260925.disturbed:   Generating MOFE soil file with SoilMultipleOfeSynth... done. (0.00s)
2026-09-25 16:04:18 [INFO] wepppy.run.thinning-soil-validation-20260925.disturbed:   Generating MOFE soil file with SoilMultipleOfeSynth...
2026-09-25 16:04:18 [INFO] wepppy.run.thinning-soil-validation-20260925.disturbed:   Generating MOFE soil file with SoilMultipleOfeSynth... done. (0.00s)
2026-09-25 16:04:18 [INFO] wepppy.run.thinning-soil-validation-20260925.disturbed:   Generating MOFE soil file with SoilMultipleOfeSynth...
2026-09-25 16:04:18 [INFO] wepppy.run.thinning-soil-validation-20260925.disturbed:   Generating MOFE soil file with SoilMultipleOfeSynth... done. (0.01s)
2026-09-25 16:04:18 [INFO] wepppy.run.thinning-soil-validation-20260925.disturbed:   Generating MOFE soil file with SoilMultipleOfeSynth...
2026-09-25 16:04:18 [INFO] wepppy.run.thinning-soil-validation-20260925.disturbed:   Generating MOFE soil file with SoilMultipleOfeSynth... done. (0.00s)
2026-09-25 16:04:18 [INFO] wepppy.run.thinning-soil-validation-20260925.disturbed:   Completed MOFE soil generation: regenerated_soils=4 hillslope_files=455
2026-09-25 16:04:18 [INFO] wepppy.run.thinning-soil-validation-20260925.disturbed:   Recalculating soil areas and pct_coverage...
2026-09-25 16:04:18 [INFO] wepppy.run.thinning-soil-validation-20260925.disturbed:   Recalculating soil areas and pct_coverage... done. (0.00s)
2026-09-25 16:04:18 [INFO] wepppy.run.thinning-soil-validation-20260925.soils: soils.dump_soils_parquet()
2026-09-25 16:04:20 [INFO] wepppy.run.thinning-soil-validation-20260925.disturbed:   Modifying MOFE soils... done. (17.28s)
Rebuilding Soils... done.

2026-09-25 16:04:20 [INFO] wepppy.run.thinning-soil-validation-20260925.treatments: treatments.treatments_domlc_d -> {'71': '444'}
2026-09-25 16:04:20 [INFO] wepppy.run.thinning-soil-validation-20260925.treatments: self.wd: /wc1/runs/th/thinning-soil-validation-20260925
2026-09-25 16:04:20 [INFO] wepppy.run.thinning-soil-validation-20260925.treatments: Applying treatments to 1 hillslopes
2026-09-25 16:04:20 [INFO] wepppy.run.thinning-soil-validation-20260925.treatments: treatments._apply_treatment(topaz_id=71, treatment=thinning_30_90, man_summary={'key': 71, '_map': 'c3s-disturbed', 'man_fn': 'UnDisturbed/Old_Forest.man', 'man_dir': '/workdir/wepppy/wepppy/wepp/management/data', 'desc': 'Tree cover, needleleaved, evergreen, closed to open', 'color': '#003c00', 'area': 1784.4375, 'pct_coverage': 98.71041349744156, 'cancov': 0.9, 'inrcov': 1.0, 'rilcov': 1.0, 'cancov_override': None, 'inrcov_override': None, 'rilcov_override': None, 'disturbed_class': 'forest'}, disturbed_class=forest)
2026-09-25 16:04:20 [INFO] wepppy.run.thinning-soil-validation-20260925.treatments: topaz_id: 71	 treatment:thinning_30_90	 disturbed_class: forest

2026-09-25 16:04:20 [INFO] wepppy.run.thinning-soil-validation-20260925.treatments: Applying prescribed fire treatment to hillslope 71 with disturbed_class forest

2026-09-25 16:04:20 [INFO] wepppy.run.thinning-soil-validation-20260925.treatments:   _apply_thinning: 71 -> 444

2026-09-25 16:04:20 [INFO] wepppy.run.thinning-soil-validation-20260925.treatments:   _apply_treatment: 71 -> 444

2026-09-25 16:04:20 [INFO] wepppy.run.thinning-soil-validation-20260925.landuse: Prepared multi-OFE landuse assignments for 455 hillslopes (1065 OFE segments)
2026-09-25 16:04:20 [INFO] wepppy.run.thinning-soil-validation-20260925.landuse:   Submitting MOFE management synthesis tasks to ProcessPoolExecutor
2026-09-25 16:04:25 [INFO] wepppy.run.thinning-soil-validation-20260925.landuse:   Waiting on MOFE management synthesis tasks (pending=4, 5.0s since last completion).
2026-09-25 16:04:30 [INFO] wepppy.run.thinning-soil-validation-20260925.landuse:   Waiting on MOFE management synthesis tasks (pending=4, 10.0s since last completion).
2026-09-25 16:04:30 [INFO] wepppy.run.thinning-soil-validation-20260925.landuse:   (1/455) Completed MOFE management synthesis for 22 in 0.004s
2026-09-25 16:04:30 [INFO] wepppy.run.thinning-soil-validation-20260925.landuse:   (2/455) Completed MOFE management synthesis for 23 in 0.003s
2026-09-25 16:04:30 [INFO] wepppy.run.thinning-soil-validation-20260925.landuse:   (3/455) Completed MOFE management synthesis for 31 in 0.009s
2026-09-25 16:04:30 [INFO] wepppy.run.thinning-soil-validation-20260925.landuse:   (4/455) Completed MOFE management synthesis for 42 in 0.003s
2026-09-25 16:04:30 [INFO] wepppy.run.thinning-soil-validation-20260925.landuse:   (5/455) Completed MOFE management synthesis for 43 in 0.003s
2026-09-25 16:04:30 [INFO] wepppy.run.thinning-soil-validation-20260925.landuse:   (6/455) Completed MOFE management synthesis for 52 in 0.003s
2026-09-25 16:04:30 [INFO] wepppy.run.thinning-soil-validation-20260925.landuse:   (7/455) Completed MOFE management synthesis for 53 in 0.005s
2026-09-25 16:04:30 [INFO] wepppy.run.thinning-soil-validation-20260925.landuse:   (8/455) Completed MOFE management synthesis for 62 in 0.007s
2026-09-25 16:04:30 [INFO] wepppy.run.thinning-soil-validation-20260925.landuse:   (9/455) Completed MOFE management synthesis for 63 in 0.003s
2026-09-25 16:04:30 [INFO] wepppy.run.thinning-soil-validation-20260925.landuse:   (10/455) Completed MOFE management synthesis for 71 in 0.008s
2026-09-25 16:04:30 [INFO] wepppy.run.thinning-soil-validation-20260925.landuse:   (11/455) Completed MOFE management synthesis for 72 in 0.006s
2026-09-25 16:04:30 [INFO] wepppy.run.thinning-soil-validation-20260925.landuse:   (12/455) Completed MOFE management synthesis for 92 in 0.005s
2026-09-25 16:04:30 [INFO] wepppy.run.thinning-soil-validation-20260925.landuse:   (13/455) Completed MOFE management synthesis for 93 in 0.003s
2026-09-25 16:04:30 [INFO] wepppy.run.thinning-soil-validation-20260925.landuse:   (14/455) Completed MOFE management synthesis for 101 in 0.008s
2026-09-25 16:04:30 [INFO] wepppy.run.thinning-soil-validation-20260925.landuse:   (15/455) Completed MOFE management synthesis for 102 in 0.002s
2026-09-25 16:04:30 [INFO] wepppy.run.thinning-soil-validation-20260925.landuse:   (16/455) Completed MOFE management synthesis for 103 in 0.003s
2026-09-25 16:04:30 [INFO] wepppy.run.thinning-soil-validation-20260925.landuse:   (17/455) Completed MOFE management synthesis for 111 in 0.008s
2026-09-25 16:04:30 [INFO] wepppy.run.thinning-soil-validation-20260925.landuse:   (18/455) Completed MOFE management synthesis for 112 in 0.002s
2026-09-25 16:04:30 [INFO] wepppy.run.thinning-soil-validation-20260925.landuse:   (19/455) Completed MOFE management synthesis for 113 in 0.002s
2026-09-25 16:04:30 [INFO] wepppy.run.thinning-soil-validation-20260925.landuse:   (20/455) Completed MOFE management synthesis for 121 in 0.008s
2026-09-25 16:04:30 [INFO] wepppy.run.thinning-soil-validation-20260925.landuse:   (21/455) Completed MOFE management synthesis for 122 in 0.006s
2026-09-25 16:04:30 [INFO] wepppy.run.thinning-soil-validation-20260925.landuse:   (22/455) Completed MOFE management synthesis for 123 in 0.003s
2026-09-25 16:04:30 [INFO] wepppy.run.thinning-soil-validation-20260925.landuse:   (23/455) Completed MOFE management synthesis for 132 in 0.009s
2026-09-25 16:04:30 [INFO] wepppy.run.thinning-soil-validation-20260925.landuse:   (24/455) Completed MOFE management synthesis for 133 in 0.003s
2026-09-25 16:04:30 [INFO] wepppy.run.thinning-soil-validation-20260925.landuse:   (25/455) Completed MOFE management synthesis for 142 in 0.007s
2026-09-25 16:04:30 [INFO] wepppy.run.thinning-soil-validation-20260925.landuse:   (26/455) Completed MOFE management synthesis for 143 in 0.002s
2026-09-25 16:04:30 [INFO] wepppy.run.thinning-soil-validation-20260925.landuse:   (27/455) Completed MOFE management synthesis for 151 in 0.008s
2026-09-25 16:04:30 [INFO] wepppy.run.thinning-soil-validation-20260925.landuse:   (28/455) Completed MOFE management synthesis for 152 in 0.004s
2026-09-25 16:04:30 [INFO] wepppy.run.thinning-soil-validation-20260925.landuse:   (29/455) Completed MOFE management synthesis for 153 in 0.002s
2026-09-25 16:04:30 [INFO] wepppy.run.thinning-soil-validation-20260925.landuse:   (30/455) Completed MOFE management synthesis for 161 in 0.008s
2026-09-25 16:04:30 [INFO] wepppy.run.thinning-soil-validation-20260925.landuse:   (31/455) Completed MOFE management synthesis for 163 in 0.002s
2026-09-25 16:04:30 [INFO] wepppy.run.thinning-soil-validation-20260925.landuse:   (32/455) Completed MOFE management synthesis for 172 in 0.002s
2026-09-25 16:04:30 [INFO] wepppy.run.thinning-soil-validation-20260925.landuse:   (33/455) Completed MOFE management synthesis for 173 in 0.002s
2026-09-25 16:04:30 [INFO] wepppy.run.thinning-soil-validation-20260925.landuse:   (34/455) Completed MOFE management synthesis for 182 in 0.002s
2026-09-25 16:04:30 [INFO] wepppy.run.thinning-soil-validation-20260925.landuse:   (35/455) Completed MOFE management synthesis for 183 in 0.004s
2026-09-25 16:04:30 [INFO] wepppy.run.thinning-soil-validation-20260925.landuse:   (36/455) Completed MOFE management synthesis for 191 in 0.008s
2026-09-25 16:04:30 [INFO] wepppy.run.thinning-soil-validation-20260925.landuse:   (37/455) Completed MOFE management synthesis for 192 in 0.002s
2026-09-25 16:04:30 [INFO] wepppy.run.thinning-soil-validation-20260925.landuse:   (38/455) Completed MOFE management synthesis for 193 in 0.002s
2026-09-25 16:04:30 [INFO] wepppy.run.thinning-soil-validation-20260925.landuse:   (39/455) Completed MOFE management synthesis for 212 in 0.004s
2026-09-25 16:04:30 [INFO] wepppy.run.thinning-soil-validation-20260925.landuse:   (40/455) Completed MOFE management synthesis for 213 in 0.002s
2026-09-25 16:04:30 [INFO] wepppy.run.thinning-soil-validation-20260925.landuse:   (41/455) Completed MOFE management synthesis for 221 in 0.007s
2026-09-25 16:04:30 [INFO] wepppy.run.thinning-soil-validation-20260925.landuse:   (42/455) Completed MOFE management synthesis for 222 in 0.002s
2026-09-25 16:04:30 [INFO] wepppy.run.thinning-soil-validation-20260925.landuse:   (43/455) Completed MOFE management synthesis for 223 in 0.003s
2026-09-25 16:04:30 [INFO] wepppy.run.thinning-soil-validation-20260925.landuse:   (44/455) Completed MOFE management synthesis for 231 in 0.007s
2026-09-25 16:04:30 [INFO] wepppy.run.thinning-soil-validation-20260925.landuse:   (45/455) Completed MOFE management synthesis for 232 in 0.002s
2026-09-25 16:04:30 [INFO] wepppy.run.thinning-soil-validation-20260925.landuse:   (46/455) Completed MOFE management synthesis for 233 in 0.004s
2026-09-25 16:04:30 [INFO] wepppy.run.thinning-soil-validation-20260925.landuse:   (47/455) Completed MOFE management synthesis for 243 in 0.001s
2026-09-25 16:04:30 [INFO] wepppy.run.thinning-soil-validation-20260925.landuse:   (48/455) Completed MOFE management synthesis for 251 in 0.007s
2026-09-25 16:04:30 [INFO] wepppy.run.thinning-soil-validation-20260925.landuse:   (49/455) Completed MOFE management synthesis for 252 in 0.001s
2026-09-25 16:04:30 [INFO] wepppy.run.thinning-soil-validation-20260925.landuse:   (50/455) Completed MOFE management synthesis for 253 in 0.002s
2026-09-25 16:04:30 [INFO] wepppy.run.thinning-soil-validation-20260925.landuse:   (51/455) Completed MOFE management synthesis for 262 in 0.001s
2026-09-25 16:04:30 [INFO] wepppy.run.thinning-soil-validation-20260925.landuse:   (52/455) Completed MOFE management synthesis for 263 in 0.001s
2026-09-25 16:04:30 [INFO] wepppy.run.thinning-soil-validation-20260925.landuse:   (53/455) Completed MOFE management synthesis for 273 in 0.006s
2026-09-25 16:04:30 [INFO] wepppy.run.thinning-soil-validation-20260925.landuse:   (54/455) Completed MOFE management synthesis for 281 in 0.007s
2026-09-25 16:04:30 [INFO] wepppy.run.thinning-soil-validation-20260925.landuse:   (55/455) Completed MOFE management synthesis for 282 in 0.001s
2026-09-25 16:04:30 [INFO] wepppy.run.thinning-soil-validation-20260925.landuse:   (56/455) Completed MOFE management synthesis for 291 in 0.007s
2026-09-25 16:04:30 [INFO] wepppy.run.thinning-soil-validation-20260925.landuse:   (57/455) Completed MOFE management synthesis for 292 in 0.005s
2026-09-25 16:04:30 [INFO] wepppy.run.thinning-soil-validation-20260925.landuse:   (58/455) Completed MOFE management synthesis for 293 in 0.003s
2026-09-25 16:04:30 [INFO] wepppy.run.thinning-soil-validation-20260925.landuse:   (59/455) Completed MOFE management synthesis for 302 in 0.002s
2026-09-25 16:04:30 [INFO] wepppy.run.thinning-soil-validation-20260925.landuse:   (60/455) Completed MOFE management synthesis for 303 in 0.001s
2026-09-25 16:04:30 [INFO] wepppy.run.thinning-soil-validation-20260925.landuse:   (61/455) Completed MOFE management synthesis for 311 in 0.007s
2026-09-25 16:04:30 [INFO] wepppy.run.thinning-soil-validation-20260925.landuse:   (62/455) Completed MOFE management synthesis for 312 in 0.002s
2026-09-25 16:04:30 [INFO] wepppy.run.thinning-soil-validation-20260925.landuse:   (63/455) Completed MOFE management synthesis for 313 in 0.001s
2026-09-25 16:04:30 [INFO] wepppy.run.thinning-soil-validation-20260925.landuse:   (64/455) Completed MOFE management synthesis for 321 in 0.005s
2026-09-25 16:04:30 [INFO] wepppy.run.thinning-soil-validation-20260925.landuse:   (65/455) Completed MOFE management synthesis for 322 in 0.001s
2026-09-25 16:04:30 [INFO] wepppy.run.thinning-soil-validation-20260925.landuse:   (66/455) Completed MOFE management synthesis for 323 in 0.002s
2026-09-25 16:04:30 [INFO] wepppy.run.thinning-soil-validation-20260925.landuse:   (67/455) Completed MOFE management synthesis for 331 in 0.007s
2026-09-25 16:04:30 [INFO] wepppy.run.thinning-soil-validation-20260925.landuse:   (68/455) Completed MOFE management synthesis for 332 in 0.001s
2026-09-25 16:04:30 [INFO] wepppy.run.thinning-soil-validation-20260925.landuse:   (69/455) Completed MOFE management synthesis for 333 in 0.001s
2026-09-25 16:04:30 [INFO] wepppy.run.thinning-soil-validation-20260925.landuse:   (70/455) Completed MOFE management synthesis for 342 in 0.001s
2026-09-25 16:04:30 [INFO] wepppy.run.thinning-soil-validation-20260925.landuse:   (71/455) Completed MOFE management synthesis for 343 in 0.001s
2026-09-25 16:04:30 [INFO] wepppy.run.thinning-soil-validation-20260925.landuse:   (72/455) Completed MOFE management synthesis for 352 in 0.001s
2026-09-25 16:04:30 [INFO] wepppy.run.thinning-soil-validation-20260925.landuse:   (73/455) Completed MOFE management synthesis for 353 in 0.001s
2026-09-25 16:04:30 [INFO] wepppy.run.thinning-soil-validation-20260925.landuse:   (74/455) Completed MOFE management synthesis for 361 in 0.006s
2026-09-25 16:04:30 [INFO] wepppy.run.thinning-soil-validation-20260925.landuse:   (75/455) Completed MOFE management synthesis for 362 in 0.003s
2026-09-25 16:04:30 [INFO] wepppy.run.thinning-soil-validation-20260925.landuse:   (76/455) Completed MOFE management synthesis for 363 in 0.004s
2026-09-25 16:04:30 [INFO] wepppy.run.thinning-soil-validation-20260925.landuse:   (77/455) Completed MOFE management synthesis for 372 in 0.007s
2026-09-25 16:04:30 [INFO] wepppy.run.thinning-soil-validation-20260925.landuse:   (78/455) Completed MOFE management synthesis for 373 in 0.001s
2026-09-25 16:04:30 [INFO] wepppy.run.thinning-soil-validation-20260925.landuse:   (79/455) Completed MOFE management synthesis for 383 in 0.003s
2026-09-25 16:04:30 [INFO] wepppy.run.thinning-soil-validation-20260925.landuse:   (80/455) Completed MOFE management synthesis for 391 in 0.007s
2026-09-25 16:04:30 [INFO] wepppy.run.thinning-soil-validation-20260925.landuse:   (81/455) Completed MOFE management synthesis for 392 in 0.001s
2026-09-25 16:04:30 [INFO] wepppy.run.thinning-soil-validation-20260925.landuse:   (82/455) Completed MOFE management synthesis for 393 in 0.001s
2026-09-25 16:04:30 [INFO] wepppy.run.thinning-soil-validation-20260925.landuse:   (83/455) Completed MOFE management synthesis for 402 in 0.007s
2026-09-25 16:04:30 [INFO] wepppy.run.thinning-soil-validation-20260925.landuse:   (84/455) Completed MOFE management synthesis for 403 in 0.007s
2026-09-25 16:04:30 [INFO] wepppy.run.thinning-soil-validation-20260925.landuse:   (85/455) Completed MOFE management synthesis for 412 in 0.001s
2026-09-25 16:04:30 [INFO] wepppy.run.thinning-soil-validation-20260925.landuse:   (86/455) Completed MOFE management synthesis for 413 in 0.001s
2026-09-25 16:04:30 [INFO] wepppy.run.thinning-soil-validation-20260925.landuse:   (87/455) Completed MOFE management synthesis for 421 in 0.006s
2026-09-25 16:04:30 [INFO] wepppy.run.thinning-soil-validation-20260925.landuse:   (88/455) Completed MOFE management synthesis for 422 in 0.003s
2026-09-25 16:04:30 [INFO] wepppy.run.thinning-soil-validation-20260925.landuse:   (89/455) Completed MOFE management synthesis for 423 in 0.001s
2026-09-25 16:04:30 [INFO] wepppy.run.thinning-soil-validation-20260925.landuse:   (90/455) Completed MOFE management synthesis for 431 in 0.007s
2026-09-25 16:04:30 [INFO] wepppy.run.thinning-soil-validation-20260925.landuse:   (91/455) Completed MOFE management synthesis for 432 in 0.002s
2026-09-25 16:04:30 [INFO] wepppy.run.thinning-soil-validation-20260925.landuse:   (92/455) Completed MOFE management synthesis for 433 in 0.002s
2026-09-25 16:04:30 [INFO] wepppy.run.thinning-soil-validation-20260925.landuse:   (93/455) Completed MOFE management synthesis for 442 in 0.006s
2026-09-25 16:04:30 [INFO] wepppy.run.thinning-soil-validation-20260925.landuse:   (94/455) Completed MOFE management synthesis for 443 in 0.005s
2026-09-25 16:04:30 [INFO] wepppy.run.thinning-soil-validation-20260925.landuse:   (95/455) Completed MOFE management synthesis for 451 in 0.009s
2026-09-25 16:04:30 [INFO] wepppy.run.thinning-soil-validation-20260925.landuse:   (96/455) Completed MOFE management synthesis for 452 in 0.002s
2026-09-25 16:04:30 [INFO] wepppy.run.thinning-soil-validation-20260925.landuse:   (97/455) Completed MOFE management synthesis for 453 in 0.002s
2026-09-25 16:04:30 [INFO] wepppy.run.thinning-soil-validation-20260925.landuse:   (98/455) Completed MOFE management synthesis for 461 in 0.008s
2026-09-25 16:04:30 [INFO] wepppy.run.thinning-soil-validation-20260925.landuse:   (99/455) Completed MOFE management synthesis for 463 in 0.002s
2026-09-25 16:04:30 [INFO] wepppy.run.thinning-soil-validation-20260925.landuse:   (100/455) Completed MOFE management synthesis for 482 in 0.005s
2026-09-25 16:04:30 [INFO] wepppy.run.thinning-soil-validation-20260925.landuse:   (101/455) Completed MOFE management synthesis for 483 in 0.002s
2026-09-25 16:04:30 [INFO] wepppy.run.thinning-soil-validation-20260925.landuse:   (102/455) Completed MOFE management synthesis for 492 in 0.002s
2026-09-25 16:04:30 [INFO] wepppy.run.thinning-soil-validation-20260925.landuse:   (103/455) Completed MOFE management synthesis for 493 in 0.002s
2026-09-25 16:04:30 [INFO] wepppy.run.thinning-soil-validation-20260925.landuse:   (104/455) Completed MOFE management synthesis for 502 in 0.002s
2026-09-25 16:04:30 [INFO] wepppy.run.thinning-soil-validation-20260925.landuse:   (105/455) Completed MOFE management synthesis for 503 in 0.002s
2026-09-25 16:04:30 [INFO] wepppy.run.thinning-soil-validation-20260925.landuse:   (106/455) Completed MOFE management synthesis for 512 in 0.002s
2026-09-25 16:04:30 [INFO] wepppy.run.thinning-soil-validation-20260925.landuse:   (107/455) Completed MOFE management synthesis for 513 in 0.002s
2026-09-25 16:04:30 [INFO] wepppy.run.thinning-soil-validation-20260925.landuse:   (108/455) Completed MOFE management synthesis for 522 in 0.004s
2026-09-25 16:04:30 [INFO] wepppy.run.thinning-soil-validation-20260925.landuse:   (109/455) Completed MOFE management synthesis for 523 in 0.004s
2026-09-25 16:04:30 [INFO] wepppy.run.thinning-soil-validation-20260925.landuse:   (110/455) Completed MOFE management synthesis for 533 in 0.002s
2026-09-25 16:04:30 [INFO] wepppy.run.thinning-soil-validation-20260925.landuse:   (111/455) Completed MOFE management synthesis for 541 in 0.008s
2026-09-25 16:04:30 [INFO] wepppy.run.thinning-soil-validation-20260925.landuse:   (112/455) Completed MOFE management synthesis for 542 in 0.002s
2026-09-25 16:04:30 [INFO] wepppy.run.thinning-soil-validation-20260925.landuse:   (113/455) Completed MOFE management synthesis for 543 in 0.002s
2026-09-25 16:04:30 [INFO] wepppy.run.thinning-soil-validation-20260925.landuse:   (114/455) Completed MOFE management synthesis for 551 in 0.007s
2026-09-25 16:04:30 [INFO] wepppy.run.thinning-soil-validation-20260925.landuse:   (115/455) Completed MOFE management synthesis for 561 in 0.006s
2026-09-25 16:04:30 [INFO] wepppy.run.thinning-soil-validation-20260925.landuse:   (116/455) Completed MOFE management synthesis for 562 in 0.002s
2026-09-25 16:04:30 [INFO] wepppy.run.thinning-soil-validation-20260925.landuse:   (117/455) Completed MOFE management synthesis for 563 in 0.003s
2026-09-25 16:04:30 [INFO] wepppy.run.thinning-soil-validation-20260925.landuse:   (118/455) Completed MOFE management synthesis for 571 in 0.007s
2026-09-25 16:04:30 [INFO] wepppy.run.thinning-soil-validation-20260925.landuse:   (119/455) Completed MOFE management synthesis for 572 in 0.004s
2026-09-25 16:04:30 [INFO] wepppy.run.thinning-soil-validation-20260925.landuse:   (120/455) Completed MOFE management synthesis for 573 in 0.002s
2026-09-25 16:04:30 [INFO] wepppy.run.thinning-soil-validation-20260925.landuse:   (121/455) Completed MOFE management synthesis for 581 in 0.007s
2026-09-25 16:04:30 [INFO] wepppy.run.thinning-soil-validation-20260925.landuse:   (122/455) Completed MOFE management synthesis for 592 in 0.004s
2026-09-25 16:04:30 [INFO] wepppy.run.thinning-soil-validation-20260925.landuse:   (123/455) Completed MOFE management synthesis for 593 in 0.003s
2026-09-25 16:04:30 [INFO] wepppy.run.thinning-soil-validation-20260925.landuse:   (124/455) Completed MOFE management synthesis for 602 in 0.001s
2026-09-25 16:04:30 [INFO] wepppy.run.thinning-soil-validation-20260925.landuse:   (125/455) Completed MOFE management synthesis for 603 in 0.001s
2026-09-25 16:04:30 [INFO] wepppy.run.thinning-soil-validation-20260925.landuse:   (126/455) Completed MOFE management synthesis for 611 in 0.007s
2026-09-25 16:04:30 [INFO] wepppy.run.thinning-soil-validation-20260925.landuse:   (127/455) Completed MOFE management synthesis for 612 in 0.001s
2026-09-25 16:04:30 [INFO] wepppy.run.thinning-soil-validation-20260925.landuse:   (128/455) Completed MOFE management synthesis for 613 in 0.001s
2026-09-25 16:04:30 [INFO] wepppy.run.thinning-soil-validation-20260925.landuse:   (129/455) Completed MOFE management synthesis for 621 in 0.007s
2026-09-25 16:04:30 [INFO] wepppy.run.thinning-soil-validation-20260925.landuse:   (130/455) Completed MOFE management synthesis for 622 in 0.002s
2026-09-25 16:04:30 [INFO] wepppy.run.thinning-soil-validation-20260925.landuse:   (131/455) Completed MOFE management synthesis for 632 in 0.002s
2026-09-25 16:04:30 [INFO] wepppy.run.thinning-soil-validation-20260925.landuse:   (132/455) Completed MOFE management synthesis for 633 in 0.002s
2026-09-25 16:04:30 [INFO] wepppy.run.thinning-soil-validation-20260925.landuse:   (133/455) Completed MOFE management synthesis for 641 in 0.006s
2026-09-25 16:04:30 [INFO] wepppy.run.thinning-soil-validation-20260925.landuse:   (134/455) Completed MOFE management synthesis for 642 in 0.002s
2026-09-25 16:04:30 [INFO] wepppy.run.thinning-soil-validation-20260925.landuse:   (135/455) Completed MOFE management synthesis for 643 in 0.002s
2026-09-25 16:04:30 [INFO] wepppy.run.thinning-soil-validation-20260925.landuse:   (136/455) Completed MOFE management synthesis for 651 in 0.007s
2026-09-25 16:04:30 [INFO] wepppy.run.thinning-soil-validation-20260925.landuse:   (137/455) Completed MOFE management synthesis for 652 in 0.002s
2026-09-25 16:04:30 [INFO] wepppy.run.thinning-soil-validation-20260925.landuse:   (138/455) Completed MOFE management synthesis for 653 in 0.005s
2026-09-25 16:04:30 [INFO] wepppy.run.thinning-soil-validation-20260925.landuse:   (139/455) Completed MOFE management synthesis for 661 in 0.004s
2026-09-25 16:04:30 [INFO] wepppy.run.thinning-soil-validation-20260925.landuse:   (140/455) Completed MOFE management synthesis for 662 in 0.002s
2026-09-25 16:04:30 [INFO] wepppy.run.thinning-soil-validation-20260925.landuse:   (141/455) Completed MOFE management synthesis for 663 in 0.002s
2026-09-25 16:04:30 [INFO] wepppy.run.thinning-soil-validation-20260925.landuse:   (142/455) Completed MOFE management synthesis for 671 in 0.007s
2026-09-25 16:04:30 [INFO] wepppy.run.thinning-soil-validation-20260925.landuse:   (143/455) Completed MOFE management synthesis for 682 in 0.003s
2026-09-25 16:04:30 [INFO] wepppy.run.thinning-soil-validation-20260925.landuse:   (144/455) Completed MOFE management synthesis for 683 in 0.005s
2026-09-25 16:04:30 [INFO] wepppy.run.thinning-soil-validation-20260925.landuse:   (145/455) Completed MOFE management synthesis for 691 in 0.007s
2026-09-25 16:04:30 [INFO] wepppy.run.thinning-soil-validation-20260925.landuse:   (146/455) Completed MOFE management synthesis for 693 in 0.001s
2026-09-25 16:04:30 [INFO] wepppy.run.thinning-soil-validation-20260925.landuse:   (147/455) Completed MOFE management synthesis for 702 in 0.004s
2026-09-25 16:04:30 [INFO] wepppy.run.thinning-soil-validation-20260925.landuse:   (148/455) Completed MOFE management synthesis for 703 in 0.004s
2026-09-25 16:04:30 [INFO] wepppy.run.thinning-soil-validation-20260925.landuse:   (149/455) Completed MOFE management synthesis for 711 in 0.007s
2026-09-25 16:04:30 [INFO] wepppy.run.thinning-soil-validation-20260925.landuse:   (150/455) Completed MOFE management synthesis for 712 in 0.001s
2026-09-25 16:04:30 [INFO] wepppy.run.thinning-soil-validation-20260925.landuse:   (151/455) Completed MOFE management synthesis for 713 in 0.004s
2026-09-25 16:04:30 [INFO] wepppy.run.thinning-soil-validation-20260925.landuse:   (152/455) Completed MOFE management synthesis for 722 in 0.002s
2026-09-25 16:04:30 [INFO] wepppy.run.thinning-soil-validation-20260925.landuse:   (153/455) Completed MOFE management synthesis for 723 in 0.001s
2026-09-25 16:04:30 [INFO] wepppy.run.thinning-soil-validation-20260925.landuse:   (154/455) Completed MOFE management synthesis for 732 in 0.005s
2026-09-25 16:04:30 [INFO] wepppy.run.thinning-soil-validation-20260925.landuse:   (155/455) Completed MOFE management synthesis for 733 in 0.004s
2026-09-25 16:04:30 [INFO] wepppy.run.thinning-soil-validation-20260925.landuse:   (156/455) Completed MOFE management synthesis for 741 in 0.007s
2026-09-25 16:04:30 [INFO] wepppy.run.thinning-soil-validation-20260925.landuse:   (157/455) Completed MOFE management synthesis for 742 in 0.002s
2026-09-25 16:04:30 [INFO] wepppy.run.thinning-soil-validation-20260925.landuse:   (158/455) Completed MOFE management synthesis for 743 in 0.002s
2026-09-25 16:04:30 [INFO] wepppy.run.thinning-soil-validation-20260925.landuse:   (159/455) Completed MOFE management synthesis for 752 in 0.002s
2026-09-25 16:04:30 [INFO] wepppy.run.thinning-soil-validation-20260925.landuse:   (160/455) Completed MOFE management synthesis for 753 in 0.004s
2026-09-25 16:04:30 [INFO] wepppy.run.thinning-soil-validation-20260925.landuse:   (161/455) Completed MOFE management synthesis for 761 in 0.008s
2026-09-25 16:04:30 [INFO] wepppy.run.thinning-soil-validation-20260925.landuse:   (162/455) Completed MOFE management synthesis for 762 in 0.002s
2026-09-25 16:04:30 [INFO] wepppy.run.thinning-soil-validation-20260925.landuse:   (163/455) Completed MOFE management synthesis for 763 in 0.007s
2026-09-25 16:04:30 [INFO] wepppy.run.thinning-soil-validation-20260925.landuse:   (164/455) Completed MOFE management synthesis for 771 in 0.008s
2026-09-25 16:04:30 [INFO] wepppy.run.thinning-soil-validation-20260925.landuse:   (165/455) Completed MOFE management synthesis for 772 in 0.006s
2026-09-25 16:04:30 [INFO] wepppy.run.thinning-soil-validation-20260925.landuse:   (166/455) Completed MOFE management synthesis for 773 in 0.002s
2026-09-25 16:04:30 [INFO] wepppy.run.thinning-soil-validation-20260925.landuse:   (167/455) Completed MOFE management synthesis for 782 in 0.002s
2026-09-25 16:04:30 [INFO] wepppy.run.thinning-soil-validation-20260925.landuse:   (168/455) Completed MOFE management synthesis for 783 in 0.004s
2026-09-25 16:04:30 [INFO] wepppy.run.thinning-soil-validation-20260925.landuse:   (169/455) Completed MOFE management synthesis for 792 in 0.007s
2026-09-25 16:04:30 [INFO] wepppy.run.thinning-soil-validation-20260925.landuse:   (170/455) Completed MOFE management synthesis for 793 in 0.007s
2026-09-25 16:04:30 [INFO] wepppy.run.thinning-soil-validation-20260925.landuse:   (171/455) Completed MOFE management synthesis for 802 in 0.004s
2026-09-25 16:04:30 [INFO] wepppy.run.thinning-soil-validation-20260925.landuse:   (172/455) Completed MOFE management synthesis for 803 in 0.002s
2026-09-25 16:04:30 [INFO] wepppy.run.thinning-soil-validation-20260925.landuse:   (173/455) Completed MOFE management synthesis for 812 in 0.002s
2026-09-25 16:04:30 [INFO] wepppy.run.thinning-soil-validation-20260925.landuse:   (174/455) Completed MOFE management synthesis for 813 in 0.003s
2026-09-25 16:04:30 [INFO] wepppy.run.thinning-soil-validation-20260925.landuse:   (175/455) Completed MOFE management synthesis for 821 in 0.008s
2026-09-25 16:04:30 [INFO] wepppy.run.thinning-soil-validation-20260925.landuse:   (176/455) Completed MOFE management synthesis for 822 in 0.002s
2026-09-25 16:04:30 [INFO] wepppy.run.thinning-soil-validation-20260925.landuse:   (177/455) Completed MOFE management synthesis for 823 in 0.004s
2026-09-25 16:04:30 [INFO] wepppy.run.thinning-soil-validation-20260925.landuse:   (178/455) Completed MOFE management synthesis for 832 in 0.002s
2026-09-25 16:04:30 [INFO] wepppy.run.thinning-soil-validation-20260925.landuse:   (179/455) Completed MOFE management synthesis for 833 in 0.004s
2026-09-25 16:04:30 [INFO] wepppy.run.thinning-soil-validation-20260925.landuse:   (180/455) Completed MOFE management synthesis for 841 in 0.007s
2026-09-25 16:04:30 [INFO] wepppy.run.thinning-soil-validation-20260925.landuse:   (181/455) Completed MOFE management synthesis for 842 in 0.002s
2026-09-25 16:04:30 [INFO] wepppy.run.thinning-soil-validation-20260925.landuse:   (182/455) Completed MOFE management synthesis for 843 in 0.004s
2026-09-25 16:04:30 [INFO] wepppy.run.thinning-soil-validation-20260925.landuse:   (183/455) Completed MOFE management synthesis for 852 in 0.005s
2026-09-25 16:04:30 [INFO] wepppy.run.thinning-soil-validation-20260925.landuse:   (184/455) Completed MOFE management synthesis for 853 in 0.005s
2026-09-25 16:04:30 [INFO] wepppy.run.thinning-soil-validation-20260925.landuse:   (185/455) Completed MOFE management synthesis for 861 in 0.008s
2026-09-25 16:04:30 [INFO] wepppy.run.thinning-soil-validation-20260925.landuse:   (186/455) Completed MOFE management synthesis for 862 in 0.008s
2026-09-25 16:04:30 [INFO] wepppy.run.thinning-soil-validation-20260925.landuse:   (187/455) Completed MOFE management synthesis for 863 in 0.003s
2026-09-25 16:04:30 [INFO] wepppy.run.thinning-soil-validation-20260925.landuse:   (188/455) Completed MOFE management synthesis for 871 in 0.007s
2026-09-25 16:04:30 [INFO] wepppy.run.thinning-soil-validation-20260925.landuse:   (189/455) Completed MOFE management synthesis for 872 in 0.002s
2026-09-25 16:04:30 [INFO] wepppy.run.thinning-soil-validation-20260925.landuse:   (190/455) Completed MOFE management synthesis for 873 in 0.002s
2026-09-25 16:04:30 [INFO] wepppy.run.thinning-soil-validation-20260925.landuse:   (191/455) Completed MOFE management synthesis for 882 in 0.005s
2026-09-25 16:04:30 [INFO] wepppy.run.thinning-soil-validation-20260925.landuse:   (192/455) Completed MOFE management synthesis for 891 in 0.008s
2026-09-25 16:04:30 [INFO] wepppy.run.thinning-soil-validation-20260925.landuse:   (193/455) Completed MOFE management synthesis for 893 in 0.004s
2026-09-25 16:04:30 [INFO] wepppy.run.thinning-soil-validation-20260925.landuse:   (194/455) Completed MOFE management synthesis for 903 in 0.002s
2026-09-25 16:04:30 [INFO] wepppy.run.thinning-soil-validation-20260925.landuse:   (195/455) Completed MOFE management synthesis for 911 in 0.008s
2026-09-25 16:04:30 [INFO] wepppy.run.thinning-soil-validation-20260925.landuse:   (196/455) Completed MOFE management synthesis for 912 in 0.004s
2026-09-25 16:04:30 [INFO] wepppy.run.thinning-soil-validation-20260925.landuse:   (197/455) Completed MOFE management synthesis for 913 in 0.004s
2026-09-25 16:04:30 [INFO] wepppy.run.thinning-soil-validation-20260925.landuse:   (198/455) Completed MOFE management synthesis for 923 in 0.002s
2026-09-25 16:04:30 [INFO] wepppy.run.thinning-soil-validation-20260925.landuse:   (199/455) Completed MOFE management synthesis for 931 in 0.009s
2026-09-25 16:04:30 [INFO] wepppy.run.thinning-soil-validation-20260925.landuse:   (200/455) Completed MOFE management synthesis for 932 in 0.008s
2026-09-25 16:04:30 [INFO] wepppy.run.thinning-soil-validation-20260925.landuse:   (201/455) Completed MOFE management synthesis for 941 in 0.005s
2026-09-25 16:04:30 [INFO] wepppy.run.thinning-soil-validation-20260925.landuse:   (202/455) Completed MOFE management synthesis for 942 in 0.002s
2026-09-25 16:04:30 [INFO] wepppy.run.thinning-soil-validation-20260925.landuse:   (203/455) Completed MOFE management synthesis for 943 in 0.002s
2026-09-25 16:04:30 [INFO] wepppy.run.thinning-soil-validation-20260925.landuse:   (204/455) Completed MOFE management synthesis for 951 in 0.008s
2026-09-25 16:04:30 [INFO] wepppy.run.thinning-soil-validation-20260925.landuse:   (205/455) Completed MOFE management synthesis for 961 in 0.007s
2026-09-25 16:04:30 [INFO] wepppy.run.thinning-soil-validation-20260925.landuse:   (206/455) Completed MOFE management synthesis for 962 in 0.004s
2026-09-25 16:04:30 [INFO] wepppy.run.thinning-soil-validation-20260925.landuse:   (207/455) Completed MOFE management synthesis for 963 in 0.002s
2026-09-25 16:04:30 [INFO] wepppy.run.thinning-soil-validation-20260925.landuse:   (208/455) Completed MOFE management synthesis for 971 in 0.008s
2026-09-25 16:04:30 [INFO] wepppy.run.thinning-soil-validation-20260925.landuse:   (209/455) Completed MOFE management synthesis for 983 in 0.007s
2026-09-25 16:04:30 [INFO] wepppy.run.thinning-soil-validation-20260925.landuse:   (210/455) Completed MOFE management synthesis for 992 in 0.002s
2026-09-25 16:04:30 [INFO] wepppy.run.thinning-soil-validation-20260925.landuse:   (211/455) Completed MOFE management synthesis for 993 in 0.002s
2026-09-25 16:04:30 [INFO] wepppy.run.thinning-soil-validation-20260925.landuse:   (212/455) Completed MOFE management synthesis for 1003 in 0.002s
2026-09-25 16:04:30 [INFO] wepppy.run.thinning-soil-validation-20260925.landuse:   (213/455) Completed MOFE management synthesis for 1012 in 0.002s
2026-09-25 16:04:30 [INFO] wepppy.run.thinning-soil-validation-20260925.landuse:   (214/455) Completed MOFE management synthesis for 1013 in 0.001s
2026-09-25 16:04:30 [INFO] wepppy.run.thinning-soil-validation-20260925.landuse:   (215/455) Completed MOFE management synthesis for 1022 in 0.005s
2026-09-25 16:04:30 [INFO] wepppy.run.thinning-soil-validation-20260925.landuse:   (216/455) Completed MOFE management synthesis for 1023 in 0.001s
2026-09-25 16:04:30 [INFO] wepppy.run.thinning-soil-validation-20260925.landuse:   (217/455) Completed MOFE management synthesis for 1031 in 0.007s
2026-09-25 16:04:30 [INFO] wepppy.run.thinning-soil-validation-20260925.landuse:   (218/455) Completed MOFE management synthesis for 1032 in 0.002s
2026-09-25 16:04:30 [INFO] wepppy.run.thinning-soil-validation-20260925.landuse:   (219/455) Completed MOFE management synthesis for 1033 in 0.002s
2026-09-25 16:04:30 [INFO] wepppy.run.thinning-soil-validation-20260925.landuse:   (220/455) Completed MOFE management synthesis for 1041 in 0.007s
2026-09-25 16:04:30 [INFO] wepppy.run.thinning-soil-validation-20260925.landuse:   (221/455) Completed MOFE management synthesis for 1042 in 0.001s
2026-09-25 16:04:30 [INFO] wepppy.run.thinning-soil-validation-20260925.landuse:   (222/455) Completed MOFE management synthesis for 1061 in 0.007s
2026-09-25 16:04:30 [INFO] wepppy.run.thinning-soil-validation-20260925.landuse:   (223/455) Completed MOFE management synthesis for 1062 in 0.002s
2026-09-25 16:04:30 [INFO] wepppy.run.thinning-soil-validation-20260925.landuse:   (224/455) Completed MOFE management synthesis for 1063 in 0.001s
2026-09-25 16:04:30 [INFO] wepppy.run.thinning-soil-validation-20260925.landuse:   (225/455) Completed MOFE management synthesis for 1071 in 0.005s
2026-09-25 16:04:30 [INFO] wepppy.run.thinning-soil-validation-20260925.landuse:   (226/455) Completed MOFE management synthesis for 1083 in 0.002s
2026-09-25 16:04:30 [INFO] wepppy.run.thinning-soil-validation-20260925.landuse:   (227/455) Completed MOFE management synthesis for 1101 in 0.006s
2026-09-25 16:04:30 [INFO] wepppy.run.thinning-soil-validation-20260925.landuse:   (228/455) Completed MOFE management synthesis for 1102 in 0.001s
2026-09-25 16:04:30 [INFO] wepppy.run.thinning-soil-validation-20260925.landuse:   (229/455) Completed MOFE management synthesis for 1103 in 0.002s
2026-09-25 16:04:30 [INFO] wepppy.run.thinning-soil-validation-20260925.landuse:   (230/455) Completed MOFE management synthesis for 1112 in 0.001s
2026-09-25 16:04:30 [INFO] wepppy.run.thinning-soil-validation-20260925.landuse:   (231/455) Completed MOFE management synthesis for 1113 in 0.001s
2026-09-25 16:04:30 [INFO] wepppy.run.thinning-soil-validation-20260925.landuse:   (232/455) Completed MOFE management synthesis for 1121 in 0.007s
2026-09-25 16:04:30 [INFO] wepppy.run.thinning-soil-validation-20260925.landuse:   (233/455) Completed MOFE management synthesis for 1122 in 0.007s
2026-09-25 16:04:30 [INFO] wepppy.run.thinning-soil-validation-20260925.landuse:   (234/455) Completed MOFE management synthesis for 1123 in 0.002s
2026-09-25 16:04:30 [INFO] wepppy.run.thinning-soil-validation-20260925.landuse:   (235/455) Completed MOFE management synthesis for 1131 in 0.007s
2026-09-25 16:04:30 [INFO] wepppy.run.thinning-soil-validation-20260925.landuse:   (236/455) Completed MOFE management synthesis for 1133 in 0.001s
2026-09-25 16:04:30 [INFO] wepppy.run.thinning-soil-validation-20260925.landuse:   (237/455) Completed MOFE management synthesis for 1141 in 0.007s
2026-09-25 16:04:30 [INFO] wepppy.run.thinning-soil-validation-20260925.landuse:   (238/455) Completed MOFE management synthesis for 1142 in 0.002s
2026-09-25 16:04:30 [INFO] wepppy.run.thinning-soil-validation-20260925.landuse:   (239/455) Completed MOFE management synthesis for 1151 in 0.005s
2026-09-25 16:04:30 [INFO] wepppy.run.thinning-soil-validation-20260925.landuse:   (240/455) Completed MOFE management synthesis for 1152 in 0.002s
2026-09-25 16:04:30 [INFO] wepppy.run.thinning-soil-validation-20260925.landuse:   (241/455) Completed MOFE management synthesis for 1153 in 0.005s
2026-09-25 16:04:30 [INFO] wepppy.run.thinning-soil-validation-20260925.landuse:   (242/455) Completed MOFE management synthesis for 1162 in 0.004s
2026-09-25 16:04:30 [INFO] wepppy.run.thinning-soil-validation-20260925.landuse:   (243/455) Completed MOFE management synthesis for 1163 in 0.005s
2026-09-25 16:04:30 [INFO] wepppy.run.thinning-soil-validation-20260925.landuse:   (244/455) Completed MOFE management synthesis for 1172 in 0.005s
2026-09-25 16:04:30 [INFO] wepppy.run.thinning-soil-validation-20260925.landuse:   (245/455) Completed MOFE management synthesis for 1173 in 0.002s
2026-09-25 16:04:30 [INFO] wepppy.run.thinning-soil-validation-20260925.landuse:   (246/455) Completed MOFE management synthesis for 1182 in 0.002s
2026-09-25 16:04:30 [INFO] wepppy.run.thinning-soil-validation-20260925.landuse:   (247/455) Completed MOFE management synthesis for 1192 in 0.004s
2026-09-25 16:04:30 [INFO] wepppy.run.thinning-soil-validation-20260925.landuse:   (248/455) Completed MOFE management synthesis for 1193 in 0.002s
2026-09-25 16:04:30 [INFO] wepppy.run.thinning-soil-validation-20260925.landuse:   (249/455) Completed MOFE management synthesis for 1202 in 0.002s
2026-09-25 16:04:30 [INFO] wepppy.run.thinning-soil-validation-20260925.landuse:   (250/455) Completed MOFE management synthesis for 1203 in 0.002s
2026-09-25 16:04:30 [INFO] wepppy.run.thinning-soil-validation-20260925.landuse:   (251/455) Completed MOFE management synthesis for 1211 in 0.007s
2026-09-25 16:04:30 [INFO] wepppy.run.thinning-soil-validation-20260925.landuse:   (252/455) Completed MOFE management synthesis for 1212 in 0.002s
2026-09-25 16:04:30 [INFO] wepppy.run.thinning-soil-validation-20260925.landuse:   (253/455) Completed MOFE management synthesis for 1213 in 0.004s
2026-09-25 16:04:30 [INFO] wepppy.run.thinning-soil-validation-20260925.landuse:   (254/455) Completed MOFE management synthesis for 1221 in 0.009s
2026-09-25 16:04:30 [INFO] wepppy.run.thinning-soil-validation-20260925.landuse:   (255/455) Completed MOFE management synthesis for 1222 in 0.002s
2026-09-25 16:04:30 [INFO] wepppy.run.thinning-soil-validation-20260925.landuse:   (256/455) Completed MOFE management synthesis for 1223 in 0.004s
2026-09-25 16:04:30 [INFO] wepppy.run.thinning-soil-validation-20260925.landuse:   (257/455) Completed MOFE management synthesis for 1232 in 0.005s
2026-09-25 16:04:30 [INFO] wepppy.run.thinning-soil-validation-20260925.landuse:   (258/455) Completed MOFE management synthesis for 1233 in 0.004s
2026-09-25 16:04:30 [INFO] wepppy.run.thinning-soil-validation-20260925.landuse:   (259/455) Completed MOFE management synthesis for 1241 in 0.007s
2026-09-25 16:04:30 [INFO] wepppy.run.thinning-soil-validation-20260925.landuse:   (260/455) Completed MOFE management synthesis for 1242 in 0.002s
2026-09-25 16:04:30 [INFO] wepppy.run.thinning-soil-validation-20260925.landuse:   (261/455) Completed MOFE management synthesis for 1243 in 0.002s
2026-09-25 16:04:30 [INFO] wepppy.run.thinning-soil-validation-20260925.landuse:   (262/455) Completed MOFE management synthesis for 1251 in 0.007s
2026-09-25 16:04:30 [INFO] wepppy.run.thinning-soil-validation-20260925.landuse:   (263/455) Completed MOFE management synthesis for 1252 in 0.002s
2026-09-25 16:04:30 [INFO] wepppy.run.thinning-soil-validation-20260925.landuse:   (264/455) Completed MOFE management synthesis for 1253 in 0.002s
2026-09-25 16:04:30 [INFO] wepppy.run.thinning-soil-validation-20260925.landuse:   (265/455) Completed MOFE management synthesis for 1262 in 0.002s
2026-09-25 16:04:30 [INFO] wepppy.run.thinning-soil-validation-20260925.landuse:   (266/455) Completed MOFE management synthesis for 1263 in 0.004s
2026-09-25 16:04:30 [INFO] wepppy.run.thinning-soil-validation-20260925.landuse:   (267/455) Completed MOFE management synthesis for 1281 in 0.008s
2026-09-25 16:04:30 [INFO] wepppy.run.thinning-soil-validation-20260925.landuse:   (268/455) Completed MOFE management synthesis for 1282 in 0.002s
2026-09-25 16:04:30 [INFO] wepppy.run.thinning-soil-validation-20260925.landuse:   (269/455) Completed MOFE management synthesis for 1283 in 0.002s
2026-09-25 16:04:30 [INFO] wepppy.run.thinning-soil-validation-20260925.landuse:   (270/455) Completed MOFE management synthesis for 1292 in 0.008s
2026-09-25 16:04:30 [INFO] wepppy.run.thinning-soil-validation-20260925.landuse:   (271/455) Completed MOFE management synthesis for 1293 in 0.006s
2026-09-25 16:04:30 [INFO] wepppy.run.thinning-soil-validation-20260925.landuse:   (272/455) Completed MOFE management synthesis for 1302 in 0.002s
2026-09-25 16:04:30 [INFO] wepppy.run.thinning-soil-validation-20260925.landuse:   (273/455) Completed MOFE management synthesis for 1303 in 0.008s
2026-09-25 16:04:30 [INFO] wepppy.run.thinning-soil-validation-20260925.landuse:   (274/455) Completed MOFE management synthesis for 1311 in 0.005s
2026-09-25 16:04:30 [INFO] wepppy.run.thinning-soil-validation-20260925.landuse:   (275/455) Completed MOFE management synthesis for 1312 in 0.004s
2026-09-25 16:04:30 [INFO] wepppy.run.thinning-soil-validation-20260925.landuse:   (276/455) Completed MOFE management synthesis for 1313 in 0.004s
2026-09-25 16:04:30 [INFO] wepppy.run.thinning-soil-validation-20260925.landuse:   (277/455) Completed MOFE management synthesis for 1321 in 0.008s
2026-09-25 16:04:30 [INFO] wepppy.run.thinning-soil-validation-20260925.landuse:   (278/455) Completed MOFE management synthesis for 1322 in 0.002s
2026-09-25 16:04:30 [INFO] wepppy.run.thinning-soil-validation-20260925.landuse:   (279/455) Completed MOFE management synthesis for 1323 in 0.002s
2026-09-25 16:04:30 [INFO] wepppy.run.thinning-soil-validation-20260925.landuse:   (280/455) Completed MOFE management synthesis for 1331 in 0.009s
2026-09-25 16:04:30 [INFO] wepppy.run.thinning-soil-validation-20260925.landuse:   (281/455) Completed MOFE management synthesis for 1342 in 0.002s
2026-09-25 16:04:30 [INFO] wepppy.run.thinning-soil-validation-20260925.landuse:   (282/455) Completed MOFE management synthesis for 1343 in 0.002s
2026-09-25 16:04:30 [INFO] wepppy.run.thinning-soil-validation-20260925.landuse:   (283/455) Completed MOFE management synthesis for 1352 in 0.004s
2026-09-25 16:04:30 [INFO] wepppy.run.thinning-soil-validation-20260925.landuse:   (284/455) Completed MOFE management synthesis for 1353 in 0.002s
2026-09-25 16:04:30 [INFO] wepppy.run.thinning-soil-validation-20260925.landuse:   (285/455) Completed MOFE management synthesis for 1362 in 0.003s
2026-09-25 16:04:30 [INFO] wepppy.run.thinning-soil-validation-20260925.landuse:   (286/455) Completed MOFE management synthesis for 1363 in 0.002s
2026-09-25 16:04:30 [INFO] wepppy.run.thinning-soil-validation-20260925.landuse:   (287/455) Completed MOFE management synthesis for 1371 in 0.009s
2026-09-25 16:04:30 [INFO] wepppy.run.thinning-soil-validation-20260925.landuse:   (288/455) Completed MOFE management synthesis for 1372 in 0.004s
2026-09-25 16:04:30 [INFO] wepppy.run.thinning-soil-validation-20260925.landuse:   (289/455) Completed MOFE management synthesis for 1373 in 0.004s
2026-09-25 16:04:30 [INFO] wepppy.run.thinning-soil-validation-20260925.landuse:   (290/455) Completed MOFE management synthesis for 1381 in 0.008s
2026-09-25 16:04:30 [INFO] wepppy.run.thinning-soil-validation-20260925.landuse:   (291/455) Completed MOFE management synthesis for 1382 in 0.002s
2026-09-25 16:04:30 [INFO] wepppy.run.thinning-soil-validation-20260925.landuse:   (292/455) Completed MOFE management synthesis for 1383 in 0.005s
2026-09-25 16:04:30 [INFO] wepppy.run.thinning-soil-validation-20260925.landuse:   (293/455) Completed MOFE management synthesis for 1391 in 0.006s
2026-09-25 16:04:30 [INFO] wepppy.run.thinning-soil-validation-20260925.landuse:   (294/455) Completed MOFE management synthesis for 1392 in 0.002s
2026-09-25 16:04:30 [INFO] wepppy.run.thinning-soil-validation-20260925.landuse:   (295/455) Completed MOFE management synthesis for 1393 in 0.003s
2026-09-25 16:04:30 [INFO] wepppy.run.thinning-soil-validation-20260925.landuse:   (296/455) Completed MOFE management synthesis for 1401 in 0.005s
2026-09-25 16:04:30 [INFO] wepppy.run.thinning-soil-validation-20260925.landuse:   (297/455) Completed MOFE management synthesis for 1402 in 0.003s
2026-09-25 16:04:30 [INFO] wepppy.run.thinning-soil-validation-20260925.landuse:   (298/455) Completed MOFE management synthesis for 1403 in 0.003s
2026-09-25 16:04:30 [INFO] wepppy.run.thinning-soil-validation-20260925.landuse:   (299/455) Completed MOFE management synthesis for 1412 in 0.002s
2026-09-25 16:04:30 [INFO] wepppy.run.thinning-soil-validation-20260925.landuse:   (300/455) Completed MOFE management synthesis for 1413 in 0.005s
2026-09-25 16:04:30 [INFO] wepppy.run.thinning-soil-validation-20260925.landuse:   (301/455) Completed MOFE management synthesis for 1421 in 0.007s
2026-09-25 16:04:30 [INFO] wepppy.run.thinning-soil-validation-20260925.landuse:   (302/455) Completed MOFE management synthesis for 1422 in 0.001s
2026-09-25 16:04:30 [INFO] wepppy.run.thinning-soil-validation-20260925.landuse:   (303/455) Completed MOFE management synthesis for 1423 in 0.005s
2026-09-25 16:04:30 [INFO] wepppy.run.thinning-soil-validation-20260925.landuse:   (304/455) Completed MOFE management synthesis for 1431 in 0.007s
2026-09-25 16:04:30 [INFO] wepppy.run.thinning-soil-validation-20260925.landuse:   (305/455) Completed MOFE management synthesis for 1432 in 0.004s
2026-09-25 16:04:30 [INFO] wepppy.run.thinning-soil-validation-20260925.landuse:   (306/455) Completed MOFE management synthesis for 1433 in 0.001s
2026-09-25 16:04:30 [INFO] wepppy.run.thinning-soil-validation-20260925.landuse:   (307/455) Completed MOFE management synthesis for 1441 in 0.007s
2026-09-25 16:04:30 [INFO] wepppy.run.thinning-soil-validation-20260925.landuse:   (308/455) Completed MOFE management synthesis for 1442 in 0.004s
2026-09-25 16:04:30 [INFO] wepppy.run.thinning-soil-validation-20260925.landuse:   (309/455) Completed MOFE management synthesis for 1443 in 0.002s
2026-09-25 16:04:30 [INFO] wepppy.run.thinning-soil-validation-20260925.landuse:   (310/455) Completed MOFE management synthesis for 1453 in 0.001s
2026-09-25 16:04:30 [INFO] wepppy.run.thinning-soil-validation-20260925.landuse:   (311/455) Completed MOFE management synthesis for 1462 in 0.002s
2026-09-25 16:04:30 [INFO] wepppy.run.thinning-soil-validation-20260925.landuse:   (312/455) Completed MOFE management synthesis for 1463 in 0.004s
2026-09-25 16:04:30 [INFO] wepppy.run.thinning-soil-validation-20260925.landuse:   (313/455) Completed MOFE management synthesis for 1472 in 0.002s
2026-09-25 16:04:30 [INFO] wepppy.run.thinning-soil-validation-20260925.landuse:   (314/455) Completed MOFE management synthesis for 1473 in 0.004s
2026-09-25 16:04:30 [INFO] wepppy.run.thinning-soil-validation-20260925.landuse:   (315/455) Completed MOFE management synthesis for 1482 in 0.001s
2026-09-25 16:04:30 [INFO] wepppy.run.thinning-soil-validation-20260925.landuse:   (316/455) Completed MOFE management synthesis for 1483 in 0.003s
2026-09-25 16:04:30 [INFO] wepppy.run.thinning-soil-validation-20260925.landuse:   (317/455) Completed MOFE management synthesis for 1491 in 0.005s
2026-09-25 16:04:30 [INFO] wepppy.run.thinning-soil-validation-20260925.landuse:   (318/455) Completed MOFE management synthesis for 1492 in 0.001s
2026-09-25 16:04:30 [INFO] wepppy.run.thinning-soil-validation-20260925.landuse:   (319/455) Completed MOFE management synthesis for 1493 in 0.001s
2026-09-25 16:04:30 [INFO] wepppy.run.thinning-soil-validation-20260925.landuse:   (320/455) Completed MOFE management synthesis for 1502 in 0.004s
2026-09-25 16:04:30 [INFO] wepppy.run.thinning-soil-validation-20260925.landuse:   (321/455) Completed MOFE management synthesis for 1503 in 0.002s
2026-09-25 16:04:30 [INFO] wepppy.run.thinning-soil-validation-20260925.landuse:   (322/455) Completed MOFE management synthesis for 1511 in 0.005s
2026-09-25 16:04:30 [INFO] wepppy.run.thinning-soil-validation-20260925.landuse:   (323/455) Completed MOFE management synthesis for 1512 in 0.002s
2026-09-25 16:04:30 [INFO] wepppy.run.thinning-soil-validation-20260925.landuse:   (324/455) Completed MOFE management synthesis for 1513 in 0.001s
2026-09-25 16:04:30 [INFO] wepppy.run.thinning-soil-validation-20260925.landuse:   (325/455) Completed MOFE management synthesis for 1521 in 0.008s
2026-09-25 16:04:30 [INFO] wepppy.run.thinning-soil-validation-20260925.landuse:   (326/455) Completed MOFE management synthesis for 1522 in 0.006s
2026-09-25 16:04:30 [INFO] wepppy.run.thinning-soil-validation-20260925.landuse:   (327/455) Completed MOFE management synthesis for 1523 in 0.002s
2026-09-25 16:04:30 [INFO] wepppy.run.thinning-soil-validation-20260925.landuse:   (328/455) Completed MOFE management synthesis for 1531 in 0.007s
2026-09-25 16:04:30 [INFO] wepppy.run.thinning-soil-validation-20260925.landuse:   (329/455) Completed MOFE management synthesis for 1532 in 0.002s
2026-09-25 16:04:30 [INFO] wepppy.run.thinning-soil-validation-20260925.landuse:   (330/455) Completed MOFE management synthesis for 1552 in 0.002s
2026-09-25 16:04:30 [INFO] wepppy.run.thinning-soil-validation-20260925.landuse:   (331/455) Completed MOFE management synthesis for 1553 in 0.005s
2026-09-25 16:04:30 [INFO] wepppy.run.thinning-soil-validation-20260925.landuse:   (332/455) Completed MOFE management synthesis for 1562 in 0.005s
2026-09-25 16:04:30 [INFO] wepppy.run.thinning-soil-validation-20260925.landuse:   (333/455) Completed MOFE management synthesis for 1563 in 0.004s
2026-09-25 16:04:30 [INFO] wepppy.run.thinning-soil-validation-20260925.landuse:   (334/455) Completed MOFE management synthesis for 1571 in 0.007s
2026-09-25 16:04:30 [INFO] wepppy.run.thinning-soil-validation-20260925.landuse:   (335/455) Completed MOFE management synthesis for 1572 in 0.002s
2026-09-25 16:04:30 [INFO] wepppy.run.thinning-soil-validation-20260925.landuse:   (336/455) Completed MOFE management synthesis for 1573 in 0.002s
2026-09-25 16:04:30 [INFO] wepppy.run.thinning-soil-validation-20260925.landuse:   (337/455) Completed MOFE management synthesis for 1582 in 0.004s
2026-09-25 16:04:30 [INFO] wepppy.run.thinning-soil-validation-20260925.landuse:   (338/455) Completed MOFE management synthesis for 1583 in 0.002s
2026-09-25 16:04:30 [INFO] wepppy.run.thinning-soil-validation-20260925.landuse:   (339/455) Completed MOFE management synthesis for 1592 in 0.006s
2026-09-25 16:04:30 [INFO] wepppy.run.thinning-soil-validation-20260925.landuse:   (340/455) Completed MOFE management synthesis for 1593 in 0.003s
2026-09-25 16:04:30 [INFO] wepppy.run.thinning-soil-validation-20260925.landuse:   (341/455) Completed MOFE management synthesis for 1601 in 0.007s
2026-09-25 16:04:30 [INFO] wepppy.run.thinning-soil-validation-20260925.landuse:   (342/455) Completed MOFE management synthesis for 1602 in 0.003s
2026-09-25 16:04:30 [INFO] wepppy.run.thinning-soil-validation-20260925.landuse:   (343/455) Completed MOFE management synthesis for 1611 in 0.008s
2026-09-25 16:04:30 [INFO] wepppy.run.thinning-soil-validation-20260925.landuse:   (344/455) Completed MOFE management synthesis for 1612 in 0.002s
2026-09-25 16:04:30 [INFO] wepppy.run.thinning-soil-validation-20260925.landuse:   (345/455) Completed MOFE management synthesis for 1613 in 0.004s
2026-09-25 16:04:30 [INFO] wepppy.run.thinning-soil-validation-20260925.landuse:   (346/455) Completed MOFE management synthesis for 1622 in 0.004s
2026-09-25 16:04:30 [INFO] wepppy.run.thinning-soil-validation-20260925.landuse:   (347/455) Completed MOFE management synthesis for 1623 in 0.004s
2026-09-25 16:04:30 [INFO] wepppy.run.thinning-soil-validation-20260925.landuse:   (348/455) Completed MOFE management synthesis for 1631 in 0.008s
2026-09-25 16:04:30 [INFO] wepppy.run.thinning-soil-validation-20260925.landuse:   (349/455) Completed MOFE management synthesis for 1632 in 0.002s
2026-09-25 16:04:30 [INFO] wepppy.run.thinning-soil-validation-20260925.landuse:   (350/455) Completed MOFE management synthesis for 1633 in 0.002s
2026-09-25 16:04:30 [INFO] wepppy.run.thinning-soil-validation-20260925.landuse:   (351/455) Completed MOFE management synthesis for 1641 in 0.008s
2026-09-25 16:04:30 [INFO] wepppy.run.thinning-soil-validation-20260925.landuse:   (352/455) Completed MOFE management synthesis for 1642 in 0.002s
2026-09-25 16:04:30 [INFO] wepppy.run.thinning-soil-validation-20260925.landuse:   (353/455) Completed MOFE management synthesis for 1643 in 0.004s
2026-09-25 16:04:30 [INFO] wepppy.run.thinning-soil-validation-20260925.landuse:   (354/455) Completed MOFE management synthesis for 1652 in 0.005s
2026-09-25 16:04:30 [INFO] wepppy.run.thinning-soil-validation-20260925.landuse:   (355/455) Completed MOFE management synthesis for 1653 in 0.004s
2026-09-25 16:04:30 [INFO] wepppy.run.thinning-soil-validation-20260925.landuse:   (356/455) Completed MOFE management synthesis for 1663 in 0.007s
2026-09-25 16:04:30 [INFO] wepppy.run.thinning-soil-validation-20260925.landuse:   (357/455) Completed MOFE management synthesis for 1671 in 0.008s
2026-09-25 16:04:30 [INFO] wepppy.run.thinning-soil-validation-20260925.landuse:   (358/455) Completed MOFE management synthesis for 1672 in 0.004s
2026-09-25 16:04:30 [INFO] wepppy.run.thinning-soil-validation-20260925.landuse:   (359/455) Completed MOFE management synthesis for 1673 in 0.002s
2026-09-25 16:04:30 [INFO] wepppy.run.thinning-soil-validation-20260925.landuse:   (360/455) Completed MOFE management synthesis for 1682 in 0.005s
2026-09-25 16:04:30 [INFO] wepppy.run.thinning-soil-validation-20260925.landuse:   (361/455) Completed MOFE management synthesis for 1683 in 0.005s
2026-09-25 16:04:30 [INFO] wepppy.run.thinning-soil-validation-20260925.landuse:   (362/455) Completed MOFE management synthesis for 1692 in 0.004s
2026-09-25 16:04:30 [INFO] wepppy.run.thinning-soil-validation-20260925.landuse:   (363/455) Completed MOFE management synthesis for 1693 in 0.002s
2026-09-25 16:04:30 [INFO] wepppy.run.thinning-soil-validation-20260925.landuse:   (364/455) Completed MOFE management synthesis for 1702 in 0.006s
2026-09-25 16:04:30 [INFO] wepppy.run.thinning-soil-validation-20260925.landuse:   (365/455) Completed MOFE management synthesis for 1703 in 0.002s
2026-09-25 16:04:30 [INFO] wepppy.run.thinning-soil-validation-20260925.landuse:   (366/455) Completed MOFE management synthesis for 1711 in 0.006s
2026-09-25 16:04:30 [INFO] wepppy.run.thinning-soil-validation-20260925.landuse:   (367/455) Completed MOFE management synthesis for 1712 in 0.004s
2026-09-25 16:04:30 [INFO] wepppy.run.thinning-soil-validation-20260925.landuse:   (368/455) Completed MOFE management synthesis for 1713 in 0.004s
2026-09-25 16:04:30 [INFO] wepppy.run.thinning-soil-validation-20260925.landuse:   (369/455) Completed MOFE management synthesis for 1721 in 0.008s
2026-09-25 16:04:30 [INFO] wepppy.run.thinning-soil-validation-20260925.landuse:   (370/455) Completed MOFE management synthesis for 1722 in 0.002s
2026-09-25 16:04:30 [INFO] wepppy.run.thinning-soil-validation-20260925.landuse:   (371/455) Completed MOFE management synthesis for 1723 in 0.005s
2026-09-25 16:04:30 [INFO] wepppy.run.thinning-soil-validation-20260925.landuse:   (372/455) Completed MOFE management synthesis for 1732 in 0.002s
2026-09-25 16:04:30 [INFO] wepppy.run.thinning-soil-validation-20260925.landuse:   (373/455) Completed MOFE management synthesis for 1733 in 0.002s
2026-09-25 16:04:30 [INFO] wepppy.run.thinning-soil-validation-20260925.landuse:   (374/455) Completed MOFE management synthesis for 1742 in 0.004s
2026-09-25 16:04:30 [INFO] wepppy.run.thinning-soil-validation-20260925.landuse:   (375/455) Completed MOFE management synthesis for 1743 in 0.003s
2026-09-25 16:04:30 [INFO] wepppy.run.thinning-soil-validation-20260925.landuse:   (376/455) Completed MOFE management synthesis for 1752 in 0.008s
2026-09-25 16:04:30 [INFO] wepppy.run.thinning-soil-validation-20260925.landuse:   (377/455) Completed MOFE management synthesis for 1753 in 0.002s
2026-09-25 16:04:30 [INFO] wepppy.run.thinning-soil-validation-20260925.landuse:   (378/455) Completed MOFE management synthesis for 1761 in 0.008s
2026-09-25 16:04:30 [INFO] wepppy.run.thinning-soil-validation-20260925.landuse:   (379/455) Completed MOFE management synthesis for 1762 in 0.002s
2026-09-25 16:04:30 [INFO] wepppy.run.thinning-soil-validation-20260925.landuse:   (380/455) Completed MOFE management synthesis for 1763 in 0.004s
2026-09-25 16:04:30 [INFO] wepppy.run.thinning-soil-validation-20260925.landuse:   (381/455) Completed MOFE management synthesis for 1771 in 0.007s
2026-09-25 16:04:30 [INFO] wepppy.run.thinning-soil-validation-20260925.landuse:   (382/455) Completed MOFE management synthesis for 1772 in 0.002s
2026-09-25 16:04:30 [INFO] wepppy.run.thinning-soil-validation-20260925.landuse:   (383/455) Completed MOFE management synthesis for 1773 in 0.002s
2026-09-25 16:04:30 [INFO] wepppy.run.thinning-soil-validation-20260925.landuse:   (384/455) Completed MOFE management synthesis for 1781 in 0.008s
2026-09-25 16:04:30 [INFO] wepppy.run.thinning-soil-validation-20260925.landuse:   (385/455) Completed MOFE management synthesis for 1782 in 0.002s
2026-09-25 16:04:30 [INFO] wepppy.run.thinning-soil-validation-20260925.landuse:   (386/455) Completed MOFE management synthesis for 1783 in 0.002s
2026-09-25 16:04:30 [INFO] wepppy.run.thinning-soil-validation-20260925.landuse:   (387/455) Completed MOFE management synthesis for 1791 in 0.006s
2026-09-25 16:04:30 [INFO] wepppy.run.thinning-soil-validation-20260925.landuse:   (388/455) Completed MOFE management synthesis for 1792 in 0.002s
2026-09-25 16:04:30 [INFO] wepppy.run.thinning-soil-validation-20260925.landuse:   (389/455) Completed MOFE management synthesis for 1793 in 0.002s
2026-09-25 16:04:30 [INFO] wepppy.run.thinning-soil-validation-20260925.landuse:   (390/455) Completed MOFE management synthesis for 1801 in 0.008s
2026-09-25 16:04:30 [INFO] wepppy.run.thinning-soil-validation-20260925.landuse:   (391/455) Completed MOFE management synthesis for 1811 in 0.008s
2026-09-25 16:04:30 [INFO] wepppy.run.thinning-soil-validation-20260925.landuse:   (392/455) Completed MOFE management synthesis for 1812 in 0.006s
2026-09-25 16:04:30 [INFO] wepppy.run.thinning-soil-validation-20260925.landuse:   (393/455) Completed MOFE management synthesis for 1821 in 0.006s
2026-09-25 16:04:30 [INFO] wepppy.run.thinning-soil-validation-20260925.landuse:   (394/455) Completed MOFE management synthesis for 1822 in 0.001s
2026-09-25 16:04:30 [INFO] wepppy.run.thinning-soil-validation-20260925.landuse:   (395/455) Completed MOFE management synthesis for 1823 in 0.001s
2026-09-25 16:04:30 [INFO] wepppy.run.thinning-soil-validation-20260925.landuse:   (396/455) Completed MOFE management synthesis for 1831 in 0.009s
2026-09-25 16:04:30 [INFO] wepppy.run.thinning-soil-validation-20260925.landuse:   (397/455) Completed MOFE management synthesis for 1832 in 0.003s
2026-09-25 16:04:30 [INFO] wepppy.run.thinning-soil-validation-20260925.landuse:   (398/455) Completed MOFE management synthesis for 1833 in 0.002s
2026-09-25 16:04:30 [INFO] wepppy.run.thinning-soil-validation-20260925.landuse:   (399/455) Completed MOFE management synthesis for 1842 in 0.007s
2026-09-25 16:04:30 [INFO] wepppy.run.thinning-soil-validation-20260925.landuse:   (400/455) Completed MOFE management synthesis for 1843 in 0.001s
2026-09-25 16:04:30 [INFO] wepppy.run.thinning-soil-validation-20260925.landuse:   (401/455) Completed MOFE management synthesis for 1851 in 0.006s
2026-09-25 16:04:30 [INFO] wepppy.run.thinning-soil-validation-20260925.landuse:   (402/455) Completed MOFE management synthesis for 1853 in 0.002s
2026-09-25 16:04:30 [INFO] wepppy.run.thinning-soil-validation-20260925.landuse:   (403/455) Completed MOFE management synthesis for 1861 in 0.007s
2026-09-25 16:04:30 [INFO] wepppy.run.thinning-soil-validation-20260925.landuse:   (404/455) Completed MOFE management synthesis for 1862 in 0.006s
2026-09-25 16:04:30 [INFO] wepppy.run.thinning-soil-validation-20260925.landuse:   (405/455) Completed MOFE management synthesis for 1863 in 0.001s
2026-09-25 16:04:30 [INFO] wepppy.run.thinning-soil-validation-20260925.landuse:   (406/455) Completed MOFE management synthesis for 1873 in 0.007s
2026-09-25 16:04:30 [INFO] wepppy.run.thinning-soil-validation-20260925.landuse:   (407/455) Completed MOFE management synthesis for 1883 in 0.004s
2026-09-25 16:04:30 [INFO] wepppy.run.thinning-soil-validation-20260925.landuse:   (408/455) Completed MOFE management synthesis for 1891 in 0.006s
2026-09-25 16:04:30 [INFO] wepppy.run.thinning-soil-validation-20260925.landuse:   (409/455) Completed MOFE management synthesis for 1892 in 0.002s
2026-09-25 16:04:30 [INFO] wepppy.run.thinning-soil-validation-20260925.landuse:   (410/455) Completed MOFE management synthesis for 1893 in 0.002s
2026-09-25 16:04:30 [INFO] wepppy.run.thinning-soil-validation-20260925.landuse:   (411/455) Completed MOFE management synthesis for 1902 in 0.008s
2026-09-25 16:04:30 [INFO] wepppy.run.thinning-soil-validation-20260925.landuse:   (412/455) Completed MOFE management synthesis for 1903 in 0.002s
2026-09-25 16:04:30 [INFO] wepppy.run.thinning-soil-validation-20260925.landuse:   (413/455) Completed MOFE management synthesis for 1912 in 0.004s
2026-09-25 16:04:30 [INFO] wepppy.run.thinning-soil-validation-20260925.landuse:   (414/455) Completed MOFE management synthesis for 1913 in 0.006s
2026-09-25 16:04:30 [INFO] wepppy.run.thinning-soil-validation-20260925.landuse:   (415/455) Completed MOFE management synthesis for 1922 in 0.002s
2026-09-25 16:04:30 [INFO] wepppy.run.thinning-soil-validation-20260925.landuse:   (416/455) Completed MOFE management synthesis for 1923 in 0.002s
2026-09-25 16:04:30 [INFO] wepppy.run.thinning-soil-validation-20260925.landuse:   (417/455) Completed MOFE management synthesis for 1931 in 0.007s
2026-09-25 16:04:30 [INFO] wepppy.run.thinning-soil-validation-20260925.landuse:   (418/455) Completed MOFE management synthesis for 1932 in 0.001s
2026-09-25 16:04:30 [INFO] wepppy.run.thinning-soil-validation-20260925.landuse:   (419/455) Completed MOFE management synthesis for 1933 in 0.001s
2026-09-25 16:04:30 [INFO] wepppy.run.thinning-soil-validation-20260925.landuse:   (420/455) Completed MOFE management synthesis for 1941 in 0.005s
2026-09-25 16:04:30 [INFO] wepppy.run.thinning-soil-validation-20260925.landuse:   (421/455) Completed MOFE management synthesis for 1942 in 0.005s
2026-09-25 16:04:30 [INFO] wepppy.run.thinning-soil-validation-20260925.landuse:   (422/455) Completed MOFE management synthesis for 1943 in 0.004s
2026-09-25 16:04:30 [INFO] wepppy.run.thinning-soil-validation-20260925.landuse:   (423/455) Completed MOFE management synthesis for 1952 in 0.004s
2026-09-25 16:04:30 [INFO] wepppy.run.thinning-soil-validation-20260925.landuse:   (424/455) Completed MOFE management synthesis for 1953 in 0.004s
2026-09-25 16:04:30 [INFO] wepppy.run.thinning-soil-validation-20260925.landuse:   (425/455) Completed MOFE management synthesis for 1962 in 0.002s
2026-09-25 16:04:30 [INFO] wepppy.run.thinning-soil-validation-20260925.landuse:   (426/455) Completed MOFE management synthesis for 1963 in 0.003s
2026-09-25 16:04:30 [INFO] wepppy.run.thinning-soil-validation-20260925.landuse:   (427/455) Completed MOFE management synthesis for 1971 in 0.011s
2026-09-25 16:04:30 [INFO] wepppy.run.thinning-soil-validation-20260925.landuse:   (428/455) Completed MOFE management synthesis for 1972 in 0.005s
2026-09-25 16:04:30 [INFO] wepppy.run.thinning-soil-validation-20260925.landuse:   (429/455) Completed MOFE management synthesis for 1973 in 0.008s
2026-09-25 16:04:30 [INFO] wepppy.run.thinning-soil-validation-20260925.landuse:   (430/455) Completed MOFE management synthesis for 1981 in 0.009s
2026-09-25 16:04:30 [INFO] wepppy.run.thinning-soil-validation-20260925.landuse:   (431/455) Completed MOFE management synthesis for 1982 in 0.003s
2026-09-25 16:04:30 [INFO] wepppy.run.thinning-soil-validation-20260925.landuse:   (432/455) Completed MOFE management synthesis for 1983 in 0.003s
2026-09-25 16:04:30 [INFO] wepppy.run.thinning-soil-validation-20260925.landuse:   (433/455) Completed MOFE management synthesis for 1991 in 0.007s
2026-09-25 16:04:30 [INFO] wepppy.run.thinning-soil-validation-20260925.landuse:   (434/455) Completed MOFE management synthesis for 1992 in 0.008s
2026-09-25 16:04:30 [INFO] wepppy.run.thinning-soil-validation-20260925.landuse:   (435/455) Completed MOFE management synthesis for 1993 in 0.003s
2026-09-25 16:04:30 [INFO] wepppy.run.thinning-soil-validation-20260925.landuse:   (436/455) Completed MOFE management synthesis for 2003 in 0.005s
2026-09-25 16:04:30 [INFO] wepppy.run.thinning-soil-validation-20260925.landuse:   (437/455) Completed MOFE management synthesis for 2011 in 0.006s
2026-09-25 16:04:30 [INFO] wepppy.run.thinning-soil-validation-20260925.landuse:   (438/455) Completed MOFE management synthesis for 2012 in 0.005s
2026-09-25 16:04:30 [INFO] wepppy.run.thinning-soil-validation-20260925.landuse:   (439/455) Completed MOFE management synthesis for 2013 in 0.003s
2026-09-25 16:04:30 [INFO] wepppy.run.thinning-soil-validation-20260925.landuse:   (440/455) Completed MOFE management synthesis for 2022 in 0.006s
2026-09-25 16:04:30 [INFO] wepppy.run.thinning-soil-validation-20260925.landuse:   (441/455) Completed MOFE management synthesis for 2032 in 0.003s
2026-09-25 16:04:30 [INFO] wepppy.run.thinning-soil-validation-20260925.landuse:   (442/455) Completed MOFE management synthesis for 2042 in 0.005s
2026-09-25 16:04:30 [INFO] wepppy.run.thinning-soil-validation-20260925.landuse:   (443/455) Completed MOFE management synthesis for 2043 in 0.003s
2026-09-25 16:04:30 [INFO] wepppy.run.thinning-soil-validation-20260925.landuse:   (444/455) Completed MOFE management synthesis for 2051 in 0.008s
2026-09-25 16:04:30 [INFO] wepppy.run.thinning-soil-validation-20260925.landuse:   (445/455) Completed MOFE management synthesis for 2052 in 0.003s
2026-09-25 16:04:30 [INFO] wepppy.run.thinning-soil-validation-20260925.landuse:   (446/455) Completed MOFE management synthesis for 2053 in 0.005s
2026-09-25 16:04:30 [INFO] wepppy.run.thinning-soil-validation-20260925.landuse:   (447/455) Completed MOFE management synthesis for 2061 in 0.008s
2026-09-25 16:04:30 [INFO] wepppy.run.thinning-soil-validation-20260925.landuse:   (448/455) Completed MOFE management synthesis for 2062 in 0.003s
2026-09-25 16:04:30 [INFO] wepppy.run.thinning-soil-validation-20260925.landuse:   (449/455) Completed MOFE management synthesis for 2063 in 0.003s
2026-09-25 16:04:30 [INFO] wepppy.run.thinning-soil-validation-20260925.landuse:   (450/455) Completed MOFE management synthesis for 2071 in 0.007s
2026-09-25 16:04:30 [INFO] wepppy.run.thinning-soil-validation-20260925.landuse:   (451/455) Completed MOFE management synthesis for 2081 in 0.008s
2026-09-25 16:04:30 [INFO] wepppy.run.thinning-soil-validation-20260925.landuse:   (452/455) Completed MOFE management synthesis for 2082 in 0.003s
2026-09-25 16:04:30 [INFO] wepppy.run.thinning-soil-validation-20260925.landuse:   (453/455) Completed MOFE management synthesis for 2083 in 0.003s
2026-09-25 16:04:30 [INFO] wepppy.run.thinning-soil-validation-20260925.landuse:   (454/455) Completed MOFE management synthesis for 2091 in 0.008s
2026-09-25 16:04:30 [INFO] wepppy.run.thinning-soil-validation-20260925.landuse:   (455/455) Completed MOFE management synthesis for 2092 in 0.005s
2026-09-25 16:04:31 [INFO] wepppy.run.thinning-soil-validation-20260925.disturbed: disturbed.on(TriggerEvents.LANDUSE_BUILD_COMPLETE)
2026-09-25 16:04:33 [INFO] wepppy.run.thinning-soil-validation-20260925.disturbed: disturbed._modify_mofe_soils_impl()
2026-09-25 16:04:33 [INFO] wepppy.run.thinning-soil-validation-20260925.soils: Disturbed::modify_mofe_soils, sol_ver: 9002.0
2026-09-25 16:04:33 [INFO] wepppy.run.thinning-soil-validation-20260925.soils: soils.dump_soils_parquet()
2026-09-25 16:04:33 [INFO] wepppy.run.thinning-soil-validation-20260925.disturbed:   Prepared MOFE soil modification plans: hillslopes=455 segments=1065 generation_tasks=455
2026-09-25 16:04:33 [INFO] wepppy.run.thinning-soil-validation-20260925.disturbed:   Prepared 455 MOFE disturbed soil generation task(s) with max_workers=48
2026-09-25 16:04:33 [INFO] wepppy.run.thinning-soil-validation-20260925.disturbed:   Submitting MOFE disturbed soil tasks to ProcessPoolExecutor
2026-09-25 16:04:38 [INFO] wepppy.run.thinning-soil-validation-20260925.disturbed:   Waiting on MOFE disturbed soil tasks (pending=455, 5.0s since last completion).
2026-09-25 16:04:43 [INFO] wepppy.run.thinning-soil-validation-20260925.disturbed:   Waiting on MOFE disturbed soil tasks (pending=455, 10.0s since last completion).
2026-09-25 16:04:48 [INFO] wepppy.run.thinning-soil-validation-20260925.disturbed:   Waiting on MOFE disturbed soil tasks (pending=455, 15.0s since last completion).
2026-09-25 16:04:53 [INFO] wepppy.run.thinning-soil-validation-20260925.disturbed:   Waiting on MOFE disturbed soil tasks (pending=455, 20.0s since last completion).
2026-09-25 16:04:58 [INFO] wepppy.run.thinning-soil-validation-20260925.disturbed:   Waiting on MOFE disturbed soil tasks (pending=455, 25.0s since last completion).
2026-09-25 16:05:29 [INFO] wepppy.run.thinning-soil-validation-20260925.disturbed:   Waiting on MOFE disturbed soil tasks (pending=395, 5.0s since last completion).
2026-09-25 16:08:07 [INFO] wepppy.run.thinning-soil-validation-20260925.disturbed:   Generating MOFE soil file with SoilMultipleOfeSynth...
2026-09-25 16:08:07 [INFO] wepppy.run.thinning-soil-validation-20260925.disturbed:   Generating MOFE soil file with SoilMultipleOfeSynth... done. (0.01s)
2026-09-25 16:08:07 [INFO] wepppy.run.thinning-soil-validation-20260925.disturbed:   Generating MOFE soil file with SoilMultipleOfeSynth...
2026-09-25 16:08:07 [INFO] wepppy.run.thinning-soil-validation-20260925.disturbed:   Generating MOFE soil file with SoilMultipleOfeSynth... done. (0.01s)
2026-09-25 16:08:07 [INFO] wepppy.run.thinning-soil-validation-20260925.disturbed:   Generating MOFE soil file with SoilMultipleOfeSynth...
2026-09-25 16:08:07 [INFO] wepppy.run.thinning-soil-validation-20260925.disturbed:   Generating MOFE soil file with SoilMultipleOfeSynth... done. (0.00s)
2026-09-25 16:08:07 [INFO] wepppy.run.thinning-soil-validation-20260925.disturbed:   Generating MOFE soil file with SoilMultipleOfeSynth...
2026-09-25 16:08:07 [INFO] wepppy.run.thinning-soil-validation-20260925.disturbed:   Generating MOFE soil file with SoilMultipleOfeSynth... done. (0.00s)
2026-09-25 16:08:07 [INFO] wepppy.run.thinning-soil-validation-20260925.disturbed:   Generating MOFE soil file with SoilMultipleOfeSynth...
2026-09-25 16:08:07 [INFO] wepppy.run.thinning-soil-validation-20260925.disturbed:   Generating MOFE soil file with SoilMultipleOfeSynth... done. (0.00s)
2026-09-25 16:08:07 [INFO] wepppy.run.thinning-soil-validation-20260925.disturbed:   Generating MOFE soil file with SoilMultipleOfeSynth...
2026-09-25 16:08:07 [INFO] wepppy.run.thinning-soil-validation-20260925.disturbed:   Generating MOFE soil file with SoilMultipleOfeSynth... done. (0.00s)
2026-09-25 16:08:07 [INFO] wepppy.run.thinning-soil-validation-20260925.disturbed:   Generating MOFE soil file with SoilMultipleOfeSynth...
2026-09-25 16:08:07 [INFO] wepppy.run.thinning-soil-validation-20260925.disturbed:   Generating MOFE soil file with SoilMultipleOfeSynth... done. (0.00s)
2026-09-25 16:08:07 [INFO] wepppy.run.thinning-soil-validation-20260925.disturbed:   Generating MOFE soil file with SoilMultipleOfeSynth...
2026-09-25 16:08:07 [INFO] wepppy.run.thinning-soil-validation-20260925.disturbed:   Generating MOFE soil file with SoilMultipleOfeSynth... done. (0.00s)
2026-09-25 16:08:07 [INFO] wepppy.run.thinning-soil-validation-20260925.disturbed:   Generating MOFE soil file with SoilMultipleOfeSynth...
2026-09-25 16:08:07 [INFO] wepppy.run.thinning-soil-validation-20260925.disturbed:   Generating MOFE soil file with SoilMultipleOfeSynth... done. (0.00s)
2026-09-25 16:08:07 [INFO] wepppy.run.thinning-soil-validation-20260925.disturbed:   Generating MOFE soil file with SoilMultipleOfeSynth...
2026-09-25 16:08:07 [INFO] wepppy.run.thinning-soil-validation-20260925.disturbed:   Generating MOFE soil file with SoilMultipleOfeSynth... done. (0.00s)
2026-09-25 16:08:07 [INFO] wepppy.run.thinning-soil-validation-20260925.disturbed:   Generating MOFE soil file with SoilMultipleOfeSynth...
2026-09-25 16:08:07 [INFO] wepppy.run.thinning-soil-validation-20260925.disturbed:   Generating MOFE soil file with SoilMultipleOfeSynth... done. (0.00s)
2026-09-25 16:08:07 [INFO] wepppy.run.thinning-soil-validation-20260925.disturbed:   Generating MOFE soil file with SoilMultipleOfeSynth...
2026-09-25 16:08:07 [INFO] wepppy.run.thinning-soil-validation-20260925.disturbed:   Generating MOFE soil file with SoilMultipleOfeSynth... done. (0.00s)
2026-09-25 16:08:07 [INFO] wepppy.run.thinning-soil-validation-20260925.disturbed:   Generating MOFE soil file with SoilMultipleOfeSynth...
2026-09-25 16:08:07 [INFO] wepppy.run.thinning-soil-validation-20260925.disturbed:   Generating MOFE soil file with SoilMultipleOfeSynth... done. (0.00s)
2026-09-25 16:08:07 [INFO] wepppy.run.thinning-soil-validation-20260925.disturbed:   Generating MOFE soil file with SoilMultipleOfeSynth...
2026-09-25 16:08:07 [INFO] wepppy.run.thinning-soil-validation-20260925.disturbed:   Generating MOFE soil file with SoilMultipleOfeSynth... done. (0.00s)
2026-09-25 16:08:07 [INFO] wepppy.run.thinning-soil-validation-20260925.disturbed:   Generating MOFE soil file with SoilMultipleOfeSynth...
2026-09-25 16:08:07 [INFO] wepppy.run.thinning-soil-validation-20260925.disturbed:   Generating MOFE soil file with SoilMultipleOfeSynth... done. (0.00s)
2026-09-25 16:08:07 [INFO] wepppy.run.thinning-soil-validation-20260925.disturbed:   Generating MOFE soil file with SoilMultipleOfeSynth...
2026-09-25 16:08:07 [INFO] wepppy.run.thinning-soil-validation-20260925.disturbed:   Generating MOFE soil file with SoilMultipleOfeSynth... done. (0.00s)
2026-09-25 16:08:07 [INFO] wepppy.run.thinning-soil-validation-20260925.disturbed:   Generating MOFE soil file with SoilMultipleOfeSynth...
2026-09-25 16:08:07 [INFO] wepppy.run.thinning-soil-validation-20260925.disturbed:   Generating MOFE soil file with SoilMultipleOfeSynth... done. (0.00s)
2026-09-25 16:08:07 [INFO] wepppy.run.thinning-soil-validation-20260925.disturbed:   Generating MOFE soil file with SoilMultipleOfeSynth...
2026-09-25 16:08:07 [INFO] wepppy.run.thinning-soil-validation-20260925.disturbed:   Generating MOFE soil file with SoilMultipleOfeSynth... done. (0.00s)
2026-09-25 16:08:07 [INFO] wepppy.run.thinning-soil-validation-20260925.disturbed:   Generating MOFE soil file with SoilMultipleOfeSynth...
2026-09-25 16:08:07 [INFO] wepppy.run.thinning-soil-validation-20260925.disturbed:   Generating MOFE soil file with SoilMultipleOfeSynth... done. (0.00s)
2026-09-25 16:08:07 [INFO] wepppy.run.thinning-soil-validation-20260925.disturbed:   Generating MOFE soil file with SoilMultipleOfeSynth...
2026-09-25 16:08:07 [INFO] wepppy.run.thinning-soil-validation-20260925.disturbed:   Generating MOFE soil file with SoilMultipleOfeSynth... done. (0.00s)
2026-09-25 16:08:07 [INFO] wepppy.run.thinning-soil-validation-20260925.disturbed:   Generating MOFE soil file with SoilMultipleOfeSynth...
2026-09-25 16:08:07 [INFO] wepppy.run.thinning-soil-validation-20260925.disturbed:   Generating MOFE soil file with SoilMultipleOfeSynth... done. (0.00s)
2026-09-25 16:08:07 [INFO] wepppy.run.thinning-soil-validation-20260925.disturbed:   Generating MOFE soil file with SoilMultipleOfeSynth...
2026-09-25 16:08:07 [INFO] wepppy.run.thinning-soil-validation-20260925.disturbed:   Generating MOFE soil file with SoilMultipleOfeSynth... done. (0.00s)
2026-09-25 16:08:07 [INFO] wepppy.run.thinning-soil-validation-20260925.disturbed:   Generating MOFE soil file with SoilMultipleOfeSynth...
2026-09-25 16:08:07 [INFO] wepppy.run.thinning-soil-validation-20260925.disturbed:   Generating MOFE soil file with SoilMultipleOfeSynth... done. (0.00s)
2026-09-25 16:08:07 [INFO] wepppy.run.thinning-soil-validation-20260925.disturbed:   Generating MOFE soil file with SoilMultipleOfeSynth...
2026-09-25 16:08:07 [INFO] wepppy.run.thinning-soil-validation-20260925.disturbed:   Generating MOFE soil file with SoilMultipleOfeSynth... done. (0.00s)
2026-09-25 16:08:07 [INFO] wepppy.run.thinning-soil-validation-20260925.disturbed:   Generating MOFE soil file with SoilMultipleOfeSynth...
2026-09-25 16:08:07 [INFO] wepppy.run.thinning-soil-validation-20260925.disturbed:   Generating MOFE soil file with SoilMultipleOfeSynth... done. (0.00s)
2026-09-25 16:08:07 [INFO] wepppy.run.thinning-soil-validation-20260925.disturbed:   Generating MOFE soil file with SoilMultipleOfeSynth...
2026-09-25 16:08:07 [INFO] wepppy.run.thinning-soil-validation-20260925.disturbed:   Generating MOFE soil file with SoilMultipleOfeSynth... done. (0.00s)
2026-09-25 16:08:07 [INFO] wepppy.run.thinning-soil-validation-20260925.disturbed:   Generating MOFE soil file with SoilMultipleOfeSynth...
2026-09-25 16:08:07 [INFO] wepppy.run.thinning-soil-validation-20260925.disturbed:   Generating MOFE soil file with SoilMultipleOfeSynth... done. (0.00s)
2026-09-25 16:08:07 [INFO] wepppy.run.thinning-soil-validation-20260925.disturbed:   Generating MOFE soil file with SoilMultipleOfeSynth...
2026-09-25 16:08:07 [INFO] wepppy.run.thinning-soil-validation-20260925.disturbed:   Generating MOFE soil file with SoilMultipleOfeSynth... done. (0.00s)
2026-09-25 16:08:07 [INFO] wepppy.run.thinning-soil-validation-20260925.disturbed:   Generating MOFE soil file with SoilMultipleOfeSynth...
2026-09-25 16:08:07 [INFO] wepppy.run.thinning-soil-validation-20260925.disturbed:   Generating MOFE soil file with SoilMultipleOfeSynth... done. (0.00s)
2026-09-25 16:08:07 [INFO] wepppy.run.thinning-soil-validation-20260925.disturbed:   Generating MOFE soil file with SoilMultipleOfeSynth...
2026-09-25 16:08:07 [INFO] wepppy.run.thinning-soil-validation-20260925.disturbed:   Generating MOFE soil file with SoilMultipleOfeSynth... done. (0.00s)
2026-09-25 16:08:07 [INFO] wepppy.run.thinning-soil-validation-20260925.disturbed:   Generating MOFE soil file with SoilMultipleOfeSynth...
2026-09-25 16:08:07 [INFO] wepppy.run.thinning-soil-validation-20260925.disturbed:   Generating MOFE soil file with SoilMultipleOfeSynth... done. (0.00s)
2026-09-25 16:08:07 [INFO] wepppy.run.thinning-soil-validation-20260925.disturbed:   Generating MOFE soil file with SoilMultipleOfeSynth...
2026-09-25 16:08:07 [INFO] wepppy.run.thinning-soil-validation-20260925.disturbed:   Generating MOFE soil file with SoilMultipleOfeSynth... done. (0.00s)
2026-09-25 16:08:07 [INFO] wepppy.run.thinning-soil-validation-20260925.disturbed:   Generating MOFE soil file with SoilMultipleOfeSynth...
2026-09-25 16:08:07 [INFO] wepppy.run.thinning-soil-validation-20260925.disturbed:   Generating MOFE soil file with SoilMultipleOfeSynth... done. (0.00s)
2026-09-25 16:08:07 [INFO] wepppy.run.thinning-soil-validation-20260925.disturbed:   Generating MOFE soil file with SoilMultipleOfeSynth...
2026-09-25 16:08:07 [INFO] wepppy.run.thinning-soil-validation-20260925.disturbed:   Generating MOFE soil file with SoilMultipleOfeSynth... done. (0.00s)
2026-09-25 16:08:07 [INFO] wepppy.run.thinning-soil-validation-20260925.disturbed:   Generating MOFE soil file with SoilMultipleOfeSynth...
2026-09-25 16:08:07 [INFO] wepppy.run.thinning-soil-validation-20260925.disturbed:   Generating MOFE soil file with SoilMultipleOfeSynth... done. (0.00s)
2026-09-25 16:08:07 [INFO] wepppy.run.thinning-soil-validation-20260925.disturbed:   Generating MOFE soil file with SoilMultipleOfeSynth...
2026-09-25 16:08:07 [INFO] wepppy.run.thinning-soil-validation-20260925.disturbed:   Generating MOFE soil file with SoilMultipleOfeSynth... done. (0.00s)
2026-09-25 16:08:07 [INFO] wepppy.run.thinning-soil-validation-20260925.disturbed:   Generating MOFE soil file with SoilMultipleOfeSynth...
2026-09-25 16:08:07 [INFO] wepppy.run.thinning-soil-validation-20260925.disturbed:   Generating MOFE soil file with SoilMultipleOfeSynth... done. (0.00s)
2026-09-25 16:08:07 [INFO] wepppy.run.thinning-soil-validation-20260925.disturbed:   Generating MOFE soil file with SoilMultipleOfeSynth...
2026-09-25 16:08:07 [INFO] wepppy.run.thinning-soil-validation-20260925.disturbed:   Generating MOFE soil file with SoilMultipleOfeSynth... done. (0.00s)
2026-09-25 16:08:07 [INFO] wepppy.run.thinning-soil-validation-20260925.disturbed:   Generating MOFE soil file with SoilMultipleOfeSynth...
2026-09-25 16:08:07 [INFO] wepppy.run.thinning-soil-validation-20260925.disturbed:   Generating MOFE soil file with SoilMultipleOfeSynth... done. (0.00s)
2026-09-25 16:08:07 [INFO] wepppy.run.thinning-soil-validation-20260925.disturbed:   Generating MOFE soil file with SoilMultipleOfeSynth...
2026-09-25 16:08:07 [INFO] wepppy.run.thinning-soil-validation-20260925.disturbed:   Generating MOFE soil file with SoilMultipleOfeSynth... done. (0.00s)
2026-09-25 16:08:07 [INFO] wepppy.run.thinning-soil-validation-20260925.disturbed:   Generating MOFE soil file with SoilMultipleOfeSynth...
2026-09-25 16:08:07 [INFO] wepppy.run.thinning-soil-validation-20260925.disturbed:   Generating MOFE soil file with SoilMultipleOfeSynth... done. (0.00s)
2026-09-25 16:08:07 [INFO] wepppy.run.thinning-soil-validation-20260925.disturbed:   Generating MOFE soil file with SoilMultipleOfeSynth...
2026-09-25 16:08:07 [INFO] wepppy.run.thinning-soil-validation-20260925.disturbed:   Generating MOFE soil file with SoilMultipleOfeSynth... done. (0.00s)
2026-09-25 16:08:07 [INFO] wepppy.run.thinning-soil-validation-20260925.disturbed:   Generating MOFE soil file with SoilMultipleOfeSynth...
2026-09-25 16:08:07 [INFO] wepppy.run.thinning-soil-validation-20260925.disturbed:   Generating MOFE soil file with SoilMultipleOfeSynth... done. (0.00s)
2026-09-25 16:08:07 [INFO] wepppy.run.thinning-soil-validation-20260925.disturbed:   Generating MOFE soil file with SoilMultipleOfeSynth...
2026-09-25 16:08:07 [INFO] wepppy.run.thinning-soil-validation-20260925.disturbed:   Generating MOFE soil file with SoilMultipleOfeSynth... done. (0.00s)
2026-09-25 16:08:07 [INFO] wepppy.run.thinning-soil-validation-20260925.disturbed:   Generating MOFE soil file with SoilMultipleOfeSynth...
2026-09-25 16:08:07 [INFO] wepppy.run.thinning-soil-validation-20260925.disturbed:   Generating MOFE soil file with SoilMultipleOfeSynth... done. (0.00s)
2026-09-25 16:08:07 [INFO] wepppy.run.thinning-soil-validation-20260925.disturbed:   Generating MOFE soil file with SoilMultipleOfeSynth...
2026-09-25 16:08:07 [INFO] wepppy.run.thinning-soil-validation-20260925.disturbed:   Generating MOFE soil file with SoilMultipleOfeSynth... done. (0.00s)
2026-09-25 16:08:07 [INFO] wepppy.run.thinning-soil-validation-20260925.disturbed:   Generating MOFE soil file with SoilMultipleOfeSynth...
2026-09-25 16:08:07 [INFO] wepppy.run.thinning-soil-validation-20260925.disturbed:   Generating MOFE soil file with SoilMultipleOfeSynth... done. (0.00s)
2026-09-25 16:08:07 [INFO] wepppy.run.thinning-soil-validation-20260925.disturbed:   Generating MOFE soil file with SoilMultipleOfeSynth...
2026-09-25 16:08:07 [INFO] wepppy.run.thinning-soil-validation-20260925.disturbed:   Generating MOFE soil file with SoilMultipleOfeSynth... done. (0.00s)
2026-09-25 16:08:07 [INFO] wepppy.run.thinning-soil-validation-20260925.disturbed:   Generating MOFE soil file with SoilMultipleOfeSynth...
2026-09-25 16:08:07 [INFO] wepppy.run.thinning-soil-validation-20260925.disturbed:   Generating MOFE soil file with SoilMultipleOfeSynth... done. (0.00s)
2026-09-25 16:08:07 [INFO] wepppy.run.thinning-soil-validation-20260925.disturbed:   Generating MOFE soil file with SoilMultipleOfeSynth...
2026-09-25 16:08:07 [INFO] wepppy.run.thinning-soil-validation-20260925.disturbed:   Generating MOFE soil file with SoilMultipleOfeSynth... done. (0.00s)
2026-09-25 16:08:07 [INFO] wepppy.run.thinning-soil-validation-20260925.disturbed:   Generating MOFE soil file with SoilMultipleOfeSynth...
2026-09-25 16:08:07 [INFO] wepppy.run.thinning-soil-validation-20260925.disturbed:   Generating MOFE soil file with SoilMultipleOfeSynth... done. (0.00s)
2026-09-25 16:08:07 [INFO] wepppy.run.thinning-soil-validation-20260925.disturbed:   Generating MOFE soil file with SoilMultipleOfeSynth...
2026-09-25 16:08:07 [INFO] wepppy.run.thinning-soil-validation-20260925.disturbed:   Generating MOFE soil file with SoilMultipleOfeSynth... done. (0.00s)
2026-09-25 16:08:07 [INFO] wepppy.run.thinning-soil-validation-20260925.disturbed:   Generating MOFE soil file with SoilMultipleOfeSynth...
2026-09-25 16:08:07 [INFO] wepppy.run.thinning-soil-validation-20260925.disturbed:   Generating MOFE soil file with SoilMultipleOfeSynth... done. (0.00s)
2026-09-25 16:08:07 [INFO] wepppy.run.thinning-soil-validation-20260925.disturbed:   Generating MOFE soil file with SoilMultipleOfeSynth...
2026-09-25 16:08:07 [INFO] wepppy.run.thinning-soil-validation-20260925.disturbed:   Generating MOFE soil file with SoilMultipleOfeSynth... done. (0.00s)
2026-09-25 16:08:07 [INFO] wepppy.run.thinning-soil-validation-20260925.disturbed:   Generating MOFE soil file with SoilMultipleOfeSynth...
2026-09-25 16:08:07 [INFO] wepppy.run.thinning-soil-validation-20260925.disturbed:   Generating MOFE soil file with SoilMultipleOfeSynth... done. (0.00s)
2026-09-25 16:08:07 [INFO] wepppy.run.thinning-soil-validation-20260925.disturbed:   Generating MOFE soil file with SoilMultipleOfeSynth...
2026-09-25 16:08:07 [INFO] wepppy.run.thinning-soil-validation-20260925.disturbed:   Generating MOFE soil file with SoilMultipleOfeSynth... done. (0.00s)
2026-09-25 16:08:07 [INFO] wepppy.run.thinning-soil-validation-20260925.disturbed:   Generating MOFE soil file with SoilMultipleOfeSynth...
2026-09-25 16:08:07 [INFO] wepppy.run.thinning-soil-validation-20260925.disturbed:   Generating MOFE soil file with SoilMultipleOfeSynth... done. (0.00s)
2026-09-25 16:08:07 [INFO] wepppy.run.thinning-soil-validation-20260925.disturbed:   Generating MOFE soil file with SoilMultipleOfeSynth...
2026-09-25 16:08:07 [INFO] wepppy.run.thinning-soil-validation-20260925.disturbed:   Generating MOFE soil file with SoilMultipleOfeSynth... done. (0.00s)
2026-09-25 16:08:07 [INFO] wepppy.run.thinning-soil-validation-20260925.disturbed:   Generating MOFE soil file with SoilMultipleOfeSynth...
2026-09-25 16:08:07 [INFO] wepppy.run.thinning-soil-validation-20260925.disturbed:   Generating MOFE soil file with SoilMultipleOfeSynth... done. (0.00s)
2026-09-25 16:08:07 [INFO] wepppy.run.thinning-soil-validation-20260925.disturbed:   Generating MOFE soil file with SoilMultipleOfeSynth...
2026-09-25 16:08:07 [INFO] wepppy.run.thinning-soil-validation-20260925.disturbed:   Generating MOFE soil file with SoilMultipleOfeSynth... done. (0.00s)
2026-09-25 16:08:07 [INFO] wepppy.run.thinning-soil-validation-20260925.disturbed:   Generating MOFE soil file with SoilMultipleOfeSynth...
2026-09-25 16:08:07 [INFO] wepppy.run.thinning-soil-validation-20260925.disturbed:   Generating MOFE soil file with SoilMultipleOfeSynth... done. (0.00s)
2026-09-25 16:08:07 [INFO] wepppy.run.thinning-soil-validation-20260925.disturbed:   Generating MOFE soil file with SoilMultipleOfeSynth...
2026-09-25 16:08:07 [INFO] wepppy.run.thinning-soil-validation-20260925.disturbed:   Generating MOFE soil file with SoilMultipleOfeSynth... done. (0.00s)
2026-09-25 16:08:07 [INFO] wepppy.run.thinning-soil-validation-20260925.disturbed:   Generating MOFE soil file with SoilMultipleOfeSynth...
2026-09-25 16:08:07 [INFO] wepppy.run.thinning-soil-validation-20260925.disturbed:   Generating MOFE soil file with SoilMultipleOfeSynth... done. (0.00s)
2026-09-25 16:08:07 [INFO] wepppy.run.thinning-soil-validation-20260925.disturbed:   Generating MOFE soil file with SoilMultipleOfeSynth...
2026-09-25 16:08:07 [INFO] wepppy.run.thinning-soil-validation-20260925.disturbed:   Generating MOFE soil file with SoilMultipleOfeSynth... done. (0.00s)
2026-09-25 16:08:07 [INFO] wepppy.run.thinning-soil-validation-20260925.disturbed:   Generating MOFE soil file with SoilMultipleOfeSynth...
2026-09-25 16:08:07 [INFO] wepppy.run.thinning-soil-validation-20260925.disturbed:   Generating MOFE soil file with SoilMultipleOfeSynth... done. (0.00s)
2026-09-25 16:08:07 [INFO] wepppy.run.thinning-soil-validation-20260925.disturbed:   Generating MOFE soil file with SoilMultipleOfeSynth...
2026-09-25 16:08:07 [INFO] wepppy.run.thinning-soil-validation-20260925.disturbed:   Generating MOFE soil file with SoilMultipleOfeSynth... done. (0.00s)
2026-09-25 16:08:07 [INFO] wepppy.run.thinning-soil-validation-20260925.disturbed:   Generating MOFE soil file with SoilMultipleOfeSynth...
2026-09-25 16:08:07 [INFO] wepppy.run.thinning-soil-validation-20260925.disturbed:   Generating MOFE soil file with SoilMultipleOfeSynth... done. (0.00s)
2026-09-25 16:08:07 [INFO] wepppy.run.thinning-soil-validation-20260925.disturbed:   Generating MOFE soil file with SoilMultipleOfeSynth...
2026-09-25 16:08:07 [INFO] wepppy.run.thinning-soil-validation-20260925.disturbed:   Generating MOFE soil file with SoilMultipleOfeSynth... done. (0.00s)
2026-09-25 16:08:07 [INFO] wepppy.run.thinning-soil-validation-20260925.disturbed:   Generating MOFE soil file with SoilMultipleOfeSynth...
2026-09-25 16:08:07 [INFO] wepppy.run.thinning-soil-validation-20260925.disturbed:   Generating MOFE soil file with SoilMultipleOfeSynth... done. (0.00s)
2026-09-25 16:08:07 [INFO] wepppy.run.thinning-soil-validation-20260925.disturbed:   Generating MOFE soil file with SoilMultipleOfeSynth...
2026-09-25 16:08:07 [INFO] wepppy.run.thinning-soil-validation-20260925.disturbed:   Generating MOFE soil file with SoilMultipleOfeSynth... done. (0.00s)
2026-09-25 16:08:07 [INFO] wepppy.run.thinning-soil-validation-20260925.disturbed:   Generating MOFE soil file with SoilMultipleOfeSynth...
2026-09-25 16:08:07 [INFO] wepppy.run.thinning-soil-validation-20260925.disturbed:   Generating MOFE soil file with SoilMultipleOfeSynth... done. (0.00s)
2026-09-25 16:08:07 [INFO] wepppy.run.thinning-soil-validation-20260925.disturbed:   Generating MOFE soil file with SoilMultipleOfeSynth...
2026-09-25 16:08:07 [INFO] wepppy.run.thinning-soil-validation-20260925.disturbed:   Generating MOFE soil file with SoilMultipleOfeSynth... done. (0.00s)
2026-09-25 16:08:07 [INFO] wepppy.run.thinning-soil-validation-20260925.disturbed:   Generating MOFE soil file with SoilMultipleOfeSynth...
2026-09-25 16:08:07 [INFO] wepppy.run.thinning-soil-validation-20260925.disturbed:   Generating MOFE soil file with SoilMultipleOfeSynth... done. (0.00s)
2026-09-25 16:08:07 [INFO] wepppy.run.thinning-soil-validation-20260925.disturbed:   Generating MOFE soil file with SoilMultipleOfeSynth...
2026-09-25 16:08:07 [INFO] wepppy.run.thinning-soil-validation-20260925.disturbed:   Generating MOFE soil file with SoilMultipleOfeSynth... done. (0.00s)
2026-09-25 16:08:07 [INFO] wepppy.run.thinning-soil-validation-20260925.disturbed:   Generating MOFE soil file with SoilMultipleOfeSynth...
2026-09-25 16:08:07 [INFO] wepppy.run.thinning-soil-validation-20260925.disturbed:   Generating MOFE soil file with SoilMultipleOfeSynth... done. (0.00s)
2026-09-25 16:08:07 [INFO] wepppy.run.thinning-soil-validation-20260925.disturbed:   Generating MOFE soil file with SoilMultipleOfeSynth...
2026-09-25 16:08:07 [INFO] wepppy.run.thinning-soil-validation-20260925.disturbed:   Generating MOFE soil file with SoilMultipleOfeSynth... done. (0.00s)
2026-09-25 16:08:07 [INFO] wepppy.run.thinning-soil-validation-20260925.disturbed:   Generating MOFE soil file with SoilMultipleOfeSynth...
2026-09-25 16:08:07 [INFO] wepppy.run.thinning-soil-validation-20260925.disturbed:   Generating MOFE soil file with SoilMultipleOfeSynth... done. (0.00s)
2026-09-25 16:08:07 [INFO] wepppy.run.thinning-soil-validation-20260925.disturbed:   Generating MOFE soil file with SoilMultipleOfeSynth...
2026-09-25 16:08:07 [INFO] wepppy.run.thinning-soil-validation-20260925.disturbed:   Generating MOFE soil file with SoilMultipleOfeSynth... done. (0.00s)
2026-09-25 16:08:07 [INFO] wepppy.run.thinning-soil-validation-20260925.disturbed:   Generating MOFE soil file with SoilMultipleOfeSynth...
2026-09-25 16:08:07 [INFO] wepppy.run.thinning-soil-validation-20260925.disturbed:   Generating MOFE soil file with SoilMultipleOfeSynth... done. (0.00s)
2026-09-25 16:08:07 [INFO] wepppy.run.thinning-soil-validation-20260925.disturbed:   Generating MOFE soil file with SoilMultipleOfeSynth...
2026-09-25 16:08:07 [INFO] wepppy.run.thinning-soil-validation-20260925.disturbed:   Generating MOFE soil file with SoilMultipleOfeSynth... done. (0.00s)
2026-09-25 16:08:07 [INFO] wepppy.run.thinning-soil-validation-20260925.disturbed:   Generating MOFE soil file with SoilMultipleOfeSynth...
2026-09-25 16:08:07 [INFO] wepppy.run.thinning-soil-validation-20260925.disturbed:   Generating MOFE soil file with SoilMultipleOfeSynth... done. (0.00s)
2026-09-25 16:08:07 [INFO] wepppy.run.thinning-soil-validation-20260925.disturbed:   Generating MOFE soil file with SoilMultipleOfeSynth...
2026-09-25 16:08:07 [INFO] wepppy.run.thinning-soil-validation-20260925.disturbed:   Generating MOFE soil file with SoilMultipleOfeSynth... done. (0.00s)
2026-09-25 16:08:07 [INFO] wepppy.run.thinning-soil-validation-20260925.disturbed:   Generating MOFE soil file with SoilMultipleOfeSynth...
2026-09-25 16:08:07 [INFO] wepppy.run.thinning-soil-validation-20260925.disturbed:   Generating MOFE soil file with SoilMultipleOfeSynth... done. (0.00s)
2026-09-25 16:08:07 [INFO] wepppy.run.thinning-soil-validation-20260925.disturbed:   Generating MOFE soil file with SoilMultipleOfeSynth...
2026-09-25 16:08:07 [INFO] wepppy.run.thinning-soil-validation-20260925.disturbed:   Generating MOFE soil file with SoilMultipleOfeSynth... done. (0.00s)
2026-09-25 16:08:07 [INFO] wepppy.run.thinning-soil-validation-20260925.disturbed:   Generating MOFE soil file with SoilMultipleOfeSynth...
2026-09-25 16:08:07 [INFO] wepppy.run.thinning-soil-validation-20260925.disturbed:   Generating MOFE soil file with SoilMultipleOfeSynth... done. (0.00s)
2026-09-25 16:08:07 [INFO] wepppy.run.thinning-soil-validation-20260925.disturbed:   Generating MOFE soil file with SoilMultipleOfeSynth...
2026-09-25 16:08:07 [INFO] wepppy.run.thinning-soil-validation-20260925.disturbed:   Generating MOFE soil file with SoilMultipleOfeSynth... done. (0.00s)
2026-09-25 16:08:07 [INFO] wepppy.run.thinning-soil-validation-20260925.disturbed:   Generating MOFE soil file with SoilMultipleOfeSynth...
2026-09-25 16:08:07 [INFO] wepppy.run.thinning-soil-validation-20260925.disturbed:   Generating MOFE soil file with SoilMultipleOfeSynth... done. (0.00s)
2026-09-25 16:08:07 [INFO] wepppy.run.thinning-soil-validation-20260925.disturbed:   Generating MOFE soil file with SoilMultipleOfeSynth...
2026-09-25 16:08:07 [INFO] wepppy.run.thinning-soil-validation-20260925.disturbed:   Generating MOFE soil file with SoilMultipleOfeSynth... done. (0.00s)
2026-09-25 16:08:07 [INFO] wepppy.run.thinning-soil-validation-20260925.disturbed:   Generating MOFE soil file with SoilMultipleOfeSynth...
2026-09-25 16:08:07 [INFO] wepppy.run.thinning-soil-validation-20260925.disturbed:   Generating MOFE soil file with SoilMultipleOfeSynth... done. (0.00s)
2026-09-25 16:08:07 [INFO] wepppy.run.thinning-soil-validation-20260925.disturbed:   Generating MOFE soil file with SoilMultipleOfeSynth...
2026-09-25 16:08:07 [INFO] wepppy.run.thinning-soil-validation-20260925.disturbed:   Generating MOFE soil file with SoilMultipleOfeSynth... done. (0.00s)
2026-09-25 16:08:07 [INFO] wepppy.run.thinning-soil-validation-20260925.disturbed:   Generating MOFE soil file with SoilMultipleOfeSynth...
2026-09-25 16:08:07 [INFO] wepppy.run.thinning-soil-validation-20260925.disturbed:   Generating MOFE soil file with SoilMultipleOfeSynth... done. (0.00s)
2026-09-25 16:08:07 [INFO] wepppy.run.thinning-soil-validation-20260925.disturbed:   Generating MOFE soil file with SoilMultipleOfeSynth...
2026-09-25 16:08:07 [INFO] wepppy.run.thinning-soil-validation-20260925.disturbed:   Generating MOFE soil file with SoilMultipleOfeSynth... done. (0.00s)
2026-09-25 16:08:07 [INFO] wepppy.run.thinning-soil-validation-20260925.disturbed:   Generating MOFE soil file with SoilMultipleOfeSynth...
2026-09-25 16:08:07 [INFO] wepppy.run.thinning-soil-validation-20260925.disturbed:   Generating MOFE soil file with SoilMultipleOfeSynth... done. (0.00s)
2026-09-25 16:08:07 [INFO] wepppy.run.thinning-soil-validation-20260925.disturbed:   Generating MOFE soil file with SoilMultipleOfeSynth...
2026-09-25 16:08:07 [INFO] wepppy.run.thinning-soil-validation-20260925.disturbed:   Generating MOFE soil file with SoilMultipleOfeSynth... done. (0.00s)
2026-09-25 16:08:07 [INFO] wepppy.run.thinning-soil-validation-20260925.disturbed:   Generating MOFE soil file with SoilMultipleOfeSynth...
2026-09-25 16:08:07 [INFO] wepppy.run.thinning-soil-validation-20260925.disturbed:   Generating MOFE soil file with SoilMultipleOfeSynth... done. (0.00s)
2026-09-25 16:08:07 [INFO] wepppy.run.thinning-soil-validation-20260925.disturbed:   Generating MOFE soil file with SoilMultipleOfeSynth...
2026-09-25 16:08:07 [INFO] wepppy.run.thinning-soil-validation-20260925.disturbed:   Generating MOFE soil file with SoilMultipleOfeSynth... done. (0.00s)
2026-09-25 16:08:07 [INFO] wepppy.run.thinning-soil-validation-20260925.disturbed:   Generating MOFE soil file with SoilMultipleOfeSynth...
2026-09-25 16:08:07 [INFO] wepppy.run.thinning-soil-validation-20260925.disturbed:   Generating MOFE soil file with SoilMultipleOfeSynth... done. (0.00s)
2026-09-25 16:08:07 [INFO] wepppy.run.thinning-soil-validation-20260925.disturbed:   Generating MOFE soil file with SoilMultipleOfeSynth...
2026-09-25 16:08:07 [INFO] wepppy.run.thinning-soil-validation-20260925.disturbed:   Generating MOFE soil file with SoilMultipleOfeSynth... done. (0.00s)
2026-09-25 16:08:07 [INFO] wepppy.run.thinning-soil-validation-20260925.disturbed:   Generating MOFE soil file with SoilMultipleOfeSynth...
2026-09-25 16:08:07 [INFO] wepppy.run.thinning-soil-validation-20260925.disturbed:   Generating MOFE soil file with SoilMultipleOfeSynth... done. (0.00s)
2026-09-25 16:08:07 [INFO] wepppy.run.thinning-soil-validation-20260925.disturbed:   Generating MOFE soil file with SoilMultipleOfeSynth...
2026-09-25 16:08:07 [INFO] wepppy.run.thinning-soil-validation-20260925.disturbed:   Generating MOFE soil file with SoilMultipleOfeSynth... done. (0.00s)
2026-09-25 16:08:07 [INFO] wepppy.run.thinning-soil-validation-20260925.disturbed:   Generating MOFE soil file with SoilMultipleOfeSynth...
2026-09-25 16:08:07 [INFO] wepppy.run.thinning-soil-validation-20260925.disturbed:   Generating MOFE soil file with SoilMultipleOfeSynth... done. (0.00s)
2026-09-25 16:08:07 [INFO] wepppy.run.thinning-soil-validation-20260925.disturbed:   Generating MOFE soil file with SoilMultipleOfeSynth...
2026-09-25 16:08:07 [INFO] wepppy.run.thinning-soil-validation-20260925.disturbed:   Generating MOFE soil file with SoilMultipleOfeSynth... done. (0.00s)
2026-09-25 16:08:07 [INFO] wepppy.run.thinning-soil-validation-20260925.disturbed:   Generating MOFE soil file with SoilMultipleOfeSynth...
2026-09-25 16:08:07 [INFO] wepppy.run.thinning-soil-validation-20260925.disturbed:   Generating MOFE soil file with SoilMultipleOfeSynth... done. (0.00s)
2026-09-25 16:08:07 [INFO] wepppy.run.thinning-soil-validation-20260925.disturbed:   Generating MOFE soil file with SoilMultipleOfeSynth...
2026-09-25 16:08:07 [INFO] wepppy.run.thinning-soil-validation-20260925.disturbed:   Generating MOFE soil file with SoilMultipleOfeSynth... done. (0.00s)
2026-09-25 16:08:07 [INFO] wepppy.run.thinning-soil-validation-20260925.disturbed:   Generating MOFE soil file with SoilMultipleOfeSynth...
2026-09-25 16:08:07 [INFO] wepppy.run.thinning-soil-validation-20260925.disturbed:   Generating MOFE soil file with SoilMultipleOfeSynth... done. (0.00s)
2026-09-25 16:08:07 [INFO] wepppy.run.thinning-soil-validation-20260925.disturbed:   Generating MOFE soil file with SoilMultipleOfeSynth...
2026-09-25 16:08:07 [INFO] wepppy.run.thinning-soil-validation-20260925.disturbed:   Generating MOFE soil file with SoilMultipleOfeSynth... done. (0.00s)
2026-09-25 16:08:07 [INFO] wepppy.run.thinning-soil-validation-20260925.disturbed:   Generating MOFE soil file with SoilMultipleOfeSynth...
2026-09-25 16:08:07 [INFO] wepppy.run.thinning-soil-validation-20260925.disturbed:   Generating MOFE soil file with SoilMultipleOfeSynth... done. (0.00s)
2026-09-25 16:08:07 [INFO] wepppy.run.thinning-soil-validation-20260925.disturbed:   Generating MOFE soil file with SoilMultipleOfeSynth...
2026-09-25 16:08:08 [INFO] wepppy.run.thinning-soil-validation-20260925.disturbed:   Generating MOFE soil file with SoilMultipleOfeSynth... done. (0.00s)
2026-09-25 16:08:08 [INFO] wepppy.run.thinning-soil-validation-20260925.disturbed:   Generating MOFE soil file with SoilMultipleOfeSynth...
2026-09-25 16:08:08 [INFO] wepppy.run.thinning-soil-validation-20260925.disturbed:   Generating MOFE soil file with SoilMultipleOfeSynth... done. (0.00s)
2026-09-25 16:08:08 [INFO] wepppy.run.thinning-soil-validation-20260925.disturbed:   Generating MOFE soil file with SoilMultipleOfeSynth...
2026-09-25 16:08:08 [INFO] wepppy.run.thinning-soil-validation-20260925.disturbed:   Generating MOFE soil file with SoilMultipleOfeSynth... done. (0.00s)
2026-09-25 16:08:08 [INFO] wepppy.run.thinning-soil-validation-20260925.disturbed:   Generating MOFE soil file with SoilMultipleOfeSynth...
2026-09-25 16:08:08 [INFO] wepppy.run.thinning-soil-validation-20260925.disturbed:   Generating MOFE soil file with SoilMultipleOfeSynth... done. (0.00s)
2026-09-25 16:08:08 [INFO] wepppy.run.thinning-soil-validation-20260925.disturbed:   Generating MOFE soil file with SoilMultipleOfeSynth...
2026-09-25 16:08:08 [INFO] wepppy.run.thinning-soil-validation-20260925.disturbed:   Generating MOFE soil file with SoilMultipleOfeSynth... done. (0.00s)
2026-09-25 16:08:08 [INFO] wepppy.run.thinning-soil-validation-20260925.disturbed:   Generating MOFE soil file with SoilMultipleOfeSynth...
2026-09-25 16:08:08 [INFO] wepppy.run.thinning-soil-validation-20260925.disturbed:   Generating MOFE soil file with SoilMultipleOfeSynth... done. (0.00s)
2026-09-25 16:08:08 [INFO] wepppy.run.thinning-soil-validation-20260925.disturbed:   Generating MOFE soil file with SoilMultipleOfeSynth...
2026-09-25 16:08:08 [INFO] wepppy.run.thinning-soil-validation-20260925.disturbed:   Generating MOFE soil file with SoilMultipleOfeSynth... done. (0.00s)
2026-09-25 16:08:08 [INFO] wepppy.run.thinning-soil-validation-20260925.disturbed:   Generating MOFE soil file with SoilMultipleOfeSynth...
2026-09-25 16:08:08 [INFO] wepppy.run.thinning-soil-validation-20260925.disturbed:   Generating MOFE soil file with SoilMultipleOfeSynth... done. (0.00s)
2026-09-25 16:08:08 [INFO] wepppy.run.thinning-soil-validation-20260925.disturbed:   Generating MOFE soil file with SoilMultipleOfeSynth...
2026-09-25 16:08:08 [INFO] wepppy.run.thinning-soil-validation-20260925.disturbed:   Generating MOFE soil file with SoilMultipleOfeSynth... done. (0.00s)
2026-09-25 16:08:08 [INFO] wepppy.run.thinning-soil-validation-20260925.disturbed:   Generating MOFE soil file with SoilMultipleOfeSynth...
2026-09-25 16:08:08 [INFO] wepppy.run.thinning-soil-validation-20260925.disturbed:   Generating MOFE soil file with SoilMultipleOfeSynth... done. (0.00s)
2026-09-25 16:08:08 [INFO] wepppy.run.thinning-soil-validation-20260925.disturbed:   Generating MOFE soil file with SoilMultipleOfeSynth...
2026-09-25 16:08:08 [INFO] wepppy.run.thinning-soil-validation-20260925.disturbed:   Generating MOFE soil file with SoilMultipleOfeSynth... done. (0.00s)
2026-09-25 16:08:08 [INFO] wepppy.run.thinning-soil-validation-20260925.disturbed:   Generating MOFE soil file with SoilMultipleOfeSynth...
2026-09-25 16:08:08 [INFO] wepppy.run.thinning-soil-validation-20260925.disturbed:   Generating MOFE soil file with SoilMultipleOfeSynth... done. (0.00s)
2026-09-25 16:08:08 [INFO] wepppy.run.thinning-soil-validation-20260925.disturbed:   Generating MOFE soil file with SoilMultipleOfeSynth...
2026-09-25 16:08:08 [INFO] wepppy.run.thinning-soil-validation-20260925.disturbed:   Generating MOFE soil file with SoilMultipleOfeSynth... done. (0.00s)
2026-09-25 16:08:08 [INFO] wepppy.run.thinning-soil-validation-20260925.disturbed:   Generating MOFE soil file with SoilMultipleOfeSynth...
2026-09-25 16:08:08 [INFO] wepppy.run.thinning-soil-validation-20260925.disturbed:   Generating MOFE soil file with SoilMultipleOfeSynth... done. (0.00s)
2026-09-25 16:08:08 [INFO] wepppy.run.thinning-soil-validation-20260925.disturbed:   Generating MOFE soil file with SoilMultipleOfeSynth...
2026-09-25 16:08:08 [INFO] wepppy.run.thinning-soil-validation-20260925.disturbed:   Generating MOFE soil file with SoilMultipleOfeSynth... done. (0.00s)
2026-09-25 16:08:08 [INFO] wepppy.run.thinning-soil-validation-20260925.disturbed:   Generating MOFE soil file with SoilMultipleOfeSynth...
2026-09-25 16:08:08 [INFO] wepppy.run.thinning-soil-validation-20260925.disturbed:   Generating MOFE soil file with SoilMultipleOfeSynth... done. (0.00s)
2026-09-25 16:08:08 [INFO] wepppy.run.thinning-soil-validation-20260925.disturbed:   Generating MOFE soil file with SoilMultipleOfeSynth...
2026-09-25 16:08:08 [INFO] wepppy.run.thinning-soil-validation-20260925.disturbed:   Generating MOFE soil file with SoilMultipleOfeSynth... done. (0.00s)
2026-09-25 16:08:08 [INFO] wepppy.run.thinning-soil-validation-20260925.disturbed:   Generating MOFE soil file with SoilMultipleOfeSynth...
2026-09-25 16:08:08 [INFO] wepppy.run.thinning-soil-validation-20260925.disturbed:   Generating MOFE soil file with SoilMultipleOfeSynth... done. (0.00s)
2026-09-25 16:08:08 [INFO] wepppy.run.thinning-soil-validation-20260925.disturbed:   Generating MOFE soil file with SoilMultipleOfeSynth...
2026-09-25 16:08:08 [INFO] wepppy.run.thinning-soil-validation-20260925.disturbed:   Generating MOFE soil file with SoilMultipleOfeSynth... done. (0.00s)
2026-09-25 16:08:08 [INFO] wepppy.run.thinning-soil-validation-20260925.disturbed:   Generating MOFE soil file with SoilMultipleOfeSynth...
2026-09-25 16:08:08 [INFO] wepppy.run.thinning-soil-validation-20260925.disturbed:   Generating MOFE soil file with SoilMultipleOfeSynth... done. (0.00s)
2026-09-25 16:08:08 [INFO] wepppy.run.thinning-soil-validation-20260925.disturbed:   Generating MOFE soil file with SoilMultipleOfeSynth...
2026-09-25 16:08:08 [INFO] wepppy.run.thinning-soil-validation-20260925.disturbed:   Generating MOFE soil file with SoilMultipleOfeSynth... done. (0.00s)
2026-09-25 16:08:08 [INFO] wepppy.run.thinning-soil-validation-20260925.disturbed:   Generating MOFE soil file with SoilMultipleOfeSynth...
2026-09-25 16:08:08 [INFO] wepppy.run.thinning-soil-validation-20260925.disturbed:   Generating MOFE soil file with SoilMultipleOfeSynth... done. (0.00s)
2026-09-25 16:08:08 [INFO] wepppy.run.thinning-soil-validation-20260925.disturbed:   Generating MOFE soil file with SoilMultipleOfeSynth...
2026-09-25 16:08:08 [INFO] wepppy.run.thinning-soil-validation-20260925.disturbed:   Generating MOFE soil file with SoilMultipleOfeSynth... done. (0.00s)
2026-09-25 16:08:08 [INFO] wepppy.run.thinning-soil-validation-20260925.disturbed:   Generating MOFE soil file with SoilMultipleOfeSynth...
2026-09-25 16:08:08 [INFO] wepppy.run.thinning-soil-validation-20260925.disturbed:   Generating MOFE soil file with SoilMultipleOfeSynth... done. (0.00s)
2026-09-25 16:08:08 [INFO] wepppy.run.thinning-soil-validation-20260925.disturbed:   Generating MOFE soil file with SoilMultipleOfeSynth...
2026-09-25 16:08:08 [INFO] wepppy.run.thinning-soil-validation-20260925.disturbed:   Generating MOFE soil file with SoilMultipleOfeSynth... done. (0.00s)
2026-09-25 16:08:08 [INFO] wepppy.run.thinning-soil-validation-20260925.disturbed:   Generating MOFE soil file with SoilMultipleOfeSynth...
2026-09-25 16:08:08 [INFO] wepppy.run.thinning-soil-validation-20260925.disturbed:   Generating MOFE soil file with SoilMultipleOfeSynth... done. (0.00s)
2026-09-25 16:08:08 [INFO] wepppy.run.thinning-soil-validation-20260925.disturbed:   Generating MOFE soil file with SoilMultipleOfeSynth...
2026-09-25 16:08:08 [INFO] wepppy.run.thinning-soil-validation-20260925.disturbed:   Generating MOFE soil file with SoilMultipleOfeSynth... done. (0.00s)
2026-09-25 16:08:08 [INFO] wepppy.run.thinning-soil-validation-20260925.disturbed:   Generating MOFE soil file with SoilMultipleOfeSynth...
2026-09-25 16:08:08 [INFO] wepppy.run.thinning-soil-validation-20260925.disturbed:   Generating MOFE soil file with SoilMultipleOfeSynth... done. (0.00s)
2026-09-25 16:08:08 [INFO] wepppy.run.thinning-soil-validation-20260925.disturbed:   Generating MOFE soil file with SoilMultipleOfeSynth...
2026-09-25 16:08:08 [INFO] wepppy.run.thinning-soil-validation-20260925.disturbed:   Generating MOFE soil file with SoilMultipleOfeSynth... done. (0.00s)
2026-09-25 16:08:08 [INFO] wepppy.run.thinning-soil-validation-20260925.disturbed:   Generating MOFE soil file with SoilMultipleOfeSynth...
2026-09-25 16:08:08 [INFO] wepppy.run.thinning-soil-validation-20260925.disturbed:   Generating MOFE soil file with SoilMultipleOfeSynth... done. (0.00s)
2026-09-25 16:08:08 [INFO] wepppy.run.thinning-soil-validation-20260925.disturbed:   Generating MOFE soil file with SoilMultipleOfeSynth...
2026-09-25 16:08:08 [INFO] wepppy.run.thinning-soil-validation-20260925.disturbed:   Generating MOFE soil file with SoilMultipleOfeSynth... done. (0.00s)
2026-09-25 16:08:08 [INFO] wepppy.run.thinning-soil-validation-20260925.disturbed:   Generating MOFE soil file with SoilMultipleOfeSynth...
2026-09-25 16:08:08 [INFO] wepppy.run.thinning-soil-validation-20260925.disturbed:   Generating MOFE soil file with SoilMultipleOfeSynth... done. (0.00s)
2026-09-25 16:08:08 [INFO] wepppy.run.thinning-soil-validation-20260925.disturbed:   Generating MOFE soil file with SoilMultipleOfeSynth...
2026-09-25 16:08:08 [INFO] wepppy.run.thinning-soil-validation-20260925.disturbed:   Generating MOFE soil file with SoilMultipleOfeSynth... done. (0.00s)
2026-09-25 16:08:08 [INFO] wepppy.run.thinning-soil-validation-20260925.disturbed:   Generating MOFE soil file with SoilMultipleOfeSynth...
2026-09-25 16:08:08 [INFO] wepppy.run.thinning-soil-validation-20260925.disturbed:   Generating MOFE soil file with SoilMultipleOfeSynth... done. (0.00s)
2026-09-25 16:08:08 [INFO] wepppy.run.thinning-soil-validation-20260925.disturbed:   Generating MOFE soil file with SoilMultipleOfeSynth...
2026-09-25 16:08:08 [INFO] wepppy.run.thinning-soil-validation-20260925.disturbed:   Generating MOFE soil file with SoilMultipleOfeSynth... done. (0.00s)
2026-09-25 16:08:08 [INFO] wepppy.run.thinning-soil-validation-20260925.disturbed:   Generating MOFE soil file with SoilMultipleOfeSynth...
2026-09-25 16:08:08 [INFO] wepppy.run.thinning-soil-validation-20260925.disturbed:   Generating MOFE soil file with SoilMultipleOfeSynth... done. (0.00s)
2026-09-25 16:08:08 [INFO] wepppy.run.thinning-soil-validation-20260925.disturbed:   Generating MOFE soil file with SoilMultipleOfeSynth...
2026-09-25 16:08:08 [INFO] wepppy.run.thinning-soil-validation-20260925.disturbed:   Generating MOFE soil file with SoilMultipleOfeSynth... done. (0.00s)
2026-09-25 16:08:08 [INFO] wepppy.run.thinning-soil-validation-20260925.disturbed:   Generating MOFE soil file with SoilMultipleOfeSynth...
2026-09-25 16:08:08 [INFO] wepppy.run.thinning-soil-validation-20260925.disturbed:   Generating MOFE soil file with SoilMultipleOfeSynth... done. (0.00s)
2026-09-25 16:08:08 [INFO] wepppy.run.thinning-soil-validation-20260925.disturbed:   Generating MOFE soil file with SoilMultipleOfeSynth...
2026-09-25 16:08:08 [INFO] wepppy.run.thinning-soil-validation-20260925.disturbed:   Generating MOFE soil file with SoilMultipleOfeSynth... done. (0.00s)
2026-09-25 16:08:08 [INFO] wepppy.run.thinning-soil-validation-20260925.disturbed:   Generating MOFE soil file with SoilMultipleOfeSynth...
2026-09-25 16:08:08 [INFO] wepppy.run.thinning-soil-validation-20260925.disturbed:   Generating MOFE soil file with SoilMultipleOfeSynth... done. (0.00s)
2026-09-25 16:08:08 [INFO] wepppy.run.thinning-soil-validation-20260925.disturbed:   Generating MOFE soil file with SoilMultipleOfeSynth...
2026-09-25 16:08:08 [INFO] wepppy.run.thinning-soil-validation-20260925.disturbed:   Generating MOFE soil file with SoilMultipleOfeSynth... done. (0.00s)
2026-09-25 16:08:08 [INFO] wepppy.run.thinning-soil-validation-20260925.disturbed:   Generating MOFE soil file with SoilMultipleOfeSynth...
2026-09-25 16:08:08 [INFO] wepppy.run.thinning-soil-validation-20260925.disturbed:   Generating MOFE soil file with SoilMultipleOfeSynth... done. (0.00s)
2026-09-25 16:08:08 [INFO] wepppy.run.thinning-soil-validation-20260925.disturbed:   Generating MOFE soil file with SoilMultipleOfeSynth...
2026-09-25 16:08:08 [INFO] wepppy.run.thinning-soil-validation-20260925.disturbed:   Generating MOFE soil file with SoilMultipleOfeSynth... done. (0.00s)
2026-09-25 16:08:08 [INFO] wepppy.run.thinning-soil-validation-20260925.disturbed:   Generating MOFE soil file with SoilMultipleOfeSynth...
2026-09-25 16:08:08 [INFO] wepppy.run.thinning-soil-validation-20260925.disturbed:   Generating MOFE soil file with SoilMultipleOfeSynth... done. (0.00s)
2026-09-25 16:08:08 [INFO] wepppy.run.thinning-soil-validation-20260925.disturbed:   Generating MOFE soil file with SoilMultipleOfeSynth...
2026-09-25 16:08:08 [INFO] wepppy.run.thinning-soil-validation-20260925.disturbed:   Generating MOFE soil file with SoilMultipleOfeSynth... done. (0.00s)
2026-09-25 16:08:08 [INFO] wepppy.run.thinning-soil-validation-20260925.disturbed:   Generating MOFE soil file with SoilMultipleOfeSynth...
2026-09-25 16:08:08 [INFO] wepppy.run.thinning-soil-validation-20260925.disturbed:   Generating MOFE soil file with SoilMultipleOfeSynth... done. (0.00s)
2026-09-25 16:08:08 [INFO] wepppy.run.thinning-soil-validation-20260925.disturbed:   Generating MOFE soil file with SoilMultipleOfeSynth...
2026-09-25 16:08:08 [INFO] wepppy.run.thinning-soil-validation-20260925.disturbed:   Generating MOFE soil file with SoilMultipleOfeSynth... done. (0.00s)
2026-09-25 16:08:08 [INFO] wepppy.run.thinning-soil-validation-20260925.disturbed:   Generating MOFE soil file with SoilMultipleOfeSynth...
2026-09-25 16:08:08 [INFO] wepppy.run.thinning-soil-validation-20260925.disturbed:   Generating MOFE soil file with SoilMultipleOfeSynth... done. (0.00s)
2026-09-25 16:08:08 [INFO] wepppy.run.thinning-soil-validation-20260925.disturbed:   Generating MOFE soil file with SoilMultipleOfeSynth...
2026-09-25 16:08:08 [INFO] wepppy.run.thinning-soil-validation-20260925.disturbed:   Generating MOFE soil file with SoilMultipleOfeSynth... done. (0.00s)
2026-09-25 16:08:08 [INFO] wepppy.run.thinning-soil-validation-20260925.disturbed:   Generating MOFE soil file with SoilMultipleOfeSynth...
2026-09-25 16:08:08 [INFO] wepppy.run.thinning-soil-validation-20260925.disturbed:   Generating MOFE soil file with SoilMultipleOfeSynth... done. (0.00s)
2026-09-25 16:08:08 [INFO] wepppy.run.thinning-soil-validation-20260925.disturbed:   Generating MOFE soil file with SoilMultipleOfeSynth...
2026-09-25 16:08:08 [INFO] wepppy.run.thinning-soil-validation-20260925.disturbed:   Generating MOFE soil file with SoilMultipleOfeSynth... done. (0.00s)
2026-09-25 16:08:08 [INFO] wepppy.run.thinning-soil-validation-20260925.disturbed:   Generating MOFE soil file with SoilMultipleOfeSynth...
2026-09-25 16:08:08 [INFO] wepppy.run.thinning-soil-validation-20260925.disturbed:   Generating MOFE soil file with SoilMultipleOfeSynth... done. (0.00s)
2026-09-25 16:08:08 [INFO] wepppy.run.thinning-soil-validation-20260925.disturbed:   Generating MOFE soil file with SoilMultipleOfeSynth...
2026-09-25 16:08:08 [INFO] wepppy.run.thinning-soil-validation-20260925.disturbed:   Generating MOFE soil file with SoilMultipleOfeSynth... done. (0.00s)
2026-09-25 16:08:08 [INFO] wepppy.run.thinning-soil-validation-20260925.disturbed:   Generating MOFE soil file with SoilMultipleOfeSynth...
2026-09-25 16:08:08 [INFO] wepppy.run.thinning-soil-validation-20260925.disturbed:   Generating MOFE soil file with SoilMultipleOfeSynth... done. (0.00s)
2026-09-25 16:08:08 [INFO] wepppy.run.thinning-soil-validation-20260925.disturbed:   Generating MOFE soil file with SoilMultipleOfeSynth...
2026-09-25 16:08:08 [INFO] wepppy.run.thinning-soil-validation-20260925.disturbed:   Generating MOFE soil file with SoilMultipleOfeSynth... done. (0.00s)
2026-09-25 16:08:08 [INFO] wepppy.run.thinning-soil-validation-20260925.disturbed:   Generating MOFE soil file with SoilMultipleOfeSynth...
2026-09-25 16:08:08 [INFO] wepppy.run.thinning-soil-validation-20260925.disturbed:   Generating MOFE soil file with SoilMultipleOfeSynth... done. (0.00s)
2026-09-25 16:08:08 [INFO] wepppy.run.thinning-soil-validation-20260925.disturbed:   Generating MOFE soil file with SoilMultipleOfeSynth...
2026-09-25 16:08:08 [INFO] wepppy.run.thinning-soil-validation-20260925.disturbed:   Generating MOFE soil file with SoilMultipleOfeSynth... done. (0.00s)
2026-09-25 16:08:08 [INFO] wepppy.run.thinning-soil-validation-20260925.disturbed:   Generating MOFE soil file with SoilMultipleOfeSynth...
2026-09-25 16:08:08 [INFO] wepppy.run.thinning-soil-validation-20260925.disturbed:   Generating MOFE soil file with SoilMultipleOfeSynth... done. (0.00s)
2026-09-25 16:08:08 [INFO] wepppy.run.thinning-soil-validation-20260925.disturbed:   Generating MOFE soil file with SoilMultipleOfeSynth...
2026-09-25 16:08:08 [INFO] wepppy.run.thinning-soil-validation-20260925.disturbed:   Generating MOFE soil file with SoilMultipleOfeSynth... done. (0.00s)
2026-09-25 16:08:08 [INFO] wepppy.run.thinning-soil-validation-20260925.disturbed:   Generating MOFE soil file with SoilMultipleOfeSynth...
2026-09-25 16:08:08 [INFO] wepppy.run.thinning-soil-validation-20260925.disturbed:   Generating MOFE soil file with SoilMultipleOfeSynth... done. (0.00s)
2026-09-25 16:08:08 [INFO] wepppy.run.thinning-soil-validation-20260925.disturbed:   Generating MOFE soil file with SoilMultipleOfeSynth...
2026-09-25 16:08:08 [INFO] wepppy.run.thinning-soil-validation-20260925.disturbed:   Generating MOFE soil file with SoilMultipleOfeSynth... done. (0.00s)
2026-09-25 16:08:08 [INFO] wepppy.run.thinning-soil-validation-20260925.disturbed:   Generating MOFE soil file with SoilMultipleOfeSynth...
2026-09-25 16:08:08 [INFO] wepppy.run.thinning-soil-validation-20260925.disturbed:   Generating MOFE soil file with SoilMultipleOfeSynth... done. (0.00s)
2026-09-25 16:08:08 [INFO] wepppy.run.thinning-soil-validation-20260925.disturbed:   Generating MOFE soil file with SoilMultipleOfeSynth...
2026-09-25 16:08:08 [INFO] wepppy.run.thinning-soil-validation-20260925.disturbed:   Generating MOFE soil file with SoilMultipleOfeSynth... done. (0.00s)
2026-09-25 16:08:08 [INFO] wepppy.run.thinning-soil-validation-20260925.disturbed:   Generating MOFE soil file with SoilMultipleOfeSynth...
2026-09-25 16:08:08 [INFO] wepppy.run.thinning-soil-validation-20260925.disturbed:   Generating MOFE soil file with SoilMultipleOfeSynth... done. (0.00s)
2026-09-25 16:08:08 [INFO] wepppy.run.thinning-soil-validation-20260925.disturbed:   Generating MOFE soil file with SoilMultipleOfeSynth...
2026-09-25 16:08:08 [INFO] wepppy.run.thinning-soil-validation-20260925.disturbed:   Generating MOFE soil file with SoilMultipleOfeSynth... done. (0.00s)
2026-09-25 16:08:08 [INFO] wepppy.run.thinning-soil-validation-20260925.disturbed:   Generating MOFE soil file with SoilMultipleOfeSynth...
2026-09-25 16:08:08 [INFO] wepppy.run.thinning-soil-validation-20260925.disturbed:   Generating MOFE soil file with SoilMultipleOfeSynth... done. (0.00s)
2026-09-25 16:08:08 [INFO] wepppy.run.thinning-soil-validation-20260925.disturbed:   Generating MOFE soil file with SoilMultipleOfeSynth...
2026-09-25 16:08:08 [INFO] wepppy.run.thinning-soil-validation-20260925.disturbed:   Generating MOFE soil file with SoilMultipleOfeSynth... done. (0.00s)
2026-09-25 16:08:08 [INFO] wepppy.run.thinning-soil-validation-20260925.disturbed:   Generating MOFE soil file with SoilMultipleOfeSynth...
2026-09-25 16:08:08 [INFO] wepppy.run.thinning-soil-validation-20260925.disturbed:   Generating MOFE soil file with SoilMultipleOfeSynth... done. (0.00s)
2026-09-25 16:08:08 [INFO] wepppy.run.thinning-soil-validation-20260925.disturbed:   Generating MOFE soil file with SoilMultipleOfeSynth...
2026-09-25 16:08:08 [INFO] wepppy.run.thinning-soil-validation-20260925.disturbed:   Generating MOFE soil file with SoilMultipleOfeSynth... done. (0.01s)
2026-09-25 16:08:08 [INFO] wepppy.run.thinning-soil-validation-20260925.disturbed:   Generating MOFE soil file with SoilMultipleOfeSynth...
2026-09-25 16:08:08 [INFO] wepppy.run.thinning-soil-validation-20260925.disturbed:   Generating MOFE soil file with SoilMultipleOfeSynth... done. (0.00s)
2026-09-25 16:08:08 [INFO] wepppy.run.thinning-soil-validation-20260925.disturbed:   Generating MOFE soil file with SoilMultipleOfeSynth...
2026-09-25 16:08:08 [INFO] wepppy.run.thinning-soil-validation-20260925.disturbed:   Generating MOFE soil file with SoilMultipleOfeSynth... done. (0.00s)
2026-09-25 16:08:08 [INFO] wepppy.run.thinning-soil-validation-20260925.disturbed:   Generating MOFE soil file with SoilMultipleOfeSynth...
2026-09-25 16:08:08 [INFO] wepppy.run.thinning-soil-validation-20260925.disturbed:   Generating MOFE soil file with SoilMultipleOfeSynth... done. (0.00s)
2026-09-25 16:08:08 [INFO] wepppy.run.thinning-soil-validation-20260925.disturbed:   Generating MOFE soil file with SoilMultipleOfeSynth...
2026-09-25 16:08:08 [INFO] wepppy.run.thinning-soil-validation-20260925.disturbed:   Generating MOFE soil file with SoilMultipleOfeSynth... done. (0.00s)
2026-09-25 16:08:08 [INFO] wepppy.run.thinning-soil-validation-20260925.disturbed:   Generating MOFE soil file with SoilMultipleOfeSynth...
2026-09-25 16:08:08 [INFO] wepppy.run.thinning-soil-validation-20260925.disturbed:   Generating MOFE soil file with SoilMultipleOfeSynth... done. (0.00s)
2026-09-25 16:08:08 [INFO] wepppy.run.thinning-soil-validation-20260925.disturbed:   Generating MOFE soil file with SoilMultipleOfeSynth...
2026-09-25 16:08:08 [INFO] wepppy.run.thinning-soil-validation-20260925.disturbed:   Generating MOFE soil file with SoilMultipleOfeSynth... done. (0.01s)
2026-09-25 16:08:08 [INFO] wepppy.run.thinning-soil-validation-20260925.disturbed:   Generating MOFE soil file with SoilMultipleOfeSynth...
2026-09-25 16:08:08 [INFO] wepppy.run.thinning-soil-validation-20260925.disturbed:   Generating MOFE soil file with SoilMultipleOfeSynth... done. (0.01s)
2026-09-25 16:08:08 [INFO] wepppy.run.thinning-soil-validation-20260925.disturbed:   Generating MOFE soil file with SoilMultipleOfeSynth...
2026-09-25 16:08:08 [INFO] wepppy.run.thinning-soil-validation-20260925.disturbed:   Generating MOFE soil file with SoilMultipleOfeSynth... done. (0.00s)
2026-09-25 16:08:08 [INFO] wepppy.run.thinning-soil-validation-20260925.disturbed:   Generating MOFE soil file with SoilMultipleOfeSynth...
2026-09-25 16:08:08 [INFO] wepppy.run.thinning-soil-validation-20260925.disturbed:   Generating MOFE soil file with SoilMultipleOfeSynth... done. (0.00s)
2026-09-25 16:08:08 [INFO] wepppy.run.thinning-soil-validation-20260925.disturbed:   Generating MOFE soil file with SoilMultipleOfeSynth...
2026-09-25 16:08:08 [INFO] wepppy.run.thinning-soil-validation-20260925.disturbed:   Generating MOFE soil file with SoilMultipleOfeSynth... done. (0.00s)
2026-09-25 16:08:08 [INFO] wepppy.run.thinning-soil-validation-20260925.disturbed:   Generating MOFE soil file with SoilMultipleOfeSynth...
2026-09-25 16:08:08 [INFO] wepppy.run.thinning-soil-validation-20260925.disturbed:   Generating MOFE soil file with SoilMultipleOfeSynth... done. (0.00s)
2026-09-25 16:08:08 [INFO] wepppy.run.thinning-soil-validation-20260925.disturbed:   Generating MOFE soil file with SoilMultipleOfeSynth...
2026-09-25 16:08:08 [INFO] wepppy.run.thinning-soil-validation-20260925.disturbed:   Generating MOFE soil file with SoilMultipleOfeSynth... done. (0.00s)
2026-09-25 16:08:08 [INFO] wepppy.run.thinning-soil-validation-20260925.disturbed:   Generating MOFE soil file with SoilMultipleOfeSynth...
2026-09-25 16:08:08 [INFO] wepppy.run.thinning-soil-validation-20260925.disturbed:   Generating MOFE soil file with SoilMultipleOfeSynth... done. (0.00s)
2026-09-25 16:08:08 [INFO] wepppy.run.thinning-soil-validation-20260925.disturbed:   Generating MOFE soil file with SoilMultipleOfeSynth...
2026-09-25 16:08:08 [INFO] wepppy.run.thinning-soil-validation-20260925.disturbed:   Generating MOFE soil file with SoilMultipleOfeSynth... done. (0.01s)
2026-09-25 16:08:08 [INFO] wepppy.run.thinning-soil-validation-20260925.disturbed:   Generating MOFE soil file with SoilMultipleOfeSynth...
2026-09-25 16:08:08 [INFO] wepppy.run.thinning-soil-validation-20260925.disturbed:   Generating MOFE soil file with SoilMultipleOfeSynth... done. (0.00s)
2026-09-25 16:08:08 [INFO] wepppy.run.thinning-soil-validation-20260925.disturbed:   Generating MOFE soil file with SoilMultipleOfeSynth...
2026-09-25 16:08:08 [INFO] wepppy.run.thinning-soil-validation-20260925.disturbed:   Generating MOFE soil file with SoilMultipleOfeSynth... done. (0.00s)
2026-09-25 16:08:08 [INFO] wepppy.run.thinning-soil-validation-20260925.disturbed:   Generating MOFE soil file with SoilMultipleOfeSynth...
2026-09-25 16:08:08 [INFO] wepppy.run.thinning-soil-validation-20260925.disturbed:   Generating MOFE soil file with SoilMultipleOfeSynth... done. (0.01s)
2026-09-25 16:08:08 [INFO] wepppy.run.thinning-soil-validation-20260925.disturbed:   Generating MOFE soil file with SoilMultipleOfeSynth...
2026-09-25 16:08:08 [INFO] wepppy.run.thinning-soil-validation-20260925.disturbed:   Generating MOFE soil file with SoilMultipleOfeSynth... done. (0.00s)
2026-09-25 16:08:08 [INFO] wepppy.run.thinning-soil-validation-20260925.disturbed:   Generating MOFE soil file with SoilMultipleOfeSynth...
2026-09-25 16:08:08 [INFO] wepppy.run.thinning-soil-validation-20260925.disturbed:   Generating MOFE soil file with SoilMultipleOfeSynth... done. (0.00s)
2026-09-25 16:08:08 [INFO] wepppy.run.thinning-soil-validation-20260925.disturbed:   Generating MOFE soil file with SoilMultipleOfeSynth...
2026-09-25 16:08:08 [INFO] wepppy.run.thinning-soil-validation-20260925.disturbed:   Generating MOFE soil file with SoilMultipleOfeSynth... done. (0.01s)
2026-09-25 16:08:08 [INFO] wepppy.run.thinning-soil-validation-20260925.disturbed:   Generating MOFE soil file with SoilMultipleOfeSynth...
2026-09-25 16:08:08 [INFO] wepppy.run.thinning-soil-validation-20260925.disturbed:   Generating MOFE soil file with SoilMultipleOfeSynth... done. (0.00s)
2026-09-25 16:08:08 [INFO] wepppy.run.thinning-soil-validation-20260925.disturbed:   Generating MOFE soil file with SoilMultipleOfeSynth...
2026-09-25 16:08:08 [INFO] wepppy.run.thinning-soil-validation-20260925.disturbed:   Generating MOFE soil file with SoilMultipleOfeSynth... done. (0.01s)
2026-09-25 16:08:08 [INFO] wepppy.run.thinning-soil-validation-20260925.disturbed:   Generating MOFE soil file with SoilMultipleOfeSynth...
2026-09-25 16:08:08 [INFO] wepppy.run.thinning-soil-validation-20260925.disturbed:   Generating MOFE soil file with SoilMultipleOfeSynth... done. (0.00s)
2026-09-25 16:08:08 [INFO] wepppy.run.thinning-soil-validation-20260925.disturbed:   Generating MOFE soil file with SoilMultipleOfeSynth...
2026-09-25 16:08:08 [INFO] wepppy.run.thinning-soil-validation-20260925.disturbed:   Generating MOFE soil file with SoilMultipleOfeSynth... done. (0.01s)
2026-09-25 16:08:08 [INFO] wepppy.run.thinning-soil-validation-20260925.disturbed:   Generating MOFE soil file with SoilMultipleOfeSynth...
2026-09-25 16:08:08 [INFO] wepppy.run.thinning-soil-validation-20260925.disturbed:   Generating MOFE soil file with SoilMultipleOfeSynth... done. (0.00s)
2026-09-25 16:08:08 [INFO] wepppy.run.thinning-soil-validation-20260925.disturbed:   Generating MOFE soil file with SoilMultipleOfeSynth...
2026-09-25 16:08:08 [INFO] wepppy.run.thinning-soil-validation-20260925.disturbed:   Generating MOFE soil file with SoilMultipleOfeSynth... done. (0.00s)
2026-09-25 16:08:08 [INFO] wepppy.run.thinning-soil-validation-20260925.disturbed:   Generating MOFE soil file with SoilMultipleOfeSynth...
2026-09-25 16:08:08 [INFO] wepppy.run.thinning-soil-validation-20260925.disturbed:   Generating MOFE soil file with SoilMultipleOfeSynth... done. (0.00s)
2026-09-25 16:08:08 [INFO] wepppy.run.thinning-soil-validation-20260925.disturbed:   Generating MOFE soil file with SoilMultipleOfeSynth...
2026-09-25 16:08:08 [INFO] wepppy.run.thinning-soil-validation-20260925.disturbed:   Generating MOFE soil file with SoilMultipleOfeSynth... done. (0.00s)
2026-09-25 16:08:08 [INFO] wepppy.run.thinning-soil-validation-20260925.disturbed:   Generating MOFE soil file with SoilMultipleOfeSynth...
2026-09-25 16:08:08 [INFO] wepppy.run.thinning-soil-validation-20260925.disturbed:   Generating MOFE soil file with SoilMultipleOfeSynth... done. (0.00s)
2026-09-25 16:08:08 [INFO] wepppy.run.thinning-soil-validation-20260925.disturbed:   Generating MOFE soil file with SoilMultipleOfeSynth...
2026-09-25 16:08:08 [INFO] wepppy.run.thinning-soil-validation-20260925.disturbed:   Generating MOFE soil file with SoilMultipleOfeSynth... done. (0.00s)
2026-09-25 16:08:08 [INFO] wepppy.run.thinning-soil-validation-20260925.disturbed:   Generating MOFE soil file with SoilMultipleOfeSynth...
2026-09-25 16:08:08 [INFO] wepppy.run.thinning-soil-validation-20260925.disturbed:   Generating MOFE soil file with SoilMultipleOfeSynth... done. (0.00s)
2026-09-25 16:08:08 [INFO] wepppy.run.thinning-soil-validation-20260925.disturbed:   Generating MOFE soil file with SoilMultipleOfeSynth...
2026-09-25 16:08:08 [INFO] wepppy.run.thinning-soil-validation-20260925.disturbed:   Generating MOFE soil file with SoilMultipleOfeSynth... done. (0.00s)
2026-09-25 16:08:08 [INFO] wepppy.run.thinning-soil-validation-20260925.disturbed:   Generating MOFE soil file with SoilMultipleOfeSynth...
2026-09-25 16:08:08 [INFO] wepppy.run.thinning-soil-validation-20260925.disturbed:   Generating MOFE soil file with SoilMultipleOfeSynth... done. (0.01s)
2026-09-25 16:08:08 [INFO] wepppy.run.thinning-soil-validation-20260925.disturbed:   Generating MOFE soil file with SoilMultipleOfeSynth...
2026-09-25 16:08:08 [INFO] wepppy.run.thinning-soil-validation-20260925.disturbed:   Generating MOFE soil file with SoilMultipleOfeSynth... done. (0.01s)
2026-09-25 16:08:08 [INFO] wepppy.run.thinning-soil-validation-20260925.disturbed:   Generating MOFE soil file with SoilMultipleOfeSynth...
2026-09-25 16:08:08 [INFO] wepppy.run.thinning-soil-validation-20260925.disturbed:   Generating MOFE soil file with SoilMultipleOfeSynth... done. (0.00s)
2026-09-25 16:08:08 [INFO] wepppy.run.thinning-soil-validation-20260925.disturbed:   Generating MOFE soil file with SoilMultipleOfeSynth...
2026-09-25 16:08:08 [INFO] wepppy.run.thinning-soil-validation-20260925.disturbed:   Generating MOFE soil file with SoilMultipleOfeSynth... done. (0.00s)
2026-09-25 16:08:08 [INFO] wepppy.run.thinning-soil-validation-20260925.disturbed:   Generating MOFE soil file with SoilMultipleOfeSynth...
2026-09-25 16:08:08 [INFO] wepppy.run.thinning-soil-validation-20260925.disturbed:   Generating MOFE soil file with SoilMultipleOfeSynth... done. (0.01s)
2026-09-25 16:08:08 [INFO] wepppy.run.thinning-soil-validation-20260925.disturbed:   Generating MOFE soil file with SoilMultipleOfeSynth...
2026-09-25 16:08:08 [INFO] wepppy.run.thinning-soil-validation-20260925.disturbed:   Generating MOFE soil file with SoilMultipleOfeSynth... done. (0.00s)
2026-09-25 16:08:08 [INFO] wepppy.run.thinning-soil-validation-20260925.disturbed:   Generating MOFE soil file with SoilMultipleOfeSynth...
2026-09-25 16:08:08 [INFO] wepppy.run.thinning-soil-validation-20260925.disturbed:   Generating MOFE soil file with SoilMultipleOfeSynth... done. (0.00s)
2026-09-25 16:08:08 [INFO] wepppy.run.thinning-soil-validation-20260925.disturbed:   Generating MOFE soil file with SoilMultipleOfeSynth...
2026-09-25 16:08:08 [INFO] wepppy.run.thinning-soil-validation-20260925.disturbed:   Generating MOFE soil file with SoilMultipleOfeSynth... done. (0.01s)
2026-09-25 16:08:08 [INFO] wepppy.run.thinning-soil-validation-20260925.disturbed:   Generating MOFE soil file with SoilMultipleOfeSynth...
2026-09-25 16:08:08 [INFO] wepppy.run.thinning-soil-validation-20260925.disturbed:   Generating MOFE soil file with SoilMultipleOfeSynth... done. (0.00s)
2026-09-25 16:08:08 [INFO] wepppy.run.thinning-soil-validation-20260925.disturbed:   Generating MOFE soil file with SoilMultipleOfeSynth...
2026-09-25 16:08:08 [INFO] wepppy.run.thinning-soil-validation-20260925.disturbed:   Generating MOFE soil file with SoilMultipleOfeSynth... done. (0.00s)
2026-09-25 16:08:08 [INFO] wepppy.run.thinning-soil-validation-20260925.disturbed:   Generating MOFE soil file with SoilMultipleOfeSynth...
2026-09-25 16:08:08 [INFO] wepppy.run.thinning-soil-validation-20260925.disturbed:   Generating MOFE soil file with SoilMultipleOfeSynth... done. (0.00s)
2026-09-25 16:08:08 [INFO] wepppy.run.thinning-soil-validation-20260925.disturbed:   Generating MOFE soil file with SoilMultipleOfeSynth...
2026-09-25 16:08:08 [INFO] wepppy.run.thinning-soil-validation-20260925.disturbed:   Generating MOFE soil file with SoilMultipleOfeSynth... done. (0.01s)
2026-09-25 16:08:08 [INFO] wepppy.run.thinning-soil-validation-20260925.disturbed:   Generating MOFE soil file with SoilMultipleOfeSynth...
2026-09-25 16:08:08 [INFO] wepppy.run.thinning-soil-validation-20260925.disturbed:   Generating MOFE soil file with SoilMultipleOfeSynth... done. (0.00s)
2026-09-25 16:08:08 [INFO] wepppy.run.thinning-soil-validation-20260925.disturbed:   Generating MOFE soil file with SoilMultipleOfeSynth...
2026-09-25 16:08:08 [INFO] wepppy.run.thinning-soil-validation-20260925.disturbed:   Generating MOFE soil file with SoilMultipleOfeSynth... done. (0.00s)
2026-09-25 16:08:08 [INFO] wepppy.run.thinning-soil-validation-20260925.disturbed:   Generating MOFE soil file with SoilMultipleOfeSynth...
2026-09-25 16:08:08 [INFO] wepppy.run.thinning-soil-validation-20260925.disturbed:   Generating MOFE soil file with SoilMultipleOfeSynth... done. (0.00s)
2026-09-25 16:08:08 [INFO] wepppy.run.thinning-soil-validation-20260925.disturbed:   Generating MOFE soil file with SoilMultipleOfeSynth...
2026-09-25 16:08:08 [INFO] wepppy.run.thinning-soil-validation-20260925.disturbed:   Generating MOFE soil file with SoilMultipleOfeSynth... done. (0.00s)
2026-09-25 16:08:08 [INFO] wepppy.run.thinning-soil-validation-20260925.disturbed:   Generating MOFE soil file with SoilMultipleOfeSynth...
2026-09-25 16:08:08 [INFO] wepppy.run.thinning-soil-validation-20260925.disturbed:   Generating MOFE soil file with SoilMultipleOfeSynth... done. (0.01s)
2026-09-25 16:08:08 [INFO] wepppy.run.thinning-soil-validation-20260925.disturbed:   Generating MOFE soil file with SoilMultipleOfeSynth...
2026-09-25 16:08:08 [INFO] wepppy.run.thinning-soil-validation-20260925.disturbed:   Generating MOFE soil file with SoilMultipleOfeSynth... done. (0.00s)
2026-09-25 16:08:08 [INFO] wepppy.run.thinning-soil-validation-20260925.disturbed:   Generating MOFE soil file with SoilMultipleOfeSynth...
2026-09-25 16:08:08 [INFO] wepppy.run.thinning-soil-validation-20260925.disturbed:   Generating MOFE soil file with SoilMultipleOfeSynth... done. (0.00s)
2026-09-25 16:08:08 [INFO] wepppy.run.thinning-soil-validation-20260925.disturbed:   Generating MOFE soil file with SoilMultipleOfeSynth...
2026-09-25 16:08:08 [INFO] wepppy.run.thinning-soil-validation-20260925.disturbed:   Generating MOFE soil file with SoilMultipleOfeSynth... done. (0.00s)
2026-09-25 16:08:08 [INFO] wepppy.run.thinning-soil-validation-20260925.disturbed:   Generating MOFE soil file with SoilMultipleOfeSynth...
2026-09-25 16:08:08 [INFO] wepppy.run.thinning-soil-validation-20260925.disturbed:   Generating MOFE soil file with SoilMultipleOfeSynth... done. (0.00s)
2026-09-25 16:08:08 [INFO] wepppy.run.thinning-soil-validation-20260925.disturbed:   Generating MOFE soil file with SoilMultipleOfeSynth...
2026-09-25 16:08:08 [INFO] wepppy.run.thinning-soil-validation-20260925.disturbed:   Generating MOFE soil file with SoilMultipleOfeSynth... done. (0.00s)
2026-09-25 16:08:08 [INFO] wepppy.run.thinning-soil-validation-20260925.disturbed:   Generating MOFE soil file with SoilMultipleOfeSynth...
2026-09-25 16:08:08 [INFO] wepppy.run.thinning-soil-validation-20260925.disturbed:   Generating MOFE soil file with SoilMultipleOfeSynth... done. (0.00s)
2026-09-25 16:08:08 [INFO] wepppy.run.thinning-soil-validation-20260925.disturbed:   Generating MOFE soil file with SoilMultipleOfeSynth...
2026-09-25 16:08:08 [INFO] wepppy.run.thinning-soil-validation-20260925.disturbed:   Generating MOFE soil file with SoilMultipleOfeSynth... done. (0.00s)
2026-09-25 16:08:08 [INFO] wepppy.run.thinning-soil-validation-20260925.disturbed:   Generating MOFE soil file with SoilMultipleOfeSynth...
2026-09-25 16:08:08 [INFO] wepppy.run.thinning-soil-validation-20260925.disturbed:   Generating MOFE soil file with SoilMultipleOfeSynth... done. (0.00s)
2026-09-25 16:08:08 [INFO] wepppy.run.thinning-soil-validation-20260925.disturbed:   Generating MOFE soil file with SoilMultipleOfeSynth...
2026-09-25 16:08:08 [INFO] wepppy.run.thinning-soil-validation-20260925.disturbed:   Generating MOFE soil file with SoilMultipleOfeSynth... done. (0.00s)
2026-09-25 16:08:08 [INFO] wepppy.run.thinning-soil-validation-20260925.disturbed:   Generating MOFE soil file with SoilMultipleOfeSynth...
2026-09-25 16:08:08 [INFO] wepppy.run.thinning-soil-validation-20260925.disturbed:   Generating MOFE soil file with SoilMultipleOfeSynth... done. (0.00s)
2026-09-25 16:08:08 [INFO] wepppy.run.thinning-soil-validation-20260925.disturbed:   Generating MOFE soil file with SoilMultipleOfeSynth...
2026-09-25 16:08:08 [INFO] wepppy.run.thinning-soil-validation-20260925.disturbed:   Generating MOFE soil file with SoilMultipleOfeSynth... done. (0.00s)
2026-09-25 16:08:08 [INFO] wepppy.run.thinning-soil-validation-20260925.disturbed:   Generating MOFE soil file with SoilMultipleOfeSynth...
2026-09-25 16:08:08 [INFO] wepppy.run.thinning-soil-validation-20260925.disturbed:   Generating MOFE soil file with SoilMultipleOfeSynth... done. (0.00s)
2026-09-25 16:08:08 [INFO] wepppy.run.thinning-soil-validation-20260925.disturbed:   Generating MOFE soil file with SoilMultipleOfeSynth...
2026-09-25 16:08:08 [INFO] wepppy.run.thinning-soil-validation-20260925.disturbed:   Generating MOFE soil file with SoilMultipleOfeSynth... done. (0.00s)
2026-09-25 16:08:08 [INFO] wepppy.run.thinning-soil-validation-20260925.disturbed:   Generating MOFE soil file with SoilMultipleOfeSynth...
2026-09-25 16:08:08 [INFO] wepppy.run.thinning-soil-validation-20260925.disturbed:   Generating MOFE soil file with SoilMultipleOfeSynth... done. (0.00s)
2026-09-25 16:08:08 [INFO] wepppy.run.thinning-soil-validation-20260925.disturbed:   Generating MOFE soil file with SoilMultipleOfeSynth...
2026-09-25 16:08:08 [INFO] wepppy.run.thinning-soil-validation-20260925.disturbed:   Generating MOFE soil file with SoilMultipleOfeSynth... done. (0.00s)
2026-09-25 16:08:08 [INFO] wepppy.run.thinning-soil-validation-20260925.disturbed:   Generating MOFE soil file with SoilMultipleOfeSynth...
2026-09-25 16:08:08 [INFO] wepppy.run.thinning-soil-validation-20260925.disturbed:   Generating MOFE soil file with SoilMultipleOfeSynth... done. (0.00s)
2026-09-25 16:08:08 [INFO] wepppy.run.thinning-soil-validation-20260925.disturbed:   Generating MOFE soil file with SoilMultipleOfeSynth...
2026-09-25 16:08:08 [INFO] wepppy.run.thinning-soil-validation-20260925.disturbed:   Generating MOFE soil file with SoilMultipleOfeSynth... done. (0.00s)
2026-09-25 16:08:08 [INFO] wepppy.run.thinning-soil-validation-20260925.disturbed:   Generating MOFE soil file with SoilMultipleOfeSynth...
2026-09-25 16:08:08 [INFO] wepppy.run.thinning-soil-validation-20260925.disturbed:   Generating MOFE soil file with SoilMultipleOfeSynth... done. (0.00s)
2026-09-25 16:08:08 [INFO] wepppy.run.thinning-soil-validation-20260925.disturbed:   Generating MOFE soil file with SoilMultipleOfeSynth...
2026-09-25 16:08:08 [INFO] wepppy.run.thinning-soil-validation-20260925.disturbed:   Generating MOFE soil file with SoilMultipleOfeSynth... done. (0.00s)
2026-09-25 16:08:08 [INFO] wepppy.run.thinning-soil-validation-20260925.disturbed:   Generating MOFE soil file with SoilMultipleOfeSynth...
2026-09-25 16:08:08 [INFO] wepppy.run.thinning-soil-validation-20260925.disturbed:   Generating MOFE soil file with SoilMultipleOfeSynth... done. (0.00s)
2026-09-25 16:08:08 [INFO] wepppy.run.thinning-soil-validation-20260925.disturbed:   Generating MOFE soil file with SoilMultipleOfeSynth...
2026-09-25 16:08:08 [INFO] wepppy.run.thinning-soil-validation-20260925.disturbed:   Generating MOFE soil file with SoilMultipleOfeSynth... done. (0.01s)
2026-09-25 16:08:08 [INFO] wepppy.run.thinning-soil-validation-20260925.disturbed:   Generating MOFE soil file with SoilMultipleOfeSynth...
2026-09-25 16:08:08 [INFO] wepppy.run.thinning-soil-validation-20260925.disturbed:   Generating MOFE soil file with SoilMultipleOfeSynth... done. (0.00s)
2026-09-25 16:08:08 [INFO] wepppy.run.thinning-soil-validation-20260925.disturbed:   Generating MOFE soil file with SoilMultipleOfeSynth...
2026-09-25 16:08:08 [INFO] wepppy.run.thinning-soil-validation-20260925.disturbed:   Generating MOFE soil file with SoilMultipleOfeSynth... done. (0.00s)
2026-09-25 16:08:08 [INFO] wepppy.run.thinning-soil-validation-20260925.disturbed:   Generating MOFE soil file with SoilMultipleOfeSynth...
2026-09-25 16:08:08 [INFO] wepppy.run.thinning-soil-validation-20260925.disturbed:   Generating MOFE soil file with SoilMultipleOfeSynth... done. (0.00s)
2026-09-25 16:08:08 [INFO] wepppy.run.thinning-soil-validation-20260925.disturbed:   Generating MOFE soil file with SoilMultipleOfeSynth...
2026-09-25 16:08:08 [INFO] wepppy.run.thinning-soil-validation-20260925.disturbed:   Generating MOFE soil file with SoilMultipleOfeSynth... done. (0.00s)
2026-09-25 16:08:08 [INFO] wepppy.run.thinning-soil-validation-20260925.disturbed:   Generating MOFE soil file with SoilMultipleOfeSynth...
2026-09-25 16:08:08 [INFO] wepppy.run.thinning-soil-validation-20260925.disturbed:   Generating MOFE soil file with SoilMultipleOfeSynth... done. (0.00s)
2026-09-25 16:08:08 [INFO] wepppy.run.thinning-soil-validation-20260925.disturbed:   Generating MOFE soil file with SoilMultipleOfeSynth...
2026-09-25 16:08:08 [INFO] wepppy.run.thinning-soil-validation-20260925.disturbed:   Generating MOFE soil file with SoilMultipleOfeSynth... done. (0.00s)
2026-09-25 16:08:08 [INFO] wepppy.run.thinning-soil-validation-20260925.disturbed:   Generating MOFE soil file with SoilMultipleOfeSynth...
2026-09-25 16:08:08 [INFO] wepppy.run.thinning-soil-validation-20260925.disturbed:   Generating MOFE soil file with SoilMultipleOfeSynth... done. (0.00s)
2026-09-25 16:08:08 [INFO] wepppy.run.thinning-soil-validation-20260925.disturbed:   Generating MOFE soil file with SoilMultipleOfeSynth...
2026-09-25 16:08:08 [INFO] wepppy.run.thinning-soil-validation-20260925.disturbed:   Generating MOFE soil file with SoilMultipleOfeSynth... done. (0.00s)
2026-09-25 16:08:08 [INFO] wepppy.run.thinning-soil-validation-20260925.disturbed:   Generating MOFE soil file with SoilMultipleOfeSynth...
2026-09-25 16:08:08 [INFO] wepppy.run.thinning-soil-validation-20260925.disturbed:   Generating MOFE soil file with SoilMultipleOfeSynth... done. (0.01s)
2026-09-25 16:08:08 [INFO] wepppy.run.thinning-soil-validation-20260925.disturbed:   Generating MOFE soil file with SoilMultipleOfeSynth...
2026-09-25 16:08:08 [INFO] wepppy.run.thinning-soil-validation-20260925.disturbed:   Generating MOFE soil file with SoilMultipleOfeSynth... done. (0.01s)
2026-09-25 16:08:08 [INFO] wepppy.run.thinning-soil-validation-20260925.disturbed:   Generating MOFE soil file with SoilMultipleOfeSynth...
2026-09-25 16:08:08 [INFO] wepppy.run.thinning-soil-validation-20260925.disturbed:   Generating MOFE soil file with SoilMultipleOfeSynth... done. (0.01s)
2026-09-25 16:08:08 [INFO] wepppy.run.thinning-soil-validation-20260925.disturbed:   Generating MOFE soil file with SoilMultipleOfeSynth...
2026-09-25 16:08:08 [INFO] wepppy.run.thinning-soil-validation-20260925.disturbed:   Generating MOFE soil file with SoilMultipleOfeSynth... done. (0.01s)
2026-09-25 16:08:08 [INFO] wepppy.run.thinning-soil-validation-20260925.disturbed:   Generating MOFE soil file with SoilMultipleOfeSynth...
2026-09-25 16:08:08 [INFO] wepppy.run.thinning-soil-validation-20260925.disturbed:   Generating MOFE soil file with SoilMultipleOfeSynth... done. (0.01s)
2026-09-25 16:08:08 [INFO] wepppy.run.thinning-soil-validation-20260925.disturbed:   Generating MOFE soil file with SoilMultipleOfeSynth...
2026-09-25 16:08:08 [INFO] wepppy.run.thinning-soil-validation-20260925.disturbed:   Generating MOFE soil file with SoilMultipleOfeSynth... done. (0.01s)
2026-09-25 16:08:08 [INFO] wepppy.run.thinning-soil-validation-20260925.disturbed:   Generating MOFE soil file with SoilMultipleOfeSynth...
2026-09-25 16:08:08 [INFO] wepppy.run.thinning-soil-validation-20260925.disturbed:   Generating MOFE soil file with SoilMultipleOfeSynth... done. (0.01s)
2026-09-25 16:08:08 [INFO] wepppy.run.thinning-soil-validation-20260925.disturbed:   Generating MOFE soil file with SoilMultipleOfeSynth...
2026-09-25 16:08:08 [INFO] wepppy.run.thinning-soil-validation-20260925.disturbed:   Generating MOFE soil file with SoilMultipleOfeSynth... done. (0.01s)
2026-09-25 16:08:08 [INFO] wepppy.run.thinning-soil-validation-20260925.disturbed:   Generating MOFE soil file with SoilMultipleOfeSynth...
2026-09-25 16:08:08 [INFO] wepppy.run.thinning-soil-validation-20260925.disturbed:   Generating MOFE soil file with SoilMultipleOfeSynth... done. (0.01s)
2026-09-25 16:08:08 [INFO] wepppy.run.thinning-soil-validation-20260925.disturbed:   Generating MOFE soil file with SoilMultipleOfeSynth...
2026-09-25 16:08:08 [INFO] wepppy.run.thinning-soil-validation-20260925.disturbed:   Generating MOFE soil file with SoilMultipleOfeSynth... done. (0.01s)
2026-09-25 16:08:08 [INFO] wepppy.run.thinning-soil-validation-20260925.disturbed:   Generating MOFE soil file with SoilMultipleOfeSynth...
2026-09-25 16:08:08 [INFO] wepppy.run.thinning-soil-validation-20260925.disturbed:   Generating MOFE soil file with SoilMultipleOfeSynth... done. (0.01s)
2026-09-25 16:08:08 [INFO] wepppy.run.thinning-soil-validation-20260925.disturbed:   Generating MOFE soil file with SoilMultipleOfeSynth...
2026-09-25 16:08:08 [INFO] wepppy.run.thinning-soil-validation-20260925.disturbed:   Generating MOFE soil file with SoilMultipleOfeSynth... done. (0.00s)
2026-09-25 16:08:08 [INFO] wepppy.run.thinning-soil-validation-20260925.disturbed:   Generating MOFE soil file with SoilMultipleOfeSynth...
2026-09-25 16:08:08 [INFO] wepppy.run.thinning-soil-validation-20260925.disturbed:   Generating MOFE soil file with SoilMultipleOfeSynth... done. (0.01s)
2026-09-25 16:08:08 [INFO] wepppy.run.thinning-soil-validation-20260925.disturbed:   Generating MOFE soil file with SoilMultipleOfeSynth...
2026-09-25 16:08:08 [INFO] wepppy.run.thinning-soil-validation-20260925.disturbed:   Generating MOFE soil file with SoilMultipleOfeSynth... done. (0.01s)
2026-09-25 16:08:08 [INFO] wepppy.run.thinning-soil-validation-20260925.disturbed:   Generating MOFE soil file with SoilMultipleOfeSynth...
2026-09-25 16:08:08 [INFO] wepppy.run.thinning-soil-validation-20260925.disturbed:   Generating MOFE soil file with SoilMultipleOfeSynth... done. (0.00s)
2026-09-25 16:08:08 [INFO] wepppy.run.thinning-soil-validation-20260925.disturbed:   Generating MOFE soil file with SoilMultipleOfeSynth...
2026-09-25 16:08:08 [INFO] wepppy.run.thinning-soil-validation-20260925.disturbed:   Generating MOFE soil file with SoilMultipleOfeSynth... done. (0.01s)
2026-09-25 16:08:08 [INFO] wepppy.run.thinning-soil-validation-20260925.disturbed:   Generating MOFE soil file with SoilMultipleOfeSynth...
2026-09-25 16:08:08 [INFO] wepppy.run.thinning-soil-validation-20260925.disturbed:   Generating MOFE soil file with SoilMultipleOfeSynth... done. (0.01s)
2026-09-25 16:08:08 [INFO] wepppy.run.thinning-soil-validation-20260925.disturbed:   Generating MOFE soil file with SoilMultipleOfeSynth...
2026-09-25 16:08:08 [INFO] wepppy.run.thinning-soil-validation-20260925.disturbed:   Generating MOFE soil file with SoilMultipleOfeSynth... done. (0.01s)
2026-09-25 16:08:08 [INFO] wepppy.run.thinning-soil-validation-20260925.disturbed:   Generating MOFE soil file with SoilMultipleOfeSynth...
2026-09-25 16:08:08 [INFO] wepppy.run.thinning-soil-validation-20260925.disturbed:   Generating MOFE soil file with SoilMultipleOfeSynth... done. (0.01s)
2026-09-25 16:08:08 [INFO] wepppy.run.thinning-soil-validation-20260925.disturbed:   Generating MOFE soil file with SoilMultipleOfeSynth...
2026-09-25 16:08:08 [INFO] wepppy.run.thinning-soil-validation-20260925.disturbed:   Generating MOFE soil file with SoilMultipleOfeSynth... done. (0.00s)
2026-09-25 16:08:08 [INFO] wepppy.run.thinning-soil-validation-20260925.disturbed:   Generating MOFE soil file with SoilMultipleOfeSynth...
2026-09-25 16:08:08 [INFO] wepppy.run.thinning-soil-validation-20260925.disturbed:   Generating MOFE soil file with SoilMultipleOfeSynth... done. (0.01s)
2026-09-25 16:08:08 [INFO] wepppy.run.thinning-soil-validation-20260925.disturbed:   Generating MOFE soil file with SoilMultipleOfeSynth...
2026-09-25 16:08:08 [INFO] wepppy.run.thinning-soil-validation-20260925.disturbed:   Generating MOFE soil file with SoilMultipleOfeSynth... done. (0.01s)
2026-09-25 16:08:08 [INFO] wepppy.run.thinning-soil-validation-20260925.disturbed:   Generating MOFE soil file with SoilMultipleOfeSynth...
2026-09-25 16:08:08 [INFO] wepppy.run.thinning-soil-validation-20260925.disturbed:   Generating MOFE soil file with SoilMultipleOfeSynth... done. (0.01s)
2026-09-25 16:08:08 [INFO] wepppy.run.thinning-soil-validation-20260925.disturbed:   Generating MOFE soil file with SoilMultipleOfeSynth...
2026-09-25 16:08:08 [INFO] wepppy.run.thinning-soil-validation-20260925.disturbed:   Generating MOFE soil file with SoilMultipleOfeSynth... done. (0.01s)
2026-09-25 16:08:08 [INFO] wepppy.run.thinning-soil-validation-20260925.disturbed:   Generating MOFE soil file with SoilMultipleOfeSynth...
2026-09-25 16:08:08 [INFO] wepppy.run.thinning-soil-validation-20260925.disturbed:   Generating MOFE soil file with SoilMultipleOfeSynth... done. (0.00s)
2026-09-25 16:08:08 [INFO] wepppy.run.thinning-soil-validation-20260925.disturbed:   Generating MOFE soil file with SoilMultipleOfeSynth...
2026-09-25 16:08:08 [INFO] wepppy.run.thinning-soil-validation-20260925.disturbed:   Generating MOFE soil file with SoilMultipleOfeSynth... done. (0.00s)
2026-09-25 16:08:08 [INFO] wepppy.run.thinning-soil-validation-20260925.disturbed:   Generating MOFE soil file with SoilMultipleOfeSynth...
2026-09-25 16:08:08 [INFO] wepppy.run.thinning-soil-validation-20260925.disturbed:   Generating MOFE soil file with SoilMultipleOfeSynth... done. (0.00s)
2026-09-25 16:08:08 [INFO] wepppy.run.thinning-soil-validation-20260925.disturbed:   Generating MOFE soil file with SoilMultipleOfeSynth...
2026-09-25 16:08:08 [INFO] wepppy.run.thinning-soil-validation-20260925.disturbed:   Generating MOFE soil file with SoilMultipleOfeSynth... done. (0.01s)
2026-09-25 16:08:08 [INFO] wepppy.run.thinning-soil-validation-20260925.disturbed:   Generating MOFE soil file with SoilMultipleOfeSynth...
2026-09-25 16:08:08 [INFO] wepppy.run.thinning-soil-validation-20260925.disturbed:   Generating MOFE soil file with SoilMultipleOfeSynth... done. (0.01s)
2026-09-25 16:08:08 [INFO] wepppy.run.thinning-soil-validation-20260925.disturbed:   Generating MOFE soil file with SoilMultipleOfeSynth...
2026-09-25 16:08:08 [INFO] wepppy.run.thinning-soil-validation-20260925.disturbed:   Generating MOFE soil file with SoilMultipleOfeSynth... done. (0.00s)
2026-09-25 16:08:08 [INFO] wepppy.run.thinning-soil-validation-20260925.disturbed:   Generating MOFE soil file with SoilMultipleOfeSynth...
2026-09-25 16:08:08 [INFO] wepppy.run.thinning-soil-validation-20260925.disturbed:   Generating MOFE soil file with SoilMultipleOfeSynth... done. (0.01s)
2026-09-25 16:08:08 [INFO] wepppy.run.thinning-soil-validation-20260925.disturbed:   Generating MOFE soil file with SoilMultipleOfeSynth...
2026-09-25 16:08:08 [INFO] wepppy.run.thinning-soil-validation-20260925.disturbed:   Generating MOFE soil file with SoilMultipleOfeSynth... done. (0.00s)
2026-09-25 16:08:08 [INFO] wepppy.run.thinning-soil-validation-20260925.disturbed:   Generating MOFE soil file with SoilMultipleOfeSynth...
2026-09-25 16:08:08 [INFO] wepppy.run.thinning-soil-validation-20260925.disturbed:   Generating MOFE soil file with SoilMultipleOfeSynth... done. (0.00s)
2026-09-25 16:08:08 [INFO] wepppy.run.thinning-soil-validation-20260925.disturbed:   Generating MOFE soil file with SoilMultipleOfeSynth...
2026-09-25 16:08:08 [INFO] wepppy.run.thinning-soil-validation-20260925.disturbed:   Generating MOFE soil file with SoilMultipleOfeSynth... done. (0.00s)
2026-09-25 16:08:08 [INFO] wepppy.run.thinning-soil-validation-20260925.disturbed:   Generating MOFE soil file with SoilMultipleOfeSynth...
2026-09-25 16:08:08 [INFO] wepppy.run.thinning-soil-validation-20260925.disturbed:   Generating MOFE soil file with SoilMultipleOfeSynth... done. (0.00s)
2026-09-25 16:08:08 [INFO] wepppy.run.thinning-soil-validation-20260925.disturbed:   Generating MOFE soil file with SoilMultipleOfeSynth...
2026-09-25 16:08:08 [INFO] wepppy.run.thinning-soil-validation-20260925.disturbed:   Generating MOFE soil file with SoilMultipleOfeSynth... done. (0.00s)
2026-09-25 16:08:08 [INFO] wepppy.run.thinning-soil-validation-20260925.disturbed:   Generating MOFE soil file with SoilMultipleOfeSynth...
2026-09-25 16:08:08 [INFO] wepppy.run.thinning-soil-validation-20260925.disturbed:   Generating MOFE soil file with SoilMultipleOfeSynth... done. (0.00s)
2026-09-25 16:08:08 [INFO] wepppy.run.thinning-soil-validation-20260925.disturbed:   Generating MOFE soil file with SoilMultipleOfeSynth...
2026-09-25 16:08:08 [INFO] wepppy.run.thinning-soil-validation-20260925.disturbed:   Generating MOFE soil file with SoilMultipleOfeSynth... done. (0.00s)
2026-09-25 16:08:08 [INFO] wepppy.run.thinning-soil-validation-20260925.disturbed:   Generating MOFE soil file with SoilMultipleOfeSynth...
2026-09-25 16:08:08 [INFO] wepppy.run.thinning-soil-validation-20260925.disturbed:   Generating MOFE soil file with SoilMultipleOfeSynth... done. (0.00s)
2026-09-25 16:08:08 [INFO] wepppy.run.thinning-soil-validation-20260925.disturbed:   Generating MOFE soil file with SoilMultipleOfeSynth...
2026-09-25 16:08:08 [INFO] wepppy.run.thinning-soil-validation-20260925.disturbed:   Generating MOFE soil file with SoilMultipleOfeSynth... done. (0.00s)
2026-09-25 16:08:08 [INFO] wepppy.run.thinning-soil-validation-20260925.disturbed:   Generating MOFE soil file with SoilMultipleOfeSynth...
2026-09-25 16:08:08 [INFO] wepppy.run.thinning-soil-validation-20260925.disturbed:   Generating MOFE soil file with SoilMultipleOfeSynth... done. (0.01s)
2026-09-25 16:08:08 [INFO] wepppy.run.thinning-soil-validation-20260925.disturbed:   Generating MOFE soil file with SoilMultipleOfeSynth...
2026-09-25 16:08:08 [INFO] wepppy.run.thinning-soil-validation-20260925.disturbed:   Generating MOFE soil file with SoilMultipleOfeSynth... done. (0.01s)
2026-09-25 16:08:08 [INFO] wepppy.run.thinning-soil-validation-20260925.disturbed:   Generating MOFE soil file with SoilMultipleOfeSynth...
2026-09-25 16:08:08 [INFO] wepppy.run.thinning-soil-validation-20260925.disturbed:   Generating MOFE soil file with SoilMultipleOfeSynth... done. (0.00s)
2026-09-25 16:08:08 [INFO] wepppy.run.thinning-soil-validation-20260925.disturbed:   Generating MOFE soil file with SoilMultipleOfeSynth...
2026-09-25 16:08:08 [INFO] wepppy.run.thinning-soil-validation-20260925.disturbed:   Generating MOFE soil file with SoilMultipleOfeSynth... done. (0.00s)
2026-09-25 16:08:08 [INFO] wepppy.run.thinning-soil-validation-20260925.disturbed:   Generating MOFE soil file with SoilMultipleOfeSynth...
2026-09-25 16:08:08 [INFO] wepppy.run.thinning-soil-validation-20260925.disturbed:   Generating MOFE soil file with SoilMultipleOfeSynth... done. (0.00s)
2026-09-25 16:08:08 [INFO] wepppy.run.thinning-soil-validation-20260925.disturbed:   Generating MOFE soil file with SoilMultipleOfeSynth...
2026-09-25 16:08:08 [INFO] wepppy.run.thinning-soil-validation-20260925.disturbed:   Generating MOFE soil file with SoilMultipleOfeSynth... done. (0.00s)
2026-09-25 16:08:08 [INFO] wepppy.run.thinning-soil-validation-20260925.disturbed:   Generating MOFE soil file with SoilMultipleOfeSynth...
2026-09-25 16:08:08 [INFO] wepppy.run.thinning-soil-validation-20260925.disturbed:   Generating MOFE soil file with SoilMultipleOfeSynth... done. (0.00s)
2026-09-25 16:08:08 [INFO] wepppy.run.thinning-soil-validation-20260925.disturbed:   Generating MOFE soil file with SoilMultipleOfeSynth...
2026-09-25 16:08:08 [INFO] wepppy.run.thinning-soil-validation-20260925.disturbed:   Generating MOFE soil file with SoilMultipleOfeSynth... done. (0.00s)
2026-09-25 16:08:08 [INFO] wepppy.run.thinning-soil-validation-20260925.disturbed:   Generating MOFE soil file with SoilMultipleOfeSynth...
2026-09-25 16:08:08 [INFO] wepppy.run.thinning-soil-validation-20260925.disturbed:   Generating MOFE soil file with SoilMultipleOfeSynth... done. (0.00s)
2026-09-25 16:08:08 [INFO] wepppy.run.thinning-soil-validation-20260925.disturbed:   Generating MOFE soil file with SoilMultipleOfeSynth...
2026-09-25 16:08:08 [INFO] wepppy.run.thinning-soil-validation-20260925.disturbed:   Generating MOFE soil file with SoilMultipleOfeSynth... done. (0.00s)
2026-09-25 16:08:08 [INFO] wepppy.run.thinning-soil-validation-20260925.disturbed:   Generating MOFE soil file with SoilMultipleOfeSynth...
2026-09-25 16:08:08 [INFO] wepppy.run.thinning-soil-validation-20260925.disturbed:   Generating MOFE soil file with SoilMultipleOfeSynth... done. (0.00s)
2026-09-25 16:08:08 [INFO] wepppy.run.thinning-soil-validation-20260925.disturbed:   Generating MOFE soil file with SoilMultipleOfeSynth...
2026-09-25 16:08:08 [INFO] wepppy.run.thinning-soil-validation-20260925.disturbed:   Generating MOFE soil file with SoilMultipleOfeSynth... done. (0.00s)
2026-09-25 16:08:08 [INFO] wepppy.run.thinning-soil-validation-20260925.disturbed:   Generating MOFE soil file with SoilMultipleOfeSynth...
2026-09-25 16:08:08 [INFO] wepppy.run.thinning-soil-validation-20260925.disturbed:   Generating MOFE soil file with SoilMultipleOfeSynth... done. (0.00s)
2026-09-25 16:08:08 [INFO] wepppy.run.thinning-soil-validation-20260925.disturbed:   Generating MOFE soil file with SoilMultipleOfeSynth...
2026-09-25 16:08:08 [INFO] wepppy.run.thinning-soil-validation-20260925.disturbed:   Generating MOFE soil file with SoilMultipleOfeSynth... done. (0.00s)
2026-09-25 16:08:08 [INFO] wepppy.run.thinning-soil-validation-20260925.disturbed:   Generating MOFE soil file with SoilMultipleOfeSynth...
2026-09-25 16:08:08 [INFO] wepppy.run.thinning-soil-validation-20260925.disturbed:   Generating MOFE soil file with SoilMultipleOfeSynth... done. (0.00s)
2026-09-25 16:08:08 [INFO] wepppy.run.thinning-soil-validation-20260925.disturbed:   Generating MOFE soil file with SoilMultipleOfeSynth...
2026-09-25 16:08:08 [INFO] wepppy.run.thinning-soil-validation-20260925.disturbed:   Generating MOFE soil file with SoilMultipleOfeSynth... done. (0.00s)
2026-09-25 16:08:08 [INFO] wepppy.run.thinning-soil-validation-20260925.disturbed:   Generating MOFE soil file with SoilMultipleOfeSynth...
2026-09-25 16:08:08 [INFO] wepppy.run.thinning-soil-validation-20260925.disturbed:   Generating MOFE soil file with SoilMultipleOfeSynth... done. (0.00s)
2026-09-25 16:08:08 [INFO] wepppy.run.thinning-soil-validation-20260925.disturbed:   Generating MOFE soil file with SoilMultipleOfeSynth...
2026-09-25 16:08:08 [INFO] wepppy.run.thinning-soil-validation-20260925.disturbed:   Generating MOFE soil file with SoilMultipleOfeSynth... done. (0.00s)
2026-09-25 16:08:08 [INFO] wepppy.run.thinning-soil-validation-20260925.disturbed:   Generating MOFE soil file with SoilMultipleOfeSynth...
2026-09-25 16:08:08 [INFO] wepppy.run.thinning-soil-validation-20260925.disturbed:   Generating MOFE soil file with SoilMultipleOfeSynth... done. (0.00s)
2026-09-25 16:08:08 [INFO] wepppy.run.thinning-soil-validation-20260925.disturbed:   Generating MOFE soil file with SoilMultipleOfeSynth...
2026-09-25 16:08:08 [INFO] wepppy.run.thinning-soil-validation-20260925.disturbed:   Generating MOFE soil file with SoilMultipleOfeSynth... done. (0.00s)
2026-09-25 16:08:08 [INFO] wepppy.run.thinning-soil-validation-20260925.disturbed:   Generating MOFE soil file with SoilMultipleOfeSynth...
2026-09-25 16:08:08 [INFO] wepppy.run.thinning-soil-validation-20260925.disturbed:   Generating MOFE soil file with SoilMultipleOfeSynth... done. (0.00s)
2026-09-25 16:08:08 [INFO] wepppy.run.thinning-soil-validation-20260925.disturbed:   Generating MOFE soil file with SoilMultipleOfeSynth...
2026-09-25 16:08:08 [INFO] wepppy.run.thinning-soil-validation-20260925.disturbed:   Generating MOFE soil file with SoilMultipleOfeSynth... done. (0.00s)
2026-09-25 16:08:08 [INFO] wepppy.run.thinning-soil-validation-20260925.disturbed:   Generating MOFE soil file with SoilMultipleOfeSynth...
2026-09-25 16:08:08 [INFO] wepppy.run.thinning-soil-validation-20260925.disturbed:   Generating MOFE soil file with SoilMultipleOfeSynth... done. (0.00s)
2026-09-25 16:08:08 [INFO] wepppy.run.thinning-soil-validation-20260925.disturbed:   Generating MOFE soil file with SoilMultipleOfeSynth...
2026-09-25 16:08:08 [INFO] wepppy.run.thinning-soil-validation-20260925.disturbed:   Generating MOFE soil file with SoilMultipleOfeSynth... done. (0.00s)
2026-09-25 16:08:08 [INFO] wepppy.run.thinning-soil-validation-20260925.disturbed:   Generating MOFE soil file with SoilMultipleOfeSynth...
2026-09-25 16:08:08 [INFO] wepppy.run.thinning-soil-validation-20260925.disturbed:   Generating MOFE soil file with SoilMultipleOfeSynth... done. (0.00s)
2026-09-25 16:08:08 [INFO] wepppy.run.thinning-soil-validation-20260925.disturbed:   Generating MOFE soil file with SoilMultipleOfeSynth...
2026-09-25 16:08:08 [INFO] wepppy.run.thinning-soil-validation-20260925.disturbed:   Generating MOFE soil file with SoilMultipleOfeSynth... done. (0.00s)
2026-09-25 16:08:08 [INFO] wepppy.run.thinning-soil-validation-20260925.disturbed:   Generating MOFE soil file with SoilMultipleOfeSynth...
2026-09-25 16:08:08 [INFO] wepppy.run.thinning-soil-validation-20260925.disturbed:   Generating MOFE soil file with SoilMultipleOfeSynth... done. (0.00s)
2026-09-25 16:08:08 [INFO] wepppy.run.thinning-soil-validation-20260925.disturbed:   Generating MOFE soil file with SoilMultipleOfeSynth...
2026-09-25 16:08:08 [INFO] wepppy.run.thinning-soil-validation-20260925.disturbed:   Generating MOFE soil file with SoilMultipleOfeSynth... done. (0.00s)
2026-09-25 16:08:08 [INFO] wepppy.run.thinning-soil-validation-20260925.disturbed:   Generating MOFE soil file with SoilMultipleOfeSynth...
2026-09-25 16:08:08 [INFO] wepppy.run.thinning-soil-validation-20260925.disturbed:   Generating MOFE soil file with SoilMultipleOfeSynth... done. (0.00s)
2026-09-25 16:08:08 [INFO] wepppy.run.thinning-soil-validation-20260925.disturbed:   Generating MOFE soil file with SoilMultipleOfeSynth...
2026-09-25 16:08:08 [INFO] wepppy.run.thinning-soil-validation-20260925.disturbed:   Generating MOFE soil file with SoilMultipleOfeSynth... done. (0.00s)
2026-09-25 16:08:08 [INFO] wepppy.run.thinning-soil-validation-20260925.disturbed:   Generating MOFE soil file with SoilMultipleOfeSynth...
2026-09-25 16:08:08 [INFO] wepppy.run.thinning-soil-validation-20260925.disturbed:   Generating MOFE soil file with SoilMultipleOfeSynth... done. (0.00s)
2026-09-25 16:08:08 [INFO] wepppy.run.thinning-soil-validation-20260925.disturbed:   Generating MOFE soil file with SoilMultipleOfeSynth...
2026-09-25 16:08:08 [INFO] wepppy.run.thinning-soil-validation-20260925.disturbed:   Generating MOFE soil file with SoilMultipleOfeSynth... done. (0.00s)
2026-09-25 16:08:08 [INFO] wepppy.run.thinning-soil-validation-20260925.disturbed:   Generating MOFE soil file with SoilMultipleOfeSynth...
2026-09-25 16:08:08 [INFO] wepppy.run.thinning-soil-validation-20260925.disturbed:   Generating MOFE soil file with SoilMultipleOfeSynth... done. (0.00s)
2026-09-25 16:08:08 [INFO] wepppy.run.thinning-soil-validation-20260925.disturbed:   Generating MOFE soil file with SoilMultipleOfeSynth...
2026-09-25 16:08:08 [INFO] wepppy.run.thinning-soil-validation-20260925.disturbed:   Generating MOFE soil file with SoilMultipleOfeSynth... done. (0.00s)
2026-09-25 16:08:08 [INFO] wepppy.run.thinning-soil-validation-20260925.disturbed:   Generating MOFE soil file with SoilMultipleOfeSynth...
2026-09-25 16:08:08 [INFO] wepppy.run.thinning-soil-validation-20260925.disturbed:   Generating MOFE soil file with SoilMultipleOfeSynth... done. (0.00s)
2026-09-25 16:08:08 [INFO] wepppy.run.thinning-soil-validation-20260925.disturbed:   Generating MOFE soil file with SoilMultipleOfeSynth...
2026-09-25 16:08:08 [INFO] wepppy.run.thinning-soil-validation-20260925.disturbed:   Generating MOFE soil file with SoilMultipleOfeSynth... done. (0.00s)
2026-09-25 16:08:08 [INFO] wepppy.run.thinning-soil-validation-20260925.disturbed:   Generating MOFE soil file with SoilMultipleOfeSynth...
2026-09-25 16:08:08 [INFO] wepppy.run.thinning-soil-validation-20260925.disturbed:   Generating MOFE soil file with SoilMultipleOfeSynth... done. (0.00s)
2026-09-25 16:08:08 [INFO] wepppy.run.thinning-soil-validation-20260925.disturbed:   Generating MOFE soil file with SoilMultipleOfeSynth...
2026-09-25 16:08:08 [INFO] wepppy.run.thinning-soil-validation-20260925.disturbed:   Generating MOFE soil file with SoilMultipleOfeSynth... done. (0.00s)
2026-09-25 16:08:08 [INFO] wepppy.run.thinning-soil-validation-20260925.disturbed:   Generating MOFE soil file with SoilMultipleOfeSynth...
2026-09-25 16:08:08 [INFO] wepppy.run.thinning-soil-validation-20260925.disturbed:   Generating MOFE soil file with SoilMultipleOfeSynth... done. (0.00s)
2026-09-25 16:08:08 [INFO] wepppy.run.thinning-soil-validation-20260925.disturbed:   Generating MOFE soil file with SoilMultipleOfeSynth...
2026-09-25 16:08:08 [INFO] wepppy.run.thinning-soil-validation-20260925.disturbed:   Generating MOFE soil file with SoilMultipleOfeSynth... done. (0.00s)
2026-09-25 16:08:08 [INFO] wepppy.run.thinning-soil-validation-20260925.disturbed:   Generating MOFE soil file with SoilMultipleOfeSynth...
2026-09-25 16:08:08 [INFO] wepppy.run.thinning-soil-validation-20260925.disturbed:   Generating MOFE soil file with SoilMultipleOfeSynth... done. (0.00s)
2026-09-25 16:08:08 [INFO] wepppy.run.thinning-soil-validation-20260925.disturbed:   Generating MOFE soil file with SoilMultipleOfeSynth...
2026-09-25 16:08:08 [INFO] wepppy.run.thinning-soil-validation-20260925.disturbed:   Generating MOFE soil file with SoilMultipleOfeSynth... done. (0.00s)
2026-09-25 16:08:08 [INFO] wepppy.run.thinning-soil-validation-20260925.disturbed:   Generating MOFE soil file with SoilMultipleOfeSynth...
2026-09-25 16:08:08 [INFO] wepppy.run.thinning-soil-validation-20260925.disturbed:   Generating MOFE soil file with SoilMultipleOfeSynth... done. (0.00s)
2026-09-25 16:08:08 [INFO] wepppy.run.thinning-soil-validation-20260925.disturbed:   Generating MOFE soil file with SoilMultipleOfeSynth...
2026-09-25 16:08:08 [INFO] wepppy.run.thinning-soil-validation-20260925.disturbed:   Generating MOFE soil file with SoilMultipleOfeSynth... done. (0.00s)
2026-09-25 16:08:08 [INFO] wepppy.run.thinning-soil-validation-20260925.disturbed:   Generating MOFE soil file with SoilMultipleOfeSynth...
2026-09-25 16:08:08 [INFO] wepppy.run.thinning-soil-validation-20260925.disturbed:   Generating MOFE soil file with SoilMultipleOfeSynth... done. (0.00s)
2026-09-25 16:08:08 [INFO] wepppy.run.thinning-soil-validation-20260925.disturbed:   Generating MOFE soil file with SoilMultipleOfeSynth...
2026-09-25 16:08:08 [INFO] wepppy.run.thinning-soil-validation-20260925.disturbed:   Generating MOFE soil file with SoilMultipleOfeSynth... done. (0.00s)
2026-09-25 16:08:08 [INFO] wepppy.run.thinning-soil-validation-20260925.disturbed:   Generating MOFE soil file with SoilMultipleOfeSynth...
2026-09-25 16:08:08 [INFO] wepppy.run.thinning-soil-validation-20260925.disturbed:   Generating MOFE soil file with SoilMultipleOfeSynth... done. (0.00s)
2026-09-25 16:08:08 [INFO] wepppy.run.thinning-soil-validation-20260925.disturbed:   Generating MOFE soil file with SoilMultipleOfeSynth...
2026-09-25 16:08:08 [INFO] wepppy.run.thinning-soil-validation-20260925.disturbed:   Generating MOFE soil file with SoilMultipleOfeSynth... done. (0.00s)
2026-09-25 16:08:08 [INFO] wepppy.run.thinning-soil-validation-20260925.disturbed:   Generating MOFE soil file with SoilMultipleOfeSynth...
2026-09-25 16:08:09 [INFO] wepppy.run.thinning-soil-validation-20260925.disturbed:   Generating MOFE soil file with SoilMultipleOfeSynth... done. (0.00s)
2026-09-25 16:08:09 [INFO] wepppy.run.thinning-soil-validation-20260925.disturbed:   Generating MOFE soil file with SoilMultipleOfeSynth...
2026-09-25 16:08:09 [INFO] wepppy.run.thinning-soil-validation-20260925.disturbed:   Generating MOFE soil file with SoilMultipleOfeSynth... done. (0.00s)
2026-09-25 16:08:09 [INFO] wepppy.run.thinning-soil-validation-20260925.disturbed:   Generating MOFE soil file with SoilMultipleOfeSynth...
2026-09-25 16:08:09 [INFO] wepppy.run.thinning-soil-validation-20260925.disturbed:   Generating MOFE soil file with SoilMultipleOfeSynth... done. (0.01s)
2026-09-25 16:08:09 [INFO] wepppy.run.thinning-soil-validation-20260925.disturbed:   Generating MOFE soil file with SoilMultipleOfeSynth...
2026-09-25 16:08:09 [INFO] wepppy.run.thinning-soil-validation-20260925.disturbed:   Generating MOFE soil file with SoilMultipleOfeSynth... done. (0.00s)
2026-09-25 16:08:09 [INFO] wepppy.run.thinning-soil-validation-20260925.disturbed:   Generating MOFE soil file with SoilMultipleOfeSynth...
2026-09-25 16:08:09 [INFO] wepppy.run.thinning-soil-validation-20260925.disturbed:   Generating MOFE soil file with SoilMultipleOfeSynth... done. (0.00s)
2026-09-25 16:08:09 [INFO] wepppy.run.thinning-soil-validation-20260925.disturbed:   Generating MOFE soil file with SoilMultipleOfeSynth...
2026-09-25 16:08:09 [INFO] wepppy.run.thinning-soil-validation-20260925.disturbed:   Generating MOFE soil file with SoilMultipleOfeSynth... done. (0.00s)
2026-09-25 16:08:09 [INFO] wepppy.run.thinning-soil-validation-20260925.disturbed:   Generating MOFE soil file with SoilMultipleOfeSynth...
2026-09-25 16:08:09 [INFO] wepppy.run.thinning-soil-validation-20260925.disturbed:   Generating MOFE soil file with SoilMultipleOfeSynth... done. (0.00s)
2026-09-25 16:08:09 [INFO] wepppy.run.thinning-soil-validation-20260925.disturbed:   Generating MOFE soil file with SoilMultipleOfeSynth...
2026-09-25 16:08:09 [INFO] wepppy.run.thinning-soil-validation-20260925.disturbed:   Generating MOFE soil file with SoilMultipleOfeSynth... done. (0.00s)
2026-09-25 16:08:09 [INFO] wepppy.run.thinning-soil-validation-20260925.disturbed:   Generating MOFE soil file with SoilMultipleOfeSynth...
2026-09-25 16:08:09 [INFO] wepppy.run.thinning-soil-validation-20260925.disturbed:   Generating MOFE soil file with SoilMultipleOfeSynth... done. (0.00s)
2026-09-25 16:08:09 [INFO] wepppy.run.thinning-soil-validation-20260925.disturbed:   Generating MOFE soil file with SoilMultipleOfeSynth...
2026-09-25 16:08:09 [INFO] wepppy.run.thinning-soil-validation-20260925.disturbed:   Generating MOFE soil file with SoilMultipleOfeSynth... done. (0.00s)
2026-09-25 16:08:09 [INFO] wepppy.run.thinning-soil-validation-20260925.disturbed:   Generating MOFE soil file with SoilMultipleOfeSynth...
2026-09-25 16:08:09 [INFO] wepppy.run.thinning-soil-validation-20260925.disturbed:   Generating MOFE soil file with SoilMultipleOfeSynth... done. (0.00s)
2026-09-25 16:08:09 [INFO] wepppy.run.thinning-soil-validation-20260925.disturbed:   Generating MOFE soil file with SoilMultipleOfeSynth...
2026-09-25 16:08:09 [INFO] wepppy.run.thinning-soil-validation-20260925.disturbed:   Generating MOFE soil file with SoilMultipleOfeSynth... done. (0.00s)
2026-09-25 16:08:09 [INFO] wepppy.run.thinning-soil-validation-20260925.disturbed:   Generating MOFE soil file with SoilMultipleOfeSynth...
2026-09-25 16:08:09 [INFO] wepppy.run.thinning-soil-validation-20260925.disturbed:   Generating MOFE soil file with SoilMultipleOfeSynth... done. (0.00s)
2026-09-25 16:08:09 [INFO] wepppy.run.thinning-soil-validation-20260925.disturbed:   Generating MOFE soil file with SoilMultipleOfeSynth...
2026-09-25 16:08:09 [INFO] wepppy.run.thinning-soil-validation-20260925.disturbed:   Generating MOFE soil file with SoilMultipleOfeSynth... done. (0.00s)
2026-09-25 16:08:09 [INFO] wepppy.run.thinning-soil-validation-20260925.disturbed:   Generating MOFE soil file with SoilMultipleOfeSynth...
2026-09-25 16:08:09 [INFO] wepppy.run.thinning-soil-validation-20260925.disturbed:   Generating MOFE soil file with SoilMultipleOfeSynth... done. (0.00s)
2026-09-25 16:08:09 [INFO] wepppy.run.thinning-soil-validation-20260925.disturbed:   Generating MOFE soil file with SoilMultipleOfeSynth...
2026-09-25 16:08:09 [INFO] wepppy.run.thinning-soil-validation-20260925.disturbed:   Generating MOFE soil file with SoilMultipleOfeSynth... done. (0.00s)
2026-09-25 16:08:09 [INFO] wepppy.run.thinning-soil-validation-20260925.disturbed:   Generating MOFE soil file with SoilMultipleOfeSynth...
2026-09-25 16:08:09 [INFO] wepppy.run.thinning-soil-validation-20260925.disturbed:   Generating MOFE soil file with SoilMultipleOfeSynth... done. (0.00s)
2026-09-25 16:08:09 [INFO] wepppy.run.thinning-soil-validation-20260925.disturbed:   Generating MOFE soil file with SoilMultipleOfeSynth...
2026-09-25 16:08:09 [INFO] wepppy.run.thinning-soil-validation-20260925.disturbed:   Generating MOFE soil file with SoilMultipleOfeSynth... done. (0.00s)
2026-09-25 16:08:09 [INFO] wepppy.run.thinning-soil-validation-20260925.disturbed:   Generating MOFE soil file with SoilMultipleOfeSynth...
2026-09-25 16:08:09 [INFO] wepppy.run.thinning-soil-validation-20260925.disturbed:   Generating MOFE soil file with SoilMultipleOfeSynth... done. (0.00s)
2026-09-25 16:08:09 [INFO] wepppy.run.thinning-soil-validation-20260925.disturbed:   Generating MOFE soil file with SoilMultipleOfeSynth...
2026-09-25 16:08:09 [INFO] wepppy.run.thinning-soil-validation-20260925.disturbed:   Generating MOFE soil file with SoilMultipleOfeSynth... done. (0.00s)
2026-09-25 16:08:09 [INFO] wepppy.run.thinning-soil-validation-20260925.disturbed:   Generating MOFE soil file with SoilMultipleOfeSynth...
2026-09-25 16:08:09 [INFO] wepppy.run.thinning-soil-validation-20260925.disturbed:   Generating MOFE soil file with SoilMultipleOfeSynth... done. (0.00s)
2026-09-25 16:08:09 [INFO] wepppy.run.thinning-soil-validation-20260925.disturbed:   Generating MOFE soil file with SoilMultipleOfeSynth...
2026-09-25 16:08:09 [INFO] wepppy.run.thinning-soil-validation-20260925.disturbed:   Generating MOFE soil file with SoilMultipleOfeSynth... done. (0.00s)
2026-09-25 16:08:09 [INFO] wepppy.run.thinning-soil-validation-20260925.disturbed:   Generating MOFE soil file with SoilMultipleOfeSynth...
2026-09-25 16:08:09 [INFO] wepppy.run.thinning-soil-validation-20260925.disturbed:   Generating MOFE soil file with SoilMultipleOfeSynth... done. (0.01s)
2026-09-25 16:08:09 [INFO] wepppy.run.thinning-soil-validation-20260925.disturbed:   Generating MOFE soil file with SoilMultipleOfeSynth...
2026-09-25 16:08:09 [INFO] wepppy.run.thinning-soil-validation-20260925.disturbed:   Generating MOFE soil file with SoilMultipleOfeSynth... done. (0.00s)
2026-09-25 16:08:09 [INFO] wepppy.run.thinning-soil-validation-20260925.disturbed:   Generating MOFE soil file with SoilMultipleOfeSynth...
2026-09-25 16:08:09 [INFO] wepppy.run.thinning-soil-validation-20260925.disturbed:   Generating MOFE soil file with SoilMultipleOfeSynth... done. (0.00s)
2026-09-25 16:08:09 [INFO] wepppy.run.thinning-soil-validation-20260925.disturbed:   Generating MOFE soil file with SoilMultipleOfeSynth...
2026-09-25 16:08:09 [INFO] wepppy.run.thinning-soil-validation-20260925.disturbed:   Generating MOFE soil file with SoilMultipleOfeSynth... done. (0.00s)
2026-09-25 16:08:09 [INFO] wepppy.run.thinning-soil-validation-20260925.disturbed:   Generating MOFE soil file with SoilMultipleOfeSynth...
2026-09-25 16:08:09 [INFO] wepppy.run.thinning-soil-validation-20260925.disturbed:   Generating MOFE soil file with SoilMultipleOfeSynth... done. (0.00s)
2026-09-25 16:08:09 [INFO] wepppy.run.thinning-soil-validation-20260925.disturbed:   Generating MOFE soil file with SoilMultipleOfeSynth...
2026-09-25 16:08:09 [INFO] wepppy.run.thinning-soil-validation-20260925.disturbed:   Generating MOFE soil file with SoilMultipleOfeSynth... done. (0.01s)
2026-09-25 16:08:09 [INFO] wepppy.run.thinning-soil-validation-20260925.disturbed:   Generating MOFE soil file with SoilMultipleOfeSynth...
2026-09-25 16:08:09 [INFO] wepppy.run.thinning-soil-validation-20260925.disturbed:   Generating MOFE soil file with SoilMultipleOfeSynth... done. (0.00s)
2026-09-25 16:08:09 [INFO] wepppy.run.thinning-soil-validation-20260925.disturbed:   Generating MOFE soil file with SoilMultipleOfeSynth...
2026-09-25 16:08:09 [INFO] wepppy.run.thinning-soil-validation-20260925.disturbed:   Generating MOFE soil file with SoilMultipleOfeSynth... done. (0.01s)
2026-09-25 16:08:09 [INFO] wepppy.run.thinning-soil-validation-20260925.disturbed:   Generating MOFE soil file with SoilMultipleOfeSynth...
2026-09-25 16:08:09 [INFO] wepppy.run.thinning-soil-validation-20260925.disturbed:   Generating MOFE soil file with SoilMultipleOfeSynth... done. (0.00s)
2026-09-25 16:08:09 [INFO] wepppy.run.thinning-soil-validation-20260925.disturbed:   Generating MOFE soil file with SoilMultipleOfeSynth...
2026-09-25 16:08:09 [INFO] wepppy.run.thinning-soil-validation-20260925.disturbed:   Generating MOFE soil file with SoilMultipleOfeSynth... done. (0.00s)
2026-09-25 16:08:09 [INFO] wepppy.run.thinning-soil-validation-20260925.disturbed:   Generating MOFE soil file with SoilMultipleOfeSynth...
2026-09-25 16:08:09 [INFO] wepppy.run.thinning-soil-validation-20260925.disturbed:   Generating MOFE soil file with SoilMultipleOfeSynth... done. (0.00s)
2026-09-25 16:08:09 [INFO] wepppy.run.thinning-soil-validation-20260925.disturbed:   Generating MOFE soil file with SoilMultipleOfeSynth...
2026-09-25 16:08:09 [INFO] wepppy.run.thinning-soil-validation-20260925.disturbed:   Generating MOFE soil file with SoilMultipleOfeSynth... done. (0.00s)
2026-09-25 16:08:09 [INFO] wepppy.run.thinning-soil-validation-20260925.disturbed:   Generating MOFE soil file with SoilMultipleOfeSynth...
2026-09-25 16:08:09 [INFO] wepppy.run.thinning-soil-validation-20260925.disturbed:   Generating MOFE soil file with SoilMultipleOfeSynth... done. (0.00s)
2026-09-25 16:08:09 [INFO] wepppy.run.thinning-soil-validation-20260925.disturbed:   Generating MOFE soil file with SoilMultipleOfeSynth...
2026-09-25 16:08:09 [INFO] wepppy.run.thinning-soil-validation-20260925.disturbed:   Generating MOFE soil file with SoilMultipleOfeSynth... done. (0.00s)
2026-09-25 16:08:09 [INFO] wepppy.run.thinning-soil-validation-20260925.disturbed:   Generating MOFE soil file with SoilMultipleOfeSynth...
2026-09-25 16:08:09 [INFO] wepppy.run.thinning-soil-validation-20260925.disturbed:   Generating MOFE soil file with SoilMultipleOfeSynth... done. (0.01s)
2026-09-25 16:08:09 [INFO] wepppy.run.thinning-soil-validation-20260925.disturbed:   Generating MOFE soil file with SoilMultipleOfeSynth...
2026-09-25 16:08:09 [INFO] wepppy.run.thinning-soil-validation-20260925.disturbed:   Generating MOFE soil file with SoilMultipleOfeSynth... done. (0.01s)
2026-09-25 16:08:09 [INFO] wepppy.run.thinning-soil-validation-20260925.disturbed:   Generating MOFE soil file with SoilMultipleOfeSynth...
2026-09-25 16:08:09 [INFO] wepppy.run.thinning-soil-validation-20260925.disturbed:   Generating MOFE soil file with SoilMultipleOfeSynth... done. (0.01s)
2026-09-25 16:08:09 [INFO] wepppy.run.thinning-soil-validation-20260925.disturbed:   Generating MOFE soil file with SoilMultipleOfeSynth...
2026-09-25 16:08:09 [INFO] wepppy.run.thinning-soil-validation-20260925.disturbed:   Generating MOFE soil file with SoilMultipleOfeSynth... done. (0.01s)
2026-09-25 16:08:09 [INFO] wepppy.run.thinning-soil-validation-20260925.disturbed:   Generating MOFE soil file with SoilMultipleOfeSynth...
2026-09-25 16:08:09 [INFO] wepppy.run.thinning-soil-validation-20260925.disturbed:   Generating MOFE soil file with SoilMultipleOfeSynth... done. (0.01s)
2026-09-25 16:08:09 [INFO] wepppy.run.thinning-soil-validation-20260925.disturbed:   Generating MOFE soil file with SoilMultipleOfeSynth...
2026-09-25 16:08:09 [INFO] wepppy.run.thinning-soil-validation-20260925.disturbed:   Generating MOFE soil file with SoilMultipleOfeSynth... done. (0.01s)
2026-09-25 16:08:09 [INFO] wepppy.run.thinning-soil-validation-20260925.disturbed:   Generating MOFE soil file with SoilMultipleOfeSynth...
2026-09-25 16:08:09 [INFO] wepppy.run.thinning-soil-validation-20260925.disturbed:   Generating MOFE soil file with SoilMultipleOfeSynth... done. (0.01s)
2026-09-25 16:08:09 [INFO] wepppy.run.thinning-soil-validation-20260925.disturbed:   Generating MOFE soil file with SoilMultipleOfeSynth...
2026-09-25 16:08:09 [INFO] wepppy.run.thinning-soil-validation-20260925.disturbed:   Generating MOFE soil file with SoilMultipleOfeSynth... done. (0.01s)
2026-09-25 16:08:09 [INFO] wepppy.run.thinning-soil-validation-20260925.disturbed:   Generating MOFE soil file with SoilMultipleOfeSynth...
2026-09-25 16:08:09 [INFO] wepppy.run.thinning-soil-validation-20260925.disturbed:   Generating MOFE soil file with SoilMultipleOfeSynth... done. (0.01s)
2026-09-25 16:08:09 [INFO] wepppy.run.thinning-soil-validation-20260925.disturbed:   Generating MOFE soil file with SoilMultipleOfeSynth...
2026-09-25 16:08:09 [INFO] wepppy.run.thinning-soil-validation-20260925.disturbed:   Generating MOFE soil file with SoilMultipleOfeSynth... done. (0.00s)
2026-09-25 16:08:09 [INFO] wepppy.run.thinning-soil-validation-20260925.disturbed:   Generating MOFE soil file with SoilMultipleOfeSynth...
2026-09-25 16:08:09 [INFO] wepppy.run.thinning-soil-validation-20260925.disturbed:   Generating MOFE soil file with SoilMultipleOfeSynth... done. (0.01s)
2026-09-25 16:08:09 [INFO] wepppy.run.thinning-soil-validation-20260925.disturbed:   Generating MOFE soil file with SoilMultipleOfeSynth...
2026-09-25 16:08:09 [INFO] wepppy.run.thinning-soil-validation-20260925.disturbed:   Generating MOFE soil file with SoilMultipleOfeSynth... done. (0.00s)
2026-09-25 16:08:09 [INFO] wepppy.run.thinning-soil-validation-20260925.disturbed:   Generating MOFE soil file with SoilMultipleOfeSynth...
2026-09-25 16:08:09 [INFO] wepppy.run.thinning-soil-validation-20260925.disturbed:   Generating MOFE soil file with SoilMultipleOfeSynth... done. (0.00s)
2026-09-25 16:08:09 [INFO] wepppy.run.thinning-soil-validation-20260925.disturbed:   Generating MOFE soil file with SoilMultipleOfeSynth...
2026-09-25 16:08:09 [INFO] wepppy.run.thinning-soil-validation-20260925.disturbed:   Generating MOFE soil file with SoilMultipleOfeSynth... done. (0.01s)
2026-09-25 16:08:09 [INFO] wepppy.run.thinning-soil-validation-20260925.disturbed:   Generating MOFE soil file with SoilMultipleOfeSynth...
2026-09-25 16:08:09 [INFO] wepppy.run.thinning-soil-validation-20260925.disturbed:   Generating MOFE soil file with SoilMultipleOfeSynth... done. (0.00s)
2026-09-25 16:08:09 [INFO] wepppy.run.thinning-soil-validation-20260925.disturbed:   Generating MOFE soil file with SoilMultipleOfeSynth...
2026-09-25 16:08:09 [INFO] wepppy.run.thinning-soil-validation-20260925.disturbed:   Generating MOFE soil file with SoilMultipleOfeSynth... done. (0.00s)
2026-09-25 16:08:09 [INFO] wepppy.run.thinning-soil-validation-20260925.disturbed:   Generating MOFE soil file with SoilMultipleOfeSynth...
2026-09-25 16:08:09 [INFO] wepppy.run.thinning-soil-validation-20260925.disturbed:   Generating MOFE soil file with SoilMultipleOfeSynth... done. (0.00s)
2026-09-25 16:08:09 [INFO] wepppy.run.thinning-soil-validation-20260925.disturbed:   Generating MOFE soil file with SoilMultipleOfeSynth...
2026-09-25 16:08:09 [INFO] wepppy.run.thinning-soil-validation-20260925.disturbed:   Generating MOFE soil file with SoilMultipleOfeSynth... done. (0.00s)
2026-09-25 16:08:09 [INFO] wepppy.run.thinning-soil-validation-20260925.disturbed:   Generating MOFE soil file with SoilMultipleOfeSynth...
2026-09-25 16:08:09 [INFO] wepppy.run.thinning-soil-validation-20260925.disturbed:   Generating MOFE soil file with SoilMultipleOfeSynth... done. (0.00s)
2026-09-25 16:08:09 [INFO] wepppy.run.thinning-soil-validation-20260925.disturbed:   Generating MOFE soil file with SoilMultipleOfeSynth...
2026-09-25 16:08:09 [INFO] wepppy.run.thinning-soil-validation-20260925.disturbed:   Generating MOFE soil file with SoilMultipleOfeSynth... done. (0.00s)
2026-09-25 16:08:09 [INFO] wepppy.run.thinning-soil-validation-20260925.disturbed:   Generating MOFE soil file with SoilMultipleOfeSynth...
2026-09-25 16:08:09 [INFO] wepppy.run.thinning-soil-validation-20260925.disturbed:   Generating MOFE soil file with SoilMultipleOfeSynth... done. (0.00s)
2026-09-25 16:08:09 [INFO] wepppy.run.thinning-soil-validation-20260925.disturbed:   Generating MOFE soil file with SoilMultipleOfeSynth...
2026-09-25 16:08:09 [INFO] wepppy.run.thinning-soil-validation-20260925.disturbed:   Generating MOFE soil file with SoilMultipleOfeSynth... done. (0.00s)
2026-09-25 16:08:09 [INFO] wepppy.run.thinning-soil-validation-20260925.disturbed:   Generating MOFE soil file with SoilMultipleOfeSynth...
2026-09-25 16:08:09 [INFO] wepppy.run.thinning-soil-validation-20260925.disturbed:   Generating MOFE soil file with SoilMultipleOfeSynth... done. (0.00s)
2026-09-25 16:08:09 [INFO] wepppy.run.thinning-soil-validation-20260925.disturbed:   Generating MOFE soil file with SoilMultipleOfeSynth...
2026-09-25 16:08:09 [INFO] wepppy.run.thinning-soil-validation-20260925.disturbed:   Generating MOFE soil file with SoilMultipleOfeSynth... done. (0.00s)
2026-09-25 16:08:09 [INFO] wepppy.run.thinning-soil-validation-20260925.disturbed:   Generating MOFE soil file with SoilMultipleOfeSynth...
2026-09-25 16:08:09 [INFO] wepppy.run.thinning-soil-validation-20260925.disturbed:   Generating MOFE soil file with SoilMultipleOfeSynth... done. (0.01s)
2026-09-25 16:08:09 [INFO] wepppy.run.thinning-soil-validation-20260925.disturbed:   Generating MOFE soil file with SoilMultipleOfeSynth...
2026-09-25 16:08:09 [INFO] wepppy.run.thinning-soil-validation-20260925.disturbed:   Generating MOFE soil file with SoilMultipleOfeSynth... done. (0.00s)
2026-09-25 16:08:09 [INFO] wepppy.run.thinning-soil-validation-20260925.disturbed:   Generating MOFE soil file with SoilMultipleOfeSynth...
2026-09-25 16:08:09 [INFO] wepppy.run.thinning-soil-validation-20260925.disturbed:   Generating MOFE soil file with SoilMultipleOfeSynth... done. (0.00s)
2026-09-25 16:08:09 [INFO] wepppy.run.thinning-soil-validation-20260925.disturbed:   Generating MOFE soil file with SoilMultipleOfeSynth...
2026-09-25 16:08:09 [INFO] wepppy.run.thinning-soil-validation-20260925.disturbed:   Generating MOFE soil file with SoilMultipleOfeSynth... done. (0.01s)
2026-09-25 16:08:09 [INFO] wepppy.run.thinning-soil-validation-20260925.disturbed:   Generating MOFE soil file with SoilMultipleOfeSynth...
2026-09-25 16:08:09 [INFO] wepppy.run.thinning-soil-validation-20260925.disturbed:   Generating MOFE soil file with SoilMultipleOfeSynth... done. (0.00s)
2026-09-25 16:08:09 [INFO] wepppy.run.thinning-soil-validation-20260925.disturbed:   Generating MOFE soil file with SoilMultipleOfeSynth...
2026-09-25 16:08:09 [INFO] wepppy.run.thinning-soil-validation-20260925.disturbed:   Generating MOFE soil file with SoilMultipleOfeSynth... done. (0.00s)
2026-09-25 16:08:09 [INFO] wepppy.run.thinning-soil-validation-20260925.disturbed:   Generating MOFE soil file with SoilMultipleOfeSynth...
2026-09-25 16:08:09 [INFO] wepppy.run.thinning-soil-validation-20260925.disturbed:   Generating MOFE soil file with SoilMultipleOfeSynth... done. (0.01s)
2026-09-25 16:08:09 [INFO] wepppy.run.thinning-soil-validation-20260925.disturbed:   Generating MOFE soil file with SoilMultipleOfeSynth...
2026-09-25 16:08:09 [INFO] wepppy.run.thinning-soil-validation-20260925.disturbed:   Generating MOFE soil file with SoilMultipleOfeSynth... done. (0.00s)
2026-09-25 16:08:09 [INFO] wepppy.run.thinning-soil-validation-20260925.disturbed:   Generating MOFE soil file with SoilMultipleOfeSynth...
2026-09-25 16:08:09 [INFO] wepppy.run.thinning-soil-validation-20260925.disturbed:   Generating MOFE soil file with SoilMultipleOfeSynth... done. (0.00s)
2026-09-25 16:08:09 [INFO] wepppy.run.thinning-soil-validation-20260925.disturbed:   Generating MOFE soil file with SoilMultipleOfeSynth...
2026-09-25 16:08:09 [INFO] wepppy.run.thinning-soil-validation-20260925.disturbed:   Generating MOFE soil file with SoilMultipleOfeSynth... done. (0.00s)
2026-09-25 16:08:09 [INFO] wepppy.run.thinning-soil-validation-20260925.disturbed:   Generating MOFE soil file with SoilMultipleOfeSynth...
2026-09-25 16:08:09 [INFO] wepppy.run.thinning-soil-validation-20260925.disturbed:   Generating MOFE soil file with SoilMultipleOfeSynth... done. (0.01s)
2026-09-25 16:08:09 [INFO] wepppy.run.thinning-soil-validation-20260925.disturbed:   Generating MOFE soil file with SoilMultipleOfeSynth...
2026-09-25 16:08:09 [INFO] wepppy.run.thinning-soil-validation-20260925.disturbed:   Generating MOFE soil file with SoilMultipleOfeSynth... done. (0.00s)
2026-09-25 16:08:09 [INFO] wepppy.run.thinning-soil-validation-20260925.disturbed:   Generating MOFE soil file with SoilMultipleOfeSynth...
2026-09-25 16:08:09 [INFO] wepppy.run.thinning-soil-validation-20260925.disturbed:   Generating MOFE soil file with SoilMultipleOfeSynth... done. (0.00s)
2026-09-25 16:08:09 [INFO] wepppy.run.thinning-soil-validation-20260925.disturbed:   Generating MOFE soil file with SoilMultipleOfeSynth...
2026-09-25 16:08:09 [INFO] wepppy.run.thinning-soil-validation-20260925.disturbed:   Generating MOFE soil file with SoilMultipleOfeSynth... done. (0.01s)
2026-09-25 16:08:09 [INFO] wepppy.run.thinning-soil-validation-20260925.disturbed:   Generating MOFE soil file with SoilMultipleOfeSynth...
2026-09-25 16:08:09 [INFO] wepppy.run.thinning-soil-validation-20260925.disturbed:   Generating MOFE soil file with SoilMultipleOfeSynth... done. (0.01s)
2026-09-25 16:08:09 [INFO] wepppy.run.thinning-soil-validation-20260925.disturbed:   Generating MOFE soil file with SoilMultipleOfeSynth...
2026-09-25 16:08:09 [INFO] wepppy.run.thinning-soil-validation-20260925.disturbed:   Generating MOFE soil file with SoilMultipleOfeSynth... done. (0.01s)
2026-09-25 16:08:09 [INFO] wepppy.run.thinning-soil-validation-20260925.disturbed:   Generating MOFE soil file with SoilMultipleOfeSynth...
2026-09-25 16:08:09 [INFO] wepppy.run.thinning-soil-validation-20260925.disturbed:   Generating MOFE soil file with SoilMultipleOfeSynth... done. (0.01s)
2026-09-25 16:08:09 [INFO] wepppy.run.thinning-soil-validation-20260925.disturbed:   Generating MOFE soil file with SoilMultipleOfeSynth...
2026-09-25 16:08:09 [INFO] wepppy.run.thinning-soil-validation-20260925.disturbed:   Generating MOFE soil file with SoilMultipleOfeSynth... done. (0.01s)
2026-09-25 16:08:09 [INFO] wepppy.run.thinning-soil-validation-20260925.disturbed:   Generating MOFE soil file with SoilMultipleOfeSynth...
2026-09-25 16:08:09 [INFO] wepppy.run.thinning-soil-validation-20260925.disturbed:   Generating MOFE soil file with SoilMultipleOfeSynth... done. (0.01s)
2026-09-25 16:08:09 [INFO] wepppy.run.thinning-soil-validation-20260925.disturbed:   Generating MOFE soil file with SoilMultipleOfeSynth...
2026-09-25 16:08:09 [INFO] wepppy.run.thinning-soil-validation-20260925.disturbed:   Generating MOFE soil file with SoilMultipleOfeSynth... done. (0.00s)
2026-09-25 16:08:09 [INFO] wepppy.run.thinning-soil-validation-20260925.disturbed:   Generating MOFE soil file with SoilMultipleOfeSynth...
2026-09-25 16:08:09 [INFO] wepppy.run.thinning-soil-validation-20260925.disturbed:   Generating MOFE soil file with SoilMultipleOfeSynth... done. (0.00s)
2026-09-25 16:08:09 [INFO] wepppy.run.thinning-soil-validation-20260925.disturbed:   Generating MOFE soil file with SoilMultipleOfeSynth...
2026-09-25 16:08:09 [INFO] wepppy.run.thinning-soil-validation-20260925.disturbed:   Generating MOFE soil file with SoilMultipleOfeSynth... done. (0.01s)
2026-09-25 16:08:09 [INFO] wepppy.run.thinning-soil-validation-20260925.disturbed:   Generating MOFE soil file with SoilMultipleOfeSynth...
2026-09-25 16:08:09 [INFO] wepppy.run.thinning-soil-validation-20260925.disturbed:   Generating MOFE soil file with SoilMultipleOfeSynth... done. (0.01s)
2026-09-25 16:08:09 [INFO] wepppy.run.thinning-soil-validation-20260925.disturbed:   Generating MOFE soil file with SoilMultipleOfeSynth...
2026-09-25 16:08:09 [INFO] wepppy.run.thinning-soil-validation-20260925.disturbed:   Generating MOFE soil file with SoilMultipleOfeSynth... done. (0.00s)
2026-09-25 16:08:09 [INFO] wepppy.run.thinning-soil-validation-20260925.disturbed:   Generating MOFE soil file with SoilMultipleOfeSynth...
2026-09-25 16:08:09 [INFO] wepppy.run.thinning-soil-validation-20260925.disturbed:   Generating MOFE soil file with SoilMultipleOfeSynth... done. (0.01s)
2026-09-25 16:08:09 [INFO] wepppy.run.thinning-soil-validation-20260925.disturbed:   Generating MOFE soil file with SoilMultipleOfeSynth...
2026-09-25 16:08:09 [INFO] wepppy.run.thinning-soil-validation-20260925.disturbed:   Generating MOFE soil file with SoilMultipleOfeSynth... done. (0.01s)
2026-09-25 16:08:09 [INFO] wepppy.run.thinning-soil-validation-20260925.disturbed:   Generating MOFE soil file with SoilMultipleOfeSynth...
2026-09-25 16:08:09 [INFO] wepppy.run.thinning-soil-validation-20260925.disturbed:   Generating MOFE soil file with SoilMultipleOfeSynth... done. (0.01s)
2026-09-25 16:08:09 [INFO] wepppy.run.thinning-soil-validation-20260925.disturbed:   Generating MOFE soil file with SoilMultipleOfeSynth...
2026-09-25 16:08:09 [INFO] wepppy.run.thinning-soil-validation-20260925.disturbed:   Generating MOFE soil file with SoilMultipleOfeSynth... done. (0.01s)
2026-09-25 16:08:09 [INFO] wepppy.run.thinning-soil-validation-20260925.disturbed:   Generating MOFE soil file with SoilMultipleOfeSynth...
2026-09-25 16:08:09 [INFO] wepppy.run.thinning-soil-validation-20260925.disturbed:   Generating MOFE soil file with SoilMultipleOfeSynth... done. (0.01s)
2026-09-25 16:08:09 [INFO] wepppy.run.thinning-soil-validation-20260925.disturbed:   Generating MOFE soil file with SoilMultipleOfeSynth...
2026-09-25 16:08:09 [INFO] wepppy.run.thinning-soil-validation-20260925.disturbed:   Generating MOFE soil file with SoilMultipleOfeSynth... done. (0.01s)
2026-09-25 16:08:09 [INFO] wepppy.run.thinning-soil-validation-20260925.disturbed:   Generating MOFE soil file with SoilMultipleOfeSynth...
2026-09-25 16:08:09 [INFO] wepppy.run.thinning-soil-validation-20260925.disturbed:   Generating MOFE soil file with SoilMultipleOfeSynth... done. (0.01s)
2026-09-25 16:08:09 [INFO] wepppy.run.thinning-soil-validation-20260925.disturbed:   Generating MOFE soil file with SoilMultipleOfeSynth...
2026-09-25 16:08:09 [INFO] wepppy.run.thinning-soil-validation-20260925.disturbed:   Generating MOFE soil file with SoilMultipleOfeSynth... done. (0.01s)
2026-09-25 16:08:09 [INFO] wepppy.run.thinning-soil-validation-20260925.disturbed:   Generating MOFE soil file with SoilMultipleOfeSynth...
2026-09-25 16:08:09 [INFO] wepppy.run.thinning-soil-validation-20260925.disturbed:   Generating MOFE soil file with SoilMultipleOfeSynth... done. (0.01s)
2026-09-25 16:08:09 [INFO] wepppy.run.thinning-soil-validation-20260925.disturbed:   Generating MOFE soil file with SoilMultipleOfeSynth...
2026-09-25 16:08:09 [INFO] wepppy.run.thinning-soil-validation-20260925.disturbed:   Generating MOFE soil file with SoilMultipleOfeSynth... done. (0.00s)
2026-09-25 16:08:09 [INFO] wepppy.run.thinning-soil-validation-20260925.disturbed:   Generating MOFE soil file with SoilMultipleOfeSynth...
2026-09-25 16:08:09 [INFO] wepppy.run.thinning-soil-validation-20260925.disturbed:   Generating MOFE soil file with SoilMultipleOfeSynth... done. (0.00s)
2026-09-25 16:08:09 [INFO] wepppy.run.thinning-soil-validation-20260925.disturbed:   Generating MOFE soil file with SoilMultipleOfeSynth...
2026-09-25 16:08:09 [INFO] wepppy.run.thinning-soil-validation-20260925.disturbed:   Generating MOFE soil file with SoilMultipleOfeSynth... done. (0.01s)
2026-09-25 16:08:09 [INFO] wepppy.run.thinning-soil-validation-20260925.disturbed:   Generating MOFE soil file with SoilMultipleOfeSynth...
2026-09-25 16:08:09 [INFO] wepppy.run.thinning-soil-validation-20260925.disturbed:   Generating MOFE soil file with SoilMultipleOfeSynth... done. (0.01s)
2026-09-25 16:08:09 [INFO] wepppy.run.thinning-soil-validation-20260925.disturbed:   Generating MOFE soil file with SoilMultipleOfeSynth...
2026-09-25 16:08:09 [INFO] wepppy.run.thinning-soil-validation-20260925.disturbed:   Generating MOFE soil file with SoilMultipleOfeSynth... done. (0.01s)
2026-09-25 16:08:09 [INFO] wepppy.run.thinning-soil-validation-20260925.disturbed:   Generating MOFE soil file with SoilMultipleOfeSynth...
2026-09-25 16:08:09 [INFO] wepppy.run.thinning-soil-validation-20260925.disturbed:   Generating MOFE soil file with SoilMultipleOfeSynth... done. (0.01s)
2026-09-25 16:08:09 [INFO] wepppy.run.thinning-soil-validation-20260925.disturbed:   Generating MOFE soil file with SoilMultipleOfeSynth...
2026-09-25 16:08:09 [INFO] wepppy.run.thinning-soil-validation-20260925.disturbed:   Generating MOFE soil file with SoilMultipleOfeSynth... done. (0.01s)
2026-09-25 16:08:09 [INFO] wepppy.run.thinning-soil-validation-20260925.disturbed:   Generating MOFE soil file with SoilMultipleOfeSynth...
2026-09-25 16:08:09 [INFO] wepppy.run.thinning-soil-validation-20260925.disturbed:   Generating MOFE soil file with SoilMultipleOfeSynth... done. (0.01s)
2026-09-25 16:08:09 [INFO] wepppy.run.thinning-soil-validation-20260925.disturbed:   Generating MOFE soil file with SoilMultipleOfeSynth...
2026-09-25 16:08:09 [INFO] wepppy.run.thinning-soil-validation-20260925.disturbed:   Generating MOFE soil file with SoilMultipleOfeSynth... done. (0.01s)
2026-09-25 16:08:09 [INFO] wepppy.run.thinning-soil-validation-20260925.disturbed:   Generating MOFE soil file with SoilMultipleOfeSynth...
2026-09-25 16:08:09 [INFO] wepppy.run.thinning-soil-validation-20260925.disturbed:   Generating MOFE soil file with SoilMultipleOfeSynth... done. (0.01s)
2026-09-25 16:08:09 [INFO] wepppy.run.thinning-soil-validation-20260925.disturbed:   Generating MOFE soil file with SoilMultipleOfeSynth...
2026-09-25 16:08:09 [INFO] wepppy.run.thinning-soil-validation-20260925.disturbed:   Generating MOFE soil file with SoilMultipleOfeSynth... done. (0.00s)
2026-09-25 16:08:09 [INFO] wepppy.run.thinning-soil-validation-20260925.disturbed:   Generating MOFE soil file with SoilMultipleOfeSynth...
2026-09-25 16:08:09 [INFO] wepppy.run.thinning-soil-validation-20260925.disturbed:   Generating MOFE soil file with SoilMultipleOfeSynth... done. (0.00s)
2026-09-25 16:08:09 [INFO] wepppy.run.thinning-soil-validation-20260925.disturbed:   Generating MOFE soil file with SoilMultipleOfeSynth...
2026-09-25 16:08:09 [INFO] wepppy.run.thinning-soil-validation-20260925.disturbed:   Generating MOFE soil file with SoilMultipleOfeSynth... done. (0.01s)
2026-09-25 16:08:09 [INFO] wepppy.run.thinning-soil-validation-20260925.disturbed:   Generating MOFE soil file with SoilMultipleOfeSynth...
2026-09-25 16:08:09 [INFO] wepppy.run.thinning-soil-validation-20260925.disturbed:   Generating MOFE soil file with SoilMultipleOfeSynth... done. (0.00s)
2026-09-25 16:08:09 [INFO] wepppy.run.thinning-soil-validation-20260925.disturbed:   Generating MOFE soil file with SoilMultipleOfeSynth...
2026-09-25 16:08:09 [INFO] wepppy.run.thinning-soil-validation-20260925.disturbed:   Generating MOFE soil file with SoilMultipleOfeSynth... done. (0.01s)
2026-09-25 16:08:09 [INFO] wepppy.run.thinning-soil-validation-20260925.disturbed:   Generating MOFE soil file with SoilMultipleOfeSynth...
2026-09-25 16:08:09 [INFO] wepppy.run.thinning-soil-validation-20260925.disturbed:   Generating MOFE soil file with SoilMultipleOfeSynth... done. (0.00s)
2026-09-25 16:08:09 [INFO] wepppy.run.thinning-soil-validation-20260925.disturbed:   Generating MOFE soil file with SoilMultipleOfeSynth...
2026-09-25 16:08:09 [INFO] wepppy.run.thinning-soil-validation-20260925.disturbed:   Generating MOFE soil file with SoilMultipleOfeSynth... done. (0.00s)
2026-09-25 16:08:09 [INFO] wepppy.run.thinning-soil-validation-20260925.disturbed:   Generating MOFE soil file with SoilMultipleOfeSynth...
2026-09-25 16:08:09 [INFO] wepppy.run.thinning-soil-validation-20260925.disturbed:   Generating MOFE soil file with SoilMultipleOfeSynth... done. (0.00s)
2026-09-25 16:08:09 [INFO] wepppy.run.thinning-soil-validation-20260925.disturbed:   Generating MOFE soil file with SoilMultipleOfeSynth...
2026-09-25 16:08:09 [INFO] wepppy.run.thinning-soil-validation-20260925.disturbed:   Generating MOFE soil file with SoilMultipleOfeSynth... done. (0.01s)
2026-09-25 16:08:09 [INFO] wepppy.run.thinning-soil-validation-20260925.disturbed:   Generating MOFE soil file with SoilMultipleOfeSynth...
2026-09-25 16:08:09 [INFO] wepppy.run.thinning-soil-validation-20260925.disturbed:   Generating MOFE soil file with SoilMultipleOfeSynth... done. (0.00s)
2026-09-25 16:08:09 [INFO] wepppy.run.thinning-soil-validation-20260925.disturbed:   Completed MOFE soil generation: regenerated_soils=455 hillslope_files=455
2026-09-25 16:08:09 [INFO] wepppy.run.thinning-soil-validation-20260925.disturbed:   Recalculating soil areas and pct_coverage...
2026-09-25 16:08:09 [INFO] wepppy.run.thinning-soil-validation-20260925.disturbed:   Recalculating soil areas and pct_coverage... done. (0.00s)
2026-09-25 16:08:09 [INFO] wepppy.run.thinning-soil-validation-20260925.soils: soils.dump_soils_parquet()
{
  "timestamp": "2026-09-25T16:08:21.774972+00:00",
  "source": "/wc1/runs/ch/choice-feminist",
  "target": "/wc1/runs/th/thinning-soil-validation-20260925",
  "revision": "9a5eb08137d572ef437764515144b8fba2134c64",
  "implementation_sha256": "d4f5b1e0e2f6dbdca332fe334b55d330103eb4542734ee85e41af89e3291b4db",
  "uid": 1000,
  "gid": 993,
  "source_nodb_sha256": {
    "ashpost.nodb": "dcccd113b1acc166b952e3b812dd8c95be9f0b5c6fe34b021af892f389fb47ae",
    "landuse.nodb": "5bdf144f75feb57dafa2ab532468c955234cb79f876ce0a0d65efeca6fcc1038",
    "wepp.nodb": "9b31c18f2584c303c278e123bc0fb66bbf1f5146dbe35a2afcfeb84e639e75a5",
    "soils.nodb": "c9e09e9c7ea78e8aff7bd40e2639e682716231f5fa2d72cef7405ed2cf0906e9",
    "debris_flow.nodb": "50c0ead89e0e4107eb4a9528561359749af0d80adc6f3b55999686d6ceff8581",
    "unitizer.nodb": "03fbeab41f290bf505790ca7ea7fb21d1734df549fa2da67852856341a4deb97",
    "climate.nodb": "fa94937e911016f5a0c612f9b07238f0b6b53a51aee131776aa3dd3871c60ea1",
    "watershed.nodb": "e77ae5737595f12b00245247994bb50bbf03d24d136e98950ce42dd55aaffa9b",
    "observed.nodb": "82a1a040880d2d9d1a53e65b19286c4274255b388f2291724e8d8a29871f24bf",
    "ron.nodb": "9e6d5ce03bb55f8fe54360059f8bafbb66f8d2baa6e80016a82b8836580abd4b",
    "ash.nodb": "f7c537a33c273db2c10c01a9b9985016d37403ae5a2890303de138a7aa13f70d",
    "disturbed.nodb": "c851f5b99bfc3f9d6d4ee035917687b9b300c734ae11b7db52474cc94fdc7f67"
  },
  "artifacts": [
    {
      "path": "soils/hill_71.mofe.sol",
      "sha256": "6799385ce68b8854cdacea14ffa16f9eb7b89ec6a752c40d2fb99e306be3b513",
      "ofes": [
        {
          "ki": 400000.0,
          "kr": 4e-05,
          "shcrit": 1.0,
          "ksatadj": 0.0,
          "ksatfac": 1.3,
          "ksatrec": 0.3,
          "upper_ksat": [
            40.0,
            40.0,
            40.0
          ]
        },
        {
          "ki": 400000.0,
          "kr": 4e-05,
          "shcrit": 1.0,
          "ksatadj": 0.0,
          "ksatfac": 1.3,
          "ksatrec": 0.3,
          "upper_ksat": [
            40.0,
            40.0,
            40.0
          ]
        },
        {
          "ki": 400000.0,
          "kr": 4e-05,
          "shcrit": 1.0,
          "ksatadj": 0.0,
          "ksatfac": 1.3,
          "ksatrec": 0.3,
          "upper_ksat": [
            40.0,
            40.0,
            40.0
          ]
        },
        {
          "ki": 400000.0,
          "kr": 4e-05,
          "shcrit": 1.0,
          "ksatadj": 0.0,
          "ksatfac": 1.3,
          "ksatrec": 0.3,
          "upper_ksat": [
            40.0,
            40.0,
            40.0
          ]
        },
        {
          "ki": 400000.0,
          "kr": 4e-05,
          "shcrit": 1.0,
          "ksatadj": 0.0,
          "ksatfac": 1.3,
          "ksatrec": 0.3,
          "upper_ksat": [
            40.0,
            40.0,
            40.0
          ]
        }
      ]
    },
    {
      "path": "wepp/runs/p10.sol",
      "sha256": "8d4f06d02fdce4124034bf8faac8589b00d6ab7d6b46925135320ad5d121f3de",
      "ofes": [
        {
          "ki": 400000.0,
          "kr": 4e-05,
          "shcrit": 1.0,
          "ksatadj": 0.0,
          "ksatfac": 1.3,
          "ksatrec": 0.3,
          "upper_ksat": [
            40.0,
            40.0,
            40.0
          ]
        },
        {
          "ki": 400000.0,
          "kr": 4e-05,
          "shcrit": 1.0,
          "ksatadj": 0.0,
          "ksatfac": 1.3,
          "ksatrec": 0.3,
          "upper_ksat": [
            40.0,
            40.0,
            40.0
          ]
        },
        {
          "ki": 400000.0,
          "kr": 4e-05,
          "shcrit": 1.0,
          "ksatadj": 0.0,
          "ksatfac": 1.3,
          "ksatrec": 0.3,
          "upper_ksat": [
            40.0,
            40.0,
            40.0
          ]
        },
        {
          "ki": 400000.0,
          "kr": 4e-05,
          "shcrit": 1.0,
          "ksatadj": 0.0,
          "ksatfac": 1.3,
          "ksatrec": 0.3,
          "upper_ksat": [
            40.0,
            40.0,
            40.0
          ]
        },
        {
          "ki": 400000.0,
          "kr": 4e-05,
          "shcrit": 1.0,
          "ksatadj": 0.0,
          "ksatfac": 1.3,
          "ksatrec": 0.3,
          "upper_ksat": [
            40.0,
            40.0,
            40.0
          ]
        }
      ]
    }
  ],
  "wepp_id": 10,
  "status": "actual local project inputs validated; no model execution or production repair"
}
