year,channel_loss_t,sediment_t,water_m3,case,scenario,contrast_id
1,1.5,1.5,115595.0,experimental,thinning_30_75,1
2,2.799999999999997,2.9000000000000057,140067.0,experimental,thinning_30_75,1
3,3.5,3.5,158448.0,experimental,thinning_30_75,1
4,3.200000000000003,3.3000000000000114,155507.0,experimental,thinning_30_75,1
5,3.0,3.0999999999999943,130934.0,experimental,thinning_30_75,1
6,3.200000000000017,3.0999999999999943,147937.0,experimental,thinning_30_75,1
7,3.6999999999999886,3.6999999999999886,163278.0,experimental,thinning_30_75,1
8,3.6000000000000227,3.5999999999999943,145342.0,experimental,thinning_30_75,1
9,3.200000000000017,2.6000000000000227,175664.0,experimental,thinning_30_75,1
10,5.5,35.39999999999998,237861.0,experimental,thinning_30_75,1
11,4.099999999999994,4.1000000000000085,179419.0,experimental,thinning_30_75,1
12,3.8000000000000114,3.799999999999983,165921.0,experimental,thinning_30_75,1
13,2.0999999999999943,2.1999999999999886,102263.0,experimental,thinning_30_75,1
14,4.200000000000017,7.5,185525.0,experimental,thinning_30_75,1
15,3.299999999999983,3.4000000000000057,136806.0,experimental,thinning_30_75,1
16,2.200000000000003,2.3000000000000043,125374.0,experimental,thinning_30_75,1
17,2.9000000000000057,3.299999999999997,153044.0,experimental,thinning_30_75,1
18,2.3999999999999915,2.4000000000000057,113796.0,experimental,thinning_30_75,1
19,2.9000000000000057,3.0,135878.0,experimental,thinning_30_75,1
20,3.0,3.200000000000003,147393.0,experimental,thinning_30_75,1
21,2.3999999999999915,2.3999999999999915,117104.0,experimental,thinning_30_75,1
22,3.1999999999999886,3.1999999999999886,146169.0,experimental,thinning_30_75,1
23,3.5,3.5,130138.0,experimental,thinning_30_75,1
24,2.6999999999999886,2.6999999999999886,116578.0,experimental,thinning_30_75,1
25,1.1999999999999993,1.3000000000000007,101732.0,experimental,thinning_30_75,1
26,4.300000000000011,5.699999999999989,196336.0,experimental,thinning_30_75,1
27,5.0,12.599999999999966,229641.0,experimental,thinning_30_75,1
28,4.0,4.099999999999994,180827.0,experimental,thinning_30_75,1
29,2.8000000000000114,2.799999999999997,118155.0,experimental,thinning_30_75,1
30,3.3000000000000114,3.1999999999999886,143136.0,experimental,thinning_30_75,1
31,3.4000000000000057,3.4000000000000057,137794.0,experimental,thinning_30_75,1
32,2.200000000000003,2.200000000000003,104306.0,experimental,thinning_30_75,1
33,2.5,2.5999999999999943,131335.0,experimental,thinning_30_75,1
34,2.299999999999997,2.5,104951.0,experimental,thinning_30_75,1
35,2.700000000000003,2.9000000000000057,152501.0,experimental,thinning_30_75,1
36,2.5999999999999943,2.799999999999997,140805.0,experimental,thinning_30_75,1
37,2.799999999999997,2.9000000000000057,132798.0,experimental,thinning_30_75,1
38,5.2999999999999545,9.699999999999989,241526.0,experimental,thinning_30_75,1
39,3.1999999999999886,3.299999999999983,151724.0,experimental,thinning_30_75,1
40,3.3000000000000043,3.299999999999997,165404.0,experimental,thinning_30_75,1
41,3.5,3.500000000000014,145167.0,experimental,thinning_30_75,1
42,1.7000000000000028,1.7000000000000028,97793.0,experimental,thinning_30_75,1
43,3.0999999999999943,3.0999999999999943,150743.0,experimental,thinning_30_75,1
44,4.099999999999994,4.0,177327.0,experimental,thinning_30_75,1
45,2.299999999999997,2.299999999999997,127674.0,experimental,thinning_30_75,1
46,3.7000000000000455,12.399999999999977,170895.0,experimental,thinning_30_75,1
47,3.4000000000000057,3.6000000000000085,155749.0,experimental,thinning_30_75,1
48,2.799999999999997,2.799999999999997,138330.0,experimental,thinning_30_75,1
49,5.199999999999989,5.099999999999994,219650.0,experimental,thinning_30_75,1
50,3.9000000000000057,3.9000000000000057,175451.0,experimental,thinning_30_75,1
51,3.299999999999997,3.5,169117.0,experimental,thinning_30_75,1
52,3.6000000000000227,3.700000000000017,156902.0,experimental,thinning_30_75,1
53,3.6999999999999886,7.699999999999989,162346.0,experimental,thinning_30_75,1
54,4.900000000000034,5.100000000000023,191377.0,experimental,thinning_30_75,1
55,2.9000000000000057,3.0,127068.0,experimental,thinning_30_75,1
56,3.8000000000000114,3.9000000000000057,157452.0,experimental,thinning_30_75,1
57,3.299999999999983,3.4000000000000057,133443.0,experimental,thinning_30_75,1
58,5.400000000000006,-4.700000000000017,229486.0,experimental,thinning_30_75,1
59,3.599999999999966,3.599999999999966,147851.0,experimental,thinning_30_75,1
60,3.0,3.0,121378.0,experimental,thinning_30_75,1
61,3.700000000000003,8.400000000000006,178611.0,experimental,thinning_30_75,1
62,4.300000000000011,4.599999999999966,173726.0,experimental,thinning_30_75,1
63,3.8000000000000114,3.799999999999983,159560.0,experimental,thinning_30_75,1
64,2.299999999999997,2.299999999999997,113445.0,experimental,thinning_30_75,1
65,3.5,3.5,164868.0,experimental,thinning_30_75,1
66,3.0,3.200000000000003,137279.0,experimental,thinning_30_75,1
67,2.6000000000000085,5.0,148663.0,experimental,thinning_30_75,1
68,3.0,3.0,154743.0,experimental,thinning_30_75,1
69,3.8000000000000114,5.200000000000017,166531.0,experimental,thinning_30_75,1
70,2.700000000000003,2.6999999999999886,129874.0,experimental,thinning_30_75,1
71,3.0999999999999943,3.200000000000017,145157.0,experimental,thinning_30_75,1
72,2.5,2.700000000000003,141371.0,experimental,thinning_30_75,1
73,3.8000000000000114,5.900000000000006,155062.0,experimental,thinning_30_75,1
74,3.5,14.0,166583.0,experimental,thinning_30_75,1
75,1.7999999999999972,1.8000000000000043,97469.0,experimental,thinning_30_75,1
76,3.8000000000000114,7.900000000000034,183725.0,experimental,thinning_30_75,1
77,3.0999999999999943,3.1000000000000085,145420.0,experimental,thinning_30_75,1
78,5.200000000000017,5.199999999999989,209786.0,experimental,thinning_30_75,1
79,3.5,3.5999999999999943,148742.0,experimental,thinning_30_75,1
80,3.9000000000000057,4.800000000000011,162195.0,experimental,thinning_30_75,1
81,3.799999999999983,12.299999999999997,143962.0,experimental,thinning_30_75,1
82,2.1000000000000085,2.0999999999999943,117976.0,experimental,thinning_30_75,1
83,2.799999999999997,3.0,143480.0,experimental,thinning_30_75,1
84,4.700000000000017,10.400000000000006,208602.0,experimental,thinning_30_75,1
85,4.800000000000011,5.0,199830.0,experimental,thinning_30_75,1
86,3.8999999999999915,3.9000000000000057,175765.0,experimental,thinning_30_75,1
87,3.299999999999997,3.4000000000000057,153463.0,experimental,thinning_30_75,1
88,1.6000000000000014,1.6000000000000014,101435.0,experimental,thinning_30_75,1
89,1.8000000000000043,1.7999999999999972,113741.0,experimental,thinning_30_75,1
90,3.4000000000000057,3.5,147195.0,experimental,thinning_30_75,1
91,3.0999999999999943,3.4000000000000057,137022.0,experimental,thinning_30_75,1
92,3.5999999999999943,-2.1999999999999886,165541.0,experimental,thinning_30_75,1
93,3.6000000000000085,3.5999999999999943,159174.0,experimental,thinning_30_75,1
94,3.9000000000000057,6.300000000000011,184552.0,experimental,thinning_30_75,1
95,3.1000000000000227,5.0,170951.0,experimental,thinning_30_75,1
96,3.200000000000017,3.299999999999997,148076.0,experimental,thinning_30_75,1
97,1.6000000000000014,1.5,104699.0,experimental,thinning_30_75,1
98,4.400000000000006,5.400000000000034,200973.0,experimental,thinning_30_75,1
99,4.099999999999994,4.199999999999989,174066.0,experimental,thinning_30_75,1
100,3.8999999999999773,5.0,174488.0,experimental,thinning_30_75,1
1,1.1000000000000085,1.0,85254.0,experimental,thinning_65_90,2
2,2.0,2.1000000000000085,98907.0,experimental,thinning_65_90,2
3,2.5999999999999943,2.6999999999999886,117318.0,experimental,thinning_65_90,2
4,2.1000000000000085,2.1000000000000085,107157.0,experimental,thinning_65_90,2
5,2.0,2.0,84940.0,experimental,thinning_65_90,2
6,2.6000000000000227,2.5,115110.0,experimental,thinning_65_90,2
7,2.8999999999999773,2.9000000000000057,123254.0,experimental,thinning_65_90,2
8,2.3000000000000114,2.4000000000000057,91474.0,experimental,thinning_65_90,2
9,2.5,11.399999999999977,120175.0,experimental,thinning_65_90,2
10,4.599999999999966,22.200000000000045,198773.0,experimental,thinning_65_90,2
11,2.700000000000003,2.700000000000003,123770.0,experimental,thinning_65_90,2
12,2.5,2.5,116976.0,experimental,thinning_65_90,2
13,1.1999999999999886,1.2999999999999972,59100.0,experimental,thinning_65_90,2
14,3.200000000000017,3.4000000000000057,147421.0,experimental,thinning_65_90,2
15,2.6999999999999886,2.700000000000017,117049.0,experimental,thinning_65_90,2
16,1.6000000000000014,1.6000000000000014,102227.0,experimental,thinning_65_90,2
17,2.200000000000003,2.4000000000000057,122541.0,experimental,thinning_65_90,2
18,1.3999999999999915,1.4000000000000057,66270.0,experimental,thinning_65_90,2
19,1.9000000000000057,1.9000000000000057,100212.0,experimental,thinning_65_90,2
20,2.1000000000000085,2.299999999999997,109289.0,experimental,thinning_65_90,2
21,1.6999999999999886,1.6999999999999886,90285.0,experimental,thinning_65_90,2
22,2.299999999999983,2.299999999999983,102664.0,experimental,thinning_65_90,2
23,2.5,2.4000000000000057,90408.0,experimental,thinning_65_90,2
24,1.8999999999999773,1.9000000000000057,80422.0,experimental,thinning_65_90,2
25,0.5999999999999979,0.6999999999999993,63452.0,experimental,thinning_65_90,2
26,3.0999999999999943,3.0999999999999943,147343.0,experimental,thinning_65_90,2
27,3.6000000000000227,7.399999999999977,176146.0,experimental,thinning_65_90,2
28,3.0999999999999943,3.0999999999999943,140565.0,experimental,thinning_65_90,2
29,1.8000000000000114,1.7999999999999972,78723.0,experimental,thinning_65_90,2
30,2.8000000000000114,2.6999999999999886,121727.0,experimental,thinning_65_90,2
31,2.5999999999999943,2.6000000000000227,102496.0,experimental,thinning_65_90,2
32,1.6000000000000085,1.5999999999999943,79963.0,experimental,thinning_65_90,2
33,1.5999999999999943,1.5999999999999943,87849.0,experimental,thinning_65_90,2
34,1.7999999999999972,2.0,84463.0,experimental,thinning_65_90,2
35,2.0,2.0,112573.0,experimental,thinning_65_90,2
36,1.7999999999999972,2.0,107373.0,experimental,thinning_65_90,2
37,2.0,2.0999999999999943,93697.0,experimental,thinning_65_90,2
38,4.199999999999989,4.199999999999989,191265.0,experimental,thinning_65_90,2
39,2.0,2.0,102601.0,experimental,thinning_65_90,2
40,1.8999999999999986,1.9000000000000057,109655.0,experimental,thinning_65_90,2
41,2.299999999999983,2.299999999999997,96879.0,experimental,thinning_65_90,2
42,1.2999999999999972,1.2000000000000028,68675.0,experimental,thinning_65_90,2
43,2.0999999999999943,2.0999999999999943,111550.0,experimental,thinning_65_90,2
44,2.799999999999983,2.6999999999999886,129396.0,experimental,thinning_65_90,2
45,1.2999999999999972,1.2999999999999972,84032.0,experimental,thinning_65_90,2
46,2.8000000000000114,6.800000000000011,138340.0,experimental,thinning_65_90,2
47,2.200000000000003,2.200000000000003,111459.0,experimental,thinning_65_90,2
48,1.5999999999999943,1.5999999999999943,87734.0,experimental,thinning_65_90,2
49,3.799999999999983,3.6999999999999886,162078.0,experimental,thinning_65_90,2
50,3.0,3.0,133703.0,experimental,thinning_65_90,2
51,1.9000000000000057,1.8999999999999915,111195.0,experimental,thinning_65_90,2
52,2.200000000000017,2.3000000000000114,94686.0,experimental,thinning_65_90,2
53,2.8999999999999773,3.1999999999999886,130681.0,experimental,thinning_65_90,2
54,3.5,3.6000000000000227,144803.0,experimental,thinning_65_90,2
55,2.3000000000000114,2.3000000000000114,89762.0,experimental,thinning_65_90,2
56,2.4000000000000057,2.4000000000000057,98708.0,experimental,thinning_65_90,2
57,2.6999999999999886,2.700000000000017,105632.0,experimental,thinning_65_90,2
58,3.4000000000000057,3.3999999999999773,145335.0,experimental,thinning_65_90,2
59,2.2999999999999545,2.1999999999999886,91036.0,experimental,thinning_65_90,2
60,1.799999999999983,1.9000000000000057,84200.0,experimental,thinning_65_90,2
61,2.4000000000000057,2.8000000000000114,122524.0,experimental,thinning_65_90,2
62,2.9000000000000057,3.1999999999999886,122364.0,experimental,thinning_65_90,2
63,2.4000000000000057,2.4000000000000057,109830.0,experimental,thinning_65_90,2
64,1.3999999999999915,1.3999999999999915,75820.0,experimental,thinning_65_90,2
65,2.5,2.5,115894.0,experimental,thinning_65_90,2
66,1.8999999999999915,1.9000000000000057,100794.0,experimental,thinning_65_90,2
67,2.0,2.200000000000003,117954.0,experimental,thinning_65_90,2
68,2.0999999999999943,2.0999999999999943,110555.0,experimental,thinning_65_90,2
69,3.0,3.200000000000017,134794.0,experimental,thinning_65_90,2
70,1.7999999999999972,1.8999999999999915,94330.0,experimental,thinning_65_90,2
71,2.299999999999983,2.4000000000000057,107175.0,experimental,thinning_65_90,2
72,1.7000000000000028,1.7000000000000028,99449.0,experimental,thinning_65_90,2
73,3.0999999999999943,3.8000000000000114,127996.0,experimental,thinning_65_90,2
74,2.6999999999999886,4.5,131830.0,experimental,thinning_65_90,2
75,1.2999999999999972,1.3000000000000043,74315.0,experimental,thinning_65_90,2
76,2.3000000000000114,-16.0,125039.0,experimental,thinning_65_90,2
77,2.200000000000003,2.1000000000000085,96426.0,experimental,thinning_65_90,2
78,3.8000000000000114,3.799999999999983,163247.0,experimental,thinning_65_90,2
79,2.6000000000000227,2.5999999999999943,110691.0,experimental,thinning_65_90,2
80,2.9000000000000057,3.0,120342.0,experimental,thinning_65_90,2
81,3.0999999999999943,11.600000000000009,114432.0,experimental,thinning_65_90,2
82,1.7000000000000028,1.7999999999999972,103138.0,experimental,thinning_65_90,2
83,1.6999999999999886,1.7999999999999972,97513.0,experimental,thinning_65_90,2
84,3.5,9.100000000000023,166721.0,experimental,thinning_65_90,2
85,2.700000000000017,-5.799999999999983,138469.0,experimental,thinning_65_90,2
86,2.200000000000003,2.299999999999997,126122.0,experimental,thinning_65_90,2
87,2.299999999999997,2.299999999999997,112058.0,experimental,thinning_65_90,2
88,0.8999999999999986,0.8999999999999986,66827.0,experimental,thinning_65_90,2
89,1.1000000000000014,1.0999999999999943,73333.0,experimental,thinning_65_90,2
90,2.5999999999999943,2.700000000000017,118758.0,experimental,thinning_65_90,2
91,2.299999999999983,2.6000000000000227,101135.0,experimental,thinning_65_90,2
92,2.799999999999983,2.8000000000000114,122396.0,experimental,thinning_65_90,2
93,2.799999999999997,2.200000000000017,127185.0,experimental,thinning_65_90,2
94,2.9000000000000057,4.400000000000006,136993.0,experimental,thinning_65_90,2
95,2.200000000000017,3.299999999999983,127464.0,experimental,thinning_65_90,2
96,2.5999999999999943,2.700000000000003,123116.0,experimental,thinning_65_90,2
97,1.1000000000000014,1.0999999999999943,79999.0,experimental,thinning_65_90,2
98,3.0,3.3000000000000114,140428.0,experimental,thinning_65_90,2
99,2.4000000000000057,2.4000000000000057,108414.0,experimental,thinning_65_90,2
100,2.8999999999999773,5.700000000000017,143411.0,experimental,thinning_65_90,2
1,0.5,0.5,57468.0,experimental,thinning_30_75,3
2,1.5,1.6000000000000085,83706.0,experimental,thinning_30_75,3
3,2.0999999999999943,2.6999999999999886,96771.0,experimental,thinning_30_75,3
4,1.9000000000000057,2.8000000000000114,95607.0,experimental,thinning_30_75,3
5,1.799999999999983,1.799999999999983,77413.0,experimental,thinning_30_75,3
6,1.9000000000000057,3.0999999999999943,88762.0,experimental,thinning_30_75,3
7,2.1999999999999886,2.1999999999999886,99636.0,experimental,thinning_30_75,3
8,2.4000000000000057,2.5,89352.0,experimental,thinning_30_75,3
9,1.9000000000000057,6.7000000000000455,110580.0,experimental,thinning_30_75,3
10,2.6999999999999886,38.5,129327.0,experimental,thinning_30_75,3
11,2.299999999999997,2.299999999999997,105874.0,experimental,thinning_30_75,3
12,2.5,3.0,105849.0,experimental,thinning_30_75,3
13,1.1999999999999886,1.2999999999999972,62604.0,experimental,thinning_30_75,3
14,2.4000000000000057,7.600000000000023,109648.0,experimental,thinning_30_75,3
15,2.0,5.0,81708.0,experimental,thinning_30_75,3
16,0.8999999999999986,0.8999999999999986,62585.0,experimental,thinning_30_75,3
17,1.5,1.5999999999999943,83495.0,experimental,thinning_30_75,3
18,1.7000000000000028,1.7000000000000028,73202.0,experimental,thinning_30_75,3
19,1.8000000000000114,1.9000000000000057,80507.0,experimental,thinning_30_75,3
20,1.7000000000000028,1.7999999999999972,84383.0,experimental,thinning_30_75,3
21,1.3999999999999915,1.5999999999999943,67567.0,experimental,thinning_30_75,3
22,1.6999999999999886,1.6999999999999886,83297.0,experimental,thinning_30_75,3
23,2.3000000000000114,2.3000000000000114,87532.0,experimental,thinning_30_75,3
24,1.6999999999999886,1.6999999999999886,68148.0,experimental,thinning_30_75,3
25,0.5999999999999979,0.6000000000000014,57516.0,experimental,thinning_30_75,3
26,2.4000000000000057,7.099999999999994,121172.0,experimental,thinning_30_75,3
27,2.6000000000000227,14.5,124188.0,experimental,thinning_30_75,3
28,2.1999999999999886,2.4000000000000057,102776.0,experimental,thinning_30_75,3
29,1.7000000000000028,1.5999999999999943,69699.0,experimental,thinning_30_75,3
30,1.9000000000000057,1.799999999999983,85502.0,experimental,thinning_30_75,3
31,2.0999999999999943,2.1000000000000227,86102.0,experimental,thinning_30_75,3
32,1.3000000000000114,1.3999999999999915,63491.0,experimental,thinning_30_75,3
33,1.2999999999999972,1.2999999999999972,72017.0,experimental,thinning_30_75,3
34,1.2999999999999972,1.2999999999999972,58806.0,experimental,thinning_30_75,3
35,1.3000000000000114,1.4000000000000057,80106.0,experimental,thinning_30_75,3
36,1.2999999999999972,1.2999999999999972,79517.0,experimental,thinning_30_75,3
37,1.5,1.5999999999999943,77964.0,experimental,thinning_30_75,3
38,2.6999999999999886,6.699999999999989,133400.0,experimental,thinning_30_75,3
39,2.0,2.0999999999999943,89508.0,experimental,thinning_30_75,3
40,1.6999999999999957,1.7000000000000028,98888.0,experimental,thinning_30_75,3
41,2.1999999999999886,2.200000000000003,85040.0,experimental,thinning_30_75,3
42,0.9000000000000057,0.9000000000000057,61263.0,experimental,thinning_30_75,3
43,1.5999999999999943,1.5999999999999943,81489.0,experimental,thinning_30_75,3
44,2.5999999999999943,2.5999999999999943,112236.0,experimental,thinning_30_75,3
45,1.1999999999999957,1.1000000000000014,71869.0,experimental,thinning_30_75,3
46,2.0,15.199999999999989,97448.0,experimental,thinning_30_75,3
47,1.9000000000000057,3.9000000000000057,92151.0,experimental,thinning_30_75,3
48,1.5999999999999943,1.5999999999999943,83368.0,experimental,thinning_30_75,3
49,2.799999999999983,4.699999999999989,127632.0,experimental,thinning_30_75,3
50,2.200000000000017,3.0,98709.0,experimental,thinning_30_75,3
51,1.7000000000000028,1.6999999999999886,99142.0,experimental,thinning_30_75,3
52,2.200000000000017,3.8000000000000114,96182.0,experimental,thinning_30_75,3
53,2.0,11.199999999999989,106258.0,experimental,thinning_30_75,3
54,2.8000000000000114,4.199999999999989,107128.0,experimental,thinning_30_75,3
55,1.700000000000017,1.9000000000000057,76637.0,experimental,thinning_30_75,3
56,2.5,2.5,112750.0,experimental,thinning_30_75,3
57,1.799999999999983,2.0,63103.0,experimental,thinning_30_75,3
58,3.4000000000000057,3.5,146739.0,experimental,thinning_30_75,3
59,2.0,3.5,86114.0,experimental,thinning_30_75,3
60,1.9000000000000057,2.0,71288.0,experimental,thinning_30_75,3
61,1.9000000000000057,10.100000000000023,100382.0,experimental,thinning_30_75,3
62,2.6999999999999886,4.899999999999977,106094.0,experimental,thinning_30_75,3
63,2.4000000000000057,2.4000000000000057,98672.0,experimental,thinning_30_75,3
64,1.3999999999999915,1.3999999999999915,68661.0,experimental,thinning_30_75,3
65,2.0,2.0999999999999943,97140.0,experimental,thinning_30_75,3
66,1.8999999999999915,2.4000000000000057,83605.0,experimental,thinning_30_75,3
67,1.3000000000000114,6.5,83644.0,experimental,thinning_30_75,3
68,1.2999999999999972,2.200000000000003,76229.0,experimental,thinning_30_75,3
69,2.200000000000017,6.800000000000011,101459.0,experimental,thinning_30_75,3
70,1.2000000000000028,1.2999999999999972,64994.0,experimental,thinning_30_75,3
71,1.799999999999983,1.8000000000000114,85471.0,experimental,thinning_30_75,3
72,1.2000000000000028,1.2999999999999972,84310.0,experimental,thinning_30_75,3
73,1.9000000000000057,3.6000000000000227,86796.0,experimental,thinning_30_75,3
74,1.9000000000000057,12.699999999999989,95921.0,experimental,thinning_30_75,3
75,0.6000000000000014,-2.1999999999999957,54349.0,experimental,thinning_30_75,3
76,2.0,9.100000000000023,94690.0,experimental,thinning_30_75,3
77,1.7000000000000028,1.7000000000000028,85140.0,experimental,thinning_30_75,3
78,3.0999999999999943,5.699999999999989,130539.0,experimental,thinning_30_75,3
79,2.200000000000017,2.5,91512.0,experimental,thinning_30_75,3
80,2.200000000000017,3.8000000000000114,98325.0,experimental,thinning_30_75,3
81,2.3999999999999773,11.200000000000003,81366.0,experimental,thinning_30_75,3
82,1.0,1.0,54984.0,experimental,thinning_30_75,3
83,1.5,1.5999999999999943,87156.0,experimental,thinning_30_75,3
84,2.700000000000017,2.9000000000000057,125755.0,experimental,thinning_30_75,3
85,3.0,3.200000000000017,123742.0,experimental,thinning_30_75,3
86,2.5,2.5,106971.0,experimental,thinning_30_75,3
87,1.8999999999999915,1.9000000000000057,90222.0,experimental,thinning_30_75,3
88,0.8999999999999986,0.8999999999999986,60591.0,experimental,thinning_30_75,3
89,0.9000000000000057,0.8999999999999986,62341.0,experimental,thinning_30_75,3
90,2.200000000000017,4.5,92695.0,experimental,thinning_30_75,3
91,1.6999999999999886,1.700000000000017,83357.0,experimental,thinning_30_75,3
92,2.1999999999999886,2.5999999999999943,97785.0,experimental,thinning_30_75,3
93,1.8999999999999915,2.0999999999999943,86052.0,experimental,thinning_30_75,3
94,2.1999999999999886,6.400000000000006,108180.0,experimental,thinning_30_75,3
95,1.8000000000000114,4.199999999999989,97007.0,experimental,thinning_30_75,3
96,1.7000000000000028,1.7999999999999972,78955.0,experimental,thinning_30_75,3
97,0.7000000000000028,0.6999999999999957,56639.0,experimental,thinning_30_75,3
98,2.5,4.5,120506.0,experimental,thinning_30_75,3
99,2.1999999999999886,2.3000000000000114,99420.0,experimental,thinning_30_75,3
100,2.0999999999999943,5.800000000000011,99107.0,experimental,thinning_30_75,3
1,0.29999999999999716,0.29999999999999716,39793.0,experimental,thinning_65_90,4
2,1.0,1.1000000000000085,56217.0,experimental,thinning_65_90,4
3,1.5999999999999943,1.6999999999999886,68887.0,experimental,thinning_65_90,4
4,1.1000000000000085,1.1000000000000085,58996.0,experimental,thinning_65_90,4
5,1.0999999999999943,-2.1000000000000085,49118.0,experimental,thinning_65_90,4
6,1.4000000000000057,-1.1999999999999886,67664.0,experimental,thinning_65_90,4
7,1.5999999999999943,1.5999999999999943,72695.0,experimental,thinning_65_90,4
8,1.5,1.5999999999999943,54322.0,experimental,thinning_65_90,4
9,0.9000000000000057,-3.0,68693.0,experimental,thinning_65_90,4
10,2.2999999999999545,22.100000000000023,103931.0,experimental,thinning_65_90,4
11,1.2000000000000028,1.2000000000000028,61951.0,experimental,thinning_65_90,4
12,1.3000000000000114,1.299999999999983,66098.0,experimental,thinning_65_90,4
13,0.6999999999999886,0.6999999999999886,33063.0,experimental,thinning_65_90,4
14,1.9000000000000057,2.9000000000000057,88668.0,experimental,thinning_65_90,4
15,1.6999999999999886,2.5,67628.0,experimental,thinning_65_90,4
16,0.5,0.5,48116.0,experimental,thinning_65_90,4
17,1.0,1.0999999999999943,65073.0,experimental,thinning_65_90,4
18,0.7999999999999972,0.9000000000000057,38415.0,experimental,thinning_65_90,4
19,1.0,1.0,55071.0,experimental,thinning_65_90,4
20,1.2000000000000028,1.2000000000000028,60928.0,experimental,thinning_65_90,4
21,0.7999999999999972,0.8999999999999915,46558.0,experimental,thinning_65_90,4
22,1.1999999999999886,1.1999999999999886,54182.0,experimental,thinning_65_90,4
23,1.5,1.5,53870.0,experimental,thinning_65_90,4
24,1.299999999999983,1.299999999999983,48358.0,experimental,thinning_65_90,4
25,0.1999999999999993,0.3000000000000007,31363.0,experimental,thinning_65_90,4
26,1.8000000000000114,2.0999999999999943,88117.0,experimental,thinning_65_90,4
27,1.6000000000000227,6.099999999999966,85912.0,experimental,thinning_65_90,4
28,1.5999999999999943,1.6999999999999886,75174.0,experimental,thinning_65_90,4
29,1.0,0.8999999999999915,42258.0,experimental,thinning_65_90,4
30,1.5999999999999943,1.5,68936.0,experimental,thinning_65_90,4
31,1.5999999999999943,1.6000000000000227,61098.0,experimental,thinning_65_90,4
32,0.9000000000000057,1.0,45354.0,experimental,thinning_65_90,4
33,0.7999999999999972,0.7999999999999972,47615.0,experimental,thinning_65_90,4
34,1.0,1.0,45633.0,experimental,thinning_65_90,4
35,0.9000000000000057,0.9000000000000057,56262.0,experimental,thinning_65_90,4
36,0.7999999999999972,0.7999999999999972,57355.0,experimental,thinning_65_90,4
37,1.0,1.0999999999999943,53791.0,experimental,thinning_65_90,4
38,2.1999999999999886,2.3000000000000114,100749.0,experimental,thinning_65_90,4
39,1.0,1.0,48941.0,experimental,thinning_65_90,4
40,0.6999999999999957,0.7000000000000028,59254.0,experimental,thinning_65_90,4
41,1.3999999999999915,1.3999999999999915,53423.0,experimental,thinning_65_90,4
42,0.6000000000000085,0.6000000000000085,40901.0,experimental,thinning_65_90,4
43,0.8999999999999915,0.8999999999999915,53993.0,experimental,thinning_65_90,4
44,1.5999999999999943,1.5999999999999943,76442.0,experimental,thinning_65_90,4
45,0.5,0.5,42507.0,experimental,thinning_65_90,4
46,1.5,6.699999999999989,76651.0,experimental,thinning_65_90,4
47,1.1000000000000085,1.5,58682.0,experimental,thinning_65_90,4
48,0.7000000000000028,0.7000000000000028,48123.0,experimental,thinning_65_90,4
49,2.0999999999999943,2.0,88809.0,experimental,thinning_65_90,4
50,1.700000000000017,1.8000000000000114,75671.0,experimental,thinning_65_90,4
51,0.7999999999999972,0.7999999999999972,60113.0,experimental,thinning_65_90,4
52,1.200000000000017,1.3000000000000114,53050.0,experimental,thinning_65_90,4
53,1.5,5.599999999999966,79687.0,experimental,thinning_65_90,4
54,1.7000000000000455,2.0,72671.0,experimental,thinning_65_90,4
55,1.3000000000000114,1.3000000000000114,51954.0,experimental,thinning_65_90,4
56,1.5,1.4000000000000057,64170.0,experimental,thinning_65_90,4
57,1.5,1.6000000000000227,53748.0,experimental,thinning_65_90,4
58,1.5,-8.600000000000023,85310.0,experimental,thinning_65_90,4
59,1.099999999999966,1.5,43483.0,experimental,thinning_65_90,4
60,0.9000000000000057,0.9000000000000057,39316.0,experimental,thinning_65_90,4
61,1.1000000000000085,1.700000000000017,63252.0,experimental,thinning_65_90,4
62,1.1999999999999886,-52.5,66270.0,experimental,thinning_65_90,4
63,1.3000000000000114,1.299999999999983,60863.0,experimental,thinning_65_90,4
64,0.5999999999999943,0.5999999999999943,39575.0,experimental,thinning_65_90,4
65,1.5,1.5,66862.0,experimental,thinning_65_90,4
66,1.0,1.0,52204.0,experimental,thinning_65_90,4
67,1.0,2.1000000000000085,62757.0,experimental,thinning_65_90,4
68,0.8999999999999915,1.0,51970.0,experimental,thinning_65_90,4
69,1.5999999999999943,4.200000000000017,78102.0,experimental,thinning_65_90,4
70,0.7999999999999972,0.7999999999999972,44598.0,experimental,thinning_65_90,4
71,1.299999999999983,1.3000000000000114,60355.0,experimental,thinning_65_90,4
72,0.8000000000000114,0.7999999999999972,56428.0,experimental,thinning_65_90,4
73,1.5,-0.5,70111.0,experimental,thinning_65_90,4
74,1.4000000000000057,3.8999999999999773,73291.0,experimental,thinning_65_90,4
75,0.5,0.5,36008.0,experimental,thinning_65_90,4
76,1.599999999999966,4.5,69534.0,experimental,thinning_65_90,4
77,1.0999999999999943,1.1000000000000085,54802.0,experimental,thinning_65_90,4
78,2.0999999999999943,2.0,91122.0,experimental,thinning_65_90,4
79,1.5,1.5999999999999943,61902.0,experimental,thinning_65_90,4
80,1.4000000000000057,1.9000000000000057,62073.0,experimental,thinning_65_90,4
81,1.8999999999999773,10.399999999999991,60158.0,experimental,thinning_65_90,4
82,0.7000000000000028,0.7000000000000028,42888.0,experimental,thinning_65_90,4
83,0.7999999999999972,0.8999999999999915,56435.0,experimental,thinning_65_90,4
84,1.700000000000017,1.700000000000017,89612.0,experimental,thinning_65_90,4
85,1.700000000000017,1.8000000000000114,77878.0,experimental,thinning_65_90,4
86,1.0,1.0,62029.0,experimental,thinning_65_90,4
87,1.2000000000000028,1.2999999999999972,61927.0,experimental,thinning_65_90,4
88,0.3999999999999986,0.3999999999999986,35997.0,experimental,thinning_65_90,4
89,0.5,0.3999999999999986,37153.0,experimental,thinning_65_90,4
90,1.5,2.200000000000017,69016.0,experimental,thinning_65_90,4
91,1.1999999999999886,1.200000000000017,56724.0,experimental,thinning_65_90,4
92,1.5999999999999943,1.5999999999999943,68627.0,experimental,thinning_65_90,4
93,1.3999999999999915,1.5,64874.0,experimental,thinning_65_90,4
94,1.6999999999999886,2.9000000000000057,77496.0,experimental,thinning_65_90,4
95,1.1000000000000227,2.299999999999983,66818.0,experimental,thinning_65_90,4
96,1.3000000000000114,1.3999999999999915,63394.0,experimental,thinning_65_90,4
97,0.3999999999999986,0.3999999999999986,38875.0,experimental,thinning_65_90,4
98,1.700000000000017,2.400000000000034,80419.0,experimental,thinning_65_90,4
99,1.0,1.0,55024.0,experimental,thinning_65_90,4
100,1.5999999999999943,5.0,76440.0,experimental,thinning_65_90,4
1,1.4000000000000057,1.2999999999999972,58526.0,experimental,thinning_30_75,5
2,5.099999999999994,5.1000000000000085,149920.0,experimental,thinning_30_75,5
3,5.699999999999989,9.299999999999983,158861.0,experimental,thinning_30_75,5
4,5.400000000000006,10.600000000000009,157982.0,experimental,thinning_30_75,5
5,5.5,5.699999999999989,156800.0,experimental,thinning_30_75,5
6,5.0,9.099999999999994,149726.0,experimental,thinning_30_75,5
7,6.599999999999994,6.699999999999989,173528.0,experimental,thinning_30_75,5
8,6.200000000000017,9.0,163599.0,experimental,thinning_30_75,5
9,6.0,19.299999999999955,174980.0,experimental,thinning_30_75,5
10,8.5,56.0,222094.0,experimental,thinning_30_75,5
11,6.700000000000003,6.799999999999997,170937.0,experimental,thinning_30_75,5
12,5.900000000000006,8.799999999999983,163779.0,experimental,thinning_30_75,5
13,4.599999999999994,4.5,131687.0,experimental,thinning_30_75,5
14,6.700000000000017,16.400000000000006,173570.0,experimental,thinning_30_75,5
15,5.799999999999983,14.200000000000017,165234.0,experimental,thinning_30_75,5
16,4.5,4.399999999999999,138593.0,experimental,thinning_30_75,5
17,5.099999999999994,7.200000000000003,157431.0,experimental,thinning_30_75,5
18,4.8999999999999915,4.900000000000006,138530.0,experimental,thinning_30_75,5
19,5.1000000000000085,5.200000000000003,148273.0,experimental,thinning_30_75,5
20,4.5,5.5,135637.0,experimental,thinning_30_75,5
21,4.799999999999997,5.0,152790.0,experimental,thinning_30_75,5
22,5.0,5.0,144399.0,experimental,thinning_30_75,5
23,7.300000000000011,7.300000000000011,182730.0,experimental,thinning_30_75,5
24,4.699999999999989,4.699999999999989,128776.0,experimental,thinning_30_75,5
25,3.0,3.1000000000000014,121441.0,experimental,thinning_30_75,5
26,6.099999999999994,15.799999999999983,163791.0,experimental,thinning_30_75,5
27,7.600000000000023,31.599999999999966,199649.0,experimental,thinning_30_75,5
28,6.599999999999994,6.800000000000011,178574.0,experimental,thinning_30_75,5
29,5.300000000000011,5.299999999999997,154972.0,experimental,thinning_30_75,5
30,5.400000000000006,5.399999999999977,154764.0,experimental,thinning_30_75,5
31,6.199999999999989,6.200000000000017,159700.0,experimental,thinning_30_75,5
32,4.200000000000003,4.200000000000003,127616.0,experimental,thinning_30_75,5
33,4.299999999999997,4.299999999999997,132916.0,experimental,thinning_30_75,5
34,4.199999999999989,4.299999999999997,132712.0,experimental,thinning_30_75,5
35,3.8000000000000114,4.400000000000006,133467.0,experimental,thinning_30_75,5
36,4.400000000000006,5.0,142325.0,experimental,thinning_30_75,5
37,5.1000000000000085,5.200000000000003,146409.0,experimental,thinning_30_75,5
38,8.099999999999966,17.80000000000001,200561.0,experimental,thinning_30_75,5
39,5.799999999999983,9.0,175166.0,experimental,thinning_30_75,5
40,5.699999999999996,5.799999999999997,162298.0,experimental,thinning_30_75,5
41,5.599999999999994,5.6000000000000085,162044.0,experimental,thinning_30_75,5
42,3.4000000000000057,3.4000000000000057,120645.0,experimental,thinning_30_75,5
43,5.299999999999997,5.299999999999997,154020.0,experimental,thinning_30_75,5
44,6.5,6.599999999999994,177246.0,experimental,thinning_30_75,5
45,4.5,4.600000000000001,144883.0,experimental,thinning_30_75,5
46,5.900000000000034,27.19999999999999,160094.0,experimental,thinning_30_75,5
47,5.6000000000000085,9.600000000000009,163097.0,experimental,thinning_30_75,5
48,5.299999999999997,5.3999999999999915,155581.0,experimental,thinning_30_75,5
49,8.5,9.899999999999977,212900.0,experimental,thinning_30_75,5
50,6.0,6.800000000000011,164893.0,experimental,thinning_30_75,5
51,5.6000000000000085,5.599999999999994,163179.0,experimental,thinning_30_75,5
52,6.5,14.200000000000017,182920.0,experimental,thinning_30_75,5
53,5.800000000000011,22.599999999999966,150812.0,experimental,thinning_30_75,5
54,8.0,11.199999999999989,192931.0,experimental,thinning_30_75,5
55,5.400000000000006,7.900000000000006,141992.0,experimental,thinning_30_75,5
56,6.700000000000017,6.599999999999994,178240.0,experimental,thinning_30_75,5
57,6.5,6.600000000000023,170720.0,experimental,thinning_30_75,5
58,8.5,8.5,204684.0,experimental,thinning_30_75,5
59,5.899999999999977,10.800000000000011,138121.0,experimental,thinning_30_75,5
60,5.299999999999983,5.400000000000006,153607.0,experimental,thinning_30_75,5
61,5.5,21.600000000000023,160609.0,experimental,thinning_30_75,5
62,7.0,10.199999999999989,176176.0,experimental,thinning_30_75,5
63,5.900000000000006,8.0,160035.0,experimental,thinning_30_75,5
64,4.699999999999989,4.699999999999989,145254.0,experimental,thinning_30_75,5
65,5.300000000000011,7.300000000000011,151607.0,experimental,thinning_30_75,5
66,5.5,10.299999999999997,164745.0,experimental,thinning_30_75,5
67,4.300000000000011,19.0,148181.0,experimental,thinning_30_75,5
68,4.699999999999989,11.900000000000006,150446.0,experimental,thinning_30_75,5
69,6.5,13.800000000000011,184962.0,experimental,thinning_30_75,5
70,5.1000000000000085,5.099999999999994,148856.0,experimental,thinning_30_75,5
71,5.0,5.0,143645.0,experimental,thinning_30_75,5
72,4.400000000000006,4.6000000000000085,139756.0,experimental,thinning_30_75,5
73,6.699999999999989,15.900000000000006,185856.0,experimental,thinning_30_75,5
74,5.299999999999983,28.0,154853.0,experimental,thinning_30_75,5
75,4.099999999999994,4.100000000000001,133095.0,experimental,thinning_30_75,5
76,6.399999999999977,16.80000000000001,182800.0,experimental,thinning_30_75,5
77,5.799999999999997,5.799999999999997,159754.0,experimental,thinning_30_75,5
78,7.900000000000006,16.899999999999977,196802.0,experimental,thinning_30_75,5
79,6.0,6.099999999999994,158546.0,experimental,thinning_30_75,5
80,7.700000000000017,11.600000000000023,197741.0,experimental,thinning_30_75,5
81,6.699999999999989,6.700000000000003,183124.0,experimental,thinning_30_75,5
82,4.1000000000000085,4.200000000000003,142578.0,experimental,thinning_30_75,5
83,4.799999999999997,4.8999999999999915,147490.0,experimental,thinning_30_75,5
84,6.900000000000006,7.100000000000023,185021.0,experimental,thinning_30_75,5
85,7.800000000000011,8.300000000000011,194994.0,experimental,thinning_30_75,5
86,6.099999999999994,6.099999999999994,168823.0,experimental,thinning_30_75,5
87,5.299999999999997,5.299999999999997,154373.0,experimental,thinning_30_75,5
88,3.700000000000003,3.6999999999999957,131197.0,experimental,thinning_30_75,5
89,3.4000000000000057,3.3999999999999986,115973.0,experimental,thinning_30_75,5
90,5.700000000000017,10.900000000000006,158411.0,experimental,thinning_30_75,5
91,5.5,7.400000000000006,153760.0,experimental,thinning_30_75,5
92,6.799999999999983,7.800000000000011,189723.0,experimental,thinning_30_75,5
93,6.799999999999997,6.900000000000006,185086.0,experimental,thinning_30_75,5
94,6.0,13.400000000000006,164028.0,experimental,thinning_30_75,5
95,6.0,9.699999999999989,195288.0,experimental,thinning_30_75,5
96,5.200000000000017,5.299999999999997,150244.0,experimental,thinning_30_75,5
97,3.3000000000000043,3.1999999999999957,119874.0,experimental,thinning_30_75,5
98,6.200000000000017,10.5,156705.0,experimental,thinning_30_75,5
99,6.400000000000006,6.5,168486.0,experimental,thinning_30_75,5
100,6.299999999999983,15.099999999999994,166228.0,experimental,thinning_30_75,5
1,0.9000000000000057,0.9000000000000057,45996.0,experimental,thinning_65_90,6
2,3.9000000000000057,4.0,118010.0,experimental,thinning_65_90,6
3,4.699999999999989,4.799999999999983,134194.0,experimental,thinning_65_90,6
4,4.200000000000003,4.700000000000003,127089.0,experimental,thinning_65_90,6
5,4.199999999999989,4.199999999999989,127998.0,experimental,thinning_65_90,6
6,4.400000000000006,4.800000000000011,138036.0,experimental,thinning_65_90,6
7,5.399999999999977,5.400000000000006,143170.0,experimental,thinning_65_90,6
8,4.400000000000006,4.400000000000006,121998.0,experimental,thinning_65_90,6
9,4.099999999999994,0.20000000000004547,130140.0,experimental,thinning_65_90,6
10,7.199999999999989,24.5,187520.0,experimental,thinning_65_90,6
11,4.700000000000003,4.700000000000003,122694.0,experimental,thinning_65_90,6
12,4.099999999999994,4.099999999999994,120179.0,experimental,thinning_65_90,6
13,3.5,3.3999999999999915,102882.0,experimental,thinning_65_90,6
14,4.900000000000006,8.200000000000017,130418.0,experimental,thinning_65_90,6
15,5.0,6.800000000000011,143494.0,experimental,thinning_65_90,6
16,3.700000000000003,3.700000000000003,119011.0,experimental,thinning_65_90,6
17,3.799999999999997,3.9000000000000057,120556.0,experimental,thinning_65_90,6
18,3.5,3.6000000000000085,103469.0,experimental,thinning_65_90,6
19,3.4000000000000057,3.4000000000000057,106170.0,experimental,thinning_65_90,6
20,3.5,3.700000000000003,109474.0,experimental,thinning_65_90,6
21,3.5999999999999943,3.5999999999999943,120942.0,experimental,thinning_65_90,6
22,4.299999999999983,4.299999999999983,126172.0,experimental,thinning_65_90,6
23,5.300000000000011,5.300000000000011,138721.0,experimental,thinning_65_90,6
24,3.799999999999983,3.799999999999983,108434.0,experimental,thinning_65_90,6
25,2.099999999999998,2.1999999999999993,95142.0,experimental,thinning_65_90,6
26,4.599999999999994,5.299999999999983,123489.0,experimental,thinning_65_90,6
27,6.0,15.199999999999989,164725.0,experimental,thinning_65_90,6
28,5.5,5.599999999999994,153559.0,experimental,thinning_65_90,6
29,4.0,4.0,124248.0,experimental,thinning_65_90,6
30,4.800000000000011,4.699999999999989,140332.0,experimental,thinning_65_90,6
31,5.199999999999989,5.200000000000017,134868.0,experimental,thinning_65_90,6
32,3.4000000000000057,3.3999999999999915,108350.0,experimental,thinning_65_90,6
33,3.200000000000003,3.1999999999999886,106673.0,experimental,thinning_65_90,6
34,3.5999999999999943,3.6999999999999886,118615.0,experimental,thinning_65_90,6
35,3.0,3.200000000000003,112059.0,experimental,thinning_65_90,6
36,3.5,3.5,118767.0,experimental,thinning_65_90,6
37,4.200000000000003,4.299999999999997,123848.0,experimental,thinning_65_90,6
38,6.2999999999999545,6.899999999999977,152555.0,experimental,thinning_65_90,6
39,3.8999999999999915,3.9000000000000057,121208.0,experimental,thinning_65_90,6
40,3.6999999999999957,3.700000000000003,111321.0,experimental,thinning_65_90,6
41,4.099999999999994,4.000000000000014,125210.0,experimental,thinning_65_90,6
42,2.9000000000000057,2.9000000000000057,106083.0,experimental,thinning_65_90,6
43,3.799999999999997,3.8999999999999915,118040.0,experimental,thinning_65_90,6
44,4.900000000000006,4.899999999999977,135974.0,experimental,thinning_65_90,6
45,3.1999999999999957,3.1000000000000014,110920.0,experimental,thinning_65_90,6
46,4.800000000000011,12.099999999999966,132638.0,experimental,thinning_65_90,6
47,4.1000000000000085,5.700000000000003,124237.0,experimental,thinning_65_90,6
48,3.700000000000003,3.700000000000003,115135.0,experimental,thinning_65_90,6
49,6.199999999999989,6.099999999999994,157974.0,experimental,thinning_65_90,6
50,4.800000000000011,4.900000000000006,139275.0,experimental,thinning_65_90,6
51,3.799999999999997,3.799999999999997,119263.0,experimental,thinning_65_90,6
52,4.700000000000017,4.800000000000011,133827.0,experimental,thinning_65_90,6
53,4.5,8.899999999999977,117267.0,experimental,thinning_65_90,6
54,5.900000000000034,6.100000000000023,144198.0,experimental,thinning_65_90,6
55,4.5,4.700000000000017,122712.0,experimental,thinning_65_90,6
56,4.800000000000011,4.799999999999983,136010.0,experimental,thinning_65_90,6
57,5.299999999999983,5.300000000000011,144500.0,experimental,thinning_65_90,6
58,5.300000000000011,-4.900000000000006,135795.0,experimental,thinning_65_90,6
59,3.7999999999999545,5.599999999999966,94569.0,experimental,thinning_65_90,6
60,3.6999999999999886,3.700000000000017,118605.0,experimental,thinning_65_90,6
61,3.799999999999997,9.600000000000023,113398.0,experimental,thinning_65_90,6
62,5.099999999999994,5.800000000000011,130836.0,experimental,thinning_65_90,6
63,4.100000000000023,4.099999999999994,116323.0,experimental,thinning_65_90,6
64,3.3999999999999915,3.3999999999999915,112016.0,experimental,thinning_65_90,6
65,4.400000000000006,5.0,130181.0,experimental,thinning_65_90,6
66,3.8999999999999915,3.9000000000000057,123952.0,experimental,thinning_65_90,6
67,3.5,10.600000000000009,129314.0,experimental,thinning_65_90,6
68,3.799999999999997,5.299999999999997,126380.0,experimental,thinning_65_90,6
69,5.400000000000006,9.800000000000011,158745.0,experimental,thinning_65_90,6
70,4.0,4.099999999999994,123392.0,experimental,thinning_65_90,6
71,4.099999999999994,4.200000000000017,123878.0,experimental,thinning_65_90,6
72,3.5,3.5,114692.0,experimental,thinning_65_90,6
73,5.5,3.4000000000000057,156151.0,experimental,thinning_65_90,6
74,4.5,13.5,135363.0,experimental,thinning_65_90,6
75,3.4000000000000057,3.3999999999999986,115856.0,experimental,thinning_65_90,6
76,5.0,8.900000000000034,142554.0,experimental,thinning_65_90,6
77,4.799999999999997,4.799999999999997,135058.0,experimental,thinning_65_90,6
78,5.800000000000011,5.799999999999983,142100.0,experimental,thinning_65_90,6
79,4.5,4.599999999999994,125856.0,experimental,thinning_65_90,6
80,6.0,7.100000000000023,160176.0,experimental,thinning_65_90,6
81,5.599999999999994,5.6000000000000085,157360.0,experimental,thinning_65_90,6
82,3.4000000000000057,2.9000000000000057,126226.0,experimental,thinning_65_90,6
83,3.299999999999997,3.3999999999999915,108406.0,experimental,thinning_65_90,6
84,5.0,5.100000000000023,143488.0,experimental,thinning_65_90,6
85,5.099999999999994,5.300000000000011,129335.0,experimental,thinning_65_90,6
86,3.5,3.5,109077.0,experimental,thinning_65_90,6
87,3.8999999999999915,3.9000000000000057,121740.0,experimental,thinning_65_90,6
88,2.3000000000000043,2.299999999999997,94770.0,experimental,thinning_65_90,6
89,2.3000000000000043,2.299999999999997,86545.0,experimental,thinning_65_90,6
90,4.200000000000017,6.0,126132.0,experimental,thinning_65_90,6
91,4.599999999999994,5.800000000000011,131520.0,experimental,thinning_65_90,6
92,5.399999999999977,5.400000000000006,153555.0,experimental,thinning_65_90,6
93,5.700000000000003,5.800000000000011,160389.0,experimental,thinning_65_90,6
94,4.900000000000006,6.5,137158.0,experimental,thinning_65_90,6
95,4.600000000000023,5.699999999999989,155051.0,experimental,thinning_65_90,6
96,4.599999999999994,4.700000000000003,136608.0,experimental,thinning_65_90,6
97,2.6000000000000014,2.5,98450.0,experimental,thinning_65_90,6
98,4.600000000000023,4.0,117796.0,experimental,thinning_65_90,6
99,4.400000000000006,4.400000000000006,120764.0,experimental,thinning_65_90,6
100,4.599999999999994,12.300000000000011,137124.0,experimental,thinning_65_90,6
1,0.7000000000000028,0.6000000000000085,42464.0,experimental,thinning_30_75,7
2,1.0,1.1000000000000085,54726.0,experimental,thinning_30_75,7
3,1.1999999999999886,1.3999999999999773,59020.0,experimental,thinning_30_75,7
4,1.2000000000000028,1.5,58657.0,experimental,thinning_30_75,7
5,1.0,1.0999999999999943,50462.0,experimental,thinning_30_75,7
6,1.1000000000000227,2.1999999999999886,56428.0,experimental,thinning_30_75,7
7,1.299999999999983,1.3000000000000114,61561.0,experimental,thinning_30_75,7
8,1.200000000000017,1.5999999999999943,55420.0,experimental,thinning_30_75,7
9,1.4000000000000057,12.700000000000045,65735.0,experimental,thinning_30_75,7
10,2.1999999999999886,14.799999999999955,88473.0,experimental,thinning_30_75,7
11,1.7999999999999972,1.7999999999999972,74254.0,experimental,thinning_30_75,7
12,1.3000000000000114,1.3999999999999773,61462.0,experimental,thinning_30_75,7
13,0.7999999999999972,0.6999999999999886,39016.0,experimental,thinning_30_75,7
14,1.5,4.600000000000023,65586.0,experimental,thinning_30_75,7
15,1.1999999999999886,2.8000000000000114,53698.0,experimental,thinning_30_75,7
16,0.7999999999999972,0.8000000000000043,48316.0,experimental,thinning_30_75,7
17,1.0,1.2999999999999972,58123.0,experimental,thinning_30_75,7
18,0.8999999999999915,0.9000000000000057,42851.0,experimental,thinning_30_75,7
19,1.1000000000000085,1.1000000000000085,52666.0,experimental,thinning_30_75,7
20,0.9000000000000057,1.0,52134.0,experimental,thinning_30_75,7
21,0.7999999999999972,0.8999999999999915,47452.0,experimental,thinning_30_75,7
22,1.0999999999999943,1.0,53286.0,experimental,thinning_30_75,7
23,1.3000000000000114,1.3000000000000114,53268.0,experimental,thinning_30_75,7
24,0.8999999999999773,0.9000000000000057,41082.0,experimental,thinning_30_75,7
25,0.3999999999999986,0.5,40011.0,experimental,thinning_30_75,7
26,1.5999999999999943,3.5,68745.0,experimental,thinning_30_75,7
27,2.0,8.899999999999977,86593.0,experimental,thinning_30_75,7
28,1.5999999999999943,1.8000000000000114,72817.0,experimental,thinning_30_75,7
29,1.0,0.8999999999999915,45712.0,experimental,thinning_30_75,7
30,1.0999999999999943,1.0,54090.0,experimental,thinning_30_75,7
31,1.1999999999999886,1.200000000000017,51001.0,experimental,thinning_30_75,7
32,0.7000000000000028,0.7999999999999972,40368.0,experimental,thinning_30_75,7
33,0.7999999999999972,0.8999999999999915,48056.0,experimental,thinning_30_75,7
34,0.6999999999999886,0.7999999999999972,40194.0,experimental,thinning_30_75,7
35,0.9000000000000057,0.9000000000000057,52411.0,experimental,thinning_30_75,7
36,0.9000000000000057,0.8999999999999915,52770.0,experimental,thinning_30_75,7
37,1.0,1.0999999999999943,50580.0,experimental,thinning_30_75,7
38,2.1999999999999886,6.699999999999989,88751.0,experimental,thinning_30_75,7
39,1.0999999999999943,1.0999999999999943,62075.0,experimental,thinning_30_75,7
40,1.1999999999999957,1.2000000000000028,58666.0,experimental,thinning_30_75,7
41,1.1999999999999886,1.2999999999999972,55915.0,experimental,thinning_30_75,7
42,0.6000000000000085,0.6000000000000085,37946.0,experimental,thinning_30_75,7
43,1.0,1.0,57790.0,experimental,thinning_30_75,7
44,1.4000000000000057,1.3999999999999773,66171.0,experimental,thinning_30_75,7
45,0.7999999999999972,0.7999999999999972,48612.0,experimental,thinning_30_75,7
46,1.400000000000034,8.300000000000011,63106.0,experimental,thinning_30_75,7
47,1.3000000000000114,2.1000000000000085,61806.0,experimental,thinning_30_75,7
48,1.0,1.0,54035.0,experimental,thinning_30_75,7
49,2.0999999999999943,3.299999999999983,81982.0,experimental,thinning_30_75,7
50,1.4000000000000057,1.9000000000000057,67572.0,experimental,thinning_30_75,7
51,1.2000000000000028,1.1999999999999886,63084.0,experimental,thinning_30_75,7
52,1.200000000000017,2.4000000000000057,58357.0,experimental,thinning_30_75,7
53,1.3999999999999773,6.399999999999977,60707.0,experimental,thinning_30_75,7
54,1.900000000000034,2.900000000000034,73228.0,experimental,thinning_30_75,7
55,1.200000000000017,1.3000000000000114,52204.0,experimental,thinning_30_75,7
56,1.4000000000000057,1.4000000000000057,61615.0,experimental,thinning_30_75,7
57,1.1999999999999886,1.6000000000000227,51087.0,experimental,thinning_30_75,7
58,2.0999999999999943,2.1999999999999886,80385.0,experimental,thinning_30_75,7
59,1.599999999999966,2.0,59419.0,experimental,thinning_30_75,7
60,1.0999999999999943,1.1000000000000227,49436.0,experimental,thinning_30_75,7
61,1.4000000000000057,4.900000000000006,65805.0,experimental,thinning_30_75,7
62,1.6999999999999886,3.5,67641.0,experimental,thinning_30_75,7
63,1.3000000000000114,1.299999999999983,59397.0,experimental,thinning_30_75,7
64,0.7999999999999972,0.7999999999999972,44963.0,experimental,thinning_30_75,7
65,1.200000000000017,1.1999999999999886,59724.0,experimental,thinning_30_75,7
66,1.0,1.2000000000000028,54204.0,experimental,thinning_30_75,7
67,0.8000000000000114,3.8000000000000114,54394.0,experimental,thinning_30_75,7
68,1.0,1.5,57827.0,experimental,thinning_30_75,7
69,1.3000000000000114,3.3000000000000114,65260.0,experimental,thinning_30_75,7
70,1.0,1.0,49243.0,experimental,thinning_30_75,7
71,1.0,1.0,51869.0,experimental,thinning_30_75,7
72,0.9000000000000057,0.9000000000000057,52378.0,experimental,thinning_30_75,7
73,1.3000000000000114,3.6000000000000227,60329.0,experimental,thinning_30_75,7
74,1.299999999999983,9.800000000000011,62493.0,experimental,thinning_30_75,7
75,0.6000000000000014,0.6000000000000014,38627.0,experimental,thinning_30_75,7
76,1.599999999999966,7.400000000000034,70606.0,experimental,thinning_30_75,7
77,1.2000000000000028,1.1000000000000085,54536.0,experimental,thinning_30_75,7
78,2.0,3.5999999999999943,77661.0,experimental,thinning_30_75,7
79,1.3000000000000114,1.6999999999999886,58582.0,experimental,thinning_30_75,7
80,1.5,2.8000000000000114,63235.0,experimental,thinning_30_75,7
81,1.299999999999983,1.2000000000000028,60340.0,experimental,thinning_30_75,7
82,0.7000000000000028,0.7000000000000028,46100.0,experimental,thinning_30_75,7
83,1.0,1.0999999999999943,53536.0,experimental,thinning_30_75,7
84,1.6000000000000227,2.4000000000000057,75745.0,experimental,thinning_30_75,7
85,1.9000000000000057,2.0,76334.0,experimental,thinning_30_75,7
86,1.5,1.5,66246.0,experimental,thinning_30_75,7
87,1.0999999999999943,1.1000000000000085,55460.0,experimental,thinning_30_75,7
88,0.6000000000000014,0.6000000000000014,40739.0,experimental,thinning_30_75,7
89,0.6000000000000014,0.5999999999999943,42502.0,experimental,thinning_30_75,7
90,1.200000000000017,2.8000000000000114,56398.0,experimental,thinning_30_75,7
91,1.0999999999999943,1.0,51146.0,experimental,thinning_30_75,7
92,1.3999999999999773,1.4000000000000057,63659.0,experimental,thinning_30_75,7
93,1.2999999999999972,1.4000000000000057,60600.0,experimental,thinning_30_75,7
94,1.4000000000000057,3.4000000000000057,68702.0,experimental,thinning_30_75,7
95,0.9000000000000057,2.0999999999999943,68215.0,experimental,thinning_30_75,7
96,1.1000000000000085,1.2000000000000028,55678.0,experimental,thinning_30_75,7
97,0.6000000000000014,0.5,42758.0,experimental,thinning_30_75,7
98,1.700000000000017,3.0,71744.0,experimental,thinning_30_75,7
99,1.5,1.5,65784.0,experimental,thinning_30_75,7
100,1.5,3.3000000000000114,67260.0,experimental,thinning_30_75,7
1,0.5,0.4000000000000057,33052.0,experimental,thinning_65_90,8
2,0.7000000000000028,0.8000000000000114,40100.0,experimental,thinning_65_90,8
3,0.9000000000000057,0.8999999999999773,45465.0,experimental,thinning_65_90,8
4,0.8000000000000114,0.8000000000000114,41829.0,experimental,thinning_65_90,8
5,0.6999999999999886,0.6999999999999886,34034.0,experimental,thinning_65_90,8
6,0.9000000000000057,0.9000000000000057,45792.0,experimental,thinning_65_90,8
7,1.0,1.0,48316.0,experimental,thinning_65_90,8
8,0.8000000000000114,0.799999999999983,36092.0,experimental,thinning_65_90,8
9,0.9000000000000057,6.399999999999977,45785.0,experimental,thinning_65_90,8
10,1.8999999999999773,6.0,76028.0,experimental,thinning_65_90,8
11,1.2999999999999972,1.2999999999999972,55980.0,experimental,thinning_65_90,8
12,0.9000000000000057,0.8999999999999773,45879.0,experimental,thinning_65_90,8
13,0.5,0.3999999999999915,24192.0,experimental,thinning_65_90,8
14,1.200000000000017,1.8000000000000114,52319.0,experimental,thinning_65_90,8
15,1.0,1.5999999999999943,46728.0,experimental,thinning_65_90,8
16,0.6000000000000014,0.3999999999999986,40501.0,experimental,thinning_65_90,8
17,0.7999999999999972,0.9000000000000057,49007.0,experimental,thinning_65_90,8
18,0.5,0.6000000000000085,26616.0,experimental,thinning_65_90,8
19,0.7000000000000028,0.7000000000000028,40373.0,experimental,thinning_65_90,8
20,0.7000000000000028,0.7999999999999972,39575.0,experimental,thinning_65_90,8
21,0.5999999999999943,0.5999999999999943,37355.0,experimental,thinning_65_90,8
22,0.799999999999983,0.799999999999983,40640.0,experimental,thinning_65_90,8
23,0.9000000000000057,0.9000000000000057,37084.0,experimental,thinning_65_90,8
24,0.6999999999999886,0.5999999999999943,31139.0,experimental,thinning_65_90,8
25,0.1999999999999993,0.3000000000000007,26402.0,experimental,thinning_65_90,8
26,1.1999999999999886,1.3999999999999773,53338.0,experimental,thinning_65_90,8
27,1.6000000000000227,4.800000000000011,70590.0,experimental,thinning_65_90,8
28,1.299999999999983,1.4000000000000057,60507.0,experimental,thinning_65_90,8
29,0.7000000000000028,0.5999999999999943,33762.0,experimental,thinning_65_90,8
30,1.0,0.8999999999999773,47481.0,experimental,thinning_65_90,8
31,1.0,0.9000000000000057,39974.0,experimental,thinning_65_90,8
32,0.5,0.5999999999999943,32381.0,experimental,thinning_65_90,8
33,0.5999999999999943,0.5999999999999943,34420.0,experimental,thinning_65_90,8
34,0.5999999999999943,0.5999999999999943,33485.0,experimental,thinning_65_90,8
35,0.7000000000000028,0.7000000000000028,41075.0,experimental,thinning_65_90,8
36,0.5999999999999943,0.7000000000000028,41337.0,experimental,thinning_65_90,8
37,0.7000000000000028,0.7999999999999972,38024.0,experimental,thinning_65_90,8
38,1.7999999999999545,1.8000000000000114,71347.0,experimental,thinning_65_90,8
39,0.7999999999999972,0.7999999999999972,44588.0,experimental,thinning_65_90,8
40,0.7999999999999972,0.7999999999999972,40667.0,experimental,thinning_65_90,8
41,0.7999999999999972,0.7999999999999972,39261.0,experimental,thinning_65_90,8
42,0.5,0.4000000000000057,28274.0,experimental,thinning_65_90,8
43,0.7999999999999972,0.7999999999999972,44602.0,experimental,thinning_65_90,8
44,1.0,1.0,50843.0,experimental,thinning_65_90,8
45,0.5,0.5,34449.0,experimental,thinning_65_90,8
46,1.1000000000000227,3.6999999999999886,52589.0,experimental,thinning_65_90,8
47,0.9000000000000057,0.8000000000000114,45900.0,experimental,thinning_65_90,8
48,0.7000000000000028,0.7000000000000028,36887.0,experimental,thinning_65_90,8
49,1.5,1.3999999999999773,59798.0,experimental,thinning_65_90,8
50,1.0999999999999943,1.200000000000017,55519.0,experimental,thinning_65_90,8
51,0.7999999999999972,0.6999999999999886,43649.0,experimental,thinning_65_90,8
52,0.8000000000000114,0.8000000000000114,37458.0,experimental,thinning_65_90,8
53,1.099999999999966,3.0,49673.0,experimental,thinning_65_90,8
54,1.5,1.6999999999999886,58182.0,experimental,thinning_65_90,8
55,0.9000000000000057,1.0,40045.0,experimental,thinning_65_90,8
56,0.9000000000000057,0.799999999999983,39810.0,experimental,thinning_65_90,8
57,1.0,1.1000000000000227,42916.0,experimental,thinning_65_90,8
58,1.4000000000000057,1.299999999999983,53085.0,experimental,thinning_65_90,8
59,1.0,1.1999999999999886,38971.0,experimental,thinning_65_90,8
60,0.6999999999999886,0.8000000000000114,37227.0,experimental,thinning_65_90,8
61,1.0,1.1000000000000227,45650.0,experimental,thinning_65_90,8
62,1.3000000000000114,1.599999999999966,51632.0,experimental,thinning_65_90,8
63,0.9000000000000057,0.9000000000000057,42292.0,experimental,thinning_65_90,8
64,0.5,0.5,32009.0,experimental,thinning_65_90,8
65,0.9000000000000057,0.8000000000000114,44740.0,experimental,thinning_65_90,8
66,0.6999999999999886,0.7000000000000028,40014.0,experimental,thinning_65_90,8
67,0.7000000000000028,1.6000000000000085,45214.0,experimental,thinning_65_90,8
68,0.6999999999999886,0.7000000000000028,44749.0,experimental,thinning_65_90,8
69,1.0999999999999943,1.8000000000000114,55056.0,experimental,thinning_65_90,8
70,0.7000000000000028,0.6999999999999886,38389.0,experimental,thinning_65_90,8
71,0.6999999999999886,0.8000000000000114,40775.0,experimental,thinning_65_90,8
72,0.6000000000000085,0.7000000000000028,38317.0,experimental,thinning_65_90,8
73,1.0999999999999943,1.200000000000017,50332.0,experimental,thinning_65_90,8
74,1.0,3.1999999999999886,51169.0,experimental,thinning_65_90,8
75,0.5,0.5,30214.0,experimental,thinning_65_90,8
76,1.099999999999966,3.900000000000034,50316.0,experimental,thinning_65_90,8
77,0.7999999999999972,0.7999999999999972,38198.0,experimental,thinning_65_90,8
78,1.5999999999999943,1.5,61365.0,experimental,thinning_65_90,8
79,1.0,1.0999999999999943,46207.0,experimental,thinning_65_90,8
80,1.0999999999999943,1.700000000000017,49000.0,experimental,thinning_65_90,8
81,1.0,1.0,51030.0,experimental,thinning_65_90,8
82,0.6000000000000085,0.5999999999999943,41754.0,experimental,thinning_65_90,8
83,0.5999999999999943,0.6999999999999886,37902.0,experimental,thinning_65_90,8
84,1.3000000000000114,1.3000000000000114,62205.0,experimental,thinning_65_90,8
85,1.4000000000000057,1.4000000000000057,55832.0,experimental,thinning_65_90,8
86,0.8999999999999915,0.9000000000000057,48208.0,experimental,thinning_65_90,8
87,0.7999999999999972,0.7999999999999972,42915.0,experimental,thinning_65_90,8
88,0.3999999999999986,0.3999999999999986,26568.0,experimental,thinning_65_90,8
89,0.4000000000000057,0.3999999999999986,29287.0,experimental,thinning_65_90,8
90,0.9000000000000057,1.5,46210.0,experimental,thinning_65_90,8
91,0.799999999999983,0.8000000000000114,40330.0,experimental,thinning_65_90,8
92,1.0,1.0,49371.0,experimental,thinning_65_90,8
93,1.0999999999999943,1.0999999999999943,50944.0,experimental,thinning_65_90,8
94,1.0999999999999943,1.8000000000000114,54106.0,experimental,thinning_65_90,8
95,0.700000000000017,1.1999999999999886,52916.0,experimental,thinning_65_90,8
96,0.9000000000000057,0.9999999999999858,48247.0,experimental,thinning_65_90,8
97,0.5,0.3999999999999986,34151.0,experimental,thinning_65_90,8
98,1.200000000000017,1.8000000000000114,52712.0,experimental,thinning_65_90,8
99,1.0,1.0,45183.0,experimental,thinning_65_90,8
100,1.0999999999999943,2.9000000000000057,56226.0,experimental,thinning_65_90,8
1,0.7999999999999972,0.7000000000000028,46986.0,experimental,thinning_30_75,9
2,0.7999999999999972,0.8000000000000114,47557.0,experimental,thinning_30_75,9
3,0.799999999999983,0.799999999999983,47042.0,experimental,thinning_30_75,9
4,0.8000000000000114,0.7000000000000028,48703.0,experimental,thinning_30_75,9
5,0.5999999999999943,0.6999999999999886,37211.0,experimental,thinning_30_75,9
6,0.8000000000000114,0.6999999999999886,46904.0,experimental,thinning_30_75,9
7,0.8999999999999773,0.9000000000000057,51273.0,experimental,thinning_30_75,9
8,0.700000000000017,0.6999999999999886,37583.0,experimental,thinning_30_75,9
9,0.9000000000000057,5.7999999999999545,47617.0,experimental,thinning_30_75,9
10,1.6999999999999886,1.7999999999999545,76827.0,experimental,thinning_30_75,9
11,1.2000000000000028,1.2000000000000028,59728.0,experimental,thinning_30_75,9
12,0.8000000000000114,0.799999999999983,46324.0,experimental,thinning_30_75,9
13,0.5999999999999943,0.5,33198.0,experimental,thinning_30_75,9
14,0.9000000000000057,1.200000000000017,48225.0,experimental,thinning_30_75,9
15,0.6999999999999886,0.5999999999999943,38056.0,experimental,thinning_30_75,9
16,0.7000000000000028,0.3999999999999986,45365.0,experimental,thinning_30_75,9
17,0.7000000000000028,1.0999999999999943,47821.0,experimental,thinning_30_75,9
18,0.5999999999999943,0.6000000000000085,34614.0,experimental,thinning_30_75,9
19,0.6000000000000085,0.6000000000000085,38400.0,experimental,thinning_30_75,9
20,0.6000000000000085,0.7000000000000028,42822.0,experimental,thinning_30_75,9
21,0.5,0.5999999999999943,37142.0,experimental,thinning_30_75,9
22,0.799999999999983,0.799999999999983,45542.0,experimental,thinning_30_75,9
23,0.8000000000000114,0.8000000000000114,38126.0,experimental,thinning_30_75,9
24,0.5,0.5,28663.0,experimental,thinning_30_75,9
25,0.3999999999999986,0.5,39287.0,experimental,thinning_30_75,9
26,1.1999999999999886,1.0999999999999943,58636.0,experimental,thinning_30_75,9
27,1.3999999999999773,1.3999999999999773,72382.0,experimental,thinning_30_75,9
28,1.0999999999999943,1.1999999999999886,58756.0,experimental,thinning_30_75,9
29,0.6000000000000085,0.5,31389.0,experimental,thinning_30_75,9
30,0.6999999999999886,0.5999999999999943,44195.0,experimental,thinning_30_75,9
31,0.8000000000000114,0.8000000000000114,39122.0,experimental,thinning_30_75,9
32,0.4000000000000057,0.5,30976.0,experimental,thinning_30_75,9
33,0.5999999999999943,0.5999999999999943,40383.0,experimental,thinning_30_75,9
34,0.5,0.5,30167.0,experimental,thinning_30_75,9
35,0.7000000000000028,0.7000000000000028,44713.0,experimental,thinning_30_75,9
36,0.7000000000000028,0.7000000000000028,47901.0,experimental,thinning_30_75,9
37,0.7000000000000028,0.7999999999999972,42938.0,experimental,thinning_30_75,9
38,1.6999999999999886,2.0,76278.0,experimental,thinning_30_75,9
39,0.5999999999999943,0.5999999999999943,43858.0,experimental,thinning_30_75,9
40,1.0,1.0,53862.0,experimental,thinning_30_75,9
41,0.6999999999999886,0.6000000000000085,36822.0,experimental,thinning_30_75,9
42,0.5,0.5,36653.0,experimental,thinning_30_75,9
43,0.7000000000000028,0.6999999999999886,45347.0,experimental,thinning_30_75,9
44,0.9000000000000057,0.799999999999983,50788.0,experimental,thinning_30_75,9
45,0.6000000000000014,0.6000000000000014,43891.0,experimental,thinning_30_75,9
46,1.0,0.8999999999999773,49261.0,experimental,thinning_30_75,9
47,0.8000000000000114,0.8000000000000114,48330.0,experimental,thinning_30_75,9
48,0.7999999999999972,0.7999999999999972,45898.0,experimental,thinning_30_75,9
49,1.5,1.3999999999999773,66822.0,experimental,thinning_30_75,9
50,0.9000000000000057,0.9000000000000057,49814.0,experimental,thinning_30_75,9
51,1.0,0.8999999999999915,57523.0,experimental,thinning_30_75,9
52,0.700000000000017,0.8000000000000114,42978.0,experimental,thinning_30_75,9
53,1.0,1.0,51057.0,experimental,thinning_30_75,9
54,1.2000000000000455,1.1999999999999886,52279.0,experimental,thinning_30_75,9
55,0.8000000000000114,0.8000000000000114,40817.0,experimental,thinning_30_75,9
56,1.1000000000000227,1.0,53474.0,experimental,thinning_30_75,9
57,0.5999999999999943,0.6000000000000227,31187.0,experimental,thinning_30_75,9
58,1.4000000000000057,1.3999999999999773,64599.0,experimental,thinning_30_75,9
59,1.1999999999999886,1.099999999999966,49314.0,experimental,thinning_30_75,9
60,0.5,0.6000000000000227,31844.0,experimental,thinning_30_75,9
61,1.0,1.0,54604.0,experimental,thinning_30_75,9
62,1.0,1.0,48118.0,experimental,thinning_30_75,9
63,0.9000000000000057,0.9000000000000057,44984.0,experimental,thinning_30_75,9
64,0.5999999999999943,0.5,34809.0,experimental,thinning_30_75,9
65,0.8000000000000114,0.8000000000000114,49762.0,experimental,thinning_30_75,9
66,0.5999999999999943,0.6000000000000085,40921.0,experimental,thinning_30_75,9
67,0.6000000000000085,0.6000000000000085,47267.0,experimental,thinning_30_75,9
68,0.5999999999999943,0.5,46207.0,experimental,thinning_30_75,9
69,0.8000000000000114,0.8000000000000114,51863.0,experimental,thinning_30_75,9
70,0.6000000000000085,0.6999999999999886,38852.0,experimental,thinning_30_75,9
71,0.6999999999999886,0.700000000000017,41525.0,experimental,thinning_30_75,9
72,0.7000000000000028,0.7999999999999972,52061.0,experimental,thinning_30_75,9
73,0.5999999999999943,0.6000000000000227,37406.0,experimental,thinning_30_75,9
74,0.9000000000000057,6.800000000000011,51510.0,experimental,thinning_30_75,9
75,0.5,0.5,34455.0,experimental,thinning_30_75,9
76,1.099999999999966,3.8000000000000114,54210.0,experimental,thinning_30_75,9
77,0.7999999999999972,0.7999999999999972,45294.0,experimental,thinning_30_75,9
78,1.3000000000000114,1.299999999999983,60460.0,experimental,thinning_30_75,9
79,0.8000000000000114,0.8000000000000114,43226.0,experimental,thinning_30_75,9
80,1.0,1.0,50928.0,experimental,thinning_30_75,9
81,0.799999999999983,0.7999999999999972,45159.0,experimental,thinning_30_75,9
82,0.4000000000000057,0.5,35218.0,experimental,thinning_30_75,9
83,0.6999999999999886,0.7999999999999972,47004.0,experimental,thinning_30_75,9
84,1.1000000000000227,1.200000000000017,63671.0,experimental,thinning_30_75,9
85,1.3000000000000114,1.3000000000000114,57972.0,experimental,thinning_30_75,9
86,0.8999999999999915,1.0,51205.0,experimental,thinning_30_75,9
87,0.7999999999999972,0.7999999999999972,45197.0,experimental,thinning_30_75,9
88,0.6000000000000014,0.6000000000000014,37523.0,experimental,thinning_30_75,9
89,0.5,0.5,40301.0,experimental,thinning_30_75,9
90,0.700000000000017,0.8000000000000114,40686.0,experimental,thinning_30_75,9
91,0.6999999999999886,0.700000000000017,41782.0,experimental,thinning_30_75,9
92,0.8999999999999773,0.9000000000000057,49629.0,experimental,thinning_30_75,9
93,0.7999999999999972,0.8000000000000114,46951.0,experimental,thinning_30_75,9
94,1.0,1.0999999999999943,55987.0,experimental,thinning_30_75,9
95,0.4000000000000057,0.39999999999997726,54662.0,experimental,thinning_30_75,9
96,0.7000000000000028,0.7999999999999972,44529.0,experimental,thinning_30_75,9
97,0.5,0.3999999999999986,40529.0,experimental,thinning_30_75,9
98,1.200000000000017,1.2000000000000455,60982.0,experimental,thinning_30_75,9
99,1.0,1.0,51542.0,experimental,thinning_30_75,9
100,1.0999999999999943,1.0999999999999943,55814.0,experimental,thinning_30_75,9
1,0.6000000000000085,0.5,35673.0,experimental,thinning_65_90,10
2,0.5,0.6000000000000085,34515.0,experimental,thinning_65_90,10
3,0.5999999999999943,0.5999999999999943,35620.0,experimental,thinning_65_90,10
4,0.5,0.5,34620.0,experimental,thinning_65_90,10
5,0.4000000000000057,0.39999999999997726,23189.0,experimental,thinning_65_90,10
6,0.6000000000000227,0.5,36037.0,experimental,thinning_65_90,10
7,0.6999999999999886,0.6999999999999886,40174.0,experimental,thinning_65_90,10
8,0.4000000000000057,0.4000000000000057,21762.0,experimental,thinning_65_90,10
9,0.5999999999999943,3.2999999999999545,34838.0,experimental,thinning_65_90,10
10,1.5,1.5,66603.0,experimental,thinning_65_90,10
11,1.0,1.0,48500.0,experimental,thinning_65_90,10
12,0.6999999999999886,0.5999999999999943,37651.0,experimental,thinning_65_90,10
13,0.3999999999999915,0.29999999999999716,18526.0,experimental,thinning_65_90,10
14,0.8000000000000114,0.8000000000000114,41370.0,experimental,thinning_65_90,10
15,0.5999999999999943,0.5,33617.0,experimental,thinning_65_90,10
16,0.6000000000000014,0.30000000000000426,40733.0,experimental,thinning_65_90,10
17,0.5999999999999943,0.7000000000000028,43217.0,experimental,thinning_65_90,10
18,0.29999999999999716,0.4000000000000057,20428.0,experimental,thinning_65_90,10
19,0.5,0.5,33716.0,experimental,thinning_65_90,10
20,0.5,0.6000000000000085,33452.0,experimental,thinning_65_90,10
21,0.3999999999999915,0.5,31742.0,experimental,thinning_65_90,10
22,0.5,0.5,32752.0,experimental,thinning_65_90,10
23,0.5999999999999943,0.5,27034.0,experimental,thinning_65_90,10
24,0.29999999999998295,0.29999999999998295,18630.0,experimental,thinning_65_90,10
25,0.1999999999999993,0.3000000000000007,25984.0,experimental,thinning_65_90,10
26,0.9000000000000057,0.8999999999999773,46825.0,experimental,thinning_65_90,10
27,1.1999999999999886,1.1999999999999886,60359.0,experimental,thinning_65_90,10
28,0.9000000000000057,0.9000000000000057,49094.0,experimental,thinning_65_90,10
29,0.4000000000000057,0.3999999999999915,24421.0,experimental,thinning_65_90,10
30,0.6999999999999886,0.5999999999999943,38288.0,experimental,thinning_65_90,10
31,0.5999999999999943,0.6000000000000227,28732.0,experimental,thinning_65_90,10
32,0.30000000000001137,0.29999999999999716,24143.0,experimental,thinning_65_90,10
33,0.3999999999999915,0.3999999999999915,29889.0,experimental,thinning_65_90,10
34,0.29999999999999716,0.3999999999999915,24700.0,experimental,thinning_65_90,10
35,0.5,0.5,34510.0,experimental,thinning_65_90,10
36,0.5,0.5,38140.0,experimental,thinning_65_90,10
37,0.5,0.5999999999999943,31874.0,experimental,thinning_65_90,10
38,1.2999999999999545,1.3999999999999773,62714.0,experimental,thinning_65_90,10
39,0.3999999999999915,0.5,33494.0,experimental,thinning_65_90,10
40,0.7999999999999972,0.7999999999999972,42665.0,experimental,thinning_65_90,10
41,0.5,0.4000000000000057,26081.0,experimental,thinning_65_90,10
42,0.29999999999999716,0.29999999999999716,25023.0,experimental,thinning_65_90,10
43,0.5999999999999943,0.5999999999999943,40305.0,experimental,thinning_65_90,10
44,0.6999999999999886,0.5999999999999943,40478.0,experimental,thinning_65_90,10
45,0.5,0.3999999999999986,32806.0,experimental,thinning_65_90,10
46,0.8000000000000114,0.8000000000000114,40854.0,experimental,thinning_65_90,10
47,0.7000000000000028,0.6000000000000085,39002.0,experimental,thinning_65_90,10
48,0.5,0.5,33574.0,experimental,thinning_65_90,10
49,1.0999999999999943,1.0,51308.0,experimental,thinning_65_90,10
50,0.700000000000017,0.700000000000017,41994.0,experimental,thinning_65_90,10
51,0.7000000000000028,0.5999999999999943,40785.0,experimental,thinning_65_90,10
52,0.4000000000000057,0.5,27673.0,experimental,thinning_65_90,10
53,0.8000000000000114,0.7999999999999545,40277.0,experimental,thinning_65_90,10
54,1.0,1.1000000000000227,46077.0,experimental,thinning_65_90,10
55,0.5999999999999943,0.5999999999999943,29591.0,experimental,thinning_65_90,10
56,0.6000000000000227,0.5,31163.0,experimental,thinning_65_90,10
57,0.5999999999999943,0.6000000000000227,27714.0,experimental,thinning_65_90,10
58,1.0,0.8999999999999773,46037.0,experimental,thinning_65_90,10
59,0.7999999999999545,0.6999999999999886,31758.0,experimental,thinning_65_90,10
60,0.5,0.5,27213.0,experimental,thinning_65_90,10
61,0.7999999999999972,0.700000000000017,41079.0,experimental,thinning_65_90,10
62,0.9000000000000057,0.8000000000000114,39717.0,experimental,thinning_65_90,10
63,0.6000000000000227,0.5999999999999943,33332.0,experimental,thinning_65_90,10
64,0.3999999999999915,0.3999999999999915,26363.0,experimental,thinning_65_90,10
65,0.5999999999999943,0.5,36350.0,experimental,thinning_65_90,10
66,0.5,0.5,32804.0,experimental,thinning_65_90,10
67,0.5,0.5,39745.0,experimental,thinning_65_90,10
68,0.5,0.4000000000000057,36297.0,experimental,thinning_65_90,10
69,0.700000000000017,0.700000000000017,44726.0,experimental,thinning_65_90,10
70,0.5,0.5,31004.0,experimental,thinning_65_90,10
71,0.5,0.5,31859.0,experimental,thinning_65_90,10
72,0.5,0.6000000000000085,37333.0,experimental,thinning_65_90,10
73,0.5999999999999943,0.6000000000000227,35452.0,experimental,thinning_65_90,10
74,0.6999999999999886,2.1999999999999886,40602.0,experimental,thinning_65_90,10
75,0.3999999999999986,0.3999999999999986,26489.0,experimental,thinning_65_90,10
76,0.8000000000000114,3.3000000000000114,37722.0,experimental,thinning_65_90,10
77,0.5999999999999943,0.5,30683.0,experimental,thinning_65_90,10
78,1.200000000000017,1.1999999999999886,52554.0,experimental,thinning_65_90,10
79,0.6000000000000227,0.6999999999999886,34608.0,experimental,thinning_65_90,10
80,0.700000000000017,0.700000000000017,38045.0,experimental,thinning_65_90,10
81,0.5999999999999943,0.6000000000000085,37856.0,experimental,thinning_65_90,10
82,0.30000000000001137,0.4000000000000057,31678.0,experimental,thinning_65_90,10
83,0.5,0.5999999999999943,33968.0,experimental,thinning_65_90,10
84,1.0,1.0,55889.0,experimental,thinning_65_90,10
85,1.0,1.0,46202.0,experimental,thinning_65_90,10
86,0.7999999999999972,0.7999999999999972,45215.0,experimental,thinning_65_90,10
87,0.5999999999999943,0.6000000000000085,35695.0,experimental,thinning_65_90,10
88,0.3999999999999986,0.3999999999999986,27331.0,experimental,thinning_65_90,10
89,0.4000000000000057,0.29999999999999716,27962.0,experimental,thinning_65_90,10
90,0.5999999999999943,0.5999999999999943,34589.0,experimental,thinning_65_90,10
91,0.5,0.5,32024.0,experimental,thinning_65_90,10
92,0.6999999999999886,0.6999999999999886,38349.0,experimental,thinning_65_90,10
93,0.7000000000000028,0.7000000000000028,39168.0,experimental,thinning_65_90,10
94,0.6999999999999886,0.8000000000000114,41905.0,experimental,thinning_65_90,10
95,0.4000000000000057,0.39999999999997726,43226.0,experimental,thinning_65_90,10
96,0.6000000000000085,0.7000000000000028,39900.0,experimental,thinning_65_90,10
97,0.3999999999999986,0.3999999999999986,32544.0,experimental,thinning_65_90,10
98,0.9000000000000057,0.9000000000000341,44345.0,experimental,thinning_65_90,10
99,0.6999999999999886,0.8000000000000114,39141.0,experimental,thinning_65_90,10
100,0.8999999999999773,0.9000000000000057,45388.0,experimental,thinning_65_90,10
1,0.29999999999999716,0.29999999999999716,41062.0,experimental,thinning_30_75,11
2,0.9000000000000057,1.0,67909.0,experimental,thinning_30_75,11
3,1.299999999999983,2.1999999999999886,81478.0,experimental,thinning_30_75,11
4,1.2000000000000028,2.200000000000003,76100.0,experimental,thinning_30_75,11
5,1.0999999999999943,1.0999999999999943,68253.0,experimental,thinning_30_75,11
6,1.200000000000017,4.099999999999994,73717.0,experimental,thinning_30_75,11
7,1.299999999999983,1.3000000000000114,83894.0,experimental,thinning_30_75,11
8,1.5,2.5999999999999943,84891.0,experimental,thinning_30_75,11
9,1.5,24.799999999999955,99877.0,experimental,thinning_30_75,11
10,1.7999999999999545,39.5,109852.0,experimental,thinning_30_75,11
11,1.3999999999999915,1.3999999999999915,89691.0,experimental,thinning_30_75,11
12,1.5,2.299999999999983,89510.0,experimental,thinning_30_75,11
13,0.6999999999999886,0.6999999999999886,48903.0,experimental,thinning_30_75,11
14,1.8000000000000114,10.100000000000023,99324.0,experimental,thinning_30_75,11
15,1.3999999999999773,5.099999999999994,76438.0,experimental,thinning_30_75,11
16,0.6000000000000014,0.5,51112.0,experimental,thinning_30_75,11
17,1.0,2.4000000000000057,74421.0,experimental,thinning_30_75,11
18,0.8999999999999915,0.9000000000000057,56873.0,experimental,thinning_30_75,11
19,1.2000000000000028,1.2000000000000028,74594.0,experimental,thinning_30_75,11
20,1.0,1.1000000000000085,73063.0,experimental,thinning_30_75,11
21,0.8999999999999915,1.0,58760.0,experimental,thinning_30_75,11
22,1.0999999999999943,1.0999999999999943,70668.0,experimental,thinning_30_75,11
23,1.4000000000000057,1.4000000000000057,73102.0,experimental,thinning_30_75,11
24,1.0999999999999943,1.0999999999999943,65649.0,experimental,thinning_30_75,11
25,0.29999999999999716,0.40000000000000213,42288.0,experimental,thinning_30_75,11
26,1.5999999999999943,6.699999999999989,99183.0,experimental,thinning_30_75,11
27,1.8000000000000114,23.19999999999999,112381.0,experimental,thinning_30_75,11
28,1.5,1.8000000000000114,89182.0,experimental,thinning_30_75,11
29,1.0,1.0,62438.0,experimental,thinning_30_75,11
30,1.1999999999999886,1.299999999999983,73732.0,experimental,thinning_30_75,11
31,1.1999999999999886,-4.5,72248.0,experimental,thinning_30_75,11
32,0.8000000000000114,0.7999999999999972,54634.0,experimental,thinning_30_75,11
33,0.7999999999999972,0.7999999999999972,61352.0,experimental,thinning_30_75,11
34,0.7999999999999972,0.7999999999999972,52511.0,experimental,thinning_30_75,11
35,0.9000000000000057,0.9000000000000057,66743.0,experimental,thinning_30_75,11
36,0.7999999999999972,0.7999999999999972,62365.0,experimental,thinning_30_75,11
37,0.9000000000000057,1.0,63498.0,experimental,thinning_30_75,11
38,1.6999999999999886,0.0,117204.0,experimental,thinning_30_75,11
39,1.1999999999999886,1.7999999999999972,83336.0,experimental,thinning_30_75,11
40,1.0,1.0,74057.0,experimental,thinning_30_75,11
41,1.5,1.6000000000000085,82604.0,experimental,thinning_30_75,11
42,0.5,0.5,44221.0,experimental,thinning_30_75,11
43,1.0,1.0,73301.0,experimental,thinning_30_75,11
44,1.6999999999999886,1.799999999999983,97788.0,experimental,thinning_30_75,11
45,0.6999999999999957,0.7000000000000028,55513.0,experimental,thinning_30_75,11
46,1.400000000000034,21.599999999999966,89328.0,experimental,thinning_30_75,11
47,1.2000000000000028,3.3000000000000114,77604.0,experimental,thinning_30_75,11
48,0.8999999999999915,0.8999999999999915,65830.0,experimental,thinning_30_75,11
49,2.299999999999983,7.799999999999983,115934.0,experimental,thinning_30_75,11
50,1.5,-24.5,96182.0,experimental,thinning_30_75,11
51,1.0,1.0,74739.0,experimental,thinning_30_75,11
52,1.4000000000000057,5.099999999999994,84986.0,experimental,thinning_30_75,11
53,1.3000000000000114,15.399999999999977,84981.0,experimental,thinning_30_75,11
54,2.0,5.600000000000023,105059.0,experimental,thinning_30_75,11
55,1.0999999999999943,2.0999999999999943,66126.0,experimental,thinning_30_75,11
56,1.4000000000000057,1.299999999999983,80878.0,experimental,thinning_30_75,11
57,1.3999999999999773,-16.599999999999994,80764.0,experimental,thinning_30_75,11
58,2.1999999999999886,2.0999999999999943,121183.0,experimental,thinning_30_75,11
59,1.5,3.099999999999966,78261.0,experimental,thinning_30_75,11
60,1.4000000000000057,1.6000000000000227,73482.0,experimental,thinning_30_75,11
61,1.2999999999999972,10.300000000000011,88536.0,experimental,thinning_30_75,11
62,1.9000000000000057,6.899999999999977,99823.0,experimental,thinning_30_75,11
63,1.5,1.799999999999983,85460.0,experimental,thinning_30_75,11
64,0.7999999999999972,0.7999999999999972,57828.0,experimental,thinning_30_75,11
65,1.200000000000017,1.4000000000000057,81433.0,experimental,thinning_30_75,11
66,1.2999999999999972,12.200000000000003,73850.0,experimental,thinning_30_75,11
67,0.8000000000000114,7.700000000000003,66820.0,experimental,thinning_30_75,11
68,1.2999999999999972,11.099999999999994,75806.0,experimental,thinning_30_75,11
69,1.4000000000000057,6.400000000000006,85582.0,experimental,thinning_30_75,11
70,0.7999999999999972,0.7999999999999972,59870.0,experimental,thinning_30_75,11
71,1.0999999999999943,1.200000000000017,72111.0,experimental,thinning_30_75,11
72,0.7000000000000028,0.7999999999999972,60099.0,experimental,thinning_30_75,11
73,1.5,8.300000000000011,87608.0,experimental,thinning_30_75,11
74,1.1999999999999886,18.5,82527.0,experimental,thinning_30_75,11
75,0.3999999999999986,0.3999999999999986,42262.0,experimental,thinning_30_75,11
76,1.6999999999999886,17.5,95850.0,experimental,thinning_30_75,11
77,1.0999999999999943,1.0,69417.0,experimental,thinning_30_75,11
78,2.200000000000017,9.899999999999977,114927.0,experimental,thinning_30_75,11
79,1.5,1.9000000000000057,83239.0,experimental,thinning_30_75,11
80,1.5,5.200000000000017,82521.0,experimental,thinning_30_75,11
81,1.3999999999999773,1.9000000000000057,77558.0,experimental,thinning_30_75,11
82,0.7000000000000028,0.7000000000000028,56654.0,experimental,thinning_30_75,11
83,0.8999999999999915,0.8999999999999915,66893.0,experimental,thinning_30_75,11
84,1.700000000000017,3.8000000000000114,105625.0,experimental,thinning_30_75,11
85,2.0,3.0,107517.0,experimental,thinning_30_75,11
86,1.7000000000000028,1.7000000000000028,96249.0,experimental,thinning_30_75,11
87,1.2000000000000028,7.1000000000000085,75977.0,experimental,thinning_30_75,11
88,0.5,0.5,44050.0,experimental,thinning_30_75,11
89,0.5,0.5,49563.0,experimental,thinning_30_75,11
90,1.4000000000000057,4.900000000000006,83092.0,experimental,thinning_30_75,11
91,1.0,1.200000000000017,66898.0,experimental,thinning_30_75,11
92,1.5,2.8000000000000114,86043.0,experimental,thinning_30_75,11
93,1.2999999999999972,1.700000000000017,80127.0,experimental,thinning_30_75,11
94,1.5,6.900000000000006,94802.0,experimental,thinning_30_75,11
95,1.0,4.099999999999994,84795.0,experimental,thinning_30_75,11
96,1.0,1.1000000000000085,72219.0,experimental,thinning_30_75,11
97,0.3999999999999986,0.29999999999999716,44382.0,experimental,thinning_30_75,11
98,1.700000000000017,6.2000000000000455,101956.0,experimental,thinning_30_75,11
99,1.4000000000000057,1.5,86362.0,experimental,thinning_30_75,11
100,1.5999999999999943,6.800000000000011,88924.0,experimental,thinning_30_75,11
1,0.20000000000000284,0.20000000000000284,30966.0,experimental,thinning_65_90,12
2,0.5999999999999943,0.7000000000000028,46183.0,experimental,thinning_65_90,12
3,0.9000000000000057,-8.0,60822.0,experimental,thinning_65_90,12
4,0.7000000000000028,0.7000000000000028,49469.0,experimental,thinning_65_90,12
5,0.6999999999999886,0.6999999999999886,45408.0,experimental,thinning_65_90,12
6,1.0,1.3000000000000114,59250.0,experimental,thinning_65_90,12
7,1.0,1.0,63570.0,experimental,thinning_65_90,12
8,1.0,1.0,53351.0,experimental,thinning_65_90,12
9,0.700000000000017,-0.2999999999999545,63644.0,experimental,thinning_65_90,12
10,1.5,13.700000000000045,89801.0,experimental,thinning_65_90,12
11,0.7999999999999972,0.7999999999999972,54358.0,experimental,thinning_65_90,12
12,0.8000000000000114,0.799999999999983,55543.0,experimental,thinning_65_90,12
13,0.3999999999999915,0.29999999999999716,27801.0,experimental,thinning_65_90,12
14,1.3000000000000114,3.4000000000000057,75158.0,experimental,thinning_65_90,12
15,1.1999999999999886,2.5999999999999943,64222.0,experimental,thinning_65_90,12
16,0.29999999999999716,0.10000000000000142,37229.0,experimental,thinning_65_90,12
17,0.7000000000000028,0.7000000000000028,57438.0,experimental,thinning_65_90,12
18,0.5,0.5,31992.0,experimental,thinning_65_90,12
19,0.6000000000000085,0.6000000000000085,48588.0,experimental,thinning_65_90,12
20,0.7000000000000028,0.7999999999999972,51375.0,experimental,thinning_65_90,12
21,0.5,0.5,40215.0,experimental,thinning_65_90,12
22,0.799999999999983,0.799999999999983,50344.0,experimental,thinning_65_90,12
23,0.9000000000000057,0.9000000000000057,49801.0,experimental,thinning_65_90,12
24,0.799999999999983,0.799999999999983,46659.0,experimental,thinning_65_90,12
25,0.09999999999999787,0.1999999999999993,25829.0,experimental,thinning_65_90,12
26,1.0999999999999943,2.0,71525.0,experimental,thinning_65_90,12
27,1.1999999999999886,11.800000000000011,83385.0,experimental,thinning_65_90,12
28,1.0999999999999943,1.1999999999999886,66847.0,experimental,thinning_65_90,12
29,0.6000000000000085,0.5,39384.0,experimental,thinning_65_90,12
30,1.0999999999999943,1.0,62006.0,experimental,thinning_65_90,12
31,1.0,1.0,54536.0,experimental,thinning_65_90,12
32,0.6000000000000085,0.5999999999999943,41594.0,experimental,thinning_65_90,12
33,0.5,0.5,39575.0,experimental,thinning_65_90,12
34,0.5999999999999943,0.6999999999999886,42346.0,experimental,thinning_65_90,12
35,0.6000000000000085,0.6000000000000085,49249.0,experimental,thinning_65_90,12
36,0.5,0.5,44203.0,experimental,thinning_65_90,12
37,0.6000000000000085,0.7000000000000028,45070.0,experimental,thinning_65_90,12
38,1.5,-3.1000000000000227,89872.0,experimental,thinning_65_90,12
39,0.5999999999999943,0.6999999999999886,49027.0,experimental,thinning_65_90,12
40,0.3999999999999986,0.3999999999999986,40961.0,experimental,thinning_65_90,12
41,0.8999999999999915,0.8999999999999915,54594.0,experimental,thinning_65_90,12
42,0.4000000000000057,0.4000000000000057,31050.0,experimental,thinning_65_90,12
43,0.5999999999999943,0.5999999999999943,48731.0,experimental,thinning_65_90,12
44,1.0999999999999943,1.0,68016.0,experimental,thinning_65_90,12
45,0.29999999999999716,0.29999999999999716,33502.0,experimental,thinning_65_90,12
46,1.0,8.800000000000011,70327.0,experimental,thinning_65_90,12
47,0.7000000000000028,0.9000000000000057,49058.0,experimental,thinning_65_90,12
48,0.3999999999999915,0.3999999999999915,37446.0,experimental,thinning_65_90,12
49,1.5999999999999943,1.5,80342.0,experimental,thinning_65_90,12
50,1.200000000000017,1.3000000000000114,72883.0,experimental,thinning_65_90,12
51,0.5,0.5,44211.0,experimental,thinning_65_90,12
52,0.8000000000000114,0.8000000000000114,49538.0,experimental,thinning_65_90,12
53,1.099999999999966,6.0,68448.0,experimental,thinning_65_90,12
54,1.3000000000000114,2.5,74565.0,experimental,thinning_65_90,12
55,0.8000000000000114,0.9000000000000057,46974.0,experimental,thinning_65_90,12
56,0.8000000000000114,0.799999999999983,50345.0,experimental,thinning_65_90,12
57,1.299999999999983,1.3000000000000114,61916.0,experimental,thinning_65_90,12
58,1.1999999999999886,1.0999999999999943,69357.0,experimental,thinning_65_90,12
59,0.8999999999999773,1.599999999999966,46928.0,experimental,thinning_65_90,12
60,0.6999999999999886,0.700000000000017,43652.0,experimental,thinning_65_90,12
61,0.7000000000000028,0.4000000000000057,52562.0,experimental,thinning_65_90,12
62,1.1999999999999886,2.3000000000000114,66153.0,experimental,thinning_65_90,12
63,0.9000000000000057,0.9000000000000057,54088.0,experimental,thinning_65_90,12
64,0.3999999999999915,0.3999999999999915,34947.0,experimental,thinning_65_90,12
65,0.9000000000000057,0.9000000000000057,58432.0,experimental,thinning_65_90,12
66,0.7999999999999972,10.799999999999997,47202.0,experimental,thinning_65_90,12
67,0.6000000000000085,2.6000000000000085,52367.0,experimental,thinning_65_90,12
68,0.8999999999999915,8.799999999999997,53048.0,experimental,thinning_65_90,12
69,1.0999999999999943,3.6000000000000227,67538.0,experimental,thinning_65_90,12
70,0.5,0.5,40952.0,experimental,thinning_65_90,12
71,0.799999999999983,0.8000000000000114,54515.0,experimental,thinning_65_90,12
72,0.4000000000000057,0.5,40346.0,experimental,thinning_65_90,12
73,1.0999999999999943,4.600000000000023,69494.0,experimental,thinning_65_90,12
74,0.9000000000000057,6.5,64571.0,experimental,thinning_65_90,12
75,0.29999999999999716,0.30000000000000426,30219.0,experimental,thinning_65_90,12
76,1.3000000000000114,4.5,65600.0,experimental,thinning_65_90,12
77,0.7000000000000028,0.7000000000000028,45253.0,experimental,thinning_65_90,12
78,1.5,4.199999999999989,80606.0,experimental,thinning_65_90,12
79,1.0,1.0999999999999943,59924.0,experimental,thinning_65_90,12
80,1.0,2.5,59124.0,experimental,thinning_65_90,12
81,1.0999999999999943,1.1000000000000085,60522.0,experimental,thinning_65_90,12
82,0.5,0.5999999999999943,48357.0,experimental,thinning_65_90,12
83,0.5,0.5999999999999943,42545.0,experimental,thinning_65_90,12
84,1.1000000000000227,1.1000000000000227,76728.0,experimental,thinning_65_90,12
85,1.200000000000017,1.3000000000000114,67954.0,experimental,thinning_65_90,12
86,0.7000000000000028,0.7000000000000028,53489.0,experimental,thinning_65_90,12
87,0.7999999999999972,6.700000000000003,53395.0,experimental,thinning_65_90,12
88,0.20000000000000284,0.19999999999999574,25302.0,experimental,thinning_65_90,12
89,0.30000000000000426,0.29999999999999716,31159.0,experimental,thinning_65_90,12
90,1.0,2.3000000000000114,64038.0,experimental,thinning_65_90,12
91,0.6999999999999886,0.700000000000017,48855.0,experimental,thinning_65_90,12
92,1.0999999999999943,1.0999999999999943,62905.0,experimental,thinning_65_90,12
93,1.0999999999999943,1.0999999999999943,63288.0,experimental,thinning_65_90,12
94,1.1999999999999886,3.3000000000000114,72108.0,experimental,thinning_65_90,12
95,0.700000000000017,2.5999999999999943,60493.0,experimental,thinning_65_90,12
96,0.8000000000000114,0.8999999999999915,57818.0,experimental,thinning_65_90,12
97,0.30000000000000426,0.19999999999999574,32411.0,experimental,thinning_65_90,12
98,1.200000000000017,3.7000000000000455,71600.0,experimental,thinning_65_90,12
99,0.5999999999999943,0.6999999999999886,47176.0,experimental,thinning_65_90,12
100,1.0,5.800000000000011,71771.0,experimental,thinning_65_90,12
1,0.20000000000000284,0.10000000000000853,13153.0,experimental,thinning_30_75,13
2,0.09999999999999432,0.10000000000000853,12376.0,experimental,thinning_30_75,13
3,0.0,-8.900000000000006,10882.0,experimental,thinning_30_75,13
4,0.10000000000000853,0.10000000000000853,12112.0,experimental,thinning_30_75,13
5,0.09999999999999432,0.09999999999999432,8526.0,experimental,thinning_30_75,13
6,0.20000000000001705,0.09999999999999432,11030.0,experimental,thinning_30_75,13
7,0.09999999999999432,0.09999999999999432,14350.0,experimental,thinning_30_75,13
8,0.0,0.0,6946.0,experimental,thinning_30_75,13
9,0.09999999999999432,1.1000000000000227,10444.0,experimental,thinning_30_75,13
10,0.0999999999999659,0.2999999999999545,15912.0,experimental,thinning_30_75,13
11,0.09999999999999432,0.09999999999999432,13310.0,experimental,thinning_30_75,13
12,0.09999999999999432,0.09999999999999432,11403.0,experimental,thinning_30_75,13
13,0.09999999999999432,0.09999999999999432,8599.0,experimental,thinning_30_75,13
14,0.20000000000001705,0.10000000000002274,11779.0,experimental,thinning_30_75,13
15,0.09999999999999432,0.0,6824.0,experimental,thinning_30_75,13
16,0.10000000000000142,-0.19999999999999574,10684.0,experimental,thinning_30_75,13
17,0.09999999999999432,0.09999999999999432,11015.0,experimental,thinning_30_75,13
18,0.09999999999999432,0.10000000000000853,9279.0,experimental,thinning_30_75,13
19,0.10000000000000853,0.10000000000000853,8662.0,experimental,thinning_30_75,13
20,0.0,0.10000000000000853,10911.0,experimental,thinning_30_75,13
21,0.09999999999999432,0.09999999999999432,7466.0,experimental,thinning_30_75,13
22,0.09999999999999432,0.09999999999999432,10966.0,experimental,thinning_30_75,13
23,0.09999999999999432,0.09999999999999432,8656.0,experimental,thinning_30_75,13
24,0.0,0.0,5498.0,experimental,thinning_30_75,13
25,0.0,0.10000000000000142,11176.0,experimental,thinning_30_75,13
26,0.19999999999998863,0.09999999999999432,15447.0,experimental,thinning_30_75,13
27,0.10000000000002274,0.19999999999998863,14715.0,experimental,thinning_30_75,13
28,0.09999999999999432,0.19999999999998863,11982.0,experimental,thinning_30_75,13
29,0.10000000000000853,0.0,6543.0,experimental,thinning_30_75,13
30,-0.09999999999999432,-8.200000000000017,9751.0,experimental,thinning_30_75,13
31,0.09999999999999432,0.10000000000002274,9334.0,experimental,thinning_30_75,13
32,0.0,0.0,7020.0,experimental,thinning_30_75,13
33,0.09999999999999432,0.09999999999999432,10275.0,experimental,thinning_30_75,13
34,0.0,0.09999999999999432,5984.0,experimental,thinning_30_75,13
35,0.10000000000000853,0.10000000000000853,11237.0,experimental,thinning_30_75,13
36,0.09999999999999432,0.09999999999999432,12597.0,experimental,thinning_30_75,13
37,0.10000000000000853,0.20000000000000284,10916.0,experimental,thinning_30_75,13
38,0.19999999999998863,1.1999999999999886,17243.0,experimental,thinning_30_75,13
39,0.0,0.0,8430.0,experimental,thinning_30_75,13
40,0.19999999999999574,0.20000000000000284,15233.0,experimental,thinning_30_75,13
41,0.09999999999999432,0.10000000000000853,7208.0,experimental,thinning_30_75,13
42,0.0,-2.0999999999999943,10398.0,experimental,thinning_30_75,13
43,0.0,0.0,9559.0,experimental,thinning_30_75,13
44,0.19999999999998863,0.09999999999999432,13813.0,experimental,thinning_30_75,13
45,0.10000000000000142,0.10000000000000142,10452.0,experimental,thinning_30_75,13
46,0.10000000000002274,0.0999999999999659,9988.0,experimental,thinning_30_75,13
47,0.10000000000000853,0.10000000000000853,10872.0,experimental,thinning_30_75,13
48,0.09999999999999432,0.09999999999999432,11455.0,experimental,thinning_30_75,13
49,0.19999999999998863,0.19999999999998863,15764.0,experimental,thinning_30_75,13
50,0.09999999999999432,0.09999999999999432,10625.0,experimental,thinning_30_75,13
51,0.20000000000000284,0.09999999999999432,15564.0,experimental,thinning_30_75,13
52,0.10000000000002274,0.20000000000001705,10538.0,experimental,thinning_30_75,13
53,0.0999999999999659,0.0999999999999659,12907.0,experimental,thinning_30_75,13
54,0.10000000000002274,0.10000000000002274,8237.0,experimental,thinning_30_75,13
55,0.09999999999999432,0.09999999999999432,9072.0,experimental,thinning_30_75,13
56,0.20000000000001705,0.09999999999999432,16096.0,experimental,thinning_30_75,13
57,0.0,0.10000000000002274,4104.0,experimental,thinning_30_75,13
58,0.19999999999998863,0.19999999999998863,17784.0,experimental,thinning_30_75,13
59,0.0,-14.0,10302.0,experimental,thinning_30_75,13
60,0.09999999999999432,0.10000000000002274,5560.0,experimental,thinning_30_75,13
61,0.20000000000000284,0.10000000000002274,13407.0,experimental,thinning_30_75,13
62,0.09999999999999432,0.0999999999999659,9098.0,experimental,thinning_30_75,13
63,0.10000000000002274,0.09999999999999432,10763.0,experimental,thinning_30_75,13
64,0.09999999999999432,0.09999999999999432,8704.0,experimental,thinning_30_75,13
65,0.09999999999999432,0.09999999999999432,12292.0,experimental,thinning_30_75,13
66,0.19999999999998863,10.200000000000003,9114.0,experimental,thinning_30_75,13
67,0.10000000000000853,0.0,10737.0,experimental,thinning_30_75,13
68,0.0,0.0,10240.0,experimental,thinning_30_75,13
69,0.09999999999999432,0.10000000000002274,10193.0,experimental,thinning_30_75,13
70,0.0,0.09999999999999432,8272.0,experimental,thinning_30_75,13
71,0.09999999999999432,0.10000000000002274,10304.0,experimental,thinning_30_75,13
72,0.10000000000000853,0.10000000000000853,15734.0,experimental,thinning_30_75,13
73,0.0,0.0,4138.0,experimental,thinning_30_75,13
74,0.09999999999999432,1.8999999999999773,10695.0,experimental,thinning_30_75,13
75,0.0,0.0,7827.0,experimental,thinning_30_75,13
76,0.30000000000001137,2.8000000000000114,11778.0,experimental,thinning_30_75,13
77,0.09999999999999432,0.10000000000000853,11685.0,experimental,thinning_30_75,13
78,0.30000000000001137,2.8999999999999773,14126.0,experimental,thinning_30_75,13
79,0.10000000000002274,0.09999999999999432,8982.0,experimental,thinning_30_75,13
80,0.09999999999999432,0.10000000000002274,11418.0,experimental,thinning_30_75,13
81,0.09999999999999432,0.10000000000000853,7557.0,experimental,thinning_30_75,13
82,0.0,0.09999999999999432,6845.0,experimental,thinning_30_75,13
83,0.09999999999999432,0.19999999999998863,12386.0,experimental,thinning_30_75,13
84,0.20000000000001705,0.20000000000001705,15726.0,experimental,thinning_30_75,13
85,0.20000000000001705,0.20000000000001705,13596.0,experimental,thinning_30_75,13
86,0.09999999999999432,0.20000000000000284,12183.0,experimental,thinning_30_75,13
87,0.09999999999999432,0.10000000000000853,11304.0,experimental,thinning_30_75,13
88,0.10000000000000142,0.10000000000000142,9947.0,experimental,thinning_30_75,13
89,0.10000000000000142,0.0,10811.0,experimental,thinning_30_75,13
90,0.09999999999999432,0.09999999999999432,8135.0,experimental,thinning_30_75,13
91,0.09999999999999432,0.10000000000002274,10259.0,experimental,thinning_30_75,13
92,0.09999999999999432,0.09999999999999432,10939.0,experimental,thinning_30_75,13
93,0.09999999999999432,0.10000000000000853,9098.0,experimental,thinning_30_75,13
94,0.09999999999999432,0.20000000000001705,12878.0,experimental,thinning_30_75,13
95,-0.09999999999999432,-0.10000000000002274,10355.0,experimental,thinning_30_75,13
96,0.10000000000000853,0.09999999999999432,9763.0,experimental,thinning_30_75,13
97,0.10000000000000142,0.0,10585.0,experimental,thinning_30_75,13
98,0.20000000000001705,0.20000000000004547,15116.0,experimental,thinning_30_75,13
99,0.09999999999999432,0.09999999999999432,11232.0,experimental,thinning_30_75,13
100,0.09999999999999432,0.20000000000001705,12478.0,experimental,thinning_30_75,13
1,0.10000000000000853,0.10000000000000853,9218.0,experimental,thinning_65_90,14
2,0.0,0.10000000000000853,8119.0,experimental,thinning_65_90,14
3,0.09999999999999432,0.09999999999999432,7032.0,experimental,thinning_65_90,14
4,0.10000000000000853,0.0,7525.0,experimental,thinning_65_90,14
5,0.0,0.0,4016.0,experimental,thinning_65_90,14
6,0.10000000000002274,0.0,6956.0,experimental,thinning_65_90,14
7,0.09999999999999432,0.09999999999999432,10716.0,experimental,thinning_65_90,14
8,0.0,0.0,2188.0,experimental,thinning_65_90,14
9,0.09999999999999432,0.7999999999999545,6007.0,experimental,thinning_65_90,14
10,0.0999999999999659,0.20000000000004547,12832.0,experimental,thinning_65_90,14
11,0.09999999999999432,0.09999999999999432,9232.0,experimental,thinning_65_90,14
12,0.09999999999999432,0.09999999999999432,8639.0,experimental,thinning_65_90,14
13,0.09999999999999432,0.0,3495.0,experimental,thinning_65_90,14
14,0.20000000000001705,0.10000000000002274,10146.0,experimental,thinning_65_90,14
15,0.09999999999999432,0.0,5547.0,experimental,thinning_65_90,14
16,0.10000000000000142,-0.19999999999999574,9041.0,experimental,thinning_65_90,14
17,0.09999999999999432,0.09999999999999432,9988.0,experimental,thinning_65_90,14
18,0.0,0.10000000000000853,4313.0,experimental,thinning_65_90,14
19,0.10000000000000853,0.10000000000000853,7412.0,experimental,thinning_65_90,14
20,0.0,0.10000000000000853,8283.0,experimental,thinning_65_90,14
21,0.09999999999999432,0.09999999999999432,5958.0,experimental,thinning_65_90,14
22,0.09999999999999432,0.09999999999999432,6176.0,experimental,thinning_65_90,14
23,0.09999999999999432,0.0,4378.0,experimental,thinning_65_90,14
24,-0.10000000000002274,-2.4000000000000057,3152.0,experimental,thinning_65_90,14
25,0.0,0.10000000000000142,6472.0,experimental,thinning_65_90,14
26,0.09999999999999432,0.09999999999999432,11638.0,experimental,thinning_65_90,14
27,0.10000000000002274,0.0999999999999659,10373.0,experimental,thinning_65_90,14
28,0.09999999999999432,0.09999999999999432,8551.0,experimental,thinning_65_90,14
29,0.0,0.0,4096.0,experimental,thinning_65_90,14
30,0.09999999999999432,0.0,7642.0,experimental,thinning_65_90,14
31,0.09999999999999432,0.10000000000002274,5555.0,experimental,thinning_65_90,14
32,0.0,0.0,4962.0,experimental,thinning_65_90,14
33,0.0,0.09999999999999432,6773.0,experimental,thinning_65_90,14
34,0.0,0.09999999999999432,4249.0,experimental,thinning_65_90,14
35,0.10000000000000853,0.10000000000000853,7835.0,experimental,thinning_65_90,14
36,0.09999999999999432,0.09999999999999432,9200.0,experimental,thinning_65_90,14
37,0.0,0.09999999999999432,7116.0,experimental,thinning_65_90,14
38,0.0999999999999659,0.10000000000002274,12630.0,experimental,thinning_65_90,14
39,0.0,0.0,6032.0,experimental,thinning_65_90,14
40,0.10000000000000142,0.10000000000000142,11539.0,experimental,thinning_65_90,14
41,0.09999999999999432,0.0,4120.0,experimental,thinning_65_90,14
42,0.10000000000000853,0.0,5439.0,experimental,thinning_65_90,14
43,0.0,0.0,8422.0,experimental,thinning_65_90,14
44,0.09999999999999432,0.09999999999999432,10673.0,experimental,thinning_65_90,14
45,0.10000000000000142,0.0,6941.0,experimental,thinning_65_90,14
46,0.10000000000002274,0.0999999999999659,7030.0,experimental,thinning_65_90,14
47,0.10000000000000853,0.0,8184.0,experimental,thinning_65_90,14
48,0.09999999999999432,0.09999999999999432,7517.0,experimental,thinning_65_90,14
49,0.19999999999998863,0.09999999999999432,10729.0,experimental,thinning_65_90,14
50,-0.19999999999998863,-5.299999999999983,8165.0,experimental,thinning_65_90,14
51,0.10000000000000853,0.09999999999999432,10122.0,experimental,thinning_65_90,14
52,0.0,0.09999999999999432,5642.0,experimental,thinning_65_90,14
53,0.0999999999999659,0.0999999999999659,8573.0,experimental,thinning_65_90,14
54,0.10000000000002274,0.10000000000002274,7126.0,experimental,thinning_65_90,14
55,0.0,0.09999999999999432,5000.0,experimental,thinning_65_90,14
56,0.10000000000002274,0.0,7207.0,experimental,thinning_65_90,14
57,0.09999999999999432,0.10000000000002274,4104.0,experimental,thinning_65_90,14
58,0.09999999999999432,0.09999999999999432,11486.0,experimental,thinning_65_90,14
59,-0.10000000000002274,-14.100000000000023,4709.0,experimental,thinning_65_90,14
60,0.0,0.10000000000002274,4022.0,experimental,thinning_65_90,14
61,0.10000000000000853,0.10000000000002274,9136.0,experimental,thinning_65_90,14
62,0.09999999999999432,0.0,6172.0,experimental,thinning_65_90,14
63,0.10000000000002274,0.09999999999999432,7260.0,experimental,thinning_65_90,14
64,0.0,0.0,5953.0,experimental,thinning_65_90,14
65,0.09999999999999432,0.0,7529.0,experimental,thinning_65_90,14
66,0.19999999999998863,10.200000000000003,6904.0,experimental,thinning_65_90,14
67,0.10000000000000853,0.0,8181.0,experimental,thinning_65_90,14
68,0.0,0.0,6840.0,experimental,thinning_65_90,14
69,0.09999999999999432,0.10000000000002274,8082.0,experimental,thinning_65_90,14
70,0.0,0.0,6162.0,experimental,thinning_65_90,14
71,0.09999999999999432,0.10000000000002274,7071.0,experimental,thinning_65_90,14
72,0.10000000000000853,0.10000000000000853,9439.0,experimental,thinning_65_90,14
73,0.0,0.0,5336.0,experimental,thinning_65_90,14
74,0.09999999999999432,0.6999999999999886,7048.0,experimental,thinning_65_90,14
75,0.0,0.0,5102.0,experimental,thinning_65_90,14
76,0.19999999999998863,2.8000000000000114,7314.0,experimental,thinning_65_90,14
77,0.09999999999999432,0.10000000000000853,6810.0,experimental,thinning_65_90,14
78,0.20000000000001705,2.8999999999999773,11698.0,experimental,thinning_65_90,14
79,0.10000000000002274,0.09999999999999432,6174.0,experimental,thinning_65_90,14
80,0.0,0.0,6371.0,experimental,thinning_65_90,14
81,0.09999999999999432,0.0,5509.0,experimental,thinning_65_90,14
82,0.0,0.09999999999999432,6059.0,experimental,thinning_65_90,14
83,0.0,0.09999999999999432,8422.0,experimental,thinning_65_90,14
84,-0.09999999999999432,-10.699999999999989,13185.0,experimental,thinning_65_90,14
85,0.20000000000001705,0.20000000000001705,10064.0,experimental,thinning_65_90,14
86,0.09999999999999432,0.09999999999999432,10468.0,experimental,thinning_65_90,14
87,0.09999999999999432,0.10000000000000853,8056.0,experimental,thinning_65_90,14
88,0.10000000000000142,0.10000000000000142,7073.0,experimental,thinning_65_90,14
89,0.0,0.0,6752.0,experimental,thinning_65_90,14
90,-0.19999999999998863,-9.400000000000006,6266.0,experimental,thinning_65_90,14
91,0.09999999999999432,0.0,6593.0,experimental,thinning_65_90,14
92,0.09999999999999432,0.09999999999999432,7551.0,experimental,thinning_65_90,14
93,0.09999999999999432,0.10000000000000853,6639.0,experimental,thinning_65_90,14
94,0.09999999999999432,0.09999999999999432,8019.0,experimental,thinning_65_90,14
95,0.0,0.0,6833.0,experimental,thinning_65_90,14
96,0.10000000000000853,0.09999999999999432,8013.0,experimental,thinning_65_90,14
97,0.10000000000000142,0.0,7621.0,experimental,thinning_65_90,14
98,0.10000000000002274,0.10000000000002274,9172.0,experimental,thinning_65_90,14
99,0.0,0.09999999999999432,7272.0,experimental,thinning_65_90,14
100,0.09999999999999432,0.20000000000001705,9014.0,experimental,thinning_65_90,14
1,0.20000000000000284,0.20000000000000284,14702.0,experimental,thinning_30_75,15
2,0.20000000000000284,0.20000000000000284,13911.0,experimental,thinning_30_75,15
3,0.09999999999999432,-7.100000000000023,12512.0,experimental,thinning_30_75,15
4,0.20000000000000284,1.5,14127.0,experimental,thinning_30_75,15
5,0.19999999999998863,0.19999999999998863,9822.0,experimental,thinning_30_75,15
6,0.4000000000000057,5.099999999999994,12062.0,experimental,thinning_30_75,15
7,0.19999999999998863,0.19999999999998863,16054.0,experimental,thinning_30_75,15
8,0.10000000000002274,0.09999999999999432,10236.0,experimental,thinning_30_75,15
9,0.20000000000001705,2.1000000000000227,13030.0,experimental,thinning_30_75,15
10,0.2999999999999545,0.39999999999997726,18920.0,experimental,thinning_30_75,15
11,0.20000000000000284,0.29999999999999716,16381.0,experimental,thinning_30_75,15
12,0.19999999999998863,0.19999999999998863,13084.0,experimental,thinning_30_75,15
13,0.19999999999998863,0.09999999999999432,8951.0,experimental,thinning_30_75,15
14,0.30000000000001137,0.30000000000001137,15360.0,experimental,thinning_30_75,15
15,0.19999999999998863,0.09999999999999432,8582.0,experimental,thinning_30_75,15
16,0.20000000000000284,-0.10000000000000142,13143.0,experimental,thinning_30_75,15
17,0.20000000000000284,13.5,16392.0,experimental,thinning_30_75,15
18,0.09999999999999432,0.10000000000000853,6993.0,experimental,thinning_30_75,15
19,0.20000000000000284,0.20000000000000284,12656.0,experimental,thinning_30_75,15
20,0.10000000000000853,0.20000000000000284,12881.0,experimental,thinning_30_75,15
21,0.09999999999999432,0.19999999999998863,9387.0,experimental,thinning_30_75,15
22,0.19999999999998863,0.19999999999998863,12902.0,experimental,thinning_30_75,15
23,0.19999999999998863,0.09999999999999432,7440.0,experimental,thinning_30_75,15
24,0.09999999999999432,0.09999999999999432,8957.0,experimental,thinning_30_75,15
25,0.09999999999999787,0.1999999999999993,12900.0,experimental,thinning_30_75,15
26,0.30000000000001137,0.19999999999998863,17178.0,experimental,thinning_30_75,15
27,0.30000000000001137,0.19999999999998863,18318.0,experimental,thinning_30_75,15
28,0.19999999999998863,0.30000000000001137,13892.0,experimental,thinning_30_75,15
29,0.10000000000000853,0.09999999999999432,8427.0,experimental,thinning_30_75,15
30,0.19999999999998863,0.09999999999999432,11357.0,experimental,thinning_30_75,15
31,0.19999999999998863,0.20000000000001705,10294.0,experimental,thinning_30_75,15
32,0.10000000000000853,0.09999999999999432,7962.0,experimental,thinning_30_75,15
33,0.20000000000000284,0.19999999999998863,13439.0,experimental,thinning_30_75,15
34,0.09999999999999432,0.19999999999998863,7049.0,experimental,thinning_30_75,15
35,0.20000000000000284,0.20000000000000284,13411.0,experimental,thinning_30_75,15
36,0.20000000000000284,0.20000000000000284,14267.0,experimental,thinning_30_75,15
37,0.20000000000000284,0.20000000000000284,12164.0,experimental,thinning_30_75,15
38,0.39999999999997726,19.899999999999977,19602.0,experimental,thinning_30_75,15
39,0.09999999999999432,0.09999999999999432,11333.0,experimental,thinning_30_75,15
40,0.29999999999999716,0.29999999999999716,17244.0,experimental,thinning_30_75,15
41,0.19999999999998863,0.10000000000000853,9903.0,experimental,thinning_30_75,15
42,0.10000000000000853,0.10000000000000853,8773.0,experimental,thinning_30_75,15
43,0.20000000000000284,0.19999999999998863,14571.0,experimental,thinning_30_75,15
44,0.29999999999998295,0.19999999999998863,16317.0,experimental,thinning_30_75,15
45,0.19999999999999574,0.20000000000000284,12271.0,experimental,thinning_30_75,15
46,0.20000000000004547,0.19999999999998863,12172.0,experimental,thinning_30_75,15
47,0.20000000000000284,0.20000000000000284,13071.0,experimental,thinning_30_75,15
48,0.20000000000000284,0.20000000000000284,12453.0,experimental,thinning_30_75,15
49,0.29999999999998295,0.29999999999998295,17982.0,experimental,thinning_30_75,15
50,0.30000000000001137,18.0,15801.0,experimental,thinning_30_75,15
51,0.29999999999999716,0.19999999999998863,17139.0,experimental,thinning_30_75,15
52,0.20000000000001705,0.20000000000001705,12604.0,experimental,thinning_30_75,15
53,0.19999999999998863,0.19999999999998863,12145.0,experimental,thinning_30_75,15
54,0.20000000000004547,10.600000000000023,12132.0,experimental,thinning_30_75,15
55,0.09999999999999432,0.20000000000001705,11099.0,experimental,thinning_30_75,15
56,0.20000000000001705,0.19999999999998863,11941.0,experimental,thinning_30_75,15
57,0.19999999999998863,0.20000000000001705,11097.0,experimental,thinning_30_75,15
58,0.4000000000000057,0.29999999999998295,20649.0,experimental,thinning_30_75,15
59,0.19999999999998863,0.19999999999998863,11496.0,experimental,thinning_30_75,15
60,0.09999999999999432,0.10000000000002274,7902.0,experimental,thinning_30_75,15
61,0.29999999999999716,0.30000000000001137,17024.0,experimental,thinning_30_75,15
62,0.19999999999998863,0.19999999999998863,11786.0,experimental,thinning_30_75,15
63,0.20000000000001705,0.19999999999998863,12698.0,experimental,thinning_30_75,15
64,0.09999999999999432,0.09999999999999432,9981.0,experimental,thinning_30_75,15
65,0.20000000000001705,0.19999999999998863,14769.0,experimental,thinning_30_75,15
66,0.09999999999999432,0.10000000000000853,10666.0,experimental,thinning_30_75,15
67,0.20000000000000284,0.10000000000000853,12858.0,experimental,thinning_30_75,15
68,0.19999999999998863,0.20000000000000284,15934.0,experimental,thinning_30_75,15
69,0.20000000000001705,0.20000000000001705,11822.0,experimental,thinning_30_75,15
70,0.10000000000000853,0.19999999999998863,11594.0,experimental,thinning_30_75,15
71,0.19999999999998863,0.20000000000001705,12143.0,experimental,thinning_30_75,15
72,0.20000000000000284,0.20000000000000284,13864.0,experimental,thinning_30_75,15
73,0.19999999999998863,0.20000000000001705,11403.0,experimental,thinning_30_75,15
74,0.19999999999998863,1.299999999999983,11410.0,experimental,thinning_30_75,15
75,0.10000000000000142,0.10000000000000142,8857.0,experimental,thinning_30_75,15
76,0.39999999999997726,3.0,16301.0,experimental,thinning_30_75,15
77,0.20000000000000284,0.20000000000000284,13524.0,experimental,thinning_30_75,15
78,0.4000000000000057,7.799999999999983,17432.0,experimental,thinning_30_75,15
79,0.20000000000001705,0.09999999999999432,10367.0,experimental,thinning_30_75,15
80,0.20000000000001705,0.20000000000001705,13241.0,experimental,thinning_30_75,15
81,0.19999999999998863,0.10000000000000853,10780.0,experimental,thinning_30_75,15
82,0.10000000000000853,0.20000000000000284,10804.0,experimental,thinning_30_75,15
83,0.19999999999998863,0.19999999999998863,13663.0,experimental,thinning_30_75,15
84,0.30000000000001137,0.30000000000001137,19391.0,experimental,thinning_30_75,15
85,0.30000000000001137,0.30000000000001137,15800.0,experimental,thinning_30_75,15
86,0.20000000000000284,0.29999999999999716,15287.0,experimental,thinning_30_75,15
87,0.20000000000000284,0.20000000000000284,13248.0,experimental,thinning_30_75,15
88,0.20000000000000284,0.19999999999999574,10403.0,experimental,thinning_30_75,15
89,0.10000000000000142,0.09999999999999432,12294.0,experimental,thinning_30_75,15
90,0.09999999999999432,0.20000000000001705,9930.0,experimental,thinning_30_75,15
91,0.19999999999998863,0.10000000000002274,11448.0,experimental,thinning_30_75,15
92,0.19999999999998863,0.19999999999998863,13516.0,experimental,thinning_30_75,15
93,0.20000000000000284,0.20000000000000284,11714.0,experimental,thinning_30_75,15
94,0.19999999999998863,0.30000000000001137,15287.0,experimental,thinning_30_75,15
95,0.0,0.0,11836.0,experimental,thinning_30_75,15
96,0.20000000000000284,0.20000000000000284,12183.0,experimental,thinning_30_75,15
97,0.20000000000000284,0.09999999999999432,11910.0,experimental,thinning_30_75,15
98,0.30000000000001137,0.30000000000001137,17691.0,experimental,thinning_30_75,15
99,0.19999999999998863,0.19999999999998863,13288.0,experimental,thinning_30_75,15
100,0.29999999999998295,0.30000000000001137,15146.0,experimental,thinning_30_75,15
1,0.20000000000000284,0.10000000000000853,10626.0,experimental,thinning_65_90,16
2,0.09999999999999432,0.20000000000000284,8814.0,experimental,thinning_65_90,16
3,0.09999999999999432,0.09999999999999432,8269.0,experimental,thinning_65_90,16
4,0.20000000000000284,1.4000000000000057,9018.0,experimental,thinning_65_90,16
5,0.09999999999999432,0.09999999999999432,4579.0,experimental,thinning_65_90,16
6,0.30000000000001137,5.0,8000.0,experimental,thinning_65_90,16
7,0.19999999999998863,0.09999999999999432,11301.0,experimental,thinning_65_90,16
8,0.0,0.0,4312.0,experimental,thinning_65_90,16
9,0.09999999999999432,-9.100000000000023,7320.0,experimental,thinning_65_90,16
10,0.19999999999998863,0.2999999999999545,15496.0,experimental,thinning_65_90,16
11,0.20000000000000284,0.20000000000000284,11133.0,experimental,thinning_65_90,16
12,0.19999999999998863,0.09999999999999432,9892.0,experimental,thinning_65_90,16
13,0.09999999999999432,0.0,3935.0,experimental,thinning_65_90,16
14,0.20000000000001705,0.20000000000001705,12287.0,experimental,thinning_65_90,16
15,0.09999999999999432,0.09999999999999432,6650.0,experimental,thinning_65_90,16
16,0.10000000000000142,-0.10000000000000142,10103.0,experimental,thinning_65_90,16
17,0.20000000000000284,13.5,12949.0,experimental,thinning_65_90,16
18,0.0,0.10000000000000853,3415.0,experimental,thinning_65_90,16
19,0.10000000000000853,0.10000000000000853,9669.0,experimental,thinning_65_90,16
20,0.10000000000000853,0.20000000000000284,9319.0,experimental,thinning_65_90,16
21,0.09999999999999432,0.09999999999999432,7205.0,experimental,thinning_65_90,16
22,0.09999999999999432,0.09999999999999432,7717.0,experimental,thinning_65_90,16
23,0.09999999999999432,0.09999999999999432,3979.0,experimental,thinning_65_90,16
24,0.0,0.0,4768.0,experimental,thinning_65_90,16
25,0.0,0.10000000000000142,7457.0,experimental,thinning_65_90,16
26,0.19999999999998863,0.19999999999998863,13150.0,experimental,thinning_65_90,16
27,0.19999999999998863,0.19999999999998863,13317.0,experimental,thinning_65_90,16
28,0.19999999999998863,0.19999999999998863,10170.0,experimental,thinning_65_90,16
29,0.10000000000000853,0.0,4805.0,experimental,thinning_65_90,16
30,0.19999999999998863,0.09999999999999432,8986.0,experimental,thinning_65_90,16
31,0.09999999999999432,0.10000000000002274,6410.0,experimental,thinning_65_90,16
32,0.0,0.09999999999999432,5689.0,experimental,thinning_65_90,16
33,0.09999999999999432,0.09999999999999432,8010.0,experimental,thinning_65_90,16
34,0.09999999999999432,0.09999999999999432,5223.0,experimental,thinning_65_90,16
35,0.10000000000000853,-10.200000000000003,10287.0,experimental,thinning_65_90,16
36,0.09999999999999432,0.20000000000000284,10375.0,experimental,thinning_65_90,16
37,0.10000000000000853,0.20000000000000284,8008.0,experimental,thinning_65_90,16
38,0.2999999999999545,0.30000000000001137,14999.0,experimental,thinning_65_90,16
39,0.09999999999999432,0.09999999999999432,7654.0,experimental,thinning_65_90,16
40,0.19999999999999574,0.20000000000000284,12836.0,experimental,thinning_65_90,16
41,0.09999999999999432,0.10000000000000853,6087.0,experimental,thinning_65_90,16
42,0.10000000000000853,0.10000000000000853,4922.0,experimental,thinning_65_90,16
43,0.09999999999999432,0.09999999999999432,10819.0,experimental,thinning_65_90,16
44,0.19999999999998863,0.09999999999999432,12753.0,experimental,thinning_65_90,16
45,0.10000000000000142,0.10000000000000142,8116.0,experimental,thinning_65_90,16
46,0.10000000000002274,0.19999999999998863,8753.0,experimental,thinning_65_90,16
47,0.20000000000000284,0.10000000000000853,9686.0,experimental,thinning_65_90,16
48,0.09999999999999432,0.09999999999999432,8407.0,experimental,thinning_65_90,16
49,0.19999999999998863,0.19999999999998863,12225.0,experimental,thinning_65_90,16
50,0.20000000000001705,17.900000000000006,11634.0,experimental,thinning_65_90,16
51,0.20000000000000284,0.19999999999998863,11366.0,experimental,thinning_65_90,16
52,0.10000000000002274,0.09999999999999432,6682.0,experimental,thinning_65_90,16
53,0.0999999999999659,0.0999999999999659,9542.0,experimental,thinning_65_90,16
54,-0.39999999999997726,-13.300000000000011,9157.0,experimental,thinning_65_90,16
55,0.09999999999999432,0.09999999999999432,5883.0,experimental,thinning_65_90,16
56,0.10000000000002274,0.09999999999999432,6110.0,experimental,thinning_65_90,16
57,0.09999999999999432,0.10000000000002274,6988.0,experimental,thinning_65_90,16
58,0.19999999999998863,0.19999999999998863,13190.0,experimental,thinning_65_90,16
59,0.0999999999999659,0.0999999999999659,5942.0,experimental,thinning_65_90,16
60,0.09999999999999432,0.10000000000002274,5506.0,experimental,thinning_65_90,16
61,0.20000000000000284,0.20000000000001705,11352.0,experimental,thinning_65_90,16
62,-0.30000000000001137,-43.5,8266.0,experimental,thinning_65_90,16
63,0.20000000000001705,0.19999999999998863,8560.0,experimental,thinning_65_90,16
64,0.09999999999999432,0.09999999999999432,7125.0,experimental,thinning_65_90,16
65,0.09999999999999432,0.09999999999999432,8893.0,experimental,thinning_65_90,16
66,0.0,-1.3999999999999915,8289.0,experimental,thinning_65_90,16
67,0.10000000000000853,0.10000000000000853,9851.0,experimental,thinning_65_90,16
68,-0.20000000000000284,0.09999999999999432,10938.0,experimental,thinning_65_90,16
69,0.20000000000001705,0.10000000000002274,9470.0,experimental,thinning_65_90,16
70,0.10000000000000853,0.09999999999999432,8500.0,experimental,thinning_65_90,16
71,0.09999999999999432,0.10000000000002274,8432.0,experimental,thinning_65_90,16
72,0.10000000000000853,0.20000000000000284,9029.0,experimental,thinning_65_90,16
73,0.09999999999999432,0.10000000000002274,8922.0,experimental,thinning_65_90,16
74,0.09999999999999432,0.19999999999998863,8845.0,experimental,thinning_65_90,16
75,0.10000000000000142,0.10000000000000142,5773.0,experimental,thinning_65_90,16
76,0.30000000000001137,2.8000000000000114,8889.0,experimental,thinning_65_90,16
77,0.09999999999999432,0.10000000000000853,7641.0,experimental,thinning_65_90,16
78,0.30000000000001137,7.799999999999983,13991.0,experimental,thinning_65_90,16
79,0.10000000000002274,0.19999999999998863,7461.0,experimental,thinning_65_90,16
80,0.09999999999999432,0.10000000000002274,8897.0,experimental,thinning_65_90,16
81,0.09999999999999432,0.10000000000000853,8102.0,experimental,thinning_65_90,16
82,0.10000000000000853,0.20000000000000284,10052.0,experimental,thinning_65_90,16
83,0.09999999999999432,0.19999999999998863,9274.0,experimental,thinning_65_90,16
84,0.30000000000001137,0.30000000000001137,16927.0,experimental,thinning_65_90,16
85,0.20000000000001705,0.20000000000001705,11640.0,experimental,thinning_65_90,16
86,0.20000000000000284,0.20000000000000284,12262.0,experimental,thinning_65_90,16
87,0.20000000000000284,0.20000000000000284,9297.0,experimental,thinning_65_90,16
88,0.10000000000000142,0.10000000000000142,7109.0,experimental,thinning_65_90,16
89,0.10000000000000142,0.09999999999999432,7729.0,experimental,thinning_65_90,16
90,0.09999999999999432,0.20000000000001705,7652.0,experimental,thinning_65_90,16
91,0.09999999999999432,0.10000000000002274,7487.0,experimental,thinning_65_90,16
92,0.09999999999999432,0.09999999999999432,8956.0,experimental,thinning_65_90,16
93,0.20000000000000284,-0.29999999999999716,9798.0,experimental,thinning_65_90,16
94,0.09999999999999432,0.20000000000001705,10004.0,experimental,thinning_65_90,16
95,0.10000000000002274,0.0,8553.0,experimental,thinning_65_90,16
96,0.10000000000000853,0.20000000000000284,10080.0,experimental,thinning_65_90,16
97,0.10000000000000142,0.09999999999999432,9041.0,experimental,thinning_65_90,16
98,0.20000000000001705,0.20000000000004547,11137.0,experimental,thinning_65_90,16
99,0.09999999999999432,0.09999999999999432,8150.0,experimental,thinning_65_90,16
100,0.19999999999998863,0.20000000000001705,11268.0,experimental,thinning_65_90,16
1,0.4000000000000057,0.4000000000000057,32352.0,experimental,thinning_30_75,17
2,0.9000000000000057,0.9000000000000057,53841.0,experimental,thinning_30_75,17
3,1.0,3.1999999999999886,58050.0,experimental,thinning_30_75,17
4,1.0,5.900000000000006,59058.0,experimental,thinning_30_75,17
5,0.9000000000000057,1.0999999999999943,50998.0,experimental,thinning_30_75,17
6,1.1000000000000227,-10.400000000000006,55578.0,experimental,thinning_30_75,17
7,1.1999999999999886,1.1999999999999886,63054.0,experimental,thinning_30_75,17
8,1.200000000000017,2.1999999999999886,58261.0,experimental,thinning_30_75,17
9,1.200000000000017,22.399999999999977,72653.0,experimental,thinning_30_75,17
10,1.5,39.5,78174.0,experimental,thinning_30_75,17
11,1.2999999999999972,1.2999999999999972,70436.0,experimental,thinning_30_75,17
12,1.3000000000000114,3.0999999999999943,67115.0,experimental,thinning_30_75,17
13,0.6999999999999886,0.6999999999999886,40211.0,experimental,thinning_30_75,17
14,1.4000000000000057,13.600000000000023,67609.0,experimental,thinning_30_75,17
15,1.0,9.099999999999994,54934.0,experimental,thinning_30_75,17
16,0.6000000000000014,0.6000000000000014,39914.0,experimental,thinning_30_75,17
17,0.9000000000000057,16.400000000000006,54457.0,experimental,thinning_30_75,17
18,0.8999999999999915,1.0,51114.0,experimental,thinning_30_75,17
19,0.9000000000000057,-0.7000000000000028,56291.0,experimental,thinning_30_75,17
20,0.9000000000000057,1.0,54503.0,experimental,thinning_30_75,17
21,0.7999999999999972,2.8999999999999915,46058.0,experimental,thinning_30_75,17
22,1.0,0.8999999999999773,52102.0,experimental,thinning_30_75,17
23,1.1999999999999886,1.200000000000017,58991.0,experimental,thinning_30_75,17
24,0.799999999999983,0.799999999999983,44418.0,experimental,thinning_30_75,17
25,0.29999999999999716,0.40000000000000213,33260.0,experimental,thinning_30_75,17
26,1.3000000000000114,8.899999999999977,73637.0,experimental,thinning_30_75,17
27,1.5,30.19999999999999,79033.0,experimental,thinning_30_75,17
28,1.299999999999983,5.099999999999994,66435.0,experimental,thinning_30_75,17
29,0.9000000000000057,0.8999999999999915,47738.0,experimental,thinning_30_75,17
30,1.0,1.0,55706.0,experimental,thinning_30_75,17
31,1.0999999999999943,1.5,54355.0,experimental,thinning_30_75,17
32,0.7000000000000028,-8.700000000000003,42069.0,experimental,thinning_30_75,17
33,0.7000000000000028,0.7999999999999972,45236.0,experimental,thinning_30_75,17
34,0.6999999999999886,0.6999999999999886,40116.0,experimental,thinning_30_75,17
35,0.7000000000000028,-9.599999999999994,48068.0,experimental,thinning_30_75,17
36,0.7000000000000028,0.7999999999999972,48962.0,experimental,thinning_30_75,17
37,0.9000000000000057,0.9000000000000057,49896.0,experimental,thinning_30_75,17
38,1.3999999999999773,17.100000000000023,85154.0,experimental,thinning_30_75,17
39,0.8999999999999915,2.5,63311.0,experimental,thinning_30_75,17
40,1.0,1.0,58007.0,experimental,thinning_30_75,17
41,1.0999999999999943,1.5000000000000142,56467.0,experimental,thinning_30_75,17
42,0.5,0.5,38246.0,experimental,thinning_30_75,17
43,0.8999999999999915,0.8999999999999915,55423.0,experimental,thinning_30_75,17
44,1.4000000000000057,3.5999999999999943,72477.0,experimental,thinning_30_75,17
45,0.6999999999999957,0.7000000000000028,43094.0,experimental,thinning_30_75,17
46,1.1000000000000227,22.5,63953.0,experimental,thinning_30_75,17
47,1.0,5.0,59492.0,experimental,thinning_30_75,17
48,0.8999999999999915,0.8999999999999915,53503.0,experimental,thinning_30_75,17
49,1.8999999999999773,17.69999999999999,84762.0,experimental,thinning_30_75,17
50,1.200000000000017,23.599999999999994,63855.0,experimental,thinning_30_75,17
51,1.0,0.8999999999999915,59370.0,experimental,thinning_30_75,17
52,1.200000000000017,8.400000000000006,65071.0,experimental,thinning_30_75,17
53,1.099999999999966,17.5,64289.0,experimental,thinning_30_75,17
54,1.5,21.30000000000001,72892.0,experimental,thinning_30_75,17
55,0.9000000000000057,1.4000000000000057,47069.0,experimental,thinning_30_75,17
56,1.4000000000000057,1.299999999999983,70016.0,experimental,thinning_30_75,17
57,1.0999999999999943,5.800000000000011,50662.0,experimental,thinning_30_75,17
58,1.9000000000000057,3.8999999999999773,91693.0,experimental,thinning_30_75,17
59,1.099999999999966,3.6999999999999886,52387.0,experimental,thinning_30_75,17
60,1.0999999999999943,2.200000000000017,51820.0,experimental,thinning_30_75,17
61,1.2000000000000028,10.5,67038.0,experimental,thinning_30_75,17
62,1.5,13.300000000000011,70833.0,experimental,thinning_30_75,17
63,1.200000000000017,1.5,63743.0,experimental,thinning_30_75,17
64,0.7999999999999972,0.7999999999999972,45866.0,experimental,thinning_30_75,17
65,1.0,1.3000000000000114,59599.0,experimental,thinning_30_75,17
66,1.0,0.9000000000000057,58729.0,experimental,thinning_30_75,17
67,0.7000000000000028,10.400000000000006,50969.0,experimental,thinning_30_75,17
68,0.6999999999999886,3.700000000000003,49736.0,experimental,thinning_30_75,17
69,1.0999999999999943,6.600000000000023,64962.0,experimental,thinning_30_75,17
70,0.7000000000000028,0.7999999999999972,43884.0,experimental,thinning_30_75,17
71,0.8999999999999773,1.0,53009.0,experimental,thinning_30_75,17
72,0.7000000000000028,0.7999999999999972,49025.0,experimental,thinning_30_75,17
73,0.9000000000000057,8.700000000000017,60334.0,experimental,thinning_30_75,17
74,1.0,19.30000000000001,59904.0,experimental,thinning_30_75,17
75,0.3999999999999986,0.3999999999999986,34753.0,experimental,thinning_30_75,17
76,1.3000000000000114,22.600000000000023,63509.0,experimental,thinning_30_75,17
77,1.0,1.0,53280.0,experimental,thinning_30_75,17
78,1.8000000000000114,19.0,85612.0,experimental,thinning_30_75,17
79,1.1000000000000227,3.6999999999999886,57869.0,experimental,thinning_30_75,17
80,1.3000000000000114,7.100000000000023,64006.0,experimental,thinning_30_75,17
81,1.0999999999999943,5.1000000000000085,59146.0,experimental,thinning_30_75,17
82,0.6000000000000085,0.5999999999999943,39748.0,experimental,thinning_30_75,17
83,0.7999999999999972,0.8999999999999915,54521.0,experimental,thinning_30_75,17
84,1.5,4.600000000000023,79027.0,experimental,thinning_30_75,17
85,1.8000000000000114,5.100000000000023,82074.0,experimental,thinning_30_75,17
86,1.2999999999999972,3.700000000000003,69801.0,experimental,thinning_30_75,17
87,1.0,1.0,57215.0,experimental,thinning_30_75,17
88,0.5,0.10000000000000142,36735.0,experimental,thinning_30_75,17
89,0.5,0.5,40836.0,experimental,thinning_30_75,17
90,1.0999999999999943,8.099999999999994,60890.0,experimental,thinning_30_75,17
91,0.8999999999999773,0.9000000000000057,51036.0,experimental,thinning_30_75,17
92,1.1999999999999886,6.400000000000006,63306.0,experimental,thinning_30_75,17
93,1.0999999999999943,2.700000000000017,56933.0,experimental,thinning_30_75,17
94,1.0999999999999943,8.0,67180.0,experimental,thinning_30_75,17
95,0.6000000000000227,4.0,65636.0,experimental,thinning_30_75,17
96,0.9000000000000057,0.9999999999999858,53882.0,experimental,thinning_30_75,17
97,0.5,0.3999999999999986,36526.0,experimental,thinning_30_75,17
98,1.4000000000000057,9.100000000000023,73931.0,experimental,thinning_30_75,17
99,1.0999999999999943,1.1999999999999886,61835.0,experimental,thinning_30_75,17
100,1.299999999999983,8.300000000000011,63896.0,experimental,thinning_30_75,17
1,0.29999999999999716,0.20000000000000284,24080.0,experimental,thinning_65_90,18
2,0.5999999999999943,0.7000000000000028,37408.0,experimental,thinning_65_90,18
3,0.799999999999983,1.299999999999983,43733.0,experimental,thinning_65_90,18
4,0.7000000000000028,2.4000000000000057,39500.0,experimental,thinning_65_90,18
5,0.5999999999999943,0.5999999999999943,34508.0,experimental,thinning_65_90,18
6,1.0,7.699999999999989,45140.0,experimental,thinning_65_90,18
7,0.8999999999999773,0.9000000000000057,48758.0,experimental,thinning_65_90,18
8,0.8000000000000114,0.9000000000000057,37674.0,experimental,thinning_65_90,18
9,0.700000000000017,0.0,46288.0,experimental,thinning_65_90,18
10,1.1999999999999886,14.0,64695.0,experimental,thinning_65_90,18
11,0.7999999999999972,0.7999999999999972,43232.0,experimental,thinning_65_90,18
12,0.8000000000000114,0.6999999999999886,43343.0,experimental,thinning_65_90,18
13,0.3999999999999915,0.3999999999999915,23534.0,experimental,thinning_65_90,18
14,1.1000000000000227,3.5,53890.0,experimental,thinning_65_90,18
15,0.799999999999983,3.700000000000017,46377.0,experimental,thinning_65_90,18
16,0.3999999999999986,0.20000000000000284,30143.0,experimental,thinning_65_90,18
17,0.7000000000000028,14.0,45434.0,experimental,thinning_65_90,18
18,0.5,0.5,26484.0,experimental,thinning_65_90,18
19,0.6000000000000085,0.6000000000000085,38974.0,experimental,thinning_65_90,18
20,0.6000000000000085,0.7000000000000028,39669.0,experimental,thinning_65_90,18
21,0.5,0.5999999999999943,31714.0,experimental,thinning_65_90,18
22,0.6999999999999886,0.6999999999999886,38452.0,experimental,thinning_65_90,18
23,0.8000000000000114,0.8000000000000114,39560.0,experimental,thinning_65_90,18
24,0.5999999999999943,0.5999999999999943,32153.0,experimental,thinning_65_90,18
25,0.09999999999999787,0.1999999999999993,19416.0,experimental,thinning_65_90,18
26,1.0,2.8999999999999773,53477.0,experimental,thinning_65_90,18
27,1.0,9.800000000000011,58617.0,experimental,thinning_65_90,18
28,1.0,1.0999999999999943,51067.0,experimental,thinning_65_90,18
29,0.6000000000000085,0.5,31458.0,experimental,thinning_65_90,18
30,0.9000000000000057,1.0999999999999943,47384.0,experimental,thinning_65_90,18
31,0.8000000000000114,0.30000000000001137,40324.0,experimental,thinning_65_90,18
32,0.5,0.5,31948.0,experimental,thinning_65_90,18
33,0.5,0.5,30880.0,experimental,thinning_65_90,18
34,0.5,0.5999999999999943,32842.0,experimental,thinning_65_90,18
35,0.5,-9.799999999999997,35435.0,experimental,thinning_65_90,18
36,0.5,0.5,36013.0,experimental,thinning_65_90,18
37,0.6000000000000085,0.7000000000000028,36204.0,experimental,thinning_65_90,18
38,1.0,-1.1999999999999886,64428.0,experimental,thinning_65_90,18
39,0.5,0.5,37116.0,experimental,thinning_65_90,18
40,0.5,0.5,32105.0,experimental,thinning_65_90,18
41,0.7999999999999972,0.7000000000000028,39006.0,experimental,thinning_65_90,18
42,0.4000000000000057,0.4000000000000057,26623.0,experimental,thinning_65_90,18
43,0.5999999999999943,0.5999999999999943,38204.0,experimental,thinning_65_90,18
44,0.9000000000000057,0.8999999999999773,51098.0,experimental,thinning_65_90,18
45,0.3999999999999986,0.29999999999999716,26253.0,experimental,thinning_65_90,18
46,0.8000000000000114,5.899999999999977,50702.0,experimental,thinning_65_90,18
47,0.7000000000000028,1.6000000000000085,39006.0,experimental,thinning_65_90,18
48,0.5,0.5,30199.0,experimental,thinning_65_90,18
49,1.3999999999999773,1.3999999999999773,59550.0,experimental,thinning_65_90,18
50,1.0,2.200000000000017,52623.0,experimental,thinning_65_90,18
51,0.6000000000000085,0.5,35626.0,experimental,thinning_65_90,18
52,0.700000000000017,0.8000000000000114,38353.0,experimental,thinning_65_90,18
53,0.8000000000000114,8.899999999999977,50089.0,experimental,thinning_65_90,18
54,0.8000000000000114,-1.0,51060.0,experimental,thinning_65_90,18
55,0.5999999999999943,1.5,33474.0,experimental,thinning_65_90,18
56,0.8000000000000114,0.6999999999999886,41552.0,experimental,thinning_65_90,18
57,1.0,2.3000000000000114,44096.0,experimental,thinning_65_90,18
58,1.0999999999999943,1.0999999999999943,53658.0,experimental,thinning_65_90,18
59,0.5999999999999659,-8.100000000000023,28053.0,experimental,thinning_65_90,18
60,0.5,1.6000000000000227,31060.0,experimental,thinning_65_90,18
61,0.7000000000000028,2.1000000000000227,41106.0,experimental,thinning_65_90,18
62,0.9000000000000057,2.3000000000000114,46279.0,experimental,thinning_65_90,18
63,0.8000000000000114,0.799999999999983,40684.0,experimental,thinning_65_90,18
64,0.3999999999999915,0.3999999999999915,27887.0,experimental,thinning_65_90,18
65,0.8000000000000114,0.8000000000000114,44205.0,experimental,thinning_65_90,18
66,0.5999999999999943,0.6000000000000085,37551.0,experimental,thinning_65_90,18
67,0.6000000000000085,5.0,41290.0,experimental,thinning_65_90,18
68,0.5,1.5999999999999943,37786.0,experimental,thinning_65_90,18
69,0.9000000000000057,4.0,51946.0,experimental,thinning_65_90,18
70,0.5,0.5,31308.0,experimental,thinning_65_90,18
71,0.6999999999999886,0.700000000000017,41523.0,experimental,thinning_65_90,18
72,0.5,0.5,33409.0,experimental,thinning_65_90,18
73,0.9000000000000057,3.3000000000000114,49978.0,experimental,thinning_65_90,18
74,0.6999999999999886,7.599999999999966,45667.0,experimental,thinning_65_90,18
75,0.29999999999999716,0.30000000000000426,24593.0,experimental,thinning_65_90,18
76,1.0,7.400000000000034,46550.0,experimental,thinning_65_90,18
77,0.7000000000000028,0.6000000000000085,36441.0,experimental,thinning_65_90,18
78,1.3000000000000114,8.899999999999977,59586.0,experimental,thinning_65_90,18
79,0.700000000000017,1.5999999999999943,41244.0,experimental,thinning_65_90,18
80,0.9000000000000057,4.0,44917.0,experimental,thinning_65_90,18
81,1.0,0.9000000000000057,48878.0,experimental,thinning_65_90,18
82,0.4000000000000057,0.5,32370.0,experimental,thinning_65_90,18
83,0.5,0.5999999999999943,34448.0,experimental,thinning_65_90,18
84,1.0,1.3000000000000114,56996.0,experimental,thinning_65_90,18
85,1.0999999999999943,1.4000000000000057,51887.0,experimental,thinning_65_90,18
86,0.5999999999999943,0.5999999999999943,39454.0,experimental,thinning_65_90,18
87,0.7000000000000028,0.7000000000000028,41153.0,experimental,thinning_65_90,18
88,0.20000000000000284,-0.20000000000000284,20306.0,experimental,thinning_65_90,18
89,0.30000000000000426,0.29999999999999716,26358.0,experimental,thinning_65_90,18
90,0.8000000000000114,3.9000000000000057,46666.0,experimental,thinning_65_90,18
91,0.6999999999999886,0.6000000000000227,37522.0,experimental,thinning_65_90,18
92,0.8999999999999773,1.0,47339.0,experimental,thinning_65_90,18
93,0.8999999999999915,0.9000000000000057,46260.0,experimental,thinning_65_90,18
94,0.9000000000000057,2.700000000000017,52128.0,experimental,thinning_65_90,18
95,0.5,2.299999999999983,46625.0,experimental,thinning_65_90,18
96,0.7000000000000028,0.7999999999999972,43414.0,experimental,thinning_65_90,18
97,0.30000000000000426,0.19999999999999574,25840.0,experimental,thinning_65_90,18
98,1.0,4.900000000000034,51310.0,experimental,thinning_65_90,18
99,0.5999999999999943,0.5999999999999943,35410.0,experimental,thinning_65_90,18
100,0.799999999999983,5.800000000000011,51072.0,experimental,thinning_65_90,18
1,0.29999999999999716,0.29999999999999716,16814.0,experimental,thinning_30_75,19
2,4.200000000000003,4.200000000000003,114876.0,experimental,thinning_30_75,19
3,5.299999999999983,6.699999999999989,126530.0,experimental,thinning_30_75,19
4,5.200000000000003,9.900000000000006,140654.0,experimental,thinning_30_75,19
5,5.799999999999983,6.099999999999994,135437.0,experimental,thinning_30_75,19
6,4.600000000000023,4.699999999999989,112514.0,experimental,thinning_30_75,19
7,5.199999999999989,5.099999999999994,128316.0,experimental,thinning_30_75,19
8,6.100000000000023,7.199999999999989,154563.0,experimental,thinning_30_75,19
9,5.5,17.700000000000045,135742.0,experimental,thinning_30_75,19
10,6.399999999999977,39.10000000000002,136277.0,experimental,thinning_30_75,19
11,6.8999999999999915,6.799999999999997,171916.0,experimental,thinning_30_75,19
12,4.900000000000006,6.399999999999977,119101.0,experimental,thinning_30_75,19
13,3.8999999999999915,3.6999999999999886,104401.0,experimental,thinning_30_75,19
14,6.700000000000017,11.200000000000017,150454.0,experimental,thinning_30_75,19
15,5.199999999999989,9.599999999999994,136614.0,experimental,thinning_30_75,19
16,2.700000000000003,7.0,82879.0,experimental,thinning_30_75,19
17,5.5,13.699999999999989,148655.0,experimental,thinning_30_75,19
18,4.3999999999999915,4.400000000000006,122819.0,experimental,thinning_30_75,19
19,5.900000000000006,6.6000000000000085,140615.0,experimental,thinning_30_75,19
20,4.799999999999997,7.500000000000014,121642.0,experimental,thinning_30_75,19
21,4.699999999999989,4.599999999999994,118388.0,experimental,thinning_30_75,19
22,5.099999999999994,5.199999999999989,119132.0,experimental,thinning_30_75,19
23,6.800000000000011,6.800000000000011,159490.0,experimental,thinning_30_75,19
24,4.599999999999994,6.699999999999989,114384.0,experimental,thinning_30_75,19
25,1.5999999999999979,1.6999999999999993,67688.0,experimental,thinning_30_75,19
26,6.0,15.0,155955.0,experimental,thinning_30_75,19
27,5.699999999999989,15.099999999999966,118067.0,experimental,thinning_30_75,19
28,6.0,6.300000000000011,145584.0,experimental,thinning_30_75,19
29,5.1000000000000085,5.099999999999994,126253.0,experimental,thinning_30_75,19
30,5.099999999999994,4.799999999999983,127086.0,experimental,thinning_30_75,19
31,6.0,5.5,140617.0,experimental,thinning_30_75,19
32,4.6000000000000085,4.599999999999994,113548.0,experimental,thinning_30_75,19
33,4.799999999999997,5.0,118580.0,experimental,thinning_30_75,19
34,4.3999999999999915,5.199999999999989,113938.0,experimental,thinning_30_75,19
35,2.700000000000003,9.799999999999997,98605.0,experimental,thinning_30_75,19
36,4.799999999999997,6.3999999999999915,122845.0,experimental,thinning_30_75,19
37,4.6000000000000085,4.700000000000003,114966.0,experimental,thinning_30_75,19
38,7.599999999999966,8.300000000000011,151147.0,experimental,thinning_30_75,19
39,4.5,13.099999999999994,148356.0,experimental,thinning_30_75,19
40,5.100000000000001,5.700000000000003,139399.0,experimental,thinning_30_75,19
41,4.799999999999983,4.8999999999999915,116157.0,experimental,thinning_30_75,19
42,2.6000000000000085,2.6000000000000085,76316.0,experimental,thinning_30_75,19
43,5.799999999999997,5.799999999999997,148347.0,experimental,thinning_30_75,19
44,5.599999999999994,3.299999999999983,142974.0,experimental,thinning_30_75,19
45,3.8999999999999986,3.8999999999999986,104197.0,experimental,thinning_30_75,19
46,5.100000000000023,17.599999999999966,126983.0,experimental,thinning_30_75,19
47,5.5,7.300000000000011,139745.0,experimental,thinning_30_75,19
48,4.700000000000003,4.799999999999997,122413.0,experimental,thinning_30_75,19
49,8.399999999999977,8.399999999999977,178974.0,experimental,thinning_30_75,19
50,6.200000000000017,6.0,141745.0,experimental,thinning_30_75,19
51,4.799999999999997,6.599999999999994,126793.0,experimental,thinning_30_75,19
52,6.300000000000011,6.900000000000006,163568.0,experimental,thinning_30_75,19
53,5.399999999999977,11.699999999999989,135701.0,experimental,thinning_30_75,19
54,7.800000000000011,8.0,167581.0,experimental,thinning_30_75,19
55,2.700000000000017,4.200000000000017,79331.0,experimental,thinning_30_75,19
56,5.300000000000011,7.199999999999989,129093.0,experimental,thinning_30_75,19
57,6.099999999999994,6.100000000000023,130490.0,experimental,thinning_30_75,19
58,9.699999999999989,14.5,229912.0,experimental,thinning_30_75,19
59,2.099999999999966,3.3000000000000114,39470.0,experimental,thinning_30_75,19
60,5.0,5.100000000000023,121841.0,experimental,thinning_30_75,19
61,4.299999999999997,23.400000000000006,136132.0,experimental,thinning_30_75,19
62,5.800000000000011,5.300000000000011,118520.0,experimental,thinning_30_75,19
63,5.0,6.299999999999983,122834.0,experimental,thinning_30_75,19
64,4.5,4.5,118172.0,experimental,thinning_30_75,19
65,5.300000000000011,6.900000000000006,132962.0,experimental,thinning_30_75,19
66,5.199999999999989,6.6000000000000085,143150.0,experimental,thinning_30_75,19
67,4.300000000000011,11.400000000000006,129339.0,experimental,thinning_30_75,19
68,4.699999999999989,7.0,127057.0,experimental,thinning_30_75,19
69,5.900000000000006,10.200000000000017,134676.0,experimental,thinning_30_75,19
70,4.200000000000003,4.199999999999989,110527.0,experimental,thinning_30_75,19
71,5.299999999999983,5.5,128865.0,experimental,thinning_30_75,19
72,3.4000000000000057,8.600000000000009,100895.0,experimental,thinning_30_75,19
73,7.0,7.100000000000023,166662.0,experimental,thinning_30_75,19
74,3.299999999999983,15.800000000000011,94115.0,experimental,thinning_30_75,19
75,2.200000000000003,2.3000000000000043,76808.0,experimental,thinning_30_75,19
76,5.300000000000011,8.900000000000034,120588.0,experimental,thinning_30_75,19
77,4.700000000000003,4.700000000000003,118480.0,experimental,thinning_30_75,19
78,8.700000000000017,10.699999999999989,196792.0,experimental,thinning_30_75,19
79,4.100000000000023,4.199999999999989,94226.0,experimental,thinning_30_75,19
80,7.200000000000017,7.400000000000006,167183.0,experimental,thinning_30_75,19
81,6.199999999999989,-4.700000000000003,137548.0,experimental,thinning_30_75,19
82,3.8000000000000114,3.700000000000003,99244.0,experimental,thinning_30_75,19
83,4.699999999999989,5.699999999999989,125107.0,experimental,thinning_30_75,19
84,7.300000000000011,12.700000000000017,173983.0,experimental,thinning_30_75,19
85,6.599999999999994,6.800000000000011,155809.0,experimental,thinning_30_75,19
86,5.5,5.400000000000006,122028.0,experimental,thinning_30_75,19
87,6.099999999999994,12.700000000000003,143953.0,experimental,thinning_30_75,19
88,2.1000000000000014,2.1000000000000014,71924.0,experimental,thinning_30_75,19
89,2.6000000000000014,2.8999999999999986,83571.0,experimental,thinning_30_75,19
90,5.900000000000006,6.700000000000017,145355.0,experimental,thinning_30_75,19
91,5.5,11.600000000000023,138308.0,experimental,thinning_30_75,19
92,6.399999999999977,6.599999999999994,146893.0,experimental,thinning_30_75,19
93,6.3999999999999915,5.900000000000006,151894.0,experimental,thinning_30_75,19
94,5.300000000000011,10.400000000000006,130436.0,experimental,thinning_30_75,19
95,5.900000000000006,7.799999999999983,155419.0,experimental,thinning_30_75,19
96,5.0,5.200000000000003,120147.0,experimental,thinning_30_75,19
97,1.7000000000000028,1.5999999999999943,60213.0,experimental,thinning_30_75,19
98,7.5,5.900000000000034,166997.0,experimental,thinning_30_75,19
99,5.199999999999989,4.900000000000006,124036.0,experimental,thinning_30_75,19
100,4.0,11.5,115792.0,experimental,thinning_30_75,19
1,0.10000000000000853,0.0,9161.0,experimental,thinning_65_90,20
2,2.9000000000000057,3.0,77451.0,experimental,thinning_65_90,20
3,4.099999999999994,4.299999999999983,100462.0,experimental,thinning_65_90,20
4,3.700000000000003,6.0,100406.0,experimental,thinning_65_90,20
5,4.199999999999989,4.199999999999989,100800.0,experimental,thinning_65_90,20
6,4.200000000000017,4.099999999999994,102963.0,experimental,thinning_65_90,20
7,4.299999999999983,4.300000000000011,100886.0,experimental,thinning_65_90,20
8,4.400000000000006,4.299999999999983,104731.0,experimental,thinning_65_90,20
9,2.5999999999999943,7.7999999999999545,65211.0,experimental,thinning_65_90,20
10,5.099999999999966,24.200000000000045,100598.0,experimental,thinning_65_90,20
11,3.8999999999999915,3.8999999999999915,91033.0,experimental,thinning_65_90,20
12,1.8000000000000114,1.799999999999983,47198.0,experimental,thinning_65_90,20
13,2.3999999999999915,2.3999999999999915,68386.0,experimental,thinning_65_90,20
14,4.900000000000006,5.400000000000006,103986.0,experimental,thinning_65_90,20
15,4.0,4.400000000000006,102165.0,experimental,thinning_65_90,20
16,1.6000000000000014,1.7000000000000028,50345.0,experimental,thinning_65_90,20
17,3.299999999999997,6.799999999999997,91140.0,experimental,thinning_65_90,20
18,2.5999999999999943,2.700000000000003,71760.0,experimental,thinning_65_90,20
19,3.1000000000000085,3.1000000000000085,77200.0,experimental,thinning_65_90,20
20,3.799999999999997,5.400000000000006,94038.0,experimental,thinning_65_90,20
21,2.799999999999997,2.8999999999999915,70176.0,experimental,thinning_65_90,20
22,4.199999999999989,4.199999999999989,99463.0,experimental,thinning_65_90,20
23,4.5,4.300000000000011,107652.0,experimental,thinning_65_90,20
24,3.5999999999999943,4.5,84046.0,experimental,thinning_65_90,20
25,0.5,0.5,26724.0,experimental,thinning_65_90,20
26,4.400000000000006,3.8999999999999773,97378.0,experimental,thinning_65_90,20
27,3.1999999999999886,6.099999999999966,70420.0,experimental,thinning_65_90,20
28,4.799999999999983,4.900000000000006,108135.0,experimental,thinning_65_90,20
29,2.9000000000000057,2.8999999999999915,75757.0,experimental,thinning_65_90,20
30,4.300000000000011,4.199999999999989,109124.0,experimental,thinning_65_90,20
31,4.5,4.100000000000023,102986.0,experimental,thinning_65_90,20
32,3.1000000000000085,3.0999999999999943,79600.0,experimental,thinning_65_90,20
33,3.0,3.1999999999999886,77815.0,experimental,thinning_65_90,20
34,3.5,5.3999999999999915,95404.0,experimental,thinning_65_90,20
35,2.4000000000000057,2.799999999999997,77957.0,experimental,thinning_65_90,20
36,3.299999999999997,4.799999999999997,87825.0,experimental,thinning_65_90,20
37,3.4000000000000057,3.5,84478.0,experimental,thinning_65_90,20
38,5.599999999999966,6.5,106746.0,experimental,thinning_65_90,20
39,3.0999999999999943,3.0999999999999943,72370.0,experimental,thinning_65_90,20
40,1.6000000000000014,1.5999999999999943,51609.0,experimental,thinning_65_90,20
41,3.4000000000000057,3.3999999999999915,85156.0,experimental,thinning_65_90,20
42,2.299999999999997,2.299999999999997,66839.0,experimental,thinning_65_90,20
43,3.299999999999997,3.299999999999997,79233.0,experimental,thinning_65_90,20
44,3.5,1.0999999999999943,81885.0,experimental,thinning_65_90,20
45,1.6999999999999957,1.6000000000000014,48996.0,experimental,thinning_65_90,20
46,4.2000000000000455,8.300000000000011,99198.0,experimental,thinning_65_90,20
47,3.1000000000000085,3.5,79919.0,experimental,thinning_65_90,20
48,1.5999999999999943,1.5999999999999943,48727.0,experimental,thinning_65_90,20
49,5.599999999999994,5.299999999999983,114445.0,experimental,thinning_65_90,20
50,4.0,4.0,98283.0,experimental,thinning_65_90,20
51,2.5,2.6999999999999886,67195.0,experimental,thinning_65_90,20
52,3.9000000000000057,4.0,94076.0,experimental,thinning_65_90,20
53,4.0,6.199999999999989,96550.0,experimental,thinning_65_90,20
54,3.8000000000000114,3.6999999999999886,79849.0,experimental,thinning_65_90,20
55,2.200000000000017,2.4000000000000057,63854.0,experimental,thinning_65_90,20
56,3.4000000000000057,3.799999999999983,82722.0,experimental,thinning_65_90,20
57,4.0,4.100000000000023,95653.0,experimental,thinning_65_90,20
58,4.5,-5.300000000000011,111819.0,experimental,thinning_65_90,20
59,1.099999999999966,1.3000000000000114,19438.0,experimental,thinning_65_90,20
60,2.5,2.5,60166.0,experimental,thinning_65_90,20
61,2.799999999999997,12.700000000000017,88746.0,experimental,thinning_65_90,20
62,2.8000000000000114,2.599999999999966,45638.0,experimental,thinning_65_90,20
63,2.4000000000000057,2.799999999999983,60190.0,experimental,thinning_65_90,20
64,2.1999999999999886,2.1999999999999886,63824.0,experimental,thinning_65_90,20
65,4.099999999999994,4.300000000000011,99842.0,experimental,thinning_65_90,20
66,2.8999999999999915,2.1000000000000085,84152.0,experimental,thinning_65_90,20
67,3.200000000000003,5.1000000000000085,101095.0,experimental,thinning_65_90,20
68,3.5999999999999943,3.9000000000000057,96591.0,experimental,thinning_65_90,20
69,4.200000000000017,5.900000000000006,96386.0,experimental,thinning_65_90,20
70,3.0,3.0999999999999943,79665.0,experimental,thinning_65_90,20
71,4.099999999999994,4.200000000000017,102154.0,experimental,thinning_65_90,20
72,2.700000000000003,4.1000000000000085,75847.0,experimental,thinning_65_90,20
73,5.300000000000011,5.300000000000011,121169.0,experimental,thinning_65_90,20
74,2.9000000000000057,6.599999999999966,83392.0,experimental,thinning_65_90,20
75,1.5,1.500000000000007,54296.0,experimental,thinning_65_90,20
76,4.399999999999977,7.100000000000023,91672.0,experimental,thinning_65_90,20
77,3.5,3.5,89950.0,experimental,thinning_65_90,20
78,4.900000000000006,5.299999999999983,107331.0,experimental,thinning_65_90,20
79,2.3000000000000114,2.3000000000000114,52971.0,experimental,thinning_65_90,20
80,4.599999999999994,4.600000000000023,103843.0,experimental,thinning_65_90,20
81,4.299999999999983,-6.3999999999999915,95034.0,experimental,thinning_65_90,20
82,3.0,3.0,76216.0,experimental,thinning_65_90,20
83,2.799999999999997,3.0999999999999943,73305.0,experimental,thinning_65_90,20
84,4.700000000000017,10.400000000000006,100213.0,experimental,thinning_65_90,20
85,3.5,3.5,68128.0,experimental,thinning_65_90,20
86,1.5,1.5,35173.0,experimental,thinning_65_90,20
87,4.0,4.0,94703.0,experimental,thinning_65_90,20
88,0.6000000000000014,0.6000000000000014,28216.0,experimental,thinning_65_90,20
89,1.5,1.5,50960.0,experimental,thinning_65_90,20
90,4.099999999999994,4.300000000000011,103092.0,experimental,thinning_65_90,20
91,3.6999999999999886,9.100000000000023,98669.0,experimental,thinning_65_90,20
92,4.599999999999994,4.699999999999989,106321.0,experimental,thinning_65_90,20
93,5.299999999999997,5.300000000000011,115278.0,experimental,thinning_65_90,20
94,4.300000000000011,6.700000000000017,102650.0,experimental,thinning_65_90,20
95,4.300000000000011,4.199999999999989,100773.0,experimental,thinning_65_90,20
96,4.0,4.1000000000000085,96062.0,experimental,thinning_65_90,20
97,1.0,1.0,38339.0,experimental,thinning_65_90,20
98,4.900000000000006,2.6000000000000227,99168.0,experimental,thinning_65_90,20
99,1.9000000000000057,1.1999999999999886,50320.0,experimental,thinning_65_90,20
100,2.5999999999999943,10.0,91107.0,experimental,thinning_65_90,20
1,0.7999999999999972,0.7000000000000028,51114.0,experimental,thinning_30_75,21
2,4.700000000000003,4.800000000000011,156540.0,experimental,thinning_30_75,21
3,6.0,9.799999999999983,184536.0,experimental,thinning_30_75,21
4,5.6000000000000085,12.100000000000009,186027.0,experimental,thinning_30_75,21
5,6.0,6.599999999999994,173964.0,experimental,thinning_30_75,21
6,5.5,7.900000000000006,167643.0,experimental,thinning_30_75,21
7,6.099999999999994,6.099999999999994,183198.0,experimental,thinning_30_75,21
8,7.200000000000017,8.5,207909.0,experimental,thinning_30_75,21
9,7.099999999999994,39.39999999999998,225740.0,experimental,thinning_30_75,21
10,7.5,59.0,220899.0,experimental,thinning_30_75,21
11,7.700000000000003,7.799999999999997,227094.0,experimental,thinning_30_75,21
12,7.0,10.399999999999977,207583.0,experimental,thinning_30_75,21
13,4.0,4.0,131659.0,experimental,thinning_30_75,21
14,7.700000000000017,21.19999999999999,219853.0,experimental,thinning_30_75,21
15,5.699999999999989,16.50000000000003,187986.0,experimental,thinning_30_75,21
16,2.799999999999997,3.200000000000003,107969.0,experimental,thinning_30_75,21
17,5.599999999999994,13.800000000000011,186367.0,experimental,thinning_30_75,21
18,4.8999999999999915,5.0,159475.0,experimental,thinning_30_75,21
19,6.5,7.0,193478.0,experimental,thinning_30_75,21
20,5.3999999999999915,8.899999999999991,169031.0,experimental,thinning_30_75,21
21,5.199999999999989,5.299999999999997,158664.0,experimental,thinning_30_75,21
22,5.400000000000006,5.399999999999977,161761.0,experimental,thinning_30_75,21
23,7.699999999999989,7.700000000000017,210866.0,experimental,thinning_30_75,21
24,5.399999999999977,6.0,157400.0,experimental,thinning_30_75,21
25,1.7999999999999972,1.9000000000000021,91931.0,experimental,thinning_30_75,21
26,6.800000000000011,21.799999999999983,226157.0,experimental,thinning_30_75,21
27,7.800000000000011,31.399999999999977,210743.0,experimental,thinning_30_75,21
28,6.799999999999983,7.0,204313.0,experimental,thinning_30_75,21
29,5.900000000000006,6.099999999999994,175999.0,experimental,thinning_30_75,21
30,5.599999999999994,-2.700000000000017,177962.0,experimental,thinning_30_75,21
31,6.599999999999994,6.100000000000023,186478.0,experimental,thinning_30_75,21
32,4.6000000000000085,4.700000000000003,140914.0,experimental,thinning_30_75,21
33,4.599999999999994,4.599999999999994,146354.0,experimental,thinning_30_75,21
34,4.599999999999994,4.799999999999997,141648.0,experimental,thinning_30_75,21
35,4.0,5.799999999999997,148324.0,experimental,thinning_30_75,21
36,4.599999999999994,5.3999999999999915,152149.0,experimental,thinning_30_75,21
37,5.0,5.099999999999994,153580.0,experimental,thinning_30_75,21
38,8.799999999999955,18.600000000000023,239572.0,experimental,thinning_30_75,21
39,6.199999999999989,7.900000000000006,209172.0,experimental,thinning_30_75,21
40,5.300000000000004,5.400000000000006,174790.0,experimental,thinning_30_75,21
41,7.0,7.200000000000003,201100.0,experimental,thinning_30_75,21
42,2.799999999999997,2.799999999999997,104910.0,experimental,thinning_30_75,21
43,5.8999999999999915,5.8999999999999915,190299.0,experimental,thinning_30_75,21
44,7.699999999999989,8.5,230514.0,experimental,thinning_30_75,21
45,3.8999999999999986,4.0,132309.0,experimental,thinning_30_75,21
46,6.100000000000023,34.599999999999966,192507.0,experimental,thinning_30_75,21
47,6.200000000000003,11.700000000000003,197081.0,experimental,thinning_30_75,21
48,5.299999999999997,5.299999999999997,166780.0,experimental,thinning_30_75,21
49,9.799999999999983,11.299999999999983,263272.0,experimental,thinning_30_75,21
50,7.200000000000017,7.700000000000017,210129.0,experimental,thinning_30_75,21
51,5.200000000000003,5.799999999999997,172702.0,experimental,thinning_30_75,21
52,7.300000000000011,12.800000000000011,222006.0,experimental,thinning_30_75,21
53,6.099999999999966,15.0,195545.0,experimental,thinning_30_75,21
54,8.600000000000023,3.900000000000034,240679.0,experimental,thinning_30_75,21
55,4.099999999999994,6.300000000000011,134548.0,experimental,thinning_30_75,21
56,6.700000000000017,6.799999999999983,195724.0,experimental,thinning_30_75,21
57,7.099999999999994,7.400000000000006,191698.0,experimental,thinning_30_75,21
58,11.099999999999994,13.0,307795.0,experimental,thinning_30_75,21
59,4.199999999999989,8.399999999999977,110988.0,experimental,thinning_30_75,21
60,5.900000000000006,6.0,171601.0,experimental,thinning_30_75,21
61,5.5,34.10000000000002,202436.0,experimental,thinning_30_75,21
62,8.0,10.5,210924.0,experimental,thinning_30_75,21
63,6.5,9.400000000000006,196610.0,experimental,thinning_30_75,21
64,4.699999999999989,4.699999999999989,150673.0,experimental,thinning_30_75,21
65,6.0,9.699999999999989,188682.0,experimental,thinning_30_75,21
66,6.099999999999994,6.799999999999997,197151.0,experimental,thinning_30_75,21
67,4.300000000000011,23.30000000000001,165733.0,experimental,thinning_30_75,21
68,4.8999999999999915,13.0,169427.0,experimental,thinning_30_75,21
69,6.900000000000006,16.900000000000006,207784.0,experimental,thinning_30_75,21
70,4.6000000000000085,4.699999999999989,147078.0,experimental,thinning_30_75,21
71,5.799999999999983,6.0,176975.0,experimental,thinning_30_75,21
72,3.8000000000000114,6.1000000000000085,138223.0,experimental,thinning_30_75,21
73,6.800000000000011,12.300000000000011,220196.0,experimental,thinning_30_75,21
74,4.5,34.5,160939.0,experimental,thinning_30_75,21
75,2.5,2.500000000000007,102465.0,experimental,thinning_30_75,21
76,6.399999999999977,16.400000000000034,189900.0,experimental,thinning_30_75,21
77,5.200000000000003,5.200000000000003,160972.0,experimental,thinning_30_75,21
78,9.700000000000017,16.899999999999977,277215.0,experimental,thinning_30_75,21
79,5.600000000000023,5.900000000000006,164174.0,experimental,thinning_30_75,21
80,7.800000000000011,11.400000000000006,219893.0,experimental,thinning_30_75,21
81,7.199999999999989,7.299999999999997,201322.0,experimental,thinning_30_75,21
82,3.9000000000000057,4.0,132750.0,experimental,thinning_30_75,21
83,4.799999999999997,5.299999999999997,162957.0,experimental,thinning_30_75,21
84,8.400000000000006,9.5,249755.0,experimental,thinning_30_75,21
85,8.900000000000006,9.400000000000006,254486.0,experimental,thinning_30_75,21
86,7.200000000000003,6.5,206595.0,experimental,thinning_30_75,21
87,6.3999999999999915,12.500000000000014,188515.0,experimental,thinning_30_75,21
88,2.3999999999999986,2.5,101583.0,experimental,thinning_30_75,21
89,2.8000000000000043,2.799999999999997,113408.0,experimental,thinning_30_75,21
90,6.900000000000006,12.0,206556.0,experimental,thinning_30_75,21
91,5.799999999999983,11.900000000000006,174868.0,experimental,thinning_30_75,21
92,7.199999999999989,8.400000000000006,209307.0,experimental,thinning_30_75,21
93,6.799999999999997,6.800000000000011,202068.0,experimental,thinning_30_75,21
94,6.199999999999989,16.900000000000006,200446.0,experimental,thinning_30_75,21
95,5.700000000000017,11.599999999999994,214499.0,experimental,thinning_30_75,21
96,5.5,5.700000000000003,168037.0,experimental,thinning_30_75,21
97,2.0,1.8999999999999986,91746.0,experimental,thinning_30_75,21
98,8.100000000000023,10.100000000000023,229862.0,experimental,thinning_30_75,21
99,6.400000000000006,7.900000000000006,193384.0,experimental,thinning_30_75,21
100,5.299999999999983,17.5,181580.0,experimental,thinning_30_75,21
1,0.4000000000000057,0.4000000000000057,36614.0,experimental,thinning_65_90,22
2,3.299999999999997,3.4000000000000057,108589.0,experimental,thinning_65_90,22
3,4.699999999999989,4.899999999999977,144776.0,experimental,thinning_65_90,22
4,3.8000000000000114,6.800000000000011,129503.0,experimental,thinning_65_90,22
5,4.299999999999983,4.299999999999983,125840.0,experimental,thinning_65_90,22
6,4.700000000000017,4.800000000000011,146962.0,experimental,thinning_65_90,22
7,4.899999999999977,4.900000000000006,142630.0,experimental,thinning_65_90,22
8,5.0,5.0,139160.0,experimental,thinning_65_90,22
9,3.9000000000000057,20.0,135131.0,experimental,thinning_65_90,22
10,6.099999999999966,24.100000000000023,174270.0,experimental,thinning_65_90,22
11,4.200000000000003,4.200000000000003,125206.0,experimental,thinning_65_90,22
12,3.5999999999999943,3.5999999999999943,114467.0,experimental,thinning_65_90,22
13,2.5,2.5,84482.0,experimental,thinning_65_90,22
14,5.800000000000011,8.400000000000006,160133.0,experimental,thinning_65_90,22
15,4.699999999999989,6.099999999999994,149412.0,experimental,thinning_65_90,22
16,1.7000000000000028,1.5,73123.0,experimental,thinning_65_90,22
17,3.4000000000000057,4.0,120967.0,experimental,thinning_65_90,22
18,3.0,3.0,94592.0,experimental,thinning_65_90,22
19,3.700000000000003,3.700000000000003,118706.0,experimental,thinning_65_90,22
20,4.0,5.5,124337.0,experimental,thinning_65_90,22
21,3.0999999999999943,3.1999999999999886,100254.0,experimental,thinning_65_90,22
22,4.400000000000006,4.399999999999977,130246.0,experimental,thinning_65_90,22
23,5.0,5.0,142114.0,experimental,thinning_65_90,22
24,4.099999999999994,4.400000000000006,119327.0,experimental,thinning_65_90,22
25,0.5999999999999979,0.6000000000000014,43872.0,experimental,thinning_65_90,22
26,5.099999999999994,5.5,152839.0,experimental,thinning_65_90,22
27,4.5,16.80000000000001,144290.0,experimental,thinning_65_90,22
28,5.5,5.5,157035.0,experimental,thinning_65_90,22
29,3.6000000000000085,3.5999999999999943,111183.0,experimental,thinning_65_90,22
30,5.099999999999994,5.0,153494.0,experimental,thinning_65_90,22
31,5.099999999999994,4.600000000000023,140001.0,experimental,thinning_65_90,22
32,3.200000000000003,3.200000000000003,102805.0,experimental,thinning_65_90,22
33,2.8999999999999915,2.8999999999999915,96441.0,experimental,thinning_65_90,22
34,3.6999999999999886,4.0,118034.0,experimental,thinning_65_90,22
35,3.0,3.1000000000000085,113770.0,experimental,thinning_65_90,22
36,3.0999999999999943,3.3999999999999915,108890.0,experimental,thinning_65_90,22
37,3.700000000000003,3.799999999999997,112632.0,experimental,thinning_65_90,22
38,6.7999999999999545,8.0,177363.0,experimental,thinning_65_90,22
39,3.5,3.5999999999999943,112015.0,experimental,thinning_65_90,22
40,1.999999999999993,2.0,75676.0,experimental,thinning_65_90,22
41,4.699999999999989,4.700000000000003,140016.0,experimental,thinning_65_90,22
42,2.299999999999997,2.299999999999997,83148.0,experimental,thinning_65_90,22
43,3.299999999999997,3.299999999999997,109185.0,experimental,thinning_65_90,22
44,5.199999999999989,5.199999999999989,152022.0,experimental,thinning_65_90,22
45,1.6000000000000014,1.6000000000000014,67390.0,experimental,thinning_65_90,22
46,4.800000000000011,15.199999999999989,153009.0,experimental,thinning_65_90,22
47,3.6000000000000085,5.1000000000000085,119984.0,experimental,thinning_65_90,22
48,2.299999999999997,2.299999999999997,81526.0,experimental,thinning_65_90,22
49,6.799999999999983,6.799999999999983,176925.0,experimental,thinning_65_90,22
50,5.0,2.5999999999999943,158853.0,experimental,thinning_65_90,22
51,2.6000000000000085,2.5999999999999943,95494.0,experimental,thinning_65_90,22
52,4.400000000000006,4.5,130357.0,experimental,thinning_65_90,22
53,4.599999999999966,1.5,147347.0,experimental,thinning_65_90,22
54,5.100000000000023,5.100000000000023,140232.0,experimental,thinning_65_90,22
55,3.0999999999999943,3.3000000000000114,103938.0,experimental,thinning_65_90,22
56,4.300000000000011,4.299999999999983,128055.0,experimental,thinning_65_90,22
57,5.299999999999983,1.8000000000000114,145900.0,experimental,thinning_65_90,22
58,5.800000000000011,5.799999999999983,161826.0,experimental,thinning_65_90,22
59,2.2999999999999545,3.1999999999999886,60060.0,experimental,thinning_65_90,22
60,2.6999999999999886,2.8000000000000114,88970.0,experimental,thinning_65_90,22
61,3.4000000000000057,13.600000000000023,121003.0,experimental,thinning_65_90,22
62,4.5,4.800000000000011,117028.0,experimental,thinning_65_90,22
63,3.5,4.199999999999989,113785.0,experimental,thinning_65_90,22
64,2.299999999999997,2.299999999999997,85422.0,experimental,thinning_65_90,22
65,4.700000000000017,5.199999999999989,143704.0,experimental,thinning_65_90,22
66,3.3999999999999915,2.9000000000000057,119816.0,experimental,thinning_65_90,22
67,3.200000000000003,10.100000000000009,131628.0,experimental,thinning_65_90,22
68,3.5999999999999943,4.700000000000003,126680.0,experimental,thinning_65_90,22
69,5.099999999999994,9.600000000000023,160277.0,experimental,thinning_65_90,22
70,3.1000000000000085,3.0999999999999943,101291.0,experimental,thinning_65_90,22
71,4.599999999999994,4.600000000000023,140987.0,experimental,thinning_65_90,22
72,2.6000000000000085,2.700000000000003,95757.0,experimental,thinning_65_90,22
73,5.800000000000011,5.900000000000006,171124.0,experimental,thinning_65_90,22
74,3.5999999999999943,14.5,134003.0,experimental,thinning_65_90,22
75,1.7000000000000028,1.6999999999999957,73511.0,experimental,thinning_65_90,22
76,5.199999999999989,5.300000000000011,141023.0,experimental,thinning_65_90,22
77,3.9000000000000057,3.9000000000000057,117730.0,experimental,thinning_65_90,22
78,6.099999999999994,6.599999999999994,171374.0,experimental,thinning_65_90,22
79,3.3000000000000114,3.4000000000000057,106114.0,experimental,thinning_65_90,22
80,5.200000000000017,6.0,148729.0,experimental,thinning_65_90,22
81,5.799999999999983,5.799999999999997,160352.0,experimental,thinning_65_90,22
82,3.1000000000000085,3.0999999999999943,109377.0,experimental,thinning_65_90,22
83,2.799999999999997,2.8999999999999915,100549.0,experimental,thinning_65_90,22
84,5.100000000000023,5.100000000000023,158986.0,experimental,thinning_65_90,22
85,5.099999999999994,5.300000000000011,138338.0,experimental,thinning_65_90,22
86,2.3999999999999915,1.7000000000000028,84823.0,experimental,thinning_65_90,22
87,4.200000000000003,4.200000000000003,127368.0,experimental,thinning_65_90,22
88,0.8000000000000043,0.7999999999999972,45963.0,experimental,thinning_65_90,22
89,1.6000000000000014,1.5999999999999943,71671.0,experimental,thinning_65_90,22
90,4.599999999999994,5.800000000000011,150025.0,experimental,thinning_65_90,22
91,4.099999999999994,8.700000000000017,128422.0,experimental,thinning_65_90,22
92,5.299999999999983,5.300000000000011,155537.0,experimental,thinning_65_90,22
93,5.700000000000003,5.700000000000017,162077.0,experimental,thinning_65_90,22
94,5.099999999999994,8.099999999999994,158365.0,experimental,thinning_65_90,22
95,4.100000000000023,5.5,148189.0,experimental,thinning_65_90,22
96,4.400000000000006,4.499999999999986,134636.0,experimental,thinning_65_90,22
97,1.2000000000000028,1.0999999999999943,61500.0,experimental,thinning_65_90,22
98,5.5,3.5,152336.0,experimental,thinning_65_90,22
99,2.799999999999983,2.9000000000000057,94691.0,experimental,thinning_65_90,22
100,3.3999999999999773,15.599999999999994,146590.0,experimental,thinning_65_90,22
1,1.0,1.0,58334.0,experimental,thinning_30_75,23
2,3.200000000000003,3.200000000000003,114227.0,experimental,thinning_30_75,23
3,3.5999999999999943,9.5,123612.0,experimental,thinning_30_75,23
4,3.4000000000000057,10.100000000000009,126781.0,experimental,thinning_30_75,23
5,3.6999999999999886,5.0,113468.0,experimental,thinning_30_75,23
6,3.4000000000000057,5.199999999999989,112238.0,experimental,thinning_30_75,23
7,4.0,4.0,131572.0,experimental,thinning_30_75,23
8,4.200000000000017,9.299999999999983,131462.0,experimental,thinning_30_75,23
9,4.400000000000006,32.299999999999955,146664.0,experimental,thinning_30_75,23
10,5.099999999999966,46.39999999999998,157285.0,experimental,thinning_30_75,23
11,4.8999999999999915,4.8999999999999915,156860.0,experimental,thinning_30_75,23
12,4.099999999999994,8.699999999999989,133109.0,experimental,thinning_30_75,23
13,2.6999999999999886,2.5999999999999943,93017.0,experimental,thinning_30_75,23
14,4.800000000000011,16.200000000000017,145128.0,experimental,thinning_30_75,23
15,3.3999999999999773,15.500000000000028,116402.0,experimental,thinning_30_75,23
16,1.8999999999999986,1.8999999999999986,85363.0,experimental,thinning_30_75,23
17,3.700000000000003,9.700000000000003,136572.0,experimental,thinning_30_75,23
18,3.0,3.0,102911.0,experimental,thinning_30_75,23
19,4.1000000000000085,4.1000000000000085,129452.0,experimental,thinning_30_75,23
20,3.299999999999997,7.000000000000014,114001.0,experimental,thinning_30_75,23
21,3.1999999999999886,3.299999999999997,105813.0,experimental,thinning_30_75,23
22,3.299999999999983,3.299999999999983,109790.0,experimental,thinning_30_75,23
23,4.599999999999994,4.599999999999994,130929.0,experimental,thinning_30_75,23
24,3.299999999999983,3.299999999999983,102153.0,experimental,thinning_30_75,23
25,1.3999999999999986,1.5,78086.0,experimental,thinning_30_75,23
26,4.199999999999989,16.899999999999977,152599.0,experimental,thinning_30_75,23
27,4.800000000000011,26.80000000000001,147769.0,experimental,thinning_30_75,23
28,4.199999999999989,5.5,137827.0,experimental,thinning_30_75,23
29,3.6000000000000085,3.6999999999999886,110635.0,experimental,thinning_30_75,23
30,3.6999999999999886,3.6999999999999886,118730.0,experimental,thinning_30_75,23
31,3.9000000000000057,3.5,118670.0,experimental,thinning_30_75,23
32,2.700000000000003,2.799999999999997,90220.0,experimental,thinning_30_75,23
33,2.8999999999999915,3.0,103742.0,experimental,thinning_30_75,23
34,2.6999999999999886,2.799999999999997,88707.0,experimental,thinning_30_75,23
35,2.700000000000003,6.900000000000006,106713.0,experimental,thinning_30_75,23
36,3.0,3.799999999999997,112159.0,experimental,thinning_30_75,23
37,3.1000000000000085,3.299999999999997,105747.0,experimental,thinning_30_75,23
38,5.399999999999977,11.899999999999977,169742.0,experimental,thinning_30_75,23
39,3.1999999999999886,12.599999999999994,134238.0,experimental,thinning_30_75,23
40,3.6000000000000014,3.5999999999999943,130532.0,experimental,thinning_30_75,23
41,4.299999999999983,4.299999999999997,127438.0,experimental,thinning_30_75,23
42,1.7999999999999972,1.7999999999999972,75251.0,experimental,thinning_30_75,23
43,3.700000000000003,3.799999999999997,134229.0,experimental,thinning_30_75,23
44,4.699999999999989,5.0,154264.0,experimental,thinning_30_75,23
45,2.6000000000000014,2.799999999999997,97071.0,experimental,thinning_30_75,23
46,3.8000000000000114,25.80000000000001,126660.0,experimental,thinning_30_75,23
47,3.9000000000000057,8.800000000000011,132879.0,experimental,thinning_30_75,23
48,3.3999999999999915,3.3999999999999915,116046.0,experimental,thinning_30_75,23
49,6.199999999999989,6.399999999999977,176366.0,experimental,thinning_30_75,23
50,4.700000000000017,5.300000000000011,146110.0,experimental,thinning_30_75,23
51,3.5,3.5999999999999943,127876.0,experimental,thinning_30_75,23
52,4.5,10.5,145634.0,experimental,thinning_30_75,23
53,3.8999999999999773,18.899999999999977,127481.0,experimental,thinning_30_75,23
54,5.400000000000034,7.800000000000011,150927.0,experimental,thinning_30_75,23
55,2.4000000000000057,7.300000000000011,91538.0,experimental,thinning_30_75,23
56,4.100000000000023,4.099999999999994,127300.0,experimental,thinning_30_75,23
57,4.299999999999983,4.300000000000011,118839.0,experimental,thinning_30_75,23
58,7.0,8.699999999999989,206529.0,experimental,thinning_30_75,23
59,2.8999999999999773,8.099999999999966,78427.0,experimental,thinning_30_75,23
60,3.5,3.5,108342.0,experimental,thinning_30_75,23
61,3.799999999999997,26.80000000000001,147115.0,experimental,thinning_30_75,23
62,4.900000000000006,6.0,131688.0,experimental,thinning_30_75,23
63,4.0,7.0,129757.0,experimental,thinning_30_75,23
64,3.0,3.0,101750.0,experimental,thinning_30_75,23
65,3.700000000000017,7.699999999999989,129300.0,experimental,thinning_30_75,23
66,3.6999999999999886,3.5,129181.0,experimental,thinning_30_75,23
67,2.700000000000003,20.700000000000003,115579.0,experimental,thinning_30_75,23
68,3.1999999999999886,12.799999999999997,123360.0,experimental,thinning_30_75,23
69,4.200000000000017,11.300000000000011,135602.0,experimental,thinning_30_75,23
70,3.0,3.0,103306.0,experimental,thinning_30_75,23
71,3.5,3.6000000000000227,116152.0,experimental,thinning_30_75,23
72,2.700000000000003,4.400000000000006,106089.0,experimental,thinning_30_75,23
73,4.300000000000011,9.800000000000011,138335.0,experimental,thinning_30_75,23
74,2.799999999999983,32.099999999999966,107897.0,experimental,thinning_30_75,23
75,1.7000000000000028,1.6999999999999957,74347.0,experimental,thinning_30_75,23
76,4.199999999999989,12.400000000000034,131172.0,experimental,thinning_30_75,23
77,3.4000000000000057,3.4000000000000057,112001.0,experimental,thinning_30_75,23
78,6.099999999999994,15.299999999999983,183736.0,experimental,thinning_30_75,23
79,3.3000000000000114,3.5999999999999943,105692.0,experimental,thinning_30_75,23
80,4.900000000000006,8.5,149186.0,experimental,thinning_30_75,23
81,4.5,4.500000000000014,134904.0,experimental,thinning_30_75,23
82,2.6000000000000085,2.5999999999999943,95502.0,experimental,thinning_30_75,23
83,3.0999999999999943,3.1999999999999886,115534.0,experimental,thinning_30_75,23
84,5.300000000000011,5.900000000000006,171947.0,experimental,thinning_30_75,23
85,5.5,7.300000000000011,170197.0,experimental,thinning_30_75,23
86,4.5,4.599999999999994,137987.0,experimental,thinning_30_75,23
87,4.0,4.0,125714.0,experimental,thinning_30_75,23
88,1.8000000000000043,1.7999999999999972,78905.0,experimental,thinning_30_75,23
89,2.0,2.0,89902.0,experimental,thinning_30_75,23
90,4.099999999999994,9.300000000000011,129484.0,experimental,thinning_30_75,23
91,3.5,7.600000000000023,115778.0,experimental,thinning_30_75,23
92,4.399999999999977,5.699999999999989,137976.0,experimental,thinning_30_75,23
93,4.299999999999997,4.300000000000011,136807.0,experimental,thinning_30_75,23
94,3.9000000000000057,12.5,137512.0,experimental,thinning_30_75,23
95,3.3000000000000114,7.599999999999994,143058.0,experimental,thinning_30_75,23
96,3.4000000000000057,3.499999999999986,113488.0,experimental,thinning_30_75,23
97,1.5,1.3999999999999986,76424.0,experimental,thinning_30_75,23
98,5.200000000000017,7.300000000000011,159081.0,experimental,thinning_30_75,23
99,3.799999999999983,4.800000000000011,126536.0,experimental,thinning_30_75,23
100,3.3999999999999773,13.800000000000011,124854.0,experimental,thinning_30_75,23
1,0.7000000000000028,0.6000000000000085,42454.0,experimental,thinning_65_90,24
2,2.0999999999999943,2.200000000000003,76102.0,experimental,thinning_65_90,24
3,2.799999999999983,3.0,94202.0,experimental,thinning_65_90,24
4,2.4000000000000057,4.5,89427.0,experimental,thinning_65_90,24
5,2.5,2.5999999999999943,77445.0,experimental,thinning_65_90,24
6,2.8000000000000114,3.1999999999999886,95021.0,experimental,thinning_65_90,24
7,3.0999999999999943,3.0999999999999943,97744.0,experimental,thinning_65_90,24
8,2.8000000000000114,2.9000000000000057,82656.0,experimental,thinning_65_90,24
9,2.4000000000000057,15.700000000000045,87072.0,experimental,thinning_65_90,24
10,4.199999999999989,18.200000000000045,126307.0,experimental,thinning_65_90,24
11,2.799999999999997,2.8999999999999915,92498.0,experimental,thinning_65_90,24
12,2.3000000000000114,2.1999999999999886,78629.0,experimental,thinning_65_90,24
13,1.5999999999999943,1.5999999999999943,56339.0,experimental,thinning_65_90,24
14,3.6000000000000227,7.0,107922.0,experimental,thinning_65_90,24
15,2.799999999999983,4.400000000000006,92088.0,experimental,thinning_65_90,24
16,1.2999999999999972,1.3000000000000043,63569.0,experimental,thinning_65_90,24
17,2.200000000000003,2.299999999999997,89805.0,experimental,thinning_65_90,24
18,1.8999999999999915,1.9000000000000057,61280.0,experimental,thinning_65_90,24
19,2.4000000000000057,2.4000000000000057,85134.0,experimental,thinning_65_90,24
20,2.5,4.0,84543.0,experimental,thinning_65_90,24
21,2.0999999999999943,2.0999999999999943,70440.0,experimental,thinning_65_90,24
22,2.5999999999999943,2.5999999999999943,84526.0,experimental,thinning_65_90,24
23,3.0,2.9000000000000057,85758.0,experimental,thinning_65_90,24
24,2.3999999999999773,2.4000000000000057,72272.0,experimental,thinning_65_90,24
25,0.5,0.6000000000000014,39967.0,experimental,thinning_65_90,24
26,3.3000000000000114,3.5999999999999943,107197.0,experimental,thinning_65_90,24
27,3.1000000000000227,11.099999999999966,105221.0,experimental,thinning_65_90,24
28,3.4000000000000057,3.4000000000000057,105692.0,experimental,thinning_65_90,24
29,2.200000000000003,2.1999999999999886,69676.0,experimental,thinning_65_90,24
30,3.0999999999999943,3.0,101787.0,experimental,thinning_65_90,24
31,2.9000000000000057,2.4000000000000057,85718.0,experimental,thinning_65_90,24
32,1.9000000000000057,1.8999999999999915,65728.0,experimental,thinning_65_90,24
33,1.7999999999999972,1.8999999999999915,67694.0,experimental,thinning_65_90,24
34,2.1999999999999886,2.299999999999997,73995.0,experimental,thinning_65_90,24
35,2.1000000000000085,2.4000000000000057,82131.0,experimental,thinning_65_90,24
36,2.0,2.0999999999999943,81003.0,experimental,thinning_65_90,24
37,2.299999999999997,2.4000000000000057,76248.0,experimental,thinning_65_90,24
38,4.099999999999966,2.3999999999999773,127806.0,experimental,thinning_65_90,24
39,2.0999999999999943,2.1999999999999886,75732.0,experimental,thinning_65_90,24
40,1.6999999999999957,1.7000000000000028,68362.0,experimental,thinning_65_90,24
41,2.799999999999983,2.700000000000003,87239.0,experimental,thinning_65_90,24
42,1.5,1.5,56699.0,experimental,thinning_65_90,24
43,2.200000000000003,2.1999999999999886,81969.0,experimental,thinning_65_90,24
44,3.299999999999983,3.299999999999983,106984.0,experimental,thinning_65_90,24
45,1.1999999999999957,1.2000000000000028,54507.0,experimental,thinning_65_90,24
46,3.0,11.199999999999989,99726.0,experimental,thinning_65_90,24
47,2.4000000000000057,4.1000000000000085,85581.0,experimental,thinning_65_90,24
48,1.5999999999999943,1.5999999999999943,62125.0,experimental,thinning_65_90,24
49,4.299999999999983,4.299999999999983,119474.0,experimental,thinning_65_90,24
50,3.200000000000017,3.200000000000017,109861.0,experimental,thinning_65_90,24
51,2.0,1.8999999999999915,77143.0,experimental,thinning_65_90,24
52,2.700000000000017,2.8000000000000114,83652.0,experimental,thinning_65_90,24
53,3.0,6.699999999999989,97537.0,experimental,thinning_65_90,24
54,3.2000000000000455,3.400000000000034,92886.0,experimental,thinning_65_90,24
55,1.8000000000000114,1.8000000000000114,66051.0,experimental,thinning_65_90,24
56,2.6000000000000227,2.5999999999999943,81398.0,experimental,thinning_65_90,24
57,3.0999999999999943,3.1000000000000227,87038.0,experimental,thinning_65_90,24
58,3.8000000000000114,3.6999999999999886,113502.0,experimental,thinning_65_90,24
59,1.5,3.1999999999999886,41027.0,experimental,thinning_65_90,24
60,1.799999999999983,1.8000000000000114,60864.0,experimental,thinning_65_90,24
61,2.4000000000000057,11.800000000000011,92134.0,experimental,thinning_65_90,24
62,2.9000000000000057,2.8000000000000114,76386.0,experimental,thinning_65_90,24
63,2.200000000000017,3.0,77315.0,experimental,thinning_65_90,24
64,1.5999999999999943,1.5999999999999943,62223.0,experimental,thinning_65_90,24
65,2.8000000000000114,3.9000000000000057,95490.0,experimental,thinning_65_90,24
66,2.1999999999999886,1.9000000000000057,83042.0,experimental,thinning_65_90,24
67,2.1000000000000085,10.0,93454.0,experimental,thinning_65_90,24
68,2.299999999999997,4.700000000000003,91920.0,experimental,thinning_65_90,24
69,3.0999999999999943,6.400000000000006,105683.0,experimental,thinning_65_90,24
70,2.1000000000000085,2.0999999999999943,73406.0,experimental,thinning_65_90,24
71,2.6999999999999886,2.8000000000000114,92171.0,experimental,thinning_65_90,24
72,1.8000000000000114,1.9000000000000057,73280.0,experimental,thinning_65_90,24
73,3.5,3.5,107786.0,experimental,thinning_65_90,24
74,2.299999999999983,13.300000000000011,90689.0,experimental,thinning_65_90,24
75,1.2000000000000028,1.1999999999999957,54497.0,experimental,thinning_65_90,24
76,3.3000000000000114,7.100000000000023,92804.0,experimental,thinning_65_90,24
77,2.4000000000000057,2.4000000000000057,78489.0,experimental,thinning_65_90,24
78,4.099999999999994,4.099999999999994,121475.0,experimental,thinning_65_90,24
79,2.0,2.0,68963.0,experimental,thinning_65_90,24
80,3.3000000000000114,4.100000000000023,100067.0,experimental,thinning_65_90,24
81,3.5,3.500000000000014,107965.0,experimental,thinning_65_90,24
82,2.1000000000000085,2.0999999999999943,80896.0,experimental,thinning_65_90,24
83,1.8999999999999915,2.0,73787.0,experimental,thinning_65_90,24
84,3.5,3.5,119759.0,experimental,thinning_65_90,24
85,3.4000000000000057,3.6000000000000227,99544.0,experimental,thinning_65_90,24
86,1.7000000000000028,1.0,67667.0,experimental,thinning_65_90,24
87,2.5999999999999943,2.6000000000000085,87109.0,experimental,thinning_65_90,24
88,0.7000000000000028,0.6999999999999957,39444.0,experimental,thinning_65_90,24
89,1.2000000000000028,1.1999999999999957,57776.0,experimental,thinning_65_90,24
90,2.700000000000017,4.400000000000006,94866.0,experimental,thinning_65_90,24
91,2.5,5.200000000000017,83766.0,experimental,thinning_65_90,24
92,3.1999999999999886,3.1999999999999886,100601.0,experimental,thinning_65_90,24
93,3.6000000000000085,3.5999999999999943,111308.0,experimental,thinning_65_90,24
94,3.0999999999999943,4.900000000000006,104467.0,experimental,thinning_65_90,24
95,2.6000000000000227,2.5999999999999943,99139.0,experimental,thinning_65_90,24
96,2.8000000000000114,2.8999999999999915,93580.0,experimental,thinning_65_90,24
97,1.0,0.8999999999999986,54138.0,experimental,thinning_65_90,24
98,3.5,1.3000000000000114,104839.0,experimental,thinning_65_90,24
99,1.6999999999999886,1.9000000000000057,65860.0,experimental,thinning_65_90,24
100,2.1999999999999886,11.099999999999994,99710.0,experimental,thinning_65_90,24
1,0.6000000000000085,0.6000000000000085,39221.0,experimental,thinning_30_75,25
2,2.799999999999997,2.9000000000000057,94097.0,experimental,thinning_30_75,25
3,3.0999999999999943,3.5,95893.0,experimental,thinning_30_75,25
4,3.3000000000000114,6.800000000000011,106188.0,experimental,thinning_30_75,25
5,3.5,3.5999999999999943,108367.0,experimental,thinning_30_75,25
6,3.0,7.900000000000006,98546.0,experimental,thinning_30_75,25
7,4.199999999999989,4.199999999999989,115139.0,experimental,thinning_30_75,25
8,4.400000000000006,7.299999999999983,120554.0,experimental,thinning_30_75,25
9,3.5999999999999943,20.100000000000023,102461.0,experimental,thinning_30_75,25
10,7.199999999999989,38.5,155434.0,experimental,thinning_30_75,25
11,5.200000000000003,5.299999999999997,120762.0,experimental,thinning_30_75,25
12,3.5,4.099999999999994,96849.0,experimental,thinning_30_75,25
13,3.1999999999999886,3.1999999999999886,96293.0,experimental,thinning_30_75,25
14,4.900000000000006,9.600000000000023,118844.0,experimental,thinning_30_75,25
15,3.6999999999999886,5.900000000000006,113838.0,experimental,thinning_30_75,25
16,2.799999999999997,2.8000000000000043,99210.0,experimental,thinning_30_75,25
17,3.200000000000003,19.5,111004.0,experimental,thinning_30_75,25
18,3.0999999999999943,3.200000000000003,97027.0,experimental,thinning_30_75,25
19,3.5,3.5,102887.0,experimental,thinning_30_75,25
20,3.0,5.6000000000000085,95859.0,experimental,thinning_30_75,25
21,3.299999999999997,3.3999999999999915,111132.0,experimental,thinning_30_75,25
22,3.299999999999983,3.299999999999983,95430.0,experimental,thinning_30_75,25
23,5.0,5.0,121393.0,experimental,thinning_30_75,25
24,3.3999999999999773,3.4000000000000057,92529.0,experimental,thinning_30_75,25
25,2.099999999999998,2.1999999999999993,94604.0,experimental,thinning_30_75,25
26,4.199999999999989,8.0,104517.0,experimental,thinning_30_75,25
27,5.300000000000011,8.0,127863.0,experimental,thinning_30_75,25
28,4.799999999999983,4.900000000000006,128786.0,experimental,thinning_30_75,25
29,3.1000000000000085,3.0999999999999943,104477.0,experimental,thinning_30_75,25
30,3.4000000000000057,3.299999999999983,105707.0,experimental,thinning_30_75,25
31,4.300000000000011,3.9000000000000057,109322.0,experimental,thinning_30_75,25
32,2.700000000000003,2.700000000000003,91554.0,experimental,thinning_30_75,25
33,2.700000000000003,2.799999999999997,95214.0,experimental,thinning_30_75,25
34,2.3999999999999915,2.5,93584.0,experimental,thinning_30_75,25
35,1.5,-7.599999999999994,91603.0,experimental,thinning_30_75,25
36,2.4000000000000057,2.5,99031.0,experimental,thinning_30_75,25
37,3.299999999999997,3.5,100900.0,experimental,thinning_30_75,25
38,6.399999999999977,7.0,126632.0,experimental,thinning_30_75,25
39,3.6999999999999886,3.799999999999983,128736.0,experimental,thinning_30_75,25
40,3.8999999999999986,3.9000000000000057,109970.0,experimental,thinning_30_75,25
41,3.0999999999999943,3.1000000000000085,104089.0,experimental,thinning_30_75,25
42,2.0,2.0,90018.0,experimental,thinning_30_75,25
43,3.700000000000003,3.6999999999999886,111979.0,experimental,thinning_30_75,25
44,4.199999999999989,4.399999999999977,116602.0,experimental,thinning_30_75,25
45,2.799999999999997,2.799999999999997,99432.0,experimental,thinning_30_75,25
46,4.2000000000000455,14.300000000000011,108216.0,experimental,thinning_30_75,25
47,3.6000000000000085,4.6000000000000085,101780.0,experimental,thinning_30_75,25
48,3.299999999999997,3.3999999999999915,105005.0,experimental,thinning_30_75,25
49,6.0,5.899999999999977,134383.0,experimental,thinning_30_75,25
50,4.200000000000017,4.900000000000006,111596.0,experimental,thinning_30_75,25
51,3.6000000000000085,3.5999999999999943,113893.0,experimental,thinning_30_75,25
52,4.800000000000011,5.400000000000006,134123.0,experimental,thinning_30_75,25
53,4.5,8.399999999999977,107353.0,experimental,thinning_30_75,25
54,5.800000000000011,10.800000000000011,127954.0,experimental,thinning_30_75,25
55,3.5,3.9000000000000057,92430.0,experimental,thinning_30_75,25
56,3.700000000000017,3.6999999999999886,104851.0,experimental,thinning_30_75,25
57,3.8999999999999773,4.0,109480.0,experimental,thinning_30_75,25
58,5.800000000000011,7.699999999999989,129181.0,experimental,thinning_30_75,25
59,4.899999999999977,6.899999999999977,102984.0,experimental,thinning_30_75,25
60,4.299999999999983,4.300000000000011,122488.0,experimental,thinning_30_75,25
61,3.299999999999997,11.900000000000006,104185.0,experimental,thinning_30_75,25
62,4.800000000000011,4.399999999999977,104598.0,experimental,thinning_30_75,25
63,3.5,4.099999999999994,101366.0,experimental,thinning_30_75,25
64,2.8999999999999915,2.8999999999999915,102027.0,experimental,thinning_30_75,25
65,3.4000000000000057,4.099999999999994,102362.0,experimental,thinning_30_75,25
66,2.5999999999999943,1.4000000000000057,100460.0,experimental,thinning_30_75,25
67,2.5,8.900000000000006,101984.0,experimental,thinning_30_75,25
68,3.1999999999999886,12.700000000000003,105967.0,experimental,thinning_30_75,25
69,4.300000000000011,7.0,126136.0,experimental,thinning_30_75,25
70,3.4000000000000057,3.5,104030.0,experimental,thinning_30_75,25
71,3.0,3.1000000000000227,97941.0,experimental,thinning_30_75,25
72,2.5,3.200000000000003,96597.0,experimental,thinning_30_75,25
73,4.400000000000006,2.5,128392.0,experimental,thinning_30_75,25
74,3.0999999999999943,16.099999999999966,101311.0,experimental,thinning_30_75,25
75,2.700000000000003,2.8999999999999986,105334.0,experimental,thinning_30_75,25
76,4.699999999999989,8.0,126410.0,experimental,thinning_30_75,25
77,4.0,4.0,114742.0,experimental,thinning_30_75,25
78,5.900000000000006,7.699999999999989,129684.0,experimental,thinning_30_75,25
79,4.600000000000023,4.699999999999989,114924.0,experimental,thinning_30_75,25
80,4.900000000000006,5.200000000000017,116213.0,experimental,thinning_30_75,25
81,4.599999999999994,4.700000000000003,129842.0,experimental,thinning_30_75,25
82,3.1000000000000085,2.200000000000003,117415.0,experimental,thinning_30_75,25
83,3.1999999999999886,3.299999999999997,111746.0,experimental,thinning_30_75,25
84,3.700000000000017,3.8000000000000114,113565.0,experimental,thinning_30_75,25
85,5.099999999999994,5.100000000000023,116158.0,experimental,thinning_30_75,25
86,3.3999999999999915,3.4000000000000057,102611.0,experimental,thinning_30_75,25
87,3.0,8.900000000000006,98499.0,experimental,thinning_30_75,25
88,2.3999999999999986,2.3999999999999986,98811.0,experimental,thinning_30_75,25
89,2.4000000000000057,2.3999999999999986,89441.0,experimental,thinning_30_75,25
90,3.5,4.5,105154.0,experimental,thinning_30_75,25
91,3.3999999999999773,4.900000000000006,104616.0,experimental,thinning_30_75,25
92,4.399999999999977,4.5,122613.0,experimental,thinning_30_75,25
93,4.6000000000000085,4.099999999999994,125989.0,experimental,thinning_30_75,25
94,4.0,7.300000000000011,112499.0,experimental,thinning_30_75,25
95,2.8000000000000114,4.0,123993.0,experimental,thinning_30_75,25
96,3.0999999999999943,3.799999999999997,105873.0,experimental,thinning_30_75,25
97,2.1000000000000014,2.0999999999999943,94472.0,experimental,thinning_30_75,25
98,4.800000000000011,4.400000000000034,105584.0,experimental,thinning_30_75,25
99,3.799999999999983,3.9000000000000057,104793.0,experimental,thinning_30_75,25
100,3.5999999999999943,7.599999999999994,108736.0,experimental,thinning_30_75,25
1,0.4000000000000057,0.29999999999999716,31868.0,experimental,thinning_65_90,26
2,2.0999999999999943,2.200000000000003,72795.0,experimental,thinning_65_90,26
3,2.5999999999999943,2.5999999999999943,82878.0,experimental,thinning_65_90,26
4,2.700000000000003,5.200000000000003,91589.0,experimental,thinning_65_90,26
5,2.5999999999999943,2.6999999999999886,91674.0,experimental,thinning_65_90,26
6,3.1000000000000227,7.800000000000011,102502.0,experimental,thinning_65_90,26
7,3.5999999999999943,3.5999999999999943,96711.0,experimental,thinning_65_90,26
8,3.6000000000000227,3.6999999999999886,97508.0,experimental,thinning_65_90,26
9,2.700000000000017,9.100000000000023,78802.0,experimental,thinning_65_90,26
10,6.199999999999989,25.299999999999955,133329.0,experimental,thinning_65_90,26
11,3.5,3.6000000000000085,85255.0,experimental,thinning_65_90,26
12,2.3000000000000114,2.299999999999983,71313.0,experimental,thinning_65_90,26
13,2.5999999999999943,2.5999999999999943,80473.0,experimental,thinning_65_90,26
14,3.5,4.600000000000023,90194.0,experimental,thinning_65_90,26
15,3.1999999999999886,3.200000000000017,100154.0,experimental,thinning_65_90,26
16,2.5,2.3999999999999986,89482.0,experimental,thinning_65_90,26
17,2.799999999999997,16.30000000000001,96245.0,experimental,thinning_65_90,26
18,2.299999999999997,2.4000000000000057,73512.0,experimental,thinning_65_90,26
19,2.1000000000000085,2.1000000000000085,75017.0,experimental,thinning_65_90,26
20,2.6000000000000085,3.200000000000003,84754.0,experimental,thinning_65_90,26
21,2.299999999999997,2.299999999999997,87998.0,experimental,thinning_65_90,26
22,3.0999999999999943,3.0999999999999943,90432.0,experimental,thinning_65_90,26
23,3.9000000000000057,3.8000000000000114,100547.0,experimental,thinning_65_90,26
24,2.8999999999999773,2.799999999999983,78649.0,experimental,thinning_65_90,26
25,1.5,1.6000000000000014,75920.0,experimental,thinning_65_90,26
26,3.0,2.8999999999999773,73811.0,experimental,thinning_65_90,26
27,4.199999999999989,-0.19999999999998863,107944.0,experimental,thinning_65_90,26
28,4.299999999999983,4.400000000000006,115205.0,experimental,thinning_65_90,26
29,2.4000000000000057,2.3999999999999915,86117.0,experimental,thinning_65_90,26
30,3.0999999999999943,2.799999999999983,103217.0,experimental,thinning_65_90,26
31,3.5,3.1000000000000227,90680.0,experimental,thinning_65_90,26
32,2.1000000000000085,2.0999999999999943,80045.0,experimental,thinning_65_90,26
33,2.0999999999999943,2.0999999999999943,78957.0,experimental,thinning_65_90,26
34,2.1999999999999886,2.299999999999997,86687.0,experimental,thinning_65_90,26
35,1.1000000000000085,-8.399999999999991,80609.0,experimental,thinning_65_90,26
36,2.299999999999997,2.299999999999997,92901.0,experimental,thinning_65_90,26
37,2.799999999999997,2.9000000000000057,87649.0,experimental,thinning_65_90,26
38,4.199999999999989,-1.8999999999999773,93341.0,experimental,thinning_65_90,26
39,2.5,2.5,95196.0,experimental,thinning_65_90,26
40,2.8999999999999986,2.9000000000000057,83689.0,experimental,thinning_65_90,26
41,2.0,2.000000000000014,80147.0,experimental,thinning_65_90,26
42,1.9000000000000057,1.9000000000000057,84962.0,experimental,thinning_65_90,26
43,2.799999999999997,2.799999999999997,87852.0,experimental,thinning_65_90,26
44,3.0999999999999943,3.0,87792.0,experimental,thinning_65_90,26
45,2.299999999999997,2.299999999999997,86220.0,experimental,thinning_65_90,26
46,3.6000000000000227,6.899999999999977,90967.0,experimental,thinning_65_90,26
47,2.6000000000000085,2.9000000000000057,78441.0,experimental,thinning_65_90,26
48,2.3999999999999915,2.3999999999999915,80883.0,experimental,thinning_65_90,26
49,3.8999999999999773,-3.4000000000000057,104658.0,experimental,thinning_65_90,26
50,3.200000000000017,3.9000000000000057,99211.0,experimental,thinning_65_90,26
51,2.6000000000000085,2.5999999999999943,88150.0,experimental,thinning_65_90,26
52,3.3000000000000114,3.4000000000000057,97760.0,experimental,thinning_65_90,26
53,3.8999999999999773,4.899999999999977,91361.0,experimental,thinning_65_90,26
54,4.0,14.5,92126.0,experimental,thinning_65_90,26
55,3.0,3.0999999999999943,80827.0,experimental,thinning_65_90,26
56,2.6000000000000227,2.5999999999999943,79640.0,experimental,thinning_65_90,26
57,3.0,3.1000000000000227,97838.0,experimental,thinning_65_90,26
58,3.5,3.5999999999999943,82948.0,experimental,thinning_65_90,26
59,3.099999999999966,3.3000000000000114,71822.0,experimental,thinning_65_90,26
60,3.0,3.1000000000000227,93256.0,experimental,thinning_65_90,26
61,2.299999999999997,6.0,80714.0,experimental,thinning_65_90,26
62,3.5,3.099999999999966,77112.0,experimental,thinning_65_90,26
63,2.3000000000000114,2.5,74760.0,experimental,thinning_65_90,26
64,2.0999999999999943,2.0999999999999943,82644.0,experimental,thinning_65_90,26
65,2.9000000000000057,2.9000000000000057,87394.0,experimental,thinning_65_90,26
66,2.0999999999999943,0.7000000000000028,84904.0,experimental,thinning_65_90,26
67,2.200000000000003,4.0,91744.0,experimental,thinning_65_90,26
68,2.299999999999997,10.200000000000003,84994.0,experimental,thinning_65_90,26
69,3.700000000000017,4.600000000000023,110210.0,experimental,thinning_65_90,26
70,3.0,3.0,93946.0,experimental,thinning_65_90,26
71,2.5,2.5,84300.0,experimental,thinning_65_90,26
72,2.1000000000000085,2.200000000000003,83509.0,experimental,thinning_65_90,26
73,3.5999999999999943,1.4000000000000057,108211.0,experimental,thinning_65_90,26
74,2.6999999999999886,6.399999999999977,92359.0,experimental,thinning_65_90,26
75,2.0999999999999943,2.1000000000000014,89863.0,experimental,thinning_65_90,26
76,3.1999999999999886,5.800000000000011,96535.0,experimental,thinning_65_90,26
77,3.700000000000003,3.700000000000003,105934.0,experimental,thinning_65_90,26
78,4.200000000000017,4.5,94923.0,experimental,thinning_65_90,26
79,3.3000000000000114,3.3000000000000114,89074.0,experimental,thinning_65_90,26
80,3.5999999999999943,3.6000000000000227,90310.0,experimental,thinning_65_90,26
81,3.5999999999999943,3.700000000000003,111486.0,experimental,thinning_65_90,26
82,2.3000000000000114,2.4000000000000057,102302.0,experimental,thinning_65_90,26
83,2.299999999999997,2.3999999999999915,83620.0,experimental,thinning_65_90,26
84,3.4000000000000057,9.0,97427.0,experimental,thinning_65_90,26
85,3.200000000000017,3.1000000000000227,74482.0,experimental,thinning_65_90,26
86,2.0999999999999943,1.0999999999999943,75651.0,experimental,thinning_65_90,26
87,2.200000000000003,2.299999999999997,80602.0,experimental,thinning_65_90,26
88,1.7000000000000028,1.6999999999999957,76812.0,experimental,thinning_65_90,26
89,1.8000000000000043,1.7999999999999972,70044.0,experimental,thinning_65_90,26
90,2.5,2.700000000000017,84039.0,experimental,thinning_65_90,26
91,2.8999999999999773,3.9000000000000057,93019.0,experimental,thinning_65_90,26
92,3.1999999999999886,3.1999999999999886,97453.0,experimental,thinning_65_90,26
93,3.999999999999986,3.5,111788.0,experimental,thinning_65_90,26
94,3.3000000000000114,3.9000000000000057,93792.0,experimental,thinning_65_90,26
95,2.3000000000000114,2.299999999999983,103385.0,experimental,thinning_65_90,26
96,3.0,3.200000000000003,100612.0,experimental,thinning_65_90,26
97,1.7000000000000028,1.5999999999999943,79540.0,experimental,thinning_65_90,26
98,3.5,0.30000000000001137,78190.0,experimental,thinning_65_90,26
99,2.5,2.5999999999999943,77134.0,experimental,thinning_65_90,26
100,2.1999999999999886,5.900000000000006,92269.0,experimental,thinning_65_90,26
1,4.900000000000006,4.799999999999997,210718.0,experimental,thinning_30_75,27
2,13.0,12.400000000000006,396383.0,experimental,thinning_30_75,27
3,12.400000000000006,16.099999999999994,373874.0,experimental,thinning_30_75,27
4,12.300000000000011,18.400000000000006,388971.0,experimental,thinning_30_75,27
5,11.5,11.5,364394.0,experimental,thinning_30_75,27
6,11.300000000000011,22.400000000000006,364610.0,experimental,thinning_30_75,27
7,16.19999999999999,17.80000000000001,441978.0,experimental,thinning_30_75,27
8,13.5,24.599999999999994,386466.0,experimental,thinning_30_75,27
9,13.400000000000006,65.70000000000005,390726.0,experimental,thinning_30_75,27
10,19.599999999999966,82.20000000000005,483778.0,experimental,thinning_30_75,27
11,19.999999999999986,20.200000000000003,511362.0,experimental,thinning_30_75,27
12,13.199999999999989,15.799999999999983,378551.0,experimental,thinning_30_75,27
13,10.0,10.0,300156.0,experimental,thinning_30_75,27
14,15.300000000000011,31.100000000000023,417636.0,experimental,thinning_30_75,27
15,11.299999999999983,23.00000000000003,364560.0,experimental,thinning_30_75,27
16,11.0,11.100000000000001,357583.0,experimental,thinning_30_75,27
17,12.800000000000011,30.69999999999999,415447.0,experimental,thinning_30_75,27
18,10.099999999999994,10.200000000000003,305143.0,experimental,thinning_30_75,27
19,11.5,11.5,356324.0,experimental,thinning_30_75,27
20,11.399999999999991,12.799999999999997,353885.0,experimental,thinning_30_75,27
21,10.699999999999989,11.199999999999989,352819.0,experimental,thinning_30_75,27
22,11.699999999999989,11.699999999999989,347596.0,experimental,thinning_30_75,27
23,15.0,15.099999999999994,398304.0,experimental,thinning_30_75,27
24,9.699999999999989,10.0,288439.0,experimental,thinning_30_75,27
25,7.5,7.599999999999998,297464.0,experimental,thinning_30_75,27
26,15.199999999999989,29.5,420117.0,experimental,thinning_30_75,27
27,18.19999999999999,44.80000000000001,478383.0,experimental,thinning_30_75,27
28,18.5,24.599999999999994,517189.0,experimental,thinning_30_75,27
29,11.0,10.899999999999991,349214.0,experimental,thinning_30_75,27
30,12.300000000000011,13.199999999999989,378519.0,experimental,thinning_30_75,27
31,13.199999999999989,13.600000000000023,365110.0,experimental,thinning_30_75,27
32,9.0,9.0,296208.0,experimental,thinning_30_75,27
33,10.399999999999991,10.5,341177.0,experimental,thinning_30_75,27
34,8.599999999999994,8.699999999999989,303250.0,experimental,thinning_30_75,27
35,8.300000000000011,-0.7000000000000028,337281.0,experimental,thinning_30_75,27
36,10.299999999999997,10.700000000000003,370383.0,experimental,thinning_30_75,27
37,12.0,12.199999999999989,358083.0,experimental,thinning_30_75,27
38,18.5,18.69999999999999,498894.0,experimental,thinning_30_75,27
39,13.5,23.0,465703.0,experimental,thinning_30_75,27
40,14.300000000000004,14.400000000000006,398779.0,experimental,thinning_30_75,27
41,11.5,11.899999999999991,374102.0,experimental,thinning_30_75,27
42,7.5,7.400000000000006,295920.0,experimental,thinning_30_75,27
43,13.700000000000003,13.699999999999989,408480.0,experimental,thinning_30_75,27
44,15.0,17.69999999999999,437852.0,experimental,thinning_30_75,27
45,10.499999999999993,10.900000000000006,349448.0,experimental,thinning_30_75,27
46,13.800000000000011,42.80000000000001,383663.0,experimental,thinning_30_75,27
47,14.200000000000003,19.400000000000006,414719.0,experimental,thinning_30_75,27
48,12.799999999999997,12.899999999999991,385649.0,experimental,thinning_30_75,27
49,19.299999999999983,23.899999999999977,497716.0,experimental,thinning_30_75,27
50,15.800000000000011,40.099999999999994,445285.0,experimental,thinning_30_75,27
51,13.799999999999997,13.899999999999991,426257.0,experimental,thinning_30_75,27
52,14.300000000000011,23.5,430687.0,experimental,thinning_30_75,27
53,12.800000000000011,31.0,346673.0,experimental,thinning_30_75,27
54,20.30000000000001,21.0,500404.0,experimental,thinning_30_75,27
55,12.5,16.900000000000006,343158.0,experimental,thinning_30_75,27
56,13.400000000000006,13.400000000000006,390744.0,experimental,thinning_30_75,27
57,13.299999999999983,17.200000000000017,393108.0,experimental,thinning_30_75,27
58,19.900000000000006,25.799999999999983,497778.0,experimental,thinning_30_75,27
59,14.299999999999955,18.099999999999966,354410.0,experimental,thinning_30_75,27
60,14.199999999999989,19.400000000000006,429859.0,experimental,thinning_30_75,27
61,13.5,38.0,413198.0,experimental,thinning_30_75,27
62,15.199999999999989,-21.5,404422.0,experimental,thinning_30_75,27
63,12.900000000000006,14.199999999999989,379298.0,experimental,thinning_30_75,27
64,10.299999999999997,10.299999999999997,337475.0,experimental,thinning_30_75,27
65,12.5,14.099999999999994,379922.0,experimental,thinning_30_75,27
66,11.5,10.200000000000003,379030.0,experimental,thinning_30_75,27
67,10.200000000000003,32.0,369450.0,experimental,thinning_30_75,27
68,12.0,28.30000000000001,399893.0,experimental,thinning_30_75,27
69,15.400000000000006,22.900000000000006,456046.0,experimental,thinning_30_75,27
70,12.0,12.0,358266.0,experimental,thinning_30_75,27
71,10.5,10.700000000000017,341351.0,experimental,thinning_30_75,27
72,10.0,11.100000000000009,347955.0,experimental,thinning_30_75,27
73,16.19999999999999,22.80000000000001,457892.0,experimental,thinning_30_75,27
74,11.099999999999994,56.69999999999999,361637.0,experimental,thinning_30_75,27
75,9.799999999999997,6.800000000000004,349013.0,experimental,thinning_30_75,27
76,14.699999999999989,9.800000000000011,462358.0,experimental,thinning_30_75,27
77,13.799999999999997,13.900000000000006,401019.0,experimental,thinning_30_75,27
78,18.700000000000017,26.399999999999977,476976.0,experimental,thinning_30_75,27
79,12.800000000000011,13.899999999999977,369676.0,experimental,thinning_30_75,27
80,17.400000000000006,23.200000000000017,450979.0,experimental,thinning_30_75,27
81,16.0,17.10000000000001,471075.0,experimental,thinning_30_75,27
82,10.700000000000003,10.700000000000003,387136.0,experimental,thinning_30_75,27
83,12.299999999999997,12.199999999999989,404990.0,experimental,thinning_30_75,27
84,16.30000000000001,21.100000000000023,480620.0,experimental,thinning_30_75,27
85,17.30000000000001,22.200000000000017,456377.0,experimental,thinning_30_75,27
86,13.600000000000009,13.699999999999989,412591.0,experimental,thinning_30_75,27
87,11.200000000000003,17.10000000000001,360521.0,experimental,thinning_30_75,27
88,8.5,8.5,311740.0,experimental,thinning_30_75,27
89,8.600000000000001,8.5,302982.0,experimental,thinning_30_75,27
90,12.099999999999994,19.400000000000006,373423.0,experimental,thinning_30_75,27
91,12.299999999999983,14.100000000000023,365403.0,experimental,thinning_30_75,27
92,14.799999999999983,16.599999999999994,434457.0,experimental,thinning_30_75,27
93,16.200000000000003,16.700000000000017,459445.0,experimental,thinning_30_75,27
94,13.800000000000011,21.700000000000017,414200.0,experimental,thinning_30_75,27
95,13.700000000000017,14.699999999999989,492917.0,experimental,thinning_30_75,27
96,12.599999999999994,12.700000000000003,396869.0,experimental,thinning_30_75,27
97,8.5,8.199999999999996,320260.0,experimental,thinning_30_75,27
98,15.900000000000034,19.5,400558.0,experimental,thinning_30_75,27
99,15.799999999999983,16.19999999999999,435838.0,experimental,thinning_30_75,27
100,14.399999999999977,27.200000000000017,409699.0,experimental,thinning_30_75,27
1,3.5,3.4000000000000057,169884.0,experimental,thinning_65_90,28
2,9.599999999999994,9.0,302470.0,experimental,thinning_65_90,28
3,10.099999999999994,10.399999999999977,315419.0,experimental,thinning_65_90,28
4,9.600000000000009,11.700000000000003,317326.0,experimental,thinning_65_90,28
5,8.599999999999994,8.599999999999994,288766.0,experimental,thinning_65_90,28
6,9.700000000000017,15.599999999999994,330220.0,experimental,thinning_65_90,28
7,12.599999999999994,12.599999999999994,346770.0,experimental,thinning_65_90,28
8,10.200000000000017,11.0,296187.0,experimental,thinning_65_90,28
9,9.400000000000006,21.5,293372.0,experimental,thinning_65_90,28
10,17.099999999999966,46.700000000000045,418564.0,experimental,thinning_65_90,28
11,15.399999999999991,15.499999999999986,399284.0,experimental,thinning_65_90,28
12,9.800000000000011,9.799999999999983,297497.0,experimental,thinning_65_90,28
13,7.5,7.3999999999999915,231725.0,experimental,thinning_65_90,28
14,11.0,15.100000000000023,314313.0,experimental,thinning_65_90,28
15,10.199999999999989,11.800000000000011,332722.0,experimental,thinning_65_90,28
16,9.299999999999997,9.199999999999996,311634.0,experimental,thinning_65_90,28
17,10.5,23.80000000000001,345916.0,experimental,thinning_65_90,28
18,7.0,7.1000000000000085,218488.0,experimental,thinning_65_90,28
19,8.0,8.0,273772.0,experimental,thinning_65_90,28
20,9.200000000000003,9.299999999999997,291725.0,experimental,thinning_65_90,28
21,8.199999999999989,8.199999999999989,290361.0,experimental,thinning_65_90,28
22,9.699999999999989,9.799999999999983,296393.0,experimental,thinning_65_90,28
23,11.5,11.5,314543.0,experimental,thinning_65_90,28
24,7.699999999999989,7.799999999999983,235150.0,experimental,thinning_65_90,28
25,5.299999999999997,5.400000000000002,229361.0,experimental,thinning_65_90,28
26,11.900000000000006,13.0,321492.0,experimental,thinning_65_90,28
27,15.399999999999977,27.599999999999966,420645.0,experimental,thinning_65_90,28
28,15.900000000000006,16.0,450517.0,experimental,thinning_65_90,28
29,8.300000000000011,8.199999999999989,281331.0,experimental,thinning_65_90,28
30,10.400000000000006,10.5,342680.0,experimental,thinning_65_90,28
31,10.800000000000011,10.200000000000017,301441.0,experimental,thinning_65_90,28
32,7.200000000000003,7.200000000000003,251294.0,experimental,thinning_65_90,28
33,7.599999999999994,7.699999999999989,265870.0,experimental,thinning_65_90,28
34,7.3999999999999915,7.5,270748.0,experimental,thinning_65_90,28
35,6.200000000000003,-3.200000000000003,277251.0,experimental,thinning_65_90,28
36,8.299999999999997,8.399999999999991,314360.0,experimental,thinning_65_90,28
37,9.700000000000003,9.900000000000006,298018.0,experimental,thinning_65_90,28
38,14.399999999999977,2.6000000000000227,395253.0,experimental,thinning_65_90,28
39,9.5,9.400000000000006,342774.0,experimental,thinning_65_90,28
40,10.100000000000001,10.099999999999994,290362.0,experimental,thinning_65_90,28
41,8.199999999999989,8.100000000000009,291140.0,experimental,thinning_65_90,28
42,6.400000000000006,6.400000000000006,257259.0,experimental,thinning_65_90,28
43,10.5,10.5,322604.0,experimental,thinning_65_90,28
44,11.799999999999983,11.699999999999989,344606.0,experimental,thinning_65_90,28
45,8.299999999999997,8.299999999999997,288736.0,experimental,thinning_65_90,28
46,11.700000000000045,18.19999999999999,329187.0,experimental,thinning_65_90,28
47,10.800000000000011,12.400000000000006,326705.0,experimental,thinning_65_90,28
48,9.200000000000003,9.299999999999997,293456.0,experimental,thinning_65_90,28
49,14.799999999999983,15.699999999999989,396818.0,experimental,thinning_65_90,28
50,12.300000000000011,20.80000000000001,388070.0,experimental,thinning_65_90,28
51,9.5,9.599999999999994,308998.0,experimental,thinning_65_90,28
52,10.400000000000006,10.5,312754.0,experimental,thinning_65_90,28
53,11.0,17.0,298169.0,experimental,thinning_65_90,28
54,16.600000000000023,12.900000000000034,419959.0,experimental,thinning_65_90,28
55,10.599999999999994,11.099999999999994,295702.0,experimental,thinning_65_90,28
56,9.700000000000017,9.699999999999989,298136.0,experimental,thinning_65_90,28
57,10.199999999999989,11.400000000000006,328812.0,experimental,thinning_65_90,28
58,13.300000000000011,13.799999999999983,338534.0,experimental,thinning_65_90,28
59,9.899999999999977,11.899999999999977,258231.0,experimental,thinning_65_90,28
60,11.0,11.0,342845.0,experimental,thinning_65_90,28
61,9.400000000000006,19.30000000000001,299653.0,experimental,thinning_65_90,28
62,11.400000000000006,-30.900000000000006,313960.0,experimental,thinning_65_90,28
63,9.300000000000011,10.0,289330.0,experimental,thinning_65_90,28
64,7.599999999999994,7.599999999999994,267179.0,experimental,thinning_65_90,28
65,10.099999999999994,10.5,316852.0,experimental,thinning_65_90,28
66,8.599999999999994,7.200000000000003,297276.0,experimental,thinning_65_90,28
67,8.5,17.900000000000006,322594.0,experimental,thinning_65_90,28
68,9.5,19.799999999999997,331628.0,experimental,thinning_65_90,28
69,13.400000000000006,16.30000000000001,405440.0,experimental,thinning_65_90,28
70,9.799999999999997,9.799999999999997,301536.0,experimental,thinning_65_90,28
71,8.599999999999994,8.700000000000017,289583.0,experimental,thinning_65_90,28
72,7.800000000000011,7.900000000000006,282787.0,experimental,thinning_65_90,28
73,13.599999999999994,14.400000000000006,385778.0,experimental,thinning_65_90,28
74,9.699999999999989,22.19999999999999,327742.0,experimental,thinning_65_90,28
75,7.900000000000006,7.800000000000004,287348.0,experimental,thinning_65_90,28
76,11.099999999999966,15.5,348846.0,experimental,thinning_65_90,28
77,11.5,11.5,336134.0,experimental,thinning_65_90,28
78,14.400000000000006,14.699999999999989,373226.0,experimental,thinning_65_90,28
79,10.400000000000006,10.599999999999994,312258.0,experimental,thinning_65_90,28
80,14.099999999999994,16.100000000000023,370873.0,experimental,thinning_65_90,28
81,13.699999999999989,22.000000000000014,408335.0,experimental,thinning_65_90,28
82,9.0,9.0,349611.0,experimental,thinning_65_90,28
83,8.299999999999997,8.399999999999991,289857.0,experimental,thinning_65_90,28
84,13.800000000000011,14.700000000000017,410933.0,experimental,thinning_65_90,28
85,12.200000000000017,12.200000000000017,325336.0,experimental,thinning_65_90,28
86,8.799999999999997,8.599999999999994,301695.0,experimental,thinning_65_90,28
87,8.600000000000009,14.500000000000014,292999.0,experimental,thinning_65_90,28
88,5.700000000000003,5.799999999999997,230739.0,experimental,thinning_65_90,28
89,6.0,6.0,222518.0,experimental,thinning_65_90,28
90,9.800000000000011,12.099999999999994,317208.0,experimental,thinning_65_90,28
91,10.399999999999977,11.700000000000017,317038.0,experimental,thinning_65_90,28
92,11.699999999999989,11.800000000000011,353525.0,experimental,thinning_65_90,28
93,14.200000000000003,14.300000000000011,404418.0,experimental,thinning_65_90,28
94,11.5,13.799999999999983,351882.0,experimental,thinning_65_90,28
95,10.700000000000017,11.799999999999983,401693.0,experimental,thinning_65_90,28
96,11.099999999999994,11.200000000000003,357156.0,experimental,thinning_65_90,28
97,6.600000000000001,6.299999999999997,263423.0,experimental,thinning_65_90,28
98,11.800000000000011,10.900000000000034,298162.0,experimental,thinning_65_90,28
99,11.599999999999994,11.699999999999989,334407.0,experimental,thinning_65_90,28
100,11.0,21.099999999999994,347573.0,experimental,thinning_65_90,28
1,3.200000000000003,3.200000000000003,172430.0,experimental,thinning_30_75,29
2,8.599999999999994,8.5,287000.0,experimental,thinning_30_75,29
3,8.0,8.0,277974.0,experimental,thinning_30_75,29
4,9.100000000000009,10.300000000000011,315870.0,experimental,thinning_30_75,29
5,9.0,8.899999999999977,322260.0,experimental,thinning_30_75,29
6,7.900000000000006,12.599999999999994,288692.0,experimental,thinning_30_75,29
7,11.699999999999989,11.699999999999989,341632.0,experimental,thinning_30_75,29
8,11.5,1.6999999999999886,332650.0,experimental,thinning_30_75,29
9,10.599999999999994,21.600000000000023,326828.0,experimental,thinning_30_75,29
10,19.599999999999966,65.5,539806.0,experimental,thinning_30_75,29
11,11.899999999999991,11.999999999999986,328426.0,experimental,thinning_30_75,29
12,10.400000000000006,11.0,317523.0,experimental,thinning_30_75,29
13,9.199999999999989,9.199999999999989,287297.0,experimental,thinning_30_75,29
14,12.800000000000011,16.200000000000017,367460.0,experimental,thinning_30_75,29
15,10.099999999999994,10.900000000000006,336381.0,experimental,thinning_30_75,29
16,9.900000000000006,9.899999999999999,333654.0,experimental,thinning_30_75,29
17,8.699999999999989,23.30000000000001,322889.0,experimental,thinning_30_75,29
18,8.599999999999994,8.600000000000009,273056.0,experimental,thinning_30_75,29
19,9.0,8.900000000000006,304530.0,experimental,thinning_30_75,29
20,7.700000000000003,7.799999999999997,275473.0,experimental,thinning_30_75,29
21,8.899999999999991,8.899999999999991,326000.0,experimental,thinning_30_75,29
22,9.199999999999989,9.199999999999989,297554.0,experimental,thinning_30_75,29
23,12.400000000000006,12.300000000000011,347610.0,experimental,thinning_30_75,29
24,8.199999999999989,7.900000000000006,261943.0,experimental,thinning_30_75,29
25,7.600000000000001,7.699999999999999,310105.0,experimental,thinning_30_75,29
26,11.699999999999989,11.699999999999989,321519.0,experimental,thinning_30_75,29
27,15.300000000000011,28.0,431276.0,experimental,thinning_30_75,29
28,13.099999999999994,9.5,390586.0,experimental,thinning_30_75,29
29,8.700000000000003,8.399999999999991,317044.0,experimental,thinning_30_75,29
30,8.699999999999989,8.399999999999977,303468.0,experimental,thinning_30_75,29
31,10.900000000000006,10.700000000000017,318618.0,experimental,thinning_30_75,29
32,7.700000000000003,7.700000000000003,278372.0,experimental,thinning_30_75,29
33,7.599999999999994,7.699999999999989,286675.0,experimental,thinning_30_75,29
34,6.699999999999989,6.599999999999994,277392.0,experimental,thinning_30_75,29
35,5.5,-3.700000000000003,292225.0,experimental,thinning_30_75,29
36,6.700000000000003,6.599999999999994,298451.0,experimental,thinning_30_75,29
37,9.299999999999997,9.400000000000006,305125.0,experimental,thinning_30_75,29
38,16.099999999999966,16.69999999999999,427099.0,experimental,thinning_30_75,29
39,10.099999999999994,9.799999999999983,385544.0,experimental,thinning_30_75,29
40,11.100000000000001,11.200000000000003,324860.0,experimental,thinning_30_75,29
41,8.599999999999994,8.299999999999997,323475.0,experimental,thinning_30_75,29
42,6.400000000000006,6.200000000000003,286003.0,experimental,thinning_30_75,29
43,9.700000000000003,9.699999999999989,319571.0,experimental,thinning_30_75,29
44,11.900000000000006,12.199999999999989,359432.0,experimental,thinning_30_75,29
45,8.800000000000004,8.799999999999997,320211.0,experimental,thinning_30_75,29
46,11.100000000000023,25.19999999999999,332455.0,experimental,thinning_30_75,29
47,9.700000000000003,9.700000000000003,310878.0,experimental,thinning_30_75,29
48,9.700000000000003,9.700000000000003,322867.0,experimental,thinning_30_75,29
49,14.799999999999983,14.799999999999983,411933.0,experimental,thinning_30_75,29
50,9.800000000000011,10.599999999999994,317981.0,experimental,thinning_30_75,29
51,11.100000000000009,11.099999999999994,365005.0,experimental,thinning_30_75,29
52,12.800000000000011,13.300000000000011,388320.0,experimental,thinning_30_75,29
53,12.0,14.099999999999966,334809.0,experimental,thinning_30_75,29
54,13.900000000000034,9.800000000000011,366919.0,experimental,thinning_30_75,29
55,11.0,11.700000000000017,306478.0,experimental,thinning_30_75,29
56,11.100000000000023,11.099999999999994,346258.0,experimental,thinning_30_75,29
57,9.799999999999983,9.400000000000006,319048.0,experimental,thinning_30_75,29
58,13.099999999999994,13.0,341971.0,experimental,thinning_30_75,29
59,15.699999999999989,18.19999999999999,389985.0,experimental,thinning_30_75,29
60,10.5,10.400000000000006,354453.0,experimental,thinning_30_75,29
61,10.200000000000003,14.100000000000023,321693.0,experimental,thinning_30_75,29
62,12.199999999999989,12.099999999999966,334862.0,experimental,thinning_30_75,29
63,10.200000000000017,10.0,322090.0,experimental,thinning_30_75,29
64,8.299999999999997,8.299999999999997,307842.0,experimental,thinning_30_75,29
65,9.5,9.300000000000011,310793.0,experimental,thinning_30_75,29
66,7.299999999999997,7.700000000000003,291801.0,experimental,thinning_30_75,29
67,8.0,12.0,311683.0,experimental,thinning_30_75,29
68,9.5,17.099999999999994,335606.0,experimental,thinning_30_75,29
69,11.700000000000017,13.200000000000017,378574.0,experimental,thinning_30_75,29
70,10.400000000000006,10.299999999999997,328428.0,experimental,thinning_30_75,29
71,8.199999999999989,8.300000000000011,294863.0,experimental,thinning_30_75,29
72,8.200000000000003,8.299999999999997,313966.0,experimental,thinning_30_75,29
73,12.0,12.400000000000006,364771.0,experimental,thinning_30_75,29
74,10.299999999999983,35.19999999999999,347969.0,experimental,thinning_30_75,29
75,8.799999999999997,5.600000000000001,334799.0,experimental,thinning_30_75,29
76,13.099999999999966,18.100000000000023,416334.0,experimental,thinning_30_75,29
77,11.0,11.0,339402.0,experimental,thinning_30_75,29
78,13.900000000000006,22.0,369379.0,experimental,thinning_30_75,29
79,13.200000000000017,13.199999999999989,383575.0,experimental,thinning_30_75,29
80,12.5,12.600000000000023,346085.0,experimental,thinning_30_75,29
81,12.5,12.299999999999997,401336.0,experimental,thinning_30_75,29
82,8.5,8.400000000000006,354317.0,experimental,thinning_30_75,29
83,9.599999999999994,8.799999999999997,339689.0,experimental,thinning_30_75,29
84,9.300000000000011,9.300000000000011,323283.0,experimental,thinning_30_75,29
85,13.800000000000011,13.5,372540.0,experimental,thinning_30_75,29
86,8.799999999999997,8.400000000000006,325881.0,experimental,thinning_30_75,29
87,7.799999999999997,7.799999999999997,297111.0,experimental,thinning_30_75,29
88,8.100000000000001,8.100000000000001,312900.0,experimental,thinning_30_75,29
89,7.400000000000006,7.399999999999999,278583.0,experimental,thinning_30_75,29
90,8.800000000000011,8.700000000000017,292850.0,experimental,thinning_30_75,29
91,9.599999999999994,9.5,305210.0,experimental,thinning_30_75,29
92,12.399999999999977,12.400000000000006,379405.0,experimental,thinning_30_75,29
93,11.499999999999986,11.5,361026.0,experimental,thinning_30_75,29
94,11.099999999999994,14.700000000000017,357830.0,experimental,thinning_30_75,29
95,8.400000000000006,8.099999999999994,369949.0,experimental,thinning_30_75,29
96,9.0,10.899999999999991,329682.0,experimental,thinning_30_75,29
97,7.899999999999999,7.399999999999999,315265.0,experimental,thinning_30_75,29
98,11.100000000000023,11.200000000000045,304244.0,experimental,thinning_30_75,29
99,11.099999999999994,11.199999999999989,333030.0,experimental,thinning_30_75,29
100,12.5,14.599999999999994,365464.0,experimental,thinning_30_75,29
1,2.299999999999997,2.200000000000003,141800.0,experimental,thinning_65_90,30
2,6.5,6.5,229937.0,experimental,thinning_65_90,30
3,7.299999999999983,7.299999999999983,250250.0,experimental,thinning_65_90,30
4,7.900000000000006,9.100000000000009,278459.0,experimental,thinning_65_90,30
5,7.099999999999994,7.0,266986.0,experimental,thinning_65_90,30
6,8.200000000000017,12.900000000000006,298792.0,experimental,thinning_65_90,30
7,10.199999999999989,10.300000000000011,298606.0,experimental,thinning_65_90,30
8,9.700000000000017,9.699999999999989,284282.0,experimental,thinning_65_90,30
9,8.400000000000006,4.7999999999999545,270467.0,experimental,thinning_65_90,30
10,17.0,41.799999999999955,469144.0,experimental,thinning_65_90,30
11,9.600000000000009,9.700000000000003,272192.0,experimental,thinning_65_90,30
12,8.599999999999994,8.599999999999994,271592.0,experimental,thinning_65_90,30
13,7.8999999999999915,7.699999999999989,245936.0,experimental,thinning_65_90,30
14,9.800000000000011,9.900000000000006,288862.0,experimental,thinning_65_90,30
15,8.899999999999977,8.700000000000017,302986.0,experimental,thinning_65_90,30
16,9.099999999999994,9.199999999999996,310260.0,experimental,thinning_65_90,30
17,7.699999999999989,21.400000000000006,288956.0,experimental,thinning_65_90,30
18,7.099999999999994,7.200000000000003,228379.0,experimental,thinning_65_90,30
19,6.5,6.400000000000006,241144.0,experimental,thinning_65_90,30
20,6.500000000000014,6.500000000000014,238101.0,experimental,thinning_65_90,30
21,7.599999999999994,7.599999999999994,290482.0,experimental,thinning_65_90,30
22,8.599999999999994,8.599999999999994,274474.0,experimental,thinning_65_90,30
23,10.400000000000006,10.400000000000006,294998.0,experimental,thinning_65_90,30
24,7.599999999999994,7.400000000000006,236866.0,experimental,thinning_65_90,30
25,6.399999999999999,6.5000000000000036,267209.0,experimental,thinning_65_90,30
26,8.599999999999994,8.5,246973.0,experimental,thinning_65_90,30
27,13.199999999999989,15.199999999999989,381848.0,experimental,thinning_65_90,30
28,12.099999999999994,12.099999999999994,365969.0,experimental,thinning_65_90,30
29,7.400000000000006,7.099999999999994,278948.0,experimental,thinning_65_90,30
30,8.900000000000006,8.5,305756.0,experimental,thinning_65_90,30
31,9.199999999999989,9.0,273286.0,experimental,thinning_65_90,30
32,6.900000000000006,7.0,254199.0,experimental,thinning_65_90,30
33,6.299999999999997,6.3999999999999915,246239.0,experimental,thinning_65_90,30
34,6.0,5.8999999999999915,255512.0,experimental,thinning_65_90,30
35,4.200000000000003,-5.099999999999994,258685.0,experimental,thinning_65_90,30
36,6.400000000000006,6.299999999999997,280117.0,experimental,thinning_65_90,30
37,8.200000000000003,8.299999999999997,270794.0,experimental,thinning_65_90,30
38,12.5,14.300000000000011,333027.0,experimental,thinning_65_90,30
39,8.199999999999989,8.0,324186.0,experimental,thinning_65_90,30
40,9.699999999999996,9.799999999999997,284239.0,experimental,thinning_65_90,30
41,6.0,5.799999999999997,256830.0,experimental,thinning_65_90,30
42,5.900000000000006,5.799999999999997,263045.0,experimental,thinning_65_90,30
43,8.5,8.5,284029.0,experimental,thinning_65_90,30
44,9.599999999999994,9.599999999999994,298322.0,experimental,thinning_65_90,30
45,8.100000000000001,8.0,292432.0,experimental,thinning_65_90,30
46,9.700000000000045,12.099999999999966,285549.0,experimental,thinning_65_90,30
47,8.0,7.900000000000006,263945.0,experimental,thinning_65_90,30
48,8.399999999999991,8.399999999999991,279314.0,experimental,thinning_65_90,30
49,11.299999999999983,11.299999999999983,323976.0,experimental,thinning_65_90,30
50,9.200000000000017,10.0,295341.0,experimental,thinning_65_90,30
51,9.0,8.599999999999994,302355.0,experimental,thinning_65_90,30
52,9.900000000000006,10.0,307210.0,experimental,thinning_65_90,30
53,10.199999999999989,10.199999999999989,286057.0,experimental,thinning_65_90,30
54,10.800000000000011,6.400000000000034,295672.0,experimental,thinning_65_90,30
55,9.400000000000006,9.5,265682.0,experimental,thinning_65_90,30
56,7.900000000000006,7.799999999999983,262041.0,experimental,thinning_65_90,30
57,8.399999999999977,8.0,288258.0,experimental,thinning_65_90,30
58,9.699999999999989,9.699999999999989,257805.0,experimental,thinning_65_90,30
59,10.899999999999977,11.099999999999966,286137.0,experimental,thinning_65_90,30
60,9.099999999999994,9.0,313472.0,experimental,thinning_65_90,30
61,7.700000000000003,12.800000000000011,262216.0,experimental,thinning_65_90,30
62,10.5,10.399999999999977,289964.0,experimental,thinning_65_90,30
63,7.900000000000006,7.699999999999989,262128.0,experimental,thinning_65_90,30
64,7.099999999999994,7.099999999999994,270715.0,experimental,thinning_65_90,30
65,7.900000000000006,7.699999999999989,265940.0,experimental,thinning_65_90,30
66,7.0,7.400000000000006,272171.0,experimental,thinning_65_90,30
67,7.200000000000003,7.800000000000011,285061.0,experimental,thinning_65_90,30
68,7.199999999999989,14.799999999999997,278619.0,experimental,thinning_65_90,30
69,10.300000000000011,10.200000000000017,339020.0,experimental,thinning_65_90,30
70,9.299999999999997,9.199999999999989,299705.0,experimental,thinning_65_90,30
71,6.799999999999983,6.900000000000006,256107.0,experimental,thinning_65_90,30
72,6.900000000000006,6.900000000000006,273509.0,experimental,thinning_65_90,30
73,10.300000000000011,10.5,318154.0,experimental,thinning_65_90,30
74,8.900000000000006,15.599999999999966,312455.0,experimental,thinning_65_90,30
75,7.5,7.300000000000004,294130.0,experimental,thinning_65_90,30
76,9.599999999999966,12.0,319093.0,experimental,thinning_65_90,30
77,10.200000000000003,10.299999999999997,311296.0,experimental,thinning_65_90,30
78,11.300000000000011,21.399999999999977,302872.0,experimental,thinning_65_90,30
79,10.300000000000011,10.199999999999989,315112.0,experimental,thinning_65_90,30
80,10.200000000000017,10.200000000000017,290137.0,experimental,thinning_65_90,30
81,10.199999999999989,9.899999999999991,349941.0,experimental,thinning_65_90,30
82,7.700000000000003,7.599999999999994,332675.0,experimental,thinning_65_90,30
83,6.5,6.5,256690.0,experimental,thinning_65_90,30
84,10.100000000000023,10.200000000000017,332631.0,experimental,thinning_65_90,30
85,9.800000000000011,9.5,276651.0,experimental,thinning_65_90,30
86,7.8999999999999915,7.599999999999994,292812.0,experimental,thinning_65_90,30
87,6.200000000000003,12.000000000000014,251626.0,experimental,thinning_65_90,30
88,6.399999999999999,6.399999999999999,261647.0,experimental,thinning_65_90,30
89,5.800000000000004,5.799999999999997,227909.0,experimental,thinning_65_90,30
90,6.700000000000017,6.700000000000017,243325.0,experimental,thinning_65_90,30
91,8.799999999999983,8.800000000000011,281986.0,experimental,thinning_65_90,30
92,9.399999999999977,9.400000000000006,306566.0,experimental,thinning_65_90,30
93,10.399999999999991,10.5,330492.0,experimental,thinning_65_90,30
94,8.900000000000006,9.599999999999994,296309.0,experimental,thinning_65_90,30
95,7.5,7.199999999999989,334463.0,experimental,thinning_65_90,30
96,8.800000000000011,9.200000000000003,318258.0,experimental,thinning_65_90,30
97,6.600000000000001,6.099999999999994,276099.0,experimental,thinning_65_90,30
98,9.0,6.800000000000011,251512.0,experimental,thinning_65_90,30
99,8.900000000000006,9.0,272825.0,experimental,thinning_65_90,30
100,8.099999999999994,12.700000000000017,303694.0,experimental,thinning_65_90,30
1,0.9000000000000057,0.9000000000000057,52016.0,experimental,thinning_30_75,31
2,0.9000000000000057,0.9000000000000057,47650.0,experimental,thinning_30_75,31
3,0.5999999999999943,-3.6000000000000227,46602.0,experimental,thinning_30_75,31
4,0.9000000000000057,0.8000000000000114,49837.0,experimental,thinning_30_75,31
5,0.6999999999999886,0.6999999999999886,36220.0,experimental,thinning_30_75,31
6,0.9000000000000057,5.699999999999989,46628.0,experimental,thinning_30_75,31
7,1.0,1.0,50529.0,experimental,thinning_30_75,31
8,0.8000000000000114,0.799999999999983,40566.0,experimental,thinning_30_75,31
9,1.0,2.5,52676.0,experimental,thinning_30_75,31
10,1.6999999999999886,1.7999999999999545,79193.0,experimental,thinning_30_75,31
11,1.2999999999999972,1.2999999999999972,60626.0,experimental,thinning_30_75,31
12,0.9000000000000057,0.8999999999999773,48324.0,experimental,thinning_30_75,31
13,0.5999999999999943,0.5,31003.0,experimental,thinning_30_75,31
14,1.1000000000000227,1.1000000000000227,55030.0,experimental,thinning_30_75,31
15,0.6999999999999886,0.5999999999999943,38718.0,experimental,thinning_30_75,31
16,0.7000000000000028,0.5,44816.0,experimental,thinning_30_75,31
17,0.9000000000000057,0.9000000000000057,57959.0,experimental,thinning_30_75,31
18,0.5,0.5,27456.0,experimental,thinning_30_75,31
19,0.8000000000000114,0.7999999999999972,44906.0,experimental,thinning_30_75,31
20,0.7999999999999972,0.9000000000000057,45058.0,experimental,thinning_30_75,31
21,0.6999999999999886,0.6999999999999886,35786.0,experimental,thinning_30_75,31
22,0.9000000000000057,0.799999999999983,46372.0,experimental,thinning_30_75,31
23,0.6999999999999886,0.700000000000017,33762.0,experimental,thinning_30_75,31
24,0.5999999999999943,0.5999999999999943,32104.0,experimental,thinning_30_75,31
25,0.5,0.6000000000000014,40324.0,experimental,thinning_30_75,31
26,1.3000000000000114,1.299999999999983,61406.0,experimental,thinning_30_75,31
27,1.5,17.0,77285.0,experimental,thinning_30_75,31
28,1.0999999999999943,1.1999999999999886,56882.0,experimental,thinning_30_75,31
29,0.6000000000000085,0.5999999999999943,30624.0,experimental,thinning_30_75,31
30,0.8000000000000114,0.6999999999999886,43892.0,experimental,thinning_30_75,31
31,0.8000000000000114,0.30000000000001137,38530.0,experimental,thinning_30_75,31
32,0.5,0.5,30227.0,experimental,thinning_30_75,31
33,0.7000000000000028,0.7999999999999972,43229.0,experimental,thinning_30_75,31
34,0.3999999999999915,0.5,28947.0,experimental,thinning_30_75,31
35,0.8000000000000114,0.7999999999999972,49433.0,experimental,thinning_30_75,31
36,0.7000000000000028,0.7999999999999972,49376.0,experimental,thinning_30_75,31
37,0.7000000000000028,0.7999999999999972,41346.0,experimental,thinning_30_75,31
38,1.6999999999999886,1.6999999999999886,81735.0,experimental,thinning_30_75,31
39,0.3999999999999915,0.3999999999999915,44898.0,experimental,thinning_30_75,31
40,1.1999999999999957,1.2000000000000028,53214.0,experimental,thinning_30_75,31
41,0.7999999999999972,0.7999999999999972,41827.0,experimental,thinning_30_75,31
42,0.5,0.4000000000000057,31702.0,experimental,thinning_30_75,31
43,0.8999999999999915,0.8999999999999915,54391.0,experimental,thinning_30_75,31
44,1.0999999999999943,1.0,55600.0,experimental,thinning_30_75,31
45,0.6999999999999957,0.7000000000000028,43724.0,experimental,thinning_30_75,31
46,1.0,1.0,53914.0,experimental,thinning_30_75,31
47,0.9000000000000057,0.8000000000000114,49007.0,experimental,thinning_30_75,31
48,0.7999999999999972,0.7999999999999972,43127.0,experimental,thinning_30_75,31
49,1.5,1.3999999999999773,69512.0,experimental,thinning_30_75,31
50,1.0999999999999943,1.0999999999999943,62371.0,experimental,thinning_30_75,31
51,1.1000000000000085,1.0,57755.0,experimental,thinning_30_75,31
52,0.8000000000000114,0.9000000000000057,44992.0,experimental,thinning_30_75,31
53,1.0,1.0,50685.0,experimental,thinning_30_75,31
54,1.0,1.1000000000000227,52567.0,experimental,thinning_30_75,31
55,0.700000000000017,0.8000000000000114,40085.0,experimental,thinning_30_75,31
56,0.8000000000000114,0.799999999999983,41138.0,experimental,thinning_30_75,31
57,0.8999999999999773,0.9000000000000057,43092.0,experimental,thinning_30_75,31
58,1.5,1.5,67399.0,experimental,thinning_30_75,31
59,1.1999999999999886,1.099999999999966,50252.0,experimental,thinning_30_75,31
60,0.6999999999999886,0.700000000000017,35564.0,experimental,thinning_30_75,31
61,1.2999999999999972,1.3000000000000114,62579.0,experimental,thinning_30_75,31
62,1.0999999999999943,1.099999999999966,51410.0,experimental,thinning_30_75,31
63,0.9000000000000057,0.9000000000000057,46307.0,experimental,thinning_30_75,31
64,0.5999999999999943,0.5999999999999943,33992.0,experimental,thinning_30_75,31
65,0.9000000000000057,0.9000000000000057,52344.0,experimental,thinning_30_75,31
66,0.5999999999999943,0.6000000000000085,41358.0,experimental,thinning_30_75,31
67,0.8000000000000114,0.7000000000000028,48720.0,experimental,thinning_30_75,31
68,0.8999999999999915,0.9000000000000057,56599.0,experimental,thinning_30_75,31
69,0.9000000000000057,0.9000000000000057,50822.0,experimental,thinning_30_75,31
70,0.7999999999999972,0.7999999999999972,41984.0,experimental,thinning_30_75,31
71,0.6999999999999886,0.700000000000017,42599.0,experimental,thinning_30_75,31
72,0.7000000000000028,0.7999999999999972,48390.0,experimental,thinning_30_75,31
73,0.8000000000000114,0.8000000000000114,44264.0,experimental,thinning_30_75,31
74,0.9000000000000057,2.0,51228.0,experimental,thinning_30_75,31
75,0.5,0.5,32139.0,experimental,thinning_30_75,31
76,1.3000000000000114,3.900000000000034,64534.0,experimental,thinning_30_75,31
77,0.7999999999999972,0.7999999999999972,43827.0,experimental,thinning_30_75,31
78,1.4000000000000057,1.3999999999999773,65686.0,experimental,thinning_30_75,31
79,0.8000000000000114,0.8000000000000114,42895.0,experimental,thinning_30_75,31
80,1.0,1.0,50733.0,experimental,thinning_30_75,31
81,0.8999999999999773,0.9000000000000057,50865.0,experimental,thinning_30_75,31
82,0.6000000000000085,0.20000000000000284,41884.0,experimental,thinning_30_75,31
83,0.6999999999999886,0.7999999999999972,45590.0,experimental,thinning_30_75,31
84,1.4000000000000057,1.4000000000000057,69017.0,experimental,thinning_30_75,31
85,1.4000000000000057,1.4000000000000057,62317.0,experimental,thinning_30_75,31
86,1.0,1.0,55579.0,experimental,thinning_30_75,31
87,0.7999999999999972,0.7999999999999972,45689.0,experimental,thinning_30_75,31
88,0.6000000000000014,0.6000000000000014,33854.0,experimental,thinning_30_75,31
89,0.6000000000000014,0.5999999999999943,42135.0,experimental,thinning_30_75,31
90,0.700000000000017,0.8000000000000114,41963.0,experimental,thinning_30_75,31
91,0.6999999999999886,0.700000000000017,39494.0,experimental,thinning_30_75,31
92,1.0,1.0,49378.0,experimental,thinning_30_75,31
93,0.8999999999999915,0.5,50870.0,experimental,thinning_30_75,31
94,1.0,1.0999999999999943,60284.0,experimental,thinning_30_75,31
95,0.5,0.39999999999997726,53680.0,experimental,thinning_30_75,31
96,0.8000000000000114,0.8999999999999915,48767.0,experimental,thinning_30_75,31
97,0.6000000000000014,0.5,40521.0,experimental,thinning_30_75,31
98,1.4000000000000057,1.400000000000034,67016.0,experimental,thinning_30_75,31
99,0.9000000000000057,1.0,49598.0,experimental,thinning_30_75,31
100,1.6999999999999886,15.0,58462.0,experimental,thinning_30_75,31
1,0.7000000000000028,0.6000000000000085,40592.0,experimental,thinning_65_90,32
2,0.5999999999999943,0.6000000000000085,32145.0,experimental,thinning_65_90,32
3,0.5,0.5999999999999943,34623.0,experimental,thinning_65_90,32
4,0.6000000000000085,0.5,35470.0,experimental,thinning_65_90,32
5,0.29999999999998295,0.39999999999997726,20358.0,experimental,thinning_65_90,32
6,0.6000000000000227,0.5,35842.0,experimental,thinning_65_90,32
7,0.6999999999999886,0.6999999999999886,37228.0,experimental,thinning_65_90,32
8,0.4000000000000057,0.4000000000000057,22436.0,experimental,thinning_65_90,32
9,0.700000000000017,2.3999999999999773,36460.0,experimental,thinning_65_90,32
10,1.3999999999999773,1.5,69294.0,experimental,thinning_65_90,32
11,1.0,1.0,47430.0,experimental,thinning_65_90,32
12,0.6999999999999886,0.6999999999999886,38151.0,experimental,thinning_65_90,32
13,0.29999999999999716,0.19999999999998863,16231.0,experimental,thinning_65_90,32
14,0.9000000000000057,0.9000000000000057,45281.0,experimental,thinning_65_90,32
15,0.5999999999999943,0.5,32706.0,experimental,thinning_65_90,32
16,0.6000000000000014,0.30000000000000426,37307.0,experimental,thinning_65_90,32
17,0.7000000000000028,0.7000000000000028,47031.0,experimental,thinning_65_90,32
18,0.29999999999999716,0.29999999999999716,16181.0,experimental,thinning_65_90,32
19,0.6000000000000085,0.6000000000000085,37008.0,experimental,thinning_65_90,32
20,0.6000000000000085,0.7000000000000028,33823.0,experimental,thinning_65_90,32
21,0.5,0.5999999999999943,29232.0,experimental,thinning_65_90,32
22,0.5999999999999943,0.5,32066.0,experimental,thinning_65_90,32
23,0.5,0.4000000000000057,22364.0,experimental,thinning_65_90,32
24,0.39999999999997726,0.29999999999998295,19809.0,experimental,thinning_65_90,32
25,0.29999999999999716,0.40000000000000213,25212.0,experimental,thinning_65_90,32
26,1.0,1.0,49466.0,experimental,thinning_65_90,32
27,1.1999999999999886,1.1999999999999886,63519.0,experimental,thinning_65_90,32
28,0.9000000000000057,0.9000000000000057,45797.0,experimental,thinning_65_90,32
29,0.4000000000000057,0.29999999999999716,20824.0,experimental,thinning_65_90,32
30,0.6999999999999886,0.5999999999999943,37583.0,experimental,thinning_65_90,32
31,0.5,0.0,26686.0,experimental,thinning_65_90,32
32,0.30000000000001137,0.3999999999999915,23267.0,experimental,thinning_65_90,32
33,0.3999999999999915,0.5,28680.0,experimental,thinning_65_90,32
34,0.29999999999999716,0.3999999999999915,23551.0,experimental,thinning_65_90,32
35,0.7000000000000028,0.7000000000000028,40067.0,experimental,thinning_65_90,32
36,0.5,0.5999999999999943,37940.0,experimental,thinning_65_90,32
37,0.5,0.5,28874.0,experimental,thinning_65_90,32
38,1.2999999999999545,1.3999999999999773,67832.0,experimental,thinning_65_90,32
39,0.3999999999999915,0.5,33025.0,experimental,thinning_65_90,32
40,0.8999999999999986,0.8999999999999986,40777.0,experimental,thinning_65_90,32
41,0.5999999999999943,0.5,29256.0,experimental,thinning_65_90,32
42,0.29999999999999716,0.29999999999999716,21211.0,experimental,thinning_65_90,32
43,0.7000000000000028,0.6999999999999886,43777.0,experimental,thinning_65_90,32
44,0.799999999999983,0.799999999999983,44382.0,experimental,thinning_65_90,32
45,0.5,0.5,32322.0,experimental,thinning_65_90,32
46,0.8000000000000114,0.8000000000000114,44350.0,experimental,thinning_65_90,32
47,0.7000000000000028,0.6000000000000085,38559.0,experimental,thinning_65_90,32
48,0.5,0.5,30342.0,experimental,thinning_65_90,32
49,1.0999999999999943,1.0,53720.0,experimental,thinning_65_90,32
50,0.8000000000000114,0.9000000000000057,50501.0,experimental,thinning_65_90,32
51,0.7000000000000028,0.6999999999999886,40589.0,experimental,thinning_65_90,32
52,0.5,0.5999999999999943,27527.0,experimental,thinning_65_90,32
53,0.8000000000000114,0.8999999999999773,42993.0,experimental,thinning_65_90,32
54,0.9000000000000341,0.9000000000000341,44082.0,experimental,thinning_65_90,32
55,0.4000000000000057,0.5,25488.0,experimental,thinning_65_90,32
56,0.5,0.4000000000000057,24646.0,experimental,thinning_65_90,32
57,0.5999999999999943,0.6000000000000227,29640.0,experimental,thinning_65_90,32
58,1.0999999999999943,1.0,46679.0,experimental,thinning_65_90,32
59,0.5,-5.800000000000011,33678.0,experimental,thinning_65_90,32
60,0.5999999999999943,0.6000000000000227,28630.0,experimental,thinning_65_90,32
61,0.9000000000000057,0.9000000000000057,45432.0,experimental,thinning_65_90,32
62,0.9000000000000057,0.8000000000000114,41538.0,experimental,thinning_65_90,32
63,0.6000000000000227,0.5999999999999943,33627.0,experimental,thinning_65_90,32
64,0.3999999999999915,0.3999999999999915,25831.0,experimental,thinning_65_90,32
65,0.5999999999999943,0.5999999999999943,36592.0,experimental,thinning_65_90,32
66,0.5,0.5,33432.0,experimental,thinning_65_90,32
67,0.6000000000000085,0.6000000000000085,40535.0,experimental,thinning_65_90,32
68,0.6999999999999886,0.7000000000000028,44001.0,experimental,thinning_65_90,32
69,0.700000000000017,0.700000000000017,43152.0,experimental,thinning_65_90,32
70,0.6000000000000085,0.5999999999999943,32356.0,experimental,thinning_65_90,32
71,0.5,0.5,32211.0,experimental,thinning_65_90,32
72,0.5,0.6000000000000085,35060.0,experimental,thinning_65_90,32
73,0.6999999999999886,0.700000000000017,37992.0,experimental,thinning_65_90,32
74,0.6999999999999886,0.6999999999999886,42763.0,experimental,thinning_65_90,32
75,0.3999999999999986,0.3999999999999986,22949.0,experimental,thinning_65_90,32
76,0.8999999999999773,3.5,42920.0,experimental,thinning_65_90,32
77,0.5,0.5,26851.0,experimental,thinning_65_90,32
78,1.200000000000017,1.1999999999999886,56614.0,experimental,thinning_65_90,32
79,0.6000000000000227,0.6999999999999886,33892.0,experimental,thinning_65_90,32
80,0.8000000000000114,0.8000000000000114,39209.0,experimental,thinning_65_90,32
81,0.6999999999999886,0.7000000000000028,43410.0,experimental,thinning_65_90,32
82,0.5,0.5999999999999943,39480.0,experimental,thinning_65_90,32
83,0.5,0.5999999999999943,32802.0,experimental,thinning_65_90,32
84,1.200000000000017,1.3000000000000114,62877.0,experimental,thinning_65_90,32
85,1.0999999999999943,1.1000000000000227,49900.0,experimental,thinning_65_90,32
86,0.7999999999999972,0.9000000000000057,46759.0,experimental,thinning_65_90,32
87,0.5999999999999943,0.6000000000000085,35053.0,experimental,thinning_65_90,32
88,0.3999999999999986,0.3999999999999986,23029.0,experimental,thinning_65_90,32
89,0.5,0.3999999999999986,29246.0,experimental,thinning_65_90,32
90,0.5999999999999943,0.700000000000017,35162.0,experimental,thinning_65_90,32
91,0.5,0.5,28858.0,experimental,thinning_65_90,32
92,0.6999999999999886,0.6999999999999886,37985.0,experimental,thinning_65_90,32
93,0.7999999999999972,0.4000000000000057,44054.0,experimental,thinning_65_90,32
94,0.6999999999999886,0.8000000000000114,45345.0,experimental,thinning_65_90,32
95,0.5,0.5,43420.0,experimental,thinning_65_90,32
96,0.7000000000000028,0.7999999999999972,42533.0,experimental,thinning_65_90,32
97,0.5,0.3999999999999986,33185.0,experimental,thinning_65_90,32
98,1.0,1.0,48059.0,experimental,thinning_65_90,32
99,0.5999999999999943,0.5999999999999943,34236.0,experimental,thinning_65_90,32
100,1.0,2.0,48472.0,experimental,thinning_65_90,32
1,0.29999999999999716,0.20000000000000284,14589.0,experimental,thinning_30_75,33
2,0.20000000000000284,0.30000000000001137,14009.0,experimental,thinning_30_75,33
3,0.19999999999998863,0.19999999999998863,12504.0,experimental,thinning_30_75,33
4,0.30000000000001137,0.20000000000000284,13855.0,experimental,thinning_30_75,33
5,0.19999999999998863,0.19999999999998863,10228.0,experimental,thinning_30_75,33
6,0.30000000000001137,0.19999999999998863,13084.0,experimental,thinning_30_75,33
7,0.29999999999998295,0.30000000000001137,15009.0,experimental,thinning_30_75,33
8,0.20000000000001705,0.19999999999998863,10146.0,experimental,thinning_30_75,33
9,0.30000000000001137,1.1000000000000227,13936.0,experimental,thinning_30_75,33
10,0.39999999999997726,0.5,20689.0,experimental,thinning_30_75,33
11,0.29999999999999716,0.29999999999999716,16491.0,experimental,thinning_30_75,33
12,0.30000000000001137,0.19999999999998863,13365.0,experimental,thinning_30_75,33
13,0.19999999999998863,0.09999999999999432,8832.0,experimental,thinning_30_75,33
14,0.30000000000001137,0.30000000000001137,14384.0,experimental,thinning_30_75,33
15,0.19999999999998863,0.09999999999999432,10129.0,experimental,thinning_30_75,33
16,0.20000000000000284,-0.10000000000000142,12291.0,experimental,thinning_30_75,33
17,0.20000000000000284,0.29999999999999716,15663.0,experimental,thinning_30_75,33
18,0.09999999999999432,0.20000000000000284,8485.0,experimental,thinning_30_75,33
19,0.20000000000000284,0.20000000000000284,12212.0,experimental,thinning_30_75,33
20,0.20000000000000284,0.29999999999999716,12275.0,experimental,thinning_30_75,33
21,0.19999999999998863,0.19999999999998863,9556.0,experimental,thinning_30_75,33
22,0.29999999999998295,0.19999999999998863,12766.0,experimental,thinning_30_75,33
23,0.19999999999998863,0.20000000000001705,10032.0,experimental,thinning_30_75,33
24,0.09999999999999432,0.09999999999999432,7934.0,experimental,thinning_30_75,33
25,0.09999999999999787,0.1999999999999993,11674.0,experimental,thinning_30_75,33
26,0.4000000000000057,0.29999999999998295,17375.0,experimental,thinning_30_75,33
27,0.5,15.899999999999977,19879.0,experimental,thinning_30_75,33
28,0.29999999999998295,0.30000000000001137,15051.0,experimental,thinning_30_75,33
29,0.20000000000000284,0.09999999999999432,8099.0,experimental,thinning_30_75,33
30,0.19999999999998863,0.09999999999999432,11957.0,experimental,thinning_30_75,33
31,0.30000000000001137,0.20000000000001705,10684.0,experimental,thinning_30_75,33
32,0.10000000000000853,0.09999999999999432,8278.0,experimental,thinning_30_75,33
33,0.20000000000000284,0.19999999999998863,11888.0,experimental,thinning_30_75,33
34,0.09999999999999432,0.19999999999998863,7723.0,experimental,thinning_30_75,33
35,0.20000000000000284,0.20000000000000284,12887.0,experimental,thinning_30_75,33
36,0.20000000000000284,0.20000000000000284,14005.0,experimental,thinning_30_75,33
37,0.20000000000000284,0.20000000000000284,11876.0,experimental,thinning_30_75,33
38,0.5,0.5,22438.0,experimental,thinning_30_75,33
39,0.0,0.09999999999999432,11482.0,experimental,thinning_30_75,33
40,0.29999999999999716,0.29999999999999716,15271.0,experimental,thinning_30_75,33
41,0.29999999999999716,0.20000000000000284,11150.0,experimental,thinning_30_75,33
42,0.10000000000000853,0.10000000000000853,9992.0,experimental,thinning_30_75,33
43,0.20000000000000284,0.19999999999998863,14002.0,experimental,thinning_30_75,33
44,0.29999999999998295,0.29999999999998295,15839.0,experimental,thinning_30_75,33
45,0.19999999999999574,0.20000000000000284,11786.0,experimental,thinning_30_75,33
46,0.30000000000001137,0.30000000000001137,14244.0,experimental,thinning_30_75,33
47,0.30000000000001137,0.20000000000000284,13278.0,experimental,thinning_30_75,33
48,0.20000000000000284,0.20000000000000284,12670.0,experimental,thinning_30_75,33
49,0.5,0.39999999999997726,19884.0,experimental,thinning_30_75,33
50,0.30000000000001137,0.30000000000001137,15539.0,experimental,thinning_30_75,33
51,0.29999999999999716,0.29999999999999716,16616.0,experimental,thinning_30_75,33
52,0.20000000000001705,0.30000000000001137,12359.0,experimental,thinning_30_75,33
53,0.30000000000001137,0.2999999999999545,14609.0,experimental,thinning_30_75,33
54,0.20000000000004547,0.30000000000001137,13335.0,experimental,thinning_30_75,33
55,0.20000000000001705,0.20000000000001705,10749.0,experimental,thinning_30_75,33
56,0.30000000000001137,0.19999999999998863,14094.0,experimental,thinning_30_75,33
57,0.19999999999998863,0.20000000000001705,10012.0,experimental,thinning_30_75,33
58,0.4000000000000057,0.39999999999997726,19115.0,experimental,thinning_30_75,33
59,0.2999999999999545,0.30000000000001137,13663.0,experimental,thinning_30_75,33
60,0.19999999999998863,0.20000000000001705,9228.0,experimental,thinning_30_75,33
61,0.4000000000000057,0.30000000000001137,17444.0,experimental,thinning_30_75,33
62,0.30000000000001137,0.30000000000001137,13332.0,experimental,thinning_30_75,33
63,0.30000000000001137,0.29999999999998295,12964.0,experimental,thinning_30_75,33
64,0.19999999999998863,0.09999999999999432,9508.0,experimental,thinning_30_75,33
65,0.30000000000001137,0.19999999999998863,14544.0,experimental,thinning_30_75,33
66,0.09999999999999432,0.10000000000000853,11390.0,experimental,thinning_30_75,33
67,0.20000000000000284,0.20000000000000284,12868.0,experimental,thinning_30_75,33
68,0.19999999999998863,0.09999999999999432,14172.0,experimental,thinning_30_75,33
69,0.30000000000001137,0.20000000000001705,13522.0,experimental,thinning_30_75,33
70,0.20000000000000284,0.19999999999998863,11084.0,experimental,thinning_30_75,33
71,0.19999999999998863,0.20000000000001705,11576.0,experimental,thinning_30_75,33
72,0.20000000000000284,0.20000000000000284,14778.0,experimental,thinning_30_75,33
73,0.09999999999999432,0.10000000000002274,10252.0,experimental,thinning_30_75,33
74,0.19999999999998863,1.5999999999999943,13573.0,experimental,thinning_30_75,33
75,0.10000000000000142,0.10000000000000142,9005.0,experimental,thinning_30_75,33
76,0.5,3.900000000000034,16698.0,experimental,thinning_30_75,33
77,0.29999999999999716,0.20000000000000284,12288.0,experimental,thinning_30_75,33
78,0.4000000000000057,0.39999999999997726,17736.0,experimental,thinning_30_75,33
79,0.20000000000001705,0.30000000000001137,11709.0,experimental,thinning_30_75,33
80,0.30000000000001137,0.30000000000001137,14107.0,experimental,thinning_30_75,33
81,0.29999999999998295,0.20000000000000284,13496.0,experimental,thinning_30_75,33
82,0.10000000000000853,0.20000000000000284,10491.0,experimental,thinning_30_75,33
83,0.19999999999998863,0.29999999999999716,13495.0,experimental,thinning_30_75,33
84,0.4000000000000057,0.4000000000000057,18832.0,experimental,thinning_30_75,33
85,0.4000000000000057,0.4000000000000057,17440.0,experimental,thinning_30_75,33
86,0.29999999999999716,0.29999999999999716,14658.0,experimental,thinning_30_75,33
87,0.20000000000000284,0.20000000000000284,12611.0,experimental,thinning_30_75,33
88,0.20000000000000284,0.19999999999999574,10010.0,experimental,thinning_30_75,33
89,0.20000000000000284,0.19999999999999574,12300.0,experimental,thinning_30_75,33
90,0.20000000000001705,0.20000000000001705,10936.0,experimental,thinning_30_75,33
91,0.19999999999998863,0.20000000000001705,11070.0,experimental,thinning_30_75,33
92,0.29999999999998295,0.30000000000001137,14058.0,experimental,thinning_30_75,33
93,0.20000000000000284,0.30000000000001137,12310.0,experimental,thinning_30_75,33
94,0.30000000000001137,0.30000000000001137,16559.0,experimental,thinning_30_75,33
95,0.0,0.0,14431.0,experimental,thinning_30_75,33
96,0.20000000000000284,0.29999999999999716,12934.0,experimental,thinning_30_75,33
97,0.20000000000000284,0.09999999999999432,11683.0,experimental,thinning_30_75,33
98,0.4000000000000057,0.4000000000000341,18442.0,experimental,thinning_30_75,33
99,0.19999999999998863,0.30000000000001137,13429.0,experimental,thinning_30_75,33
100,0.799999999999983,14.200000000000017,15864.0,experimental,thinning_30_75,33
1,0.20000000000000284,0.20000000000000284,11103.0,experimental,thinning_65_90,34
2,0.09999999999999432,0.20000000000000284,9333.0,experimental,thinning_65_90,34
3,0.09999999999999432,0.19999999999998863,9032.0,experimental,thinning_65_90,34
4,0.20000000000000284,0.10000000000000853,9650.0,experimental,thinning_65_90,34
5,0.09999999999999432,0.09999999999999432,5491.0,experimental,thinning_65_90,34
6,0.20000000000001705,0.09999999999999432,9624.0,experimental,thinning_65_90,34
7,0.19999999999998863,0.19999999999998863,11180.0,experimental,thinning_65_90,34
8,0.10000000000002274,0.09999999999999432,5087.0,experimental,thinning_65_90,34
9,0.20000000000001705,0.6000000000000227,9398.0,experimental,thinning_65_90,34
10,0.2999999999999545,0.39999999999997726,17729.0,experimental,thinning_65_90,34
11,0.20000000000000284,0.29999999999999716,12765.0,experimental,thinning_65_90,34
12,0.19999999999998863,0.19999999999998863,10403.0,experimental,thinning_65_90,34
13,0.09999999999999432,0.0,4448.0,experimental,thinning_65_90,34
14,0.30000000000001137,0.20000000000001705,12086.0,experimental,thinning_65_90,34
15,0.19999999999998863,0.09999999999999432,8398.0,experimental,thinning_65_90,34
16,0.20000000000000284,-0.10000000000000142,10349.0,experimental,thinning_65_90,34
17,0.20000000000000284,0.20000000000000284,12773.0,experimental,thinning_65_90,34
18,0.09999999999999432,0.10000000000000853,4656.0,experimental,thinning_65_90,34
19,0.20000000000000284,0.20000000000000284,10120.0,experimental,thinning_65_90,34
20,0.10000000000000853,0.20000000000000284,9113.0,experimental,thinning_65_90,34
21,0.09999999999999432,0.19999999999998863,7683.0,experimental,thinning_65_90,34
22,0.19999999999998863,0.19999999999998863,8673.0,experimental,thinning_65_90,34
23,0.09999999999999432,0.09999999999999432,5970.0,experimental,thinning_65_90,34
24,0.09999999999999432,0.09999999999999432,4889.0,experimental,thinning_65_90,34
25,0.09999999999999787,0.10000000000000142,7483.0,experimental,thinning_65_90,34
26,0.30000000000001137,0.19999999999998863,13669.0,experimental,thinning_65_90,34
27,0.30000000000001137,0.30000000000001137,16131.0,experimental,thinning_65_90,34
28,0.19999999999998863,0.30000000000001137,11847.0,experimental,thinning_65_90,34
29,0.10000000000000853,0.09999999999999432,5535.0,experimental,thinning_65_90,34
30,0.19999999999998863,0.09999999999999432,10014.0,experimental,thinning_65_90,34
31,0.19999999999998863,0.10000000000002274,7030.0,experimental,thinning_65_90,34
32,0.10000000000000853,0.09999999999999432,6368.0,experimental,thinning_65_90,34
33,0.09999999999999432,0.09999999999999432,7835.0,experimental,thinning_65_90,34
34,0.09999999999999432,0.09999999999999432,6090.0,experimental,thinning_65_90,34
35,0.20000000000000284,0.20000000000000284,9797.0,experimental,thinning_65_90,34
36,0.09999999999999432,0.20000000000000284,10425.0,experimental,thinning_65_90,34
37,0.10000000000000853,0.20000000000000284,8180.0,experimental,thinning_65_90,34
38,0.39999999999997726,0.39999999999997726,17733.0,experimental,thinning_65_90,34
39,0.09999999999999432,0.09999999999999432,8819.0,experimental,thinning_65_90,34
40,0.19999999999999574,0.20000000000000284,11547.0,experimental,thinning_65_90,34
41,0.19999999999998863,0.10000000000000853,7475.0,experimental,thinning_65_90,34
42,0.10000000000000853,0.10000000000000853,6197.0,experimental,thinning_65_90,34
43,0.20000000000000284,0.19999999999998863,11741.0,experimental,thinning_65_90,34
44,0.29999999999998295,0.19999999999998863,12578.0,experimental,thinning_65_90,34
45,0.19999999999999574,0.10000000000000142,8716.0,experimental,thinning_65_90,34
46,0.20000000000004547,0.19999999999998863,11278.0,experimental,thinning_65_90,34
47,0.20000000000000284,0.10000000000000853,10371.0,experimental,thinning_65_90,34
48,0.20000000000000284,0.20000000000000284,8647.0,experimental,thinning_65_90,34
49,0.29999999999998295,0.29999999999998295,14270.0,experimental,thinning_65_90,34
50,0.20000000000001705,0.20000000000001705,12737.0,experimental,thinning_65_90,34
51,0.20000000000000284,0.19999999999998863,11280.0,experimental,thinning_65_90,34
52,0.10000000000002274,0.20000000000001705,7347.0,experimental,thinning_65_90,34
53,0.19999999999998863,0.19999999999998863,11668.0,experimental,thinning_65_90,34
54,0.20000000000004547,0.19999999999998863,11291.0,experimental,thinning_65_90,34
55,0.09999999999999432,0.09999999999999432,6756.0,experimental,thinning_65_90,34
56,0.20000000000001705,0.09999999999999432,7424.0,experimental,thinning_65_90,34
57,0.19999999999998863,0.20000000000001705,7473.0,experimental,thinning_65_90,34
58,0.30000000000001137,0.29999999999998295,12909.0,experimental,thinning_65_90,34
59,0.19999999999998863,0.19999999999998863,8752.0,experimental,thinning_65_90,34
60,0.09999999999999432,0.20000000000001705,7384.0,experimental,thinning_65_90,34
61,0.29999999999999716,0.20000000000001705,12354.0,experimental,thinning_65_90,34
62,0.19999999999998863,0.19999999999998863,10657.0,experimental,thinning_65_90,34
63,0.20000000000001705,0.19999999999998863,9193.0,experimental,thinning_65_90,34
64,0.09999999999999432,0.09999999999999432,7137.0,experimental,thinning_65_90,34
65,0.20000000000001705,0.09999999999999432,10098.0,experimental,thinning_65_90,34
66,0.09999999999999432,0.10000000000000853,8941.0,experimental,thinning_65_90,34
67,0.20000000000000284,0.10000000000000853,10585.0,experimental,thinning_65_90,34
68,0.09999999999999432,0.09999999999999432,10783.0,experimental,thinning_65_90,34
69,0.20000000000001705,0.20000000000001705,11407.0,experimental,thinning_65_90,34
70,0.10000000000000853,0.09999999999999432,8530.0,experimental,thinning_65_90,34
71,0.09999999999999432,0.20000000000001705,8675.0,experimental,thinning_65_90,34
72,0.10000000000000853,0.20000000000000284,9922.0,experimental,thinning_65_90,34
73,0.19999999999998863,0.20000000000001705,9319.0,experimental,thinning_65_90,34
74,0.19999999999998863,0.5999999999999943,10722.0,experimental,thinning_65_90,34
75,0.10000000000000142,0.10000000000000142,6342.0,experimental,thinning_65_90,34
76,0.30000000000001137,2.900000000000034,10944.0,experimental,thinning_65_90,34
77,0.20000000000000284,0.10000000000000853,7549.0,experimental,thinning_65_90,34
78,0.4000000000000057,0.39999999999997726,15128.0,experimental,thinning_65_90,34
79,0.20000000000001705,0.19999999999998863,9034.0,experimental,thinning_65_90,34
80,0.20000000000001705,0.20000000000001705,10237.0,experimental,thinning_65_90,34
81,0.19999999999998863,0.20000000000000284,11656.0,experimental,thinning_65_90,34
82,0.10000000000000853,0.20000000000000284,9910.0,experimental,thinning_65_90,34
83,0.09999999999999432,0.19999999999998863,9535.0,experimental,thinning_65_90,34
84,0.4000000000000057,0.4000000000000057,16819.0,experimental,thinning_65_90,34
85,0.4000000000000057,0.4000000000000057,13679.0,experimental,thinning_65_90,34
86,0.20000000000000284,0.20000000000000284,12396.0,experimental,thinning_65_90,34
87,0.20000000000000284,0.20000000000000284,9505.0,experimental,thinning_65_90,34
88,0.10000000000000142,0.10000000000000142,6797.0,experimental,thinning_65_90,34
89,0.10000000000000142,0.09999999999999432,8310.0,experimental,thinning_65_90,34
90,0.09999999999999432,0.20000000000001705,9024.0,experimental,thinning_65_90,34
91,0.09999999999999432,0.10000000000002274,7809.0,experimental,thinning_65_90,34
92,0.19999999999998863,0.19999999999998863,10517.0,experimental,thinning_65_90,34
93,0.20000000000000284,0.30000000000001137,10472.0,experimental,thinning_65_90,34
94,0.19999999999998863,0.20000000000001705,11984.0,experimental,thinning_65_90,34
95,0.10000000000002274,0.09999999999999432,11353.0,experimental,thinning_65_90,34
96,0.20000000000000284,0.20000000000000284,11182.0,experimental,thinning_65_90,34
97,0.20000000000000284,0.09999999999999432,9171.0,experimental,thinning_65_90,34
98,0.30000000000001137,0.30000000000001137,13187.0,experimental,thinning_65_90,34
99,0.09999999999999432,0.19999999999998863,9158.0,experimental,thinning_65_90,34
100,0.799999999999983,14.099999999999994,12783.0,experimental,thinning_65_90,34
1,1.1000000000000085,1.0,53618.0,experimental,thinning_30_75,35
2,1.2000000000000028,1.3000000000000114,54329.0,experimental,thinning_30_75,35
3,1.0,1.0,50521.0,experimental,thinning_30_75,35
4,1.2000000000000028,1.1000000000000085,54273.0,experimental,thinning_30_75,35
5,0.9000000000000057,0.8999999999999773,42418.0,experimental,thinning_30_75,35
6,1.200000000000017,5.900000000000006,49696.0,experimental,thinning_30_75,35
7,1.3999999999999773,1.4000000000000057,55798.0,experimental,thinning_30_75,35
8,1.1000000000000227,1.0999999999999943,45826.0,experimental,thinning_30_75,35
9,1.4000000000000057,2.8999999999999773,57170.0,experimental,thinning_30_75,35
10,2.2999999999999545,2.3999999999999773,86457.0,experimental,thinning_30_75,35
11,1.8999999999999915,1.8999999999999915,68048.0,experimental,thinning_30_75,35
12,1.1999999999999886,1.1999999999999886,51749.0,experimental,thinning_30_75,35
13,0.7999999999999972,0.6999999999999886,33076.0,experimental,thinning_30_75,35
14,1.6000000000000227,1.5,60868.0,experimental,thinning_30_75,35
15,0.8999999999999773,0.9000000000000057,44687.0,experimental,thinning_30_75,35
16,1.0,0.8000000000000043,48382.0,experimental,thinning_30_75,35
17,1.2999999999999972,14.599999999999994,63308.0,experimental,thinning_30_75,35
18,0.7000000000000028,0.7000000000000028,32011.0,experimental,thinning_30_75,35
19,1.1000000000000085,1.1000000000000085,49309.0,experimental,thinning_30_75,35
20,1.0,1.1000000000000085,47711.0,experimental,thinning_30_75,35
21,0.7999999999999972,0.8999999999999915,39537.0,experimental,thinning_30_75,35
22,1.0999999999999943,1.0999999999999943,49543.0,experimental,thinning_30_75,35
23,1.0,1.0,39133.0,experimental,thinning_30_75,35
24,0.799999999999983,0.799999999999983,35356.0,experimental,thinning_30_75,35
25,0.6999999999999993,0.8000000000000007,43278.0,experimental,thinning_30_75,35
26,1.6999999999999886,1.6999999999999886,64689.0,experimental,thinning_30_75,35
27,1.8000000000000114,-4.300000000000011,83047.0,experimental,thinning_30_75,35
28,1.5999999999999943,1.5999999999999943,64985.0,experimental,thinning_30_75,35
29,0.8000000000000114,0.6999999999999886,35919.0,experimental,thinning_30_75,35
30,1.0,0.8999999999999773,47782.0,experimental,thinning_30_75,35
31,1.0999999999999943,0.6000000000000227,43542.0,experimental,thinning_30_75,35
32,0.7000000000000028,0.7000000000000028,35341.0,experimental,thinning_30_75,35
33,0.8999999999999915,1.0,47682.0,experimental,thinning_30_75,35
34,0.5999999999999943,0.6999999999999886,33422.0,experimental,thinning_30_75,35
35,0.9000000000000057,0.9000000000000057,51533.0,experimental,thinning_30_75,35
36,0.9000000000000057,1.0,53783.0,experimental,thinning_30_75,35
37,1.0,1.0,44216.0,experimental,thinning_30_75,35
38,2.1999999999999886,2.1999999999999886,87926.0,experimental,thinning_30_75,35
39,0.6999999999999886,0.6999999999999886,54301.0,experimental,thinning_30_75,35
40,1.5,1.5,52594.0,experimental,thinning_30_75,35
41,1.1999999999999886,1.2000000000000028,50322.0,experimental,thinning_30_75,35
42,0.6000000000000085,0.5,36631.0,experimental,thinning_30_75,35
43,1.2999999999999972,1.2999999999999972,58617.0,experimental,thinning_30_75,35
44,1.5,1.3999999999999773,62016.0,experimental,thinning_30_75,35
45,1.0,1.0,47372.0,experimental,thinning_30_75,35
46,1.400000000000034,1.3999999999999773,60140.0,experimental,thinning_30_75,35
47,1.2000000000000028,1.2000000000000028,54920.0,experimental,thinning_30_75,35
48,1.0999999999999943,1.0999999999999943,49029.0,experimental,thinning_30_75,35
49,2.0,1.8999999999999773,74503.0,experimental,thinning_30_75,35
50,1.5999999999999943,1.5999999999999943,69598.0,experimental,thinning_30_75,35
51,1.4000000000000057,1.2999999999999972,62253.0,experimental,thinning_30_75,35
52,1.1000000000000227,1.200000000000017,48769.0,experimental,thinning_30_75,35
53,1.3999999999999773,1.3999999999999773,57041.0,experimental,thinning_30_75,35
54,1.5,1.5,59896.0,experimental,thinning_30_75,35
55,1.0,1.0999999999999943,45746.0,experimental,thinning_30_75,35
56,1.1000000000000227,1.0,45906.0,experimental,thinning_30_75,35
57,1.0999999999999943,1.1000000000000227,49526.0,experimental,thinning_30_75,35
58,2.0,1.8999999999999773,67953.0,experimental,thinning_30_75,35
59,1.6999999999999886,1.6999999999999886,58955.0,experimental,thinning_30_75,35
60,1.0999999999999943,1.1000000000000227,46618.0,experimental,thinning_30_75,35
61,1.7000000000000028,1.700000000000017,66978.0,experimental,thinning_30_75,35
62,1.5,1.5,57680.0,experimental,thinning_30_75,35
63,1.200000000000017,1.1999999999999886,51830.0,experimental,thinning_30_75,35
64,0.7999999999999972,0.6999999999999886,36231.0,experimental,thinning_30_75,35
65,1.200000000000017,1.1999999999999886,56512.0,experimental,thinning_30_75,35
66,0.7999999999999972,0.7999999999999972,46610.0,experimental,thinning_30_75,35
67,1.0,1.0,51193.0,experimental,thinning_30_75,35
68,1.2999999999999972,1.2000000000000028,63412.0,experimental,thinning_30_75,35
69,1.3000000000000114,1.3000000000000114,59012.0,experimental,thinning_30_75,35
70,1.0,1.0999999999999943,45645.0,experimental,thinning_30_75,35
71,0.799999999999983,0.9000000000000057,45683.0,experimental,thinning_30_75,35
72,0.9000000000000057,0.9000000000000057,51305.0,experimental,thinning_30_75,35
73,0.9000000000000057,-1.299999999999983,53483.0,experimental,thinning_30_75,35
74,1.0999999999999943,2.1999999999999886,54087.0,experimental,thinning_30_75,35
75,0.7000000000000028,0.7000000000000028,39169.0,experimental,thinning_30_75,35
76,1.8000000000000114,4.400000000000034,72288.0,experimental,thinning_30_75,35
77,1.0999999999999943,1.1000000000000085,47196.0,experimental,thinning_30_75,35
78,1.9000000000000057,1.8999999999999773,69476.0,experimental,thinning_30_75,35
79,1.1000000000000227,1.0999999999999943,49401.0,experimental,thinning_30_75,35
80,1.5,1.5,58172.0,experimental,thinning_30_75,35
81,1.3999999999999773,1.4000000000000057,66242.0,experimental,thinning_30_75,35
82,0.7000000000000028,0.4000000000000057,48049.0,experimental,thinning_30_75,35
83,1.0999999999999943,1.1999999999999886,56705.0,experimental,thinning_30_75,35
84,1.700000000000017,1.700000000000017,71667.0,experimental,thinning_30_75,35
85,2.0,2.0,72398.0,experimental,thinning_30_75,35
86,1.2999999999999972,1.2999999999999972,60374.0,experimental,thinning_30_75,35
87,1.0,1.0,49509.0,experimental,thinning_30_75,35
88,0.7000000000000028,0.6999999999999957,35759.0,experimental,thinning_30_75,35
89,0.8000000000000043,0.7999999999999972,45249.0,experimental,thinning_30_75,35
90,1.0,1.0999999999999943,47762.0,experimental,thinning_30_75,35
91,1.0,0.9000000000000057,42707.0,experimental,thinning_30_75,35
92,1.299999999999983,1.4000000000000057,55171.0,experimental,thinning_30_75,35
93,1.2999999999999972,1.4000000000000057,57704.0,experimental,thinning_30_75,35
94,1.3000000000000114,1.4000000000000057,66172.0,experimental,thinning_30_75,35
95,0.8000000000000114,0.6999999999999886,61535.0,experimental,thinning_30_75,35
96,1.1000000000000085,1.2000000000000028,54580.0,experimental,thinning_30_75,35
97,0.8000000000000043,0.6999999999999957,43462.0,experimental,thinning_30_75,35
98,1.9000000000000057,2.0,71035.0,experimental,thinning_30_75,35
99,1.299999999999983,1.3000000000000114,55940.0,experimental,thinning_30_75,35
100,1.6999999999999886,1.700000000000017,66974.0,experimental,thinning_30_75,35
1,0.7999999999999972,0.7999999999999972,43100.0,experimental,thinning_65_90,36
2,0.7999999999999972,0.8000000000000114,36972.0,experimental,thinning_65_90,36
3,0.6999999999999886,0.799999999999983,40734.0,experimental,thinning_65_90,36
4,0.8000000000000114,0.7000000000000028,40958.0,experimental,thinning_65_90,36
5,0.5,0.5,26562.0,experimental,thinning_65_90,36
6,1.0,5.699999999999989,40394.0,experimental,thinning_65_90,36
7,1.0,1.0,41142.0,experimental,thinning_65_90,36
8,0.6000000000000227,0.5999999999999943,28296.0,experimental,thinning_65_90,36
9,0.9000000000000057,1.2999999999999545,40550.0,experimental,thinning_65_90,36
10,2.0,2.1000000000000227,76541.0,experimental,thinning_65_90,36
11,1.5,1.5,54603.0,experimental,thinning_65_90,36
12,0.9000000000000057,0.8999999999999773,41593.0,experimental,thinning_65_90,36
13,0.3999999999999915,0.29999999999999716,19175.0,experimental,thinning_65_90,36
14,1.1000000000000227,1.1000000000000227,47342.0,experimental,thinning_65_90,36
15,0.799999999999983,0.700000000000017,38329.0,experimental,thinning_65_90,36
16,0.7999999999999972,0.6000000000000014,41013.0,experimental,thinning_65_90,36
17,0.7999999999999972,0.9000000000000057,45152.0,experimental,thinning_65_90,36
18,0.5999999999999943,0.6000000000000085,25241.0,experimental,thinning_65_90,36
19,0.8000000000000114,0.7999999999999972,39232.0,experimental,thinning_65_90,36
20,0.7000000000000028,0.7999999999999972,36555.0,experimental,thinning_65_90,36
21,0.5999999999999943,0.6999999999999886,32303.0,experimental,thinning_65_90,36
22,0.799999999999983,0.6999999999999886,36866.0,experimental,thinning_65_90,36
23,0.6999999999999886,0.700000000000017,28069.0,experimental,thinning_65_90,36
24,0.5,0.5,23936.0,experimental,thinning_65_90,36
25,0.3999999999999986,0.5,29594.0,experimental,thinning_65_90,36
26,1.4000000000000057,1.299999999999983,52550.0,experimental,thinning_65_90,36
27,1.6000000000000227,-4.600000000000023,70881.0,experimental,thinning_65_90,36
28,1.299999999999983,1.3000000000000114,53259.0,experimental,thinning_65_90,36
29,0.5,0.5,25332.0,experimental,thinning_65_90,36
30,0.9000000000000057,0.799999999999983,41446.0,experimental,thinning_65_90,36
31,0.6999999999999886,0.30000000000001137,31350.0,experimental,thinning_65_90,36
32,0.5,0.5,27556.0,experimental,thinning_65_90,36
33,0.5999999999999943,0.5999999999999943,32097.0,experimental,thinning_65_90,36
34,0.5,0.5,27975.0,experimental,thinning_65_90,36
35,0.7000000000000028,0.7999999999999972,42386.0,experimental,thinning_65_90,36
36,0.7000000000000028,0.7000000000000028,41763.0,experimental,thinning_65_90,36
37,0.7000000000000028,0.7999999999999972,33444.0,experimental,thinning_65_90,36
38,1.6999999999999886,1.6999999999999886,72099.0,experimental,thinning_65_90,36
39,0.5999999999999943,0.6999999999999886,42318.0,experimental,thinning_65_90,36
40,1.1000000000000014,1.1000000000000014,40043.0,experimental,thinning_65_90,36
41,0.7999999999999972,0.7999999999999972,36810.0,experimental,thinning_65_90,36
42,0.4000000000000057,0.4000000000000057,26727.0,experimental,thinning_65_90,36
43,1.0999999999999943,1.0,48197.0,experimental,thinning_65_90,36
44,1.1999999999999886,1.0999999999999943,49678.0,experimental,thinning_65_90,36
45,0.6999999999999957,0.7000000000000028,37535.0,experimental,thinning_65_90,36
46,1.1000000000000227,1.099999999999966,50038.0,experimental,thinning_65_90,36
47,1.0,0.9000000000000057,44375.0,experimental,thinning_65_90,36
48,0.7999999999999972,0.7999999999999972,36438.0,experimental,thinning_65_90,36
49,1.5,1.3999999999999773,59167.0,experimental,thinning_65_90,36
50,1.3000000000000114,1.3000000000000114,60031.0,experimental,thinning_65_90,36
51,1.0,0.8999999999999915,44279.0,experimental,thinning_65_90,36
52,0.6000000000000227,0.700000000000017,31253.0,experimental,thinning_65_90,36
53,1.1999999999999886,1.1999999999999886,49621.0,experimental,thinning_65_90,36
54,1.3000000000000114,1.3000000000000114,52006.0,experimental,thinning_65_90,36
55,0.700000000000017,0.700000000000017,31958.0,experimental,thinning_65_90,36
56,0.6000000000000227,0.5999999999999943,29494.0,experimental,thinning_65_90,36
57,0.6999999999999886,0.700000000000017,34754.0,experimental,thinning_65_90,36
58,1.4000000000000057,1.299999999999983,46451.0,experimental,thinning_65_90,36
59,1.1999999999999886,1.1999999999999886,42984.0,experimental,thinning_65_90,36
60,0.9000000000000057,0.9000000000000057,37748.0,experimental,thinning_65_90,36
61,1.2000000000000028,1.200000000000017,48302.0,experimental,thinning_65_90,36
62,1.1999999999999886,1.1999999999999886,47390.0,experimental,thinning_65_90,36
63,0.9000000000000057,0.9000000000000057,39063.0,experimental,thinning_65_90,36
64,0.5,0.5,27788.0,experimental,thinning_65_90,36
65,0.8000000000000114,0.8000000000000114,42261.0,experimental,thinning_65_90,36
66,0.6999999999999886,0.7000000000000028,38104.0,experimental,thinning_65_90,36
67,0.8000000000000114,0.8000000000000114,43635.0,experimental,thinning_65_90,36
68,1.0,0.9000000000000057,51264.0,experimental,thinning_65_90,36
69,1.0999999999999943,1.1000000000000227,51620.0,experimental,thinning_65_90,36
70,0.7999999999999972,0.7999999999999972,36772.0,experimental,thinning_65_90,36
71,0.5999999999999943,0.700000000000017,36475.0,experimental,thinning_65_90,36
72,0.6000000000000085,0.7000000000000028,38202.0,experimental,thinning_65_90,36
73,0.8000000000000114,-1.3999999999999773,45321.0,experimental,thinning_65_90,36
74,0.9000000000000057,0.8999999999999773,48133.0,experimental,thinning_65_90,36
75,0.5,0.5,28531.0,experimental,thinning_65_90,36
76,1.1999999999999886,3.8000000000000114,51084.0,experimental,thinning_65_90,36
77,0.7000000000000028,0.7000000000000028,31560.0,experimental,thinning_65_90,36
78,1.5999999999999943,1.5999999999999943,59286.0,experimental,thinning_65_90,36
79,0.9000000000000057,0.9000000000000057,40720.0,experimental,thinning_65_90,36
80,1.200000000000017,1.200000000000017,47154.0,experimental,thinning_65_90,36
81,1.0999999999999943,1.1000000000000085,57089.0,experimental,thinning_65_90,36
82,0.7000000000000028,0.7000000000000028,45306.0,experimental,thinning_65_90,36
83,0.7999999999999972,0.8999999999999915,40905.0,experimental,thinning_65_90,36
84,1.6000000000000227,1.6000000000000227,67009.0,experimental,thinning_65_90,36
85,1.700000000000017,1.700000000000017,58785.0,experimental,thinning_65_90,36
86,1.0,1.0999999999999943,49895.0,experimental,thinning_65_90,36
87,0.7000000000000028,0.7999999999999972,39388.0,experimental,thinning_65_90,36
88,0.5,0.5,25067.0,experimental,thinning_65_90,36
89,0.6000000000000014,0.5999999999999943,31805.0,experimental,thinning_65_90,36
90,0.8000000000000114,0.9000000000000057,40995.0,experimental,thinning_65_90,36
91,0.6999999999999886,0.700000000000017,32879.0,experimental,thinning_65_90,36
92,0.8999999999999773,0.9000000000000057,42647.0,experimental,thinning_65_90,36
93,1.2000000000000028,1.200000000000017,51950.0,experimental,thinning_65_90,36
94,1.0,1.0,51889.0,experimental,thinning_65_90,36
95,0.8000000000000114,0.6999999999999886,51721.0,experimental,thinning_65_90,36
96,1.0,0.9999999999999858,49209.0,experimental,thinning_65_90,36
97,0.7000000000000028,0.5999999999999943,35279.0,experimental,thinning_65_90,36
98,1.5,1.400000000000034,53682.0,experimental,thinning_65_90,36
99,0.9000000000000057,0.9000000000000057,41418.0,experimental,thinning_65_90,36
100,1.8999999999999773,15.200000000000017,56142.0,experimental,thinning_65_90,36
1,0.5,0.5,27986.0,experimental,thinning_30_75,37
2,2.5,2.5,83222.0,experimental,thinning_30_75,37
3,2.5,7.0,82783.0,experimental,thinning_30_75,37
4,2.5,9.100000000000009,88852.0,experimental,thinning_30_75,37
5,2.6999999999999886,4.0,83336.0,experimental,thinning_30_75,37
6,2.700000000000017,13.900000000000006,78692.0,experimental,thinning_30_75,37
7,3.0,4.5,90406.0,experimental,thinning_30_75,37
8,3.1000000000000227,8.199999999999989,94060.0,experimental,thinning_30_75,37
9,3.200000000000017,31.600000000000023,105404.0,experimental,thinning_30_75,37
10,3.3999999999999773,54.60000000000002,101188.0,experimental,thinning_30_75,37
11,3.700000000000003,3.700000000000003,110832.0,experimental,thinning_30_75,37
12,2.9000000000000057,6.299999999999983,93455.0,experimental,thinning_30_75,37
13,2.1999999999999886,2.0999999999999943,66611.0,experimental,thinning_30_75,37
14,3.4000000000000057,19.900000000000034,98126.0,experimental,thinning_30_75,37
15,2.0999999999999943,15.500000000000028,85847.0,experimental,thinning_30_75,37
16,1.6000000000000014,1.6000000000000014,55751.0,experimental,thinning_30_75,37
17,2.700000000000003,9.700000000000003,90511.0,experimental,thinning_30_75,37
18,2.5,2.5,79322.0,experimental,thinning_30_75,37
19,3.0,4.700000000000003,91052.0,experimental,thinning_30_75,37
20,2.299999999999997,3.200000000000003,79944.0,experimental,thinning_30_75,37
21,2.3999999999999915,5.699999999999989,77830.0,experimental,thinning_30_75,37
22,2.4000000000000057,2.3999999999999773,76012.0,experimental,thinning_30_75,37
23,3.5,3.700000000000017,103472.0,experimental,thinning_30_75,37
24,2.1999999999999886,2.4000000000000057,68152.0,experimental,thinning_30_75,37
25,1.0999999999999979,1.1999999999999993,46870.0,experimental,thinning_30_75,37
26,2.9000000000000057,15.299999999999983,103769.0,experimental,thinning_30_75,37
27,3.3999999999999773,30.19999999999999,99792.0,experimental,thinning_30_75,37
28,3.0,10.099999999999994,97840.0,experimental,thinning_30_75,37
29,2.6000000000000085,2.5,82944.0,experimental,thinning_30_75,37
30,2.5999999999999943,3.3999999999999773,85370.0,experimental,thinning_30_75,37
31,2.8000000000000114,4.400000000000006,85365.0,experimental,thinning_30_75,37
32,2.0,2.0999999999999943,66220.0,experimental,thinning_30_75,37
33,2.0999999999999943,2.1999999999999886,71365.0,experimental,thinning_30_75,37
34,2.0,2.0999999999999943,67501.0,experimental,thinning_30_75,37
35,1.7000000000000028,3.5,71129.0,experimental,thinning_30_75,37
36,2.0,2.5999999999999943,73813.0,experimental,thinning_30_75,37
37,2.299999999999997,2.4000000000000057,74955.0,experimental,thinning_30_75,37
38,3.099999999999966,19.19999999999999,111268.0,experimental,thinning_30_75,37
39,2.3999999999999915,9.0,102920.0,experimental,thinning_30_75,37
40,2.8999999999999986,2.9000000000000057,87814.0,experimental,thinning_30_75,37
41,3.0,3.299999999999997,90970.0,experimental,thinning_30_75,37
42,1.5,1.5,55785.0,experimental,thinning_30_75,37
43,2.799999999999997,2.799999999999997,93646.0,experimental,thinning_30_75,37
44,3.4000000000000057,8.799999999999983,105854.0,experimental,thinning_30_75,37
45,2.0,2.0,66506.0,experimental,thinning_30_75,37
46,2.6000000000000227,32.39999999999998,89829.0,experimental,thinning_30_75,37
47,2.700000000000003,8.700000000000003,94245.0,experimental,thinning_30_75,37
48,2.5999999999999943,2.700000000000003,83651.0,experimental,thinning_30_75,37
49,4.599999999999994,14.699999999999989,121276.0,experimental,thinning_30_75,37
50,3.200000000000017,8.800000000000011,96005.0,experimental,thinning_30_75,37
51,2.5,2.5999999999999943,85919.0,experimental,thinning_30_75,37
52,3.200000000000017,15.800000000000011,105224.0,experimental,thinning_30_75,37
53,2.599999999999966,21.599999999999966,88807.0,experimental,thinning_30_75,37
54,3.7000000000000455,6.900000000000034,114404.0,experimental,thinning_30_75,37
55,1.5,-10.900000000000006,61262.0,experimental,thinning_30_75,37
56,3.1000000000000227,3.4000000000000057,95124.0,experimental,thinning_30_75,37
57,3.1999999999999886,11.900000000000006,86544.0,experimental,thinning_30_75,37
58,4.699999999999989,9.799999999999983,142583.0,experimental,thinning_30_75,37
59,2.1999999999999886,6.599999999999966,54854.0,experimental,thinning_30_75,37
60,2.6999999999999886,5.400000000000006,83748.0,experimental,thinning_30_75,37
61,2.700000000000003,22.30000000000001,100314.0,experimental,thinning_30_75,37
62,3.4000000000000057,13.599999999999966,94652.0,experimental,thinning_30_75,37
63,2.8000000000000114,5.400000000000006,92454.0,experimental,thinning_30_75,37
64,2.299999999999997,2.299999999999997,76091.0,experimental,thinning_30_75,37
65,2.5,4.900000000000006,87030.0,experimental,thinning_30_75,37
66,2.6999999999999886,2.799999999999997,95805.0,experimental,thinning_30_75,37
67,1.8000000000000114,20.60000000000001,78637.0,experimental,thinning_30_75,37
68,1.8999999999999915,9.900000000000006,79233.0,experimental,thinning_30_75,37
69,2.9000000000000057,10.100000000000023,96070.0,experimental,thinning_30_75,37
70,2.200000000000003,2.5999999999999943,73994.0,experimental,thinning_30_75,37
71,2.3999999999999773,2.5,79139.0,experimental,thinning_30_75,37
72,1.8000000000000114,3.700000000000003,69895.0,experimental,thinning_30_75,37
73,2.5999999999999943,11.400000000000006,102315.0,experimental,thinning_30_75,37
74,1.9000000000000057,28.0,73413.0,experimental,thinning_30_75,37
75,1.5,1.500000000000007,56498.0,experimental,thinning_30_75,37
76,3.0,30.69999999999999,87260.0,experimental,thinning_30_75,37
77,2.5999999999999943,2.6000000000000085,81313.0,experimental,thinning_30_75,37
78,4.300000000000011,18.099999999999994,126598.0,experimental,thinning_30_75,37
79,2.3000000000000114,5.699999999999989,75247.0,experimental,thinning_30_75,37
80,3.700000000000017,11.600000000000023,104523.0,experimental,thinning_30_75,37
81,3.1999999999999886,6.700000000000003,93911.0,experimental,thinning_30_75,37
82,1.9000000000000057,2.0,67950.0,experimental,thinning_30_75,37
83,2.299999999999997,2.3999999999999915,85091.0,experimental,thinning_30_75,37
84,3.6000000000000227,10.0,113089.0,experimental,thinning_30_75,37
85,4.200000000000017,9.600000000000023,122309.0,experimental,thinning_30_75,37
86,3.0999999999999943,4.299999999999997,96875.0,experimental,thinning_30_75,37
87,2.700000000000003,8.700000000000003,87043.0,experimental,thinning_30_75,37
88,1.3999999999999986,1.3999999999999986,53065.0,experimental,thinning_30_75,37
89,1.6000000000000014,1.5999999999999943,60475.0,experimental,thinning_30_75,37
90,2.8000000000000114,10.900000000000006,93255.0,experimental,thinning_30_75,37
91,2.5,4.0,81173.0,experimental,thinning_30_75,37
92,3.1999999999999886,8.900000000000006,97589.0,experimental,thinning_30_75,37
93,3.1000000000000085,5.900000000000006,96852.0,experimental,thinning_30_75,37
94,2.5999999999999943,10.800000000000011,91314.0,experimental,thinning_30_75,37
95,2.1000000000000227,12.399999999999977,103089.0,experimental,thinning_30_75,37
96,2.4000000000000057,2.499999999999986,79325.0,experimental,thinning_30_75,37
97,1.3000000000000043,1.1999999999999957,49813.0,experimental,thinning_30_75,37
98,3.700000000000017,10.300000000000011,105494.0,experimental,thinning_30_75,37
99,2.799999999999983,3.0999999999999943,91756.0,experimental,thinning_30_75,37
100,1.6999999999999886,-12.799999999999983,84090.0,experimental,thinning_30_75,37
1,0.29999999999999716,0.29999999999999716,20117.0,experimental,thinning_65_90,38
2,1.7000000000000028,1.8000000000000114,57506.0,experimental,thinning_65_90,38
3,2.0,2.5,66580.0,experimental,thinning_65_90,38
4,1.7000000000000028,3.700000000000003,64596.0,experimental,thinning_65_90,38
5,2.0,2.0,62235.0,experimental,thinning_65_90,38
6,2.1000000000000227,8.699999999999989,69472.0,experimental,thinning_65_90,38
7,2.299999999999983,2.3000000000000114,68384.0,experimental,thinning_65_90,38
8,2.1000000000000227,4.099999999999994,65984.0,experimental,thinning_65_90,38
9,1.8000000000000114,12.399999999999977,65811.0,experimental,thinning_65_90,38
10,2.7999999999999545,19.299999999999955,82031.0,experimental,thinning_65_90,38
11,2.0999999999999943,2.0999999999999943,63826.0,experimental,thinning_65_90,38
12,1.5999999999999943,1.5999999999999943,54337.0,experimental,thinning_65_90,38
13,1.5,1.3999999999999915,45445.0,experimental,thinning_65_90,38
14,2.6000000000000227,5.400000000000006,74097.0,experimental,thinning_65_90,38
15,1.8999999999999773,4.099999999999994,70054.0,experimental,thinning_65_90,38
16,1.1000000000000014,1.0,39985.0,experimental,thinning_65_90,38
17,1.7999999999999972,15.199999999999989,59610.0,experimental,thinning_65_90,38
18,1.7000000000000028,1.7000000000000028,51696.0,experimental,thinning_65_90,38
19,1.8000000000000114,1.7999999999999972,60032.0,experimental,thinning_65_90,38
20,1.7000000000000028,2.1000000000000085,59992.0,experimental,thinning_65_90,38
21,1.5999999999999943,1.5999999999999943,52555.0,experimental,thinning_65_90,38
22,1.9000000000000057,1.8999999999999773,61872.0,experimental,thinning_65_90,38
23,2.3000000000000114,2.3000000000000114,71168.0,experimental,thinning_65_90,38
24,1.5999999999999943,1.5999999999999943,52906.0,experimental,thinning_65_90,38
25,0.3999999999999986,0.5,24447.0,experimental,thinning_65_90,38
26,2.3000000000000114,4.599999999999994,70943.0,experimental,thinning_65_90,38
27,2.1000000000000227,10.800000000000011,72533.0,experimental,thinning_65_90,38
28,2.299999999999983,2.4000000000000057,76575.0,experimental,thinning_65_90,38
29,1.6000000000000085,1.5999999999999943,55350.0,experimental,thinning_65_90,38
30,2.0999999999999943,2.3999999999999773,73718.0,experimental,thinning_65_90,38
31,2.0999999999999943,1.6000000000000227,64540.0,experimental,thinning_65_90,38
32,1.5,1.5,50661.0,experimental,thinning_65_90,38
33,1.3999999999999915,1.5,50431.0,experimental,thinning_65_90,38
34,1.5999999999999943,1.6999999999999886,57860.0,experimental,thinning_65_90,38
35,1.3000000000000114,1.2999999999999972,55137.0,experimental,thinning_65_90,38
36,1.4000000000000057,1.5,54444.0,experimental,thinning_65_90,38
37,1.7000000000000028,1.7999999999999972,56824.0,experimental,thinning_65_90,38
38,2.099999999999966,0.39999999999997726,83304.0,experimental,thinning_65_90,38
39,1.5999999999999943,1.5999999999999943,58437.0,experimental,thinning_65_90,38
40,1.2999999999999972,1.2999999999999972,41035.0,experimental,thinning_65_90,38
41,2.0999999999999943,2.1000000000000085,65932.0,experimental,thinning_65_90,38
42,1.2000000000000028,1.2000000000000028,44906.0,experimental,thinning_65_90,38
43,1.7000000000000028,1.6999999999999886,56733.0,experimental,thinning_65_90,38
44,2.4000000000000057,2.3999999999999773,73417.0,experimental,thinning_65_90,38
45,1.0,1.0,38646.0,experimental,thinning_65_90,38
46,2.1000000000000227,12.800000000000011,71952.0,experimental,thinning_65_90,38
47,1.7000000000000028,3.6000000000000085,61221.0,experimental,thinning_65_90,38
48,1.2999999999999972,1.2999999999999972,45457.0,experimental,thinning_65_90,38
49,3.299999999999983,4.599999999999994,84726.0,experimental,thinning_65_90,38
50,2.200000000000017,6.599999999999994,75059.0,experimental,thinning_65_90,38
51,1.5,1.5,51502.0,experimental,thinning_65_90,38
52,2.1000000000000227,2.0999999999999943,65263.0,experimental,thinning_65_90,38
53,2.0,8.699999999999989,68669.0,experimental,thinning_65_90,38
54,2.6000000000000227,4.699999999999989,74031.0,experimental,thinning_65_90,38
55,1.0999999999999943,2.5999999999999943,46371.0,experimental,thinning_65_90,38
56,2.0,2.0,63038.0,experimental,thinning_65_90,38
57,2.299999999999983,5.400000000000006,66889.0,experimental,thinning_65_90,38
58,2.4000000000000057,2.5999999999999943,75814.0,experimental,thinning_65_90,38
59,1.1999999999999886,4.399999999999977,29701.0,experimental,thinning_65_90,38
60,1.4000000000000057,1.700000000000017,48292.0,experimental,thinning_65_90,38
61,1.7000000000000028,8.900000000000006,61639.0,experimental,thinning_65_90,38
62,1.9000000000000057,2.1999999999999886,54077.0,experimental,thinning_65_90,38
63,1.6000000000000227,1.9000000000000057,56567.0,experimental,thinning_65_90,38
64,1.2999999999999972,1.2999999999999972,46507.0,experimental,thinning_65_90,38
65,2.0,2.9000000000000057,68005.0,experimental,thinning_65_90,38
66,1.5999999999999943,1.5,61604.0,experimental,thinning_65_90,38
67,1.4000000000000057,10.900000000000006,65262.0,experimental,thinning_65_90,38
68,1.5,4.0,62486.0,experimental,thinning_65_90,38
69,2.200000000000017,5.100000000000023,75927.0,experimental,thinning_65_90,38
70,1.6000000000000085,1.5999999999999943,53264.0,experimental,thinning_65_90,38
71,1.8999999999999773,2.0,65172.0,experimental,thinning_65_90,38
72,1.3000000000000114,1.2999999999999972,49570.0,experimental,thinning_65_90,38
73,2.5,4.100000000000023,82322.0,experimental,thinning_65_90,38
74,1.5,11.899999999999977,60641.0,experimental,thinning_65_90,38
75,1.1000000000000014,1.1000000000000014,41828.0,experimental,thinning_65_90,38
76,2.3999999999999773,7.600000000000023,65310.0,experimental,thinning_65_90,38
77,1.9000000000000057,1.9000000000000057,60866.0,experimental,thinning_65_90,38
78,2.8000000000000114,2.799999999999983,79020.0,experimental,thinning_65_90,38
79,1.4000000000000057,2.1999999999999886,51517.0,experimental,thinning_65_90,38
80,2.5,5.700000000000017,73281.0,experimental,thinning_65_90,38
81,2.5999999999999943,2.700000000000003,78817.0,experimental,thinning_65_90,38
82,1.5,1.5,57147.0,experimental,thinning_65_90,38
83,1.3999999999999915,1.5,54651.0,experimental,thinning_65_90,38
84,2.200000000000017,4.0,75505.0,experimental,thinning_65_90,38
85,2.4000000000000057,2.8000000000000114,70441.0,experimental,thinning_65_90,38
86,1.0999999999999943,-0.29999999999999716,42677.0,experimental,thinning_65_90,38
87,1.7999999999999972,1.7999999999999972,61549.0,experimental,thinning_65_90,38
88,0.6000000000000014,0.6000000000000014,25200.0,experimental,thinning_65_90,38
89,1.0,1.0,39761.0,experimental,thinning_65_90,38
90,1.8000000000000114,4.900000000000006,69604.0,experimental,thinning_65_90,38
91,1.8999999999999773,2.8000000000000114,61356.0,experimental,thinning_65_90,38
92,2.299999999999983,2.4000000000000057,73979.0,experimental,thinning_65_90,38
93,2.6000000000000085,2.200000000000017,80570.0,experimental,thinning_65_90,38
94,2.1999999999999886,4.099999999999994,73598.0,experimental,thinning_65_90,38
95,1.8000000000000114,2.3999999999999773,73533.0,experimental,thinning_65_90,38
96,1.9000000000000057,1.9999999999999858,64970.0,experimental,thinning_65_90,38
97,0.8000000000000043,0.6999999999999957,34330.0,experimental,thinning_65_90,38
98,2.5,3.3000000000000114,71396.0,experimental,thinning_65_90,38
99,1.4000000000000057,1.5,49969.0,experimental,thinning_65_90,38
100,0.29999999999998295,-20.599999999999994,67548.0,experimental,thinning_65_90,38
1,2.0,2.6000000000000085,83534.0,experimental,thinning_30_75,39
2,9.5,9.600000000000009,256300.0,experimental,thinning_30_75,39
3,10.299999999999983,9.0,272252.0,experimental,thinning_30_75,39
4,9.700000000000003,22.099999999999994,289727.0,experimental,thinning_30_75,39
5,10.5,11.299999999999983,276066.0,experimental,thinning_30_75,39
6,8.200000000000017,15.400000000000006,236974.0,experimental,thinning_30_75,39
7,11.299999999999983,11.699999999999989,283320.0,experimental,thinning_30_75,39
8,12.400000000000006,19.900000000000006,330440.0,experimental,thinning_30_75,39
9,11.700000000000017,33.799999999999955,306595.0,experimental,thinning_30_75,39
10,13.5,98.10000000000002,314995.0,experimental,thinning_30_75,39
11,13.999999999999986,14.200000000000003,338766.0,experimental,thinning_30_75,39
12,11.099999999999994,15.899999999999977,293363.0,experimental,thinning_30_75,39
13,9.099999999999994,9.099999999999994,237003.0,experimental,thinning_30_75,39
14,13.300000000000011,31.80000000000001,312271.0,experimental,thinning_30_75,39
15,9.299999999999983,25.50000000000003,282230.0,experimental,thinning_30_75,39
16,7.299999999999997,9.800000000000004,211052.0,experimental,thinning_30_75,39
17,11.5,41.900000000000006,322195.0,experimental,thinning_30_75,39
18,10.0,10.100000000000009,262830.0,experimental,thinning_30_75,39
19,11.700000000000003,12.700000000000003,298546.0,experimental,thinning_30_75,39
20,9.299999999999997,16.799999999999997,253371.0,experimental,thinning_30_75,39
21,10.0,10.299999999999997,271769.0,experimental,thinning_30_75,39
22,9.099999999999994,9.399999999999977,241860.0,experimental,thinning_30_75,39
23,13.699999999999989,13.800000000000011,332294.0,experimental,thinning_30_75,39
24,9.399999999999977,10.299999999999983,245699.0,experimental,thinning_30_75,39
25,5.699999999999996,5.800000000000001,199775.0,experimental,thinning_30_75,39
26,11.300000000000011,37.0,303925.0,experimental,thinning_30_75,39
27,12.600000000000023,61.49999999999994,284260.0,experimental,thinning_30_75,39
28,11.099999999999994,13.099999999999994,299665.0,experimental,thinning_30_75,39
29,9.900000000000006,10.399999999999991,275345.0,experimental,thinning_30_75,39
30,9.400000000000006,9.699999999999989,267880.0,experimental,thinning_30_75,39
31,11.699999999999989,11.700000000000017,289720.0,experimental,thinning_30_75,39
32,8.900000000000006,-2.0,236916.0,experimental,thinning_30_75,39
33,9.299999999999997,9.399999999999991,247873.0,experimental,thinning_30_75,39
34,7.8999999999999915,8.299999999999997,227171.0,experimental,thinning_30_75,39
35,5.200000000000003,-2.299999999999997,218295.0,experimental,thinning_30_75,39
36,8.700000000000003,9.799999999999997,256967.0,experimental,thinning_30_75,39
37,9.5,9.900000000000006,252078.0,experimental,thinning_30_75,39
38,14.799999999999955,41.39999999999998,323205.0,experimental,thinning_30_75,39
39,10.5,12.799999999999983,321785.0,experimental,thinning_30_75,39
40,12.300000000000004,12.700000000000003,305309.0,experimental,thinning_30_75,39
41,10.599999999999994,11.000000000000014,277957.0,experimental,thinning_30_75,39
42,5.700000000000003,5.700000000000003,188535.0,experimental,thinning_30_75,39
43,11.899999999999991,11.899999999999991,308212.0,experimental,thinning_30_75,39
44,12.900000000000006,14.599999999999994,324924.0,experimental,thinning_30_75,39
45,9.100000000000001,9.5,250820.0,experimental,thinning_30_75,39
46,9.700000000000045,48.80000000000001,267509.0,experimental,thinning_30_75,39
47,10.400000000000006,19.0,289623.0,experimental,thinning_30_75,39
48,11.099999999999994,11.200000000000003,286031.0,experimental,thinning_30_75,39
49,17.19999999999999,18.799999999999983,375681.0,experimental,thinning_30_75,39
50,12.900000000000006,32.30000000000001,306627.0,experimental,thinning_30_75,39
51,10.700000000000003,12.399999999999991,289846.0,experimental,thinning_30_75,39
52,13.300000000000011,18.099999999999994,357598.0,experimental,thinning_30_75,39
53,10.599999999999966,31.599999999999966,273865.0,experimental,thinning_30_75,39
54,16.200000000000045,30.5,355148.0,experimental,thinning_30_75,39
55,6.300000000000011,11.0,185213.0,experimental,thinning_30_75,39
56,11.0,11.699999999999989,280129.0,experimental,thinning_30_75,39
57,12.5,13.400000000000006,293494.0,experimental,thinning_30_75,39
58,18.599999999999994,30.5,449281.0,experimental,thinning_30_75,39
59,8.299999999999955,15.099999999999966,162982.0,experimental,thinning_30_75,39
60,11.599999999999994,11.600000000000023,304620.0,experimental,thinning_30_75,39
61,9.400000000000006,55.70000000000002,290586.0,experimental,thinning_30_75,39
62,13.0,-38.0,291896.0,experimental,thinning_30_75,39
63,10.5,15.900000000000006,277402.0,experimental,thinning_30_75,39
64,9.899999999999991,9.899999999999991,267740.0,experimental,thinning_30_75,39
65,9.599999999999994,15.800000000000011,267167.0,experimental,thinning_30_75,39
66,10.5,14.700000000000003,307880.0,experimental,thinning_30_75,39
67,7.700000000000003,36.900000000000006,261661.0,experimental,thinning_30_75,39
68,8.5,29.0,263095.0,experimental,thinning_30_75,39
69,11.900000000000006,25.100000000000023,303396.0,experimental,thinning_30_75,39
70,9.100000000000009,9.599999999999994,250733.0,experimental,thinning_30_75,39
71,9.5,9.800000000000011,257281.0,experimental,thinning_30_75,39
72,7.300000000000011,14.900000000000006,235636.0,experimental,thinning_30_75,39
73,13.0,16.900000000000006,336542.0,experimental,thinning_30_75,39
74,7.099999999999994,52.19999999999999,212915.0,experimental,thinning_30_75,39
75,6.700000000000003,6.699999999999996,210832.0,experimental,thinning_30_75,39
76,10.199999999999989,-2.8999999999999773,272248.0,experimental,thinning_30_75,39
77,10.400000000000006,10.400000000000006,268682.0,experimental,thinning_30_75,39
78,16.5,33.69999999999999,394315.0,experimental,thinning_30_75,39
79,9.600000000000023,10.400000000000006,242128.0,experimental,thinning_30_75,39
80,14.900000000000006,18.200000000000017,352150.0,experimental,thinning_30_75,39
81,13.899999999999977,12.399999999999991,319994.0,experimental,thinning_30_75,39
82,8.100000000000009,8.200000000000003,242380.0,experimental,thinning_30_75,39
83,9.5,10.5,274490.0,experimental,thinning_30_75,39
84,14.100000000000023,21.400000000000006,366649.0,experimental,thinning_30_75,39
85,15.0,12.200000000000017,356252.0,experimental,thinning_30_75,39
86,12.299999999999997,12.300000000000011,306762.0,experimental,thinning_30_75,39
87,10.899999999999991,16.89999999999999,291561.0,experimental,thinning_30_75,39
88,6.200000000000003,6.299999999999997,202355.0,experimental,thinning_30_75,39
89,6.5,6.599999999999994,204307.0,experimental,thinning_30_75,39
90,11.0,17.400000000000006,300842.0,experimental,thinning_30_75,39
91,10.5,21.100000000000023,280206.0,experimental,thinning_30_75,39
92,12.399999999999977,14.0,311289.0,experimental,thinning_30_75,39
93,13.399999999999991,10.800000000000011,335510.0,experimental,thinning_30_75,39
94,10.300000000000011,12.599999999999994,274650.0,experimental,thinning_30_75,39
95,10.400000000000006,15.699999999999989,325703.0,experimental,thinning_30_75,39
96,9.300000000000011,9.499999999999986,252446.0,experimental,thinning_30_75,39
97,5.700000000000003,5.599999999999994,188576.0,experimental,thinning_30_75,39
98,14.5,15.300000000000011,326338.0,experimental,thinning_30_75,39
99,11.5,13.5,291621.0,experimental,thinning_30_75,39
100,8.799999999999983,27.30000000000001,264268.0,experimental,thinning_30_75,39
1,0.6000000000000085,0.6000000000000085,43902.0,experimental,thinning_65_90,40
2,6.0,6.1000000000000085,169245.0,experimental,thinning_65_90,40
3,7.299999999999983,-0.30000000000001137,200396.0,experimental,thinning_65_90,40
4,6.300000000000011,12.900000000000006,201227.0,experimental,thinning_65_90,40
5,7.299999999999983,7.299999999999983,201762.0,experimental,thinning_65_90,40
6,7.0,4.599999999999994,216932.0,experimental,thinning_65_90,40
7,8.799999999999983,8.800000000000011,214268.0,experimental,thinning_65_90,40
8,8.100000000000023,8.400000000000006,209692.0,experimental,thinning_65_90,40
9,5.900000000000006,6.5,165225.0,experimental,thinning_65_90,40
10,10.299999999999955,49.39999999999998,228725.0,experimental,thinning_65_90,40
11,7.1000000000000085,7.1000000000000085,173708.0,experimental,thinning_65_90,40
12,4.800000000000011,4.699999999999989,138459.0,experimental,thinning_65_90,40
13,5.8999999999999915,5.799999999999997,159877.0,experimental,thinning_65_90,40
14,8.700000000000017,12.100000000000023,199724.0,experimental,thinning_65_90,40
15,7.099999999999994,8.599999999999994,208578.0,experimental,thinning_65_90,40
16,4.799999999999997,4.800000000000004,146029.0,experimental,thinning_65_90,40
17,7.199999999999989,23.599999999999994,201496.0,experimental,thinning_65_90,40
18,5.599999999999994,5.700000000000003,148095.0,experimental,thinning_65_90,40
19,5.900000000000006,5.900000000000006,163207.0,experimental,thinning_65_90,40
20,6.700000000000003,10.000000000000014,183587.0,experimental,thinning_65_90,40
21,5.799999999999997,5.8999999999999915,168662.0,experimental,thinning_65_90,40
22,7.299999999999983,7.299999999999983,196754.0,experimental,thinning_65_90,40
23,8.800000000000011,8.900000000000006,224079.0,experimental,thinning_65_90,40
24,6.199999999999989,7.799999999999983,168040.0,experimental,thinning_65_90,40
25,2.599999999999998,2.6999999999999993,108405.0,experimental,thinning_65_90,40
26,7.699999999999989,8.299999999999983,179794.0,experimental,thinning_65_90,40
27,7.199999999999989,33.19999999999999,183562.0,experimental,thinning_65_90,40
28,8.400000000000006,8.5,215533.0,experimental,thinning_65_90,40
29,5.800000000000011,5.799999999999997,173465.0,experimental,thinning_65_90,40
30,7.400000000000006,-1.200000000000017,224752.0,experimental,thinning_65_90,40
31,8.199999999999989,8.200000000000017,206374.0,experimental,thinning_65_90,40
32,5.6000000000000085,5.599999999999994,162973.0,experimental,thinning_65_90,40
33,5.599999999999994,5.699999999999989,160887.0,experimental,thinning_65_90,40
34,6.199999999999989,6.799999999999997,188207.0,experimental,thinning_65_90,40
35,3.6000000000000085,-5.799999999999997,162072.0,experimental,thinning_65_90,40
36,6.0,6.799999999999997,185259.0,experimental,thinning_65_90,40
37,6.799999999999997,7.0,183738.0,experimental,thinning_65_90,40
38,9.899999999999977,13.100000000000023,204003.0,experimental,thinning_65_90,40
39,5.299999999999983,5.299999999999983,150598.0,experimental,thinning_65_90,40
40,5.399999999999999,5.400000000000006,144475.0,experimental,thinning_65_90,40
41,6.900000000000006,6.8999999999999915,190010.0,experimental,thinning_65_90,40
42,4.799999999999997,4.799999999999997,155071.0,experimental,thinning_65_90,40
43,6.3999999999999915,6.5,173495.0,experimental,thinning_65_90,40
44,7.699999999999989,7.699999999999989,184300.0,experimental,thinning_65_90,40
45,4.5,4.5,140708.0,experimental,thinning_65_90,40
46,7.300000000000011,17.5,195080.0,experimental,thinning_65_90,40
47,5.6000000000000085,7.800000000000011,163959.0,experimental,thinning_65_90,40
48,4.8999999999999915,5.0,141709.0,experimental,thinning_65_90,40
49,10.799999999999983,10.699999999999989,237211.0,experimental,thinning_65_90,40
50,7.5,25.5,204315.0,experimental,thinning_65_90,40
51,5.700000000000003,5.8999999999999915,160490.0,experimental,thinning_65_90,40
52,7.900000000000006,8.099999999999994,202456.0,experimental,thinning_65_90,40
53,7.399999999999977,14.099999999999966,185877.0,experimental,thinning_65_90,40
54,8.600000000000023,19.30000000000001,181028.0,experimental,thinning_65_90,40
55,4.700000000000017,5.400000000000006,141045.0,experimental,thinning_65_90,40
56,6.900000000000006,7.0,184884.0,experimental,thinning_65_90,40
57,8.099999999999994,8.200000000000017,206932.0,experimental,thinning_65_90,40
58,8.699999999999989,8.899999999999977,218617.0,experimental,thinning_65_90,40
59,4.5,5.5,92802.0,experimental,thinning_65_90,40
60,6.0,6.100000000000023,164002.0,experimental,thinning_65_90,40
61,5.5,25.900000000000006,175274.0,experimental,thinning_65_90,40
62,7.199999999999989,5.699999999999989,138426.0,experimental,thinning_65_90,40
63,4.900000000000006,6.5,140611.0,experimental,thinning_65_90,40
64,5.199999999999989,5.199999999999989,157146.0,experimental,thinning_65_90,40
65,7.099999999999994,8.099999999999994,196901.0,experimental,thinning_65_90,40
66,5.699999999999989,5.200000000000003,182230.0,experimental,thinning_65_90,40
67,5.5,15.0,202121.0,experimental,thinning_65_90,40
68,5.699999999999989,15.299999999999997,186287.0,experimental,thinning_65_90,40
69,8.400000000000006,13.300000000000011,223073.0,experimental,thinning_65_90,40
70,6.6000000000000085,6.599999999999994,180866.0,experimental,thinning_65_90,40
71,7.0,7.100000000000023,197962.0,experimental,thinning_65_90,40
72,5.300000000000011,6.0,167886.0,experimental,thinning_65_90,40
73,9.5,9.700000000000017,240798.0,experimental,thinning_65_90,40
74,5.799999999999983,20.899999999999977,180374.0,experimental,thinning_65_90,40
75,4.700000000000003,4.699999999999996,154765.0,experimental,thinning_65_90,40
76,7.800000000000011,-9.0,193368.0,experimental,thinning_65_90,40
77,7.799999999999997,7.799999999999997,202569.0,experimental,thinning_65_90,40
78,8.800000000000011,6.699999999999989,210902.0,experimental,thinning_65_90,40
79,5.100000000000023,5.199999999999989,137162.0,experimental,thinning_65_90,40
80,9.300000000000011,10.0,223171.0,experimental,thinning_65_90,40
81,9.299999999999983,7.6000000000000085,222408.0,experimental,thinning_65_90,40
82,5.800000000000011,5.900000000000006,179840.0,experimental,thinning_65_90,40
83,5.3999999999999915,5.5,159421.0,experimental,thinning_65_90,40
84,8.200000000000017,13.900000000000006,205788.0,experimental,thinning_65_90,40
85,7.599999999999994,8.100000000000023,164678.0,experimental,thinning_65_90,40
86,4.099999999999994,4.099999999999994,115729.0,experimental,thinning_65_90,40
87,6.599999999999994,12.500000000000014,184573.0,experimental,thinning_65_90,40
88,2.8000000000000043,2.8999999999999986,110001.0,experimental,thinning_65_90,40
89,4.100000000000001,4.099999999999994,129485.0,experimental,thinning_65_90,40
90,6.700000000000017,7.900000000000006,197417.0,experimental,thinning_65_90,40
91,7.0,14.700000000000017,200522.0,experimental,thinning_65_90,40
92,8.299999999999983,8.5,219486.0,experimental,thinning_65_90,40
93,9.899999999999991,9.400000000000006,244716.0,experimental,thinning_65_90,40
94,7.699999999999989,-1.5999999999999943,200306.0,experimental,thinning_65_90,40
95,6.800000000000011,5.799999999999983,207125.0,experimental,thinning_65_90,40
96,7.5,7.6000000000000085,202686.0,experimental,thinning_65_90,40
97,3.700000000000003,3.5999999999999943,126495.0,experimental,thinning_65_90,40
98,8.5,4.7000000000000455,184198.0,experimental,thinning_65_90,40
99,4.900000000000006,5.300000000000011,139747.0,experimental,thinning_65_90,40
100,6.0,15.900000000000006,196624.0,experimental,thinning_65_90,40
1,0.29999999999999716,0.29999999999999716,13739.0,experimental,thinning_30_75,41
2,1.0,1.1000000000000085,40725.0,experimental,thinning_30_75,41
3,1.0999999999999943,3.0,42482.0,experimental,thinning_30_75,41
4,1.1000000000000085,4.6000000000000085,43711.0,experimental,thinning_30_75,41
5,1.0999999999999943,1.0999999999999943,39689.0,experimental,thinning_30_75,41
6,1.3000000000000114,10.800000000000011,39619.0,experimental,thinning_30_75,41
7,1.299999999999983,1.3000000000000114,45126.0,experimental,thinning_30_75,41
8,1.3000000000000114,6.199999999999989,47294.0,experimental,thinning_30_75,41
9,1.4000000000000057,19.700000000000045,56714.0,experimental,thinning_30_75,41
10,1.599999999999966,34.5,51779.0,experimental,thinning_30_75,41
11,1.5,1.5,53698.0,experimental,thinning_30_75,41
12,1.4000000000000057,3.3999999999999773,49681.0,experimental,thinning_30_75,41
13,0.8999999999999915,0.6999999999999886,30797.0,experimental,thinning_30_75,41
14,1.5,9.200000000000017,51079.0,experimental,thinning_30_75,41
15,0.8999999999999773,7.599999999999994,43068.0,experimental,thinning_30_75,41
16,0.6000000000000014,0.6000000000000014,26352.0,experimental,thinning_30_75,41
17,1.0999999999999943,1.9000000000000057,43373.0,experimental,thinning_30_75,41
18,1.0,1.0,37458.0,experimental,thinning_30_75,41
19,1.3000000000000114,1.2999999999999972,45229.0,experimental,thinning_30_75,41
20,1.0,1.0,38649.0,experimental,thinning_30_75,41
21,1.0,1.0999999999999943,37037.0,experimental,thinning_30_75,41
22,1.0,1.0,37500.0,experimental,thinning_30_75,41
23,1.4000000000000057,1.4000000000000057,49000.0,experimental,thinning_30_75,41
24,1.0,1.0,35460.0,experimental,thinning_30_75,41
25,0.3999999999999986,0.5,21827.0,experimental,thinning_30_75,41
26,1.1999999999999886,7.899999999999977,51729.0,experimental,thinning_30_75,41
27,1.5,12.5,51972.0,experimental,thinning_30_75,41
28,1.299999999999983,2.8000000000000114,48573.0,experimental,thinning_30_75,41
29,1.1000000000000085,1.0999999999999943,40027.0,experimental,thinning_30_75,41
30,1.0999999999999943,1.299999999999983,41392.0,experimental,thinning_30_75,41
31,1.1999999999999886,0.8000000000000114,41380.0,experimental,thinning_30_75,41
32,0.8000000000000114,0.7999999999999972,31816.0,experimental,thinning_30_75,41
33,0.8999999999999915,0.8999999999999915,33405.0,experimental,thinning_30_75,41
34,0.7999999999999972,0.8999999999999915,31048.0,experimental,thinning_30_75,41
35,0.8000000000000114,0.7999999999999972,34463.0,experimental,thinning_30_75,41
36,0.7999999999999972,1.0,33929.0,experimental,thinning_30_75,41
37,1.0,1.0,36043.0,experimental,thinning_30_75,41
38,0.6999999999999886,9.800000000000011,56853.0,experimental,thinning_30_75,41
39,1.0,4.299999999999983,50575.0,experimental,thinning_30_75,41
40,1.1999999999999957,1.2000000000000028,42360.0,experimental,thinning_30_75,41
41,1.2999999999999972,1.3999999999999915,46440.0,experimental,thinning_30_75,41
42,0.6000000000000085,0.6000000000000085,26271.0,experimental,thinning_30_75,41
43,1.0999999999999943,1.0999999999999943,44106.0,experimental,thinning_30_75,41
44,1.5,2.6999999999999886,54016.0,experimental,thinning_30_75,41
45,0.7999999999999972,0.7000000000000028,30194.0,experimental,thinning_30_75,41
46,1.2000000000000455,19.099999999999966,46156.0,experimental,thinning_30_75,41
47,1.2000000000000028,4.700000000000003,46079.0,experimental,thinning_30_75,41
48,1.0999999999999943,1.0999999999999943,39842.0,experimental,thinning_30_75,41
49,2.0,6.699999999999989,59858.0,experimental,thinning_30_75,41
50,1.4000000000000057,3.4000000000000057,50399.0,experimental,thinning_30_75,41
51,1.1000000000000085,1.0,40617.0,experimental,thinning_30_75,41
52,1.4000000000000057,9.099999999999994,51590.0,experimental,thinning_30_75,41
53,1.099999999999966,15.5,44479.0,experimental,thinning_30_75,41
54,1.7000000000000455,5.400000000000034,57240.0,experimental,thinning_30_75,41
55,0.700000000000017,3.9000000000000057,32988.0,experimental,thinning_30_75,41
56,1.3000000000000114,1.1999999999999886,45378.0,experimental,thinning_30_75,41
57,1.3999999999999773,2.700000000000017,44950.0,experimental,thinning_30_75,41
58,2.0999999999999943,2.1999999999999886,70432.0,experimental,thinning_30_75,41
59,1.099999999999966,4.399999999999977,31386.0,experimental,thinning_30_75,41
60,1.1999999999999886,1.200000000000017,41554.0,experimental,thinning_30_75,41
61,1.2000000000000028,12.400000000000006,49732.0,experimental,thinning_30_75,41
62,1.5999999999999943,8.399999999999977,52125.0,experimental,thinning_30_75,41
63,1.3000000000000114,2.6999999999999886,48013.0,experimental,thinning_30_75,41
64,0.8999999999999915,0.8999999999999915,35719.0,experimental,thinning_30_75,41
65,1.0999999999999943,2.1999999999999886,42409.0,experimental,thinning_30_75,41
66,1.0999999999999943,1.1000000000000085,47021.0,experimental,thinning_30_75,41
67,0.7000000000000028,12.100000000000009,36972.0,experimental,thinning_30_75,41
68,0.8999999999999915,6.299999999999997,40143.0,experimental,thinning_30_75,41
69,1.200000000000017,6.300000000000011,48952.0,experimental,thinning_30_75,41
70,0.9000000000000057,0.8999999999999915,34750.0,experimental,thinning_30_75,41
71,1.0,1.1000000000000227,38311.0,experimental,thinning_30_75,41
72,0.7000000000000028,1.5,32391.0,experimental,thinning_30_75,41
73,1.0,10.100000000000023,51537.0,experimental,thinning_30_75,41
74,0.9000000000000057,15.399999999999977,38960.0,experimental,thinning_30_75,41
75,0.6000000000000014,0.6000000000000014,25844.0,experimental,thinning_30_75,41
76,1.3999999999999773,16.5,45348.0,experimental,thinning_30_75,41
77,1.0999999999999943,1.1000000000000085,39388.0,experimental,thinning_30_75,41
78,1.9000000000000057,10.599999999999994,64710.0,experimental,thinning_30_75,41
79,1.1000000000000227,1.8000000000000114,40876.0,experimental,thinning_30_75,41
80,1.5999999999999943,5.900000000000006,51235.0,experimental,thinning_30_75,41
81,1.3999999999999773,1.2000000000000028,48112.0,experimental,thinning_30_75,41
82,0.7000000000000028,0.4000000000000057,32035.0,experimental,thinning_30_75,41
83,0.8999999999999915,1.0,39800.0,experimental,thinning_30_75,41
84,1.6000000000000227,5.600000000000023,56961.0,experimental,thinning_30_75,41
85,1.9000000000000057,6.300000000000011,63755.0,experimental,thinning_30_75,41
86,1.5,1.5,51783.0,experimental,thinning_30_75,41
87,1.0999999999999943,1.1000000000000085,42155.0,experimental,thinning_30_75,41
88,0.6000000000000014,0.6000000000000014,25686.0,experimental,thinning_30_75,41
89,0.6000000000000014,0.5999999999999943,28128.0,experimental,thinning_30_75,41
90,1.200000000000017,6.5,47666.0,experimental,thinning_30_75,41
91,1.0999999999999943,1.1000000000000227,38408.0,experimental,thinning_30_75,41
92,1.299999999999983,3.5999999999999943,48467.0,experimental,thinning_30_75,41
93,1.2000000000000028,1.3000000000000114,46750.0,experimental,thinning_30_75,41
94,1.0999999999999943,6.400000000000006,47057.0,experimental,thinning_30_75,41
95,0.8000000000000114,3.5999999999999943,50831.0,experimental,thinning_30_75,41
96,1.0,1.1000000000000085,38726.0,experimental,thinning_30_75,41
97,0.5,0.3999999999999986,22949.0,experimental,thinning_30_75,41
98,1.5,6.2000000000000455,51870.0,experimental,thinning_30_75,41
99,1.1999999999999886,1.1999999999999886,45078.0,experimental,thinning_30_75,41
100,1.299999999999983,10.200000000000017,44018.0,experimental,thinning_30_75,41
1,0.20000000000000284,0.20000000000000284,10196.0,experimental,thinning_65_90,42
2,0.7000000000000028,0.7000000000000028,27393.0,experimental,thinning_65_90,42
3,0.799999999999983,1.0,33809.0,experimental,thinning_65_90,42
4,0.7000000000000028,1.0,30323.0,experimental,thinning_65_90,42
5,0.799999999999983,0.799999999999983,29037.0,experimental,thinning_65_90,42
6,1.0,6.300000000000011,34491.0,experimental,thinning_65_90,42
7,0.8999999999999773,0.9000000000000057,33710.0,experimental,thinning_65_90,42
8,0.9000000000000057,0.9000000000000057,31948.0,experimental,thinning_65_90,42
9,0.8000000000000114,7.7000000000000455,34864.0,experimental,thinning_65_90,42
10,1.2999999999999545,11.0,42155.0,experimental,thinning_65_90,42
11,0.7999999999999972,0.7999999999999972,29652.0,experimental,thinning_65_90,42
12,0.8000000000000114,0.799999999999983,28715.0,experimental,thinning_65_90,42
13,0.5999999999999943,0.5,19984.0,experimental,thinning_65_90,42
14,1.200000000000017,3.200000000000017,37977.0,experimental,thinning_65_90,42
15,0.799999999999983,2.0999999999999943,35324.0,experimental,thinning_65_90,42
16,0.3999999999999986,0.20000000000000284,18174.0,experimental,thinning_65_90,42
17,0.7000000000000028,0.7999999999999972,28489.0,experimental,thinning_65_90,42
18,0.5999999999999943,0.7000000000000028,23342.0,experimental,thinning_65_90,42
19,0.8000000000000114,0.7999999999999972,28792.0,experimental,thinning_65_90,42
20,0.7000000000000028,0.7999999999999972,28389.0,experimental,thinning_65_90,42
21,0.5999999999999943,0.6999999999999886,23836.0,experimental,thinning_65_90,42
22,0.799999999999983,0.799999999999983,29168.0,experimental,thinning_65_90,42
23,1.0,0.9000000000000057,33214.0,experimental,thinning_65_90,42
24,0.6999999999999886,0.6999999999999886,27007.0,experimental,thinning_65_90,42
25,0.09999999999999787,0.1999999999999993,11311.0,experimental,thinning_65_90,42
26,1.0,2.6999999999999886,36701.0,experimental,thinning_65_90,42
27,1.0,2.599999999999966,37399.0,experimental,thinning_65_90,42
28,1.0,1.0999999999999943,37409.0,experimental,thinning_65_90,42
29,0.7000000000000028,0.5999999999999943,25928.0,experimental,thinning_65_90,42
30,0.9000000000000057,0.799999999999983,35072.0,experimental,thinning_65_90,42
31,0.9000000000000057,0.4000000000000057,31386.0,experimental,thinning_65_90,42
32,0.6000000000000085,0.5999999999999943,24195.0,experimental,thinning_65_90,42
33,0.5999999999999943,0.5999999999999943,23036.0,experimental,thinning_65_90,42
34,0.5999999999999943,0.6999999999999886,26140.0,experimental,thinning_65_90,42
35,0.6000000000000085,0.6000000000000085,25854.0,experimental,thinning_65_90,42
36,0.5,0.5999999999999943,24159.0,experimental,thinning_65_90,42
37,0.7000000000000028,0.7999999999999972,27310.0,experimental,thinning_65_90,42
38,0.19999999999998863,-1.6999999999999886,42392.0,experimental,thinning_65_90,42
39,0.5999999999999943,0.6999999999999886,27260.0,experimental,thinning_65_90,42
40,0.5,0.5,18740.0,experimental,thinning_65_90,42
41,0.8999999999999915,0.8999999999999915,33119.0,experimental,thinning_65_90,42
42,0.5,0.5,20331.0,experimental,thinning_65_90,42
43,0.5999999999999943,0.5999999999999943,26107.0,experimental,thinning_65_90,42
44,1.0999999999999943,1.0,36982.0,experimental,thinning_65_90,42
45,0.3999999999999986,0.3999999999999986,17046.0,experimental,thinning_65_90,42
46,0.9000000000000341,6.5,36635.0,experimental,thinning_65_90,42
47,0.7000000000000028,2.0,28488.0,experimental,thinning_65_90,42
48,0.5,0.5,21140.0,experimental,thinning_65_90,42
49,1.3999999999999773,1.3999999999999773,41732.0,experimental,thinning_65_90,42
50,1.0,1.700000000000017,38811.0,experimental,thinning_65_90,42
51,0.6000000000000085,0.5999999999999943,23706.0,experimental,thinning_65_90,42
52,0.8000000000000114,0.9000000000000057,30577.0,experimental,thinning_65_90,42
53,0.8999999999999773,4.599999999999966,35387.0,experimental,thinning_65_90,42
54,1.1000000000000227,1.6999999999999886,37032.0,experimental,thinning_65_90,42
55,0.5,0.5999999999999943,24562.0,experimental,thinning_65_90,42
56,0.8000000000000114,0.799999999999983,30350.0,experimental,thinning_65_90,42
57,1.0,1.200000000000017,34588.0,experimental,thinning_65_90,42
58,1.0999999999999943,1.0999999999999943,38035.0,experimental,thinning_65_90,42
59,0.5999999999999659,2.099999999999966,15889.0,experimental,thinning_65_90,42
60,0.5999999999999943,0.6000000000000227,23177.0,experimental,thinning_65_90,42
61,0.7999999999999972,4.100000000000023,28632.0,experimental,thinning_65_90,42
62,0.9000000000000057,2.1999999999999886,31109.0,experimental,thinning_65_90,42
63,0.8000000000000114,0.799999999999983,28652.0,experimental,thinning_65_90,42
64,0.5,0.5,20573.0,experimental,thinning_65_90,42
65,0.8000000000000114,1.0,33292.0,experimental,thinning_65_90,42
66,0.5999999999999943,0.6000000000000085,28684.0,experimental,thinning_65_90,42
67,0.6000000000000085,6.200000000000003,30525.0,experimental,thinning_65_90,42
68,0.5999999999999943,2.5,30313.0,experimental,thinning_65_90,42
69,0.9000000000000057,4.100000000000023,38256.0,experimental,thinning_65_90,42
70,0.6000000000000085,0.5999999999999943,23410.0,experimental,thinning_65_90,42
71,0.799999999999983,0.8000000000000114,31043.0,experimental,thinning_65_90,42
72,0.5,0.5,21798.0,experimental,thinning_65_90,42
73,1.0,1.700000000000017,41698.0,experimental,thinning_65_90,42
74,0.6999999999999886,7.199999999999989,31335.0,experimental,thinning_65_90,42
75,0.3999999999999986,0.3999999999999986,18769.0,experimental,thinning_65_90,42
76,1.1999999999999886,5.100000000000023,32888.0,experimental,thinning_65_90,42
77,0.7999999999999972,0.7999999999999972,28438.0,experimental,thinning_65_90,42
78,1.3000000000000114,1.299999999999983,40478.0,experimental,thinning_65_90,42
79,0.700000000000017,0.8000000000000114,28038.0,experimental,thinning_65_90,42
80,1.0999999999999943,3.0,35651.0,experimental,thinning_65_90,42
81,1.1999999999999886,1.1000000000000085,40438.0,experimental,thinning_65_90,42
82,0.6000000000000085,0.7000000000000028,27136.0,experimental,thinning_65_90,42
83,0.5999999999999943,0.5999999999999943,25614.0,experimental,thinning_65_90,42
84,1.0,1.0,37809.0,experimental,thinning_65_90,42
85,1.0999999999999943,1.3000000000000114,36325.0,experimental,thinning_65_90,42
86,0.5999999999999943,0.5999999999999943,22774.0,experimental,thinning_65_90,42
87,0.7999999999999972,0.7999999999999972,29523.0,experimental,thinning_65_90,42
88,0.20000000000000284,0.29999999999999716,11589.0,experimental,thinning_65_90,42
89,0.4000000000000057,0.3999999999999986,18001.0,experimental,thinning_65_90,42
90,0.700000000000017,2.8000000000000114,35496.0,experimental,thinning_65_90,42
91,0.799999999999983,0.8000000000000114,28528.0,experimental,thinning_65_90,42
92,1.0,1.0,36525.0,experimental,thinning_65_90,42
93,1.0999999999999943,1.0999999999999943,38352.0,experimental,thinning_65_90,42
94,0.9000000000000057,2.0999999999999943,37622.0,experimental,thinning_65_90,42
95,0.6000000000000227,2.299999999999983,36276.0,experimental,thinning_65_90,42
96,0.8000000000000114,0.8999999999999915,31461.0,experimental,thinning_65_90,42
97,0.30000000000000426,0.29999999999999716,15458.0,experimental,thinning_65_90,42
98,1.0,3.1000000000000227,36288.0,experimental,thinning_65_90,42
99,0.5999999999999943,0.5999999999999943,23452.0,experimental,thinning_65_90,42
100,0.5,5.700000000000017,35012.0,experimental,thinning_65_90,42
1,0.7000000000000028,0.7000000000000028,37082.0,experimental,thinning_30_75,43
2,2.299999999999997,2.3000000000000114,83216.0,experimental,thinning_30_75,43
3,2.1999999999999886,6.799999999999983,77678.0,experimental,thinning_30_75,43
4,2.3000000000000114,6.6000000000000085,83304.0,experimental,thinning_30_75,43
5,2.299999999999983,2.299999999999983,77943.0,experimental,thinning_30_75,43
6,2.200000000000017,14.699999999999989,73584.0,experimental,thinning_30_75,43
7,2.799999999999983,4.5,89563.0,experimental,thinning_30_75,43
8,2.5,10.5,84268.0,experimental,thinning_30_75,43
9,2.700000000000017,21.899999999999977,92164.0,experimental,thinning_30_75,43
10,3.2999999999999545,34.39999999999998,99045.0,experimental,thinning_30_75,43
11,3.299999999999997,3.6000000000000085,102783.0,experimental,thinning_30_75,43
12,2.5,5.199999999999989,83377.0,experimental,thinning_30_75,43
13,1.8999999999999915,1.7999999999999972,65044.0,experimental,thinning_30_75,43
14,3.1000000000000227,11.400000000000006,90941.0,experimental,thinning_30_75,43
15,1.8999999999999773,10.800000000000011,76459.0,experimental,thinning_30_75,43
16,1.6000000000000014,1.6000000000000014,63811.0,experimental,thinning_30_75,43
17,2.5999999999999943,18.80000000000001,91300.0,experimental,thinning_30_75,43
18,2.0,2.1000000000000085,70125.0,experimental,thinning_30_75,43
19,2.5,2.5,82858.0,experimental,thinning_30_75,43
20,2.0,3.4000000000000057,74672.0,experimental,thinning_30_75,43
21,2.0999999999999943,3.5,72893.0,experimental,thinning_30_75,43
22,2.0999999999999943,2.0999999999999943,72824.0,experimental,thinning_30_75,43
23,2.9000000000000057,2.8000000000000114,87768.0,experimental,thinning_30_75,43
24,1.8999999999999773,2.6999999999999886,64628.0,experimental,thinning_30_75,43
25,1.0999999999999979,1.1999999999999993,55006.0,experimental,thinning_30_75,43
26,2.6999999999999886,12.399999999999977,93367.0,experimental,thinning_30_75,43
27,3.1000000000000227,14.5,95006.0,experimental,thinning_30_75,43
28,2.799999999999983,6.900000000000006,92957.0,experimental,thinning_30_75,43
29,2.3000000000000114,2.1999999999999886,76258.0,experimental,thinning_30_75,43
30,2.3000000000000114,4.799999999999983,79437.0,experimental,thinning_30_75,43
31,2.4000000000000057,2.8000000000000114,77058.0,experimental,thinning_30_75,43
32,1.7000000000000028,1.7999999999999972,62614.0,experimental,thinning_30_75,43
33,2.0,2.0,71571.0,experimental,thinning_30_75,43
34,1.6999999999999886,1.6999999999999886,62204.0,experimental,thinning_30_75,43
35,1.6000000000000085,4.1000000000000085,71821.0,experimental,thinning_30_75,43
36,1.7999999999999972,2.799999999999997,74598.0,experimental,thinning_30_75,43
37,2.1000000000000085,2.200000000000003,72826.0,experimental,thinning_30_75,43
38,2.6999999999999886,10.300000000000011,104961.0,experimental,thinning_30_75,43
39,2.0999999999999943,10.5,92556.0,experimental,thinning_30_75,43
40,2.6000000000000014,2.700000000000003,87767.0,experimental,thinning_30_75,43
41,2.4000000000000057,2.700000000000003,79396.0,experimental,thinning_30_75,43
42,1.4000000000000057,1.4000000000000057,57984.0,experimental,thinning_30_75,43
43,2.3999999999999915,2.3999999999999915,87983.0,experimental,thinning_30_75,43
44,3.0,5.899999999999977,97762.0,experimental,thinning_30_75,43
45,1.7999999999999972,2.700000000000003,68865.0,experimental,thinning_30_75,43
46,2.400000000000034,19.099999999999966,81121.0,experimental,thinning_30_75,43
47,2.5,7.200000000000003,88207.0,experimental,thinning_30_75,43
48,2.299999999999997,2.299999999999997,79640.0,experimental,thinning_30_75,43
49,4.0,7.599999999999994,108358.0,experimental,thinning_30_75,43
50,3.0,5.599999999999994,93272.0,experimental,thinning_30_75,43
51,2.4000000000000057,2.3999999999999915,87988.0,experimental,thinning_30_75,43
52,2.9000000000000057,10.700000000000017,95558.0,experimental,thinning_30_75,43
53,2.3000000000000114,14.299999999999955,77627.0,experimental,thinning_30_75,43
54,3.6000000000000227,17.600000000000023,99475.0,experimental,thinning_30_75,43
55,1.5999999999999943,6.099999999999994,62142.0,experimental,thinning_30_75,43
56,2.5,2.5,84783.0,experimental,thinning_30_75,43
57,2.6999999999999886,3.9000000000000057,77942.0,experimental,thinning_30_75,43
58,4.199999999999989,6.5,124554.0,experimental,thinning_30_75,43
59,2.1999999999999886,5.800000000000011,57989.0,experimental,thinning_30_75,43
60,2.4000000000000057,7.600000000000023,80706.0,experimental,thinning_30_75,43
61,2.6000000000000085,16.200000000000017,95600.0,experimental,thinning_30_75,43
62,3.0,7.800000000000011,83616.0,experimental,thinning_30_75,43
63,2.5,4.400000000000006,84484.0,experimental,thinning_30_75,43
64,2.0,2.0,71988.0,experimental,thinning_30_75,43
65,2.3000000000000114,3.9000000000000057,81243.0,experimental,thinning_30_75,43
66,2.299999999999997,2.200000000000003,87183.0,experimental,thinning_30_75,43
67,1.7000000000000028,14.700000000000003,75399.0,experimental,thinning_30_75,43
68,2.0,9.5,83069.0,experimental,thinning_30_75,43
69,2.5,6.300000000000011,88344.0,experimental,thinning_30_75,43
70,2.1000000000000085,2.0999999999999943,74174.0,experimental,thinning_30_75,43
71,2.0,2.3000000000000114,72903.0,experimental,thinning_30_75,43
72,1.8000000000000114,4.5,71910.0,experimental,thinning_30_75,43
73,2.3000000000000114,7.700000000000017,93986.0,experimental,thinning_30_75,43
74,1.799999999999983,18.399999999999977,68935.0,experimental,thinning_30_75,43
75,1.3999999999999986,1.3999999999999986,61055.0,experimental,thinning_30_75,43
76,2.8999999999999773,9.900000000000034,87633.0,experimental,thinning_30_75,43
77,2.4000000000000057,2.4000000000000057,81343.0,experimental,thinning_30_75,43
78,3.8000000000000114,10.799999999999983,113074.0,experimental,thinning_30_75,43
79,2.0,3.0,69556.0,experimental,thinning_30_75,43
80,3.3000000000000114,7.300000000000011,98826.0,experimental,thinning_30_75,43
81,2.8999999999999773,2.8999999999999915,92288.0,experimental,thinning_30_75,43
82,1.8000000000000114,1.2999999999999972,71673.0,experimental,thinning_30_75,43
83,2.0,2.0999999999999943,84281.0,experimental,thinning_30_75,43
84,3.1000000000000227,8.0,104199.0,experimental,thinning_30_75,43
85,3.5,10.200000000000017,107958.0,experimental,thinning_30_75,43
86,2.700000000000003,3.0999999999999943,89366.0,experimental,thinning_30_75,43
87,2.299999999999997,2.299999999999997,81136.0,experimental,thinning_30_75,43
88,1.3000000000000043,1.3999999999999986,57369.0,experimental,thinning_30_75,43
89,1.5,1.5,63700.0,experimental,thinning_30_75,43
90,2.3000000000000114,8.200000000000017,82090.0,experimental,thinning_30_75,43
91,2.1999999999999886,3.3000000000000114,75772.0,experimental,thinning_30_75,43
92,2.799999999999983,3.4000000000000057,90755.0,experimental,thinning_30_75,43
93,2.8999999999999915,3.0,94375.0,experimental,thinning_30_75,43
94,2.4000000000000057,7.700000000000017,85920.0,experimental,thinning_30_75,43
95,1.9000000000000057,4.899999999999977,94989.0,experimental,thinning_30_75,43
96,2.200000000000017,2.200000000000003,77670.0,experimental,thinning_30_75,43
97,1.3000000000000043,1.1999999999999957,56281.0,experimental,thinning_30_75,43
98,3.200000000000017,6.5,94790.0,experimental,thinning_30_75,43
99,2.5,2.9000000000000057,85902.0,experimental,thinning_30_75,43
100,1.3999999999999773,-15.599999999999994,81982.0,experimental,thinning_30_75,43
1,0.5,0.4000000000000057,27371.0,experimental,thinning_65_90,44
2,1.5,1.6000000000000085,56613.0,experimental,thinning_65_90,44
3,1.6999999999999886,2.0,63040.0,experimental,thinning_65_90,44
4,1.6000000000000085,3.0,62888.0,experimental,thinning_65_90,44
5,1.5999999999999943,1.5999999999999943,58076.0,experimental,thinning_65_90,44
6,1.8000000000000114,7.400000000000006,64205.0,experimental,thinning_65_90,44
7,2.0999999999999943,2.0999999999999943,66698.0,experimental,thinning_65_90,44
8,1.8000000000000114,2.299999999999983,58345.0,experimental,thinning_65_90,44
9,1.5999999999999943,8.700000000000045,59088.0,experimental,thinning_65_90,44
10,2.7999999999999545,13.100000000000023,82087.0,experimental,thinning_65_90,44
11,2.0,2.0999999999999943,64824.0,experimental,thinning_65_90,44
12,1.5,1.5,53465.0,experimental,thinning_65_90,44
13,1.3999999999999915,1.2999999999999972,45523.0,experimental,thinning_65_90,44
14,2.200000000000017,5.0,67788.0,experimental,thinning_65_90,44
15,1.6999999999999886,2.9000000000000057,63456.0,experimental,thinning_65_90,44
16,1.2000000000000028,1.2000000000000028,49496.0,experimental,thinning_65_90,44
17,1.7000000000000028,15.0,61975.0,experimental,thinning_65_90,44
18,1.5,1.5,49218.0,experimental,thinning_65_90,44
19,1.5,1.5,55964.0,experimental,thinning_65_90,44
20,1.6000000000000085,1.7999999999999972,56761.0,experimental,thinning_65_90,44
21,1.5,1.5,52970.0,experimental,thinning_65_90,44
22,1.6999999999999886,1.6999999999999886,58434.0,experimental,thinning_65_90,44
23,2.0,2.0,63038.0,experimental,thinning_65_90,44
24,1.3999999999999773,1.4000000000000057,48064.0,experimental,thinning_65_90,44
25,0.5999999999999979,0.6000000000000014,34036.0,experimental,thinning_65_90,44
26,2.1999999999999886,3.0999999999999943,66799.0,experimental,thinning_65_90,44
27,2.1000000000000227,1.3999999999999773,73034.0,experimental,thinning_65_90,44
28,2.1999999999999886,2.3000000000000114,73659.0,experimental,thinning_65_90,44
29,1.5,1.5,53753.0,experimental,thinning_65_90,44
30,1.8000000000000114,1.799999999999983,69126.0,experimental,thinning_65_90,44
31,1.8000000000000114,1.4000000000000057,59020.0,experimental,thinning_65_90,44
32,1.3000000000000114,1.2999999999999972,48960.0,experimental,thinning_65_90,44
33,1.2999999999999972,1.3999999999999915,50965.0,experimental,thinning_65_90,44
34,1.3999999999999915,1.5,53611.0,experimental,thinning_65_90,44
35,1.2000000000000028,1.9000000000000057,56557.0,experimental,thinning_65_90,44
36,1.2999999999999972,1.5,57017.0,experimental,thinning_65_90,44
37,1.6000000000000085,1.7000000000000028,56845.0,experimental,thinning_65_90,44
38,1.7999999999999545,-0.10000000000002274,78947.0,experimental,thinning_65_90,44
39,1.3999999999999915,1.3999999999999915,56783.0,experimental,thinning_65_90,44
40,1.3999999999999986,1.5,49756.0,experimental,thinning_65_90,44
41,1.6999999999999886,1.6000000000000085,57948.0,experimental,thinning_65_90,44
42,1.1000000000000085,1.1000000000000085,46989.0,experimental,thinning_65_90,44
43,1.5999999999999943,1.5999999999999943,58391.0,experimental,thinning_65_90,44
44,2.1999999999999886,2.0999999999999943,70302.0,experimental,thinning_65_90,44
45,1.1000000000000014,1.1000000000000014,46458.0,experimental,thinning_65_90,44
46,1.900000000000034,7.699999999999989,64717.0,experimental,thinning_65_90,44
47,1.7000000000000028,2.8000000000000114,61101.0,experimental,thinning_65_90,44
48,1.2999999999999972,1.2999999999999972,49304.0,experimental,thinning_65_90,44
49,2.799999999999983,2.799999999999983,78205.0,experimental,thinning_65_90,44
50,2.0,2.3000000000000114,72695.0,experimental,thinning_65_90,44
51,1.5,1.5,57340.0,experimental,thinning_65_90,44
52,1.8000000000000114,1.9000000000000057,60662.0,experimental,thinning_65_90,44
53,1.8000000000000114,4.5,62285.0,experimental,thinning_65_90,44
54,2.5,13.400000000000034,69959.0,experimental,thinning_65_90,44
55,1.200000000000017,1.5,46390.0,experimental,thinning_65_90,44
56,1.8000000000000114,1.799999999999983,60106.0,experimental,thinning_65_90,44
57,1.8999999999999773,1.9000000000000057,60027.0,experimental,thinning_65_90,44
58,2.3000000000000114,2.299999999999983,71316.0,experimental,thinning_65_90,44
59,1.1999999999999886,2.6999999999999886,33159.0,experimental,thinning_65_90,44
60,1.5999999999999943,1.700000000000017,53605.0,experimental,thinning_65_90,44
61,1.6000000000000085,7.600000000000023,61172.0,experimental,thinning_65_90,44
62,1.8000000000000114,1.8000000000000114,52147.0,experimental,thinning_65_90,44
63,1.5,2.0999999999999943,55234.0,experimental,thinning_65_90,44
64,1.2999999999999972,1.2999999999999972,49001.0,experimental,thinning_65_90,44
65,1.700000000000017,2.5999999999999943,63352.0,experimental,thinning_65_90,44
66,1.5,1.4000000000000057,60591.0,experimental,thinning_65_90,44
67,1.4000000000000057,7.700000000000003,63867.0,experimental,thinning_65_90,44
68,1.5,4.299999999999997,64347.0,experimental,thinning_65_90,44
69,2.0,3.6000000000000227,71962.0,experimental,thinning_65_90,44
70,1.5,1.5999999999999943,56016.0,experimental,thinning_65_90,44
71,1.5999999999999943,1.700000000000017,60515.0,experimental,thinning_65_90,44
72,1.3000000000000114,1.2999999999999972,53647.0,experimental,thinning_65_90,44
73,2.3000000000000114,2.4000000000000057,75920.0,experimental,thinning_65_90,44
74,1.4000000000000057,8.0,58365.0,experimental,thinning_65_90,44
75,1.1000000000000014,1.1000000000000014,47133.0,experimental,thinning_65_90,44
76,2.099999999999966,6.0,62670.0,experimental,thinning_65_90,44
77,1.7999999999999972,1.7999999999999972,60856.0,experimental,thinning_65_90,44
78,2.5999999999999943,2.5999999999999943,76369.0,experimental,thinning_65_90,44
79,1.3000000000000114,1.5999999999999943,49814.0,experimental,thinning_65_90,44
80,2.3000000000000114,3.9000000000000057,71213.0,experimental,thinning_65_90,44
81,2.299999999999983,2.299999999999997,77246.0,experimental,thinning_65_90,44
82,1.5,1.5999999999999943,61244.0,experimental,thinning_65_90,44
83,1.3999999999999915,1.3999999999999915,55428.0,experimental,thinning_65_90,44
84,2.3000000000000114,2.3000000000000114,76958.0,experimental,thinning_65_90,44
85,2.3000000000000114,2.5,67036.0,experimental,thinning_65_90,44
86,1.2000000000000028,1.2000000000000028,47270.0,experimental,thinning_65_90,44
87,1.5999999999999943,1.6000000000000085,59727.0,experimental,thinning_65_90,44
88,0.7000000000000028,0.6999999999999957,33206.0,experimental,thinning_65_90,44
89,1.0,1.0,43376.0,experimental,thinning_65_90,44
90,1.5999999999999943,3.5999999999999943,62610.0,experimental,thinning_65_90,44
91,1.6999999999999886,2.4000000000000057,58800.0,experimental,thinning_65_90,44
92,2.0,2.0999999999999943,68663.0,experimental,thinning_65_90,44
93,2.3999999999999915,2.5,76882.0,experimental,thinning_65_90,44
94,1.9000000000000057,3.0999999999999943,68384.0,experimental,thinning_65_90,44
95,1.6000000000000227,1.5999999999999943,69927.0,experimental,thinning_65_90,44
96,1.8000000000000114,1.7999999999999972,65464.0,experimental,thinning_65_90,44
97,0.8999999999999986,0.7999999999999972,41538.0,experimental,thinning_65_90,44
98,2.200000000000017,2.1000000000000227,64796.0,experimental,thinning_65_90,44
99,1.5,1.5,52993.0,experimental,thinning_65_90,44
100,0.29999999999998295,-21.19999999999999,64514.0,experimental,thinning_65_90,44
1,6.1000000000000085,6.200000000000003,216957.0,experimental,thinning_30_75,45
2,13.700000000000003,12.400000000000006,347269.0,experimental,thinning_30_75,45
3,12.400000000000006,7.899999999999977,324340.0,experimental,thinning_30_75,45
4,11.600000000000009,16.400000000000006,320917.0,experimental,thinning_30_75,45
5,9.699999999999989,6.799999999999983,283429.0,experimental,thinning_30_75,45
6,11.0,16.099999999999994,308884.0,experimental,thinning_30_75,45
7,17.19999999999999,17.30000000000001,377652.0,experimental,thinning_30_75,45
8,12.800000000000011,20.0,316347.0,experimental,thinning_30_75,45
9,13.0,58.700000000000045,316952.0,experimental,thinning_30_75,45
10,21.099999999999966,56.700000000000045,423423.0,experimental,thinning_30_75,45
11,19.299999999999997,19.299999999999997,412230.0,experimental,thinning_30_75,45
12,13.300000000000011,14.299999999999983,328084.0,experimental,thinning_30_75,45
13,9.0,8.799999999999997,237768.0,experimental,thinning_30_75,45
14,15.700000000000017,25.5,349132.0,experimental,thinning_30_75,45
15,10.0,13.900000000000006,293422.0,experimental,thinning_30_75,45
16,11.5,11.300000000000004,313522.0,experimental,thinning_30_75,45
17,13.400000000000006,30.30000000000001,373430.0,experimental,thinning_30_75,45
18,8.399999999999991,8.5,228278.0,experimental,thinning_30_75,45
19,11.5,11.5,310198.0,experimental,thinning_30_75,45
20,11.500000000000014,12.200000000000003,308199.0,experimental,thinning_30_75,45
21,9.399999999999991,9.5,273980.0,experimental,thinning_30_75,45
22,11.099999999999994,11.099999999999994,290282.0,experimental,thinning_30_75,45
23,14.400000000000006,14.5,323454.0,experimental,thinning_30_75,45
24,7.899999999999977,9.5,229372.0,experimental,thinning_30_75,45
25,8.399999999999999,8.400000000000002,283134.0,experimental,thinning_30_75,45
26,15.400000000000006,22.0,346543.0,experimental,thinning_30_75,45
27,18.80000000000001,21.80000000000001,414376.0,experimental,thinning_30_75,45
28,18.0,18.099999999999994,428103.0,experimental,thinning_30_75,45
29,8.900000000000006,8.899999999999991,270592.0,experimental,thinning_30_75,45
30,11.199999999999989,10.899999999999977,314370.0,experimental,thinning_30_75,45
31,12.800000000000011,12.300000000000011,297892.0,experimental,thinning_30_75,45
32,8.0,0.09999999999999432,237016.0,experimental,thinning_30_75,45
33,9.799999999999997,9.899999999999991,287091.0,experimental,thinning_30_75,45
34,6.799999999999997,6.8999999999999915,236195.0,experimental,thinning_30_75,45
35,7.300000000000011,12.200000000000003,286730.0,experimental,thinning_30_75,45
36,9.5,9.5,326429.0,experimental,thinning_30_75,45
37,11.200000000000003,11.400000000000006,294546.0,experimental,thinning_30_75,45
38,20.5,30.600000000000023,420721.0,experimental,thinning_30_75,45
39,12.099999999999994,9.900000000000006,382606.0,experimental,thinning_30_75,45
40,14.800000000000004,15.0,330720.0,experimental,thinning_30_75,45
41,12.299999999999983,12.299999999999997,337032.0,experimental,thinning_30_75,45
42,6.700000000000003,6.6000000000000085,259405.0,experimental,thinning_30_75,45
43,13.5,13.5,345671.0,experimental,thinning_30_75,45
44,16.400000000000006,16.299999999999983,393928.0,experimental,thinning_30_75,45
45,10.600000000000001,10.599999999999994,299266.0,experimental,thinning_30_75,45
46,13.600000000000023,23.19999999999999,327095.0,experimental,thinning_30_75,45
47,12.700000000000003,14.400000000000006,336478.0,experimental,thinning_30_75,45
48,13.099999999999994,13.200000000000003,334690.0,experimental,thinning_30_75,45
49,20.399999999999977,20.5,425392.0,experimental,thinning_30_75,45
50,16.400000000000006,35.20000000000002,392125.0,experimental,thinning_30_75,45
51,13.799999999999997,14.0,368565.0,experimental,thinning_30_75,45
52,13.900000000000006,14.099999999999994,351164.0,experimental,thinning_30_75,45
53,12.199999999999989,17.899999999999977,286811.0,experimental,thinning_30_75,45
54,20.5,31.80000000000001,423978.0,experimental,thinning_30_75,45
55,12.200000000000017,13.5,285494.0,experimental,thinning_30_75,45
56,12.800000000000011,12.900000000000006,322860.0,experimental,thinning_30_75,45
57,13.0,-1.5999999999999943,338670.0,experimental,thinning_30_75,45
58,19.400000000000006,13.599999999999994,395952.0,experimental,thinning_30_75,45
59,16.5,18.19999999999999,340035.0,experimental,thinning_30_75,45
60,16.0,16.30000000000001,405808.0,experimental,thinning_30_75,45
61,14.100000000000009,24.600000000000023,344183.0,experimental,thinning_30_75,45
62,15.300000000000011,-38.20000000000002,347472.0,experimental,thinning_30_75,45
63,12.300000000000011,13.199999999999989,317516.0,experimental,thinning_30_75,45
64,9.199999999999989,9.199999999999989,272686.0,experimental,thinning_30_75,45
65,11.700000000000017,12.699999999999989,319181.0,experimental,thinning_30_75,45
66,10.199999999999989,9.700000000000003,302882.0,experimental,thinning_30_75,45
67,10.100000000000009,17.900000000000006,307246.0,experimental,thinning_30_75,45
68,11.699999999999989,22.5,334252.0,experimental,thinning_30_75,45
69,15.900000000000006,19.100000000000023,394692.0,experimental,thinning_30_75,45
70,10.799999999999997,10.799999999999997,284497.0,experimental,thinning_30_75,45
71,9.299999999999983,9.400000000000006,281133.0,experimental,thinning_30_75,45
72,9.0,10.100000000000009,293989.0,experimental,thinning_30_75,45
73,15.599999999999994,16.200000000000017,382966.0,experimental,thinning_30_75,45
74,9.900000000000006,54.69999999999999,290211.0,experimental,thinning_30_75,45
75,10.5,7.500000000000007,320099.0,experimental,thinning_30_75,45
76,16.69999999999999,16.5,411148.0,experimental,thinning_30_75,45
77,13.299999999999997,13.299999999999997,328316.0,experimental,thinning_30_75,45
78,18.400000000000006,20.799999999999983,391210.0,experimental,thinning_30_75,45
79,12.200000000000017,12.199999999999989,318336.0,experimental,thinning_30_75,45
80,18.099999999999994,18.900000000000006,380719.0,experimental,thinning_30_75,45
81,17.19999999999999,25.500000000000014,425673.0,experimental,thinning_30_75,45
82,10.5,10.400000000000006,337172.0,experimental,thinning_30_75,45
83,11.899999999999991,12.0,360963.0,experimental,thinning_30_75,45
84,15.900000000000006,17.0,406731.0,experimental,thinning_30_75,45
85,17.099999999999994,16.80000000000001,373676.0,experimental,thinning_30_75,45
86,13.899999999999991,12.199999999999989,368272.0,experimental,thinning_30_75,45
87,9.700000000000003,15.500000000000014,287875.0,experimental,thinning_30_75,45
88,8.899999999999999,9.0,279973.0,experimental,thinning_30_75,45
89,8.5,8.399999999999999,269156.0,experimental,thinning_30_75,45
90,11.599999999999994,13.0,314888.0,experimental,thinning_30_75,45
91,11.299999999999983,13.100000000000023,292000.0,experimental,thinning_30_75,45
92,14.599999999999994,11.800000000000011,356351.0,experimental,thinning_30_75,45
93,16.499999999999986,16.0,392202.0,experimental,thinning_30_75,45
94,13.099999999999994,1.9000000000000057,357230.0,experimental,thinning_30_75,45
95,12.900000000000006,13.5,414465.0,experimental,thinning_30_75,45
96,12.400000000000006,12.499999999999986,337348.0,experimental,thinning_30_75,45
97,9.200000000000003,8.599999999999994,295024.0,experimental,thinning_30_75,45
98,16.100000000000023,17.200000000000045,332570.0,experimental,thinning_30_75,45
99,16.099999999999994,16.599999999999994,380200.0,experimental,thinning_30_75,45
100,15.599999999999994,15.0,369312.0,experimental,thinning_30_75,45
1,4.0,3.9000000000000057,166259.0,experimental,thinning_65_90,46
2,9.5,8.300000000000011,256270.0,experimental,thinning_65_90,46
3,9.599999999999994,3.6999999999999886,264804.0,experimental,thinning_65_90,46
4,8.400000000000006,10.400000000000006,251735.0,experimental,thinning_65_90,46
5,6.599999999999994,6.599999999999994,222052.0,experimental,thinning_65_90,46
6,8.800000000000011,6.800000000000011,275775.0,experimental,thinning_65_90,46
7,12.799999999999983,12.900000000000006,289769.0,experimental,thinning_65_90,46
8,8.900000000000006,9.0,225026.0,experimental,thinning_65_90,46
9,8.900000000000006,17.299999999999955,237824.0,experimental,thinning_65_90,46
10,17.599999999999966,37.39999999999998,357150.0,experimental,thinning_65_90,46
11,14.700000000000003,14.700000000000003,324020.0,experimental,thinning_65_90,46
12,9.400000000000006,9.399999999999977,249557.0,experimental,thinning_65_90,46
13,6.199999999999989,6.099999999999994,174097.0,experimental,thinning_65_90,46
14,9.700000000000017,11.300000000000011,241329.0,experimental,thinning_65_90,46
15,8.599999999999994,8.800000000000011,259796.0,experimental,thinning_65_90,46
16,9.599999999999994,9.300000000000004,269706.0,experimental,thinning_65_90,46
17,10.900000000000006,24.5,310859.0,experimental,thinning_65_90,46
18,4.799999999999997,4.799999999999997,140887.0,experimental,thinning_65_90,46
19,7.300000000000011,7.299999999999997,233102.0,experimental,thinning_65_90,46
20,8.799999999999997,7.700000000000003,248043.0,experimental,thinning_65_90,46
21,6.5,6.599999999999994,217178.0,experimental,thinning_65_90,46
22,8.799999999999983,7.899999999999977,242518.0,experimental,thinning_65_90,46
23,10.0,10.0,240512.0,experimental,thinning_65_90,46
24,5.599999999999994,6.400000000000006,179651.0,experimental,thinning_65_90,46
25,6.199999999999996,6.300000000000001,222426.0,experimental,thinning_65_90,46
26,11.0,11.099999999999994,252403.0,experimental,thinning_65_90,46
27,15.800000000000011,20.30000000000001,366800.0,experimental,thinning_65_90,46
28,14.900000000000006,14.900000000000006,361051.0,experimental,thinning_65_90,46
29,6.400000000000006,6.3999999999999915,213267.0,experimental,thinning_65_90,46
30,8.900000000000006,-2.5,274918.0,experimental,thinning_65_90,46
31,9.599999999999994,9.100000000000023,235034.0,experimental,thinning_65_90,46
32,5.800000000000011,5.799999999999997,188517.0,experimental,thinning_65_90,46
33,6.599999999999994,6.699999999999989,216987.0,experimental,thinning_65_90,46
34,5.5,5.599999999999994,207358.0,experimental,thinning_65_90,46
35,4.900000000000006,6.200000000000003,223141.0,experimental,thinning_65_90,46
36,7.5,7.5,272893.0,experimental,thinning_65_90,46
37,8.799999999999997,8.900000000000006,239710.0,experimental,thinning_65_90,46
38,14.099999999999966,36.69999999999999,300478.0,experimental,thinning_65_90,46
39,7.199999999999989,7.099999999999994,267942.0,experimental,thinning_65_90,46
40,10.699999999999996,10.799999999999997,246276.0,experimental,thinning_65_90,46
41,8.400000000000006,8.399999999999991,263057.0,experimental,thinning_65_90,46
42,5.6000000000000085,5.5,218946.0,experimental,thinning_65_90,46
43,10.5,10.5,278652.0,experimental,thinning_65_90,46
44,12.199999999999989,12.099999999999994,301346.0,experimental,thinning_65_90,46
45,8.299999999999997,8.200000000000003,248337.0,experimental,thinning_65_90,46
46,10.400000000000034,14.300000000000011,260931.0,experimental,thinning_65_90,46
47,9.100000000000009,9.400000000000006,257565.0,experimental,thinning_65_90,46
48,9.799999999999997,9.799999999999997,261979.0,experimental,thinning_65_90,46
49,14.799999999999983,14.699999999999989,330760.0,experimental,thinning_65_90,46
50,12.300000000000011,30.099999999999994,335901.0,experimental,thinning_65_90,46
51,8.700000000000003,8.699999999999989,252157.0,experimental,thinning_65_90,46
52,9.600000000000023,9.800000000000011,249794.0,experimental,thinning_65_90,46
53,9.800000000000011,11.5,234703.0,experimental,thinning_65_90,46
54,17.0,21.80000000000001,355565.0,experimental,thinning_65_90,46
55,10.099999999999994,10.200000000000017,247475.0,experimental,thinning_65_90,46
56,8.300000000000011,8.299999999999983,234636.0,experimental,thinning_65_90,46
57,9.399999999999977,-5.5,279763.0,experimental,thinning_65_90,46
58,12.599999999999994,12.899999999999977,259878.0,experimental,thinning_65_90,46
59,11.899999999999977,12.099999999999966,257384.0,experimental,thinning_65_90,46
60,11.699999999999989,11.700000000000017,313959.0,experimental,thinning_65_90,46
61,9.0,13.200000000000017,236329.0,experimental,thinning_65_90,46
62,11.800000000000011,-40.80000000000001,273684.0,experimental,thinning_65_90,46
63,8.400000000000006,8.699999999999989,232178.0,experimental,thinning_65_90,46
64,6.699999999999989,6.699999999999989,215681.0,experimental,thinning_65_90,46
65,9.099999999999994,9.0,262049.0,experimental,thinning_65_90,46
66,7.199999999999989,8.200000000000003,224940.0,experimental,thinning_65_90,46
67,8.0,10.100000000000009,259907.0,experimental,thinning_65_90,46
68,8.5,16.599999999999994,266492.0,experimental,thinning_65_90,46
69,13.800000000000011,15.200000000000017,350778.0,experimental,thinning_65_90,46
70,8.600000000000009,8.699999999999989,233058.0,experimental,thinning_65_90,46
71,6.899999999999977,7.0,229158.0,experimental,thinning_65_90,46
72,6.5,6.6000000000000085,228712.0,experimental,thinning_65_90,46
73,12.5,12.400000000000006,316684.0,experimental,thinning_65_90,46
74,8.699999999999989,19.399999999999977,269155.0,experimental,thinning_65_90,46
75,7.799999999999997,7.699999999999996,249912.0,experimental,thinning_65_90,46
76,11.699999999999989,12.199999999999989,318228.0,experimental,thinning_65_90,46
77,11.099999999999994,11.100000000000009,276588.0,experimental,thinning_65_90,46
78,13.599999999999994,13.799999999999983,297250.0,experimental,thinning_65_90,46
79,9.400000000000006,9.5,263190.0,experimental,thinning_65_90,46
80,14.5,14.600000000000023,313515.0,experimental,thinning_65_90,46
81,13.5,21.700000000000003,357960.0,experimental,thinning_65_90,46
82,8.400000000000006,6.099999999999994,295675.0,experimental,thinning_65_90,46
83,7.0,7.099999999999994,245893.0,experimental,thinning_65_90,46
84,14.0,14.400000000000006,351430.0,experimental,thinning_65_90,46
85,11.0,10.5,252843.0,experimental,thinning_65_90,46
86,9.399999999999991,9.300000000000011,271777.0,experimental,thinning_65_90,46
87,6.8999999999999915,12.799999999999997,224965.0,experimental,thinning_65_90,46
88,6.5,6.5,214548.0,experimental,thinning_65_90,46
89,5.700000000000003,5.699999999999996,190643.0,experimental,thinning_65_90,46
90,9.0,9.099999999999994,262118.0,experimental,thinning_65_90,46
91,9.299999999999983,10.400000000000006,249844.0,experimental,thinning_65_90,46
92,10.899999999999977,10.900000000000006,282620.0,experimental,thinning_65_90,46
93,13.700000000000003,13.0,338314.0,experimental,thinning_65_90,46
94,9.800000000000011,-4.099999999999994,286328.0,experimental,thinning_65_90,46
95,9.800000000000011,8.599999999999994,330911.0,experimental,thinning_65_90,46
96,10.900000000000006,10.999999999999986,305075.0,experimental,thinning_65_90,46
97,6.899999999999999,6.399999999999999,234135.0,experimental,thinning_65_90,46
98,11.300000000000011,7.600000000000023,238460.0,experimental,thinning_65_90,46
99,11.900000000000006,12.0,298442.0,experimental,thinning_65_90,46
100,12.099999999999994,7.599999999999994,311750.0,experimental,thinning_65_90,46
1,0.7000000000000028,0.7000000000000028,21764.0,experimental,thinning_30_75,47
2,2.700000000000003,2.700000000000003,75928.0,experimental,thinning_30_75,47
3,3.0999999999999943,8.299999999999983,74312.0,experimental,thinning_30_75,47
4,2.700000000000003,9.400000000000006,83884.0,experimental,thinning_30_75,47
5,3.1999999999999886,4.299999999999983,75761.0,experimental,thinning_30_75,47
6,2.6000000000000227,12.5,62693.0,experimental,thinning_30_75,47
7,3.5,4.900000000000006,81872.0,experimental,thinning_30_75,47
8,3.700000000000017,13.599999999999994,97382.0,experimental,thinning_30_75,47
9,3.8000000000000114,23.200000000000045,90981.0,experimental,thinning_30_75,47
10,4.099999999999966,51.299999999999955,80865.0,experimental,thinning_30_75,47
11,4.799999999999997,5.200000000000003,114342.0,experimental,thinning_30_75,47
12,3.3000000000000114,7.099999999999994,84132.0,experimental,thinning_30_75,47
13,2.6999999999999886,2.5999999999999943,66205.0,experimental,thinning_30_75,47
14,4.5,15.400000000000006,89920.0,experimental,thinning_30_75,47
15,2.3999999999999773,12.500000000000028,75552.0,experimental,thinning_30_75,47
16,2.0,2.1000000000000014,53167.0,experimental,thinning_30_75,47
17,3.9000000000000057,23.0,101643.0,experimental,thinning_30_75,47
18,2.8999999999999915,2.9000000000000057,76533.0,experimental,thinning_30_75,47
19,3.8000000000000114,3.799999999999997,86941.0,experimental,thinning_30_75,47
20,2.6000000000000085,5.5,74870.0,experimental,thinning_30_75,47
21,3.0,3.0999999999999943,74007.0,experimental,thinning_30_75,47
22,2.6999999999999886,3.0999999999999943,66144.0,experimental,thinning_30_75,47
23,4.0,4.300000000000011,97422.0,experimental,thinning_30_75,47
24,2.799999999999983,-5.300000000000011,68860.0,experimental,thinning_30_75,47
25,1.6999999999999993,1.8000000000000007,53775.0,experimental,thinning_30_75,47
26,3.4000000000000057,16.19999999999999,93835.0,experimental,thinning_30_75,47
27,3.8000000000000114,15.099999999999966,74774.0,experimental,thinning_30_75,47
28,3.299999999999983,1.8000000000000114,89357.0,experimental,thinning_30_75,47
29,3.1000000000000085,3.1999999999999886,79097.0,experimental,thinning_30_75,47
30,2.9000000000000057,3.5999999999999943,74864.0,experimental,thinning_30_75,47
31,3.4000000000000057,2.9000000000000057,78792.0,experimental,thinning_30_75,47
32,2.4000000000000057,-8.600000000000009,65717.0,experimental,thinning_30_75,47
33,2.8999999999999915,3.0,70111.0,experimental,thinning_30_75,47
34,2.299999999999997,2.5,59830.0,experimental,thinning_30_75,47
35,1.3000000000000114,9.100000000000009,62716.0,experimental,thinning_30_75,47
36,2.700000000000003,3.200000000000003,71437.0,experimental,thinning_30_75,47
37,2.700000000000003,2.9000000000000057,68358.0,experimental,thinning_30_75,47
38,5.0,9.600000000000023,95481.0,experimental,thinning_30_75,47
39,2.5,1.5,96444.0,experimental,thinning_30_75,47
40,3.999999999999993,4.099999999999994,95780.0,experimental,thinning_30_75,47
41,3.5,3.500000000000014,75772.0,experimental,thinning_30_75,47
42,1.7000000000000028,1.7000000000000028,49051.0,experimental,thinning_30_75,47
43,3.799999999999997,3.799999999999997,97131.0,experimental,thinning_30_75,47
44,4.099999999999994,4.799999999999983,93826.0,experimental,thinning_30_75,47
45,2.799999999999997,3.0,67610.0,experimental,thinning_30_75,47
46,2.8000000000000114,23.399999999999977,75407.0,experimental,thinning_30_75,47
47,3.3000000000000114,7.900000000000006,92630.0,experimental,thinning_30_75,47
48,3.5,3.5,84790.0,experimental,thinning_30_75,47
49,6.0,6.5,108557.0,experimental,thinning_30_75,47
50,4.400000000000006,-3.1999999999999886,89657.0,experimental,thinning_30_75,47
51,3.1000000000000085,3.299999999999997,84719.0,experimental,thinning_30_75,47
52,4.100000000000023,8.200000000000017,102698.0,experimental,thinning_30_75,47
53,3.099999999999966,15.299999999999955,80433.0,experimental,thinning_30_75,47
54,5.5,17.900000000000034,111154.0,experimental,thinning_30_75,47
55,1.4000000000000057,5.099999999999994,45712.0,experimental,thinning_30_75,47
56,3.5,3.4000000000000057,80156.0,experimental,thinning_30_75,47
57,4.099999999999994,4.700000000000017,77088.0,experimental,thinning_30_75,47
58,5.900000000000006,3.299999999999983,148448.0,experimental,thinning_30_75,47
59,2.6999999999999886,6.800000000000011,43382.0,experimental,thinning_30_75,47
60,4.099999999999994,6.400000000000006,93638.0,experimental,thinning_30_75,47
61,3.0,25.30000000000001,98181.0,experimental,thinning_30_75,47
62,4.400000000000006,5.099999999999966,84570.0,experimental,thinning_30_75,47
63,3.4000000000000057,5.699999999999989,85556.0,experimental,thinning_30_75,47
64,3.0,3.0999999999999943,76909.0,experimental,thinning_30_75,47
65,2.8000000000000114,5.699999999999989,77942.0,experimental,thinning_30_75,47
66,3.1999999999999886,3.200000000000003,91372.0,experimental,thinning_30_75,47
67,2.1000000000000085,18.400000000000006,71091.0,experimental,thinning_30_75,47
68,2.6999999999999886,18.599999999999994,78452.0,experimental,thinning_30_75,47
69,3.4000000000000057,9.5,79904.0,experimental,thinning_30_75,47
70,2.700000000000003,2.6999999999999886,69984.0,experimental,thinning_30_75,47
71,2.799999999999983,2.8000000000000114,69587.0,experimental,thinning_30_75,47
72,2.1000000000000085,6.1000000000000085,64793.0,experimental,thinning_30_75,47
73,3.3000000000000114,11.100000000000023,102620.0,experimental,thinning_30_75,47
74,1.5,22.899999999999977,47201.0,experimental,thinning_30_75,47
75,2.0,2.000000000000007,56645.0,experimental,thinning_30_75,47
76,3.6999999999999886,10.5,67855.0,experimental,thinning_30_75,47
77,3.0999999999999943,3.1000000000000085,77143.0,experimental,thinning_30_75,47
78,5.599999999999994,11.399999999999977,125503.0,experimental,thinning_30_75,47
79,2.6000000000000227,3.0,61064.0,experimental,thinning_30_75,47
80,4.800000000000011,7.400000000000006,101759.0,experimental,thinning_30_75,47
81,4.899999999999977,13.399999999999991,89410.0,experimental,thinning_30_75,47
82,2.6000000000000085,2.5999999999999943,67722.0,experimental,thinning_30_75,47
83,2.6999999999999886,2.799999999999997,86569.0,experimental,thinning_30_75,47
84,4.5,12.5,110815.0,experimental,thinning_30_75,47
85,5.200000000000017,8.0,114143.0,experimental,thinning_30_75,47
86,4.099999999999994,3.4000000000000057,94987.0,experimental,thinning_30_75,47
87,3.3999999999999915,9.299999999999997,82575.0,experimental,thinning_30_75,47
88,1.8999999999999986,1.8999999999999986,54309.0,experimental,thinning_30_75,47
89,2.200000000000003,2.1999999999999957,64072.0,experimental,thinning_30_75,47
90,3.200000000000017,7.5,82642.0,experimental,thinning_30_75,47
91,3.0,7.100000000000023,77900.0,experimental,thinning_30_75,47
92,3.8999999999999773,4.400000000000006,85636.0,experimental,thinning_30_75,47
93,4.3999999999999915,4.400000000000006,95096.0,experimental,thinning_30_75,47
94,3.0999999999999943,10.599999999999994,76544.0,experimental,thinning_30_75,47
95,2.700000000000017,6.5,92433.0,experimental,thinning_30_75,47
96,2.8000000000000114,2.8999999999999915,68440.0,experimental,thinning_30_75,47
97,1.7000000000000028,1.5999999999999943,49280.0,experimental,thinning_30_75,47
98,4.900000000000006,6.300000000000011,103974.0,experimental,thinning_30_75,47
99,3.299999999999983,3.9000000000000057,84538.0,experimental,thinning_30_75,47
100,2.799999999999983,28.099999999999994,71164.0,experimental,thinning_30_75,47
1,0.20000000000000284,0.10000000000000853,7131.0,experimental,thinning_65_90,48
2,1.5,1.6000000000000085,42431.0,experimental,thinning_65_90,48
3,2.0999999999999943,2.3999999999999773,49846.0,experimental,thinning_65_90,48
4,1.6000000000000085,4.900000000000006,52358.0,experimental,thinning_65_90,48
5,2.0,2.0999999999999943,51988.0,experimental,thinning_65_90,48
6,2.0,7.0,52700.0,experimental,thinning_65_90,48
7,2.5,2.5,54908.0,experimental,thinning_65_90,48
8,2.4000000000000057,2.4000000000000057,56610.0,experimental,thinning_65_90,48
9,1.700000000000017,9.0,41110.0,experimental,thinning_65_90,48
10,3.0,27.0,51242.0,experimental,thinning_65_90,48
11,2.0999999999999943,2.0999999999999943,49772.0,experimental,thinning_65_90,48
12,1.0999999999999943,1.0999999999999943,30263.0,experimental,thinning_65_90,48
13,1.6999999999999886,1.5999999999999943,40143.0,experimental,thinning_65_90,48
14,2.8000000000000114,6.100000000000023,53216.0,experimental,thinning_65_90,48
15,1.6999999999999886,2.8000000000000114,51776.0,experimental,thinning_65_90,48
16,1.2000000000000028,1.1000000000000014,30601.0,experimental,thinning_65_90,48
17,2.299999999999997,2.5999999999999943,59898.0,experimental,thinning_65_90,48
18,1.2999999999999972,1.4000000000000057,32524.0,experimental,thinning_65_90,48
19,1.8000000000000114,1.7999999999999972,42546.0,experimental,thinning_65_90,48
20,1.7999999999999972,2.700000000000003,49183.0,experimental,thinning_65_90,48
21,1.5999999999999943,1.5999999999999943,37861.0,experimental,thinning_65_90,48
22,1.9000000000000057,1.8999999999999773,47945.0,experimental,thinning_65_90,48
23,2.5,2.5,60454.0,experimental,thinning_65_90,48
24,1.5999999999999943,-6.5,41723.0,experimental,thinning_65_90,48
25,0.5,0.6000000000000014,18030.0,experimental,thinning_65_90,48
26,2.5,2.799999999999983,49616.0,experimental,thinning_65_90,48
27,1.8000000000000114,8.399999999999977,41459.0,experimental,thinning_65_90,48
28,2.299999999999983,2.4000000000000057,57405.0,experimental,thinning_65_90,48
29,1.6000000000000085,1.5999999999999943,43976.0,experimental,thinning_65_90,48
30,1.9000000000000057,-5.700000000000017,57998.0,experimental,thinning_65_90,48
31,2.0999999999999943,1.6000000000000227,51136.0,experimental,thinning_65_90,48
32,1.5,1.5,41786.0,experimental,thinning_65_90,48
33,1.5999999999999943,1.6999999999999886,40532.0,experimental,thinning_65_90,48
34,1.6999999999999886,1.7999999999999972,47448.0,experimental,thinning_65_90,48
35,0.6000000000000085,3.4000000000000057,40506.0,experimental,thinning_65_90,48
36,1.5999999999999943,1.7000000000000028,44013.0,experimental,thinning_65_90,48
37,1.7999999999999972,2.0,45181.0,experimental,thinning_65_90,48
38,2.8999999999999773,0.5,54475.0,experimental,thinning_65_90,48
39,1.5999999999999943,1.5999999999999943,36823.0,experimental,thinning_65_90,48
40,1.2999999999999972,1.2999999999999972,31743.0,experimental,thinning_65_90,48
41,2.1999999999999886,2.200000000000003,46948.0,experimental,thinning_65_90,48
42,1.4000000000000057,1.4000000000000057,36066.0,experimental,thinning_65_90,48
43,1.8999999999999915,1.8999999999999915,44235.0,experimental,thinning_65_90,48
44,2.1999999999999886,2.1999999999999886,45284.0,experimental,thinning_65_90,48
45,1.1999999999999957,1.2000000000000028,29900.0,experimental,thinning_65_90,48
46,1.900000000000034,9.300000000000011,48901.0,experimental,thinning_65_90,48
47,1.6000000000000085,3.0,46032.0,experimental,thinning_65_90,48
48,1.2999999999999972,1.2999999999999972,31825.0,experimental,thinning_65_90,48
49,3.5999999999999943,3.5999999999999943,62570.0,experimental,thinning_65_90,48
50,2.3000000000000114,3.0999999999999943,53288.0,experimental,thinning_65_90,48
51,1.5,1.5,38794.0,experimental,thinning_65_90,48
52,2.200000000000017,2.3000000000000114,49986.0,experimental,thinning_65_90,48
53,1.8999999999999773,5.0,49069.0,experimental,thinning_65_90,48
54,2.900000000000034,13.600000000000023,52243.0,experimental,thinning_65_90,48
55,0.8000000000000114,0.9000000000000057,27939.0,experimental,thinning_65_90,48
56,2.1000000000000227,2.0999999999999943,48311.0,experimental,thinning_65_90,48
57,2.1999999999999886,2.3000000000000114,48010.0,experimental,thinning_65_90,48
58,2.1999999999999886,3.3999999999999773,59359.0,experimental,thinning_65_90,48
59,1.099999999999966,2.3000000000000114,14330.0,experimental,thinning_65_90,48
60,2.0999999999999943,2.1000000000000227,43182.0,experimental,thinning_65_90,48
61,1.5,11.200000000000017,48917.0,experimental,thinning_65_90,48
62,2.0,1.5,28130.0,experimental,thinning_65_90,48
63,1.3000000000000114,2.6999999999999886,35380.0,experimental,thinning_65_90,48
64,1.3999999999999915,1.3999999999999915,37291.0,experimental,thinning_65_90,48
65,1.9000000000000057,2.9000000000000057,51356.0,experimental,thinning_65_90,48
66,1.5,1.2999999999999972,46949.0,experimental,thinning_65_90,48
67,1.4000000000000057,8.0,52207.0,experimental,thinning_65_90,48
68,1.7999999999999972,12.0,48316.0,experimental,thinning_65_90,48
69,2.200000000000017,4.800000000000011,52789.0,experimental,thinning_65_90,48
70,1.7000000000000028,1.6999999999999886,43992.0,experimental,thinning_65_90,48
71,2.0,2.1000000000000227,51089.0,experimental,thinning_65_90,48
72,1.4000000000000057,1.7000000000000028,40035.0,experimental,thinning_65_90,48
73,3.0,2.9000000000000057,68844.0,experimental,thinning_65_90,48
74,1.0999999999999943,9.099999999999966,35295.0,experimental,thinning_65_90,48
75,1.2000000000000028,1.1999999999999957,33665.0,experimental,thinning_65_90,48
76,2.599999999999966,6.100000000000023,45364.0,experimental,thinning_65_90,48
77,2.0999999999999943,2.0,49837.0,experimental,thinning_65_90,48
78,2.9000000000000057,3.0999999999999943,58444.0,experimental,thinning_65_90,48
79,1.1000000000000227,1.1999999999999886,27918.0,experimental,thinning_65_90,48
80,2.8000000000000114,3.6000000000000227,56715.0,experimental,thinning_65_90,48
81,3.299999999999983,11.799999999999997,56512.0,experimental,thinning_65_90,48
82,1.7000000000000028,1.7999999999999972,42913.0,experimental,thinning_65_90,48
83,1.5999999999999943,1.6999999999999886,42581.0,experimental,thinning_65_90,48
84,2.5,8.200000000000017,52129.0,experimental,thinning_65_90,48
85,2.5,2.9000000000000057,44016.0,experimental,thinning_65_90,48
86,1.0999999999999943,1.0999999999999943,23707.0,experimental,thinning_65_90,48
87,1.8999999999999915,7.799999999999997,46435.0,experimental,thinning_65_90,48
88,0.6000000000000014,0.6000000000000014,18876.0,experimental,thinning_65_90,48
89,1.2000000000000028,1.1999999999999957,33751.0,experimental,thinning_65_90,48
90,2.0,3.200000000000017,50615.0,experimental,thinning_65_90,48
91,1.799999999999983,4.400000000000006,49664.0,experimental,thinning_65_90,48
92,2.3999999999999773,2.5,54864.0,experimental,thinning_65_90,48
93,2.999999999999986,3.0999999999999943,61038.0,experimental,thinning_65_90,48
94,2.3000000000000114,4.0,51670.0,experimental,thinning_65_90,48
95,2.0,2.0,50461.0,experimental,thinning_65_90,48
96,2.0999999999999943,2.200000000000003,50510.0,experimental,thinning_65_90,48
97,0.8999999999999986,0.8999999999999986,25831.0,experimental,thinning_65_90,48
98,2.700000000000017,1.0,51320.0,experimental,thinning_65_90,48
99,1.1999999999999886,1.1999999999999886,32612.0,experimental,thinning_65_90,48
100,1.6999999999999886,22.200000000000017,45601.0,experimental,thinning_65_90,48
1,0.6000000000000085,0.5,23680.0,experimental,thinning_30_75,49
2,3.9000000000000057,4.0,105303.0,experimental,thinning_30_75,49
3,3.799999999999983,8.699999999999989,97123.0,experimental,thinning_30_75,49
4,3.6000000000000085,10.5,108952.0,experimental,thinning_30_75,49
5,4.199999999999989,5.299999999999983,105115.0,experimental,thinning_30_75,49
6,3.8000000000000114,11.699999999999989,93908.0,experimental,thinning_30_75,49
7,4.799999999999983,5.300000000000011,115700.0,experimental,thinning_30_75,49
8,4.600000000000023,12.5,119356.0,experimental,thinning_30_75,49
9,4.599999999999994,29.5,115666.0,experimental,thinning_30_75,49
10,5.0,59.200000000000045,108679.0,experimental,thinning_30_75,49
11,5.8999999999999915,5.999999999999986,144633.0,experimental,thinning_30_75,49
12,3.6999999999999886,7.599999999999994,98766.0,experimental,thinning_30_75,49
13,3.6999999999999886,3.6999999999999886,91345.0,experimental,thinning_30_75,49
14,5.400000000000006,18.900000000000034,116440.0,experimental,thinning_30_75,49
15,3.1999999999999886,14.400000000000006,104042.0,experimental,thinning_30_75,49
16,2.799999999999997,2.6000000000000014,75280.0,experimental,thinning_30_75,49
17,4.299999999999997,9.900000000000006,122653.0,experimental,thinning_30_75,49
18,4.099999999999994,4.1000000000000085,104351.0,experimental,thinning_30_75,49
19,4.300000000000011,4.299999999999997,105439.0,experimental,thinning_30_75,49
20,3.6000000000000085,6.8999999999999915,98638.0,experimental,thinning_30_75,49
21,3.8999999999999915,3.8999999999999915,100502.0,experimental,thinning_30_75,49
22,3.5,3.5999999999999943,90449.0,experimental,thinning_30_75,49
23,5.599999999999994,5.700000000000017,136435.0,experimental,thinning_30_75,49
24,3.299999999999983,3.4000000000000057,82333.0,experimental,thinning_30_75,49
25,2.099999999999998,2.1999999999999993,67176.0,experimental,thinning_30_75,49
26,4.5,18.299999999999983,122385.0,experimental,thinning_30_75,49
27,4.699999999999989,21.0,102248.0,experimental,thinning_30_75,49
28,4.599999999999994,6.300000000000011,121797.0,experimental,thinning_30_75,49
29,3.8000000000000114,3.8999999999999915,104252.0,experimental,thinning_30_75,49
30,4.099999999999994,4.199999999999989,107770.0,experimental,thinning_30_75,49
31,4.400000000000006,4.200000000000017,106724.0,experimental,thinning_30_75,49
32,3.3000000000000114,3.3999999999999915,85261.0,experimental,thinning_30_75,49
33,3.5,3.5,90183.0,experimental,thinning_30_75,49
34,3.0999999999999943,3.3999999999999915,86948.0,experimental,thinning_30_75,49
35,2.1000000000000085,9.299999999999997,85169.0,experimental,thinning_30_75,49
36,3.4000000000000057,3.8999999999999915,96202.0,experimental,thinning_30_75,49
37,3.799999999999997,4.0,96798.0,experimental,thinning_30_75,49
38,6.2999999999999545,14.5,120160.0,experimental,thinning_30_75,49
39,3.5,17.900000000000006,127002.0,experimental,thinning_30_75,49
40,4.899999999999999,5.0,119317.0,experimental,thinning_30_75,49
41,3.6999999999999886,3.8999999999999915,92338.0,experimental,thinning_30_75,49
42,2.5,2.5,70848.0,experimental,thinning_30_75,49
43,4.799999999999997,4.8999999999999915,125002.0,experimental,thinning_30_75,49
44,4.699999999999989,6.599999999999994,114297.0,experimental,thinning_30_75,49
45,3.3999999999999986,3.799999999999997,88936.0,experimental,thinning_30_75,49
46,3.8000000000000114,27.099999999999966,101144.0,experimental,thinning_30_75,49
47,4.200000000000003,9.200000000000003,117388.0,experimental,thinning_30_75,49
48,4.200000000000003,4.299999999999997,106161.0,experimental,thinning_30_75,49
49,6.899999999999977,8.099999999999994,141302.0,experimental,thinning_30_75,49
50,5.099999999999994,7.800000000000011,112205.0,experimental,thinning_30_75,49
51,4.0,4.199999999999989,108527.0,experimental,thinning_30_75,49
52,5.100000000000023,13.0,134846.0,experimental,thinning_30_75,49
53,3.8000000000000114,18.899999999999977,98877.0,experimental,thinning_30_75,49
54,6.2000000000000455,5.199999999999989,141944.0,experimental,thinning_30_75,49
55,2.200000000000017,6.599999999999994,67192.0,experimental,thinning_30_75,49
56,4.400000000000006,4.299999999999983,108962.0,experimental,thinning_30_75,49
57,5.0,5.300000000000011,105526.0,experimental,thinning_30_75,49
58,7.099999999999994,14.299999999999983,177578.0,experimental,thinning_30_75,49
59,3.0,7.699999999999989,51018.0,experimental,thinning_30_75,49
60,4.400000000000006,5.800000000000011,109847.0,experimental,thinning_30_75,49
61,3.799999999999997,27.80000000000001,120930.0,experimental,thinning_30_75,49
62,5.0,6.399999999999977,102610.0,experimental,thinning_30_75,49
63,4.0,6.5,103886.0,experimental,thinning_30_75,49
64,3.8999999999999915,3.8999999999999915,100547.0,experimental,thinning_30_75,49
65,3.700000000000017,7.300000000000011,104006.0,experimental,thinning_30_75,49
66,4.099999999999994,4.0,118172.0,experimental,thinning_30_75,49
67,2.8000000000000114,22.80000000000001,98638.0,experimental,thinning_30_75,49
68,3.299999999999997,20.900000000000006,100740.0,experimental,thinning_30_75,49
69,4.400000000000006,11.0,113436.0,experimental,thinning_30_75,49
70,3.700000000000003,4.199999999999989,98361.0,experimental,thinning_30_75,49
71,3.5,3.700000000000017,93781.0,experimental,thinning_30_75,49
72,2.9000000000000057,6.200000000000003,87531.0,experimental,thinning_30_75,49
73,4.5,16.0,135303.0,experimental,thinning_30_75,49
74,2.4000000000000057,27.399999999999977,74621.0,experimental,thinning_30_75,49
75,2.9000000000000057,2.8999999999999986,82731.0,experimental,thinning_30_75,49
76,4.399999999999977,6.900000000000034,95540.0,experimental,thinning_30_75,49
77,4.299999999999997,4.299999999999997,106179.0,experimental,thinning_30_75,49
78,6.5,14.399999999999977,153502.0,experimental,thinning_30_75,49
79,3.0,3.4000000000000057,76529.0,experimental,thinning_30_75,49
80,6.0,9.700000000000017,134251.0,experimental,thinning_30_75,49
81,5.0,5.200000000000003,112403.0,experimental,thinning_30_75,49
82,3.3000000000000114,2.799999999999997,92692.0,experimental,thinning_30_75,49
83,3.5,3.5999999999999943,110703.0,experimental,thinning_30_75,49
84,5.0,6.100000000000023,131019.0,experimental,thinning_30_75,49
85,6.0,9.700000000000017,135290.0,experimental,thinning_30_75,49
86,4.3999999999999915,4.400000000000006,105705.0,experimental,thinning_30_75,49
87,4.200000000000003,10.100000000000009,106563.0,experimental,thinning_30_75,49
88,2.5,2.5,74293.0,experimental,thinning_30_75,49
89,2.9000000000000057,2.8999999999999986,83019.0,experimental,thinning_30_75,49
90,4.200000000000017,9.599999999999994,110906.0,experimental,thinning_30_75,49
91,3.8999999999999773,8.300000000000011,105364.0,experimental,thinning_30_75,49
92,4.899999999999977,6.800000000000011,118349.0,experimental,thinning_30_75,49
93,5.200000000000003,5.400000000000006,124518.0,experimental,thinning_30_75,49
94,3.9000000000000057,12.599999999999994,101858.0,experimental,thinning_30_75,49
95,3.5,8.0,129864.0,experimental,thinning_30_75,49
96,3.5999999999999943,3.700000000000003,94856.0,experimental,thinning_30_75,49
97,2.3000000000000043,2.1999999999999957,68913.0,experimental,thinning_30_75,49
98,5.700000000000017,8.300000000000011,124522.0,experimental,thinning_30_75,49
99,4.099999999999994,4.800000000000011,107304.0,experimental,thinning_30_75,49
100,3.8999999999999773,28.5,94511.0,experimental,thinning_30_75,49
1,0.20000000000000284,0.20000000000000284,14558.0,experimental,thinning_65_90,50
2,2.5999999999999943,2.700000000000003,70533.0,experimental,thinning_65_90,50
3,3.0999999999999943,3.3999999999999773,80400.0,experimental,thinning_65_90,50
4,2.5,6.1000000000000085,82052.0,experimental,thinning_65_90,50
5,3.0999999999999943,3.0999999999999943,82874.0,experimental,thinning_65_90,50
6,3.0,8.0,85173.0,experimental,thinning_65_90,50
7,3.5999999999999943,3.6999999999999886,86106.0,experimental,thinning_65_90,50
8,3.3000000000000114,3.5,86022.0,experimental,thinning_65_90,50
9,2.5999999999999943,12.0,68194.0,experimental,thinning_65_90,50
10,4.099999999999966,30.200000000000045,83724.0,experimental,thinning_65_90,50
11,3.3999999999999915,3.3999999999999915,81510.0,experimental,thinning_65_90,50
12,1.8000000000000114,1.799999999999983,50907.0,experimental,thinning_65_90,50
13,2.6999999999999886,2.5999999999999943,66090.0,experimental,thinning_65_90,50
14,3.9000000000000057,8.300000000000011,83223.0,experimental,thinning_65_90,50
15,2.6999999999999886,3.700000000000017,84282.0,experimental,thinning_65_90,50
16,2.0,1.8000000000000043,55707.0,experimental,thinning_65_90,50
17,3.299999999999997,3.299999999999997,86326.0,experimental,thinning_65_90,50
18,2.5,2.5,60880.0,experimental,thinning_65_90,50
19,2.5,2.5,65694.0,experimental,thinning_65_90,50
20,2.799999999999997,4.299999999999997,76976.0,experimental,thinning_65_90,50
21,2.5,2.5999999999999943,66554.0,experimental,thinning_65_90,50
22,2.9000000000000057,2.8999999999999773,76230.0,experimental,thinning_65_90,50
23,3.8000000000000114,3.8000000000000114,94576.0,experimental,thinning_65_90,50
24,2.5999999999999943,2.5999999999999943,65746.0,experimental,thinning_65_90,50
25,0.8999999999999986,1.0,34487.0,experimental,thinning_65_90,50
26,3.5,3.6999999999999886,78827.0,experimental,thinning_65_90,50
27,2.8999999999999773,6.199999999999989,72543.0,experimental,thinning_65_90,50
28,3.5999999999999943,3.6999999999999886,94777.0,experimental,thinning_65_90,50
29,2.5,2.5,70638.0,experimental,thinning_65_90,50
30,3.1999999999999886,3.0999999999999943,93726.0,experimental,thinning_65_90,50
31,3.1999999999999886,2.700000000000017,80510.0,experimental,thinning_65_90,50
32,2.3000000000000114,2.3999999999999915,65486.0,experimental,thinning_65_90,50
33,2.3999999999999915,2.5,64734.0,experimental,thinning_65_90,50
34,2.5999999999999943,2.6999999999999886,76187.0,experimental,thinning_65_90,50
35,1.5,3.1000000000000085,65409.0,experimental,thinning_65_90,50
36,2.4000000000000057,2.5,71887.0,experimental,thinning_65_90,50
37,2.9000000000000057,3.0999999999999943,74289.0,experimental,thinning_65_90,50
38,4.5,5.5,85397.0,experimental,thinning_65_90,50
39,2.3999999999999915,2.5,69482.0,experimental,thinning_65_90,50
40,2.3000000000000043,2.299999999999997,56367.0,experimental,thinning_65_90,50
41,2.5999999999999943,2.6000000000000085,66045.0,experimental,thinning_65_90,50
42,2.1000000000000085,2.1000000000000085,61254.0,experimental,thinning_65_90,50
43,2.8999999999999915,2.8999999999999915,72365.0,experimental,thinning_65_90,50
44,3.1999999999999886,3.1999999999999886,72886.0,experimental,thinning_65_90,50
45,2.0,2.0,54059.0,experimental,thinning_65_90,50
46,2.900000000000034,12.0,78996.0,experimental,thinning_65_90,50
47,2.5,4.1000000000000085,74871.0,experimental,thinning_65_90,50
48,2.0999999999999943,2.0999999999999943,55539.0,experimental,thinning_65_90,50
49,4.899999999999977,4.899999999999977,97070.0,experimental,thinning_65_90,50
50,3.3000000000000114,4.0,84407.0,experimental,thinning_65_90,50
51,2.5,2.5,64799.0,experimental,thinning_65_90,50
52,3.4000000000000057,3.5,82956.0,experimental,thinning_65_90,50
53,2.8999999999999773,6.399999999999977,74185.0,experimental,thinning_65_90,50
54,3.900000000000034,-0.19999999999998863,86734.0,experimental,thinning_65_90,50
55,1.5999999999999943,2.0,52127.0,experimental,thinning_65_90,50
56,3.1000000000000227,3.0,76206.0,experimental,thinning_65_90,50
57,3.3999999999999773,3.4000000000000057,80336.0,experimental,thinning_65_90,50
58,3.4000000000000057,4.099999999999994,89454.0,experimental,thinning_65_90,50
59,1.3999999999999773,-0.10000000000002274,23660.0,experimental,thinning_65_90,50
60,2.5999999999999943,2.700000000000017,64790.0,experimental,thinning_65_90,50
61,2.299999999999997,12.600000000000023,73741.0,experimental,thinning_65_90,50
62,2.5999999999999943,1.8000000000000114,47952.0,experimental,thinning_65_90,50
63,2.1000000000000227,3.5,59472.0,experimental,thinning_65_90,50
64,2.299999999999997,2.299999999999997,62722.0,experimental,thinning_65_90,50
65,2.9000000000000057,3.8000000000000114,80622.0,experimental,thinning_65_90,50
66,2.3999999999999915,2.200000000000003,76148.0,experimental,thinning_65_90,50
67,2.200000000000003,10.900000000000006,82496.0,experimental,thinning_65_90,50
68,2.5,12.700000000000003,76011.0,experimental,thinning_65_90,50
69,3.4000000000000057,5.800000000000011,88262.0,experimental,thinning_65_90,50
70,2.799999999999997,2.799999999999997,73451.0,experimental,thinning_65_90,50
71,2.799999999999983,2.9000000000000057,78429.0,experimental,thinning_65_90,50
72,2.3000000000000114,2.299999999999997,66193.0,experimental,thinning_65_90,50
73,4.300000000000011,4.200000000000017,104963.0,experimental,thinning_65_90,50
74,2.0,12.0,64889.0,experimental,thinning_65_90,50
75,2.0999999999999943,2.1000000000000014,62122.0,experimental,thinning_65_90,50
76,3.3999999999999773,3.5,74342.0,experimental,thinning_65_90,50
77,3.299999999999997,3.299999999999997,83169.0,experimental,thinning_65_90,50
78,4.099999999999994,4.199999999999989,88571.0,experimental,thinning_65_90,50
79,1.8000000000000114,1.9000000000000057,49874.0,experimental,thinning_65_90,50
80,4.099999999999994,4.800000000000011,90973.0,experimental,thinning_65_90,50
81,4.0,4.1000000000000085,89780.0,experimental,thinning_65_90,50
82,2.5,2.5999999999999943,72908.0,experimental,thinning_65_90,50
83,2.299999999999997,2.3999999999999915,67080.0,experimental,thinning_65_90,50
84,3.4000000000000057,3.5,85033.0,experimental,thinning_65_90,50
85,3.3000000000000114,3.700000000000017,67728.0,experimental,thinning_65_90,50
86,1.3999999999999915,1.4000000000000057,38354.0,experimental,thinning_65_90,50
87,2.799999999999997,8.700000000000003,74541.0,experimental,thinning_65_90,50
88,1.1000000000000014,1.1000000000000014,36666.0,experimental,thinning_65_90,50
89,2.0,2.0,54838.0,experimental,thinning_65_90,50
90,2.9000000000000057,4.300000000000011,81934.0,experimental,thinning_65_90,50
91,2.8999999999999773,5.5,79980.0,experimental,thinning_65_90,50
92,3.5999999999999943,3.6999999999999886,89537.0,experimental,thinning_65_90,50
93,4.200000000000003,4.099999999999994,97346.0,experimental,thinning_65_90,50
94,3.1999999999999886,5.0,81127.0,experimental,thinning_65_90,50
95,3.1000000000000227,3.0999999999999943,89783.0,experimental,thinning_65_90,50
96,3.0,3.1000000000000085,79719.0,experimental,thinning_65_90,50
97,1.6000000000000014,1.5,47075.0,experimental,thinning_65_90,50
98,3.6000000000000227,0.9000000000000341,76658.0,experimental,thinning_65_90,50
99,2.0999999999999943,2.1999999999999886,57678.0,experimental,thinning_65_90,50
100,2.1999999999999886,25.5,73522.0,experimental,thinning_65_90,50
1,0.10000000000000853,0.0,3471.0,experimental,thinning_30_75,51
2,0.5999999999999943,0.7000000000000028,18912.0,experimental,thinning_30_75,51
3,0.5999999999999943,0.5999999999999943,16346.0,experimental,thinning_30_75,51
4,0.6000000000000085,0.6000000000000085,18599.0,experimental,thinning_30_75,51
5,0.5999999999999943,0.5999999999999943,18473.0,experimental,thinning_30_75,51
6,0.8000000000000114,5.5,16443.0,experimental,thinning_30_75,51
7,0.6999999999999886,0.6999999999999886,19580.0,experimental,thinning_30_75,51
8,0.6000000000000227,0.6999999999999886,19864.0,experimental,thinning_30_75,51
9,0.8000000000000114,4.2999999999999545,23605.0,experimental,thinning_30_75,51
10,0.6999999999999886,5.7000000000000455,18200.0,experimental,thinning_30_75,51
11,0.7999999999999972,0.8999999999999915,24323.0,experimental,thinning_30_75,51
12,0.6999999999999886,0.6999999999999886,19361.0,experimental,thinning_30_75,51
13,0.5999999999999943,0.5,15580.0,experimental,thinning_30_75,51
14,0.9000000000000057,1.700000000000017,21012.0,experimental,thinning_30_75,51
15,0.5,1.0,17850.0,experimental,thinning_30_75,51
16,0.3999999999999986,0.3999999999999986,12633.0,experimental,thinning_30_75,51
17,0.7000000000000028,0.7999999999999972,19965.0,experimental,thinning_30_75,51
18,0.5999999999999943,0.7000000000000028,17533.0,experimental,thinning_30_75,51
19,0.7000000000000028,0.7000000000000028,19897.0,experimental,thinning_30_75,51
20,0.6000000000000085,0.7000000000000028,18051.0,experimental,thinning_30_75,51
21,0.5999999999999943,0.6999999999999886,17004.0,experimental,thinning_30_75,51
22,0.5999999999999943,0.5999999999999943,17086.0,experimental,thinning_30_75,51
23,0.8000000000000114,0.8000000000000114,22067.0,experimental,thinning_30_75,51
24,0.39999999999997726,0.4000000000000057,14232.0,experimental,thinning_30_75,51
25,0.1999999999999993,0.3000000000000007,9251.0,experimental,thinning_30_75,51
26,0.5999999999999943,1.8999999999999773,20773.0,experimental,thinning_30_75,51
27,0.8000000000000114,-3.3000000000000114,20217.0,experimental,thinning_30_75,51
28,0.6999999999999886,0.8000000000000114,20952.0,experimental,thinning_30_75,51
29,0.7000000000000028,0.5999999999999943,19484.0,experimental,thinning_30_75,51
30,0.6999999999999886,0.5999999999999943,19124.0,experimental,thinning_30_75,51
31,0.6999999999999886,0.6000000000000227,17678.0,experimental,thinning_30_75,51
32,0.5,0.5,14537.0,experimental,thinning_30_75,51
33,0.5999999999999943,0.5999999999999943,17052.0,experimental,thinning_30_75,51
34,0.5,0.5999999999999943,15590.0,experimental,thinning_30_75,51
35,0.4000000000000057,0.5,15975.0,experimental,thinning_30_75,51
36,0.5,0.5,15377.0,experimental,thinning_30_75,51
37,0.6000000000000085,0.5999999999999943,16900.0,experimental,thinning_30_75,51
38,1.0,1.1000000000000227,21546.0,experimental,thinning_30_75,51
39,0.6999999999999886,0.6999999999999886,23682.0,experimental,thinning_30_75,51
40,0.6999999999999957,0.7000000000000028,20043.0,experimental,thinning_30_75,51
41,0.6999999999999886,0.6000000000000085,18932.0,experimental,thinning_30_75,51
42,0.4000000000000057,0.4000000000000057,13345.0,experimental,thinning_30_75,51
43,0.7000000000000028,0.6999999999999886,20103.0,experimental,thinning_30_75,51
44,0.799999999999983,0.799999999999983,22602.0,experimental,thinning_30_75,51
45,0.5,0.5,14529.0,experimental,thinning_30_75,51
46,0.6000000000000227,3.3999999999999773,18500.0,experimental,thinning_30_75,51
47,0.7000000000000028,0.6000000000000085,19666.0,experimental,thinning_30_75,51
48,0.7000000000000028,0.7000000000000028,18814.0,experimental,thinning_30_75,51
49,0.6999999999999886,-6.600000000000023,23838.0,experimental,thinning_30_75,51
50,0.8000000000000114,0.9000000000000057,19979.0,experimental,thinning_30_75,51
51,0.7000000000000028,0.5999999999999943,19058.0,experimental,thinning_30_75,51
52,0.8000000000000114,0.9000000000000057,23863.0,experimental,thinning_30_75,51
53,0.5,1.8999999999999773,17097.0,experimental,thinning_30_75,51
54,1.0,1.1000000000000227,25972.0,experimental,thinning_30_75,51
55,0.30000000000001137,0.4000000000000057,12042.0,experimental,thinning_30_75,51
56,0.700000000000017,0.6999999999999886,19876.0,experimental,thinning_30_75,51
57,0.799999999999983,0.8000000000000114,17674.0,experimental,thinning_30_75,51
58,1.0999999999999943,1.0999999999999943,30765.0,experimental,thinning_30_75,51
59,0.5999999999999659,0.5,11031.0,experimental,thinning_30_75,51
60,0.6999999999999886,0.8000000000000114,20873.0,experimental,thinning_30_75,51
61,0.7000000000000028,3.3000000000000114,21512.0,experimental,thinning_30_75,51
62,0.9000000000000057,0.5999999999999659,19894.0,experimental,thinning_30_75,51
63,0.700000000000017,0.799999999999983,20578.0,experimental,thinning_30_75,51
64,0.5999999999999943,0.5999999999999943,18074.0,experimental,thinning_30_75,51
65,0.5999999999999943,0.5999999999999943,18078.0,experimental,thinning_30_75,51
66,0.5999999999999943,0.6000000000000085,21562.0,experimental,thinning_30_75,51
67,0.4000000000000057,2.3000000000000114,16674.0,experimental,thinning_30_75,51
68,0.5,0.5,17594.0,experimental,thinning_30_75,51
69,0.700000000000017,0.9000000000000057,19457.0,experimental,thinning_30_75,51
70,0.6000000000000085,0.5999999999999943,17042.0,experimental,thinning_30_75,51
71,0.5999999999999943,0.6000000000000227,16775.0,experimental,thinning_30_75,51
72,0.5,0.5,14569.0,experimental,thinning_30_75,51
73,0.6999999999999886,0.8000000000000114,23859.0,experimental,thinning_30_75,51
74,0.4000000000000057,2.0,13893.0,experimental,thinning_30_75,51
75,0.3999999999999986,0.3999999999999986,13940.0,experimental,thinning_30_75,51
76,0.8999999999999773,3.5,17096.0,experimental,thinning_30_75,51
77,0.7000000000000028,0.7000000000000028,19550.0,experimental,thinning_30_75,51
78,1.0999999999999943,1.0,26566.0,experimental,thinning_30_75,51
79,0.5,0.5999999999999943,15716.0,experimental,thinning_30_75,51
80,0.9000000000000057,1.0,21607.0,experimental,thinning_30_75,51
81,0.799999999999983,0.7999999999999972,20235.0,experimental,thinning_30_75,51
82,0.5,0.5,16454.0,experimental,thinning_30_75,51
83,0.5,0.5999999999999943,20106.0,experimental,thinning_30_75,51
84,0.8000000000000114,0.9000000000000057,24082.0,experimental,thinning_30_75,51
85,1.0,1.200000000000017,26334.0,experimental,thinning_30_75,51
86,0.7999999999999972,0.7999999999999972,21146.0,experimental,thinning_30_75,51
87,0.5999999999999943,0.7000000000000028,18623.0,experimental,thinning_30_75,51
88,0.3999999999999986,0.3999999999999986,11621.0,experimental,thinning_30_75,51
89,0.4000000000000057,0.3999999999999986,13719.0,experimental,thinning_30_75,51
90,0.5999999999999943,0.8000000000000114,19486.0,experimental,thinning_30_75,51
91,0.5999999999999943,0.6000000000000227,17175.0,experimental,thinning_30_75,51
92,0.6999999999999886,0.8000000000000114,20621.0,experimental,thinning_30_75,51
93,0.7999999999999972,0.8000000000000114,22362.0,experimental,thinning_30_75,51
94,0.5,1.3000000000000114,17834.0,experimental,thinning_30_75,51
95,0.4000000000000057,1.0999999999999943,21465.0,experimental,thinning_30_75,51
96,0.6000000000000085,0.5999999999999943,17319.0,experimental,thinning_30_75,51
97,0.3999999999999986,0.29999999999999716,10891.0,experimental,thinning_30_75,51
98,0.8000000000000114,0.4000000000000341,20784.0,experimental,thinning_30_75,51
99,0.6999999999999886,0.6999999999999886,21064.0,experimental,thinning_30_75,51
100,0.6999999999999886,1.5,16472.0,experimental,thinning_30_75,51
1,0.0,0.0,1930.0,experimental,thinning_65_90,52
2,0.4000000000000057,0.5,13227.0,experimental,thinning_65_90,52
3,0.5,0.5,13853.0,experimental,thinning_65_90,52
4,0.5,0.4000000000000057,13969.0,experimental,thinning_65_90,52
5,0.5,0.5,14747.0,experimental,thinning_65_90,52
6,0.6000000000000227,5.400000000000006,14495.0,experimental,thinning_65_90,52
7,0.5,0.5,14747.0,experimental,thinning_65_90,52
8,0.5,0.5,15500.0,experimental,thinning_65_90,52
9,0.4000000000000057,2.2999999999999545,15006.0,experimental,thinning_65_90,52
10,0.5999999999999659,2.7000000000000455,14537.0,experimental,thinning_65_90,52
11,0.3999999999999915,0.5,12737.0,experimental,thinning_65_90,52
12,0.4000000000000057,0.39999999999997726,11438.0,experimental,thinning_65_90,52
13,0.5,0.3999999999999915,11834.0,experimental,thinning_65_90,52
14,0.6000000000000227,0.700000000000017,15206.0,experimental,thinning_65_90,52
15,0.5,0.4000000000000057,14822.0,experimental,thinning_65_90,52
16,0.29999999999999716,0.0,8455.0,experimental,thinning_65_90,52
17,0.4000000000000057,0.5,13563.0,experimental,thinning_65_90,52
18,0.3999999999999915,0.5,12559.0,experimental,thinning_65_90,52
19,0.4000000000000057,0.4000000000000057,12780.0,experimental,thinning_65_90,52
20,0.4000000000000057,0.5,13469.0,experimental,thinning_65_90,52
21,0.3999999999999915,0.3999999999999915,11899.0,experimental,thinning_65_90,52
22,0.5,0.5,13780.0,experimental,thinning_65_90,52
23,0.5999999999999943,0.5999999999999943,16854.0,experimental,thinning_65_90,52
24,0.29999999999998295,0.29999999999998295,11290.0,experimental,thinning_65_90,52
25,0.09999999999999787,0.1999999999999993,5041.0,experimental,thinning_65_90,52
26,0.5,0.5,13885.0,experimental,thinning_65_90,52
27,0.5,1.3999999999999773,14353.0,experimental,thinning_65_90,52
28,0.5,0.5999999999999943,15680.0,experimental,thinning_65_90,52
29,0.4000000000000057,0.3999999999999915,13566.0,experimental,thinning_65_90,52
30,0.5,0.39999999999997726,16410.0,experimental,thinning_65_90,52
31,0.5,0.5,13920.0,experimental,thinning_65_90,52
32,0.30000000000001137,0.3999999999999915,11436.0,experimental,thinning_65_90,52
33,0.3999999999999915,0.3999999999999915,12119.0,experimental,thinning_65_90,52
34,0.3999999999999915,0.5,13355.0,experimental,thinning_65_90,52
35,0.30000000000001137,0.29999999999999716,12260.0,experimental,thinning_65_90,52
36,0.4000000000000057,0.3999999999999915,11922.0,experimental,thinning_65_90,52
37,0.4000000000000057,0.5,13179.0,experimental,thinning_65_90,52
38,0.6999999999999886,0.8000000000000114,15535.0,experimental,thinning_65_90,52
39,0.3999999999999915,0.3999999999999915,12830.0,experimental,thinning_65_90,52
40,0.29999999999999716,0.29999999999999716,8926.0,experimental,thinning_65_90,52
41,0.5,0.4000000000000057,14008.0,experimental,thinning_65_90,52
42,0.4000000000000057,0.4000000000000057,11143.0,experimental,thinning_65_90,52
43,0.3999999999999915,0.3999999999999915,11700.0,experimental,thinning_65_90,52
44,0.5999999999999943,0.5,15433.0,experimental,thinning_65_90,52
45,0.29999999999999716,0.29999999999999716,8805.0,experimental,thinning_65_90,52
46,0.4000000000000341,1.599999999999966,14596.0,experimental,thinning_65_90,52
47,0.4000000000000057,0.4000000000000057,12694.0,experimental,thinning_65_90,52
48,0.3999999999999915,0.3999999999999915,10753.0,experimental,thinning_65_90,52
49,0.39999999999997726,-6.900000000000006,16850.0,experimental,thinning_65_90,52
50,0.5,0.5,14927.0,experimental,thinning_65_90,52
51,0.4000000000000057,0.3999999999999915,11460.0,experimental,thinning_65_90,52
52,0.5,0.5999999999999943,15191.0,experimental,thinning_65_90,52
53,0.39999999999997726,1.1999999999999886,13529.0,experimental,thinning_65_90,52
54,0.7000000000000455,0.8000000000000114,17655.0,experimental,thinning_65_90,52
55,0.20000000000001705,0.30000000000001137,8584.0,experimental,thinning_65_90,52
56,0.5,0.5,14282.0,experimental,thinning_65_90,52
57,0.5999999999999943,0.6000000000000227,14140.0,experimental,thinning_65_90,52
58,0.5999999999999943,0.5,16209.0,experimental,thinning_65_90,52
59,0.2999999999999545,0.19999999999998863,4652.0,experimental,thinning_65_90,52
60,0.4000000000000057,0.5,12313.0,experimental,thinning_65_90,52
61,0.4000000000000057,1.200000000000017,12330.0,experimental,thinning_65_90,52
62,0.5,0.19999999999998863,10622.0,experimental,thinning_65_90,52
63,0.5,0.5,12918.0,experimental,thinning_65_90,52
64,0.29999999999999716,0.29999999999999716,11385.0,experimental,thinning_65_90,52
65,0.5,0.5,13894.0,experimental,thinning_65_90,52
66,0.3999999999999915,0.4000000000000057,14073.0,experimental,thinning_65_90,52
67,0.30000000000001137,0.8000000000000114,13938.0,experimental,thinning_65_90,52
68,0.3999999999999915,0.29999999999999716,13296.0,experimental,thinning_65_90,52
69,0.5,0.5,15592.0,experimental,thinning_65_90,52
70,0.4000000000000057,0.3999999999999915,12030.0,experimental,thinning_65_90,52
71,0.5,0.5,14145.0,experimental,thinning_65_90,52
72,0.30000000000001137,0.4000000000000057,10545.0,experimental,thinning_65_90,52
73,0.5999999999999943,0.6000000000000227,18856.0,experimental,thinning_65_90,52
74,0.29999999999998295,0.5999999999999943,10886.0,experimental,thinning_65_90,52
75,0.29999999999999716,0.30000000000000426,10143.0,experimental,thinning_65_90,52
76,0.6999999999999886,3.1999999999999886,12820.0,experimental,thinning_65_90,52
77,0.5999999999999943,0.5,14970.0,experimental,thinning_65_90,52
78,0.5999999999999943,0.5999999999999943,15782.0,experimental,thinning_65_90,52
79,0.30000000000001137,0.4000000000000057,10476.0,experimental,thinning_65_90,52
80,0.5999999999999943,0.6000000000000227,15840.0,experimental,thinning_65_90,52
81,0.5999999999999943,0.6000000000000085,16388.0,experimental,thinning_65_90,52
82,0.4000000000000057,0.5,13423.0,experimental,thinning_65_90,52
83,0.29999999999999716,0.3999999999999915,12274.0,experimental,thinning_65_90,52
84,0.5,0.6000000000000227,15151.0,experimental,thinning_65_90,52
85,0.5999999999999943,0.700000000000017,14734.0,experimental,thinning_65_90,52
86,0.29999999999999716,0.29999999999999716,7957.0,experimental,thinning_65_90,52
87,0.5,0.5,13426.0,experimental,thinning_65_90,52
88,0.20000000000000284,0.19999999999999574,5630.0,experimental,thinning_65_90,52
89,0.30000000000000426,0.29999999999999716,9099.0,experimental,thinning_65_90,52
90,0.4000000000000057,0.5,14658.0,experimental,thinning_65_90,52
91,0.5,0.4000000000000057,13502.0,experimental,thinning_65_90,52
92,0.5999999999999943,0.5999999999999943,15765.0,experimental,thinning_65_90,52
93,0.5999999999999943,0.7000000000000028,17267.0,experimental,thinning_65_90,52
94,0.5,0.8000000000000114,14492.0,experimental,thinning_65_90,52
95,0.4000000000000057,0.39999999999997726,15199.0,experimental,thinning_65_90,52
96,0.4000000000000057,0.5,13114.0,experimental,thinning_65_90,52
97,0.20000000000000284,0.19999999999999574,7055.0,experimental,thinning_65_90,52
98,0.6000000000000227,0.10000000000002274,13944.0,experimental,thinning_65_90,52
99,0.4000000000000057,0.4000000000000057,11987.0,experimental,thinning_65_90,52
100,0.19999999999998863,1.8000000000000114,12415.0,experimental,thinning_65_90,52
1,0.29999999999999716,0.20000000000000284,7638.0,experimental,thinning_30_75,53
2,0.20000000000000284,0.30000000000001137,8610.0,experimental,thinning_30_75,53
3,0.09999999999999432,0.09999999999999432,5202.0,experimental,thinning_30_75,53
4,0.20000000000000284,0.20000000000000284,6986.0,experimental,thinning_30_75,53
5,0.09999999999999432,0.09999999999999432,4938.0,experimental,thinning_30_75,53
6,0.30000000000001137,0.19999999999998863,6286.0,experimental,thinning_30_75,53
7,0.29999999999998295,0.19999999999998863,8706.0,experimental,thinning_30_75,53
8,0.10000000000002274,0.09999999999999432,4728.0,experimental,thinning_30_75,53
9,0.20000000000001705,0.20000000000004547,6512.0,experimental,thinning_30_75,53
10,0.2999999999999545,0.39999999999997726,9853.0,experimental,thinning_30_75,53
11,0.29999999999999716,0.29999999999999716,8652.0,experimental,thinning_30_75,53
12,0.19999999999998863,0.19999999999998863,6918.0,experimental,thinning_30_75,53
13,0.19999999999998863,0.09999999999999432,4552.0,experimental,thinning_30_75,53
14,0.30000000000001137,0.30000000000001137,7478.0,experimental,thinning_30_75,53
15,0.19999999999998863,0.09999999999999432,4478.0,experimental,thinning_30_75,53
16,0.20000000000000284,0.10000000000000142,6942.0,experimental,thinning_30_75,53
17,0.20000000000000284,0.29999999999999716,8990.0,experimental,thinning_30_75,53
18,0.09999999999999432,0.10000000000000853,4078.0,experimental,thinning_30_75,53
19,0.20000000000000284,0.20000000000000284,6361.0,experimental,thinning_30_75,53
20,0.10000000000000853,0.20000000000000284,6379.0,experimental,thinning_30_75,53
21,0.09999999999999432,0.19999999999998863,4733.0,experimental,thinning_30_75,53
22,0.19999999999998863,0.19999999999998863,6284.0,experimental,thinning_30_75,53
23,0.19999999999998863,0.09999999999999432,4960.0,experimental,thinning_30_75,53
24,0.09999999999999432,0.09999999999999432,3898.0,experimental,thinning_30_75,53
25,0.09999999999999787,0.1999999999999993,6562.0,experimental,thinning_30_75,53
26,0.30000000000001137,0.29999999999998295,9164.0,experimental,thinning_30_75,53
27,0.19999999999998863,0.19999999999998863,9020.0,experimental,thinning_30_75,53
28,0.19999999999998863,0.30000000000001137,7462.0,experimental,thinning_30_75,53
29,0.10000000000000853,0.09999999999999432,4003.0,experimental,thinning_30_75,53
30,0.19999999999998863,0.09999999999999432,6044.0,experimental,thinning_30_75,53
31,0.19999999999998863,0.20000000000001705,5269.0,experimental,thinning_30_75,53
32,0.10000000000000853,0.09999999999999432,4377.0,experimental,thinning_30_75,53
33,0.20000000000000284,0.19999999999998863,6077.0,experimental,thinning_30_75,53
34,0.09999999999999432,0.09999999999999432,3412.0,experimental,thinning_30_75,53
35,0.10000000000000853,0.20000000000000284,6621.0,experimental,thinning_30_75,53
36,0.09999999999999432,0.20000000000000284,7616.0,experimental,thinning_30_75,53
37,0.20000000000000284,0.20000000000000284,6177.0,experimental,thinning_30_75,53
38,0.39999999999997726,0.39999999999997726,11801.0,experimental,thinning_30_75,53
39,0.0,0.0,5400.0,experimental,thinning_30_75,53
40,0.29999999999999716,0.29999999999999716,8475.0,experimental,thinning_30_75,53
41,0.19999999999998863,0.20000000000000284,5464.0,experimental,thinning_30_75,53
42,0.10000000000000853,0.10000000000000853,5172.0,experimental,thinning_30_75,53
43,0.20000000000000284,0.19999999999998863,7907.0,experimental,thinning_30_75,53
44,0.29999999999998295,0.19999999999998863,8221.0,experimental,thinning_30_75,53
45,0.19999999999999574,0.10000000000000142,5952.0,experimental,thinning_30_75,53
46,0.20000000000004547,0.19999999999998863,6394.0,experimental,thinning_30_75,53
47,0.20000000000000284,0.10000000000000853,6346.0,experimental,thinning_30_75,53
48,0.20000000000000284,0.20000000000000284,6649.0,experimental,thinning_30_75,53
49,0.39999999999997726,0.29999999999998295,9612.0,experimental,thinning_30_75,53
50,0.20000000000001705,0.30000000000001137,8163.0,experimental,thinning_30_75,53
51,0.29999999999999716,0.19999999999998863,9567.0,experimental,thinning_30_75,53
52,0.10000000000002274,0.20000000000001705,5830.0,experimental,thinning_30_75,53
53,0.19999999999998863,0.19999999999998863,6744.0,experimental,thinning_30_75,53
54,0.20000000000004547,0.19999999999998863,5940.0,experimental,thinning_30_75,53
55,0.09999999999999432,0.20000000000001705,5244.0,experimental,thinning_30_75,53
56,0.20000000000001705,0.19999999999998863,7024.0,experimental,thinning_30_75,53
57,0.19999999999998863,0.20000000000001705,4968.0,experimental,thinning_30_75,53
58,0.4000000000000057,0.29999999999998295,10631.0,experimental,thinning_30_75,53
59,0.19999999999998863,0.19999999999998863,6228.0,experimental,thinning_30_75,53
60,0.19999999999998863,0.20000000000001705,5341.0,experimental,thinning_30_75,53
61,0.4000000000000057,0.30000000000001137,9715.0,experimental,thinning_30_75,53
62,0.19999999999998863,0.19999999999998863,5948.0,experimental,thinning_30_75,53
63,0.20000000000001705,0.19999999999998863,6964.0,experimental,thinning_30_75,53
64,0.09999999999999432,0.09999999999999432,4648.0,experimental,thinning_30_75,53
65,0.20000000000001705,0.19999999999998863,7494.0,experimental,thinning_30_75,53
66,0.09999999999999432,0.10000000000000853,5882.0,experimental,thinning_30_75,53
67,0.20000000000000284,0.20000000000000284,6244.0,experimental,thinning_30_75,53
68,0.09999999999999432,0.09999999999999432,7218.0,experimental,thinning_30_75,53
69,0.20000000000001705,0.20000000000001705,6392.0,experimental,thinning_30_75,53
70,0.10000000000000853,0.19999999999998863,5630.0,experimental,thinning_30_75,53
71,0.19999999999998863,0.20000000000001705,6007.0,experimental,thinning_30_75,53
72,0.20000000000000284,0.20000000000000284,7659.0,experimental,thinning_30_75,53
73,0.09999999999999432,0.0,4939.0,experimental,thinning_30_75,53
74,0.19999999999998863,0.19999999999998863,5713.0,experimental,thinning_30_75,53
75,0.10000000000000142,0.10000000000000142,5812.0,experimental,thinning_30_75,53
76,0.39999999999997726,3.0,7405.0,experimental,thinning_30_75,53
77,0.20000000000000284,0.20000000000000284,6498.0,experimental,thinning_30_75,53
78,0.4000000000000057,0.29999999999998295,9392.0,experimental,thinning_30_75,53
79,0.20000000000001705,0.19999999999998863,5497.0,experimental,thinning_30_75,53
80,0.20000000000001705,0.20000000000001705,6933.0,experimental,thinning_30_75,53
81,0.19999999999998863,0.20000000000000284,7036.0,experimental,thinning_30_75,53
82,0.10000000000000853,0.09999999999999432,5313.0,experimental,thinning_30_75,53
83,0.09999999999999432,0.19999999999998863,8548.0,experimental,thinning_30_75,53
84,0.20000000000001705,0.30000000000001137,8547.0,experimental,thinning_30_75,53
85,0.30000000000001137,0.30000000000001137,8794.0,experimental,thinning_30_75,53
86,0.20000000000000284,0.29999999999999716,7743.0,experimental,thinning_30_75,53
87,0.20000000000000284,0.20000000000000284,6477.0,experimental,thinning_30_75,53
88,0.20000000000000284,0.19999999999999574,5491.0,experimental,thinning_30_75,53
89,0.10000000000000142,0.09999999999999432,7225.0,experimental,thinning_30_75,53
90,0.09999999999999432,0.20000000000001705,4615.0,experimental,thinning_30_75,53
91,0.19999999999998863,0.10000000000002274,5542.0,experimental,thinning_30_75,53
92,0.19999999999998863,0.19999999999998863,6802.0,experimental,thinning_30_75,53
93,0.20000000000000284,0.20000000000000284,5774.0,experimental,thinning_30_75,53
94,0.19999999999998863,0.30000000000001137,7922.0,experimental,thinning_30_75,53
95,0.0,-0.10000000000002274,6370.0,experimental,thinning_30_75,53
96,0.20000000000000284,0.29999999999999716,7057.0,experimental,thinning_30_75,53
97,0.20000000000000284,0.09999999999999432,6363.0,experimental,thinning_30_75,53
98,0.30000000000001137,0.30000000000001137,8839.0,experimental,thinning_30_75,53
99,0.19999999999998863,0.19999999999998863,6575.0,experimental,thinning_30_75,53
100,0.29999999999998295,0.30000000000001137,7819.0,experimental,thinning_30_75,53
1,0.20000000000000284,0.10000000000000853,5786.0,experimental,thinning_65_90,54
2,0.09999999999999432,0.20000000000000284,5096.0,experimental,thinning_65_90,54
3,0.09999999999999432,0.09999999999999432,3828.0,experimental,thinning_65_90,54
4,0.10000000000000853,0.10000000000000853,4773.0,experimental,thinning_65_90,54
5,0.09999999999999432,0.09999999999999432,2468.0,experimental,thinning_65_90,54
6,0.20000000000001705,0.09999999999999432,4426.0,experimental,thinning_65_90,54
7,0.19999999999998863,0.19999999999998863,5896.0,experimental,thinning_65_90,54
8,0.0,0.0,2216.0,experimental,thinning_65_90,54
9,0.09999999999999432,0.10000000000002274,4037.0,experimental,thinning_65_90,54
10,0.19999999999998863,0.2999999999999545,8117.0,experimental,thinning_65_90,54
11,0.20000000000000284,0.20000000000000284,6592.0,experimental,thinning_65_90,54
12,0.19999999999998863,0.09999999999999432,5274.0,experimental,thinning_65_90,54
13,0.09999999999999432,0.0,2189.0,experimental,thinning_65_90,54
14,0.20000000000001705,0.20000000000001705,5663.0,experimental,thinning_65_90,54
15,0.09999999999999432,0.09999999999999432,3316.0,experimental,thinning_65_90,54
16,0.10000000000000142,0.10000000000000142,5721.0,experimental,thinning_65_90,54
17,0.09999999999999432,0.20000000000000284,6525.0,experimental,thinning_65_90,54
18,0.09999999999999432,0.10000000000000853,2506.0,experimental,thinning_65_90,54
19,0.10000000000000853,0.10000000000000853,5096.0,experimental,thinning_65_90,54
20,0.10000000000000853,0.20000000000000284,4506.0,experimental,thinning_65_90,54
21,0.09999999999999432,0.19999999999998863,3630.0,experimental,thinning_65_90,54
22,0.09999999999999432,0.09999999999999432,4078.0,experimental,thinning_65_90,54
23,0.09999999999999432,0.09999999999999432,2592.0,experimental,thinning_65_90,54
24,0.0,0.0,2049.0,experimental,thinning_65_90,54
25,0.0,0.10000000000000142,4189.0,experimental,thinning_65_90,54
26,0.19999999999998863,0.19999999999998863,7128.0,experimental,thinning_65_90,54
27,0.19999999999998863,0.19999999999998863,7120.0,experimental,thinning_65_90,54
28,0.19999999999998863,0.19999999999998863,5611.0,experimental,thinning_65_90,54
29,0.10000000000000853,0.0,2627.0,experimental,thinning_65_90,54
30,0.19999999999998863,0.09999999999999432,4888.0,experimental,thinning_65_90,54
31,0.09999999999999432,0.10000000000002274,3130.0,experimental,thinning_65_90,54
32,0.0,0.09999999999999432,3261.0,experimental,thinning_65_90,54
33,0.09999999999999432,0.09999999999999432,3959.0,experimental,thinning_65_90,54
34,0.0,0.09999999999999432,2526.0,experimental,thinning_65_90,54
35,0.10000000000000853,0.10000000000000853,5108.0,experimental,thinning_65_90,54
36,0.09999999999999432,0.09999999999999432,5441.0,experimental,thinning_65_90,54
37,0.10000000000000853,0.20000000000000284,4331.0,experimental,thinning_65_90,54
38,0.2999999999999545,0.30000000000001137,8759.0,experimental,thinning_65_90,54
39,0.09999999999999432,0.09999999999999432,3906.0,experimental,thinning_65_90,54
40,0.19999999999999574,0.20000000000000284,6244.0,experimental,thinning_65_90,54
41,0.09999999999999432,0.10000000000000853,3432.0,experimental,thinning_65_90,54
42,0.10000000000000853,0.10000000000000853,3133.0,experimental,thinning_65_90,54
43,0.09999999999999432,0.09999999999999432,6048.0,experimental,thinning_65_90,54
44,0.19999999999998863,0.19999999999998863,6562.0,experimental,thinning_65_90,54
45,0.10000000000000142,0.10000000000000142,4463.0,experimental,thinning_65_90,54
46,0.10000000000002274,0.19999999999998863,4603.0,experimental,thinning_65_90,54
47,0.20000000000000284,0.10000000000000853,4872.0,experimental,thinning_65_90,54
48,0.09999999999999432,0.09999999999999432,4657.0,experimental,thinning_65_90,54
49,0.19999999999998863,0.19999999999998863,6967.0,experimental,thinning_65_90,54
50,0.20000000000001705,0.20000000000001705,6519.0,experimental,thinning_65_90,54
51,0.20000000000000284,0.19999999999998863,6381.0,experimental,thinning_65_90,54
52,0.10000000000002274,0.09999999999999432,3094.0,experimental,thinning_65_90,54
53,0.0999999999999659,0.0999999999999659,5379.0,experimental,thinning_65_90,54
54,0.10000000000002274,0.19999999999998863,4828.0,experimental,thinning_65_90,54
55,0.09999999999999432,0.09999999999999432,3002.0,experimental,thinning_65_90,54
56,0.10000000000002274,0.09999999999999432,3526.0,experimental,thinning_65_90,54
57,0.09999999999999432,0.10000000000002274,2834.0,experimental,thinning_65_90,54
58,0.19999999999998863,0.19999999999998863,6913.0,experimental,thinning_65_90,54
59,0.19999999999998863,0.0999999999999659,3601.0,experimental,thinning_65_90,54
60,0.09999999999999432,0.20000000000001705,4297.0,experimental,thinning_65_90,54
61,0.29999999999999716,0.20000000000001705,6506.0,experimental,thinning_65_90,54
62,0.19999999999998863,0.0999999999999659,4366.0,experimental,thinning_65_90,54
63,0.20000000000001705,0.19999999999998863,4791.0,experimental,thinning_65_90,54
64,0.09999999999999432,0.09999999999999432,3449.0,experimental,thinning_65_90,54
65,0.09999999999999432,0.09999999999999432,4838.0,experimental,thinning_65_90,54
66,0.09999999999999432,0.10000000000000853,4460.0,experimental,thinning_65_90,54
67,0.10000000000000853,0.10000000000000853,5090.0,experimental,thinning_65_90,54
68,0.09999999999999432,0.09999999999999432,5600.0,experimental,thinning_65_90,54
69,0.20000000000001705,0.10000000000002274,5424.0,experimental,thinning_65_90,54
70,0.10000000000000853,0.09999999999999432,4140.0,experimental,thinning_65_90,54
71,0.09999999999999432,0.10000000000002274,4399.0,experimental,thinning_65_90,54
72,0.10000000000000853,0.20000000000000284,5007.0,experimental,thinning_65_90,54
73,0.09999999999999432,0.10000000000002274,4536.0,experimental,thinning_65_90,54
74,0.09999999999999432,0.09999999999999432,4403.0,experimental,thinning_65_90,54
75,0.10000000000000142,0.10000000000000142,4271.0,experimental,thinning_65_90,54
76,0.19999999999998863,2.8000000000000114,3829.0,experimental,thinning_65_90,54
77,0.09999999999999432,0.10000000000000853,3883.0,experimental,thinning_65_90,54
78,0.30000000000001137,0.29999999999998295,7956.0,experimental,thinning_65_90,54
79,0.10000000000002274,0.19999999999998863,4065.0,experimental,thinning_65_90,54
80,0.09999999999999432,0.10000000000002274,4981.0,experimental,thinning_65_90,54
81,0.19999999999998863,0.10000000000000853,6604.0,experimental,thinning_65_90,54
82,0.10000000000000853,0.20000000000000284,4978.0,experimental,thinning_65_90,54
83,0.09999999999999432,0.19999999999998863,5716.0,experimental,thinning_65_90,54
84,0.30000000000001137,0.30000000000001137,8275.0,experimental,thinning_65_90,54
85,0.30000000000001137,0.30000000000001137,6714.0,experimental,thinning_65_90,54
86,0.20000000000000284,0.20000000000000284,6107.0,experimental,thinning_65_90,54
87,0.09999999999999432,0.20000000000000284,4738.0,experimental,thinning_65_90,54
88,0.10000000000000142,0.10000000000000142,3640.0,experimental,thinning_65_90,54
89,0.10000000000000142,0.09999999999999432,4739.0,experimental,thinning_65_90,54
90,0.09999999999999432,0.20000000000001705,3812.0,experimental,thinning_65_90,54
91,0.09999999999999432,0.10000000000002274,3822.0,experimental,thinning_65_90,54
92,0.19999999999998863,0.09999999999999432,4808.0,experimental,thinning_65_90,54
93,0.20000000000000284,0.20000000000000284,5074.0,experimental,thinning_65_90,54
94,0.09999999999999432,0.20000000000001705,5387.0,experimental,thinning_65_90,54
95,0.10000000000002274,0.0,5028.0,experimental,thinning_65_90,54
96,0.20000000000000284,0.20000000000000284,6003.0,experimental,thinning_65_90,54
97,0.10000000000000142,0.09999999999999432,4909.0,experimental,thinning_65_90,54
98,0.20000000000001705,0.20000000000004547,5996.0,experimental,thinning_65_90,54
99,0.09999999999999432,0.09999999999999432,4262.0,experimental,thinning_65_90,54
100,0.19999999999998863,0.30000000000001137,5986.0,experimental,thinning_65_90,54
1,1.2999999999999972,2.299999999999997,39285.0,experimental,thinning_30_75,55
2,1.4000000000000057,1.5,46867.0,experimental,thinning_30_75,55
3,2.299999999999983,3.3999999999999773,48458.0,experimental,thinning_30_75,55
4,1.6000000000000085,6.700000000000003,52713.0,experimental,thinning_30_75,55
5,1.799999999999983,2.299999999999983,39736.0,experimental,thinning_30_75,55
6,1.3000000000000114,7.699999999999989,26321.0,experimental,thinning_30_75,55
7,1.8999999999999773,1.8000000000000114,36548.0,experimental,thinning_30_75,55
8,2.9000000000000057,2.1999999999999886,64004.0,experimental,thinning_30_75,55
9,3.4000000000000057,12.799999999999955,71225.0,experimental,thinning_30_75,55
10,3.1999999999999886,30.600000000000023,49323.0,experimental,thinning_30_75,55
11,4.0,4.1000000000000085,81256.0,experimental,thinning_30_75,55
12,3.0,4.599999999999994,69285.0,experimental,thinning_30_75,55
13,1.5999999999999943,1.5,38260.0,experimental,thinning_30_75,55
14,3.200000000000017,8.100000000000023,53801.0,experimental,thinning_30_75,55
15,1.299999999999983,5.700000000000017,41172.0,experimental,thinning_30_75,55
16,1.2999999999999972,2.5,39576.0,experimental,thinning_30_75,55
17,3.5,20.400000000000006,85687.0,experimental,thinning_30_75,55
18,0.7999999999999972,0.9000000000000057,33165.0,experimental,thinning_30_75,55
19,3.0,3.1000000000000085,63537.0,experimental,thinning_30_75,55
20,1.7000000000000028,3.299999999999997,45987.0,experimental,thinning_30_75,55
21,2.0999999999999943,2.299999999999997,41594.0,experimental,thinning_30_75,55
22,1.5,2.0,36188.0,experimental,thinning_30_75,55
23,2.1999999999999886,3.0999999999999943,52096.0,experimental,thinning_30_75,55
24,1.799999999999983,-5.700000000000017,44218.0,experimental,thinning_30_75,55
25,1.5,1.6000000000000014,51370.0,experimental,thinning_30_75,55
26,2.5999999999999943,9.299999999999983,58715.0,experimental,thinning_30_75,55
27,3.1999999999999886,4.300000000000011,57160.0,experimental,thinning_30_75,55
28,2.299999999999983,2.4000000000000057,52950.0,experimental,thinning_30_75,55
29,2.200000000000003,2.8999999999999915,48174.0,experimental,thinning_30_75,55
30,1.4000000000000057,2.0999999999999943,39150.0,experimental,thinning_30_75,55
31,2.1999999999999886,2.0,42242.0,experimental,thinning_30_75,55
32,1.5,-7.799999999999997,41022.0,experimental,thinning_30_75,55
33,2.0,2.0999999999999943,47597.0,experimental,thinning_30_75,55
34,1.0999999999999943,1.5999999999999943,24370.0,experimental,thinning_30_75,55
35,-0.09999999999999432,6.799999999999997,38839.0,experimental,thinning_30_75,55
36,1.5999999999999943,1.8999999999999915,47504.0,experimental,thinning_30_75,55
37,1.4000000000000057,1.5,36752.0,experimental,thinning_30_75,55
38,4.399999999999977,-3.1000000000000227,68796.0,experimental,thinning_30_75,55
39,1.8999999999999915,-8.200000000000003,54258.0,experimental,thinning_30_75,55
40,3.6000000000000014,4.299999999999997,74276.0,experimental,thinning_30_75,55
41,2.5999999999999943,2.8999999999999915,47914.0,experimental,thinning_30_75,55
42,0.5,0.5,27757.0,experimental,thinning_30_75,55
43,2.700000000000003,2.799999999999997,63043.0,experimental,thinning_30_75,55
44,3.5999999999999943,3.799999999999983,69063.0,experimental,thinning_30_75,55
45,2.299999999999997,2.3999999999999986,54606.0,experimental,thinning_30_75,55
46,1.8000000000000114,6.899999999999977,44157.0,experimental,thinning_30_75,55
47,2.4000000000000057,4.6000000000000085,61447.0,experimental,thinning_30_75,55
48,3.0,3.0999999999999943,68429.0,experimental,thinning_30_75,55
49,5.199999999999989,5.399999999999977,75188.0,experimental,thinning_30_75,55
50,3.5,7.0,64929.0,experimental,thinning_30_75,55
51,2.299999999999997,2.799999999999997,64663.0,experimental,thinning_30_75,55
52,2.9000000000000057,4.099999999999994,62806.0,experimental,thinning_30_75,55
53,2.0,7.7999999999999545,51693.0,experimental,thinning_30_75,55
54,5.0,6.199999999999989,84803.0,experimental,thinning_30_75,55
55,0.5999999999999943,1.0999999999999943,27212.0,experimental,thinning_30_75,55
56,2.4000000000000057,2.9000000000000057,48632.0,experimental,thinning_30_75,55
57,2.6999999999999886,4.100000000000023,41014.0,experimental,thinning_30_75,55
58,5.400000000000006,10.099999999999994,104771.0,experimental,thinning_30_75,55
59,2.3999999999999773,4.5,41914.0,experimental,thinning_30_75,55
60,4.400000000000006,6.400000000000006,81718.0,experimental,thinning_30_75,55
61,2.1000000000000085,11.400000000000006,58063.0,experimental,thinning_30_75,55
62,5.0,4.800000000000011,75823.0,experimental,thinning_30_75,55
63,2.700000000000017,4.099999999999994,61486.0,experimental,thinning_30_75,55
64,2.299999999999997,2.5,54795.0,experimental,thinning_30_75,55
65,1.3000000000000114,3.1999999999999886,45231.0,experimental,thinning_30_75,55
66,2.1999999999999886,0.5,57626.0,experimental,thinning_30_75,55
67,1.4000000000000057,8.100000000000009,38526.0,experimental,thinning_30_75,55
68,1.7999999999999972,12.299999999999997,47295.0,experimental,thinning_30_75,55
69,2.5,5.100000000000023,47282.0,experimental,thinning_30_75,55
70,1.2000000000000028,1.3999999999999915,36067.0,experimental,thinning_30_75,55
71,1.5999999999999943,1.9000000000000057,40340.0,experimental,thinning_30_75,55
72,0.8000000000000114,4.900000000000006,38798.0,experimental,thinning_30_75,55
73,3.0,3.5,61310.0,experimental,thinning_30_75,55
74,0.19999999999998863,10.5,13161.0,experimental,thinning_30_75,55
75,0.8999999999999986,1.0,36111.0,experimental,thinning_30_75,55
76,3.099999999999966,2.0,43366.0,experimental,thinning_30_75,55
77,1.9000000000000057,1.9000000000000057,45922.0,experimental,thinning_30_75,55
78,4.800000000000011,8.099999999999994,89930.0,experimental,thinning_30_75,55
79,2.0,2.4000000000000057,45655.0,experimental,thinning_30_75,55
80,3.8000000000000114,4.600000000000023,62067.0,experimental,thinning_30_75,55
81,4.099999999999994,12.500000000000014,59022.0,experimental,thinning_30_75,55
82,1.4000000000000057,1.5,39402.0,experimental,thinning_30_75,55
83,1.5,1.7999999999999972,60170.0,experimental,thinning_30_75,55
84,3.9000000000000057,6.200000000000017,81721.0,experimental,thinning_30_75,55
85,4.599999999999994,5.400000000000006,81765.0,experimental,thinning_30_75,55
86,4.200000000000003,4.200000000000003,88491.0,experimental,thinning_30_75,55
87,2.0999999999999943,8.100000000000009,51710.0,experimental,thinning_30_75,55
88,1.5,1.5,44258.0,experimental,thinning_30_75,55
89,1.4000000000000057,1.3999999999999986,47680.0,experimental,thinning_30_75,55
90,1.9000000000000057,3.5,46862.0,experimental,thinning_30_75,55
91,1.8999999999999773,3.4000000000000057,43800.0,experimental,thinning_30_75,55
92,2.5,-1.3000000000000114,46610.0,experimental,thinning_30_75,55
93,3.3999999999999915,2.9000000000000057,58740.0,experimental,thinning_30_75,55
94,2.1999999999999886,6.599999999999994,51110.0,experimental,thinning_30_75,55
95,1.5,2.5,51967.0,experimental,thinning_30_75,55
96,1.7000000000000028,1.7999999999999972,38439.0,experimental,thinning_30_75,55
97,1.0,1.0,38369.0,experimental,thinning_30_75,55
98,3.8000000000000114,6.0,72250.0,experimental,thinning_30_75,55
99,3.0,3.5,68084.0,experimental,thinning_30_75,55
100,1.5999999999999943,23.400000000000006,50900.0,experimental,thinning_30_75,55
1,0.4000000000000057,0.29999999999999716,12803.0,experimental,thinning_65_90,56
2,0.29999999999999716,0.30000000000001137,11598.0,experimental,thinning_65_90,56
3,0.5,0.5999999999999943,12189.0,experimental,thinning_65_90,56
4,0.10000000000000853,2.0,14195.0,experimental,thinning_65_90,56
5,0.29999999999998295,0.29999999999998295,9149.0,experimental,thinning_65_90,56
6,0.4000000000000057,5.199999999999989,12067.0,experimental,thinning_65_90,56
7,0.8999999999999773,1.0,13493.0,experimental,thinning_65_90,56
8,1.1000000000000227,1.0999999999999943,15496.0,experimental,thinning_65_90,56
9,0.5999999999999943,4.2000000000000455,12591.0,experimental,thinning_65_90,56
10,1.599999999999966,18.899999999999977,18515.0,experimental,thinning_65_90,56
11,1.0999999999999943,1.2000000000000028,21740.0,experimental,thinning_65_90,56
12,0.5,0.5999999999999943,14505.0,experimental,thinning_65_90,56
13,0.19999999999998863,0.19999999999998863,6417.0,experimental,thinning_65_90,56
14,1.4000000000000057,2.4000000000000057,13316.0,experimental,thinning_65_90,56
15,0.29999999999998295,0.9000000000000057,11374.0,experimental,thinning_65_90,56
16,0.29999999999999716,0.3999999999999986,12002.0,experimental,thinning_65_90,56
17,1.0999999999999943,1.7999999999999972,30715.0,experimental,thinning_65_90,56
18,-0.4000000000000057,-0.3999999999999915,-5486.0,experimental,thinning_65_90,56
19,0.9000000000000057,0.7999999999999972,17966.0,experimental,thinning_65_90,56
20,0.5,0.7000000000000028,15571.0,experimental,thinning_65_90,56
21,0.29999999999999716,0.3999999999999915,3684.0,experimental,thinning_65_90,56
22,0.4000000000000057,0.39999999999997726,11249.0,experimental,thinning_65_90,56
23,0.5999999999999943,0.5,11678.0,experimental,thinning_65_90,56
24,0.29999999999998295,-7.5,8380.0,experimental,thinning_65_90,56
25,0.1999999999999993,0.1999999999999993,10088.0,experimental,thinning_65_90,56
26,1.0999999999999943,1.5999999999999943,13132.0,experimental,thinning_65_90,56
27,0.8999999999999773,4.0,17951.0,experimental,thinning_65_90,56
28,1.0,1.1999999999999886,18431.0,experimental,thinning_65_90,56
29,0.30000000000001137,0.3999999999999915,10429.0,experimental,thinning_65_90,56
30,0.6999999999999886,0.5,15270.0,experimental,thinning_65_90,56
31,0.5999999999999943,0.20000000000001705,10203.0,experimental,thinning_65_90,56
32,0.30000000000001137,0.29999999999999716,9968.0,experimental,thinning_65_90,56
33,0.3999999999999915,0.3999999999999915,11947.0,experimental,thinning_65_90,56
34,0.09999999999999432,0.7999999999999972,6687.0,experimental,thinning_65_90,56
35,-0.6999999999999886,2.9000000000000057,13689.0,experimental,thinning_65_90,56
36,0.29999999999999716,0.5999999999999943,14606.0,experimental,thinning_65_90,56
37,0.29999999999999716,0.29999999999999716,9182.0,experimental,thinning_65_90,56
38,1.5,2.8999999999999773,18717.0,experimental,thinning_65_90,56
39,0.0,-10.100000000000009,-4173.0,experimental,thinning_65_90,56
40,0.6000000000000014,0.6000000000000014,13010.0,experimental,thinning_65_90,56
41,1.5999999999999943,1.3999999999999915,25322.0,experimental,thinning_65_90,56
42,0.29999999999999716,0.29999999999999716,8997.0,experimental,thinning_65_90,56
43,0.5999999999999943,0.5999999999999943,13563.0,experimental,thinning_65_90,56
44,1.0,-4.400000000000006,15926.0,experimental,thinning_65_90,56
45,0.3999999999999986,0.29999999999999716,11844.0,experimental,thinning_65_90,56
46,0.6000000000000227,4.099999999999966,11573.0,experimental,thinning_65_90,56
47,0.5,0.9000000000000057,13452.0,experimental,thinning_65_90,56
48,0.5,0.5,13816.0,experimental,thinning_65_90,56
49,1.799999999999983,1.5999999999999943,23817.0,experimental,thinning_65_90,56
50,0.9000000000000057,1.8000000000000114,21803.0,experimental,thinning_65_90,56
51,0.4000000000000057,0.3999999999999915,14082.0,experimental,thinning_65_90,56
52,0.5,1.0,9500.0,experimental,thinning_65_90,56
53,0.5999999999999659,2.099999999999966,16842.0,experimental,thinning_65_90,56
54,1.3000000000000114,0.5,21579.0,experimental,thinning_65_90,56
55,0.09999999999999432,-0.09999999999999432,6736.0,experimental,thinning_65_90,56
56,0.6000000000000227,0.6999999999999886,12092.0,experimental,thinning_65_90,56
57,0.5,0.8000000000000114,10257.0,experimental,thinning_65_90,56
58,0.6999999999999886,-7.800000000000011,22781.0,experimental,thinning_65_90,56
59,1.1999999999999886,1.5,19801.0,experimental,thinning_65_90,56
60,1.6999999999999886,1.9000000000000057,28644.0,experimental,thinning_65_90,56
61,0.6000000000000085,4.400000000000006,17786.0,experimental,thinning_65_90,56
62,2.0999999999999943,1.599999999999966,20454.0,experimental,thinning_65_90,56
63,0.6000000000000227,1.0,11363.0,experimental,thinning_65_90,56
64,0.3999999999999915,0.3999999999999915,11307.0,experimental,thinning_65_90,56
65,0.20000000000001705,0.5999999999999943,11939.0,experimental,thinning_65_90,56
66,0.19999999999998863,-1.3999999999999915,10753.0,experimental,thinning_65_90,56
67,0.30000000000001137,2.1000000000000085,13101.0,experimental,thinning_65_90,56
68,0.6999999999999886,9.200000000000003,13846.0,experimental,thinning_65_90,56
69,0.9000000000000057,2.0,15598.0,experimental,thinning_65_90,56
70,0.20000000000000284,0.19999999999998863,9311.0,experimental,thinning_65_90,56
71,0.5,0.5,13883.0,experimental,thinning_65_90,56
72,0.0,1.2999999999999972,8449.0,experimental,thinning_65_90,56
73,1.3000000000000114,1.1000000000000227,25568.0,experimental,thinning_65_90,56
74,-0.20000000000001705,3.0,707.0,experimental,thinning_65_90,56
75,0.20000000000000284,0.20000000000000284,10087.0,experimental,thinning_65_90,56
76,1.0,-5.0,16226.0,experimental,thinning_65_90,56
77,0.4000000000000057,0.4000000000000057,11146.0,experimental,thinning_65_90,56
78,0.9000000000000057,-3.0,21568.0,experimental,thinning_65_90,56
79,0.30000000000001137,0.4000000000000057,10666.0,experimental,thinning_65_90,56
80,1.5,1.5,16925.0,experimental,thinning_65_90,56
81,1.799999999999983,10.100000000000009,18105.0,experimental,thinning_65_90,56
82,0.6000000000000085,0.5999999999999943,13738.0,experimental,thinning_65_90,56
83,0.6999999999999886,0.7999999999999972,17077.0,experimental,thinning_65_90,56
84,1.0,1.8000000000000114,16751.0,experimental,thinning_65_90,56
85,1.5999999999999943,1.9000000000000057,18327.0,experimental,thinning_65_90,56
86,1.2000000000000028,-0.09999999999999432,22813.0,experimental,thinning_65_90,56
87,0.3999999999999915,6.400000000000006,10587.0,experimental,thinning_65_90,56
88,0.30000000000000426,0.29999999999999716,9320.0,experimental,thinning_65_90,56
89,0.30000000000000426,0.29999999999999716,12630.0,experimental,thinning_65_90,56
90,0.5,0.4000000000000057,12370.0,experimental,thinning_65_90,56
91,0.29999999999998295,0.9000000000000057,10526.0,experimental,thinning_65_90,56
92,0.5999999999999943,0.5999999999999943,14251.0,experimental,thinning_65_90,56
93,1.2999999999999972,1.3000000000000114,21406.0,experimental,thinning_65_90,56
94,0.9000000000000057,2.5,16117.0,experimental,thinning_65_90,56
95,0.700000000000017,0.5999999999999943,10553.0,experimental,thinning_65_90,56
96,1.0,0.9999999999999858,18446.0,experimental,thinning_65_90,56
97,0.30000000000000426,0.29999999999999716,11757.0,experimental,thinning_65_90,56
98,1.3000000000000114,1.8000000000000114,19026.0,experimental,thinning_65_90,56
99,0.5999999999999943,0.6999999999999886,17761.0,experimental,thinning_65_90,56
100,-1.4000000000000057,-10.099999999999994,19898.0,experimental,thinning_65_90,56
1,1.5,2.9000000000000057,49211.0,experimental,thinning_30_75,57
2,3.0,3.1000000000000085,88988.0,experimental,thinning_30_75,57
3,4.199999999999989,8.0,92236.0,experimental,thinning_30_75,57
4,3.1000000000000085,12.900000000000006,105761.0,experimental,thinning_30_75,57
5,3.5999999999999943,2.0,85672.0,experimental,thinning_30_75,57
6,2.4000000000000057,11.800000000000011,59167.0,experimental,thinning_30_75,57
7,3.6999999999999886,4.5,80034.0,experimental,thinning_30_75,57
8,5.0,12.900000000000006,128394.0,experimental,thinning_30_75,57
9,5.5,33.299999999999955,129728.0,experimental,thinning_30_75,57
10,5.199999999999989,65.29999999999995,97068.0,experimental,thinning_30_75,57
11,6.700000000000003,6.700000000000003,148958.0,experimental,thinning_30_75,57
12,5.199999999999989,8.5,132375.0,experimental,thinning_30_75,57
13,3.299999999999997,3.299999999999997,81040.0,experimental,thinning_30_75,57
14,5.5,7.300000000000011,110950.0,experimental,thinning_30_75,57
15,2.5999999999999943,14.000000000000028,87956.0,experimental,thinning_30_75,57
16,2.3999999999999986,3.8000000000000043,69803.0,experimental,thinning_30_75,57
17,5.400000000000006,28.30000000000001,147569.0,experimental,thinning_30_75,57
18,3.0999999999999943,3.200000000000003,90012.0,experimental,thinning_30_75,57
19,5.5,5.6000000000000085,127710.0,experimental,thinning_30_75,57
20,3.200000000000003,7.6000000000000085,89187.0,experimental,thinning_30_75,57
21,4.199999999999989,4.5,94642.0,experimental,thinning_30_75,57
22,2.9000000000000057,3.5,73254.0,experimental,thinning_30_75,57
23,4.699999999999989,5.599999999999994,116368.0,experimental,thinning_30_75,57
24,3.299999999999983,-3.8000000000000114,89595.0,experimental,thinning_30_75,57
25,2.299999999999997,2.400000000000002,83168.0,experimental,thinning_30_75,57
26,4.300000000000011,22.899999999999977,113495.0,experimental,thinning_30_75,57
27,5.5,23.19999999999999,102289.0,experimental,thinning_30_75,57
28,4.099999999999994,6.599999999999994,106753.0,experimental,thinning_30_75,57
29,4.1000000000000085,4.8999999999999915,102616.0,experimental,thinning_30_75,57
30,2.8000000000000114,4.0,77994.0,experimental,thinning_30_75,57
31,4.0,1.0,91756.0,experimental,thinning_30_75,57
32,3.3000000000000114,3.5999999999999943,87527.0,experimental,thinning_30_75,57
33,3.700000000000003,3.799999999999997,91293.0,experimental,thinning_30_75,57
34,2.5,2.5999999999999943,60286.0,experimental,thinning_30_75,57
35,0.4000000000000057,-8.899999999999991,72223.0,experimental,thinning_30_75,57
36,3.200000000000003,3.799999999999997,90260.0,experimental,thinning_30_75,57
37,2.9000000000000057,3.299999999999997,79332.0,experimental,thinning_30_75,57
38,7.0,19.100000000000023,121271.0,experimental,thinning_30_75,57
39,4.5,5.799999999999983,123493.0,experimental,thinning_30_75,57
40,5.899999999999999,6.799999999999997,136685.0,experimental,thinning_30_75,57
41,5.0,5.700000000000003,99324.0,experimental,thinning_30_75,57
42,1.5,1.5,57958.0,experimental,thinning_30_75,57
43,4.700000000000003,4.699999999999989,119084.0,experimental,thinning_30_75,57
44,6.0,6.699999999999989,129036.0,experimental,thinning_30_75,57
45,4.100000000000001,4.399999999999999,101888.0,experimental,thinning_30_75,57
46,3.2000000000000455,31.899999999999977,87133.0,experimental,thinning_30_75,57
47,4.300000000000011,9.600000000000009,121843.0,experimental,thinning_30_75,57
48,5.099999999999994,5.299999999999997,126561.0,experimental,thinning_30_75,57
49,8.399999999999977,8.399999999999977,141062.0,experimental,thinning_30_75,57
50,6.200000000000017,21.30000000000001,118580.0,experimental,thinning_30_75,57
51,4.1000000000000085,4.8999999999999915,115572.0,experimental,thinning_30_75,57
52,5.400000000000006,7.900000000000006,132246.0,experimental,thinning_30_75,57
53,3.5,11.5,100783.0,experimental,thinning_30_75,57
54,8.300000000000011,6.300000000000011,160784.0,experimental,thinning_30_75,57
55,1.3000000000000114,7.099999999999994,53234.0,experimental,thinning_30_75,57
56,4.600000000000023,5.299999999999983,100212.0,experimental,thinning_30_75,57
57,5.199999999999989,7.800000000000011,86974.0,experimental,thinning_30_75,57
58,8.800000000000011,20.899999999999977,206930.0,experimental,thinning_30_75,57
59,4.0,9.199999999999989,62112.0,experimental,thinning_30_75,57
60,6.799999999999983,10.200000000000017,148884.0,experimental,thinning_30_75,57
61,3.5,34.0,114415.0,experimental,thinning_30_75,57
62,7.5,8.099999999999966,131444.0,experimental,thinning_30_75,57
63,4.900000000000006,8.299999999999983,122012.0,experimental,thinning_30_75,57
64,4.299999999999997,4.599999999999994,109649.0,experimental,thinning_30_75,57
65,2.9000000000000057,7.099999999999994,90343.0,experimental,thinning_30_75,57
66,4.3999999999999915,7.400000000000006,121915.0,experimental,thinning_30_75,57
67,2.5,24.400000000000006,81277.0,experimental,thinning_30_75,57
68,3.1999999999999886,19.599999999999994,92516.0,experimental,thinning_30_75,57
69,4.5,13.800000000000011,94930.0,experimental,thinning_30_75,57
70,2.799999999999997,3.0,79354.0,experimental,thinning_30_75,57
71,3.299999999999983,3.6000000000000227,82827.0,experimental,thinning_30_75,57
72,2.0,9.100000000000009,79389.0,experimental,thinning_30_75,57
73,4.800000000000011,11.200000000000017,123137.0,experimental,thinning_30_75,57
74,1.1999999999999886,32.0,38627.0,experimental,thinning_30_75,57
75,2.200000000000003,2.1999999999999957,68738.0,experimental,thinning_30_75,57
76,4.899999999999977,13.0,77818.0,experimental,thinning_30_75,57
77,3.5,3.6000000000000085,89593.0,experimental,thinning_30_75,57
78,7.700000000000017,17.799999999999983,170982.0,experimental,thinning_30_75,57
79,3.8000000000000114,4.599999999999994,89752.0,experimental,thinning_30_75,57
80,6.599999999999994,9.300000000000011,126361.0,experimental,thinning_30_75,57
81,7.0,5.200000000000003,117798.0,experimental,thinning_30_75,57
82,2.9000000000000057,3.0999999999999943,80890.0,experimental,thinning_30_75,57
83,3.0999999999999943,3.5,108568.0,experimental,thinning_30_75,57
84,6.400000000000006,16.0,151369.0,experimental,thinning_30_75,57
85,7.599999999999994,9.5,156952.0,experimental,thinning_30_75,57
86,6.8999999999999915,7.0,160328.0,experimental,thinning_30_75,57
87,4.099999999999994,10.299999999999997,105215.0,experimental,thinning_30_75,57
88,2.5,2.5,75321.0,experimental,thinning_30_75,57
89,2.5,2.5,82542.0,experimental,thinning_30_75,57
90,4.200000000000017,9.099999999999994,104179.0,experimental,thinning_30_75,57
91,3.5999999999999943,8.600000000000023,92386.0,experimental,thinning_30_75,57
92,5.099999999999994,5.800000000000011,98355.0,experimental,thinning_30_75,57
93,5.700000000000003,4.099999999999994,116074.0,experimental,thinning_30_75,57
94,3.9000000000000057,14.099999999999994,95053.0,experimental,thinning_30_75,57
95,3.4000000000000057,7.799999999999983,108982.0,experimental,thinning_30_75,57
96,3.3000000000000114,3.6000000000000085,76956.0,experimental,thinning_30_75,57
97,1.8999999999999986,1.8999999999999986,66056.0,experimental,thinning_30_75,57
98,6.400000000000006,9.800000000000011,134118.0,experimental,thinning_30_75,57
99,5.199999999999989,6.300000000000011,127418.0,experimental,thinning_30_75,57
100,2.3999999999999773,17.30000000000001,87908.0,experimental,thinning_30_75,57
1,0.29999999999999716,0.20000000000000284,9110.0,experimental,thinning_65_90,58
2,1.0999999999999943,1.2000000000000028,33281.0,experimental,thinning_65_90,58
3,1.799999999999983,2.5,37225.0,experimental,thinning_65_90,58
4,0.9000000000000057,6.0,43390.0,experimental,thinning_65_90,58
5,1.5,-1.4000000000000057,39392.0,experimental,thinning_65_90,58
6,1.5,6.400000000000006,40428.0,experimental,thinning_65_90,58
7,2.299999999999983,2.4000000000000057,41571.0,experimental,thinning_65_90,58
8,2.6000000000000227,2.5999999999999943,47248.0,experimental,thinning_65_90,58
9,1.5999999999999943,12.899999999999977,33878.0,experimental,thinning_65_90,58
10,3.0,32.0,40532.0,experimental,thinning_65_90,58
11,2.299999999999997,2.0,43485.0,experimental,thinning_65_90,58
12,1.0999999999999943,0.8999999999999773,28583.0,experimental,thinning_65_90,58
13,1.2999999999999972,1.1999999999999886,30923.0,experimental,thinning_65_90,58
14,2.8000000000000114,-7.299999999999983,42848.0,experimental,thinning_65_90,58
15,1.299999999999983,2.5999999999999943,39615.0,experimental,thinning_65_90,58
16,1.0,1.0,26212.0,experimental,thinning_65_90,58
17,2.5,3.9000000000000057,65745.0,experimental,thinning_65_90,58
18,0.3999999999999915,0.4000000000000057,12698.0,experimental,thinning_65_90,58
19,1.7000000000000028,1.7000000000000028,37948.0,experimental,thinning_65_90,58
20,1.6000000000000085,3.0,40318.0,experimental,thinning_65_90,58
21,1.3999999999999915,1.5,27920.0,experimental,thinning_65_90,58
22,1.5999999999999943,1.5999999999999943,37866.0,experimental,thinning_65_90,58
23,2.0,2.0,47528.0,experimental,thinning_65_90,58
24,1.3999999999999773,-6.5,31386.0,experimental,thinning_65_90,58
25,0.3999999999999986,0.5,16900.0,experimental,thinning_65_90,58
26,2.5999999999999943,3.3999999999999773,38995.0,experimental,thinning_65_90,58
27,1.6999999999999886,13.699999999999989,35112.0,experimental,thinning_65_90,58
28,2.299999999999983,2.5,49141.0,experimental,thinning_65_90,58
29,1.4000000000000057,1.5,37216.0,experimental,thinning_65_90,58
30,1.5,-9.100000000000023,44887.0,experimental,thinning_65_90,58
31,1.8000000000000114,1.8000000000000114,39896.0,experimental,thinning_65_90,58
32,1.2000000000000028,1.2999999999999972,34860.0,experimental,thinning_65_90,58
33,1.3999999999999915,1.5,34542.0,experimental,thinning_65_90,58
34,1.1999999999999886,1.8999999999999915,34040.0,experimental,thinning_65_90,58
35,-0.29999999999999716,-10.299999999999997,32359.0,experimental,thinning_65_90,58
36,1.2999999999999972,1.7000000000000028,37149.0,experimental,thinning_65_90,58
37,1.2999999999999972,1.5,34735.0,experimental,thinning_65_90,58
38,3.599999999999966,4.399999999999977,44677.0,experimental,thinning_65_90,58
39,1.5,1.5,17175.0,experimental,thinning_65_90,58
40,1.1999999999999957,1.2000000000000028,29562.0,experimental,thinning_65_90,58
41,3.0,3.000000000000014,52292.0,experimental,thinning_65_90,58
42,1.1000000000000085,1.1000000000000085,29786.0,experimental,thinning_65_90,58
43,1.5999999999999943,1.5999999999999943,33787.0,experimental,thinning_65_90,58
44,2.5,2.5999999999999943,37820.0,experimental,thinning_65_90,58
45,1.1000000000000014,1.1000000000000014,27300.0,experimental,thinning_65_90,58
46,1.6000000000000227,12.099999999999966,36675.0,experimental,thinning_65_90,58
47,1.4000000000000057,2.6000000000000085,38022.0,experimental,thinning_65_90,58
48,1.0999999999999943,1.0999999999999943,28299.0,experimental,thinning_65_90,58
49,4.099999999999994,4.0,55164.0,experimental,thinning_65_90,58
50,2.4000000000000057,20.400000000000006,45254.0,experimental,thinning_65_90,58
51,1.2999999999999972,1.2999999999999972,34361.0,experimental,thinning_65_90,58
52,2.0,2.3000000000000114,37646.0,experimental,thinning_65_90,58
53,1.3000000000000114,-2.900000000000034,41047.0,experimental,thinning_65_90,58
54,3.1000000000000227,-1.8000000000000114,46623.0,experimental,thinning_65_90,58
55,0.4000000000000057,1.200000000000017,19910.0,experimental,thinning_65_90,58
56,2.1000000000000227,2.1999999999999886,40022.0,experimental,thinning_65_90,58
57,2.0999999999999943,2.1000000000000227,34648.0,experimental,thinning_65_90,58
58,2.0,3.0999999999999943,55915.0,experimental,thinning_65_90,58
59,2.0,3.0,27880.0,experimental,thinning_65_90,58
60,3.0999999999999943,3.1000000000000227,54390.0,experimental,thinning_65_90,58
61,1.2999999999999972,13.600000000000023,44766.0,experimental,thinning_65_90,58
62,3.0999999999999943,1.599999999999966,32908.0,experimental,thinning_65_90,58
63,1.3000000000000114,2.4000000000000057,29098.0,experimental,thinning_65_90,58
64,1.2999999999999972,1.2999999999999972,33425.0,experimental,thinning_65_90,58
65,1.4000000000000057,2.3000000000000114,39930.0,experimental,thinning_65_90,58
66,1.2999999999999972,1.2000000000000028,38383.0,experimental,thinning_65_90,58
67,1.2000000000000028,7.700000000000003,42229.0,experimental,thinning_65_90,58
68,1.5999999999999943,11.200000000000003,39558.0,experimental,thinning_65_90,58
69,2.200000000000017,6.100000000000023,41836.0,experimental,thinning_65_90,58
70,1.2999999999999972,1.2999999999999972,34007.0,experimental,thinning_65_90,58
71,1.6999999999999886,1.8000000000000114,41875.0,experimental,thinning_65_90,58
72,1.0,2.1000000000000085,30507.0,experimental,thinning_65_90,58
73,3.0,2.9000000000000057,61366.0,experimental,thinning_65_90,58
74,0.5,9.899999999999977,18779.0,experimental,thinning_65_90,58
75,1.0,1.0,28084.0,experimental,thinning_65_90,58
76,2.8000000000000114,6.199999999999989,34712.0,experimental,thinning_65_90,58
77,1.5999999999999943,1.6000000000000085,39417.0,experimental,thinning_65_90,58
78,2.9000000000000057,3.6999999999999886,50426.0,experimental,thinning_65_90,58
79,1.0,1.1999999999999886,23726.0,experimental,thinning_65_90,58
80,3.0,3.4000000000000057,45964.0,experimental,thinning_65_90,58
81,3.6999999999999886,1.7000000000000028,48753.0,experimental,thinning_65_90,58
82,1.6000000000000085,1.5,36049.0,experimental,thinning_65_90,58
83,1.3999999999999915,1.5,37192.0,experimental,thinning_65_90,58
84,2.5,8.200000000000017,41115.0,experimental,thinning_65_90,58
85,3.0999999999999943,3.6000000000000227,42185.0,experimental,thinning_65_90,58
86,1.7999999999999972,1.9000000000000057,34353.0,experimental,thinning_65_90,58
87,1.5999999999999943,7.5,36001.0,experimental,thinning_65_90,58
88,0.6000000000000014,0.6000000000000014,17107.0,experimental,thinning_65_90,58
89,1.1000000000000014,1.0999999999999943,30558.0,experimental,thinning_65_90,58
90,1.700000000000017,2.5999999999999943,38350.0,experimental,thinning_65_90,58
91,1.299999999999983,4.100000000000023,38560.0,experimental,thinning_65_90,58
92,1.799999999999983,-7.300000000000011,43921.0,experimental,thinning_65_90,58
93,3.299999999999997,3.3000000000000114,54448.0,experimental,thinning_65_90,58
94,2.3000000000000114,4.800000000000011,42104.0,experimental,thinning_65_90,58
95,2.0,1.8999999999999773,34767.0,experimental,thinning_65_90,58
96,2.200000000000017,2.299999999999997,46085.0,experimental,thinning_65_90,58
97,0.8000000000000043,0.7999999999999972,23337.0,experimental,thinning_65_90,58
98,2.6000000000000227,1.7000000000000455,45012.0,experimental,thinning_65_90,58
99,1.1999999999999886,1.4000000000000057,33422.0,experimental,thinning_65_90,58
100,1.299999999999983,6.300000000000011,38786.0,experimental,thinning_65_90,58
1,3.6000000000000085,6.1000000000000085,120066.0,experimental,thinning_30_75,59
2,7.0,7.300000000000011,197849.0,experimental,thinning_30_75,59
3,8.0,25.099999999999994,189682.0,experimental,thinning_30_75,59
4,6.800000000000011,29.5,219034.0,experimental,thinning_30_75,59
5,7.299999999999983,10.0,174686.0,experimental,thinning_30_75,59
6,4.200000000000017,22.80000000000001,123022.0,experimental,thinning_30_75,59
7,7.5,14.699999999999989,166046.0,experimental,thinning_30_75,59
8,10.0,34.29999999999998,261435.0,experimental,thinning_30_75,59
9,11.700000000000017,70.20000000000005,271183.0,experimental,thinning_30_75,59
10,9.399999999999977,125.0,199278.0,experimental,thinning_30_75,59
11,14.299999999999997,17.39999999999999,319738.0,experimental,thinning_30_75,59
12,10.0,24.19999999999999,257967.0,experimental,thinning_30_75,59
13,6.799999999999997,6.3999999999999915,166207.0,experimental,thinning_30_75,59
14,11.100000000000023,48.69999999999999,224587.0,experimental,thinning_30_75,59
15,5.299999999999983,36.900000000000006,179128.0,experimental,thinning_30_75,59
16,5.399999999999999,9.500000000000007,157394.0,experimental,thinning_30_75,59
17,12.5,47.80000000000001,336955.0,experimental,thinning_30_75,59
18,4.799999999999997,4.900000000000006,152408.0,experimental,thinning_30_75,59
19,10.400000000000006,10.600000000000009,241790.0,experimental,thinning_30_75,59
20,7.3999999999999915,16.89999999999999,195058.0,experimental,thinning_30_75,59
21,7.699999999999989,10.399999999999991,179718.0,experimental,thinning_30_75,59
22,5.699999999999989,8.299999999999983,155933.0,experimental,thinning_30_75,59
23,9.400000000000006,12.800000000000011,230169.0,experimental,thinning_30_75,59
24,7.099999999999994,17.299999999999983,176482.0,experimental,thinning_30_75,59
25,5.399999999999999,5.5000000000000036,186305.0,experimental,thinning_30_75,59
26,9.699999999999989,51.599999999999994,237421.0,experimental,thinning_30_75,59
27,10.800000000000011,77.90000000000003,210907.0,experimental,thinning_30_75,59
28,7.900000000000006,20.5,221957.0,experimental,thinning_30_75,59
29,7.800000000000011,12.0,194535.0,experimental,thinning_30_75,59
30,5.699999999999989,13.799999999999983,166074.0,experimental,thinning_30_75,59
31,7.900000000000006,12.0,187568.0,experimental,thinning_30_75,59
32,6.900000000000006,6.8999999999999915,174762.0,experimental,thinning_30_75,59
33,7.3999999999999915,7.5,188967.0,experimental,thinning_30_75,59
34,4.699999999999989,7.599999999999994,121824.0,experimental,thinning_30_75,59
35,1.9000000000000057,-6.700000000000003,161855.0,experimental,thinning_30_75,59
36,6.700000000000003,9.0,197867.0,experimental,thinning_30_75,59
37,6.1000000000000085,7.099999999999994,166907.0,experimental,thinning_30_75,59
38,14.5,62.39999999999998,264121.0,experimental,thinning_30_75,59
39,8.199999999999989,5.400000000000006,238602.0,experimental,thinning_30_75,59
40,12.899999999999999,16.400000000000006,293977.0,experimental,thinning_30_75,59
41,8.199999999999989,11.899999999999991,179140.0,experimental,thinning_30_75,59
42,3.0,3.0,122237.0,experimental,thinning_30_75,59
43,10.5,11.0,260592.0,experimental,thinning_30_75,59
44,11.199999999999989,21.5,250813.0,experimental,thinning_30_75,59
45,8.299999999999997,10.200000000000003,211043.0,experimental,thinning_30_75,59
46,6.400000000000034,69.5,184228.0,experimental,thinning_30_75,59
47,8.700000000000003,25.099999999999994,243579.0,experimental,thinning_30_75,59
48,10.799999999999997,10.899999999999991,262231.0,experimental,thinning_30_75,59
49,16.69999999999999,24.5,299782.0,experimental,thinning_30_75,59
50,11.300000000000011,23.0,243731.0,experimental,thinning_30_75,59
51,9.0,10.699999999999989,251473.0,experimental,thinning_30_75,59
52,10.200000000000017,23.700000000000017,255139.0,experimental,thinning_30_75,59
53,7.599999999999966,47.69999999999999,214655.0,experimental,thinning_30_75,59
54,16.600000000000023,27.0,328039.0,experimental,thinning_30_75,59
55,2.4000000000000057,22.80000000000001,106440.0,experimental,thinning_30_75,59
56,8.600000000000023,9.099999999999994,195822.0,experimental,thinning_30_75,59
57,9.199999999999989,5.5,182856.0,experimental,thinning_30_75,59
58,19.0,43.29999999999998,424253.0,experimental,thinning_30_75,59
59,7.0,14.199999999999989,133884.0,experimental,thinning_30_75,59
60,13.0,9.200000000000017,296200.0,experimental,thinning_30_75,59
61,8.100000000000009,62.70000000000002,243856.0,experimental,thinning_30_75,59
62,14.199999999999989,-27.0,278280.0,experimental,thinning_30_75,59
63,9.200000000000017,20.299999999999983,231818.0,experimental,thinning_30_75,59
64,8.599999999999994,8.699999999999989,220072.0,experimental,thinning_30_75,59
65,6.099999999999994,18.599999999999994,194040.0,experimental,thinning_30_75,59
66,8.599999999999994,6.200000000000003,234401.0,experimental,thinning_30_75,59
67,5.5,48.80000000000001,169545.0,experimental,thinning_30_75,59
68,6.5,35.80000000000001,194083.0,experimental,thinning_30_75,59
69,8.800000000000011,26.100000000000023,188510.0,experimental,thinning_30_75,59
70,5.700000000000003,8.299999999999997,163428.0,experimental,thinning_30_75,59
71,6.599999999999994,7.400000000000006,169277.0,experimental,thinning_30_75,59
72,4.200000000000003,24.0,169448.0,experimental,thinning_30_75,59
73,10.199999999999989,20.30000000000001,257090.0,experimental,thinning_30_75,59
74,1.5999999999999943,66.80000000000001,66435.0,experimental,thinning_30_75,59
75,4.799999999999997,4.800000000000004,150741.0,experimental,thinning_30_75,59
76,7.899999999999977,10.699999999999989,166698.0,experimental,thinning_30_75,59
77,7.799999999999997,7.900000000000006,197872.0,experimental,thinning_30_75,59
78,16.200000000000017,51.39999999999998,355070.0,experimental,thinning_30_75,59
79,6.300000000000011,11.300000000000011,168782.0,experimental,thinning_30_75,59
80,12.900000000000006,22.200000000000017,259287.0,experimental,thinning_30_75,59
81,13.0,22.299999999999997,227567.0,experimental,thinning_30_75,59
82,5.900000000000006,6.299999999999997,167127.0,experimental,thinning_30_75,59
83,6.8999999999999915,7.299999999999997,232420.0,experimental,thinning_30_75,59
84,12.400000000000006,16.900000000000006,305452.0,experimental,thinning_30_75,59
85,15.200000000000017,29.900000000000006,312992.0,experimental,thinning_30_75,59
86,13.499999999999986,14.199999999999989,315791.0,experimental,thinning_30_75,59
87,8.200000000000003,14.299999999999997,217085.0,experimental,thinning_30_75,59
88,5.600000000000001,5.699999999999996,167479.0,experimental,thinning_30_75,59
89,6.0,6.0,188583.0,experimental,thinning_30_75,59
90,7.099999999999994,23.700000000000017,191987.0,experimental,thinning_30_75,59
91,7.799999999999983,21.600000000000023,192712.0,experimental,thinning_30_75,59
92,9.5,14.300000000000011,196555.0,experimental,thinning_30_75,59
93,11.799999999999997,14.5,238212.0,experimental,thinning_30_75,59
94,7.699999999999989,31.200000000000017,201438.0,experimental,thinning_30_75,59
95,7.400000000000006,16.099999999999994,218389.0,experimental,thinning_30_75,59
96,7.099999999999994,8.600000000000009,165814.0,experimental,thinning_30_75,59
97,4.5,4.299999999999997,150121.0,experimental,thinning_30_75,59
98,13.199999999999989,20.900000000000034,285187.0,experimental,thinning_30_75,59
99,10.599999999999994,15.599999999999994,251873.0,experimental,thinning_30_75,59
100,6.099999999999994,54.20000000000002,190774.0,experimental,thinning_30_75,59
1,1.0,0.9000000000000057,36696.0,experimental,thinning_65_90,60
2,2.5999999999999943,2.6000000000000085,72050.0,experimental,thinning_65_90,60
3,3.0999999999999943,5.5,75440.0,experimental,thinning_65_90,60
4,2.0,12.5,86363.0,experimental,thinning_65_90,60
5,2.799999999999983,2.799999999999983,74639.0,experimental,thinning_65_90,60
6,2.4000000000000057,2.1999999999999886,79950.0,experimental,thinning_65_90,60
7,4.399999999999977,4.400000000000006,83102.0,experimental,thinning_65_90,60
8,5.0,5.799999999999983,92074.0,experimental,thinning_65_90,60
9,3.0,24.299999999999955,62560.0,experimental,thinning_65_90,60
10,5.5,51.700000000000045,92900.0,experimental,thinning_65_90,60
11,5.1000000000000085,4.499999999999986,103180.0,experimental,thinning_65_90,60
12,1.9000000000000057,1.8999999999999773,55621.0,experimental,thinning_65_90,60
13,2.3999999999999915,2.299999999999997,58145.0,experimental,thinning_65_90,60
14,5.900000000000006,12.800000000000011,84784.0,experimental,thinning_65_90,60
15,2.5,6.200000000000017,77794.0,experimental,thinning_65_90,60
16,2.200000000000003,2.0,62669.0,experimental,thinning_65_90,60
17,5.5,7.299999999999997,141654.0,experimental,thinning_65_90,60
18,0.29999999999999716,0.4000000000000057,17944.0,experimental,thinning_65_90,60
19,3.1000000000000085,3.1000000000000085,71602.0,experimental,thinning_65_90,60
20,3.6000000000000085,7.200000000000003,90291.0,experimental,thinning_65_90,60
21,2.0999999999999943,2.1999999999999886,43836.0,experimental,thinning_65_90,60
22,3.0,3.1999999999999886,76200.0,experimental,thinning_65_90,60
23,3.6999999999999886,3.700000000000017,87347.0,experimental,thinning_65_90,60
24,2.799999999999983,5.099999999999994,57352.0,experimental,thinning_65_90,60
25,1.1999999999999993,1.3000000000000007,44680.0,experimental,thinning_65_90,60
26,5.099999999999994,7.899999999999977,80681.0,experimental,thinning_65_90,60
27,3.5,41.599999999999966,76265.0,experimental,thinning_65_90,60
28,4.5,1.4000000000000057,102387.0,experimental,thinning_65_90,60
29,2.200000000000003,2.3999999999999915,63734.0,experimental,thinning_65_90,60
30,3.4000000000000057,3.799999999999983,94934.0,experimental,thinning_65_90,60
31,3.1999999999999886,2.8000000000000114,75279.0,experimental,thinning_65_90,60
32,2.200000000000003,-8.299999999999997,68056.0,experimental,thinning_65_90,60
33,2.8999999999999915,3.0999999999999943,75132.0,experimental,thinning_65_90,60
34,2.0,7.099999999999994,64957.0,experimental,thinning_65_90,60
35,-0.09999999999999432,-10.399999999999991,75502.0,experimental,thinning_65_90,60
36,2.700000000000003,0.0,85631.0,experimental,thinning_65_90,60
37,2.700000000000003,2.9000000000000057,70848.0,experimental,thinning_65_90,60
38,6.099999999999966,9.0,97696.0,experimental,thinning_65_90,60
39,1.8999999999999915,2.0,24032.0,experimental,thinning_65_90,60
40,2.8000000000000043,2.9000000000000057,67021.0,experimental,thinning_65_90,60
41,5.099999999999994,5.299999999999997,97594.0,experimental,thinning_65_90,60
42,2.1000000000000085,2.1000000000000085,61188.0,experimental,thinning_65_90,60
43,3.5999999999999943,3.5999999999999943,79535.0,experimental,thinning_65_90,60
44,4.5,5.099999999999994,67007.0,experimental,thinning_65_90,60
45,2.3999999999999986,2.3999999999999986,64840.0,experimental,thinning_65_90,60
46,2.900000000000034,25.0,73604.0,experimental,thinning_65_90,60
47,2.6000000000000085,6.1000000000000085,73213.0,experimental,thinning_65_90,60
48,2.5,2.5,63415.0,experimental,thinning_65_90,60
49,6.899999999999977,7.0,118048.0,experimental,thinning_65_90,60
50,3.5999999999999943,13.300000000000011,97745.0,experimental,thinning_65_90,60
51,2.700000000000003,2.6999999999999886,74740.0,experimental,thinning_65_90,60
52,3.1000000000000227,3.700000000000017,61146.0,experimental,thinning_65_90,60
53,3.1999999999999886,13.199999999999989,89682.0,experimental,thinning_65_90,60
54,5.600000000000023,5.900000000000034,98576.0,experimental,thinning_65_90,60
55,0.5999999999999943,3.9000000000000057,36120.0,experimental,thinning_65_90,60
56,3.1000000000000227,3.1999999999999886,68380.0,experimental,thinning_65_90,60
57,3.0,4.300000000000011,70188.0,experimental,thinning_65_90,60
58,4.199999999999989,10.799999999999983,118153.0,experimental,thinning_65_90,60
59,3.1999999999999886,5.800000000000011,60572.0,experimental,thinning_65_90,60
60,5.799999999999983,5.800000000000011,110158.0,experimental,thinning_65_90,60
61,2.799999999999997,28.400000000000006,96119.0,experimental,thinning_65_90,60
62,6.099999999999994,3.8000000000000114,69534.0,experimental,thinning_65_90,60
63,2.4000000000000057,5.400000000000006,53181.0,experimental,thinning_65_90,60
64,2.299999999999997,2.299999999999997,65469.0,experimental,thinning_65_90,60
65,2.5999999999999943,5.599999999999994,77622.0,experimental,thinning_65_90,60
66,2.299999999999997,2.200000000000003,68521.0,experimental,thinning_65_90,60
67,2.5,16.30000000000001,84005.0,experimental,thinning_65_90,60
68,2.5999999999999943,10.400000000000006,80949.0,experimental,thinning_65_90,60
69,3.9000000000000057,11.100000000000023,81184.0,experimental,thinning_65_90,60
70,2.700000000000003,2.6999999999999886,71862.0,experimental,thinning_65_90,60
71,3.1999999999999886,3.3000000000000114,83153.0,experimental,thinning_65_90,60
72,1.8000000000000114,6.299999999999997,65196.0,experimental,thinning_65_90,60
73,6.099999999999994,0.9000000000000057,135314.0,experimental,thinning_65_90,60
74,0.4000000000000057,21.30000000000001,27399.0,experimental,thinning_65_90,60
75,2.0,2.000000000000007,61837.0,experimental,thinning_65_90,60
76,4.099999999999966,-12.199999999999989,80264.0,experimental,thinning_65_90,60
77,3.200000000000003,3.200000000000003,78467.0,experimental,thinning_65_90,60
78,5.300000000000011,7.299999999999983,108969.0,experimental,thinning_65_90,60
79,1.4000000000000057,2.0,45646.0,experimental,thinning_65_90,60
80,5.700000000000017,8.200000000000017,94005.0,experimental,thinning_65_90,60
81,6.0,14.500000000000014,91132.0,experimental,thinning_65_90,60
82,3.3000000000000114,3.0,80968.0,experimental,thinning_65_90,60
83,2.8999999999999915,2.8999999999999915,82996.0,experimental,thinning_65_90,60
84,4.200000000000017,9.900000000000006,79053.0,experimental,thinning_65_90,60
85,5.800000000000011,6.0,82139.0,experimental,thinning_65_90,60
86,3.700000000000003,3.799999999999997,78799.0,experimental,thinning_65_90,60
87,2.8999999999999915,8.900000000000006,71973.0,experimental,thinning_65_90,60
88,1.3999999999999986,1.3999999999999986,44447.0,experimental,thinning_65_90,60
89,2.200000000000003,2.1999999999999957,66637.0,experimental,thinning_65_90,60
90,2.4000000000000057,-3.6999999999999886,73656.0,experimental,thinning_65_90,60
91,2.5999999999999943,8.100000000000023,74782.0,experimental,thinning_65_90,60
92,4.099999999999994,4.300000000000011,88447.0,experimental,thinning_65_90,60
93,5.799999999999997,5.5,114400.0,experimental,thinning_65_90,60
94,4.300000000000011,9.5,87397.0,experimental,thinning_65_90,60
95,3.4000000000000057,3.3999999999999773,71959.0,experimental,thinning_65_90,60
96,4.599999999999994,4.8999999999999915,100784.0,experimental,thinning_65_90,60
97,2.0,1.8999999999999986,58827.0,experimental,thinning_65_90,60
98,5.300000000000011,4.600000000000023,97236.0,experimental,thinning_65_90,60
99,2.5,3.9000000000000057,70801.0,experimental,thinning_65_90,60
100,1.8999999999999773,31.80000000000001,88350.0,experimental,thinning_65_90,60
1,1.0,4.5,32289.0,experimental,thinning_30_75,61
2,1.4000000000000057,1.4000000000000057,42336.0,experimental,thinning_30_75,61
3,2.5,3.299999999999983,42982.0,experimental,thinning_30_75,61
4,2.0,7.800000000000011,48779.0,experimental,thinning_30_75,61
5,2.0999999999999943,-1.4000000000000057,40162.0,experimental,thinning_30_75,61
6,1.0,6.0,20754.0,experimental,thinning_30_75,61
7,1.3999999999999773,1.6999999999999886,26598.0,experimental,thinning_30_75,61
8,2.700000000000017,3.9000000000000057,54097.0,experimental,thinning_30_75,61
9,4.099999999999994,12.5,73080.0,experimental,thinning_30_75,61
10,3.099999999999966,29.299999999999955,40287.0,experimental,thinning_30_75,61
11,4.299999999999997,4.299999999999997,74084.0,experimental,thinning_30_75,61
12,3.1999999999999886,4.5,60971.0,experimental,thinning_30_75,61
13,2.1999999999999886,2.1999999999999886,39384.0,experimental,thinning_30_75,61
14,3.1000000000000227,9.100000000000023,48141.0,experimental,thinning_30_75,61
15,1.5999999999999943,5.900000000000006,40316.0,experimental,thinning_30_75,61
16,1.5,5.5,37865.0,experimental,thinning_30_75,61
17,4.0,17.80000000000001,79835.0,experimental,thinning_30_75,61
18,1.0999999999999943,1.2000000000000028,33180.0,experimental,thinning_30_75,61
19,3.3000000000000114,4.299999999999997,58595.0,experimental,thinning_30_75,61
20,1.6000000000000085,3.5,35943.0,experimental,thinning_30_75,61
21,2.5999999999999943,2.6999999999999886,43394.0,experimental,thinning_30_75,61
22,1.799999999999983,2.5,33830.0,experimental,thinning_30_75,61
23,2.5,5.300000000000011,52870.0,experimental,thinning_30_75,61
24,2.1999999999999886,2.299999999999983,37527.0,experimental,thinning_30_75,61
25,1.8999999999999986,2.0,52520.0,experimental,thinning_30_75,61
26,2.4000000000000057,10.5,54931.0,experimental,thinning_30_75,61
27,3.3000000000000114,0.5,51773.0,experimental,thinning_30_75,61
28,2.0999999999999943,3.0999999999999943,43407.0,experimental,thinning_30_75,61
29,2.8000000000000114,3.0,49241.0,experimental,thinning_30_75,61
30,1.5,1.3999999999999773,37183.0,experimental,thinning_30_75,61
31,2.5,2.1000000000000227,41606.0,experimental,thinning_30_75,61
32,2.200000000000003,2.299999999999997,42986.0,experimental,thinning_30_75,61
33,2.200000000000003,2.3999999999999915,44868.0,experimental,thinning_30_75,61
34,1.5,3.3999999999999915,22944.0,experimental,thinning_30_75,61
35,-0.29999999999999716,8.100000000000009,32531.0,experimental,thinning_30_75,61
36,1.9000000000000057,3.299999999999997,44410.0,experimental,thinning_30_75,61
37,1.6000000000000085,1.7000000000000028,33970.0,experimental,thinning_30_75,61
38,4.599999999999966,1.3999999999999773,58610.0,experimental,thinning_30_75,61
39,2.0999999999999943,1.5999999999999943,47910.0,experimental,thinning_30_75,61
40,4.399999999999999,5.299999999999997,74516.0,experimental,thinning_30_75,61
41,2.0,2.200000000000003,31997.0,experimental,thinning_30_75,61
42,0.4000000000000057,0.4000000000000057,22283.0,experimental,thinning_30_75,61
43,3.0,3.0,59673.0,experimental,thinning_30_75,61
44,3.799999999999983,3.799999999999983,64576.0,experimental,thinning_30_75,61
45,3.0,3.1000000000000014,57975.0,experimental,thinning_30_75,61
46,1.8000000000000114,5.599999999999966,37288.0,experimental,thinning_30_75,61
47,2.9000000000000057,4.300000000000011,57194.0,experimental,thinning_30_75,61
48,3.5,3.5,67677.0,experimental,thinning_30_75,61
49,5.399999999999977,4.599999999999994,72018.0,experimental,thinning_30_75,61
50,3.4000000000000057,4.599999999999994,58835.0,experimental,thinning_30_75,61
51,2.6000000000000085,4.599999999999994,60346.0,experimental,thinning_30_75,61
52,3.200000000000017,4.5,61854.0,experimental,thinning_30_75,61
53,1.8999999999999773,6.0,42599.0,experimental,thinning_30_75,61
54,5.800000000000011,6.100000000000023,83705.0,experimental,thinning_30_75,61
55,0.20000000000001705,2.700000000000017,19284.0,experimental,thinning_30_75,61
56,2.8000000000000114,5.199999999999989,49240.0,experimental,thinning_30_75,61
57,2.3999999999999773,1.700000000000017,34651.0,experimental,thinning_30_75,61
58,6.300000000000011,10.799999999999983,100842.0,experimental,thinning_30_75,61
59,1.1999999999999886,2.1999999999999886,20224.0,experimental,thinning_30_75,61
60,4.5,4.600000000000023,71508.0,experimental,thinning_30_75,61
61,2.0,10.600000000000023,43891.0,experimental,thinning_30_75,61
62,5.400000000000006,5.5,70562.0,experimental,thinning_30_75,61
63,2.9000000000000057,4.599999999999994,55657.0,experimental,thinning_30_75,61
64,2.8999999999999915,3.0999999999999943,56147.0,experimental,thinning_30_75,61
65,1.700000000000017,4.400000000000006,41934.0,experimental,thinning_30_75,61
66,2.799999999999997,0.9000000000000057,56710.0,experimental,thinning_30_75,61
67,1.6000000000000085,9.0,37181.0,experimental,thinning_30_75,61
68,1.8999999999999915,12.0,39898.0,experimental,thinning_30_75,61
69,2.700000000000017,5.100000000000023,43942.0,experimental,thinning_30_75,61
70,1.2999999999999972,1.2999999999999972,32402.0,experimental,thinning_30_75,61
71,2.1999999999999886,2.6000000000000227,39289.0,experimental,thinning_30_75,61
72,0.8000000000000114,5.5,32690.0,experimental,thinning_30_75,61
73,3.5,-1.5,62976.0,experimental,thinning_30_75,61
74,-0.20000000000001705,11.199999999999989,3967.0,experimental,thinning_30_75,61
75,0.7999999999999972,0.8000000000000043,29909.0,experimental,thinning_30_75,61
76,3.099999999999966,0.6000000000000227,43000.0,experimental,thinning_30_75,61
77,2.4000000000000057,2.4000000000000057,45813.0,experimental,thinning_30_75,61
78,5.5,10.299999999999983,81312.0,experimental,thinning_30_75,61
79,2.200000000000017,2.3000000000000114,40227.0,experimental,thinning_30_75,61
80,3.700000000000017,4.200000000000017,58031.0,experimental,thinning_30_75,61
81,4.299999999999983,11.799999999999997,53120.0,experimental,thinning_30_75,61
82,1.3000000000000114,1.2999999999999972,30356.0,experimental,thinning_30_75,61
83,1.3999999999999915,1.5999999999999943,53640.0,experimental,thinning_30_75,61
84,4.300000000000011,5.0,77413.0,experimental,thinning_30_75,61
85,4.599999999999994,4.800000000000011,70384.0,experimental,thinning_30_75,61
86,4.599999999999994,3.299999999999997,80079.0,experimental,thinning_30_75,61
87,2.700000000000003,9.900000000000006,52345.0,experimental,thinning_30_75,61
88,2.0,2.0,46005.0,experimental,thinning_30_75,61
89,1.7000000000000028,1.6999999999999957,45139.0,experimental,thinning_30_75,61
90,1.700000000000017,2.700000000000017,39580.0,experimental,thinning_30_75,61
91,2.299999999999983,4.5,43570.0,experimental,thinning_30_75,61
92,2.799999999999983,2.9000000000000057,43808.0,experimental,thinning_30_75,61
93,3.499999999999986,2.3000000000000114,52783.0,experimental,thinning_30_75,61
94,2.4000000000000057,5.700000000000017,44882.0,experimental,thinning_30_75,61
95,1.8000000000000114,3.0999999999999943,42755.0,experimental,thinning_30_75,61
96,1.7000000000000028,2.1000000000000085,29429.0,experimental,thinning_30_75,61
97,1.0,0.8999999999999986,33250.0,experimental,thinning_30_75,61
98,4.100000000000023,10.300000000000011,64252.0,experimental,thinning_30_75,61
99,3.5999999999999943,3.5,64458.0,experimental,thinning_30_75,61
100,0.29999999999998295,-7.699999999999989,43403.0,experimental,thinning_30_75,61
1,0.4000000000000057,0.7999999999999972,9889.0,experimental,thinning_65_90,62
2,0.09999999999999432,0.10000000000000853,6593.0,experimental,thinning_65_90,62
3,0.19999999999998863,0.39999999999997726,4430.0,experimental,thinning_65_90,62
4,0.10000000000000853,1.8000000000000114,8249.0,experimental,thinning_65_90,62
5,0.09999999999999432,-3.500000000000014,4839.0,experimental,thinning_65_90,62
6,0.10000000000002274,4.900000000000006,5296.0,experimental,thinning_65_90,62
7,0.5999999999999943,0.5999999999999943,6838.0,experimental,thinning_65_90,62
8,1.0,1.0,9362.0,experimental,thinning_65_90,62
9,0.5,4.0,8556.0,experimental,thinning_65_90,62
10,0.8999999999999773,18.100000000000023,8734.0,experimental,thinning_65_90,62
11,1.0,1.0,16242.0,experimental,thinning_65_90,62
12,0.5,0.799999999999983,10221.0,experimental,thinning_65_90,62
13,0.19999999999998863,0.09999999999999432,3000.0,experimental,thinning_65_90,62
14,1.200000000000017,2.0,7108.0,experimental,thinning_65_90,62
15,0.19999999999998863,1.0999999999999943,5211.0,experimental,thinning_65_90,62
16,0.29999999999999716,2.1000000000000014,9199.0,experimental,thinning_65_90,62
17,1.2999999999999972,2.0999999999999943,25721.0,experimental,thinning_65_90,62
18,-0.7000000000000028,-0.5999999999999943,-7989.0,experimental,thinning_65_90,62
19,1.0,1.2000000000000028,14916.0,experimental,thinning_65_90,62
20,0.20000000000000284,0.9000000000000057,7377.0,experimental,thinning_65_90,62
21,0.3999999999999915,0.3999999999999915,1060.0,experimental,thinning_65_90,62
22,0.5,0.39999999999997726,5902.0,experimental,thinning_65_90,62
23,0.5999999999999943,0.5999999999999943,7528.0,experimental,thinning_65_90,62
24,0.5999999999999943,0.4000000000000057,2806.0,experimental,thinning_65_90,62
25,0.09999999999999787,0.1999999999999993,7179.0,experimental,thinning_65_90,62
26,0.5,0.39999999999997726,7579.0,experimental,thinning_65_90,62
27,0.6000000000000227,2.8999999999999773,8641.0,experimental,thinning_65_90,62
28,0.6999999999999886,0.9000000000000057,9069.0,experimental,thinning_65_90,62
29,0.30000000000001137,0.29999999999999716,5522.0,experimental,thinning_65_90,62
30,0.5999999999999943,0.5,10231.0,experimental,thinning_65_90,62
31,0.30000000000001137,-4.099999999999994,5375.0,experimental,thinning_65_90,62
32,0.20000000000000284,-11.299999999999997,7098.0,experimental,thinning_65_90,62
33,0.29999999999999716,0.5,6855.0,experimental,thinning_65_90,62
34,0.09999999999999432,1.0999999999999943,1231.0,experimental,thinning_65_90,62
35,-0.7999999999999972,2.9000000000000057,7784.0,experimental,thinning_65_90,62
36,0.20000000000000284,0.7000000000000028,8475.0,experimental,thinning_65_90,62
37,0.20000000000000284,0.29999999999999716,5188.0,experimental,thinning_65_90,62
38,1.2999999999999545,-5.0,10284.0,experimental,thinning_65_90,62
39,-0.10000000000000853,-0.10000000000000853,-10243.0,experimental,thinning_65_90,62
40,0.5,0.5,9048.0,experimental,thinning_65_90,62
41,1.5,1.3999999999999915,17812.0,experimental,thinning_65_90,62
42,0.20000000000000284,0.10000000000000853,4735.0,experimental,thinning_65_90,62
43,0.3999999999999915,0.3999999999999915,8006.0,experimental,thinning_65_90,62
44,1.0999999999999943,1.0999999999999943,10016.0,experimental,thinning_65_90,62
45,0.3999999999999986,0.3999999999999986,8517.0,experimental,thinning_65_90,62
46,0.4000000000000341,3.599999999999966,3823.0,experimental,thinning_65_90,62
47,0.30000000000001137,0.4000000000000057,7425.0,experimental,thinning_65_90,62
48,0.29999999999999716,0.29999999999999716,9584.0,experimental,thinning_65_90,62
49,1.299999999999983,1.1999999999999886,15806.0,experimental,thinning_65_90,62
50,0.5,1.5,11609.0,experimental,thinning_65_90,62
51,0.4000000000000057,0.7999999999999972,10740.0,experimental,thinning_65_90,62
52,0.20000000000001705,1.5,4622.0,experimental,thinning_65_90,62
53,0.30000000000001137,1.5,10075.0,experimental,thinning_65_90,62
54,1.2000000000000455,-0.19999999999998863,16858.0,experimental,thinning_65_90,62
55,-0.09999999999999432,0.5,1438.0,experimental,thinning_65_90,62
56,0.30000000000001137,1.299999999999983,6643.0,experimental,thinning_65_90,62
57,0.09999999999999432,0.10000000000002274,2022.0,experimental,thinning_65_90,62
58,0.9000000000000057,-7.800000000000011,22626.0,experimental,thinning_65_90,62
59,0.39999999999997726,0.39999999999997726,7245.0,experimental,thinning_65_90,62
60,1.9000000000000057,1.9000000000000057,23075.0,experimental,thinning_65_90,62
61,0.5,4.600000000000023,11522.0,experimental,thinning_65_90,62
62,2.0999999999999943,1.6999999999999886,15044.0,experimental,thinning_65_90,62
63,0.6000000000000227,0.9000000000000057,8178.0,experimental,thinning_65_90,62
64,0.3999999999999915,0.3999999999999915,7123.0,experimental,thinning_65_90,62
65,0.20000000000001705,0.8000000000000114,6240.0,experimental,thinning_65_90,62
66,0.19999999999998863,-1.8999999999999915,5604.0,experimental,thinning_65_90,62
67,0.30000000000001137,1.9000000000000057,7073.0,experimental,thinning_65_90,62
68,0.5999999999999943,8.700000000000003,7076.0,experimental,thinning_65_90,62
69,0.4000000000000057,1.5,7476.0,experimental,thinning_65_90,62
70,0.10000000000000853,0.09999999999999432,4772.0,experimental,thinning_65_90,62
71,0.5,0.5,8197.0,experimental,thinning_65_90,62
72,-0.09999999999999432,2.6000000000000085,3497.0,experimental,thinning_65_90,62
73,1.0999999999999943,-3.799999999999983,17880.0,experimental,thinning_65_90,62
74,-0.30000000000001137,2.299999999999983,-5385.0,experimental,thinning_65_90,62
75,0.10000000000000142,0.10000000000000142,5278.0,experimental,thinning_65_90,62
76,0.5,0.6000000000000227,9078.0,experimental,thinning_65_90,62
77,0.29999999999999716,0.29999999999999716,5388.0,experimental,thinning_65_90,62
78,1.5,4.099999999999994,15586.0,experimental,thinning_65_90,62
79,0.20000000000001705,0.30000000000001137,4564.0,experimental,thinning_65_90,62
80,0.8000000000000114,0.8000000000000114,8662.0,experimental,thinning_65_90,62
81,1.5,10.000000000000014,9796.0,experimental,thinning_65_90,62
82,0.5,0.5999999999999943,6707.0,experimental,thinning_65_90,62
83,0.29999999999999716,0.0,9338.0,experimental,thinning_65_90,62
84,1.1000000000000227,1.6000000000000227,12265.0,experimental,thinning_65_90,62
85,1.0999999999999943,0.9000000000000057,9846.0,experimental,thinning_65_90,62
86,1.2999999999999972,1.2999999999999972,17847.0,experimental,thinning_65_90,62
87,0.5,6.6000000000000085,6915.0,experimental,thinning_65_90,62
88,0.20000000000000284,0.19999999999999574,5720.0,experimental,thinning_65_90,62
89,0.20000000000000284,0.19999999999999574,8779.0,experimental,thinning_65_90,62
90,0.4000000000000057,0.4000000000000057,5260.0,experimental,thinning_65_90,62
91,0.19999999999998863,0.700000000000017,5556.0,experimental,thinning_65_90,62
92,-0.10000000000002274,-5.599999999999994,7505.0,experimental,thinning_65_90,62
93,1.0999999999999943,1.0999999999999943,13854.0,experimental,thinning_65_90,62
94,0.6999999999999886,1.3000000000000114,8560.0,experimental,thinning_65_90,62
95,0.0,-0.20000000000001705,-2105.0,experimental,thinning_65_90,62
96,0.7000000000000028,0.7999999999999972,7052.0,experimental,thinning_65_90,62
97,0.20000000000000284,0.19999999999999574,7158.0,experimental,thinning_65_90,62
98,1.1000000000000227,1.400000000000034,11372.0,experimental,thinning_65_90,62
99,0.6999999999999886,0.19999999999998863,12836.0,experimental,thinning_65_90,62
100,-2.5,-11.599999999999994,12442.0,experimental,thinning_65_90,62
1,1.4000000000000057,1.5,58864.0,experimental,thinning_30_75,63
2,6.400000000000006,6.5,174147.0,experimental,thinning_30_75,63
3,6.699999999999989,5.099999999999994,175772.0,experimental,thinning_30_75,63
4,6.1000000000000085,15.0,186051.0,experimental,thinning_30_75,63
5,6.799999999999983,4.199999999999989,174875.0,experimental,thinning_30_75,63
6,5.900000000000006,11.400000000000006,159763.0,experimental,thinning_30_75,63
7,8.199999999999989,8.300000000000011,193230.0,experimental,thinning_30_75,63
8,7.800000000000011,2.5999999999999943,206751.0,experimental,thinning_30_75,63
9,7.700000000000017,33.89999999999998,188682.0,experimental,thinning_30_75,63
10,9.099999999999966,69.60000000000002,197168.0,experimental,thinning_30_75,63
11,9.700000000000003,9.799999999999997,229282.0,experimental,thinning_30_75,63
12,6.599999999999994,8.399999999999977,173383.0,experimental,thinning_30_75,63
13,6.199999999999989,6.0,151505.0,experimental,thinning_30_75,63
14,9.100000000000023,22.19999999999999,196468.0,experimental,thinning_30_75,63
15,5.599999999999994,14.200000000000017,178086.0,experimental,thinning_30_75,63
16,5.100000000000001,6.200000000000003,139828.0,experimental,thinning_30_75,63
17,8.0,30.30000000000001,210229.0,experimental,thinning_30_75,63
18,6.599999999999994,6.700000000000003,168299.0,experimental,thinning_30_75,63
19,7.200000000000003,7.200000000000003,181541.0,experimental,thinning_30_75,63
20,6.1000000000000085,10.600000000000009,166910.0,experimental,thinning_30_75,63
21,6.5,6.699999999999989,167635.0,experimental,thinning_30_75,63
22,6.099999999999994,6.199999999999989,157002.0,experimental,thinning_30_75,63
23,8.900000000000006,9.0,211704.0,experimental,thinning_30_75,63
24,6.0,6.400000000000006,151636.0,experimental,thinning_30_75,63
25,3.8999999999999986,4.0000000000000036,130244.0,experimental,thinning_30_75,63
26,7.699999999999989,24.299999999999983,195279.0,experimental,thinning_30_75,63
27,8.300000000000011,26.399999999999977,180404.0,experimental,thinning_30_75,63
28,7.799999999999983,8.0,200241.0,experimental,thinning_30_75,63
29,6.300000000000011,6.299999999999997,171792.0,experimental,thinning_30_75,63
30,6.5,6.5,179604.0,experimental,thinning_30_75,63
31,7.599999999999994,7.600000000000023,180410.0,experimental,thinning_30_75,63
32,5.300000000000011,-5.6000000000000085,144258.0,experimental,thinning_30_75,63
33,6.200000000000003,6.199999999999989,159641.0,experimental,thinning_30_75,63
34,5.099999999999994,5.199999999999989,146386.0,experimental,thinning_30_75,63
35,3.200000000000003,-5.0,146816.0,experimental,thinning_30_75,63
36,5.799999999999997,6.099999999999994,169647.0,experimental,thinning_30_75,63
37,6.400000000000006,6.799999999999997,163058.0,experimental,thinning_30_75,63
38,10.299999999999955,3.8999999999999773,205936.0,experimental,thinning_30_75,63
39,6.199999999999989,9.5,203755.0,experimental,thinning_30_75,63
40,8.600000000000001,8.799999999999997,198907.0,experimental,thinning_30_75,63
41,6.599999999999994,6.700000000000003,167871.0,experimental,thinning_30_75,63
42,4.0,4.0,125632.0,experimental,thinning_30_75,63
43,8.099999999999994,8.099999999999994,205373.0,experimental,thinning_30_75,63
44,8.5,8.5,199436.0,experimental,thinning_30_75,63
45,6.100000000000001,6.100000000000001,158996.0,experimental,thinning_30_75,63
46,6.5,31.5,169518.0,experimental,thinning_30_75,63
47,6.700000000000003,11.0,187917.0,experimental,thinning_30_75,63
48,7.5,7.5,184541.0,experimental,thinning_30_75,63
49,11.899999999999977,11.799999999999983,235178.0,experimental,thinning_30_75,63
50,8.800000000000011,26.099999999999994,202923.0,experimental,thinning_30_75,63
51,7.0,7.5,190771.0,experimental,thinning_30_75,63
52,8.700000000000017,9.5,220468.0,experimental,thinning_30_75,63
53,6.699999999999989,19.19999999999999,169906.0,experimental,thinning_30_75,63
54,10.800000000000011,1.400000000000034,222639.0,experimental,thinning_30_75,63
55,4.0,5.800000000000011,121828.0,experimental,thinning_30_75,63
56,7.100000000000023,7.199999999999989,177092.0,experimental,thinning_30_75,63
57,8.399999999999977,8.5,183761.0,experimental,thinning_30_75,63
58,12.099999999999994,19.399999999999977,283411.0,experimental,thinning_30_75,63
59,5.899999999999977,9.899999999999977,110564.0,experimental,thinning_30_75,63
60,7.699999999999989,8.0,194040.0,experimental,thinning_30_75,63
61,6.400000000000006,37.10000000000002,194810.0,experimental,thinning_30_75,63
62,8.400000000000006,-46.20000000000002,178511.0,experimental,thinning_30_75,63
63,6.600000000000023,8.699999999999989,173360.0,experimental,thinning_30_75,63
64,6.5,6.5,168140.0,experimental,thinning_30_75,63
65,6.200000000000017,8.900000000000006,174246.0,experimental,thinning_30_75,63
66,6.699999999999989,7.1000000000000085,192392.0,experimental,thinning_30_75,63
67,5.0,24.900000000000006,167488.0,experimental,thinning_30_75,63
68,5.599999999999994,19.799999999999997,174745.0,experimental,thinning_30_75,63
69,7.700000000000017,16.30000000000001,193544.0,experimental,thinning_30_75,63
70,6.299999999999997,6.3999999999999915,166056.0,experimental,thinning_30_75,63
71,5.899999999999977,6.0,160345.0,experimental,thinning_30_75,63
72,4.900000000000006,8.200000000000003,154473.0,experimental,thinning_30_75,63
73,8.5,7.400000000000006,217756.0,experimental,thinning_30_75,63
74,4.400000000000006,33.599999999999966,137853.0,experimental,thinning_30_75,63
75,4.900000000000006,4.899999999999999,144964.0,experimental,thinning_30_75,63
76,7.800000000000011,9.699999999999989,176604.0,experimental,thinning_30_75,63
77,7.400000000000006,7.400000000000006,182586.0,experimental,thinning_30_75,63
78,11.0,12.299999999999983,246653.0,experimental,thinning_30_75,63
79,5.700000000000017,5.800000000000011,146180.0,experimental,thinning_30_75,63
80,10.5,11.200000000000017,229739.0,experimental,thinning_30_75,63
81,9.199999999999989,17.700000000000003,202008.0,experimental,thinning_30_75,63
82,5.6000000000000085,5.700000000000003,163922.0,experimental,thinning_30_75,63
83,5.799999999999997,6.099999999999994,184476.0,experimental,thinning_30_75,63
84,9.200000000000017,14.900000000000006,231901.0,experimental,thinning_30_75,63
85,9.900000000000006,10.900000000000006,224802.0,experimental,thinning_30_75,63
86,7.599999999999994,7.599999999999994,186415.0,experimental,thinning_30_75,63
87,6.999999999999986,13.000000000000014,182817.0,experimental,thinning_30_75,63
88,4.399999999999999,4.399999999999999,133330.0,experimental,thinning_30_75,63
89,4.700000000000003,4.799999999999997,141461.0,experimental,thinning_30_75,63
90,7.0,10.300000000000011,186475.0,experimental,thinning_30_75,63
91,6.899999999999977,12.5,178724.0,experimental,thinning_30_75,63
92,8.299999999999983,8.400000000000006,197128.0,experimental,thinning_30_75,63
93,9.200000000000003,7.400000000000006,216898.0,experimental,thinning_30_75,63
94,6.900000000000006,16.200000000000017,177326.0,experimental,thinning_30_75,63
95,6.300000000000011,10.199999999999989,213140.0,experimental,thinning_30_75,63
96,6.5,6.6000000000000085,171832.0,experimental,thinning_30_75,63
97,4.100000000000001,4.0,126554.0,experimental,thinning_30_75,63
98,9.800000000000011,5.600000000000023,209479.0,experimental,thinning_30_75,63
99,7.099999999999994,7.400000000000006,182464.0,experimental,thinning_30_75,63
100,5.899999999999977,14.300000000000011,172580.0,experimental,thinning_30_75,63
1,0.5,0.5,35672.0,experimental,thinning_65_90,64
2,4.299999999999997,4.300000000000011,116805.0,experimental,thinning_65_90,64
3,5.0,1.0,136917.0,experimental,thinning_65_90,64
4,4.1000000000000085,9.100000000000009,136412.0,experimental,thinning_65_90,64
5,4.799999999999983,1.6999999999999886,133978.0,experimental,thinning_65_90,64
6,4.900000000000006,9.599999999999994,144054.0,experimental,thinning_65_90,64
7,6.299999999999983,6.400000000000006,144109.0,experimental,thinning_65_90,64
8,5.300000000000011,-4.0,135740.0,experimental,thinning_65_90,64
9,4.300000000000011,14.600000000000023,110237.0,experimental,thinning_65_90,64
10,7.199999999999989,37.299999999999955,150008.0,experimental,thinning_65_90,64
11,5.3999999999999915,5.3999999999999915,127601.0,experimental,thinning_65_90,64
12,3.0999999999999943,3.0999999999999943,89855.0,experimental,thinning_65_90,64
13,4.299999999999997,4.199999999999989,106035.0,experimental,thinning_65_90,64
14,6.100000000000023,9.300000000000011,131711.0,experimental,thinning_65_90,64
15,4.5,5.0,138324.0,experimental,thinning_65_90,64
16,3.700000000000003,3.6000000000000014,102026.0,experimental,thinning_65_90,64
17,5.5,19.900000000000006,146563.0,experimental,thinning_65_90,64
18,3.700000000000003,3.799999999999997,91866.0,experimental,thinning_65_90,64
19,3.9000000000000057,3.9000000000000057,108734.0,experimental,thinning_65_90,64
20,4.6000000000000085,6.299999999999997,125011.0,experimental,thinning_65_90,64
21,4.099999999999994,4.199999999999989,111246.0,experimental,thinning_65_90,64
22,4.900000000000006,4.899999999999977,129062.0,experimental,thinning_65_90,64
23,6.099999999999994,6.099999999999994,148002.0,experimental,thinning_65_90,64
24,4.099999999999994,4.5,108778.0,experimental,thinning_65_90,64
25,2.0,2.1000000000000014,72962.0,experimental,thinning_65_90,64
26,5.5,5.599999999999994,119843.0,experimental,thinning_65_90,64
27,5.199999999999989,4.599999999999966,126905.0,experimental,thinning_65_90,64
28,6.0,6.099999999999994,149428.0,experimental,thinning_65_90,64
29,3.9000000000000057,3.8999999999999915,115352.0,experimental,thinning_65_90,64
30,5.099999999999994,-2.9000000000000057,150350.0,experimental,thinning_65_90,64
31,5.400000000000006,5.400000000000006,133986.0,experimental,thinning_65_90,64
32,3.700000000000003,3.799999999999997,107763.0,experimental,thinning_65_90,64
33,3.8999999999999915,3.8999999999999915,107369.0,experimental,thinning_65_90,64
34,4.099999999999994,4.699999999999989,125324.0,experimental,thinning_65_90,64
35,2.1000000000000085,-7.3999999999999915,111719.0,experimental,thinning_65_90,64
36,4.099999999999994,4.3999999999999915,126287.0,experimental,thinning_65_90,64
37,4.700000000000003,5.0,122850.0,experimental,thinning_65_90,64
38,6.199999999999989,-5.100000000000023,134057.0,experimental,thinning_65_90,64
39,3.5999999999999943,3.5999999999999943,103688.0,experimental,thinning_65_90,64
40,4.199999999999996,4.299999999999997,99978.0,experimental,thinning_65_90,64
41,4.400000000000006,4.3999999999999915,119307.0,experimental,thinning_65_90,64
42,3.4000000000000057,3.4000000000000057,104815.0,experimental,thinning_65_90,64
43,4.799999999999997,4.799999999999997,122486.0,experimental,thinning_65_90,64
44,5.299999999999983,5.299999999999983,120934.0,experimental,thinning_65_90,64
45,3.5,3.5,99346.0,experimental,thinning_65_90,64
46,4.900000000000034,10.699999999999989,126697.0,experimental,thinning_65_90,64
47,3.9000000000000057,5.1000000000000085,115268.0,experimental,thinning_65_90,64
48,3.700000000000003,3.700000000000003,99165.0,experimental,thinning_65_90,64
49,7.799999999999983,7.699999999999989,156870.0,experimental,thinning_65_90,64
50,5.300000000000011,23.099999999999994,144129.0,experimental,thinning_65_90,64
51,4.1000000000000085,4.099999999999994,110821.0,experimental,thinning_65_90,64
52,5.400000000000006,5.5,131698.0,experimental,thinning_65_90,64
53,4.699999999999989,9.199999999999989,120513.0,experimental,thinning_65_90,64
54,6.300000000000011,1.6000000000000227,128336.0,experimental,thinning_65_90,64
55,3.0,3.0999999999999943,93448.0,experimental,thinning_65_90,64
56,4.800000000000011,4.799999999999983,125034.0,experimental,thinning_65_90,64
57,5.299999999999983,-0.09999999999999432,136218.0,experimental,thinning_65_90,64
58,5.900000000000006,-3.200000000000017,145437.0,experimental,thinning_65_90,64
59,3.099999999999966,3.5,58030.0,experimental,thinning_65_90,64
60,4.299999999999983,4.300000000000011,110722.0,experimental,thinning_65_90,64
61,3.799999999999997,16.600000000000023,119482.0,experimental,thinning_65_90,64
62,4.099999999999994,-50.400000000000006,87820.0,experimental,thinning_65_90,64
63,3.4000000000000057,4.099999999999994,96128.0,experimental,thinning_65_90,64
64,3.799999999999997,3.799999999999997,106340.0,experimental,thinning_65_90,64
65,4.700000000000017,4.900000000000006,131210.0,experimental,thinning_65_90,64
66,4.0,3.700000000000003,123373.0,experimental,thinning_65_90,64
67,3.700000000000003,9.700000000000003,135228.0,experimental,thinning_65_90,64
68,4.0,12.400000000000006,128032.0,experimental,thinning_65_90,64
69,5.700000000000017,9.400000000000006,147963.0,experimental,thinning_65_90,64
70,4.799999999999997,4.8999999999999915,125096.0,experimental,thinning_65_90,64
71,4.5,4.600000000000023,128871.0,experimental,thinning_65_90,64
72,3.700000000000003,4.200000000000003,114544.0,experimental,thinning_65_90,64
73,6.5,4.300000000000011,164356.0,experimental,thinning_65_90,64
74,3.5999999999999943,12.5,117587.0,experimental,thinning_65_90,64
75,3.5,3.500000000000007,106851.0,experimental,thinning_65_90,64
76,5.699999999999989,8.400000000000034,130928.0,experimental,thinning_65_90,64
77,5.599999999999994,5.6000000000000085,138831.0,experimental,thinning_65_90,64
78,6.599999999999994,6.599999999999994,142115.0,experimental,thinning_65_90,64
79,3.200000000000017,3.3000000000000114,91168.0,experimental,thinning_65_90,64
80,7.0,7.100000000000023,153875.0,experimental,thinning_65_90,64
81,6.699999999999989,15.200000000000003,149944.0,experimental,thinning_65_90,64
82,4.1000000000000085,4.200000000000003,124219.0,experimental,thinning_65_90,64
83,3.799999999999997,3.8999999999999915,111004.0,experimental,thinning_65_90,64
84,5.800000000000011,11.5,138670.0,experimental,thinning_65_90,64
85,5.5,6.0,112680.0,experimental,thinning_65_90,64
86,2.700000000000003,2.700000000000003,76689.0,experimental,thinning_65_90,64
87,4.5,10.400000000000006,123761.0,experimental,thinning_65_90,64
88,2.200000000000003,2.1999999999999957,73825.0,experimental,thinning_65_90,64
89,3.1000000000000014,3.0999999999999943,91059.0,experimental,thinning_65_90,64
90,4.700000000000017,5.0,132648.0,experimental,thinning_65_90,64
91,4.899999999999977,8.600000000000023,133956.0,experimental,thinning_65_90,64
92,5.599999999999994,5.599999999999994,145809.0,experimental,thinning_65_90,64
93,6.8999999999999915,6.300000000000011,162776.0,experimental,thinning_65_90,64
94,5.300000000000011,7.200000000000017,133673.0,experimental,thinning_65_90,64
95,4.900000000000006,4.899999999999977,143153.0,experimental,thinning_65_90,64
96,5.300000000000011,5.3999999999999915,141244.0,experimental,thinning_65_90,64
97,2.8000000000000043,2.6999999999999957,86785.0,experimental,thinning_65_90,64
98,6.0,2.8000000000000114,121246.0,experimental,thinning_65_90,64
99,3.5,3.5999999999999943,99244.0,experimental,thinning_65_90,64
100,4.5,6.900000000000006,135408.0,experimental,thinning_65_90,64
1,2.700000000000003,3.799999999999997,85799.0,experimental,thinning_30_75,65
2,5.599999999999994,5.800000000000011,159835.0,experimental,thinning_30_75,65
3,6.0,10.099999999999994,149577.0,experimental,thinning_30_75,65
4,5.1000000000000085,16.200000000000003,159923.0,experimental,thinning_30_75,65
5,5.400000000000006,-1.1000000000000227,136868.0,experimental,thinning_30_75,65
6,4.400000000000006,16.80000000000001,118142.0,experimental,thinning_30_75,65
7,6.699999999999989,7.900000000000006,156244.0,experimental,thinning_30_75,65
8,6.300000000000011,1.5999999999999943,177928.0,experimental,thinning_30_75,65
9,7.099999999999994,26.700000000000045,180347.0,experimental,thinning_30_75,65
10,8.099999999999966,81.0,168662.0,experimental,thinning_30_75,65
11,9.799999999999997,9.999999999999986,227393.0,experimental,thinning_30_75,65
12,6.699999999999989,10.299999999999983,170785.0,experimental,thinning_30_75,65
13,4.8999999999999915,5.0,123895.0,experimental,thinning_30_75,65
14,8.400000000000006,28.5,170470.0,experimental,thinning_30_75,65
15,4.099999999999994,19.50000000000003,134780.0,experimental,thinning_30_75,65
16,4.299999999999997,5.100000000000001,122541.0,experimental,thinning_30_75,65
17,7.199999999999989,17.30000000000001,206217.0,experimental,thinning_30_75,65
18,5.0,5.1000000000000085,140726.0,experimental,thinning_30_75,65
19,7.0,7.1000000000000085,170067.0,experimental,thinning_30_75,65
20,5.299999999999997,9.500000000000014,144578.0,experimental,thinning_30_75,65
21,5.5,5.799999999999997,133413.0,experimental,thinning_30_75,65
22,4.799999999999983,5.299999999999983,124770.0,experimental,thinning_30_75,65
23,6.900000000000006,7.599999999999994,166270.0,experimental,thinning_30_75,65
24,5.099999999999994,6.799999999999983,128642.0,experimental,thinning_30_75,65
25,3.6000000000000014,3.6999999999999993,129199.0,experimental,thinning_30_75,65
26,7.199999999999989,28.69999999999999,181925.0,experimental,thinning_30_75,65
27,7.600000000000023,36.39999999999998,166773.0,experimental,thinning_30_75,65
28,6.699999999999989,10.300000000000011,173566.0,experimental,thinning_30_75,65
29,5.6000000000000085,6.099999999999994,141672.0,experimental,thinning_30_75,65
30,5.0,6.5,142835.0,experimental,thinning_30_75,65
31,5.800000000000011,5.600000000000023,138956.0,experimental,thinning_30_75,65
32,4.400000000000006,-4.900000000000006,122629.0,experimental,thinning_30_75,65
33,5.700000000000003,5.799999999999997,146135.0,experimental,thinning_30_75,65
34,3.5999999999999943,3.8999999999999915,98589.0,experimental,thinning_30_75,65
35,2.1000000000000085,-6.3999999999999915,127692.0,experimental,thinning_30_75,65
36,4.900000000000006,5.3999999999999915,146778.0,experimental,thinning_30_75,65
37,4.900000000000006,5.400000000000006,130916.0,experimental,thinning_30_75,65
38,11.099999999999966,38.39999999999998,204179.0,experimental,thinning_30_75,65
39,5.799999999999983,9.099999999999994,175384.0,experimental,thinning_30_75,65
40,8.300000000000004,9.0,193284.0,experimental,thinning_30_75,65
41,6.699999999999989,7.000000000000014,149964.0,experimental,thinning_30_75,65
42,2.9000000000000057,2.9000000000000057,104018.0,experimental,thinning_30_75,65
43,7.299999999999997,7.299999999999997,189269.0,experimental,thinning_30_75,65
44,8.099999999999994,-0.20000000000001705,192049.0,experimental,thinning_30_75,65
45,5.5,5.799999999999997,143248.0,experimental,thinning_30_75,65
46,5.300000000000011,39.80000000000001,145284.0,experimental,thinning_30_75,65
47,6.300000000000011,12.0,175623.0,experimental,thinning_30_75,65
48,7.099999999999994,7.200000000000003,177625.0,experimental,thinning_30_75,65
49,11.5,12.0,216018.0,experimental,thinning_30_75,65
50,8.400000000000006,24.900000000000006,186573.0,experimental,thinning_30_75,65
51,6.5,6.8999999999999915,184212.0,experimental,thinning_30_75,65
52,7.200000000000017,11.200000000000017,180739.0,experimental,thinning_30_75,65
53,5.599999999999966,17.799999999999955,157703.0,experimental,thinning_30_75,65
54,10.300000000000011,8.699999999999989,213597.0,experimental,thinning_30_75,65
55,3.0,8.099999999999994,97406.0,experimental,thinning_30_75,65
56,6.300000000000011,6.599999999999994,150738.0,experimental,thinning_30_75,65
57,6.699999999999989,9.700000000000017,139952.0,experimental,thinning_30_75,65
58,12.099999999999994,25.299999999999983,277505.0,experimental,thinning_30_75,65
59,6.099999999999966,13.800000000000011,119044.0,experimental,thinning_30_75,65
60,8.599999999999994,13.800000000000011,198121.0,experimental,thinning_30_75,65
61,6.400000000000006,43.400000000000006,192081.0,experimental,thinning_30_75,65
62,9.300000000000011,9.399999999999977,176074.0,experimental,thinning_30_75,65
63,6.700000000000017,10.400000000000006,171668.0,experimental,thinning_30_75,65
64,5.599999999999994,5.699999999999989,145875.0,experimental,thinning_30_75,65
65,5.099999999999994,9.300000000000011,151332.0,experimental,thinning_30_75,65
66,6.0,3.9000000000000057,169098.0,experimental,thinning_30_75,65
67,4.1000000000000085,33.099999999999994,132992.0,experimental,thinning_30_75,65
68,5.099999999999994,25.5,155680.0,experimental,thinning_30_75,65
69,6.5,17.80000000000001,155613.0,experimental,thinning_30_75,65
70,4.799999999999997,4.8999999999999915,130381.0,experimental,thinning_30_75,65
71,4.899999999999977,5.0,130141.0,experimental,thinning_30_75,65
72,3.8000000000000114,9.0,131685.0,experimental,thinning_30_75,65
73,6.199999999999989,11.0,179396.0,experimental,thinning_30_75,65
74,2.9000000000000057,40.80000000000001,93885.0,experimental,thinning_30_75,65
75,4.0,4.000000000000007,123853.0,experimental,thinning_30_75,65
76,6.399999999999977,-3.8999999999999773,139342.0,experimental,thinning_30_75,65
77,5.900000000000006,5.900000000000006,150631.0,experimental,thinning_30_75,65
78,10.599999999999994,14.0,242876.0,experimental,thinning_30_75,65
79,5.200000000000017,5.599999999999994,128064.0,experimental,thinning_30_75,65
80,9.099999999999994,12.800000000000011,192114.0,experimental,thinning_30_75,65
81,8.699999999999989,-0.29999999999999716,176376.0,experimental,thinning_30_75,65
82,4.700000000000003,4.799999999999997,135433.0,experimental,thinning_30_75,65
83,5.299999999999997,1.5999999999999943,181050.0,experimental,thinning_30_75,65
84,8.700000000000017,13.300000000000011,218179.0,experimental,thinning_30_75,65
85,10.099999999999994,12.600000000000023,222646.0,experimental,thinning_30_75,65
86,8.600000000000009,8.699999999999989,204063.0,experimental,thinning_30_75,65
87,6.0,12.000000000000014,156775.0,experimental,thinning_30_75,65
88,3.8999999999999986,3.8999999999999986,118110.0,experimental,thinning_30_75,65
89,4.400000000000006,4.399999999999999,142091.0,experimental,thinning_30_75,65
90,5.700000000000017,12.300000000000011,150685.0,experimental,thinning_30_75,65
91,5.399999999999977,10.100000000000023,140200.0,experimental,thinning_30_75,65
92,7.0,3.3000000000000114,158059.0,experimental,thinning_30_75,65
93,8.100000000000009,8.200000000000017,179182.0,experimental,thinning_30_75,65
94,6.199999999999989,18.00000000000003,160456.0,experimental,thinning_30_75,65
95,4.900000000000006,10.699999999999989,168721.0,experimental,thinning_30_75,65
96,5.700000000000017,5.8999999999999915,142021.0,experimental,thinning_30_75,65
97,3.5,3.3999999999999986,115257.0,experimental,thinning_30_75,65
98,9.600000000000023,13.800000000000011,204706.0,experimental,thinning_30_75,65
99,7.0,8.099999999999994,174404.0,experimental,thinning_30_75,65
100,5.299999999999983,42.29999999999998,155834.0,experimental,thinning_30_75,65
1,1.2000000000000028,1.1000000000000085,43146.0,experimental,thinning_65_90,66
2,2.9000000000000057,2.9000000000000057,83687.0,experimental,thinning_65_90,66
3,3.4000000000000057,4.0,90064.0,experimental,thinning_65_90,66
4,2.6000000000000085,6.400000000000006,92006.0,experimental,thinning_65_90,66
5,2.9000000000000057,-0.6000000000000227,82933.0,experimental,thinning_65_90,66
6,2.9000000000000057,8.0,91448.0,experimental,thinning_65_90,66
7,4.5,4.300000000000011,97914.0,experimental,thinning_65_90,66
8,4.100000000000023,4.099999999999994,88856.0,experimental,thinning_65_90,66
9,3.0,17.100000000000023,77826.0,experimental,thinning_65_90,66
10,5.599999999999966,39.299999999999955,108681.0,experimental,thinning_65_90,66
11,4.599999999999994,4.299999999999997,106138.0,experimental,thinning_65_90,66
12,2.3000000000000114,2.299999999999983,66132.0,experimental,thinning_65_90,66
13,2.5,2.3999999999999915,64070.0,experimental,thinning_65_90,66
14,4.900000000000006,11.0,93315.0,experimental,thinning_65_90,66
15,2.6999999999999886,4.400000000000006,85071.0,experimental,thinning_65_90,66
16,2.5,2.3999999999999986,72473.0,experimental,thinning_65_90,66
17,4.599999999999994,5.700000000000003,126717.0,experimental,thinning_65_90,66
18,1.5999999999999943,1.6000000000000085,45112.0,experimental,thinning_65_90,66
19,3.200000000000003,3.200000000000003,84722.0,experimental,thinning_65_90,66
20,3.200000000000003,4.400000000000006,86357.0,experimental,thinning_65_90,66
21,2.5999999999999943,2.6999999999999886,65787.0,experimental,thinning_65_90,66
22,3.0,3.0,81814.0,experimental,thinning_65_90,66
23,3.8000000000000114,3.8000000000000114,90719.0,experimental,thinning_65_90,66
24,2.5,4.299999999999983,67188.0,experimental,thinning_65_90,66
25,1.2999999999999972,1.4000000000000021,51645.0,experimental,thinning_65_90,66
26,4.599999999999994,5.699999999999989,93106.0,experimental,thinning_65_90,66
27,3.6999999999999886,15.599999999999966,98363.0,experimental,thinning_65_90,66
28,4.5,4.400000000000006,106797.0,experimental,thinning_65_90,66
29,2.5,2.5,71702.0,experimental,thinning_65_90,66
30,3.5,-4.700000000000017,102738.0,experimental,thinning_65_90,66
31,3.1999999999999886,2.700000000000017,80374.0,experimental,thinning_65_90,66
32,2.4000000000000057,2.5,70176.0,experimental,thinning_65_90,66
33,2.799999999999997,2.8999999999999915,77720.0,experimental,thinning_65_90,66
34,2.3999999999999915,2.3999999999999915,71897.0,experimental,thinning_65_90,66
35,0.9000000000000057,-8.799999999999997,80328.0,experimental,thinning_65_90,66
36,2.799999999999997,2.8999999999999915,87561.0,experimental,thinning_65_90,66
37,3.0,3.200000000000003,80141.0,experimental,thinning_65_90,66
38,6.0,-0.19999999999998863,112784.0,experimental,thinning_65_90,66
39,2.3999999999999915,2.3999999999999915,58157.0,experimental,thinning_65_90,66
40,3.1000000000000014,3.0999999999999943,74198.0,experimental,thinning_65_90,66
41,4.099999999999994,4.1000000000000085,92592.0,experimental,thinning_65_90,66
42,2.200000000000003,2.200000000000003,66555.0,experimental,thinning_65_90,66
43,3.700000000000003,3.6999999999999886,92387.0,experimental,thinning_65_90,66
44,4.099999999999994,-4.700000000000017,92060.0,experimental,thinning_65_90,66
45,2.3999999999999986,2.3999999999999986,68182.0,experimental,thinning_65_90,66
46,3.400000000000034,12.5,87545.0,experimental,thinning_65_90,66
47,2.9000000000000057,5.0,85141.0,experimental,thinning_65_90,66
48,2.700000000000003,2.700000000000003,73957.0,experimental,thinning_65_90,66
49,6.199999999999989,6.099999999999994,122738.0,experimental,thinning_65_90,66
50,4.099999999999994,22.0,111219.0,experimental,thinning_65_90,66
51,2.9000000000000057,2.8999999999999915,83237.0,experimental,thinning_65_90,66
52,3.4000000000000057,3.700000000000017,80912.0,experimental,thinning_65_90,66
53,3.1999999999999886,-0.30000000000001137,94026.0,experimental,thinning_65_90,66
54,5.100000000000023,-0.30000000000001137,103940.0,experimental,thinning_65_90,66
55,1.5999999999999943,1.700000000000017,53340.0,experimental,thinning_65_90,66
56,3.3000000000000114,3.299999999999983,81558.0,experimental,thinning_65_90,66
57,3.299999999999983,3.3000000000000114,82123.0,experimental,thinning_65_90,66
58,4.400000000000006,5.799999999999983,111635.0,experimental,thinning_65_90,66
59,2.7999999999999545,4.399999999999977,56838.0,experimental,thinning_65_90,66
60,4.400000000000006,4.5,93996.0,experimental,thinning_65_90,66
61,3.0,18.600000000000023,96070.0,experimental,thinning_65_90,66
62,4.5,2.599999999999966,70589.0,experimental,thinning_65_90,66
63,2.6000000000000227,4.099999999999994,70173.0,experimental,thinning_65_90,66
64,2.5999999999999943,2.5999999999999943,70224.0,experimental,thinning_65_90,66
65,3.0,3.8000000000000114,90245.0,experimental,thinning_65_90,66
66,2.6999999999999886,2.4000000000000057,83259.0,experimental,thinning_65_90,66
67,2.6000000000000085,13.200000000000003,92471.0,experimental,thinning_65_90,66
68,3.0999999999999943,13.599999999999994,94050.0,experimental,thinning_65_90,66
69,4.099999999999994,8.900000000000006,102510.0,experimental,thinning_65_90,66
70,2.9000000000000057,3.0,78083.0,experimental,thinning_65_90,66
71,3.0999999999999943,3.200000000000017,87827.0,experimental,thinning_65_90,66
72,2.3000000000000114,2.799999999999997,73814.0,experimental,thinning_65_90,66
73,4.599999999999994,2.3000000000000114,115294.0,experimental,thinning_65_90,66
74,2.0,15.5,68835.0,experimental,thinning_65_90,66
75,2.200000000000003,2.1999999999999957,68558.0,experimental,thinning_65_90,66
76,4.0,-12.599999999999966,94410.0,experimental,thinning_65_90,66
77,3.4000000000000057,3.4000000000000057,87085.0,experimental,thinning_65_90,66
78,5.300000000000011,5.399999999999977,114808.0,experimental,thinning_65_90,66
79,2.1000000000000227,2.3000000000000114,61054.0,experimental,thinning_65_90,66
80,5.200000000000017,5.800000000000011,105339.0,experimental,thinning_65_90,66
81,5.199999999999989,-4.0,108974.0,experimental,thinning_65_90,66
82,3.1000000000000085,3.200000000000003,86093.0,experimental,thinning_65_90,66
83,3.0,-0.9000000000000057,89100.0,experimental,thinning_65_90,66
84,4.900000000000006,5.700000000000017,107988.0,experimental,thinning_65_90,66
85,4.900000000000006,5.400000000000006,92560.0,experimental,thinning_65_90,66
86,2.8999999999999915,2.9000000000000057,70387.0,experimental,thinning_65_90,66
87,3.200000000000003,9.100000000000009,83745.0,experimental,thinning_65_90,66
88,1.3999999999999986,1.5,47676.0,experimental,thinning_65_90,66
89,2.3000000000000043,2.299999999999997,71143.0,experimental,thinning_65_90,66
90,3.3000000000000114,4.700000000000017,88605.0,experimental,thinning_65_90,66
91,2.8999999999999773,5.5,81378.0,experimental,thinning_65_90,66
92,3.799999999999983,3.9000000000000057,96093.0,experimental,thinning_65_90,66
93,5.299999999999997,5.300000000000011,116636.0,experimental,thinning_65_90,66
94,4.0,7.0,97469.0,experimental,thinning_65_90,66
95,3.3000000000000114,3.299999999999983,89351.0,experimental,thinning_65_90,66
96,4.200000000000017,4.299999999999997,103105.0,experimental,thinning_65_90,66
97,2.0,1.8999999999999986,62807.0,experimental,thinning_65_90,66
98,5.0,3.6000000000000227,102375.0,experimental,thinning_65_90,66
99,2.6999999999999886,2.9000000000000057,76283.0,experimental,thinning_65_90,66
100,2.799999999999983,13.599999999999994,97397.0,experimental,thinning_65_90,66
1,4.400000000000091,13.5,510520.0,larger,thinning_30_75,1
2,7.400000000000091,-15.300000000000011,563981.0,larger,thinning_30_75,1
3,9.5,-88.80000000000001,643348.0,larger,thinning_30_75,1
4,3.8999999999999773,-51.400000000000006,409466.0,larger,thinning_30_75,1
5,2.7000000000000455,-8.0,285830.0,larger,thinning_30_75,1
6,8.5,311.70000000000005,578440.0,larger,thinning_30_75,1
7,11.5,-24.5,592140.0,larger,thinning_30_75,1
8,6.599999999999909,-3.7000000000000455,419344.0,larger,thinning_30_75,1
9,2.900000000000091,3.6000000000000227,303080.0,larger,thinning_30_75,1
10,2.3999999999999773,1.0999999999999943,262403.0,larger,thinning_30_75,1
11,8.0,-79.10000000000002,745226.0,larger,thinning_30_75,1
12,9.799999999999955,-14.099999999999966,717488.0,larger,thinning_30_75,1
13,31.800000000000182,-44.60000000000002,1242044.0,larger,thinning_30_75,1
14,38.5,-67.79999999999995,1365124.0,larger,thinning_30_75,1
15,6.2000000000000455,-42.89999999999999,553279.0,larger,thinning_30_75,1
16,1.8000000000000114,-3.6000000000000085,248746.0,larger,thinning_30_75,1
17,2.099999999999909,0.5,232983.0,larger,thinning_30_75,1
18,2.7999999999999545,-6.400000000000006,284444.0,larger,thinning_30_75,1
19,4.100000000000136,0.6999999999999886,322034.0,larger,thinning_30_75,1
20,1.5,-4.5,227435.0,larger,thinning_30_75,1
21,1.5,1.0999999999999943,227738.0,larger,thinning_30_75,1
22,0.8999999999999773,-1.2999999999999972,205357.0,larger,thinning_30_75,1
23,11.799999999999955,99.40000000000009,725606.0,larger,thinning_30_75,1
24,13.599999999999909,-43.30000000000001,683572.0,larger,thinning_30_75,1
25,1.200000000000017,-2.200000000000003,282730.0,larger,thinning_30_75,1
26,12.799999999999955,-1.7000000000000455,604886.0,larger,thinning_30_75,1
27,9.299999999999955,-8.800000000000011,584276.0,larger,thinning_30_75,1
28,7.0,1.200000000000017,447228.0,larger,thinning_30_75,1
29,4.7000000000000455,-9.900000000000006,353056.0,larger,thinning_30_75,1
30,32.40000000000009,996.2000000000003,1428540.0,larger,thinning_30_75,1
31,46.69999999999982,459.39999999999986,1661928.0,larger,thinning_30_75,1
32,33.80000000000018,-0.10000000000002274,1269144.0,larger,thinning_30_75,1
33,4.0,-5.600000000000001,473640.0,larger,thinning_30_75,1
34,1.0,-2.200000000000017,194795.0,larger,thinning_30_75,1
35,-2.3999999999999773,-141.09999999999997,281873.0,larger,thinning_30_75,1
36,1.8999999999999773,-13.900000000000006,347708.0,larger,thinning_30_75,1
37,10.0,286.5999999999999,598540.0,larger,thinning_30_75,1
38,18.600000000000136,-63.89999999999998,783348.0,larger,thinning_30_75,1
39,6.599999999999909,2.400000000000034,457092.0,larger,thinning_30_75,1
40,-0.5,-8.899999999999977,266904.0,larger,thinning_30_75,1
41,13.799999999999955,-117.70000000000005,834440.0,larger,thinning_30_75,1
42,5.600000000000023,-22.599999999999994,470665.0,larger,thinning_30_75,1
43,3.7000000000000455,-5.300000000000011,349293.0,larger,thinning_30_75,1
44,2.6000000000000227,-11.699999999999989,335045.0,larger,thinning_30_75,1
45,0.8999999999999773,-1.0,253768.0,larger,thinning_30_75,1
46,2.900000000000091,4.699999999999989,302648.0,larger,thinning_30_75,1
47,15.399999999999864,-4.7999999999999545,764374.0,larger,thinning_30_75,1
48,9.399999999999977,-32.5,618883.0,larger,thinning_30_75,1
49,7.699999999999818,6.2000000000000455,465634.0,larger,thinning_30_75,1
50,14.399999999999864,7.7000000000000455,663998.0,larger,thinning_30_75,1
51,2.099999999999966,124.20000000000002,362996.0,larger,thinning_30_75,1
52,2.3999999999999773,-14.599999999999994,264230.0,larger,thinning_30_75,1
53,21.90000000000009,-14.100000000000136,858144.0,larger,thinning_30_75,1
54,22.0,-49.30000000000007,970140.0,larger,thinning_30_75,1
55,22.399999999999864,-31.80000000000001,1048058.0,larger,thinning_30_75,1
56,11.799999999999955,-64.30000000000001,689968.0,larger,thinning_30_75,1
57,6.300000000000068,-11.5,413296.0,larger,thinning_30_75,1
58,0.9000000000000341,0.6000000000000227,205783.0,larger,thinning_30_75,1
59,42.30000000000018,378.5999999999999,1478340.0,larger,thinning_30_75,1
60,14.0,-19.0,806658.0,larger,thinning_30_75,1
61,3.1000000000000227,-5.300000000000011,338554.0,larger,thinning_30_75,1
62,32.5,-3.0,1287080.0,larger,thinning_30_75,1
63,16.199999999999932,-22.19999999999999,910394.0,larger,thinning_30_75,1
64,3.2000000000000455,-38.2,393438.0,larger,thinning_30_75,1
65,7.2999999999999545,-8.699999999999989,428494.0,larger,thinning_30_75,1
66,17.799999999999955,-47.5,775088.0,larger,thinning_30_75,1
67,2.8000000000000114,-3.0999999999999943,375374.0,larger,thinning_30_75,1
68,1.6000000000000227,373.09999999999997,349583.0,larger,thinning_30_75,1
69,4.0,-15.0,483101.0,larger,thinning_30_75,1
70,33.40000000000009,-29.700000000000045,1190500.0,larger,thinning_30_75,1
71,19.600000000000023,-14.0,981686.0,larger,thinning_30_75,1
72,5.199999999999932,-18.700000000000017,445089.0,larger,thinning_30_75,1
73,2.599999999999909,2.3999999999999773,503328.0,larger,thinning_30_75,1
74,14.100000000000136,-2.3999999999999773,847978.0,larger,thinning_30_75,1
75,32.79999999999973,-32.0,1352498.0,larger,thinning_30_75,1
76,24.5,0.7999999999999545,1104372.0,larger,thinning_30_75,1
77,9.800000000000068,-41.60000000000002,690603.0,larger,thinning_30_75,1
78,12.5,-73.0,682472.0,larger,thinning_30_75,1
79,20.199999999999818,-18.199999999999932,759430.0,larger,thinning_30_75,1
80,3.3999999999999773,-2.700000000000003,371856.0,larger,thinning_30_75,1
81,8.0,3.800000000000068,465920.0,larger,thinning_30_75,1
82,12.900000000000091,-5.699999999999989,689910.0,larger,thinning_30_75,1
83,7.7000000000000455,-22.0,533402.0,larger,thinning_30_75,1
84,2.5,2.0999999999999943,276617.0,larger,thinning_30_75,1
85,9.799999999999955,6.600000000000023,565782.0,larger,thinning_30_75,1
86,2.900000000000034,-0.20000000000000284,365028.0,larger,thinning_30_75,1
87,3.8999999999999773,-1.099999999999966,357247.0,larger,thinning_30_75,1
88,0.9000000000000057,-1.3999999999999986,235490.0,larger,thinning_30_75,1
89,3.1000000000000227,0.799999999999983,328684.0,larger,thinning_30_75,1
90,10.0,-406.79999999999995,569094.0,larger,thinning_30_75,1
91,5.899999999999977,-8.099999999999994,570830.0,larger,thinning_30_75,1
92,6.699999999999932,-2.3999999999999773,441179.0,larger,thinning_30_75,1
93,1.7000000000000455,2.0999999999999943,234582.0,larger,thinning_30_75,1
94,0.30000000000001137,0.20000000000000284,123398.0,larger,thinning_30_75,1
95,5.100000000000136,4.2000000000000455,358444.0,larger,thinning_30_75,1
96,8.900000000000091,3.8000000000000114,527180.0,larger,thinning_30_75,1
97,1.6000000000000227,1.6000000000000014,274260.0,larger,thinning_30_75,1
98,0.39999999999997726,-2.3000000000000114,153528.0,larger,thinning_30_75,1
99,0.19999999999998863,1.7999999999999972,84053.0,larger,thinning_30_75,1
100,1.5,-10.699999999999989,247446.0,larger,thinning_30_75,1
1,2.900000000000091,6.5,438168.0,larger,thinning_65_90,2
2,3.6000000000000227,-16.5,408500.0,larger,thinning_65_90,2
3,3.3999999999998636,-4.5,388794.0,larger,thinning_65_90,2
4,1.1999999999999318,-48.5,223937.0,larger,thinning_65_90,2
5,0.5,-11.599999999999994,108765.0,larger,thinning_65_90,2
6,5.699999999999818,30.09999999999991,425260.0,larger,thinning_65_90,2
7,8.100000000000136,-10.799999999999955,476802.0,larger,thinning_65_90,2
8,4.2999999999999545,3.3999999999999773,339974.0,larger,thinning_65_90,2
9,1.5,3.0,216346.0,larger,thinning_65_90,2
10,1.1999999999999318,4.400000000000006,182028.0,larger,thinning_65_90,2
11,5.2999999999999545,-62.400000000000034,657778.0,larger,thinning_65_90,2
12,6.0,-10.199999999999989,562242.0,larger,thinning_65_90,2
13,15.5,18.599999999999966,737120.0,larger,thinning_65_90,2
14,22.09999999999991,-40.0,888624.0,larger,thinning_65_90,2
15,3.800000000000068,-31.39999999999999,415692.0,larger,thinning_65_90,2
16,1.1999999999999886,-3.1000000000000085,199233.0,larger,thinning_65_90,2
17,0.8999999999999773,0.10000000000002274,169594.0,larger,thinning_65_90,2
18,0.8999999999999773,-6.600000000000023,152955.0,larger,thinning_65_90,2
19,2.0,-0.30000000000001137,222372.0,larger,thinning_65_90,2
20,0.6000000000000227,-0.9000000000000057,151155.0,larger,thinning_65_90,2
21,0.5,0.4000000000000057,139764.0,larger,thinning_65_90,2
22,0.2999999999999545,-0.8000000000000114,142878.0,larger,thinning_65_90,2
23,5.7000000000000455,-10.699999999999932,508134.0,larger,thinning_65_90,2
24,7.099999999999909,-45.30000000000001,442404.0,larger,thinning_65_90,2
25,0.5,-2.6000000000000014,199538.0,larger,thinning_65_90,2
26,6.2999999999999545,-1.0,387788.0,larger,thinning_65_90,2
27,4.0,-8.600000000000023,355548.0,larger,thinning_65_90,2
28,2.3999999999999773,-1.799999999999983,253925.0,larger,thinning_65_90,2
29,1.900000000000091,-0.20000000000001705,243643.0,larger,thinning_65_90,2
30,16.300000000000182,347.7000000000003,1105620.0,larger,thinning_65_90,2
31,33.5,185.0,1335068.0,larger,thinning_65_90,2
32,26.800000000000182,3.699999999999932,1064064.0,larger,thinning_65_90,2
33,2.7999999999999545,-2.3000000000000043,398927.0,larger,thinning_65_90,2
34,0.599999999999909,-2.700000000000017,151503.0,larger,thinning_65_90,2
35,-2.2999999999999545,-245.69999999999993,186415.0,larger,thinning_65_90,2
36,0.7000000000000455,-11.900000000000006,224755.0,larger,thinning_65_90,2
37,4.900000000000091,276.5999999999999,398812.0,larger,thinning_65_90,2
38,12.600000000000136,-60.19999999999993,614026.0,larger,thinning_65_90,2
39,5.0,0.9000000000000341,387472.0,larger,thinning_65_90,2
40,-2.0,-7.800000000000011,154748.0,larger,thinning_65_90,2
41,4.599999999999909,-66.0,428478.0,larger,thinning_65_90,2
42,2.7000000000000455,-2.0999999999999943,287576.0,larger,thinning_65_90,2
43,1.900000000000091,0.19999999999998863,231674.0,larger,thinning_65_90,2
44,0.8999999999999773,0.4000000000000057,222592.0,larger,thinning_65_90,2
45,0.19999999999998863,-1.1000000000000014,152815.0,larger,thinning_65_90,2
46,0.2999999999999545,2.7999999999999545,133134.0,larger,thinning_65_90,2
47,7.899999999999864,-3.3999999999999773,553246.0,larger,thinning_65_90,2
48,4.7000000000000455,-32.400000000000006,442344.0,larger,thinning_65_90,2
49,4.2999999999999545,1.5,322142.0,larger,thinning_65_90,2
50,8.399999999999864,6.2000000000000455,461824.0,larger,thinning_65_90,2
51,0.7999999999999545,3.4000000000000057,274309.0,larger,thinning_65_90,2
52,0.8999999999999773,-16.80000000000001,162420.0,larger,thinning_65_90,2
53,12.800000000000182,-0.5,610788.0,larger,thinning_65_90,2
54,15.0,-21.700000000000045,762188.0,larger,thinning_65_90,2
55,13.099999999999909,-26.600000000000023,741668.0,larger,thinning_65_90,2
56,6.400000000000091,-64.80000000000001,478152.0,larger,thinning_65_90,2
57,4.300000000000068,-13.199999999999989,322490.0,larger,thinning_65_90,2
58,0.4000000000000341,0.30000000000001137,152373.0,larger,thinning_65_90,2
59,27.09999999999991,1.0,1117176.0,larger,thinning_65_90,2
60,11.599999999999909,-11.600000000000023,716880.0,larger,thinning_65_90,2
61,2.199999999999932,-1.700000000000017,288958.0,larger,thinning_65_90,2
62,18.799999999999727,-3.5,878036.0,larger,thinning_65_90,2
63,11.799999999999955,-17.900000000000006,726448.0,larger,thinning_65_90,2
64,1.5,-11.700000000000003,260388.0,larger,thinning_65_90,2
65,4.099999999999909,-2.0,277888.0,larger,thinning_65_90,2
66,10.100000000000136,-2.900000000000034,530544.0,larger,thinning_65_90,2
67,1.3000000000000114,-3.200000000000003,270290.0,larger,thinning_65_90,2
68,0.5,294.09999999999997,265574.0,larger,thinning_65_90,2
69,1.6000000000000227,-12.800000000000011,355507.0,larger,thinning_65_90,2
70,20.700000000000273,1.5,800796.0,larger,thinning_65_90,2
71,13.100000000000023,-7.0,743506.0,larger,thinning_65_90,2
72,2.5,-4.900000000000006,314389.0,larger,thinning_65_90,2
73,3.099999999999909,-109.10000000000002,474540.0,larger,thinning_65_90,2
74,10.5,-4.799999999999983,712822.0,larger,thinning_65_90,2
75,18.5,-12.799999999999955,924242.0,larger,thinning_65_90,2
76,16.300000000000182,-8.600000000000023,840004.0,larger,thinning_65_90,2
77,4.400000000000091,-14.400000000000034,426196.0,larger,thinning_65_90,2
78,8.099999999999909,-15.099999999999909,520008.0,larger,thinning_65_90,2
79,15.099999999999909,-33.0,639520.0,larger,thinning_65_90,2
80,2.3999999999999773,-3.700000000000003,320982.0,larger,thinning_65_90,2
81,5.099999999999909,2.900000000000091,371664.0,larger,thinning_65_90,2
82,7.100000000000136,-0.8000000000000114,475618.0,larger,thinning_65_90,2
83,3.300000000000068,-13.0,331786.0,larger,thinning_65_90,2
84,1.1000000000000227,0.9000000000000057,182607.0,larger,thinning_65_90,2
85,5.7999999999999545,0.8000000000000682,413350.0,larger,thinning_65_90,2
86,1.8000000000000114,0.7999999999999972,284504.0,larger,thinning_65_90,2
87,1.6000000000000227,1.0,243228.0,larger,thinning_65_90,2
88,0.09999999999999432,-2.6999999999999957,151164.0,larger,thinning_65_90,2
89,1.8999999999999773,0.799999999999983,265046.0,larger,thinning_65_90,2
90,5.5,-465.79999999999995,419874.0,larger,thinning_65_90,2
91,2.3999999999999773,-8.099999999999994,375255.0,larger,thinning_65_90,2
92,3.2999999999999545,-6.300000000000011,288143.0,larger,thinning_65_90,2
93,0.8999999999999773,2.0,172644.0,larger,thinning_65_90,2
94,0.0999999999999659,0.10000000000000142,71918.0,larger,thinning_65_90,2
95,1.900000000000091,4.100000000000023,207660.0,larger,thinning_65_90,2
96,5.5,3.1999999999999886,382666.0,larger,thinning_65_90,2
97,1.200000000000017,1.2999999999999972,228730.0,larger,thinning_65_90,2
98,0.09999999999990905,-2.4000000000000057,114647.0,larger,thinning_65_90,2
99,0.0999999999999659,1.7999999999999972,52496.0,larger,thinning_65_90,2
100,0.10000000000002274,-11.399999999999977,140292.0,larger,thinning_65_90,2
1,5.100000000000023,12.900000000000006,670880.0,larger,thinning_30_75,3
2,10.0,-10.5,702166.0,larger,thinning_30_75,3
3,10.5,3.3000000000000114,790596.0,larger,thinning_30_75,3
4,3.7999999999999545,2.3000000000000114,414934.0,larger,thinning_30_75,3
5,3.5,1.3000000000000114,280829.0,larger,thinning_30_75,3
6,7.5,-166.60000000000002,716246.0,larger,thinning_30_75,3
7,10.5,6.400000000000091,651312.0,larger,thinning_30_75,3
8,6.0,2.8999999999999773,414710.0,larger,thinning_30_75,3
9,3.800000000000068,3.900000000000034,296433.0,larger,thinning_30_75,3
10,3.2999999999999545,5.099999999999994,267805.0,larger,thinning_30_75,3
11,8.799999999999955,64.5,996116.0,larger,thinning_30_75,3
12,9.599999999999909,-12.899999999999977,888566.0,larger,thinning_30_75,3
13,36.19999999999982,-35.19999999999999,1777512.0,larger,thinning_30_75,3
14,31.0,-81.69999999999993,1698112.0,larger,thinning_30_75,3
15,4.7000000000000455,-4.099999999999994,554481.0,larger,thinning_30_75,3
16,2.3000000000000114,1.0,234549.0,larger,thinning_30_75,3
17,3.5,2.0,249881.0,larger,thinning_30_75,3
18,5.0,1.5999999999999943,326867.0,larger,thinning_30_75,3
19,4.800000000000182,4.300000000000011,350548.0,larger,thinning_30_75,3
20,2.6000000000000227,2.799999999999983,239587.0,larger,thinning_30_75,3
21,2.7000000000000455,1.7999999999999972,222880.0,larger,thinning_30_75,3
22,2.3999999999999773,1.5,250262.0,larger,thinning_30_75,3
23,15.400000000000091,267.70000000000005,1005220.0,larger,thinning_30_75,3
24,9.400000000000091,-48.60000000000002,726438.0,larger,thinning_30_75,3
25,0.9000000000000057,1.1000000000000014,225125.0,larger,thinning_30_75,3
26,14.099999999999909,10.799999999999955,762760.0,larger,thinning_30_75,3
27,8.099999999999909,5.5,615204.0,larger,thinning_30_75,3
28,8.100000000000023,5.300000000000011,463079.0,larger,thinning_30_75,3
29,4.400000000000091,1.3999999999999773,347387.0,larger,thinning_30_75,3
30,34.80000000000018,1635.5,2018876.0,larger,thinning_30_75,3
31,41.79999999999973,485.29999999999995,2193576.0,larger,thinning_30_75,3
32,23.90000000000009,-6.800000000000068,1612010.0,larger,thinning_30_75,3
33,2.6999999999999886,-0.9000000000000057,511658.0,larger,thinning_30_75,3
34,1.7999999999999545,1.5999999999999943,209012.0,larger,thinning_30_75,3
35,-0.7999999999999545,-169.99999999999994,349829.0,larger,thinning_30_75,3
36,3.5,-7.099999999999994,443608.0,larger,thinning_30_75,3
37,9.400000000000091,262.5999999999999,787368.0,larger,thinning_30_75,3
38,14.600000000000136,11.5,812962.0,larger,thinning_30_75,3
39,3.099999999999909,5.600000000000023,403020.0,larger,thinning_30_75,3
40,3.7999999999999545,-3.8000000000000114,357412.0,larger,thinning_30_75,3
41,13.599999999999909,-54.700000000000045,1062828.0,larger,thinning_30_75,3
42,7.5,4.300000000000011,540571.0,larger,thinning_30_75,3
43,2.2000000000000455,2.1999999999999886,329775.0,larger,thinning_30_75,3
44,4.399999999999977,3.9000000000000057,406777.0,larger,thinning_30_75,3
45,1.6999999999999886,1.3999999999999986,263660.0,larger,thinning_30_75,3
46,3.7999999999999545,4.7999999999999545,317862.0,larger,thinning_30_75,3
47,17.799999999999955,4.900000000000034,1007550.0,larger,thinning_30_75,3
48,7.100000000000023,1.3000000000000114,619658.0,larger,thinning_30_75,3
49,8.399999999999864,11.200000000000045,545236.0,larger,thinning_30_75,3
50,11.799999999999955,7.099999999999909,747958.0,larger,thinning_30_75,3
51,1.2999999999999545,0.10000000000000853,351948.0,larger,thinning_30_75,3
52,3.3999999999999773,1.5999999999999943,274409.0,larger,thinning_30_75,3
53,21.199999999999818,11.299999999999955,1148780.0,larger,thinning_30_75,3
54,19.90000000000009,5.0,1201064.0,larger,thinning_30_75,3
55,21.199999999999818,7.099999999999966,1287318.0,larger,thinning_30_75,3
56,9.799999999999955,-48.80000000000001,779838.0,larger,thinning_30_75,3
57,5.0,3.6000000000000227,381306.0,larger,thinning_30_75,3
58,1.2000000000000455,0.20000000000001705,163265.0,larger,thinning_30_75,3
59,44.30000000000018,370.0999999999999,1997076.0,larger,thinning_30_75,3
60,11.799999999999955,-8.199999999999989,963704.0,larger,thinning_30_75,3
61,4.7999999999999545,0.4000000000000057,383013.0,larger,thinning_30_75,3
62,30.199999999999818,-20.0,1790140.0,larger,thinning_30_75,3
63,12.699999999999932,-24.19999999999999,1135188.0,larger,thinning_30_75,3
64,2.7000000000000455,-22.0,393902.0,larger,thinning_30_75,3
65,10.899999999999864,7.100000000000023,540518.0,larger,thinning_30_75,3
66,14.200000000000045,7.5,888968.0,larger,thinning_30_75,3
67,1.6000000000000227,-1.0999999999999943,311628.0,larger,thinning_30_75,3
68,2.5,36.10000000000002,417860.0,larger,thinning_30_75,3
69,4.2999999999999545,-20.5,546213.0,larger,thinning_30_75,3
70,39.59999999999991,-85.10000000000002,1738924.0,larger,thinning_30_75,3
71,10.899999999999977,-16.1,1135380.0,larger,thinning_30_75,3
72,5.199999999999932,-5.200000000000017,473105.0,larger,thinning_30_75,3
73,0.8999999999998636,278.29999999999995,610292.0,larger,thinning_30_75,3
74,11.400000000000091,-5.5,1015354.0,larger,thinning_30_75,3
75,36.5,-9.699999999999932,1868450.0,larger,thinning_30_75,3
76,18.0,-9.0,1318594.0,larger,thinning_30_75,3
77,10.200000000000045,5.300000000000011,779036.0,larger,thinning_30_75,3
78,12.799999999999955,8.400000000000091,742048.0,larger,thinning_30_75,3
79,12.399999999999864,9.700000000000045,786836.0,larger,thinning_30_75,3
80,3.3999999999999773,1.0,349864.0,larger,thinning_30_75,3
81,8.199999999999818,6.300000000000068,525048.0,larger,thinning_30_75,3
82,11.900000000000091,4.699999999999989,809290.0,larger,thinning_30_75,3
83,7.100000000000023,4.600000000000023,522695.0,larger,thinning_30_75,3
84,3.2000000000000455,2.3000000000000114,253482.0,larger,thinning_30_75,3
85,7.2999999999999545,4.2000000000000455,651372.0,larger,thinning_30_75,3
86,2.400000000000034,-0.20000000000000284,347794.0,larger,thinning_30_75,3
87,5.2999999999999545,3.3000000000000114,376721.0,larger,thinning_30_75,3
88,1.4000000000000057,0.5,207388.0,larger,thinning_30_75,3
89,4.899999999999977,4.5,365345.0,larger,thinning_30_75,3
90,8.0,168.5,675380.0,larger,thinning_30_75,3
91,5.5,-9.5,652321.0,larger,thinning_30_75,3
92,7.899999999999977,5.900000000000034,437431.0,larger,thinning_30_75,3
93,2.1000000000000227,2.1999999999999886,200687.0,larger,thinning_30_75,3
94,0.6999999999999886,0.8000000000000043,101900.0,larger,thinning_30_75,3
95,7.400000000000091,5.7999999999999545,453416.0,larger,thinning_30_75,3
96,7.100000000000136,7.099999999999966,561942.0,larger,thinning_30_75,3
97,1.5,1.2000000000000028,212858.0,larger,thinning_30_75,3
98,1.2999999999999545,-1.5999999999999943,142216.0,larger,thinning_30_75,3
99,0.5,2.3999999999999986,67350.0,larger,thinning_30_75,3
100,6.5,4.199999999999989,381052.0,larger,thinning_30_75,3
1,3.0,10.5,542618.0,larger,thinning_65_90,4
2,5.2000000000000455,-11.199999999999989,453419.0,larger,thinning_65_90,4
3,3.8999999999998636,1.6999999999999886,386656.0,larger,thinning_65_90,4
4,1.6000000000000227,0.8000000000000114,178010.0,larger,thinning_65_90,4
5,1.2000000000000455,0.8000000000000114,89095.0,larger,thinning_65_90,4
6,3.3999999999998636,-168.10000000000002,469762.0,larger,thinning_65_90,4
7,7.600000000000136,1.0,473338.0,larger,thinning_65_90,4
8,4.2999999999999545,2.1999999999999886,295676.0,larger,thinning_65_90,4
9,2.0,3.3000000000000114,167750.0,larger,thinning_65_90,4
10,1.8999999999999773,1.9000000000000057,143289.0,larger,thinning_65_90,4
11,5.7999999999999545,32.0,826396.0,larger,thinning_65_90,4
12,5.7000000000000455,-17.299999999999955,632860.0,larger,thinning_65_90,4
13,14.0,-2.5,837344.0,larger,thinning_65_90,4
14,15.5,7.600000000000136,916832.0,larger,thinning_65_90,4
15,2.7000000000000455,1.700000000000017,326705.0,larger,thinning_65_90,4
16,1.6999999999999886,1.1999999999999886,149623.0,larger,thinning_65_90,4
17,2.0,0.9000000000000341,137501.0,larger,thinning_65_90,4
18,2.7000000000000455,1.299999999999983,148924.0,larger,thinning_65_90,4
19,3.0,3.6999999999999886,223272.0,larger,thinning_65_90,4
20,1.6000000000000227,1.6999999999999886,127505.0,larger,thinning_65_90,4
21,1.5,1.2000000000000028,123349.0,larger,thinning_65_90,4
22,1.099999999999966,0.5,132279.0,larger,thinning_65_90,4
23,6.100000000000136,204.0,558874.0,larger,thinning_65_90,4
24,4.599999999999909,-28.80000000000001,395086.0,larger,thinning_65_90,4
25,0.5,0.20000000000000284,134140.0,larger,thinning_65_90,4
26,5.7999999999999545,5.2000000000000455,384864.0,larger,thinning_65_90,4
27,3.2000000000000455,2.6999999999999886,275508.0,larger,thinning_65_90,4
28,2.6000000000000227,1.200000000000017,194324.0,larger,thinning_65_90,4
29,2.900000000000091,0.6999999999999886,219081.0,larger,thinning_65_90,4
30,19.5,753.6000000000004,1503540.0,larger,thinning_65_90,4
31,28.799999999999727,193.29999999999995,1586912.0,larger,thinning_65_90,4
32,18.40000000000009,-11.100000000000023,1295688.0,larger,thinning_65_90,4
33,2.099999999999966,-1.4000000000000057,395552.0,larger,thinning_65_90,4
34,1.099999999999909,0.799999999999983,128197.0,larger,thinning_65_90,4
35,-2.8999999999999773,-224.79999999999995,137708.0,larger,thinning_65_90,4
36,1.7000000000000455,-4.199999999999989,240765.0,larger,thinning_65_90,4
37,3.0,260.70000000000005,426172.0,larger,thinning_65_90,4
38,10.0,9.899999999999977,590890.0,larger,thinning_65_90,4
39,2.7999999999999545,4.5,314092.0,larger,thinning_65_90,4
40,-0.10000000000002274,-1.5,130790.0,larger,thinning_65_90,4
41,4.2999999999999545,5.899999999999977,453248.0,larger,thinning_65_90,4
42,4.0,2.1999999999999886,272557.0,larger,thinning_65_90,4
43,1.2000000000000455,0.9000000000000057,183964.0,larger,thinning_65_90,4
44,2.1000000000000227,2.4000000000000057,217927.0,larger,thinning_65_90,4
45,0.5999999999999943,0.1999999999999993,123262.0,larger,thinning_65_90,4
46,1.099999999999909,3.0,108116.0,larger,thinning_65_90,4
47,8.799999999999955,1.6000000000000227,645176.0,larger,thinning_65_90,4
48,4.100000000000023,2.4000000000000057,390747.0,larger,thinning_65_90,4
49,5.0,10.800000000000068,325176.0,larger,thinning_65_90,4
50,6.2999999999999545,4.0,457522.0,larger,thinning_65_90,4
51,0.19999999999998863,-0.5,197339.0,larger,thinning_65_90,4
52,1.7000000000000455,0.19999999999998863,127649.0,larger,thinning_65_90,4
53,10.800000000000182,7.2999999999999545,723768.0,larger,thinning_65_90,4
54,12.299999999999955,9.299999999999955,793078.0,larger,thinning_65_90,4
55,10.199999999999818,5.099999999999966,773462.0,larger,thinning_65_90,4
56,5.2999999999999545,-12.100000000000023,430458.0,larger,thinning_65_90,4
57,3.5,3.6000000000000227,269444.0,larger,thinning_65_90,4
58,0.7000000000000455,0.5,100405.0,larger,thinning_65_90,4
59,27.0,-2.2000000000000455,1480628.0,larger,thinning_65_90,4
60,9.200000000000045,-19.899999999999977,798902.0,larger,thinning_65_90,4
61,3.5,-3.4000000000000057,279631.0,larger,thinning_65_90,4
62,15.5,-24.899999999999864,1123492.0,larger,thinning_65_90,4
63,9.0,-17.900000000000006,792538.0,larger,thinning_65_90,4
64,1.3999999999999773,-0.7000000000000028,201136.0,larger,thinning_65_90,4
65,6.599999999999909,1.5,280300.0,larger,thinning_65_90,4
66,7.600000000000136,4.599999999999966,527148.0,larger,thinning_65_90,4
67,0.6999999999999886,-1.2999999999999972,182914.0,larger,thinning_65_90,4
68,0.8999999999999773,-1.3000000000000114,254829.0,larger,thinning_65_90,4
69,2.2999999999999545,-19.80000000000001,378191.0,larger,thinning_65_90,4
70,21.59999999999991,-43.30000000000007,1022232.0,larger,thinning_65_90,4
71,7.0,-9.299999999999997,788870.0,larger,thinning_65_90,4
72,3.0,3.299999999999983,278810.0,larger,thinning_65_90,4
73,1.2999999999999545,230.5,511848.0,larger,thinning_65_90,4
74,8.100000000000136,-6.199999999999989,795144.0,larger,thinning_65_90,4
75,17.59999999999991,-1.099999999999909,1128222.0,larger,thinning_65_90,4
76,11.200000000000045,-10.399999999999977,911980.0,larger,thinning_65_90,4
77,4.300000000000068,3.6999999999999886,374458.0,larger,thinning_65_90,4
78,8.399999999999864,4.5,523416.0,larger,thinning_65_90,4
79,9.099999999999909,8.100000000000023,630214.0,larger,thinning_65_90,4
80,2.599999999999966,1.2999999999999972,276308.0,larger,thinning_65_90,4
81,5.399999999999864,4.7000000000000455,374348.0,larger,thinning_65_90,4
82,5.7999999999999545,3.1999999999999886,462210.0,larger,thinning_65_90,4
83,3.6000000000000227,2.8000000000000114,281669.0,larger,thinning_65_90,4
84,2.0,2.0,142331.0,larger,thinning_65_90,4
85,3.900000000000091,2.300000000000068,425766.0,larger,thinning_65_90,4
86,1.5,-0.9000000000000057,220138.0,larger,thinning_65_90,4
87,2.5,1.6000000000000227,195705.0,larger,thinning_65_90,4
88,0.5999999999999943,-0.29999999999999716,100446.0,larger,thinning_65_90,4
89,3.2999999999999545,2.6999999999999886,282759.0,larger,thinning_65_90,4
90,3.3999999999998636,29.700000000000045,369474.0,larger,thinning_65_90,4
91,2.3999999999999773,-3.0999999999999943,328381.0,larger,thinning_65_90,4
92,4.399999999999977,3.5,267602.0,larger,thinning_65_90,4
93,1.6000000000000227,1.9000000000000057,134972.0,larger,thinning_65_90,4
94,0.30000000000001137,0.30000000000000426,43790.0,larger,thinning_65_90,4
95,3.2000000000000455,3.8999999999999773,226646.0,larger,thinning_65_90,4
96,4.0,5.399999999999977,366798.0,larger,thinning_65_90,4
97,1.3000000000000114,1.0,165982.0,larger,thinning_65_90,4
98,0.599999999999909,-2.0,81014.0,larger,thinning_65_90,4
99,0.19999999999998863,2.299999999999997,25612.0,larger,thinning_65_90,4
100,2.3999999999999773,1.5,169610.0,larger,thinning_65_90,4
1,15.600000000000023,8.799999999999997,491500.0,larger,thinning_30_75,5
2,27.0,12.899999999999977,756392.0,larger,thinning_30_75,5
3,28.399999999999864,13.899999999999977,804914.0,larger,thinning_30_75,5
4,15.399999999999977,7.099999999999994,592473.0,larger,thinning_30_75,5
5,16.299999999999955,7.800000000000011,575291.0,larger,thinning_30_75,5
6,29.899999999999864,41.09999999999991,757078.0,larger,thinning_30_75,5
7,27.5,11.200000000000045,668256.0,larger,thinning_30_75,5
8,21.199999999999818,8.799999999999955,604646.0,larger,thinning_30_75,5
9,12.5,3.1000000000000227,525430.0,larger,thinning_30_75,5
10,16.699999999999932,10.400000000000006,604051.0,larger,thinning_30_75,5
11,35.59999999999991,38.60000000000002,899502.0,larger,thinning_30_75,5
12,25.59999999999991,9.300000000000011,755874.0,larger,thinning_30_75,5
13,59.40000000000009,16.599999999999966,1219212.0,larger,thinning_30_75,5
14,61.30000000000018,22.300000000000182,1214736.0,larger,thinning_30_75,5
15,16.300000000000068,8.300000000000011,571368.0,larger,thinning_30_75,5
16,11.199999999999989,6.199999999999989,448371.0,larger,thinning_30_75,5
17,11.899999999999977,4.400000000000034,419640.0,larger,thinning_30_75,5
18,18.799999999999955,8.299999999999983,645154.0,larger,thinning_30_75,5
19,17.5,5.899999999999977,534462.0,larger,thinning_30_75,5
20,12.399999999999977,6.199999999999989,521955.0,larger,thinning_30_75,5
21,12.300000000000011,5.5,465697.0,larger,thinning_30_75,5
22,12.5,4.699999999999989,538806.0,larger,thinning_30_75,5
23,40.100000000000136,20.100000000000023,952722.0,larger,thinning_30_75,5
24,23.5,7.899999999999977,590824.0,larger,thinning_30_75,5
25,6.0,3.299999999999997,383178.0,larger,thinning_30_75,5
26,41.299999999999955,23.700000000000045,898716.0,larger,thinning_30_75,5
27,23.59999999999991,9.300000000000011,710054.0,larger,thinning_30_75,5
28,26.800000000000068,25.30000000000001,736299.0,larger,thinning_30_75,5
29,14.900000000000091,6.299999999999983,458116.0,larger,thinning_30_75,5
30,80.30000000000018,130.9000000000001,1461972.0,larger,thinning_30_75,5
31,67.79999999999973,348.29999999999995,1239784.0,larger,thinning_30_75,5
32,39.40000000000009,9.799999999999955,858490.0,larger,thinning_30_75,5
33,10.299999999999955,4.599999999999994,467552.0,larger,thinning_30_75,5
34,9.599999999999909,4.799999999999983,426710.0,larger,thinning_30_75,5
35,11.700000000000045,85.80000000000007,452914.0,larger,thinning_30_75,5
36,12.300000000000068,4.800000000000011,587492.0,larger,thinning_30_75,5
37,34.90000000000009,13.799999999999955,832228.0,larger,thinning_30_75,5
38,42.100000000000136,23.800000000000068,923012.0,larger,thinning_30_75,5
39,13.5,5.5,527628.0,larger,thinning_30_75,5
40,7.5,9.800000000000011,445828.0,larger,thinning_30_75,5
41,38.19999999999982,14.899999999999977,904776.0,larger,thinning_30_75,5
42,17.300000000000068,1.4000000000000057,609349.0,larger,thinning_30_75,5
43,9.600000000000023,4.0,336182.0,larger,thinning_30_75,5
44,16.600000000000023,7.599999999999994,628666.0,larger,thinning_30_75,5
45,6.299999999999983,3.9999999999999964,408520.0,larger,thinning_30_75,5
46,16.200000000000045,8.0,542496.0,larger,thinning_30_75,5
47,34.09999999999991,11.900000000000034,875630.0,larger,thinning_30_75,5
48,20.600000000000023,9.700000000000017,603373.0,larger,thinning_30_75,5
49,24.399999999999864,14.5,673512.0,larger,thinning_30_75,5
50,32.5,15.299999999999955,799988.0,larger,thinning_30_75,5
51,11.899999999999977,5.6000000000000085,567603.0,larger,thinning_30_75,5
52,15.299999999999955,4.0,577485.0,larger,thinning_30_75,5
53,53.59999999999991,25.0,1062208.0,larger,thinning_30_75,5
54,50.0,28.199999999999932,1109540.0,larger,thinning_30_75,5
55,44.19999999999982,12.800000000000011,996394.0,larger,thinning_30_75,5
56,30.59999999999991,13.600000000000023,818698.0,larger,thinning_30_75,5
57,17.100000000000136,8.300000000000011,501554.0,larger,thinning_30_75,5
58,7.600000000000023,4.0,388421.0,larger,thinning_30_75,5
59,67.40000000000009,177.0999999999999,1358120.0,larger,thinning_30_75,5
60,26.09999999999991,10.300000000000011,682252.0,larger,thinning_30_75,5
61,16.100000000000023,7.599999999999994,582473.0,larger,thinning_30_75,5
62,61.19999999999982,28.700000000000045,1166036.0,larger,thinning_30_75,5
63,29.5,8.900000000000006,804664.0,larger,thinning_30_75,5
64,12.399999999999977,6.200000000000003,497175.0,larger,thinning_30_75,5
65,31.299999999999955,17.80000000000001,764254.0,larger,thinning_30_75,5
66,40.100000000000136,16.699999999999932,883594.0,larger,thinning_30_75,5
67,7.400000000000034,0.7999999999999972,401493.0,larger,thinning_30_75,5
68,16.0,0.4000000000000341,598742.0,larger,thinning_30_75,5
69,17.899999999999977,8.200000000000017,611953.0,larger,thinning_30_75,5
70,69.70000000000027,6.7999999999999545,1251036.0,larger,thinning_30_75,5
71,25.000000000000114,5.3999999999999915,649072.0,larger,thinning_30_75,5
72,15.799999999999955,8.699999999999989,555982.0,larger,thinning_30_75,5
73,25.699999999999818,14.899999999999977,685166.0,larger,thinning_30_75,5
74,29.700000000000045,8.900000000000006,772412.0,larger,thinning_30_75,5
75,59.19999999999982,26.90000000000009,1246042.0,larger,thinning_30_75,5
76,42.100000000000136,20.799999999999955,938758.0,larger,thinning_30_75,5
77,25.700000000000045,11.699999999999989,780819.0,larger,thinning_30_75,5
78,36.0,17.40000000000009,864504.0,larger,thinning_30_75,5
79,31.09999999999991,12.300000000000068,703574.0,larger,thinning_30_75,5
80,13.099999999999966,7.5,519961.0,larger,thinning_30_75,5
81,28.299999999999955,16.700000000000045,743896.0,larger,thinning_30_75,5
82,33.299999999999955,14.0,868374.0,larger,thinning_30_75,5
83,22.200000000000045,11.5,629647.0,larger,thinning_30_75,5
84,12.5,6.800000000000011,501105.0,larger,thinning_30_75,5
85,27.90000000000009,13.100000000000023,735768.0,larger,thinning_30_75,5
86,9.800000000000011,3.799999999999997,500334.0,larger,thinning_30_75,5
87,20.899999999999977,10.0,647649.0,larger,thinning_30_75,5
88,6.800000000000011,2.8000000000000043,422885.0,larger,thinning_30_75,5
89,14.0,8.699999999999989,493883.0,larger,thinning_30_75,5
90,34.5,101.40000000000009,905728.0,larger,thinning_30_75,5
91,16.0,1.0,645212.0,larger,thinning_30_75,5
92,20.59999999999991,10.699999999999989,575477.0,larger,thinning_30_75,5
93,9.600000000000023,4.199999999999989,366396.0,larger,thinning_30_75,5
94,6.0,2.8999999999999986,358412.0,larger,thinning_30_75,5
95,26.100000000000136,12.700000000000045,694014.0,larger,thinning_30_75,5
96,25.799999999999955,12.699999999999989,646308.0,larger,thinning_30_75,5
97,6.200000000000017,4.0,340125.0,larger,thinning_30_75,5
98,9.599999999999909,5.0,420668.0,larger,thinning_30_75,5
99,4.0,2.8999999999999986,277800.0,larger,thinning_30_75,5
100,23.700000000000045,13.300000000000011,687852.0,larger,thinning_30_75,5
1,11.400000000000091,8.400000000000006,380870.0,larger,thinning_65_90,6
2,18.40000000000009,8.699999999999989,587607.0,larger,thinning_65_90,6
3,16.0,6.5,552472.0,larger,thinning_65_90,6
4,7.199999999999932,3.0,368705.0,larger,thinning_65_90,6
5,8.100000000000023,3.8000000000000114,351569.0,larger,thinning_65_90,6
6,24.299999999999955,25.59999999999991,653374.0,larger,thinning_65_90,6
7,22.5,8.400000000000091,562728.0,larger,thinning_65_90,6
8,14.599999999999909,5.599999999999966,454230.0,larger,thinning_65_90,6
9,8.5,2.8000000000000114,398972.0,larger,thinning_65_90,6
10,11.0,5.299999999999983,443985.0,larger,thinning_65_90,6
11,29.299999999999955,21.799999999999955,791858.0,larger,thinning_65_90,6
12,17.299999999999955,5.800000000000011,568104.0,larger,thinning_65_90,6
13,34.30000000000018,6.800000000000011,812108.0,larger,thinning_65_90,6
14,39.09999999999991,15.300000000000182,847960.0,larger,thinning_65_90,6
15,11.200000000000045,5.400000000000006,442432.0,larger,thinning_65_90,6
16,8.699999999999989,4.599999999999994,362346.0,larger,thinning_65_90,6
17,9.199999999999932,3.3000000000000114,338284.0,larger,thinning_65_90,6
18,12.200000000000045,4.799999999999983,455581.0,larger,thinning_65_90,6
19,13.5,4.600000000000023,424814.0,larger,thinning_65_90,6
20,8.200000000000045,3.8999999999999773,374597.0,larger,thinning_65_90,6
21,8.800000000000011,4.400000000000006,374879.0,larger,thinning_65_90,6
22,8.699999999999989,2.3000000000000114,434103.0,larger,thinning_65_90,6
23,25.5,8.900000000000091,696012.0,larger,thinning_65_90,6
24,12.799999999999955,3.599999999999966,363468.0,larger,thinning_65_90,6
25,4.599999999999994,2.5,327343.0,larger,thinning_65_90,6
26,28.0,14.600000000000023,674286.0,larger,thinning_65_90,6
27,13.700000000000045,-3.3000000000000114,492232.0,larger,thinning_65_90,6
28,15.0,6.100000000000023,492284.0,larger,thinning_65_90,6
29,10.800000000000068,5.099999999999994,354376.0,larger,thinning_65_90,6
30,65.30000000000018,69.70000000000027,1227708.0,larger,thinning_65_90,6
31,53.29999999999973,141.39999999999986,1019664.0,larger,thinning_65_90,6
32,34.100000000000136,8.799999999999955,760366.0,larger,thinning_65_90,6
33,7.5,3.299999999999997,375512.0,larger,thinning_65_90,6
34,6.399999999999977,3.0999999999999943,309744.0,larger,thinning_65_90,6
35,7.399999999999977,45.700000000000045,337771.0,larger,thinning_65_90,6
36,8.0,2.8000000000000114,444941.0,larger,thinning_65_90,6
37,23.300000000000182,7.599999999999909,638508.0,larger,thinning_65_90,6
38,30.0,15.100000000000023,728112.0,larger,thinning_65_90,6
39,14.899999999999977,8.0,490156.0,larger,thinning_65_90,6
40,2.0,-1.1000000000000227,253106.0,larger,thinning_65_90,6
41,20.299999999999955,9.699999999999989,569244.0,larger,thinning_65_90,6
42,12.300000000000068,2.3000000000000114,475415.0,larger,thinning_65_90,6
43,5.100000000000023,2.0,199735.0,larger,thinning_65_90,6
44,11.100000000000023,5.099999999999994,475333.0,larger,thinning_65_90,6
45,2.299999999999983,1.5,247463.0,larger,thinning_65_90,6
46,8.099999999999909,4.699999999999989,344266.0,larger,thinning_65_90,6
47,23.399999999999864,7.100000000000023,653644.0,larger,thinning_65_90,6
48,13.600000000000023,6.900000000000006,441125.0,larger,thinning_65_90,6
49,15.799999999999955,8.5,492696.0,larger,thinning_65_90,6
50,23.399999999999864,11.599999999999909,626954.0,larger,thinning_65_90,6
51,6.899999999999977,3.0,416457.0,larger,thinning_65_90,6
52,9.0,1.6999999999999886,401077.0,larger,thinning_65_90,6
53,40.40000000000009,17.299999999999955,849568.0,larger,thinning_65_90,6
54,35.799999999999955,17.5,870592.0,larger,thinning_65_90,6
55,29.699999999999818,9.399999999999977,733192.0,larger,thinning_65_90,6
56,19.59999999999991,9.199999999999989,586748.0,larger,thinning_65_90,6
57,12.900000000000091,5.600000000000023,409372.0,larger,thinning_65_90,6
58,4.300000000000011,2.4000000000000057,269625.0,larger,thinning_65_90,6
59,55.40000000000009,25.09999999999991,1122720.0,larger,thinning_65_90,6
60,21.200000000000045,7.699999999999989,581192.0,larger,thinning_65_90,6
61,13.399999999999977,5.799999999999983,512761.0,larger,thinning_65_90,6
62,47.29999999999973,1.800000000000182,947540.0,larger,thinning_65_90,6
63,24.699999999999932,6.0,702320.0,larger,thinning_65_90,6
64,6.2999999999999545,3.200000000000003,317936.0,larger,thinning_65_90,6
65,23.299999999999955,11.5,602800.0,larger,thinning_65_90,6
66,27.5,13.5,650482.0,larger,thinning_65_90,6
67,4.100000000000023,1.0999999999999943,282782.0,larger,thinning_65_90,6
68,12.5,-0.5,510233.0,larger,thinning_65_90,6
69,10.699999999999932,4.799999999999983,433881.0,larger,thinning_65_90,6
70,47.30000000000018,-14.5,912528.0,larger,thinning_65_90,6
71,18.800000000000068,3.8999999999999915,517672.0,larger,thinning_65_90,6
72,10.199999999999932,5.400000000000006,409083.0,larger,thinning_65_90,6
73,24.899999999999864,17.09999999999991,670196.0,larger,thinning_65_90,6
74,22.799999999999955,6.800000000000011,633184.0,larger,thinning_65_90,6
75,40.69999999999982,17.40000000000009,938634.0,larger,thinning_65_90,6
76,30.40000000000009,15.0,722440.0,larger,thinning_65_90,6
77,14.900000000000091,6.599999999999966,550398.0,larger,thinning_65_90,6
78,28.5,13.600000000000023,722366.0,larger,thinning_65_90,6
79,24.799999999999955,10.0,591596.0,larger,thinning_65_90,6
80,9.799999999999955,5.799999999999997,429102.0,larger,thinning_65_90,6
81,20.59999999999991,11.600000000000023,599574.0,larger,thinning_65_90,6
82,23.90000000000009,10.5,683388.0,larger,thinning_65_90,6
83,13.600000000000023,7.100000000000023,436793.0,larger,thinning_65_90,6
84,8.5,4.400000000000006,380101.0,larger,thinning_65_90,6
85,25.700000000000045,13.300000000000068,641574.0,larger,thinning_65_90,6
86,5.5,1.1999999999999886,352864.0,larger,thinning_65_90,6
87,14.100000000000023,6.5,488184.0,larger,thinning_65_90,6
88,3.0,0.8000000000000043,268880.0,larger,thinning_65_90,6
89,11.699999999999932,6.799999999999983,431970.0,larger,thinning_65_90,6
90,21.59999999999991,50.90000000000009,701362.0,larger,thinning_65_90,6
91,7.699999999999989,-3.0999999999999943,399405.0,larger,thinning_65_90,6
92,14.5,7.199999999999989,442227.0,larger,thinning_65_90,6
93,7.600000000000023,3.299999999999983,305238.0,larger,thinning_65_90,6
94,2.8000000000000114,1.3000000000000043,215820.0,larger,thinning_65_90,6
95,17.600000000000136,10.0,523414.0,larger,thinning_65_90,6
96,20.700000000000045,10.300000000000011,549192.0,larger,thinning_65_90,6
97,5.100000000000023,3.3999999999999986,302268.0,larger,thinning_65_90,6
98,6.2999999999999545,3.8000000000000114,308513.0,larger,thinning_65_90,6
99,1.8000000000000114,1.8999999999999986,179552.0,larger,thinning_65_90,6
100,16.5,8.899999999999977,511950.0,larger,thinning_65_90,6
1,0.10000000000002274,0.29999999999999716,17138.0,larger,thinning_30_75,7
2,0.0,0.39999999999997726,10822.0,larger,thinning_30_75,7
3,0.09999999999990905,0.0999999999999659,3466.0,larger,thinning_30_75,7
4,0.0,0.09999999999999432,253.0,larger,thinning_30_75,7
5,0.0,0.10000000000002274,6.0,larger,thinning_30_75,7
6,0.0,2.2999999999999545,2950.0,larger,thinning_30_75,7
7,-0.09999999999990905,-3.5,3050.0,larger,thinning_30_75,7
8,0.09999999999990905,0.19999999999998863,238.0,larger,thinning_30_75,7
9,0.0,-0.0999999999999659,-15.0,larger,thinning_30_75,7
10,0.0,1.0999999999999943,13.0,larger,thinning_30_75,7
11,0.0,-1.1000000000000227,5960.0,larger,thinning_30_75,7
12,0.0,0.30000000000001137,11446.0,larger,thinning_30_75,7
13,0.20000000000004547,-0.19999999999998863,15548.0,larger,thinning_30_75,7
14,0.20000000000027285,-0.5,19312.0,larger,thinning_30_75,7
15,0.0,0.0,6574.0,larger,thinning_30_75,7
16,0.0,0.09999999999999432,1678.0,larger,thinning_30_75,7
17,0.0,-0.2999999999999545,9.0,larger,thinning_30_75,7
18,0.0,0.0,7.0,larger,thinning_30_75,7
19,0.10000000000013642,0.5,14.0,larger,thinning_30_75,7
20,0.0,0.09999999999999432,42.0,larger,thinning_30_75,7
21,0.0,0.0,48.0,larger,thinning_30_75,7
22,0.0,-0.19999999999998863,0.0,larger,thinning_30_75,7
23,0.0,0.900000000000091,1338.0,larger,thinning_30_75,7
24,0.09999999999990905,0.19999999999998863,4764.0,larger,thinning_30_75,7
25,0.0,0.0,323.0,larger,thinning_30_75,7
26,0.0,0.20000000000004547,1868.0,larger,thinning_30_75,7
27,0.0,1.3000000000000114,1194.0,larger,thinning_30_75,7
28,0.10000000000002274,0.0,304.0,larger,thinning_30_75,7
29,0.0,0.39999999999997726,6.0,larger,thinning_30_75,7
30,0.09999999999990905,0.20000000000027285,18280.0,larger,thinning_30_75,7
31,0.29999999999972715,7.5,28480.0,larger,thinning_30_75,7
32,0.20000000000004547,-0.3000000000000682,28242.0,larger,thinning_30_75,7
33,0.0999999999999659,0.09999999999999432,12380.0,larger,thinning_30_75,7
34,0.0,0.09999999999999432,2759.0,larger,thinning_30_75,7
35,-0.20000000000004547,-0.5,-4753.0,larger,thinning_30_75,7
36,0.10000000000002274,0.30000000000001137,1525.0,larger,thinning_30_75,7
37,-0.09999999999990905,0.0,-1216.0,larger,thinning_30_75,7
38,0.0,2.3999999999999773,1130.0,larger,thinning_30_75,7
39,0.0,0.0,238.0,larger,thinning_30_75,7
40,0.09999999999990905,0.0,818.0,larger,thinning_30_75,7
41,0.0,1.6999999999999886,5442.0,larger,thinning_30_75,7
42,0.0,0.30000000000001137,2579.0,larger,thinning_30_75,7
43,0.10000000000002274,0.19999999999998863,495.0,larger,thinning_30_75,7
44,0.0,-0.9000000000000057,85.0,larger,thinning_30_75,7
45,0.0,0.0,70.0,larger,thinning_30_75,7
46,0.0,0.0,28.0,larger,thinning_30_75,7
47,-0.20000000000004547,-0.0999999999999659,6284.0,larger,thinning_30_75,7
48,0.0,-0.29999999999998295,3132.0,larger,thinning_30_75,7
49,0.09999999999990905,2.0,464.0,larger,thinning_30_75,7
50,-0.10000000000013642,-0.20000000000004547,2294.0,larger,thinning_30_75,7
51,0.0,-0.09999999999999432,713.0,larger,thinning_30_75,7
52,0.0,0.29999999999998295,35.0,larger,thinning_30_75,7
53,0.09999999999990905,-0.3000000000001819,9700.0,larger,thinning_30_75,7
54,0.10000000000013642,-0.7000000000000455,9322.0,larger,thinning_30_75,7
55,0.0,-1.1999999999999886,10088.0,larger,thinning_30_75,7
56,0.0,-0.10000000000002274,5646.0,larger,thinning_30_75,7
57,-0.09999999999990905,-0.0999999999999659,618.0,larger,thinning_30_75,7
58,0.0,0.0,5.0,larger,thinning_30_75,7
59,0.3000000000001819,5.199999999999818,23272.0,larger,thinning_30_75,7
60,0.09999999999990905,0.10000000000002274,13804.0,larger,thinning_30_75,7
61,0.10000000000002274,-0.09999999999999432,3982.0,larger,thinning_30_75,7
62,0.1999999999998181,0.10000000000013642,20152.0,larger,thinning_30_75,7
63,0.1999999999999318,0.0,18462.0,larger,thinning_30_75,7
64,0.0,0.7000000000000028,6112.0,larger,thinning_30_75,7
65,0.09999999999990905,0.30000000000001137,898.0,larger,thinning_30_75,7
66,0.0,0.0999999999999659,3350.0,larger,thinning_30_75,7
67,0.0,-2.200000000000003,808.0,larger,thinning_30_75,7
68,-0.10000000000002274,0.5,-1492.0,larger,thinning_30_75,7
69,0.0,0.09999999999999432,6094.0,larger,thinning_30_75,7
70,0.3000000000001819,-0.6000000000000227,12452.0,larger,thinning_30_75,7
71,0.10000000000002274,0.09999999999999432,17256.0,larger,thinning_30_75,7
72,0.09999999999990905,0.09999999999999432,6311.0,larger,thinning_30_75,7
73,-0.20000000000004547,-0.3000000000000682,-3892.0,larger,thinning_30_75,7
74,0.20000000000004547,0.0,9814.0,larger,thinning_30_75,7
75,0.09999999999990905,0.20000000000004547,17194.0,larger,thinning_30_75,7
76,0.10000000000013642,-1.6000000000000227,15262.0,larger,thinning_30_75,7
77,0.0,-0.19999999999998863,5543.0,larger,thinning_30_75,7
78,0.0,0.0,1112.0,larger,thinning_30_75,7
79,-0.20000000000004547,0.20000000000004547,3900.0,larger,thinning_30_75,7
80,0.0,-0.4000000000000057,724.0,larger,thinning_30_75,7
81,0.0,0.10000000000002274,246.0,larger,thinning_30_75,7
82,0.0,0.0,776.0,larger,thinning_30_75,7
83,0.0,-0.30000000000001137,721.0,larger,thinning_30_75,7
84,0.0,0.19999999999998863,9.0,larger,thinning_30_75,7
85,0.0,-0.10000000000002274,2336.0,larger,thinning_30_75,7
86,0.0,0.0,712.0,larger,thinning_30_75,7
87,0.0,0.10000000000002274,51.0,larger,thinning_30_75,7
88,0.0,0.0,78.0,larger,thinning_30_75,7
89,0.10000000000002274,1.6999999999999886,43.0,larger,thinning_30_75,7
90,-0.20000000000004547,4.5,-3920.0,larger,thinning_30_75,7
91,0.0,0.10000000000000853,5502.0,larger,thinning_30_75,7
92,-0.10000000000002274,0.4000000000000341,517.0,larger,thinning_30_75,7
93,0.0,0.0,18.0,larger,thinning_30_75,7
94,0.0,-0.10000000000000142,8.0,larger,thinning_30_75,7
95,0.0,-0.5,300.0,larger,thinning_30_75,7
96,0.0,2.599999999999966,592.0,larger,thinning_30_75,7
97,0.0,0.0,150.0,larger,thinning_30_75,7
98,0.0,0.4000000000000057,-104.0,larger,thinning_30_75,7
99,0.0,1.3999999999999986,50.0,larger,thinning_30_75,7
100,-0.10000000000002274,0.19999999999998863,26.0,larger,thinning_30_75,7
1,0.10000000000002274,-0.5999999999999943,16484.0,larger,thinning_65_90,8
2,0.0,0.30000000000001137,10473.0,larger,thinning_65_90,8
3,0.09999999999990905,0.19999999999998863,1942.0,larger,thinning_65_90,8
4,0.0,0.09999999999999432,12.0,larger,thinning_65_90,8
5,0.0,0.0,4.0,larger,thinning_65_90,8
6,-0.10000000000013642,2.099999999999909,1044.0,larger,thinning_65_90,8
7,0.0,0.10000000000002274,1150.0,larger,thinning_65_90,8
8,0.09999999999990905,0.19999999999998863,46.0,larger,thinning_65_90,8
9,0.0,-0.0999999999999659,-17.0,larger,thinning_65_90,8
10,0.0,1.0999999999999943,13.0,larger,thinning_65_90,8
11,0.0,-0.4000000000000341,6512.0,larger,thinning_65_90,8
12,0.0,0.20000000000004547,10178.0,larger,thinning_65_90,8
13,-0.09999999999990905,0.0,2808.0,larger,thinning_65_90,8
14,0.0,-0.5,4648.0,larger,thinning_65_90,8
15,0.0,0.0,944.0,larger,thinning_65_90,8
16,0.0,0.19999999999998863,84.0,larger,thinning_65_90,8
17,0.0,-0.2999999999999545,4.0,larger,thinning_65_90,8
18,0.0,0.0,7.0,larger,thinning_65_90,8
19,0.10000000000013642,0.5,14.0,larger,thinning_65_90,8
20,0.0,0.09999999999999432,42.0,larger,thinning_65_90,8
21,0.0,0.0,48.0,larger,thinning_65_90,8
22,0.0,-0.19999999999998863,-1.0,larger,thinning_65_90,8
23,0.0,0.6000000000000227,1734.0,larger,thinning_65_90,8
24,0.0,-0.5,914.0,larger,thinning_65_90,8
25,0.0,-0.10000000000000142,4.0,larger,thinning_65_90,8
26,0.0,-0.5,92.0,larger,thinning_65_90,8
27,0.0,1.8999999999999773,12.0,larger,thinning_65_90,8
28,0.10000000000002274,0.0,4.0,larger,thinning_65_90,8
29,0.0,0.39999999999997726,0.0,larger,thinning_65_90,8
30,0.09999999999990905,-0.1999999999998181,12988.0,larger,thinning_65_90,8
31,0.1999999999998181,4.2999999999999545,16168.0,larger,thinning_65_90,8
32,0.10000000000013642,-0.40000000000009095,17870.0,larger,thinning_65_90,8
33,0.0999999999999659,0.09999999999999432,7392.0,larger,thinning_65_90,8
34,0.0,-0.10000000000002274,1445.0,larger,thinning_65_90,8
35,-0.10000000000002274,-0.599999999999909,-7423.0,larger,thinning_65_90,8
36,0.0,-0.19999999999998863,14.0,larger,thinning_65_90,8
37,0.0,-0.8000000000000682,-1948.0,larger,thinning_65_90,8
38,0.0,0.0,54.0,larger,thinning_65_90,8
39,0.0,0.0,15.0,larger,thinning_65_90,8
40,0.09999999999990905,0.0,44.0,larger,thinning_65_90,8
41,0.0,3.3999999999999773,420.0,larger,thinning_65_90,8
42,0.0,0.19999999999998863,11.0,larger,thinning_65_90,8
43,0.10000000000002274,0.19999999999998863,33.0,larger,thinning_65_90,8
44,0.0,-0.6999999999999886,19.0,larger,thinning_65_90,8
45,0.0,0.0,14.0,larger,thinning_65_90,8
46,0.0,0.0,24.0,larger,thinning_65_90,8
47,-0.2999999999999545,-0.19999999999998863,4710.0,larger,thinning_65_90,8
48,0.0,0.0,1456.0,larger,thinning_65_90,8
49,0.09999999999990905,2.0,28.0,larger,thinning_65_90,8
50,-0.10000000000013642,-0.20000000000004547,98.0,larger,thinning_65_90,8
51,0.0,0.0,-24.0,larger,thinning_65_90,8
52,0.0,0.29999999999998295,15.0,larger,thinning_65_90,8
53,0.09999999999990905,-0.7000000000000455,3576.0,larger,thinning_65_90,8
54,0.0,0.0,3510.0,larger,thinning_65_90,8
55,0.0,-0.9000000000000341,4562.0,larger,thinning_65_90,8
56,0.0,-0.19999999999998863,714.0,larger,thinning_65_90,8
57,0.0,0.30000000000001137,18.0,larger,thinning_65_90,8
58,0.0,0.0,-1.0,larger,thinning_65_90,8
59,0.3000000000001819,0.7999999999999545,20676.0,larger,thinning_65_90,8
60,0.09999999999990905,-0.10000000000002274,11054.0,larger,thinning_65_90,8
61,0.0,0.0,2026.0,larger,thinning_65_90,8
62,0.09999999999990905,0.0,10256.0,larger,thinning_65_90,8
63,0.09999999999990905,-0.19999999999998863,10803.0,larger,thinning_65_90,8
64,0.0,0.20000000000000284,1867.0,larger,thinning_65_90,8
65,0.09999999999990905,-0.39999999999997726,12.0,larger,thinning_65_90,8
66,-0.09999999999990905,1.1999999999999886,920.0,larger,thinning_65_90,8
67,0.0,-2.200000000000003,46.0,larger,thinning_65_90,8
68,-0.10000000000002274,0.5,-1219.0,larger,thinning_65_90,8
69,0.0,0.09999999999999432,4521.0,larger,thinning_65_90,8
70,0.20000000000027285,-0.6000000000000227,3008.0,larger,thinning_65_90,8
71,0.10000000000002274,-0.20000000000000284,9630.0,larger,thinning_65_90,8
72,0.0,-0.20000000000001705,2619.0,larger,thinning_65_90,8
73,-0.10000000000013642,-0.40000000000009095,-2794.0,larger,thinning_65_90,8
74,0.20000000000004547,-0.09999999999999432,7940.0,larger,thinning_65_90,8
75,0.09999999999990905,0.3000000000000682,7722.0,larger,thinning_65_90,8
76,0.20000000000004547,-0.7999999999999545,7524.0,larger,thinning_65_90,8
77,0.0,0.0,693.0,larger,thinning_65_90,8
78,0.0,0.0,154.0,larger,thinning_65_90,8
79,-0.10000000000013642,-0.8999999999999773,3076.0,larger,thinning_65_90,8
80,0.0,-0.4000000000000057,697.0,larger,thinning_65_90,8
81,0.0,0.10000000000002274,194.0,larger,thinning_65_90,8
82,0.0,0.0,10.0,larger,thinning_65_90,8
83,-0.09999999999990905,0.0,17.0,larger,thinning_65_90,8
84,0.0,0.19999999999998863,6.0,larger,thinning_65_90,8
85,0.0,-0.10000000000002274,836.0,larger,thinning_65_90,8
86,0.0,0.0,436.0,larger,thinning_65_90,8
87,0.0,0.10000000000002274,21.0,larger,thinning_65_90,8
88,0.0,0.0,76.0,larger,thinning_65_90,8
89,0.10000000000002274,1.6999999999999886,-35.0,larger,thinning_65_90,8
90,-0.20000000000004547,0.6000000000001364,-7146.0,larger,thinning_65_90,8
91,0.0,0.0,140.0,larger,thinning_65_90,8
92,-0.10000000000002274,0.4000000000000341,-3.0,larger,thinning_65_90,8
93,0.0,0.0,13.0,larger,thinning_65_90,8
94,0.0,-0.10000000000000142,6.0,larger,thinning_65_90,8
95,0.0,-0.6000000000000227,10.0,larger,thinning_65_90,8
96,0.0,2.8999999999999773,102.0,larger,thinning_65_90,8
97,0.0,0.0,124.0,larger,thinning_65_90,8
98,0.0,0.4000000000000057,-108.0,larger,thinning_65_90,8
99,0.0,1.3999999999999986,46.0,larger,thinning_65_90,8
100,-0.10000000000002274,0.19999999999998863,22.0,larger,thinning_65_90,8
1,0.10000000000002274,-0.5999999999999943,8684.0,larger,thinning_30_75,9
2,0.0,0.0,2864.0,larger,thinning_30_75,9
3,0.09999999999990905,0.0,2190.0,larger,thinning_30_75,9
4,0.0,0.09999999999999432,65.0,larger,thinning_30_75,9
5,0.0,0.10000000000002274,3.0,larger,thinning_30_75,9
6,0.09999999999990905,2.3999999999999773,3064.0,larger,thinning_30_75,9
7,0.0,-0.09999999999990905,516.0,larger,thinning_30_75,9
8,0.09999999999990905,0.19999999999998863,24.0,larger,thinning_30_75,9
9,0.0,0.0,-19.0,larger,thinning_30_75,9
10,-0.10000000000002274,1.0999999999999943,11.0,larger,thinning_30_75,9
11,0.09999999999990905,-2.3000000000000114,9214.0,larger,thinning_30_75,9
12,0.0,0.7000000000000455,7002.0,larger,thinning_30_75,9
13,0.09999999999990905,0.0,13540.0,larger,thinning_30_75,9
14,0.09999999999990905,0.20000000000004547,8976.0,larger,thinning_30_75,9
15,-0.09999999999990905,0.0,1490.0,larger,thinning_30_75,9
16,0.0,0.09999999999999432,0.0,larger,thinning_30_75,9
17,0.0,0.0,5.0,larger,thinning_30_75,9
18,0.0,0.0,4.0,larger,thinning_30_75,9
19,0.10000000000013642,0.5,8.0,larger,thinning_30_75,9
20,0.0,0.09999999999999432,42.0,larger,thinning_30_75,9
21,0.0,0.09999999999999432,45.0,larger,thinning_30_75,9
22,0.0,-0.6999999999999886,-2.0,larger,thinning_30_75,9
23,0.0,0.900000000000091,3836.0,larger,thinning_30_75,9
24,0.0,19.399999999999977,3322.0,larger,thinning_30_75,9
25,0.0,-0.10000000000000142,6.0,larger,thinning_30_75,9
26,0.0,-0.5,-8.0,larger,thinning_30_75,9
27,0.0,1.8999999999999773,8.0,larger,thinning_30_75,9
28,0.10000000000002274,0.20000000000001705,4.0,larger,thinning_30_75,9
29,0.0,0.19999999999998863,0.0,larger,thinning_30_75,9
30,0.09999999999990905,0.1000000000003638,18448.0,larger,thinning_30_75,9
31,0.1999999999998181,2.5,19540.0,larger,thinning_30_75,9
32,0.20000000000004547,-0.20000000000004547,14734.0,larger,thinning_30_75,9
33,0.0999999999999659,0.19999999999999574,3047.0,larger,thinning_30_75,9
34,0.0,-0.10000000000002274,15.0,larger,thinning_30_75,9
35,-0.10000000000002274,-0.1999999999999318,939.0,larger,thinning_30_75,9
36,0.10000000000002274,0.30000000000001137,2431.0,larger,thinning_30_75,9
37,0.0,0.09999999999990905,456.0,larger,thinning_30_75,9
38,0.0,0.0,276.0,larger,thinning_30_75,9
39,0.0,0.0,11.0,larger,thinning_30_75,9
40,0.09999999999990905,0.0,894.0,larger,thinning_30_75,9
41,0.09999999999990905,-0.10000000000002274,4764.0,larger,thinning_30_75,9
42,0.0,-0.09999999999999432,163.0,larger,thinning_30_75,9
43,0.0,0.0,31.0,larger,thinning_30_75,9
44,0.0,-0.19999999999998863,14.0,larger,thinning_30_75,9
45,0.0,0.0,12.0,larger,thinning_30_75,9
46,0.0,0.0,22.0,larger,thinning_30_75,9
47,0.09999999999990905,-0.2999999999999545,4396.0,larger,thinning_30_75,9
48,0.0,0.09999999999999432,1993.0,larger,thinning_30_75,9
49,0.09999999999990905,1.2000000000000455,20.0,larger,thinning_30_75,9
50,-0.10000000000013642,-0.20000000000004547,126.0,larger,thinning_30_75,9
51,0.0,0.0,-13.0,larger,thinning_30_75,9
52,0.0,0.0,11.0,larger,thinning_30_75,9
53,0.1999999999998181,0.09999999999990905,4064.0,larger,thinning_30_75,9
54,0.0,-0.8000000000000682,4268.0,larger,thinning_30_75,9
55,0.09999999999990905,-0.19999999999998863,6102.0,larger,thinning_30_75,9
56,0.0,-0.30000000000001137,2958.0,larger,thinning_30_75,9
57,0.0,0.30000000000001137,6.0,larger,thinning_30_75,9
58,0.0,0.0,8.0,larger,thinning_30_75,9
59,0.1999999999998181,4.399999999999864,19496.0,larger,thinning_30_75,9
60,0.09999999999990905,0.0,6766.0,larger,thinning_30_75,9
61,0.0,1.299999999999983,203.0,larger,thinning_30_75,9
62,0.1999999999998181,0.10000000000013642,17164.0,larger,thinning_30_75,9
63,0.09999999999990905,0.0,8121.0,larger,thinning_30_75,9
64,-0.10000000000002274,0.0,982.0,larger,thinning_30_75,9
65,0.09999999999990905,1.900000000000034,-2.0,larger,thinning_30_75,9
66,0.0,-0.10000000000002274,408.0,larger,thinning_30_75,9
67,0.0,0.0,3.0,larger,thinning_30_75,9
68,0.0,0.19999999999998863,2091.0,larger,thinning_30_75,9
69,0.0,0.09999999999999432,4063.0,larger,thinning_30_75,9
70,0.40000000000009095,-0.6000000000000227,16608.0,larger,thinning_30_75,9
71,0.10000000000002274,0.09999999999999432,8572.0,larger,thinning_30_75,9
72,0.0,0.09999999999999432,1231.0,larger,thinning_30_75,9
73,0.0,-0.40000000000009095,2776.0,larger,thinning_30_75,9
74,0.20000000000004547,0.20000000000001705,6544.0,larger,thinning_30_75,9
75,0.1999999999998181,0.40000000000009095,12940.0,larger,thinning_30_75,9
76,0.10000000000013642,-0.8999999999999773,6336.0,larger,thinning_30_75,9
77,0.0,0.0,335.0,larger,thinning_30_75,9
78,0.0,0.0,240.0,larger,thinning_30_75,9
79,-0.10000000000013642,0.20000000000004547,450.0,larger,thinning_30_75,9
80,0.0,0.19999999999998863,9.0,larger,thinning_30_75,9
81,0.0,0.10000000000002274,-6.0,larger,thinning_30_75,9
82,0.0,0.0,-12.0,larger,thinning_30_75,9
83,-0.09999999999990905,0.0,9.0,larger,thinning_30_75,9
84,0.0,0.19999999999998863,3.0,larger,thinning_30_75,9
85,-0.09999999999990905,-0.10000000000002274,150.0,larger,thinning_30_75,9
86,0.0,0.0,24.0,larger,thinning_30_75,9
87,0.0,0.10000000000002274,6.0,larger,thinning_30_75,9
88,0.0,0.0,30.0,larger,thinning_30_75,9
89,0.10000000000002274,2.4000000000000057,5.0,larger,thinning_30_75,9
90,-0.10000000000013642,1.400000000000091,-728.0,larger,thinning_30_75,9
91,0.0,0.20000000000000284,3155.0,larger,thinning_30_75,9
92,-0.10000000000002274,0.4000000000000341,28.0,larger,thinning_30_75,9
93,0.0,0.0,10.0,larger,thinning_30_75,9
94,0.0,-0.10000000000000142,4.0,larger,thinning_30_75,9
95,0.10000000000013642,-0.39999999999997726,8.0,larger,thinning_30_75,9
96,0.0,3.8000000000000114,6.0,larger,thinning_30_75,9
97,0.0,0.0,107.0,larger,thinning_30_75,9
98,0.0,0.4000000000000057,-108.0,larger,thinning_30_75,9
99,0.0,1.3999999999999986,47.0,larger,thinning_30_75,9
100,-0.10000000000002274,0.30000000000001137,18.0,larger,thinning_30_75,9
1,0.10000000000002274,-0.7000000000000028,8218.0,larger,thinning_65_90,10
2,0.0,0.39999999999997726,2740.0,larger,thinning_65_90,10
3,0.09999999999990905,-0.4000000000000341,940.0,larger,thinning_65_90,10
4,0.0,-0.19999999999998863,9.0,larger,thinning_65_90,10
5,0.0,0.10000000000002274,3.0,larger,thinning_65_90,10
6,0.0,0.0,452.0,larger,thinning_65_90,10
7,0.0,0.0,0.0,larger,thinning_65_90,10
8,0.09999999999990905,0.19999999999998863,24.0,larger,thinning_65_90,10
9,0.0,0.0,-19.0,larger,thinning_65_90,10
10,-0.10000000000002274,1.0999999999999943,11.0,larger,thinning_65_90,10
11,0.09999999999990905,-1.2000000000000455,8484.0,larger,thinning_65_90,10
12,0.0,0.4000000000000341,6358.0,larger,thinning_65_90,10
13,0.09999999999990905,-0.10000000000002274,2904.0,larger,thinning_65_90,10
14,0.0,-0.599999999999909,868.0,larger,thinning_65_90,10
15,0.0,0.09999999999999432,1.0,larger,thinning_65_90,10
16,0.0,0.09999999999999432,0.0,larger,thinning_65_90,10
17,0.0,0.0,5.0,larger,thinning_65_90,10
18,0.0,0.0,4.0,larger,thinning_65_90,10
19,0.10000000000013642,0.5,8.0,larger,thinning_65_90,10
20,0.0,0.09999999999999432,42.0,larger,thinning_65_90,10
21,0.0,0.09999999999999432,45.0,larger,thinning_65_90,10
22,0.0,-0.6999999999999886,-2.0,larger,thinning_65_90,10
23,0.0,0.40000000000009095,3468.0,larger,thinning_65_90,10
24,0.0,-0.8000000000000114,2388.0,larger,thinning_65_90,10
25,0.0,-0.10000000000000142,6.0,larger,thinning_65_90,10
26,0.0,-0.5,-6.0,larger,thinning_65_90,10
27,0.0,1.8999999999999773,8.0,larger,thinning_65_90,10
28,0.10000000000002274,0.20000000000001705,4.0,larger,thinning_65_90,10
29,0.0,0.19999999999998863,0.0,larger,thinning_65_90,10
30,0.0,-0.1999999999998181,13796.0,larger,thinning_65_90,10
31,0.1999999999998181,2.5,11888.0,larger,thinning_65_90,10
32,0.0,0.09999999999990905,11392.0,larger,thinning_65_90,10
33,0.0999999999999659,0.19999999999999574,2506.0,larger,thinning_65_90,10
34,0.0,-0.10000000000002274,15.0,larger,thinning_65_90,10
35,-0.10000000000002274,-0.1999999999999318,-964.0,larger,thinning_65_90,10
36,0.10000000000002274,0.09999999999999432,1319.0,larger,thinning_65_90,10
37,0.0,0.09999999999990905,-556.0,larger,thinning_65_90,10
38,0.0,2.2000000000000455,8.0,larger,thinning_65_90,10
39,0.0,0.0,11.0,larger,thinning_65_90,10
40,0.09999999999990905,0.0,118.0,larger,thinning_65_90,10
41,0.0,3.3999999999999773,38.0,larger,thinning_65_90,10
42,0.0,-0.09999999999999432,5.0,larger,thinning_65_90,10
43,0.0,0.0,31.0,larger,thinning_65_90,10
44,0.0,-0.19999999999998863,14.0,larger,thinning_65_90,10
45,0.0,0.0,12.0,larger,thinning_65_90,10
46,0.0,0.0,22.0,larger,thinning_65_90,10
47,-0.2999999999999545,-0.5,3952.0,larger,thinning_65_90,10
48,0.0,0.0,1010.0,larger,thinning_65_90,10
49,0.09999999999990905,1.2000000000000455,20.0,larger,thinning_65_90,10
50,0.0,-0.20000000000004547,-2.0,larger,thinning_65_90,10
51,0.0,0.0,-13.0,larger,thinning_65_90,10
52,0.0,0.0,11.0,larger,thinning_65_90,10
53,0.09999999999990905,1.699999999999818,1112.0,larger,thinning_65_90,10
54,0.0,-1.3000000000000682,1854.0,larger,thinning_65_90,10
55,-0.10000000000013642,-0.5,3106.0,larger,thinning_65_90,10
56,-0.09999999999990905,-0.39999999999997726,928.0,larger,thinning_65_90,10
57,0.0,0.30000000000001137,4.0,larger,thinning_65_90,10
58,0.0,0.0,8.0,larger,thinning_65_90,10
59,0.1999999999998181,0.09999999999990905,15644.0,larger,thinning_65_90,10
60,0.09999999999990905,0.0,6066.0,larger,thinning_65_90,10
61,0.0,1.299999999999983,107.0,larger,thinning_65_90,10
62,0.1999999999998181,0.0,8756.0,larger,thinning_65_90,10
63,0.09999999999990905,0.0,4937.0,larger,thinning_65_90,10
64,0.0,0.3999999999999915,14.0,larger,thinning_65_90,10
65,0.09999999999990905,1.900000000000034,-2.0,larger,thinning_65_90,10
66,0.0,0.0999999999999659,0.0,larger,thinning_65_90,10
67,0.0,0.0,2.0,larger,thinning_65_90,10
68,0.0,0.19999999999998863,1668.0,larger,thinning_65_90,10
69,0.0,0.09999999999999432,3399.0,larger,thinning_65_90,10
70,0.20000000000027285,0.10000000000002274,7764.0,larger,thinning_65_90,10
71,0.0,0.0,4714.0,larger,thinning_65_90,10
72,0.0,-0.20000000000001705,26.0,larger,thinning_65_90,10
73,0.0,-0.900000000000091,3228.0,larger,thinning_65_90,10
74,0.10000000000013642,-0.09999999999999432,5892.0,larger,thinning_65_90,10
75,0.09999999999990905,-0.09999999999990905,6704.0,larger,thinning_65_90,10
76,0.10000000000013642,-0.39999999999997726,3684.0,larger,thinning_65_90,10
77,0.0,0.0,3.0,larger,thinning_65_90,10
78,0.0,0.0,8.0,larger,thinning_65_90,10
79,0.0,0.5,14.0,larger,thinning_65_90,10
80,0.0,0.19999999999998863,9.0,larger,thinning_65_90,10
81,0.0,0.10000000000002274,-6.0,larger,thinning_65_90,10
82,0.0,0.0,-12.0,larger,thinning_65_90,10
83,-0.09999999999990905,0.0,9.0,larger,thinning_65_90,10
84,0.0,0.19999999999998863,3.0,larger,thinning_65_90,10
85,-0.09999999999990905,-0.10000000000002274,42.0,larger,thinning_65_90,10
86,0.0,0.0,23.0,larger,thinning_65_90,10
87,0.0,0.10000000000002274,6.0,larger,thinning_65_90,10
88,0.0,0.0,30.0,larger,thinning_65_90,10
89,0.10000000000002274,2.4000000000000057,5.0,larger,thinning_65_90,10
90,-0.10000000000013642,1.300000000000182,-1958.0,larger,thinning_65_90,10
91,0.0,0.0,1103.0,larger,thinning_65_90,10
92,-0.10000000000002274,0.30000000000001137,-5.0,larger,thinning_65_90,10
93,0.0,0.0,10.0,larger,thinning_65_90,10
94,0.0,-0.10000000000000142,4.0,larger,thinning_65_90,10
95,0.10000000000013642,-0.39999999999997726,8.0,larger,thinning_65_90,10
96,0.0,3.8000000000000114,6.0,larger,thinning_65_90,10
97,0.0,0.0,107.0,larger,thinning_65_90,10
98,0.0,0.4000000000000057,-108.0,larger,thinning_65_90,10
99,0.0,1.3999999999999986,47.0,larger,thinning_65_90,10
100,-0.10000000000002274,0.30000000000001137,18.0,larger,thinning_65_90,10
1,32.30000000000007,10.300000000000011,1052058.0,larger,thinning_30_75,11
2,56.10000000000002,6.5,1471958.0,larger,thinning_30_75,11
3,62.899999999999864,32.80000000000001,1597724.0,larger,thinning_30_75,11
4,33.60000000000002,-52.099999999999994,1050452.0,larger,thinning_30_75,11
5,33.89999999999998,-55.39999999999998,1043505.0,larger,thinning_30_75,11
6,51.899999999999864,-188.0,1345530.0,larger,thinning_30_75,11
7,52.600000000000136,-62.39999999999998,1251226.0,larger,thinning_30_75,11
8,44.0,-38.0,1139796.0,larger,thinning_30_75,11
9,23.90000000000009,-17.0,825808.0,larger,thinning_30_75,11
10,29.299999999999955,-11.099999999999994,1008563.0,larger,thinning_30_75,11
11,60.5,557.9,1576718.0,larger,thinning_30_75,11
12,52.700000000000045,18.900000000000034,1345474.0,larger,thinning_30_75,11
13,131.9000000000001,172.8,2640176.0,larger,thinning_30_75,11
14,122.90000000000009,102.10000000000014,2487468.0,larger,thinning_30_75,11
15,30.800000000000068,-76.8,978122.0,larger,thinning_30_75,11
16,17.400000000000034,-30.30000000000001,668972.0,larger,thinning_30_75,11
17,25.199999999999932,6.300000000000011,719635.0,larger,thinning_30_75,11
18,37.39999999999998,-24.900000000000006,1076643.0,larger,thinning_30_75,11
19,37.200000000000045,-38.5,971438.0,larger,thinning_30_75,11
20,19.899999999999977,-26.80000000000001,793911.0,larger,thinning_30_75,11
21,20.0,4.099999999999994,744489.0,larger,thinning_30_75,11
22,15.899999999999977,-6.299999999999997,700940.0,larger,thinning_30_75,11
23,82.40000000000009,39.0,1902742.0,larger,thinning_30_75,11
24,55.59999999999991,-31.900000000000034,1244004.0,larger,thinning_30_75,11
25,7.900000000000006,-3.1000000000000014,564576.0,larger,thinning_30_75,11
26,78.70000000000005,83.70000000000005,1777094.0,larger,thinning_30_75,11
27,52.59999999999991,-115.4,1423976.0,larger,thinning_30_75,11
28,46.39999999999998,195.0,1183984.0,larger,thinning_30_75,11
29,35.80000000000007,-35.20000000000002,900352.0,larger,thinning_30_75,11
30,131.20000000000027,197.60000000000036,2784804.0,larger,thinning_30_75,11
31,118.09999999999991,1161.6000000000001,2447124.0,larger,thinning_30_75,11
32,66.5,9.5,1593786.0,larger,thinning_30_75,11
33,16.69999999999999,11.899999999999999,773388.0,larger,thinning_30_75,11
34,16.5,-32.20000000000002,678291.0,larger,thinning_30_75,11
35,19.399999999999977,-377.49999999999994,730690.0,larger,thinning_30_75,11
36,21.399999999999977,-13.699999999999989,878840.0,larger,thinning_30_75,11
37,71.80000000000018,5.899999999999977,1535352.0,larger,thinning_30_75,11
38,79.10000000000014,-48.39999999999998,1696518.0,larger,thinning_30_75,11
39,26.299999999999955,-11.799999999999955,921677.0,larger,thinning_30_75,11
40,21.299999999999955,257.4,784916.0,larger,thinning_30_75,11
41,82.79999999999995,-126.30000000000001,2012308.0,larger,thinning_30_75,11
42,32.60000000000002,-16.099999999999994,976392.0,larger,thinning_30_75,11
43,23.200000000000045,-23.5,688795.0,larger,thinning_30_75,11
44,31.700000000000045,-43.900000000000006,1043472.0,larger,thinning_30_75,11
45,10.699999999999989,0.09999999999999787,648526.0,larger,thinning_30_75,11
46,38.5,-29.100000000000023,1059970.0,larger,thinning_30_75,11
47,79.09999999999991,100.20000000000005,1829028.0,larger,thinning_30_75,11
48,41.80000000000007,-13.799999999999983,1076615.0,larger,thinning_30_75,11
49,51.5,-4.5,1261378.0,larger,thinning_30_75,11
50,70.69999999999982,-45.799999999999955,1683246.0,larger,thinning_30_75,11
51,18.5,121.5,810629.0,larger,thinning_30_75,11
52,31.600000000000023,-49.5,952758.0,larger,thinning_30_75,11
53,98.69999999999982,19.799999999999955,2074836.0,larger,thinning_30_75,11
54,95.60000000000014,-2.0,2050204.0,larger,thinning_30_75,11
55,92.09999999999991,-46.69999999999999,2043304.0,larger,thinning_30_75,11
56,63.40000000000009,-77.6,1527124.0,larger,thinning_30_75,11
57,33.799999999999955,-45.299999999999955,916226.0,larger,thinning_30_75,11
58,11.300000000000011,-7.199999999999989,595802.0,larger,thinning_30_75,11
59,102.09999999999991,1637.0,2561376.0,larger,thinning_30_75,11
60,51.90000000000009,6.199999999999989,1275008.0,larger,thinning_30_75,11
61,29.399999999999977,-18.60000000000001,909388.0,larger,thinning_30_75,11
62,112.0,-225.89999999999986,2433460.0,larger,thinning_30_75,11
63,55.39999999999998,5.599999999999994,1419996.0,larger,thinning_30_75,11
64,27.200000000000045,-47.1,941660.0,larger,thinning_30_75,11
65,60.5,-70.59999999999997,1364430.0,larger,thinning_30_75,11
66,90.90000000000009,-49.5,1932126.0,larger,thinning_30_75,11
67,14.600000000000023,-16.0,694139.0,larger,thinning_30_75,11
68,30.299999999999955,608.3999999999999,997859.0,larger,thinning_30_75,11
69,40.60000000000002,-27.400000000000006,1145688.0,larger,thinning_30_75,11
70,134.5,139.30000000000007,2486104.0,larger,thinning_30_75,11
71,51.39999999999998,22.700000000000003,1332012.0,larger,thinning_30_75,11
72,29.899999999999977,-16.900000000000006,960295.0,larger,thinning_30_75,11
73,41.399999999999864,-5.2000000000000455,1000748.0,larger,thinning_30_75,11
74,55.90000000000009,-1.5,1426274.0,larger,thinning_30_75,11
75,115.19999999999982,156.10000000000002,2673238.0,larger,thinning_30_75,11
76,82.5,12.700000000000045,1935552.0,larger,thinning_30_75,11
77,56.5,-87.80000000000001,1489215.0,larger,thinning_30_75,11
78,64.0,-82.69999999999993,1494768.0,larger,thinning_30_75,11
79,65.0,15.600000000000023,1351976.0,larger,thinning_30_75,11
80,21.69999999999999,-21.30000000000001,836922.0,larger,thinning_30_75,11
81,52.09999999999991,-9.699999999999932,1342310.0,larger,thinning_30_75,11
82,70.40000000000009,-9.399999999999977,1749368.0,larger,thinning_30_75,11
83,46.60000000000002,-14.699999999999989,1227378.0,larger,thinning_30_75,11
84,21.5,-16.400000000000006,817534.0,larger,thinning_30_75,11
85,58.59999999999991,79.10000000000002,1463434.0,larger,thinning_30_75,11
86,18.200000000000045,-18.0,837363.0,larger,thinning_30_75,11
87,42.39999999999998,-64.59999999999997,1204633.0,larger,thinning_30_75,11
88,12.000000000000028,-4.5,665637.0,larger,thinning_30_75,11
89,25.399999999999977,-9.300000000000011,828564.0,larger,thinning_30_75,11
90,69.89999999999986,561.3000000000002,1701664.0,larger,thinning_30_75,11
91,30.399999999999977,-22.39999999999999,1107775.0,larger,thinning_30_75,11
92,44.899999999999864,53.30000000000001,1078351.0,larger,thinning_30_75,11
93,15.600000000000023,-2.4000000000000057,596552.0,larger,thinning_30_75,11
94,9.899999999999977,4.899999999999999,546422.0,larger,thinning_30_75,11
95,47.40000000000009,-8.800000000000011,1257396.0,larger,thinning_30_75,11
96,51.299999999999955,-5.100000000000023,1245906.0,larger,thinning_30_75,11
97,7.100000000000023,3.5,491484.0,larger,thinning_30_75,11
98,15.5,6.900000000000006,646102.0,larger,thinning_30_75,11
99,6.5,5.299999999999997,407058.0,larger,thinning_30_75,11
100,43.09999999999991,21.80000000000001,1109832.0,larger,thinning_30_75,11
1,18.0,-7.5,690826.0,larger,thinning_65_90,12
2,30.200000000000045,-2.0,906472.0,larger,thinning_65_90,12
3,28.799999999999955,-19.30000000000001,833150.0,larger,thinning_65_90,12
4,13.100000000000023,-52.80000000000001,506792.0,larger,thinning_65_90,12
5,13.200000000000045,-47.099999999999994,484902.0,larger,thinning_65_90,12
6,37.5,-185.70000000000005,1023134.0,larger,thinning_65_90,12
7,39.700000000000045,-40.49999999999994,953492.0,larger,thinning_65_90,12
8,25.09999999999991,-9.0,751160.0,larger,thinning_65_90,12
9,14.200000000000045,3.7000000000000455,556453.0,larger,thinning_65_90,12
10,14.100000000000023,-7.599999999999994,584594.0,larger,thinning_65_90,12
11,39.40000000000009,411.1,1199282.0,larger,thinning_65_90,12
12,32.200000000000045,15.600000000000023,874436.0,larger,thinning_65_90,12
13,63.09999999999991,34.89999999999998,1341640.0,larger,thinning_65_90,12
14,69.59999999999991,-9.199999999999818,1429960.0,larger,thinning_65_90,12
15,20.40000000000009,-91.19999999999999,720518.0,larger,thinning_65_90,12
16,11.800000000000011,-14.100000000000009,502717.0,larger,thinning_65_90,12
17,15.699999999999932,-16.799999999999955,480348.0,larger,thinning_65_90,12
18,17.899999999999977,-12.200000000000017,560254.0,larger,thinning_65_90,12
19,24.40000000000009,-25.0,631766.0,larger,thinning_65_90,12
20,10.700000000000045,-18.200000000000017,476775.0,larger,thinning_65_90,12
21,11.300000000000011,-0.7999999999999972,492514.0,larger,thinning_65_90,12
22,8.299999999999955,10.199999999999989,439480.0,larger,thinning_65_90,12
23,42.5,32.0,1096610.0,larger,thinning_65_90,12
24,29.799999999999955,-33.700000000000045,671526.0,larger,thinning_65_90,12
25,5.300000000000011,-4.200000000000003,437614.0,larger,thinning_65_90,12
26,41.899999999999864,3.5,1020528.0,larger,thinning_65_90,12
27,23.200000000000045,-113.30000000000001,769670.0,larger,thinning_65_90,12
28,22.399999999999977,5.900000000000006,664785.0,larger,thinning_65_90,12
29,18.600000000000023,-15.5,559507.0,larger,thinning_65_90,12
30,81.0,90.10000000000036,1870068.0,larger,thinning_65_90,12
31,84.5,529.7,1745564.0,larger,thinning_65_90,12
32,52.100000000000136,5.599999999999909,1270064.0,larger,thinning_65_90,12
33,11.099999999999966,14.599999999999994,565146.0,larger,thinning_65_90,12
34,8.899999999999977,-30.60000000000001,400238.0,larger,thinning_65_90,12
35,8.399999999999977,157.60000000000002,428722.0,larger,thinning_65_90,12
36,11.200000000000045,-14.400000000000006,503546.0,larger,thinning_65_90,12
37,45.20000000000027,12.399999999999977,994528.0,larger,thinning_65_90,12
38,49.0,-83.0,1174022.0,larger,thinning_65_90,12
39,23.199999999999932,51.700000000000045,765383.0,larger,thinning_65_90,12
40,6.399999999999977,228.70000000000005,344520.0,larger,thinning_65_90,12
41,36.799999999999955,-126.70000000000005,988520.0,larger,thinning_65_90,12
42,19.90000000000009,-39.80000000000001,650766.0,larger,thinning_65_90,12
43,12.200000000000045,-24.80000000000001,370332.0,larger,thinning_65_90,12
44,13.700000000000045,-18.5,583301.0,larger,thinning_65_90,12
45,4.799999999999983,-0.9000000000000021,361810.0,larger,thinning_65_90,12
46,15.299999999999955,-6.400000000000034,503530.0,larger,thinning_65_90,12
47,37.59999999999991,78.30000000000007,999492.0,larger,thinning_65_90,12
48,27.100000000000023,-18.799999999999983,716013.0,larger,thinning_65_90,12
49,30.199999999999818,-7.899999999999977,804614.0,larger,thinning_65_90,12
50,41.69999999999982,-47.600000000000136,1071710.0,larger,thinning_65_90,12
51,8.699999999999989,-1.5,542906.0,larger,thinning_65_90,12
52,15.399999999999977,-42.5,512045.0,larger,thinning_65_90,12
53,60.09999999999991,25.899999999999864,1306712.0,larger,thinning_65_90,12
54,58.90000000000009,-37.0,1345686.0,larger,thinning_65_90,12
55,54.899999999999864,-46.69999999999999,1226274.0,larger,thinning_65_90,12
56,36.700000000000045,-85.9,929084.0,larger,thinning_65_90,12
57,23.799999999999955,-34.39999999999998,680864.0,larger,thinning_65_90,12
58,5.300000000000011,0.700000000000017,355314.0,larger,thinning_65_90,12
59,73.40000000000009,333.0999999999999,1801928.0,larger,thinning_65_90,12
60,38.0,-7.300000000000011,970074.0,larger,thinning_65_90,12
61,20.5,-24.30000000000001,673262.0,larger,thinning_65_90,12
62,74.90000000000009,26.300000000000182,1632200.0,larger,thinning_65_90,12
63,43.59999999999991,-0.6999999999999886,1133028.0,larger,thinning_65_90,12
64,13.0,-55.7,519702.0,larger,thinning_65_90,12
65,41.19999999999982,-55.5,925454.0,larger,thinning_65_90,12
66,51.700000000000045,-73.30000000000001,1134006.0,larger,thinning_65_90,12
67,8.300000000000011,-18.599999999999994,467864.0,larger,thinning_65_90,12
68,17.199999999999932,40.5,674615.0,larger,thinning_65_90,12
69,18.899999999999977,-35.20000000000002,645806.0,larger,thinning_65_90,12
70,79.5,80.69999999999993,1473300.0,larger,thinning_65_90,12
71,36.19999999999993,16.799999999999997,964128.0,larger,thinning_65_90,12
72,17.399999999999977,-20.900000000000006,600601.0,larger,thinning_65_90,12
73,33.69999999999982,-7.800000000000068,862144.0,larger,thinning_65_90,12
74,37.5,1.4000000000000057,1003508.0,larger,thinning_65_90,12
75,66.19999999999982,19.300000000000068,1612110.0,larger,thinning_65_90,12
76,54.600000000000136,20.200000000000045,1269718.0,larger,thinning_65_90,12
77,28.200000000000045,-97.4,831769.0,larger,thinning_65_90,12
78,41.69999999999982,-72.39999999999998,1042322.0,larger,thinning_65_90,12
79,49.0,-31.199999999999932,1045386.0,larger,thinning_65_90,12
80,14.399999999999977,-22.200000000000003,625421.0,larger,thinning_65_90,12
81,32.899999999999864,-20.399999999999977,940934.0,larger,thinning_65_90,12
82,40.799999999999955,-0.8999999999999773,1082378.0,larger,thinning_65_90,12
83,22.600000000000023,-25.30000000000001,681770.0,larger,thinning_65_90,12
84,12.100000000000023,3.5999999999999943,536013.0,larger,thinning_65_90,12
85,41.0,69.39999999999998,1029292.0,larger,thinning_65_90,12
86,10.0,-15.5,563072.0,larger,thinning_65_90,12
87,17.600000000000023,-21.0,631045.0,larger,thinning_65_90,12
88,5.099999999999994,-7.899999999999999,379950.0,larger,thinning_65_90,12
89,18.5,-0.5999999999999943,640033.0,larger,thinning_65_90,12
90,38.799999999999955,297.70000000000005,1049104.0,larger,thinning_65_90,12
91,13.5,-14.399999999999991,592823.0,larger,thinning_65_90,12
92,26.0,-7.0,707875.0,larger,thinning_65_90,12
93,10.100000000000023,-0.30000000000001137,420844.0,larger,thinning_65_90,12
94,3.3999999999999773,1.8999999999999986,259268.0,larger,thinning_65_90,12
95,25.100000000000136,-0.7000000000000455,728216.0,larger,thinning_65_90,12
96,36.100000000000136,8.899999999999977,899024.0,larger,thinning_65_90,12
97,5.300000000000011,2.700000000000003,407082.0,larger,thinning_65_90,12
98,7.0,2.4000000000000057,386987.0,larger,thinning_65_90,12
99,2.6999999999999886,2.6000000000000014,232157.0,larger,thinning_65_90,12
100,20.299999999999955,12.899999999999977,576802.0,larger,thinning_65_90,12
1,16.100000000000023,-1.4000000000000057,444894.0,larger,thinning_30_75,13
2,28.300000000000068,3.6999999999999886,698034.0,larger,thinning_30_75,13
3,31.699999999999818,5.5,772820.0,larger,thinning_30_75,13
4,18.5,3.1999999999999886,468993.0,larger,thinning_30_75,13
5,18.5,-5.199999999999989,470170.0,larger,thinning_30_75,13
6,26.799999999999955,-170.30000000000007,726660.0,larger,thinning_30_75,13
7,28.700000000000045,-0.2999999999999545,635996.0,larger,thinning_30_75,13
8,24.5,2.0,550118.0,larger,thinning_30_75,13
9,14.300000000000068,-5.0,426306.0,larger,thinning_30_75,13
10,19.100000000000023,-8.599999999999994,480052.0,larger,thinning_30_75,13
11,37.09999999999991,-8.100000000000023,918532.0,larger,thinning_30_75,13
12,28.799999999999955,3.8000000000000114,661660.0,larger,thinning_30_75,13
13,59.90000000000009,-10.300000000000011,1239448.0,larger,thinning_30_75,13
14,55.09999999999991,-1.099999999999909,1111424.0,larger,thinning_30_75,13
15,17.200000000000045,1.0,431994.0,larger,thinning_30_75,13
16,11.800000000000011,1.0,323784.0,larger,thinning_30_75,13
17,12.899999999999977,-0.8999999999999773,347795.0,larger,thinning_30_75,13
18,22.200000000000045,0.0,540451.0,larger,thinning_30_75,13
19,21.40000000000009,-4.199999999999989,516254.0,larger,thinning_30_75,13
20,13.5,-3.200000000000017,387360.0,larger,thinning_30_75,13
21,12.800000000000011,1.9000000000000057,382165.0,larger,thinning_30_75,13
22,13.5,3.6999999999999886,412098.0,larger,thinning_30_75,13
23,42.0,-2.199999999999932,994076.0,larger,thinning_30_75,13
24,25.200000000000045,-4.100000000000023,537154.0,larger,thinning_30_75,13
25,6.5,2.6000000000000014,280546.0,larger,thinning_30_75,13
26,39.799999999999955,4.7000000000000455,866920.0,larger,thinning_30_75,13
27,25.799999999999955,-23.30000000000001,660454.0,larger,thinning_30_75,13
28,26.800000000000068,22.900000000000034,607229.0,larger,thinning_30_75,13
29,18.5,4.299999999999983,434789.0,larger,thinning_30_75,13
30,70.30000000000018,36.20000000000027,1434388.0,larger,thinning_30_75,13
31,54.79999999999973,-23.90000000000009,1171460.0,larger,thinning_30_75,13
32,33.600000000000136,0.8999999999999773,719722.0,larger,thinning_30_75,13
33,10.899999999999977,1.1999999999999957,310254.0,larger,thinning_30_75,13
34,10.399999999999977,4.899999999999977,301524.0,larger,thinning_30_75,13
35,12.700000000000045,-22.999999999999943,429724.0,larger,thinning_30_75,13
36,15.100000000000023,3.5,452853.0,larger,thinning_30_75,13
37,33.09999999999991,8.399999999999977,795304.0,larger,thinning_30_75,13
38,35.600000000000136,2.800000000000068,798488.0,larger,thinning_30_75,13
39,16.199999999999932,-0.6999999999999886,460484.0,larger,thinning_30_75,13
40,10.899999999999977,0.30000000000001137,390316.0,larger,thinning_30_75,13
41,39.799999999999955,-34.5,907438.0,larger,thinning_30_75,13
42,20.0,1.3000000000000114,522084.0,larger,thinning_30_75,13
43,10.700000000000045,5.099999999999994,266338.0,larger,thinning_30_75,13
44,18.200000000000045,0.09999999999999432,542671.0,larger,thinning_30_75,13
45,7.299999999999983,2.1999999999999993,316611.0,larger,thinning_30_75,13
46,17.299999999999955,-18.80000000000001,469764.0,larger,thinning_30_75,13
47,37.700000000000045,-2.3999999999999773,907164.0,larger,thinning_30_75,13
48,22.100000000000023,4.200000000000017,517605.0,larger,thinning_30_75,13
49,27.59999999999991,18.5,646982.0,larger,thinning_30_75,13
50,33.5,13.700000000000045,806178.0,larger,thinning_30_75,13
51,13.199999999999989,-0.19999999999998863,430502.0,larger,thinning_30_75,13
52,17.600000000000023,-15.5,463009.0,larger,thinning_30_75,13
53,45.5,23.699999999999818,994040.0,larger,thinning_30_75,13
54,48.200000000000045,-17.100000000000023,1043638.0,larger,thinning_30_75,13
55,42.5,-20.0,955546.0,larger,thinning_30_75,13
56,32.200000000000045,-12.300000000000011,694532.0,larger,thinning_30_75,13
57,19.100000000000136,5.600000000000023,438286.0,larger,thinning_30_75,13
58,8.5,4.0,275473.0,larger,thinning_30_75,13
59,58.40000000000009,161.39999999999986,1255780.0,larger,thinning_30_75,13
60,27.40000000000009,2.5,606124.0,larger,thinning_30_75,13
61,17.799999999999955,6.0,457532.0,larger,thinning_30_75,13
62,56.19999999999982,-37.299999999999955,1148440.0,larger,thinning_30_75,13
63,31.59999999999991,-0.09999999999999432,715022.0,larger,thinning_30_75,13
64,14.299999999999955,-3.200000000000003,369205.0,larger,thinning_30_75,13
65,35.299999999999955,17.600000000000023,737680.0,larger,thinning_30_75,13
66,39.200000000000045,-27.700000000000045,870346.0,larger,thinning_30_75,13
67,8.0,1.0999999999999943,279233.0,larger,thinning_30_75,13
68,17.199999999999932,-10.199999999999989,514023.0,larger,thinning_30_75,13
69,18.699999999999932,4.400000000000006,505724.0,larger,thinning_30_75,13
70,63.80000000000018,-6.600000000000023,1218092.0,larger,thinning_30_75,13
71,25.899999999999977,1.8999999999999915,581866.0,larger,thinning_30_75,13
72,15.799999999999955,3.5999999999999943,434946.0,larger,thinning_30_75,13
73,28.09999999999991,1.7999999999999545,673598.0,larger,thinning_30_75,13
74,30.40000000000009,-9.099999999999994,689658.0,larger,thinning_30_75,13
75,53.29999999999973,-4.099999999999909,1238342.0,larger,thinning_30_75,13
76,40.5,6.100000000000023,917538.0,larger,thinning_30_75,13
77,28.90000000000009,-4.0,710482.0,larger,thinning_30_75,13
78,37.09999999999991,-6.199999999999932,824152.0,larger,thinning_30_75,13
79,26.899999999999864,10.5,612298.0,larger,thinning_30_75,13
80,14.199999999999989,-1.0,390033.0,larger,thinning_30_75,13
81,27.09999999999991,3.0,702334.0,larger,thinning_30_75,13
82,35.100000000000136,-2.5,864340.0,larger,thinning_30_75,13
83,23.40000000000009,-0.8999999999999773,552917.0,larger,thinning_30_75,13
84,13.200000000000045,0.5,376251.0,larger,thinning_30_75,13
85,30.299999999999955,14.899999999999977,749792.0,larger,thinning_30_75,13
86,11.100000000000023,4.699999999999989,366556.0,larger,thinning_30_75,13
87,22.899999999999977,-16.0,583390.0,larger,thinning_30_75,13
88,8.599999999999994,3.1000000000000014,336630.0,larger,thinning_30_75,13
89,16.699999999999932,7.699999999999989,470138.0,larger,thinning_30_75,13
90,36.700000000000045,101.40000000000009,909066.0,larger,thinning_30_75,13
91,19.0,5.1000000000000085,538658.0,larger,thinning_30_75,13
92,21.799999999999955,1.8000000000000114,517707.0,larger,thinning_30_75,13
93,9.899999999999977,4.599999999999994,268206.0,larger,thinning_30_75,13
94,7.199999999999989,3.000000000000007,266944.0,larger,thinning_30_75,13
95,26.800000000000182,3.7000000000000455,669776.0,larger,thinning_30_75,13
96,27.5,6.5,628922.0,larger,thinning_30_75,13
97,6.0,0.6000000000000014,237410.0,larger,thinning_30_75,13
98,9.899999999999977,3.6999999999999886,299338.0,larger,thinning_30_75,13
99,4.899999999999977,3.1000000000000014,206278.0,larger,thinning_30_75,13
100,24.59999999999991,-7.5,614670.0,larger,thinning_30_75,13
1,10.700000000000045,7.900000000000006,320518.0,larger,thinning_65_90,14
2,19.700000000000045,-5.900000000000034,498040.0,larger,thinning_65_90,14
3,18.399999999999864,4.800000000000011,475766.0,larger,thinning_65_90,14
4,9.199999999999932,3.8000000000000114,259477.0,larger,thinning_65_90,14
5,9.600000000000023,-0.39999999999997726,250976.0,larger,thinning_65_90,14
6,23.5,11.5,625992.0,larger,thinning_65_90,14
7,24.600000000000136,2.1000000000000227,530220.0,larger,thinning_65_90,14
8,17.59999999999991,2.599999999999966,408262.0,larger,thinning_65_90,14
9,9.200000000000045,-8.0,304597.0,larger,thinning_65_90,14
10,11.600000000000023,6.0,313350.0,larger,thinning_65_90,14
11,30.40000000000009,-8.600000000000023,794112.0,larger,thinning_65_90,14
12,18.5,1.7000000000000455,437716.0,larger,thinning_65_90,14
13,37.59999999999991,12.599999999999966,808160.0,larger,thinning_65_90,14
14,36.0,6.2000000000000455,757940.0,larger,thinning_65_90,14
15,11.900000000000091,6.099999999999994,314489.0,larger,thinning_65_90,14
16,9.400000000000034,2.6999999999999886,265127.0,larger,thinning_65_90,14
17,10.199999999999932,-4.2999999999999545,266975.0,larger,thinning_65_90,14
18,13.600000000000023,-5.5,333569.0,larger,thinning_65_90,14
19,15.700000000000045,0.19999999999998863,374964.0,larger,thinning_65_90,14
20,9.0,-3.3000000000000114,267074.0,larger,thinning_65_90,14
21,8.900000000000034,-1.2999999999999972,287566.0,larger,thinning_65_90,14
22,8.599999999999966,2.6999999999999886,294972.0,larger,thinning_65_90,14
23,25.799999999999955,-1.8999999999999773,677342.0,larger,thinning_65_90,14
24,14.799999999999955,-4.800000000000011,307320.0,larger,thinning_65_90,14
25,5.300000000000011,2.5,238900.0,larger,thinning_65_90,14
26,26.0,12.299999999999955,604530.0,larger,thinning_65_90,14
27,14.599999999999909,-37.69999999999999,395426.0,larger,thinning_65_90,14
28,17.399999999999977,6.800000000000011,396420.0,larger,thinning_65_90,14
29,14.100000000000023,3.3999999999999773,323276.0,larger,thinning_65_90,14
30,55.59999999999991,26.800000000000182,1183956.0,larger,thinning_65_90,14
31,43.79999999999973,1.7000000000000455,949696.0,larger,thinning_65_90,14
32,28.300000000000182,1.599999999999909,618100.0,larger,thinning_65_90,14
33,7.899999999999977,0.7999999999999972,237796.0,larger,thinning_65_90,14
34,6.699999999999932,3.299999999999983,205941.0,larger,thinning_65_90,14
35,7.899999999999977,-22.199999999999932,308448.0,larger,thinning_65_90,14
36,9.200000000000045,-0.5,303298.0,larger,thinning_65_90,14
37,23.40000000000009,-5.800000000000068,588632.0,larger,thinning_65_90,14
38,28.100000000000136,-3.2999999999999545,646708.0,larger,thinning_65_90,14
39,16.0,5.5,411955.0,larger,thinning_65_90,14
40,4.7999999999999545,3.3000000000000114,226358.0,larger,thinning_65_90,14
41,22.899999999999864,-20.700000000000045,545272.0,larger,thinning_65_90,14
42,14.300000000000068,7.099999999999994,390022.0,larger,thinning_65_90,14
43,6.400000000000091,1.4000000000000057,161856.0,larger,thinning_65_90,14
44,11.200000000000045,3.1999999999999886,361985.0,larger,thinning_65_90,14
45,3.299999999999983,1.3000000000000007,194116.0,larger,thinning_65_90,14
46,8.700000000000045,-6.300000000000011,257546.0,larger,thinning_65_90,14
47,24.399999999999864,10.700000000000045,641752.0,larger,thinning_65_90,14
48,14.899999999999977,-1.6999999999999886,357315.0,larger,thinning_65_90,14
49,20.5,8.900000000000091,477210.0,larger,thinning_65_90,14
50,24.5,18.5,611230.0,larger,thinning_65_90,14
51,8.299999999999955,-0.8999999999999915,300902.0,larger,thinning_65_90,14
52,9.299999999999955,1.6999999999999886,272494.0,larger,thinning_65_90,14
53,32.5,2.699999999999818,773380.0,larger,thinning_65_90,14
54,36.700000000000045,-9.399999999999977,806236.0,larger,thinning_65_90,14
55,29.59999999999991,1.3000000000000114,664900.0,larger,thinning_65_90,14
56,20.700000000000045,-8.399999999999977,452542.0,larger,thinning_65_90,14
57,15.200000000000045,3.900000000000034,365746.0,larger,thinning_65_90,14
58,5.5,2.0,200289.0,larger,thinning_65_90,14
59,47.90000000000009,10.399999999999864,1035956.0,larger,thinning_65_90,14
60,22.700000000000045,3.8000000000000114,502856.0,larger,thinning_65_90,14
61,13.799999999999955,7.5,376795.0,larger,thinning_65_90,14
62,40.5,-42.299999999999955,865404.0,larger,thinning_65_90,14
63,27.0,-0.4000000000000057,607734.0,larger,thinning_65_90,14
64,7.7000000000000455,-4.0,210479.0,larger,thinning_65_90,14
65,25.899999999999864,1.8000000000000114,551906.0,larger,thinning_65_90,14
66,27.700000000000045,-24.600000000000023,623236.0,larger,thinning_65_90,14
67,5.400000000000034,0.29999999999999716,202403.0,larger,thinning_65_90,14
68,13.399999999999977,-11.300000000000011,416463.0,larger,thinning_65_90,14
69,10.799999999999955,0.9000000000000057,311559.0,larger,thinning_65_90,14
70,43.90000000000009,2.7999999999999545,866716.0,larger,thinning_65_90,14
71,20.699999999999932,1.5999999999999943,456524.0,larger,thinning_65_90,14
72,10.399999999999977,4.799999999999983,297510.0,larger,thinning_65_90,14
73,25.5,4.099999999999909,627054.0,larger,thinning_65_90,14
74,22.90000000000009,3.200000000000017,528934.0,larger,thinning_65_90,14
75,36.899999999999636,12.0,903750.0,larger,thinning_65_90,14
76,30.40000000000009,6.2999999999999545,707092.0,larger,thinning_65_90,14
77,17.700000000000045,-13.800000000000011,440317.0,larger,thinning_65_90,14
78,30.0,0.6000000000000227,686308.0,larger,thinning_65_90,14
79,22.399999999999864,2.2000000000000455,522026.0,larger,thinning_65_90,14
80,10.899999999999977,-2.1000000000000085,315537.0,larger,thinning_65_90,14
81,20.399999999999864,2.5,553420.0,larger,thinning_65_90,14
82,27.299999999999955,5.600000000000023,658180.0,larger,thinning_65_90,14
83,13.700000000000045,-5.800000000000011,337362.0,larger,thinning_65_90,14
84,9.5,-0.6999999999999886,287479.0,larger,thinning_65_90,14
85,27.09999999999991,-11.100000000000023,629770.0,larger,thinning_65_90,14
86,7.0,1.8999999999999915,257266.0,larger,thinning_65_90,14
87,13.100000000000023,4.300000000000011,357281.0,larger,thinning_65_90,14
88,4.5,0.3999999999999986,216819.0,larger,thinning_65_90,14
89,14.5,4.5,410659.0,larger,thinning_65_90,14
90,25.09999999999991,63.80000000000018,673056.0,larger,thinning_65_90,14
91,9.899999999999977,2.8000000000000114,295808.0,larger,thinning_65_90,14
92,16.09999999999991,-2.1999999999999886,390663.0,larger,thinning_65_90,14
93,7.7000000000000455,3.799999999999983,217448.0,larger,thinning_65_90,14
94,3.5,1.5,155802.0,larger,thinning_65_90,14
95,18.600000000000136,1.1000000000000227,473126.0,larger,thinning_65_90,14
96,22.100000000000136,11.099999999999966,513488.0,larger,thinning_65_90,14
97,4.900000000000006,1.0,207740.0,larger,thinning_65_90,14
98,6.099999999999909,2.9000000000000057,206847.0,larger,thinning_65_90,14
99,2.5,2.3999999999999986,131121.0,larger,thinning_65_90,14
100,15.400000000000091,-9.5,384294.0,larger,thinning_65_90,14
1,12.900000000000091,7.700000000000003,482300.0,larger,thinning_30_75,15
2,28.0,4.399999999999977,852558.0,larger,thinning_30_75,15
3,32.09999999999991,7.599999999999966,918590.0,larger,thinning_30_75,15
4,22.399999999999977,8.699999999999989,772233.0,larger,thinning_30_75,15
5,21.5,7.600000000000023,708526.0,larger,thinning_30_75,15
6,29.5,10.599999999999909,823962.0,larger,thinning_30_75,15
7,29.300000000000182,9.100000000000023,753858.0,larger,thinning_30_75,15
8,26.399999999999864,7.599999999999966,767188.0,larger,thinning_30_75,15
9,19.40000000000009,8.700000000000045,694080.0,larger,thinning_30_75,15
10,21.5,9.099999999999994,729635.0,larger,thinning_30_75,15
11,38.09999999999991,4.399999999999977,1019046.0,larger,thinning_30_75,15
12,32.299999999999955,5.900000000000034,908726.0,larger,thinning_30_75,15
13,60.09999999999991,2.099999999999966,1271816.0,larger,thinning_30_75,15
14,55.59999999999991,11.900000000000091,1177232.0,larger,thinning_30_75,15
15,19.5,11.300000000000011,663467.0,larger,thinning_30_75,15
16,14.800000000000011,9.699999999999989,562138.0,larger,thinning_30_75,15
17,14.699999999999932,5.0,510660.0,larger,thinning_30_75,15
18,24.700000000000045,8.599999999999994,783431.0,larger,thinning_30_75,15
19,23.40000000000009,4.800000000000011,675728.0,larger,thinning_30_75,15
20,18.600000000000023,9.399999999999977,714635.0,larger,thinning_30_75,15
21,15.400000000000034,6.299999999999997,595224.0,larger,thinning_30_75,15
22,16.899999999999977,5.199999999999989,684029.0,larger,thinning_30_75,15
23,42.40000000000009,16.700000000000045,1051160.0,larger,thinning_30_75,15
24,25.299999999999955,2.8999999999999773,668838.0,larger,thinning_30_75,15
25,9.700000000000017,4.399999999999999,545428.0,larger,thinning_30_75,15
26,37.799999999999955,9.799999999999955,920912.0,larger,thinning_30_75,15
27,26.399999999999864,10.399999999999977,820752.0,larger,thinning_30_75,15
28,31.5,4.900000000000006,885654.0,larger,thinning_30_75,15
29,20.200000000000045,6.399999999999977,616586.0,larger,thinning_30_75,15
30,67.5,6.900000000000091,1394700.0,larger,thinning_30_75,15
31,54.59999999999991,-11.600000000000136,1093608.0,larger,thinning_30_75,15
32,36.200000000000045,3.599999999999909,849492.0,larger,thinning_30_75,15
33,13.599999999999966,3.0999999999999943,555262.0,larger,thinning_30_75,15
34,13.0,7.0,528713.0,larger,thinning_30_75,15
35,13.899999999999977,-16.799999999999955,577947.0,larger,thinning_30_75,15
36,20.200000000000045,5.599999999999994,786517.0,larger,thinning_30_75,15
37,39.20000000000027,5.099999999999909,980392.0,larger,thinning_30_75,15
38,42.5,19.300000000000068,1026688.0,larger,thinning_30_75,15
39,19.899999999999977,9.600000000000023,684086.0,larger,thinning_30_75,15
40,15.799999999999955,6.199999999999989,626088.0,larger,thinning_30_75,15
41,36.299999999999955,13.299999999999955,916850.0,larger,thinning_30_75,15
42,22.5,1.9000000000000057,744336.0,larger,thinning_30_75,15
43,13.0,3.8000000000000114,420684.0,larger,thinning_30_75,15
44,21.799999999999955,6.400000000000006,771131.0,larger,thinning_30_75,15
45,10.799999999999983,3.9999999999999964,614804.0,larger,thinning_30_75,15
46,20.90000000000009,6.099999999999966,659700.0,larger,thinning_30_75,15
47,39.700000000000045,4.5,1023294.0,larger,thinning_30_75,15
48,22.899999999999977,7.400000000000006,686758.0,larger,thinning_30_75,15
49,27.199999999999818,15.100000000000023,794778.0,larger,thinning_30_75,15
50,35.299999999999955,13.0,885140.0,larger,thinning_30_75,15
51,17.799999999999955,3.8000000000000114,758355.0,larger,thinning_30_75,15
52,19.700000000000045,7.599999999999994,702906.0,larger,thinning_30_75,15
53,48.0,12.5,1025824.0,larger,thinning_30_75,15
54,46.200000000000045,10.399999999999977,1126238.0,larger,thinning_30_75,15
55,41.69999999999982,0.0999999999999659,1003010.0,larger,thinning_30_75,15
56,33.299999999999955,15.5,914930.0,larger,thinning_30_75,15
57,20.90000000000009,9.800000000000011,600272.0,larger,thinning_30_75,15
58,11.700000000000045,6.0,536491.0,larger,thinning_30_75,15
59,52.59999999999991,-33.200000000000045,1144928.0,larger,thinning_30_75,15
60,28.09999999999991,4.699999999999989,773582.0,larger,thinning_30_75,15
61,22.799999999999955,10.199999999999989,760471.0,larger,thinning_30_75,15
62,53.69999999999982,1.2000000000000455,1090004.0,larger,thinning_30_75,15
63,28.199999999999932,2.9000000000000057,818908.0,larger,thinning_30_75,15
64,16.899999999999977,7.299999999999997,581929.0,larger,thinning_30_75,15
65,33.299999999999955,17.80000000000001,856248.0,larger,thinning_30_75,15
66,37.5,5.199999999999989,894600.0,larger,thinning_30_75,15
67,11.5,6.099999999999994,531982.0,larger,thinning_30_75,15
68,22.5,6.5,795452.0,larger,thinning_30_75,15
69,22.199999999999932,8.299999999999983,751281.0,larger,thinning_30_75,15
70,68.5,11.299999999999955,1294120.0,larger,thinning_30_75,15
71,25.000000000000114,2.3999999999999915,662514.0,larger,thinning_30_75,15
72,17.799999999999955,7.799999999999983,656504.0,larger,thinning_30_75,15
73,30.5,6.699999999999932,827368.0,larger,thinning_30_75,15
74,32.799999999999955,5.100000000000023,889776.0,larger,thinning_30_75,15
75,53.69999999999982,19.200000000000045,1237090.0,larger,thinning_30_75,15
76,37.90000000000009,12.5,923174.0,larger,thinning_30_75,15
77,29.200000000000045,4.599999999999966,892597.0,larger,thinning_30_75,15
78,40.09999999999991,14.900000000000091,985968.0,larger,thinning_30_75,15
79,31.0,14.0,737346.0,larger,thinning_30_75,15
80,17.19999999999999,6.599999999999994,657932.0,larger,thinning_30_75,15
81,28.699999999999818,6.600000000000023,861348.0,larger,thinning_30_75,15
82,33.40000000000009,6.300000000000011,947012.0,larger,thinning_30_75,15
83,25.800000000000068,10.199999999999989,752646.0,larger,thinning_30_75,15
84,16.100000000000023,6.699999999999989,667447.0,larger,thinning_30_75,15
85,30.5,1.5,828456.0,larger,thinning_30_75,15
86,15.200000000000045,7.3999999999999915,673987.0,larger,thinning_30_75,15
87,23.799999999999955,-13.599999999999966,761885.0,larger,thinning_30_75,15
88,11.599999999999994,4.5,607586.0,larger,thinning_30_75,15
89,16.5,5.400000000000006,603941.0,larger,thinning_30_75,15
90,37.200000000000045,56.90000000000009,997226.0,larger,thinning_30_75,15
91,21.699999999999932,8.700000000000003,806977.0,larger,thinning_30_75,15
92,24.09999999999991,8.699999999999989,713019.0,larger,thinning_30_75,15
93,14.5,6.900000000000006,511645.0,larger,thinning_30_75,15
94,10.5,4.600000000000001,520576.0,larger,thinning_30_75,15
95,26.100000000000136,5.5,792168.0,larger,thinning_30_75,15
96,27.100000000000136,7.599999999999966,714786.0,larger,thinning_30_75,15
97,8.700000000000017,3.0,465756.0,larger,thinning_30_75,15
98,12.5,5.099999999999994,549896.0,larger,thinning_30_75,15
99,7.5,4.5,427965.0,larger,thinning_30_75,15
100,28.40000000000009,5.300000000000011,833320.0,larger,thinning_30_75,15
1,9.5,-2.0,395936.0,larger,thinning_65_90,16
2,20.90000000000009,2.1999999999999886,684652.0,larger,thinning_65_90,16
3,21.59999999999991,6.800000000000011,684650.0,larger,thinning_65_90,16
4,14.699999999999932,6.400000000000006,559493.0,larger,thinning_65_90,16
5,13.200000000000045,3.6000000000000227,471854.0,larger,thinning_65_90,16
6,23.799999999999955,7.599999999999909,706248.0,larger,thinning_65_90,16
7,25.100000000000136,8.0,651862.0,larger,thinning_65_90,16
8,19.0,7.099999999999966,582760.0,larger,thinning_65_90,16
9,14.600000000000023,7.0,568116.0,larger,thinning_65_90,16
10,15.799999999999955,6.699999999999989,572078.0,larger,thinning_65_90,16
11,31.200000000000045,0.5,880662.0,larger,thinning_65_90,16
12,24.5,1.8000000000000114,737066.0,larger,thinning_65_90,16
13,39.30000000000018,3.6999999999999886,923052.0,larger,thinning_65_90,16
14,38.5,9.600000000000136,876152.0,larger,thinning_65_90,16
15,15.900000000000091,9.300000000000011,556282.0,larger,thinning_65_90,16
16,12.5,8.900000000000006,482709.0,larger,thinning_65_90,16
17,11.799999999999955,3.8000000000000114,427145.0,larger,thinning_65_90,16
18,17.299999999999955,8.0,592935.0,larger,thinning_65_90,16
19,17.600000000000136,4.399999999999977,545454.0,larger,thinning_65_90,16
20,14.300000000000068,8.099999999999994,564543.0,larger,thinning_65_90,16
21,11.700000000000045,4.5,486642.0,larger,thinning_65_90,16
22,12.799999999999955,4.199999999999989,564386.0,larger,thinning_65_90,16
23,30.0,8.800000000000068,819768.0,larger,thinning_65_90,16
24,17.299999999999955,1.599999999999966,482034.0,larger,thinning_65_90,16
25,8.400000000000006,3.6000000000000014,492697.0,larger,thinning_65_90,16
26,26.59999999999991,9.899999999999977,720708.0,larger,thinning_65_90,16
27,18.09999999999991,4.399999999999977,623330.0,larger,thinning_65_90,16
28,19.700000000000045,5.800000000000011,669053.0,larger,thinning_65_90,16
29,15.100000000000023,4.799999999999983,477549.0,larger,thinning_65_90,16
30,50.80000000000018,4.300000000000182,1137540.0,larger,thinning_65_90,16
31,44.5,-11.600000000000136,927964.0,larger,thinning_65_90,16
32,30.200000000000045,2.5,739194.0,larger,thinning_65_90,16
33,10.799999999999955,2.3999999999999986,451658.0,larger,thinning_65_90,16
34,9.299999999999955,5.299999999999983,399033.0,larger,thinning_65_90,16
35,9.299999999999955,-16.09999999999991,448082.0,larger,thinning_65_90,16
36,14.899999999999977,4.5,638722.0,larger,thinning_65_90,16
37,28.40000000000009,7.199999999999932,775668.0,larger,thinning_65_90,16
38,33.700000000000045,13.200000000000045,852614.0,larger,thinning_65_90,16
39,20.299999999999955,10.200000000000045,623506.0,larger,thinning_65_90,16
40,10.0,4.300000000000011,446004.0,larger,thinning_65_90,16
41,21.59999999999991,5.099999999999966,630490.0,larger,thinning_65_90,16
42,17.600000000000023,4.300000000000011,623762.0,larger,thinning_65_90,16
43,8.700000000000045,4.0,296874.0,larger,thinning_65_90,16
44,15.700000000000045,7.0,603994.0,larger,thinning_65_90,16
45,6.0,2.6999999999999993,431150.0,larger,thinning_65_90,16
46,12.700000000000045,3.1999999999999886,452794.0,larger,thinning_65_90,16
47,26.700000000000045,3.900000000000034,770256.0,larger,thinning_65_90,16
48,18.399999999999977,6.0,579058.0,larger,thinning_65_90,16
49,20.09999999999991,11.900000000000091,629060.0,larger,thinning_65_90,16
50,25.5,9.0,712132.0,larger,thinning_65_90,16
51,13.0,2.1000000000000085,612232.0,larger,thinning_65_90,16
52,13.299999999999955,4.400000000000006,527906.0,larger,thinning_65_90,16
53,35.30000000000018,5.599999999999909,809100.0,larger,thinning_65_90,16
54,35.299999999999955,6.399999999999977,925378.0,larger,thinning_65_90,16
55,30.699999999999818,5.699999999999989,795862.0,larger,thinning_65_90,16
56,25.0,10.899999999999977,719038.0,larger,thinning_65_90,16
57,17.100000000000136,7.5,516374.0,larger,thinning_65_90,16
58,8.400000000000034,4.200000000000017,418705.0,larger,thinning_65_90,16
59,40.59999999999991,10.799999999999955,931604.0,larger,thinning_65_90,16
60,22.5,3.3999999999999773,645542.0,larger,thinning_65_90,16
61,18.899999999999977,9.299999999999983,667797.0,larger,thinning_65_90,16
62,39.5,-0.1999999999998181,865044.0,larger,thinning_65_90,16
63,24.699999999999932,-0.4000000000000057,735288.0,larger,thinning_65_90,16
64,10.200000000000045,4.099999999999994,391376.0,larger,thinning_65_90,16
65,26.5,15.900000000000034,709330.0,larger,thinning_65_90,16
66,27.0,7.5,690274.0,larger,thinning_65_90,16
67,8.400000000000034,2.4000000000000057,416212.0,larger,thinning_65_90,16
68,18.199999999999932,5.400000000000034,683137.0,larger,thinning_65_90,16
69,16.5,4.199999999999989,604990.0,larger,thinning_65_90,16
70,46.90000000000009,14.899999999999977,963576.0,larger,thinning_65_90,16
71,20.100000000000023,2.299999999999997,544732.0,larger,thinning_65_90,16
72,12.699999999999932,6.299999999999983,507905.0,larger,thinning_65_90,16
73,30.09999999999991,8.799999999999955,819512.0,larger,thinning_65_90,16
74,27.200000000000045,4.700000000000017,770110.0,larger,thinning_65_90,16
75,37.09999999999991,7.400000000000091,955358.0,larger,thinning_65_90,16
76,28.600000000000136,5.100000000000023,750798.0,larger,thinning_65_90,16
77,20.700000000000045,1.8000000000000114,688411.0,larger,thinning_65_90,16
78,33.399999999999864,13.0,861530.0,larger,thinning_65_90,16
79,26.199999999999818,10.400000000000091,638456.0,larger,thinning_65_90,16
80,13.5,5.3999999999999915,541917.0,larger,thinning_65_90,16
81,21.09999999999991,5.2000000000000455,706108.0,larger,thinning_65_90,16
82,24.799999999999955,2.3000000000000114,771470.0,larger,thinning_65_90,16
83,17.600000000000023,5.600000000000023,555554.0,larger,thinning_65_90,16
84,11.800000000000068,5.0,532146.0,larger,thinning_65_90,16
85,25.59999999999991,7.800000000000068,691302.0,larger,thinning_65_90,16
86,11.200000000000045,6.799999999999997,528007.0,larger,thinning_65_90,16
87,17.0,-16.399999999999977,603697.0,larger,thinning_65_90,16
88,8.200000000000017,2.8999999999999986,481091.0,larger,thinning_65_90,16
89,13.799999999999955,3.799999999999983,521483.0,larger,thinning_65_90,16
90,27.5,34.80000000000018,811842.0,larger,thinning_65_90,16
91,14.100000000000023,5.200000000000003,581609.0,larger,thinning_65_90,16
92,17.59999999999991,6.100000000000023,565349.0,larger,thinning_65_90,16
93,11.299999999999955,5.5,421869.0,larger,thinning_65_90,16
94,6.099999999999966,3.1999999999999957,337527.0,larger,thinning_65_90,16
95,18.800000000000182,6.100000000000023,618720.0,larger,thinning_65_90,16
96,22.100000000000136,7.399999999999977,610498.0,larger,thinning_65_90,16
97,7.200000000000017,2.700000000000003,412102.0,larger,thinning_65_90,16
98,8.399999999999977,4.300000000000011,413176.0,larger,thinning_65_90,16
99,4.199999999999989,3.299999999999997,287521.0,larger,thinning_65_90,16
100,20.299999999999955,2.5,631064.0,larger,thinning_65_90,16
1,2.2000000000000455,-2.9000000000000057,126552.0,larger,thinning_30_75,17
2,4.100000000000023,1.3000000000000114,198823.0,larger,thinning_30_75,17
3,4.599999999999909,-1.1999999999999886,206008.0,larger,thinning_30_75,17
4,1.3999999999999773,0.09999999999999432,96369.0,larger,thinning_30_75,17
5,1.8999999999999773,0.6000000000000227,99059.0,larger,thinning_30_75,17
6,4.099999999999909,4.099999999999909,202648.0,larger,thinning_30_75,17
7,4.0,3.6000000000000227,156650.0,larger,thinning_30_75,17
8,2.8999999999998636,1.7999999999999545,125166.0,larger,thinning_30_75,17
9,1.900000000000091,1.3000000000000114,114792.0,larger,thinning_30_75,17
10,2.0,3.5999999999999943,112722.0,larger,thinning_30_75,17
11,4.7000000000000455,-9.400000000000034,268866.0,larger,thinning_30_75,17
12,3.400000000000091,1.8000000000000114,185928.0,larger,thinning_30_75,17
13,9.599999999999909,2.5,359788.0,larger,thinning_30_75,17
14,7.0,2.800000000000182,295552.0,larger,thinning_30_75,17
15,1.3000000000000682,1.5,72387.0,larger,thinning_30_75,17
16,1.3000000000000114,1.7999999999999972,73113.0,larger,thinning_30_75,17
17,2.199999999999932,1.1000000000000227,103186.0,larger,thinning_30_75,17
18,2.6000000000000227,1.3999999999999773,146800.0,larger,thinning_30_75,17
19,2.7000000000000455,1.3000000000000114,136346.0,larger,thinning_30_75,17
20,1.3999999999999773,1.0999999999999943,93139.0,larger,thinning_30_75,17
21,1.7000000000000455,1.2000000000000028,99223.0,larger,thinning_30_75,17
22,1.5,0.09999999999999432,121021.0,larger,thinning_30_75,17
23,6.600000000000136,4.800000000000068,314984.0,larger,thinning_30_75,17
24,3.099999999999909,0.8999999999999773,126466.0,larger,thinning_30_75,17
25,0.5,0.20000000000000284,61352.0,larger,thinning_30_75,17
26,6.2000000000000455,2.2000000000000455,251530.0,larger,thinning_30_75,17
27,2.8999999999998636,-6.400000000000034,154800.0,larger,thinning_30_75,17
28,3.5,1.700000000000017,168207.0,larger,thinning_30_75,17
29,1.900000000000091,1.0,93679.0,larger,thinning_30_75,17
30,12.099999999999909,4.400000000000091,433112.0,larger,thinning_30_75,17
31,8.699999999999818,2.7999999999999545,322784.0,larger,thinning_30_75,17
32,4.100000000000136,1.7999999999999545,163610.0,larger,thinning_30_75,17
33,0.8999999999999773,0.5,50638.0,larger,thinning_30_75,17
34,0.8999999999999773,0.799999999999983,58215.0,larger,thinning_30_75,17
35,0.8999999999999773,-18.999999999999943,117371.0,larger,thinning_30_75,17
36,1.6000000000000227,0.4000000000000057,125383.0,larger,thinning_30_75,17
37,4.599999999999909,1.7999999999999545,257400.0,larger,thinning_30_75,17
38,4.7000000000000455,-2.5,212262.0,larger,thinning_30_75,17
39,2.099999999999909,1.3000000000000114,118893.0,larger,thinning_30_75,17
40,2.2999999999999545,1.3000000000000114,120378.0,larger,thinning_30_75,17
41,5.2999999999999545,5.2999999999999545,241930.0,larger,thinning_30_75,17
42,2.5,0.5999999999999943,139051.0,larger,thinning_30_75,17
43,1.3000000000000682,1.3000000000000114,52729.0,larger,thinning_30_75,17
44,2.0,1.4000000000000057,146315.0,larger,thinning_30_75,17
45,0.799999999999983,1.0,76055.0,larger,thinning_30_75,17
46,2.599999999999909,1.6999999999999886,130618.0,larger,thinning_30_75,17
47,5.599999999999909,-1.3999999999999773,258066.0,larger,thinning_30_75,17
48,2.7000000000000455,2.8000000000000114,122195.0,larger,thinning_30_75,17
49,3.8999999999998636,6.800000000000068,182602.0,larger,thinning_30_75,17
50,4.699999999999818,2.8999999999998636,203474.0,larger,thinning_30_75,17
51,1.1999999999999886,-1.6999999999999886,90433.0,larger,thinning_30_75,17
52,1.5,1.6999999999999886,106877.0,larger,thinning_30_75,17
53,6.599999999999909,-0.40000000000009095,289900.0,larger,thinning_30_75,17
54,6.100000000000136,-4.399999999999977,291154.0,larger,thinning_30_75,17
55,5.5,0.39999999999997726,259366.0,larger,thinning_30_75,17
56,3.0,2.1000000000000227,157754.0,larger,thinning_30_75,17
57,2.300000000000068,2.3000000000000114,111592.0,larger,thinning_30_75,17
58,0.5,0.6000000000000227,40021.0,larger,thinning_30_75,17
59,10.400000000000091,5.599999999999909,351764.0,larger,thinning_30_75,17
60,3.2999999999999545,2.6999999999999886,151656.0,larger,thinning_30_75,17
61,1.8999999999999773,3.0999999999999943,118356.0,larger,thinning_30_75,17
62,8.199999999999818,-15.399999999999864,324100.0,larger,thinning_30_75,17
63,3.7999999999999545,-1.0999999999999943,185877.0,larger,thinning_30_75,17
64,0.7000000000000455,0.7000000000000028,42731.0,larger,thinning_30_75,17
65,4.7999999999999545,5.900000000000034,219420.0,larger,thinning_30_75,17
66,5.400000000000091,2.1999999999999886,228226.0,larger,thinning_30_75,17
67,0.4000000000000341,0.4000000000000057,32222.0,larger,thinning_30_75,17
68,1.6000000000000227,0.8000000000000114,152944.0,larger,thinning_30_75,17
69,1.6000000000000227,0.799999999999983,105488.0,larger,thinning_30_75,17
70,10.599999999999909,-0.8000000000000682,356612.0,larger,thinning_30_75,17
71,2.7000000000000455,0.09999999999999432,111700.0,larger,thinning_30_75,17
72,1.6999999999999318,1.0999999999999943,112629.0,larger,thinning_30_75,17
73,3.699999999999818,4.399999999999977,235086.0,larger,thinning_30_75,17
74,3.7000000000000455,1.0,200228.0,larger,thinning_30_75,17
75,8.0,1.8000000000000682,355718.0,larger,thinning_30_75,17
76,5.0,1.8999999999999773,228810.0,larger,thinning_30_75,17
77,2.800000000000068,-3.6000000000000227,176615.0,larger,thinning_30_75,17
78,5.5,-2.699999999999932,251036.0,larger,thinning_30_75,17
79,3.3999999999998636,1.400000000000091,136378.0,larger,thinning_30_75,17
80,1.099999999999966,0.0,70477.0,larger,thinning_30_75,17
81,3.199999999999818,1.7000000000000455,171770.0,larger,thinning_30_75,17
82,4.7999999999999545,1.8000000000000114,248446.0,larger,thinning_30_75,17
83,2.6000000000000227,2.1000000000000227,126769.0,larger,thinning_30_75,17
84,1.2000000000000455,1.3000000000000114,80713.0,larger,thinning_30_75,17
85,4.2000000000000455,2.300000000000068,207768.0,larger,thinning_30_75,17
86,0.9000000000000341,0.8999999999999915,86756.0,larger,thinning_30_75,17
87,2.8999999999999773,2.3000000000000114,158325.0,larger,thinning_30_75,17
88,0.5999999999999943,0.8999999999999986,57084.0,larger,thinning_30_75,17
89,2.2999999999999545,2.5999999999999943,130556.0,larger,thinning_30_75,17
90,5.099999999999909,11.400000000000091,265836.0,larger,thinning_30_75,17
91,1.6999999999999886,0.6000000000000085,129761.0,larger,thinning_30_75,17
92,2.8999999999999773,1.900000000000034,136025.0,larger,thinning_30_75,17
93,1.1000000000000227,1.0999999999999943,60612.0,larger,thinning_30_75,17
94,0.39999999999997726,0.30000000000000426,29195.0,larger,thinning_30_75,17
95,4.300000000000182,3.1000000000000227,194338.0,larger,thinning_30_75,17
96,3.5,4.099999999999966,162292.0,larger,thinning_30_75,17
97,0.700000000000017,0.7000000000000028,55440.0,larger,thinning_30_75,17
98,0.7999999999999545,0.8000000000000114,50393.0,larger,thinning_30_75,17
99,0.30000000000001137,1.6000000000000014,17283.0,larger,thinning_30_75,17
100,3.5,2.8000000000000114,186182.0,larger,thinning_30_75,17
1,1.8000000000000682,-2.200000000000003,109208.0,larger,thinning_65_90,18
2,3.1000000000000227,1.099999999999966,149461.0,larger,thinning_65_90,18
3,2.8999999999998636,1.1999999999999886,129822.0,larger,thinning_65_90,18
4,0.7999999999999545,0.5,51016.0,larger,thinning_65_90,18
5,1.0,0.9000000000000057,42805.0,larger,thinning_65_90,18
6,3.199999999999818,4.599999999999909,160794.0,larger,thinning_65_90,18
7,3.400000000000091,3.300000000000068,126362.0,larger,thinning_65_90,18
8,2.5,3.7999999999999545,101798.0,larger,thinning_65_90,18
9,1.1000000000000227,0.9000000000000341,69605.0,larger,thinning_65_90,18
10,1.3999999999999773,2.4000000000000057,79369.0,larger,thinning_65_90,18
11,4.599999999999909,-8.700000000000045,257092.0,larger,thinning_65_90,18
12,2.0,0.10000000000002274,120274.0,larger,thinning_65_90,18
13,7.400000000000091,1.099999999999966,281692.0,larger,thinning_65_90,18
14,4.900000000000091,2.800000000000182,220880.0,larger,thinning_65_90,18
15,0.8000000000000682,0.8000000000000114,44071.0,larger,thinning_65_90,18
16,1.1000000000000227,1.5,59157.0,larger,thinning_65_90,18
17,1.2999999999999545,0.30000000000001137,64199.0,larger,thinning_65_90,18
18,1.8999999999999773,1.8999999999999773,105864.0,larger,thinning_65_90,18
19,2.2000000000000455,1.1000000000000227,111510.0,larger,thinning_65_90,18
20,0.8999999999999773,0.5999999999999943,57381.0,larger,thinning_65_90,18
21,1.0,1.2000000000000028,60214.0,larger,thinning_65_90,18
22,1.1999999999999886,0.30000000000001137,95578.0,larger,thinning_65_90,18
23,4.5,3.0,226428.0,larger,thinning_65_90,18
24,1.7000000000000455,0.8999999999999773,64862.0,larger,thinning_65_90,18
25,0.30000000000001137,0.10000000000000142,46884.0,larger,thinning_65_90,18
26,4.2000000000000455,0.7999999999999545,180628.0,larger,thinning_65_90,18
27,1.7999999999999545,-8.199999999999989,87196.0,larger,thinning_65_90,18
28,2.800000000000068,1.4000000000000057,132430.0,larger,thinning_65_90,18
29,1.6000000000000227,0.39999999999997726,77934.0,larger,thinning_65_90,18
30,10.099999999999909,6.100000000000364,379452.0,larger,thinning_65_90,18
31,6.5,2.0,251076.0,larger,thinning_65_90,18
32,3.400000000000091,-0.20000000000004547,133614.0,larger,thinning_65_90,18
33,0.7999999999999545,0.5,42114.0,larger,thinning_65_90,18
34,0.599999999999909,0.19999999999998863,31965.0,larger,thinning_65_90,18
35,0.2999999999999545,-19.099999999999966,82675.0,larger,thinning_65_90,18
36,1.3000000000000682,0.09999999999999432,105537.0,larger,thinning_65_90,18
37,3.300000000000182,2.599999999999909,203852.0,larger,thinning_65_90,18
38,3.7000000000000455,-1.2999999999999545,170314.0,larger,thinning_65_90,18
39,1.7999999999999545,1.3000000000000114,101706.0,larger,thinning_65_90,18
40,1.6999999999999318,1.1000000000000227,89778.0,larger,thinning_65_90,18
41,3.0,4.699999999999989,139234.0,larger,thinning_65_90,18
42,1.8000000000000682,-3.5,102754.0,larger,thinning_65_90,18
43,0.8000000000000682,0.5,34273.0,larger,thinning_65_90,18
44,1.5,0.9000000000000057,108454.0,larger,thinning_65_90,18
45,0.39999999999997726,0.5,44180.0,larger,thinning_65_90,18
46,1.2000000000000455,-0.8000000000000114,61134.0,larger,thinning_65_90,18
47,4.399999999999864,-2.1999999999999886,221842.0,larger,thinning_65_90,18
48,1.6000000000000227,0.700000000000017,74668.0,larger,thinning_65_90,18
49,2.599999999999909,1.0,121292.0,larger,thinning_65_90,18
50,3.599999999999909,2.7000000000000455,156596.0,larger,thinning_65_90,18
51,0.7999999999999545,-1.8999999999999915,66670.0,larger,thinning_65_90,18
52,1.1000000000000227,1.0999999999999943,67943.0,larger,thinning_65_90,18
53,5.400000000000091,-0.7000000000000455,238400.0,larger,thinning_65_90,18
54,4.900000000000091,-2.0,237330.0,larger,thinning_65_90,18
55,3.7999999999999545,0.8000000000000114,179646.0,larger,thinning_65_90,18
56,1.7999999999999545,1.0,94134.0,larger,thinning_65_90,18
57,2.0,1.1000000000000227,93392.0,larger,thinning_65_90,18
58,0.20000000000004547,0.5,25481.0,larger,thinning_65_90,18
59,7.800000000000182,2.199999999999818,289624.0,larger,thinning_65_90,18
60,2.5,2.6000000000000227,114134.0,larger,thinning_65_90,18
61,1.6999999999999318,2.299999999999983,101083.0,larger,thinning_65_90,18
62,5.799999999999727,2.0,247500.0,larger,thinning_65_90,18
63,3.0,0.20000000000001705,148062.0,larger,thinning_65_90,18
64,0.2999999999999545,0.3999999999999915,16397.0,larger,thinning_65_90,18
65,3.2999999999999545,4.600000000000023,150596.0,larger,thinning_65_90,18
66,4.2000000000000455,1.7999999999999545,184348.0,larger,thinning_65_90,18
67,0.10000000000002274,0.20000000000000284,12060.0,larger,thinning_65_90,18
68,1.5,0.9000000000000341,133348.0,larger,thinning_65_90,18
69,1.0,0.799999999999983,65078.0,larger,thinning_65_90,18
70,8.0,-1.8999999999999773,279932.0,larger,thinning_65_90,18
71,2.2000000000000455,0.5999999999999943,85278.0,larger,thinning_65_90,18
72,1.0,1.299999999999983,65626.0,larger,thinning_65_90,18
73,3.7999999999999545,3.699999999999932,227236.0,larger,thinning_65_90,18
74,2.900000000000091,0.4000000000000057,159282.0,larger,thinning_65_90,18
75,6.099999999999909,1.0,280930.0,larger,thinning_65_90,18
76,3.800000000000182,2.5,180018.0,larger,thinning_65_90,18
77,1.7000000000000455,0.8000000000000114,107293.0,larger,thinning_65_90,18
78,4.5,-3.2999999999999545,218060.0,larger,thinning_65_90,18
79,2.7999999999999545,0.6000000000000227,119458.0,larger,thinning_65_90,18
80,1.0,0.29999999999999716,63432.0,larger,thinning_65_90,18
81,2.599999999999909,0.3000000000000682,136772.0,larger,thinning_65_90,18
82,3.5,1.1000000000000227,186960.0,larger,thinning_65_90,18
83,1.5,-1.8999999999999773,76298.0,larger,thinning_65_90,18
84,0.900000000000091,0.5999999999999943,56442.0,larger,thinning_65_90,18
85,3.2999999999999545,2.0,167818.0,larger,thinning_65_90,18
86,0.7000000000000455,0.7999999999999972,55772.0,larger,thinning_65_90,18
87,1.8999999999999773,1.5,111689.0,larger,thinning_65_90,18
88,0.4000000000000057,0.6000000000000014,36470.0,larger,thinning_65_90,18
89,2.0,2.299999999999983,107974.0,larger,thinning_65_90,18
90,4.5,7.300000000000182,229824.0,larger,thinning_65_90,18
91,1.099999999999966,0.20000000000000284,79050.0,larger,thinning_65_90,18
92,2.099999999999909,1.0,98912.0,larger,thinning_65_90,18
93,0.8999999999999773,1.0,47780.0,larger,thinning_65_90,18
94,0.19999999999998863,-0.19999999999999574,15437.0,larger,thinning_65_90,18
95,2.900000000000091,1.3999999999999773,132306.0,larger,thinning_65_90,18
96,2.900000000000091,4.300000000000011,130636.0,larger,thinning_65_90,18
97,0.6000000000000227,0.5,49978.0,larger,thinning_65_90,18
98,0.5,0.19999999999998863,29558.0,larger,thinning_65_90,18
99,0.30000000000001137,1.6000000000000014,11966.0,larger,thinning_65_90,18
100,2.5,1.1999999999999886,123550.0,larger,thinning_65_90,18
1,0.8000000000000682,0.7999999999999972,50468.0,larger,thinning_30_75,19
2,1.6000000000000227,0.5,88693.0,larger,thinning_30_75,19
3,2.0,1.599999999999966,98462.0,larger,thinning_30_75,19
4,0.7999999999999545,0.09999999999999432,58653.0,larger,thinning_30_75,19
5,0.8999999999999773,0.700000000000017,55569.0,larger,thinning_30_75,19
6,1.599999999999909,2.8999999999999773,94472.0,larger,thinning_30_75,19
7,2.300000000000182,3.7000000000000455,86322.0,larger,thinning_30_75,19
8,1.599999999999909,0.8999999999999773,71146.0,larger,thinning_30_75,19
9,1.0,0.7000000000000455,64794.0,larger,thinning_30_75,19
10,1.0,1.0999999999999943,62898.0,larger,thinning_30_75,19
11,2.0,-1.7000000000000455,119780.0,larger,thinning_30_75,19
12,1.7999999999999545,-0.19999999999998863,97536.0,larger,thinning_30_75,19
13,4.2999999999999545,1.099999999999966,166548.0,larger,thinning_30_75,19
14,3.900000000000091,-0.1999999999998181,160192.0,larger,thinning_30_75,19
15,0.8000000000000682,1.0,57602.0,larger,thinning_30_75,19
16,0.8000000000000114,1.0,50022.0,larger,thinning_30_75,19
17,0.8999999999999773,0.5,56487.0,larger,thinning_30_75,19
18,1.1000000000000227,0.799999999999983,72040.0,larger,thinning_30_75,19
19,1.2000000000000455,0.30000000000001137,66884.0,larger,thinning_30_75,19
20,0.8999999999999773,0.799999999999983,55679.0,larger,thinning_30_75,19
21,0.7000000000000455,0.5,52067.0,larger,thinning_30_75,19
22,0.5999999999999659,0.19999999999998863,57293.0,larger,thinning_30_75,19
23,2.7000000000000455,1.5,134686.0,larger,thinning_30_75,19
24,1.599999999999909,1.0,73874.0,larger,thinning_30_75,19
25,0.30000000000001137,0.10000000000000142,43459.0,larger,thinning_30_75,19
26,2.8999999999998636,2.6000000000000227,115662.0,larger,thinning_30_75,19
27,1.5,-7.0,86158.0,larger,thinning_30_75,19
28,1.8999999999999773,1.0,90140.0,larger,thinning_30_75,19
29,0.900000000000091,-0.4000000000000057,57148.0,larger,thinning_30_75,19
30,6.200000000000273,2.0,206676.0,larger,thinning_30_75,19
31,4.699999999999818,2.2000000000000455,168100.0,larger,thinning_30_75,19
32,2.7000000000000455,0.2999999999999545,107976.0,larger,thinning_30_75,19
33,0.5999999999999659,0.29999999999999716,44320.0,larger,thinning_30_75,19
34,0.5,0.29999999999998295,40556.0,larger,thinning_30_75,19
35,-0.2999999999999545,-18.799999999999955,53991.0,larger,thinning_30_75,19
36,0.8000000000000682,1.0,62850.0,larger,thinning_30_75,19
37,2.099999999999909,0.6999999999999318,114128.0,larger,thinning_30_75,19
38,2.400000000000091,-1.5,113818.0,larger,thinning_30_75,19
39,0.8999999999999773,0.5,66325.0,larger,thinning_30_75,19
40,0.8999999999999773,0.8999999999999773,56700.0,larger,thinning_30_75,19
41,2.599999999999909,4.399999999999977,121888.0,larger,thinning_30_75,19
42,1.2000000000000455,-4.300000000000011,76647.0,larger,thinning_30_75,19
43,0.8000000000000682,1.0999999999999943,41221.0,larger,thinning_30_75,19
44,1.0,0.19999999999998863,74472.0,larger,thinning_30_75,19
45,0.39999999999997726,0.3000000000000007,46122.0,larger,thinning_30_75,19
46,1.400000000000091,-0.4000000000000341,66762.0,larger,thinning_30_75,19
47,2.2000000000000455,-2.0,118456.0,larger,thinning_30_75,19
48,1.3000000000000682,0.4000000000000057,73665.0,larger,thinning_30_75,19
49,1.599999999999909,4.0,90646.0,larger,thinning_30_75,19
50,2.2999999999999545,1.3999999999998636,107680.0,larger,thinning_30_75,19
51,0.5999999999999659,0.5,58111.0,larger,thinning_30_75,19
52,0.8999999999999773,1.0999999999999943,59967.0,larger,thinning_30_75,19
53,3.400000000000091,1.8999999999998636,140580.0,larger,thinning_30_75,19
54,3.1000000000001364,0.6999999999999318,144800.0,larger,thinning_30_75,19
55,2.7999999999999545,-0.19999999999998863,133980.0,larger,thinning_30_75,19
56,1.599999999999909,1.6000000000000227,89946.0,larger,thinning_30_75,19
57,1.1000000000000227,0.8000000000000114,62980.0,larger,thinning_30_75,19
58,0.4000000000000341,0.5,40409.0,larger,thinning_30_75,19
59,5.800000000000182,15.799999999999955,184032.0,larger,thinning_30_75,19
60,1.7000000000000455,0.5,85358.0,larger,thinning_30_75,19
61,1.0,2.4000000000000057,64632.0,larger,thinning_30_75,19
62,4.400000000000091,0.8000000000001819,162564.0,larger,thinning_30_75,19
63,1.8999999999999773,0.20000000000001705,97719.0,larger,thinning_30_75,19
64,0.7000000000000455,0.3999999999999915,45299.0,larger,thinning_30_75,19
65,1.8999999999998636,3.1000000000000227,103012.0,larger,thinning_30_75,19
66,2.400000000000091,1.6999999999999886,114634.0,larger,thinning_30_75,19
67,0.4000000000000341,0.09999999999999432,38982.0,larger,thinning_30_75,19
68,0.6999999999999318,1.1000000000000227,71776.0,larger,thinning_30_75,19
69,0.8999999999999773,0.5999999999999943,63830.0,larger,thinning_30_75,19
70,5.700000000000273,1.7999999999999545,174960.0,larger,thinning_30_75,19
71,1.6000000000000227,0.0,77794.0,larger,thinning_30_75,19
72,1.0,0.6999999999999886,66676.0,larger,thinning_30_75,19
73,1.199999999999818,2.0,99590.0,larger,thinning_30_75,19
74,1.7999999999999545,0.5,103802.0,larger,thinning_30_75,19
75,4.199999999999818,1.400000000000091,181704.0,larger,thinning_30_75,19
76,2.6000000000001364,2.0,119476.0,larger,thinning_30_75,19
77,1.400000000000091,0.8000000000000114,95465.0,larger,thinning_30_75,19
78,2.599999999999909,2.900000000000091,118606.0,larger,thinning_30_75,19
79,2.099999999999909,-0.599999999999909,88998.0,larger,thinning_30_75,19
80,0.7999999999999545,0.5,55561.0,larger,thinning_30_75,19
81,1.599999999999909,1.2000000000000455,89660.0,larger,thinning_30_75,19
82,2.2000000000000455,-0.19999999999998863,119438.0,larger,thinning_30_75,19
83,1.3000000000000682,0.4000000000000341,76725.0,larger,thinning_30_75,19
84,0.7000000000000455,0.8000000000000114,53243.0,larger,thinning_30_75,19
85,1.599999999999909,0.7000000000000455,97350.0,larger,thinning_30_75,19
86,0.5,0.6999999999999886,54724.0,larger,thinning_30_75,19
87,1.3999999999999773,1.0,75840.0,larger,thinning_30_75,19
88,0.30000000000001137,0.30000000000000426,40976.0,larger,thinning_30_75,19
89,1.0,2.5,65102.0,larger,thinning_30_75,19
90,2.099999999999909,11.300000000000182,120090.0,larger,thinning_30_75,19
91,1.0,0.10000000000000853,72530.0,larger,thinning_30_75,19
92,1.2999999999999545,0.8000000000000114,71865.0,larger,thinning_30_75,19
93,0.7000000000000455,0.6999999999999886,45063.0,larger,thinning_30_75,19
94,0.30000000000001137,0.30000000000000426,28800.0,larger,thinning_30_75,19
95,1.800000000000182,3.8999999999999773,87168.0,larger,thinning_30_75,19
96,1.7000000000000455,3.3999999999999773,85248.0,larger,thinning_30_75,19
97,0.30000000000001137,0.5,40600.0,larger,thinning_30_75,19
98,0.5,0.5,37684.0,larger,thinning_30_75,19
99,0.30000000000001137,1.5,19402.0,larger,thinning_30_75,19
100,1.3999999999999773,-1.3000000000000114,78556.0,larger,thinning_30_75,19
1,0.7000000000000455,1.5,43426.0,larger,thinning_65_90,20
2,1.2000000000000455,-0.30000000000001137,66389.0,larger,thinning_65_90,20
3,1.099999999999909,1.1999999999999886,61742.0,larger,thinning_65_90,20
4,0.39999999999997726,0.19999999999998863,33934.0,larger,thinning_65_90,20
5,0.6000000000000227,-1.1999999999999886,25020.0,larger,thinning_65_90,20
6,1.3999999999998636,2.699999999999932,74412.0,larger,thinning_65_90,20
7,1.6000000000001364,3.0,67640.0,larger,thinning_65_90,20
8,1.199999999999818,-1.400000000000034,56118.0,larger,thinning_65_90,20
9,0.7000000000000455,0.4000000000000341,45098.0,larger,thinning_65_90,20
10,0.7999999999999545,-1.3000000000000114,45319.0,larger,thinning_65_90,20
11,1.900000000000091,-1.7000000000000455,110488.0,larger,thinning_65_90,20
12,1.099999999999909,0.30000000000001137,68072.0,larger,thinning_65_90,20
13,2.7000000000000455,-0.6999999999999886,117756.0,larger,thinning_65_90,20
14,2.400000000000091,-0.599999999999909,109076.0,larger,thinning_65_90,20
15,0.6000000000000227,0.700000000000017,46160.0,larger,thinning_65_90,20
16,0.6999999999999886,0.8999999999999915,42740.0,larger,thinning_65_90,20
17,0.6999999999999318,-0.0999999999999659,40580.0,larger,thinning_65_90,20
18,0.8999999999999773,1.0999999999999943,52596.0,larger,thinning_65_90,20
19,1.0,1.1000000000000227,54172.0,larger,thinning_65_90,20
20,0.7000000000000455,0.5999999999999943,38754.0,larger,thinning_65_90,20
21,0.5,0.5999999999999943,36928.0,larger,thinning_65_90,20
22,0.5,-0.4000000000000057,44272.0,larger,thinning_65_90,20
23,1.7999999999999545,2.5,93210.0,larger,thinning_65_90,20
24,0.900000000000091,0.5,41936.0,larger,thinning_65_90,20
25,0.20000000000001705,0.0,33164.0,larger,thinning_65_90,20
26,1.5,1.7999999999999545,77424.0,larger,thinning_65_90,20
27,0.8999999999998636,-6.600000000000023,50178.0,larger,thinning_65_90,20
28,1.7000000000000455,1.1000000000000227,66823.0,larger,thinning_65_90,20
29,0.7000000000000455,-0.8000000000000114,42680.0,larger,thinning_65_90,20
30,4.400000000000091,1.0,169464.0,larger,thinning_65_90,20
31,3.5,2.5,131764.0,larger,thinning_65_90,20
32,2.300000000000182,0.2999999999999545,92528.0,larger,thinning_65_90,20
33,0.5999999999999659,0.19999999999999574,39280.0,larger,thinning_65_90,20
34,0.2999999999999545,0.19999999999998863,29850.0,larger,thinning_65_90,20
35,-0.5,-18.899999999999977,38355.0,larger,thinning_65_90,20
36,0.7000000000000455,0.8000000000000114,51144.0,larger,thinning_65_90,20
37,1.400000000000091,-0.10000000000002274,84888.0,larger,thinning_65_90,20
38,1.7999999999999545,1.3999999999999773,91480.0,larger,thinning_65_90,20
39,0.6999999999999318,0.30000000000001137,57488.0,larger,thinning_65_90,20
40,0.6999999999999318,0.8999999999999773,42078.0,larger,thinning_65_90,20
41,1.2999999999999545,0.6999999999999886,70102.0,larger,thinning_65_90,20
42,0.900000000000091,0.0,59457.0,larger,thinning_65_90,20
43,0.6000000000000227,0.9000000000000057,29686.0,larger,thinning_65_90,20
44,0.7000000000000455,2.5,54551.0,larger,thinning_65_90,20
45,0.29999999999998295,0.1999999999999993,30562.0,larger,thinning_65_90,20
46,0.599999999999909,0.39999999999997726,35460.0,larger,thinning_65_90,20
47,2.0,-2.2999999999999545,93864.0,larger,thinning_65_90,20
48,0.8999999999999773,0.5999999999999943,49441.0,larger,thinning_65_90,20
49,1.099999999999909,2.400000000000091,62612.0,larger,thinning_65_90,20
50,1.599999999999909,1.2999999999999545,78018.0,larger,thinning_65_90,20
51,0.39999999999997726,0.4000000000000057,42826.0,larger,thinning_65_90,20
52,0.6000000000000227,0.4000000000000057,41335.0,larger,thinning_65_90,20
53,2.599999999999909,-0.8000000000001819,108172.0,larger,thinning_65_90,20
54,2.2999999999999545,0.6000000000000227,116056.0,larger,thinning_65_90,20
55,2.0,1.8999999999999773,98354.0,larger,thinning_65_90,20
56,1.099999999999909,1.1999999999999886,63724.0,larger,thinning_65_90,20
57,0.900000000000091,0.0,54184.0,larger,thinning_65_90,20
58,0.30000000000001137,0.30000000000001137,30985.0,larger,thinning_65_90,20
59,4.300000000000182,0.09999999999990905,148200.0,larger,thinning_65_90,20
60,1.400000000000091,0.5,69778.0,larger,thinning_65_90,20
61,0.8999999999999773,0.799999999999983,59136.0,larger,thinning_65_90,20
62,2.900000000000091,-17.399999999999864,120152.0,larger,thinning_65_90,20
63,1.5,-0.09999999999999432,82316.0,larger,thinning_65_90,20
64,0.39999999999997726,0.29999999999999716,27944.0,larger,thinning_65_90,20
65,1.699999999999818,2.1000000000000227,74984.0,larger,thinning_65_90,20
66,2.0,1.7999999999999545,85608.0,larger,thinning_65_90,20
67,0.19999999999998863,-2.0,27537.0,larger,thinning_65_90,20
68,0.6000000000000227,1.1000000000000227,62736.0,larger,thinning_65_90,20
69,0.6000000000000227,0.29999999999998295,45087.0,larger,thinning_65_90,20
70,3.599999999999909,1.1000000000000227,123124.0,larger,thinning_65_90,20
71,1.2000000000000455,0.29999999999999716,58428.0,larger,thinning_65_90,20
72,0.599999999999909,1.4000000000000057,46994.0,larger,thinning_65_90,20
73,1.3999999999998636,1.099999999999909,96204.0,larger,thinning_65_90,20
74,1.5,0.20000000000001705,84798.0,larger,thinning_65_90,20
75,2.799999999999727,2.1000000000000227,133974.0,larger,thinning_65_90,20
76,2.0,1.2000000000000455,92664.0,larger,thinning_65_90,20
77,0.900000000000091,0.8000000000000114,62630.0,larger,thinning_65_90,20
78,2.099999999999909,-0.1999999999999318,101572.0,larger,thinning_65_90,20
79,1.7999999999999545,0.0,77762.0,larger,thinning_65_90,20
80,0.6999999999999886,0.5,49214.0,larger,thinning_65_90,20
81,1.199999999999818,0.6000000000000227,73364.0,larger,thinning_65_90,20
82,1.5,0.6999999999999886,89162.0,larger,thinning_65_90,20
83,0.900000000000091,1.0,52363.0,larger,thinning_65_90,20
84,0.6000000000000227,0.5,41383.0,larger,thinning_65_90,20
85,1.2999999999999545,0.5,79672.0,larger,thinning_65_90,20
86,0.4000000000000341,0.5,43862.0,larger,thinning_65_90,20
87,1.0,1.0,56872.0,larger,thinning_65_90,20
88,0.20000000000001705,0.5,27685.0,larger,thinning_65_90,20
89,0.7999999999999545,2.299999999999983,53523.0,larger,thinning_65_90,20
90,1.8999999999998636,4.900000000000091,99810.0,larger,thinning_65_90,20
91,0.6999999999999886,0.0,46892.0,larger,thinning_65_90,20
92,0.8999999999999773,0.8000000000000114,50957.0,larger,thinning_65_90,20
93,0.6000000000000227,0.6999999999999886,35044.0,larger,thinning_65_90,20
94,0.19999999999998863,0.20000000000000284,17682.0,larger,thinning_65_90,20
95,1.1000000000001364,0.10000000000002274,58936.0,larger,thinning_65_90,20
96,1.2999999999999545,3.3999999999999773,65598.0,larger,thinning_65_90,20
97,0.30000000000001137,0.5,35449.0,larger,thinning_65_90,20
98,0.39999999999997726,0.5,26880.0,larger,thinning_65_90,20
99,0.30000000000001137,1.5,13416.0,larger,thinning_65_90,20
100,0.8999999999999773,1.3999999999999773,53072.0,larger,thinning_65_90,20
1,22.700000000000045,-1.5999999999999943,678834.0,larger,thinning_30_75,21
2,48.90000000000009,-31.100000000000023,1177344.0,larger,thinning_30_75,21
3,57.899999999999864,-29.80000000000001,1274694.0,larger,thinning_30_75,21
4,34.5,-5.800000000000011,845364.0,larger,thinning_30_75,21
5,34.39999999999998,-13.799999999999983,835362.0,larger,thinning_30_75,21
6,52.799999999999955,-92.70000000000005,1215932.0,larger,thinning_30_75,21
7,51.80000000000018,38.0,1065094.0,larger,thinning_30_75,21
8,41.09999999999991,6.599999999999966,970172.0,larger,thinning_30_75,21
9,25.200000000000045,3.0,725586.0,larger,thinning_30_75,21
10,33.89999999999998,0.09999999999999432,862313.0,larger,thinning_30_75,21
11,60.09999999999991,18.100000000000023,1388478.0,larger,thinning_30_75,21
12,49.09999999999991,-19.299999999999955,1094068.0,larger,thinning_30_75,21
13,110.59999999999991,46.99999999999994,2020724.0,larger,thinning_30_75,21
14,104.90000000000009,26.100000000000136,1923872.0,larger,thinning_30_75,21
15,28.5,-17.799999999999983,698585.0,larger,thinning_30_75,21
16,21.69999999999999,0.7999999999999972,587745.0,larger,thinning_30_75,21
17,26.0,13.200000000000045,638596.0,larger,thinning_30_75,21
18,40.10000000000002,8.099999999999994,973184.0,larger,thinning_30_75,21
19,37.80000000000018,-1.6000000000000227,885586.0,larger,thinning_30_75,21
20,26.200000000000045,-14.800000000000011,748385.0,larger,thinning_30_75,21
21,23.900000000000034,8.5,674784.0,larger,thinning_30_75,21
22,23.899999999999977,2.0,745962.0,larger,thinning_30_75,21
23,78.20000000000005,49.90000000000009,1669164.0,larger,thinning_30_75,21
24,47.09999999999991,4.5,923876.0,larger,thinning_30_75,21
25,10.700000000000017,0.6000000000000014,519225.0,larger,thinning_30_75,21
26,73.20000000000005,68.70000000000005,1481730.0,larger,thinning_30_75,21
27,45.200000000000045,-3.8000000000000114,1056300.0,larger,thinning_30_75,21
28,43.60000000000002,10.0,1040125.0,larger,thinning_30_75,21
29,34.5,25.899999999999977,760930.0,larger,thinning_30_75,21
30,119.50000000000045,20.90000000000009,2287140.0,larger,thinning_30_75,21
31,95.40000000000009,-7.600000000000136,1825856.0,larger,thinning_30_75,21
32,58.600000000000136,17.299999999999955,1200730.0,larger,thinning_30_75,21
33,17.899999999999977,2.5999999999999943,526388.0,larger,thinning_30_75,21
34,21.5,-17.700000000000017,579138.0,larger,thinning_30_75,21
35,22.700000000000045,-28.299999999999955,714700.0,larger,thinning_30_75,21
36,26.5,-2.9000000000000057,811826.0,larger,thinning_30_75,21
37,73.90000000000009,-10.600000000000023,1463388.0,larger,thinning_30_75,21
38,75.60000000000014,23.500000000000114,1536702.0,larger,thinning_30_75,21
39,30.5,45.30000000000001,803345.0,larger,thinning_30_75,21
40,19.899999999999977,14.600000000000023,650686.0,larger,thinning_30_75,21
41,71.79999999999995,-30.100000000000023,1504988.0,larger,thinning_30_75,21
42,30.700000000000045,-10.699999999999989,837340.0,larger,thinning_30_75,21
43,21.800000000000068,-3.8000000000000114,542266.0,larger,thinning_30_75,21
44,37.0,-7.900000000000006,936474.0,larger,thinning_30_75,21
45,14.399999999999977,3.599999999999998,628129.0,larger,thinning_30_75,21
46,40.5,-3.2000000000000455,895642.0,larger,thinning_30_75,21
47,66.39999999999986,0.9000000000000341,1436570.0,larger,thinning_30_75,21
48,35.30000000000007,0.5999999999999943,824138.0,larger,thinning_30_75,21
49,48.799999999999955,20.200000000000045,1092632.0,larger,thinning_30_75,21
50,61.0,-8.400000000000091,1315970.0,larger,thinning_30_75,21
51,20.5,4.300000000000011,712072.0,larger,thinning_30_75,21
52,32.60000000000002,-28.80000000000001,798668.0,larger,thinning_30_75,21
53,83.19999999999982,55.09999999999991,1664572.0,larger,thinning_30_75,21
54,83.5,-22.5,1657926.0,larger,thinning_30_75,21
55,78.79999999999995,43.80000000000001,1552426.0,larger,thinning_30_75,21
56,58.59999999999991,10.5,1184496.0,larger,thinning_30_75,21
57,31.200000000000045,75.80000000000001,743968.0,larger,thinning_30_75,21
58,15.900000000000034,-1.299999999999983,511055.0,larger,thinning_30_75,21
59,87.90000000000009,-20.0,1877832.0,larger,thinning_30_75,21
60,45.5,-2.1999999999999886,1022536.0,larger,thinning_30_75,21
61,33.19999999999993,6.799999999999983,840066.0,larger,thinning_30_75,21
62,93.79999999999973,49.0,1807816.0,larger,thinning_30_75,21
63,48.69999999999993,-3.299999999999983,1102976.0,larger,thinning_30_75,21
64,27.0,-3.6000000000000085,624973.0,larger,thinning_30_75,21
65,63.0,-0.7999999999999545,1285144.0,larger,thinning_30_75,21
66,70.10000000000014,43.89999999999998,1464916.0,larger,thinning_30_75,21
67,14.400000000000034,-2.4000000000000057,497274.0,larger,thinning_30_75,21
68,36.19999999999993,-10.5,939882.0,larger,thinning_30_75,21
69,40.89999999999998,-21.5,942516.0,larger,thinning_30_75,21
70,123.90000000000009,37.60000000000002,2149712.0,larger,thinning_30_75,21
71,40.19999999999993,1.2999999999999972,864910.0,larger,thinning_30_75,21
72,27.199999999999932,-11.300000000000011,728184.0,larger,thinning_30_75,21
73,48.399999999999864,22.09999999999991,1092940.0,larger,thinning_30_75,21
74,51.799999999999955,-0.5,1168030.0,larger,thinning_30_75,21
75,95.19999999999982,166.60000000000002,1974578.0,larger,thinning_30_75,21
76,71.70000000000005,0.39999999999997726,1475734.0,larger,thinning_30_75,21
77,46.40000000000009,-9.100000000000023,1123901.0,larger,thinning_30_75,21
78,67.89999999999986,63.5,1396076.0,larger,thinning_30_75,21
79,51.799999999999955,24.90000000000009,1051798.0,larger,thinning_30_75,21
80,23.19999999999999,-10.5,670910.0,larger,thinning_30_75,21
81,54.399999999999864,25.100000000000023,1256504.0,larger,thinning_30_75,21
82,69.5,43.69999999999999,1454674.0,larger,thinning_30_75,21
83,42.700000000000045,6.400000000000034,956144.0,larger,thinning_30_75,21
84,21.5,-3.5999999999999943,690646.0,larger,thinning_30_75,21
85,57.200000000000045,32.700000000000045,1278878.0,larger,thinning_30_75,21
86,18.900000000000034,-8.200000000000003,716797.0,larger,thinning_30_75,21
87,42.0,19.200000000000045,1016097.0,larger,thinning_30_75,21
88,14.500000000000028,5.600000000000001,603782.0,larger,thinning_30_75,21
89,23.600000000000023,-2.9000000000000057,736790.0,larger,thinning_30_75,21
90,67.20000000000005,66.90000000000009,1517114.0,larger,thinning_30_75,21
91,29.299999999999955,-9.0,871422.0,larger,thinning_30_75,21
92,38.200000000000045,41.5,879115.0,larger,thinning_30_75,21
93,18.700000000000045,-4.400000000000006,517683.0,larger,thinning_30_75,21
94,15.399999999999977,-11.600000000000001,532554.0,larger,thinning_30_75,21
95,47.80000000000018,26.600000000000023,1153264.0,larger,thinning_30_75,21
96,50.100000000000136,17.19999999999999,1051898.0,larger,thinning_30_75,21
97,10.0,2.8999999999999986,427914.0,larger,thinning_30_75,21
98,20.399999999999977,2.8000000000000114,616376.0,larger,thinning_30_75,21
99,11.0,4.799999999999997,432890.0,larger,thinning_30_75,21
100,49.40000000000009,14.5,1095240.0,larger,thinning_30_75,21
1,16.40000000000009,6.5,521480.0,larger,thinning_65_90,22
2,32.0,-4.199999999999989,827476.0,larger,thinning_65_90,22
3,33.299999999999955,24.19999999999999,785364.0,larger,thinning_65_90,22
4,17.600000000000023,-1.0999999999999943,497600.0,larger,thinning_65_90,22
5,17.899999999999977,-17.899999999999977,465283.0,larger,thinning_65_90,22
6,40.399999999999864,45.89999999999998,989830.0,larger,thinning_65_90,22
7,41.90000000000009,29.40000000000009,854982.0,larger,thinning_65_90,22
8,27.0,0.6999999999999886,671296.0,larger,thinning_65_90,22
9,17.600000000000023,-1.099999999999966,531545.0,larger,thinning_65_90,22
10,21.299999999999955,-18.900000000000006,594270.0,larger,thinning_65_90,22
11,43.09999999999991,17.600000000000023,1101234.0,larger,thinning_65_90,22
12,32.299999999999955,-13.399999999999977,739168.0,larger,thinning_65_90,22
13,63.30000000000018,30.69999999999999,1254428.0,larger,thinning_65_90,22
14,62.80000000000018,29.0,1224396.0,larger,thinning_65_90,22
15,18.40000000000009,-8.5,508111.0,larger,thinning_65_90,22
16,17.19999999999999,-4.6000000000000085,463917.0,larger,thinning_65_90,22
17,18.699999999999932,3.8000000000000114,463181.0,larger,thinning_65_90,22
18,26.5,6.799999999999983,649018.0,larger,thinning_65_90,22
19,26.800000000000182,-13.800000000000011,649876.0,larger,thinning_65_90,22
20,18.399999999999977,-19.30000000000001,527386.0,larger,thinning_65_90,22
21,15.800000000000011,5.200000000000003,483268.0,larger,thinning_65_90,22
22,17.399999999999977,1.5999999999999943,558288.0,larger,thinning_65_90,22
23,45.799999999999955,6.7000000000000455,1094920.0,larger,thinning_65_90,22
24,26.200000000000045,-9.200000000000045,537332.0,larger,thinning_65_90,22
25,8.900000000000006,0.6000000000000014,444554.0,larger,thinning_65_90,22
26,47.99999999999977,24.0,1031510.0,larger,thinning_65_90,22
27,25.5,-40.5,640506.0,larger,thinning_65_90,22
28,25.5,-5.099999999999994,693456.0,larger,thinning_65_90,22
29,22.90000000000009,24.69999999999999,531196.0,larger,thinning_65_90,22
30,93.70000000000027,12.400000000000091,1825940.0,larger,thinning_65_90,22
31,75.59999999999991,-2.1000000000001364,1485440.0,larger,thinning_65_90,22
32,47.600000000000136,2.199999999999932,984426.0,larger,thinning_65_90,22
33,13.599999999999966,0.6999999999999957,398930.0,larger,thinning_65_90,22
34,12.899999999999977,-4.300000000000011,379458.0,larger,thinning_65_90,22
35,12.700000000000045,-31.999999999999943,482837.0,larger,thinning_65_90,22
36,19.0,-0.9000000000000057,604961.0,larger,thinning_65_90,22
37,49.70000000000027,3.5,1040472.0,larger,thinning_65_90,22
38,52.40000000000009,33.80000000000007,1102190.0,larger,thinning_65_90,22
39,26.0,7.0,667475.0,larger,thinning_65_90,22
40,11.0,7.0,429740.0,larger,thinning_65_90,22
41,37.799999999999955,-6.400000000000034,872458.0,larger,thinning_65_90,22
42,20.90000000000009,-5.900000000000006,614937.0,larger,thinning_65_90,22
43,12.400000000000091,-0.4000000000000057,326692.0,larger,thinning_65_90,22
44,20.700000000000045,-2.6999999999999886,627413.0,larger,thinning_65_90,22
45,8.299999999999983,1.3000000000000007,418094.0,larger,thinning_65_90,22
46,20.59999999999991,-4.600000000000023,512796.0,larger,thinning_65_90,22
47,38.700000000000045,-9.5,946630.0,larger,thinning_65_90,22
48,23.600000000000023,-10.0,572675.0,larger,thinning_65_90,22
49,34.19999999999982,12.600000000000023,765690.0,larger,thinning_65_90,22
50,42.5,-20.40000000000009,976506.0,larger,thinning_65_90,22
51,13.199999999999989,2.8000000000000114,527356.0,larger,thinning_65_90,22
52,17.700000000000045,-23.0,503423.0,larger,thinning_65_90,22
53,62.90000000000009,34.799999999999955,1261800.0,larger,thinning_65_90,22
54,58.40000000000009,-63.80000000000007,1221526.0,larger,thinning_65_90,22
55,51.69999999999982,-11.400000000000034,1052958.0,larger,thinning_65_90,22
56,36.0,-21.30000000000001,754226.0,larger,thinning_65_90,22
57,21.90000000000009,59.30000000000001,562478.0,larger,thinning_65_90,22
58,10.700000000000045,1.1000000000000227,379359.0,larger,thinning_65_90,22
59,73.80000000000018,15.199999999999818,1516964.0,larger,thinning_65_90,22
60,33.799999999999955,-1.1999999999999886,785624.0,larger,thinning_65_90,22
61,24.5,8.599999999999994,668390.0,larger,thinning_65_90,22
62,70.90000000000009,8.200000000000045,1393484.0,larger,thinning_65_90,22
63,40.299999999999955,-8.699999999999989,896924.0,larger,thinning_65_90,22
64,11.799999999999955,0.7999999999999972,351239.0,larger,thinning_65_90,22
65,44.399999999999864,-19.0,951296.0,larger,thinning_65_90,22
66,48.5,33.10000000000002,1050298.0,larger,thinning_65_90,22
67,8.400000000000034,-2.9000000000000057,344611.0,larger,thinning_65_90,22
68,25.799999999999955,-3.8999999999999773,728967.0,larger,thinning_65_90,22
69,21.699999999999932,-6.400000000000006,569652.0,larger,thinning_65_90,22
70,83.5,-16.899999999999977,1491248.0,larger,thinning_65_90,22
71,29.800000000000068,-1.2000000000000028,648194.0,larger,thinning_65_90,22
72,17.199999999999932,-3.0999999999999943,487894.0,larger,thinning_65_90,22
73,38.899999999999864,8.399999999999977,951640.0,larger,thinning_65_90,22
74,37.0,-3.0999999999999943,870424.0,larger,thinning_65_90,22
75,66.39999999999964,82.90000000000009,1454238.0,larger,thinning_65_90,22
76,51.5,3.8999999999999773,1088776.0,larger,thinning_65_90,22
77,27.200000000000045,-27.100000000000023,707074.0,larger,thinning_65_90,22
78,49.799999999999955,67.90000000000009,1080718.0,larger,thinning_65_90,22
79,42.899999999999864,17.90000000000009,878602.0,larger,thinning_65_90,22
80,16.69999999999999,-10.300000000000011,519426.0,larger,thinning_65_90,22
81,39.399999999999864,30.5,953566.0,larger,thinning_65_90,22
82,50.90000000000009,21.600000000000023,1090758.0,larger,thinning_65_90,22
83,23.800000000000068,2.8000000000000114,581846.0,larger,thinning_65_90,22
84,14.800000000000068,-7.800000000000011,508734.0,larger,thinning_65_90,22
85,43.700000000000045,34.700000000000045,988438.0,larger,thinning_65_90,22
86,11.900000000000034,-5.1000000000000085,505774.0,larger,thinning_65_90,22
87,23.299999999999955,-23.899999999999977,642274.0,larger,thinning_65_90,22
88,9.099999999999994,1.3000000000000043,420465.0,larger,thinning_65_90,22
89,19.299999999999955,-1.9000000000000057,603900.0,larger,thinning_65_90,22
90,44.299999999999955,35.600000000000136,1117468.0,larger,thinning_65_90,22
91,16.100000000000023,-10.199999999999989,530548.0,larger,thinning_65_90,22
92,27.09999999999991,38.900000000000034,639017.0,larger,thinning_65_90,22
93,13.0,-3.5999999999999943,386334.0,larger,thinning_65_90,22
94,8.5,2.000000000000007,329095.0,larger,thinning_65_90,22
95,32.30000000000018,22.299999999999955,811306.0,larger,thinning_65_90,22
96,38.600000000000136,27.399999999999977,835590.0,larger,thinning_65_90,22
97,8.400000000000006,2.200000000000003,368174.0,larger,thinning_65_90,22
98,12.099999999999909,-2.8000000000000114,416795.0,larger,thinning_65_90,22
99,7.300000000000011,1.5,296080.0,larger,thinning_65_90,22
100,29.90000000000009,2.6000000000000227,706470.0,larger,thinning_65_90,22
1,54.80000000000007,9.400000000000006,1261120.0,larger,thinning_30_75,23
2,90.70000000000005,5.0,1873538.0,larger,thinning_30_75,23
3,96.0,10.699999999999989,1881178.0,larger,thinning_30_75,23
4,72.29999999999995,-12.400000000000006,1470574.0,larger,thinning_30_75,23
5,62.200000000000045,-12.199999999999989,1299399.0,larger,thinning_30_75,23
6,70.29999999999995,-150.10000000000002,1585130.0,larger,thinning_30_75,23
7,75.20000000000005,40.5,1432538.0,larger,thinning_30_75,23
8,72.59999999999991,7.199999999999989,1464230.0,larger,thinning_30_75,23
9,57.10000000000002,-21.0,1280978.0,larger,thinning_30_75,23
10,69.19999999999993,-20.0,1478656.0,larger,thinning_30_75,23
11,111.0,5.399999999999977,2195566.0,larger,thinning_30_75,23
12,91.70000000000005,-9.299999999999955,1759624.0,larger,thinning_30_75,23
13,170.0999999999999,-5.800000000000011,2829428.0,larger,thinning_30_75,23
14,135.0999999999999,55.90000000000009,2360748.0,larger,thinning_30_75,23
15,56.700000000000045,-37.0,1155399.0,larger,thinning_30_75,23
16,46.19999999999999,-6.300000000000011,1035770.0,larger,thinning_30_75,23
17,39.799999999999955,-5.7999999999999545,883351.0,larger,thinning_30_75,23
18,81.10000000000002,-8.0,1613513.0,larger,thinning_30_75,23
19,59.80000000000018,-2.3999999999999773,1205054.0,larger,thinning_30_75,23
20,60.700000000000045,-17.500000000000014,1400940.0,larger,thinning_30_75,23
21,44.700000000000045,3.5999999999999943,1027221.0,larger,thinning_30_75,23
22,63.69999999999993,6.0,1426842.0,larger,thinning_30_75,23
23,127.5,-44.39999999999998,2406862.0,larger,thinning_30_75,23
24,62.40000000000009,-6.2000000000000455,1147236.0,larger,thinning_30_75,23
25,35.20000000000002,4.200000000000003,1068180.0,larger,thinning_30_75,23
26,104.20000000000005,35.200000000000045,2019346.0,larger,thinning_30_75,23
27,75.20000000000005,-22.5,1611464.0,larger,thinning_30_75,23
28,87.30000000000007,19.80000000000001,1747662.0,larger,thinning_30_75,23
29,54.30000000000007,16.399999999999977,1072309.0,larger,thinning_30_75,23
30,171.20000000000027,-16.199999999999818,2979012.0,larger,thinning_30_75,23
31,125.40000000000009,-3.400000000000091,2189280.0,larger,thinning_30_75,23
32,84.70000000000005,28.699999999999932,1593406.0,larger,thinning_30_75,23
33,41.099999999999966,6.199999999999996,900625.0,larger,thinning_30_75,23
34,45.39999999999998,-10.600000000000009,967689.0,larger,thinning_30_75,23
35,50.700000000000045,-386.59999999999997,1231178.0,larger,thinning_30_75,23
36,73.89999999999998,6.099999999999994,1607232.0,larger,thinning_30_75,23
37,109.70000000000027,-46.200000000000045,2050540.0,larger,thinning_30_75,23
38,100.20000000000005,33.39999999999998,2001496.0,larger,thinning_30_75,23
39,56.19999999999993,8.5,1277640.0,larger,thinning_30_75,23
40,56.59999999999991,22.19999999999999,1274694.0,larger,thinning_30_75,23
41,97.5,0.39999999999997726,1908260.0,larger,thinning_30_75,23
42,70.90000000000009,4.599999999999994,1464950.0,larger,thinning_30_75,23
43,32.40000000000009,7.099999999999994,718249.0,larger,thinning_30_75,23
44,78.0,-3.4000000000000057,1634102.0,larger,thinning_30_75,23
45,45.599999999999994,6.199999999999999,1298022.0,larger,thinning_30_75,23
46,55.90000000000009,-22.400000000000034,1220892.0,larger,thinning_30_75,23
47,114.70000000000005,22.5,2201768.0,larger,thinning_30_75,23
48,57.0,2.200000000000017,1154890.0,larger,thinning_30_75,23
49,73.79999999999995,38.60000000000002,1522566.0,larger,thinning_30_75,23
50,84.79999999999995,-27.600000000000136,1711928.0,larger,thinning_30_75,23
51,59.39999999999998,-0.09999999999999432,1429158.0,larger,thinning_30_75,23
52,61.10000000000002,-37.5,1294870.0,larger,thinning_30_75,23
53,113.59999999999991,27.5,2029900.0,larger,thinning_30_75,23
54,128.89999999999986,-57.80000000000007,2310036.0,larger,thinning_30_75,23
55,115.09999999999991,16.399999999999977,2079442.0,larger,thinning_30_75,23
56,100.79999999999995,6.5,1816370.0,larger,thinning_30_75,23
57,47.799999999999955,2.7000000000000455,930444.0,larger,thinning_30_75,23
58,39.900000000000034,0.6000000000000227,925077.0,larger,thinning_30_75,23
59,137.4000000000001,109.0,2508300.0,larger,thinning_30_75,23
60,71.29999999999995,-2.6999999999999886,1462108.0,larger,thinning_30_75,23
61,76.0,11.199999999999989,1544785.0,larger,thinning_30_75,23
62,129.5,-2.7999999999999545,2315924.0,larger,thinning_30_75,23
63,82.69999999999993,-6.599999999999994,1588770.0,larger,thinning_30_75,23
64,49.0,-3.799999999999997,932699.0,larger,thinning_30_75,23
65,96.89999999999986,-14.099999999999966,1805778.0,larger,thinning_30_75,23
66,93.90000000000009,22.699999999999932,1790144.0,larger,thinning_30_75,23
67,40.10000000000002,7.400000000000006,947884.0,larger,thinning_30_75,23
68,80.69999999999993,243.59999999999997,1708039.0,larger,thinning_30_75,23
69,62.0,-14.099999999999994,1390537.0,larger,thinning_30_75,23
70,163.0,-15.200000000000045,2641512.0,larger,thinning_30_75,23
71,64.10000000000002,2.8999999999999915,1211800.0,larger,thinning_30_75,23
72,49.09999999999991,2.1999999999999886,1160934.0,larger,thinning_30_75,23
73,91.39999999999986,-18.600000000000023,1745004.0,larger,thinning_30_75,23
74,87.5,0.20000000000001705,1758180.0,larger,thinning_30_75,23
75,133.5999999999999,8.300000000000068,2617074.0,larger,thinning_30_75,23
76,94.80000000000018,-31.399999999999977,1806670.0,larger,thinning_30_75,23
77,90.0,-28.900000000000006,1815569.0,larger,thinning_30_75,23
78,109.39999999999986,11.5,2011308.0,larger,thinning_30_75,23
79,57.399999999999864,-5.7999999999999545,1175164.0,larger,thinning_30_75,23
80,60.099999999999966,-0.4000000000000057,1308385.0,larger,thinning_30_75,23
81,83.09999999999991,12.600000000000023,1782888.0,larger,thinning_30_75,23
82,96.79999999999995,26.69999999999999,1987638.0,larger,thinning_30_75,23
83,70.80000000000007,-2.8000000000000114,1395714.0,larger,thinning_30_75,23
84,49.60000000000002,2.5,1296758.0,larger,thinning_30_75,23
85,81.5,16.5,1711410.0,larger,thinning_30_75,23
86,53.700000000000045,-3.200000000000003,1407105.0,larger,thinning_30_75,23
87,72.39999999999998,-11.5,1549113.0,larger,thinning_30_75,23
88,45.900000000000006,6.600000000000001,1201058.0,larger,thinning_30_75,23
89,47.60000000000002,8.699999999999989,1175874.0,larger,thinning_30_75,23
90,111.29999999999995,-7.099999999999909,2284900.0,larger,thinning_30_75,23
91,71.5,0.8000000000000114,1586033.0,larger,thinning_30_75,23
92,63.799999999999955,20.100000000000023,1283689.0,larger,thinning_30_75,23
93,40.60000000000002,-3.9000000000000057,851268.0,larger,thinning_30_75,23
94,41.0,-0.10000000000000142,971453.0,larger,thinning_30_75,23
95,77.5,20.899999999999977,1695204.0,larger,thinning_30_75,23
96,68.90000000000009,14.0,1336356.0,larger,thinning_30_75,23
97,26.200000000000017,2.0,754768.0,larger,thinning_30_75,23
98,47.19999999999993,1.5,1194377.0,larger,thinning_30_75,23
99,31.5,-4.100000000000001,848903.0,larger,thinning_30_75,23
100,97.90000000000009,-6.5,1898276.0,larger,thinning_30_75,23
1,43.30000000000007,11.0,1056984.0,larger,thinning_65_90,24
2,66.40000000000009,1.8000000000000114,1434548.0,larger,thinning_65_90,24
3,61.0,-9.0,1273442.0,larger,thinning_65_90,24
4,42.10000000000002,4.0,940822.0,larger,thinning_65_90,24
5,35.799999999999955,-25.69999999999999,767073.0,larger,thinning_65_90,24
6,55.59999999999991,-159.70000000000005,1327938.0,larger,thinning_65_90,24
7,61.80000000000018,11.700000000000045,1192332.0,larger,thinning_65_90,24
8,49.5,13.899999999999977,1042458.0,larger,thinning_65_90,24
9,42.10000000000002,-3.6999999999999886,983601.0,larger,thinning_65_90,24
10,48.89999999999998,-29.200000000000017,1103861.0,larger,thinning_65_90,24
11,94.79999999999995,-2.6000000000000227,1921834.0,larger,thinning_65_90,24
12,67.5,0.9000000000000341,1315204.0,larger,thinning_65_90,24
13,119.90000000000009,-4.600000000000023,2057628.0,larger,thinning_65_90,24
14,101.20000000000027,30.100000000000136,1821120.0,larger,thinning_65_90,24
15,43.40000000000009,-7.299999999999983,903188.0,larger,thinning_65_90,24
16,36.400000000000034,-8.400000000000006,814705.0,larger,thinning_65_90,24
17,26.5,-11.699999999999989,613365.0,larger,thinning_65_90,24
18,57.39999999999998,-10.400000000000006,1161145.0,larger,thinning_65_90,24
19,44.200000000000045,-8.800000000000011,929842.0,larger,thinning_65_90,24
20,46.5,-18.10000000000001,1052910.0,larger,thinning_65_90,24
21,32.80000000000007,-1.5,792826.0,larger,thinning_65_90,24
22,48.19999999999993,7.400000000000006,1118187.0,larger,thinning_65_90,24
23,92.70000000000005,-42.69999999999993,1812212.0,larger,thinning_65_90,24
24,35.799999999999955,-12.5,671752.0,larger,thinning_65_90,24
25,30.299999999999983,6.600000000000001,931430.0,larger,thinning_65_90,24
26,74.10000000000014,15.100000000000023,1509994.0,larger,thinning_65_90,24
27,48.5,-27.400000000000034,1070260.0,larger,thinning_65_90,24
28,59.700000000000045,2.4000000000000057,1292092.0,larger,thinning_65_90,24
29,35.40000000000009,10.5,731140.0,larger,thinning_65_90,24
30,149.0999999999999,-14.099999999999909,2601084.0,larger,thinning_65_90,24
31,105.29999999999973,-1.900000000000091,1848548.0,larger,thinning_65_90,24
32,72.90000000000009,16.399999999999977,1386964.0,larger,thinning_65_90,24
33,32.0,5.899999999999999,698978.0,larger,thinning_65_90,24
34,28.199999999999932,2.5999999999999943,629577.0,larger,thinning_65_90,24
35,34.89999999999998,-19.899999999999977,892191.0,larger,thinning_65_90,24
36,55.5,-2.5,1267511.0,larger,thinning_65_90,24
37,81.59999999999991,-19.600000000000023,1603728.0,larger,thinning_65_90,24
38,82.10000000000014,39.60000000000002,1661162.0,larger,thinning_65_90,24
39,46.799999999999955,21.400000000000034,1049750.0,larger,thinning_65_90,24
40,37.09999999999991,10.899999999999977,896212.0,larger,thinning_65_90,24
41,58.0,-56.5,1228206.0,larger,thinning_65_90,24
42,50.5,1.4000000000000057,1104183.0,larger,thinning_65_90,24
43,17.0,4.199999999999989,372501.0,larger,thinning_65_90,24
44,54.5,-10.5,1228269.0,larger,thinning_65_90,24
45,28.5,3.3999999999999986,902532.0,larger,thinning_65_90,24
46,30.90000000000009,-28.900000000000034,747136.0,larger,thinning_65_90,24
47,79.70000000000005,18.100000000000023,1638638.0,larger,thinning_65_90,24
48,42.60000000000002,-7.699999999999989,865288.0,larger,thinning_65_90,24
49,52.69999999999982,15.200000000000045,1108686.0,larger,thinning_65_90,24
50,67.19999999999982,-27.700000000000045,1384792.0,larger,thinning_65_90,24
51,42.69999999999993,-1.0999999999999943,1119731.0,larger,thinning_65_90,24
52,39.5,-36.599999999999994,911522.0,larger,thinning_65_90,24
53,88.09999999999991,18.699999999999818,1656468.0,larger,thinning_65_90,24
54,102.60000000000014,-93.30000000000007,1893730.0,larger,thinning_65_90,24
55,85.5,4.599999999999966,1588404.0,larger,thinning_65_90,24
56,71.70000000000005,1.3000000000000114,1294230.0,larger,thinning_65_90,24
57,34.700000000000045,-3.0,736892.0,larger,thinning_65_90,24
58,28.100000000000023,-1.8999999999999773,686122.0,larger,thinning_65_90,24
59,115.30000000000018,-6.800000000000182,2116788.0,larger,thinning_65_90,24
60,59.799999999999955,0.10000000000002274,1218318.0,larger,thinning_65_90,24
61,61.10000000000002,4.699999999999989,1292983.0,larger,thinning_65_90,24
62,104.0,12.700000000000045,1886324.0,larger,thinning_65_90,24
63,71.39999999999998,-7.0,1369778.0,larger,thinning_65_90,24
64,26.0,-4.400000000000006,519670.0,larger,thinning_65_90,24
65,76.79999999999995,-18.899999999999977,1428016.0,larger,thinning_65_90,24
66,68.20000000000005,-1.1000000000000227,1345748.0,larger,thinning_65_90,24
67,25.5,5.700000000000003,656688.0,larger,thinning_65_90,24
68,68.39999999999998,241.3,1471607.0,larger,thinning_65_90,24
69,43.799999999999955,-23.0,1030754.0,larger,thinning_65_90,24
70,118.80000000000018,-78.70000000000005,1990240.0,larger,thinning_65_90,24
71,48.89999999999998,0.20000000000000284,928100.0,larger,thinning_65_90,24
72,31.0,-3.200000000000017,763498.0,larger,thinning_65_90,24
73,88.09999999999991,-8.5,1705348.0,larger,thinning_65_90,24
74,72.60000000000014,-3.6999999999999886,1470588.0,larger,thinning_65_90,24
75,98.39999999999964,3.900000000000091,2023722.0,larger,thinning_65_90,24
76,71.5,12.700000000000045,1422408.0,larger,thinning_65_90,24
77,60.200000000000045,-58.30000000000001,1257326.0,larger,thinning_65_90,24
78,89.69999999999982,10.600000000000023,1703270.0,larger,thinning_65_90,24
79,49.59999999999991,11.200000000000045,1022288.0,larger,thinning_65_90,24
80,45.39999999999998,-4.300000000000011,1027827.0,larger,thinning_65_90,24
81,67.0,21.600000000000023,1473740.0,larger,thinning_65_90,24
82,74.5,25.5,1577184.0,larger,thinning_65_90,24
83,45.40000000000009,-5.099999999999966,925136.0,larger,thinning_65_90,24
84,36.80000000000007,-4.099999999999994,988194.0,larger,thinning_65_90,24
85,65.40000000000009,16.399999999999977,1374116.0,larger,thinning_65_90,24
86,38.30000000000001,-2.4000000000000057,1037974.0,larger,thinning_65_90,24
87,53.39999999999998,-19.5,1191620.0,larger,thinning_65_90,24
88,33.00000000000003,6.0,922407.0,larger,thinning_65_90,24
89,38.69999999999993,10.5,962376.0,larger,thinning_65_90,24
90,87.59999999999991,-18.5,1874532.0,larger,thinning_65_90,24
91,47.0,8.900000000000006,1071393.0,larger,thinning_65_90,24
92,46.200000000000045,24.80000000000001,977559.0,larger,thinning_65_90,24
93,26.600000000000023,-4.400000000000006,589044.0,larger,thinning_65_90,24
94,23.80000000000001,-1.6000000000000014,603282.0,larger,thinning_65_90,24
95,55.80000000000018,13.100000000000023,1266128.0,larger,thinning_65_90,24
96,55.100000000000136,7.899999999999977,1089216.0,larger,thinning_65_90,24
97,21.0,2.1000000000000014,627835.0,larger,thinning_65_90,24
98,30.299999999999955,-0.6999999999999886,851350.0,larger,thinning_65_90,24
99,19.5,-7.399999999999999,585639.0,larger,thinning_65_90,24
100,70.5,-12.800000000000011,1392922.0,larger,thinning_65_90,24
1,36.30000000000007,-1.0999999999999943,894574.0,larger,thinning_30_75,25
2,110.10000000000014,20.599999999999966,1857268.0,larger,thinning_30_75,25
3,131.39999999999986,43.30000000000001,2026946.0,larger,thinning_30_75,25
4,122.39999999999998,26.30000000000001,1956309.0,larger,thinning_30_75,25
5,102.20000000000005,27.900000000000006,1797498.0,larger,thinning_30_75,25
6,116.29999999999995,-24.100000000000023,1920538.0,larger,thinning_30_75,25
7,145.70000000000005,36.5,2231548.0,larger,thinning_30_75,25
8,122.59999999999991,3.5,2075158.0,larger,thinning_30_75,25
9,86.60000000000002,47.900000000000034,1678278.0,larger,thinning_30_75,25
10,95.89999999999998,17.099999999999994,1738010.0,larger,thinning_30_75,25
11,149.4000000000001,12.100000000000023,2266826.0,larger,thinning_30_75,25
12,140.5999999999999,5.5,2108392.0,larger,thinning_30_75,25
13,195.80000000000018,0.0999999999999659,2411276.0,larger,thinning_30_75,25
14,201.5,91.30000000000018,2587396.0,larger,thinning_30_75,25
15,105.40000000000009,25.599999999999994,1886249.0,larger,thinning_30_75,25
16,83.59999999999997,16.400000000000006,1598202.0,larger,thinning_30_75,25
17,76.19999999999993,18.0,1458462.0,larger,thinning_30_75,25
18,118.79999999999995,20.599999999999994,1906779.0,larger,thinning_30_75,25
19,125.70000000000005,14.0,2047262.0,larger,thinning_30_75,25
20,89.5,19.299999999999983,1679274.0,larger,thinning_30_75,25
21,85.89999999999998,13.900000000000006,1681321.0,larger,thinning_30_75,25
22,81.19999999999993,16.599999999999994,1574686.0,larger,thinning_30_75,25
23,157.4000000000001,37.0,2170562.0,larger,thinning_30_75,25
24,130.9000000000001,13.5,1993706.0,larger,thinning_30_75,25
25,67.6,6.700000000000003,1654946.0,larger,thinning_30_75,25
26,137.99999999999977,57.299999999999955,2073434.0,larger,thinning_30_75,25
27,120.59999999999991,6.199999999999989,2046342.0,larger,thinning_30_75,25
28,122.80000000000007,29.600000000000023,2070333.0,larger,thinning_30_75,25
29,114.79999999999995,26.299999999999983,1862270.0,larger,thinning_30_75,25
30,183.4000000000001,27.90000000000009,2739796.0,larger,thinning_30_75,25
31,196.9000000000001,358.0,2725972.0,larger,thinning_30_75,25
32,164.30000000000018,133.0,2320194.0,larger,thinning_30_75,25
33,76.29999999999995,8.399999999999999,1567907.0,larger,thinning_30_75,25
34,70.39999999999998,17.299999999999983,1429049.0,larger,thinning_30_75,25
35,68.0,-10.899999999999977,1534448.0,larger,thinning_30_75,25
36,91.70000000000005,13.099999999999994,1670473.0,larger,thinning_30_75,25
37,153.5999999999999,20.399999999999977,1984916.0,larger,thinning_30_75,25
38,174.20000000000005,50.19999999999993,2570886.0,larger,thinning_30_75,25
39,129.5999999999999,136.3,2199185.0,larger,thinning_30_75,25
40,89.70000000000005,11.699999999999989,1577710.0,larger,thinning_30_75,25
41,133.69999999999982,8.299999999999955,2113288.0,larger,thinning_30_75,25
42,93.40000000000009,-0.8000000000000114,1708476.0,larger,thinning_30_75,25
43,95.60000000000002,21.400000000000006,1567667.0,larger,thinning_30_75,25
44,105.60000000000002,22.099999999999994,1796947.0,larger,thinning_30_75,25
45,75.0,7.699999999999999,1721348.0,larger,thinning_30_75,25
46,98.90000000000009,28.299999999999955,1690792.0,larger,thinning_30_75,25
47,138.5,115.0,2020234.0,larger,thinning_30_75,25
48,112.5,20.400000000000006,1913733.0,larger,thinning_30_75,25
49,120.5,73.30000000000007,1812856.0,larger,thinning_30_75,25
50,147.79999999999973,77.39999999999986,2206146.0,larger,thinning_30_75,25
51,88.19999999999993,10.600000000000009,1755555.0,larger,thinning_30_75,25
52,93.70000000000005,21.099999999999994,1663982.0,larger,thinning_30_75,25
53,175.4000000000001,16.0,2171852.0,larger,thinning_30_75,25
54,164.39999999999986,60.299999999999955,2187844.0,larger,thinning_30_75,25
55,175.69999999999982,13.300000000000011,2306814.0,larger,thinning_30_75,25
56,150.20000000000005,26.100000000000023,2158218.0,larger,thinning_30_75,25
57,111.60000000000014,14.900000000000034,1847112.0,larger,thinning_30_75,25
58,69.20000000000005,9.200000000000017,1533659.0,larger,thinning_30_75,25
59,172.80000000000018,145.0,2358088.0,larger,thinning_30_75,25
60,135.20000000000005,16.600000000000023,2154968.0,larger,thinning_30_75,25
61,118.60000000000002,13.699999999999989,1939942.0,larger,thinning_30_75,25
62,197.69999999999982,104.10000000000014,2475504.0,larger,thinning_30_75,25
63,140.0,2.5,2096184.0,larger,thinning_30_75,25
64,93.29999999999995,16.700000000000003,1650467.0,larger,thinning_30_75,25
65,150.5999999999999,12.900000000000034,2156110.0,larger,thinning_30_75,25
66,171.9000000000001,39.0,2381696.0,larger,thinning_30_75,25
67,75.10000000000002,5.799999999999997,1690820.0,larger,thinning_30_75,25
68,105.89999999999998,37.30000000000001,1840322.0,larger,thinning_30_75,25
69,113.29999999999995,15.999999999999972,1994725.0,larger,thinning_30_75,25
70,204.30000000000018,61.39999999999998,2472820.0,larger,thinning_30_75,25
71,114.80000000000007,11.399999999999991,1819272.0,larger,thinning_30_75,25
72,84.79999999999995,19.599999999999994,1628488.0,larger,thinning_30_75,25
73,142.69999999999982,42.39999999999998,1964820.0,larger,thinning_30_75,25
74,129.0,9.700000000000017,1959984.0,larger,thinning_30_75,25
75,183.69999999999982,131.80000000000007,2605518.0,larger,thinning_30_75,25
76,179.5,78.70000000000005,2631740.0,larger,thinning_30_75,25
77,125.20000000000005,-2.1000000000000227,2023365.0,larger,thinning_30_75,25
78,183.39999999999986,15.800000000000068,2511898.0,larger,thinning_30_75,25
79,148.19999999999982,16.100000000000023,2180680.0,larger,thinning_30_75,25
80,102.19999999999993,14.399999999999991,1887696.0,larger,thinning_30_75,25
81,157.69999999999982,41.10000000000002,2560090.0,larger,thinning_30_75,25
82,163.70000000000005,67.39999999999998,2433570.0,larger,thinning_30_75,25
83,130.30000000000007,29.0,2139874.0,larger,thinning_30_75,25
84,84.20000000000005,15.699999999999989,1810014.0,larger,thinning_30_75,25
85,158.0999999999999,113.60000000000002,2406136.0,larger,thinning_30_75,25
86,84.90000000000003,2.5,1776196.0,larger,thinning_30_75,25
87,111.69999999999993,26.700000000000045,1938203.0,larger,thinning_30_75,25
88,80.50000000000003,11.399999999999999,1795930.0,larger,thinning_30_75,25
89,85.60000000000002,12.299999999999983,1686636.0,larger,thinning_30_75,25
90,152.89999999999986,157.10000000000014,2317454.0,larger,thinning_30_75,25
91,95.10000000000002,4.200000000000003,1801996.0,larger,thinning_30_75,25
92,122.20000000000005,75.60000000000002,2010107.0,larger,thinning_30_75,25
93,80.79999999999995,15.299999999999983,1537513.0,larger,thinning_30_75,25
94,70.69999999999999,13.600000000000001,1508791.0,larger,thinning_30_75,25
95,101.70000000000005,11.799999999999955,1915552.0,larger,thinning_30_75,25
96,139.29999999999995,43.30000000000001,2125772.0,larger,thinning_30_75,25
97,57.900000000000006,0.0,1473466.0,larger,thinning_30_75,25
98,65.19999999999993,1.9000000000000057,1481928.0,larger,thinning_30_75,25
99,65.80000000000001,15.399999999999999,1582460.0,larger,thinning_30_75,25
100,128.79999999999995,-2.0,1966780.0,larger,thinning_30_75,25
1,28.100000000000023,-0.7000000000000028,771822.0,larger,thinning_65_90,26
2,85.20000000000005,14.5,1522972.0,larger,thinning_65_90,26
3,97.29999999999995,16.30000000000001,1574278.0,larger,thinning_65_90,26
4,88.0,18.0,1511391.0,larger,thinning_65_90,26
5,78.39999999999998,18.200000000000017,1467774.0,larger,thinning_65_90,26
6,100.19999999999982,2.2999999999999545,1740984.0,larger,thinning_65_90,26
7,126.0,12.900000000000091,1980806.0,larger,thinning_65_90,26
8,98.29999999999995,18.799999999999955,1712710.0,larger,thinning_65_90,26
9,65.10000000000002,23.400000000000034,1377402.0,larger,thinning_65_90,26
10,74.39999999999998,11.299999999999983,1434056.0,larger,thinning_65_90,26
11,104.0,18.299999999999955,1701738.0,larger,thinning_65_90,26
12,105.20000000000005,-4.5,1667598.0,larger,thinning_65_90,26
13,136.30000000000018,14.199999999999989,1699508.0,larger,thinning_65_90,26
14,126.09999999999991,64.40000000000009,1746772.0,larger,thinning_65_90,26
15,86.80000000000007,24.5,1614515.0,larger,thinning_65_90,26
16,69.09999999999997,13.900000000000006,1355892.0,larger,thinning_65_90,26
17,63.69999999999993,11.400000000000034,1251903.0,larger,thinning_65_90,26
18,80.89999999999998,10.5,1417020.0,larger,thinning_65_90,26
19,90.5,15.699999999999989,1615114.0,larger,thinning_65_90,26
20,75.0,16.399999999999977,1456641.0,larger,thinning_65_90,26
21,67.39999999999998,8.400000000000006,1420340.0,larger,thinning_65_90,26
22,62.299999999999955,11.099999999999994,1292290.0,larger,thinning_65_90,26
23,124.29999999999995,30.700000000000045,1747816.0,larger,thinning_65_90,26
24,100.0,27.5,1572232.0,larger,thinning_65_90,26
25,56.099999999999994,9.200000000000003,1442972.0,larger,thinning_65_90,26
26,103.20000000000005,13.0,1637866.0,larger,thinning_65_90,26
27,84.79999999999995,5.800000000000011,1580570.0,larger,thinning_65_90,26
28,88.89999999999998,3.6000000000000227,1631790.0,larger,thinning_65_90,26
29,83.5,16.0,1465160.0,larger,thinning_65_90,26
30,148.0999999999999,9.700000000000273,2281108.0,larger,thinning_65_90,26
31,184.5999999999999,-22.5,2452748.0,larger,thinning_65_90,26
32,139.5,40.09999999999991,1989754.0,larger,thinning_65_90,26
33,66.39999999999998,8.5,1401798.0,larger,thinning_65_90,26
34,58.19999999999993,14.699999999999989,1219433.0,larger,thinning_65_90,26
35,51.5,-11.5,1306909.0,larger,thinning_65_90,26
36,78.0,14.199999999999989,1435571.0,larger,thinning_65_90,26
37,120.09999999999991,55.39999999999998,1594600.0,larger,thinning_65_90,26
38,117.5,20.300000000000068,1925428.0,larger,thinning_65_90,26
39,92.0,14.800000000000011,1678315.0,larger,thinning_65_90,26
40,77.09999999999991,26.399999999999977,1399628.0,larger,thinning_65_90,26
41,100.89999999999986,18.099999999999966,1683806.0,larger,thinning_65_90,26
42,76.70000000000005,0.8000000000000114,1461043.0,larger,thinning_65_90,26
43,68.90000000000009,19.599999999999994,1180395.0,larger,thinning_65_90,26
44,68.10000000000002,11.800000000000011,1281072.0,larger,thinning_65_90,26
45,56.39999999999998,4.900000000000002,1408158.0,larger,thinning_65_90,26
46,72.40000000000009,18.5,1313226.0,larger,thinning_65_90,26
47,91.09999999999991,29.80000000000001,1442508.0,larger,thinning_65_90,26
48,89.10000000000002,18.599999999999994,1585468.0,larger,thinning_65_90,26
49,103.09999999999991,28.0,1575530.0,larger,thinning_65_90,26
50,125.79999999999973,31.899999999999864,1931694.0,larger,thinning_65_90,26
51,67.10000000000002,10.700000000000003,1432775.0,larger,thinning_65_90,26
52,74.20000000000005,16.599999999999994,1385295.0,larger,thinning_65_90,26
53,145.5999999999999,19.199999999999818,1801252.0,larger,thinning_65_90,26
54,127.70000000000005,-37.200000000000045,1745818.0,larger,thinning_65_90,26
55,137.19999999999982,18.0,1859958.0,larger,thinning_65_90,26
56,113.5,10.600000000000023,1698354.0,larger,thinning_65_90,26
57,86.0,16.80000000000001,1509116.0,larger,thinning_65_90,26
58,56.400000000000034,7.600000000000023,1335631.0,larger,thinning_65_90,26
59,145.80000000000018,58.399999999999864,1969180.0,larger,thinning_65_90,26
60,118.5,5.0,1944716.0,larger,thinning_65_90,26
61,85.29999999999995,7.5,1496067.0,larger,thinning_65_90,26
62,153.5999999999999,55.0,1996792.0,larger,thinning_65_90,26
63,122.39999999999986,2.200000000000017,1868612.0,larger,thinning_65_90,26
64,76.10000000000002,14.399999999999991,1395542.0,larger,thinning_65_90,26
65,126.79999999999995,11.600000000000023,1856398.0,larger,thinning_65_90,26
66,134.10000000000014,41.19999999999993,1931558.0,larger,thinning_65_90,26
67,58.900000000000034,6.299999999999997,1414573.0,larger,thinning_65_90,26
68,75.89999999999998,14.600000000000023,1453900.0,larger,thinning_65_90,26
69,83.0,13.200000000000017,1605007.0,larger,thinning_65_90,26
70,144.30000000000018,47.5,1836388.0,larger,thinning_65_90,26
71,95.39999999999998,2.5,1566552.0,larger,thinning_65_90,26
72,71.0,18.400000000000006,1411523.0,larger,thinning_65_90,26
73,110.59999999999991,34.09999999999991,1592120.0,larger,thinning_65_90,26
74,100.90000000000009,5.800000000000011,1607868.0,larger,thinning_65_90,26
75,146.69999999999982,59.90000000000009,2161090.0,larger,thinning_65_90,26
76,143.80000000000018,62.39999999999998,2206706.0,larger,thinning_65_90,26
77,104.60000000000002,-3.8000000000000114,1731755.0,larger,thinning_65_90,26
78,137.79999999999995,18.800000000000068,1975096.0,larger,thinning_65_90,26
79,131.4000000000001,3.800000000000068,1976386.0,larger,thinning_65_90,26
80,83.60000000000002,7.3999999999999915,1634895.0,larger,thinning_65_90,26
81,125.19999999999982,43.30000000000007,2139370.0,larger,thinning_65_90,26
82,136.29999999999995,31.5,2105794.0,larger,thinning_65_90,26
83,99.60000000000002,27.600000000000023,1736397.0,larger,thinning_65_90,26
84,73.30000000000007,8.699999999999989,1591205.0,larger,thinning_65_90,26
85,106.29999999999995,40.60000000000002,1753386.0,larger,thinning_65_90,26
86,66.20000000000005,11.799999999999997,1460482.0,larger,thinning_65_90,26
87,74.60000000000002,19.0,1419779.0,larger,thinning_65_90,26
88,57.70000000000002,5.200000000000003,1456402.0,larger,thinning_65_90,26
89,63.69999999999993,1.1999999999999886,1387417.0,larger,thinning_65_90,26
90,114.09999999999991,62.90000000000009,1808322.0,larger,thinning_65_90,26
91,72.89999999999998,2.3000000000000114,1456932.0,larger,thinning_65_90,26
92,96.0,33.400000000000034,1673497.0,larger,thinning_65_90,26
93,65.5,15.900000000000006,1295710.0,larger,thinning_65_90,26
94,55.0,10.800000000000004,1253777.0,larger,thinning_65_90,26
95,86.70000000000005,17.399999999999977,1670020.0,larger,thinning_65_90,26
96,119.29999999999995,46.19999999999999,1837120.0,larger,thinning_65_90,26
97,46.70000000000002,5.600000000000001,1276288.0,larger,thinning_65_90,26
98,50.89999999999998,9.300000000000011,1213129.0,larger,thinning_65_90,26
99,47.19999999999999,10.0,1285488.0,larger,thinning_65_90,26
100,79.09999999999991,-8.399999999999977,1364790.0,larger,thinning_65_90,26
1,10.100000000000023,6.799999999999997,246550.0,larger,thinning_30_75,27
2,17.200000000000045,2.099999999999966,402811.0,larger,thinning_30_75,27
3,19.09999999999991,3.599999999999966,401930.0,larger,thinning_30_75,27
4,14.5,4.5,341050.0,larger,thinning_30_75,27
5,12.899999999999977,4.800000000000011,295585.0,larger,thinning_30_75,27
6,14.199999999999818,5.599999999999909,334368.0,larger,thinning_30_75,27
7,14.400000000000091,2.400000000000091,322720.0,larger,thinning_30_75,27
8,15.299999999999955,9.899999999999977,347912.0,larger,thinning_30_75,27
9,11.700000000000045,3.6000000000000227,301124.0,larger,thinning_30_75,27
10,13.600000000000023,7.699999999999989,329323.0,larger,thinning_30_75,27
11,22.200000000000045,3.199999999999932,473306.0,larger,thinning_30_75,27
12,18.200000000000045,1.2000000000000455,384310.0,larger,thinning_30_75,27
13,33.80000000000018,0.5999999999999659,568084.0,larger,thinning_30_75,27
14,25.5,7.5,476548.0,larger,thinning_30_75,27
15,11.100000000000023,3.5,261303.0,larger,thinning_30_75,27
16,9.800000000000011,3.3999999999999915,241624.0,larger,thinning_30_75,27
17,7.5,0.8000000000000114,176165.0,larger,thinning_30_75,27
18,17.0,-2.0,375018.0,larger,thinning_30_75,27
19,12.700000000000045,3.3999999999999773,278268.0,larger,thinning_30_75,27
20,12.700000000000045,-0.700000000000017,333995.0,larger,thinning_30_75,27
21,9.0,-1.0999999999999943,234393.0,larger,thinning_30_75,27
22,14.5,2.1999999999999886,345962.0,larger,thinning_30_75,27
23,23.0,4.5,473600.0,larger,thinning_30_75,27
24,11.799999999999955,-0.5,246618.0,larger,thinning_30_75,27
25,7.5,2.299999999999997,258438.0,larger,thinning_30_75,27
26,21.299999999999955,-9.100000000000023,431490.0,larger,thinning_30_75,27
27,14.700000000000045,-2.8000000000000114,351990.0,larger,thinning_30_75,27
28,16.600000000000023,-0.19999999999998863,386979.0,larger,thinning_30_75,27
29,11.200000000000045,3.3999999999999773,254913.0,larger,thinning_30_75,27
30,34.20000000000027,4.900000000000091,593964.0,larger,thinning_30_75,27
31,22.0,0.7999999999999545,423416.0,larger,thinning_30_75,27
32,16.5,9.599999999999909,328926.0,larger,thinning_30_75,27
33,9.0,1.1999999999999957,221974.0,larger,thinning_30_75,27
34,10.099999999999909,3.799999999999983,237821.0,larger,thinning_30_75,27
35,11.100000000000023,-16.59999999999991,296021.0,larger,thinning_30_75,27
36,15.700000000000045,2.5,379545.0,larger,thinning_30_75,27
37,20.09999999999991,-3.400000000000091,405716.0,larger,thinning_30_75,27
38,18.90000000000009,3.6000000000000227,424452.0,larger,thinning_30_75,27
39,12.599999999999909,14.800000000000011,310032.0,larger,thinning_30_75,27
40,12.899999999999977,2.8999999999999773,313622.0,larger,thinning_30_75,27
41,17.0,2.0,383548.0,larger,thinning_30_75,27
42,14.5,-1.4000000000000057,331940.0,larger,thinning_30_75,27
43,7.400000000000091,-1.0,166162.0,larger,thinning_30_75,27
44,15.899999999999977,2.9000000000000057,372830.0,larger,thinning_30_75,27
45,9.699999999999989,2.3000000000000007,321962.0,larger,thinning_30_75,27
46,10.599999999999909,0.19999999999998863,264702.0,larger,thinning_30_75,27
47,21.399999999999864,23.700000000000045,466236.0,larger,thinning_30_75,27
48,11.100000000000023,2.200000000000017,249523.0,larger,thinning_30_75,27
49,15.0,3.1000000000000227,323500.0,larger,thinning_30_75,27
50,15.199999999999818,2.599999999999909,364674.0,larger,thinning_30_75,27
51,12.299999999999955,-1.1999999999999886,348069.0,larger,thinning_30_75,27
52,12.5,2.0,294861.0,larger,thinning_30_75,27
53,21.199999999999818,-10.200000000000045,398636.0,larger,thinning_30_75,27
54,26.0,1.1000000000000227,479246.0,larger,thinning_30_75,27
55,21.699999999999818,-7.5,421758.0,larger,thinning_30_75,27
56,20.0,9.100000000000023,394352.0,larger,thinning_30_75,27
57,8.700000000000045,3.3000000000000114,183358.0,larger,thinning_30_75,27
58,9.0,1.9000000000000057,238975.0,larger,thinning_30_75,27
59,27.800000000000182,23.0,517148.0,larger,thinning_30_75,27
60,13.700000000000045,0.8000000000000114,323526.0,larger,thinning_30_75,27
61,16.899999999999977,4.5,374925.0,larger,thinning_30_75,27
62,25.0,-16.699999999999818,463572.0,larger,thinning_30_75,27
63,16.59999999999991,-2.6999999999999886,348386.0,larger,thinning_30_75,27
64,10.299999999999955,2.799999999999997,214845.0,larger,thinning_30_75,27
65,19.399999999999864,8.5,390466.0,larger,thinning_30_75,27
66,18.0,0.39999999999997726,365068.0,larger,thinning_30_75,27
67,8.400000000000034,0.5999999999999943,244208.0,larger,thinning_30_75,27
68,18.199999999999932,15.400000000000034,403230.0,larger,thinning_30_75,27
69,11.799999999999955,5.199999999999989,309952.0,larger,thinning_30_75,27
70,32.30000000000018,10.699999999999932,520580.0,larger,thinning_30_75,27
71,12.800000000000068,0.7000000000000028,264474.0,larger,thinning_30_75,27
72,8.699999999999932,5.099999999999994,231767.0,larger,thinning_30_75,27
73,19.0,0.8999999999999773,389246.0,larger,thinning_30_75,27
74,17.600000000000136,1.700000000000017,374704.0,larger,thinning_30_75,27
75,23.699999999999818,2.1000000000000227,525672.0,larger,thinning_30_75,27
76,18.100000000000136,6.0,390098.0,larger,thinning_30_75,27
77,18.100000000000023,-0.8000000000000114,411089.0,larger,thinning_30_75,27
78,21.899999999999864,-1.099999999999909,423630.0,larger,thinning_30_75,27
79,12.299999999999955,13.400000000000091,254712.0,larger,thinning_30_75,27
80,12.699999999999989,-1.0,323466.0,larger,thinning_30_75,27
81,16.299999999999955,-0.7999999999999545,417236.0,larger,thinning_30_75,27
82,19.299999999999955,3.3000000000000114,437158.0,larger,thinning_30_75,27
83,13.800000000000068,3.3000000000000114,307517.0,larger,thinning_30_75,27
84,9.300000000000068,2.6999999999999886,313432.0,larger,thinning_30_75,27
85,17.0,13.600000000000023,371972.0,larger,thinning_30_75,27
86,11.700000000000045,2.0,342441.0,larger,thinning_30_75,27
87,14.799999999999955,6.7000000000000455,341687.0,larger,thinning_30_75,27
88,10.000000000000028,1.5,304466.0,larger,thinning_30_75,27
89,9.5,4.299999999999983,260131.0,larger,thinning_30_75,27
90,23.5,37.700000000000045,494510.0,larger,thinning_30_75,27
91,15.100000000000023,1.8000000000000114,365363.0,larger,thinning_30_75,27
92,13.0,5.0,294567.0,larger,thinning_30_75,27
93,8.5,3.1999999999999886,196965.0,larger,thinning_30_75,27
94,10.0,2.3999999999999986,268126.0,larger,thinning_30_75,27
95,15.600000000000136,4.0,382598.0,larger,thinning_30_75,27
96,12.700000000000045,3.5,274884.0,larger,thinning_30_75,27
97,5.700000000000017,1.5,173390.0,larger,thinning_30_75,27
98,10.599999999999909,5.099999999999994,304907.0,larger,thinning_30_75,27
99,7.899999999999977,3.3999999999999986,245685.0,larger,thinning_30_75,27
100,20.09999999999991,2.6999999999999886,424024.0,larger,thinning_30_75,27
1,7.800000000000068,0.5,201892.0,larger,thinning_65_90,28
2,13.400000000000091,1.1999999999999886,321224.0,larger,thinning_65_90,28
3,12.699999999999818,1.099999999999966,283802.0,larger,thinning_65_90,28
4,8.899999999999977,2.6999999999999886,225831.0,larger,thinning_65_90,28
5,8.100000000000023,3.6000000000000227,185808.0,larger,thinning_65_90,28
6,11.5,5.0,288934.0,larger,thinning_65_90,28
7,12.800000000000182,2.6000000000000227,280010.0,larger,thinning_65_90,28
8,10.599999999999909,2.599999999999966,248858.0,larger,thinning_65_90,28
9,9.100000000000023,3.1000000000000227,241841.0,larger,thinning_65_90,28
10,9.899999999999977,0.09999999999999432,249470.0,larger,thinning_65_90,28
11,19.299999999999955,1.6999999999999318,412222.0,larger,thinning_65_90,28
12,14.200000000000045,0.30000000000001137,304644.0,larger,thinning_65_90,28
13,24.5,-15.100000000000023,425856.0,larger,thinning_65_90,28
14,19.09999999999991,3.400000000000091,374540.0,larger,thinning_65_90,28
15,9.200000000000045,3.0,214820.0,larger,thinning_65_90,28
16,8.199999999999989,3.9000000000000057,196135.0,larger,thinning_65_90,28
17,5.699999999999932,-3.599999999999966,132631.0,larger,thinning_65_90,28
18,12.200000000000045,-3.4000000000000057,271546.0,larger,thinning_65_90,28
19,9.5,2.3000000000000114,215604.0,larger,thinning_65_90,28
20,10.700000000000045,3.6999999999999886,269489.0,larger,thinning_65_90,28
21,7.400000000000034,-1.9000000000000057,191753.0,larger,thinning_65_90,28
22,11.5,1.4000000000000057,274504.0,larger,thinning_65_90,28
23,18.100000000000136,1.3000000000000682,378320.0,larger,thinning_65_90,28
24,7.099999999999909,-2.2000000000000455,147600.0,larger,thinning_65_90,28
25,7.0,1.7999999999999972,234989.0,larger,thinning_65_90,28
26,15.599999999999909,-12.100000000000023,334796.0,larger,thinning_65_90,28
27,9.899999999999864,-3.6999999999999886,249392.0,larger,thinning_65_90,28
28,12.0,2.200000000000017,292077.0,larger,thinning_65_90,28
29,7.2000000000000455,1.0999999999999943,163432.0,larger,thinning_65_90,28
30,30.5,-0.7999999999997272,536444.0,larger,thinning_65_90,28
31,19.90000000000009,4.599999999999909,374664.0,larger,thinning_65_90,28
32,14.600000000000136,2.099999999999909,296538.0,larger,thinning_65_90,28
33,7.199999999999989,0.19999999999999574,171836.0,larger,thinning_65_90,28
34,7.099999999999909,2.1999999999999886,161618.0,larger,thinning_65_90,28
35,7.600000000000023,-17.0,220764.0,larger,thinning_65_90,28
36,12.399999999999977,2.3000000000000114,308321.0,larger,thinning_65_90,28
37,15.700000000000273,1.0,323704.0,larger,thinning_65_90,28
38,16.600000000000136,5.100000000000023,369396.0,larger,thinning_65_90,28
39,10.0,6.5,248900.0,larger,thinning_65_90,28
40,9.0,1.8999999999999773,229246.0,larger,thinning_65_90,28
41,10.599999999999909,1.6999999999999886,262150.0,larger,thinning_65_90,28
42,10.900000000000091,-1.6999999999999886,257019.0,larger,thinning_65_90,28
43,3.7000000000000455,1.1999999999999886,78444.0,larger,thinning_65_90,28
44,12.100000000000023,2.8000000000000114,289694.0,larger,thinning_65_90,28
45,6.599999999999994,1.8000000000000007,233674.0,larger,thinning_65_90,28
46,6.7000000000000455,0.19999999999998863,174120.0,larger,thinning_65_90,28
47,14.599999999999909,20.100000000000023,338558.0,larger,thinning_65_90,28
48,8.899999999999977,2.200000000000017,201259.0,larger,thinning_65_90,28
49,11.5,3.800000000000068,253866.0,larger,thinning_65_90,28
50,12.399999999999864,2.5,301174.0,larger,thinning_65_90,28
51,9.5,-2.0,281057.0,larger,thinning_65_90,28
52,8.600000000000023,1.0,212553.0,larger,thinning_65_90,28
53,18.0,-5.2000000000000455,338204.0,larger,thinning_65_90,28
54,22.100000000000136,-1.1000000000000227,412634.0,larger,thinning_65_90,28
55,17.0,-7.100000000000023,339434.0,larger,thinning_65_90,28
56,15.299999999999955,9.0,303334.0,larger,thinning_65_90,28
57,6.5,1.8000000000000114,140540.0,larger,thinning_65_90,28
58,6.7000000000000455,1.9000000000000057,184009.0,larger,thinning_65_90,28
59,23.59999999999991,-8.100000000000136,450576.0,larger,thinning_65_90,28
60,12.200000000000045,0.30000000000001137,287554.0,larger,thinning_65_90,28
61,13.799999999999955,2.6999999999999886,315477.0,larger,thinning_65_90,28
62,20.699999999999818,0.8000000000001819,392208.0,larger,thinning_65_90,28
63,14.899999999999977,0.0,309894.0,larger,thinning_65_90,28
64,6.100000000000023,1.8999999999999915,128289.0,larger,thinning_65_90,28
65,15.899999999999864,8.200000000000045,333406.0,larger,thinning_65_90,28
66,13.200000000000045,2.6999999999999886,274422.0,larger,thinning_65_90,28
67,6.199999999999989,-0.5999999999999943,179558.0,larger,thinning_65_90,28
68,15.399999999999977,13.800000000000011,351208.0,larger,thinning_65_90,28
69,9.0,1.0999999999999943,246502.0,larger,thinning_65_90,28
70,24.0,-0.39999999999997726,407816.0,larger,thinning_65_90,28
71,10.399999999999977,1.0999999999999943,211638.0,larger,thinning_65_90,28
72,6.199999999999932,2.6999999999999886,160717.0,larger,thinning_65_90,28
73,18.5,5.099999999999909,380288.0,larger,thinning_65_90,28
74,15.100000000000136,1.3000000000000114,326688.0,larger,thinning_65_90,28
75,18.0,0.900000000000091,416342.0,larger,thinning_65_90,28
76,13.600000000000136,3.2000000000000455,311844.0,larger,thinning_65_90,28
77,12.700000000000045,-3.6000000000000227,301902.0,larger,thinning_65_90,28
78,18.299999999999955,4.5,366528.0,larger,thinning_65_90,28
79,10.699999999999818,8.800000000000068,225668.0,larger,thinning_65_90,28
80,9.799999999999955,-0.6000000000000085,255554.0,larger,thinning_65_90,28
81,13.699999999999818,0.8000000000000682,353124.0,larger,thinning_65_90,28
82,14.799999999999955,2.3000000000000114,358632.0,larger,thinning_65_90,28
83,9.0,-2.099999999999966,213799.0,larger,thinning_65_90,28
84,7.5,2.0,244345.0,larger,thinning_65_90,28
85,13.900000000000091,-10.799999999999955,304136.0,larger,thinning_65_90,28
86,8.900000000000034,1.3999999999999915,258652.0,larger,thinning_65_90,28
87,11.5,5.900000000000034,270052.0,larger,thinning_65_90,28
88,7.800000000000011,0.8999999999999986,243060.0,larger,thinning_65_90,28
89,8.100000000000023,1.5,219808.0,larger,thinning_65_90,28
90,18.299999999999955,65.80000000000018,404970.0,larger,thinning_65_90,28
91,10.799999999999955,2.4000000000000057,261248.0,larger,thinning_65_90,28
92,9.799999999999955,4.5,236068.0,larger,thinning_65_90,28
93,5.7000000000000455,2.5,129454.0,larger,thinning_65_90,28
94,6.699999999999989,1.6000000000000014,175529.0,larger,thinning_65_90,28
95,11.800000000000182,0.5,303084.0,larger,thinning_65_90,28
96,10.799999999999955,3.8000000000000114,236916.0,larger,thinning_65_90,28
97,5.0,1.1000000000000014,144220.0,larger,thinning_65_90,28
98,7.899999999999977,2.1999999999999886,224912.0,larger,thinning_65_90,28
99,5.099999999999966,2.799999999999997,169082.0,larger,thinning_65_90,28
100,15.400000000000091,0.10000000000002274,332714.0,larger,thinning_65_90,28
1,12.600000000000023,0.7000000000000028,351884.0,larger,thinning_30_75,29
2,29.5,-1.6999999999999886,634321.0,larger,thinning_30_75,29
3,38.69999999999982,-0.30000000000001137,672864.0,larger,thinning_30_75,29
4,35.799999999999955,11.099999999999994,662185.0,larger,thinning_30_75,29
5,30.799999999999955,8.900000000000006,610368.0,larger,thinning_30_75,29
6,29.699999999999818,2.099999999999909,594050.0,larger,thinning_30_75,29
7,41.0,37.30000000000007,710822.0,larger,thinning_30_75,29
8,35.799999999999955,8.699999999999989,693250.0,larger,thinning_30_75,29
9,25.200000000000045,26.80000000000001,566967.0,larger,thinning_30_75,29
10,29.799999999999955,7.799999999999983,606355.0,larger,thinning_30_75,29
11,43.59999999999991,16.699999999999932,769176.0,larger,thinning_30_75,29
12,42.90000000000009,-0.19999999999998863,721778.0,larger,thinning_30_75,29
13,56.69999999999982,1.3000000000000114,784344.0,larger,thinning_30_75,29
14,65.5,17.300000000000182,943068.0,larger,thinning_30_75,29
15,36.5,11.700000000000017,705690.0,larger,thinning_30_75,29
16,26.5,8.199999999999989,555090.0,larger,thinning_30_75,29
17,16.399999999999977,-5.599999999999966,388979.0,larger,thinning_30_75,29
18,34.39999999999998,3.8999999999999773,636405.0,larger,thinning_30_75,29
19,37.0,3.8999999999999773,632228.0,larger,thinning_30_75,29
20,22.5,2.6999999999999886,537286.0,larger,thinning_30_75,29
21,25.200000000000045,1.2000000000000028,558205.0,larger,thinning_30_75,29
22,21.799999999999955,2.0,522445.0,larger,thinning_30_75,29
23,43.5,1.1000000000000227,724510.0,larger,thinning_30_75,29
24,36.09999999999991,2.099999999999966,616540.0,larger,thinning_30_75,29
25,20.0,0.8999999999999986,586318.0,larger,thinning_30_75,29
26,37.899999999999864,75.70000000000005,676362.0,larger,thinning_30_75,29
27,33.899999999999864,-6.800000000000011,684432.0,larger,thinning_30_75,29
28,38.80000000000007,10.0,740111.0,larger,thinning_30_75,29
29,30.200000000000045,4.399999999999977,571285.0,larger,thinning_30_75,29
30,56.30000000000018,-14.199999999999818,915476.0,larger,thinning_30_75,29
31,57.40000000000009,3.0,882884.0,larger,thinning_30_75,29
32,52.0,103.79999999999995,804694.0,larger,thinning_30_75,29
33,26.5,4.5,570103.0,larger,thinning_30_75,29
34,21.5,5.899999999999977,475136.0,larger,thinning_30_75,29
35,17.600000000000023,-17.799999999999955,491175.0,larger,thinning_30_75,29
36,26.0,0.8000000000000114,580040.0,larger,thinning_30_75,29
37,36.90000000000009,-27.90000000000009,566396.0,larger,thinning_30_75,29
38,46.40000000000009,1.3999999999999773,822932.0,larger,thinning_30_75,29
39,39.0,171.60000000000002,742154.0,larger,thinning_30_75,29
40,20.5,-1.3999999999999773,484032.0,larger,thinning_30_75,29
41,34.399999999999864,-5.5,667388.0,larger,thinning_30_75,29
42,33.10000000000002,2.6999999999999886,649094.0,larger,thinning_30_75,29
43,22.700000000000045,6.300000000000011,425155.0,larger,thinning_30_75,29
44,28.299999999999955,4.599999999999994,583583.0,larger,thinning_30_75,29
45,20.5,2.8999999999999986,599507.0,larger,thinning_30_75,29
46,23.40000000000009,6.899999999999977,492046.0,larger,thinning_30_75,29
47,39.200000000000045,39.5,677854.0,larger,thinning_30_75,29
48,33.39999999999998,6.599999999999994,625995.0,larger,thinning_30_75,29
49,33.19999999999982,8.600000000000023,567294.0,larger,thinning_30_75,29
50,29.59999999999991,-7.7000000000000455,595948.0,larger,thinning_30_75,29
51,29.399999999999977,4.6000000000000085,671719.0,larger,thinning_30_75,29
52,29.799999999999955,6.5,588710.0,larger,thinning_30_75,29
53,46.0,0.1999999999998181,656284.0,larger,thinning_30_75,29
54,54.200000000000045,-46.200000000000045,805640.0,larger,thinning_30_75,29
55,56.5,36.19999999999999,827134.0,larger,thinning_30_75,29
56,53.200000000000045,17.0,828802.0,larger,thinning_30_75,29
57,32.799999999999955,6.300000000000011,582546.0,larger,thinning_30_75,29
58,20.5,2.700000000000017,518467.0,larger,thinning_30_75,29
59,57.09999999999991,137.19999999999982,852416.0,larger,thinning_30_75,29
60,34.59999999999991,-4.300000000000011,663812.0,larger,thinning_30_75,29
61,36.89999999999998,6.5,681756.0,larger,thinning_30_75,29
62,54.90000000000009,-2.5,776976.0,larger,thinning_30_75,29
63,51.09999999999991,-2.6999999999999886,828890.0,larger,thinning_30_75,29
64,30.200000000000045,6.0,562024.0,larger,thinning_30_75,29
65,43.69999999999982,15.900000000000034,724828.0,larger,thinning_30_75,29
66,45.200000000000045,-13.200000000000045,749916.0,larger,thinning_30_75,29
67,24.30000000000001,2.0,606467.0,larger,thinning_30_75,29
68,30.600000000000023,23.400000000000034,619255.0,larger,thinning_30_75,29
69,30.0,7.900000000000006,624814.0,larger,thinning_30_75,29
70,51.0,-17.100000000000023,708684.0,larger,thinning_30_75,29
71,38.89999999999998,0.3999999999999915,665876.0,larger,thinning_30_75,29
72,26.5,9.199999999999989,567900.0,larger,thinning_30_75,29
73,32.5,0.39999999999997726,558210.0,larger,thinning_30_75,29
74,39.90000000000009,3.4000000000000057,694290.0,larger,thinning_30_75,29
75,52.69999999999982,14.5,905106.0,larger,thinning_30_75,29
76,53.600000000000136,57.700000000000045,879234.0,larger,thinning_30_75,29
77,40.30000000000007,-15.300000000000011,756810.0,larger,thinning_30_75,29
78,54.59999999999991,5.900000000000091,827648.0,larger,thinning_30_75,29
79,40.5,29.300000000000068,661316.0,larger,thinning_30_75,29
80,33.299999999999955,7.8999999999999915,684518.0,larger,thinning_30_75,29
81,39.899999999999864,14.900000000000091,802780.0,larger,thinning_30_75,29
82,48.0,32.80000000000001,857702.0,larger,thinning_30_75,29
83,39.10000000000002,3.6000000000000227,706669.0,larger,thinning_30_75,29
84,21.40000000000009,0.19999999999998863,603696.0,larger,thinning_30_75,29
85,43.40000000000009,115.70000000000005,757736.0,larger,thinning_30_75,29
86,24.5,5.299999999999997,620918.0,larger,thinning_30_75,29
87,29.100000000000023,-13.599999999999966,601835.0,larger,thinning_30_75,29
88,24.50000000000003,3.200000000000003,641326.0,larger,thinning_30_75,29
89,23.399999999999977,8.799999999999983,546911.0,larger,thinning_30_75,29
90,41.899999999999864,40.5,751128.0,larger,thinning_30_75,29
91,31.199999999999932,-1.3999999999999915,665291.0,larger,thinning_30_75,29
92,35.200000000000045,50.900000000000034,647665.0,larger,thinning_30_75,29
93,19.700000000000045,4.0,432339.0,larger,thinning_30_75,29
94,20.5,5.100000000000001,505495.0,larger,thinning_30_75,29
95,27.0,4.399999999999977,626676.0,larger,thinning_30_75,29
96,34.40000000000009,4.5,628612.0,larger,thinning_30_75,29
97,18.200000000000017,3.1000000000000014,509978.0,larger,thinning_30_75,29
98,15.0,-1.0,458721.0,larger,thinning_30_75,29
99,16.19999999999999,5.299999999999997,484836.0,larger,thinning_30_75,29
100,35.700000000000045,26.0,639018.0,larger,thinning_30_75,29
1,9.100000000000023,10.0,283944.0,larger,thinning_65_90,30
2,23.100000000000023,0.30000000000001137,509873.0,larger,thinning_65_90,30
3,28.0,-1.1000000000000227,507718.0,larger,thinning_65_90,30
4,24.699999999999932,7.5,487530.0,larger,thinning_65_90,30
5,22.799999999999955,7.200000000000017,467206.0,larger,thinning_65_90,30
6,25.09999999999991,2.199999999999932,533636.0,larger,thinning_65_90,30
7,34.0,10.400000000000091,618160.0,larger,thinning_65_90,30
8,30.0,8.199999999999989,584254.0,larger,thinning_65_90,30
9,19.5,6.2000000000000455,473141.0,larger,thinning_65_90,30
10,22.100000000000023,3.299999999999983,480657.0,larger,thinning_65_90,30
11,32.799999999999955,14.600000000000023,619546.0,larger,thinning_65_90,30
12,32.700000000000045,-0.39999999999997726,584478.0,larger,thinning_65_90,30
13,42.0,3.0,589072.0,larger,thinning_65_90,30
14,44.09999999999991,29.700000000000045,697140.0,larger,thinning_65_90,30
15,30.700000000000045,11.0,606352.0,larger,thinning_65_90,30
16,22.100000000000023,7.199999999999989,465292.0,larger,thinning_65_90,30
17,14.899999999999977,-3.3999999999999773,346991.0,larger,thinning_65_90,30
18,22.700000000000045,1.799999999999983,453880.0,larger,thinning_65_90,30
19,25.40000000000009,5.5,473522.0,larger,thinning_65_90,30
20,18.899999999999977,3.8999999999999773,451356.0,larger,thinning_65_90,30
21,19.30000000000001,0.7000000000000028,461956.0,larger,thinning_65_90,30
22,18.19999999999999,4.900000000000006,427329.0,larger,thinning_65_90,30
23,34.0,-2.5,573026.0,larger,thinning_65_90,30
24,25.299999999999955,2.3999999999999773,440962.0,larger,thinning_65_90,30
25,14.5,0.3999999999999986,473656.0,larger,thinning_65_90,30
26,27.0,5.399999999999977,500808.0,larger,thinning_65_90,30
27,26.09999999999991,-9.5,556848.0,larger,thinning_65_90,30
28,26.700000000000045,-2.3999999999999773,573855.0,larger,thinning_65_90,30
29,22.700000000000045,3.0,440445.0,larger,thinning_65_90,30
30,48.20000000000027,15.100000000000364,821052.0,larger,thinning_65_90,30
31,56.69999999999982,8.799999999999955,830572.0,larger,thinning_65_90,30
32,44.700000000000045,41.59999999999991,703844.0,larger,thinning_65_90,30
33,21.19999999999999,3.5999999999999943,473504.0,larger,thinning_65_90,30
34,16.299999999999955,4.599999999999994,370971.0,larger,thinning_65_90,30
35,12.700000000000045,-18.399999999999977,404384.0,larger,thinning_65_90,30
36,21.300000000000068,2.5999999999999943,481719.0,larger,thinning_65_90,30
37,29.59999999999991,-3.0,472448.0,larger,thinning_65_90,30
38,30.90000000000009,-15.299999999999955,635622.0,larger,thinning_65_90,30
39,29.899999999999977,10.0,593111.0,larger,thinning_65_90,30
40,17.899999999999977,-0.5,423874.0,larger,thinning_65_90,30
41,23.899999999999864,-2.400000000000034,506150.0,larger,thinning_65_90,30
42,26.100000000000023,-2.4000000000000057,539329.0,larger,thinning_65_90,30
43,16.800000000000068,7.300000000000011,311620.0,larger,thinning_65_90,30
44,17.5,2.4000000000000057,412040.0,larger,thinning_65_90,30
45,13.199999999999989,2.3999999999999986,439092.0,larger,thinning_65_90,30
46,17.799999999999955,5.199999999999989,389570.0,larger,thinning_65_90,30
47,25.5,26.0,478788.0,larger,thinning_65_90,30
48,26.800000000000068,5.0,526843.0,larger,thinning_65_90,30
49,29.59999999999991,20.600000000000023,513636.0,larger,thinning_65_90,30
50,28.5,0.8999999999998636,553704.0,larger,thinning_65_90,30
51,21.5,1.8000000000000114,540980.0,larger,thinning_65_90,30
52,21.200000000000045,3.9000000000000057,451316.0,larger,thinning_65_90,30
53,38.5,-19.800000000000182,553716.0,larger,thinning_65_90,30
54,46.0,-67.20000000000005,710044.0,larger,thinning_65_90,30
55,46.19999999999982,26.30000000000001,694474.0,larger,thinning_65_90,30
56,43.0,16.30000000000001,674418.0,larger,thinning_65_90,30
57,26.100000000000136,5.600000000000023,485274.0,larger,thinning_65_90,30
58,17.0,2.5,444584.0,larger,thinning_65_90,30
59,45.59999999999991,8.099999999999909,694304.0,larger,thinning_65_90,30
60,35.09999999999991,-1.3000000000000114,656240.0,larger,thinning_65_90,30
61,27.699999999999932,5.400000000000006,542869.0,larger,thinning_65_90,30
62,41.69999999999982,-19.399999999999864,631200.0,larger,thinning_65_90,30
63,45.69999999999993,-0.5999999999999943,751644.0,larger,thinning_65_90,30
64,24.200000000000045,4.8999999999999915,455240.0,larger,thinning_65_90,30
65,36.19999999999982,8.100000000000023,617188.0,larger,thinning_65_90,30
66,36.799999999999955,10.199999999999932,612018.0,larger,thinning_65_90,30
67,19.19999999999999,2.799999999999997,495827.0,larger,thinning_65_90,30
68,22.699999999999932,15.400000000000034,506630.0,larger,thinning_65_90,30
69,20.399999999999977,2.9000000000000057,482512.0,larger,thinning_65_90,30
70,38.20000000000027,-29.300000000000068,557284.0,larger,thinning_65_90,30
71,32.69999999999993,3.3999999999999915,570622.0,larger,thinning_65_90,30
72,21.899999999999977,7.799999999999983,474652.0,larger,thinning_65_90,30
73,28.799999999999955,8.799999999999955,506606.0,larger,thinning_65_90,30
74,29.799999999999955,3.1000000000000227,550074.0,larger,thinning_65_90,30
75,40.59999999999991,9.600000000000023,728198.0,larger,thinning_65_90,30
76,44.0,53.700000000000045,761580.0,larger,thinning_65_90,30
77,33.30000000000007,-12.699999999999989,633217.0,larger,thinning_65_90,30
78,40.399999999999864,7.800000000000068,660678.0,larger,thinning_65_90,30
79,35.59999999999991,10.800000000000068,607550.0,larger,thinning_65_90,30
80,27.5,5.3999999999999915,593360.0,larger,thinning_65_90,30
81,32.899999999999864,8.900000000000091,696536.0,larger,thinning_65_90,30
82,40.700000000000045,3.3999999999999773,748970.0,larger,thinning_65_90,30
83,31.5,7.800000000000011,583534.0,larger,thinning_65_90,30
84,18.90000000000009,2.5999999999999943,527446.0,larger,thinning_65_90,30
85,27.299999999999955,-7.5,550340.0,larger,thinning_65_90,30
86,22.0,7.0,535606.0,larger,thinning_65_90,30
87,19.600000000000023,11.900000000000034,442668.0,larger,thinning_65_90,30
88,17.099999999999994,2.3000000000000043,495252.0,larger,thinning_65_90,30
89,17.399999999999977,0.29999999999998295,445979.0,larger,thinning_65_90,30
90,34.200000000000045,92.40000000000009,630744.0,larger,thinning_65_90,30
91,21.5,-2.0,490263.0,larger,thinning_65_90,30
92,26.200000000000045,11.5,521277.0,larger,thinning_65_90,30
93,15.200000000000045,3.1999999999999886,344577.0,larger,thinning_65_90,30
94,14.800000000000011,3.6000000000000014,381440.0,larger,thinning_65_90,30
95,23.200000000000045,1.7000000000000455,528694.0,larger,thinning_65_90,30
96,30.100000000000136,5.199999999999989,553112.0,larger,thinning_65_90,30
97,15.200000000000017,2.700000000000003,443826.0,larger,thinning_65_90,30
98,9.699999999999932,0.09999999999999432,340386.0,larger,thinning_65_90,30
99,10.5,4.399999999999999,357901.0,larger,thinning_65_90,30
100,24.59999999999991,8.399999999999977,473684.0,larger,thinning_65_90,30
1,91.79999999999995,-11.299999999999997,1339030.0,larger,thinning_30_75,31
2,252.10000000000014,-59.80000000000001,2912584.0,larger,thinning_30_75,31
3,276.39999999999986,-9.400000000000034,3064128.0,larger,thinning_30_75,31
4,264.69999999999993,90.80000000000001,2910686.0,larger,thinning_30_75,31
5,224.39999999999998,1.8000000000000114,2689637.0,larger,thinning_30_75,31
6,205.5999999999999,137.29999999999995,2681930.0,larger,thinning_30_75,31
7,275.9000000000001,12.300000000000068,3146642.0,larger,thinning_30_75,31
8,233.19999999999982,82.5,2935500.0,larger,thinning_30_75,31
9,221.70000000000005,35.900000000000034,2775484.0,larger,thinning_30_75,31
10,215.60000000000002,34.29999999999998,2747226.0,larger,thinning_30_75,31
11,333.70000000000005,55.19999999999993,3666420.0,larger,thinning_30_75,31
12,263.0,-0.2999999999999545,2821094.0,larger,thinning_30_75,31
13,370.3000000000002,30.69999999999999,3799472.0,larger,thinning_30_75,31
14,264.0999999999999,82.60000000000014,2647212.0,larger,thinning_30_75,31
15,226.5,38.599999999999994,2747608.0,larger,thinning_30_75,31
16,228.50000000000006,19.900000000000006,2651647.0,larger,thinning_30_75,31
17,254.79999999999995,128.0,3110748.0,larger,thinning_30_75,31
18,276.1,65.39999999999998,3137409.0,larger,thinning_30_75,31
19,253.4000000000001,-201.8,3002192.0,larger,thinning_30_75,31
20,286.6,85.79999999999998,3158725.0,larger,thinning_30_75,31
21,211.10000000000002,108.19999999999999,2597680.0,larger,thinning_30_75,31
22,236.10000000000002,37.19999999999999,2818751.0,larger,thinning_30_75,31
23,293.5000000000002,-9.699999999999932,3225150.0,larger,thinning_30_75,31
24,256.0,82.09999999999997,2853190.0,larger,thinning_30_75,31
25,217.1,56.2,2807364.0,larger,thinning_30_75,31
26,291.79999999999995,-5.7999999999999545,3195770.0,larger,thinning_30_75,31
27,252.0999999999999,50.80000000000001,2973656.0,larger,thinning_30_75,31
28,287.0000000000001,203.40000000000003,3533967.0,larger,thinning_30_75,31
29,244.70000000000005,24.899999999999977,2912004.0,larger,thinning_30_75,31
30,431.4000000000001,-115.39999999999964,4196932.0,larger,thinning_30_75,31
31,309.6999999999998,49.399999999999864,3675716.0,larger,thinning_30_75,31
32,227.80000000000018,-40.0,2410154.0,larger,thinning_30_75,31
33,208.60000000000002,47.2,2445196.0,larger,thinning_30_75,31
34,162.29999999999995,3.299999999999983,2149275.0,larger,thinning_30_75,31
35,205.29999999999995,21.5,2901908.0,larger,thinning_30_75,31
36,294.9,123.80000000000001,3405630.0,larger,thinning_30_75,31
37,286.5,87.39999999999986,3025516.0,larger,thinning_30_75,31
38,237.79999999999995,61.19999999999993,3184886.0,larger,thinning_30_75,31
39,266.5999999999999,129.20000000000005,3218718.0,larger,thinning_30_75,31
40,313.79999999999995,296.0,3643072.0,larger,thinning_30_75,31
41,148.0,7.199999999999989,2054812.0,larger,thinning_30_75,31
42,254.0,-0.8000000000000114,2903721.0,larger,thinning_30_75,31
43,280.9000000000001,49.900000000000006,2999407.0,larger,thinning_30_75,31
44,228.70000000000005,57.39999999999998,2755247.0,larger,thinning_30_75,31
45,220.8,45.60000000000001,2759161.0,larger,thinning_30_75,31
46,237.70000000000005,29.899999999999977,2787890.0,larger,thinning_30_75,31
47,284.0999999999999,234.70000000000005,3040128.0,larger,thinning_30_75,31
48,225.80000000000007,43.70000000000002,2642780.0,larger,thinning_30_75,31
49,294.0999999999999,87.40000000000009,3302126.0,larger,thinning_30_75,31
50,293.6999999999998,127.70000000000005,3773846.0,larger,thinning_30_75,31
51,221.60000000000002,32.60000000000001,2728336.0,larger,thinning_30_75,31
52,212.0,57.79999999999998,2469175.0,larger,thinning_30_75,31
53,270.9000000000001,-213.4000000000001,2753656.0,larger,thinning_30_75,31
54,316.29999999999995,-68.89999999999998,3242490.0,larger,thinning_30_75,31
55,240.5999999999999,38.5,2658042.0,larger,thinning_30_75,31
56,297.20000000000005,43.39999999999998,3012738.0,larger,thinning_30_75,31
57,225.70000000000005,65.20000000000005,2692426.0,larger,thinning_30_75,31
58,214.5,15.0,2599207.0,larger,thinning_30_75,31
59,295.0,93.69999999999982,3156436.0,larger,thinning_30_75,31
60,335.9000000000001,103.19999999999999,3732666.0,larger,thinning_30_75,31
61,414.30000000000007,63.099999999999994,4238022.0,larger,thinning_30_75,31
62,236.79999999999973,-253.29999999999995,2569740.0,larger,thinning_30_75,31
63,265.20000000000005,-57.3,2851084.0,larger,thinning_30_75,31
64,220.79999999999995,33.7,2552820.0,larger,thinning_30_75,31
65,348.5999999999999,-49.599999999999966,3765432.0,larger,thinning_30_75,31
66,235.20000000000005,-20.80000000000001,2715646.0,larger,thinning_30_75,31
67,220.7,45.30000000000001,2871152.0,larger,thinning_30_75,31
68,332.29999999999995,100.59999999999997,3698725.0,larger,thinning_30_75,31
69,236.80000000000007,-94.1,2881201.0,larger,thinning_30_75,31
70,415.8000000000002,-10.0,4079780.0,larger,thinning_30_75,31
71,148.80000000000007,2.5999999999999943,1840140.0,larger,thinning_30_75,31
72,238.39999999999998,76.19999999999999,2854586.0,larger,thinning_30_75,31
73,443.0,167.39999999999998,4505488.0,larger,thinning_30_75,31
74,176.60000000000014,0.5,2086362.0,larger,thinning_30_75,31
75,283.5999999999999,-227.5,3070318.0,larger,thinning_30_75,31
76,309.8000000000002,109.10000000000002,3582792.0,larger,thinning_30_75,31
77,298.10000000000014,-8.400000000000034,3295781.0,larger,thinning_30_75,31
78,356.1999999999998,8.400000000000091,3804312.0,larger,thinning_30_75,31
79,262.7999999999997,-116.79999999999995,2848024.0,larger,thinning_30_75,31
80,293.79999999999995,86.0,3411000.0,larger,thinning_30_75,31
81,366.79999999999995,-130.89999999999998,4049242.0,larger,thinning_30_75,31
82,276.70000000000005,82.19999999999999,3112000.0,larger,thinning_30_75,31
83,288.70000000000005,57.19999999999999,3209694.0,larger,thinning_30_75,31
84,260.6,121.19999999999999,3321101.0,larger,thinning_30_75,31
85,303.29999999999995,183.0,3299970.0,larger,thinning_30_75,31
86,266.70000000000005,59.599999999999994,3168935.0,larger,thinning_30_75,31
87,278.9999999999999,24.400000000000034,3249197.0,larger,thinning_30_75,31
88,230.6,38.199999999999996,2999552.0,larger,thinning_30_75,31
89,246.19999999999993,31.400000000000006,2850629.0,larger,thinning_30_75,31
90,290.60000000000014,179.0,3459566.0,larger,thinning_30_75,31
91,247.79999999999995,84.5,2873762.0,larger,thinning_30_75,31
92,263.5999999999999,64.30000000000001,3001651.0,larger,thinning_30_75,31
93,239.79999999999995,-45.70000000000002,2841156.0,larger,thinning_30_75,31
94,204.99999999999994,28.000000000000007,2611095.0,larger,thinning_30_75,31
95,253.4000000000001,33.200000000000045,3204460.0,larger,thinning_30_75,31
96,275.60000000000014,132.3,2999060.0,larger,thinning_30_75,31
97,173.40000000000003,10.600000000000001,2403236.0,larger,thinning_30_75,31
98,260.9,55.30000000000001,3227894.0,larger,thinning_30_75,31
99,205.7,107.69999999999999,2710786.0,larger,thinning_30_75,31
100,368.5999999999999,53.60000000000002,3870544.0,larger,thinning_30_75,31
1,56.200000000000045,-0.20000000000000284,958694.0,larger,thinning_65_90,32
2,170.9000000000001,33.19999999999999,2040362.0,larger,thinning_65_90,32
3,159.19999999999982,37.30000000000001,1945334.0,larger,thinning_65_90,32
4,153.19999999999993,14.400000000000006,1810488.0,larger,thinning_65_90,32
5,154.29999999999995,-24.0,1997450.0,larger,thinning_65_90,32
6,155.39999999999986,94.39999999999998,2225158.0,larger,thinning_65_90,32
7,233.80000000000018,58.90000000000009,2752168.0,larger,thinning_65_90,32
8,180.69999999999982,3.099999999999966,2222008.0,larger,thinning_65_90,32
9,118.80000000000007,3.0,1675891.0,larger,thinning_65_90,32
10,160.79999999999995,28.599999999999994,2068487.0,larger,thinning_65_90,32
11,190.20000000000005,11.600000000000023,2183362.0,larger,thinning_65_90,32
12,136.0999999999999,-30.099999999999966,1614846.0,larger,thinning_65_90,32
13,214.19999999999982,6.599999999999966,2253356.0,larger,thinning_65_90,32
14,130.0,-2.5,1664316.0,larger,thinning_65_90,32
15,145.80000000000007,17.900000000000006,1858446.0,larger,thinning_65_90,32
16,166.50000000000006,30.400000000000006,1942226.0,larger,thinning_65_90,32
17,165.5,52.60000000000002,2111383.0,larger,thinning_65_90,32
18,154.29999999999995,15.899999999999977,1800906.0,larger,thinning_65_90,32
19,149.70000000000005,-93.39999999999998,2017248.0,larger,thinning_65_90,32
20,190.60000000000002,41.79999999999998,2181559.0,larger,thinning_65_90,32
21,131.39999999999998,23.5,1770761.0,larger,thinning_65_90,32
22,154.29999999999995,15.300000000000011,1913263.0,larger,thinning_65_90,32
23,196.79999999999995,-17.5,2188540.0,larger,thinning_65_90,32
24,170.4000000000001,128.29999999999995,1929668.0,larger,thinning_65_90,32
25,127.1,16.299999999999997,1819940.0,larger,thinning_65_90,32
26,145.39999999999986,157.5999999999999,2091982.0,larger,thinning_65_90,32
27,121.70000000000005,-11.900000000000034,1597824.0,larger,thinning_65_90,32
28,183.60000000000002,61.19999999999999,2198552.0,larger,thinning_65_90,32
29,147.79999999999995,23.599999999999994,1870608.0,larger,thinning_65_90,32
30,287.9000000000001,5.400000000000091,2955156.0,larger,thinning_65_90,32
31,191.9000000000001,2512.7,2457700.0,larger,thinning_65_90,32
32,223.80000000000018,-14.900000000000091,2163934.0,larger,thinning_65_90,32
33,133.2,17.599999999999994,1732815.0,larger,thinning_65_90,32
34,132.5,-2.3000000000000114,1709287.0,larger,thinning_65_90,32
35,120.29999999999995,-9.099999999999909,1983028.0,larger,thinning_65_90,32
36,178.20000000000005,59.80000000000001,2193393.0,larger,thinning_65_90,32
37,183.9000000000001,-58.700000000000045,1991720.0,larger,thinning_65_90,32
38,128.20000000000005,-55.5,2075746.0,larger,thinning_65_90,32
39,178.29999999999995,27.600000000000023,2186699.0,larger,thinning_65_90,32
40,193.0999999999999,1.1000000000000227,2273646.0,larger,thinning_65_90,32
41,126.09999999999991,-63.10000000000002,1766122.0,larger,thinning_65_90,32
42,164.4000000000001,-13.0,2014844.0,larger,thinning_65_90,32
43,147.20000000000005,-23.0,1605930.0,larger,thinning_65_90,32
44,120.60000000000002,53.19999999999999,1466234.0,larger,thinning_65_90,32
45,117.69999999999999,10.7,1620255.0,larger,thinning_65_90,32
46,145.9000000000001,-22.100000000000023,1738526.0,larger,thinning_65_90,32
47,135.5,159.60000000000002,1626222.0,larger,thinning_65_90,32
48,137.10000000000002,38.0,1699434.0,larger,thinning_65_90,32
49,222.79999999999995,57.40000000000009,2382426.0,larger,thinning_65_90,32
50,186.79999999999973,-78.60000000000014,2544984.0,larger,thinning_65_90,32
51,136.89999999999998,12.300000000000011,1806185.0,larger,thinning_65_90,32
52,162.60000000000002,7.900000000000006,1975230.0,larger,thinning_65_90,32
53,224.5999999999999,-30.200000000000045,2208392.0,larger,thinning_65_90,32
54,157.20000000000005,-110.10000000000002,1724062.0,larger,thinning_65_90,32
55,144.69999999999982,-22.80000000000001,1700272.0,larger,thinning_65_90,32
56,158.0,4.899999999999977,1721472.0,larger,thinning_65_90,32
57,126.10000000000014,-13.099999999999966,1635332.0,larger,thinning_65_90,32
58,132.60000000000002,8.5,1755526.0,larger,thinning_65_90,32
59,239.19999999999982,-124.80000000000018,2357524.0,larger,thinning_65_90,32
60,236.79999999999995,-39.80000000000001,2461910.0,larger,thinning_65_90,32
61,202.10000000000002,21.099999999999994,2173689.0,larger,thinning_65_90,32
62,196.19999999999982,-139.69999999999982,2025556.0,larger,thinning_65_90,32
63,185.20000000000005,-77.6,2070262.0,larger,thinning_65_90,32
64,148.70000000000005,14.0,1780706.0,larger,thinning_65_90,32
65,233.29999999999995,-10.199999999999989,2625370.0,larger,thinning_65_90,32
66,185.70000000000005,14.100000000000023,2130440.0,larger,thinning_65_90,32
67,123.80000000000001,19.0,1728965.0,larger,thinning_65_90,32
68,161.29999999999995,29.100000000000023,1990469.0,larger,thinning_65_90,32
69,153.19999999999993,-20.200000000000017,2010747.0,larger,thinning_65_90,32
70,229.70000000000027,83.69999999999993,2294260.0,larger,thinning_65_90,32
71,110.30000000000007,24.0,1376392.0,larger,thinning_65_90,32
72,164.19999999999993,55.099999999999994,2024507.0,larger,thinning_65_90,32
73,249.89999999999986,107.89999999999998,2652788.0,larger,thinning_65_90,32
74,127.60000000000014,15.800000000000011,1555980.0,larger,thinning_65_90,32
75,226.19999999999982,-314.19999999999993,2498846.0,larger,thinning_65_90,32
76,253.9000000000001,181.70000000000005,2779326.0,larger,thinning_65_90,32
77,201.20000000000005,-20.0,2309701.0,larger,thinning_65_90,32
78,203.79999999999995,27.600000000000023,2202926.0,larger,thinning_65_90,32
79,200.69999999999982,4.400000000000091,2393716.0,larger,thinning_65_90,32
80,195.89999999999998,29.299999999999997,2395726.0,larger,thinning_65_90,32
81,244.5999999999999,-26.399999999999977,2793702.0,larger,thinning_65_90,32
82,230.5,81.5,2607832.0,larger,thinning_65_90,32
83,209.60000000000014,42.80000000000001,2387386.0,larger,thinning_65_90,32
84,179.0,61.19999999999999,2351118.0,larger,thinning_65_90,32
85,159.0999999999999,118.80000000000007,1911878.0,larger,thinning_65_90,32
86,135.0,29.799999999999997,1728685.0,larger,thinning_65_90,32
87,143.39999999999998,-60.799999999999955,1841493.0,larger,thinning_65_90,32
88,136.20000000000002,15.399999999999999,1934796.0,larger,thinning_65_90,32
89,146.69999999999993,-7.300000000000011,1802557.0,larger,thinning_65_90,32
90,176.5999999999999,-30.399999999999864,2123998.0,larger,thinning_65_90,32
91,167.79999999999995,31.60000000000001,2054514.0,larger,thinning_65_90,32
92,181.39999999999986,45.80000000000001,2152603.0,larger,thinning_65_90,32
93,158.70000000000005,13.799999999999983,1958161.0,larger,thinning_65_90,32
94,137.5,24.800000000000004,1860975.0,larger,thinning_65_90,32
95,171.10000000000014,-20.80000000000001,2358242.0,larger,thinning_65_90,32
96,200.4000000000001,155.5,2271604.0,larger,thinning_65_90,32
97,109.60000000000002,0.6000000000000014,1612603.0,larger,thinning_65_90,32
98,152.69999999999993,39.599999999999994,1983503.0,larger,thinning_65_90,32
99,113.39999999999998,26.799999999999997,1662615.0,larger,thinning_65_90,32
100,194.20000000000005,51.19999999999999,2145504.0,larger,thinning_65_90,32
1,115.90000000000009,-3.200000000000003,2074478.0,larger,thinning_30_75,33
2,275.70000000000005,7.800000000000011,3918470.0,larger,thinning_30_75,33
3,300.5,62.89999999999998,4073746.0,larger,thinning_30_75,33
4,258.79999999999995,74.5,3632905.0,larger,thinning_30_75,33
5,229.79999999999995,108.10000000000002,3314800.0,larger,thinning_30_75,33
6,225.0999999999999,-168.60000000000002,3423004.0,larger,thinning_30_75,33
7,272.3000000000002,41.40000000000009,3720304.0,larger,thinning_30_75,33
8,265.29999999999995,58.299999999999955,3770896.0,larger,thinning_30_75,33
9,204.9000000000001,17.5,3158125.0,larger,thinning_30_75,33
10,229.29999999999995,50.19999999999999,3542608.0,larger,thinning_30_75,33
11,348.4000000000001,34.39999999999998,4713556.0,larger,thinning_30_75,33
12,275.0,20.400000000000034,3696044.0,larger,thinning_30_75,33
13,421.4000000000001,40.900000000000034,5193580.0,larger,thinning_30_75,33
14,366.7000000000003,66.90000000000009,4452800.0,larger,thinning_30_75,33
15,223.80000000000007,74.9,3210414.0,larger,thinning_30_75,33
16,177.50000000000006,36.5,2717453.0,larger,thinning_30_75,33
17,178.0,42.80000000000001,2628016.0,larger,thinning_30_75,33
18,272.79999999999995,61.599999999999994,3848417.0,larger,thinning_30_75,33
19,247.30000000000018,-53.60000000000002,3390762.0,larger,thinning_30_75,33
20,226.20000000000005,63.5,3366169.0,larger,thinning_30_75,33
21,188.89999999999998,80.1,2861734.0,larger,thinning_30_75,33
22,213.79999999999995,47.400000000000006,3250938.0,larger,thinning_30_75,33
23,344.0000000000002,118.70000000000005,4576910.0,larger,thinning_30_75,33
24,246.4000000000001,4.399999999999977,3273312.0,larger,thinning_30_75,33
25,162.1,28.599999999999994,2906180.0,larger,thinning_30_75,33
26,320.20000000000005,29.100000000000023,4158146.0,larger,thinning_30_75,33
27,253.5999999999999,25.80000000000001,3769850.0,larger,thinning_30_75,33
28,287.30000000000007,83.0,4054119.0,larger,thinning_30_75,33
29,240.79999999999995,58.19999999999999,3344288.0,larger,thinning_30_75,33
30,430.00000000000045,52.0,5457012.0,larger,thinning_30_75,33
31,343.6999999999998,71.79999999999995,4514656.0,larger,thinning_30_75,33
32,279.2000000000003,154.0,3738374.0,larger,thinning_30_75,33
33,165.39999999999998,20.9,2571081.0,larger,thinning_30_75,33
34,161.0999999999999,24.399999999999977,2532842.0,larger,thinning_30_75,33
35,195.0,-336.99999999999994,3257712.0,larger,thinning_30_75,33
36,239.80000000000007,36.80000000000001,3588475.0,larger,thinning_30_75,33
37,334.5,44.89999999999998,4193572.0,larger,thinning_30_75,33
38,306.0000000000002,47.19999999999993,4215578.0,larger,thinning_30_75,33
39,250.20000000000005,84.0,3663010.0,larger,thinning_30_75,33
40,242.79999999999995,229.70000000000005,3447810.0,larger,thinning_30_75,33
41,232.19999999999982,-90.90000000000003,3534392.0,larger,thinning_30_75,33
42,229.60000000000002,27.599999999999994,3369671.0,larger,thinning_30_75,33
43,206.0,50.099999999999994,2800488.0,larger,thinning_30_75,33
44,241.5999999999999,56.69999999999999,3572805.0,larger,thinning_30_75,33
45,183.89999999999998,28.400000000000002,3165805.0,larger,thinning_30_75,33
46,218.70000000000005,52.599999999999966,3180240.0,larger,thinning_30_75,33
47,323.0999999999999,91.0,4282254.0,larger,thinning_30_75,33
48,202.5,46.0,2899435.0,larger,thinning_30_75,33
49,263.1999999999998,113.40000000000009,3538098.0,larger,thinning_30_75,33
50,308.6999999999998,42.299999999999955,4142720.0,larger,thinning_30_75,33
51,217.0,36.2,3414434.0,larger,thinning_30_75,33
52,210.79999999999995,21.0,3110121.0,larger,thinning_30_75,33
53,310.0999999999999,-24.700000000000045,3778344.0,larger,thinning_30_75,33
54,331.39999999999986,19.100000000000023,4224618.0,larger,thinning_30_75,33
55,310.9000000000001,39.599999999999966,4055942.0,larger,thinning_30_75,33
56,311.5,54.30000000000001,4065350.0,larger,thinning_30_75,33
57,196.9000000000001,64.70000000000005,2765130.0,larger,thinning_30_75,33
58,163.80000000000007,42.400000000000006,2587122.0,larger,thinning_30_75,33
59,345.8000000000002,297.6999999999998,4464476.0,larger,thinning_30_75,33
60,285.0,56.5,3929542.0,larger,thinning_30_75,33
61,310.69999999999993,43.0,4161788.0,larger,thinning_30_75,33
62,329.4000000000001,-107.39999999999986,4164236.0,larger,thinning_30_75,33
63,268.79999999999995,25.400000000000006,3584058.0,larger,thinning_30_75,33
64,196.79999999999995,43.499999999999986,2811866.0,larger,thinning_30_75,33
65,306.0999999999999,41.80000000000001,4072910.0,larger,thinning_30_75,33
66,296.79999999999995,56.799999999999955,3960002.0,larger,thinning_30_75,33
67,189.90000000000003,45.30000000000001,3105766.0,larger,thinning_30_75,33
68,294.29999999999995,357.40000000000003,4126449.0,larger,thinning_30_75,33
69,224.10000000000002,53.900000000000006,3331823.0,larger,thinning_30_75,33
70,456.7000000000003,142.39999999999998,5181272.0,larger,thinning_30_75,33
71,190.30000000000007,13.5,2783578.0,larger,thinning_30_75,33
72,186.39999999999998,85.79999999999998,2820980.0,larger,thinning_30_75,33
73,356.5,90.39999999999998,4482260.0,larger,thinning_30_75,33
74,249.5,31.100000000000023,3511156.0,larger,thinning_30_75,33
75,355.6999999999998,188.80000000000007,4764674.0,larger,thinning_30_75,33
76,325.0,150.5,4375258.0,larger,thinning_30_75,33
77,293.60000000000014,56.30000000000001,4105873.0,larger,thinning_30_75,33
78,365.1999999999998,49.30000000000007,4640612.0,larger,thinning_30_75,33
79,234.19999999999982,19.0,3085326.0,larger,thinning_30_75,33
80,247.69999999999993,57.099999999999994,3638084.0,larger,thinning_30_75,33
81,347.79999999999995,30.200000000000045,4679028.0,larger,thinning_30_75,33
82,309.79999999999995,146.29999999999995,4232494.0,larger,thinning_30_75,33
83,278.0,72.69999999999999,3781266.0,larger,thinning_30_75,33
84,212.70000000000005,78.69999999999999,3511435.0,larger,thinning_30_75,33
85,317.70000000000005,125.89999999999998,4189166.0,larger,thinning_30_75,33
86,220.20000000000005,37.19999999999999,3587468.0,larger,thinning_30_75,33
87,264.1,109.10000000000002,3766509.0,larger,thinning_30_75,33
88,191.50000000000003,32.00000000000001,3262878.0,larger,thinning_30_75,33
89,198.10000000000002,30.19999999999999,3000849.0,larger,thinning_30_75,33
90,318.70000000000005,121.20000000000005,4582896.0,larger,thinning_30_75,33
91,244.39999999999998,40.10000000000001,3653331.0,larger,thinning_30_75,33
92,244.20000000000005,98.60000000000002,3368941.0,larger,thinning_30_75,33
93,185.60000000000002,35.69999999999999,2730256.0,larger,thinning_30_75,33
94,175.2,38.300000000000004,2808789.0,larger,thinning_30_75,33
95,262.0,61.5,3880934.0,larger,thinning_30_75,33
96,263.0,100.19999999999999,3536474.0,larger,thinning_30_75,33
97,116.69999999999999,5.600000000000001,2175375.0,larger,thinning_30_75,33
98,203.19999999999993,61.5,3319126.0,larger,thinning_30_75,33
99,168.3,52.7,2838865.0,larger,thinning_30_75,33
100,354.9000000000001,50.39999999999998,4597458.0,larger,thinning_30_75,33
1,88.70000000000005,-4.400000000000006,1713708.0,larger,thinning_65_90,34
2,208.29999999999995,28.0,3046414.0,larger,thinning_65_90,34
3,202.69999999999982,27.399999999999977,2847038.0,larger,thinning_65_90,34
4,167.60000000000002,26.69999999999999,2449988.0,larger,thinning_65_90,34
5,163.10000000000002,53.80000000000001,2392743.0,larger,thinning_65_90,34
6,180.39999999999986,-218.00000000000006,2941582.0,larger,thinning_65_90,34
7,241.20000000000005,65.90000000000009,3291930.0,larger,thinning_65_90,34
8,202.19999999999982,77.29999999999995,2889054.0,larger,thinning_65_90,34
9,135.30000000000007,2.1000000000000227,2284926.0,larger,thinning_65_90,34
10,174.79999999999995,34.69999999999999,2778256.0,larger,thinning_65_90,34
11,256.29999999999995,9.399999999999977,3629136.0,larger,thinning_65_90,34
12,192.9000000000001,-2.599999999999966,2711300.0,larger,thinning_65_90,34
13,294.0,21.599999999999966,3687344.0,larger,thinning_65_90,34
14,246.80000000000018,30.700000000000045,3160556.0,larger,thinning_65_90,34
15,172.60000000000002,66.30000000000001,2556898.0,larger,thinning_65_90,34
16,133.2,36.599999999999994,2070791.0,larger,thinning_65_90,34
17,130.29999999999995,40.900000000000034,1950802.0,larger,thinning_65_90,34
18,175.70000000000005,36.19999999999999,2601760.0,larger,thinning_65_90,34
19,178.60000000000014,24.100000000000023,2572414.0,larger,thinning_65_90,34
20,171.10000000000002,32.599999999999994,2617670.0,larger,thinning_65_90,34
21,138.60000000000002,16.19999999999999,2237669.0,larger,thinning_65_90,34
22,151.60000000000002,27.099999999999994,2416908.0,larger,thinning_65_90,34
23,261.9000000000001,95.30000000000007,3530796.0,larger,thinning_65_90,34
24,170.5,3.2999999999999545,2314364.0,larger,thinning_65_90,34
25,119.79999999999998,16.799999999999997,2329498.0,larger,thinning_65_90,34
26,219.39999999999986,30.299999999999955,3052378.0,larger,thinning_65_90,34
27,159.0,-20.0,2527274.0,larger,thinning_65_90,34
28,205.89999999999998,40.900000000000034,2969183.0,larger,thinning_65_90,34
29,159.9000000000001,46.79999999999998,2327152.0,larger,thinning_65_90,34
30,359.7999999999997,37.70000000000027,4565156.0,larger,thinning_65_90,34
31,295.0999999999999,25.399999999999864,3800420.0,larger,thinning_65_90,34
32,260.5999999999999,70.79999999999995,3301408.0,larger,thinning_65_90,34
33,123.5,13.299999999999997,2014989.0,larger,thinning_65_90,34
34,119.69999999999993,2.0999999999999943,1860437.0,larger,thinning_65_90,34
35,131.79999999999995,-3.5,2415178.0,larger,thinning_65_90,34
36,175.60000000000002,22.599999999999994,2687726.0,larger,thinning_65_90,34
37,245.30000000000018,107.89999999999986,3195540.0,larger,thinning_65_90,34
38,209.89999999999986,55.60000000000002,3230214.0,larger,thinning_65_90,34
39,188.29999999999995,58.30000000000001,2826253.0,larger,thinning_65_90,34
40,168.5,25.399999999999977,2439312.0,larger,thinning_65_90,34
41,168.19999999999982,-49.700000000000045,2649460.0,larger,thinning_65_90,34
42,165.9000000000001,-5.300000000000011,2539870.0,larger,thinning_65_90,34
43,126.5,41.69999999999999,1684567.0,larger,thinning_65_90,34
44,154.5,32.400000000000006,2439655.0,larger,thinning_65_90,34
45,116.59999999999997,12.2,2210720.0,larger,thinning_65_90,34
46,156.4000000000001,8.299999999999955,2229482.0,larger,thinning_65_90,34
47,201.79999999999995,72.89999999999998,2819870.0,larger,thinning_65_90,34
48,145.20000000000005,17.80000000000001,2172457.0,larger,thinning_65_90,34
49,218.19999999999982,68.10000000000002,2794340.0,larger,thinning_65_90,34
50,238.5,22.399999999999864,3404424.0,larger,thinning_65_90,34
51,152.69999999999993,17.900000000000006,2568890.0,larger,thinning_65_90,34
52,157.20000000000005,41.099999999999994,2378068.0,larger,thinning_65_90,34
53,263.4000000000001,18.399999999999864,3157056.0,larger,thinning_65_90,34
54,242.70000000000005,3.8999999999999773,3204448.0,larger,thinning_65_90,34
55,237.4000000000001,42.89999999999998,3135600.0,larger,thinning_65_90,34
56,222.0,20.0,2947098.0,larger,thinning_65_90,34
57,133.79999999999995,38.5,2009836.0,larger,thinning_65_90,34
58,117.5,23.30000000000001,1977489.0,larger,thinning_65_90,34
59,296.4000000000001,119.09999999999991,3743808.0,larger,thinning_65_90,34
60,240.4000000000001,61.5,3329040.0,larger,thinning_65_90,34
61,195.79999999999995,35.099999999999994,2860284.0,larger,thinning_65_90,34
62,269.2999999999997,75.90000000000009,3419392.0,larger,thinning_65_90,34
63,224.29999999999995,10.599999999999994,3036212.0,larger,thinning_65_90,34
64,139.89999999999998,35.2,1999083.0,larger,thinning_65_90,34
65,247.79999999999995,32.900000000000034,3371740.0,larger,thinning_65_90,34
66,231.9000000000001,90.39999999999998,3103052.0,larger,thinning_65_90,34
67,125.19999999999999,19.299999999999997,2198446.0,larger,thinning_65_90,34
68,205.19999999999993,308.40000000000003,3099487.0,larger,thinning_65_90,34
69,166.19999999999993,42.20000000000002,2574104.0,larger,thinning_65_90,34
70,309.5,42.799999999999955,3667056.0,larger,thinning_65_90,34
71,151.80000000000007,32.099999999999994,2237114.0,larger,thinning_65_90,34
72,136.89999999999998,45.29999999999998,2093197.0,larger,thinning_65_90,34
73,269.39999999999986,54.59999999999991,3581480.0,larger,thinning_65_90,34
74,204.79999999999995,19.400000000000006,2964148.0,larger,thinning_65_90,34
75,288.39999999999964,45.90000000000009,3896286.0,larger,thinning_65_90,34
76,267.60000000000014,164.60000000000002,3574350.0,larger,thinning_65_90,34
77,216.10000000000014,45.89999999999998,3069069.0,larger,thinning_65_90,34
78,265.0,-15.699999999999932,3515038.0,larger,thinning_65_90,34
79,209.4000000000001,77.40000000000009,2798100.0,larger,thinning_65_90,34
80,189.39999999999998,22.599999999999994,2866158.0,larger,thinning_65_90,34
81,263.6999999999998,88.30000000000007,3720860.0,larger,thinning_65_90,34
82,258.9000000000001,113.5,3591798.0,larger,thinning_65_90,34
83,213.10000000000014,59.19999999999999,2918628.0,larger,thinning_65_90,34
84,165.0,53.30000000000001,2765907.0,larger,thinning_65_90,34
85,218.29999999999995,113.89999999999998,3008922.0,larger,thinning_65_90,34
86,143.30000000000007,18.099999999999994,2502865.0,larger,thinning_65_90,34
87,176.10000000000002,64.70000000000005,2661645.0,larger,thinning_65_90,34
88,131.4,25.000000000000007,2425092.0,larger,thinning_65_90,34
89,142.19999999999993,20.299999999999983,2254228.0,larger,thinning_65_90,34
90,241.29999999999995,132.80000000000018,3548622.0,larger,thinning_65_90,34
91,171.10000000000002,48.5,2662436.0,larger,thinning_65_90,34
92,190.79999999999995,70.5,2660533.0,larger,thinning_65_90,34
93,130.70000000000005,37.29999999999998,1916133.0,larger,thinning_65_90,34
94,118.0,4.699999999999996,1989687.0,larger,thinning_65_90,34
95,195.9000000000001,28.100000000000023,3005022.0,larger,thinning_65_90,34
96,215.20000000000005,93.89999999999998,2934264.0,larger,thinning_65_90,34
97,84.80000000000001,4.399999999999999,1653664.0,larger,thinning_65_90,34
98,139.0,23.5,2390552.0,larger,thinning_65_90,34
99,100.39999999999998,11.299999999999997,1912096.0,larger,thinning_65_90,34
100,224.79999999999995,42.30000000000001,3083518.0,larger,thinning_65_90,34
1,103.0,7.099999999999994,1822920.0,larger,thinning_30_75,35
2,246.29999999999995,25.5,3483982.0,larger,thinning_30_75,35
3,262.39999999999986,44.19999999999999,3537480.0,larger,thinning_30_75,35
4,261.1,58.30000000000001,3488478.0,larger,thinning_30_75,35
5,216.70000000000005,44.80000000000001,3121841.0,larger,thinning_30_75,35
6,209.89999999999986,-169.80000000000007,3144938.0,larger,thinning_30_75,35
7,281.20000000000005,25.100000000000023,3717656.0,larger,thinning_30_75,35
8,248.5,115.10000000000002,3495886.0,larger,thinning_30_75,35
9,197.10000000000002,38.900000000000034,3033385.0,larger,thinning_30_75,35
10,213.39999999999998,32.599999999999994,3275777.0,larger,thinning_30_75,35
11,328.5999999999999,21.0,4381172.0,larger,thinning_30_75,35
12,257.5999999999999,-0.8999999999999773,3402120.0,larger,thinning_30_75,35
13,390.5,104.69999999999999,4666536.0,larger,thinning_30_75,35
14,357.3000000000002,151.20000000000005,4101604.0,larger,thinning_30_75,35
15,209.70000000000005,52.400000000000006,3001795.0,larger,thinning_30_75,35
16,177.3,29.69999999999999,2677567.0,larger,thinning_30_75,35
17,175.5,4.100000000000023,2602825.0,larger,thinning_30_75,35
18,273.70000000000005,56.29999999999998,3712371.0,larger,thinning_30_75,35
19,238.30000000000018,16.0,3253294.0,larger,thinning_30_75,35
20,220.39999999999998,59.0,3198736.0,larger,thinning_30_75,35
21,184.60000000000002,40.69999999999999,2808456.0,larger,thinning_30_75,35
22,203.19999999999993,37.099999999999994,3010339.0,larger,thinning_30_75,35
23,318.20000000000005,76.40000000000009,4080688.0,larger,thinning_30_75,35
24,244.20000000000005,35.39999999999998,3135664.0,larger,thinning_30_75,35
25,158.4,21.0,2836347.0,larger,thinning_30_75,35
26,285.79999999999995,98.5,3650368.0,larger,thinning_30_75,35
27,245.89999999999986,7.899999999999977,3582184.0,larger,thinning_30_75,35
28,278.1,116.5,3820881.0,larger,thinning_30_75,35
29,243.79999999999995,25.899999999999977,3306574.0,larger,thinning_30_75,35
30,399.7999999999997,101.40000000000009,5013492.0,larger,thinning_30_75,35
31,357.4000000000001,63.59999999999991,4429992.0,larger,thinning_30_75,35
32,271.5,289.0,3521562.0,larger,thinning_30_75,35
33,152.69999999999993,9.199999999999996,2451199.0,larger,thinning_30_75,35
34,154.5999999999999,10.699999999999989,2469953.0,larger,thinning_30_75,35
35,173.89999999999998,10.800000000000068,2982592.0,larger,thinning_30_75,35
36,229.30000000000007,33.5,3340794.0,larger,thinning_30_75,35
37,300.5999999999999,168.5,3649292.0,larger,thinning_30_75,35
38,308.29999999999995,36.80000000000007,4123058.0,larger,thinning_30_75,35
39,245.89999999999998,80.90000000000003,3573906.0,larger,thinning_30_75,35
40,232.70000000000005,171.39999999999998,3196244.0,larger,thinning_30_75,35
41,230.0,25.299999999999955,3336400.0,larger,thinning_30_75,35
42,202.5,8.199999999999989,3043884.0,larger,thinning_30_75,35
43,208.5,52.099999999999994,2749276.0,larger,thinning_30_75,35
44,239.20000000000005,83.30000000000001,3398029.0,larger,thinning_30_75,35
45,185.39999999999998,24.900000000000002,3090458.0,larger,thinning_30_75,35
46,210.79999999999995,57.19999999999999,2939608.0,larger,thinning_30_75,35
47,296.5,185.30000000000007,3836910.0,larger,thinning_30_75,35
48,202.60000000000002,34.30000000000001,2885391.0,larger,thinning_30_75,35
49,255.29999999999995,101.40000000000009,3328452.0,larger,thinning_30_75,35
50,295.6999999999998,301.0,3841140.0,larger,thinning_30_75,35
51,209.0,27.700000000000003,3173389.0,larger,thinning_30_75,35
52,201.29999999999995,18.900000000000006,2914192.0,larger,thinning_30_75,35
53,328.6999999999998,-81.10000000000014,3798916.0,larger,thinning_30_75,35
54,319.60000000000014,14.600000000000023,3915338.0,larger,thinning_30_75,35
55,297.1999999999998,5.5,3714640.0,larger,thinning_30_75,35
56,285.0,57.89999999999998,3589774.0,larger,thinning_30_75,35
57,205.60000000000014,64.40000000000003,2817604.0,larger,thinning_30_75,35
58,153.89999999999998,29.600000000000023,2480855.0,larger,thinning_30_75,35
59,330.9000000000001,219.69999999999982,4106124.0,larger,thinning_30_75,35
60,270.20000000000005,49.69999999999999,3643588.0,larger,thinning_30_75,35
61,283.1,31.400000000000006,3799195.0,larger,thinning_30_75,35
62,350.7999999999997,-125.79999999999995,4164748.0,larger,thinning_30_75,35
63,257.5999999999999,12.400000000000006,3319922.0,larger,thinning_30_75,35
64,191.79999999999995,37.8,2752484.0,larger,thinning_30_75,35
65,304.0999999999999,47.900000000000034,3875842.0,larger,thinning_30_75,35
66,305.0,107.89999999999998,3850264.0,larger,thinning_30_75,35
67,164.59999999999997,33.5,2809842.0,larger,thinning_30_75,35
68,261.6,319.00000000000006,3679831.0,larger,thinning_30_75,35
69,223.10000000000002,14.999999999999972,3290546.0,larger,thinning_30_75,35
70,403.7000000000003,166.4999999999999,4507932.0,larger,thinning_30_75,35
71,209.10000000000002,20.200000000000003,2813590.0,larger,thinning_30_75,35
72,178.79999999999995,51.19999999999999,2771434.0,larger,thinning_30_75,35
73,331.4000000000001,71.89999999999998,4062324.0,larger,thinning_30_75,35
74,245.4000000000001,21.700000000000017,3310922.0,larger,thinning_30_75,35
75,346.0999999999999,128.5,4465474.0,larger,thinning_30_75,35
76,313.60000000000014,154.0,4136626.0,larger,thinning_30_75,35
77,271.79999999999995,20.099999999999966,3676131.0,larger,thinning_30_75,35
78,355.5999999999999,26.0,4406012.0,larger,thinning_30_75,35
79,248.0999999999999,10.400000000000091,3110576.0,larger,thinning_30_75,35
80,237.5,45.69999999999999,3443502.0,larger,thinning_30_75,35
81,324.29999999999995,-16.59999999999991,4411078.0,larger,thinning_30_75,35
82,305.10000000000014,117.39999999999998,4024762.0,larger,thinning_30_75,35
83,263.5,42.80000000000001,3581722.0,larger,thinning_30_75,35
84,200.5,46.5,3341153.0,larger,thinning_30_75,35
85,294.0999999999999,207.30000000000007,3917414.0,larger,thinning_30_75,35
86,205.89999999999998,29.39999999999999,3303746.0,larger,thinning_30_75,35
87,248.30000000000007,63.60000000000002,3545385.0,larger,thinning_30_75,35
88,192.00000000000003,27.1,3202012.0,larger,thinning_30_75,35
89,195.79999999999995,14.0,2927273.0,larger,thinning_30_75,35
90,307.70000000000005,192.60000000000014,4314796.0,larger,thinning_30_75,35
91,217.5,32.30000000000001,3271912.0,larger,thinning_30_75,35
92,243.79999999999995,111.19999999999999,3316705.0,larger,thinning_30_75,35
93,182.70000000000005,24.19999999999999,2737962.0,larger,thinning_30_75,35
94,166.5,31.199999999999996,2703827.0,larger,thinning_30_75,35
95,228.9000000000001,24.200000000000045,3516182.0,larger,thinning_30_75,35
96,256.4000000000001,81.89999999999998,3436726.0,larger,thinning_30_75,35
97,121.60000000000002,0.29999999999999716,2297494.0,larger,thinning_30_75,35
98,183.89999999999998,24.5,3059978.0,larger,thinning_30_75,35
99,164.5,32.400000000000006,2792817.0,larger,thinning_30_75,35
100,314.0,5.300000000000011,4071208.0,larger,thinning_30_75,35
1,78.20000000000005,-9.0,1522502.0,larger,thinning_65_90,36
2,188.9000000000001,18.69999999999999,2765948.0,larger,thinning_65_90,36
3,187.19999999999982,28.5,2582338.0,larger,thinning_65_90,36
4,179.79999999999995,14.800000000000011,2493422.0,larger,thinning_65_90,36
5,157.29999999999995,37.20000000000002,2359892.0,larger,thinning_65_90,36
6,174.0999999999999,-221.00000000000006,2798956.0,larger,thinning_65_90,36
7,250.80000000000018,51.80000000000007,3319878.0,larger,thinning_65_90,36
8,195.79999999999995,50.0,2806250.0,larger,thinning_65_90,36
9,143.30000000000007,-1.6999999999999886,2318121.0,larger,thinning_65_90,36
10,164.29999999999995,27.69999999999999,2606145.0,larger,thinning_65_90,36
11,243.5999999999999,16.0,3362916.0,larger,thinning_65_90,36
12,181.79999999999995,-0.7999999999999545,2522916.0,larger,thinning_65_90,36
13,281.5999999999999,35.39999999999998,3380120.0,larger,thinning_65_90,36
14,238.0,86.5,2882084.0,larger,thinning_65_90,36
15,164.9000000000001,37.70000000000002,2455128.0,larger,thinning_65_90,36
16,143.09999999999997,26.0,2150915.0,larger,thinning_65_90,36
17,137.5999999999999,30.0,2068573.0,larger,thinning_65_90,36
18,178.5,24.0,2554373.0,larger,thinning_65_90,36
19,175.20000000000005,-55.30000000000001,2552244.0,larger,thinning_65_90,36
20,176.10000000000002,46.099999999999994,2605248.0,larger,thinning_65_90,36
21,138.10000000000002,10.200000000000003,2266814.0,larger,thinning_65_90,36
22,147.79999999999995,22.599999999999994,2304650.0,larger,thinning_65_90,36
23,252.4000000000001,77.80000000000007,3230714.0,larger,thinning_65_90,36
24,179.4000000000001,42.89999999999998,2345954.0,larger,thinning_65_90,36
25,128.70000000000002,24.400000000000006,2379242.0,larger,thinning_65_90,36
26,202.20000000000005,-23.600000000000023,2781244.0,larger,thinning_65_90,36
27,164.5,-14.400000000000034,2510340.0,larger,thinning_65_90,36
28,204.69999999999993,35.69999999999999,2897419.0,larger,thinning_65_90,36
29,171.4000000000001,23.899999999999977,2445206.0,larger,thinning_65_90,36
30,349.50000000000045,26.0,4378972.0,larger,thinning_65_90,36
31,304.9000000000001,44.700000000000045,3758308.0,larger,thinning_65_90,36
32,246.0999999999999,94.69999999999993,3037760.0,larger,thinning_65_90,36
33,122.69999999999999,8.099999999999994,2045222.0,larger,thinning_65_90,36
34,122.39999999999998,8.799999999999983,1938404.0,larger,thinning_65_90,36
35,126.20000000000005,2.7000000000000455,2341816.0,larger,thinning_65_90,36
36,181.80000000000007,27.400000000000006,2661971.0,larger,thinning_65_90,36
37,225.30000000000018,122.70000000000005,2869736.0,larger,thinning_65_90,36
38,207.29999999999995,70.39999999999998,3096034.0,larger,thinning_65_90,36
39,189.29999999999995,68.5,2810309.0,larger,thinning_65_90,36
40,180.39999999999986,223.39999999999998,2501348.0,larger,thinning_65_90,36
41,173.89999999999986,-0.6000000000000227,2617646.0,larger,thinning_65_90,36
42,158.80000000000007,3.4000000000000057,2434865.0,larger,thinning_65_90,36
43,135.60000000000002,25.69999999999999,1791131.0,larger,thinning_65_90,36
44,154.29999999999995,45.099999999999994,2305399.0,larger,thinning_65_90,36
45,131.8,16.999999999999996,2321917.0,larger,thinning_65_90,36
46,151.5999999999999,31.5,2114894.0,larger,thinning_65_90,36
47,190.0,44.0,2589376.0,larger,thinning_65_90,36
48,155.70000000000005,38.400000000000006,2294372.0,larger,thinning_65_90,36
49,214.0,29.0,2715388.0,larger,thinning_65_90,36
50,239.29999999999973,109.79999999999995,3278882.0,larger,thinning_65_90,36
51,155.39999999999998,17.900000000000006,2467865.0,larger,thinning_65_90,36
52,156.79999999999995,14.5,2340804.0,larger,thinning_65_90,36
53,284.0,-33.200000000000045,3231308.0,larger,thinning_65_90,36
54,236.10000000000014,-14.399999999999977,2984948.0,larger,thinning_65_90,36
55,225.69999999999982,-2.1000000000000227,2874002.0,larger,thinning_65_90,36
56,202.5,25.899999999999977,2603210.0,larger,thinning_65_90,36
57,144.60000000000014,35.900000000000034,2103524.0,larger,thinning_65_90,36
58,114.5,9.0,1987423.0,larger,thinning_65_90,36
59,283.9000000000001,216.0,3480024.0,larger,thinning_65_90,36
60,233.20000000000005,64.60000000000002,3166348.0,larger,thinning_65_90,36
61,194.0,25.299999999999983,2745963.0,larger,thinning_65_90,36
62,288.2999999999997,3.1000000000001364,3460040.0,larger,thinning_65_90,36
63,216.39999999999986,-0.6999999999999886,2832236.0,larger,thinning_65_90,36
64,145.39999999999998,36.39999999999999,2108303.0,larger,thinning_65_90,36
65,256.0,62.30000000000001,3302524.0,larger,thinning_65_90,36
66,239.20000000000005,110.0,3063632.0,larger,thinning_65_90,36
67,117.0,27.099999999999994,2128358.0,larger,thinning_65_90,36
68,180.69999999999993,11.400000000000034,2748793.0,larger,thinning_65_90,36
69,170.89999999999998,2.9000000000000057,2631666.0,larger,thinning_65_90,36
70,277.8000000000002,-39.89999999999998,3241604.0,larger,thinning_65_90,36
71,171.60000000000002,20.200000000000003,2323428.0,larger,thinning_65_90,36
72,140.0,34.900000000000006,2190072.0,larger,thinning_65_90,36
73,255.5999999999999,20.699999999999932,3259696.0,larger,thinning_65_90,36
74,203.5,18.200000000000017,2803222.0,larger,thinning_65_90,36
75,285.0999999999999,132.70000000000005,3694906.0,larger,thinning_65_90,36
76,263.3000000000002,176.70000000000005,3469028.0,larger,thinning_65_90,36
77,214.10000000000014,29.0,2920357.0,larger,thinning_65_90,36
78,264.29999999999995,12.900000000000091,3359030.0,larger,thinning_65_90,36
79,218.9000000000001,75.40000000000009,2822734.0,larger,thinning_65_90,36
80,187.89999999999998,19.39999999999999,2804702.0,larger,thinning_65_90,36
81,253.39999999999986,43.40000000000009,3609490.0,larger,thinning_65_90,36
82,259.5,89.69999999999999,3479500.0,larger,thinning_65_90,36
83,202.10000000000014,49.900000000000034,2821160.0,larger,thinning_65_90,36
84,164.0,28.400000000000006,2757952.0,larger,thinning_65_90,36
85,204.0999999999999,157.20000000000005,2863686.0,larger,thinning_65_90,36
86,145.89999999999998,6.199999999999989,2447355.0,larger,thinning_65_90,36
87,173.80000000000007,20.400000000000034,2600453.0,larger,thinning_65_90,36
88,131.9,13.399999999999999,2432808.0,larger,thinning_65_90,36
89,141.29999999999995,11.0,2256959.0,larger,thinning_65_90,36
90,238.89999999999986,88.60000000000014,3368634.0,larger,thinning_65_90,36
91,162.69999999999993,31.0,2525253.0,larger,thinning_65_90,36
92,188.70000000000005,56.5,2645715.0,larger,thinning_65_90,36
93,135.0,21.099999999999994,2064603.0,larger,thinning_65_90,36
94,119.89999999999998,0.8000000000000043,2056121.0,larger,thinning_65_90,36
95,185.20000000000005,41.39999999999998,2891590.0,larger,thinning_65_90,36
96,214.60000000000014,73.30000000000001,2913120.0,larger,thinning_65_90,36
97,91.40000000000003,-3.200000000000003,1812577.0,larger,thinning_65_90,36
98,138.89999999999998,19.400000000000006,2380853.0,larger,thinning_65_90,36
99,109.5,17.5,2056458.0,larger,thinning_65_90,36
100,193.79999999999995,-0.8000000000000114,2685348.0,larger,thinning_65_90,36
