date,hill_stream_m3_delta,water_m3_delta,sampled_volume_m3_delta,sampled_peak_m3s_delta,integral_minus_ledger_m3_delta,peak_time_shift_minutes
1980-01-01,0.0,0.0,0.0,0.0,0.0,0.0
1980-01-02,0.0,0.0,0.0,0.0,0.0,0.0
1980-01-03,0.0,0.0,0.0,0.0,0.0,0.0
1980-01-04,0.0,0.0,0.0,0.0,0.0,0.0
1980-01-05,0.0,0.0,0.0,0.0,0.0,0.0
1980-01-06,0.0,0.0,0.0,0.0,0.0,0.0
1980-01-07,0.0,0.0,0.0,0.0,0.0,0.0
1980-01-08,0.0,0.0,0.0,0.0,0.0,0.0
1980-01-09,0.0,0.0,0.0,0.0,0.0,0.0
1980-01-10,0.0,0.0,0.0,0.0,0.0,0.0
1980-01-11,0.0,0.0,0.0,0.0,0.0,0.0
1980-01-12,0.0,0.08000000000174623,-199.1999999999971,-0.010000000000000009,-199.27999999999884,-130.0
1980-01-13,0.0,-1821.070000000007,-2196.000000000029,-0.16000000000000014,-374.9300000000221,-80.0
1980-01-14,0.0,1820.9400000000023,1521.6000000000058,0.15000000000000002,-299.3399999999965,-30.0
1980-01-15,0.0,0.020000000004074536,5.999999999985448,0.0,5.9799999999813735,0.0
1980-01-16,0.0,0.020000000004074536,0.0,0.0,-0.020000000004074536,0.0
1980-01-17,0.0,0.0,0.0,0.0,0.0,0.0
1980-01-18,0.0,0.0,0.0,0.0,0.0,0.0
1980-01-19,0.0,0.0,-0.5999999999912689,0.0,-0.5999999999912689,0.0
1980-01-20,0.0,0.0,0.0,0.0,0.0,0.0
1980-01-21,0.0,0.0,0.0,0.0,0.0,0.0
1980-01-22,0.0,0.0,0.0,0.0,0.0,0.0
1980-01-23,0.0,-0.01999999998952262,0.0,0.0,0.01999999998952262,0.0
1980-01-24,0.0,0.0,0.0,0.0,0.0,0.0
1980-01-25,0.0,0.029999999998835847,0.0,0.0,-0.029999999998835847,0.0
1980-01-26,0.0,0.0,0.0,0.0,0.0,0.0
1980-01-27,0.0,0.0,0.0,0.0,0.0,0.0
1980-01-28,0.0,0.0,0.0,0.0,0.0,0.0
1980-01-29,0.0,0.0,0.0,0.0,0.0,0.0
1980-01-30,0.0,0.0,0.0,0.0,0.0,0.0
1980-01-31,0.0,0.0,0.0,0.0,0.0,0.0
1980-02-01,0.0,0.0,0.0,0.0,0.0,0.0
1980-02-02,0.0,0.0,0.0,0.0,0.0,0.0
1980-02-03,0.0,0.0,0.0,0.0,0.0,0.0
1980-02-04,0.0,0.0,0.0,0.0,0.0,0.0
1980-02-05,0.0,0.029999999998835847,0.0,0.0,-0.029999999998835847,0.0
1980-02-06,0.0,-0.03999999999359716,0.0,0.0,0.03999999999359716,0.0
1980-02-07,0.0,0.0,0.0,0.0,0.0,0.0
1980-02-08,0.0,0.0,0.0,0.0,0.0,0.0
1980-02-09,0.0,0.0,0.0,0.0,0.0,0.0
1980-02-10,0.0,0.0,0.0,0.0,0.0,0.0
1980-02-11,0.0,0.0,0.0,0.0,0.0,0.0
1980-02-12,0.0,0.0,0.0,0.0,0.0,0.0
1980-02-13,0.0,0.0,0.0,0.0,0.0,0.0
1980-02-14,0.0,0.0,0.0,0.0,0.0,0.0
1980-02-15,0.0,0.0,0.0,0.0,0.0,0.0
1980-02-16,0.0,0.010000000009313226,0.0,0.0,-0.010000000009313226,0.0
1980-02-17,0.0,0.0,0.0,0.0,0.0,0.0
1980-02-18,0.0,0.0,0.0,0.0,0.0,0.0
1980-02-19,0.0,0.0,0.0,0.0,0.0,0.0
1980-02-20,0.0,0.0,0.0,0.0,0.0,0.0
1980-02-21,0.0,0.0,0.0,0.0,0.0,0.0
1980-02-22,0.0,0.0,0.0,0.0,0.0,0.0
1980-02-23,0.0,0.0,0.0,0.0,0.0,0.0
1980-02-24,0.0,0.0,0.0,0.0,0.0,0.0
1980-02-25,0.0,0.05000000000291038,0.0,0.0,-0.05000000000291038,0.0
1980-02-26,0.0,-3.9099999999889405,12.000000000029104,0.0,15.910000000018044,-20.0
1980-02-27,0.0,1.6699999999837019,0.0,0.0,-1.6699999999837019,0.0
1980-02-28,0.0,0.8099999999976717,5.999999999985448,0.0,5.189999999987776,0.0
1980-02-29,0.0,1.290000000008149,0.0,0.0,-1.290000000008149,0.0
1980-03-01,0.0,0.06000000001222361,0.0,0.0,-0.06000000001222361,0.0
1980-03-02,0.0,0.059999999997671694,-5.999999999985448,0.0,-6.05999999998312,20.0
1980-03-03,0.0,0.8600000000005821,-18.0,0.0,-18.860000000000582,30.0
1980-03-04,0.0,-0.08000000001629815,-6.0,0.0,-5.919999999983702,10.0
1980-03-05,0.0,0.5999999999767169,0.0,0.0,-0.5999999999767169,0.0
1980-03-06,0.0,-1.4199999999837019,-6.0,0.0,-4.580000000016298,0.0
1980-03-07,0.0,0.0,0.0,0.0,0.0,0.0
1980-03-08,0.0,0.5700000000069849,0.0,0.0,-0.5700000000069849,0.0
1980-03-09,0.0,-0.5700000000069849,-23.999999999970896,0.0,-23.42999999996391,0.0
1980-03-10,0.0,1.709999999991851,-12.000000000029104,0.0,-13.710000000020955,0.0
1980-03-11,0.0,-1.8300000000162981,-11.999999999970896,-0.009999999999999787,-10.169999999954598,-330.0
1980-03-12,0.0,-0.11000000001513399,-234.0,-0.03000000000000025,-233.88999999998487,-30.0
1980-03-13,0.0,-7.739999999990687,-198.0000000000291,-0.020000000000000018,-190.26000000003842,-50.0
1980-03-14,0.0,6.690000000002328,-252.0,-0.009999999999999787,-258.6900000000023,110.0
1980-03-15,0.0,1.3700000000244472,-132.0,-0.009999999999999787,-133.37000000002445,0.0
1980-03-16,0.0,0.0,-78.0,-0.020000000000000018,-78.0,0.0
1980-03-17,0.0,-0.01999999998952262,-18.0,0.0,-17.980000000010477,0.0
1980-03-18,0.0,1.1300000000046566,-6.000000000029104,0.0,-7.13000000003376,0.0
1980-03-19,0.0,0.20000000001164153,-42.000000000029104,0.0,-42.200000000040745,40.0
1980-03-20,0.0,-1.3799999999755528,0.0,0.0,1.3799999999755528,0.0
1980-03-21,0.0,2.639999999984866,-12.0,0.0,-14.639999999984866,20.0
1980-03-22,0.0,-2.0199999999895226,-30.000000000029104,0.0,-27.98000000003958,10.0
1980-03-23,0.0,-0.610000000015134,-41.999999999970896,0.0,-41.38999999995576,20.0
1980-03-24,0.0,0.0,-17.999999999970896,0.0,-17.999999999970896,0.0
1980-03-25,0.0,0.0500000000174623,-30.000000000029104,0.0,-30.050000000046566,10.0
1980-03-26,0.0,-4.580000000016298,-132.0,-0.010000000000000231,-127.4199999999837,-170.0
1980-03-27,0.0,4.5499999999883585,0.0,0.0,-4.5499999999883585,20.0
1980-03-28,0.0,-0.27999999999883585,-6.0,0.0,-5.720000000001164,30.0
1980-03-29,0.0,-1.9899999999906868,12.0,0.0,13.989999999990687,30.0
1980-03-30,0.0,2.069999999977881,11.999999999970896,0.0,9.929999999993015,20.0
1980-03-31,0.0,0.14999999999417923,-17.999999999970896,0.0,-18.149999999965075,30.0
1980-04-01,0.0,-0.01999999998952262,-12.0,0.0,-11.980000000010477,10.0
1980-04-02,0.0,2.1700000000128057,0.0,0.0,-2.1700000000128057,0.0
1980-04-03,0.0,-1.9100000000034925,-12.0,0.0,-10.089999999996508,10.0
1980-04-04,0.0,4.110000000015134,-6.000000000029104,0.0,-10.110000000044238,10.0
1980-04-05,0.0,6.53000000002794,-150.0,0.0,-156.53000000002794,10.0
1980-04-06,0.0,-12.680000000022119,-216.0,-0.010000000000000231,-203.31999999997788,0.0
1980-04-07,0.0,2.150000000023283,-66.0,0.0,-68.15000000002328,40.0
1980-04-08,0.0,0.16000000000349246,-36.0,0.0,-36.16000000000349,30.0
1980-04-09,0.0,12.339999999967404,-288.0,-0.009999999999999787,-300.3399999999674,-20.0
1980-04-10,0.0,-5.5,-156.0,0.0,-150.5,0.0
1980-04-11,0.0,8.099999999976717,-156.0,-0.010000000000000231,-164.09999999997672,-30.0
1980-04-12,0.0,11.690000000002328,-216.0,0.0,-227.69000000000233,70.0
1980-04-13,0.0,-7.089999999967404,-240.0,-0.009999999999999787,-232.9100000000326,0.0
1980-04-14,0.0,-9.590000000025611,-96.0,0.0,-86.40999999997439,30.0
1980-04-15,0.0,-3.470000000001164,-78.0,0.0,-74.52999999999884,0.0
1980-04-16,0.0,11.409999999974389,-192.0,0.0,-203.4099999999744,20.0
1980-04-17,0.0,-4.279999999998836,-174.0,0.0,-169.72000000000116,0.0
1980-04-18,0.0,-2.610000000015134,-65.9999999999709,0.0,-63.38999999995576,0.0
1980-04-19,0.0,-10.39000000001397,-41.999999999970896,0.0,-31.609999999956926,10.0
1980-04-20,0.0,0.7000000000116415,-83.9999999999709,-0.009999999999999787,-84.69999999998254,-30.0
1980-04-21,0.0,-1.3799999999755528,-6.0,0.0,-4.620000000024447,0.0
1980-04-22,0.0,1.2399999999906868,-6.0,0.0,-7.239999999990687,0.0
1980-04-23,0.0,-0.9700000000011642,-30.000000000029104,0.0,-29.03000000002794,0.0
1980-04-24,0.0,-0.139999999984866,-12.000000000029104,0.0,-11.860000000044238,10.0
1980-04-25,0.0,-0.029999999998835847,0.0,0.0,0.029999999998835847,0.0
1980-04-26,0.0,0.0,0.0,0.0,0.0,0.0
1980-04-27,0.0,0.04000000000814907,0.0,0.0,-0.04000000000814907,0.0
1980-04-28,0.0,0.0,0.0,0.0,0.0,0.0
1980-04-29,0.0,0.0,0.0,0.0,0.0,0.0
1980-04-30,0.0,0.0,0.0,0.0,0.0,0.0
1980-05-01,0.0,0.0,0.0,0.0,0.0,0.0
1980-05-02,0.0,0.0,0.0,0.0,0.0,0.0
1980-05-03,0.0,0.0,0.0,0.0,0.0,0.0
1980-05-04,0.0,0.0,0.0,0.0,0.0,0.0
1980-05-05,0.0,0.0,0.0,0.0,0.0,0.0
1980-05-06,0.0,0.0,0.0,0.0,0.0,0.0
1980-05-07,0.0,0.0,0.0,0.0,0.0,0.0
1980-05-08,0.0,0.0,0.0,0.0,0.0,0.0
1980-05-09,0.0,0.0,-6.000000000029104,0.0,-6.000000000029104,0.0
1980-05-10,0.0,0.0,0.0,0.0,0.0,0.0
1980-05-11,0.0,0.0,0.0,0.0,0.0,0.0
1980-05-12,0.0,0.0,0.0,0.0,0.0,0.0
1980-05-13,0.0,0.0,0.0,0.0,0.0,0.0
1980-05-14,0.0,0.0,0.0,0.0,0.0,0.0
1980-05-15,0.0,0.0,0.0,0.0,0.0,0.0
1980-05-16,0.0,0.0,0.0,0.0,0.0,0.0
1980-05-17,0.0,0.0,0.0,0.0,0.0,0.0
1980-05-18,0.0,0.0,0.0,0.0,0.0,0.0
1980-05-19,0.0,0.029999999998835847,0.0,0.0,-0.029999999998835847,0.0
1980-05-20,0.0,0.0,0.0,0.0,0.0,0.0
1980-05-21,0.0,0.0,0.0,0.0,0.0,0.0
1980-05-22,0.0,0.0,0.0,0.0,0.0,0.0
1980-05-23,0.0,0.0,-6.000000000014552,0.0,-6.000000000014552,0.0
1980-05-24,0.0,-0.010000000009313226,-11.999999999985448,0.0,-11.989999999976135,20.0
1980-05-25,0.0,0.0,0.0,0.0,0.0,0.0
1980-05-26,0.0,0.0,-36.0,0.0,-36.0,10.0
1980-05-27,0.0,0.0,0.0,0.0,0.0,0.0
1980-05-28,0.0,0.0,0.0,0.0,0.0,0.0
1980-05-29,0.0,0.0,0.0,0.0,0.0,0.0
1980-05-30,0.0,0.0,0.0,0.0,0.0,0.0
1980-05-31,0.0,0.0,0.0,0.0,0.0,0.0
1980-06-01,0.0,0.0,-11.999999999985448,-0.010000000000000009,-11.999999999985448,-170.0
1980-06-02,0.0,0.0,0.0,0.0,0.0,0.0
1980-06-03,0.0,0.0,0.0,0.0,0.0,0.0
1980-06-04,0.0,0.0,-5.999999999985448,0.0,-5.999999999985448,0.0
1980-06-05,0.0,0.0,0.0,0.0,0.0,0.0
1980-06-06,0.0,0.0,0.0,0.0,0.0,0.0
1980-06-07,0.0,0.0,0.0,0.0,0.0,0.0
1980-06-08,0.0,0.0,0.0,0.0,0.0,0.0
1980-06-09,0.0,0.0,0.0,0.0,0.0,0.0
1980-06-10,0.0,0.0,0.0,0.0,0.0,0.0
1980-06-11,0.0,-0.04000000000814907,0.0,0.0,0.04000000000814907,0.0
1980-06-12,0.0,0.0,-59.99999999998545,0.0,-59.99999999998545,20.0
1980-06-13,0.0,0.0,-150.0,0.0,-150.0,130.0
1980-06-14,0.0,0.0,0.0,0.0,0.0,0.0
1980-06-15,0.0,0.020000000004074536,-18.0,0.0,-18.020000000004075,0.0
1980-06-16,0.0,-0.029999999998835847,-6.000000000014552,0.0,-5.970000000015716,0.0
1980-06-17,0.0,0.0,0.0,0.0,0.0,0.0
1980-06-18,0.0,0.0,0.0,0.0,0.0,0.0
1980-06-19,0.0,0.0,0.0,0.0,0.0,0.0
1980-06-20,0.0,0.0,0.0,0.0,0.0,0.0
1980-06-21,0.0,0.0,0.0,0.0,0.0,0.0
1980-06-22,0.0,0.0,0.0,0.0,0.0,0.0
1980-06-23,0.0,-0.020000000004074536,0.0,0.0,0.020000000004074536,0.0
1980-06-24,0.0,0.029999999998835847,0.0,0.0,-0.029999999998835847,0.0
1980-06-25,0.0,0.0,-11.999999999985448,0.0,-11.999999999985448,0.0
1980-06-26,0.0,0.0,0.0,0.0,0.0,0.0
1980-06-27,0.0,0.0,0.0,0.0,0.0,0.0
1980-06-28,0.0,0.0,0.0,0.0,0.0,0.0
1980-06-29,0.0,0.0,0.0,0.0,0.0,0.0
1980-06-30,0.0,-0.010000000009313226,0.0,0.0,0.010000000009313226,0.0
1980-07-01,0.0,0.0,0.0,0.0,0.0,0.0
1980-07-02,0.0,-0.010000000009313226,0.0,0.0,0.010000000009313226,0.0
1980-07-03,0.0,0.020000000004074536,0.0,0.0,-0.020000000004074536,0.0
1980-07-04,0.0,0.0,0.0,0.0,0.0,0.0
1980-07-05,0.0,0.0,0.0,0.0,0.0,0.0
1980-07-06,0.0,0.0,0.0,0.0,0.0,0.0
1980-07-07,0.0,0.0,0.0,0.0,0.0,0.0
1980-07-08,0.0,0.0,0.0,0.0,0.0,0.0
1980-07-09,0.0,0.0,0.0,0.0,0.0,0.0
1980-07-10,0.0,0.0,0.0,0.0,0.0,0.0
1980-07-11,0.0,0.0,0.0,0.0,0.0,0.0
1980-07-12,0.0,0.0,0.0,0.0,0.0,0.0
1980-07-13,0.0,0.0,0.0,0.0,0.0,0.0
1980-07-14,0.0,0.0,0.0,0.0,0.0,0.0
1980-07-15,0.0,0.05000000000291038,0.0,0.0,-0.05000000000291038,0.0
1980-07-16,0.0,0.0,0.0,0.0,0.0,0.0
1980-07-17,0.0,0.0,0.0,0.0,0.0,0.0
1980-07-18,0.0,0.0,0.0,0.0,0.0,0.0
1980-07-19,0.0,0.0,0.6000000000058208,0.0,0.6000000000058208,0.0
1980-07-20,0.0,0.0,0.0,0.0,0.0,0.0
1980-07-21,0.0,0.0,0.0,0.0,0.0,0.0
1980-07-22,0.0,0.0,0.0,0.0,0.0,0.0
1980-07-23,0.0,0.0,0.0,0.0,0.0,0.0
1980-07-24,0.0,0.029999999998835847,0.0,0.0,-0.029999999998835847,0.0
1980-07-25,0.0,0.0,0.0,0.0,0.0,0.0
1980-07-26,0.0,0.0,0.0,0.0,0.0,0.0
1980-07-27,0.0,0.0,0.0,0.0,0.0,0.0
1980-07-28,0.0,0.0,0.0,0.0,0.0,0.0
1980-07-29,0.0,-0.010000000002037268,0.0,0.0,0.010000000002037268,0.0
1980-07-30,0.0,0.0,0.0,0.0,0.0,0.0
1980-07-31,0.0,0.0,0.0,0.0,0.0,0.0
1980-08-01,0.0,0.0,0.0,0.0,0.0,0.0
1980-08-02,0.0,-0.010000000002037268,0.0,0.0,0.010000000002037268,0.0
1980-08-03,0.0,0.0,0.0,0.0,0.0,0.0
1980-08-04,0.0,0.0,0.0,0.0,0.0,0.0
1980-08-05,0.0,0.0,0.0,0.0,0.0,0.0
1980-08-06,0.0,-0.01999999999679858,0.0,0.0,0.01999999999679858,0.0
1980-08-07,0.0,-0.010000000002037268,0.0,0.0,0.010000000002037268,0.0
1980-08-08,0.0,0.049999999995634425,0.0,0.0,-0.049999999995634425,0.0
1980-08-09,0.0,0.0,0.0,0.0,0.0,0.0
1980-08-10,0.0,0.0,0.0,0.0,0.0,0.0
1980-08-11,0.0,0.0,0.0,0.0,0.0,0.0
1980-08-12,0.0,0.0,0.0,0.0,0.0,0.0
1980-08-13,0.0,0.0,0.0,0.0,0.0,0.0
1980-08-14,0.0,0.0,0.0,0.0,0.0,0.0
1980-08-15,0.0,0.0,0.0,0.0,0.0,0.0
1980-08-16,0.0,0.01999999999679858,0.0,0.0,-0.01999999999679858,0.0
1980-08-17,0.0,0.0,0.0,0.0,0.0,0.0
1980-08-18,0.0,0.0,0.0,0.0,0.0,0.0
1980-08-19,0.0,0.010000000002037268,0.0,0.0,-0.010000000002037268,0.0
1980-08-20,0.0,0.0,0.0,0.0,0.0,0.0
1980-08-21,0.0,0.0,0.0,0.0,0.0,0.0
1980-08-22,0.0,0.0,0.0,0.0,0.0,0.0
1980-08-23,0.0,0.0,0.0,0.0,0.0,0.0
1980-08-24,0.0,0.0,0.0,0.0,0.0,0.0
1980-08-25,0.0,0.0,0.0,0.0,0.0,0.0
1980-08-26,0.0,0.0,0.0,0.0,0.0,0.0
1980-08-27,0.0,0.0,0.0,0.0,0.0,0.0
1980-08-28,0.0,0.0,0.0,0.0,0.0,0.0
1980-08-29,0.0,0.0,0.0,0.0,0.0,0.0
1980-08-30,0.0,0.0,0.0,0.0,0.0,0.0
1980-08-31,0.0,0.0,0.0,0.0,0.0,0.0
1980-09-01,0.0,0.0,0.0,0.0,0.0,0.0
1980-09-02,0.0,0.010000000002037268,0.0,0.0,-0.010000000002037268,0.0
1980-09-03,0.0,0.0,0.0,0.0,0.0,0.0
1980-09-04,0.0,0.0,0.0,0.0,0.0,0.0
1980-09-05,0.0,0.0,0.0,0.0,0.0,0.0
1980-09-06,0.0,0.0,0.0,0.0,0.0,0.0
1980-09-07,0.0,0.0,0.0,0.0,0.0,0.0
1980-09-08,0.0,0.0,0.0,0.0,0.0,0.0
1980-09-09,0.0,0.00999999999839929,0.0,0.0,-0.00999999999839929,0.0
1980-09-10,0.0,0.0,0.0,0.0,0.0,0.0
1980-09-11,0.0,0.0,0.0,0.0,0.0,0.0
1980-09-12,0.0,0.0,0.0,0.0,0.0,0.0
1980-09-13,0.0,0.0,0.0,0.0,0.0,0.0
1980-09-14,0.0,0.0,0.0,0.0,0.0,0.0
1980-09-15,0.0,0.0,0.0,0.0,0.0,0.0
1980-09-16,0.0,0.0,0.0,0.0,0.0,0.0
1980-09-17,0.0,0.0,0.0,0.0,0.0,0.0
1980-09-18,0.0,0.0,0.0,0.0,0.0,0.0
1980-09-19,0.0,0.0,0.0,0.0,0.0,0.0
1980-09-20,0.0,0.0,0.0,0.0,0.0,0.0
1980-09-21,0.0,0.0,0.0,0.0,0.0,0.0
1980-09-22,0.0,0.0,0.0,0.0,0.0,0.0
1980-09-23,0.0,0.0,0.0,0.0,0.0,0.0
1980-09-24,0.0,0.0,0.0,0.0,0.0,0.0
1980-09-25,0.0,0.0,0.0,0.0,0.0,0.0
1980-09-26,0.0,0.0,0.0,0.0,0.0,0.0
1980-09-27,0.0,0.0,0.0,0.0,0.0,0.0
1980-09-28,0.0,0.0,0.0,0.0,0.0,0.0
1980-09-29,0.0,0.0,0.0,0.0,0.0,0.0
1980-09-30,0.0,0.0,0.0,0.0,0.0,0.0
1980-10-01,0.0,0.0,0.0,0.0,0.0,0.0
1980-10-02,0.0,-0.00999999999839929,0.0,0.0,0.00999999999839929,0.0
1980-10-03,0.0,0.0,0.0,0.0,0.0,0.0
1980-10-04,0.0,0.0,0.0,0.0,0.0,0.0
1980-10-05,0.0,0.0,0.0,0.0,0.0,0.0
1980-10-06,0.0,0.0,0.0,0.0,0.0,0.0
1980-10-07,0.0,0.0,0.0,0.0,0.0,0.0
1980-10-08,0.0,0.0,0.0,0.0,0.0,0.0
1980-10-09,0.0,0.0,0.0,0.0,0.0,0.0
1980-10-10,0.0,0.0,0.0,0.0,0.0,0.0
1980-10-11,0.0,0.0,0.0,0.0,0.0,0.0
1980-10-12,0.0,0.00999999999839929,0.0,0.0,-0.00999999999839929,0.0
1980-10-13,0.0,0.0,0.0,0.0,0.0,0.0
1980-10-14,0.0,0.0,0.0,0.0,0.0,0.0
1980-10-15,0.0,0.0,0.0,0.0,0.0,0.0
1980-10-16,0.0,0.0,0.0,0.0,0.0,0.0
1980-10-17,0.0,0.0,0.0,0.0,0.0,0.0
1980-10-18,0.0,0.0,0.0,0.0,0.0,0.0
1980-10-19,0.0,0.0,0.0,0.0,0.0,0.0
1980-10-20,0.0,0.0,0.0,0.0,0.0,0.0
1980-10-21,0.0,0.0,0.0,0.0,0.0,0.0
1980-10-22,0.0,0.0,0.0,0.0,0.0,0.0
1980-10-23,0.0,0.0,0.0,0.0,0.0,0.0
1980-10-24,0.0,-0.010000000000218279,0.0,0.0,0.010000000000218279,0.0
1980-10-25,0.0,0.0,0.0,0.0,0.0,0.0
1980-10-26,0.0,0.0,0.0,0.0,0.0,0.0
1980-10-27,0.0,0.0,0.0,0.0,0.0,0.0
1980-10-28,0.0,0.0,0.0,0.0,0.0,0.0
1980-10-29,0.0,0.0,0.0,0.0,0.0,0.0
1980-10-30,0.0,0.010000000000218279,0.0,0.0,-0.010000000000218279,0.0
1980-10-31,0.0,0.0,0.0,0.0,0.0,0.0
1980-11-01,0.0,0.0,0.0,0.0,0.0,0.0
1980-11-02,0.0,0.0,0.0,0.0,0.0,0.0
1980-11-03,0.0,0.0,0.0,0.0,0.0,0.0
1980-11-04,0.0,0.0,0.0,0.0,0.0,0.0
1980-11-05,0.0,0.0,0.0,0.0,0.0,0.0
1980-11-06,0.0,-0.09999999997671694,1184.9999999999418,0.02000000000000135,1185.0999999999185,-50.0
1980-11-07,0.0,-385.0,1788.0,0.09999999999999964,2173.0,270.0
1980-11-08,0.0,378.78000000002794,713.9999999999418,0.0,335.21999999991385,-70.0
1980-11-09,0.0,6.349999999998545,7.200000000004366,0.0,0.8500000000058208,0.0
1980-11-10,0.0,-0.010000000002037268,0.0,0.0,0.010000000002037268,0.0
1980-11-11,0.0,0.0,0.0,0.0,0.0,0.0
1980-11-12,0.0,0.0,0.0,0.0,0.0,0.0
1980-11-13,0.0,0.0,0.0,0.0,0.0,0.0
1980-11-14,0.0,0.0,0.0,0.0,0.0,0.0
1980-11-15,0.0,0.0,0.0,0.0,0.0,0.0
1980-11-16,0.0,0.0,0.0,0.0,0.0,0.0
1980-11-17,0.0,0.0,0.0,0.0,0.0,0.0
1980-11-18,0.0,0.0,0.0,0.0,0.0,0.0
1980-11-19,0.0,0.0,0.0,0.0,0.0,0.0
1980-11-20,0.0,0.0,0.0,0.0,0.0,0.0
1980-11-21,0.0,0.029999999998835847,-5.400000000008731,0.0,-5.430000000007567,20.0
1980-11-22,0.0,0.0,-1.8000000000029104,0.0,-1.8000000000029104,10.0
1980-11-23,0.0,0.0,0.0,0.0,0.0,0.0
1980-11-24,0.0,0.0,0.0,0.0,0.0,0.0
1980-11-25,0.0,0.0,0.0,0.0,0.0,0.0
1980-11-26,0.0,0.0,0.0,0.0,0.0,0.0
1980-11-27,0.0,0.0,0.0,0.0,0.0,0.0
1980-11-28,0.0,0.0,0.0,0.0,0.0,0.0
1980-11-29,0.0,-0.029999999998835847,642.0000000000291,0.020000000000000018,642.0300000000279,80.0
1980-11-30,0.0,0.07000000000698492,0.0,0.0,-0.07000000000698492,0.0
1980-12-01,0.0,0.6200000000098953,-36.0,0.0,-36.620000000009895,30.0
1980-12-02,0.0,-425.37000000011176,4182.000000000466,-1.7000000000000028,4607.370000000577,50.0
1980-12-03,0.0,424.570000000007,558.0,0.35000000000000053,133.42999999999302,0.0
1980-12-04,0.0,0.12000000002444722,-102.0,0.0,-102.12000000002445,0.0
1980-12-05,0.0,0.0,-30.0,0.0,-30.0,20.0
1980-12-06,0.0,0.0,0.0,0.0,0.0,0.0
1980-12-07,0.0,0.0,0.0,0.0,0.0,0.0
1980-12-08,0.0,0.00999999999476131,0.0,0.0,-0.00999999999476131,0.0
1980-12-09,0.0,-0.010000000009313226,0.0,0.0,0.010000000009313226,0.0
1980-12-10,0.0,0.0,0.0,0.0,0.0,0.0
1980-12-11,0.0,0.0,0.0,0.0,0.0,0.0
1980-12-12,0.0,0.0,0.0,0.0,0.0,0.0
1980-12-13,0.0,-0.010000000009313226,0.0,0.0,0.010000000009313226,0.0
1980-12-14,0.0,0.01999999998952262,0.0,0.0,-0.01999999998952262,0.0
1980-12-15,0.0,0.0,0.0,0.0,0.0,0.0
1980-12-16,0.0,0.0,0.0,0.0,0.0,0.0
1980-12-17,0.0,0.0,0.0,0.0,0.0,0.0
1980-12-18,0.0,0.0,0.0,0.0,0.0,0.0
1980-12-19,0.0,0.0,0.0,0.0,0.0,0.0
1980-12-20,0.0,0.0,-42.0,0.0,-42.0,20.0
1980-12-21,0.0,0.01999999998952262,-41.999999999970896,0.0,-42.01999999996042,20.0
1980-12-22,0.0,0.139999999984866,-78.0,-0.009999999999999787,-78.13999999998487,-150.0
1980-12-23,0.0,-0.29999999998835847,-12.000000000029104,0.0,-11.700000000040745,0.0
1980-12-24,0.0,-736.25,4050.000000000233,-0.10000000000000142,4786.250000000233,0.0
1980-12-25,0.0,716.8800000000047,2304.0,-0.40000000000000036,1587.1199999999953,-330.0
1980-12-26,0.0,16.730000000010477,-90.0,0.0,-106.73000000001048,0.0
1980-12-27,0.0,2.3099999999976717,-66.0,-0.009999999999999787,-68.30999999999767,-140.0
1980-12-28,0.0,0.0,-12.0,0.0,-12.0,20.0
1980-12-29,0.0,0.0,-60.0,0.0,-60.0,30.0
1980-12-30,0.0,0.0,-101.9999999999709,0.0,-101.9999999999709,40.0
1980-12-31,0.0,0.0,0.0,0.0,0.0,0.0
1981-01-01,0.0,-0.06999999997788109,-11.999999999970896,0.0,-11.929999999993015,0.0
1981-01-02,0.0,0.0,0.0,0.0,0.0,0.0
1981-01-03,0.0,0.0,0.0,0.0,0.0,0.0
1981-01-04,0.0,-0.08999999999650754,0.0,0.0,0.08999999999650754,0.0
1981-01-05,0.0,0.0,0.0,0.0,0.0,0.0
1981-01-06,0.0,0.0,0.0,0.0,0.0,0.0
1981-01-07,0.0,0.0,0.0,0.0,0.0,0.0
1981-01-08,0.0,0.0,0.0,0.0,0.0,0.0
1981-01-09,0.0,0.0,-6.0,0.0,-6.0,0.0
1981-01-10,0.0,0.0,0.0,0.0,0.0,0.0
1981-01-11,0.0,0.0,0.0,0.0,0.0,0.0
1981-01-12,0.0,0.0,0.0,0.0,0.0,0.0
1981-01-13,0.0,0.0,0.0,0.0,0.0,0.0
1981-01-14,0.0,0.0,0.0,0.0,0.0,0.0
1981-01-15,0.0,0.0,0.0,0.0,0.0,0.0
1981-01-16,0.0,0.0,0.0,0.0,0.0,0.0
1981-01-17,0.0,0.0,0.0,0.0,0.0,0.0
1981-01-18,0.0,0.0,0.0,0.0,0.0,0.0
1981-01-19,0.0,0.0,0.0,0.0,0.0,0.0
1981-01-20,0.0,0.0,0.0,0.0,0.0,0.0
1981-01-21,0.0,0.0,-12.000000000029104,0.0,-12.000000000029104,20.0
1981-01-22,0.0,0.0,-6.0,0.0,-6.0,10.0
1981-01-23,0.0,0.0,-12.000000000029104,0.0,-12.000000000029104,20.0
1981-01-24,0.0,0.0,0.0,0.0,0.0,0.0
1981-01-25,0.0,0.0,-6.0,0.0,-6.0,0.0
1981-01-26,0.0,0.0,-72.00000000005821,0.0,-72.00000000005821,60.0
1981-01-27,0.0,0.0,-23.999999999970896,0.0,-23.999999999970896,10.0
1981-01-28,0.0,0.029999999998835847,-6.000000000029104,0.0,-6.03000000002794,0.0
1981-01-29,0.0,-0.07000000000698492,-6.0,0.0,-5.929999999993015,0.0
1981-01-30,0.0,0.0,0.0,0.0,0.0,0.0
1981-01-31,0.0,0.0,0.0,0.0,0.0,0.0
1981-02-01,0.0,0.0,-12.0,0.0,-12.0,0.0
1981-02-02,0.0,0.0,0.0,0.0,0.0,0.0
1981-02-03,0.0,0.0,-18.000000000029104,-0.010000000000000009,-18.000000000029104,-170.0
1981-02-04,0.0,0.0,0.0,0.0,0.0,0.0
1981-02-05,0.0,0.0,0.0,0.0,0.0,0.0
1981-02-06,0.0,0.0,0.0,0.0,0.0,0.0
1981-02-07,0.0,0.0,0.0,0.0,0.0,0.0
1981-02-08,0.0,-0.029999999998835847,0.0,0.0,0.029999999998835847,0.0
1981-02-09,0.0,0.0,0.0,0.0,0.0,0.0
1981-02-10,0.0,0.0,0.0,0.0,0.0,0.0
1981-02-11,0.0,0.0,0.0,0.0,0.0,0.0
1981-02-12,0.0,0.0,-30.0,0.0,-30.0,10.0
1981-02-13,0.0,0.16000000000349246,-12.0,0.0,-12.160000000003492,0.0
1981-02-14,0.0,0.2600000000093132,-126.0,0.0,-126.26000000000931,50.0
1981-02-15,0.0,-1.5,0.0,0.0,1.5,0.0
1981-02-16,0.0,-10.150000000023283,-35.99999999994179,-0.009999999999999787,-25.84999999991851,0.0
1981-02-17,0.0,11.150000000023283,-84.0,-0.010000000000000231,-95.15000000002328,-130.0
1981-02-18,0.0,-7.5,1314.0000000004657,-0.6999999999999993,1321.5000000004657,-40.0
1981-02-19,0.0,6.409999999974389,-77.9999999999709,0.0,-84.40999999994528,40.0
1981-02-20,0.0,0.7799999999988358,-29.999999999970896,0.0,-30.779999999969732,0.0
1981-02-21,0.0,-0.04999999998835847,-66.0,-0.009999999999999787,-65.95000000001164,-10.0
1981-02-22,0.0,0.0,-30.0,0.0,-30.0,10.0
1981-02-23,0.0,0.0,-18.000000000029104,0.0,-18.000000000029104,20.0
1981-02-24,0.0,0.04999999998835847,-264.0000000000291,-0.009999999999999787,-264.05000000001746,-20.0
1981-02-25,0.0,-0.059999999997671694,-30.0,0.0,-29.94000000000233,10.0
1981-02-26,0.0,0.0,-41.99999999994179,0.0,-41.99999999994179,30.0
1981-02-27,0.0,-0.029999999998835847,-6.0,0.0,-5.970000000001164,0.0
1981-02-28,0.0,0.0,0.0,0.0,0.0,0.0
1981-03-01,0.0,0.0,0.0,0.0,0.0,0.0
1981-03-02,0.0,0.0,0.0,0.0,0.0,0.0
1981-03-03,0.0,0.01999999998952262,0.0,0.0,-0.01999999998952262,0.0
1981-03-04,0.0,-0.010000000009313226,0.0,0.0,0.010000000009313226,0.0
1981-03-05,0.0,0.0,0.0,0.0,0.0,0.0
1981-03-06,0.0,0.0,-6.0,0.0,-6.0,0.0
1981-03-07,0.0,0.0,0.0,0.0,0.0,0.0
1981-03-08,0.0,0.0,0.0,0.0,0.0,0.0
1981-03-09,0.0,0.0,0.0,0.0,0.0,0.0
1981-03-10,0.0,0.0,0.0,0.0,0.0,0.0
1981-03-11,0.0,0.0,0.0,0.0,0.0,0.0
1981-03-12,0.0,0.0,0.0,0.0,0.0,0.0
1981-03-13,0.0,0.029999999998835847,0.0,0.0,-0.029999999998835847,0.0
1981-03-14,0.0,0.0,0.0,0.0,0.0,0.0
1981-03-15,0.0,0.0,-6.0,0.0,-6.0,10.0
1981-03-16,0.0,0.0,0.0,0.0,0.0,0.0
1981-03-17,0.0,0.0,0.0,0.0,0.0,0.0
1981-03-18,0.0,0.0,0.0,0.0,0.0,0.0
1981-03-19,0.0,0.0,0.0,0.0,0.0,0.0
1981-03-20,0.0,0.0,0.0,0.0,0.0,0.0
1981-03-21,0.0,0.0,0.0,0.0,0.0,0.0
1981-03-22,0.0,0.0,0.0,0.0,0.0,0.0
1981-03-23,0.0,0.0,0.0,0.0,0.0,0.0
1981-03-24,0.0,0.0,0.0,0.0,0.0,0.0
1981-03-25,0.0,0.0,0.0,0.0,0.0,0.0
1981-03-26,0.0,0.0,0.0,0.0,0.0,0.0
1981-03-27,0.0,0.0,0.0,0.0,0.0,0.0
1981-03-28,0.0,0.0,0.0,0.0,0.0,0.0
1981-03-29,0.0,0.0,-36.0,0.0,-36.0,10.0
1981-03-30,0.0,0.07000000000698492,-53.999999999970896,0.0,-54.06999999997788,10.0
1981-03-31,0.0,-0.01999999998952262,-108.0000000000291,0.0,-107.98000000003958,20.0
1981-04-01,0.0,0.0,-36.0,0.0,-36.0,10.0
1981-04-02,0.0,0.0,-78.0,0.0,-78.0,30.0
1981-04-03,0.0,0.0,-72.0,0.0,-72.0,10.0
1981-04-04,0.0,0.0,-66.0,-0.010000000000000009,-66.0,-180.0
1981-04-05,0.0,0.0,-186.0000000000291,0.0,-186.0000000000291,40.0
1981-04-06,0.0,-0.18999999997322448,-54.000000000029104,0.0,-53.81000000005588,10.0
1981-04-07,0.0,0.0,-186.0,-0.009999999999999787,-186.0,-10.0
1981-04-08,0.0,0.0,-486.0,-0.019999999999999574,-486.0,10.0
1981-04-09,0.0,0.07000000000698492,-96.0,0.0,-96.07000000000698,30.0
1981-04-10,0.0,0.0,-108.0000000000291,0.0,-108.0000000000291,20.0
1981-04-11,0.0,-3.6600000000325963,-396.0000000000582,-0.5199999999999996,-392.3400000000256,10.0
1981-04-12,0.0,4.0,-84.0,0.0,-88.0,0.0
1981-04-13,0.0,-0.010000000009313226,-144.0,-0.009999999999999787,-143.9899999999907,-10.0
1981-04-14,0.0,0.0,-18.0,0.0,-18.0,0.0
1981-04-15,0.0,0.0,-18.0,0.0,-18.0,0.0
1981-04-16,0.0,0.0,-23.999999999970896,0.0,-23.999999999970896,30.0
1981-04-17,0.0,0.0,0.0,0.0,0.0,0.0
1981-04-18,0.0,0.0,0.0,0.0,0.0,0.0
1981-04-19,0.0,0.0,0.0,0.0,0.0,0.0
1981-04-20,0.0,0.0,0.0,0.0,0.0,0.0
1981-04-21,0.0,0.0,-30.0,0.0,-30.0,30.0
1981-04-22,0.0,0.0,-24.0,0.0,-24.0,20.0
1981-04-23,0.0,0.0,-18.0,0.0,-18.0,10.0
1981-04-24,0.0,0.0,-6.000000000029104,0.0,-6.000000000029104,0.0
1981-04-25,0.0,0.0,0.0,0.0,0.0,0.0
1981-04-26,0.0,0.0,0.0,0.0,0.0,0.0
1981-04-27,0.0,0.0,0.0,0.0,0.0,0.0
1981-04-28,0.0,0.0,-12.0,0.0,-12.0,0.0
1981-04-29,0.0,0.0,-6.0,0.0,-6.0,0.0
1981-04-30,0.0,0.0,0.0,0.0,0.0,0.0
1981-05-01,0.0,0.0,0.0,0.0,0.0,0.0
1981-05-02,0.0,0.0,0.0,0.0,0.0,0.0
1981-05-03,0.0,0.0,0.0,0.0,0.0,0.0
1981-05-04,0.0,0.0,0.0,0.0,0.0,0.0
1981-05-05,0.0,-0.01999999998952262,-18.0,0.0,-17.980000000010477,20.0
1981-05-06,0.0,-0.04000000000814907,-42.0,0.0,-41.95999999999185,10.0
1981-05-07,0.0,0.0,0.0,0.0,0.0,0.0
1981-05-08,0.0,0.0,0.0,0.0,0.0,0.0
1981-05-09,0.0,0.0,0.0,0.0,0.0,0.0
1981-05-10,0.0,0.0,-6.0,0.0,-6.0,0.0
1981-05-11,0.0,0.0,0.0,0.0,0.0,0.0
1981-05-12,0.0,0.0,0.0,0.0,0.0,0.0
1981-05-13,0.0,0.029999999998835847,0.0,0.0,-0.029999999998835847,0.0
1981-05-14,0.0,0.0,0.0,0.0,0.0,0.0
1981-05-15,0.0,0.01999999998952262,0.0,0.0,-0.01999999998952262,0.0
1981-05-16,0.0,0.0,0.0,0.0,0.0,0.0
1981-05-17,0.0,0.0,-5.999999999985448,0.0,-5.999999999985448,0.0
1981-05-18,0.0,0.0,-6.0,0.0,-6.0,0.0
1981-05-19,0.0,0.010000000009313226,0.0,0.0,-0.010000000009313226,0.0
1981-05-20,0.0,0.00999999999476131,0.0,0.0,-0.00999999999476131,0.0
1981-05-21,0.0,0.0,-5.999999999985448,0.0,-5.999999999985448,0.0
1981-05-22,0.0,0.0,0.0,0.0,0.0,0.0
1981-05-23,0.0,0.0,0.0,0.0,0.0,0.0
1981-05-24,0.0,0.0,-48.0,0.0,-48.0,10.0
1981-05-25,0.0,0.0,-17.999999999985448,0.0,-17.999999999985448,10.0
1981-05-26,0.0,0.0,0.0,0.0,0.0,0.0
1981-05-27,0.0,0.0,0.0,0.0,0.0,0.0
1981-05-28,0.0,0.0,0.0,0.0,0.0,0.0
1981-05-29,0.0,0.0,0.0,0.0,0.0,0.0
1981-05-30,0.0,0.0,0.0,0.0,0.0,0.0
1981-05-31,0.0,0.0,0.0,0.0,0.0,0.0
1981-06-01,0.0,0.0,0.0,0.0,0.0,0.0
1981-06-02,0.0,0.00999999999476131,0.0,0.0,-0.00999999999476131,0.0
1981-06-03,0.0,-0.010000000009313226,0.0,0.0,0.010000000009313226,0.0
1981-06-04,0.0,0.0,0.0,0.0,0.0,0.0
1981-06-05,0.0,0.0,0.0,0.0,0.0,0.0
1981-06-06,0.0,0.0,-6.0,0.0,-6.0,0.0
1981-06-07,0.0,0.0,474.0,-0.05000000000000071,474.0,0.0
1981-06-08,0.0,-24.559999999939464,972.0000000001164,-0.8999999999999986,996.5600000000559,30.0
1981-06-09,0.0,24.629999999975553,-54.000000000029104,0.0,-78.63000000000466,0.0
1981-06-10,0.0,-0.029999999998835847,-6.0,0.0,-5.970000000001164,0.0
1981-06-11,0.0,0.0,-48.0,0.0,-48.0,10.0
1981-06-12,0.0,0.0,-84.0,0.0,-84.0,20.0
1981-06-13,0.0,-0.03999999997904524,-24.0,0.0,-23.960000000020955,10.0
1981-06-14,0.0,0.030000000027939677,0.0,0.0,-0.030000000027939677,0.0
1981-06-15,0.0,0.0,0.0,0.0,0.0,0.0
1981-06-16,0.0,0.0,-174.0000000000291,-0.009999999999999787,-174.0000000000291,-10.0
1981-06-17,0.0,0.0,-36.0,0.0,-36.0,10.0
1981-06-18,0.0,0.0,-227.9999999999709,-0.010000000000000231,-227.9999999999709,10.0
1981-06-19,0.0,-0.060000000026775524,-48.0,0.0,-47.939999999973224,30.0
1981-06-20,0.0,0.0,0.0,0.0,0.0,0.0
1981-06-21,0.0,0.0,-42.0,-0.010000000000000009,-42.0,-160.0
1981-06-22,0.0,0.0,-6.0,-0.010000000000000009,-6.0,-220.0
1981-06-23,0.0,0.0,0.0,0.0,0.0,0.0
1981-06-24,0.0,0.0,0.0,0.0,0.0,0.0
1981-06-25,0.0,0.0,0.0,0.0,0.0,0.0
1981-06-26,0.0,0.0,0.0,0.0,0.0,0.0
1981-06-27,0.0,0.0,0.0,0.0,0.0,0.0
1981-06-28,0.0,0.0,0.0,0.0,0.0,0.0
1981-06-29,0.0,0.0,0.0,0.0,0.0,0.0
1981-06-30,0.0,0.0,0.0,0.0,0.0,0.0
1981-07-01,0.0,0.0,0.0,0.0,0.0,0.0
1981-07-02,0.0,0.0,0.0,0.0,0.0,0.0
1981-07-03,0.0,0.0,0.0,0.0,0.0,0.0
1981-07-04,0.0,0.0,0.0,0.0,0.0,0.0
1981-07-05,0.0,0.029999999998835847,0.0,0.0,-0.029999999998835847,0.0
1981-07-06,0.0,0.0,0.0,0.0,0.0,0.0
1981-07-07,0.0,-0.029999999998835847,-5.999999999985448,0.0,-5.969999999986612,0.0
1981-07-08,0.0,0.0,0.0,0.0,0.0,0.0
1981-07-09,0.0,0.0,0.0,0.0,0.0,0.0
1981-07-10,0.0,0.0,0.0,0.0,0.0,0.0
1981-07-11,0.0,0.0,0.0,0.0,0.0,0.0
1981-07-12,0.0,0.0,0.0,0.0,0.0,0.0
1981-07-13,0.0,-0.05000000000291038,0.0,0.0,0.05000000000291038,0.0
1981-07-14,0.0,0.0,0.0,0.0,0.0,0.0
1981-07-15,0.0,-0.059999999997671694,0.0,0.0,0.059999999997671694,0.0
1981-07-16,0.0,0.04000000000814907,0.0,0.0,-0.04000000000814907,0.0
1981-07-17,0.0,0.0,0.0,0.0,0.0,0.0
1981-07-18,0.0,0.0,0.0,0.0,0.0,0.0
1981-07-19,0.0,0.0,0.0,0.0,0.0,0.0
1981-07-20,0.0,0.0,0.0,0.0,0.0,0.0
1981-07-21,0.0,0.0,0.0,0.0,0.0,0.0
1981-07-22,0.0,0.0,0.0,0.0,0.0,0.0
1981-07-23,0.0,0.0,0.0,0.0,0.0,0.0
1981-07-24,0.0,0.0,0.0,0.0,0.0,0.0
1981-07-25,0.0,0.0,0.0,0.0,0.0,0.0
1981-07-26,0.0,0.0,0.0,0.0,0.0,0.0
1981-07-27,0.0,0.0,0.0,0.0,0.0,0.0
1981-07-28,0.0,0.05000000000291038,0.0,0.0,-0.05000000000291038,0.0
1981-07-29,0.0,-0.029999999998835847,0.0,0.0,0.029999999998835847,0.0
1981-07-30,0.0,0.0,0.0,0.0,0.0,0.0
1981-07-31,0.0,0.0,0.0,0.0,0.0,0.0
1981-08-01,0.0,0.0,0.0,0.0,0.0,0.0
1981-08-02,0.0,0.0,0.0,0.0,0.0,0.0
1981-08-03,0.0,0.0,0.0,0.0,0.0,0.0
1981-08-04,0.0,0.020000000004074536,0.6000000000058208,0.0,0.5800000000017462,0.0
1981-08-05,0.0,0.0,0.0,0.0,0.0,0.0
1981-08-06,0.0,0.0,0.0,0.0,0.0,0.0
1981-08-07,0.0,0.0,0.0,0.0,0.0,0.0
1981-08-08,0.0,0.0,0.0,0.0,0.0,0.0
1981-08-09,0.0,0.0,0.0,0.0,0.0,0.0
1981-08-10,0.0,0.0,0.0,0.0,0.0,0.0
1981-08-11,0.0,-0.01999999999679858,0.0,0.0,0.01999999999679858,0.0
1981-08-12,0.0,0.0,0.0,0.0,0.0,0.0
1981-08-13,0.0,0.0,0.0,0.0,0.0,0.0
1981-08-14,0.0,0.010000000002037268,0.0,0.0,-0.010000000002037268,0.0
1981-08-15,0.0,0.0,0.0,0.0,0.0,0.0
1981-08-16,0.0,0.0,0.0,0.0,0.0,0.0
1981-08-17,0.0,0.0,0.0,0.0,0.0,0.0
1981-08-18,0.0,0.0,0.0,0.0,0.0,0.0
1981-08-19,0.0,0.0,0.0,0.0,0.0,0.0
1981-08-20,0.0,0.0,0.0,0.0,0.0,0.0
1981-08-21,0.0,0.0,0.0,0.0,0.0,0.0
1981-08-22,0.0,-0.00999999999476131,0.0,0.0,0.00999999999476131,0.0
1981-08-23,0.0,0.00999999999476131,0.0,0.0,-0.00999999999476131,0.0
1981-08-24,0.0,0.0,0.0,0.0,0.0,0.0
1981-08-25,0.0,0.0,0.0,0.0,0.0,0.0
1981-08-26,0.0,0.0,0.0,0.0,0.0,0.0
1981-08-27,0.0,0.010000000002037268,0.0,0.0,-0.010000000002037268,0.0
1981-08-28,0.0,-0.010000000002037268,0.0,0.0,0.010000000002037268,0.0
1981-08-29,0.0,0.0,0.0,0.0,0.0,0.0
1981-08-30,0.0,0.010000000002037268,0.0,0.0,-0.010000000002037268,0.0
1981-08-31,0.0,-0.010000000002037268,0.0,0.0,0.010000000002037268,0.0
1981-09-01,0.0,0.020000000004074536,0.0,0.0,-0.020000000004074536,0.0
1981-09-02,0.0,-0.010000000002037268,0.0,0.0,0.010000000002037268,0.0
1981-09-03,0.0,0.0,0.0,0.0,0.0,0.0
1981-09-04,0.0,0.0,0.0,0.0,0.0,0.0
1981-09-05,0.0,-0.010000000002037268,0.0,0.0,0.010000000002037268,0.0
1981-09-06,0.0,0.0,0.0,0.0,0.0,0.0
1981-09-07,0.0,0.0,0.0,0.0,0.0,0.0
1981-09-08,0.0,0.0,0.0,0.0,0.0,0.0
1981-09-09,0.0,0.0,0.0,0.0,0.0,0.0
1981-09-10,0.0,0.0,0.0,0.0,0.0,0.0
1981-09-11,0.0,0.0,0.0,0.0,0.0,0.0
1981-09-12,0.0,0.010000000002037268,0.0,0.0,-0.010000000002037268,0.0
1981-09-13,0.0,-0.020000000000436557,0.0,0.0,0.020000000000436557,0.0
1981-09-14,0.0,0.0,0.0,0.0,0.0,0.0
1981-09-15,0.0,0.0,0.0,0.0,0.0,0.0
1981-09-16,0.0,0.0,0.0,0.0,0.0,0.0
1981-09-17,0.0,0.0,0.0,0.0,0.0,0.0
1981-09-18,0.0,0.0,0.0,0.0,0.0,0.0
1981-09-19,0.0,0.0,0.0,0.0,0.0,0.0
1981-09-20,0.0,0.0,0.0,0.0,0.0,0.0
1981-09-21,0.0,0.0,0.0,0.0,0.0,0.0
1981-09-22,0.0,0.0,0.0,0.0,0.0,0.0
1981-09-23,0.0,0.0,0.0,0.0,0.0,0.0
1981-09-24,0.0,0.0,0.0,0.0,0.0,0.0
1981-09-25,0.0,0.010000000002037268,0.0,0.0,-0.010000000002037268,0.0
1981-09-26,0.0,0.0,0.0,0.0,0.0,0.0
1981-09-27,0.0,0.0,0.0,0.0,0.0,0.0
1981-09-28,0.0,0.0,0.0,0.0,0.0,0.0
1981-09-29,0.0,0.0,0.0,0.0,0.0,0.0
1981-09-30,0.0,0.0,0.0,0.0,0.0,0.0
1981-10-01,0.0,0.0,0.0,0.0,0.0,0.0
1981-10-02,0.0,0.0,0.0,0.0,0.0,0.0
1981-10-03,0.0,0.0,0.0,0.0,0.0,0.0
1981-10-04,0.0,0.0,0.0,0.0,0.0,0.0
1981-10-05,0.0,0.0,0.0,0.0,0.0,0.0
1981-10-06,0.0,0.0,-50.39999999999418,0.0,-50.39999999999418,10.0
1981-10-07,0.0,0.0,1.1999999999970896,0.0,1.1999999999970896,0.0
1981-10-08,0.0,0.0,0.0,0.0,0.0,0.0
1981-10-09,0.0,0.0,0.0,0.0,0.0,0.0
1981-10-10,0.0,0.0,0.0,0.0,0.0,0.0
1981-10-11,0.0,0.0,0.0,0.0,0.0,0.0
1981-10-12,0.0,0.0,0.0,0.0,0.0,0.0
1981-10-13,0.0,0.0,0.0,0.0,0.0,0.0
1981-10-14,0.0,0.0,0.0,0.0,0.0,0.0
1981-10-15,0.0,0.0,0.0,0.0,0.0,0.0
1981-10-16,0.0,0.0,0.0,0.0,0.0,0.0
1981-10-17,0.0,0.0,0.0,0.0,0.0,0.0
1981-10-18,0.0,0.0,0.0,0.0,0.0,0.0
1981-10-19,0.0,0.0,0.0,0.0,0.0,0.0
1981-10-20,0.0,0.0,0.0,0.0,0.0,0.0
1981-10-21,0.0,0.0,0.0,0.0,0.0,0.0
1981-10-22,0.0,0.0,0.0,0.0,0.0,0.0
1981-10-23,0.0,0.0,0.0,0.0,0.0,0.0
1981-10-24,0.0,0.0,0.0,0.0,0.0,0.0
1981-10-25,0.0,0.0,0.0,0.0,0.0,0.0
1981-10-26,0.0,0.0,0.0,0.0,0.0,0.0
1981-10-27,0.0,0.0,0.0,0.0,0.0,0.0
1981-10-28,0.0,0.0,0.0,0.0,0.0,0.0
1981-10-29,0.0,0.0,0.0,0.0,0.0,0.0
1981-10-30,0.0,0.0,0.0,0.0,0.0,0.0
1981-10-31,0.0,0.0,0.0,0.0,0.0,0.0
1981-11-01,0.0,0.0,0.0,0.0,0.0,0.0
1981-11-02,0.0,0.0,0.0,0.0,0.0,0.0
1981-11-03,0.0,0.0,0.0,0.0,0.0,0.0
1981-11-04,0.0,0.0,0.0,0.0,0.0,0.0
1981-11-05,0.0,0.0,0.0,0.0,0.0,0.0
1981-11-06,0.0,0.0,0.0,0.0,0.0,0.0
1981-11-07,0.0,0.0,0.0,0.0,0.0,0.0
1981-11-08,0.0,0.0,0.0,0.0,0.0,0.0
1981-11-09,0.0,0.0,0.0,0.0,0.0,0.0
1981-11-10,0.0,0.0,0.0,0.0,0.0,0.0
1981-11-11,0.0,-0.020000000004074536,0.0,0.0,0.020000000004074536,0.0
1981-11-12,0.0,0.0,0.0,0.0,0.0,0.0
1981-11-13,0.0,0.0,0.0,0.0,0.0,0.0
1981-11-14,0.0,0.0,0.0,0.0,0.0,0.0
1981-11-15,0.0,0.0,0.0,0.0,0.0,0.0
1981-11-16,0.0,0.0,-0.6000000000058208,0.0,-0.6000000000058208,0.0
1981-11-17,0.0,0.029999999998835847,-15.000000000014552,0.0,-15.030000000013388,30.0
1981-11-18,0.0,-0.029999999998835847,-0.5999999999912689,0.0,-0.569999999992433,0.0
1981-11-19,0.0,0.0,0.0,0.0,0.0,0.0
1981-11-20,0.0,0.020000000004074536,-4.7999999999883585,0.0,-4.819999999992433,30.0
1981-11-21,0.0,0.059999999997671694,-79.20000000001164,0.0,-79.26000000000931,20.0
1981-11-22,0.0,-0.04000000000814907,-23.999999999985448,0.0,-23.9599999999773,20.0
1981-11-23,0.0,0.0,0.0,0.0,0.0,0.0
1981-11-24,0.0,0.0,0.0,0.0,0.0,0.0
1981-11-25,0.0,0.0,0.0,0.0,0.0,0.0
1981-11-26,0.0,0.029999999998835847,0.0,0.0,-0.029999999998835847,0.0
1981-11-27,0.0,-0.020000000004074536,0.0,0.0,0.020000000004074536,0.0
1981-11-28,0.0,0.0,0.0,0.0,0.0,0.0
1981-11-29,0.0,0.0,0.0,0.0,0.0,0.0
1981-11-30,0.0,0.0,-6.0,0.0,-6.0,10.0
1981-12-01,0.0,3.6999999999970896,-12.000000000014552,0.0,-15.700000000011642,10.0
1981-12-02,0.0,-7.5,582.0,0.010000000000000231,589.5,30.0
1981-12-03,0.0,4.069999999992433,-6.0,0.0,-10.069999999992433,0.0
1981-12-04,0.0,0.029999999998835847,-252.00000000001455,-0.010000000000000009,-252.0300000000134,-380.0
1981-12-05,0.0,1.3199999999487773,1830.0000000001164,0.0,1828.6800000001676,-10.0
1981-12-06,0.0,-2.889999999984866,-59.999999999970896,0.0,-57.10999999998603,0.0
1981-12-07,0.0,1.8400000000256114,0.0,0.0,-1.8400000000256114,0.0
1981-12-08,0.0,0.0,-12.0,-0.010000000000000009,-12.0,-420.0
1981-12-09,0.0,0.0,-12.0,0.0,-12.0,10.0
1981-12-10,0.0,0.0,-24.000000000029104,0.0,-24.000000000029104,20.0
1981-12-11,0.0,0.0,0.0,0.0,0.0,0.0
1981-12-12,0.0,0.04999999998835847,0.0,0.0,-0.04999999998835847,0.0
1981-12-13,0.0,0.01999999998952262,-42.0,0.0,-42.01999999998952,20.0
1981-12-14,0.0,0.20000000001164153,-156.0,0.0,-156.20000000001164,40.0
1981-12-15,0.0,-2.64000000001397,-156.0,-0.010000000000000231,-153.35999999998603,-20.0
1981-12-16,0.0,2.570000000006985,-6.0,0.0,-8.570000000006985,0.0
1981-12-17,0.0,-0.01999999998952262,-6.000000000029104,0.0,-5.980000000039581,0.0
1981-12-18,0.0,0.1300000000046566,-84.0000000000291,0.0,-84.13000000003376,10.0
1981-12-19,0.0,-1.4100000000034925,-144.0000000000291,-0.009999999999999787,-142.5900000000256,0.0
1981-12-20,0.0,1.290000000008149,-60.000000000029104,0.0,-61.29000000003725,40.0
1981-12-21,0.0,0.0,-84.0,-0.009999999999999787,-84.0,-20.0
1981-12-22,0.0,0.0,-78.0,-0.009999999999999787,-78.0,0.0
1981-12-23,0.0,0.0,-132.0000000000291,-0.020000000000000018,-132.0000000000291,0.0
1981-12-24,0.0,0.0,-53.999999999970896,0.0,-53.999999999970896,20.0
1981-12-25,0.0,0.07999999998719431,0.0,0.0,-0.07999999998719431,0.0
1981-12-26,0.0,-0.2600000000093132,-107.9999999999709,-0.009999999999999787,-107.73999999996158,-40.0
1981-12-27,0.0,-0.6099999999860302,-192.0000000000291,-0.009999999999999787,-191.39000000004307,-20.0
1981-12-28,0.0,0.8399999999965075,-6.0,0.0,-6.8399999999965075,0.0
1981-12-29,0.0,0.0,-60.00000000005821,0.0,-60.00000000005821,0.0
1981-12-30,0.0,0.029999999998835847,-18.0,0.0,-18.029999999998836,10.0
1981-12-31,0.0,0.0,-30.000000000029104,0.0,-30.000000000029104,20.0
1982-01-01,0.0,0.0,-6.0,0.0,-6.0,0.0
1982-01-02,0.0,0.0,-6.0,0.0,-6.0,10.0
1982-01-03,0.0,0.029999999998835847,-96.0,-0.020000000000000018,-96.02999999999884,0.0
1982-01-04,0.0,0.0,-23.999999999970896,-0.010000000000000009,-23.999999999970896,-30.0
1982-01-05,0.0,0.0,-24.0,0.0,-24.0,10.0
1982-01-06,0.0,0.0,-18.0,0.0,-18.0,0.0
1982-01-07,0.0,-0.04999999998835847,-24.000000000029104,0.0,-23.950000000040745,0.0
1982-01-08,0.0,0.0,-12.000000000058208,0.0,-12.000000000058208,0.0
1982-01-09,0.0,0.0,-6.000000000029104,0.0,-6.000000000029104,0.0
1982-01-10,0.0,0.0,0.0,0.0,0.0,0.0
1982-01-11,0.0,0.0,0.0,0.0,0.0,0.0
1982-01-12,0.0,0.0,-12.0,0.0,-12.0,20.0
1982-01-13,0.0,0.0,0.0,0.0,0.0,0.0
1982-01-14,0.0,0.0,0.0,0.0,0.0,0.0
1982-01-15,0.0,0.0,-5.999999999970896,0.0,-5.999999999970896,0.0
1982-01-16,0.0,-117.25,4326.0,0.10000000000000142,4443.25,130.0
1982-01-17,0.0,117.30999999999767,-12.0,0.0,-129.30999999999767,0.0
1982-01-18,0.0,-0.3299999999871943,-132.0000000000291,0.0,-131.6700000000419,0.0
1982-01-19,0.0,0.139999999984866,-125.9999999999709,-0.009999999999999787,-126.13999999995576,-290.0
1982-01-20,0.0,0.0,-29.999999999970896,0.0,-29.999999999970896,0.0
1982-01-21,0.0,-0.17000000001280569,-258.0,-0.020000000000000462,-257.8299999999872,20.0
1982-01-22,0.0,-636.1900000000605,1073.9999999997672,-1.0999999999999979,1710.1899999998277,-60.0
1982-01-23,0.0,-756.5900000000256,-281.9999999999418,-1.0,474.5900000000838,-20.0
1982-01-24,0.0,1366.0,1097.9999999999418,0.0,-268.0000000000582,30.0
1982-01-25,0.0,32.95999999999185,-162.0000000000291,0.0,-194.96000000002095,60.0
1982-01-26,0.0,-91.84999999997672,-66.0,0.0,25.849999999976717,30.0
1982-01-27,0.0,87.25,12.0,0.010000000000000675,-75.25,0.0
1982-01-28,0.0,2.679999999993015,-65.9999999999709,0.0,-68.67999999996391,70.0
1982-01-29,0.0,-3.8399999999965075,-47.999999999970896,0.0,-44.15999999997439,0.0
1982-01-30,0.0,4.090000000025611,-30.000000000029104,0.0,-34.090000000054715,30.0
1982-01-31,0.0,-4.4799999999813735,-186.0,-0.009999999999999787,-181.52000000001863,0.0
1982-02-01,0.0,0.0,-252.0000000000291,-0.020000000000000018,-252.0000000000291,-10.0
1982-02-02,0.0,0.01999999998952262,-53.999999999970896,0.0,-54.01999999996042,0.0
1982-02-03,0.0,-0.060000000026775524,-23.999999999970896,0.0,-23.93999999994412,0.0
1982-02-04,0.0,0.0,-24.0,0.0,-24.0,0.0
1982-02-05,0.0,0.0,-6.000000000029104,0.0,-6.000000000029104,0.0
1982-02-06,0.0,0.0,-6.000000000029104,0.0,-6.000000000029104,0.0
1982-02-07,0.0,0.0,-5.999999999970896,0.0,-5.999999999970896,0.0
1982-02-08,0.0,0.0,0.0,0.0,0.0,0.0
1982-02-09,0.0,0.0,0.0,0.0,0.0,0.0
1982-02-10,0.0,0.0,0.0,0.0,0.0,0.0
1982-02-11,0.0,0.0,-18.000000000029104,0.0,-18.000000000029104,10.0
1982-02-12,0.0,0.0,-12.000000000029104,0.0,-12.000000000029104,0.0
1982-02-13,0.0,-70.94000000006054,2561.9999999998836,0.02999999999999936,2632.939999999944,20.0
1982-02-14,0.0,5.939999999944121,1973.9999999998836,0.02000000000000135,1968.0599999999395,-90.0
1982-02-15,0.0,11.43999999994412,1878.0,0.019999999999999574,1866.5600000000559,-10.0
1982-02-16,0.0,-3.5,1769.9999999998836,0.019999999999999574,1773.4999999998836,0.0
1982-02-17,0.0,-1001.0600000000559,-48.000000000116415,-0.08999999999999986,953.0599999999395,-20.0
1982-02-18,0.0,-408.9399999999441,480.0,-0.29999999999999893,888.9399999999441,60.0
1982-02-19,0.0,1452.9400000000605,1625.9999999997672,0.0,173.05999999970663,-20.0
1982-02-20,0.0,-6.870000000111759,192.0,-0.5999999999999979,198.87000000011176,110.0
1982-02-21,0.0,19.87999999994645,-384.0,0.09999999999999787,-403.87999999994645,0.0
1982-02-22,0.0,0.0,-456.0,-0.05000000000000071,-456.0,0.0
1982-02-23,0.0,0.0,-192.0,-0.020000000000000018,-192.0,0.0
1982-02-24,0.0,0.07000000000698492,-306.0,-0.05999999999999961,-306.070000000007,0.0
1982-02-25,0.0,0.0,-251.9999999999709,-0.04999999999999982,-251.9999999999709,-10.0
1982-02-26,0.0,0.0,-138.0000000000291,-0.029999999999999805,-138.0000000000291,0.0
1982-02-27,0.0,0.06999999997788109,-126.0,-0.020000000000000018,-126.06999999997788,10.0
1982-02-28,0.0,0.22000000000116415,-96.0000000000291,-0.020000000000000018,-96.22000000003027,0.0
1982-03-01,0.0,0.07999999998719431,-48.0,0.0,-48.079999999987194,0.0
1982-03-02,0.0,0.9200000000128057,-18.000000000058208,0.0,-18.920000000071013,10.0
1982-03-03,0.0,-4.470000000030268,-65.99999999994179,0.0,-61.529999999911524,50.0
1982-03-04,0.0,3.5300000000279397,-108.0,0.0,-111.53000000002794,0.0
1982-03-05,0.0,-0.10999999998603016,-89.9999999999709,0.0,-89.88999999998487,40.0
1982-03-06,0.0,0.3200000000069849,-120.0,0.0,-120.32000000000698,50.0
1982-03-07,0.0,-0.2600000000093132,-66.0,0.0,-65.73999999999069,130.0
1982-03-08,0.0,4.690000000002328,-66.0,0.0,-70.69000000000233,10.0
1982-03-09,0.0,9.46999999997206,-83.99999999988358,0.0,-93.46999999985565,30.0
1982-03-10,0.0,5.819999999948777,-419.9999999998836,0.0,-425.81999999983236,20.0
1982-03-11,0.0,-98.19000000000233,-336.0000000001164,-0.03000000000000025,-237.8100000001141,-20.0
1982-03-12,0.0,78.34000000002561,-12.0,-0.009999999999999787,-90.34000000002561,-20.0
1982-03-13,0.0,5.779999999969732,-108.0,0.0,-113.77999999996973,50.0
1982-03-14,0.0,-5.840000000025611,-108.0,0.0,-102.15999999997439,10.0
1982-03-15,0.0,0.10999999998603016,-60.000000000029104,0.0,-60.110000000015134,0.0
1982-03-16,0.0,0.0,-12.0,0.0,-12.0,0.0
1982-03-17,0.0,0.0,-11.999999999970896,0.0,-11.999999999970896,0.0
1982-03-18,0.0,0.0,-6.0,0.0,-6.0,0.0
1982-03-19,0.0,0.01999999998952262,0.0,0.0,-0.01999999998952262,0.0
1982-03-20,0.0,0.059999999997671694,-6.0,0.0,-6.059999999997672,0.0
1982-03-21,0.0,-0.15999999997438863,-30.0,0.0,-29.84000000002561,20.0
1982-03-22,0.0,0.7900000000081491,-18.000000000029104,0.0,-18.790000000037253,10.0
1982-03-23,0.0,2.419999999983702,-59.99999999994179,0.0,-62.419999999925494,40.0
1982-03-24,0.0,-0.10999999998603016,-89.9999999999709,0.0,-89.88999999998487,90.0
1982-03-25,0.0,-1.5199999999895226,0.0,0.0,1.5199999999895226,0.0
1982-03-26,0.0,2.0500000000174623,-59.999999999970896,0.0,-62.04999999998836,10.0
1982-03-27,0.0,-76.12000000005355,-270.0,-0.009999999999999787,-193.87999999994645,-10.0
1982-03-28,0.0,69.44000000000233,-78.0,-0.009999999999999787,-147.44000000000233,-10.0
1982-03-29,0.0,3.389999999984866,-71.9999999999709,0.0,-75.38999999995576,20.0
1982-03-30,0.0,-5.779999999969732,-174.0000000000582,-0.009999999999999787,-168.22000000008848,-20.0
1982-03-31,0.0,5.279999999998836,-77.9999999999709,0.0,-83.27999999996973,20.0
1982-04-01,0.0,-1.8400000000256114,-96.0,0.0,-94.15999999997439,20.0
1982-04-02,0.0,0.860000000015134,-59.999999999970896,0.0,-60.85999999998603,20.0
1982-04-03,0.0,1.0799999999871943,-162.0000000000291,-0.010000000000000231,-163.0800000000163,-80.0
1982-04-04,0.0,0.2600000000093132,-41.999999999970896,0.0,-42.25999999998021,40.0
1982-04-05,0.0,0.21000000002095476,-59.999999999970896,0.0,-60.20999999999185,10.0
1982-04-06,0.0,-3.2299999999813735,-107.9999999999709,-0.010000000000000231,-104.76999999998952,-20.0
1982-04-07,0.0,3.0100000000093132,-24.000000000029104,0.0,-27.010000000038417,0.0
1982-04-08,0.0,0.0,-84.0,0.0,-84.0,10.0
1982-04-09,0.0,0.059999999997671694,-96.0,0.0,-96.05999999999767,0.0
1982-04-10,0.0,7.25,-95.99999999994179,0.0,-103.24999999994179,10.0
1982-04-11,0.0,10.400000000023283,-515.9999999999418,-0.009999999999999787,-526.3999999999651,0.0
1982-04-12,0.0,-10.720000000030268,-444.0,-0.020000000000000462,-433.27999999996973,-10.0
1982-04-13,0.0,-6.309999999939464,-462.0000000001164,-0.3000000000000007,-455.69000000017695,10.0
1982-04-14,0.0,-6.970000000030268,-258.0,-0.010000000000000675,-251.02999999996973,0.0
1982-04-15,0.0,6.060000000055879,-366.0,-0.05999999999999961,-372.0600000000559,0.0
1982-04-16,0.0,0.0,-72.0,0.0,-72.0,0.0
1982-04-17,0.0,0.0,-120.0,-0.010000000000000231,-120.0,-40.0
1982-04-18,0.0,0.0,-66.0000000000291,-0.009999999999999787,-66.0000000000291,-40.0
1982-04-19,0.0,0.04000000000814907,-132.0000000000291,0.0,-132.04000000003725,30.0
1982-04-20,0.0,0.01999999998952262,-66.0,0.0,-66.01999999998952,40.0
1982-04-21,0.0,6.860000000015134,-264.0000000000291,0.0,-270.86000000004424,10.0
1982-04-22,0.0,6.930000000022119,-173.9999999999709,-0.009999999999999787,-180.92999999999302,-280.0
1982-04-23,0.0,-5.730000000010477,-60.000000000029104,0.0,-54.27000000001863,0.0
1982-04-24,0.0,-8.0,-24.0,0.0,-16.0,0.0
1982-04-25,0.0,-0.010000000009313226,0.0,0.0,0.010000000009313226,0.0
1982-04-26,0.0,-0.01999999998952262,-18.000000000029104,0.0,-17.98000000003958,0.0
1982-04-27,0.0,1.2799999999988358,-6.000000000029104,0.0,-7.28000000002794,0.0
1982-04-28,0.0,-0.33000000001629815,-18.0,0.0,-17.669999999983702,0.0
1982-04-29,0.0,-0.9199999999837019,-18.000000000029104,0.0,-17.080000000045402,0.0
1982-04-30,0.0,0.0,0.0,0.0,0.0,0.0
1982-05-01,0.0,0.0,0.0,0.0,0.0,0.0
1982-05-02,0.0,0.0,0.0,0.0,0.0,0.0
1982-05-03,0.0,0.010000000009313226,-24.0,0.0,-24.010000000009313,10.0
1982-05-04,0.0,-0.010000000009313226,0.0,0.0,0.010000000009313226,0.0
1982-05-05,0.0,0.0,0.0,0.0,0.0,0.0
1982-05-06,0.0,0.0,0.0,0.0,0.0,0.0
1982-05-07,0.0,0.0,-35.999999999970896,0.0,-35.999999999970896,10.0
1982-05-08,0.0,-0.010000000009313226,0.0,0.0,0.010000000009313226,0.0
1982-05-09,0.0,0.0,0.0,0.0,0.0,0.0
1982-05-10,0.0,0.0,0.0,0.0,0.0,0.0
1982-05-11,0.0,0.0,0.0,0.0,0.0,0.0
1982-05-12,0.0,0.0,0.0,0.0,0.0,0.0
1982-05-13,0.0,0.0,0.0,0.0,0.0,0.0
1982-05-14,0.0,0.0,0.0,0.0,0.0,0.0
1982-05-15,0.0,0.0,0.0,0.0,0.0,0.0
1982-05-16,0.0,0.0,0.0,0.0,0.0,0.0
1982-05-17,0.0,0.029999999998835847,0.0,0.0,-0.029999999998835847,0.0
1982-05-18,0.0,0.0,-6.0,0.0,-6.0,10.0
1982-05-19,0.0,-0.029999999998835847,0.0,0.0,0.029999999998835847,0.0
1982-05-20,0.0,-0.010000000009313226,0.0,0.0,0.010000000009313226,0.0
1982-05-21,0.0,0.0,0.0,0.0,0.0,0.0
1982-05-22,0.0,0.0,0.0,0.0,0.0,0.0
1982-05-23,0.0,0.0,0.0,0.0,0.0,0.0
1982-05-24,0.0,0.0,0.0,0.0,0.0,0.0
1982-05-25,0.0,0.0,0.0,0.0,0.0,0.0
1982-05-26,0.0,0.0,0.0,0.0,0.0,0.0
1982-05-27,0.0,0.0,0.0,0.0,0.0,0.0
1982-05-28,0.0,0.0,0.0,0.0,0.0,0.0
1982-05-29,0.0,0.0,0.0,0.0,0.0,0.0
1982-05-30,0.0,0.0,0.0,0.0,0.0,0.0
1982-05-31,0.0,0.0,0.0,0.0,0.0,0.0
1982-06-01,0.0,0.0,0.0,0.0,0.0,0.0
1982-06-02,0.0,0.0,0.0,0.0,0.0,0.0
1982-06-03,0.0,0.0,0.0,0.0,0.0,0.0
1982-06-04,0.0,0.0,0.0,0.0,0.0,0.0
1982-06-05,0.0,0.0,-17.999999999985448,0.0,-17.999999999985448,0.0
1982-06-06,0.0,0.0,0.0,0.0,0.0,0.0
1982-06-07,0.0,0.0,0.0,0.0,0.0,0.0
1982-06-08,0.0,0.0,0.0,0.0,0.0,0.0
1982-06-09,0.0,0.0,0.0,0.0,0.0,0.0
1982-06-10,0.0,0.0,0.0,0.0,0.0,0.0
1982-06-11,0.0,0.0,0.0,0.0,0.0,0.0
1982-06-12,0.0,0.0,0.0,0.0,0.0,0.0
1982-06-13,0.0,0.0,0.0,0.0,0.0,0.0
1982-06-14,0.0,0.0,0.0,0.0,0.0,0.0
1982-06-15,0.0,0.0,0.0,0.0,0.0,0.0
1982-06-16,0.0,0.0,0.0,0.0,0.0,0.0
1982-06-17,0.0,0.0,0.0,0.0,0.0,0.0
1982-06-18,0.0,0.0,0.0,0.0,0.0,0.0
1982-06-19,0.0,0.07000000000698492,0.0,0.0,-0.07000000000698492,0.0
1982-06-20,0.0,0.0,0.0,0.0,0.0,0.0
1982-06-21,0.0,0.0,0.0,0.0,0.0,0.0
1982-06-22,0.0,0.0,0.0,0.0,0.0,0.0
1982-06-23,0.0,0.0,0.0,0.0,0.0,0.0
1982-06-24,0.0,0.010000000009313226,0.0,0.0,-0.010000000009313226,0.0
1982-06-25,0.0,0.00999999999476131,0.0,0.0,-0.00999999999476131,0.0
1982-06-26,0.0,0.0,0.0,0.0,0.0,0.0
1982-06-27,0.0,0.0,0.0,0.0,0.0,0.0
1982-06-28,0.0,-0.020000000004074536,0.0,0.0,0.020000000004074536,0.0
1982-06-29,0.0,0.0,0.0,0.0,0.0,0.0
1982-06-30,0.0,0.0,0.0,0.0,0.0,0.0
1982-07-01,0.0,0.0,0.0,0.0,0.0,0.0
1982-07-02,0.0,0.0,0.0,0.0,0.0,0.0
1982-07-03,0.0,0.0,0.0,0.0,0.0,0.0
1982-07-04,0.0,0.0,0.0,0.0,0.0,0.0
1982-07-05,0.0,0.0,0.0,0.0,0.0,0.0
1982-07-06,0.0,0.0,0.0,0.0,0.0,0.0
1982-07-07,0.0,0.0,0.6000000000058208,0.0,0.6000000000058208,0.0
1982-07-08,0.0,0.0,3.599999999976717,0.0,3.599999999976717,0.0
1982-07-09,0.0,0.0,0.0,0.0,0.0,0.0
1982-07-10,0.0,0.0,0.0,0.0,0.0,0.0
1982-07-11,0.0,0.0,0.0,0.0,0.0,0.0
1982-07-12,0.0,0.00999999999476131,0.0,0.0,-0.00999999999476131,0.0
1982-07-13,0.0,0.0,0.0,0.0,0.0,0.0
1982-07-14,0.0,0.0,0.0,0.0,0.0,0.0
1982-07-15,0.0,0.01999999998952262,0.0,0.0,-0.01999999998952262,0.0
1982-07-16,0.0,0.0,0.0,0.0,0.0,0.0
1982-07-17,0.0,0.0,0.0,0.0,0.0,0.0
1982-07-18,0.0,0.0,0.0,0.0,0.0,0.0
1982-07-19,0.0,0.020000000004074536,0.0,0.0,-0.020000000004074536,0.0
1982-07-20,0.0,-0.00999999999476131,0.0,0.0,0.00999999999476131,0.0
1982-07-21,0.0,0.0,0.0,0.0,0.0,0.0
1982-07-22,0.0,0.0,0.0,0.0,0.0,0.0
1982-07-23,0.0,0.0,0.0,0.0,0.0,0.0
1982-07-24,0.0,0.0,0.0,0.0,0.0,0.0
1982-07-25,0.0,0.010000000002037268,0.0,0.0,-0.010000000002037268,0.0
1982-07-26,0.0,0.0,0.0,0.0,0.0,0.0
1982-07-27,0.0,0.0,0.0,0.0,0.0,0.0
1982-07-28,0.0,0.0,0.0,0.0,0.0,0.0
1982-07-29,0.0,0.0,0.0,0.0,0.0,0.0
1982-07-30,0.0,0.0,0.0,0.0,0.0,0.0
1982-07-31,0.0,0.0,0.0,0.0,0.0,0.0
1982-08-01,0.0,0.0,0.0,0.0,0.0,0.0
1982-08-02,0.0,0.0,0.0,0.0,0.0,0.0
1982-08-03,0.0,0.0,0.0,0.0,0.0,0.0
1982-08-04,0.0,0.0,0.0,0.0,0.0,0.0
1982-08-05,0.0,0.0,0.0,0.0,0.0,0.0
1982-08-06,0.0,0.0,0.0,0.0,0.0,0.0
1982-08-07,0.0,0.0,0.0,0.0,0.0,0.0
1982-08-08,0.0,-0.01999999999679858,0.0,0.0,0.01999999999679858,0.0
1982-08-09,0.0,0.010000000002037268,0.0,0.0,-0.010000000002037268,0.0
1982-08-10,0.0,0.0,0.0,0.0,0.0,0.0
1982-08-11,0.0,0.0,0.0,0.0,0.0,0.0
1982-08-12,0.0,0.0,0.0,0.0,0.0,0.0
1982-08-13,0.0,0.0,0.0,0.0,0.0,0.0
1982-08-14,0.0,-0.00999999999476131,0.0,0.0,0.00999999999476131,0.0
1982-08-15,0.0,0.0,-0.6000000000058208,0.0,-0.6000000000058208,0.0
1982-08-16,0.0,0.0,0.0,0.0,0.0,0.0
1982-08-17,0.0,0.0,0.0,0.0,0.0,0.0
1982-08-18,0.0,0.0,0.0,0.0,0.0,0.0
1982-08-19,0.0,0.0,0.0,0.0,0.0,0.0
1982-08-20,0.0,0.010000000002037268,0.0,0.0,-0.010000000002037268,0.0
1982-08-21,0.0,0.0,0.0,0.0,0.0,0.0
1982-08-22,0.0,0.0,0.0,0.0,0.0,0.0
1982-08-23,0.0,0.0,0.0,0.0,0.0,0.0
1982-08-24,0.0,0.0,0.0,0.0,0.0,0.0
1982-08-25,0.0,0.0,0.0,0.0,0.0,0.0
1982-08-26,0.0,-0.00999999999839929,0.0,0.0,0.00999999999839929,0.0
1982-08-27,0.0,0.00999999999839929,0.0,0.0,-0.00999999999839929,0.0
1982-08-28,0.0,0.00999999999839929,0.0,0.0,-0.00999999999839929,0.0
1982-08-29,0.0,0.0,-0.6000000000058208,0.0,-0.6000000000058208,0.0
1982-08-30,0.0,0.0,0.0,0.0,0.0,0.0
1982-08-31,0.0,0.0,0.0,0.0,0.0,0.0
1982-09-01,0.0,0.00999999999839929,0.0,0.0,-0.00999999999839929,0.0
1982-09-02,0.0,0.0,0.0,0.0,0.0,0.0
1982-09-03,0.0,0.010000000002037268,0.0,0.0,-0.010000000002037268,0.0
1982-09-04,0.0,0.0,0.0,0.0,0.0,0.0
1982-09-05,0.0,0.0,0.0,0.0,0.0,0.0
1982-09-06,0.0,0.0,0.0,0.0,0.0,0.0
1982-09-07,0.0,0.0,0.0,0.0,0.0,0.0
1982-09-08,0.0,-0.010000000002037268,0.0,0.0,0.010000000002037268,0.0
1982-09-09,0.0,0.0,0.0,0.0,0.0,0.0
1982-09-10,0.0,0.0,0.0,0.0,0.0,0.0
1982-09-11,0.0,0.0,0.0,0.0,0.0,0.0
1982-09-12,0.0,0.0,0.0,0.0,0.0,0.0
1982-09-13,0.0,0.0,0.0,0.0,0.0,0.0
1982-09-14,0.0,0.0,0.0,0.0,0.0,0.0
1982-09-15,0.0,0.0,0.0,0.0,0.0,0.0
1982-09-16,0.0,0.0,0.0,0.0,0.0,0.0
1982-09-17,0.0,0.0,0.0,0.0,0.0,0.0
1982-09-18,0.0,0.0,0.0,0.0,0.0,0.0
1982-09-19,0.0,0.0,0.0,0.0,0.0,0.0
1982-09-20,0.0,0.03999999999359716,188.99999999998545,0.0,188.95999999999185,0.0
1982-09-21,0.0,0.00999999999839929,0.6000000000021828,0.0,0.5900000000037835,0.0
1982-09-22,-2.119882992701605e-06,0.0,0.0,0.0,0.0,0.0
1982-09-23,-1.3628166925627738e-05,0.0,0.0,0.0,0.0,0.0
1982-09-24,-1.308303399127908e-05,0.0,0.0,0.0,0.0,0.0
1982-09-25,-1.2559718015836552e-05,0.0,0.0,0.0,0.0,0.0
1982-09-26,-1.2057327694492415e-05,0.0,0.0,0.0,0.0,0.0
1982-09-27,-1.1575037206057459e-05,0.0,0.0,0.0,0.0,0.0
1982-09-28,-1.1112031643278897e-05,0.0,0.0,0.0,0.0,0.0
1982-09-29,-1.0667547030607238e-05,0.0,0.0,0.0,0.0,0.0
1982-09-30,-1.0240855772281066e-05,0.0,0.0,0.0,0.0,0.0
1982-10-01,-9.831215720623732e-06,0.0,0.0,0.0,0.0,0.0
1982-10-02,-9.43797203944996e-06,0.0,0.0,0.0,0.0,0.0
1982-10-03,-9.060458978638053e-06,0.0,0.0,0.0,0.0,0.0
1982-10-04,-8.698036253917962e-06,0.010000000002037268,0.0,0.0,-0.010000000002037268,0.0
1982-10-05,-8.350121788680553e-06,0.0,0.0,0.0,0.0,0.0
1982-10-06,-8.016118954401463e-06,0.020000000004074536,0.0,0.0,-0.020000000004074536,0.0
1982-10-07,-7.6954675023444e-06,-0.00999999999476131,0.0,0.0,0.00999999999476131,0.0
1982-10-08,-7.3876435635611415e-06,-0.010000000002037268,0.0,0.0,0.010000000002037268,0.0
1982-10-09,-7.092130545061082e-06,0.0,0.0,0.0,0.0,0.0
1982-10-10,-6.808448233641684e-06,0.0,0.0,0.0,0.0,0.0
1982-10-11,-6.5361091401427984e-06,0.0,0.0,0.0,0.0,0.0
1982-10-12,-6.274662155192345e-06,0.0,0.0,0.0,0.0,0.0
1982-10-13,-6.023685273248702e-06,0.0,0.0,0.0,0.0,0.0
1982-10-14,-5.782741936855018e-06,0.0,0.0,0.0,0.0,0.0
1982-10-15,-5.551431968342513e-06,0.0,0.0,0.0,0.0,0.0
1982-10-16,-5.329377017915249e-06,0.0,0.6000000000058208,0.0,0.6000000000058208,0.0
1982-10-17,-5.116176907904446e-06,0.0,0.0,0.0,0.0,0.0
1982-10-18,-4.9115478759631515e-06,0.0,0.0,0.0,0.0,0.0
1982-10-19,-4.715067916549742e-06,0.0,0.0,0.0,0.0,0.0
1982-10-20,-4.526475095190108e-06,0.0,0.0,0.0,0.0,0.0
1982-10-21,-4.345427441876382e-06,0.0,0.0,0.0,0.0,0.0
1982-10-22,-4.171597538515925e-06,0.0,0.0,0.0,0.0,0.0
1982-10-23,-4.004745278507471e-06,0.0,0.0,0.0,0.0,0.0
1982-10-24,-3.844557795673609e-06,0.0,0.5999999999985448,0.0,0.5999999999985448,-10.0
1982-10-25,-3.690773155540228e-06,0.0,0.0,0.0,0.0,0.0
1982-10-26,-3.543129423633218e-06,0.0,-2.400000000008731,0.0,-2.400000000008731,10.0
1982-10-27,-3.4014228731393814e-06,0.0,-7.19999999999709,0.0,-7.19999999999709,10.0
1982-10-28,-3.2653333619236946e-06,-2.5300000000279397,1263.0000000000582,0.020000000000000462,1265.5300000000861,0.0
1982-10-29,-3.1347735784947872e-06,-1.1600000000034925,101.9999999999709,0.0,103.15999999997439,10.0
1982-10-30,-3.009336069226265e-06,3.639999999999418,1.8000000000029104,0.0,-1.8399999999965075,0.0
1982-10-31,-2.8889771783724427e-06,-0.029999999998835847,0.0,0.0,0.029999999998835847,0.0
1982-11-01,-2.7734204195439816e-06,0.029999999998835847,-1.7999999999883585,0.0,-1.8299999999871943,0.0
1982-11-02,-2.6624620659276843e-06,0.0,0.0,0.0,0.0,0.0
1982-11-03,-2.5559711502864957e-06,0.0,0.0,0.0,0.0,0.0
1982-11-04,-2.453714841976762e-06,0.08999999999650754,-6.0,0.0,-6.0899999999965075,10.0
1982-11-05,-2.3555767256766558e-06,0.0,-11.999999999985448,0.0,-11.999999999985448,0.0
1982-11-06,-2.2613530745729804e-06,-0.029999999998835847,-24.0,0.0,-23.970000000001164,10.0
1982-11-07,-2.1708838175982237e-06,0.0,0.0,0.0,0.0,0.0
1982-11-08,-2.084067091345787e-06,0.0,0.0,0.0,0.0,0.0
1982-11-09,-2.0007137209177017e-06,0.0,0.0,0.0,0.0,0.0
1982-11-10,-1.9206927390769124e-06,0.0,0.0,0.0,0.0,0.0
1982-11-11,-1.843844074755907e-06,0.0,0.0,0.0,0.0,0.0
1982-11-12,-1.7700949683785439e-06,-0.07999999998719431,0.0,0.0,0.07999999998719431,0.0
1982-11-13,-1.6992999007925391e-06,0.0,0.0,0.0,0.0,0.0
1982-11-14,-1.6313133528456092e-06,0.0,0.0,0.0,0.0,0.0
1982-11-15,-1.5660625649616122e-06,0.0,0.0,0.0,0.0,0.0
1982-11-16,-1.5034020179882646e-06,0.0,0.0,0.0,0.0,0.0
1982-11-17,-1.443288056179881e-06,-2.879999999975553,510.0000000000291,0.010000000000000231,512.8800000000047,10.0
1982-11-18,-1.3855169527232647e-06,3.4400000000023283,-18.0,0.0,-21.44000000000233,10.0
1982-11-19,-1.3301614671945572e-06,-0.3699999999953434,-24.0,0.0,-23.630000000004657,0.0
1982-11-20,-1.2769305612891912e-06,0.0,-18.0,0.0,-18.0,10.0
1982-11-21,-1.225867890752852e-06,0.0,0.0,0.0,0.0,0.0
1982-11-22,-1.1768133845180273e-06,0.0,0.0,0.0,0.0,0.0
1982-11-23,-1.129752490669489e-06,0.0,0.0,0.0,0.0,0.0
1982-11-24,-1.084539690054953e-06,0.0,0.0,0.0,0.0,0.0
1982-11-25,-1.0411604307591915e-06,0.0,0.0,0.0,0.0,0.0
1982-11-26,-9.995128493756056e-07,0.05000000000291038,0.0,0.0,-0.05000000000291038,0.0
1982-11-27,-9.595678420737386e-07,-0.04000000000814907,0.0,0.0,0.04000000000814907,0.0
1982-11-28,-9.211944416165352e-07,0.39000000001396984,-6.0,0.0,-6.39000000001397,10.0
1982-11-29,-8.843198884278536e-07,0.29999999998835847,-36.0,0.0,-36.29999999998836,20.0
1982-11-30,-8.489587344229221e-07,0.3199999999778811,-24.0,0.0,-24.31999999997788,20.0
1982-12-01,-8.149945642799139e-07,-0.9599999999918509,-192.0,-0.010000000000000231,-191.04000000000815,-20.0
1982-12-02,-7.824564818292856e-07,-2.0499999999883585,-245.9999999999709,-0.010000000000000231,-243.94999999998254,10.0
1982-12-03,-7.511116564273834e-07,-23.12999999988824,672.0,0.0,695.1299999998882,0.0
1982-12-04,-7.210765033960342e-07,25.14000000001397,-30.0,0.009999999999999787,-55.14000000001397,0.0
1982-12-05,-6.921763997524977e-07,0.0,-246.0,-0.010000000000000231,-246.0,0.0
1982-12-06,-6.645277608186007e-07,0.0,-204.0000000000291,-0.009999999999999787,-204.0000000000291,10.0
1982-12-07,-6.378977559506893e-07,0.0,-12.000000000058208,0.0,-12.000000000058208,0.0
1982-12-08,-6.124028004705906e-07,0.0,-6.0,0.0,-6.0,0.0
1982-12-09,-5.878973752260208e-07,0.029999999998835847,0.0,0.0,-0.029999999998835847,0.0
1982-12-10,-5.643523763865232e-07,0.010000000009313226,0.0,0.0,-0.010000000009313226,0.0
1982-12-11,-5.418260116130114e-07,0.0,-6.0,0.0,-6.0,0.0
1982-12-12,-5.201727617532015e-07,0.04000000000814907,-6.0,0.0,-6.040000000008149,0.0
1982-12-13,-4.993926268070936e-07,-0.08999999999650754,-42.000000000029104,0.0,-41.910000000032596,10.0
1982-12-14,-4.793982952833176e-07,-0.17999999999301508,-486.0000000000291,-0.03000000000000025,-485.8200000000361,0.0
1982-12-15,-4.6030618250370026e-07,-5.060000000055879,701.9999999998836,0.0,707.0599999999395,0.0
1982-12-16,-4.4173793867230415e-07,-2.4600000000209548,6.000000000058208,-0.019999999999999574,8.460000000079162,0.0
1982-12-17,-4.2413012124598026e-07,7.279999999969732,-198.0000000000582,-0.009999999999999787,-205.28000000002794,-10.0
1982-12-18,-4.071625880897045e-07,0.4299999999930151,-144.0,0.0,-144.42999999999302,20.0
1982-12-19,-3.9089354686439037e-07,0.0,-48.000000000029104,0.0,-48.000000000029104,0.0
1982-12-20,-3.752065822482109e-07,-3.970000000030268,-18.0,-0.02999999999999936,-14.029999999969732,0.0
1982-12-21,-3.602472133934498e-07,-1.379999999946449,-264.0000000000582,-0.010000000000000675,-262.62000000011176,-50.0
1982-12-22,-3.4586992114782333e-07,5.149999999994179,-216.0,-0.03000000000000025,-221.14999999999418,0.0
1982-12-23,-3.3198739401996136e-07,-0.11000000001513399,-246.0,-0.010000000000000231,-245.88999999998487,20.0
1982-12-24,-3.187451511621475e-07,0.0,-66.0000000000291,-0.009999999999999787,-66.0000000000291,-10.0
1982-12-25,-3.0599767342209816e-07,0.0,-48.0,-0.010000000000000231,-48.0,-70.0
1982-12-26,-2.9374496079981327e-07,0.0,-24.000000000029104,0.0,-24.000000000029104,0.0
1982-12-27,-2.8198701329529285e-07,0.0,0.0,0.0,0.0,0.0
1982-12-28,-2.7066562324762344e-07,0.0,-23.999999999970896,0.0,-23.999999999970896,0.0
1982-12-29,-2.5986810214817524e-07,0.0,0.0,0.0,0.0,0.0
1982-12-30,-2.4950713850557804e-07,0.0,0.0,0.0,0.0,0.0
1982-12-31,-2.3949542082846165e-07,0.0,0.0,0.0,0.0,0.0
1983-01-01,-2.29949364438653e-07,0.0,0.0,0.0,0.0,0.0
1983-01-02,-2.2078165784478188e-07,0.0,-30.000000000058208,0.0,-30.000000000058208,0.0
1983-01-03,-2.1187588572502136e-07,0.0,-197.9999999999418,-0.010000000000000231,-197.9999999999418,10.0
1983-01-04,-2.0349398255348206e-07,-7.309999999997672,-72.00000000005821,0.0,-64.69000000006054,0.0
1983-01-05,-1.955777406692505e-07,-142.0,4980.0,-0.6000000000000014,5122.0,0.0
1983-01-06,-1.8766149878501892e-07,95.0,2279.999999999767,-0.5,2184.999999999767,80.0
1983-01-07,-1.798616722226143e-07,30.62999999988824,786.0,-0.5,755.3700000001118,-70.0
1983-01-08,-1.7281854525208473e-07,-3.0599999999976717,-282.0000000000582,0.0,-278.94000000006054,0.0
1983-01-09,-1.658918336033821e-07,27.30999999999767,-132.0,-0.010000000000000231,-159.30999999999767,0.0
1983-01-10,-1.5919795259833336e-07,-0.21999999997206032,-66.0,-0.009999999999999787,-65.78000000002794,-170.0
1983-01-11,-1.5288242138922215e-07,0.3800000000046566,-162.0,0.0,-162.38000000000466,0.0
1983-01-12,-1.4674151316285133e-07,9.119999999995343,-113.9999999999709,0.0,-123.11999999996624,10.0
1983-01-13,-1.4089164324104786e-07,-5.75,-90.0000000000291,0.0,-84.2500000000291,0.0
1983-01-14,-1.3527460396289825e-07,-3.6700000000128057,-83.9999999999709,0.0,-80.32999999995809,0.0
1983-01-15,-1.2989039532840252e-07,0.1300000000046566,-54.0,0.0,-54.13000000000466,0.0
1983-01-16,-1.2465170584619045e-07,2.9800000000104774,-30.0,0.0,-32.98000000001048,10.0
1983-01-17,-1.19674950838089e-07,2.959999999991851,-24.0,0.0,-26.95999999999185,10.0
1983-01-18,-1.1490192264318466e-07,6.160000000032596,-300.0,-0.009999999999999787,-306.1600000000326,-70.0
1983-01-19,-1.1030351743102074e-07,-7.099999999976717,-143.9999999999418,0.0,-136.89999999996508,10.0
1983-01-20,-1.0587973520159721e-07,-4.850000000005821,-78.0,0.0,-73.14999999999418,20.0
1983-01-21,-1.0160147212445736e-07,0.0,-47.999999999970896,0.0,-47.999999999970896,20.0
1983-01-22,-9.749783203005791e-08,0.0,-120.0,0.0,-120.0,10.0
1983-01-23,-9.359791874885559e-08,5.559999999997672,-102.0,0.0,-107.55999999999767,20.0
1983-01-24,-8.987262845039368e-08,-0.46000000002095476,-186.0,0.0,-185.53999999997905,70.0
1983-01-25,-8.62637534737587e-08,-1.3099999999976717,-72.0,0.0,-70.69000000000233,0.0
1983-01-26,-8.288770914077759e-08,3.6199999999953434,-209.9999999999418,-0.009999999999999787,-213.61999999993714,-30.0
1983-01-27,-7.951166480779648e-08,-5.159999999974389,-89.99999999994179,0.0,-84.8399999999674,0.0
1983-01-28,-7.631024345755577e-08,-1.9899999999906868,-53.999999999970896,0.0,-52.00999999998021,0.0
1983-01-29,-7.328344509005547e-08,1.4500000000116415,-23.999999999970896,0.0,-25.449999999982538,0.0
1983-01-30,-7.034395821392536e-08,-1.1999999999825377,-96.0000000000291,0.0,-94.80000000004657,10.0
1983-01-31,-6.757909432053566e-08,-0.27999999999883585,-48.000000000029104,0.0,-47.72000000003027,10.0
1983-02-01,-6.478512659668922e-08,-0.029999999998835847,-48.000000000029104,0.0,-47.97000000003027,0.0
1983-02-02,-6.222398951649666e-08,0.0,0.0,0.0,0.0,0.0
1983-02-03,-5.97501639276743e-08,0.07999999998719431,-11.999999999970896,0.0,-12.07999999995809,0.0
1983-02-04,-5.736364983022213e-08,-0.029999999998835847,0.0,0.0,0.029999999998835847,0.0
1983-02-05,-5.506444722414017e-08,0.0,-18.0,0.0,-18.0,20.0
1983-02-06,-5.279434844851494e-08,0.0,-48.000000000029104,0.0,-48.000000000029104,20.0
1983-02-07,-5.069887265563011e-08,0.0,-186.0000000000291,0.0,-186.0000000000291,80.0
1983-02-08,-4.871981218457222e-08,-0.059999999997671694,-288.0,-0.010000000000000231,-287.9400000000023,0.0
1983-02-09,-4.6798959374427795e-08,-113.38000000000466,-510.0,-0.040000000000000036,-396.61999999999534,-10.0
1983-02-10,-4.487810656428337e-08,113.34000000002561,-18.0,-0.010000000000000231,-131.3400000000256,0.0
1983-02-11,-4.3102772906422615e-08,2.650000000023283,-59.999999999970896,0.0,-62.64999999999418,10.0
1983-02-12,-4.1443854570388794e-08,0.1900000000023283,-222.0,0.0,-222.19000000000233,30.0
1983-02-13,-3.969762474298477e-08,0.4699999999720603,-168.0,0.0,-168.46999999997206,40.0
1983-02-14,-3.812601789832115e-08,-3.3399999999965075,-138.0000000000291,0.0,-134.6600000000326,20.0
1983-02-15,-3.655441105365753e-08,-0.09000000002561137,-126.0,0.0,-125.90999999997439,10.0
1983-02-16,-3.5099219530820847e-08,2.1300000000046566,-215.9999999999418,-0.009999999999999787,-218.12999999994645,-20.0
1983-02-17,-3.3760443329811096e-08,-291.12000000011176,-24.0,0.09999999999999787,267.12000000011176,0.0
1983-02-18,-3.2421667128801346e-08,267.5,732.0,0.06999999999999851,464.5,0.0
1983-02-19,-3.1082890927791595e-08,21.900000000023283,-162.0,0.0,-183.90000000002328,50.0
1983-02-20,-2.9802322387695312e-08,0.5,-209.9999999999418,0.0,-210.4999999999418,30.0
1983-02-21,-2.8638169169425964e-08,2.029999999969732,-366.0,-0.009999999999999787,-368.02999999996973,0.0
1983-02-22,-2.7474015951156616e-08,0.5999999999767169,-215.9999999999418,-0.010000000000000675,-216.5999999999185,-30.0
1983-02-23,-2.6426278054714203e-08,-3.1599999999743886,-228.0,-0.010000000000000675,-224.8400000000256,-10.0
1983-02-24,-2.5262124836444855e-08,3.2800000000279397,-72.0,0.0,-75.28000000002794,0.0
1983-02-25,-2.427259460091591e-08,-3.720000000030268,-132.0,0.0,-128.27999999996973,50.0
1983-02-26,-2.334127202630043e-08,-0.25,-300.0,-0.009999999999999787,-299.75,0.0
1983-02-27,-2.2380845621228218e-08,0.23000000001047738,-108.0000000000291,-0.010000000000000231,-108.23000000003958,-100.0
1983-02-28,-2.153683453798294e-08,0.39999999999417923,-77.9999999999709,0.0,-78.39999999996508,30.0
1983-03-01,-2.066371962428093e-08,0.5499999999883585,-12.0,0.0,-12.549999999988358,0.0
1983-03-02,-1.9848812371492386e-08,-0.8999999999941792,-30.000000000029104,0.0,-29.100000000034925,0.0
1983-03-03,-1.9063008949160576e-08,0.23000000001047738,-12.0,0.0,-12.230000000010477,0.0
1983-03-04,-1.83063093572855e-08,0.2699999999895226,-120.0,0.0,-120.26999999998952,30.0
1983-03-05,-1.7578713595867157e-08,-0.4200000000128057,-77.99999999994179,-0.009999999999999787,-77.57999999992899,-160.0
1983-03-06,-1.6880221664905548e-08,3.0799999999871943,-204.0000000000291,-0.010000000000000231,-207.0800000000163,-10.0
1983-03-07,-1.6123522073030472e-08,-5.159999999974389,-516.0000000000582,-0.009999999999999787,-510.8400000000838,30.0
1983-03-08,-1.5541445463895798e-08,2.75,-234.0000000000582,-0.009999999999999787,-236.7500000000582,0.0
1983-03-09,-1.4959368854761124e-08,-7.03000000002794,-551.9999999998836,-0.009999999999999787,-544.9699999998556,20.0
1983-03-10,-1.437729224562645e-08,6.099999999976717,-180.0,-0.010000000000000675,-186.09999999997672,-50.0
1983-03-11,-1.3737007975578308e-08,0.0,-72.0,-0.009999999999999787,-72.0,-60.0
1983-03-12,-1.3154931366443634e-08,0.5599999999976717,-258.0,0.0,-258.5599999999977,20.0
1983-03-13,-1.2747477740049362e-08,-3.620000000053551,-390.0000000000582,-0.020000000000000462,-386.38000000000466,-20.0
1983-03-14,-1.2165401130914688e-08,3.1900000000023283,-174.0000000000582,-0.009999999999999787,-177.19000000006054,-20.0
1983-03-15,-1.1699739843606949e-08,-0.07999999998719431,0.0,0.0,0.07999999998719431,0.0
1983-03-16,-1.123407855629921e-08,0.0,-30.0,0.0,-30.0,0.0
1983-03-17,-1.076841726899147e-08,-0.01999999998952262,-12.000000000029104,0.0,-11.980000000039581,0.0
1983-03-18,-1.0302755981683731e-08,0.0,0.0,0.0,0.0,0.0
1983-03-19,-9.89530235528946e-09,0.0,-5.999999999970896,0.0,-5.999999999970896,0.0
1983-03-20,-9.458744898438454e-09,0.0,0.0,0.0,0.0,0.0
1983-03-21,-9.10949893295765e-09,0.0,0.0,0.0,0.0,0.0
1983-03-22,-8.760252967476845e-09,-0.02000000001862645,0.0,0.0,0.02000000001862645,0.0
1983-03-23,-8.381903171539307e-09,0.0,-6.000000000029104,0.0,-6.000000000029104,0.0
1983-03-24,-8.061761036515236e-09,0.04000000000814907,-24.0,0.0,-24.04000000000815,0.0
1983-03-25,-7.741618901491165e-09,0.0,0.0,0.0,0.0,0.0
1983-03-26,-7.392372936010361e-09,0.01999999998952262,-48.0,0.0,-48.01999999998952,20.0
1983-03-27,-7.130438461899757e-09,0.0,-102.0000000000291,0.0,-102.0000000000291,20.0
1983-03-28,-6.868503987789154e-09,0.0,-354.0,-0.009999999999999787,-354.0,0.0
1983-03-29,-6.51925802230835e-09,-7.430000000051223,647.9999999998836,0.0,655.4299999999348,0.0
1983-03-30,-6.28642737865448e-09,-2.0,-384.0,-0.009999999999999787,-382.0,0.0
1983-03-31,-6.111804395914078e-09,9.059999999997672,-198.0,0.0,-207.05999999999767,20.0
1983-04-01,-5.762558430433273e-09,-2.2800000000279397,-456.0000000000582,-0.019999999999999574,-453.72000000003027,-10.0
1983-04-02,-5.6461431086063385e-09,-5.089999999967404,-540.0,-0.020000000000000462,-534.9100000000326,20.0
1983-04-03,-5.296897143125534e-09,7.75,-48.0,0.0,-55.75,20.0
1983-04-04,-5.122274160385132e-09,0.010000000009313226,-66.0000000000291,0.0,-66.01000000003842,0.0
1983-04-05,-4.918547347187996e-09,0.0,-18.000000000029104,0.0,-18.000000000029104,0.0
1983-04-06,-4.71482053399086e-09,0.0,-6.000000000029104,0.0,-6.000000000029104,0.0
1983-04-07,-4.511093720793724e-09,0.0,-6.000000000029104,0.0,-6.000000000029104,0.0
1983-04-08,-4.307366907596588e-09,0.0,-6.0,0.0,-6.0,0.0
1983-04-09,-4.190951585769653e-09,-0.010000000009313226,-102.0000000000291,-0.010000000000000231,-101.99000000001979,-40.0
1983-04-10,-3.958120942115784e-09,0.0,-48.000000000029104,-0.009999999999999787,-48.000000000029104,0.0
1983-04-11,-3.812601789832115e-09,0.0,-17.999999999970896,0.0,-17.999999999970896,0.0
1983-04-12,-3.6670826375484467e-09,0.0,0.0,0.0,0.0,0.0
1983-04-13,-3.4924596548080444e-09,0.0,-12.000000000029104,0.0,-12.000000000029104,0.0
1983-04-14,-3.4051481634378433e-09,0.0,0.0,0.0,0.0,0.0
1983-04-15,-3.259629011154175e-09,0.0,0.0,0.0,0.0,0.0
1983-04-16,-3.14321368932724e-09,0.0,0.0,0.0,0.0,0.0
1983-04-17,-2.9976945370435715e-09,0.0,0.0,0.0,0.0,0.0
1983-04-18,-2.852175384759903e-09,0.0,0.0,0.0,0.0,0.0
1983-04-19,-2.735760062932968e-09,0.0,0.0,0.0,0.0,0.0
1983-04-20,-2.6193447411060333e-09,0.0,0.0,0.0,0.0,0.0
1983-04-21,-2.5029294192790985e-09,0.0,0.0,0.0,0.0,0.0
1983-04-22,-2.4156179279088974e-09,0.0,0.0,0.0,0.0,0.0
1983-04-23,-2.3283064365386963e-09,0.0,-12.0,0.0,-12.0,0.0
1983-04-24,-2.270098775625229e-09,0.0,0.0,0.0,0.0,0.0
1983-04-25,-2.1827872842550278e-09,0.0,0.0,0.0,0.0,0.0
1983-04-26,-2.0081643015146255e-09,0.0,-24.0,0.0,-24.0,0.0
1983-04-27,-1.979060471057892e-09,0.0,0.0,0.0,0.0,0.0
1983-04-28,-1.8917489796876907e-09,0.0,0.0,0.0,0.0,0.0
1983-04-29,-1.8044374883174896e-09,0.0,0.0,0.0,0.0,0.0
1983-04-30,-1.7462298274040222e-09,0.0,-6.0,0.0,-6.0,0.0
1983-05-01,-1.6880221664905548e-09,0.0,0.0,0.0,0.0,0.0
1983-05-02,-1.6298145055770874e-09,0.0,-6.0,0.0,-6.0,0.0
1983-05-03,-1.5133991837501526e-09,0.0,0.0,0.0,0.0,0.0
1983-05-04,-1.5425030142068863e-09,0.0,0.0,0.0,0.0,0.0
1983-05-05,-1.4260876923799515e-09,0.0,0.0,0.0,0.0,0.0
1983-05-06,-1.3969838619232178e-09,-0.04999999998835847,-6.0,0.0,-5.9500000000116415,10.0
1983-05-07,-1.3387762010097504e-09,0.0,-36.0,0.0,-36.0,30.0
1983-05-08,-1.280568540096283e-09,0.0,-102.00000000005821,-0.010000000000000231,-102.00000000005821,-20.0
1983-05-09,-1.280568540096283e-09,-0.029999999998835847,-18.0,0.0,-17.970000000001164,10.0
1983-05-10,-1.1932570487260818e-09,0.0,-36.0,0.0,-36.0,0.0
1983-05-11,-1.1641532182693481e-09,0.0,-5.999999999970896,0.0,-5.999999999970896,0.0
1983-05-12,-1.1350493878126144e-09,0.0,0.0,0.0,0.0,0.0
1983-05-13,-1.076841726899147e-09,0.0,0.0,0.0,0.0,0.0
1983-05-14,-1.0186340659856796e-09,0.0,-12.000000000029104,0.0,-12.000000000029104,0.0
1983-05-15,-9.89530235528946e-10,0.1300000000046566,-83.9999999999709,0.0,-84.12999999997555,10.0
1983-05-16,-9.313225746154785e-10,0.0,0.0,0.0,0.0,0.0
1983-05-17,-9.604264050722122e-10,0.0,0.0,0.0,0.0,0.0
1983-05-18,-8.731149137020111e-10,0.0,-6.000000000029104,0.0,-6.000000000029104,0.0
1983-05-19,-8.440110832452774e-10,0.0,-6.0,0.0,-6.0,0.0
1983-05-20,-8.440110832452774e-10,0.0,0.0,0.0,0.0,0.0
1983-05-21,-7.8580342233181e-10,0.0,0.0,0.0,0.0,0.0
1983-05-22,-7.8580342233181e-10,-0.01999999998952262,0.0,0.0,0.01999999998952262,0.0
1983-05-23,-8.149072527885437e-10,0.010000000009313226,0.0,0.0,-0.010000000009313226,0.0
1983-05-24,-7.275957614183426e-10,0.0,0.0,0.0,0.0,0.0
1983-05-25,-7.275957614183426e-10,0.04999999998835847,0.0,0.0,-0.04999999998835847,0.0
1983-05-26,-6.984919309616089e-10,0.0,0.0,0.0,0.0,0.0
1983-05-27,-6.111804395914078e-10,0.0,0.0,0.0,0.0,0.0
1983-05-28,-6.111804395914078e-10,0.0,0.0,0.0,0.0,0.0
1983-05-29,-6.111804395914078e-10,0.0,0.0,0.0,0.0,0.0
1983-05-30,-6.111804395914078e-10,0.0,0.0,0.0,0.0,0.0
1983-05-31,-5.820766091346741e-10,0.0,0.0,0.0,0.0,0.0
1983-06-01,-5.238689482212067e-10,0.0,0.0,0.0,0.0,0.0
1983-06-02,-5.238689482212067e-10,0.0,0.0,0.0,0.0,0.0
1983-06-03,-5.238689482212067e-10,0.0,0.0,0.0,0.0,0.0
1983-06-04,-4.802132025361061e-10,0.0,0.0,0.0,0.0,0.0
1983-06-05,-4.511093720793724e-10,0.0,0.0,0.0,0.0,0.0
1983-06-06,-4.511093720793724e-10,0.0,0.0,0.0,0.0,0.0
1983-06-07,-4.3655745685100555e-10,0.0,0.0,0.0,0.0,0.0
1983-06-08,-4.220055416226387e-10,-0.029999999998835847,0.0,0.0,0.029999999998835847,0.0
1983-06-09,-3.7834979593753815e-10,0.0,0.0,0.0,0.0,0.0
1983-06-10,-3.637978807091713e-10,0.0,-12.000000000029104,0.0,-12.000000000029104,20.0
1983-06-11,-3.637978807091713e-10,0.0,0.0,0.0,0.0,0.0
1983-06-12,-3.346940502524376e-10,0.0,0.0,0.0,0.0,0.0
1983-06-13,-3.346940502524376e-10,0.0,0.0,0.0,0.0,0.0
1983-06-14,-3.346940502524376e-10,-0.020000000004074536,0.0,0.0,0.020000000004074536,0.0
1983-06-15,-3.2014213502407074e-10,0.0,0.0,0.0,0.0,0.0
1983-06-16,-2.764863893389702e-10,0.0,0.0,0.0,0.0,0.0
1983-06-17,-2.764863893389702e-10,0.0,0.0,0.0,0.0,0.0
1983-06-18,-2.6193447411060333e-10,0.0,0.0,0.0,0.0,0.0
1983-06-19,-2.764863893389702e-10,0.00999999999476131,-60.00000000001455,-0.010000000000000009,-60.01000000000931,-100.0
1983-06-20,-2.473825588822365e-10,-0.029999999998835847,0.0,0.0,0.029999999998835847,0.0
1983-06-21,-2.473825588822365e-10,0.00999999999476131,0.0,0.0,-0.00999999999476131,0.0
1983-06-22,-2.6193447411060333e-10,0.0,0.0,0.0,0.0,0.0
1983-06-23,-2.0372681319713593e-10,0.0,0.0,0.0,0.0,0.0
1983-06-24,-2.0372681319713593e-10,0.0,-6.000000000014552,0.0,-6.000000000014552,10.0
1983-06-25,-2.0372681319713593e-10,0.0,0.0,0.0,0.0,0.0
1983-06-26,-1.8917489796876907e-10,0.0,0.0,0.0,0.0,0.0
1983-06-27,-1.8917489796876907e-10,0.0,0.0,0.0,0.0,0.0
1983-06-28,-2.0372681319713593e-10,0.0,0.0,0.0,0.0,0.0
1983-06-29,-1.7462298274040222e-10,0.0,0.0,0.0,0.0,0.0
1983-06-30,-1.7462298274040222e-10,0.0,-54.0,0.0,-54.0,10.0
1983-07-01,-1.4551915228366852e-10,0.0,-204.0000000000291,-0.020000000000000018,-204.0000000000291,0.0
1983-07-02,-1.6007106751203537e-10,0.0,-54.0,0.0,-54.0,0.0
1983-07-03,-1.4551915228366852e-10,0.0,0.0,0.0,0.0,0.0
1983-07-04,-1.4551915228366852e-10,0.0,0.0,0.0,0.0,0.0
1983-07-05,-1.3096723705530167e-10,0.0,0.0,0.0,0.0,0.0
1983-07-06,-1.0186340659856796e-10,0.0,0.0,0.0,0.0,0.0
1983-07-07,-1.3096723705530167e-10,0.0,0.0,0.0,0.0,0.0
1983-07-08,-1.1641532182693481e-10,-0.00999999999476131,0.0,0.0,0.00999999999476131,0.0
1983-07-09,-1.1641532182693481e-10,-0.020000000004074536,6.0,0.0,6.0200000000040745,0.0
1983-07-10,-1.1641532182693481e-10,0.0,0.0,0.0,0.0,0.0
1983-07-11,-1.0186340659856796e-10,0.0,0.0,0.0,0.0,0.0
1983-07-12,-1.0186340659856796e-10,0.020000000004074536,0.0,0.0,-0.020000000004074536,0.0
1983-07-13,-1.1641532182693481e-10,0.01999999998952262,-126.0000000000291,0.0,-126.02000000001863,10.0
1983-07-14,-1.1641532182693481e-10,0.0,-11.999999999985448,-0.010000000000000009,-11.999999999985448,-50.0
1983-07-15,-1.1641532182693481e-10,0.0,-11.999999999985448,0.0,-11.999999999985448,0.0
1983-07-16,-1.0186340659856796e-10,0.0,-12.000000000014552,0.0,-12.000000000014552,0.0
1983-07-17,-7.275957614183426e-11,0.05000000000291038,0.0,0.0,-0.05000000000291038,0.0
1983-07-18,-1.0186340659856796e-10,0.0,0.0,0.0,0.0,0.0
1983-07-19,-7.275957614183426e-11,0.0,-120.00000000001455,-0.010000000000000009,-120.00000000001455,0.0
1983-07-20,-1.0186340659856796e-10,0.0,0.0,0.0,0.0,0.0
1983-07-21,-7.275957614183426e-11,0.0,-6.000000000014552,0.0,-6.000000000014552,0.0
1983-07-22,-8.731149137020111e-11,0.0,0.0,0.0,0.0,0.0
1983-07-23,-1.0186340659856796e-10,0.0,0.0,0.0,0.0,0.0
1983-07-24,-8.731149137020111e-11,0.0,0.0,0.0,0.0,0.0
1983-07-25,-7.275957614183426e-11,0.0,0.0,0.0,0.0,0.0
1983-07-26,-8.731149137020111e-11,0.03999999999359716,0.0,0.0,-0.03999999999359716,0.0
1983-07-27,-8.731149137020111e-11,-0.010000000009313226,0.0,0.0,0.010000000009313226,0.0
1983-07-28,-7.275957614183426e-11,0.0,0.0,0.0,0.0,0.0
1983-07-29,-8.731149137020111e-11,0.0,0.0,0.0,0.0,0.0
1983-07-30,-8.731149137020111e-11,0.0,0.0,0.0,0.0,0.0
1983-07-31,-7.275957614183426e-11,0.0,0.0,0.0,0.0,0.0
1983-08-01,-5.820766091346741e-11,0.01999999998952262,0.0,0.0,-0.01999999998952262,0.0
1983-08-02,-5.820766091346741e-11,-0.020000000004074536,0.0,0.0,0.020000000004074536,0.0
1983-08-03,-5.820766091346741e-11,0.0,0.0,0.0,0.0,0.0
1983-08-04,-4.3655745685100555e-11,0.0,0.0,0.0,0.0,0.0
1983-08-05,-4.3655745685100555e-11,0.0,0.0,0.0,0.0,0.0
1983-08-06,-4.3655745685100555e-11,0.0,0.0,0.0,0.0,0.0
1983-08-07,-4.3655745685100555e-11,0.0,0.0,0.0,0.0,0.0
1983-08-08,-4.3655745685100555e-11,-0.03999999999359716,0.0,0.0,0.03999999999359716,0.0
1983-08-09,-2.9103830456733704e-11,0.010000000009313226,0.0,0.0,-0.010000000009313226,0.0
1983-08-10,-4.3655745685100555e-11,0.0,0.0,0.0,0.0,0.0
1983-08-11,-5.820766091346741e-11,0.0,0.0,0.0,0.0,0.0
1983-08-12,-4.3655745685100555e-11,0.0,0.0,0.0,0.0,0.0
1983-08-13,-2.9103830456733704e-11,0.0,0.0,0.0,0.0,0.0
1983-08-14,-4.3655745685100555e-11,0.0,0.0,0.0,0.0,0.0
1983-08-15,-4.3655745685100555e-11,0.0,0.0,0.0,0.0,0.0
1983-08-16,-2.9103830456733704e-11,0.0,0.0,0.0,0.0,0.0
1983-08-17,-2.9103830456733704e-11,0.0,0.0,0.0,0.0,0.0
1983-08-18,-5.820766091346741e-11,0.010000000009313226,0.0,0.0,-0.010000000009313226,0.0
1983-08-19,-4.3655745685100555e-11,0.0,0.0,0.0,0.0,0.0
1983-08-20,-2.9103830456733704e-11,0.0,0.0,0.0,0.0,0.0
1983-08-21,-4.3655745685100555e-11,0.0,0.0,0.0,0.0,0.0
1983-08-22,-2.9103830456733704e-11,0.0,0.0,0.0,0.0,0.0
1983-08-23,-1.4551915228366852e-11,0.0,0.0,0.0,0.0,0.0
1983-08-24,-2.9103830456733704e-11,0.0,0.0,0.0,0.0,0.0
1983-08-25,-3.637978807091713e-11,-0.00999999999476131,0.0,0.0,0.00999999999476131,0.0
1983-08-26,-5.093170329928398e-11,-0.040000000000873115,0.0,0.0,0.040000000000873115,0.0
1983-08-27,-4.3655745685100555e-11,0.010000000002037268,-0.5999999999985448,0.0,-0.6100000000005821,0.0
1983-08-28,-3.637978807091713e-11,0.029999999998835847,0.0,0.0,-0.029999999998835847,0.0
1983-08-29,-3.637978807091713e-11,0.0,0.0,0.0,0.0,0.0
1983-08-30,-3.637978807091713e-11,-0.010000000002037268,0.0,0.0,0.010000000002037268,0.0
1983-08-31,-3.637978807091713e-11,0.0,0.0,0.0,0.0,0.0
1983-09-01,-2.9103830456733704e-11,0.00999999999476131,0.0,0.0,-0.00999999999476131,0.0
1983-09-02,-2.9103830456733704e-11,0.0,0.0,0.0,0.0,0.0
1983-09-03,-2.9103830456733704e-11,0.0,0.0,0.0,0.0,0.0
1983-09-04,-2.9103830456733704e-11,0.0,0.0,0.0,0.0,0.0
1983-09-05,-2.9103830456733704e-11,0.0,0.0,0.0,0.0,0.0
1983-09-06,0.00011758695472963154,0.0,0.0,0.0,0.0,0.0
1983-09-07,0.0001673709775786847,-0.010000000002037268,0.0,0.0,0.010000000002037268,0.0
1983-09-08,0.00016067613614723086,0.0,0.0,0.0,0.0,0.0
1983-09-09,0.00015424908633576706,0.0,0.0,0.0,0.0,0.0
1983-09-10,0.00014807912521064281,0.0,0.0,0.0,0.0,0.0
1983-09-11,0.00014215596456779167,0.0,0.0,0.0,0.0,0.0
1983-09-12,0.00013646972365677357,0.0,0.0,0.0,0.0,0.0
1983-09-13,0.00013101092918077484,0.0,0.0,0.0,0.0,0.0
1983-09-14,0.00012577050074469298,0.0,0.0,0.0,0.0,0.0
1983-09-15,0.00012073968537151814,0.0,0.0,0.0,0.0,0.0
1983-09-16,0.00011591008660616353,0.0,0.0,0.0,0.0,0.0
1983-09-17,0.00011127369361929595,0.0,0.0,0.0,0.0,0.0
1983-09-18,0.00010682275024009869,0.0,0.0,0.0,0.0,0.0
1983-09-19,0.00010254983499180526,0.010000000002037268,0.0,0.0,-0.010000000002037268,0.0
1983-09-20,9.844783926382661e-05,-0.00999999999476131,0.0,0.0,0.00999999999476131,0.0
1983-09-21,9.450992365600541e-05,0.00999999999476131,0.5999999999985448,0.0,0.5900000000037835,0.0
1983-09-22,9.072952525457367e-05,0.0,0.0,0.0,0.0,0.0
1983-09-23,8.710035035619512e-05,0.0,0.0,0.0,0.0,0.0
1983-09-24,8.361633808817714e-05,0.0,0.0,0.0,0.0,0.0
1983-09-25,8.027168223634362e-05,0.0,0.0,0.0,0.0,0.0
1983-09-26,7.639834802830592e-05,0.0,0.0,0.0,0.0,0.0
1983-09-27,7.234873191919178e-05,0.0,0.0,0.0,0.0,0.0
1983-09-28,6.746740109520033e-05,0.0,0.0,0.0,0.0,0.0
1983-09-29,5.8806544984690845e-05,0.0,0.0,0.0,0.0,0.0
1983-09-30,5.314197187544778e-05,0.0,0.0,0.0,0.0,0.0
1983-10-01,4.868111136602238e-05,0.0,0.0,0.0,0.0,0.0
1983-10-02,4.673386865761131e-05,0.0,0.0,0.0,0.0,0.0
1983-10-03,4.4864515075460076e-05,0.0,0.0,0.0,0.0,0.0
1983-10-04,4.3069936509709805e-05,0.0,0.0,0.0,0.0,0.0
1983-10-05,4.134714981773868e-05,0.0,0.0,0.0,0.0,0.0
1983-10-06,3.969325916841626e-05,0.0,0.0,0.0,0.0,0.0
1983-10-07,3.810552880167961e-05,0.0,0.0,0.0,0.0,0.0
1983-10-08,3.6581302992999554e-05,0.010000000002037268,0.0,0.0,-0.010000000002037268,0.0
1983-10-09,3.511804970912635e-05,0.0,0.0,0.0,0.0,0.0
1983-10-10,3.371333878021687e-05,0.0,0.0,0.0,0.0,0.0
1983-10-11,3.2364790968131274e-05,0.010000000002037268,0.0,0.0,-0.010000000002037268,0.0
1983-10-12,3.1070208933670074e-05,-0.010000000002037268,0.0,0.0,0.010000000002037268,0.0
1983-10-13,2.9827402613591403e-05,0.0,0.0,0.0,0.0,0.0
1983-10-14,2.863429835997522e-05,0.0,0.0,0.0,0.0,0.0
1983-10-15,2.7488924388308078e-05,0.0,0.0,0.0,0.0,0.0
1983-10-16,2.6389370759716257e-05,0.0,0.0,0.0,0.0,0.0
1983-10-17,2.533379665692337e-05,0.0,0.0,0.0,0.0,0.0
1983-10-18,2.4320434022229165e-05,0.0,0.0,0.0,0.0,0.0
1983-10-19,2.3347620299318805e-05,0.0,0.0,0.0,0.0,0.0
1983-10-20,2.2413722035707906e-05,0.0,0.0,0.0,0.0,0.0
1983-10-21,2.1517163986572996e-05,0.0,0.0,0.0,0.0,0.0
1983-10-22,2.0656483684433624e-05,0.0,0.0,0.0,0.0,0.0
1983-10-23,1.9830222299788147e-05,0.0,0.0,0.0,0.0,0.0
1983-10-24,1.903700831462629e-05,0.0,0.0,0.0,0.0,0.0
1983-10-25,1.8275528418598697e-05,0.0,0.0,0.0,0.0,0.0
1983-10-26,1.754450931912288e-05,0.0,0.0,0.0,0.0,0.0
1983-10-27,1.684272865531966e-05,0.0,0.0,0.0,0.0,0.0
1983-10-28,1.6169014998013154e-05,0.0,0.0,0.0,0.0,0.0
1983-10-29,1.4942601410439238e-05,0.010000000002037268,0.0,0.0,-0.010000000002037268,0.0
1983-10-30,1.020451236399822e-05,0.0,0.0,0.0,0.0,0.0
1983-10-31,1.5155528672039509e-06,0.0,0.0,0.0,0.0,0.0
1983-11-01,-5.169684300199151e-06,0.0,0.0,0.0,0.0,0.0
1983-11-02,-9.931351087288931e-06,0.0,0.0,0.0,0.0,0.0
1983-11-03,-1.4502584235742688e-05,-10.599999999976717,1174.2000000000116,0.020000000000000018,1184.7999999999884,0.0
1983-11-04,-1.3922457583248615e-05,10.710000000006403,-1.2000000000043656,0.0,-11.910000000010768,0.0
1983-11-05,-1.3365570339374244e-05,0.0,-18.59999999999127,0.0,-18.59999999999127,0.0
1983-11-06,-1.2830932973884046e-05,0.010000000009313226,-63.59999999999127,0.0,-63.61000000000058,0.0
1983-11-07,-1.2317701475694776e-05,0.0,-3.599999999998545,0.0,-3.599999999998545,0.0
1983-11-08,-1.1824995453935117e-05,-0.020000000004074536,-0.5999999999912689,0.0,-0.5799999999871943,0.0
1983-11-09,-1.135200000135228e-05,0.0,-29.400000000001455,-0.0010000000000000009,-29.400000000001455,0.0
1983-11-10,-1.0897907486651093e-05,0.0,-9.000000000014552,0.0,-9.000000000014552,10.0
1983-11-11,-1.0462004865985364e-05,-0.029999999998835847,-0.6000000000058208,0.0,-0.5700000000069849,0.0
1983-11-12,-1.0043528163805604e-05,-0.010000000009313226,-1.8000000000029104,0.0,-1.7899999999935972,10.0
1983-11-13,-9.641778888180852e-06,0.0,-35.40000000000873,-0.0010000000000000009,-35.40000000000873,0.0
1983-11-14,-9.256109478883445e-06,0.0,-84.00000000001455,0.0,-84.00000000001455,20.0
1983-11-15,-8.885865099728107e-06,0.0,-157.1999999999971,-0.010000000000000009,-157.1999999999971,-10.0
1983-11-16,-8.530420018360019e-06,0.08999999999650754,-156.0,0.0,-156.0899999999965,20.0
1983-11-17,-8.189206710085273e-06,0.17000000001280569,-126.0,0.0,-126.1700000000128,10.0
1983-11-18,-7.861613994464278e-06,-0.010000000009313226,-168.0000000000291,0.0,-167.9900000000198,30.0
1983-11-19,-7.547205314040184e-06,-0.11999999999534339,-228.0,-0.010000000000000009,-227.88000000000466,-20.0
1983-11-20,-7.245311280712485e-06,-0.029999999998835847,-78.0,-0.010000000000000009,-77.97000000000116,-110.0
1983-11-21,-6.955466233193874e-06,0.01999999998952262,-54.0,0.0,-54.01999999998952,20.0
1983-11-22,-6.677277269773185e-06,0.020000000004074536,-24.000000000014552,0.0,-24.020000000018626,0.0
1983-11-23,-6.410176865756512e-06,-0.00999999999476131,-72.0,-0.010000000000000009,-71.99000000000524,0.0
1983-11-24,0.009993846237193793,-0.1300000000046566,-48.0,0.0,-47.86999999999534,0.0
1983-11-25,-5.907611921429634e-06,0.15999999998894054,0.0,0.0,-0.15999999998894054,0.0
1983-11-26,-5.671288818120956e-06,0.19999999999708962,6.0,0.0,5.80000000000291,0.0
1983-11-27,-5.444453563541174e-06,1.5599999999976717,-47.999999999970896,0.0,-49.55999999996857,30.0
1983-11-28,-5.226669600233436e-06,-1.2999999999883585,0.0,0.0,1.2999999999883585,0.0
1983-11-29,-5.0176167860627174e-06,-0.40000000000873115,0.0,0.0,0.40000000000873115,0.0
1983-11-30,-4.8169022193178535e-06,0.0,-6.0,0.0,-6.0,0.0
1983-12-01,-4.624220309779048e-06,0.0,-24.0,0.0,-24.0,30.0
1983-12-02,-4.4392363633960485e-06,0.0,0.0,0.0,0.0,0.0
1983-12-03,-4.261673893779516e-06,0.0,0.0,0.0,0.0,0.0
1983-12-04,-4.091241862624884e-06,0.0,-6.0,0.0,-6.0,0.0
1983-12-05,-3.92759102396667e-06,0.029999999998835847,-174.0,0.0,-174.02999999999884,20.0
1983-12-06,-3.7705176509916782e-06,-11.059999999997672,-131.9999999999418,-0.009999999999999787,-120.93999999994412,10.0
1983-12-07,-3.6196724977344275e-06,11.020000000018626,-245.9999999999709,0.0,-257.0199999999895,10.0
1983-12-08,-3.4748809412121773e-06,0.059999999997671694,-114.0,0.0,-114.05999999999767,10.0
1983-12-09,-3.3358228392899036e-06,1.4199999999837019,-36.0,0.0,-37.4199999999837,0.0
1983-12-10,-3.20246908813715e-06,-2.610000000015134,-6.000000000029104,-0.009999999999999787,-3.39000000001397,-40.0
1983-12-11,-3.0743249226361513e-06,0.9400000000023283,-77.9999999999709,0.0,-78.93999999997322,50.0
1983-12-12,-2.951390342786908e-06,-11.779999999998836,-264.0,-0.020000000000000018,-252.22000000000116,0.0
1983-12-13,-2.8333161026239395e-06,11.220000000001164,-53.999999999970896,0.0,-65.21999999997206,0.0
1983-12-14,-2.7199566829949617e-06,6.5,-72.0,0.0,-78.5,20.0
1983-12-15,-2.611166564747691e-06,-5.920000000012806,-36.000000000029104,-0.009999999999999787,-30.080000000016298,0.0
1983-12-16,-2.506712917238474e-06,0.029999999998835847,-29.999999999970896,0.0,-30.029999999969732,0.0
1983-12-17,-2.4064502213150263e-06,0.0,-18.0,0.0,-18.0,10.0
1983-12-18,-2.310174750164151e-06,0.0,-6.0,0.0,-6.0,0.0
1983-12-19,-2.2177991922944784e-06,0.0,-6.0,0.0,-6.0,0.0
1983-12-20,-2.1290616132318974e-06,0.0,0.0,0.0,0.0,0.0
1983-12-21,-2.0439038053154945e-06,0.0,0.0,0.0,0.0,0.0
1983-12-22,-1.9621511455625296e-06,0.0,0.0,0.0,0.0,0.0
1983-12-23,-1.8836581148207188e-06,0.0,0.0,0.0,0.0,0.0
1983-12-24,-1.808337401598692e-06,0.0,0.0,0.0,0.0,0.0
1983-12-25,-1.735985279083252e-06,0.0,0.0,0.0,0.0,0.0
1983-12-26,-1.666572643443942e-06,0.0,0.0,0.0,0.0,0.0
1983-12-27,-1.5998957678675652e-06,0.0,0.0,0.0,0.0,0.0
1983-12-28,-1.5358964446932077e-06,0.0,0.0,0.0,0.0,0.0
1983-12-29,-1.4744582585990429e-06,0.0,-30.0,0.0,-30.0,20.0
1983-12-30,-1.4154938980937004e-06,0.0,-120.0,-0.010000000000000231,-120.0,-90.0
1983-12-31,-1.3588287401944399e-06,0.0,-48.0,0.0,-48.0,30.0
1984-01-01,-1.3045209925621748e-06,0.0,-12.000000000029104,0.0,-12.000000000029104,0.0
1984-01-02,-1.2523087207227945e-06,0.0,-66.0000000000291,0.0,-66.0000000000291,10.0
1984-01-03,-1.202191924676299e-06,0.0,-30.0,-0.010000000000000009,-30.0,-10.0
1984-01-04,-1.154112396761775e-06,0.25,-23.999999999970896,0.0,-24.249999999970896,0.0
1984-01-05,-1.1079537216573954e-06,-0.0500000000174623,-18.0,-0.010000000000000009,-17.949999999982538,-70.0
1984-01-06,-1.0636576917022467e-06,0.9099999999743886,0.0,0.0,-0.9099999999743886,0.0
1984-01-07,-1.021107891574502e-06,-0.4800000000104774,-6.0,0.0,-5.519999999989523,0.0
1984-01-08,-9.802461136132479e-07,-0.5499999999883585,0.0,0.0,0.5499999999883585,0.0
1984-01-09,-9.410141501575708e-07,0.5799999999871943,-5.999999999970896,0.0,-6.5799999999580905,0.0
1984-01-10,-9.034411050379276e-07,4.0499999999883585,-83.9999999999709,0.0,-88.04999999995925,10.0
1984-01-11,-8.672941476106644e-07,-4.60999999998603,0.0,0.0,4.60999999998603,0.0
1984-01-12,-8.325150702148676e-07,0.10999999998603016,-24.0,0.0,-24.10999999998603,30.0
1984-01-13,-7.99249392002821e-07,-0.01999999998952262,0.0,0.0,0.01999999998952262,0.0
1984-01-14,-7.672060746699572e-07,0.0,-6.000000000029104,0.0,-6.000000000029104,0.0
1984-01-15,-7.365597411990166e-07,0.0,0.0,0.0,0.0,0.0
1984-01-16,-7.071066647768021e-07,0.029999999998835847,0.0,0.0,-0.029999999998835847,0.0
1984-01-17,-6.787886377424002e-07,0.0,0.0,0.0,0.0,0.0
1984-01-18,-6.516929715871811e-07,0.0,0.0,0.0,0.0,0.0
1984-01-19,-6.256159394979477e-07,0.0,0.0,0.0,0.0,0.0
1984-01-20,-6.005866453051567e-07,0.0,0.0,0.0,0.0,0.0
1984-01-21,-5.765177775174379e-07,0.0,-48.000000000029104,-0.010000000000000009,-48.000000000029104,-120.0
1984-01-22,-5.534384399652481e-07,-5.079999999987194,408.0,0.010000000000000231,413.0799999999872,40.0
1984-01-23,-5.314359441399574e-07,-163.43999999994412,972.0,0.009999999999999787,1135.4399999999441,0.0
1984-01-24,-5.100155249238014e-07,76.75,3684.0000000001164,0.09999999999999964,3607.2500000001164,60.0
1984-01-25,-4.898756742477417e-07,19.930000000051223,1890.0000000001164,0.0,1870.0700000000652,0.0
1984-01-26,-4.700850695371628e-07,72.64000000001397,-11.999999999970896,0.019999999999999574,-84.63999999998487,0.0
1984-01-27,-4.5131309889256954e-07,4.89000000001397,-173.9999999999709,-0.009999999999999787,-178.88999999998487,-120.0
1984-01-28,-4.332396201789379e-07,0.6099999999860302,-144.0,0.0,-144.60999999998603,0.0
1984-01-29,-4.1592284105718136e-07,-5.610000000015134,-287.9999999999709,0.0,-282.38999999995576,0.0
1984-01-30,-3.993045538663864e-07,5.690000000002328,-60.0,0.0,-65.69000000000233,20.0
1984-01-31,-3.8326834328472614e-07,-5.730000000010477,-71.9999999999709,0.0,-66.26999999996042,0.0
1984-02-01,-3.679597284644842e-07,0.0,-30.0,0.0,-30.0,0.0
1984-02-02,-3.532622940838337e-07,0.0,-12.0,0.0,-12.0,10.0
1984-02-03,-3.3914693631231785e-07,-0.029999999998835847,-12.0,0.0,-11.970000000001164,10.0
1984-02-04,-3.2558455131947994e-07,3.1899999999732245,-6.0,0.0,-9.189999999973224,10.0
1984-02-05,-3.125169314444065e-07,-3.180000000022119,-12.0,0.0,-8.819999999977881,0.0
1984-02-06,-3.00002284348011e-07,1.2200000000011642,-6.0,0.0,-7.220000000001164,10.0
1984-02-07,-2.8804061003029346e-07,-1.3400000000256114,-36.000000000029104,0.0,-34.66000000000349,10.0
1984-02-08,-2.7654459699988365e-07,1.1199999999953434,-18.000000000029104,0.0,-19.120000000024447,0.0
1984-02-09,-2.654560375958681e-07,-2.0499999999883585,6.0,0.0,8.049999999988358,20.0
1984-02-10,-2.5486224330961704e-07,-9.589999999996508,-96.0000000000291,-0.009999999999999787,-86.4100000000326,-10.0
1984-02-11,-2.446467988193035e-07,-188.81999999994878,-660.0,-0.0600000000000005,-471.1800000000512,0.0
1984-02-12,-2.3480970412492752e-07,121.55999999993946,1217.9999999998836,0.0,1096.4399999999441,0.0
1984-02-13,-2.2549647837877274e-07,-197.13000000000466,-384.0000000000582,0.019999999999999574,-186.87000000005355,0.0
1984-02-14,-2.1641608327627182e-07,275.0100000000093,180.0000000000291,-0.009999999999999787,-95.00999999998021,-130.0
1984-02-15,-2.078595571219921e-07,-3.0300000000279397,-264.0,-0.009999999999999787,-260.96999999997206,0.0
1984-02-16,-1.994776539504528e-07,3.029999999998836,-66.0000000000291,0.0,-69.03000000002794,20.0
1984-02-17,-1.9147410057485104e-07,0.0,-48.0,0.0,-48.0,0.0
1984-02-18,-1.8381979316473007e-07,0.0,0.0,0.0,0.0,0.0
1984-02-19,-1.7648562788963318e-07,0.0,-71.9999999999709,0.0,-71.9999999999709,10.0
1984-02-20,-1.6947160474956036e-07,1.639999999984866,-59.999999999970896,0.0,-61.63999999995576,10.0
1984-02-21,-1.626904122531414e-07,-1.7200000000011642,-90.0000000000291,-0.010000000000000231,-88.28000000002794,0.0
1984-02-22,-1.562002580612898e-07,0.01999999998952262,-48.0,0.0,-48.01999999998952,10.0
1984-02-23,-1.4988472685217857e-07,0.0,-89.9999999999709,-0.010000000000000231,-89.9999999999709,0.0
1984-02-24,-1.4388933777809143e-07,0.0,-65.9999999999709,0.0,-65.9999999999709,10.0
1984-02-25,-1.3812677934765816e-07,0.0,0.0,0.0,0.0,0.0
1984-02-26,-1.3265525922179222e-07,0.0,0.0,0.0,0.0,0.0
1984-02-27,-1.2732925824820995e-07,0.010000000009313226,-6.0,0.0,-6.010000000009313,0.0
1984-02-28,-1.2223608791828156e-07,0.0,-6.0,0.0,-6.0,0.0
1984-02-29,-1.1737574823200703e-07,-0.06999999997788109,0.0,0.0,0.06999999997788109,0.0
1984-03-01,-1.1266092769801617e-07,1.6200000000244472,-48.000000000029104,0.0,-49.62000000005355,20.0
1984-03-02,-1.0817893780767918e-07,-1.75,-11.999999999970896,0.0,-10.249999999970896,0.0
1984-03-03,-1.0384246706962585e-07,-0.010000000009313226,-18.000000000029104,0.0,-17.99000000001979,0.0
1984-03-04,-9.96515154838562e-08,0.0,-78.0,-0.009999999999999787,-78.0,-40.0
1984-03-05,-9.569339454174042e-08,0.09000000002561137,-12.0,0.0,-12.090000000025611,0.0
1984-03-06,-9.182258509099483e-08,0.7000000000116415,0.0,0.0,-0.7000000000116415,0.0
1984-03-07,-8.815550245344639e-08,1.5199999999895226,-245.9999999999709,0.0,-247.51999999996042,0.0
1984-03-08,-8.463393896818161e-08,0.35999999998603016,-6.0,0.0,-6.35999999998603,10.0
1984-03-09,-8.128699846565723e-08,0.5299999999988358,-60.0,-0.009999999999999787,-60.529999999998836,-110.0
1984-03-10,-7.799826562404633e-08,3.029999999998836,-107.9999999999709,-0.009999999999999787,-111.02999999996973,-90.0
1984-03-11,-7.488415576517582e-08,-12.789999999979045,-108.00000000005821,0.0,-95.21000000007916,20.0
1984-03-12,-7.188646122813225e-08,-44.75,-366.0,-0.020000000000000462,-321.25,-10.0
1984-03-13,-6.903428584337234e-08,62.94000000000233,-390.0000000000582,-0.009999999999999787,-452.94000000006054,0.0
1984-03-14,-6.618211045861244e-08,-0.6900000000023283,-162.0,0.0,-161.30999999999767,20.0
1984-03-15,-6.350455805659294e-08,-1.4600000000209548,-156.0,0.0,-154.53999999997905,40.0
1984-03-16,-6.111804395914078e-08,3.4099999999743886,-191.9999999999418,-0.009999999999999787,-195.40999999991618,-50.0
1984-03-17,-5.8673322200775146e-08,-23.12999999994645,-288.0,-0.009999999999999787,-264.87000000005355,-10.0
1984-03-18,-5.634501576423645e-08,17.59000000002561,-372.0000000001164,-0.009999999999999787,-389.590000000142,10.0
1984-03-19,-5.3958501666784286e-08,2.5,-252.0,0.0,-254.5,100.0
1984-03-20,-5.192123353481293e-08,4.130000000004657,-456.0,-0.009999999999999787,-460.13000000000466,0.0
1984-03-21,-4.976755008101463e-08,-17.69000000000233,-180.0,-0.009999999999999787,-162.30999999999767,0.0
1984-03-22,-4.784669727087021e-08,9.0,-125.99999999994179,0.0,-134.9999999999418,40.0
1984-03-23,-4.586763679981232e-08,1.0,-180.0,0.0,-181.0,30.0
1984-03-24,-4.406319931149483e-08,-23.25,-216.0,-0.009999999999999787,-192.75,-10.0
1984-03-25,-4.2316969484090805e-08,-80.53000000002794,-612.0,-0.02999999999999936,-531.4699999999721,0.0
1984-03-26,-4.062894731760025e-08,104.78000000002794,-84.0,0.0,-188.78000000002794,20.0
1984-03-27,-3.899913281202316e-08,-11.379999999946449,-168.0000000000582,-0.010000000000000675,-156.62000000011176,-20.0
1984-03-28,-3.748573362827301e-08,-12.71999999997206,-263.9999999999418,-0.009999999999999787,-251.27999999996973,-10.0
1984-03-29,-3.597233444452286e-08,17.5,-90.0,0.0,-107.5,30.0
1984-03-30,-3.448803909122944e-08,0.0,-83.99999999994179,0.0,-83.99999999994179,20.0
1984-03-31,-3.309105522930622e-08,1.5199999999895226,-120.0000000000291,0.0,-121.52000000001863,10.0
1984-04-01,-3.1781382858753204e-08,2.620000000024447,-102.0,0.0,-104.62000000002445,10.0
1984-04-02,-3.0529918149113655e-08,-4.269999999989523,-96.0000000000291,0.0,-91.73000000003958,20.0
1984-04-03,-2.930755726993084e-08,0.01999999998952262,-42.0,0.0,-42.01999999998952,10.0
1984-04-04,-2.805609256029129e-08,0.010000000009313226,-66.0,0.0,-66.01000000000931,10.0
1984-04-05,-2.6921043172478676e-08,0.04000000000814907,-48.0,0.0,-48.04000000000815,0.0
1984-04-06,-2.593151293694973e-08,-0.1999999999825377,-41.99999999994179,0.0,-41.799999999959255,20.0
1984-04-07,-2.491287887096405e-08,-1.349999999976717,-390.0,-0.009999999999999787,-388.6500000000233,0.0
1984-04-08,-2.3865140974521637e-08,-3.9100000000325963,-299.9999999999418,-0.020000000000000462,-296.0899999999092,-10.0
1984-04-09,-2.2817403078079224e-08,3.5600000000558794,-557.9999999999418,-0.07000000000000028,-561.5599999999977,-10.0
1984-04-10,-2.200249582529068e-08,1.5300000000279397,-192.0,-0.019999999999999574,-193.53000000002794,0.0
1984-04-11,-2.1100277081131935e-08,-0.059999999997671694,-306.0000000000291,-0.020000000000000018,-305.94000000003143,0.0
1984-04-12,-2.0227162167429924e-08,0.0,-101.99999999994179,-0.010000000000000231,-101.99999999994179,0.0
1984-04-13,-1.9470462575554848e-08,-0.029999999998835847,-48.000000000029104,0.0,-47.97000000003027,0.0
1984-04-14,-1.8684659153223038e-08,3.6499999999941792,-53.999999999970896,-0.009999999999999787,-57.649999999965075,-10.0
1984-04-15,-1.798616722226143e-08,3.720000000001164,-108.0,0.0,-111.72000000000116,30.0
1984-04-16,-1.7258571460843086e-08,-5.309999999997672,-96.0,0.0,-90.69000000000233,0.0
1984-04-17,-1.6530975699424744e-08,-2.2300000000104774,-42.0,0.0,-39.76999999998952,10.0
1984-04-18,-1.586158759891987e-08,0.7900000000081491,-78.0000000000291,0.0,-78.79000000003725,20.0
1984-04-19,-1.525040715932846e-08,-0.7200000000011642,-30.000000000029104,0.0,-29.28000000002794,10.0
1984-04-20,-1.4668330550193787e-08,0.010000000009313226,-42.0,0.0,-42.01000000000931,10.0
1984-04-21,-1.4028046280145645e-08,0.35999999998603016,-18.0,0.0,-18.35999999998603,0.0
1984-04-22,-1.3504177331924438e-08,-0.5,-5.999999999970896,0.0,-5.499999999970896,0.0
1984-04-23,-1.2980308383703232e-08,0.010000000009313226,-54.0,-0.009999999999999787,-54.01000000000931,-100.0
1984-04-24,-1.2427335605025291e-08,-0.04999999998835847,-36.0,0.0,-35.95000000001164,20.0
1984-04-25,-1.1961674317717552e-08,0.0,-12.0,0.0,-12.0,10.0
1984-04-26,-1.1437805369496346e-08,0.04000000000814907,-6.0,0.0,-6.040000000008149,10.0
1984-04-27,-1.100124791264534e-08,-0.0500000000174623,-24.000000000029104,0.0,-23.95000000001164,30.0
1984-04-28,-1.0564690455794334e-08,-0.03999999997904524,0.0,0.0,0.03999999997904524,0.0
1984-04-29,-1.0157236829400063e-08,-0.04999999998835847,-6.0,0.0,-5.9500000000116415,10.0
1984-04-30,-9.691575542092323e-09,7.8399999999965075,-126.0,0.0,-133.8399999999965,10.0
1984-05-01,-9.42964106798172e-09,2.9099999999743886,-342.0000000000582,-0.009999999999999787,-344.9100000000326,0.0
1984-05-02,-9.022187441587448e-09,-21.650000000023283,-294.0000000000582,-0.009999999999999787,-272.3500000000349,10.0
1984-05-03,-8.672941476106644e-09,10.5,-126.0000000000291,0.0,-136.5000000000291,30.0
1984-05-04,-8.32369551062584e-09,3.5199999999895226,-95.9999999999709,0.0,-99.51999999996042,20.0
1984-05-05,-8.003553375601768e-09,-3.89000000001397,-192.0000000000291,-0.020000000000000018,-188.11000000001513,0.0
1984-05-06,-7.654307410120964e-09,0.8900000000139698,-96.0000000000291,0.0,-96.89000000004307,40.0
1984-05-07,-7.334165275096893e-09,5.029999999998836,-66.0,0.0,-71.02999999999884,20.0
1984-05-08,-6.984919309616089e-09,-0.7999999999883585,-150.0,-0.010000000000000231,-149.20000000001164,-80.0
1984-05-09,-6.7229848355054855e-09,-2.5,-41.999999999970896,0.0,-39.499999999970896,0.0
1984-05-10,-6.461050361394882e-09,-0.3700000000244472,-30.0,0.0,-29.629999999975553,0.0
1984-05-11,-6.2282197177410126e-09,8.090000000025611,-222.0,-0.009999999999999787,-230.0900000000256,0.0
1984-05-12,-5.966285243630409e-09,-1.179999999993015,-78.0,0.0,-76.82000000000698,0.0
1984-05-13,-5.73345459997654e-09,-5.690000000002328,-60.0,0.0,-54.30999999999767,20.0
1984-05-14,-5.471520125865936e-09,0.27999999999883585,-71.9999999999709,0.0,-72.27999999996973,30.0
1984-05-15,-5.209585651755333e-09,-2.790000000008149,-59.999999999970896,-0.010000000000000231,-57.20999999996275,-40.0
1984-05-16,-5.0640664994716644e-09,0.08999999999650754,-156.0,0.0,-156.0899999999965,20.0
1984-05-17,-4.8603396862745285e-09,3.4400000000023283,-126.0,0.0,-129.44000000000233,10.0
1984-05-18,-4.627509042620659e-09,0.16999999998370185,-35.999999999970896,0.0,-36.1699999999546,0.0
1984-05-19,-4.48198989033699e-09,-0.9700000000011642,-78.0,0.0,-77.02999999999884,0.0
1984-05-20,-4.249159246683121e-09,-2.720000000001164,-36.0,0.0,-33.279999999998836,40.0
1984-05-21,-4.132743924856186e-09,0.07000000000698492,-48.0,-0.009999999999999787,-48.070000000006985,-60.0
1984-05-22,-3.958120942115784e-09,1.9700000000011642,-474.0,-0.019999999999999574,-475.97000000000116,10.0
1984-05-23,-3.812601789832115e-09,-1.5299999999988358,-144.0,-0.009999999999999787,-142.47000000000116,-20.0
1984-05-24,-3.6670826375484467e-09,-0.27999999999883585,-113.9999999999709,0.0,-113.71999999997206,20.0
1984-05-25,-3.4924596548080444e-09,-1.3099999999976717,-306.0,-0.010000000000000675,-304.6900000000023,0.0
1984-05-26,-3.3760443329811096e-09,1.8799999999755528,-95.9999999999709,-0.009999999999999787,-97.87999999994645,-20.0
1984-05-27,-3.1723175197839737e-09,0.7200000000011642,-18.000000000029104,0.0,-18.720000000030268,0.0
1984-05-28,-3.055902197957039e-09,-0.9100000000034925,0.0,0.0,0.9100000000034925,0.0
1984-05-29,-3.026798367500305e-09,-0.41999999998370185,0.0,0.0,0.41999999998370185,0.0
1984-05-30,-2.8812792152166367e-09,0.04000000000814907,0.0,0.0,-0.04000000000814907,0.0
1984-05-31,-2.735760062932968e-09,0.0,-6.0,0.0,-6.0,0.0
1984-06-01,-2.6193447411060333e-09,0.0,0.0,0.0,0.0,0.0
1984-06-02,-2.5029294192790985e-09,0.0,0.0,0.0,0.0,0.0
1984-06-03,-2.3865140974521637e-09,0.0,0.0,0.0,0.0,0.0
1984-06-04,-2.3283064365386963e-09,0.0,-47.999999999970896,-0.010000000000000231,-47.999999999970896,-40.0
1984-06-05,-2.240994945168495e-09,0.0,-54.000000000029104,0.0,-54.000000000029104,10.0
1984-06-06,-2.1827872842550278e-09,0.0,-84.00000000005821,0.0,-84.00000000005821,10.0
1984-06-07,-2.0372681319713593e-09,0.0,-132.0,-0.009999999999999787,-132.0,-10.0
1984-06-08,-1.979060471057892e-09,0.0,-119.9999999999709,0.0,-119.9999999999709,10.0
1984-06-09,-1.8917489796876907e-09,0.0,-150.0,-0.009999999999999787,-150.0,0.0
1984-06-10,-1.775333657860756e-09,0.0,0.0,0.0,0.0,0.0
1984-06-11,-1.6880221664905548e-09,0.0,0.0,0.0,0.0,0.0
1984-06-12,-1.6298145055770874e-09,0.0,0.0,0.0,0.0,0.0
1984-06-13,-1.6007106751203537e-09,0.0,0.0,0.0,0.0,0.0
1984-06-14,-1.5425030142068863e-09,0.0,0.0,0.0,0.0,0.0
1984-06-15,-1.5133991837501526e-09,0.0,0.0,0.0,0.0,0.0
1984-06-16,-1.4260876923799515e-09,0.0,0.0,0.0,0.0,0.0
1984-06-17,-1.367880031466484e-09,0.0,0.0,0.0,0.0,0.0
1984-06-18,-1.3387762010097504e-09,0.0,0.0,0.0,0.0,0.0
1984-06-19,-1.2514647096395493e-09,-0.029999999998835847,0.0,0.0,0.029999999998835847,0.0
1984-06-20,-1.1932570487260818e-09,0.06999999997788109,-12.0,0.0,-12.069999999977881,0.0
1984-06-21,-1.1350493878126144e-09,0.04999999998835847,-60.0,-0.009999999999999787,-60.04999999998836,-50.0
1984-06-22,-1.1350493878126144e-09,-0.059999999997671694,0.0,0.0,0.059999999997671694,0.0
1984-06-23,-1.076841726899147e-09,0.0,0.0,0.0,0.0,0.0
1984-06-24,-1.0477378964424133e-09,0.0,0.0,0.0,0.0,0.0
1984-06-25,-9.89530235528946e-10,0.0,0.0,0.0,0.0,0.0
1984-06-26,-9.313225746154785e-10,0.0,-6.0,0.0,-6.0,0.0
1984-06-27,-9.89530235528946e-10,0.01999999998952262,0.0,0.0,-0.01999999998952262,0.0
1984-06-28,-9.604264050722122e-10,0.0,0.0,0.0,0.0,0.0
1984-06-29,-9.022187441587448e-10,0.0,0.0,0.0,0.0,0.0
1984-06-30,-8.731149137020111e-10,0.0,0.0,0.0,0.0,0.0
1984-07-01,-8.440110832452774e-10,0.0,0.0,0.0,0.0,0.0
1984-07-02,-8.149072527885437e-10,0.0,0.0,0.0,0.0,0.0
1984-07-03,-7.8580342233181e-10,-0.04000000000814907,0.0,0.0,0.04000000000814907,0.0
1984-07-04,-7.275957614183426e-10,0.0,0.0,0.0,0.0,0.0
1984-07-05,-6.693881005048752e-10,0.0,0.0,0.0,0.0,0.0
1984-07-06,-6.402842700481415e-10,0.0,0.0,0.0,0.0,0.0
1984-07-07,-6.402842700481415e-10,-0.05000000000291038,0.0,0.0,0.05000000000291038,0.0
1984-07-08,-5.820766091346741e-10,0.0,0.0,0.0,0.0,0.0
1984-07-09,-5.966285243630409e-10,0.0,0.0,0.0,0.0,0.0
1984-07-10,-5.820766091346741e-10,0.0,0.0,0.0,0.0,0.0
1984-07-11,-5.529727786779404e-10,0.0,0.0,0.0,0.0,0.0
1984-07-12,-5.238689482212067e-10,0.0,11.999999999985448,0.0,11.999999999985448,0.0
1984-07-13,-5.093170329928398e-10,0.0,0.0,0.0,0.0,0.0
1984-07-14,-4.94765117764473e-10,0.0,0.0,0.0,0.0,0.0
1984-07-15,-4.656612873077393e-10,0.0,0.0,0.0,0.0,0.0
1984-07-16,-4.3655745685100555e-10,0.0,0.0,0.0,0.0,0.0
1984-07-17,-4.0745362639427185e-10,0.0,0.0,0.0,0.0,0.0
1984-07-18,-3.637978807091713e-10,0.0,0.0,0.0,0.0,0.0
1984-07-19,-3.7834979593753815e-10,0.0,0.0,0.0,0.0,0.0
1984-07-20,-3.637978807091713e-10,0.0,0.0,0.0,0.0,0.0
1984-07-21,-3.346940502524376e-10,0.0,0.0,0.0,0.0,0.0
1984-07-22,-3.2014213502407074e-10,0.0,0.0,0.0,0.0,0.0
1984-07-23,-2.9103830456733704e-10,0.0,0.0,0.0,0.0,0.0
1984-07-24,-3.2014213502407074e-10,0.0,0.0,0.0,0.0,0.0
1984-07-25,-2.764863893389702e-10,0.0,0.0,0.0,0.0,0.0
1984-07-26,-2.6193447411060333e-10,0.0,0.0,0.0,0.0,0.0
1984-07-27,-2.6193447411060333e-10,0.0,0.0,0.0,0.0,0.0
1984-07-28,-2.6193447411060333e-10,0.0,0.0,0.0,0.0,0.0
1984-07-29,-2.6193447411060333e-10,0.010000000009313226,0.0,0.0,-0.010000000009313226,0.0
1984-07-30,-2.3283064365386963e-10,-0.010000000009313226,0.0,0.0,0.010000000009313226,0.0
1984-07-31,-2.473825588822365e-10,-0.010000000009313226,0.0,0.0,0.010000000009313226,0.0
1984-08-01,-2.1827872842550278e-10,0.0,0.0,0.0,0.0,0.0
1984-08-02,-2.1827872842550278e-10,0.0,0.0,0.0,0.0,0.0
1984-08-03,-2.1827872842550278e-10,0.0,0.0,0.0,0.0,0.0
1984-08-04,-1.8917489796876907e-10,0.0,0.0,0.0,0.0,0.0
1984-08-05,-1.7462298274040222e-10,0.0,0.0,0.0,0.0,0.0
1984-08-06,-1.6007106751203537e-10,0.0,0.0,0.0,0.0,0.0
1984-08-07,-1.6007106751203537e-10,0.0,0.0,0.0,0.0,0.0
1984-08-08,-1.7462298274040222e-10,0.0,0.0,0.0,0.0,0.0
1984-08-09,-1.6007106751203537e-10,0.029999999998835847,0.0,0.0,-0.029999999998835847,0.0
1984-08-10,-1.7462298274040222e-10,0.0,0.6000000000058208,0.0,0.6000000000058208,0.0
1984-08-11,-1.6007106751203537e-10,0.0,0.0,0.0,0.0,0.0
1984-08-12,-1.4551915228366852e-10,0.0,0.0,0.0,0.0,0.0
1984-08-13,-1.4551915228366852e-10,0.0,0.0,0.0,0.0,0.0
1984-08-14,-1.4551915228366852e-10,0.0,0.0,0.0,0.0,0.0
1984-08-15,-1.3096723705530167e-10,-0.01999999998952262,0.0,0.0,0.01999999998952262,0.0
1984-08-16,-1.3096723705530167e-10,0.00999999999476131,0.0,0.0,-0.00999999999476131,0.0
1984-08-17,-1.4551915228366852e-10,0.010000000009313226,0.0,0.0,-0.010000000009313226,0.0
1984-08-18,-1.4551915228366852e-10,-0.03999999999359716,0.0,0.0,0.03999999999359716,0.0
1984-08-19,-1.3096723705530167e-10,0.0,0.0,0.0,0.0,0.0
1984-08-20,-1.1641532182693481e-10,0.0,0.0,0.0,0.0,0.0
1984-08-21,-1.3096723705530167e-10,0.0,0.0,0.0,0.0,0.0
1984-08-22,-1.0186340659856796e-10,0.0,0.0,0.0,0.0,0.0
1984-08-23,-1.0913936421275139e-10,0.0,0.0,0.0,0.0,0.0
1984-08-24,-1.0186340659856796e-10,0.0,0.0,0.0,0.0,0.0
1984-08-25,-1.0913936421275139e-10,0.0,0.0,0.0,0.0,0.0
1984-08-26,-1.0913936421275139e-10,0.0,0.0,0.0,0.0,0.0
1984-08-27,-9.458744898438454e-11,0.0,0.0,0.0,0.0,0.0
1984-08-28,-8.731149137020111e-11,0.0,0.0,0.0,0.0,0.0
1984-08-29,-8.731149137020111e-11,0.0,0.0,0.0,0.0,0.0
1984-08-30,-6.548361852765083e-11,0.0,0.0,0.0,0.0,0.0
1984-08-31,-7.275957614183426e-11,0.0,0.0,0.0,0.0,0.0
1984-09-01,-7.275957614183426e-11,0.0,0.0,0.0,0.0,0.0
1984-09-02,-7.275957614183426e-11,0.0,0.0,0.0,0.0,0.0
1984-09-03,-5.820766091346741e-11,0.0,0.0,0.0,0.0,0.0
1984-09-04,-6.548361852765083e-11,0.0,0.0,0.0,0.0,0.0
1984-09-05,-5.820766091346741e-11,0.0,0.0,0.0,0.0,0.0
1984-09-06,-5.820766091346741e-11,0.0,-7.799999999995634,-0.0010000000000000009,-7.799999999995634,-10.0
1984-09-07,-4.3655745685100555e-11,0.0,-26.39999999999418,-0.0010000000000000009,-26.39999999999418,20.0
1984-09-08,-5.820766091346741e-11,0.0,1.1999999999898137,0.0,1.1999999999898137,0.0
1984-09-09,-5.093170329928398e-11,0.01999999999679858,0.0,0.0,-0.01999999999679858,0.0
1984-09-10,-5.093170329928398e-11,-0.010000000002037268,0.0,0.0,0.010000000002037268,0.0
1984-09-11,-3.637978807091713e-11,0.0,0.0,0.0,0.0,0.0
1984-09-12,-4.3655745685100555e-11,0.0,0.0,0.0,0.0,0.0
1984-09-13,-5.093170329928398e-11,0.0,0.0,0.0,0.0,0.0
1984-09-14,-4.3655745685100555e-11,0.010000000002037268,0.0,0.0,-0.010000000002037268,0.0
1984-09-15,-4.3655745685100555e-11,0.0,0.0,0.0,0.0,0.0
1984-09-16,-4.3655745685100555e-11,0.0,0.0,0.0,0.0,0.0
1984-09-17,-1.0309704521205276e-05,0.0,0.0,0.0,0.0,0.0
1984-09-18,-4.688267654273659e-05,0.0,0.0,0.0,0.0,0.0
1984-09-19,-5.540951678995043e-05,0.0,0.0,0.0,0.0,0.0
1984-09-20,-5.897208029637113e-05,0.0,0.0,0.0,0.0,0.0
1984-09-21,-5.776899342890829e-05,0.0,0.0,0.0,0.0,0.0
1984-09-22,-5.31466503161937e-05,0.0,0.0,0.0,0.0,0.0
1984-09-23,-5.102078284835443e-05,0.0,0.0,0.0,0.0,0.0
1984-09-24,-4.897994949715212e-05,0.0,0.0,0.0,0.0,0.0
1984-09-25,-4.702075239038095e-05,-0.010000000002037268,0.5999999999912689,0.0,0.6099999999933061,0.0
1984-09-26,-4.467760300030932e-05,0.010000000002037268,0.0,0.0,-0.010000000002037268,0.0
1984-09-27,-4.0810060454532504e-05,0.00999999999476131,0.0,0.0,-0.00999999999476131,0.0
1984-09-28,-3.43233477906324e-05,-0.010000000002037268,0.0,0.0,0.010000000002037268,0.0
1984-09-29,-2.832723839674145e-05,0.020000000004074536,0.0,0.0,-0.020000000004074536,0.0
1984-09-30,-2.4882559955585748e-05,0.0,0.0,0.0,0.0,0.0
1984-10-01,-2.3887259885668755e-05,0.029999999998835847,0.0,0.0,-0.029999999998835847,0.0
1984-10-02,-2.2931773855816573e-05,-0.00999999999476131,0.0,0.0,0.00999999999476131,0.0
1984-10-03,-2.2014501155354083e-05,0.049999999995634425,0.0,0.0,-0.049999999995634425,0.0
1984-10-04,-2.113392110913992e-05,0.0,0.0,0.0,0.0,0.0
1984-10-05,-2.0288563973736018e-05,0.0,0.0,0.0,0.0,0.0
1984-10-06,-1.9477018213365227e-05,0.010000000002037268,0.0,0.0,-0.010000000002037268,0.0
1984-10-07,-1.8697937775868922e-05,0.0,0.0,0.0,0.0,0.0
1984-10-08,-1.795002754079178e-05,-0.010000000002037268,0.0,0.0,0.010000000002037268,0.0
1984-10-09,-1.723202149150893e-05,0.0,0.0,0.0,0.0,0.0
1984-10-10,-1.6542748198844492e-05,0.0,0.0,0.0,0.0,0.0
1984-10-11,-1.5881032595643774e-05,0.0,0.0,0.0,0.0,0.0
1984-10-12,-1.5245801478158683e-05,0.0,0.0,0.0,0.0,0.0
1984-10-13,-1.4635967090725899e-05,-0.059999999997671694,-133.1999999999971,-0.009999999999999787,-133.13999999999942,0.0
1984-10-14,-1.4050521713215858e-05,0.0,3.599999999998545,0.0,3.599999999998545,0.0
1984-10-15,-1.348850128124468e-05,0.0,0.0,0.0,0.0,0.0
1984-10-16,-1.2948959920322523e-05,0.0,0.0,0.0,0.0,0.0
1984-10-17,-1.2431006325641647e-05,0.020000000000436557,0.0,0.0,-0.020000000000436557,0.0
1984-10-18,-1.193375646835193e-05,-0.020000000004074536,0.0,0.0,0.020000000004074536,0.0
1984-10-19,-1.1456417269073427e-05,0.0,0.0,0.0,0.0,0.0
1984-10-20,-1.0998155630659312e-05,0.0,0.0,0.0,0.0,0.0
1984-10-21,-1.0558236681390554e-05,0.0,-0.5999999999985448,0.0,-0.5999999999985448,0.0
1984-10-22,-1.0135896445717663e-05,0.0,0.0,0.0,0.0,0.0
1984-10-23,-9.730472811497748e-06,0.0,0.0,0.0,0.0,0.0
1984-10-24,-9.34125273488462e-06,0.0,0.0,0.0,0.0,0.0
1984-10-25,-8.96759593160823e-06,0.0,0.0,0.0,0.0,0.0
1984-10-26,-8.608898497186601e-06,0.00999999999476131,-18.0,0.0,-18.00999999999476,0.0
1984-10-27,-8.2645274233073e-06,0.0,-101.99999999998545,0.0,-101.99999999998545,20.0
1984-10-28,-7.93395156506449e-06,0.07000000000698492,-27.000000000014552,0.0,-27.070000000021537,0.0
1984-10-29,-7.6166033977642655e-06,0.0,-4.7999999999883585,0.0,-4.7999999999883585,0.0
1984-10-30,-7.311944500543177e-06,0.0,-14.400000000008731,-0.0010000000000000009,-14.400000000008731,0.0
1984-10-31,-7.019451004453003e-06,0.0,-0.5999999999912689,0.0,-0.5999999999912689,0.0
1984-11-01,-6.738671800121665e-06,-3.7600000000093132,817.7999999999884,0.020000000000000018,821.5599999999977,10.0
1984-11-02,-6.468966603279114e-06,-100.75999999977648,3000.0,-0.6000000000000014,3100.7599999997765,0.0
1984-11-03,-6.210349965840578e-06,104.20999999999185,59.999999999970896,0.03000000000000025,-44.210000000020955,0.0
1984-11-04,-5.961963324807584e-06,0.04000000000814907,-42.00000000001455,0.0,-42.0400000000227,0.0
1984-11-05,-5.723486538045108e-06,-0.029999999998835847,-18.0,0.0,-17.970000000001164,20.0
1984-11-06,-5.494555807672441e-06,0.0,0.0,0.0,0.0,10.0
1984-11-07,-5.2747782319784164e-06,0.27999999999883585,-5.999999999985448,0.0,-6.279999999984284,10.0
1984-11-08,-5.063775461167097e-06,-0.27999999999883585,-12.0,0.0,-11.720000000001164,10.0
1984-11-09,-4.861183697357774e-06,0.3000000000174623,-48.0,0.0,-48.30000000001746,10.0
1984-11-10,-4.666770109906793e-06,-0.25,-216.0,-0.010000000000000231,-215.75,-20.0
1984-11-11,-4.480098141357303e-06,0.10999999998603016,-108.0,0.0,-108.10999999998603,30.0
1984-11-12,-4.3008767534047365e-06,0.030000000027939677,-288.0,-0.009999999999999787,-288.03000000002794,10.0
1984-11-13,-4.12887311540544e-06,-1.6000000000058208,-66.0,-0.009999999999999787,-64.39999999999418,-40.0
1984-11-14,-3.96367977373302e-06,1.5299999999988358,0.0,0.0,-1.5299999999988358,0.0
1984-11-15,-3.8051221054047346e-06,-0.029999999998835847,0.0,0.0,0.029999999998835847,0.0
1984-11-16,-3.652938175946474e-06,0.0,-12.0,0.0,-12.0,0.0
1984-11-17,-3.506807843223214e-06,0.0,-24.0,0.0,-24.0,20.0
1984-11-18,-3.3665273804217577e-06,0.0,-77.99999999994179,0.0,-77.99999999994179,20.0
1984-11-19,-3.2318930607289076e-06,0.0,-48.0,0.0,-48.0,20.0
1984-11-20,-3.102555638179183e-06,0.0,-90.0000000000291,-0.010000000000000231,-90.0000000000291,-90.0
1984-11-21,-2.9784860089421272e-06,-0.08000000001629815,-12.0,0.0,-11.919999999983702,0.0
1984-11-22,-2.859364030882716e-06,0.0,-48.0,0.0,-48.0,20.0
1984-11-23,-2.7449277695268393e-06,0.5900000000256114,-47.999999999970896,0.0,-48.58999999999651,70.0
1984-11-24,-2.63523543253541e-06,-0.6400000000139698,0.0,0.0,0.6400000000139698,0.0
1984-11-25,-2.529763150960207e-06,0.0,-11.999999999970896,0.0,-11.999999999970896,0.0
1984-11-26,-2.4285982362926006e-06,0.0,-24.0,0.0,-24.0,10.0
1984-11-27,-2.3314496502280235e-06,-1.8400000000256114,864.0,0.010000000000000231,865.8400000000256,110.0
1984-11-28,-2.2382009774446487e-06,-123.93000000005122,78.0,-0.009999999999999787,201.93000000005122,-20.0
1984-11-29,-2.1486193872988224e-06,42.62999999994645,-96.0,-0.009999999999999787,-138.62999999994645,0.0
1984-11-30,-2.0626757759600878e-06,78.22000000000116,-42.000000000029104,-0.009999999999999787,-120.22000000003027,10.0
1984-12-01,-1.9801955204457045e-06,4.89000000001397,-48.000000000029104,0.0,-52.890000000043074,10.0
1984-12-02,-1.9009457901120186e-06,-0.09999999997671694,0.0,0.0,0.09999999997671694,0.0
1984-12-03,-1.8249265849590302e-06,0.0,-18.000000000029104,0.0,-18.000000000029104,0.0
1984-12-04,-1.7519923858344555e-06,0.0,0.0,0.0,0.0,0.0
1984-12-05,-1.681881258264184e-06,0.0,0.0,0.0,0.0,0.0
1984-12-06,-1.614564098417759e-06,0.0,0.0,0.0,0.0,0.0
1984-12-07,-1.5499826986342669e-06,0.0,-6.0,0.0,-6.0,0.0
1984-12-08,-1.4880206435918808e-06,0.2600000000093132,-23.999999999970896,0.0,-24.25999999998021,20.0
1984-12-09,-1.4284159988164902e-06,0.20999999999185093,-78.0,-0.009999999999999787,-78.20999999999185,-30.0
1984-12-10,-1.3713142834603786e-06,-181.62000000005355,-540.0000000000582,-0.05000000000000071,-358.38000000000466,10.0
1984-12-11,-1.316511770710349e-06,156.0,-204.0000000000291,-0.029999999999999805,-360.0000000000291,-10.0
1984-12-12,-1.2638047337532043e-06,-455.63000000000466,-642.0000000001164,-0.09999999999999964,-186.37000000011176,30.0
1984-12-13,-1.213251380249858e-06,480.9100000000035,342.0,-0.010000000000000231,-138.9100000000035,0.0
1984-12-14,-1.1646770872175694e-06,-0.04999999998835847,-377.9999999999418,-0.03000000000000025,-377.94999999995343,0.0
1984-12-15,-1.1181109584867954e-06,0.14000000001396984,-210.0000000000291,-0.029999999999999805,-210.14000000004307,0.0
1984-12-16,-1.0734074749052525e-06,0.0,-168.0,-0.029999999999999805,-168.0,0.0
1984-12-17,-1.030508428812027e-06,0.0,-101.9999999999709,-0.020000000000000018,-101.9999999999709,0.0
1984-12-18,-9.892391972243786e-07,0.0,-78.0,-0.010000000000000231,-78.0,0.0
1984-12-19,-9.49628883972764e-07,0.010000000009313226,-36.000000000029104,-0.009999999999999787,-36.01000000003842,0.0
1984-12-20,-9.1170659288764e-07,0.0,-41.999999999970896,-0.010000000000000231,-41.999999999970896,-10.0
1984-12-21,-8.752103894948959e-07,0.0,-6.0,0.0,-6.0,0.0
1984-12-22,-8.40227585285902e-07,0.0,-24.0,0.0,-24.0,10.0
1984-12-23,-8.065835572779179e-07,0.0,-5.999999999970896,0.0,-5.999999999970896,0.0
1984-12-24,-7.743074093014002e-07,0.0,-12.0,0.0,-12.0,0.0
1984-12-25,-7.433409336954355e-07,0.0,0.0,0.0,0.0,0.0
1984-12-26,-7.136259227991104e-07,0.0,-54.000000000029104,0.0,-54.000000000029104,20.0
1984-12-27,-6.851041689515114e-07,0.0,-179.9999999999709,-0.009999999999999787,-179.9999999999709,-10.0
1984-12-28,-6.576592568308115e-07,0.0,-114.0000000000291,-0.009999999999999787,-114.0000000000291,-30.0
1984-12-29,-6.313202902674675e-07,0.0,-239.9999999999418,-0.009999999999999787,-239.9999999999418,-10.0
1984-12-30,-6.061163730919361e-07,0.0,-29.999999999970896,0.0,-29.999999999970896,0.0
1984-12-31,-5.819019861519337e-07,0.0,-48.0,0.0,-48.0,80.0
1985-01-01,-5.585607141256332e-07,0.0,-17.999999999970896,0.0,-17.999999999970896,0.0
1985-01-02,-5.362380761653185e-07,0.0,-30.0,0.0,-30.0,0.0
1985-01-03,-5.148176569491625e-07,0.0,-5.999999999970896,0.0,-5.999999999970896,0.0
1985-01-04,-4.94212144985795e-07,0.0,-6.0,0.0,-6.0,0.0
1985-01-05,-4.744215402752161e-07,0.0,0.0,0.0,0.0,0.0
1985-01-06,-4.5547494664788246e-07,0.0,0.0,0.0,0.0,0.0
1985-01-07,-4.371977411210537e-07,0.0,0.0,0.0,0.0,0.0
1985-01-08,-4.197645466774702e-07,0.0,0.0,0.0,0.0,0.0
1985-01-09,-4.030007403343916e-07,0.0,-5.999999999970896,0.0,-5.999999999970896,0.0
1985-01-10,-3.868772182613611e-07,0.0,-6.000000000029104,0.0,-6.000000000029104,0.0
1985-01-11,-3.7136487662792206e-07,0.0,0.0,0.0,0.0,0.0
1985-01-12,-3.5658013075590134e-07,0.0,0.0,0.0,0.0,0.0
1985-01-13,-3.422901500016451e-07,0.0,0.0,0.0,0.0,0.0
1985-01-14,-3.285822458565235e-07,0.0,0.0,0.0,0.0,0.0
1985-01-15,-3.1548552215099335e-07,0.0,0.0,0.0,0.0,0.0
1985-01-16,-3.028544597327709e-07,0.0,0.0,0.0,0.0,0.0
1985-01-17,-2.907472662627697e-07,0.0,0.0,0.0,0.0,0.0
1985-01-18,-2.791639417409897e-07,0.029999999998835847,0.0,0.0,-0.029999999998835847,0.0
1985-01-19,-2.679298631846905e-07,0.0,0.0,0.0,0.0,0.0
1985-01-20,-2.5721965357661247e-07,0.0,0.0,0.0,0.0,0.0
1985-01-21,-2.469460014253855e-07,0.0,0.0,0.0,0.0,0.0
1985-01-22,-2.3705069907009602e-07,0.0,0.0,0.0,0.0,0.0
1985-01-23,-2.2759195417165756e-07,0.0,0.0,0.0,0.0,0.0
1985-01-24,-2.184824552386999e-07,0.0,0.0,0.0,0.0,0.0
1985-01-25,-2.0972220227122307e-07,0.0,0.0,0.0,0.0,0.0
1985-01-26,-2.0134029909968376e-07,0.0,0.0,0.0,0.0,0.0
1985-01-27,-1.9330764189362526e-07,0.0,0.0,0.0,0.0,0.0
1985-01-28,-1.8559512682259083e-07,0.0,0.0,0.0,0.0,0.0
1985-01-29,-1.78144546225667e-07,0.0,0.0,0.0,0.0,0.0
1985-01-30,-1.7101410776376724e-07,0.0,0.0,0.0,0.0,0.0
1985-01-31,-1.6420381143689156e-07,0.0,0.0,0.0,0.0,0.0
1985-02-01,-1.57597241923213e-07,0.0,0.0,0.0,0.0,0.0
1985-02-02,-1.5131081454455853e-07,0.0,0.0,0.0,0.0,0.0
1985-02-03,-1.4525721780955791e-07,0.0,0.0,0.0,0.0,0.0
1985-02-04,-1.394655555486679e-07,-0.01999999998952262,0.0,0.0,0.01999999998952262,0.0
1985-02-05,-1.3387762010097504e-07,0.029999999998835847,0.0,0.0,-0.029999999998835847,0.0
1985-02-06,-1.2852251529693604e-07,0.0,0.0,0.0,0.0,0.0
1985-02-07,-1.234002411365509e-07,0.04000000000814907,-96.0,0.0,-96.04000000000815,50.0
1985-02-08,-1.1842348612844944e-07,-0.04000000000814907,-12.000000000029104,0.0,-11.960000000020955,0.0
1985-02-09,-1.1370866559445858e-07,0.0,-6.000000000029104,0.0,-6.000000000029104,0.0
1985-02-10,-1.0916846804320812e-07,0.0,-24.0,0.0,-24.0,20.0
1985-02-11,-1.0480289347469807e-07,0.0,-30.0,-0.010000000000000009,-30.0,-30.0
1985-02-12,-1.0064104571938515e-07,-0.04999999998835847,-18.0,0.0,-17.95000000001164,20.0
1985-02-13,-9.659561328589916e-08,0.04000000000814907,0.0,0.0,-0.04000000000814907,0.0
1985-02-14,-9.272480383515358e-08,0.0,-6.0,0.0,-6.0,0.0
1985-02-15,-8.905772119760513e-08,0.04999999998835847,0.0,0.0,-0.04999999998835847,0.0
1985-02-16,-8.547795005142689e-08,0.0,0.0,0.0,0.0,0.0
1985-02-17,-8.201459422707558e-08,0.0,0.0,0.0,0.0,0.0
1985-02-18,-7.87549652159214e-08,0.0,0.0,0.0,0.0,0.0
1985-02-19,-7.558264769613743e-08,0.0,-48.0,0.0,-48.0,20.0
1985-02-20,-7.255584932863712e-08,0.0,-6.000000000029104,0.0,-6.000000000029104,0.0
1985-02-21,-6.967457011342049e-08,0.029999999998835847,-114.0,0.0,-114.02999999999884,0.0
1985-02-22,-6.685149855911732e-08,0.08999999999650754,-12.0,0.0,-12.089999999996508,0.0
1985-02-23,-6.420304998755455e-08,0.10999999998603016,0.0,0.0,-0.10999999998603016,0.0
1985-02-24,-6.161280907690525e-08,-0.23000000001047738,0.0,0.0,0.23000000001047738,0.0
1985-02-25,-5.916808731853962e-08,-0.010000000009313226,0.0,0.0,0.010000000009313226,0.0
1985-02-26,-5.6781573221087456e-08,0.0,0.0,0.0,0.0,0.0
1985-02-27,-5.454057827591896e-08,0.0,0.0,0.0,0.0,0.0
1985-02-28,-5.235779099166393e-08,0.10000000000582077,0.0,0.0,-0.10000000000582077,0.0
1985-03-01,-5.0262315198779106e-08,-0.07000000000698492,0.0,0.0,0.07000000000698492,0.0
1985-03-02,-4.825415089726448e-08,0.010000000009313226,0.0,0.0,-0.010000000009313226,0.0
1985-03-03,-4.6289642341434956e-08,0.0,-6.0,0.0,-6.0,0.0
1985-03-04,-4.44706529378891e-08,0.0,-72.0,0.0,-72.0,100.0
1985-03-05,-4.269531928002834e-08,0.0,-6.000000000014552,0.0,-6.000000000014552,10.0
1985-03-06,-4.099274519830942e-08,0.0,0.0,0.0,0.0,0.0
1985-03-07,-3.93338268622756e-08,-0.08000000000174623,0.0,0.0,0.08000000000174623,0.0
1985-03-08,-3.776222001761198e-08,0.0,0.0,0.0,0.0,0.0
1985-03-09,-3.624882083386183e-08,0.0,-6.000000000014552,0.0,-6.000000000014552,0.0
1985-03-10,-3.480818122625351e-08,0.0,0.0,0.0,0.0,0.0
1985-03-11,-3.3396645449101925e-08,0.0,-6.0,0.0,-6.0,10.0
1985-03-12,-3.207242116332054e-08,-0.010000000009313226,0.0,0.0,0.010000000009313226,0.0
1985-03-13,-3.079185262322426e-08,0.0,0.0,0.0,0.0,0.0
1985-03-14,-2.9569491744041443e-08,0.010000000009313226,-12.0,0.0,-12.010000000009313,10.0
1985-03-15,-2.8390786610543728e-08,0.0,0.0,0.0,0.0,0.0
1985-03-16,-2.722663339227438e-08,0.069999999992433,-6.0,0.0,-6.069999999992433,0.0
1985-03-17,-2.6135239750146866e-08,0.7900000000081491,-6.0,0.0,-6.790000000008149,10.0
1985-03-18,-2.5087501853704453e-08,0.6099999999860302,-516.0,-0.010000000000000009,-516.609999999986,-590.0
1985-03-19,-2.408341970294714e-08,-0.7699999999895226,-6.000000000014552,0.0,-5.230000000025029,0.0
1985-03-20,-2.310844138264656e-08,4.89000000001397,-30.000000000029104,0.0,-34.890000000043074,20.0
1985-03-21,-2.2206222638487816e-08,-5.519999999989523,-173.9999999999709,-0.010000000000000231,-168.47999999998137,10.0
1985-03-22,-2.130400389432907e-08,-0.17000000001280569,-126.0,-0.020000000000000018,-125.8299999999872,0.0
1985-03-23,-2.043088898062706e-08,0.14000000001396984,131.9999999999709,0.0,131.85999999995693,10.0
1985-03-24,-1.964508555829525e-08,0.0,-6.0,0.0,-6.0,0.0
1985-03-25,-1.885928213596344e-08,0.0,-108.0,-0.010000000000000009,-108.0,-80.0
1985-03-26,-1.807347871363163e-08,0.06999999997788109,24.000000000029104,-0.010000000000000009,23.930000000051223,-30.0
1985-03-27,-1.7404090613126755e-08,-0.029999999998835847,-42.0,0.0,-41.970000000001164,0.0
1985-03-28,-1.6676494851708412e-08,-0.01999999998952262,0.0,0.0,0.01999999998952262,0.0
1985-03-29,-1.6007106751203537e-08,0.0,48.0,0.0,48.0,30.0
1985-03-30,-1.5366822481155396e-08,4.5,-12.0,0.0,-16.5,0.0
1985-03-31,-1.4726538211107254e-08,1.4400000000023283,-72.0000000000291,0.0,-73.44000000003143,30.0
1985-04-01,-1.4173565432429314e-08,0.08000000001629815,-72.0000000000291,0.0,-72.0800000000454,20.0
1985-04-02,-1.359148882329464e-08,4.279999999998836,-48.0,0.0,-52.279999999998836,0.0
1985-04-03,-1.3009412214159966e-08,-5.940000000002328,-18.0,0.0,-12.059999999997672,0.0
1985-04-04,-1.257285475730896e-08,-4.110000000015134,-131.9999999999709,0.0,-127.88999999995576,0.0
1985-04-05,-1.201988197863102e-08,2.4200000000128057,-48.000000000029104,0.0,-50.42000000004191,30.0
1985-04-06,-1.155422069132328e-08,10.940000000002328,-258.0,-0.010000000000000231,-268.9400000000023,-210.0
1985-04-07,-1.1088559404015541e-08,-0.9100000000034925,-282.0000000000291,0.0,-281.0900000000256,120.0
1985-04-08,-1.0652001947164536e-08,2.679999999993015,-251.9999999999709,-0.009999999999999787,-254.6799999999639,-360.0
1985-04-09,-1.0186340659856796e-08,8.160000000003492,-396.0,0.0,-404.1600000000035,30.0
1985-04-10,-9.837094694375992e-09,-6.2999999999883585,-336.0,0.0,-329.70000000001164,0.0
1985-04-11,-9.371433407068253e-09,-8.220000000001164,-84.0,0.0,-75.77999999999884,20.0
1985-04-12,-9.051291272044182e-09,6.519999999989523,-150.0000000000291,0.0,-156.52000000001863,0.0
1985-04-13,-8.672941476106644e-09,4.400000000023283,-378.0000000000291,0.0,-382.4000000000524,30.0
1985-04-14,-8.352799341082573e-09,-2.5799999999871943,-108.0,-0.009999999999999787,-105.4200000000128,0.0
1985-04-15,-7.974449545145035e-09,6.329999999987194,-125.9999999999709,0.0,-132.3299999999581,50.0
1985-04-16,-7.712515071034431e-09,-16.879999999975553,-96.0000000000291,0.0,-79.12000000005355,0.0
1985-04-17,-7.4214767664670944e-09,-6.980000000010477,-71.9999999999709,-0.009999999999999787,-65.01999999996042,0.0
1985-04-18,-7.130438461899757e-09,-65.47000000000116,-245.9999999999709,-0.010000000000000231,-180.52999999996973,10.0
1985-04-19,-6.810296326875687e-09,58.39000000001397,-180.0,-0.03999999999999959,-238.39000000001397,-10.0
1985-04-20,-6.548361852765083e-09,6.1600000000034925,-120.0000000000291,-0.010000000000000231,-126.1600000000326,-10.0
1985-04-21,-6.28642737865448e-09,-0.2699999999895226,-53.99999999994179,0.0,-53.72999999995227,10.0
1985-04-22,-6.05359673500061e-09,-21.849999999976717,-216.0000000000582,-0.020000000000000018,-194.1500000000815,-30.0
1985-04-23,-5.762558430433273e-09,-21.380000000004657,-456.0,-0.03000000000000025,-434.61999999999534,0.0
1985-04-24,-5.587935447692871e-09,42.97000000003027,-150.0,-0.010000000000000231,-192.97000000003027,0.0
1985-04-25,-5.3551048040390015e-09,0.47000000000116415,-48.0,0.0,-48.470000000001164,10.0
1985-04-26,-5.180481821298599e-09,0.12999999997555278,-48.0,0.0,-48.12999999997555,20.0
1985-04-27,-4.918547347187996e-09,11.510000000009313,-84.0,0.0,-95.51000000000931,20.0
1985-04-28,-4.743924364447594e-09,0.2699999999895226,-114.0,0.0,-114.26999999998952,0.0
1985-04-29,-4.540197551250458e-09,-11.059999999997672,-29.999999999970896,0.0,-18.939999999973224,0.0
1985-04-30,-4.3655745685100555e-09,1.8399999999965075,-42.000000000029104,-0.010000000000000231,-43.84000000002561,-240.0
1985-05-01,-4.249159246683121e-09,19.44000000000233,-96.00000000005821,0.0,-115.44000000006054,30.0
1985-05-02,-4.0745362639427185e-09,-9.06000000005588,-210.0,0.0,-200.93999999994412,10.0
1985-05-03,-3.899913281202316e-09,-6.970000000001164,-89.9999999999709,0.0,-83.02999999996973,70.0
1985-05-04,-3.725290298461914e-09,-5.9500000000116415,-66.00000000005821,0.0,-60.050000000046566,0.0
1985-05-05,-3.550667315721512e-09,-0.33000000001629815,-48.000000000029104,0.0,-47.670000000012806,10.0
1985-05-06,-3.4633558243513107e-09,5.6600000000034925,-35.999999999970896,0.0,-41.65999999997439,10.0
1985-05-07,-3.3178366720676422e-09,-1.5100000000093132,-78.00000000005821,0.0,-76.4900000000489,0.0
1985-05-08,-3.14321368932724e-09,-3.139999999984866,-90.0000000000291,0.0,-86.86000000004424,0.0
1985-05-09,-3.026798367500305e-09,1.209999999991851,-12.0,0.0,-13.209999999991851,0.0
1985-05-10,-2.9103830456733704e-09,0.8099999999976717,-42.0,-0.009999999999999787,-42.80999999999767,-110.0
1985-05-11,-2.7939677238464355e-09,-3.0,-36.0,0.0,-33.0,0.0
1985-05-12,-2.648448571562767e-09,0.0,-18.000000000029104,0.0,-18.000000000029104,0.0
1985-05-13,-2.561137080192566e-09,0.7399999999906868,-23.999999999970896,0.0,-24.739999999961583,20.0
1985-05-14,-2.444721758365631e-09,0.8799999999755528,-17.999999999970896,0.0,-18.87999999994645,0.0
1985-05-15,-2.3865140974521637e-09,3.8299999999871943,-24.0,0.0,-27.829999999987194,10.0
1985-05-16,-2.270098775625229e-09,-1.0100000000093132,-29.999999999970896,0.0,-28.989999999961583,10.0
1985-05-17,-2.1827872842550278e-09,-2.9499999999825377,-23.999999999970896,0.0,-21.04999999998836,0.0
1985-05-18,-2.0954757928848267e-09,-0.35999999998603016,-6.0,0.0,-5.64000000001397,0.0
1985-05-19,-2.0372681319713593e-09,-0.7300000000104774,0.0,0.0,0.7300000000104774,0.0
1985-05-20,-1.949956640601158e-09,-0.5499999999883585,-6.0,0.0,-5.4500000000116415,0.0
1985-05-21,-1.8335413187742233e-09,-0.10999999998603016,0.0,0.0,0.10999999998603016,0.0
1985-05-22,-1.775333657860756e-09,0.0,0.0,0.0,0.0,0.0
1985-05-23,-1.6880221664905548e-09,-0.029999999998835847,0.0,0.0,0.029999999998835847,0.0
1985-05-24,-1.6589183360338211e-09,0.0,0.0,0.0,0.0,0.0
1985-05-25,-1.57160684466362e-09,0.0,0.0,0.0,0.0,0.0
1985-05-26,-1.5425030142068863e-09,0.010000000009313226,0.0,0.0,-0.010000000009313226,0.0
1985-05-27,-1.469743438065052e-09,0.01999999998952262,0.0,0.0,-0.01999999998952262,0.0
1985-05-28,-1.382431946694851e-09,0.020000000004074536,-17.999999999985448,0.0,-18.019999999989523,0.0
1985-05-29,-1.367880031466484e-09,0.0,-30.0,0.0,-30.0,20.0
1985-05-30,-1.2951204553246498e-09,0.0,0.0,0.0,0.0,0.0
1985-05-31,-1.2660166248679161e-09,0.0,0.0,0.0,0.0,0.0
1985-06-01,-1.2078089639544487e-09,-0.00999999999476131,0.0,0.0,0.00999999999476131,0.0
1985-06-02,-1.1350493878126144e-09,0.00999999999476131,0.0,0.0,-0.00999999999476131,0.0
1985-06-03,-1.1059455573558807e-09,0.0,-5.999999999985448,0.0,-5.999999999985448,0.0
1985-06-04,-1.0622898116707802e-09,0.0,0.0,0.0,0.0,0.0
1985-06-05,-1.0186340659856796e-09,0.0,0.0,0.0,0.0,0.0
1985-06-06,-9.313225746154785e-10,-1.1300000000046566,3467.9999999998836,-0.1999999999999993,3469.1299999998882,70.0
1985-06-07,-9.313225746154785e-10,-1.120000000053551,-107.99999999994179,-0.009999999999999787,-106.87999999988824,20.0
1985-06-08,-8.731149137020111e-10,2.5100000000093132,17.999999999970896,0.010000000000000231,15.489999999961583,0.0
1985-06-09,-8.440110832452774e-10,0.0,0.0,0.0,0.0,0.0
1985-06-10,-8.149072527885437e-10,0.0,0.0,0.0,0.0,0.0
1985-06-11,-7.8580342233181e-10,0.0,0.0,0.0,0.0,0.0
1985-06-12,-7.566995918750763e-10,0.0,0.0,0.0,0.0,0.0
1985-06-13,-7.421476766467094e-10,0.0,0.0,0.0,0.0,0.0
1985-06-14,-7.130438461899757e-10,0.0,0.0,0.0,0.0,0.0
1985-06-15,-6.83940015733242e-10,0.0,0.0,0.0,0.0,0.0
1985-06-16,-6.402842700481415e-10,-0.010000000009313226,0.0,0.0,0.010000000009313226,0.0
1985-06-17,-6.111804395914078e-10,0.00999999999476131,0.0,0.0,-0.00999999999476131,0.0
1985-06-18,-5.966285243630409e-10,0.0,0.0,0.0,0.0,0.0
1985-06-19,-5.675246939063072e-10,0.0,0.0,0.0,0.0,0.0
1985-06-20,-5.529727786779404e-10,0.0,0.0,0.0,0.0,0.0
1985-06-21,-5.384208634495735e-10,0.0,0.0,0.0,0.0,0.0
1985-06-22,-5.093170329928398e-10,0.0,0.0,0.0,0.0,0.0
1985-06-23,-4.802132025361061e-10,0.020000000004074536,0.0,0.0,-0.020000000004074536,0.0
1985-06-24,-4.656612873077393e-10,0.0,0.0,0.0,0.0,0.0
1985-06-25,-4.511093720793724e-10,0.0,0.0,0.0,0.0,0.0
1985-06-26,-4.220055416226387e-10,0.0,0.0,0.0,0.0,0.0
1985-06-27,-4.0745362639427185e-10,0.0,0.0,0.0,0.0,0.0
1985-06-28,-3.7834979593753815e-10,0.0,0.0,0.0,0.0,0.0
1985-06-29,-3.4924596548080444e-10,0.0,0.0,0.0,0.0,0.0
1985-06-30,-3.4924596548080444e-10,0.0,0.0,0.0,0.0,0.0
1985-07-01,-3.4924596548080444e-10,0.0,0.0,0.0,0.0,0.0
1985-07-02,-3.2014213502407074e-10,0.0,0.0,0.0,0.0,0.0
1985-07-03,-3.2014213502407074e-10,0.0,0.0,0.0,0.0,0.0
1985-07-04,-3.2014213502407074e-10,0.0,0.0,0.0,0.0,0.0
1985-07-05,-2.764863893389702e-10,0.0,0.0,0.0,0.0,0.0
1985-07-06,-2.764863893389702e-10,0.0,0.0,0.0,0.0,0.0
1985-07-07,-2.764863893389702e-10,0.0,0.0,0.0,0.0,0.0
1985-07-08,-2.6193447411060333e-10,0.0,0.0,0.0,0.0,0.0
1985-07-09,-2.6193447411060333e-10,-0.010000000009313226,0.0,0.0,0.010000000009313226,0.0
1985-07-10,-2.473825588822365e-10,0.0,0.0,0.0,0.0,0.0
1985-07-11,-2.6193447411060333e-10,0.0,0.0,0.0,0.0,0.0
1985-07-12,-2.3283064365386963e-10,0.0,0.0,0.0,0.0,0.0
1985-07-13,-2.0372681319713593e-10,0.0,0.0,0.0,0.0,0.0
1985-07-14,-2.6193447411060333e-10,0.0,0.0,0.0,0.0,0.0
1985-07-15,-2.3283064365386963e-10,-0.010000000009313226,0.0,0.0,0.010000000009313226,0.0
1985-07-16,-2.0372681319713593e-10,0.0,0.0,0.0,0.0,0.0
1985-07-17,-1.8917489796876907e-10,0.0,0.0,0.0,0.0,0.0
1985-07-18,-1.8917489796876907e-10,0.0,0.0,0.0,0.0,0.0
1985-07-19,-1.6007106751203537e-10,-0.00999999999476131,0.0,0.0,0.00999999999476131,0.0
1985-07-20,-1.8917489796876907e-10,0.0,0.0,0.0,0.0,0.0
1985-07-21,-1.6007106751203537e-10,0.0,0.0,0.0,0.0,0.0
1985-07-22,-1.7462298274040222e-10,0.0,0.0,0.0,0.0,0.0
1985-07-23,-1.6007106751203537e-10,0.010000000002037268,0.0,0.0,-0.010000000002037268,0.0
1985-07-24,-1.4551915228366852e-10,0.0,0.0,0.0,0.0,0.0
1985-07-25,-1.3096723705530167e-10,0.0,0.0,0.0,0.0,0.0
1985-07-26,-1.382431946694851e-10,0.01999999999679858,0.0,0.0,-0.01999999999679858,0.0
1985-07-27,-1.1641532182693481e-10,0.0,0.0,0.0,0.0,0.0
1985-07-28,-1.0186340659856796e-10,0.0,0.0,0.0,0.0,0.0
1985-07-29,-1.0186340659856796e-10,0.020000000004074536,0.0,0.0,-0.020000000004074536,0.0
1985-07-30,-9.458744898438454e-11,0.0,0.0,0.0,0.0,0.0
1985-07-31,-1.0186340659856796e-10,0.0,0.0,0.0,0.0,0.0
1985-08-01,-8.731149137020111e-11,0.0,0.0,0.0,0.0,0.0
1985-08-02,-8.003553375601768e-11,0.0,0.0,0.0,0.0,0.0
1985-08-03,-8.731149137020111e-11,0.0,0.0,0.0,0.0,0.0
1985-08-04,-7.275957614183426e-11,0.0,0.0,0.0,0.0,0.0
1985-08-05,-8.003553375601768e-11,-0.03999999999359716,0.0,0.0,0.03999999999359716,0.0
1985-08-06,-7.275957614183426e-11,0.01999999999679858,0.0,0.0,-0.01999999999679858,0.0
1985-08-07,-8.731149137020111e-11,0.0,0.0,0.0,0.0,0.0
1985-08-08,-6.548361852765083e-11,0.0,0.0,0.0,0.0,0.0
1985-08-09,-6.548361852765083e-11,0.0,0.0,0.0,0.0,0.0
1985-08-10,-6.548361852765083e-11,0.0,0.0,0.0,0.0,0.0
1985-08-11,-7.275957614183426e-11,0.0,0.0,0.0,0.0,0.0
1985-08-12,-6.548361852765083e-11,0.0,0.0,0.0,0.0,0.0
1985-08-13,-6.548361852765083e-11,0.0,0.0,0.0,0.0,0.0
1985-08-14,-5.820766091346741e-11,0.0,0.0,0.0,0.0,0.0
1985-08-15,-6.548361852765083e-11,0.0,0.0,0.0,0.0,0.0
1985-08-16,-5.820766091346741e-11,0.0,0.0,0.0,0.0,0.0
1985-08-17,-5.093170329928398e-11,0.0,0.0,0.0,0.0,0.0
1985-08-18,-4.3655745685100555e-11,0.0,0.0,0.0,0.0,0.0
1985-08-19,-4.3655745685100555e-11,0.0,0.0,0.0,0.0,0.0
1985-08-20,-3.637978807091713e-11,0.0,0.0,0.0,0.0,0.0
1985-08-21,-2.9103830456733704e-11,0.0,0.0,0.0,0.0,0.0
1985-08-22,-2.9103830456733704e-11,0.0,0.0,0.0,0.0,0.0
1985-08-23,-2.9103830456733704e-11,0.0,0.0,0.0,0.0,0.0
1985-08-24,-2.9103830456733704e-11,0.010000000002037268,0.0,0.0,-0.010000000002037268,0.0
1985-08-25,-3.637978807091713e-11,0.0,0.0,0.0,0.0,0.0
1985-08-26,-3.637978807091713e-11,0.0,0.0,0.0,0.0,0.0
1985-08-27,-2.9103830456733704e-11,0.0,0.0,0.0,0.0,0.0
1985-08-28,-3.637978807091713e-11,0.0,0.0,0.0,0.0,0.0
1985-08-29,-3.2741809263825417e-11,0.0,0.0,0.0,0.0,0.0
1985-08-30,-2.9103830456733704e-11,0.0,0.0,0.0,0.0,0.0
1985-08-31,-2.546585164964199e-11,0.0,0.0,0.0,0.0,0.0
1985-09-01,-1.8189894035458565e-11,0.00999999999839929,0.0,0.0,-0.00999999999839929,0.0
1985-09-02,-2.1827872842550278e-11,0.0,0.0,0.0,0.0,0.0
1985-09-03,-2.1827872842550278e-11,0.0,0.0,0.0,0.0,0.0
1985-09-04,-2.1827872842550278e-11,0.0,0.0,0.0,0.0,0.0
1985-09-05,-1.8189894035458565e-11,0.010000000002037268,0.0,0.0,-0.010000000002037268,0.0
1985-09-06,-2.1827872842550278e-11,0.0,0.0,0.0,0.0,0.0
1985-09-07,-2.546585164964199e-11,-0.00999999999839929,0.0,0.0,0.00999999999839929,0.0
1985-09-08,-1.8189894035458565e-11,0.00999999999839929,0.0,0.0,-0.00999999999839929,0.0
1985-09-09,-1.8189894035458565e-11,0.0,0.0,0.0,0.0,0.0
1985-09-10,-2.9103830456733704e-11,0.0,194.40000000000873,0.010000000000000009,194.40000000000873,10.0
1985-09-11,-1.0913936421275139e-11,0.0,-1.2000000000043656,0.0,-1.2000000000043656,0.0
1985-09-12,-1.4551915228366852e-11,-0.00999999999839929,0.0,0.0,0.00999999999839929,0.0
1985-09-13,-1.0913936421275139e-11,0.0,0.0,0.0,0.0,0.0
1985-09-14,-1.4551915228366852e-11,0.0,0.0,0.0,0.0,0.0
1985-09-15,-6.276059139054269e-07,0.0,0.0,0.0,0.0,0.0
1985-09-16,-8.69304858497344e-06,0.0,0.0,0.0,0.0,0.0
1985-09-17,-8.345323294634e-06,0.0,0.0,0.0,0.0,0.0
1985-09-18,-8.011513273231685e-06,0.0,0.0,0.0,0.0,0.0
1985-09-19,-7.691065547987819e-06,0.0,0.0,0.0,0.0,0.0
1985-09-20,-7.383408956229687e-06,0.0,0.0,0.0,0.0,0.0
1985-09-21,-7.088085112627596e-06,0.0,0.0,0.0,0.0,0.0
1985-09-22,-6.80456287227571e-06,0.0,0.0,0.0,0.0,0.0
1985-09-23,-6.532376573886722e-06,0.0,0.0,0.0,0.0,0.0
1985-09-24,-6.271075108088553e-06,0.0,0.0,0.0,0.0,0.0
1985-09-25,-6.020229193381965e-06,0.0,0.0,0.0,0.0,0.0
1985-09-26,-5.779438652098179e-06,0.0,0.0,0.0,0.0,0.0
1985-09-27,-5.548252374865115e-06,0.0,0.0,0.0,0.0,0.0
1985-09-28,-5.326321115717292e-06,0.0,0.0,0.0,0.0,0.0
1985-09-29,-5.113266524858773e-06,0.0,0.0,0.0,0.0,0.0
1985-09-30,-4.908739356324077e-06,0.0,0.0,0.0,0.0,0.0
1985-10-01,-4.7123830881901085e-06,0.0,0.0,0.0,0.0,0.0
1985-10-02,-4.5238848542794585e-06,0.0,0.0,0.0,0.0,0.0
1985-10-03,-4.342931788414717e-06,-0.010000000002037268,0.0,0.0,0.010000000002037268,0.0
1985-10-04,1.2011878425255418e-05,0.0,0.0,0.0,0.0,0.0
1985-10-05,2.8868293156847358e-05,0.0,0.0,0.0,0.0,0.0
1985-10-06,3.464830660959706e-05,0.0,0.0,0.0,0.0,0.0
1985-10-07,3.592070424929261e-05,0.0,0.0,0.0,0.0,0.0
1985-10-08,3.5327597288414836e-05,0.0,0.0,0.0,0.0,0.0
1985-10-09,3.39144971803762e-05,0.0,-0.6000000000058208,0.0,-0.6000000000058208,0.0
1985-10-10,3.255790943512693e-05,0.0,0.0,0.0,0.0,0.0
1985-10-11,3.125560033367947e-05,0.0,0.0,0.0,0.0,0.0
1985-10-12,3.000537253683433e-05,0.0,0.0,0.0,0.0,0.0
1985-10-13,2.8805166948586702e-05,-0.01999999999679858,0.0,0.0,0.01999999999679858,0.0
1985-10-14,2.7652946300804615e-05,-0.00999999999476131,0.0,0.0,0.00999999999476131,0.0
1985-10-15,2.6546847948338836e-05,0.0,0.6000000000058208,0.0,0.6000000000058208,0.0
1985-10-16,2.548498014220968e-05,0.0,0.0,0.0,0.0,0.0
1985-10-17,2.4465574824716896e-05,0.0,0.0,0.0,0.0,0.0
1985-10-18,2.3486943973693997e-05,0.0,0.0,0.0,0.0,0.0
1985-10-19,2.2547472326550633e-05,0.0,0.0,0.0,0.0,0.0
1985-10-20,2.1645566448569298e-05,0.0,0.0,0.0,0.0,0.0
1985-10-21,1.8468155758455396e-05,0.0,0.0,0.0,0.0,0.0
1985-10-22,1.3106269761919975e-05,-0.37000000005355105,1212.0,0.05000000000000071,1212.3700000000536,0.0
1985-10-23,1.2582022463902831e-05,0.3099999999976717,-36.0,0.0,-36.30999999999767,0.0
1985-10-24,1.2078729923814535e-05,0.03999999999359716,-49.79999999997381,0.0,-49.839999999967404,20.0
1985-10-25,1.1595577234402299e-05,0.01999999999679858,-8.400000000001455,0.0,-8.419999999998254,0.0
1985-10-26,1.1131749488413334e-05,-0.020000000004074536,0.0,0.0,0.020000000004074536,0.0
1985-10-27,1.0686475434340537e-05,0.0,-11.39999999999418,0.0,-11.39999999999418,20.0
1985-10-28,1.0259042028337717e-05,0.0,-4.199999999982538,0.0,-4.199999999982538,20.0
1985-10-29,9.848648915067315e-06,0.0,-1.8000000000029104,0.0,-1.8000000000029104,0.0
1985-10-30,9.454728569835424e-06,0.0,-9.599999999991269,0.0,-9.599999999991269,20.0
1985-10-31,9.07652429305017e-06,0.0,0.0,0.0,0.0,0.0
1985-11-01,8.713483111932874e-06,0.0,-2.3999999999796273,0.0,-2.3999999999796273,0.0
1985-11-02,8.364935638383031e-06,0.0,0.0,0.0,0.0,0.0
1985-11-03,8.030343451537192e-06,0.0,-6.0,0.0,-6.0,10.0
1985-11-04,7.709095370955765e-06,0.0,-17.999999999970896,0.0,-17.999999999970896,20.0
1985-11-05,7.400740287266672e-06,0.03999999999359716,-30.000000000014552,0.0,-30.04000000000815,10.0
1985-11-06,7.104710675776005e-06,-30.06000000005588,2933.9999999998836,-0.10000000000000142,2964.0599999999395,0.0
1985-11-07,6.820540875196457e-06,-610.25,1368.0,0.0,1978.25,0.0
1985-11-08,6.5476924646645784e-06,639.9300000000221,438.0,0.06999999999999984,-201.93000000002212,0.0
1985-11-09,6.285787094384432e-06,0.05000000000291038,-60.00000000001455,0.0,-60.05000000001746,0.0
1985-11-10,6.034373654983938e-06,-0.020000000004074536,-12.0,0.0,-11.979999999995925,10.0
1985-11-11,5.793015589006245e-06,0.0,0.0,0.0,0.0,0.0
1985-11-12,5.561276338994503e-06,0.0,0.0,0.0,0.0,0.0
1985-11-13,5.338850314728916e-06,0.0,0.0,0.0,0.0,0.0
1985-11-14,5.125286406837404e-06,0.0,0.0,0.0,0.0,0.0
1985-11-15,4.9202935770154e-06,0.010000000009313226,-126.0,-0.010000000000000231,-126.01000000000931,-20.0
1985-11-16,4.7234061639755964e-06,-0.01999999998952262,-60.0,0.0,-59.98000000001048,20.0
1985-11-17,4.534522304311395e-06,0.0,-89.9999999999709,0.0,-89.9999999999709,20.0
1985-11-18,4.3531181290745735e-06,0.0,-41.999999999970896,0.0,-41.999999999970896,0.0
1985-11-19,4.178989911451936e-06,-0.04999999998835847,-384.0,-0.020000000000000018,-383.95000000001164,-10.0
1985-11-20,4.011846613138914e-06,0.08000000001629815,-6.0,0.0,-6.080000000016298,0.0
1985-11-21,3.851338988170028e-06,0.0,-6.0,0.0,-6.0,0.0
1985-11-22,3.697321517392993e-06,0.0,-6.0,0.0,-6.0,0.0
1985-11-23,3.5494158510118723e-06,0.029999999998835847,0.0,0.0,-0.029999999998835847,0.0
1985-11-24,3.407476469874382e-06,-0.010000000009313226,0.0,0.0,0.010000000009313226,0.0
1985-11-25,3.271183231845498e-06,0.0,0.0,0.0,0.0,0.0
1985-11-26,3.1403033062815666e-06,0.0,0.0,0.0,0.0,0.0
1985-11-27,3.0147202778607607e-06,-0.04000000000814907,0.0,0.0,0.04000000000814907,0.0
1985-11-28,2.8940849006175995e-06,0.0,0.0,0.0,0.0,0.0
1985-11-29,2.778309863060713e-06,0.06999999997788109,0.0,0.0,-0.06999999997788109,0.0
1985-11-30,2.667162334546447e-06,0.0,0.0,0.0,0.0,0.0
1985-12-01,2.5604967959225178e-06,0.0,0.0,0.0,0.0,0.0
1985-12-02,2.458080416545272e-06,0.0,0.0,0.0,0.0,0.0
1985-12-03,2.3597385734319687e-06,0.0,0.0,0.0,0.0,0.0
1985-12-04,2.2654130589216948e-06,0.0,0.0,0.0,0.0,0.0
1985-12-05,2.174783730879426e-06,0.0,0.0,0.0,0.0,0.0
1985-12-06,2.0878505893051624e-06,0.9899999999906868,-72.0,0.0,-72.98999999999069,70.0
1985-12-07,2.00429349206388e-06,1.8100000000267755,-18.000000000058208,0.0,-19.810000000084983,10.0
1985-12-08,1.9241124391555786e-06,-2.1600000000034925,-6.0,0.0,-3.8399999999965075,0.0
1985-12-09,1.847132807597518e-06,-0.5199999999895226,0.0,0.0,0.5199999999895226,0.0
1985-12-10,1.7732672858983278e-06,0.0,0.0,0.0,0.0,0.0
1985-12-11,1.702312147244811e-06,0.0,0.0,0.0,0.0,0.0
1985-12-12,1.6342091839760542e-06,0.0,0.0,0.0,0.0,0.0
1985-12-13,1.568871084600687e-06,0.0,0.0,0.0,0.0,0.0
1985-12-14,1.5061232261359692e-06,0.03999999997904524,0.0,0.0,-0.03999999997904524,0.0
1985-12-15,1.4458491932600737e-06,-0.010000000009313226,-18.000000000029104,0.0,-17.99000000001979,20.0
1985-12-16,1.387990778312087e-06,0.029999999998835847,0.0,0.0,-0.029999999998835847,0.0
1985-12-17,1.3324897736310959e-06,0.10999999998603016,0.0,0.0,-0.10999999998603016,0.0
1985-12-18,1.279142452403903e-06,-0.20000000001164153,0.0,0.0,0.20000000001164153,0.0
1985-12-19,1.2280361261218786e-06,0.0,0.0,0.0,0.0,0.0
1985-12-20,1.1789088603109121e-06,0.0,-17.999999999970896,0.0,-17.999999999970896,10.0
1985-12-21,1.1317606549710035e-06,0.0,-11.999999999970896,0.0,-11.999999999970896,10.0
1985-12-22,1.0864459909498692e-06,0.0,0.0,0.0,0.0,0.0
1985-12-23,1.0429939720779657e-06,0.0,0.0,0.0,0.0,0.0
1985-12-24,1.001317286863923e-06,0.14999999999417923,0.0,0.0,-0.14999999999417923,0.0
1985-12-25,9.612704161554575e-07,-0.139999999984866,0.0,0.0,0.139999999984866,0.0
1985-12-26,9.227951522916555e-07,0.0,0.0,0.0,0.0,0.0
1985-12-27,8.858914952725172e-07,-0.029999999998835847,-6.0,0.0,-5.970000000001164,0.0
1985-12-28,8.50501237437129e-07,0.0,0.0,0.0,0.0,0.0
1985-12-29,8.164206519722939e-07,0.0,0.0,0.0,0.0,0.0
1985-12-30,7.837952580302954e-07,0.0,0.0,0.0,0.0,0.0
1985-12-31,7.524504326283932e-07,0.0,0.0,0.0,0.0,0.0
1986-01-01,7.223570719361305e-07,-0.010000000009313226,-66.0,-0.010000000000000009,-65.98999999999069,-20.0
1986-01-02,6.934860721230507e-07,0.030000000027939677,-6.0,0.0,-6.03000000002794,0.0
1986-01-03,6.657501216977835e-07,0.0,-11.999999999970896,0.0,-11.999999999970896,0.0
1986-01-04,6.391201168298721e-07,0.0,0.0,0.0,0.0,0.0
1986-01-05,6.135378498584032e-07,0.0,0.0,0.0,0.0,0.0
1986-01-06,5.890033207833767e-07,0.0,-6.000000000029104,0.0,-6.000000000029104,0.0
1986-01-07,5.654292181134224e-07,0.0,0.0,0.0,0.0,0.0
1986-01-08,5.428155418485403e-07,0.3700000000244472,-24.0,0.0,-24.370000000024447,20.0
1986-01-09,5.21104084327817e-07,0.75,-6.0,0.0,-6.75,0.0
1986-01-10,5.002366378903389e-07,2.14000000001397,-12.000000000029104,0.0,-14.140000000043074,0.0
1986-01-11,4.802132025361061e-07,-2.569999999977881,0.0,0.0,2.569999999977881,0.0
1986-01-12,4.610337782651186e-07,0.5499999999883585,-23.999999999970896,0.0,-24.549999999959255,20.0
1986-01-13,4.426401574164629e-07,0.7000000000116415,-6.0,0.0,-6.7000000000116415,0.0
1986-01-14,4.2488682083785534e-07,-1.3299999999871943,0.0,0.0,1.3299999999871943,0.0
1986-01-15,-0.009999592148233205,-0.3299999999871943,36.00000000005821,0.0,36.3300000000454,10.0
1986-01-16,3.916793502867222e-07,5.96999999997206,-162.0,0.0,-167.96999999997206,30.0
1986-01-17,3.75963281840086e-07,-71.22999999998137,-216.0000000000582,0.0,-144.77000000007683,0.0
1986-01-18,3.608874976634979e-07,73.09999999997672,-342.0000000000582,0.0,-415.1000000000349,100.0
1986-01-19,3.4648110158741474e-07,-3.4100000000034925,-126.0000000000291,-0.009999999999999787,-122.59000000002561,0.0
1986-01-20,3.3265678212046623e-07,-4.720000000001164,-42.000000000029104,0.0,-37.28000000002794,0.0
1986-01-21,3.1929812394082546e-07,0.0,-17.999999999970896,0.0,-17.999999999970896,20.0
1986-01-22,3.0652154237031937e-07,-2.470000000030268,-48.0,-0.009999999999999787,-45.52999999996973,-10.0
1986-01-23,2.942688297480345e-07,2.6900000000023283,-186.0,-0.010000000000000231,-188.69000000000233,-10.0
1986-01-24,2.8251088224351406e-07,-0.14999999999417923,-24.000000000029104,0.0,-23.850000000034925,0.0
1986-01-25,2.7118949219584465e-07,-0.01999999998952262,-17.999999999970896,0.0,-17.979999999981374,0.0
1986-01-26,2.603628672659397e-07,-0.01999999998952262,0.0,0.0,0.01999999998952262,0.0
1986-01-27,2.499145921319723e-07,0.9399999999732245,-30.0,0.0,-30.939999999973224,10.0
1986-01-28,2.3993197828531265e-07,-0.4599999999918509,-60.000000000029104,0.0,-59.54000000003725,30.0
1986-01-29,2.3032771423459053e-07,-0.7799999999988358,-180.0000000000291,-0.009999999999999787,-179.22000000003027,-30.0
1986-01-30,2.2113090381026268e-07,1.2999999999883585,-108.0000000000291,0.0,-109.30000000001746,140.0
1986-01-31,2.1231244318187237e-07,-0.2699999999895226,-36.0,-0.010000000000000231,-35.73000000001048,-190.0
1986-02-01,2.037850208580494e-07,-0.3699999999953434,-138.0,-0.010000000000000231,-137.63000000000466,-50.0
1986-02-02,1.955777406692505e-07,-0.7200000000011642,-72.0000000000291,0.0,-71.28000000002794,30.0
1986-02-03,1.878070179373026e-07,0.6899999999732245,-78.0,0.0,-78.68999999997322,20.0
1986-02-04,1.802982296794653e-07,-1.8399999999965075,-197.9999999999709,-0.009999999999999787,-196.1599999999744,-10.0
1986-02-05,1.7308047972619534e-07,1.3500000000058208,-95.9999999999709,-0.010000000000000231,-97.34999999997672,-40.0
1986-02-06,1.6621197573840618e-07,-0.029999999998835847,-11.999999999970896,0.0,-11.96999999997206,10.0
1986-02-07,1.5954719856381416e-07,0.01999999998952262,-12.000000000029104,0.0,-12.020000000018626,0.0
1986-02-08,1.5314435586333275e-07,0.0,-6.000000000029104,0.0,-6.000000000029104,0.0
1986-02-09,1.4703255146741867e-07,0.0,0.0,0.0,0.0,0.0
1986-02-10,1.411826815456152e-07,0.0,-6.0,0.0,-6.0,0.0
1986-02-11,1.3550743460655212e-07,0.03999999997904524,-30.000000000029104,0.0,-30.04000000000815,20.0
1986-02-12,1.3009412214159966e-07,-0.01999999998952262,-137.9999999999709,0.0,-137.97999999998137,20.0
1986-02-13,1.249427441507578e-07,0.0,-167.9999999999709,0.0,-167.9999999999709,20.0
1986-02-14,1.199368853121996e-07,-0.7199999999720603,-204.0000000000291,-0.009999999999999787,-203.28000000005704,10.0
1986-02-15,1.1513475328683853e-07,-214.25,689.9999999998836,-0.03999999999999915,904.2499999998836,60.0
1986-02-16,1.1059455573558807e-07,-3363.5,-1464.0,-0.1999999999999993,1899.5,-60.0
1986-02-17,1.0611256584525108e-07,3577.5900000000256,2670.0,0.46999999999999975,-907.5900000000256,-250.0
1986-02-18,1.0192161425948143e-07,1.2999999999883585,-120.0000000000291,0.0,-121.30000000001746,40.0
1986-02-19,9.781797416508198e-08,0.0,-144.0000000000291,-0.020000000000000018,-144.0000000000291,0.0
1986-02-20,9.388895705342293e-08,0.0,-144.0,-0.020000000000000018,-144.0,0.0
1986-02-21,9.013456292450428e-08,0.0,-84.0000000000291,-0.009999999999999787,-84.0000000000291,0.0
1986-02-22,8.655479177832603e-08,-0.28999999997904524,228.0,0.0,228.28999999997905,-40.0
1986-02-23,8.312053978443146e-08,-99.75,2880.000000000233,0.0,2979.750000000233,-30.0
1986-02-24,7.986091077327728e-08,109.68999999994412,162.0,0.0,52.31000000005588,0.0
1986-02-25,7.64266587793827e-08,3.3099999999976717,-228.0000000000582,0.0,-231.31000000005588,0.0
1986-02-26,7.345806807279587e-08,5.620000000053551,-186.00000000011642,-0.009999999999999787,-191.62000000016997,0.0
1986-02-27,7.05476850271225e-08,-0.6600000000325963,-270.0,0.0,-269.3399999999674,0.0
1986-02-28,6.775371730327606e-08,-6.900000000023283,-156.0000000000582,0.0,-149.10000000003492,0.0
1986-03-01,6.507616490125656e-08,-1.9200000000128057,-102.0,0.0,-100.0799999999872,0.0
1986-03-02,6.24277163296938e-08,-5.150000000023283,-60.000000000029104,-0.010000000000000231,-54.85000000000582,0.0
1986-03-03,5.995389074087143e-08,-2.3399999999965075,-24.0,0.0,-21.660000000003492,0.0
1986-03-04,5.753827281296253e-08,-0.7200000000011642,-36.000000000029104,0.0,-35.28000000002794,0.0
1986-03-05,5.52681740373373e-08,-0.8500000000058208,-6.0,0.0,-5.149999999994179,0.0
1986-03-06,5.3085386753082275e-08,-0.6600000000034925,-12.0,0.0,-11.339999999996508,10.0
1986-03-07,5.090259946882725e-08,2.6599999999743886,-173.9999999999709,-0.010000000000000231,-176.65999999994528,0.0
1986-03-08,4.889443516731262e-08,-2.5600000000267755,-197.9999999999709,0.0,-195.43999999994412,20.0
1986-03-09,4.6944478526711464e-08,-0.08000000001629815,-228.0,-0.009999999999999787,-227.9199999999837,-20.0
1986-03-10,4.508183337748051e-08,-0.21999999997206032,-144.0,0.0,-143.78000000002794,10.0
1986-03-11,4.3248292058706284e-08,-0.029999999998835847,-119.99999999994179,0.0,-119.96999999994296,10.0
1986-03-12,4.147295840084553e-08,-0.3099999999976717,-132.0,0.0,-131.69000000000233,90.0
1986-03-13,3.990135155618191e-08,0.5400000000081491,-156.0,-0.009999999999999787,-156.54000000000815,-20.0
1986-03-14,3.832974471151829e-08,-0.23000000001047738,-215.9999999999709,-0.009999999999999787,-215.76999999996042,-20.0
1986-03-15,3.6729034036397934e-08,0.41999999998370185,-18.000000000029104,0.0,-18.420000000012806,20.0
1986-03-16,3.527384251356125e-08,0.0,-11.999999999970896,0.0,-11.999999999970896,0.0
1986-03-17,3.3905962482094765e-08,0.0,-48.0,0.0,-48.0,20.0
1986-03-18,3.2567186281085014e-08,0.0,-6.000000000029104,0.0,-6.000000000029104,0.0
1986-03-19,3.1228410080075264e-08,0.0,-5.999999999970896,0.0,-5.999999999970896,0.0
1986-03-20,3.000604920089245e-08,0.0,0.0,0.0,0.0,0.0
1986-03-21,2.8812792152166367e-08,0.0,0.0,0.0,0.0,0.0
1986-03-22,2.7619535103440285e-08,0.7099999999918509,-12.0,0.0,-12.709999999991851,0.0
1986-03-23,2.6542693376541138e-08,-0.6900000000023283,-114.0,0.0,-113.30999999999767,10.0
1986-03-24,2.5436747819185257e-08,0.6300000000046566,-108.00000000005821,-0.010000000000000231,-108.63000000006286,-90.0
1986-03-25,2.4476321414113045e-08,-0.5700000000069849,-29.999999999970896,0.0,-29.42999999996391,10.0
1986-03-26,2.3457687348127365e-08,-0.14999999999417923,-6.0,0.0,-5.850000000005821,0.0
1986-03-27,2.2497260943055153e-08,0.0,0.0,0.0,0.0,0.0
1986-03-28,2.1653249859809875e-08,0.0,0.0,0.0,0.0,0.0
1986-03-29,2.0780134946107864e-08,0.0,-6.0,0.0,-6.0,0.0
1986-03-30,1.9994331523776054e-08,0.0,-12.0,0.0,-12.0,0.0
1986-03-31,1.917942427098751e-08,0.0,-12.0,0.0,-12.0,10.0
1986-04-01,1.83936208486557e-08,0.0,-12.0,0.0,-12.0,10.0
1986-04-02,1.7666025087237358e-08,0.0,0.0,0.0,0.0,0.0
1986-04-03,1.696753315627575e-08,0.0,-18.000000000029104,0.0,-18.000000000029104,0.0
1986-04-04,1.626904122531414e-08,0.0,-6.0,0.0,-6.0,0.0
1986-04-05,1.5599653124809265e-08,0.0,0.0,0.0,0.0,0.0
1986-04-06,1.4988472685217857e-08,0.0,0.0,0.0,0.0,0.0
1986-04-07,1.4406396076083183e-08,0.0,0.0,0.0,0.0,0.0
1986-04-08,1.382431946694851e-08,0.0,0.0,0.0,0.0,0.0
1986-04-09,1.3300450518727303e-08,0.0,0.0,0.0,0.0,0.0
1986-04-10,1.2747477740049362e-08,0.0,0.0,0.0,0.0,0.0
1986-04-11,1.225271262228489e-08,0.0,-5.999999999970896,0.0,-5.999999999970896,0.0
1986-04-12,1.1728843674063683e-08,0.0,0.0,0.0,0.0,0.0
1986-04-13,1.1292286217212677e-08,-0.029999999998835847,0.0,0.0,0.029999999998835847,0.0
1986-04-14,1.0797521099448204e-08,0.0,-6.0,0.0,-6.0,10.0
1986-04-15,1.0360963642597198e-08,0.0,-23.999999999970896,0.0,-23.999999999970896,10.0
1986-04-16,9.953510016202927e-09,0.0,-77.9999999999709,0.0,-77.9999999999709,30.0
1986-04-17,9.575160220265388e-09,0.0,-54.0,0.0,-54.0,80.0
1986-04-18,9.225914254784584e-09,0.0,0.0,0.0,0.0,0.0
1986-04-19,8.789356797933578e-09,0.0,0.0,0.0,0.0,0.0
1986-04-20,8.469214662909508e-09,0.0,0.0,0.0,0.0,0.0
1986-04-21,8.149072527885437e-09,0.0,-11.999999999970896,0.0,-11.999999999970896,0.0
1986-04-22,7.799826562404633e-09,0.0,0.0,0.0,0.0,0.0
1986-04-23,7.508788257837296e-09,0.0,-6.0,0.0,-6.0,0.0
1986-04-24,7.188646122813225e-09,0.0,0.0,0.0,0.0,0.0
1986-04-25,6.897607818245888e-09,0.0,-42.0,0.0,-42.0,20.0
1986-04-26,6.664777174592018e-09,0.0,-66.0,0.0,-66.0,20.0
1986-04-27,6.402842700481415e-09,0.0,-173.9999999999709,-0.009999999999999787,-173.9999999999709,-10.0
1986-04-28,6.170012056827545e-09,0.0,-167.9999999999709,0.0,-167.9999999999709,20.0
1986-04-29,5.9371814131736755e-09,0.0,-95.9999999999709,0.0,-95.9999999999709,20.0
1986-04-30,5.6461431086063385e-09,0.059999999997671694,-6.0,0.0,-6.059999999997672,0.0
1986-05-01,5.413312464952469e-09,-0.029999999998835847,-6.000000000029104,0.0,-5.970000000030268,0.0
1986-05-02,5.209585651755333e-09,0.0,-24.000000000029104,0.0,-24.000000000029104,10.0
1986-05-03,5.034962669014931e-09,0.0,0.0,0.0,0.0,0.0
1986-05-04,4.831235855817795e-09,0.0,-17.999999999970896,0.0,-17.999999999970896,10.0
1986-05-05,4.6566128730773926e-09,-0.04999999998835847,-66.0,-0.009999999999999787,-65.95000000001164,-30.0
1986-05-06,4.452886059880257e-09,-0.029999999998835847,0.0,0.0,0.029999999998835847,0.0
1986-05-07,4.307366907596588e-09,0.0,-11.999999999970896,0.0,-11.999999999970896,0.0
1986-05-08,4.132743924856186e-09,0.0,-12.0,0.0,-12.0,0.0
1986-05-09,3.958120942115784e-09,0.0,-12.000000000029104,0.0,-12.000000000029104,20.0
1986-05-10,3.7834979593753815e-09,0.0,-95.9999999999709,0.0,-95.9999999999709,20.0
1986-05-11,3.6670826375484467e-09,0.0,-11.999999999970896,0.0,-11.999999999970896,10.0
1986-05-12,3.521563485264778e-09,0.059999999997671694,-24.0,0.0,-24.05999999999767,10.0
1986-05-13,3.3760443329811096e-09,-0.04000000000814907,-24.0,0.0,-23.95999999999185,20.0
1986-05-14,3.230525180697441e-09,0.0,-6.0,0.0,-6.0,0.0
1986-05-15,3.0850060284137726e-09,0.0,0.0,0.0,0.0,0.0
1986-05-16,2.9685907065868378e-09,0.0,0.0,0.0,0.0,0.0
1986-05-17,2.8230715543031693e-09,0.0,0.0,0.0,0.0,0.0
1986-05-18,2.735760062932968e-09,0.0,0.0,0.0,0.0,0.0
1986-05-19,2.5902409106492996e-09,0.0,0.0,0.0,0.0,0.0
1986-05-20,2.5029294192790985e-09,0.0,-18.0,0.0,-18.0,0.0
1986-05-21,2.3865140974521637e-09,0.0,0.0,0.0,0.0,0.0
1986-05-22,2.3283064365386963e-09,0.0,0.0,0.0,0.0,0.0
1986-05-23,2.2118911147117615e-09,0.0,0.0,0.0,0.0,0.0
1986-05-24,2.1245796233415604e-09,0.0,0.0,0.0,0.0,0.0
1986-05-25,2.0372681319713593e-09,0.0,0.0,0.0,0.0,0.0
1986-05-26,1.949956640601158e-09,0.0,0.0,0.0,0.0,0.0
1986-05-27,1.862645149230957e-09,0.0,0.0,0.0,0.0,0.0
1986-05-28,1.775333657860756e-09,0.0500000000174623,0.0,0.0,-0.0500000000174623,0.0
1986-05-29,1.7171259969472885e-09,-0.04999999998835847,0.0,0.0,0.04999999998835847,0.0
1986-05-30,1.6443664208054543e-09,0.0,0.0,0.0,0.0,0.0
1986-05-31,1.57160684466362e-09,0.0,0.0,0.0,0.0,0.0
1986-06-01,1.4988472685217857e-09,0.0,0.0,0.0,0.0,0.0
1986-06-02,1.469743438065052e-09,0.0,0.0,0.0,0.0,0.0
1986-06-03,1.3969838619232178e-09,0.0,0.0,0.0,0.0,0.0
1986-06-04,1.3533281162381172e-09,0.0,0.0,0.0,0.0,0.0
1986-06-05,1.2951204553246498e-09,0.0,0.0,0.0,0.0,0.0
1986-06-06,1.2223608791828156e-09,0.0,0.0,0.0,0.0,0.0
1986-06-07,1.1932570487260818e-09,0.0,0.0,0.0,0.0,0.0
1986-06-08,1.1350493878126144e-09,0.020000000004074536,0.0,0.0,-0.020000000004074536,0.0
1986-06-09,1.1059455573558807e-09,-0.01999999998952262,0.0,0.0,0.01999999998952262,0.0
1986-06-10,1.0622898116707802e-09,0.0,0.0,0.0,0.0,0.0
1986-06-11,1.0040821507573128e-09,0.0,0.0,0.0,0.0,0.0
1986-06-12,9.74978320300579e-10,-0.029999999998835847,0.0,0.0,0.029999999998835847,0.0
1986-06-13,9.313225746154785e-10,0.020000000004074536,0.0,0.0,-0.020000000004074536,0.0
1986-06-14,9.167706593871117e-10,0.0,0.0,0.0,0.0,0.0
1986-06-15,8.731149137020111e-10,0.0,0.0,0.0,0.0,0.0
1986-06-16,8.149072527885437e-10,-0.07000000000698492,0.0,0.0,0.07000000000698492,0.0
1986-06-17,7.8580342233181e-10,0.0,0.0,0.0,0.0,0.0
1986-06-18,7.566995918750763e-10,0.04000000000814907,0.0,0.0,-0.04000000000814907,0.0
1986-06-19,7.130438461899757e-10,0.0,0.0,0.0,0.0,0.0
1986-06-20,6.83940015733242e-10,0.0,0.0,0.0,0.0,0.0
1986-06-21,6.693881005048752e-10,0.0,0.0,0.0,0.0,0.0
1986-06-22,6.111804395914078e-10,0.0,0.0,0.0,0.0,0.0
1986-06-23,5.820766091346741e-10,0.0,0.0,0.0,0.0,0.0
1986-06-24,5.529727786779404e-10,0.0,0.0,0.0,0.0,0.0
1986-06-25,5.384208634495735e-10,0.0,0.0,0.0,0.0,0.0
1986-06-26,4.94765117764473e-10,0.0,0.0,0.0,0.0,0.0
1986-06-27,4.802132025361061e-10,0.01999999998952262,0.0,0.0,-0.01999999998952262,0.0
1986-06-28,4.802132025361061e-10,-0.029999999998835847,0.0,0.0,0.029999999998835847,0.0
1986-06-29,4.3655745685100555e-10,-0.010000000009313226,0.0,0.0,0.010000000009313226,0.0
1986-06-30,4.3655745685100555e-10,0.0,0.0,0.0,0.0,0.0
1986-07-01,4.220055416226387e-10,0.0,0.0,0.0,0.0,0.0
1986-07-02,3.92901711165905e-10,0.00999999999476131,0.0,0.0,-0.00999999999476131,0.0
1986-07-03,3.7834979593753815e-10,0.0,0.0,0.0,0.0,0.0
1986-07-04,3.4924596548080444e-10,0.0,0.0,0.0,0.0,0.0
1986-07-05,3.346940502524376e-10,0.020000000004074536,0.0,0.0,-0.020000000004074536,0.0
1986-07-06,3.4924596548080444e-10,0.0,0.0,0.0,0.0,0.0
1986-07-07,3.346940502524376e-10,0.0,0.0,0.0,0.0,0.0
1986-07-08,3.2014213502407074e-10,0.0,0.0,0.0,0.0,0.0
1986-07-09,2.9103830456733704e-10,0.0,0.0,0.0,0.0,0.0
1986-07-10,3.055902197957039e-10,0.0,0.0,0.0,0.0,0.0
1986-07-11,2.6193447411060333e-10,0.029999999998835847,0.0,0.0,-0.029999999998835847,0.0
1986-07-12,2.473825588822365e-10,0.0,0.0,0.0,0.0,0.0
1986-07-13,2.4010660126805305e-10,0.0,0.0,0.0,0.0,0.0
1986-07-14,2.255546860396862e-10,0.0,0.0,0.0,0.0,0.0
1986-07-15,2.255546860396862e-10,0.0,0.0,0.0,0.0,0.0
1986-07-16,2.0372681319713593e-10,0.0,0.0,0.0,0.0,0.0
1986-07-17,2.0372681319713593e-10,0.0,0.5999999999985448,0.0,0.5999999999985448,0.0
1986-07-18,1.8917489796876907e-10,-0.020000000004074536,0.0,0.0,0.020000000004074536,0.0
1986-07-19,1.7462298274040222e-10,0.040000000000873115,0.0,0.0,-0.040000000000873115,0.0
1986-07-20,1.7462298274040222e-10,0.0,0.0,0.0,0.0,0.0
1986-07-21,1.6007106751203537e-10,0.0,0.0,0.0,0.0,0.0
1986-07-22,1.673470251262188e-10,0.0,0.0,0.0,0.0,0.0
1986-07-23,1.5279510989785194e-10,0.0,0.0,0.0,0.0,0.0
1986-07-24,1.4551915228366852e-10,0.0,0.0,0.0,0.0,0.0
1986-07-25,1.382431946694851e-10,0.0,0.0,0.0,0.0,0.0
1986-07-26,1.4551915228366852e-10,0.0,0.0,0.0,0.0,0.0
1986-07-27,1.2369127944111824e-10,0.0,0.0,0.0,0.0,0.0
1986-07-28,1.2369127944111824e-10,0.0,0.0,0.0,0.0,0.0
1986-07-29,1.382431946694851e-10,0.0,0.0,0.0,0.0,0.0
1986-07-30,1.2369127944111824e-10,0.0,0.0,0.0,0.0,0.0
1986-07-31,1.0913936421275139e-10,0.0,0.0,0.0,0.0,0.0
1986-08-01,1.1641532182693481e-10,0.01999999999679858,0.0,0.0,-0.01999999999679858,0.0
1986-08-02,1.1641532182693481e-10,0.029999999998835847,0.0,0.0,-0.029999999998835847,0.0
1986-08-03,9.458744898438454e-11,-0.010000000002037268,0.0,0.0,0.010000000002037268,0.0
1986-08-04,1.0186340659856796e-10,0.01999999999679858,0.0,0.0,-0.01999999999679858,0.0
1986-08-05,8.731149137020111e-11,0.0,0.0,0.0,0.0,0.0
1986-08-06,9.458744898438454e-11,0.0,0.0,0.0,0.0,0.0
1986-08-07,1.0186340659856796e-10,0.0,0.0,0.0,0.0,0.0
1986-08-08,8.731149137020111e-11,0.0,0.0,0.0,0.0,0.0
1986-08-09,8.003553375601768e-11,0.0,0.0,0.0,0.0,0.0
1986-08-10,8.731149137020111e-11,0.0,-0.6000000000058208,0.0,-0.6000000000058208,0.0
1986-08-11,7.275957614183426e-11,0.0,0.0,0.0,0.0,0.0
1986-08-12,8.731149137020111e-11,0.0,0.0,0.0,0.0,0.0
1986-08-13,8.003553375601768e-11,0.020000000004074536,0.0,0.0,-0.020000000004074536,0.0
1986-08-14,7.275957614183426e-11,0.0,0.0,0.0,0.0,0.0
1986-08-15,7.275957614183426e-11,0.0,0.0,0.0,0.0,0.0
1986-08-16,6.548361852765083e-11,0.0,0.0,0.0,0.0,0.0
1986-08-17,6.548361852765083e-11,0.0,0.0,0.0,0.0,0.0
1986-08-18,6.548361852765083e-11,0.0,0.0,0.0,0.0,0.0
1986-08-19,5.820766091346741e-11,0.0,0.0,0.0,0.0,0.0
1986-08-20,5.820766091346741e-11,0.0,0.0,0.0,0.0,0.0
1986-08-21,5.4569682106375694e-11,0.0,0.0,0.0,0.0,0.0
1986-08-22,5.4569682106375694e-11,0.0,0.0,0.0,0.0,0.0
1986-08-23,5.4569682106375694e-11,0.0,0.0,0.0,0.0,0.0
1986-08-24,5.093170329928398e-11,-0.00999999999839929,0.0,0.0,0.00999999999839929,0.0
1986-08-25,5.4569682106375694e-11,0.0,0.0,0.0,0.0,0.0
1986-08-26,5.093170329928398e-11,0.0,0.0,0.0,0.0,0.0
1986-08-27,4.3655745685100555e-11,0.0,0.0,0.0,0.0,0.0
1986-08-28,4.3655745685100555e-11,0.0,0.0,0.0,0.0,0.0
1986-08-29,4.001776687800884e-11,0.0,0.0,0.0,0.0,0.0
1986-08-30,4.001776687800884e-11,0.0,0.0,0.0,0.0,0.0
1986-08-31,4.3655745685100555e-11,0.0,0.0,0.0,0.0,0.0
1986-09-01,3.637978807091713e-11,0.0,0.0,0.0,0.0,0.0
1986-09-02,3.2741809263825417e-11,0.0,0.0,0.0,0.0,0.0
1986-09-03,3.2741809263825417e-11,0.0,0.0,0.0,0.0,0.0
1986-09-04,2.9103830456733704e-11,0.0,0.0,0.0,0.0,0.0
1986-09-05,2.9103830456733704e-11,0.0,0.5999999999985448,0.0,0.5999999999985448,0.0
1986-09-06,2.9103830456733704e-11,0.0,0.0,0.0,0.0,0.0
1986-09-07,2.546585164964199e-11,0.0,0.0,0.0,0.0,0.0
1986-09-08,2.546585164964199e-11,0.0,0.0,0.0,0.0,0.0
1986-09-09,2.546585164964199e-11,0.0,0.0,0.0,0.0,0.0
1986-09-10,2.546585164964199e-11,0.0,0.0,0.0,0.0,0.0
1986-09-11,2.1827872842550278e-11,0.0,0.0,0.0,0.0,0.0
1986-09-12,2.1827872842550278e-11,0.0,0.0,0.0,0.0,0.0
1986-09-13,1.8189894035458565e-11,-0.00999999999839929,0.0,0.0,0.00999999999839929,0.0
1986-09-14,2.1827872842550278e-11,0.0,0.0,0.0,0.0,0.0
1986-09-15,2.1827872842550278e-11,0.0,0.0,0.0,0.0,0.0
1986-09-16,2.1827872842550278e-11,-0.00999999999839929,0.0,0.0,0.00999999999839929,0.0
1986-09-17,2.546585164964199e-11,0.010000000002037268,0.0,0.0,-0.010000000002037268,0.0
1986-09-18,2.000888343900442e-11,0.0,0.0,0.0,0.0,0.0
1986-09-19,2.000888343900442e-11,0.0,0.0,0.0,0.0,0.0
1986-09-20,2.3646862246096134e-11,0.00999999999839929,0.0,0.0,-0.00999999999839929,0.0
1986-09-21,2.000888343900442e-11,0.0,0.0,0.0,0.0,0.0
1986-09-22,2.3646862246096134e-11,0.0,0.0,0.0,0.0,0.0
1986-09-23,2.9103830456733704e-11,0.0,0.0,0.0,0.0,0.0
1986-09-24,2.1827872842550278e-11,0.0,0.0,0.0,0.0,0.0
1986-09-25,2.1827872842550278e-11,0.0,0.0,0.0,0.0,0.0
1986-09-26,1.8189894035458565e-11,0.0,0.0,0.0,0.0,0.0
1986-09-27,1.8189894035458565e-11,0.0,0.0,0.0,0.0,0.0
1986-09-28,2.1827872842550278e-11,0.0,0.0,0.0,0.0,0.0
1986-09-29,2.1827872842550278e-11,0.00999999999839929,0.0,0.0,-0.00999999999839929,0.0
1986-09-30,1.4551915228366852e-11,0.00999999999839929,0.0,0.0,-0.00999999999839929,0.0
1986-10-01,1.8189894035458565e-11,0.0,0.0,0.0,0.0,0.0
1986-10-02,1.8189894035458565e-11,0.0,0.0,0.0,0.0,0.0
1986-10-03,1.8189894035458565e-11,0.0,0.0,0.0,0.0,0.0
1986-10-04,1.4551915228366852e-11,0.020000000004074536,0.0,0.0,-0.020000000004074536,0.0
1986-10-05,1.4551915228366852e-11,0.0,0.0,0.0,0.0,0.0
1986-10-06,7.275957614183426e-12,0.0,0.0,0.0,0.0,0.0
1986-10-07,7.275957614183426e-12,0.0,0.0,0.0,0.0,0.0
1986-10-08,7.275957614183426e-12,0.0,0.0,0.0,0.0,0.0
1986-10-09,2.1827872842550278e-11,0.0,0.0,0.0,0.0,0.0
1986-10-10,7.275957614183426e-12,0.0,0.0,0.0,0.0,0.0
1986-10-11,7.275957614183426e-12,0.0,0.0,0.0,0.0,0.0
1986-10-12,0.0,0.0,0.0,0.0,0.0,0.0
1986-10-13,0.0,0.0,0.0,0.0,0.0,0.0
1986-10-14,0.0,0.0,0.0,0.0,0.0,0.0
1986-10-15,0.0,0.010000000002037268,0.0,0.0,-0.010000000002037268,0.0
1986-10-16,0.21708799999032635,-0.010000000002037268,0.0,0.0,0.010000000002037268,0.0
1986-10-17,0.0,0.0,0.0,0.0,0.0,0.0
1986-10-18,0.0,0.0,0.0,0.0,0.0,0.0
1986-10-19,0.0,0.0,0.0,0.0,0.0,0.0
1986-10-20,0.0,0.0,0.0,0.0,0.0,0.0
1986-10-21,0.0,0.0,0.0,0.0,0.0,0.0
1986-10-22,0.0,0.0,0.0,0.0,0.0,0.0
1986-10-23,0.0,-0.010000000002037268,0.0,0.0,0.010000000002037268,0.0
1986-10-24,0.0,0.029999999998835847,0.6000000000058208,0.0,0.5700000000069849,0.0
1986-10-25,0.0,0.0,0.0,0.0,0.0,0.0
1986-10-26,0.0,0.0,0.0,0.0,0.0,0.0
1986-10-27,0.0,0.0,0.0,0.0,0.0,0.0
1986-10-28,0.0,0.010000000002037268,0.0,0.0,-0.010000000002037268,0.0
1986-10-29,0.0,0.0,0.0,0.0,0.0,0.0
1986-10-30,0.0,0.0,0.0,0.0,0.0,0.0
1986-10-31,0.0,0.0,0.0,0.0,0.0,0.0
1986-11-01,0.0,0.0,0.0,0.0,0.0,0.0
1986-11-02,0.0,0.0,0.0,0.0,0.0,0.0
1986-11-03,1.1557131074368954e-07,0.010000000002037268,0.0,0.0,-0.010000000002037268,0.0
1986-11-04,1.266729668714106e-06,-0.00999999999476131,0.0,0.0,0.00999999999476131,0.0
1986-11-05,6.995040166657418e-06,0.0,0.0,0.0,0.0,0.0
1986-11-06,1.4805773389525712e-05,-0.010000000002037268,0.0,0.0,0.010000000002037268,0.0
1986-11-07,2.1148312953300774e-05,0.0,0.0,0.0,0.0,0.0
1986-11-08,2.723713987506926e-05,0.0,0.0,0.0,0.0,0.0
1986-11-09,2.9615031962748617e-05,0.00999999999476131,0.0,0.0,-0.00999999999476131,0.0
1986-11-10,3.189780545653775e-05,0.0,0.0,0.0,0.0,0.0
1986-11-11,3.2933472539298236e-05,0.0,0.0,0.0,0.0,0.0
1986-11-12,3.1616138585377485e-05,0.0,0.0,0.0,0.0,0.0
1986-11-13,3.035148256458342e-05,0.0,0.0,0.0,0.0,0.0
1986-11-14,2.9137416277080774e-05,0.0,0.0,0.0,0.0,0.0
1986-11-15,2.7971909730695188e-05,0.0,0.0,0.0,0.0,0.0
1986-11-16,2.6853042072616518e-05,0.10000000000582077,331.1999999999971,0.010000000000000009,331.09999999999127,0.0
1986-11-17,2.577889245003462e-05,-0.1200000000098953,0.0,0.0,0.1200000000098953,0.0
1986-11-18,2.474775828886777e-05,0.0,-5.999999999985448,0.0,-5.999999999985448,0.0
1986-11-19,2.375782059971243e-05,0.0,-1.2000000000116415,0.0,-1.2000000000116415,0.0
1986-11-20,2.2807565983384848e-05,0.0,450.0,0.009999999999999787,450.0,0.0
1986-11-21,2.1895248210057616e-05,0.09999999997671694,-84.0,0.0,-84.09999999997672,10.0
1986-11-22,2.101942664012313e-05,-0.03999999999359716,-29.999999999985448,0.0,-29.95999999999185,40.0
1986-11-23,2.0178616978228092e-05,-1.3700000000244472,42.0,0.0,43.37000000002445,0.0
1986-11-24,1.9371480448171496e-05,1.25,-6.000000000029104,0.0,-7.250000000029104,0.0
1986-11-25,1.8596634618006647e-05,0.0,0.0,0.0,0.0,0.0
1986-11-26,-0.0009821472922340035,-3.620000000053551,1577.9999999999418,0.03000000000000025,1581.6199999999953,0.0
1986-11-27,1.7138663679361343e-05,-11.43999999994412,378.0,-0.09999999999999964,389.4399999999441,0.0
1986-11-28,1.645312295295298e-05,15.10999999998603,6.000000000029104,0.0,-9.109999999956926,0.0
1986-11-29,1.5794983482919633e-05,0.0,0.0,0.0,0.0,0.0
1986-11-30,1.5163168427534401e-05,0.0,-12.0,0.0,-12.0,10.0
1986-12-01,1.4556688256561756e-05,0.0,0.0,0.0,0.0,0.0
1986-12-02,1.3974378816783428e-05,0.0,0.0,0.0,0.0,0.0
1986-12-03,1.3415439752861857e-05,0.029999999998835847,0.0,0.0,-0.029999999998835847,0.0
1986-12-04,1.2878794223070145e-05,0.029999999998835847,0.0,0.0,-0.029999999998835847,0.0
1986-12-05,1.2363656423985958e-05,0.0,-24.0,0.0,-24.0,40.0
1986-12-06,1.1869065929204226e-05,0.0,-6.0,0.0,-6.0,0.0
1986-12-07,1.1394353350624442e-05,0.0,0.0,0.0,0.0,0.0
1986-12-08,1.0938558261841536e-05,0.0,0.0,0.0,0.0,0.0
1986-12-09,1.0501011274755001e-05,0.0,0.0,0.0,0.0,0.0
1986-12-10,1.0080955689772964e-05,0.0,0.0,0.0,0.0,0.0
1986-12-11,9.677751222625375e-06,0.0,0.0,0.0,0.0,0.0
1986-12-12,9.29064117372036e-06,0.0,-6.0,0.0,-6.0,30.0
1986-12-13,8.91898525878787e-06,0.0,-6.0,0.0,-6.0,0.0
1986-12-14,8.562201401218772e-06,0.059999999997671694,0.0,0.0,-0.059999999997671694,0.0
1986-12-15,8.219736628234386e-06,-0.10999999998603016,-6.0,0.0,-5.89000000001397,0.0
1986-12-16,7.890950655564666e-06,0.01999999998952262,0.0,0.0,-0.01999999998952262,0.0
1986-12-17,7.575290510430932e-06,0.0,-6.0,0.0,-6.0,0.0
1986-12-18,7.2722905315458775e-06,-0.010000000009313226,0.0,0.0,0.010000000009313226,0.0
1986-12-19,6.981426849961281e-06,0.0,0.0,0.0,0.0,0.0
1986-12-20,6.702146492898464e-06,-0.029999999998835847,0.0,0.0,0.029999999998835847,0.0
1986-12-21,6.434042006731033e-06,0.0,-6.0,0.0,-6.0,20.0
1986-12-22,6.176705937832594e-06,-0.029999999998835847,-42.0,0.0,-41.970000000001164,50.0
1986-12-23,5.929672624915838e-06,0.0,-12.0,0.0,-12.0,20.0
1986-12-24,5.6924764066934586e-06,0.25,-12.000000000029104,0.0,-12.250000000029104,0.0
1986-12-25,5.464738933369517e-06,-0.25,-30.000000000029104,0.0,-29.750000000029104,20.0
1986-12-26,5.246198270469904e-06,0.0,0.0,0.0,0.0,0.0
1986-12-27,5.0363014452159405e-06,0.0,0.0,0.0,0.0,0.0
1986-12-28,4.834902938455343e-06,0.0,-6.0,0.0,-6.0,10.0
1986-12-29,4.641420673578978e-06,0.0,-54.0,0.0,-54.0,30.0
1986-12-30,4.45579644292593e-06,0.0,0.0,0.0,0.0,0.0
1986-12-31,4.2775936890393496e-06,0.059999999997671694,-30.0,-0.010000000000000231,-30.05999999999767,-150.0
1987-01-01,4.106463165953755e-06,0.0,-173.9999999999709,-0.010000000000000231,-173.9999999999709,-50.0
1987-01-02,3.942142939195037e-06,0.0,-30.000000000058208,0.0,-30.000000000058208,20.0
1987-01-03,3.7844874896109104e-06,-0.029999999998835847,-114.0,0.0,-113.97000000000116,30.0
1987-01-04,3.6331184674054384e-06,0.01999999998952262,0.0,0.0,-0.01999999998952262,0.0
1987-01-05,3.4878321457654238e-06,-0.029999999998835847,-6.0,0.0,-5.970000000001164,0.0
1987-01-06,3.3483083825558424e-06,0.0,-6.0,0.0,-6.0,0.0
1987-01-07,3.214343450963497e-06,0.0,0.0,0.0,0.0,0.0
1987-01-08,3.085820935666561e-06,0.0,0.0,0.0,0.0,0.0
1987-01-09,2.9624206945300102e-06,0.0,-5.999999999970896,0.0,-5.999999999970896,0.0
1987-01-10,2.843880793079734e-06,0.0,-12.0,0.0,-12.0,0.0
1987-01-11,2.730113919824362e-06,0.0,0.0,0.0,0.0,0.0
1987-01-12,2.6209454517811537e-06,0.0,-29.999999999970896,0.0,-29.999999999970896,30.0
1987-01-13,2.516084350645542e-06,0.0,-30.0,0.0,-30.0,20.0
1987-01-14,2.4154724087566137e-06,-0.04999999998835847,-30.000000000029104,0.0,-29.950000000040745,20.0
1987-01-15,2.318847691640258e-06,0.0,0.0,0.0,0.0,0.0
1987-01-16,2.226064680144191e-06,0.0,0.0,0.0,0.0,0.0
1987-01-17,2.136977855116129e-06,0.0,-6.0,0.0,-6.0,0.0
1987-01-18,2.0514708012342453e-06,0.0,0.0,0.0,0.0,0.0
1987-01-19,1.969427103176713e-06,0.0,-6.0,0.0,-6.0,0.0
1987-01-20,1.8906430341303349e-06,0.0,0.0,0.0,0.0,0.0
1987-01-21,1.8150603864341974e-06,0.0,0.0,0.0,0.0,0.0
1987-01-22,1.7424463294446468e-06,0.0,0.0,0.0,0.0,0.0
1987-01-23,1.672800863161683e-06,0.0,-18.000000000029104,-0.010000000000000009,-18.000000000029104,-70.0
1987-01-24,1.6058911569416523e-06,0.14000000001396984,-150.0000000000291,0.0,-150.14000000004307,20.0
1987-01-25,1.5416007954627275e-06,2.0100000000093132,108.0,0.0,105.98999999999069,0.0
1987-01-26,1.4799879863858223e-06,0.33999999999650754,-101.9999999999709,0.0,-102.3399999999674,50.0
1987-01-27,1.4208198990672827e-06,-0.11000000001513399,-107.9999999999709,0.0,-107.88999999995576,20.0
1987-01-28,1.3639219105243683e-06,-2.2299999999813735,-41.999999999970896,0.0,-39.76999999998952,10.0
1987-01-29,1.309410436078906e-06,0.01999999998952262,-23.999999999970896,0.0,-24.01999999996042,10.0
1987-01-30,1.2570235412567854e-06,-0.5900000000256114,-228.0000000000291,-0.009999999999999787,-227.4100000000035,-20.0
1987-01-31,1.2067612260580063e-06,-47.5,804.0,0.0,851.5,0.0
1987-02-01,1.1584488674998283e-06,40.13000000000466,198.0,0.0,157.86999999999534,0.0
1987-02-02,1.1121155694127083e-06,8.0,-114.0,0.0,-122.0,0.0
1987-02-03,1.0676158126443624e-06,-0.059999999997671694,-41.99999999994179,0.0,-41.93999999994412,50.0
1987-02-04,1.0248913895338774e-06,0.0,-24.0,0.0,-24.0,0.0
1987-02-05,9.839131962507963e-07,0.030000000027939677,-12.000000000029104,0.0,-12.030000000057044,0.0
1987-02-06,9.445648174732924e-07,0.0,-24.0,0.0,-24.0,0.0
1987-02-07,9.06788045540452e-07,0.010000000009313226,-6.0,0.0,-6.010000000009313,0.0
1987-02-08,8.704955689609051e-07,0.0,0.0,0.0,0.0,0.0
1987-02-09,8.356582839041948e-07,0.0,-12.0,0.0,-12.0,0.0
1987-02-10,8.022761903703213e-07,0.0,-6.0,0.0,-6.0,0.0
1987-02-11,7.70174665376544e-07,0.0,0.0,0.0,0.0,0.0
1987-02-12,7.39353708922863e-07,0.0,-6.0,0.0,-6.0,0.0
1987-02-13,7.098133210092783e-07,1.0199999999895226,-144.0000000000291,-0.010000000000000231,-145.02000000001863,-50.0
1987-02-14,6.814661901444197e-07,-0.9700000000011642,-174.0,-0.009999999999999787,-173.02999999999884,-30.0
1987-02-15,6.541667971760035e-07,-0.10999999998603016,-168.0,-0.010000000000000231,-167.89000000001397,-10.0
1987-02-16,6.280315574258566e-07,-1.2699999999895226,-306.0,-0.010000000000000231,-304.7300000000105,0.0
1987-02-17,6.029149517416954e-07,1.040000000008149,-131.9999999999709,-0.010000000000000231,-133.03999999997905,-50.0
1987-02-18,5.787587724626064e-07,0.27999999999883585,-132.0,-0.010000000000000231,-132.27999999999884,-80.0
1987-02-19,5.555630195885897e-07,0.059999999997671694,-17.999999999970896,0.0,-18.059999999968568,10.0
1987-02-20,5.333567969501019e-07,0.0,-5.999999999970896,0.0,-5.999999999970896,0.0
1987-02-21,5.120527930557728e-07,0.0,-42.0,0.0,-42.0,20.0
1987-02-22,4.915636964142323e-07,0.10999999998603016,-144.0000000000291,-0.009999999999999787,-144.11000000001513,-20.0
1987-02-23,4.71918610855937e-07,-0.07000000000698492,-6.0,0.0,-5.929999999993015,0.0
1987-02-24,4.530884325504303e-07,0.0,-6.0,0.0,-6.0,0.0
1987-02-25,4.3492764234542847e-07,0.0,0.0,0.0,0.0,0.0
1987-02-26,4.1755265556275845e-07,0.0,-6.0,0.0,-6.0,0.0
1987-02-27,4.0081795305013657e-07,0.0,-12.0,0.0,-12.0,0.0
1987-02-28,3.847817424684763e-07,0.0,-29.999999999970896,0.0,-29.999999999970896,10.0
1987-03-01,3.6944402381777763e-07,-0.22000000000116415,-143.9999999999709,-0.010000000000000231,-143.77999999996973,-150.0
1987-03-02,3.546592779457569e-07,8.150000000023283,-84.0,0.0,-92.15000000002328,0.0
1987-03-03,3.4045660868287086e-07,-7.159999999974389,-342.0000000001164,-0.009999999999999787,-334.840000000142,0.0
1987-03-04,3.2680691219866276e-07,-0.9700000000011642,-180.0,0.0,-179.02999999999884,0.0
1987-03-05,3.137392923235893e-07,0.029999999998835847,-174.0,-0.009999999999999787,-174.02999999999884,-30.0
1987-03-06,3.011955413967371e-07,-0.01999999998952262,-36.0,0.0,-35.98000000001048,20.0
1987-03-07,2.8914655558764935e-07,-0.04999999998835847,-17.999999999970896,0.0,-17.949999999982538,20.0
1987-03-08,2.7759233489632607e-07,0.5299999999988358,-24.000000000058208,0.0,-24.530000000057044,0.0
1987-03-09,2.6653287932276726e-07,-0.5199999999895226,-90.0,-0.009999999999999787,-89.48000000001048,-60.0
1987-03-10,2.55851773545146e-07,-0.04999999998835847,-102.0,-0.009999999999999787,-101.95000000001164,-50.0
1987-03-11,2.456072252243757e-07,-0.059999999997671694,-126.0,-0.009999999999999787,-125.94000000000233,-10.0
1987-03-12,2.35741026699543e-07,-3.0300000000279397,-683.9999999998836,-0.03000000000000025,-680.9699999998556,-10.0
1987-03-13,2.2631138563156128e-07,0.34000000002561137,-360.0,-0.009999999999999787,-360.3400000000256,0.0
1987-03-14,2.1723099052906036e-07,3.1599999999743886,-150.0000000000582,-0.009999999999999787,-153.1600000000326,-40.0
1987-03-15,2.0852894522249699e-07,0.12999999997555278,-84.0000000000291,0.0,-84.13000000000466,10.0
1987-03-16,2.0026345737278461e-07,-0.10999999998603016,-30.000000000029104,0.0,-29.890000000043074,10.0
1987-03-17,1.9225990399718285e-07,-0.059999999997671694,-426.0000000000582,-0.019999999999999574,-425.94000000006054,10.0
1987-03-18,1.8446007743477821e-07,-1.5,-216.0,-0.020000000000000018,-214.5,0.0
1987-03-19,1.7712591215968132e-07,1.8399999999965075,-144.0,-0.020000000000000018,-145.8399999999965,0.0
1987-03-20,1.7008278518915176e-07,-0.01999999998952262,-36.0,0.0,-35.98000000001048,10.0
1987-03-21,1.6324338503181934e-07,0.07999999998719431,-30.0,0.0,-30.079999999987194,10.0
1987-03-22,1.5669502317905426e-07,-0.09999999997671694,-6.0,0.0,-5.900000000023283,0.0
1987-03-23,1.5046680346131325e-07,0.01999999998952262,-48.0,0.0,-48.01999999998952,10.0
1987-03-24,1.4441320672631264e-07,0.0,-18.000000000029104,0.0,-18.000000000029104,10.0
1987-03-25,1.3865064829587936e-07,0.059999999997671694,-35.999999999970896,0.0,-36.05999999996857,0.0
1987-03-26,1.330627128481865e-07,-0.08000000001629815,-5.999999999970896,0.0,-5.919999999954598,0.0
1987-03-27,1.2776581570506096e-07,0.0,-6.0,0.0,-6.0,0.0
1987-03-28,1.226144377142191e-07,-0.029999999998835847,0.0,0.0,0.029999999998835847,0.0
1987-03-29,1.176958903670311e-07,0.0,0.0,0.0,0.0,0.0
1987-03-30,1.1301017366349697e-07,0.0,0.0,0.0,0.0,0.0
1987-03-31,1.0849907994270325e-07,0.029999999998835847,0.0,0.0,-0.029999999998835847,0.0
1987-04-01,1.0422081686556339e-07,0.0,0.0,0.0,0.0,0.0
1987-04-02,1.0002986527979374e-07,0.029999999998835847,0.0,0.0,-0.029999999998835847,0.0
1987-04-03,9.598443284630775e-08,0.0,0.0,0.0,0.0,0.0
1987-04-04,9.220093488693237e-08,0.029999999998835847,0.0,0.0,-0.029999999998835847,0.0
1987-04-05,8.850474841892719e-08,0.0,0.0,0.0,0.0,0.0
1987-04-06,8.501228876411915e-08,0.0,0.0,0.0,0.0,0.0
1987-04-07,8.16071406006813e-08,0.0,0.0,0.0,0.0,0.0
1987-04-08,7.83184077590704e-08,0.08999999999650754,-12.000000000029104,0.0,-12.090000000025611,10.0
1987-04-09,7.517519406974316e-08,0.0,0.0,0.0,0.0,0.0
1987-04-10,7.217749953269958e-08,0.0,-78.0,0.0,-78.0,10.0
1987-04-11,6.932532414793968e-08,0.0,-72.0,0.0,-72.0,20.0
1987-04-12,6.650225259363651e-08,0.0,-17.999999999970896,0.0,-17.999999999970896,20.0
1987-04-13,6.385380402207375e-08,0.0,0.0,0.0,0.0,0.0
1987-04-14,6.129266694188118e-08,0.0,0.0,0.0,0.0,0.0
1987-04-15,5.8818841353058815e-08,0.0,0.0,0.0,0.0,0.0
1987-04-16,5.651963874697685e-08,0.0,-30.0,0.0,-30.0,40.0
1987-04-17,5.4249539971351624e-08,0.0,-59.999999999970896,0.0,-59.999999999970896,10.0
1987-04-18,5.2066752687096596e-08,0.0,-23.999999999970896,0.0,-23.999999999970896,10.0
1987-04-19,4.997127689421177e-08,0.0,-12.0,0.0,-12.0,0.0
1987-04-20,4.793400876224041e-08,0.0,0.0,0.0,0.0,0.0
1987-04-21,4.604225978255272e-08,0.0,0.0,0.0,0.0,0.0
1987-04-22,4.4208718463778496e-08,0.0,0.0,0.0,0.0,0.0
1987-04-23,4.243338480591774e-08,0.0,0.0,0.0,0.0,0.0
1987-04-24,4.0745362639427185e-08,0.0,0.0,0.0,0.0,0.0
1987-04-25,3.914465196430683e-08,0.0,0.0,0.0,0.0,0.0
1987-04-26,3.7602148950099945e-08,-0.010000000009313226,0.0,0.0,0.010000000009313226,0.0
1987-04-27,3.608874976634979e-08,0.010000000009313226,0.0,0.0,-0.010000000009313226,0.0
1987-04-28,3.4604454413056374e-08,0.0,0.0,0.0,0.0,0.0
1987-04-29,3.3207470551133156e-08,0.0,0.0,0.0,0.0,0.0
1987-04-30,3.189779818058014e-08,0.01999999998952262,0.0,0.0,-0.01999999998952262,0.0
1987-05-01,3.064633347094059e-08,0.0,0.0,0.0,0.0,0.0
1987-05-02,2.939486876130104e-08,0.0,0.0,0.0,0.0,0.0
1987-05-03,2.8259819373488426e-08,0.0,0.0,0.0,0.0,0.0
1987-05-04,2.7095666155219078e-08,0.0,0.0,0.0,0.0,0.0
1987-05-05,2.60770320892334e-08,0.0,0.0,0.0,0.0,0.0
1987-05-06,2.500019036233425e-08,0.0,0.0,0.0,0.0,0.0
1987-05-07,2.4010660126805305e-08,0.0,0.0,0.0,0.0,0.0
1987-05-08,2.3035681806504726e-08,0.0,0.0,0.0,0.0,0.0
1987-05-09,2.213346306234598e-08,0.0,0.0,0.0,0.0,0.0
1987-05-10,2.1245796233415604e-08,0.0,0.0,0.0,0.0,0.0
1987-05-11,2.034357748925686e-08,0.0,0.0,0.0,0.0,0.0
1987-05-12,1.9572325982153416e-08,0.010000000009313226,0.0,0.0,-0.010000000009313226,0.0
1987-05-13,1.8786522559821606e-08,0.0,0.0,0.0,0.0,0.0
1987-05-14,1.802982296794653e-08,0.0,0.0,0.0,0.0,0.0
1987-05-15,1.7316779121756554e-08,0.0,0.0,0.0,0.0,0.0
1987-05-16,1.6618287190794945e-08,-0.029999999998835847,0.0,0.0,0.029999999998835847,0.0
1987-05-17,1.594889909029007e-08,0.0,0.0,0.0,0.0,0.0
1987-05-18,1.5323166735470295e-08,0.0,0.0,0.0,0.0,0.0
1987-05-19,1.4711986295878887e-08,0.0,0.0,0.0,0.0,0.0
1987-05-20,1.4129909686744213e-08,0.0,0.0,0.0,0.0,0.0
1987-05-21,1.3562384992837906e-08,0.0,0.0,0.0,0.0,0.0
1987-05-22,1.3023964129388332e-08,0.0,0.0,0.0,0.0,0.0
1987-05-23,1.2514647096395493e-08,0.0,0.0,0.0,0.0,0.0
1987-05-24,1.2005330063402653e-08,0.0,0.0,0.0,0.0,0.0
1987-05-25,1.1525116860866547e-08,0.00999999999476131,0.0,0.0,-0.00999999999476131,0.0
1987-05-26,1.104490365833044e-08,-0.00999999999476131,0.0,0.0,0.00999999999476131,0.0
1987-05-27,1.0608346201479435e-08,0.020000000004074536,0.0,0.0,-0.020000000004074536,0.0
1987-05-28,1.0200892575085163e-08,0.0,0.0,0.0,0.0,0.0
1987-05-29,9.793438948690891e-09,0.0,0.0,0.0,0.0,0.0
1987-05-30,9.38598532229662e-09,0.0,0.0,0.0,0.0,0.0
1987-05-31,9.022187441587448e-09,-0.00999999999476131,-6.000000000014552,0.0,-5.990000000019791,20.0
1987-06-01,8.629285730421543e-09,0.0,0.0,0.0,0.0,0.0
1987-06-02,8.309143595397472e-09,0.0,0.0,0.0,0.0,0.0
1987-06-03,7.959897629916668e-09,0.0,0.0,0.0,0.0,0.0
1987-06-04,7.683411240577698e-09,0.0,0.0,0.0,0.0,0.0
1987-06-05,7.363269105553627e-09,0.0,0.0,0.0,0.0,0.0
1987-06-06,7.07223080098629e-09,0.0,0.0,0.0,0.0,0.0
1987-06-07,6.766640581190586e-09,0.0,0.0,0.0,0.0,0.0
1987-06-08,6.504706107079983e-09,0.0,0.0,0.0,0.0,0.0
1987-06-09,6.2427716329693794e-09,0.0,0.0,0.0,0.0,0.0
1987-06-10,6.00994098931551e-09,0.0,0.0,0.0,0.0,0.0
1987-06-11,5.762558430433273e-09,0.0,0.0,0.0,0.0,0.0
1987-06-12,5.529727786779404e-09,0.0,0.0,0.0,0.0,0.0
1987-06-13,5.311449058353901e-09,0.0,0.0,0.0,0.0,0.0
1987-06-14,5.093170329928398e-09,0.0,0.0,0.0,0.0,0.0
1987-06-15,4.903995431959629e-09,0.0,0.0,0.0,0.0,0.0
1987-06-16,4.6566128730773926e-09,0.0,0.0,0.0,0.0,0.0
1987-06-17,4.496541805565357e-09,0.0,0.0,0.0,0.0,0.0
1987-06-18,4.307366907596588e-09,0.0,0.0,0.0,0.0,0.0
1987-06-19,4.16184775531292e-09,0.0,0.0,0.0,0.0,0.0
1987-06-20,3.987224772572517e-09,0.0,0.0,0.0,0.0,0.0
1987-06-21,3.827153705060482e-09,0.0,0.0,0.0,0.0,0.0
1987-06-22,3.6816345527768135e-09,0.00999999999476131,0.0,0.0,-0.00999999999476131,0.0
1987-06-23,3.521563485264778e-09,-0.00999999999476131,0.0,0.0,0.00999999999476131,0.0
1987-06-24,3.3760443329811096e-09,0.00999999999476131,0.0,0.0,-0.00999999999476131,0.0
1987-06-25,3.245077095925808e-09,0.0,0.0,0.0,0.0,0.0
1987-06-26,3.128661774098873e-09,-0.010000000009313226,0.0,0.0,0.010000000009313226,0.0
1987-06-27,3.0122464522719383e-09,0.020000000004074536,0.0,0.0,-0.020000000004074536,0.0
1987-06-28,2.8812792152166367e-09,0.0,0.0,0.0,0.0,0.0
1987-06-29,2.7575879357755184e-09,0.0,0.0,0.0,0.0,0.0
1987-06-30,2.6557245291769505e-09,0.0,0.0,0.0,0.0,0.0
1987-07-01,2.510205376893282e-09,0.0,0.0,0.0,0.0,0.0
1987-07-02,2.4301698431372643e-09,0.0,0.0,0.0,0.0,0.0
1987-07-03,2.3355823941528797e-09,0.0,0.0,0.0,0.0,0.0
1987-07-04,2.2482709027826786e-09,0.0,0.0,0.0,0.0,0.0
1987-07-05,2.153683453798294e-09,0.0,0.0,0.0,0.0,0.0
1987-07-06,2.0590960048139095e-09,0.0,0.0,0.0,0.0,0.0
1987-07-07,1.979060471057892e-09,0.0,0.0,0.0,0.0,0.0
1987-07-08,1.899024937301874e-09,0.0,0.0,0.0,0.0,0.0
1987-07-09,1.811713445931673e-09,0.0,0.0,0.0,0.0,0.0
1987-07-10,1.7389538697898388e-09,0.0,0.0,0.0,0.0,0.0
1987-07-11,1.673470251262188e-09,0.0,0.0,0.0,0.0,0.0
1987-07-12,1.6079866327345371e-09,-0.010000000002037268,0.0,0.0,0.010000000002037268,0.0
1987-07-13,1.5352270565927029e-09,0.00999999999476131,0.0,0.0,-0.00999999999476131,0.0
1987-07-14,1.4770193956792355e-09,0.0,0.0,0.0,0.0,0.0
1987-07-15,1.4260876923799515e-09,0.0,0.0,0.0,0.0,0.0
1987-07-16,1.3751559890806675e-09,0.0,0.0,0.0,0.0,0.0
1987-07-17,1.3169483281672e-09,0.0,0.0,0.0,0.0,0.0
1987-07-18,1.2660166248679161e-09,0.0,0.0,0.0,0.0,0.0
1987-07-19,1.2223608791828156e-09,0.0,0.0,0.0,0.0,0.0
1987-07-20,1.1714291758835316e-09,0.0,0.0,0.0,0.0,0.0
1987-07-21,1.1204974725842476e-09,0.0,0.0,0.0,0.0,0.0
1987-07-22,1.0622898116707802e-09,0.0,0.0,0.0,0.0,0.0
1987-07-23,1.0186340659856796e-09,0.0,0.0,0.0,0.0,0.0
1987-07-24,9.822542779147625e-10,0.0,0.0,0.0,0.0,0.0
1987-07-25,9.531504474580288e-10,0.0,0.0,0.0,0.0,0.0
1987-07-26,9.094947017729282e-10,0.0,0.0,0.0,0.0,0.0
1987-07-27,8.731149137020111e-10,0.0,0.0,0.0,0.0,0.0
1987-07-28,8.294591680169106e-10,-0.010000000002037268,0.0,0.0,0.010000000002037268,0.0
1987-07-29,8.003553375601768e-10,0.0,0.0,0.0,0.0,0.0
1987-07-30,7.639755494892597e-10,0.0,0.0,0.0,0.0,0.0
1987-07-31,7.421476766467094e-10,0.010000000002037268,0.0,0.0,-0.010000000002037268,0.0
1987-08-01,7.130438461899757e-10,-0.010000000002037268,0.0,0.0,0.010000000002037268,0.0
1987-08-02,6.766640581190586e-10,0.0,0.0,0.0,0.0,0.0
1987-08-03,6.621121428906918e-10,0.029999999998835847,0.0,0.0,-0.029999999998835847,0.0
1987-08-04,6.330083124339581e-10,0.00999999999839929,0.0,0.0,-0.00999999999839929,0.0
1987-08-05,6.039044819772243e-10,0.0,0.0,0.0,0.0,0.0
1987-08-06,5.711626727133989e-10,0.0,0.0,0.0,0.0,0.0
1987-08-07,5.493347998708487e-10,0.0,0.0,0.0,0.0,0.0
1987-08-08,5.275069270282984e-10,0.0,0.0,0.0,0.0,0.0
1987-08-09,5.056790541857481e-10,0.0,0.0,0.0,0.0,0.0
1987-08-10,4.874891601502895e-10,0.0,0.0,0.0,0.0,0.0
1987-08-11,4.69299266114831e-10,0.0,0.0,0.0,0.0,0.0
1987-08-12,4.511093720793724e-10,0.0,0.0,0.0,0.0,0.0
1987-08-13,4.3291947804391384e-10,-0.010000000002037268,0.5999999999985448,0.0,0.6100000000005821,0.0
1987-08-14,4.1109160520136356e-10,0.0,0.0,0.0,0.0,0.0
1987-08-15,4.001776687800884e-10,0.0,0.0,0.0,0.0,0.0
1987-08-16,3.7834979593753815e-10,0.0,0.0,0.0,0.0,0.0
1987-08-17,3.67435859516263e-10,0.0,0.0,0.0,0.0,0.0
1987-08-18,3.4924596548080444e-10,0.0,0.0,0.0,0.0,0.0
1987-08-19,3.383320290595293e-10,0.0,0.0,0.0,0.0,0.0
1987-08-20,3.2378011383116245e-10,0.0,0.0,0.0,0.0,0.0
1987-08-21,3.092281986027956e-10,0.0,0.0,0.0,0.0,0.0
1987-08-22,2.9831426218152046e-10,0.0,0.0,0.0,0.0,0.0
1987-08-23,2.874003257602453e-10,0.0,0.0,0.0,0.0,0.0
1987-08-24,2.764863893389702e-10,0.0,0.0,0.0,0.0,0.0
1987-08-25,2.6557245291769505e-10,0.0,0.0,0.0,0.0,0.0
1987-08-26,2.546585164964199e-10,0.0,0.0,0.0,0.0,0.0
1987-08-27,2.4374458007514477e-10,0.0,0.0,0.0,0.0,0.0
1987-08-28,2.3646862246096134e-10,0.0,-0.5999999999985448,0.0,-0.5999999999985448,0.0
1987-08-29,2.255546860396862e-10,0.0,0.0,0.0,0.0,0.0
1987-08-30,2.1827872842550278e-10,0.0,0.0,0.0,0.0,0.0
1987-08-31,2.1464074961841106e-10,0.0,0.0,0.0,0.0,0.0
1987-09-01,2.0372681319713593e-10,0.0,0.0,0.0,0.0,0.0
1987-09-02,1.964508555829525e-10,0.0,0.0,0.0,0.0,0.0
1987-09-03,1.8553691916167736e-10,0.0,0.0,0.0,0.0,0.0
1987-09-04,1.7826096154749393e-10,0.0,0.0,0.0,0.0,0.0
1987-09-05,1.709850039333105e-10,0.0,0.0,0.0,0.0,0.0
1987-09-06,1.673470251262188e-10,0.0,0.6000000000003638,0.0,0.6000000000003638,0.0
1987-09-07,1.6007106751203537e-10,0.0,0.0,0.0,0.0,0.0
1987-09-08,1.5643308870494366e-10,0.0,0.0,0.0,0.0,0.0
1987-09-09,1.5279510989785194e-10,0.0,0.0,0.0,0.0,0.0
1987-09-10,1.4551915228366852e-10,0.0,0.0,0.0,0.0,0.0
1987-09-11,1.4006218407303095e-10,0.0,0.0,0.0,0.0,0.0
1987-09-12,1.3460521586239338e-10,-0.010000000000218279,0.0,0.0,0.010000000000218279,0.0
1987-09-13,1.3096723705530167e-10,0.0,0.0,0.0,0.0,0.0
1987-09-14,1.2732925824820995e-10,0.0,0.0,0.0,0.0,0.0
1987-09-15,1.1823431123048067e-10,0.0,0.0,0.0,0.0,0.0
1987-09-16,1.1459633242338896e-10,0.0,0.0,0.0,0.0,0.0
1987-09-17,1.0913936421275139e-10,0.0,0.0,0.0,0.0,0.0
1987-09-18,1.0550138540565968e-10,0.0,0.0,0.0,0.0,0.0
1987-09-19,1.0186340659856796e-10,0.0,0.0,0.0,0.0,0.0
1987-09-20,9.640643838793039e-11,-0.010000000000218279,0.0,0.0,0.010000000000218279,0.0
1987-09-21,9.458744898438454e-11,0.0,0.0,0.0,0.0,0.0
1987-09-22,8.913048077374697e-11,0.0,0.0,0.0,0.0,0.0
1987-09-23,8.549250196665525e-11,0.0,0.0,0.0,0.0,0.0
1987-09-24,8.185452315956354e-11,0.0,0.0,0.0,0.0,0.0
1987-09-25,7.821654435247183e-11,0.0,0.0,0.0,0.0,0.0
1987-09-26,7.639755494892597e-11,0.0,0.0,0.0,0.0,0.0
1987-09-27,7.457856554538012e-11,0.0,0.0,0.0,0.0,0.0
1987-09-28,7.09405867382884e-11,0.0,0.0,0.0,0.0,0.0
1987-09-29,6.730260793119669e-11,0.0,0.0,0.0,0.0,0.0
1987-09-30,6.548361852765083e-11,0.0,0.0,0.0,0.0,0.0
1987-10-01,6.366462912410498e-11,0.0,0.0,0.0,0.0,0.0
1987-10-02,6.002665031701326e-11,0.0,0.0,0.0,0.0,0.0
1987-10-03,5.820766091346741e-11,0.0,0.0,0.0,0.0,0.0
1987-10-04,5.4569682106375694e-11,0.0,0.0,0.0,0.0,0.0
1987-10-05,5.275069270282984e-11,0.0,0.0,0.0,0.0,0.0
1987-10-06,5.093170329928398e-11,0.0,-0.05999999999949068,0.0,-0.05999999999949068,0.0
1987-10-07,4.8203219193965197e-11,0.0,-0.06000000000040018,0.0,-0.06000000000040018,0.0
1987-10-08,4.638422979041934e-11,0.0,-0.06000000000040018,0.0,-0.06000000000040018,10.0
1987-10-09,4.3655745685100555e-11,0.0,0.0,0.0,0.0,0.0
1987-10-10,4.001776687800884e-11,0.0,0.0,0.0,0.0,0.0
1987-10-11,4.001776687800884e-11,0.0,0.0,0.0,0.0,0.0
1987-10-12,3.8198777474462986e-11,0.0,0.0,0.0,0.0,0.0
1987-10-13,3.728928277269006e-11,0.0,0.06000000000040018,0.0,0.06000000000040018,0.0
1987-10-14,3.637978807091713e-11,-0.010000000000218279,0.0,0.0,0.010000000000218279,0.0
1987-10-15,3.456079866737127e-11,0.0,0.0,0.0,0.0,0.0
1987-10-16,3.2741809263825417e-11,0.0,0.0,0.0,0.0,0.0
1987-10-17,3.183231456205249e-11,0.0,0.0,0.0,0.0,0.0
1987-10-18,2.9103830456733704e-11,0.0,0.0,0.0,0.0,0.0
1987-10-19,2.8194335754960775e-11,0.0,0.0,0.0,0.0,0.0
1987-10-20,2.637534635141492e-11,0.0,0.0,0.0,0.0,0.0
1987-10-21,2.546585164964199e-11,0.0,-0.06000000000130967,0.0,-0.06000000000130967,0.0
1987-10-22,2.546585164964199e-11,0.0,0.0,0.0,0.0,0.0
1987-10-23,2.546585164964199e-11,0.0,0.0,0.0,0.0,0.0
1987-10-24,2.3646862246096134e-11,0.0,0.0,0.0,0.0,0.0
1987-10-25,2.1827872842550278e-11,0.009999999999308784,0.0,0.0,-0.009999999999308784,0.0
1987-10-26,2.091837814077735e-11,0.0,0.0,0.0,0.0,0.0
1987-10-27,2.091837814077735e-11,0.0,0.0,0.0,0.0,0.0
1987-10-28,1.8189894035458565e-11,0.0,0.0,0.0,0.0,0.0
1987-10-29,1.9099388737231493e-11,-0.010000000000218279,0.0,0.0,0.010000000000218279,0.0
1987-10-30,1.9099388737231493e-11,0.0,0.0,0.0,0.0,0.0
1987-10-31,1.8189894035458565e-11,0.0,0.0,0.0,0.0,0.0
1987-11-01,1.6370904631912708e-11,0.0,0.0,0.0,0.0,0.0
1987-11-02,1.6370904631912708e-11,0.0,0.0,0.0,0.0,0.0
1987-11-03,1.6370904631912708e-11,0.0,0.0,0.0,0.0,0.0
1987-11-04,1.546140993013978e-11,0.0,0.0,0.0,0.0,0.0
1987-11-05,1.5006662579253316e-11,0.009999999999763531,0.0,0.0,-0.009999999999763531,0.0
1987-11-06,1.5006662579253316e-11,0.0,0.0,0.0,0.0,0.0
1987-11-07,1.4097167877480388e-11,0.0,0.0,0.0,0.0,0.0
1987-11-08,1.4097167877480388e-11,0.0,0.0,0.0,0.0,0.0
1987-11-09,1.3642420526593924e-11,0.0,0.0,0.0,0.0,0.0
1987-11-10,1.2278178473934531e-11,0.0,0.0,0.0,0.0,0.0
1987-11-11,1.1823431123048067e-11,0.0,0.0,0.0,0.0,0.0
1987-11-12,1.1823431123048067e-11,0.0,0.0,0.0,0.0,0.0
1987-11-13,5.820766091346741e-11,-62.09000000002561,1491.0,0.019999999999999574,1553.0900000000256,-20.0
1987-11-14,1.0913936421275139e-11,62.080000000001746,53.39999999999418,0.0030000000000000027,-8.680000000007567,0.0
1987-11-15,1.0459189070388675e-11,0.010000000000218279,-6.180000000000291,0.0,-6.190000000000509,0.0
1987-11-16,1.000444171950221e-11,0.0,0.0,0.0,0.0,0.0
1987-11-17,9.549694368615746e-12,0.0,0.0,0.0,0.0,0.0
1987-11-18,3.4062168197124265e-07,0.0,0.0,0.0,0.0,0.0
1987-11-19,3.2699608709663153e-07,0.0,0.0,0.0,0.0,0.0
1987-11-20,3.1391664379043505e-07,0.0,0.0,0.0,0.0,0.0
1987-11-21,3.013574314536527e-07,0.0,0.0,0.0,0.0,0.0
1987-11-22,2.8930480766575783e-07,0.010000000000218279,0.0,0.0,-0.010000000000218279,0.0
1987-11-23,2.7773421606980264e-07,0.0,-0.5999999999985448,0.0,-0.5999999999985448,10.0
1987-11-24,2.6662382879294455e-07,-0.010000000002037268,0.0,0.0,0.010000000002037268,0.0
1987-11-25,2.5595727493055165e-07,0.0,0.0,0.0,0.0,0.0
1987-11-26,2.4572364054620266e-07,0.0,0.0,0.0,0.0,0.0
1987-11-27,2.3589382180944085e-07,0.0,0.0,0.0,0.0,0.0
1987-11-28,2.2644962882623076e-07,0.0,0.0,0.0,0.0,0.0
1987-11-29,2.1739833755418658e-07,0.0,0.0,0.0,0.0,0.0
1987-11-30,2.087035682052374e-07,0.0,0.0,0.0,0.0,0.0
1987-12-01,2.0035076886415482e-07,-71.62000000005355,2309.4000000000233,0.040000000000000036,2381.020000000077,0.0
1987-12-02,1.9231811165809631e-07,-557.6300000000047,1848.0,0.0,2405.6300000000047,20.0
1987-12-03,1.8463470041751862e-07,593.8699999999953,2832.0,0.0,2238.1300000000047,0.0
1987-12-04,1.772641553543508e-07,35.19999999999709,52.19999999999709,0.009999999999999787,17.0,0.0
1987-12-05,1.7017009668052197e-07,0.0,-1.8000000000029104,0.0,-1.8000000000029104,0.0
1987-12-06,1.6336707631126046e-07,0.0,0.0,0.0,0.0,0.0
1987-12-07,1.5681871445849538e-07,0.0,0.0,0.0,0.0,0.0
1987-12-08,1.5055411495268345e-07,0.0,0.0,0.0,0.0,0.0
1987-12-09,1.4458782970905304e-07,-92.12000000011176,3924.0,-0.1999999999999993,4016.1200000001118,60.0
1987-12-10,1.387670636177063e-07,78.32000000000698,126.0000000000291,0.019999999999999574,47.68000000002212,0.0
1987-12-11,1.331936800852418e-07,13.44999999999709,24.0,0.009999999999999787,10.55000000000291,0.0
1987-12-12,1.278822310268879e-07,0.0,0.0,0.0,0.0,0.0
1987-12-13,1.2275995686650276e-07,0.0,0.0,0.0,0.0,0.0
1987-12-14,1.1785596143454313e-07,0.0,0.0,0.0,0.0,0.0
1987-12-15,1.1315569281578064e-07,-0.01999999998952262,0.0,0.0,0.01999999998952262,0.0
1987-12-16,1.0861549526453018e-07,0.00999999999476131,0.0,0.0,-0.00999999999476131,0.0
1987-12-17,1.0426447261124849e-07,-0.029999999998835847,0.0,0.0,0.029999999998835847,0.0
1987-12-18,1.0008807294070721e-07,0.0,0.0,0.0,0.0,0.0
1987-12-19,9.608629625290632e-08,0.0,0.0,0.0,0.0,0.0
1987-12-20,9.221548680216074e-08,0.0,0.0,0.0,0.0,0.0
1987-12-21,8.856295607984066e-08,0.0,0.0,0.0,0.0,0.0
1987-12-22,8.498318493366241e-08,0.0,0.0,0.0,0.0,0.0
1987-12-23,8.162169251590967e-08,0.0,0.0,0.0,0.0,0.0
1987-12-24,7.830385584384203e-08,0.0,0.0,0.0,0.0,0.0
1987-12-25,7.518974598497152e-08,0.0,0.0,0.0,0.0,0.0
1987-12-26,7.219205144792795e-08,0.00999999999476131,0.0,0.0,-0.00999999999476131,0.0
1987-12-27,6.929622031748295e-08,0.0,0.0,0.0,0.0,0.0
1987-12-28,6.653135642409325e-08,0.0,0.0,0.0,0.0,0.0
1987-12-29,6.386835593730211e-08,0.0,0.0,0.0,0.0,0.0
1987-12-30,6.133632268756628e-08,0.0,0.0,0.0,0.0,0.0
1987-12-31,5.887704901397228e-08,0.0,-5.999999999985448,0.0,-5.999999999985448,0.0
1988-01-01,5.651963874697685e-08,0.0,0.0,0.0,0.0,0.0
1988-01-02,5.426409188657999e-08,0.0,0.0,0.0,0.0,0.0
1988-01-03,5.208130460232496e-08,0.0,0.0,0.0,0.0,0.0
1988-01-04,5.00003807246685e-08,0.0,0.0,0.0,0.0,0.0
1988-01-05,4.799221642315388e-08,0.00999999999476131,0.0,0.0,-0.00999999999476131,0.0
1988-01-06,4.608591552823782e-08,-0.010000000009313226,0.0,0.0,0.010000000009313226,0.0
1988-01-07,4.422327037900686e-08,0.0,0.0,0.0,0.0,0.0
1988-01-08,4.2462488636374474e-08,0.0,-29.999999999985448,0.0,-29.999999999985448,30.0
1988-01-09,4.077446646988392e-08,0.0,0.0,0.0,0.0,0.0
1988-01-10,3.9130100049078465e-08,-0.04000000000814907,0.0,0.0,0.04000000000814907,0.0
1988-01-11,3.758759703487158e-08,0.0,-6.0,0.0,-6.0,0.0
1988-01-12,3.6074197851121426e-08,0.0,-5.999999999985448,0.0,-5.999999999985448,0.0
1988-01-13,3.4648110158741474e-08,0.07000000000698492,-6.0,0.0,-6.070000000006985,0.0
1988-01-14,3.317836672067642e-08,-86.81000000005588,2226.0,0.03000000000000025,2312.810000000056,40.0
1988-01-15,3.192690201103687e-08,86.73999999999069,89.9999999999709,0.02999999999999936,3.2599999999802094,0.0
1988-01-16,3.064633347094059e-08,0.0,0.0,0.0,0.0,0.0
1988-01-17,2.9409420676529408e-08,0.0,-6.0,0.0,-6.0,0.0
1988-01-18,2.8274371288716793e-08,0.0,0.0,0.0,0.0,0.0
1988-01-19,2.7095666155219078e-08,0.0,-5.999999999985448,0.0,-5.999999999985448,10.0
1988-01-20,2.6047928258776665e-08,0.0500000000174623,0.0,0.0,-0.0500000000174623,0.0
1988-01-21,2.500019036233425e-08,0.010000000009313226,0.0,0.0,-0.010000000009313226,0.0
1988-01-22,2.3981556296348572e-08,0.0,0.0,0.0,0.0,0.0
1988-01-23,2.302112989127636e-08,0.0,0.0,0.0,0.0,0.0
1988-01-24,2.2118911147117615e-08,0.0,0.0,0.0,0.0,0.0
1988-01-25,2.1187588572502136e-08,0.0,0.0,0.0,0.0,0.0
1988-01-26,2.034357748925686e-08,0.0,0.0,0.0,0.0,0.0
1988-01-27,1.955777406692505e-08,0.3799999999755528,0.0,0.0,-0.3799999999755528,0.0
1988-01-28,1.8742866814136505e-08,0.75,-6.0,0.0,-6.75,10.0
1988-01-29,1.798616722226143e-08,-1.0499999999883585,0.0,0.0,1.0499999999883585,0.0
1988-01-30,1.728767529129982e-08,-0.029999999998835847,-6.0,0.0,-5.970000000001164,0.0
1988-01-31,1.6560079529881477e-08,0.0,0.0,0.0,0.0,0.0
1988-02-01,1.5890691429376602e-08,0.029999999998835847,0.0,0.0,-0.029999999998835847,0.0
1988-02-02,1.5308614820241928e-08,0.0,0.0,0.0,0.0,0.0
1988-02-03,1.4668330550193787e-08,0.0,0.0,0.0,0.0,0.0
1988-02-04,1.4086253941059113e-08,0.029999999998835847,-6.000000000029104,0.0,-6.03000000002794,0.0
1988-02-05,1.3533281162381172e-08,0.0,0.0,0.0,0.0,0.0
1988-02-06,1.2980308383703232e-08,0.0,0.0,0.0,0.0,0.0
1988-02-07,1.2485543265938759e-08,0.4699999999720603,-6.0,0.0,-6.46999999997206,10.0
1988-02-08,1.1932570487260818e-08,-72.44000000000233,1260.0,0.009999999999999787,1332.4400000000023,-50.0
1988-02-09,1.1408701539039612e-08,42.81999999994878,1086.0,0.010000000000001563,1043.1800000000512,-10.0
1988-02-10,1.1030351743102074e-08,33.94000000000233,-6.0,0.010000000000000675,-39.94000000000233,0.0
1988-02-11,1.0622898116707802e-08,-6.14000000001397,-18.0,0.0,-11.85999999998603,0.0
1988-02-12,1.0186340659856796e-08,-0.22999999998137355,-6.0,0.0,-5.7700000000186265,0.0
1988-02-13,9.778887033462524e-09,0.6799999999930151,-53.999999999970896,-0.010000000000000009,-54.67999999996391,-90.0
1988-02-14,9.371433407068253e-09,0.5799999999871943,-35.999999999970896,0.0,-36.57999999995809,30.0
1988-02-15,9.051291272044182e-09,-95.85999999998603,-216.0000000000291,-0.010000000000000231,-120.14000000004307,-20.0
1988-02-16,8.672941476106644e-09,95.18000000002212,42.0,0.0,-53.18000000002212,50.0
1988-02-17,8.294591680169106e-09,-17.419999999983702,-102.0000000000291,-0.010000000000000231,-84.5800000000454,-40.0
1988-02-18,7.945345714688301e-09,18.110000000015134,30.0,0.0,11.889999999984866,10.0
1988-02-19,7.683411240577698e-09,0.0,-6.0,0.0,-6.0,0.0
1988-02-20,7.392372936010361e-09,3.389999999984866,-36.0,0.0,-39.389999999984866,10.0
1988-02-21,7.101334631443024e-09,-3.0,-60.000000000029104,0.0,-57.000000000029104,0.0
1988-02-22,6.752088665962219e-09,-0.3699999999953434,-6.0,0.0,-5.630000000004657,0.0
1988-02-23,6.51925802230835e-09,0.04999999998835847,-6.0,0.0,-6.0499999999883585,0.0
1988-02-24,6.257323548197746e-09,0.0,-18.0,0.0,-18.0,10.0
1988-02-25,6.024492904543877e-09,0.15000000002328306,-6.0,0.0,-6.150000000023283,10.0
1988-02-26,5.791662260890007e-09,2.85999999998603,-6.0,0.0,-8.85999999998603,0.0
1988-02-27,5.529727786779404e-09,0.5,-30.000000000058208,0.0,-30.500000000058208,30.0
1988-02-28,5.3551048040390015e-09,-2.6900000000023283,-12.000000000029104,0.0,-9.310000000026776,20.0
1988-02-29,5.122274160385132e-09,3.25,-29.999999999970896,0.0,-33.249999999970896,0.0
1988-03-01,4.918547347187996e-09,-2.3500000000058208,-54.000000000029104,0.0,-51.65000000002328,10.0
1988-03-02,4.6566128730773926e-09,-1.8400000000256114,-48.0,-0.009999999999999787,-46.15999999997439,-270.0
1988-03-03,4.48198989033699e-09,0.12000000002444722,-12.000000000029104,0.0,-12.120000000053551,0.0
1988-03-04,4.3655745685100555e-09,1.0600000000267755,-72.00000000005821,0.0,-73.06000000008498,20.0
1988-03-05,4.16184775531292e-09,-1.1499999999941792,-48.0,0.0,-46.85000000000582,20.0
1988-03-06,3.987224772572517e-09,0.0,-54.00000000005821,0.0,-54.00000000005821,10.0
1988-03-07,3.841705620288849e-09,-0.029999999998835847,-30.0,0.0,-29.970000000001164,10.0
1988-03-08,3.6670826375484467e-09,3.970000000001164,-119.9999999999709,-0.009999999999999787,-123.96999999997206,0.0
1988-03-09,3.4924596548080444e-09,-4.0,-191.9999999999709,-0.010000000000000231,-187.9999999999709,-50.0
1988-03-10,3.346940502524376e-09,0.0,-24.0,0.0,-24.0,0.0
1988-03-11,3.259629011154175e-09,0.0,-18.000000000029104,-0.009999999999999787,-18.000000000029104,-20.0
1988-03-12,3.1723175197839737e-09,0.0,-30.000000000058208,0.0,-30.000000000058208,0.0
1988-03-13,2.9685907065868378e-09,0.0,-5.999999999970896,0.0,-5.999999999970896,0.0
1988-03-14,2.8230715543031693e-09,0.0,-6.0,0.0,-6.0,0.0
1988-03-15,2.7939677238464355e-09,0.0,0.0,0.0,0.0,0.0
1988-03-16,2.6775524020195007e-09,0.0,0.0,0.0,0.0,0.0
1988-03-17,2.5029294192790985e-09,0.0,-6.000000000029104,0.0,-6.000000000029104,0.0
1988-03-18,2.444721758365631e-09,0.04000000000814907,0.0,0.0,-0.04000000000814907,0.0
1988-03-19,2.3865140974521637e-09,0.47000000000116415,-5.999999999970896,0.0,-6.46999999997206,0.0
1988-03-20,2.270098775625229e-09,-0.0500000000174623,0.0,0.0,0.0500000000174623,0.0
1988-03-21,2.1827872842550278e-09,-0.29999999998835847,-12.0,0.0,-11.700000000011642,10.0
1988-03-22,2.066371962428093e-09,0.0,-18.000000000029104,0.0,-18.000000000029104,10.0
1988-03-23,1.979060471057892e-09,-0.15999999997438863,-48.0,0.0,-47.84000000002561,0.0
1988-03-24,1.9208528101444244e-09,-2.0599999999976717,36.00000000005821,-0.009999999999999787,38.06000000005588,10.0
1988-03-25,1.8044374883174896e-09,-7.75,101.99999999994179,0.0,109.74999999994179,0.0
1988-03-26,1.8044374883174896e-09,-62.03000000002794,-294.0,-0.019999999999999574,-231.96999999997206,0.0
1988-03-27,1.6880221664905548e-09,72.02999999999884,-12.0,-0.009999999999999787,-84.02999999999884,-50.0
1988-03-28,1.5425030142068863e-09,0.139999999984866,-113.99999999994179,0.0,-114.13999999992666,30.0
1988-03-29,1.5133991837501526e-09,-2.7399999999906868,-642.0000000000582,-0.040000000000000036,-639.2600000000675,-10.0
1988-03-30,1.4842953532934189e-09,2.9200000000128057,-54.0,0.0,-56.920000000012806,10.0
1988-03-31,1.3969838619232178e-09,0.0,-60.000000000029104,0.0,-60.000000000029104,10.0
1988-04-01,1.367880031466484e-09,0.0,-180.0,0.0,-180.0,0.0
1988-04-02,1.280568540096283e-09,0.25,-564.0000000000582,-0.03000000000000025,-564.2500000000582,0.0
1988-04-03,1.2514647096395493e-09,-0.5300000000279397,-282.0,-0.010000000000000231,-281.46999999997206,0.0
1988-04-04,1.1932570487260818e-09,0.20999999999185093,-162.0,0.0,-162.20999999999185,20.0
1988-04-05,1.1350493878126144e-09,-0.12999999997555278,-300.0,-0.009999999999999787,-299.87000000002445,0.0
1988-04-06,1.1059455573558807e-09,-0.46000000002095476,-282.0,-0.010000000000000231,-281.53999999997905,0.0
1988-04-07,1.0186340659856796e-09,0.6400000000139698,-36.000000000029104,0.0,-36.640000000043074,0.0
1988-04-08,1.0186340659856796e-09,0.0,-36.0,0.0,-36.0,0.0
1988-04-09,9.604264050722122e-10,0.0,-11.999999999970896,0.0,-11.999999999970896,0.0
1988-04-10,9.313225746154785e-10,0.0,-6.0,0.0,-6.0,0.0
1988-04-11,9.022187441587448e-10,0.0,-6.000000000029104,0.0,-6.000000000029104,0.0
1988-04-12,7.8580342233181e-10,0.0,0.0,0.0,0.0,0.0
1988-04-13,7.8580342233181e-10,0.0,-6.0,0.0,-6.0,0.0
1988-04-14,7.275957614183426e-10,0.0,0.0,0.0,0.0,0.0
1988-04-15,7.275957614183426e-10,-0.029999999998835847,0.0,0.0,0.029999999998835847,0.0
1988-04-16,6.984919309616089e-10,0.029999999998835847,0.0,0.0,-0.029999999998835847,0.0
1988-04-17,6.984919309616089e-10,0.0,0.0,0.0,0.0,0.0
1988-04-18,5.820766091346741e-10,0.0,0.0,0.0,0.0,0.0
1988-04-19,5.820766091346741e-10,0.0,0.0,0.0,0.0,0.0
1988-04-20,5.529727786779404e-10,0.0,-24.0,0.0,-24.0,0.0
1988-04-21,5.820766091346741e-10,0.0,-330.0,-0.009999999999999787,-330.0,0.0
1988-04-22,5.529727786779404e-10,0.0,-24.000000000058208,0.0,-24.000000000058208,10.0
1988-04-23,5.529727786779404e-10,0.07000000000698492,-60.0,0.0,-60.070000000006985,20.0
1988-04-24,4.94765117764473e-10,-0.04999999998835847,-17.999999999970896,0.0,-17.949999999982538,20.0
1988-04-25,5.238689482212067e-10,0.0,0.0,0.0,0.0,0.0
1988-04-26,4.656612873077393e-10,0.0,0.0,0.0,0.0,0.0
1988-04-27,4.3655745685100555e-10,0.029999999998835847,0.0,0.0,-0.029999999998835847,0.0
1988-04-28,4.3655745685100555e-10,0.07999999998719431,-173.9999999999709,0.0,-174.0799999999581,30.0
1988-04-29,4.0745362639427185e-10,0.0,-263.9999999999709,-0.009999999999999787,-263.9999999999709,0.0
1988-04-30,4.0745362639427185e-10,0.0,-126.0,-0.010000000000000231,-126.0,-10.0
1988-05-01,3.4924596548080444e-10,0.01999999998952262,-192.0,-0.010000000000000231,-192.01999999998952,-10.0
1988-05-02,0.010000000387663022,-1.6199999999953434,-342.0000000000291,-0.010000000000000231,-340.38000000003376,0.0
1988-05-03,4.0745362639427185e-10,1.5599999999976717,-96.0000000000291,-0.010000000000000231,-97.56000000002678,-20.0
1988-05-04,3.2014213502407074e-10,0.0,-54.000000000029104,0.0,-54.000000000029104,50.0
1988-05-05,3.2014213502407074e-10,0.0,-24.0,0.0,-24.0,10.0
1988-05-06,2.9103830456733704e-10,-0.059999999997671694,-24.000000000029104,0.0,-23.940000000031432,30.0
1988-05-07,2.9103830456733704e-10,-0.060000000026775524,-6.0,0.0,-5.9399999999732245,0.0
1988-05-08,2.6193447411060333e-10,0.0,0.0,0.0,0.0,0.0
1988-05-09,3.4924596548080444e-10,0.0,0.0,0.0,0.0,0.0
1988-05-10,2.6193447411060333e-10,0.0,-6.000000000029104,0.0,-6.000000000029104,0.0
1988-05-11,2.3283064365386963e-10,0.0,0.0,0.0,0.0,0.0
1988-05-12,2.3283064365386963e-10,0.0,0.0,0.0,0.0,0.0
1988-05-13,2.6193447411060333e-10,0.0,-54.0,0.0,-54.0,10.0
1988-05-14,2.3283064365386963e-10,0.0,0.0,0.0,0.0,0.0
1988-05-15,2.6193447411060333e-10,0.0,0.0,0.0,0.0,0.0
1988-05-16,2.0372681319713593e-10,0.0,-30.0,0.0,-30.0,10.0
1988-05-17,2.3283064365386963e-10,0.0,-35.999999999970896,-0.009999999999999787,-35.999999999970896,-50.0
1988-05-18,1.7462298274040222e-10,0.0,-6.0,0.0,-6.0,10.0
1988-05-19,1.4551915228366852e-10,0.0,0.0,0.0,0.0,0.0
1988-05-20,1.1641532182693481e-10,0.0,0.0,0.0,0.0,0.0
1988-05-21,1.7462298274040222e-10,-0.01999999998952262,0.0,0.0,0.01999999998952262,0.0
1988-05-22,1.4551915228366852e-10,0.0500000000174623,0.0,0.0,-0.0500000000174623,0.0
1988-05-23,1.7462298274040222e-10,0.010000000009313226,0.0,0.0,-0.010000000009313226,0.0
1988-05-24,1.1641532182693481e-10,0.0,0.0,0.0,0.0,0.0
1988-05-25,1.1641532182693481e-10,0.0,0.0,0.0,0.0,0.0
1988-05-26,1.1641532182693481e-10,0.029999999998835847,0.0,0.0,-0.029999999998835847,0.0
1988-05-27,8.731149137020111e-11,0.0,-6.0,0.0,-6.0,0.0
1988-05-28,8.731149137020111e-11,0.0,-42.0,-0.010000000000000009,-42.0,-30.0
1988-05-29,8.731149137020111e-11,0.0,-48.000000000029104,0.0,-48.000000000029104,0.0
1988-05-30,1.1641532182693481e-10,0.030000000027939677,-11.999999999970896,0.0,-12.029999999998836,10.0
1988-05-31,8.731149137020111e-11,0.029999999998835847,-348.0000000000291,-0.020000000000000018,-348.03000000002794,-10.0
1988-06-01,8.731149137020111e-11,0.0,-228.0,-0.009999999999999787,-228.0,-10.0
1988-06-02,5.820766091346741e-11,0.0,-258.0,-0.010000000000000231,-258.0,0.0
1988-06-03,8.731149137020111e-11,0.04999999998835847,-156.0,-0.010000000000000231,-156.04999999998836,-10.0
1988-06-04,5.820766091346741e-11,0.0,-96.0000000000291,-0.009999999999999787,-96.0000000000291,-20.0
1988-06-05,8.731149137020111e-11,-0.030000000027939677,-42.0,0.0,-41.96999999997206,0.0
1988-06-06,5.820766091346741e-11,0.0,-23.999999999970896,0.0,-23.999999999970896,0.0
1988-06-07,5.820766091346741e-11,0.0,-29.999999999970896,-0.010000000000000009,-29.999999999970896,-60.0
1988-06-08,5.820766091346741e-11,0.0,-48.000000000029104,-0.010000000000000009,-48.000000000029104,-30.0
1988-06-09,8.731149137020111e-11,0.0,-6.0,0.0,-6.0,10.0
1988-06-10,5.820766091346741e-11,0.0,0.0,0.0,0.0,0.0
1988-06-11,5.820766091346741e-11,0.0,0.0,0.0,0.0,0.0
1988-06-12,8.731149137020111e-11,0.0,0.0,0.0,0.0,0.0
1988-06-13,8.731149137020111e-11,0.0,0.0,0.0,0.0,0.0
1988-06-14,5.820766091346741e-11,0.0,0.0,0.0,0.0,0.0
1988-06-15,8.731149137020111e-11,0.0,0.0,0.0,0.0,0.0
1988-06-16,2.9103830456733704e-11,0.0,0.0,0.0,0.0,0.0
1988-06-17,2.9103830456733704e-11,0.0,0.0,0.0,0.0,0.0
1988-06-18,0.0,0.0,0.0,0.0,0.0,0.0
1988-06-19,2.9103830456733704e-11,0.0,0.0,0.0,0.0,0.0
1988-06-20,0.0,0.0,0.0,0.0,0.0,0.0
1988-06-21,4.3655745685100555e-11,0.0,0.0,0.0,0.0,0.0
1988-06-22,2.9103830456733704e-11,0.0,0.0,0.0,0.0,0.0
1988-06-23,1.4551915228366852e-11,0.0,0.0,0.0,0.0,0.0
1988-06-24,1.4551915228366852e-11,0.0,0.0,0.0,0.0,0.0
1988-06-25,2.9103830456733704e-11,0.0,0.0,0.0,0.0,0.0
1988-06-26,1.4551915228366852e-11,0.0,0.0,0.0,0.0,0.0
1988-06-27,2.9103830456733704e-11,0.0,0.0,0.0,0.0,0.0
1988-06-28,1.4551915228366852e-11,0.0,0.0,0.0,0.0,0.0
1988-06-29,0.0,0.0,0.0,0.0,0.0,0.0
1988-06-30,2.9103830456733704e-11,0.0,0.0,0.0,0.0,0.0
1988-07-01,1.4551915228366852e-11,0.0,0.0,0.0,0.0,0.0
1988-07-02,1.4551915228366852e-11,0.0,0.0,0.0,0.0,0.0
1988-07-03,0.0,0.0,0.0,0.0,0.0,0.0
1988-07-04,0.0,0.0,0.0,0.0,0.0,0.0
1988-07-05,2.9103830456733704e-11,0.0,0.0,0.0,0.0,0.0
1988-07-06,4.3655745685100555e-11,0.0,0.0,0.0,0.0,0.0
1988-07-07,1.4551915228366852e-11,0.0,0.0,0.0,0.0,0.0
1988-07-08,4.3655745685100555e-11,0.0,0.0,0.0,0.0,0.0
1988-07-09,2.9103830456733704e-11,0.0,0.0,0.0,0.0,0.0
1988-07-10,0.0,0.0,0.0,0.0,0.0,0.0
1988-07-11,0.0,0.0,0.0,0.0,0.0,0.0
1988-07-12,0.0,0.0,0.0,0.0,0.0,0.0
1988-07-13,0.0,0.0,0.0,0.0,0.0,0.0
1988-07-14,0.0,0.0,0.0,0.0,0.0,0.0
1988-07-15,0.0,0.0,0.0,0.0,0.0,0.0
1988-07-16,0.0,0.0,0.0,0.0,0.0,0.0
1988-07-17,0.0,0.0,0.0,0.0,0.0,0.0
1988-07-18,0.0,0.0,0.0,0.0,0.0,0.0
1988-07-19,0.0,0.0,0.0,0.0,0.0,0.0
1988-07-20,0.0,0.0,0.0,0.0,0.0,0.0
1988-07-21,0.0,0.0,0.0,0.0,0.0,0.0
1988-07-22,0.0,0.0,0.5999999999912689,0.0,0.5999999999912689,0.0
1988-07-23,0.0,0.0,0.0,0.0,0.0,0.0
1988-07-24,0.0,0.0,0.0,0.0,0.0,0.0
1988-07-25,0.0,0.0,0.0,0.0,0.0,0.0
1988-07-26,0.0,0.0,0.0,0.0,0.0,0.0
1988-07-27,0.0,0.0,0.0,0.0,0.0,0.0
1988-07-28,0.0,0.0,0.0,0.0,0.0,0.0
1988-07-29,0.0,-0.00999999999476131,0.0,0.0,0.00999999999476131,0.0
1988-07-30,0.0,0.00999999999476131,0.0,0.0,-0.00999999999476131,0.0
1988-07-31,0.0,-0.01999999999679858,0.0,0.0,0.01999999999679858,0.0
1988-08-01,0.0,0.0,0.0,0.0,0.0,0.0
1988-08-02,0.0,0.0,0.0,0.0,0.0,0.0
1988-08-03,0.0,0.0,0.0,0.0,0.0,0.0
1988-08-04,0.0,0.0,0.0,0.0,0.0,0.0
1988-08-05,0.0,0.010000000002037268,0.0,0.0,-0.010000000002037268,0.0
1988-08-06,0.0,0.010000000002037268,0.0,0.0,-0.010000000002037268,0.0
1988-08-07,0.0,0.0,0.0,0.0,0.0,0.0
1988-08-08,0.0,0.010000000002037268,0.0,0.0,-0.010000000002037268,0.0
1988-08-09,0.0,0.020000000004074536,0.0,0.0,-0.020000000004074536,0.0
1988-08-10,0.0,0.0,0.0,0.0,0.0,0.0
1988-08-11,0.0,0.0,0.0,0.0,0.0,0.0
1988-08-12,0.0,0.0,0.0,0.0,0.0,0.0
1988-08-13,0.0,0.0,0.0,0.0,0.0,0.0
1988-08-14,0.0,0.0,0.0,0.0,0.0,0.0
1988-08-15,0.0,0.0,0.0,0.0,0.0,0.0
1988-08-16,0.0,0.0,0.0,0.0,0.0,0.0
1988-08-17,0.0,0.0,0.0,0.0,0.0,0.0
1988-08-18,0.0,0.0,0.0,0.0,0.0,0.0
1988-08-19,0.0,0.0,0.0,0.0,0.0,0.0
1988-08-20,0.0,0.040000000000873115,0.0,0.0,-0.040000000000873115,0.0
1988-08-21,0.0,0.0,0.0,0.0,0.0,0.0
1988-08-22,0.0,0.0,0.0,0.0,0.0,0.0
1988-08-23,0.0,0.0,0.0,0.0,0.0,0.0
1988-08-24,0.0,0.0,0.0,0.0,0.0,0.0
1988-08-25,0.0,0.0,0.0,0.0,0.0,0.0
1988-08-26,0.0,0.0,0.0,0.0,0.0,0.0
1988-08-27,0.0,0.0,0.0,0.0,0.0,0.0
1988-08-28,0.0,0.0,0.0,0.0,0.0,0.0
1988-08-29,0.0,0.0,0.0,0.0,0.0,0.0
1988-08-30,0.0,-0.010000000002037268,0.0,0.0,0.010000000002037268,0.0
1988-08-31,0.0,0.0,0.0,0.0,0.0,0.0
1988-09-01,0.0,0.0,0.0,0.0,0.0,0.0
1988-09-02,0.0,0.010000000002037268,0.0,0.0,-0.010000000002037268,0.0
1988-09-03,0.0,0.0,0.0,0.0,0.0,0.0
1988-09-04,0.0,0.0,0.0,0.0,0.0,0.0
1988-09-05,0.0,0.0,0.0,0.0,0.0,0.0
1988-09-06,0.0,-0.010000000002037268,0.0,0.0,0.010000000002037268,0.0
1988-09-07,0.0,0.0,0.0,0.0,0.0,0.0
1988-09-08,0.0,0.0,0.0,0.0,0.0,0.0
1988-09-09,0.0,0.0,0.0,0.0,0.0,0.0
1988-09-10,0.0,0.0,0.0,0.0,0.0,0.0
1988-09-11,0.0,0.020000000000436557,0.0,0.0,-0.020000000000436557,0.0
1988-09-12,0.0,0.0,0.0,0.0,0.0,0.0
1988-09-13,0.0,0.0,0.0,0.0,0.0,0.0
1988-09-14,0.0,0.0,0.0,0.0,0.0,0.0
1988-09-15,0.0,0.0,0.0,0.0,0.0,0.0
1988-09-16,0.0,0.0,0.0,0.0,0.0,0.0
1988-09-17,0.0,0.0,0.0,0.0,0.0,0.0
1988-09-18,0.0,0.010000000002037268,0.0,0.0,-0.010000000002037268,0.0
1988-09-19,0.0,0.010000000002037268,-23.39999999999418,0.0,-23.409999999996217,0.0
1988-09-20,0.0,-0.020000000000436557,0.0,0.0,0.020000000000436557,0.0
1988-09-21,0.0,-0.010000000002037268,0.0,0.0,0.010000000002037268,0.0
1988-09-22,0.0,0.0,0.0,0.0,0.0,0.0
1988-09-23,0.0,0.0,0.0,0.0,0.0,0.0
1988-09-24,0.0,0.0,0.0,0.0,0.0,0.0
1988-09-25,0.0,0.0,0.0,0.0,0.0,0.0
1988-09-26,0.0,0.0,0.0,0.0,0.0,0.0
1988-09-27,0.0,0.0,0.6000000000021828,0.0,0.6000000000021828,0.0
1988-09-28,0.0,0.010000000002037268,0.0,0.0,-0.010000000002037268,0.0
1988-09-29,0.0,-0.00999999999839929,0.0,0.0,0.00999999999839929,0.0
1988-09-30,0.0,0.0,0.0,0.0,0.0,0.0
1988-10-01,0.0,0.0,0.0,0.0,0.0,0.0
1988-10-02,0.0,0.0,0.0,0.0,0.0,0.0
1988-10-03,0.0,0.0,0.0,0.0,0.0,0.0
1988-10-04,0.0,0.0,0.0,0.0,0.0,0.0
1988-10-05,0.0,0.0,0.0,0.0,0.0,0.0
1988-10-06,0.0,0.0,0.0,0.0,0.0,0.0
1988-10-07,0.0,-0.00999999999839929,0.0,0.0,0.00999999999839929,0.0
1988-10-08,0.0,0.0,0.0,0.0,0.0,0.0
1988-10-09,0.0,0.0,0.0,0.0,0.0,0.0
1988-10-10,0.0,0.0,0.0,0.0,0.0,0.0
1988-10-11,0.0,0.0,0.0,0.0,0.0,0.0
1988-10-12,0.0,0.0,0.0,0.0,0.0,0.0
1988-10-13,0.0,0.0,0.0,0.0,0.0,0.0
1988-10-14,0.0,0.0,0.0,0.0,0.0,0.0
1988-10-15,0.0,0.0,0.0,0.0,0.0,0.0
1988-10-16,0.0,0.0,0.0,0.0,0.0,0.0
1988-10-17,0.0,0.0,0.0,0.0,0.0,0.0
1988-10-18,0.0,0.0,0.0,0.0,0.0,0.0
1988-10-19,0.0,0.0,0.0,0.0,0.0,0.0
1988-10-20,0.0,0.0,0.0,0.0,0.0,0.0
1988-10-21,0.0,0.0,0.0,0.0,0.0,0.0
1988-10-22,0.0,0.0,0.0,0.0,0.0,0.0
1988-10-23,0.0,0.0,0.0,0.0,0.0,0.0
1988-10-24,0.0,0.0,0.0,0.0,0.0,0.0
1988-10-25,0.0,0.0,0.0,0.0,0.0,0.0
1988-10-26,0.0,0.0,0.0,0.0,0.0,0.0
1988-10-27,0.0,0.0,0.0,0.0,0.0,0.0
1988-10-28,0.0,0.0,0.0,0.0,0.0,0.0
1988-10-29,0.0,0.0,0.0,0.0,0.0,0.0
1988-10-30,0.0,0.0,0.0,0.0,0.0,0.0
1988-10-31,0.0,0.0,0.0,0.0,0.0,0.0
1988-11-01,0.0,0.0,0.0,0.0,0.0,0.0
1988-11-02,0.0,0.0,0.0,0.0,0.0,0.0
1988-11-03,0.0,0.09999999999854481,-43.80000000000291,-0.0020000000000000018,-43.900000000001455,-10.0
1988-11-04,0.0,-0.10999999999330612,7.275957614183426e-12,0.0,0.11000000000058208,0.0
1988-11-05,0.0,-0.9800000000104774,568.7999999999884,0.009999999999999787,569.7799999999988,0.0
1988-11-06,0.0,0.9500000000043656,0.5999999999985448,0.0,-0.35000000000582077,0.0
1988-11-07,1.1557931429706514e-06,0.0,-0.5999999999985448,0.0,-0.5999999999985448,0.0
1988-11-08,1.10956170829013e-06,0.0,0.0,0.0,0.0,0.0
1988-11-09,1.0651765478542075e-06,0.0,0.0,0.0,0.0,0.0
1988-11-10,1.022577635012567e-06,0.0,0.0,0.0,0.0,0.0
1988-11-11,9.816722013056278e-07,0.0,0.0,0.0,0.0,0.0
1988-11-12,9.424038580618799e-07,0.0,0.0,0.0,0.0,0.0
1988-11-13,9.047143976204097e-07,0.0,0.0,0.0,0.0,0.0
1988-11-14,8.685237844474614e-07,0.0,0.0,0.0,0.0,0.0
1988-11-15,8.337956387549639e-07,0.0,-0.5999999999985448,0.0,-0.5999999999985448,0.0
1988-11-16,8.00442649051547e-07,0.0,-9.0,0.0,-9.0,10.0
1988-11-17,7.684138836339116e-07,0.01999999999679858,-11.400000000001455,0.0,-11.419999999998254,0.0
1988-11-18,7.376802386716008e-07,0.0,-3.6000000000058208,-0.0010000000000000009,-3.6000000000058208,-150.0
1988-11-19,7.081835065037012e-07,0.0,-4.800000000017462,0.0,-4.800000000017462,20.0
1988-11-20,6.798363756388426e-07,-0.029999999998835847,-33.60000000000582,-0.010000000000000009,-33.570000000006985,-180.0
1988-11-21,6.526242941617966e-07,-6.0,935.9999999999418,-0.009999999999999787,941.9999999999418,0.0
1988-11-22,6.266636773943901e-07,-6.809999999997672,785.9999999999418,0.009999999999999787,792.8099999999395,20.0
1988-11-23,6.015034159645438e-07,12.210000000020955,0.0,0.010000000000000231,-12.210000000020955,0.0
1988-11-24,5.774491000920534e-07,-121.29999999998836,-162.0,-0.0900000000000003,-40.70000000001164,0.0
1988-11-25,5.543406587094069e-07,116.48999999999069,192.0,-0.010000000000000009,75.51000000000931,-40.0
1988-11-26,5.321635399013758e-07,-33.19000000000233,-246.0,-0.020000000000000018,-212.80999999999767,-10.0
1988-11-27,5.108740879222751e-07,38.38000000000466,18.0,0.0,-20.380000000004657,0.0
1988-11-28,4.904577508568764e-07,0.08000000000174623,-12.0,0.0,-12.080000000001746,0.0
1988-11-29,4.708272172138095e-07,0.0,0.0,0.0,0.0,0.0
1988-11-30,4.519824869930744e-07,0.0,0.0,0.0,0.0,0.0
1988-12-01,4.339090082794428e-07,0.0,0.0,0.0,0.0,0.0
1988-12-02,4.1653402149677277e-07,0.0,0.0,0.0,0.0,0.0
1988-12-03,3.998720785602927e-07,0.01999999998952262,0.0,0.0,-0.01999999998952262,0.0
1988-12-04,3.8387952372431755e-07,-0.00999999999476131,0.0,0.0,0.00999999999476131,0.0
1988-12-05,3.6851270124316216e-07,0.28999999999359716,0.0,0.0,-0.28999999999359716,0.0
1988-12-06,3.5375705920159817e-07,1.639999999984866,-6.0,0.0,-7.639999999984866,0.0
1988-12-07,3.396125975996256e-07,-1.8399999999965075,0.0,0.0,1.8399999999965075,0.0
1988-12-08,3.260793164372444e-07,0.01999999998952262,0.0,0.0,-0.01999999998952262,0.0
1988-12-09,3.1298259273171425e-07,1.3599999999860302,-150.0,-0.010000000000000009,-151.35999999998603,-570.0
1988-12-10,3.004970494657755e-07,-0.1900000000023283,-18.0,0.0,-17.80999999999767,0.0
1988-12-11,2.8844806365668774e-07,-0.7799999999988358,0.0,0.0,0.7799999999988358,0.0
1988-12-12,2.769229467958212e-07,-0.8700000000244472,-6.0,0.0,-5.129999999975553,0.0
1988-12-13,2.6583438739180565e-07,0.07999999998719431,-18.0,0.0,-18.079999999987194,10.0
1988-12-14,2.551823854446411e-07,0.25,0.0,0.0,-0.25,0.0
1988-12-15,2.4502514861524105e-07,0.0,0.0,0.0,0.0,0.0
1988-12-16,2.3524626158177853e-07,0.0,0.0,0.0,0.0,0.0
1988-12-17,2.258166205137968e-07,0.0,0.0,0.0,0.0,0.0
1988-12-18,2.1679443307220936e-07,0.0,-6.0,-0.010000000000000009,-6.0,-30.0
1988-12-19,2.0812149159610271e-07,-0.010000000009313226,-36.00000000005821,0.0,-35.990000000048894,20.0
1988-12-20,1.9979779608547688e-07,-205.3299999999872,89.9999999999709,0.0,295.3299999999581,20.0
1988-12-21,1.9173603504896164e-07,49.15999999997439,-54.0,-0.040000000000000036,-103.15999999997439,-10.0
1988-12-22,1.8408172763884068e-07,143.05999999999767,6.000000000029104,-0.010000000000000231,-137.05999999996857,0.0
1988-12-23,1.7671845853328705e-07,6.809999999997672,-276.0,-0.029999999999999805,-282.8099999999977,-30.0
1988-12-24,1.696753315627575e-07,6.080000000016298,-89.9999999999709,-0.009999999999999787,-96.0799999999872,-20.0
1988-12-25,1.628650352358818e-07,0.3699999999953434,-24.0,0.0,-24.369999999995343,0.0
1988-12-26,1.5640398487448692e-07,0.0,-47.999999999970896,0.0,-47.999999999970896,0.0
1988-12-27,1.5011755749583244e-07,0.0,-47.999999999970896,0.0,-47.999999999970896,0.0
1988-12-28,1.4409306459128857e-07,-0.04999999998835847,-6.0,0.0,-5.9500000000116415,0.0
1988-12-29,1.3835960999131203e-07,-0.6900000000023283,66.0,-0.040000000000000036,66.69000000000233,20.0
1988-12-30,1.328007783740759e-07,0.059999999997671694,6.0,0.0,5.940000000002328,0.0
1988-12-31,1.275329850614071e-07,0.4400000000023283,-72.0000000000291,0.0,-72.44000000003143,0.0
1989-01-01,1.2238160707056522e-07,0.11999999999534339,-143.9999999999709,-0.020000000000000018,-144.11999999996624,0.0
1989-01-02,1.175212673842907e-07,-0.029999999998835847,-90.0,-0.010000000000000231,-89.97000000000116,0.0
1989-01-03,1.1274823918938637e-07,0.2900000000081491,-42.0,-0.009999999999999787,-42.29000000000815,0.0
1989-01-04,1.0826624929904938e-07,1.2699999999895226,-12.000000000029104,-0.009999999999999787,-13.270000000018626,-260.0
1989-01-05,1.0398798622190952e-07,-1.639999999984866,-114.0000000000291,-0.010000000000000231,-112.36000000004424,0.0
1989-01-06,9.98261384665966e-08,0.0,-59.999999999970896,-0.010000000000000231,-59.999999999970896,-10.0
1989-01-07,9.580980986356735e-08,-0.07000000000698492,-36.0,0.0,-35.929999999993015,0.0
1989-01-08,9.19681042432785e-08,0.1300000000046566,-113.99999999988358,-0.009999999999999787,-114.12999999988824,0.0
1989-01-09,8.830102160573006e-08,-2.0,-66.0,-0.03000000000000025,-64.0,0.0
1989-01-10,8.480856195092201e-08,-150.47000000003027,-612.0000000000582,-0.04999999999999982,-461.53000000002794,0.0
1989-01-11,8.137430995702744e-08,152.53999999997905,54.000000000029104,0.0,-98.53999999994994,20.0
1989-01-12,7.808557711541653e-08,0.01999999998952262,-30.0,0.0,-30.019999999989523,10.0
1989-01-13,7.502967491745949e-08,-2.1900000000023283,-306.0,-0.04999999999999982,-303.8099999999977,20.0
1989-01-14,7.203198038041592e-08,1.6299999999755528,-204.0000000000582,-0.010000000000000231,-205.63000000003376,0.0
1989-01-15,6.909249350428581e-08,-3.150000000023283,-132.0,-0.03000000000000025,-128.84999999997672,-10.0
1989-01-16,6.635673344135284e-08,2.0,54.0,0.0,52.0,-10.0
1989-01-17,6.373738870024681e-08,2.8199999999487773,48.0,0.0,45.18000000005122,-10.0
1989-01-18,6.117625162005424e-08,1.6900000000023283,30.000000000058208,0.0,28.31000000005588,0.0
1989-01-19,5.870242603123188e-08,-2.9899999999906868,-186.0,0.0,-183.0100000000093,0.0
1989-01-20,5.640322342514992e-08,-38.90000000002328,-95.99999999994179,-0.010000000000000675,-57.09999999991851,20.0
1989-01-21,5.413312464952469e-08,2.970000000030268,12.0,-0.009999999999999787,9.029999999969732,-100.0
1989-01-22,5.1892129704356194e-08,36.01000000000931,-78.0,-0.010000000000000231,-114.01000000000931,-40.0
1989-01-23,4.979665391147137e-08,0.0,-6.0,0.0,-6.0,0.0
1989-01-24,4.784669727087021e-08,0.0,-11.999999999970896,0.0,-11.999999999970896,0.0
1989-01-25,4.5925844460725784e-08,0.0,-41.99999999994179,0.0,-41.99999999994179,0.0
1989-01-26,4.409230314195156e-08,0.0,-11.999999999970896,0.0,-11.999999999970896,0.0
1989-01-27,4.228786565363407e-08,0.0,-77.9999999999709,-0.010000000000000231,-77.9999999999709,-10.0
1989-01-28,4.0658051148056984e-08,-0.059999999997671694,-54.0,-0.010000000000000231,-53.94000000000233,-10.0
1989-01-29,3.9028236642479897e-08,0.1900000000023283,-102.0,0.0,-102.19000000000233,0.0
1989-01-30,3.739842213690281e-08,5.769999999989523,-101.9999999999709,0.0,-107.76999999996042,70.0
1989-01-31,3.597233444452286e-08,-5.920000000012806,-41.999999999970896,0.0,-36.07999999995809,0.0
1989-02-01,3.448803909122944e-08,0.0,-6.0,0.0,-6.0,0.0
1989-02-02,3.317836672067642e-08,-0.08999999999650754,0.0,0.0,0.08999999999650754,0.0
1989-02-03,3.175227902829647e-08,0.0,0.0,0.0,0.0,0.0
1989-02-04,3.055902197957039e-08,0.0,0.0,0.0,0.0,0.0
1989-02-05,2.9336661100387573e-08,0.0,0.0,0.0,0.0,0.0
1989-02-06,2.8172507882118225e-08,0.029999999998835847,0.0,0.0,-0.029999999998835847,0.0
1989-02-07,2.7008354663848877e-08,0.0,0.0,0.0,0.0,0.0
1989-02-08,2.5960616767406464e-08,0.0,0.0,0.0,0.0,0.0
1989-02-09,2.491287887096405e-08,0.0,0.0,0.0,0.0,0.0
1989-02-10,2.3952452465891838e-08,0.0,0.0,0.0,0.0,0.0
1989-02-11,2.302112989127636e-08,-0.010000000009313226,0.0,0.0,0.010000000009313226,0.0
1989-02-12,2.2060703486204147e-08,0.0,-6.0,0.0,-6.0,0.0
1989-02-13,2.121669240295887e-08,0.0,0.0,0.0,0.0,0.0
1989-02-14,2.0314473658800125e-08,0.0,-6.0,0.0,-6.0,0.0
1989-02-15,1.9528670236468315e-08,0.0,0.0,0.0,0.0,0.0
1989-02-16,1.8742866814136505e-08,0.0,798.0,0.020000000000000462,798.0,20.0
1989-02-17,1.7957063391804695e-08,0.75,-30.0,0.0,-30.75,0.0
1989-02-18,1.728767529129982e-08,-0.7299999999813735,0.0,0.0,0.7299999999813735,0.0
1989-02-19,1.658918336033821e-08,0.0,-23.999999999970896,0.0,-23.999999999970896,0.0
1989-02-20,1.594889909029007e-08,0.0,-48.0,-0.010000000000000231,-48.0,-10.0
1989-02-21,1.5337718650698662e-08,0.010000000009313226,-42.0,-0.009999999999999787,-42.01000000000931,-10.0
1989-02-22,1.4668330550193787e-08,0.029999999998835847,-12.0,-0.009999999999999787,-12.029999999998836,-20.0
1989-02-23,1.4086253941059113e-08,-0.029999999998835847,-18.0,0.0,-17.970000000001164,0.0
1989-02-24,1.3562384992837906e-08,0.07999999998719431,-6.0,0.0,-6.079999999987194,0.0
1989-02-25,1.3009412214159966e-08,0.0,-12.0,0.0,-12.0,0.0
1989-02-26,1.2456439435482025e-08,0.0,-11.999999999970896,-0.010000000000000009,-11.999999999970896,-110.0
1989-02-27,1.1990778148174286e-08,0.0,0.0,0.0,0.0,0.0
1989-02-28,1.1496013030409813e-08,0.0,0.0,0.0,0.0,0.0
1989-03-01,1.1030351743102074e-08,-0.04000000000814907,-24.0,0.0,-23.95999999999185,20.0
1989-03-02,1.0593794286251068e-08,0.0,-42.0,0.0,-42.0,0.0
1989-03-03,1.0186340659856796e-08,0.0,-12.000000000029104,0.0,-12.000000000029104,0.0
1989-03-04,9.807990863919258e-09,-0.12000000002444722,-54.0,-0.010000000000000231,-53.87999999997555,-120.0
1989-03-05,9.371433407068253e-09,0.0,353.9999999999418,0.009999999999999787,353.9999999999418,0.0
1989-03-06,8.993083611130714e-09,4.28000000002794,-198.0000000000291,-0.009999999999999787,-202.28000000005704,0.0
1989-03-07,8.64383764564991e-09,-4.309999999997672,0.0,0.0,4.309999999997672,0.0
1989-03-08,8.294591680169106e-09,0.0,-30.000000000058208,0.0,-30.000000000058208,0.0
1989-03-09,8.003553375601768e-09,1.6099999999860302,96.0,0.0,94.39000000001397,0.0
1989-03-10,7.654307410120964e-09,0.0,0.0,0.0,0.0,0.0
1989-03-11,7.334165275096893e-09,1.3300000000162981,47.999999999970896,0.0,46.6699999999546,-20.0
1989-03-12,7.043126970529556e-09,0.9400000000023283,42.0,0.0,41.05999999999767,-10.0
1989-03-13,6.781192496418953e-09,-4.510000000009313,-168.0,0.0,-163.4899999999907,0.0
1989-03-14,6.548361852765083e-09,0.5399999999790452,-131.9999999999709,-0.009999999999999787,-132.53999999994994,-50.0
1989-03-15,6.199115887284279e-09,-1.25,-18.000000000029104,0.0,-16.750000000029104,10.0
1989-03-16,6.024492904543877e-09,4.600000000005821,-12.0,0.0,-16.60000000000582,-10.0
1989-03-17,5.820766091346741e-09,-15.690000000002328,-12.0,0.0,3.6900000000023283,0.0
1989-03-18,5.529727786779404e-09,16.099999999976717,-66.0,0.0,-82.09999999997672,0.0
1989-03-19,5.326000973582268e-09,-1.0,-120.0,0.0,-119.0,0.0
1989-03-20,5.122274160385132e-09,5.119999999995343,-102.0,0.0,-107.11999999999534,20.0
1989-03-21,4.889443516731262e-09,3.5300000000279397,-114.00000000005821,0.0,-117.53000000008615,10.0
1989-03-22,4.685716703534126e-09,-10.910000000003492,-119.9999999999709,-0.010000000000000231,-109.0899999999674,0.0
1989-03-23,4.423782229423523e-09,-0.2699999999895226,-125.99999999994179,0.0,-125.72999999995227,30.0
1989-03-24,4.249159246683121e-09,-0.8099999999976717,-72.0,0.0,-71.19000000000233,20.0
1989-03-25,4.132743924856186e-09,6.880000000004657,-120.0,0.0,-126.88000000000466,80.0
1989-03-26,3.958120942115784e-09,-9.720000000030268,-198.0,0.0,-188.27999999996973,0.0
1989-03-27,3.841705620288849e-09,-17.720000000030268,-180.0000000000582,-0.010000000000000675,-162.28000000002794,20.0
1989-03-28,3.6088749766349792e-09,20.90999999997439,36.00000000005821,0.0,15.090000000083819,0.0
1989-03-29,3.434251993894577e-09,-3.8099999999976717,-90.0,0.0,-86.19000000000233,0.0
1989-03-30,3.4924596548080444e-09,-6.470000000030268,-174.0,0.0,-167.52999999996973,40.0
1989-03-31,3.3178366720676422e-09,-9.720000000030268,-96.0,-0.009999999999999787,-86.27999999996973,-20.0
1989-04-01,3.0850060284137726e-09,-95.0,-203.9999999999418,-0.019999999999999574,-108.99999999994179,0.0
1989-04-02,2.9685907065868378e-09,112.25,6.0,-0.009999999999999787,-106.25,-60.0
1989-04-03,2.852175384759903e-09,-4.869999999995343,-204.0000000000582,0.0,-199.13000000006286,30.0
1989-04-04,2.852175384759903e-09,5.71999999997206,-144.0000000000582,0.0,-149.72000000003027,0.0
1989-04-05,2.735760062932968e-09,54.410000000032596,-750.0,-0.009999999999999787,-804.4100000000326,-20.0
1989-04-06,2.5029294192790985e-09,0.1300000000046566,-833.9999999999418,-0.009999999999999787,-834.1299999999464,0.0
1989-04-07,2.444721758365631e-09,-17.55999999999767,-582.0,-0.009999999999999787,-564.4400000000023,0.0
1989-04-08,2.444721758365631e-09,-10.470000000030268,-558.0,-0.009999999999999787,-547.5299999999697,0.0
1989-04-09,2.270098775625229e-09,7.339999999967404,-588.0,-0.009999999999999787,-595.3399999999674,-30.0
1989-04-10,2.2118911147117615e-09,0.4299999999930151,-539.9999999998836,-0.009999999999999787,-540.4299999998766,0.0
1989-04-11,2.153683453798294e-09,-3.7800000000279397,-305.9999999998836,0.0,-302.21999999985565,0.0
1989-04-12,2.0372681319713593e-09,7.309999999997672,-432.0000000000582,-0.010000000000000675,-439.3100000000559,-50.0
1989-04-13,1.979060471057892e-09,10.349999999976717,-684.0,-0.009999999999999787,-694.3499999999767,-50.0
1989-04-14,1.8044374883174896e-09,6.25,-744.0,0.0,-750.25,60.0
1989-04-15,1.7462298274040222e-09,-30.21999999997206,-306.0000000000582,-0.009999999999999787,-275.78000000008615,0.0
1989-04-16,1.7171259969472885e-09,-22.69000000000233,-168.0,-0.010000000000000231,-145.30999999999767,0.0
1989-04-17,1.57160684466362e-09,16.53000000002794,-150.0000000000582,0.0,-166.53000000008615,30.0
1989-04-18,1.6298145055770874e-09,17.96999999997206,-414.0,-0.009999999999999787,-431.96999999997206,-80.0
1989-04-19,1.4551915228366852e-09,-18.460000000020955,-162.0,0.0,-143.53999999997905,0.0
1989-04-20,1.4551915228366852e-09,-4.190000000002328,-186.0000000000582,-0.010000000000000675,-181.81000000005588,0.0
1989-04-21,1.4551915228366852e-09,-6.840000000025611,-108.0,0.0,-101.15999999997439,0.0
1989-04-22,1.3096723705530167e-09,0.7000000000116415,-78.0,0.0,-78.70000000001164,0.0
1989-04-23,1.2223608791828156e-09,0.34999999997671694,-120.0000000000291,0.0,-120.35000000000582,0.0
1989-04-24,1.2223608791828156e-09,1.25,-144.0,0.0,-145.25,20.0
1989-04-25,1.1059455573558807e-09,5.090000000025611,-360.0,-0.009999999999999787,-365.0900000000256,-10.0
1989-04-26,1.1059455573558807e-09,-4.75,-126.0,0.0,-121.25,0.0
1989-04-27,1.0477378964424133e-09,4.03000000002794,-156.0000000000582,-0.010000000000000231,-160.03000000008615,0.0
1989-04-28,1.0477378964424133e-09,-3.129999999975553,-71.99999999994179,-0.009999999999999787,-68.86999999996624,0.0
1989-04-29,9.89530235528946e-10,3.7100000000209548,-42.000000000029104,0.0,-45.71000000005006,0.0
1989-04-30,9.604264050722122e-10,-9.190000000002328,-42.000000000029104,0.0,-32.810000000026776,0.0
1989-05-01,9.022187441587448e-10,0.5,-54.00000000005821,0.0,-54.50000000005821,10.0
1989-05-02,9.022187441587448e-10,2.650000000023283,-155.9999999999709,0.0,-158.64999999999418,0.0
1989-05-03,8.731149137020111e-10,-3.429999999993015,-23.999999999970896,0.0,-20.56999999997788,0.0
1989-05-04,8.149072527885437e-10,0.6700000000128057,-48.0,0.0,-48.670000000012806,0.0
1989-05-05,7.566995918750763e-10,-0.40000000002328306,-84.0000000000291,0.0,-83.60000000000582,0.0
1989-05-06,7.566995918750763e-10,0.14999999999417923,-29.999999999970896,0.0,-30.149999999965075,0.0
1989-05-07,7.275957614183426e-10,-2.4600000000209548,-29.999999999970896,0.0,-27.53999999994994,0.0
1989-05-08,6.984919309616089e-10,-0.9400000000023283,-30.000000000029104,0.0,-29.060000000026776,20.0
1989-05-09,6.402842700481415e-10,0.0,-11.999999999970896,0.0,-11.999999999970896,10.0
1989-05-10,6.111804395914078e-10,0.0,-12.000000000029104,0.0,-12.000000000029104,10.0
1989-05-11,5.238689482212067e-10,0.0,0.0,0.0,0.0,0.0
1989-05-12,5.529727786779404e-10,0.0,0.0,0.0,0.0,0.0
1989-05-13,4.94765117764473e-10,0.0,0.0,0.0,0.0,0.0
1989-05-14,4.94765117764473e-10,0.0,0.0,0.0,0.0,0.0
1989-05-15,5.238689482212067e-10,0.0,0.0,0.0,0.0,0.0
1989-05-16,4.94765117764473e-10,0.0,0.0,0.0,0.0,0.0
1989-05-17,4.94765117764473e-10,0.0,0.0,0.0,0.0,0.0
1989-05-18,4.3655745685100555e-10,0.0,0.0,0.0,0.0,0.0
1989-05-19,4.656612873077393e-10,0.0,0.0,0.0,0.0,0.0
1989-05-20,4.656612873077393e-10,-0.04000000000814907,0.0,0.0,0.04000000000814907,0.0
1989-05-21,4.3655745685100555e-10,0.0,0.0,0.0,0.0,0.0
1989-05-22,3.4924596548080444e-10,0.0,0.0,0.0,0.0,0.0
1989-05-23,3.7834979593753815e-10,0.0,-5.999999999970896,0.0,-5.999999999970896,10.0
1989-05-24,3.2014213502407074e-10,0.0,-36.0,0.0,-36.0,20.0
1989-05-25,3.2014213502407074e-10,0.07999999998719431,-6.0,0.0,-6.079999999987194,10.0
1989-05-26,3.2014213502407074e-10,0.0,0.0,0.0,0.0,0.0
1989-05-27,3.2014213502407074e-10,0.0,-54.0,0.0,-54.0,20.0
1989-05-28,2.6193447411060333e-10,0.0,-5.999999999970896,0.0,-5.999999999970896,10.0
1989-05-29,2.6193447411060333e-10,0.0,-6.0,0.0,-6.0,10.0
1989-05-30,2.6193447411060333e-10,0.0,0.0,0.0,0.0,0.0
1989-05-31,3.2014213502407074e-10,0.0,0.0,0.0,0.0,0.0
1989-06-01,2.6193447411060333e-10,0.0,0.0,0.0,0.0,0.0
1989-06-02,2.3283064365386963e-10,0.0,0.0,0.0,0.0,0.0
1989-06-03,2.3283064365386963e-10,0.0,0.0,0.0,0.0,0.0
1989-06-04,2.3283064365386963e-10,0.0,0.0,0.0,0.0,0.0
1989-06-05,2.6193447411060333e-10,0.0,0.0,0.0,0.0,0.0
1989-06-06,2.3283064365386963e-10,-0.029999999998835847,0.0,0.0,0.029999999998835847,0.0
1989-06-07,2.0372681319713593e-10,0.01999999998952262,0.0,0.0,-0.01999999998952262,0.0
1989-06-08,2.3283064365386963e-10,0.0,0.0,0.0,0.0,0.0
1989-06-09,1.7462298274040222e-10,0.0,0.0,0.0,0.0,0.0
1989-06-10,1.7462298274040222e-10,0.0,0.0,0.0,0.0,0.0
1989-06-11,1.7462298274040222e-10,0.0,0.0,0.0,0.0,0.0
1989-06-12,1.1641532182693481e-10,0.0,0.0,0.0,0.0,0.0
1989-06-13,1.4551915228366852e-10,0.0,0.0,0.0,0.0,0.0
1989-06-14,1.1641532182693481e-10,0.0,0.0,0.0,0.0,0.0
1989-06-15,1.1641532182693481e-10,0.04999999998835847,0.0,0.0,-0.04999999998835847,0.0
1989-06-16,1.1641532182693481e-10,0.0,0.0,0.0,0.0,0.0
1989-06-17,1.0186340659856796e-10,0.0,0.0,0.0,0.0,0.0
1989-06-18,1.0186340659856796e-10,0.0,0.0,0.0,0.0,0.0
1989-06-19,1.0186340659856796e-10,0.0,0.0,0.0,0.0,0.0
1989-06-20,1.1641532182693481e-10,0.0,0.0,0.0,0.0,0.0
1989-06-21,1.0186340659856796e-10,0.0,0.0,0.0,0.0,0.0
1989-06-22,1.0186340659856796e-10,0.010000000009313226,0.0,0.0,-0.010000000009313226,0.0
1989-06-23,1.0186340659856796e-10,0.0,0.0,0.0,0.0,0.0
1989-06-24,8.731149137020111e-11,0.0,0.0,0.0,0.0,0.0
1989-06-25,1.1641532182693481e-10,0.0,0.0,0.0,0.0,0.0
1989-06-26,1.0186340659856796e-10,0.0,0.0,0.0,0.0,0.0
1989-06-27,8.731149137020111e-11,0.0,0.0,0.0,0.0,0.0
1989-06-28,1.1641532182693481e-10,0.0,0.0,0.0,0.0,0.0
1989-06-29,1.0186340659856796e-10,0.0,0.0,0.0,0.0,0.0
1989-06-30,8.731149137020111e-11,0.0,0.0,0.0,0.0,0.0
1989-07-01,7.275957614183426e-11,0.0,0.0,0.0,0.0,0.0
1989-07-02,7.275957614183426e-11,0.0,0.0,0.0,0.0,0.0
1989-07-03,1.0186340659856796e-10,0.0,0.0,0.0,0.0,0.0
1989-07-04,8.731149137020111e-11,0.0,0.0,0.0,0.0,0.0
1989-07-05,5.820766091346741e-11,0.0,0.0,0.0,0.0,0.0
1989-07-06,7.275957614183426e-11,0.0,0.0,0.0,0.0,0.0
1989-07-07,8.731149137020111e-11,0.0,0.0,0.0,0.0,0.0
1989-07-08,7.275957614183426e-11,0.00999999999476131,0.0,0.0,-0.00999999999476131,0.0
1989-07-09,7.275957614183426e-11,0.0,0.0,0.0,0.0,0.0
1989-07-10,5.820766091346741e-11,0.010000000009313226,0.0,0.0,-0.010000000009313226,0.0
1989-07-11,4.3655745685100555e-11,0.0,0.0,0.0,0.0,0.0
1989-07-12,5.820766091346741e-11,0.0,0.0,0.0,0.0,0.0
1989-07-13,7.275957614183426e-11,0.0,0.0,0.0,0.0,0.0
1989-07-14,4.3655745685100555e-11,0.0,0.0,0.0,0.0,0.0
1989-07-15,2.9103830456733704e-11,0.0,0.0,0.0,0.0,0.0
1989-07-16,5.820766091346741e-11,0.0,0.0,0.0,0.0,0.0
1989-07-17,2.9103830456733704e-11,0.0,0.0,0.0,0.0,0.0
1989-07-18,2.9103830456733704e-11,-0.029999999998835847,0.0,0.0,0.029999999998835847,0.0
1989-07-19,1.4551915228366852e-11,0.0,0.0,0.0,0.0,0.0
1989-07-20,0.0,0.0,0.0,0.0,0.0,0.0
1989-07-21,0.0,0.0,0.0,0.0,0.0,0.0
1989-07-22,0.0,0.0,0.0,0.0,0.0,0.0
1989-07-23,0.0,0.0,0.0,0.0,0.0,0.0
1989-07-24,0.0,0.0,0.0,0.0,0.0,0.0
1989-07-25,0.0,0.0,0.0,0.0,0.0,0.0
1989-07-26,0.0,0.0,0.0,0.0,0.0,0.0
1989-07-27,0.0,-0.020000000004074536,0.0,0.0,0.020000000004074536,0.0
1989-07-28,0.0,0.020000000004074536,0.0,0.0,-0.020000000004074536,0.0
1989-07-29,0.0,-0.010000000009313226,0.0,0.0,0.010000000009313226,0.0
1989-07-30,0.0,0.0,0.0,0.0,0.0,0.0
1989-07-31,0.0,0.0,0.0,0.0,0.0,0.0
1989-08-01,0.0,0.0,0.0,0.0,0.0,0.0
1989-08-02,0.0,0.0,0.0,0.0,0.0,0.0
1989-08-03,0.0,0.0,0.0,0.0,0.0,0.0
1989-08-04,0.0,0.0,0.0,0.0,0.0,0.0
1989-08-05,0.0,0.0,0.0,0.0,0.0,0.0
1989-08-06,0.0,0.0,0.0,0.0,0.0,0.0
1989-08-07,0.0,0.0,0.0,0.0,0.0,0.0
1989-08-08,0.0,0.0,0.0,0.0,0.0,0.0
1989-08-09,0.0,0.010000000002037268,0.0,0.0,-0.010000000002037268,0.0
1989-08-10,0.0,0.0,0.0,0.0,0.0,0.0
1989-08-11,0.0,0.0,0.0,0.0,0.0,0.0
1989-08-12,0.0,-0.010000000002037268,0.0,0.0,0.010000000002037268,0.0
1989-08-13,0.0,0.00999999999476131,0.0,0.0,-0.00999999999476131,0.0
1989-08-14,0.0,0.0,0.0,0.0,0.0,0.0
1989-08-15,0.0,0.0,0.0,0.0,0.0,0.0
1989-08-16,0.0,0.0,0.0,0.0,0.0,0.0
1989-08-17,0.0,0.0,0.0,0.0,0.0,0.0
1989-08-18,0.0,0.00999999999476131,0.0,0.0,-0.00999999999476131,0.0
1989-08-19,0.0,-0.020000000004074536,0.0,0.0,0.020000000004074536,0.0
1989-08-20,0.0,0.0,0.0,0.0,0.0,0.0
1989-08-21,0.0,0.0,-51.599999999998545,-0.019999999999999907,-51.599999999998545,0.0
1989-08-22,0.0,-0.010000000002037268,0.5999999999985448,0.0,0.6100000000005821,0.0
1989-08-23,0.0,0.0,0.5999999999912689,0.0,0.5999999999912689,0.0
1989-08-24,0.0,0.0,0.0,0.0,0.0,0.0
1989-08-25,0.0,0.0,0.0,0.0,0.0,0.0
1989-08-26,0.0,0.0,0.0,0.0,0.0,0.0
1989-08-27,0.0,0.0,0.0,0.0,0.0,0.0
1989-08-28,0.0,0.010000000002037268,0.0,0.0,-0.010000000002037268,0.0
1989-08-29,0.0,0.0,0.0,0.0,0.0,0.0
1989-08-30,0.0,0.010000000002037268,0.0,0.0,-0.010000000002037268,0.0
1989-08-31,0.0,0.0,0.0,0.0,0.0,0.0
1989-09-01,0.0,-0.010000000002037268,0.0,0.0,0.010000000002037268,0.0
1989-09-02,0.0,0.0,0.0,0.0,0.0,0.0
1989-09-03,0.0,0.0,0.0,0.0,0.0,0.0
1989-09-04,0.0,0.0,0.0,0.0,0.0,0.0
1989-09-05,0.0,0.0,0.0,0.0,0.0,0.0
1989-09-06,0.0,0.0,0.0,0.0,0.0,0.0
1989-09-07,0.0,0.0,0.0,0.0,0.0,0.0
1989-09-08,0.0,0.0,0.0,0.0,0.0,0.0
1989-09-09,0.0,0.0,0.0,0.0,0.0,0.0
1989-09-10,0.0,0.0,0.0,0.0,0.0,0.0
1989-09-11,0.0,0.0,0.0,0.0,0.0,0.0
1989-09-12,0.0,0.0,0.0,0.0,0.0,0.0
1989-09-13,0.0,0.0,0.0,0.0,0.0,0.0
1989-09-14,0.0,0.0,0.0,0.0,0.0,0.0
1989-09-15,0.0,0.0,0.0,0.0,0.0,0.0
1989-09-16,0.0,0.0,0.0,0.0,0.0,0.0
1989-09-17,0.0,0.0,0.0,0.0,0.0,0.0
1989-09-18,0.0,0.0,0.0,0.0,0.0,0.0
1989-09-19,0.0,0.0,0.0,0.0,0.0,0.0
1989-09-20,0.0,0.0,0.0,0.0,0.0,0.0
1989-09-21,0.0,0.010000000002037268,0.0,0.0,-0.010000000002037268,0.0
1989-09-22,0.0,0.0,0.0,0.0,0.0,0.0
1989-09-23,0.0,0.0,0.0,0.0,0.0,0.0
1989-09-24,0.0,0.0,0.0,0.0,0.0,0.0
1989-09-25,0.0,0.0,0.0,0.0,0.0,0.0
1989-09-26,0.0,0.0,0.0,0.0,0.0,0.0
1989-09-27,0.0,0.0,0.0,0.0,0.0,0.0
1989-09-28,0.0,0.0,0.0,0.0,0.0,0.0
1989-09-29,0.0,0.00999999999839929,0.0,0.0,-0.00999999999839929,0.0
1989-09-30,0.0,0.0,0.0,0.0,0.0,0.0
1989-10-01,0.0,0.0,0.0,0.0,0.0,0.0
1989-10-02,0.0,0.0,0.0,0.0,0.0,0.0
1989-10-03,0.0,0.0,0.0,0.0,0.0,0.0
1989-10-04,0.0,0.0,0.0,0.0,0.0,0.0
1989-10-05,0.0,0.00999999999839929,0.0,0.0,-0.00999999999839929,0.0
1989-10-06,0.0,0.0,0.0,0.0,0.0,0.0
1989-10-07,0.0,0.0,0.0,0.0,0.0,0.0
1989-10-08,0.0,0.0,0.0,0.0,0.0,0.0
1989-10-09,0.0,0.0,0.0,0.0,0.0,0.0
1989-10-10,0.0,0.0,-0.5999999999985448,0.0,-0.5999999999985448,0.0
1989-10-11,0.0,0.0,0.0,0.0,0.0,0.0
1989-10-12,0.0,0.0,0.0,0.0,0.0,0.0
1989-10-13,0.0,0.0,0.0,0.0,0.0,0.0
1989-10-14,0.0,0.0,0.0,0.0,0.0,0.0
1989-10-15,0.0,0.0,0.0,0.0,0.0,0.0
1989-10-16,0.0,0.0,0.0,0.0,0.0,0.0
1989-10-17,0.0,0.0,0.0,0.0,0.0,0.0
1989-10-18,0.0,0.0,0.0,0.0,0.0,0.0
1989-10-19,0.0,0.0,0.0,0.0,0.0,0.0
1989-10-20,0.0,0.0,0.0,0.0,0.0,0.0
1989-10-21,0.0,0.0,0.0,0.0,0.0,0.0
1989-10-22,0.0,0.0,0.0,0.0,0.0,0.0
1989-10-23,0.0,0.0,0.0,0.0,0.0,0.0
1989-10-24,0.0,0.0,0.0,0.0,0.0,0.0
1989-10-25,0.0,0.0,0.0,0.0,0.0,0.0
1989-10-26,0.0,0.0,0.0,0.0,0.0,0.0
1989-10-27,0.0,0.0,0.0,0.0,0.0,0.0
1989-10-28,0.0,0.0,0.0,0.0,0.0,0.0
1989-10-29,0.0,0.0,0.0,0.0,0.0,0.0
1989-10-30,0.0,-0.010000000000218279,0.0,0.0,0.010000000000218279,0.0
1989-10-31,-6.934755219845101e-06,0.010000000000218279,0.0,0.0,-0.010000000000218279,0.0
1989-11-01,-8.928107490646653e-06,0.0,0.0,0.0,0.0,0.0
1989-11-02,-8.570981663069688e-06,0.0,0.0,0.0,0.0,0.0
1989-11-03,-8.228143997257575e-06,0.0,0.0,0.0,0.0,0.0
1989-11-04,-7.899019692558795e-06,0.010000000002037268,0.0,0.0,-0.010000000002037268,0.0
1989-11-05,-7.583053957205266e-06,0.0,0.0,0.0,0.0,0.0
1989-11-06,-7.279737474163994e-06,0.0,0.0,0.0,0.0,0.0
1989-11-07,-6.988546374486759e-06,0.0,0.0,0.0,0.0,0.0
1989-11-08,-6.709004082949832e-06,0.0,0.0,0.0,0.0,0.0
1989-11-09,-6.440644938265905e-06,0.0,0.0,0.0,0.0,0.0
1989-11-10,-6.183021469041705e-06,0.020000000000436557,0.0,0.0,-0.020000000000436557,0.0
1989-11-11,-5.935700755799189e-06,0.0,0.0,0.0,0.0,0.0
1989-11-12,-5.6982680689543486e-06,0.010000000002037268,-0.6000000000058208,-0.0010000000000000009,-0.610000000007858,-90.0
1989-11-13,-5.4703414207324386e-06,0.00999999999476131,-0.6000000000058208,0.0,-0.6100000000005821,0.0
1989-11-14,-5.251516995485872e-06,0.0,0.0,0.0,0.0,0.0
1989-11-15,-5.0414600991643965e-06,0.0,0.0,0.0,0.0,0.0
1989-11-16,-4.839799657929689e-06,0.0,-0.5999999999985448,0.0,-0.5999999999985448,0.0
1989-11-17,-4.64620825368911e-06,0.0,0.0,0.0,0.0,0.0
1989-11-18,-4.460358468350023e-06,0.0,0.0,0.0,0.0,0.0
1989-11-19,-4.281944711692631e-06,0.0,0.0,0.0,0.0,0.0
1989-11-20,-4.110668669454753e-06,0.0,0.0,0.0,0.0,0.0
1989-11-21,-3.946246579289436e-06,0.0,0.0,0.0,0.0,0.0
1989-11-22,-3.7883728509768844e-06,0.0,0.0,0.0,0.0,0.0
1989-11-23,-3.6368437577039003e-06,0.0,-1.1999999999825377,0.0,-1.1999999999825377,0.0
1989-11-24,-3.491368261165917e-06,0.0,-4.80000000000291,0.0,-4.80000000000291,20.0
1989-11-25,-3.3517280826345086e-06,0.0,-0.5999999999912689,0.0,-0.5999999999912689,0.0
1989-11-26,-3.2176467357203364e-06,0.0,-12.000000000029104,0.0,-12.000000000029104,10.0
1989-11-27,-3.08894959744066e-06,0.0,0.0,0.0,0.0,0.0
1989-11-28,-2.9654038371518254e-06,0.0,0.0,0.0,0.0,0.0
1989-11-29,-2.8467620722949505e-06,0.0,0.0,0.0,0.0,0.0
1989-11-30,-2.73289333563298e-06,0.0,0.0,0.0,0.0,0.0
1989-12-01,-2.6235647965222597e-06,0.0,0.0,0.0,0.0,0.0
1989-12-02,-2.5186309358105063e-06,0.0,0.0,0.0,0.0,0.0
1989-12-03,-2.4178734747692943e-06,0.0,-5.999999999985448,0.0,-5.999999999985448,10.0
1989-12-04,-2.32114689424634e-06,-30.0,1386.0000000001164,0.009999999999999787,1416.0000000001164,0.0
1989-12-05,-2.228334778919816e-06,29.829999999987194,42.00000000001455,0.010000000000000231,12.170000000027358,0.0
1989-12-06,-2.139204298146069e-06,0.0,-60.0,0.0,-60.0,0.0
1989-12-07,-2.0536244846880436e-06,0.0,-12.0,0.0,-12.0,0.0
1989-12-08,-1.971493475139141e-06,0.0,-150.0000000000291,-0.010000000000000009,-150.0000000000291,-50.0
1989-12-09,-1.8926220946013927e-06,0.0,-24.0,0.0,-24.0,30.0
1989-12-10,-1.8169230315834284e-06,0.0,0.0,0.0,0.0,0.0
1989-12-11,-1.7442216631025076e-06,0.0,0.0,0.0,0.0,0.0
1989-12-12,-1.674459781497717e-06,0.0,0.0,0.0,0.0,0.0
1989-12-13,-1.607462763786316e-06,0.0,0.0,0.0,0.0,0.0
1989-12-14,-1.543201506137848e-06,0.0,0.0,0.0,0.0,0.0
1989-12-15,-1.481443177908659e-06,0.0,0.0,0.0,0.0,0.0
1989-12-16,-1.4221877790987492e-06,0.0,0.0,0.0,0.0,0.0
1989-12-17,-1.3653479982167482e-06,0.0,0.0,0.0,0.0,0.0
1989-12-18,-1.310720108449459e-06,0.0,0.0,0.0,0.0,0.0
1989-12-19,-1.2582459021359682e-06,0.0,0.0,0.0,0.0,0.0
1989-12-20,-1.2079253792762756e-06,0.0,0.0,0.0,0.0,0.0
1989-12-21,-1.159583916887641e-06,0.0,0.0,0.0,0.0,0.0
1989-12-22,-1.113250618800521e-06,0.0,0.0,0.0,0.0,0.0
1989-12-23,-1.0687217582017183e-06,0.0,0.0,0.0,0.0,0.0
1989-12-24,-1.0259682312607765e-06,0.0,0.0,0.0,0.0,0.0
1989-12-25,-9.849027264863253e-07,0.0,0.0,0.0,0.0,0.0
1989-12-26,-9.455106919631362e-07,0.0,0.0,0.0,0.0,0.0
1989-12-27,-9.07661160454154e-07,0.0,0.0,0.0,0.0,0.0
1989-12-28,-8.713832357898355e-07,0.0,0.0,0.0,0.0,0.0
1989-12-29,-8.365168469026685e-07,0.0,0.0,0.0,0.0,0.0
1989-12-30,-8.030619937926531e-07,0.0,0.0,0.0,0.0,0.0
1989-12-31,-7.709313649684191e-07,0.14000000001396984,0.0,0.0,-0.14000000001396984,0.0
1990-01-01,-7.400813046842813e-07,-0.139999999984866,0.0,0.0,0.139999999984866,0.0
1990-01-02,-7.104536052793264e-07,0.0,0.0,0.0,0.0,0.0
1990-01-03,-6.820482667535543e-07,0.0,-6.0,0.0,-6.0,0.0
1990-01-04,-6.548070814460516e-07,0.0,0.0,0.0,0.0,0.0
1990-01-05,-6.285845302045345e-07,0.010000000009313226,0.0,0.0,-0.010000000009313226,0.0
1990-01-06,-6.034388206899166e-07,-57.63000000000466,1260.0000000000582,0.019999999999999574,1317.6300000000629,20.0
1990-01-07,-5.792826414108276e-07,5.379999999888241,1980.0000000002328,0.0,1974.6200000003446,30.0
1990-01-08,-5.561159923672676e-07,26.31000000005588,1098.0000000001164,0.0,1071.6900000000605,-10.0
1990-01-09,-5.3399708122015e-07,-0.7600000000093132,1524.0,0.0,1524.7600000000093,-10.0
1990-01-10,-5.125475581735373e-07,26.5,-17.999999999970896,0.009999999999999787,-44.499999999970896,0.0
1990-01-11,-4.920584615319967e-07,-0.0500000000174623,-48.000000000029104,0.0,-47.95000000001164,30.0
1990-01-12,-4.7238427214324474e-07,0.1999999999825377,-6.0,0.0,-6.199999999982538,0.0
1990-01-13,-4.5346678234636784e-07,-0.23000000001047738,-66.0,-0.010000000000000231,-65.76999999998952,-220.0
1990-01-14,-4.3536419980227947e-07,-0.029999999998835847,-12.000000000058208,0.0,-11.970000000059372,20.0
1990-01-15,-4.179601091891527e-07,0.08999999999650754,0.0,0.0,-0.08999999999650754,0.0
1990-01-16,-4.011963028460741e-07,-0.20999999999185093,-6.0,0.0,-5.790000000008149,0.0
1990-01-17,-3.8518919609487057e-07,0.0,-6.000000000029104,0.0,-6.000000000029104,0.0
1990-01-18,-3.6973506212234497e-07,0.0,0.0,0.0,0.0,0.0
1990-01-19,-3.5495031625032425e-07,0.0,0.0,0.0,0.0,0.0
1990-01-20,-3.407476469874382e-07,-0.08999999999650754,-6.000000000029104,0.0,-5.910000000032596,0.0
1990-01-21,-3.2715615816414356e-07,0.0,0.0,0.0,0.0,0.0
1990-01-22,-3.1411764211952686e-07,0.2699999999895226,-144.0,0.0,-144.26999999998952,30.0
1990-01-23,-3.0151568353176117e-07,-0.22000000000116415,-204.0000000000291,0.0,-203.78000000002794,10.0
1990-01-24,-2.894375938922167e-07,-0.07000000000698492,-108.0,-0.010000000000000231,-107.92999999999302,-110.0
1990-01-25,-2.7791247703135014e-07,0.029999999998835847,-264.0000000000291,-0.020000000000000018,-264.03000000002794,0.0
1990-01-26,-2.6676570996642113e-07,-0.029999999998835847,48.0,-0.009999999999999787,48.029999999998836,0.0
1990-01-27,-2.560555003583431e-07,0.0,-216.0,-0.010000000000000231,-216.0,-10.0
1990-01-28,-2.458400558680296e-07,0.07000000000698492,-209.9999999999709,-0.010000000000000231,-210.06999999997788,0.0
1990-01-29,-2.360029611736536e-07,0.0,-144.0,-0.009999999999999787,-144.0,-20.0
1990-01-30,-2.2654421627521515e-07,0.0,-89.9999999999709,0.0,-89.9999999999709,40.0
1990-01-31,-2.1746382117271423e-07,0.0,-84.0,-0.009999999999999787,-84.0,0.0
1990-02-01,-2.087908796966076e-07,0.0,-276.0000000000291,-0.040000000000000036,-276.0000000000291,0.0
1990-02-02,-2.0046718418598175e-07,0.0,-48.0,-0.009999999999999787,-48.0,0.0
1990-02-03,-1.9243452697992325e-07,0.0,-35.999999999970896,-0.009999999999999787,-35.999999999970896,0.0
1990-02-04,-1.8475111573934555e-07,0.0,0.0,0.0,0.0,0.0
1990-02-05,-1.7732963897287846e-07,0.029999999998835847,-203.9999999999709,0.0,-204.02999999996973,50.0
1990-02-06,-1.7022830434143543e-07,-0.4299999999930151,-173.9999999999709,-0.010000000000000231,-173.56999999997788,0.0
1990-02-07,-1.6344711184501648e-07,-196.5,-618.0,-0.08000000000000007,-421.5,0.0
1990-02-08,-1.5686964616179466e-07,196.86999999999534,131.9999999999709,0.0,-64.87000000002445,10.0
1990-02-09,-1.5061232261359692e-07,0.1900000000023283,-132.0000000000291,-0.020000000000000018,-132.19000000003143,0.0
1990-02-10,-1.4470424503087997e-07,-2.6199999999953434,354.0,0.0,356.61999999999534,0.0
1990-02-11,-1.3882527127861977e-07,-10.650000000023283,-60.0,-0.03000000000000025,-49.34999999997672,-10.0
1990-02-12,-1.3320823200047016e-07,12.829999999987194,-18.0,0.0,-30.829999999987194,0.0
1990-02-13,-1.278822310268879e-07,0.0,-24.000000000058208,0.0,-24.000000000058208,0.0
1990-02-14,-1.2281816452741623e-07,0.0,-12.000000000029104,0.0,-12.000000000029104,0.0
1990-02-15,-1.178705133497715e-07,0.0,-438.0000000000291,-0.03000000000000025,-438.0000000000291,0.0
1990-02-16,-1.1315569281578064e-07,0.0,-89.9999999999709,-0.010000000000000231,-89.9999999999709,0.0
1990-02-17,-1.0858639143407345e-07,0.0,-29.999999999970896,0.0,-29.999999999970896,0.0
1990-02-18,-1.0427902452647686e-07,0.09999999997671694,-42.0,-0.009999999999999787,-42.09999999997672,-10.0
1990-02-19,-1.0011717677116394e-07,-0.01999999998952262,-47.99999999994179,-0.009999999999999787,-47.97999999995227,0.0
1990-02-20,-9.612995199859142e-08,0.01999999998952262,-143.9999999999709,-0.010000000000000231,-144.01999999996042,-30.0
1990-02-21,-9.223003871738911e-08,-0.0500000000174623,-12.000000000058208,0.0,-11.950000000040745,0.0
1990-02-22,-8.853385224938393e-08,0.01999999998952262,-6.0,0.0,-6.019999999989523,0.0
1990-02-23,-8.501228876411915e-08,0.0,0.0,0.0,0.0,0.0
1990-02-24,-8.163624443113804e-08,0.01999999998952262,-6.0,0.0,-6.019999999989523,0.0
1990-02-25,-7.83184077590704e-08,0.0,-12.000000000029104,0.0,-12.000000000029104,0.0
1990-02-26,-7.526250556111336e-08,0.029999999998835847,0.0,0.0,-0.029999999998835847,0.0
1990-02-27,-7.220660336315632e-08,-0.059999999997671694,0.0,0.0,0.059999999997671694,0.0
1990-02-28,-6.935442797839642e-08,0.0,0.0,0.0,0.0,0.0
1990-03-01,-6.658956408500671e-08,0.0,0.0,0.0,0.0,0.0
1990-03-02,-6.394111551344395e-08,0.0,0.0,0.0,0.0,0.0
1990-03-03,-6.132177077233791e-08,0.12999999997555278,12.0,0.0,11.870000000024447,0.0
1990-03-04,-5.8818841353058815e-08,0.34999999997671694,0.0,0.0,-0.34999999997671694,0.0
1990-03-05,-5.649053491652012e-08,-0.47000000000116415,6.0,0.0,6.470000000001164,0.0
1990-03-06,-5.427864380180836e-08,0.07000000000698492,18.0,0.0,17.929999999993015,0.0
1990-03-07,-5.209585651755333e-08,1.0799999999871943,-12.0,0.0,-13.079999999987194,20.0
1990-03-08,-5.0029484555125237e-08,-1.1400000000139698,-30.0,0.0,-28.85999999998603,0.0
1990-03-09,-4.802132025361061e-08,-0.060000000026775524,-108.0,0.0,-107.93999999997322,20.0
1990-03-10,-4.6100467443466187e-08,0.01999999998952262,-72.0,-0.009999999999999787,-72.01999999998952,-10.0
1990-03-11,-4.426692612469196e-08,-0.059999999997671694,-17.999999999970896,0.0,-17.939999999973224,20.0
1990-03-12,-4.252069629728794e-08,0.0,-30.0,0.0,-30.0,0.0
1990-03-13,-4.0745362639427185e-08,0.0,-77.9999999999709,0.0,-77.9999999999709,20.0
1990-03-14,-3.91155481338501e-08,1.2300000000104774,-24.0,0.0,-25.230000000010477,20.0
1990-03-15,-3.757304511964321e-08,-1.0600000000267755,-30.0,0.0,-28.939999999973224,30.0
1990-03-16,-3.6117853596806526e-08,4.540000000008149,23.999999999970896,0.0,19.459999999962747,0.0
1990-03-17,-3.463355824351311e-08,0.07999999998719431,0.0,0.0,-0.07999999998719431,0.0
1990-03-18,-3.323657438158989e-08,1.2200000000011642,-390.0000000000291,0.0,-391.22000000003027,130.0
1990-03-19,-3.192690201103687e-08,1.610000000015134,-29.999999999970896,-0.009999999999999787,-31.60999999998603,-340.0
1990-03-20,-3.0617229640483856e-08,0.3200000000069849,-24.0,0.0,-24.320000000006985,10.0
1990-03-21,-2.9453076422214508e-08,1.4099999999743886,-113.99999999994179,0.0,-115.40999999991618,0.0
1990-03-22,-2.8230715543031693e-08,12.690000000002328,-371.9999999999418,0.0,-384.6899999999441,40.0
1990-03-23,-2.718297764658928e-08,-11.630000000004657,-150.0,-0.009999999999999787,-138.36999999999534,0.0
1990-03-24,-2.601882442831993e-08,-10.18999999994412,-239.9999999999418,0.0,-229.80999999999767,0.0
1990-03-25,-2.5029294192790985e-08,-0.10000000000582077,-300.0000000000291,0.0,-299.9000000000233,90.0
1990-03-26,-2.4068867787718773e-08,8.650000000023283,-54.0,0.0,-62.65000000002328,30.0
1990-03-27,-2.3050233721733093e-08,-8.39000000001397,-522.0000000000291,-0.010000000000000231,-513.6100000000151,-80.0
1990-03-28,-2.2206222638487816e-08,8.549999999988358,-180.0,0.0,-188.54999999998836,20.0
1990-03-29,-2.130400389432907e-08,-4.360000000015134,-120.0000000000291,-0.009999999999999787,-115.64000000001397,-140.0
1990-03-30,-2.043088898062706e-08,12.120000000053551,-305.9999999998836,0.0,-318.11999999993714,20.0
1990-03-31,-1.955777406692505e-08,2.400000000023283,-240.0,0.0,-242.40000000002328,110.0
1990-04-01,-1.885928213596344e-08,6.690000000002328,-342.0,0.0,-348.6900000000023,60.0
1990-04-02,-1.8044374883174896e-08,-3.3400000000256114,-282.0,-0.010000000000000231,-278.6599999999744,-140.0
1990-04-03,-1.7345882952213287e-08,-3.8800000000046566,-210.0,-0.010000000000000231,-206.11999999999534,-10.0
1990-04-04,-1.664739102125168e-08,3.9400000000023283,-234.0,0.0,-237.94000000000233,10.0
1990-04-05,-1.5919795259833336e-08,-3.279999999998836,-120.0,0.0,-116.72000000000116,0.0
1990-04-06,-1.5308614820241928e-08,2.2600000000093132,-504.0000000000291,-0.009999999999999787,-506.2600000000384,0.0
1990-04-07,-1.4726538211107254e-08,-5.550000000017462,-342.0,0.0,-336.44999999998254,0.0
1990-04-08,-1.4115357771515846e-08,-15.389999999984866,-126.0000000000291,0.0,-110.61000000004424,0.0
1990-04-09,-1.3562384992837906e-08,3.75,-59.99999999994179,-0.009999999999999787,-63.74999999994179,-90.0
1990-04-10,-1.3009412214159966e-08,2.4400000000023283,-60.000000000029104,0.0,-62.44000000003143,0.0
1990-04-11,-1.2485543265938759e-08,-6.0899999999965075,-18.000000000029104,0.0,-11.910000000032596,0.0
1990-04-12,-1.201988197863102e-08,2.4200000000128057,-36.000000000029104,0.0,-38.42000000004191,0.0
1990-04-13,-1.1525116860866547e-08,-0.0500000000174623,-60.0,0.0,-59.94999999998254,0.0
1990-04-14,-1.1059455573558807e-08,-2.360000000015134,-18.000000000029104,0.0,-15.64000000001397,0.0
1990-04-15,-1.05355866253376e-08,-0.029999999998835847,0.0,0.0,0.029999999998835847,0.0
1990-04-16,-1.0157236829400063e-08,-0.27999999999883585,0.0,0.0,0.27999999999883585,0.0
1990-04-17,-9.691575542092323e-09,0.0,-6.000000000029104,0.0,-6.000000000029104,0.0
1990-04-18,-9.400537237524986e-09,0.0,0.0,0.0,0.0,0.0
1990-04-19,-8.993083611130714e-09,0.0,0.0,0.0,0.0,0.0
1990-04-20,-8.64383764564991e-09,0.0,0.0,0.0,0.0,0.0
1990-04-21,-8.265487849712372e-09,0.0,-6.000000000029104,0.0,-6.000000000029104,0.0
1990-04-22,-7.974449545145035e-09,0.0,-18.0,0.0,-18.0,10.0
1990-04-23,-7.596099749207497e-09,0.17999999999301508,-72.0,-0.009999999999999787,-72.17999999999302,-70.0
1990-04-24,-7.334165275096893e-09,-0.1900000000023283,-30.0,0.0,-29.80999999999767,10.0
1990-04-25,-7.0140231400728226e-09,-0.059999999997671694,-414.0,-0.020000000000000462,-413.9400000000023,-10.0
1990-04-26,-6.810296326875687e-09,-0.030000000027939677,-372.0,-0.020000000000000462,-371.96999999997206,-20.0
1990-04-27,-6.51925802230835e-09,-891.75,3905.9999999995343,-1.6000000000000014,4797.749999999534,10.0
1990-04-28,-6.2282197177410126e-09,891.0900000000256,1074.0000000000582,0.08000000000000007,182.9100000000326,0.0
1990-04-29,-6.024492904543877e-09,1.070000000006985,-54.000000000029104,0.0,-55.07000000003609,20.0
1990-04-30,-5.73345459997654e-09,-0.139999999984866,-36.0,0.0,-35.860000000015134,0.0
1990-05-01,-5.558831617236137e-09,0.0,-12.0,0.0,-12.0,0.0
1990-05-02,-5.2677933126688e-09,0.0,-6.0,0.0,-6.0,0.0
1990-05-03,-5.0640664994716644e-09,0.0,-12.0,0.0,-12.0,0.0
1990-05-04,-4.889443516731262e-09,0.0,0.0,0.0,0.0,0.0
1990-05-05,-4.6566128730773926e-09,0.0,0.0,0.0,0.0,0.0
1990-05-06,-4.511093720793724e-09,0.0,0.0,0.0,0.0,0.0
1990-05-07,-4.336470738053322e-09,0.0,0.0,0.0,0.0,0.0
1990-05-08,-4.16184775531292e-09,-0.060000000026775524,0.0,0.0,0.060000000026775524,0.0
1990-05-09,-3.987224772572517e-09,0.0,0.0,0.0,0.0,0.0
1990-05-10,-3.754394128918648e-09,0.0,0.0,0.0,0.0,0.0
1990-05-11,-3.6670826375484467e-09,0.0,0.0,0.0,0.0,0.0
1990-05-12,-3.521563485264778e-09,-0.04000000000814907,0.0,0.0,0.04000000000814907,0.0
1990-05-13,-3.346940502524376e-09,-0.01999999998952262,0.0,0.0,0.01999999998952262,0.0
1990-05-14,-3.2014213502407074e-09,0.0,-11.999999999970896,0.0,-11.999999999970896,10.0
1990-05-15,-3.14321368932724e-09,0.0,0.0,0.0,0.0,0.0
1990-05-16,-2.9685907065868378e-09,0.0,0.0,0.0,0.0,0.0
1990-05-17,-2.852175384759903e-09,0.0,0.0,0.0,0.0,0.0
1990-05-18,-2.764863893389702e-09,0.0,0.0,0.0,0.0,0.0
1990-05-19,-2.648448571562767e-09,0.0,0.0,0.0,0.0,0.0
1990-05-20,-2.5029294192790985e-09,0.0,0.0,0.0,0.0,0.0
1990-05-21,-2.4156179279088974e-09,0.0,-24.000000000029104,0.0,-24.000000000029104,0.0
1990-05-22,-2.2992026060819626e-09,0.0,-96.0000000000291,-0.010000000000000231,-96.0000000000291,-20.0
1990-05-23,-2.1827872842550278e-09,0.010000000009313226,-137.9999999999709,0.0,-138.0099999999802,20.0
1990-05-24,-2.0954757928848267e-09,-0.03999999997904524,-24.0,0.0,-23.960000000020955,20.0
1990-05-25,-2.0372681319713593e-09,0.0,-12.000000000029104,0.0,-12.000000000029104,0.0
1990-05-26,-1.949956640601158e-09,0.0,-12.0,0.0,-12.0,10.0
1990-05-27,-1.8917489796876907e-09,0.0,-269.9999999999418,-0.009999999999999787,-269.9999999999418,0.0
1990-05-28,-1.8044374883174896e-09,-0.0500000000174623,-36.0,0.0,-35.94999999998254,0.0
1990-05-29,-1.7462298274040222e-09,0.0,-83.9999999999709,0.0,-83.9999999999709,40.0
1990-05-30,-1.6880221664905548e-09,0.01999999998952262,-96.0000000000291,-0.009999999999999787,-96.02000000001863,-40.0
1990-05-31,-1.6298145055770874e-09,-0.01999999998952262,-42.0,0.0,-41.98000000001048,10.0
1990-06-01,-1.57160684466362e-09,-0.029999999998835847,-6.0,0.0,-5.970000000001164,0.0
1990-06-02,-1.4551915228366852e-09,0.0500000000174623,-12.0,0.0,-12.050000000017462,0.0
1990-06-03,-1.3969838619232178e-09,0.0,-204.0000000000291,-0.009999999999999787,-204.0000000000291,0.0
1990-06-04,-1.367880031466484e-09,0.0,-24.000000000029104,0.0,-24.000000000029104,10.0
1990-06-05,-1.280568540096283e-09,0.029999999998835847,0.0,0.0,-0.029999999998835847,0.0
1990-06-06,-0.0001000011689029634,-0.04000000000814907,-492.0,-0.029999999999999805,-491.95999999999185,0.0
1990-06-07,-1.2223608791828156e-09,0.0,-18.0,0.0,-18.0,0.0
1990-06-08,-1.1641532182693481e-09,0.0,-66.0,0.0,-66.0,20.0
1990-06-09,-1.1059455573558807e-09,0.0,-95.9999999999709,0.0,-95.9999999999709,20.0
1990-06-10,-1.1059455573558807e-09,-0.04000000000814907,-251.9999999999709,-0.009999999999999787,-251.95999999996275,0.0
1990-06-11,-1.0186340659856796e-09,0.10999999998603016,-66.00000000005821,0.0,-66.11000000004424,20.0
1990-06-12,-9.89530235528946e-10,-1.2699999999895226,-510.0,-0.03000000000000025,-508.7300000000105,0.0
1990-06-13,-9.604264050722122e-10,1.3300000000162981,0.0,0.0,-1.3300000000162981,0.0
1990-06-14,-8.731149137020111e-10,0.0,0.0,0.0,0.0,0.0
1990-06-15,-8.731149137020111e-10,0.0,0.0,0.0,0.0,0.0
1990-06-16,-9.022187441587448e-10,0.0,0.0,0.0,0.0,0.0
1990-06-17,-8.440110832452774e-10,0.0,0.0,0.0,0.0,0.0
1990-06-18,-8.149072527885437e-10,0.0,0.0,0.0,0.0,0.0
1990-06-19,-7.275957614183426e-10,0.0,0.0,0.0,0.0,0.0
1990-06-20,-7.566995918750763e-10,0.0,0.0,0.0,0.0,0.0
1990-06-21,-7.566995918750763e-10,0.0,0.0,0.0,0.0,0.0
1990-06-22,-6.984919309616089e-10,0.01999999998952262,0.0,0.0,-0.01999999998952262,0.0
1990-06-23,-6.693881005048752e-10,0.0,0.0,0.0,0.0,0.0
1990-06-24,-6.402842700481415e-10,-0.029999999998835847,0.0,0.0,0.029999999998835847,0.0
1990-06-25,-6.111804395914078e-10,0.0,0.0,0.0,0.0,0.0
1990-06-26,-5.820766091346741e-10,0.059999999997671694,0.0,0.0,-0.059999999997671694,0.0
1990-06-27,-5.820766091346741e-10,0.0,0.0,0.0,0.0,0.0
1990-06-28,-5.529727786779404e-10,0.0,0.0,0.0,0.0,0.0
1990-06-29,-5.238689482212067e-10,0.01999999998952262,0.0,0.0,-0.01999999998952262,0.0
1990-06-30,-5.529727786779404e-10,0.0,0.0,0.0,0.0,0.0
1990-07-01,-5.238689482212067e-10,0.0,0.0,0.0,0.0,0.0
1990-07-02,-4.802132025361061e-10,0.0,0.0,0.0,0.0,0.0
1990-07-03,-4.3655745685100555e-10,0.0,0.0,0.0,0.0,0.0
1990-07-04,-4.3655745685100555e-10,0.0,0.0,0.0,0.0,0.0
1990-07-05,-4.220055416226387e-10,0.0,-6.000000000014552,0.0,-6.000000000014552,0.0
1990-07-06,-3.92901711165905e-10,0.010000000009313226,0.0,0.0,-0.010000000009313226,0.0
1990-07-07,-3.637978807091713e-10,0.029999999998835847,0.0,0.0,-0.029999999998835847,0.0
1990-07-08,-3.637978807091713e-10,0.0,0.0,0.0,0.0,0.0
1990-07-09,-3.4924596548080444e-10,0.0,0.0,0.0,0.0,0.0
1990-07-10,-3.055902197957039e-10,0.0,0.0,0.0,0.0,0.0
1990-07-11,-3.2014213502407074e-10,0.0,0.0,0.0,0.0,0.0
1990-07-12,-3.2014213502407074e-10,0.0,0.0,0.0,0.0,0.0
1990-07-13,-2.9103830456733704e-10,0.0,0.0,0.0,0.0,0.0
1990-07-14,-2.9103830456733704e-10,0.0,0.0,0.0,0.0,0.0
1990-07-15,-2.9103830456733704e-10,0.0,0.0,0.0,0.0,0.0
1990-07-16,-2.6193447411060333e-10,-0.029999999998835847,0.0,0.0,0.029999999998835847,0.0
1990-07-17,-2.6193447411060333e-10,0.0,0.0,0.0,0.0,0.0
1990-07-18,-2.3283064365386963e-10,0.0,0.0,0.0,0.0,0.0
1990-07-19,-2.1827872842550278e-10,0.029999999998835847,0.0,0.0,-0.029999999998835847,0.0
1990-07-20,-2.1827872842550278e-10,-0.00999999999476131,0.0,0.0,0.00999999999476131,0.0
1990-07-21,-2.1827872842550278e-10,0.0,0.0,0.0,0.0,0.0
1990-07-22,-2.1827872842550278e-10,0.0,0.0,0.0,0.0,0.0
1990-07-23,-2.0372681319713593e-10,0.0,0.0,0.0,0.0,0.0
1990-07-24,-1.7462298274040222e-10,0.0,0.0,0.0,0.0,0.0
1990-07-25,-1.8917489796876907e-10,0.0,0.0,0.0,0.0,0.0
1990-07-26,-1.7462298274040222e-10,0.0,0.0,0.0,0.0,0.0
1990-07-27,-1.4551915228366852e-10,0.0,0.0,0.0,0.0,0.0
1990-07-28,-1.7462298274040222e-10,0.0,0.0,0.0,0.0,0.0
1990-07-29,-1.4551915228366852e-10,0.0,0.0,0.0,0.0,0.0
1990-07-30,-1.6007106751203537e-10,0.020000000004074536,0.0,0.0,-0.020000000004074536,0.0
1990-07-31,-1.3096723705530167e-10,0.0,0.0,0.0,0.0,0.0
1990-08-01,-1.1641532182693481e-10,0.0,0.0,0.0,0.0,0.0
1990-08-02,-1.3096723705530167e-10,0.0,0.0,0.0,0.0,0.0
1990-08-03,-1.1641532182693481e-10,-0.020000000004074536,0.0,0.0,0.020000000004074536,0.0
1990-08-04,-1.4551915228366852e-10,0.00999999999476131,0.0,0.0,-0.00999999999476131,0.0
1990-08-05,-1.1641532182693481e-10,0.0,0.0,0.0,0.0,0.0
1990-08-06,-1.1641532182693481e-10,0.0,0.0,0.0,0.0,0.0
1990-08-07,-1.1641532182693481e-10,0.0,0.0,0.0,0.0,0.0
1990-08-08,-1.0186340659856796e-10,0.0,0.0,0.0,0.0,0.0
1990-08-09,-8.731149137020111e-11,0.0,0.0,0.0,0.0,0.0
1990-08-10,-1.0186340659856796e-10,0.0,0.0,0.0,0.0,0.0
1990-08-11,-7.275957614183426e-11,0.0,0.0,0.0,0.0,0.0
1990-08-12,-8.731149137020111e-11,0.0,0.0,0.0,0.0,0.0
1990-08-13,-8.003553375601768e-11,0.0,0.0,0.0,0.0,0.0
1990-08-14,-8.003553375601768e-11,0.0,0.0,0.0,0.0,0.0
1990-08-15,-8.731149137020111e-11,0.0,0.0,0.0,0.0,0.0
1990-08-16,-6.548361852765083e-11,0.0,0.0,0.0,0.0,0.0
1990-08-17,-7.275957614183426e-11,0.0,0.0,0.0,0.0,0.0
1990-08-18,-6.548361852765083e-11,0.0,0.0,0.0,0.0,0.0
1990-08-19,-5.820766091346741e-11,0.0,0.0,0.0,0.0,0.0
1990-08-20,-5.820766091346741e-11,0.0,0.0,0.0,0.0,0.0
1990-08-21,-5.820766091346741e-11,0.0,0.0,0.0,0.0,0.0
1990-08-22,-5.093170329928398e-11,-0.00999999999476131,0.0,0.0,0.00999999999476131,0.0
1990-08-23,-3.637978807091713e-11,-0.010000000002037268,0.0,0.0,0.010000000002037268,0.0
1990-08-24,-4.3655745685100555e-11,0.0,0.0,0.0,0.0,0.0
1990-08-25,-5.093170329928398e-11,0.0,0.0,0.0,0.0,0.0
1990-08-26,-3.637978807091713e-11,0.0,0.0,0.0,0.0,0.0
1990-08-27,-4.3655745685100555e-11,0.0,0.0,0.0,0.0,0.0
1990-08-28,-4.3655745685100555e-11,0.0,0.0,0.0,0.0,0.0
1990-08-29,-5.093170329928398e-11,0.0,0.0,0.0,0.0,0.0
1990-08-30,-3.637978807091713e-11,0.00999999999476131,0.0,0.0,-0.00999999999476131,0.0
1990-08-31,-2.9103830456733704e-11,0.0,0.0,0.0,0.0,0.0
1990-09-01,-3.637978807091713e-11,0.0,0.0,0.0,0.0,0.0
1990-09-02,-2.9103830456733704e-11,0.0,0.0,0.0,0.0,0.0
1990-09-03,-2.1827872842550278e-11,0.0,0.0,0.0,0.0,0.0
1990-09-04,-2.1827872842550278e-11,0.0,0.0,0.0,0.0,0.0
1990-09-05,-3.637978807091713e-11,0.0,0.0,0.0,0.0,0.0
1990-09-06,-3.637978807091713e-11,0.0,0.0,0.0,0.0,0.0
1990-09-07,-2.9103830456733704e-11,0.0,0.0,0.0,0.0,0.0
1990-09-08,-2.9103830456733704e-11,0.0,0.0,0.0,0.0,0.0
1990-09-09,-2.1827872842550278e-11,0.0,0.0,0.0,0.0,0.0
1990-09-10,-2.1827872842550278e-11,0.0,0.0,0.0,0.0,0.0
1990-09-11,-2.9103830456733704e-11,0.0,0.0,0.0,0.0,0.0
1990-09-12,-2.9103830456733704e-11,0.0,0.0,0.0,0.0,0.0
1990-09-13,-1.4551915228366852e-11,0.0,0.0,0.0,0.0,0.0
1990-09-14,-2.1827872842550278e-11,0.0,0.0,0.0,0.0,0.0
1990-09-15,-2.9103830456733704e-11,0.0,0.0,0.0,0.0,0.0
1990-09-16,-2.1827872842550278e-11,0.0,0.0,0.0,0.0,0.0
1990-09-17,-2.1827872842550278e-11,0.0,0.0,0.0,0.0,0.0
1990-09-18,-2.1827872842550278e-11,0.0,0.0,0.0,0.0,0.0
1990-09-19,-2.1827872842550278e-11,0.010000000002037268,0.0,0.0,-0.010000000002037268,0.0
1990-09-20,-2.9103830456733704e-11,0.0,0.0,0.0,0.0,0.0
1990-09-21,-1.4551915228366852e-11,0.0,0.0,0.0,0.0,0.0
1990-09-22,-1.4551915228366852e-11,0.0,0.0,0.0,0.0,0.0
1990-09-23,-1.8189894035458565e-11,0.0,0.0,0.0,0.0,0.0
1990-09-24,-1.8189894035458565e-11,0.0,0.0,0.0,0.0,0.0
1990-09-25,-1.4551915228366852e-11,0.01999999999679858,0.0,0.0,-0.01999999999679858,0.0
1990-09-26,-1.8189894035458565e-11,0.00999999999839929,0.0,0.0,-0.00999999999839929,0.0
1990-09-27,-1.4551915228366852e-11,0.0,0.0,0.0,0.0,0.0
1990-09-28,-1.8189894035458565e-11,0.0,0.0,0.0,0.0,0.0
1990-09-29,-1.0913936421275139e-11,0.0,0.0,0.0,0.0,0.0
1990-09-30,-1.4551915228366852e-11,0.0,0.0,0.0,0.0,0.0
1990-10-01,-7.275957614183426e-12,0.0,0.0,0.0,0.0,0.0
1990-10-02,-1.0913936421275139e-11,0.0,0.0,0.0,0.0,0.0
1990-10-03,-1.0913936421275139e-11,0.0,0.0,0.0,0.0,0.0
1990-10-04,-1.0913936421275139e-11,0.0,0.0,0.0,0.0,0.0
1990-10-05,-1.0913936421275139e-11,-0.00999999999839929,0.0,0.0,0.00999999999839929,0.0
1990-10-06,-7.275957614183426e-12,0.0,0.0,0.0,0.0,0.0
1990-10-07,-1.0913936421275139e-11,0.0,0.0,0.0,0.0,0.0
1990-10-08,-3.637978807091713e-12,0.0,0.0,0.0,0.0,0.0
1990-10-09,-1.0913936421275139e-11,0.0,0.0,0.0,0.0,0.0
1990-10-10,-3.637978807091713e-12,0.0,0.0,0.0,0.0,0.0
1990-10-11,-3.637978807091713e-12,0.0,0.0,0.0,0.0,0.0
1990-10-12,0.0,0.0,0.0,0.0,0.0,0.0
1990-10-13,0.0,0.0,0.0,0.0,0.0,0.0
1990-10-14,0.0,0.0,0.0,0.0,0.0,0.0
1990-10-15,0.0,0.0,0.0,0.0,0.0,0.0
1990-10-16,0.0,-0.010000000002037268,0.0,0.0,0.010000000002037268,0.0
1990-10-17,-7.275957614183426e-12,0.0,0.0,0.0,0.0,0.0
1990-10-18,-7.275957614183426e-12,0.0,0.0,0.0,0.0,0.0
1990-10-19,-4.3848558561876416e-08,0.0,0.0,0.0,0.0,0.0
1990-10-20,-4.805406206287444e-07,0.0,0.0,0.0,0.0,0.0
1990-10-21,-4.6131026465445757e-07,-0.27000000000407454,954.0,0.030000000000000027,954.2700000000041,10.0
1990-10-22,-4.428657121025026e-07,0.20999999999912689,-7.80000000000291,0.0,-8.010000000002037,0.0
1990-10-23,-4.2514875531196594e-07,-0.00999999999476131,0.0,0.0,0.00999999999476131,0.0
1990-10-24,-4.081448423676193e-07,0.0,0.0,0.0,0.0,0.0
1990-10-25,-3.9182486943900585e-07,0.0,0.0,0.0,0.0,0.0
1990-10-26,-3.7614518078044057e-07,0.020000000004074536,0.0,0.0,-0.020000000004074536,0.0
1990-10-27,-3.6109850043430924e-07,0.0,0.0,0.0,0.0,0.0
1990-10-28,-3.466702764853835e-07,0.0,0.0,0.0,0.0,0.0
1990-10-29,-3.328023012727499e-07,0.0,-5.400000000008731,-0.0010000000000000009,-5.400000000008731,-20.0
1990-10-30,-3.1948729883879423e-07,0.0,38.40000000000873,0.0,38.40000000000873,0.0
1990-10-31,-3.0669616535305977e-07,0.0,-11.400000000008731,0.0,-11.400000000008731,0.0
1990-11-01,-2.944289008155465e-07,-0.029999999998835847,-2.400000000023283,0.0,-2.370000000024447,0.0
1990-11-02,-2.8264184948056936e-07,0.0,0.0,0.0,0.0,0.0
1990-11-03,-2.713495632633567e-07,0.5899999999965075,-4.19999999999709,0.0,-4.789999999993597,0.0
1990-11-04,-2.605083864182234e-07,-0.5500000000029104,-60.00000000001455,0.0,-59.45000000001164,20.0
1990-11-05,-2.5007466319948435e-07,-0.05000000000291038,-6.000000000014552,0.0,-5.9500000000116415,0.0
1990-11-06,-2.400774974375963e-07,0.0,0.0,0.0,0.0,0.0
1990-11-07,-2.3048778530210257e-07,0.05000000000291038,-24.0,0.0,-24.05000000000291,10.0
1990-11-08,-2.2127642296254635e-07,-0.059999999997671694,-6.000000000014552,0.0,-5.94000000001688,0.0
1990-11-09,-2.1239975467324257e-07,-0.11000000000058208,-17.999999999985448,0.0,-17.889999999984866,20.0
1990-11-10,-2.039159880951047e-07,0.010000000009313226,0.0,0.0,-0.010000000009313226,0.0
1990-11-11,-1.957523636519909e-07,-0.00999999999476131,0.0,0.0,0.00999999999476131,0.0
1990-11-12,-1.879379851743579e-07,0.0,-6.0,0.0,-6.0,10.0
1990-11-13,-1.8044374883174896e-07,-0.3799999999755528,738.0000000000291,0.020000000000000018,738.3800000000047,-10.0
1990-11-14,-1.7316779121756554e-07,0.4299999999930151,0.0,0.0,-0.4299999999930151,0.0
1990-11-15,-1.6622652765363455e-07,-0.029999999998835847,0.0,0.0,0.029999999998835847,0.0
1990-11-16,-1.595763023942709e-07,0.0,0.0,0.0,0.0,0.0
1990-11-17,-1.5320256352424622e-07,0.0,0.0,0.0,0.0,0.0
1990-11-18,-1.4707620721310377e-07,0.010000000009313226,-5.999999999985448,0.0,-6.009999999994761,10.0
1990-11-19,-1.4121178537607193e-07,-0.030000000027939677,-42.0,0.0,-41.96999999997206,10.0
1990-11-20,-1.355656422674656e-07,0.059999999997671694,-59.999999999970896,0.0,-60.05999999996857,10.0
1990-11-21,-1.3009412214159966e-07,0.22000000000116415,-150.0,0.0,-150.22000000000116,30.0
1990-11-22,-1.2491364032030106e-07,-0.27999999999883585,-144.0,0.0,-143.72000000000116,30.0
1990-11-23,-1.1987867765128613e-07,0.0,-6.0,0.0,-6.0,10.0
1990-11-24,-1.1525116860866547e-07,-43.43999999994412,2628.0,-0.09999999999999787,2671.439999999944,-40.0
1990-11-25,-1.1047814041376114e-07,41.10000000000582,-156.0000000000291,-0.010000000000000231,-197.10000000003492,-30.0
1990-11-26,-1.0614166967570782e-07,2.179999999993015,-66.0000000000291,0.0,-68.18000000002212,0.0
1990-11-27,-1.0186340659856796e-07,-1.4500000000116415,-120.0,0.0,-118.54999999998836,30.0
1990-11-28,-9.781797416508198e-08,1.4100000000034925,-24.000000000029104,0.0,-25.410000000032596,10.0
1990-11-29,-9.388895705342293e-08,5.849999999976717,-318.0,-0.010000000000000675,-323.8499999999767,-20.0
1990-11-30,-9.010545909404755e-08,-6.040000000008149,-120.0000000000291,0.0,-113.96000000002095,0.0
1990-12-01,-8.64383764564991e-08,-23.55999999999767,-306.0,-0.10000000000000053,-282.4400000000023,0.0
1990-12-02,-8.303322829306126e-08,23.670000000012806,-12.000000000029104,0.0,-35.67000000004191,0.0
1990-12-03,-7.974449545145035e-08,0.0,-83.9999999999709,0.0,-83.9999999999709,30.0
1990-12-04,-7.657217793166637e-08,1.1699999999837019,-168.0,-0.010000000000000231,-169.1699999999837,-50.0
1990-12-05,-7.34871719032526e-08,-0.29999999998835847,-12.000000000029104,0.0,-11.700000000040745,0.0
1990-12-06,-7.05476850271225e-08,-0.8799999999755528,-18.000000000029104,0.0,-17.12000000005355,0.0
1990-12-07,-6.772461347281933e-08,0.0,0.0,0.0,0.0,0.0
1990-12-08,-6.50179572403431e-08,0.12999999997555278,-48.000000000029104,0.0,-48.13000000000466,0.0
1990-12-09,-6.239861249923706e-08,14.400000000023283,-221.9999999999418,0.0,-236.39999999996508,20.0
1990-12-10,-5.989568307995796e-08,-17.71999999997206,-402.0000000000582,-0.009999999999999787,-384.28000000008615,0.0
1990-12-11,-5.753827281296253e-08,3.129999999975553,-48.0,0.0,-51.12999999997555,0.0
1990-12-12,-5.5209966376423836e-08,-0.029999999998835847,-42.0,0.0,-41.970000000001164,30.0
1990-12-13,-5.296897143125534e-08,0.0,-42.0,0.0,-42.0,30.0
1990-12-14,-5.0873495638370514e-08,0.0,-17.999999999970896,-0.010000000000000231,-17.999999999970896,-60.0
1990-12-15,-4.877801984548569e-08,0.0,-96.00000000005821,-0.010000000000000231,-96.00000000005821,-160.0
1990-12-16,-4.6886270865797997e-08,0.0,-107.9999999999709,-0.020000000000000018,-107.9999999999709,0.0
1990-12-17,-4.493631422519684e-08,0.7800000000279397,-120.0,0.0,-120.78000000002794,80.0
1990-12-18,-4.321918822824955e-08,-0.7399999999906868,-216.0,-0.020000000000000018,-215.2600000000093,0.0
1990-12-19,-4.1443854570388794e-08,0.0,-120.0,-0.020000000000000018,-120.0,0.0
1990-12-20,-3.9814040064811707e-08,0.0,-66.0,-0.009999999999999787,-66.0,0.0
1990-12-21,-3.818422555923462e-08,0.0,-36.0,-0.009999999999999787,-36.0,0.0
1990-12-22,-3.66999302059412e-08,0.0,-42.0,-0.010000000000000231,-42.0,0.0
1990-12-23,-3.521563485264778e-08,0.059999999997671694,-29.999999999970896,-0.010000000000000231,-30.059999999968568,0.0
1990-12-24,-3.378954716026783e-08,-0.059999999997671694,-24.000000000029104,0.0,-23.940000000031432,10.0
1990-12-25,-3.245077095925808e-08,-0.010000000009313226,-30.0,0.0,-29.989999999990687,10.0
1990-12-26,-3.114109858870506e-08,0.0,-78.0,-0.010000000000000231,-78.0,-50.0
1990-12-27,-2.9889633879065514e-08,0.0,-95.9999999999709,-0.010000000000000231,-95.9999999999709,-40.0
1990-12-28,-2.8783688321709633e-08,0.0,-24.000000000058208,0.0,-24.000000000058208,0.0
1990-12-29,-2.759043127298355e-08,0.0,-11.999999999970896,0.0,-11.999999999970896,0.0
1990-12-30,-2.648448571562767e-08,0.0,-6.0,0.0,-6.0,0.0
1990-12-31,-2.546585164964199e-08,0.0,-24.0,0.0,-24.0,20.0
1991-01-01,-2.4389009922742844e-08,0.0,-36.0,0.0,-36.0,10.0
1991-01-02,-2.3457687348127365e-08,0.0,-30.0,-0.009999999999999787,-30.0,-10.0
1991-01-03,-2.2526364773511887e-08,0.0,-24.000000000058208,0.0,-24.000000000058208,0.0
1991-01-04,-2.1624146029353142e-08,0.0,-6.0,0.0,-6.0,0.0
1991-01-05,-2.0780134946107864e-08,0.0,-6.000000000029104,0.0,-6.000000000029104,0.0
1991-01-06,-1.9936123862862587e-08,0.0,-6.000000000029104,0.0,-6.000000000029104,0.0
1991-01-07,-1.9121216610074043e-08,0.0,-24.0,0.0,-24.0,10.0
1991-01-08,-1.8364517018198967e-08,0.010000000009313226,-6.000000000029104,0.0,-6.010000000038417,10.0
1991-01-09,-1.7636921256780624e-08,-0.029999999998835847,-6.0,0.0,-5.970000000001164,0.0
1991-01-10,-1.6880221664905548e-08,-38.25,905.9999999998836,0.009999999999999787,944.2499999998836,0.0
1991-01-11,-1.641456037759781e-08,2.3699999999953434,1008.0000000001164,0.010000000000000675,1005.6300000001211,-60.0
1991-01-12,-1.5599653124809265e-08,-21.690000000060536,1757.9999999997672,0.02000000000000135,1779.6899999998277,-10.0
1991-01-13,-1.501757651567459e-08,-3.3700000001117587,1799.9999999998836,0.019999999999999574,1803.3699999999953,0.0
1991-01-14,-1.4435499906539917e-08,19.240000000223517,1404.0000000004657,0.0,1384.7600000002421,-10.0
1991-01-15,-1.3853423297405243e-08,-118.81000000005588,462.0000000001164,0.0,580.8100000001723,0.0
1991-01-16,-1.3329554349184036e-08,161.19000000000233,-66.0,0.04999999999999982,-227.19000000000233,0.0
1991-01-17,-1.2689270079135895e-08,14.559999999997672,-35.99999999994179,0.0,-50.559999999939464,30.0
1991-01-18,-1.2223608791828156e-08,0.8499999999767169,-210.0,0.0,-210.84999999997672,40.0
1991-01-19,-1.1757947504520416e-08,-15.660000000003492,-144.0,-0.009999999999999787,-128.3399999999965,0.0
1991-01-20,-1.132139004766941e-08,0.0,-30.0,0.0,-30.0,0.0
1991-01-21,-1.0826624929904938e-08,0.0,-90.0,-0.009999999999999787,-90.0,-200.0
1991-01-22,-1.0419171303510666e-08,0.0,-66.0,0.0,-66.0,10.0
1991-01-23,-9.98261384665966e-09,0.0,-12.0,0.0,-12.0,0.0
1991-01-24,-9.575160220265388e-09,-0.01999999998952262,0.0,0.0,0.01999999998952262,0.0
1991-01-25,-9.225914254784584e-09,0.0,0.0,0.0,0.0,0.0
1991-01-26,-8.847564458847046e-09,0.0,-6.0,0.0,-6.0,0.0
1991-01-27,-8.498318493366241e-09,0.0,-6.000000000029104,0.0,-6.000000000029104,0.0
1991-01-28,-8.149072527885437e-09,0.0,-12.0,-0.009999999999999787,-12.0,-140.0
1991-01-29,-7.799826562404633e-09,0.0,-36.0,-0.009999999999999787,-36.0,-110.0
1991-01-30,-7.508788257837296e-09,0.010000000009313226,-6.0,0.0,-6.010000000009313,0.0
1991-01-31,-7.275957614183426e-09,0.04999999998835847,-17.999999999970896,-0.010000000000000231,-18.049999999959255,-150.0
1991-02-01,-6.984919309616089e-09,0.4400000000023283,-6.000000000029104,0.0,-6.440000000031432,0.0
1991-02-02,-6.693881005048752e-09,-3.150000000023283,-114.0,0.0,-110.84999999997672,10.0
1991-02-03,-6.461050361394882e-09,4.059999999997672,-198.0000000000582,0.0,-202.06000000005588,30.0
1991-02-04,-6.170012056827545e-09,3.5599999999976717,-360.0000000000582,-0.009999999999999787,-363.5600000000559,0.0
1991-02-05,-5.878973752260208e-09,-2.7100000000209548,-204.0,0.0,-201.28999999997905,0.0
1991-02-06,-5.6461431086063385e-09,0.29999999998835847,-42.000000000029104,0.0,-42.30000000001746,10.0
1991-02-07,-5.471520125865936e-09,-0.6900000000023283,-47.999999999970896,0.0,-47.30999999996857,0.0
1991-02-08,-5.180481821298599e-09,-0.20000000001164153,-18.0,0.0,-17.79999999998836,0.0
1991-02-09,-4.976755008101463e-09,-2.139999999984866,-12.000000000029104,0.0,-9.860000000044238,0.0
1991-02-10,-4.773028194904327e-09,-0.17000000001280569,-6.000000000029104,0.0,-5.830000000016298,0.0
1991-02-11,-4.6566128730773926e-09,0.139999999984866,-6.000000000029104,0.0,-6.14000000001397,10.0
1991-02-12,-4.423782229423523e-09,-0.5,-552.0,-0.020000000000000462,-551.5,0.0
1991-02-13,-4.307366907596588e-09,-2.4699999999720603,-270.0,-0.019999999999999574,-267.53000000002794,-10.0
1991-02-14,-4.0745362639427185e-09,2.720000000001164,-72.0000000000291,-0.010000000000000231,-74.72000000003027,-130.0
1991-02-15,-3.958120942115784e-09,0.06999999997788109,-30.0,0.0,-30.06999999997788,0.0
1991-02-16,-3.754394128918648e-09,-0.06999999997788109,-191.9999999999418,-0.010000000000000231,-191.9299999999639,-10.0
1991-02-17,-3.6088749766349792e-09,0.0,-162.0,-0.009999999999999787,-162.0,-30.0
1991-02-18,-3.4924596548080444e-09,0.0,-126.0000000000291,-0.009999999999999787,-126.0000000000291,-80.0
1991-02-19,-3.3178366720676422e-09,-3.2800000000279397,-473.9999999999418,-0.020000000000000462,-470.71999999991385,0.0
1991-02-20,-3.2014213502407074e-09,0.9100000000325963,-347.9999999999418,-0.009999999999999787,-348.9099999999744,0.0
1991-02-21,-3.055902197957039e-09,2.070000000006985,-6.0,0.0,-8.070000000006985,0.0
1991-02-22,-2.9685907065868378e-09,-0.029999999998835847,0.0,0.0,0.029999999998835847,0.0
1991-02-23,-2.852175384759903e-09,-0.010000000009313226,-6.000000000029104,0.0,-5.990000000019791,0.0
1991-02-24,-2.7066562324762344e-09,0.01999999998952262,-12.0,0.0,-12.019999999989523,0.0
1991-02-25,-2.648448571562767e-09,-0.01999999998952262,0.0,0.0,0.01999999998952262,0.0
1991-02-26,-2.5029294192790985e-09,0.0,0.0,0.0,0.0,0.0
1991-02-27,-2.473825588822365e-09,0.0,0.0,0.0,0.0,0.0
1991-02-28,-2.3283064365386963e-09,0.0,0.0,0.0,0.0,0.0
1991-03-01,-2.270098775625229e-09,0.01999999998952262,-12.000000000029104,0.0,-12.020000000018626,10.0
1991-03-02,-2.0954757928848267e-09,0.1300000000046566,618.0000000000582,0.009999999999999787,617.8700000000536,0.0
1991-03-03,-2.0954757928848267e-09,-21.68999999994412,84.0,-0.1999999999999993,105.68999999994412,10.0
1991-03-04,-1.979060471057892e-09,20.099999999976717,-102.0,-0.009999999999999787,-122.09999999997672,-30.0
1991-03-05,-1.9208528101444244e-09,1.5299999999988358,-102.0000000000291,0.0,-103.53000000002794,20.0
1991-03-06,-1.7462298274040222e-09,0.0,-300.0,-0.020000000000000462,-300.0,-10.0
1991-03-07,-1.8044374883174896e-09,0.0,-120.0,0.0,-120.0,30.0
1991-03-08,-1.6298145055770874e-09,0.0,-83.9999999999709,0.0,-83.9999999999709,30.0
1991-03-09,-1.6589183360338211e-09,0.0,-83.9999999999709,0.0,-83.9999999999709,10.0
1991-03-10,-1.4842953532934189e-09,0.0,-132.0000000000291,0.0,-132.0000000000291,30.0
1991-03-11,-1.4551915228366852e-09,-0.7300000000104774,-203.9999999999709,0.0,-203.26999999996042,80.0
1991-03-12,-1.5133991837501526e-09,-3.150000000023283,-203.9999999999418,-0.009999999999999787,-200.8499999999185,-30.0
1991-03-13,-1.3969838619232178e-09,4.080000000016298,-6.0,0.0,-10.080000000016298,10.0
1991-03-14,-1.280568540096283e-09,-0.10999999998603016,-54.0,0.0,-53.89000000001397,20.0
1991-03-15,-1.280568540096283e-09,0.0,-17.999999999970896,0.0,-17.999999999970896,0.0
1991-03-16,-1.1932570487260818e-09,-0.01999999998952262,-6.0,0.0,-5.980000000010477,0.0
1991-03-17,-1.1641532182693481e-09,0.0,-30.0,0.0,-30.0,0.0
1991-03-18,-1.076841726899147e-09,0.0,-6.000000000029104,0.0,-6.000000000029104,0.0
1991-03-19,-1.0186340659856796e-09,0.0,0.0,0.0,0.0,0.0
1991-03-20,-9.89530235528946e-10,-0.029999999998835847,0.0,0.0,0.029999999998835847,0.0
1991-03-21,-9.89530235528946e-10,-0.029999999998835847,-6.0,0.0,-5.970000000001164,0.0
1991-03-22,-9.313225746154785e-10,0.0,-23.999999999970896,0.0,-23.999999999970896,10.0
1991-03-23,-8.731149137020111e-10,0.0,-48.000000000029104,-0.010000000000000231,-48.000000000029104,-260.0
1991-03-24,-8.731149137020111e-10,0.17000000001280569,-18.000000000029104,0.0,-18.17000000004191,0.0
1991-03-25,-8.149072527885437e-10,-0.18999999997322448,0.0,0.0,0.18999999997322448,0.0
1991-03-26,-7.275957614183426e-10,0.07000000000698492,0.0,0.0,-0.07000000000698492,0.0
1991-03-27,-7.566995918750763e-10,0.0,0.0,0.0,0.0,0.0
1991-03-28,-7.275957614183426e-10,-0.04000000000814907,0.0,0.0,0.04000000000814907,0.0
1991-03-29,-7.275957614183426e-10,0.0,0.0,0.0,0.0,0.0
1991-03-30,-6.402842700481415e-10,0.0,-6.0,0.0,-6.0,0.0
1991-03-31,-6.402842700481415e-10,-0.01999999998952262,-6.0,0.0,-5.980000000010477,0.0
1991-04-01,-6.111804395914078e-10,-0.029999999998835847,0.0,0.0,0.029999999998835847,0.0
1991-04-02,-6.402842700481415e-10,0.0,0.0,0.0,0.0,0.0
1991-04-03,-5.820766091346741e-10,0.08000000001629815,-6.0,0.0,-6.080000000016298,0.0
1991-04-04,-5.820766091346741e-10,0.0,-228.0,-0.009999999999999787,-228.0,-10.0
1991-04-05,-5.529727786779404e-10,0.0,-264.0,-0.010000000000000231,-264.0,0.0
1991-04-06,9.999948088079691e-05,0.22000000000116415,-95.9999999999709,0.0,-96.21999999997206,10.0
1991-04-07,-5.238689482212067e-10,-1.4500000000116415,-204.0,-0.009999999999999787,-202.54999999998836,0.0
1991-04-08,-4.656612873077393e-10,-2.9600000000209548,-900.0,-0.0699999999999994,-897.039999999979,0.0
1991-04-09,-4.656612873077393e-10,-1.1899999999441206,-575.9999999998836,0.0,-574.8099999999395,20.0
1991-04-10,-4.656612873077393e-10,4.619999999995343,-335.9999999999709,-0.04999999999999982,-340.61999999996624,0.0
1991-04-11,-4.3655745685100555e-10,0.7600000000093132,-318.0,-0.04999999999999982,-318.7600000000093,0.0
1991-04-12,-4.0745362639427185e-10,-0.060000000026775524,-48.0,-0.009999999999999787,-47.939999999973224,-30.0
1991-04-13,-3.7834979593753815e-10,0.9700000000011642,-72.0000000000291,-0.009999999999999787,-72.97000000003027,-60.0
1991-04-14,-4.0745362639427185e-10,-1.0299999999988358,-53.999999999970896,0.0,-52.96999999997206,20.0
1991-04-15,-4.0745362639427185e-10,0.029999999998835847,-30.0,0.0,-30.029999999998836,0.0
1991-04-16,-3.2014213502407074e-10,0.029999999998835847,-18.0,-0.009999999999999787,-18.029999999998836,-100.0
1991-04-17,-3.2014213502407074e-10,0.0,-6.000000000058208,0.0,-6.000000000058208,0.0
1991-04-18,-3.2014213502407074e-10,0.0,0.0,0.0,0.0,0.0
1991-04-19,-3.2014213502407074e-10,0.0,0.0,0.0,0.0,0.0
1991-04-20,-3.7834979593753815e-10,0.0,0.0,0.0,0.0,0.0
1991-04-21,-2.9103830456733704e-10,0.0,0.0,0.0,0.0,0.0
1991-04-22,-3.2014213502407074e-10,0.0,0.0,0.0,0.0,0.0
1991-04-23,-2.3283064365386963e-10,0.0,0.0,0.0,0.0,0.0
1991-04-24,-2.6193447411060333e-10,0.0,0.0,0.0,0.0,0.0
1991-04-25,-2.3283064365386963e-10,0.0,-30.0,0.0,-30.0,10.0
1991-04-26,-2.3283064365386963e-10,0.2600000000093132,-167.9999999999709,0.0,-168.2599999999802,10.0
1991-04-27,-2.9103830456733704e-10,-0.23000000001047738,-96.0,-0.009999999999999787,-95.76999999998952,-20.0
1991-04-28,-2.3283064365386963e-10,0.0,-30.000000000029104,0.0,-30.000000000029104,0.0
1991-04-29,-2.0372681319713593e-10,0.0,0.0,0.0,0.0,0.0
1991-04-30,-2.3283064365386963e-10,-0.010000000009313226,0.0,0.0,0.010000000009313226,0.0
1991-05-01,-2.3283064365386963e-10,0.0,0.0,0.0,0.0,0.0
1991-05-02,-1.7462298274040222e-10,0.0,0.0,0.0,0.0,0.0
1991-05-03,-1.7462298274040222e-10,-0.029999999998835847,0.0,0.0,0.029999999998835847,0.0
1991-05-04,-2.0372681319713593e-10,0.0,0.0,0.0,0.0,0.0
1991-05-05,-1.7462298274040222e-10,-0.029999999998835847,0.0,0.0,0.029999999998835847,0.0
1991-05-06,-2.0372681319713593e-10,0.0,0.0,0.0,0.0,0.0
1991-05-07,-2.3283064365386963e-10,0.0,-138.0,0.0,-138.0,30.0
1991-05-08,-2.0372681319713593e-10,0.0,-210.0,0.0,-210.0,10.0
1991-05-09,-1.7462298274040222e-10,0.0,-29.999999999970896,0.0,-29.999999999970896,20.0
1991-05-10,-1.7462298274040222e-10,0.0,-11.999999999970896,0.0,-11.999999999970896,0.0
1991-05-11,-2.0372681319713593e-10,0.0,-12.0,0.0,-12.0,0.0
1991-05-12,-1.7462298274040222e-10,0.0,-6.0,0.0,-6.0,0.0
1991-05-13,-1.7462298274040222e-10,0.0,-6.0,0.0,-6.0,0.0
1991-05-14,-1.7462298274040222e-10,0.0,0.0,0.0,0.0,0.0
1991-05-15,-1.4551915228366852e-10,0.0,-6.0,0.0,-6.0,0.0
1991-05-16,-1.4551915228366852e-10,0.0,-18.0,0.0,-18.0,20.0
1991-05-17,-1.4551915228366852e-10,0.0,-324.0,-0.020000000000000018,-324.0,0.0
1991-05-18,-1.4551915228366852e-10,0.08000000001629815,-90.0,0.0,-90.0800000000163,20.0
1991-05-19,-1.1641532182693481e-10,-0.060000000026775524,-24.0,0.0,-23.939999999973224,20.0
1991-05-20,-1.7462298274040222e-10,-0.029999999998835847,-6.0,0.0,-5.970000000001164,0.0
1991-05-21,-1.1641532182693481e-10,0.0,0.0,0.0,0.0,0.0
1991-05-22,-1.7462298274040222e-10,0.0,0.0,0.0,0.0,0.0
1991-05-23,-1.4551915228366852e-10,0.0,0.0,0.0,0.0,0.0
1991-05-24,-1.1641532182693481e-10,0.0,0.0,0.0,0.0,0.0
1991-05-25,-1.4551915228366852e-10,0.0,0.0,0.0,0.0,0.0
1991-05-26,-1.4551915228366852e-10,0.0,0.0,0.0,0.0,0.0
1991-05-27,-1.4551915228366852e-10,0.0,0.0,0.0,0.0,0.0
1991-05-28,-1.4551915228366852e-10,0.0,0.0,0.0,0.0,0.0
1991-05-29,-1.4551915228366852e-10,0.0,0.0,0.0,0.0,0.0
1991-05-30,-1.4551915228366852e-10,0.0,0.0,0.0,0.0,0.0
1991-05-31,-1.4551915228366852e-10,0.0,0.0,0.0,0.0,0.0
1991-06-01,-1.7462298274040222e-10,0.0,0.0,0.0,0.0,0.0
1991-06-02,-1.4551915228366852e-10,0.0,0.0,0.0,0.0,0.0
1991-06-03,-1.4551915228366852e-10,-0.010000000009313226,0.0,0.0,0.010000000009313226,0.0
1991-06-04,-1.1641532182693481e-10,0.07000000000698492,0.0,0.0,-0.07000000000698492,0.0
1991-06-05,-1.1641532182693481e-10,0.0,0.0,0.0,0.0,0.0
1991-06-06,-1.1641532182693481e-10,0.0,0.0,0.0,0.0,0.0
1991-06-07,-1.1641532182693481e-10,-0.01999999998952262,0.0,0.0,0.01999999998952262,0.0
1991-06-08,-8.731149137020111e-11,0.029999999998835847,0.0,0.0,-0.029999999998835847,0.0
1991-06-09,-8.731149137020111e-11,0.0,0.0,0.0,0.0,0.0
1991-06-10,-8.731149137020111e-11,0.0,0.0,0.0,0.0,0.0
1991-06-11,-7.275957614183426e-11,0.0,0.0,0.0,0.0,0.0
1991-06-12,-5.820766091346741e-11,0.0,0.0,0.0,0.0,0.0
1991-06-13,-5.820766091346741e-11,0.0,0.0,0.0,0.0,0.0
1991-06-14,-7.275957614183426e-11,0.0,0.0,0.0,0.0,0.0
1991-06-15,-7.275957614183426e-11,0.0,0.0,0.0,0.0,0.0
1991-06-16,-7.275957614183426e-11,0.0,0.0,0.0,0.0,0.0
1991-06-17,-7.275957614183426e-11,0.0,0.0,0.0,0.0,0.0
1991-06-18,-5.820766091346741e-11,0.0,0.0,0.0,0.0,0.0
1991-06-19,-4.3655745685100555e-11,0.0,0.0,0.0,0.0,0.0
1991-06-20,-7.275957614183426e-11,-0.04000000000814907,-12.0,0.0,-11.959999999991851,20.0
1991-06-21,-5.820766091346741e-11,0.0,0.0,0.0,0.0,0.0
1991-06-22,-2.9103830456733704e-11,0.0,0.0,0.0,0.0,0.0
1991-06-23,-5.820766091346741e-11,0.0,0.0,0.0,0.0,0.0
1991-06-24,-4.3655745685100555e-11,0.0,0.0,0.0,0.0,0.0
1991-06-25,-2.9103830456733704e-11,0.0,0.0,0.0,0.0,0.0
1991-06-26,-2.9103830456733704e-11,0.0,0.0,0.0,0.0,0.0
1991-06-27,-4.3655745685100555e-11,0.0,0.0,0.0,0.0,0.0
1991-06-28,0.0,-0.05000000000291038,0.0,0.0,0.05000000000291038,0.0
1991-06-29,-1.4551915228366852e-11,0.0,0.0,0.0,0.0,0.0
1991-06-30,-2.9103830456733704e-11,0.0,0.0,0.0,0.0,0.0
1991-07-01,-2.9103830456733704e-11,0.0,0.0,0.0,0.0,0.0
1991-07-02,-2.9103830456733704e-11,0.0,0.0,0.0,0.0,0.0
1991-07-03,-2.9103830456733704e-11,-0.020000000004074536,0.0,0.0,0.020000000004074536,0.0
1991-07-04,-1.4551915228366852e-11,0.03999999999359716,0.0,0.0,-0.03999999999359716,0.0
1991-07-05,-2.9103830456733704e-11,0.0,0.0,0.0,0.0,0.0
1991-07-06,0.0,0.0,0.0,0.0,0.0,0.0
1991-07-07,-2.9103830456733704e-11,0.0,0.0,0.0,0.0,0.0
1991-07-08,-2.9103830456733704e-11,0.0,0.0,0.0,0.0,0.0
1991-07-09,-1.4551915228366852e-11,0.0,0.0,0.0,0.0,0.0
1991-07-10,-1.4551915228366852e-11,0.0,0.0,0.0,0.0,0.0
1991-07-11,-1.4551915228366852e-11,0.0,0.0,0.0,0.0,0.0
1991-07-12,0.0,-0.020000000004074536,0.0,0.0,0.020000000004074536,0.0
1991-07-13,0.0,-0.029999999998835847,0.0,0.0,0.029999999998835847,0.0
1991-07-14,-1.4551915228366852e-11,0.00999999999476131,0.0,0.0,-0.00999999999476131,0.0
1991-07-15,-1.4551915228366852e-11,0.01999999998952262,0.0,0.0,-0.01999999998952262,0.0
1991-07-16,-2.9103830456733704e-11,-0.01999999998952262,0.0,0.0,0.01999999998952262,0.0
1991-07-17,-1.4551915228366852e-11,0.0,0.0,0.0,0.0,0.0
1991-07-18,-2.9103830456733704e-11,0.0,0.0,0.0,0.0,0.0
1991-07-19,-1.4551915228366852e-11,0.0,0.0,0.0,0.0,0.0
1991-07-20,-1.4551915228366852e-11,0.0,0.0,0.0,0.0,0.0
1991-07-21,-2.9103830456733704e-11,0.0,0.0,0.0,0.0,0.0
1991-07-22,-4.3655745685100555e-11,0.0,0.0,0.0,0.0,0.0
1991-07-23,-2.9103830456733704e-11,0.0,0.0,0.0,0.0,0.0
1991-07-24,-2.9103830456733704e-11,0.0,0.0,0.0,0.0,0.0
1991-07-25,-1.4551915228366852e-11,0.0,0.0,0.0,0.0,0.0
1991-07-26,-2.9103830456733704e-11,0.0,0.0,0.0,0.0,0.0
1991-07-27,-2.9103830456733704e-11,0.0,0.0,0.0,0.0,0.0
1991-07-28,-1.4551915228366852e-11,0.0,0.0,0.0,0.0,0.0
1991-07-29,-2.9103830456733704e-11,0.0,0.0,0.0,0.0,0.0
1991-07-30,-4.3655745685100555e-11,0.0,0.0,0.0,0.0,0.0
1991-07-31,-1.4551915228366852e-11,0.0,0.0,0.0,0.0,0.0
1991-08-01,-1.4551915228366852e-11,0.0,0.0,0.0,0.0,0.0
1991-08-02,-2.1827872842550278e-11,0.0,0.0,0.0,0.0,0.0
1991-08-03,-1.4551915228366852e-11,0.0,0.0,0.0,0.0,0.0
1991-08-04,-2.1827872842550278e-11,-0.010000000002037268,0.0,0.0,0.010000000002037268,0.0
1991-08-05,-2.9103830456733704e-11,0.0,0.0,0.0,0.0,0.0
1991-08-06,-2.1827872842550278e-11,0.0,0.0,0.0,0.0,0.0
1991-08-07,-2.9103830456733704e-11,0.0,0.0,0.0,0.0,0.0
1991-08-08,-2.9103830456733704e-11,0.0,0.0,0.0,0.0,0.0
1991-08-09,-2.1827872842550278e-11,0.0,0.0,0.0,0.0,0.0
1991-08-10,-2.9103830456733704e-11,0.010000000002037268,0.0,0.0,-0.010000000002037268,0.0
1991-08-11,-2.1827872842550278e-11,0.0,0.0,0.0,0.0,0.0
1991-08-12,-1.4551915228366852e-11,0.0,0.0,0.0,0.0,0.0
1991-08-13,-7.275957614183426e-12,0.0,0.0,0.0,0.0,0.0
1991-08-14,-1.4551915228366852e-11,0.0,0.0,0.0,0.0,0.0
1991-08-15,-7.275957614183426e-12,0.0,0.0,0.0,0.0,0.0
1991-08-16,-1.4551915228366852e-11,0.0,0.0,0.0,0.0,0.0
1991-08-17,-1.4551915228366852e-11,0.0,0.0,0.0,0.0,0.0
1991-08-18,-1.4551915228366852e-11,0.0,0.0,0.0,0.0,0.0
1991-08-19,-7.275957614183426e-12,0.020000000004074536,0.0,0.0,-0.020000000004074536,0.0
1991-08-20,-7.275957614183426e-12,0.00999999999476131,0.0,0.0,-0.00999999999476131,0.0
1991-08-21,-1.4551915228366852e-11,0.0,0.5999999999985448,0.0,0.5999999999985448,0.0
1991-08-22,0.0,0.0,0.0,0.0,0.0,0.0
1991-08-23,-7.275957614183426e-12,0.0,0.0,0.0,0.0,0.0
1991-08-24,-7.275957614183426e-12,0.0,0.0,0.0,0.0,0.0
1991-08-25,-7.275957614183426e-12,-0.010000000002037268,0.0,0.0,0.010000000002037268,0.0
1991-08-26,-7.275957614183426e-12,0.0,0.0,0.0,0.0,0.0
1991-08-27,-7.275957614183426e-12,0.0,0.0,0.0,0.0,0.0
1991-08-28,-7.275957614183426e-12,0.0,0.0,0.0,0.0,0.0
1991-08-29,-7.275957614183426e-12,0.0,0.0,0.0,0.0,0.0
1991-08-30,0.0,0.0,0.0,0.0,0.0,0.0
1991-08-31,-7.275957614183426e-12,0.0,0.0,0.0,0.0,0.0
1991-09-01,0.0,0.010000000002037268,0.0,0.0,-0.010000000002037268,0.0
1991-09-02,-7.275957614183426e-12,0.0,0.0,0.0,0.0,0.0
1991-09-03,-7.275957614183426e-12,0.0,0.0,0.0,0.0,0.0
1991-09-04,-1.0913936421275139e-11,0.0,0.0,0.0,0.0,0.0
1991-09-05,-7.275957614183426e-12,0.0,0.0,0.0,0.0,0.0
1991-09-06,-7.275957614183426e-12,0.0,0.0,0.0,0.0,0.0
1991-09-07,-7.275957614183426e-12,0.0,0.0,0.0,0.0,0.0
1991-09-08,-7.275957614183426e-12,0.0,0.0,0.0,0.0,0.0
1991-09-09,0.0,0.0,0.0,0.0,0.0,0.0
1991-09-10,0.0,0.0,0.0,0.0,0.0,0.0
1991-09-11,0.0,0.0,0.0,0.0,0.0,0.0
1991-09-12,0.0,-0.00999999999839929,0.0,0.0,0.00999999999839929,0.0
1991-09-13,0.0,0.0,0.0,0.0,0.0,0.0
1991-09-14,0.0,0.0,0.0,0.0,0.0,0.0
1991-09-15,0.0,0.0,0.0,0.0,0.0,0.0
1991-09-16,0.0,0.0,0.0,0.0,0.0,0.0
1991-09-17,0.0,0.0,0.0,0.0,0.0,0.0
1991-09-18,0.0,0.0,0.0,0.0,0.0,0.0
1991-09-19,0.0,0.0,0.0,0.0,0.0,0.0
1991-09-20,0.0,0.0,0.0,0.0,0.0,0.0
1991-09-21,0.0,0.0,0.0,0.0,0.0,0.0
1991-09-22,0.0,0.0,0.0,0.0,0.0,0.0
1991-09-23,0.0,0.0,0.0,0.0,0.0,0.0
1991-09-24,0.0,0.0,0.0,0.0,0.0,0.0
1991-09-25,0.0,0.0,0.0,0.0,0.0,0.0
1991-09-26,0.0,0.0,0.0,0.0,0.0,0.0
1991-09-27,0.0,0.0,0.0,0.0,0.0,0.0
1991-09-28,0.0,0.0,0.0,0.0,0.0,0.0
1991-09-29,0.0,0.0,0.0,0.0,0.0,0.0
1991-09-30,0.0,0.0,0.0,0.0,0.0,0.0
1991-10-01,0.0,0.0,0.0,0.0,0.0,0.0
1991-10-02,0.0,0.0,0.0,0.0,0.0,0.0
1991-10-03,0.0,0.0,0.0,0.0,0.0,0.0
1991-10-04,0.0,0.0,0.0,0.0,0.0,0.0
1991-10-05,0.0,0.0,0.0,0.0,0.0,0.0
1991-10-06,0.0,0.0,0.0,0.0,0.0,0.0
1991-10-07,0.0,0.0,0.0,0.0,0.0,0.0
1991-10-08,0.0,0.0,0.0,0.0,0.0,0.0
1991-10-09,0.0,0.0,0.0,0.0,0.0,0.0
1991-10-10,0.0,0.0,0.0,0.0,0.0,0.0
1991-10-11,0.0,0.0,0.0,0.0,0.0,0.0
1991-10-12,0.0,0.0,0.0,0.0,0.0,0.0
1991-10-13,0.0,0.0,0.0,0.0,0.0,0.0
1991-10-14,0.0,0.0,0.0,0.0,0.0,0.0
1991-10-15,0.0,0.0,0.0,0.0,0.0,0.0
1991-10-16,0.0,0.0,0.0,0.0,0.0,0.0
1991-10-17,0.0,0.0,0.0,0.0,0.0,0.0
1991-10-18,0.0,0.0,0.0,0.0,0.0,0.0
1991-10-19,0.0,-0.010000000000218279,0.0,0.0,0.010000000000218279,0.0
1991-10-20,0.0,0.0,0.0,0.0,0.0,0.0
1991-10-21,0.0,0.0,0.0,0.0,0.0,0.0
1991-10-22,0.0,0.0,0.0,0.0,0.0,0.0
1991-10-23,0.0,0.0,0.0,0.0,0.0,0.0
1991-10-24,0.0,0.0,0.0,0.0,0.0,0.0
1991-10-25,0.0,0.0,0.0,0.0,0.0,0.0
1991-10-26,0.0,0.0,0.0,0.0,0.0,0.0
1991-10-27,0.0,-0.010000000000218279,0.0,0.0,0.010000000000218279,0.0
1991-10-28,0.0,0.0,0.0,0.0,0.0,0.0
1991-10-29,0.0,0.0,0.0,0.0,0.0,0.0
1991-10-30,0.0,0.0,0.0,0.0,0.0,0.0
1991-10-31,0.0,0.0,0.0,0.0,0.0,0.0
1991-11-01,0.0,0.0,0.0,0.0,0.0,0.0
1991-11-02,0.0,0.0,0.0,0.0,0.0,0.0
1991-11-03,0.0,0.0,0.0,0.0,0.0,0.0
1991-11-04,0.0,-4.569999999992433,1559.3999999999796,0.029999999999999805,1563.969999999972,-20.0
1991-11-05,0.0,-14.430000000051223,821.9999999999418,0.0,836.429999999993,0.0
1991-11-06,0.0,18.94000000000233,23.39999999999418,0.0,4.459999999991851,0.0
1991-11-07,0.0,0.0,0.5999999999985448,0.0,0.5999999999985448,0.0
1991-11-08,0.0,0.0,-0.6000000000021828,0.0,-0.6000000000021828,0.0
1991-11-09,0.0,0.0,0.0,0.0,0.0,0.0
1991-11-10,0.0,0.0,0.0,0.0,0.0,0.0
1991-11-11,0.0,0.0,0.0,0.0,0.0,0.0
1991-11-12,0.0,0.0,0.0,0.0,0.0,0.0
1991-11-13,0.0,0.0,0.0,0.0,0.0,0.0
1991-11-14,0.0,0.0,0.6000000000058208,0.0,0.6000000000058208,0.0
1991-11-15,0.0,0.010000000002037268,0.0,0.0,-0.010000000002037268,0.0
1991-11-16,0.0,0.0,0.0,0.0,0.0,0.0
1991-11-17,0.0,0.0,0.0,0.0,0.0,0.0
1991-11-18,0.0,0.0,0.0,0.0,0.0,0.0
1991-11-19,0.0,-1.0299999999988358,421.1999999999971,0.010000000000000009,422.2299999999959,-10.0
1991-11-20,0.0,-12.130000000004657,570.0000000000582,0.0,582.1300000000629,0.0
1991-11-21,0.0,12.970000000001164,14.39999999999418,0.010000000000000009,1.429999999993015,0.0
1991-11-22,0.0,0.029999999998835847,0.0,0.0,-0.029999999998835847,0.0
1991-11-23,0.0,0.0,0.0,0.0,0.0,0.0
1991-11-24,0.0,-4.220000000001164,139.19999999998254,0.0,143.4199999999837,-10.0
1991-11-25,0.0,-17.34000000002561,882.0,0.009999999999999787,899.3400000000256,10.0
1991-11-26,0.0,17.660000000032596,354.0,0.009999999999999787,336.3399999999674,20.0
1991-11-27,0.0,4.039999999993597,-12.0,0.0,-16.039999999993597,0.0
1991-11-28,0.0,-0.05000000000291038,0.0,0.0,0.05000000000291038,0.0
1991-11-29,0.0,0.05000000000291038,0.0,0.0,-0.05000000000291038,0.0
1991-11-30,0.0,-0.07000000000698492,-6.000000000014552,0.0,-5.930000000007567,0.0
1991-12-01,0.0,0.00999999999476131,-6.0,0.0,-6.009999999994761,0.0
1991-12-02,0.0,0.08000000000174623,0.0,0.0,-0.08000000000174623,0.0
1991-12-03,0.0,-0.059999999997671694,0.0,0.0,0.059999999997671694,0.0
1991-12-04,0.0,0.010000000009313226,-6.000000000014552,0.0,-6.010000000023865,0.0
1991-12-05,0.0,-32.18000000005122,2274.0,0.0,2306.180000000051,50.0
1991-12-06,-0.0010000001639127731,-96.81000000005588,1284.0,-0.5,1380.8100000000559,-30.0
1991-12-07,0.0,128.68000000002212,258.0000000000582,0.040000000000000036,129.3200000000361,0.0
1991-12-08,0.0,0.07000000000698492,-48.0,0.0,-48.070000000006985,0.0
1991-12-09,0.0,0.2600000000093132,-48.000000000029104,0.0,-48.26000000003842,20.0
1991-12-10,0.0,-0.25,-30.000000000029104,0.0,-29.750000000029104,0.0
1991-12-11,0.0,-0.07000000000698492,-138.0,-0.010000000000000231,-137.92999999999302,-10.0
1991-12-12,0.0,-0.25,-126.0,-0.010000000000000231,-125.75,-20.0
1991-12-13,0.0,0.2600000000093132,-12.000000000029104,0.0,-12.260000000038417,10.0
1991-12-14,0.0,0.0,-24.000000000029104,0.0,-24.000000000029104,0.0
1991-12-15,0.0,0.0,-78.0,-0.020000000000000018,-78.0,-10.0
1991-12-16,0.0,0.0,-48.000000000029104,-0.010000000000000231,-48.000000000029104,0.0
1991-12-17,0.0,0.0,-36.0,-0.010000000000000009,-36.0,0.0
1991-12-18,0.0,0.12000000002444722,-150.0,-0.010000000000000231,-150.12000000002445,-40.0
1991-12-19,0.0,-0.030000000027939677,-30.0,0.0,-29.96999999997206,0.0
1991-12-20,0.0,0.0,-132.0,-0.020000000000000018,-132.0,0.0
1991-12-21,0.0,-0.4299999999930151,-18.000000000029104,0.0,-17.57000000003609,0.0
1991-12-22,0.0,0.3699999999953434,-17.999999999970896,0.0,-18.36999999996624,20.0
1991-12-23,0.0,0.0,-17.999999999970896,0.0,-17.999999999970896,0.0
1991-12-24,0.0,0.0,-6.0,0.0,-6.0,0.0
1991-12-25,0.0,0.0,0.0,0.0,0.0,0.0
1991-12-26,0.0,0.0,-6.0,0.0,-6.0,0.0
1991-12-27,0.0,0.0,-6.0,0.0,-6.0,0.0
1991-12-28,0.0,0.0,0.0,0.0,0.0,0.0
1991-12-29,0.0,0.0,0.0,0.0,0.0,0.0
1991-12-30,0.0,0.0,0.0,0.0,0.0,0.0
1991-12-31,0.0,0.0,0.0,0.0,0.0,0.0
1992-01-01,0.0,0.0,0.0,0.0,0.0,0.0
1992-01-02,0.0,0.0,-66.0000000000291,0.0,-66.0000000000291,20.0
1992-01-03,0.0,0.0,-65.9999999999709,0.0,-65.9999999999709,20.0
1992-01-04,0.0,0.0,-72.0,0.0,-72.0,20.0
1992-01-05,0.0,0.0,-11.999999999970896,0.0,-11.999999999970896,10.0
1992-01-06,0.0,0.0,0.0,0.0,0.0,0.0
1992-01-07,0.0,-0.030000000027939677,0.0,0.0,0.030000000027939677,0.0
1992-01-08,0.0,0.0,-6.000000000029104,0.0,-6.000000000029104,0.0
1992-01-09,0.0,0.33999999999650754,-6.0,0.0,-6.3399999999965075,0.0
1992-01-10,0.0,-0.22000000000116415,-107.9999999999709,0.0,-107.77999999996973,20.0
1992-01-11,0.0,0.0,-54.000000000029104,0.0,-54.000000000029104,20.0
1992-01-12,0.0,-0.059999999997671694,0.0,0.0,0.059999999997671694,0.0
1992-01-13,0.0,0.0,-12.0,0.0,-12.0,0.0
1992-01-14,0.0,-0.029999999998835847,0.0,0.0,0.029999999998835847,0.0
1992-01-15,0.0,0.10999999998603016,-6.0,0.0,-6.10999999998603,10.0
1992-01-16,0.0,0.09000000002561137,-42.000000000029104,-0.009999999999999787,-42.090000000054715,-60.0
1992-01-17,0.0,-0.17999999999301508,-6.0,0.0,-5.820000000006985,0.0
1992-01-18,0.0,0.0,0.0,0.0,0.0,0.0
1992-01-19,0.0,0.0,0.0,0.0,0.0,0.0
1992-01-20,0.0,0.0,-6.0,0.0,-6.0,0.0
1992-01-21,0.0,0.0,0.0,0.0,0.0,0.0
1992-01-22,0.0,0.0,-6.0,0.0,-6.0,10.0
1992-01-23,0.0,0.0,-12.0,0.0,-12.0,10.0
1992-01-24,0.0,0.16000000000349246,-11.999999999970896,0.0,-12.159999999974389,20.0
1992-01-25,0.0,-0.11000000001513399,-66.0,0.0,-65.88999999998487,10.0
1992-01-26,0.0,0.20000000001164153,-53.999999999970896,0.0,-54.19999999998254,20.0
1992-01-27,0.0,-0.010000000009313226,-420.0000000000291,-0.009999999999999787,-419.9900000000198,20.0
1992-01-28,0.0,-1.1700000000128057,-185.9999999999709,0.0,-184.8299999999581,20.0
1992-01-29,0.0,1.2999999999883585,-42.000000000029104,0.0,-43.30000000001746,10.0
1992-01-30,0.0,-0.07999999998719431,-89.9999999999709,0.0,-89.9199999999837,20.0
1992-01-31,0.0,-0.010000000009313226,-65.9999999999709,0.0,-65.98999999996158,30.0
1992-02-01,0.0,-0.10999999998603016,-30.0,0.0,-29.89000000001397,20.0
1992-02-02,0.0,0.0,-5.999999999970896,0.0,-5.999999999970896,0.0
1992-02-03,0.0,-0.16000000000349246,-6.0,0.0,-5.8399999999965075,0.0
1992-02-04,0.0,-0.04999999998835847,0.0,0.0,0.04999999998835847,0.0
1992-02-05,0.0,0.0,-6.0,0.0,-6.0,0.0
1992-02-06,0.0,0.0,0.0,0.0,0.0,0.0
1992-02-07,0.0,0.0,0.0,0.0,0.0,0.0
1992-02-08,0.0,0.0,0.0,0.0,0.0,0.0
1992-02-09,0.0,0.01999999998952262,-12.000000000029104,0.0,-12.020000000018626,10.0
1992-02-10,0.0,0.010000000009313226,0.0,0.0,-0.010000000009313226,0.0
1992-02-11,0.0,-0.01999999998952262,0.0,0.0,0.01999999998952262,0.0
1992-02-12,0.0,0.0,0.0,0.0,0.0,0.0
1992-02-13,0.0,0.0,-30.000000000029104,0.0,-30.000000000029104,30.0
1992-02-14,0.0,0.0,-6.000000000029104,0.0,-6.000000000029104,0.0
1992-02-15,0.0,0.0,0.0,0.0,0.0,0.0
1992-02-16,0.0,0.0,0.0,0.0,0.0,0.0
1992-02-17,0.0,0.4599999999918509,-60.0,0.0,-60.45999999999185,0.0
1992-02-18,0.0,-0.8099999999976717,-119.99999999994179,-0.009999999999999787,-119.18999999994412,-20.0
1992-02-19,0.0,-5.400000000023283,-78.0,-0.75,-72.59999999997672,-20.0
1992-02-20,0.0,-73.05999999993946,485.9999999998836,-0.20000000000000107,559.059999999823,-30.0
1992-02-21,0.0,75.30999999999767,-276.0000000000582,-0.010000000000000675,-351.3100000000559,20.0
1992-02-22,0.0,2.709999999991851,-192.0,-0.010000000000000231,-194.70999999999185,-20.0
1992-02-23,0.0,0.3799999999755528,-30.0,0.0,-30.379999999975553,20.0
1992-02-24,0.0,0.0,-108.0,0.0,-108.0,20.0
1992-02-25,0.0,0.0,-6.000000000029104,0.0,-6.000000000029104,0.0
1992-02-26,0.0,-0.07999999998719431,-17.999999999970896,0.0,-17.919999999983702,0.0
1992-02-27,0.0,-0.08000000001629815,0.0,0.0,0.08000000001629815,0.0
1992-02-28,0.0,0.0,0.0,0.0,0.0,0.0
1992-02-29,0.0,0.10999999998603016,0.0,0.0,-0.10999999998603016,0.0
1992-03-01,0.0,-0.08000000001629815,-6.0,0.0,-5.919999999983702,0.0
1992-03-02,0.0,0.0,-6.0,0.0,-6.0,0.0
1992-03-03,0.0,0.0,0.0,0.0,0.0,0.0
1992-03-04,0.0,0.0,0.0,0.0,0.0,0.0
1992-03-05,0.0,0.0,-18.000000000029104,0.0,-18.000000000029104,10.0
1992-03-06,0.0,0.0,-5.999999999970896,0.0,-5.999999999970896,10.0
1992-03-07,0.0,0.0,0.0,0.0,0.0,0.0
1992-03-08,0.0,0.0,-6.000000000029104,0.0,-6.000000000029104,0.0
1992-03-09,0.0,0.0,0.0,0.0,0.0,0.0
1992-03-10,0.0,0.0,0.0,0.0,0.0,0.0
1992-03-11,0.0,0.0,0.0,0.0,0.0,0.0
1992-03-12,0.0,0.0,0.0,0.0,0.0,0.0
1992-03-13,0.0,0.0,0.0,0.0,0.0,0.0
1992-03-14,0.0,0.0,0.0,0.0,0.0,0.0
1992-03-15,0.0,0.0,0.0,0.0,0.0,0.0
1992-03-16,0.0,0.0,-12.0,0.0,-12.0,10.0
1992-03-17,0.0,0.0,0.0,0.0,0.0,0.0
1992-03-18,0.0,0.0,0.0,0.0,0.0,0.0
1992-03-19,0.0,0.029999999998835847,0.0,0.0,-0.029999999998835847,0.0
1992-03-20,0.0,0.0,0.0,0.0,0.0,0.0
1992-03-21,0.0,0.0,0.0,0.0,0.0,0.0
1992-03-22,0.0,0.0,0.0,0.0,0.0,0.0
1992-03-23,0.0,0.0,0.0,0.0,0.0,0.0
1992-03-24,0.0,0.0,0.0,0.0,0.0,0.0
1992-03-25,0.0,0.0,0.0,0.0,0.0,0.0
1992-03-26,0.0,-0.029999999998835847,0.0,0.0,0.029999999998835847,0.0
1992-03-27,0.0,0.0,0.0,0.0,0.0,0.0
1992-03-28,0.0,0.0,0.0,0.0,0.0,0.0
1992-03-29,0.0,0.0,0.0,0.0,0.0,0.0
1992-03-30,0.0,0.010000000009313226,0.0,0.0,-0.010000000009313226,0.0
1992-03-31,0.0,-0.00999999999476131,0.0,0.0,0.00999999999476131,0.0
1992-04-01,0.0,0.0,0.0,0.0,0.0,0.0
1992-04-02,0.0,0.0,0.0,0.0,0.0,0.0
1992-04-03,0.0,0.0,0.0,0.0,0.0,0.0
1992-04-04,0.0,0.0,0.0,0.0,0.0,0.0
1992-04-05,0.0,0.0,-6.000000000014552,0.0,-6.000000000014552,0.0
1992-04-06,0.0,0.0,0.0,0.0,0.0,0.0
1992-04-07,0.0,0.0,0.0,0.0,0.0,0.0
1992-04-08,0.0,-0.029999999998835847,0.0,0.0,0.029999999998835847,0.0
1992-04-09,0.0,-0.639999999984866,414.0,0.009999999999999787,414.63999999998487,0.0
1992-04-10,0.0,0.639999999984866,-66.0,0.0,-66.63999999998487,10.0
1992-04-11,0.0,-0.04000000000814907,-54.000000000029104,-0.010000000000000009,-53.960000000020955,-90.0
1992-04-12,0.0,-0.029999999998835847,-24.000000000029104,0.0,-23.970000000030268,10.0
1992-04-13,0.0,0.0500000000174623,0.0,0.0,-0.0500000000174623,0.0
1992-04-14,0.0,0.0,0.0,0.0,0.0,0.0
1992-04-15,0.0,0.0,0.0,0.0,0.0,0.0
1992-04-16,0.0,0.0,-95.99999999994179,0.0,-95.99999999994179,0.0
1992-04-17,0.0,-0.03999999997904524,-540.0,-0.019999999999999574,-539.960000000021,10.0
1992-04-18,0.0,0.07999999998719431,-59.99999999994179,0.0,-60.07999999992899,0.0
1992-04-19,0.0,0.059999999997671694,-6.0,0.0,-6.059999999997672,0.0
1992-04-20,0.0,-0.01999999998952262,-6.0,0.0,-5.980000000010477,0.0
1992-04-21,0.0,0.0,-12.0,0.0,-12.0,0.0
1992-04-22,0.0,0.0,-17.999999999970896,0.0,-17.999999999970896,10.0
1992-04-23,0.0,0.0,0.0,0.0,0.0,0.0
1992-04-24,0.0,0.0,0.0,0.0,0.0,0.0
1992-04-25,0.0,0.0,0.0,0.0,0.0,0.0
1992-04-26,0.0,0.0,0.0,0.0,0.0,0.0
1992-04-27,0.0,0.0,0.0,0.0,0.0,0.0
1992-04-28,0.0,0.0,0.0,0.0,0.0,0.0
1992-04-29,0.0,0.029999999998835847,-12.0,0.0,-12.029999999998836,10.0
1992-04-30,0.0,0.09000000002561137,-36.0,0.0,-36.09000000002561,0.0
1992-05-01,0.0,-0.059999999997671694,-11.999999999970896,0.0,-11.939999999973224,10.0
1992-05-02,0.0,0.0,0.0,0.0,0.0,0.0
1992-05-03,0.0,0.0,0.0,0.0,0.0,0.0
1992-05-04,0.0,0.0,0.0,0.0,0.0,0.0
1992-05-05,0.0,0.0,0.0,0.0,0.0,0.0
1992-05-06,0.0,0.0,0.0,0.0,0.0,0.0
1992-05-07,0.0,0.0,0.0,0.0,0.0,0.0
1992-05-08,0.0,0.0,0.0,0.0,0.0,0.0
1992-05-09,0.0,0.0,0.0,0.0,0.0,0.0
1992-05-10,0.0,0.0,0.0,0.0,0.0,0.0
1992-05-11,0.0,-0.029999999998835847,0.0,0.0,0.029999999998835847,0.0
1992-05-12,0.0,0.0,0.0,0.0,0.0,0.0
1992-05-13,0.0,0.0,0.0,0.0,0.0,0.0
1992-05-14,0.0,0.0,0.0,0.0,0.0,0.0
1992-05-15,0.0,0.0,0.0,0.0,0.0,0.0
1992-05-16,0.0,0.0,0.0,0.0,0.0,0.0
1992-05-17,0.0,0.0,0.0,0.0,0.0,0.0
1992-05-18,0.0,0.029999999998835847,0.0,0.0,-0.029999999998835847,0.0
1992-05-19,0.0,0.0,0.0,0.0,0.0,0.0
1992-05-20,0.0,-0.029999999998835847,0.0,0.0,0.029999999998835847,0.0
1992-05-21,0.0,-0.010000000009313226,0.0,0.0,0.010000000009313226,0.0
1992-05-22,0.0,-0.029999999998835847,0.0,0.0,0.029999999998835847,0.0
1992-05-23,0.0,0.0,0.0,0.0,0.0,0.0
1992-05-24,0.0,0.0,0.0,0.0,0.0,0.0
1992-05-25,0.0,0.029999999998835847,0.0,0.0,-0.029999999998835847,0.0
1992-05-26,0.0,0.0,0.0,0.0,0.0,0.0
1992-05-27,0.0,0.0,0.0,0.0,0.0,0.0
1992-05-28,0.0,0.0,0.0,0.0,0.0,0.0
1992-05-29,0.0,0.0,0.0,0.0,0.0,0.0
1992-05-30,0.0,0.0,0.0,0.0,0.0,0.0
1992-05-31,0.0,0.0,0.0,0.0,0.0,0.0
1992-06-01,0.0,0.0,0.0,0.0,0.0,0.0
1992-06-02,0.0,0.0,0.0,0.0,0.0,0.0
1992-06-03,0.0,0.0,0.0,0.0,0.0,0.0
1992-06-04,0.0,0.0,0.0,0.0,0.0,0.0
1992-06-05,0.0,0.0,0.0,0.0,0.0,0.0
1992-06-06,0.0,0.0,0.0,0.0,0.0,0.0
1992-06-07,0.0,-0.010000000009313226,0.0,0.0,0.010000000009313226,0.0
1992-06-08,0.0,0.0,0.0,0.0,0.0,0.0
1992-06-09,0.0,0.0,0.0,0.0,0.0,0.0
1992-06-10,0.0,-0.020000000004074536,0.6000000000058208,0.0,0.6200000000098953,0.0
1992-06-11,0.0,0.0,0.0,0.0,0.0,0.0
1992-06-12,0.0,0.0,0.0,0.0,0.0,0.0
1992-06-13,0.0,0.0,0.0,0.0,0.0,0.0
1992-06-14,0.0,0.0,0.0,0.0,0.0,0.0
1992-06-15,0.0,0.0,0.0,0.0,0.0,0.0
1992-06-16,0.0,0.0,0.0,0.0,0.0,0.0
1992-06-17,0.0,0.0,0.5999999999985448,0.0,0.5999999999985448,0.0
1992-06-18,0.0,0.0,0.0,0.0,0.0,0.0
1992-06-19,0.0,0.0,0.0,0.0,0.0,0.0
1992-06-20,0.0,0.0,0.0,0.0,0.0,0.0
1992-06-21,0.0,0.0,0.0,0.0,0.0,0.0
1992-06-22,0.0,0.0,0.0,0.0,0.0,0.0
1992-06-23,0.0,0.0,0.0,0.0,0.0,0.0
1992-06-24,0.0,0.0,0.0,0.0,0.0,0.0
1992-06-25,0.0,0.0,0.0,0.0,0.0,0.0
1992-06-26,0.0,0.0,0.0,0.0,0.0,0.0
1992-06-27,0.0,0.0,0.0,0.0,0.0,0.0
1992-06-28,0.0,0.0,0.0,0.0,0.0,0.0
1992-06-29,0.0,-0.020000000004074536,0.0,0.0,0.020000000004074536,0.0
1992-06-30,0.0,0.00999999999476131,0.0,0.0,-0.00999999999476131,0.0
1992-07-01,0.0,0.0,0.0,0.0,0.0,0.0
1992-07-02,0.0,0.0,0.0,0.0,0.0,0.0
1992-07-03,0.0,0.0,0.0,0.0,0.0,0.0
1992-07-04,0.0,0.0,0.0,0.0,0.0,0.0
1992-07-05,0.0,0.0,0.0,0.0,0.0,0.0
1992-07-06,0.0,0.0,0.0,0.0,0.0,0.0
1992-07-07,0.0,0.0,0.0,0.0,0.0,0.0
1992-07-08,0.0,0.0,0.0,0.0,0.0,0.0
1992-07-09,0.0,0.0,0.0,0.0,0.0,0.0
1992-07-10,0.0,0.0,0.0,0.0,0.0,0.0
1992-07-11,0.0,0.0,0.0,0.0,0.0,0.0
1992-07-12,0.0,0.0,0.0,0.0,0.0,0.0
1992-07-13,0.0,0.0,0.0,0.0,0.0,0.0
1992-07-14,0.0,0.0,0.0,0.0,0.0,0.0
1992-07-15,0.0,0.0,0.0,0.0,0.0,0.0
1992-07-16,0.0,0.0,0.0,0.0,0.0,0.0
1992-07-17,0.0,0.0,0.0,0.0,0.0,0.0
1992-07-18,0.0,0.0,0.0,0.0,0.0,0.0
1992-07-19,0.0,0.00999999999839929,0.0,0.0,-0.00999999999839929,0.0
1992-07-20,0.0,0.0,0.0,0.0,0.0,0.0
1992-07-21,0.0,-0.010000000002037268,0.0,0.0,0.010000000002037268,0.0
1992-07-22,0.0,0.0,0.0,0.0,0.0,0.0
1992-07-23,0.0,0.0,0.0,0.0,0.0,0.0
1992-07-24,0.0,0.0,0.0,0.0,0.0,0.0
1992-07-25,0.0,0.0,0.0,0.0,0.0,0.0
1992-07-26,0.0,0.0,0.0,0.0,0.0,0.0
1992-07-27,0.0,-0.010000000002037268,0.0,0.0,0.010000000002037268,0.0
1992-07-28,0.0,0.0,0.0,0.0,0.0,0.0
1992-07-29,0.0,0.0,0.0,0.0,0.0,0.0
1992-07-30,0.0,0.0,0.0,0.0,0.0,0.0
1992-07-31,0.0,0.0,0.0,0.0,0.0,0.0
1992-08-01,0.0,0.0,0.0,0.0,0.0,0.0
1992-08-02,0.0,0.0,0.0,0.0,0.0,0.0
1992-08-03,0.0,0.0,0.0,0.0,0.0,0.0
1992-08-04,0.0,0.0,0.0,0.0,0.0,0.0
1992-08-05,0.0,0.0,0.0,0.0,0.0,0.0
1992-08-06,0.0,0.0,0.0,0.0,0.0,0.0
1992-08-07,0.0,0.0,0.0,0.0,0.0,0.0
1992-08-08,0.0,0.010000000002037268,0.5999999999985448,0.0,0.5899999999965075,0.0
1992-08-09,0.0,0.0,0.0,0.0,0.0,0.0
1992-08-10,0.0,0.0,0.0,0.0,0.0,0.0
1992-08-11,0.0,0.0,0.0,0.0,0.0,0.0
1992-08-12,0.0,0.0,0.0,0.0,0.0,0.0
1992-08-13,0.0,0.0,0.0,0.0,0.0,0.0
1992-08-14,0.0,0.0,0.0,0.0,0.0,0.0
1992-08-15,0.0,-0.010000000002037268,0.0,0.0,0.010000000002037268,0.0
1992-08-16,0.0,0.0,0.0,0.0,0.0,0.0
1992-08-17,0.0,0.0,0.0,0.0,0.0,0.0
1992-08-18,0.0,-0.00999999999839929,0.0,0.0,0.00999999999839929,0.0
1992-08-19,0.0,0.010000000002037268,0.0,0.0,-0.010000000002037268,0.0
1992-08-20,0.0,0.0,0.0,0.0,0.0,0.0
1992-08-21,0.0,0.0,0.0,0.0,0.0,0.0
1992-08-22,0.0,0.0,0.0,0.0,0.0,0.0
1992-08-23,0.0,0.0,0.0,0.0,0.0,0.0
1992-08-24,0.0,0.0,0.0,0.0,0.0,0.0
1992-08-25,0.0,0.010000000000218279,0.0,0.0,-0.010000000000218279,0.0
1992-08-26,0.0,0.0,0.0,0.0,0.0,0.0
1992-08-27,0.0,0.0,0.0,0.0,0.0,0.0
1992-08-28,0.0,0.010000000000218279,0.0,0.0,-0.010000000000218279,0.0
1992-08-29,0.0,-0.010000000000218279,0.0,0.0,0.010000000000218279,0.0
1992-08-30,0.0,0.0,0.0,0.0,0.0,0.0
1992-08-31,0.0,0.0,0.0,0.0,0.0,0.0
1992-09-01,0.0,0.0,0.0,0.0,0.0,0.0
1992-09-02,0.0,0.0,0.0,0.0,0.0,0.0
1992-09-03,0.0,0.0,0.0,0.0,0.0,0.0
1992-09-04,0.0,0.0,0.0,0.0,0.0,0.0
1992-09-05,0.0,0.0,0.0,0.0,0.0,0.0
1992-09-06,0.0,0.0,0.0,0.0,0.0,0.0
1992-09-07,0.0,-0.020000000000436557,0.0,0.0,0.020000000000436557,0.0
1992-09-08,0.0,0.0,0.0,0.0,0.0,0.0
1992-09-09,0.0,0.0,0.0,0.0,0.0,0.0
1992-09-10,0.0,0.010000000000218279,0.0,0.0,-0.010000000000218279,0.0
1992-09-11,0.0,0.0,0.0,0.0,0.0,0.0
1992-09-12,0.0,0.0,0.0,0.0,0.0,0.0
1992-09-13,0.0,0.010000000000218279,0.0,0.0,-0.010000000000218279,0.0
1992-09-14,0.0,0.0,0.0,0.0,0.0,0.0
1992-09-15,0.0,0.0,0.0,0.0,0.0,0.0
1992-09-16,0.0,0.0,0.0,0.0,0.0,0.0
1992-09-17,0.0,0.0,0.0,0.0,0.0,0.0
1992-09-18,0.0,0.0,0.0,0.0,0.0,0.0
1992-09-19,0.0,0.0,0.0,0.0,0.0,0.0
1992-09-20,0.0,0.0,0.0,0.0,0.0,0.0
1992-09-21,0.0,-0.010000000000218279,0.0,0.0,0.010000000000218279,0.0
1992-09-22,0.0,0.0,-0.05999999999949068,0.0,-0.05999999999949068,10.0
1992-09-23,0.0,0.0,0.0,0.0,0.0,0.0
1992-09-24,0.0,-0.9299999999930151,697.1999999999534,-0.29999999999999893,698.1299999999464,10.0
1992-09-25,0.0,0.9200000000018917,13.199999999998909,0.0,12.279999999997017,0.0
1992-09-26,0.0,0.0,0.0,0.0,0.0,0.0
1992-09-27,0.0,-0.010000000000218279,-6.000000000001819,0.0,-5.990000000001601,70.0
1992-09-28,0.0,0.0,0.0,0.0,0.0,0.0
1992-09-29,0.0,0.0,0.0,0.0,0.0,0.0
1992-09-30,0.0,0.0,0.0,0.0,0.0,0.0
1992-10-01,0.0,0.0,0.0,0.0,0.0,0.0
1992-10-02,0.0,0.0,0.0,0.0,0.0,0.0
1992-10-03,0.0,0.0,0.0,0.0,0.0,0.0
1992-10-04,0.0,0.0,0.0,0.0,0.0,0.0
1992-10-05,0.0,0.0,0.0,0.0,0.0,0.0
1992-10-06,0.0,0.0,0.0,0.0,0.0,0.0
1992-10-07,0.0,0.0,0.0,0.0,0.0,0.0
1992-10-08,0.0,0.010000000002037268,0.0,0.0,-0.010000000002037268,0.0
1992-10-09,0.0,0.0,0.0,0.0,0.0,0.0
1992-10-10,0.0,0.0,0.0,0.0,0.0,0.0
1992-10-11,0.0,0.0,0.0,0.0,0.0,0.0
1992-10-12,1.1558004189282656e-06,0.0,0.0,0.0,0.0,0.0
1992-10-13,1.10956170829013e-06,0.0,0.0,0.0,0.0,0.0
1992-10-14,1.065178366843611e-06,0.0,0.0,0.0,0.0,0.0
1992-10-15,1.0225630830973387e-06,0.0,0.0,0.0,0.0,0.0
1992-10-16,9.81679477263242e-07,0.0,0.0,0.0,0.0,0.0
1992-10-17,9.423893061466515e-07,0.0,0.0,0.0,0.0,0.0
1992-10-18,9.047071216627955e-07,0.0,0.0,0.0,0.0,0.0
1992-10-19,8.685310604050756e-07,0.0,0.0,0.0,0.0,0.0
1992-10-20,8.337810868397355e-07,0.0,0.0,0.0,0.0,0.0
1992-10-21,8.004280971363187e-07,0.0,0.0,0.0,0.0,0.0
1992-10-22,7.684138836339116e-07,0.0,0.0,0.0,0.0,0.0
1992-10-23,7.376729627139866e-07,0.0,0.0,0.0,0.0,0.0
1992-10-24,7.081689545884728e-07,0.0,0.0,0.0,0.0,0.0
1992-10-25,6.79850927554071e-07,0.010000000002037268,0.0,0.0,-0.010000000002037268,0.0
1992-10-26,6.526533979922533e-07,0.0,0.0,0.0,0.0,0.0
1992-10-27,6.265472620725632e-07,0.0,0.0,0.0,0.0,0.0
1992-10-28,6.014961400069296e-07,0.0,0.0,0.0,0.0,0.0
1992-10-29,5.774418241344392e-07,0.0,0.0,0.0,0.0,0.0
1992-10-30,0.000100554374512285,0.0,1054.8000000000175,0.02999999999999936,1054.8000000000175,0.0
1992-10-31,5.321489879861474e-07,0.0,-2.3999999999941792,0.0,-2.3999999999941792,0.0
1992-11-01,5.108886398375034e-07,-16.119999999995343,973.1999999999534,0.019999999999999574,989.3199999999488,0.0
1992-11-02,4.90443198941648e-07,16.139999999999418,36.60000000000582,0.0,20.460000000006403,0.0
1992-11-03,4.708272172138095e-07,0.010000000002037268,-0.5999999999985448,0.0,-0.6100000000005821,0.0
1992-11-04,4.519897629506886e-07,0.0,0.0,0.0,0.0,0.0
1992-11-05,4.339090082794428e-07,0.0,0.0,0.0,0.0,0.0
1992-11-06,4.165558493696153e-07,0.0,0.0,0.0,0.0,0.0
1992-11-07,3.9989390643313527e-07,0.0,-0.6000000000058208,0.0,-0.6000000000058208,0.0
1992-11-08,3.838940756395459e-07,0.0,0.0,0.0,0.0,0.0
1992-11-09,3.685418050736189e-07,0.0,0.0,0.0,0.0,0.0
1992-11-10,3.5381526686251163e-07,0.0,0.0,0.0,0.0,0.0
1992-11-11,3.396562533453107e-07,0.0,0.0,0.0,0.0,0.0
1992-11-12,3.2606476452201605e-07,0.0,0.0,0.0,0.0,0.0
1992-11-13,3.1302624847739935e-07,0.0,0.0,0.0,0.0,0.0
1992-11-14,3.0051160138100386e-07,0.0,0.0,0.0,0.0,0.0
1992-11-15,2.8847716748714447e-07,0.0,0.0,0.0,0.0,0.0
1992-11-16,2.7693749871104956e-07,0.0,0.0,0.0,0.0,0.0
1992-11-17,2.658634912222624e-07,0.0,0.0,0.0,0.0,0.0
1992-11-18,2.552260411903262e-07,0.0,0.0,0.0,0.0,0.0
1992-11-19,2.4502514861524105e-07,0.0,0.0,0.0,0.0,0.0
1992-11-20,2.352171577513218e-07,0.0,0.0,0.0,0.0,0.0
1992-11-21,2.2584572434425354e-07,-218.87000000011176,4494.0,0.0,4712.870000000112,-80.0
1992-11-22,2.167362254112959e-07,218.2600000000093,192.0,0.020000000000000018,-26.260000000009313,0.0
1992-11-23,2.0810693968087435e-07,0.0,0.0,0.0,0.0,0.0
1992-11-24,1.997832441702485e-07,0.0,0.0,0.0,0.0,0.0
1992-11-25,1.9177969079464674e-07,0.0,0.0,0.0,0.0,0.0
1992-11-26,1.8409627955406904e-07,0.0,0.0,0.0,0.0,0.0
1992-11-27,1.7674756236374378e-07,0.0,-18.0,0.0,-18.0,20.0
1992-11-28,1.6968988347798586e-07,0.0,0.0,0.0,0.0,0.0
1992-11-29,1.628650352358818e-07,0.0,0.0,0.0,0.0,0.0
1992-11-30,1.5636032912880182e-07,0.0,-18.0,0.0,-18.0,20.0
1992-12-01,1.5011755749583244e-07,0.0,-6.0,0.0,-6.0,0.0
1992-12-02,1.4410761650651693e-07,0.0,-6.000000000014552,0.0,-6.000000000014552,10.0
1992-12-03,1.383305061608553e-07,0.0,0.0,0.0,0.0,0.0
1992-12-04,1.328007783740759e-07,0.0,0.0,0.0,0.0,0.0
1992-12-05,1.27489329315722e-07,0.0,0.0,0.0,0.0,0.0
1992-12-06,1.2238160707056522e-07,0.0,0.0,0.0,0.0,0.0
1992-12-07,1.175212673842907e-07,0.0,0.0,0.0,0.0,0.0
1992-12-08,1.1283555068075657e-07,0.0,-18.0,0.0,-18.0,20.0
1992-12-09,1.0826624929904938e-07,0.029999999998835847,-90.0,0.0,-90.02999999999884,40.0
1992-12-10,1.0392977856099606e-07,0.04999999998835847,-240.0,-0.010000000000000231,-240.04999999998836,-20.0
1992-12-11,9.98261384665966e-08,0.0,-24.0,0.0,-24.0,0.0
1992-12-12,9.580980986356735e-08,0.010000000009313226,-18.000000000029104,0.0,-18.010000000038417,10.0
1992-12-13,9.199720807373524e-08,0.0,0.0,0.0,0.0,0.0
1992-12-14,8.830102160573006e-08,0.1300000000046566,-36.000000000029104,-0.010000000000000009,-36.13000000003376,-220.0
1992-12-15,8.477945812046528e-08,-0.059999999997671694,0.0,0.0,0.059999999997671694,0.0
1992-12-16,8.137430995702744e-08,0.029999999998835847,-6.0,0.0,-6.029999999998836,0.0
1992-12-17,7.814378477633e-08,-0.059999999997671694,-24.0,-0.010000000000000009,-23.94000000000233,-90.0
1992-12-18,7.500057108700275e-08,0.0,-18.0,0.0,-18.0,10.0
1992-12-19,7.203198038041592e-08,0.0,-30.0,0.0,-30.0,10.0
1992-12-20,6.915070116519928e-08,0.029999999998835847,-30.0,0.0,-30.029999999998836,20.0
1992-12-21,6.638583727180958e-08,0.5,-6.0,0.0,-6.5,0.0
1992-12-22,6.367918103933334e-08,-0.46000000002095476,-18.0,0.0,-17.539999999979045,10.0
1992-12-23,6.123445928096771e-08,-0.0500000000174623,0.0,0.0,0.0500000000174623,0.0
1992-12-24,5.8731529861688614e-08,0.0,0.0,0.0,0.0,0.0
1992-12-25,5.6374119594693184e-08,0.0,-6.0,0.0,-6.0,0.0
1992-12-26,5.413312464952469e-08,0.0,-60.0,-0.010000000000000009,-60.0,-140.0
1992-12-27,5.195033736526966e-08,0.0,-18.0,0.0,-18.0,20.0
1992-12-28,4.99130692332983e-08,0.01999999998952262,-36.0,0.0,-36.01999999998952,10.0
1992-12-29,4.7904904931783676e-08,-0.029999999998835847,-6.000000000029104,0.0,-5.970000000030268,10.0
1992-12-30,4.598405212163925e-08,0.0,0.0,0.0,0.0,0.0
1992-12-31,4.415051080286503e-08,0.0,-11.999999999970896,0.0,-11.999999999970896,10.0
1993-01-01,4.237517714500427e-08,0.0,0.0,0.0,0.0,0.0
1993-01-02,4.0658051148056984e-08,0.0,0.0,0.0,0.0,0.0
1993-01-03,3.9028236642479897e-08,-0.059999999997671694,-12.000000000029104,0.0,-11.940000000031432,10.0
1993-01-04,3.748573362827301e-08,0.0,0.0,0.0,0.0,0.0
1993-01-05,3.6030542105436325e-08,0.0,0.0,0.0,0.0,0.0
1993-01-06,3.457535058259964e-08,0.0,-6.0,0.0,-6.0,0.0
1993-01-07,3.317836672067642e-08,0.0,0.0,0.0,0.0,0.0
1993-01-08,3.1868694350123405e-08,0.0,0.0,0.0,0.0,0.0
1993-01-09,3.058812581002712e-08,0.0,0.0,0.0,0.0,0.0
1993-01-10,2.939486876130104e-08,0.0,0.0,0.0,0.0,0.0
1993-01-11,2.820161171257496e-08,0.0,0.0,0.0,0.0,0.0
1993-01-12,2.7066562324762344e-08,0.0,0.0,0.0,0.0,0.0
1993-01-13,2.5989720597863197e-08,0.0,0.0,0.0,0.0,0.0
1993-01-14,2.4941982701420784e-08,0.0,0.0,0.0,0.0,0.0
1993-01-15,2.3923348635435104e-08,0.0,0.0,0.0,0.0,0.0
1993-01-16,2.293381839990616e-08,0.0,0.0,0.0,0.0,0.0
1993-01-17,2.2060703486204147e-08,0.0,0.0,0.0,0.0,0.0
1993-01-18,2.1158484742045403e-08,0.0,0.0,0.0,0.0,0.0
1993-01-19,2.0314473658800125e-08,0.0,0.0,0.0,0.0,0.0
1993-01-20,1.9528670236468315e-08,0.0,0.0,0.0,0.0,0.0
1993-01-21,1.8742866814136505e-08,0.0,0.0,0.0,0.0,0.0
1993-01-22,1.798616722226143e-08,-0.029999999998835847,-6.0,0.0,-5.970000000001164,0.0
1993-01-23,1.7258571460843086e-08,0.0,-54.0,0.0,-54.0,40.0
1993-01-24,1.6618287190794945e-08,-0.029999999998835847,0.0,0.0,0.029999999998835847,0.0
1993-01-25,1.5919795259833336e-08,0.0,0.0,0.0,0.0,0.0
1993-01-26,1.525040715932846e-08,0.04999999998835847,0.0,0.0,-0.04999999998835847,0.0
1993-01-27,1.4668330550193787e-08,-0.04999999998835847,0.0,0.0,0.04999999998835847,0.0
1993-01-28,1.4057150110602379e-08,1.25,0.0,0.0,-1.25,0.0
1993-01-29,1.3475073501467705e-08,-0.9800000000104774,0.0,0.0,0.9800000000104774,0.0
1993-01-30,1.2980308383703232e-08,-0.25,0.0,0.0,0.25,0.0
1993-01-31,1.2427335605025291e-08,0.0,-12.0,0.0,-12.0,10.0
1993-02-01,1.1961674317717552e-08,0.0,0.0,0.0,0.0,0.0
1993-02-02,1.1437805369496346e-08,0.0,-6.0,0.0,-6.0,0.0
1993-02-03,1.100124791264534e-08,0.0,0.0,0.0,0.0,0.0
1993-02-04,1.0593794286251068e-08,0.0,0.0,0.0,0.0,0.0
1993-02-05,1.0157236829400063e-08,0.04999999998835847,0.0,0.0,-0.04999999998835847,0.0
1993-02-06,9.720679372549057e-09,-0.01999999998952262,0.0,0.0,0.01999999998952262,0.0
1993-02-07,9.371433407068253e-09,0.0,-6.0,0.0,-6.0,0.0
1993-02-08,8.934875950217247e-09,0.4200000000128057,0.0,0.0,-0.4200000000128057,0.0
1993-02-09,8.64383764564991e-09,0.5599999999976717,-6.0,0.0,-6.559999999997672,10.0
1993-02-10,8.236384019255638e-09,-0.8900000000139698,-6.000000000029104,0.0,-5.110000000015134,20.0
1993-02-11,7.945345714688301e-09,0.4499999999825377,-23.999999999970896,0.0,-24.449999999953434,20.0
1993-02-12,7.596099749207497e-09,-0.5899999999965075,0.0,0.0,0.5899999999965075,0.0
1993-02-13,7.30506144464016e-09,0.0,0.0,0.0,0.0,0.0
1993-02-14,6.984919309616089e-09,0.0,0.0,0.0,0.0,0.0
1993-02-15,6.693881005048752e-09,0.0,0.0,0.0,0.0,0.0
1993-02-16,6.4319465309381485e-09,-0.01999999998952262,0.0,0.0,0.01999999998952262,0.0
1993-02-17,6.1409082263708115e-09,0.0,0.0,0.0,0.0,0.0
1993-02-18,5.8498699218034744e-09,0.0,-12.000000000029104,0.0,-12.000000000029104,0.0
1993-02-19,5.6461431086063385e-09,0.0,-6.0,0.0,-6.0,0.0
1993-02-20,5.413312464952469e-09,0.0,0.0,0.0,0.0,0.0
1993-02-21,5.180481821298599e-09,0.010000000009313226,0.0,0.0,-0.010000000009313226,0.0
1993-02-22,4.94765117764473e-09,0.0,0.0,0.0,0.0,0.0
1993-02-23,4.802132025361061e-09,0.0,0.0,0.0,0.0,0.0
1993-02-24,4.5693013817071915e-09,0.0,0.0,0.0,0.0,0.0
1993-02-25,4.394678398966789e-09,0.0,0.0,0.0,0.0,0.0
1993-02-26,6.406422471627593e-06,0.0,0.0,0.0,0.0,0.0
1993-02-27,1.2928969226777554e-05,0.0,0.0,0.0,0.0,0.0
1993-02-28,1.4671430108137429e-05,0.0,0.0,0.0,0.0,0.0
1993-03-01,1.5214376617223024e-05,0.0,0.0,0.0,0.0,0.0
1993-03-02,1.5358993550762534e-05,0.0,0.0,0.0,0.0,0.0
1993-03-03,1.4970617485232651e-05,0.10000000000582077,0.0,0.0,-0.10000000000582077,0.0
1993-03-04,1.4371733414009213e-05,-7.1600000000034925,474.0,0.0,481.1600000000035,-150.0
1993-03-05,1.3796903658658266e-05,7.970000000001164,0.0,0.010000000000000009,-7.970000000001164,0.0
1993-03-06,1.3245065929368138e-05,0.889999999984866,-5.999999999970896,0.0,-6.889999999955762,0.0
1993-03-07,1.2715259799733758e-05,0.9700000000011642,-30.0,0.0,-30.970000000001164,10.0
1993-03-08,1.2206612154841423e-05,-0.1900000000023283,-12.0,0.0,-11.809999999997672,10.0
1993-03-09,1.1718366295099258e-05,2.39000000001397,-168.0000000000291,0.0,-170.39000000004307,10.0
1993-03-10,1.1249620001763105e-05,-0.8799999999755528,-24.000000000029104,0.0,-23.12000000005355,20.0
1993-03-11,1.0799645679071546e-05,-3.790000000008149,-18.000000000029104,0.0,-14.210000000020955,0.0
1993-03-12,1.0367657523602247e-05,4.309999999997672,-41.999999999970896,0.0,-46.30999999996857,40.0
1993-03-13,9.952927939593792e-06,1.8099999999976717,-65.9999999999709,0.0,-67.80999999996857,30.0
1993-03-14,9.554903954267502e-06,-53.63000000000466,1788.0,0.0,1841.6300000000047,0.0
1993-03-15,9.172596037387848e-06,33.5,408.0,0.019999999999999574,374.5,0.0
1993-03-16,8.805771358311176e-06,-7.120000000111759,696.0,0.009999999999999787,703.1200000001118,0.0
1993-03-17,8.453498594462872e-06,-6.5,443.9999999998836,0.0,450.4999999998836,30.0
1993-03-18,8.115312084555626e-06,32.0,-47.99999999994179,0.010000000000000675,-79.99999999994179,0.0
1993-03-19,7.790717063471675e-06,0.6099999999860302,-126.0000000000291,0.0,-126.61000000001513,0.0
1993-03-20,7.479044143110514e-06,3.400000000023283,-221.9999999999418,-0.009999999999999787,-225.39999999996508,-10.0
1993-03-21,7.179914973676205e-06,-3.0,-270.0000000000582,0.0,-267.0000000000582,30.0
1993-03-22,6.8926019594073296e-06,-4.119999999995343,186.0,0.05000000000000071,190.11999999999534,0.0
1993-03-23,6.616988684982061e-06,-0.25,-306.0,-0.009999999999999787,-305.75,-30.0
1993-03-24,6.3523766584694386e-06,-1.0,-72.0,0.0,-71.0,0.0
1993-03-25,6.09824201092124e-06,0.16000000000349246,-29.999999999970896,0.0,-30.15999999997439,0.0
1993-03-26,5.854322807863355e-06,0.04999999998835847,-24.0,0.0,-24.04999999998836,0.0
1993-03-27,5.620153388008475e-06,0.139999999984866,-18.0,0.0,-18.139999999984866,0.0
1993-03-28,5.395355401560664e-06,0.16999999998370185,-23.999999999970896,0.0,-24.169999999954598,0.0
1993-03-29,5.179550498723984e-06,-0.2600000000093132,0.0,0.0,0.2600000000093132,0.0
1993-03-30,4.97233122587204e-06,-0.20000000001164153,-12.000000000029104,0.0,-11.800000000017462,10.0
1993-03-31,4.773435648530722e-06,-0.20999999999185093,-30.0,0.0,-29.79000000000815,0.0
1993-04-01,4.5825145207345486e-06,2.60999999998603,-354.0,-0.009999999999999787,-356.60999999998603,0.0
1993-04-02,4.39921859651804e-06,-45.190000000060536,486.0,-0.09999999999999964,531.1900000000605,-10.0
1993-04-03,4.223198629915714e-06,34.96999999997206,-342.0,-0.020000000000000462,-376.96999999997206,0.0
1993-04-04,4.054309101775289e-06,7.980000000010477,-149.9999999999709,-0.009999999999999787,-157.97999999998137,-70.0
1993-04-05,3.892142558470368e-06,0.0,-203.9999999999709,-0.009999999999999787,-203.9999999999709,-10.0
1993-04-06,3.7364952731877565e-06,-0.059999999997671694,-144.0,0.0,-143.94000000000233,10.0
1993-04-07,3.5869888961315155e-06,0.02000000001862645,-96.0,-0.010000000000000231,-96.02000000001863,-90.0
1993-04-08,3.443448804318905e-06,0.0,-678.0000000000582,-0.02999999999999936,-678.0000000000582,0.0
1993-04-09,3.305845893919468e-06,-2.0300000000279397,-420.0,-0.019999999999999574,-417.96999999997206,0.0
1993-04-10,3.1735398806631565e-06,0.029999999969732016,-438.0,-0.009999999999999787,-438.02999999996973,0.0
1993-04-11,3.046588972210884e-06,2.349999999976717,-168.0,-0.009999999999999787,-170.34999999997672,-10.0
1993-04-12,2.9247021302580833e-06,-0.35999999998603016,-264.0,-0.04999999999999982,-263.64000000001397,0.0
1993-04-13,2.807704731822014e-06,-0.45000000001164153,-114.0,-0.010000000000000231,-113.54999999998836,-60.0
1993-04-14,2.695451257750392e-06,0.360000000015134,-24.0,0.0,-24.360000000015134,10.0
1993-04-15,2.5876506697386503e-06,0.0,-138.0,0.0,-138.0,10.0
1993-04-16,2.484099240973592e-06,0.010000000009313226,-233.9999999999709,-0.009999999999999787,-234.0099999999802,0.0
1993-04-17,2.3847678676247597e-06,-1.5900000000256114,-306.0,-0.02999999999999936,-304.4099999999744,-10.0
1993-04-18,2.2893655113875866e-06,1.4700000000011642,-192.0,-0.009999999999999787,-193.47000000000116,-20.0
1993-04-19,2.1978048607707024e-06,0.07999999998719431,-59.999999999970896,0.0,-60.07999999995809,30.0
1993-04-20,2.1099112927913666e-06,0.0,-209.9999999999709,-0.010000000000000231,-209.9999999999709,-10.0
1993-04-21,2.025510184466839e-06,-0.06999999997788109,-162.0,0.0,-161.93000000002212,10.0
1993-04-22,1.944514224305749e-06,-0.25,-132.0000000000291,0.0,-131.7500000000291,20.0
1993-04-23,1.8667196854948997e-06,-1.429999999993015,-336.0,-0.019999999999999574,-334.570000000007,-10.0
1993-04-24,1.7920974642038345e-06,0.5999999999767169,-384.0,-0.009999999999999787,-384.5999999999767,10.0
1993-04-25,0.010001720394939184,0.0,-312.0,-0.010000000000000675,-312.0,0.0
1993-04-26,1.6515259630978107e-06,0.9099999999743886,-209.9999999999418,-0.009999999999999787,-210.90999999991618,-10.0
1993-04-27,1.5855184756219387e-06,0.5500000000174623,-71.9999999999709,0.0,-72.54999999998836,30.0
1993-04-28,1.522101229056716e-06,0.11999999999534339,-138.0,0.0,-138.11999999999534,10.0
1993-04-29,1.4611869119107723e-06,0.25,-371.9999999999418,-0.009999999999999787,-372.2499999999418,0.0
1993-04-30,1.4027755241841078e-06,-0.2699999999895226,-41.999999999970896,0.0,-41.72999999998137,10.0
1993-05-01,1.346692442893982e-06,0.0,-41.999999999970896,0.0,-41.999999999970896,0.0
1993-05-02,1.2927630450576544e-06,-0.01999999998952262,-17.999999999970896,0.0,-17.979999999981374,0.0
1993-05-03,1.2410455383360386e-06,0.06999999994877726,-666.0000000000582,-0.03000000000000025,-666.070000000007,0.0
1993-05-04,1.191481715068221e-06,-0.14000000001396984,-78.0,0.0,-77.85999999998603,10.0
1993-05-05,1.1438096407800913e-06,0.0,-78.0,-0.010000000000000231,-78.0,-100.0
1993-05-06,1.0980002116411924e-06,0.0,-312.0000000000291,-0.020000000000000018,-312.0000000000291,-10.0
1993-05-07,1.0540825314819813e-06,-1.1199999999953434,-306.0,0.0,-304.88000000000466,20.0
1993-05-08,1.0119110811501741e-06,1.0200000000186265,-168.0000000000291,-0.009999999999999787,-169.02000000004773,-10.0
1993-05-09,9.715149644762278e-07,0.0,-6.0,0.0,-6.0,0.0
1993-05-10,9.326031431555748e-07,0.0,-17.999999999970896,0.0,-17.999999999970896,0.0
1993-05-11,8.952920325100422e-07,0.0,0.0,0.0,0.0,0.0
1993-05-12,8.594943210482597e-07,-0.010000000009313226,-17.999999999970896,0.0,-17.989999999961583,0.0
1993-05-13,8.25151801109314e-07,0.0,-12.0,0.0,-12.0,0.0
1993-05-14,7.921480573713779e-07,0.0,0.0,0.0,0.0,0.0
1993-05-15,7.604539860039949e-07,0.0,0.0,0.0,0.0,0.0
1993-05-16,7.300404831767082e-07,0.0,0.0,0.0,0.0,0.0
1993-05-17,7.007911335676908e-07,0.0,0.0,0.0,0.0,0.0
1993-05-18,6.72793248668313e-07,0.0,0.0,0.0,0.0,0.0
1993-05-19,6.459013093262911e-07,0.0,0.0,0.0,0.0,0.0
1993-05-20,6.200862117111683e-07,0.0,0.0,0.0,0.0,0.0
1993-05-21,5.952606443315744e-07,0.0,0.0,0.0,0.0,0.0
1993-05-22,5.714246071875095e-07,0.0500000000174623,0.0,0.0,-0.0500000000174623,0.0
1993-05-23,5.486072041094303e-07,0.0,0.0,0.0,0.0,0.0
1993-05-24,5.266629159450531e-07,0.0,0.0,0.0,0.0,0.0
1993-05-25,5.055626388639212e-07,0.0,0.0,0.0,0.0,0.0
1993-05-26,4.853354766964912e-07,0.0,0.0,0.0,0.0,0.0
1993-05-27,4.659523256123066e-07,0.0,0.0,0.0,0.0,0.0
1993-05-28,4.472967702895403e-07,0.0,-12.0,0.0,-12.0,10.0
1993-05-29,4.2939791455864906e-07,0.029999999998835847,0.0,0.0,-0.029999999998835847,0.0
1993-05-30,4.122266545891762e-07,0.0,-41.999999999970896,-0.010000000000000231,-41.999999999970896,-90.0
1993-05-31,3.9569567888975143e-07,0.0,-138.0,-0.010000000000000231,-138.0,-20.0
1993-06-01,3.7989229895174503e-07,-0.0500000000174623,-36.000000000029104,0.0,-35.95000000001164,10.0
1993-06-02,3.6470009945333004e-07,0.0,-24.000000000058208,0.0,-24.000000000058208,0.0
1993-06-03,3.5011908039450645e-07,0.0,-29.999999999970896,-0.009999999999999787,-29.999999999970896,-230.0
1993-06-04,3.360619302839041e-07,-0.029999999998835847,-306.0,-0.010000000000000231,-305.97000000000116,0.0
1993-06-05,3.2264506444334984e-07,0.27999999999883585,-432.0,-0.019999999999999574,-432.27999999999884,0.0
1993-06-06,3.0969385989010334e-07,-0.3099999999976717,-270.0,-0.009999999999999787,-269.6900000000023,0.0
1993-06-07,2.97382939606905e-07,0.0,-83.9999999999709,0.0,-83.9999999999709,10.0
1993-06-08,2.8550857678055763e-07,0.0,-18.000000000029104,0.0,-18.000000000029104,10.0
1993-06-09,2.740707714110613e-07,0.0,-47.999999999970896,0.0,-47.999999999970896,10.0
1993-06-10,2.630986273288727e-07,0.0,-84.0000000000291,0.0,-84.0000000000291,20.0
1993-06-11,2.525921445339918e-07,0.0,-36.000000000029104,0.0,-36.000000000029104,10.0
1993-06-12,2.424640115350485e-07,0.0,-18.0,-0.010000000000000231,-18.0,-40.0
1993-06-13,2.3277243599295616e-07,0.0,-23.999999999970896,0.0,-23.999999999970896,0.0
1993-06-14,2.234883140772581e-07,0.0,-18.0,0.0,-18.0,20.0
1993-06-15,2.1455343812704086e-07,0.0,-18.0,0.0,-18.0,10.0
1993-06-16,2.0599691197276115e-07,0.0,-6.0,0.0,-6.0,0.0
1993-06-17,1.9773142412304878e-07,-0.04000000000814907,0.0,0.0,0.04000000000814907,0.0
1993-06-18,1.8978607840836048e-07,0.01999999998952262,0.0,0.0,-0.01999999998952262,0.0
1993-06-19,1.8218997865915298e-07,0.0,0.0,0.0,0.0,0.0
1993-06-20,1.7488491721451283e-07,0.0,0.0,0.0,0.0,0.0
1993-06-21,1.6789999790489674e-07,0.0,0.0,0.0,0.0,0.0
1993-06-22,1.6114790923893452e-07,0.0,-54.0,-0.010000000000000231,-54.0,-20.0
1993-06-23,1.547450665384531e-07,0.0,0.0,0.0,0.0,0.0
1993-06-24,1.4857505448162556e-07,0.0,0.0,0.0,0.0,0.0
1993-06-25,1.4266697689890862e-07,0.0,0.0,0.0,0.0,0.0
1993-06-26,1.3693352229893208e-07,0.0,0.0,0.0,0.0,0.0
1993-06-27,1.314328983426094e-07,0.0,0.0,0.0,0.0,0.0
1993-06-28,1.2619420886039734e-07,0.010000000009313226,0.0,0.0,-0.010000000009313226,0.0
1993-06-29,1.2113014236092567e-07,0.0,0.0,0.0,0.0,0.0
1993-06-30,1.1629890650510788e-07,0.0,0.0,0.0,0.0,0.0
1993-07-01,1.1161318980157375e-07,0.0,0.0,0.0,0.0,0.0
1993-07-02,1.071603037416935e-07,0.0,0.0,0.0,0.0,0.0
1993-07-03,1.0288204066455364e-07,0.0,0.0,0.0,0.0,0.0
1993-07-04,9.877840057015419e-08,0.0,0.0,0.0,0.0,0.0
1993-07-05,9.48202796280384e-08,0.0,0.0,0.0,0.0,0.0
1993-07-06,9.097857400774956e-08,0.0,0.0,0.0,0.0,0.0
1993-07-07,8.739880286157131e-08,0.0,0.0,0.0,0.0,0.0
1993-07-08,8.390634320676327e-08,0.029999999998835847,0.0,0.0,-0.029999999998835847,0.0
1993-07-09,8.050119504332542e-08,0.0,0.0,0.0,0.0,0.0
1993-07-10,7.729977369308472e-08,0.0,0.0,0.0,0.0,0.0
1993-07-11,7.421476766467094e-08,0.0,0.0,0.0,0.0,0.0
1993-07-12,7.1202521212399e-08,0.0,0.0,0.0,0.0,0.0
1993-07-13,6.836489774286747e-08,0.00999999999476131,0.0,0.0,-0.00999999999476131,0.0
1993-07-14,6.564368959516287e-08,-0.020000000004074536,0.0,0.0,0.020000000004074536,0.0
1993-07-15,6.300979293882847e-08,0.0,0.0,0.0,0.0,0.0
1993-07-16,6.050686351954937e-08,0.03999999999359716,0.0,0.0,-0.03999999999359716,0.0
1993-07-17,5.8076693676412106e-08,-0.010000000009313226,0.0,0.0,0.010000000009313226,0.0
1993-07-18,5.573383532464504e-08,0.029999999998835847,0.0,0.0,-0.029999999998835847,0.0
1993-07-19,5.352194420993328e-08,-0.010000000009313226,-23.999999999985448,0.0,-23.989999999976135,10.0
1993-07-20,5.1382812671363354e-08,0.0,0.0,0.0,0.0,0.0
1993-07-21,4.933099262416363e-08,-0.020000000004074536,0.0,0.0,0.020000000004074536,0.0
1993-07-22,4.7351932153105736e-08,0.0,-60.0,-0.010000000000000009,-60.0,-10.0
1993-07-23,4.5460183173418045e-08,0.0,0.0,0.0,0.0,0.0
1993-07-24,1.622475974727422e-05,0.0,0.0,0.0,0.0,0.0
1993-07-25,9.416963439434767e-05,0.0,0.0,0.0,0.0,0.0
1993-07-26,0.00011929763422813267,0.029999999998835847,0.0,0.0,-0.029999999998835847,0.0
1993-07-27,0.00012827967293560505,-0.00999999999476131,0.0,0.0,0.00999999999476131,0.0
1993-07-28,0.00012892743689008057,0.00999999999476131,0.0,0.0,-0.00999999999476131,0.0
1993-07-29,0.00012574676657095551,0.0,0.0,0.0,0.0,0.0
1993-07-30,0.00012187268293928355,0.010000000009313226,0.0,0.0,-0.010000000009313226,0.0
1993-07-31,0.00011757567699532956,0.0,0.0,0.0,0.0,0.0
1993-08-01,0.0001128726580645889,0.0,0.0,0.0,0.0,0.0
1993-08-02,0.00010835772263817489,0.0,0.0,0.0,0.0,0.0
1993-08-03,0.00010402343468740582,0.0,0.0,0.0,0.0,0.0
1993-08-04,9.986248915083706e-05,-0.020000000004074536,0.0,0.0,0.020000000004074536,0.0
1993-08-05,9.586800297256559e-05,0.010000000009313226,0.0,0.0,-0.010000000009313226,0.0
1993-08-06,9.203328227158636e-05,0.0,0.0,0.0,0.0,0.0
1993-08-07,8.835195330902934e-05,0.0,0.0,0.0,0.0,0.0
1993-08-08,8.481787517666817e-05,0.0,0.0,0.0,0.0,0.0
1993-08-09,8.142515434883535e-05,0.0,0.0,0.0,0.0,0.0
1993-08-10,7.816814468242228e-05,0.0,0.0,0.0,0.0,0.0
1993-08-11,7.504140376113355e-05,0.0,0.0,0.0,0.0,0.0
1993-08-12,7.203975110314786e-05,0.0,0.0,0.0,0.0,0.0
1993-08-13,6.91581517457962e-05,0.0,0.0,0.0,0.0,0.0
1993-08-14,6.639183266088367e-05,0.0,0.0,0.0,0.0,0.0
1993-08-15,6.373616633936763e-05,0.0,0.5999999999912689,0.0,0.5999999999912689,0.0
1993-08-16,6.118669989518821e-05,-0.00999999999476131,0.0,0.0,0.00999999999476131,0.0
1993-08-17,5.873922782484442e-05,0.0,0.0,0.0,0.0,0.0
1993-08-18,5.6389704695902765e-05,0.0,0.0,0.0,0.0,0.0
1993-08-19,5.413411417976022e-05,0.0,0.0,0.0,0.0,0.0
1993-08-20,5.196873098611832e-05,0.0,0.0,0.0,0.0,0.0
1993-08-21,4.9889960791915655e-05,0.0,0.0,0.0,0.0,0.0
1993-08-22,4.789438389707357e-05,0.0,0.0,0.0,0.0,0.0
1993-08-23,4.5978595153428614e-05,0.0,0.0,0.0,0.0,0.0
1993-08-24,4.413945134729147e-05,0.0,0.0,0.0,0.0,0.0
1993-08-25,4.2373896576464176e-05,0.020000000004074536,0.0,0.0,-0.020000000004074536,0.0
1993-08-26,4.067894769832492e-05,-0.010000000009313226,0.0,0.0,0.010000000009313226,0.0
1993-08-27,3.9051781641319394e-05,0.0,0.0,0.0,0.0,0.0
1993-08-28,3.7489706301130354e-05,0.0,0.0,0.0,0.0,0.0
1993-08-29,3.599011688493192e-05,0.0,0.0,0.0,0.0,0.0
1993-08-30,3.4550525015220046e-05,0.0,0.0,0.0,0.0,0.0
1993-08-31,3.316850052215159e-05,0.0,0.0,0.0,0.0,0.0
1993-09-01,3.18417587550357e-05,0.0,0.0,0.0,0.0,0.0
1993-09-02,3.0568095098715276e-05,0.0,0.0,0.0,0.0,0.0
1993-09-03,2.9345377697609365e-05,0.0,0.0,0.0,0.0,0.0
1993-09-04,2.8171554731670767e-05,0.0,0.0,0.0,0.0,0.0
1993-09-05,2.704469079617411e-05,0.0,0.0,0.0,0.0,0.0
1993-09-06,2.596290869405493e-05,0.0,0.0,0.0,0.0,0.0
1993-09-07,2.4924396711867303e-05,0.0,0.0,0.0,0.0,0.0
1993-09-08,2.3927415895741433e-05,0.0,0.0,0.0,0.0,0.0
1993-09-09,2.2970314603298903e-05,0.0,0.0,0.0,0.0,0.0
1993-09-10,2.2051513951737434e-05,0.0,0.0,0.0,0.0,0.0
1993-09-11,2.1169449610169977e-05,0.0,0.0,0.0,0.0,0.0
1993-09-12,2.0322666387073696e-05,0.00999999999476131,0.0,0.0,-0.00999999999476131,0.0
1993-09-13,1.9509760022629052e-05,0.0,0.0,0.0,0.0,0.0
1993-09-14,1.872936263680458e-05,0.0,0.0,0.0,0.0,0.0
1993-09-15,1.798018638510257e-05,0.0,0.0,0.0,0.0,0.0
1993-09-16,1.7260972526855767e-05,0.0,0.0,0.0,0.0,0.0
1993-09-17,1.6570549632888287e-05,0.0,0.0,0.0,0.0,0.0
1993-09-18,1.590773172210902e-05,0.0,0.0,0.0,0.0,0.0
1993-09-19,1.5271427400875837e-05,0.0,0.0,0.0,0.0,0.0
1993-09-20,1.4660552551504225e-05,0.0,0.0,0.0,0.0,0.0
1993-09-21,1.4074139471631497e-05,0.0,0.0,0.0,0.0,0.0
1993-09-22,1.3511169527191669e-05,0.0,0.0,0.0,0.0,0.0
1993-09-23,1.2970733223482966e-05,0.01999999999679858,0.0,0.0,-0.01999999999679858,0.0
1993-09-24,1.2451899237930775e-05,-0.00999999999476131,0.0,0.0,0.00999999999476131,0.0
1993-09-25,1.1953823559451848e-05,0.0,0.0,0.0,0.0,0.0
1993-09-26,1.1475662176962942e-05,0.00999999999476131,0.0,0.0,-0.00999999999476131,0.0
1993-09-27,1.1016636562999338e-05,0.0,0.0,0.0,0.0,0.0
1993-09-28,1.0575960914138705e-05,0.0,0.0,0.0,0.0,0.0
1993-09-29,1.015293673845008e-05,0.0,0.0,0.0,0.0,0.0
1993-09-30,9.746814612299204e-06,0.01999999999679858,0.0,0.0,-0.01999999999679858,0.0
1993-10-01,9.3569396995008e-06,0.0,0.0,0.0,0.0,0.0
1993-10-02,8.982649887911975e-06,0.0,0.0,0.0,0.0,0.0
1993-10-03,8.623355824965984e-06,0.0,0.0,0.0,0.0,0.0
1993-10-04,8.27842450235039e-06,0.0,0.0,0.0,0.0,0.0
1993-10-05,7.947281119413674e-06,0.0,0.0,0.0,0.0,0.0
1993-10-06,7.629390893271193e-06,0.0,0.0,0.0,0.0,0.0
1993-10-07,7.3242190410383046e-06,0.0,0.0,0.0,0.0,0.0
1993-10-08,7.031248969724402e-06,0.0,0.0,0.0,0.0,0.0
1993-10-09,6.750000466126949e-06,0.0,0.0,0.0,0.0,0.0
1993-10-10,6.479993317043409e-06,-0.00999999999839929,0.0,0.0,0.00999999999839929,0.0
1993-10-11,6.220794602995738e-06,0.0,0.0,0.0,0.0,0.0
1993-10-12,5.971964128548279e-06,-0.00999999999839929,0.0,0.0,0.00999999999839929,0.0
1993-10-13,5.7330908020958304e-06,0.0,0.0,0.0,0.0,0.0
1993-10-14,5.50376353203319e-06,0.0,0.0,0.0,0.0,0.0
1993-10-15,5.283614882500842e-06,0.0,0.0,0.0,0.0,0.0
1993-10-16,5.072270141681656e-06,0.0,0.0,0.0,0.0,0.0
1993-10-17,4.869376425631344e-06,0.0,0.0,0.0,0.0,0.0
1993-10-18,4.674606316257268e-06,0.0,0.0,0.0,0.0,0.0
1993-10-19,4.487617843551561e-06,0.0,0.0,0.0,0.0,0.0
1993-10-20,4.308119969209656e-06,0.0,0.0,0.0,0.0,0.0
1993-10-21,4.135792551096529e-06,0.0,0.0,0.0,0.0,0.0
1993-10-22,3.970362740801647e-06,0.010000000002037268,0.0,0.0,-0.010000000002037268,0.0
1993-10-23,3.8115467759780586e-06,0.0,0.0,0.0,0.0,0.0
1993-10-24,3.659086360130459e-06,0.0,0.0,0.0,0.0,0.0
1993-10-25,3.512719558784738e-06,0.00999999999839929,0.0,0.0,-0.00999999999839929,0.0
1993-10-26,3.372213541297242e-06,0.0,0.0,0.0,0.0,0.0
1993-10-27,3.2373209251090884e-06,0.0,0.0,0.0,0.0,0.0
1993-10-28,3.107827069470659e-06,-0.020000000000436557,0.0,0.0,0.020000000000436557,0.0
1993-10-29,2.983513695653528e-06,0.0,0.0,0.0,0.0,0.0
1993-10-30,2.8641734388656914e-06,0.0,0.0,0.0,0.0,0.0
1993-10-31,2.749606210272759e-06,0.0,0.0,0.0,0.0,0.0
1993-11-01,2.6396228349767625e-06,0.0,0.0,0.0,0.0,0.0
1993-11-02,2.5340268621221185e-06,0.0,0.0,0.0,0.0,0.0
1993-11-03,2.4326727725565434e-06,0.0,0.0,0.0,0.0,0.0
1993-11-04,2.335360477445647e-06,0.0,0.0,0.0,0.0,0.0
1993-11-05,2.241944457637146e-06,0.0,0.0,0.0,0.0,0.0
1993-11-06,2.1522755559999496e-06,0.0,0.0,0.0,0.0,0.0
1993-11-07,2.066179149551317e-06,0.0,0.0,0.0,0.0,0.0
1993-11-08,1.9835315470118076e-06,0.0,0.0,0.0,0.0,0.0
1993-11-09,1.9041908672079444e-06,0.0,0.0,0.0,0.0,0.0
1993-11-10,1.8280188669450581e-06,0.0,0.0,0.0,0.0,0.0
1993-11-11,1.7549027688801289e-06,0.0,0.0,0.0,0.0,0.0
1993-11-12,1.6847043298184872e-06,-0.010000000002037268,0.0,0.0,0.010000000002037268,0.0
1993-11-13,1.6173144103959203e-06,0.0,0.0,0.0,0.0,0.0
1993-11-14,1.5526275092270225e-06,0.0,0.0,0.0,0.0,0.0
1993-11-15,1.4905162970535457e-06,0.0,0.0,0.0,0.0,0.0
1993-11-16,1.4308971003629267e-06,0.0,0.0,0.0,0.0,0.0
1993-11-17,1.3736607797909528e-06,0.0,0.0,0.0,0.0,0.0
1993-11-18,1.3187127478886396e-06,0.0,0.0,0.0,0.0,0.0
1993-11-19,1.2659620551858097e-06,-0.010000000002037268,0.0,0.0,0.010000000002037268,0.0
1993-11-20,1.2153250281699002e-06,-0.010000000002037268,0.0,0.0,0.010000000002037268,0.0
1993-11-21,1.1667143553495407e-06,0.0,0.0,0.0,0.0,0.0
1993-11-22,1.1200427252333611e-06,0.0,0.0,0.0,0.0,0.0
1993-11-23,1.0752410162240267e-06,0.0,0.0,0.0,0.0,0.0
1993-11-24,1.0322328307665884e-06,0.0,0.0,0.0,0.0,0.0
1993-11-25,9.909417713060975e-07,0.0,0.0,0.0,0.0,0.0
1993-11-26,9.512987162452191e-07,0.0,0.0,0.0,0.0,0.0
1993-11-27,9.13252733880654e-07,0.0,0.0,0.0,0.0,0.0
1993-11-28,8.767274266574532e-07,0.0,0.0,0.0,0.0,0.0
1993-11-29,8.416500349994749e-07,0.00999999999839929,0.0,0.0,-0.00999999999839929,0.0
1993-11-30,8.079878170974553e-07,-1.3300000000017462,42.6000000000131,0.0010000000000000009,43.93000000001484,70.0
1993-12-01,7.755588740110397e-07,-73.5,3205.1999999999534,0.0,3278.6999999999534,-80.0
1993-12-02,7.446506060659885e-07,74.97000000000116,76.19999999998254,0.019999999999999574,1.2299999999813735,0.0
1993-12-03,7.148555596359074e-07,0.010000000002037268,-1.1999999999970896,0.0,-1.2099999999991269,0.0
1993-12-04,6.862537702545524e-07,0.7200000000011642,-23.400000000001455,0.0,-24.12000000000262,10.0
1993-12-05,6.588052201550454e-07,-0.7000000000007276,0.0,0.0,0.7000000000007276,0.0
1993-12-06,6.324553396552801e-07,0.00999999999839929,0.0,0.0,-0.00999999999839929,0.0
1993-12-07,6.071568350307643e-07,0.020000000004074536,-19.80000000000291,0.0,-19.820000000006985,10.0
1993-12-08,5.828915163874626e-07,-1.9500000000116415,704.9999999999709,0.020000000000000018,706.9499999999825,0.0
1993-12-09,5.595793481916189e-07,2.290000000008149,-60.0,0.0,-62.29000000000815,20.0
1993-12-10,5.37169398739934e-07,-0.39999999999417923,-131.99999999998545,0.0,-131.59999999999127,0.0
1993-12-11,5.157053237780929e-07,-0.00999999999476131,-18.60000000000582,0.0,-18.59000000001106,0.0
1993-12-12,4.950561560690403e-07,-0.029999999998835847,-3.6000000000058208,0.0,-3.570000000006985,20.0
1993-12-13,4.752655513584614e-07,0.0,-2.400000000008731,0.0,-2.400000000008731,10.0
1993-12-14,4.562461981549859e-07,0.0,0.0,0.0,0.0,0.0
1993-12-15,4.379835445433855e-07,0.0,0.0,0.0,0.0,0.0
1993-12-16,4.2049214243888855e-07,0.0,0.0,0.0,0.0,0.0
1993-12-17,4.036555765196681e-07,0.0,0.0,0.0,0.0,0.0
1993-12-18,3.8753205444663763e-07,0.0,0.0,0.0,0.0,0.0
1993-12-19,3.7201971281319857e-07,0.0,0.0,0.0,0.0,0.0
1993-12-20,3.571331035345793e-07,0.0,0.0,0.0,0.0,0.0
1993-12-21,3.428140189498663e-07,-0.020000000004074536,0.0,0.0,0.020000000004074536,0.0
1993-12-22,3.2913521863520145e-07,0.0,0.0,0.0,0.0,0.0
1993-12-23,3.1596573535352945e-07,-0.00999999999476131,0.0,0.0,0.00999999999476131,0.0
1993-12-24,3.033055691048503e-07,0.00999999999476131,0.0,0.0,-0.00999999999476131,0.0
1993-12-25,2.9116927180439234e-07,-0.04999999998835847,0.0,0.0,0.04999999998835847,0.0
1993-12-26,2.795131877064705e-07,0.0,0.0,0.0,0.0,0.0
1993-12-27,2.683518687263131e-07,0.0,0.0,0.0,0.0,0.0
1993-12-28,2.576125552877784e-07,0.0,0.0,0.0,0.0,0.0
1993-12-29,2.4730979930609465e-07,0.0,0.0,0.0,0.0,0.0
1993-12-30,2.3742904886603355e-07,0.0,0.0,0.0,0.0,0.0
1993-12-31,2.2789754439145327e-07,0.0,0.0,0.0,0.0,0.0
1994-01-01,2.1874438971281052e-07,-6.560000000055879,1236.0,0.0,1242.5600000000559,-10.0
1994-01-02,2.100132405757904e-07,-85.43999999994412,2034.0,-0.3999999999999986,2119.439999999944,0.0
1994-01-03,2.0166044123470783e-07,91.86999999999534,53.99999999994179,0.009999999999999787,-37.87000000005355,0.0
1994-01-04,1.9365688785910606e-07,-9.409999999974389,323.9999999999418,0.0,333.4099999999162,-10.0
1994-01-05,1.8579885363578796e-07,-5.690000000002328,582.0,0.009999999999999787,587.6900000000023,0.0
1994-01-06,1.7839192878454924e-07,15.779999999998836,-23.999999999970896,0.0,-39.77999999996973,0.0
1994-01-07,1.7130514606833458e-07,0.0,-12.0,0.0,-12.0,0.0
1994-01-08,1.6443664208054543e-07,0.25,-36.0,0.0,-36.25,0.0
1994-01-09,1.5783007256686687e-07,-0.20999999999185093,-59.999999999970896,0.0,-59.789999999979045,20.0
1994-01-10,1.5148543752729893e-07,0.0,-102.0,-0.010000000000000231,-102.0,-50.0
1994-01-11,1.4546094462275505e-07,0.01999999998952262,-66.0,0.0,-66.01999999998952,10.0
1994-01-12,1.3961107470095158e-07,0.12999999997555278,-53.999999999970896,0.0,-54.12999999994645,10.0
1994-01-13,1.3405224308371544e-07,-0.059999999997671694,-6.000000000029104,0.0,-5.940000000031432,0.0
1994-01-14,1.286680344492197e-07,-0.01999999998952262,0.0,0.0,0.01999999998952262,0.0
1994-01-15,1.234875526279211e-07,-0.010000000009313226,0.0,0.0,0.010000000009313226,0.0
1994-01-16,1.1856900528073311e-07,0.0,0.0,0.0,0.0,0.0
1994-01-17,1.1382508091628551e-07,-0.059999999997671694,-6.0,0.0,-5.940000000002328,0.0
1994-01-18,1.0928488336503506e-07,0.0,-6.0,0.0,-6.0,0.0
1994-01-19,1.0489020496606827e-07,-0.029999999998835847,0.0,0.0,0.029999999998835847,0.0
1994-01-20,1.0075746104121208e-07,-0.08000000001629815,0.0,0.0,0.08000000001629815,0.0
1994-01-21,9.668292477726936e-08,0.0,0.0,0.0,0.0,0.0
1994-01-22,9.284121915698051e-08,0.0,-24.000000000029104,0.0,-24.000000000029104,10.0
1994-01-23,8.908682502806187e-08,0.0,0.0,0.0,0.0,0.0
1994-01-24,8.553615771234035e-08,-0.07000000000698492,0.0,0.0,0.07000000000698492,0.0
1994-01-25,8.213100954890251e-08,-0.029999999998835847,0.0,0.0,0.029999999998835847,0.0
1994-01-26,7.887138053774834e-08,0.0,0.0,0.0,0.0,0.0
1994-01-27,7.569906301796436e-08,0.0,-6.0,0.0,-6.0,0.0
1994-01-28,7.264316082000732e-08,0.0,0.0,0.0,0.0,0.0
1994-01-29,6.973277777433395e-08,-0.029999999998835847,0.0,0.0,0.029999999998835847,0.0
1994-01-30,6.699701771140099e-08,-0.029999999998835847,-12.0,0.0,-11.970000000001164,0.0
1994-01-31,6.426125764846802e-08,0.029999999998835847,0.0,0.0,-0.029999999998835847,0.0
1994-02-01,6.170012056827545e-08,-0.029999999998835847,0.0,0.0,0.029999999998835847,0.0
1994-02-02,5.925539880990982e-08,0.04999999998835847,0.0,0.0,-0.04999999998835847,0.0
1994-02-03,5.686888471245766e-08,0.0,0.0,0.0,0.0,0.0
1994-02-04,5.459878593683243e-08,0.0,0.0,0.0,0.0,0.0
1994-02-05,5.24159986525774e-08,0.0,0.0,0.0,0.0,0.0
1994-02-06,5.029141902923584e-08,0.0,0.0,0.0,0.0,0.0
1994-02-07,4.8283254727721214e-08,0.029999999998835847,0.0,0.0,-0.029999999998835847,0.0
1994-02-08,4.6333298087120056e-08,0.0,0.0,0.0,0.0,0.0
1994-02-09,4.449975676834583e-08,0.0,0.0,0.0,0.0,0.0
1994-02-10,4.272442311048508e-08,0.0,0.0,0.0,0.0,0.0
1994-02-11,4.103640094399452e-08,0.0,0.0,0.0,0.0,0.0
1994-02-12,3.9406586438417435e-08,0.0,0.0,0.0,0.0,0.0
1994-02-13,3.777677193284035e-08,0.0,-12.0,0.0,-12.0,10.0
1994-02-14,3.629247657954693e-08,0.0,0.0,0.0,0.0,0.0
1994-02-15,3.486638888716698e-08,0.14999999999417923,0.0,0.0,-0.14999999999417923,0.0
1994-02-16,3.346940502524376e-08,0.029999999998835847,0.0,0.0,-0.029999999998835847,0.0
1994-02-17,3.213062882423401e-08,-0.15000000002328306,-18.0,0.0,-17.849999999976717,20.0
1994-02-18,3.0850060284137726e-08,-0.11000000001513399,-24.0,0.0,-23.889999999984866,10.0
1994-02-19,2.9598595574498177e-08,0.029999999998835847,0.0,0.0,-0.029999999998835847,0.0
1994-02-20,2.8463546186685562e-08,-0.010000000009313226,-18.0,0.0,-17.989999999990687,0.0
1994-02-21,2.7299392968416214e-08,0.010000000009313226,-18.0,0.0,-18.010000000009313,10.0
1994-02-22,2.6193447411060333e-08,0.0,-42.0,-0.010000000000000009,-42.0,-20.0
1994-02-23,2.514570951461792e-08,-4.0,2417.9999999998836,0.040000000000000924,2421.9999999998836,60.0
1994-02-24,2.421438694000244e-08,-81.87000000011176,2004.0,0.0,2085.8700000001118,-20.0
1994-02-25,2.3195752874016762e-08,89.94000000000233,23.999999999941792,0.0,-65.94000000006054,0.0
1994-02-26,2.223532646894455e-08,-7.0200000000186265,0.0,0.0,7.0200000000186265,0.0
1994-02-27,2.136221155524254e-08,10.059999999997672,-54.000000000029104,0.0,-64.06000000002678,10.0
1994-02-28,2.0547304302453995e-08,-1.2399999999906868,-72.0,0.0,-70.76000000000931,0.0
1994-03-01,1.9703293219208717e-08,-4.429999999993015,-120.0000000000291,-0.010000000000000231,-115.57000000003609,-50.0
1994-03-02,1.894659362733364e-08,-1.209999999991851,-114.0,0.0,-112.79000000000815,0.0
1994-03-03,1.8131686374545097e-08,-1.1000000000058208,-149.9999999999418,-0.009999999999999787,-148.89999999993597,-20.0
1994-03-04,1.7404090613126755e-08,0.20999999999185093,-12.000000000029104,0.0,-12.210000000020955,20.0
1994-03-05,1.6705598682165146e-08,-0.029999999998835847,-30.000000000029104,0.0,-29.970000000030268,0.0
1994-03-06,1.6007106751203537e-08,0.0,-18.000000000029104,0.0,-18.000000000029104,0.0
1994-03-07,1.539592631161213e-08,0.0,-6.0,0.0,-6.0,0.0
1994-03-08,1.4784745872020721e-08,0.0,-5.999999999970896,0.0,-5.999999999970896,0.0
1994-03-09,1.4202669262886047e-08,0.08000000001629815,0.0,0.0,-0.08000000001629815,0.0
1994-03-10,1.3620592653751373e-08,-0.010000000009313226,0.0,0.0,0.010000000009313226,0.0
1994-03-11,1.3067619875073433e-08,0.0,-12.0,0.0,-12.0,10.0
1994-03-12,1.2543750926852226e-08,0.0,0.0,0.0,0.0,0.0
1994-03-13,1.201988197863102e-08,0.060000000026775524,0.0,0.0,-0.060000000026775524,0.0
1994-03-14,1.155422069132328e-08,0.02000000001862645,0.0,0.0,-0.02000000001862645,0.0
1994-03-15,1.1117663234472275e-08,0.0,0.0,0.0,0.0,0.0
1994-03-16,1.068110577762127e-08,0.0,-6.0,0.0,-6.0,0.0
1994-03-17,1.021544449031353e-08,0.029999999998835847,-18.0,0.0,-18.029999999998836,10.0
1994-03-18,9.866198524832726e-09,0.0,-60.0,0.0,-60.0,0.0
1994-03-19,9.458744898438454e-09,-0.010000000009313226,-6.0,0.0,-5.989999999990687,0.0
1994-03-20,9.138602763414383e-09,0.1900000000023283,-23.999999999970896,0.0,-24.189999999973224,20.0
1994-03-21,8.672941476106644e-09,-0.20000000001164153,-66.0000000000291,0.0,-65.80000000001746,20.0
1994-03-22,8.352799341082573e-09,0.0,-6.0,0.0,-6.0,0.0
1994-03-23,7.974449545145035e-09,0.01999999998952262,-47.999999999970896,-0.009999999999999787,-48.01999999996042,-10.0
1994-03-24,7.654307410120964e-09,0.10999999998603016,-72.0000000000291,0.0,-72.11000000001513,180.0
1994-03-25,7.392372936010361e-09,-0.14999999999417923,-36.0,0.0,-35.85000000000582,50.0
1994-03-26,7.07223080098629e-09,0.27999999999883585,-6.000000000029104,0.0,-6.28000000002794,0.0
1994-03-27,6.868503987789154e-09,1.040000000008149,-6.0,0.0,-7.040000000008149,0.0
1994-03-28,6.548361852765083e-09,-1.4200000000128057,0.0,0.0,1.4200000000128057,0.0
1994-03-29,6.257323548197746e-09,0.0,0.0,0.0,0.0,0.0
1994-03-30,5.995389074087143e-09,0.059999999997671694,-78.0,-0.010000000000000231,-78.05999999999767,-80.0
1994-03-31,5.791662260890007e-09,0.0,-77.9999999999709,-0.009999999999999787,-77.9999999999709,-40.0
1994-04-01,5.587935447692871e-09,0.01999999998952262,-6.0,0.0,-6.019999999989523,0.0
1994-04-02,5.3551048040390015e-09,0.0,-6.0,0.0,-6.0,0.0
1994-04-03,5.122274160385132e-09,0.0,-17.999999999970896,0.0,-17.999999999970896,10.0
1994-04-04,4.94765117764473e-09,0.0,-30.000000000058208,0.0,-30.000000000058208,30.0
1994-04-05,4.773028194904327e-09,0.25,-42.0,0.0,-42.25,10.0
1994-04-06,4.511093720793724e-09,-0.09999999997671694,-318.0000000000291,-0.009999999999999787,-317.9000000000524,0.0
1994-04-07,4.394678398966789e-09,-1.290000000008149,-168.0,-0.010000000000000231,-166.70999999999185,-20.0
1994-04-08,-0.020799995807465166,-6.779999999969732,-330.0,-0.14999999999999947,-323.22000000003027,-80.0
1994-04-09,2.5625922717154026e-07,6.39000000001397,-246.0,-0.010000000000000231,-252.39000000001397,10.0
1994-04-10,1.759472070261836e-06,1.3299999999871943,-42.0,0.0,-43.329999999987194,30.0
1994-04-11,3.3706019166857004e-06,-0.04000000000814907,-23.999999999970896,0.0,-23.959999999962747,0.0
1994-04-12,3.23579297401011e-06,0.0,-60.000000000029104,-0.010000000000000231,-60.000000000029104,-60.0
1994-04-13,3.106397343799472e-06,0.0,-6.0,0.0,-6.0,10.0
1994-04-14,2.982094883918762e-06,0.0,-6.0,0.0,-6.0,0.0
1994-04-15,2.8628273867070675e-06,-0.07999999998719431,0.0,0.0,0.07999999998719431,0.0
1994-04-16,2.7483038138598204e-06,0.0,-6.0,0.0,-6.0,0.0
1994-04-17,2.638378646224737e-06,0.0,0.0,0.0,0.0,0.0
1994-04-18,2.532819053158164e-06,0.0,0.0,0.0,0.0,0.0
1994-04-19,2.431508619338274e-06,0.029999999998835847,0.0,0.0,-0.029999999998835847,0.0
1994-04-20,2.3342727217823267e-06,0.0,0.0,0.0,0.0,0.0
1994-04-21,2.240907633677125e-06,0.0,-12.0,0.0,-12.0,0.0
1994-04-22,2.1512096282094717e-06,0.0,0.0,0.0,0.0,0.0
1994-04-23,2.06514960154891e-06,0.0,0.0,0.0,0.0,0.0
1994-04-24,1.9825820345431566e-06,-0.07999999998719431,-24.0,0.0,-23.920000000012806,10.0
1994-04-25,1.619651447981596e-05,0.0,-6.0,0.0,-6.0,10.0
1994-04-26,2.2106774849817157e-05,0.0,0.0,0.0,0.0,0.0
1994-04-27,2.3576634703204036e-05,0.0,0.0,0.0,0.0,0.0
1994-04-28,2.3726577637717128e-05,0.0,0.0,0.0,0.0,0.0
1994-04-29,2.328201662749052e-05,0.0,0.0,0.0,0.0,0.0
1994-04-30,2.2602936951443553e-05,0.0,0.0,0.0,0.0,0.0
1994-05-01,2.1698797354474664e-05,0.0,0.0,0.0,0.0,0.0
1994-05-02,2.083086292259395e-05,0.010000000009313226,0.0,0.0,-0.010000000009313226,0.0
1994-05-03,1.999759115278721e-05,0.0,0.0,0.0,0.0,0.0
1994-05-04,1.9197672372683883e-05,0.0,-18.0,0.0,-18.0,10.0
1994-05-05,1.8429767806082964e-05,-0.07000000000698492,0.0,0.0,0.07000000000698492,0.0
1994-05-06,1.7692596884444356e-05,0.029999999998835847,0.0,0.0,-0.029999999998835847,0.0
1994-05-07,1.6984849935397506e-05,0.0,0.0,0.0,0.0,0.0
1994-05-08,1.630547922104597e-05,0.0,0.0,0.0,0.0,0.0
1994-05-09,1.565326238051057e-05,0.0,0.0,0.0,0.0,0.0
1994-05-10,1.5027137123979628e-05,0.0,0.0,0.0,0.0,0.0
1994-05-11,1.4426084817387164e-05,0.0,0.0,0.0,0.0,0.0
1994-05-12,0.0005049354367656633,0.0,0.0,0.0,0.0,0.0
1994-05-13,0.000702224497217685,0.0,0.0,0.0,0.0,0.0
1994-05-14,0.0007524683314841241,0.0,0.0,0.0,0.0,0.0
1994-05-15,0.0007492965378332883,0.0,0.0,0.0,0.0,0.0
1994-05-16,0.0007283630548045039,0.0,0.0,0.0,0.0,0.0
1994-05-17,0.0007022413337836042,0.0,0.0,0.0,0.0,0.0
1994-05-18,0.0006754509086022153,0.0,0.0,0.0,0.0,0.0
1994-05-19,0.0006490542873507366,0.0,-6.0,0.0,-6.0,0.0
1994-05-20,0.0006234310567378998,0.0,0.0,0.0,0.0,0.0
1994-05-21,0.0005986256146570668,0.0,0.0,0.0,0.0,0.0
1994-05-22,0.0005746805836679414,0.0,0.0,0.0,0.0,0.0
1994-05-23,0.0005516933888429776,0.0,0.0,0.0,0.0,0.0
1994-05-24,0.0005296256567817181,0.059999999997671694,0.0,0.0,-0.059999999997671694,0.0
1994-05-25,0.000508440614794381,0.0,0.0,0.0,0.0,0.0
1994-05-26,0.0004881029890384525,0.0,0.0,0.0,0.0,0.0
1994-05-27,0.00046857887355145067,0.0,0.0,0.0,0.0,0.0
1994-05-28,0.0004497980698943138,0.0,0.0,0.0,0.0,0.0
1994-05-29,0.00043180614011362195,0.0,0.0,0.0,0.0,0.0
1994-05-30,0.00041453390440437943,0.0,0.0,0.0,0.0,0.0
1994-05-31,0.0003979525499744341,0.020000000004074536,0.0,0.0,-0.020000000004074536,0.0
1994-06-01,0.00038203444273676723,0.0,0.0,0.0,0.0,0.0
1994-06-02,0.0003667530545499176,0.010000000009313226,0.0,0.0,-0.010000000009313226,0.0
1994-06-03,0.00035208294866606593,0.0,0.0,0.0,0.0,0.0
1994-06-04,0.0003379996051080525,0.0,0.0,0.0,0.0,0.0
1994-06-05,0.00032447962439619005,-0.00999999999476131,0.0,0.0,0.00999999999476131,0.0
1994-06-06,0.00031150045106187463,0.0,0.0,0.0,0.0,0.0
1994-06-07,0.0002990404318552464,-0.04000000000814907,0.0,0.0,0.04000000000814907,0.0
1994-06-08,0.00028707880119327456,0.0,0.0,0.0,0.0,0.0
1994-06-09,0.00027559566660784185,0.0,0.0,0.0,0.0,0.0
1994-06-10,0.0002645718486746773,0.0,0.0,0.0,0.0,0.0
1994-06-11,0.00025398898287676275,0.07000000000698492,0.0,0.0,-0.07000000000698492,0.0
1994-06-12,0.00024382940318901092,0.0,0.0,0.0,0.0,0.0
1994-06-13,0.0002340762148378417,0.05000000000291038,-37.79999999998836,0.0,-37.84999999999127,10.0
1994-06-14,0.0002247131778858602,0.0,-59.99999999998545,0.0,-59.99999999998545,20.0
1994-06-15,0.00021572464902419597,0.0,0.0,0.0,0.0,0.0
1994-06-16,0.000207095654332079,0.0,0.0,0.0,0.0,0.0
1994-06-17,0.00019881186017300934,0.0,-6.000000000014552,0.0,-6.000000000014552,10.0
1994-06-18,0.00019085935491602868,0.0,0.0,0.0,0.0,0.0
1994-06-19,0.0001832249981816858,0.0,0.0,0.0,0.0,0.0
1994-06-20,0.00017589599883649498,0.0,0.0,0.0,0.0,0.0
1994-06-21,0.00016886017692741007,0.029999999998835847,0.0,0.0,-0.029999999998835847,0.0
1994-06-22,0.00016210574540309608,0.0,0.0,0.0,0.0,0.0
1994-06-23,0.0001556215138407424,0.0,0.0,0.0,0.0,0.0
1994-06-24,0.00014939665561541915,0.010000000009313226,0.0,0.0,-0.010000000009313226,0.0
1994-06-25,0.00014342078065965325,0.0,0.0,0.0,0.0,0.0
1994-06-26,0.00013768397911917418,0.0,0.0,0.0,0.0,0.0
1994-06-27,0.00013217658852227032,0.0,0.0,0.0,0.0,0.0
1994-06-28,0.0001268895430257544,0.0,0.0,0.0,0.0,0.0
1994-06-29,0.00012181395140942186,0.0,0.0,0.0,0.0,0.0
1994-06-30,0.00011694137356244028,0.0,0.0,0.0,0.0,0.0
1994-07-01,0.00011226371861994267,0.0,0.0,0.0,0.0,0.0
1994-07-02,0.00010777318675536662,0.0,0.0,0.0,0.0,0.0
1994-07-03,0.00010346226918045431,0.0,0.0,0.0,0.0,0.0
1994-07-04,9.932377724908292e-05,0.0,0.0,0.0,0.0,0.0
1994-07-05,9.535079880151898e-05,0.0,0.0,0.0,0.0,0.0
1994-07-06,9.153678547590971e-05,0.0,0.0,0.0,0.0,0.0
1994-07-07,8.787530532572418e-05,0.0,0.0,0.0,0.0,0.0
1994-07-08,8.436029020231217e-05,0.0,0.0,0.0,0.0,0.0
1994-07-09,8.098589023575187e-05,0.0,0.0,0.0,0.0,0.0
1994-07-10,7.774644473101944e-05,0.0,0.0,0.0,0.0,0.0
1994-07-11,7.463659858331084e-05,0.0,0.0,0.0,0.0,0.0
1994-07-12,7.16511276550591e-05,0.0,0.0,0.0,0.0,0.0
1994-07-13,6.878506974317133e-05,0.010000000009313226,0.0,0.0,-0.010000000009313226,0.0
1994-07-14,6.60336809232831e-05,-0.04000000000814907,0.0,0.0,0.04000000000814907,0.0
1994-07-15,6.3392348238267e-05,0.0,0.0,0.0,0.0,0.0
1994-07-16,6.0856647905893624e-05,0.0,0.0,0.0,0.0,0.0
1994-07-17,5.842238897457719e-05,0.0,0.0,0.0,0.0,0.0
1994-07-18,5.6085496908053756e-05,0.0,0.0,0.0,0.0,0.0
1994-07-19,5.384207179304212e-05,0.0,0.0,0.0,0.0,0.0
1994-07-20,5.168838833924383e-05,0.0,0.0,0.0,0.0,0.0
1994-07-21,4.962084494763985e-05,0.0,0.5999999999985448,0.0,0.5999999999985448,0.0
1994-07-22,4.763602191815153e-05,0.0,0.0,0.0,0.0,0.0
1994-07-23,4.573058686219156e-05,-0.010000000002037268,0.0,0.0,0.010000000002037268,0.0
1994-07-24,4.390135291032493e-05,-0.010000000002037268,0.0,0.0,0.010000000002037268,0.0
1994-07-25,4.214530054014176e-05,0.020000000004074536,0.0,0.0,-0.020000000004074536,0.0
1994-07-26,4.045947571285069e-05,0.0,0.0,0.0,0.0,0.0
1994-07-27,3.884110628860071e-05,0.0,0.0,0.0,0.0,0.0
1994-07-28,3.7287449231371284e-05,0.0,0.0,0.0,0.0,0.0
1994-07-29,3.579596523195505e-05,0.0,0.0,0.0,0.0,0.0
1994-07-30,3.436411498114467e-05,0.0,0.0,0.0,0.0,0.0
1994-07-31,3.298955562058836e-05,0.0,0.0,0.0,0.0,0.0
1994-08-01,3.166998067172244e-05,0.0,0.0,0.0,0.0,0.0
1994-08-02,3.0403185519389808e-05,0.0,0.0,0.0,0.0,0.0
1994-08-03,2.918704558396712e-05,0.0,0.0,0.0,0.0,0.0
1994-08-04,2.8019574529025704e-05,0.0,0.0,0.0,0.0,0.0
1994-08-05,2.6898778742179275e-05,0.0,0.0,0.0,0.0,0.0
1994-08-06,2.5822824682109058e-05,0.0,0.0,0.0,0.0,0.0
1994-08-07,2.478992973919958e-05,0.0,0.0,0.0,0.0,0.0
1994-08-08,2.379834040766582e-05,0.0,0.0,0.0,0.0,0.0
1994-08-09,2.2846397769171745e-05,0.0,0.0,0.0,0.0,0.0
1994-08-10,2.193254476878792e-05,0.029999999998835847,0.0,0.0,-0.029999999998835847,0.0
1994-08-11,2.1055246179457754e-05,0.0,0.0,0.0,0.0,0.0
1994-08-12,2.0213039533700794e-05,0.0,0.0,0.0,0.0,0.0
1994-08-13,1.940451329573989e-05,0.0,0.0,0.0,0.0,0.0
1994-08-14,1.8628335965331644e-05,0.0,0.0,0.0,0.0,0.0
1994-08-15,1.7883183318190277e-05,0.0,0.0,0.0,0.0,0.0
1994-08-16,1.716786209726706e-05,0.0,0.0,0.0,0.0,0.0
1994-08-17,1.648115721764043e-05,0.0,0.0,0.0,0.0,0.0
1994-08-18,1.5821911802049726e-05,0.0,0.0,0.0,0.0,0.0
1994-08-19,1.518903809483163e-05,0.0,0.0,0.0,0.0,0.0
1994-08-20,1.4581473806174472e-05,0.0,0.0,0.0,0.0,0.0
1994-08-21,1.3998214853927493e-05,0.0,0.0,0.0,0.0,0.0
1994-08-22,1.3438286259770393e-05,0.0,0.0,0.0,0.0,0.0
1994-08-23,1.2900756701128557e-05,0.0,0.0,0.0,0.0,0.0
1994-08-24,1.2384723959257826e-05,0.0,0.0,0.0,0.0,0.0
1994-08-25,1.1889333109138533e-05,0.0,0.0,0.0,0.0,0.0
1994-08-26,1.1413765605539083e-05,0.0,0.0,0.0,0.0,0.0
1994-08-27,1.0957217455143109e-05,0.0,0.0,0.0,0.0,0.0
1994-08-28,1.0518928320379928e-05,0.0,0.0,0.0,0.0,0.0
1994-08-29,1.0098170605488122e-05,0.0,0.0,0.0,0.0,0.0
1994-08-30,9.694242180557922e-06,0.0,0.0,0.0,0.0,0.0
1994-08-31,9.30647729546763e-06,0.01999999999679858,0.0,0.0,-0.01999999999679858,0.0
1994-09-01,8.934213838074356e-06,-0.010000000002037268,0.0,0.0,0.010000000002037268,0.0
1994-09-02,8.576847903896123e-06,0.0,0.0,0.0,0.0,0.0
1994-09-03,8.233771950472146e-06,0.0,0.0,0.0,0.0,0.0
1994-09-04,7.90441845310852e-06,0.0,0.0,0.0,0.0,0.0
1994-09-05,7.588245352962986e-06,0.0,0.0,0.0,0.0,0.0
1994-09-06,7.2847105911932886e-06,0.0,0.0,0.0,0.0,0.0
1994-09-07,6.993326678639278e-06,0.0,0.0,0.0,0.0,0.0
1994-09-08,6.713587936246768e-06,0.0,0.0,0.0,0.0,0.0
1994-09-09,6.445046892622486e-06,0.0,0.0,0.0,0.0,0.0
1994-09-10,6.187248800415546e-06,0.0,0.0,0.0,0.0,0.0
1994-09-11,5.9397571021690965e-06,0.0,0.0,0.0,0.0,0.0
1994-09-12,5.702171620214358e-06,0.0,0.0,0.0,0.0,0.0
1994-09-13,5.474084900924936e-06,-0.010000000002037268,0.0,0.0,0.010000000002037268,0.0
1994-09-14,5.2551222324837e-06,0.0,0.0,0.0,0.0,0.0
1994-09-15,5.044919817009941e-06,0.0,0.6000000000021828,0.0,0.6000000000021828,0.0
1994-09-16,4.8431247705593705e-06,0.0,0.0,0.0,0.0,0.0
1994-09-17,4.64939876110293e-06,-0.00999999999839929,0.0,0.0,0.00999999999839929,0.0
1994-09-18,4.463421646505594e-06,0.0,0.0,0.0,0.0,0.0
1994-09-19,4.2848878365475684e-06,0.0,0.0,0.0,0.0,0.0
1994-09-20,4.113489922019653e-06,0.0,0.0,0.0,0.0,0.0
1994-09-21,3.9489532355219126e-06,0.0,0.0,0.0,0.0,0.0
1994-09-22,3.790994014707394e-06,0.0,0.0,0.0,0.0,0.0
1994-09-23,3.639361239038408e-06,0.0,0.0,0.0,0.0,0.0
1994-09-24,3.493787517072633e-06,0.0,0.0,0.0,0.0,0.0
1994-09-25,3.3540345611982048e-06,0.0,0.0,0.0,0.0,0.0
1994-09-26,3.21987499773968e-06,0.0,0.0,0.0,0.0,0.0
1994-09-27,3.091079634032212e-06,0.0,0.0,0.0,0.0,0.0
1994-09-28,2.9674374673049897e-06,0.0,0.0,0.0,0.0,0.0
1994-09-29,2.8487374947872013e-06,0.010000000000218279,0.0,0.0,-0.010000000000218279,0.0
1994-09-30,2.7347887225914747e-06,0.0,0.0,0.0,0.0,0.0
1994-10-01,2.625398337841034e-06,0.0,0.0,0.0,0.0,0.0
1994-10-02,2.520382622606121e-06,0.0,0.0,0.0,0.0,0.0
1994-10-03,2.4195669539039955e-06,0.0,0.0,0.0,0.0,0.0
1994-10-04,2.322783984709531e-06,0.0,0.0,0.0,0.0,0.0
1994-10-05,2.2298718249658123e-06,0.0,0.0,0.0,0.0,0.0
1994-10-06,2.1406794985523447e-06,0.0,0.0,0.0,0.0,0.0
1994-10-07,2.0550505723804235e-06,0.0,0.0,0.0,0.0,0.0
1994-10-08,1.9728504412341863e-06,0.0,0.0,0.0,0.0,0.0
1994-10-09,1.8939354049507529e-06,0.0,0.0,0.0,0.0,0.0
1994-10-10,1.8181763152824715e-06,0.0,0.0,0.0,0.0,0.0
1994-10-11,1.7454512999393046e-06,0.0,0.0,0.0,0.0,0.0
1994-10-12,1.675633029663004e-06,0.0,0.0,0.0,0.0,0.0
1994-10-13,1.6086087271105498e-06,0.0,0.0,0.0,0.0,0.0
1994-10-14,1.5442637959495187e-06,0.0,0.0,0.0,0.0,0.0
1994-10-15,1.4824909158051014e-06,0.0,0.0,0.0,0.0,0.0
1994-10-16,1.42319368023891e-06,0.0,0.0,0.0,0.0,0.0
1994-10-17,1.3662684068549424e-06,0.0,0.0,0.0,0.0,0.0
1994-10-18,1.3116150512360036e-06,0.0,0.0,0.0,0.0,0.0
1994-10-19,1.2591499398695305e-06,0.0,0.0,0.0,0.0,0.0
1994-10-20,1.2087857612641528e-06,0.0,0.0,0.0,0.0,0.0
1994-10-21,1.160432475444395e-06,0.0,0.0,0.0,0.0,0.0
1994-10-22,1.1140164133394137e-06,0.0,0.0,0.0,0.0,0.0
1994-10-23,1.0694548109313473e-06,0.0,0.0,0.0,0.0,0.0
1994-10-24,1.0266758181387559e-06,0.0,0.0,0.0,0.0,0.0
1994-10-25,9.856103133643046e-07,0.0,0.0,0.0,0.0,0.0
1994-10-26,9.462237358093262e-07,-32.93999999994412,2284.20000000007,-0.09999999999999964,2317.140000000014,-20.0
1994-10-27,9.082723408937454e-07,-99.0,2033.9999999995343,-4.299999999999997,2132.9999999995343,0.0
1994-10-28,8.720089681446552e-07,132.75999999999476,220.1999999999898,0.029999999999999805,87.43999999999505,0.0
1994-10-29,8.371243893634528e-07,-0.019999999998617568,-14.220000000001164,0.0,-14.200000000002547,0.0
1994-10-30,9.351733751827851e-07,0.020000000000436557,0.0,0.0,-0.020000000000436557,0.0
1994-10-31,2.130866050720215e-06,-556.0,3731.999999999767,-1.0,4287.999999999767,0.0
1994-11-01,2.7291825972497463e-06,531.5,930.0,0.0,398.5,-30.0
1994-11-02,2.620070517878048e-06,24.770000000000437,32.39999999999782,0.0,7.629999999997381,0.0
1994-11-03,2.5152621674351394e-06,0.0,0.5999999999985448,0.0,0.5999999999985448,0.0
1994-11-04,2.414646587567404e-06,0.0,0.0,0.0,0.0,0.0
1994-11-05,2.31806916417554e-06,0.0,0.0,0.0,0.0,0.0
1994-11-06,2.2253443603403866e-06,0.0,0.0,0.0,0.0,0.0
1994-11-07,2.1363230189308524e-06,0.0,0.0,0.0,0.0,0.0
1994-11-08,2.0508741727098823e-06,0.01999999999679858,0.0,0.0,-0.01999999999679858,0.0
1994-11-09,1.968837750609964e-06,0.010000000002037268,0.0,0.0,-0.010000000002037268,0.0
1994-11-10,1.8900827853940427e-06,0.0,0.0,0.0,0.0,0.0
1994-11-11,1.8144710338674486e-06,0.0,0.0,0.0,0.0,0.0
1994-11-12,1.7418788047507405e-06,0.0,0.0,0.0,0.0,0.0
1994-11-13,1.6722187865525484e-06,0.0,0.0,0.0,0.0,0.0
1994-11-14,1.605323632247746e-06,0.0,0.0,0.0,0.0,0.0
1994-11-15,1.5411351341754198e-06,0.0,-2.3999999999796273,0.0,-2.3999999999796273,10.0
1994-11-16,1.479464117437601e-06,0.0,-1.7999999999883585,0.0,-1.7999999999883585,10.0
1994-11-17,1.4203105820342898e-06,0.0,0.0,0.0,0.0,0.0
1994-11-18,1.3634562492370605e-06,0.0,0.0,0.0,0.0,0.0
1994-11-19,1.3089447747915983e-06,0.0,-6.0,0.0,-6.0,0.0
1994-11-20,1.2565869837999344e-06,0.0,0.0,0.0,0.0,0.0
1994-11-21,1.2063246686011553e-06,0.0,0.0,0.0,0.0,0.0
1994-11-22,1.1580559657886624e-06,0.0,0.0,0.0,0.0,0.0
1994-11-23,1.1117226677015424e-06,0.0,-11.999999999985448,0.0,-11.999999999985448,10.0
1994-11-24,1.06728111859411e-06,0.10000000000582077,0.0,0.0,-0.10000000000582077,0.0
1994-11-25,1.0245857993140817e-06,-0.00999999999476131,-36.0,0.0,-35.99000000000524,0.0
1994-11-26,9.836076060310006e-07,0.029999999998835847,0.0,0.0,-0.029999999998835847,0.0
1994-11-27,9.442446753382683e-07,0.0,-6.0,0.0,-6.0,10.0
1994-11-28,9.064970072358847e-07,0.0,-12.000000000014552,-0.009999999999999787,-12.000000000014552,-120.0
1994-11-29,8.702627383172512e-07,0.0,-6.0,0.0,-6.0,0.0
1994-11-30,8.354545570909977e-07,-28.560000000026776,918.0,0.010000000000000231,946.5600000000268,0.0
1994-12-01,8.020142558962107e-07,28.079999999987194,-120.0,0.009999999999999787,-148.0799999999872,0.0
1994-12-02,7.699418347328901e-07,0.6200000000244472,-24.0,-0.010000000000000009,-24.620000000024447,40.0
1994-12-03,7.391354301944375e-07,-0.16000000000349246,-5.999999999985448,0.0,-5.839999999981956,0.0
1994-12-04,7.095804903656244e-07,-0.029999999998835847,0.0,0.0,0.029999999998835847,0.0
1994-12-05,6.812042556703091e-07,0.0,0.0,0.0,0.0,0.0
1994-12-06,6.539339665323496e-07,0.0,-18.0,0.0,-18.0,20.0
1994-12-07,6.277987267822027e-07,0.0,0.0,0.0,0.0,0.0
1994-12-08,6.026530172675848e-07,0.0,-18.0,0.0,-18.0,10.0
1994-12-09,5.785550456494093e-07,0.0,-12.0,0.0,-12.0,80.0
1994-12-10,5.55417500436306e-07,0.01999999998952262,-24.0,0.0,-24.019999999989523,10.0
1994-12-11,5.331821739673615e-07,-0.01999999998952262,-6.0,0.0,-5.980000000010477,0.0
1994-12-12,5.118199624121189e-07,0.07999999998719431,0.0,0.0,-0.07999999998719431,0.0
1994-12-13,4.913890734314919e-07,0.0,0.0,0.0,0.0,0.0
1994-12-14,4.7171488404273987e-07,0.0,0.0,0.0,0.0,0.0
1994-12-15,4.5285560190677643e-07,0.029999999998835847,-17.999999999970896,0.0,-18.029999999969732,20.0
1994-12-16,4.346948117017746e-07,-16.849999999976717,617.9999999999418,0.010000000000000231,634.8499999999185,20.0
1994-12-17,4.173489287495613e-07,-64.05999999993946,2274.0,0.02999999999999936,2338.0599999999395,10.0
1994-12-18,4.0070153772830963e-07,84.66000000000349,59.999999999970896,0.020000000000000462,-24.660000000032596,0.0
1994-12-19,3.8466532714664936e-07,-0.4800000000104774,-23.999999999970896,0.0,-23.51999999996042,0.0
1994-12-20,3.6926940083503723e-07,-0.4699999999720603,-18.0,0.0,-17.53000000002794,0.0
1994-12-21,3.5454286262393e-07,1.4099999999743886,-24.0,0.0,-25.40999999997439,0.0
1994-12-22,3.403110895305872e-07,-7.0,-42.0,0.0,-35.0,10.0
1994-12-23,3.267487045377493e-07,3.040000000008149,0.0,0.0,-3.040000000008149,0.0
1994-12-24,3.136519808322191e-07,2.470000000001164,-42.0,0.0,-44.470000000001164,20.0
1994-12-25,3.0113733373582363e-07,-48.110000000015134,-156.0000000000582,-0.020000000000000018,-107.89000000004307,0.0
1994-12-26,2.891756594181061e-07,-278.6899999999441,1872.0,0.0,2150.689999999944,50.0
1994-12-27,2.7747591957449913e-07,325.21000000002095,180.00000000011642,0.0,-145.20999999990454,50.0
1994-12-28,2.664164640009403e-07,-1.0499999999883585,-66.0,0.0,-64.95000000001164,0.0
1994-12-29,2.557644620537758e-07,0.0,-36.0,0.0,-36.0,0.0
1994-12-30,2.4554901756346226e-07,0.0,-18.0,0.0,-18.0,0.0
1994-12-31,2.35741026699543e-07,0.0,-6.0,0.0,-6.0,0.0
1995-01-01,2.262531779706478e-07,0.0,0.0,0.0,0.0,0.0
1995-01-02,2.1723099052906036e-07,0.0,0.0,0.0,0.0,0.0
1995-01-03,2.0855804905295372e-07,0.0,0.0,0.0,0.0,0.0
1995-01-04,2.0017614588141441e-07,0.0,0.0,0.0,0.0,0.0
1995-01-05,1.9217259250581264e-07,0.0,0.0,0.0,0.0,0.0
1995-01-06,1.8448918126523495e-07,0.0,0.0,0.0,0.0,0.0
1995-01-07,1.7709680832922459e-07,0.0,-12.000000000029104,0.0,-12.000000000029104,10.0
1995-01-08,1.700245775282383e-07,0.0,-6.000000000029104,0.0,-6.000000000029104,0.0
1995-01-09,1.6327248886227608e-07,1.1000000000058208,-42.0,0.0,-43.10000000000582,30.0
1995-01-10,1.5666591934859753e-07,2.60999999998603,-30.0,0.0,-32.60999999998603,10.0
1995-01-11,1.5040859580039978e-07,0.7600000000093132,-126.0000000000291,0.0,-126.76000000003842,10.0
1995-01-12,1.4435499906539917e-07,0.15999999997438863,-84.0,0.0,-84.15999999997439,0.0
1995-01-13,1.3865064829587936e-07,-9.190000000060536,174.0,0.0,183.19000000006054,0.0
1995-01-14,1.330627128481865e-07,14.5,-336.0,-0.009999999999999787,-350.5,0.0
1995-01-15,1.277076080441475e-07,-50.0,-330.0,-0.009999999999999787,-280.0,0.0
1995-01-16,1.2264354154467583e-07,40.25,-173.9999999999418,-0.010000000000000231,-214.2499999999418,-40.0
1995-01-17,1.176958903670311e-07,-1.1900000000023283,-198.0000000000582,-0.009999999999999787,-196.81000000005588,0.0
1995-01-18,1.130392774939537e-07,-40.55999999999767,-390.0,-0.019999999999999574,-349.4400000000023,-20.0
1995-01-19,1.0849907994270325e-07,41.90000000002328,-24.0,0.0,-65.90000000002328,0.0
1995-01-20,1.0416260920464993e-07,0.1300000000046566,-66.0000000000291,0.0,-66.13000000003376,10.0
1995-01-21,9.997165761888027e-08,-0.01999999998952262,-48.000000000029104,0.0,-47.98000000003958,0.0
1995-01-22,9.601353667676449e-08,0.0,-12.0,0.0,-12.0,0.0
1995-01-23,9.21427272260189e-08,0.0,-17.999999999970896,0.0,-17.999999999970896,0.0
1995-01-24,8.844654075801373e-08,0.0,-6.0,0.0,-6.0,0.0
1995-01-25,8.489587344229221e-08,0.3000000000174623,0.0,0.0,-0.3000000000174623,0.0
1995-01-26,8.15198291093111e-08,1.1400000000139698,-5.999999999970896,0.0,-7.139999999984866,10.0
1995-01-27,7.826020009815693e-08,1.8099999999976717,-72.0000000000291,0.0,-73.81000000002678,10.0
1995-01-28,7.520429790019989e-08,7.150000000023283,-138.0,0.0,-145.15000000002328,10.0
1995-01-29,7.211929187178612e-08,9.029999999969732,-378.0000000000582,-0.010000000000000675,-387.03000000002794,-10.0
1995-01-30,6.915070116519928e-08,-5.439999999944121,-558.0,-0.010000000000001563,-552.5600000000559,0.0
1995-01-31,6.647314876317978e-08,4.369999999995343,-30.0,0.09999999999999964,-34.36999999999534,0.0
1995-02-01,-0.009999936097301543,-12.0,-222.0,0.0,-210.0,0.0
1995-02-02,6.129266694188118e-08,-2.1199999999953434,-132.0,0.0,-129.88000000000466,0.0
1995-02-03,5.884794518351555e-08,11.349999999976717,-222.0000000000582,0.0,-233.35000000003492,0.0
1995-02-04,5.6461431086063385e-08,1.2800000000279397,-228.0000000000582,0.0,-229.28000000008615,10.0
1995-02-05,5.4191332310438156e-08,-7.900000000023283,-96.00000000005821,0.0,-88.10000000003492,0.0
1995-02-06,5.203764885663986e-08,-4.470000000001164,-42.000000000029104,0.0,-37.53000000002794,0.0
1995-02-07,4.997127689421177e-08,-3.4800000000104774,-66.0,0.0,-62.51999999998952,20.0
1995-02-08,4.793400876224041e-08,0.0,-30.000000000058208,0.0,-30.000000000058208,10.0
1995-02-09,4.604225978255272e-08,0.01999999998952262,-17.999999999970896,0.0,-18.01999999996042,0.0
1995-02-10,4.4208718463778496e-08,0.18999999997322448,-60.000000000029104,0.0,-60.19000000000233,10.0
1995-02-11,4.243338480591774e-08,-0.5,-186.0,-0.009999999999999787,-185.5,-50.0
1995-02-12,4.077446646988392e-08,-0.1300000000046566,-108.0,-0.009999999999999787,-107.86999999999534,-10.0
1995-02-13,3.914465196430683e-08,0.0,-11.999999999970896,0.0,-11.999999999970896,0.0
1995-02-14,3.754394128918648e-08,-0.08000000001629815,-24.0,-0.010000000000000231,-23.919999999983702,-40.0
1995-02-15,3.605964593589306e-08,-0.11000000001513399,-300.0000000000582,-0.020000000000000018,-299.8900000000431,-20.0
1995-02-16,3.463355824351311e-08,0.0,-330.0,-0.019999999999999574,-330.0,0.0
1995-02-17,3.329478204250336e-08,-113.81000000005588,2442.0000000001164,0.0,2555.8100000001723,0.0
1995-02-18,3.1781382858753204e-08,90.81999999994878,1109.9999999997672,0.009999999999999787,1019.1799999998184,-50.0
1995-02-19,0.010000030626542866,5.25,-6.0,0.0,-11.25,0.0
1995-02-20,2.939486876130104e-08,21.05999999999767,-186.0000000000582,0.0,-207.06000000005588,0.0
1995-02-21,2.8230715543031693e-08,-0.5,-108.00000000005821,0.0,-107.50000000005821,0.0
1995-02-22,2.7066562324762344e-08,-1.400000000023283,-35.99999999994179,-0.009999999999999787,-34.59999999991851,0.0
1995-02-23,2.5989720597863197e-08,-0.7200000000011642,-12.0,0.0,-11.279999999998836,0.0
1995-02-24,2.500019036233425e-08,-0.059999999997671694,-6.0,0.0,-5.940000000002328,0.0
1995-02-25,2.3952452465891838e-08,-0.14000000001396984,0.0,0.0,0.14000000001396984,0.0
1995-02-26,2.2992026060819626e-08,0.0,-12.000000000029104,0.0,-12.000000000029104,0.0
1995-02-27,2.2118911147117615e-08,0.0,-6.0,0.0,-6.0,0.0
1995-02-28,2.1187588572502136e-08,-0.029999999998835847,-6.000000000029104,0.0,-5.970000000030268,0.0
1995-03-01,2.028536982834339e-08,0.0,-6.000000000029104,0.0,-6.000000000029104,0.0
1995-03-02,1.949956640601158e-08,0.0,0.0,0.0,0.0,0.0
1995-03-03,1.8742866814136505e-08,0.0,0.0,0.0,0.0,0.0
1995-03-04,1.7957063391804695e-08,0.0,-41.999999999970896,0.0,-41.999999999970896,20.0
1995-03-05,1.720036379992962e-08,0.0,0.0,0.0,0.0,0.0
1995-03-06,1.6560079529881477e-08,0.0,0.0,0.0,0.0,0.0
1995-03-07,1.5890691429376602e-08,0.0,-6.0,0.0,-6.0,0.0
1995-03-08,1.525040715932846e-08,0.0,-36.000000000029104,0.0,-36.000000000029104,10.0
1995-03-09,1.4639226719737053e-08,-0.059999999997671694,-101.9999999999709,0.0,-101.93999999997322,20.0
1995-03-10,1.4086253941059113e-08,0.0,-72.0000000000291,-0.010000000000000231,-72.0000000000291,-30.0
1995-03-11,1.3562384992837906e-08,0.0,-30.0,0.0,-30.0,10.0
1995-03-12,1.2951204553246498e-08,0.0,-48.000000000029104,0.0,-48.000000000029104,20.0
1995-03-13,1.2543750926852226e-08,0.20000000001164153,-209.9999999999709,-0.010000000000000231,-210.19999999998254,-10.0
1995-03-14,1.2048985809087753e-08,-0.47000000000116415,-96.0,-0.010000000000000231,-95.52999999999884,-40.0
1995-03-15,1.1496013030409813e-08,-0.04999999998835847,-23.999999999970896,0.0,-23.949999999982538,10.0
1995-03-16,1.1059455573558807e-08,0.0,0.0,0.0,0.0,0.0
1995-03-17,1.0622898116707802e-08,0.04000000000814907,-18.0,0.0,-18.04000000000815,0.0
1995-03-18,1.0157236829400063e-08,-0.07999999998719431,-149.9999999999709,-0.009999999999999787,-149.9199999999837,-20.0
1995-03-19,9.778887033462524e-09,-0.01999999998952262,-23.999999999970896,0.0,-23.979999999981374,10.0
1995-03-20,9.400537237524986e-09,0.059999999997671694,-240.0,-0.010000000000000231,-240.05999999999767,-20.0
1995-03-21,9.051291272044182e-09,-0.139999999984866,-36.0,0.0,-35.860000000015134,20.0
1995-03-22,8.702045306563377e-09,0.010000000009313226,-36.0,-0.010000000000000231,-36.01000000000931,-120.0
1995-03-23,8.294591680169106e-09,0.0,-90.0,-0.010000000000000231,-90.0,-10.0
1995-03-24,8.032657206058502e-09,0.0,-24.000000000029104,0.0,-24.000000000029104,10.0
1995-03-25,7.654307410120964e-09,0.0,-84.0,-0.009999999999999787,-84.0,0.0
1995-03-26,7.30506144464016e-09,0.0,-11.999999999970896,0.0,-11.999999999970896,0.0
1995-03-27,7.0140231400728226e-09,0.0,0.0,0.0,0.0,0.0
1995-03-28,6.781192496418953e-09,0.0,0.0,0.0,0.0,0.0
1995-03-29,6.51925802230835e-09,0.0,-5.999999999970896,0.0,-5.999999999970896,0.0
1995-03-30,6.28642737865448e-09,-0.01999999998952262,0.0,0.0,0.01999999998952262,0.0
1995-03-31,6.024492904543877e-09,-0.010000000009313226,0.0,0.0,0.010000000009313226,0.0
1995-04-01,5.791662260890007e-09,0.0,-6.0,0.0,-6.0,0.0
1995-04-02,5.558831617236137e-09,0.0,0.0,0.0,0.0,0.0
1995-04-03,5.296897143125534e-09,0.0,0.0,0.0,0.0,0.0
1995-04-04,5.093170329928398e-09,0.0,0.0,0.0,0.0,0.0
1995-04-05,4.831235855817795e-09,0.0,-6.0,0.0,-6.0,10.0
1995-04-06,4.6566128730773926e-09,0.0,-24.0,0.0,-24.0,10.0
1995-04-07,4.452886059880257e-09,0.0,-6.0,0.0,-6.0,0.0
1995-04-08,4.2782630771398544e-09,0.0,-47.99999999994179,0.0,-47.99999999994179,20.0
1995-04-09,4.103640094399452e-09,-0.029999999998835847,-12.000000000029104,0.0,-11.970000000030268,10.0
1995-04-10,3.92901711165905e-09,0.0,-12.0,0.0,-12.0,10.0
1995-04-11,3.812601789832115e-09,0.0,-41.999999999970896,0.0,-41.999999999970896,10.0
1995-04-12,3.6670826375484467e-09,0.0,-269.9999999999709,-0.009999999999999787,-269.9999999999709,-10.0
1995-04-13,3.4924596548080444e-09,-0.1900000000023283,-335.9999999999709,-0.009999999999999787,-335.80999999996857,10.0
1995-04-14,3.3760443329811096e-09,0.17000000001280569,-90.0,0.0,-90.1700000000128,0.0
1995-04-15,3.259629011154175e-09,0.01999999998952262,-72.0,0.0,-72.01999999998952,30.0
1995-04-16,3.0850060284137726e-09,-0.029999999998835847,-12.0,0.0,-11.970000000001164,0.0
1995-04-17,2.9685907065868378e-09,0.0,-54.000000000029104,0.0,-54.000000000029104,10.0
1995-04-18,2.8812792152166367e-09,0.0,-12.000000000029104,0.0,-12.000000000029104,10.0
1995-04-19,2.764863893389702e-09,0.0,-66.0000000000291,0.0,-66.0000000000291,20.0
1995-04-20,2.6193447411060333e-09,0.08999999999650754,-78.0,0.0,-78.08999999999651,0.0
1995-04-21,2.5320332497358322e-09,-0.059999999997671694,-6.0,0.0,-5.940000000002328,0.0
1995-04-22,2.444721758365631e-09,0.0,0.0,0.0,0.0,0.0
1995-04-23,2.2992026060819626e-09,0.0,0.0,0.0,0.0,0.0
1995-04-24,2.2118911147117615e-09,0.0,0.0,0.0,0.0,0.0
1995-04-25,2.0954757928848267e-09,0.0,0.0,0.0,0.0,0.0
1995-04-26,2.0954757928848267e-09,0.0,0.0,0.0,0.0,0.0
1995-04-27,1.949956640601158e-09,0.06999999997788109,-18.0,0.0,-18.06999999997788,0.0
1995-04-28,1.8917489796876907e-09,-0.029999999998835847,-12.0,0.0,-11.970000000001164,0.0
1995-04-29,1.8044374883174896e-09,-0.07000000000698492,-24.000000000029104,0.0,-23.93000000002212,10.0
1995-04-30,1.7462298274040222e-09,0.0,-18.000000000029104,0.0,-18.000000000029104,10.0
1995-05-01,1.6880221664905548e-09,-0.17999999999301508,-480.0000000000291,-0.020000000000000462,-479.8200000000361,0.0
1995-05-02,1.6007106751203537e-09,-0.139999999984866,-216.0000000000582,-0.009999999999999787,-215.86000000007334,-10.0
1995-05-03,1.5425030142068863e-09,0.3299999999871943,-59.999999999970896,-0.009999999999999787,-60.32999999995809,-50.0
1995-05-04,1.5133991837501526e-09,-0.18999999994412065,-420.0,-0.019999999999999574,-419.8100000000559,0.0
1995-05-05,1.4260876923799515e-09,-0.4899999999906868,-318.0,-0.020000000000000018,-317.5100000000093,-10.0
1995-05-06,1.3387762010097504e-09,0.6099999999860302,-60.000000000029104,0.0,-60.610000000015134,10.0
1995-05-07,1.3096723705530167e-09,-0.029999999998835847,-18.0,0.0,-17.970000000001164,0.0
1995-05-08,1.280568540096283e-09,0.0,-36.0,-0.009999999999999787,-36.0,-120.0
1995-05-09,1.2514647096395493e-09,-0.010000000009313226,0.0,0.0,0.010000000009313226,0.0
1995-05-10,1.1932570487260818e-09,0.029999999998835847,-11.999999999970896,0.0,-12.029999999969732,0.0
1995-05-11,1.1350493878126144e-09,0.0,-138.0,-0.010000000000000231,-138.0,-10.0
1995-05-12,1.076841726899147e-09,0.0,-23.999999999970896,0.0,-23.999999999970896,20.0
1995-05-13,1.076841726899147e-09,0.0,-11.999999999970896,0.0,-11.999999999970896,0.0
1995-05-14,1.0186340659856796e-09,0.0,0.0,0.0,0.0,0.0
1995-05-15,9.604264050722122e-10,0.0,0.0,0.0,0.0,0.0
1995-05-16,9.604264050722122e-10,0.010000000009313226,0.0,0.0,-0.010000000009313226,0.0
1995-05-17,9.022187441587448e-10,-0.029999999998835847,0.0,0.0,0.029999999998835847,0.0
1995-05-18,7.8580342233181e-10,0.0,0.0,0.0,0.0,0.0
1995-05-19,8.440110832452774e-10,0.04000000000814907,0.0,0.0,-0.04000000000814907,0.0
1995-05-20,7.8580342233181e-10,0.0,0.0,0.0,0.0,0.0
1995-05-21,7.8580342233181e-10,0.0,0.0,0.0,0.0,0.0
1995-05-22,7.275957614183426e-10,-0.029999999998835847,0.0,0.0,0.029999999998835847,0.0
1995-05-23,6.693881005048752e-10,0.08000000001629815,0.0,0.0,-0.08000000001629815,0.0
1995-05-24,6.984919309616089e-10,0.0,0.0,0.0,0.0,0.0
1995-05-25,6.402842700481415e-10,0.0,0.0,0.0,0.0,0.0
1995-05-26,6.111804395914078e-10,0.0,0.0,0.0,0.0,0.0
1995-05-27,6.402842700481415e-10,0.0,0.0,0.0,0.0,0.0
1995-05-28,5.529727786779404e-10,0.0,0.0,0.0,0.0,0.0
1995-05-29,5.529727786779404e-10,0.0,0.0,0.0,0.0,0.0
1995-05-30,5.529727786779404e-10,0.0,0.0,0.0,0.0,0.0
1995-05-31,4.656612873077393e-10,0.0,0.0,0.0,0.0,0.0
1995-06-01,4.94765117764473e-10,0.0,0.0,0.0,0.0,0.0
1995-06-02,4.656612873077393e-10,0.0,0.0,0.0,0.0,0.0
1995-06-03,4.3655745685100555e-10,0.0,0.0,0.0,0.0,0.0
1995-06-04,4.0745362639427185e-10,0.0,0.0,0.0,0.0,0.0
1995-06-05,4.220055416226387e-10,-0.029999999998835847,0.0,0.0,0.029999999998835847,0.0
1995-06-06,4.0745362639427185e-10,0.01999999998952262,0.0,0.0,-0.01999999998952262,0.0
1995-06-07,3.92901711165905e-10,-0.010000000009313226,0.0,0.0,0.010000000009313226,0.0
1995-06-08,3.637978807091713e-10,0.0,0.0,0.0,0.0,0.0
1995-06-09,3.4924596548080444e-10,0.0,0.0,0.0,0.0,0.0
1995-06-10,3.346940502524376e-10,0.0,0.0,0.0,0.0,0.0
1995-06-11,3.055902197957039e-10,0.0,0.0,0.0,0.0,0.0
1995-06-12,2.9103830456733704e-10,0.0,0.0,0.0,0.0,0.0
1995-06-13,2.6193447411060333e-10,0.0,-30.000000000014552,-0.010000000000000009,-30.000000000014552,-360.0
1995-06-14,2.9103830456733704e-10,0.0,-6.000000000014552,0.0,-6.000000000014552,10.0
1995-06-15,2.6193447411060333e-10,0.0,-5.999999999985448,0.0,-5.999999999985448,10.0
1995-06-16,2.6193447411060333e-10,0.0,0.0,0.0,0.0,0.0
1995-06-17,2.3283064365386963e-10,0.0,0.0,0.0,0.0,0.0
1995-06-18,2.3283064365386963e-10,0.059999999997671694,0.0,0.0,-0.059999999997671694,0.0
1995-06-19,2.0372681319713593e-10,0.0,0.0,0.0,0.0,0.0
1995-06-20,2.3283064365386963e-10,0.0,0.0,0.0,0.0,0.0
1995-06-21,2.1827872842550278e-10,0.0,0.0,0.0,0.0,0.0
1995-06-22,2.0372681319713593e-10,0.0,0.0,0.0,0.0,0.0
1995-06-23,2.1827872842550278e-10,0.0,0.0,0.0,0.0,0.0
1995-06-24,1.8917489796876907e-10,0.0,0.0,0.0,0.0,0.0
1995-06-25,1.7462298274040222e-10,0.0,0.0,0.0,0.0,0.0
1995-06-26,1.4551915228366852e-10,0.0,0.0,0.0,0.0,0.0
1995-06-27,1.4551915228366852e-10,0.0,0.0,0.0,0.0,0.0
1995-06-28,1.7462298274040222e-10,0.0,0.0,0.0,0.0,0.0
1995-06-29,1.3096723705530167e-10,0.0,0.0,0.0,0.0,0.0
1995-06-30,1.3096723705530167e-10,0.0,0.0,0.0,0.0,0.0
1995-07-01,1.6007106751203537e-10,0.0,0.0,0.0,0.0,0.0
1995-07-02,1.3096723705530167e-10,0.0,0.0,0.0,0.0,0.0
1995-07-03,1.1641532182693481e-10,0.0,0.0,0.0,0.0,0.0
1995-07-04,1.3096723705530167e-10,0.0,0.0,0.0,0.0,0.0
1995-07-05,1.1641532182693481e-10,0.0,0.0,0.0,0.0,0.0
1995-07-06,1.3096723705530167e-10,0.0,0.0,0.0,0.0,0.0
1995-07-07,1.3096723705530167e-10,0.0,0.0,0.0,0.0,0.0
1995-07-08,1.4551915228366852e-10,0.0,0.0,0.0,0.0,0.0
1995-07-09,1.3096723705530167e-10,0.0,0.0,0.0,0.0,0.0
1995-07-10,1.1641532182693481e-10,0.0,0.0,0.0,0.0,0.0
1995-07-11,1.0186340659856796e-10,0.0,0.0,0.0,0.0,0.0
1995-07-12,1.0186340659856796e-10,0.0,0.0,0.0,0.0,0.0
1995-07-13,1.0186340659856796e-10,0.04000000000814907,0.0,0.0,-0.04000000000814907,0.0
1995-07-14,1.0186340659856796e-10,0.020000000004074536,0.0,0.0,-0.020000000004074536,0.0
1995-07-15,8.731149137020111e-11,0.00999999999476131,0.0,0.0,-0.00999999999476131,0.0
1995-07-16,1.0186340659856796e-10,0.0,0.0,0.0,0.0,0.0
1995-07-17,1.0186340659856796e-10,-0.010000000009313226,0.0,0.0,0.010000000009313226,0.0
1995-07-18,8.731149137020111e-11,0.029999999998835847,0.0,0.0,-0.029999999998835847,0.0
1995-07-19,5.820766091346741e-11,0.0,0.0,0.0,0.0,0.0
1995-07-20,3.492168616503477e-07,0.0,0.0,0.0,0.0,0.0
1995-07-21,3.352615749463439e-07,0.0,0.0,0.0,0.0,0.0
1995-07-22,3.2184470910578966e-07,0.0,0.0,0.0,0.0,0.0
1995-07-23,3.090099198743701e-07,-0.010000000009313226,0.0,0.0,0.010000000009313226,0.0
1995-07-24,0.21708829663111828,0.0,0.0,0.0,0.0,0.0
1995-07-25,2.847664291039109e-07,0.0,0.0,0.0,0.0,0.0
1995-07-26,2.733722794800997e-07,0.0,0.0,0.0,0.0,0.0
1995-07-27,2.6244379114359617e-07,0.0,0.0,0.0,0.0,0.0
1995-07-28,2.5195186026394367e-07,0.00999999999476131,0.0,0.0,-0.00999999999476131,0.0
1995-07-29,2.418819349259138e-07,-0.00999999999476131,0.0,0.0,0.00999999999476131,0.0
1995-07-30,2.3220491129904985e-07,0.0,0.0,0.0,0.0,0.0
1995-07-31,2.229207893833518e-07,0.01999999998952262,0.0,0.0,-0.01999999998952262,0.0
1995-08-01,2.140150172635913e-07,0.0,0.0,0.0,0.0,0.0
1995-08-02,2.0544393919408321e-07,0.0,-0.5999999999912689,0.0,-0.5999999999912689,0.0
1995-08-03,1.9722210709005594e-07,0.0,0.0,0.0,0.0,0.0
1995-08-04,1.8930586520582438e-07,0.0,0.0,0.0,0.0,0.0
1995-08-05,1.817388692870736e-07,0.0,0.0,0.0,0.0,0.0
1995-08-06,1.7448473954573274e-07,0.0,0.0,0.0,0.0,0.0
1995-08-07,1.6751437215134501e-07,0.0,0.0,0.0,0.0,0.0
1995-08-08,1.6082049114629626e-07,0.0,0.0,0.0,0.0,0.0
1995-08-09,1.5438126865774393e-07,0.0,0.0,0.0,0.0,0.0
1995-08-10,1.4821125660091639e-07,0.0,0.0,0.0,0.0,0.0
1995-08-11,1.422740751877427e-07,0.0,0.0,0.0,0.0,0.0
1995-08-12,1.3659882824867964e-07,0.010000000002037268,0.0,0.0,-0.010000000002037268,0.0
1995-08-13,1.3113458408042789e-07,0.049999999995634425,0.0,0.0,-0.049999999995634425,0.0
1995-08-14,1.2586679076775908e-07,0.0,0.0,0.0,0.0,0.0
1995-08-15,1.2083910405635834e-07,0.010000000002037268,0.0,0.0,-0.010000000002037268,0.0
1995-08-16,1.1602242011576891e-07,0.0,0.0,0.0,0.0,0.0
1995-08-17,1.1136580724269152e-07,0.0,0.0,0.0,0.0,0.0
1995-08-18,1.0691292118281126e-07,0.0,0.0,0.0,0.0,0.0
1995-08-19,1.0262738214805722e-07,0.0,0.0,0.0,0.0,0.0
1995-08-20,9.853829396888614e-08,0.0,0.0,0.0,0.0,0.0
1995-08-21,9.459472494199872e-08,0.0,0.0,0.0,0.0,0.0
1995-08-22,9.080395102500916e-08,0.0,0.0,0.0,0.0,0.0
1995-08-23,8.717324817553163e-08,0.0,0.0,0.0,0.0,0.0
1995-08-24,8.368078852072358e-08,0.0,0.0,0.0,0.0,0.0
1995-08-25,8.03338480181992e-08,0.0,0.0,0.0,0.0,0.0
1995-08-26,7.713970262557268e-08,0.0,0.0,0.0,0.0,0.0
1995-08-27,7.405469659715891e-08,0.0,0.0,0.0,0.0,0.0
1995-08-28,7.109338184818625e-08,0.010000000002037268,0.0,0.0,-0.010000000002037268,0.0
1995-08-29,6.823393050581217e-08,0.0,0.0,0.0,0.0,0.0
1995-08-30,6.550544640049338e-08,0.010000000002037268,0.0,0.0,-0.010000000002037268,0.0
1995-08-31,6.288610165938735e-08,0.0,0.0,0.0,0.0,0.0
1995-09-01,6.037589628249407e-08,0.0,0.0,0.0,0.0,0.0
1995-09-02,5.796027835458517e-08,0.0,0.0,0.0,0.0,0.0
1995-09-03,5.564652383327484e-08,-0.00999999999476131,0.0,0.0,0.00999999999476131,0.0
1995-09-04,5.342008080333471e-08,0.0,0.0,0.0,0.0,0.0
1995-09-05,5.126639734953642e-08,0.010000000002037268,0.0,0.0,-0.010000000002037268,0.0
1995-09-06,4.921457730233669e-08,0.0,0.0,0.0,0.0,0.0
1995-09-07,4.725734470412135e-08,0.0,0.0,0.0,0.0,0.0
1995-09-08,4.536559572443366e-08,0.0,0.0,0.0,0.0,0.0
1995-09-09,4.355388227850199e-08,0.0,0.0,0.0,0.0,0.0
1995-09-10,4.181492840871215e-08,0.0,0.0,0.0,0.0,0.0
1995-09-11,4.0148734115064144e-08,0.0,0.0,0.0,0.0,0.0
1995-09-12,3.854074748232961e-08,0.0,0.0,0.0,0.0,0.0
1995-09-13,3.699824446812272e-08,0.0,0.0,0.0,0.0,0.0
1995-09-14,3.5517587093636394e-08,0.00999999999839929,0.0,0.0,-0.00999999999839929,0.0
1995-09-15,3.409149940125644e-08,0.0,0.0,0.0,0.0,0.0
1995-09-16,3.273089532740414e-08,0.0,0.0,0.0,0.0,0.0
1995-09-17,3.141758497804403e-08,0.0,0.0,0.0,0.0,0.0
1995-09-18,3.0166120268404484e-08,-0.010000000002037268,0.0,0.0,0.010000000002037268,0.0
1995-09-19,2.8954673325642943e-08,0.0,0.0,0.0,0.0,0.0
1995-09-20,2.7794158086180687e-08,0.0,0.0,0.0,0.0,0.0
1995-09-21,2.6684574550017715e-08,0.00999999999839929,0.0,0.0,-0.00999999999839929,0.0
1995-09-22,2.5618646759539843e-08,0.0,0.0,0.0,0.0,0.0
1995-09-23,2.459637471474707e-08,0.0,0.0,0.0,0.0,0.0
1995-09-24,2.361412043683231e-08,0.0,0.0,0.0,0.0,0.0
1995-09-25,2.2668245946988463e-08,0.0,0.0,0.0,0.0,0.0
1995-09-26,2.176602720282972e-08,0.0,0.0,0.0,0.0,0.0
1995-09-27,2.0892912289127707e-08,0.0,0.0,0.0,0.0,0.0
1995-09-28,2.0052539184689522e-08,-0.029999999998835847,154.1999999999971,0.010000000000000009,154.22999999999593,0.0
1995-09-29,1.9252183847129345e-08,0.010000000002037268,-1.7999999999956344,0.0,-1.8099999999976717,0.0
1995-09-30,3.6983692552894354e-08,0.0,0.0,0.0,0.0,0.0
1995-10-01,8.594724931754172e-08,0.0,0.0,0.0,0.0,0.0
1995-10-02,6.386289896909148e-07,0.0,0.0,0.0,0.0,0.0
1995-10-03,7.21336982678622e-06,0.0,-1.2000000000007276,0.0,-1.2000000000007276,0.0
1995-10-04,2.5566416297806427e-05,0.0,0.0,0.0,0.0,0.0
1995-10-05,4.248026743880473e-05,0.0,0.0,0.0,0.0,0.0
1995-10-06,4.9897680582944304e-05,-0.020000000000436557,0.0,0.0,0.020000000000436557,0.0
1995-10-07,4.790178354596719e-05,-0.010000000002037268,0.0,0.0,0.010000000002037268,0.0
1995-10-08,4.598570376401767e-05,0.0,0.0,0.0,0.0,0.0
1995-10-09,4.414626891957596e-05,0.0,0.0,0.0,0.0,0.0
1995-10-10,4.23804231104441e-05,0.0,-12.60000000000582,-0.0010000000000000009,-12.60000000000582,-30.0
1995-10-11,4.068529233336449e-05,-0.5699999999487773,508.80000000004657,-0.1999999999999993,509.36999999999534,10.0
1995-10-12,3.9057798858266324e-05,0.75,31.200000000004366,0.0,30.450000000004366,0.0
1995-10-13,3.7495483411476016e-05,0.0,0.0,0.0,0.0,0.0
1995-10-14,3.5995668440591544e-05,0.0,0.0,0.0,0.0,0.0
1995-10-15,3.455585829215124e-05,0.00999999999476131,0.0,0.0,-0.00999999999476131,0.0
1995-10-16,3.3173608244396746e-05,0.0,-9.599999999991269,-0.0010000000000000009,-9.599999999991269,-20.0
1995-10-17,3.184664819855243e-05,0.0,-16.80000000000291,0.0,-16.80000000000291,0.0
1995-10-18,3.057280264329165e-05,0.0,0.0,0.0,0.0,0.0
1995-10-19,2.934987423941493e-05,0.0,0.0,0.0,0.0,0.0
1995-10-20,2.8175869374535978e-05,0.0,-6.000000000014552,-0.0010000000000000009,-6.000000000014552,-50.0
1995-10-21,2.7048852643929422e-05,0.00999999999476131,-1.1999999999970896,0.0,-1.209999999991851,0.0
1995-10-22,2.5966917746700346e-05,0.069999999992433,0.0,0.0,-0.069999999992433,0.0
1995-10-23,2.492820203769952e-05,0.0,0.0,0.0,0.0,0.0
1995-10-24,2.3931075702421367e-05,0.00999999999476131,0.0,0.0,-0.00999999999476131,0.0
1995-10-25,2.2973836166784167e-05,0.0,0.0,0.0,0.0,0.0
1995-10-26,2.20548827201128e-05,0.0,-17.999999999985448,0.0,-17.999999999985448,10.0
1995-10-27,2.1172701963223517e-05,-0.05000000000291038,0.0,0.0,0.05000000000291038,0.0
1995-10-28,2.0325780496932566e-05,0.0,0.0,0.0,0.0,0.0
1995-10-29,4.683242877945304e-05,0.0,0.0,0.0,0.0,0.0
1995-10-30,7.017575262580067e-05,0.0,0.0,0.0,0.0,0.0
1995-10-31,7.599404489155859e-05,0.0,0.0,0.0,0.0,0.0
1995-11-01,7.553731848020107e-05,0.0,0.0,0.0,0.0,0.0
1995-11-02,7.351460226345807e-05,0.0,0.0,0.0,0.0,0.0
1995-11-03,7.106526754796505e-05,0.0,0.0,0.0,0.0,0.0
1995-11-04,6.842624861747026e-05,0.0,0.0,0.0,0.0,0.0
1995-11-05,6.568922253791243e-05,0.0,0.0,0.0,0.0,0.0
1995-11-06,6.306162686087191e-05,0.0,-17.999999999985448,0.0,-17.999999999985448,10.0
1995-11-07,-0.0009394607623107731,-6.75,1170.0000000000582,0.019999999999999574,1176.7500000000582,0.0
1995-11-08,-0.000941882433835417,-3.9099999999743886,425.9999999999418,0.0,429.9099999999162,10.0
1995-11-09,5.57928578928113e-05,6.39000000001397,2.9103830456733704e-11,-0.009999999999999787,-6.389999999984866,-30.0
1995-11-10,5.356117617338896e-05,-63.68000000005122,2015.9999999998836,-0.1999999999999993,2079.679999999935,60.0
1995-11-11,5.1418785005807877e-05,-85.87000000011176,2040.0000000002328,-1.7999999999999972,2125.8700000003446,-40.0
1995-11-12,4.9361929995939136e-05,153.51999999998952,-5.999999999970896,0.020000000000000018,-159.51999999996042,0.0
1995-11-13,4.738752613775432e-05,0.25,-198.0,0.0,-198.25,50.0
1995-11-14,4.54919645562768e-05,-0.17999999999301508,-11.999999999970896,0.0,-11.819999999977881,0.0
1995-11-15,4.367227666079998e-05,0.0,-59.999999999970896,0.0,-59.999999999970896,10.0
1995-11-16,4.1925435652956367e-05,-0.029999999998835847,0.0,0.0,0.029999999998835847,0.0
1995-11-17,4.0248385630548e-05,0.0,0.0,0.0,0.0,0.0
1995-11-18,3.863844904117286e-05,0.060000000026775524,-12.0,0.0,-12.060000000026776,0.0
1995-11-19,3.7092919228598475e-05,-0.11000000001513399,-12.0,0.0,-11.889999999984866,20.0
1995-11-20,3.560923505574465e-05,-0.01999999998952262,0.0,0.0,0.01999999998952262,0.0
1995-11-21,3.4184864489361644e-05,0.0,-12.0,0.0,-12.0,10.0
1995-11-22,3.281742101535201e-05,0.10000000000582077,-102.0,0.0,-102.10000000000582,10.0
1995-11-23,3.150475095026195e-05,0.029999999998835847,-90.0,0.0,-90.02999999999884,20.0
1995-11-24,-0.0009697555215097964,-11.880000000004657,354.0000000000582,0.0,365.88000000006286,-10.0
1995-11-25,2.9034737963229418e-05,5.5,36.0,-0.019999999999999574,30.5,0.0
1995-11-26,2.7873320505023003e-05,-4.659999999974389,-132.0,-0.02999999999999936,-127.34000000002561,0.0
1995-11-27,2.6758527383208275e-05,-202.12999999988824,1277.9999999997672,-0.10000000000000142,1480.1299999996554,0.0
1995-11-28,2.5688204914331436e-05,200.18000000005122,264.0000000001164,0.0,63.82000000006519,0.0
1995-11-29,2.4660606868565083e-05,-29.0,648.0,-0.3000000000000007,677.0,0.0
1995-11-30,2.367416163906455e-05,31.53000000002794,-12.000000000058208,-0.019999999999999574,-43.53000000008615,0.0
1995-12-01,-0.000977272866293788,-3.6599999999743886,90.00000000005821,-0.019999999999999574,93.6600000000326,-30.0
1995-12-02,2.1818210370838642e-05,13.849999999976717,-162.0,0.0,-175.84999999997672,60.0
1995-12-03,2.0945444703102112e-05,0.0,-378.0,-0.009999999999999787,-378.0,10.0
1995-12-04,2.010772004723549e-05,-0.15999999997438863,-264.0,0.0,-263.8400000000256,90.0
1995-12-05,1.9303319277241826e-05,0.04000000000814907,-54.000000000029104,0.0,-54.04000000003725,20.0
1995-12-06,1.8531136447563767e-05,-0.04999999998835847,-72.0,0.0,-71.95000000001164,10.0
1995-12-07,1.7789890989661217e-05,0.0,-6.0,0.0,-6.0,0.0
1995-12-08,1.7078331438824534e-05,0.0,-132.0000000000291,-0.010000000000000231,-132.0000000000291,-40.0
1995-12-09,1.6395177226513624e-05,-0.25,-276.0000000000582,-0.010000000000000675,-275.7500000000582,20.0
1995-12-10,1.5739293303340673e-05,-104.05999999999767,-306.0000000000582,-0.020000000000000462,-201.94000000006054,0.0
1995-12-11,1.5109835658222437e-05,113.18999999994412,-228.0,-0.009999999999999787,-341.1899999999441,0.0
1995-12-12,1.4505465514957905e-05,-6.629999999946449,-444.0,-0.03000000000000025,-437.37000000005355,0.0
1995-12-13,1.3925135135650635e-05,-7.0,-276.0,-0.030000000000001137,-269.0,0.0
1995-12-14,1.3368146028369665e-05,4.870000000053551,-234.0,-0.009999999999999787,-238.87000000005355,-10.0
1995-12-15,1.2833508662879467e-05,0.029999999969732016,-167.9999999999418,0.0,-168.02999999991152,20.0
1995-12-16,1.2320117093622684e-05,0.0,-6.000000000058208,0.0,-6.000000000058208,0.0
1995-12-17,1.182733103632927e-05,0.0,-53.99999999994179,0.0,-53.99999999994179,0.0
1995-12-18,1.135419006459415e-05,0.0,-23.999999999970896,0.0,-23.999999999970896,10.0
1995-12-19,1.090002479031682e-05,0.08999999999650754,-18.0,0.0,-18.089999999996508,0.0
1995-12-20,1.046404941007495e-05,-0.14000000001396984,-11.999999999970896,0.0,-11.859999999956926,0.0
1995-12-21,1.0045478120446205e-05,-0.059999999997671694,-5.999999999970896,0.0,-5.9399999999732245,0.0
1995-12-22,9.64367063716054e-06,-0.029999999998835847,-6.000000000029104,0.0,-5.970000000030268,0.0
1995-12-23,9.257928468286991e-06,-0.010000000009313226,0.0,0.0,0.010000000009313226,0.0
1995-12-24,8.887553121894598e-06,0.0,0.0,0.0,0.0,0.0
1995-12-25,8.532078936696053e-06,-0.010000000009313226,0.0,0.0,0.010000000009313226,0.0
1995-12-26,8.190807420760393e-06,0.0,0.0,0.0,0.0,0.0
1995-12-27,7.863156497478485e-06,0.0,0.0,0.0,0.0,0.0
1995-12-28,7.548718713223934e-06,0.07999999998719431,-54.0,0.0,-54.079999999987194,20.0
1995-12-29,7.246737368404865e-06,-19.119999999995343,1380.0,0.02999999999999936,1399.1199999999953,0.0
1995-12-30,6.956863217055798e-06,7.809999999997672,-6.000000000116415,0.009999999999999787,-13.810000000114087,0.0
1995-12-31,6.678630597889423e-06,1.9699999999720603,-216.0,-0.019999999999999574,-217.96999999997206,0.0
1996-01-01,6.4113992266356945e-06,9.660000000032596,-42.0,0.0,-51.660000000032596,20.0
1996-01-02,6.154936272650957e-06,0.09000000002561137,-162.0,-0.010000000000000231,-162.0900000000256,-50.0
1996-01-03,5.9087760746479034e-06,-0.21999999997206032,-389.9999999998836,-0.009999999999999787,-389.7799999999115,0.0
1996-01-04,5.672452971339226e-06,0.0,-294.0,-0.040000000000000036,-294.0,0.0
1996-01-05,5.44555950909853e-06,-0.4400000000023283,-281.9999999999418,-0.040000000000000036,-281.55999999993946,0.0
1996-01-06,5.227746441960335e-06,1.320000000006985,-120.00000000011642,-0.009999999999999787,-121.3200000001234,-40.0
1996-01-07,5.018548108637333e-06,0.3799999998882413,113.99999999988358,0.0,113.61999999999534,0.0
1996-01-08,4.817906301468611e-06,2.849999999976717,-156.0,0.0,-158.84999999997672,0.0
1996-01-09,4.625122528523207e-06,10.159999999974389,-330.0000000000582,-0.009999999999999787,-340.1600000000326,0.0
1996-01-10,4.440080374479294e-06,-12.940000000002328,-90.0,-0.009999999999999787,-77.05999999999767,-10.0
1996-01-11,4.262488801032305e-06,-0.529999999969732,-90.0,0.0,-89.47000000003027,0.0
1996-01-12,4.092056769877672e-06,-0.20999999999185093,-89.9999999999709,-0.009999999999999787,-89.78999999997905,0.0
1996-01-13,3.928347723558545e-06,0.0,-72.0,0.0,-72.0,0.0
1996-01-14,3.77121614292264e-06,0.060000000055879354,-252.0000000000582,-0.010000000000000675,-252.0600000001141,0.0
1996-01-15,3.620400093495846e-06,-17.059999999939464,786.0000000001164,0.0,803.0600000000559,0.0
1996-01-16,3.475579433143139e-06,14.180000000051223,-366.0000000001164,-0.010000000000001563,-380.18000000016764,20.0
1996-01-17,3.3364631235599518e-06,-4.46999999997206,-432.0,-0.020000000000000462,-427.53000000002794,10.0
1996-01-18,3.2030511647462845e-06,-29.68999999994412,-498.0000000001164,-0.05999999999999961,-468.3100000001723,20.0
1996-01-19,3.0748778954148293e-06,-468.13000000000466,-324.0000000001164,-0.3999999999999986,144.12999999988824,20.0
1996-01-20,2.951943315565586e-06,-829.25,-438.0000000001164,-0.20000000000000107,391.2499999998836,50.0
1996-01-21,2.8338399715721607e-06,1333.6900000000023,1044.0000000000582,0.0,-289.6899999999441,20.0
1996-01-22,2.7205096557736397e-06,0.08999999996740371,-300.0,-0.009999999999999787,-300.0899999999674,0.0
1996-01-23,2.6116613298654556e-06,-48.81000000005588,-552.0,-0.08000000000000007,-503.1899999999441,0.0
1996-01-24,2.507353201508522e-06,-264.4399999999441,-564.0,-0.1999999999999993,-299.5600000000559,0.0
1996-01-25,2.4069449864327908e-06,313.9400000000023,-389.9999999999418,-0.08999999999999986,-703.9399999999441,0.0
1996-01-26,2.3106695152819157e-06,0.0,-372.0,-0.08000000000000007,-372.0,0.0
1996-01-27,2.218177542090416e-06,0.0,-324.0,-0.020000000000000018,-324.0,0.0
1996-01-28,2.1294690668582916e-06,0.09999999997671694,-204.0,-0.020000000000000018,-204.09999999997672,0.0
1996-01-29,2.044282155111432e-06,-0.14000000001396984,-150.0,-0.020000000000000018,-149.85999999998603,0.0
1996-01-30,1.9624712876975536e-06,0.0,-60.0,0.0,-60.0,10.0
1996-01-31,1.8839782569557428e-06,0.0,-72.0,-0.010000000000000231,-72.0,-10.0
1996-02-01,1.808657543733716e-06,0.0,-29.999999999970896,-0.009999999999999787,-29.999999999970896,0.0
1996-02-02,1.7363636288791895e-06,0.0,-17.999999999970896,0.0,-17.999999999970896,0.0
1996-02-03,1.6669218894094229e-06,0.0,-12.0,0.0,-12.0,0.0
1996-02-04,1.6002159100025892e-06,-0.139999999984866,-12.000000000029104,0.0,-11.860000000044238,10.0
1996-02-05,1.536187482997775e-06,0.0,-185.9999999999709,-0.009999999999999787,-185.9999999999709,-20.0
1996-02-06,1.475214958190918e-06,-145.75999999977648,4421.999999999767,0.0,4567.759999999544,-320.0
1996-02-07,1.4156103134155273e-06,50.37999999988824,6719.999999999767,0.09999999999999787,6669.619999999879,0.0
1996-02-08,1.359032467007637e-06,17.87999999988824,959.9999999997672,0.0,942.1199999998789,-10.0
1996-02-09,1.304724719375372e-06,69.0,72.0,0.0,3.0,0.0
1996-02-10,1.2525124475359917e-06,8.319999999948777,-144.0,0.0,-152.31999999994878,60.0
1996-02-11,1.2024538591504097e-06,0.059999999997671694,-60.0,0.0,-60.05999999999767,40.0
1996-02-12,1.1543743312358856e-06,13.0,-173.99999999988358,0.0,-186.99999999988358,150.0
1996-02-13,1.1081574484705925e-06,7.849999999976717,-432.0000000000582,-0.010000000000000231,-439.8500000000349,-100.0
1996-02-14,1.0638614185154438e-06,-8.789999999979045,-132.0000000000582,-0.009999999999999787,-123.21000000007916,0.0
1996-02-15,1.0213698260486126e-06,11.5,-335.9999999999418,0.0,-347.4999999999418,50.0
1996-02-16,9.803916327655315e-07,-17.05999999999767,-59.99999999994179,0.0,-42.93999999994412,0.0
1996-02-17,9.411596693098545e-07,7.779999999969732,-288.0,-0.010000000000000675,-295.77999999996973,-10.0
1996-02-18,9.03615728020668e-07,-13.18999999994412,-462.0,-0.020000000000000462,-448.8100000000559,-20.0
1996-02-19,8.674105629324913e-07,3.6800000000512227,-276.0,0.0,-279.6800000000512,0.0
1996-02-20,8.326023817062378e-07,-1.279999999969732,-288.0,-0.009999999999999787,-286.72000000003027,-20.0
1996-02-21,7.993075996637344e-07,-3.9400000000023283,-168.0,0.0,-164.05999999999767,0.0
1996-02-22,7.674098014831543e-07,0.0,-198.0,-0.009999999999999787,-198.0,0.0
1996-02-23,7.366761565208435e-07,-0.6900000000023283,-438.0,-0.03000000000000025,-437.3099999999977,0.0
1996-02-24,7.072812877595425e-07,0.5300000000279397,-108.00000000005821,-0.009999999999999787,-108.53000000008615,0.0
1996-02-25,6.789632607251406e-07,-0.09000000002561137,-174.0000000000291,-0.020000000000000018,-173.9100000000035,0.0
1996-02-26,6.517511792480946e-07,0.0,-89.9999999999709,-0.010000000000000231,-89.9999999999709,0.0
1996-02-27,6.257323548197746e-07,0.029999999998835847,-42.000000000029104,-0.010000000000000231,-42.03000000002794,-170.0
1996-02-28,6.007030606269836e-07,0.0,-60.0,0.0,-60.0,10.0
1996-02-29,5.766341928392649e-07,0.0,-42.0,0.0,-42.0,0.0
1996-03-01,5.53554855287075e-07,-0.029999999998835847,-24.0,0.0,-23.970000000001164,0.0
1996-03-02,5.314650479704142e-07,0.01999999998952262,-36.0,0.0,-36.01999999998952,0.0
1996-03-03,5.101610440760851e-07,0.10000000000582077,-47.999999999970896,0.0,-48.09999999997672,10.0
1996-03-04,4.898174665868282e-07,-1.75,228.0,0.009999999999999787,229.75,190.0
1996-03-05,4.702014848589897e-07,3.1900000000023283,-12.000000000029104,0.0,-15.190000000031432,0.0
1996-03-06,4.51371306553483e-07,-1.180000000022119,-42.000000000029104,0.0,-40.820000000006985,30.0
1996-03-07,4.3335603550076485e-07,3.970000000030268,-24.0,-0.009999999999999787,-27.970000000030268,-200.0
1996-03-08,4.1601015254855156e-07,12.849999999976717,-336.0000000000582,-0.009999999999999787,-348.8500000000349,-120.0
1996-03-09,3.993045538663864e-07,-10.690000000002328,-108.0,0.0,-97.30999999999767,0.0
1996-03-10,3.8335565477609634e-07,-2.0,-126.0,0.0,-124.0,0.0
1996-03-11,3.6798883229494095e-07,-1.1900000000023283,-198.0,-0.010000000000000231,-196.80999999999767,-50.0
1996-03-12,3.532622940838337e-07,-2.9100000000034925,-36.000000000029104,0.0,-33.09000000002561,10.0
1996-03-13,3.391760401427746e-07,-0.4100000000325963,-240.0,-0.010000000000000231,-239.5899999999674,-10.0
1996-03-14,3.2558455131947994e-07,0.0,-18.0,0.0,-18.0,0.0
1996-03-15,3.1257513910532e-07,0.3099999999976717,-5.999999999970896,0.0,-6.309999999968568,0.0
1996-03-16,3.000604920089245e-07,-0.22000000000116415,-48.0,0.0,-47.779999999998836,0.0
1996-03-17,2.8804061003029346e-07,0.25,-12.0,0.0,-12.25,0.0
1996-03-18,2.764863893389702e-07,0.17000000001280569,-24.000000000058208,0.0,-24.170000000071013,0.0
1996-03-19,2.654560375958681e-07,-0.4399999999732245,0.0,0.0,0.4399999999732245,0.0
1996-03-20,2.5486224330961704e-07,0.04999999998835847,0.0,0.0,-0.04999999998835847,0.0
1996-03-21,2.446176949888468e-07,0.0,0.0,0.0,0.0,0.0
1996-03-22,2.3483880795538425e-07,0.07999999998719431,0.0,0.0,-0.07999999998719431,0.0
1996-03-23,2.25467374548316e-07,-0.01999999998952262,0.0,0.0,0.01999999998952262,0.0
1996-03-24,2.1644518710672855e-07,0.0,-12.0,0.0,-12.0,10.0
1996-03-25,2.0783045329153538e-07,0.0,0.0,0.0,0.0,0.0
1996-03-26,1.9953586161136627e-07,0.0,-6.0,0.0,-6.0,0.0
1996-03-27,1.9150320440530777e-07,0.0,-6.0,0.0,-6.0,0.0
1996-03-28,1.838488969951868e-07,0.0,-18.000000000029104,0.0,-18.000000000029104,20.0
1996-03-29,1.7648562788963318e-07,0.0,0.0,0.0,0.0,0.0
1996-03-30,1.6944250091910362e-07,0.0,0.0,0.0,0.0,0.0
1996-03-31,1.6266130842268467e-07,0.0,-66.0,0.0,-66.0,40.0
1996-04-01,1.5611294656991959e-07,0.0500000000174623,-41.999999999970896,0.0,-42.04999999998836,10.0
1996-04-02,1.499138306826353e-07,-0.01999999998952262,0.0,0.0,0.01999999998952262,0.0
1996-04-03,1.438602339476347e-07,0.0,0.0,0.0,0.0,0.0
1996-04-04,1.381558831781149e-07,0.0,-6.0,0.0,-6.0,0.0
1996-04-05,1.3268436305224895e-07,0.0,0.0,0.0,0.0,0.0
1996-04-06,1.2732925824820995e-07,0.0,-5.999999999970896,0.0,-5.999999999970896,0.0
1996-04-07,1.222651917487383e-07,0.0,0.0,0.0,0.0,0.0
1996-04-08,1.1740485206246376e-07,0.0,0.0,0.0,0.0,0.0
1996-04-09,1.1263182386755943e-07,0.0,0.0,0.0,0.0,0.0
1996-04-10,1.0820804163813591e-07,0.0,0.0,0.0,0.0,0.0
1996-04-11,1.0381336323916912e-07,0.010000000009313226,-24.000000000029104,0.0,-24.010000000038417,20.0
1996-04-12,9.970972314476967e-08,-0.16999999998370185,-288.0,-0.010000000000000231,-287.8300000000163,0.0
1996-04-13,9.572249837219715e-08,0.10000000000582077,-90.00000000005821,-0.010000000000000231,-90.10000000006403,-50.0
1996-04-14,9.190989658236504e-08,0.0,-12.0,0.0,-12.0,10.0
1996-04-15,8.821371011435986e-08,0.34999999997671694,-126.0,-0.009999999999999787,-126.34999999997672,-30.0
1996-04-16,8.466304279863834e-08,-0.0500000000174623,-162.0,0.0,-161.94999999998254,20.0
1996-04-17,8.131610229611397e-08,-0.10999999998603016,-65.9999999999709,0.0,-65.88999999998487,40.0
1996-04-18,7.805647328495979e-08,0.0,-114.0,0.0,-114.0,10.0
1996-04-19,7.491325959563255e-08,0.04000000000814907,-77.9999999999709,-0.010000000000000231,-78.03999999997905,-20.0
1996-04-20,7.191556505858898e-08,0.14000000001396984,-60.000000000029104,-0.009999999999999787,-60.140000000043074,-50.0
1996-04-21,6.909249350428581e-08,-0.16999999998370185,-72.0,0.0,-71.8300000000163,20.0
1996-04-22,6.624031811952591e-08,0.25,-408.0,-0.010000000000000675,-408.25,0.0
1996-04-23,6.344635039567947e-08,-26.12999999988824,90.00000000011642,-0.10000000000000142,116.13000000000466,0.0
1996-04-24,6.100162863731384e-08,24.87999999994645,-318.0,-0.009999999999999787,-342.87999999994645,10.0
1996-04-25,5.861511453986168e-08,-0.34999999997671694,-348.0,-0.009999999999999787,-347.6500000000233,0.0
1996-04-26,5.6228600442409515e-08,-0.3099999999976717,-444.0,-0.020000000000000462,-443.6900000000023,-10.0
1996-04-27,5.4016709327697754e-08,1.1300000000046566,-90.00000000005821,-0.009999999999999787,-91.13000000006286,-140.0
1996-04-28,5.186302587389946e-08,0.0,-66.0,0.0,-66.0,30.0
1996-04-29,4.98257577419281e-08,0.0,-42.0,0.0,-42.0,0.0
1996-04-30,4.7817593440413475e-08,0.0,0.0,0.0,0.0,0.0
1996-05-01,4.589674063026905e-08,0.0,-12.000000000029104,-0.009999999999999787,-12.000000000029104,-150.0
1996-05-02,4.4034095481038094e-08,-0.029999999998835847,-18.000000000029104,0.0,-17.970000000030268,0.0
1996-05-03,4.225876182317734e-08,0.0,-11.999999999970896,-0.009999999999999787,-11.999999999970896,-310.0
1996-05-04,4.062894731760025e-08,0.0,-6.0,0.0,-6.0,0.0
1996-05-05,3.899913281202316e-08,0.029999999998835847,0.0,0.0,-0.029999999998835847,0.0
1996-05-06,3.739842213690281e-08,0.0,0.0,0.0,0.0,0.0
1996-05-07,3.5943230614066124e-08,0.04999999998835847,0.0,0.0,-0.04999999998835847,0.0
1996-05-08,3.448803909122944e-08,-0.029999999998835847,0.0,0.0,0.029999999998835847,0.0
1996-05-09,3.3120159059762955e-08,0.04000000000814907,0.0,0.0,-0.04000000000814907,0.0
1996-05-10,3.175227902829647e-08,0.010000000009313226,0.0,0.0,-0.010000000009313226,0.0
1996-05-11,3.0442606657743454e-08,0.0,0.0,0.0,0.0,0.0
1996-05-12,2.930755726993084e-08,0.0,-17.999999999970896,0.0,-17.999999999970896,30.0
1996-05-13,2.8114300221204758e-08,0.0,-12.000000000029104,0.0,-12.000000000029104,10.0
1996-05-14,2.695014700293541e-08,-0.09000000002561137,-41.99999999994179,0.0,-41.90999999991618,20.0
1996-05-15,2.5873305276036263e-08,0.0,-6.0,0.0,-6.0,0.0
1996-05-16,2.4883775040507317e-08,0.07999999998719431,-6.0,0.0,-6.079999999987194,10.0
1996-05-17,2.3865140974521637e-08,0.010000000009313226,-186.0,-0.009999999999999787,-186.0100000000093,0.0
1996-05-18,2.2904714569449425e-08,-0.01999999998952262,-401.9999999999709,-0.020000000000000018,-401.9799999999814,0.0
1996-05-19,2.1973391994833946e-08,0.2699999999895226,-66.0,0.0,-66.26999999998952,0.0
1996-05-20,2.1100277081131935e-08,-0.17000000001280569,-30.000000000029104,0.0,-29.830000000016298,10.0
1996-05-21,2.0256265997886658e-08,0.4599999999918509,-288.0,-0.010000000000000231,-288.45999999999185,0.0
1996-05-22,1.9441358745098114e-08,-0.25,-306.0,-0.009999999999999787,-305.75,0.0
1996-05-23,1.8684659153223038e-08,0.04000000000814907,-41.999999999970896,0.0,-42.039999999979045,20.0
1996-05-24,1.792795956134796e-08,0.01999999998952262,-30.0,0.0,-30.019999999989523,0.0
1996-05-25,1.7229467630386353e-08,-0.04999999998835847,-6.0,0.0,-5.9500000000116415,0.0
1996-05-26,1.6560079529881477e-08,0.0,0.0,0.0,0.0,0.0
1996-05-27,1.5890691429376602e-08,-0.07000000000698492,0.0,0.0,0.07000000000698492,0.0
1996-05-28,1.5221303328871727e-08,0.0,-12.0,0.0,-12.0,10.0
1996-05-29,1.4668330550193787e-08,-0.01999999998952262,-30.0,0.0,-29.980000000010477,20.0
1996-05-30,1.4057150110602379e-08,0.11000000001513399,-6.0,0.0,-6.110000000015134,10.0
1996-05-31,1.3475073501467705e-08,0.0,-11.999999999970896,0.0,-11.999999999970896,0.0
1996-06-01,1.2951204553246498e-08,0.0,-11.999999999970896,0.0,-11.999999999970896,0.0
1996-06-02,1.2398231774568558e-08,0.0,0.0,0.0,0.0,0.0
1996-06-03,1.1903466656804085e-08,0.0,0.0,0.0,0.0,0.0
1996-06-04,1.1437805369496346e-08,0.0,0.0,0.0,0.0,0.0
1996-06-05,1.0972144082188606e-08,0.0,0.0,0.0,0.0,0.0
1996-06-06,1.0564690455794334e-08,0.0,0.0,0.0,0.0,0.0
1996-06-07,1.0099029168486595e-08,0.0,0.0,0.0,0.0,0.0
1996-06-08,9.720679372549057e-09,0.0,0.0,0.0,0.0,0.0
1996-06-09,9.371433407068253e-09,0.0,0.0,0.0,0.0,0.0
1996-06-10,8.993083611130714e-09,-0.0500000000174623,0.0,0.0,0.0500000000174623,0.0
1996-06-11,8.614733815193176e-09,0.0,0.0,0.0,0.0,0.0
1996-06-12,8.294591680169106e-09,0.0,0.0,0.0,0.0,0.0
1996-06-13,7.945345714688301e-09,0.0,0.0,0.0,0.0,0.0
1996-06-14,7.62520357966423e-09,0.0,0.0,0.0,0.0,0.0
1996-06-15,7.363269105553627e-09,0.0,0.0,0.0,0.0,0.0
1996-06-16,7.043126970529556e-09,0.0,0.0,0.0,0.0,0.0
1996-06-17,6.810296326875687e-09,0.0,0.0,0.0,0.0,0.0
1996-06-18,6.490154191851616e-09,0.0,0.0,0.0,0.0,0.0
1996-06-19,6.257323548197746e-09,0.0,0.0,0.0,0.0,0.0
1996-06-20,5.995389074087143e-09,0.0,0.0,0.0,0.0,0.0
1996-06-21,5.762558430433273e-09,0.0,0.0,0.0,0.0,0.0
1996-06-22,5.50062395632267e-09,0.0,0.0,0.0,0.0,0.0
1996-06-23,5.296897143125534e-09,-0.029999999998835847,0.0,0.0,0.029999999998835847,0.0
1996-06-24,5.093170329928398e-09,0.0,0.0,0.0,0.0,0.0
1996-06-25,4.8603396862745285e-09,0.0,0.0,0.0,0.0,0.0
1996-06-26,4.700268618762493e-09,-0.01999999998952262,0.0,0.0,0.01999999998952262,0.0
1996-06-27,4.540197551250458e-09,0.00999999999476131,0.0,0.0,-0.00999999999476131,0.0
1996-06-28,4.336470738053322e-09,0.0,0.0,0.0,0.0,0.0
1996-06-29,4.1763996705412865e-09,0.0,0.0,0.0,0.0,0.0
1996-06-30,4.001776687800884e-09,0.0,0.0,0.0,0.0,0.0
1996-07-01,3.841705620288849e-09,0.0,0.0,0.0,0.0,0.0
1996-07-02,3.6961864680051804e-09,0.0,0.0,0.0,0.0,0.0
1996-07-03,3.550667315721512e-09,0.0,0.0,0.0,0.0,0.0
1996-07-04,3.3905962482094765e-09,0.0,0.0,0.0,0.0,0.0
1996-07-05,3.2887328416109085e-09,-0.029999999998835847,0.0,0.0,0.029999999998835847,0.0
1996-07-06,3.1723175197839737e-09,0.0,0.0,0.0,0.0,0.0
1996-07-07,3.026798367500305e-09,0.00999999999476131,0.0,0.0,-0.00999999999476131,0.0
1996-07-08,2.8812792152166367e-09,0.0,0.0,0.0,0.0,0.0
1996-07-09,5.701585905626416e-07,0.0,0.0,0.0,0.0,0.0
1996-07-10,5.473557393997908e-07,0.0,0.0,0.0,0.0,0.0
1996-07-11,5.254842108115554e-07,0.029999999998835847,0.0,0.0,-0.029999999998835847,0.0
1996-07-12,5.044566933065653e-07,0.0,0.0,0.0,0.0,0.0
1996-07-13,4.842731868848205e-07,-0.010000000009313226,0.0,0.0,0.010000000009313226,0.0
1996-07-14,4.649045877158642e-07,-0.029999999998835847,0.0,0.0,0.029999999998835847,0.0
1996-07-15,4.4630724005401134e-07,-0.01999999998952262,0.0,0.0,0.01999999998952262,0.0
1996-07-16,4.284520400688052e-07,0.0,0.0,0.0,0.0,0.0
1996-07-17,4.1132443584501743e-07,0.010000000009313226,0.0,0.0,-0.010000000009313226,0.0
1996-07-18,3.9485166780650616e-07,0.0,0.0,0.0,0.0,0.0
1996-07-19,3.7904828786849976e-07,0.0,0.0,0.0,0.0,0.0
1996-07-20,3.6389974411576986e-07,0.0,0.0,0.0,0.0,0.0
1996-07-21,3.4933327697217464e-07,0.0,0.0,0.0,0.0,0.0
1996-07-22,3.3537799026817083e-07,0.0,0.0,0.0,0.0,0.0
1996-07-23,3.219611244276166e-07,0.0,0.0,0.0,0.0,0.0
1996-07-24,3.0906812753528357e-07,0.0,0.0,0.0,0.0,0.0
1996-07-25,2.967135515064001e-07,0.0,0.0,0.0,0.0,0.0
1996-07-26,2.848537405952811e-07,0.0,0.0,0.0,0.0,0.0
1996-07-27,2.734450390562415e-07,0.0,0.0,0.0,0.0,0.0
1996-07-28,2.6250199880450964e-07,0.0,0.0,0.0,0.0,0.0
1996-07-29,2.5199551600962877e-07,0.0,0.0,0.0,0.0,0.0
1996-07-30,2.4191103875637054e-07,-0.020000000004074536,0.0,0.0,0.020000000004074536,0.0
1996-07-31,2.3224856704473495e-07,0.0,0.0,0.0,0.0,0.0
1996-08-01,2.2294989321380854e-07,0.0,0.0,0.0,0.0,0.0
1996-08-02,2.1402956917881966e-07,0.0,0.0,0.0,0.0,0.0
1996-08-03,2.0548759493976831e-07,0.0,-0.6000000000058208,0.0,-0.6000000000058208,0.0
1996-08-04,1.972366590052843e-07,0.0,0.0,0.0,0.0,0.0
1996-08-05,1.8936407286673784e-07,0.0,0.0,0.0,0.0,0.0
1996-08-06,1.8179707694798708e-07,-0.00999999999476131,0.0,0.0,0.00999999999476131,0.0
1996-08-07,1.7452111933380365e-07,0.0,0.0,0.0,0.0,0.0
1996-08-08,1.675216481089592e-07,0.0,0.0,0.0,0.0,0.0
1996-08-09,1.6082776710391045e-07,0.0,0.0,0.0,0.0,0.0
1996-08-10,1.5440309653058648e-07,0.0,0.0,0.0,0.0,0.0
1996-08-11,1.4823308447375894e-07,0.0,0.0,0.0,0.0,0.0
1996-08-12,1.4229590306058526e-07,0.0,0.0,0.0,0.0,0.0
1996-08-13,1.3659882824867964e-07,0.0,0.0,0.0,0.0,0.0
1996-08-14,1.3113458408042789e-07,0.0,0.0,0.0,0.0,0.0
1996-08-15,1.2588861864060163e-07,0.0,0.0,0.0,0.0,0.0
1996-08-16,1.2083910405635834e-07,0.0,0.0,0.0,0.0,0.0
1996-08-17,1.1601514415815473e-07,0.0,0.0,0.0,0.0,0.0
1996-08-18,1.113730832003057e-07,0.010000000002037268,0.0,0.0,-0.010000000002037268,0.0
1996-08-19,1.0691292118281126e-07,0.0,0.5999999999912689,0.0,0.5999999999912689,0.0
1996-08-20,1.026346581056714e-07,0.0,0.0,0.0,0.0,0.0
1996-08-21,9.854556992650032e-08,0.0,0.0,0.0,0.0,0.0
1996-08-22,9.458017302677035e-08,0.0,0.0,0.0,0.0,0.0
1996-08-23,9.081122698262334e-08,-0.010000000002037268,0.0,0.0,0.010000000002037268,0.0
1996-08-24,8.718052413314581e-08,0.0,0.0,0.0,0.0,0.0
1996-08-25,8.368806447833776e-08,0.0,0.0,0.0,0.0,0.0
1996-08-26,8.03338480181992e-08,-0.00999999999476131,0.0,0.0,0.00999999999476131,0.0
1996-08-27,7.712515071034431e-08,0.020000000004074536,0.0,0.0,-0.020000000004074536,0.0
1996-08-28,7.404014468193054e-08,-0.00999999999476131,0.0,0.0,0.00999999999476131,0.0
1996-08-29,7.106427801772952e-08,0.0,0.0,0.0,0.0,0.0
1996-08-30,6.824120646342635e-08,-0.00999999999476131,0.0,0.0,0.00999999999476131,0.0
1996-08-31,6.54981704428792e-08,0.0,0.0,0.0,0.0,0.0
1996-09-01,6.287882570177317e-08,0.0,0.0,0.0,0.0,0.0
1996-09-02,6.036862032487988e-08,0.0,0.0,0.0,0.0,0.0
1996-09-03,5.796027835458517e-08,-0.010000000002037268,0.0,0.0,0.010000000002037268,0.0
1996-09-04,5.563924787566066e-08,0.0,0.0,0.0,0.0,0.0
1996-09-05,5.341280484572053e-08,0.010000000002037268,0.0,0.0,-0.010000000002037268,0.0
1996-09-06,5.128822522237897e-08,-0.010000000002037268,0.0,0.0,0.010000000002037268,0.0
1996-09-07,4.923640517517924e-08,0.0,0.0,0.0,0.0,0.0
1996-09-08,4.7264620661735535e-08,0.0,0.0,0.0,0.0,0.0
1996-09-09,4.536923370324075e-08,0.0,0.0,0.0,0.0,0.0
1996-09-10,4.355752025730908e-08,0.0,0.0,0.0,0.0,0.0
1996-09-11,4.181129042990506e-08,0.0,0.0,0.0,0.0,0.0
1996-09-12,4.013782017864287e-08,0.0,0.0,0.0,0.0,0.0
1996-09-13,3.8537109503522515e-08,-0.010000000002037268,0.0,0.0,0.010000000002037268,0.0
1996-09-14,3.699460648931563e-08,0.0,0.0,0.0,0.0,0.0
1996-09-15,3.5517587093636394e-08,0.0,0.0,0.0,0.0,0.0
1996-09-16,3.4098775358870625e-08,0.0,0.0,0.0,0.0,0.0
1996-09-17,3.273453330621123e-08,0.0,0.0,0.0,0.0,0.0
1996-09-18,3.1424860935658216e-08,0.00999999999839929,0.0,0.0,-0.00999999999839929,0.0
1996-09-19,3.0166120268404484e-08,0.0,0.0,0.0,0.0,0.0
1996-09-20,2.8958311304450035e-08,0.010000000002037268,0.0,0.0,-0.010000000002037268,0.0
1996-09-21,2.7808710001409054e-08,-0.00999999999839929,0.0,0.0,0.00999999999839929,0.0
1996-09-22,2.6688212528824806e-08,0.0,0.0,0.0,0.0,0.0
1996-09-23,2.5622284738346934e-08,0.0,0.0,0.0,0.0,0.0
1996-09-24,2.459273673593998e-08,-0.00999999999839929,0.0,0.0,0.00999999999839929,0.0
1996-09-25,2.3610482458025217e-08,0.0,0.0,0.0,0.0,0.0
1996-09-26,2.2671883925795555e-08,0.0,0.0,0.0,0.0,0.0
1996-09-27,2.1758751245215535e-08,0.0,0.0,0.0,0.0,0.0
1996-09-28,2.0892912289127707e-08,0.0,0.0,0.0,0.0,0.0
1996-09-29,2.0063453121110797e-08,0.0,0.0,0.0,0.0,0.0
1996-09-30,1.925945980474353e-08,0.0,0.0,0.0,0.0,0.0
1996-10-01,1.8480932340025902e-08,0.0,0.0,0.0,0.0,0.0
1996-10-02,1.7742422642186284e-08,0.010000000002037268,0.0,0.0,-0.010000000002037268,0.0
1996-10-03,1.70330167748034e-08,0.0,0.0,0.0,0.0,0.0
1996-10-04,1.635271473787725e-08,0.010000000002037268,0.0,0.0,-0.010000000002037268,0.0
1996-10-05,1.569787855260074e-08,0.0,0.0,0.0,0.0,0.0
1996-10-06,1.5068508218973875e-08,0.0,0.0,0.0,0.0,0.0
1996-10-07,1.446460373699665e-08,0.0,0.0,0.0,0.0,0.0
1996-10-08,1.388980308547616e-08,0.0,0.0,0.0,0.0,0.0
1996-10-09,1.333683030679822e-08,0.0,0.0,0.0,0.0,0.0
1996-10-10,1.2798409443348646e-08,0.0,0.0,0.0,0.0,0.0
1996-10-11,1.2289092410355806e-08,0.010000000002037268,0.0,0.0,-0.010000000002037268,0.0
1996-10-12,1.1797965271398425e-08,0.0,0.0,0.0,0.0,0.0
1996-10-13,1.1317752068862319e-08,0.0,0.0,0.0,0.0,0.0
1996-10-14,1.0870280675590038e-08,0.0,0.0,0.0,0.0,0.0
1996-10-15,1.0433723218739033e-08,0.0,0.0,0.0,0.0,0.0
1996-10-16,1.0026269592344761e-08,0.0,0.0,0.0,0.0,0.0
1996-10-17,9.618815965950489e-09,0.0,0.0,0.0,0.0,0.0
1996-10-18,9.255018085241318e-09,-4.46999999997206,1564.8000000000466,0.02999999999999936,1569.2700000000186,0.0
1996-10-19,8.862116374075413e-09,4.529999999998836,4.200000000004366,0.0,-0.32999999999447027,0.0
1996-10-20,8.501956472173333e-09,0.0,-0.5999999999985448,0.0,-0.5999999999985448,0.0
1996-10-21,8.167262421920896e-09,-0.010000000002037268,0.0,0.0,0.010000000002037268,0.0
1996-10-22,7.843482308089733e-09,0.0,0.0,0.0,0.0,0.0
1996-10-23,7.523340173065662e-09,0.00999999999476131,-13.200000000004366,-0.0010000000000000009,-13.209999999999127,0.0
1996-10-24,7.275957614183426e-09,-2.1199999999953434,1158.5999999999185,-0.02999999999999936,1160.7199999999139,0.0
1996-10-25,6.941263563930988e-09,2.0499999999883585,-4.80000000000291,0.0,-6.849999999991269,0.0
1996-10-26,6.657501216977835e-09,0.0,-0.6000000000058208,0.0,-0.6000000000058208,0.0
1996-10-27,6.3810148276388645e-09,0.0,0.0,0.0,0.0,0.0
1996-10-28,6.111804395914078e-09,0.010000000009313226,-8.39999999999418,0.0,-8.410000000003492,0.0
1996-10-29,5.878973752260208e-09,0.0,0.0,0.0,0.0,0.0
1996-10-30,5.660695023834705e-09,0.0,0.0,0.0,0.0,0.0
1996-10-31,5.398760549724102e-09,0.0,0.0,0.0,0.0,0.0
1996-11-01,5.195033736526966e-09,0.0,0.0,0.0,0.0,0.0
1996-11-02,4.976755008101463e-09,0.0,0.0,0.0,0.0,0.0
1996-11-03,4.773028194904327e-09,0.0,0.0,0.0,0.0,0.0
1996-11-04,4.583853296935558e-09,0.0,0.0,0.0,0.0,0.0
1996-11-05,4.409230314195156e-09,0.00999999999476131,0.0,0.0,-0.00999999999476131,0.0
1996-11-06,4.249159246683121e-09,0.0,-23.999999999985448,0.0,-23.999999999985448,10.0
1996-11-07,4.059984348714352e-09,0.020000000004074536,0.0,0.0,-0.020000000004074536,0.0
1996-11-08,3.914465196430683e-09,0.0,0.0,0.0,0.0,0.0
1996-11-09,3.768946044147015e-09,0.0,0.0,0.0,0.0,0.0
1996-11-10,3.5943230614066124e-09,0.0,0.0,0.0,0.0,0.0
1996-11-11,3.4633558243513107e-09,0.00999999999476131,0.0,0.0,-0.00999999999476131,0.0
1996-11-12,3.3178366720676422e-09,-0.029999999998835847,0.0,0.0,0.029999999998835847,0.0
1996-11-13,3.2014213502407074e-09,0.0,-17.999999999985448,-0.010000000000000009,-17.999999999985448,-140.0
1996-11-14,3.055902197957039e-09,0.0,-36.00000000001455,0.0,-36.00000000001455,10.0
1996-11-15,2.954038791358471e-09,0.0,-6.000000000014552,0.0,-6.000000000014552,10.0
1996-11-16,2.8085196390748024e-09,0.0,-78.0,0.0,-78.0,40.0
1996-11-17,2.6775524020195007e-09,-0.25,270.0,0.0,270.25,-10.0
1996-11-18,2.6775524020195007e-09,-18.069999999948777,551.9999999998836,0.0,570.0699999998324,30.0
1996-11-19,2.561137080192566e-09,-172.74000000022352,3888.0,-1.5,4060.7400000002235,90.0
1996-11-20,2.3865140974521637e-09,191.1600000000035,210.0,0.10000000000000053,18.839999999996508,0.0
1996-11-21,2.2992026060819626e-09,-0.10999999998603016,-66.0,-0.010000000000000009,-65.89000000001397,0.0
1996-11-22,2.2118911147117615e-09,0.0,-36.0,-0.010000000000000009,-36.0,0.0
1996-11-23,2.0954757928848267e-09,-0.04999999998835847,-24.0,0.0,-23.95000000001164,20.0
1996-11-24,2.0372681319713593e-09,0.0,-6.0,0.0,-6.0,0.0
1996-11-25,1.9208528101444244e-09,0.3000000000174623,0.0,0.0,-0.3000000000174623,0.0
1996-11-26,1.862645149230957e-09,-0.23999999999068677,0.0,0.0,0.23999999999068677,0.0
1996-11-27,1.7462298274040222e-09,4.25,-53.99999999994179,0.0,-58.24999999994179,40.0
1996-11-28,1.7462298274040222e-09,-0.39999999999417923,-60.00000000005821,0.0,-59.60000000006403,20.0
1996-11-29,1.6298145055770874e-09,-0.75,-30.000000000029104,0.0,-29.250000000029104,0.0
1996-11-30,1.57160684466362e-09,-110.96999999997206,72.0,0.0,182.96999999997206,-20.0
1996-12-01,1.4842953532934189e-09,10.71999999997206,-150.0,-0.010000000000000231,-160.71999999997206,40.0
1996-12-02,1.5133991837501526e-09,38.26999999998952,-269.9999999999709,-0.040000000000000036,-308.2699999999604,-10.0
1996-12-03,1.3969838619232178e-09,-131.0,-480.0000000000582,-0.04999999999999982,-349.0000000000582,0.0
1996-12-04,1.5133991837501526e-09,-653.25,-617.9999999998836,-0.5,35.250000000116415,20.0
1996-12-05,1.3387762010097504e-09,840.3499999999767,414.0000000000582,-0.009999999999999787,-426.3499999999185,0.0
1996-12-06,1.1641532182693481e-09,-236.86999999999534,42.0,-0.05999999999999961,278.86999999999534,0.0
1996-12-07,1.1641532182693481e-09,-1540.8700000001118,-900.0,-0.1999999999999993,640.8700000001118,40.0
1996-12-08,1.0477378964424133e-09,1779.7399999999907,1476.0,0.0,-303.7399999999907,-20.0
1996-12-09,1.0477378964424133e-09,4.159999999974389,-156.0,0.0,-160.1599999999744,0.0
1996-12-10,0.0020000009681098163,-155.46999999997206,-306.0000000000582,-0.009999999999999787,-150.53000000008615,-10.0
1996-12-11,1.0477378964424133e-09,118.78000000002794,-222.00000000011642,-0.009999999999999787,-340.78000000014435,20.0
1996-12-12,9.89530235528946e-10,-35.86999999999534,-354.0000000000582,-0.019999999999999574,-318.13000000006286,-10.0
1996-12-13,9.313225746154785e-10,-89.62999999994645,-516.0,-0.04999999999999982,-426.37000000005355,-20.0
1996-12-14,9.313225746154785e-10,159.46999999997206,41.99999999994179,0.0,-117.47000000003027,0.0
1996-12-15,9.313225746154785e-10,0.0,-114.0,-0.010000000000000231,-114.0,-10.0
1996-12-16,8.440110832452774e-10,0.0,-78.0,0.0,-78.0,10.0
1996-12-17,7.8580342233181e-10,0.0,-150.0,-0.020000000000000018,-150.0,0.0
1996-12-18,8.149072527885437e-10,-0.08999999999650754,-89.9999999999709,-0.020000000000000018,-89.90999999997439,0.0
1996-12-19,6.984919309616089e-10,0.01999999998952262,-53.999999999970896,-0.009999999999999787,-54.01999999996042,-10.0
1996-12-20,6.984919309616089e-10,0.0,-30.0,0.0,-30.0,20.0
1996-12-21,6.402842700481415e-10,0.0,-120.0000000000291,0.0,-120.0000000000291,20.0
1996-12-22,6.111804395914078e-10,0.0,-126.0,-0.009999999999999787,-126.0,-20.0
1996-12-23,5.820766091346741e-10,-3.0600000000558794,750.0,-0.009999999999999787,753.0600000000559,0.0
1996-12-24,5.820766091346741e-10,-751.5,234.0,-0.20000000000000107,985.5,-60.0
1996-12-25,4.656612873077393e-10,642.1299999998882,3414.0,-0.5,2771.8700000001118,0.0
1996-12-26,3.4924596548080444e-10,-1249.6200000001118,-78.0,0.0,1171.6200000001118,0.0
1996-12-27,5.238689482212067e-10,1324.030000000028,858.0,-0.04999999999999982,-466.03000000002794,-20.0
1996-12-28,4.656612873077393e-10,-48.25,-588.0,-0.16999999999999993,-539.75,10.0
1996-12-29,2.3283064365386963e-10,-1275.8700000001118,-420.00000000023283,-0.5,855.8699999998789,10.0
1996-12-30,4.656612873077393e-10,1347.1200000001118,2166.0,0.0,818.8799999998882,-20.0
1996-12-31,4.656612873077393e-10,-6.370000000111759,726.0,0.0,732.3700000001118,20.0
1997-01-01,4.656612873077393e-10,-19.37000000011176,720.0,-0.20000000000000284,739.3700000001118,0.0
1997-01-02,2.3283064365386963e-10,40.25,48.000000000116415,0.0,7.750000000116415,0.0
1997-01-03,4.0745362639427185e-10,0.8499999999767169,-299.9999999999418,0.0,-300.8499999999185,0.0
1997-01-04,3.4924596548080444e-10,-0.6599999999743886,-540.0,-0.04999999999999982,-539.3400000000256,0.0
1997-01-05,2.3283064365386963e-10,0.0,-317.9999999999418,-0.040000000000000036,-317.9999999999418,0.0
1997-01-06,2.9103830456733704e-10,-0.15999999997438863,-228.0,-0.019999999999999574,-227.8400000000256,0.0
1997-01-07,2.9103830456733704e-10,-0.029999999969732016,-162.0,-0.020000000000000018,-161.97000000003027,-10.0
1997-01-08,2.6193447411060333e-10,0.6300000000046566,-120.0000000000291,0.0,-120.63000000003376,10.0
1997-01-09,2.9103830456733704e-10,4.590000000025611,-120.0,0.0,-124.59000000002561,10.0
1997-01-10,2.3283064365386963e-10,8.25,-174.0,0.0,-182.25,10.0
1997-01-11,2.3283064365386963e-10,-13.28000000002794,-119.99999999994179,0.0,-106.71999999991385,0.0
1997-01-12,2.3283064365386963e-10,-0.029999999998835847,-12.000000000029104,0.0,-11.970000000030268,0.0
1997-01-13,2.3283064365386963e-10,0.0,-6.0,0.0,-6.0,0.0
1997-01-14,2.3283064365386963e-10,0.0,0.0,0.0,0.0,0.0
1997-01-15,2.0372681319713593e-10,0.0,-12.000000000029104,0.0,-12.000000000029104,0.0
1997-01-16,1.7462298274040222e-10,0.0,-12.0,0.0,-12.0,0.0
1997-01-17,1.1641532182693481e-10,-0.9300000000512227,1146.0000000000582,0.019999999999999574,1146.9300000001094,0.0
1997-01-18,2.3283064365386963e-10,11.150000000023283,-114.0,0.0,-125.15000000002328,20.0
1997-01-19,1.7462298274040222e-10,-2.3099999999976717,-72.0,0.0,-69.69000000000233,0.0
1997-01-20,1.7462298274040222e-10,2.4400000000023283,-162.0000000000582,0.0,-164.44000000006054,20.0
1997-01-21,1.7462298274040222e-10,-10.319999999948777,-102.0,0.0,-91.68000000005122,0.0
1997-01-22,1.1641532182693481e-10,-0.059999999997671694,-162.0000000000582,-0.009999999999999787,-161.94000000006054,-50.0
1997-01-23,1.7462298274040222e-10,0.0,-132.0,0.0,-132.0,60.0
1997-01-24,1.1641532182693481e-10,0.0,-24.0,0.0,-24.0,10.0
1997-01-25,1.7462298274040222e-10,0.029999999998835847,-96.00000000005821,0.0,-96.03000000005704,30.0
1997-01-26,1.4551915228366852e-10,-0.14000000001396984,-42.0,0.0,-41.85999999998603,0.0
1997-01-27,8.731149137020111e-11,0.04000000000814907,-48.0,-0.010000000000000231,-48.04000000000815,0.0
1997-01-28,1.1641532182693481e-10,0.0,-71.9999999999709,-0.009999999999999787,-71.9999999999709,10.0
1997-01-29,1.1641532182693481e-10,0.5500000000174623,-54.000000000029104,0.0,-54.550000000046566,20.0
1997-01-30,1.1641532182693481e-10,-29.43999999994412,2184.0,0.0,2213.439999999944,-50.0
1997-01-31,0.0,-98.12999999988824,1217.9999999997672,-0.20000000000000284,1316.1299999996554,0.0
1997-02-01,1.1641532182693481e-10,124.0,48.00000000005821,0.0,-75.99999999994179,-30.0
1997-02-02,1.1641532182693481e-10,2.1800000000512227,-90.0,0.0,-92.18000000005122,30.0
1997-02-03,1.1641532182693481e-10,0.030000000027939677,-149.9999999999418,0.0,-150.02999999996973,10.0
1997-02-04,8.731149137020111e-11,0.09999999997671694,-41.999999999970896,-0.010000000000000231,-42.09999999994761,-10.0
1997-02-05,1.4551915228366852e-10,0.07999999998719431,-23.999999999970896,0.0,-24.07999999995809,0.0
1997-02-06,8.731149137020111e-11,0.0,-12.0,0.0,-12.0,0.0
1997-02-07,5.820766091346741e-11,0.0,-30.000000000029104,0.0,-30.000000000029104,10.0
1997-02-08,1.1641532182693481e-10,0.0,0.0,0.0,0.0,0.0
1997-02-09,5.820766091346741e-11,0.0,-5.999999999970896,0.0,-5.999999999970896,0.0
1997-02-10,2.9103830456733704e-11,0.029999999998835847,-30.000000000029104,0.0,-30.03000000002794,0.0
1997-02-11,5.820766091346741e-11,0.0,-17.999999999970896,0.0,-17.999999999970896,10.0
1997-02-12,0.0,0.0,-161.9999999999709,-0.010000000000000231,-161.9999999999709,-10.0
1997-02-13,5.820766091346741e-11,0.0,-180.0,-0.010000000000000231,-180.0,-20.0
1997-02-14,0.0,3.25,-119.99999999994179,0.0,-123.24999999994179,10.0
1997-02-15,2.9103830456733704e-11,0.25,-24.000000000029104,0.0,-24.250000000029104,10.0
1997-02-16,8.731149137020111e-11,3.5599999999976717,-83.9999999999709,0.0,-87.55999999996857,0.0
1997-02-17,0.0,-7.690000000002328,-114.0,-0.010000000000000231,-106.30999999999767,-40.0
1997-02-18,5.820766091346741e-11,-29.19000000000233,-330.0,-0.020000000000000462,-300.8099999999977,-10.0
1997-02-19,0.0,-104.25,-335.9999999998836,-0.010000000000001563,-231.74999999988358,0.0
1997-02-20,0.0,134.25,-126.0,-0.009999999999999787,-260.25,10.0
1997-02-21,5.820766091346741e-11,0.0,-132.0,-0.010000000000000231,-132.0,0.0
1997-02-22,5.820766091346741e-11,0.0,-84.0,-0.009999999999999787,-84.0,-10.0
1997-02-23,5.820766091346741e-11,0.0,-84.0,-0.009999999999999787,-84.0,-10.0
1997-02-24,0.0,0.07999999998719431,-30.0,0.0,-30.079999999987194,0.0
1997-02-25,2.9103830456733704e-11,0.1900000000023283,-42.000000000029104,0.0,-42.19000000003143,10.0
1997-02-26,5.820766091346741e-11,-0.23000000001047738,-5.999999999970896,0.0,-5.769999999960419,0.0
1997-02-27,0.0,0.0,-78.0,-0.010000000000000231,-78.0,-30.0
1997-02-28,0.0,0.0,-36.0,0.0,-36.0,0.0
1997-03-01,5.820766091346741e-11,1.5,-264.0,0.0,-265.5,10.0
1997-03-02,5.820766091346741e-11,-9.340000000025611,-305.9999999999418,-0.03000000000000025,-296.6599999999162,0.0
1997-03-03,5.820766091346741e-11,5.400000000023283,-246.0,-0.009999999999999787,-251.40000000002328,10.0
1997-03-04,0.0,2.4400000000023283,-120.0,-0.009999999999999787,-122.44000000000233,-30.0
1997-03-05,0.0,0.0,-120.0,0.0,-120.0,20.0
1997-03-06,0.0,0.879999999946449,-138.0,0.0,-138.87999999994645,10.0
1997-03-07,5.820766091346741e-11,-75.47000000003027,-444.0,-0.020000000000000462,-368.52999999996973,0.0
1997-03-08,5.820766091346741e-11,74.80999999999767,6.0,0.0,-68.80999999999767,10.0
1997-03-09,0.0,-94.0,2076.0,-0.1999999999999993,2170.0,0.0
1997-03-10,0.0,83.36999999999534,-372.0000000001164,-0.3000000000000007,-455.37000000011176,-170.0
1997-03-11,0.0,-47.62999999988824,204.00000000011642,-0.10000000000000142,251.63000000000466,-70.0
1997-03-12,0.0,51.62999999994645,-275.9999999999418,-0.020000000000000462,-327.62999999988824,-10.0
1997-03-13,5.820766091346741e-11,5.03000000002794,-180.0000000000582,-0.009999999999999787,-185.03000000008615,-10.0
1997-03-14,5.820766091346741e-11,1.720000000030268,-24.000000000058208,0.0,-25.720000000088476,0.0
1997-03-15,0.0,-4.060000000055879,443.9999999998836,-0.09999999999999787,448.05999999993946,-60.0
1997-03-16,1.1641532182693481e-10,-8.43999999994412,125.99999999988358,0.0,134.4399999998277,10.0
1997-03-17,0.0,14.940000000002328,-204.0,0.0,-218.94000000000233,0.0
1997-03-18,0.0,3.3400000000256114,-258.0000000000582,-0.009999999999999787,-261.3400000000838,-10.0
1997-03-19,0.0,1.1599999999743886,-432.0000000000582,-0.009999999999999787,-433.1600000000326,0.0
1997-03-20,5.820766091346741e-11,-4.0,-263.9999999999418,-0.009999999999999787,-259.9999999999418,-20.0
1997-03-21,0.0,-3.379999999946449,-204.00000000011642,-0.010000000000000675,-200.62000000016997,-10.0
1997-03-22,0.0,0.0,-96.0,0.0,-96.0,0.0
1997-03-23,2.9103830456733704e-11,0.29999999998835847,-78.0000000000291,0.0,-78.30000000001746,0.0
1997-03-24,2.9103830456733704e-11,0.4800000000104774,-30.0,0.0,-30.480000000010477,0.0
1997-03-25,0.0,2.3099999999976717,-11.999999999970896,0.0,-14.309999999968568,0.0
1997-03-26,2.9103830456733704e-11,-1.5499999999883585,-84.0,0.0,-82.45000000001164,30.0
1997-03-27,0.0,-1.599999999976717,-276.0,-0.009999999999999787,-274.4000000000233,-10.0
1997-03-28,0.0,-0.11999999999534339,-60.000000000029104,0.0,-59.88000000003376,50.0
1997-03-29,0.0,0.0,-59.999999999970896,-0.009999999999999787,-59.999999999970896,-120.0
1997-03-30,2.9103830456733704e-11,0.04000000000814907,-60.000000000029104,0.0,-60.04000000003725,0.0
1997-03-31,8.731149137020111e-11,-0.059999999997671694,-300.0,-0.010000000000000231,-299.9400000000023,0.0
1997-04-01,5.820766091346741e-11,0.0,-137.9999999999709,-0.010000000000000231,-137.9999999999709,-40.0
1997-04-02,2.9103830456733704e-11,0.0,-6.000000000029104,0.0,-6.000000000029104,0.0
1997-04-03,5.820766091346741e-11,-0.010000000009313226,-12.000000000029104,0.0,-11.99000000001979,0.0
1997-04-04,8.731149137020111e-11,0.0,0.0,0.0,0.0,0.0
1997-04-05,0.0,0.0,-6.0,0.0,-6.0,0.0
1997-04-06,0.0,0.0,0.0,0.0,0.0,0.0
1997-04-07,2.9103830456733704e-11,0.20999999999185093,-18.0,0.0,-18.20999999999185,0.0
1997-04-08,8.731149137020111e-11,-0.139999999984866,-29.999999999970896,0.0,-29.85999999998603,10.0
1997-04-09,2.9103830456733704e-11,0.0,-6.000000000029104,0.0,-6.000000000029104,10.0
1997-04-10,2.9103830456733704e-11,0.0,0.0,0.0,0.0,0.0
1997-04-11,5.820766091346741e-11,0.01999999998952262,0.0,0.0,-0.01999999998952262,0.0
1997-04-12,2.9103830456733704e-11,0.0,0.0,0.0,0.0,0.0
1997-04-13,8.731149137020111e-11,1.25,-72.0,0.0,-73.25,10.0
1997-04-14,2.9103830456733704e-11,0.8100000000267755,-251.9999999999709,-0.009999999999999787,-252.80999999999767,0.0
1997-04-15,2.9103830456733704e-11,-1.8800000000046566,-48.000000000029104,0.0,-46.12000000002445,50.0
1997-04-16,5.820766091346741e-11,0.0,-6.0,0.0,-6.0,0.0
1997-04-17,5.820766091346741e-11,0.0,-24.000000000029104,0.0,-24.000000000029104,0.0
1997-04-18,5.820766091346741e-11,0.04000000000814907,-269.9999999999418,-0.009999999999999787,-270.03999999994994,0.0
1997-04-19,5.820766091346741e-11,-4.0,-648.0,-0.03000000000000025,-644.0,0.0
1997-04-20,5.820766091346741e-11,2.8800000000046566,-402.0,-0.020000000000000462,-404.88000000000466,0.0
1997-04-21,0.0,1.029999999969732,-204.0,-0.009999999999999787,-205.02999999996973,0.0
1997-04-22,5.820766091346741e-11,-1.150000000023283,-468.0,-0.020000000000000462,-466.8499999999767,0.0
1997-04-23,0.0,-0.28999999997904524,-336.0000000000582,-0.010000000000000675,-335.71000000007916,0.0
1997-04-24,2.9103830456733704e-11,1.6300000000046566,-66.0,0.0,-67.63000000000466,10.0
1997-04-25,2.9103830456733704e-11,0.0,-11.999999999970896,0.0,-11.999999999970896,0.0
1997-04-26,8.731149137020111e-11,0.0,-11.999999999970896,0.0,-11.999999999970896,0.0
1997-04-27,5.820766091346741e-11,-0.059999999997671694,-90.0,-0.010000000000000231,-89.94000000000233,-20.0
1997-04-28,2.9103830456733704e-11,0.0,-120.0,0.0,-120.0,110.0
1997-04-29,2.9103830456733704e-11,0.07000000000698492,-216.0000000000291,0.0,-216.0700000000361,30.0
1997-04-30,5.820766091346741e-11,-1.1899999999441206,-384.0,-0.019999999999999574,-382.8100000000559,-30.0
1997-05-01,0.0,1.3900000000139698,-53.999999999970896,0.0,-55.389999999984866,20.0
1997-05-02,0.0,-0.010000000009313226,-17.999999999970896,0.0,-17.989999999961583,0.0
1997-05-03,2.9103830456733704e-11,0.0,-66.0,0.0,-66.0,10.0
1997-05-04,2.9103830456733704e-11,0.0,-36.0,0.0,-36.0,30.0
1997-05-05,0.0,0.0,-18.0,0.0,-18.0,0.0
1997-05-06,2.9103830456733704e-11,0.029999999998835847,-23.999999999970896,0.0,-24.029999999969732,10.0
1997-05-07,2.9103830456733704e-11,-0.01999999998952262,0.0,0.0,0.01999999998952262,0.0
1997-05-08,8.731149137020111e-11,0.0500000000174623,0.0,0.0,-0.0500000000174623,0.0
1997-05-09,2.9103830456733704e-11,0.0,0.0,0.0,0.0,0.0
1997-05-10,2.9103830456733704e-11,0.0,0.0,0.0,0.0,0.0
1997-05-11,2.9103830456733704e-11,0.0,0.0,0.0,0.0,0.0
1997-05-12,2.9103830456733704e-11,0.0,0.0,0.0,0.0,0.0
1997-05-13,2.9103830456733704e-11,0.0,0.0,0.0,0.0,0.0
1997-05-14,8.731149137020111e-11,0.01999999998952262,0.0,0.0,-0.01999999998952262,0.0
1997-05-15,5.820766091346741e-11,0.0,0.0,0.0,0.0,0.0
1997-05-16,8.731149137020111e-11,0.0,0.0,0.0,0.0,0.0
1997-05-17,5.820766091346741e-11,0.0,0.0,0.0,0.0,0.0
1997-05-18,2.9103830456733704e-11,0.0,0.0,0.0,0.0,0.0
1997-05-19,2.9103830456733704e-11,0.0,0.0,0.0,0.0,0.0
1997-05-20,2.9103830456733704e-11,0.0,0.0,0.0,0.0,0.0
1997-05-21,2.9103830456733704e-11,0.0,0.0,0.0,0.0,0.0
1997-05-22,2.9103830456733704e-11,0.0,0.0,0.0,0.0,0.0
1997-05-23,2.9103830456733704e-11,0.0,0.0,0.0,0.0,0.0
1997-05-24,2.9103830456733704e-11,0.0,0.0,0.0,0.0,0.0
1997-05-25,0.0,0.0,0.0,0.0,0.0,0.0
1997-05-26,0.0,0.0,0.0,0.0,0.0,0.0
1997-05-27,0.0,0.0,0.0,0.0,0.0,0.0
1997-05-28,0.0,0.0,-6.0,0.0,-6.0,0.0
1997-05-29,0.0,0.0,0.0,0.0,0.0,0.0
1997-05-30,0.0,0.0,0.0,0.0,0.0,0.0
1997-05-31,0.0,0.010000000009313226,-48.0,-0.010000000000000009,-48.01000000000931,-180.0
1997-06-01,0.0,0.0,0.0,0.0,0.0,0.0
1997-06-02,0.0,0.0,0.0,0.0,0.0,0.0
1997-06-03,0.0,0.0,0.0,0.0,0.0,0.0
1997-06-04,0.0,0.0,0.0,0.0,0.0,0.0
1997-06-05,0.0,0.0,0.0,0.0,0.0,0.0
1997-06-06,0.0,0.0,0.0,0.0,0.0,0.0
1997-06-07,0.0,0.0,0.0,0.0,0.0,0.0
1997-06-08,0.0,0.0,0.0,0.0,0.0,0.0
1997-06-09,0.0,0.0,0.0,0.0,0.0,0.0
1997-06-10,0.0,0.0,0.0,0.0,0.0,0.0
1997-06-11,0.0,0.0,0.0,0.0,0.0,0.0
1997-06-12,0.0,0.0,0.0,0.0,0.0,0.0
1997-06-13,0.0,0.0,0.0,0.0,0.0,0.0
1997-06-14,0.0,0.0,0.0,0.0,0.0,0.0
1997-06-15,0.0,0.0,0.0,0.0,0.0,0.0
1997-06-16,0.0,0.0,0.0,0.0,0.0,0.0
1997-06-17,0.0,0.0,0.0,0.0,0.0,0.0
1997-06-18,0.0,-0.0500000000174623,0.0,0.0,0.0500000000174623,0.0
1997-06-19,0.0,0.0,0.0,0.0,0.0,0.0
1997-06-20,0.0,0.0,0.0,0.0,0.0,0.0
1997-06-21,0.0,0.0,0.0,0.0,0.0,0.0
1997-06-22,0.0,0.0,0.0,0.0,0.0,0.0
1997-06-23,0.0,0.029999999998835847,0.0,0.0,-0.029999999998835847,0.0
1997-06-24,0.0,0.0,0.0,0.0,0.0,0.0
1997-06-25,9.015179239213467e-05,0.0,0.0,0.0,0.0,0.0
1997-06-26,0.0001385564246447757,0.0,0.0,0.0,0.0,0.0
1997-06-27,0.00015162241470534354,0.0,0.0,0.0,0.0,0.0
1997-06-28,0.00014983396977186203,-0.01999999998952262,0.0,0.0,0.01999999998952262,0.0
1997-06-29,0.0001452737778890878,0.00999999999476131,0.0,0.0,-0.00999999999476131,0.0
1997-06-30,0.00013946279068477452,0.0,0.0,0.0,0.0,0.0
1997-07-01,0.00013388428487814963,0.0,0.0,0.0,0.0,0.0
1997-07-02,0.00012852894724346697,-0.04000000000814907,0.0,0.0,0.04000000000814907,0.0
1997-07-03,0.00012338775559328496,0.0,0.0,0.0,0.0,0.0
1997-07-04,0.00011845225526485592,-0.020000000004074536,0.0,0.0,0.020000000004074536,0.0
1997-07-05,0.00011371415166649967,0.0,0.0,0.0,0.0,0.0
1997-07-06,0.0001091655867639929,0.0,0.0,0.0,0.0,0.0
1997-07-07,0.00010479899356141686,0.0,0.0,0.0,0.0,0.0
1997-07-08,0.00010060702334158123,0.0,0.0,0.0,0.0,0.0
1997-07-09,-0.047203417227137834,-0.059999999997671694,0.0,0.0,0.059999999997671694,0.0
1997-07-10,9.271943417843431e-05,0.0,-17.999999999985448,0.0,-17.999999999985448,0.0
1997-07-11,8.91418312676251e-05,0.0,0.0,0.0,0.0,0.0
1997-07-12,8.721566700842232e-05,0.0,0.0,0.0,0.0,0.0
1997-07-13,8.914167119655758e-05,0.0,0.0,0.0,0.0,0.0
1997-07-14,9.717876673676074e-05,0.0,0.0,0.0,0.0,0.0
1997-07-15,0.00010701785504352301,0.0,0.0,0.0,0.0,0.0
1997-07-16,0.00012319050438236445,0.0,0.0,0.0,0.0,0.0
1997-07-17,0.00015433458611369133,-0.029999999998835847,0.0,0.0,0.029999999998835847,0.0
1997-07-18,0.0002014263009186834,0.010000000009313226,0.0,0.0,-0.010000000009313226,0.0
1997-07-19,0.00025462063786108047,0.0,0.0,0.0,0.0,0.0
1997-07-20,0.0003020292497240007,0.0,0.0,0.0,0.0,0.0
1997-07-21,0.00033869202889036387,0.0,0.0,0.0,0.0,0.0
1997-07-22,0.0003648706478998065,0.0,0.0,0.0,0.0,0.0
1997-07-23,0.00038235101965256035,0.0,0.0,0.0,0.0,0.0
1997-07-24,0.0003932893159799278,0.00999999999476131,0.0,0.0,-0.00999999999476131,0.0
1997-07-25,0.00040714275382924825,0.0,0.0,0.0,0.0,0.0
1997-07-26,0.00041345319186802953,0.0,0.0,0.0,0.0,0.0
1997-07-27,0.0004110989975742996,0.0,0.0,0.0,0.0,0.0
1997-07-28,0.0004025331581942737,0.0,0.0,0.0,0.0,0.0
1997-07-29,0.00039025736623443663,0.0,0.0,0.0,0.0,0.0
1997-07-30,0.00037650519516319036,0.0,0.0,0.0,0.0,0.0
1997-07-31,0.0003620057977968827,0.0,0.5999999999912689,0.0,0.5999999999912689,0.0
1997-08-01,0.0003480670420685783,0.0,0.0,0.0,0.0,0.0
1997-08-02,0.0003343923744978383,0.0,0.0,0.0,0.0,0.0
1997-08-03,0.00032116027432493865,0.0,0.0,0.0,0.0,0.0
1997-08-04,0.00030831387266516685,0.0,0.0,0.0,0.0,0.0
1997-08-05,0.0002959813136840239,0.0,0.0,0.0,0.0,0.0
1997-08-06,0.00028414207918103784,0.0,0.0,0.0,0.0,0.0
1997-08-07,0.0002727763931034133,0.0,0.0,0.0,0.0,0.0
1997-08-08,0.00026186532340943813,0.0,0.0,0.0,0.0,0.0
1997-08-09,0.00025139073841273785,0.020000000004074536,0.0,0.0,-0.020000000004074536,0.0
1997-08-10,0.00031586205295752734,0.0,0.0,0.0,0.0,0.0
1997-08-11,0.0003032275853911415,0.0,0.0,0.0,0.0,0.0
1997-08-12,0.0002910984621848911,0.0,0.0,0.0,0.0,0.0
1997-08-13,0.00027945452893618494,0.0,0.0,0.0,0.0,0.0
1997-08-14,0.0002682763370103203,0.0,0.0,0.0,0.0,0.0
1997-08-15,0.00025754529633559287,0.0,0.0,0.0,0.0,0.0
1997-08-16,0.00024724347167648375,0.0,0.0,0.0,0.0,0.0
1997-08-17,0.00023735373542876914,-0.00999999999476131,0.0,0.0,0.00999999999476131,0.0
1997-08-18,0.00022785958572058007,0.0,0.0,0.0,0.0,0.0
1997-08-19,0.00021874521189602092,0.0,0.0,0.0,0.0,0.0
1997-08-20,0.0002099953926517628,0.0,0.0,0.0,0.0,0.0
1997-08-21,0.0002015955760725774,0.0,0.0,0.0,0.0,0.0
1997-08-22,0.00019353175594005734,0.0,0.0,0.0,0.0,0.0
1997-08-23,0.00018579047900857404,0.010000000002037268,0.0,0.0,-0.010000000002037268,0.0
1997-08-24,0.00017835885955719277,-0.020000000004074536,0.0,0.0,0.020000000004074536,0.0
1997-08-25,0.00017122450663009658,0.0,0.0,0.0,0.0,0.0
1997-08-26,0.0001643755313125439,0.00999999999476131,0.0,0.0,-0.00999999999476131,0.0
1997-08-27,0.00015780051035108045,0.0,0.0,0.0,0.0,0.0
1997-08-28,0.00015148848615353927,0.0,0.0,0.0,0.0,0.0
1997-08-29,0.00014542894496116787,0.0,0.0,0.0,0.0,0.0
1997-08-30,0.000139611802296713,0.0,0.0,0.0,0.0,0.0
1997-08-31,0.00013402732292888686,-0.00999999999476131,0.0,0.0,0.00999999999476131,0.0
1997-09-01,0.000128666237287689,-0.00999999999476131,0.0,0.0,0.00999999999476131,0.0
1997-09-02,0.00012351958866929635,0.0,0.0,0.0,0.0,0.0
1997-09-03,0.0001185787987196818,0.0,0.0,0.0,0.0,0.0
1997-09-04,0.00011383565288269892,0.0,0.0,0.0,0.0,0.0
1997-09-05,0.00010928222036454827,0.0,0.0,0.0,0.0,0.0
1997-09-06,0.00010491092689335346,0.0,0.0,0.0,0.0,0.0
1997-09-07,0.00010071450378745794,0.0,0.0,0.0,0.0,0.0
1997-09-08,9.668592247180641e-05,0.010000000002037268,0.0,0.0,-0.010000000002037268,0.0
1997-09-09,9.281847451347858e-05,0.0,0.0,0.0,0.0,0.0
1997-09-10,8.910574251785874e-05,0.0,0.0,0.0,0.0,0.0
1997-09-11,8.55415128171444e-05,0.0,0.0,0.0,0.0,0.0
1997-09-12,8.211984822992235e-05,0.0,0.0,0.0,0.0,0.0
1997-09-13,7.883505895733833e-05,0.0,0.0,0.0,0.0,0.0
1997-09-14,7.568165165139362e-05,0.0,0.0,0.0,0.0,0.0
1997-09-15,7.265439489856362e-05,0.0,7.199999999989814,0.0,7.199999999989814,0.0
1997-09-16,6.974823190830648e-05,-0.4800000000104774,240.0,-0.020000000000000462,240.48000000001048,0.0
1997-09-17,6.695825140923262e-05,-23.80999999999767,72.0,-0.009999999999999787,95.80999999999767,0.0
1997-09-18,6.432068039430305e-05,24.330000000001746,28.200000000004366,0.0,3.8700000000026193,0.0
1997-09-19,6.199894778546877e-05,0.0,-4.80000000000291,0.0,-4.80000000000291,0.0
1997-09-20,5.979044726700522e-05,0.0,0.0,0.0,0.0,0.0
1997-09-21,5.8145356888417155e-05,0.0,0.0,0.0,0.0,0.0
1997-09-22,5.600783333647996e-05,0.0,0.0,0.0,0.0,0.0
1997-09-23,5.3767529607284814e-05,0.0,0.0,0.0,0.0,0.0
1997-09-24,5.1616829296108335e-05,0.0,0.0,0.0,0.0,0.0
1997-09-25,4.955214535584673e-05,0.0,0.0,0.0,0.0,0.0
1997-09-26,4.7570065362378955e-05,0.0,0.0,0.0,0.0,0.0
1997-09-27,4.5667256927117705e-05,0.0,0.0,0.0,0.0,0.0
1997-09-28,4.384056956041604e-05,0.0,0.0,0.0,0.0,0.0
1997-09-29,4.208694736007601e-05,-0.01999999999679858,0.0,0.0,0.01999999999679858,0.0
1997-09-30,4.040347266709432e-05,0.0,0.0,0.0,0.0,0.0
1997-10-01,3.878732968587428e-05,0.0,0.0,0.0,0.0,0.0
1997-10-02,4.275837272871286e-05,0.0,0.0,0.0,0.0,0.0
1997-10-03,4.319338040659204e-05,0.0,-1.8000000000029104,0.0,-1.8000000000029104,10.0
1997-10-04,4.23467208747752e-05,0.0,-14.400000000001455,-0.0010000000000000009,-14.400000000001455,-10.0
1997-10-05,4.100361547898501e-05,-0.00999999999476131,-0.5999999999985448,0.0,-0.5900000000037835,0.0
1997-10-06,6.280034722294658e-05,0.0,0.0,0.0,0.0,0.0
1997-10-07,7.881650526542217e-05,0.0,-10.80000000000291,-0.0010000000000000009,-10.80000000000291,-40.0
1997-10-08,8.477701339870691e-05,0.029999999998835847,-23.40000000000873,-0.0010000000000000009,-23.430000000007567,0.0
1997-10-09,8.427228021901101e-05,-0.03999999999359716,-8.400000000008731,-0.0010000000000000009,-8.360000000015134,-30.0
1997-10-10,8.090137271210551e-05,0.0,-1.7999999999883585,0.0,-1.7999999999883585,0.0
1997-10-11,7.766530325170606e-05,0.0,-34.80000000000291,-0.0020000000000000018,-34.80000000000291,0.0
1997-10-12,7.455871673300862e-05,0.0,-6.000000000014552,0.0,-6.000000000014552,20.0
1997-10-13,7.157635991461575e-05,0.0,0.0,0.0,0.0,0.0
1997-10-14,6.871331424918026e-05,0.0,0.0,0.0,0.0,0.0
1997-10-15,6.596474850084633e-05,0.0,0.0,0.0,0.0,0.0
1997-10-16,6.332618067972362e-05,0.0,0.0,0.0,0.0,0.0
1997-10-17,6.07931287959218e-05,0.020000000004074536,0.0,0.0,-0.020000000004074536,0.0
1997-10-18,5.836144555360079e-05,0.0,0.0,0.0,0.0,0.0
1997-10-19,5.6026969105005264e-05,0.01999999998952262,0.0,0.0,-0.01999999998952262,0.0
1997-10-20,5.37858868483454e-05,0.0,0.0,0.0,0.0,0.0
1997-10-21,5.163444438949227e-05,0.0,0.0,0.0,0.0,0.0
1997-10-22,4.956906195729971e-05,0.0,0.0,0.0,0.0,0.0
1997-10-23,4.758633440360427e-05,0.0,0.0,0.0,0.0,0.0
1997-10-24,4.5682842028327286e-05,0.0,0.0,0.0,0.0,0.0
1997-10-25,4.385554348118603e-05,0.0,0.0,0.0,0.0,0.0
1997-10-26,4.210132465232164e-05,0.0,0.0,0.0,0.0,0.0
1997-10-27,4.0417275158688426e-05,0.0,0.0,0.0,0.0,0.0
1997-10-28,3.8800586480647326e-05,0.0,0.0,0.0,0.0,0.0
1997-10-29,-0.001962751615792513,-62.37999999988824,3216.0000000001164,-0.1999999999999993,3278.3800000000047,10.0
1997-10-30,3.632344305515289e-05,48.93999999994412,468.0,-0.1999999999999993,419.0600000000559,10.0
1997-10-31,4.202597483526915e-05,13.870000000009895,12.0,0.009999999999999787,-1.8700000000098953,0.0
1997-11-01,4.203963908366859e-05,0.0,-6.0,0.0,-6.0,0.0
1997-11-02,4.0358034311793745e-05,0.0,0.0,0.0,0.0,0.0
1997-11-03,3.874371759593487e-05,0.029999999998835847,0.0,0.0,-0.029999999998835847,0.0
1997-11-04,3.7193967727944255e-05,0.0,0.0,0.0,0.0,0.0
1997-11-05,3.5706209018826485e-05,0.0,0.0,0.0,0.0,0.0
1997-11-06,3.4277967642992735e-05,0.0,0.0,0.0,0.0,0.0
1997-11-07,3.29068279825151e-05,0.01999999998952262,-6.0,0.0,-6.019999999989523,10.0
1997-11-08,3.15905490424484e-05,-0.029999999998835847,-6.000000000014552,0.0,-5.970000000015716,0.0
1997-11-09,3.0326962587423623e-05,0.05000000000291038,0.0,0.0,-0.05000000000291038,0.0
1997-11-10,2.9113885830156505e-05,-0.10000000000582077,0.0,0.0,0.10000000000582077,0.0
1997-11-11,2.7949325158260763e-05,0.0,0.0,0.0,0.0,0.0
1997-11-12,2.6831330615095794e-05,0.0,0.0,0.0,0.0,0.0
1997-11-13,2.5758083211258054e-05,0.0,0.0,0.0,0.0,0.0
1997-11-14,2.4727749405428767e-05,0.0,0.0,0.0,0.0,0.0
1997-11-15,2.3738655727356672e-05,0.0,0.0,0.0,0.0,0.0
1997-11-16,2.278911415487528e-05,0.0,0.0,0.0,0.0,0.0
1997-11-17,2.1877553081139922e-05,-0.020000000004074536,-6.0,0.0,-5.9799999999959255,0.0
1997-11-18,2.1002444555051625e-05,0.00999999999476131,0.0,0.0,-0.00999999999476131,0.0
1997-11-19,2.016233338508755e-05,0.0,0.0,0.0,0.0,0.0
1997-11-20,1.935585169121623e-05,0.0,-96.0000000000291,0.0,-96.0000000000291,90.0
1997-11-21,1.8581617041490972e-05,0.0,-12.000000000014552,0.0,-12.000000000014552,10.0
1997-11-22,1.7838363419286907e-05,0.0,-12.000000000029104,0.0,-12.000000000029104,10.0
1997-11-23,1.7124839359894395e-05,0.0,-137.9999999999709,-0.010000000000000231,-137.9999999999709,-30.0
1997-11-24,1.6439822502434254e-05,-0.029999999998835847,-42.0,0.0,-41.970000000001164,30.0
1997-11-25,1.5782250557094812e-05,0.0,-24.0,0.0,-24.0,10.0
1997-11-26,1.5150915714912117e-05,0.0,0.0,0.0,0.0,0.0
1997-11-27,1.454488665331155e-05,0.00999999999476131,0.0,0.0,-0.00999999999476131,0.0
1997-11-28,1.3963086530566216e-05,0.0,0.0,0.0,0.0,0.0
1997-11-29,1.3404584024101496e-05,0.0,-5.999999999970896,0.0,-5.999999999970896,0.0
1997-11-30,1.2868375051766634e-05,0.0,-5.999999999970896,0.0,-5.999999999970896,0.0
1997-12-01,1.2353644706308842e-05,0.010000000009313226,0.0,0.0,-0.010000000009313226,0.0
1997-12-02,1.185949076898396e-05,-0.010000000009313226,0.0,0.0,0.010000000009313226,0.0
1997-12-03,1.13850983325392e-05,0.0,0.0,0.0,0.0,0.0
1997-12-04,1.0929725249297917e-05,0.0,0.0,0.0,0.0,0.0
1997-12-05,1.0492527508176863e-05,0.0,0.0,0.0,0.0,0.0
1997-12-06,1.0072806617245078e-05,0.0,0.0,0.0,0.0,0.0
1997-12-07,9.669922292232513e-06,0.0,0.0,0.0,0.0,0.0
1997-12-08,9.283074177801609e-06,0.0,0.0,0.0,0.0,0.0
1997-12-09,8.911796612665057e-06,0.010000000009313226,-6.0,0.0,-6.010000000009313,0.0
1997-12-10,8.555332897230983e-06,0.0,-18.0,0.0,-18.0,20.0
1997-12-11,8.213100954890251e-06,0.04999999998835847,0.0,0.0,-0.04999999998835847,0.0
1997-12-12,7.884606020525098e-06,0.0,0.0,0.0,0.0,0.0
1997-12-13,7.569178706035018e-06,0.0,0.0,0.0,0.0,0.0
1997-12-14,7.266411557793617e-06,0.0,0.0,0.0,0.0,0.0
1997-12-15,6.975751603022218e-06,0.0,-42.0,0.0,-42.0,20.0
1997-12-16,6.696907803416252e-06,-15.68999999994412,1571.9999999998836,0.0,1587.6899999998277,-10.0
1997-12-17,6.4288906287401915e-06,15.820000000006985,-78.0,0.0,-93.82000000000698,0.0
1997-12-18,6.171670975163579e-06,-0.010000000009313226,-66.0,0.0,-65.98999999999069,0.0
1997-12-19,5.9248413890600204e-06,0.0,-30.0,0.0,-30.0,10.0
1997-12-20,5.687848897650838e-06,0.0,0.0,0.0,0.0,0.0
1997-12-21,5.460315151140094e-06,0.010000000009313226,0.0,0.0,-0.010000000009313226,0.0
1997-12-22,5.241949111223221e-06,-0.01999999998952262,-6.0,0.0,-5.980000000010477,0.0
1997-12-23,5.0322560127824545e-06,0.0,-18.0,0.0,-18.0,10.0
1997-12-24,4.8309448175132275e-06,0.0,0.0,0.0,0.0,0.0
1997-12-25,4.637724487110972e-06,0.0,-6.0,0.0,-6.0,0.0
1997-12-26,4.452216671779752e-06,0.0,0.0,0.0,0.0,0.0
1997-12-27,4.274130333214998e-06,0.0,0.0,0.0,0.0,0.0
1997-12-28,4.103116225451231e-06,0.0,0.0,0.0,0.0,0.0
1997-12-29,3.939028829336166e-06,0.9199999999837019,-6.0,0.0,-6.919999999983702,20.0
1997-12-30,3.78146069124341e-06,-0.9399999999732245,-6.0,0.0,-5.0600000000267755,0.0
1997-12-31,3.630208084359765e-06,1.9099999999743886,-36.0,0.0,-37.90999999997439,30.0
1998-01-01,3.484950866550207e-06,-0.7200000000011642,-48.000000000029104,0.0,-47.28000000002794,10.0
1998-01-02,3.3455435186624527e-06,-1.1299999999755528,-36.0,-0.010000000000000009,-34.87000000002445,-10.0
1998-01-03,3.211753210052848e-06,-0.01999999998952262,-12.0,0.0,-11.980000000010477,10.0
1998-01-04,3.0832597985863686e-06,0.029999999998835847,-18.000000000029104,0.0,-18.03000000002794,10.0
1998-01-05,2.959946868941188e-06,0.06999999997788109,-36.0,0.0,-36.06999999997788,10.0
1998-01-06,2.841552486643195e-06,-0.07999999998719431,-12.000000000029104,0.0,-11.92000000004191,0.0
1998-01-07,2.72790202870965e-06,0.01999999998952262,-12.0,0.0,-12.019999999989523,10.0
1998-01-08,2.6187917683273554e-06,-0.010000000009313226,0.0,0.0,0.010000000009313226,0.0
1998-01-09,2.514017978683114e-06,0.0,-12.0,0.0,-12.0,10.0
1998-01-10,2.413464244455099e-06,-0.10999999998603016,-282.0,-0.020000000000000018,-281.89000000001397,0.0
1998-01-11,2.3169268388301134e-06,-14.269999999989523,-197.9999999999709,-0.020000000000000018,-183.72999999998137,10.0
1998-01-12,2.2242602426558733e-06,14.389999999984866,-107.9999999999709,-0.009999999999999787,-122.38999999995576,-20.0
1998-01-13,2.135231625288725e-06,-22.220000000030268,-48.0,-0.040000000000000036,-25.779999999969732,0.0
1998-01-14,2.0498409867286682e-06,18.470000000001164,-102.0,0.0,-120.47000000000116,10.0
1998-01-15,1.9678554963320494e-06,3.25,-84.0,0.0,-87.25,0.0
1998-01-16,1.8891296349465847e-06,-24.639999999984866,-132.0000000000291,0.0,-107.36000000004424,50.0
1998-01-17,1.8136342987418175e-06,26.650000000023283,234.0,0.010000000000000231,207.34999999997672,150.0
1998-01-18,1.7410493455827236e-06,-2.7600000000093132,54.0,0.0,56.76000000000931,-20.0
1998-01-19,1.6714329831302166e-06,2.669999999983702,-191.9999999999709,0.0,-194.6699999999546,0.0
1998-01-20,1.6045523807406425e-06,-1.6599999999743886,-54.0,0.0,-52.34000000002561,10.0
1998-01-21,1.5404075384140015e-06,-21.170000000012806,-180.0000000000291,-0.009999999999999787,-158.8300000000163,-40.0
1998-01-22,1.478707417845726e-06,34.84999999997672,-66.0,0.0,-100.84999999997672,30.0
1998-01-23,1.4196266420185566e-06,-22.28000000002794,546.0000000000582,0.009999999999999787,568.2800000000861,90.0
1998-01-24,1.3628741726279259e-06,11.369999999995343,-42.0,0.009999999999999787,-53.36999999999534,10.0
1998-01-25,1.308333594352007e-06,7.25,-150.0000000000582,0.0,-157.2500000000582,0.0
1998-01-26,1.2559466995298862e-06,-2.9400000000023283,-162.0000000000582,-0.009999999999999787,-159.06000000005588,-10.0
1998-01-27,1.2057134881615639e-06,-1.400000000023283,-83.9999999999709,0.0,-82.59999999994761,0.0
1998-01-28,1.1574593372642994e-06,3.25,-132.0,0.0,-135.25,20.0
1998-01-29,1.1113006621599197e-06,0.40999999997438863,-119.99999999994179,0.0,-120.40999999991618,30.0
1998-01-30,1.0667135939002037e-06,-4.510000000009313,-30.0,0.0,-25.489999999990687,0.0
1998-01-31,1.0241055861115456e-06,-1.2600000000093132,-36.0,0.0,-34.73999999999069,0.0
1998-02-01,9.831273928284645e-07,-1.3599999999860302,-162.0,-0.010000000000000231,-160.64000000001397,-150.0
1998-02-02,9.437790140509605e-07,-2.279999999998836,-95.9999999999709,0.0,-93.71999999997206,20.0
1998-02-03,9.060895536094904e-07,1.2699999999895226,-48.0,0.0,-49.26999999998952,10.0
1998-02-04,8.697970770299435e-07,1.0799999999871943,-48.0,0.0,-49.079999999987194,20.0
1998-02-05,8.350179996341467e-07,-0.41999999998370185,-30.0,0.0,-29.580000000016298,10.0
1998-02-06,8.016068022698164e-07,0.6900000000023283,-54.000000000029104,0.0,-54.69000000003143,20.0
1998-02-07,7.695052772760391e-07,-2.279999999998836,-59.999999999970896,0.0,-57.71999999997206,80.0
1998-02-08,7.387134246528149e-07,0.39000000001396984,-17.999999999970896,0.0,-18.389999999984866,10.0
1998-02-09,7.092312444001436e-07,-0.04000000000814907,-54.000000000029104,0.0,-53.960000000020955,10.0
1998-02-10,6.808550097048283e-07,0.0500000000174623,-66.0,0.0,-66.05000000001746,20.0
1998-02-11,6.536138243973255e-07,0.0,-107.9999999999709,0.0,-107.9999999999709,10.0
1998-02-12,6.274785846471786e-07,3.9099999999743886,-306.0,0.0,-309.9099999999744,30.0
1998-02-13,6.022746674716473e-07,-4.010000000009313,-60.000000000029104,-0.010000000000000231,-55.99000000001979,-110.0
1998-02-14,5.782057996839285e-07,-0.8099999999976717,-138.0,-0.010000000000000231,-137.19000000000233,-40.0
1998-02-15,5.550682544708252e-07,0.7699999999895226,-36.000000000029104,-0.010000000000000231,-36.77000000001863,-140.0
1998-02-16,5.329493433237076e-07,0.0,-53.99999999994179,0.0,-53.99999999994179,30.0
1998-02-17,5.11587131768465e-07,0.4499999999825377,-53.999999999970896,0.0,-54.449999999953434,10.0
1998-02-18,4.91156242787838e-07,-0.23999999999068677,-108.0,0.0,-107.76000000000931,30.0
1998-02-19,4.7151115722954273e-07,0.5,-90.0000000000291,-0.009999999999999787,-90.5000000000291,-70.0
1998-02-20,4.526518750935793e-07,-2.3399999999965075,-252.0000000000582,-0.010000000000000231,-249.6600000000617,0.0
1998-02-21,4.3457839637994766e-07,0.22000000003026798,-473.9999999999418,-0.020000000000000462,-474.21999999997206,-10.0
1998-02-22,4.171743057668209e-07,1.2600000000093132,-60.0,0.0,-61.26000000000931,0.0
1998-02-23,4.0043960325419903e-07,-0.029999999998835847,-102.0,-0.009999999999999787,-101.97000000000116,0.0
1998-02-24,3.844616003334522e-07,-0.139999999984866,-36.000000000029104,0.0,-35.86000000004424,10.0
1998-02-25,3.6903657019138336e-07,0.0500000000174623,-42.0,0.0,-42.05000000001746,20.0
1998-02-26,3.5433913581073284e-07,-0.04999999998835847,-36.000000000029104,-0.009999999999999787,-35.950000000040745,-10.0
1998-02-27,3.4010736271739006e-07,0.0,-23.999999999970896,-0.010000000000000231,-23.999999999970896,-60.0
1998-02-28,3.2654497772455215e-07,0.37000000005355105,-270.0,0.0,-270.37000000005355,90.0
1998-03-01,3.13448254019022e-07,7.21999999997206,-126.0,-0.009999999999999787,-133.21999999997206,-20.0
1998-03-02,3.0087539926171303e-07,-15.380000000004657,-162.0,-0.010000000000000675,-146.61999999999534,0.0
1998-03-03,2.8888462111353874e-07,7.659999999974389,-288.0,-0.009999999999999787,-295.6599999999744,-10.0
1998-03-04,2.773595042526722e-07,0.0,-95.9999999999709,0.0,-95.9999999999709,20.0
1998-03-05,2.662127371877432e-07,0.0,-36.0,0.0,-36.0,30.0
1998-03-06,2.5556073524057865e-07,0.0,-36.0,0.0,-36.0,0.0
1998-03-07,2.453452907502651e-07,0.0,-36.000000000029104,-0.009999999999999787,-36.000000000029104,-140.0
1998-03-08,2.3550819605588913e-07,0.0,-173.9999999999709,-0.010000000000000231,-173.9999999999709,-10.0
1998-03-09,2.2613676264882088e-07,1.2699999999895226,-23.999999999970896,0.0,-25.26999999996042,20.0
1998-03-10,2.1705636754631996e-07,-0.5,-30.0,-0.009999999999999787,-29.5,-110.0
1998-03-11,2.0841252990067005e-07,-0.3299999999871943,-35.999999999970896,0.0,-35.6699999999837,0.0
1998-03-12,2.0005973055958748e-07,-0.41999999998370185,-6.0,0.0,-5.580000000016298,0.0
1998-03-13,1.9202707335352898e-07,0.0,-6.0,0.0,-6.0,0.0
1998-03-14,1.84372765943408e-07,0.0,-11.999999999970896,0.0,-11.999999999970896,0.0
1998-03-15,1.7700949683785439e-07,0.07000000000698492,-12.0,0.0,-12.070000000006985,0.0
1998-03-16,1.6996636986732483e-07,0.0,-18.000000000029104,0.0,-18.000000000029104,0.0
1998-03-17,1.631269697099924e-07,0.0,-24.0,0.0,-24.0,0.0
1998-03-18,1.5660771168768406e-07,0.0,0.0,0.0,0.0,0.0
1998-03-19,1.5032128430902958e-07,0.0,0.0,0.0,0.0,0.0
1998-03-20,1.4432589523494244e-07,0.0,0.0,0.0,0.0,0.0
1998-03-21,1.385924406349659e-07,0.0,-120.0,0.0,-120.0,30.0
1998-03-22,1.3300450518727303e-07,0.5399999999790452,-348.0,-0.010000000000000231,-348.53999999997905,0.0
1998-03-23,1.2767850421369076e-07,-0.41999999998370185,-102.0,0.0,-101.5800000000163,30.0
1998-03-24,1.226144377142191e-07,-0.059999999997671694,-107.9999999999709,-0.009999999999999787,-107.93999999997322,-10.0
1998-03-25,1.1766678653657436e-07,-0.029999999998835847,-132.0,0.0,-131.97000000000116,50.0
1998-03-26,1.130392774939537e-07,0.47000000000116415,-156.0,0.0,-156.47000000000116,30.0
1998-03-27,1.0846997611224651e-07,-0.5299999999988358,-48.000000000029104,0.0,-47.47000000003027,20.0
1998-03-28,1.0410440154373646e-07,0.0,-24.0,0.0,-24.0,0.0
1998-03-29,9.994255378842354e-08,0.0,-12.000000000058208,0.0,-12.000000000058208,0.0
1998-03-30,9.601353667676449e-08,0.0,-6.000000000029104,0.0,-6.000000000029104,10.0
1998-03-31,9.21427272260189e-08,0.01999999998952262,-30.0,0.0,-30.019999999989523,10.0
1998-04-01,8.841743692755699e-08,-0.059999999997671694,0.0,0.0,0.059999999997671694,0.0
1998-04-02,8.492497727274895e-08,0.0,0.0,0.0,0.0,0.0
1998-04-03,8.149072527885437e-08,0.0,0.0,0.0,0.0,0.0
1998-04-04,7.82310962677002e-08,0.0,-6.000000000029104,0.0,-6.000000000029104,0.0
1998-04-05,7.502967491745949e-08,0.0,0.0,0.0,0.0,0.0
1998-04-06,7.211929187178612e-08,0.0,-6.000000000029104,0.0,-6.000000000029104,0.0
1998-04-07,6.915070116519928e-08,0.029999999998835847,-6.0,0.0,-6.029999999998836,20.0
1998-04-08,6.638583727180958e-08,0.0,0.0,0.0,0.0,0.0
1998-04-09,6.379559636116028e-08,0.0,-24.0,0.0,-24.0,20.0
1998-04-10,6.120535545051098e-08,0.0,-102.0,0.0,-102.0,20.0
1998-04-11,5.876063369214535e-08,0.010000000009313226,-12.0,0.0,-12.010000000009313,10.0
1998-04-12,5.643232725560665e-08,0.0,-12.0,0.0,-12.0,10.0
1998-04-13,5.4191332310438156e-08,0.0,-36.000000000029104,0.0,-36.000000000029104,10.0
1998-04-14,5.200854502618313e-08,0.0,-23.999999999970896,0.0,-23.999999999970896,10.0
1998-04-15,4.99130692332983e-08,0.0,-12.0,0.0,-12.0,0.0
1998-04-16,4.7904904931783676e-08,0.0,-12.000000000029104,0.0,-12.000000000029104,0.0
1998-04-17,4.598405212163925e-08,-0.029999999998835847,0.0,0.0,0.029999999998835847,0.0
1998-04-18,4.417961463332176e-08,-0.07999999998719431,-6.0,0.0,-5.920000000012806,0.0
1998-04-19,4.237517714500427e-08,0.0,0.0,0.0,0.0,0.0
1998-04-20,4.0658051148056984e-08,0.0,0.0,0.0,0.0,0.0
1998-04-21,3.91155481338501e-08,0.0,0.0,0.0,0.0,0.0
1998-04-22,3.754394128918648e-08,0.0,0.0,0.0,0.0,0.0
1998-04-23,3.600143827497959e-08,0.0,0.0,0.0,0.0,0.0
1998-04-24,3.4604454413056374e-08,0.0,-6.0,0.0,-6.0,10.0
1998-04-25,3.326567821204662e-08,0.0,0.0,0.0,0.0,0.0
1998-04-26,3.1868694350123405e-08,0.01999999998952262,0.0,0.0,-0.01999999998952262,0.0
1998-04-27,3.0617229640483856e-08,-0.04999999998835847,0.0,0.0,0.04999999998835847,0.0
1998-04-28,2.939486876130104e-08,0.0,0.0,0.0,0.0,0.0
1998-04-29,2.820161171257496e-08,0.0,0.0,0.0,0.0,0.0
1998-04-30,2.7095666155219078e-08,0.0,0.0,0.0,0.0,0.0
1998-05-01,2.5960616767406464e-08,0.0,0.0,0.0,0.0,0.0
1998-05-02,2.4941982701420784e-08,0.0,-6.0,0.0,-6.0,0.0
1998-05-03,2.3952452465891838e-08,-0.029999999998835847,0.0,0.0,0.029999999998835847,0.0
1998-05-04,2.2992026060819626e-08,0.029999999998835847,0.0,0.0,-0.029999999998835847,0.0
1998-05-05,2.208980731666088e-08,0.0,0.0,0.0,0.0,0.0
1998-05-06,2.1187588572502136e-08,0.0,0.0,0.0,0.0,0.0
1998-05-07,2.034357748925686e-08,0.0,0.0,0.0,0.0,0.0
1998-05-08,1.9528670236468315e-08,0.0,0.0,0.0,0.0,0.0
1998-05-09,1.8742866814136505e-08,0.0,0.0,0.0,0.0,0.0
1998-05-10,1.798616722226143e-08,-0.029999999998835847,0.0,0.0,0.029999999998835847,0.0
1998-05-11,1.7273123376071453e-08,0.0,0.0,0.0,0.0,0.0
1998-05-12,1.6574631445109844e-08,0.0,0.0,0.0,0.0,0.0
1998-05-13,1.5934347175061703e-08,0.0,-6.000000000014552,0.0,-6.000000000014552,0.0
1998-05-14,1.5264959074556828e-08,0.0,-30.0,0.0,-30.0,40.0
1998-05-15,1.465377863496542e-08,0.0,0.0,0.0,0.0,0.0
1998-05-16,1.4071702025830746e-08,0.0,-47.99999999998545,0.0,-47.99999999998545,10.0
1998-05-17,1.3518729247152805e-08,-0.020000000004074536,-48.0,0.0,-47.979999999995925,10.0
1998-05-18,1.2980308383703232e-08,0.0,-18.0,0.0,-18.0,0.0
1998-05-19,1.2456439435482025e-08,0.04000000000814907,-90.0,-0.010000000000000009,-90.04000000000815,-80.0
1998-05-20,1.1961674317717552e-08,0.0,-137.9999999999709,0.0,-137.9999999999709,50.0
1998-05-21,1.146690919995308e-08,0.0,-24.0,-0.010000000000000009,-24.0,-150.0
1998-05-22,1.1030351743102074e-08,0.0,-12.0,0.0,-12.0,0.0
1998-05-23,1.0593794286251068e-08,0.010000000009313226,0.0,0.0,-0.010000000009313226,0.0
1998-05-24,1.0157236829400063e-08,0.0,-138.0,0.0,-138.0,20.0
1998-05-25,9.778887033462524e-09,0.0,-24.0,0.0,-24.0,10.0
1998-05-26,9.371433407068253e-09,0.0,-17.999999999970896,0.0,-17.999999999970896,20.0
1998-05-27,8.96397978067398e-09,0.0,0.0,0.0,0.0,0.0
1998-05-28,8.614733815193176e-09,0.0,-6.0,0.0,-6.0,0.0
1998-05-29,8.265487849712372e-09,-0.07999999998719431,-402.0,-0.009999999999999787,-401.9200000000128,10.0
1998-05-30,8.003553375601768e-09,0.07000000000698492,-102.0000000000291,0.0,-102.07000000003609,40.0
1998-05-31,7.62520357966423e-09,0.0,-12.0,-0.010000000000000009,-12.0,-140.0
1998-06-01,7.30506144464016e-09,0.0,-5.999999999970896,0.0,-5.999999999970896,0.0
1998-06-02,7.0140231400728226e-09,0.010000000009313226,-6.0,0.0,-6.010000000009313,0.0
1998-06-03,6.752088665962219e-09,0.0,0.0,0.0,0.0,0.0
1998-06-04,6.4319465309381485e-09,0.0,0.0,0.0,0.0,0.0
1998-06-05,6.199115887284279e-09,0.0,0.0,0.0,0.0,0.0
1998-06-06,5.995389074087143e-09,0.0,0.0,0.0,0.0,0.0
1998-06-07,5.762558430433273e-09,0.0,0.0,0.0,0.0,0.0
1998-06-08,5.529727786779404e-09,0.0,0.0,0.0,0.0,0.0
1998-06-09,5.2677933126688e-09,0.0,0.0,0.0,0.0,0.0
1998-06-10,5.0640664994716644e-09,0.0,0.0,0.0,0.0,0.0
1998-06-11,4.889443516731262e-09,0.0,0.0,0.0,0.0,0.0
1998-06-12,4.685716703534126e-09,0.0,0.0,0.0,0.0,0.0
1998-06-13,4.496541805565357e-09,0.0,0.0,0.0,0.0,0.0
1998-06-14,4.307366907596588e-09,0.0,0.0,0.0,0.0,0.0
1998-06-15,4.1763996705412865e-09,0.0,0.0,0.0,0.0,0.0
1998-06-16,4.001776687800884e-09,0.0,0.0,0.0,0.0,0.0
1998-06-17,3.812601789832115e-09,0.0,0.0,0.0,0.0,0.0
1998-06-18,3.6816345527768135e-09,0.0,0.0,0.0,0.0,0.0
1998-06-19,4.2767831473611295e-05,0.0,0.0,0.0,0.0,0.0
1998-06-20,8.728880493436009e-05,0.0,0.0,0.0,0.0,0.0
1998-06-21,9.974720887839794e-05,0.029999999998835847,0.0,0.0,-0.029999999998835847,0.0
1998-06-22,0.000102807636721991,0.029999999998835847,0.0,0.0,-0.029999999998835847,0.0
1998-06-23,0.00010107626440003514,0.0,0.0,0.0,0.0,0.0
1998-06-24,9.703314572107047e-05,0.0,0.0,0.0,0.0,0.0
1998-06-25,9.315187344327569e-05,-0.010000000009313226,-18.0,0.0,-17.989999999990687,0.0
1998-06-26,8.94258264452219e-05,0.029999999998835847,0.0,0.0,-0.029999999998835847,0.0
1998-06-27,8.584879105910659e-05,0.0,0.0,0.0,0.0,0.0
1998-06-28,8.241480099968612e-05,0.0,0.0,0.0,0.0,0.0
1998-06-29,7.911823922768235e-05,0.00999999999476131,0.0,0.0,-0.00999999999476131,0.0
1998-06-30,7.595351780764759e-05,0.0,0.0,0.0,0.0,0.0
1998-07-01,7.291535439435393e-05,0.0,0.0,0.0,0.0,0.0
1998-07-02,6.999872857704759e-05,-0.010000000009313226,0.0,0.0,0.010000000009313226,0.0
1998-07-03,6.317664519883692e-05,0.020000000004074536,0.0,0.0,-0.020000000004074536,0.0
1998-07-04,5.429271550383419e-05,-0.11999999999534339,0.0,0.0,0.11999999999534339,0.0
1998-07-05,4.98094450449571e-05,0.08000000000174623,0.0,0.0,-0.08000000000174623,0.0
1998-07-06,4.319389699958265e-05,0.0,0.0,0.0,0.0,0.0
1998-07-07,3.9154518162831664e-05,0.0,0.0,0.0,0.0,0.0
1998-07-08,3.6432567867450416e-05,0.0,0.0,0.0,0.0,0.0
1998-07-09,3.254806506447494e-05,0.0,0.0,0.0,0.0,0.0
1998-07-10,3.1130577553994954e-05,-0.020000000004074536,0.0,0.0,0.020000000004074536,0.0
1998-07-11,3.000095603056252e-05,-0.00999999999476131,0.0,0.0,0.00999999999476131,0.0
1998-07-12,2.880091778934002e-05,0.0,0.0,0.0,0.0,0.0
1998-07-13,2.7648857212625444e-05,0.0,0.0,0.0,0.0,0.0
1998-07-14,2.6542911655269563e-05,0.0,0.0,0.0,0.0,0.0
1998-07-15,2.548118936829269e-05,0.0,0.0,0.0,0.0,0.0
1998-07-16,2.4461973225697875e-05,0.0,0.0,0.0,0.0,0.0
1998-07-17,2.348347334191203e-05,0.0,0.0,0.0,0.0,0.0
1998-07-18,2.254414721392095e-05,0.0,0.0,0.0,0.0,0.0
1998-07-19,2.1642379579134285e-05,0.0,0.0,0.0,0.0,0.0
1998-07-20,2.077668614219874e-05,0.0,-0.6000000000058208,0.0,-0.6000000000058208,0.0
1998-07-21,1.994562626350671e-05,0.0,0.0,0.0,0.0,0.0
1998-07-22,1.9147817511111498e-05,0.0,0.0,0.0,0.0,0.0
1998-07-23,1.8381892004981637e-05,0.0,0.0,0.0,0.0,0.0
1998-07-24,1.7646627384237945e-05,0.0,0.0,0.0,0.0,0.0
1998-07-25,1.694076490821317e-05,0.0,0.0,0.0,0.0,0.0
1998-07-26,1.6263140423689038e-05,0.0,0.0,0.0,0.0,0.0
1998-07-27,1.561260432936251e-05,0.0,0.0,0.0,0.0,0.0
1998-07-28,1.4988101611379534e-05,0.010000000002037268,0.0,0.0,-0.010000000002037268,0.0
1998-07-29,1.4388577255886048e-05,0.0,0.0,0.0,0.0,0.0
1998-07-30,1.381303445668891e-05,0.010000000002037268,0.0,0.0,-0.010000000002037268,0.0
1998-07-31,1.3260527339298278e-05,0.0,0.0,0.0,0.0,0.0
1998-08-01,1.2730088201351464e-05,0.0,0.0,0.0,0.0,0.0
1998-08-02,1.2220894859638065e-05,0.010000000002037268,0.0,0.0,-0.010000000002037268,0.0
1998-08-03,1.1732059647329152e-05,0.01999999999679858,-0.5999999999985448,0.0,-0.6199999999953434,0.0
1998-08-04,1.1262774933129549e-05,0.0,0.0,0.0,0.0,0.0
1998-08-05,1.081226218957454e-05,0.0,0.0,0.0,0.0,0.0
1998-08-06,1.0379786544945091e-05,0.0,0.0,0.0,0.0,0.0
1998-08-07,9.964584023691714e-06,0.0,0.0,0.0,0.0,0.0
1998-08-08,9.566007065586746e-06,-0.020000000004074536,0.0,0.0,0.020000000004074536,0.0
1998-08-09,9.183371730614454e-06,0.0,-0.5999999999985448,0.0,-0.5999999999985448,0.0
1998-08-10,8.816030458547175e-06,0.0,0.0,0.0,0.0,0.0
1998-08-11,8.463393896818161e-06,0.0,0.0,0.0,0.0,0.0
1998-08-12,8.124858140945435e-06,0.0,0.0,0.0,0.0,0.0
1998-08-13,7.79985566623509e-06,0.0,0.0,0.0,0.0,0.0
1998-08-14,7.487869879696518e-06,0.0,0.0,0.0,0.0,0.0
1998-08-15,7.188340532593429e-06,0.0,0.0,0.0,0.0,0.0
1998-08-16,6.9008092395961285e-06,0.0,0.0,0.0,0.0,0.0
1998-08-17,6.624773959629238e-06,0.0,0.0,0.0,0.0,0.0
1998-08-18,6.359783583320677e-06,0.0,0.0,0.0,0.0,0.0
1998-08-19,6.105394277255982e-06,0.0,0.0,0.0,0.0,0.0
1998-08-20,5.8611767599359155e-06,0.0,0.0,0.0,0.0,0.0
1998-08-21,5.626730853691697e-06,0.0,0.0,0.0,0.0,0.0
1998-08-22,5.401656380854547e-06,0.0,0.0,0.0,0.0,0.0
1998-08-23,5.18559681950137e-06,0.0,0.0,0.0,0.0,0.0
1998-08-24,4.978173819836229e-06,0.0,0.0,0.0,0.0,0.0
1998-08-25,4.779045411851257e-06,0.0,0.0,0.0,0.0,0.0
1998-08-26,4.587898729369044e-06,0.0,0.0,0.0,0.0,0.0
1998-08-27,4.404377250466496e-06,0.0,0.0,0.0,0.0,0.0
1998-08-28,7.131805614335462e-05,0.0,0.0,0.0,0.0,0.0
1998-08-29,0.0003834959861706011,0.0,0.0,0.0,0.0,0.0
1998-08-30,0.00048169283036259003,0.0,0.0,0.0,0.0,0.0
1998-08-31,0.0005032624139857944,0.0,0.0,0.0,0.0,0.0
1998-09-01,0.0004978176511940546,0.0,0.0,0.0,0.0,0.0
1998-09-02,0.00048315769163309596,0.0,0.0,0.0,0.0,0.0
1998-09-03,0.0004657060962927062,0.0,0.0,0.0,0.0,0.0
1998-09-04,0.0004476872709346935,0.0,0.0,0.0,0.0,0.0
1998-09-05,0.00042991475129383616,0.00999999999839929,0.0,0.0,-0.00999999999839929,0.0
1998-09-06,0.0004127181637159083,0.0,0.0,0.0,0.0,0.0
1998-09-07,0.0003962094306189101,0.0,0.0,0.0,0.0,0.0
1998-09-08,0.0003803610597969964,0.0,0.0,0.0,0.0,0.0
1998-09-09,0.00036514661042019725,0.0,0.0,0.0,0.0,0.0
1998-09-10,0.00035054075124207884,0.0,0.0,0.0,0.0,0.0
1998-09-11,0.0003365191150805913,0.0,0.0,0.0,0.0,0.0
1998-09-12,0.0003230583570257295,0.010000000002037268,0.0,0.0,-0.010000000002037268,0.0
1998-09-13,0.00031013601619633846,0.0,0.6000000000021828,0.0,0.6000000000021828,0.0
1998-09-14,0.00029773058122373186,0.0,0.0,0.0,0.0,0.0
1998-09-15,0.00028582135564647615,0.0,0.0,0.0,0.0,0.0
1998-09-16,0.00027438849792815745,0.0,0.0,0.0,0.0,0.0
1998-09-17,0.00026341296324972063,0.0,0.0,0.0,0.0,0.0
1998-09-18,0.00025287645985372365,-0.07000000000698492,1383.5999999999913,0.040000000000000036,1383.6699999999983,10.0
1998-09-19,0.00024276138719869778,0.040000000000873115,-5.400000000001455,0.0,-5.440000000002328,0.0
1998-09-20,0.00023305093054659665,0.0,0.0,0.0,0.0,0.0
1998-09-21,0.0002237288972537499,0.0,0.0,0.0,0.0,0.0
1998-09-22,0.000214779738598736,0.0,0.0,0.0,0.0,0.0
1998-09-23,0.00020618854614440352,0.0,0.0,0.0,0.0,0.0
1998-09-24,0.00019794100444414653,0.0,0.0,0.0,0.0,0.0
1998-09-25,0.00019002336557605304,0.0,0.0,0.0,0.0,0.0
1998-09-26,0.0001831207555369474,0.0,0.0,0.0,0.0,0.0
1998-09-27,0.0001757959180395119,0.0,0.0,0.0,0.0,0.0
1998-09-28,0.00016876408335519955,0.0,0.0,0.0,0.0,0.0
1998-09-29,0.0001620135190023575,0.0,0.0,0.0,0.0,0.0
1998-09-30,0.00015553297998849303,0.00999999999839929,0.0,0.0,-0.00999999999839929,0.0
1998-10-01,0.00014931166515452787,0.0,0.0,0.0,0.0,0.0
1998-10-02,0.00014333919898490421,0.0,0.0,0.0,0.0,0.0
1998-10-03,0.00013760562796960585,0.00999999999839929,0.0,0.0,-0.00999999999839929,0.0
1998-10-04,0.00013210140241426416,0.0,0.0,0.0,0.0,0.0
1998-10-05,0.00012681735097430646,0.010000000002037268,0.0,0.0,-0.010000000002037268,0.0
1998-10-06,0.00012174465518910438,0.0,0.0,0.0,0.0,0.0
1998-10-07,0.00011687486403388903,0.0,0.0,0.0,0.0,0.0
1998-10-08,0.0001121998720918782,0.0,0.0,0.0,0.0,0.0
1998-10-09,0.00010771188681246713,0.0,0.0,0.0,0.0,0.0
1998-10-10,0.00010340340304537676,0.0,0.0,0.0,0.0,0.0
1998-10-11,9.926727216225117e-05,0.0,0.0,0.0,0.0,0.0
1998-10-12,9.52965856413357e-05,0.0,0.0,0.0,0.0,0.0
1998-10-13,9.148471872322261e-05,0.0,0.0,0.0,0.0,0.0
1998-10-14,8.782533404882997e-05,0.0,0.0,0.0,0.0,0.0
1998-10-15,8.431231617578305e-05,0.0,0.0,0.0,0.0,0.0
1998-10-16,8.093982614809647e-05,0.0,0.0,0.0,0.0,0.0
1998-10-17,7.770223237457685e-05,0.0,0.0,0.0,0.0,0.0
1998-10-18,7.637849193997681e-05,-0.010000000002037268,0.0,0.0,0.010000000002037268,0.0
1998-10-19,7.332335371756926e-05,0.0,0.0,0.0,0.0,0.0
1998-10-20,7.039041520329192e-05,0.0,0.0,0.0,0.0,0.0
1998-10-21,6.757480150554329e-05,0.0,0.0,0.0,0.0,0.0
1998-10-22,6.487180507974699e-05,0.0,0.0,0.0,0.0,0.0
1998-10-23,6.227692938409746e-05,0.0,0.0,0.0,0.0,0.0
1998-10-24,5.978584522381425e-05,-0.010000000002037268,0.0,0.0,0.010000000002037268,0.0
1998-10-25,5.739441985497251e-05,0.0,0.0,0.0,0.0,0.0
1998-10-26,5.972182407276705e-05,-0.030000000006111804,0.0,0.0,0.030000000006111804,0.0
1998-10-27,6.311191100394353e-05,0.0,0.0,0.0,0.0,0.0
1998-10-28,6.405480962712318e-05,-0.01999999999679858,0.0,0.0,0.01999999999679858,0.0
1998-10-29,6.26484106760472e-05,-0.010000000002037268,0.0,0.0,0.010000000002037268,0.0
1998-10-30,6.014245445840061e-05,0.0,0.0,0.0,0.0,0.0
1998-10-31,5.773676821263507e-05,0.0,0.0,0.0,0.0,0.0
1998-11-01,5.542730650631711e-05,0.0,0.0,0.0,0.0,0.0
1998-11-02,5.3210213081911206e-05,0.0,0.0,0.0,0.0,0.0
1998-11-03,5.1081806304864585e-05,0.0,0.0,0.0,0.0,0.0
1998-11-04,4.9038520955946296e-05,0.0,0.0,0.0,0.0,0.0
1998-11-05,4.707698826678097e-05,0.0,0.5999999999985448,0.0,0.5999999999985448,0.0
1998-11-06,4.5193904952611774e-05,0.0,0.0,0.0,0.0,0.0
1998-11-07,4.454194277059287e-05,0.0,0.0,0.0,0.0,0.0
1998-11-08,4.391605034470558e-05,0.0,0.0,0.0,0.0,0.0
1998-11-09,4.215940134599805e-05,0.0,0.0,0.0,0.0,0.0
1998-11-10,4.04730235459283e-05,0.030000000006111804,0.0,0.0,-0.030000000006111804,0.0
1998-11-11,3.885410842485726e-05,0.0,0.0,0.0,0.0,0.0
1998-11-12,3.729993477463722e-05,0.0,0.0,0.0,0.0,0.0
1998-11-13,3.5807941458188e-05,0.0,0.0,0.0,0.0,0.0
1998-11-14,3.4375625546090305e-05,0.0,0.0,0.0,0.0,0.0
1998-11-15,3.300060052424669e-05,0.0,0.0,0.0,0.0,0.0
1998-11-16,3.168056719005108e-05,0.0,0.0,0.0,0.0,0.0
1998-11-17,3.041332820430398e-05,-0.029999999998835847,0.0,0.0,0.029999999998835847,0.0
1998-11-18,2.919680264312774e-05,0.0,0.0,0.0,0.0,0.0
1998-11-19,2.8028938686475158e-05,0.0,-1.2000000000116415,0.0,-1.2000000000116415,0.0
1998-11-20,2.6907713618129492e-05,-74.13000000000466,1314.0,0.009999999999999787,1388.1300000000047,0.0
1998-11-21,2.583145396783948e-05,46.26000000000931,696.0,0.0,649.7399999999907,10.0
1998-11-22,2.479820977896452e-05,27.60999999998603,-30.0,0.010000000000000231,-57.60999999998603,0.0
1998-11-23,2.3806278477422893e-05,0.0,-23.999999999985448,0.0,-23.999999999985448,0.0
1998-11-24,2.2854015696793795e-05,0.0,-60.00000000001455,0.0,-60.00000000001455,10.0
1998-11-25,2.193986438214779e-05,-1.1400000000139698,108.0000000000291,0.0,109.14000000004307,-10.0
1998-11-26,2.106226747855544e-05,1.1400000000139698,-36.0,0.0,-37.14000000001397,0.0
1998-11-27,2.021979889832437e-05,0.0,-6.0,0.0,-6.0,0.0
1998-11-28,1.9410974346101284e-05,0.020000000004074536,-6.0,0.0,-6.0200000000040745,0.0
1998-11-29,1.8634571461007e-05,0.010000000009313226,-18.000000000029104,0.0,-18.010000000038417,10.0
1998-11-30,1.7889193259179592e-05,0.010000000009313226,-29.999999999970896,0.0,-30.00999999998021,20.0
1998-12-01,1.717361737973988e-05,-0.10999999998603016,144.0000000000291,0.0,144.11000000001513,10.0
1998-12-02,1.6486505046486855e-05,-26.680000000051223,210.0,-0.09999999999999964,236.68000000005122,10.0
1998-12-03,1.582718687132001e-05,26.669999999983702,17.999999999970896,0.0,-8.670000000012806,0.0
1998-12-04,1.5194062143564224e-05,-0.059999999997671694,-71.9999999999709,-0.010000000000000009,-71.93999999997322,-50.0
1998-12-05,1.4586345059797168e-05,-116.13999999998487,-174.0000000000291,-0.020000000000000018,-57.86000000004424,0.0
1998-12-06,1.4002900570631027e-05,89.26999999998952,-102.0000000000291,-0.009999999999999787,-191.27000000001863,20.0
1998-12-07,1.3442739145830274e-05,-76.69999999998254,-240.0,-0.020000000000000018,-163.30000000001746,-10.0
1998-12-08,1.2905074981972575e-05,103.64999999999418,78.0,0.0,-25.64999999999418,0.0
1998-12-09,1.2388831237331033e-05,0.01999999998952262,-12.0,0.0,-12.019999999989523,10.0
1998-12-10,1.1893280316144228e-05,-0.07999999998719431,-42.000000000029104,-0.010000000000000231,-41.92000000004191,-50.0
1998-12-11,-0.000988582381978631,-24.87000000005355,828.0,0.009999999999999787,852.8700000000536,0.0
1998-12-12,0.0010109608992934227,25.62000000005355,-132.0,0.009999999999999787,-157.62000000005355,0.0
1998-12-13,1.0522431693971157e-05,-0.029999999998835847,-96.0,-0.010000000000000231,-95.97000000000116,-40.0
1998-12-14,1.0101561201736331e-05,-0.7799999999988358,-24.0,0.0,-23.220000000001164,40.0
1998-12-15,9.697512723505497e-06,-0.04000000000814907,-18.0,0.0,-17.95999999999185,0.0
1998-12-16,9.309587767347693e-06,-0.10999999998603016,-42.0,0.0,-41.89000000001397,30.0
1998-12-17,8.937175152823329e-06,0.0,-18.0,0.0,-18.0,0.0
1998-12-18,8.579692803323269e-06,0.0,-12.0,0.0,-12.0,0.0
1998-12-19,8.236500434577465e-06,-0.029999999998835847,-18.000000000029104,0.0,-17.970000000030268,0.0
1998-12-20,7.907103281468153e-06,0.0,-6.0,0.0,-6.0,0.0
1998-12-21,7.590744644403458e-06,0.0,-11.999999999970896,0.0,-11.999999999970896,0.0
1998-12-22,7.287162588909268e-06,0.0,0.0,0.0,0.0,0.0
1998-12-23,6.99568772688508e-06,0.0,0.0,0.0,0.0,0.0
1998-12-24,6.715912604704499e-06,0.0,-12.0,0.0,-12.0,0.0
1998-12-25,6.447226041927934e-06,0.11999999999534339,0.0,0.0,-0.11999999999534339,0.0
1998-12-26,6.189337000250816e-06,-0.6900000000023283,258.0,0.0,258.6900000000023,-90.0
1998-12-27,5.941838026046753e-06,-101.25,1230.0000000002328,0.0,1331.2500000002328,-90.0
1998-12-28,5.704117938876152e-06,7.629999999888241,1740.0,0.10000000000000142,1732.3700000001118,0.0
1998-12-29,5.475827492773533e-06,88.11999999999534,522.0000000001164,0.09999999999999787,433.8800000001211,0.0
1998-12-30,0.0010052568395622075,14.0,-258.0,0.0,-272.0,0.0
1998-12-31,5.046604201197624e-06,-8.81000000005588,-216.0,-0.009999999999999787,-207.18999999994412,0.0
1999-01-01,4.844681825488806e-06,-0.09999999997671694,-42.00000000005821,0.0,-41.90000000008149,0.0
1999-01-02,4.650908522307873e-06,0.04999999998835847,-60.0,0.0,-60.04999999998836,0.0
1999-01-03,4.464964149519801e-06,0.27999999999883585,-30.0,0.0,-30.279999999998836,0.0
1999-01-04,4.286295734345913e-06,-0.22999999998137355,-18.0,0.0,-17.770000000018626,0.0
1999-01-05,4.114845069125295e-06,0.08000000001629815,-18.0,0.0,-18.080000000016298,0.0
1999-01-06,3.950262907892466e-06,-0.10999999998603016,-12.0,0.0,-11.89000000001397,0.0
1999-01-07,3.7922291085124016e-06,0.11000000001513399,-12.0,0.0,-12.110000000015134,10.0
1999-01-08,3.640598151832819e-06,-0.06999999997788109,-6.0,0.0,-5.930000000022119,0.0
1999-01-09,3.494933480396867e-06,0.0,0.0,0.0,0.0,0.0
1999-01-10,3.355147782713175e-06,0.0,-6.0,0.0,-6.0,0.0
1999-01-11,3.2209500204771757e-06,0.04000000000814907,-60.000000000029104,0.0,-60.04000000003725,60.0
1999-01-12,3.0921364668756723e-06,0.11000000001513399,-48.0,-0.009999999999999787,-48.110000000015134,-150.0
1999-01-13,2.9684160836040974e-06,-0.010000000009313226,-12.0,0.0,-11.989999999990687,0.0
1999-01-14,2.8496142476797104e-06,-0.04999999998835847,-306.0,-0.020000000000000018,-305.95000000001164,-20.0
1999-01-15,2.735643647611141e-06,0.09000000002561137,-210.0000000000291,-0.009999999999999787,-210.09000000005472,-10.0
1999-01-16,0.010002626164350659,-0.9600000000209548,-342.0,-0.009999999999999787,-341.03999999997905,0.0
1999-01-17,2.5210902094841003e-06,-23.87999999988824,156.0,-0.09999999999999787,179.87999999988824,-20.0
1999-01-18,2.4203909561038017e-06,24.21999999997206,-576.0000000000582,-0.020000000000000462,-600.2200000000303,0.0
1999-01-19,2.3235916160047054e-06,0.6900000000023283,-467.9999999999418,-0.019999999999999574,-468.6899999999441,-20.0
1999-01-20,2.230633981525898e-06,-8.930000000051223,-528.0,0.0,-519.0699999999488,20.0
1999-01-21,2.141343429684639e-06,6.150000000023283,-630.0000000000582,-0.019999999999999574,-636.1500000000815,10.0
1999-01-22,2.055778168141842e-06,-2.1800000000512227,-395.9999999998836,0.0,-393.81999999983236,40.0
1999-01-23,1.973472535610199e-06,4.46999999997206,-204.0000000000582,-0.010000000000000675,-208.47000000003027,-30.0
1999-01-24,1.8944847397506237e-06,0.030000000027939677,-59.99999999994179,0.0,-60.02999999996973,10.0
1999-01-25,1.8187274690717459e-06,0.0,-47.99999999994179,0.0,-47.99999999994179,0.0
1999-01-26,1.7459678929299116e-06,0.0,-66.0,-0.009999999999999787,-66.0,0.0
1999-01-27,1.6761769074946642e-06,0.059999999997671694,-29.999999999970896,-0.009999999999999787,-30.059999999968568,-50.0
1999-01-28,1.6091507859528065e-06,0.10999999998603016,-36.00000000005821,0.0,-36.11000000004424,20.0
1999-01-29,1.5448022168129683e-06,0.3800000000046566,-66.0000000000291,-0.010000000000000231,-66.38000000003376,-90.0
1999-01-30,1.4830147847533226e-06,-0.12999999997555278,-96.0,-0.009999999999999787,-95.87000000002445,-130.0
1999-01-31,1.4236138667911291e-06,-0.20000000001164153,-89.9999999999709,0.0,-89.79999999995925,20.0
1999-02-01,1.3666576705873013e-06,0.0,-66.0,0.0,-66.0,30.0
1999-02-02,1.3120588846504688e-06,0.0,-264.0,0.0,-264.0,20.0
1999-02-03,1.2594973668456078e-06,-0.11999999999534339,-150.0,0.0,-149.88000000000466,30.0
1999-02-04,1.2091768439859152e-06,0.4400000000023283,-42.0,0.0,-42.44000000000233,20.0
1999-02-05,1.160777173936367e-06,-0.35999999998603016,-168.0,-0.009999999999999787,-167.64000000001397,0.0
1999-02-06,1.114443875849247e-06,-355.19000000006054,593.9999999998836,0.0,949.1899999999441,20.0
1999-02-07,1.069856807589531e-06,347.96999999997206,-60.0,-0.020000000000000462,-407.96999999997206,20.0
1999-02-08,1.0269577614963055e-06,3.6900000000023283,-378.0000000000582,-0.009999999999999787,-381.69000000006054,0.0
1999-02-09,9.85921360552311e-07,4.440000000002328,-162.0,0.0,-166.44000000000233,30.0
1999-02-10,9.4645656645298e-07,0.0,-102.0,0.0,-102.0,30.0
1999-02-11,9.085924830287695e-07,0.0,-90.0,0.0,-90.0,20.0
1999-02-12,8.723000064492226e-07,0.010000000009313226,-78.0,0.0,-78.01000000000931,30.0
1999-02-13,8.374045137315989e-07,-0.01999999998952262,-17.999999999970896,0.0,-17.979999999981374,0.0
1999-02-14,8.038477972149849e-07,0.0,-18.000000000029104,0.0,-18.000000000029104,10.0
1999-02-15,7.717171683907509e-07,0.0,-101.9999999999709,-0.010000000000000231,-101.9999999999709,-150.0
1999-02-16,7.408671081066132e-07,0.07999999998719431,-186.0000000000291,-0.009999999999999787,-186.0800000000163,-20.0
1999-02-17,7.112976163625717e-07,-0.029999999969732016,-180.0,-0.010000000000000231,-179.97000000003027,-20.0
1999-02-18,6.827758625149727e-07,-3.4699999999720603,-624.0,-0.02000000000000135,-620.5300000000279,0.0
1999-02-19,6.554764695465565e-07,3.320000000006985,-270.0,-0.03000000000000025,-273.320000000007,0.0
1999-02-20,6.292248144745827e-07,-0.1300000000046566,-168.0,-0.020000000000000018,-167.86999999999534,0.0
1999-02-21,6.040791049599648e-07,0.9599999999918509,-36.000000000029104,-0.009999999999999787,-36.960000000020955,-60.0
1999-02-22,5.799229256808758e-07,9.309999999997672,-66.0,0.0,-75.30999999999767,0.0
1999-02-23,5.568144842982292e-07,-18.06000000005588,-150.0,0.0,-131.93999999994412,20.0
1999-02-24,5.345791578292847e-07,-2.0600000000558794,-258.0,-0.019999999999999574,-255.93999999994412,0.0
1999-02-25,5.131587386131287e-07,10.03000000002794,-216.0,-0.009999999999999787,-226.03000000002794,0.0
1999-02-26,4.925532266497612e-07,-0.3800000000046566,-318.0,-0.02999999999999936,-317.61999999999534,0.0
1999-02-27,4.731118679046631e-07,-47.62999999988824,1260.0,0.0,1307.6299999998882,0.0
1999-02-28,4.541361704468727e-07,-41.06000000005588,270.00000000023283,0.0,311.0600000002887,0.0
1999-03-01,4.358007572591305e-07,82.90000000002328,-185.9999999999418,-0.009999999999999787,-268.8999999999651,0.0
1999-03-02,4.1833845898509026e-07,-2.1599999999743886,-240.0,-0.009999999999999787,-237.8400000000256,0.0
1999-03-03,4.0174927562475204e-07,-29.25,-138.0,0.0,-108.75,20.0
1999-03-04,3.855675458908081e-07,36.13000000000466,-215.9999999999418,-0.009999999999999787,-252.12999999994645,0.0
1999-03-05,3.7014251574873924e-07,0.9000000000232831,-101.99999999994179,-0.009999999999999787,-102.89999999996508,-50.0
1999-03-06,3.553577698767185e-07,-0.029999999969732016,-96.0,0.0,-95.97000000003027,0.0
1999-03-07,3.4112599678337574e-07,0.029999999998835847,-17.999999999970896,0.0,-18.029999999969732,0.0
1999-03-08,3.2747630029916763e-07,0.0,-120.0,0.0,-120.0,30.0
1999-03-09,3.1437957659363747e-07,0.029999999998835847,-24.0,0.0,-24.029999999998836,0.0
1999-03-10,3.0177761800587177e-07,0.0,-24.000000000058208,0.0,-24.000000000058208,0.0
1999-03-11,2.897868398576975e-07,-0.029999999998835847,-6.0,0.0,-5.970000000001164,0.0
1999-03-12,2.78145307675004e-07,0.0,-101.9999999999709,0.0,-101.9999999999709,30.0
1999-03-13,2.6702764444053173e-07,1.8100000000267755,-89.9999999999709,-0.010000000000000231,-91.80999999999767,-80.0
1999-03-14,2.5634653866291046e-07,-1.6099999999860302,-78.0,-0.009999999999999787,-76.39000000001397,-110.0
1999-03-15,2.461019903421402e-07,-0.139999999984866,-30.0,0.0,-29.860000000015134,10.0
1999-03-16,2.3629399947822094e-07,0.0,-30.0,0.0,-30.0,0.0
1999-03-17,2.2683525457978249e-07,0.0,-6.000000000029104,0.0,-6.000000000029104,0.0
1999-03-18,2.1772575564682484e-07,0.0,0.0,0.0,0.0,0.0
1999-03-19,2.0902371034026146e-07,0.2600000000093132,0.0,0.0,-0.2600000000093132,0.0
1999-03-20,2.0067091099917889e-07,-0.3699999999953434,0.0,0.0,0.3699999999953434,0.0
1999-03-21,1.9266735762357712e-07,0.0,0.0,0.0,0.0,0.0
1999-03-22,1.8492573872208595e-07,0.0,-6.0,0.0,-6.0,0.0
1999-03-23,1.7750426195561886e-07,0.0,0.0,0.0,0.0,0.0
1999-03-24,1.7043203115463257e-07,0.0,0.0,0.0,0.0,0.0
1999-03-25,1.6359263099730015e-07,-0.04999999998835847,-6.0,0.0,-5.9500000000116415,10.0
1999-03-26,1.570733729749918e-07,0.17000000001280569,-36.000000000029104,0.0,-36.17000000004191,20.0
1999-03-27,1.5081604942679405e-07,-0.14000000001396984,-48.000000000029104,0.0,-47.860000000015134,10.0
1999-03-28,1.4476245269179344e-07,-0.04999999998835847,-156.0,-0.009999999999999787,-155.95000000001164,-10.0
1999-03-29,1.389416866004467e-07,1.9099999999743886,-318.0000000000582,-0.009999999999999787,-319.9100000000326,-10.0
1999-03-30,1.3338285498321056e-07,-1.9700000000011642,-102.0,0.0,-100.02999999999884,20.0
1999-03-31,1.2802775017917156e-07,-0.14999999999417923,-66.0,0.0,-65.85000000000582,30.0
1999-04-01,1.2293457984924316e-07,0.0,-48.0,-0.010000000000000231,-48.0,-100.0
1999-04-02,1.1798692867159843e-07,0.010000000009313226,-83.9999999999709,-0.009999999999999787,-84.00999999998021,-30.0
1999-04-03,1.1324300430715084e-07,-0.01999999998952262,-132.0,0.0,-131.98000000001048,20.0
1999-04-04,1.0873191058635712e-07,0.010000000009313226,-108.00000000005821,-0.010000000000000231,-108.01000000006752,-50.0
1999-04-05,1.043954398483038e-07,-0.029999999998835847,-42.0,0.0,-41.970000000001164,30.0
1999-04-06,1.0020448826253414e-07,0.0,-6.000000000029104,0.0,-6.000000000029104,0.0
1999-04-07,9.624636732041836e-08,0.0,-6.0,0.0,-6.0,0.0
1999-04-08,9.237555786967278e-08,-0.04000000000814907,-77.9999999999709,0.0,-77.95999999996275,20.0
1999-04-09,8.865026757121086e-08,0.0,-18.0,0.0,-18.0,10.0
1999-04-10,8.518691174685955e-08,0.0,-60.0,0.0,-60.0,0.0
1999-04-11,8.175265975296497e-08,0.0,0.0,0.0,0.0,0.0
1999-04-12,7.84930307418108e-08,0.0,0.0,0.0,0.0,0.0
1999-04-13,7.534981705248356e-08,0.0,0.0,0.0,0.0,0.0
1999-04-14,7.235212251543999e-08,0.0,0.0,0.0,0.0,0.0
1999-04-15,6.944173946976662e-08,0.0,0.0,0.0,0.0,0.0
1999-04-16,6.670597940683365e-08,0.0,0.0,0.0,0.0,0.0
1999-04-17,6.399932317435741e-08,0.0,0.0,0.0,0.0,0.0
1999-04-18,6.137997843325138e-08,0.0,0.0,0.0,0.0,0.0
1999-04-19,5.899346433579922e-08,0.04000000000814907,0.0,0.0,-0.04000000000814907,0.0
1999-04-20,5.666515789926052e-08,-0.059999999997671694,0.0,0.0,0.059999999997671694,0.0
1999-04-21,5.436595529317856e-08,0.0,0.0,0.0,0.0,0.0
1999-04-22,5.2212271839380264e-08,0.0,0.0,0.0,0.0,0.0
1999-04-23,5.005858838558197e-08,-0.01999999998952262,0.0,0.0,0.01999999998952262,0.0
1999-04-24,4.810863174498081e-08,0.029999999998835847,0.0,0.0,-0.029999999998835847,0.0
1999-04-25,4.6158675104379654e-08,0.0,0.0,0.0,0.0,0.0
1999-04-26,4.432513378560543e-08,0.0,0.0,0.0,0.0,0.0
1999-04-27,4.2549800127744675e-08,0.0,-12.0,0.0,-12.0,0.0
1999-04-28,4.0832674130797386e-08,0.0,0.0,0.0,0.0,0.0
1999-04-29,3.9173755794763565e-08,0.0,0.0,0.0,0.0,0.0
1999-04-30,3.7602148950099945e-08,0.0,0.0,0.0,0.0,0.0
1999-05-01,3.6117853596806526e-08,0.0,-18.0,0.0,-18.0,10.0
1999-05-02,3.463355824351311e-08,0.0,-107.9999999999709,0.0,-107.9999999999709,10.0
1999-05-03,3.329478204250336e-08,-1.75,-53.99999999994179,-0.009999999999999787,-52.24999999994179,0.0
1999-05-04,3.1956005841493607e-08,1.75,-474.0000000000582,-0.009999999999999787,-475.7500000000582,0.0
1999-05-05,3.064633347094059e-08,0.0,-66.0,0.0,-66.0,0.0
1999-05-06,2.9453076422214508e-08,0.0,-156.0,0.0,-156.0,30.0
1999-05-07,2.8318027034401894e-08,0.0,-168.0,-0.029999999999999805,-168.0,0.0
1999-05-08,2.718297764658928e-08,-0.060000000026775524,-78.0,-0.010000000000000231,-77.93999999997322,0.0
1999-05-09,2.60770320892334e-08,0.0,-5.999999999970896,0.0,-5.999999999970896,0.0
1999-05-10,2.5029294192790985e-08,0.0,-24.000000000058208,0.0,-24.000000000058208,0.0
1999-05-11,2.4010660126805305e-08,0.8599999999860302,-6.0,0.0,-6.85999999998603,0.0
1999-05-12,2.310844138264656e-08,-0.9500000000116415,-36.0,0.0,-35.04999999998836,10.0
1999-05-13,2.214801497757435e-08,-0.04999999998835847,-53.999999999970896,0.0,-53.94999999998254,20.0
1999-05-14,2.1274900063872337e-08,0.0,-53.999999999970896,0.0,-53.999999999970896,10.0
1999-05-15,2.043088898062706e-08,0.0,-30.0,0.0,-30.0,20.0
1999-05-16,1.9586877897381783e-08,0.0,-6.0,0.0,-6.0,0.0
1999-05-17,1.885928213596344e-08,0.0,-348.0,-0.009999999999999787,-348.0,10.0
1999-05-18,1.8044374883174896e-08,0.0,-60.0,0.0,-60.0,10.0
1999-05-19,1.7316779121756554e-08,-0.01999999998952262,-53.999999999970896,0.0,-53.97999999998137,60.0
1999-05-20,1.6560079529881477e-08,0.0,-6.0,0.0,-6.0,0.0
1999-05-21,1.594889909029007e-08,0.08000000001629815,0.0,0.0,-0.08000000001629815,0.0
1999-05-22,1.5279510989785194e-08,0.0,0.0,0.0,0.0,0.0
1999-05-23,1.4726538211107254e-08,0.0,0.0,0.0,0.0,0.0
1999-05-24,1.4115357771515846e-08,-0.04000000000814907,0.0,0.0,0.04000000000814907,0.0
1999-05-25,1.3533281162381172e-08,0.029999999998835847,0.0,0.0,-0.029999999998835847,0.0
1999-05-26,1.30385160446167e-08,0.029999999998835847,0.0,0.0,-0.029999999998835847,0.0
1999-05-27,1.2456439435482025e-08,0.0,0.0,0.0,0.0,0.0
1999-05-28,1.1990778148174286e-08,0.0,0.0,0.0,0.0,0.0
1999-05-29,1.1496013030409813e-08,0.0,0.0,0.0,0.0,0.0
1999-05-30,1.100124791264534e-08,0.0,0.0,0.0,0.0,0.0
1999-05-31,1.0564690455794334e-08,0.0,0.0,0.0,0.0,0.0
1999-06-01,1.0157236829400063e-08,0.0,0.0,0.0,0.0,0.0
1999-06-02,9.74978320300579e-09,0.0,0.0,0.0,0.0,0.0
1999-06-03,9.313225746154785e-09,0.0,0.0,0.0,0.0,0.0
1999-06-04,8.934875950217247e-09,0.0,0.0,0.0,0.0,0.0
1999-06-05,8.64383764564991e-09,0.0,0.0,0.0,0.0,0.0
1999-06-06,8.265487849712372e-09,0.0,-6.000000000029104,0.0,-6.000000000029104,0.0
1999-06-07,7.916241884231567e-09,0.0,0.0,0.0,0.0,0.0
1999-06-08,7.596099749207497e-09,0.0,0.0,0.0,0.0,0.0
1999-06-09,7.30506144464016e-09,0.0,0.0,0.0,0.0,0.0
1999-06-10,6.955815479159355e-09,0.0,0.0,0.0,0.0,0.0
1999-06-11,6.693881005048752e-09,0.0,0.0,0.0,0.0,0.0
1999-06-12,6.402842700481415e-09,0.0,0.0,0.0,0.0,0.0
1999-06-13,6.170012056827545e-09,0.0,0.0,0.0,0.0,0.0
1999-06-14,5.9371814131736755e-09,0.0,0.0,0.0,0.0,0.0
1999-06-15,5.704350769519806e-09,0.0,0.0,0.0,0.0,0.0
1999-06-16,5.4424162954092026e-09,0.0,0.0,0.0,0.0,0.0
1999-06-17,5.209585651755333e-09,-0.029999999998835847,0.0,0.0,0.029999999998835847,0.0
1999-06-18,5.005858838558197e-09,0.0,0.0,0.0,0.0,0.0
1999-06-19,4.787580110132694e-09,0.0,0.0,0.0,0.0,0.0
1999-06-20,4.627509042620659e-09,0.0,0.0,0.0,0.0,0.0
1999-06-21,4.43833414465189e-09,-0.010000000009313226,0.0,0.0,0.010000000009313226,0.0
1999-06-22,4.234607331454754e-09,0.010000000009313226,0.0,0.0,-0.010000000009313226,0.0
1999-06-23,4.0745362639427185e-09,0.0,0.0,0.0,0.0,0.0
1999-06-24,3.899913281202316e-09,0.0,-42.0,0.0,-42.0,0.0
1999-06-25,3.7834979593753815e-09,0.0,-54.000000000029104,-0.009999999999999787,-54.000000000029104,-20.0
1999-06-26,3.6088749766349792e-09,0.029999999998835847,0.0,0.0,-0.029999999998835847,0.0
1999-06-27,3.4779077395796776e-09,0.0,0.0,0.0,0.0,0.0
1999-06-28,3.346940502524376e-09,-0.010000000009313226,0.0,0.0,0.010000000009313226,0.0
1999-06-29,3.2014213502407074e-09,0.0,0.0,0.0,0.0,0.0
1999-06-30,3.0704541131854057e-09,0.0,0.0,0.0,0.0,0.0
1999-07-01,2.9685907065868378e-09,0.0,0.0,0.0,0.0,0.0
1999-07-02,2.852175384759903e-09,0.01999999998952262,0.0,0.0,-0.01999999998952262,0.0
1999-07-03,2.735760062932968e-09,0.0,0.0,0.0,0.0,0.0
1999-07-04,2.6193447411060333e-09,0.010000000009313226,-12.000000000014552,0.0,-12.010000000023865,0.0
1999-07-05,2.5320332497358322e-09,-0.00999999999476131,0.0,0.0,0.00999999999476131,0.0
1999-07-06,2.4301698431372643e-09,0.0,0.0,0.0,0.0,0.0
1999-07-07,2.3137545213103294e-09,0.0,0.0,0.0,0.0,0.0
1999-07-08,2.240994945168495e-09,-0.04000000000814907,0.0,0.0,0.04000000000814907,0.0
1999-07-09,2.1245796233415604e-09,0.0,0.0,0.0,0.0,0.0
1999-07-10,2.051820047199726e-09,0.0,0.0,0.0,0.0,0.0
1999-07-11,1.979060471057892e-09,0.0,0.0,0.0,0.0,0.0
1999-07-12,1.9063008949160576e-09,0.0,0.0,0.0,0.0,0.0
1999-07-13,1.8335413187742233e-09,0.069999999992433,0.0,0.0,-0.069999999992433,0.0
1999-07-14,1.760781742632389e-09,-0.01999999998952262,0.0,0.0,0.01999999998952262,0.0
1999-07-15,1.7171259969472885e-09,0.0,0.0,0.0,0.0,0.0
1999-07-16,1.6298145055770874e-09,0.00999999999476131,0.0,0.0,-0.00999999999476131,0.0
1999-07-17,1.5861587598919868e-09,-0.020000000004074536,0.0,0.0,0.020000000004074536,0.0
1999-07-18,1.4988472685217857e-09,0.0,0.0,0.0,0.0,0.0
1999-07-19,1.4260876923799515e-09,0.0,0.0,0.0,0.0,0.0
1999-07-20,1.382431946694851e-09,0.0,0.0,0.0,0.0,0.0
1999-07-21,1.3242242857813835e-09,0.0,0.0,0.0,0.0,0.0
1999-07-22,1.280568540096283e-09,0.04000000000814907,0.0,0.0,-0.04000000000814907,0.0
1999-07-23,1.2369127944111824e-09,0.0,0.0,0.0,0.0,0.0
1999-07-24,9.613868314772844e-07,0.0,0.0,0.0,0.0,0.0
1999-07-25,9.228970156982541e-07,0.0,0.0,0.0,0.0,0.0
1999-07-26,8.860079105943441e-07,-0.029999999998835847,0.0,0.0,0.029999999998835847,0.0
1999-07-27,8.505739970132709e-07,0.0,0.0,0.0,0.0,0.0
1999-07-28,8.165661711245775e-07,0.0,0.0,0.0,0.0,0.0
1999-07-29,7.838825695216656e-07,0.0,0.0,0.0,0.0,0.0
1999-07-30,7.525377441197634e-07,0.0,0.0,0.0,0.0,0.0
1999-07-31,7.224443834275007e-07,0.0,0.0,0.0,0.0,0.0
1999-08-01,6.935297278687358e-07,0.0,0.0,0.0,0.0,0.0
1999-08-02,6.658083293586969e-07,0.010000000009313226,0.0,0.0,-0.010000000009313226,0.0
1999-08-03,6.391492206603289e-07,0.0,0.0,0.0,0.0,0.0
1999-08-04,6.13610609434545e-07,0.0,0.0,0.0,0.0,0.0
1999-08-05,5.890469765290618e-07,0.020000000004074536,0.0,0.0,-0.020000000004074536,0.0
1999-08-06,5.654583219438791e-07,-0.020000000004074536,0.0,0.0,0.020000000004074536,0.0
1999-08-07,5.428737495094538e-07,0.01999999998952262,0.0,0.0,-0.01999999998952262,0.0
1999-08-08,5.211477400735021e-07,-0.01999999998952262,0.0,0.0,0.01999999998952262,0.0
1999-08-09,5.003093974664807e-07,-0.00999999999476131,0.0,0.0,0.00999999999476131,0.0
1999-08-10,4.803005140274763e-07,0.0,0.0,0.0,0.0,0.0
1999-08-11,4.610774340108037e-07,0.010000000009313226,0.0,0.0,-0.010000000009313226,0.0
1999-08-12,4.4262560550123453e-07,0.0,0.0,0.0,0.0,0.0
1999-08-13,4.2493047658354044e-07,0.0,0.0,0.0,0.0,0.0
1999-08-14,4.0792656363919377e-07,0.0,0.0,0.0,0.0,0.0
1999-08-15,3.9161386666819453e-07,0.01999999999679858,0.0,0.0,-0.01999999999679858,0.0
1999-08-16,3.759487299248576e-07,0.0,0.0,0.0,0.0,0.0
1999-08-17,3.6091660149395466e-07,0.0,0.0,0.0,0.0,0.0
1999-08-18,3.4647382562980056e-07,0.0,0.0,0.0,0.0,0.0
1999-08-19,3.3260585041716695e-07,0.0,0.0,0.0,0.0,0.0
1999-08-20,4.849207471124828e-07,0.0,0.0,0.0,0.0,0.0
1999-08-21,4.6552304411306977e-07,0.0,0.0,0.0,0.0,0.0
1999-08-22,4.469038685783744e-07,0.040000000000873115,0.0,0.0,-0.040000000000873115,0.0
1999-08-23,4.290195647627115e-07,0.0,0.0,0.0,0.0,0.0
1999-08-24,4.11862856708467e-07,0.0,0.0,0.0,0.0,0.0
1999-08-25,3.9538281271234155e-07,0.0,0.0,0.0,0.0,0.0
1999-08-26,3.7957215681672096e-07,0.0,0.0,0.0,0.0,0.0
1999-08-27,3.6438723327592015e-07,0.0,0.0,0.0,0.0,0.0
1999-08-28,3.4981349017471075e-07,0.0,0.0,0.0,0.0,0.0
1999-08-29,3.35821823682636e-07,0.0,0.0,0.0,0.0,0.0
1999-08-30,3.2237585401162505e-07,0.0,0.0,0.0,0.0,0.0
1999-08-31,3.094901330769062e-07,0.0,0.0,0.0,0.0,0.0
1999-09-01,2.9709917725995183e-07,0.040000000000873115,0.0,0.0,-0.040000000000873115,0.0
1999-09-02,2.852175384759903e-07,0.0,0.0,0.0,0.0,0.0
1999-09-03,2.738088369369507e-07,0.0,0.0,0.0,0.0,0.0
1999-09-04,2.6285124476999044e-07,0.0,0.0,0.0,0.0,0.0
1999-09-05,2.523302100598812e-07,0.0,0.0,0.0,0.0,0.0
1999-09-06,2.4225300876423717e-07,0.0,0.0,0.0,0.0,0.0
1999-09-07,2.3256870917975903e-07,0.0,0.0,0.0,0.0,0.0
1999-09-08,2.2326275939121842e-07,0.0,0.0,0.0,0.0,0.0
1999-09-09,2.1433515939861536e-07,0.0,0.0,0.0,0.0,0.0
1999-09-10,2.0576408132910728e-07,0.0,0.0,0.0,0.0,0.0
1999-09-11,1.9752769730985165e-07,0.0,0.0,0.0,0.0,0.0
1999-09-12,1.8963328329846263e-07,0.0,0.0,0.0,0.0,0.0
1999-09-13,1.8203718354925513e-07,0.0,0.0,0.0,0.0,0.0
1999-09-14,1.747612259350717e-07,0.0,0.0,0.0,0.0,0.0
1999-09-15,1.6776539268903434e-07,0.0,0.0,0.0,0.0,0.0
1999-09-16,1.6106059774756432e-07,-0.00999999999839929,0.0,0.0,0.00999999999839929,0.0
1999-09-17,1.5462137525901198e-07,0.0,0.0,0.0,0.0,0.0
1999-09-18,1.484295353293419e-07,0.0,0.0,0.0,0.0,0.0
1999-09-19,1.4248871593736112e-07,0.0,0.0,0.0,0.0,0.0
1999-09-20,1.367952791042626e-07,0.0,0.0,0.0,0.0,0.0
1999-09-21,1.3132375897839665e-07,0.010000000002037268,0.0,0.0,-0.010000000002037268,0.0
1999-09-22,1.2607051758095622e-07,0.0,0.0,0.0,0.0,0.0
1999-09-23,1.2102464097552001e-07,0.0,0.0,0.0,0.0,0.0
1999-09-24,1.1618976714089513e-07,-0.01999999999679858,0.0,0.0,0.01999999999679858,0.0
1999-09-25,1.1154043022543192e-07,0.0,0.0,0.0,0.0,0.0
1999-09-26,1.0708026820793748e-07,0.0,0.0,0.0,0.0,0.0
1999-09-27,1.0279472917318344e-07,0.00999999999839929,0.0,0.0,-0.00999999999839929,0.0
1999-09-28,9.86874510999769e-08,0.0,0.0,0.0,0.0,0.0
1999-09-29,9.474024409428239e-08,0.0,0.0,0.0,0.0,0.0
1999-09-30,9.094583219848573e-08,0.0,0.0,0.0,0.0,0.0
1999-10-01,8.730785339139402e-08,0.0,0.0,0.0,0.0,0.0
1999-10-02,8.381903171539307e-08,0.0,0.0,0.0,0.0,0.0
1999-10-03,8.046481525525451e-08,0.010000000002037268,0.0,0.0,-0.010000000002037268,0.0
1999-10-04,7.724520401097834e-08,0.0,0.0,0.0,0.0,0.0
1999-10-05,7.415292202495039e-08,0.0,0.0,0.0,0.0,0.0
1999-10-06,7.119160727597773e-08,0.0,0.0,0.0,0.0,0.0
1999-10-07,6.833943189121783e-08,0.0,0.0,0.0,0.0,0.0
1999-10-08,6.561094778589904e-08,0.0,0.0,0.0,0.0,0.0
1999-10-09,6.298796506598592e-08,0.0,0.0,0.0,0.0,0.0
1999-10-10,6.046684575267136e-08,0.0,0.0,0.0,0.0,0.0
1999-10-11,5.804758984595537e-08,0.0,0.0,0.0,0.0,0.0
1999-10-12,5.572655936703086e-08,0.0,0.0,0.0,0.0,0.0
1999-10-13,5.349647835828364e-08,0.0,0.0,0.0,0.0,0.0
1999-10-14,5.1360984798520803e-08,0.0,0.0,0.0,0.0,0.0
1999-10-15,4.9301888793706894e-08,0.0,0.0,0.0,0.0,0.0
1999-10-16,4.7326466301456094e-08,0.0,0.0,0.0,0.0,0.0
1999-10-17,4.54347173217684e-08,0.0,0.0,0.0,0.0,0.0
1999-10-18,4.361754690762609e-08,-0.010000000000218279,0.0,0.0,0.010000000000218279,0.0
1999-10-19,4.187495505902916e-08,0.0,0.0,0.0,0.0,0.0
1999-10-20,4.019966581836343e-08,0.0,0.0,0.0,0.0,0.0
1999-10-21,3.859713615383953e-08,0.0,0.0,0.0,0.0,0.0
1999-10-22,3.704735718201846e-08,0.0,0.0,0.0,0.0,0.0
1999-10-23,3.556669980753213e-08,0.0,0.0,0.0,0.0,0.0
1999-10-24,3.414606908336282e-08,0.0,0.0,0.0,0.0,0.0
1999-10-25,3.2778189051896334e-08,0.0,0.0,0.0,0.0,0.0
1999-10-26,3.1464878702536225e-08,0.0,0.0,0.0,0.0,0.0
1999-10-27,3.020795702468604e-08,0.0,0.0,0.0,0.0,0.0
1999-10-28,2.8994691092520952e-08,-0.09999999999854481,-8.39999999999418,0.0,-8.299999999995634,10.0
1999-10-29,2.7839632821269333e-08,0.13000000000101863,1.8000000000010914,0.0,1.6700000000000728,0.0
1999-10-30,2.672641130629927e-08,0.0,0.0,0.0,0.0,0.0
1999-10-31,2.5656845537014306e-08,0.0,0.0,0.0,0.0,0.0
1999-11-01,2.4630935513414443e-08,0.0,0.0,0.0,0.0,0.0
1999-11-02,2.3645043256692588e-08,0.0,0.0,0.0,0.0,0.0
1999-11-03,2.2697349777445197e-08,0.0,0.0,0.0,0.0,0.0
1999-11-04,2.179149305447936e-08,0.0,0.0,0.0,0.0,0.0
1999-11-05,2.092201611958444e-08,0.0,0.0,0.0,0.0,0.0
1999-11-06,2.0081643015146255e-08,0.0,0.0,0.0,0.0,0.0
1999-11-07,1.928128767758608e-08,0.0,0.0,0.0,0.0,0.0
1999-11-08,1.8506398191675544e-08,0.0,0.0,0.0,0.0,0.0
1999-11-09,3.5838093026541173e-07,0.0,0.0,0.0,0.0,0.0
1999-11-10,3.440436557866633e-07,-0.00999999999839929,0.0,0.0,0.00999999999839929,0.0
1999-11-11,3.3028845791704953e-07,0.00999999999839929,0.0,0.0,-0.00999999999839929,0.0
1999-11-12,3.1707168091088533e-07,0.06999999999970896,-10.80000000000291,-0.0010000000000000009,-10.87000000000262,-30.0
1999-11-13,3.0438604881055653e-07,-0.06000000000130967,0.0,0.0,0.06000000000130967,0.0
1999-11-14,2.9222064767964184e-07,0.0,0.0,0.0,0.0,0.0
1999-11-15,2.805172698572278e-07,0.010000000002037268,0.0,0.0,-0.010000000002037268,0.0
1999-11-16,2.6930501917377114e-07,0.0,0.0,0.0,0.0,0.0
1999-11-17,2.585293259471655e-07,0.0,0.0,0.0,0.0,0.0
1999-11-18,2.4818291421979666e-07,0.0,0.0,0.0,0.0,0.0
1999-11-19,2.3826578399166465e-07,0.0,0.0,0.0,0.0,0.0
1999-11-20,2.2872700355947018e-07,0.0,0.0,0.0,0.0,0.0
1999-11-21,2.195884007960558e-07,0.0,-10.200000000011642,0.0,-10.200000000011642,20.0
1999-11-22,2.1078449208289385e-07,-0.03999999999359716,-1.8000000000029104,0.0,-1.7600000000093132,10.0
1999-11-23,2.023734850808978e-07,0.0,-1.8000000000029104,0.0,-1.8000000000029104,10.0
1999-11-24,1.94209860637784e-07,-1.1099999999860302,1187.3999999999942,0.03000000000000025,1188.5099999999802,10.0
1999-11-25,1.8673017621040344e-07,-482.5,4668.000000000466,-0.29999999999999716,5150.500000000466,20.0
1999-11-26,1.7898855730891228e-07,463.75,948.0000000000582,0.16999999999999993,484.2500000000582,0.0
1999-11-27,1.7187267076224089e-07,18.460000000006403,18.0,0.009999999999999787,-0.46000000000640284,0.0
1999-11-28,1.6496051102876663e-07,0.0,0.0,0.0,0.0,0.0
1999-11-29,1.5836849343031645e-07,0.0,0.0,0.0,0.0,0.0
1999-11-30,1.520238583907485e-07,0.0,-11.999999999985448,0.0,-11.999999999985448,10.0
1999-12-01,1.459702616557479e-07,0.04000000000814907,-18.0,0.0,-18.04000000000815,10.0
1999-12-02,1.4010583981871605e-07,1.9099999999743886,1133.9999999999418,0.019999999999999574,1132.0899999999674,-10.0
1999-12-03,1.345033524557948e-07,-1.9900000000052387,-6.000000000014552,0.0,-4.010000000009313,0.0
1999-12-04,1.2913369573652744e-07,0.0,0.0,0.0,0.0,0.0
1999-12-05,1.2398231774568558e-07,0.0,-30.0,-0.010000000000000009,-30.0,-100.0
1999-12-06,1.1897645890712738e-07,0.04000000000814907,-132.0,0.0,-132.04000000000815,20.0
1999-12-07,1.1431984603404999e-07,-4.689999999944121,377.9999999998836,-0.09999999999999964,382.6899999998277,-20.0
1999-12-08,1.096632331609726e-07,4.610000000015134,-54.0,0.0,-58.610000000015134,0.0
1999-12-09,1.0532676242291927e-07,0.10999999998603016,-66.0,0.0,-66.10999999998603,10.0
1999-12-10,1.0107760317623615e-07,-0.14999999999417923,-48.0,-0.009999999999999787,-47.85000000000582,-50.0
1999-12-11,9.703217074275017e-08,-0.02000000001862645,-66.0,0.0,-65.97999999998137,20.0
1999-12-12,9.316136129200459e-08,-0.7300000000104774,-204.0,-0.009999999999999787,-203.26999999998952,-10.0
1999-12-13,8.943607099354267e-08,0.35000000000582077,-245.9999999999709,-0.009999999999999787,-246.34999999997672,-10.0
1999-12-14,8.588540367782116e-08,-0.23000000001047738,-216.0,-0.009999999999999787,-215.76999999998952,-10.0
1999-12-15,-0.0009999176836572587,-7.379999999946449,-36.00000000005821,-0.02000000000000135,-28.62000000011176,0.0
1999-12-16,7.904600352048874e-08,-1.6300000000046566,389.9999999998836,-0.09999999999999964,391.62999999988824,-80.0
1999-12-17,-0.0999999240739271,-10.25,-431.9999999998836,-0.5,-421.7499999998836,40.0
1999-12-18,7.293419912457466e-08,18.15999999997439,-618.0000000000582,-0.020000000000000462,-636.1600000000326,0.0
1999-12-19,7.002381607890129e-08,1.6199999999953434,-293.9999999999418,-0.009999999999999787,-295.61999999993714,0.0
1999-12-20,6.722984835505486e-08,-0.1900000000023283,-108.0,0.0,-107.80999999999767,30.0
1999-12-21,6.452319212257862e-08,0.0,-120.0000000000291,-0.009999999999999787,-120.0000000000291,-60.0
1999-12-22,6.193295121192932e-08,0.01999999998952262,-29.999999999970896,0.0,-30.01999999996042,0.0
1999-12-23,5.9459125623106956e-08,0.010000000009313226,-12.000000000029104,0.0,-12.010000000038417,0.0
1999-12-24,5.707261152565479e-08,-0.02000000001862645,-6.0,0.0,-5.9799999999813735,0.0
1999-12-25,5.4802512750029564e-08,0.0,-18.0,0.0,-18.0,0.0
1999-12-26,5.256151780486107e-08,0.0,0.0,0.0,0.0,0.0
1999-12-27,5.0495145842432976e-08,0.0,-6.0,0.0,-6.0,0.0
1999-12-28,4.8516085371375084e-08,0.0,0.0,0.0,0.0,0.0
1999-12-29,4.653702490031719e-08,0.0,0.0,0.0,0.0,0.0
1999-12-30,4.470348358154297e-08,0.0,0.0,0.0,0.0,0.0
1999-12-31,4.289904609322548e-08,0.0,0.0,0.0,0.0,0.0
2000-01-01,4.118192009627819e-08,-0.029999999998835847,-84.0,0.0,-83.97000000000116,10.0
2000-01-02,3.952300176024437e-08,0.0,-42.0,0.0,-42.0,0.0
2000-01-03,3.798049874603748e-08,0.0,-42.0,-0.010000000000000231,-42.0,-30.0
2000-01-04,3.64379957318306e-08,0.01999999998952262,-42.0,-0.010000000000000231,-42.01999999998952,-70.0
2000-01-05,3.495370037853718e-08,-0.01999999998952262,-11.999999999970896,0.0,-11.979999999981374,10.0
2000-01-06,3.355671651661396e-08,0.08999999999650754,-5.999999999970896,0.0,-6.089999999967404,0.0
2000-01-07,3.2247044146060944e-08,0.0,-6.0,0.0,-6.0,0.0
2000-01-08,3.090826794505119e-08,0.3299999999871943,-30.0,0.0,-30.329999999987194,20.0
2000-01-09,2.9685907065868378e-08,-1.0799999999871943,-252.0,-0.010000000000000231,-250.9200000000128,80.0
2000-01-10,2.8463546186685562e-08,-4.869999999995343,-534.0,-0.05000000000000071,-529.1300000000047,10.0
2000-01-11,2.7328496798872948e-08,5.129999999975553,-480.0000000000582,-0.02999999999999936,-485.13000000003376,0.0
2000-01-12,2.6193447411060333e-08,0.12999999997555278,-450.0,-0.03000000000000025,-450.12999999997555,0.0
2000-01-13,2.514570951461792e-08,-145.94000000000233,-522.0,-0.04999999999999982,-376.0599999999977,-10.0
2000-01-14,2.4156179279088974e-08,72.53000000002794,-396.0,-0.019999999999999574,-468.53000000002794,0.0
2000-01-15,2.3224856704473495e-08,30.40999999997439,-294.0,-0.02999999999999936,-324.4099999999744,20.0
2000-01-16,2.2293534129858017e-08,33.210000000020955,-408.0,-0.009999999999999787,-441.21000000002095,10.0
2000-01-17,2.1391315385699272e-08,10.590000000025611,-24.0,0.0,-34.59000000002561,0.0
2000-01-18,2.0547304302453995e-08,0.04999999998835847,-6.0,0.0,-6.0499999999883585,0.0
2000-01-19,1.9703293219208717e-08,-0.029999999998835847,-23.999999999970896,0.0,-23.96999999997206,0.0
2000-01-20,1.894659362733364e-08,0.08000000001629815,-59.999999999970896,0.0,-60.079999999987194,10.0
2000-01-21,1.8189894035458565e-08,0.010000000009313226,-36.000000000029104,0.0,-36.01000000003842,0.0
2000-01-22,1.7491402104496956e-08,-0.08999999999650754,-71.9999999999709,0.0,-71.90999999997439,20.0
2000-01-23,1.6763806343078613e-08,-0.14000000001396984,-54.000000000029104,0.0,-53.860000000015134,40.0
2000-01-24,1.603621058166027e-08,0.0,-54.000000000029104,0.0,-54.000000000029104,20.0
2000-01-25,1.5425030142068863e-08,2.3099999999976717,0.0,0.0,-2.3099999999976717,0.0
2000-01-26,1.4813849702477455e-08,-2.3099999999976717,-30.0,0.0,-27.69000000000233,0.0
2000-01-27,1.4231773093342781e-08,-0.01999999998952262,-89.9999999999709,-0.020000000000000018,-89.97999999998137,0.0
2000-01-28,1.367880031466484e-08,0.0,-72.0,-0.010000000000000231,-72.0,0.0
2000-01-29,1.31258275359869e-08,-0.10000000000582077,-23.999999999970896,-0.009999999999999787,-23.899999999965075,-20.0
2000-01-30,1.2601958587765694e-08,0.0,-11.999999999970896,0.0,-11.999999999970896,0.0
2000-01-31,1.210719347000122e-08,0.059999999997671694,-72.0,0.0,-72.05999999999767,50.0
2000-02-01,1.1641532182693481e-08,-42.690000000060536,2357.9999999998836,0.030000000000001137,2400.689999999944,0.0
2000-02-02,1.1175870895385742e-08,7.129999999946449,203.9999999999418,0.009999999999999787,196.86999999999534,0.0
2000-02-03,1.0652001947164536e-08,39.36999999999534,-12.0,-0.009999999999999787,-51.36999999999534,-130.0
2000-02-04,1.0244548320770264e-08,-5.330000000016298,-53.999999999970896,0.0,-48.6699999999546,50.0
2000-02-05,9.837094694375992e-09,-2.529999999969732,-66.0,0.0,-63.47000000003027,20.0
2000-02-06,9.487848728895187e-09,7.789999999979045,-65.9999999999709,-0.009999999999999787,-73.78999999994994,-50.0
2000-02-07,9.022187441587448e-09,-0.7199999999720603,-53.999999999970896,0.0,-53.279999999998836,0.0
2000-02-08,8.789356797933578e-09,7.440000000002328,-228.0,0.0,-235.44000000000233,10.0
2000-02-09,8.32369551062584e-09,-10.820000000006985,-66.0,0.0,-55.179999999993015,0.0
2000-02-10,8.032657206058502e-09,-0.03999999997904524,-102.00000000005821,0.0,-101.96000000007916,10.0
2000-02-11,7.741618901491165e-09,-36.160000000032596,-264.0,-0.009999999999999787,-227.8399999999674,0.0
2000-02-12,7.450580596923828e-09,19.53000000002794,-246.0,-0.019999999999999574,-265.53000000002794,-10.0
2000-02-13,7.2177499532699585e-09,-24.21999999997206,-348.0,-0.009999999999999787,-323.78000000002794,10.0
2000-02-14,6.810296326875687e-09,22.5,-78.0,-0.009999999999999787,-100.5,0.0
2000-02-15,6.51925802230835e-09,18.62000000005355,-65.99999999994179,0.0,-84.61999999999534,-30.0
2000-02-16,6.28642737865448e-09,-0.030000000027939677,-66.0,0.0,-65.96999999997206,20.0
2000-02-17,6.111804395914078e-09,-0.030000000027939677,-78.0,0.0,-77.96999999997206,0.0
2000-02-18,5.820766091346741e-09,0.15000000002328306,-36.0,0.0,-36.15000000002328,0.0
2000-02-19,5.587935447692871e-09,0.0,-42.0,0.0,-42.0,0.0
2000-02-20,5.384208634495735e-09,2.900000000023283,-36.0,0.0,-38.90000000002328,30.0
2000-02-21,5.122274160385132e-09,-1.0499999999883585,-12.0,0.0,-10.950000000011642,10.0
2000-02-22,5.005858838558197e-09,9.28000000002794,-174.0,0.0,-183.28000000002794,20.0
2000-02-23,4.802132025361061e-09,-11.059999999997672,-132.0,-0.010000000000000231,-120.94000000000233,-70.0
2000-02-24,4.5693013817071915e-09,0.0,-156.0,-0.020000000000000018,-156.0,0.0
2000-02-25,4.423782229423523e-09,0.0,-89.9999999999709,-0.009999999999999787,-89.9999999999709,0.0
2000-02-26,4.220055416226387e-09,0.20999999999185093,-54.000000000029104,-0.010000000000000231,-54.210000000020955,-110.0
2000-02-27,4.016328603029251e-09,3.5600000000558794,-41.99999999994179,0.0,-45.55999999999767,20.0
2000-02-28,3.899913281202316e-09,0.2900000000081491,-90.0,0.0,-90.29000000000815,0.0
2000-02-29,3.7834979593753815e-09,-35.12000000005355,-210.0,0.0,-174.87999999994645,30.0
2000-03-01,3.5797711461782455e-09,31.080000000016298,-48.00000000005821,0.009999999999999787,-79.0800000000745,0.0
2000-03-02,3.434251993894577e-09,0.059999999997671694,-257.9999999999418,0.0,-258.05999999993946,10.0
2000-03-03,3.259629011154175e-09,-0.3099999999976717,-96.0,0.0,-95.69000000000233,50.0
2000-03-04,3.2014213502407074e-09,-25.12999999994645,-198.0,-0.009999999999999787,-172.87000000005355,-60.0
2000-03-05,3.0850060284137726e-09,25.320000000006985,-36.0,0.0,-61.320000000006985,0.0
2000-03-06,2.9103830456733704e-09,-0.060000000026775524,-24.000000000029104,0.0,-23.94000000000233,30.0
2000-03-07,2.8230715543031693e-09,0.0,-36.0,0.0,-36.0,20.0
2000-03-08,2.648448571562767e-09,3.7399999999906868,-77.9999999999709,0.0,-81.73999999996158,30.0
2000-03-09,2.5902409106492996e-09,-3.4800000000104774,-6.0,0.0,-2.5199999999895226,0.0
2000-03-10,2.444721758365631e-09,0.25,-120.0,0.0,-120.25,10.0
2000-03-11,2.3865140974521637e-09,-0.2900000000081491,-35.999999999970896,0.0,-35.70999999996275,10.0
2000-03-12,2.2992026060819626e-09,0.010000000009313226,-30.000000000029104,0.0,-30.010000000038417,0.0
2000-03-13,2.2118911147117615e-09,10.059999999997672,-114.0,0.0,-124.05999999999767,80.0
2000-03-14,2.0954757928848267e-09,-10.0,-54.0,0.0,-44.0,0.0
2000-03-15,2.0372681319713593e-09,0.0,-59.999999999970896,0.0,-59.999999999970896,10.0
2000-03-16,1.862645149230957e-09,3.8800000000046566,-240.0,0.0,-243.88000000000466,10.0
2000-03-17,1.862645149230957e-09,-3.970000000001164,-120.0,-0.010000000000000231,-116.02999999999884,0.0
2000-03-18,1.862645149230957e-09,2.650000000023283,-197.9999999999418,-0.010000000000000231,-200.64999999996508,-110.0
2000-03-19,1.6880221664905548e-09,-2.7699999999895226,-258.0,-0.029999999999999805,-255.23000000001048,0.0
2000-03-20,1.6589183360338211e-09,-0.04999999998835847,-113.9999999999709,-0.020000000000000018,-113.94999999998254,-30.0
2000-03-21,1.6298145055770874e-09,0.06999999997788109,-84.0,-0.010000000000000231,-84.06999999997788,0.0
2000-03-22,1.5133991837501526e-09,5.909999999974389,-191.9999999999418,-0.010000000000000231,-197.90999999991618,-10.0
2000-03-23,1.4551915228366852e-09,-5.620000000024447,-66.0,0.0,-60.37999999997555,0.0
2000-03-24,1.4260876923799515e-09,0.09999999997671694,-66.0000000000291,0.0,-66.10000000000582,0.0
2000-03-25,1.3096723705530167e-09,-0.04000000000814907,-29.999999999970896,0.0,-29.959999999962747,0.0
2000-03-26,1.2514647096395493e-09,0.1800000000221189,-54.0,0.0,-54.18000000002212,30.0
2000-03-27,1.2223608791828156e-09,-5.079999999987194,-138.0000000000291,0.0,-132.9200000000419,20.0
2000-03-28,1.1350493878126144e-09,4.699999999982538,-36.0,0.0,-40.69999999998254,30.0
2000-03-29,1.1059455573558807e-09,0.09000000002561137,-36.000000000029104,0.0,-36.090000000054715,10.0
2000-03-30,1.1059455573558807e-09,0.01999999998952262,-24.0,0.0,-24.019999999989523,20.0
2000-03-31,1.0186340659856796e-09,0.17999999999301508,-30.0,0.0,-30.179999999993015,20.0
2000-04-01,1.0477378964424133e-09,8.199999999982538,-60.0,-0.009999999999999787,-68.19999999998254,-250.0
2000-04-02,9.313225746154785e-10,5.380000000004657,-180.0,-0.009999999999999787,-185.38000000000466,-210.0
2000-04-03,9.313225746154785e-10,0.6400000000139698,-150.0,0.0,-150.64000000001397,30.0
2000-04-04,7.8580342233181e-10,-8.419999999983702,-107.9999999999709,0.0,-99.5799999999872,20.0
2000-04-05,8.149072527885437e-10,-6.230000000010477,-42.000000000029104,0.0,-35.77000000001863,0.0
2000-04-06,7.8580342233181e-10,0.0,-36.0,0.0,-36.0,10.0
2000-04-07,8.149072527885437e-10,0.07000000000698492,-48.0,0.0,-48.070000000006985,0.0
2000-04-08,6.693881005048752e-10,4.769999999989523,-47.99999999994179,0.0,-52.769999999931315,10.0
2000-04-09,6.984919309616089e-10,-1.8300000000162981,-24.0,0.0,-22.169999999983702,0.0
2000-04-10,6.984919309616089e-10,-1.6899999999732245,-12.0,0.0,-10.310000000026776,0.0
2000-04-11,6.402842700481415e-10,-0.12999999997555278,-18.0,0.0,-17.870000000024447,0.0
2000-04-12,6.402842700481415e-10,-0.5499999999883585,-6.0,0.0,-5.4500000000116415,0.0
2000-04-13,6.111804395914078e-10,-0.5200000000186265,-36.0,0.0,-35.47999999998137,10.0
2000-04-14,6.111804395914078e-10,0.0,-66.00000000005821,0.0,-66.00000000005821,10.0
2000-04-15,5.820766091346741e-10,0.0,-5.999999999970896,0.0,-5.999999999970896,10.0
2000-04-16,5.238689482212067e-10,0.0,-5.999999999970896,0.0,-5.999999999970896,10.0
2000-04-17,4.656612873077393e-10,-0.0500000000174623,-12.0,0.0,-11.949999999982538,0.0
2000-04-18,4.94765117764473e-10,0.0,0.0,0.0,0.0,0.0
2000-04-19,4.656612873077393e-10,0.0,0.0,0.0,0.0,0.0
2000-04-20,5.238689482212067e-10,0.0,0.0,0.0,0.0,0.0
2000-04-21,4.94765117764473e-10,0.0,0.0,0.0,0.0,0.0
2000-04-22,4.3655745685100555e-10,0.010000000009313226,0.0,0.0,-0.010000000009313226,0.0
2000-04-23,4.0745362639427185e-10,0.0,-6.0,0.0,-6.0,0.0
2000-04-24,4.0745362639427185e-10,0.0,0.0,0.0,0.0,0.0
2000-04-25,3.7834979593753815e-10,0.0,-41.99999999994179,-0.010000000000000009,-41.99999999994179,-130.0
2000-04-26,4.0745362639427185e-10,0.0,0.0,0.0,0.0,0.0
2000-04-27,3.2014213502407074e-10,0.0,0.0,0.0,0.0,0.0
2000-04-28,3.4924596548080444e-10,0.0,-24.000000000029104,0.0,-24.000000000029104,0.0
2000-04-29,3.2014213502407074e-10,0.0,0.0,0.0,0.0,0.0
2000-04-30,3.2014213502407074e-10,-0.02000000001862645,0.0,0.0,0.02000000001862645,0.0
2000-05-01,2.9103830456733704e-10,0.0,0.0,0.0,0.0,0.0
2000-05-02,2.9103830456733704e-10,0.0,-5.999999999970896,0.0,-5.999999999970896,0.0
2000-05-03,3.2014213502407074e-10,0.0,-6.000000000029104,0.0,-6.000000000029104,0.0
2000-05-04,3.4924596548080444e-10,0.0,-53.999999999970896,-0.010000000000000009,-53.999999999970896,-40.0
2000-05-05,2.9103830456733704e-10,0.0,-78.0,-0.009999999999999787,-78.0,-60.0
2000-05-06,2.9103830456733704e-10,0.0,0.0,0.0,0.0,0.0
2000-05-07,2.6193447411060333e-10,0.0,-6.0,0.0,-6.0,0.0
2000-05-08,2.9103830456733704e-10,0.0,0.0,0.0,0.0,0.0
2000-05-09,2.6193447411060333e-10,0.0,-342.0,-0.010000000000000231,-342.0,10.0
2000-05-10,2.3283064365386963e-10,0.0,-420.0,-0.009999999999999787,-420.0,0.0
2000-05-11,3.4924596548080444e-10,-4.810000000055879,-372.0,-0.03000000000000025,-367.1899999999441,0.0
2000-05-12,2.6193447411060333e-10,4.720000000001164,-66.0,0.0,-70.72000000000116,0.0
2000-05-13,2.3283064365386963e-10,-0.029999999998835847,0.0,0.0,0.029999999998835847,0.0
2000-05-14,2.3283064365386963e-10,-0.04000000000814907,-18.000000000029104,0.0,-17.960000000020955,0.0
2000-05-15,2.3283064365386963e-10,0.0,-17.999999999970896,0.0,-17.999999999970896,10.0
2000-05-16,2.0372681319713593e-10,0.0,0.0,0.0,0.0,0.0
2000-05-17,2.6193447411060333e-10,0.029999999998835847,0.0,0.0,-0.029999999998835847,0.0
2000-05-18,2.0372681319713593e-10,-0.059999999997671694,-6.0,0.0,-5.940000000002328,0.0
2000-05-19,1.4551915228366852e-10,0.0,0.0,0.0,0.0,0.0
2000-05-20,1.7462298274040222e-10,0.0,0.0,0.0,0.0,0.0
2000-05-21,1.7462298274040222e-10,0.0,0.0,0.0,0.0,0.0
2000-05-22,2.0372681319713593e-10,0.0,0.0,0.0,0.0,0.0
2000-05-23,1.1641532182693481e-10,0.0,0.0,0.0,0.0,0.0
2000-05-24,1.1641532182693481e-10,0.0,0.0,0.0,0.0,0.0
2000-05-25,8.731149137020111e-11,0.0,0.0,0.0,0.0,0.0
2000-05-26,8.731149137020111e-11,0.010000000009313226,0.0,0.0,-0.010000000009313226,0.0
2000-05-27,1.1641532182693481e-10,-0.01999999998952262,0.0,0.0,0.01999999998952262,0.0
2000-05-28,8.731149137020111e-11,-0.01999999998952262,-6.0,0.0,-5.980000000010477,0.0
2000-05-29,1.1641532182693481e-10,0.0,0.0,0.0,0.0,0.0
2000-05-30,8.731149137020111e-11,0.010000000009313226,0.0,0.0,-0.010000000009313226,0.0
2000-05-31,5.820766091346741e-11,-0.10000000000582077,0.0,0.0,0.10000000000582077,0.0
2000-06-01,5.820766091346741e-11,0.0,0.0,0.0,0.0,0.0
2000-06-02,8.731149137020111e-11,0.0,0.0,0.0,0.0,0.0
2000-06-03,8.731149137020111e-11,0.0,0.0,0.0,0.0,0.0
2000-06-04,5.820766091346741e-11,0.0,0.0,0.0,0.0,0.0
2000-06-05,5.820766091346741e-11,0.0,0.0,0.0,0.0,0.0
2000-06-06,2.9103830456733704e-11,0.01999999998952262,0.0,0.0,-0.01999999998952262,0.0
2000-06-07,8.731149137020111e-11,0.0,0.0,0.0,0.0,0.0
2000-06-08,5.820766091346741e-11,0.0,0.0,0.0,0.0,0.0
2000-06-09,5.820766091346741e-11,0.0,0.0,0.0,0.0,0.0
2000-06-10,2.9103830456733704e-11,0.010000000009313226,-12.0,0.0,-12.010000000009313,10.0
2000-06-11,2.9103830456733704e-11,0.0,-30.0,0.0,-30.0,10.0
2000-06-12,0.0,-0.25,372.0000000001164,0.0,372.2500000001164,0.0
2000-06-13,2.9103830456733704e-11,0.15000000002328306,-11.999999999970896,0.0,-12.14999999999418,0.0
2000-06-14,2.9103830456733704e-11,0.0,-6.0,0.0,-6.0,0.0
2000-06-15,2.9103830456733704e-11,0.0,0.0,0.0,0.0,0.0
2000-06-16,2.9103830456733704e-11,0.0,0.0,0.0,0.0,0.0
2000-06-17,2.9103830456733704e-11,0.0,0.0,0.0,0.0,0.0
2000-06-18,0.0,0.0,0.0,0.0,0.0,0.0
2000-06-19,0.0,-0.07000000000698492,0.0,0.0,0.07000000000698492,0.0
2000-06-20,2.9103830456733704e-11,0.0,0.0,0.0,0.0,0.0
2000-06-21,0.0,0.0500000000174623,0.0,0.0,-0.0500000000174623,0.0
2000-06-22,2.9103830456733704e-11,0.0,0.0,0.0,0.0,0.0
2000-06-23,0.0,0.0,0.0,0.0,0.0,0.0
2000-06-24,0.0,0.0,0.0,0.0,0.0,0.0
2000-06-25,0.0,0.0,0.0,0.0,0.0,0.0
2000-06-26,0.0,0.0,0.0,0.0,0.0,0.0
2000-06-27,0.0,0.0,0.0,0.0,0.0,0.0
2000-06-28,0.0,0.0,0.0,0.0,0.0,0.0
2000-06-29,0.0,0.0,0.0,0.0,0.0,0.0
2000-06-30,0.0,0.0,0.0,0.0,0.0,0.0
2000-07-01,0.0,0.0,0.0,0.0,0.0,0.0
2000-07-02,0.0,0.0,0.0,0.0,0.0,0.0
2000-07-03,0.0,0.010000000009313226,0.0,0.0,-0.010000000009313226,0.0
2000-07-04,0.0,0.029999999998835847,0.0,0.0,-0.029999999998835847,0.0
2000-07-05,0.0,0.0,0.0,0.0,0.0,0.0
2000-07-06,0.0,0.0,0.0,0.0,0.0,0.0
2000-07-07,0.0,0.0,0.0,0.0,0.0,0.0
2000-07-08,0.0,0.0,0.0,0.0,0.0,0.0
2000-07-09,0.0,0.0,0.0,0.0,0.0,0.0
2000-07-10,0.0,0.0,0.0,0.0,0.0,0.0
2000-07-11,0.0,0.0,0.0,0.0,0.0,0.0
2000-07-12,0.0,0.0,0.0,0.0,0.0,0.0
2000-07-13,0.0,-0.00999999999476131,0.0,0.0,0.00999999999476131,0.0
2000-07-14,0.0,-0.00999999999476131,0.0,0.0,0.00999999999476131,0.0
2000-07-15,0.0,0.0,0.0,0.0,0.0,0.0
2000-07-16,0.0,0.0,0.0,0.0,0.0,0.0
2000-07-17,0.0,0.0,0.0,0.0,0.0,0.0
2000-07-18,0.0,0.0,0.0,0.0,0.0,0.0
2000-07-19,0.0,-0.00999999999476131,0.0,0.0,0.00999999999476131,0.0
2000-07-20,0.0,0.010000000009313226,0.0,0.0,-0.010000000009313226,0.0
2000-07-21,0.0,0.0,0.0,0.0,0.0,0.0
2000-07-22,0.0,0.0,0.0,0.0,0.0,0.0
2000-07-23,0.0,0.0,0.0,0.0,0.0,0.0
2000-07-24,0.0,0.0,0.0,0.0,0.0,0.0
2000-07-25,0.0,0.0,0.0,0.0,0.0,0.0
2000-07-26,0.0,0.0,0.0,0.0,0.0,0.0
2000-07-27,0.0,0.0,0.0,0.0,0.0,0.0
2000-07-28,0.0,0.0,0.0,0.0,0.0,0.0
2000-07-29,0.0,0.0,0.0,0.0,0.0,0.0
2000-07-30,0.0,0.0,0.6000000000058208,0.0,0.6000000000058208,0.0
2000-07-31,0.0,0.0,0.0,0.0,0.0,0.0
2000-08-01,0.0,-0.010000000009313226,0.0,0.0,0.010000000009313226,0.0
2000-08-02,0.0,0.0,0.0,0.0,0.0,0.0
2000-08-03,0.0,0.0,0.0,0.0,0.0,0.0
2000-08-04,0.0,0.0,0.0,0.0,0.0,0.0
2000-08-05,0.0,0.0,0.0,0.0,0.0,0.0
2000-08-06,0.0,0.0,0.0,0.0,0.0,0.0
2000-08-07,0.0,0.0,0.0,0.0,0.0,0.0
2000-08-08,0.0,0.0,0.0,0.0,0.0,0.0
2000-08-09,0.0,0.0,0.0,0.0,0.0,0.0
2000-08-10,0.0,0.0,0.0,0.0,0.0,0.0
2000-08-11,0.0,0.010000000002037268,0.0,0.0,-0.010000000002037268,0.0
2000-08-12,0.0,-0.01999999999679858,0.0,0.0,0.01999999999679858,0.0
2000-08-13,0.0,-0.01999999999679858,0.6000000000058208,0.0,0.6200000000026193,0.0
2000-08-14,0.0,0.020000000004074536,0.0,0.0,-0.020000000004074536,0.0
2000-08-15,0.0,0.0,0.0,0.0,0.0,0.0
2000-08-16,0.0,0.0,0.0,0.0,0.0,0.0
2000-08-17,0.0,0.0,0.0,0.0,0.0,0.0
2000-08-18,0.0,0.0,0.0,0.0,0.0,0.0
2000-08-19,0.0,0.0,0.0,0.0,0.0,0.0
2000-08-20,0.0,0.0,0.0,0.0,0.0,0.0
2000-08-21,0.0,0.0,0.0,0.0,0.0,0.0
2000-08-22,0.0,0.0,0.0,0.0,0.0,0.0
2000-08-23,0.0,0.0,0.0,0.0,0.0,0.0
2000-08-24,0.0,0.0,-0.6000000000058208,0.0,-0.6000000000058208,0.0
2000-08-25,0.0,0.0,0.0,0.0,0.0,0.0
2000-08-26,0.0,0.0,0.0,0.0,0.0,0.0
2000-08-27,0.0,0.0,0.0,0.0,0.0,0.0
2000-08-28,0.0,0.0,0.0,0.0,0.0,0.0
2000-08-29,0.0,0.0,0.0,0.0,0.0,0.0
2000-08-30,0.0,0.0,0.0,0.0,0.0,0.0
2000-08-31,0.0,0.0,0.0,0.0,0.0,0.0
2000-09-01,0.0,0.0,0.0,0.0,0.0,0.0
2000-09-02,0.0,0.0,0.0,0.0,0.0,0.0
2000-09-03,0.0,0.0,0.0,0.0,0.0,0.0
2000-09-04,0.0,-0.00999999999839929,0.0,0.0,0.00999999999839929,0.0
2000-09-05,0.0,0.0,0.0,0.0,0.0,0.0
2000-09-06,0.0,0.0,0.0,0.0,0.0,0.0
2000-09-07,0.0,0.0,0.0,0.0,0.0,0.0
2000-09-08,0.0,0.0,0.0,0.0,0.0,0.0
2000-09-09,0.0,0.0,0.0,0.0,0.0,0.0
2000-09-10,0.0,0.0,0.0,0.0,0.0,0.0
2000-09-11,0.0,0.00999999999839929,0.0,0.0,-0.00999999999839929,0.0
2000-09-12,0.0,-0.010000000002037268,0.0,0.0,0.010000000002037268,0.0
2000-09-13,0.0,0.0,0.0,0.0,0.0,0.0
2000-09-14,0.0,0.0,0.0,0.0,0.0,0.0
2000-09-15,0.0,0.0,0.0,0.0,0.0,0.0
2000-09-16,0.0,0.0,0.0,0.0,0.0,0.0
2000-09-17,0.0,0.00999999999839929,0.0,0.0,-0.00999999999839929,0.0
2000-09-18,0.0,0.0,0.0,0.0,0.0,0.0
2000-09-19,0.0,0.0,0.0,0.0,0.0,0.0
2000-09-20,0.0,0.0,0.0,0.0,0.0,0.0
2000-09-21,0.0,0.0,0.0,0.0,0.0,0.0
2000-09-22,0.0,0.0,0.0,0.0,0.0,0.0
2000-09-23,0.0,0.0,0.0,0.0,0.0,0.0
2000-09-24,0.0,0.0,0.0,0.0,0.0,0.0
2000-09-25,0.0,0.0,0.0,0.0,0.0,0.0
2000-09-26,0.0,0.0,0.0,0.0,0.0,0.0
2000-09-27,0.0,0.0,0.0,0.0,0.0,0.0
2000-09-28,0.0,0.0,0.0,0.0,0.0,0.0
2000-09-29,0.0,0.0,0.0,0.0,0.0,0.0
2000-09-30,0.0,0.0,0.0,0.0,0.0,0.0
2000-10-01,0.0,0.01999999999679858,-3.0,0.0,-3.0199999999967986,20.0
2000-10-02,0.0,-0.00999999999839929,-0.5999999999985448,0.0,-0.5900000000001455,0.0
2000-10-03,0.0,0.0,0.0,0.0,0.0,0.0
2000-10-04,0.0,0.0,0.0,0.0,0.0,0.0
2000-10-05,0.0,0.0,0.0,0.0,0.0,0.0
2000-10-06,0.0,0.0,0.0,0.0,0.0,0.0
2000-10-07,0.0,0.0,0.0,0.0,0.0,0.0
2000-10-08,0.0,0.0,0.0,0.0,0.0,0.0
2000-10-09,0.0,0.0,0.0,0.0,0.0,0.0
2000-10-10,0.0,0.0,0.0,0.0,0.0,0.0
2000-10-11,0.0,0.0,0.0,0.0,0.0,0.0
2000-10-12,0.0,0.0,0.0,0.0,0.0,0.0
2000-10-13,0.0,0.0,0.0,0.0,0.0,0.0
2000-10-14,0.0,0.0,0.0,0.0,0.0,0.0
2000-10-15,0.0,0.0,0.0,0.0,0.0,0.0
2000-10-16,0.0,0.0,0.0,0.0,0.0,0.0
2000-10-17,8.515293302480131e-06,0.00999999999839929,0.0,0.0,-0.00999999999839929,0.0
2000-10-18,8.174680260708556e-06,0.0,0.0,0.0,0.0,0.0
2000-10-19,7.847691449569538e-06,0.0,0.0,0.0,0.0,0.0
2000-10-20,7.533781172242016e-06,0.0,0.0,0.0,0.0,0.0
2000-10-21,7.2324291977565736e-06,0.0,0.0,0.0,0.0,0.0
2000-10-22,6.943129847059026e-06,0.0,0.0,0.0,0.0,0.0
2000-10-23,6.665410182904452e-06,0.0,0.0,0.0,0.0,0.0
2000-10-24,6.398793630069122e-06,0.0,0.0,0.0,0.0,0.0
2000-10-25,6.142839993117377e-06,0.0,0.0,0.0,0.0,0.0
2000-10-26,5.897127266507596e-06,0.0,0.0,0.0,0.0,0.0
2000-10-27,5.661240720655769e-06,0.0,0.0,0.0,0.0,0.0
2000-10-28,5.4347947298083454e-06,-0.020000000000436557,0.0,0.0,0.020000000000436557,0.0
2000-10-29,5.217403668211773e-06,0.0,0.0,0.0,0.0,0.0
2000-10-30,5.008711013942957e-06,0.0,0.0,0.0,0.0,0.0
2000-10-31,4.808363883057609e-06,0.0,0.0,0.0,0.0,0.0
2000-11-01,4.616034857463092e-06,0.0,0.0,0.0,0.0,0.0
2000-11-02,4.431385605130345e-06,0.0,0.0,0.0,0.0,0.0
2000-11-03,4.254136001691222e-06,0.0,0.0,0.0,0.0,0.0
2000-11-04,4.083973180968314e-06,0.0,0.0,0.0,0.0,0.0
2000-11-05,3.920613380614668e-06,0.0,0.0,0.0,0.0,0.0
2000-11-06,3.7637873901985586e-06,0.0,0.0,0.0,0.0,0.0
2000-11-07,3.613225999288261e-06,0.0,1.8000000000029104,0.0,1.8000000000029104,-50.0
2000-11-08,3.4687036531977355e-06,0.0,0.0,0.0,0.0,0.0
2000-11-09,3.3299511414952576e-06,0.0,0.0,0.0,0.0,0.0
2000-11-10,3.196757461410016e-06,0.01999999999679858,0.0,0.0,-0.01999999999679858,0.0
2000-11-11,3.0688897822983563e-06,0.0,0.0,0.0,0.0,0.0
2000-11-12,2.946144377347082e-06,0.0,0.0,0.0,0.0,0.0
2000-11-13,2.8282884159125388e-06,0.0,0.0,0.0,0.0,0.0
2000-11-14,2.7151472750119865e-06,0.010000000002037268,0.0,0.0,-0.010000000002037268,0.0
2000-11-15,2.6065390557050705e-06,0.0,0.0,0.0,0.0,0.0
2000-11-16,2.502281859051436e-06,0.0,0.0,0.0,0.0,0.0
2000-11-17,2.402186510153115e-06,0.0,0.0,0.0,0.0,0.0
2000-11-18,2.306114765815437e-06,0.0,0.0,0.0,0.0,0.0
2000-11-19,2.213855623267591e-06,0.0,0.0,0.0,0.0,0.0
2000-11-20,2.1253072191029787e-06,0.0,0.0,0.0,0.0,0.0
2000-11-21,2.0402949303388596e-06,0.0,0.0,0.0,0.0,0.0
2000-11-22,1.9586877897381783e-06,-0.00999999999476131,0.0,0.0,0.00999999999476131,0.0
2000-11-23,1.8803257262334228e-06,0.0,0.0,0.0,0.0,0.0
2000-11-24,1.8051068764179945e-06,0.0,0.0,0.0,0.0,0.0
2000-11-25,1.7329148249700665e-06,0.010000000009313226,0.0,0.0,-0.010000000009313226,0.0
2000-11-26,1.6636040527373552e-06,0.0,0.0,0.0,0.0,0.0
2000-11-27,1.5970435924828053e-06,0.0,0.0,0.0,0.0,0.0
2000-11-28,1.5331606846302748e-06,0.0,0.0,0.0,0.0,0.0
2000-11-29,1.4718534657731652e-06,0.0,0.0,0.0,0.0,0.0
2000-11-30,1.412976416759193e-06,0.0,0.0,0.0,0.0,0.0
2000-12-01,2.0065635908395052e-07,0.0,0.0,0.0,0.0,0.0
2000-12-02,1.9263825379312038e-07,0.0,0.0,0.0,0.0,0.0
2000-12-03,1.8491118680685759e-07,0.0,0.0,0.0,0.0,0.0
2000-12-04,1.7751881387084723e-07,0.0,0.0,0.0,0.0,0.0
2000-12-05,1.7043203115463257e-07,0.0,0.0,0.0,0.0,0.0
2000-12-06,1.6359263099730015e-07,0.0,0.0,0.0,0.0,0.0
2000-12-07,1.5704426914453506e-07,0.0,0.0,0.0,0.0,0.0
2000-12-08,1.5080149751156569e-07,0.0,0.0,0.0,0.0,0.0
2000-12-09,1.4474790077656507e-07,0.0,0.0,0.0,0.0,0.0
2000-12-10,1.3895623851567507e-07,0.0,0.0,0.0,0.0,0.0
2000-12-11,1.3339740689843893e-07,0.0,0.0,0.0,0.0,0.0
2000-12-12,1.2807140592485666e-07,0.0,0.0,0.0,0.0,0.0
2000-12-13,1.2294913176447153e-07,0.0,0.0,0.0,0.0,0.0
2000-12-14,3.585417289286852e-06,0.0,0.0,0.0,0.0,0.0
2000-12-15,5.753565346822143e-06,0.0,-5.999999999985448,0.0,-5.999999999985448,0.0
2000-12-16,5.5234559113159776e-06,0.0,0.0,0.0,0.0,0.0
2000-12-17,5.302514182403684e-06,0.00999999999476131,0.0,0.0,-0.00999999999476131,0.0
2000-12-18,5.09039091411978e-06,-0.020000000004074536,0.0,0.0,0.020000000004074536,0.0
2000-12-19,4.8867950681596994e-06,0.0,0.0,0.0,0.0,0.0
2000-12-20,4.6913191908970475e-06,0.0,0.0,0.0,0.0,0.0
2000-12-21,4.503657692112029e-06,0.0,0.0,0.0,0.0,0.0
2000-12-22,4.323504981584847e-06,-29.720000000001164,456.0,0.010000000000000009,485.72000000000116,100.0
2000-12-23,4.150584572926164e-06,29.139999999984866,65.99999999998545,0.0,36.86000000000058,0.0
2000-12-24,3.984547220170498e-06,0.6300000000046566,0.0,0.0,-0.6300000000046566,0.0
2000-12-25,3.825174644589424e-06,0.0,0.0,0.0,0.0,0.0
2000-12-26,3.672175807878375e-06,0.21000000000640284,0.0,0.0,-0.21000000000640284,0.0
2000-12-27,3.5252742236480117e-06,-0.04000000000814907,0.0,0.0,0.04000000000814907,0.0
2000-12-28,3.384266165085137e-06,-0.059999999997671694,0.0,0.0,0.059999999997671694,0.0
2000-12-29,3.2489042496308684e-06,-0.08000000000174623,0.0,0.0,0.08000000000174623,0.0
2000-12-30,3.118941094726324e-06,0.04000000000814907,0.0,0.0,-0.04000000000814907,0.0
2000-12-31,2.99414386972785e-06,0.06000000001222361,0.0,0.0,-0.06000000001222361,0.0
2001-01-01,2.8743816073983908e-06,-0.1200000000098953,0.0,0.0,0.1200000000098953,0.0
2001-01-02,2.7594214770942926e-06,0.08000000000174623,0.0,0.0,-0.08000000000174623,0.0
2001-01-03,2.64904520008713e-06,-0.029999999998835847,0.0,0.0,0.029999999998835847,0.0
2001-01-04,2.5430636014789343e-06,0.0,0.0,0.0,0.0,0.0
2001-01-05,2.44134571403265e-06,0.03999999999359716,-6.0,0.0,-6.039999999993597,0.0
2001-01-06,2.34368781093508e-06,-0.09999999999126885,0.0,0.0,0.09999999999126885,0.0
2001-01-07,2.2499734768643975e-06,0.020000000004074536,0.0,0.0,-0.020000000004074536,0.0
2001-01-08,2.159940777346492e-06,0.0,0.0,0.0,0.0,0.0
2001-01-09,2.0735751604661345e-06,0.0,0.0,0.0,0.0,0.0
2001-01-10,1.9906001398339868e-06,0.0,0.0,0.0,0.0,0.0
2001-01-11,1.9109720597043633e-06,0.0,0.0,0.0,0.0,0.0
2001-01-12,1.8345454009249806e-06,0.11000000000058208,0.0,0.0,-0.11000000000058208,0.0
2001-01-13,1.7611600924283266e-06,-0.059999999997671694,0.0,0.0,0.059999999997671694,0.0
2001-01-14,1.6907433746382594e-06,0.0,0.0,0.0,0.0,0.0
2001-01-15,1.6231060726568103e-06,0.0,0.0,0.0,0.0,0.0
2001-01-16,1.5581754269078374e-06,0.0,0.0,0.0,0.0,0.0
2001-01-17,1.4958495739847422e-06,0.0,0.0,0.0,0.0,0.0
2001-01-18,1.435982994735241e-06,0.0,0.0,0.0,0.0,0.0
2001-01-19,1.3785756891593337e-06,-0.020000000004074536,0.0,0.0,0.020000000004074536,0.0
2001-01-20,1.32345303427428e-06,0.00999999999476131,0.0,0.0,-0.00999999999476131,0.0
2001-01-21,1.270498614758253e-06,0.09999999999126885,0.0,0.0,-0.09999999999126885,0.0
2001-01-22,1.2196542229503393e-06,-0.09999999999126885,0.0,0.0,0.09999999999126885,0.0
2001-01-23,1.1708762031048536e-06,0.0,0.0,0.0,0.0,0.0
2001-01-24,1.1240190360695124e-06,0.0,0.0,0.0,0.0,0.0
2001-01-25,1.0790681699290872e-06,0.0,0.0,0.0,0.0,0.0
2001-01-26,1.035907189361751e-06,0.0,0.0,0.0,0.0,0.0
2001-01-27,9.94448782876134e-07,0.01999999998952262,0.0,0.0,-0.01999999998952262,0.0
2001-01-28,9.54707502387464e-07,-0.029999999998835847,0.0,0.0,0.029999999998835847,0.0
2001-01-29,9.164941729977727e-07,0.0,0.0,0.0,0.0,0.0
2001-01-30,8.798233466222882e-07,0.0,0.0,0.0,0.0,0.0
2001-01-31,8.446513675153255e-07,0.0,0.0,0.0,0.0,0.0
2001-02-01,8.108618203550577e-07,0.0,-6.0,0.0,-6.0,0.0
2001-02-02,7.784401532262564e-07,0.04999999998835847,0.0,0.0,-0.04999999998835847,0.0
2001-02-03,7.472990546375513e-07,-0.029999999998835847,-12.0,0.0,-11.970000000001164,10.0
2001-02-04,7.173948688432574e-07,3.0499999999883585,-48.0,0.0,-51.04999999998836,20.0
2001-02-05,6.88698492012918e-07,-3.110000000000582,-17.999999999985448,0.0,-14.889999999984866,0.0
2001-02-06,6.611662684008479e-07,0.029999999998835847,0.0,0.0,-0.029999999998835847,0.0
2001-02-07,6.346963346004486e-07,0.0,0.0,0.0,0.0,0.0
2001-02-08,6.092886906117201e-07,0.0,0.0,0.0,0.0,0.0
2001-02-09,5.84928784519434e-07,0.0,0.0,0.0,0.0,0.0
2001-02-10,5.615438567474484e-07,-0.00999999999476131,0.0,0.0,0.00999999999476131,0.0
2001-02-11,5.390611477196217e-07,0.010000000009313226,0.0,0.0,-0.010000000009313226,0.0
2001-02-12,5.175097612664104e-07,0.0,0.0,0.0,0.0,0.0
2001-02-13,4.968023858964443e-07,-0.010000000009313226,0.0,0.0,0.010000000009313226,0.0
2001-02-14,4.769244696944952e-07,0.0,0.0,0.0,0.0,0.0
2001-02-15,4.5784690883010626e-07,0.0,0.0,0.0,0.0,0.0
2001-02-16,4.39511495642364e-07,0.0,0.0,0.0,0.0,0.0
2001-02-17,4.2197643779218197e-07,0.0,0.0,0.0,0.0,0.0
2001-02-18,4.050962161272764e-07,0.0,-17.999999999985448,0.0,-17.999999999985448,20.0
2001-02-19,3.8888538256287575e-07,0.1300000000046566,0.0,0.0,-0.1300000000046566,0.0
2001-02-20,3.733293851837516e-07,-0.1300000000046566,0.0,0.0,0.1300000000046566,0.0
2001-02-21,3.583991201594472e-07,0.08000000000174623,-6.0,0.0,-6.080000000001746,10.0
2001-02-22,3.440945874899626e-07,-0.08000000000174623,0.0,0.0,0.08000000000174623,0.0
2001-02-23,3.3032847568392754e-07,0.0,0.0,0.0,0.0,0.0
2001-02-24,3.1710078474134207e-07,0.0,0.0,0.0,0.0,0.0
2001-02-25,3.0442606657743454e-07,0.0,0.0,0.0,0.0,0.0
2001-02-26,2.922461135312915e-07,0.0,0.0,0.0,0.0,0.0
2001-02-27,2.8059002943336964e-07,0.029999999998835847,0.0,0.0,-0.029999999998835847,0.0
2001-02-28,2.6935595087707043e-07,-0.08999999999650754,0.0,0.0,0.08999999999650754,0.0
2001-03-01,2.585584297776222e-07,-0.00999999999476131,-6.0,0.0,-5.990000000005239,0.0
2001-03-02,2.4822656996548176e-07,0.04000000000814907,-11.999999999985448,0.0,-12.039999999993597,10.0
2001-03-03,2.3830216377973557e-07,0.0,0.0,0.0,0.0,0.0
2001-03-04,2.2878521122038364e-07,0.0,0.0,0.0,0.0,0.0
2001-03-05,2.1961750462651253e-07,0.03999999999359716,0.0,0.0,-0.03999999999359716,0.0
2001-03-06,2.1082814782857895e-07,0.020000000004074536,0.0,0.0,-0.020000000004074536,0.0
2001-03-07,2.0238803699612617e-07,0.0,0.0,0.0,0.0,0.0
2001-03-08,1.942971721291542e-07,0.13999999999941792,0.0,0.0,-0.13999999999941792,0.0
2001-03-09,1.8654100131243467e-07,-0.1299999999901047,0.0,0.0,0.1299999999901047,0.0
2001-03-10,1.7907586880028248e-07,0.0,0.0,0.0,0.0,0.0
2001-03-11,1.7188722267746925e-07,0.0,0.0,0.0,0.0,0.0
2001-03-12,1.6503327060490847e-07,0.0,0.0,0.0,0.0,0.0
2001-03-13,1.5842670109122992e-07,0.0,0.0,0.0,0.0,0.0
2001-03-14,1.520675141364336e-07,0.0,0.0,0.0,0.0,0.0
2001-03-15,1.4598481357097626e-07,0.020000000004074536,0.0,0.0,-0.020000000004074536,0.0
2001-03-16,1.4016404747962952e-07,-0.059999999997671694,-6.000000000014552,0.0,-5.94000000001688,10.0
2001-03-17,1.3456156011670828e-07,-0.00999999999476131,-12.0,0.0,-11.990000000005239,20.0
2001-03-18,1.291919033974409e-07,0.1200000000098953,-36.0,0.0,-36.120000000009895,0.0
2001-03-19,1.240114215761423e-07,0.10999999998603016,-54.0,0.0,-54.10999999998603,10.0
2001-03-20,1.1904921848326921e-07,-0.3099999999976717,0.0,0.0,0.3099999999976717,0.0
2001-03-21,1.1429074220359325e-07,0.0,0.0,0.0,0.0,0.0
2001-03-22,1.0972144082188606e-07,0.0,0.0,0.0,0.0,0.0
2001-03-23,1.0534131433814764e-07,0.0,0.0,0.0,0.0,0.0
2001-03-24,1.0110670700669289e-07,0.0,-17.999999999985448,0.0,-17.999999999985448,20.0
2001-03-25,9.70612745732069e-08,0.059999999997671694,-24.000000000014552,0.0,-24.060000000012224,10.0
2001-03-26,9.319046512246132e-08,0.01999999998952262,-24.000000000014552,0.0,-24.020000000004075,10.0
2001-03-27,8.943607099354267e-08,0.3200000000069849,-138.0,-0.010000000000000231,-138.32000000000698,-40.0
2001-03-28,8.588540367782116e-08,-0.33999999999650754,-162.0,-0.010000000000000009,-161.6600000000035,-100.0
2001-03-29,8.243659976869822e-08,-0.059999999997671694,0.0,0.0,0.059999999997671694,0.0
2001-03-30,7.913331501185894e-08,-0.029999999998835847,-6.000000000014552,0.0,-5.970000000015716,0.0
2001-03-31,7.596099749207497e-08,-0.029999999998835847,-102.0,0.0,-101.97000000000116,20.0
2001-04-01,7.293419912457466e-08,-0.07000000000698492,-12.0,0.0,-11.929999999993015,0.0
2001-04-02,7.002381607890129e-08,0.0,-48.0,0.0,-48.0,10.0
2001-04-03,6.722984835505486e-08,0.0,-6.0,0.0,-6.0,10.0
2001-04-04,6.452319212257862e-08,-0.01999999998952262,0.0,0.0,0.01999999998952262,0.0
2001-04-05,6.196205504238605e-08,0.0,0.0,0.0,0.0,0.0
2001-04-06,5.9459125623106956e-08,0.0,-30.0,0.0,-30.0,20.0
2001-04-07,5.7101715356111526e-08,0.07999999998719431,-18.0,0.0,-18.079999999987194,10.0
2001-04-08,5.4802512750029564e-08,0.0,0.0,0.0,0.0,0.0
2001-04-09,5.2619725465774536e-08,0.0,-6.0,0.0,-6.0,0.0
2001-04-10,5.052424967288971e-08,0.060000000026775524,-162.0000000000291,0.0,-162.06000000005588,30.0
2001-04-11,4.8516085371375084e-08,-0.0500000000174623,-30.000000000029104,0.0,-29.95000000001164,10.0
2001-04-12,4.653702490031719e-08,0.060000000026775524,-29.999999999970896,0.0,-30.05999999999767,20.0
2001-04-13,4.470348358154297e-08,0.0,-18.0,0.0,-18.0,0.0
2001-04-14,4.292814992368221e-08,0.0,0.0,0.0,0.0,0.0
2001-04-15,4.118192009627819e-08,0.0,0.0,0.0,0.0,0.0
2001-04-16,3.95521055907011e-08,0.0,0.0,0.0,0.0,0.0
2001-04-17,3.798049874603748e-08,0.0,0.0,0.0,0.0,0.0
2001-04-18,3.646709956228733e-08,0.0,-6.000000000029104,0.0,-6.000000000029104,0.0
2001-04-19,3.5011908039450645e-08,0.0,0.0,0.0,0.0,0.0
2001-04-20,3.3585820347070694e-08,0.0,-36.0,0.0,-36.0,10.0
2001-04-21,3.227614797651768e-08,0.0,0.0,0.0,0.0,0.0
2001-04-22,3.096647560596466e-08,0.0,-6.000000000029104,0.0,-6.000000000029104,0.0
2001-04-23,2.9685907065868378e-08,0.0,0.0,0.0,0.0,0.0
2001-04-24,2.852175384759903e-08,0.0,0.0,0.0,0.0,0.0
2001-04-25,2.735760062932968e-08,0.0,0.0,0.0,0.0,0.0
2001-04-26,2.62953108176589e-08,-0.00999999999476131,0.0,0.0,0.00999999999476131,0.0
2001-04-27,2.5247572921216488e-08,0.00999999999476131,0.0,0.0,-0.00999999999476131,0.0
2001-04-28,2.4228938855230808e-08,0.0,-6.000000000014552,0.0,-6.000000000014552,0.0
2001-04-29,2.3268512450158596e-08,0.0,0.0,0.0,0.0,0.0
2001-04-30,2.2351741790771484e-08,-18.25,2483.9999999998836,-0.40000000000000213,2502.2499999998836,20.0
2001-05-01,2.144952304661274e-08,18.45000000001164,-138.0,-0.009999999999999787,-156.45000000001164,0.0
2001-05-02,2.0547304302453995e-08,0.010000000009313226,-12.0,0.0,-12.010000000009313,0.0
2001-05-03,1.973239704966545e-08,0.0,-5.999999999970896,0.0,-5.999999999970896,0.0
2001-05-04,1.894659362733364e-08,0.0,0.0,0.0,0.0,0.0
2001-05-05,1.8189894035458565e-08,-0.059999999997671694,0.0,0.0,0.059999999997671694,0.0
2001-05-06,1.7447746358811855e-08,0.0,0.0,0.0,0.0,0.0
2001-05-07,1.6749254427850246e-08,0.0,0.0,0.0,0.0,0.0
2001-05-08,1.607986632734537e-08,0.0,0.0,0.0,0.0,0.0
2001-05-09,1.5410478226840496e-08,0.0,0.0,0.0,0.0,0.0
2001-05-10,1.4799297787249088e-08,0.0,0.0,0.0,0.0,0.0
2001-05-11,1.4246325008571148e-08,0.0,0.0,0.0,0.0,0.0
2001-05-12,1.3649696484208107e-08,0.0,0.0,0.0,0.0,0.0
2001-05-13,1.3111275620758533e-08,0.0,0.0,0.0,0.0,0.0
2001-05-14,1.257285475730896e-08,0.059999999997671694,-186.0,-0.009999999999999787,-186.05999999999767,-30.0
2001-05-15,1.2078089639544487e-08,-0.11999999999534339,-78.0,0.0,-77.88000000000466,0.0
2001-05-16,1.9988510757684708e-07,0.0,-12.000000000029104,0.0,-12.000000000029104,0.0
2001-05-17,7.56728695705533e-07,0.0,0.0,0.0,0.0,0.0
2001-05-18,7.86739110480994e-06,0.00999999999476131,0.0,0.0,-0.00999999999476131,0.0
2001-05-19,1.350879028905183e-05,-0.010000000009313226,0.0,0.0,0.010000000009313226,0.0
2001-05-20,2.5130531867034733e-05,0.0,0.0,0.0,0.0,0.0
2001-05-21,6.43696403130889e-05,-0.010000000009313226,0.0,0.0,0.010000000009313226,0.0
2001-05-22,0.00014319599722512066,0.0,0.0,0.0,0.0,0.0
2001-05-23,0.000241131943766959,0.0,0.0,0.0,0.0,0.0
2001-05-24,0.0003304817364551127,0.069999999992433,0.0,0.0,-0.069999999992433,0.0
2001-05-25,0.0003986635711044073,0.010000000009313226,0.0,0.0,-0.010000000009313226,0.0
2001-05-26,0.000442675402155146,-0.020000000004074536,0.0,0.0,0.020000000004074536,0.0
2001-05-27,0.00047078893112484366,0.0,0.0,0.0,0.0,0.0
2001-05-28,0.00048764346865937114,0.0,0.0,0.0,0.0,0.0
2001-05-29,0.0004974294861312956,0.0,0.0,0.0,0.0,0.0
2001-05-30,0.0005043581186328083,0.0,0.0,0.0,0.0,0.0
2001-05-31,0.0005134884704602882,0.0,0.0,0.0,0.0,0.0
2001-06-01,0.0005237032019067556,0.0,0.0,0.0,0.0,0.0
2001-06-02,0.0005231865361565724,0.0,0.0,0.0,0.0,0.0
2001-06-03,0.0005133281229063869,0.0,0.0,0.0,0.0,0.0
2001-06-04,0.0004983652761438861,0.0,0.0,0.0,0.0,0.0
2001-06-05,0.00048080398119054735,0.0,0.0,0.0,0.0,0.0
2001-06-06,0.0004624144930858165,0.0,0.0,0.0,0.0,0.0
2001-06-07,0.000444371355115436,0.0,0.0,0.0,0.0,0.0
2001-06-08,0.00042699604819063097,0.0,0.0,0.0,0.0,0.0
2001-06-09,0.0004101921513210982,0.0,0.0,0.0,0.0,0.0
2001-06-10,0.0003939598682336509,0.0,0.0,0.0,0.0,0.0
2001-06-11,0.0003786089946515858,0.0,-30.0,0.0,-30.0,0.0
2001-06-12,0.0003641610819613561,0.05000000000291038,-18.0,0.0,-18.05000000000291,20.0
2001-06-13,0.00035024722456000745,-0.00999999999476131,0.0,0.0,0.00999999999476131,0.0
2001-06-14,0.0003373671061126515,0.059999999997671694,0.0,0.0,-0.059999999997671694,0.0
2001-06-15,0.0003246127307647839,0.0,0.0,0.0,0.0,0.0
2001-06-16,0.0003131087723886594,0.0,0.0,0.0,0.0,0.0
2001-06-17,0.00030229710682760924,0.0,0.0,0.0,0.0,0.0
2001-06-18,0.0002931921771960333,0.0,0.0,0.0,0.0,0.0
2001-06-19,0.0002829888690030202,0.0,0.0,0.0,0.0,0.0
2001-06-20,0.00027304928516969085,0.0,0.0,0.0,0.0,0.0
2001-06-21,0.00026272315881215036,0.0,0.0,0.0,0.0,0.0
2001-06-22,0.0002526216994738206,0.0,0.0,0.0,0.0,0.0
2001-06-23,0.0002426483843009919,0.0,0.0,0.0,0.0,0.0
2001-06-24,0.00023294244601856917,0.0,0.0,0.0,0.0,0.0
2001-06-25,0.00022362473828252405,0.0,0.0,0.0,0.0,0.0
2001-06-26,0.0002146797487512231,0.0,0.0,0.0,0.0,0.0
2001-06-27,-0.005293907452141866,-0.01999999998952262,-18.59999999999127,0.0,-18.580000000001746,0.0
2001-06-28,0.0002632558607729152,-0.04000000000814907,0.0,0.0,0.04000000000814907,0.0
2001-06-29,0.00033148328657262027,0.0,0.0,0.0,0.0,0.0
2001-06-30,0.00034736770612653345,0.0,0.0,0.0,0.0,0.0
2001-07-01,0.0003455627738730982,0.0,0.0,0.0,0.0,0.0
2001-07-02,0.00033959021675400436,0.0,0.0,0.0,0.0,0.0
2001-07-03,0.00033312587765976787,0.0,0.0,0.0,0.0,0.0
2001-07-04,0.0003267233551014215,0.0,0.0,0.0,0.0,0.0
2001-07-05,0.00032130550243891776,-0.00999999999476131,0.0,0.0,0.00999999999476131,0.0
2001-07-06,0.00031904710340313613,-0.00999999999476131,0.0,0.0,0.00999999999476131,0.0
2001-07-07,0.0003205782122677192,0.029999999998835847,0.0,0.0,-0.029999999998835847,0.0
2001-07-08,0.0003240940859541297,0.0,0.0,0.0,0.0,0.0
2001-07-09,0.00032842226210050285,0.0,0.0,0.0,0.0,0.0
2001-07-10,0.00033400664688088,0.010000000009313226,0.0,0.0,-0.010000000009313226,0.0
2001-07-11,0.0003482799365883693,0.020000000004074536,0.0,0.0,-0.020000000004074536,0.0
2001-07-12,0.00036071558133699,0.0,-0.5999999999912689,0.0,-0.5999999999912689,0.0
2001-07-13,0.00036436374648474157,0.0,0.0,0.0,0.0,0.0
2001-07-14,0.0003605259262258187,0.0,0.0,0.0,0.0,0.0
2001-07-15,0.0003523687191773206,0.0,0.0,0.0,0.0,0.0
2001-07-16,0.00034200702066300437,0.0,0.0,0.0,0.0,0.0
2001-07-17,0.000329873786540702,0.0,0.0,0.0,0.0,0.0
2001-07-18,0.0003170773707097396,0.029999999998835847,0.0,0.0,-0.029999999998835847,0.0
2001-07-19,0.0003001735749421641,0.0,0.0,0.0,0.0,0.0
2001-07-20,0.0002881666223402135,0.0,0.0,0.0,0.0,0.0
2001-07-21,0.000276639977528248,0.0,0.0,0.0,0.0,0.0
2001-07-22,0.0002655743664945476,0.0,0.0,0.0,0.0,0.0
2001-07-23,0.000254951388342306,0.0,0.0,0.0,0.0,0.0
2001-07-24,0.000244753340666648,0.0,0.0,0.0,0.0,0.0
2001-07-25,0.00023496319045079872,0.0,0.0,0.0,0.0,0.0
2001-07-26,0.00022556466865353286,0.0,0.5999999999985448,0.0,0.5999999999985448,0.0
2001-07-27,0.00021654208831023425,0.0,0.0,0.0,0.0,0.0
2001-07-28,0.00020788039546459913,0.0,0.0,0.0,0.0,0.0
2001-07-29,0.00019956519099650905,0.0,0.0,0.0,0.0,0.0
2001-07-30,0.00019158257055096328,0.0,0.0,0.0,0.0,0.0
2001-07-31,0.00018391926278127357,0.0,0.0,0.0,0.0,0.0
2001-08-01,0.00017656249838182703,0.0,0.0,0.0,0.0,0.0
2001-08-02,0.00016949998826021329,0.0,0.0,0.0,0.0,0.0
2001-08-03,0.00016271998902084306,0.0,0.0,0.0,0.0,0.0
2001-08-04,0.00015621120110154152,0.0,0.0,0.0,0.0,0.0
2001-08-05,0.0001499627614975907,0.0,0.0,0.0,0.0,0.0
2001-08-06,0.00014396422920981422,0.0,0.0,0.0,0.0,0.0
2001-08-07,0.00013820566528011113,0.0,0.0,0.0,0.0,0.0
2001-08-08,0.00013267744361655787,0.0,0.0,0.0,0.0,0.0
2001-08-09,0.00012737035285681486,0.0,0.0,0.0,0.0,0.0
2001-08-10,0.00012227553088450804,0.0,0.0,0.0,0.0,0.0
2001-08-11,0.00011738451576093212,0.0,0.0,0.0,0.0,0.0
2001-08-12,0.00011268912930972874,0.0,0.0,0.0,0.0,0.0
2001-08-13,0.00010818157170433551,0.0,0.0,0.0,0.0,0.0
2001-08-14,0.00010385431232862175,0.0,0.0,0.0,0.0,0.0
2001-08-15,9.970012615667656e-05,0.0,0.0,0.0,0.0,0.0
2001-08-16,9.571212285663933e-05,0.010000000002037268,0.0,0.0,-0.010000000002037268,0.0
2001-08-17,9.188363037537783e-05,0.0,-0.6000000000058208,0.0,-0.6000000000058208,0.0
2001-08-18,8.82082968018949e-05,0.0,0.0,0.0,0.0,0.0
2001-08-19,8.467995576211251e-05,0.010000000002037268,0.0,0.0,-0.010000000002037268,0.0
2001-08-20,8.129276102408767e-05,0.0,0.0,0.0,0.0,0.0
2001-08-21,7.804105553077534e-05,0.0,0.0,0.0,0.0,0.0
2001-08-22,7.491940777981654e-05,0.0,0.0,0.0,0.0,0.0
2001-08-23,7.192263365141116e-05,0.00999999999839929,0.0,0.0,-0.00999999999839929,0.0
2001-08-24,6.904573092469946e-05,0.0,0.0,0.0,0.0,0.0
2001-08-25,6.628390474361368e-05,0.0,0.0,0.0,0.0,0.0
2001-08-26,6.363254578900523e-05,0.0,0.0,0.0,0.0,0.0
2001-08-27,6.108723755460232e-05,0.0,0.0,0.0,0.0,0.0
2001-08-28,5.86437490710523e-05,0.0,0.0,0.0,0.0,0.0
2001-08-29,5.62979985261336e-05,0.0,0.0,0.0,0.0,0.0
2001-08-30,5.404608236858621e-05,0.0,0.0,0.0,0.0,0.0
2001-08-31,5.188423892832361e-05,0.0,0.0,0.0,0.0,0.0
2001-09-01,4.9808866606326774e-05,0.0,0.0,0.0,0.0,0.0
2001-09-02,4.781650932272896e-05,0.0,0.0,0.0,0.0,0.0
2001-09-03,4.590384924085811e-05,0.0,0.0,0.0,0.0,0.0
2001-09-04,4.40676994912792e-05,0.0,0.0,0.0,0.0,0.0
2001-09-05,4.230499325785786e-05,0.0,0.0,0.0,0.0,0.0
2001-09-06,4.0612791053717956e-05,0.0,0.0,0.0,0.0,0.0
2001-09-07,3.89882770832628e-05,0.0,0.0,0.0,0.0,0.0
2001-09-08,3.7428748328238726e-05,0.0,0.0,0.0,0.0,0.0
2001-09-09,3.593159999581985e-05,0.0,0.0,0.0,0.0,0.0
2001-09-10,3.4494336432544515e-05,0.0,0.0,0.0,0.0,0.0
2001-09-11,3.3114567486336455e-05,0.0,0.0,0.0,0.0,0.0
2001-09-12,3.178997940267436e-05,0.0,0.0,0.0,0.0,0.0
2001-09-13,3.051838211831637e-05,0.0,0.0,0.0,0.0,0.0
2001-09-14,2.9297647415660322e-05,0.0,0.0,0.0,0.0,0.0
2001-09-15,2.8125738026574254e-05,0.0,0.0,0.0,0.0,0.0
2001-09-16,2.7000711270375177e-05,0.0,0.0,0.0,0.0,0.0
2001-09-17,2.5920689949998632e-05,0.0,0.0,0.0,0.0,0.0
2001-09-18,2.488385871401988e-05,0.0,0.0,0.0,0.0,0.0
2001-09-19,2.3888507712399587e-05,0.020000000000436557,0.0,0.0,-0.020000000000436557,0.0
2001-09-20,2.29329671128653e-05,0.0,0.0,0.0,0.0,0.0
2001-09-21,2.201564348069951e-05,0.0,0.0,0.0,0.0,0.0
2001-09-22,2.113501977873966e-05,0.0,0.0,0.0,0.0,0.0
2001-09-23,2.028962262556888e-05,0.0,0.0,0.0,0.0,0.0
2001-09-24,1.947804048541002e-05,0.0,0.0,0.0,0.0,0.0
2001-09-25,1.869891639216803e-05,0.0,0.0,0.0,0.0,0.0
2001-09-26,1.7950953406398185e-05,0.0,0.0,0.0,0.0,0.0
2001-09-27,1.7232920072274283e-05,-0.010000000000218279,0.0,0.0,0.010000000000218279,0.0
2001-09-28,1.654360312386416e-05,0.0,0.0,0.0,0.0,0.0
2001-09-29,1.5881858416832983e-05,0.0,0.0,0.0,0.0,0.0
2001-09-30,1.5246583643602207e-05,0.0,0.0,0.0,0.0,0.0
2001-10-01,1.4636720152338967e-05,0.0,0.0,0.0,0.0,0.0
2001-10-02,1.4051252946956083e-05,0.0,0.0,0.0,0.0,0.0
2001-10-03,1.3489201592165045e-05,0.0,0.0,0.0,0.0,0.0
2001-10-04,1.2949631127412431e-05,0.0,0.0,0.0,0.0,0.0
2001-10-05,1.2431644790922292e-05,0.0,0.0,0.0,0.0,0.0
2001-10-06,1.1934380381717347e-05,0.0,0.0,0.0,0.0,0.0
2001-10-07,1.1457006621640176e-05,0.0,0.0,0.0,0.0,0.0
2001-10-08,1.0998726793332025e-05,0.0,0.0,0.0,0.0,0.0
2001-10-09,1.0558775102254003e-05,0.0,0.0,0.0,0.0,0.0
2001-10-10,1.0136425771634094e-05,0.0,0.0,0.0,0.0,0.0
2001-10-11,9.730969395604916e-06,0.0,0.0,0.0,0.0,0.0
2001-10-12,9.341731129097752e-06,0.0,0.0,0.0,0.0,0.0
2001-10-13,8.968059773906134e-06,0.0,0.0,0.0,0.0,0.0
2001-10-14,8.609340511611663e-06,0.0,0.0,0.0,0.0,0.0
2001-10-15,8.264965799753554e-06,0.0,0.0,0.0,0.0,0.0
2001-10-16,7.934366294648498e-06,0.0,0.0,0.0,0.0,0.0
2001-10-17,7.616992661496624e-06,0.0,0.0,0.0,0.0,0.0
2001-10-18,7.312313755392097e-06,0.0,0.0,0.0,0.0,0.0
2001-10-19,7.01981844031252e-06,0.0,0.0,0.0,0.0,0.0
2001-10-20,6.7390301410341635e-06,-0.010000000000218279,0.0,0.0,0.010000000000218279,0.0
2001-10-21,6.469465006375685e-06,0.00999999999839929,0.0,0.0,-0.00999999999839929,0.0
2001-10-22,6.2106846598908305e-06,-0.13999999999941792,637.1999999999825,0.020000000000000018,637.339999999982,10.0
2001-10-23,5.96226891502738e-06,0.11999999999534339,-17.400000000001455,-0.0010000000000000009,-17.5199999999968,-10.0
2001-10-24,5.7237703003920615e-06,-0.020000000000436557,1.2000000000043656,0.0,1.2200000000048021,0.0
2001-10-25,5.494821380125359e-06,0.0,0.0,0.0,0.0,0.0
2001-10-26,5.275025614537299e-06,0.0,0.0,0.0,0.0,0.0
2001-10-27,5.0640301196835935e-06,-0.010000000002037268,0.0,0.0,0.010000000002037268,0.0
2001-10-28,4.861467459704727e-06,0.0,0.0,0.0,0.0,0.0
2001-10-29,4.667010216508061e-06,0.0,0.0,0.0,0.0,0.0
2001-10-30,4.2662068153731525e-06,0.0,0.0,0.0,0.0,0.0
2001-10-31,4.095563781447709e-06,0.00999999999476131,-20.40000000000873,0.0,-20.410000000003492,0.0
2001-11-01,3.931738319806755e-06,-0.01999999999679858,-3.599999999998545,0.0,-3.5800000000017462,0.0
2001-11-02,3.7744612200185657e-06,0.0,0.0,0.0,0.0,0.0
2001-11-03,3.6234850995242596e-06,0.0,0.0,0.0,0.0,0.0
2001-11-04,3.4785407478921115e-06,0.0,0.0,0.0,0.0,0.0
2001-11-05,3.3393953344784677e-06,0.0,0.0,0.0,0.0,0.0
2001-11-06,3.205816028639674e-06,0.00999999999476131,0.0,0.0,-0.00999999999476131,0.0
2001-11-07,3.0775918276049197e-06,0.0,0.0,0.0,0.0,0.0
2001-11-08,2.954482624772936e-06,0.0,0.0,0.0,0.0,0.0
2001-11-09,2.8362992452457547e-06,0.0,0.0,0.0,0.0,0.0
2001-11-10,2.72282341029495e-06,0.0,0.0,0.0,0.0,0.0
2001-11-11,2.613931428641081e-06,0.0,0.0,0.0,0.0,0.0
2001-11-12,2.5093904696404934e-06,0.0,0.0,0.0,0.0,0.0
2001-11-13,2.4089968064799905e-06,0.0,-4.80000000000291,0.0,-4.80000000000291,0.0
2001-11-14,2.3126485757529736e-06,0.0,0.0,0.0,0.0,0.0
2001-11-15,2.220156602561474e-06,0.0,-19.199999999982538,0.0,-19.199999999982538,0.0
2001-11-16,2.131346263922751e-06,0.0,-24.60000000000582,0.0,-24.60000000000582,10.0
2001-11-17,2.0460865925997496e-06,0.0,0.0,0.0,0.0,0.0
2001-11-18,1.964232069440186e-06,0.0,0.0,0.0,0.0,0.0
2001-11-19,1.8856808310374618e-06,0.0,0.0,0.0,0.0,0.0
2001-11-20,1.8102582544088364e-06,0.0,-24.000000000014552,0.0,-24.000000000014552,10.0
2001-11-21,1.7378624761477113e-06,0.00999999999476131,-24.000000000014552,0.0,-24.010000000009313,10.0
2001-11-22,1.6683479771018028e-06,-23.43999999994412,1608.0,0.0,1631.4399999999441,0.0
2001-11-23,1.6015837900340557e-06,23.25,24.0,0.0,0.75,0.0
2001-11-24,1.5375553630292416e-06,0.029999999998835847,-12.0,0.0,-12.029999999998836,0.0
2001-11-25,1.4760298654437065e-06,-0.04000000000814907,-6.000000000014552,0.0,-5.960000000006403,10.0
2001-11-26,1.4170072972774506e-06,0.0,0.0,0.0,0.0,0.0
2001-11-27,1.36034213937819e-06,0.0,-6.0,0.0,-6.0,0.0
2001-11-28,1.3058888725936413e-06,-6.190000000002328,1848.0,0.03000000000000025,1854.1900000000023,0.0
2001-11-29,1.253676600754261e-06,-140.25,269.9999999999418,0.0,410.2499999999418,0.0
2001-11-30,1.2035015970468521e-06,63.81999999997788,-71.9999999999709,-0.010000000000000231,-135.81999999994878,0.0
2001-12-01,1.1553638614714146e-06,64.02999999996973,330.0,-0.009999999999999787,265.97000000003027,0.0
2001-12-02,1.109205186367035e-06,15.650000000023283,-60.0,0.0,-75.65000000002328,30.0
2001-12-03,1.0647927410900593e-06,2.970000000001164,-59.999999999970896,-0.009999999999999787,-62.96999999997206,-80.0
2001-12-04,0.0010010221740230918,-2.0499999999883585,-300.0000000000582,-0.009999999999999787,-297.95000000006985,20.0
2001-12-05,9.813520591706038e-07,-79.16000000000349,-234.0,-0.03000000000000025,-154.8399999999965,0.0
2001-12-06,9.421491995453835e-07,-232.55999999999767,-35.99999999994179,-0.07000000000000028,196.56000000005588,0.0
2001-12-07,9.044015314429998e-07,313.78999999997905,240.0000000000291,0.04999999999999982,-73.78999999994994,0.0
2001-12-08,8.682254701852798e-07,0.45000000001164153,-18.000000000029104,0.0,-18.450000000040745,0.0
2001-12-09,8.335046004503965e-07,-0.4699999999720603,-12.0,0.0,-11.53000000002794,0.0
2001-12-10,8.001516107469797e-07,0.0,-83.9999999999709,-0.009999999999999787,-83.9999999999709,-40.0
2001-12-11,7.681956049054861e-07,-2.220000000001164,-210.0000000000291,-0.009999999999999787,-207.78000000002794,-10.0
2001-12-12,7.374619599431753e-07,-13.040000000008149,-96.00000000005821,0.0,-82.96000000005006,30.0
2001-12-13,7.079215720295906e-07,-245.81000000005588,1110.0,0.0,1355.8100000000559,0.0
2001-12-14,6.796326488256454e-07,92.90999999997439,-419.9999999999418,-0.07000000000000028,-512.9099999999162,-60.0
2001-12-15,6.524496711790562e-07,155.65000000002328,-192.0000000000582,-0.009999999999999787,-347.6500000000815,20.0
2001-12-16,6.263144314289093e-07,-75.0,389.9999999998836,-0.29999999999999893,464.9999999998836,-30.0
2001-12-17,6.012851372361183e-07,87.25,-108.0,0.019999999999999574,-195.25,0.0
2001-12-18,5.772453732788563e-07,0.0,-408.0,-0.0600000000000005,-408.0,0.0
2001-12-19,5.541660357266665e-07,0.0,-264.0,-0.040000000000000036,-264.0,0.0
2001-12-20,5.319889169186354e-07,0.0,-150.0,-0.029999999999999805,-150.0,0.0
2001-12-21,5.107431206852198e-07,0.0,-78.0,-0.010000000000000231,-78.0,0.0
2001-12-22,4.90283127874136e-07,0.0,-78.0,-0.010000000000000231,-78.0,0.0
2001-12-23,4.7066714614629745e-07,0.0,-42.0,0.0,-42.0,0.0
2001-12-24,4.5183696784079075e-07,0.0,-29.999999999970896,0.0,-29.999999999970896,0.0
2001-12-25,4.337634891271591e-07,0.0,-60.0,-0.010000000000000231,-60.0,0.0
2001-12-26,4.1644671000540257e-07,0.0,-30.0,-0.009999999999999787,-30.0,0.0
2001-12-27,3.9977021515369415e-07,0.3099999999976717,-6.000000000029104,0.0,-6.3100000000267755,0.0
2001-12-28,3.8379221223294735e-07,-0.22000000000116415,-5.999999999970896,0.0,-5.779999999969732,0.0
2001-12-29,3.6842538975179195e-07,0.0,-6.0,0.0,-6.0,10.0
2001-12-30,3.536988515406847e-07,0.0,0.0,0.0,0.0,0.0
2001-12-31,3.395543899387121e-07,1.3299999999871943,0.0,0.0,-1.3299999999871943,0.0
2002-01-01,3.259920049458742e-07,2.470000000001164,-72.0,0.0,-74.47000000000116,10.0
2002-01-02,3.129243850708008e-07,-1.0,-65.9999999999709,0.0,-64.9999999999709,10.0
2002-01-03,3.004097379744053e-07,-0.4400000000023283,-132.0,0.0,-131.55999999999767,60.0
2002-01-04,2.88418959826231e-07,-2.2699999999895226,-30.0,0.0,-27.730000000010477,0.0
2002-01-05,2.768647391349077e-07,3.389999999984866,-77.9999999999709,0.0,-81.38999999995576,20.0
2002-01-06,2.6583438739180565e-07,3.1800000000512227,-438.0,-0.019999999999999574,-441.1800000000512,-10.0
2002-01-07,2.550659701228142e-07,12.430000000051223,-624.0,-0.02999999999999936,-636.4300000000512,-10.0
2002-01-08,2.449960447847843e-07,-17.220000000030268,-341.9999999999418,-0.009999999999999787,-324.7799999999115,0.0
2002-01-09,2.3515895009040833e-07,-1.9400000000023283,-12.0,0.0,-10.059999999997672,0.0
2002-01-10,2.2575841285288334e-07,0.0,-18.000000000029104,0.0,-18.000000000029104,0.0
2002-01-11,2.1670712158083916e-07,4.470000000001164,-18.000000000029104,0.0,-22.470000000030268,0.0
2002-01-12,2.0809238776564598e-07,-4.309999999997672,-402.0,-0.009999999999999787,-397.6900000000023,0.0
2002-01-13,1.9976869225502014e-07,-0.16999999998370185,-72.0,0.0,-71.8300000000163,20.0
2002-01-14,1.9173603504896164e-07,0.0,-78.0,0.0,-78.0,0.0
2002-01-15,1.8405262380838394e-07,0.0,-35.999999999970896,0.0,-35.999999999970896,0.0
2002-01-16,1.7674756236374378e-07,-0.029999999998835847,-96.0000000000291,-0.010000000000000231,-95.97000000003027,-20.0
2002-01-17,1.696753315627575e-07,0.01999999998952262,-30.000000000029104,0.0,-30.020000000018626,10.0
2002-01-18,1.6283593140542507e-07,0.0,-120.0000000000291,-0.009999999999999787,-120.0000000000291,-40.0
2002-01-19,1.5634577721357346e-07,0.629999999946449,-342.0,0.0,-342.62999999994645,130.0
2002-01-20,1.501757651567459e-07,-151.42999999999302,-24.000000000058208,-0.03999999999999915,127.42999999993481,0.0
2002-01-21,1.4400575309991837e-07,-114.76000000000931,-516.0,-0.15000000000000036,-401.2399999999907,0.0
2002-01-22,1.3830140233039856e-07,-65.81999999994878,-756.0,-0.3000000000000007,-690.1800000000512,50.0
2002-01-23,1.3277167454361916e-07,286.6599999999744,-156.0000000000582,-0.03000000000000025,-442.6600000000326,10.0
2002-01-24,1.2747477740049362e-07,-3.529999999969732,-126.00000000005821,-0.040000000000000036,-122.47000000008848,0.0
2002-01-25,1.2223608791828156e-07,-28.0,1817.9999999997672,0.0,1845.9999999997672,0.0
2002-01-26,1.175212673842907e-07,76.23999999999069,-360.0,0.0,-436.2399999999907,0.0
2002-01-27,1.1274823918938637e-07,-0.030000000027939677,-744.0,-0.08000000000000007,-743.9699999999721,0.0
2002-01-28,1.0826624929904938e-07,0.0,-438.0,-0.04999999999999982,-438.0,10.0
2002-01-29,1.0390067473053932e-07,0.060000000026775524,-251.9999999999709,-0.040000000000000036,-252.05999999999767,0.0
2002-01-30,9.97388269752264e-08,0.0,-126.0000000000291,-0.020000000000000018,-126.0000000000291,0.0
2002-01-31,9.578070603311062e-08,0.0,-114.0,0.0,-114.0,40.0
2002-02-01,9.193900041282177e-08,0.0,-35.99999999994179,0.0,-35.99999999994179,10.0
2002-02-02,8.827191777527332e-08,0.0,-24.0,0.0,-24.0,0.0
2002-02-03,8.475035429000854e-08,0.0,-23.999999999970896,0.0,-23.999999999970896,0.0
2002-02-04,8.137430995702744e-08,0.0,0.0,0.0,0.0,0.0
2002-02-05,7.811468094587326e-08,0.0,0.0,0.0,0.0,0.0
2002-02-06,7.497146725654602e-08,0.10999999998603016,-12.0,0.0,-12.10999999998603,0.0
2002-02-07,7.194466888904572e-08,-28.380000000004657,677.9999999999418,0.0,706.3799999999464,-150.0
2002-02-08,6.909249350428581e-08,-67.8399999999674,-102.0,-0.05000000000000071,-34.160000000032596,50.0
2002-02-09,6.629852578043938e-08,96.03000000002794,6.000000000058208,0.0,-90.02999999996973,0.0
2002-02-10,6.362097337841988e-08,-0.25,-42.0,0.0,-41.75,20.0
2002-02-11,6.117625162005424e-08,0.6099999999860302,-6.0,0.0,-6.60999999998603,0.0
2002-02-12,5.870242603123188e-08,0.01999999998952262,-66.0000000000291,0.0,-66.02000000001863,0.0
2002-02-13,5.640322342514992e-08,0.0,-29.999999999970896,0.0,-29.999999999970896,0.0
2002-02-14,5.407491698861122e-08,0.0,-11.999999999970896,0.0,-11.999999999970896,10.0
2002-02-15,5.1979441195726395e-08,0.0,-6.0,0.0,-6.0,0.0
2002-02-16,4.9854861572384834e-08,-0.01999999998952262,-36.0,0.0,-35.98000000001048,50.0
2002-02-17,4.7904904931783676e-08,0.14999999999417923,-6.000000000029104,0.0,-6.150000000023283,10.0
2002-02-18,4.595494829118252e-08,0.41000000000349246,-48.0,0.0,-48.41000000000349,0.0
2002-02-19,4.415051080286503e-08,4.8399999999965075,-114.0,0.0,-118.83999999999651,10.0
2002-02-20,4.2404280975461006e-08,-5.389999999984866,-72.0,0.0,-66.61000000001513,0.0
2002-02-21,4.062894731760025e-08,12.069999999948777,-186.0,0.0,-198.06999999994878,20.0
2002-02-22,3.91155481338501e-08,-3.7100000000209548,-210.0,0.0,-206.28999999997905,20.0
2002-02-23,3.754394128918648e-08,-1.75,-318.0,-0.009999999999999787,-316.25,-10.0
2002-02-24,3.6030542105436325e-08,-6.379999999946449,-294.0,0.0,-287.62000000005355,0.0
2002-02-25,3.457535058259964e-08,0.0,-107.9999999999709,-0.010000000000000231,-107.9999999999709,0.0
2002-02-26,3.3207470551133156e-08,0.01999999998952262,-42.0,0.0,-42.01999999998952,10.0
2002-02-27,3.189779818058014e-08,0.0,-29.999999999970896,0.0,-29.999999999970896,0.0
2002-02-28,3.064633347094059e-08,0.0,0.0,0.0,0.0,0.0
2002-03-01,2.9365764930844307e-08,0.0,-6.000000000029104,0.0,-6.000000000029104,0.0
2002-03-02,2.8172507882118225e-08,0.0,-6.0,0.0,-6.0,0.0
2002-03-03,2.7095666155219078e-08,0.0,0.0,0.0,0.0,0.0
2002-03-04,2.5989720597863197e-08,0.0,0.0,0.0,0.0,0.0
2002-03-05,2.491287887096405e-08,0.0,-17.999999999970896,0.0,-17.999999999970896,0.0
2002-03-06,2.3865140974521637e-08,-9.629999999888241,1841.9999999998836,0.030000000000001137,1851.6299999997718,0.0
2002-03-07,2.302112989127636e-08,9.319999999977881,-120.0,-0.009999999999999787,-129.31999999997788,-70.0
2002-03-08,2.208980731666088e-08,-0.059999999997671694,-60.000000000029104,0.0,-59.94000000003143,20.0
2002-03-09,2.1187588572502136e-08,0.029999999998835847,-60.000000000029104,-0.010000000000000231,-60.03000000002794,-90.0
2002-03-10,2.0372681319713593e-08,0.0,-119.9999999999709,0.0,-119.9999999999709,20.0
2002-03-11,1.909211277961731e-08,-23.62999999988824,1458.0,0.0,1481.6299999998882,0.0
2002-03-12,1.885928213596344e-08,-103.75,-252.0,0.0,-148.25,50.0
2002-03-13,1.8044374883174896e-08,61.06000000005588,-251.99999999988358,0.0,-313.05999999993946,20.0
2002-03-14,1.728767529129982e-08,66.19000000000233,-222.0,-0.010000000000000675,-288.1900000000023,20.0
2002-03-15,1.658918336033821e-08,-7.53000000002794,-282.0,-0.010000000000000675,-274.46999999997206,20.0
2002-03-16,1.594889909029007e-08,7.5,-264.0,-0.020000000000000462,-271.5,-30.0
2002-03-17,1.5308614820241928e-08,-0.060000000055879354,-132.0,-0.010000000000000231,-131.93999999994412,0.0
2002-03-18,1.4668330550193787e-08,0.0,-138.0,-0.020000000000000018,-138.0,0.0
2002-03-19,1.4086253941059113e-08,0.0,-125.9999999999709,-0.009999999999999787,-125.9999999999709,10.0
2002-03-20,1.3533281162381172e-08,2.029999999998836,-36.00000000005821,0.0,-38.03000000005704,20.0
2002-03-21,1.3009412214159966e-08,-0.4499999999825377,-24.000000000029104,0.0,-23.550000000046566,80.0
2002-03-22,1.2485543265938759e-08,0.11999999999534339,-198.0,0.0,-198.11999999999534,150.0
2002-03-23,1.1932570487260818e-08,3.599999999976717,-48.0,0.0,-51.59999999997672,30.0
2002-03-24,1.1525116860866547e-08,-4.470000000030268,-102.00000000005821,0.0,-97.53000000002794,10.0
2002-03-25,1.100124791264534e-08,-0.610000000015134,-60.000000000029104,0.0,-59.39000000001397,10.0
2002-03-26,1.0593794286251068e-08,0.029999999998835847,-42.0,0.0,-42.029999999998836,10.0
2002-03-27,1.0099029168486595e-08,-0.22000000000116415,-48.000000000029104,0.0,-47.78000000002794,10.0
2002-03-28,9.720679372549057e-09,-0.029999999998835847,-11.999999999970896,0.0,-11.96999999997206,0.0
2002-03-29,9.313225746154785e-09,0.0,-6.0,0.0,-6.0,0.0
2002-03-30,8.96397978067398e-09,0.139999999984866,-23.999999999970896,0.0,-24.139999999955762,0.0
2002-03-31,8.614733815193176e-09,1.4800000000104774,0.0,0.0,-1.4800000000104774,0.0
2002-04-01,8.294591680169106e-09,-0.4299999999930151,-5.999999999970896,0.0,-5.569999999977881,0.0
2002-04-02,8.003553375601768e-09,0.45000000001164153,-11.999999999970896,0.0,-12.449999999982538,0.0
2002-04-03,7.62520357966423e-09,-0.9899999999906868,-17.999999999970896,0.0,-17.00999999998021,0.0
2002-04-04,7.30506144464016e-09,0.8500000000058208,0.0,0.0,-0.8500000000058208,0.0
2002-04-05,7.0140231400728226e-09,-0.5299999999988358,-6.0,0.0,-5.470000000001164,0.0
2002-04-06,6.752088665962219e-09,0.39000000001396984,-6.000000000029104,0.0,-6.390000000043074,0.0
2002-04-07,6.461050361394882e-09,-0.6400000000139698,-12.000000000029104,0.0,-11.360000000015134,10.0
2002-04-08,6.2282197177410126e-09,-0.3099999999976717,-6.000000000029104,0.0,-5.690000000031432,0.0
2002-04-09,5.966285243630409e-09,2.85999999998603,-36.0,0.0,-38.85999999998603,10.0
2002-04-10,5.675246939063072e-09,-1.9500000000116415,-156.0,0.0,-154.04999999998836,10.0
2002-04-11,5.529727786779404e-09,3.7199999999720603,-240.0,-0.010000000000000231,-243.71999999997206,-10.0
2002-04-12,5.2677933126688e-09,-3.1700000000128057,-72.0,-0.010000000000000231,-68.8299999999872,-110.0
2002-04-13,5.0640664994716644e-09,8.400000000023283,-660.0,-0.02999999999999936,-668.4000000000233,0.0
2002-04-14,4.889443516731262e-09,-13.869999999995343,-246.0,-0.02000000000000135,-232.13000000000466,0.0
2002-04-15,4.6566128730773926e-09,-1.370000000053551,-425.9999999999418,-0.02999999999999936,-424.62999999988824,0.0
2002-04-16,4.48198989033699e-09,2.5599999999976717,-300.0000000000582,-0.010000000000000675,-302.5600000000559,30.0
2002-04-17,4.249159246683121e-09,3.0600000000558794,-150.0,0.0,-153.06000000005588,20.0
2002-04-18,4.16184775531292e-09,0.04999999998835847,-84.0,0.0,-84.04999999998836,10.0
2002-04-19,3.958120942115784e-09,-0.139999999984866,-65.9999999999709,-0.010000000000000231,-65.85999999998603,-270.0
2002-04-20,3.841705620288849e-09,-0.1300000000046566,-30.0,0.0,-29.869999999995343,0.0
2002-04-21,3.6670826375484467e-09,0.4399999999732245,-6.0,0.0,-6.4399999999732245,0.0
2002-04-22,3.521563485264778e-09,-0.40999999997438863,-6.0,0.0,-5.590000000025611,0.0
2002-04-23,3.4051481634378433e-09,0.06999999997788109,0.0,0.0,-0.06999999997788109,0.0
2002-04-24,3.259629011154175e-09,0.0,-6.0,0.0,-6.0,0.0
2002-04-25,3.0850060284137726e-09,0.25,0.0,0.0,-0.25,0.0
2002-04-26,3.026798367500305e-09,-0.23999999999068677,0.0,0.0,0.23999999999068677,0.0
2002-04-27,2.9103830456733704e-09,0.34999999997671694,-6.0,0.0,-6.349999999976717,10.0
2002-04-28,2.764863893389702e-09,-0.23000000001047738,-12.000000000029104,0.0,-11.770000000018626,0.0
2002-04-29,2.6775524020195007e-09,0.5700000000069849,0.0,0.0,-0.5700000000069849,0.0
2002-04-30,2.5320332497358322e-09,-0.5500000000174623,0.0,0.0,0.5500000000174623,0.0
2002-05-01,2.444721758365631e-09,0.0,0.0,0.0,0.0,0.0
2002-05-02,2.2992026060819626e-09,0.0,0.0,0.0,0.0,0.0
2002-05-03,2.270098775625229e-09,0.0,0.0,0.0,0.0,0.0
2002-05-04,2.153683453798294e-09,0.0,0.0,0.0,0.0,0.0
2002-05-05,2.0372681319713593e-09,0.0,0.0,0.0,0.0,0.0
2002-05-06,1.949956640601158e-09,0.0,0.0,0.0,0.0,0.0
2002-05-07,1.8917489796876907e-09,0.0,0.0,0.0,0.0,0.0
2002-05-08,1.862645149230957e-09,0.0,-5.999999999970896,0.0,-5.999999999970896,0.0
2002-05-09,1.775333657860756e-09,0.0,0.0,0.0,0.0,0.0
2002-05-10,1.7171259969472885e-09,0.0,0.0,0.0,0.0,0.0
2002-05-11,1.6298145055770874e-09,0.0,0.0,0.0,0.0,0.0
2002-05-12,1.6007106751203537e-09,0.0,0.0,0.0,0.0,0.0
2002-05-13,1.5133991837501526e-09,0.0,0.0,0.0,0.0,0.0
2002-05-14,1.4260876923799515e-09,0.0,0.0,0.0,0.0,0.0
2002-05-15,1.3969838619232178e-09,0.0,0.0,0.0,0.0,0.0
2002-05-16,1.367880031466484e-09,0.0,0.0,0.0,0.0,0.0
2002-05-17,1.3096723705530167e-09,0.0,0.0,0.0,0.0,0.0
2002-05-18,1.2514647096395493e-09,0.0,0.0,0.0,0.0,0.0
2002-05-19,1.2223608791828156e-09,0.0,0.0,0.0,0.0,0.0
2002-05-20,1.2223608791828156e-09,0.0,0.0,0.0,0.0,0.0
2002-05-21,1.1641532182693481e-09,-0.059999999997671694,0.0,0.0,0.059999999997671694,0.0
2002-05-22,1.1059455573558807e-09,0.0,-6.0,0.0,-6.0,0.0
2002-05-23,1.0186340659856796e-09,0.0,0.0,0.0,0.0,0.0
2002-05-24,9.89530235528946e-10,0.0,0.0,0.0,0.0,0.0
2002-05-25,9.89530235528946e-10,0.0,0.0,0.0,0.0,0.0
2002-05-26,9.604264050722122e-10,0.059999999997671694,0.0,0.0,-0.059999999997671694,0.0
2002-05-27,9.313225746154785e-10,0.0,0.0,0.0,0.0,0.0
2002-05-28,8.149072527885437e-10,0.0,0.0,0.0,0.0,0.0
2002-05-29,8.731149137020111e-10,0.029999999998835847,0.0,0.0,-0.029999999998835847,0.0
2002-05-30,7.8580342233181e-10,0.0,0.0,0.0,0.0,0.0
2002-05-31,7.566995918750763e-10,0.0,0.0,0.0,0.0,0.0
2002-06-01,7.566995918750763e-10,0.0,0.0,0.0,0.0,0.0
2002-06-02,7.566995918750763e-10,0.0,0.0,0.0,0.0,0.0
2002-06-03,7.275957614183426e-10,0.0,0.0,0.0,0.0,0.0
2002-06-04,6.984919309616089e-10,0.01999999998952262,0.0,0.0,-0.01999999998952262,0.0
2002-06-05,6.693881005048752e-10,0.0,0.0,0.0,0.0,0.0
2002-06-06,6.402842700481415e-10,0.0,0.0,0.0,0.0,0.0
2002-06-07,6.257323548197746e-10,0.0,0.0,0.0,0.0,0.0
2002-06-08,6.111804395914078e-10,0.010000000009313226,0.0,0.0,-0.010000000009313226,0.0
2002-06-09,5.820766091346741e-10,0.0,0.0,0.0,0.0,0.0
2002-06-10,5.384208634495735e-10,0.0,0.0,0.0,0.0,0.0
2002-06-11,5.238689482212067e-10,0.0,0.0,0.0,0.0,0.0
2002-06-12,4.94765117764473e-10,0.0,0.0,0.0,0.0,0.0
2002-06-13,4.802132025361061e-10,0.0,0.0,0.0,0.0,0.0
2002-06-14,4.656612873077393e-10,0.0,0.0,0.0,0.0,0.0
2002-06-15,4.511093720793724e-10,0.0,0.0,0.0,0.0,0.0
2002-06-16,4.511093720793724e-10,0.0,0.0,0.0,0.0,0.0
2002-06-17,3.92901711165905e-10,0.0,-5.999999999985448,0.0,-5.999999999985448,0.0
2002-06-18,3.637978807091713e-10,0.0,0.0,0.0,0.0,0.0
2002-06-19,3.637978807091713e-10,0.0,0.0,0.0,0.0,0.0
2002-06-20,3.637978807091713e-10,0.0,0.0,0.0,0.0,0.0
2002-06-21,3.7834979593753815e-10,0.0,0.0,0.0,0.0,0.0
2002-06-22,3.7834979593753815e-10,0.0,0.0,0.0,0.0,0.0
2002-06-23,3.346940502524376e-10,0.0,0.0,0.0,0.0,0.0
2002-06-24,3.346940502524376e-10,-0.04000000000814907,0.0,0.0,0.04000000000814907,0.0
2002-06-25,3.055902197957039e-10,0.0,0.0,0.0,0.0,0.0
2002-06-26,6.549671525135636e-07,0.0,0.0,0.0,0.0,0.0
2002-06-27,1.078311470337212e-06,0.0,0.0,0.0,0.0,0.0
2002-06-28,1.0351795936003327e-06,0.0,0.0,0.0,0.0,0.0
2002-06-29,9.93779394775629e-07,0.0,0.0,0.0,0.0,0.0
2002-06-30,9.540381142869592e-07,0.00999999999476131,0.0,0.0,-0.00999999999476131,0.0
2002-07-01,9.158829925581813e-07,-0.00999999999476131,0.0,0.0,0.00999999999476131,0.0
2002-07-02,8.792267180979252e-07,0.0,0.0,0.0,0.0,0.0
2002-07-03,8.440401870757341e-07,0.0,0.0,0.0,0.0,0.0
2002-07-04,8.102942956611514e-07,0.0,0.0,0.0,0.0,0.0
2002-07-05,3.8505822885781527e-07,-0.010000000009313226,0.0,0.0,0.010000000009313226,0.0
2002-07-06,-7.861235644668341e-07,0.00999999999476131,0.0,0.0,-0.00999999999476131,0.0
2002-07-07,-7.546623237431049e-07,0.0,0.0,0.0,0.0,0.0
2002-07-08,-7.245253073051572e-07,0.0,0.0,0.0,0.0,0.0
2002-07-09,-6.95523340255022e-07,0.0,0.0,0.0,0.0,0.0
2002-07-10,-4.135043127462268e-06,0.0,0.0,0.0,0.0,0.0
2002-07-11,-7.43701821193099e-06,-0.01999999998952262,0.0,0.0,0.01999999998952262,0.0
2002-07-12,-7.139533408917487e-06,0.0,0.0,0.0,0.0,0.0
2002-07-13,-6.853937520645559e-06,0.0,0.0,0.0,0.0,0.0
2002-07-14,-6.579779437743127e-06,0.0,0.0,0.0,0.0,0.0
2002-07-15,-8.236980647780001e-06,0.0,0.0,0.0,0.0,0.0
2002-07-16,-7.90748163126409e-06,0.0,0.0,0.0,0.0,0.0
2002-07-17,-7.591195753775537e-06,0.0,0.0,0.0,0.0,0.0
2002-07-18,-7.287540938705206e-06,0.0,0.0,0.0,0.0,0.0
2002-07-19,-6.996022420935333e-06,0.0,0.0,0.0,0.0,0.0
2002-07-20,-6.716189091093838e-06,0.0,0.0,0.0,0.0,0.0
2002-07-21,-6.447560735978186e-06,0.0,0.0,0.0,0.0,0.0
2002-07-22,-6.189642590470612e-06,0.01999999998952262,0.0,0.0,-0.01999999998952262,0.0
2002-07-23,-5.94204175285995e-06,0.0,0.0,0.0,0.0,0.0
2002-07-24,-5.704379873350263e-06,0.0,0.0,0.0,0.0,0.0
2002-07-25,-5.47620584256947e-06,0.0,0.0,0.0,0.0,0.0
2002-07-26,-5.257155862636864e-06,0.0,0.0,0.0,0.0,0.0
2002-07-27,-5.0468952395021915e-06,-0.00999999999476131,0.0,0.0,0.00999999999476131,0.0
2002-07-28,-4.844994691666216e-06,0.0,0.0,0.0,0.0,0.0
2002-07-29,-4.65119956061244e-06,0.0,0.0,0.0,0.0,0.0
2002-07-30,-4.465131496544927e-06,0.0,0.0,0.0,0.0,0.0
2002-07-31,-4.286543116904795e-06,0.0,0.0,0.0,0.0,0.0
2002-08-01,-4.115070623811334e-06,0.0,0.0,0.0,0.0,0.0
2002-08-02,-3.950473910663277e-06,0.0,0.0,0.0,0.0,0.0
2002-08-03,-3.792447387240827e-06,0.01999999999679858,0.0,0.0,-0.01999999999679858,0.0
2002-08-04,-3.6407436709851027e-06,0.0,0.0,0.0,0.0,0.0
2002-08-05,-3.4951226552948356e-06,-0.040000000000873115,0.0,0.0,0.040000000000873115,0.0
2002-08-06,-3.3553224056959152e-06,0.0,0.0,0.0,0.0,0.0
2002-08-07,-3.2211100915446877e-06,0.0,0.0,0.0,0.0,0.0
2002-08-08,-3.0922601581551135e-06,0.0,0.0,0.0,0.0,0.0
2002-08-09,-2.968561602756381e-06,0.0,0.0,0.0,0.0,0.0
2002-08-10,-2.8498252504505217e-06,0.0,0.0,0.0,0.0,0.0
2002-08-11,-2.73583282250911e-06,0.010000000002037268,0.0,0.0,-0.010000000002037268,0.0
2002-08-12,-2.6264024199917912e-06,0.0,0.0,0.0,0.0,0.0
2002-08-13,-2.521352143958211e-06,-0.020000000004074536,0.0,0.0,0.020000000004074536,0.0
2002-08-14,-2.4205000954680145e-06,0.0,0.0,0.0,0.0,0.0
2002-08-15,-2.3236716515384614e-06,-0.020000000004074536,0.0,0.0,0.020000000004074536,0.0
2002-08-16,-2.2307285689748824e-06,0.0,0.0,0.0,0.0,0.0
2002-08-17,-2.141503500752151e-06,0.0,0.0,0.0,0.0,0.0
2002-08-18,-2.0558363758027554e-06,0.0,0.0,0.0,0.0,0.0
2002-08-19,-1.9736035028472543e-06,-0.010000000002037268,0.0,0.0,0.010000000002037268,0.0
2002-08-20,-1.894659362733364e-06,0.0,0.0,0.0,0.0,0.0
2002-08-21,-1.8188729882240295e-06,0.010000000002037268,0.0,0.0,-0.010000000002037268,0.0
2002-08-22,-1.7461206880398095e-06,0.0,0.0,0.0,0.0,0.0
2002-08-23,-1.6762714949436486e-06,0.010000000002037268,0.0,0.0,-0.010000000002037268,0.0
2002-08-24,-1.6092308214865625e-06,-0.01999999999679858,0.0,0.0,0.01999999999679858,0.0
2002-08-25,-1.5448604244738817e-06,0.0,-0.6000000000058208,0.0,-0.6000000000058208,0.0
2002-08-26,-1.4830657164566219e-06,-0.00999999999839929,0.0,0.0,0.00999999999839929,0.0
2002-08-27,-1.4237411960493773e-06,0.0,0.0,0.0,0.0,0.0
2002-08-28,-1.3667922758031636e-06,0.0,0.0,0.0,0.0,0.0
2002-08-29,-1.3121170923113823e-06,0.0,0.0,0.0,0.0,0.0
2002-08-30,-1.2596392480190843e-06,0.0,0.0,0.0,0.0,0.0
2002-08-31,-1.209249603562057e-06,0.0,0.0,0.0,0.0,0.0
2002-09-01,-1.1608826753217727e-06,0.0,0.0,0.0,0.0,0.0
2002-09-02,-1.114447513828054e-06,0.010000000002037268,0.0,0.0,-0.010000000002037268,0.0
2002-09-03,-1.0698677215259522e-06,0.0,0.0,0.0,0.0,0.0
2002-09-04,-1.0270741768181324e-06,0.0,0.0,0.0,0.0,0.0
2002-09-05,-9.859941201284528e-07,0.0,0.0,0.0,0.0,0.0
2002-09-06,-9.465547918807715e-07,-0.010000000002037268,0.0,0.0,0.010000000002037268,0.0
2002-09-07,-9.08690708456561e-07,0.010000000002037268,0.0,0.0,-0.010000000002037268,0.0
2002-09-08,-8.723473001737148e-07,0.0,0.0,0.0,0.0,0.0
2002-09-09,-8.37451807456091e-07,0.0,0.0,0.0,0.0,0.0
2002-09-10,-8.039569365791976e-07,0.0,0.0,0.0,0.0,0.0
2002-09-11,-7.717972039245069e-07,0.00999999999839929,0.0,0.0,-0.00999999999839929,0.0
2002-09-12,-7.409253157675266e-07,0.0,0.0,0.0,0.0,0.0
2002-09-13,-7.112903404049575e-07,0.0,0.0,0.0,0.0,0.0
2002-09-14,-6.828340701758862e-07,0.0,0.0,0.0,0.0,0.0
2002-09-15,-6.555201252922416e-07,0.0,0.0,0.0,0.0,0.0
2002-09-16,-6.293012120295316e-07,0.0,0.0,0.0,0.0,0.0
2002-09-17,-6.041263986844569e-07,0.0,0.0,0.0,0.0,0.0
2002-09-18,-5.799629434477538e-07,0.0,0.0,0.0,0.0,0.0
2002-09-19,-5.56767190573737e-07,0.0,0.0,0.0,0.0,0.0
2002-09-20,-5.344954843167216e-07,0.0,0.0,0.0,0.0,0.0
2002-09-21,-5.131150828674436e-07,0.0,0.0,0.0,0.0,0.0
2002-09-22,-4.925896064378321e-07,0.0,0.0,0.0,0.0,0.0
2002-09-23,-4.728863132186234e-07,0.0,0.0,0.0,0.0,0.0
2002-09-24,-4.5397064241115004e-07,0.0,0.0,0.0,0.0,0.0
2002-09-25,-4.358098522061482e-07,0.0,0.0,0.0,0.0,0.0
2002-09-26,-4.183766577625647e-07,0.010000000000218279,0.0,0.0,-0.010000000000218279,0.0
2002-09-27,-4.0163831727113575e-07,0.0,0.0,0.0,0.0,0.0
2002-09-28,-3.8557664083782583e-07,0.0,0.0,0.0,0.0,0.0
2002-09-29,-3.7015524867456406e-07,0.0,0.0,0.0,0.0,0.0
2002-09-30,-3.5534685594029725e-07,0.0,0.0,0.0,0.0,0.0
2002-10-01,-3.41136910719797e-07,0.0,0.0,0.0,0.0,0.0
2002-10-02,-3.27490852214396e-07,0.0,0.0,0.0,0.0,0.0
2002-10-03,-3.143886715406552e-07,0.0,0.0,0.0,0.0,0.0
2002-10-04,-3.0181217880453914e-07,0.0,0.0,0.0,0.0,0.0
2002-10-05,-2.8974136512260884e-07,0.0,0.0,0.0,0.0,0.0
2002-10-06,-2.781525836326182e-07,0.0,0.0,0.0,0.0,0.0
2002-10-07,-2.6702764444053173e-07,0.0,0.0,0.0,0.0,0.0
2002-10-08,-2.5634653866291046e-07,0.0,0.0,0.0,0.0,0.0
2002-10-09,-2.4609289539512247e-07,0.010000000000218279,0.0,0.0,-0.010000000000218279,0.0
2002-10-10,-2.3624670575372875e-07,0.0,0.0,0.0,0.0,0.0
2002-10-11,-2.2679523681290448e-07,0.0,0.0,0.0,0.0,0.0
2002-10-12,-2.177239366574213e-07,0.0,0.0,0.0,0.0,0.0
2002-10-13,-2.0901643438264728e-07,0.0,0.0,0.0,0.0,0.0
2002-10-14,-2.0065635908395052e-07,0.0,0.0,0.0,0.0,0.0
2002-10-15,-1.926273398566991e-07,0.0,0.0,0.0,0.0,0.0
2002-10-16,-1.849239197326824e-07,0.0,0.0,0.0,0.0,0.0
2002-10-17,-1.7752790881786495e-07,0.010000000000218279,0.0,0.0,-0.010000000000218279,0.0
2002-10-18,-1.7042657418642193e-07,0.010000000000218279,0.0,0.0,-0.010000000000218279,0.0
2002-10-19,-1.6360900190193206e-07,0.0,0.0,0.0,0.0,0.0
2002-10-20,-1.5706427802797407e-07,0.0,0.0,0.0,0.0,0.0
2002-10-21,-1.507778506493196e-07,0.0,0.0,0.0,0.0,0.0
2002-10-22,-1.4475153875537217e-07,0.0,0.0,0.0,0.0,0.0
2002-10-23,-1.3895987649448216e-07,0.0,0.0,0.0,0.0,0.0
2002-10-24,-1.3339922588784248e-07,0.0,0.0,0.0,0.0,0.0
2002-10-25,-1.2806412996724248e-07,0.0,0.0,0.0,0.0,0.0
2002-10-26,-1.2294185580685735e-07,0.0,0.0,0.0,0.0,0.0
2002-10-27,-1.1802330845966935e-07,0.0,0.0,0.0,0.0,0.0
2002-10-28,-1.133048499468714e-07,0.0,0.0,0.0,0.0,0.0
2002-10-29,-1.0877010936383158e-07,0.0,0.0,0.0,0.0,0.0
2002-10-30,-1.0441999620525166e-07,0.0,0.0,0.0,0.0,0.0
2002-10-31,-1.0024086805060506e-07,0.0,0.0,0.0,0.0,0.0
2002-11-01,-9.623181540518999e-08,0.0,0.0,0.0,0.0,0.0
2002-11-02,-9.238283382728696e-08,0.0,0.0,0.0,0.0,0.0
2002-11-03,-8.868573786458e-08,-0.010000000000218279,0.0,0.0,0.010000000000218279,0.0
2002-11-04,-8.513870852766559e-08,0.0,0.0,0.0,0.0,0.0
2002-11-05,-8.173356036422774e-08,0.0,0.0,0.0,0.0,0.0
2002-11-06,-7.846483640605584e-08,0.0,0.0,0.0,0.0,0.0
2002-11-07,-7.532526069553569e-08,-0.009999999999308784,0.0,0.0,0.009999999999308784,0.0
2002-11-08,-7.231210474856198e-08,0.0,0.05999999999949068,0.0,0.05999999999949068,0.0
2002-11-09,-6.941991159692407e-08,0.0,0.0,0.0,0.0,0.0
2002-11-10,-6.664231477770954e-08,0.0,0.0,0.0,0.0,0.0
2002-11-11,-6.397840479621664e-08,0.0,0.0,0.0,0.0,0.0
2002-11-12,-6.141908670542762e-08,0.0,0.0,0.0,0.0,0.0
2002-11-13,-5.8961632021237165e-08,-0.010000000000218279,0.0,0.0,0.010000000000218279,0.0
2002-11-14,-5.660331225953996e-08,0.0,0.0,0.0,0.0,0.0
2002-11-15,-5.434139893623069e-08,0.0,0.0,0.0,0.0,0.0
2002-11-16,-5.2165887609589845e-08,0.0,0.0,0.0,0.0,0.0
2002-11-17,-5.007950676372275e-08,0.0,0.0,0.0,0.0,0.0
2002-11-18,8.04246974439593e-06,0.0,0.0,0.0,0.0,0.0
2002-11-19,7.720775101915933e-06,0.0,0.0,0.0,0.0,0.0
2002-11-20,7.411941624013707e-06,0.010000000000218279,0.0,0.0,-0.010000000000218279,0.0
2002-11-21,7.1154663601191714e-06,0.0,0.0,0.0,0.0,0.0
2002-11-22,6.830847269156948e-06,0.0,0.0,0.0,0.0,0.0
2002-11-23,6.5576095948927104e-06,0.0,0.0,0.0,0.0,0.0
2002-11-24,6.295307684922591e-06,0.0,0.0,0.0,0.0,0.0
2002-11-25,6.043497705832124e-06,0.0,0.0,0.0,0.0,0.0
2002-11-26,5.801761290058494e-06,0.0,0.0,0.0,0.0,0.0
2002-11-27,5.569683708017692e-06,0.0,0.0,0.0,0.0,0.0
2002-11-28,5.34690116182901e-06,0.0,0.0,0.0,0.0,0.0
2002-11-29,5.1330134738236666e-06,0.0,0.0,0.0,0.0,0.0
2002-11-30,4.927700501866639e-06,0.0,0.0,0.0,0.0,0.0
2002-12-01,4.7305875341407955e-06,0.0,0.0,0.0,0.0,0.0
2002-12-02,4.5413762563839555e-06,0.0,0.0,0.0,0.0,0.0
2002-12-03,4.359724698588252e-06,0.0,0.0,0.0,0.0,0.0
2002-12-04,4.185334546491504e-06,0.0,0.0,0.0,0.0,0.0
2002-12-05,4.017922037746757e-06,0.0,0.0,0.0,0.0,0.0
2002-12-06,3.857210685964674e-06,0.0,0.0,0.0,0.0,0.0
2002-12-07,3.702924004755914e-06,0.0,0.0,0.0,0.0,0.0
2002-12-08,3.554792783688754e-06,0.0,0.0,0.0,0.0,0.0
2002-12-09,3.4126060199923813e-06,0.010000000002037268,0.0,0.0,-0.010000000002037268,0.0
2002-12-10,3.276101779192686e-06,0.0,0.0,0.0,0.0,0.0
2002-12-11,3.1450545066036284e-06,0.0,0.0,0.0,0.0,0.0
2002-12-12,3.019253199454397e-06,-0.010000000002037268,0.0,0.0,0.010000000002037268,0.0
2002-12-13,2.8984941309317946e-06,0.0,0.0,0.0,0.0,0.0
2002-12-14,2.7825444703921676e-06,0.0,0.0,0.0,0.0,0.0
2002-12-15,2.6712441467680037e-06,0.0,0.0,0.0,0.0,0.0
2002-12-16,2.5644039851613343e-06,0.0,0.0,0.0,0.0,0.0
2002-12-17,2.461820258758962e-06,0.0,0.0,0.0,0.0,0.0
2002-12-18,2.3633401724509895e-06,0.0,0.0,0.0,0.0,0.0
2002-12-19,2.26879637921229e-06,0.0,0.0,0.0,0.0,0.0
2002-12-20,2.1780579118058085e-06,0.0,0.0,0.0,0.0,0.0
2002-12-21,2.0909428712911904e-06,0.0,0.0,0.0,0.0,0.0
2002-12-22,2.0072984625585377e-06,0.0,0.0,0.0,0.0,0.0
2002-12-23,1.9269937183707952e-06,0.0,0.0,0.0,0.0,0.0
2002-12-24,1.8499267753213644e-06,0.0,0.0,0.0,0.0,0.0
2002-12-25,1.775930286385119e-06,0.0,0.5999999999912689,0.0,0.5999999999912689,0.0
2002-12-26,1.7048587324097753e-06,0.0,0.0,0.0,0.0,0.0
2002-12-27,1.6366830095648766e-06,0.0,-1.7999999999883585,0.0,-1.7999999999883585,10.0
2002-12-28,1.5712284948676825e-06,0.0,0.0,0.0,0.0,0.0
2002-12-29,1.508378772996366e-06,0.0,-0.6000000000058208,0.0,-0.6000000000058208,0.0
2002-12-30,1.448046532459557e-06,0.08000000000174623,354.0000000000291,0.010000000000000009,353.92000000002736,20.0
2002-12-31,1.3901444617658854e-06,0.07000000000698492,-12.0,0.0,-12.070000000006985,10.0
2003-01-01,1.3345415936782956e-06,-0.15000000000873115,-5.999999999985448,0.0,-5.849999999976717,0.0
2003-01-02,1.281121512874961e-06,0.6700000000128057,-36.0,0.0,-36.670000000012806,10.0
2003-01-03,1.2298987712711096e-06,-0.6699999999982538,-12.0,0.0,-11.330000000001746,0.0
2003-01-04,1.1807132977992296e-06,0.22000000000116415,-60.0,0.0,-60.220000000001164,10.0
2003-01-05,1.133448677137494e-06,-0.22000000000116415,0.0,0.0,0.22000000000116415,0.0
2003-01-06,1.0881340131163597e-06,0.010000000009313226,0.0,0.0,-0.010000000009313226,0.0
2003-01-07,1.044594682753086e-06,0.0,0.0,0.0,0.0,0.0
2003-01-08,1.0028161341324449e-06,0.0,0.0,0.0,0.0,0.0
2003-01-09,9.627256076782942e-07,-0.029999999998835847,0.0,0.0,0.029999999998835847,0.0
2003-01-10,9.242066880688071e-07,0.0,0.0,0.0,0.0,0.0
2003-01-11,8.872593753039837e-07,0.0,0.0,0.0,0.0,0.0
2003-01-12,8.517235983163118e-07,0.0,-6.0,0.0,-6.0,0.0
2003-01-13,8.176721166819334e-07,0.0,-18.0,0.0,-18.0,30.0
2003-01-14,7.849739631637931e-07,0.0,0.0,0.0,0.0,0.0
2003-01-15,7.535563781857491e-07,0.0,0.0,0.0,0.0,0.0
2003-01-16,7.234193617478013e-07,0.0,0.0,0.0,0.0,0.0
2003-01-17,6.944756023585796e-07,0.0,0.0,0.0,0.0,0.0
2003-01-18,6.666959961876273e-07,0.05000000000291038,0.0,0.0,-0.05000000000291038,0.0
2003-01-19,6.40065991319716e-07,0.0,0.0,0.0,0.0,0.0
2003-01-20,6.144546205177903e-07,0.0,0.0,0.0,0.0,0.0
2003-01-21,5.898618837818503e-07,0.0,0.0,0.0,0.0,0.0
2003-01-22,5.663023330271244e-07,0.0,-6.0,0.0,-6.0,20.0
2003-01-23,5.436304491013288e-07,0.0,0.0,0.0,0.0,0.0
2003-01-24,5.218898877501488e-07,0.0,-18.0,0.0,-18.0,10.0
2003-01-25,5.010224413126707e-07,0.0,-6.0,0.0,-6.0,0.0
2003-01-26,4.810281097888947e-07,-0.16999999998370185,-36.0,0.0,-35.8300000000163,10.0
2003-01-27,4.617322701960802e-07,0.0,0.0,0.0,0.0,0.0
2003-01-28,4.432513378560543e-07,-0.0500000000174623,-6.0,0.0,-5.949999999982538,0.0
2003-01-29,4.255271051079035e-07,-3.0499999999883585,354.0000000000291,-0.08000000000000007,357.05000000001746,10.0
2003-01-30,4.0838494896888733e-07,-58.62000000011176,1146.0,0.0,1204.6200000001118,-130.0
2003-01-31,3.923196345567703e-07,-223.62999999988824,2484.0,-0.3999999999999986,2707.6299999998882,0.0
2003-02-01,3.764289431273937e-07,285.47000000000116,282.0,0.11000000000000032,-3.470000000001164,0.0
2003-02-02,3.613822627812624e-07,0.27999999999883585,-72.0000000000291,0.0,-72.28000000002794,20.0
2003-02-03,3.46888555213809e-07,-0.28999999997904524,-120.0,0.0,-119.71000000002095,20.0
2003-02-04,3.330642357468605e-07,0.0,-6.0,0.0,-6.0,0.0
2003-02-05,3.1970557756721973e-07,-0.11000000001513399,-6.000000000029104,0.0,-5.89000000001397,0.0
2003-02-06,3.0692899599671364e-07,0.010000000009313226,0.0,0.0,-0.010000000009313226,0.0
2003-02-07,2.946180757135153e-07,0.0,0.0,0.0,0.0,0.0
2003-02-08,2.8286012820899487e-07,0.0,0.0,0.0,0.0,0.0
2003-02-09,2.715969458222389e-07,0.0,0.0,0.0,0.0,0.0
2003-02-10,2.607121132314205e-07,0.0,0.0,0.0,0.0,0.0
2003-02-11,2.502638380974531e-07,0.0,-6.0,0.0,-6.0,0.0
2003-02-12,2.402521204203367e-07,0.0,0.0,0.0,0.0,0.0
2003-02-13,2.3061875253915787e-07,0.0,-6.0,0.0,-6.0,0.0
2003-02-14,2.2142194211483002e-07,0.0,0.0,0.0,0.0,0.0
2003-02-15,2.1257437765598297e-07,0.0,0.0,0.0,0.0,0.0
2003-02-16,2.0410516299307346e-07,0.0,-23.999999999970896,0.0,-23.999999999970896,10.0
2003-02-17,1.959269866347313e-07,-0.279999999969732,468.0,0.010000000000000675,468.27999999996973,0.0
2003-02-18,1.8809805624186993e-07,0.34000000002561137,-132.0000000000291,0.0,-132.34000000005472,10.0
2003-02-19,1.8053106032311916e-07,0.14000000001396984,-144.0000000000291,-0.009999999999999787,-144.14000000004307,-20.0
2003-02-20,1.7334241420030594e-07,-0.12000000005355105,-360.0,-0.020000000000000462,-359.87999999994645,0.0
2003-02-21,1.6641570255160332e-07,-9.75,-456.0,-0.4599999999999991,-446.25,140.0
2003-02-22,1.596636138856411e-07,7.940000000002328,-330.0,-0.020000000000000462,-337.9400000000023,-10.0
2003-02-23,1.5334808267652988e-07,1.75,-6.0,0.0,-7.75,0.0
2003-02-24,1.471489667892456e-07,0.059999999997671694,-6.0,0.0,-6.059999999997672,0.0
2003-02-25,1.4132820069789886e-07,0.0,0.0,0.0,0.0,0.0
2003-02-26,1.3568205758929253e-07,0.0,0.0,0.0,0.0,0.0
2003-02-27,1.302105374634266e-07,0.0,0.0,0.0,0.0,0.0
2003-02-28,1.25030055642128e-07,0.0,-18.000000000029104,0.0,-18.000000000029104,0.0
2003-03-01,1.200241968035698e-07,0.0,0.0,0.0,0.0,0.0
2003-03-02,1.1525116860866547e-07,0.0,-5.999999999970896,0.0,-5.999999999970896,10.0
2003-03-03,1.1065276339650154e-07,0.010000000009313226,-6.0,0.0,-6.010000000009313,0.0
2003-03-04,1.0619987733662128e-07,0.0,0.0,0.0,0.0,0.0
2003-03-05,1.019798219203949e-07,1.0100000000093132,-149.9999999999709,0.0,-151.0099999999802,40.0
2003-03-06,9.784707799553871e-08,-1.4400000000023283,-390.0,-0.009999999999999787,-388.5599999999977,0.0
2003-03-07,9.359791874885559e-08,-707.5,3564.0,-0.3999999999999986,4271.5,0.0
2003-03-08,9.016366675496101e-08,704.75,353.9999999998836,-0.02000000000000135,-350.7500000001164,-20.0
2003-03-09,8.66129994392395e-08,0.5,-456.0,-0.020000000000000462,-456.5,-10.0
2003-03-10,8.312053978443146e-08,2.6199999999953434,-162.0,-0.009999999999999787,-164.61999999999534,-20.0
2003-03-11,7.986091077327728e-08,0.5700000000069849,-168.0,0.0,-168.57000000000698,60.0
2003-03-12,7.665948942303658e-08,-2.2199999999720603,-335.9999999999418,-0.009999999999999787,-333.77999999996973,0.0
2003-03-13,7.35744833946228e-08,1.8099999999976717,-155.9999999999709,0.0,-157.80999999996857,20.0
2003-03-14,7.060589268803596e-08,0.059999999997671694,-90.0000000000291,0.0,-90.06000000002678,30.0
2003-03-15,6.77828211337328e-08,0.04999999998835847,-156.0,-0.010000000000000231,-156.04999999998836,-30.0
2003-03-16,6.51052687317133e-08,0.029999999998835847,-71.9999999999709,-0.009999999999999787,-72.02999999996973,-80.0
2003-03-17,6.245682016015053e-08,-0.25,-59.999999999970896,-0.009999999999999787,-59.749999999970896,-50.0
2003-03-18,5.995389074087143e-08,0.0,-36.0,0.0,-36.0,0.0
2003-03-19,5.7567376643419266e-08,0.0,-60.0,0.0,-60.0,20.0
2003-03-20,5.52681740373373e-08,0.11999999999534339,-90.0,0.0,-90.11999999999534,30.0
2003-03-21,5.3085386753082275e-08,0.5599999999976717,-462.0,-0.020000000000000462,-462.5599999999977,0.0
2003-03-22,0.002000050968490541,-26.62000000011176,53.99999999976717,-0.1999999999999993,80.61999999987893,0.0
2003-03-23,4.895264282822609e-08,25.55999999999767,-318.0000000000582,-0.009999999999999787,-343.5600000000559,0.0
2003-03-24,4.69735823571682e-08,0.31999999994877726,-132.0000000000582,-0.010000000000000231,-132.32000000000698,-10.0
2003-03-25,4.505272954702377e-08,0.09999999997671694,-348.0000000000582,-0.009999999999999787,-348.1000000000349,0.0
2003-03-26,0.008400043298024684,-3.0699999999487773,-516.0,-0.019999999999999574,-512.9300000000512,0.0
2003-03-27,4.156026989221573e-08,3.070000000006985,-168.0,0.0,-171.07000000000698,20.0
2003-03-28,3.984314389526844e-08,-0.18999999997322448,-30.0,0.0,-29.810000000026776,10.0
2003-03-29,3.821332938969135e-08,-0.04000000000814907,-18.0,0.0,-17.95999999999185,0.0
2003-03-30,3.675813786685467e-08,0.0,0.0,0.0,0.0,0.0
2003-03-31,3.527384251356125e-08,0.360000000015134,-54.0,-0.010000000000000231,-54.360000000015134,-60.0
2003-04-01,3.387685865163803e-08,-0.33000000001629815,-198.0000000000291,0.0,-197.6700000000128,60.0
2003-04-02,3.250897862017155e-08,0.04000000000814907,-203.9999999999709,-0.009999999999999787,-204.03999999997905,-10.0
2003-04-03,3.1257513910532e-08,-1.279999999969732,-215.9999999999418,-0.009999999999999787,-214.71999999997206,0.0
2003-04-04,2.991873770952225e-08,0.9099999999743886,-185.9999999999418,0.0,-186.90999999991618,20.0
2003-04-05,2.8696376830339432e-08,-5.03000000002794,-360.0000000000582,-0.009999999999999787,-354.97000000003027,0.0
2003-04-06,2.759043127298355e-08,-5.590000000025611,-270.0,-0.009999999999999787,-264.4099999999744,0.0
2003-04-07,2.6513589546084404e-08,11.25,-60.0,0.0,-71.25,20.0
2003-04-08,2.5407643988728523e-08,-0.01999999998952262,-24.0,0.0,-23.980000000010477,0.0
2003-04-09,2.4389009922742844e-08,0.10000000000582077,-96.0,0.0,-96.10000000000582,20.0
2003-04-10,2.342858351767063e-08,0.04000000000814907,-168.0000000000291,-0.009999999999999787,-168.04000000003725,-20.0
2003-04-11,2.2526364773511887e-08,-0.16999999998370185,-95.9999999999709,-0.009999999999999787,-95.8299999999872,-20.0
2003-04-12,2.1565938368439674e-08,0.11000000001513399,-144.0,0.0,-144.11000000001513,20.0
2003-04-13,2.0692823454737663e-08,-0.3799999999755528,-173.9999999999709,0.0,-173.61999999999534,20.0
2003-04-14,1.9848812371492386e-08,0.22000000000116415,-59.999999999970896,0.0,-60.21999999997206,30.0
2003-04-15,1.9121216610074043e-08,-0.04999999998835847,-54.0,0.0,-53.95000000001164,30.0
2003-04-16,1.83936208486557e-08,0.04000000000814907,-138.0,0.0,-138.04000000000815,20.0
2003-04-17,1.7636921256780624e-08,-0.18000000005122274,-378.0,-0.009999999999999787,-377.8199999999488,0.0
2003-04-18,1.696753315627575e-08,0.17999999999301508,-114.0,-0.010000000000000231,-114.17999999999302,-40.0
2003-04-19,1.6239937394857407e-08,0.0,-24.0,0.0,-24.0,0.0
2003-04-20,1.5599653124809265e-08,0.09999999997671694,-18.000000000029104,0.0,-18.10000000000582,0.0
2003-04-21,1.4988472685217857e-08,0.0,-24.000000000029104,0.0,-24.000000000029104,20.0
2003-04-22,1.4406396076083183e-08,0.0,-18.0,0.0,-18.0,10.0
2003-04-23,1.3853423297405243e-08,0.0,-144.0000000000291,-0.009999999999999787,-144.0000000000291,-20.0
2003-04-24,1.3242242857813835e-08,0.0,-107.9999999999709,0.0,-107.9999999999709,20.0
2003-04-25,1.280568540096283e-08,0.01999999998952262,-96.0000000000291,0.0,-96.02000000001863,30.0
2003-04-26,1.225271262228489e-08,0.139999999984866,-72.0,0.0,-72.13999999998487,10.0
2003-04-27,1.1728843674063683e-08,-0.029999999998835847,-6.0,-0.010000000000000231,-5.970000000001164,-20.0
2003-04-28,1.1263182386755943e-08,0.010000000009313226,-18.000000000029104,0.0,-18.010000000038417,0.0
2003-04-29,1.0855728760361671e-08,0.0,-17.999999999970896,0.0,-17.999999999970896,10.0
2003-04-30,1.0390067473053932e-08,-0.08999999999650754,-6.000000000029104,0.0,-5.910000000032596,10.0
2003-05-01,9.98261384665966e-09,0.0,0.0,0.0,0.0,0.0
2003-05-02,9.633367881178856e-09,0.0,-6.0,0.0,-6.0,0.0
2003-05-03,9.19681042432785e-09,0.0,0.0,0.0,0.0,0.0
2003-05-04,8.905772119760513e-09,0.3299999999871943,-101.9999999999709,-0.010000000000000231,-102.32999999995809,-80.0
2003-05-05,8.527422323822975e-09,-0.22000000000116415,-114.0000000000291,0.0,-113.78000000002794,50.0
2003-05-06,8.149072527885437e-09,-0.0500000000174623,0.0,0.0,0.0500000000174623,0.0
2003-05-07,7.799826562404633e-09,0.0,-12.0,0.0,-12.0,10.0
2003-05-08,7.479684427380562e-09,0.0,-5.999999999970896,0.0,-5.999999999970896,0.0
2003-05-09,7.2177499532699585e-09,0.0,0.0,0.0,0.0,0.0
2003-05-10,6.897607818245888e-09,0.0,0.0,0.0,0.0,0.0
2003-05-11,6.664777174592018e-09,0.0,0.0,0.0,0.0,0.0
2003-05-12,6.373738870024681e-09,0.0,-6.0,0.0,-6.0,0.0
2003-05-13,6.111804395914078e-09,0.0,0.0,0.0,0.0,0.0
2003-05-14,5.878973752260208e-09,0.0,0.0,0.0,0.0,0.0
2003-05-15,5.6461431086063385e-09,0.0,-24.0,0.0,-24.0,20.0
2003-05-16,5.413312464952469e-09,-0.010000000009313226,-11.999999999970896,0.0,-11.989999999961583,10.0
2003-05-17,5.180481821298599e-09,0.029999999998835847,-6.0,0.0,-6.029999999998836,0.0
2003-05-18,4.918547347187996e-09,0.0,0.0,0.0,0.0,0.0
2003-05-19,4.773028194904327e-09,0.0,0.0,0.0,0.0,0.0
2003-05-20,4.5693013817071915e-09,0.059999999997671694,0.0,0.0,-0.059999999997671694,0.0
2003-05-21,4.3655745685100555e-09,0.0,0.0,0.0,0.0,0.0
2003-05-22,4.190951585769653e-09,0.0,0.0,0.0,0.0,0.0
2003-05-23,4.016328603029251e-09,0.0,0.0,0.0,0.0,0.0
2003-05-24,3.899913281202316e-09,0.0,0.0,0.0,0.0,0.0
2003-05-25,3.7834979593753815e-09,0.029999999998835847,0.0,0.0,-0.029999999998835847,0.0
2003-05-26,3.6088749766349792e-09,0.0,0.0,0.0,0.0,0.0
2003-05-27,3.4051481634378433e-09,0.0,0.0,0.0,0.0,0.0
2003-05-28,3.3178366720676422e-09,0.0,0.0,0.0,0.0,0.0
2003-05-29,3.14321368932724e-09,0.0,0.0,0.0,0.0,0.0
2003-05-30,3.055902197957039e-09,0.0,0.0,0.0,0.0,0.0
2003-05-31,2.939486876130104e-09,0.0,0.0,0.0,0.0,0.0
2003-06-01,2.7939677238464355e-09,0.0,0.0,0.0,0.0,0.0
2003-06-02,2.7066562324762344e-09,-0.04000000000814907,0.0,0.0,0.04000000000814907,0.0
2003-06-03,2.5902409106492996e-09,0.0,0.0,0.0,0.0,0.0
2003-06-04,2.5029294192790985e-09,0.0,0.0,0.0,0.0,0.0
2003-06-05,1.1100724805146456e-05,0.0,0.0,0.0,0.0,0.0
2003-06-06,1.4860532246530056e-05,0.0,0.0,0.0,0.0,0.0
2003-06-07,1.5443249139934778e-05,0.0,0.0,0.0,0.0,0.0
2003-06-08,1.5397235983982682e-05,0.0,0.0,0.0,0.0,0.0
2003-06-09,1.5210127457976341e-05,0.0,0.0,0.0,0.0,0.0
2003-06-10,1.491449074819684e-05,0.0,0.0,0.0,0.0,0.0
2003-06-11,1.4434801414608955e-05,0.0,0.0,0.0,0.0,0.0
2003-06-12,1.3857395970262587e-05,0.0,0.0,0.0,0.0,0.0
2003-06-13,1.3303113519214094e-05,0.0,0.0,0.0,0.0,0.0
2003-06-14,1.2771008186973631e-05,0.0,0.0,0.0,0.0,0.0
2003-06-15,1.226019230671227e-05,0.0,0.0,0.0,0.0,0.0
2003-06-16,1.1769749107770622e-05,0.0,0.0,0.0,0.0,0.0
2003-06-17,1.1298994650132954e-05,0.0,0.0,0.0,0.0,0.0
2003-06-18,1.0847026715055108e-05,0.0,0.0,0.0,0.0,0.0
2003-06-19,1.0413146810606122e-05,0.0,0.0,0.0,0.0,0.0
2003-06-20,9.996583685278893e-06,0.0,0.0,0.0,0.0,0.0
2003-06-21,9.596740710549057e-06,0.0,0.0,0.0,0.0,0.0
2003-06-22,9.212890290655196e-06,0.0,0.0,0.0,0.0,0.0
2003-06-23,8.844363037496805e-06,0.0,0.0,0.0,0.0,0.0
2003-06-24,8.490605978295207e-06,0.0,0.0,0.0,0.0,0.0
2003-06-25,8.150964276865125e-06,0.029999999998835847,0.0,0.0,-0.029999999998835847,0.0
2003-06-26,7.824928616173565e-06,0.0,0.0,0.0,0.0,0.0
2003-06-27,7.511916919611394e-06,0.0,0.0,0.0,0.0,0.0
2003-06-28,7.211463525891304e-06,0.0,0.0,0.0,0.0,0.0
2003-06-29,6.923015462234616e-06,0.020000000004074536,0.0,0.0,-0.020000000004074536,0.0
2003-06-30,6.646077963523567e-06,0.0,0.0,0.0,0.0,0.0
2003-07-01,6.380243576131761e-06,0.0,0.0,0.0,0.0,0.0
2003-07-02,6.125046638771892e-06,0.0,0.0,0.0,0.0,0.0
2003-07-03,5.880065145902336e-06,0.0,0.0,0.0,0.0,0.0
2003-07-04,5.644847988151014e-06,0.020000000004074536,0.0,0.0,-0.020000000004074536,0.0
2003-07-05,5.419045919552445e-06,0.0,0.0,0.0,0.0,0.0
2003-07-06,5.202295142225921e-06,0.0,0.0,0.0,0.0,0.0
2003-07-07,4.994202754460275e-06,0.0,0.0,0.0,0.0,0.0
2003-07-08,4.794419510290027e-06,0.010000000009313226,0.0,0.0,-0.010000000009313226,0.0
2003-07-09,4.60263981949538e-06,-0.00999999999476131,0.0,0.0,0.00999999999476131,0.0
2003-07-10,4.418558091856539e-06,0.01999999998952262,0.0,0.0,-0.01999999998952262,0.0
2003-07-11,4.241825081408024e-06,0.0,0.0,0.0,0.0,0.0
2003-07-12,4.072135197930038e-06,0.0,0.0,0.0,0.0,0.0
2003-07-13,3.909270162694156e-06,0.03999999999359716,0.0,0.0,-0.03999999999359716,0.0
2003-07-14,3.7528807297348976e-06,0.020000000004074536,0.0,0.0,-0.020000000004074536,0.0
2003-07-15,3.6027777241542935e-06,0.020000000004074536,0.0,0.0,-0.020000000004074536,0.0
2003-07-16,3.4586701076477766e-06,0.0,0.0,0.0,0.0,0.0
2003-07-17,3.320325049571693e-06,0.0,0.0,0.0,0.0,0.0
2003-07-18,3.1875097192823887e-06,0.0,0.0,0.0,0.0,0.0
2003-07-19,3.05999128613621e-06,0.0,0.0,0.0,0.0,0.0
2003-07-20,2.9375951271504164e-06,-0.00999999999476131,0.0,0.0,0.00999999999476131,0.0
2003-07-21,2.820088411681354e-06,0.010000000009313226,0.0,0.0,-0.010000000009313226,0.0
2003-07-22,2.707281964831054e-06,0.0,0.0,0.0,0.0,0.0
2003-07-23,2.5990011636167765e-06,0.0,0.0,0.0,0.0,0.0
2003-07-24,2.4950350052677095e-06,0.029999999998835847,0.0,0.0,-0.029999999998835847,0.0
2003-07-25,2.3952306946739554e-06,0.0,0.0,0.0,0.0,0.0
2003-07-26,2.299420884810388e-06,0.0,0.0,0.0,0.0,0.0
2003-07-27,2.2074455046094954e-06,0.0,0.0,0.0,0.0,0.0
2003-07-28,2.1191444830037653e-06,0.0,0.0,0.0,0.0,0.0
2003-07-29,2.0343795767985284e-06,0.0,0.0,0.0,0.0,0.0
2003-07-30,1.953005266841501e-06,0.0,0.0,0.0,0.0,0.0
2003-07-31,1.8748833099380136e-06,0.0,0.0,0.0,0.0,0.0
2003-08-01,1.7998827388510108e-06,0.0,0.0,0.0,0.0,0.0
2003-08-02,1.72789441421628e-06,-0.020000000004074536,0.0,0.0,0.020000000004074536,0.0
2003-08-03,1.6587728168815374e-06,0.0,0.0,0.0,0.0,0.0
2003-08-04,1.5924160834401846e-06,-0.010000000002037268,0.0,0.0,0.010000000002037268,0.0
2003-08-05,1.528729626443237e-06,0.0,0.0,0.0,0.0,0.0
2003-08-06,1.4675752026960254e-06,0.010000000002037268,0.0,0.0,-0.010000000002037268,0.0
2003-08-07,1.4088800526224077e-06,0.0,0.0,0.0,0.0,0.0
2003-08-08,1.3525204849429429e-06,0.029999999998835847,0.0,0.0,-0.029999999998835847,0.0
2003-08-09,1.2984310160391033e-06,0.0,0.0,0.0,0.0,0.0
2003-08-10,1.2464734027162194e-06,0.010000000002037268,0.0,0.0,-0.010000000002037268,0.0
2003-08-11,1.1966185411438346e-06,0.0,0.0,0.0,0.0,0.0
2003-08-12,1.1487645679153502e-06,0.0,0.0,0.0,0.0,0.0
2003-08-13,1.1028023436665535e-06,0.0,0.0,0.0,0.0,0.0
2003-08-14,1.0586882126517594e-06,0.0,0.0,0.0,0.0,0.0
2003-08-15,1.0163421393372118e-06,0.0,0.0,0.0,0.0,0.0
2003-08-16,9.75691364146769e-07,0.0,0.0,0.0,0.0,0.0
2003-08-17,9.36655851546675e-07,0.0,0.0,0.0,0.0,0.0
2003-08-18,8.991955837700516e-07,0.0,0.0,0.0,0.0,0.0
2003-08-19,8.632305252831429e-07,0.0,0.0,0.0,0.0,0.0
2003-08-20,-1.8799120880430564e-05,0.0,0.0,0.0,0.0,0.0
2003-08-21,-1.8047154298983514e-05,0.0,0.0,0.0,0.0,0.0
2003-08-22,-1.7325270164292306e-05,-0.00999999999839929,0.0,0.0,0.00999999999839929,0.0
2003-08-23,-1.663225339143537e-05,0.0,0.0,0.0,0.0,0.0
2003-08-24,-1.5966968931024894e-05,0.0,0.0,0.0,0.0,0.0
2003-08-25,-1.532828900963068e-05,0.0,0.0,0.0,0.0,0.0
2003-08-26,-1.4715154975419864e-05,0.0,0.0,0.0,0.0,0.0
2003-08-27,-1.4126551832305267e-05,0.0,0.0,0.0,0.0,0.0
2003-08-28,-1.3561493688030168e-05,-0.00999999999839929,0.0,0.0,0.00999999999839929,0.0
2003-08-29,-1.3019027392147109e-05,0.0,0.0,0.0,0.0,0.0
2003-08-30,-1.2498272553784773e-05,0.0,0.0,0.0,0.0,0.0
2003-08-31,-1.1998337868135422e-05,0.0,0.0,0.0,0.0,0.0
2003-09-01,-1.151840842794627e-05,0.0,0.0,0.0,0.0,0.0
2003-09-02,-1.105767660192214e-05,0.0,0.0,0.0,0.0,0.0
2003-09-03,-1.0615363862598315e-05,0.0,0.0,0.0,0.0,0.0
2003-09-04,-1.0190746252192184e-05,0.0,0.0,0.0,0.0,0.0
2003-09-05,-9.783118002815172e-06,0.0,0.0,0.0,0.0,0.0
2003-09-06,-9.391795174451545e-06,0.010000000002037268,0.0,0.0,-0.010000000002037268,0.0
2003-09-07,-9.016122930916026e-06,0.0,0.0,0.0,0.0,0.0
2003-09-08,-8.655479177832603e-06,0.0,0.0,0.0,0.0,0.0
2003-09-09,-8.3092600107193e-06,0.0,0.0,0.0,0.0,0.0
2003-09-10,-7.976890628924593e-06,0.0,0.0,0.0,0.0,0.0
2003-09-11,-7.657816240680404e-06,0.0,0.0,0.0,0.0,0.0
2003-09-12,-7.351502063102089e-06,0.0,0.0,0.0,0.0,0.0
2003-09-13,-7.057444236124866e-06,0.0,0.0,0.0,0.0,0.0
2003-09-14,-6.7751461756415665e-06,0.0,0.0,0.0,0.0,0.0
2003-09-15,-6.50414040137548e-06,0.0,0.0,0.0,0.0,0.0
2003-09-16,-6.24397216597572e-06,0.0,0.0,0.0,0.0,0.0
2003-09-17,-5.994215825921856e-06,0.0,0.0,0.0,0.0,0.0
2003-09-18,-5.754449375672266e-06,0.0,0.0,0.0,0.0,0.0
2003-09-19,-5.52427263755817e-06,0.0,0.0,0.0,0.0,0.0
2003-09-20,-5.3032999858260155e-06,0.0,0.0,0.0,0.0,0.0
2003-09-21,-5.091169441584498e-06,0.0,0.0,0.0,0.0,0.0
2003-09-22,-4.887522663921118e-06,0.0,0.0,0.0,0.0,0.0
2003-09-23,-4.692021320806816e-06,0.0,0.0,0.0,0.0,0.0
2003-09-24,-4.504337994148955e-06,0.0,0.0,0.0,0.0,0.0
2003-09-25,-5.23246853845194e-06,0.0,0.0,0.0,0.0,0.0
2003-09-26,-5.023168341722339e-06,0.0,0.0,0.0,0.0,0.0
2003-09-27,-4.822239134227857e-06,0.0,1.2000000000007276,0.0,1.2000000000007276,-20.0
2003-09-28,-4.629349859897047e-06,0.0,0.0,0.0,0.0,0.0
2003-09-29,-4.444173100637272e-06,0.0,0.0,0.0,0.0,0.0
2003-09-30,-4.266414180165157e-06,0.0,0.0,0.0,0.0,0.0
2003-10-01,-4.095752956345677e-06,0.0,0.0,0.0,0.0,0.0
2003-10-02,-3.931927494704723e-06,0.0,0.0,0.0,0.0,0.0
2003-10-03,-3.7746467569377273e-06,0.010000000002037268,0.0,0.0,-0.010000000002037268,0.0
2003-10-04,-3.623663360485807e-06,0.0,0.0,0.0,0.0,0.0
2003-10-05,-3.4787135518854484e-06,0.0,0.0,0.0,0.0,0.0
2003-10-06,-3.339566319482401e-06,0.0,0.0,0.0,0.0,0.0
2003-10-07,-3.2059870136436075e-06,0.0,0.0,0.0,0.0,0.0
2003-10-08,-3.077750079683028e-06,0.0,0.0,0.0,0.0,0.0
2003-10-09,-2.954639057861641e-06,0.0,0.0,0.0,0.0,0.0
2003-10-10,-2.8364520403556526e-06,0.0,0.0,0.0,0.0,0.0
2003-10-11,-6.129110261099413e-06,0.010000000000218279,0.0,0.0,-0.010000000000218279,0.0
2003-10-12,-8.041153705562465e-06,0.0,0.0,0.0,0.0,0.0
2003-10-13,-9.081955795409158e-06,0.0,0.0,0.0,0.0,0.0
2003-10-14,-8.809505743556656e-06,0.0,0.0,0.0,0.0,0.0
2003-10-15,-8.457125659333542e-06,0.010000000000218279,0.0,0.0,-0.010000000000218279,0.0
2003-10-16,-8.118837286019698e-06,0.010000000000218279,0.0,0.0,-0.010000000000218279,0.0
2003-10-17,-7.794084012857638e-06,0.0,0.0,0.0,0.0,0.0
2003-10-18,-7.482318324036896e-06,-0.010000000000218279,0.0,0.0,0.010000000000218279,0.0
2003-10-19,-7.183025445556268e-06,0.0,0.0,0.0,0.0,0.0
2003-10-20,-6.895705155329779e-06,0.0,0.0,0.0,0.0,0.0
2003-10-21,-6.619873602176085e-06,-0.00999999999839929,0.0,0.0,0.00999999999839929,0.0
2003-10-22,-6.355079676723108e-06,0.0,0.0,0.0,0.0,0.0
2003-10-23,-6.100872269598767e-06,0.0,0.0,0.0,0.0,0.0
2003-10-24,-5.856840289197862e-06,0.0,0.0,0.0,0.0,0.0
2003-10-25,-5.622569005936384e-06,0.0,0.0,0.0,0.0,0.0
2003-10-26,-5.397665518103167e-06,0.0,0.0,0.0,0.0,0.0
2003-10-27,-5.18176966579631e-06,0.0,0.0,0.0,0.0,0.0
2003-10-28,-5.10602694703266e-06,0.0,0.0,0.0,0.0,0.0
2003-10-29,-4.98948065796867e-06,0.0,0.0,0.0,0.0,0.0
2003-10-30,-4.833738785237074e-06,0.0,0.0,0.0,0.0,0.0
2003-10-31,-4.640402039512992e-06,0.0,0.0,0.0,0.0,0.0
2003-11-01,-4.4547850848175585e-06,0.0,0.0,0.0,0.0,0.0
2003-11-02,-4.276582330930978e-06,0.0,0.0,0.0,0.0,0.0
2003-11-03,-4.1055172914639115e-06,0.0,0.0,0.0,0.0,0.0
2003-11-04,-3.941298928111792e-06,0.0,0.0,0.0,0.0,0.0
2003-11-05,-3.87132604373619e-06,0.0,0.0,0.0,0.0,0.0
2003-11-06,-3.7164936657063663e-06,0.0,0.0,0.0,0.0,10.0
2003-11-07,-3.5678240237757564e-06,0.0,0.0,0.0,0.0,0.0
2003-11-08,-3.4250988392159343e-06,0.0,0.0,0.0,0.0,0.0
2003-11-09,-3.2880925573408604e-06,0.0,0.0,0.0,0.0,0.0
2003-11-10,-3.1565723475068808e-06,0.0,0.0,0.0,0.0,0.0
2003-11-11,-3.0303053790703416e-06,0.0,0.0,0.0,0.0,0.0
2003-11-12,-2.909102477133274e-06,0.0,0.0,0.0,0.0,0.0
2003-11-13,-2.7927308110520244e-06,0.0,0.0,0.0,0.0,0.0
2003-11-14,-2.6810230338014662e-06,-0.01999999999679858,0.0,0.0,0.01999999999679858,0.0
2003-11-15,-2.5737754185684025e-06,0.030000000006111804,0.0,0.0,-0.030000000006111804,0.0
2003-11-16,-2.4708351702429354e-06,0.0,0.0,0.0,0.0,0.0
2003-11-17,-2.372005837969482e-06,0.020000000004074536,-3.0,0.0,-3.0200000000040745,20.0
2003-11-18,-2.27712735068053e-06,0.0,0.0,0.0,0.0,0.0
2003-11-19,-2.1860178094357252e-06,-3.10999999998603,783.6000000000058,0.020000000000000018,786.7099999999919,10.0
2003-11-20,-2.0986044546589255e-06,3.2600000000093132,-1.1999999999970896,0.0,-4.460000000006403,0.0
2003-11-21,-2.014647179748863e-06,0.0,0.0,0.0,0.0,0.0
2003-11-22,-1.9340586732141674e-06,0.0,0.0,0.0,0.0,0.0
2003-11-23,-1.8567006918601692e-06,0.0,0.0,0.0,0.0,0.0
2003-11-24,-1.7824204405769706e-06,0.0,0.0,0.0,0.0,0.0
2003-11-25,-1.7111015040427446e-06,0.0,0.0,0.0,0.0,0.0
2003-11-26,-1.6426783986389637e-06,0.0,0.0,0.0,0.0,0.0
2003-11-27,-1.5769910532981157e-06,0.0,0.0,0.0,0.0,0.0
2003-11-28,-1.513893948867917e-06,0.0,0.0,0.0,0.0,0.0
2003-11-29,-1.453357981517911e-06,-0.8500000000058208,18.000000000014552,0.0,18.850000000020373,0.0
2003-11-30,-1.395208528265357e-06,0.8899999999994179,0.0,0.0,-0.8899999999994179,0.0
2003-12-01,-1.3393873814493418e-06,0.07000000000698492,0.0,0.0,-0.07000000000698492,0.0
2003-12-02,-1.2858363334089518e-06,0.08000000000174623,0.0,0.0,-0.08000000000174623,0.0
2003-12-03,-1.234395313076675e-06,-0.08000000000174623,0.0,0.0,0.08000000000174623,0.0
2003-12-04,-1.1850352166220546e-06,0.14999999999417923,0.0,0.0,-0.14999999999417923,0.0
2003-12-05,-1.1376250768080354e-06,0.19999999999708962,0.0,0.0,-0.19999999999708962,0.0
2003-12-06,-1.0921212378889322e-06,-0.27000000000407454,0.0,0.0,0.27000000000407454,0.0
2003-12-07,-1.048436388373375e-06,-0.01999999998952262,-18.0,0.0,-17.980000000010477,20.0
2003-12-08,-1.0064832167699933e-06,0.0,0.0,0.0,0.0,0.0
2003-12-09,-9.662326192483306e-07,0.0,0.0,0.0,0.0,0.0
2003-12-10,-9.275972843170166e-07,0.0,-6.0,0.0,-6.0,0.0
2003-12-11,-8.904607966542244e-07,0.059999999997671694,0.0,0.0,-0.059999999997671694,0.0
2003-12-12,-8.548377081751823e-07,0.04000000000814907,-17.999999999985448,0.0,-18.039999999993597,0.0
2003-12-13,-8.207280188798904e-07,-62.75999999977648,4134.0,0.10000000000000142,4196.7599999997765,0.0
2003-12-14,-7.877533789724112e-07,62.570000000006985,48.000000000029104,0.020000000000000462,-14.569999999977881,0.0
2003-12-15,-7.563212420791388e-07,0.0,-18.0,0.0,-18.0,0.0
2003-12-16,-7.260532584041357e-07,0.01999999998952262,0.0,0.0,-0.01999999998952262,0.0
2003-12-17,-6.970076356083155e-07,0.029999999998835847,0.0,0.0,-0.029999999998835847,0.0
2003-12-18,-6.691261660307646e-07,-0.14000000001396984,0.0,0.0,0.14000000001396984,0.0
2003-12-19,-6.423797458410263e-07,0.0,0.0,0.0,0.0,0.0
2003-12-20,-6.166519597172737e-07,-0.010000000009313226,-36.0,0.0,-35.98999999999069,50.0
2003-12-21,-5.92030119150877e-07,-0.04000000000814907,-12.000000000029104,0.0,-11.960000000020955,20.0
2003-12-22,-5.683396011590958e-07,0.0,0.0,0.0,0.0,0.0
2003-12-23,-5.456095095723867e-07,0.0,0.0,0.0,0.0,0.0
2003-12-24,-5.237816367298365e-07,0.0,-30.0,0.0,-30.0,10.0
2003-12-25,-5.028268788009882e-07,0.0,-41.999999999970896,0.0,-41.999999999970896,10.0
2003-12-26,-4.827161319553852e-07,0.0,0.0,0.0,0.0,0.0
2003-12-27,-4.6339118853211403e-07,-0.060000000026775524,-89.9999999999709,-0.009999999999999787,-89.93999999994412,0.0
2003-12-28,-4.4485204853117466e-07,-159.77999999999884,-228.0,-0.040000000000000036,-68.22000000000116,-20.0
2003-12-29,-4.2704050429165363e-07,159.76999999998952,-6.000000000029104,0.0,-165.77000000001863,20.0
2003-12-30,-4.099856596440077e-07,0.0,-11.999999999970896,0.0,-11.999999999970896,0.0
2003-12-31,-3.935710992664099e-07,-0.8300000000162981,-108.0,-0.03000000000000025,-107.1699999999837,0.0
