date,hill_stream_m3_delta,water_m3_delta,sampled_volume_m3_delta,sampled_peak_m3s_delta,integral_minus_ledger_m3_delta,peak_time_shift_minutes
1980-01-01,0.0,0.0,0.0,0.0,0.0,0.0
1980-01-02,0.0,0.0,0.0,0.0,0.0,0.0
1980-01-03,0.0,0.0,0.0,0.0,0.0,0.0
1980-01-04,0.0,0.0,0.0,0.0,0.0,0.0
1980-01-05,0.0,0.0,0.0,0.0,0.0,0.0
1980-01-06,0.0,0.0,0.0,0.0,0.0,0.0
1980-01-07,0.0,0.0,0.0,0.0,0.0,0.0
1980-01-08,0.0,0.0,0.0,0.0,0.0,0.0
1980-01-09,0.0,0.0,0.0,0.0,0.0,0.0
1980-01-10,0.0,0.0,0.0,0.0,0.0,0.0
1980-01-11,0.0,0.0,0.0,0.0,0.0,0.0
1980-01-12,0.0,0.05000000000291038,-130.1999999999971,-0.010000000000000009,-130.25,-180.0
1980-01-13,0.0,0.04000000000814907,-445.79999999998836,-0.010000000000000231,-445.8399999999965,0.0
1980-01-14,0.0,-0.10000000000582077,2.3999999999941792,0.0,2.5,0.0
1980-01-15,0.0,-0.03999999999359716,0.0,0.0,0.03999999999359716,0.0
1980-01-16,0.0,0.0,0.0,0.0,0.0,0.0
1980-01-17,0.0,0.0,0.0,0.0,0.0,0.0
1980-01-18,0.0,0.0,0.0,0.0,0.0,0.0
1980-01-19,0.0,0.0,-0.5999999999912689,0.0,-0.5999999999912689,20.0
1980-01-20,0.0,0.0,0.0,0.0,0.0,0.0
1980-01-21,0.0,0.0,0.0,0.0,0.0,0.0
1980-01-22,0.0,0.0,0.0,0.0,0.0,0.0
1980-01-23,0.0,0.0,0.0,0.0,0.0,0.0
1980-01-24,0.0,-0.010000000009313226,0.0,0.0,0.010000000009313226,0.0
1980-01-25,0.0,0.029999999998835847,0.0,0.0,-0.029999999998835847,0.0
1980-01-26,0.0,0.0,0.0,0.0,0.0,0.0
1980-01-27,0.0,0.0,0.0,0.0,0.0,0.0
1980-01-28,0.0,0.0,0.0,0.0,0.0,0.0
1980-01-29,0.0,0.0,0.0,0.0,0.0,0.0
1980-01-30,0.0,0.0,0.0,0.0,0.0,0.0
1980-01-31,0.0,0.0,0.0,0.0,0.0,0.0
1980-02-01,0.0,0.0,0.0,0.0,0.0,0.0
1980-02-02,0.0,0.0,0.0,0.0,0.0,0.0
1980-02-03,0.0,0.0,0.0,0.0,0.0,0.0
1980-02-04,0.0,0.0,0.0,0.0,0.0,0.0
1980-02-05,0.0,0.0,0.0,0.0,0.0,0.0
1980-02-06,0.0,0.0,0.0,0.0,0.0,0.0
1980-02-07,0.0,0.0,0.0,0.0,0.0,0.0
1980-02-08,0.0,0.0,0.0,0.0,0.0,0.0
1980-02-09,0.0,0.0,0.0,0.0,0.0,0.0
1980-02-10,0.0,0.0,0.0,0.0,0.0,0.0
1980-02-11,0.0,0.0,0.0,0.0,0.0,0.0
1980-02-12,0.0,0.0,0.0,0.0,0.0,0.0
1980-02-13,0.0,0.0,0.0,0.0,0.0,0.0
1980-02-14,0.0,0.0,0.0,0.0,0.0,0.0
1980-02-15,0.0,0.0,0.0,0.0,0.0,0.0
1980-02-16,0.0,0.0,0.0,0.0,0.0,0.0
1980-02-17,0.0,0.0,0.0,0.0,0.0,0.0
1980-02-18,0.0,0.0,0.0,0.0,0.0,0.0
1980-02-19,0.0,0.0,0.0,0.0,0.0,0.0
1980-02-20,0.0,0.0,0.0,0.0,0.0,0.0
1980-02-21,0.0,0.0,0.0,0.0,0.0,0.0
1980-02-22,0.0,0.0,0.0,0.0,0.0,0.0
1980-02-23,0.0,0.0,0.0,0.0,0.0,0.0
1980-02-24,0.0,0.0,0.0,0.0,0.0,0.0
1980-02-25,0.0,0.05000000000291038,0.0,0.0,-0.05000000000291038,0.0
1980-02-26,0.0,0.4200000000128057,-5.999999999985448,0.0,-6.419999999998254,0.0
1980-02-27,0.0,0.10999999998603016,0.0,0.0,-0.10999999998603016,0.0
1980-02-28,0.0,-0.3200000000069849,-6.0,0.0,-5.679999999993015,0.0
1980-02-29,0.0,-0.34999999999126885,0.0,0.0,0.34999999999126885,0.0
1980-03-01,0.0,0.06000000001222361,0.0,0.0,-0.06000000001222361,0.0
1980-03-02,0.0,0.27000000000407454,-5.999999999985448,0.0,-6.269999999989523,20.0
1980-03-03,0.0,0.9599999999918509,-23.999999999985448,0.0,-24.9599999999773,50.0
1980-03-04,0.0,-0.20999999999185093,-6.0,0.0,-5.790000000008149,10.0
1980-03-05,0.0,0.5199999999895226,-6.000000000029104,0.0,-6.5200000000186265,10.0
1980-03-06,0.0,-1.5299999999988358,-6.0,0.0,-4.470000000001164,0.0
1980-03-07,0.0,0.0,0.0,0.0,0.0,0.0
1980-03-08,0.0,0.5700000000069849,-6.000000000029104,0.0,-6.570000000036089,20.0
1980-03-09,0.0,-0.5700000000069849,-29.999999999970896,0.0,-29.42999999996391,0.0
1980-03-10,0.0,1.8300000000162981,-12.000000000029104,0.0,-13.830000000045402,0.0
1980-03-11,0.0,-1.8100000000267755,-42.0,0.0,-40.189999999973224,20.0
1980-03-12,0.0,-0.0500000000174623,-216.0,-0.010000000000000231,-215.94999999998254,-30.0
1980-03-13,0.0,-0.01999999998952262,-294.0,-0.010000000000000231,-293.9800000000105,-50.0
1980-03-14,0.0,0.0,-294.0,0.0,-294.0,130.0
1980-03-15,0.0,0.0,-144.0,-0.009999999999999787,-144.0,0.0
1980-03-16,0.0,0.01999999998952262,-78.0,-0.020000000000000018,-78.01999999998952,0.0
1980-03-17,0.0,-0.01999999998952262,-18.0,0.0,-17.980000000010477,0.0
1980-03-18,0.0,1.4700000000011642,-12.0,0.0,-13.470000000001164,20.0
1980-03-19,0.0,-0.01999999998952262,-48.000000000029104,0.0,-47.98000000003958,40.0
1980-03-20,0.0,-1.4199999999837019,0.0,0.0,1.4199999999837019,0.0
1980-03-21,0.0,2.569999999977881,-12.0,0.0,-14.569999999977881,20.0
1980-03-22,0.0,-1.7999999999883585,-24.000000000029104,0.0,-22.200000000040745,10.0
1980-03-23,0.0,-0.8800000000046566,-35.999999999970896,0.0,-35.11999999996624,20.0
1980-03-24,0.0,0.0,-17.999999999970896,0.0,-17.999999999970896,0.0
1980-03-25,0.0,0.0500000000174623,-30.000000000029104,0.0,-30.050000000046566,10.0
1980-03-26,0.0,0.01999999998952262,-48.0,0.0,-48.01999999998952,20.0
1980-03-27,0.0,-0.16000000000349246,-11.999999999970896,0.0,-11.839999999967404,20.0
1980-03-28,0.0,0.0,-30.000000000029104,0.0,-30.000000000029104,20.0
1980-03-29,0.0,0.11000000001513399,-42.0,0.0,-42.110000000015134,10.0
1980-03-30,0.0,0.029999999998835847,-18.000000000029104,0.0,-18.03000000002794,10.0
1980-03-31,0.0,0.029999999998835847,-17.999999999970896,0.0,-18.029999999969732,30.0
1980-04-01,0.0,-0.01999999998952262,-12.0,0.0,-11.980000000010477,10.0
1980-04-02,0.0,2.1700000000128057,0.0,0.0,-2.1700000000128057,0.0
1980-04-03,0.0,-1.9500000000116415,-12.0,0.0,-10.049999999988358,10.0
1980-04-04,0.0,4.300000000017462,-6.000000000029104,0.0,-10.300000000046566,10.0
1980-04-05,0.0,7.559999999997672,-174.0,-0.009999999999999787,-181.55999999999767,0.0
1980-04-06,0.0,-12.090000000025611,-197.9999999999709,-0.010000000000000231,-185.90999999994528,0.0
1980-04-07,0.0,0.0,-66.0,0.0,-66.0,40.0
1980-04-08,0.0,2.610000000015134,-48.000000000029104,0.0,-50.61000000004424,20.0
1980-04-09,0.0,12.179999999993015,-341.9999999999418,-0.009999999999999787,-354.1799999999348,-10.0
1980-04-10,0.0,-5.879999999946449,-180.0,0.0,-174.12000000005355,0.0
1980-04-11,0.0,5.909999999974389,-161.9999999999418,-0.010000000000000231,-167.90999999991618,-30.0
1980-04-12,0.0,10.619999999995343,-216.0,0.0,-226.61999999999534,70.0
1980-04-13,0.0,-4.909999999974389,-240.0,-0.009999999999999787,-235.0900000000256,0.0
1980-04-14,0.0,-10.46999999997206,-108.0,0.0,-97.53000000002794,30.0
1980-04-15,0.0,-3.720000000001164,-78.0,0.0,-74.27999999999884,0.0
1980-04-16,0.0,11.329999999987194,-186.0,0.0,-197.3299999999872,20.0
1980-04-17,0.0,-4.25,-174.0,0.0,-169.75,0.0
1980-04-18,0.0,-2.5199999999895226,-65.9999999999709,0.0,-63.47999999998137,0.0
1980-04-19,0.0,-10.170000000012806,-41.999999999970896,0.0,-31.82999999995809,10.0
1980-04-20,0.0,2.040000000008149,-78.0,-0.009999999999999787,-80.04000000000815,-30.0
1980-04-21,0.0,-2.6899999999732245,-12.0,0.0,-9.310000000026776,0.0
1980-04-22,0.0,1.2399999999906868,-6.0,0.0,-7.239999999990687,0.0
1980-04-23,0.0,-1.0500000000174623,-30.000000000029104,0.0,-28.95000000001164,0.0
1980-04-24,0.0,-0.139999999984866,-12.000000000029104,0.0,-11.860000000044238,10.0
1980-04-25,0.0,-0.029999999998835847,0.0,0.0,0.029999999998835847,0.0
1980-04-26,0.0,0.0,0.0,0.0,0.0,0.0
1980-04-27,0.0,0.0,0.0,0.0,0.0,0.0
1980-04-28,0.0,0.0,0.0,0.0,0.0,0.0
1980-04-29,0.0,0.0,0.0,0.0,0.0,0.0
1980-04-30,0.0,0.0,0.0,0.0,0.0,0.0
1980-05-01,0.0,0.0,0.0,0.0,0.0,0.0
1980-05-02,0.0,0.0,0.0,0.0,0.0,0.0
1980-05-03,0.0,0.0,0.0,0.0,0.0,0.0
1980-05-04,0.0,0.0,0.0,0.0,0.0,0.0
1980-05-05,0.0,0.0,0.0,0.0,0.0,0.0
1980-05-06,0.0,0.0,0.0,0.0,0.0,0.0
1980-05-07,0.0,0.0,0.0,0.0,0.0,0.0
1980-05-08,0.0,0.0,0.0,0.0,0.0,0.0
1980-05-09,0.0,0.0,-6.000000000029104,0.0,-6.000000000029104,0.0
1980-05-10,0.0,0.0,0.0,0.0,0.0,0.0
1980-05-11,0.0,0.04999999998835847,0.0,0.0,-0.04999999998835847,0.0
1980-05-12,0.0,0.0,0.0,0.0,0.0,0.0
1980-05-13,0.0,0.0,0.0,0.0,0.0,0.0
1980-05-14,0.0,0.0,0.0,0.0,0.0,0.0
1980-05-15,0.0,0.0,0.0,0.0,0.0,0.0
1980-05-16,0.0,0.0,0.0,0.0,0.0,0.0
1980-05-17,0.0,0.0,0.0,0.0,0.0,0.0
1980-05-18,0.0,-0.04999999998835847,0.0,0.0,0.04999999998835847,0.0
1980-05-19,0.0,0.010000000009313226,0.0,0.0,-0.010000000009313226,0.0
1980-05-20,0.0,0.0,0.0,0.0,0.0,0.0
1980-05-21,0.0,0.0,0.0,0.0,0.0,0.0
1980-05-22,0.0,0.0,0.0,0.0,0.0,0.0
1980-05-23,0.0,0.0,-6.000000000014552,0.0,-6.000000000014552,0.0
1980-05-24,0.0,0.0,-11.999999999985448,0.0,-11.999999999985448,20.0
1980-05-25,0.0,0.0,0.0,0.0,0.0,0.0
1980-05-26,0.0,0.0,-36.0,0.0,-36.0,10.0
1980-05-27,0.0,0.0,0.0,0.0,0.0,0.0
1980-05-28,0.0,0.0,0.0,0.0,0.0,0.0
1980-05-29,0.0,0.0,0.0,0.0,0.0,0.0
1980-05-30,0.0,0.0,0.0,0.0,0.0,0.0
1980-05-31,0.0,0.029999999998835847,0.0,0.0,-0.029999999998835847,0.0
1980-06-01,0.0,0.0,-11.999999999985448,-0.010000000000000009,-11.999999999985448,-170.0
1980-06-02,0.0,0.0,0.0,0.0,0.0,0.0
1980-06-03,0.0,0.0,0.0,0.0,0.0,0.0
1980-06-04,0.0,0.0,-5.999999999985448,0.0,-5.999999999985448,0.0
1980-06-05,0.0,0.0,0.0,0.0,0.0,0.0
1980-06-06,0.0,0.0,0.0,0.0,0.0,0.0
1980-06-07,0.0,0.0,0.0,0.0,0.0,0.0
1980-06-08,0.0,0.0,0.0,0.0,0.0,0.0
1980-06-09,0.0,0.0,0.0,0.0,0.0,0.0
1980-06-10,0.0,0.0,0.0,0.0,0.0,0.0
1980-06-11,0.0,-0.04000000000814907,0.0,0.0,0.04000000000814907,0.0
1980-06-12,0.0,0.0,-59.99999999998545,0.0,-59.99999999998545,20.0
1980-06-13,0.0,0.0,-150.0,0.0,-150.0,130.0
1980-06-14,0.0,0.0,0.0,0.0,0.0,0.0
1980-06-15,0.0,0.020000000004074536,-18.0,0.0,-18.020000000004075,0.0
1980-06-16,0.0,-0.029999999998835847,-6.000000000014552,0.0,-5.970000000015716,0.0
1980-06-17,0.0,0.0,0.0,0.0,0.0,0.0
1980-06-18,0.0,0.0,0.0,0.0,0.0,0.0
1980-06-19,0.0,-0.01999999998952262,0.0,0.0,0.01999999998952262,0.0
1980-06-20,0.0,-0.020000000004074536,0.0,0.0,0.020000000004074536,0.0
1980-06-21,0.0,0.0,0.0,0.0,0.0,0.0
1980-06-22,0.0,0.0,0.0,0.0,0.0,0.0
1980-06-23,0.0,-0.020000000004074536,0.0,0.0,0.020000000004074536,0.0
1980-06-24,0.0,0.029999999998835847,0.0,0.0,-0.029999999998835847,0.0
1980-06-25,0.0,0.0,-11.999999999985448,0.0,-11.999999999985448,0.0
1980-06-26,0.0,0.0,0.0,0.0,0.0,0.0
1980-06-27,0.0,0.0,0.0,0.0,0.0,0.0
1980-06-28,0.0,0.0,0.0,0.0,0.0,0.0
1980-06-29,0.0,0.0,0.0,0.0,0.0,0.0
1980-06-30,0.0,-0.010000000009313226,0.0,0.0,0.010000000009313226,0.0
1980-07-01,0.0,0.029999999998835847,0.0,0.0,-0.029999999998835847,0.0
1980-07-02,0.0,-0.04000000000814907,0.0,0.0,0.04000000000814907,0.0
1980-07-03,0.0,0.0,0.0,0.0,0.0,0.0
1980-07-04,0.0,-0.029999999998835847,0.0,0.0,0.029999999998835847,0.0
1980-07-05,0.0,0.020000000004074536,0.0,0.0,-0.020000000004074536,0.0
1980-07-06,0.0,0.0,0.0,0.0,0.0,0.0
1980-07-07,0.0,0.0,0.0,0.0,0.0,0.0
1980-07-08,0.0,0.0,0.0,0.0,0.0,0.0
1980-07-09,0.0,0.0,0.0,0.0,0.0,0.0
1980-07-10,0.0,0.0,0.0,0.0,0.0,0.0
1980-07-11,0.0,-0.010000000009313226,0.0,0.0,0.010000000009313226,0.0
1980-07-12,0.0,0.0,0.0,0.0,0.0,0.0
1980-07-13,0.0,0.0,0.0,0.0,0.0,0.0
1980-07-14,0.0,0.0,0.0,0.0,0.0,0.0
1980-07-15,0.0,0.05000000000291038,0.0,0.0,-0.05000000000291038,0.0
1980-07-16,0.0,0.0,0.0,0.0,0.0,0.0
1980-07-17,0.0,0.0,0.0,0.0,0.0,0.0
1980-07-18,0.0,0.0,0.0,0.0,0.0,0.0
1980-07-19,0.0,0.0,0.6000000000058208,0.0,0.6000000000058208,0.0
1980-07-20,0.0,0.0,0.0,0.0,0.0,0.0
1980-07-21,0.0,0.0,0.0,0.0,0.0,0.0
1980-07-22,0.0,0.0,0.0,0.0,0.0,0.0
1980-07-23,0.0,-0.05000000000291038,0.0,0.0,0.05000000000291038,0.0
1980-07-24,0.0,0.029999999998835847,0.0,0.0,-0.029999999998835847,0.0
1980-07-25,0.0,0.0,0.0,0.0,0.0,0.0
1980-07-26,0.0,0.0,0.0,0.0,0.0,0.0
1980-07-27,0.0,0.0,0.0,0.0,0.0,0.0
1980-07-28,0.0,0.0,0.0,0.0,0.0,0.0
1980-07-29,0.0,0.0,0.0,0.0,0.0,0.0
1980-07-30,0.0,0.0,0.0,0.0,0.0,0.0
1980-07-31,0.0,0.0,0.0,0.0,0.0,0.0
1980-08-01,0.0,0.0,0.0,0.0,0.0,0.0
1980-08-02,0.0,-0.010000000002037268,0.0,0.0,0.010000000002037268,0.0
1980-08-03,0.0,0.0,0.0,0.0,0.0,0.0
1980-08-04,0.0,0.0,0.0,0.0,0.0,0.0
1980-08-05,0.0,0.0,0.0,0.0,0.0,0.0
1980-08-06,0.0,-0.01999999999679858,0.0,0.0,0.01999999999679858,0.0
1980-08-07,0.0,0.0,0.0,0.0,0.0,0.0
1980-08-08,0.0,0.010000000002037268,0.0,0.0,-0.010000000002037268,0.0
1980-08-09,0.0,0.0,0.0,0.0,0.0,0.0
1980-08-10,0.0,0.0,0.0,0.0,0.0,0.0
1980-08-11,0.0,0.0,0.0,0.0,0.0,0.0
1980-08-12,0.0,0.0,0.0,0.0,0.0,0.0
1980-08-13,0.0,0.0,0.0,0.0,0.0,0.0
1980-08-14,0.0,0.0,0.0,0.0,0.0,0.0
1980-08-15,0.0,0.0,0.0,0.0,0.0,0.0
1980-08-16,0.0,0.0,0.0,0.0,0.0,0.0
1980-08-17,0.0,0.0,0.0,0.0,0.0,0.0
1980-08-18,0.0,0.0,0.0,0.0,0.0,0.0
1980-08-19,0.0,0.0,0.0,0.0,0.0,0.0
1980-08-20,0.0,0.0,0.0,0.0,0.0,0.0
1980-08-21,0.0,0.0,0.0,0.0,0.0,0.0
1980-08-22,0.0,0.0,0.0,0.0,0.0,0.0
1980-08-23,0.0,0.0,0.0,0.0,0.0,0.0
1980-08-24,0.0,0.0,0.0,0.0,0.0,0.0
1980-08-25,0.0,0.0,0.0,0.0,0.0,0.0
1980-08-26,0.0,0.0,0.0,0.0,0.0,0.0
1980-08-27,0.0,0.0,0.0,0.0,0.0,0.0
1980-08-28,0.0,0.0,0.0,0.0,0.0,0.0
1980-08-29,0.0,0.0,0.6000000000058208,0.0,0.6000000000058208,0.0
1980-08-30,0.0,0.0,0.0,0.0,0.0,0.0
1980-08-31,0.0,0.0,0.0,0.0,0.0,0.0
1980-09-01,0.0,0.0,0.0,0.0,0.0,0.0
1980-09-02,0.0,0.0,0.0,0.0,0.0,0.0
1980-09-03,0.0,0.0,0.0,0.0,0.0,0.0
1980-09-04,0.0,0.0,0.0,0.0,0.0,0.0
1980-09-05,0.0,0.0,0.0,0.0,0.0,0.0
1980-09-06,0.0,0.0,0.0,0.0,0.0,0.0
1980-09-07,0.0,0.0,0.0,0.0,0.0,0.0
1980-09-08,0.0,0.0,0.0,0.0,0.0,0.0
1980-09-09,0.0,0.0,0.0,0.0,0.0,0.0
1980-09-10,0.0,0.0,0.0,0.0,0.0,0.0
1980-09-11,0.0,0.0,0.0,0.0,0.0,0.0
1980-09-12,0.0,0.0,0.0,0.0,0.0,0.0
1980-09-13,0.0,0.0,0.0,0.0,0.0,0.0
1980-09-14,0.0,0.0,0.0,0.0,0.0,0.0
1980-09-15,0.0,0.0,0.0,0.0,0.0,0.0
1980-09-16,0.0,0.0,0.0,0.0,0.0,0.0
1980-09-17,0.0,0.0,0.0,0.0,0.0,0.0
1980-09-18,0.0,0.0,0.0,0.0,0.0,0.0
1980-09-19,0.0,0.0,0.0,0.0,0.0,0.0
1980-09-20,0.0,0.0,0.0,0.0,0.0,0.0
1980-09-21,0.0,0.0,0.0,0.0,0.0,0.0
1980-09-22,0.0,0.0,0.0,0.0,0.0,0.0
1980-09-23,0.0,0.0,0.0,0.0,0.0,0.0
1980-09-24,0.0,0.0,0.0,0.0,0.0,0.0
1980-09-25,0.0,0.0,0.0,0.0,0.0,0.0
1980-09-26,0.0,0.0,0.0,0.0,0.0,0.0
1980-09-27,0.0,0.0,0.0,0.0,0.0,0.0
1980-09-28,0.0,0.0,0.0,0.0,0.0,0.0
1980-09-29,0.0,0.0,0.0,0.0,0.0,0.0
1980-09-30,0.0,0.0,0.0,0.0,0.0,0.0
1980-10-01,0.0,0.0,0.0,0.0,0.0,0.0
1980-10-02,0.0,0.0,0.0,0.0,0.0,0.0
1980-10-03,0.0,0.0,0.0,0.0,0.0,0.0
1980-10-04,0.0,0.0,0.0,0.0,0.0,0.0
1980-10-05,0.0,0.0,0.0,0.0,0.0,0.0
1980-10-06,0.0,0.0,0.0,0.0,0.0,0.0
1980-10-07,0.0,0.0,0.0,0.0,0.0,0.0
1980-10-08,0.0,0.0,0.0,0.0,0.0,0.0
1980-10-09,0.0,0.0,0.0,0.0,0.0,0.0
1980-10-10,0.0,0.0,0.0,0.0,0.0,0.0
1980-10-11,0.0,0.0,0.0,0.0,0.0,0.0
1980-10-12,0.0,0.0,0.0,0.0,0.0,0.0
1980-10-13,0.0,0.0,0.0,0.0,0.0,0.0
1980-10-14,0.0,0.0,0.0,0.0,0.0,0.0
1980-10-15,0.0,0.0,0.0,0.0,0.0,0.0
1980-10-16,0.0,0.0,0.0,0.0,0.0,0.0
1980-10-17,0.0,0.0,0.0,0.0,0.0,0.0
1980-10-18,0.0,0.0,0.0,0.0,0.0,0.0
1980-10-19,0.0,0.0,0.0,0.0,0.0,0.0
1980-10-20,0.0,0.0,0.0,0.0,0.0,0.0
1980-10-21,0.0,0.0,0.0,0.0,0.0,0.0
1980-10-22,0.0,0.0,0.0,0.0,0.0,0.0
1980-10-23,0.0,0.0,0.0,0.0,0.0,0.0
1980-10-24,0.0,0.0,0.0,0.0,0.0,0.0
1980-10-25,0.0,0.0,0.0,0.0,0.0,0.0
1980-10-26,0.0,0.0,0.0,0.0,0.0,0.0
1980-10-27,0.0,0.0,0.0,0.0,0.0,0.0
1980-10-28,0.0,0.0,0.0,0.0,0.0,0.0
1980-10-29,0.0,0.0,0.0,0.0,0.0,0.0
1980-10-30,0.0,0.0,0.0,0.0,0.0,0.0
1980-10-31,0.0,0.0,0.0,0.0,0.0,0.0
1980-11-01,0.0,0.0,0.0,0.0,0.0,0.0
1980-11-02,0.0,0.0,0.0,0.0,0.0,0.0
1980-11-03,0.0,0.0,0.0,0.0,0.0,0.0
1980-11-04,0.0,0.0,0.0,0.0,0.0,0.0
1980-11-05,0.0,0.0,0.0,0.0,0.0,0.0
1980-11-06,0.0,-0.15999999997438863,-1033.8000000000466,-0.02999999999999936,-1033.6400000000722,-10.0
1980-11-07,0.0,13.56000000005588,-1835.9999999998836,0.0,-1849.5599999999395,150.0
1980-11-08,0.0,-13.340000000025611,-678.0,-0.020000000000000462,-664.6599999999744,0.0
1980-11-09,0.0,-0.010000000002037268,6.0,0.0,6.010000000002037,0.0
1980-11-10,0.0,-0.020000000000436557,0.0,0.0,0.020000000000436557,0.0
1980-11-11,0.0,0.010000000002037268,0.0,0.0,-0.010000000002037268,0.0
1980-11-12,0.0,0.0,0.0,0.0,0.0,0.0
1980-11-13,0.0,0.010000000002037268,0.0,0.0,-0.010000000002037268,0.0
1980-11-14,0.0,0.0,0.0,0.0,0.0,0.0
1980-11-15,0.0,0.0,0.0,0.0,0.0,0.0
1980-11-16,0.0,0.0,0.0,0.0,0.0,0.0
1980-11-17,0.0,0.0,0.0,0.0,0.0,0.0
1980-11-18,0.0,0.0,0.0,0.0,0.0,0.0
1980-11-19,0.0,0.0,0.0,0.0,0.0,0.0
1980-11-20,0.0,0.0,0.0,0.0,0.0,0.0
1980-11-21,0.0,0.029999999998835847,-5.400000000008731,0.0,-5.430000000007567,20.0
1980-11-22,0.0,0.0,-1.8000000000029104,0.0,-1.8000000000029104,10.0
1980-11-23,0.0,0.0,0.0,0.0,0.0,0.0
1980-11-24,0.0,0.0,0.0,0.0,0.0,0.0
1980-11-25,0.0,0.0,0.0,0.0,0.0,0.0
1980-11-26,0.0,0.0,0.0,0.0,0.0,0.0
1980-11-27,0.0,0.0,0.0,0.0,0.0,0.0
1980-11-28,0.0,0.0,0.0,0.0,0.0,0.0
1980-11-29,0.0,0.029999999998835847,-216.0,0.0,-216.02999999999884,70.0
1980-11-30,0.0,-0.05000000000291038,0.0,0.0,0.05000000000291038,0.0
1980-12-01,0.0,0.6600000000034925,-36.0,0.0,-36.66000000000349,30.0
1980-12-02,0.0,2.3799999998882413,-3900.0,-0.10000000000000142,-3902.3799999998882,-20.0
1980-12-03,0.0,-2.790000000008149,-228.0,0.0,-225.20999999999185,0.0
1980-12-04,0.0,0.0,-72.0,0.0,-72.0,0.0
1980-12-05,0.0,0.01999999998952262,-30.0,0.0,-30.019999999989523,20.0
1980-12-06,0.0,0.0,0.0,0.0,0.0,0.0
1980-12-07,0.0,0.0,0.0,0.0,0.0,0.0
1980-12-08,0.0,0.00999999999476131,0.0,0.0,-0.00999999999476131,0.0
1980-12-09,0.0,-0.010000000009313226,0.0,0.0,0.010000000009313226,0.0
1980-12-10,0.0,0.0,0.0,0.0,0.0,0.0
1980-12-11,0.0,0.0,0.0,0.0,0.0,0.0
1980-12-12,0.0,0.0,0.0,0.0,0.0,0.0
1980-12-13,0.0,0.0,0.0,0.0,0.0,0.0
1980-12-14,0.0,0.0,0.0,0.0,0.0,0.0
1980-12-15,0.0,0.0,0.0,0.0,0.0,0.0
1980-12-16,0.0,0.0,0.0,0.0,0.0,0.0
1980-12-17,0.0,0.0,0.0,0.0,0.0,0.0
1980-12-18,0.0,0.0,0.0,0.0,0.0,0.0
1980-12-19,0.0,0.0,0.0,0.0,0.0,0.0
1980-12-20,0.0,0.0,-42.0,0.0,-42.0,20.0
1980-12-21,0.0,0.01999999998952262,-131.9999999999709,0.0,-132.01999999996042,30.0
1980-12-22,0.0,0.10999999998603016,-78.0,-0.009999999999999787,-78.10999999998603,-150.0
1980-12-23,0.0,-0.27999999999883585,-12.000000000029104,0.0,-11.720000000030268,0.0
1980-12-24,0.0,23.75,-2519.999999999767,-0.10000000000000142,-2543.749999999767,-40.0
1980-12-25,0.0,-23.809999999939464,-972.0,-0.09999999999999964,-948.1900000000605,-330.0
1980-12-26,0.0,0.29999999998835847,-221.9999999999709,0.0,-222.29999999995925,0.0
1980-12-27,0.0,-0.22000000000116415,-84.0,-0.009999999999999787,-83.77999999999884,-130.0
1980-12-28,0.0,0.0,-12.0,0.0,-12.0,20.0
1980-12-29,0.0,0.0,-60.0,0.0,-60.0,30.0
1980-12-30,0.0,0.0,-101.9999999999709,0.0,-101.9999999999709,40.0
1980-12-31,0.0,0.0,0.0,0.0,0.0,0.0
1981-01-01,0.0,0.0,-11.999999999970896,0.0,-11.999999999970896,0.0
1981-01-02,0.0,0.0,0.0,0.0,0.0,0.0
1981-01-03,0.0,0.0,0.0,0.0,0.0,0.0
1981-01-04,0.0,0.0,0.0,0.0,0.0,0.0
1981-01-05,0.0,0.0,0.0,0.0,0.0,0.0
1981-01-06,0.0,0.0,0.0,0.0,0.0,0.0
1981-01-07,0.0,0.0,0.0,0.0,0.0,0.0
1981-01-08,0.0,0.0,0.0,0.0,0.0,0.0
1981-01-09,0.0,0.0,-6.0,0.0,-6.0,0.0
1981-01-10,0.0,0.0,0.0,0.0,0.0,0.0
1981-01-11,0.0,0.0,0.0,0.0,0.0,0.0
1981-01-12,0.0,0.0,0.0,0.0,0.0,0.0
1981-01-13,0.0,0.0,0.0,0.0,0.0,0.0
1981-01-14,0.0,0.0,0.0,0.0,0.0,0.0
1981-01-15,0.0,0.0,0.0,0.0,0.0,0.0
1981-01-16,0.0,0.0,0.0,0.0,0.0,0.0
1981-01-17,0.0,0.0,0.0,0.0,0.0,0.0
1981-01-18,0.0,0.0,0.0,0.0,0.0,0.0
1981-01-19,0.0,0.0,0.0,0.0,0.0,0.0
1981-01-20,0.0,0.0,0.0,0.0,0.0,0.0
1981-01-21,0.0,0.0,-12.000000000029104,0.0,-12.000000000029104,20.0
1981-01-22,0.0,0.0,-6.0,0.0,-6.0,10.0
1981-01-23,0.0,0.0,-12.000000000029104,0.0,-12.000000000029104,20.0
1981-01-24,0.0,0.0,-6.0,0.0,-6.0,0.0
1981-01-25,0.0,0.0,-6.0,0.0,-6.0,0.0
1981-01-26,0.0,-0.029999999998835847,-72.00000000005821,0.0,-71.97000000005937,60.0
1981-01-27,0.0,0.0,-23.999999999970896,0.0,-23.999999999970896,10.0
1981-01-28,0.0,0.029999999998835847,-6.000000000029104,0.0,-6.03000000002794,0.0
1981-01-29,0.0,-0.07000000000698492,-6.0,0.0,-5.929999999993015,0.0
1981-01-30,0.0,0.0,0.0,0.0,0.0,0.0
1981-01-31,0.0,0.0,0.0,0.0,0.0,0.0
1981-02-01,0.0,0.0,-12.0,0.0,-12.0,0.0
1981-02-02,0.0,0.0,0.0,0.0,0.0,0.0
1981-02-03,0.0,0.010000000009313226,-18.000000000029104,-0.010000000000000009,-18.010000000038417,-170.0
1981-02-04,0.0,-0.010000000009313226,0.0,0.0,0.010000000009313226,0.0
1981-02-05,0.0,0.0,0.0,0.0,0.0,0.0
1981-02-06,0.0,0.0,0.0,0.0,0.0,0.0
1981-02-07,0.0,-0.04999999998835847,0.0,0.0,0.04999999998835847,0.0
1981-02-08,0.0,0.01999999998952262,0.0,0.0,-0.01999999998952262,0.0
1981-02-09,0.0,0.0,0.0,0.0,0.0,0.0
1981-02-10,0.0,0.0,0.0,0.0,0.0,0.0
1981-02-11,0.0,0.0,0.0,0.0,0.0,0.0
1981-02-12,0.0,-0.029999999998835847,-30.0,0.0,-29.970000000001164,10.0
1981-02-13,0.0,0.16000000000349246,-12.0,0.0,-12.160000000003492,0.0
1981-02-14,0.0,0.2600000000093132,-126.0,0.0,-126.26000000000931,50.0
1981-02-15,0.0,-0.360000000015134,-257.9999999999709,0.0,-257.63999999995576,40.0
1981-02-16,0.0,-0.059999999997671694,-756.0,-0.03000000000000025,-755.9400000000023,-20.0
1981-02-17,0.0,0.0,-84.0,-0.010000000000000231,-84.0,-130.0
1981-02-18,0.0,0.0,-3239.999999999767,-0.10000000000000142,-3239.999999999767,-10.0
1981-02-19,0.0,-0.0500000000174623,-108.0,0.0,-107.94999999998254,40.0
1981-02-20,0.0,0.0500000000174623,-29.999999999970896,0.0,-30.04999999998836,0.0
1981-02-21,0.0,-0.08000000001629815,-66.0,-0.009999999999999787,-65.9199999999837,-10.0
1981-02-22,0.0,0.0,-30.0,0.0,-30.0,10.0
1981-02-23,0.0,0.0,-18.000000000029104,0.0,-18.000000000029104,20.0
1981-02-24,0.0,0.0,-264.0000000000291,-0.009999999999999787,-264.0000000000291,-20.0
1981-02-25,0.0,-0.010000000009313226,-30.0,0.0,-29.989999999990687,10.0
1981-02-26,0.0,0.0,-41.99999999994179,0.0,-41.99999999994179,30.0
1981-02-27,0.0,-0.029999999998835847,-6.0,0.0,-5.970000000001164,0.0
1981-02-28,0.0,0.0,0.0,0.0,0.0,0.0
1981-03-01,0.0,0.0,0.0,0.0,0.0,0.0
1981-03-02,0.0,0.08000000001629815,0.0,0.0,-0.08000000001629815,0.0
1981-03-03,0.0,0.01999999998952262,0.0,0.0,-0.01999999998952262,0.0
1981-03-04,0.0,-0.010000000009313226,0.0,0.0,0.010000000009313226,0.0
1981-03-05,0.0,-0.06999999997788109,0.0,0.0,0.06999999997788109,0.0
1981-03-06,0.0,0.0,-6.0,0.0,-6.0,0.0
1981-03-07,0.0,0.0,0.0,0.0,0.0,0.0
1981-03-08,0.0,-0.029999999998835847,0.0,0.0,0.029999999998835847,0.0
1981-03-09,0.0,0.029999999998835847,0.0,0.0,-0.029999999998835847,0.0
1981-03-10,0.0,0.0,0.0,0.0,0.0,0.0
1981-03-11,0.0,0.0,0.0,0.0,0.0,0.0
1981-03-12,0.0,0.0,0.0,0.0,0.0,0.0
1981-03-13,0.0,0.029999999998835847,0.0,0.0,-0.029999999998835847,0.0
1981-03-14,0.0,0.0,0.0,0.0,0.0,0.0
1981-03-15,0.0,0.0,-6.0,0.0,-6.0,10.0
1981-03-16,0.0,0.0,0.0,0.0,0.0,0.0
1981-03-17,0.0,0.0,0.0,0.0,0.0,0.0
1981-03-18,0.0,0.0,0.0,0.0,0.0,0.0
1981-03-19,0.0,0.0,0.0,0.0,0.0,0.0
1981-03-20,0.0,0.0,0.0,0.0,0.0,0.0
1981-03-21,0.0,0.0,0.0,0.0,0.0,0.0
1981-03-22,0.0,0.0,0.0,0.0,0.0,0.0
1981-03-23,0.0,0.0,0.0,0.0,0.0,0.0
1981-03-24,0.0,0.0,0.0,0.0,0.0,0.0
1981-03-25,0.0,0.0,0.0,0.0,0.0,0.0
1981-03-26,0.0,0.029999999998835847,0.0,0.0,-0.029999999998835847,0.0
1981-03-27,0.0,-0.010000000009313226,0.0,0.0,0.010000000009313226,0.0
1981-03-28,0.0,0.0,0.0,0.0,0.0,0.0
1981-03-29,0.0,0.0,-36.0,0.0,-36.0,10.0
1981-03-30,0.0,0.07000000000698492,-53.999999999970896,0.0,-54.06999999997788,10.0
1981-03-31,0.0,-0.01999999998952262,-108.0000000000291,0.0,-107.98000000003958,20.0
1981-04-01,0.0,0.0,-36.0,0.0,-36.0,10.0
1981-04-02,0.0,0.0,-78.0,0.0,-78.0,30.0
1981-04-03,0.0,0.0,-72.0,0.0,-72.0,10.0
1981-04-04,0.0,0.059999999997671694,-66.0,-0.010000000000000009,-66.05999999999767,-180.0
1981-04-05,0.0,0.0,-186.0000000000291,0.0,-186.0000000000291,40.0
1981-04-06,0.0,-0.12999999997555278,-54.000000000029104,0.0,-53.87000000005355,10.0
1981-04-07,0.0,0.0,-186.0,-0.009999999999999787,-186.0,-10.0
1981-04-08,0.0,0.0,-582.0,-0.019999999999999574,-582.0,0.0
1981-04-09,0.0,0.07000000000698492,-90.0,0.0,-90.07000000000698,30.0
1981-04-10,0.0,0.11999999999534339,-108.0000000000291,0.0,-108.12000000002445,20.0
1981-04-11,0.0,-0.03999999997904524,-1218.0,-0.02999999999999936,-1217.960000000021,0.0
1981-04-12,0.0,0.03999999997904524,-78.0,0.0,-78.03999999997905,0.0
1981-04-13,0.0,0.0,-144.0,-0.009999999999999787,-144.0,-10.0
1981-04-14,0.0,0.0,-18.0,0.0,-18.0,0.0
1981-04-15,0.0,0.0,-18.0,0.0,-18.0,0.0
1981-04-16,0.0,0.0,-23.999999999970896,0.0,-23.999999999970896,30.0
1981-04-17,0.0,0.0,0.0,0.0,0.0,0.0
1981-04-18,0.0,0.0,0.0,0.0,0.0,0.0
1981-04-19,0.0,0.0,0.0,0.0,0.0,0.0
1981-04-20,0.0,0.0,0.0,0.0,0.0,0.0
1981-04-21,0.0,0.0,-30.0,0.0,-30.0,30.0
1981-04-22,0.0,0.0,-24.0,0.0,-24.0,20.0
1981-04-23,0.0,0.0,-18.0,0.0,-18.0,10.0
1981-04-24,0.0,0.0,-6.000000000029104,0.0,-6.000000000029104,0.0
1981-04-25,0.0,0.0,0.0,0.0,0.0,0.0
1981-04-26,0.0,0.0,0.0,0.0,0.0,0.0
1981-04-27,0.0,0.0,0.0,0.0,0.0,0.0
1981-04-28,0.0,0.0,-12.0,0.0,-12.0,0.0
1981-04-29,0.0,0.0,-6.0,0.0,-6.0,0.0
1981-04-30,0.0,0.0,0.0,0.0,0.0,0.0
1981-05-01,0.0,0.0,0.0,0.0,0.0,0.0
1981-05-02,0.0,0.0,0.0,0.0,0.0,0.0
1981-05-03,0.0,0.0,0.0,0.0,0.0,0.0
1981-05-04,0.0,-0.0500000000174623,0.0,0.0,0.0500000000174623,0.0
1981-05-05,0.0,-0.01999999998952262,-18.0,0.0,-17.980000000010477,20.0
1981-05-06,0.0,0.029999999998835847,-42.0,0.0,-42.029999999998836,10.0
1981-05-07,0.0,0.0,0.0,0.0,0.0,0.0
1981-05-08,0.0,0.0,0.0,0.0,0.0,0.0
1981-05-09,0.0,0.0,0.0,0.0,0.0,0.0
1981-05-10,0.0,0.0,-6.0,0.0,-6.0,0.0
1981-05-11,0.0,0.0,0.0,0.0,0.0,0.0
1981-05-12,0.0,0.0,0.0,0.0,0.0,0.0
1981-05-13,0.0,0.029999999998835847,0.0,0.0,-0.029999999998835847,0.0
1981-05-14,0.0,0.0,0.0,0.0,0.0,0.0
1981-05-15,0.0,0.01999999998952262,0.0,0.0,-0.01999999998952262,0.0
1981-05-16,0.0,0.0,0.0,0.0,0.0,0.0
1981-05-17,0.0,0.0,-5.999999999985448,0.0,-5.999999999985448,0.0
1981-05-18,0.0,0.0,-6.0,0.0,-6.0,0.0
1981-05-19,0.0,0.010000000009313226,0.0,0.0,-0.010000000009313226,0.0
1981-05-20,0.0,0.00999999999476131,0.0,0.0,-0.00999999999476131,0.0
1981-05-21,0.0,0.0,-5.999999999985448,0.0,-5.999999999985448,0.0
1981-05-22,0.0,0.0,0.0,0.0,0.0,0.0
1981-05-23,0.0,0.0,0.0,0.0,0.0,0.0
1981-05-24,0.0,0.0,-48.0,0.0,-48.0,10.0
1981-05-25,0.0,0.0,-17.999999999985448,0.0,-17.999999999985448,10.0
1981-05-26,0.0,0.0,0.0,0.0,0.0,0.0
1981-05-27,0.0,0.0,0.0,0.0,0.0,0.0
1981-05-28,0.0,0.0,0.0,0.0,0.0,0.0
1981-05-29,0.0,0.0,0.0,0.0,0.0,0.0
1981-05-30,0.0,0.0,0.0,0.0,0.0,0.0
1981-05-31,0.0,0.0,0.0,0.0,0.0,0.0
1981-06-01,0.0,0.0,0.0,0.0,0.0,0.0
1981-06-02,0.0,0.00999999999476131,0.0,0.0,-0.00999999999476131,0.0
1981-06-03,0.0,-0.010000000009313226,0.0,0.0,0.010000000009313226,0.0
1981-06-04,0.0,0.0,0.0,0.0,0.0,0.0
1981-06-05,0.0,0.0,0.0,0.0,0.0,0.0
1981-06-06,0.0,0.0,-6.0,0.0,-6.0,0.0
1981-06-07,0.0,0.0,-1326.0,-0.05000000000000071,-1326.0,0.0
1981-06-08,0.0,0.0,-3030.0000000001164,-0.09999999999999787,-3030.0000000001164,-10.0
1981-06-09,0.0,0.0,-113.9999999999709,0.0,-113.9999999999709,0.0
1981-06-10,0.0,0.0,-6.0,0.0,-6.0,0.0
1981-06-11,0.0,0.0,-48.0,0.0,-48.0,10.0
1981-06-12,0.0,0.0,-84.0,0.0,-84.0,20.0
1981-06-13,0.0,-0.03999999997904524,-24.0,0.0,-23.960000000020955,10.0
1981-06-14,0.0,0.030000000027939677,0.0,0.0,-0.030000000027939677,0.0
1981-06-15,0.0,0.0,0.0,0.0,0.0,0.0
1981-06-16,0.0,0.0,-174.0000000000291,-0.009999999999999787,-174.0000000000291,-10.0
1981-06-17,0.0,0.0,-36.0,0.0,-36.0,10.0
1981-06-18,0.0,0.0,-227.9999999999709,-0.010000000000000231,-227.9999999999709,10.0
1981-06-19,0.0,-0.060000000026775524,-48.0,0.0,-47.939999999973224,30.0
1981-06-20,0.0,0.0,0.0,0.0,0.0,0.0
1981-06-21,0.0,0.0,-42.0,-0.010000000000000009,-42.0,-160.0
1981-06-22,0.0,0.0,-6.0,-0.010000000000000009,-6.0,-220.0
1981-06-23,0.0,0.0,0.0,0.0,0.0,0.0
1981-06-24,0.0,0.0,0.0,0.0,0.0,0.0
1981-06-25,0.0,0.0,0.0,0.0,0.0,0.0
1981-06-26,0.0,0.0,0.0,0.0,0.0,0.0
1981-06-27,0.0,0.0,0.0,0.0,0.0,0.0
1981-06-28,0.0,0.0,0.0,0.0,0.0,0.0
1981-06-29,0.0,-0.00999999999476131,0.0,0.0,0.00999999999476131,0.0
1981-06-30,0.0,0.010000000009313226,0.0,0.0,-0.010000000009313226,0.0
1981-07-01,0.0,0.0,0.0,0.0,0.0,0.0
1981-07-02,0.0,0.0,0.0,0.0,0.0,0.0
1981-07-03,0.0,0.0,0.0,0.0,0.0,0.0
1981-07-04,0.0,0.0,0.0,0.0,0.0,0.0
1981-07-05,0.0,0.0,0.0,0.0,0.0,0.0
1981-07-06,0.0,0.0,0.0,0.0,0.0,0.0
1981-07-07,0.0,0.0,-5.999999999985448,0.0,-5.999999999985448,0.0
1981-07-08,0.0,0.0,0.0,0.0,0.0,0.0
1981-07-09,0.0,0.0,0.0,0.0,0.0,0.0
1981-07-10,0.0,0.0,0.0,0.0,0.0,0.0
1981-07-11,0.0,0.0,0.0,0.0,0.0,0.0
1981-07-12,0.0,0.0,0.0,0.0,0.0,0.0
1981-07-13,0.0,-0.05000000000291038,0.0,0.0,0.05000000000291038,0.0
1981-07-14,0.0,0.0,0.0,0.0,0.0,0.0
1981-07-15,0.0,-0.059999999997671694,0.0,0.0,0.059999999997671694,0.0
1981-07-16,0.0,0.029999999998835847,0.0,0.0,-0.029999999998835847,0.0
1981-07-17,0.0,0.04000000000814907,0.0,0.0,-0.04000000000814907,0.0
1981-07-18,0.0,0.0,0.0,0.0,0.0,0.0
1981-07-19,0.0,0.0,0.0,0.0,0.0,0.0
1981-07-20,0.0,0.0,0.0,0.0,0.0,0.0
1981-07-21,0.0,0.0,0.0,0.0,0.0,0.0
1981-07-22,0.0,0.0,0.0,0.0,0.0,0.0
1981-07-23,0.0,0.0,0.0,0.0,0.0,0.0
1981-07-24,0.0,0.0,0.0,0.0,0.0,0.0
1981-07-25,0.0,0.0,0.0,0.0,0.0,0.0
1981-07-26,0.0,0.0,0.0,0.0,0.0,0.0
1981-07-27,0.0,0.029999999998835847,0.0,0.0,-0.029999999998835847,0.0
1981-07-28,0.0,0.05000000000291038,0.0,0.0,-0.05000000000291038,0.0
1981-07-29,0.0,-0.029999999998835847,0.0,0.0,0.029999999998835847,0.0
1981-07-30,0.0,0.0,0.0,0.0,0.0,0.0
1981-07-31,0.0,0.0,0.0,0.0,0.0,0.0
1981-08-01,0.0,0.0,0.0,0.0,0.0,0.0
1981-08-02,0.0,0.0,0.0,0.0,0.0,0.0
1981-08-03,0.0,0.0,0.0,0.0,0.0,0.0
1981-08-04,0.0,0.020000000004074536,0.0,0.0,-0.020000000004074536,0.0
1981-08-05,0.0,0.0,0.0,0.0,0.0,0.0
1981-08-06,0.0,0.0,0.0,0.0,0.0,0.0
1981-08-07,0.0,0.0,0.0,0.0,0.0,0.0
1981-08-08,0.0,0.0,0.0,0.0,0.0,0.0
1981-08-09,0.0,0.0,0.0,0.0,0.0,0.0
1981-08-10,0.0,0.0,0.0,0.0,0.0,0.0
1981-08-11,0.0,0.0,0.0,0.0,0.0,0.0
1981-08-12,0.0,0.0,0.0,0.0,0.0,0.0
1981-08-13,0.0,0.0,0.0,0.0,0.0,0.0
1981-08-14,0.0,0.0,0.0,0.0,0.0,0.0
1981-08-15,0.0,0.0,0.0,0.0,0.0,0.0
1981-08-16,0.0,0.0,0.0,0.0,0.0,0.0
1981-08-17,0.0,0.0,0.0,0.0,0.0,0.0
1981-08-18,0.0,0.0,0.0,0.0,0.0,0.0
1981-08-19,0.0,0.0,0.0,0.0,0.0,0.0
1981-08-20,0.0,0.0,0.0,0.0,0.0,0.0
1981-08-21,0.0,0.0,0.0,0.0,0.0,0.0
1981-08-22,0.0,0.0,0.0,0.0,0.0,0.0
1981-08-23,0.0,0.0,0.0,0.0,0.0,0.0
1981-08-24,0.0,0.0,0.0,0.0,0.0,0.0
1981-08-25,0.0,0.0,0.0,0.0,0.0,0.0
1981-08-26,0.0,0.0,0.0,0.0,0.0,0.0
1981-08-27,0.0,0.0,0.0,0.0,0.0,0.0
1981-08-28,0.0,0.0,0.0,0.0,0.0,0.0
1981-08-29,0.0,0.0,0.0,0.0,0.0,0.0
1981-08-30,0.0,0.0,0.0,0.0,0.0,0.0
1981-08-31,0.0,0.0,0.0,0.0,0.0,0.0
1981-09-01,0.0,0.0,0.0,0.0,0.0,0.0
1981-09-02,0.0,0.0,0.0,0.0,0.0,0.0
1981-09-03,0.0,0.0,0.0,0.0,0.0,0.0
1981-09-04,0.0,0.0,0.0,0.0,0.0,0.0
1981-09-05,0.0,0.0,0.0,0.0,0.0,0.0
1981-09-06,0.0,0.00999999999476131,0.0,0.0,-0.00999999999476131,0.0
1981-09-07,0.0,0.01999999999679858,0.0,0.0,-0.01999999999679858,0.0
1981-09-08,0.0,0.0,0.0,0.0,0.0,0.0
1981-09-09,0.0,0.0,0.0,0.0,0.0,0.0
1981-09-10,0.0,0.0,0.0,0.0,0.0,0.0
1981-09-11,0.0,0.0,0.0,0.0,0.0,0.0
1981-09-12,0.0,0.0,0.0,0.0,0.0,0.0
1981-09-13,0.0,-0.010000000002037268,0.0,0.0,0.010000000002037268,0.0
1981-09-14,0.0,0.0,0.0,0.0,0.0,0.0
1981-09-15,0.0,0.0,0.0,0.0,0.0,0.0
1981-09-16,0.0,0.0,0.0,0.0,0.0,0.0
1981-09-17,0.0,0.0,0.0,0.0,0.0,0.0
1981-09-18,0.0,0.010000000002037268,0.0,0.0,-0.010000000002037268,0.0
1981-09-19,0.0,0.0,0.0,0.0,0.0,0.0
1981-09-20,0.0,0.0,0.0,0.0,0.0,0.0
1981-09-21,0.0,0.0,0.0,0.0,0.0,0.0
1981-09-22,0.0,0.0,0.0,0.0,0.0,0.0
1981-09-23,0.0,0.0,0.0,0.0,0.0,0.0
1981-09-24,0.0,0.0,0.0,0.0,0.0,0.0
1981-09-25,0.0,0.0,0.0,0.0,0.0,0.0
1981-09-26,0.0,0.0,0.0,0.0,0.0,0.0
1981-09-27,0.0,0.0,0.0,0.0,0.0,0.0
1981-09-28,0.0,0.0,0.0,0.0,0.0,0.0
1981-09-29,0.0,0.0,0.0,0.0,0.0,0.0
1981-09-30,0.0,0.0,0.0,0.0,0.0,0.0
1981-10-01,0.0,0.0,0.0,0.0,0.0,0.0
1981-10-02,0.0,0.0,0.0,0.0,0.0,0.0
1981-10-03,0.0,0.0,0.0,0.0,0.0,0.0
1981-10-04,0.0,0.0,0.0,0.0,0.0,0.0
1981-10-05,0.0,0.0,0.0,0.0,0.0,0.0
1981-10-06,0.0,0.0,-146.39999999999418,-0.009999999999999787,-146.39999999999418,-10.0
1981-10-07,0.0,0.0,1.1999999999970896,0.0,1.1999999999970896,0.0
1981-10-08,0.0,0.0,0.0,0.0,0.0,0.0
1981-10-09,0.0,0.0,0.0,0.0,0.0,0.0
1981-10-10,0.0,0.0,0.0,0.0,0.0,0.0
1981-10-11,0.0,0.0,0.0,0.0,0.0,0.0
1981-10-12,0.0,0.0,0.0,0.0,0.0,0.0
1981-10-13,0.0,0.0,0.0,0.0,0.0,0.0
1981-10-14,0.0,0.0,0.0,0.0,0.0,0.0
1981-10-15,0.0,0.0,0.0,0.0,0.0,0.0
1981-10-16,0.0,0.0,0.0,0.0,0.0,0.0
1981-10-17,0.0,0.0,0.0,0.0,0.0,0.0
1981-10-18,0.0,0.0,0.0,0.0,0.0,0.0
1981-10-19,0.0,0.0,0.0,0.0,0.0,0.0
1981-10-20,0.0,0.0,0.0,0.0,0.0,0.0
1981-10-21,0.0,0.0,0.0,0.0,0.0,0.0
1981-10-22,0.0,0.0,0.0,0.0,0.0,0.0
1981-10-23,0.0,0.0,0.0,0.0,0.0,0.0
1981-10-24,0.0,0.0,0.0,0.0,0.0,0.0
1981-10-25,0.0,0.0,0.0,0.0,0.0,0.0
1981-10-26,0.0,0.0,0.0,0.0,0.0,0.0
1981-10-27,0.0,0.0,0.0,0.0,0.0,0.0
1981-10-28,0.0,0.0,0.0,0.0,0.0,0.0
1981-10-29,0.0,0.0,0.0,0.0,0.0,0.0
1981-10-30,0.0,0.0,0.0,0.0,0.0,0.0
1981-10-31,0.0,0.0,0.0,0.0,0.0,0.0
1981-11-01,0.0,0.0,0.0,0.0,0.0,0.0
1981-11-02,0.0,0.0,0.0,0.0,0.0,0.0
1981-11-03,0.0,0.0,0.0,0.0,0.0,0.0
1981-11-04,0.0,0.0,0.0,0.0,0.0,0.0
1981-11-05,0.0,0.0,0.0,0.0,0.0,0.0
1981-11-06,0.0,0.0,0.0,0.0,0.0,0.0
1981-11-07,0.0,0.0,0.0,0.0,0.0,0.0
1981-11-08,0.0,0.0,0.0,0.0,0.0,0.0
1981-11-09,0.0,0.0,0.0,0.0,0.0,0.0
1981-11-10,0.0,0.0,0.0,0.0,0.0,0.0
1981-11-11,0.0,0.0,0.0,0.0,0.0,0.0
1981-11-12,0.0,0.0,0.0,0.0,0.0,0.0
1981-11-13,0.0,0.0,0.0,0.0,0.0,0.0
1981-11-14,0.0,0.0,0.0,0.0,0.0,0.0
1981-11-15,0.0,0.0,0.0,0.0,0.0,0.0
1981-11-16,0.0,0.0,-0.6000000000058208,0.0,-0.6000000000058208,0.0
1981-11-17,0.0,0.029999999998835847,-15.000000000014552,0.0,-15.030000000013388,30.0
1981-11-18,0.0,-0.029999999998835847,-0.5999999999912689,0.0,-0.569999999992433,0.0
1981-11-19,0.0,0.0,0.0,0.0,0.0,0.0
1981-11-20,0.0,0.04000000000814907,-4.7999999999883585,0.0,-4.8399999999965075,30.0
1981-11-21,0.0,0.04999999998835847,-79.20000000001164,0.0,-79.25,20.0
1981-11-22,0.0,-0.04000000000814907,-23.999999999985448,0.0,-23.9599999999773,20.0
1981-11-23,0.0,0.0,0.0,0.0,0.0,0.0
1981-11-24,0.0,0.0,0.0,0.0,0.0,0.0
1981-11-25,0.0,0.0,0.0,0.0,0.0,0.0
1981-11-26,0.0,0.029999999998835847,0.0,0.0,-0.029999999998835847,0.0
1981-11-27,0.0,-0.059999999997671694,0.0,0.0,0.059999999997671694,0.0
1981-11-28,0.0,0.0,0.0,0.0,0.0,0.0
1981-11-29,0.0,-0.00999999999476131,0.0,0.0,0.00999999999476131,0.0
1981-11-30,0.0,0.029999999998835847,-6.0,0.0,-6.029999999998836,10.0
1981-12-01,0.0,3.6999999999970896,-12.000000000014552,0.0,-15.700000000011642,10.0
1981-12-02,0.0,-2.9399999999441206,-180.0,0.0,-177.06000000005588,30.0
1981-12-03,0.0,-0.6000000000058208,-6.0,0.0,-5.399999999994179,0.0
1981-12-04,0.0,0.029999999998835847,-252.00000000001455,-0.010000000000000009,-252.0300000000134,-380.0
1981-12-05,0.0,13.260000000009313,-1992.0,-0.10000000000000142,-2005.2600000000093,-60.0
1981-12-06,0.0,-13.169999999983702,-155.9999999999709,0.0,-142.8299999999872,0.0
1981-12-07,0.0,-0.6299999999755528,0.0,0.0,0.6299999999755528,0.0
1981-12-08,0.0,0.0,-12.0,-0.010000000000000009,-12.0,-420.0
1981-12-09,0.0,0.0,-12.0,0.0,-12.0,10.0
1981-12-10,0.0,0.0,-24.000000000029104,0.0,-24.000000000029104,20.0
1981-12-11,0.0,0.0,0.0,0.0,0.0,0.0
1981-12-12,0.0,0.04999999998835847,0.0,0.0,-0.04999999998835847,0.0
1981-12-13,0.0,0.01999999998952262,-42.0,0.0,-42.01999999998952,20.0
1981-12-14,0.0,0.3000000000174623,-192.0,0.0,-192.30000000001746,40.0
1981-12-15,0.0,-0.25,-228.0,-0.010000000000000231,-227.75,-40.0
1981-12-16,0.0,0.04000000000814907,-6.0,0.0,-6.040000000008149,0.0
1981-12-17,0.0,-0.01999999998952262,-6.000000000029104,0.0,-5.980000000039581,0.0
1981-12-18,0.0,0.1300000000046566,-96.0000000000291,0.0,-96.13000000003376,10.0
1981-12-19,0.0,-0.20000000001164153,-252.0,-0.009999999999999787,-251.79999999998836,0.0
1981-12-20,0.0,0.029999999998835847,-78.0,0.0,-78.02999999999884,50.0
1981-12-21,0.0,0.0,-84.0,-0.009999999999999787,-84.0,-20.0
1981-12-22,0.0,0.0,-78.0,-0.009999999999999787,-78.0,0.0
1981-12-23,0.0,0.0,-132.0000000000291,-0.020000000000000018,-132.0000000000291,0.0
1981-12-24,0.0,0.0,-53.999999999970896,0.0,-53.999999999970896,20.0
1981-12-25,0.0,0.0,0.0,0.0,0.0,0.0
1981-12-26,0.0,0.01999999998952262,-101.9999999999709,-0.009999999999999787,-102.01999999996042,-50.0
1981-12-27,0.0,-0.010000000009313226,-120.0000000000291,0.0,-119.99000000001979,20.0
1981-12-28,0.0,0.0,-6.0,0.0,-6.0,0.0
1981-12-29,0.0,0.0,-60.00000000005821,0.0,-60.00000000005821,0.0
1981-12-30,0.0,0.0,-18.0,0.0,-18.0,10.0
1981-12-31,0.0,0.0,-30.000000000029104,0.0,-30.000000000029104,20.0
1982-01-01,0.0,0.0,-6.0,0.0,-6.0,0.0
1982-01-02,0.0,0.0,-6.0,0.0,-6.0,10.0
1982-01-03,0.0,0.029999999998835847,-96.0,-0.020000000000000018,-96.02999999999884,0.0
1982-01-04,0.0,0.0,-23.999999999970896,-0.010000000000000009,-23.999999999970896,-30.0
1982-01-05,0.0,0.0,-24.0,0.0,-24.0,10.0
1982-01-06,0.0,0.0,-18.0,0.0,-18.0,0.0
1982-01-07,0.0,-0.04999999998835847,-24.000000000029104,0.0,-23.950000000040745,0.0
1982-01-08,0.0,0.0,-12.000000000058208,0.0,-12.000000000058208,0.0
1982-01-09,0.0,0.0,-6.000000000029104,0.0,-6.000000000029104,0.0
1982-01-10,0.0,0.0,0.0,0.0,0.0,0.0
1982-01-11,0.0,0.0,0.0,0.0,0.0,0.0
1982-01-12,0.0,0.0,-12.0,0.0,-12.0,20.0
1982-01-13,0.0,0.0,0.0,0.0,0.0,0.0
1982-01-14,0.0,0.0,0.0,0.0,0.0,0.0
1982-01-15,0.0,0.0,-5.999999999970896,0.0,-5.999999999970896,0.0
1982-01-16,0.0,43.75,-822.0,0.0,-865.75,60.0
1982-01-17,0.0,-43.06999999994878,-222.0,0.0,-178.93000000005122,0.0
1982-01-18,0.0,-0.3799999999755528,-126.0000000000291,0.0,-125.62000000005355,0.0
1982-01-19,0.0,0.0,-125.9999999999709,-0.009999999999999787,-125.9999999999709,-290.0
1982-01-20,0.0,0.0,-29.999999999970896,0.0,-29.999999999970896,0.0
1982-01-21,0.0,0.0,-281.9999999999709,-0.009999999999999787,-281.9999999999709,0.0
1982-01-22,0.0,0.0,-1997.9999999998836,-0.09999999999999787,-1997.9999999998836,-130.0
1982-01-23,0.0,0.09999999997671694,-1320.0,-0.09999999999999964,-1320.0999999999767,0.0
1982-01-24,0.0,0.1900000000023283,-156.0,0.0,-156.19000000000233,20.0
1982-01-25,0.0,6.539999999979045,-228.0,0.0,-234.53999999997905,60.0
1982-01-26,0.0,7.589999999967404,-186.0000000000582,0.0,-193.5900000000256,40.0
1982-01-27,0.0,-12.940000000002328,-65.99999999994179,0.0,-53.059999999939464,0.0
1982-01-28,0.0,1.7600000000093132,-71.99999999994179,0.0,-73.7599999999511,80.0
1982-01-29,0.0,-2.4100000000034925,-47.999999999970896,0.0,-45.589999999967404,0.0
1982-01-30,0.0,5.809999999997672,-48.000000000029104,0.0,-53.810000000026776,70.0
1982-01-31,0.0,-6.659999999974389,-186.0,-0.009999999999999787,-179.3400000000256,0.0
1982-02-01,0.0,0.0,-282.0,-0.020000000000000018,-282.0,-10.0
1982-02-02,0.0,0.01999999998952262,-53.999999999970896,0.0,-54.01999999996042,0.0
1982-02-03,0.0,-0.060000000026775524,-23.999999999970896,0.0,-23.93999999994412,0.0
1982-02-04,0.0,0.0,-24.0,0.0,-24.0,0.0
1982-02-05,0.0,-0.010000000009313226,-6.000000000029104,0.0,-5.990000000019791,0.0
1982-02-06,0.0,0.010000000009313226,-6.000000000029104,0.0,-6.010000000038417,0.0
1982-02-07,0.0,0.0,-5.999999999970896,0.0,-5.999999999970896,0.0
1982-02-08,0.0,0.0,0.0,0.0,0.0,0.0
1982-02-09,0.0,0.0,0.0,0.0,0.0,0.0
1982-02-10,0.0,0.0,0.0,0.0,0.0,0.0
1982-02-11,0.0,0.0,-18.000000000029104,0.0,-18.000000000029104,10.0
1982-02-12,0.0,0.0,-12.000000000029104,0.0,-12.000000000029104,0.0
1982-02-13,0.0,15.930000000051223,-630.0,0.0,-645.9300000000512,90.0
1982-02-14,0.0,17.31000000005588,-744.0000000001164,-0.009999999999999787,-761.3100000001723,-70.0
1982-02-15,0.0,11.879999999888241,-864.0000000001164,-0.010000000000001563,-875.8800000000047,0.0
1982-02-16,0.0,-2.8100000000558794,-972.0000000002328,-0.009999999999999787,-969.190000000177,0.0
1982-02-17,0.0,-42.0,-714.0000000002328,-0.009999999999999787,-672.0000000002328,0.0
1982-02-18,0.0,0.18999999994412065,-1332.0,0.0,-1332.1899999999441,50.0
1982-02-19,0.0,40.37000000011176,-786.0000000002328,0.0,-826.3700000003446,20.0
1982-02-20,0.0,20.75,-3786.000000000233,-0.09999999999999787,-3806.750000000233,-120.0
1982-02-21,0.0,-62.5,-528.0,0.0,-465.5,0.0
1982-02-22,0.0,0.0,-456.0,-0.05000000000000071,-456.0,0.0
1982-02-23,0.0,0.0,-192.0,-0.020000000000000018,-192.0,0.0
1982-02-24,0.0,0.04000000000814907,-306.0,-0.05999999999999961,-306.04000000000815,0.0
1982-02-25,0.0,0.0,-251.9999999999709,-0.04999999999999982,-251.9999999999709,-10.0
1982-02-26,0.0,0.0,-138.0000000000291,-0.029999999999999805,-138.0000000000291,0.0
1982-02-27,0.0,0.06999999997788109,-126.0,-0.020000000000000018,-126.06999999997788,10.0
1982-02-28,0.0,0.22000000000116415,-96.0000000000291,-0.020000000000000018,-96.22000000003027,0.0
1982-03-01,0.0,0.07999999998719431,-48.0,0.0,-48.079999999987194,0.0
1982-03-02,0.0,0.9400000000023283,-18.000000000058208,0.0,-18.940000000060536,10.0
1982-03-03,0.0,-1.25,-155.9999999999418,0.0,-154.7499999999418,30.0
1982-03-04,0.0,1.0300000000279397,-126.0,0.0,-127.03000000002794,0.0
1982-03-05,0.0,-1.0,-89.9999999999709,0.0,-88.9999999999709,40.0
1982-03-06,0.0,0.3099999999976717,-120.0,0.0,-120.30999999999767,50.0
1982-03-07,0.0,0.35000000000582077,-47.999999999970896,0.0,-48.34999999997672,130.0
1982-03-08,0.0,4.25,-66.0,0.0,-70.25,10.0
1982-03-09,0.0,10.559999999997672,-90.0,0.0,-100.55999999999767,40.0
1982-03-10,0.0,6.879999999946449,-431.9999999998836,0.0,-438.87999999983003,20.0
1982-03-11,0.0,-22.09000000002561,-414.0000000000582,-0.009999999999999787,-391.9100000000326,0.0
1982-03-12,0.0,0.0,-107.99999999994179,-0.009999999999999787,-107.99999999994179,-20.0
1982-03-13,0.0,6.659999999974389,-120.0,0.0,-126.65999999997439,50.0
1982-03-14,0.0,-6.690000000002328,-108.0,0.0,-101.30999999999767,10.0
1982-03-15,0.0,0.0,-60.000000000029104,0.0,-60.000000000029104,0.0
1982-03-16,0.0,0.0,-6.0,0.0,-6.0,0.0
1982-03-17,0.0,0.0,-11.999999999970896,0.0,-11.999999999970896,0.0
1982-03-18,0.0,0.0,-6.0,0.0,-6.0,0.0
1982-03-19,0.0,0.01999999998952262,0.0,0.0,-0.01999999998952262,0.0
1982-03-20,0.0,0.059999999997671694,-6.0,0.0,-6.059999999997672,0.0
1982-03-21,0.0,-0.15999999997438863,-30.0,0.0,-29.84000000002561,20.0
1982-03-22,0.0,0.7900000000081491,-18.000000000029104,0.0,-18.790000000037253,10.0
1982-03-23,0.0,2.4099999999743886,-59.99999999994179,0.0,-62.40999999991618,40.0
1982-03-24,0.0,-0.10999999998603016,-89.9999999999709,0.0,-89.88999999998487,90.0
1982-03-25,0.0,-1.5199999999895226,0.0,0.0,1.5199999999895226,0.0
1982-03-26,0.0,2.4100000000034925,-59.999999999970896,0.0,-62.40999999997439,10.0
1982-03-27,0.0,-3.5600000000558794,-150.0,0.0,-146.43999999994412,10.0
1982-03-28,0.0,-0.15000000002328306,-144.0,-0.009999999999999787,-143.84999999997672,-30.0
1982-03-29,0.0,0.0,-78.0,0.0,-78.0,20.0
1982-03-30,0.0,0.0,-174.0000000000582,0.0,-174.0000000000582,20.0
1982-03-31,0.0,0.0,-96.0000000000291,0.0,-96.0000000000291,20.0
1982-04-01,0.0,0.029999999969732016,-144.0,0.0,-144.02999999996973,10.0
1982-04-02,0.0,-0.07999999998719431,-126.0,0.0,-125.9200000000128,10.0
1982-04-03,0.0,0.0,-186.0,0.0,-186.0,10.0
1982-04-04,0.0,-0.09999999997671694,-41.999999999970896,0.0,-41.89999999999418,40.0
1982-04-05,0.0,0.21000000002095476,-59.999999999970896,0.0,-60.20999999999185,10.0
1982-04-06,0.0,-0.08999999999650754,-95.9999999999709,-0.010000000000000231,-95.90999999997439,-40.0
1982-04-07,0.0,0.0,-24.000000000029104,0.0,-24.000000000029104,0.0
1982-04-08,0.0,0.0,-84.0,0.0,-84.0,10.0
1982-04-09,0.0,0.139999999984866,-96.0,0.0,-96.13999999998487,0.0
1982-04-10,0.0,7.5,-107.9999999999709,0.0,-115.4999999999709,10.0
1982-04-11,0.0,17.21999999997206,-582.0,-0.009999999999999787,-599.2199999999721,0.0
1982-04-12,0.0,-12.970000000030268,-485.9999999999418,-0.020000000000000462,-473.0299999999115,-10.0
1982-04-13,0.0,9.190000000060536,-1944.0,0.0,-1953.1900000000605,10.0
1982-04-14,0.0,-21.0,-468.0,-0.020000000000000462,-447.0,0.0
1982-04-15,0.0,0.22000000003026798,-390.0,-0.05999999999999961,-390.22000000003027,0.0
1982-04-16,0.0,-0.029999999998835847,-72.0,0.0,-71.97000000000116,0.0
1982-04-17,0.0,0.0,-126.0,-0.010000000000000231,-126.0,-40.0
1982-04-18,0.0,0.0,-66.0000000000291,-0.009999999999999787,-66.0000000000291,-40.0
1982-04-19,0.0,0.04000000000814907,-132.0000000000291,0.0,-132.04000000003725,30.0
1982-04-20,0.0,0.01999999998952262,-66.0,0.0,-66.01999999998952,40.0
1982-04-21,0.0,6.860000000015134,-264.0000000000291,0.0,-270.86000000004424,10.0
1982-04-22,0.0,6.7000000000116415,-173.9999999999709,-0.009999999999999787,-180.69999999998254,-280.0
1982-04-23,0.0,-5.470000000001164,-60.000000000029104,0.0,-54.53000000002794,0.0
1982-04-24,0.0,-8.14000000001397,-24.0,0.0,-15.85999999998603,0.0
1982-04-25,0.0,-0.010000000009313226,0.0,0.0,0.010000000009313226,0.0
1982-04-26,0.0,-0.01999999998952262,-18.000000000029104,0.0,-17.98000000003958,0.0
1982-04-27,0.0,1.2799999999988358,-6.000000000029104,0.0,-7.28000000002794,0.0
1982-04-28,0.0,-0.33000000001629815,-18.0,0.0,-17.669999999983702,0.0
1982-04-29,0.0,-0.8299999999871943,-18.000000000029104,0.0,-17.17000000004191,0.0
1982-04-30,0.0,0.0,0.0,0.0,0.0,0.0
1982-05-01,0.0,0.0,0.0,0.0,0.0,0.0
1982-05-02,0.0,0.0,0.0,0.0,0.0,0.0
1982-05-03,0.0,0.010000000009313226,-24.0,0.0,-24.010000000009313,10.0
1982-05-04,0.0,-0.010000000009313226,0.0,0.0,0.010000000009313226,0.0
1982-05-05,0.0,0.0,0.0,0.0,0.0,0.0
1982-05-06,0.0,0.0,0.0,0.0,0.0,0.0
1982-05-07,0.0,0.0,-35.999999999970896,0.0,-35.999999999970896,10.0
1982-05-08,0.0,-0.010000000009313226,0.0,0.0,0.010000000009313226,0.0
1982-05-09,0.0,0.0,0.0,0.0,0.0,0.0
1982-05-10,0.0,0.0,0.0,0.0,0.0,0.0
1982-05-11,0.0,0.0,0.0,0.0,0.0,0.0
1982-05-12,0.0,0.0,0.0,0.0,0.0,0.0
1982-05-13,0.0,0.0,0.0,0.0,0.0,0.0
1982-05-14,0.0,0.0,0.0,0.0,0.0,0.0
1982-05-15,0.0,0.0,0.0,0.0,0.0,0.0
1982-05-16,0.0,0.0,0.0,0.0,0.0,0.0
1982-05-17,0.0,0.0,0.0,0.0,0.0,0.0
1982-05-18,0.0,0.0,-6.0,0.0,-6.0,10.0
1982-05-19,0.0,0.0,0.0,0.0,0.0,0.0
1982-05-20,0.0,0.0,0.0,0.0,0.0,0.0
1982-05-21,0.0,0.0,0.0,0.0,0.0,0.0
1982-05-22,0.0,0.0,0.0,0.0,0.0,0.0
1982-05-23,0.0,0.0,0.0,0.0,0.0,0.0
1982-05-24,0.0,0.0,0.0,0.0,0.0,0.0
1982-05-25,0.0,0.0,0.0,0.0,0.0,0.0
1982-05-26,0.0,0.0,0.0,0.0,0.0,0.0
1982-05-27,0.0,0.0,0.0,0.0,0.0,0.0
1982-05-28,0.0,0.0,0.0,0.0,0.0,0.0
1982-05-29,0.0,0.0,0.0,0.0,0.0,0.0
1982-05-30,0.0,0.0,0.0,0.0,0.0,0.0
1982-05-31,0.0,0.0,0.0,0.0,0.0,0.0
1982-06-01,0.0,0.0,0.0,0.0,0.0,0.0
1982-06-02,0.0,0.0,0.0,0.0,0.0,0.0
1982-06-03,0.0,0.0,0.0,0.0,0.0,0.0
1982-06-04,0.0,0.0,0.0,0.0,0.0,0.0
1982-06-05,0.0,0.0,-17.999999999985448,0.0,-17.999999999985448,0.0
1982-06-06,0.0,0.0,0.0,0.0,0.0,0.0
1982-06-07,0.0,0.0,0.0,0.0,0.0,0.0
1982-06-08,0.0,0.0,0.0,0.0,0.0,0.0
1982-06-09,0.0,0.0,0.0,0.0,0.0,0.0
1982-06-10,0.0,0.0,0.0,0.0,0.0,0.0
1982-06-11,0.0,0.0,0.0,0.0,0.0,0.0
1982-06-12,0.0,0.0,0.0,0.0,0.0,0.0
1982-06-13,0.0,0.0,0.0,0.0,0.0,0.0
1982-06-14,0.0,0.0,0.0,0.0,0.0,0.0
1982-06-15,0.0,0.0,0.0,0.0,0.0,0.0
1982-06-16,0.0,0.0,0.0,0.0,0.0,0.0
1982-06-17,0.0,0.0,0.0,0.0,0.0,0.0
1982-06-18,0.0,0.0,0.0,0.0,0.0,0.0
1982-06-19,0.0,0.07000000000698492,0.0,0.0,-0.07000000000698492,0.0
1982-06-20,0.0,0.0,0.0,0.0,0.0,0.0
1982-06-21,0.0,0.0,0.0,0.0,0.0,0.0
1982-06-22,0.0,0.0,0.0,0.0,0.0,0.0
1982-06-23,0.0,0.0,0.0,0.0,0.0,0.0
1982-06-24,0.0,0.0,0.0,0.0,0.0,0.0
1982-06-25,0.0,0.00999999999476131,0.0,0.0,-0.00999999999476131,0.0
1982-06-26,0.0,-0.00999999999476131,0.0,0.0,0.00999999999476131,0.0
1982-06-27,0.0,0.0,0.0,0.0,0.0,0.0
1982-06-28,0.0,-0.020000000004074536,0.0,0.0,0.020000000004074536,0.0
1982-06-29,0.0,0.0,0.0,0.0,0.0,0.0
1982-06-30,0.0,0.0,0.0,0.0,0.0,0.0
1982-07-01,0.0,0.0,0.0,0.0,0.0,0.0
1982-07-02,0.0,0.0,0.0,0.0,0.0,0.0
1982-07-03,0.0,0.0,0.0,0.0,0.0,0.0
1982-07-04,0.0,0.0,0.0,0.0,0.0,0.0
1982-07-05,0.0,0.0,0.0,0.0,0.0,0.0
1982-07-06,0.0,0.0,0.0,0.0,0.0,0.0
1982-07-07,0.0,0.0,0.6000000000058208,0.0,0.6000000000058208,0.0
1982-07-08,0.0,0.0,1.1999999999679858,0.0,1.1999999999679858,0.0
1982-07-09,0.0,0.0,0.0,0.0,0.0,0.0
1982-07-10,0.0,0.0,0.0,0.0,0.0,0.0
1982-07-11,0.0,0.0,0.0,0.0,0.0,0.0
1982-07-12,0.0,0.00999999999476131,0.0,0.0,-0.00999999999476131,0.0
1982-07-13,0.0,0.00999999999476131,0.0,0.0,-0.00999999999476131,0.0
1982-07-14,0.0,0.0,0.0,0.0,0.0,0.0
1982-07-15,0.0,0.0,0.0,0.0,0.0,0.0
1982-07-16,0.0,0.0,0.0,0.0,0.0,0.0
1982-07-17,0.0,0.0,0.0,0.0,0.0,0.0
1982-07-18,0.0,0.0,0.0,0.0,0.0,0.0
1982-07-19,0.0,0.020000000004074536,0.0,0.0,-0.020000000004074536,0.0
1982-07-20,0.0,0.0,0.0,0.0,0.0,0.0
1982-07-21,0.0,0.0,0.0,0.0,0.0,0.0
1982-07-22,0.0,0.0,0.0,0.0,0.0,0.0
1982-07-23,0.0,0.0,0.0,0.0,0.0,0.0
1982-07-24,0.0,0.0,0.0,0.0,0.0,0.0
1982-07-25,0.0,0.010000000002037268,0.0,0.0,-0.010000000002037268,0.0
1982-07-26,0.0,0.0,0.0,0.0,0.0,0.0
1982-07-27,0.0,0.0,0.0,0.0,0.0,0.0
1982-07-28,0.0,0.0,0.0,0.0,0.0,0.0
1982-07-29,0.0,0.0,0.0,0.0,0.0,0.0
1982-07-30,0.0,0.0,0.0,0.0,0.0,0.0
1982-07-31,0.0,0.0,0.0,0.0,0.0,0.0
1982-08-01,0.0,0.0,0.0,0.0,0.0,0.0
1982-08-02,0.0,0.0,0.0,0.0,0.0,0.0
1982-08-03,0.0,0.0,0.0,0.0,0.0,0.0
1982-08-04,0.0,0.0,0.0,0.0,0.0,0.0
1982-08-05,0.0,0.0,0.0,0.0,0.0,0.0
1982-08-06,0.0,0.0,0.0,0.0,0.0,0.0
1982-08-07,0.0,0.0,0.0,0.0,0.0,0.0
1982-08-08,0.0,0.0,0.0,0.0,0.0,0.0
1982-08-09,0.0,0.0,0.0,0.0,0.0,0.0
1982-08-10,0.0,0.0,0.0,0.0,0.0,0.0
1982-08-11,0.0,0.0,0.0,0.0,0.0,0.0
1982-08-12,0.0,0.0,0.0,0.0,0.0,0.0
1982-08-13,0.0,0.0,0.0,0.0,0.0,0.0
1982-08-14,0.0,0.0,0.0,0.0,0.0,0.0
1982-08-15,0.0,0.0,0.0,0.0,0.0,0.0
1982-08-16,0.0,0.0,0.0,0.0,0.0,0.0
1982-08-17,0.0,0.0,0.0,0.0,0.0,0.0
1982-08-18,0.0,0.0,0.0,0.0,0.0,0.0
1982-08-19,0.0,0.0,0.0,0.0,0.0,0.0
1982-08-20,0.0,0.0,0.0,0.0,0.0,0.0
1982-08-21,0.0,0.0,0.0,0.0,0.0,0.0
1982-08-22,0.0,0.0,0.0,0.0,0.0,0.0
1982-08-23,0.0,0.0,0.0,0.0,0.0,0.0
1982-08-24,0.0,0.0,0.0,0.0,0.0,0.0
1982-08-25,0.0,0.0,0.0,0.0,0.0,0.0
1982-08-26,0.0,0.0,0.0,0.0,0.0,0.0
1982-08-27,0.0,0.0,0.0,0.0,0.0,0.0
1982-08-28,0.0,0.0,0.0,0.0,0.0,0.0
1982-08-29,0.0,0.0,-1.2000000000080036,0.0,-1.2000000000080036,0.0
1982-08-30,0.0,0.0,0.0,0.0,0.0,0.0
1982-08-31,0.0,0.0,0.0,0.0,0.0,0.0
1982-09-01,0.0,0.00999999999839929,0.0,0.0,-0.00999999999839929,0.0
1982-09-02,0.0,-0.010000000002037268,0.0,0.0,0.010000000002037268,0.0
1982-09-03,0.0,0.0,0.0,0.0,0.0,0.0
1982-09-04,0.0,0.0,0.0,0.0,0.0,0.0
1982-09-05,0.0,0.0,0.0,0.0,0.0,0.0
1982-09-06,0.0,0.0,0.0,0.0,0.0,0.0
1982-09-07,0.0,0.0,0.0,0.0,0.0,0.0
1982-09-08,0.0,-0.010000000002037268,0.0,0.0,0.010000000002037268,0.0
1982-09-09,0.0,0.0,0.0,0.0,0.0,0.0
1982-09-10,0.0,0.0,0.0,0.0,0.0,0.0
1982-09-11,0.0,0.0,0.0,0.0,0.0,0.0
1982-09-12,0.0,0.0,0.0,0.0,0.0,0.0
1982-09-13,0.0,0.0,0.0,0.0,0.0,0.0
1982-09-14,0.0,0.0,0.0,0.0,0.0,0.0
1982-09-15,0.0,0.0,0.0,0.0,0.0,0.0
1982-09-16,0.0,0.0,0.0,0.0,0.0,0.0
1982-09-17,0.0,0.0,0.0,0.0,0.0,0.0
1982-09-18,0.0,0.0,0.0,0.0,0.0,0.0
1982-09-19,0.0,0.0,0.0,0.0,0.0,0.0
1982-09-20,0.0,0.0,-337.20000000001164,-0.010000000000000231,-337.20000000001164,10.0
1982-09-21,0.0,0.029999999998835847,5.400000000001455,0.0,5.370000000002619,0.0
1982-09-22,0.0,0.0,0.0,0.0,0.0,0.0
1982-09-23,0.0,0.0,0.0,0.0,0.0,0.0
1982-09-24,0.0,0.0,0.0,0.0,0.0,0.0
1982-09-25,0.0,0.0,0.0,0.0,0.0,0.0
1982-09-26,0.0,0.0,0.0,0.0,0.0,0.0
1982-09-27,0.0,0.0,0.0,0.0,0.0,0.0
1982-09-28,0.0,0.0,0.0,0.0,0.0,0.0
1982-09-29,0.0,0.0,0.0,0.0,0.0,0.0
1982-09-30,0.0,0.0,0.0,0.0,0.0,0.0
1982-10-01,0.0,0.0,0.0,0.0,0.0,0.0
1982-10-02,0.0,0.0,0.0,0.0,0.0,0.0
1982-10-03,0.0,0.0,0.0,0.0,0.0,0.0
1982-10-04,0.0,0.0,0.0,0.0,0.0,0.0
1982-10-05,0.0,0.0,0.0,0.0,0.0,0.0
1982-10-06,0.0,0.0,0.0,0.0,0.0,0.0
1982-10-07,0.0,0.0,0.0,0.0,0.0,0.0
1982-10-08,0.0,0.0,0.0,0.0,0.0,0.0
1982-10-09,0.0,0.0,0.0,0.0,0.0,0.0
1982-10-10,0.0,0.0,0.0,0.0,0.0,0.0
1982-10-11,0.0,0.0,0.0,0.0,0.0,0.0
1982-10-12,0.0,0.0,0.0,0.0,0.0,0.0
1982-10-13,0.0,0.0,0.0,0.0,0.0,0.0
1982-10-14,0.0,0.0,0.0,0.0,0.0,0.0
1982-10-15,0.0,0.0,0.0,0.0,0.0,0.0
1982-10-16,0.0,0.0,0.0,0.0,0.0,0.0
1982-10-17,0.0,0.0,0.0,0.0,0.0,0.0
1982-10-18,0.0,0.0,0.0,0.0,0.0,0.0
1982-10-19,0.0,0.0,0.0,0.0,0.0,0.0
1982-10-20,0.0,0.0,0.0,0.0,0.0,0.0
1982-10-21,0.0,0.0,0.0,0.0,0.0,0.0
1982-10-22,0.0,0.0,0.0,0.0,0.0,0.0
1982-10-23,0.0,0.0,0.0,0.0,0.0,0.0
1982-10-24,0.0,0.0,0.0,0.0,0.0,0.0
1982-10-25,0.0,0.0,0.0,0.0,0.0,0.0
1982-10-26,0.0,0.0,-1.8000000000029104,0.0,-1.8000000000029104,10.0
1982-10-27,0.0,0.0,-7.19999999999709,0.0,-7.19999999999709,10.0
1982-10-28,0.0,0.0,-564.5999999999767,-0.019999999999999574,-564.5999999999767,0.0
1982-10-29,0.0,-0.10000000000582077,-528.0,-0.019999999999999574,-527.8999999999942,0.0
1982-10-30,0.0,0.04000000000814907,1.2000000000116415,0.0,1.1600000000034925,0.0
1982-10-31,0.0,-0.010000000009313226,0.0,0.0,0.010000000009313226,0.0
1982-11-01,0.0,0.0,-1.7999999999883585,0.0,-1.7999999999883585,0.0
1982-11-02,0.0,0.0,0.0,0.0,0.0,0.0
1982-11-03,0.0,0.0,0.0,0.0,0.0,0.0
1982-11-04,0.0,0.08999999999650754,-6.0,0.0,-6.0899999999965075,10.0
1982-11-05,0.0,-0.00999999999476131,-11.999999999985448,0.0,-11.989999999990687,0.0
1982-11-06,0.0,-0.029999999998835847,-24.0,0.0,-23.970000000001164,10.0
1982-11-07,0.0,0.0,0.0,0.0,0.0,0.0
1982-11-08,0.0,0.01999999998952262,0.0,0.0,-0.01999999998952262,0.0
1982-11-09,0.0,0.0,0.0,0.0,0.0,0.0
1982-11-10,0.0,0.0,0.0,0.0,0.0,0.0
1982-11-11,0.0,0.0,0.0,0.0,0.0,0.0
1982-11-12,0.0,0.0,0.0,0.0,0.0,0.0
1982-11-13,0.0,0.0,0.0,0.0,0.0,0.0
1982-11-14,0.0,0.0,0.0,0.0,0.0,0.0
1982-11-15,0.0,0.0,0.0,0.0,0.0,0.0
1982-11-16,0.0,0.0,0.0,0.0,0.0,0.0
1982-11-17,0.0,0.27000000001862645,-131.9999999999709,0.0,-132.26999999998952,10.0
1982-11-18,0.0,0.23000000001047738,-30.000000000058208,0.0,-30.230000000068685,10.0
1982-11-19,0.0,-0.3699999999953434,-24.0,0.0,-23.630000000004657,0.0
1982-11-20,0.0,-0.059999999997671694,-18.0,0.0,-17.94000000000233,10.0
1982-11-21,0.0,-0.00999999999476131,0.0,0.0,0.00999999999476131,0.0
1982-11-22,0.0,0.0,0.0,0.0,0.0,0.0
1982-11-23,0.0,0.0,0.0,0.0,0.0,0.0
1982-11-24,0.0,0.04000000000814907,0.0,0.0,-0.04000000000814907,0.0
1982-11-25,0.0,0.00999999999476131,0.0,0.0,-0.00999999999476131,0.0
1982-11-26,0.0,0.0,0.0,0.0,0.0,0.0
1982-11-27,0.0,0.0,0.0,0.0,0.0,0.0
1982-11-28,0.0,0.39000000001396984,-6.0,0.0,-6.39000000001397,10.0
1982-11-29,0.0,0.29999999998835847,-36.0,0.0,-36.29999999998836,20.0
1982-11-30,0.0,0.3199999999778811,-24.0,0.0,-24.31999999997788,20.0
1982-12-01,0.0,-0.9599999999918509,-198.0,-0.010000000000000231,-197.04000000000815,-20.0
1982-12-02,0.0,-0.059999999997671694,-455.9999999999418,-0.020000000000000018,-455.9399999999441,10.0
1982-12-03,0.0,4.0,-1200.0,0.0,-1204.0,10.0
1982-12-04,0.0,-3.790000000008149,-77.9999999999709,0.0,-74.20999999996275,0.0
1982-12-05,0.0,0.04999999998835847,-306.0,-0.010000000000000231,-306.04999999998836,0.0
1982-12-06,0.0,-0.04000000000814907,-210.0,-0.009999999999999787,-209.95999999999185,10.0
1982-12-07,0.0,0.0,-12.000000000058208,0.0,-12.000000000058208,0.0
1982-12-08,0.0,0.0,-6.0,0.0,-6.0,0.0
1982-12-09,0.0,0.029999999998835847,0.0,0.0,-0.029999999998835847,0.0
1982-12-10,0.0,0.010000000009313226,0.0,0.0,-0.010000000009313226,0.0
1982-12-11,0.0,0.0,-6.0,0.0,-6.0,0.0
1982-12-12,0.0,0.04000000000814907,-6.0,0.0,-6.040000000008149,0.0
1982-12-13,0.0,-0.08999999999650754,-42.000000000029104,0.0,-41.910000000032596,10.0
1982-12-14,0.0,-0.139999999984866,-534.0,-0.03000000000000025,-533.8600000000151,0.0
1982-12-15,0.0,-0.060000000055879354,-1230.0,-0.10000000000000142,-1229.9399999999441,0.0
1982-12-16,0.0,0.28999999997904524,-893.9999999999418,-0.030000000000001137,-894.2899999999208,0.0
1982-12-17,0.0,0.0,-234.0000000000582,-0.009999999999999787,-234.0000000000582,-10.0
1982-12-18,0.0,0.16000000000349246,-173.9999999999709,0.0,-174.1599999999744,20.0
1982-12-19,0.0,-0.12000000002444722,-48.000000000029104,0.0,-47.88000000000466,0.0
1982-12-20,0.0,-0.37000000005355105,-990.0000000000582,-0.03999999999999915,-989.6300000000047,-10.0
1982-12-21,0.0,1.0300000000279397,-324.0,-0.010000000000000675,-325.03000000002794,-40.0
1982-12-22,0.0,-1.0199999999895226,-216.0,-0.03000000000000025,-214.98000000001048,0.0
1982-12-23,0.0,-0.02000000001862645,-246.0,-0.010000000000000231,-245.97999999998137,20.0
1982-12-24,0.0,0.0,-66.0000000000291,-0.009999999999999787,-66.0000000000291,-10.0
1982-12-25,0.0,0.01999999998952262,-48.0,-0.010000000000000231,-48.01999999998952,-70.0
1982-12-26,0.0,0.0,-24.000000000029104,0.0,-24.000000000029104,0.0
1982-12-27,0.0,0.0,0.0,0.0,0.0,0.0
1982-12-28,0.0,0.0,-23.999999999970896,0.0,-23.999999999970896,0.0
1982-12-29,0.0,0.0,0.0,0.0,0.0,0.0
1982-12-30,0.0,0.0,0.0,0.0,0.0,0.0
1982-12-31,0.0,0.0,0.0,0.0,0.0,0.0
1983-01-01,0.0,0.0,0.0,0.0,0.0,0.0
1983-01-02,0.0,0.0,-30.000000000058208,0.0,-30.000000000058208,0.0
1983-01-03,0.0,0.0,-197.9999999999418,-0.010000000000000231,-197.9999999999418,10.0
1983-01-04,0.0,6.379999999946449,-570.0,-0.009999999999999787,-576.3799999999464,0.0
1983-01-05,0.0,34.62999999988824,-2165.999999999767,0.0,-2200.6299999996554,0.0
1983-01-06,0.0,4.870000000111759,-1560.0,0.0,-1564.8700000001118,30.0
1983-01-07,0.0,0.43999999994412065,-1986.0,0.0,-1986.4399999999441,0.0
1983-01-08,0.0,-44.09000000002561,-402.0,-0.09999999999999964,-357.9099999999744,-10.0
1983-01-09,0.0,-2.570000000006985,-168.0,-0.010000000000000231,-165.42999999999302,0.0
1983-01-10,0.0,-0.21999999997206032,-72.0,-0.009999999999999787,-71.78000000002794,-170.0
1983-01-11,0.0,0.3800000000046566,-162.0,0.0,-162.38000000000466,0.0
1983-01-12,0.0,9.10999999998603,-107.9999999999709,0.0,-117.10999999995693,10.0
1983-01-13,0.0,-2.1300000000046566,-66.0000000000291,0.0,-63.87000000002445,0.0
1983-01-14,0.0,-6.970000000001164,-89.9999999999709,0.0,-83.02999999996973,0.0
1983-01-15,0.0,0.059999999997671694,-54.0,0.0,-54.05999999999767,0.0
1983-01-16,0.0,3.75,-30.0,0.0,-33.75,10.0
1983-01-17,0.0,2.470000000001164,-24.0,0.0,-26.470000000001164,10.0
1983-01-18,0.0,6.75,-300.0,-0.009999999999999787,-306.75,-70.0
1983-01-19,0.0,-7.559999999997672,-149.9999999999418,0.0,-142.43999999994412,10.0
1983-01-20,0.0,-5.330000000016298,-78.0,0.0,-72.6699999999837,20.0
1983-01-21,0.0,0.0,-47.999999999970896,0.0,-47.999999999970896,20.0
1983-01-22,0.0,0.0,-120.0,0.0,-120.0,10.0
1983-01-23,0.0,6.629999999946449,-108.0,0.0,-114.62999999994645,20.0
1983-01-24,0.0,-0.46000000002095476,-198.0,0.0,-197.53999999997905,70.0
1983-01-25,0.0,-1.9400000000023283,-96.0,0.0,-94.05999999999767,0.0
1983-01-26,0.0,4.090000000025611,-227.9999999999418,-0.009999999999999787,-232.0899999999674,-30.0
1983-01-27,0.0,-6.0,-89.99999999994179,0.0,-83.99999999994179,0.0
1983-01-28,0.0,-1.9899999999906868,-53.999999999970896,0.0,-52.00999999998021,0.0
1983-01-29,0.0,1.4500000000116415,-23.999999999970896,0.0,-25.449999999982538,0.0
1983-01-30,0.0,-1.1999999999825377,-96.0000000000291,0.0,-94.80000000004657,10.0
1983-01-31,0.0,-0.27999999999883585,-48.000000000029104,0.0,-47.72000000003027,10.0
1983-02-01,0.0,-0.029999999998835847,-48.000000000029104,0.0,-47.97000000003027,0.0
1983-02-02,0.0,0.0,0.0,0.0,0.0,0.0
1983-02-03,0.0,0.07999999998719431,-11.999999999970896,0.0,-12.07999999995809,0.0
1983-02-04,0.0,-0.059999999997671694,0.0,0.0,0.059999999997671694,0.0
1983-02-05,0.0,0.04999999998835847,-18.0,0.0,-18.04999999998836,20.0
1983-02-06,0.0,0.0,-48.000000000029104,0.0,-48.000000000029104,20.0
1983-02-07,0.0,0.0,-186.0000000000291,0.0,-186.0000000000291,80.0
1983-02-08,0.0,0.0,-276.0,-0.010000000000000231,-276.0,0.0
1983-02-09,0.0,-0.030000000027939677,-420.0,-0.019999999999999574,-419.96999999997206,-10.0
1983-02-10,0.0,0.34000000002561137,-186.0,-0.010000000000000231,-186.3400000000256,0.0
1983-02-11,0.0,2.220000000001164,-59.999999999970896,0.0,-62.21999999997206,10.0
1983-02-12,0.0,0.37999999994644895,-264.0,0.0,-264.37999999994645,30.0
1983-02-13,0.0,0.279999999969732,-198.0,0.0,-198.27999999996973,40.0
1983-02-14,0.0,-3.3399999999965075,-138.0000000000291,0.0,-134.6600000000326,20.0
1983-02-15,0.0,0.09999999997671694,-126.0,0.0,-126.09999999997672,10.0
1983-02-16,0.0,3.1599999999743886,-281.9999999999418,-0.009999999999999787,-285.1599999999162,-20.0
1983-02-17,0.0,43.25999999977648,-1698.0,0.0,-1741.2599999997765,0.0
1983-02-18,0.0,-44.21999999997206,-540.0000000000582,-0.010000000000001563,-495.78000000008615,0.0
1983-02-19,0.0,-1.9699999999720603,-180.0,0.0,-178.03000000002794,50.0
1983-02-20,0.0,0.5,-210.0,0.0,-210.5,30.0
1983-02-21,0.0,4.879999999946449,-468.0000000000582,-0.009999999999999787,-472.88000000000466,0.0
1983-02-22,0.0,-0.779999999969732,-245.99999999988358,-0.010000000000000675,-245.21999999991385,-30.0
1983-02-23,0.0,-2.2199999999720603,-300.0000000000582,-0.010000000000000675,-297.78000000008615,-10.0
1983-02-24,0.0,1.8400000000256114,-102.00000000005821,0.0,-103.84000000008382,10.0
1983-02-25,0.0,-4.620000000053551,-132.0,0.0,-127.37999999994645,50.0
1983-02-26,0.0,0.15999999997438863,-311.9999999999418,-0.009999999999999787,-312.1599999999162,0.0
1983-02-27,0.0,-0.059999999997671694,-108.0000000000291,-0.010000000000000231,-107.94000000003143,-100.0
1983-02-28,0.0,0.39999999999417923,-77.9999999999709,0.0,-78.39999999996508,30.0
1983-03-01,0.0,0.5499999999883585,-12.0,0.0,-12.549999999988358,0.0
1983-03-02,0.0,-0.8999999999941792,-30.000000000029104,0.0,-29.100000000034925,0.0
1983-03-03,0.0,0.23000000001047738,-12.0,0.0,-12.230000000010477,0.0
1983-03-04,0.0,0.2699999999895226,-120.0,0.0,-120.26999999998952,30.0
1983-03-05,0.0,-0.4200000000128057,-77.99999999994179,-0.009999999999999787,-77.57999999992899,-160.0
1983-03-06,0.0,3.0799999999871943,-204.0000000000291,-0.010000000000000231,-207.0800000000163,-10.0
1983-03-07,0.0,-3.2199999999720603,-612.0,-0.009999999999999787,-608.7800000000279,30.0
1983-03-08,0.0,5.400000000023283,-480.0000000000582,-0.019999999999999574,-485.4000000000815,-20.0
1983-03-09,0.0,-5.25,-755.9999999999418,-0.019999999999999574,-750.7499999999418,10.0
1983-03-10,0.0,0.029999999969732016,-192.0,-0.010000000000000675,-192.02999999996973,-50.0
1983-03-11,0.0,-0.030000000027939677,-72.0,-0.009999999999999787,-71.96999999997206,-60.0
1983-03-12,0.0,0.5599999999976717,-299.9999999999418,0.0,-300.55999999993946,20.0
1983-03-13,0.0,-0.34000000002561137,-432.0000000000582,-0.020000000000000462,-431.6600000000326,-20.0
1983-03-14,0.0,0.0,-180.0000000000582,-0.009999999999999787,-180.0000000000582,-20.0
1983-03-15,0.0,-0.07999999998719431,0.0,0.0,0.07999999998719431,0.0
1983-03-16,0.0,0.0,-30.0,0.0,-30.0,0.0
1983-03-17,0.0,-0.01999999998952262,-12.000000000029104,0.0,-11.980000000039581,0.0
1983-03-18,0.0,0.0,0.0,0.0,0.0,0.0
1983-03-19,0.0,0.059999999997671694,-5.999999999970896,0.0,-6.059999999968568,0.0
1983-03-20,0.0,0.0,0.0,0.0,0.0,0.0
1983-03-21,0.0,0.0,0.0,0.0,0.0,0.0
1983-03-22,0.0,-0.02000000001862645,0.0,0.0,0.02000000001862645,0.0
1983-03-23,0.0,0.0,-6.000000000029104,0.0,-6.000000000029104,0.0
1983-03-24,0.0,0.0,-24.0,0.0,-24.0,0.0
1983-03-25,0.0,0.0,0.0,0.0,0.0,0.0
1983-03-26,0.0,0.01999999998952262,-48.0,0.0,-48.01999999998952,20.0
1983-03-27,0.0,0.0,-102.0000000000291,0.0,-102.0000000000291,20.0
1983-03-28,0.0,0.0,-354.0,-0.009999999999999787,-354.0,0.0
1983-03-29,0.0,0.0,-1775.9999999998836,-0.09999999999999787,-1775.9999999998836,0.0
1983-03-30,0.0,0.0,-768.0000000000582,-0.019999999999999574,-768.0000000000582,0.0
1983-03-31,0.0,-0.09000000002561137,-204.0,0.0,-203.9099999999744,20.0
1983-04-01,0.0,0.1900000000023283,-563.9999999999418,-0.019999999999999574,-564.1899999999441,-10.0
1983-04-02,0.0,-0.029999999969732016,-702.0000000000582,-0.03000000000000025,-701.9700000000885,0.0
1983-04-03,0.0,0.059999999997671694,-72.0,0.0,-72.05999999999767,20.0
1983-04-04,0.0,0.0,-66.0000000000291,0.0,-66.0000000000291,0.0
1983-04-05,0.0,0.0,-18.000000000029104,0.0,-18.000000000029104,0.0
1983-04-06,0.0,0.0,-6.000000000029104,0.0,-6.000000000029104,0.0
1983-04-07,0.0,-0.010000000009313226,-6.000000000029104,0.0,-5.990000000019791,0.0
1983-04-08,0.0,0.0,-6.0,0.0,-6.0,0.0
1983-04-09,0.0,-0.010000000009313226,-102.0000000000291,-0.010000000000000231,-101.99000000001979,-40.0
1983-04-10,0.0,0.0,-48.000000000029104,-0.009999999999999787,-48.000000000029104,0.0
1983-04-11,0.0,0.0,-17.999999999970896,0.0,-17.999999999970896,0.0
1983-04-12,0.0,0.0,0.0,0.0,0.0,0.0
1983-04-13,0.0,0.0,-12.000000000029104,0.0,-12.000000000029104,0.0
1983-04-14,0.0,0.0,0.0,0.0,0.0,0.0
1983-04-15,0.0,0.0,0.0,0.0,0.0,0.0
1983-04-16,0.0,0.0,0.0,0.0,0.0,0.0
1983-04-17,0.0,0.0,0.0,0.0,0.0,0.0
1983-04-18,0.0,0.0,0.0,0.0,0.0,0.0
1983-04-19,0.0,0.0,0.0,0.0,0.0,0.0
1983-04-20,0.0,0.0,0.0,0.0,0.0,0.0
1983-04-21,0.0,0.0,0.0,0.0,0.0,0.0
1983-04-22,0.0,0.0,0.0,0.0,0.0,0.0
1983-04-23,0.0,0.0,-12.0,0.0,-12.0,0.0
1983-04-24,0.0,0.0,0.0,0.0,0.0,0.0
1983-04-25,0.0,0.0,0.0,0.0,0.0,0.0
1983-04-26,0.0,0.0,-24.0,0.0,-24.0,0.0
1983-04-27,0.0,0.0,0.0,0.0,0.0,0.0
1983-04-28,0.0,0.0,0.0,0.0,0.0,0.0
1983-04-29,0.0,0.0,0.0,0.0,0.0,0.0
1983-04-30,0.0,0.0,-6.0,0.0,-6.0,0.0
1983-05-01,0.0,0.04999999998835847,0.0,0.0,-0.04999999998835847,0.0
1983-05-02,0.0,0.0,-6.0,0.0,-6.0,0.0
1983-05-03,0.0,0.0,0.0,0.0,0.0,0.0
1983-05-04,0.0,0.0,0.0,0.0,0.0,0.0
1983-05-05,0.0,0.0,0.0,0.0,0.0,0.0
1983-05-06,0.0,-0.04999999998835847,-6.0,0.0,-5.9500000000116415,10.0
1983-05-07,0.0,0.0,-36.0,0.0,-36.0,30.0
1983-05-08,0.0,0.0,-102.00000000005821,-0.010000000000000231,-102.00000000005821,-20.0
1983-05-09,0.0,0.0,-18.0,0.0,-18.0,10.0
1983-05-10,0.0,0.0,-36.0,0.0,-36.0,0.0
1983-05-11,0.0,0.0,-5.999999999970896,0.0,-5.999999999970896,0.0
1983-05-12,0.0,0.0,0.0,0.0,0.0,0.0
1983-05-13,0.0,0.0,0.0,0.0,0.0,0.0
1983-05-14,0.0,0.0,-12.000000000029104,0.0,-12.000000000029104,0.0
1983-05-15,0.0,0.1300000000046566,-83.9999999999709,0.0,-84.12999999997555,10.0
1983-05-16,0.0,0.0,0.0,0.0,0.0,0.0
1983-05-17,0.0,0.0,0.0,0.0,0.0,0.0
1983-05-18,0.0,0.0,-6.000000000029104,0.0,-6.000000000029104,0.0
1983-05-19,0.0,0.0,-6.0,0.0,-6.0,0.0
1983-05-20,0.0,0.0,0.0,0.0,0.0,0.0
1983-05-21,0.0,0.07999999998719431,6.0,0.0,5.920000000012806,0.0
1983-05-22,0.0,-0.01999999998952262,0.0,0.0,0.01999999998952262,0.0
1983-05-23,0.0,0.010000000009313226,0.0,0.0,-0.010000000009313226,0.0
1983-05-24,0.0,0.0,0.0,0.0,0.0,0.0
1983-05-25,0.0,0.04999999998835847,0.0,0.0,-0.04999999998835847,0.0
1983-05-26,0.0,0.0,0.0,0.0,0.0,0.0
1983-05-27,0.0,0.0,0.0,0.0,0.0,0.0
1983-05-28,0.0,0.0,0.0,0.0,0.0,0.0
1983-05-29,0.0,0.0,0.0,0.0,0.0,0.0
1983-05-30,0.0,0.0,0.0,0.0,0.0,0.0
1983-05-31,0.0,0.0,0.0,0.0,0.0,0.0
1983-06-01,0.0,0.0,0.0,0.0,0.0,0.0
1983-06-02,0.0,0.0,0.0,0.0,0.0,0.0
1983-06-03,0.0,0.0,0.0,0.0,0.0,0.0
1983-06-04,0.0,0.0,0.0,0.0,0.0,0.0
1983-06-05,0.0,0.0,0.0,0.0,0.0,0.0
1983-06-06,0.0,0.0,0.0,0.0,0.0,0.0
1983-06-07,0.0,0.0,0.0,0.0,0.0,0.0
1983-06-08,0.0,0.0,0.0,0.0,0.0,0.0
1983-06-09,0.0,-0.00999999999476131,0.0,0.0,0.00999999999476131,0.0
1983-06-10,0.0,0.0,-12.000000000029104,0.0,-12.000000000029104,20.0
1983-06-11,0.0,0.0,0.0,0.0,0.0,0.0
1983-06-12,0.0,0.0,0.0,0.0,0.0,0.0
1983-06-13,0.0,0.0,0.0,0.0,0.0,0.0
1983-06-14,0.0,-0.020000000004074536,0.0,0.0,0.020000000004074536,0.0
1983-06-15,0.0,-0.01999999998952262,0.0,0.0,0.01999999998952262,0.0
1983-06-16,0.0,-0.029999999998835847,0.0,0.0,0.029999999998835847,0.0
1983-06-17,0.0,0.0,0.0,0.0,0.0,0.0
1983-06-18,0.0,0.0,0.0,0.0,0.0,0.0
1983-06-19,0.0,0.00999999999476131,-60.00000000001455,-0.010000000000000009,-60.01000000000931,-100.0
1983-06-20,0.0,-0.029999999998835847,0.0,0.0,0.029999999998835847,0.0
1983-06-21,0.0,0.0,0.0,0.0,0.0,0.0
1983-06-22,0.0,0.0,0.0,0.0,0.0,0.0
1983-06-23,0.0,0.0,0.0,0.0,0.0,0.0
1983-06-24,0.0,0.0,-6.000000000014552,0.0,-6.000000000014552,10.0
1983-06-25,0.0,0.0,0.0,0.0,0.0,0.0
1983-06-26,0.0,0.0,0.0,0.0,0.0,0.0
1983-06-27,0.0,0.0,0.0,0.0,0.0,0.0
1983-06-28,0.0,0.0,0.0,0.0,0.0,0.0
1983-06-29,0.0,0.0,0.0,0.0,0.0,0.0
1983-06-30,0.0,0.0,-54.0,0.0,-54.0,10.0
1983-07-01,0.0,0.0,-204.0000000000291,-0.020000000000000018,-204.0000000000291,0.0
1983-07-02,0.0,0.0,-54.0,0.0,-54.0,0.0
1983-07-03,0.0,0.0,0.0,0.0,0.0,0.0
1983-07-04,0.0,0.0,0.0,0.0,0.0,0.0
1983-07-05,0.0,0.0,0.0,0.0,0.0,0.0
1983-07-06,0.0,0.0,0.0,0.0,0.0,0.0
1983-07-07,0.0,0.0,0.0,0.0,0.0,0.0
1983-07-08,0.0,-0.00999999999476131,0.0,0.0,0.00999999999476131,0.0
1983-07-09,0.0,0.010000000009313226,6.0,0.0,5.989999999990687,0.0
1983-07-10,0.0,0.0,0.0,0.0,0.0,0.0
1983-07-11,0.0,0.0,0.0,0.0,0.0,0.0
1983-07-12,0.0,0.020000000004074536,0.0,0.0,-0.020000000004074536,0.0
1983-07-13,0.0,0.0,-126.0000000000291,0.0,-126.0000000000291,10.0
1983-07-14,0.0,0.0,-11.999999999985448,-0.010000000000000009,-11.999999999985448,-50.0
1983-07-15,0.0,0.0,-11.999999999985448,0.0,-11.999999999985448,0.0
1983-07-16,0.0,0.0,-12.000000000014552,0.0,-12.000000000014552,0.0
1983-07-17,0.0,0.0,0.0,0.0,0.0,0.0
1983-07-18,0.0,0.0,0.0,0.0,0.0,0.0
1983-07-19,0.0,0.0,-120.00000000001455,-0.010000000000000009,-120.00000000001455,0.0
1983-07-20,0.0,0.0,0.0,0.0,0.0,0.0
1983-07-21,0.0,-0.029999999998835847,-6.000000000014552,0.0,-5.970000000015716,0.0
1983-07-22,0.0,0.0,0.0,0.0,0.0,0.0
1983-07-23,0.0,0.0,0.0,0.0,0.0,0.0
1983-07-24,0.0,0.0,0.0,0.0,0.0,0.0
1983-07-25,0.0,0.0,0.0,0.0,0.0,0.0
1983-07-26,0.0,0.0,0.0,0.0,0.0,0.0
1983-07-27,0.0,0.0,0.0,0.0,0.0,0.0
1983-07-28,0.0,0.0,0.0,0.0,0.0,0.0
1983-07-29,0.0,0.0,0.0,0.0,0.0,0.0
1983-07-30,0.0,0.0,0.0,0.0,0.0,0.0
1983-07-31,0.0,0.0,0.0,0.0,0.0,0.0
1983-08-01,0.0,0.0,0.0,0.0,0.0,0.0
1983-08-02,0.0,-0.020000000004074536,0.0,0.0,0.020000000004074536,0.0
1983-08-03,0.0,0.0,0.0,0.0,0.0,0.0
1983-08-04,0.0,0.0,0.0,0.0,0.0,0.0
1983-08-05,0.0,0.0,0.0,0.0,0.0,0.0
1983-08-06,0.0,0.0,0.0,0.0,0.0,0.0
1983-08-07,0.0,0.0,0.0,0.0,0.0,0.0
1983-08-08,0.0,-0.03999999999359716,0.0,0.0,0.03999999999359716,0.0
1983-08-09,0.0,0.0,0.0,0.0,0.0,0.0
1983-08-10,0.0,0.029999999998835847,0.0,0.0,-0.029999999998835847,0.0
1983-08-11,0.0,0.0,0.0,0.0,0.0,0.0
1983-08-12,0.0,0.0,0.0,0.0,0.0,0.0
1983-08-13,0.0,0.0,0.0,0.0,0.0,0.0
1983-08-14,0.0,0.020000000004074536,0.0,0.0,-0.020000000004074536,0.0
1983-08-15,0.0,0.029999999998835847,0.0,0.0,-0.029999999998835847,0.0
1983-08-16,0.0,0.020000000004074536,0.0,0.0,-0.020000000004074536,0.0
1983-08-17,0.0,-0.020000000004074536,0.0,0.0,0.020000000004074536,0.0
1983-08-18,0.0,0.010000000009313226,0.0,0.0,-0.010000000009313226,0.0
1983-08-19,0.0,0.0,0.0,0.0,0.0,0.0
1983-08-20,0.0,0.0,0.0,0.0,0.0,0.0
1983-08-21,0.0,0.0,0.0,0.0,0.0,0.0
1983-08-22,0.0,0.0,0.0,0.0,0.0,0.0
1983-08-23,0.0,0.0,0.0,0.0,0.0,0.0
1983-08-24,0.0,0.0,0.0,0.0,0.0,0.0
1983-08-25,0.0,-0.00999999999476131,0.0,0.0,0.00999999999476131,0.0
1983-08-26,0.0,0.0,0.0,0.0,0.0,0.0
1983-08-27,0.0,0.0,0.0,0.0,0.0,0.0
1983-08-28,0.0,0.0,0.0,0.0,0.0,0.0
1983-08-29,0.0,0.0,0.0,0.0,0.0,0.0
1983-08-30,0.0,0.0,0.0,0.0,0.0,0.0
1983-08-31,0.0,0.0,0.0,0.0,0.0,0.0
1983-09-01,0.0,0.00999999999476131,0.0,0.0,-0.00999999999476131,0.0
1983-09-02,0.0,0.0,0.0,0.0,0.0,0.0
1983-09-03,0.0,0.0,0.0,0.0,0.0,0.0
1983-09-04,0.0,0.0,0.0,0.0,0.0,0.0
1983-09-05,0.0,0.0,0.0,0.0,0.0,0.0
1983-09-06,0.0,0.0,0.0,0.0,0.0,0.0
1983-09-07,0.0,0.0,0.0,0.0,0.0,0.0
1983-09-08,0.0,0.0,0.0,0.0,0.0,0.0
1983-09-09,0.0,0.0,0.0,0.0,0.0,0.0
1983-09-10,0.0,0.0,0.0,0.0,0.0,0.0
1983-09-11,0.0,0.0,0.0,0.0,0.0,0.0
1983-09-12,0.0,0.0,0.0,0.0,0.0,0.0
1983-09-13,0.0,0.0,0.0,0.0,0.0,0.0
1983-09-14,0.0,0.0,0.0,0.0,0.0,0.0
1983-09-15,0.0,0.0,0.0,0.0,0.0,0.0
1983-09-16,0.0,0.0,0.0,0.0,0.0,0.0
1983-09-17,0.0,0.0,0.0,0.0,0.0,0.0
1983-09-18,0.0,0.0,0.0,0.0,0.0,0.0
1983-09-19,0.0,0.0,0.0,0.0,0.0,0.0
1983-09-20,0.0,0.0,0.0,0.0,0.0,0.0
1983-09-21,0.0,0.0,0.0,0.0,0.0,0.0
1983-09-22,0.0,0.0,0.0,0.0,0.0,0.0
1983-09-23,0.0,0.0,0.0,0.0,0.0,0.0
1983-09-24,0.0,0.0,0.0,0.0,0.0,0.0
1983-09-25,0.0,0.0,0.0,0.0,0.0,0.0
1983-09-26,0.0,0.0,0.0,0.0,0.0,0.0
1983-09-27,0.0,0.0,0.0,0.0,0.0,0.0
1983-09-28,0.0,0.0,0.0,0.0,0.0,0.0
1983-09-29,0.0,0.0,0.0,0.0,0.0,0.0
1983-09-30,0.0,0.0,0.0,0.0,0.0,0.0
1983-10-01,0.0,0.0,0.0,0.0,0.0,0.0
1983-10-02,0.0,0.0,0.0,0.0,0.0,0.0
1983-10-03,0.0,0.0,0.0,0.0,0.0,0.0
1983-10-04,0.0,0.0,0.0,0.0,0.0,0.0
1983-10-05,0.0,0.0,0.0,0.0,0.0,0.0
1983-10-06,0.0,0.0,0.0,0.0,0.0,0.0
1983-10-07,0.0,0.0,0.0,0.0,0.0,0.0
1983-10-08,0.0,0.0,0.0,0.0,0.0,0.0
1983-10-09,0.0,0.0,0.0,0.0,0.0,0.0
1983-10-10,0.0,0.0,0.0,0.0,0.0,0.0
1983-10-11,0.0,0.0,0.0,0.0,0.0,0.0
1983-10-12,0.0,0.0,0.0,0.0,0.0,0.0
1983-10-13,0.0,0.0,0.0,0.0,0.0,0.0
1983-10-14,0.0,0.0,0.0,0.0,0.0,0.0
1983-10-15,0.0,0.0,0.0,0.0,0.0,0.0
1983-10-16,0.0,0.0,0.0,0.0,0.0,0.0
1983-10-17,0.0,0.0,0.0,0.0,0.0,0.0
1983-10-18,0.0,0.0,0.0,0.0,0.0,0.0
1983-10-19,0.0,0.0,0.0,0.0,0.0,0.0
1983-10-20,0.0,0.0,0.0,0.0,0.0,0.0
1983-10-21,0.0,0.0,0.0,0.0,0.0,0.0
1983-10-22,0.0,0.0,0.0,0.0,0.0,0.0
1983-10-23,0.0,0.0,0.0,0.0,0.0,0.0
1983-10-24,0.0,0.0,0.0,0.0,0.0,0.0
1983-10-25,0.0,0.0,0.0,0.0,0.0,0.0
1983-10-26,0.0,0.0,0.0,0.0,0.0,0.0
1983-10-27,0.0,0.0,0.0,0.0,0.0,0.0
1983-10-28,0.0,0.0,0.0,0.0,0.0,0.0
1983-10-29,0.0,0.0,0.0,0.0,0.0,0.0
1983-10-30,0.0,0.0,0.0,0.0,0.0,0.0
1983-10-31,0.0,0.0,0.0,0.0,0.0,0.0
1983-11-01,0.0,0.0,0.0,0.0,0.0,0.0
1983-11-02,0.0,0.0,0.0,0.0,0.0,0.0
1983-11-03,0.0,0.2900000000081491,-319.19999999998254,-0.009999999999999787,-319.4899999999907,0.0
1983-11-04,0.0,-0.25,-7.200000000004366,0.0,-6.950000000004366,0.0
1983-11-05,0.0,0.0,-17.39999999999418,0.0,-17.39999999999418,0.0
1983-11-06,0.0,0.0,-63.59999999999127,0.0,-63.59999999999127,0.0
1983-11-07,0.0,0.0,-3.599999999998545,0.0,-3.599999999998545,0.0
1983-11-08,0.0,-0.020000000004074536,-0.5999999999912689,0.0,-0.5799999999871943,0.0
1983-11-09,0.0,0.0,-29.400000000001455,-0.0010000000000000009,-29.400000000001455,0.0
1983-11-10,0.0,0.0,-9.600000000013097,0.0,-9.600000000013097,10.0
1983-11-11,0.0,-0.010000000002037268,-0.6000000000058208,0.0,-0.5900000000037835,0.0
1983-11-12,0.0,0.0,-1.8000000000029104,0.0,-1.8000000000029104,10.0
1983-11-13,0.0,0.0,-35.40000000000873,-0.0010000000000000009,-35.40000000000873,0.0
1983-11-14,0.0,0.0,-84.00000000001455,0.0,-84.00000000001455,20.0
1983-11-15,0.0,0.0,-163.19999999998254,-0.010000000000000009,-163.19999999998254,-10.0
1983-11-16,0.0,0.08999999999650754,-156.0,0.0,-156.0899999999965,20.0
1983-11-17,0.0,0.17000000001280569,-270.0000000000291,0.0,-270.1700000000419,20.0
1983-11-18,0.0,-0.12000000002444722,-168.0000000000291,0.0,-167.88000000000466,30.0
1983-11-19,0.0,-0.07999999998719431,-234.0,-0.010000000000000009,-233.9200000000128,-20.0
1983-11-20,0.0,-0.07999999998719431,-78.0,-0.010000000000000009,-77.9200000000128,-110.0
1983-11-21,0.0,0.0,-54.0,0.0,-54.0,20.0
1983-11-22,0.0,0.020000000004074536,-24.000000000014552,0.0,-24.020000000018626,0.0
1983-11-23,0.0,0.0,-72.0,-0.010000000000000009,-72.0,0.0
1983-11-24,0.0,0.059999999997671694,-66.0,0.0,-66.05999999999767,0.0
1983-11-25,0.0,-0.030000000013387762,0.0,0.0,0.030000000013387762,0.0
1983-11-26,0.0,0.0,0.0,0.0,0.0,0.0
1983-11-27,0.0,1.8999999999941792,-47.999999999970896,0.0,-49.899999999965075,30.0
1983-11-28,0.0,-1.4700000000011642,0.0,0.0,1.4700000000011642,0.0
1983-11-29,0.0,-0.3700000000098953,0.0,0.0,0.3700000000098953,0.0
1983-11-30,0.0,0.0,-6.0,0.0,-6.0,0.0
1983-12-01,0.0,0.0,-24.0,0.0,-24.0,30.0
1983-12-02,0.0,0.0,0.0,0.0,0.0,0.0
1983-12-03,0.0,0.0,0.0,0.0,0.0,0.0
1983-12-04,0.0,0.0,-6.0,0.0,-6.0,0.0
1983-12-05,0.0,0.059999999997671694,-222.0000000000291,0.0,-222.06000000002678,20.0
1983-12-06,0.0,-0.10999999998603016,-149.9999999999709,0.0,-149.88999999998487,10.0
1983-12-07,0.0,0.0,-251.9999999999709,0.0,-251.9999999999709,10.0
1983-12-08,0.0,0.139999999984866,-119.9999999999709,0.0,-120.13999999995576,0.0
1983-12-09,0.0,1.2699999999895226,-48.0,0.0,-49.26999999998952,0.0
1983-12-10,0.0,-1.540000000008149,-36.000000000029104,0.0,-34.460000000020955,10.0
1983-12-11,0.0,0.0,-77.9999999999709,0.0,-77.9999999999709,30.0
1983-12-12,0.0,-0.010000000009313226,-258.0,-0.010000000000000231,-257.9899999999907,-20.0
1983-12-13,0.0,1.5100000000093132,-59.999999999970896,0.0,-61.50999999998021,0.0
1983-12-14,0.0,5.170000000012806,-78.0000000000291,0.0,-83.17000000004191,20.0
1983-12-15,0.0,-6.809999999997672,-36.000000000029104,-0.009999999999999787,-29.190000000031432,0.0
1983-12-16,0.0,0.029999999998835847,-29.999999999970896,0.0,-30.029999999969732,0.0
1983-12-17,0.0,0.0,-18.0,0.0,-18.0,10.0
1983-12-18,0.0,0.0,-6.0,0.0,-6.0,0.0
1983-12-19,0.0,0.0,-6.0,0.0,-6.0,0.0
1983-12-20,0.0,0.0,0.0,0.0,0.0,0.0
1983-12-21,0.0,0.0,0.0,0.0,0.0,0.0
1983-12-22,0.0,0.0,0.0,0.0,0.0,0.0
1983-12-23,0.0,0.0,0.0,0.0,0.0,0.0
1983-12-24,0.0,0.0,0.0,0.0,0.0,0.0
1983-12-25,0.0,0.0,0.0,0.0,0.0,0.0
1983-12-26,0.0,0.0,0.0,0.0,0.0,0.0
1983-12-27,0.0,0.0,0.0,0.0,0.0,0.0
1983-12-28,0.0,0.0,0.0,0.0,0.0,0.0
1983-12-29,0.0,0.0,-30.0,0.0,-30.0,20.0
1983-12-30,0.0,0.0,-120.0,-0.010000000000000231,-120.0,-90.0
1983-12-31,0.0,0.0,-48.0,0.0,-48.0,30.0
1984-01-01,0.0,0.0,-12.000000000029104,0.0,-12.000000000029104,0.0
1984-01-02,0.0,0.0,-66.0000000000291,0.0,-66.0000000000291,10.0
1984-01-03,0.0,0.0,-30.0,-0.010000000000000009,-30.0,-10.0
1984-01-04,0.0,0.25,-23.999999999970896,0.0,-24.249999999970896,0.0
1984-01-05,0.0,-0.0500000000174623,-18.0,-0.010000000000000009,-17.949999999982538,-70.0
1984-01-06,0.0,0.9099999999743886,0.0,0.0,-0.9099999999743886,0.0
1984-01-07,0.0,-0.4800000000104774,-6.0,0.0,-5.519999999989523,0.0
1984-01-08,0.0,-0.5499999999883585,0.0,0.0,0.5499999999883585,0.0
1984-01-09,0.0,0.5799999999871943,-5.999999999970896,0.0,-6.5799999999580905,0.0
1984-01-10,0.0,4.409999999974389,-150.0,0.0,-154.4099999999744,30.0
1984-01-11,0.0,-4.989999999990687,-5.999999999970896,0.0,-1.0099999999802094,0.0
1984-01-12,0.0,0.09999999997671694,-24.0,0.0,-24.099999999976717,30.0
1984-01-13,0.0,-0.08000000001629815,0.0,0.0,0.08000000001629815,0.0
1984-01-14,0.0,0.0,-6.000000000029104,0.0,-6.000000000029104,0.0
1984-01-15,0.0,0.0,0.0,0.0,0.0,0.0
1984-01-16,0.0,0.029999999998835847,0.0,0.0,-0.029999999998835847,0.0
1984-01-17,0.0,0.0,0.0,0.0,0.0,0.0
1984-01-18,0.0,0.0,0.0,0.0,0.0,0.0
1984-01-19,0.0,0.0,0.0,0.0,0.0,0.0
1984-01-20,0.0,0.0,0.0,0.0,0.0,0.0
1984-01-21,0.0,0.0,-48.000000000029104,-0.010000000000000009,-48.000000000029104,-120.0
1984-01-22,0.0,1.1400000000139698,-246.0,0.0,-247.14000000001397,40.0
1984-01-23,0.0,16.43999999994412,-288.0,-0.010000000000000675,-304.4399999999441,-60.0
1984-01-24,0.0,27.5,-1763.9999999998836,0.0,-1791.4999999998836,10.0
1984-01-25,0.0,-12.5,-695.9999999998836,0.0,-683.4999999998836,0.0
1984-01-26,0.0,-32.20999999999185,-89.9999999999709,-0.010000000000000675,-57.789999999979045,0.0
1984-01-27,0.0,5.0,-179.9999999999709,-0.009999999999999787,-184.9999999999709,-120.0
1984-01-28,0.0,1.0499999999883585,-144.0,0.0,-145.04999999998836,0.0
1984-01-29,0.0,-5.989999999990687,-293.9999999999709,0.0,-288.0099999999802,0.0
1984-01-30,0.0,5.35999999998603,-60.0,0.0,-65.35999999998603,20.0
1984-01-31,0.0,-5.60999999998603,-65.9999999999709,0.0,-60.389999999984866,0.0
1984-02-01,0.0,0.0,-30.0,0.0,-30.0,0.0
1984-02-02,0.0,0.0,-12.0,0.0,-12.0,10.0
1984-02-03,0.0,-0.029999999998835847,-12.0,0.0,-11.970000000001164,10.0
1984-02-04,0.0,3.1899999999732245,-6.0,0.0,-9.189999999973224,10.0
1984-02-05,0.0,-3.1700000000128057,-12.0,0.0,-8.829999999987194,0.0
1984-02-06,0.0,1.2999999999883585,-18.000000000029104,0.0,-19.300000000017462,20.0
1984-02-07,0.0,-1.3400000000256114,-36.000000000029104,0.0,-34.66000000000349,10.0
1984-02-08,0.0,1.3099999999976717,-24.000000000029104,0.0,-25.310000000026776,10.0
1984-02-09,0.0,-1.3299999999871943,-30.000000000029104,0.0,-28.67000000004191,20.0
1984-02-10,0.0,0.0,-131.9999999999709,-0.009999999999999787,-131.9999999999709,-20.0
1984-02-11,0.0,0.0,-522.0,-0.020000000000000462,-522.0,-30.0
1984-02-12,0.0,38.12999999988824,-1170.0,0.0,-1208.1299999998882,0.0
1984-02-13,0.0,-38.40999999997439,-528.0000000000582,-0.009999999999999787,-489.5900000000838,0.0
1984-02-14,0.0,0.09000000002561137,-107.9999999999709,-0.009999999999999787,-108.08999999999651,-110.0
1984-02-15,0.0,0.25,-276.0,0.0,-276.25,50.0
1984-02-16,0.0,-0.06999999997788109,-84.0000000000291,0.0,-83.93000000005122,30.0
1984-02-17,0.0,0.0,-48.0,0.0,-48.0,0.0
1984-02-18,0.0,-0.029999999998835847,0.0,0.0,0.029999999998835847,0.0
1984-02-19,0.0,0.0,-71.9999999999709,0.0,-71.9999999999709,10.0
1984-02-20,0.0,1.639999999984866,-59.999999999970896,0.0,-61.63999999995576,10.0
1984-02-21,0.0,-1.6400000000139698,-84.0000000000291,-0.010000000000000231,-82.36000000001513,0.0
1984-02-22,0.0,0.09999999997671694,-48.0,0.0,-48.09999999997672,10.0
1984-02-23,0.0,0.0,-83.9999999999709,-0.010000000000000231,-83.9999999999709,0.0
1984-02-24,0.0,0.0,-65.9999999999709,0.0,-65.9999999999709,10.0
1984-02-25,0.0,-0.029999999998835847,0.0,0.0,0.029999999998835847,0.0
1984-02-26,0.0,0.0,0.0,0.0,0.0,0.0
1984-02-27,0.0,0.010000000009313226,-6.0,0.0,-6.010000000009313,0.0
1984-02-28,0.0,0.0,-6.0,0.0,-6.0,0.0
1984-02-29,0.0,-0.06999999997788109,0.0,0.0,0.06999999997788109,0.0
1984-03-01,0.0,1.9700000000011642,-72.0,0.0,-73.97000000000116,20.0
1984-03-02,0.0,-2.0900000000256114,-11.999999999970896,0.0,-9.909999999945285,0.0
1984-03-03,0.0,-0.010000000009313226,-18.000000000029104,0.0,-17.99000000001979,0.0
1984-03-04,0.0,0.0,-78.0,-0.009999999999999787,-78.0,-40.0
1984-03-05,0.0,0.09000000002561137,-12.0,0.0,-12.090000000025611,0.0
1984-03-06,0.0,0.7000000000116415,0.0,0.0,-0.7000000000116415,0.0
1984-03-07,0.0,1.5199999999895226,-245.9999999999709,0.0,-247.51999999996042,0.0
1984-03-08,0.0,0.35999999998603016,-6.0,0.0,-6.35999999998603,10.0
1984-03-09,0.0,2.900000000023283,-78.0,-0.009999999999999787,-80.90000000002328,-110.0
1984-03-10,0.0,1.7000000000116415,-119.9999999999709,-0.009999999999999787,-121.69999999998254,-90.0
1984-03-11,0.0,-7.389999999984866,-108.00000000005821,0.0,-100.61000000007334,10.0
1984-03-12,0.0,0.5999999999767169,-354.0,-0.009999999999999787,-354.5999999999767,0.0
1984-03-13,0.0,15.309999999997672,-570.0,-0.009999999999999787,-585.3099999999977,0.0
1984-03-14,0.0,-3.9699999999720603,-234.0,-0.009999999999999787,-230.03000000002794,-50.0
1984-03-15,0.0,-1.400000000023283,-156.0,0.0,-154.59999999997672,40.0
1984-03-16,0.0,3.0,-210.0,-0.009999999999999787,-213.0,-50.0
1984-03-17,0.0,-13.440000000002328,-294.0,-0.009999999999999787,-280.5599999999977,-10.0
1984-03-18,0.0,8.440000000002328,-438.0000000000582,-0.009999999999999787,-446.44000000006054,10.0
1984-03-19,0.0,2.2800000000279397,-270.0,0.0,-272.28000000002794,100.0
1984-03-20,0.0,20.75,-828.0,-0.019999999999999574,-848.75,-20.0
1984-03-21,0.0,-31.539999999979045,-336.0000000000582,-0.009999999999999787,-304.46000000007916,0.0
1984-03-22,0.0,4.880000000004657,-131.9999999999418,0.0,-136.87999999994645,40.0
1984-03-23,0.0,1.4699999999720603,-174.0000000000582,0.0,-175.47000000003027,30.0
1984-03-24,0.0,-3.1900000000023283,-203.9999999999418,0.0,-200.80999999993946,40.0
1984-03-25,0.0,-3.3400000000256114,-822.0000000000582,-0.02999999999999936,-818.6600000000326,-10.0
1984-03-26,0.0,9.720000000030268,-294.0,0.0,-303.72000000003027,40.0
1984-03-27,0.0,-9.559999999997672,-210.0,0.0,-200.44000000000233,30.0
1984-03-28,0.0,0.8800000000046566,-401.9999999998836,-0.009999999999999787,-402.87999999988824,-10.0
1984-03-29,0.0,-0.8800000000046566,-114.0,0.0,-113.11999999999534,30.0
1984-03-30,0.0,0.0,-95.9999999999709,0.0,-95.9999999999709,20.0
1984-03-31,0.0,1.5199999999895226,-120.0000000000291,0.0,-121.52000000001863,10.0
1984-04-01,0.0,2.970000000001164,-102.0,0.0,-104.97000000000116,10.0
1984-04-02,0.0,-4.39000000001397,-96.0000000000291,0.0,-91.61000000001513,20.0
1984-04-03,0.0,-0.010000000009313226,-42.0,0.0,-41.98999999999069,10.0
1984-04-04,0.0,0.029999999998835847,-66.0,0.0,-66.02999999999884,10.0
1984-04-05,0.0,0.04000000000814907,-48.0,0.0,-48.04000000000815,0.0
1984-04-06,0.0,-0.1999999999825377,-41.99999999994179,0.0,-41.799999999959255,20.0
1984-04-07,0.0,0.059999999997671694,-438.0,-0.009999999999999787,-438.0599999999977,10.0
1984-04-08,0.0,-0.15000000002328306,-341.9999999999418,-0.020000000000000462,-341.8499999999185,-10.0
1984-04-09,0.0,0.0,-660.0,-0.040000000000000036,-660.0,0.0
1984-04-10,0.0,0.0,-282.0,-0.019999999999999574,-282.0,0.0
1984-04-11,0.0,-0.059999999997671694,-306.0000000000291,-0.020000000000000018,-305.94000000003143,0.0
1984-04-12,0.0,0.0,-209.9999999999418,-0.010000000000000231,-209.9999999999418,0.0
1984-04-13,0.0,-0.029999999998835847,-48.000000000029104,0.0,-47.97000000003027,0.0
1984-04-14,0.0,3.75,-53.999999999970896,-0.009999999999999787,-57.749999999970896,-10.0
1984-04-15,0.0,3.6600000000034925,-108.0,0.0,-111.66000000000349,30.0
1984-04-16,0.0,-5.309999999997672,-96.0,0.0,-90.69000000000233,0.0
1984-04-17,0.0,-2.0899999999965075,-35.999999999970896,0.0,-33.90999999997439,10.0
1984-04-18,0.0,0.7799999999988358,-78.0000000000291,0.0,-78.78000000002794,20.0
1984-04-19,0.0,-0.8700000000244472,-30.000000000029104,0.0,-29.130000000004657,10.0
1984-04-20,0.0,0.010000000009313226,-42.0,0.0,-42.01000000000931,10.0
1984-04-21,0.0,0.35999999998603016,-18.0,0.0,-18.35999999998603,0.0
1984-04-22,0.0,-0.5,-5.999999999970896,0.0,-5.499999999970896,0.0
1984-04-23,0.0,0.010000000009313226,-54.0,-0.009999999999999787,-54.01000000000931,-100.0
1984-04-24,0.0,-0.04999999998835847,-36.0,0.0,-35.95000000001164,20.0
1984-04-25,0.0,0.0,-12.0,0.0,-12.0,10.0
1984-04-26,0.0,0.04000000000814907,-6.0,0.0,-6.040000000008149,10.0
1984-04-27,0.0,-0.0500000000174623,-24.000000000029104,0.0,-23.95000000001164,30.0
1984-04-28,0.0,-0.03999999997904524,0.0,0.0,0.03999999997904524,0.0
1984-04-29,0.0,-0.04999999998835847,-6.0,0.0,-5.9500000000116415,10.0
1984-04-30,0.0,8.010000000009313,-126.0,0.0,-134.0100000000093,10.0
1984-05-01,0.0,3.6900000000023283,-372.0,-0.009999999999999787,-375.6900000000023,0.0
1984-05-02,0.0,-11.870000000053551,-306.0,-0.009999999999999787,-294.12999999994645,10.0
1984-05-03,0.0,-0.17000000001280569,-150.0,0.0,-149.8299999999872,30.0
1984-05-04,0.0,3.279999999998836,-102.0,0.0,-105.27999999999884,20.0
1984-05-05,0.0,-3.150000000023283,-228.0000000000291,-0.020000000000000018,-224.85000000000582,0.0
1984-05-06,0.0,0.10000000000582077,-96.0000000000291,0.0,-96.10000000003492,40.0
1984-05-07,0.0,4.9500000000116415,-66.0,0.0,-70.95000000001164,20.0
1984-05-08,0.0,-0.7799999999988358,-150.0,-0.010000000000000231,-149.22000000000116,-80.0
1984-05-09,0.0,-2.209999999991851,-41.999999999970896,0.0,-39.789999999979045,0.0
1984-05-10,0.0,-0.5299999999988358,-30.0,0.0,-29.470000000001164,0.0
1984-05-11,0.0,8.590000000025611,-228.0000000000291,-0.009999999999999787,-236.59000000005472,0.0
1984-05-12,0.0,-1.3099999999976717,-78.0,0.0,-76.69000000000233,0.0
1984-05-13,0.0,-6.100000000005821,-60.0,0.0,-53.89999999999418,20.0
1984-05-14,0.0,0.11000000001513399,-71.9999999999709,0.0,-72.10999999998603,30.0
1984-05-15,0.0,-2.790000000008149,-59.999999999970896,-0.010000000000000231,-57.20999999996275,-40.0
1984-05-16,0.0,0.08999999999650754,-156.0,0.0,-156.0899999999965,20.0
1984-05-17,0.0,3.4400000000023283,-126.0,0.0,-129.44000000000233,10.0
1984-05-18,0.0,0.16999999998370185,-35.999999999970896,0.0,-36.1699999999546,0.0
1984-05-19,0.0,-0.9700000000011642,-78.0,0.0,-77.02999999999884,0.0
1984-05-20,0.0,-2.720000000001164,-36.0,0.0,-33.279999999998836,40.0
1984-05-21,0.0,0.07000000000698492,-48.0,-0.009999999999999787,-48.070000000006985,-60.0
1984-05-22,0.0,2.8800000000046566,-492.0,-0.03000000000000025,-494.88000000000466,0.0
1984-05-23,0.0,-2.419999999983702,-144.0,-0.009999999999999787,-141.5800000000163,-20.0
1984-05-24,0.0,-0.27999999999883585,-113.9999999999709,0.0,-113.71999999997206,20.0
1984-05-25,0.0,0.15000000002328306,-324.0,-0.010000000000000675,-324.1500000000233,0.0
1984-05-26,0.0,0.40999999997438863,-102.0,-0.009999999999999787,-102.40999999997439,-20.0
1984-05-27,0.0,0.7200000000011642,-18.000000000029104,0.0,-18.720000000030268,0.0
1984-05-28,0.0,-0.9100000000034925,0.0,0.0,0.9100000000034925,0.0
1984-05-29,0.0,-0.41999999998370185,0.0,0.0,0.41999999998370185,0.0
1984-05-30,0.0,0.04000000000814907,0.0,0.0,-0.04000000000814907,0.0
1984-05-31,0.0,0.0,-6.0,0.0,-6.0,0.0
1984-06-01,0.0,0.0,0.0,0.0,0.0,0.0
1984-06-02,0.0,0.0,0.0,0.0,0.0,0.0
1984-06-03,0.0,0.0,0.0,0.0,0.0,0.0
1984-06-04,0.0,0.0,-47.999999999970896,-0.010000000000000231,-47.999999999970896,-40.0
1984-06-05,0.0,0.0,-54.000000000029104,0.0,-54.000000000029104,10.0
1984-06-06,0.0,0.0,-84.00000000005821,0.0,-84.00000000005821,10.0
1984-06-07,0.0,0.0,-132.0,-0.009999999999999787,-132.0,-10.0
1984-06-08,0.0,0.0,-119.9999999999709,0.0,-119.9999999999709,10.0
1984-06-09,0.0,0.0,-150.0,-0.009999999999999787,-150.0,0.0
1984-06-10,0.0,0.0,0.0,0.0,0.0,0.0
1984-06-11,0.0,0.0,0.0,0.0,0.0,0.0
1984-06-12,0.0,0.0,0.0,0.0,0.0,0.0
1984-06-13,0.0,0.0,0.0,0.0,0.0,0.0
1984-06-14,0.0,0.0,0.0,0.0,0.0,0.0
1984-06-15,0.0,0.0,0.0,0.0,0.0,0.0
1984-06-16,0.0,0.0,0.0,0.0,0.0,0.0
1984-06-17,0.0,0.0,0.0,0.0,0.0,0.0
1984-06-18,0.0,0.0,0.0,0.0,0.0,0.0
1984-06-19,0.0,0.0,0.0,0.0,0.0,0.0
1984-06-20,0.0,0.0,-12.0,0.0,-12.0,0.0
1984-06-21,0.0,0.04999999998835847,-60.0,-0.009999999999999787,-60.04999999998836,-50.0
1984-06-22,0.0,-0.059999999997671694,0.0,0.0,0.059999999997671694,0.0
1984-06-23,0.0,0.0,0.0,0.0,0.0,0.0
1984-06-24,0.0,0.0,0.0,0.0,0.0,0.0
1984-06-25,0.0,0.0,0.0,0.0,0.0,0.0
1984-06-26,0.0,0.0,-6.0,0.0,-6.0,0.0
1984-06-27,0.0,0.0,0.0,0.0,0.0,0.0
1984-06-28,0.0,0.0,0.0,0.0,0.0,0.0
1984-06-29,0.0,0.0,0.0,0.0,0.0,0.0
1984-06-30,0.0,0.0,0.0,0.0,0.0,0.0
1984-07-01,0.0,0.0,0.0,0.0,0.0,0.0
1984-07-02,0.0,0.0,0.0,0.0,0.0,0.0
1984-07-03,0.0,-0.04000000000814907,0.0,0.0,0.04000000000814907,0.0
1984-07-04,0.0,0.0,0.0,0.0,0.0,0.0
1984-07-05,0.0,0.0,0.0,0.0,0.0,0.0
1984-07-06,0.0,0.01999999998952262,0.0,0.0,-0.01999999998952262,0.0
1984-07-07,0.0,0.0,0.0,0.0,0.0,0.0
1984-07-08,0.0,0.0,0.0,0.0,0.0,0.0
1984-07-09,0.0,0.0,0.0,0.0,0.0,0.0
1984-07-10,0.0,0.0,0.0,0.0,0.0,0.0
1984-07-11,0.0,0.0,0.0,0.0,0.0,0.0
1984-07-12,0.0,0.0,6.0,0.0,6.0,0.0
1984-07-13,0.0,0.0,0.0,0.0,0.0,0.0
1984-07-14,0.0,0.0,0.0,0.0,0.0,0.0
1984-07-15,0.0,0.0,0.0,0.0,0.0,0.0
1984-07-16,0.0,0.0,0.0,0.0,0.0,0.0
1984-07-17,0.0,0.0,0.0,0.0,0.0,0.0
1984-07-18,0.0,0.0,0.0,0.0,0.0,0.0
1984-07-19,0.0,0.010000000009313226,0.0,0.0,-0.010000000009313226,0.0
1984-07-20,0.0,0.0,0.0,0.0,0.0,0.0
1984-07-21,0.0,0.0,0.0,0.0,0.0,0.0
1984-07-22,0.0,0.0,0.0,0.0,0.0,0.0
1984-07-23,0.0,0.0,0.0,0.0,0.0,0.0
1984-07-24,0.0,0.0,0.0,0.0,0.0,0.0
1984-07-25,0.0,0.0,0.0,0.0,0.0,0.0
1984-07-26,0.0,0.0,0.0,0.0,0.0,0.0
1984-07-27,0.0,0.0,0.0,0.0,0.0,0.0
1984-07-28,0.0,0.0,0.0,0.0,0.0,0.0
1984-07-29,0.0,0.0,0.0,0.0,0.0,0.0
1984-07-30,0.0,0.0,0.0,0.0,0.0,0.0
1984-07-31,0.0,0.00999999999476131,0.0,0.0,-0.00999999999476131,0.0
1984-08-01,0.0,0.0,0.0,0.0,0.0,0.0
1984-08-02,0.0,0.0,0.0,0.0,0.0,0.0
1984-08-03,0.0,0.0,0.0,0.0,0.0,0.0
1984-08-04,0.0,0.0,0.0,0.0,0.0,0.0
1984-08-05,0.0,0.0,0.0,0.0,0.0,0.0
1984-08-06,0.0,0.0,0.0,0.0,0.0,0.0
1984-08-07,0.0,0.0,0.0,0.0,0.0,0.0
1984-08-08,0.0,0.0,0.0,0.0,0.0,0.0
1984-08-09,0.0,0.0,0.0,0.0,0.0,0.0
1984-08-10,0.0,0.0,0.0,0.0,0.0,0.0
1984-08-11,0.0,0.0,0.0,0.0,0.0,0.0
1984-08-12,0.0,0.0,0.0,0.0,0.0,0.0
1984-08-13,0.0,0.0,0.0,0.0,0.0,0.0
1984-08-14,0.0,0.0,0.0,0.0,0.0,0.0
1984-08-15,0.0,0.0,0.0,0.0,0.0,0.0
1984-08-16,0.0,0.0,0.0,0.0,0.0,0.0
1984-08-17,0.0,0.0,0.0,0.0,0.0,0.0
1984-08-18,0.0,0.0,0.0,0.0,0.0,0.0
1984-08-19,0.0,0.0,0.0,0.0,0.0,0.0
1984-08-20,0.0,0.0,0.0,0.0,0.0,0.0
1984-08-21,0.0,0.0,0.0,0.0,0.0,0.0
1984-08-22,0.0,0.0,0.0,0.0,0.0,0.0
1984-08-23,0.0,0.0,0.0,0.0,0.0,0.0
1984-08-24,0.0,0.0,0.0,0.0,0.0,0.0
1984-08-25,0.0,0.0,0.0,0.0,0.0,0.0
1984-08-26,0.0,0.0,0.0,0.0,0.0,0.0
1984-08-27,0.0,0.0,0.0,0.0,0.0,0.0
1984-08-28,0.0,0.0,0.0,0.0,0.0,0.0
1984-08-29,0.0,0.0,0.0,0.0,0.0,0.0
1984-08-30,0.0,0.0,0.0,0.0,0.0,0.0
1984-08-31,0.0,0.0,0.0,0.0,0.0,0.0
1984-09-01,0.0,0.0,0.0,0.0,0.0,0.0
1984-09-02,0.0,0.0,0.0,0.0,0.0,0.0
1984-09-03,0.0,0.0,0.0,0.0,0.0,0.0
1984-09-04,0.0,0.0,0.0,0.0,0.0,0.0
1984-09-05,0.0,0.0,0.0,0.0,0.0,0.0
1984-09-06,0.0,0.0,-8.399999999986903,-0.0010000000000000009,-8.399999999986903,-10.0
1984-09-07,0.0,0.0,-26.39999999999418,-0.0010000000000000009,-26.39999999999418,20.0
1984-09-08,0.0,0.0,1.1999999999898137,0.0,1.1999999999898137,0.0
1984-09-09,0.0,0.01999999999679858,0.0,0.0,-0.01999999999679858,0.0
1984-09-10,0.0,-0.010000000002037268,0.0,0.0,0.010000000002037268,0.0
1984-09-11,0.0,0.0,0.0,0.0,0.0,0.0
1984-09-12,0.0,0.0,0.0,0.0,0.0,0.0
1984-09-13,0.0,0.0,-0.6000000000058208,0.0,-0.6000000000058208,0.0
1984-09-14,0.0,0.010000000002037268,0.0,0.0,-0.010000000002037268,0.0
1984-09-15,0.0,0.0,0.0,0.0,0.0,0.0
1984-09-16,0.0,0.0,0.0,0.0,0.0,0.0
1984-09-17,0.0,0.0,0.0,0.0,0.0,0.0
1984-09-18,0.0,0.0,0.0,0.0,0.0,0.0
1984-09-19,0.0,0.0,0.0,0.0,0.0,0.0
1984-09-20,0.0,0.0,0.0,0.0,0.0,0.0
1984-09-21,0.0,0.0,0.0,0.0,0.0,0.0
1984-09-22,0.0,0.0,0.0,0.0,0.0,0.0
1984-09-23,0.0,0.0,0.0,0.0,0.0,0.0
1984-09-24,0.0,0.0,0.0,0.0,0.0,0.0
1984-09-25,0.0,-0.010000000002037268,0.0,0.0,0.010000000002037268,0.0
1984-09-26,0.0,0.010000000002037268,0.0,0.0,-0.010000000002037268,0.0
1984-09-27,0.0,0.0,0.0,0.0,0.0,0.0
1984-09-28,0.0,0.0,0.0,0.0,0.0,0.0
1984-09-29,0.0,0.0,0.0,0.0,0.0,0.0
1984-09-30,0.0,0.0,0.0,0.0,0.0,0.0
1984-10-01,0.0,0.010000000002037268,0.0,0.0,-0.010000000002037268,0.0
1984-10-02,0.0,-0.00999999999476131,0.0,0.0,0.00999999999476131,0.0
1984-10-03,0.0,0.0,0.0,0.0,0.0,0.0
1984-10-04,0.0,0.0,0.0,0.0,0.0,0.0
1984-10-05,0.0,0.0,0.0,0.0,0.0,0.0
1984-10-06,0.0,0.0,0.0,0.0,0.0,0.0
1984-10-07,0.0,0.0,0.0,0.0,0.0,0.0
1984-10-08,0.0,0.0,0.0,0.0,0.0,0.0
1984-10-09,0.0,0.0,0.0,0.0,0.0,0.0
1984-10-10,0.0,0.0,0.0,0.0,0.0,0.0
1984-10-11,0.0,0.0,0.0,0.0,0.0,0.0
1984-10-12,0.0,0.0,0.0,0.0,0.0,0.0
1984-10-13,0.0,-0.04000000000814907,-253.7999999999738,-0.009999999999999787,-253.75999999996566,0.0
1984-10-14,0.0,0.020000000004074536,4.200000000004366,0.0,4.180000000000291,0.0
1984-10-15,0.0,-0.00999999999839929,0.0,0.0,0.00999999999839929,0.0
1984-10-16,0.0,0.0,0.0,0.0,0.0,0.0
1984-10-17,0.0,0.020000000000436557,0.0,0.0,-0.020000000000436557,0.0
1984-10-18,0.0,-0.010000000002037268,0.0,0.0,0.010000000002037268,0.0
1984-10-19,0.0,0.0,0.0,0.0,0.0,0.0
1984-10-20,0.0,0.0,0.0,0.0,0.0,0.0
1984-10-21,0.0,0.0,-0.5999999999985448,0.0,-0.5999999999985448,0.0
1984-10-22,0.0,0.0,0.0,0.0,0.0,0.0
1984-10-23,0.0,0.0,0.0,0.0,0.0,0.0
1984-10-24,0.0,0.0,0.0,0.0,0.0,0.0
1984-10-25,0.0,0.0,0.0,0.0,0.0,0.0
1984-10-26,0.0,0.00999999999476131,-18.0,0.0,-18.00999999999476,0.0
1984-10-27,0.0,0.0,-101.99999999998545,0.0,-101.99999999998545,20.0
1984-10-28,0.0,0.07000000000698492,-27.000000000014552,0.0,-27.070000000021537,0.0
1984-10-29,0.0,0.0,-4.7999999999883585,0.0,-4.7999999999883585,0.0
1984-10-30,0.0,0.0,-14.400000000008731,-0.0010000000000000009,-14.400000000008731,0.0
1984-10-31,0.0,0.0,-0.5999999999912689,0.0,-0.5999999999912689,0.0
1984-11-01,0.0,2.25,-197.9999999999709,0.0,-200.2499999999709,30.0
1984-11-02,0.0,0.12000000011175871,-2148.0,0.0,-2148.1200000001118,20.0
1984-11-03,0.0,-2.64000000001397,-84.0,0.0,-81.35999999998603,0.0
1984-11-04,0.0,0.04000000000814907,-24.000000000014552,0.0,-24.0400000000227,0.0
1984-11-05,0.0,-0.029999999998835847,-18.0,0.0,-17.970000000001164,20.0
1984-11-06,0.0,0.0,-6.0,0.0,-6.0,10.0
1984-11-07,0.0,0.27999999999883585,-5.999999999985448,0.0,-6.279999999984284,10.0
1984-11-08,0.0,-0.27999999999883585,-12.0,0.0,-11.720000000001164,10.0
1984-11-09,0.0,0.3000000000174623,-48.0,0.0,-48.30000000001746,10.0
1984-11-10,0.0,-0.22000000000116415,-216.0,-0.010000000000000231,-215.77999999999884,-20.0
1984-11-11,0.0,0.10999999998603016,-108.0,0.0,-108.10999999998603,30.0
1984-11-12,0.0,0.0,-306.0,-0.009999999999999787,-306.0,10.0
1984-11-13,0.0,0.0,-96.0,-0.009999999999999787,-96.0,-40.0
1984-11-14,0.0,0.0,0.0,0.0,0.0,0.0
1984-11-15,0.0,0.0,0.0,0.0,0.0,0.0
1984-11-16,0.0,0.0,-12.0,0.0,-12.0,0.0
1984-11-17,0.0,0.0,-24.0,0.0,-24.0,20.0
1984-11-18,0.0,0.0,-77.99999999994179,0.0,-77.99999999994179,20.0
1984-11-19,0.0,0.0,-48.0,0.0,-48.0,20.0
1984-11-20,0.0,0.0,-120.0,-0.010000000000000231,-120.0,-80.0
1984-11-21,0.0,-0.14999999999417923,-12.0,0.0,-11.85000000000582,0.0
1984-11-22,0.0,-0.010000000009313226,-54.0,0.0,-53.98999999999069,20.0
1984-11-23,0.0,1.0,-65.9999999999709,0.0,-66.9999999999709,90.0
1984-11-24,0.0,-1.0299999999988358,0.0,0.0,1.0299999999988358,0.0
1984-11-25,0.0,0.0,-11.999999999970896,0.0,-11.999999999970896,0.0
1984-11-26,0.0,0.0,-24.0,0.0,-24.0,10.0
1984-11-27,0.0,0.1900000000023283,-342.0,0.0,-342.1900000000023,220.0
1984-11-28,0.0,1.8199999999487773,-300.0,0.0,-301.8199999999488,20.0
1984-11-29,0.0,-1.75,-150.0,0.0,-148.25,40.0
1984-11-30,0.0,-0.12000000002444722,-126.0000000000291,0.0,-125.88000000000466,10.0
1984-12-01,0.0,0.02000000001862645,-66.0,0.0,-66.02000000001863,10.0
1984-12-02,0.0,-0.01999999998952262,0.0,0.0,0.01999999998952262,0.0
1984-12-03,0.0,0.0,-18.000000000029104,0.0,-18.000000000029104,0.0
1984-12-04,0.0,0.0,0.0,0.0,0.0,0.0
1984-12-05,0.0,0.0,0.0,0.0,0.0,0.0
1984-12-06,0.0,0.0,0.0,0.0,0.0,0.0
1984-12-07,0.0,0.0,-6.0,0.0,-6.0,0.0
1984-12-08,0.0,0.2600000000093132,-23.999999999970896,0.0,-24.25999999998021,20.0
1984-12-09,0.0,0.20999999999185093,-138.0,-0.009999999999999787,-138.20999999999185,-30.0
1984-12-10,0.0,-0.6500000000232831,-456.0,-0.010000000000000675,-455.3499999999767,10.0
1984-12-11,0.0,-0.029999999998835847,-360.0000000000291,-0.009999999999999787,-359.97000000003027,10.0
1984-12-12,0.0,0.0,-1043.9999999998836,0.0,-1043.9999999998836,20.0
1984-12-13,0.0,0.0,-42.0,-0.010000000000000231,-42.0,0.0
1984-12-14,0.0,0.0,-347.9999999999709,-0.03000000000000025,-347.9999999999709,0.0
1984-12-15,0.0,0.0,-210.0000000000291,-0.029999999999999805,-210.0000000000291,0.0
1984-12-16,0.0,0.0,-168.0,-0.029999999999999805,-168.0,0.0
1984-12-17,0.0,-0.0500000000174623,-101.9999999999709,-0.020000000000000018,-101.94999999995343,0.0
1984-12-18,0.0,0.04999999998835847,-78.0,-0.010000000000000231,-78.04999999998836,0.0
1984-12-19,0.0,0.0,-36.000000000029104,-0.009999999999999787,-36.000000000029104,0.0
1984-12-20,0.0,0.04000000000814907,-41.999999999970896,-0.010000000000000231,-42.039999999979045,-10.0
1984-12-21,0.0,0.0,-6.0,0.0,-6.0,0.0
1984-12-22,0.0,0.0,-24.0,0.0,-24.0,10.0
1984-12-23,0.0,0.0,0.0,0.0,0.0,0.0
1984-12-24,0.0,0.0,-12.0,0.0,-12.0,0.0
1984-12-25,0.0,0.0,0.0,0.0,0.0,0.0
1984-12-26,0.0,0.0,-54.000000000029104,0.0,-54.000000000029104,20.0
1984-12-27,0.0,0.0,-179.9999999999709,-0.009999999999999787,-179.9999999999709,-10.0
1984-12-28,0.0,0.0,-114.0000000000291,-0.009999999999999787,-114.0000000000291,-30.0
1984-12-29,0.0,0.0,-263.9999999999709,-0.009999999999999787,-263.9999999999709,-10.0
1984-12-30,0.0,0.0,-29.999999999970896,0.0,-29.999999999970896,0.0
1984-12-31,0.0,0.0,-48.0,0.0,-48.0,80.0
1985-01-01,0.0,0.0,-17.999999999970896,0.0,-17.999999999970896,0.0
1985-01-02,0.0,-0.02000000001862645,-30.0,0.0,-29.979999999981374,0.0
1985-01-03,0.0,0.0,-5.999999999970896,0.0,-5.999999999970896,0.0
1985-01-04,0.0,0.0,-6.0,0.0,-6.0,0.0
1985-01-05,0.0,0.0,0.0,0.0,0.0,0.0
1985-01-06,0.0,0.059999999997671694,0.0,0.0,-0.059999999997671694,0.0
1985-01-07,0.0,0.0,0.0,0.0,0.0,0.0
1985-01-08,0.0,0.0,0.0,0.0,0.0,0.0
1985-01-09,0.0,0.0,-5.999999999970896,0.0,-5.999999999970896,0.0
1985-01-10,0.0,0.0,-6.000000000029104,0.0,-6.000000000029104,0.0
1985-01-11,0.0,0.0,0.0,0.0,0.0,0.0
1985-01-12,0.0,0.0,0.0,0.0,0.0,0.0
1985-01-13,0.0,0.0,0.0,0.0,0.0,0.0
1985-01-14,0.0,0.029999999998835847,0.0,0.0,-0.029999999998835847,0.0
1985-01-15,0.0,0.0,0.0,0.0,0.0,0.0
1985-01-16,0.0,0.0,0.0,0.0,0.0,0.0
1985-01-17,0.0,0.0,0.0,0.0,0.0,0.0
1985-01-18,0.0,0.029999999998835847,0.0,0.0,-0.029999999998835847,0.0
1985-01-19,0.0,0.0,0.0,0.0,0.0,0.0
1985-01-20,0.0,0.0,0.0,0.0,0.0,0.0
1985-01-21,0.0,0.0,0.0,0.0,0.0,0.0
1985-01-22,0.0,0.0,0.0,0.0,0.0,0.0
1985-01-23,0.0,0.0,0.0,0.0,0.0,0.0
1985-01-24,0.0,0.0,0.0,0.0,0.0,0.0
1985-01-25,0.0,0.0,0.0,0.0,0.0,0.0
1985-01-26,0.0,0.0,0.0,0.0,0.0,0.0
1985-01-27,0.0,0.0,0.0,0.0,0.0,0.0
1985-01-28,0.0,0.0,0.0,0.0,0.0,0.0
1985-01-29,0.0,0.0,0.0,0.0,0.0,0.0
1985-01-30,0.0,0.0,0.0,0.0,0.0,0.0
1985-01-31,0.0,0.0,0.0,0.0,0.0,0.0
1985-02-01,0.0,0.0,0.0,0.0,0.0,0.0
1985-02-02,0.0,0.0,0.0,0.0,0.0,0.0
1985-02-03,0.0,0.0,0.0,0.0,0.0,0.0
1985-02-04,0.0,-0.01999999998952262,0.0,0.0,0.01999999998952262,0.0
1985-02-05,0.0,0.08000000001629815,0.0,0.0,-0.08000000001629815,0.0
1985-02-06,0.0,0.0,0.0,0.0,0.0,0.0
1985-02-07,0.0,0.04000000000814907,-96.0,0.0,-96.04000000000815,50.0
1985-02-08,0.0,0.0,-12.000000000029104,0.0,-12.000000000029104,0.0
1985-02-09,0.0,0.01999999998952262,-6.000000000029104,0.0,-6.0200000000186265,0.0
1985-02-10,0.0,-0.01999999998952262,-24.0,0.0,-23.980000000010477,20.0
1985-02-11,0.0,0.0,-30.0,-0.010000000000000009,-30.0,-30.0
1985-02-12,0.0,-0.029999999998835847,-18.0,0.0,-17.970000000001164,20.0
1985-02-13,0.0,0.0,0.0,0.0,0.0,0.0
1985-02-14,0.0,0.0,-6.0,0.0,-6.0,0.0
1985-02-15,0.0,0.04999999998835847,0.0,0.0,-0.04999999998835847,0.0
1985-02-16,0.0,0.0,0.0,0.0,0.0,0.0
1985-02-17,0.0,0.0,0.0,0.0,0.0,0.0
1985-02-18,0.0,0.0,0.0,0.0,0.0,0.0
1985-02-19,0.0,0.0,-48.0,0.0,-48.0,20.0
1985-02-20,0.0,0.0,-6.000000000029104,0.0,-6.000000000029104,0.0
1985-02-21,0.0,0.029999999998835847,-114.0,0.0,-114.02999999999884,0.0
1985-02-22,0.0,0.08999999999650754,-12.0,0.0,-12.089999999996508,0.0
1985-02-23,0.0,0.10999999998603016,0.0,0.0,-0.10999999998603016,0.0
1985-02-24,0.0,-0.23000000001047738,0.0,0.0,0.23000000001047738,0.0
1985-02-25,0.0,-0.010000000009313226,0.0,0.0,0.010000000009313226,0.0
1985-02-26,0.0,0.0,0.0,0.0,0.0,0.0
1985-02-27,0.0,0.0,0.0,0.0,0.0,0.0
1985-02-28,0.0,0.10000000000582077,0.0,0.0,-0.10000000000582077,0.0
1985-03-01,0.0,-0.059999999997671694,0.0,0.0,0.059999999997671694,0.0
1985-03-02,0.0,0.0,0.0,0.0,0.0,0.0
1985-03-03,0.0,0.0,-6.0,0.0,-6.0,0.0
1985-03-04,0.0,0.0,-72.0,0.0,-72.0,100.0
1985-03-05,0.0,0.0,-6.000000000014552,0.0,-6.000000000014552,10.0
1985-03-06,0.0,0.0,0.0,0.0,0.0,0.0
1985-03-07,0.0,-0.08000000000174623,0.0,0.0,0.08000000000174623,0.0
1985-03-08,0.0,0.0,0.0,0.0,0.0,0.0
1985-03-09,0.0,0.0,-6.000000000014552,0.0,-6.000000000014552,0.0
1985-03-10,0.0,0.0,0.0,0.0,0.0,0.0
1985-03-11,0.0,0.0,-6.0,0.0,-6.0,10.0
1985-03-12,0.0,0.0,0.0,0.0,0.0,0.0
1985-03-13,0.0,0.0,0.0,0.0,0.0,0.0
1985-03-14,0.0,0.010000000009313226,-12.0,0.0,-12.010000000009313,10.0
1985-03-15,0.0,-0.03999999999359716,0.0,0.0,0.03999999999359716,0.0
1985-03-16,0.0,0.069999999992433,-6.0,0.0,-6.069999999992433,0.0
1985-03-17,0.0,0.7900000000081491,-6.0,0.0,-6.790000000008149,10.0
1985-03-18,0.0,0.6099999999860302,-516.0,-0.010000000000000009,-516.609999999986,-590.0
1985-03-19,0.0,-0.7699999999895226,-6.000000000014552,0.0,-5.230000000025029,0.0
1985-03-20,0.0,4.89000000001397,-30.000000000029104,0.0,-34.890000000043074,20.0
1985-03-21,0.0,-5.519999999989523,-173.9999999999709,-0.010000000000000231,-168.47999999998137,10.0
1985-03-22,0.0,0.0,-96.0000000000291,-0.009999999999999787,-96.0000000000291,0.0
1985-03-23,0.0,0.0,-6.000000000029104,0.0,-6.000000000029104,0.0
1985-03-24,0.0,0.0,-6.0,0.0,-6.0,0.0
1985-03-25,0.0,0.0,-108.0,-0.010000000000000009,-108.0,-80.0
1985-03-26,0.0,0.0,-23.999999999970896,0.0,-23.999999999970896,0.0
1985-03-27,0.0,0.0,-30.0,0.0,-30.0,0.0
1985-03-28,0.0,0.0,0.0,0.0,0.0,0.0
1985-03-29,0.0,0.0,-24.0,0.0,-24.0,0.0
1985-03-30,0.0,5.079999999987194,-12.0,0.0,-17.079999999987194,0.0
1985-03-31,0.0,2.970000000001164,-126.0000000000291,0.0,-128.97000000003027,40.0
1985-04-01,0.0,-0.5400000000081491,-96.0,0.0,-95.45999999999185,30.0
1985-04-02,0.0,3.1700000000128057,-60.0,0.0,-63.170000000012806,0.0
1985-04-03,0.0,-6.139999999984866,-18.0,0.0,-11.860000000015134,0.0
1985-04-04,0.0,-3.9100000000034925,-131.9999999999709,0.0,-128.0899999999674,0.0
1985-04-05,0.0,2.2300000000104774,-48.000000000029104,0.0,-50.23000000003958,30.0
1985-04-06,0.0,10.970000000001164,-258.0,-0.010000000000000231,-268.97000000000116,-210.0
1985-04-07,0.0,-0.9100000000034925,-282.0000000000291,0.0,-281.0900000000256,120.0
1985-04-08,0.0,2.320000000006985,-227.9999999999709,0.0,-230.31999999997788,20.0
1985-04-09,0.0,7.920000000012806,-372.0,0.0,-379.9200000000128,30.0
1985-04-10,0.0,-6.25,-317.9999999999709,0.0,-311.7499999999709,0.0
1985-04-11,0.0,-5.89000000001397,-84.0,0.0,-78.10999999998603,20.0
1985-04-12,0.0,5.349999999976717,-132.0,0.0,-137.34999999997672,0.0
1985-04-13,0.0,2.970000000001164,-324.0000000000582,0.0,-326.9700000000594,30.0
1985-04-14,0.0,-1.7799999999988358,-102.0,-0.009999999999999787,-100.22000000000116,0.0
1985-04-15,0.0,5.629999999975553,-125.9999999999709,0.0,-131.62999999994645,50.0
1985-04-16,0.0,-15.349999999976717,-96.0000000000291,0.0,-80.65000000005239,0.0
1985-04-17,0.0,-7.64000000001397,-65.9999999999709,-0.009999999999999787,-58.359999999956926,0.0
1985-04-18,0.0,-0.360000000015134,-204.0,0.0,-203.63999999998487,10.0
1985-04-19,0.0,-0.11999999999534339,-234.0,-0.009999999999999787,-233.88000000000466,-10.0
1985-04-20,0.0,-0.11999999999534339,-108.0,-0.010000000000000231,-107.88000000000466,-10.0
1985-04-21,0.0,-0.029999999998835847,-65.9999999999709,0.0,-65.96999999997206,10.0
1985-04-22,0.0,0.0,-240.0000000000291,-0.009999999999999787,-240.0000000000291,0.0
1985-04-23,0.0,0.1900000000023283,-617.9999999999418,-0.009999999999999787,-618.1899999999441,10.0
1985-04-24,0.0,0.0,-204.0,-0.010000000000000231,-204.0,-30.0
1985-04-25,0.0,0.0,-48.0,0.0,-48.0,10.0
1985-04-26,0.0,0.12999999997555278,-48.0,0.0,-48.12999999997555,20.0
1985-04-27,0.0,11.619999999995343,-84.0,0.0,-95.61999999999534,20.0
1985-04-28,0.0,-0.04000000000814907,-114.0,0.0,-113.95999999999185,0.0
1985-04-29,0.0,-11.059999999997672,-29.999999999970896,0.0,-18.939999999973224,0.0
1985-04-30,0.0,1.8399999999965075,-36.000000000029104,0.0,-37.84000000002561,10.0
1985-05-01,0.0,19.120000000024447,-96.00000000005821,0.0,-115.12000000008265,30.0
1985-05-02,0.0,-4.220000000030268,-216.0,0.0,-211.77999999996973,10.0
1985-05-03,0.0,-11.020000000018626,-96.0,0.0,-84.97999999998137,70.0
1985-05-04,0.0,-6.39000000001397,-66.00000000005821,0.0,-59.61000000004424,0.0
1985-05-05,0.0,-0.33000000001629815,-48.000000000029104,0.0,-47.670000000012806,10.0
1985-05-06,0.0,5.6600000000034925,-35.999999999970896,0.0,-41.65999999997439,10.0
1985-05-07,0.0,-1.5100000000093132,-78.00000000005821,0.0,-76.4900000000489,0.0
1985-05-08,0.0,-3.139999999984866,-90.0000000000291,0.0,-86.86000000004424,0.0
1985-05-09,0.0,1.209999999991851,-12.0,0.0,-13.209999999991851,0.0
1985-05-10,0.0,0.8299999999871943,-42.0,-0.009999999999999787,-42.829999999987194,-110.0
1985-05-11,0.0,-3.0,-36.0,0.0,-33.0,0.0
1985-05-12,0.0,0.0,-18.000000000029104,0.0,-18.000000000029104,0.0
1985-05-13,0.0,1.070000000006985,-23.999999999970896,0.0,-25.06999999997788,20.0
1985-05-14,0.0,0.7200000000011642,-17.999999999970896,0.0,-18.71999999997206,0.0
1985-05-15,0.0,3.819999999977881,-17.999999999970896,0.0,-21.819999999948777,10.0
1985-05-16,0.0,-0.9400000000023283,-29.999999999970896,0.0,-29.059999999968568,10.0
1985-05-17,0.0,-2.9499999999825377,-23.999999999970896,0.0,-21.04999999998836,0.0
1985-05-18,0.0,-0.35999999998603016,-6.0,0.0,-5.64000000001397,0.0
1985-05-19,0.0,-0.7300000000104774,0.0,0.0,0.7300000000104774,0.0
1985-05-20,0.0,-0.5499999999883585,-6.0,0.0,-5.4500000000116415,0.0
1985-05-21,0.0,-0.10999999998603016,0.0,0.0,0.10999999998603016,0.0
1985-05-22,0.0,0.0,0.0,0.0,0.0,0.0
1985-05-23,0.0,0.0,0.0,0.0,0.0,0.0
1985-05-24,0.0,0.0,0.0,0.0,0.0,0.0
1985-05-25,0.0,0.0,0.0,0.0,0.0,0.0
1985-05-26,0.0,0.010000000009313226,0.0,0.0,-0.010000000009313226,0.0
1985-05-27,0.0,0.00999999999476131,0.0,0.0,-0.00999999999476131,0.0
1985-05-28,0.0,0.020000000004074536,-17.999999999985448,0.0,-18.019999999989523,0.0
1985-05-29,0.0,-0.07000000000698492,-30.0,0.0,-29.929999999993015,20.0
1985-05-30,0.0,0.0,0.0,0.0,0.0,0.0
1985-05-31,0.0,0.0,0.0,0.0,0.0,0.0
1985-06-01,0.0,-0.029999999998835847,0.0,0.0,0.029999999998835847,0.0
1985-06-02,0.0,0.0,0.0,0.0,0.0,0.0
1985-06-03,0.0,0.0,-5.999999999985448,0.0,-5.999999999985448,0.0
1985-06-04,0.0,0.0,0.0,0.0,0.0,0.0
1985-06-05,0.0,0.0,0.0,0.0,0.0,0.0
1985-06-06,0.0,0.0,-2081.9999999998836,0.0,-2081.9999999998836,40.0
1985-06-07,0.0,0.15999999997438863,-474.0,-0.020000000000000462,-474.1599999999744,20.0
1985-06-08,0.0,-0.07999999998719431,12.0,0.0,12.079999999987194,0.0
1985-06-09,0.0,0.0,0.0,0.0,0.0,0.0
1985-06-10,0.0,0.0,0.0,0.0,0.0,0.0
1985-06-11,0.0,0.0,0.0,0.0,0.0,0.0
1985-06-12,0.0,0.0,0.0,0.0,0.0,0.0
1985-06-13,0.0,0.0,0.0,0.0,0.0,0.0
1985-06-14,0.0,0.0,0.0,0.0,0.0,0.0
1985-06-15,0.0,-0.029999999998835847,0.0,0.0,0.029999999998835847,0.0
1985-06-16,0.0,-0.010000000009313226,0.0,0.0,0.010000000009313226,0.0
1985-06-17,0.0,-0.00999999999476131,0.0,0.0,0.00999999999476131,0.0
1985-06-18,0.0,0.0,0.0,0.0,0.0,0.0
1985-06-19,0.0,0.0,0.0,0.0,0.0,0.0
1985-06-20,0.0,0.0,0.0,0.0,0.0,0.0
1985-06-21,0.0,0.0,0.0,0.0,0.0,0.0
1985-06-22,0.0,0.0,0.0,0.0,0.0,0.0
1985-06-23,0.0,0.0,0.0,0.0,0.0,0.0
1985-06-24,0.0,-0.059999999997671694,0.0,0.0,0.059999999997671694,0.0
1985-06-25,0.0,0.0,0.0,0.0,0.0,0.0
1985-06-26,0.0,0.0,0.0,0.0,0.0,0.0
1985-06-27,0.0,0.0,0.0,0.0,0.0,0.0
1985-06-28,0.0,0.0,0.0,0.0,0.0,0.0
1985-06-29,0.0,0.0,0.0,0.0,0.0,0.0
1985-06-30,0.0,0.0,0.0,0.0,0.0,0.0
1985-07-01,0.0,0.0,0.0,0.0,0.0,0.0
1985-07-02,0.0,0.0,0.0,0.0,0.0,0.0
1985-07-03,0.0,0.0,0.0,0.0,0.0,0.0
1985-07-04,0.0,0.0,0.0,0.0,0.0,0.0
1985-07-05,0.0,0.0,0.0,0.0,0.0,0.0
1985-07-06,0.0,0.0,0.0,0.0,0.0,0.0
1985-07-07,0.0,0.0,0.0,0.0,0.0,0.0
1985-07-08,0.0,0.0,0.0,0.0,0.0,0.0
1985-07-09,0.0,0.0,0.0,0.0,0.0,0.0
1985-07-10,0.0,0.0,0.0,0.0,0.0,0.0
1985-07-11,0.0,0.0,0.0,0.0,0.0,0.0
1985-07-12,0.0,0.0,0.0,0.0,0.0,0.0
1985-07-13,0.0,0.010000000009313226,0.0,0.0,-0.010000000009313226,0.0
1985-07-14,0.0,0.0,0.0,0.0,0.0,0.0
1985-07-15,0.0,0.0,0.0,0.0,0.0,0.0
1985-07-16,0.0,0.0,0.0,0.0,0.0,0.0
1985-07-17,0.0,0.0,0.0,0.0,0.0,0.0
1985-07-18,0.0,0.0,0.0,0.0,0.0,0.0
1985-07-19,0.0,0.0,0.0,0.0,0.0,0.0
1985-07-20,0.0,0.0,0.0,0.0,0.0,0.0
1985-07-21,0.0,0.0,0.0,0.0,0.0,0.0
1985-07-22,0.0,0.0,0.0,0.0,0.0,0.0
1985-07-23,0.0,0.010000000002037268,0.0,0.0,-0.010000000002037268,0.0
1985-07-24,0.0,0.0,0.0,0.0,0.0,0.0
1985-07-25,0.0,0.0,0.0,0.0,0.0,0.0
1985-07-26,0.0,0.0,0.0,0.0,0.0,0.0
1985-07-27,0.0,0.0,0.0,0.0,0.0,0.0
1985-07-28,0.0,0.0,0.0,0.0,0.0,0.0
1985-07-29,0.0,0.0,0.0,0.0,0.0,0.0
1985-07-30,0.0,0.0,0.0,0.0,0.0,0.0
1985-07-31,0.0,0.0,0.0,0.0,0.0,0.0
1985-08-01,0.0,0.0,0.0,0.0,0.0,0.0
1985-08-02,0.0,0.0,0.0,0.0,0.0,0.0
1985-08-03,0.0,0.0,0.0,0.0,0.0,0.0
1985-08-04,0.0,0.0,0.0,0.0,0.0,0.0
1985-08-05,0.0,0.0,0.0,0.0,0.0,0.0
1985-08-06,0.0,0.0,0.0,0.0,0.0,0.0
1985-08-07,0.0,0.0,0.0,0.0,0.0,0.0
1985-08-08,0.0,0.0,0.0,0.0,0.0,0.0
1985-08-09,0.0,0.0,0.0,0.0,0.0,0.0
1985-08-10,0.0,0.0,0.0,0.0,0.0,0.0
1985-08-11,0.0,0.0,0.0,0.0,0.0,0.0
1985-08-12,0.0,0.0,0.0,0.0,0.0,0.0
1985-08-13,0.0,0.0,0.0,0.0,0.0,0.0
1985-08-14,0.0,0.0,0.0,0.0,0.0,0.0
1985-08-15,0.0,0.0,0.0,0.0,0.0,0.0
1985-08-16,0.0,0.0,0.0,0.0,0.0,0.0
1985-08-17,0.0,0.0,0.0,0.0,0.0,0.0
1985-08-18,0.0,0.0,0.0,0.0,0.0,0.0
1985-08-19,0.0,0.0,0.0,0.0,0.0,0.0
1985-08-20,0.0,0.0,0.0,0.0,0.0,0.0
1985-08-21,0.0,0.0,0.0,0.0,0.0,0.0
1985-08-22,0.0,0.0,0.0,0.0,0.0,0.0
1985-08-23,0.0,0.0,0.0,0.0,0.0,0.0
1985-08-24,0.0,0.0,0.0,0.0,0.0,0.0
1985-08-25,0.0,0.0,0.0,0.0,0.0,0.0
1985-08-26,0.0,0.0,0.0,0.0,0.0,0.0
1985-08-27,0.0,0.0,0.0,0.0,0.0,0.0
1985-08-28,0.0,0.0,0.0,0.0,0.0,0.0
1985-08-29,0.0,0.0,0.0,0.0,0.0,0.0
1985-08-30,0.0,0.0,0.0,0.0,0.0,0.0
1985-08-31,0.0,0.0,0.0,0.0,0.0,0.0
1985-09-01,0.0,0.0,0.0,0.0,0.0,0.0
1985-09-02,0.0,0.0,0.0,0.0,0.0,0.0
1985-09-03,0.0,0.0,0.0,0.0,0.0,0.0
1985-09-04,0.0,0.0,0.0,0.0,0.0,0.0
1985-09-05,0.0,0.0,0.0,0.0,0.0,0.0
1985-09-06,0.0,0.0,0.0,0.0,0.0,0.0
1985-09-07,0.0,0.0,0.0,0.0,0.0,0.0
1985-09-08,0.0,0.0,0.0,0.0,0.0,0.0
1985-09-09,0.0,0.0,0.0,0.0,0.0,0.0
1985-09-10,0.0,-0.04000000000814907,-222.59999999999127,-0.010000000000000009,-222.55999999998312,10.0
1985-09-11,0.0,0.01999999999679858,3.599999999998545,0.0,3.5800000000017462,0.0
1985-09-12,0.0,0.0,0.0,0.0,0.0,0.0
1985-09-13,0.0,0.0,0.0,0.0,0.0,0.0
1985-09-14,0.0,0.0,0.0,0.0,0.0,0.0
1985-09-15,0.0,0.0,0.0,0.0,0.0,0.0
1985-09-16,0.0,0.00999999999839929,0.0,0.0,-0.00999999999839929,0.0
1985-09-17,0.0,-0.010000000002037268,0.0,0.0,0.010000000002037268,0.0
1985-09-18,0.0,0.0,0.0,0.0,0.0,0.0
1985-09-19,0.0,0.0,0.0,0.0,0.0,0.0
1985-09-20,0.0,0.0,0.0,0.0,0.0,0.0
1985-09-21,0.0,0.0,0.0,0.0,0.0,0.0
1985-09-22,0.0,0.0,0.0,0.0,0.0,0.0
1985-09-23,0.0,0.0,0.0,0.0,0.0,0.0
1985-09-24,0.0,0.0,0.0,0.0,0.0,0.0
1985-09-25,0.0,0.0,0.0,0.0,0.0,0.0
1985-09-26,0.0,0.0,0.0,0.0,0.0,0.0
1985-09-27,0.0,0.0,0.0,0.0,0.0,0.0
1985-09-28,0.0,0.0,0.0,0.0,0.0,0.0
1985-09-29,0.0,0.0,0.0,0.0,0.0,0.0
1985-09-30,0.0,0.0,0.0,0.0,0.0,0.0
1985-10-01,0.0,0.0,0.0,0.0,0.0,0.0
1985-10-02,0.0,0.0,0.0,0.0,0.0,0.0
1985-10-03,0.0,0.0,0.0,0.0,0.0,0.0
1985-10-04,0.0,0.0,0.0,0.0,0.0,0.0
1985-10-05,0.0,0.0,0.0,0.0,0.0,0.0
1985-10-06,0.0,0.0,0.0,0.0,0.0,0.0
1985-10-07,0.0,0.0,0.0,0.0,0.0,0.0
1985-10-08,0.0,0.0,0.0,0.0,0.0,0.0
1985-10-09,0.0,0.0,0.0,0.0,0.0,0.0
1985-10-10,0.0,0.0,0.0,0.0,0.0,0.0
1985-10-11,0.0,0.0,0.0,0.0,0.0,0.0
1985-10-12,0.0,0.0,0.0,0.0,0.0,0.0
1985-10-13,0.0,0.0,0.0,0.0,0.0,0.0
1985-10-14,0.0,0.0,0.0,0.0,0.0,0.0
1985-10-15,0.0,0.0,0.0,0.0,0.0,0.0
1985-10-16,0.0,0.0,0.0,0.0,0.0,0.0
1985-10-17,0.0,0.0,0.0,0.0,0.0,0.0
1985-10-18,0.0,0.0,0.0,0.0,0.0,0.0
1985-10-19,0.0,0.0,0.0,0.0,0.0,0.0
1985-10-20,0.0,0.0,0.0,0.0,0.0,0.0
1985-10-21,0.0,0.0,0.0,0.0,0.0,0.0
1985-10-22,0.0,0.0,-1063.2000000000698,-0.02999999999999936,-1063.2000000000698,0.0
1985-10-23,0.0,0.020000000004074536,-42.00000000001455,0.0,-42.02000000001863,0.0
1985-10-24,0.0,0.03999999999359716,-49.79999999997381,0.0,-49.839999999967404,20.0
1985-10-25,0.0,0.01999999999679858,-8.400000000001455,0.0,-8.419999999998254,0.0
1985-10-26,0.0,-0.05000000000291038,0.0,0.0,0.05000000000291038,0.0
1985-10-27,0.0,0.0,-11.39999999999418,0.0,-11.39999999999418,20.0
1985-10-28,0.0,0.0,-4.199999999982538,0.0,-4.199999999982538,20.0
1985-10-29,0.0,0.0,-1.8000000000029104,0.0,-1.8000000000029104,0.0
1985-10-30,0.0,0.0,-9.599999999991269,0.0,-9.599999999991269,20.0
1985-10-31,0.0,0.00999999999476131,0.0,0.0,-0.00999999999476131,0.0
1985-11-01,0.0,0.0,-2.3999999999796273,0.0,-2.3999999999796273,0.0
1985-11-02,0.0,-0.00999999999476131,0.0,0.0,0.00999999999476131,0.0
1985-11-03,0.0,-0.04000000000814907,-6.0,0.0,-5.959999999991851,10.0
1985-11-04,0.0,0.0,-17.999999999970896,0.0,-17.999999999970896,20.0
1985-11-05,0.0,0.03999999999359716,-30.000000000014552,0.0,-30.04000000000815,10.0
1985-11-06,0.0,7.319999999948777,-1614.0,-0.10000000000000142,-1621.3199999999488,-20.0
1985-11-07,0.0,-2.0,-1176.0,0.0,-1174.0,10.0
1985-11-08,0.0,-5.35999999998603,-48.0,-0.010000000000000231,-42.64000000001397,0.0
1985-11-09,0.0,0.0,-41.99999999998545,0.0,-41.99999999998545,0.0
1985-11-10,0.0,0.0,-12.0,0.0,-12.0,10.0
1985-11-11,0.0,0.0,0.0,0.0,0.0,0.0
1985-11-12,0.0,0.0,0.0,0.0,0.0,0.0
1985-11-13,0.0,0.0,0.0,0.0,0.0,0.0
1985-11-14,0.0,-0.029999999998835847,0.0,0.0,0.029999999998835847,0.0
1985-11-15,0.0,0.010000000009313226,-144.0,-0.010000000000000231,-144.0100000000093,-20.0
1985-11-16,0.0,-0.01999999998952262,-60.0,0.0,-59.98000000001048,20.0
1985-11-17,0.0,0.0,-95.9999999999709,0.0,-95.9999999999709,20.0
1985-11-18,0.0,0.0,-41.999999999970896,0.0,-41.999999999970896,0.0
1985-11-19,0.0,0.0,-132.0,-0.010000000000000009,-132.0,-10.0
1985-11-20,0.0,0.0,-6.0,0.0,-6.0,0.0
1985-11-21,0.0,0.0,-6.0,0.0,-6.0,0.0
1985-11-22,0.0,0.0,0.0,0.0,0.0,0.0
1985-11-23,0.0,0.010000000009313226,0.0,0.0,-0.010000000009313226,0.0
1985-11-24,0.0,-0.010000000009313226,0.0,0.0,0.010000000009313226,0.0
1985-11-25,0.0,0.0,0.0,0.0,0.0,0.0
1985-11-26,0.0,0.0,0.0,0.0,0.0,0.0
1985-11-27,0.0,-0.04000000000814907,0.0,0.0,0.04000000000814907,0.0
1985-11-28,0.0,0.0,0.0,0.0,0.0,0.0
1985-11-29,0.0,0.06999999997788109,0.0,0.0,-0.06999999997788109,0.0
1985-11-30,0.0,0.0,0.0,0.0,0.0,0.0
1985-12-01,0.0,0.0,0.0,0.0,0.0,0.0
1985-12-02,0.0,0.0,0.0,0.0,0.0,0.0
1985-12-03,0.0,0.0,0.0,0.0,0.0,0.0
1985-12-04,0.0,0.0,0.0,0.0,0.0,0.0
1985-12-05,0.0,0.0,0.0,0.0,0.0,0.0
1985-12-06,0.0,0.9899999999906868,-72.0,0.0,-72.98999999999069,70.0
1985-12-07,0.0,1.8100000000267755,-18.000000000058208,0.0,-19.810000000084983,10.0
1985-12-08,0.0,-2.1600000000034925,-6.0,0.0,-3.8399999999965075,0.0
1985-12-09,0.0,-0.5199999999895226,0.0,0.0,0.5199999999895226,0.0
1985-12-10,0.0,0.0,0.0,0.0,0.0,0.0
1985-12-11,0.0,0.0,0.0,0.0,0.0,0.0
1985-12-12,0.0,0.0,0.0,0.0,0.0,0.0
1985-12-13,0.0,0.0,0.0,0.0,0.0,0.0
1985-12-14,0.0,0.03999999997904524,0.0,0.0,-0.03999999997904524,0.0
1985-12-15,0.0,-0.010000000009313226,-18.000000000029104,0.0,-17.99000000001979,20.0
1985-12-16,0.0,0.029999999998835847,0.0,0.0,-0.029999999998835847,0.0
1985-12-17,0.0,0.10999999998603016,0.0,0.0,-0.10999999998603016,0.0
1985-12-18,0.0,-0.20000000001164153,0.0,0.0,0.20000000001164153,0.0
1985-12-19,0.0,0.0,0.0,0.0,0.0,0.0
1985-12-20,0.0,0.0,-17.999999999970896,0.0,-17.999999999970896,10.0
1985-12-21,0.0,0.0,-11.999999999970896,0.0,-11.999999999970896,10.0
1985-12-22,0.0,0.0,0.0,0.0,0.0,0.0
1985-12-23,0.0,0.0,0.0,0.0,0.0,0.0
1985-12-24,0.0,0.14999999999417923,0.0,0.0,-0.14999999999417923,0.0
1985-12-25,0.0,-0.139999999984866,0.0,0.0,0.139999999984866,0.0
1985-12-26,0.0,0.0,0.0,0.0,0.0,0.0
1985-12-27,0.0,-0.029999999998835847,-6.0,0.0,-5.970000000001164,0.0
1985-12-28,0.0,0.0,0.0,0.0,0.0,0.0
1985-12-29,0.0,0.0,0.0,0.0,0.0,0.0
1985-12-30,0.0,0.0,0.0,0.0,0.0,0.0
1985-12-31,0.0,0.0,0.0,0.0,0.0,0.0
1986-01-01,0.0,-0.010000000009313226,-66.0,-0.010000000000000009,-65.98999999999069,-20.0
1986-01-02,0.0,0.030000000027939677,-6.0,0.0,-6.03000000002794,0.0
1986-01-03,0.0,0.0,-11.999999999970896,0.0,-11.999999999970896,0.0
1986-01-04,0.0,0.0,0.0,0.0,0.0,0.0
1986-01-05,0.0,0.0,0.0,0.0,0.0,0.0
1986-01-06,0.0,0.0,-6.000000000029104,0.0,-6.000000000029104,0.0
1986-01-07,0.0,0.0,0.0,0.0,0.0,0.0
1986-01-08,0.0,0.3700000000244472,-24.0,0.0,-24.370000000024447,20.0
1986-01-09,0.0,0.75,-6.0,0.0,-6.75,0.0
1986-01-10,0.0,2.14000000001397,-12.000000000029104,0.0,-14.140000000043074,0.0
1986-01-11,0.0,-2.569999999977881,0.0,0.0,2.569999999977881,0.0
1986-01-12,0.0,0.5499999999883585,-23.999999999970896,0.0,-24.549999999959255,20.0
1986-01-13,0.0,0.7000000000116415,-6.0,0.0,-6.7000000000116415,0.0
1986-01-14,0.0,-1.2699999999895226,0.0,0.0,1.2699999999895226,0.0
1986-01-15,0.0,11.60000000000582,-192.0,-0.010000000000000231,-203.60000000000582,-20.0
1986-01-16,0.0,1.849999999976717,-288.0,0.0,-289.8499999999767,30.0
1986-01-17,0.0,-11.489999999990687,-204.0000000000291,0.0,-192.51000000003842,0.0
1986-01-18,0.0,16.75,-492.0000000000582,-0.009999999999999787,-508.7500000000582,0.0
1986-01-19,0.0,-14.239999999990687,-138.0000000000291,-0.009999999999999787,-123.76000000003842,0.0
1986-01-20,0.0,-4.830000000016298,-42.000000000029104,0.0,-37.170000000012806,0.0
1986-01-21,0.0,0.0,-17.999999999970896,0.0,-17.999999999970896,20.0
1986-01-22,0.0,2.529999999969732,-768.0,-0.019999999999999574,-770.5299999999697,-10.0
1986-01-23,0.0,-2.0899999999965075,-198.0000000000291,-0.010000000000000231,-195.9100000000326,-10.0
1986-01-24,0.0,-0.3099999999976717,-24.000000000029104,0.0,-23.690000000031432,0.0
1986-01-25,0.0,-0.01999999998952262,-17.999999999970896,0.0,-17.979999999981374,0.0
1986-01-26,0.0,-0.01999999998952262,0.0,0.0,0.01999999998952262,0.0
1986-01-27,0.0,0.9399999999732245,-30.0,0.0,-30.939999999973224,10.0
1986-01-28,0.0,-0.47000000000116415,-66.0000000000291,0.0,-65.53000000002794,30.0
1986-01-29,0.0,-0.39000000001396984,-180.0000000000291,-0.009999999999999787,-179.61000000001513,-30.0
1986-01-30,0.0,1.110000000015134,-108.0000000000291,0.0,-109.11000000004424,140.0
1986-01-31,0.0,-0.2699999999895226,-36.0,-0.010000000000000231,-35.73000000001048,-190.0
1986-02-01,0.0,-0.3699999999953434,-144.0,-0.010000000000000231,-143.63000000000466,-50.0
1986-02-02,0.0,-0.5,-78.0,0.0,-77.5,30.0
1986-02-03,0.0,0.7699999999895226,-84.0,0.0,-84.76999999998952,20.0
1986-02-04,0.0,-0.9800000000104774,-210.0,-0.009999999999999787,-209.01999999998952,-10.0
1986-02-05,0.0,0.029999999998835847,-90.0,-0.010000000000000231,-90.02999999999884,-50.0
1986-02-06,0.0,-0.029999999998835847,-11.999999999970896,0.0,-11.96999999997206,10.0
1986-02-07,0.0,0.01999999998952262,-12.000000000029104,0.0,-12.020000000018626,0.0
1986-02-08,0.0,0.0,-6.000000000029104,0.0,-6.000000000029104,0.0
1986-02-09,0.0,0.0,0.0,0.0,0.0,0.0
1986-02-10,0.0,0.0,-6.0,0.0,-6.0,0.0
1986-02-11,0.0,0.03999999997904524,-30.000000000029104,0.0,-30.04000000000815,20.0
1986-02-12,0.0,-0.01999999998952262,-137.9999999999709,0.0,-137.97999999998137,20.0
1986-02-13,0.0,0.0,-167.9999999999709,0.0,-167.9999999999709,20.0
1986-02-14,0.0,0.0,-222.0,-0.009999999999999787,-222.0,-10.0
1986-02-15,0.0,0.17999999999301508,-1044.0000000000582,-0.02999999999999936,-1044.1800000000512,10.0
1986-02-16,0.0,3.0,-2166.0,0.0,-2169.0,20.0
1986-02-17,0.0,-3.1900000000023283,-348.0,0.0,-344.8099999999977,0.0
1986-02-18,0.0,0.0,-89.9999999999709,0.0,-89.9999999999709,40.0
1986-02-19,0.0,0.0,-144.0000000000291,-0.020000000000000018,-144.0000000000291,0.0
1986-02-20,0.0,0.0,-144.0,-0.020000000000000018,-144.0,0.0
1986-02-21,0.0,0.0,-84.0000000000291,-0.009999999999999787,-84.0000000000291,0.0
1986-02-22,0.0,0.7100000000209548,-407.9999999999418,-0.009999999999999787,-408.70999999996275,-80.0
1986-02-23,0.0,64.75,-1398.0,-0.10000000000000142,-1462.75,-90.0
1986-02-24,0.0,-30.430000000051223,-624.0,-0.09999999999999964,-593.5699999999488,0.0
1986-02-25,0.0,-19.880000000004657,-222.0000000000582,0.0,-202.12000000005355,0.0
1986-02-26,0.0,3.4300000000512227,-192.00000000011642,-0.009999999999999787,-195.43000000016764,0.0
1986-02-27,0.0,0.0,-276.0,0.0,-276.0,0.0
1986-02-28,0.0,-7.75,-156.0000000000582,0.0,-148.2500000000582,0.0
1986-03-01,0.0,-1.7000000000116415,-108.0,0.0,-106.29999999998836,0.0
1986-03-02,0.0,-5.39000000001397,-60.000000000029104,-0.010000000000000231,-54.610000000015134,0.0
1986-03-03,0.0,-2.3399999999965075,-24.0,0.0,-21.660000000003492,0.0
1986-03-04,0.0,-0.7200000000011642,-42.000000000029104,0.0,-41.28000000002794,0.0
1986-03-05,0.0,-0.8500000000058208,-6.0,0.0,-5.149999999994179,0.0
1986-03-06,0.0,-0.6600000000034925,-12.0,0.0,-11.339999999996508,10.0
1986-03-07,0.0,2.6599999999743886,-173.9999999999709,-0.010000000000000231,-176.65999999994528,0.0
1986-03-08,0.0,-2.5600000000267755,-197.9999999999709,0.0,-195.43999999994412,20.0
1986-03-09,0.0,-0.08000000001629815,-228.0,-0.009999999999999787,-227.9199999999837,-20.0
1986-03-10,0.0,0.0500000000174623,-144.0,0.0,-144.05000000001746,10.0
1986-03-11,0.0,0.0,-113.99999999994179,0.0,-113.99999999994179,10.0
1986-03-12,0.0,0.07999999998719431,-132.0,0.0,-132.0799999999872,90.0
1986-03-13,0.0,0.41999999998370185,-179.9999999999709,-0.009999999999999787,-180.4199999999546,-20.0
1986-03-14,0.0,-0.33999999999650754,-245.9999999999709,-0.009999999999999787,-245.6599999999744,-20.0
1986-03-15,0.0,0.0,-18.000000000029104,0.0,-18.000000000029104,20.0
1986-03-16,0.0,0.0,-11.999999999970896,0.0,-11.999999999970896,0.0
1986-03-17,0.0,0.0,-48.0,0.0,-48.0,20.0
1986-03-18,0.0,0.0,-6.000000000029104,0.0,-6.000000000029104,0.0
1986-03-19,0.0,0.0,-5.999999999970896,0.0,-5.999999999970896,0.0
1986-03-20,0.0,0.0,0.0,0.0,0.0,0.0
1986-03-21,0.0,0.0,0.0,0.0,0.0,0.0
1986-03-22,0.0,0.7099999999918509,-12.0,0.0,-12.709999999991851,0.0
1986-03-23,0.0,-0.6900000000023283,-114.0,0.0,-113.30999999999767,10.0
1986-03-24,0.0,0.6300000000046566,-108.00000000005821,-0.010000000000000231,-108.63000000006286,-90.0
1986-03-25,0.0,-0.5700000000069849,-29.999999999970896,0.0,-29.42999999996391,10.0
1986-03-26,0.0,-0.14999999999417923,-6.0,0.0,-5.850000000005821,0.0
1986-03-27,0.0,0.0,0.0,0.0,0.0,0.0
1986-03-28,0.0,0.0,0.0,0.0,0.0,0.0
1986-03-29,0.0,0.0,-6.0,0.0,-6.0,0.0
1986-03-30,0.0,0.0,-12.0,0.0,-12.0,0.0
1986-03-31,0.0,0.0,-12.0,0.0,-12.0,10.0
1986-04-01,0.0,0.0,-12.0,0.0,-12.0,10.0
1986-04-02,0.0,0.0,0.0,0.0,0.0,0.0
1986-04-03,0.0,0.0,-18.000000000029104,0.0,-18.000000000029104,0.0
1986-04-04,0.0,0.0,-6.0,0.0,-6.0,0.0
1986-04-05,0.0,0.0,0.0,0.0,0.0,0.0
1986-04-06,0.0,0.0,0.0,0.0,0.0,0.0
1986-04-07,0.0,0.0,0.0,0.0,0.0,0.0
1986-04-08,0.0,0.0,0.0,0.0,0.0,0.0
1986-04-09,0.0,0.0,0.0,0.0,0.0,0.0
1986-04-10,0.0,0.0,0.0,0.0,0.0,0.0
1986-04-11,0.0,0.0,-5.999999999970896,0.0,-5.999999999970896,0.0
1986-04-12,0.0,0.0,0.0,0.0,0.0,0.0
1986-04-13,0.0,-0.029999999998835847,0.0,0.0,0.029999999998835847,0.0
1986-04-14,0.0,0.0,-6.0,0.0,-6.0,10.0
1986-04-15,0.0,0.0,-23.999999999970896,0.0,-23.999999999970896,10.0
1986-04-16,0.0,0.0,-77.9999999999709,0.0,-77.9999999999709,30.0
1986-04-17,0.0,0.0,-54.0,0.0,-54.0,80.0
1986-04-18,0.0,0.0,0.0,0.0,0.0,0.0
1986-04-19,0.0,-0.07000000000698492,0.0,0.0,0.07000000000698492,0.0
1986-04-20,0.0,0.0,0.0,0.0,0.0,0.0
1986-04-21,0.0,0.0,-11.999999999970896,0.0,-11.999999999970896,0.0
1986-04-22,0.0,0.0,0.0,0.0,0.0,0.0
1986-04-23,0.0,0.04000000000814907,-6.0,0.0,-6.040000000008149,0.0
1986-04-24,0.0,0.0,0.0,0.0,0.0,0.0
1986-04-25,0.0,0.0,-42.0,0.0,-42.0,20.0
1986-04-26,0.0,0.0,-66.0,0.0,-66.0,20.0
1986-04-27,0.0,0.0,-173.9999999999709,-0.009999999999999787,-173.9999999999709,-10.0
1986-04-28,0.0,0.0,-167.9999999999709,0.0,-167.9999999999709,20.0
1986-04-29,0.0,0.0,-95.9999999999709,0.0,-95.9999999999709,20.0
1986-04-30,0.0,0.059999999997671694,-6.0,0.0,-6.059999999997672,0.0
1986-05-01,0.0,-0.029999999998835847,-6.000000000029104,0.0,-5.970000000030268,0.0
1986-05-02,0.0,0.0,-24.000000000029104,0.0,-24.000000000029104,10.0
1986-05-03,0.0,0.0,0.0,0.0,0.0,0.0
1986-05-04,0.0,0.0,-17.999999999970896,0.0,-17.999999999970896,10.0
1986-05-05,0.0,-0.04999999998835847,-66.0,-0.009999999999999787,-65.95000000001164,-30.0
1986-05-06,0.0,-0.029999999998835847,0.0,0.0,0.029999999998835847,0.0
1986-05-07,0.0,0.0,-11.999999999970896,0.0,-11.999999999970896,0.0
1986-05-08,0.0,0.0,-12.0,0.0,-12.0,0.0
1986-05-09,0.0,0.0,-12.000000000029104,0.0,-12.000000000029104,20.0
1986-05-10,0.0,0.0,-95.9999999999709,0.0,-95.9999999999709,20.0
1986-05-11,0.0,0.0,-11.999999999970896,0.0,-11.999999999970896,10.0
1986-05-12,0.0,0.059999999997671694,-24.0,0.0,-24.05999999999767,10.0
1986-05-13,0.0,-0.04000000000814907,-24.0,0.0,-23.95999999999185,20.0
1986-05-14,0.0,0.0,-6.0,0.0,-6.0,0.0
1986-05-15,0.0,0.0,0.0,0.0,0.0,0.0
1986-05-16,0.0,0.0,0.0,0.0,0.0,0.0
1986-05-17,0.0,0.0,0.0,0.0,0.0,0.0
1986-05-18,0.0,0.0,0.0,0.0,0.0,0.0
1986-05-19,0.0,0.0,0.0,0.0,0.0,0.0
1986-05-20,0.0,0.0,-18.0,0.0,-18.0,0.0
1986-05-21,0.0,0.0,0.0,0.0,0.0,0.0
1986-05-22,0.0,0.0,0.0,0.0,0.0,0.0
1986-05-23,0.0,0.029999999998835847,0.0,0.0,-0.029999999998835847,0.0
1986-05-24,0.0,0.0,0.0,0.0,0.0,0.0
1986-05-25,0.0,0.0,0.0,0.0,0.0,0.0
1986-05-26,0.0,0.0,0.0,0.0,0.0,0.0
1986-05-27,0.0,0.0,0.0,0.0,0.0,0.0
1986-05-28,0.0,0.0500000000174623,0.0,0.0,-0.0500000000174623,0.0
1986-05-29,0.0,-0.04999999998835847,0.0,0.0,0.04999999998835847,0.0
1986-05-30,0.0,0.0,0.0,0.0,0.0,0.0
1986-05-31,0.0,0.0,0.0,0.0,0.0,0.0
1986-06-01,0.0,0.0,0.0,0.0,0.0,0.0
1986-06-02,0.0,0.0,0.0,0.0,0.0,0.0
1986-06-03,0.0,0.0,0.0,0.0,0.0,0.0
1986-06-04,0.0,0.0,0.0,0.0,0.0,0.0
1986-06-05,0.0,0.0,0.0,0.0,0.0,0.0
1986-06-06,0.0,0.0,0.0,0.0,0.0,0.0
1986-06-07,0.0,0.0,0.0,0.0,0.0,0.0
1986-06-08,0.0,0.020000000004074536,0.0,0.0,-0.020000000004074536,0.0
1986-06-09,0.0,-0.01999999998952262,0.0,0.0,0.01999999998952262,0.0
1986-06-10,0.0,0.0,0.0,0.0,0.0,0.0
1986-06-11,0.0,0.0,0.0,0.0,0.0,0.0
1986-06-12,0.0,-0.029999999998835847,0.0,0.0,0.029999999998835847,0.0
1986-06-13,0.0,0.020000000004074536,0.0,0.0,-0.020000000004074536,0.0
1986-06-14,0.0,-0.010000000009313226,0.0,0.0,0.010000000009313226,0.0
1986-06-15,0.0,0.03999999999359716,0.0,0.0,-0.03999999999359716,0.0
1986-06-16,0.0,-0.07000000000698492,0.0,0.0,0.07000000000698492,0.0
1986-06-17,0.0,0.0,0.0,0.0,0.0,0.0
1986-06-18,0.0,0.04000000000814907,0.0,0.0,-0.04000000000814907,0.0
1986-06-19,0.0,0.0,0.0,0.0,0.0,0.0
1986-06-20,0.0,0.0,0.0,0.0,0.0,0.0
1986-06-21,0.0,0.0,5.999999999985448,0.0,5.999999999985448,0.0
1986-06-22,0.0,0.0,0.0,0.0,0.0,0.0
1986-06-23,0.0,0.0,0.0,0.0,0.0,0.0
1986-06-24,0.0,0.0,0.0,0.0,0.0,0.0
1986-06-25,0.0,0.0,0.0,0.0,0.0,0.0
1986-06-26,0.0,0.0,0.0,0.0,0.0,0.0
1986-06-27,0.0,0.0,0.0,0.0,0.0,0.0
1986-06-28,0.0,0.0,0.0,0.0,0.0,0.0
1986-06-29,0.0,0.0,0.0,0.0,0.0,0.0
1986-06-30,0.0,0.0,0.0,0.0,0.0,0.0
1986-07-01,0.0,-0.010000000009313226,0.0,0.0,0.010000000009313226,0.0
1986-07-02,0.0,0.00999999999476131,0.0,0.0,-0.00999999999476131,0.0
1986-07-03,0.0,0.0,0.0,0.0,0.0,0.0
1986-07-04,0.0,0.0,0.0,0.0,0.0,0.0
1986-07-05,0.0,0.0,0.0,0.0,0.0,0.0
1986-07-06,0.0,0.0,0.0,0.0,0.0,0.0
1986-07-07,0.0,0.0,0.0,0.0,0.0,0.0
1986-07-08,0.0,0.0,0.0,0.0,0.0,0.0
1986-07-09,0.0,0.0,0.0,0.0,0.0,0.0
1986-07-10,0.0,0.0,0.0,0.0,0.0,0.0
1986-07-11,0.0,0.0,0.0,0.0,0.0,0.0
1986-07-12,0.0,0.0,0.0,0.0,0.0,0.0
1986-07-13,0.0,0.0,0.0,0.0,0.0,0.0
1986-07-14,0.0,0.0,0.0,0.0,0.0,0.0
1986-07-15,0.0,0.0,-0.6000000000058208,0.0,-0.6000000000058208,0.0
1986-07-16,0.0,0.0,0.0,0.0,0.0,0.0
1986-07-17,0.0,0.0,0.0,0.0,0.0,0.0
1986-07-18,0.0,0.0,0.0,0.0,0.0,0.0
1986-07-19,0.0,0.020000000004074536,0.0,0.0,-0.020000000004074536,0.0
1986-07-20,0.0,0.0,0.0,0.0,0.0,0.0
1986-07-21,0.0,0.0,0.0,0.0,0.0,0.0
1986-07-22,0.0,0.0,0.0,0.0,0.0,0.0
1986-07-23,0.0,0.0,0.0,0.0,0.0,0.0
1986-07-24,0.0,0.0,0.0,0.0,0.0,0.0
1986-07-25,0.0,0.0,0.0,0.0,0.0,0.0
1986-07-26,0.0,0.0,0.0,0.0,0.0,0.0
1986-07-27,0.0,0.0,0.0,0.0,0.0,0.0
1986-07-28,0.0,0.0,0.0,0.0,0.0,0.0
1986-07-29,0.0,0.0,0.0,0.0,0.0,0.0
1986-07-30,0.0,0.0,0.0,0.0,0.0,0.0
1986-07-31,0.0,0.0,0.0,0.0,0.0,0.0
1986-08-01,0.0,0.0,0.0,0.0,0.0,0.0
1986-08-02,0.0,0.0,0.0,0.0,0.0,0.0
1986-08-03,0.0,0.0,0.0,0.0,0.0,0.0
1986-08-04,0.0,0.0,0.0,0.0,0.0,0.0
1986-08-05,0.0,0.0,0.0,0.0,0.0,0.0
1986-08-06,0.0,0.0,0.0,0.0,0.0,0.0
1986-08-07,0.0,0.0,0.0,0.0,0.0,0.0
1986-08-08,0.0,0.0,0.0,0.0,0.0,0.0
1986-08-09,0.0,0.0,0.0,0.0,0.0,0.0
1986-08-10,0.0,0.0,0.0,0.0,0.0,0.0
1986-08-11,0.0,0.0,0.0,0.0,0.0,0.0
1986-08-12,0.0,0.0,0.0,0.0,0.0,0.0
1986-08-13,0.0,0.0,0.0,0.0,0.0,0.0
1986-08-14,0.0,0.0,0.0,0.0,0.0,0.0
1986-08-15,0.0,0.0,0.0,0.0,0.0,0.0
1986-08-16,0.0,0.0,0.0,0.0,0.0,0.0
1986-08-17,0.0,0.0,0.0,0.0,0.0,0.0
1986-08-18,0.0,0.0,0.0,0.0,0.0,0.0
1986-08-19,0.0,0.0,0.0,0.0,0.0,0.0
1986-08-20,0.0,0.0,0.0,0.0,0.0,0.0
1986-08-21,0.0,0.0,0.0,0.0,0.0,0.0
1986-08-22,0.0,0.0,0.0,0.0,0.0,0.0
1986-08-23,0.0,0.0,0.0,0.0,0.0,0.0
1986-08-24,0.0,0.0,0.0,0.0,0.0,0.0
1986-08-25,0.0,0.0,0.0,0.0,0.0,0.0
1986-08-26,0.0,0.0,0.0,0.0,0.0,0.0
1986-08-27,0.0,0.0,0.0,0.0,0.0,0.0
1986-08-28,0.0,0.0,0.0,0.0,0.0,0.0
1986-08-29,0.0,0.0,0.0,0.0,0.0,0.0
1986-08-30,0.0,0.0,0.0,0.0,0.0,0.0
1986-08-31,0.0,0.0,0.0,0.0,0.0,0.0
1986-09-01,0.0,0.0,0.0,0.0,0.0,0.0
1986-09-02,0.0,0.0,0.0,0.0,0.0,0.0
1986-09-03,0.0,0.0,0.0,0.0,0.0,0.0
1986-09-04,0.0,0.0,0.0,0.0,0.0,0.0
1986-09-05,0.0,0.0,0.0,0.0,0.0,0.0
1986-09-06,0.0,0.0,0.0,0.0,0.0,0.0
1986-09-07,0.0,0.0,0.0,0.0,0.0,0.0
1986-09-08,0.0,0.0,0.0,0.0,0.0,0.0
1986-09-09,0.0,0.0,0.0,0.0,0.0,0.0
1986-09-10,0.0,0.0,0.0,0.0,0.0,0.0
1986-09-11,0.0,0.0,0.0,0.0,0.0,0.0
1986-09-12,0.0,0.0,0.0,0.0,0.0,0.0
1986-09-13,0.0,0.0,0.0,0.0,0.0,0.0
1986-09-14,0.0,0.0,0.0,0.0,0.0,0.0
1986-09-15,0.0,0.0,0.0,0.0,0.0,0.0
1986-09-16,0.0,0.0,0.0,0.0,0.0,0.0
1986-09-17,0.0,0.0,0.0,0.0,0.0,0.0
1986-09-18,0.0,0.0,0.0,0.0,0.0,0.0
1986-09-19,0.0,0.0,0.0,0.0,0.0,0.0
1986-09-20,0.0,0.0,0.0,0.0,0.0,0.0
1986-09-21,0.0,0.0,0.0,0.0,0.0,0.0
1986-09-22,0.0,0.0,0.0,0.0,0.0,0.0
1986-09-23,0.0,0.0,0.0,0.0,0.0,0.0
1986-09-24,0.0,0.0,0.0,0.0,0.0,0.0
1986-09-25,0.0,0.0,0.0,0.0,0.0,0.0
1986-09-26,0.0,0.0,0.0,0.0,0.0,0.0
1986-09-27,0.0,0.0,0.0,0.0,0.0,0.0
1986-09-28,0.0,0.0,0.0,0.0,0.0,0.0
1986-09-29,0.0,0.0,0.0,0.0,0.0,0.0
1986-09-30,0.0,0.0,0.0,0.0,0.0,0.0
1986-10-01,0.0,0.0,0.0,0.0,0.0,0.0
1986-10-02,0.0,0.0,0.0,0.0,0.0,0.0
1986-10-03,0.0,0.0,0.0,0.0,0.0,0.0
1986-10-04,0.0,0.0,0.0,0.0,0.0,0.0
1986-10-05,0.0,0.0,0.0,0.0,0.0,0.0
1986-10-06,0.0,0.0,0.0,0.0,0.0,0.0
1986-10-07,0.0,0.0,0.0,0.0,0.0,0.0
1986-10-08,0.0,0.0,0.0,0.0,0.0,0.0
1986-10-09,0.0,0.0,0.0,0.0,0.0,0.0
1986-10-10,0.0,0.0,0.0,0.0,0.0,0.0
1986-10-11,0.0,0.0,0.0,0.0,0.0,0.0
1986-10-12,0.0,0.0,0.0,0.0,0.0,0.0
1986-10-13,0.0,0.0,0.0,0.0,0.0,0.0
1986-10-14,0.0,0.0,0.0,0.0,0.0,0.0
1986-10-15,0.0,0.0,0.0,0.0,0.0,0.0
1986-10-16,0.0,0.0,0.0,0.0,0.0,0.0
1986-10-17,0.0,0.0,0.0,0.0,0.0,0.0
1986-10-18,0.0,0.0,0.0,0.0,0.0,0.0
1986-10-19,0.0,0.0,0.0,0.0,0.0,0.0
1986-10-20,0.0,0.0,0.0,0.0,0.0,0.0
1986-10-21,0.0,0.0,0.0,0.0,0.0,0.0
1986-10-22,0.0,0.0,0.0,0.0,0.0,0.0
1986-10-23,0.0,0.0,0.0,0.0,0.0,0.0
1986-10-24,0.0,0.0,0.0,0.0,0.0,0.0
1986-10-25,0.0,0.0,0.0,0.0,0.0,0.0
1986-10-26,0.0,0.0,0.0,0.0,0.0,0.0
1986-10-27,0.0,0.0,0.0,0.0,0.0,0.0
1986-10-28,0.0,0.0,0.0,0.0,0.0,0.0
1986-10-29,0.0,0.0,0.0,0.0,0.0,0.0
1986-10-30,0.0,0.0,0.0,0.0,0.0,0.0
1986-10-31,0.0,0.0,0.0,0.0,0.0,0.0
1986-11-01,0.0,0.0,0.0,0.0,0.0,0.0
1986-11-02,0.0,0.0,0.0,0.0,0.0,0.0
1986-11-03,0.0,0.0,0.0,0.0,0.0,0.0
1986-11-04,0.0,0.0,0.0,0.0,0.0,0.0
1986-11-05,0.0,0.0,0.0,0.0,0.0,0.0
1986-11-06,0.0,0.0,0.0,0.0,0.0,0.0
1986-11-07,0.0,0.0,0.0,0.0,0.0,0.0
1986-11-08,0.0,0.0,0.0,0.0,0.0,0.0
1986-11-09,0.0,0.0,0.0,0.0,0.0,0.0
1986-11-10,0.0,0.0,0.0,0.0,0.0,0.0
1986-11-11,0.0,0.0,0.0,0.0,0.0,0.0
1986-11-12,0.0,0.0,0.0,0.0,0.0,0.0
1986-11-13,0.0,0.0,0.0,0.0,0.0,0.0
1986-11-14,0.0,0.0,0.0,0.0,0.0,0.0
1986-11-15,0.0,0.0,0.0,0.0,0.0,0.0
1986-11-16,0.0,0.09000000001105946,-68.39999999999418,-0.010000000000000009,-68.49000000000524,-30.0
1986-11-17,0.0,-0.1200000000098953,6.0,0.0,6.120000000009895,0.0
1986-11-18,0.0,0.0,-5.999999999985448,0.0,-5.999999999985448,0.0
1986-11-19,0.0,0.0,-1.2000000000116415,0.0,-1.2000000000116415,0.0
1986-11-20,0.0,0.0,-222.0,-0.010000000000000231,-222.0,-10.0
1986-11-21,0.0,0.06999999997788109,-90.0,0.0,-90.06999999997788,10.0
1986-11-22,0.0,0.05000000000291038,-29.999999999985448,0.0,-30.04999999998836,40.0
1986-11-23,0.0,-0.14000000001396984,-72.0,0.0,-71.85999999998603,20.0
1986-11-24,0.0,0.0,-12.000000000014552,0.0,-12.000000000014552,0.0
1986-11-25,0.0,0.0,0.0,0.0,0.0,0.0
1986-11-26,0.0,1.25,-390.0000000000582,-0.009999999999999787,-391.2500000000582,-10.0
1986-11-27,0.0,-1.5,-1098.0,-0.09999999999999964,-1096.5,0.0
1986-11-28,0.0,0.16000000000349246,-23.999999999970896,0.0,-24.15999999997439,0.0
1986-11-29,0.0,0.0,0.0,0.0,0.0,0.0
1986-11-30,0.0,0.0,-12.0,0.0,-12.0,10.0
1986-12-01,0.0,0.0,0.0,0.0,0.0,0.0
1986-12-02,0.0,0.0,0.0,0.0,0.0,0.0
1986-12-03,0.0,0.0,0.0,0.0,0.0,0.0
1986-12-04,0.0,0.029999999998835847,0.0,0.0,-0.029999999998835847,0.0
1986-12-05,0.0,0.0,-24.0,0.0,-24.0,40.0
1986-12-06,0.0,0.0,-6.0,0.0,-6.0,0.0
1986-12-07,0.0,0.0,0.0,0.0,0.0,0.0
1986-12-08,0.0,0.0,0.0,0.0,0.0,0.0
1986-12-09,0.0,0.0,0.0,0.0,0.0,0.0
1986-12-10,0.0,0.0,0.0,0.0,0.0,0.0
1986-12-11,0.0,0.0,0.0,0.0,0.0,0.0
1986-12-12,0.0,0.0,-6.0,0.0,-6.0,30.0
1986-12-13,0.0,0.0,-6.0,0.0,-6.0,0.0
1986-12-14,0.0,0.029999999998835847,0.0,0.0,-0.029999999998835847,0.0
1986-12-15,0.0,-0.10999999998603016,-6.0,0.0,-5.89000000001397,0.0
1986-12-16,0.0,0.01999999998952262,0.0,0.0,-0.01999999998952262,0.0
1986-12-17,0.0,0.0,-6.0,0.0,-6.0,0.0
1986-12-18,0.0,-0.010000000009313226,0.0,0.0,0.010000000009313226,0.0
1986-12-19,0.0,0.0,0.0,0.0,0.0,0.0
1986-12-20,0.0,-0.029999999998835847,0.0,0.0,0.029999999998835847,0.0
1986-12-21,0.0,0.0,-6.0,0.0,-6.0,20.0
1986-12-22,0.0,-0.07000000000698492,-42.0,0.0,-41.929999999993015,50.0
1986-12-23,0.0,0.0,-12.0,0.0,-12.0,20.0
1986-12-24,0.0,0.25,-12.000000000029104,0.0,-12.250000000029104,0.0
1986-12-25,0.0,-0.22000000000116415,-36.000000000029104,0.0,-35.78000000002794,20.0
1986-12-26,0.0,0.0,0.0,0.0,0.0,0.0
1986-12-27,0.0,0.0,0.0,0.0,0.0,0.0
1986-12-28,0.0,0.0,-6.0,0.0,-6.0,10.0
1986-12-29,0.0,0.0,-54.0,0.0,-54.0,30.0
1986-12-30,0.0,0.0,0.0,0.0,0.0,0.0
1986-12-31,0.0,0.0,-30.0,-0.010000000000000231,-30.0,-150.0
1987-01-01,0.0,0.029999999998835847,-221.9999999999709,-0.010000000000000231,-222.02999999996973,-50.0
1987-01-02,0.0,-0.029999999998835847,-30.000000000058208,0.0,-29.970000000059372,20.0
1987-01-03,0.0,-0.01999999998952262,-138.0,0.0,-137.98000000001048,30.0
1987-01-04,0.0,0.0,0.0,0.0,0.0,0.0
1987-01-05,0.0,-0.029999999998835847,-6.0,0.0,-5.970000000001164,0.0
1987-01-06,0.0,0.0,-6.0,0.0,-6.0,0.0
1987-01-07,0.0,0.0,0.0,0.0,0.0,0.0
1987-01-08,0.0,0.0,0.0,0.0,0.0,0.0
1987-01-09,0.0,0.0,-5.999999999970896,0.0,-5.999999999970896,0.0
1987-01-10,0.0,-0.06999999997788109,-12.0,0.0,-11.930000000022119,0.0
1987-01-11,0.0,0.0,0.0,0.0,0.0,0.0
1987-01-12,0.0,0.0,-29.999999999970896,0.0,-29.999999999970896,30.0
1987-01-13,0.0,0.0,-30.0,0.0,-30.0,20.0
1987-01-14,0.0,-0.04999999998835847,-30.000000000029104,0.0,-29.950000000040745,20.0
1987-01-15,0.0,0.0,0.0,0.0,0.0,0.0
1987-01-16,0.0,0.0,0.0,0.0,0.0,0.0
1987-01-17,0.0,0.0,-6.0,0.0,-6.0,0.0
1987-01-18,0.0,0.0,0.0,0.0,0.0,0.0
1987-01-19,0.0,0.0,-6.0,0.0,-6.0,0.0
1987-01-20,0.0,0.0,0.0,0.0,0.0,0.0
1987-01-21,0.0,0.0,0.0,0.0,0.0,0.0
1987-01-22,0.0,0.0,0.0,0.0,0.0,0.0
1987-01-23,0.0,0.0,-18.000000000029104,-0.010000000000000009,-18.000000000029104,-70.0
1987-01-24,0.0,0.14000000001396984,-150.0000000000291,0.0,-150.14000000004307,20.0
1987-01-25,0.0,3.360000000015134,-137.9999999999709,-0.009999999999999787,-141.35999999998603,0.0
1987-01-26,0.0,-1.0100000000093132,-150.0,0.0,-148.9899999999907,50.0
1987-01-27,0.0,-0.09000000002561137,-132.0,-0.009999999999999787,-131.9099999999744,-50.0
1987-01-28,0.0,-2.2999999999883585,-41.999999999970896,0.0,-39.69999999998254,10.0
1987-01-29,0.0,0.01999999998952262,-23.999999999970896,0.0,-24.01999999996042,10.0
1987-01-30,0.0,0.7699999999895226,-258.0,-0.009999999999999787,-258.7699999999895,-10.0
1987-01-31,0.0,9.690000000060536,-1464.0000000001164,0.0,-1473.690000000177,40.0
1987-02-01,0.0,-1.6199999999953434,-1704.0000000001164,0.0,-1702.380000000121,0.0
1987-02-02,0.0,-8.75,-150.0,0.0,-141.25,0.0
1987-02-03,0.0,-0.10000000000582077,-41.99999999994179,0.0,-41.89999999993597,50.0
1987-02-04,0.0,0.0,-24.0,0.0,-24.0,0.0
1987-02-05,0.0,0.030000000027939677,-12.000000000029104,0.0,-12.030000000057044,0.0
1987-02-06,0.0,0.0,-24.0,0.0,-24.0,0.0
1987-02-07,0.0,-0.04999999998835847,-6.0,0.0,-5.9500000000116415,0.0
1987-02-08,0.0,0.0,0.0,0.0,0.0,0.0
1987-02-09,0.0,0.0,-12.0,0.0,-12.0,0.0
1987-02-10,0.0,0.0,-6.0,0.0,-6.0,0.0
1987-02-11,0.0,0.0,0.0,0.0,0.0,0.0
1987-02-12,0.0,0.0,-6.0,0.0,-6.0,0.0
1987-02-13,0.0,1.0199999999895226,-144.0000000000291,-0.010000000000000231,-145.02000000001863,-50.0
1987-02-14,0.0,-0.9400000000023283,-174.0,-0.009999999999999787,-173.05999999999767,-30.0
1987-02-15,0.0,-0.10999999998603016,-168.0,-0.010000000000000231,-167.89000000001397,-10.0
1987-02-16,0.0,0.3699999999953434,-330.0,-0.010000000000000231,-330.36999999999534,0.0
1987-02-17,0.0,-0.4299999999930151,-150.0,-0.010000000000000231,-149.57000000000698,-50.0
1987-02-18,0.0,0.12999999997555278,-132.0,-0.010000000000000231,-132.12999999997555,-80.0
1987-02-19,0.0,0.059999999997671694,-17.999999999970896,0.0,-18.059999999968568,10.0
1987-02-20,0.0,-0.029999999998835847,-5.999999999970896,0.0,-5.96999999997206,0.0
1987-02-21,0.0,0.0,-42.0,0.0,-42.0,20.0
1987-02-22,0.0,0.10999999998603016,-144.0000000000291,-0.009999999999999787,-144.11000000001513,-20.0
1987-02-23,0.0,-0.07000000000698492,-6.0,0.0,-5.929999999993015,0.0
1987-02-24,0.0,0.0,-6.0,0.0,-6.0,0.0
1987-02-25,0.0,0.0,0.0,0.0,0.0,0.0
1987-02-26,0.0,0.0,-6.0,0.0,-6.0,0.0
1987-02-27,0.0,0.0,-12.0,0.0,-12.0,0.0
1987-02-28,0.0,0.0,-29.999999999970896,0.0,-29.999999999970896,10.0
1987-03-01,0.0,0.0,-137.9999999999709,-0.010000000000000231,-137.9999999999709,-150.0
1987-03-02,0.0,9.78000000002794,-198.0,-0.010000000000000231,-207.78000000002794,-80.0
1987-03-03,0.0,-6.909999999974389,-408.0000000000582,-0.009999999999999787,-401.0900000000838,0.0
1987-03-04,0.0,-3.099999999976717,-186.0,0.0,-182.90000000002328,0.0
1987-03-05,0.0,0.060000000026775524,-174.0,-0.009999999999999787,-174.06000000002678,-30.0
1987-03-06,0.0,-0.01999999998952262,-36.0,0.0,-35.98000000001048,20.0
1987-03-07,0.0,-0.09999999997671694,-17.999999999970896,0.0,-17.89999999999418,20.0
1987-03-08,0.0,0.5299999999988358,-24.000000000058208,0.0,-24.530000000057044,0.0
1987-03-09,0.0,-0.5199999999895226,-90.0,-0.009999999999999787,-89.48000000001048,-60.0
1987-03-10,0.0,-0.04999999998835847,-102.0,-0.009999999999999787,-101.95000000001164,-50.0
1987-03-11,0.0,0.04999999998835847,-192.0000000000291,-0.009999999999999787,-192.05000000001746,-10.0
1987-03-12,0.0,-0.18000000005122274,-785.9999999999418,-0.03000000000000025,-785.8199999998906,-20.0
1987-03-13,0.0,-0.059999999997671694,-437.9999999999418,-0.009999999999999787,-437.9399999999441,0.0
1987-03-14,0.0,0.25,-150.0000000000582,-0.009999999999999787,-150.2500000000582,-40.0
1987-03-15,0.0,0.0,-84.0000000000291,0.0,-84.0000000000291,10.0
1987-03-16,0.0,-0.10999999998603016,-30.000000000029104,0.0,-29.890000000043074,10.0
1987-03-17,0.0,0.0,-522.0,-0.019999999999999574,-522.0,0.0
1987-03-18,0.0,0.40000000002328306,-258.0,0.0,-258.4000000000233,10.0
1987-03-19,0.0,-0.3000000000174623,-150.0000000000291,-0.020000000000000018,-149.70000000001164,0.0
1987-03-20,0.0,-0.01999999998952262,-36.0,0.0,-35.98000000001048,10.0
1987-03-21,0.0,0.07999999998719431,-30.0,0.0,-30.079999999987194,10.0
1987-03-22,0.0,-0.09999999997671694,-6.0,0.0,-5.900000000023283,0.0
1987-03-23,0.0,0.01999999998952262,-48.0,0.0,-48.01999999998952,10.0
1987-03-24,0.0,0.0,-18.000000000029104,0.0,-18.000000000029104,10.0
1987-03-25,0.0,0.059999999997671694,-35.999999999970896,0.0,-36.05999999996857,0.0
1987-03-26,0.0,0.0,-5.999999999970896,0.0,-5.999999999970896,0.0
1987-03-27,0.0,0.0,-6.0,0.0,-6.0,0.0
1987-03-28,0.0,-0.029999999998835847,0.0,0.0,0.029999999998835847,0.0
1987-03-29,0.0,0.0,0.0,0.0,0.0,0.0
1987-03-30,0.0,0.0,0.0,0.0,0.0,0.0
1987-03-31,0.0,0.029999999998835847,0.0,0.0,-0.029999999998835847,0.0
1987-04-01,0.0,0.0,0.0,0.0,0.0,0.0
1987-04-02,0.0,0.0,0.0,0.0,0.0,0.0
1987-04-03,0.0,0.0,0.0,0.0,0.0,0.0
1987-04-04,0.0,0.0,0.0,0.0,0.0,0.0
1987-04-05,0.0,0.0,0.0,0.0,0.0,0.0
1987-04-06,0.0,0.0,0.0,0.0,0.0,0.0
1987-04-07,0.0,0.0,0.0,0.0,0.0,0.0
1987-04-08,0.0,0.08999999999650754,-12.000000000029104,0.0,-12.090000000025611,10.0
1987-04-09,0.0,0.0,0.0,0.0,0.0,0.0
1987-04-10,0.0,0.0,-78.0,0.0,-78.0,10.0
1987-04-11,0.0,0.0,-72.0,0.0,-72.0,20.0
1987-04-12,0.0,-0.029999999998835847,-17.999999999970896,0.0,-17.96999999997206,20.0
1987-04-13,0.0,0.0,0.0,0.0,0.0,0.0
1987-04-14,0.0,0.0,0.0,0.0,0.0,0.0
1987-04-15,0.0,0.0,0.0,0.0,0.0,0.0
1987-04-16,0.0,0.0,-30.0,0.0,-30.0,40.0
1987-04-17,0.0,0.0,-59.999999999970896,0.0,-59.999999999970896,10.0
1987-04-18,0.0,0.0,-23.999999999970896,0.0,-23.999999999970896,10.0
1987-04-19,0.0,0.0,-12.0,0.0,-12.0,0.0
1987-04-20,0.0,0.010000000009313226,0.0,0.0,-0.010000000009313226,0.0
1987-04-21,0.0,0.0,0.0,0.0,0.0,0.0
1987-04-22,0.0,0.0,0.0,0.0,0.0,0.0
1987-04-23,0.0,0.0,0.0,0.0,0.0,0.0
1987-04-24,0.0,0.0,0.0,0.0,0.0,0.0
1987-04-25,0.0,0.0,0.0,0.0,0.0,0.0
1987-04-26,0.0,-0.010000000009313226,0.0,0.0,0.010000000009313226,0.0
1987-04-27,0.0,0.010000000009313226,0.0,0.0,-0.010000000009313226,0.0
1987-04-28,0.0,0.0,0.0,0.0,0.0,0.0
1987-04-29,0.0,0.0,0.0,0.0,0.0,0.0
1987-04-30,0.0,0.01999999998952262,0.0,0.0,-0.01999999998952262,0.0
1987-05-01,0.0,0.0,0.0,0.0,0.0,0.0
1987-05-02,0.0,0.0,0.0,0.0,0.0,0.0
1987-05-03,0.0,0.0,0.0,0.0,0.0,0.0
1987-05-04,0.0,0.0,0.0,0.0,0.0,0.0
1987-05-05,0.0,0.0,0.0,0.0,0.0,0.0
1987-05-06,0.0,0.0,0.0,0.0,0.0,0.0
1987-05-07,0.0,0.0,0.0,0.0,0.0,0.0
1987-05-08,0.0,0.0,0.0,0.0,0.0,0.0
1987-05-09,0.0,0.0,0.0,0.0,0.0,0.0
1987-05-10,0.0,0.0,0.0,0.0,0.0,0.0
1987-05-11,0.0,0.0,-6.0,0.0,-6.0,0.0
1987-05-12,0.0,0.010000000009313226,0.0,0.0,-0.010000000009313226,0.0
1987-05-13,0.0,0.0,0.0,0.0,0.0,0.0
1987-05-14,0.0,-0.029999999998835847,0.0,0.0,0.029999999998835847,0.0
1987-05-15,0.0,0.0,0.0,0.0,0.0,0.0
1987-05-16,0.0,0.0,0.0,0.0,0.0,0.0
1987-05-17,0.0,0.0,0.0,0.0,0.0,0.0
1987-05-18,0.0,0.0,0.0,0.0,0.0,0.0
1987-05-19,0.0,0.0,0.0,0.0,0.0,0.0
1987-05-20,0.0,0.0,0.0,0.0,0.0,0.0
1987-05-21,0.0,0.0,0.0,0.0,0.0,0.0
1987-05-22,0.0,0.0,0.0,0.0,0.0,0.0
1987-05-23,0.0,0.0,0.0,0.0,0.0,0.0
1987-05-24,0.0,0.0,0.0,0.0,0.0,0.0
1987-05-25,0.0,0.0,0.0,0.0,0.0,0.0
1987-05-26,0.0,0.0,0.0,0.0,0.0,0.0
1987-05-27,0.0,0.020000000004074536,0.0,0.0,-0.020000000004074536,0.0
1987-05-28,0.0,0.0,0.0,0.0,0.0,0.0
1987-05-29,0.0,0.0,0.0,0.0,0.0,0.0
1987-05-30,0.0,0.0,0.0,0.0,0.0,0.0
1987-05-31,0.0,0.0,-6.000000000014552,0.0,-6.000000000014552,20.0
1987-06-01,0.0,0.0,0.0,0.0,0.0,0.0
1987-06-02,0.0,0.0,0.0,0.0,0.0,0.0
1987-06-03,0.0,0.0,0.0,0.0,0.0,0.0
1987-06-04,0.0,0.0,0.0,0.0,0.0,0.0
1987-06-05,0.0,0.0,0.0,0.0,0.0,0.0
1987-06-06,0.0,0.0,0.0,0.0,0.0,0.0
1987-06-07,0.0,0.0,0.0,0.0,0.0,0.0
1987-06-08,0.0,0.0,0.0,0.0,0.0,0.0
1987-06-09,0.0,0.0,0.0,0.0,0.0,0.0
1987-06-10,0.0,0.0,0.0,0.0,0.0,0.0
1987-06-11,0.0,0.0,0.0,0.0,0.0,0.0
1987-06-12,0.0,0.0,0.0,0.0,0.0,0.0
1987-06-13,0.0,0.0,0.0,0.0,0.0,0.0
1987-06-14,0.0,0.0,0.0,0.0,0.0,0.0
1987-06-15,0.0,0.0,0.0,0.0,0.0,0.0
1987-06-16,0.0,0.0,0.0,0.0,0.0,0.0
1987-06-17,0.0,0.0,0.0,0.0,0.0,0.0
1987-06-18,0.0,0.010000000009313226,0.0,0.0,-0.010000000009313226,0.0
1987-06-19,0.0,0.0,0.0,0.0,0.0,0.0
1987-06-20,0.0,0.0,0.0,0.0,0.0,0.0
1987-06-21,0.0,0.0,0.0,0.0,0.0,0.0
1987-06-22,0.0,0.0,0.0,0.0,0.0,0.0
1987-06-23,0.0,-0.00999999999476131,0.0,0.0,0.00999999999476131,0.0
1987-06-24,0.0,0.00999999999476131,0.0,0.0,-0.00999999999476131,0.0
1987-06-25,0.0,0.0,0.0,0.0,0.0,0.0
1987-06-26,0.0,0.0,0.0,0.0,0.0,0.0
1987-06-27,0.0,0.0,0.0,0.0,0.0,0.0
1987-06-28,0.0,0.0,0.0,0.0,0.0,0.0
1987-06-29,0.0,-0.01999999999679858,0.0,0.0,0.01999999999679858,0.0
1987-06-30,0.0,0.0,0.0,0.0,0.0,0.0
1987-07-01,0.0,0.0,0.0,0.0,0.0,0.0
1987-07-02,0.0,0.0,0.0,0.0,0.0,0.0
1987-07-03,0.0,0.0,0.0,0.0,0.0,0.0
1987-07-04,0.0,0.0,0.0,0.0,0.0,0.0
1987-07-05,0.0,0.0,0.0,0.0,0.0,0.0
1987-07-06,0.0,0.0,0.0,0.0,0.0,0.0
1987-07-07,0.0,0.0,0.0,0.0,0.0,0.0
1987-07-08,0.0,0.0,0.0,0.0,0.0,0.0
1987-07-09,0.0,0.0,0.0,0.0,0.0,0.0
1987-07-10,0.0,0.0,0.0,0.0,0.0,0.0
1987-07-11,0.0,0.0,0.0,0.0,0.0,0.0
1987-07-12,0.0,0.0,0.0,0.0,0.0,0.0
1987-07-13,0.0,0.0,0.0,0.0,0.0,0.0
1987-07-14,0.0,0.0,0.0,0.0,0.0,0.0
1987-07-15,0.0,0.0,0.0,0.0,0.0,0.0
1987-07-16,0.0,0.0,0.0,0.0,0.0,0.0
1987-07-17,0.0,0.0,0.0,0.0,0.0,0.0
1987-07-18,0.0,0.0,0.0,0.0,0.0,0.0
1987-07-19,0.0,0.0,0.0,0.0,0.0,0.0
1987-07-20,0.0,0.0,0.0,0.0,0.0,0.0
1987-07-21,0.0,0.0,0.0,0.0,0.0,0.0
1987-07-22,0.0,0.0,0.0,0.0,0.0,0.0
1987-07-23,0.0,0.0,0.0,0.0,0.0,0.0
1987-07-24,0.0,0.0,0.0,0.0,0.0,0.0
1987-07-25,0.0,0.0,0.0,0.0,0.0,0.0
1987-07-26,0.0,0.0,0.0,0.0,0.0,0.0
1987-07-27,0.0,0.0,0.0,0.0,0.0,0.0
1987-07-28,0.0,0.0,0.0,0.0,0.0,0.0
1987-07-29,0.0,0.0,0.0,0.0,0.0,0.0
1987-07-30,0.0,0.0,0.0,0.0,0.0,0.0
1987-07-31,0.0,0.0,0.0,0.0,0.0,0.0
1987-08-01,0.0,0.0,0.0,0.0,0.0,0.0
1987-08-02,0.0,0.0,0.0,0.0,0.0,0.0
1987-08-03,0.0,0.0,0.0,0.0,0.0,0.0
1987-08-04,0.0,0.0,0.0,0.0,0.0,0.0
1987-08-05,0.0,0.0,0.0,0.0,0.0,0.0
1987-08-06,0.0,0.0,0.0,0.0,0.0,0.0
1987-08-07,0.0,0.0,0.0,0.0,0.0,0.0
1987-08-08,0.0,0.0,0.0,0.0,0.0,0.0
1987-08-09,0.0,0.0,0.0,0.0,0.0,0.0
1987-08-10,0.0,0.0,0.0,0.0,0.0,0.0
1987-08-11,0.0,0.0,0.0,0.0,0.0,0.0
1987-08-12,0.0,0.0,0.0,0.0,0.0,0.0
1987-08-13,0.0,0.0,0.0,0.0,0.0,0.0
1987-08-14,0.0,0.0,0.0,0.0,0.0,0.0
1987-08-15,0.0,0.0,0.0,0.0,0.0,0.0
1987-08-16,0.0,0.0,0.0,0.0,0.0,0.0
1987-08-17,0.0,0.0,0.0,0.0,0.0,0.0
1987-08-18,0.0,0.0,0.0,0.0,0.0,0.0
1987-08-19,0.0,0.0,0.0,0.0,0.0,0.0
1987-08-20,0.0,0.0,0.0,0.0,0.0,0.0
1987-08-21,0.0,0.0,0.0,0.0,0.0,0.0
1987-08-22,0.0,0.0,0.0,0.0,0.0,0.0
1987-08-23,0.0,0.0,0.0,0.0,0.0,0.0
1987-08-24,0.0,0.0,0.0,0.0,0.0,0.0
1987-08-25,0.0,0.0,0.0,0.0,0.0,0.0
1987-08-26,0.0,0.0,0.0,0.0,0.0,0.0
1987-08-27,0.0,0.0,0.0,0.0,0.0,0.0
1987-08-28,0.0,0.0,0.0,0.0,0.0,0.0
1987-08-29,0.0,0.0,0.0,0.0,0.0,0.0
1987-08-30,0.0,0.0,0.0,0.0,0.0,0.0
1987-08-31,0.0,0.0,0.0,0.0,0.0,0.0
1987-09-01,0.0,0.0,0.0,0.0,0.0,0.0
1987-09-02,0.0,0.0,0.0,0.0,0.0,0.0
1987-09-03,0.0,0.0,0.0,0.0,0.0,0.0
1987-09-04,0.0,0.0,0.0,0.0,0.0,0.0
1987-09-05,0.0,0.0,0.0,0.0,0.0,0.0
1987-09-06,0.0,0.0,0.0,0.0,0.0,0.0
1987-09-07,0.0,0.0,0.0,0.0,0.0,0.0
1987-09-08,0.0,0.0,0.0,0.0,0.0,0.0
1987-09-09,0.0,0.0,0.0,0.0,0.0,0.0
1987-09-10,0.0,0.0,0.0,0.0,0.0,0.0
1987-09-11,0.0,0.0,0.0,0.0,0.0,0.0
1987-09-12,0.0,0.0,0.0,0.0,0.0,0.0
1987-09-13,0.0,0.0,0.0,0.0,0.0,0.0
1987-09-14,0.0,0.0,0.0,0.0,0.0,0.0
1987-09-15,0.0,0.0,0.0,0.0,0.0,0.0
1987-09-16,0.0,0.0,0.0,0.0,0.0,0.0
1987-09-17,0.0,0.0,0.0,0.0,0.0,0.0
1987-09-18,0.0,0.0,0.0,0.0,0.0,0.0
1987-09-19,0.0,0.0,0.0,0.0,0.0,0.0
1987-09-20,0.0,0.0,0.0,0.0,0.0,0.0
1987-09-21,0.0,0.0,0.0,0.0,0.0,0.0
1987-09-22,0.0,0.0,0.0,0.0,0.0,0.0
1987-09-23,0.0,0.0,0.0,0.0,0.0,0.0
1987-09-24,0.0,0.0,0.0,0.0,0.0,0.0
1987-09-25,0.0,0.0,0.0,0.0,0.0,0.0
1987-09-26,0.0,0.0,0.0,0.0,0.0,0.0
1987-09-27,0.0,0.0,0.0,0.0,0.0,0.0
1987-09-28,0.0,0.0,0.0,0.0,0.0,0.0
1987-09-29,0.0,0.0,0.0,0.0,0.0,0.0
1987-09-30,0.0,0.0,0.0,0.0,0.0,0.0
1987-10-01,0.0,0.0,0.0,0.0,0.0,0.0
1987-10-02,0.0,0.0,0.0,0.0,0.0,0.0
1987-10-03,0.0,0.0,0.0,0.0,0.0,0.0
1987-10-04,0.0,0.0,0.0,0.0,0.0,0.0
1987-10-05,0.0,0.0,0.0,0.0,0.0,0.0
1987-10-06,0.0,0.0,0.0,0.0,0.0,0.0
1987-10-07,0.0,0.0,0.0,0.0,0.0,0.0
1987-10-08,0.0,0.0,0.0,0.0,0.0,0.0
1987-10-09,0.0,0.0,0.0,0.0,0.0,0.0
1987-10-10,0.0,0.0,0.0,0.0,0.0,0.0
1987-10-11,0.0,0.0,0.0,0.0,0.0,0.0
1987-10-12,0.0,0.0,0.0,0.0,0.0,0.0
1987-10-13,0.0,0.0,0.0,0.0,0.0,0.0
1987-10-14,0.0,0.0,0.0,0.0,0.0,0.0
1987-10-15,0.0,0.0,0.0,0.0,0.0,0.0
1987-10-16,0.0,0.0,0.0,0.0,0.0,0.0
1987-10-17,0.0,0.0,0.0,0.0,0.0,0.0
1987-10-18,0.0,0.0,0.0,0.0,0.0,0.0
1987-10-19,0.0,0.0,0.0,0.0,0.0,0.0
1987-10-20,0.0,0.0,0.0,0.0,0.0,0.0
1987-10-21,0.0,0.0,0.0,0.0,0.0,0.0
1987-10-22,0.0,0.0,0.0,0.0,0.0,0.0
1987-10-23,0.0,0.0,0.0,0.0,0.0,0.0
1987-10-24,0.0,0.0,0.0,0.0,0.0,0.0
1987-10-25,0.0,0.0,0.0,0.0,0.0,0.0
1987-10-26,0.0,0.0,0.0,0.0,0.0,0.0
1987-10-27,0.0,0.0,0.0,0.0,0.0,0.0
1987-10-28,0.0,0.0,0.0,0.0,0.0,0.0
1987-10-29,0.0,0.0,0.0,0.0,0.0,0.0
1987-10-30,0.0,0.0,0.0,0.0,0.0,0.0
1987-10-31,0.0,0.0,0.0,0.0,0.0,0.0
1987-11-01,0.0,0.0,0.0,0.0,0.0,0.0
1987-11-02,0.0,0.0,0.0,0.0,0.0,0.0
1987-11-03,0.0,0.0,0.0,0.0,0.0,0.0
1987-11-04,0.0,0.0,0.0,0.0,0.0,0.0
1987-11-05,0.0,0.0,0.0,0.0,0.0,0.0
1987-11-06,0.0,0.0,0.0,0.0,0.0,0.0
1987-11-07,0.0,0.0,0.0,0.0,0.0,0.0
1987-11-08,0.0,0.0,0.0,0.0,0.0,0.0
1987-11-09,0.0,0.0,0.0,0.0,0.0,0.0
1987-11-10,0.0,0.0,0.0,0.0,0.0,0.0
1987-11-11,0.0,0.0,0.0,0.0,0.0,0.0
1987-11-12,0.0,0.0,0.0,0.0,0.0,0.0
1987-11-13,0.0,1.4699999999720603,-651.6000000000931,-0.020000000000000462,-653.0700000000652,-20.0
1987-11-14,0.0,-1.3999999999978172,2.999999999996362,-0.0010000000000000009,4.399999999994179,0.0
1987-11-15,0.0,0.0,0.0,0.0,0.0,0.0
1987-11-16,0.0,0.0,0.0,0.0,0.0,0.0
1987-11-17,0.0,0.0,0.0,0.0,0.0,0.0
1987-11-18,0.0,0.0,0.0,0.0,0.0,0.0
1987-11-19,0.0,0.0,0.0,0.0,0.0,0.0
1987-11-20,0.0,0.0,0.0,0.0,0.0,0.0
1987-11-21,0.0,0.0,0.0,0.0,0.0,0.0
1987-11-22,0.0,0.010000000000218279,0.0,0.0,-0.010000000000218279,0.0
1987-11-23,0.0,0.0,-0.5999999999985448,0.0,-0.5999999999985448,10.0
1987-11-24,0.0,-0.010000000002037268,0.0,0.0,0.010000000002037268,0.0
1987-11-25,0.0,0.0,0.0,0.0,0.0,0.0
1987-11-26,0.0,0.0,0.0,0.0,0.0,0.0
1987-11-27,0.0,0.0,0.0,0.0,0.0,0.0
1987-11-28,0.0,0.0,0.0,0.0,0.0,0.0
1987-11-29,0.0,0.0,0.0,0.0,0.0,0.0
1987-11-30,0.0,0.0,0.0,0.0,0.0,0.0
1987-12-01,0.0,4.75,-282.5999999999767,0.0,-287.3499999999767,10.0
1987-12-02,0.0,7.5,-816.0,0.0,-823.5,20.0
1987-12-03,0.0,1.4300000000512227,-1103.9999999997672,0.0,-1105.4299999998184,20.0
1987-12-04,0.0,-13.25,1.7999999999883585,0.0,15.049999999988358,0.0
1987-12-05,0.0,0.0,0.0,0.0,0.0,0.0
1987-12-06,0.0,0.0,0.0,0.0,0.0,0.0
1987-12-07,0.0,0.0,0.0,0.0,0.0,0.0
1987-12-08,0.0,0.0,0.0,0.0,0.0,0.0
1987-12-09,0.0,18.0,-2226.0,0.0,-2244.0,80.0
1987-12-10,0.0,-18.44000000000233,-126.0000000000291,-0.010000000000000675,-107.56000000002678,0.0
1987-12-11,0.0,0.020000000004074536,-5.999999999985448,0.0,-6.019999999989523,0.0
1987-12-12,0.0,0.0,0.0,0.0,0.0,0.0
1987-12-13,0.0,0.0,0.0,0.0,0.0,0.0
1987-12-14,0.0,0.0,0.0,0.0,0.0,0.0
1987-12-15,0.0,0.0,0.0,0.0,0.0,0.0
1987-12-16,0.0,0.0,0.0,0.0,0.0,0.0
1987-12-17,0.0,0.0,0.0,0.0,0.0,0.0
1987-12-18,0.0,0.0,0.0,0.0,0.0,0.0
1987-12-19,0.0,0.0,0.0,0.0,0.0,0.0
1987-12-20,0.0,0.0,0.0,0.0,0.0,0.0
1987-12-21,0.0,0.0,0.0,0.0,0.0,0.0
1987-12-22,0.0,0.0,0.0,0.0,0.0,0.0
1987-12-23,0.0,0.0,0.0,0.0,0.0,0.0
1987-12-24,0.0,0.0,0.0,0.0,0.0,0.0
1987-12-25,0.0,0.0,0.0,0.0,0.0,0.0
1987-12-26,0.0,0.0,0.0,0.0,0.0,0.0
1987-12-27,0.0,0.0,0.0,0.0,0.0,0.0
1987-12-28,0.0,0.00999999999476131,0.0,0.0,-0.00999999999476131,0.0
1987-12-29,0.0,0.0,0.0,0.0,0.0,0.0
1987-12-30,0.0,0.0,0.0,0.0,0.0,0.0
1987-12-31,0.0,0.0,-5.999999999985448,0.0,-5.999999999985448,0.0
1988-01-01,0.0,0.0,0.0,0.0,0.0,0.0
1988-01-02,0.0,0.0,0.0,0.0,0.0,0.0
1988-01-03,0.0,0.0,0.0,0.0,0.0,0.0
1988-01-04,0.0,0.0,0.0,0.0,0.0,0.0
1988-01-05,0.0,0.00999999999476131,0.0,0.0,-0.00999999999476131,0.0
1988-01-06,0.0,-0.010000000009313226,0.0,0.0,0.010000000009313226,0.0
1988-01-07,0.0,0.0,0.0,0.0,0.0,0.0
1988-01-08,0.0,0.0,-29.999999999985448,0.0,-29.999999999985448,30.0
1988-01-09,0.0,0.0,0.0,0.0,0.0,0.0
1988-01-10,0.0,-0.04000000000814907,0.0,0.0,0.04000000000814907,0.0
1988-01-11,0.0,0.0,-6.0,0.0,-6.0,0.0
1988-01-12,0.0,0.0,-5.999999999985448,0.0,-5.999999999985448,0.0
1988-01-13,0.0,0.07000000000698492,-6.0,0.0,-6.070000000006985,0.0
1988-01-14,0.0,23.43999999994412,-528.0,0.0,-551.4399999999441,80.0
1988-01-15,0.0,-23.839999999996508,-36.0,0.0,-12.160000000003492,0.0
1988-01-16,0.0,0.0,0.0,0.0,0.0,0.0
1988-01-17,0.0,0.0,-6.0,0.0,-6.0,0.0
1988-01-18,0.0,0.0,0.0,0.0,0.0,0.0
1988-01-19,0.0,0.0,-5.999999999985448,0.0,-5.999999999985448,10.0
1988-01-20,0.0,0.0500000000174623,0.0,0.0,-0.0500000000174623,0.0
1988-01-21,0.0,0.010000000009313226,0.0,0.0,-0.010000000009313226,0.0
1988-01-22,0.0,0.0,0.0,0.0,0.0,0.0
1988-01-23,0.0,0.0,0.0,0.0,0.0,0.0
1988-01-24,0.0,0.0,0.0,0.0,0.0,0.0
1988-01-25,0.0,0.0,0.0,0.0,0.0,0.0
1988-01-26,0.0,0.0,0.0,0.0,0.0,0.0
1988-01-27,0.0,0.3299999999871943,0.0,0.0,-0.3299999999871943,0.0
1988-01-28,0.0,0.7799999999988358,-6.0,0.0,-6.779999999998836,10.0
1988-01-29,0.0,-0.4400000000023283,0.0,0.0,0.4400000000023283,0.0
1988-01-30,0.0,-0.5699999999778811,-6.0,0.0,-5.430000000022119,0.0
1988-01-31,0.0,0.0,0.0,0.0,0.0,0.0
1988-02-01,0.0,0.029999999998835847,0.0,0.0,-0.029999999998835847,0.0
1988-02-02,0.0,0.0,0.0,0.0,0.0,0.0
1988-02-03,0.0,0.0,0.0,0.0,0.0,0.0
1988-02-04,0.0,0.029999999998835847,-6.000000000029104,0.0,-6.03000000002794,0.0
1988-02-05,0.0,0.0,0.0,0.0,0.0,0.0
1988-02-06,0.0,0.0,0.0,0.0,0.0,0.0
1988-02-07,0.0,0.4699999999720603,-6.0,0.0,-6.46999999997206,10.0
1988-02-08,0.0,19.34000000002561,-215.9999999999418,-0.010000000000000231,-235.3399999999674,-90.0
1988-02-09,0.0,19.87999999988824,-870.0,-0.019999999999999574,-889.8799999998882,-10.0
1988-02-10,0.0,-33.9199999999837,-54.000000000029104,0.0,-20.080000000045402,0.0
1988-02-11,0.0,-5.720000000001164,-24.0,0.0,-18.279999999998836,0.0
1988-02-12,0.0,0.12000000002444722,-24.000000000029104,0.0,-24.12000000005355,0.0
1988-02-13,0.0,-0.08000000001629815,-29.999999999970896,0.0,-29.919999999954598,10.0
1988-02-14,0.0,0.0,-41.999999999970896,0.0,-41.999999999970896,30.0
1988-02-15,0.0,0.029999999998835847,-120.0000000000291,0.0,-120.03000000002794,30.0
1988-02-16,0.0,0.0,-72.0,0.0,-72.0,40.0
1988-02-17,0.0,0.0,-90.0000000000291,0.0,-90.0000000000291,20.0
1988-02-18,0.0,0.0,-18.0,0.0,-18.0,20.0
1988-02-19,0.0,0.04999999998835847,-6.0,0.0,-6.0499999999883585,0.0
1988-02-20,0.0,3.0799999999871943,-36.0,0.0,-39.079999999987194,10.0
1988-02-21,0.0,-2.570000000006985,-60.000000000029104,0.0,-57.43000000002212,0.0
1988-02-22,0.0,-0.33999999999650754,-6.0,0.0,-5.6600000000034925,0.0
1988-02-23,0.0,0.04999999998835847,-6.0,0.0,-6.0499999999883585,0.0
1988-02-24,0.0,0.0,-18.0,0.0,-18.0,10.0
1988-02-25,0.0,0.15000000002328306,-6.0,0.0,-6.150000000023283,10.0
1988-02-26,0.0,2.85999999998603,-6.0,0.0,-8.85999999998603,0.0
1988-02-27,0.0,0.5,-30.000000000058208,0.0,-30.500000000058208,30.0
1988-02-28,0.0,-2.5799999999871943,-12.000000000029104,0.0,-9.42000000004191,20.0
1988-02-29,0.0,3.720000000001164,-36.0,0.0,-39.720000000001164,0.0
1988-03-01,0.0,-2.64000000001397,-60.000000000029104,0.0,-57.360000000015134,10.0
1988-03-02,0.0,-1.8000000000174623,-42.000000000029104,-0.009999999999999787,-40.20000000001164,-280.0
1988-03-03,0.0,-0.09999999997671694,-12.000000000029104,0.0,-11.900000000052387,0.0
1988-03-04,0.0,1.1200000000244472,-72.00000000005821,0.0,-73.12000000008265,20.0
1988-03-05,0.0,-1.1699999999837019,-48.0,0.0,-46.8300000000163,20.0
1988-03-06,0.0,0.0,-78.00000000005821,-0.009999999999999787,-78.00000000005821,-120.0
1988-03-07,0.0,-0.029999999998835847,-30.0,0.0,-29.970000000001164,10.0
1988-03-08,0.0,4.6600000000034925,-113.9999999999709,0.0,-118.65999999997439,60.0
1988-03-09,0.0,-4.690000000002328,-192.0000000000291,-0.010000000000000231,-187.31000000002678,-50.0
1988-03-10,0.0,0.0,-24.0,0.0,-24.0,0.0
1988-03-11,0.0,0.0,-18.000000000029104,-0.009999999999999787,-18.000000000029104,-20.0
1988-03-12,0.0,0.0,-30.000000000058208,0.0,-30.000000000058208,0.0
1988-03-13,0.0,0.0,-5.999999999970896,0.0,-5.999999999970896,0.0
1988-03-14,0.0,0.0,-6.0,0.0,-6.0,0.0
1988-03-15,0.0,0.0,0.0,0.0,0.0,0.0
1988-03-16,0.0,0.0,0.0,0.0,0.0,0.0
1988-03-17,0.0,-0.0500000000174623,-6.000000000029104,0.0,-5.9500000000116415,0.0
1988-03-18,0.0,0.0,0.0,0.0,0.0,0.0
1988-03-19,0.0,0.47000000000116415,-5.999999999970896,0.0,-6.46999999997206,0.0
1988-03-20,0.0,-0.0500000000174623,0.0,0.0,0.0500000000174623,0.0
1988-03-21,0.0,-0.29999999998835847,-12.0,0.0,-11.700000000011642,10.0
1988-03-22,0.0,0.059999999997671694,-30.0,0.0,-30.05999999999767,10.0
1988-03-23,0.0,0.11000000001513399,-234.0,-0.009999999999999787,-234.11000000001513,-10.0
1988-03-24,0.0,-0.3699999999953434,-1068.0000000000582,-0.030000000000001137,-1067.6300000000629,10.0
1988-03-25,0.0,10.349999999976717,-840.0,-0.019999999999999574,-850.3499999999767,0.0
1988-03-26,0.0,-9.970000000030268,-618.0,-0.019999999999999574,-608.0299999999697,0.0
1988-03-27,0.0,0.08999999999650754,-101.9999999999709,-0.009999999999999787,-102.0899999999674,-50.0
1988-03-28,0.0,0.0,-113.99999999994179,0.0,-113.99999999994179,30.0
1988-03-29,0.0,0.0,-636.0,-0.02999999999999936,-636.0,-10.0
1988-03-30,0.0,0.0,-60.000000000029104,0.0,-60.000000000029104,10.0
1988-03-31,0.0,0.0,-60.000000000029104,0.0,-60.000000000029104,10.0
1988-04-01,0.0,0.0,-180.0,0.0,-180.0,0.0
1988-04-02,0.0,0.31999999994877726,-618.0,-0.020000000000000462,-618.3199999999488,0.0
1988-04-03,0.0,-0.360000000015134,-288.0,-0.010000000000000231,-287.63999999998487,0.0
1988-04-04,0.0,0.0,-162.0,0.0,-162.0,20.0
1988-04-05,0.0,0.0,-312.0000000000291,-0.009999999999999787,-312.0000000000291,0.0
1988-04-06,0.0,0.35999999998603016,-300.0000000000291,-0.010000000000000231,-300.36000000001513,0.0
1988-04-07,0.0,-0.3299999999871943,-36.000000000029104,0.0,-35.67000000004191,0.0
1988-04-08,0.0,0.0,-36.0,0.0,-36.0,0.0
1988-04-09,0.0,0.0,-11.999999999970896,0.0,-11.999999999970896,0.0
1988-04-10,0.0,0.059999999997671694,-6.0,0.0,-6.059999999997672,0.0
1988-04-11,0.0,0.0,-6.000000000029104,0.0,-6.000000000029104,0.0
1988-04-12,0.0,0.0,0.0,0.0,0.0,0.0
1988-04-13,0.0,0.0,-6.0,0.0,-6.0,0.0
1988-04-14,0.0,0.0,0.0,0.0,0.0,0.0
1988-04-15,0.0,0.0,0.0,0.0,0.0,0.0
1988-04-16,0.0,0.0,0.0,0.0,0.0,0.0
1988-04-17,0.0,-0.010000000009313226,0.0,0.0,0.010000000009313226,0.0
1988-04-18,0.0,0.010000000009313226,0.0,0.0,-0.010000000009313226,0.0
1988-04-19,0.0,0.0,0.0,0.0,0.0,0.0
1988-04-20,0.0,0.0,-24.0,0.0,-24.0,0.0
1988-04-21,0.0,0.0,-366.0,-0.009999999999999787,-366.0,0.0
1988-04-22,0.0,0.0,-24.000000000058208,0.0,-24.000000000058208,10.0
1988-04-23,0.0,0.07000000000698492,-60.0,0.0,-60.070000000006985,20.0
1988-04-24,0.0,-0.07999999998719431,-17.999999999970896,0.0,-17.919999999983702,20.0
1988-04-25,0.0,0.0,0.0,0.0,0.0,0.0
1988-04-26,0.0,0.0,0.0,0.0,0.0,0.0
1988-04-27,0.0,0.029999999998835847,0.0,0.0,-0.029999999998835847,0.0
1988-04-28,0.0,0.07999999998719431,-173.9999999999709,0.0,-174.0799999999581,30.0
1988-04-29,0.0,0.0,-263.9999999999709,-0.009999999999999787,-263.9999999999709,0.0
1988-04-30,0.0,0.0,-126.0,-0.010000000000000231,-126.0,-10.0
1988-05-01,0.0,0.059999999997671694,-192.0,-0.010000000000000231,-192.05999999999767,-10.0
1988-05-02,0.0,0.22000000000116415,-372.0,-0.010000000000000231,-372.22000000000116,0.0
1988-05-03,0.0,-0.3799999999755528,-96.0000000000291,-0.010000000000000231,-95.62000000005355,-20.0
1988-05-04,0.0,0.0,-54.000000000029104,0.0,-54.000000000029104,50.0
1988-05-05,0.0,0.0,-24.0,0.0,-24.0,10.0
1988-05-06,0.0,-0.059999999997671694,-24.000000000029104,0.0,-23.940000000031432,30.0
1988-05-07,0.0,-0.060000000026775524,-6.0,0.0,-5.9399999999732245,0.0
1988-05-08,0.0,0.0,0.0,0.0,0.0,0.0
1988-05-09,0.0,0.0,0.0,0.0,0.0,0.0
1988-05-10,0.0,0.0,-6.000000000029104,0.0,-6.000000000029104,0.0
1988-05-11,0.0,0.0,0.0,0.0,0.0,0.0
1988-05-12,0.0,0.0,0.0,0.0,0.0,0.0
1988-05-13,0.0,-0.04999999998835847,-54.0,0.0,-53.95000000001164,10.0
1988-05-14,0.0,0.04999999998835847,0.0,0.0,-0.04999999998835847,0.0
1988-05-15,0.0,0.0,0.0,0.0,0.0,0.0
1988-05-16,0.0,0.0,-30.0,0.0,-30.0,10.0
1988-05-17,0.0,0.0,-35.999999999970896,-0.009999999999999787,-35.999999999970896,-50.0
1988-05-18,0.0,0.029999999998835847,-6.0,0.0,-6.029999999998836,10.0
1988-05-19,0.0,-0.010000000009313226,0.0,0.0,0.010000000009313226,0.0
1988-05-20,0.0,0.0,0.0,0.0,0.0,0.0
1988-05-21,0.0,-0.01999999998952262,0.0,0.0,0.01999999998952262,0.0
1988-05-22,0.0,0.0500000000174623,0.0,0.0,-0.0500000000174623,0.0
1988-05-23,0.0,0.010000000009313226,0.0,0.0,-0.010000000009313226,0.0
1988-05-24,0.0,0.0,-5.999999999970896,0.0,-5.999999999970896,0.0
1988-05-25,0.0,0.0,0.0,0.0,0.0,0.0
1988-05-26,0.0,0.0,0.0,0.0,0.0,0.0
1988-05-27,0.0,0.0,-6.0,0.0,-6.0,0.0
1988-05-28,0.0,0.0,-42.0,-0.010000000000000009,-42.0,-30.0
1988-05-29,0.0,0.0,-48.000000000029104,0.0,-48.000000000029104,0.0
1988-05-30,0.0,0.030000000027939677,-11.999999999970896,0.0,-12.029999999998836,10.0
1988-05-31,0.0,0.029999999998835847,-348.0000000000291,-0.020000000000000018,-348.03000000002794,-10.0
1988-06-01,0.0,0.0,-228.0,-0.009999999999999787,-228.0,-10.0
1988-06-02,0.0,0.0,-258.0,-0.010000000000000231,-258.0,0.0
1988-06-03,0.0,0.04999999998835847,-156.0,-0.010000000000000231,-156.04999999998836,-10.0
1988-06-04,0.0,0.0,-96.0000000000291,-0.009999999999999787,-96.0000000000291,-20.0
1988-06-05,0.0,-0.030000000027939677,-42.0,0.0,-41.96999999997206,0.0
1988-06-06,0.0,0.0,-23.999999999970896,0.0,-23.999999999970896,0.0
1988-06-07,0.0,0.0,-29.999999999970896,-0.010000000000000009,-29.999999999970896,-60.0
1988-06-08,0.0,0.0,-48.000000000029104,-0.010000000000000009,-48.000000000029104,-30.0
1988-06-09,0.0,0.0,-6.0,0.0,-6.0,10.0
1988-06-10,0.0,0.0,0.0,0.0,0.0,0.0
1988-06-11,0.0,0.0,0.0,0.0,0.0,0.0
1988-06-12,0.0,0.0,0.0,0.0,0.0,0.0
1988-06-13,0.0,0.0,0.0,0.0,0.0,0.0
1988-06-14,0.0,0.0,0.0,0.0,0.0,0.0
1988-06-15,0.0,0.0,0.0,0.0,0.0,0.0
1988-06-16,0.0,0.0,0.0,0.0,0.0,0.0
1988-06-17,0.0,0.0,0.0,0.0,0.0,0.0
1988-06-18,0.0,0.0,0.0,0.0,0.0,0.0
1988-06-19,0.0,0.0,0.0,0.0,0.0,0.0
1988-06-20,0.0,0.0,0.0,0.0,0.0,0.0
1988-06-21,0.0,0.0,0.0,0.0,0.0,0.0
1988-06-22,0.0,0.0,0.0,0.0,0.0,0.0
1988-06-23,0.0,0.0,0.0,0.0,0.0,0.0
1988-06-24,0.0,0.0,0.0,0.0,0.0,0.0
1988-06-25,0.0,0.0,0.0,0.0,0.0,0.0
1988-06-26,0.0,-0.03999999999359716,0.0,0.0,0.03999999999359716,0.0
1988-06-27,0.0,0.0,0.0,0.0,0.0,0.0
1988-06-28,0.0,0.0,0.0,0.0,0.0,0.0
1988-06-29,0.0,0.0,0.0,0.0,0.0,0.0
1988-06-30,0.0,0.0,0.0,0.0,0.0,0.0
1988-07-01,0.0,0.0,0.0,0.0,0.0,0.0
1988-07-02,0.0,0.0,0.0,0.0,0.0,0.0
1988-07-03,0.0,0.0,0.0,0.0,0.0,0.0
1988-07-04,0.0,0.0,0.0,0.0,0.0,0.0
1988-07-05,0.0,0.0,0.0,0.0,0.0,0.0
1988-07-06,0.0,0.0,0.0,0.0,0.0,0.0
1988-07-07,0.0,0.0,0.0,0.0,0.0,0.0
1988-07-08,0.0,0.0,0.0,0.0,0.0,0.0
1988-07-09,0.0,0.0,0.0,0.0,0.0,0.0
1988-07-10,0.0,0.0,0.0,0.0,0.0,0.0
1988-07-11,0.0,0.0,0.0,0.0,0.0,0.0
1988-07-12,0.0,0.0,0.0,0.0,0.0,0.0
1988-07-13,0.0,0.0,0.0,0.0,0.0,0.0
1988-07-14,0.0,0.0,0.0,0.0,0.0,0.0
1988-07-15,0.0,0.0,0.0,0.0,0.0,0.0
1988-07-16,0.0,0.0,0.0,0.0,0.0,0.0
1988-07-17,0.0,0.0,0.0,0.0,0.0,0.0
1988-07-18,0.0,0.0,0.0,0.0,0.0,0.0
1988-07-19,0.0,0.0,0.0,0.0,0.0,0.0
1988-07-20,0.0,0.0,0.0,0.0,0.0,0.0
1988-07-21,0.0,0.0,0.0,0.0,0.0,0.0
1988-07-22,0.0,0.0,0.5999999999912689,0.0,0.5999999999912689,0.0
1988-07-23,0.0,0.0,0.0,0.0,0.0,0.0
1988-07-24,0.0,0.0,0.0,0.0,0.0,0.0
1988-07-25,0.0,0.0,0.0,0.0,0.0,0.0
1988-07-26,0.0,0.0,0.0,0.0,0.0,0.0
1988-07-27,0.0,-0.00999999999476131,0.0,0.0,0.00999999999476131,0.0
1988-07-28,0.0,0.00999999999476131,0.0,0.0,-0.00999999999476131,0.0
1988-07-29,0.0,-0.00999999999476131,0.0,0.0,0.00999999999476131,0.0
1988-07-30,0.0,0.00999999999476131,0.0,0.0,-0.00999999999476131,0.0
1988-07-31,0.0,0.0,0.6000000000058208,0.0,0.6000000000058208,0.0
1988-08-01,0.0,0.0,0.0,0.0,0.0,0.0
1988-08-02,0.0,0.0,0.0,0.0,0.0,0.0
1988-08-03,0.0,0.0,0.0,0.0,0.0,0.0
1988-08-04,0.0,0.0,0.0,0.0,0.0,0.0
1988-08-05,0.0,0.0,0.0,0.0,0.0,0.0
1988-08-06,0.0,0.010000000002037268,0.0,0.0,-0.010000000002037268,0.0
1988-08-07,0.0,0.0,0.0,0.0,0.0,0.0
1988-08-08,0.0,0.0,0.0,0.0,0.0,0.0
1988-08-09,0.0,0.0,0.0,0.0,0.0,0.0
1988-08-10,0.0,0.0,0.0,0.0,0.0,0.0
1988-08-11,0.0,0.0,0.0,0.0,0.0,0.0
1988-08-12,0.0,0.0,0.0,0.0,0.0,0.0
1988-08-13,0.0,0.0,0.0,0.0,0.0,0.0
1988-08-14,0.0,0.0,0.0,0.0,0.0,0.0
1988-08-15,0.0,0.0,0.0,0.0,0.0,0.0
1988-08-16,0.0,0.0,0.0,0.0,0.0,0.0
1988-08-17,0.0,0.0,0.0,0.0,0.0,0.0
1988-08-18,0.0,0.0,0.0,0.0,0.0,0.0
1988-08-19,0.0,0.0,0.0,0.0,0.0,0.0
1988-08-20,0.0,0.0,0.0,0.0,0.0,0.0
1988-08-21,0.0,0.0,0.0,0.0,0.0,0.0
1988-08-22,0.0,0.0,0.0,0.0,0.0,0.0
1988-08-23,0.0,0.0,0.0,0.0,0.0,0.0
1988-08-24,0.0,0.0,0.0,0.0,0.0,0.0
1988-08-25,0.0,0.0,0.0,0.0,0.0,0.0
1988-08-26,0.0,0.0,0.0,0.0,0.0,0.0
1988-08-27,0.0,0.0,0.0,0.0,0.0,0.0
1988-08-28,0.0,0.0,0.0,0.0,0.0,0.0
1988-08-29,0.0,0.0,0.0,0.0,0.0,0.0
1988-08-30,0.0,0.0,0.0,0.0,0.0,0.0
1988-08-31,0.0,0.0,0.0,0.0,0.0,0.0
1988-09-01,0.0,0.0,0.0,0.0,0.0,0.0
1988-09-02,0.0,0.0,0.0,0.0,0.0,0.0
1988-09-03,0.0,0.0,0.0,0.0,0.0,0.0
1988-09-04,0.0,0.0,0.0,0.0,0.0,0.0
1988-09-05,0.0,0.0,0.0,0.0,0.0,0.0
1988-09-06,0.0,0.0,0.0,0.0,0.0,0.0
1988-09-07,0.0,0.0,0.0,0.0,0.0,0.0
1988-09-08,0.0,0.0,0.0,0.0,0.0,0.0
1988-09-09,0.0,0.0,0.0,0.0,0.0,0.0
1988-09-10,0.0,0.0,0.0,0.0,0.0,0.0
1988-09-11,0.0,0.0,0.0,0.0,0.0,0.0
1988-09-12,0.0,0.0,0.0,0.0,0.0,0.0
1988-09-13,0.0,0.0,0.0,0.0,0.0,0.0
1988-09-14,0.0,0.0,0.0,0.0,0.0,0.0
1988-09-15,0.0,0.0,0.0,0.0,0.0,0.0
1988-09-16,0.0,0.0,0.0,0.0,0.0,0.0
1988-09-17,0.0,0.0,0.0,0.0,0.0,0.0
1988-09-18,0.0,0.0,0.0,0.0,0.0,0.0
1988-09-19,0.0,0.010000000002037268,-23.39999999999418,0.0,-23.409999999996217,0.0
1988-09-20,0.0,-0.020000000000436557,0.0,0.0,0.020000000000436557,0.0
1988-09-21,0.0,-0.010000000002037268,0.0,0.0,0.010000000002037268,0.0
1988-09-22,0.0,0.0,0.0,0.0,0.0,0.0
1988-09-23,0.0,0.0,0.0,0.0,0.0,0.0
1988-09-24,0.0,0.0,0.0,0.0,0.0,0.0
1988-09-25,0.0,0.0,0.0,0.0,0.0,0.0
1988-09-26,0.0,0.0,0.0,0.0,0.0,0.0
1988-09-27,0.0,0.0,0.6000000000021828,0.0,0.6000000000021828,0.0
1988-09-28,0.0,0.010000000002037268,0.0,0.0,-0.010000000002037268,0.0
1988-09-29,0.0,-0.00999999999839929,0.0,0.0,0.00999999999839929,0.0
1988-09-30,0.0,0.0,0.0,0.0,0.0,0.0
1988-10-01,0.0,0.0,0.0,0.0,0.0,0.0
1988-10-02,0.0,0.0,0.0,0.0,0.0,0.0
1988-10-03,0.0,0.0,0.0,0.0,0.0,0.0
1988-10-04,0.0,0.0,0.0,0.0,0.0,0.0
1988-10-05,0.0,0.0,0.0,0.0,0.0,0.0
1988-10-06,0.0,0.0,0.0,0.0,0.0,0.0
1988-10-07,0.0,0.0,0.0,0.0,0.0,0.0
1988-10-08,0.0,0.0,0.0,0.0,0.0,0.0
1988-10-09,0.0,0.0,0.0,0.0,0.0,0.0
1988-10-10,0.0,0.0,0.0,0.0,0.0,0.0
1988-10-11,0.0,0.0,0.0,0.0,0.0,0.0
1988-10-12,0.0,-0.010000000002037268,0.0,0.0,0.010000000002037268,0.0
1988-10-13,0.0,0.00999999999839929,0.0,0.0,-0.00999999999839929,0.0
1988-10-14,0.0,0.0,0.0,0.0,0.0,0.0
1988-10-15,0.0,0.0,0.0,0.0,0.0,0.0
1988-10-16,0.0,0.0,0.0,0.0,0.0,0.0
1988-10-17,0.0,0.0,0.0,0.0,0.0,0.0
1988-10-18,0.0,0.0,0.0,0.0,0.0,0.0
1988-10-19,0.0,0.0,0.0,0.0,0.0,0.0
1988-10-20,0.0,0.0,0.0,0.0,0.0,0.0
1988-10-21,0.0,0.0,0.0,0.0,0.0,0.0
1988-10-22,0.0,0.0,0.0,0.0,0.0,0.0
1988-10-23,0.0,0.0,0.0,0.0,0.0,0.0
1988-10-24,0.0,0.0,0.0,0.0,0.0,0.0
1988-10-25,0.0,0.0,0.0,0.0,0.0,0.0
1988-10-26,0.0,0.0,0.0,0.0,0.0,0.0
1988-10-27,0.0,0.0,0.0,0.0,0.0,0.0
1988-10-28,0.0,0.0,0.0,0.0,0.0,0.0
1988-10-29,0.0,0.0,0.0,0.0,0.0,0.0
1988-10-30,0.0,0.0,0.0,0.0,0.0,0.0
1988-10-31,0.0,0.0,0.0,0.0,0.0,0.0
1988-11-01,0.0,0.0,0.0,0.0,0.0,0.0
1988-11-02,0.0,0.0,0.0,0.0,0.0,0.0
1988-11-03,0.0,0.13999999999941792,-51.0,-0.0020000000000000018,-51.13999999999942,-10.0
1988-11-04,0.0,-0.13999999999941792,7.275957614183426e-12,0.0,0.14000000000669388,0.0
1988-11-05,0.0,0.0,-320.3999999999651,0.0,-320.3999999999651,30.0
1988-11-06,0.0,-0.029999999998835847,4.80000000000291,0.0,4.830000000001746,0.0
1988-11-07,0.0,0.0,0.0,0.0,0.0,0.0
1988-11-08,0.0,0.0,0.0,0.0,0.0,0.0
1988-11-09,0.0,0.0,0.0,0.0,0.0,0.0
1988-11-10,0.0,-0.010000000002037268,0.0,0.0,0.010000000002037268,0.0
1988-11-11,0.0,0.00999999999839929,0.0,0.0,-0.00999999999839929,0.0
1988-11-12,0.0,0.0,0.0,0.0,0.0,0.0
1988-11-13,0.0,0.0,0.0,0.0,0.0,0.0
1988-11-14,0.0,0.0,0.0,0.0,0.0,0.0
1988-11-15,0.0,0.0,-0.5999999999985448,0.0,-0.5999999999985448,0.0
1988-11-16,0.0,0.0,-9.0,0.0,-9.0,10.0
1988-11-17,0.0,0.01999999999679858,-11.400000000001455,0.0,-11.419999999998254,0.0
1988-11-18,0.0,0.0,-3.6000000000058208,-0.0010000000000000009,-3.6000000000058208,-150.0
1988-11-19,0.0,0.0,-4.800000000017462,0.0,-4.800000000017462,20.0
1988-11-20,0.0,-0.029999999998835847,-33.60000000000582,-0.010000000000000009,-33.570000000006985,-180.0
1988-11-21,0.0,1.8699999999953434,-1002.0,-0.02000000000000135,-1003.8699999999953,0.0
1988-11-22,0.0,-1.679999999993015,-846.0000000000582,-0.02000000000000135,-844.3200000000652,20.0
1988-11-23,0.0,-0.04999999998835847,-42.0,0.0,-41.95000000001164,0.0
1988-11-24,0.0,-0.04999999998835847,-204.0,-0.010000000000000231,-203.95000000001164,0.0
1988-11-25,0.0,-0.05000000000291038,-29.999999999985448,0.0,-29.949999999982538,0.0
1988-11-26,0.0,0.029999999998835847,-96.00000000001455,-0.010000000000000009,-96.03000000001339,-10.0
1988-11-27,0.0,0.0,-6.0,0.0,-6.0,0.0
1988-11-28,0.0,-0.020000000004074536,-12.0,0.0,-11.979999999995925,0.0
1988-11-29,0.0,0.0,0.0,0.0,0.0,0.0
1988-11-30,0.0,0.0,0.0,0.0,0.0,0.0
1988-12-01,0.0,0.0,0.0,0.0,0.0,0.0
1988-12-02,0.0,-0.04000000000814907,0.0,0.0,0.04000000000814907,0.0
1988-12-03,0.0,0.01999999998952262,0.0,0.0,-0.01999999998952262,0.0
1988-12-04,0.0,-0.00999999999476131,0.0,0.0,0.00999999999476131,0.0
1988-12-05,0.0,0.28999999999359716,0.0,0.0,-0.28999999999359716,0.0
1988-12-06,0.0,1.9099999999743886,-6.0,0.0,-7.909999999974389,0.0
1988-12-07,0.0,-2.139999999984866,0.0,0.0,2.139999999984866,0.0
1988-12-08,0.0,0.01999999998952262,0.0,0.0,-0.01999999998952262,0.0
1988-12-09,0.0,1.4200000000128057,-173.9999999999709,-0.010000000000000009,-175.4199999999837,-550.0
1988-12-10,0.0,-0.16000000000349246,-18.0,0.0,-17.839999999996508,0.0
1988-12-11,0.0,-0.22999999998137355,0.0,0.0,0.22999999998137355,0.0
1988-12-12,0.0,1.0799999999871943,-18.0,0.0,-19.079999999987194,20.0
1988-12-13,0.0,0.04999999998835847,-66.0,0.0,-66.04999999998836,10.0
1988-12-14,0.0,-2.209999999991851,0.0,0.0,2.209999999991851,0.0
1988-12-15,0.0,0.0,0.0,0.0,0.0,0.0
1988-12-16,0.0,0.0,0.0,0.0,0.0,0.0
1988-12-17,0.0,-0.04000000000814907,0.0,0.0,0.04000000000814907,0.0
1988-12-18,0.0,0.0,-6.0,-0.010000000000000009,-6.0,-30.0
1988-12-19,0.0,0.25,-48.000000000029104,0.0,-48.250000000029104,40.0
1988-12-20,0.0,1.3099999999976717,-78.0,0.0,-79.30999999999767,20.0
1988-12-21,0.0,-1.470000000030268,-335.9999999999418,-0.009999999999999787,-334.5299999999115,-10.0
1988-12-22,0.0,0.0,-150.0,-0.010000000000000231,-150.0,-10.0
1988-12-23,0.0,0.0,-276.0,-0.009999999999999787,-276.0,50.0
1988-12-24,0.0,-0.04999999998835847,-89.9999999999709,-0.009999999999999787,-89.94999999998254,-30.0
1988-12-25,0.0,-0.07000000000698492,-24.0,0.0,-23.929999999993015,0.0
1988-12-26,0.0,0.0,-47.999999999970896,0.0,-47.999999999970896,0.0
1988-12-27,0.0,0.0,-47.999999999970896,0.0,-47.999999999970896,0.0
1988-12-28,0.0,0.0,-6.0,0.0,-6.0,0.0
1988-12-29,0.0,0.0,-348.0,-0.009999999999999787,-348.0,0.0
1988-12-30,0.0,5.150000000023283,-36.000000000029104,0.0,-41.15000000005239,0.0
1988-12-31,0.0,-4.980000000010477,-78.0,0.0,-73.01999999998952,0.0
1989-01-01,0.0,-0.14000000001396984,-143.9999999999709,-0.020000000000000018,-143.85999999995693,0.0
1989-01-02,0.0,-0.029999999998835847,-90.0,-0.010000000000000231,-89.97000000000116,0.0
1989-01-03,0.0,1.040000000008149,-65.9999999999709,-0.009999999999999787,-67.03999999997905,0.0
1989-01-04,0.0,1.2799999999988358,-42.0,-0.009999999999999787,-43.279999999998836,-240.0
1989-01-05,0.0,-2.279999999998836,-120.0000000000291,-0.010000000000000231,-117.72000000003027,0.0
1989-01-06,0.0,0.0,-59.999999999970896,-0.010000000000000231,-59.999999999970896,-10.0
1989-01-07,0.0,-0.029999999998835847,-36.0,0.0,-35.970000000001164,0.0
1989-01-08,0.0,0.1300000000046566,-599.9999999999418,-0.020000000000000462,-600.1299999999464,10.0
1989-01-09,0.0,0.34999999997671694,-294.0,-0.020000000000000462,-294.3499999999767,0.0
1989-01-10,0.0,-0.34999999997671694,-564.0,-0.009999999999999787,-563.6500000000233,20.0
1989-01-11,0.0,0.0,-83.9999999999709,0.0,-83.9999999999709,30.0
1989-01-12,0.0,0.01999999998952262,-30.0,0.0,-30.019999999989523,10.0
1989-01-13,0.0,-0.060000000055879354,-516.0,-0.009999999999999787,-515.9399999999441,20.0
1989-01-14,0.0,0.0,-228.0,0.0,-228.0,10.0
1989-01-15,0.0,0.0,-288.0,-0.009999999999999787,-288.0,0.0
1989-01-16,0.0,4.150000000023283,-65.99999999994179,0.0,-70.14999999996508,0.0
1989-01-17,0.0,2.029999999969732,-78.0,0.0,-80.02999999996973,0.0
1989-01-18,0.0,1.25,-54.0,0.0,-55.25,0.0
1989-01-19,0.0,-7.330000000016298,-203.9999999999709,0.0,-196.6699999999546,0.0
1989-01-20,0.0,0.9400000000023283,-258.0,0.0,-258.9400000000023,50.0
1989-01-21,0.0,-0.34000000002561137,-138.0,0.0,-137.6599999999744,30.0
1989-01-22,0.0,-0.5499999999883585,-138.0000000000291,-0.010000000000000231,-137.45000000004075,-40.0
1989-01-23,0.0,0.0,-6.0,0.0,-6.0,0.0
1989-01-24,0.0,0.0,-11.999999999970896,0.0,-11.999999999970896,0.0
1989-01-25,0.0,0.0,-41.99999999994179,0.0,-41.99999999994179,0.0
1989-01-26,0.0,0.0,-11.999999999970896,0.0,-11.999999999970896,0.0
1989-01-27,0.0,0.0,-77.9999999999709,-0.010000000000000231,-77.9999999999709,-10.0
1989-01-28,0.0,-0.059999999997671694,-54.0,-0.010000000000000231,-53.94000000000233,-10.0
1989-01-29,0.0,0.1900000000023283,-102.0,0.0,-102.19000000000233,0.0
1989-01-30,0.0,6.079999999987194,-107.9999999999709,0.0,-114.07999999995809,70.0
1989-01-31,0.0,-6.350000000005821,-48.0,-0.009999999999999787,-41.64999999999418,0.0
1989-02-01,0.0,0.0,-6.0,0.0,-6.0,0.0
1989-02-02,0.0,-0.08999999999650754,0.0,0.0,0.08999999999650754,0.0
1989-02-03,0.0,0.0,0.0,0.0,0.0,0.0
1989-02-04,0.0,0.0,0.0,0.0,0.0,0.0
1989-02-05,0.0,0.0,0.0,0.0,0.0,0.0
1989-02-06,0.0,0.029999999998835847,0.0,0.0,-0.029999999998835847,0.0
1989-02-07,0.0,0.0,0.0,0.0,0.0,0.0
1989-02-08,0.0,0.0,0.0,0.0,0.0,0.0
1989-02-09,0.0,0.0,0.0,0.0,0.0,0.0
1989-02-10,0.0,0.0,0.0,0.0,0.0,0.0
1989-02-11,0.0,0.0,0.0,0.0,0.0,0.0
1989-02-12,0.0,0.0,-6.0,0.0,-6.0,0.0
1989-02-13,0.0,0.0,0.0,0.0,0.0,0.0
1989-02-14,0.0,0.0,-6.0,0.0,-6.0,0.0
1989-02-15,0.0,0.0,0.0,0.0,0.0,0.0
1989-02-16,0.0,0.0,-450.0,-0.009999999999999787,-450.0,0.0
1989-02-17,0.0,0.7200000000011642,-36.0,0.0,-36.720000000001164,0.0
1989-02-18,0.0,-0.6999999999825377,0.0,0.0,0.6999999999825377,0.0
1989-02-19,0.0,0.0,-23.999999999970896,0.0,-23.999999999970896,0.0
1989-02-20,0.0,0.0,-48.0,-0.010000000000000231,-48.0,-10.0
1989-02-21,0.0,0.010000000009313226,-42.0,-0.009999999999999787,-42.01000000000931,-10.0
1989-02-22,0.0,0.16000000000349246,-30.0,-0.009999999999999787,-30.160000000003492,-20.0
1989-02-23,0.0,-0.14999999999417923,-18.0,0.0,-17.85000000000582,0.0
1989-02-24,0.0,-0.010000000009313226,-6.0,0.0,-5.989999999990687,0.0
1989-02-25,0.0,0.0,-12.0,0.0,-12.0,0.0
1989-02-26,0.0,0.0,-11.999999999970896,-0.010000000000000009,-11.999999999970896,-110.0
1989-02-27,0.0,0.0,0.0,0.0,0.0,0.0
1989-02-28,0.0,0.0,0.0,0.0,0.0,0.0
1989-03-01,0.0,-0.04000000000814907,-24.0,0.0,-23.95999999999185,20.0
1989-03-02,0.0,0.0,-42.0,0.0,-42.0,0.0
1989-03-03,0.0,0.0,-12.000000000029104,0.0,-12.000000000029104,0.0
1989-03-04,0.0,0.0,-54.0,-0.010000000000000231,-54.0,-120.0
1989-03-05,0.0,0.0,-534.0,-0.009999999999999787,-534.0,0.0
1989-03-06,0.0,4.360000000015134,-180.0000000000582,-0.009999999999999787,-184.36000000007334,0.0
1989-03-07,0.0,-4.35999999998603,0.0,0.0,4.35999999998603,0.0
1989-03-08,0.0,0.0500000000174623,-42.000000000029104,0.0,-42.050000000046566,0.0
1989-03-09,0.0,4.25,-108.0,0.0,-112.25,130.0
1989-03-10,0.0,-0.9700000000011642,-36.0,0.0,-35.029999999998836,0.0
1989-03-11,0.0,3.970000000001164,-108.0000000000291,0.0,-111.97000000003027,10.0
1989-03-12,0.0,0.40999999997438863,-114.0,-0.010000000000000231,-114.40999999997439,-40.0
1989-03-13,0.0,-7.679999999993015,-144.0,0.0,-136.32000000000698,0.0
1989-03-14,0.0,0.03999999997904524,-150.0,-0.009999999999999787,-150.03999999997905,-70.0
1989-03-15,0.0,0.059999999997671694,-108.0,0.0,-108.05999999999767,10.0
1989-03-16,0.0,6.269999999989523,-138.0000000000291,0.0,-144.27000000001863,10.0
1989-03-17,0.0,-2.1199999999953434,-186.0,0.0,-183.88000000000466,30.0
1989-03-18,0.0,2.320000000006985,-150.0,0.0,-152.32000000000698,0.0
1989-03-19,0.0,-2.209999999991851,-114.0,0.0,-111.79000000000815,0.0
1989-03-20,0.0,6.159999999974389,-162.0000000000582,0.0,-168.1600000000326,40.0
1989-03-21,0.0,4.120000000053551,-156.0,0.0,-160.12000000005355,20.0
1989-03-22,0.0,-14.170000000012806,-119.9999999999709,-0.010000000000000231,-105.82999999995809,0.0
1989-03-23,0.0,-0.2699999999895226,-125.99999999994179,0.0,-125.72999999995227,30.0
1989-03-24,0.0,0.5699999999487773,-156.0,0.0,-156.56999999994878,30.0
1989-03-25,0.0,15.5,-288.0,0.0,-303.5,120.0
1989-03-26,0.0,-13.940000000002328,-209.9999999999418,-0.009999999999999787,-196.05999999993946,0.0
1989-03-27,0.0,-1.9100000000325963,-269.9999999999418,0.0,-268.0899999999092,30.0
1989-03-28,0.0,18.30999999999767,-299.9999999998836,0.0,-318.30999999988126,20.0
1989-03-29,0.0,-18.40999999997439,-204.0,0.0,-185.5900000000256,0.0
1989-03-30,0.0,-0.07000000000698492,-234.0,0.0,-233.92999999999302,20.0
1989-03-31,0.0,2.4400000000023283,-192.0000000000582,-0.009999999999999787,-194.44000000006054,-20.0
1989-04-01,0.0,-2.349999999976717,-474.0,-0.009999999999999787,-471.6500000000233,0.0
1989-04-02,0.0,0.0,-185.9999999999418,-0.009999999999999787,-185.9999999999418,-70.0
1989-04-03,0.0,0.030000000027939677,-234.0,0.0,-234.03000000002794,20.0
1989-04-04,0.0,8.0,-192.00000000011642,-0.009999999999999787,-200.00000000011642,-70.0
1989-04-05,0.0,42.26000000000931,-714.0,-0.009999999999999787,-756.2600000000093,-20.0
1989-04-06,0.0,4.78000000002794,-821.9999999999418,-0.009999999999999787,-826.7799999999697,0.0
1989-04-07,0.0,-19.679999999993015,-564.0000000000582,-0.009999999999999787,-544.3200000000652,0.0
1989-04-08,0.0,-5.03000000002794,-474.0,-0.009999999999999787,-468.96999999997206,0.0
1989-04-09,0.0,5.599999999976717,-576.0,-0.009999999999999787,-581.5999999999767,-30.0
1989-04-10,0.0,-2.720000000030268,-533.9999999999418,-0.009999999999999787,-531.2799999999115,0.0
1989-04-11,0.0,-4.119999999995343,-281.9999999999418,0.0,-277.87999999994645,0.0
1989-04-12,0.0,6.71999999997206,-426.0000000000582,-0.010000000000000675,-432.72000000003027,-60.0
1989-04-13,0.0,9.78000000002794,-678.0,-0.009999999999999787,-687.7800000000279,-50.0
1989-04-14,0.0,7.159999999974389,-731.9999999999418,0.0,-739.1599999999162,50.0
1989-04-15,0.0,-29.619999999995343,-306.0000000000582,-0.009999999999999787,-276.38000000006286,0.0
1989-04-16,0.0,-22.789999999979045,-174.0,-0.010000000000000231,-151.21000000002095,0.0
1989-04-17,0.0,17.320000000006985,-162.0,0.0,-179.32000000000698,30.0
1989-04-18,0.0,16.65999999997439,-402.0,-0.009999999999999787,-418.6599999999744,-90.0
1989-04-19,0.0,-10.650000000023283,-269.9999999999418,-0.009999999999999787,-259.3499999999185,-20.0
1989-04-20,0.0,-9.820000000006985,-228.0,-0.010000000000000675,-218.17999999999302,0.0
1989-04-21,0.0,-5.090000000025611,-120.0,0.0,-114.90999999997439,0.0
1989-04-22,0.0,-3.0799999999871943,-89.9999999999709,0.0,-86.9199999999837,0.0
1989-04-23,0.0,0.4599999999918509,-120.0000000000291,0.0,-120.46000000002095,0.0
1989-04-24,0.0,1.779999999969732,-144.0,0.0,-145.77999999996973,20.0
1989-04-25,0.0,8.559999999997672,-396.0000000000582,-0.009999999999999787,-404.5600000000559,-10.0
1989-04-26,0.0,-8.809999999997672,-132.0,0.0,-123.19000000000233,0.0
1989-04-27,0.0,3.7800000000279397,-156.0000000000582,-0.010000000000000231,-159.78000000008615,0.0
1989-04-28,0.0,-2.429999999993015,-71.99999999994179,-0.009999999999999787,-69.56999999994878,0.0
1989-04-29,0.0,2.9500000000116415,-42.000000000029104,0.0,-44.950000000040745,0.0
1989-04-30,0.0,-7.830000000016298,-42.000000000029104,0.0,-34.170000000012806,0.0
1989-05-01,0.0,-0.5799999999871943,-54.00000000005821,0.0,-53.42000000007101,10.0
1989-05-02,0.0,2.3099999999976717,-155.9999999999709,0.0,-158.30999999996857,0.0
1989-05-03,0.0,-3.429999999993015,-23.999999999970896,0.0,-20.56999999997788,0.0
1989-05-04,0.0,0.6700000000128057,-48.0,0.0,-48.670000000012806,0.0
1989-05-05,0.0,-0.33000000001629815,-84.0000000000291,0.0,-83.6700000000128,0.0
1989-05-06,0.0,-0.029999999998835847,-23.999999999970896,0.0,-23.96999999997206,0.0
1989-05-07,0.0,-2.320000000006985,-29.999999999970896,0.0,-27.67999999996391,0.0
1989-05-08,0.0,-0.9200000000128057,-30.000000000029104,0.0,-29.080000000016298,20.0
1989-05-09,0.0,-0.07000000000698492,-11.999999999970896,0.0,-11.929999999963911,10.0
1989-05-10,0.0,0.01999999998952262,-12.000000000029104,0.0,-12.020000000018626,10.0
1989-05-11,0.0,0.0,0.0,0.0,0.0,0.0
1989-05-12,0.0,0.0,0.0,0.0,0.0,0.0
1989-05-13,0.0,0.0,0.0,0.0,0.0,0.0
1989-05-14,0.0,0.0,0.0,0.0,0.0,0.0
1989-05-15,0.0,0.0,0.0,0.0,0.0,0.0
1989-05-16,0.0,0.029999999998835847,0.0,0.0,-0.029999999998835847,0.0
1989-05-17,0.0,0.0,0.0,0.0,0.0,0.0
1989-05-18,0.0,0.0,0.0,0.0,0.0,0.0
1989-05-19,0.0,0.0,0.0,0.0,0.0,0.0
1989-05-20,0.0,-0.04000000000814907,0.0,0.0,0.04000000000814907,0.0
1989-05-21,0.0,0.0,0.0,0.0,0.0,0.0
1989-05-22,0.0,0.0,0.0,0.0,0.0,0.0
1989-05-23,0.0,0.0,-5.999999999970896,0.0,-5.999999999970896,10.0
1989-05-24,0.0,0.0,-36.0,0.0,-36.0,20.0
1989-05-25,0.0,0.07999999998719431,-6.0,0.0,-6.079999999987194,10.0
1989-05-26,0.0,0.0,0.0,0.0,0.0,0.0
1989-05-27,0.0,0.0,-54.0,0.0,-54.0,20.0
1989-05-28,0.0,0.0,-5.999999999970896,0.0,-5.999999999970896,10.0
1989-05-29,0.0,0.0,-6.0,0.0,-6.0,10.0
1989-05-30,0.0,0.0,0.0,0.0,0.0,0.0
1989-05-31,0.0,0.0,0.0,0.0,0.0,0.0
1989-06-01,0.0,0.0,0.0,0.0,0.0,0.0
1989-06-02,0.0,0.0,0.0,0.0,0.0,0.0
1989-06-03,0.0,0.029999999998835847,0.0,0.0,-0.029999999998835847,0.0
1989-06-04,0.0,0.0,0.0,0.0,0.0,0.0
1989-06-05,0.0,0.0,0.0,0.0,0.0,0.0
1989-06-06,0.0,-0.029999999998835847,0.0,0.0,0.029999999998835847,0.0
1989-06-07,0.0,0.01999999998952262,0.0,0.0,-0.01999999998952262,0.0
1989-06-08,0.0,0.0,0.0,0.0,0.0,0.0
1989-06-09,0.0,0.0,0.0,0.0,0.0,0.0
1989-06-10,0.0,0.0,0.0,0.0,0.0,0.0
1989-06-11,0.0,0.0,0.0,0.0,0.0,0.0
1989-06-12,0.0,0.0,0.0,0.0,0.0,0.0
1989-06-13,0.0,0.0,0.0,0.0,0.0,0.0
1989-06-14,0.0,0.0,0.0,0.0,0.0,0.0
1989-06-15,0.0,0.04999999998835847,0.0,0.0,-0.04999999998835847,0.0
1989-06-16,0.0,0.0,0.0,0.0,0.0,0.0
1989-06-17,0.0,0.0,0.0,0.0,0.0,0.0
1989-06-18,0.0,0.0,0.0,0.0,0.0,0.0
1989-06-19,0.0,0.0,0.0,0.0,0.0,0.0
1989-06-20,0.0,0.0,0.0,0.0,0.0,0.0
1989-06-21,0.0,0.0,0.0,0.0,0.0,0.0
1989-06-22,0.0,0.010000000009313226,0.0,0.0,-0.010000000009313226,0.0
1989-06-23,0.0,0.0,0.0,0.0,0.0,0.0
1989-06-24,0.0,0.0,0.0,0.0,0.0,0.0
1989-06-25,0.0,0.0,0.0,0.0,0.0,0.0
1989-06-26,0.0,0.0,0.0,0.0,0.0,0.0
1989-06-27,0.0,0.0,0.0,0.0,0.0,0.0
1989-06-28,0.0,0.0,0.0,0.0,0.0,0.0
1989-06-29,0.0,0.0,0.0,0.0,0.0,0.0
1989-06-30,0.0,0.0,0.0,0.0,0.0,0.0
1989-07-01,0.0,0.0,0.0,0.0,0.0,0.0
1989-07-02,0.0,0.0,0.0,0.0,0.0,0.0
1989-07-03,0.0,0.0,0.0,0.0,0.0,0.0
1989-07-04,0.0,0.0,0.0,0.0,0.0,0.0
1989-07-05,0.0,0.0,0.0,0.0,0.0,0.0
1989-07-06,0.0,0.0,0.0,0.0,0.0,0.0
1989-07-07,0.0,0.0,0.0,0.0,0.0,0.0
1989-07-08,0.0,0.00999999999476131,0.0,0.0,-0.00999999999476131,0.0
1989-07-09,0.0,0.0,0.0,0.0,0.0,0.0
1989-07-10,0.0,0.0,0.0,0.0,0.0,0.0
1989-07-11,0.0,0.0,0.0,0.0,0.0,0.0
1989-07-12,0.0,0.0,0.0,0.0,0.0,0.0
1989-07-13,0.0,0.0,0.0,0.0,0.0,0.0
1989-07-14,0.0,0.0,0.0,0.0,0.0,0.0
1989-07-15,0.0,0.0,0.0,0.0,0.0,0.0
1989-07-16,0.0,0.0,0.0,0.0,0.0,0.0
1989-07-17,0.0,0.0,0.0,0.0,0.0,0.0
1989-07-18,0.0,0.0,0.0,0.0,0.0,0.0
1989-07-19,0.0,0.0,0.0,0.0,0.0,0.0
1989-07-20,0.0,0.0,0.0,0.0,0.0,0.0
1989-07-21,0.0,0.0,0.0,0.0,0.0,0.0
1989-07-22,0.0,0.0,0.0,0.0,0.0,0.0
1989-07-23,0.0,0.0,0.0,0.0,0.0,0.0
1989-07-24,0.0,0.0,0.0,0.0,0.0,0.0
1989-07-25,0.0,0.0,0.0,0.0,0.0,0.0
1989-07-26,0.0,0.0,0.0,0.0,0.0,0.0
1989-07-27,0.0,-0.020000000004074536,0.0,0.0,0.020000000004074536,0.0
1989-07-28,0.0,0.029999999998835847,0.0,0.0,-0.029999999998835847,0.0
1989-07-29,0.0,-0.010000000009313226,0.0,0.0,0.010000000009313226,0.0
1989-07-30,0.0,0.0,0.0,0.0,0.0,0.0
1989-07-31,0.0,0.0,0.0,0.0,0.0,0.0
1989-08-01,0.0,0.0,0.0,0.0,0.0,0.0
1989-08-02,0.0,0.0,0.0,0.0,0.0,0.0
1989-08-03,0.0,0.0,0.0,0.0,0.0,0.0
1989-08-04,0.0,0.0,0.0,0.0,0.0,0.0
1989-08-05,0.0,0.0,0.0,0.0,0.0,0.0
1989-08-06,0.0,0.0,0.0,0.0,0.0,0.0
1989-08-07,0.0,0.0,0.0,0.0,0.0,0.0
1989-08-08,0.0,0.0,0.0,0.0,0.0,0.0
1989-08-09,0.0,0.0,0.0,0.0,0.0,0.0
1989-08-10,0.0,0.0,0.0,0.0,0.0,0.0
1989-08-11,0.0,0.0,0.0,0.0,0.0,0.0
1989-08-12,0.0,0.0,0.0,0.0,0.0,0.0
1989-08-13,0.0,0.0,0.0,0.0,0.0,0.0
1989-08-14,0.0,0.0,0.0,0.0,0.0,0.0
1989-08-15,0.0,0.0,0.0,0.0,0.0,0.0
1989-08-16,0.0,0.0,0.0,0.0,0.0,0.0
1989-08-17,0.0,0.0,0.0,0.0,0.0,0.0
1989-08-18,0.0,0.0,0.0,0.0,0.0,0.0
1989-08-19,0.0,0.0,0.0,0.0,0.0,0.0
1989-08-20,0.0,0.0,0.0,0.0,0.0,0.0
1989-08-21,0.0,0.0,-51.599999999998545,-0.019999999999999907,-51.599999999998545,0.0
1989-08-22,0.0,-0.010000000002037268,0.5999999999985448,0.0,0.6100000000005821,0.0
1989-08-23,0.0,0.0,0.0,0.0,0.0,0.0
1989-08-24,0.0,0.0,0.0,0.0,0.0,0.0
1989-08-25,0.0,0.0,0.0,0.0,0.0,0.0
1989-08-26,0.0,0.0,0.0,0.0,0.0,0.0
1989-08-27,0.0,0.0,0.0,0.0,0.0,0.0
1989-08-28,0.0,0.0,0.0,0.0,0.0,0.0
1989-08-29,0.0,0.0,0.0,0.0,0.0,0.0
1989-08-30,0.0,0.0,0.0,0.0,0.0,0.0
1989-08-31,0.0,0.0,0.0,0.0,0.0,0.0
1989-09-01,0.0,0.0,0.0,0.0,0.0,0.0
1989-09-02,0.0,0.0,0.0,0.0,0.0,0.0
1989-09-03,0.0,0.0,0.0,0.0,0.0,0.0
1989-09-04,0.0,0.0,0.0,0.0,0.0,0.0
1989-09-05,0.0,0.0,0.0,0.0,0.0,0.0
1989-09-06,0.0,0.0,0.0,0.0,0.0,0.0
1989-09-07,0.0,0.0,0.0,0.0,0.0,0.0
1989-09-08,0.0,0.0,0.0,0.0,0.0,0.0
1989-09-09,0.0,0.0,0.0,0.0,0.0,0.0
1989-09-10,0.0,0.0,0.0,0.0,0.0,0.0
1989-09-11,0.0,0.0,0.0,0.0,0.0,0.0
1989-09-12,0.0,0.0,0.0,0.0,0.0,0.0
1989-09-13,0.0,0.0,0.0,0.0,0.0,0.0
1989-09-14,0.0,0.00999999999839929,0.0,0.0,-0.00999999999839929,0.0
1989-09-15,0.0,0.0,0.0,0.0,0.0,0.0
1989-09-16,0.0,0.0,0.0,0.0,0.0,0.0
1989-09-17,0.0,0.0,0.0,0.0,0.0,0.0
1989-09-18,0.0,0.0,0.0,0.0,0.0,0.0
1989-09-19,0.0,0.0,0.0,0.0,0.0,0.0
1989-09-20,0.0,0.0,0.0,0.0,0.0,0.0
1989-09-21,0.0,0.0,0.0,0.0,0.0,0.0
1989-09-22,0.0,0.0,0.0,0.0,0.0,0.0
1989-09-23,0.0,0.0,0.0,0.0,0.0,0.0
1989-09-24,0.0,0.0,0.0,0.0,0.0,0.0
1989-09-25,0.0,0.0,0.0,0.0,0.0,0.0
1989-09-26,0.0,0.0,0.0,0.0,0.0,0.0
1989-09-27,0.0,0.0,0.0,0.0,0.0,0.0
1989-09-28,0.0,0.0,0.0,0.0,0.0,0.0
1989-09-29,0.0,0.0,0.0,0.0,0.0,0.0
1989-09-30,0.0,0.0,0.0,0.0,0.0,0.0
1989-10-01,0.0,0.0,0.0,0.0,0.0,0.0
1989-10-02,0.0,0.0,0.0,0.0,0.0,0.0
1989-10-03,0.0,0.0,0.0,0.0,0.0,0.0
1989-10-04,0.0,0.0,0.0,0.0,0.0,0.0
1989-10-05,0.0,0.0,0.0,0.0,0.0,0.0
1989-10-06,0.0,0.0,0.0,0.0,0.0,0.0
1989-10-07,0.0,0.0,0.0,0.0,0.0,0.0
1989-10-08,0.0,0.0,0.0,0.0,0.0,0.0
1989-10-09,0.0,0.0,0.0,0.0,0.0,0.0
1989-10-10,0.0,0.0,0.0,0.0,0.0,0.0
1989-10-11,0.0,0.0,0.0,0.0,0.0,0.0
1989-10-12,0.0,0.0,0.0,0.0,0.0,0.0
1989-10-13,0.0,0.0,0.0,0.0,0.0,0.0
1989-10-14,0.0,0.0,0.0,0.0,0.0,0.0
1989-10-15,0.0,0.0,0.0,0.0,0.0,0.0
1989-10-16,0.0,0.0,0.0,0.0,0.0,0.0
1989-10-17,0.0,0.0,0.0,0.0,0.0,0.0
1989-10-18,0.0,0.0,0.0,0.0,0.0,0.0
1989-10-19,0.0,0.0,0.0,0.0,0.0,0.0
1989-10-20,0.0,0.0,0.0,0.0,0.0,0.0
1989-10-21,0.0,0.0,0.0,0.0,0.0,0.0
1989-10-22,0.0,0.0,0.0,0.0,0.0,0.0
1989-10-23,0.0,0.0,0.0,0.0,0.0,0.0
1989-10-24,0.0,0.0,0.0,0.0,0.0,0.0
1989-10-25,0.0,0.0,0.0,0.0,0.0,0.0
1989-10-26,0.0,0.0,0.0,0.0,0.0,0.0
1989-10-27,0.0,0.0,0.0,0.0,0.0,0.0
1989-10-28,0.0,0.0,0.0,0.0,0.0,0.0
1989-10-29,0.0,0.0,0.0,0.0,0.0,0.0
1989-10-30,0.0,0.0,0.0,0.0,0.0,0.0
1989-10-31,0.0,0.0,0.0,0.0,0.0,0.0
1989-11-01,0.0,0.0,0.0,0.0,0.0,0.0
1989-11-02,0.0,0.0,0.0,0.0,0.0,0.0
1989-11-03,0.0,0.0,0.0,0.0,0.0,0.0
1989-11-04,0.0,0.0,0.0,0.0,0.0,0.0
1989-11-05,0.0,0.0,0.0,0.0,0.0,0.0
1989-11-06,0.0,0.0,0.0,0.0,0.0,0.0
1989-11-07,0.0,0.0,0.0,0.0,0.0,0.0
1989-11-08,0.0,0.0,0.0,0.0,0.0,0.0
1989-11-09,0.0,0.0,0.0,0.0,0.0,0.0
1989-11-10,0.0,0.0,0.0,0.0,0.0,0.0
1989-11-11,0.0,0.0,0.0,0.0,0.0,0.0
1989-11-12,0.0,0.010000000002037268,-0.6000000000058208,-0.0010000000000000009,-0.610000000007858,-90.0
1989-11-13,0.0,0.00999999999476131,-0.6000000000058208,0.0,-0.6100000000005821,0.0
1989-11-14,0.0,0.0,0.0,0.0,0.0,0.0
1989-11-15,0.0,0.0,0.0,0.0,0.0,0.0
1989-11-16,0.0,0.0,-0.5999999999985448,0.0,-0.5999999999985448,0.0
1989-11-17,0.0,0.0,0.0,0.0,0.0,0.0
1989-11-18,0.0,0.0,0.0,0.0,0.0,0.0
1989-11-19,0.0,0.0,0.0,0.0,0.0,0.0
1989-11-20,0.0,0.0,0.0,0.0,0.0,0.0
1989-11-21,0.0,0.0,0.0,0.0,0.0,0.0
1989-11-22,0.0,0.0,0.0,0.0,0.0,0.0
1989-11-23,0.0,0.0,-1.1999999999825377,0.0,-1.1999999999825377,0.0
1989-11-24,0.0,0.0,-4.80000000000291,0.0,-4.80000000000291,20.0
1989-11-25,0.0,0.0,-0.5999999999912689,0.0,-0.5999999999912689,0.0
1989-11-26,0.0,0.0,-12.000000000029104,0.0,-12.000000000029104,10.0
1989-11-27,0.0,0.0,0.0,0.0,0.0,0.0
1989-11-28,0.0,0.0,0.0,0.0,0.0,0.0
1989-11-29,0.0,0.0,0.0,0.0,0.0,0.0
1989-11-30,0.0,0.0,0.0,0.0,0.0,0.0
1989-12-01,0.0,0.0,0.0,0.0,0.0,0.0
1989-12-02,0.0,-0.010000000009313226,0.0,0.0,0.010000000009313226,0.0
1989-12-03,0.0,0.0,-5.999999999985448,0.0,-5.999999999985448,10.0
1989-12-04,0.0,2.2800000000279397,-749.9999999999418,-0.019999999999999574,-752.2799999999697,0.0
1989-12-05,0.0,-2.4200000000128057,-6.0,0.0,-3.5799999999871943,0.0
1989-12-06,0.0,0.0,-54.0,0.0,-54.0,0.0
1989-12-07,0.0,0.0,-12.0,0.0,-12.0,0.0
1989-12-08,0.0,0.0,-180.0000000000291,-0.010000000000000009,-180.0000000000291,-30.0
1989-12-09,0.0,-0.05000000000291038,-24.0,0.0,-23.94999999999709,30.0
1989-12-10,0.0,0.0,0.0,0.0,0.0,0.0
1989-12-11,0.0,0.0,0.0,0.0,0.0,0.0
1989-12-12,0.0,0.0,0.0,0.0,0.0,0.0
1989-12-13,0.0,0.0,0.0,0.0,0.0,0.0
1989-12-14,0.0,0.0,0.0,0.0,0.0,0.0
1989-12-15,0.0,0.0,0.0,0.0,0.0,0.0
1989-12-16,0.0,0.0,0.0,0.0,0.0,0.0
1989-12-17,0.0,0.0,0.0,0.0,0.0,0.0
1989-12-18,0.0,0.0,0.0,0.0,0.0,0.0
1989-12-19,0.0,0.0,0.0,0.0,0.0,0.0
1989-12-20,0.0,0.0,0.0,0.0,0.0,0.0
1989-12-21,0.0,0.0,0.0,0.0,0.0,0.0
1989-12-22,0.0,0.0,0.0,0.0,0.0,0.0
1989-12-23,0.0,0.0,0.0,0.0,0.0,0.0
1989-12-24,0.0,0.0,0.0,0.0,0.0,0.0
1989-12-25,0.0,0.0,0.0,0.0,0.0,0.0
1989-12-26,0.0,0.0,0.0,0.0,0.0,0.0
1989-12-27,0.0,0.0,0.0,0.0,0.0,0.0
1989-12-28,0.0,0.0,0.0,0.0,0.0,0.0
1989-12-29,0.0,0.0,0.0,0.0,0.0,0.0
1989-12-30,0.0,0.0,0.0,0.0,0.0,0.0
1989-12-31,0.0,0.14000000001396984,0.0,0.0,-0.14000000001396984,0.0
1990-01-01,0.0,-0.139999999984866,0.0,0.0,0.139999999984866,0.0
1990-01-02,0.0,0.0,0.0,0.0,0.0,0.0
1990-01-03,0.0,0.0,-6.0,0.0,-6.0,0.0
1990-01-04,0.0,0.0,0.0,0.0,0.0,0.0
1990-01-05,0.0,0.010000000009313226,0.0,0.0,-0.010000000009313226,0.0
1990-01-06,0.0,14.690000000002328,-329.9999999999418,0.0,-344.6899999999441,30.0
1990-01-07,0.0,48.37999999988824,-1638.0,0.0,-1686.3799999998882,30.0
1990-01-08,0.0,-35.5,-1313.9999999998836,-0.10000000000000142,-1278.4999999998836,-10.0
1990-01-09,0.0,-10.0,-1416.0,-0.09999999999999964,-1406.0,-10.0
1990-01-10,0.0,-16.529999999998836,-101.9999999999709,0.0,-85.46999999997206,0.0
1990-01-11,0.0,-0.0500000000174623,-54.000000000029104,0.0,-53.95000000001164,30.0
1990-01-12,0.0,0.1999999999825377,-6.0,0.0,-6.199999999982538,0.0
1990-01-13,0.0,-0.23000000001047738,-66.0,-0.010000000000000231,-65.76999999998952,-220.0
1990-01-14,0.0,-0.029999999998835847,-12.000000000058208,0.0,-11.970000000059372,20.0
1990-01-15,0.0,0.08999999999650754,0.0,0.0,-0.08999999999650754,0.0
1990-01-16,0.0,-0.20999999999185093,-6.0,0.0,-5.790000000008149,0.0
1990-01-17,0.0,0.0,-6.000000000029104,0.0,-6.000000000029104,0.0
1990-01-18,0.0,0.0,0.0,0.0,0.0,0.0
1990-01-19,0.0,0.0,0.0,0.0,0.0,0.0
1990-01-20,0.0,-0.08999999999650754,-6.000000000029104,0.0,-5.910000000032596,0.0
1990-01-21,0.0,0.0,0.0,0.0,0.0,0.0
1990-01-22,0.0,0.2699999999895226,-144.0,0.0,-144.26999999998952,30.0
1990-01-23,0.0,-0.22000000000116415,-216.0000000000291,-0.009999999999999787,-215.78000000002794,-10.0
1990-01-24,0.0,0.0,-108.0,-0.010000000000000231,-108.0,-110.0
1990-01-25,0.0,0.0,-210.0,-0.010000000000000231,-210.0,0.0
1990-01-26,0.0,0.0,-120.0,-0.009999999999999787,-120.0,0.0
1990-01-27,0.0,0.0,-216.0,-0.010000000000000231,-216.0,-10.0
1990-01-28,0.0,0.0,-209.9999999999709,-0.010000000000000231,-209.9999999999709,0.0
1990-01-29,0.0,0.0,-144.0,-0.009999999999999787,-144.0,-20.0
1990-01-30,0.0,0.0,-89.9999999999709,0.0,-89.9999999999709,40.0
1990-01-31,0.0,0.0,-84.0,-0.009999999999999787,-84.0,0.0
1990-02-01,0.0,0.0,-276.0000000000291,-0.040000000000000036,-276.0000000000291,0.0
1990-02-02,0.0,0.0,-48.0,-0.009999999999999787,-48.0,0.0
1990-02-03,0.0,0.0,-35.999999999970896,-0.009999999999999787,-35.999999999970896,0.0
1990-02-04,0.0,0.0,0.0,0.0,0.0,0.0
1990-02-05,0.0,0.029999999998835847,-221.9999999999709,0.0,-222.02999999996973,50.0
1990-02-06,0.0,0.0,-240.0000000000291,-0.010000000000000231,-240.0000000000291,0.0
1990-02-07,0.0,0.0,-540.0,-0.019999999999999574,-540.0,0.0
1990-02-08,0.0,0.10999999998603016,-30.0,0.0,-30.10999999998603,10.0
1990-02-09,0.0,0.7000000000116415,-179.9999999999709,-0.020000000000000018,-180.69999999998254,0.0
1990-02-10,0.0,12.409999999974389,-390.0,0.0,-402.4099999999744,30.0
1990-02-11,0.0,-13.279999999969732,-360.0,-0.009999999999999787,-346.72000000003027,0.0
1990-02-12,0.0,0.029999999998835847,-23.999999999970896,0.0,-24.029999999969732,0.0
1990-02-13,0.0,0.0,-24.000000000058208,0.0,-24.000000000058208,0.0
1990-02-14,0.0,0.0,-12.000000000029104,0.0,-12.000000000029104,0.0
1990-02-15,0.0,0.0,-456.0000000000582,-0.03000000000000025,-456.0000000000582,0.0
1990-02-16,0.0,0.0,-89.9999999999709,-0.010000000000000231,-89.9999999999709,0.0
1990-02-17,0.0,-0.01999999998952262,-29.999999999970896,0.0,-29.979999999981374,0.0
1990-02-18,0.0,0.09999999997671694,-42.0,-0.009999999999999787,-42.09999999997672,-10.0
1990-02-19,0.0,-0.01999999998952262,-47.99999999994179,-0.009999999999999787,-47.97999999995227,0.0
1990-02-20,0.0,0.01999999998952262,-149.9999999999709,-0.010000000000000231,-150.01999999996042,-30.0
1990-02-21,0.0,-0.0500000000174623,-12.000000000058208,0.0,-11.950000000040745,0.0
1990-02-22,0.0,0.01999999998952262,-6.0,0.0,-6.019999999989523,0.0
1990-02-23,0.0,0.0,0.0,0.0,0.0,0.0
1990-02-24,0.0,-0.029999999998835847,-6.0,0.0,-5.970000000001164,0.0
1990-02-25,0.0,0.0,-12.000000000029104,0.0,-12.000000000029104,0.0
1990-02-26,0.0,0.029999999998835847,0.0,0.0,-0.029999999998835847,0.0
1990-02-27,0.0,-0.059999999997671694,0.0,0.0,0.059999999997671694,0.0
1990-02-28,0.0,0.0,0.0,0.0,0.0,0.0
1990-03-01,0.0,0.0,0.0,0.0,0.0,0.0
1990-03-02,0.0,0.0,0.0,0.0,0.0,0.0
1990-03-03,0.0,0.3299999999871943,-54.0,0.0,-54.329999999987194,0.0
1990-03-04,0.0,0.20999999999185093,-12.0,0.0,-12.209999999991851,20.0
1990-03-05,0.0,-0.47000000000116415,0.0,0.0,0.47000000000116415,0.0
1990-03-06,0.0,-0.08000000001629815,-6.0,0.0,-5.919999999983702,0.0
1990-03-07,0.0,1.25,-24.000000000029104,0.0,-25.250000000029104,20.0
1990-03-08,0.0,-1.3500000000058208,-30.0,0.0,-28.64999999999418,0.0
1990-03-09,0.0,-0.060000000026775524,-144.0,0.0,-143.93999999997322,30.0
1990-03-10,0.0,0.0,-210.0,-0.009999999999999787,-210.0,-50.0
1990-03-11,0.0,-0.059999999997671694,-17.999999999970896,0.0,-17.939999999973224,20.0
1990-03-12,0.0,0.0,-30.0,0.0,-30.0,0.0
1990-03-13,0.0,0.0,-77.9999999999709,0.0,-77.9999999999709,20.0
1990-03-14,0.0,1.5600000000267755,-42.0,0.0,-43.560000000026776,20.0
1990-03-15,0.0,-1.360000000015134,-42.0,0.0,-40.639999999984866,30.0
1990-03-16,0.0,6.120000000024447,-366.0,0.0,-372.12000000002445,0.0
1990-03-17,0.0,-0.41000000000349246,-48.0,-0.009999999999999787,-47.58999999999651,-210.0
1990-03-18,0.0,0.860000000015134,-522.0000000000291,0.0,-522.8600000000442,150.0
1990-03-19,0.0,2.1600000000034925,-72.0,-0.009999999999999787,-74.16000000000349,-280.0
1990-03-20,0.0,0.6900000000023283,-24.0,0.0,-24.69000000000233,10.0
1990-03-21,0.0,0.059999999997671694,-120.0,0.0,-120.05999999999767,0.0
1990-03-22,0.0,15.5,-396.0,0.0,-411.5,50.0
1990-03-23,0.0,-13.0,-102.00000000005821,-0.009999999999999787,-89.00000000005821,0.0
1990-03-24,0.0,-11.96999999997206,-264.0,0.0,-252.03000000002794,0.0
1990-03-25,0.0,-0.10000000000582077,-300.0000000000291,0.0,-299.9000000000233,90.0
1990-03-26,0.0,8.540000000008149,-54.0,0.0,-62.54000000000815,30.0
1990-03-27,0.0,-8.470000000001164,-522.0000000000291,-0.010000000000000231,-513.5300000000279,-80.0
1990-03-28,0.0,8.489999999990687,-174.0,0.0,-182.4899999999907,20.0
1990-03-29,0.0,-4.14000000001397,-126.0000000000291,-0.009999999999999787,-121.86000000001513,-140.0
1990-03-30,0.0,11.75,-305.9999999998836,0.0,-317.7499999998836,20.0
1990-03-31,0.0,2.5599999999976717,-234.0,0.0,-236.55999999999767,110.0
1990-04-01,0.0,6.71999999997206,-336.0,0.0,-342.71999999997206,60.0
1990-04-02,0.0,-3.5600000000558794,-270.0,-0.010000000000000231,-266.4399999999441,-140.0
1990-04-03,0.0,-3.8400000000256114,-198.0,-0.010000000000000231,-194.1599999999744,-10.0
1990-04-04,0.0,3.4099999999743886,-228.0,0.0,-231.4099999999744,10.0
1990-04-05,0.0,-3.279999999998836,-108.0,0.0,-104.72000000000116,0.0
1990-04-06,0.0,2.070000000006985,-492.0,-0.009999999999999787,-494.070000000007,0.0
1990-04-07,0.0,-5.489999999990687,-329.9999999999709,0.0,-324.5099999999802,0.0
1990-04-08,0.0,-14.679999999993015,-120.0000000000291,0.0,-105.32000000003609,0.0
1990-04-09,0.0,4.5899999999965075,-59.99999999994179,-0.009999999999999787,-64.5899999999383,-50.0
1990-04-10,0.0,1.639999999984866,-60.000000000029104,0.0,-61.64000000001397,0.0
1990-04-11,0.0,-6.0899999999965075,-18.000000000029104,0.0,-11.910000000032596,0.0
1990-04-12,0.0,2.4200000000128057,-36.000000000029104,0.0,-38.42000000004191,0.0
1990-04-13,0.0,-0.0500000000174623,-60.0,0.0,-59.94999999998254,0.0
1990-04-14,0.0,-2.360000000015134,-18.000000000029104,0.0,-15.64000000001397,0.0
1990-04-15,0.0,-0.029999999998835847,0.0,0.0,0.029999999998835847,0.0
1990-04-16,0.0,-0.27999999999883585,0.0,0.0,0.27999999999883585,0.0
1990-04-17,0.0,0.0,-6.000000000029104,0.0,-6.000000000029104,0.0
1990-04-18,0.0,0.0,0.0,0.0,0.0,0.0
1990-04-19,0.0,0.0,0.0,0.0,0.0,0.0
1990-04-20,0.0,0.0,0.0,0.0,0.0,0.0
1990-04-21,0.0,0.0,-6.000000000029104,0.0,-6.000000000029104,0.0
1990-04-22,0.0,0.0,-18.0,0.0,-18.0,10.0
1990-04-23,0.0,0.17999999999301508,-78.0,-0.009999999999999787,-78.17999999999302,-70.0
1990-04-24,0.0,-0.1900000000023283,-30.0,0.0,-29.80999999999767,10.0
1990-04-25,0.0,-0.059999999997671694,-414.0,-0.020000000000000462,-413.9400000000023,-10.0
1990-04-26,0.0,1.3099999999976717,-516.0,-0.020000000000000462,-517.3099999999977,-10.0
1990-04-27,0.0,14.0,-3989.9999999995343,-0.10000000000000142,-4003.9999999995343,0.0
1990-04-28,0.0,-15.25,-377.9999999998836,-0.009999999999999787,-362.7499999998836,0.0
1990-04-29,0.0,0.0,-36.0,0.0,-36.0,20.0
1990-04-30,0.0,0.0,-36.0,0.0,-36.0,0.0
1990-05-01,0.0,0.0,-12.0,0.0,-12.0,0.0
1990-05-02,0.0,0.0,-6.0,0.0,-6.0,0.0
1990-05-03,0.0,0.0,-12.0,0.0,-12.0,0.0
1990-05-04,0.0,0.0,0.0,0.0,0.0,0.0
1990-05-05,0.0,0.0,0.0,0.0,0.0,0.0
1990-05-06,0.0,0.0,0.0,0.0,0.0,0.0
1990-05-07,0.0,0.0,0.0,0.0,0.0,0.0
1990-05-08,0.0,-0.060000000026775524,0.0,0.0,0.060000000026775524,0.0
1990-05-09,0.0,0.0,0.0,0.0,0.0,0.0
1990-05-10,0.0,0.0,0.0,0.0,0.0,0.0
1990-05-11,0.0,0.0,0.0,0.0,0.0,0.0
1990-05-12,0.0,0.0,0.0,0.0,0.0,0.0
1990-05-13,0.0,0.0,0.0,0.0,0.0,0.0
1990-05-14,0.0,0.0,-11.999999999970896,0.0,-11.999999999970896,10.0
1990-05-15,0.0,0.0,0.0,0.0,0.0,0.0
1990-05-16,0.0,0.0,0.0,0.0,0.0,0.0
1990-05-17,0.0,0.0,0.0,0.0,0.0,0.0
1990-05-18,0.0,0.0,0.0,0.0,0.0,0.0
1990-05-19,0.0,0.0,0.0,0.0,0.0,0.0
1990-05-20,0.0,0.0,0.0,0.0,0.0,0.0
1990-05-21,0.0,0.0,-24.000000000029104,0.0,-24.000000000029104,0.0
1990-05-22,0.0,0.0,-96.0000000000291,-0.010000000000000231,-96.0000000000291,-20.0
1990-05-23,0.0,0.010000000009313226,-137.9999999999709,0.0,-138.0099999999802,20.0
1990-05-24,0.0,-0.03999999997904524,-24.0,0.0,-23.960000000020955,20.0
1990-05-25,0.0,0.0,-12.000000000029104,0.0,-12.000000000029104,0.0
1990-05-26,0.0,0.0,-12.0,0.0,-12.0,10.0
1990-05-27,0.0,0.0,-269.9999999999418,-0.009999999999999787,-269.9999999999418,0.0
1990-05-28,0.0,-0.0500000000174623,-36.0,0.0,-35.94999999998254,0.0
1990-05-29,0.0,0.0,-83.9999999999709,0.0,-83.9999999999709,40.0
1990-05-30,0.0,0.01999999998952262,-96.0000000000291,-0.009999999999999787,-96.02000000001863,-40.0
1990-05-31,0.0,-0.01999999998952262,-42.0,0.0,-41.98000000001048,10.0
1990-06-01,0.0,-0.029999999998835847,-6.0,0.0,-5.970000000001164,0.0
1990-06-02,0.0,0.0500000000174623,-12.0,0.0,-12.050000000017462,0.0
1990-06-03,0.0,0.0,-204.0000000000291,-0.009999999999999787,-204.0000000000291,0.0
1990-06-04,0.0,0.0,-24.000000000029104,0.0,-24.000000000029104,10.0
1990-06-05,0.0,0.0,0.0,0.0,0.0,0.0
1990-06-06,0.0,-0.04000000000814907,-474.0,-0.029999999999999805,-473.95999999999185,0.0
1990-06-07,0.0,0.0,-18.0,0.0,-18.0,0.0
1990-06-08,0.0,0.0,-66.0,0.0,-66.0,20.0
1990-06-09,0.0,0.0,-95.9999999999709,0.0,-95.9999999999709,20.0
1990-06-10,0.0,0.0,-269.9999999999709,-0.009999999999999787,-269.9999999999709,0.0
1990-06-11,0.0,0.10999999998603016,-66.00000000005821,0.0,-66.11000000004424,20.0
1990-06-12,0.0,0.0,-522.0,-0.03000000000000025,-522.0,0.0
1990-06-13,0.0,0.10000000000582077,0.0,0.0,-0.10000000000582077,0.0
1990-06-14,0.0,0.0,0.0,0.0,0.0,0.0
1990-06-15,0.0,0.0,0.0,0.0,0.0,0.0
1990-06-16,0.0,0.0,0.0,0.0,0.0,0.0
1990-06-17,0.0,0.0,0.0,0.0,0.0,0.0
1990-06-18,0.0,0.0,0.0,0.0,0.0,0.0
1990-06-19,0.0,0.0,0.0,0.0,0.0,0.0
1990-06-20,0.0,0.0,0.0,0.0,0.0,0.0
1990-06-21,0.0,0.0,0.0,0.0,0.0,0.0
1990-06-22,0.0,0.01999999998952262,0.0,0.0,-0.01999999998952262,0.0
1990-06-23,0.0,0.0,0.0,0.0,0.0,0.0
1990-06-24,0.0,-0.029999999998835847,0.0,0.0,0.029999999998835847,0.0
1990-06-25,0.0,0.0,0.0,0.0,0.0,0.0
1990-06-26,0.0,0.0,0.0,0.0,0.0,0.0
1990-06-27,0.0,0.0,0.0,0.0,0.0,0.0
1990-06-28,0.0,0.0,0.0,0.0,0.0,0.0
1990-06-29,0.0,0.0,0.0,0.0,0.0,0.0
1990-06-30,0.0,0.0,0.0,0.0,0.0,0.0
1990-07-01,0.0,0.0,0.0,0.0,0.0,0.0
1990-07-02,0.0,0.0,0.0,0.0,0.0,0.0
1990-07-03,0.0,0.0,0.0,0.0,0.0,0.0
1990-07-04,0.0,0.0,0.0,0.0,0.0,0.0
1990-07-05,0.0,0.0,-6.000000000014552,0.0,-6.000000000014552,0.0
1990-07-06,0.0,0.0,0.0,0.0,0.0,0.0
1990-07-07,0.0,0.029999999998835847,0.0,0.0,-0.029999999998835847,0.0
1990-07-08,0.0,0.0,0.0,0.0,0.0,0.0
1990-07-09,0.0,0.0,0.0,0.0,0.0,0.0
1990-07-10,0.0,0.0,0.0,0.0,0.0,0.0
1990-07-11,0.0,0.0,0.0,0.0,0.0,0.0
1990-07-12,0.0,0.0,0.0,0.0,0.0,0.0
1990-07-13,0.0,0.0,0.0,0.0,0.0,0.0
1990-07-14,0.0,0.0,0.0,0.0,0.0,0.0
1990-07-15,0.0,0.0,0.0,0.0,0.0,0.0
1990-07-16,0.0,-0.029999999998835847,0.0,0.0,0.029999999998835847,0.0
1990-07-17,0.0,0.0,0.0,0.0,0.0,0.0
1990-07-18,0.0,0.0,0.0,0.0,0.0,0.0
1990-07-19,0.0,0.0,0.0,0.0,0.0,0.0
1990-07-20,0.0,0.0,0.0,0.0,0.0,0.0
1990-07-21,0.0,0.0,0.0,0.0,0.0,0.0
1990-07-22,0.0,0.0,0.0,0.0,0.0,0.0
1990-07-23,0.0,0.0,0.0,0.0,0.0,0.0
1990-07-24,0.0,0.0,0.0,0.0,0.0,0.0
1990-07-25,0.0,0.0,0.0,0.0,0.0,0.0
1990-07-26,0.0,0.0,0.0,0.0,0.0,0.0
1990-07-27,0.0,0.0,0.0,0.0,0.0,0.0
1990-07-28,0.0,0.0,0.0,0.0,0.0,0.0
1990-07-29,0.0,0.0,0.0,0.0,0.0,0.0
1990-07-30,0.0,0.0,0.0,0.0,0.0,0.0
1990-07-31,0.0,0.0,0.0,0.0,0.0,0.0
1990-08-01,0.0,-0.01999999998952262,0.0,0.0,0.01999999998952262,0.0
1990-08-02,0.0,0.020000000004074536,0.0,0.0,-0.020000000004074536,0.0
1990-08-03,0.0,0.0,0.0,0.0,0.0,0.0
1990-08-04,0.0,0.0,0.0,0.0,0.0,0.0
1990-08-05,0.0,0.0,0.0,0.0,0.0,0.0
1990-08-06,0.0,0.0,0.0,0.0,0.0,0.0
1990-08-07,0.0,0.0,0.0,0.0,0.0,0.0
1990-08-08,0.0,0.0,0.0,0.0,0.0,0.0
1990-08-09,0.0,0.0,0.0,0.0,0.0,0.0
1990-08-10,0.0,0.0,0.0,0.0,0.0,0.0
1990-08-11,0.0,0.0,0.0,0.0,0.0,0.0
1990-08-12,0.0,0.0,0.0,0.0,0.0,0.0
1990-08-13,0.0,0.0,0.0,0.0,0.0,0.0
1990-08-14,0.0,0.0,0.0,0.0,0.0,0.0
1990-08-15,0.0,0.0,0.0,0.0,0.0,0.0
1990-08-16,0.0,0.0,0.0,0.0,0.0,0.0
1990-08-17,0.0,0.0,0.0,0.0,0.0,0.0
1990-08-18,0.0,0.0,0.0,0.0,0.0,0.0
1990-08-19,0.0,0.0,0.0,0.0,0.0,0.0
1990-08-20,0.0,0.0,0.0,0.0,0.0,0.0
1990-08-21,0.0,0.0,0.0,0.0,0.0,0.0
1990-08-22,0.0,-0.00999999999476131,0.0,0.0,0.00999999999476131,0.0
1990-08-23,0.0,0.0,0.0,0.0,0.0,0.0
1990-08-24,0.0,0.0,0.0,0.0,0.0,0.0
1990-08-25,0.0,0.0,0.0,0.0,0.0,0.0
1990-08-26,0.0,0.0,0.0,0.0,0.0,0.0
1990-08-27,0.0,0.0,0.0,0.0,0.0,0.0
1990-08-28,0.0,0.0,0.0,0.0,0.0,0.0
1990-08-29,0.0,0.0,0.0,0.0,0.0,0.0
1990-08-30,0.0,0.0,0.0,0.0,0.0,0.0
1990-08-31,0.0,0.0,0.0,0.0,0.0,0.0
1990-09-01,0.0,0.0,0.0,0.0,0.0,0.0
1990-09-02,0.0,0.0,0.0,0.0,0.0,0.0
1990-09-03,0.0,0.0,0.0,0.0,0.0,0.0
1990-09-04,0.0,0.0,0.0,0.0,0.0,0.0
1990-09-05,0.0,0.0,0.0,0.0,0.0,0.0
1990-09-06,0.0,0.0,0.0,0.0,0.0,0.0
1990-09-07,0.0,0.0,0.0,0.0,0.0,0.0
1990-09-08,0.0,0.0,0.0,0.0,0.0,0.0
1990-09-09,0.0,0.0,0.0,0.0,0.0,0.0
1990-09-10,0.0,0.0,0.0,0.0,0.0,0.0
1990-09-11,0.0,0.0,0.0,0.0,0.0,0.0
1990-09-12,0.0,0.0,0.0,0.0,0.0,0.0
1990-09-13,0.0,0.0,0.0,0.0,0.0,0.0
1990-09-14,0.0,0.0,0.0,0.0,0.0,0.0
1990-09-15,0.0,0.0,0.0,0.0,0.0,0.0
1990-09-16,0.0,0.0,0.0,0.0,0.0,0.0
1990-09-17,0.0,0.0,0.0,0.0,0.0,0.0
1990-09-18,0.0,0.0,0.0,0.0,0.0,0.0
1990-09-19,0.0,0.0,0.0,0.0,0.0,0.0
1990-09-20,0.0,0.0,0.0,0.0,0.0,0.0
1990-09-21,0.0,0.0,0.0,0.0,0.0,0.0
1990-09-22,0.0,0.0,0.0,0.0,0.0,0.0
1990-09-23,0.0,0.0,0.0,0.0,0.0,0.0
1990-09-24,0.0,0.0,0.0,0.0,0.0,0.0
1990-09-25,0.0,0.0,0.0,0.0,0.0,0.0
1990-09-26,0.0,0.0,0.0,0.0,0.0,0.0
1990-09-27,0.0,0.0,0.0,0.0,0.0,0.0
1990-09-28,0.0,0.0,0.0,0.0,0.0,0.0
1990-09-29,0.0,0.0,0.0,0.0,0.0,0.0
1990-09-30,0.0,0.0,0.0,0.0,0.0,0.0
1990-10-01,0.0,0.0,0.0,0.0,0.0,0.0
1990-10-02,0.0,0.0,0.0,0.0,0.0,0.0
1990-10-03,0.0,0.0,0.0,0.0,0.0,0.0
1990-10-04,0.0,0.0,0.0,0.0,0.0,0.0
1990-10-05,0.0,0.0,0.0,0.0,0.0,0.0
1990-10-06,0.0,0.0,0.0,0.0,0.0,0.0
1990-10-07,0.0,0.0,0.0,0.0,0.0,0.0
1990-10-08,0.0,0.0,0.0,0.0,0.0,0.0
1990-10-09,0.0,0.0,0.0,0.0,0.0,0.0
1990-10-10,0.0,0.0,0.0,0.0,0.0,0.0
1990-10-11,0.0,0.0,0.0,0.0,0.0,0.0
1990-10-12,0.0,0.0,0.0,0.0,0.0,0.0
1990-10-13,0.0,0.0,0.0,0.0,0.0,0.0
1990-10-14,0.0,0.0,0.0,0.0,0.0,0.0
1990-10-15,0.0,0.0,0.0,0.0,0.0,0.0
1990-10-16,0.0,0.0,0.0,0.0,0.0,0.0
1990-10-17,0.0,0.0,0.0,0.0,0.0,0.0
1990-10-18,0.0,0.0,0.0,0.0,0.0,0.0
1990-10-19,0.0,0.0,0.0,0.0,0.0,0.0
1990-10-20,0.0,0.0,0.0,0.0,0.0,0.0
1990-10-21,0.0,0.0,-129.59999999999127,0.0,-129.59999999999127,10.0
1990-10-22,0.0,0.0,0.5999999999985448,0.0,0.5999999999985448,0.0
1990-10-23,0.0,-0.00999999999476131,0.0,0.0,0.00999999999476131,0.0
1990-10-24,0.0,0.0,0.0,0.0,0.0,0.0
1990-10-25,0.0,0.0,0.0,0.0,0.0,0.0
1990-10-26,0.0,0.0,0.0,0.0,0.0,0.0
1990-10-27,0.0,0.0,0.0,0.0,0.0,0.0
1990-10-28,0.0,0.0,0.0,0.0,0.0,0.0
1990-10-29,0.0,0.0,-5.400000000008731,-0.0010000000000000009,-5.400000000008731,-20.0
1990-10-30,0.0,0.0,-135.0,-0.010000000000000009,-135.0,-10.0
1990-10-31,0.0,0.0,-11.400000000008731,0.0,-11.400000000008731,0.0
1990-11-01,0.0,-0.029999999998835847,-2.400000000023283,0.0,-2.370000000024447,0.0
1990-11-02,0.0,0.0,0.0,0.0,0.0,0.0
1990-11-03,0.0,0.5899999999965075,-4.19999999999709,0.0,-4.789999999993597,0.0
1990-11-04,0.0,-0.5500000000029104,-60.00000000001455,0.0,-59.45000000001164,20.0
1990-11-05,0.0,-0.05000000000291038,-6.000000000014552,0.0,-5.9500000000116415,0.0
1990-11-06,0.0,0.0,0.0,0.0,0.0,0.0
1990-11-07,0.0,0.05000000000291038,-24.0,0.0,-24.05000000000291,10.0
1990-11-08,0.0,-0.059999999997671694,-6.000000000014552,0.0,-5.94000000001688,0.0
1990-11-09,0.0,-0.11000000000058208,-17.999999999985448,0.0,-17.889999999984866,20.0
1990-11-10,0.0,0.07000000000698492,0.0,0.0,-0.07000000000698492,0.0
1990-11-11,0.0,-0.00999999999476131,0.0,0.0,0.00999999999476131,0.0
1990-11-12,0.0,0.010000000009313226,-6.0,0.0,-6.010000000009313,10.0
1990-11-13,0.0,0.09000000002561137,-204.0,-0.010000000000000231,-204.0900000000256,-50.0
1990-11-14,0.0,-0.059999999997671694,0.0,0.0,0.059999999997671694,0.0
1990-11-15,0.0,-0.029999999998835847,0.0,0.0,0.029999999998835847,0.0
1990-11-16,0.0,0.0,0.0,0.0,0.0,0.0
1990-11-17,0.0,0.0,0.0,0.0,0.0,0.0
1990-11-18,0.0,0.0,-5.999999999985448,0.0,-5.999999999985448,10.0
1990-11-19,0.0,0.0,-42.0,0.0,-42.0,10.0
1990-11-20,0.0,0.059999999997671694,-59.999999999970896,0.0,-60.05999999996857,10.0
1990-11-21,0.0,0.25,-162.0,0.0,-162.25,30.0
1990-11-22,0.0,-0.4200000000128057,-162.0,0.0,-161.5799999999872,30.0
1990-11-23,0.0,0.0,-6.0,0.0,-6.0,10.0
1990-11-24,0.0,0.060000000055879354,-2436.0000000001164,-0.09999999999999787,-2436.0600000001723,-40.0
1990-11-25,0.0,0.16000000000349246,-252.0000000000291,-0.010000000000000231,-252.1600000000326,0.0
1990-11-26,0.0,-0.14999999999417923,-66.0000000000291,0.0,-65.85000000003492,0.0
1990-11-27,0.0,0.22000000000116415,-143.9999999999709,0.0,-144.21999999997206,20.0
1990-11-28,0.0,-0.139999999984866,-30.000000000029104,0.0,-29.860000000044238,10.0
1990-11-29,0.0,7.940000000002328,-408.0,-0.010000000000000675,-415.9400000000023,-20.0
1990-11-30,0.0,-7.919999999983702,-120.0000000000291,0.0,-112.0800000000454,0.0
1990-12-01,0.0,0.0,-522.0,-0.020000000000000462,-522.0,0.0
1990-12-02,0.0,0.0,-48.0,0.0,-48.0,0.0
1990-12-03,0.0,0.0,-83.9999999999709,0.0,-83.9999999999709,30.0
1990-12-04,0.0,1.889999999984866,-198.0000000000291,-0.010000000000000231,-199.89000000001397,-40.0
1990-12-05,0.0,-1.0799999999871943,-12.000000000029104,0.0,-10.92000000004191,0.0
1990-12-06,0.0,-0.8799999999755528,-18.000000000029104,0.0,-17.12000000005355,0.0
1990-12-07,0.0,0.0,0.0,0.0,0.0,0.0
1990-12-08,0.0,0.12999999997555278,-48.000000000029104,0.0,-48.13000000000466,0.0
1990-12-09,0.0,18.94000000000233,-294.0,0.0,-312.9400000000023,20.0
1990-12-10,0.0,-8.71999999997206,-528.0,-0.009999999999999787,-519.2800000000279,10.0
1990-12-11,0.0,-10.420000000012806,-66.0000000000291,0.0,-55.5800000000163,0.0
1990-12-12,0.0,-0.029999999998835847,-42.0,0.0,-41.970000000001164,30.0
1990-12-13,0.0,-0.029999999998835847,-42.0,0.0,-41.970000000001164,30.0
1990-12-14,0.0,0.0,-17.999999999970896,-0.010000000000000231,-17.999999999970896,-60.0
1990-12-15,0.0,0.0,-96.00000000005821,-0.010000000000000231,-96.00000000005821,-160.0
1990-12-16,0.0,0.0,-107.9999999999709,-0.020000000000000018,-107.9999999999709,0.0
1990-12-17,0.0,0.7800000000279397,-144.0,0.0,-144.78000000002794,100.0
1990-12-18,0.0,-0.9699999999720603,-222.0,-0.020000000000000018,-221.03000000002794,0.0
1990-12-19,0.0,0.04999999998835847,-120.0,-0.020000000000000018,-120.04999999998836,0.0
1990-12-20,0.0,0.0,-66.0,-0.009999999999999787,-66.0,0.0
1990-12-21,0.0,0.0,-36.0,-0.009999999999999787,-36.0,0.0
1990-12-22,0.0,0.0,-42.0,-0.010000000000000231,-42.0,0.0
1990-12-23,0.0,0.059999999997671694,-29.999999999970896,-0.010000000000000231,-30.059999999968568,0.0
1990-12-24,0.0,-0.059999999997671694,-24.000000000029104,0.0,-23.940000000031432,10.0
1990-12-25,0.0,0.0,-30.0,0.0,-30.0,10.0
1990-12-26,0.0,-0.01999999998952262,-78.0,-0.010000000000000231,-77.98000000001048,-50.0
1990-12-27,0.0,0.0,-95.9999999999709,-0.010000000000000231,-95.9999999999709,-40.0
1990-12-28,0.0,0.0,-24.000000000058208,0.0,-24.000000000058208,0.0
1990-12-29,0.0,-0.010000000009313226,-11.999999999970896,0.0,-11.989999999961583,0.0
1990-12-30,0.0,0.0,-6.0,0.0,-6.0,0.0
1990-12-31,0.0,0.0,-24.0,0.0,-24.0,20.0
1991-01-01,0.0,0.0,-36.0,0.0,-36.0,10.0
1991-01-02,0.0,0.0,-30.0,-0.009999999999999787,-30.0,-10.0
1991-01-03,0.0,0.0,-24.000000000058208,0.0,-24.000000000058208,0.0
1991-01-04,0.0,0.0,-6.0,0.0,-6.0,0.0
1991-01-05,0.0,0.0,-6.000000000029104,0.0,-6.000000000029104,0.0
1991-01-06,0.0,0.0,-6.000000000029104,0.0,-6.000000000029104,0.0
1991-01-07,0.0,0.0,-24.0,0.0,-24.0,10.0
1991-01-08,0.0,0.010000000009313226,-6.000000000029104,0.0,-6.010000000038417,10.0
1991-01-09,0.0,-0.029999999998835847,-6.0,0.0,-5.970000000001164,0.0
1991-01-10,0.0,5.75,-234.0,0.0,-239.75,60.0
1991-01-11,0.0,24.309999999939464,-732.0,-0.009999999999999787,-756.3099999999395,-60.0
1991-01-12,0.0,1.1199999999953434,-810.0000000001164,-0.009999999999999787,-811.1200000001118,-20.0
1991-01-13,0.0,-1.5,-636.0000000002328,-0.009999999999999787,-634.5000000002328,0.0
1991-01-14,0.0,30.5,-1031.9999999997672,0.0,-1062.4999999997672,20.0
1991-01-15,0.0,-30.25,-737.9999999998836,0.0,-707.7499999998836,0.0
1991-01-16,0.0,-30.19000000000233,-270.0000000000582,0.0,-239.81000000005588,0.0
1991-01-17,0.0,14.5,-35.99999999994179,0.0,-50.49999999994179,30.0
1991-01-18,0.0,0.779999999969732,-210.0,0.0,-210.77999999996973,40.0
1991-01-19,0.0,-15.5,-144.0,-0.009999999999999787,-128.5,0.0
1991-01-20,0.0,0.0,-30.0,0.0,-30.0,0.0
1991-01-21,0.0,0.0,-90.0,-0.009999999999999787,-90.0,-200.0
1991-01-22,0.0,0.0,-66.0,0.0,-66.0,10.0
1991-01-23,0.0,0.04000000000814907,-12.0,0.0,-12.040000000008149,0.0
1991-01-24,0.0,-0.01999999998952262,0.0,0.0,0.01999999998952262,0.0
1991-01-25,0.0,0.0,0.0,0.0,0.0,0.0
1991-01-26,0.0,0.0,-6.0,0.0,-6.0,0.0
1991-01-27,0.0,-0.01999999998952262,-6.000000000029104,0.0,-5.980000000039581,0.0
1991-01-28,0.0,0.0,-12.0,-0.009999999999999787,-12.0,-140.0
1991-01-29,0.0,0.0,-36.0,-0.009999999999999787,-36.0,-110.0
1991-01-30,0.0,0.010000000009313226,-6.0,0.0,-6.010000000009313,0.0
1991-01-31,0.0,0.04999999998835847,-17.999999999970896,-0.010000000000000231,-18.049999999959255,-150.0
1991-02-01,0.0,0.4400000000023283,-6.000000000029104,0.0,-6.440000000031432,0.0
1991-02-02,0.0,8.25,-228.0,0.0,-236.25,10.0
1991-02-03,0.0,1.0599999999976717,-222.00000000011642,0.0,-223.0600000001141,30.0
1991-02-04,0.0,0.46000000002095476,-414.0000000000582,-0.009999999999999787,-414.46000000007916,0.0
1991-02-05,0.0,-7.970000000030268,-216.0,0.0,-208.02999999996973,0.0
1991-02-06,0.0,0.29999999998835847,-42.000000000029104,0.0,-42.30000000001746,10.0
1991-02-07,0.0,-0.7099999999918509,-47.999999999970896,0.0,-47.289999999979045,0.0
1991-02-08,0.0,-0.23000000001047738,-18.0,0.0,-17.769999999989523,0.0
1991-02-09,0.0,-2.129999999975553,-12.000000000029104,0.0,-9.870000000053551,0.0
1991-02-10,0.0,-0.17000000001280569,-6.000000000029104,0.0,-5.830000000016298,0.0
1991-02-11,0.0,0.139999999984866,-6.000000000029104,0.0,-6.14000000001397,10.0
1991-02-12,0.0,-0.5,-648.0000000000582,-0.020000000000000462,-647.5000000000582,0.0
1991-02-13,0.0,-0.030000000027939677,-762.0,-0.02999999999999936,-761.9699999999721,-10.0
1991-02-14,0.0,0.17000000001280569,-72.0000000000291,-0.010000000000000231,-72.17000000004191,-130.0
1991-02-15,0.0,0.06999999997788109,-30.0,0.0,-30.06999999997788,0.0
1991-02-16,0.0,0.0,-191.9999999999418,-0.010000000000000231,-191.9999999999418,-10.0
1991-02-17,0.0,0.0,-162.0,-0.009999999999999787,-162.0,-30.0
1991-02-18,0.0,0.0,-132.0000000000291,-0.009999999999999787,-132.0000000000291,-80.0
1991-02-19,0.0,0.0,-545.9999999998836,-0.020000000000000462,-545.9999999998836,0.0
1991-02-20,0.0,0.09999999997671694,-426.0,-0.009999999999999787,-426.0999999999767,10.0
1991-02-21,0.0,-0.0500000000174623,-6.0,0.0,-5.949999999982538,0.0
1991-02-22,0.0,-0.029999999998835847,0.0,0.0,0.029999999998835847,0.0
1991-02-23,0.0,-0.010000000009313226,-6.000000000029104,0.0,-5.990000000019791,0.0
1991-02-24,0.0,0.01999999998952262,-12.0,0.0,-12.019999999989523,0.0
1991-02-25,0.0,-0.029999999998835847,0.0,0.0,0.029999999998835847,0.0
1991-02-26,0.0,0.01999999998952262,0.0,0.0,-0.01999999998952262,0.0
1991-02-27,0.0,0.0,0.0,0.0,0.0,0.0
1991-02-28,0.0,0.0,0.0,0.0,0.0,0.0
1991-03-01,0.0,0.0,-12.000000000029104,0.0,-12.000000000029104,10.0
1991-03-02,0.0,1.6900000000023283,-581.9999999999418,-0.009999999999999787,-583.6899999999441,0.0
1991-03-03,0.0,-1.75,-996.0,0.0,-994.25,0.0
1991-03-04,0.0,0.25,-168.0,-0.009999999999999787,-168.25,-30.0
1991-03-05,0.0,0.07999999998719431,-108.0000000000291,0.0,-108.0800000000163,20.0
1991-03-06,0.0,0.0,-318.0,-0.010000000000000675,-318.0,0.0
1991-03-07,0.0,0.0,-120.0,0.0,-120.0,30.0
1991-03-08,0.0,-0.06999999997788109,-77.9999999999709,0.0,-77.92999999999302,20.0
1991-03-09,0.0,0.0,-83.9999999999709,0.0,-83.9999999999709,10.0
1991-03-10,0.0,0.0,-132.0000000000291,0.0,-132.0000000000291,30.0
1991-03-11,0.0,0.0,-215.9999999999709,0.0,-215.9999999999709,80.0
1991-03-12,0.0,0.2600000000093132,-227.9999999999418,-0.009999999999999787,-228.2599999999511,-10.0
1991-03-13,0.0,-0.139999999984866,-18.000000000029104,0.0,-17.860000000044238,10.0
1991-03-14,0.0,-0.10999999998603016,-54.0,0.0,-53.89000000001397,20.0
1991-03-15,0.0,0.0,-17.999999999970896,0.0,-17.999999999970896,0.0
1991-03-16,0.0,-0.01999999998952262,-6.0,0.0,-5.980000000010477,0.0
1991-03-17,0.0,0.0,-30.0,0.0,-30.0,0.0
1991-03-18,0.0,0.0,-6.000000000029104,0.0,-6.000000000029104,0.0
1991-03-19,0.0,0.0,0.0,0.0,0.0,0.0
1991-03-20,0.0,-0.029999999998835847,0.0,0.0,0.029999999998835847,0.0
1991-03-21,0.0,-0.029999999998835847,-6.0,0.0,-5.970000000001164,0.0
1991-03-22,0.0,0.0,-23.999999999970896,0.0,-23.999999999970896,10.0
1991-03-23,0.0,0.029999999998835847,-48.000000000029104,-0.010000000000000231,-48.03000000002794,-260.0
1991-03-24,0.0,0.14000000001396984,-18.000000000029104,0.0,-18.140000000043074,0.0
1991-03-25,0.0,-0.18999999997322448,0.0,0.0,0.18999999997322448,0.0
1991-03-26,0.0,0.07000000000698492,0.0,0.0,-0.07000000000698492,0.0
1991-03-27,0.0,0.0,0.0,0.0,0.0,0.0
1991-03-28,0.0,-0.04000000000814907,0.0,0.0,0.04000000000814907,0.0
1991-03-29,0.0,0.0,0.0,0.0,0.0,0.0
1991-03-30,0.0,0.0,-6.0,0.0,-6.0,0.0
1991-03-31,0.0,-0.01999999998952262,-6.0,0.0,-5.980000000010477,0.0
1991-04-01,0.0,-0.029999999998835847,0.0,0.0,0.029999999998835847,0.0
1991-04-02,0.0,0.0,0.0,0.0,0.0,0.0
1991-04-03,0.0,0.08000000001629815,-6.0,0.0,-6.080000000016298,0.0
1991-04-04,0.0,0.0,-228.0,-0.009999999999999787,-228.0,-10.0
1991-04-05,0.0,0.0,-264.0,-0.010000000000000231,-264.0,0.0
1991-04-06,0.0,0.22000000000116415,-101.9999999999709,0.0,-102.21999999997206,10.0
1991-04-07,0.0,-0.10999999998603016,-216.0,-0.009999999999999787,-215.89000000001397,0.0
1991-04-08,0.0,-0.12000000005355105,-995.9999999998836,-0.040000000000000036,-995.87999999983,0.0
1991-04-09,0.0,0.0,-1409.9999999998836,-0.09999999999999964,-1409.9999999998836,-30.0
1991-04-10,0.0,0.059999999997671694,-323.9999999999709,-0.04999999999999982,-324.05999999996857,0.0
1991-04-11,0.0,0.0,-324.0,-0.04999999999999982,-324.0,0.0
1991-04-12,0.0,-0.010000000009313226,-48.0,-0.009999999999999787,-47.98999999999069,-30.0
1991-04-13,0.0,0.9700000000011642,-72.0000000000291,-0.009999999999999787,-72.97000000003027,-60.0
1991-04-14,0.0,-1.0299999999988358,-53.999999999970896,0.0,-52.96999999997206,20.0
1991-04-15,0.0,0.029999999998835847,-30.0,0.0,-30.029999999998836,0.0
1991-04-16,0.0,0.0,-18.0,-0.009999999999999787,-18.0,-100.0
1991-04-17,0.0,0.0,-6.000000000058208,0.0,-6.000000000058208,0.0
1991-04-18,0.0,0.0,0.0,0.0,0.0,0.0
1991-04-19,0.0,0.0,0.0,0.0,0.0,0.0
1991-04-20,0.0,0.0,0.0,0.0,0.0,0.0
1991-04-21,0.0,0.0,0.0,0.0,0.0,0.0
1991-04-22,0.0,0.0,0.0,0.0,0.0,0.0
1991-04-23,0.0,0.0,0.0,0.0,0.0,0.0
1991-04-24,0.0,0.0,0.0,0.0,0.0,0.0
1991-04-25,0.0,0.0,-30.0,0.0,-30.0,10.0
1991-04-26,0.0,0.2600000000093132,-167.9999999999709,0.0,-168.2599999999802,10.0
1991-04-27,0.0,-0.23000000001047738,-96.0,-0.009999999999999787,-95.76999999998952,-20.0
1991-04-28,0.0,0.0,-30.000000000029104,0.0,-30.000000000029104,0.0
1991-04-29,0.0,0.0,0.0,0.0,0.0,0.0
1991-04-30,0.0,-0.010000000009313226,0.0,0.0,0.010000000009313226,0.0
1991-05-01,0.0,0.0,0.0,0.0,0.0,0.0
1991-05-02,0.0,0.0,0.0,0.0,0.0,0.0
1991-05-03,0.0,0.0,0.0,0.0,0.0,0.0
1991-05-04,0.0,0.0,0.0,0.0,0.0,0.0
1991-05-05,0.0,0.0,0.0,0.0,0.0,0.0
1991-05-06,0.0,0.0,0.0,0.0,0.0,0.0
1991-05-07,0.0,0.0,-138.0,0.0,-138.0,30.0
1991-05-08,0.0,0.0,-210.0,0.0,-210.0,10.0
1991-05-09,0.0,0.0,-29.999999999970896,0.0,-29.999999999970896,20.0
1991-05-10,0.0,0.0,-11.999999999970896,0.0,-11.999999999970896,0.0
1991-05-11,0.0,0.0,-12.0,0.0,-12.0,0.0
1991-05-12,0.0,0.0,-6.0,0.0,-6.0,0.0
1991-05-13,0.0,0.0,-6.0,0.0,-6.0,0.0
1991-05-14,0.0,0.0,0.0,0.0,0.0,0.0
1991-05-15,0.0,0.0,-6.0,0.0,-6.0,0.0
1991-05-16,0.0,0.0,-18.0,0.0,-18.0,20.0
1991-05-17,0.0,0.0,-324.0,-0.020000000000000018,-324.0,0.0
1991-05-18,0.0,0.08000000001629815,-90.0,0.0,-90.0800000000163,20.0
1991-05-19,0.0,-0.060000000026775524,-24.0,0.0,-23.939999999973224,20.0
1991-05-20,0.0,-0.029999999998835847,-6.0,0.0,-5.970000000001164,0.0
1991-05-21,0.0,0.0,0.0,0.0,0.0,0.0
1991-05-22,0.0,0.0,0.0,0.0,0.0,0.0
1991-05-23,0.0,0.0,0.0,0.0,0.0,0.0
1991-05-24,0.0,0.0,0.0,0.0,0.0,0.0
1991-05-25,0.0,-0.029999999998835847,0.0,0.0,0.029999999998835847,0.0
1991-05-26,0.0,0.0,0.0,0.0,0.0,0.0
1991-05-27,0.0,0.0,0.0,0.0,0.0,0.0
1991-05-28,0.0,0.0,0.0,0.0,0.0,0.0
1991-05-29,0.0,0.0,0.0,0.0,0.0,0.0
1991-05-30,0.0,0.0,0.0,0.0,0.0,0.0
1991-05-31,0.0,0.04999999998835847,0.0,0.0,-0.04999999998835847,0.0
1991-06-01,0.0,0.0,0.0,0.0,0.0,0.0
1991-06-02,0.0,0.0,0.0,0.0,0.0,0.0
1991-06-03,0.0,-0.010000000009313226,0.0,0.0,0.010000000009313226,0.0
1991-06-04,0.0,0.07000000000698492,0.0,0.0,-0.07000000000698492,0.0
1991-06-05,0.0,0.0,0.0,0.0,0.0,0.0
1991-06-06,0.0,0.0,0.0,0.0,0.0,0.0
1991-06-07,0.0,0.0,0.0,0.0,0.0,0.0
1991-06-08,0.0,0.0,0.0,0.0,0.0,0.0
1991-06-09,0.0,0.0,0.0,0.0,0.0,0.0
1991-06-10,0.0,0.0,0.0,0.0,0.0,0.0
1991-06-11,0.0,0.0,0.0,0.0,0.0,0.0
1991-06-12,0.0,0.0,0.0,0.0,0.0,0.0
1991-06-13,0.0,0.0,0.0,0.0,0.0,0.0
1991-06-14,0.0,0.0,0.0,0.0,0.0,0.0
1991-06-15,0.0,0.0,0.0,0.0,0.0,0.0
1991-06-16,0.0,-0.020000000004074536,0.0,0.0,0.020000000004074536,0.0
1991-06-17,0.0,0.0,0.0,0.0,0.0,0.0
1991-06-18,0.0,0.0,0.0,0.0,0.0,0.0
1991-06-19,0.0,0.029999999998835847,0.0,0.0,-0.029999999998835847,0.0
1991-06-20,0.0,-0.04000000000814907,-12.0,0.0,-11.959999999991851,20.0
1991-06-21,0.0,0.0,0.0,0.0,0.0,0.0
1991-06-22,0.0,0.0,0.0,0.0,0.0,0.0
1991-06-23,0.0,0.0,0.0,0.0,0.0,0.0
1991-06-24,0.0,0.0,0.0,0.0,0.0,0.0
1991-06-25,0.0,0.0,0.0,0.0,0.0,0.0
1991-06-26,0.0,0.0,0.0,0.0,0.0,0.0
1991-06-27,0.0,0.0,0.0,0.0,0.0,0.0
1991-06-28,0.0,0.0,0.0,0.0,0.0,0.0
1991-06-29,0.0,-0.05000000000291038,0.0,0.0,0.05000000000291038,0.0
1991-06-30,0.0,0.01999999998952262,0.0,0.0,-0.01999999998952262,0.0
1991-07-01,0.0,0.0,0.0,0.0,0.0,0.0
1991-07-02,0.0,0.0,0.0,0.0,0.0,0.0
1991-07-03,0.0,-0.020000000004074536,0.0,0.0,0.020000000004074536,0.0
1991-07-04,0.0,0.03999999999359716,0.0,0.0,-0.03999999999359716,0.0
1991-07-05,0.0,0.0,0.0,0.0,0.0,0.0
1991-07-06,0.0,0.0,0.0,0.0,0.0,0.0
1991-07-07,0.0,0.0,0.0,0.0,0.0,0.0
1991-07-08,0.0,-0.010000000009313226,0.0,0.0,0.010000000009313226,0.0
1991-07-09,0.0,0.010000000009313226,0.0,0.0,-0.010000000009313226,0.0
1991-07-10,0.0,0.0,0.0,0.0,0.0,0.0
1991-07-11,0.0,0.0,0.0,0.0,0.0,0.0
1991-07-12,0.0,0.0,0.0,0.0,0.0,0.0
1991-07-13,0.0,-0.029999999998835847,0.0,0.0,0.029999999998835847,0.0
1991-07-14,0.0,0.0,0.0,0.0,0.0,0.0
1991-07-15,0.0,0.0,0.0,0.0,0.0,0.0
1991-07-16,0.0,0.0,0.0,0.0,0.0,0.0
1991-07-17,0.0,0.0,0.0,0.0,0.0,0.0
1991-07-18,0.0,0.0,0.0,0.0,0.0,0.0
1991-07-19,0.0,0.0,0.0,0.0,0.0,0.0
1991-07-20,0.0,0.0,0.0,0.0,0.0,0.0
1991-07-21,0.0,0.0,0.0,0.0,0.0,0.0
1991-07-22,0.0,0.0,0.0,0.0,0.0,0.0
1991-07-23,0.0,0.0,0.0,0.0,0.0,0.0
1991-07-24,0.0,0.0,0.0,0.0,0.0,0.0
1991-07-25,0.0,0.010000000009313226,0.0,0.0,-0.010000000009313226,0.0
1991-07-26,0.0,0.010000000009313226,0.0,0.0,-0.010000000009313226,0.0
1991-07-27,0.0,0.0,0.0,0.0,0.0,0.0
1991-07-28,0.0,0.00999999999476131,0.0,0.0,-0.00999999999476131,0.0
1991-07-29,0.0,0.0,0.0,0.0,0.0,0.0
1991-07-30,0.0,0.0,0.0,0.0,0.0,0.0
1991-07-31,0.0,0.0,0.0,0.0,0.0,0.0
1991-08-01,0.0,0.0,0.0,0.0,0.0,0.0
1991-08-02,0.0,0.0,0.0,0.0,0.0,0.0
1991-08-03,0.0,0.0,0.0,0.0,0.0,0.0
1991-08-04,0.0,0.0,0.0,0.0,0.0,0.0
1991-08-05,0.0,0.0,0.0,0.0,0.0,0.0
1991-08-06,0.0,0.0,0.0,0.0,0.0,0.0
1991-08-07,0.0,0.0,0.5999999999985448,0.0,0.5999999999985448,0.0
1991-08-08,0.0,0.0,0.0,0.0,0.0,0.0
1991-08-09,0.0,0.0,0.0,0.0,0.0,0.0
1991-08-10,0.0,0.0,0.0,0.0,0.0,0.0
1991-08-11,0.0,0.0,0.0,0.0,0.0,0.0
1991-08-12,0.0,0.0,0.0,0.0,0.0,0.0
1991-08-13,0.0,0.0,0.0,0.0,0.0,0.0
1991-08-14,0.0,0.0,0.0,0.0,0.0,0.0
1991-08-15,0.0,0.0,0.0,0.0,0.0,0.0
1991-08-16,0.0,0.0,0.0,0.0,0.0,0.0
1991-08-17,0.0,0.0,0.0,0.0,0.0,0.0
1991-08-18,0.0,0.0,0.0,0.0,0.0,0.0
1991-08-19,0.0,0.0,-0.5999999999985448,0.0,-0.5999999999985448,0.0
1991-08-20,0.0,0.0,0.0,0.0,0.0,0.0
1991-08-21,0.0,0.0,0.0,0.0,0.0,0.0
1991-08-22,0.0,0.0,0.0,0.0,0.0,0.0
1991-08-23,0.0,0.0,0.0,0.0,0.0,0.0
1991-08-24,0.0,0.0,0.0,0.0,0.0,0.0
1991-08-25,0.0,0.0,0.0,0.0,0.0,0.0
1991-08-26,0.0,0.0,0.0,0.0,0.0,0.0
1991-08-27,0.0,0.0,0.0,0.0,0.0,0.0
1991-08-28,0.0,0.0,0.0,0.0,0.0,0.0
1991-08-29,0.0,0.0,0.0,0.0,0.0,0.0
1991-08-30,0.0,0.0,0.0,0.0,0.0,0.0
1991-08-31,0.0,0.0,0.0,0.0,0.0,0.0
1991-09-01,0.0,0.0,0.0,0.0,0.0,0.0
1991-09-02,0.0,0.0,0.0,0.0,0.0,0.0
1991-09-03,0.0,0.0,0.0,0.0,0.0,0.0
1991-09-04,0.0,0.0,0.0,0.0,0.0,0.0
1991-09-05,0.0,0.0,0.0,0.0,0.0,0.0
1991-09-06,0.0,0.0,0.0,0.0,0.0,0.0
1991-09-07,0.0,0.0,0.0,0.0,0.0,0.0
1991-09-08,0.0,0.0,0.0,0.0,0.0,0.0
1991-09-09,0.0,0.0,0.0,0.0,0.0,0.0
1991-09-10,0.0,0.0,0.0,0.0,0.0,0.0
1991-09-11,0.0,0.0,0.0,0.0,0.0,0.0
1991-09-12,0.0,0.0,0.0,0.0,0.0,0.0
1991-09-13,0.0,0.0,0.0,0.0,0.0,0.0
1991-09-14,0.0,0.0,0.0,0.0,0.0,0.0
1991-09-15,0.0,0.0,0.0,0.0,0.0,0.0
1991-09-16,0.0,0.0,0.0,0.0,0.0,0.0
1991-09-17,0.0,0.0,0.0,0.0,0.0,0.0
1991-09-18,0.0,0.0,0.0,0.0,0.0,0.0
1991-09-19,0.0,0.0,0.0,0.0,0.0,0.0
1991-09-20,0.0,0.0,0.0,0.0,0.0,0.0
1991-09-21,0.0,0.0,0.0,0.0,0.0,0.0
1991-09-22,0.0,0.0,0.0,0.0,0.0,0.0
1991-09-23,0.0,0.0,0.0,0.0,0.0,0.0
1991-09-24,0.0,0.0,0.0,0.0,0.0,0.0
1991-09-25,0.0,0.0,0.0,0.0,0.0,0.0
1991-09-26,0.0,0.0,0.0,0.0,0.0,0.0
1991-09-27,0.0,0.0,0.0,0.0,0.0,0.0
1991-09-28,0.0,0.0,0.0,0.0,0.0,0.0
1991-09-29,0.0,0.0,0.0,0.0,0.0,0.0
1991-09-30,0.0,0.0,0.0,0.0,0.0,0.0
1991-10-01,0.0,0.0,0.0,0.0,0.0,0.0
1991-10-02,0.0,0.0,0.0,0.0,0.0,0.0
1991-10-03,0.0,0.0,0.0,0.0,0.0,0.0
1991-10-04,0.0,0.0,0.0,0.0,0.0,0.0
1991-10-05,0.0,0.0,0.0,0.0,0.0,0.0
1991-10-06,0.0,0.0,0.0,0.0,0.0,0.0
1991-10-07,0.0,0.0,0.0,0.0,0.0,0.0
1991-10-08,0.0,0.0,0.0,0.0,0.0,0.0
1991-10-09,0.0,0.0,0.0,0.0,0.0,0.0
1991-10-10,0.0,0.0,0.0,0.0,0.0,0.0
1991-10-11,0.0,0.0,0.0,0.0,0.0,0.0
1991-10-12,0.0,0.0,0.0,0.0,0.0,0.0
1991-10-13,0.0,0.0,0.0,0.0,0.0,0.0
1991-10-14,0.0,0.0,0.0,0.0,0.0,0.0
1991-10-15,0.0,0.0,0.0,0.0,0.0,0.0
1991-10-16,0.0,0.0,0.0,0.0,0.0,0.0
1991-10-17,0.0,0.0,0.0,0.0,0.0,0.0
1991-10-18,0.0,0.0,0.0,0.0,0.0,0.0
1991-10-19,0.0,0.0,0.0,0.0,0.0,0.0
1991-10-20,0.0,0.0,0.0,0.0,0.0,0.0
1991-10-21,0.0,0.0,0.0,0.0,0.0,0.0
1991-10-22,0.0,0.0,0.0,0.0,0.0,0.0
1991-10-23,0.0,0.0,0.0,0.0,0.0,0.0
1991-10-24,0.0,0.0,0.0,0.0,0.0,0.0
1991-10-25,0.0,0.0,0.0,0.0,0.0,0.0
1991-10-26,0.0,0.0,0.0,0.0,0.0,0.0
1991-10-27,0.0,0.0,0.0,0.0,0.0,0.0
1991-10-28,0.0,0.0,0.0,0.0,0.0,0.0
1991-10-29,0.0,0.0,0.0,0.0,0.0,0.0
1991-10-30,0.0,0.0,0.0,0.0,0.0,0.0
1991-10-31,0.0,0.0,0.0,0.0,0.0,0.0
1991-11-01,0.0,0.0,0.0,0.0,0.0,0.0
1991-11-02,0.0,0.0,0.0,0.0,0.0,0.0
1991-11-03,0.0,0.0,0.0,0.0,0.0,0.0
1991-11-04,0.0,0.23000000001047738,-146.40000000002328,-0.010000000000000009,-146.63000000003376,-20.0
1991-11-05,0.0,0.34999999997671694,-702.6000000000349,-0.020000000000000462,-702.9500000000116,0.0
1991-11-06,0.0,-0.5900000000001455,4.799999999995634,0.0,5.38999999999578,0.0
1991-11-07,0.0,0.0,0.0,0.0,0.0,0.0
1991-11-08,0.0,0.0,0.0,0.0,0.0,0.0
1991-11-09,0.0,0.0,0.0,0.0,0.0,0.0
1991-11-10,0.0,0.0,0.0,0.0,0.0,0.0
1991-11-11,0.0,0.0,0.0,0.0,0.0,0.0
1991-11-12,0.0,0.0,0.0,0.0,0.0,0.0
1991-11-13,0.0,0.0,0.0,0.0,0.0,0.0
1991-11-14,0.0,0.0,0.6000000000058208,0.0,0.6000000000058208,-20.0
1991-11-15,0.0,0.01999999999679858,0.0,0.0,-0.01999999999679858,0.0
1991-11-16,0.0,0.0,0.0,0.0,0.0,0.0
1991-11-17,0.0,0.0,0.0,0.0,0.0,0.0
1991-11-18,0.0,0.0,0.0,0.0,0.0,0.0
1991-11-19,0.0,0.08999999999650754,-91.79999999998836,-0.010000000000000009,-91.88999999998487,-20.0
1991-11-20,0.0,-0.22000000003026798,-750.0,-0.020000000000000462,-749.7799999999697,0.0
1991-11-21,0.0,0.09999999999126885,-0.6000000000203727,0.0,-0.7000000000116415,0.0
1991-11-22,0.0,0.0,0.0,0.0,0.0,0.0
1991-11-23,0.0,0.0,0.0,0.0,0.0,0.0
1991-11-24,0.0,1.0799999999871943,-6.000000000014552,0.0,-7.080000000001746,0.0
1991-11-25,0.0,1.570000000006985,-828.0000000000582,-0.019999999999999574,-829.5700000000652,0.0
1991-11-26,0.0,-2.4699999999720603,-581.9999999999418,-0.009999999999999787,-579.5299999999697,20.0
1991-11-27,0.0,0.01999999998952262,-24.000000000014552,0.0,-24.020000000004075,0.0
1991-11-28,0.0,-0.05000000000291038,0.0,0.0,0.05000000000291038,0.0
1991-11-29,0.0,0.05000000000291038,0.0,0.0,-0.05000000000291038,0.0
1991-11-30,0.0,-0.07000000000698492,-6.000000000014552,0.0,-5.930000000007567,0.0
1991-12-01,0.0,0.00999999999476131,-6.0,0.0,-6.009999999994761,0.0
1991-12-02,0.0,0.08000000000174623,0.0,0.0,-0.08000000000174623,0.0
1991-12-03,0.0,-0.059999999997671694,0.0,0.0,0.059999999997671694,0.0
1991-12-04,0.0,0.0,-6.000000000014552,0.0,-6.000000000014552,0.0
1991-12-05,0.0,2.8199999999487773,-1686.0,0.0,-1688.8199999999488,60.0
1991-12-06,0.0,0.75,-2640.0,-0.09999999999999787,-2640.75,0.0
1991-12-07,0.0,-3.599999999976717,-60.0,0.0,-56.40000000002328,0.0
1991-12-08,0.0,0.0,-36.0,0.0,-36.0,0.0
1991-12-09,0.0,0.34000000002561137,-48.000000000029104,0.0,-48.340000000054715,20.0
1991-12-10,0.0,-0.25,-30.000000000029104,0.0,-29.750000000029104,0.0
1991-12-11,0.0,0.0,-162.0,-0.010000000000000231,-162.0,-20.0
1991-12-12,0.0,0.0,-162.0,-0.010000000000000231,-162.0,-20.0
1991-12-13,0.0,0.0,-12.000000000029104,0.0,-12.000000000029104,10.0
1991-12-14,0.0,0.0,-24.000000000029104,0.0,-24.000000000029104,0.0
1991-12-15,0.0,0.0,-78.0,-0.020000000000000018,-78.0,-10.0
1991-12-16,0.0,0.0,-48.000000000029104,-0.010000000000000231,-48.000000000029104,0.0
1991-12-17,0.0,0.0,-36.0,-0.010000000000000009,-36.0,0.0
1991-12-18,0.0,0.12000000002444722,-156.0,-0.010000000000000231,-156.12000000002445,-40.0
1991-12-19,0.0,0.0,-30.0,0.0,-30.0,0.0
1991-12-20,0.0,0.0,-132.0,-0.020000000000000018,-132.0,0.0
1991-12-21,0.0,-0.41999999998370185,-18.000000000029104,0.0,-17.580000000045402,0.0
1991-12-22,0.0,0.33999999999650754,-17.999999999970896,0.0,-18.339999999967404,20.0
1991-12-23,0.0,0.0,-17.999999999970896,0.0,-17.999999999970896,0.0
1991-12-24,0.0,0.0,-6.0,0.0,-6.0,0.0
1991-12-25,0.0,0.0,0.0,0.0,0.0,0.0
1991-12-26,0.0,0.0,-6.0,0.0,-6.0,0.0
1991-12-27,0.0,0.0,-6.0,0.0,-6.0,0.0
1991-12-28,0.0,0.0,0.0,0.0,0.0,0.0
1991-12-29,0.0,0.0,0.0,0.0,0.0,0.0
1991-12-30,0.0,0.0,0.0,0.0,0.0,0.0
1991-12-31,0.0,0.0,0.0,0.0,0.0,0.0
1992-01-01,0.0,0.0,0.0,0.0,0.0,0.0
1992-01-02,0.0,0.0,-66.0000000000291,0.0,-66.0000000000291,20.0
1992-01-03,0.0,0.0,-65.9999999999709,0.0,-65.9999999999709,20.0
1992-01-04,0.0,0.0,-72.0,0.0,-72.0,20.0
1992-01-05,0.0,0.0,-11.999999999970896,0.0,-11.999999999970896,10.0
1992-01-06,0.0,0.0,-6.000000000029104,0.0,-6.000000000029104,0.0
1992-01-07,0.0,-0.030000000027939677,0.0,0.0,0.030000000027939677,0.0
1992-01-08,0.0,0.0,-6.000000000029104,0.0,-6.000000000029104,0.0
1992-01-09,0.0,0.33999999999650754,-6.0,0.0,-6.3399999999965075,0.0
1992-01-10,0.0,-0.22000000000116415,-107.9999999999709,0.0,-107.77999999996973,20.0
1992-01-11,0.0,0.0,-54.000000000029104,0.0,-54.000000000029104,20.0
1992-01-12,0.0,-0.059999999997671694,0.0,0.0,0.059999999997671694,0.0
1992-01-13,0.0,0.0,-12.0,0.0,-12.0,0.0
1992-01-14,0.0,-0.029999999998835847,0.0,0.0,0.029999999998835847,0.0
1992-01-15,0.0,0.10999999998603016,-6.0,0.0,-6.10999999998603,10.0
1992-01-16,0.0,0.09000000002561137,-42.000000000029104,-0.009999999999999787,-42.090000000054715,-60.0
1992-01-17,0.0,-0.17999999999301508,-6.0,0.0,-5.820000000006985,0.0
1992-01-18,0.0,0.0,0.0,0.0,0.0,0.0
1992-01-19,0.0,0.0,0.0,0.0,0.0,0.0
1992-01-20,0.0,-0.01999999998952262,-6.0,0.0,-5.980000000010477,0.0
1992-01-21,0.0,0.0,0.0,0.0,0.0,0.0
1992-01-22,0.0,0.0,-6.0,0.0,-6.0,10.0
1992-01-23,0.0,0.0,-12.0,0.0,-12.0,10.0
1992-01-24,0.0,0.16000000000349246,-11.999999999970896,0.0,-12.159999999974389,20.0
1992-01-25,0.0,-0.11000000001513399,-66.0,0.0,-65.88999999998487,10.0
1992-01-26,0.0,0.20000000001164153,-53.999999999970896,0.0,-54.19999999998254,20.0
1992-01-27,0.0,-0.010000000009313226,-456.0,-0.019999999999999574,-455.9899999999907,0.0
1992-01-28,0.0,-0.08000000001629815,-210.0,0.0,-209.9199999999837,20.0
1992-01-29,0.0,0.25,-42.000000000029104,0.0,-42.250000000029104,10.0
1992-01-30,0.0,-0.059999999997671694,-89.9999999999709,0.0,-89.93999999997322,20.0
1992-01-31,0.0,-0.010000000009313226,-65.9999999999709,0.0,-65.98999999996158,30.0
1992-02-01,0.0,-0.10999999998603016,-30.0,0.0,-29.89000000001397,20.0
1992-02-02,0.0,0.0,-5.999999999970896,0.0,-5.999999999970896,0.0
1992-02-03,0.0,-0.16000000000349246,-6.0,0.0,-5.8399999999965075,0.0
1992-02-04,0.0,-0.04999999998835847,0.0,0.0,0.04999999998835847,0.0
1992-02-05,0.0,0.0,-6.0,0.0,-6.0,0.0
1992-02-06,0.0,0.0,0.0,0.0,0.0,0.0
1992-02-07,0.0,0.0,0.0,0.0,0.0,0.0
1992-02-08,0.0,0.0,0.0,0.0,0.0,0.0
1992-02-09,0.0,0.01999999998952262,-12.000000000029104,0.0,-12.020000000018626,10.0
1992-02-10,0.0,0.0,0.0,0.0,0.0,0.0
1992-02-11,0.0,0.0,0.0,0.0,0.0,0.0
1992-02-12,0.0,0.029999999998835847,0.0,0.0,-0.029999999998835847,0.0
1992-02-13,0.0,0.0,-30.000000000029104,0.0,-30.000000000029104,30.0
1992-02-14,0.0,0.0,-6.000000000029104,0.0,-6.000000000029104,0.0
1992-02-15,0.0,0.0,0.0,0.0,0.0,0.0
1992-02-16,0.0,0.0,0.0,0.0,0.0,0.0
1992-02-17,0.0,0.4599999999918509,-60.0,0.0,-60.45999999999185,0.0
1992-02-18,0.0,-0.6199999999953434,-407.9999999999418,-0.019999999999999574,-407.37999999994645,-20.0
1992-02-19,0.0,1.1599999999743886,-828.0,-0.019999999999999574,-829.1599999999744,0.0
1992-02-20,0.0,0.940000000060536,-1542.0,0.0,-1542.9400000000605,10.0
1992-02-21,0.0,-2.650000000023283,-443.9999999999418,-0.020000000000000462,-441.3499999999185,-30.0
1992-02-22,0.0,0.010000000009313226,-192.0,-0.010000000000000231,-192.0100000000093,-20.0
1992-02-23,0.0,-0.010000000009313226,-30.0,0.0,-29.989999999990687,20.0
1992-02-24,0.0,0.0,-108.0,0.0,-108.0,20.0
1992-02-25,0.0,0.0,-6.000000000029104,0.0,-6.000000000029104,0.0
1992-02-26,0.0,-0.07999999998719431,-17.999999999970896,0.0,-17.919999999983702,0.0
1992-02-27,0.0,-0.11000000001513399,0.0,0.0,0.11000000001513399,0.0
1992-02-28,0.0,0.0,0.0,0.0,0.0,0.0
1992-02-29,0.0,0.10999999998603016,0.0,0.0,-0.10999999998603016,0.0
1992-03-01,0.0,-0.08000000001629815,-6.0,0.0,-5.919999999983702,0.0
1992-03-02,0.0,0.0,-6.0,0.0,-6.0,0.0
1992-03-03,0.0,0.0,0.0,0.0,0.0,0.0
1992-03-04,0.0,0.0,0.0,0.0,0.0,0.0
1992-03-05,0.0,0.0,-18.000000000029104,0.0,-18.000000000029104,10.0
1992-03-06,0.0,0.0,-5.999999999970896,0.0,-5.999999999970896,10.0
1992-03-07,0.0,0.0,0.0,0.0,0.0,0.0
1992-03-08,0.0,0.0,-6.000000000029104,0.0,-6.000000000029104,0.0
1992-03-09,0.0,0.0,0.0,0.0,0.0,0.0
1992-03-10,0.0,0.0,0.0,0.0,0.0,0.0
1992-03-11,0.0,0.0,0.0,0.0,0.0,0.0
1992-03-12,0.0,0.029999999998835847,0.0,0.0,-0.029999999998835847,0.0
1992-03-13,0.0,-0.01999999998952262,0.0,0.0,0.01999999998952262,0.0
1992-03-14,0.0,0.0,0.0,0.0,0.0,0.0
1992-03-15,0.0,0.0,0.0,0.0,0.0,0.0
1992-03-16,0.0,0.0,-12.0,0.0,-12.0,10.0
1992-03-17,0.0,0.0,0.0,0.0,0.0,0.0
1992-03-18,0.0,0.0,0.0,0.0,0.0,0.0
1992-03-19,0.0,-0.04000000000814907,0.0,0.0,0.04000000000814907,0.0
1992-03-20,0.0,0.01999999998952262,0.0,0.0,-0.01999999998952262,0.0
1992-03-21,0.0,0.0,0.0,0.0,0.0,0.0
1992-03-22,0.0,0.0,0.0,0.0,0.0,0.0
1992-03-23,0.0,0.0,0.0,0.0,0.0,0.0
1992-03-24,0.0,0.0,0.0,0.0,0.0,0.0
1992-03-25,0.0,0.0,0.0,0.0,0.0,0.0
1992-03-26,0.0,0.0,0.0,0.0,0.0,0.0
1992-03-27,0.0,0.0,0.0,0.0,0.0,0.0
1992-03-28,0.0,0.0,0.0,0.0,0.0,0.0
1992-03-29,0.0,0.0,0.0,0.0,0.0,0.0
1992-03-30,0.0,0.0,0.0,0.0,0.0,0.0
1992-03-31,0.0,0.0,0.0,0.0,0.0,0.0
1992-04-01,0.0,0.0,0.0,0.0,0.0,0.0
1992-04-02,0.0,0.0,0.0,0.0,0.0,0.0
1992-04-03,0.0,0.0,0.0,0.0,0.0,0.0
1992-04-04,0.0,0.0,0.0,0.0,0.0,0.0
1992-04-05,0.0,0.0,-6.000000000014552,0.0,-6.000000000014552,0.0
1992-04-06,0.0,0.0,0.0,0.0,0.0,0.0
1992-04-07,0.0,0.0,0.0,0.0,0.0,0.0
1992-04-08,0.0,-0.029999999998835847,0.0,0.0,0.029999999998835847,0.0
1992-04-09,0.0,-0.059999999997671694,-180.0,-0.010000000000000231,-179.94000000000233,-10.0
1992-04-10,0.0,0.0,-72.0000000000291,0.0,-72.0000000000291,10.0
1992-04-11,0.0,0.04999999998835847,-54.000000000029104,-0.010000000000000009,-54.05000000001746,-90.0
1992-04-12,0.0,-0.029999999998835847,-24.000000000029104,0.0,-23.970000000030268,10.0
1992-04-13,0.0,0.0500000000174623,0.0,0.0,-0.0500000000174623,0.0
1992-04-14,0.0,0.0,0.0,0.0,0.0,0.0
1992-04-15,0.0,0.0,0.0,0.0,0.0,0.0
1992-04-16,0.0,0.0,-317.9999999999709,-0.010000000000000231,-317.9999999999709,0.0
1992-04-17,0.0,-0.03999999997904524,-569.9999999999709,-0.03000000000000025,-569.9599999999919,0.0
1992-04-18,0.0,0.07999999998719431,-59.99999999994179,0.0,-60.07999999992899,0.0
1992-04-19,0.0,0.0,-6.0,0.0,-6.0,0.0
1992-04-20,0.0,0.0,-6.0,0.0,-6.0,0.0
1992-04-21,0.0,0.0,-12.0,0.0,-12.0,0.0
1992-04-22,0.0,0.0,-17.999999999970896,0.0,-17.999999999970896,10.0
1992-04-23,0.0,0.0,0.0,0.0,0.0,0.0
1992-04-24,0.0,0.0,0.0,0.0,0.0,0.0
1992-04-25,0.0,0.0,0.0,0.0,0.0,0.0
1992-04-26,0.0,0.0,0.0,0.0,0.0,0.0
1992-04-27,0.0,0.0,0.0,0.0,0.0,0.0
1992-04-28,0.0,0.0,0.0,0.0,0.0,0.0
1992-04-29,0.0,0.07999999998719431,-12.0,0.0,-12.079999999987194,10.0
1992-04-30,0.0,0.04000000000814907,-36.0,0.0,-36.04000000000815,0.0
1992-05-01,0.0,-0.059999999997671694,-11.999999999970896,0.0,-11.939999999973224,10.0
1992-05-02,0.0,0.0,0.0,0.0,0.0,0.0
1992-05-03,0.0,-0.0500000000174623,0.0,0.0,0.0500000000174623,0.0
1992-05-04,0.0,0.01999999998952262,0.0,0.0,-0.01999999998952262,0.0
1992-05-05,0.0,0.0,0.0,0.0,0.0,0.0
1992-05-06,0.0,0.0,0.0,0.0,0.0,0.0
1992-05-07,0.0,0.0,0.0,0.0,0.0,0.0
1992-05-08,0.0,0.0,0.0,0.0,0.0,0.0
1992-05-09,0.0,0.0,0.0,0.0,0.0,0.0
1992-05-10,0.0,0.0,0.0,0.0,0.0,0.0
1992-05-11,0.0,0.0,0.0,0.0,0.0,0.0
1992-05-12,0.0,0.0,0.0,0.0,0.0,0.0
1992-05-13,0.0,0.0,0.0,0.0,0.0,0.0
1992-05-14,0.0,0.0,0.0,0.0,0.0,0.0
1992-05-15,0.0,0.0,0.0,0.0,0.0,0.0
1992-05-16,0.0,0.0,0.0,0.0,0.0,0.0
1992-05-17,0.0,0.0,0.0,0.0,0.0,0.0
1992-05-18,0.0,0.0,0.0,0.0,0.0,0.0
1992-05-19,0.0,0.0,0.0,0.0,0.0,0.0
1992-05-20,0.0,0.0,0.0,0.0,0.0,0.0
1992-05-21,0.0,0.0,0.0,0.0,0.0,0.0
1992-05-22,0.0,-0.029999999998835847,0.0,0.0,0.029999999998835847,0.0
1992-05-23,0.0,0.0,0.0,0.0,0.0,0.0
1992-05-24,0.0,0.0,0.0,0.0,0.0,0.0
1992-05-25,0.0,0.010000000009313226,0.0,0.0,-0.010000000009313226,0.0
1992-05-26,0.0,0.0,0.0,0.0,0.0,0.0
1992-05-27,0.0,0.00999999999476131,0.0,0.0,-0.00999999999476131,0.0
1992-05-28,0.0,0.0,0.0,0.0,0.0,0.0
1992-05-29,0.0,0.0,0.0,0.0,0.0,0.0
1992-05-30,0.0,0.0,0.0,0.0,0.0,0.0
1992-05-31,0.0,0.0,0.0,0.0,0.0,0.0
1992-06-01,0.0,0.0,0.0,0.0,0.0,0.0
1992-06-02,0.0,0.0,0.0,0.0,0.0,0.0
1992-06-03,0.0,0.0,0.0,0.0,0.0,0.0
1992-06-04,0.0,0.0,0.0,0.0,0.0,0.0
1992-06-05,0.0,0.0,0.0,0.0,0.0,0.0
1992-06-06,0.0,0.0,0.0,0.0,0.0,0.0
1992-06-07,0.0,0.0,0.0,0.0,0.0,0.0
1992-06-08,0.0,0.0,0.0,0.0,0.0,0.0
1992-06-09,0.0,0.0,0.0,0.0,0.0,0.0
1992-06-10,0.0,0.0,0.0,0.0,0.0,0.0
1992-06-11,0.0,0.0,0.0,0.0,0.0,0.0
1992-06-12,0.0,0.0,0.0,0.0,0.0,0.0
1992-06-13,0.0,0.0,0.0,0.0,0.0,0.0
1992-06-14,0.0,0.0,0.0,0.0,0.0,0.0
1992-06-15,0.0,0.0,0.0,0.0,0.0,0.0
1992-06-16,0.0,0.0,0.0,0.0,0.0,0.0
1992-06-17,0.0,0.0,0.0,0.0,0.0,0.0
1992-06-18,0.0,0.0,0.0,0.0,0.0,0.0
1992-06-19,0.0,0.0,0.0,0.0,0.0,0.0
1992-06-20,0.0,0.0,0.0,0.0,0.0,0.0
1992-06-21,0.0,0.0,0.0,0.0,0.0,0.0
1992-06-22,0.0,0.0,0.0,0.0,0.0,0.0
1992-06-23,0.0,0.0,0.0,0.0,0.0,0.0
1992-06-24,0.0,0.0,0.0,0.0,0.0,0.0
1992-06-25,0.0,0.0,0.0,0.0,0.0,0.0
1992-06-26,0.0,0.0,0.0,0.0,0.0,0.0
1992-06-27,0.0,0.0,0.0,0.0,0.0,0.0
1992-06-28,0.0,0.0,0.0,0.0,0.0,0.0
1992-06-29,0.0,0.0,0.0,0.0,0.0,0.0
1992-06-30,0.0,0.0,0.0,0.0,0.0,0.0
1992-07-01,0.0,0.0,0.0,0.0,0.0,0.0
1992-07-02,0.0,0.0,0.0,0.0,0.0,0.0
1992-07-03,0.0,0.0,0.0,0.0,0.0,0.0
1992-07-04,0.0,0.0,0.0,0.0,0.0,0.0
1992-07-05,0.0,0.0,0.0,0.0,0.0,0.0
1992-07-06,0.0,0.0,0.0,0.0,0.0,0.0
1992-07-07,0.0,0.0,0.0,0.0,0.0,0.0
1992-07-08,0.0,0.0,0.0,0.0,0.0,0.0
1992-07-09,0.0,0.0,0.0,0.0,0.0,0.0
1992-07-10,0.0,0.0,0.0,0.0,0.0,0.0
1992-07-11,0.0,0.0,0.0,0.0,0.0,0.0
1992-07-12,0.0,0.0,0.0,0.0,0.0,0.0
1992-07-13,0.0,0.0,0.0,0.0,0.0,0.0
1992-07-14,0.0,0.0,0.0,0.0,0.0,0.0
1992-07-15,0.0,0.0,0.0,0.0,0.0,0.0
1992-07-16,0.0,0.0,0.0,0.0,0.0,0.0
1992-07-17,0.0,0.0,0.0,0.0,0.0,0.0
1992-07-18,0.0,0.0,0.0,0.0,0.0,0.0
1992-07-19,0.0,0.0,0.0,0.0,0.0,0.0
1992-07-20,0.0,0.0,0.0,0.0,0.0,0.0
1992-07-21,0.0,0.0,0.0,0.0,0.0,0.0
1992-07-22,0.0,0.0,0.0,0.0,0.0,0.0
1992-07-23,0.0,0.0,0.0,0.0,0.0,0.0
1992-07-24,0.0,0.0,0.0,0.0,0.0,0.0
1992-07-25,0.0,0.0,0.0,0.0,0.0,0.0
1992-07-26,0.0,0.0,0.0,0.0,0.0,0.0
1992-07-27,0.0,0.0,0.0,0.0,0.0,0.0
1992-07-28,0.0,0.0,0.0,0.0,0.0,0.0
1992-07-29,0.0,0.0,0.0,0.0,0.0,0.0
1992-07-30,0.0,0.0,0.0,0.0,0.0,0.0
1992-07-31,0.0,0.0,0.0,0.0,0.0,0.0
1992-08-01,0.0,0.0,0.0,0.0,0.0,0.0
1992-08-02,0.0,0.0,0.0,0.0,0.0,0.0
1992-08-03,0.0,0.0,0.0,0.0,0.0,0.0
1992-08-04,0.0,0.0,0.0,0.0,0.0,0.0
1992-08-05,0.0,0.0,0.0,0.0,0.0,0.0
1992-08-06,0.0,0.0,0.0,0.0,0.0,0.0
1992-08-07,0.0,0.0,0.0,0.0,0.0,0.0
1992-08-08,0.0,0.0,0.0,0.0,0.0,0.0
1992-08-09,0.0,0.0,0.0,0.0,0.0,0.0
1992-08-10,0.0,0.0,0.0,0.0,0.0,0.0
1992-08-11,0.0,0.0,0.0,0.0,0.0,0.0
1992-08-12,0.0,0.0,0.0,0.0,0.0,0.0
1992-08-13,0.0,0.0,0.0,0.0,0.0,0.0
1992-08-14,0.0,0.0,0.0,0.0,0.0,0.0
1992-08-15,0.0,0.0,0.0,0.0,0.0,0.0
1992-08-16,0.0,0.0,0.0,0.0,0.0,0.0
1992-08-17,0.0,0.0,0.0,0.0,0.0,0.0
1992-08-18,0.0,0.0,0.0,0.0,0.0,0.0
1992-08-19,0.0,0.0,0.0,0.0,0.0,0.0
1992-08-20,0.0,0.0,0.0,0.0,0.0,0.0
1992-08-21,0.0,0.0,0.0,0.0,0.0,0.0
1992-08-22,0.0,0.0,0.0,0.0,0.0,0.0
1992-08-23,0.0,0.0,0.0,0.0,0.0,0.0
1992-08-24,0.0,0.0,0.0,0.0,0.0,0.0
1992-08-25,0.0,0.0,0.0,0.0,0.0,0.0
1992-08-26,0.0,0.0,0.0,0.0,0.0,0.0
1992-08-27,0.0,0.0,0.0,0.0,0.0,0.0
1992-08-28,0.0,0.0,0.0,0.0,0.0,0.0
1992-08-29,0.0,0.0,0.0,0.0,0.0,0.0
1992-08-30,0.0,0.0,0.0,0.0,0.0,0.0
1992-08-31,0.0,0.0,0.0,0.0,0.0,0.0
1992-09-01,0.0,0.0,0.0,0.0,0.0,0.0
1992-09-02,0.0,0.0,0.0,0.0,0.0,0.0
1992-09-03,0.0,0.0,0.0,0.0,0.0,0.0
1992-09-04,0.0,0.0,0.0,0.0,0.0,0.0
1992-09-05,0.0,0.0,0.0,0.0,0.0,0.0
1992-09-06,0.0,0.0,0.0,0.0,0.0,0.0
1992-09-07,0.0,0.0,0.0,0.0,0.0,0.0
1992-09-08,0.0,0.0,0.0,0.0,0.0,0.0
1992-09-09,0.0,0.0,0.0,0.0,0.0,0.0
1992-09-10,0.0,0.0,0.0,0.0,0.0,0.0
1992-09-11,0.0,0.0,0.0,0.0,0.0,0.0
1992-09-12,0.0,0.0,0.0,0.0,0.0,0.0
1992-09-13,0.0,0.0,0.0,0.0,0.0,0.0
1992-09-14,0.0,0.0,0.0,0.0,0.0,0.0
1992-09-15,0.0,0.0,0.0,0.0,0.0,0.0
1992-09-16,0.0,0.0,0.0,0.0,0.0,0.0
1992-09-17,0.0,0.0,0.0,0.0,0.0,0.0
1992-09-18,0.0,0.0,0.0,0.0,0.0,0.0
1992-09-19,0.0,0.0,0.0,0.0,0.0,0.0
1992-09-20,0.0,0.0,0.0,0.0,0.0,0.0
1992-09-21,0.0,0.0,0.0,0.0,0.0,0.0
1992-09-22,0.0,0.0,0.0,0.0,0.0,0.0
1992-09-23,0.0,0.0,0.0,0.0,0.0,0.0
1992-09-24,0.0,-0.1900000000023283,-1768.2000000000116,-0.09999999999999964,-1768.0100000000093,0.0
1992-09-25,0.0,0.08000000000174623,4.799999999999272,0.0,4.719999999997526,0.0
1992-09-26,0.0,0.0,0.0,0.0,0.0,0.0
1992-09-27,0.0,0.0,-0.6000000000003638,0.0,-0.6000000000003638,0.0
1992-09-28,0.0,0.0,0.0,0.0,0.0,0.0
1992-09-29,0.0,0.0,0.0,0.0,0.0,0.0
1992-09-30,0.0,0.0,0.0,0.0,0.0,0.0
1992-10-01,0.0,0.0,0.0,0.0,0.0,0.0
1992-10-02,0.0,0.0,0.0,0.0,0.0,0.0
1992-10-03,0.0,0.0,0.0,0.0,0.0,0.0
1992-10-04,0.0,0.0,0.0,0.0,0.0,0.0
1992-10-05,0.0,0.0,0.0,0.0,0.0,0.0
1992-10-06,0.0,0.0,0.0,0.0,0.0,0.0
1992-10-07,0.0,0.0,0.0,0.0,0.0,0.0
1992-10-08,0.0,0.0,0.0,0.0,0.0,0.0
1992-10-09,0.0,0.0,0.0,0.0,0.0,0.0
1992-10-10,0.0,0.0,0.0,0.0,0.0,0.0
1992-10-11,0.0,0.0,0.0,0.0,0.0,0.0
1992-10-12,0.0,0.0,0.0,0.0,0.0,0.0
1992-10-13,0.0,0.0,0.0,0.0,0.0,0.0
1992-10-14,0.0,0.0,0.0,0.0,0.0,0.0
1992-10-15,0.0,0.0,0.0,0.0,0.0,0.0
1992-10-16,0.0,0.0,0.0,0.0,0.0,0.0
1992-10-17,0.0,0.0,0.0,0.0,0.0,0.0
1992-10-18,0.0,0.0,0.0,0.0,0.0,0.0
1992-10-19,0.0,0.0,0.0,0.0,0.0,0.0
1992-10-20,0.0,0.0,0.0,0.0,0.0,0.0
1992-10-21,0.0,0.0,0.0,0.0,0.0,0.0
1992-10-22,0.0,0.0,0.0,0.0,0.0,0.0
1992-10-23,0.0,0.0,0.0,0.0,0.0,0.0
1992-10-24,0.0,0.0,0.0,0.0,0.0,0.0
1992-10-25,0.0,0.0,0.0,0.0,0.0,0.0
1992-10-26,0.0,0.0,0.0,0.0,0.0,0.0
1992-10-27,0.0,0.0,0.0,0.0,0.0,0.0
1992-10-28,0.0,0.0,0.0,0.0,0.0,0.0
1992-10-29,0.0,0.0,0.0,0.0,0.0,0.0
1992-10-30,0.0,-0.10999999998603016,-388.19999999995343,-0.010000000000000675,-388.0899999999674,10.0
1992-10-31,0.0,0.020000000004074536,0.5999999999912689,0.0,0.5799999999871943,0.0
1992-11-01,0.0,0.2800000000279397,-792.0,-0.020000000000000462,-792.2800000000279,0.0
1992-11-02,0.0,-0.23000000000320142,2.400000000001455,0.0,2.6300000000046566,0.0
1992-11-03,0.0,0.0,0.0,0.0,0.0,0.0
1992-11-04,0.0,0.0,0.0,0.0,0.0,0.0
1992-11-05,0.0,0.0,0.0,0.0,0.0,0.0
1992-11-06,0.0,0.0,0.0,0.0,0.0,0.0
1992-11-07,0.0,0.0,0.0,0.0,0.0,0.0
1992-11-08,0.0,0.0,0.0,0.0,0.0,0.0
1992-11-09,0.0,0.0,0.0,0.0,0.0,0.0
1992-11-10,0.0,0.0,0.0,0.0,0.0,0.0
1992-11-11,0.0,0.0,0.0,0.0,0.0,0.0
1992-11-12,0.0,0.0,0.0,0.0,0.0,0.0
1992-11-13,0.0,0.0,0.0,0.0,0.0,0.0
1992-11-14,0.0,0.0,0.0,0.0,0.0,0.0
1992-11-15,0.0,0.0,0.0,0.0,0.0,0.0
1992-11-16,0.0,0.0,0.0,0.0,0.0,0.0
1992-11-17,0.0,0.0,0.0,0.0,0.0,0.0
1992-11-18,0.0,0.0,0.0,0.0,0.0,0.0
1992-11-19,0.0,0.0,0.0,0.0,0.0,0.0
1992-11-20,0.0,0.0,0.0,0.0,0.0,0.0
1992-11-21,0.0,2.3700000001117587,-1224.0,-0.09999999999999787,-1226.3700000001118,-110.0
1992-11-22,0.0,-2.709999999991851,-11.999999999970896,0.0,-9.289999999979045,0.0
1992-11-23,0.0,0.0,0.0,0.0,0.0,0.0
1992-11-24,0.0,0.0,0.0,0.0,0.0,0.0
1992-11-25,0.0,0.0,0.0,0.0,0.0,0.0
1992-11-26,0.0,0.0,0.0,0.0,0.0,0.0
1992-11-27,0.0,0.0,-18.0,0.0,-18.0,20.0
1992-11-28,0.0,0.0,0.0,0.0,0.0,0.0
1992-11-29,0.0,0.0,0.0,0.0,0.0,0.0
1992-11-30,0.0,0.0,-18.0,0.0,-18.0,20.0
1992-12-01,0.0,0.0,-6.0,0.0,-6.0,0.0
1992-12-02,0.0,0.0,-6.000000000014552,0.0,-6.000000000014552,10.0
1992-12-03,0.0,0.0,0.0,0.0,0.0,0.0
1992-12-04,0.0,0.0,0.0,0.0,0.0,0.0
1992-12-05,0.0,0.0,0.0,0.0,0.0,0.0
1992-12-06,0.0,0.0,0.0,0.0,0.0,0.0
1992-12-07,0.0,0.0,0.0,0.0,0.0,0.0
1992-12-08,0.0,0.0,-18.0,0.0,-18.0,20.0
1992-12-09,0.0,0.029999999998835847,-90.0,0.0,-90.02999999999884,40.0
1992-12-10,0.0,0.04999999998835847,-246.0000000000291,-0.010000000000000231,-246.05000000001746,-10.0
1992-12-11,0.0,0.0,-24.0,0.0,-24.0,0.0
1992-12-12,0.0,0.010000000009313226,-18.000000000029104,0.0,-18.010000000038417,10.0
1992-12-13,0.0,0.0,0.0,0.0,0.0,0.0
1992-12-14,0.0,0.1300000000046566,-48.000000000029104,-0.010000000000000009,-48.13000000003376,-220.0
1992-12-15,0.0,-0.059999999997671694,0.0,0.0,0.059999999997671694,0.0
1992-12-16,0.0,0.029999999998835847,-6.0,0.0,-6.029999999998836,0.0
1992-12-17,0.0,0.0,-24.0,-0.010000000000000009,-24.0,-90.0
1992-12-18,0.0,0.0,-18.0,0.0,-18.0,10.0
1992-12-19,0.0,0.0,-30.0,0.0,-30.0,10.0
1992-12-20,0.0,0.029999999998835847,-30.0,0.0,-30.029999999998836,20.0
1992-12-21,0.0,0.5,-6.0,0.0,-6.5,0.0
1992-12-22,0.0,-0.46000000002095476,-18.0,0.0,-17.539999999979045,10.0
1992-12-23,0.0,-0.0500000000174623,0.0,0.0,0.0500000000174623,0.0
1992-12-24,0.0,0.0,0.0,0.0,0.0,0.0
1992-12-25,0.0,0.0,-6.0,0.0,-6.0,0.0
1992-12-26,0.0,0.0,-60.0,-0.010000000000000009,-60.0,-140.0
1992-12-27,0.0,0.0,-6.000000000029104,0.0,-6.000000000029104,0.0
1992-12-28,0.0,0.01999999998952262,-36.0,0.0,-36.01999999998952,10.0
1992-12-29,0.0,-0.029999999998835847,-6.000000000029104,0.0,-5.970000000030268,10.0
1992-12-30,0.0,0.0,0.0,0.0,0.0,0.0
1992-12-31,0.0,0.0,-11.999999999970896,0.0,-11.999999999970896,10.0
1993-01-01,0.0,0.0,0.0,0.0,0.0,0.0
1993-01-02,0.0,0.0,0.0,0.0,0.0,0.0
1993-01-03,0.0,-0.059999999997671694,-12.000000000029104,0.0,-11.940000000031432,10.0
1993-01-04,0.0,0.0,0.0,0.0,0.0,0.0
1993-01-05,0.0,0.0,0.0,0.0,0.0,0.0
1993-01-06,0.0,0.0,-6.0,0.0,-6.0,0.0
1993-01-07,0.0,0.0,0.0,0.0,0.0,0.0
1993-01-08,0.0,0.0,0.0,0.0,0.0,0.0
1993-01-09,0.0,0.0,0.0,0.0,0.0,0.0
1993-01-10,0.0,-0.029999999998835847,0.0,0.0,0.029999999998835847,0.0
1993-01-11,0.0,0.029999999998835847,0.0,0.0,-0.029999999998835847,0.0
1993-01-12,0.0,0.0,0.0,0.0,0.0,0.0
1993-01-13,0.0,0.0,0.0,0.0,0.0,0.0
1993-01-14,0.0,0.0,0.0,0.0,0.0,0.0
1993-01-15,0.0,0.0,0.0,0.0,0.0,0.0
1993-01-16,0.0,0.0,0.0,0.0,0.0,0.0
1993-01-17,0.0,0.0,0.0,0.0,0.0,0.0
1993-01-18,0.0,0.0,0.0,0.0,0.0,0.0
1993-01-19,0.0,0.0,0.0,0.0,0.0,0.0
1993-01-20,0.0,0.0,0.0,0.0,0.0,0.0
1993-01-21,0.0,0.0,0.0,0.0,0.0,0.0
1993-01-22,0.0,-0.029999999998835847,-6.0,0.0,-5.970000000001164,0.0
1993-01-23,0.0,0.0,-54.0,0.0,-54.0,40.0
1993-01-24,0.0,-0.029999999998835847,0.0,0.0,0.029999999998835847,0.0
1993-01-25,0.0,0.0,0.0,0.0,0.0,0.0
1993-01-26,0.0,0.04999999998835847,0.0,0.0,-0.04999999998835847,0.0
1993-01-27,0.0,-0.04999999998835847,0.0,0.0,0.04999999998835847,0.0
1993-01-28,0.0,1.5499999999883585,0.0,0.0,-1.5499999999883585,0.0
1993-01-29,0.0,-0.7600000000093132,0.0,0.0,0.7600000000093132,0.0
1993-01-30,0.0,-0.7799999999988358,0.0,0.0,0.7799999999988358,0.0
1993-01-31,0.0,0.0,-12.0,0.0,-12.0,10.0
1993-02-01,0.0,0.0,0.0,0.0,0.0,0.0
1993-02-02,0.0,0.0,-6.0,0.0,-6.0,0.0
1993-02-03,0.0,0.0,0.0,0.0,0.0,0.0
1993-02-04,0.0,0.0,0.0,0.0,0.0,0.0
1993-02-05,0.0,0.04999999998835847,0.0,0.0,-0.04999999998835847,0.0
1993-02-06,0.0,-0.01999999998952262,0.0,0.0,0.01999999998952262,0.0
1993-02-07,0.0,0.0,-6.0,0.0,-6.0,0.0
1993-02-08,0.0,0.4200000000128057,0.0,0.0,-0.4200000000128057,0.0
1993-02-09,0.0,0.5599999999976717,-6.0,0.0,-6.559999999997672,10.0
1993-02-10,0.0,-0.8700000000244472,-6.000000000029104,0.0,-5.130000000004657,20.0
1993-02-11,0.0,0.5,-30.0,0.0,-30.5,40.0
1993-02-12,0.0,-0.7300000000104774,0.0,0.0,0.7300000000104774,0.0
1993-02-13,0.0,0.0,0.0,0.0,0.0,0.0
1993-02-14,0.0,0.0,0.0,0.0,0.0,0.0
1993-02-15,0.0,0.0,0.0,0.0,0.0,0.0
1993-02-16,0.0,-0.01999999998952262,0.0,0.0,0.01999999998952262,0.0
1993-02-17,0.0,0.0,0.0,0.0,0.0,0.0
1993-02-18,0.0,-0.04000000000814907,-12.000000000029104,0.0,-11.960000000020955,0.0
1993-02-19,0.0,0.0,-6.0,0.0,-6.0,0.0
1993-02-20,0.0,0.0,0.0,0.0,0.0,0.0
1993-02-21,0.0,0.0,0.0,0.0,0.0,0.0
1993-02-22,0.0,0.0,0.0,0.0,0.0,0.0
1993-02-23,0.0,0.0,0.0,0.0,0.0,0.0
1993-02-24,0.0,0.0,0.0,0.0,0.0,0.0
1993-02-25,0.0,0.0,0.0,0.0,0.0,0.0
1993-02-26,0.0,0.0,0.0,0.0,0.0,0.0
1993-02-27,0.0,0.0,0.0,0.0,0.0,0.0
1993-02-28,0.0,0.0,0.0,0.0,0.0,0.0
1993-03-01,0.0,0.0,0.0,0.0,0.0,0.0
1993-03-02,0.0,0.0,0.0,0.0,0.0,0.0
1993-03-03,0.0,0.10000000000582077,0.0,0.0,-0.10000000000582077,0.0
1993-03-04,0.0,1.290000000008149,-90.0,0.0,-91.29000000000815,50.0
1993-03-05,0.0,-0.4699999999720603,-6.000000000029104,0.0,-5.5300000000570435,0.0
1993-03-06,0.0,1.0599999999976717,-5.999999999970896,0.0,-7.059999999968568,0.0
1993-03-07,0.0,0.9899999999906868,-30.0,0.0,-30.989999999990687,10.0
1993-03-08,0.0,-0.3199999999778811,-12.0,0.0,-11.680000000022119,10.0
1993-03-09,0.0,2.529999999998836,-180.0000000000291,0.0,-182.53000000002794,10.0
1993-03-10,0.0,-0.9199999999837019,-24.000000000029104,0.0,-23.080000000045402,20.0
1993-03-11,0.0,-3.8500000000058208,-18.000000000029104,0.0,-14.150000000023283,0.0
1993-03-12,0.0,4.309999999997672,-41.999999999970896,0.0,-46.30999999996857,40.0
1993-03-13,0.0,1.9399999999732245,-65.9999999999709,0.0,-67.93999999994412,30.0
1993-03-14,0.0,31.739999999990687,-834.0,-0.09999999999999964,-865.7399999999907,0.0
1993-03-15,0.0,-9.0,-564.0,0.0,-555.0,0.0
1993-03-16,0.0,-1.8100000000558794,-618.0,-0.009999999999999787,-616.1899999999441,0.0
1993-03-17,0.0,8.260000000009313,-984.0000000001164,0.0,-992.2600000001257,20.0
1993-03-18,0.0,-24.319999999948777,-234.0,-0.009999999999999787,-209.68000000005122,0.0
1993-03-19,0.0,-5.7999999999883585,-138.0000000000291,-0.009999999999999787,-132.20000000004075,0.0
1993-03-20,0.0,4.5,-263.9999999999418,-0.009999999999999787,-268.4999999999418,-10.0
1993-03-21,0.0,0.34000000002561137,-348.0000000001164,0.0,-348.340000000142,30.0
1993-03-22,0.0,5.880000000004657,-870.0,-0.019999999999999574,-875.8800000000047,0.0
1993-03-23,0.0,-11.159999999974389,-354.0,-0.009999999999999787,-342.8400000000256,0.0
1993-03-24,0.0,-4.940000000002328,-78.0000000000291,0.0,-73.06000000002678,0.0
1993-03-25,0.0,0.16000000000349246,-23.999999999970896,0.0,-24.15999999997439,0.0
1993-03-26,0.0,0.04999999998835847,-24.0,0.0,-24.04999999998836,0.0
1993-03-27,0.0,0.139999999984866,-18.0,0.0,-18.139999999984866,0.0
1993-03-28,0.0,0.14999999999417923,-23.999999999970896,0.0,-24.149999999965075,0.0
1993-03-29,0.0,-0.2600000000093132,0.0,0.0,0.2600000000093132,0.0
1993-03-30,0.0,-0.20000000001164153,-12.000000000029104,0.0,-11.800000000017462,10.0
1993-03-31,0.0,-0.20999999999185093,-30.0,0.0,-29.79000000000815,0.0
1993-04-01,0.0,2.60999999998603,-354.0,-0.009999999999999787,-356.60999999998603,0.0
1993-04-02,0.0,-2.4300000000512227,-1464.0,-0.09999999999999964,-1461.5699999999488,-10.0
1993-04-03,0.0,1.2199999999720603,-881.9999999999418,-0.03000000000000025,-883.2199999999139,0.0
1993-04-04,0.0,-0.8900000000139698,-167.9999999999709,-0.009999999999999787,-167.10999999995693,-70.0
1993-04-05,0.0,0.0,-203.9999999999709,-0.009999999999999787,-203.9999999999709,-10.0
1993-04-06,0.0,-0.01999999998952262,-144.0,0.0,-143.98000000001048,10.0
1993-04-07,0.0,-0.01999999998952262,-96.0,-0.010000000000000231,-95.98000000001048,-90.0
1993-04-08,0.0,0.08999999996740371,-816.0000000001164,-0.02999999999999936,-816.0900000000838,0.0
1993-04-09,0.0,0.5599999999976717,-540.0,-0.019999999999999574,-540.5599999999977,0.0
1993-04-10,0.0,-0.470000000030268,-474.0000000000582,-0.009999999999999787,-473.53000000002794,10.0
1993-04-11,0.0,0.37999999994644895,-168.0,-0.009999999999999787,-168.37999999994645,-10.0
1993-04-12,0.0,-0.3799999999755528,-264.0,-0.04999999999999982,-263.62000000002445,0.0
1993-04-13,0.0,-0.45000000001164153,-114.0,-0.010000000000000231,-113.54999999998836,-60.0
1993-04-14,0.0,0.360000000015134,-24.0,0.0,-24.360000000015134,10.0
1993-04-15,0.0,0.0,-138.0,0.0,-138.0,10.0
1993-04-16,0.0,0.12000000002444722,-233.9999999999709,-0.009999999999999787,-234.11999999999534,0.0
1993-04-17,0.0,0.0,-390.0,-0.019999999999999574,-390.0,-10.0
1993-04-18,0.0,0.0,-192.0,-0.009999999999999787,-192.0,-20.0
1993-04-19,0.0,0.0,-59.999999999970896,0.0,-59.999999999970896,30.0
1993-04-20,0.0,0.0,-209.9999999999709,-0.010000000000000231,-209.9999999999709,-10.0
1993-04-21,0.0,0.0,-192.0,0.0,-192.0,10.0
1993-04-22,0.0,0.04000000000814907,-179.9999999999709,0.0,-180.03999999997905,20.0
1993-04-23,0.0,0.0,-366.0,-0.019999999999999574,-366.0,-10.0
1993-04-24,0.0,0.0,-438.0,-0.009999999999999787,-438.0,20.0
1993-04-25,0.0,0.09999999997671694,-384.0,-0.010000000000000675,-384.0999999999767,10.0
1993-04-26,0.0,0.0,-251.9999999999418,-0.009999999999999787,-251.9999999999418,-10.0
1993-04-27,0.0,0.0,-71.9999999999709,0.0,-71.9999999999709,30.0
1993-04-28,0.0,0.11999999999534339,-138.0,0.0,-138.11999999999534,10.0
1993-04-29,0.0,0.25,-576.0,-0.019999999999999574,-576.25,0.0
1993-04-30,0.0,-0.35999999998603016,-41.999999999970896,0.0,-41.639999999984866,10.0
1993-05-01,0.0,0.0,-41.999999999970896,0.0,-41.999999999970896,0.0
1993-05-02,0.0,-0.01999999998952262,-17.999999999970896,0.0,-17.979999999981374,0.0
1993-05-03,0.0,0.06999999994877726,-708.0000000000582,-0.03000000000000025,-708.070000000007,0.0
1993-05-04,0.0,-0.14000000001396984,-78.0,0.0,-77.85999999998603,10.0
1993-05-05,0.0,0.0,-78.0,-0.010000000000000231,-78.0,-100.0
1993-05-06,0.0,0.0,-324.0,-0.020000000000000018,-324.0,-10.0
1993-05-07,0.0,0.0,-342.0,-0.019999999999999574,-342.0,-40.0
1993-05-08,0.0,0.0,-168.0000000000291,-0.009999999999999787,-168.0000000000291,-10.0
1993-05-09,0.0,0.0,-6.0,0.0,-6.0,0.0
1993-05-10,0.0,0.0,-17.999999999970896,0.0,-17.999999999970896,0.0
1993-05-11,0.0,0.0,0.0,0.0,0.0,0.0
1993-05-12,0.0,-0.010000000009313226,-17.999999999970896,0.0,-17.989999999961583,0.0
1993-05-13,0.0,0.0,-12.0,0.0,-12.0,0.0
1993-05-14,0.0,0.0,0.0,0.0,0.0,0.0
1993-05-15,0.0,0.0,0.0,0.0,0.0,0.0
1993-05-16,0.0,0.0,0.0,0.0,0.0,0.0
1993-05-17,0.0,0.0,0.0,0.0,0.0,0.0
1993-05-18,0.0,0.0,0.0,0.0,0.0,0.0
1993-05-19,0.0,0.0,0.0,0.0,0.0,0.0
1993-05-20,0.0,0.0,0.0,0.0,0.0,0.0
1993-05-21,0.0,0.0,0.0,0.0,0.0,0.0
1993-05-22,0.0,0.0500000000174623,0.0,0.0,-0.0500000000174623,0.0
1993-05-23,0.0,0.0,0.0,0.0,0.0,0.0
1993-05-24,0.0,0.0,0.0,0.0,0.0,0.0
1993-05-25,0.0,0.0,0.0,0.0,0.0,0.0
1993-05-26,0.0,0.0,0.0,0.0,0.0,0.0
1993-05-27,0.0,0.0,0.0,0.0,0.0,0.0
1993-05-28,0.0,0.0,-12.0,0.0,-12.0,10.0
1993-05-29,0.0,0.029999999998835847,0.0,0.0,-0.029999999998835847,0.0
1993-05-30,0.0,0.0,-41.999999999970896,-0.010000000000000231,-41.999999999970896,-90.0
1993-05-31,0.0,0.0,-138.0,-0.010000000000000231,-138.0,-20.0
1993-06-01,0.0,-0.0500000000174623,-36.000000000029104,0.0,-35.95000000001164,10.0
1993-06-02,0.0,0.0,-24.000000000058208,0.0,-24.000000000058208,0.0
1993-06-03,0.0,0.0,-29.999999999970896,-0.009999999999999787,-29.999999999970896,-230.0
1993-06-04,0.0,-0.029999999998835847,-306.0,-0.010000000000000231,-305.97000000000116,0.0
1993-06-05,0.0,0.27999999999883585,-432.0,-0.019999999999999574,-432.27999999999884,0.0
1993-06-06,0.0,-0.3099999999976717,-276.0,-0.009999999999999787,-275.6900000000023,10.0
1993-06-07,0.0,0.0,-83.9999999999709,0.0,-83.9999999999709,10.0
1993-06-08,0.0,0.0,-18.000000000029104,0.0,-18.000000000029104,10.0
1993-06-09,0.0,0.0,-47.999999999970896,0.0,-47.999999999970896,10.0
1993-06-10,0.0,0.0,-84.0000000000291,0.0,-84.0000000000291,20.0
1993-06-11,0.0,0.0,-36.000000000029104,0.0,-36.000000000029104,10.0
1993-06-12,0.0,0.0,-18.0,-0.010000000000000231,-18.0,-40.0
1993-06-13,0.0,0.0,-23.999999999970896,0.0,-23.999999999970896,0.0
1993-06-14,0.0,0.0,-18.0,0.0,-18.0,20.0
1993-06-15,0.0,0.0,-18.0,0.0,-18.0,10.0
1993-06-16,0.0,0.0,-6.0,0.0,-6.0,0.0
1993-06-17,0.0,-0.04000000000814907,0.0,0.0,0.04000000000814907,0.0
1993-06-18,0.0,0.01999999998952262,0.0,0.0,-0.01999999998952262,0.0
1993-06-19,0.0,0.0,0.0,0.0,0.0,0.0
1993-06-20,0.0,0.0,0.0,0.0,0.0,0.0
1993-06-21,0.0,0.0,0.0,0.0,0.0,0.0
1993-06-22,0.0,0.0,-54.0,-0.010000000000000231,-54.0,-20.0
1993-06-23,0.0,0.0,0.0,0.0,0.0,0.0
1993-06-24,0.0,0.0,0.0,0.0,0.0,0.0
1993-06-25,0.0,0.0,0.0,0.0,0.0,0.0
1993-06-26,0.0,0.0,0.0,0.0,0.0,0.0
1993-06-27,0.0,0.0,0.0,0.0,0.0,0.0
1993-06-28,0.0,0.0,0.0,0.0,0.0,0.0
1993-06-29,0.0,0.0,0.0,0.0,0.0,0.0
1993-06-30,0.0,0.0,0.0,0.0,0.0,0.0
1993-07-01,0.0,0.01999999998952262,0.0,0.0,-0.01999999998952262,0.0
1993-07-02,0.0,0.0,0.0,0.0,0.0,0.0
1993-07-03,0.0,0.0,0.0,0.0,0.0,0.0
1993-07-04,0.0,0.0,0.0,0.0,0.0,0.0
1993-07-05,0.0,0.0,0.0,0.0,0.0,0.0
1993-07-06,0.0,0.0,0.0,0.0,0.0,0.0
1993-07-07,0.0,0.0,0.0,0.0,0.0,0.0
1993-07-08,0.0,0.029999999998835847,0.0,0.0,-0.029999999998835847,0.0
1993-07-09,0.0,0.0,0.0,0.0,0.0,0.0
1993-07-10,0.0,0.01999999998952262,0.0,0.0,-0.01999999998952262,0.0
1993-07-11,0.0,0.00999999999476131,0.0,0.0,-0.00999999999476131,0.0
1993-07-12,0.0,0.0,0.0,0.0,0.0,0.0
1993-07-13,0.0,0.0,0.0,0.0,0.0,0.0
1993-07-14,0.0,0.0,0.0,0.0,0.0,0.0
1993-07-15,0.0,0.0,0.0,0.0,0.0,0.0
1993-07-16,0.0,0.03999999999359716,0.0,0.0,-0.03999999999359716,0.0
1993-07-17,0.0,-0.010000000009313226,0.0,0.0,0.010000000009313226,0.0
1993-07-18,0.0,0.029999999998835847,0.0,0.0,-0.029999999998835847,0.0
1993-07-19,0.0,-0.010000000009313226,-23.999999999985448,0.0,-23.989999999976135,10.0
1993-07-20,0.0,0.0,0.0,0.0,0.0,0.0
1993-07-21,0.0,-0.020000000004074536,0.0,0.0,0.020000000004074536,0.0
1993-07-22,0.0,0.0,-60.0,-0.010000000000000009,-60.0,-10.0
1993-07-23,0.0,0.0,0.0,0.0,0.0,0.0
1993-07-24,0.0,0.0,0.0,0.0,0.0,0.0
1993-07-25,0.0,0.0,0.0,0.0,0.0,0.0
1993-07-26,0.0,0.0,0.0,0.0,0.0,0.0
1993-07-27,0.0,-0.00999999999476131,0.0,0.0,0.00999999999476131,0.0
1993-07-28,0.0,-0.010000000009313226,0.0,0.0,0.010000000009313226,0.0
1993-07-29,0.0,0.0,0.0,0.0,0.0,0.0
1993-07-30,0.0,0.010000000009313226,0.0,0.0,-0.010000000009313226,0.0
1993-07-31,0.0,0.0,0.0,0.0,0.0,0.0
1993-08-01,0.0,0.0,0.0,0.0,0.0,0.0
1993-08-02,0.0,0.0,0.0,0.0,0.0,0.0
1993-08-03,0.0,0.0,0.0,0.0,0.0,0.0
1993-08-04,0.0,0.0,0.0,0.0,0.0,0.0
1993-08-05,0.0,0.0,0.0,0.0,0.0,0.0
1993-08-06,0.0,0.0,0.0,0.0,0.0,0.0
1993-08-07,0.0,0.0,0.0,0.0,0.0,0.0
1993-08-08,0.0,0.0,0.0,0.0,0.0,0.0
1993-08-09,0.0,0.0,0.0,0.0,0.0,0.0
1993-08-10,0.0,0.0,0.0,0.0,0.0,0.0
1993-08-11,0.0,0.0,0.0,0.0,0.0,0.0
1993-08-12,0.0,0.0,0.0,0.0,0.0,0.0
1993-08-13,0.0,0.0,0.0,0.0,0.0,0.0
1993-08-14,0.0,0.0,0.0,0.0,0.0,0.0
1993-08-15,0.0,0.0,0.5999999999912689,0.0,0.5999999999912689,0.0
1993-08-16,0.0,0.0,0.0,0.0,0.0,0.0
1993-08-17,0.0,0.0,0.0,0.0,0.0,0.0
1993-08-18,0.0,0.0,0.0,0.0,0.0,0.0
1993-08-19,0.0,0.0,0.0,0.0,0.0,0.0
1993-08-20,0.0,0.0,0.0,0.0,0.0,0.0
1993-08-21,0.0,0.0,0.0,0.0,0.0,0.0
1993-08-22,0.0,0.0,0.0,0.0,0.0,0.0
1993-08-23,0.0,0.0,0.0,0.0,0.0,0.0
1993-08-24,0.0,0.0,0.0,0.0,0.0,0.0
1993-08-25,0.0,0.0,0.0,0.0,0.0,0.0
1993-08-26,0.0,0.0,0.0,0.0,0.0,0.0
1993-08-27,0.0,0.0,0.0,0.0,0.0,0.0
1993-08-28,0.0,0.0,0.0,0.0,0.0,0.0
1993-08-29,0.0,0.0,0.0,0.0,0.0,0.0
1993-08-30,0.0,0.0,0.0,0.0,0.0,0.0
1993-08-31,0.0,0.0,0.0,0.0,0.0,0.0
1993-09-01,0.0,0.0,0.0,0.0,0.0,0.0
1993-09-02,0.0,0.0,0.0,0.0,0.0,0.0
1993-09-03,0.0,0.0,0.0,0.0,0.0,0.0
1993-09-04,0.0,0.0,0.0,0.0,0.0,0.0
1993-09-05,0.0,0.0,0.0,0.0,0.0,0.0
1993-09-06,0.0,0.0,0.0,0.0,0.0,0.0
1993-09-07,0.0,0.0,0.0,0.0,0.0,0.0
1993-09-08,0.0,0.0,0.0,0.0,0.0,0.0
1993-09-09,0.0,0.0,0.0,0.0,0.0,0.0
1993-09-10,0.0,0.0,0.0,0.0,0.0,0.0
1993-09-11,0.0,0.0,0.0,0.0,0.0,0.0
1993-09-12,0.0,0.0,0.0,0.0,0.0,0.0
1993-09-13,0.0,0.0,0.0,0.0,0.0,0.0
1993-09-14,0.0,0.0,0.0,0.0,0.0,0.0
1993-09-15,0.0,0.0,0.0,0.0,0.0,0.0
1993-09-16,0.0,0.0,0.0,0.0,0.0,0.0
1993-09-17,0.0,0.0,0.0,0.0,0.0,0.0
1993-09-18,0.0,0.0,0.0,0.0,0.0,0.0
1993-09-19,0.0,0.0,0.0,0.0,0.0,0.0
1993-09-20,0.0,0.0,0.0,0.0,0.0,0.0
1993-09-21,0.0,0.0,0.0,0.0,0.0,0.0
1993-09-22,0.0,0.0,0.0,0.0,0.0,0.0
1993-09-23,0.0,0.0,0.0,0.0,0.0,0.0
1993-09-24,0.0,0.0,0.0,0.0,0.0,0.0
1993-09-25,0.0,0.0,0.0,0.0,0.0,0.0
1993-09-26,0.0,0.0,0.0,0.0,0.0,0.0
1993-09-27,0.0,0.0,0.0,0.0,0.0,0.0
1993-09-28,0.0,0.0,0.0,0.0,0.0,0.0
1993-09-29,0.0,0.0,0.0,0.0,0.0,0.0
1993-09-30,0.0,0.0,0.0,0.0,0.0,0.0
1993-10-01,0.0,0.0,0.0,0.0,0.0,0.0
1993-10-02,0.0,0.0,0.0,0.0,0.0,0.0
1993-10-03,0.0,0.0,0.0,0.0,0.0,0.0
1993-10-04,0.0,0.0,0.0,0.0,0.0,0.0
1993-10-05,0.0,0.0,0.0,0.0,0.0,0.0
1993-10-06,0.0,0.0,0.0,0.0,0.0,0.0
1993-10-07,0.0,0.0,0.0,0.0,0.0,0.0
1993-10-08,0.0,0.0,0.0,0.0,0.0,0.0
1993-10-09,0.0,0.0,0.0,0.0,0.0,0.0
1993-10-10,0.0,0.0,0.0,0.0,0.0,0.0
1993-10-11,0.0,0.0,0.0,0.0,0.0,0.0
1993-10-12,0.0,0.0,0.0,0.0,0.0,0.0
1993-10-13,0.0,0.0,0.0,0.0,0.0,0.0
1993-10-14,0.0,0.0,0.0,0.0,0.0,0.0
1993-10-15,0.0,0.0,0.0,0.0,0.0,0.0
1993-10-16,0.0,0.0,0.0,0.0,0.0,0.0
1993-10-17,0.0,0.0,0.0,0.0,0.0,0.0
1993-10-18,0.0,0.0,0.0,0.0,0.0,0.0
1993-10-19,0.0,0.0,0.0,0.0,0.0,0.0
1993-10-20,0.0,0.0,0.0,0.0,0.0,0.0
1993-10-21,0.0,0.0,0.0,0.0,0.0,0.0
1993-10-22,0.0,0.0,0.0,0.0,0.0,0.0
1993-10-23,0.0,0.0,0.0,0.0,0.0,0.0
1993-10-24,0.0,0.0,0.0,0.0,0.0,0.0
1993-10-25,0.0,0.0,0.0,0.0,0.0,0.0
1993-10-26,0.0,0.0,0.0,0.0,0.0,0.0
1993-10-27,0.0,0.0,0.0,0.0,0.0,0.0
1993-10-28,0.0,0.0,0.0,0.0,0.0,0.0
1993-10-29,0.0,0.0,0.0,0.0,0.0,0.0
1993-10-30,0.0,0.0,0.0,0.0,0.0,0.0
1993-10-31,0.0,0.0,0.0,0.0,0.0,0.0
1993-11-01,0.0,0.0,0.0,0.0,0.0,0.0
1993-11-02,0.0,0.0,0.0,0.0,0.0,0.0
1993-11-03,0.0,0.0,0.0,0.0,0.0,0.0
1993-11-04,0.0,0.0,0.0,0.0,0.0,0.0
1993-11-05,0.0,0.0,0.0,0.0,0.0,0.0
1993-11-06,0.0,0.0,0.0,0.0,0.0,0.0
1993-11-07,0.0,0.0,0.0,0.0,0.0,0.0
1993-11-08,0.0,0.0,0.0,0.0,0.0,0.0
1993-11-09,0.0,0.0,0.0,0.0,0.0,0.0
1993-11-10,0.0,0.0,0.0,0.0,0.0,0.0
1993-11-11,0.0,0.0,0.0,0.0,0.0,0.0
1993-11-12,0.0,0.0,0.0,0.0,0.0,0.0
1993-11-13,0.0,0.0,0.0,0.0,0.0,0.0
1993-11-14,0.0,0.0,0.0,0.0,0.0,0.0
1993-11-15,0.0,0.0,0.0,0.0,0.0,0.0
1993-11-16,0.0,0.0,0.0,0.0,0.0,0.0
1993-11-17,0.0,0.0,0.0,0.0,0.0,0.0
1993-11-18,0.0,0.0,0.0,0.0,0.0,0.0
1993-11-19,0.0,0.0,0.0,0.0,0.0,0.0
1993-11-20,0.0,0.0,0.0,0.0,0.0,0.0
1993-11-21,0.0,0.0,0.0,0.0,0.0,0.0
1993-11-22,0.0,0.0,0.0,0.0,0.0,0.0
1993-11-23,0.0,0.0,0.0,0.0,0.0,0.0
1993-11-24,0.0,0.0,0.0,0.0,0.0,0.0
1993-11-25,0.0,0.0,0.0,0.0,0.0,0.0
1993-11-26,0.0,0.0,0.0,0.0,0.0,0.0
1993-11-27,0.0,0.0,0.0,0.0,0.0,0.0
1993-11-28,0.0,0.0,0.0,0.0,0.0,0.0
1993-11-29,0.0,0.0,0.0,0.0,0.0,0.0
1993-11-30,0.0,0.23999999999796273,-7.199999999982538,0.0,-7.4399999999805,20.0
1993-12-01,0.0,55.25,-1344.0000000002328,0.0,-1399.2500000002328,20.0
1993-12-02,0.0,-55.479999999995925,-54.000000000029104,-0.009999999999999787,1.4799999999668216,0.0
1993-12-03,0.0,0.020000000004074536,0.0,0.0,-0.020000000004074536,0.0
1993-12-04,0.0,0.7200000000011642,-23.400000000001455,0.0,-24.12000000000262,10.0
1993-12-05,0.0,-0.7000000000007276,0.0,0.0,0.7000000000007276,0.0
1993-12-06,0.0,0.00999999999839929,0.0,0.0,-0.00999999999839929,0.0
1993-12-07,0.0,0.020000000004074536,-19.80000000000291,0.0,-19.820000000006985,10.0
1993-12-08,0.0,1.4400000000023283,-277.19999999998254,0.0,-278.63999999998487,10.0
1993-12-09,0.0,-1.1199999999953434,-66.0,0.0,-64.88000000000466,20.0
1993-12-10,0.0,-0.3200000000069849,-131.99999999998545,0.0,-131.67999999997846,0.0
1993-12-11,0.0,-0.020000000004074536,-18.60000000000582,0.0,-18.580000000001746,0.0
1993-12-12,0.0,-0.029999999998835847,-3.6000000000058208,0.0,-3.570000000006985,20.0
1993-12-13,0.0,0.0,-2.400000000008731,0.0,-2.400000000008731,10.0
1993-12-14,0.0,0.0,0.0,0.0,0.0,0.0
1993-12-15,0.0,0.0,0.0,0.0,0.0,0.0
1993-12-16,0.0,0.0,0.0,0.0,0.0,0.0
1993-12-17,0.0,0.0,0.0,0.0,0.0,0.0
1993-12-18,0.0,0.0,0.0,0.0,0.0,0.0
1993-12-19,0.0,0.0,0.0,0.0,0.0,0.0
1993-12-20,0.0,0.0,0.0,0.0,0.0,0.0
1993-12-21,0.0,-0.029999999998835847,0.0,0.0,0.029999999998835847,0.0
1993-12-22,0.0,0.0,0.0,0.0,0.0,0.0
1993-12-23,0.0,-0.00999999999476131,0.0,0.0,0.00999999999476131,0.0
1993-12-24,0.0,0.00999999999476131,0.0,0.0,-0.00999999999476131,0.0
1993-12-25,0.0,0.0,0.0,0.0,0.0,0.0
1993-12-26,0.0,0.0,0.0,0.0,0.0,0.0
1993-12-27,0.0,0.0,0.0,0.0,0.0,0.0
1993-12-28,0.0,0.0,0.0,0.0,0.0,0.0
1993-12-29,0.0,0.0,0.0,0.0,0.0,0.0
1993-12-30,0.0,0.0,0.0,0.0,0.0,0.0
1993-12-31,0.0,0.0,0.0,0.0,0.0,0.0
1994-01-01,0.0,2.3800000000046566,-1302.0,0.0,-1304.3800000000047,40.0
1994-01-02,0.0,3.5,-1679.9999999998836,0.0,-1683.4999999998836,30.0
1994-01-03,0.0,-5.880000000004657,-108.0000000000291,0.0,-102.12000000002445,0.0
1994-01-04,0.0,0.8699999999953434,-504.0000000000582,-0.009999999999999787,-504.87000000005355,30.0
1994-01-05,0.0,2.0899999999674037,-726.0000000000582,-0.009999999999999787,-728.0900000000256,0.0
1994-01-06,0.0,-2.9400000000023283,-29.999999999970896,-0.010000000000000231,-27.059999999968568,0.0
1994-01-07,0.0,0.0,-12.0,0.0,-12.0,0.0
1994-01-08,0.0,0.25,-36.0,0.0,-36.25,0.0
1994-01-09,0.0,-0.20999999999185093,-71.9999999999709,0.0,-71.78999999997905,20.0
1994-01-10,0.0,0.0,-108.0,-0.010000000000000231,-108.0,-50.0
1994-01-11,0.0,0.0500000000174623,-78.0,-0.009999999999999787,-78.05000000001746,-80.0
1994-01-12,0.0,0.09999999997671694,-72.0,-0.009999999999999787,-72.09999999997672,-80.0
1994-01-13,0.0,-0.059999999997671694,-6.000000000029104,0.0,-5.940000000031432,0.0
1994-01-14,0.0,-0.01999999998952262,0.0,0.0,0.01999999998952262,0.0
1994-01-15,0.0,-0.10999999998603016,0.0,0.0,0.10999999998603016,0.0
1994-01-16,0.0,-0.0500000000174623,0.0,0.0,0.0500000000174623,0.0
1994-01-17,0.0,0.0,-6.0,0.0,-6.0,0.0
1994-01-18,0.0,0.0,-6.0,0.0,-6.0,0.0
1994-01-19,0.0,-0.029999999998835847,0.0,0.0,0.029999999998835847,0.0
1994-01-20,0.0,0.0,0.0,0.0,0.0,0.0
1994-01-21,0.0,0.0,0.0,0.0,0.0,0.0
1994-01-22,0.0,0.0,-24.000000000029104,0.0,-24.000000000029104,10.0
1994-01-23,0.0,0.0,0.0,0.0,0.0,0.0
1994-01-24,0.0,-0.07000000000698492,0.0,0.0,0.07000000000698492,0.0
1994-01-25,0.0,0.0,0.0,0.0,0.0,0.0
1994-01-26,0.0,0.0,0.0,0.0,0.0,0.0
1994-01-27,0.0,0.0,-6.0,0.0,-6.0,0.0
1994-01-28,0.0,0.0,0.0,0.0,0.0,0.0
1994-01-29,0.0,0.0,0.0,0.0,0.0,0.0
1994-01-30,0.0,0.0,-12.0,0.0,-12.0,0.0
1994-01-31,0.0,0.029999999998835847,0.0,0.0,-0.029999999998835847,0.0
1994-02-01,0.0,0.0,0.0,0.0,0.0,0.0
1994-02-02,0.0,0.04999999998835847,0.0,0.0,-0.04999999998835847,0.0
1994-02-03,0.0,0.0,0.0,0.0,0.0,0.0
1994-02-04,0.0,0.0,0.0,0.0,0.0,0.0
1994-02-05,0.0,0.0,0.0,0.0,0.0,0.0
1994-02-06,0.0,0.0,0.0,0.0,0.0,0.0
1994-02-07,0.0,0.029999999998835847,0.0,0.0,-0.029999999998835847,0.0
1994-02-08,0.0,0.0,0.0,0.0,0.0,0.0
1994-02-09,0.0,0.0,0.0,0.0,0.0,0.0
1994-02-10,0.0,0.0,0.0,0.0,0.0,0.0
1994-02-11,0.0,0.0,0.0,0.0,0.0,0.0
1994-02-12,0.0,0.0,0.0,0.0,0.0,0.0
1994-02-13,0.0,0.0,-12.0,0.0,-12.0,10.0
1994-02-14,0.0,0.0,0.0,0.0,0.0,0.0
1994-02-15,0.0,0.14999999999417923,0.0,0.0,-0.14999999999417923,0.0
1994-02-16,0.0,0.029999999998835847,0.0,0.0,-0.029999999998835847,0.0
1994-02-17,0.0,-0.15000000002328306,-18.0,0.0,-17.849999999976717,20.0
1994-02-18,0.0,-0.11000000001513399,-24.0,0.0,-23.889999999984866,10.0
1994-02-19,0.0,0.029999999998835847,0.0,0.0,-0.029999999998835847,0.0
1994-02-20,0.0,-0.010000000009313226,-18.0,0.0,-17.989999999990687,0.0
1994-02-21,0.0,0.010000000009313226,-18.0,0.0,-18.010000000009313,10.0
1994-02-22,0.0,0.0,-42.0,-0.010000000000000009,-42.0,-20.0
1994-02-23,0.0,0.0,-864.0,-0.009999999999999787,-864.0,60.0
1994-02-24,0.0,53.62999999988824,-810.0,-0.10000000000000142,-863.6299999998882,-170.0
1994-02-25,0.0,-48.59000000002561,-90.0,0.0,-41.40999999997439,0.0
1994-02-26,0.0,-4.130000000004657,-17.999999999970896,0.0,-13.86999999996624,0.0
1994-02-27,0.0,8.809999999997672,-72.0,0.0,-80.80999999999767,10.0
1994-02-28,0.0,-2.7699999999895226,-96.0,0.0,-93.23000000001048,0.0
1994-03-01,0.0,-3.709999999991851,-132.0000000000291,-0.010000000000000231,-128.29000000003725,-50.0
1994-03-02,0.0,-2.349999999976717,-114.0,0.0,-111.65000000002328,0.0
1994-03-03,0.0,-0.8800000000046566,-161.9999999999709,-0.009999999999999787,-161.11999999996624,-20.0
1994-03-04,0.0,-0.11999999999534339,-12.000000000029104,0.0,-11.88000000003376,20.0
1994-03-05,0.0,-0.029999999998835847,-30.000000000029104,0.0,-29.970000000030268,0.0
1994-03-06,0.0,0.0,-18.000000000029104,0.0,-18.000000000029104,0.0
1994-03-07,0.0,0.0,-6.0,0.0,-6.0,0.0
1994-03-08,0.0,0.0,-5.999999999970896,0.0,-5.999999999970896,0.0
1994-03-09,0.0,0.08000000001629815,0.0,0.0,-0.08000000001629815,0.0
1994-03-10,0.0,-0.04000000000814907,0.0,0.0,0.04000000000814907,0.0
1994-03-11,0.0,0.0,-12.0,0.0,-12.0,10.0
1994-03-12,0.0,0.0,0.0,0.0,0.0,0.0
1994-03-13,0.0,0.0,0.0,0.0,0.0,0.0
1994-03-14,0.0,0.0,0.0,0.0,0.0,0.0
1994-03-15,0.0,0.0,0.0,0.0,0.0,0.0
1994-03-16,0.0,0.0,-6.0,0.0,-6.0,0.0
1994-03-17,0.0,0.029999999998835847,-18.0,0.0,-18.029999999998836,10.0
1994-03-18,0.0,0.0,-60.0,0.0,-60.0,0.0
1994-03-19,0.0,-0.010000000009313226,-6.0,0.0,-5.989999999990687,0.0
1994-03-20,0.0,0.1900000000023283,-23.999999999970896,0.0,-24.189999999973224,20.0
1994-03-21,0.0,-0.20000000001164153,-66.0000000000291,0.0,-65.80000000001746,20.0
1994-03-22,0.0,0.0,-6.0,0.0,-6.0,0.0
1994-03-23,0.0,0.01999999998952262,-47.999999999970896,-0.009999999999999787,-48.01999999996042,-10.0
1994-03-24,0.0,0.10999999998603016,-72.0000000000291,0.0,-72.11000000001513,180.0
1994-03-25,0.0,-0.14999999999417923,-36.0,0.0,-35.85000000000582,50.0
1994-03-26,0.0,0.27999999999883585,-6.000000000029104,0.0,-6.28000000002794,0.0
1994-03-27,0.0,1.040000000008149,-6.0,0.0,-7.040000000008149,0.0
1994-03-28,0.0,-1.4200000000128057,0.0,0.0,1.4200000000128057,0.0
1994-03-29,0.0,0.0,0.0,0.0,0.0,0.0
1994-03-30,0.0,0.059999999997671694,-78.0,-0.010000000000000231,-78.05999999999767,-80.0
1994-03-31,0.0,0.0,-77.9999999999709,-0.009999999999999787,-77.9999999999709,-40.0
1994-04-01,0.0,0.0,-6.0,0.0,-6.0,0.0
1994-04-02,0.0,0.0,-6.0,0.0,-6.0,0.0
1994-04-03,0.0,0.0,-17.999999999970896,0.0,-17.999999999970896,10.0
1994-04-04,0.0,0.0,-30.000000000058208,0.0,-30.000000000058208,30.0
1994-04-05,0.0,0.25,-42.0,0.0,-42.25,10.0
1994-04-06,0.0,-0.10999999998603016,-342.0000000000291,-0.009999999999999787,-341.8900000000431,10.0
1994-04-07,0.0,-0.22000000000116415,-179.9999999999709,-0.010000000000000231,-179.77999999996973,-20.0
1994-04-08,0.0,0.0,-324.0,-0.009999999999999787,-324.0,0.0
1994-04-09,0.0,0.04999999998835847,-257.9999999999709,-0.010000000000000231,-258.04999999995925,0.0
1994-04-10,0.0,-0.0500000000174623,-42.0,0.0,-41.94999999998254,30.0
1994-04-11,0.0,-0.0500000000174623,-23.999999999970896,0.0,-23.949999999953434,0.0
1994-04-12,0.0,0.01999999998952262,-60.000000000029104,-0.010000000000000231,-60.02000000001863,-60.0
1994-04-13,0.0,0.0,-6.0,0.0,-6.0,10.0
1994-04-14,0.0,0.0,-6.0,0.0,-6.0,0.0
1994-04-15,0.0,-0.07999999998719431,0.0,0.0,0.07999999998719431,0.0
1994-04-16,0.0,0.010000000009313226,-6.0,0.0,-6.010000000009313,0.0
1994-04-17,0.0,0.059999999997671694,0.0,0.0,-0.059999999997671694,0.0
1994-04-18,0.0,0.0,0.0,0.0,0.0,0.0
1994-04-19,0.0,0.029999999998835847,0.0,0.0,-0.029999999998835847,0.0
1994-04-20,0.0,0.0,0.0,0.0,0.0,0.0
1994-04-21,0.0,0.0,-12.0,0.0,-12.0,0.0
1994-04-22,0.0,0.0,0.0,0.0,0.0,0.0
1994-04-23,0.0,0.0,0.0,0.0,0.0,0.0
1994-04-24,0.0,-0.07999999998719431,-24.0,0.0,-23.920000000012806,10.0
1994-04-25,0.0,0.0,-6.0,0.0,-6.0,10.0
1994-04-26,0.0,0.0,0.0,0.0,0.0,0.0
1994-04-27,0.0,0.0,0.0,0.0,0.0,0.0
1994-04-28,0.0,0.0,0.0,0.0,0.0,0.0
1994-04-29,0.0,0.0,0.0,0.0,0.0,0.0
1994-04-30,0.0,0.0,0.0,0.0,0.0,0.0
1994-05-01,0.0,0.0,0.0,0.0,0.0,0.0
1994-05-02,0.0,0.010000000009313226,0.0,0.0,-0.010000000009313226,0.0
1994-05-03,0.0,0.0,0.0,0.0,0.0,0.0
1994-05-04,0.0,0.0,-18.0,0.0,-18.0,10.0
1994-05-05,0.0,-0.07000000000698492,0.0,0.0,0.07000000000698492,0.0
1994-05-06,0.0,0.029999999998835847,0.0,0.0,-0.029999999998835847,0.0
1994-05-07,0.0,0.0,0.0,0.0,0.0,0.0
1994-05-08,0.0,0.01999999998952262,0.0,0.0,-0.01999999998952262,0.0
1994-05-09,0.0,-0.00999999999476131,0.0,0.0,0.00999999999476131,0.0
1994-05-10,0.0,0.0,0.0,0.0,0.0,0.0
1994-05-11,0.0,0.0,0.0,0.0,0.0,0.0
1994-05-12,0.0,0.0,0.0,0.0,0.0,0.0
1994-05-13,0.0,0.0,0.0,0.0,0.0,0.0
1994-05-14,0.0,0.0,0.0,0.0,0.0,0.0
1994-05-15,0.0,0.0,0.0,0.0,0.0,0.0
1994-05-16,0.0,0.0,0.0,0.0,0.0,0.0
1994-05-17,0.0,0.0,0.0,0.0,0.0,0.0
1994-05-18,0.0,0.0,0.0,0.0,0.0,0.0
1994-05-19,0.0,0.0,-6.0,0.0,-6.0,0.0
1994-05-20,0.0,0.0,0.0,0.0,0.0,0.0
1994-05-21,0.0,0.0,0.0,0.0,0.0,0.0
1994-05-22,0.0,0.0,0.0,0.0,0.0,0.0
1994-05-23,0.0,0.0,0.0,0.0,0.0,0.0
1994-05-24,0.0,0.059999999997671694,0.0,0.0,-0.059999999997671694,0.0
1994-05-25,0.0,0.0,0.0,0.0,0.0,0.0
1994-05-26,0.0,0.0,0.0,0.0,0.0,0.0
1994-05-27,0.0,0.0,0.0,0.0,0.0,0.0
1994-05-28,0.0,0.0,0.0,0.0,0.0,0.0
1994-05-29,0.0,0.0,0.0,0.0,0.0,0.0
1994-05-30,0.0,0.0,0.0,0.0,0.0,0.0
1994-05-31,0.0,0.020000000004074536,0.0,0.0,-0.020000000004074536,0.0
1994-06-01,0.0,0.0,0.0,0.0,0.0,0.0
1994-06-02,0.0,0.010000000009313226,0.0,0.0,-0.010000000009313226,0.0
1994-06-03,0.0,0.0,0.0,0.0,0.0,0.0
1994-06-04,0.0,-0.010000000009313226,0.0,0.0,0.010000000009313226,0.0
1994-06-05,0.0,0.0,0.0,0.0,0.0,0.0
1994-06-06,0.0,0.0,0.0,0.0,0.0,0.0
1994-06-07,0.0,-0.04000000000814907,0.0,0.0,0.04000000000814907,0.0
1994-06-08,0.0,0.0,0.0,0.0,0.0,0.0
1994-06-09,0.0,0.0,0.0,0.0,0.0,0.0
1994-06-10,0.0,0.0,0.0,0.0,0.0,0.0
1994-06-11,0.0,0.07000000000698492,0.0,0.0,-0.07000000000698492,0.0
1994-06-12,0.0,0.0,0.0,0.0,0.0,0.0
1994-06-13,0.0,0.059999999997671694,-37.79999999998836,0.0,-37.85999999998603,10.0
1994-06-14,0.0,0.00999999999476131,-59.99999999998545,0.0,-60.00999999998021,20.0
1994-06-15,0.0,0.0,0.0,0.0,0.0,0.0
1994-06-16,0.0,0.0,0.0,0.0,0.0,0.0
1994-06-17,0.0,0.0,-6.000000000014552,0.0,-6.000000000014552,10.0
1994-06-18,0.0,0.0,0.0,0.0,0.0,0.0
1994-06-19,0.0,0.0,0.0,0.0,0.0,0.0
1994-06-20,0.0,0.0,0.0,0.0,0.0,0.0
1994-06-21,0.0,0.029999999998835847,0.0,0.0,-0.029999999998835847,0.0
1994-06-22,0.0,0.0,0.0,0.0,0.0,0.0
1994-06-23,0.0,0.0,0.0,0.0,0.0,0.0
1994-06-24,0.0,0.010000000009313226,0.0,0.0,-0.010000000009313226,0.0
1994-06-25,0.0,0.0,0.0,0.0,0.0,0.0
1994-06-26,0.0,0.0,0.0,0.0,0.0,0.0
1994-06-27,0.0,0.0,0.0,0.0,0.0,0.0
1994-06-28,0.0,0.0,0.0,0.0,0.0,0.0
1994-06-29,0.0,0.0,0.0,0.0,0.0,0.0
1994-06-30,0.0,0.0,0.0,0.0,0.0,0.0
1994-07-01,0.0,0.0,0.0,0.0,0.0,0.0
1994-07-02,0.0,0.0,0.0,0.0,0.0,0.0
1994-07-03,0.0,0.0,0.0,0.0,0.0,0.0
1994-07-04,0.0,0.0,0.0,0.0,0.0,0.0
1994-07-05,0.0,0.0,0.0,0.0,0.0,0.0
1994-07-06,0.0,0.0,0.0,0.0,0.0,0.0
1994-07-07,0.0,0.0,0.0,0.0,0.0,0.0
1994-07-08,0.0,0.0,0.0,0.0,0.0,0.0
1994-07-09,0.0,0.0,0.0,0.0,0.0,0.0
1994-07-10,0.0,0.0,0.0,0.0,0.0,0.0
1994-07-11,0.0,0.0,0.0,0.0,0.0,0.0
1994-07-12,0.0,0.0,0.0,0.0,0.0,0.0
1994-07-13,0.0,0.0,0.0,0.0,0.0,0.0
1994-07-14,0.0,-0.020000000004074536,0.0,0.0,0.020000000004074536,0.0
1994-07-15,0.0,-0.020000000004074536,0.0,0.0,0.020000000004074536,0.0
1994-07-16,0.0,0.0,0.0,0.0,0.0,0.0
1994-07-17,0.0,0.0,0.0,0.0,0.0,0.0
1994-07-18,0.0,0.0,0.0,0.0,0.0,0.0
1994-07-19,0.0,0.0,0.0,0.0,0.0,0.0
1994-07-20,0.0,0.0,0.0,0.0,0.0,0.0
1994-07-21,0.0,0.0,0.5999999999985448,0.0,0.5999999999985448,0.0
1994-07-22,0.0,0.0,0.0,0.0,0.0,0.0
1994-07-23,0.0,0.0,0.0,0.0,0.0,0.0
1994-07-24,0.0,-0.010000000002037268,0.0,0.0,0.010000000002037268,0.0
1994-07-25,0.0,0.020000000004074536,0.0,0.0,-0.020000000004074536,0.0
1994-07-26,0.0,0.0,0.0,0.0,0.0,0.0
1994-07-27,0.0,0.0,0.0,0.0,0.0,0.0
1994-07-28,0.0,0.0,0.0,0.0,0.0,0.0
1994-07-29,0.0,0.0,0.0,0.0,0.0,0.0
1994-07-30,0.0,0.0,0.0,0.0,0.0,0.0
1994-07-31,0.0,0.0,0.0,0.0,0.0,0.0
1994-08-01,0.0,0.0,0.0,0.0,0.0,0.0
1994-08-02,0.0,0.0,0.0,0.0,0.0,0.0
1994-08-03,0.0,0.0,0.0,0.0,0.0,0.0
1994-08-04,0.0,0.0,0.0,0.0,0.0,0.0
1994-08-05,0.0,0.0,0.0,0.0,0.0,0.0
1994-08-06,0.0,0.0,0.0,0.0,0.0,0.0
1994-08-07,0.0,0.0,0.0,0.0,0.0,0.0
1994-08-08,0.0,0.0,0.0,0.0,0.0,0.0
1994-08-09,0.0,0.0,0.0,0.0,0.0,0.0
1994-08-10,0.0,0.0,0.0,0.0,0.0,0.0
1994-08-11,0.0,0.0,0.0,0.0,0.0,0.0
1994-08-12,0.0,0.010000000002037268,0.0,0.0,-0.010000000002037268,0.0
1994-08-13,0.0,-0.010000000002037268,0.0,0.0,0.010000000002037268,0.0
1994-08-14,0.0,0.0,0.0,0.0,0.0,0.0
1994-08-15,0.0,0.0,0.0,0.0,0.0,0.0
1994-08-16,0.0,0.0,0.0,0.0,0.0,0.0
1994-08-17,0.0,0.0,0.0,0.0,0.0,0.0
1994-08-18,0.0,0.0,0.0,0.0,0.0,0.0
1994-08-19,0.0,0.0,0.0,0.0,0.0,0.0
1994-08-20,0.0,0.0,0.0,0.0,0.0,0.0
1994-08-21,0.0,0.0,0.0,0.0,0.0,0.0
1994-08-22,0.0,0.0,0.0,0.0,0.0,0.0
1994-08-23,0.0,0.0,0.0,0.0,0.0,0.0
1994-08-24,0.0,0.0,0.0,0.0,0.0,0.0
1994-08-25,0.0,0.0,0.0,0.0,0.0,0.0
1994-08-26,0.0,0.0,0.0,0.0,0.0,0.0
1994-08-27,0.0,0.010000000002037268,0.0,0.0,-0.010000000002037268,0.0
1994-08-28,0.0,0.0,0.0,0.0,0.0,0.0
1994-08-29,0.0,0.0,0.0,0.0,0.0,0.0
1994-08-30,0.0,0.0,0.0,0.0,0.0,0.0
1994-08-31,0.0,0.0,0.0,0.0,0.0,0.0
1994-09-01,0.0,0.0,0.0,0.0,0.0,0.0
1994-09-02,0.0,0.0,0.0,0.0,0.0,0.0
1994-09-03,0.0,0.0,0.0,0.0,0.0,0.0
1994-09-04,0.0,0.0,0.0,0.0,0.0,0.0
1994-09-05,0.0,0.0,0.0,0.0,0.0,0.0
1994-09-06,0.0,0.0,0.0,0.0,0.0,0.0
1994-09-07,0.0,0.0,0.0,0.0,0.0,0.0
1994-09-08,0.0,0.0,0.0,0.0,0.0,0.0
1994-09-09,0.0,0.0,0.0,0.0,0.0,0.0
1994-09-10,0.0,0.0,0.0,0.0,0.0,0.0
1994-09-11,0.0,0.0,0.0,0.0,0.0,0.0
1994-09-12,0.0,0.0,0.0,0.0,0.0,0.0
1994-09-13,0.0,0.0,0.0,0.0,0.0,0.0
1994-09-14,0.0,0.0,0.0,0.0,0.0,0.0
1994-09-15,0.0,0.0,0.0,0.0,0.0,0.0
1994-09-16,0.0,0.0,0.0,0.0,0.0,0.0
1994-09-17,0.0,0.0,0.0,0.0,0.0,0.0
1994-09-18,0.0,0.0,0.0,0.0,0.0,0.0
1994-09-19,0.0,0.0,0.0,0.0,0.0,0.0
1994-09-20,0.0,0.0,0.0,0.0,0.0,0.0
1994-09-21,0.0,0.0,0.0,0.0,0.0,0.0
1994-09-22,0.0,0.0,0.0,0.0,0.0,0.0
1994-09-23,0.0,0.0,0.0,0.0,0.0,0.0
1994-09-24,0.0,0.0,0.0,0.0,0.0,0.0
1994-09-25,0.0,0.0,0.0,0.0,0.0,0.0
1994-09-26,0.0,0.0,0.0,0.0,0.0,0.0
1994-09-27,0.0,0.0,0.0,0.0,0.0,0.0
1994-09-28,0.0,0.0,0.0,0.0,0.0,0.0
1994-09-29,0.0,0.0,0.0,0.0,0.0,0.0
1994-09-30,0.0,0.0,0.0,0.0,0.0,0.0
1994-10-01,0.0,0.0,0.0,0.0,0.0,0.0
1994-10-02,0.0,0.0,0.0,0.0,0.0,0.0
1994-10-03,0.0,0.0,0.0,0.0,0.0,0.0
1994-10-04,0.0,0.0,0.0,0.0,0.0,0.0
1994-10-05,0.0,0.0,0.0,0.0,0.0,0.0
1994-10-06,0.0,0.0,0.0,0.0,0.0,0.0
1994-10-07,0.0,0.0,0.0,0.0,0.0,0.0
1994-10-08,0.0,0.0,0.0,0.0,0.0,0.0
1994-10-09,0.0,0.0,0.0,0.0,0.0,0.0
1994-10-10,0.0,0.0,0.0,0.0,0.0,0.0
1994-10-11,0.0,0.0,0.0,0.0,0.0,0.0
1994-10-12,0.0,0.0,0.0,0.0,0.0,0.0
1994-10-13,0.0,0.0,0.0,0.0,0.0,0.0
1994-10-14,0.0,0.0,0.0,0.0,0.0,0.0
1994-10-15,0.0,0.0,0.0,0.0,0.0,0.0
1994-10-16,0.0,0.0,0.0,0.0,0.0,0.0
1994-10-17,0.0,0.0,0.0,0.0,0.0,0.0
1994-10-18,0.0,0.0,0.0,0.0,0.0,0.0
1994-10-19,0.0,0.0,0.0,0.0,0.0,0.0
1994-10-20,0.0,0.0,0.0,0.0,0.0,0.0
1994-10-21,0.0,0.0,0.0,0.0,0.0,0.0
1994-10-22,0.0,0.0,0.0,0.0,0.0,0.0
1994-10-23,0.0,0.0,0.0,0.0,0.0,0.0
1994-10-24,0.0,0.0,0.0,0.0,0.0,0.0
1994-10-25,0.0,0.0,0.0,0.0,0.0,0.0
1994-10-26,0.0,3.25,-1561.199999999837,0.0,-1564.449999999837,10.0
1994-10-27,0.0,-3.8700000001117587,-5430.0,-0.19999999999999574,-5426.129999999888,0.0
1994-10-28,0.0,0.7999999999956344,2.999999999992724,0.0,2.1999999999970896,0.0
1994-10-29,0.0,0.0,0.0,0.0,0.0,0.0
1994-10-30,0.0,0.0,0.0,0.0,0.0,0.0
1994-10-31,0.0,3.6299999998882413,-4386.0,-0.10000000000000142,-4389.629999999888,0.0
1994-11-01,0.0,-3.1900000000023283,-744.0,-0.03000000000000025,-740.8099999999977,-30.0
1994-11-02,0.0,-0.569999999999709,6.599999999998545,0.0,7.169999999998254,0.0
1994-11-03,0.0,-0.010000000002037268,0.0,0.0,0.010000000002037268,0.0
1994-11-04,0.0,0.0,0.0,0.0,0.0,0.0
1994-11-05,0.0,0.0,0.0,0.0,0.0,0.0
1994-11-06,0.0,0.0,0.0,0.0,0.0,0.0
1994-11-07,0.0,0.0,0.0,0.0,0.0,0.0
1994-11-08,0.0,0.01999999999679858,0.0,0.0,-0.01999999999679858,0.0
1994-11-09,0.0,0.010000000002037268,0.0,0.0,-0.010000000002037268,0.0
1994-11-10,0.0,0.0,0.0,0.0,0.0,0.0
1994-11-11,0.0,0.0,0.0,0.0,0.0,0.0
1994-11-12,0.0,0.0,0.0,0.0,0.0,0.0
1994-11-13,0.0,0.0,0.0,0.0,0.0,0.0
1994-11-14,0.0,0.0,0.0,0.0,0.0,0.0
1994-11-15,0.0,0.0,-2.3999999999796273,0.0,-2.3999999999796273,10.0
1994-11-16,0.0,0.0,-1.7999999999883585,0.0,-1.7999999999883585,10.0
1994-11-17,0.0,0.0,0.0,0.0,0.0,0.0
1994-11-18,0.0,0.0,0.0,0.0,0.0,0.0
1994-11-19,0.0,0.0,-6.0,0.0,-6.0,0.0
1994-11-20,0.0,0.0,0.0,0.0,0.0,0.0
1994-11-21,0.0,0.0,0.0,0.0,0.0,0.0
1994-11-22,0.0,0.0,0.0,0.0,0.0,0.0
1994-11-23,0.0,0.0,-11.999999999985448,0.0,-11.999999999985448,10.0
1994-11-24,0.0,0.10000000000582077,0.0,0.0,-0.10000000000582077,0.0
1994-11-25,0.0,-0.00999999999476131,-36.0,0.0,-35.99000000000524,0.0
1994-11-26,0.0,0.029999999998835847,0.0,0.0,-0.029999999998835847,0.0
1994-11-27,0.0,0.0,-6.0,0.0,-6.0,10.0
1994-11-28,0.0,0.0,-12.000000000014552,-0.009999999999999787,-12.000000000014552,-120.0
1994-11-29,0.0,0.0,-6.0,0.0,-6.0,0.0
1994-11-30,0.0,5.6899999999732245,-138.0000000000291,0.0,-143.69000000000233,20.0
1994-12-01,0.0,-5.64000000001397,-53.999999999970896,0.0,-48.359999999956926,0.0
1994-12-02,0.0,0.0,-84.0000000000291,0.0,-84.0000000000291,30.0
1994-12-03,0.0,0.029999999998835847,-5.999999999985448,0.0,-6.029999999984284,0.0
1994-12-04,0.0,-0.069999999992433,0.0,0.0,0.069999999992433,0.0
1994-12-05,0.0,0.0,0.0,0.0,0.0,0.0
1994-12-06,0.0,0.0,-18.0,0.0,-18.0,20.0
1994-12-07,0.0,0.0,0.0,0.0,0.0,0.0
1994-12-08,0.0,0.0,-18.0,0.0,-18.0,10.0
1994-12-09,0.0,0.0,-36.0,0.0,-36.0,10.0
1994-12-10,0.0,0.01999999998952262,-24.0,0.0,-24.019999999989523,10.0
1994-12-11,0.0,-0.01999999998952262,-6.0,0.0,-5.980000000010477,0.0
1994-12-12,0.0,0.07999999998719431,0.0,0.0,-0.07999999998719431,0.0
1994-12-13,0.0,0.0,0.0,0.0,0.0,0.0
1994-12-14,0.0,-0.01999999998952262,0.0,0.0,0.01999999998952262,0.0
1994-12-15,0.0,0.029999999998835847,-24.0,0.0,-24.029999999998836,20.0
1994-12-16,0.0,5.340000000025611,-168.0,0.0,-173.3400000000256,20.0
1994-12-17,0.0,14.620000000111759,-498.0,-0.010000000000000675,-512.6200000001118,0.0
1994-12-18,0.0,-14.279999999998836,-84.0,-0.009999999999999787,-69.72000000000116,0.0
1994-12-19,0.0,0.7999999999883585,-72.0,0.0,-72.79999999998836,0.0
1994-12-20,0.0,4.78000000002794,-162.0,0.0,-166.78000000002794,0.0
1994-12-21,0.0,-6.680000000022119,-59.999999999970896,0.0,-53.31999999994878,10.0
1994-12-22,0.0,-3.3299999999871943,-42.0,0.0,-38.670000000012806,10.0
1994-12-23,0.0,-0.7699999999895226,-6.0,0.0,-5.230000000010477,0.0
1994-12-24,0.0,2.6899999999732245,-54.000000000029104,0.0,-56.69000000000233,20.0
1994-12-25,0.0,-2.970000000001164,-78.0,-0.009999999999999787,-75.02999999999884,0.0
1994-12-26,0.0,17.5,-773.9999999998836,-0.009999999999999787,-791.4999999998836,20.0
1994-12-27,0.0,2.9600000000209548,-341.9999999998836,0.0,-344.95999999990454,90.0
1994-12-28,0.0,-20.230000000010477,-84.0,0.0,-63.76999999998952,0.0
1994-12-29,0.0,0.0,-36.0,0.0,-36.0,0.0
1994-12-30,0.0,0.0,-18.0,0.0,-18.0,0.0
1994-12-31,0.0,0.0,-6.0,0.0,-6.0,0.0
1995-01-01,0.0,0.0,0.0,0.0,0.0,0.0
1995-01-02,0.0,0.0,0.0,0.0,0.0,0.0
1995-01-03,0.0,0.0,0.0,0.0,0.0,0.0
1995-01-04,0.0,0.0,0.0,0.0,0.0,0.0
1995-01-05,0.0,-0.0500000000174623,0.0,0.0,0.0500000000174623,0.0
1995-01-06,0.0,0.0,0.0,0.0,0.0,0.0
1995-01-07,0.0,0.0,-12.000000000029104,0.0,-12.000000000029104,10.0
1995-01-08,0.0,0.0,-6.000000000029104,0.0,-6.000000000029104,0.0
1995-01-09,0.0,1.1400000000139698,-42.0,0.0,-43.14000000001397,30.0
1995-01-10,0.0,2.60999999998603,-30.0,0.0,-32.60999999998603,10.0
1995-01-11,0.0,0.9299999999930151,-137.9999999999709,0.0,-138.9299999999639,10.0
1995-01-12,0.0,16.720000000030268,-509.9999999999418,-0.010000000000000675,-526.7199999999721,0.0
1995-01-13,0.0,15.5,-1140.0,0.0,-1155.5,190.0
1995-01-14,0.0,-23.5,-486.0,-0.009999999999999787,-462.5,0.0
1995-01-15,0.0,-13.099999999976717,-342.0000000000582,0.0,-328.9000000000815,120.0
1995-01-16,0.0,-0.3800000000046566,-233.9999999999418,-0.010000000000000231,-233.61999999993714,-40.0
1995-01-17,0.0,0.0,-300.0,-0.009999999999999787,-300.0,-10.0
1995-01-18,0.0,10.590000000025611,-330.0000000000582,-0.009999999999999787,-340.5900000000838,-20.0
1995-01-19,0.0,-10.68999999994412,-96.0,-0.009999999999999787,-85.31000000005588,0.0
1995-01-20,0.0,0.0,-72.00000000005821,0.0,-72.00000000005821,10.0
1995-01-21,0.0,-0.01999999998952262,-48.000000000029104,0.0,-47.98000000003958,0.0
1995-01-22,0.0,0.0,-12.0,0.0,-12.0,0.0
1995-01-23,0.0,0.0,-17.999999999970896,0.0,-17.999999999970896,0.0
1995-01-24,0.0,0.0,-6.0,0.0,-6.0,0.0
1995-01-25,0.0,0.3200000000069849,0.0,0.0,-0.3200000000069849,0.0
1995-01-26,0.0,1.1200000000244472,-5.999999999970896,0.0,-7.119999999995343,10.0
1995-01-27,0.0,1.8099999999976717,-72.0000000000291,0.0,-73.81000000002678,10.0
1995-01-28,0.0,8.470000000030268,-162.0000000000582,0.0,-170.47000000008848,20.0
1995-01-29,0.0,10.589999999967404,-378.0000000000582,-0.010000000000000675,-388.5900000000256,-10.0
1995-01-30,0.0,11.940000000060536,-912.0,-0.02000000000000135,-923.9400000000605,0.0
1995-01-31,0.0,14.619999999995343,-1457.9999999998836,0.0,-1472.619999999879,0.0
1995-02-01,0.0,-27.119999999995343,-936.0,0.0,-908.8800000000047,0.0
1995-02-02,0.0,-17.69000000000233,-150.0,0.0,-132.30999999999767,0.0
1995-02-03,0.0,12.159999999974389,-234.0,0.0,-246.1599999999744,0.0
1995-02-04,0.0,0.09000000002561137,-234.0000000000582,0.0,-234.09000000008382,10.0
1995-02-05,0.0,-7.810000000055879,-96.00000000005821,0.0,-88.19000000000233,0.0
1995-02-06,0.0,-4.470000000001164,-42.000000000029104,0.0,-37.53000000002794,0.0
1995-02-07,0.0,-3.4800000000104774,-66.0,0.0,-62.51999999998952,20.0
1995-02-08,0.0,0.0,-30.000000000058208,0.0,-30.000000000058208,10.0
1995-02-09,0.0,0.01999999998952262,-17.999999999970896,0.0,-18.01999999996042,0.0
1995-02-10,0.0,0.18999999997322448,-60.000000000029104,0.0,-60.19000000000233,10.0
1995-02-11,0.0,-0.5,-186.0,-0.009999999999999787,-185.5,-50.0
1995-02-12,0.0,-0.1300000000046566,-108.0,-0.009999999999999787,-107.86999999999534,-10.0
1995-02-13,0.0,0.0,-11.999999999970896,0.0,-11.999999999970896,0.0
1995-02-14,0.0,-0.08000000001629815,-24.0,-0.010000000000000231,-23.919999999983702,-40.0
1995-02-15,0.0,-0.11000000001513399,-300.0000000000582,-0.020000000000000018,-299.8900000000431,-20.0
1995-02-16,0.0,0.0,-330.0,-0.019999999999999574,-330.0,0.0
1995-02-17,0.0,23.75,-1656.0,0.0,-1679.75,0.0
1995-02-18,0.0,16.68999999994412,-810.0000000001164,-0.009999999999999787,-826.6900000000605,0.0
1995-02-19,0.0,-12.25,-1092.0000000001164,0.0,-1079.7500000001164,40.0
1995-02-20,0.0,-23.25,-240.0,-0.009999999999999787,-216.75,0.0
1995-02-21,0.0,-1.879999999946449,-108.00000000005821,0.0,-106.12000000011176,0.0
1995-02-22,0.0,-1.3400000000256114,-35.99999999994179,-0.009999999999999787,-34.65999999991618,0.0
1995-02-23,0.0,-0.7200000000011642,-12.0,0.0,-11.279999999998836,0.0
1995-02-24,0.0,-0.059999999997671694,-6.0,0.0,-5.940000000002328,0.0
1995-02-25,0.0,-0.14000000001396984,0.0,0.0,0.14000000001396984,0.0
1995-02-26,0.0,0.0,-12.000000000029104,0.0,-12.000000000029104,0.0
1995-02-27,0.0,0.0,-6.0,0.0,-6.0,0.0
1995-02-28,0.0,0.0,-6.000000000029104,0.0,-6.000000000029104,0.0
1995-03-01,0.0,0.0,-6.000000000029104,0.0,-6.000000000029104,0.0
1995-03-02,0.0,0.0,0.0,0.0,0.0,0.0
1995-03-03,0.0,0.0,0.0,0.0,0.0,0.0
1995-03-04,0.0,0.0,-41.999999999970896,0.0,-41.999999999970896,20.0
1995-03-05,0.0,0.0,0.0,0.0,0.0,0.0
1995-03-06,0.0,0.0,0.0,0.0,0.0,0.0
1995-03-07,0.0,0.0,-6.0,0.0,-6.0,0.0
1995-03-08,0.0,0.0,-36.000000000029104,0.0,-36.000000000029104,10.0
1995-03-09,0.0,-0.059999999997671694,-101.9999999999709,0.0,-101.93999999997322,20.0
1995-03-10,0.0,0.0,-72.0000000000291,-0.010000000000000231,-72.0000000000291,-30.0
1995-03-11,0.0,0.0,-30.0,0.0,-30.0,10.0
1995-03-12,0.0,0.0,-48.000000000029104,0.0,-48.000000000029104,20.0
1995-03-13,0.0,0.20000000001164153,-209.9999999999709,-0.010000000000000231,-210.19999999998254,-10.0
1995-03-14,0.0,-0.47000000000116415,-96.0,-0.010000000000000231,-95.52999999999884,-40.0
1995-03-15,0.0,-0.029999999998835847,-23.999999999970896,0.0,-23.96999999997206,10.0
1995-03-16,0.0,0.0,0.0,0.0,0.0,0.0
1995-03-17,0.0,0.07000000000698492,-18.0,0.0,-18.070000000006985,0.0
1995-03-18,0.0,-0.01999999998952262,-149.9999999999709,-0.009999999999999787,-149.97999999998137,-20.0
1995-03-19,0.0,-0.01999999998952262,-23.999999999970896,0.0,-23.979999999981374,10.0
1995-03-20,0.0,0.059999999997671694,-234.0,-0.010000000000000231,-234.05999999999767,-20.0
1995-03-21,0.0,-0.139999999984866,-36.0,0.0,-35.860000000015134,20.0
1995-03-22,0.0,0.010000000009313226,-36.0,-0.010000000000000231,-36.01000000000931,-120.0
1995-03-23,0.0,0.0,-90.0,-0.010000000000000231,-90.0,-10.0
1995-03-24,0.0,0.0,-24.000000000029104,0.0,-24.000000000029104,10.0
1995-03-25,0.0,0.0,-84.0,-0.009999999999999787,-84.0,0.0
1995-03-26,0.0,0.0,-11.999999999970896,0.0,-11.999999999970896,0.0
1995-03-27,0.0,0.0,0.0,0.0,0.0,0.0
1995-03-28,0.0,0.0,0.0,0.0,0.0,0.0
1995-03-29,0.0,0.010000000009313226,-5.999999999970896,0.0,-6.009999999980209,0.0
1995-03-30,0.0,-0.03999999997904524,0.0,0.0,0.03999999997904524,0.0
1995-03-31,0.0,-0.010000000009313226,0.0,0.0,0.010000000009313226,0.0
1995-04-01,0.0,0.0,-6.0,0.0,-6.0,0.0
1995-04-02,0.0,0.0,0.0,0.0,0.0,0.0
1995-04-03,0.0,0.0,0.0,0.0,0.0,0.0
1995-04-04,0.0,0.0,0.0,0.0,0.0,0.0
1995-04-05,0.0,0.0,-6.0,0.0,-6.0,10.0
1995-04-06,0.0,0.0,-24.0,0.0,-24.0,10.0
1995-04-07,0.0,0.0,-6.0,0.0,-6.0,0.0
1995-04-08,0.0,0.0,-47.99999999994179,0.0,-47.99999999994179,20.0
1995-04-09,0.0,-0.029999999998835847,-12.000000000029104,0.0,-11.970000000030268,10.0
1995-04-10,0.0,0.0,-12.0,0.0,-12.0,10.0
1995-04-11,0.0,0.0,-41.999999999970896,0.0,-41.999999999970896,10.0
1995-04-12,0.0,0.0,-269.9999999999709,-0.009999999999999787,-269.9999999999709,-10.0
1995-04-13,0.0,-0.1900000000023283,-353.9999999999418,-0.009999999999999787,-353.80999999993946,10.0
1995-04-14,0.0,0.15000000002328306,-90.0,0.0,-90.15000000002328,0.0
1995-04-15,0.0,0.01999999998952262,-72.0,0.0,-72.01999999998952,30.0
1995-04-16,0.0,-0.029999999998835847,-12.0,0.0,-11.970000000001164,0.0
1995-04-17,0.0,0.0,-54.000000000029104,0.0,-54.000000000029104,10.0
1995-04-18,0.0,-0.08000000001629815,-12.000000000029104,0.0,-11.920000000012806,10.0
1995-04-19,0.0,0.010000000009313226,-66.0000000000291,0.0,-66.01000000003842,20.0
1995-04-20,0.0,0.08999999999650754,-78.0,0.0,-78.08999999999651,0.0
1995-04-21,0.0,-0.059999999997671694,-6.0,0.0,-5.940000000002328,0.0
1995-04-22,0.0,0.0,0.0,0.0,0.0,0.0
1995-04-23,0.0,0.0,0.0,0.0,0.0,0.0
1995-04-24,0.0,0.0,0.0,0.0,0.0,0.0
1995-04-25,0.0,0.0,0.0,0.0,0.0,0.0
1995-04-26,0.0,0.0,0.0,0.0,0.0,0.0
1995-04-27,0.0,0.06999999997788109,-18.0,0.0,-18.06999999997788,0.0
1995-04-28,0.0,-0.04000000000814907,-12.0,0.0,-11.959999999991851,0.0
1995-04-29,0.0,-0.07000000000698492,-24.000000000029104,0.0,-23.93000000002212,10.0
1995-04-30,0.0,0.0,-18.000000000029104,0.0,-18.000000000029104,10.0
1995-05-01,0.0,-0.2600000000093132,-510.0,-0.020000000000000462,-509.7399999999907,0.0
1995-05-02,0.0,0.20000000001164153,-228.0000000000291,-0.009999999999999787,-228.20000000004075,-10.0
1995-05-03,0.0,0.0,-59.999999999970896,-0.009999999999999787,-59.999999999970896,-50.0
1995-05-04,0.0,0.0,-486.0,-0.019999999999999574,-486.0,0.0
1995-05-05,0.0,0.0,-342.0,-0.020000000000000018,-342.0,0.0
1995-05-06,0.0,0.01999999998952262,-60.000000000029104,0.0,-60.02000000001863,10.0
1995-05-07,0.0,-0.04000000000814907,-18.0,0.0,-17.95999999999185,0.0
1995-05-08,0.0,0.0,-36.0,-0.009999999999999787,-36.0,-120.0
1995-05-09,0.0,0.0,0.0,0.0,0.0,0.0
1995-05-10,0.0,0.0,-11.999999999970896,0.0,-11.999999999970896,0.0
1995-05-11,0.0,0.0,-138.0,-0.010000000000000231,-138.0,-10.0
1995-05-12,0.0,0.0,-23.999999999970896,0.0,-23.999999999970896,20.0
1995-05-13,0.0,0.0,-11.999999999970896,0.0,-11.999999999970896,0.0
1995-05-14,0.0,0.0,0.0,0.0,0.0,0.0
1995-05-15,0.0,0.0,0.0,0.0,0.0,0.0
1995-05-16,0.0,0.0,0.0,0.0,0.0,0.0
1995-05-17,0.0,0.0,0.0,0.0,0.0,0.0
1995-05-18,0.0,0.0,0.0,0.0,0.0,0.0
1995-05-19,0.0,0.04000000000814907,0.0,0.0,-0.04000000000814907,0.0
1995-05-20,0.0,0.0,0.0,0.0,0.0,0.0
1995-05-21,0.0,0.0,0.0,0.0,0.0,0.0
1995-05-22,0.0,0.0,0.0,0.0,0.0,0.0
1995-05-23,0.0,0.0,0.0,0.0,0.0,0.0
1995-05-24,0.0,0.0,0.0,0.0,0.0,0.0
1995-05-25,0.0,0.0,0.0,0.0,0.0,0.0
1995-05-26,0.0,0.0,0.0,0.0,0.0,0.0
1995-05-27,0.0,0.0,0.0,0.0,0.0,0.0
1995-05-28,0.0,0.0,0.0,0.0,0.0,0.0
1995-05-29,0.0,0.0,0.0,0.0,0.0,0.0
1995-05-30,0.0,0.0,0.0,0.0,0.0,0.0
1995-05-31,0.0,0.0,0.0,0.0,0.0,0.0
1995-06-01,0.0,0.0,0.0,0.0,0.0,0.0
1995-06-02,0.0,0.0,0.0,0.0,0.0,0.0
1995-06-03,0.0,0.0,0.0,0.0,0.0,0.0
1995-06-04,0.0,0.0,0.0,0.0,0.0,0.0
1995-06-05,0.0,-0.029999999998835847,0.0,0.0,0.029999999998835847,0.0
1995-06-06,0.0,0.0,0.0,0.0,0.0,0.0
1995-06-07,0.0,-0.010000000009313226,0.0,0.0,0.010000000009313226,0.0
1995-06-08,0.0,0.0,0.0,0.0,0.0,0.0
1995-06-09,0.0,0.0,0.0,0.0,0.0,0.0
1995-06-10,0.0,0.0,0.0,0.0,0.0,0.0
1995-06-11,0.0,0.0,0.0,0.0,0.0,0.0
1995-06-12,0.0,0.0,0.0,0.0,0.0,0.0
1995-06-13,0.0,0.0,-30.000000000014552,-0.010000000000000009,-30.000000000014552,-360.0
1995-06-14,0.0,0.0,-6.000000000014552,0.0,-6.000000000014552,10.0
1995-06-15,0.0,0.0,-5.999999999985448,0.0,-5.999999999985448,10.0
1995-06-16,0.0,0.0,0.0,0.0,0.0,0.0
1995-06-17,0.0,0.0,0.0,0.0,0.0,0.0
1995-06-18,0.0,0.059999999997671694,0.0,0.0,-0.059999999997671694,0.0
1995-06-19,0.0,0.0,0.0,0.0,0.0,0.0
1995-06-20,0.0,0.0,0.0,0.0,0.0,0.0
1995-06-21,0.0,0.0,0.0,0.0,0.0,0.0
1995-06-22,0.0,0.0,0.0,0.0,0.0,0.0
1995-06-23,0.0,0.0,0.0,0.0,0.0,0.0
1995-06-24,0.0,0.0,0.0,0.0,0.0,0.0
1995-06-25,0.0,0.0,0.0,0.0,0.0,0.0
1995-06-26,0.0,0.0,0.0,0.0,0.0,0.0
1995-06-27,0.0,0.0,0.0,0.0,0.0,0.0
1995-06-28,0.0,0.0,0.0,0.0,0.0,0.0
1995-06-29,0.0,0.0,0.0,0.0,0.0,0.0
1995-06-30,0.0,0.0,0.0,0.0,0.0,0.0
1995-07-01,0.0,0.0,0.0,0.0,0.0,0.0
1995-07-02,0.0,0.0,0.0,0.0,0.0,0.0
1995-07-03,0.0,0.0,0.0,0.0,0.0,0.0
1995-07-04,0.0,0.0,0.0,0.0,0.0,0.0
1995-07-05,0.0,0.0,0.0,0.0,0.0,0.0
1995-07-06,0.0,0.0,0.0,0.0,0.0,0.0
1995-07-07,0.0,0.0,0.0,0.0,0.0,0.0
1995-07-08,0.0,0.0,0.0,0.0,0.0,0.0
1995-07-09,0.0,0.0,0.0,0.0,0.0,0.0
1995-07-10,0.0,0.0,0.0,0.0,0.0,0.0
1995-07-11,0.0,0.0,0.0,0.0,0.0,0.0
1995-07-12,0.0,0.0,0.0,0.0,0.0,0.0
1995-07-13,0.0,0.0,0.0,0.0,0.0,0.0
1995-07-14,0.0,0.0,0.0,0.0,0.0,0.0
1995-07-15,0.0,0.0,0.0,0.0,0.0,0.0
1995-07-16,0.0,0.0,0.0,0.0,0.0,0.0
1995-07-17,0.0,-0.010000000009313226,0.0,0.0,0.010000000009313226,0.0
1995-07-18,0.0,0.020000000004074536,0.0,0.0,-0.020000000004074536,0.0
1995-07-19,0.0,0.0,0.0,0.0,0.0,0.0
1995-07-20,0.0,0.0,0.0,0.0,0.0,0.0
1995-07-21,0.0,0.0,0.0,0.0,0.0,0.0
1995-07-22,0.0,0.0,0.0,0.0,0.0,0.0
1995-07-23,0.0,0.0,0.0,0.0,0.0,0.0
1995-07-24,0.0,0.0,0.0,0.0,0.0,0.0
1995-07-25,0.0,0.0,0.0,0.0,0.0,0.0
1995-07-26,0.0,0.0,0.0,0.0,0.0,0.0
1995-07-27,0.0,0.0,0.0,0.0,0.0,0.0
1995-07-28,0.0,0.00999999999476131,0.0,0.0,-0.00999999999476131,0.0
1995-07-29,0.0,0.0,0.0,0.0,0.0,0.0
1995-07-30,0.0,0.0,0.0,0.0,0.0,0.0
1995-07-31,0.0,0.0,0.0,0.0,0.0,0.0
1995-08-01,0.0,0.0,0.0,0.0,0.0,0.0
1995-08-02,0.0,0.0,-0.5999999999912689,0.0,-0.5999999999912689,0.0
1995-08-03,0.0,0.0,0.0,0.0,0.0,0.0
1995-08-04,0.0,-0.020000000004074536,0.0,0.0,0.020000000004074536,0.0
1995-08-05,0.0,-0.010000000002037268,0.0,0.0,0.010000000002037268,0.0
1995-08-06,0.0,0.0,0.0,0.0,0.0,0.0
1995-08-07,0.0,0.0,0.0,0.0,0.0,0.0
1995-08-08,0.0,0.0,0.0,0.0,0.0,0.0
1995-08-09,0.0,0.0,0.0,0.0,0.0,0.0
1995-08-10,0.0,0.0,0.0,0.0,0.0,0.0
1995-08-11,0.0,0.0,0.0,0.0,0.0,0.0
1995-08-12,0.0,0.0,0.0,0.0,0.0,0.0
1995-08-13,0.0,0.0,0.0,0.0,0.0,0.0
1995-08-14,0.0,0.0,0.0,0.0,0.0,0.0
1995-08-15,0.0,-0.010000000002037268,0.0,0.0,0.010000000002037268,0.0
1995-08-16,0.0,0.0,0.0,0.0,0.0,0.0
1995-08-17,0.0,0.0,0.0,0.0,0.0,0.0
1995-08-18,0.0,0.0,0.0,0.0,0.0,0.0
1995-08-19,0.0,0.0,0.0,0.0,0.0,0.0
1995-08-20,0.0,0.0,0.0,0.0,0.0,0.0
1995-08-21,0.0,0.0,0.0,0.0,0.0,0.0
1995-08-22,0.0,0.0,0.0,0.0,0.0,0.0
1995-08-23,0.0,0.0,0.0,0.0,0.0,0.0
1995-08-24,0.0,0.0,0.0,0.0,0.0,0.0
1995-08-25,0.0,0.0,0.0,0.0,0.0,0.0
1995-08-26,0.0,0.0,0.0,0.0,0.0,0.0
1995-08-27,0.0,0.0,0.0,0.0,0.0,0.0
1995-08-28,0.0,0.0,0.0,0.0,0.0,0.0
1995-08-29,0.0,0.0,0.0,0.0,0.0,0.0
1995-08-30,0.0,0.0,0.0,0.0,0.0,0.0
1995-08-31,0.0,0.0,0.0,0.0,0.0,0.0
1995-09-01,0.0,0.0,0.0,0.0,0.0,0.0
1995-09-02,0.0,0.0,0.0,0.0,0.0,0.0
1995-09-03,0.0,0.0,0.0,0.0,0.0,0.0
1995-09-04,0.0,0.0,0.0,0.0,0.0,0.0
1995-09-05,0.0,0.0,0.0,0.0,0.0,0.0
1995-09-06,0.0,0.0,0.0,0.0,0.0,0.0
1995-09-07,0.0,0.0,0.0,0.0,0.0,0.0
1995-09-08,0.0,0.0,0.0,0.0,0.0,0.0
1995-09-09,0.0,0.0,0.0,0.0,0.0,0.0
1995-09-10,0.0,0.0,0.0,0.0,0.0,0.0
1995-09-11,0.0,0.0,0.0,0.0,0.0,0.0
1995-09-12,0.0,0.0,0.0,0.0,0.0,0.0
1995-09-13,0.0,0.0,0.0,0.0,0.0,0.0
1995-09-14,0.0,0.0,0.0,0.0,0.0,0.0
1995-09-15,0.0,0.0,0.0,0.0,0.0,0.0
1995-09-16,0.0,0.0,0.0,0.0,0.0,0.0
1995-09-17,0.0,0.0,0.0,0.0,0.0,0.0
1995-09-18,0.0,0.0,0.0,0.0,0.0,0.0
1995-09-19,0.0,0.0,0.0,0.0,0.0,0.0
1995-09-20,0.0,0.0,0.0,0.0,0.0,0.0
1995-09-21,0.0,0.0,0.0,0.0,0.0,0.0
1995-09-22,0.0,0.0,0.0,0.0,0.0,0.0
1995-09-23,0.0,0.0,0.0,0.0,0.0,0.0
1995-09-24,0.0,0.0,0.0,0.0,0.0,0.0
1995-09-25,0.0,0.0,0.0,0.0,0.0,0.0
1995-09-26,0.0,0.0,0.0,0.0,0.0,0.0
1995-09-27,0.0,0.0,0.0,0.0,0.0,0.0
1995-09-28,0.0,0.0,-87.0,0.0,-87.0,10.0
1995-09-29,0.0,0.0,0.0,0.0,0.0,0.0
1995-09-30,0.0,0.0,0.0,0.0,0.0,0.0
1995-10-01,0.0,0.0,0.0,0.0,0.0,0.0
1995-10-02,0.0,0.0,0.0,0.0,0.0,0.0
1995-10-03,0.0,0.0,-1.2000000000007276,0.0,-1.2000000000007276,0.0
1995-10-04,0.0,0.0,0.0,0.0,0.0,0.0
1995-10-05,0.0,0.0,0.0,0.0,0.0,0.0
1995-10-06,0.0,0.0,0.0,0.0,0.0,0.0
1995-10-07,0.0,0.0,0.0,0.0,0.0,0.0
1995-10-08,0.0,0.0,0.0,0.0,0.0,0.0
1995-10-09,0.0,0.0,0.0,0.0,0.0,0.0
1995-10-10,0.0,0.0,-12.60000000000582,-0.0010000000000000009,-12.60000000000582,-30.0
1995-10-11,0.0,0.0,-1753.199999999837,0.0,-1753.199999999837,10.0
1995-10-12,0.0,0.0,7.80000000000291,0.0,7.80000000000291,0.0
1995-10-13,0.0,0.0,0.0,0.0,0.0,0.0
1995-10-14,0.0,0.0,0.0,0.0,0.0,0.0
1995-10-15,0.0,0.0,0.0,0.0,0.0,0.0
1995-10-16,0.0,0.0,-9.599999999991269,-0.0010000000000000009,-9.599999999991269,-20.0
1995-10-17,0.0,0.059999999997671694,-16.80000000000291,0.0,-16.860000000000582,0.0
1995-10-18,0.0,0.0,0.0,0.0,0.0,0.0
1995-10-19,0.0,0.0,0.0,0.0,0.0,0.0
1995-10-20,0.0,0.0,-6.000000000014552,-0.0010000000000000009,-6.000000000014552,-50.0
1995-10-21,0.0,0.00999999999476131,-1.1999999999970896,0.0,-1.209999999991851,0.0
1995-10-22,0.0,0.0,0.0,0.0,0.0,0.0
1995-10-23,0.0,0.0,0.0,0.0,0.0,0.0
1995-10-24,0.0,0.0,0.0,0.0,0.0,0.0
1995-10-25,0.0,0.0,0.0,0.0,0.0,0.0
1995-10-26,0.0,0.00999999999476131,-23.999999999985448,0.0,-24.00999999998021,10.0
1995-10-27,0.0,-0.05000000000291038,0.0,0.0,0.05000000000291038,0.0
1995-10-28,0.0,0.0,0.0,0.0,0.0,0.0
1995-10-29,0.0,0.0,0.0,0.0,0.0,0.0
1995-10-30,0.0,0.0,0.0,0.0,0.0,0.0
1995-10-31,0.0,0.010000000009313226,0.0,0.0,-0.010000000009313226,0.0
1995-11-01,0.0,0.0,0.0,0.0,0.0,0.0
1995-11-02,0.0,0.0,0.0,0.0,0.0,0.0
1995-11-03,0.0,0.0,0.0,0.0,0.0,0.0
1995-11-04,0.0,0.0,0.0,0.0,0.0,0.0
1995-11-05,0.0,0.0,0.0,0.0,0.0,0.0
1995-11-06,0.0,0.0,-17.999999999985448,0.0,-17.999999999985448,10.0
1995-11-07,0.0,0.43000000005122274,-594.0,-0.020000000000000462,-594.4300000000512,0.0
1995-11-08,0.0,-0.31999999994877726,-666.0,-0.020000000000000462,-665.6800000000512,-10.0
1995-11-09,0.0,0.01999999998952262,-185.9999999999709,-0.009999999999999787,-186.01999999996042,-10.0
1995-11-10,0.0,0.31999999994877726,-2280.0000000001164,0.0,-2280.320000000065,50.0
1995-11-11,0.0,7.370000000111759,-4014.000000000233,-0.10000000000000142,-4021.3700000003446,10.0
1995-11-12,0.0,-8.400000000023283,-210.0,0.0,-201.59999999997672,0.0
1995-11-13,0.0,0.22000000000116415,-168.0,0.0,-168.22000000000116,50.0
1995-11-14,0.0,-0.16000000000349246,-11.999999999970896,0.0,-11.839999999967404,0.0
1995-11-15,0.0,-0.08000000001629815,-59.999999999970896,0.0,-59.9199999999546,10.0
1995-11-16,0.0,0.0,0.0,0.0,0.0,0.0
1995-11-17,0.0,0.0,0.0,0.0,0.0,0.0
1995-11-18,0.0,0.060000000026775524,-12.0,0.0,-12.060000000026776,0.0
1995-11-19,0.0,-0.08000000001629815,-12.0,0.0,-11.919999999983702,20.0
1995-11-20,0.0,-0.01999999998952262,0.0,0.0,0.01999999998952262,0.0
1995-11-21,0.0,0.0,-12.0,0.0,-12.0,10.0
1995-11-22,0.0,0.10000000000582077,-102.0,0.0,-102.10000000000582,10.0
1995-11-23,0.0,0.029999999998835847,-90.0,0.0,-90.02999999999884,20.0
1995-11-24,0.0,-0.07000000000698492,-786.0,-0.03000000000000025,-785.929999999993,-10.0
1995-11-25,0.0,0.5599999999976717,-1074.0,-0.03999999999999915,-1074.5599999999977,-10.0
1995-11-26,0.0,-0.5700000000069849,-1368.0000000000582,-0.02999999999999936,-1367.4300000000512,0.0
1995-11-27,0.0,11.120000000111759,-2220.0,0.0,-2231.1200000001118,0.0
1995-11-28,0.0,-12.129999999888241,-1181.9999999997672,0.0,-1169.869999999879,0.0
1995-11-29,0.0,2.5600000000558794,-2118.0000000001164,-0.10000000000000142,-2120.5600000001723,0.0
1995-11-30,0.0,-0.6500000000232831,-810.0000000001164,-0.02999999999999936,-809.3500000000931,0.0
1995-12-01,0.0,-0.030000000027939677,-893.9999999999418,-0.02999999999999936,-893.9699999999139,0.0
1995-12-02,0.0,-1.120000000053551,-186.0,0.0,-184.87999999994645,60.0
1995-12-03,0.0,0.0,-366.0,-0.009999999999999787,-366.0,10.0
1995-12-04,0.0,-0.25,-287.9999999999418,0.0,-287.7499999999418,90.0
1995-12-05,0.0,-0.06999999997788109,-54.000000000029104,0.0,-53.93000000005122,20.0
1995-12-06,0.0,-0.04999999998835847,-72.0,0.0,-71.95000000001164,10.0
1995-12-07,0.0,0.0,-6.0,0.0,-6.0,0.0
1995-12-08,0.0,0.0,-132.0000000000291,-0.010000000000000231,-132.0000000000291,-40.0
1995-12-09,0.0,0.0,-264.0000000000582,0.0,-264.0000000000582,40.0
1995-12-10,0.0,10.539999999979045,-209.9999999999418,-0.010000000000000675,-220.53999999992084,-30.0
1995-12-11,0.0,6.879999999946449,-569.9999999999418,-0.009999999999999787,-576.8799999998882,10.0
1995-12-12,0.0,-13.599999999976717,-780.0000000000582,-0.03000000000000025,-766.4000000000815,0.0
1995-12-13,0.0,-4.130000000004657,-1026.0,-0.030000000000001137,-1021.8699999999953,0.0
1995-12-14,0.0,0.0,-252.0,-0.009999999999999787,-252.0,-10.0
1995-12-15,0.0,0.029999999969732016,-174.0,0.0,-174.02999999996973,30.0
1995-12-16,0.0,0.0,-6.000000000058208,0.0,-6.000000000058208,0.0
1995-12-17,0.0,0.0,-53.99999999994179,0.0,-53.99999999994179,0.0
1995-12-18,0.0,0.0,-23.999999999970896,0.0,-23.999999999970896,10.0
1995-12-19,0.0,0.08999999999650754,-18.0,0.0,-18.089999999996508,0.0
1995-12-20,0.0,-0.14000000001396984,-11.999999999970896,0.0,-11.859999999956926,0.0
1995-12-21,0.0,-0.059999999997671694,-5.999999999970896,0.0,-5.9399999999732245,0.0
1995-12-22,0.0,-0.04999999998835847,-6.000000000029104,0.0,-5.950000000040745,0.0
1995-12-23,0.0,0.0,0.0,0.0,0.0,0.0
1995-12-24,0.0,0.0,0.0,0.0,0.0,0.0
1995-12-25,0.0,-0.010000000009313226,0.0,0.0,0.010000000009313226,0.0
1995-12-26,0.0,0.0,0.0,0.0,0.0,0.0
1995-12-27,0.0,0.0,0.0,0.0,0.0,0.0
1995-12-28,0.0,0.07999999998719431,-54.0,0.0,-54.079999999987194,20.0
1995-12-29,0.0,7.880000000004657,-738.0,-0.02000000000000135,-745.8800000000047,0.0
1995-12-30,0.0,-7.690000000002328,-822.0000000000582,-0.019999999999999574,-814.3100000000559,10.0
1995-12-31,0.0,1.650000000023283,-876.0000000001164,-0.02999999999999936,-877.6500000001397,0.0
1996-01-01,0.0,-1.599999999976717,-66.0,0.0,-64.40000000002328,20.0
1996-01-02,0.0,0.09000000002561137,-162.0,-0.010000000000000231,-162.0900000000256,-50.0
1996-01-03,0.0,-0.1900000000023283,-450.0,-0.009999999999999787,-449.8099999999977,0.0
1996-01-04,0.0,-0.25,-294.0,-0.040000000000000036,-293.75,0.0
1996-01-05,0.0,-0.1900000000023283,-312.0,-0.04999999999999982,-311.8099999999977,0.0
1996-01-06,0.0,3.7899999999790452,-204.0000000000582,-0.009999999999999787,-207.79000000003725,-30.0
1996-01-07,0.0,17.569999999948777,-1314.0,0.0,-1331.5699999999488,0.0
1996-01-08,0.0,-16.75,-174.0000000000582,0.0,-157.2500000000582,0.0
1996-01-09,0.0,12.130000000004657,-468.0,-0.009999999999999787,-480.13000000000466,0.0
1996-01-10,0.0,-15.039999999979045,-90.0,-0.009999999999999787,-74.96000000002095,-10.0
1996-01-11,0.0,-0.529999999969732,-90.0,0.0,-89.47000000003027,0.0
1996-01-12,0.0,-0.20999999999185093,-89.9999999999709,-0.009999999999999787,-89.78999999997905,0.0
1996-01-13,0.0,0.0,-72.0,0.0,-72.0,0.0
1996-01-14,0.0,0.060000000055879354,-252.0000000000582,-0.010000000000000675,-252.0600000001141,0.0
1996-01-15,0.0,2.8700000001117587,-1931.9999999998836,0.0,-1934.8699999999953,10.0
1996-01-16,0.0,-2.599999999976717,-702.0000000000582,-0.02000000000000135,-699.4000000000815,0.0
1996-01-17,0.0,-0.030000000027939677,-425.9999999999418,-0.020000000000000462,-425.96999999991385,-10.0
1996-01-18,0.0,0.0,-666.0,-0.019999999999999574,-666.0,10.0
1996-01-19,0.0,-0.1300000000046566,-1926.0,0.0,-1925.8699999999953,30.0
1996-01-20,0.0,0.05999999993946403,-1068.0000000001164,0.0,-1068.0600000000559,50.0
1996-01-21,0.0,0.2800000000279397,-335.9999999999418,-0.010000000000000675,-336.27999999996973,0.0
1996-01-22,0.0,0.0,-294.0,-0.009999999999999787,-294.0,0.0
1996-01-23,0.0,0.0,-1104.0,-0.03999999999999915,-1104.0,0.0
1996-01-24,0.0,-0.1300000000046566,-1302.0,0.0,-1301.8699999999953,20.0
1996-01-25,0.0,0.15999999997438863,-708.0,-0.10999999999999943,-708.1599999999744,0.0
1996-01-26,0.0,0.0,-366.0,-0.08000000000000007,-366.0,0.0
1996-01-27,0.0,0.0,-324.0,-0.020000000000000018,-324.0,0.0
1996-01-28,0.0,0.09999999997671694,-204.0,-0.020000000000000018,-204.09999999997672,0.0
1996-01-29,0.0,0.0,-150.0,-0.020000000000000018,-150.0,0.0
1996-01-30,0.0,0.0,-60.0,0.0,-60.0,10.0
1996-01-31,0.0,0.0,-72.0,-0.010000000000000231,-72.0,-10.0
1996-02-01,0.0,0.0,-29.999999999970896,-0.009999999999999787,-29.999999999970896,0.0
1996-02-02,0.0,0.0,-17.999999999970896,0.0,-17.999999999970896,0.0
1996-02-03,0.0,0.0,-12.0,0.0,-12.0,0.0
1996-02-04,0.0,-0.139999999984866,-12.000000000029104,0.0,-11.860000000044238,10.0
1996-02-05,0.0,0.0,-198.0,-0.009999999999999787,-198.0,-10.0
1996-02-06,0.0,84.24000000022352,-3006.000000000233,0.0,-3090.2400000004563,20.0
1996-02-07,0.0,-7.5,-1500.0,0.0,-1492.5,0.0
1996-02-08,0.0,12.629999999888241,-6899.999999999534,0.0,-6912.629999999423,0.0
1996-02-09,0.0,-89.12999999988824,-420.0,-0.10000000000000142,-330.87000000011176,0.0
1996-02-10,0.0,0.0,-150.0,0.0,-150.0,60.0
1996-02-11,0.0,0.059999999997671694,-60.0,0.0,-60.05999999999767,40.0
1996-02-12,0.0,13.0,-173.99999999988358,0.0,-186.99999999988358,150.0
1996-02-13,0.0,7.599999999976717,-432.0000000000582,-0.010000000000000231,-439.6000000000349,-100.0
1996-02-14,0.0,-8.599999999976717,-120.00000000005821,0.0,-111.40000000008149,0.0
1996-02-15,0.0,11.900000000023283,-335.9999999999418,0.0,-347.8999999999651,50.0
1996-02-16,0.0,-17.28000000002794,-59.99999999994179,0.0,-42.71999999991385,0.0
1996-02-17,0.0,10.0,-318.0,-0.010000000000000675,-328.0,-10.0
1996-02-18,0.0,-2.3699999999953434,-696.0,-0.020000000000000462,-693.6300000000047,0.0
1996-02-19,0.0,-8.569999999948777,-324.0,-0.009999999999999787,-315.4300000000512,0.0
1996-02-20,0.0,-1.2100000000209548,-306.0,-0.009999999999999787,-304.78999999997905,-20.0
1996-02-21,0.0,-5.03000000002794,-174.0,-0.010000000000000675,-168.96999999997206,0.0
1996-02-22,0.0,0.0,-198.0,-0.009999999999999787,-198.0,0.0
1996-02-23,0.0,0.0,-468.0,-0.019999999999999574,-468.0,0.0
1996-02-24,0.0,0.0,-108.00000000005821,-0.009999999999999787,-108.00000000005821,0.0
1996-02-25,0.0,-0.09000000002561137,-174.0000000000291,-0.020000000000000018,-173.9100000000035,0.0
1996-02-26,0.0,0.0,-89.9999999999709,-0.010000000000000231,-89.9999999999709,0.0
1996-02-27,0.0,0.029999999998835847,-42.000000000029104,-0.010000000000000231,-42.03000000002794,-170.0
1996-02-28,0.0,0.0,-60.0,0.0,-60.0,10.0
1996-02-29,0.0,0.0,-42.0,0.0,-42.0,0.0
1996-03-01,0.0,-0.029999999998835847,-24.0,0.0,-23.970000000001164,0.0
1996-03-02,0.0,0.01999999998952262,-36.0,0.0,-36.01999999998952,0.0
1996-03-03,0.0,0.07000000000698492,-47.999999999970896,0.0,-48.06999999997788,10.0
1996-03-04,0.0,5.629999999946449,-107.99999999994179,0.0,-113.62999999988824,60.0
1996-03-05,0.0,-4.14000000001397,-36.0,0.0,-31.85999999998603,0.0
1996-03-06,0.0,-1.180000000022119,-54.000000000029104,0.0,-52.820000000006985,30.0
1996-03-07,0.0,4.090000000025611,-30.0,-0.009999999999999787,-34.09000000002561,-200.0
1996-03-08,0.0,12.25,-342.0000000000582,-0.009999999999999787,-354.2500000000582,-120.0
1996-03-09,0.0,-10.470000000030268,-108.0,0.0,-97.52999999996973,0.0
1996-03-10,0.0,-2.120000000053551,-126.0,0.0,-123.87999999994645,0.0
1996-03-11,0.0,-1.1900000000023283,-198.0,-0.010000000000000231,-196.80999999999767,-50.0
1996-03-12,0.0,-2.9400000000023283,-36.000000000029104,0.0,-33.060000000026776,10.0
1996-03-13,0.0,-0.4100000000325963,-240.0,-0.010000000000000231,-239.5899999999674,-10.0
1996-03-14,0.0,0.0,-18.0,0.0,-18.0,0.0
1996-03-15,0.0,0.2699999999895226,-5.999999999970896,0.0,-6.269999999960419,0.0
1996-03-16,0.0,-0.22000000000116415,-53.999999999970896,0.0,-53.77999999996973,0.0
1996-03-17,0.0,0.25,-12.0,0.0,-12.25,0.0
1996-03-18,0.0,0.17000000001280569,-24.000000000058208,0.0,-24.170000000071013,0.0
1996-03-19,0.0,-0.4399999999732245,0.0,0.0,0.4399999999732245,0.0
1996-03-20,0.0,0.0,0.0,0.0,0.0,0.0
1996-03-21,0.0,0.0,0.0,0.0,0.0,0.0
1996-03-22,0.0,0.0,0.0,0.0,0.0,0.0
1996-03-23,0.0,0.0,0.0,0.0,0.0,0.0
1996-03-24,0.0,0.0,-12.0,0.0,-12.0,10.0
1996-03-25,0.0,0.0,0.0,0.0,0.0,0.0
1996-03-26,0.0,0.0,-6.0,0.0,-6.0,0.0
1996-03-27,0.0,0.0,-6.0,0.0,-6.0,0.0
1996-03-28,0.0,0.0,-18.000000000029104,0.0,-18.000000000029104,20.0
1996-03-29,0.0,0.0,0.0,0.0,0.0,0.0
1996-03-30,0.0,0.0,0.0,0.0,0.0,0.0
1996-03-31,0.0,0.0,-66.0,0.0,-66.0,40.0
1996-04-01,0.0,0.0500000000174623,-41.999999999970896,0.0,-42.04999999998836,10.0
1996-04-02,0.0,-0.01999999998952262,0.0,0.0,0.01999999998952262,0.0
1996-04-03,0.0,0.0,0.0,0.0,0.0,0.0
1996-04-04,0.0,0.0,-6.0,0.0,-6.0,0.0
1996-04-05,0.0,0.0,0.0,0.0,0.0,0.0
1996-04-06,0.0,0.0,-5.999999999970896,0.0,-5.999999999970896,0.0
1996-04-07,0.0,0.0,0.0,0.0,0.0,0.0
1996-04-08,0.0,0.0,0.0,0.0,0.0,0.0
1996-04-09,0.0,0.0,0.0,0.0,0.0,0.0
1996-04-10,0.0,0.0,0.0,0.0,0.0,0.0
1996-04-11,0.0,0.0,-24.000000000029104,0.0,-24.000000000029104,20.0
1996-04-12,0.0,-0.16999999998370185,-288.0,-0.010000000000000231,-287.8300000000163,0.0
1996-04-13,0.0,0.10000000000582077,-90.00000000005821,-0.010000000000000231,-90.10000000006403,-50.0
1996-04-14,0.0,0.0,-12.0,0.0,-12.0,10.0
1996-04-15,0.0,0.34999999997671694,-126.0,-0.009999999999999787,-126.34999999997672,-30.0
1996-04-16,0.0,-0.0500000000174623,-162.0,0.0,-161.94999999998254,20.0
1996-04-17,0.0,-0.07000000000698492,-65.9999999999709,0.0,-65.92999999996391,40.0
1996-04-18,0.0,0.0,-114.0,0.0,-114.0,10.0
1996-04-19,0.0,0.04000000000814907,-77.9999999999709,-0.010000000000000231,-78.03999999997905,-20.0
1996-04-20,0.0,0.14000000001396984,-60.000000000029104,-0.009999999999999787,-60.140000000043074,-50.0
1996-04-21,0.0,-0.16999999998370185,-72.0,0.0,-71.8300000000163,20.0
1996-04-22,0.0,0.6799999999930151,-821.9999999999418,-0.020000000000000462,-822.6799999999348,0.0
1996-04-23,0.0,2.940000000060536,-2694.0,-0.10000000000000142,-2696.9400000000605,0.0
1996-04-24,0.0,-3.25,-444.0,-0.009999999999999787,-440.75,30.0
1996-04-25,0.0,-0.470000000030268,-384.0,-0.009999999999999787,-383.52999999996973,0.0
1996-04-26,0.0,0.059999999997671694,-498.0,-0.020000000000000462,-498.0599999999977,0.0
1996-04-27,0.0,-0.010000000009313226,-90.00000000005821,-0.009999999999999787,-89.9900000000489,-140.0
1996-04-28,0.0,0.0,-66.0,0.0,-66.0,30.0
1996-04-29,0.0,0.0,-42.0,0.0,-42.0,0.0
1996-04-30,0.0,0.0,0.0,0.0,0.0,0.0
1996-05-01,0.0,0.0,-12.000000000029104,-0.009999999999999787,-12.000000000029104,-150.0
1996-05-02,0.0,-0.029999999998835847,-18.000000000029104,0.0,-17.970000000030268,0.0
1996-05-03,0.0,0.0,-11.999999999970896,-0.009999999999999787,-11.999999999970896,-310.0
1996-05-04,0.0,0.0,-6.0,0.0,-6.0,0.0
1996-05-05,0.0,0.0,0.0,0.0,0.0,0.0
1996-05-06,0.0,0.04999999998835847,0.0,0.0,-0.04999999998835847,0.0
1996-05-07,0.0,0.04999999998835847,0.0,0.0,-0.04999999998835847,0.0
1996-05-08,0.0,0.0,0.0,0.0,0.0,0.0
1996-05-09,0.0,0.0,0.0,0.0,0.0,0.0
1996-05-10,0.0,0.0,0.0,0.0,0.0,0.0
1996-05-11,0.0,0.0,0.0,0.0,0.0,0.0
1996-05-12,0.0,0.0,-17.999999999970896,0.0,-17.999999999970896,30.0
1996-05-13,0.0,0.0,-12.000000000029104,0.0,-12.000000000029104,10.0
1996-05-14,0.0,-0.09000000002561137,-41.99999999994179,0.0,-41.90999999991618,20.0
1996-05-15,0.0,0.0,-6.0,0.0,-6.0,0.0
1996-05-16,0.0,0.07999999998719431,-6.0,0.0,-6.079999999987194,10.0
1996-05-17,0.0,0.010000000009313226,-186.0,-0.009999999999999787,-186.0100000000093,0.0
1996-05-18,0.0,-0.01999999998952262,-401.9999999999709,-0.020000000000000018,-401.9799999999814,0.0
1996-05-19,0.0,0.2699999999895226,-66.0,0.0,-66.26999999998952,0.0
1996-05-20,0.0,-0.17000000001280569,-30.000000000029104,0.0,-29.830000000016298,10.0
1996-05-21,0.0,0.4599999999918509,-288.0,-0.010000000000000231,-288.45999999999185,0.0
1996-05-22,0.0,-0.25,-360.0000000000582,-0.009999999999999787,-359.7500000000582,0.0
1996-05-23,0.0,0.04000000000814907,-41.999999999970896,0.0,-42.039999999979045,20.0
1996-05-24,0.0,0.01999999998952262,-30.0,0.0,-30.019999999989523,0.0
1996-05-25,0.0,-0.04999999998835847,-6.0,0.0,-5.9500000000116415,0.0
1996-05-26,0.0,0.0,0.0,0.0,0.0,0.0
1996-05-27,0.0,0.0,0.0,0.0,0.0,0.0
1996-05-28,0.0,0.0,-12.0,0.0,-12.0,10.0
1996-05-29,0.0,-0.07999999998719431,-30.0,0.0,-29.920000000012806,20.0
1996-05-30,0.0,0.11000000001513399,-6.0,0.0,-6.110000000015134,10.0
1996-05-31,0.0,0.0,-11.999999999970896,0.0,-11.999999999970896,0.0
1996-06-01,0.0,0.0,-11.999999999970896,0.0,-11.999999999970896,0.0
1996-06-02,0.0,0.0,0.0,0.0,0.0,0.0
1996-06-03,0.0,0.0,0.0,0.0,0.0,0.0
1996-06-04,0.0,0.0,0.0,0.0,0.0,0.0
1996-06-05,0.0,0.0,0.0,0.0,0.0,0.0
1996-06-06,0.0,0.0,0.0,0.0,0.0,0.0
1996-06-07,0.0,0.0,0.0,0.0,0.0,0.0
1996-06-08,0.0,0.0,0.0,0.0,0.0,0.0
1996-06-09,0.0,0.0,0.0,0.0,0.0,0.0
1996-06-10,0.0,-0.0500000000174623,0.0,0.0,0.0500000000174623,0.0
1996-06-11,0.0,0.0,0.0,0.0,0.0,0.0
1996-06-12,0.0,0.0,0.0,0.0,0.0,0.0
1996-06-13,0.0,0.0,0.0,0.0,0.0,0.0
1996-06-14,0.0,0.0,0.0,0.0,0.0,0.0
1996-06-15,0.0,0.0,0.0,0.0,0.0,0.0
1996-06-16,0.0,0.0,0.0,0.0,0.0,0.0
1996-06-17,0.0,0.0,0.0,0.0,0.0,0.0
1996-06-18,0.0,0.0,0.0,0.0,0.0,0.0
1996-06-19,0.0,0.0,0.0,0.0,0.0,0.0
1996-06-20,0.0,0.0,0.0,0.0,0.0,0.0
1996-06-21,0.0,0.0,0.0,0.0,0.0,0.0
1996-06-22,0.0,0.0,0.0,0.0,0.0,0.0
1996-06-23,0.0,-0.059999999997671694,0.0,0.0,0.059999999997671694,0.0
1996-06-24,0.0,0.0,0.0,0.0,0.0,0.0
1996-06-25,0.0,0.0,0.0,0.0,0.0,0.0
1996-06-26,0.0,-0.01999999998952262,0.0,0.0,0.01999999998952262,0.0
1996-06-27,0.0,0.00999999999476131,0.0,0.0,-0.00999999999476131,0.0
1996-06-28,0.0,0.0,0.0,0.0,0.0,0.0
1996-06-29,0.0,0.0,0.0,0.0,0.0,0.0
1996-06-30,0.0,0.0,0.0,0.0,0.0,0.0
1996-07-01,0.0,0.0,0.0,0.0,0.0,0.0
1996-07-02,0.0,0.0,0.0,0.0,0.0,0.0
1996-07-03,0.0,0.0,0.0,0.0,0.0,0.0
1996-07-04,0.0,0.0,0.0,0.0,0.0,0.0
1996-07-05,0.0,0.0,0.0,0.0,0.0,0.0
1996-07-06,0.0,0.0,0.0,0.0,0.0,0.0
1996-07-07,0.0,0.0,0.0,0.0,0.0,0.0
1996-07-08,0.0,0.0,0.0,0.0,0.0,0.0
1996-07-09,0.0,0.0,0.0,0.0,0.0,0.0
1996-07-10,0.0,-0.020000000004074536,0.0,0.0,0.020000000004074536,0.0
1996-07-11,0.0,0.029999999998835847,0.0,0.0,-0.029999999998835847,0.0
1996-07-12,0.0,0.0,0.0,0.0,0.0,0.0
1996-07-13,0.0,0.0,0.0,0.0,0.0,0.0
1996-07-14,0.0,-0.01999999998952262,0.0,0.0,0.01999999998952262,0.0
1996-07-15,0.0,-0.01999999998952262,0.0,0.0,0.01999999998952262,0.0
1996-07-16,0.0,0.0,0.0,0.0,0.0,0.0
1996-07-17,0.0,0.010000000009313226,0.0,0.0,-0.010000000009313226,0.0
1996-07-18,0.0,0.0,0.0,0.0,0.0,0.0
1996-07-19,0.0,0.0,0.0,0.0,0.0,0.0
1996-07-20,0.0,0.0,0.0,0.0,0.0,0.0
1996-07-21,0.0,0.0,0.0,0.0,0.0,0.0
1996-07-22,0.0,0.0,0.0,0.0,0.0,0.0
1996-07-23,0.0,0.0,0.0,0.0,0.0,0.0
1996-07-24,0.0,0.0,0.0,0.0,0.0,0.0
1996-07-25,0.0,0.0,0.0,0.0,0.0,0.0
1996-07-26,0.0,0.0,0.0,0.0,0.0,0.0
1996-07-27,0.0,0.0,0.0,0.0,0.0,0.0
1996-07-28,0.0,0.029999999998835847,0.0,0.0,-0.029999999998835847,0.0
1996-07-29,0.0,0.0,0.0,0.0,0.0,0.0
1996-07-30,0.0,0.0,0.0,0.0,0.0,0.0
1996-07-31,0.0,0.0,0.0,0.0,0.0,0.0
1996-08-01,0.0,0.0,0.0,0.0,0.0,0.0
1996-08-02,0.0,0.0,0.0,0.0,0.0,0.0
1996-08-03,0.0,0.0,-0.6000000000058208,0.0,-0.6000000000058208,0.0
1996-08-04,0.0,0.0,0.0,0.0,0.0,0.0
1996-08-05,0.0,0.0,0.0,0.0,0.0,0.0
1996-08-06,0.0,0.0,0.0,0.0,0.0,0.0
1996-08-07,0.0,0.0,0.0,0.0,0.0,0.0
1996-08-08,0.0,0.0,0.0,0.0,0.0,0.0
1996-08-09,0.0,0.0,0.0,0.0,0.0,0.0
1996-08-10,0.0,0.0,0.0,0.0,0.0,0.0
1996-08-11,0.0,0.0,0.0,0.0,0.0,0.0
1996-08-12,0.0,0.0,0.0,0.0,0.0,0.0
1996-08-13,0.0,0.0,0.0,0.0,0.0,0.0
1996-08-14,0.0,0.0,0.0,0.0,0.0,0.0
1996-08-15,0.0,0.0,0.0,0.0,0.0,0.0
1996-08-16,0.0,0.0,0.0,0.0,0.0,0.0
1996-08-17,0.0,0.0,0.0,0.0,0.0,0.0
1996-08-18,0.0,0.0,0.0,0.0,0.0,0.0
1996-08-19,0.0,0.0,0.0,0.0,0.0,0.0
1996-08-20,0.0,0.0,0.0,0.0,0.0,0.0
1996-08-21,0.0,0.0,0.0,0.0,0.0,0.0
1996-08-22,0.0,0.0,0.0,0.0,0.0,0.0
1996-08-23,0.0,0.0,0.0,0.0,0.0,0.0
1996-08-24,0.0,0.0,0.0,0.0,0.0,0.0
1996-08-25,0.0,0.0,0.0,0.0,0.0,0.0
1996-08-26,0.0,0.0,0.0,0.0,0.0,0.0
1996-08-27,0.0,0.0,0.0,0.0,0.0,0.0
1996-08-28,0.0,0.0,0.0,0.0,0.0,0.0
1996-08-29,0.0,0.0,0.0,0.0,0.0,0.0
1996-08-30,0.0,0.0,0.0,0.0,0.0,0.0
1996-08-31,0.0,0.0,0.0,0.0,0.0,0.0
1996-09-01,0.0,0.0,0.0,0.0,0.0,0.0
1996-09-02,0.0,0.0,0.0,0.0,0.0,0.0
1996-09-03,0.0,0.0,0.0,0.0,0.0,0.0
1996-09-04,0.0,0.0,0.0,0.0,0.0,0.0
1996-09-05,0.0,0.0,0.0,0.0,0.0,0.0
1996-09-06,0.0,0.0,0.0,0.0,0.0,0.0
1996-09-07,0.0,0.0,0.0,0.0,0.0,0.0
1996-09-08,0.0,0.0,0.0,0.0,0.0,0.0
1996-09-09,0.0,0.0,0.0,0.0,0.0,0.0
1996-09-10,0.0,0.0,0.0,0.0,0.0,0.0
1996-09-11,0.0,0.0,0.0,0.0,0.0,0.0
1996-09-12,0.0,0.0,0.0,0.0,0.0,0.0
1996-09-13,0.0,0.0,0.0,0.0,0.0,0.0
1996-09-14,0.0,0.0,0.0,0.0,0.0,0.0
1996-09-15,0.0,0.0,0.0,0.0,0.0,0.0
1996-09-16,0.0,0.0,0.0,0.0,0.0,0.0
1996-09-17,0.0,0.0,0.0,0.0,0.0,0.0
1996-09-18,0.0,0.0,0.0,0.0,0.0,0.0
1996-09-19,0.0,0.0,0.0,0.0,0.0,0.0
1996-09-20,0.0,0.0,0.0,0.0,0.0,0.0
1996-09-21,0.0,0.0,0.0,0.0,0.0,0.0
1996-09-22,0.0,0.0,0.0,0.0,0.0,0.0
1996-09-23,0.0,0.0,0.0,0.0,0.0,0.0
1996-09-24,0.0,0.0,0.0,0.0,0.0,0.0
1996-09-25,0.0,0.0,0.0,0.0,0.0,0.0
1996-09-26,0.0,0.0,0.0,0.0,0.0,0.0
1996-09-27,0.0,0.0,0.0,0.0,0.0,0.0
1996-09-28,0.0,0.0,0.0,0.0,0.0,0.0
1996-09-29,0.0,0.0,0.0,0.0,0.0,0.0
1996-09-30,0.0,0.0,0.0,0.0,0.0,0.0
1996-10-01,0.0,0.0,0.0,0.0,0.0,0.0
1996-10-02,0.0,0.0,0.0,0.0,0.0,0.0
1996-10-03,0.0,0.0,0.0,0.0,0.0,0.0
1996-10-04,0.0,0.0,0.0,0.0,0.0,0.0
1996-10-05,0.0,0.0,0.0,0.0,0.0,0.0
1996-10-06,0.0,0.0,0.0,0.0,0.0,0.0
1996-10-07,0.0,0.0,0.0,0.0,0.0,0.0
1996-10-08,0.0,0.0,0.0,0.0,0.0,0.0
1996-10-09,0.0,0.0,0.0,0.0,0.0,0.0
1996-10-10,0.0,0.0,0.0,0.0,0.0,0.0
1996-10-11,0.0,0.0,0.0,0.0,0.0,0.0
1996-10-12,0.0,0.0,0.0,0.0,0.0,0.0
1996-10-13,0.0,0.0,0.0,0.0,0.0,0.0
1996-10-14,0.0,0.0,0.0,0.0,0.0,0.0
1996-10-15,0.0,0.0,0.0,0.0,0.0,0.0
1996-10-16,0.0,0.0,0.0,0.0,0.0,0.0
1996-10-17,0.0,0.0,0.0,0.0,0.0,0.0
1996-10-18,0.0,-0.09999999997671694,-933.5999999999185,-0.040000000000000036,-933.4999999999418,-20.0
1996-10-19,0.0,0.06999999999970896,1.2000000000116415,0.0,1.1300000000119326,0.0
1996-10-20,0.0,0.0,0.0,0.0,0.0,0.0
1996-10-21,0.0,-0.010000000002037268,0.0,0.0,0.010000000002037268,0.0
1996-10-22,0.0,0.0,0.0,0.0,0.0,0.0
1996-10-23,0.0,0.029999999998835847,-13.200000000004366,-0.0010000000000000009,-13.230000000003201,0.0
1996-10-24,0.0,0.0,-1026.5999999999767,-0.02999999999999936,-1026.5999999999767,0.0
1996-10-25,0.0,-0.030000000013387762,-6.0,0.0,-5.969999999986612,0.0
1996-10-26,0.0,0.01999999999679858,-0.6000000000058208,0.0,-0.6200000000026193,0.0
1996-10-27,0.0,-0.029999999998835847,0.0,0.0,0.029999999998835847,0.0
1996-10-28,0.0,0.0,-8.39999999999418,0.0,-8.39999999999418,0.0
1996-10-29,0.0,0.0,0.0,0.0,0.0,0.0
1996-10-30,0.0,0.0,0.0,0.0,0.0,0.0
1996-10-31,0.0,0.0,0.0,0.0,0.0,0.0
1996-11-01,0.0,0.0,0.0,0.0,0.0,0.0
1996-11-02,0.0,0.0,0.0,0.0,0.0,0.0
1996-11-03,0.0,0.0,0.0,0.0,0.0,0.0
1996-11-04,0.0,0.0,0.0,0.0,0.0,0.0
1996-11-05,0.0,0.0,0.0,0.0,0.0,0.0
1996-11-06,0.0,0.0,-23.999999999985448,0.0,-23.999999999985448,10.0
1996-11-07,0.0,0.020000000004074536,0.0,0.0,-0.020000000004074536,0.0
1996-11-08,0.0,0.0,0.0,0.0,0.0,0.0
1996-11-09,0.0,0.0,0.0,0.0,0.0,0.0
1996-11-10,0.0,0.0,0.0,0.0,0.0,0.0
1996-11-11,0.0,0.0,0.0,0.0,0.0,0.0
1996-11-12,0.0,0.0,0.0,0.0,0.0,0.0
1996-11-13,0.0,0.0,-17.999999999985448,-0.010000000000000009,-17.999999999985448,-140.0
1996-11-14,0.0,0.0,-36.00000000001455,0.0,-36.00000000001455,10.0
1996-11-15,0.0,0.0,-6.000000000014552,0.0,-6.000000000014552,10.0
1996-11-16,0.0,0.0,-78.0,0.0,-78.0,40.0
1996-11-17,0.0,0.1900000000023283,-234.0000000000291,-0.010000000000000231,-234.19000000003143,0.0
1996-11-18,0.0,1.309999999939464,-1854.0000000001164,0.0,-1855.3100000000559,30.0
1996-11-19,0.0,7.629999999888241,-2886.0,-0.10000000000000142,-2893.6299999998882,0.0
1996-11-20,0.0,-9.0,-84.0,0.0,-75.0,0.0
1996-11-21,0.0,-0.029999999998835847,-71.9999999999709,-0.010000000000000009,-71.96999999997206,0.0
1996-11-22,0.0,0.0,-36.0,-0.010000000000000009,-36.0,0.0
1996-11-23,0.0,-0.04999999998835847,-24.0,0.0,-23.95000000001164,20.0
1996-11-24,0.0,0.0,-6.0,0.0,-6.0,0.0
1996-11-25,0.0,0.35000000000582077,-6.0,0.0,-6.350000000005821,20.0
1996-11-26,0.0,-0.35000000000582077,0.0,0.0,0.35000000000582077,0.0
1996-11-27,0.0,9.079999999987194,-84.0,0.0,-93.0799999999872,70.0
1996-11-28,0.0,-1.3699999999953434,-90.0000000000291,0.0,-88.63000000003376,20.0
1996-11-29,0.0,-2.419999999983702,-48.0,0.0,-45.5800000000163,0.0
1996-11-30,0.0,6.840000000025611,-114.0,-0.010000000000000231,-120.84000000002561,-70.0
1996-12-01,0.0,-11.690000000002328,-204.0,0.0,-192.30999999999767,40.0
1996-12-02,0.0,-0.059999999997671694,-360.0,-0.009999999999999787,-359.9400000000023,10.0
1996-12-03,0.0,0.0,-564.0000000000582,-0.019999999999999574,-564.0000000000582,-20.0
1996-12-04,0.0,0.0,-1397.9999999998836,0.0,-1397.9999999998836,20.0
1996-12-05,0.0,1.470000000030268,-270.0,-0.009999999999999787,-271.47000000003027,0.0
1996-12-06,0.0,-0.8399999999674037,-606.0,-0.009999999999999787,-605.1600000000326,10.0
1996-12-07,0.0,4.75,-1409.9999999998836,0.0,-1414.7499999998836,20.0
1996-12-08,0.0,15.089999999967404,-365.9999999999418,-0.009999999999999787,-381.0899999999092,-20.0
1996-12-09,0.0,-13.870000000053551,-204.0000000000582,0.0,-190.13000000000466,0.0
1996-12-10,0.0,-0.8699999999953434,-408.0000000000582,-0.009999999999999787,-407.13000000006286,-10.0
1996-12-11,0.0,-4.75,-396.0000000000582,-0.009999999999999787,-391.2500000000582,-10.0
1996-12-12,0.0,0.09999999997671694,-383.9999999999418,-0.009999999999999787,-384.0999999999185,-10.0
1996-12-13,0.0,0.18000000005122274,-593.9999999999418,-0.020000000000000462,-594.179999999993,-20.0
1996-12-14,0.0,-0.5599999999976717,-120.00000000005821,0.0,-119.44000000006054,10.0
1996-12-15,0.0,-0.030000000027939677,-114.0,-0.010000000000000231,-113.96999999997206,-10.0
1996-12-16,0.0,0.0,-78.0,0.0,-78.0,10.0
1996-12-17,0.0,0.0,-150.0,-0.020000000000000018,-150.0,0.0
1996-12-18,0.0,-0.08999999999650754,-89.9999999999709,-0.020000000000000018,-89.90999999997439,0.0
1996-12-19,0.0,0.01999999998952262,-53.999999999970896,-0.009999999999999787,-54.01999999996042,-10.0
1996-12-20,0.0,0.0,-30.0,0.0,-30.0,20.0
1996-12-21,0.0,0.0,-120.0000000000291,0.0,-120.0000000000291,20.0
1996-12-22,0.0,0.0,-126.0,-0.009999999999999787,-126.0,-20.0
1996-12-23,0.0,0.1300000000046566,-1026.0,-0.019999999999999574,-1026.1300000000047,20.0
1996-12-24,0.0,8.68999999994412,-978.0,0.0,-986.6899999999441,30.0
1996-12-25,0.0,47.62999999988824,-1698.0,0.0,-1745.6299999998882,10.0
1996-12-26,0.0,-41.75,-1619.9999999998836,0.0,-1578.2499999998836,0.0
1996-12-27,0.0,-14.940000000002328,-653.9999999999418,-0.019999999999999574,-639.0599999999395,0.0
1996-12-28,0.0,-0.15000000002328306,-888.0,-0.030000000000001137,-887.8499999999767,10.0
1996-12-29,0.0,0.6299999998882413,-1590.0000000002328,0.0,-1590.630000000121,20.0
1996-12-30,0.0,40.06000000005588,-774.0,0.0,-814.0600000000559,0.0
1996-12-31,0.0,4.629999999888241,-1092.0,0.0,-1096.6299999998882,10.0
1997-01-01,0.0,21.87000000011176,-2820.0,0.0,-2841.8700000001118,0.0
1997-01-02,0.0,-32.0,-1133.9999999998836,0.0,-1101.9999999998836,0.0
1997-01-03,0.0,-33.28000000002794,-372.0,-0.009999999999999787,-338.71999999997206,0.0
1997-01-04,0.0,-0.779999999969732,-540.0,-0.04999999999999982,-539.2200000000303,0.0
1997-01-05,0.0,0.0,-317.9999999999418,-0.040000000000000036,-317.9999999999418,0.0
1997-01-06,0.0,-0.15999999997438863,-228.0,-0.019999999999999574,-227.8400000000256,0.0
1997-01-07,0.0,-0.029999999969732016,-162.0,-0.020000000000000018,-161.97000000003027,-10.0
1997-01-08,0.0,0.6600000000325963,-120.0000000000291,0.0,-120.6600000000617,10.0
1997-01-09,0.0,4.590000000025611,-120.0,0.0,-124.59000000002561,10.0
1997-01-10,0.0,8.809999999997672,-192.0000000000582,0.0,-200.81000000005588,10.0
1997-01-11,0.0,-14.220000000030268,-125.99999999994179,0.0,-111.77999999991152,0.0
1997-01-12,0.0,-0.029999999998835847,-12.000000000029104,0.0,-11.970000000030268,0.0
1997-01-13,0.0,0.0,-6.0,0.0,-6.0,0.0
1997-01-14,0.0,0.0,0.0,0.0,0.0,0.0
1997-01-15,0.0,0.0,-12.000000000029104,0.0,-12.000000000029104,0.0
1997-01-16,0.0,0.0,-12.0,0.0,-12.0,0.0
1997-01-17,0.0,7.5,-600.0,-0.020000000000000462,-607.5,-10.0
1997-01-18,0.0,3.1199999999953434,-126.0,0.0,-129.11999999999534,20.0
1997-01-19,0.0,-2.3800000000046566,-72.0,0.0,-69.61999999999534,0.0
1997-01-20,0.0,2.8099999999976717,-168.0000000000582,0.0,-170.81000000005588,20.0
1997-01-21,0.0,-10.629999999946449,-102.0,0.0,-91.37000000005355,0.0
1997-01-22,0.0,-0.059999999997671694,-162.0000000000582,-0.009999999999999787,-161.94000000006054,-50.0
1997-01-23,0.0,0.0,-132.0,0.0,-132.0,60.0
1997-01-24,0.0,0.0,-24.0,0.0,-24.0,10.0
1997-01-25,0.0,0.029999999998835847,-96.00000000005821,0.0,-96.03000000005704,30.0
1997-01-26,0.0,-0.14000000001396984,-42.0,0.0,-41.85999999998603,0.0
1997-01-27,0.0,0.04000000000814907,-48.0,-0.010000000000000231,-48.04000000000815,0.0
1997-01-28,0.0,0.0,-71.9999999999709,-0.009999999999999787,-71.9999999999709,10.0
1997-01-29,0.0,0.6400000000139698,-54.000000000029104,0.0,-54.640000000043074,20.0
1997-01-30,0.0,29.37000000011176,-594.0,0.0,-623.3700000001118,0.0
1997-01-31,0.0,2.3700000001117587,-2334.000000000233,0.0,-2336.3700000003446,0.0
1997-02-01,0.0,-32.90999999997439,-282.0,-0.009999999999999787,-249.0900000000256,0.0
1997-02-02,0.0,-0.06999999994877726,-102.0,-0.010000000000000231,-101.93000000005122,-40.0
1997-02-03,0.0,0.0,-149.9999999999418,0.0,-149.9999999999418,10.0
1997-02-04,0.0,0.04999999998835847,-41.999999999970896,-0.010000000000000231,-42.049999999959255,-10.0
1997-02-05,0.0,0.059999999997671694,-23.999999999970896,0.0,-24.059999999968568,0.0
1997-02-06,0.0,0.0,-12.0,0.0,-12.0,0.0
1997-02-07,0.0,0.0,-30.000000000029104,0.0,-30.000000000029104,10.0
1997-02-08,0.0,0.0,0.0,0.0,0.0,0.0
1997-02-09,0.0,0.0,-5.999999999970896,0.0,-5.999999999970896,0.0
1997-02-10,0.0,0.029999999998835847,-30.000000000029104,0.0,-30.03000000002794,0.0
1997-02-11,0.0,0.0,-17.999999999970896,0.0,-17.999999999970896,10.0
1997-02-12,0.0,0.0,-161.9999999999709,-0.010000000000000231,-161.9999999999709,-10.0
1997-02-13,0.0,0.0,-180.0,-0.010000000000000231,-180.0,-20.0
1997-02-14,0.0,3.25,-119.99999999994179,0.0,-123.24999999994179,10.0
1997-02-15,0.0,0.25,-24.000000000029104,0.0,-24.250000000029104,10.0
1997-02-16,0.0,3.5599999999976717,-83.9999999999709,0.0,-87.55999999996857,0.0
1997-02-17,0.0,-6.840000000025611,-114.0,-0.010000000000000231,-107.15999999997439,-40.0
1997-02-18,0.0,-0.34999999997671694,-300.0000000001164,-0.010000000000000675,-299.6500000001397,0.0
1997-02-19,0.0,1.4399999999441206,-1068.0,-0.030000000000001137,-1069.4399999999441,0.0
1997-02-20,0.0,-1.3199999999487773,-227.9999999999418,-0.009999999999999787,-226.67999999999302,10.0
1997-02-21,0.0,0.0,-132.0,-0.010000000000000231,-132.0,0.0
1997-02-22,0.0,0.010000000009313226,-84.0,-0.009999999999999787,-84.01000000000931,-10.0
1997-02-23,0.0,0.0,-84.0,-0.009999999999999787,-84.0,-10.0
1997-02-24,0.0,0.0,-30.0,0.0,-30.0,0.0
1997-02-25,0.0,0.1900000000023283,-42.000000000029104,0.0,-42.19000000003143,10.0
1997-02-26,0.0,-0.23000000001047738,-5.999999999970896,0.0,-5.769999999960419,0.0
1997-02-27,0.0,0.06999999997788109,-78.0,-0.010000000000000231,-78.06999999997788,-30.0
1997-02-28,0.0,0.0,-36.0,0.0,-36.0,0.0
1997-03-01,0.0,1.5,-402.0,-0.009999999999999787,-403.5,-10.0
1997-03-02,0.0,-1.5,-317.9999999999418,-0.009999999999999787,-316.4999999999418,0.0
1997-03-03,0.0,0.0,-329.9999999999418,-0.009999999999999787,-329.9999999999418,0.0
1997-03-04,0.0,0.0,-120.0,-0.009999999999999787,-120.0,-30.0
1997-03-05,0.0,0.0,-126.0,0.0,-126.0,20.0
1997-03-06,0.0,4.529999999969732,-252.0,-0.009999999999999787,-256.52999999996973,-20.0
1997-03-07,0.0,-3.9100000000325963,-516.0000000000582,-0.020000000000000462,-512.0900000000256,-20.0
1997-03-08,0.0,-0.6300000000046566,-78.0,0.0,-77.36999999999534,20.0
1997-03-09,0.0,25.5,-3036.000000000233,-0.09999999999999787,-3061.500000000233,0.0
1997-03-10,0.0,-9.31000000005588,-1476.0,-0.09999999999999964,-1466.6899999999441,-70.0
1997-03-11,0.0,-15.319999999948777,-821.9999999998836,-0.10000000000000142,-806.6799999999348,-70.0
1997-03-12,0.0,-0.6800000000512227,-612.0,-0.020000000000000462,-611.3199999999488,0.0
1997-03-13,0.0,0.0,-216.00000000011642,-0.009999999999999787,-216.00000000011642,-10.0
1997-03-14,0.0,0.0,-30.000000000058208,0.0,-30.000000000058208,0.0
1997-03-15,0.0,1.4399999999441206,-2016.0000000001164,-0.09999999999999787,-2017.4400000000605,-60.0
1997-03-16,0.0,14.68999999994412,-1074.0000000001164,0.0,-1088.6900000000605,20.0
1997-03-17,0.0,-11.75,-240.0,0.0,-228.25,0.0
1997-03-18,0.0,2.400000000023283,-258.0000000000582,-0.009999999999999787,-260.4000000000815,-10.0
1997-03-19,0.0,6.21999999997206,-522.0,-0.019999999999999574,-528.2199999999721,-20.0
1997-03-20,0.0,-6.180000000051223,-329.9999999998836,-0.009999999999999787,-323.81999999983236,-10.0
1997-03-21,0.0,-6.309999999997672,-210.00000000011642,-0.010000000000000675,-203.69000000011874,-10.0
1997-03-22,0.0,0.0,-96.0,0.0,-96.0,0.0
1997-03-23,0.0,0.39000000001396984,-78.0000000000291,0.0,-78.39000000004307,0.0
1997-03-24,0.0,0.4800000000104774,-30.0,0.0,-30.480000000010477,0.0
1997-03-25,0.0,2.3099999999976717,-11.999999999970896,0.0,-14.309999999968568,0.0
1997-03-26,0.0,-1.5499999999883585,-84.0,0.0,-82.45000000001164,30.0
1997-03-27,0.0,-1.599999999976717,-276.0,-0.009999999999999787,-274.4000000000233,-10.0
1997-03-28,0.0,-0.11999999999534339,-60.000000000029104,0.0,-59.88000000003376,50.0
1997-03-29,0.0,0.0,-59.999999999970896,-0.009999999999999787,-59.999999999970896,-120.0
1997-03-30,0.0,0.04000000000814907,-60.000000000029104,0.0,-60.04000000003725,0.0
1997-03-31,0.0,-0.059999999997671694,-300.0,-0.010000000000000231,-299.9400000000023,0.0
1997-04-01,0.0,0.0,-137.9999999999709,-0.010000000000000231,-137.9999999999709,-40.0
1997-04-02,0.0,0.0,-6.000000000029104,0.0,-6.000000000029104,0.0
1997-04-03,0.0,-0.010000000009313226,-12.000000000029104,0.0,-11.99000000001979,0.0
1997-04-04,0.0,0.0,0.0,0.0,0.0,0.0
1997-04-05,0.0,0.01999999998952262,-6.0,0.0,-6.019999999989523,0.0
1997-04-06,0.0,-0.029999999998835847,0.0,0.0,0.029999999998835847,0.0
1997-04-07,0.0,0.20999999999185093,-18.0,0.0,-18.20999999999185,0.0
1997-04-08,0.0,-0.139999999984866,-29.999999999970896,0.0,-29.85999999998603,10.0
1997-04-09,0.0,0.0,-6.000000000029104,0.0,-6.000000000029104,10.0
1997-04-10,0.0,0.0,0.0,0.0,0.0,0.0
1997-04-11,0.0,0.01999999998952262,0.0,0.0,-0.01999999998952262,0.0
1997-04-12,0.0,0.0,0.0,0.0,0.0,0.0
1997-04-13,0.0,1.25,-72.0,0.0,-73.25,10.0
1997-04-14,0.0,0.8100000000267755,-251.9999999999709,-0.009999999999999787,-252.80999999999767,0.0
1997-04-15,0.0,-1.8800000000046566,-48.000000000029104,0.0,-46.12000000002445,50.0
1997-04-16,0.0,0.0,-6.0,0.0,-6.0,0.0
1997-04-17,0.0,0.0,-24.000000000029104,0.0,-24.000000000029104,0.0
1997-04-18,0.0,0.04000000000814907,-269.9999999999418,-0.009999999999999787,-270.03999999994994,0.0
1997-04-19,0.0,-0.3099999999976717,-702.0,-0.03000000000000025,-701.6900000000023,0.0
1997-04-20,0.0,0.07000000000698492,-503.9999999999418,-0.020000000000000462,-504.0699999999488,0.0
1997-04-21,0.0,0.059999999997671694,-210.0,-0.009999999999999787,-210.05999999999767,0.0
1997-04-22,0.0,0.0,-546.0,-0.020000000000000462,-546.0,0.0
1997-04-23,0.0,0.0,-486.0000000000582,-0.020000000000000462,-486.0000000000582,-30.0
1997-04-24,0.0,-0.04999999998835847,-66.0,0.0,-65.95000000001164,10.0
1997-04-25,0.0,0.029999999998835847,-11.999999999970896,0.0,-12.029999999969732,0.0
1997-04-26,0.0,0.0,-11.999999999970896,0.0,-11.999999999970896,0.0
1997-04-27,0.0,-0.059999999997671694,-90.0,-0.010000000000000231,-89.94000000000233,-20.0
1997-04-28,0.0,0.0,-120.0,0.0,-120.0,110.0
1997-04-29,0.0,0.07000000000698492,-216.0000000000291,0.0,-216.0700000000361,30.0
1997-04-30,0.0,0.0,-420.0,-0.019999999999999574,-420.0,-20.0
1997-05-01,0.0,0.1900000000023283,-60.0,0.0,-60.19000000000233,20.0
1997-05-02,0.0,-0.04000000000814907,-17.999999999970896,0.0,-17.959999999962747,0.0
1997-05-03,0.0,0.0,-66.0,0.0,-66.0,10.0
1997-05-04,0.0,0.0,-36.0,0.0,-36.0,30.0
1997-05-05,0.0,0.0,-18.0,0.0,-18.0,0.0
1997-05-06,0.0,0.029999999998835847,-23.999999999970896,0.0,-24.029999999969732,10.0
1997-05-07,0.0,0.0,0.0,0.0,0.0,0.0
1997-05-08,0.0,0.0,0.0,0.0,0.0,0.0
1997-05-09,0.0,0.0,0.0,0.0,0.0,0.0
1997-05-10,0.0,0.0,0.0,0.0,0.0,0.0
1997-05-11,0.0,0.0,0.0,0.0,0.0,0.0
1997-05-12,0.0,0.0,0.0,0.0,0.0,0.0
1997-05-13,0.0,0.0,0.0,0.0,0.0,0.0
1997-05-14,0.0,0.0,0.0,0.0,0.0,0.0
1997-05-15,0.0,0.0,0.0,0.0,0.0,0.0
1997-05-16,0.0,-0.02000000001862645,0.0,0.0,0.02000000001862645,0.0
1997-05-17,0.0,0.0,0.0,0.0,0.0,0.0
1997-05-18,0.0,0.0,0.0,0.0,0.0,0.0
1997-05-19,0.0,0.0,0.0,0.0,0.0,0.0
1997-05-20,0.0,0.0,0.0,0.0,0.0,0.0
1997-05-21,0.0,0.0,0.0,0.0,0.0,0.0
1997-05-22,0.0,0.0,0.0,0.0,0.0,0.0
1997-05-23,0.0,0.0,0.0,0.0,0.0,0.0
1997-05-24,0.0,0.0,0.0,0.0,0.0,0.0
1997-05-25,0.0,0.0,0.0,0.0,0.0,0.0
1997-05-26,0.0,0.0,0.0,0.0,0.0,0.0
1997-05-27,0.0,0.0,0.0,0.0,0.0,0.0
1997-05-28,0.0,0.0,-6.0,0.0,-6.0,0.0
1997-05-29,0.0,0.0,0.0,0.0,0.0,0.0
1997-05-30,0.0,0.0,0.0,0.0,0.0,0.0
1997-05-31,0.0,0.010000000009313226,-48.0,-0.010000000000000009,-48.01000000000931,-180.0
1997-06-01,0.0,0.0,0.0,0.0,0.0,0.0
1997-06-02,0.0,0.0,0.0,0.0,0.0,0.0
1997-06-03,0.0,0.0,0.0,0.0,0.0,0.0
1997-06-04,0.0,0.0,0.0,0.0,0.0,0.0
1997-06-05,0.0,0.0,0.0,0.0,0.0,0.0
1997-06-06,0.0,0.0,0.0,0.0,0.0,0.0
1997-06-07,0.0,0.0,0.0,0.0,0.0,0.0
1997-06-08,0.0,0.0,0.0,0.0,0.0,0.0
1997-06-09,0.0,0.0,0.0,0.0,0.0,0.0
1997-06-10,0.0,0.0,0.0,0.0,0.0,0.0
1997-06-11,0.0,0.0,0.0,0.0,0.0,0.0
1997-06-12,0.0,0.0,0.0,0.0,0.0,0.0
1997-06-13,0.0,0.0,0.0,0.0,0.0,0.0
1997-06-14,0.0,0.0,0.0,0.0,0.0,0.0
1997-06-15,0.0,0.0,0.0,0.0,0.0,0.0
1997-06-16,0.0,0.0,0.0,0.0,0.0,0.0
1997-06-17,0.0,0.0,0.0,0.0,0.0,0.0
1997-06-18,0.0,-0.0500000000174623,0.0,0.0,0.0500000000174623,0.0
1997-06-19,0.0,0.0,0.0,0.0,0.0,0.0
1997-06-20,0.0,0.04000000000814907,0.0,0.0,-0.04000000000814907,0.0
1997-06-21,0.0,0.010000000009313226,0.0,0.0,-0.010000000009313226,0.0
1997-06-22,0.0,-0.010000000009313226,0.0,0.0,0.010000000009313226,0.0
1997-06-23,0.0,0.0,0.0,0.0,0.0,0.0
1997-06-24,0.0,0.0,0.0,0.0,0.0,0.0
1997-06-25,0.0,0.0,0.0,0.0,0.0,0.0
1997-06-26,0.0,0.0,0.0,0.0,0.0,0.0
1997-06-27,0.0,0.0,0.0,0.0,0.0,0.0
1997-06-28,0.0,-0.01999999998952262,0.0,0.0,0.01999999998952262,0.0
1997-06-29,0.0,0.00999999999476131,0.0,0.0,-0.00999999999476131,0.0
1997-06-30,0.0,-0.020000000004074536,0.0,0.0,0.020000000004074536,0.0
1997-07-01,0.0,0.020000000004074536,0.0,0.0,-0.020000000004074536,0.0
1997-07-02,0.0,-0.04000000000814907,0.0,0.0,0.04000000000814907,0.0
1997-07-03,0.0,0.0,0.0,0.0,0.0,0.0
1997-07-04,0.0,0.0,0.0,0.0,0.0,0.0
1997-07-05,0.0,0.0,0.0,0.0,0.0,0.0
1997-07-06,0.0,0.0,0.0,0.0,0.0,0.0
1997-07-07,0.0,0.0,0.0,0.0,0.0,0.0
1997-07-08,0.0,0.0,0.0,0.0,0.0,0.0
1997-07-09,0.0,-0.029999999998835847,0.0,0.0,0.029999999998835847,0.0
1997-07-10,0.0,0.0,-17.999999999985448,0.0,-17.999999999985448,0.0
1997-07-11,0.0,0.0,0.0,0.0,0.0,0.0
1997-07-12,0.0,0.0,0.0,0.0,0.0,0.0
1997-07-13,0.0,0.0,0.0,0.0,0.0,0.0
1997-07-14,0.0,0.0,0.0,0.0,0.0,0.0
1997-07-15,0.0,0.0,0.0,0.0,0.0,0.0
1997-07-16,0.0,0.0,0.0,0.0,0.0,0.0
1997-07-17,0.0,0.0,0.0,0.0,0.0,0.0
1997-07-18,0.0,0.0,0.0,0.0,0.0,0.0
1997-07-19,0.0,0.0,0.0,0.0,0.0,0.0
1997-07-20,0.0,0.0,0.0,0.0,0.0,0.0
1997-07-21,0.0,0.0,0.0,0.0,0.0,0.0
1997-07-22,0.0,0.0,0.0,0.0,0.0,0.0
1997-07-23,0.0,0.0,0.0,0.0,0.0,0.0
1997-07-24,0.0,0.0,0.0,0.0,0.0,0.0
1997-07-25,0.0,0.0,0.0,0.0,0.0,0.0
1997-07-26,0.0,0.0,0.0,0.0,0.0,0.0
1997-07-27,0.0,0.0,0.0,0.0,0.0,0.0
1997-07-28,0.0,0.0,0.0,0.0,0.0,0.0
1997-07-29,0.0,0.0,0.0,0.0,0.0,0.0
1997-07-30,0.0,0.0,0.0,0.0,0.0,0.0
1997-07-31,0.0,0.0,0.5999999999912689,0.0,0.5999999999912689,0.0
1997-08-01,0.0,0.0,0.0,0.0,0.0,0.0
1997-08-02,0.0,0.0,0.0,0.0,0.0,0.0
1997-08-03,0.0,0.0,0.0,0.0,0.0,0.0
1997-08-04,0.0,0.0,0.0,0.0,0.0,0.0
1997-08-05,0.0,0.0,0.0,0.0,0.0,0.0
1997-08-06,0.0,0.0,0.0,0.0,0.0,0.0
1997-08-07,0.0,0.0,0.0,0.0,0.0,0.0
1997-08-08,0.0,0.0,0.0,0.0,0.0,0.0
1997-08-09,0.0,0.0,0.0,0.0,0.0,0.0
1997-08-10,0.0,0.0,0.0,0.0,0.0,0.0
1997-08-11,0.0,0.0,0.0,0.0,0.0,0.0
1997-08-12,0.0,0.0,0.0,0.0,0.0,0.0
1997-08-13,0.0,0.0,0.0,0.0,0.0,0.0
1997-08-14,0.0,0.0,0.0,0.0,0.0,0.0
1997-08-15,0.0,0.0,0.0,0.0,0.0,0.0
1997-08-16,0.0,0.0,0.0,0.0,0.0,0.0
1997-08-17,0.0,0.0,0.0,0.0,0.0,0.0
1997-08-18,0.0,0.0,0.0,0.0,0.0,0.0
1997-08-19,0.0,0.0,0.0,0.0,0.0,0.0
1997-08-20,0.0,0.0,0.0,0.0,0.0,0.0
1997-08-21,0.0,0.0,0.0,0.0,0.0,0.0
1997-08-22,0.0,0.0,0.0,0.0,0.0,0.0
1997-08-23,0.0,0.0,0.0,0.0,0.0,0.0
1997-08-24,0.0,0.0,0.0,0.0,0.0,0.0
1997-08-25,0.0,0.0,0.0,0.0,0.0,0.0
1997-08-26,0.0,0.0,0.0,0.0,0.0,0.0
1997-08-27,0.0,0.0,0.0,0.0,0.0,0.0
1997-08-28,0.0,0.0,0.0,0.0,0.0,0.0
1997-08-29,0.0,0.0,0.0,0.0,0.0,0.0
1997-08-30,0.0,0.0,0.0,0.0,0.0,0.0
1997-08-31,0.0,0.0,0.0,0.0,0.0,0.0
1997-09-01,0.0,0.0,0.0,0.0,0.0,0.0
1997-09-02,0.0,0.0,0.0,0.0,0.0,0.0
1997-09-03,0.0,0.0,0.0,0.0,0.0,0.0
1997-09-04,0.0,0.0,0.0,0.0,0.0,0.0
1997-09-05,0.0,0.0,0.0,0.0,0.0,0.0
1997-09-06,0.0,0.0,0.0,0.0,0.0,0.0
1997-09-07,0.0,0.0,0.0,0.0,0.0,0.0
1997-09-08,0.0,0.0,0.0,0.0,0.0,0.0
1997-09-09,0.0,0.0,0.0,0.0,0.0,0.0
1997-09-10,0.0,0.0,0.0,0.0,0.0,0.0
1997-09-11,0.0,0.0,0.0,0.0,0.0,0.0
1997-09-12,0.0,0.0,0.0,0.0,0.0,0.0
1997-09-13,0.0,0.0,0.0,0.0,0.0,0.0
1997-09-14,0.0,0.0,0.0,0.0,0.0,0.0
1997-09-15,0.0,0.0,-18.60000000000582,-0.0010000000000000009,-18.60000000000582,0.0
1997-09-16,0.0,0.0,-614.3999999999651,-0.03000000000000025,-614.3999999999651,0.0
1997-09-17,0.0,0.0,-1218.0000000000582,-0.07000000000000028,-1218.0000000000582,0.0
1997-09-18,0.0,0.029999999998835847,4.200000000004366,0.0,4.17000000000553,0.0
1997-09-19,0.0,0.0,0.0,0.0,0.0,0.0
1997-09-20,0.0,0.0,0.0,0.0,0.0,0.0
1997-09-21,0.0,0.0,0.0,0.0,0.0,0.0
1997-09-22,0.0,0.0,0.0,0.0,0.0,0.0
1997-09-23,0.0,0.0,0.0,0.0,0.0,0.0
1997-09-24,0.0,0.0,0.0,0.0,0.0,0.0
1997-09-25,0.0,0.0,0.0,0.0,0.0,0.0
1997-09-26,0.0,0.0,0.0,0.0,0.0,0.0
1997-09-27,0.0,0.0,0.0,0.0,0.0,0.0
1997-09-28,0.0,0.0,0.0,0.0,0.0,0.0
1997-09-29,0.0,-0.01999999999679858,0.0,0.0,0.01999999999679858,0.0
1997-09-30,0.0,0.0,0.0,0.0,0.0,0.0
1997-10-01,0.0,0.0,0.0,0.0,0.0,0.0
1997-10-02,0.0,0.0,0.0,0.0,0.0,0.0
1997-10-03,0.0,0.0,-1.8000000000029104,0.0,-1.8000000000029104,10.0
1997-10-04,0.0,0.0,-14.400000000001455,-0.0010000000000000009,-14.400000000001455,-10.0
1997-10-05,0.0,-0.00999999999476131,-0.5999999999985448,0.0,-0.5900000000037835,0.0
1997-10-06,0.0,0.0,0.0,0.0,0.0,0.0
1997-10-07,0.0,0.0,-10.80000000000291,-0.0010000000000000009,-10.80000000000291,-40.0
1997-10-08,0.0,0.029999999998835847,-23.40000000000873,-0.0010000000000000009,-23.430000000007567,0.0
1997-10-09,0.0,-0.03999999999359716,-8.400000000008731,-0.0010000000000000009,-8.360000000015134,-30.0
1997-10-10,0.0,0.0,-1.7999999999883585,0.0,-1.7999999999883585,0.0
1997-10-11,0.0,-0.01999999998952262,-34.80000000000291,-0.0020000000000000018,-34.78000000001339,0.0
1997-10-12,0.0,0.010000000009313226,-6.000000000014552,0.0,-6.010000000023865,20.0
1997-10-13,0.0,0.0,0.0,0.0,0.0,0.0
1997-10-14,0.0,0.0,0.0,0.0,0.0,0.0
1997-10-15,0.0,0.0,0.0,0.0,0.0,0.0
1997-10-16,0.0,0.0,0.0,0.0,0.0,0.0
1997-10-17,0.0,0.020000000004074536,0.0,0.0,-0.020000000004074536,0.0
1997-10-18,0.0,0.0,0.0,0.0,0.0,0.0
1997-10-19,0.0,0.01999999998952262,0.0,0.0,-0.01999999998952262,0.0
1997-10-20,0.0,0.0,0.0,0.0,0.0,0.0
1997-10-21,0.0,0.0,0.0,0.0,0.0,0.0
1997-10-22,0.0,0.0,0.0,0.0,0.0,0.0
1997-10-23,0.0,0.0,0.0,0.0,0.0,0.0
1997-10-24,0.0,0.0,0.0,0.0,0.0,0.0
1997-10-25,0.0,0.0,0.0,0.0,0.0,0.0
1997-10-26,0.0,0.0,0.0,0.0,0.0,0.0
1997-10-27,0.0,0.0,0.0,0.0,0.0,0.0
1997-10-28,0.0,0.0,0.0,0.0,0.0,0.0
1997-10-29,0.0,1.5,-2520.0000000001164,-0.10000000000000142,-2521.5000000001164,0.0
1997-10-30,0.0,-1.4399999999441206,-1764.0,0.0,-1762.5600000000559,20.0
1997-10-31,0.0,0.08000000000174623,-12.0,0.0,-12.080000000001746,0.0
1997-11-01,0.0,0.0,-6.0,0.0,-6.0,0.0
1997-11-02,0.0,0.0,0.0,0.0,0.0,0.0
1997-11-03,0.0,0.0,0.0,0.0,0.0,0.0
1997-11-04,0.0,0.0,0.0,0.0,0.0,0.0
1997-11-05,0.0,0.0,0.0,0.0,0.0,0.0
1997-11-06,0.0,0.0,0.0,0.0,0.0,0.0
1997-11-07,0.0,0.01999999998952262,-6.0,0.0,-6.019999999989523,10.0
1997-11-08,0.0,-0.029999999998835847,-6.000000000014552,0.0,-5.970000000015716,0.0
1997-11-09,0.0,0.0,0.0,0.0,0.0,0.0
1997-11-10,0.0,-0.10000000000582077,0.0,0.0,0.10000000000582077,0.0
1997-11-11,0.0,0.0,0.0,0.0,0.0,0.0
1997-11-12,0.0,0.0,0.0,0.0,0.0,0.0
1997-11-13,0.0,0.0,0.0,0.0,0.0,0.0
1997-11-14,0.0,0.0,0.0,0.0,0.0,0.0
1997-11-15,0.0,0.0,0.0,0.0,0.0,0.0
1997-11-16,0.0,0.0,0.0,0.0,0.0,0.0
1997-11-17,0.0,-0.020000000004074536,-6.0,0.0,-5.9799999999959255,0.0
1997-11-18,0.0,0.00999999999476131,0.0,0.0,-0.00999999999476131,0.0
1997-11-19,0.0,0.0,0.0,0.0,0.0,0.0
1997-11-20,0.0,0.0,-96.0000000000291,0.0,-96.0000000000291,90.0
1997-11-21,0.0,0.0,-12.000000000014552,0.0,-12.000000000014552,10.0
1997-11-22,0.0,0.0,-12.000000000029104,0.0,-12.000000000029104,10.0
1997-11-23,0.0,0.0,-137.9999999999709,-0.010000000000000231,-137.9999999999709,-30.0
1997-11-24,0.0,-0.029999999998835847,-42.0,0.0,-41.970000000001164,30.0
1997-11-25,0.0,0.0,-24.0,0.0,-24.0,10.0
1997-11-26,0.0,0.0,0.0,0.0,0.0,0.0
1997-11-27,0.0,0.00999999999476131,0.0,0.0,-0.00999999999476131,0.0
1997-11-28,0.0,0.0,0.0,0.0,0.0,0.0
1997-11-29,0.0,0.0,-5.999999999970896,0.0,-5.999999999970896,0.0
1997-11-30,0.0,0.0,-5.999999999970896,0.0,-5.999999999970896,0.0
1997-12-01,0.0,0.010000000009313226,0.0,0.0,-0.010000000009313226,0.0
1997-12-02,0.0,-0.010000000009313226,0.0,0.0,0.010000000009313226,0.0
1997-12-03,0.0,0.0,0.0,0.0,0.0,0.0
1997-12-04,0.0,0.0,0.0,0.0,0.0,0.0
1997-12-05,0.0,0.0,0.0,0.0,0.0,0.0
1997-12-06,0.0,0.0,0.0,0.0,0.0,0.0
1997-12-07,0.0,0.0,0.0,0.0,0.0,0.0
1997-12-08,0.0,0.0,0.0,0.0,0.0,0.0
1997-12-09,0.0,0.010000000009313226,-6.0,0.0,-6.010000000009313,0.0
1997-12-10,0.0,-0.04000000000814907,-18.0,0.0,-17.95999999999185,20.0
1997-12-11,0.0,0.04999999998835847,0.0,0.0,-0.04999999998835847,0.0
1997-12-12,0.0,0.0,0.0,0.0,0.0,0.0
1997-12-13,0.0,0.0,0.0,0.0,0.0,0.0
1997-12-14,0.0,0.0,0.0,0.0,0.0,0.0
1997-12-15,0.0,0.0,-42.0,0.0,-42.0,20.0
1997-12-16,0.0,4.75,-1284.0000000001164,0.0,-1288.7500000001164,30.0
1997-12-17,0.0,-4.459999999991851,-113.9999999999709,0.0,-109.53999999997905,0.0
1997-12-18,0.0,0.0,-66.0,0.0,-66.0,0.0
1997-12-19,0.0,0.0,-30.0,0.0,-30.0,10.0
1997-12-20,0.0,0.0,0.0,0.0,0.0,0.0
1997-12-21,0.0,0.0,0.0,0.0,0.0,0.0
1997-12-22,0.0,0.0,-6.0,0.0,-6.0,0.0
1997-12-23,0.0,0.0,-18.0,0.0,-18.0,10.0
1997-12-24,0.0,0.0,0.0,0.0,0.0,0.0
1997-12-25,0.0,0.0,-6.0,0.0,-6.0,0.0
1997-12-26,0.0,0.0,0.0,0.0,0.0,0.0
1997-12-27,0.0,0.0,0.0,0.0,0.0,0.0
1997-12-28,0.0,0.0,0.0,0.0,0.0,0.0
1997-12-29,0.0,0.9199999999837019,-6.0,0.0,-6.919999999983702,20.0
1997-12-30,0.0,-0.9399999999732245,-6.0,0.0,-5.0600000000267755,0.0
1997-12-31,0.0,1.9099999999743886,-36.0,0.0,-37.90999999997439,30.0
1998-01-01,0.0,-0.6999999999825377,-48.000000000029104,0.0,-47.300000000046566,10.0
1998-01-02,0.0,-1.1299999999755528,-36.0,-0.010000000000000009,-34.87000000002445,-10.0
1998-01-03,0.0,-0.01999999998952262,-12.0,0.0,-11.980000000010477,10.0
1998-01-04,0.0,0.029999999998835847,-18.000000000029104,0.0,-18.03000000002794,10.0
1998-01-05,0.0,0.06999999997788109,-36.0,0.0,-36.06999999997788,10.0
1998-01-06,0.0,-0.07999999998719431,-12.000000000029104,0.0,-11.92000000004191,0.0
1998-01-07,0.0,-0.010000000009313226,-12.0,0.0,-11.989999999990687,10.0
1998-01-08,0.0,0.0,0.0,0.0,0.0,0.0
1998-01-09,0.0,0.0,-12.0,0.0,-12.0,10.0
1998-01-10,0.0,-0.09999999997671694,-329.9999999999709,-0.009999999999999787,-329.8999999999942,0.0
1998-01-11,0.0,-0.01999999998952262,-168.0,0.0,-167.98000000001048,10.0
1998-01-12,0.0,0.20000000001164153,-113.9999999999709,-0.009999999999999787,-114.19999999998254,-20.0
1998-01-13,0.0,0.0,-462.0,-0.009999999999999787,-462.0,0.0
1998-01-14,0.0,1.889999999984866,-233.9999999999709,0.0,-235.88999999995576,10.0
1998-01-15,0.0,-2.0,-78.0,0.0,-76.0,0.0
1998-01-16,0.0,-0.029999999998835847,-264.0000000000291,0.0,-263.97000000003027,20.0
1998-01-17,0.0,13.559999999997672,-270.0,0.0,-283.5599999999977,60.0
1998-01-18,0.0,-1.099999999976717,-54.0,0.0,-52.90000000002328,30.0
1998-01-19,0.0,-10.400000000023283,-203.9999999999709,0.0,-193.5999999999476,0.0
1998-01-20,0.0,-2.139999999984866,-60.0,0.0,-57.860000000015134,10.0
1998-01-21,0.0,-0.08000000001629815,-144.0,-0.009999999999999787,-143.9199999999837,-70.0
1998-01-22,0.0,18.720000000030268,-150.0,-0.009999999999999787,-168.72000000003027,-150.0
1998-01-23,0.0,12.779999999969732,-294.0,0.0,-306.77999999996973,90.0
1998-01-24,0.0,-13.409999999974389,-215.9999999999418,0.0,-202.5899999999674,10.0
1998-01-25,0.0,-6.099999999976717,-156.0000000000582,0.0,-149.9000000000815,0.0
1998-01-26,0.0,-3.2800000000279397,-156.0,-0.009999999999999787,-152.71999999997206,-10.0
1998-01-27,0.0,-2.820000000006985,-83.9999999999709,0.0,-81.17999999996391,0.0
1998-01-28,0.0,3.3099999999976717,-132.0,0.0,-135.30999999999767,20.0
1998-01-29,0.0,0.4400000000023283,-119.99999999994179,0.0,-120.43999999994412,30.0
1998-01-30,0.0,-4.860000000015134,-36.0,0.0,-31.139999999984866,0.0
1998-01-31,0.0,-1.2600000000093132,-36.0,0.0,-34.73999999999069,0.0
1998-02-01,0.0,-1.0799999999871943,-162.0,-0.010000000000000231,-160.9200000000128,-150.0
1998-02-02,0.0,-1.8699999999953434,-89.9999999999709,0.0,-88.12999999997555,20.0
1998-02-03,0.0,0.6799999999930151,-48.0,0.0,-48.679999999993015,10.0
1998-02-04,0.0,1.1600000000034925,-48.0,0.0,-49.16000000000349,20.0
1998-02-05,0.0,-0.1900000000023283,-30.0,0.0,-29.80999999999767,10.0
1998-02-06,0.0,0.4400000000023283,-54.000000000029104,0.0,-54.44000000003143,20.0
1998-02-07,0.0,-1.9700000000011642,-59.999999999970896,0.0,-58.02999999996973,80.0
1998-02-08,0.0,0.11000000001513399,-17.999999999970896,0.0,-18.10999999998603,10.0
1998-02-09,0.0,-0.04000000000814907,-54.000000000029104,0.0,-53.960000000020955,10.0
1998-02-10,0.0,0.0500000000174623,-66.0,0.0,-66.05000000001746,20.0
1998-02-11,0.0,0.0,-101.9999999999709,0.0,-101.9999999999709,10.0
1998-02-12,0.0,4.340000000025611,-318.0,0.0,-322.3400000000256,30.0
1998-02-13,0.0,-4.279999999998836,-60.000000000029104,-0.010000000000000231,-55.72000000003027,-110.0
1998-02-14,0.0,-0.17000000001280569,-150.0,-0.010000000000000231,-149.8299999999872,-40.0
1998-02-15,0.0,0.17000000001280569,-36.000000000029104,-0.010000000000000231,-36.17000000004191,-140.0
1998-02-16,0.0,0.0,-53.99999999994179,0.0,-53.99999999994179,30.0
1998-02-17,0.0,0.4499999999825377,-53.999999999970896,0.0,-54.449999999953434,10.0
1998-02-18,0.0,-0.23999999999068677,-108.0,0.0,-107.76000000000931,30.0
1998-02-19,0.0,0.5,-90.0000000000291,-0.009999999999999787,-90.5000000000291,-70.0
1998-02-20,0.0,-0.1999999999825377,-288.0000000000582,-0.010000000000000231,-287.80000000007567,0.0
1998-02-21,0.0,0.7800000000279397,-582.0,-0.020000000000000462,-582.7800000000279,-10.0
1998-02-22,0.0,-1.389999999984866,-72.0,0.0,-70.61000000001513,0.0
1998-02-23,0.0,-0.029999999998835847,-102.0,-0.009999999999999787,-101.97000000000116,0.0
1998-02-24,0.0,0.0,-36.000000000029104,0.0,-36.000000000029104,10.0
1998-02-25,0.0,0.0500000000174623,-42.0,0.0,-42.05000000001746,20.0
1998-02-26,0.0,-0.04999999998835847,-36.000000000029104,-0.009999999999999787,-35.950000000040745,-10.0
1998-02-27,0.0,0.0,-23.999999999970896,-0.010000000000000231,-23.999999999970896,-60.0
1998-02-28,0.0,0.37000000005355105,-372.0,0.0,-372.37000000005355,110.0
1998-03-01,0.0,9.779999999969732,-234.0000000000582,-0.009999999999999787,-243.78000000002794,-20.0
1998-03-02,0.0,-10.28000000002794,-216.0,-0.010000000000000675,-205.71999999997206,-10.0
1998-03-03,0.0,-0.1900000000023283,-342.0,-0.009999999999999787,-341.8099999999977,-10.0
1998-03-04,0.0,0.0,-95.9999999999709,0.0,-95.9999999999709,20.0
1998-03-05,0.0,-0.010000000009313226,-36.0,0.0,-35.98999999999069,30.0
1998-03-06,0.0,0.01999999998952262,-36.0,0.0,-36.01999999998952,0.0
1998-03-07,0.0,0.0,-36.000000000029104,-0.009999999999999787,-36.000000000029104,-140.0
1998-03-08,0.0,0.0,-173.9999999999709,-0.010000000000000231,-173.9999999999709,-10.0
1998-03-09,0.0,1.2699999999895226,-23.999999999970896,0.0,-25.26999999996042,20.0
1998-03-10,0.0,-0.5,-30.0,-0.009999999999999787,-29.5,-110.0
1998-03-11,0.0,-0.3299999999871943,-35.999999999970896,0.0,-35.6699999999837,0.0
1998-03-12,0.0,-0.4400000000023283,-6.0,0.0,-5.559999999997672,0.0
1998-03-13,0.0,0.0,-6.0,0.0,-6.0,0.0
1998-03-14,0.0,0.0,-11.999999999970896,0.0,-11.999999999970896,0.0
1998-03-15,0.0,0.0,-12.0,0.0,-12.0,0.0
1998-03-16,0.0,0.0,-18.000000000029104,0.0,-18.000000000029104,0.0
1998-03-17,0.0,0.0,-24.0,0.0,-24.0,0.0
1998-03-18,0.0,0.0,0.0,0.0,0.0,0.0
1998-03-19,0.0,0.010000000009313226,0.0,0.0,-0.010000000009313226,0.0
1998-03-20,0.0,0.0,0.0,0.0,0.0,0.0
1998-03-21,0.0,0.0,-120.0,0.0,-120.0,30.0
1998-03-22,0.0,0.5399999999790452,-359.9999999999709,-0.010000000000000231,-360.53999999994994,10.0
1998-03-23,0.0,-0.5199999999895226,-102.0,0.0,-101.48000000001048,30.0
1998-03-24,0.0,-0.059999999997671694,-107.9999999999709,-0.009999999999999787,-107.93999999997322,-10.0
1998-03-25,0.0,0.0,-138.0,0.0,-138.0,50.0
1998-03-26,0.0,0.4200000000128057,-180.0000000000291,0.0,-180.4200000000419,30.0
1998-03-27,0.0,-0.5599999999976717,-48.000000000029104,0.0,-47.44000000003143,20.0
1998-03-28,0.0,0.0,-24.0,0.0,-24.0,0.0
1998-03-29,0.0,0.0,-12.000000000058208,0.0,-12.000000000058208,0.0
1998-03-30,0.0,0.0,-6.000000000029104,0.0,-6.000000000029104,10.0
1998-03-31,0.0,0.01999999998952262,-30.0,0.0,-30.019999999989523,10.0
1998-04-01,0.0,-0.01999999998952262,0.0,0.0,0.01999999998952262,0.0
1998-04-02,0.0,0.0,0.0,0.0,0.0,0.0
1998-04-03,0.0,0.0,0.0,0.0,0.0,0.0
1998-04-04,0.0,0.0,-6.000000000029104,0.0,-6.000000000029104,0.0
1998-04-05,0.0,0.0,0.0,0.0,0.0,0.0
1998-04-06,0.0,0.0,-6.000000000029104,0.0,-6.000000000029104,0.0
1998-04-07,0.0,0.0,-6.0,0.0,-6.0,20.0
1998-04-08,0.0,0.0,0.0,0.0,0.0,0.0
1998-04-09,0.0,0.0,-24.0,0.0,-24.0,20.0
1998-04-10,0.0,0.0,-102.0,0.0,-102.0,20.0
1998-04-11,0.0,0.010000000009313226,-12.0,0.0,-12.010000000009313,10.0
1998-04-12,0.0,0.0,-12.0,0.0,-12.0,10.0
1998-04-13,0.0,0.0,-36.000000000029104,0.0,-36.000000000029104,10.0
1998-04-14,0.0,0.0,-23.999999999970896,0.0,-23.999999999970896,10.0
1998-04-15,0.0,0.0,-12.0,0.0,-12.0,0.0
1998-04-16,0.0,0.0,-12.000000000029104,0.0,-12.000000000029104,0.0
1998-04-17,0.0,-0.029999999998835847,-6.0,0.0,-5.970000000001164,0.0
1998-04-18,0.0,-0.07999999998719431,-6.0,0.0,-5.920000000012806,0.0
1998-04-19,0.0,0.0,0.0,0.0,0.0,0.0
1998-04-20,0.0,0.0,0.0,0.0,0.0,0.0
1998-04-21,0.0,0.0,0.0,0.0,0.0,0.0
1998-04-22,0.0,0.0,0.0,0.0,0.0,0.0
1998-04-23,0.0,0.0,0.0,0.0,0.0,0.0
1998-04-24,0.0,0.0,-6.0,0.0,-6.0,10.0
1998-04-25,0.0,0.0,0.0,0.0,0.0,0.0
1998-04-26,0.0,0.01999999998952262,0.0,0.0,-0.01999999998952262,0.0
1998-04-27,0.0,-0.04999999998835847,0.0,0.0,0.04999999998835847,0.0
1998-04-28,0.0,0.0,0.0,0.0,0.0,0.0
1998-04-29,0.0,0.0,0.0,0.0,0.0,0.0
1998-04-30,0.0,0.0,0.0,0.0,0.0,0.0
1998-05-01,0.0,0.0,0.0,0.0,0.0,0.0
1998-05-02,0.0,0.0,0.0,0.0,0.0,0.0
1998-05-03,0.0,0.0,0.0,0.0,0.0,0.0
1998-05-04,0.0,0.0,0.0,0.0,0.0,0.0
1998-05-05,0.0,0.0,0.0,0.0,0.0,0.0
1998-05-06,0.0,0.01999999998952262,0.0,0.0,-0.01999999998952262,0.0
1998-05-07,0.0,0.0,0.0,0.0,0.0,0.0
1998-05-08,0.0,0.0,0.0,0.0,0.0,0.0
1998-05-09,0.0,0.00999999999476131,0.0,0.0,-0.00999999999476131,0.0
1998-05-10,0.0,-0.010000000009313226,0.0,0.0,0.010000000009313226,0.0
1998-05-11,0.0,0.0,0.0,0.0,0.0,0.0
1998-05-12,0.0,0.0,0.0,0.0,0.0,0.0
1998-05-13,0.0,0.0,-6.000000000014552,0.0,-6.000000000014552,0.0
1998-05-14,0.0,0.0,-30.0,0.0,-30.0,40.0
1998-05-15,0.0,0.0,0.0,0.0,0.0,0.0
1998-05-16,0.0,0.0,-47.99999999998545,0.0,-47.99999999998545,10.0
1998-05-17,0.0,-0.020000000004074536,-48.0,0.0,-47.979999999995925,10.0
1998-05-18,0.0,-0.00999999999476131,-18.0,0.0,-17.99000000000524,0.0
1998-05-19,0.0,0.04000000000814907,-90.0,-0.010000000000000009,-90.04000000000815,-80.0
1998-05-20,0.0,0.0,-137.9999999999709,0.0,-137.9999999999709,50.0
1998-05-21,0.0,0.0,-24.0,-0.010000000000000009,-24.0,-150.0
1998-05-22,0.0,-0.010000000009313226,-12.0,0.0,-11.989999999990687,0.0
1998-05-23,0.0,0.010000000009313226,0.0,0.0,-0.010000000009313226,0.0
1998-05-24,0.0,0.0,-138.0,0.0,-138.0,20.0
1998-05-25,0.0,0.0,-24.0,0.0,-24.0,10.0
1998-05-26,0.0,0.0,-17.999999999970896,0.0,-17.999999999970896,20.0
1998-05-27,0.0,0.0,0.0,0.0,0.0,0.0
1998-05-28,0.0,0.0,-6.0,0.0,-6.0,0.0
1998-05-29,0.0,-0.07999999998719431,-407.9999999999709,-0.009999999999999787,-407.9199999999837,10.0
1998-05-30,0.0,0.07000000000698492,-102.0000000000291,0.0,-102.07000000003609,40.0
1998-05-31,0.0,0.0,-12.0,-0.010000000000000009,-12.0,-140.0
1998-06-01,0.0,0.01999999998952262,-5.999999999970896,0.0,-6.019999999960419,0.0
1998-06-02,0.0,0.0,-6.0,0.0,-6.0,0.0
1998-06-03,0.0,-0.010000000009313226,0.0,0.0,0.010000000009313226,0.0
1998-06-04,0.0,0.0,0.0,0.0,0.0,0.0
1998-06-05,0.0,0.0,0.0,0.0,0.0,0.0
1998-06-06,0.0,0.0,0.0,0.0,0.0,0.0
1998-06-07,0.0,0.0,0.0,0.0,0.0,0.0
1998-06-08,0.0,0.0,0.0,0.0,0.0,0.0
1998-06-09,0.0,0.029999999998835847,0.0,0.0,-0.029999999998835847,0.0
1998-06-10,0.0,0.0,0.0,0.0,0.0,0.0
1998-06-11,0.0,0.0,0.0,0.0,0.0,0.0
1998-06-12,0.0,0.0,0.0,0.0,0.0,0.0
1998-06-13,0.0,-0.029999999998835847,0.0,0.0,0.029999999998835847,0.0
1998-06-14,0.0,0.0,0.0,0.0,0.0,0.0
1998-06-15,0.0,0.0,0.0,0.0,0.0,0.0
1998-06-16,0.0,0.0,0.0,0.0,0.0,0.0
1998-06-17,0.0,0.0,0.0,0.0,0.0,0.0
1998-06-18,0.0,0.0,0.0,0.0,0.0,0.0
1998-06-19,0.0,0.0,0.0,0.0,0.0,0.0
1998-06-20,0.0,0.0,0.0,0.0,0.0,0.0
1998-06-21,0.0,0.029999999998835847,0.0,0.0,-0.029999999998835847,0.0
1998-06-22,0.0,0.0,0.0,0.0,0.0,0.0
1998-06-23,0.0,0.0,0.0,0.0,0.0,0.0
1998-06-24,0.0,0.0,0.0,0.0,0.0,0.0
1998-06-25,0.0,-0.010000000009313226,-18.0,0.0,-17.989999999990687,0.0
1998-06-26,0.0,0.029999999998835847,0.0,0.0,-0.029999999998835847,0.0
1998-06-27,0.0,0.0,0.0,0.0,0.0,0.0
1998-06-28,0.0,0.0,0.0,0.0,0.0,0.0
1998-06-29,0.0,0.00999999999476131,0.0,0.0,-0.00999999999476131,0.0
1998-06-30,0.0,0.0,0.0,0.0,0.0,0.0
1998-07-01,0.0,0.0,0.0,0.0,0.0,0.0
1998-07-02,0.0,-0.010000000009313226,0.0,0.0,0.010000000009313226,0.0
1998-07-03,0.0,0.020000000004074536,0.0,0.0,-0.020000000004074536,0.0
1998-07-04,0.0,-0.11999999999534339,0.0,0.0,0.11999999999534339,0.0
1998-07-05,0.0,0.08000000000174623,0.0,0.0,-0.08000000000174623,0.0
1998-07-06,0.0,0.0,0.0,0.0,0.0,0.0
1998-07-07,0.0,0.0,0.0,0.0,0.0,0.0
1998-07-08,0.0,0.0,0.0,0.0,0.0,0.0
1998-07-09,0.0,0.0,0.0,0.0,0.0,0.0
1998-07-10,0.0,0.00999999999476131,0.0,0.0,-0.00999999999476131,0.0
1998-07-11,0.0,-0.029999999998835847,0.0,0.0,0.029999999998835847,0.0
1998-07-12,0.0,0.0,0.0,0.0,0.0,0.0
1998-07-13,0.0,0.0,0.0,0.0,0.0,0.0
1998-07-14,0.0,-0.020000000004074536,0.0,0.0,0.020000000004074536,0.0
1998-07-15,0.0,0.0,0.0,0.0,0.0,0.0
1998-07-16,0.0,0.0,0.0,0.0,0.0,0.0
1998-07-17,0.0,0.0,0.0,0.0,0.0,0.0
1998-07-18,0.0,0.0,0.0,0.0,0.0,0.0
1998-07-19,0.0,0.0,0.0,0.0,0.0,0.0
1998-07-20,0.0,0.0,-0.6000000000058208,0.0,-0.6000000000058208,0.0
1998-07-21,0.0,0.0,0.0,0.0,0.0,0.0
1998-07-22,0.0,0.0,0.0,0.0,0.0,0.0
1998-07-23,0.0,0.0,0.0,0.0,0.0,0.0
1998-07-24,0.0,0.0,0.0,0.0,0.0,0.0
1998-07-25,0.0,0.0,0.0,0.0,0.0,0.0
1998-07-26,0.0,0.0,0.0,0.0,0.0,0.0
1998-07-27,0.0,0.0,0.0,0.0,0.0,0.0
1998-07-28,0.0,0.010000000002037268,0.0,0.0,-0.010000000002037268,0.0
1998-07-29,0.0,0.0,0.5999999999985448,0.0,0.5999999999985448,0.0
1998-07-30,0.0,0.010000000002037268,0.0,0.0,-0.010000000002037268,0.0
1998-07-31,0.0,0.0,0.0,0.0,0.0,0.0
1998-08-01,0.0,0.0,0.0,0.0,0.0,0.0
1998-08-02,0.0,0.010000000002037268,0.0,0.0,-0.010000000002037268,0.0
1998-08-03,0.0,0.01999999999679858,-0.5999999999985448,0.0,-0.6199999999953434,0.0
1998-08-04,0.0,0.0,0.0,0.0,0.0,0.0
1998-08-05,0.0,0.0,0.0,0.0,0.0,0.0
1998-08-06,0.0,0.010000000002037268,0.0,0.0,-0.010000000002037268,0.0
1998-08-07,0.0,-0.010000000002037268,0.0,0.0,0.010000000002037268,0.0
1998-08-08,0.0,0.0,0.0,0.0,0.0,0.0
1998-08-09,0.0,0.0,-0.5999999999985448,0.0,-0.5999999999985448,0.0
1998-08-10,0.0,0.0,0.0,0.0,0.0,0.0
1998-08-11,0.0,0.0,0.0,0.0,0.0,0.0
1998-08-12,0.0,0.0,0.0,0.0,0.0,0.0
1998-08-13,0.0,0.0,0.0,0.0,0.0,0.0
1998-08-14,0.0,0.0,0.0,0.0,0.0,0.0
1998-08-15,0.0,0.0,0.0,0.0,0.0,0.0
1998-08-16,0.0,0.0,0.0,0.0,0.0,0.0
1998-08-17,0.0,0.0,0.0,0.0,0.0,0.0
1998-08-18,0.0,0.0,0.0,0.0,0.0,0.0
1998-08-19,0.0,0.0,0.0,0.0,0.0,0.0
1998-08-20,0.0,0.0,0.0,0.0,0.0,0.0
1998-08-21,0.0,0.0,0.0,0.0,0.0,0.0
1998-08-22,0.0,0.0,0.0,0.0,0.0,0.0
1998-08-23,0.0,0.0,0.0,0.0,0.0,0.0
1998-08-24,0.0,0.0,0.0,0.0,0.0,0.0
1998-08-25,0.0,0.0,0.0,0.0,0.0,0.0
1998-08-26,0.0,0.0,0.0,0.0,0.0,0.0
1998-08-27,0.0,0.0,0.0,0.0,0.0,0.0
1998-08-28,0.0,0.0,0.0,0.0,0.0,0.0
1998-08-29,0.0,0.0,0.0,0.0,0.0,0.0
1998-08-30,0.0,0.0,0.0,0.0,0.0,0.0
1998-08-31,0.0,0.0,0.0,0.0,0.0,0.0
1998-09-01,0.0,0.0,0.0,0.0,0.0,0.0
1998-09-02,0.0,0.0,0.0,0.0,0.0,0.0
1998-09-03,0.0,0.0,0.0,0.0,0.0,0.0
1998-09-04,0.0,0.0,0.0,0.0,0.0,0.0
1998-09-05,0.0,0.0,0.0,0.0,0.0,0.0
1998-09-06,0.0,0.0,0.0,0.0,0.0,0.0
1998-09-07,0.0,0.0,0.0,0.0,0.0,0.0
1998-09-08,0.0,0.0,0.0,0.0,0.0,0.0
1998-09-09,0.0,0.0,0.0,0.0,0.0,0.0
1998-09-10,0.0,0.0,0.0,0.0,0.0,0.0
1998-09-11,0.0,0.0,0.0,0.0,0.0,0.0
1998-09-12,0.0,0.0,0.0,0.0,0.0,0.0
1998-09-13,0.0,0.0,0.0,0.0,0.0,0.0
1998-09-14,0.0,0.0,0.0,0.0,0.0,0.0
1998-09-15,0.0,0.0,0.0,0.0,0.0,0.0
1998-09-16,0.0,0.0,0.0,0.0,0.0,0.0
1998-09-17,0.0,0.0,0.0,0.0,0.0,0.0
1998-09-18,0.0,-0.09000000001105946,-366.6000000000058,-0.009999999999999787,-366.50999999999476,10.0
1998-09-19,0.0,0.05000000000291038,1.1999999999970896,0.0,1.1499999999941792,0.0
1998-09-20,0.0,0.0,0.0,0.0,0.0,0.0
1998-09-21,0.0,0.0,0.0,0.0,0.0,0.0
1998-09-22,0.0,0.0,0.0,0.0,0.0,0.0
1998-09-23,0.0,-0.00999999999839929,0.0,0.0,0.00999999999839929,0.0
1998-09-24,0.0,0.0,0.0,0.0,0.0,0.0
1998-09-25,0.0,0.0,0.0,0.0,0.0,0.0
1998-09-26,0.0,0.0,0.0,0.0,0.0,0.0
1998-09-27,0.0,0.0,0.0,0.0,0.0,0.0
1998-09-28,0.0,0.0,0.0,0.0,0.0,0.0
1998-09-29,0.0,0.0,0.0,0.0,0.0,0.0
1998-09-30,0.0,0.0,0.0,0.0,0.0,0.0
1998-10-01,0.0,0.0,0.0,0.0,0.0,0.0
1998-10-02,0.0,0.0,0.0,0.0,0.0,0.0
1998-10-03,0.0,0.00999999999839929,0.0,0.0,-0.00999999999839929,0.0
1998-10-04,0.0,0.00999999999839929,0.0,0.0,-0.00999999999839929,0.0
1998-10-05,0.0,0.0,0.0,0.0,0.0,0.0
1998-10-06,0.0,0.0,0.0,0.0,0.0,0.0
1998-10-07,0.0,0.0,0.0,0.0,0.0,0.0
1998-10-08,0.0,0.0,0.0,0.0,0.0,0.0
1998-10-09,0.0,0.0,0.0,0.0,0.0,0.0
1998-10-10,0.0,0.0,0.0,0.0,0.0,0.0
1998-10-11,0.0,0.0,0.0,0.0,0.0,0.0
1998-10-12,0.0,0.0,0.0,0.0,0.0,0.0
1998-10-13,0.0,0.0,0.0,0.0,0.0,0.0
1998-10-14,0.0,0.0,0.0,0.0,0.0,0.0
1998-10-15,0.0,0.0,0.0,0.0,0.0,0.0
1998-10-16,0.0,0.0,0.0,0.0,0.0,0.0
1998-10-17,0.0,0.0,0.0,0.0,0.0,0.0
1998-10-18,0.0,0.0,0.0,0.0,0.0,0.0
1998-10-19,0.0,0.0,0.0,0.0,0.0,0.0
1998-10-20,0.0,0.0,0.0,0.0,0.0,0.0
1998-10-21,0.0,0.0,0.0,0.0,0.0,0.0
1998-10-22,0.0,0.0,0.0,0.0,0.0,0.0
1998-10-23,0.0,0.0,0.0,0.0,0.0,0.0
1998-10-24,0.0,0.0,0.0,0.0,0.0,0.0
1998-10-25,0.0,0.0,0.0,0.0,0.0,0.0
1998-10-26,0.0,0.0,0.0,0.0,0.0,0.0
1998-10-27,0.0,0.0,0.0,0.0,0.0,0.0
1998-10-28,0.0,0.0,0.0,0.0,0.0,0.0
1998-10-29,0.0,0.0,0.0,0.0,0.0,0.0
1998-10-30,0.0,0.0,0.0,0.0,0.0,0.0
1998-10-31,0.0,0.0,0.0,0.0,0.0,0.0
1998-11-01,0.0,0.0,0.0,0.0,0.0,0.0
1998-11-02,0.0,0.0,0.0,0.0,0.0,0.0
1998-11-03,0.0,0.0,0.0,0.0,0.0,0.0
1998-11-04,0.0,0.0,0.0,0.0,0.0,0.0
1998-11-05,0.0,0.0,0.0,0.0,0.0,0.0
1998-11-06,0.0,0.0,0.0,0.0,0.0,0.0
1998-11-07,0.0,0.0,0.0,0.0,0.0,0.0
1998-11-08,0.0,0.0,0.0,0.0,0.0,0.0
1998-11-09,0.0,0.0,0.0,0.0,0.0,0.0
1998-11-10,0.0,0.0,0.0,0.0,0.0,0.0
1998-11-11,0.0,0.0,0.0,0.0,0.0,0.0
1998-11-12,0.0,0.0,0.0,0.0,0.0,0.0
1998-11-13,0.0,0.0,0.0,0.0,0.0,0.0
1998-11-14,0.0,0.0,0.0,0.0,0.0,0.0
1998-11-15,0.0,0.0,0.0,0.0,0.0,0.0
1998-11-16,0.0,0.0,0.0,0.0,0.0,0.0
1998-11-17,0.0,0.0,0.0,0.0,0.0,0.0
1998-11-18,0.0,0.0,0.0,0.0,0.0,0.0
1998-11-19,0.0,0.0,-1.2000000000116415,0.0,-1.2000000000116415,0.0
1998-11-20,0.0,2.3699999999953434,-671.9999999999418,-0.019999999999999574,-674.3699999999371,-20.0
1998-11-21,0.0,-2.7399999999906868,-870.0,-0.02000000000000135,-867.2600000000093,0.0
1998-11-22,0.0,0.0,-48.000000000029104,0.0,-48.000000000029104,0.0
1998-11-23,0.0,0.0,-18.0,0.0,-18.0,0.0
1998-11-24,0.0,0.0,-60.00000000001455,0.0,-60.00000000001455,10.0
1998-11-25,0.0,0.0,-329.9999999999709,-0.009999999999999787,-329.9999999999709,0.0
1998-11-26,0.0,0.029999999998835847,-36.0,0.0,-36.029999999998836,0.0
1998-11-27,0.0,0.0,-6.0,0.0,-6.0,0.0
1998-11-28,0.0,0.0,-6.0,0.0,-6.0,0.0
1998-11-29,0.0,0.0,-18.000000000029104,0.0,-18.000000000029104,10.0
1998-11-30,0.0,-0.029999999998835847,-36.0,0.0,-35.970000000001164,20.0
1998-12-01,0.0,0.1300000000046566,-443.9999999999709,-0.009999999999999787,-444.12999999997555,0.0
1998-12-02,0.0,2.1299999998882413,-1242.0,-0.09999999999999964,-1244.1299999998882,-50.0
1998-12-03,0.0,-2.220000000001164,-42.000000000029104,-0.010000000000000231,-39.78000000002794,0.0
1998-12-04,0.0,0.01999999998952262,-66.0000000000291,-0.010000000000000009,-66.02000000001863,-80.0
1998-12-05,0.0,-0.01999999998952262,-120.0000000000291,0.0,-119.98000000003958,20.0
1998-12-06,0.0,-0.10999999998603016,-264.0000000000291,-0.009999999999999787,-263.8900000000431,0.0
1998-12-07,0.0,-0.059999999997671694,-179.9999999999709,-0.010000000000000231,-179.93999999997322,-10.0
1998-12-08,0.0,0.0,-54.0,-0.009999999999999787,-54.0,-100.0
1998-12-09,0.0,0.0,-12.0,0.0,-12.0,10.0
1998-12-10,0.0,0.0,-48.0,-0.010000000000000231,-48.0,-50.0
1998-12-11,0.0,15.069999999948777,-599.9999999999418,-0.010000000000000675,-615.0699999998906,0.0
1998-12-12,0.0,-11.25,-240.0,0.0,-228.75,0.0
1998-12-13,0.0,-2.279999999998836,-132.0,-0.010000000000000231,-129.72000000000116,-40.0
1998-12-14,0.0,-1.6400000000139698,-24.0,0.0,-22.35999999998603,40.0
1998-12-15,0.0,-0.04000000000814907,-18.0,0.0,-17.95999999999185,0.0
1998-12-16,0.0,-0.10999999998603016,-42.0,0.0,-41.89000000001397,30.0
1998-12-17,0.0,0.0,-18.0,0.0,-18.0,0.0
1998-12-18,0.0,0.0,-12.0,0.0,-12.0,0.0
1998-12-19,0.0,0.029999999998835847,-18.000000000029104,0.0,-18.03000000002794,0.0
1998-12-20,0.0,0.0,-6.0,0.0,-6.0,0.0
1998-12-21,0.0,0.0,-11.999999999970896,0.0,-11.999999999970896,0.0
1998-12-22,0.0,0.0,0.0,0.0,0.0,0.0
1998-12-23,0.0,0.0,0.0,0.0,0.0,0.0
1998-12-24,0.0,0.0,-12.0,0.0,-12.0,0.0
1998-12-25,0.0,0.01999999998952262,0.0,0.0,-0.01999999998952262,0.0
1998-12-26,0.0,1.1599999999743886,-180.0,0.0,-181.1599999999744,40.0
1998-12-27,0.0,97.0,-612.0,0.0,-709.0,30.0
1998-12-28,0.0,-23.240000000223517,-780.0,0.0,-756.7599999997765,0.0
1998-12-29,0.0,-35.43999999994412,-522.0,0.0,-486.5600000000559,0.0
1998-12-30,0.0,-23.80999999999767,-348.0,-0.009999999999999787,-324.1900000000023,0.0
1998-12-31,0.0,-0.8100000000558794,-690.0,-0.009999999999999787,-689.1899999999441,0.0
1999-01-01,0.0,-16.789999999979045,-60.00000000005821,-0.009999999999999787,-43.21000000007916,0.0
1999-01-02,0.0,0.04999999998835847,-60.0,0.0,-60.04999999998836,0.0
1999-01-03,0.0,0.27999999999883585,-30.0,0.0,-30.279999999998836,0.0
1999-01-04,0.0,-0.22999999998137355,-18.0,0.0,-17.770000000018626,0.0
1999-01-05,0.0,0.08000000001629815,-18.0,0.0,-18.080000000016298,0.0
1999-01-06,0.0,-0.10999999998603016,-12.0,0.0,-11.89000000001397,0.0
1999-01-07,0.0,0.11000000001513399,-12.0,0.0,-12.110000000015134,10.0
1999-01-08,0.0,-0.06999999997788109,-6.0,0.0,-5.930000000022119,0.0
1999-01-09,0.0,0.0,0.0,0.0,0.0,0.0
1999-01-10,0.0,0.0,-6.0,0.0,-6.0,0.0
1999-01-11,0.0,0.04000000000814907,-60.000000000029104,0.0,-60.04000000003725,60.0
1999-01-12,0.0,0.11000000001513399,-48.0,-0.009999999999999787,-48.110000000015134,-150.0
1999-01-13,0.0,-0.010000000009313226,-12.0,0.0,-11.989999999990687,0.0
1999-01-14,0.0,-0.04999999998835847,-306.0,-0.020000000000000018,-305.95000000001164,-20.0
1999-01-15,0.0,0.09000000002561137,-210.0000000000291,-0.009999999999999787,-210.09000000005472,-10.0
1999-01-16,0.0,-0.3099999999976717,-395.9999999999418,-0.009999999999999787,-395.6899999999441,0.0
1999-01-17,0.0,8.120000000111759,-2598.0,0.0,-2606.1200000001118,30.0
1999-01-18,0.0,-8.659999999974389,-708.0,-0.020000000000000462,-699.3400000000256,0.0
1999-01-19,0.0,0.9099999999743886,-647.9999999999418,-0.019999999999999574,-648.9099999999162,-20.0
1999-01-20,0.0,-0.30999999993946403,-1344.0,0.0,-1343.6900000000605,20.0
1999-01-21,0.0,-0.43999999994412065,-870.0000000000582,-0.02999999999999936,-869.5600000001141,0.0
1999-01-22,0.0,2.1899999999441206,-1133.9999999998836,0.0,-1136.1899999998277,40.0
1999-01-23,0.0,-2.6800000000512227,-210.0,-0.010000000000000675,-207.31999999994878,-30.0
1999-01-24,0.0,0.030000000027939677,-59.99999999994179,0.0,-60.02999999996973,10.0
1999-01-25,0.0,0.0,-47.99999999994179,0.0,-47.99999999994179,0.0
1999-01-26,0.0,0.0,-66.0,-0.009999999999999787,-66.0,0.0
1999-01-27,0.0,0.059999999997671694,-29.999999999970896,-0.009999999999999787,-30.059999999968568,-50.0
1999-01-28,0.0,0.09999999997671694,-36.00000000005821,0.0,-36.100000000034925,20.0
1999-01-29,0.0,0.39000000001396984,-66.0000000000291,-0.010000000000000231,-66.39000000004307,-90.0
1999-01-30,0.0,-0.12999999997555278,-96.0,-0.009999999999999787,-95.87000000002445,-130.0
1999-01-31,0.0,-0.20000000001164153,-89.9999999999709,0.0,-89.79999999995925,20.0
1999-02-01,0.0,0.0,-66.0,0.0,-66.0,30.0
1999-02-02,0.0,0.0,-282.0,-0.009999999999999787,-282.0,-10.0
1999-02-03,0.0,0.0,-156.0,0.0,-156.0,30.0
1999-02-04,0.0,0.1900000000023283,-42.0,0.0,-42.19000000000233,20.0
1999-02-05,0.0,-0.10999999998603016,-144.0000000000291,-0.009999999999999787,-143.89000000004307,-10.0
1999-02-06,0.0,2.6800000000512227,-1638.0,0.0,-1640.6800000000512,30.0
1999-02-07,0.0,-2.3400000000256114,-492.0000000000582,-0.010000000000000675,-489.6600000000326,20.0
1999-02-08,0.0,0.0,-402.0,-0.009999999999999787,-402.0,0.0
1999-02-09,0.0,0.0,-168.0,0.0,-168.0,30.0
1999-02-10,0.0,0.0,-102.0,0.0,-102.0,30.0
1999-02-11,0.0,0.0,-90.0,0.0,-90.0,20.0
1999-02-12,0.0,0.010000000009313226,-78.0,0.0,-78.01000000000931,30.0
1999-02-13,0.0,-0.01999999998952262,-17.999999999970896,0.0,-17.979999999981374,0.0
1999-02-14,0.0,-0.010000000009313226,-18.000000000029104,0.0,-17.99000000001979,10.0
1999-02-15,0.0,0.0,-101.9999999999709,-0.010000000000000231,-101.9999999999709,-150.0
1999-02-16,0.0,0.07999999998719431,-186.0000000000291,-0.009999999999999787,-186.0800000000163,-20.0
1999-02-17,0.0,-0.029999999969732016,-186.0,-0.010000000000000231,-185.97000000003027,-20.0
1999-02-18,0.0,0.34000000002561137,-948.0,-0.030000000000001137,-948.3400000000256,-10.0
1999-02-19,0.0,-0.17999999999301508,-276.0,-0.03000000000000025,-275.820000000007,0.0
1999-02-20,0.0,-0.1300000000046566,-168.0,-0.020000000000000018,-167.86999999999534,0.0
1999-02-21,0.0,0.9599999999918509,-36.000000000029104,-0.009999999999999787,-36.960000000020955,-60.0
1999-02-22,0.0,9.679999999993015,-389.9999999999418,-0.009999999999999787,-399.6799999999348,0.0
1999-02-23,0.0,12.630000000004657,-1050.0,0.0,-1062.6300000000047,20.0
1999-02-24,0.0,-11.31000000005588,-1008.0,-0.02999999999999936,-996.6899999999441,-10.0
1999-02-25,0.0,-11.909999999974389,-263.9999999999418,-0.009999999999999787,-252.0899999999674,0.0
1999-02-26,0.0,-0.40999999997438863,-318.0,-0.02999999999999936,-317.5900000000256,0.0
1999-02-27,0.0,-0.5,-1296.0,0.0,-1295.5,0.0
1999-02-28,0.0,1.1899999999441206,-1103.9999999998836,-0.09999999999999964,-1105.1899999998277,-60.0
1999-03-01,0.0,-1.3199999999487773,-516.0000000000582,-0.009999999999999787,-514.6800000001094,20.0
1999-03-02,0.0,-0.3099999999976717,-504.0,-0.019999999999999574,-503.6900000000023,-20.0
1999-03-03,0.0,0.6299999998882413,-786.0,0.0,-786.6299999998882,20.0
1999-03-04,0.0,-0.5900000000256114,-275.9999999999418,-0.009999999999999787,-275.4099999999162,0.0
1999-03-05,0.0,0.0,-101.99999999994179,-0.009999999999999787,-101.99999999994179,-50.0
1999-03-06,0.0,0.0,-96.0,0.0,-96.0,0.0
1999-03-07,0.0,0.0,-17.999999999970896,0.0,-17.999999999970896,0.0
1999-03-08,0.0,0.0,-120.0,0.0,-120.0,30.0
1999-03-09,0.0,0.029999999998835847,-24.0,0.0,-24.029999999998836,0.0
1999-03-10,0.0,0.0,-24.000000000058208,0.0,-24.000000000058208,0.0
1999-03-11,0.0,-0.029999999998835847,-6.0,0.0,-5.970000000001164,0.0
1999-03-12,0.0,0.0,-101.9999999999709,0.0,-101.9999999999709,30.0
1999-03-13,0.0,1.8100000000267755,-89.9999999999709,-0.010000000000000231,-91.80999999999767,-80.0
1999-03-14,0.0,-1.6099999999860302,-78.0,-0.009999999999999787,-76.39000000001397,-110.0
1999-03-15,0.0,-0.139999999984866,-30.0,0.0,-29.860000000015134,10.0
1999-03-16,0.0,0.0,-30.0,0.0,-30.0,0.0
1999-03-17,0.0,0.0,-6.000000000029104,0.0,-6.000000000029104,0.0
1999-03-18,0.0,0.0,0.0,0.0,0.0,0.0
1999-03-19,0.0,0.2600000000093132,0.0,0.0,-0.2600000000093132,0.0
1999-03-20,0.0,-0.3699999999953434,0.0,0.0,0.3699999999953434,0.0
1999-03-21,0.0,0.0,0.0,0.0,0.0,0.0
1999-03-22,0.0,0.0,-6.0,0.0,-6.0,0.0
1999-03-23,0.0,0.0,0.0,0.0,0.0,0.0
1999-03-24,0.0,0.0,0.0,0.0,0.0,0.0
1999-03-25,0.0,0.0,-6.0,0.0,-6.0,10.0
1999-03-26,0.0,0.17000000001280569,-36.000000000029104,0.0,-36.17000000004191,20.0
1999-03-27,0.0,-0.08000000001629815,-48.000000000029104,0.0,-47.920000000012806,10.0
1999-03-28,0.0,0.0,-156.0,-0.009999999999999787,-156.0,-10.0
1999-03-29,0.0,2.099999999976717,-342.0000000000582,-0.009999999999999787,-344.1000000000349,-10.0
1999-03-30,0.0,-2.070000000006985,-102.0,0.0,-99.92999999999302,20.0
1999-03-31,0.0,-0.14999999999417923,-66.0,0.0,-65.85000000000582,30.0
1999-04-01,0.0,0.0,-48.0,-0.010000000000000231,-48.0,-100.0
1999-04-02,0.0,0.010000000009313226,-77.9999999999709,-0.009999999999999787,-78.00999999998021,-30.0
1999-04-03,0.0,-0.01999999998952262,-132.0,0.0,-131.98000000001048,20.0
1999-04-04,0.0,0.010000000009313226,-108.00000000005821,-0.010000000000000231,-108.01000000006752,-50.0
1999-04-05,0.0,-0.029999999998835847,-42.0,0.0,-41.970000000001164,30.0
1999-04-06,0.0,0.0,-6.000000000029104,0.0,-6.000000000029104,0.0
1999-04-07,0.0,0.0,-6.0,0.0,-6.0,0.0
1999-04-08,0.0,0.0,-77.9999999999709,0.0,-77.9999999999709,20.0
1999-04-09,0.0,0.0,-18.0,0.0,-18.0,10.0
1999-04-10,0.0,0.0,-53.999999999970896,0.0,-53.999999999970896,0.0
1999-04-11,0.0,0.0,0.0,0.0,0.0,0.0
1999-04-12,0.0,0.0,0.0,0.0,0.0,0.0
1999-04-13,0.0,0.0,0.0,0.0,0.0,0.0
1999-04-14,0.0,-0.01999999998952262,0.0,0.0,0.01999999998952262,0.0
1999-04-15,0.0,0.029999999998835847,0.0,0.0,-0.029999999998835847,0.0
1999-04-16,0.0,0.0,0.0,0.0,0.0,0.0
1999-04-17,0.0,0.0,0.0,0.0,0.0,0.0
1999-04-18,0.0,0.0,0.0,0.0,0.0,0.0
1999-04-19,0.0,0.0,0.0,0.0,0.0,0.0
1999-04-20,0.0,0.0,0.0,0.0,0.0,0.0
1999-04-21,0.0,0.0,0.0,0.0,0.0,0.0
1999-04-22,0.0,0.0,0.0,0.0,0.0,0.0
1999-04-23,0.0,-0.01999999998952262,0.0,0.0,0.01999999998952262,0.0
1999-04-24,0.0,0.029999999998835847,0.0,0.0,-0.029999999998835847,0.0
1999-04-25,0.0,0.0,0.0,0.0,0.0,0.0
1999-04-26,0.0,0.0,0.0,0.0,0.0,0.0
1999-04-27,0.0,0.0,-12.0,0.0,-12.0,0.0
1999-04-28,0.0,0.0,0.0,0.0,0.0,0.0
1999-04-29,0.0,0.0,0.0,0.0,0.0,0.0
1999-04-30,0.0,0.0,0.0,0.0,0.0,0.0
1999-05-01,0.0,0.0,-18.0,0.0,-18.0,10.0
1999-05-02,0.0,0.0,-107.9999999999709,0.0,-107.9999999999709,10.0
1999-05-03,0.0,0.0,-941.9999999998836,-0.040000000000000036,-941.9999999998836,0.0
1999-05-04,0.0,0.11999999999534339,-486.0,-0.009999999999999787,-486.11999999999534,0.0
1999-05-05,0.0,0.0,-66.0,0.0,-66.0,0.0
1999-05-06,0.0,0.0,-156.0,0.0,-156.0,30.0
1999-05-07,0.0,0.0,-168.0,-0.029999999999999805,-168.0,0.0
1999-05-08,0.0,0.0,-78.0,-0.010000000000000231,-78.0,0.0
1999-05-09,0.0,0.0,-5.999999999970896,0.0,-5.999999999970896,0.0
1999-05-10,0.0,0.0,-24.000000000058208,0.0,-24.000000000058208,0.0
1999-05-11,0.0,0.8599999999860302,-6.0,0.0,-6.85999999998603,0.0
1999-05-12,0.0,-0.9500000000116415,-36.0,0.0,-35.04999999998836,10.0
1999-05-13,0.0,-0.04999999998835847,-53.999999999970896,0.0,-53.94999999998254,20.0
1999-05-14,0.0,0.0,-53.999999999970896,0.0,-53.999999999970896,10.0
1999-05-15,0.0,0.0,-30.0,0.0,-30.0,20.0
1999-05-16,0.0,0.0,-6.0,0.0,-6.0,0.0
1999-05-17,0.0,0.0,-528.0,-0.009999999999999787,-528.0,10.0
1999-05-18,0.0,0.0,-60.0,0.0,-60.0,10.0
1999-05-19,0.0,-0.01999999998952262,-53.999999999970896,0.0,-53.97999999998137,60.0
1999-05-20,0.0,0.0,-6.0,0.0,-6.0,0.0
1999-05-21,0.0,-0.059999999997671694,0.0,0.0,0.059999999997671694,0.0
1999-05-22,0.0,0.0,0.0,0.0,0.0,0.0
1999-05-23,0.0,0.0,0.0,0.0,0.0,0.0
1999-05-24,0.0,0.0,0.0,0.0,0.0,0.0
1999-05-25,0.0,0.0,0.0,0.0,0.0,0.0
1999-05-26,0.0,0.0,0.0,0.0,0.0,0.0
1999-05-27,0.0,0.0,0.0,0.0,0.0,0.0
1999-05-28,0.0,0.0,0.0,0.0,0.0,0.0
1999-05-29,0.0,0.0,0.0,0.0,0.0,0.0
1999-05-30,0.0,0.0,0.0,0.0,0.0,0.0
1999-05-31,0.0,0.0,0.0,0.0,0.0,0.0
1999-06-01,0.0,0.0,0.0,0.0,0.0,0.0
1999-06-02,0.0,0.0,0.0,0.0,0.0,0.0
1999-06-03,0.0,0.0,0.0,0.0,0.0,0.0
1999-06-04,0.0,0.0,0.0,0.0,0.0,0.0
1999-06-05,0.0,0.0,0.0,0.0,0.0,0.0
1999-06-06,0.0,0.0,-6.000000000029104,0.0,-6.000000000029104,0.0
1999-06-07,0.0,0.0,0.0,0.0,0.0,0.0
1999-06-08,0.0,0.0,0.0,0.0,0.0,0.0
1999-06-09,0.0,0.0,0.0,0.0,0.0,0.0
1999-06-10,0.0,0.0,0.0,0.0,0.0,0.0
1999-06-11,0.0,0.0,0.0,0.0,0.0,0.0
1999-06-12,0.0,0.0,0.0,0.0,0.0,0.0
1999-06-13,0.0,0.0,0.0,0.0,0.0,0.0
1999-06-14,0.0,0.0,0.0,0.0,0.0,0.0
1999-06-15,0.0,0.0,0.0,0.0,0.0,0.0
1999-06-16,0.0,0.0,0.0,0.0,0.0,0.0
1999-06-17,0.0,-0.029999999998835847,0.0,0.0,0.029999999998835847,0.0
1999-06-18,0.0,0.0,0.0,0.0,0.0,0.0
1999-06-19,0.0,0.0,0.0,0.0,0.0,0.0
1999-06-20,0.0,0.0,0.0,0.0,0.0,0.0
1999-06-21,0.0,0.0,0.0,0.0,0.0,0.0
1999-06-22,0.0,0.0,0.0,0.0,0.0,0.0
1999-06-23,0.0,0.0,0.0,0.0,0.0,0.0
1999-06-24,0.0,0.0,-42.0,0.0,-42.0,0.0
1999-06-25,0.0,0.0,-54.000000000029104,-0.009999999999999787,-54.000000000029104,-20.0
1999-06-26,0.0,0.029999999998835847,0.0,0.0,-0.029999999998835847,0.0
1999-06-27,0.0,0.0,0.0,0.0,0.0,0.0
1999-06-28,0.0,-0.010000000009313226,0.0,0.0,0.010000000009313226,0.0
1999-06-29,0.0,0.0,0.0,0.0,0.0,0.0
1999-06-30,0.0,0.0,0.0,0.0,0.0,0.0
1999-07-01,0.0,0.0,0.0,0.0,0.0,0.0
1999-07-02,0.0,0.01999999998952262,0.0,0.0,-0.01999999998952262,0.0
1999-07-03,0.0,0.0,0.0,0.0,0.0,0.0
1999-07-04,0.0,0.010000000009313226,-12.000000000014552,0.0,-12.010000000023865,0.0
1999-07-05,0.0,-0.00999999999476131,0.0,0.0,0.00999999999476131,0.0
1999-07-06,0.0,0.0,0.0,0.0,0.0,0.0
1999-07-07,0.0,0.0,0.0,0.0,0.0,0.0
1999-07-08,0.0,-0.04000000000814907,0.0,0.0,0.04000000000814907,0.0
1999-07-09,0.0,0.0,0.0,0.0,0.0,0.0
1999-07-10,0.0,0.0,0.0,0.0,0.0,0.0
1999-07-11,0.0,0.0,0.0,0.0,0.0,0.0
1999-07-12,0.0,-0.029999999998835847,0.0,0.0,0.029999999998835847,0.0
1999-07-13,0.0,0.059999999997671694,0.0,0.0,-0.059999999997671694,0.0
1999-07-14,0.0,-0.01999999998952262,0.0,0.0,0.01999999998952262,0.0
1999-07-15,0.0,0.0,0.0,0.0,0.0,0.0
1999-07-16,0.0,0.0,0.0,0.0,0.0,0.0
1999-07-17,0.0,0.0,0.0,0.0,0.0,0.0
1999-07-18,0.0,0.0,0.0,0.0,0.0,0.0
1999-07-19,0.0,0.0,0.0,0.0,0.0,0.0
1999-07-20,0.0,0.0,0.0,0.0,0.0,0.0
1999-07-21,0.0,0.020000000004074536,0.0,0.0,-0.020000000004074536,0.0
1999-07-22,0.0,0.010000000009313226,0.0,0.0,-0.010000000009313226,0.0
1999-07-23,0.0,0.0,0.0,0.0,0.0,0.0
1999-07-24,0.0,0.0,0.0,0.0,0.0,0.0
1999-07-25,0.0,0.0,0.0,0.0,0.0,0.0
1999-07-26,0.0,-0.029999999998835847,0.0,0.0,0.029999999998835847,0.0
1999-07-27,0.0,0.0,0.0,0.0,0.0,0.0
1999-07-28,0.0,0.0,0.0,0.0,0.0,0.0
1999-07-29,0.0,0.0,0.0,0.0,0.0,0.0
1999-07-30,0.0,0.0,0.0,0.0,0.0,0.0
1999-07-31,0.0,0.0,0.6000000000058208,0.0,0.6000000000058208,0.0
1999-08-01,0.0,0.0,0.0,0.0,0.0,0.0
1999-08-02,0.0,0.0,0.0,0.0,0.0,0.0
1999-08-03,0.0,0.0,0.0,0.0,0.0,0.0
1999-08-04,0.0,0.0,0.0,0.0,0.0,0.0
1999-08-05,0.0,0.0,0.0,0.0,0.0,0.0
1999-08-06,0.0,-0.010000000009313226,0.0,0.0,0.010000000009313226,0.0
1999-08-07,0.0,0.0,0.0,0.0,0.0,0.0
1999-08-08,0.0,0.0,0.0,0.0,0.0,0.0
1999-08-09,0.0,0.0,0.0,0.0,0.0,0.0
1999-08-10,0.0,0.0,0.0,0.0,0.0,0.0
1999-08-11,0.0,0.0,-0.6000000000058208,0.0,-0.6000000000058208,0.0
1999-08-12,0.0,0.0,0.0,0.0,0.0,0.0
1999-08-13,0.0,0.0,0.0,0.0,0.0,0.0
1999-08-14,0.0,0.0,0.0,0.0,0.0,0.0
1999-08-15,0.0,0.0,0.0,0.0,0.0,0.0
1999-08-16,0.0,0.0,0.0,0.0,0.0,0.0
1999-08-17,0.0,0.0,0.0,0.0,0.0,0.0
1999-08-18,0.0,0.0,0.0,0.0,0.0,0.0
1999-08-19,0.0,0.010000000002037268,0.0,0.0,-0.010000000002037268,0.0
1999-08-20,0.0,0.0,0.0,0.0,0.0,0.0
1999-08-21,0.0,0.0,0.0,0.0,0.0,0.0
1999-08-22,0.0,0.0,0.0,0.0,0.0,0.0
1999-08-23,0.0,0.0,0.0,0.0,0.0,0.0
1999-08-24,0.0,0.0,0.0,0.0,0.0,0.0
1999-08-25,0.0,0.0,0.0,0.0,0.0,0.0
1999-08-26,0.0,0.0,0.0,0.0,0.0,0.0
1999-08-27,0.0,0.0,0.0,0.0,0.0,0.0
1999-08-28,0.0,0.0,0.0,0.0,0.0,0.0
1999-08-29,0.0,0.0,0.0,0.0,0.0,0.0
1999-08-30,0.0,0.0,0.0,0.0,0.0,0.0
1999-08-31,0.0,0.0,0.0,0.0,0.0,0.0
1999-09-01,0.0,0.0,0.0,0.0,0.0,0.0
1999-09-02,0.0,0.0,0.0,0.0,0.0,0.0
1999-09-03,0.0,0.0,0.0,0.0,0.0,0.0
1999-09-04,0.0,0.0,0.0,0.0,0.0,0.0
1999-09-05,0.0,0.0,0.0,0.0,0.0,0.0
1999-09-06,0.0,0.0,0.0,0.0,0.0,0.0
1999-09-07,0.0,0.0,0.0,0.0,0.0,0.0
1999-09-08,0.0,0.0,0.0,0.0,0.0,0.0
1999-09-09,0.0,0.0,0.0,0.0,0.0,0.0
1999-09-10,0.0,0.0,0.0,0.0,0.0,0.0
1999-09-11,0.0,0.0,0.0,0.0,0.0,0.0
1999-09-12,0.0,0.0,0.0,0.0,0.0,0.0
1999-09-13,0.0,0.0,0.0,0.0,0.0,0.0
1999-09-14,0.0,0.0,0.0,0.0,0.0,0.0
1999-09-15,0.0,0.0,0.0,0.0,0.0,0.0
1999-09-16,0.0,0.0,0.0,0.0,0.0,0.0
1999-09-17,0.0,0.0,0.0,0.0,0.0,0.0
1999-09-18,0.0,0.0,0.0,0.0,0.0,0.0
1999-09-19,0.0,0.0,0.0,0.0,0.0,0.0
1999-09-20,0.0,0.0,0.0,0.0,0.0,0.0
1999-09-21,0.0,0.0,0.0,0.0,0.0,0.0
1999-09-22,0.0,0.0,0.0,0.0,0.0,0.0
1999-09-23,0.0,0.0,0.0,0.0,0.0,0.0
1999-09-24,0.0,0.0,0.0,0.0,0.0,0.0
1999-09-25,0.0,0.0,0.0,0.0,0.0,0.0
1999-09-26,0.0,0.0,0.0,0.0,0.0,0.0
1999-09-27,0.0,0.0,0.0,0.0,0.0,0.0
1999-09-28,0.0,0.0,0.0,0.0,0.0,0.0
1999-09-29,0.0,0.0,0.0,0.0,0.0,0.0
1999-09-30,0.0,0.0,0.0,0.0,0.0,0.0
1999-10-01,0.0,0.0,0.0,0.0,0.0,0.0
1999-10-02,0.0,0.0,0.0,0.0,0.0,0.0
1999-10-03,0.0,0.0,0.0,0.0,0.0,0.0
1999-10-04,0.0,0.0,0.0,0.0,0.0,0.0
1999-10-05,0.0,0.0,0.0,0.0,0.0,0.0
1999-10-06,0.0,0.0,0.0,0.0,0.0,0.0
1999-10-07,0.0,0.0,0.0,0.0,0.0,0.0
1999-10-08,0.0,0.0,0.0,0.0,0.0,0.0
1999-10-09,0.0,0.0,0.0,0.0,0.0,0.0
1999-10-10,0.0,0.0,0.0,0.0,0.0,0.0
1999-10-11,0.0,0.0,0.0,0.0,0.0,0.0
1999-10-12,0.0,0.0,0.0,0.0,0.0,0.0
1999-10-13,0.0,0.0,0.0,0.0,0.0,0.0
1999-10-14,0.0,0.0,0.0,0.0,0.0,0.0
1999-10-15,0.0,0.0,0.0,0.0,0.0,0.0
1999-10-16,0.0,0.0,0.0,0.0,0.0,0.0
1999-10-17,0.0,0.0,0.0,0.0,0.0,0.0
1999-10-18,0.0,0.0,0.0,0.0,0.0,0.0
1999-10-19,0.0,0.0,0.0,0.0,0.0,0.0
1999-10-20,0.0,0.0,0.0,0.0,0.0,0.0
1999-10-21,0.0,0.0,0.0,0.0,0.0,0.0
1999-10-22,0.0,0.0,0.0,0.0,0.0,0.0
1999-10-23,0.0,0.0,0.0,0.0,0.0,0.0
1999-10-24,0.0,0.0,0.0,0.0,0.0,0.0
1999-10-25,0.0,0.0,0.0,0.0,0.0,0.0
1999-10-26,0.0,0.0,0.0,0.0,0.0,0.0
1999-10-27,0.0,0.0,0.0,0.0,0.0,0.0
1999-10-28,0.0,0.0,-133.19999999998254,-0.009999999999999787,-133.19999999998254,-10.0
1999-10-29,0.0,0.020000000000436557,2.400000000001455,0.0,2.3800000000010186,0.0
1999-10-30,0.0,0.0,0.0,0.0,0.0,0.0
1999-10-31,0.0,0.0,0.0,0.0,0.0,0.0
1999-11-01,0.0,0.0,0.0,0.0,0.0,0.0
1999-11-02,0.0,0.0,0.0,0.0,0.0,0.0
1999-11-03,0.0,0.0,0.0,0.0,0.0,0.0
1999-11-04,0.0,0.0,0.0,0.0,0.0,0.0
1999-11-05,0.0,0.0,0.0,0.0,0.0,0.0
1999-11-06,0.0,0.0,0.0,0.0,0.0,0.0
1999-11-07,0.0,0.0,0.0,0.0,0.0,0.0
1999-11-08,0.0,0.0,0.0,0.0,0.0,0.0
1999-11-09,0.0,0.0,0.0,0.0,0.0,0.0
1999-11-10,0.0,-0.00999999999839929,0.0,0.0,0.00999999999839929,0.0
1999-11-11,0.0,0.00999999999839929,0.0,0.0,-0.00999999999839929,0.0
1999-11-12,0.0,0.06999999999970896,-10.80000000000291,-0.0010000000000000009,-10.87000000000262,-30.0
1999-11-13,0.0,-0.06000000000130967,0.0,0.0,0.06000000000130967,0.0
1999-11-14,0.0,0.0,0.0,0.0,0.0,0.0
1999-11-15,0.0,0.0,0.0,0.0,0.0,0.0
1999-11-16,0.0,0.0,0.0,0.0,0.0,0.0
1999-11-17,0.0,-0.010000000002037268,0.0,0.0,0.010000000002037268,0.0
1999-11-18,0.0,0.0,0.0,0.0,0.0,0.0
1999-11-19,0.0,0.01999999999679858,0.0,0.0,-0.01999999999679858,0.0
1999-11-20,0.0,0.0,0.6000000000058208,0.0,0.6000000000058208,0.0
1999-11-21,0.0,0.0,-10.200000000011642,0.0,-10.200000000011642,20.0
1999-11-22,0.0,-0.03999999999359716,-1.8000000000029104,0.0,-1.7600000000093132,10.0
1999-11-23,0.0,0.0,-1.8000000000029104,0.0,-1.8000000000029104,10.0
1999-11-24,0.0,0.0,-366.0,-0.009999999999999787,-366.0,0.0
1999-11-25,0.0,16.75,-3840.0,0.0,-3856.75,90.0
1999-11-26,0.0,-16.69000000000233,-534.0,-0.009999999999999787,-517.3099999999977,0.0
1999-11-27,0.0,-0.11999999999534339,0.0,0.0,0.11999999999534339,0.0
1999-11-28,0.0,0.0,0.0,0.0,0.0,0.0
1999-11-29,0.0,0.0,0.0,0.0,0.0,0.0
1999-11-30,0.0,0.0,-11.999999999985448,0.0,-11.999999999985448,10.0
1999-12-01,0.0,0.04000000000814907,-18.0,0.0,-18.04000000000815,10.0
1999-12-02,0.0,2.349999999976717,-894.0,-0.020000000000000462,-896.3499999999767,-10.0
1999-12-03,0.0,-2.4500000000116415,-12.0,0.0,-9.549999999988358,0.0
1999-12-04,0.0,-0.010000000009313226,0.0,0.0,0.010000000009313226,0.0
1999-12-05,0.0,0.0,-42.0,-0.010000000000000009,-42.0,-100.0
1999-12-06,0.0,0.04000000000814907,-162.0,0.0,-162.04000000000815,20.0
1999-12-07,0.0,1.9399999999441206,-1277.9999999998836,0.0,-1279.9399999998277,40.0
1999-12-08,0.0,-1.9700000000011642,-66.0,0.0,-64.02999999999884,0.0
1999-12-09,0.0,0.059999999997671694,-78.0,0.0,-78.05999999999767,10.0
1999-12-10,0.0,-0.139999999984866,-48.0,-0.009999999999999787,-47.860000000015134,-50.0
1999-12-11,0.0,-0.04000000000814907,-102.0,0.0,-101.95999999999185,20.0
1999-12-12,0.0,-0.25,-282.0,-0.009999999999999787,-281.75,-10.0
1999-12-13,0.0,0.059999999997671694,-282.0,-0.009999999999999787,-282.0599999999977,-10.0
1999-12-14,0.0,0.16999999998370185,-258.0,-0.009999999999999787,-258.1699999999837,-10.0
1999-12-15,0.0,0.2800000000279397,-798.0000000000582,-0.02000000000000135,-798.2800000000861,0.0
1999-12-16,0.0,-0.6899999999441206,-750.0,0.0,-749.3100000000559,10.0
1999-12-17,0.0,0.25,-1391.9999999998836,-0.09999999999999964,-1392.2499999998836,-40.0
1999-12-18,0.0,-0.1900000000023283,-702.0000000000582,-0.020000000000000462,-701.8100000000559,0.0
1999-12-19,0.0,0.029999999969732016,-329.9999999999418,-0.009999999999999787,-330.0299999999115,0.0
1999-12-20,0.0,-0.1900000000023283,-108.0,0.0,-107.80999999999767,30.0
1999-12-21,0.0,0.0,-120.0000000000291,-0.009999999999999787,-120.0000000000291,-60.0
1999-12-22,0.0,0.01999999998952262,-29.999999999970896,0.0,-30.01999999996042,0.0
1999-12-23,0.0,-0.10000000000582077,-12.000000000029104,0.0,-11.900000000023283,0.0
1999-12-24,0.0,0.0,-6.0,0.0,-6.0,0.0
1999-12-25,0.0,0.0,-18.0,0.0,-18.0,0.0
1999-12-26,0.0,0.0,0.0,0.0,0.0,0.0
1999-12-27,0.0,0.0,-6.0,0.0,-6.0,0.0
1999-12-28,0.0,0.0,0.0,0.0,0.0,0.0
1999-12-29,0.0,0.0,0.0,0.0,0.0,0.0
1999-12-30,0.0,0.0,0.0,0.0,0.0,0.0
1999-12-31,0.0,0.0,0.0,0.0,0.0,0.0
2000-01-01,0.0,-0.029999999998835847,-84.0,0.0,-83.97000000000116,10.0
2000-01-02,0.0,0.0,-42.0,0.0,-42.0,0.0
2000-01-03,0.0,0.0,-42.0,-0.010000000000000231,-42.0,-30.0
2000-01-04,0.0,0.01999999998952262,-42.0,-0.010000000000000231,-42.01999999998952,-70.0
2000-01-05,0.0,-0.01999999998952262,-11.999999999970896,0.0,-11.979999999981374,10.0
2000-01-06,0.0,0.0,-5.999999999970896,0.0,-5.999999999970896,0.0
2000-01-07,0.0,0.0,-6.0,0.0,-6.0,0.0
2000-01-08,0.0,0.3299999999871943,-30.0,0.0,-30.329999999987194,20.0
2000-01-09,0.0,-0.29999999998835847,-275.9999999999709,-0.010000000000000231,-275.69999999998254,0.0
2000-01-10,0.0,-0.059999999997671694,-521.9999999999418,-0.020000000000000462,-521.9399999999441,0.0
2000-01-11,0.0,0.01999999998952262,-390.0,-0.019999999999999574,-390.0199999999895,0.0
2000-01-12,0.0,0.01999999998952262,-311.9999999999709,-0.019999999999999574,-312.0199999999604,0.0
2000-01-13,0.0,0.0,-510.0,-0.009999999999999787,-510.0,10.0
2000-01-14,0.0,-0.029999999969732016,-522.0,-0.009999999999999787,-521.9700000000303,0.0
2000-01-15,0.0,0.0,-479.9999999999418,-0.009999999999999787,-479.9999999999418,20.0
2000-01-16,0.0,1.5899999999674037,-420.0,-0.009999999999999787,-421.5899999999674,0.0
2000-01-17,0.0,-1.5199999999895226,-48.000000000029104,0.0,-46.48000000003958,0.0
2000-01-18,0.0,0.12999999997555278,-6.0,0.0,-6.129999999975553,0.0
2000-01-19,0.0,-0.029999999998835847,-23.999999999970896,0.0,-23.96999999997206,0.0
2000-01-20,0.0,0.08000000001629815,-59.999999999970896,0.0,-60.079999999987194,10.0
2000-01-21,0.0,0.0500000000174623,-48.000000000029104,0.0,-48.050000000046566,0.0
2000-01-22,0.0,-0.11999999999534339,-71.9999999999709,0.0,-71.87999999997555,20.0
2000-01-23,0.0,-0.14000000001396984,-66.0,0.0,-65.85999999998603,40.0
2000-01-24,0.0,0.0,-60.0,0.0,-60.0,20.0
2000-01-25,0.0,2.529999999998836,-11.999999999970896,0.0,-14.529999999969732,20.0
2000-01-26,0.0,-2.5,-30.0,0.0,-27.5,0.0
2000-01-27,0.0,0.0,-89.9999999999709,-0.020000000000000018,-89.9999999999709,0.0
2000-01-28,0.0,0.0,-72.0,-0.010000000000000231,-72.0,0.0
2000-01-29,0.0,-0.10000000000582077,-23.999999999970896,-0.009999999999999787,-23.899999999965075,-20.0
2000-01-30,0.0,0.0,-11.999999999970896,0.0,-11.999999999970896,0.0
2000-01-31,0.0,0.059999999997671694,-72.0,0.0,-72.05999999999767,50.0
2000-02-01,0.0,10.25,-672.0000000001164,-0.019999999999999574,-682.2500000001164,-20.0
2000-02-02,0.0,-9.940000000002328,-324.0000000000582,-0.009999999999999787,-314.0600000000559,0.0
2000-02-03,0.0,5.119999999995343,-78.0,-0.009999999999999787,-83.11999999999534,-110.0
2000-02-04,0.0,-6.090000000025611,-84.0000000000291,0.0,-77.91000000000349,50.0
2000-02-05,0.0,1.720000000030268,-96.0,0.0,-97.72000000003027,20.0
2000-02-06,0.0,4.5499999999883585,-101.9999999999709,-0.009999999999999787,-106.54999999995925,-50.0
2000-02-07,0.0,-0.3099999999976717,-65.9999999999709,0.0,-65.68999999997322,10.0
2000-02-08,0.0,17.539999999979045,-456.0000000000582,0.0,-473.54000000003725,20.0
2000-02-09,0.0,-23.349999999976717,-90.0,0.0,-66.65000000002328,10.0
2000-02-10,0.0,0.030000000027939677,-108.00000000005821,0.0,-108.03000000008615,10.0
2000-02-11,0.0,1.3099999999976717,-288.0,0.0,-289.3099999999977,10.0
2000-02-12,0.0,-1.0899999999674037,-354.0,-0.009999999999999787,-352.9100000000326,0.0
2000-02-13,0.0,0.0,-336.0000000000582,-0.009999999999999787,-336.0000000000582,-10.0
2000-02-14,0.0,15.440000000002328,-431.9999999999418,-0.009999999999999787,-447.4399999999441,0.0
2000-02-15,0.0,-15.21999999997206,-83.99999999988358,0.0,-68.77999999991152,0.0
2000-02-16,0.0,-0.1300000000046566,-66.0,0.0,-65.86999999999534,20.0
2000-02-17,0.0,0.0,-78.0,0.0,-78.0,0.0
2000-02-18,0.0,0.15000000002328306,-36.0,0.0,-36.15000000002328,0.0
2000-02-19,0.0,0.0,-42.0,0.0,-42.0,0.0
2000-02-20,0.0,2.900000000023283,-36.0,0.0,-38.90000000002328,30.0
2000-02-21,0.0,-0.9700000000011642,-12.0,0.0,-11.029999999998836,10.0
2000-02-22,0.0,10.680000000051223,-192.0,0.0,-202.68000000005122,20.0
2000-02-23,0.0,-12.639999999984866,-132.0,-0.010000000000000231,-119.36000000001513,-70.0
2000-02-24,0.0,0.0,-156.0,-0.020000000000000018,-156.0,0.0
2000-02-25,0.0,-0.01999999998952262,-89.9999999999709,-0.009999999999999787,-89.97999999998137,0.0
2000-02-26,0.0,0.3099999999976717,-119.9999999999709,-0.010000000000000231,-120.30999999996857,-110.0
2000-02-27,0.0,9.190000000002328,-119.99999999994179,0.0,-129.18999999994412,60.0
2000-02-28,0.0,-4.940000000002328,-120.0,0.0,-115.05999999999767,10.0
2000-02-29,0.0,0.4400000000023283,-252.0,0.0,-252.44000000000233,20.0
2000-03-01,0.0,-5.220000000001164,-102.0,0.0,-96.77999999999884,0.0
2000-03-02,0.0,0.6199999999953434,-341.9999999998836,-0.009999999999999787,-342.6199999998789,-10.0
2000-03-03,0.0,-0.8400000000256114,-114.0,0.0,-113.15999999997439,50.0
2000-03-04,0.0,-0.06999999994877726,-186.0000000000582,0.0,-185.93000000010943,20.0
2000-03-05,0.0,0.04000000000814907,-72.0,0.0,-72.04000000000815,10.0
2000-03-06,0.0,-0.060000000026775524,-24.000000000029104,0.0,-23.94000000000233,30.0
2000-03-07,0.0,0.0,-36.0,0.0,-36.0,20.0
2000-03-08,0.0,5.139999999984866,-77.9999999999709,0.0,-83.13999999995576,30.0
2000-03-09,0.0,-4.78000000002794,-6.0,0.0,-1.2199999999720603,0.0
2000-03-10,0.0,0.629999999946449,-126.0,0.0,-126.62999999994645,10.0
2000-03-11,0.0,-0.6699999999837019,-35.999999999970896,0.0,-35.329999999987194,10.0
2000-03-12,0.0,0.010000000009313226,-30.000000000029104,0.0,-30.010000000038417,0.0
2000-03-13,0.0,10.909999999974389,-114.0,0.0,-124.90999999997439,80.0
2000-03-14,0.0,-10.809999999997672,-60.0,0.0,-49.19000000000233,0.0
2000-03-15,0.0,0.0,-59.999999999970896,0.0,-59.999999999970896,10.0
2000-03-16,0.0,4.660000000032596,-252.0,0.0,-256.6600000000326,10.0
2000-03-17,0.0,-4.850000000005821,-120.0,-0.010000000000000231,-115.14999999999418,0.0
2000-03-18,0.0,3.0599999999976717,-215.9999999999418,-0.010000000000000231,-219.05999999993946,-110.0
2000-03-19,0.0,-3.3299999999871943,-258.0,-0.029999999999999805,-254.6700000000128,0.0
2000-03-20,0.0,-0.04999999998835847,-113.9999999999709,-0.020000000000000018,-113.94999999998254,-30.0
2000-03-21,0.0,0.06999999997788109,-84.0,-0.010000000000000231,-84.06999999997788,0.0
2000-03-22,0.0,6.659999999974389,-197.9999999999418,-0.010000000000000231,-204.65999999991618,-10.0
2000-03-23,0.0,-6.290000000008149,-66.0,0.0,-59.70999999999185,0.0
2000-03-24,0.0,0.09999999997671694,-66.0000000000291,0.0,-66.10000000000582,0.0
2000-03-25,0.0,0.04000000000814907,-29.999999999970896,0.0,-30.039999999979045,0.0
2000-03-26,0.0,0.04000000000814907,-48.0,0.0,-48.04000000000815,30.0
2000-03-27,0.0,-0.34999999997671694,-114.0,0.0,-113.65000000002328,10.0
2000-03-28,0.0,-0.16000000000349246,-42.0,0.0,-41.83999999999651,30.0
2000-03-29,0.0,0.09000000002561137,-36.000000000029104,0.0,-36.090000000054715,10.0
2000-03-30,0.0,0.01999999998952262,-24.0,0.0,-24.019999999989523,20.0
2000-03-31,0.0,0.17999999999301508,-30.0,0.0,-30.179999999993015,20.0
2000-04-01,0.0,8.059999999997672,-54.000000000029104,-0.009999999999999787,-62.060000000026776,-250.0
2000-04-02,0.0,5.269999999989523,-174.0,-0.009999999999999787,-179.26999999998952,-210.0
2000-04-03,0.0,0.3700000000244472,-144.0000000000291,0.0,-144.37000000005355,30.0
2000-04-04,0.0,-7.480000000010477,-107.9999999999709,0.0,-100.51999999996042,20.0
2000-04-05,0.0,-6.8399999999965075,-42.000000000029104,0.0,-35.160000000032596,0.0
2000-04-06,0.0,0.0,-36.0,0.0,-36.0,10.0
2000-04-07,0.0,0.07000000000698492,-48.0,0.0,-48.070000000006985,0.0
2000-04-08,0.0,4.75,-47.99999999994179,0.0,-52.74999999994179,10.0
2000-04-09,0.0,-1.75,-24.0,0.0,-22.25,0.0
2000-04-10,0.0,-1.6899999999732245,-12.0,0.0,-10.310000000026776,0.0
2000-04-11,0.0,-0.139999999984866,-18.0,0.0,-17.860000000015134,0.0
2000-04-12,0.0,-0.5499999999883585,-6.0,0.0,-5.4500000000116415,0.0
2000-04-13,0.0,-0.5200000000186265,-36.0,0.0,-35.47999999998137,10.0
2000-04-14,0.0,0.0,-66.00000000005821,0.0,-66.00000000005821,10.0
2000-04-15,0.0,0.0,-5.999999999970896,0.0,-5.999999999970896,10.0
2000-04-16,0.0,0.0,-5.999999999970896,0.0,-5.999999999970896,10.0
2000-04-17,0.0,-0.0500000000174623,-12.0,0.0,-11.949999999982538,0.0
2000-04-18,0.0,0.0,0.0,0.0,0.0,0.0
2000-04-19,0.0,0.0,0.0,0.0,0.0,0.0
2000-04-20,0.0,-0.010000000009313226,0.0,0.0,0.010000000009313226,0.0
2000-04-21,0.0,0.029999999998835847,0.0,0.0,-0.029999999998835847,0.0
2000-04-22,0.0,0.010000000009313226,0.0,0.0,-0.010000000009313226,0.0
2000-04-23,0.0,0.0,-6.0,0.0,-6.0,0.0
2000-04-24,0.0,0.0,0.0,0.0,0.0,0.0
2000-04-25,0.0,0.0,-41.99999999994179,-0.010000000000000009,-41.99999999994179,-130.0
2000-04-26,0.0,0.0,0.0,0.0,0.0,0.0
2000-04-27,0.0,0.0,0.0,0.0,0.0,0.0
2000-04-28,0.0,0.0,-24.000000000029104,0.0,-24.000000000029104,0.0
2000-04-29,0.0,0.0,0.0,0.0,0.0,0.0
2000-04-30,0.0,-0.02000000001862645,0.0,0.0,0.02000000001862645,0.0
2000-05-01,0.0,0.0,0.0,0.0,0.0,0.0
2000-05-02,0.0,0.029999999998835847,-5.999999999970896,0.0,-6.029999999969732,0.0
2000-05-03,0.0,0.0,-6.000000000029104,0.0,-6.000000000029104,0.0
2000-05-04,0.0,0.0,-53.999999999970896,-0.010000000000000009,-53.999999999970896,-40.0
2000-05-05,0.0,0.0,-78.0,-0.009999999999999787,-78.0,-60.0
2000-05-06,0.0,0.0,0.0,0.0,0.0,0.0
2000-05-07,0.0,0.0,-6.0,0.0,-6.0,0.0
2000-05-08,0.0,0.0,0.0,0.0,0.0,0.0
2000-05-09,0.0,0.0,-342.0,-0.010000000000000231,-342.0,10.0
2000-05-10,0.0,0.0,-636.0,-0.019999999999999574,-636.0,0.0
2000-05-11,0.0,0.0,-876.0,-0.03000000000000025,-876.0,0.0
2000-05-12,0.0,0.029999999998835847,-66.0,0.0,-66.02999999999884,0.0
2000-05-13,0.0,-0.029999999998835847,0.0,0.0,0.029999999998835847,0.0
2000-05-14,0.0,0.0,-18.000000000029104,0.0,-18.000000000029104,0.0
2000-05-15,0.0,0.0,-17.999999999970896,0.0,-17.999999999970896,10.0
2000-05-16,0.0,0.0,0.0,0.0,0.0,0.0
2000-05-17,0.0,0.1300000000046566,0.0,0.0,-0.1300000000046566,0.0
2000-05-18,0.0,-0.059999999997671694,-6.0,0.0,-5.940000000002328,0.0
2000-05-19,0.0,0.0,0.0,0.0,0.0,0.0
2000-05-20,0.0,0.0,0.0,0.0,0.0,0.0
2000-05-21,0.0,-0.029999999998835847,0.0,0.0,0.029999999998835847,0.0
2000-05-22,0.0,0.0,0.0,0.0,0.0,0.0
2000-05-23,0.0,0.0,0.0,0.0,0.0,0.0
2000-05-24,0.0,0.0,0.0,0.0,0.0,0.0
2000-05-25,0.0,0.029999999998835847,0.0,0.0,-0.029999999998835847,0.0
2000-05-26,0.0,0.0,0.0,0.0,0.0,0.0
2000-05-27,0.0,0.0,0.0,0.0,0.0,0.0
2000-05-28,0.0,-0.01999999998952262,-6.0,0.0,-5.980000000010477,0.0
2000-05-29,0.0,0.0,0.0,0.0,0.0,0.0
2000-05-30,0.0,0.010000000009313226,0.0,0.0,-0.010000000009313226,0.0
2000-05-31,0.0,-0.1300000000046566,0.0,0.0,0.1300000000046566,0.0
2000-06-01,0.0,0.0,0.0,0.0,0.0,0.0
2000-06-02,0.0,0.0,0.0,0.0,0.0,0.0
2000-06-03,0.0,0.0,0.0,0.0,0.0,0.0
2000-06-04,0.0,0.0,0.0,0.0,0.0,0.0
2000-06-05,0.0,0.0,0.0,0.0,0.0,0.0
2000-06-06,0.0,0.0,0.0,0.0,0.0,0.0
2000-06-07,0.0,0.0,0.0,0.0,0.0,0.0
2000-06-08,0.0,0.0,0.0,0.0,0.0,0.0
2000-06-09,0.0,0.0,0.0,0.0,0.0,0.0
2000-06-10,0.0,0.010000000009313226,-12.0,0.0,-12.010000000009313,10.0
2000-06-11,0.0,0.0,-30.0,0.0,-30.0,10.0
2000-06-12,0.0,0.0,-894.0,-0.03999999999999915,-894.0,-10.0
2000-06-13,0.0,-0.06999999997788109,-11.999999999970896,0.0,-11.929999999993015,0.0
2000-06-14,0.0,0.0,-6.0,0.0,-6.0,0.0
2000-06-15,0.0,0.0,0.0,0.0,0.0,0.0
2000-06-16,0.0,0.0,0.0,0.0,0.0,0.0
2000-06-17,0.0,0.0,0.0,0.0,0.0,0.0
2000-06-18,0.0,0.0,0.0,0.0,0.0,0.0
2000-06-19,0.0,0.0,0.0,0.0,0.0,0.0
2000-06-20,0.0,0.0,0.0,0.0,0.0,0.0
2000-06-21,0.0,0.0500000000174623,0.0,0.0,-0.0500000000174623,0.0
2000-06-22,0.0,0.0,0.0,0.0,0.0,0.0
2000-06-23,0.0,0.0,0.0,0.0,0.0,0.0
2000-06-24,0.0,0.0,0.0,0.0,0.0,0.0
2000-06-25,0.0,0.0,0.0,0.0,0.0,0.0
2000-06-26,0.0,0.0,0.0,0.0,0.0,0.0
2000-06-27,0.0,0.0,0.0,0.0,0.0,0.0
2000-06-28,0.0,0.0,0.0,0.0,0.0,0.0
2000-06-29,0.0,0.0,0.0,0.0,0.0,0.0
2000-06-30,0.0,0.0,0.0,0.0,0.0,0.0
2000-07-01,0.0,0.0,0.0,0.0,0.0,0.0
2000-07-02,0.0,0.0,0.0,0.0,0.0,0.0
2000-07-03,0.0,0.0,0.0,0.0,0.0,0.0
2000-07-04,0.0,0.0,0.0,0.0,0.0,0.0
2000-07-05,0.0,0.0,0.0,0.0,0.0,0.0
2000-07-06,0.0,0.0,0.0,0.0,0.0,0.0
2000-07-07,0.0,0.0,0.0,0.0,0.0,0.0
2000-07-08,0.0,0.0,0.0,0.0,0.0,0.0
2000-07-09,0.0,0.0,0.0,0.0,0.0,0.0
2000-07-10,0.0,0.0,0.0,0.0,0.0,0.0
2000-07-11,0.0,0.0,0.0,0.0,0.0,0.0
2000-07-12,0.0,0.0,0.0,0.0,0.0,0.0
2000-07-13,0.0,0.0,0.0,0.0,0.0,0.0
2000-07-14,0.0,-0.029999999998835847,0.0,0.0,0.029999999998835847,0.0
2000-07-15,0.0,-0.01999999998952262,0.0,0.0,0.01999999998952262,0.0
2000-07-16,0.0,0.0,0.0,0.0,0.0,0.0
2000-07-17,0.0,0.0,0.0,0.0,0.0,0.0
2000-07-18,0.0,0.0,0.0,0.0,0.0,0.0
2000-07-19,0.0,0.0,0.0,0.0,0.0,0.0
2000-07-20,0.0,0.010000000009313226,0.0,0.0,-0.010000000009313226,0.0
2000-07-21,0.0,0.0,0.0,0.0,0.0,0.0
2000-07-22,0.0,0.0,0.0,0.0,0.0,0.0
2000-07-23,0.0,0.0,0.0,0.0,0.0,0.0
2000-07-24,0.0,0.0,0.0,0.0,0.0,0.0
2000-07-25,0.0,0.0,0.0,0.0,0.0,0.0
2000-07-26,0.0,0.0,0.0,0.0,0.0,0.0
2000-07-27,0.0,0.0,0.0,0.0,0.0,0.0
2000-07-28,0.0,0.0,0.0,0.0,0.0,0.0
2000-07-29,0.0,0.0,0.0,0.0,0.0,0.0
2000-07-30,0.0,0.0,0.6000000000058208,0.0,0.6000000000058208,0.0
2000-07-31,0.0,0.0,0.0,0.0,0.0,0.0
2000-08-01,0.0,0.00999999999476131,0.0,0.0,-0.00999999999476131,0.0
2000-08-02,0.0,0.0,0.0,0.0,0.0,0.0
2000-08-03,0.0,0.0,0.0,0.0,0.0,0.0
2000-08-04,0.0,0.0,-0.6000000000058208,0.0,-0.6000000000058208,0.0
2000-08-05,0.0,0.0,0.0,0.0,0.0,0.0
2000-08-06,0.0,0.010000000002037268,0.0,0.0,-0.010000000002037268,0.0
2000-08-07,0.0,0.0,0.0,0.0,0.0,0.0
2000-08-08,0.0,0.0,0.0,0.0,0.0,0.0
2000-08-09,0.0,0.0,0.0,0.0,0.0,0.0
2000-08-10,0.0,0.0,0.0,0.0,0.0,0.0
2000-08-11,0.0,0.0,0.0,0.0,0.0,0.0
2000-08-12,0.0,0.0,0.0,0.0,0.0,0.0
2000-08-13,0.0,0.0,0.6000000000058208,0.0,0.6000000000058208,0.0
2000-08-14,0.0,0.0,0.0,0.0,0.0,0.0
2000-08-15,0.0,0.0,0.0,0.0,0.0,0.0
2000-08-16,0.0,0.01999999999679858,0.0,0.0,-0.01999999999679858,0.0
2000-08-17,0.0,0.0,0.0,0.0,0.0,0.0
2000-08-18,0.0,0.0,0.0,0.0,0.0,0.0
2000-08-19,0.0,0.0,0.0,0.0,0.0,0.0
2000-08-20,0.0,0.0,0.0,0.0,0.0,0.0
2000-08-21,0.0,0.0,0.0,0.0,0.0,0.0
2000-08-22,0.0,0.0,0.0,0.0,0.0,0.0
2000-08-23,0.0,0.0,0.0,0.0,0.0,0.0
2000-08-24,0.0,0.0,0.0,0.0,0.0,0.0
2000-08-25,0.0,0.0,0.0,0.0,0.0,0.0
2000-08-26,0.0,0.0,0.0,0.0,0.0,0.0
2000-08-27,0.0,0.0,0.0,0.0,0.0,0.0
2000-08-28,0.0,0.0,0.0,0.0,0.0,0.0
2000-08-29,0.0,0.0,0.0,0.0,0.0,0.0
2000-08-30,0.0,0.0,0.0,0.0,0.0,0.0
2000-08-31,0.0,0.0,0.0,0.0,0.0,0.0
2000-09-01,0.0,0.0,0.0,0.0,0.0,0.0
2000-09-02,0.0,0.0,0.0,0.0,0.0,0.0
2000-09-03,0.0,0.0,0.0,0.0,0.0,0.0
2000-09-04,0.0,0.0,0.0,0.0,0.0,0.0
2000-09-05,0.0,0.0,0.0,0.0,0.0,0.0
2000-09-06,0.0,0.0,0.0,0.0,0.0,0.0
2000-09-07,0.0,0.0,0.0,0.0,0.0,0.0
2000-09-08,0.0,0.0,0.0,0.0,0.0,0.0
2000-09-09,0.0,0.0,0.0,0.0,0.0,0.0
2000-09-10,0.0,0.0,0.0,0.0,0.0,0.0
2000-09-11,0.0,0.0,0.0,0.0,0.0,0.0
2000-09-12,0.0,0.0,0.0,0.0,0.0,0.0
2000-09-13,0.0,0.0,0.0,0.0,0.0,0.0
2000-09-14,0.0,0.0,0.0,0.0,0.0,0.0
2000-09-15,0.0,0.0,0.0,0.0,0.0,0.0
2000-09-16,0.0,0.0,0.0,0.0,0.0,0.0
2000-09-17,0.0,0.0,0.0,0.0,0.0,0.0
2000-09-18,0.0,0.0,0.0,0.0,0.0,0.0
2000-09-19,0.0,0.0,0.0,0.0,0.0,0.0
2000-09-20,0.0,0.0,0.0,0.0,0.0,0.0
2000-09-21,0.0,0.0,0.0,0.0,0.0,0.0
2000-09-22,0.0,0.0,0.0,0.0,0.0,0.0
2000-09-23,0.0,0.0,0.0,0.0,0.0,0.0
2000-09-24,0.0,0.0,0.0,0.0,0.0,0.0
2000-09-25,0.0,0.0,0.0,0.0,0.0,0.0
2000-09-26,0.0,0.0,0.0,0.0,0.0,0.0
2000-09-27,0.0,0.0,0.0,0.0,0.0,0.0
2000-09-28,0.0,0.0,0.0,0.0,0.0,0.0
2000-09-29,0.0,0.0,0.0,0.0,0.0,0.0
2000-09-30,0.0,0.0,0.0,0.0,0.0,0.0
2000-10-01,0.0,0.01999999999679858,-3.0,0.0,-3.0199999999967986,20.0
2000-10-02,0.0,-0.00999999999839929,-0.5999999999985448,0.0,-0.5900000000001455,0.0
2000-10-03,0.0,0.0,0.0,0.0,0.0,0.0
2000-10-04,0.0,0.0,0.0,0.0,0.0,0.0
2000-10-05,0.0,0.0,0.0,0.0,0.0,0.0
2000-10-06,0.0,0.0,0.0,0.0,0.0,0.0
2000-10-07,0.0,0.0,0.0,0.0,0.0,0.0
2000-10-08,0.0,0.0,0.0,0.0,0.0,0.0
2000-10-09,0.0,0.0,0.0,0.0,0.0,0.0
2000-10-10,0.0,0.0,0.0,0.0,0.0,0.0
2000-10-11,0.0,0.0,0.0,0.0,0.0,0.0
2000-10-12,0.0,0.0,0.0,0.0,0.0,0.0
2000-10-13,0.0,0.0,0.0,0.0,0.0,0.0
2000-10-14,0.0,0.0,0.0,0.0,0.0,0.0
2000-10-15,0.0,0.0,0.0,0.0,0.0,0.0
2000-10-16,0.0,0.010000000002037268,0.0,0.0,-0.010000000002037268,0.0
2000-10-17,0.0,0.0,0.0,0.0,0.0,0.0
2000-10-18,0.0,0.0,0.0,0.0,0.0,0.0
2000-10-19,0.0,0.0,0.0,0.0,0.0,0.0
2000-10-20,0.0,0.0,0.0,0.0,0.0,0.0
2000-10-21,0.0,0.0,0.0,0.0,0.0,0.0
2000-10-22,0.0,0.0,0.0,0.0,0.0,0.0
2000-10-23,0.0,0.0,0.0,0.0,0.0,0.0
2000-10-24,0.0,0.0,0.0,0.0,0.0,0.0
2000-10-25,0.0,0.0,0.0,0.0,0.0,0.0
2000-10-26,0.0,0.0,0.0,0.0,0.0,0.0
2000-10-27,0.0,0.0,0.0,0.0,0.0,0.0
2000-10-28,0.0,0.0,0.0,0.0,0.0,0.0
2000-10-29,0.0,0.0,0.0,0.0,0.0,0.0
2000-10-30,0.0,0.0,0.0,0.0,0.0,0.0
2000-10-31,0.0,0.0,0.0,0.0,0.0,0.0
2000-11-01,0.0,0.0,0.0,0.0,0.0,0.0
2000-11-02,0.0,0.0,0.0,0.0,0.0,0.0
2000-11-03,0.0,0.0,0.0,0.0,0.0,0.0
2000-11-04,0.0,0.0,0.0,0.0,0.0,0.0
2000-11-05,0.0,0.0,0.0,0.0,0.0,0.0
2000-11-06,0.0,0.0,0.0,0.0,0.0,0.0
2000-11-07,0.0,0.0,0.0,0.0,0.0,0.0
2000-11-08,0.0,0.0,0.0,0.0,0.0,0.0
2000-11-09,0.0,0.0,0.0,0.0,0.0,0.0
2000-11-10,0.0,0.0,0.0,0.0,0.0,0.0
2000-11-11,0.0,0.0,0.0,0.0,0.0,0.0
2000-11-12,0.0,0.0,0.0,0.0,0.0,0.0
2000-11-13,0.0,0.0,0.0,0.0,0.0,0.0
2000-11-14,0.0,0.0,0.0,0.0,0.0,0.0
2000-11-15,0.0,0.0,0.0,0.0,0.0,0.0
2000-11-16,0.0,0.0,0.0,0.0,0.0,0.0
2000-11-17,0.0,0.0,0.0,0.0,0.0,0.0
2000-11-18,0.0,0.0,0.0,0.0,0.0,0.0
2000-11-19,0.0,0.0,0.0,0.0,0.0,0.0
2000-11-20,0.0,0.0,0.0,0.0,0.0,0.0
2000-11-21,0.0,0.0,0.0,0.0,0.0,0.0
2000-11-22,0.0,0.0,0.0,0.0,0.0,0.0
2000-11-23,0.0,0.0,0.0,0.0,0.0,0.0
2000-11-24,0.0,0.0,0.0,0.0,0.0,0.0
2000-11-25,0.0,0.0,0.0,0.0,0.0,0.0
2000-11-26,0.0,0.0,0.0,0.0,0.0,0.0
2000-11-27,0.0,0.0,0.0,0.0,0.0,0.0
2000-11-28,0.0,0.0,0.0,0.0,0.0,0.0
2000-11-29,0.0,0.0,0.0,0.0,0.0,0.0
2000-11-30,0.0,0.0,0.0,0.0,0.0,0.0
2000-12-01,0.0,0.0,0.0,0.0,0.0,0.0
2000-12-02,0.0,0.0,0.0,0.0,0.0,0.0
2000-12-03,0.0,0.0,0.0,0.0,0.0,0.0
2000-12-04,0.0,0.0,0.0,0.0,0.0,0.0
2000-12-05,0.0,0.0,0.0,0.0,0.0,0.0
2000-12-06,0.0,0.0,0.0,0.0,0.0,0.0
2000-12-07,0.0,0.0,0.0,0.0,0.0,0.0
2000-12-08,0.0,0.0,0.0,0.0,0.0,0.0
2000-12-09,0.0,0.0,0.0,0.0,0.0,0.0
2000-12-10,0.0,0.0,0.0,0.0,0.0,0.0
2000-12-11,0.0,0.0,0.0,0.0,0.0,0.0
2000-12-12,0.0,0.0,0.0,0.0,0.0,0.0
2000-12-13,0.0,0.0,0.0,0.0,0.0,0.0
2000-12-14,0.0,0.0,0.0,0.0,0.0,0.0
2000-12-15,0.0,0.0,-5.999999999985448,0.0,-5.999999999985448,0.0
2000-12-16,0.0,0.0,0.0,0.0,0.0,0.0
2000-12-17,0.0,0.0,0.0,0.0,0.0,0.0
2000-12-18,0.0,0.0,0.0,0.0,0.0,0.0
2000-12-19,0.0,0.0,0.0,0.0,0.0,0.0
2000-12-20,0.0,0.0,0.0,0.0,0.0,0.0
2000-12-21,0.0,0.0,0.0,0.0,0.0,0.0
2000-12-22,0.0,2.25,-12.000000000014552,0.0,-14.250000000014552,20.0
2000-12-23,0.0,0.16999999998370185,-36.000000000029104,0.0,-36.170000000012806,40.0
2000-12-24,0.0,-2.470000000001164,-5.999999999985448,0.0,-3.529999999984284,0.0
2000-12-25,0.0,0.0,0.0,0.0,0.0,0.0
2000-12-26,0.0,0.21000000000640284,0.0,0.0,-0.21000000000640284,0.0
2000-12-27,0.0,-0.04000000000814907,0.0,0.0,0.04000000000814907,0.0
2000-12-28,0.0,-0.059999999997671694,0.0,0.0,0.059999999997671694,0.0
2000-12-29,0.0,-0.08000000000174623,0.0,0.0,0.08000000000174623,0.0
2000-12-30,0.0,0.04000000000814907,0.0,0.0,-0.04000000000814907,0.0
2000-12-31,0.0,0.06000000001222361,0.0,0.0,-0.06000000001222361,0.0
2001-01-01,0.0,-0.1200000000098953,0.0,0.0,0.1200000000098953,0.0
2001-01-02,0.0,0.08000000000174623,0.0,0.0,-0.08000000000174623,0.0
2001-01-03,0.0,-0.029999999998835847,0.0,0.0,0.029999999998835847,0.0
2001-01-04,0.0,0.0,0.0,0.0,0.0,0.0
2001-01-05,0.0,0.03999999999359716,-6.0,0.0,-6.039999999993597,0.0
2001-01-06,0.0,-0.09999999999126885,0.0,0.0,0.09999999999126885,0.0
2001-01-07,0.0,0.020000000004074536,0.0,0.0,-0.020000000004074536,0.0
2001-01-08,0.0,0.0,0.0,0.0,0.0,0.0
2001-01-09,0.0,0.0,0.0,0.0,0.0,0.0
2001-01-10,0.0,0.01999999998952262,0.0,0.0,-0.01999999998952262,0.0
2001-01-11,0.0,0.0,0.0,0.0,0.0,0.0
2001-01-12,0.0,0.11000000000058208,0.0,0.0,-0.11000000000058208,0.0
2001-01-13,0.0,-0.059999999997671694,0.0,0.0,0.059999999997671694,0.0
2001-01-14,0.0,0.0,0.0,0.0,0.0,0.0
2001-01-15,0.0,0.0,0.0,0.0,0.0,0.0
2001-01-16,0.0,0.0,0.0,0.0,0.0,0.0
2001-01-17,0.0,0.0,0.0,0.0,0.0,0.0
2001-01-18,0.0,0.0,0.0,0.0,0.0,0.0
2001-01-19,0.0,0.0,0.0,0.0,0.0,0.0
2001-01-20,0.0,0.0,0.0,0.0,0.0,0.0
2001-01-21,0.0,0.09999999999126885,0.0,0.0,-0.09999999999126885,0.0
2001-01-22,0.0,-0.09999999999126885,0.0,0.0,0.09999999999126885,0.0
2001-01-23,0.0,0.0,0.0,0.0,0.0,0.0
2001-01-24,0.0,0.0,0.0,0.0,0.0,0.0
2001-01-25,0.0,0.0,0.0,0.0,0.0,0.0
2001-01-26,0.0,0.0,0.0,0.0,0.0,0.0
2001-01-27,0.0,0.01999999998952262,0.0,0.0,-0.01999999998952262,0.0
2001-01-28,0.0,-0.029999999998835847,0.0,0.0,0.029999999998835847,0.0
2001-01-29,0.0,0.0,0.0,0.0,0.0,0.0
2001-01-30,0.0,0.0,0.0,0.0,0.0,0.0
2001-01-31,0.0,0.0,0.0,0.0,0.0,0.0
2001-02-01,0.0,-0.03999999999359716,-6.0,0.0,-5.960000000006403,0.0
2001-02-02,0.0,0.04999999998835847,0.0,0.0,-0.04999999998835847,0.0
2001-02-03,0.0,-0.029999999998835847,-12.0,0.0,-11.970000000001164,10.0
2001-02-04,0.0,3.0499999999883585,-48.0,0.0,-51.04999999998836,20.0
2001-02-05,0.0,-3.110000000000582,-17.999999999985448,0.0,-14.889999999984866,0.0
2001-02-06,0.0,0.029999999998835847,0.0,0.0,-0.029999999998835847,0.0
2001-02-07,0.0,0.0,0.0,0.0,0.0,0.0
2001-02-08,0.0,0.0,0.0,0.0,0.0,0.0
2001-02-09,0.0,0.0,0.0,0.0,0.0,0.0
2001-02-10,0.0,0.0,0.0,0.0,0.0,0.0
2001-02-11,0.0,0.0,0.0,0.0,0.0,0.0
2001-02-12,0.0,0.0,0.0,0.0,0.0,0.0
2001-02-13,0.0,0.0,0.0,0.0,0.0,0.0
2001-02-14,0.0,0.0,0.0,0.0,0.0,0.0
2001-02-15,0.0,0.01999999998952262,0.0,0.0,-0.01999999998952262,0.0
2001-02-16,0.0,0.0,0.0,0.0,0.0,0.0
2001-02-17,0.0,0.0,0.0,0.0,0.0,0.0
2001-02-18,0.0,0.0,-23.999999999970896,0.0,-23.999999999970896,20.0
2001-02-19,0.0,0.1300000000046566,0.0,0.0,-0.1300000000046566,0.0
2001-02-20,0.0,-0.1300000000046566,0.0,0.0,0.1300000000046566,0.0
2001-02-21,0.0,0.08000000000174623,-6.0,0.0,-6.080000000001746,10.0
2001-02-22,0.0,-0.08000000000174623,0.0,0.0,0.08000000000174623,0.0
2001-02-23,0.0,0.0,0.0,0.0,0.0,0.0
2001-02-24,0.0,0.0,0.0,0.0,0.0,0.0
2001-02-25,0.0,0.0,0.0,0.0,0.0,0.0
2001-02-26,0.0,0.0,0.0,0.0,0.0,0.0
2001-02-27,0.0,0.029999999998835847,0.0,0.0,-0.029999999998835847,0.0
2001-02-28,0.0,-0.08999999999650754,0.0,0.0,0.08999999999650754,0.0
2001-03-01,0.0,-0.00999999999476131,-6.0,0.0,-5.990000000005239,0.0
2001-03-02,0.0,0.04000000000814907,-11.999999999985448,0.0,-12.039999999993597,10.0
2001-03-03,0.0,0.0,0.0,0.0,0.0,0.0
2001-03-04,0.0,0.0,0.0,0.0,0.0,0.0
2001-03-05,0.0,0.0,0.0,0.0,0.0,0.0
2001-03-06,0.0,0.0,0.0,0.0,0.0,0.0
2001-03-07,0.0,0.0,0.0,0.0,0.0,0.0
2001-03-08,0.0,0.13999999999941792,0.0,0.0,-0.13999999999941792,0.0
2001-03-09,0.0,-0.1299999999901047,0.0,0.0,0.1299999999901047,0.0
2001-03-10,0.0,0.0,0.0,0.0,0.0,0.0
2001-03-11,0.0,0.0,0.0,0.0,0.0,0.0
2001-03-12,0.0,0.0,0.0,0.0,0.0,0.0
2001-03-13,0.0,0.0,0.0,0.0,0.0,0.0
2001-03-14,0.0,0.0,0.0,0.0,0.0,0.0
2001-03-15,0.0,0.020000000004074536,0.0,0.0,-0.020000000004074536,0.0
2001-03-16,0.0,-0.03999999999359716,-6.000000000014552,0.0,-5.960000000020955,10.0
2001-03-17,0.0,-0.00999999999476131,-12.0,0.0,-11.990000000005239,20.0
2001-03-18,0.0,0.1200000000098953,-36.0,0.0,-36.120000000009895,0.0
2001-03-19,0.0,0.10999999998603016,-54.0,0.0,-54.10999999998603,10.0
2001-03-20,0.0,-0.3099999999976717,0.0,0.0,0.3099999999976717,0.0
2001-03-21,0.0,0.0,0.0,0.0,0.0,0.0
2001-03-22,0.0,0.0,0.0,0.0,0.0,0.0
2001-03-23,0.0,0.0,0.0,0.0,0.0,0.0
2001-03-24,0.0,0.0,-17.999999999985448,0.0,-17.999999999985448,20.0
2001-03-25,0.0,0.059999999997671694,-24.000000000014552,0.0,-24.060000000012224,10.0
2001-03-26,0.0,0.01999999998952262,-24.000000000014552,0.0,-24.020000000004075,10.0
2001-03-27,0.0,0.3200000000069849,-144.0,-0.010000000000000231,-144.32000000000698,-40.0
2001-03-28,0.0,-0.389999999984866,-162.0,-0.010000000000000009,-161.61000000001513,-100.0
2001-03-29,0.0,-0.059999999997671694,0.0,0.0,0.059999999997671694,0.0
2001-03-30,0.0,-0.029999999998835847,-6.000000000014552,0.0,-5.970000000015716,0.0
2001-03-31,0.0,0.0,-102.0,0.0,-102.0,20.0
2001-04-01,0.0,-0.07000000000698492,-12.0,0.0,-11.929999999993015,0.0
2001-04-02,0.0,0.07999999998719431,-48.0,0.0,-48.079999999987194,10.0
2001-04-03,0.0,0.0,-6.0,0.0,-6.0,10.0
2001-04-04,0.0,-0.01999999998952262,0.0,0.0,0.01999999998952262,0.0
2001-04-05,0.0,0.0,0.0,0.0,0.0,0.0
2001-04-06,0.0,0.0,-30.0,0.0,-30.0,20.0
2001-04-07,0.0,0.07999999998719431,-18.0,0.0,-18.079999999987194,10.0
2001-04-08,0.0,0.0,0.0,0.0,0.0,0.0
2001-04-09,0.0,0.0,-6.0,0.0,-6.0,0.0
2001-04-10,0.0,0.060000000026775524,-162.0000000000291,0.0,-162.06000000005588,30.0
2001-04-11,0.0,-0.0500000000174623,-30.000000000029104,0.0,-29.95000000001164,10.0
2001-04-12,0.0,0.060000000026775524,-29.999999999970896,0.0,-30.05999999999767,20.0
2001-04-13,0.0,0.0,-18.0,0.0,-18.0,0.0
2001-04-14,0.0,0.0,0.0,0.0,0.0,0.0
2001-04-15,0.0,0.0,0.0,0.0,0.0,0.0
2001-04-16,0.0,0.0,0.0,0.0,0.0,0.0
2001-04-17,0.0,0.0,0.0,0.0,0.0,0.0
2001-04-18,0.0,0.0,-6.000000000029104,0.0,-6.000000000029104,0.0
2001-04-19,0.0,0.0,0.0,0.0,0.0,0.0
2001-04-20,0.0,0.0,-36.0,0.0,-36.0,10.0
2001-04-21,0.0,0.0,0.0,0.0,0.0,0.0
2001-04-22,0.0,0.0,-6.000000000029104,0.0,-6.000000000029104,0.0
2001-04-23,0.0,0.0,0.0,0.0,0.0,0.0
2001-04-24,0.0,0.0,0.0,0.0,0.0,0.0
2001-04-25,0.0,0.0,0.0,0.0,0.0,0.0
2001-04-26,0.0,-0.00999999999476131,0.0,0.0,0.00999999999476131,0.0
2001-04-27,0.0,0.0,0.0,0.0,0.0,0.0
2001-04-28,0.0,0.0,-6.000000000014552,0.0,-6.000000000014552,0.0
2001-04-29,0.0,0.0,0.0,0.0,0.0,0.0
2001-04-30,0.0,1.6800000000512227,-1956.0,-0.10000000000000142,-1957.6800000000512,-20.0
2001-05-01,0.0,-1.5,-179.9999999999709,-0.009999999999999787,-178.4999999999709,0.0
2001-05-02,0.0,0.04000000000814907,-12.0,0.0,-12.040000000008149,0.0
2001-05-03,0.0,0.04999999998835847,-5.999999999970896,0.0,-6.049999999959255,0.0
2001-05-04,0.0,0.0,0.0,0.0,0.0,0.0
2001-05-05,0.0,-0.059999999997671694,0.0,0.0,0.059999999997671694,0.0
2001-05-06,0.0,0.0,0.0,0.0,0.0,0.0
2001-05-07,0.0,0.0,0.0,0.0,0.0,0.0
2001-05-08,0.0,-0.00999999999476131,0.0,0.0,0.00999999999476131,0.0
2001-05-09,0.0,0.00999999999476131,0.0,0.0,-0.00999999999476131,0.0
2001-05-10,0.0,0.07000000000698492,0.0,0.0,-0.07000000000698492,0.0
2001-05-11,0.0,0.0,0.0,0.0,0.0,0.0
2001-05-12,0.0,0.0,0.0,0.0,0.0,0.0
2001-05-13,0.0,0.0,0.0,0.0,0.0,0.0
2001-05-14,0.0,0.059999999997671694,-186.0,-0.009999999999999787,-186.05999999999767,-30.0
2001-05-15,0.0,-0.11999999999534339,-198.0,0.0,-197.88000000000466,0.0
2001-05-16,0.0,0.0,-12.000000000029104,0.0,-12.000000000029104,0.0
2001-05-17,0.0,0.0,0.0,0.0,0.0,0.0
2001-05-18,0.0,0.00999999999476131,0.0,0.0,-0.00999999999476131,0.0
2001-05-19,0.0,-0.010000000009313226,0.0,0.0,0.010000000009313226,0.0
2001-05-20,0.0,0.05000000000291038,0.0,0.0,-0.05000000000291038,0.0
2001-05-21,0.0,-0.010000000009313226,0.0,0.0,0.010000000009313226,0.0
2001-05-22,0.0,0.0,0.0,0.0,0.0,0.0
2001-05-23,0.0,0.0,0.0,0.0,0.0,0.0
2001-05-24,0.0,0.0,0.0,0.0,0.0,0.0
2001-05-25,0.0,0.0,0.0,0.0,0.0,0.0
2001-05-26,0.0,0.0,0.0,0.0,0.0,0.0
2001-05-27,0.0,0.0,0.0,0.0,0.0,0.0
2001-05-28,0.0,0.0,0.0,0.0,0.0,0.0
2001-05-29,0.0,0.0,0.0,0.0,0.0,0.0
2001-05-30,0.0,0.0,0.0,0.0,0.0,0.0
2001-05-31,0.0,0.0,0.0,0.0,0.0,0.0
2001-06-01,0.0,0.0,0.0,0.0,0.0,0.0
2001-06-02,0.0,0.0,0.0,0.0,0.0,0.0
2001-06-03,0.0,0.0,0.0,0.0,0.0,0.0
2001-06-04,0.0,0.0,0.0,0.0,0.0,0.0
2001-06-05,0.0,0.00999999999476131,0.0,0.0,-0.00999999999476131,0.0
2001-06-06,0.0,-0.010000000009313226,0.0,0.0,0.010000000009313226,0.0
2001-06-07,0.0,0.0,0.0,0.0,0.0,0.0
2001-06-08,0.0,0.0,0.0,0.0,0.0,0.0
2001-06-09,0.0,0.0,0.0,0.0,0.0,0.0
2001-06-10,0.0,0.0,0.0,0.0,0.0,0.0
2001-06-11,0.0,0.0,-30.0,0.0,-30.0,0.0
2001-06-12,0.0,0.029999999998835847,-18.0,0.0,-18.029999999998836,20.0
2001-06-13,0.0,0.0,0.0,0.0,0.0,0.0
2001-06-14,0.0,0.059999999997671694,0.0,0.0,-0.059999999997671694,0.0
2001-06-15,0.0,0.0,0.0,0.0,0.0,0.0
2001-06-16,0.0,0.0,0.0,0.0,0.0,0.0
2001-06-17,0.0,0.0,0.0,0.0,0.0,0.0
2001-06-18,0.0,0.0,0.0,0.0,0.0,0.0
2001-06-19,0.0,0.0,0.0,0.0,0.0,0.0
2001-06-20,0.0,0.0,0.0,0.0,0.0,0.0
2001-06-21,0.0,0.0,0.0,0.0,0.0,0.0
2001-06-22,0.0,0.0,0.0,0.0,0.0,0.0
2001-06-23,0.0,-0.00999999999476131,0.0,0.0,0.00999999999476131,0.0
2001-06-24,0.0,0.0,0.0,0.0,0.0,0.0
2001-06-25,0.0,0.0,0.0,0.0,0.0,0.0
2001-06-26,0.0,0.0,0.0,0.0,0.0,0.0
2001-06-27,0.0,0.0,-18.59999999999127,0.0,-18.59999999999127,0.0
2001-06-28,0.0,0.0,0.0,0.0,0.0,0.0
2001-06-29,0.0,0.0,0.0,0.0,0.0,0.0
2001-06-30,0.0,0.0,0.0,0.0,0.0,0.0
2001-07-01,0.0,0.0,0.0,0.0,0.0,0.0
2001-07-02,0.0,0.0,0.0,0.0,0.0,0.0
2001-07-03,0.0,0.0,0.0,0.0,0.0,0.0
2001-07-04,0.0,0.0,0.0,0.0,0.0,0.0
2001-07-05,0.0,-0.00999999999476131,0.0,0.0,0.00999999999476131,0.0
2001-07-06,0.0,0.0,0.0,0.0,0.0,0.0
2001-07-07,0.0,0.00999999999476131,0.0,0.0,-0.00999999999476131,0.0
2001-07-08,0.0,0.0,0.6000000000058208,0.0,0.6000000000058208,0.0
2001-07-09,0.0,0.0,0.0,0.0,0.0,0.0
2001-07-10,0.0,0.010000000009313226,0.0,0.0,-0.010000000009313226,0.0
2001-07-11,0.0,0.020000000004074536,0.0,0.0,-0.020000000004074536,0.0
2001-07-12,0.0,0.0,0.6000000000058208,0.0,0.6000000000058208,0.0
2001-07-13,0.0,0.0,0.0,0.0,0.0,0.0
2001-07-14,0.0,0.0,0.0,0.0,0.0,0.0
2001-07-15,0.0,0.0,0.0,0.0,0.0,0.0
2001-07-16,0.0,0.0,0.0,0.0,0.0,0.0
2001-07-17,0.0,0.0,0.0,0.0,0.0,0.0
2001-07-18,0.0,0.0,0.0,0.0,0.0,0.0
2001-07-19,0.0,0.0,0.0,0.0,0.0,0.0
2001-07-20,0.0,0.0,0.0,0.0,0.0,0.0
2001-07-21,0.0,0.0,0.0,0.0,0.0,0.0
2001-07-22,0.0,0.0,0.0,0.0,0.0,0.0
2001-07-23,0.0,0.0,0.0,0.0,0.0,0.0
2001-07-24,0.0,0.0,0.0,0.0,0.0,0.0
2001-07-25,0.0,0.0,0.0,0.0,0.0,0.0
2001-07-26,0.0,0.0,0.5999999999985448,0.0,0.5999999999985448,0.0
2001-07-27,0.0,0.0,0.0,0.0,0.0,0.0
2001-07-28,0.0,0.0,0.0,0.0,0.0,0.0
2001-07-29,0.0,0.0,0.0,0.0,0.0,0.0
2001-07-30,0.0,0.0,0.0,0.0,0.0,0.0
2001-07-31,0.0,0.0,0.0,0.0,0.0,0.0
2001-08-01,0.0,0.0,0.0,0.0,0.0,0.0
2001-08-02,0.0,0.0,0.0,0.0,0.0,0.0
2001-08-03,0.0,0.0,0.0,0.0,0.0,0.0
2001-08-04,0.0,0.0,0.0,0.0,0.0,0.0
2001-08-05,0.0,0.0,0.0,0.0,0.0,0.0
2001-08-06,0.0,0.0,0.0,0.0,0.0,0.0
2001-08-07,0.0,0.0,0.0,0.0,0.0,0.0
2001-08-08,0.0,0.0,0.0,0.0,0.0,0.0
2001-08-09,0.0,0.0,0.0,0.0,0.0,0.0
2001-08-10,0.0,0.0,0.0,0.0,0.0,0.0
2001-08-11,0.0,0.00999999999476131,0.0,0.0,-0.00999999999476131,0.0
2001-08-12,0.0,0.0,0.0,0.0,0.0,0.0
2001-08-13,0.0,0.0,0.0,0.0,0.0,0.0
2001-08-14,0.0,0.0,0.0,0.0,0.0,0.0
2001-08-15,0.0,0.0,0.0,0.0,0.0,0.0
2001-08-16,0.0,0.0,0.0,0.0,0.0,0.0
2001-08-17,0.0,0.0,-0.6000000000058208,0.0,-0.6000000000058208,0.0
2001-08-18,0.0,0.0,0.0,0.0,0.0,0.0
2001-08-19,0.0,0.010000000002037268,0.0,0.0,-0.010000000002037268,0.0
2001-08-20,0.0,0.0,0.0,0.0,0.0,0.0
2001-08-21,0.0,0.0,0.0,0.0,0.0,0.0
2001-08-22,0.0,0.0,0.0,0.0,0.0,0.0
2001-08-23,0.0,0.0,0.0,0.0,0.0,0.0
2001-08-24,0.0,0.0,0.0,0.0,0.0,0.0
2001-08-25,0.0,0.0,0.0,0.0,0.0,0.0
2001-08-26,0.0,0.0,0.0,0.0,0.0,0.0
2001-08-27,0.0,0.0,0.0,0.0,0.0,0.0
2001-08-28,0.0,0.0,0.0,0.0,0.0,0.0
2001-08-29,0.0,0.0,0.0,0.0,0.0,0.0
2001-08-30,0.0,0.0,0.0,0.0,0.0,0.0
2001-08-31,0.0,0.0,0.0,0.0,0.0,0.0
2001-09-01,0.0,0.0,0.0,0.0,0.0,0.0
2001-09-02,0.0,0.0,0.0,0.0,0.0,0.0
2001-09-03,0.0,0.0,0.0,0.0,0.0,0.0
2001-09-04,0.0,0.0,0.0,0.0,0.0,0.0
2001-09-05,0.0,0.0,0.0,0.0,0.0,0.0
2001-09-06,0.0,0.0,0.0,0.0,0.0,0.0
2001-09-07,0.0,0.0,0.0,0.0,0.0,0.0
2001-09-08,0.0,0.0,0.0,0.0,0.0,0.0
2001-09-09,0.0,0.0,0.0,0.0,0.0,0.0
2001-09-10,0.0,0.0,0.0,0.0,0.0,0.0
2001-09-11,0.0,0.0,0.0,0.0,0.0,0.0
2001-09-12,0.0,0.0,0.0,0.0,0.0,0.0
2001-09-13,0.0,0.0,0.0,0.0,0.0,0.0
2001-09-14,0.0,0.0,0.0,0.0,0.0,0.0
2001-09-15,0.0,0.0,0.0,0.0,0.0,0.0
2001-09-16,0.0,0.0,0.0,0.0,0.0,0.0
2001-09-17,0.0,0.0,0.0,0.0,0.0,0.0
2001-09-18,0.0,0.0,0.0,0.0,0.0,0.0
2001-09-19,0.0,0.0,0.0,0.0,0.0,0.0
2001-09-20,0.0,0.0,0.0,0.0,0.0,0.0
2001-09-21,0.0,0.0,0.0,0.0,0.0,0.0
2001-09-22,0.0,0.0,0.0,0.0,0.0,0.0
2001-09-23,0.0,0.0,0.0,0.0,0.0,0.0
2001-09-24,0.0,0.0,0.0,0.0,0.0,0.0
2001-09-25,0.0,0.0,0.0,0.0,0.0,0.0
2001-09-26,0.0,0.0,0.0,0.0,0.0,0.0
2001-09-27,0.0,0.0,0.0,0.0,0.0,0.0
2001-09-28,0.0,0.0,0.0,0.0,0.0,0.0
2001-09-29,0.0,0.0,0.0,0.0,0.0,0.0
2001-09-30,0.0,0.0,0.0,0.0,0.0,0.0
2001-10-01,0.0,0.0,0.0,0.0,0.0,0.0
2001-10-02,0.0,0.0,0.0,0.0,0.0,0.0
2001-10-03,0.0,0.0,0.0,0.0,0.0,0.0
2001-10-04,0.0,0.0,0.0,0.0,0.0,0.0
2001-10-05,0.0,0.0,0.0,0.0,0.0,0.0
2001-10-06,0.0,0.0,0.0,0.0,0.0,0.0
2001-10-07,0.0,0.0,0.0,0.0,0.0,0.0
2001-10-08,0.0,0.0,0.0,0.0,0.0,0.0
2001-10-09,0.0,0.0,0.0,0.0,0.0,0.0
2001-10-10,0.0,0.0,0.0,0.0,0.0,0.0
2001-10-11,0.0,0.0,0.0,0.0,0.0,0.0
2001-10-12,0.0,0.0,0.0,0.0,0.0,0.0
2001-10-13,0.0,0.0,0.0,0.0,0.0,0.0
2001-10-14,0.0,0.0,0.0,0.0,0.0,0.0
2001-10-15,0.0,0.0,0.0,0.0,0.0,0.0
2001-10-16,0.0,0.0,0.0,0.0,0.0,0.0
2001-10-17,0.0,0.0,0.0,0.0,0.0,0.0
2001-10-18,0.0,0.0,0.0,0.0,0.0,0.0
2001-10-19,0.0,0.0,0.0,0.0,0.0,0.0
2001-10-20,0.0,0.0,0.0,0.0,0.0,0.0
2001-10-21,0.0,0.0,0.0,0.0,0.0,0.0
2001-10-22,0.0,-0.029999999998835847,-228.60000000002037,-0.010000000000000009,-228.57000000002154,0.0
2001-10-23,0.0,-0.010000000009313226,-23.39999999999418,-0.0010000000000000009,-23.389999999984866,0.0
2001-10-24,0.0,-0.020000000000436557,1.2000000000043656,0.0,1.2200000000048021,0.0
2001-10-25,0.0,0.0,0.0,0.0,0.0,0.0
2001-10-26,0.0,0.0,0.0,0.0,0.0,0.0
2001-10-27,0.0,0.0,0.0,0.0,0.0,0.0
2001-10-28,0.0,0.0,0.0,0.0,0.0,0.0
2001-10-29,0.0,0.0,0.0,0.0,0.0,0.0
2001-10-30,0.0,0.0,0.0,0.0,0.0,0.0
2001-10-31,0.0,0.0,-20.40000000000873,0.0,-20.40000000000873,0.0
2001-11-01,0.0,0.0,-3.599999999998545,0.0,-3.599999999998545,0.0
2001-11-02,0.0,0.0,0.0,0.0,0.0,0.0
2001-11-03,0.0,0.0,0.0,0.0,0.0,0.0
2001-11-04,0.0,0.0,0.0,0.0,0.0,0.0
2001-11-05,0.0,0.0,0.0,0.0,0.0,0.0
2001-11-06,0.0,0.00999999999476131,0.0,0.0,-0.00999999999476131,0.0
2001-11-07,0.0,0.0,0.0,0.0,0.0,0.0
2001-11-08,0.0,0.0,0.0,0.0,0.0,0.0
2001-11-09,0.0,0.0,0.0,0.0,0.0,0.0
2001-11-10,0.0,0.0,0.0,0.0,0.0,0.0
2001-11-11,0.0,0.0,0.0,0.0,0.0,0.0
2001-11-12,0.0,0.0,0.0,0.0,0.0,0.0
2001-11-13,0.0,0.0,-4.80000000000291,0.0,-4.80000000000291,0.0
2001-11-14,0.0,0.0,0.0,0.0,0.0,0.0
2001-11-15,0.0,0.0,-19.199999999982538,0.0,-19.199999999982538,0.0
2001-11-16,0.0,0.0,-24.60000000000582,0.0,-24.60000000000582,10.0
2001-11-17,0.0,0.0,0.0,0.0,0.0,0.0
2001-11-18,0.0,0.0,0.0,0.0,0.0,0.0
2001-11-19,0.0,0.0,0.0,0.0,0.0,0.0
2001-11-20,0.0,0.0,-24.000000000014552,0.0,-24.000000000014552,10.0
2001-11-21,0.0,0.00999999999476131,-24.000000000014552,0.0,-24.010000000009313,10.0
2001-11-22,0.0,0.37000000005355105,-1080.0,-0.040000000000000924,-1080.3700000000536,0.0
2001-11-23,0.0,-0.6600000000034925,-6.0,0.0,-5.3399999999965075,0.0
2001-11-24,0.0,0.029999999998835847,-12.0,0.0,-12.029999999998836,0.0
2001-11-25,0.0,-0.04000000000814907,-6.000000000014552,0.0,-5.960000000006403,10.0
2001-11-26,0.0,0.0,0.0,0.0,0.0,0.0
2001-11-27,0.0,0.0,-6.0,0.0,-6.0,0.0
2001-11-28,0.0,2.0,-534.0,-0.009999999999999787,-536.0,0.0
2001-11-29,0.0,-2.099999999976717,-516.0000000000582,-0.009999999999999787,-513.9000000000815,0.0
2001-11-30,0.0,0.22000000000116415,-221.9999999999709,-0.010000000000000231,-222.21999999997206,-10.0
2001-12-01,0.0,0.25,-924.0000000001164,-0.019999999999999574,-924.2500000001164,0.0
2001-12-02,0.0,-0.3799999999755528,-114.0000000000291,0.0,-113.62000000005355,30.0
2001-12-03,0.0,0.029999999998835847,-66.0,-0.009999999999999787,-66.02999999999884,-80.0
2001-12-04,0.0,0.12000000002444722,-306.0000000000291,-0.009999999999999787,-306.12000000005355,0.0
2001-12-05,0.0,-0.25,-293.9999999999709,-0.010000000000000231,-293.7499999999709,-10.0
2001-12-06,0.0,0.0,-864.0,-0.030000000000001137,-864.0,0.0
2001-12-07,0.0,-0.04000000000814907,-17.999999999970896,0.0,-17.959999999962747,0.0
2001-12-08,0.0,0.860000000015134,-36.000000000029104,0.0,-36.86000000004424,0.0
2001-12-09,0.0,-0.7799999999988358,-12.0,0.0,-11.220000000001164,0.0
2001-12-10,0.0,0.059999999997671694,-89.9999999999709,-0.009999999999999787,-90.05999999996857,-40.0
2001-12-11,0.0,0.6700000000128057,-276.0,-0.009999999999999787,-276.6700000000128,-20.0
2001-12-12,0.0,-0.6799999999930151,-120.0000000000291,0.0,-119.32000000003609,20.0
2001-12-13,0.0,8.319999999948777,-1074.0,-0.09999999999999964,-1082.3199999999488,0.0
2001-12-14,0.0,-8.53000000002794,-605.9999999998836,-0.020000000000000462,-597.4699999998556,0.0
2001-12-15,0.0,-0.07000000000698492,-348.0,-0.009999999999999787,-347.929999999993,0.0
2001-12-16,0.0,22.5,-977.9999999998836,0.0,-1000.4999999998836,20.0
2001-12-17,0.0,-22.15999999997439,-258.0,0.0,-235.8400000000256,0.0
2001-12-18,0.0,0.0,-389.9999999999418,-0.0600000000000005,-389.9999999999418,0.0
2001-12-19,0.0,0.0,-264.0,-0.040000000000000036,-264.0,0.0
2001-12-20,0.0,0.0,-150.0,-0.029999999999999805,-150.0,0.0
2001-12-21,0.0,0.0,-78.0,-0.010000000000000231,-78.0,0.0
2001-12-22,0.0,0.0,-78.0,-0.010000000000000231,-78.0,0.0
2001-12-23,0.0,0.0,-42.0,0.0,-42.0,0.0
2001-12-24,0.0,0.0,-29.999999999970896,0.0,-29.999999999970896,0.0
2001-12-25,0.0,0.0,-60.0,-0.010000000000000231,-60.0,0.0
2001-12-26,0.0,0.0,-30.0,-0.009999999999999787,-30.0,0.0
2001-12-27,0.0,0.2600000000093132,-6.000000000029104,0.0,-6.260000000038417,0.0
2001-12-28,0.0,-0.22000000000116415,-5.999999999970896,0.0,-5.779999999969732,0.0
2001-12-29,0.0,0.0,-6.0,0.0,-6.0,10.0
2001-12-30,0.0,0.0,0.0,0.0,0.0,0.0
2001-12-31,0.0,1.3399999999965075,0.0,0.0,-1.3399999999965075,0.0
2002-01-01,0.0,2.470000000001164,-72.0,0.0,-74.47000000000116,10.0
2002-01-02,0.0,-1.0,-65.9999999999709,0.0,-64.9999999999709,10.0
2002-01-03,0.0,-0.4400000000023283,-132.0,0.0,-131.55999999999767,60.0
2002-01-04,0.0,-2.320000000006985,-30.0,0.0,-27.679999999993015,0.0
2002-01-05,0.0,3.389999999984866,-77.9999999999709,0.0,-81.38999999995576,20.0
2002-01-06,0.0,6.370000000053551,-522.0000000000582,-0.019999999999999574,-528.3700000001118,-20.0
2002-01-07,0.0,17.239999999990687,-936.0,-0.02999999999999936,-953.2399999999907,-10.0
2002-01-08,0.0,-20.680000000051223,-450.0,-0.009999999999999787,-429.3199999999488,0.0
2002-01-09,0.0,-6.340000000025611,-18.0,-0.009999999999999787,-11.659999999974389,0.0
2002-01-10,0.0,0.0,-12.000000000029104,0.0,-12.000000000029104,0.0
2002-01-11,0.0,4.470000000001164,-18.000000000029104,0.0,-22.470000000030268,0.0
2002-01-12,0.0,-4.309999999997672,-437.9999999999418,-0.009999999999999787,-433.6899999999441,0.0
2002-01-13,0.0,-0.16999999998370185,-72.0,0.0,-71.8300000000163,20.0
2002-01-14,0.0,0.0,-78.0,0.0,-78.0,0.0
2002-01-15,0.0,0.0,-35.999999999970896,0.0,-35.999999999970896,0.0
2002-01-16,0.0,-0.029999999998835847,-96.0000000000291,-0.010000000000000231,-95.97000000003027,-20.0
2002-01-17,0.0,0.01999999998952262,-30.000000000029104,0.0,-30.020000000018626,10.0
2002-01-18,0.0,0.0,-120.0000000000291,-0.009999999999999787,-120.0000000000291,-40.0
2002-01-19,0.0,0.5999999999767169,-342.0,0.0,-342.5999999999767,130.0
2002-01-20,0.0,0.25,-923.9999999999418,-0.02999999999999936,-924.2499999999418,0.0
2002-01-21,0.0,-1.0,-1014.0,-0.019999999999999574,-1013.0,40.0
2002-01-22,0.0,-0.06999999994877726,-1002.0,0.0,-1001.9300000000512,40.0
2002-01-23,0.0,0.15999999997438863,-522.0,-0.009999999999999787,-522.1599999999744,20.0
2002-01-24,0.0,10.56000000005588,-539.9999999999418,-0.009999999999999787,-550.5599999999977,10.0
2002-01-25,0.0,34.62000000011176,-1104.0000000002328,0.0,-1138.6200000003446,0.0
2002-01-26,0.0,-45.570000000006985,-563.9999999999418,0.0,-518.4299999999348,0.0
2002-01-27,0.0,-0.030000000027939677,-744.0,-0.08000000000000007,-743.9699999999721,0.0
2002-01-28,0.0,0.0,-438.0,-0.04999999999999982,-438.0,10.0
2002-01-29,0.0,0.060000000026775524,-251.9999999999709,-0.040000000000000036,-252.05999999999767,0.0
2002-01-30,0.0,0.0,-126.0000000000291,-0.020000000000000018,-126.0000000000291,0.0
2002-01-31,0.0,0.0,-114.0,0.0,-114.0,40.0
2002-02-01,0.0,0.0,-41.999999999970896,0.0,-41.999999999970896,10.0
2002-02-02,0.0,-0.02000000001862645,-24.0,0.0,-23.979999999981374,0.0
2002-02-03,0.0,0.0,-23.999999999970896,0.0,-23.999999999970896,0.0
2002-02-04,0.0,0.0,0.0,0.0,0.0,0.0
2002-02-05,0.0,0.0,0.0,0.0,0.0,0.0
2002-02-06,0.0,0.10999999998603016,-12.0,0.0,-12.10999999998603,0.0
2002-02-07,0.0,11.650000000023283,-251.9999999999418,-0.010000000000000675,-263.6499999999651,-170.0
2002-02-08,0.0,-12.21999999997206,-786.0,-0.020000000000000462,-773.7800000000279,-50.0
2002-02-09,0.0,0.1900000000023283,-78.0,0.0,-78.19000000000233,0.0
2002-02-10,0.0,0.9000000000232831,-90.0,0.0,-90.90000000002328,20.0
2002-02-11,0.0,-0.6900000000023283,-6.0,0.0,-5.309999999997672,0.0
2002-02-12,0.0,0.01999999998952262,-66.0000000000291,0.0,-66.02000000001863,0.0
2002-02-13,0.0,0.0,-29.999999999970896,0.0,-29.999999999970896,0.0
2002-02-14,0.0,0.0,-11.999999999970896,0.0,-11.999999999970896,10.0
2002-02-15,0.0,0.0,-6.0,0.0,-6.0,0.0
2002-02-16,0.0,0.0,-36.0,0.0,-36.0,50.0
2002-02-17,0.0,0.14999999999417923,-6.000000000029104,0.0,-6.150000000023283,10.0
2002-02-18,0.0,0.41000000000349246,-48.0,0.0,-48.41000000000349,0.0
2002-02-19,0.0,5.920000000012806,-132.0,0.0,-137.9200000000128,10.0
2002-02-20,0.0,-6.35999999998603,-72.0,0.0,-65.64000000001397,0.0
2002-02-21,0.0,13.440000000002328,-210.0,0.0,-223.44000000000233,20.0
2002-02-22,0.0,-0.17999999999301508,-228.0,0.0,-227.82000000000698,20.0
2002-02-23,0.0,1.629999999946449,-426.0,-0.009999999999999787,-427.62999999994645,0.0
2002-02-24,0.0,-14.569999999948777,-306.0,0.0,-291.4300000000512,0.0
2002-02-25,0.0,0.0500000000174623,-107.9999999999709,-0.010000000000000231,-108.04999999998836,0.0
2002-02-26,0.0,0.01999999998952262,-42.0,0.0,-42.01999999998952,10.0
2002-02-27,0.0,0.0,-29.999999999970896,0.0,-29.999999999970896,0.0
2002-02-28,0.0,0.0,0.0,0.0,0.0,0.0
2002-03-01,0.0,0.0,-6.000000000029104,0.0,-6.000000000029104,0.0
2002-03-02,0.0,0.0,-6.0,0.0,-6.0,0.0
2002-03-03,0.0,0.0,0.0,0.0,0.0,0.0
2002-03-04,0.0,0.010000000009313226,0.0,0.0,-0.010000000009313226,0.0
2002-03-05,0.0,0.08000000001629815,-17.999999999970896,0.0,-18.079999999987194,0.0
2002-03-06,0.0,0.5,-870.0000000001164,-0.019999999999999574,-870.5000000001164,0.0
2002-03-07,0.0,-0.9200000000128057,-137.9999999999709,-0.009999999999999787,-137.0799999999581,-50.0
2002-03-08,0.0,-0.08000000001629815,-60.000000000029104,0.0,-59.920000000012806,20.0
2002-03-09,0.0,0.029999999998835847,-60.000000000029104,-0.010000000000000231,-60.03000000002794,-90.0
2002-03-10,0.0,0.0,-137.9999999999418,0.0,-137.9999999999418,20.0
2002-03-11,0.0,28.25,-1350.0,0.0,-1378.25,0.0
2002-03-12,0.0,-27.12999999988824,-1032.0,0.0,-1004.8700000001118,30.0
2002-03-13,0.0,-0.25,-1254.0,0.0,-1253.75,20.0
2002-03-14,0.0,-0.37000000005355105,-360.0,-0.010000000000000675,-359.62999999994645,20.0
2002-03-15,0.0,0.0,-336.0,-0.010000000000000675,-336.0,0.0
2002-03-16,0.0,0.03999999997904524,-275.9999999999418,-0.020000000000000462,-276.03999999992084,-30.0
2002-03-17,0.0,-0.060000000055879354,-132.0,-0.010000000000000231,-131.93999999994412,0.0
2002-03-18,0.0,0.0,-138.0,-0.020000000000000018,-138.0,0.0
2002-03-19,0.0,0.0,-125.9999999999709,-0.009999999999999787,-125.9999999999709,10.0
2002-03-20,0.0,2.2300000000104774,-48.000000000029104,0.0,-50.23000000003958,20.0
2002-03-21,0.0,-0.5400000000081491,-24.000000000029104,0.0,-23.460000000020955,80.0
2002-03-22,0.0,0.059999999997671694,-192.0,0.0,-192.05999999999767,150.0
2002-03-23,0.0,3.679999999993015,-48.0,0.0,-51.679999999993015,30.0
2002-03-24,0.0,-4.380000000004657,-120.00000000005821,0.0,-115.62000000005355,10.0
2002-03-25,0.0,-0.7200000000011642,-60.000000000029104,0.0,-59.28000000002794,10.0
2002-03-26,0.0,0.010000000009313226,-42.0,0.0,-42.01000000000931,10.0
2002-03-27,0.0,-0.08000000001629815,-60.0,0.0,-59.9199999999837,20.0
2002-03-28,0.0,-0.12999999997555278,-11.999999999970896,0.0,-11.869999999995343,0.0
2002-03-29,0.0,0.0,-6.0,0.0,-6.0,0.0
2002-03-30,0.0,0.139999999984866,-23.999999999970896,0.0,-24.139999999955762,0.0
2002-03-31,0.0,1.4800000000104774,0.0,0.0,-1.4800000000104774,0.0
2002-04-01,0.0,-0.4299999999930151,-5.999999999970896,0.0,-5.569999999977881,0.0
2002-04-02,0.0,0.45000000001164153,-11.999999999970896,0.0,-12.449999999982538,0.0
2002-04-03,0.0,-0.9899999999906868,-17.999999999970896,0.0,-17.00999999998021,0.0
2002-04-04,0.0,0.8500000000058208,0.0,0.0,-0.8500000000058208,0.0
2002-04-05,0.0,-0.3099999999976717,-6.0,0.0,-5.690000000002328,0.0
2002-04-06,0.0,0.3200000000069849,-6.000000000029104,0.0,-6.320000000036089,0.0
2002-04-07,0.0,-0.5600000000267755,-12.000000000029104,0.0,-11.440000000002328,10.0
2002-04-08,0.0,-0.3700000000244472,-6.000000000029104,0.0,-5.630000000004657,0.0
2002-04-09,0.0,4.25,-42.0,0.0,-46.25,10.0
2002-04-10,0.0,0.7300000000104774,-174.0000000000291,0.0,-174.73000000003958,10.0
2002-04-11,0.0,1.0,-270.0,-0.010000000000000231,-271.0,-10.0
2002-04-12,0.0,-3.029999999998836,-77.9999999999709,-0.010000000000000231,-74.96999999997206,-110.0
2002-04-13,0.0,14.25,-1344.0,-0.03999999999999915,-1358.25,10.0
2002-04-14,0.0,-6.430000000051223,-984.0,-0.030000000000001137,-977.5699999999488,0.0
2002-04-15,0.0,-11.03000000002794,-552.0,-0.02999999999999936,-540.9699999999721,0.0
2002-04-16,0.0,-0.059999999997671694,-330.0000000000582,-0.010000000000000675,-329.94000000006054,30.0
2002-04-17,0.0,0.1900000000023283,-150.0,0.0,-150.19000000000233,20.0
2002-04-18,0.0,0.04999999998835847,-84.0,0.0,-84.04999999998836,10.0
2002-04-19,0.0,-0.139999999984866,-65.9999999999709,-0.010000000000000231,-65.85999999998603,-270.0
2002-04-20,0.0,-0.1300000000046566,-30.0,0.0,-29.869999999995343,0.0
2002-04-21,0.0,0.4399999999732245,-6.0,0.0,-6.4399999999732245,0.0
2002-04-22,0.0,-0.40999999997438863,-6.0,0.0,-5.590000000025611,0.0
2002-04-23,0.0,0.06999999997788109,0.0,0.0,-0.06999999997788109,0.0
2002-04-24,0.0,-0.010000000009313226,-6.0,0.0,-5.989999999990687,0.0
2002-04-25,0.0,0.2699999999895226,0.0,0.0,-0.2699999999895226,0.0
2002-04-26,0.0,-0.23999999999068677,0.0,0.0,0.23999999999068677,0.0
2002-04-27,0.0,0.34999999997671694,-6.0,0.0,-6.349999999976717,10.0
2002-04-28,0.0,-0.23000000001047738,-12.000000000029104,0.0,-11.770000000018626,0.0
2002-04-29,0.0,0.6200000000244472,0.0,0.0,-0.6200000000244472,0.0
2002-04-30,0.0,-0.5800000000162981,0.0,0.0,0.5800000000162981,0.0
2002-05-01,0.0,0.0,0.0,0.0,0.0,0.0
2002-05-02,0.0,0.0,0.0,0.0,0.0,0.0
2002-05-03,0.0,0.0,0.0,0.0,0.0,0.0
2002-05-04,0.0,0.0,0.0,0.0,0.0,0.0
2002-05-05,0.0,0.0,0.0,0.0,0.0,0.0
2002-05-06,0.0,0.0,0.0,0.0,0.0,0.0
2002-05-07,0.0,0.0,0.0,0.0,0.0,0.0
2002-05-08,0.0,0.0,-5.999999999970896,0.0,-5.999999999970896,0.0
2002-05-09,0.0,0.0,0.0,0.0,0.0,0.0
2002-05-10,0.0,0.0,0.0,0.0,0.0,0.0
2002-05-11,0.0,0.0,0.0,0.0,0.0,0.0
2002-05-12,0.0,-0.029999999998835847,0.0,0.0,0.029999999998835847,0.0
2002-05-13,0.0,0.0,0.0,0.0,0.0,0.0
2002-05-14,0.0,0.0,0.0,0.0,0.0,0.0
2002-05-15,0.0,0.0,0.0,0.0,0.0,0.0
2002-05-16,0.0,0.0,0.0,0.0,0.0,0.0
2002-05-17,0.0,0.0,0.0,0.0,0.0,0.0
2002-05-18,0.0,0.0,0.0,0.0,0.0,0.0
2002-05-19,0.0,0.0,0.0,0.0,0.0,0.0
2002-05-20,0.0,0.0,0.0,0.0,0.0,0.0
2002-05-21,0.0,-0.059999999997671694,0.0,0.0,0.059999999997671694,0.0
2002-05-22,0.0,0.0,-6.0,0.0,-6.0,0.0
2002-05-23,0.0,0.0,0.0,0.0,0.0,0.0
2002-05-24,0.0,0.0,0.0,0.0,0.0,0.0
2002-05-25,0.0,0.0,0.0,0.0,0.0,0.0
2002-05-26,0.0,0.0,0.0,0.0,0.0,0.0
2002-05-27,0.0,0.0,0.0,0.0,0.0,0.0
2002-05-28,0.0,0.0,0.0,0.0,0.0,0.0
2002-05-29,0.0,0.0,0.0,0.0,0.0,0.0
2002-05-30,0.0,0.0,0.0,0.0,0.0,0.0
2002-05-31,0.0,0.0,0.0,0.0,0.0,0.0
2002-06-01,0.0,0.0,0.0,0.0,0.0,0.0
2002-06-02,0.0,0.0,0.0,0.0,0.0,0.0
2002-06-03,0.0,0.0,0.0,0.0,0.0,0.0
2002-06-04,0.0,0.01999999998952262,0.0,0.0,-0.01999999998952262,0.0
2002-06-05,0.0,0.0,0.0,0.0,0.0,0.0
2002-06-06,0.0,0.0,0.0,0.0,0.0,0.0
2002-06-07,0.0,-0.03999999999359716,0.0,0.0,0.03999999999359716,0.0
2002-06-08,0.0,0.010000000009313226,0.0,0.0,-0.010000000009313226,0.0
2002-06-09,0.0,0.0,0.0,0.0,0.0,0.0
2002-06-10,0.0,0.0,0.0,0.0,0.0,0.0
2002-06-11,0.0,0.0,0.0,0.0,0.0,0.0
2002-06-12,0.0,0.0,0.0,0.0,0.0,0.0
2002-06-13,0.0,0.0,0.0,0.0,0.0,0.0
2002-06-14,0.0,0.0,0.0,0.0,0.0,0.0
2002-06-15,0.0,0.0,0.0,0.0,0.0,0.0
2002-06-16,0.0,0.0,0.0,0.0,0.0,0.0
2002-06-17,0.0,0.0,-5.999999999985448,0.0,-5.999999999985448,0.0
2002-06-18,0.0,0.0,0.0,0.0,0.0,0.0
2002-06-19,0.0,0.0,0.0,0.0,0.0,0.0
2002-06-20,0.0,0.0,0.0,0.0,0.0,0.0
2002-06-21,0.0,0.0,0.0,0.0,0.0,0.0
2002-06-22,0.0,0.0,0.0,0.0,0.0,0.0
2002-06-23,0.0,0.029999999998835847,0.0,0.0,-0.029999999998835847,0.0
2002-06-24,0.0,-0.05000000000291038,0.0,0.0,0.05000000000291038,0.0
2002-06-25,0.0,0.0,0.0,0.0,0.0,0.0
2002-06-26,0.0,0.0,0.0,0.0,0.0,0.0
2002-06-27,0.0,0.0,0.0,0.0,0.0,0.0
2002-06-28,0.0,0.0,0.0,0.0,0.0,0.0
2002-06-29,0.0,0.0,0.0,0.0,0.0,0.0
2002-06-30,0.0,0.0,0.0,0.0,0.0,0.0
2002-07-01,0.0,0.0,0.0,0.0,0.0,0.0
2002-07-02,0.0,0.0,0.0,0.0,0.0,0.0
2002-07-03,0.0,0.04000000000814907,0.0,0.0,-0.04000000000814907,0.0
2002-07-04,0.0,0.0,0.0,0.0,0.0,0.0
2002-07-05,0.0,-0.010000000009313226,0.0,0.0,0.010000000009313226,0.0
2002-07-06,0.0,0.00999999999476131,0.0,0.0,-0.00999999999476131,0.0
2002-07-07,0.0,0.0,0.0,0.0,0.0,0.0
2002-07-08,0.0,0.0,0.0,0.0,0.0,0.0
2002-07-09,0.0,0.0,0.0,0.0,0.0,0.0
2002-07-10,0.0,0.0,0.0,0.0,0.0,0.0
2002-07-11,0.0,-0.01999999998952262,0.0,0.0,0.01999999998952262,0.0
2002-07-12,0.0,-0.020000000004074536,0.0,0.0,0.020000000004074536,0.0
2002-07-13,0.0,0.0,0.0,0.0,0.0,0.0
2002-07-14,0.0,-0.020000000004074536,0.0,0.0,0.020000000004074536,0.0
2002-07-15,0.0,0.0,0.0,0.0,0.0,0.0
2002-07-16,0.0,0.020000000004074536,0.0,0.0,-0.020000000004074536,0.0
2002-07-17,0.0,0.0,0.0,0.0,0.0,0.0
2002-07-18,0.0,0.0,0.0,0.0,0.0,0.0
2002-07-19,0.0,0.0,0.0,0.0,0.0,0.0
2002-07-20,0.0,0.0,0.0,0.0,0.0,0.0
2002-07-21,0.0,0.0,0.0,0.0,0.0,0.0
2002-07-22,0.0,0.0,0.0,0.0,0.0,0.0
2002-07-23,0.0,0.0,0.0,0.0,0.0,0.0
2002-07-24,0.0,0.0,0.0,0.0,0.0,0.0
2002-07-25,0.0,0.0,0.0,0.0,0.0,0.0
2002-07-26,0.0,0.0,0.0,0.0,0.0,0.0
2002-07-27,0.0,0.0,0.0,0.0,0.0,0.0
2002-07-28,0.0,0.0,0.0,0.0,0.0,0.0
2002-07-29,0.0,0.0,0.5999999999985448,0.0,0.5999999999985448,0.0
2002-07-30,0.0,0.0,0.0,0.0,0.0,0.0
2002-07-31,0.0,0.0,0.0,0.0,0.0,0.0
2002-08-01,0.0,0.0,0.0,0.0,0.0,0.0
2002-08-02,0.0,0.0,0.0,0.0,0.0,0.0
2002-08-03,0.0,0.0,0.0,0.0,0.0,0.0
2002-08-04,0.0,0.0,0.0,0.0,0.0,0.0
2002-08-05,0.0,0.0,0.0,0.0,0.0,0.0
2002-08-06,0.0,0.0,0.0,0.0,0.0,0.0
2002-08-07,0.0,0.0,0.0,0.0,0.0,0.0
2002-08-08,0.0,0.0,0.0,0.0,0.0,0.0
2002-08-09,0.0,0.0,0.0,0.0,0.0,0.0
2002-08-10,0.0,0.0,0.0,0.0,0.0,0.0
2002-08-11,0.0,0.0,0.0,0.0,0.0,0.0
2002-08-12,0.0,0.0,0.0,0.0,0.0,0.0
2002-08-13,0.0,0.0,0.0,0.0,0.0,0.0
2002-08-14,0.0,0.0,0.0,0.0,0.0,0.0
2002-08-15,0.0,0.0,0.0,0.0,0.0,0.0
2002-08-16,0.0,0.0,0.0,0.0,0.0,0.0
2002-08-17,0.0,0.0,-0.5999999999985448,0.0,-0.5999999999985448,0.0
2002-08-18,0.0,0.0,0.0,0.0,0.0,0.0
2002-08-19,0.0,0.0,0.0,0.0,0.0,0.0
2002-08-20,0.0,0.0,0.0,0.0,0.0,0.0
2002-08-21,0.0,0.0,0.0,0.0,0.0,0.0
2002-08-22,0.0,0.0,0.0,0.0,0.0,0.0
2002-08-23,0.0,0.0,0.0,0.0,0.0,0.0
2002-08-24,0.0,0.0,0.0,0.0,0.0,0.0
2002-08-25,0.0,0.0,0.0,0.0,0.0,0.0
2002-08-26,0.0,0.0,0.0,0.0,0.0,0.0
2002-08-27,0.0,0.0,0.0,0.0,0.0,0.0
2002-08-28,0.0,0.0,0.0,0.0,0.0,0.0
2002-08-29,0.0,0.0,0.0,0.0,0.0,0.0
2002-08-30,0.0,0.0,0.0,0.0,0.0,0.0
2002-08-31,0.0,0.0,0.0,0.0,0.0,0.0
2002-09-01,0.0,0.0,0.0,0.0,0.0,0.0
2002-09-02,0.0,0.0,0.0,0.0,0.0,0.0
2002-09-03,0.0,0.0,0.0,0.0,0.0,0.0
2002-09-04,0.0,0.0,0.0,0.0,0.0,0.0
2002-09-05,0.0,0.0,0.0,0.0,0.0,0.0
2002-09-06,0.0,0.0,0.0,0.0,0.0,0.0
2002-09-07,0.0,0.0,0.0,0.0,0.0,0.0
2002-09-08,0.0,0.0,0.0,0.0,0.0,0.0
2002-09-09,0.0,0.0,0.0,0.0,0.0,0.0
2002-09-10,0.0,0.0,0.0,0.0,0.0,0.0
2002-09-11,0.0,0.0,0.0,0.0,0.0,0.0
2002-09-12,0.0,0.0,0.0,0.0,0.0,0.0
2002-09-13,0.0,0.0,0.0,0.0,0.0,0.0
2002-09-14,0.0,0.0,0.0,0.0,0.0,0.0
2002-09-15,0.0,0.0,0.0,0.0,0.0,0.0
2002-09-16,0.0,0.0,0.0,0.0,0.0,0.0
2002-09-17,0.0,0.0,0.0,0.0,0.0,0.0
2002-09-18,0.0,0.0,0.0,0.0,0.0,0.0
2002-09-19,0.0,0.0,0.0,0.0,0.0,0.0
2002-09-20,0.0,0.0,0.0,0.0,0.0,0.0
2002-09-21,0.0,0.0,0.0,0.0,0.0,0.0
2002-09-22,0.0,0.0,0.0,0.0,0.0,0.0
2002-09-23,0.0,0.0,0.0,0.0,0.0,0.0
2002-09-24,0.0,0.0,0.0,0.0,0.0,0.0
2002-09-25,0.0,0.0,0.0,0.0,0.0,0.0
2002-09-26,0.0,0.0,0.0,0.0,0.0,0.0
2002-09-27,0.0,0.0,0.0,0.0,0.0,0.0
2002-09-28,0.0,0.0,0.0,0.0,0.0,0.0
2002-09-29,0.0,0.0,0.0,0.0,0.0,0.0
2002-09-30,0.0,0.0,0.0,0.0,0.0,0.0
2002-10-01,0.0,0.0,0.0,0.0,0.0,0.0
2002-10-02,0.0,0.0,0.0,0.0,0.0,0.0
2002-10-03,0.0,0.0,0.0,0.0,0.0,0.0
2002-10-04,0.0,0.0,0.0,0.0,0.0,0.0
2002-10-05,0.0,0.0,0.0,0.0,0.0,0.0
2002-10-06,0.0,0.0,0.0,0.0,0.0,0.0
2002-10-07,0.0,0.0,0.0,0.0,0.0,0.0
2002-10-08,0.0,0.0,0.0,0.0,0.0,0.0
2002-10-09,0.0,0.0,0.0,0.0,0.0,0.0
2002-10-10,0.0,0.0,0.0,0.0,0.0,0.0
2002-10-11,0.0,0.0,0.0,0.0,0.0,0.0
2002-10-12,0.0,0.0,0.0,0.0,0.0,0.0
2002-10-13,0.0,0.0,0.0,0.0,0.0,0.0
2002-10-14,0.0,0.0,0.0,0.0,0.0,0.0
2002-10-15,0.0,0.0,0.0,0.0,0.0,0.0
2002-10-16,0.0,0.0,0.0,0.0,0.0,0.0
2002-10-17,0.0,0.0,0.0,0.0,0.0,0.0
2002-10-18,0.0,0.0,0.0,0.0,0.0,0.0
2002-10-19,0.0,0.0,0.0,0.0,0.0,0.0
2002-10-20,0.0,0.0,0.0,0.0,0.0,0.0
2002-10-21,0.0,0.0,0.0,0.0,0.0,0.0
2002-10-22,0.0,0.0,0.0,0.0,0.0,0.0
2002-10-23,0.0,0.0,0.0,0.0,0.0,0.0
2002-10-24,0.0,0.0,0.0,0.0,0.0,0.0
2002-10-25,0.0,0.0,0.0,0.0,0.0,0.0
2002-10-26,0.0,0.0,0.0,0.0,0.0,0.0
2002-10-27,0.0,0.0,0.0,0.0,0.0,0.0
2002-10-28,0.0,0.0,0.0,0.0,0.0,0.0
2002-10-29,0.0,0.0,0.0,0.0,0.0,0.0
2002-10-30,0.0,0.0,0.0,0.0,0.0,0.0
2002-10-31,0.0,0.0,0.0,0.0,0.0,0.0
2002-11-01,0.0,0.0,0.0,0.0,0.0,0.0
2002-11-02,0.0,0.0,0.0,0.0,0.0,0.0
2002-11-03,0.0,0.0,0.0,0.0,0.0,0.0
2002-11-04,0.0,0.0,0.0,0.0,0.0,0.0
2002-11-05,0.0,0.0,0.0,0.0,0.0,0.0
2002-11-06,0.0,0.0,0.0,0.0,0.0,0.0
2002-11-07,0.0,0.0,0.0,0.0,0.0,0.0
2002-11-08,0.0,0.0,0.0,0.0,0.0,0.0
2002-11-09,0.0,0.0,0.0,0.0,0.0,0.0
2002-11-10,0.0,0.0,0.0,0.0,0.0,0.0
2002-11-11,0.0,0.0,0.0,0.0,0.0,0.0
2002-11-12,0.0,0.0,0.0,0.0,0.0,0.0
2002-11-13,0.0,0.0,0.0,0.0,0.0,0.0
2002-11-14,0.0,0.0,0.0,0.0,0.0,0.0
2002-11-15,0.0,0.0,0.0,0.0,0.0,0.0
2002-11-16,0.0,0.0,0.0,0.0,0.0,0.0
2002-11-17,0.0,0.0,0.0,0.0,0.0,0.0
2002-11-18,0.0,0.0,0.0,0.0,0.0,0.0
2002-11-19,0.0,0.0,0.0,0.0,0.0,0.0
2002-11-20,0.0,0.0,0.0,0.0,0.0,0.0
2002-11-21,0.0,0.0,0.0,0.0,0.0,0.0
2002-11-22,0.0,0.0,0.0,0.0,0.0,0.0
2002-11-23,0.0,0.0,0.0,0.0,0.0,0.0
2002-11-24,0.0,0.0,0.0,0.0,0.0,0.0
2002-11-25,0.0,0.0,0.0,0.0,0.0,0.0
2002-11-26,0.0,0.0,0.0,0.0,0.0,0.0
2002-11-27,0.0,0.0,0.0,0.0,0.0,0.0
2002-11-28,0.0,0.0,0.0,0.0,0.0,0.0
2002-11-29,0.0,0.0,0.0,0.0,0.0,0.0
2002-11-30,0.0,0.0,0.0,0.0,0.0,0.0
2002-12-01,0.0,0.0,0.0,0.0,0.0,0.0
2002-12-02,0.0,0.0,0.0,0.0,0.0,0.0
2002-12-03,0.0,0.0,0.0,0.0,0.0,0.0
2002-12-04,0.0,0.0,0.0,0.0,0.0,0.0
2002-12-05,0.0,0.0,0.0,0.0,0.0,0.0
2002-12-06,0.0,0.0,0.0,0.0,0.0,0.0
2002-12-07,0.0,0.0,0.0,0.0,0.0,0.0
2002-12-08,0.0,0.0,0.0,0.0,0.0,0.0
2002-12-09,0.0,0.0,0.0,0.0,0.0,0.0
2002-12-10,0.0,0.0,0.0,0.0,0.0,0.0
2002-12-11,0.0,0.0,0.0,0.0,0.0,0.0
2002-12-12,0.0,0.0,0.0,0.0,0.0,0.0
2002-12-13,0.0,0.0,0.0,0.0,0.0,0.0
2002-12-14,0.0,0.0,0.0,0.0,0.0,0.0
2002-12-15,0.0,0.0,0.0,0.0,0.0,0.0
2002-12-16,0.0,0.0,0.0,0.0,0.0,0.0
2002-12-17,0.0,0.0,0.0,0.0,0.0,0.0
2002-12-18,0.0,0.0,0.0,0.0,0.0,0.0
2002-12-19,0.0,0.0,0.0,0.0,0.0,0.0
2002-12-20,0.0,0.0,0.0,0.0,0.0,0.0
2002-12-21,0.0,0.0,0.0,0.0,0.0,0.0
2002-12-22,0.0,0.0,0.0,0.0,0.0,0.0
2002-12-23,0.0,0.0,0.0,0.0,0.0,0.0
2002-12-24,0.0,0.0,0.0,0.0,0.0,0.0
2002-12-25,0.0,0.0,0.0,0.0,0.0,0.0
2002-12-26,0.0,0.0,0.0,0.0,0.0,0.0
2002-12-27,0.0,0.0,-1.7999999999883585,0.0,-1.7999999999883585,10.0
2002-12-28,0.0,0.0,0.0,0.0,0.0,0.0
2002-12-29,0.0,0.0,-0.6000000000058208,0.0,-0.6000000000058208,0.0
2002-12-30,0.0,0.08000000000174623,-59.999999999970896,0.0,-60.07999999997264,20.0
2002-12-31,0.0,1.679999999993015,-96.0000000000291,0.0,-97.68000000002212,20.0
2003-01-01,0.0,-1.6999999999970896,-5.999999999985448,0.0,-4.2999999999883585,0.0
2003-01-02,0.0,0.8400000000256114,-42.0,0.0,-42.84000000002561,10.0
2003-01-03,0.0,-0.8800000000046566,-12.0,0.0,-11.119999999995343,0.0
2003-01-04,0.0,0.23999999999068677,-66.00000000001455,0.0,-66.24000000000524,10.0
2003-01-05,0.0,-0.2400000000052387,0.0,0.0,0.2400000000052387,0.0
2003-01-06,0.0,0.010000000009313226,0.0,0.0,-0.010000000009313226,0.0
2003-01-07,0.0,0.0,0.0,0.0,0.0,0.0
2003-01-08,0.0,0.0,0.0,0.0,0.0,0.0
2003-01-09,0.0,-0.029999999998835847,0.0,0.0,0.029999999998835847,0.0
2003-01-10,0.0,0.0,0.0,0.0,0.0,0.0
2003-01-11,0.0,0.0,0.0,0.0,0.0,0.0
2003-01-12,0.0,0.0,-6.0,0.0,-6.0,0.0
2003-01-13,0.0,0.0,-18.0,0.0,-18.0,30.0
2003-01-14,0.0,0.0,0.0,0.0,0.0,0.0
2003-01-15,0.0,0.0,0.0,0.0,0.0,0.0
2003-01-16,0.0,0.0,0.0,0.0,0.0,0.0
2003-01-17,0.0,0.0,0.0,0.0,0.0,0.0
2003-01-18,0.0,0.0,0.0,0.0,0.0,0.0
2003-01-19,0.0,0.0,0.0,0.0,0.0,0.0
2003-01-20,0.0,0.0,0.0,0.0,0.0,0.0
2003-01-21,0.0,0.0,0.0,0.0,0.0,0.0
2003-01-22,0.0,0.0,-6.0,0.0,-6.0,20.0
2003-01-23,0.0,0.0,0.0,0.0,0.0,0.0
2003-01-24,0.0,0.0,-18.0,0.0,-18.0,10.0
2003-01-25,0.0,0.0,-6.0,0.0,-6.0,0.0
2003-01-26,0.0,0.0,-95.9999999999709,0.0,-95.9999999999709,20.0
2003-01-27,0.0,-0.04999999998835847,0.0,0.0,0.04999999998835847,0.0
2003-01-28,0.0,0.029999999998835847,-6.0,0.0,-6.029999999998836,0.0
2003-01-29,0.0,1.1400000000139698,-407.9999999999709,-0.009999999999999787,-409.13999999998487,-60.0
2003-01-30,0.0,0.0,-1829.9999999998836,0.0,-1829.9999999998836,0.0
2003-01-31,0.0,7.629999999888241,-2706.000000000233,-0.10000000000000142,-2713.630000000121,0.0
2003-02-01,0.0,-8.869999999995343,-114.0,0.0,-105.13000000000466,0.0
2003-02-02,0.0,0.07999999998719431,-78.0000000000291,0.0,-78.0800000000163,20.0
2003-02-03,0.0,-0.09999999997671694,-125.9999999999709,0.0,-125.89999999999418,20.0
2003-02-04,0.0,0.0,-6.0,0.0,-6.0,0.0
2003-02-05,0.0,-0.059999999997671694,0.0,0.0,0.059999999997671694,0.0
2003-02-06,0.0,0.010000000009313226,-6.000000000029104,0.0,-6.010000000038417,0.0
2003-02-07,0.0,0.0,0.0,0.0,0.0,0.0
2003-02-08,0.0,0.0,0.0,0.0,0.0,0.0
2003-02-09,0.0,0.0,0.0,0.0,0.0,0.0
2003-02-10,0.0,0.0,0.0,0.0,0.0,0.0
2003-02-11,0.0,0.0,-6.0,0.0,-6.0,0.0
2003-02-12,0.0,0.0,0.0,0.0,0.0,0.0
2003-02-13,0.0,0.0,-6.0,0.0,-6.0,0.0
2003-02-14,0.0,0.0,0.0,0.0,0.0,0.0
2003-02-15,0.0,0.0,0.0,0.0,0.0,0.0
2003-02-16,0.0,0.0,-23.999999999970896,0.0,-23.999999999970896,10.0
2003-02-17,0.0,0.0,-414.0,-0.009999999999999787,-414.0,0.0
2003-02-18,0.0,0.010000000009313226,-120.0000000000291,0.0,-120.01000000003842,10.0
2003-02-19,0.0,0.14000000001396984,-174.0,-0.009999999999999787,-174.14000000001397,-20.0
2003-02-20,0.0,-0.12000000005355105,-384.0,-0.010000000000000675,-383.87999999994645,0.0
2003-02-21,0.0,0.15999999997438863,-924.0000000000582,-0.02999999999999936,-924.1600000000326,0.0
2003-02-22,0.0,0.0,-330.0,-0.010000000000000675,-330.0,0.0
2003-02-23,0.0,0.0,-18.000000000029104,0.0,-18.000000000029104,0.0
2003-02-24,0.0,0.0,-6.0,0.0,-6.0,0.0
2003-02-25,0.0,0.0,0.0,0.0,0.0,0.0
2003-02-26,0.0,0.0,0.0,0.0,0.0,0.0
2003-02-27,0.0,0.0,0.0,0.0,0.0,0.0
2003-02-28,0.0,0.0,-18.000000000029104,0.0,-18.000000000029104,0.0
2003-03-01,0.0,-0.04999999998835847,0.0,0.0,0.04999999998835847,0.0
2003-03-02,0.0,0.08000000001629815,-5.999999999970896,0.0,-6.079999999987194,10.0
2003-03-03,0.0,-0.029999999998835847,-6.0,0.0,-5.970000000001164,0.0
2003-03-04,0.0,0.07000000000698492,0.0,0.0,-0.07000000000698492,0.0
2003-03-05,0.0,1.0100000000093132,-149.9999999999709,0.0,-151.0099999999802,40.0
2003-03-06,0.0,-0.8100000000558794,-426.0,-0.009999999999999787,-425.1899999999441,0.0
2003-03-07,0.0,14.75,-3432.0,0.0,-3446.75,10.0
2003-03-08,0.0,-13.75,-876.0000000001164,-0.030000000000001137,-862.2500000001164,0.0
2003-03-09,0.0,-1.220000000030268,-575.9999999999418,-0.020000000000000462,-574.7799999999115,-10.0
2003-03-10,0.0,0.059999999997671694,-162.0,-0.009999999999999787,-162.05999999999767,-20.0
2003-03-11,0.0,0.5700000000069849,-174.0,0.0,-174.57000000000698,60.0
2003-03-12,0.0,-0.4699999999720603,-390.0,-0.019999999999999574,-389.53000000002794,-10.0
2003-03-13,0.0,0.0,-155.9999999999709,0.0,-155.9999999999709,20.0
2003-03-14,0.0,0.059999999997671694,-90.0000000000291,0.0,-90.06000000002678,30.0
2003-03-15,0.0,0.04999999998835847,-156.0,-0.010000000000000231,-156.04999999998836,-30.0
2003-03-16,0.0,0.029999999998835847,-71.9999999999709,-0.009999999999999787,-72.02999999996973,-80.0
2003-03-17,0.0,-0.25,-59.999999999970896,-0.009999999999999787,-59.749999999970896,-50.0
2003-03-18,0.0,0.0,-36.0,0.0,-36.0,0.0
2003-03-19,0.0,0.0,-60.0,0.0,-60.0,20.0
2003-03-20,0.0,0.11999999999534339,-90.0,0.0,-90.11999999999534,30.0
2003-03-21,0.0,1.25,-648.0,-0.020000000000000462,-649.25,0.0
2003-03-22,0.0,1.9399999999441206,-2340.0000000001164,-0.09999999999999787,-2341.9400000000605,-10.0
2003-03-23,0.0,-3.349999999976717,-390.0000000000582,-0.009999999999999787,-386.6500000000815,10.0
2003-03-24,0.0,-0.030000000027939677,-132.0000000000582,-0.010000000000000231,-131.97000000003027,-10.0
2003-03-25,0.0,0.09999999997671694,-378.0000000001164,-0.009999999999999787,-378.10000000009313,0.0
2003-03-26,0.0,0.3099999999976717,-726.0000000000582,-0.03000000000000025,-726.3100000000559,-10.0
2003-03-27,0.0,-0.1900000000023283,-186.0000000000582,0.0,-185.81000000005588,30.0
2003-03-28,0.0,-0.18999999997322448,-30.0,0.0,-29.810000000026776,10.0
2003-03-29,0.0,-0.04000000000814907,-18.0,0.0,-17.95999999999185,0.0
2003-03-30,0.0,0.0,0.0,0.0,0.0,0.0
2003-03-31,0.0,0.360000000015134,-54.0,-0.010000000000000231,-54.360000000015134,-60.0
2003-04-01,0.0,-0.33000000001629815,-198.0000000000291,0.0,-197.6700000000128,60.0
2003-04-02,0.0,0.04000000000814907,-203.9999999999709,-0.009999999999999787,-204.03999999997905,-10.0
2003-04-03,0.0,0.0,-221.9999999999418,-0.009999999999999787,-221.9999999999418,0.0
2003-04-04,0.0,0.0,-191.9999999999418,0.0,-191.9999999999418,20.0
2003-04-05,0.0,0.0,-378.0000000000582,-0.009999999999999787,-378.0000000000582,0.0
2003-04-06,0.0,0.030000000027939677,-329.9999999999418,-0.009999999999999787,-330.02999999996973,0.0
2003-04-07,0.0,-0.01999999998952262,-66.0,0.0,-65.98000000001048,20.0
2003-04-08,0.0,-0.01999999998952262,-24.0,0.0,-23.980000000010477,0.0
2003-04-09,0.0,0.10000000000582077,-96.0,0.0,-96.10000000000582,20.0
2003-04-10,0.0,0.04000000000814907,-168.0000000000291,-0.009999999999999787,-168.04000000003725,-20.0
2003-04-11,0.0,-0.16999999998370185,-95.9999999999709,-0.009999999999999787,-95.8299999999872,-20.0
2003-04-12,0.0,0.11000000001513399,-144.0,0.0,-144.11000000001513,20.0
2003-04-13,0.0,-0.01999999998952262,-185.9999999999418,0.0,-185.97999999995227,20.0
2003-04-14,0.0,-0.059999999997671694,-59.999999999970896,0.0,-59.939999999973224,30.0
2003-04-15,0.0,-0.04999999998835847,-54.0,0.0,-53.95000000001164,30.0
2003-04-16,0.0,0.04000000000814907,-138.0,0.0,-138.04000000000815,20.0
2003-04-17,0.0,0.06999999994877726,-396.0,-0.009999999999999787,-396.0699999999488,0.0
2003-04-18,0.0,-0.08000000001629815,-114.0,-0.010000000000000231,-113.9199999999837,-40.0
2003-04-19,0.0,0.0,-24.0,0.0,-24.0,0.0
2003-04-20,0.0,0.09999999997671694,-18.000000000029104,0.0,-18.10000000000582,0.0
2003-04-21,0.0,0.0,-24.000000000029104,0.0,-24.000000000029104,20.0
2003-04-22,0.0,0.0,-18.0,0.0,-18.0,10.0
2003-04-23,0.0,0.0,-144.0000000000291,-0.009999999999999787,-144.0000000000291,-20.0
2003-04-24,0.0,0.0,-107.9999999999709,0.0,-107.9999999999709,20.0
2003-04-25,0.0,0.01999999998952262,-96.0000000000291,0.0,-96.02000000001863,30.0
2003-04-26,0.0,0.139999999984866,-72.0,0.0,-72.13999999998487,10.0
2003-04-27,0.0,-0.029999999998835847,-6.0,-0.010000000000000231,-5.970000000001164,-20.0
2003-04-28,0.0,0.010000000009313226,-18.000000000029104,0.0,-18.010000000038417,0.0
2003-04-29,0.0,0.0,-17.999999999970896,0.0,-17.999999999970896,10.0
2003-04-30,0.0,-0.08999999999650754,-6.000000000029104,0.0,-5.910000000032596,10.0
2003-05-01,0.0,0.0,0.0,0.0,0.0,0.0
2003-05-02,0.0,0.0,-6.0,0.0,-6.0,0.0
2003-05-03,0.0,0.0,0.0,0.0,0.0,0.0
2003-05-04,0.0,0.25,-101.9999999999709,-0.010000000000000231,-102.2499999999709,-80.0
2003-05-05,0.0,-0.22000000000116415,-114.0000000000291,0.0,-113.78000000002794,50.0
2003-05-06,0.0,-0.0500000000174623,0.0,0.0,0.0500000000174623,0.0
2003-05-07,0.0,0.0,-12.0,0.0,-12.0,10.0
2003-05-08,0.0,0.0,-5.999999999970896,0.0,-5.999999999970896,0.0
2003-05-09,0.0,0.0,0.0,0.0,0.0,0.0
2003-05-10,0.0,0.0,0.0,0.0,0.0,0.0
2003-05-11,0.0,0.0,0.0,0.0,0.0,0.0
2003-05-12,0.0,0.0,-6.0,0.0,-6.0,0.0
2003-05-13,0.0,0.0,0.0,0.0,0.0,0.0
2003-05-14,0.0,0.0,0.0,0.0,0.0,0.0
2003-05-15,0.0,0.0,-24.0,0.0,-24.0,20.0
2003-05-16,0.0,-0.010000000009313226,-11.999999999970896,0.0,-11.989999999961583,10.0
2003-05-17,0.0,0.029999999998835847,-6.0,0.0,-6.029999999998836,0.0
2003-05-18,0.0,0.0,0.0,0.0,0.0,0.0
2003-05-19,0.0,0.0,0.0,0.0,0.0,0.0
2003-05-20,0.0,0.059999999997671694,0.0,0.0,-0.059999999997671694,0.0
2003-05-21,0.0,0.0,0.0,0.0,0.0,0.0
2003-05-22,0.0,0.0,0.0,0.0,0.0,0.0
2003-05-23,0.0,0.0,0.0,0.0,0.0,0.0
2003-05-24,0.0,0.0,0.0,0.0,0.0,0.0
2003-05-25,0.0,0.029999999998835847,0.0,0.0,-0.029999999998835847,0.0
2003-05-26,0.0,0.0,0.0,0.0,0.0,0.0
2003-05-27,0.0,0.0,0.0,0.0,0.0,0.0
2003-05-28,0.0,0.0,0.0,0.0,0.0,0.0
2003-05-29,0.0,0.0,0.0,0.0,0.0,0.0
2003-05-30,0.0,0.0,0.0,0.0,0.0,0.0
2003-05-31,0.0,0.0,0.0,0.0,0.0,0.0
2003-06-01,0.0,0.0,0.0,0.0,0.0,0.0
2003-06-02,0.0,-0.04000000000814907,0.0,0.0,0.04000000000814907,0.0
2003-06-03,0.0,0.0,0.0,0.0,0.0,0.0
2003-06-04,0.0,0.0,0.0,0.0,0.0,0.0
2003-06-05,0.0,0.0,0.0,0.0,0.0,0.0
2003-06-06,0.0,0.0,0.0,0.0,0.0,0.0
2003-06-07,0.0,0.0,0.0,0.0,0.0,0.0
2003-06-08,0.0,0.0,0.0,0.0,0.0,0.0
2003-06-09,0.0,0.0,0.0,0.0,0.0,0.0
2003-06-10,0.0,0.0,0.0,0.0,0.0,0.0
2003-06-11,0.0,0.0,0.0,0.0,0.0,0.0
2003-06-12,0.0,0.0,0.0,0.0,0.0,0.0
2003-06-13,0.0,0.0,0.0,0.0,0.0,0.0
2003-06-14,0.0,0.0,0.0,0.0,0.0,0.0
2003-06-15,0.0,0.0,0.0,0.0,0.0,0.0
2003-06-16,0.0,0.0,0.0,0.0,0.0,0.0
2003-06-17,0.0,0.0,0.0,0.0,0.0,0.0
2003-06-18,0.0,0.0,0.0,0.0,0.0,0.0
2003-06-19,0.0,0.0,0.0,0.0,0.0,0.0
2003-06-20,0.0,0.0,0.0,0.0,0.0,0.0
2003-06-21,0.0,0.0,0.0,0.0,0.0,0.0
2003-06-22,0.0,0.0,0.0,0.0,0.0,0.0
2003-06-23,0.0,0.0,0.0,0.0,0.0,0.0
2003-06-24,0.0,0.0,0.0,0.0,0.0,0.0
2003-06-25,0.0,0.0,0.0,0.0,0.0,0.0
2003-06-26,0.0,0.0,0.0,0.0,0.0,0.0
2003-06-27,0.0,0.0,0.0,0.0,0.0,0.0
2003-06-28,0.0,0.0,0.0,0.0,0.0,0.0
2003-06-29,0.0,0.0,0.0,0.0,0.0,0.0
2003-06-30,0.0,0.0,0.0,0.0,0.0,0.0
2003-07-01,0.0,0.0,0.0,0.0,0.0,0.0
2003-07-02,0.0,0.0,0.0,0.0,0.0,0.0
2003-07-03,0.0,0.0,0.0,0.0,0.0,0.0
2003-07-04,0.0,-0.020000000004074536,0.0,0.0,0.020000000004074536,0.0
2003-07-05,0.0,0.0,0.0,0.0,0.0,0.0
2003-07-06,0.0,0.0,0.0,0.0,0.0,0.0
2003-07-07,0.0,0.0,0.0,0.0,0.0,0.0
2003-07-08,0.0,0.010000000009313226,0.0,0.0,-0.010000000009313226,0.0
2003-07-09,0.0,-0.00999999999476131,0.0,0.0,0.00999999999476131,0.0
2003-07-10,0.0,0.0,0.5999999999767169,0.0,0.5999999999767169,0.0
2003-07-11,0.0,0.0,0.0,0.0,0.0,0.0
2003-07-12,0.0,0.0,0.6000000000203727,0.0,0.6000000000203727,0.0
2003-07-13,0.0,0.03999999999359716,0.0,0.0,-0.03999999999359716,0.0
2003-07-14,0.0,0.020000000004074536,0.0,0.0,-0.020000000004074536,0.0
2003-07-15,0.0,0.0,0.0,0.0,0.0,0.0
2003-07-16,0.0,0.0,0.0,0.0,0.0,0.0
2003-07-17,0.0,0.0,0.0,0.0,0.0,0.0
2003-07-18,0.0,0.0,0.0,0.0,0.0,0.0
2003-07-19,0.0,0.0,0.0,0.0,0.0,0.0
2003-07-20,0.0,-0.00999999999476131,0.0,0.0,0.00999999999476131,0.0
2003-07-21,0.0,0.010000000009313226,0.0,0.0,-0.010000000009313226,0.0
2003-07-22,0.0,0.0,0.0,0.0,0.0,0.0
2003-07-23,0.0,0.0,0.0,0.0,0.0,0.0
2003-07-24,0.0,0.0,0.0,0.0,0.0,0.0
2003-07-25,0.0,0.0,0.0,0.0,0.0,0.0
2003-07-26,0.0,0.0,0.0,0.0,0.0,0.0
2003-07-27,0.0,0.0,0.0,0.0,0.0,0.0
2003-07-28,0.0,0.0,0.0,0.0,0.0,0.0
2003-07-29,0.0,0.0,0.0,0.0,0.0,0.0
2003-07-30,0.0,0.0,0.0,0.0,0.0,0.0
2003-07-31,0.0,0.0,0.0,0.0,0.0,0.0
2003-08-01,0.0,0.0,0.0,0.0,0.0,0.0
2003-08-02,0.0,0.0,0.0,0.0,0.0,0.0
2003-08-03,0.0,0.0,0.0,0.0,0.0,0.0
2003-08-04,0.0,0.0,0.0,0.0,0.0,0.0
2003-08-05,0.0,0.0,0.0,0.0,0.0,0.0
2003-08-06,0.0,0.0,0.0,0.0,0.0,0.0
2003-08-07,0.0,0.0,0.0,0.0,0.0,0.0
2003-08-08,0.0,0.0,0.0,0.0,0.0,0.0
2003-08-09,0.0,0.0,0.0,0.0,0.0,0.0
2003-08-10,0.0,0.0,0.0,0.0,0.0,0.0
2003-08-11,0.0,0.0,0.0,0.0,0.0,0.0
2003-08-12,0.0,0.0,0.0,0.0,0.0,0.0
2003-08-13,0.0,0.0,0.0,0.0,0.0,0.0
2003-08-14,0.0,0.0,0.0,0.0,0.0,0.0
2003-08-15,0.0,0.0,0.0,0.0,0.0,0.0
2003-08-16,0.0,0.0,0.0,0.0,0.0,0.0
2003-08-17,0.0,0.0,0.0,0.0,0.0,0.0
2003-08-18,0.0,0.0,0.0,0.0,0.0,0.0
2003-08-19,0.0,0.0,0.0,0.0,0.0,0.0
2003-08-20,0.0,0.0,0.0,0.0,0.0,0.0
2003-08-21,0.0,0.0,0.0,0.0,0.0,0.0
2003-08-22,0.0,0.0,0.0,0.0,0.0,0.0
2003-08-23,0.0,0.0,0.0,0.0,0.0,0.0
2003-08-24,0.0,0.0,0.0,0.0,0.0,0.0
2003-08-25,0.0,0.0,0.0,0.0,0.0,0.0
2003-08-26,0.0,0.0,0.0,0.0,0.0,0.0
2003-08-27,0.0,0.0,0.0,0.0,0.0,0.0
2003-08-28,0.0,0.0,0.0,0.0,0.0,0.0
2003-08-29,0.0,0.0,0.0,0.0,0.0,0.0
2003-08-30,0.0,0.0,0.0,0.0,0.0,0.0
2003-08-31,0.0,0.0,0.0,0.0,0.0,0.0
2003-09-01,0.0,0.0,0.0,0.0,0.0,0.0
2003-09-02,0.0,0.0,0.0,0.0,0.0,0.0
2003-09-03,0.0,0.0,0.0,0.0,0.0,0.0
2003-09-04,0.0,0.0,0.0,0.0,0.0,0.0
2003-09-05,0.0,0.0,0.0,0.0,0.0,0.0
2003-09-06,0.0,0.0,0.0,0.0,0.0,0.0
2003-09-07,0.0,0.0,0.0,0.0,0.0,0.0
2003-09-08,0.0,0.0,0.0,0.0,0.0,0.0
2003-09-09,0.0,0.0,0.0,0.0,0.0,0.0
2003-09-10,0.0,0.0,0.0,0.0,0.0,0.0
2003-09-11,0.0,0.0,0.0,0.0,0.0,0.0
2003-09-12,0.0,0.0,0.0,0.0,0.0,0.0
2003-09-13,0.0,0.0,0.0,0.0,0.0,0.0
2003-09-14,0.0,0.0,0.0,0.0,0.0,0.0
2003-09-15,0.0,0.0,0.0,0.0,0.0,0.0
2003-09-16,0.0,0.0,0.0,0.0,0.0,0.0
2003-09-17,0.0,0.0,0.0,0.0,0.0,0.0
2003-09-18,0.0,0.0,0.0,0.0,0.0,0.0
2003-09-19,0.0,0.0,0.0,0.0,0.0,0.0
2003-09-20,0.0,0.0,0.0,0.0,0.0,0.0
2003-09-21,0.0,0.0,0.0,0.0,0.0,0.0
2003-09-22,0.0,0.0,0.0,0.0,0.0,0.0
2003-09-23,0.0,0.0,0.0,0.0,0.0,0.0
2003-09-24,0.0,0.0,0.0,0.0,0.0,0.0
2003-09-25,0.0,0.0,0.0,0.0,0.0,0.0
2003-09-26,0.0,0.0,0.0,0.0,0.0,0.0
2003-09-27,0.0,0.0,0.0,0.0,0.0,0.0
2003-09-28,0.0,0.0,0.0,0.0,0.0,0.0
2003-09-29,0.0,0.0,0.0,0.0,0.0,0.0
2003-09-30,0.0,0.0,0.0,0.0,0.0,0.0
2003-10-01,0.0,0.0,0.0,0.0,0.0,0.0
2003-10-02,0.0,0.0,0.0,0.0,0.0,0.0
2003-10-03,0.0,0.0,0.0,0.0,0.0,0.0
2003-10-04,0.0,0.0,0.0,0.0,0.0,0.0
2003-10-05,0.0,0.0,0.0,0.0,0.0,0.0
2003-10-06,0.0,0.0,0.0,0.0,0.0,0.0
2003-10-07,0.0,0.0,0.0,0.0,0.0,0.0
2003-10-08,0.0,0.0,0.0,0.0,0.0,0.0
2003-10-09,0.0,0.0,0.0,0.0,0.0,0.0
2003-10-10,0.0,0.0,0.0,0.0,0.0,0.0
2003-10-11,0.0,0.0,0.0,0.0,0.0,0.0
2003-10-12,0.0,0.0,0.0,0.0,0.0,0.0
2003-10-13,0.0,0.0,0.0,0.0,0.0,0.0
2003-10-14,0.0,0.0,0.0,0.0,0.0,0.0
2003-10-15,0.0,0.0,0.0,0.0,0.0,0.0
2003-10-16,0.0,0.0,0.0,0.0,0.0,0.0
2003-10-17,0.0,0.0,0.0,0.0,0.0,0.0
2003-10-18,0.0,0.0,0.0,0.0,0.0,0.0
2003-10-19,0.0,0.0,0.0,0.0,0.0,0.0
2003-10-20,0.0,0.0,0.0,0.0,0.0,0.0
2003-10-21,0.0,0.0,0.0,0.0,0.0,0.0
2003-10-22,0.0,0.0,0.0,0.0,0.0,0.0
2003-10-23,0.0,0.0,0.0,0.0,0.0,0.0
2003-10-24,0.0,0.0,0.0,0.0,0.0,0.0
2003-10-25,0.0,0.0,0.0,0.0,0.0,0.0
2003-10-26,0.0,0.0,0.0,0.0,0.0,0.0
2003-10-27,0.0,0.0,0.0,0.0,0.0,0.0
2003-10-28,0.0,0.0,0.0,0.0,0.0,0.0
2003-10-29,0.0,0.0,0.0,0.0,0.0,0.0
2003-10-30,0.0,0.0,0.0,0.0,0.0,0.0
2003-10-31,0.0,0.0,0.0,0.0,0.0,0.0
2003-11-01,0.0,0.0,0.0,0.0,0.0,0.0
2003-11-02,0.0,0.0,0.0,0.0,0.0,0.0
2003-11-03,0.0,0.0,0.0,0.0,0.0,0.0
2003-11-04,0.0,0.0,0.0,0.0,0.0,0.0
2003-11-05,0.0,0.0,0.0,0.0,0.0,0.0
2003-11-06,0.0,0.0,0.0,0.0,0.0,0.0
2003-11-07,0.0,0.0,0.0,0.0,0.0,0.0
2003-11-08,0.0,0.0,0.0,0.0,0.0,0.0
2003-11-09,0.0,0.0,0.0,0.0,0.0,0.0
2003-11-10,0.0,0.0,0.0,0.0,0.0,0.0
2003-11-11,0.0,0.0,0.0,0.0,0.0,0.0
2003-11-12,0.0,0.0,0.0,0.0,0.0,0.0
2003-11-13,0.0,0.0,0.0,0.0,0.0,0.0
2003-11-14,0.0,0.0,0.0,0.0,0.0,0.0
2003-11-15,0.0,0.0,0.0,0.0,0.0,0.0
2003-11-16,0.0,0.0,0.0,0.0,0.0,0.0
2003-11-17,0.0,0.0,-3.0,0.0,-3.0,20.0
2003-11-18,0.0,0.0,0.0,0.0,0.0,0.0
2003-11-19,0.0,0.360000000015134,-241.79999999998836,0.0,-242.1600000000035,20.0
2003-11-20,0.0,-0.2699999999895226,1.1999999999970896,0.0,1.4699999999866122,0.0
2003-11-21,0.0,-0.010000000002037268,0.0,0.0,0.010000000002037268,0.0
2003-11-22,0.0,0.0,0.0,0.0,0.0,0.0
2003-11-23,0.0,0.0,0.0,0.0,0.0,0.0
2003-11-24,0.0,0.0,0.0,0.0,0.0,0.0
2003-11-25,0.0,0.0,0.0,0.0,0.0,0.0
2003-11-26,0.0,0.0,0.0,0.0,0.0,0.0
2003-11-27,0.0,0.0,0.0,0.0,0.0,0.0
2003-11-28,0.0,0.0,0.0,0.0,0.0,0.0
2003-11-29,0.0,0.0,0.0,0.0,0.0,0.0
2003-11-30,0.0,0.029999999998835847,0.0,0.0,-0.029999999998835847,0.0
2003-12-01,0.0,0.07000000000698492,0.0,0.0,-0.07000000000698492,0.0
2003-12-02,0.0,0.07000000000698492,0.0,0.0,-0.07000000000698492,0.0
2003-12-03,0.0,-0.069999999992433,0.0,0.0,0.069999999992433,0.0
2003-12-04,0.0,0.14999999999417923,0.0,0.0,-0.14999999999417923,0.0
2003-12-05,0.0,0.19999999999708962,0.0,0.0,-0.19999999999708962,0.0
2003-12-06,0.0,-0.27000000000407454,0.0,0.0,0.27000000000407454,0.0
2003-12-07,0.0,-0.01999999998952262,-18.0,0.0,-17.980000000010477,20.0
2003-12-08,0.0,0.0,0.0,0.0,0.0,0.0
2003-12-09,0.0,0.0,0.0,0.0,0.0,0.0
2003-12-10,0.0,0.0,-6.0,0.0,-6.0,0.0
2003-12-11,0.0,0.069999999992433,0.0,0.0,-0.069999999992433,0.0
2003-12-12,0.0,0.04000000000814907,-17.999999999985448,0.0,-18.039999999993597,0.0
2003-12-13,0.0,24.240000000223517,-1464.0,0.0,-1488.2400000002235,0.0
2003-12-14,0.0,-24.470000000001164,-65.9999999999709,0.0,-41.52999999996973,0.0
2003-12-15,0.0,0.0,-6.0,0.0,-6.0,0.0
2003-12-16,0.0,1.0899999999965075,-11.999999999970896,0.0,-13.089999999967404,0.0
2003-12-17,0.0,-1.0299999999988358,0.0,0.0,1.0299999999988358,0.0
2003-12-18,0.0,-0.14000000001396984,0.0,0.0,0.14000000001396984,0.0
2003-12-19,0.0,0.0,0.0,0.0,0.0,0.0
2003-12-20,0.0,-0.010000000009313226,-36.0,0.0,-35.98999999999069,50.0
2003-12-21,0.0,-0.04000000000814907,-12.000000000029104,0.0,-11.960000000020955,20.0
2003-12-22,0.0,0.0,0.0,0.0,0.0,0.0
2003-12-23,0.0,0.0,0.0,0.0,0.0,0.0
2003-12-24,0.0,0.0,-30.0,0.0,-30.0,10.0
2003-12-25,0.0,0.0,-41.999999999970896,0.0,-41.999999999970896,10.0
2003-12-26,0.0,0.0,0.0,0.0,0.0,0.0
2003-12-27,0.0,0.01999999998952262,-113.9999999999709,0.0,-114.01999999996042,10.0
2003-12-28,0.0,-0.060000000026775524,-126.0000000000291,-0.010000000000000231,-125.94000000000233,-20.0
2003-12-29,0.0,0.0,-144.0,0.0,-144.0,20.0
2003-12-30,0.0,0.0,-11.999999999970896,0.0,-11.999999999970896,0.0
2003-12-31,0.0,0.0,-131.9999999999709,-0.010000000000000231,-131.9999999999709,-30.0
