Date,Streamflow (mm)
01/01/1986,6.89852886
01/02/1986,6.31058606
01/03/1986,6.62415555
01/04/1986,5.68344707
01/05/1986,6.19299750
01/06/1986,7.01611742
01/07/1986,5.87942800
01/08/1986,5.72264326
01/09/1986,8.97592675
01/10/1986,8.54476870
01/11/1986,7.01611742
01/12/1986,5.91862419
01/13/1986,5.40907376
01/14/1986,5.01711190
01/15/1986,5.21309283
01/16/1986,11.64126745
01/17/1986,14.89455094
01/18/1986,11.28850177
01/19/1986,10.93573609
01/20/1986,9.64226193
01/21/1986,7.83923734
01/22/1986,9.87743905
01/23/1986,14.93374713
01/24/1986,12.54277974
01/25/1986,9.64226193
01/26/1986,7.68245259
01/27/1986,7.13370598
01/28/1986,7.44727547
01/29/1986,7.44727547
01/30/1986,7.91762971
01/31/1986,7.01611742
02/01/1986,6.66335174
02/02/1986,6.27138987
02/03/1986,6.07540894
02/04/1986,5.87942800
02/05/1986,5.76183944
02/06/1986,5.40907376
02/07/1986,4.97791571
02/08/1986,4.54675766
02/09/1986,4.11559960
02/10/1986,3.80203011
02/11/1986,3.59429032
02/12/1986,3.99801104
02/13/1986,6.38897843
02/14/1986,8.81914200
02/15/1986,10.66136278
02/16/1986,24.92877473
02/17/1986,43.11580536
02/18/1986,26.22224889
02/19/1986,16.34480985
02/20/1986,12.34679881
02/21/1986,16.18802510
02/22/1986,66.63351737
02/23/1986,82.31199204
02/24/1986,41.15599602
02/25/1986,26.06546415
02/26/1986,21.12674462
02/27/1986,16.61918316
02/28/1986,12.85634923
03/01/1986,9.79904667
03/02/1986,6.66335174
03/03/1986,5.87942800
03/04/1986,5.09550427
03/05/1986,4.70354240
03/06/1986,4.70354240
03/07/1986,8.62316107
03/08/1986,8.23119920
03/09/1986,7.83923734
03/10/1986,7.05531360
03/11/1986,7.44727547
03/12/1986,7.83923734
03/13/1986,7.05531360
03/14/1986,6.27138987
03/15/1986,5.48746614
03/16/1986,4.70354240
03/17/1986,4.31158054
03/18/1986,3.91961867
03/19/1986,3.52765680
03/20/1986,3.52765680
03/21/1986,3.72363774
03/22/1986,3.91961867
03/23/1986,5.87942800
03/24/1986,8.62316107
03/25/1986,7.05531360
03/26/1986,6.27138987
03/27/1986,5.48746614
03/28/1986,4.70354240
03/29/1986,4.31158054
03/30/1986,3.91961867
03/31/1986,3.52765680
04/01/1986,3.33167587
04/02/1986,3.13569494
04/03/1986,2.98674943
04/04/1986,2.87700010
04/05/1986,2.68493879
04/06/1986,2.52031480
04/07/1986,2.39880663
04/08/1986,2.33217311
04/09/1986,2.28121807
04/10/1986,2.18322760
04/11/1986,2.13227256
04/12/1986,2.32825349
04/13/1986,2.43800281
04/14/1986,2.32825349
04/15/1986,2.41056548
04/16/1986,3.01810637
04/17/1986,3.66484346
04/18/1986,3.68052193
04/19/1986,3.58253146
04/20/1986,3.91961867
04/21/1986,4.11559960
04/22/1986,3.78635163
04/23/1986,3.26504235
04/24/1986,2.93971400
04/25/1986,3.24936388
04/26/1986,3.43750557
04/27/1986,9.25030006
04/28/1986,10.19100854
04/29/1986,7.95682590
04/30/1986,6.74174411
05/01/1986,6.07540894
05/02/1986,6.46737080
05/03/1986,6.58495936
05/04/1986,5.91862419
05/05/1986,6.89852886
05/06/1986,6.62415555
05/07/1986,5.91862419
05/08/1986,5.29148520
05/09/1986,4.78193478
05/10/1986,4.82113096
05/11/1986,4.93871952
05/12/1986,4.89952334
05/13/1986,5.44826995
05/14/1986,5.17389664
05/15/1986,4.58595384
05/16/1986,4.15479579
05/17/1986,3.84122630
05/18/1986,3.59820994
05/19/1986,3.32775625
05/20/1986,3.48062138
05/21/1986,3.60604918
05/22/1986,3.53549604
05/23/1986,3.27288159
05/24/1986,2.99850828
05/25/1986,2.79076849
05/26/1986,2.62222489
05/27/1986,2.44976167
05/28/1986,2.28513768
05/29/1986,2.16754912
05/30/1986,2.04212133
05/31/1986,1.92061315
06/01/1986,1.81086382
06/02/1986,1.74423031
06/03/1986,1.65799870
06/04/1986,1.58744556
06/05/1986,1.51297281
06/06/1986,1.47377662
06/07/1986,1.42282158
06/08/1986,1.38362539
06/09/1986,1.31699187
06/10/1986,1.26995645
06/11/1986,1.21116217
06/12/1986,1.15628751
06/13/1986,1.11317170
06/14/1986,1.10141285
06/15/1986,1.10533246
06/16/1986,1.06613628
06/17/1986,1.08181475
06/18/1986,1.24643874
06/19/1986,1.11317170
06/20/1986,1.03085971
06/21/1986,0.96814581
06/22/1986,0.93678886
06/23/1986,0.90935153
06/24/1986,0.88191420
06/25/1986,0.85055725
06/26/1986,0.83095916
06/27/1986,0.80744145
06/28/1986,0.78392373
06/29/1986,0.79176297
06/30/1986,0.77608450
07/01/1986,0.76432564
07/02/1986,0.76432564
07/03/1986,0.76824526
07/04/1986,1.27387607
07/05/1986,0.98382429
07/06/1986,0.82703954
07/07/1986,0.77608450
07/08/1986,0.74472755
07/09/1986,0.72512945
07/10/1986,0.79568259
07/11/1986,0.79960221
07/12/1986,0.73296869
07/13/1986,0.69769212
07/14/1986,0.67809403
07/15/1986,0.65849594
07/16/1986,0.66633517
07/17/1986,0.68985289
07/18/1986,0.65065670
07/19/1986,0.62321937
07/20/1986,0.61146051
07/21/1986,0.59186242
07/22/1986,0.58794280
07/23/1986,0.58010356
07/24/1986,0.57226433
07/25/1986,0.55658585
07/26/1986,0.54874661
07/27/1986,0.54874661
07/28/1986,0.55266623
07/29/1986,0.54090738
07/30/1986,0.51738966
07/31/1986,0.50955043
08/01/1986,0.50955043
08/02/1986,0.50955043
08/03/1986,0.50563081
08/04/1986,0.49387195
08/05/1986,0.48995233
08/06/1986,0.49387195
08/07/1986,0.48211310
08/08/1986,0.47427386
08/09/1986,0.47035424
08/10/1986,0.46643462
08/11/1986,0.45859538
08/12/1986,0.46251500
08/13/1986,0.45859538
08/14/1986,0.45075615
08/15/1986,0.43507767
08/16/1986,0.43115805
08/17/1986,0.43115805
08/18/1986,0.43115805
08/19/1986,0.43115805
08/20/1986,0.43115805
08/21/1986,0.43115805
08/22/1986,0.43115805
08/23/1986,0.42331882
08/24/1986,0.41547958
08/25/1986,0.41155996
08/26/1986,0.40372072
08/27/1986,0.39980110
08/28/1986,0.39980110
08/29/1986,0.40372072
08/30/1986,0.42723843
08/31/1986,0.42723843
09/01/1986,0.41939920
09/02/1986,0.39980110
09/03/1986,0.39196187
09/04/1986,0.39039402
09/05/1986,0.38412263
09/06/1986,0.37745928
09/07/1986,0.37549947
09/08/1986,0.37941909
09/09/1986,0.44291691
09/10/1986,0.43899729
09/11/1986,0.41939920
09/12/1986,0.39156991
09/13/1986,0.38961010
09/14/1986,0.39980110
09/15/1986,0.54874661
09/16/1986,0.64281746
09/17/1986,0.88975344
09/18/1986,1.12101094
09/19/1986,0.62713899
09/20/1986,0.87407496
09/21/1986,0.63889784
09/22/1986,0.53306814
09/23/1986,0.88191420
09/24/1986,2.97891019
09/25/1986,5.33068139
09/26/1986,9.60306574
09/27/1986,5.72264326
09/28/1986,3.50021947
09/29/1986,2.62222489
09/30/1986,2.33217311
10/01/1986,1.92061315
10/02/1986,1.60704365
10/03/1986,1.37186653
10/04/1986,1.21508179
10/05/1986,1.09749323
10/06/1986,0.97990467
10/07/1986,0.90151229
10/08/1986,0.82311992
10/09/1986,0.78392373
10/10/1986,0.74472755
10/11/1986,0.70553136
10/12/1986,0.66633517
10/13/1986,0.62713899
10/14/1986,0.62713899
10/15/1986,0.58794280
10/16/1986,0.58794280
10/17/1986,0.58794280
10/18/1986,0.58794280
10/19/1986,0.54874661
10/20/1986,0.54874661
10/21/1986,0.50955043
10/22/1986,0.50955043
10/23/1986,0.50955043
10/24/1986,0.50955043
10/25/1986,0.50955043
10/26/1986,0.54874661
10/27/1986,1.37186653
10/28/1986,1.01910085
10/29/1986,0.94070848
10/30/1986,2.62614451
10/31/1986,4.70354240
11/01/1986,3.13569494
11/02/1986,2.19498645
11/03/1986,1.76382840
11/04/1986,1.48945509
11/05/1986,1.33267035
11/06/1986,1.48945509
11/07/1986,2.66534069
11/08/1986,2.78292925
11/09/1986,4.03720723
11/10/1986,4.42916910
11/11/1986,3.33167587
11/12/1986,2.86132163
11/13/1986,2.62614451
11/14/1986,3.33167587
11/15/1986,2.74373307
11/16/1986,2.93971400
11/17/1986,8.97592675
11/18/1986,9.21110387
11/19/1986,12.73876067
11/20/1986,13.36589966
11/21/1986,20.26442852
11/22/1986,24.92877473
11/23/1986,22.53780735
11/24/1986,20.42121326
11/25/1986,15.28651281
11/26/1986,14.77696238
11/27/1986,28.84839340
11/28/1986,32.96399300
11/29/1986,19.95085902
11/30/1986,13.32670347
12/01/1986,9.75985049
12/02/1986,7.56486403
12/03/1986,6.15380131
12/04/1986,5.33068139
12/05/1986,4.74273859
12/06/1986,4.15479579
12/07/1986,3.64524536
12/08/1986,3.25328350
12/09/1986,2.93971400
12/10/1986,2.70453688
12/11/1986,2.50855595
12/12/1986,2.58694832
12/13/1986,3.25328350
12/14/1986,3.80203011
12/15/1986,3.29247968
12/16/1986,2.93971400
12/17/1986,2.70453688
12/18/1986,2.58694832
12/19/1986,2.54775213
12/20/1986,2.35177120
12/21/1986,2.23418264
12/22/1986,2.39096739
12/23/1986,3.48846062
12/24/1986,3.33167587
12/25/1986,3.21408731
12/26/1986,4.38997291
12/27/1986,4.11559960
12/28/1986,3.64524536
12/29/1986,3.84122630
12/30/1986,4.07640342
12/31/1986,3.84122630
01/01/1987,8.42718014
01/02/1987,9.60306574
01/03/1987,10.15181235
01/04/1987,9.05431912
01/05/1987,7.25129454
01/06/1987,5.91862419
01/07/1987,5.01711190
01/08/1987,4.31158054
01/09/1987,3.84122630
01/10/1987,3.41006824
01/11/1987,3.17489112
01/12/1987,3.25328350
01/13/1987,3.17489112
01/14/1987,3.17489112
01/15/1987,2.90051781
01/16/1987,2.66534069
01/17/1987,2.46935976
01/18/1987,2.35177120
01/19/1987,2.23418264
01/20/1987,2.11659408
01/21/1987,2.03820171
01/22/1987,2.03820171
01/23/1987,2.23418264
01/24/1987,5.60505470
01/25/1987,12.03322931
01/26/1987,16.30561366
01/27/1987,14.26741195
01/28/1987,12.58197593
01/29/1987,10.34779329
01/30/1987,8.62316107
01/31/1987,14.50258907
02/01/1987,23.12575015
02/02/1987,21.91066836
02/03/1987,15.83525942
02/04/1987,11.64126745
02/05/1987,9.13271150
02/06/1987,7.72164878
02/07/1987,6.93772504
02/08/1987,6.27138987
02/09/1987,5.80103563
02/10/1987,5.40907376
02/11/1987,5.56585851
02/12/1987,5.09550427
02/13/1987,7.21209835
02/14/1987,7.80004115
02/15/1987,7.25129454
02/16/1987,7.29049072
02/17/1987,7.56486403
02/18/1987,7.09450979
02/19/1987,6.19299750
02/20/1987,5.48746614
02/21/1987,4.86032715
02/22/1987,4.42916910
02/23/1987,4.11559960
02/24/1987,3.72363774
02/25/1987,3.37087206
02/26/1987,3.09649875
02/27/1987,2.90051781
02/28/1987,2.70453688
03/01/1987,2.54775213
03/02/1987,2.62614451
03/03/1987,2.78292925
03/04/1987,3.29247968
03/05/1987,3.95881486
03/06/1987,4.82113096
03/07/1987,4.31158054
03/08/1987,3.95881486
03/09/1987,3.91961867
03/10/1987,3.80203011
03/11/1987,4.23318816
03/12/1987,7.72164878
03/13/1987,10.58297041
03/14/1987,10.85734371
03/15/1987,9.56386955
03/16/1987,7.68245259
03/17/1987,7.40807928
03/18/1987,7.32968691
03/19/1987,6.70254792
03/20/1987,5.95782038
03/21/1987,5.33068139
03/22/1987,4.70354240
03/23/1987,4.89952334
03/24/1987,4.66434622
03/25/1987,4.38997291
03/26/1987,4.07640342
03/27/1987,3.76283392
03/28/1987,3.44926443
03/29/1987,3.21408731
03/30/1987,3.01810637
03/31/1987,2.97891019
04/01/1987,3.17489112
04/02/1987,3.44926443
04/03/1987,3.60604918
04/04/1987,3.37087206
04/05/1987,3.17489112
04/06/1987,3.29247968
04/07/1987,3.21408731
04/08/1987,4.31158054
04/09/1987,3.76283392
04/10/1987,3.68444155
04/11/1987,3.88042248
04/12/1987,3.60604918
04/13/1987,3.33167587
04/14/1987,3.13569494
04/15/1987,3.09649875
04/16/1987,3.13569494
04/17/1987,3.17489112
04/18/1987,2.97891019
04/19/1987,2.62614451
04/20/1987,2.46935976
04/21/1987,2.43016357
04/22/1987,2.54775213
04/23/1987,2.62614451
04/24/1987,2.50855595
04/25/1987,2.35177120
04/26/1987,2.23418264
04/27/1987,2.35177120
04/28/1987,2.43016357
04/29/1987,2.15579027
04/30/1987,2.11659408
05/01/1987,2.23418264
05/02/1987,2.39096739
05/03/1987,3.25328350
05/04/1987,2.66534069
05/05/1987,2.35177120
05/06/1987,2.19498645
05/07/1987,2.03820171
05/08/1987,1.88141696
05/09/1987,1.76382840
05/10/1987,1.60704365
05/11/1987,1.52865128
05/12/1987,1.92061315
05/13/1987,1.72463221
05/14/1987,1.56784747
05/15/1987,1.45025891
05/16/1987,1.37186653
05/17/1987,1.29347416
05/18/1987,1.25427797
05/19/1987,1.21508179
05/20/1987,1.17588560
05/21/1987,1.09749323
05/22/1987,1.09749323
05/23/1987,1.05829704
05/24/1987,1.05829704
05/25/1987,1.21508179
05/26/1987,1.09749323
05/27/1987,1.05829704
05/28/1987,1.01910085
05/29/1987,0.97990467
05/30/1987,1.09749323
05/31/1987,1.88141696
06/01/1987,1.72463221
06/02/1987,1.41106272
06/03/1987,1.25427797
06/04/1987,1.13668941
06/05/1987,1.09749323
06/06/1987,1.05829704
06/07/1987,1.01910085
06/08/1987,0.97990467
06/09/1987,0.94070848
06/10/1987,0.90151229
06/11/1987,0.86231611
06/12/1987,0.86231611
06/13/1987,0.82311992
06/14/1987,0.82311992
06/15/1987,0.82311992
06/16/1987,0.82311992
06/17/1987,0.78392373
06/18/1987,0.74472755
06/19/1987,0.74472755
06/20/1987,0.70553136
06/21/1987,0.82311992
06/22/1987,0.74472755
06/23/1987,0.70553136
06/24/1987,0.66633517
06/25/1987,0.66633517
06/26/1987,0.62713899
06/27/1987,0.62713899
06/28/1987,0.62713899
06/29/1987,0.58794280
06/30/1987,0.58794280
07/01/1987,0.58794280
07/02/1987,0.58794280
07/03/1987,0.58794280
07/04/1987,0.58794280
07/05/1987,0.58794280
07/06/1987,0.54874661
07/07/1987,0.54874661
07/08/1987,0.54874661
07/09/1987,0.54874661
07/10/1987,0.54874661
07/11/1987,0.54874661
07/12/1987,0.50955043
07/13/1987,0.50955043
07/14/1987,0.50955043
07/15/1987,0.50955043
07/16/1987,0.47035424
07/17/1987,0.50955043
07/18/1987,1.72463221
07/19/1987,1.29347416
07/20/1987,0.94070848
07/21/1987,0.78392373
07/22/1987,1.09749323
07/23/1987,0.86231611
07/24/1987,0.78392373
07/25/1987,0.70553136
07/26/1987,0.66633517
07/27/1987,0.62713899
07/28/1987,0.62713899
07/29/1987,0.58794280
07/30/1987,0.58794280
07/31/1987,0.54874661
08/01/1987,0.54874661
08/02/1987,0.54874661
08/03/1987,0.50955043
08/04/1987,0.50955043
08/05/1987,0.50955043
08/06/1987,0.50955043
08/07/1987,0.50955043
08/08/1987,0.47035424
08/09/1987,0.47035424
08/10/1987,0.47035424
08/11/1987,0.47035424
08/12/1987,0.47035424
08/13/1987,0.47035424
08/14/1987,0.47035424
08/15/1987,0.47035424
08/16/1987,0.47035424
08/17/1987,0.47035424
08/18/1987,0.43115805
08/19/1987,0.43115805
08/20/1987,0.43115805
08/21/1987,0.43115805
08/22/1987,0.43115805
08/23/1987,0.43115805
08/24/1987,0.43115805
08/25/1987,0.37236377
08/26/1987,0.35276568
08/27/1987,0.33708721
08/28/1987,0.33316759
08/29/1987,0.32532835
08/30/1987,0.31356949
08/31/1987,0.30573026
09/01/1987,0.30573026
09/02/1987,0.29397140
09/03/1987,0.28221254
09/04/1987,0.27045369
09/05/1987,0.26261445
09/06/1987,0.25869483
09/07/1987,0.25869483
09/08/1987,0.26261445
09/09/1987,0.26261445
09/10/1987,0.25869483
09/11/1987,0.25869483
09/12/1987,0.26653407
09/13/1987,0.27437331
09/14/1987,0.27437331
09/15/1987,0.33316759
09/16/1987,0.30181064
09/17/1987,0.27829293
09/18/1987,0.27045369
09/19/1987,0.26261445
09/20/1987,0.25869483
09/21/1987,0.25477521
09/22/1987,0.24301636
09/23/1987,0.23517712
09/24/1987,0.23909674
09/25/1987,0.25085559
09/26/1987,0.28613216
09/27/1987,0.26653407
09/28/1987,0.25477521
09/29/1987,0.24693598
09/30/1987,0.23909674
10/01/1987,0.23909674
10/02/1987,0.23517712
10/03/1987,0.23125750
10/04/1987,0.23125750
10/05/1987,0.23125750
10/06/1987,0.22733788
10/07/1987,0.22341826
10/08/1987,0.21949865
10/09/1987,0.21949865
10/10/1987,0.21557903
10/11/1987,0.21557903
10/12/1987,0.21557903
10/13/1987,0.21557903
10/14/1987,0.21165941
10/15/1987,0.20773979
10/16/1987,0.20773979
10/17/1987,0.20773979
10/18/1987,0.20773979
10/19/1987,0.20773979
10/20/1987,0.20382017
10/21/1987,0.20382017
10/22/1987,0.20382017
10/23/1987,0.20382017
10/24/1987,0.20382017
10/25/1987,0.20382017
10/26/1987,0.20382017
10/27/1987,0.20382017
10/28/1987,0.19990055
10/29/1987,0.20382017
10/30/1987,0.20382017
10/31/1987,0.22733788
11/01/1987,0.25085559
11/02/1987,0.28221254
11/03/1987,0.22341826
11/04/1987,0.21165941
11/05/1987,0.20773979
11/06/1987,0.20382017
11/07/1987,0.20382017
11/08/1987,0.20382017
11/09/1987,0.21165941
11/10/1987,0.20773979
11/11/1987,0.24301636
11/12/1987,0.58794280
11/13/1987,1.17588560
11/14/1987,0.74472755
11/15/1987,0.43115805
11/16/1987,0.66633517
11/17/1987,0.50955043
11/18/1987,0.39196187
11/19/1987,0.33708721
11/20/1987,0.30573026
11/21/1987,0.34100682
11/22/1987,0.43115805
11/23/1987,0.74472755
11/24/1987,1.01910085
11/25/1987,1.09749323
11/26/1987,0.62713899
11/27/1987,0.50955043
11/28/1987,0.43115805
11/29/1987,0.38020301
11/30/1987,0.38804225
12/01/1987,3.64524536
12/02/1987,6.23219368
12/03/1987,10.15181235
12/04/1987,7.87843352
12/05/1987,5.29148520
12/06/1987,4.50756147
12/07/1987,4.11559960
12/08/1987,3.60604918
12/09/1987,24.61520524
12/10/1987,30.49463324
12/11/1987,15.24731662
12/12/1987,9.48547718
12/13/1987,6.70254792
12/14/1987,5.17389664
12/15/1987,4.23318816
12/16/1987,3.52765680
12/17/1987,2.97891019
12/18/1987,2.58694832
12/19/1987,2.31257501
12/20/1987,2.19498645
12/21/1987,3.29247968
12/22/1987,3.60604918
12/23/1987,3.05730256
12/24/1987,2.62614451
12/25/1987,2.39096739
12/26/1987,2.19498645
12/27/1987,2.07739789
12/28/1987,1.95980933
12/29/1987,1.88141696
12/30/1987,1.84222077
12/31/1987,1.80302459
01/01/1988,1.72463221
01/02/1988,1.64623984
01/03/1988,1.60704365
01/04/1988,1.52865128
01/05/1988,1.45025891
01/06/1988,1.45025891
01/07/1988,1.45025891
01/08/1988,2.19498645
01/09/1988,12.54277974
01/10/1988,36.72682693
01/11/1988,22.69459209
01/12/1988,13.44429203
01/13/1988,10.62216659
01/14/1988,21.04835225
01/15/1988,19.91166284
01/16/1988,13.67946915
01/17/1988,10.03422379
01/18/1988,7.76084496
01/19/1988,6.19299750
01/20/1988,5.36987758
01/21/1988,4.78193478
01/22/1988,4.31158054
01/23/1988,4.07640342
01/24/1988,3.80203011
01/25/1988,3.56685299
01/26/1988,3.72363774
01/27/1988,4.42916910
01/28/1988,5.40907376
01/29/1988,8.38798395
01/30/1988,9.60306574
01/31/1988,7.68245259
02/01/1988,6.31058606
02/02/1988,5.29148520
02/03/1988,4.58595384
02/04/1988,4.11559960
02/05/1988,3.68444155
02/06/1988,3.37087206
02/07/1988,3.17489112
02/08/1988,5.40907376
02/09/1988,11.95483694
02/10/1988,13.64027297
02/11/1988,11.09252083
02/12/1988,9.21110387
02/13/1988,8.27039539
02/14/1988,7.09450979
02/15/1988,6.62415555
02/16/1988,5.84023182
02/17/1988,5.25228902
02/18/1988,4.78193478
02/19/1988,4.35077672
02/20/1988,4.11559960
02/21/1988,3.99801104
02/22/1988,3.88042248
02/23/1988,3.68444155
02/24/1988,3.48846062
02/25/1988,3.41006824
02/26/1988,3.56685299
02/27/1988,3.80203011
02/28/1988,4.07640342
02/29/1988,4.38997291
03/01/1988,4.15479579
03/02/1988,3.84122630
03/03/1988,4.35077672
03/04/1988,5.84023182
03/05/1988,7.09450979
03/06/1988,7.60406022
03/07/1988,6.50656699
03/08/1988,6.03621275
03/09/1988,7.36888310
03/10/1988,6.78094030
03/11/1988,5.76183944
03/12/1988,5.05630808
03/13/1988,4.46836528
03/14/1988,4.11559960
03/15/1988,3.80203011
03/16/1988,3.52765680
03/17/1988,3.25328350
03/18/1988,3.09649875
03/19/1988,3.05730256
03/20/1988,3.05730256
03/21/1988,3.44926443
03/22/1988,3.44926443
03/23/1988,6.54576318
03/24/1988,6.50656699
03/25/1988,10.77895134
03/26/1988,13.56188059
03/27/1988,13.20911491
03/28/1988,9.95583142
03/29/1988,8.38798395
03/30/1988,7.32968691
03/31/1988,6.42817462
04/01/1988,6.11460512
04/02/1988,8.03521827
04/03/1988,15.09053187
04/04/1988,13.09152635
04/05/1988,10.46538185
04/06/1988,9.72065430
04/07/1988,8.66235726
04/08/1988,7.25129454
04/09/1988,6.38897843
04/10/1988,5.91862419
04/11/1988,5.84023182
04/12/1988,5.87942800
04/13/1988,5.68344707
04/14/1988,5.48746614
04/15/1988,4.86032715
04/16/1988,4.54675766
04/17/1988,4.15479579
04/18/1988,3.80203011
04/19/1988,3.76283392
04/20/1988,4.27238435
04/21/1988,6.54576318
04/22/1988,6.54576318
04/23/1988,5.56585851
04/24/1988,4.86032715
04/25/1988,4.35077672
04/26/1988,4.03720723
04/27/1988,4.15479579
04/28/1988,4.78193478
04/29/1988,7.32968691
04/30/1988,7.48647166
05/01/1988,6.93772504
05/02/1988,6.85933267
05/03/1988,7.40807928
05/04/1988,7.13370598
05/05/1988,6.54576318
05/06/1988,6.07540894
05/07/1988,6.19299750
05/08/1988,6.15380131
05/09/1988,5.99701656
05/10/1988,6.19299750
05/11/1988,6.74174411
05/12/1988,6.50656699
05/13/1988,6.54576318
05/14/1988,6.58495936
05/15/1988,5.72264326
05/16/1988,5.60505470
05/17/1988,5.09550427
05/18/1988,4.58595384
05/19/1988,4.11559960
05/20/1988,3.80203011
05/21/1988,3.56685299
05/22/1988,3.33167587
05/23/1988,3.05730256
05/24/1988,2.82212544
05/25/1988,2.58694832
05/26/1988,2.46935976
05/27/1988,2.39096739
05/28/1988,3.05730256
05/29/1988,3.21408731
05/30/1988,3.05730256
05/31/1988,3.33167587
06/01/1988,10.03422379
06/02/1988,8.50557251
06/03/1988,8.34878776
06/04/1988,7.44727547
06/05/1988,6.31058606
06/06/1988,5.44826995
06/07/1988,5.05630808
06/08/1988,4.50756147
06/09/1988,4.15479579
06/10/1988,4.07640342
06/11/1988,3.64524536
06/12/1988,3.33167587
06/13/1988,3.05730256
06/14/1988,2.78292925
06/15/1988,2.58694832
06/16/1988,2.43016357
06/17/1988,2.31257501
06/18/1988,2.23418264
06/19/1988,2.11659408
06/20/1988,1.99900552
06/21/1988,1.88141696
06/22/1988,1.80302459
06/23/1988,1.72463221
06/24/1988,1.64623984
06/25/1988,1.60704365
06/26/1988,1.52865128
06/27/1988,1.48945509
06/28/1988,1.45025891
06/29/1988,1.48945509
06/30/1988,1.37186653
07/01/1988,1.29347416
07/02/1988,1.29347416
07/03/1988,1.29347416
07/04/1988,1.21508179
07/05/1988,1.17588560
07/06/1988,1.13668941
07/07/1988,1.13668941
07/08/1988,1.09749323
07/09/1988,1.05829704
07/10/1988,1.01910085
07/11/1988,0.97990467
07/12/1988,0.94070848
07/13/1988,0.94070848
07/14/1988,0.94070848
07/15/1988,0.90151229
07/16/1988,0.86231611
07/17/1988,0.86231611
07/18/1988,0.82311992
07/19/1988,0.78392373
07/20/1988,0.78392373
07/21/1988,0.74472755
07/22/1988,0.74472755
07/23/1988,0.74472755
07/24/1988,0.74472755
07/25/1988,0.70553136
07/26/1988,0.70553136
07/27/1988,0.66633517
07/28/1988,0.66633517
07/29/1988,0.66633517
07/30/1988,0.66633517
07/31/1988,0.62713899
08/01/1988,0.62713899
08/02/1988,0.62713899
08/03/1988,0.58794280
08/04/1988,0.58794280
08/05/1988,0.58794280
08/06/1988,0.54874661
08/07/1988,0.54874661
08/08/1988,0.54874661
08/09/1988,0.50955043
08/10/1988,0.50955043
08/11/1988,0.50955043
08/12/1988,0.50955043
08/13/1988,0.50955043
08/14/1988,0.50955043
08/15/1988,0.50955043
08/16/1988,0.50955043
08/17/1988,0.47035424
08/18/1988,0.47035424
08/19/1988,0.47035424
08/20/1988,0.47035424
08/21/1988,0.43115805
08/22/1988,0.43115805
08/23/1988,0.43115805
08/24/1988,0.39196187
08/25/1988,0.39196187
08/26/1988,0.39196187
08/27/1988,0.39196187
08/28/1988,0.39196187
08/29/1988,0.38804225
08/30/1988,0.38804225
08/31/1988,0.38804225
09/01/1988,0.37236377
09/02/1988,0.36060492
09/03/1988,0.35276568
09/04/1988,0.35276568
09/05/1988,0.35276568
09/06/1988,0.35276568
09/07/1988,0.34884606
09/08/1988,0.34492644
09/09/1988,0.34100682
09/10/1988,0.33708721
09/11/1988,0.33708721
09/12/1988,0.32924797
09/13/1988,0.32924797
09/14/1988,0.32924797
09/15/1988,0.32924797
09/16/1988,0.32924797
09/17/1988,0.33708721
09/18/1988,0.34100682
09/19/1988,0.62713899
09/20/1988,0.47035424
09/21/1988,0.39196187
09/22/1988,0.37236377
09/23/1988,0.36060492
09/24/1988,0.35276568
09/25/1988,0.37236377
09/26/1988,0.50955043
09/27/1988,1.01910085
09/28/1988,0.50955043
09/29/1988,0.43115805
09/30/1988,0.39196187
10/01/1988,0.38020301
10/02/1988,0.37236377
10/03/1988,0.36844415
10/04/1988,0.36844415
10/05/1988,0.38020301
10/06/1988,0.37236377
10/07/1988,0.36452454
10/08/1988,0.36060492
10/09/1988,0.35668530
10/10/1988,0.35276568
10/11/1988,0.34884606
10/12/1988,0.35276568
10/13/1988,0.35276568
10/14/1988,0.36452454
10/15/1988,0.38804225
10/16/1988,0.38412263
10/17/1988,0.36452454
10/18/1988,0.35276568
10/19/1988,0.35276568
10/20/1988,0.35276568
10/21/1988,0.34884606
10/22/1988,0.34492644
10/23/1988,0.33708721
10/24/1988,0.33708721
10/25/1988,0.33708721
10/26/1988,0.32924797
10/27/1988,0.32532835
10/28/1988,0.32532835
10/29/1988,0.32140873
10/30/1988,0.31748911
10/31/1988,0.31748911
11/01/1988,0.39196187
11/02/1988,2.70453688
11/03/1988,4.46836528
11/04/1988,6.03621275
11/05/1988,3.72363774
11/06/1988,5.72264326
11/07/1988,3.48846062
11/08/1988,3.72363774
11/09/1988,3.56685299
11/10/1988,6.03621275
11/11/1988,5.87942800
11/12/1988,8.19200302
11/13/1988,6.74174411
11/14/1988,5.01711190
11/15/1988,5.21309283
11/16/1988,7.56486403
11/17/1988,7.80004115
11/18/1988,6.15380131
11/19/1988,5.44826995
11/20/1988,8.46637632
11/21/1988,19.67648572
11/22/1988,40.76403416
11/23/1988,27.55491924
11/24/1988,15.20812043
11/25/1988,11.13171702
11/26/1988,9.48547718
11/27/1988,12.03322931
11/28/1988,19.59809334
11/29/1988,12.69956449
11/30/1988,9.44628099
12/01/1988,7.83923734
12/02/1988,6.93772504
12/03/1988,6.42817462
12/04/1988,5.99701656
12/05/1988,5.48746614
12/06/1988,6.93772504
12/07/1988,7.09450979
12/08/1988,6.23219368
12/09/1988,5.87942800
12/10/1988,5.56585851
12/11/1988,5.05630808
12/12/1988,4.58595384
12/13/1988,4.46836528
12/14/1988,3.91961867
12/15/1988,3.41006824
12/16/1988,3.01810637
12/17/1988,2.70453688
12/18/1988,2.50855595
12/19/1988,2.50855595
12/20/1988,2.46935976
12/21/1988,2.70453688
12/22/1988,2.97891019
12/23/1988,2.86132163
12/24/1988,2.66534069
12/25/1988,2.31257501
12/26/1988,2.07739789
12/27/1988,1.95980933
12/28/1988,1.84222077
12/29/1988,2.23418264
12/30/1988,6.34978224
12/31/1988,5.56585851
01/01/1989,4.35077672
01/02/1989,4.66434622
01/03/1989,5.95782038
01/04/1989,6.62415555
01/05/1989,6.31058606
01/06/1989,5.36987758
01/07/1989,4.58595384
01/08/1989,4.50756147
01/09/1989,24.10565481
01/10/1989,32.96399300
01/11/1989,14.89455094
01/12/1989,10.15181235
01/13/1989,8.11361064
01/14/1989,6.58495936
01/15/1989,6.31058606
01/16/1989,8.42718014
01/17/1989,9.28949624
01/18/1989,9.01512294
01/19/1989,8.19200302
01/20/1989,7.95682590
01/21/1989,8.19200302
01/22/1989,7.68245259
01/23/1989,6.54576318
01/24/1989,5.60505470
01/25/1989,4.82113096
01/26/1989,4.38997291
01/27/1989,4.15479579
01/28/1989,3.95881486
01/29/1989,3.80203011
01/30/1989,4.50756147
01/31/1989,7.52566784
02/01/1989,7.64325640
02/02/1989,6.38897843
02/03/1989,5.25228902
02/04/1989,4.97791571
02/05/1989,4.62515003
02/06/1989,3.99801104
02/07/1989,3.37087206
02/08/1989,3.01810637
02/09/1989,2.54775213
02/10/1989,2.23418264
02/11/1989,2.43016357
02/12/1989,2.31257501
02/13/1989,2.19498645
02/14/1989,2.07739789
02/15/1989,1.95980933
02/16/1989,2.62614451
02/17/1989,4.89952334
02/18/1989,6.27138987
02/19/1989,8.19200302
02/20/1989,7.13370598
02/21/1989,6.62415555
02/22/1989,8.07441446
02/23/1989,9.28949624
02/24/1989,7.72164878
02/25/1989,6.42817462
02/26/1989,5.48746614
02/27/1989,4.82113096
02/28/1989,4.35077672
03/01/1989,4.07640342
03/02/1989,3.88042248
03/03/1989,3.41006824
03/04/1989,3.17489112
03/05/1989,8.27039539
03/06/1989,22.34182641
03/07/1989,16.61918316
03/08/1989,11.95483694
03/09/1989,11.28850177
03/10/1989,12.46438737
03/11/1989,12.38599499
03/12/1989,12.34679881
03/13/1989,12.89554542
03/14/1989,10.93573609
03/15/1989,10.50457803
03/16/1989,10.89653990
03/17/1989,9.75985049
03/18/1989,12.26840643
03/19/1989,11.79805219
03/20/1989,10.11261617
03/21/1989,14.65937382
03/22/1989,13.20911491
03/23/1989,10.50457803
03/24/1989,9.21110387
03/25/1989,11.56287507
03/26/1989,10.73975515
03/27/1989,10.26940091
03/28/1989,11.48448270
03/29/1989,10.93573609
03/30/1989,10.11261617
03/31/1989,11.44528651
04/01/1989,11.17091321
04/02/1989,12.81715305
04/03/1989,10.97493227
04/04/1989,10.15181235
04/05/1989,10.70055897
04/06/1989,11.91564075
04/07/1989,13.09152635
04/08/1989,12.93474161
04/09/1989,11.79805219
04/10/1989,10.62216659
04/11/1989,9.75985049
04/12/1989,9.75985049
04/13/1989,10.26940091
04/14/1989,10.97493227
04/15/1989,10.30859710
04/16/1989,9.01512294
04/17/1989,8.42718014
04/18/1989,8.66235726
04/19/1989,9.48547718
04/20/1989,8.85833819
04/21/1989,7.25129454
04/22/1989,6.07540894
04/23/1989,5.25228902
04/24/1989,5.05630808
04/25/1989,5.56585851
04/26/1989,5.95782038
04/27/1989,5.40907376
04/28/1989,4.97791571
04/29/1989,4.86032715
04/30/1989,5.05630808
05/01/1989,4.86032715
05/02/1989,4.50756147
05/03/1989,4.46836528
05/04/1989,5.36987758
05/05/1989,6.07540894
05/06/1989,6.19299750
05/07/1989,5.76183944
05/08/1989,5.13470046
05/09/1989,5.09550427
05/10/1989,4.62515003
05/11/1989,3.84122630
05/12/1989,3.21408731
05/13/1989,2.82212544
05/14/1989,2.66534069
05/15/1989,2.54775213
05/16/1989,2.46935976
05/17/1989,2.46935976
05/18/1989,2.43016357
05/19/1989,2.19498645
05/20/1989,2.07739789
05/21/1989,1.99900552
05/22/1989,1.95980933
05/23/1989,2.39096739
05/24/1989,3.21408731
05/25/1989,3.88042248
05/26/1989,3.48846062
05/27/1989,4.35077672
05/28/1989,4.19399198
05/29/1989,3.84122630
05/30/1989,3.41006824
05/31/1989,3.17489112
06/01/1989,3.13569494
06/02/1989,3.09649875
06/03/1989,2.90051781
06/04/1989,2.66534069
06/05/1989,2.43016357
06/06/1989,2.27337883
06/07/1989,2.11659408
06/08/1989,1.95980933
06/09/1989,1.88141696
06/10/1989,1.76382840
06/11/1989,1.64623984
06/12/1989,1.60704365
06/13/1989,1.52865128
06/14/1989,1.60704365
06/15/1989,1.80302459
06/16/1989,1.64623984
06/17/1989,1.48945509
06/18/1989,1.41106272
06/19/1989,1.33267035
06/20/1989,1.45025891
06/21/1989,1.33267035
06/22/1989,1.25427797
06/23/1989,1.17588560
06/24/1989,1.13668941
06/25/1989,1.09749323
06/26/1989,1.05829704
06/27/1989,1.01910085
06/28/1989,1.01910085
06/29/1989,1.05829704
06/30/1989,1.05829704
07/01/1989,0.97990467
07/02/1989,0.94070848
07/03/1989,0.90151229
07/04/1989,0.90151229
07/05/1989,0.86231611
07/06/1989,0.86231611
07/07/1989,0.86231611
07/08/1989,0.82311992
07/09/1989,0.82311992
07/10/1989,0.86231611
07/11/1989,0.82311992
07/12/1989,0.78392373
07/13/1989,0.78392373
07/14/1989,0.78392373
07/15/1989,0.78392373
07/16/1989,0.90151229
07/17/1989,1.21508179
07/18/1989,0.90151229
07/19/1989,0.82311992
07/20/1989,0.78392373
07/21/1989,0.70553136
07/22/1989,0.70553136
07/23/1989,0.70553136
07/24/1989,0.66633517
07/25/1989,0.66633517
07/26/1989,0.66633517
07/27/1989,0.66633517
07/28/1989,0.62713899
07/29/1989,0.62713899
07/30/1989,0.62713899
07/31/1989,0.62713899
08/01/1989,0.66633517
08/02/1989,1.09749323
08/03/1989,0.86231611
08/04/1989,0.74472755
08/05/1989,0.74472755
08/06/1989,0.70553136
08/07/1989,0.62713899
08/08/1989,0.66633517
08/09/1989,0.62713899
08/10/1989,0.58794280
08/11/1989,0.58794280
08/12/1989,0.54874661
08/13/1989,0.54874661
08/14/1989,0.54874661
08/15/1989,0.54874661
08/16/1989,0.50955043
08/17/1989,0.50955043
08/18/1989,0.50955043
08/19/1989,0.50955043
08/20/1989,0.50955043
08/21/1989,0.50955043
08/22/1989,1.13668941
08/23/1989,2.35177120
08/24/1989,1.37186653
08/25/1989,1.01910085
08/26/1989,0.90151229
08/27/1989,0.82311992
08/28/1989,0.74472755
08/29/1989,0.70553136
08/30/1989,0.74472755
08/31/1989,0.70553136
09/01/1989,0.62713899
09/02/1989,0.62713899
09/03/1989,0.58794280
09/04/1989,0.58794280
09/05/1989,0.54874661
09/06/1989,0.54874661
09/07/1989,0.54874661
09/08/1989,0.50955043
09/09/1989,0.50955043
09/10/1989,0.50955043
09/11/1989,0.47035424
09/12/1989,0.47035424
09/13/1989,0.47035424
09/14/1989,0.47035424
09/15/1989,0.43115805
09/16/1989,0.43115805
09/17/1989,0.47035424
09/18/1989,0.47035424
09/19/1989,0.47035424
09/20/1989,0.43115805
09/21/1989,0.43115805
09/22/1989,0.43115805
09/23/1989,0.43115805
09/24/1989,0.43115805
09/25/1989,0.43115805
09/26/1989,0.47035424
09/27/1989,0.47035424
09/28/1989,0.43115805
09/29/1989,0.43115805
09/30/1989,0.47035424
10/01/1989,0.50955043
10/02/1989,0.43115805
10/03/1989,0.43115805
10/04/1989,0.43115805
10/05/1989,0.39196187
10/06/1989,0.39196187
10/07/1989,0.39196187
10/08/1989,0.39196187
10/09/1989,0.39196187
10/10/1989,0.38412263
10/11/1989,0.38412263
10/12/1989,0.38412263
10/13/1989,0.38412263
10/14/1989,0.38412263
10/15/1989,0.37628339
10/16/1989,0.37236377
10/17/1989,0.36452454
10/18/1989,0.36452454
10/19/1989,0.36452454
10/20/1989,0.36452454
10/21/1989,0.74472755
10/22/1989,0.74472755
10/23/1989,0.58794280
10/24/1989,0.58794280
10/25/1989,0.62713899
10/26/1989,1.21508179
10/27/1989,1.76382840
10/28/1989,1.21508179
10/29/1989,0.90151229
10/30/1989,0.78392373
10/31/1989,0.62713899
11/01/1989,0.58794280
11/02/1989,0.54874661
11/03/1989,0.54874661
11/04/1989,0.62713899
11/05/1989,0.58794280
11/06/1989,0.70553136
11/07/1989,1.45025891
11/08/1989,1.05829704
11/09/1989,1.41106272
11/10/1989,1.25427797
11/11/1989,1.05829704
11/12/1989,2.90051781
11/13/1989,2.58694832
11/14/1989,2.15579027
11/15/1989,1.76382840
11/16/1989,1.52865128
11/17/1989,1.60704365
11/18/1989,1.41106272
11/19/1989,1.25427797
11/20/1989,1.13668941
11/21/1989,1.05829704
11/22/1989,0.97990467
11/23/1989,1.56784747
11/24/1989,2.58694832
11/25/1989,3.64524536
11/26/1989,3.80203011
11/27/1989,3.29247968
11/28/1989,2.97891019
11/29/1989,2.46935976
11/30/1989,2.19498645
12/01/1989,2.11659408
12/02/1989,2.23418264
12/03/1989,3.44926443
12/04/1989,9.21110387
12/05/1989,12.93474161
12/06/1989,9.21110387
12/07/1989,6.62415555
12/08/1989,7.80004115
12/09/1989,6.93772504
12/10/1989,5.52666232
12/11/1989,4.54675766
12/12/1989,3.84122630
12/13/1989,3.29247968
12/14/1989,2.86132163
12/15/1989,2.54775213
12/16/1989,2.31257501
12/17/1989,2.15579027
12/18/1989,2.03820171
12/19/1989,1.88141696
12/20/1989,1.76382840
12/21/1989,1.68543603
12/22/1989,1.56784747
12/23/1989,1.52865128
12/24/1989,1.45025891
12/25/1989,1.41106272
12/26/1989,1.33267035
12/27/1989,1.25427797
12/28/1989,1.25427797
12/29/1989,1.17588560
12/30/1989,1.13668941
12/31/1989,1.25427797
01/01/1990,1.52865128
01/02/1990,1.48945509
01/03/1990,1.41106272
01/04/1990,1.76382840
01/05/1990,3.95881486
01/06/1990,11.40609033
01/07/1990,39.11779431
01/08/1990,45.07561469
01/09/1990,27.55491924
01/10/1990,21.08754844
01/11/1990,15.79606324
01/12/1990,11.64126745
01/13/1990,9.25030006
01/14/1990,7.72164878
01/15/1990,6.42817462
01/16/1990,5.52666232
01/17/1990,4.74273859
01/18/1990,4.15479579
01/19/1990,3.68444155
01/20/1990,3.29247968
01/21/1990,2.97891019
01/22/1990,3.05730256
01/23/1990,3.76283392
01/24/1990,3.29247968
01/25/1990,3.13569494
01/26/1990,2.97891019
01/27/1990,3.17489112
01/28/1990,6.97692123
01/29/1990,8.93673056
01/30/1990,7.25129454
01/31/1990,5.64425088
02/01/1990,4.74273859
02/02/1990,4.62515003
02/03/1990,4.82113096
02/04/1990,4.42916910
02/05/1990,4.31158054
02/06/1990,4.03720723
02/07/1990,3.68444155
02/08/1990,4.11559960
02/09/1990,9.48547718
02/10/1990,13.67946915
02/11/1990,10.81814753
02/12/1990,8.30959158
02/13/1990,6.58495936
02/14/1990,5.44826995
02/15/1990,5.17389664
02/16/1990,4.54675766
02/17/1990,3.95881486
02/18/1990,3.52765680
02/19/1990,3.13569494
02/20/1990,3.52765680
02/21/1990,5.76183944
02/22/1990,6.89852886
02/23/1990,8.34878776
02/24/1990,9.01512294
02/25/1990,10.11261617
02/26/1990,11.48448270
02/27/1990,11.28850177
02/28/1990,9.91663523
03/01/1990,8.77994582
03/02/1990,8.23119920
03/03/1990,9.32869243
03/04/1990,11.09252083
03/05/1990,10.38698947
03/06/1990,8.89753438
03/07/1990,8.50557251
03/08/1990,8.30959158
03/09/1990,7.48647166
03/10/1990,9.60306574
03/11/1990,8.34878776
03/12/1990,7.05531360
03/13/1990,5.95782038
03/14/1990,6.54576318
03/15/1990,6.58495936
03/16/1990,6.27138987
03/17/1990,7.17290216
03/18/1990,8.38798395
03/19/1990,9.52467337
03/20/1990,9.68145811
03/21/1990,9.75985049
03/22/1990,10.26940091
03/23/1990,11.21010939
03/24/1990,10.26940091
03/25/1990,8.93673056
03/26/1990,8.03521827
03/27/1990,7.56486403
03/28/1990,7.25129454
03/29/1990,7.13370598
03/30/1990,7.09450979
03/31/1990,7.36888310
04/01/1990,7.76084496
04/02/1990,8.23119920
04/03/1990,7.99602208
04/04/1990,7.91762971
04/05/1990,8.15280683
04/06/1990,8.30959158
04/07/1990,8.19200302
04/08/1990,7.21209835
04/09/1990,5.95782038
04/10/1990,5.48746614
04/11/1990,5.64425088
04/12/1990,5.33068139
04/13/1990,5.09550427
04/14/1990,5.48746614
04/15/1990,6.19299750
04/16/1990,6.46737080
04/17/1990,5.68344707
04/18/1990,4.97791571
04/19/1990,4.38997291
04/20/1990,4.07640342
04/21/1990,3.76283392
04/22/1990,4.50756147
04/23/1990,7.32968691
04/24/1990,5.72264326
04/25/1990,8.54476870
04/26/1990,9.13271150
04/27/1990,34.41425191
04/28/1990,31.94489215
04/29/1990,17.08953740
04/30/1990,11.79805219
05/01/1990,9.05431912
05/02/1990,7.44727547
05/03/1990,6.31058606
05/04/1990,5.60505470
05/05/1990,5.13470046
05/06/1990,4.46836528
05/07/1990,3.88042248
05/08/1990,3.44926443
05/09/1990,3.09649875
05/10/1990,2.86132163
05/11/1990,2.70453688
05/12/1990,2.58694832
05/13/1990,2.50855595
05/14/1990,2.39096739
05/15/1990,2.23418264
05/16/1990,2.11659408
05/17/1990,2.03820171
05/18/1990,1.95980933
05/19/1990,1.88141696
05/20/1990,2.35177120
05/21/1990,2.19498645
05/22/1990,2.90051781
05/23/1990,3.56685299
05/24/1990,3.76283392
05/25/1990,3.56685299
05/26/1990,3.17489112
05/27/1990,2.97891019
05/28/1990,2.74373307
05/29/1990,2.78292925
05/30/1990,4.19399198
05/31/1990,5.87942800
06/01/1990,5.21309283
06/02/1990,4.46836528
06/03/1990,4.38997291
06/04/1990,4.54675766
06/05/1990,3.95881486
06/06/1990,5.87942800
06/07/1990,7.32968691
06/08/1990,6.11460512
06/09/1990,5.21309283
06/10/1990,4.82113096
06/11/1990,4.35077672
06/12/1990,4.19399198
06/13/1990,4.35077672
06/14/1990,3.91961867
06/15/1990,3.56685299
06/16/1990,3.21408731
06/17/1990,2.90051781
06/18/1990,2.66534069
06/19/1990,2.46935976
06/20/1990,2.31257501
06/21/1990,2.19498645
06/22/1990,2.07739789
06/23/1990,1.95980933
06/24/1990,1.88141696
06/25/1990,1.76382840
06/26/1990,1.68543603
06/27/1990,1.64623984
06/28/1990,1.56784747
06/29/1990,1.48945509
06/30/1990,1.45025891
07/01/1990,1.37186653
07/02/1990,1.48945509
07/03/1990,1.37186653
07/04/1990,1.29347416
07/05/1990,1.37186653
07/06/1990,1.60704365
07/07/1990,1.33267035
07/08/1990,1.21508179
07/09/1990,1.17588560
07/10/1990,1.09749323
07/11/1990,1.05829704
07/12/1990,1.01910085
07/13/1990,0.97990467
07/14/1990,0.97990467
07/15/1990,0.94070848
07/16/1990,0.90151229
07/17/1990,0.90151229
07/18/1990,0.86231611
07/19/1990,0.86231611
07/20/1990,0.82311992
07/21/1990,0.78392373
07/22/1990,0.74472755
07/23/1990,0.74472755
07/24/1990,0.74472755
07/25/1990,0.74472755
07/26/1990,0.74472755
07/27/1990,0.70553136
07/28/1990,0.70553136
07/29/1990,0.70553136
07/30/1990,0.66633517
07/31/1990,0.66633517
08/01/1990,0.66633517
08/02/1990,0.62713899
08/03/1990,0.62713899
08/04/1990,0.62713899
08/05/1990,0.58794280
08/06/1990,0.58794280
08/07/1990,0.58794280
08/08/1990,0.54874661
08/09/1990,0.54874661
08/10/1990,0.54874661
08/11/1990,0.54874661
08/12/1990,0.50955043
08/13/1990,0.50955043
08/14/1990,0.50955043
08/15/1990,0.50955043
08/16/1990,0.50955043
08/17/1990,0.58794280
08/18/1990,0.78392373
08/19/1990,0.66633517
08/20/1990,0.62713899
08/21/1990,0.70553136
08/22/1990,0.66633517
08/23/1990,0.58794280
08/24/1990,0.54874661
08/25/1990,0.54874661
08/26/1990,0.54874661
08/27/1990,0.50955043
08/28/1990,0.50955043
08/29/1990,0.58794280
08/30/1990,0.78392373
08/31/1990,0.58794280
09/01/1990,0.54874661
09/02/1990,0.50955043
09/03/1990,0.50955043
09/04/1990,0.50955043
09/05/1990,0.47035424
09/06/1990,0.47035424
09/07/1990,0.47035424
09/08/1990,0.47035424
09/09/1990,0.47035424
09/10/1990,0.43115805
09/11/1990,0.43115805
09/12/1990,0.43115805
09/13/1990,0.43115805
09/14/1990,0.43115805
09/15/1990,0.50955043
09/16/1990,0.54874661
09/17/1990,0.47035424
09/18/1990,0.47035424
09/19/1990,0.43115805
09/20/1990,0.43115805
09/21/1990,0.43115805
09/22/1990,0.43115805
09/23/1990,0.39196187
09/24/1990,0.43115805
09/25/1990,0.43115805
09/26/1990,0.43115805
09/27/1990,0.39196187
09/28/1990,0.39196187
09/29/1990,0.39196187
09/30/1990,0.39196187
10/01/1990,0.39196187
10/02/1990,0.39196187
10/03/1990,0.47035424
10/04/1990,0.43115805
10/05/1990,0.54874661
10/06/1990,0.47035424
10/07/1990,0.43115805
10/08/1990,0.39196187
10/09/1990,0.39196187
10/10/1990,0.39196187
10/11/1990,0.39196187
10/12/1990,0.47035424
10/13/1990,0.50955043
10/14/1990,0.54874661
10/15/1990,0.86231611
10/16/1990,0.78392373
10/17/1990,0.58794280
10/18/1990,0.78392373
10/19/1990,0.78392373
10/20/1990,0.58794280
10/21/1990,1.84222077
10/22/1990,1.84222077
10/23/1990,1.01910085
10/24/1990,0.78392373
10/25/1990,0.70553136
10/26/1990,0.82311992
10/27/1990,0.70553136
10/28/1990,0.74472755
10/29/1990,0.74472755
10/30/1990,2.74373307
10/31/1990,6.15380131
11/01/1990,3.64524536
11/02/1990,2.35177120
11/03/1990,1.95980933
11/04/1990,7.68245259
11/05/1990,6.78094030
11/06/1990,4.86032715
11/07/1990,3.91961867
11/08/1990,5.09550427
11/09/1990,5.87942800
11/10/1990,4.31158054
11/11/1990,3.52765680
11/12/1990,2.93971400
11/13/1990,3.13569494
11/14/1990,3.72363774
11/15/1990,3.13569494
11/16/1990,2.74373307
11/17/1990,2.54775213
11/18/1990,2.74373307
11/19/1990,2.35177120
11/20/1990,2.54775213
11/21/1990,3.52765680
11/22/1990,6.27138987
11/23/1990,7.83923734
11/24/1990,7.05531360
11/25/1990,32.92479682
11/26/1990,16.07043654
11/27/1990,9.79904667
11/28/1990,7.05531360
11/29/1990,6.66335174
11/30/1990,7.05531360
12/01/1990,6.27138987
12/02/1990,5.48746614
12/03/1990,4.70354240
12/04/1990,5.48746614
12/05/1990,6.27138987
12/06/1990,5.09550427
12/07/1990,4.31158054
12/08/1990,4.31158054
12/09/1990,5.48746614
12/10/1990,14.50258907
12/11/1990,10.19100854
12/12/1990,7.83923734
12/13/1990,6.38897843
12/14/1990,5.56585851
12/15/1990,4.78193478
12/16/1990,4.15479579
12/17/1990,3.76283392
12/18/1990,5.72264326
12/19/1990,5.01711190
12/20/1990,4.19399198
12/21/1990,3.48846062
12/22/1990,3.05730256
12/23/1990,2.82212544
12/24/1990,2.66534069
12/25/1990,2.54775213
12/26/1990,2.46935976
12/27/1990,2.43016357
12/28/1990,2.39096739
12/29/1990,2.19498645
12/30/1990,2.27337883
12/31/1990,1.95980933
01/01/1991,1.88141696
01/02/1991,1.80302459
01/03/1991,1.80302459
01/04/1991,1.72463221
01/05/1991,1.64623984
01/06/1991,1.60704365
01/07/1991,2.19498645
01/08/1991,2.43016357
01/09/1991,2.31257501
01/10/1991,4.46836528
01/11/1991,9.17190768
01/12/1991,26.61421076
01/13/1991,29.74990570
01/14/1991,26.18305271
01/15/1991,30.33784850
01/16/1991,20.65639038
01/17/1991,13.95384246
01/18/1991,10.93573609
01/19/1991,8.46637632
01/20/1991,7.01611742
01/21/1991,5.84023182
01/22/1991,4.97791571
01/23/1991,4.35077672
01/24/1991,3.91961867
01/25/1991,3.48846062
01/26/1991,3.25328350
01/27/1991,2.97891019
01/28/1991,2.78292925
01/29/1991,2.54775213
01/30/1991,2.43016357
01/31/1991,2.35177120
02/01/1991,2.27337883
02/02/1991,2.54775213
02/03/1991,3.33167587
02/04/1991,5.87942800
02/05/1991,13.32670347
02/06/1991,9.01512294
02/07/1991,6.66335174
02/08/1991,5.48746614
02/09/1991,4.70354240
02/10/1991,4.31158054
02/11/1991,3.91961867
02/12/1991,4.70354240
02/13/1991,12.93474161
02/14/1991,11.75885601
02/15/1991,9.40708481
02/16/1991,7.44727547
02/17/1991,6.66335174
02/18/1991,6.27138987
02/19/1991,9.40708481
02/20/1991,8.62316107
02/21/1991,7.44727547
02/22/1991,6.66335174
02/23/1991,5.87942800
02/24/1991,4.70354240
02/25/1991,4.31158054
02/26/1991,3.91961867
02/27/1991,3.52765680
02/28/1991,3.33167587
03/01/1991,3.48846062
03/02/1991,7.05531360
03/03/1991,18.03024588
03/04/1991,27.82929255
03/05/1991,18.81416961
03/06/1991,11.36689414
03/07/1991,8.62316107
03/08/1991,6.97692123
03/09/1991,6.19299750
03/10/1991,5.56585851
03/11/1991,5.09550427
03/12/1991,5.72264326
03/13/1991,6.15380131
03/14/1991,5.52666232
03/15/1991,4.86032715
03/16/1991,4.38997291
03/17/1991,4.07640342
03/18/1991,4.11559960
03/19/1991,4.07640342
03/20/1991,3.84122630
03/21/1991,3.64524536
03/22/1991,3.52765680
03/23/1991,3.72363774
03/24/1991,4.07640342
03/25/1991,3.95881486
03/26/1991,3.68444155
03/27/1991,3.41006824
03/28/1991,3.17489112
03/29/1991,2.97891019
03/30/1991,2.93971400
03/31/1991,3.44926443
04/01/1991,3.99801104
04/02/1991,4.54675766
04/03/1991,4.50756147
04/04/1991,4.66434622
04/05/1991,7.05531360
04/06/1991,7.52566784
04/07/1991,7.09450979
04/08/1991,7.21209835
04/09/1991,15.52168993
04/10/1991,11.64126745
04/11/1991,9.05431912
04/12/1991,7.68245259
04/13/1991,6.93772504
04/14/1991,6.66335174
04/15/1991,6.38897843
04/16/1991,5.95782038
04/17/1991,5.52666232
04/18/1991,5.21309283
04/19/1991,4.97791571
04/20/1991,5.36987758
04/21/1991,5.68344707
04/22/1991,5.44826995
04/23/1991,5.17389664
04/24/1991,5.44826995
04/25/1991,5.29148520
04/26/1991,5.21309283
04/27/1991,5.36987758
04/28/1991,5.13470046
04/29/1991,4.74273859
04/30/1991,4.62515003
05/01/1991,4.70354240
05/02/1991,4.74273859
05/03/1991,4.46836528
05/04/1991,4.23318816
05/05/1991,4.07640342
05/06/1991,4.19399198
05/07/1991,5.29148520
05/08/1991,10.38698947
05/09/1991,8.50557251
05/10/1991,7.29049072
05/11/1991,6.42817462
05/12/1991,5.80103563
05/13/1991,5.60505470
05/14/1991,5.13470046
05/15/1991,4.66434622
05/16/1991,5.21309283
05/17/1991,9.56386955
05/18/1991,9.72065430
05/19/1991,9.13271150
05/20/1991,8.23119920
05/21/1991,7.44727547
05/22/1991,6.50656699
05/23/1991,5.64425088
05/24/1991,4.97791571
05/25/1991,4.38997291
05/26/1991,3.95881486
05/27/1991,3.60604918
05/28/1991,3.37087206
05/29/1991,3.48846062
05/30/1991,3.95881486
05/31/1991,3.44926443
06/01/1991,3.13569494
06/02/1991,2.97891019
06/03/1991,2.74373307
06/04/1991,2.50855595
06/05/1991,2.39096739
06/06/1991,2.23418264
06/07/1991,2.11659408
06/08/1991,2.03820171
06/09/1991,1.95980933
06/10/1991,1.92061315
06/11/1991,1.84222077
06/12/1991,1.76382840
06/13/1991,1.72463221
06/14/1991,1.68543603
06/15/1991,1.60704365
06/16/1991,1.56784747
06/17/1991,1.48945509
06/18/1991,1.45025891
06/19/1991,1.48945509
06/20/1991,1.95980933
06/21/1991,1.76382840
06/22/1991,1.56784747
06/23/1991,1.48945509
06/24/1991,1.41106272
06/25/1991,1.37186653
06/26/1991,1.29347416
06/27/1991,1.29347416
06/28/1991,1.64623984
06/29/1991,1.41106272
06/30/1991,1.29347416
07/01/1991,1.21508179
07/02/1991,1.17588560
07/03/1991,1.09749323
07/04/1991,1.05829704
07/05/1991,1.01910085
07/06/1991,0.97990467
07/07/1991,0.94070848
07/08/1991,0.90151229
07/09/1991,0.90151229
07/10/1991,0.86231611
07/11/1991,0.86231611
07/12/1991,0.82311992
07/13/1991,0.82311992
07/14/1991,0.82311992
07/15/1991,0.82311992
07/16/1991,0.86231611
07/17/1991,0.90151229
07/18/1991,0.82311992
07/19/1991,0.78392373
07/20/1991,0.78392373
07/21/1991,0.74472755
07/22/1991,0.74472755
07/23/1991,0.78392373
07/24/1991,0.90151229
07/25/1991,0.74472755
07/26/1991,0.70553136
07/27/1991,0.70553136
07/28/1991,0.70553136
07/29/1991,0.66633517
07/30/1991,0.66633517
07/31/1991,0.66633517
08/01/1991,0.66633517
08/02/1991,0.62713899
08/03/1991,0.58794280
08/04/1991,0.58794280
08/05/1991,0.58794280
08/06/1991,0.58794280
08/07/1991,0.58794280
08/08/1991,0.58794280
08/09/1991,0.70553136
08/10/1991,0.70553136
08/11/1991,0.62713899
08/12/1991,0.58794280
08/13/1991,0.54874661
08/14/1991,0.54874661
08/15/1991,0.54874661
08/16/1991,0.54874661
08/17/1991,0.54874661
08/18/1991,0.78392373
08/19/1991,0.58794280
08/20/1991,0.54874661
08/21/1991,0.54874661
08/22/1991,0.50955043
08/23/1991,0.50955043
08/24/1991,0.50955043
08/25/1991,0.50955043
08/26/1991,0.50955043
08/27/1991,0.50955043
08/28/1991,0.66633517
08/29/1991,0.58794280
08/30/1991,0.54874661
08/31/1991,0.50955043
09/01/1991,0.50955043
09/02/1991,0.50955043
09/03/1991,0.50955043
09/04/1991,0.47035424
09/05/1991,0.47035424
09/06/1991,0.47035424
09/07/1991,0.47035424
09/08/1991,0.47035424
09/09/1991,0.47035424
09/10/1991,0.47035424
09/11/1991,0.47035424
09/12/1991,0.47035424
09/13/1991,0.47035424
09/14/1991,0.43115805
09/15/1991,0.43115805
09/16/1991,0.43115805
09/17/1991,0.43115805
09/18/1991,0.43115805
09/19/1991,0.43115805
09/20/1991,0.43115805
09/21/1991,0.39196187
09/22/1991,0.39196187
09/23/1991,0.39196187
09/24/1991,0.39196187
09/25/1991,0.39196187
09/26/1991,0.38804225
09/27/1991,0.38804225
09/28/1991,0.38412263
09/29/1991,0.38020301
09/30/1991,0.37628339
10/01/1991,0.37236377
10/02/1991,0.36844415
10/03/1991,0.36844415
10/04/1991,0.36452454
10/05/1991,0.36060492
10/06/1991,0.34884606
10/07/1991,0.34492644
10/08/1991,0.34884606
10/09/1991,0.34492644
10/10/1991,0.34100682
10/11/1991,0.33708721
10/12/1991,0.33708721
10/13/1991,0.33316759
10/14/1991,0.32924797
10/15/1991,0.32924797
10/16/1991,0.32924797
10/17/1991,0.36060492
10/18/1991,0.35276568
10/19/1991,0.34492644
10/20/1991,0.34492644
10/21/1991,0.34884606
10/22/1991,0.39196187
10/23/1991,0.62713899
10/24/1991,0.82311992
10/25/1991,1.56784747
10/26/1991,2.46935976
10/27/1991,1.25427797
10/28/1991,0.86231611
10/29/1991,1.17588560
10/30/1991,0.86231611
10/31/1991,0.74472755
11/01/1991,0.66633517
11/02/1991,0.62713899
11/03/1991,0.58794280
11/04/1991,0.58794280
11/05/1991,2.90051781
11/06/1991,3.60604918
11/07/1991,2.66534069
11/08/1991,1.92061315
11/09/1991,1.52865128
11/10/1991,1.25427797
11/11/1991,1.05829704
11/12/1991,3.84122630
11/13/1991,4.89952334
11/14/1991,4.42916910
11/15/1991,3.01810637
11/16/1991,2.46935976
11/17/1991,4.74273859
11/18/1991,7.13370598
11/19/1991,6.07540894
11/20/1991,14.22821577
11/21/1991,11.64126745
11/22/1991,7.76084496
11/23/1991,5.68344707
11/24/1991,5.99701656
11/25/1991,23.94887007
11/26/1991,28.77000103
11/27/1991,27.24134975
11/28/1991,15.32570899
11/29/1991,10.34779329
11/30/1991,7.52566784
12/01/1991,6.03621275
12/02/1991,5.99701656
12/03/1991,5.17389664
12/04/1991,4.66434622
12/05/1991,5.48746614
12/06/1991,28.49562772
12/07/1991,25.04636329
12/08/1991,15.24731662
12/09/1991,10.85734371
12/10/1991,8.34878776
12/11/1991,6.78094030
12/12/1991,8.54476870
12/13/1991,8.77994582
12/14/1991,7.29049072
12/15/1991,6.11460512
12/16/1991,5.17389664
12/17/1991,4.42916910
12/18/1991,4.58595384
12/19/1991,4.31158054
12/20/1991,3.84122630
12/21/1991,3.68444155
12/22/1991,3.64524536
12/23/1991,3.29247968
12/24/1991,3.05730256
12/25/1991,2.86132163
12/26/1991,2.70453688
12/27/1991,2.54775213
12/28/1991,2.43016357
12/29/1991,2.35177120
12/30/1991,2.19498645
12/31/1991,2.07739789
01/01/1992,1.95980933
01/02/1992,3.48846062
01/03/1992,3.21408731
01/04/1992,3.48846062
01/05/1992,3.37087206
01/06/1992,3.13569494
01/07/1992,2.82212544
01/08/1992,2.54775213
01/09/1992,2.39096739
01/10/1992,2.90051781
01/11/1992,3.80203011
01/12/1992,3.48846062
01/13/1992,3.17489112
01/14/1992,2.93971400
01/15/1992,2.82212544
01/16/1992,3.09649875
01/17/1992,3.05730256
01/18/1992,2.82212544
01/19/1992,2.62614451
01/20/1992,2.43016357
01/21/1992,2.31257501
01/22/1992,2.19498645
01/23/1992,2.07739789
01/24/1992,2.07739789
01/25/1992,2.39096739
01/26/1992,2.31257501
01/27/1992,3.09649875
01/28/1992,4.89952334
01/29/1992,4.35077672
01/30/1992,3.72363774
01/31/1992,3.37087206
02/01/1992,3.25328350
02/02/1992,2.97891019
02/03/1992,2.70453688
02/04/1992,2.46935976
02/05/1992,2.31257501
02/06/1992,2.19498645
02/07/1992,2.07739789
02/08/1992,1.95980933
02/09/1992,1.88141696
02/10/1992,1.80302459
02/11/1992,1.72463221
02/12/1992,1.64623984
02/13/1992,1.72463221
02/14/1992,1.72463221
02/15/1992,1.68543603
02/16/1992,1.68543603
02/17/1992,1.88141696
02/18/1992,2.50855595
02/19/1992,13.13072254
02/20/1992,15.28651281
02/21/1992,18.50060012
02/22/1992,22.22423785
02/23/1992,16.54079078
02/24/1992,11.28850177
02/25/1992,8.42718014
02/26/1992,6.66335174
02/27/1992,5.48746614
02/28/1992,4.70354240
02/29/1992,4.15479579
03/01/1992,3.72363774
03/02/1992,3.33167587
03/03/1992,3.01810637
03/04/1992,2.86132163
03/05/1992,2.74373307
03/06/1992,2.66534069
03/07/1992,2.43016357
03/08/1992,2.27337883
03/09/1992,2.11659408
03/10/1992,1.99900552
03/11/1992,1.92061315
03/12/1992,1.84222077
03/13/1992,1.76382840
03/14/1992,1.68543603
03/15/1992,1.68543603
03/16/1992,1.68543603
03/17/1992,1.95980933
03/18/1992,1.80302459
03/19/1992,1.64623984
03/20/1992,1.56784747
03/21/1992,1.48945509
03/22/1992,1.41106272
03/23/1992,1.37186653
03/24/1992,1.33267035
03/25/1992,1.29347416
03/26/1992,1.21508179
03/27/1992,1.21508179
03/28/1992,1.17588560
03/29/1992,1.13668941
03/30/1992,1.13668941
03/31/1992,1.09749323
04/01/1992,1.05829704
04/02/1992,1.01910085
04/03/1992,0.97990467
04/04/1992,1.13668941
04/05/1992,1.33267035
04/06/1992,1.41106272
04/07/1992,1.29347416
04/08/1992,1.37186653
04/09/1992,13.64027297
04/10/1992,20.61719420
04/11/1992,11.32769795
04/12/1992,8.77994582
04/13/1992,7.48647166
04/14/1992,7.01611742
04/15/1992,5.87942800
04/16/1992,5.64425088
04/17/1992,10.23020473
04/18/1992,11.75885601
04/19/1992,8.89753438
04/20/1992,6.93772504
04/21/1992,5.68344707
04/22/1992,4.86032715
04/23/1992,4.23318816
04/24/1992,3.76283392
04/25/1992,3.37087206
04/26/1992,3.01810637
04/27/1992,2.74373307
04/28/1992,2.54775213
04/29/1992,2.54775213
04/30/1992,3.76283392
05/01/1992,3.21408731
05/02/1992,2.82212544
05/03/1992,2.54775213
05/04/1992,2.35177120
05/05/1992,2.23418264
05/06/1992,2.07739789
05/07/1992,1.95980933
05/08/1992,1.84222077
05/09/1992,1.76382840
05/10/1992,1.72463221
05/11/1992,1.64623984
05/12/1992,1.56784747
05/13/1992,1.48945509
05/14/1992,1.45025891
05/15/1992,1.37186653
05/16/1992,1.33267035
05/17/1992,1.25427797
05/18/1992,1.21508179
05/19/1992,1.33267035
05/20/1992,1.45025891
05/21/1992,1.21508179
05/22/1992,1.13668941
05/23/1992,1.09749323
05/24/1992,1.05829704
05/25/1992,1.01910085
05/26/1992,0.97990467
05/27/1992,0.94070848
05/28/1992,0.90151229
05/29/1992,0.90151229
05/30/1992,0.86231611
05/31/1992,0.82311992
06/01/1992,0.82311992
06/02/1992,0.78392373
06/03/1992,0.78392373
06/04/1992,0.74472755
06/05/1992,0.70553136
06/06/1992,0.70553136
06/07/1992,0.70553136
06/08/1992,0.66633517
06/09/1992,0.66633517
06/10/1992,0.66633517
06/11/1992,0.66633517
06/12/1992,0.70553136
06/13/1992,0.94070848
06/14/1992,0.86231611
06/15/1992,0.78392373
06/16/1992,0.78392373
06/17/1992,0.70553136
06/18/1992,0.66633517
06/19/1992,0.62713899
06/20/1992,0.62713899
06/21/1992,0.58794280
06/22/1992,0.58794280
06/23/1992,0.54874661
06/24/1992,0.54874661
06/25/1992,0.54874661
06/26/1992,0.50955043
06/27/1992,0.50955043
06/28/1992,0.50955043
06/29/1992,0.66633517
06/30/1992,0.66633517
07/01/1992,0.66633517
07/02/1992,0.54874661
07/03/1992,0.54874661
07/04/1992,0.58794280
07/05/1992,0.66633517
07/06/1992,0.66633517
07/07/1992,0.58794280
07/08/1992,0.54874661
07/09/1992,0.50955043
07/10/1992,0.50955043
07/11/1992,0.50955043
07/12/1992,0.47035424
07/13/1992,0.47035424
07/14/1992,0.47035424
07/15/1992,0.47035424
07/16/1992,0.43115805
07/17/1992,0.43115805
07/18/1992,0.43115805
07/19/1992,0.43115805
07/20/1992,0.43115805
07/21/1992,0.43115805
07/22/1992,0.43115805
07/23/1992,0.47035424
07/24/1992,0.43115805
07/25/1992,0.43115805
07/26/1992,0.39196187
07/27/1992,0.39196187
07/28/1992,0.38412263
07/29/1992,0.37236377
07/30/1992,0.36452454
07/31/1992,0.36060492
08/01/1992,0.35668530
08/02/1992,0.35668530
08/03/1992,0.34884606
08/04/1992,0.34884606
08/05/1992,0.34884606
08/06/1992,0.34884606
08/07/1992,0.35668530
08/08/1992,0.36452454
08/09/1992,0.34492644
08/10/1992,0.34100682
08/11/1992,0.33316759
08/12/1992,0.33316759
08/13/1992,0.33316759
08/14/1992,0.32532835
08/15/1992,0.32140873
08/16/1992,0.31748911
08/17/1992,0.31748911
08/18/1992,0.31356949
08/19/1992,0.31356949
08/20/1992,0.31356949
08/21/1992,0.30964987
08/22/1992,0.31748911
08/23/1992,0.32140873
08/24/1992,0.30573026
08/25/1992,0.29789102
08/26/1992,0.29397140
08/27/1992,0.29005178
08/28/1992,0.29005178
08/29/1992,0.29005178
08/30/1992,0.29005178
08/31/1992,0.29005178
09/01/1992,0.29005178
09/02/1992,0.29005178
09/03/1992,0.28613216
09/04/1992,0.34492644
09/05/1992,0.39196187
09/06/1992,0.32140873
09/07/1992,0.30964987
09/08/1992,0.30573026
09/09/1992,0.30964987
09/10/1992,0.29789102
09/11/1992,0.28613216
09/12/1992,0.27829293
09/13/1992,0.27829293
09/14/1992,0.27829293
09/15/1992,0.27829293
09/16/1992,0.28221254
09/17/1992,0.27045369
09/18/1992,0.27045369
09/19/1992,0.26261445
09/20/1992,0.26261445
09/21/1992,0.26261445
09/22/1992,0.26261445
09/23/1992,0.25869483
09/24/1992,0.78392373
09/25/1992,0.74472755
09/26/1992,0.39196187
09/27/1992,0.34100682
09/28/1992,0.32140873
09/29/1992,0.30964987
09/30/1992,0.30181064
10/01/1992,0.30181064
10/02/1992,0.30964987
10/03/1992,0.38020301
10/04/1992,0.35668530
10/05/1992,0.32140873
10/06/1992,0.30964987
10/07/1992,0.30181064
10/08/1992,0.29005178
10/09/1992,0.28613216
10/10/1992,0.28613216
10/11/1992,0.27829293
10/12/1992,0.27829293
10/13/1992,0.27045369
10/14/1992,0.27045369
10/15/1992,0.27045369
10/16/1992,0.27045369
10/17/1992,0.27437331
10/18/1992,0.27045369
10/19/1992,0.26261445
10/20/1992,0.26653407
10/21/1992,0.39196187
10/22/1992,0.34100682
10/23/1992,0.29005178
10/24/1992,0.27045369
10/25/1992,0.26261445
10/26/1992,0.26261445
10/27/1992,0.25477521
10/28/1992,0.27045369
10/29/1992,0.47035424
10/30/1992,1.88141696
10/31/1992,4.54675766
11/01/1992,7.80004115
11/02/1992,7.21209835
11/03/1992,2.90051781
11/04/1992,1.92061315
11/05/1992,1.48945509
11/06/1992,1.17588560
11/07/1992,1.88141696
11/08/1992,3.05730256
11/09/1992,3.33167587
11/10/1992,2.39096739
11/11/1992,1.95980933
11/12/1992,3.84122630
11/13/1992,3.44926443
11/14/1992,2.70453688
11/15/1992,2.15579027
11/16/1992,1.84222077
11/17/1992,2.07739789
11/18/1992,3.29247968
11/19/1992,4.03720723
11/20/1992,3.68444155
11/21/1992,17.67748020
11/22/1992,23.55690820
11/23/1992,12.50358355
11/24/1992,8.15280683
11/25/1992,5.84023182
11/26/1992,4.50756147
11/27/1992,6.62415555
11/28/1992,8.38798395
11/29/1992,6.58495936
11/30/1992,6.85933267
12/01/1992,9.36788862
12/02/1992,16.93275265
12/03/1992,11.32769795
12/04/1992,8.27039539
12/05/1992,6.54576318
12/06/1992,5.13470046
12/07/1992,4.31158054
12/08/1992,6.27138987
12/09/1992,8.03521827
12/10/1992,11.48448270
12/11/1992,10.26940091
12/12/1992,7.60406022
12/13/1992,5.95782038
12/14/1992,5.52666232
12/15/1992,5.33068139
12/16/1992,4.86032715
12/17/1992,4.58595384
12/18/1992,3.95881486
12/19/1992,3.64524536
12/20/1992,7.48647166
12/21/1992,7.99602208
12/22/1992,7.95682590
12/23/1992,7.21209835
12/24/1992,6.15380131
12/25/1992,5.25228902
12/26/1992,5.48746614
12/27/1992,5.84023182
12/28/1992,5.95782038
12/29/1992,5.72264326
12/30/1992,4.97791571
12/31/1992,4.42916910
01/01/1993,3.88042248
01/02/1993,3.37087206
01/03/1993,3.09649875
01/04/1993,3.01810637
01/05/1993,2.66534069
01/06/1993,2.43016357
01/07/1993,2.31257501
01/08/1993,2.19498645
01/09/1993,2.03820171
01/10/1993,1.95980933
01/11/1993,1.88141696
01/12/1993,1.76382840
01/13/1993,1.72463221
01/14/1993,1.68543603
01/15/1993,1.64623984
01/16/1993,1.60704365
01/17/1993,1.56784747
01/18/1993,1.48945509
01/19/1993,2.78292925
01/20/1993,11.21010939
01/21/1993,10.81814753
01/22/1993,9.95583142
01/23/1993,7.60406022
01/24/1993,8.19200302
01/25/1993,12.93474161
01/26/1993,11.91564075
01/27/1993,10.15181235
01/28/1993,10.07341998
01/29/1993,9.60306574
01/30/1993,8.34878776
01/31/1993,7.36888310
02/01/1993,6.46737080
02/02/1993,5.91862419
02/03/1993,5.80103563
02/04/1993,5.91862419
02/05/1993,7.17290216
02/06/1993,8.23119920
02/07/1993,8.23119920
02/08/1993,7.87843352
02/09/1993,7.64325640
02/10/1993,7.44727547
02/11/1993,6.93772504
02/12/1993,6.74174411
02/13/1993,6.23219368
02/14/1993,5.60505470
02/15/1993,4.93871952
02/16/1993,4.35077672
02/17/1993,3.95881486
02/18/1993,3.64524536
02/19/1993,4.31158054
02/20/1993,4.11559960
02/21/1993,3.84122630
02/22/1993,3.44926443
02/23/1993,3.21408731
02/24/1993,2.93971400
02/25/1993,2.70453688
02/26/1993,2.50855595
02/27/1993,2.39096739
02/28/1993,2.31257501
03/01/1993,2.39096739
03/02/1993,2.66534069
03/03/1993,4.46836528
03/04/1993,8.42718014
03/05/1993,13.40509585
03/06/1993,12.42519118
03/07/1993,12.77795686
03/08/1993,12.54277974
03/09/1993,11.71965982
03/10/1993,12.77795686
03/11/1993,12.07242550
03/12/1993,9.72065430
03/13/1993,8.42718014
03/14/1993,11.48448270
03/15/1993,30.72981036
03/16/1993,33.47354343
03/17/1993,36.17808031
03/18/1993,42.33188162
03/19/1993,27.51572305
03/20/1993,22.18504167
03/21/1993,16.26641748
03/22/1993,13.83625390
03/23/1993,25.24234423
03/24/1993,19.71568190
03/25/1993,14.18901958
03/26/1993,11.05332465
03/27/1993,8.97592675
03/28/1993,7.48647166
03/29/1993,6.54576318
03/30/1993,5.80103563
03/31/1993,5.52666232
04/01/1993,6.93772504
04/02/1993,10.73975515
04/03/1993,24.06645863
04/04/1993,19.51970097
04/05/1993,14.42419670
04/06/1993,12.34679881
04/07/1993,12.30760262
04/08/1993,12.73876067
04/09/1993,14.26741195
04/10/1993,15.60008230
04/11/1993,14.58098145
04/12/1993,12.07242550
04/13/1993,10.34779329
04/14/1993,8.89753438
04/15/1993,8.81914200
04/16/1993,8.19200302
04/17/1993,8.70155344
04/18/1993,9.83824286
04/19/1993,9.32869243
04/20/1993,8.38798395
04/21/1993,8.03521827
04/22/1993,9.13271150
04/23/1993,10.30859710
04/24/1993,13.32670347
04/25/1993,13.83625390
04/26/1993,12.66036830
04/27/1993,11.13171702
04/28/1993,9.52467337
04/29/1993,11.28850177
04/30/1993,11.52367889
05/01/1993,9.60306574
05/02/1993,8.74074963
05/03/1993,11.01412846
05/04/1993,11.60207126
05/05/1993,10.07341998
05/06/1993,10.30859710
05/07/1993,10.23020473
05/08/1993,12.46438737
05/09/1993,11.32769795
05/10/1993,10.38698947
05/11/1993,9.40708481
05/12/1993,8.19200302
05/13/1993,7.44727547
05/14/1993,6.38897843
05/15/1993,5.68344707
05/16/1993,5.25228902
05/17/1993,5.09550427
05/18/1993,4.89952334
05/19/1993,4.50756147
05/20/1993,4.93871952
05/21/1993,4.86032715
05/22/1993,4.58595384
05/23/1993,3.88042248
05/24/1993,3.41006824
05/25/1993,4.78193478
05/26/1993,4.38997291
05/27/1993,4.31158054
05/28/1993,4.15479579
05/29/1993,3.72363774
05/30/1993,3.56685299
05/31/1993,4.66434622
06/01/1993,6.07540894
06/02/1993,6.93772504
06/03/1993,6.23219368
06/04/1993,5.76183944
06/05/1993,5.87942800
06/06/1993,5.72264326
06/07/1993,7.05531360
06/08/1993,6.82013648
06/09/1993,6.07540894
06/10/1993,5.60505470
06/11/1993,5.44826995
06/12/1993,5.25228902
06/13/1993,4.62515003
06/14/1993,4.03720723
06/15/1993,3.72363774
06/16/1993,3.29247968
06/17/1993,2.97891019
06/18/1993,2.66534069
06/19/1993,2.46935976
06/20/1993,2.35177120
06/21/1993,2.23418264
06/22/1993,2.54775213
06/23/1993,2.39096739
06/24/1993,2.15579027
06/25/1993,2.03820171
06/26/1993,1.92061315
06/27/1993,1.84222077
06/28/1993,1.76382840
06/29/1993,1.68543603
06/30/1993,1.60704365
07/01/1993,1.56784747
07/02/1993,1.56784747
07/03/1993,1.48945509
07/04/1993,1.41106272
07/05/1993,1.37186653
07/06/1993,1.29347416
07/07/1993,1.29347416
07/08/1993,1.25427797
07/09/1993,1.17588560
07/10/1993,1.13668941
07/11/1993,1.09749323
07/12/1993,1.09749323
07/13/1993,1.09749323
07/14/1993,1.09749323
07/15/1993,1.05829704
07/16/1993,1.01910085
07/17/1993,1.01910085
07/18/1993,0.97990467
07/19/1993,0.97990467
07/20/1993,1.09749323
07/21/1993,1.05829704
07/22/1993,1.76382840
07/23/1993,1.80302459
07/24/1993,1.41106272
07/25/1993,1.25427797
07/26/1993,1.13668941
07/27/1993,1.05829704
07/28/1993,1.01910085
07/29/1993,1.05829704
07/30/1993,0.97990467
07/31/1993,0.94070848
08/01/1993,0.90151229
08/02/1993,0.86231611
08/03/1993,0.82311992
08/04/1993,0.78392373
08/05/1993,0.78392373
08/06/1993,0.78392373
08/07/1993,0.78392373
08/08/1993,0.78392373
08/09/1993,0.74472755
08/10/1993,0.74472755
08/11/1993,0.74472755
08/12/1993,0.70553136
08/13/1993,0.70553136
08/14/1993,0.70553136
08/15/1993,0.70553136
08/16/1993,0.70553136
08/17/1993,0.74472755
08/18/1993,0.70553136
08/19/1993,0.70553136
08/20/1993,0.70553136
08/21/1993,0.70553136
08/22/1993,0.66633517
08/23/1993,0.66633517
08/24/1993,0.66633517
08/25/1993,0.62713899
08/26/1993,0.62713899
08/27/1993,0.62713899
08/28/1993,0.58794280
08/29/1993,0.58794280
08/30/1993,0.58794280
08/31/1993,0.54874661
09/01/1993,0.54874661
09/02/1993,0.54874661
09/03/1993,0.50955043
09/04/1993,0.50955043
09/05/1993,0.50955043
09/06/1993,0.50955043
09/07/1993,0.50955043
09/08/1993,0.47035424
09/09/1993,0.47035424
09/10/1993,0.47035424
09/11/1993,0.47035424
09/12/1993,0.47035424
09/13/1993,0.47035424
09/14/1993,0.43115805
09/15/1993,0.43115805
09/16/1993,0.43115805
09/17/1993,0.43115805
09/18/1993,0.43115805
09/19/1993,0.43115805
09/20/1993,0.43115805
09/21/1993,0.43115805
09/22/1993,0.39196187
09/23/1993,0.39196187
09/24/1993,0.39196187
09/25/1993,0.38020301
09/26/1993,0.38020301
09/27/1993,0.37628339
09/28/1993,0.37628339
09/29/1993,0.36452454
09/30/1993,0.35668530
10/01/1993,0.35668530
10/02/1993,0.35276568
10/03/1993,0.35276568
10/04/1993,0.34100682
10/05/1993,0.34100682
10/06/1993,0.34492644
10/07/1993,0.37628339
10/08/1993,0.36844415
10/09/1993,0.34492644
10/10/1993,0.34100682
10/11/1993,0.34100682
10/12/1993,0.39196187
10/13/1993,0.37236377
10/14/1993,0.36452454
10/15/1993,0.43115805
10/16/1993,0.50955043
10/17/1993,0.39196187
10/18/1993,0.34884606
10/19/1993,0.33708721
10/20/1993,0.32924797
10/21/1993,0.32140873
10/22/1993,0.31356949
10/23/1993,0.31356949
10/24/1993,0.32924797
10/25/1993,0.31748911
10/26/1993,0.30964987
10/27/1993,0.30181064
10/28/1993,0.30181064
10/29/1993,0.30181064
10/30/1993,0.29397140
10/31/1993,0.30181064
11/01/1993,0.29789102
11/02/1993,0.29397140
11/03/1993,0.36844415
11/04/1993,0.34492644
11/05/1993,0.31356949
11/06/1993,0.30573026
11/07/1993,0.30181064
11/08/1993,0.29397140
11/09/1993,0.29397140
11/10/1993,0.29005178
11/11/1993,0.28613216
11/12/1993,0.28613216
11/13/1993,0.29005178
11/14/1993,0.28613216
11/15/1993,0.29005178
11/16/1993,0.30181064
11/17/1993,0.38412263
11/18/1993,0.37236377
11/19/1993,0.31748911
11/20/1993,0.30573026
11/21/1993,0.33316759
11/22/1993,0.50955043
11/23/1993,0.36060492
11/24/1993,0.31748911
11/25/1993,0.30181064
11/26/1993,0.30181064
11/27/1993,0.34100682
11/28/1993,0.43115805
11/29/1993,0.90151229
11/30/1993,0.97990467
12/01/1993,7.40807928
12/02/1993,4.31158054
12/03/1993,2.11659408
12/04/1993,2.78292925
12/05/1993,1.95980933
12/06/1993,1.52865128
12/07/1993,4.58595384
12/08/1993,11.71965982
12/09/1993,7.87843352
12/10/1993,5.80103563
12/11/1993,5.64425088
12/12/1993,5.13470046
12/13/1993,4.11559960
12/14/1993,3.37087206
12/15/1993,2.74373307
12/16/1993,2.35177120
12/17/1993,2.07739789
12/18/1993,1.88141696
12/19/1993,1.72463221
12/20/1993,1.56784747
12/21/1993,1.45025891
12/22/1993,1.33267035
12/23/1993,1.21508179
12/24/1993,1.13668941
12/25/1993,1.09749323
12/26/1993,1.01910085
12/27/1993,0.97990467
12/28/1993,0.94070848
12/29/1993,0.90151229
12/30/1993,0.97990467
12/31/1993,1.56784747
01/01/1994,5.64425088
01/02/1994,14.69857001
01/03/1994,25.71269847
01/04/1994,15.32570899
01/05/1994,15.67847468
01/06/1994,12.22921025
01/07/1994,9.09351531
01/08/1994,9.36788862
01/09/1994,13.28750729
01/10/1994,12.22921025
01/11/1994,11.99403313
01/12/1994,10.26940091
01/13/1994,8.62316107
01/14/1994,7.68245259
01/15/1994,6.50656699
01/16/1994,5.40907376
01/17/1994,4.62515003
01/18/1994,4.07640342
01/19/1994,3.60604918
01/20/1994,3.29247968
01/21/1994,3.09649875
01/22/1994,3.01810637
01/23/1994,3.09649875
01/24/1994,2.93971400
01/25/1994,2.66534069
01/26/1994,2.39096739
01/27/1994,2.19498645
01/28/1994,2.03820171
01/29/1994,1.92061315
01/30/1994,1.80302459
01/31/1994,1.68543603
02/01/1994,1.64623984
02/02/1994,1.52865128
02/03/1994,1.48945509
02/04/1994,1.41106272
02/05/1994,1.33267035
02/06/1994,1.29347416
02/07/1994,1.25427797
02/08/1994,1.21508179
02/09/1994,1.25427797
02/10/1994,1.25427797
02/11/1994,1.21508179
02/12/1994,1.13668941
02/13/1994,1.33267035
02/14/1994,1.48945509
02/15/1994,1.48945509
02/16/1994,1.48945509
02/17/1994,1.80302459
02/18/1994,2.19498645
02/19/1994,2.11659408
02/20/1994,1.99900552
02/21/1994,2.07739789
02/22/1994,2.07739789
02/23/1994,4.93871952
02/24/1994,21.20513700
02/25/1994,15.48249374
02/26/1994,12.42519118
02/27/1994,13.28750729
02/28/1994,13.05233017
03/01/1994,12.97393779
03/02/1994,12.50358355
03/03/1994,17.12873358
03/04/1994,21.44031412
03/05/1994,15.28651281
03/06/1994,11.17091321
03/07/1994,8.58396488
03/08/1994,6.74174411
03/09/1994,5.56585851
03/10/1994,4.97791571
03/11/1994,4.31158054
03/12/1994,3.76283392
03/13/1994,3.52765680
03/14/1994,3.41006824
03/15/1994,3.25328350
03/16/1994,3.25328350
03/17/1994,3.21408731
03/18/1994,3.84122630
03/19/1994,3.64524536
03/20/1994,3.33167587
03/21/1994,4.31158054
03/22/1994,3.91961867
03/23/1994,3.52765680
03/24/1994,3.33167587
03/25/1994,3.29247968
03/26/1994,3.17489112
03/27/1994,3.37087206
03/28/1994,3.88042248
03/29/1994,4.03720723
03/30/1994,5.01711190
03/31/1994,5.68344707
04/01/1994,5.25228902
04/02/1994,4.97791571
04/03/1994,4.62515003
04/04/1994,4.15479579
04/05/1994,3.84122630
04/06/1994,5.44826995
04/07/1994,7.40807928
04/08/1994,8.70155344
04/09/1994,10.23020473
04/10/1994,10.73975515
04/11/1994,9.32869243
04/12/1994,8.46637632
04/13/1994,7.29049072
04/14/1994,6.23219368
04/15/1994,5.52666232
04/16/1994,5.44826995
04/17/1994,5.48746614
04/18/1994,5.29148520
04/19/1994,4.97791571
04/20/1994,4.38997291
04/21/1994,4.07640342
04/22/1994,3.56685299
04/23/1994,3.25328350
04/24/1994,3.44926443
04/25/1994,3.13569494
04/26/1994,2.93971400
04/27/1994,2.66534069
04/28/1994,2.50855595
04/29/1994,2.39096739
04/30/1994,2.50855595
05/01/1994,2.27337883
05/02/1994,2.11659408
05/03/1994,2.07739789
05/04/1994,2.58694832
05/05/1994,2.46935976
05/06/1994,2.35177120
05/07/1994,2.23418264
05/08/1994,2.07739789
05/09/1994,1.92061315
05/10/1994,1.80302459
05/11/1994,1.68543603
05/12/1994,1.56784747
05/13/1994,1.48945509
05/14/1994,1.41106272
05/15/1994,1.68543603
05/16/1994,2.31257501
05/17/1994,2.07739789
05/18/1994,1.92061315
05/19/1994,2.15579027
05/20/1994,2.93971400
05/21/1994,2.54775213
05/22/1994,2.31257501
05/23/1994,2.11659408
05/24/1994,1.92061315
05/25/1994,1.80302459
05/26/1994,1.68543603
05/27/1994,1.56784747
05/28/1994,1.56784747
05/29/1994,1.60704365
05/30/1994,1.52865128
05/31/1994,1.45025891
06/01/1994,1.60704365
06/02/1994,1.41106272
06/03/1994,1.33267035
06/04/1994,1.33267035
06/05/1994,1.48945509
06/06/1994,2.97891019
06/07/1994,4.58595384
06/08/1994,3.91961867
06/09/1994,3.21408731
06/10/1994,2.78292925
06/11/1994,2.50855595
06/12/1994,2.31257501
06/13/1994,2.35177120
06/14/1994,3.09649875
06/15/1994,3.48846062
06/16/1994,3.05730256
06/17/1994,2.74373307
06/18/1994,2.54775213
06/19/1994,2.35177120
06/20/1994,2.19498645
06/21/1994,2.03820171
06/22/1994,1.92061315
06/23/1994,1.80302459
06/24/1994,1.68543603
06/25/1994,1.60704365
06/26/1994,1.56784747
06/27/1994,1.45025891
06/28/1994,1.37186653
06/29/1994,1.29347416
06/30/1994,1.21508179
07/01/1994,1.17588560
07/02/1994,1.13668941
07/03/1994,1.09749323
07/04/1994,1.05829704
07/05/1994,1.01910085
07/06/1994,1.01910085
07/07/1994,0.94070848
07/08/1994,0.94070848
07/09/1994,0.90151229
07/10/1994,0.90151229
07/11/1994,0.86231611
07/12/1994,0.82311992
07/13/1994,0.78392373
07/14/1994,0.74472755
07/15/1994,0.74472755
07/16/1994,0.74472755
07/17/1994,0.70553136
07/18/1994,0.70553136
07/19/1994,0.66633517
07/20/1994,0.66633517
07/21/1994,0.66633517
07/22/1994,0.66633517
07/23/1994,0.62713899
07/24/1994,0.62713899
07/25/1994,0.62713899
07/26/1994,0.62713899
07/27/1994,0.58794280
07/28/1994,0.58794280
07/29/1994,0.58794280
07/30/1994,0.54874661
07/31/1994,0.54874661
08/01/1994,0.54874661
08/02/1994,0.50955043
08/03/1994,0.50955043
08/04/1994,0.50955043
08/05/1994,0.50955043
08/06/1994,0.50955043
08/07/1994,0.50955043
08/08/1994,0.50955043
08/09/1994,0.50955043
08/10/1994,0.47035424
08/11/1994,0.47035424
08/12/1994,0.47035424
08/13/1994,0.47035424
08/14/1994,0.47035424
08/15/1994,0.43115805
08/16/1994,0.43115805
08/17/1994,0.43115805
08/18/1994,0.43115805
08/19/1994,0.43115805
08/20/1994,0.43115805
08/21/1994,0.43115805
08/22/1994,0.43115805
08/23/1994,0.43115805
08/24/1994,0.39196187
08/25/1994,0.39196187
08/26/1994,0.38804225
08/27/1994,0.38412263
08/28/1994,0.38412263
08/29/1994,0.38020301
08/30/1994,0.37628339
08/31/1994,0.37628339
09/01/1994,0.37628339
09/02/1994,0.37628339
09/03/1994,0.54874661
09/04/1994,0.47035424
09/05/1994,0.39196187
09/06/1994,0.38020301
09/07/1994,0.37236377
09/08/1994,0.37628339
09/09/1994,0.43115805
09/10/1994,0.50955043
09/11/1994,0.47035424
09/12/1994,0.43115805
09/13/1994,0.39196187
09/14/1994,0.38412263
09/15/1994,0.37628339
09/16/1994,0.36844415
09/17/1994,0.35276568
09/18/1994,0.34884606
09/19/1994,0.34492644
09/20/1994,0.34100682
09/21/1994,0.33708721
09/22/1994,0.32924797
09/23/1994,0.32532835
09/24/1994,0.32532835
09/25/1994,0.32532835
09/26/1994,0.32140873
09/27/1994,0.31748911
09/28/1994,0.32140873
09/29/1994,0.43115805
09/30/1994,0.39196187
10/01/1994,0.36060492
10/02/1994,0.34492644
10/03/1994,0.32532835
10/04/1994,0.31748911
10/05/1994,0.32140873
10/06/1994,0.32140873
10/07/1994,0.32140873
10/08/1994,0.32140873
10/09/1994,0.31356949
10/10/1994,0.31356949
10/11/1994,0.31356949
10/12/1994,0.31356949
10/13/1994,0.31356949
10/14/1994,0.62713899
10/15/1994,0.78392373
10/16/1994,0.47035424
10/17/1994,0.39196187
10/18/1994,0.36060492
10/19/1994,0.34492644
10/20/1994,0.33708721
10/21/1994,0.43115805
10/22/1994,0.39196187
10/23/1994,0.36060492
10/24/1994,0.34492644
10/25/1994,0.33708721
10/26/1994,0.50955043
10/27/1994,9.40708481
10/28/1994,6.97692123
10/29/1994,3.01810637
10/30/1994,1.88141696
10/31/1994,3.01810637
11/01/1994,8.70155344
11/02/1994,4.78193478
11/03/1994,3.29247968
11/04/1994,4.19399198
11/05/1994,4.27238435
11/06/1994,4.35077672
11/07/1994,3.95881486
11/08/1994,3.25328350
11/09/1994,6.89852886
11/10/1994,5.87942800
11/11/1994,4.27238435
11/12/1994,3.68444155
11/13/1994,3.25328350
11/14/1994,2.90051781
11/15/1994,2.66534069
11/16/1994,2.82212544
11/17/1994,2.66534069
11/18/1994,2.27337883
11/19/1994,2.39096739
11/20/1994,6.07540894
11/21/1994,4.58595384
11/22/1994,3.60604918
11/23/1994,3.64524536
11/24/1994,5.01711190
11/25/1994,7.17290216
11/26/1994,5.76183944
11/27/1994,4.89952334
11/28/1994,4.46836528
11/29/1994,7.17290216
11/30/1994,21.04835225
12/01/1994,29.78910188
12/02/1994,17.99104969
12/03/1994,12.54277974
12/04/1994,9.25030006
12/05/1994,7.17290216
12/06/1994,5.80103563
12/07/1994,4.82113096
12/08/1994,4.07640342
12/09/1994,3.68444155
12/10/1994,3.33167587
12/11/1994,3.21408731
12/12/1994,3.17489112
12/13/1994,2.97891019
12/14/1994,2.78292925
12/15/1994,2.90051781
12/16/1994,7.68245259
12/17/1994,17.52069545
12/18/1994,15.75686705
12/19/1994,12.77795686
12/20/1994,10.89653990
12/21/1994,9.52467337
12/22/1994,8.70155344
12/23/1994,8.11361064
12/24/1994,7.72164878
12/25/1994,7.01611742
12/26/1994,9.99502761
12/27/1994,17.44230308
12/28/1994,14.38500051
12/29/1994,11.24930558
12/30/1994,8.97592675
12/31/1994,7.25129454
01/01/1995,5.99701656
01/02/1995,5.05630808
01/03/1995,4.42916910
01/04/1995,3.91961867
01/05/1995,3.60604918
01/06/1995,3.48846062
01/07/1995,3.64524536
01/08/1995,3.76283392
01/09/1995,7.13370598
01/10/1995,9.05431912
01/11/1995,9.87743905
01/12/1995,11.79805219
01/13/1995,39.15699050
01/14/1995,44.68365282
01/15/1995,23.71369295
01/16/1995,15.60008230
01/17/1995,11.64126745
01/18/1995,10.62216659
01/19/1995,10.70055897
01/20/1995,9.36788862
01/21/1995,7.95682590
01/22/1995,6.85933267
01/23/1995,5.99701656
01/24/1995,5.40907376
01/25/1995,4.93871952
01/26/1995,4.89952334
01/27/1995,5.25228902
01/28/1995,7.29049072
01/29/1995,9.60306574
01/30/1995,15.99204417
01/31/1995,42.33188162
02/01/1995,49.38719523
02/02/1995,32.76801207
02/03/1995,19.20613148
02/04/1995,14.46339289
02/05/1995,11.91564075
02/06/1995,9.95583142
02/07/1995,8.50557251
02/08/1995,7.09450979
02/09/1995,5.95782038
02/10/1995,5.13470046
02/11/1995,4.74273859
02/12/1995,4.70354240
02/13/1995,4.31158054
02/14/1995,3.84122630
02/15/1995,3.60604918
02/16/1995,3.44926443
02/17/1995,21.63629505
02/18/1995,29.94588663
02/19/1995,21.08754844
02/20/1995,16.65837934
02/21/1995,13.01313398
02/22/1995,10.46538185
02/23/1995,8.85833819
02/24/1995,7.87843352
02/25/1995,6.82013648
02/26/1995,5.91862419
02/27/1995,5.25228902
02/28/1995,4.58595384
03/01/1995,4.11559960
03/02/1995,3.72363774
03/03/1995,3.48846062
03/04/1995,3.52765680
03/05/1995,3.29247968
03/06/1995,3.01810637
03/07/1995,2.82212544
03/08/1995,3.01810637
03/09/1995,4.15479579
03/10/1995,4.62515003
03/11/1995,4.62515003
03/12/1995,4.46836528
03/13/1995,5.21309283
03/14/1995,6.50656699
03/15/1995,8.46637632
03/16/1995,7.36888310
03/17/1995,6.27138987
03/18/1995,7.80004115
03/19/1995,8.15280683
03/20/1995,9.28949624
03/21/1995,8.93673056
03/22/1995,7.72164878
03/23/1995,6.50656699
03/24/1995,5.64425088
03/25/1995,4.89952334
03/26/1995,4.38997291
03/27/1995,3.99801104
03/28/1995,3.72363774
03/29/1995,3.48846062
03/30/1995,3.29247968
03/31/1995,3.17489112
04/01/1995,3.09649875
04/02/1995,2.90051781
04/03/1995,2.82212544
04/04/1995,2.90051781
04/05/1995,3.25328350
04/06/1995,3.56685299
04/07/1995,5.40907376
04/08/1995,6.70254792
04/09/1995,6.78094030
04/10/1995,6.11460512
04/11/1995,6.07540894
04/12/1995,7.29049072
04/13/1995,11.44528651
04/14/1995,10.19100854
04/15/1995,8.97592675
04/16/1995,7.60406022
04/17/1995,6.54576318
04/18/1995,5.80103563
04/19/1995,5.17389664
04/20/1995,5.56585851
04/21/1995,5.36987758
04/22/1995,5.13470046
04/23/1995,5.01711190
04/24/1995,5.21309283
04/25/1995,5.09550427
04/26/1995,4.78193478
04/27/1995,5.29148520
04/28/1995,5.56585851
04/29/1995,5.44826995
04/30/1995,5.36987758
05/01/1995,6.46737080
05/02/1995,11.40609033
05/03/1995,9.95583142
05/04/1995,9.95583142
05/05/1995,9.21110387
05/06/1995,8.62316107
05/07/1995,7.80004115
05/08/1995,6.89852886
05/09/1995,6.23219368
05/10/1995,6.07540894
05/11/1995,8.34878776
05/12/1995,8.34878776
05/13/1995,7.36888310
05/14/1995,6.38897843
05/15/1995,5.68344707
05/16/1995,5.13470046
05/17/1995,4.62515003
05/18/1995,4.15479579
05/19/1995,3.80203011
05/20/1995,3.56685299
05/21/1995,3.33167587
05/22/1995,3.09649875
05/23/1995,2.93971400
05/24/1995,2.78292925
05/25/1995,2.58694832
05/26/1995,2.43016357
05/27/1995,2.27337883
05/28/1995,2.11659408
05/29/1995,2.03820171
05/30/1995,1.92061315
05/31/1995,1.80302459
06/01/1995,1.72463221
06/02/1995,1.64623984
06/03/1995,1.56784747
06/04/1995,1.48945509
06/05/1995,1.92061315
06/06/1995,2.11659408
06/07/1995,2.31257501
06/08/1995,1.95980933
06/09/1995,1.72463221
06/10/1995,1.64623984
06/11/1995,1.68543603
06/12/1995,1.48945509
06/13/1995,1.45025891
06/14/1995,1.84222077
06/15/1995,2.70453688
06/16/1995,2.19498645
06/17/1995,2.07739789
06/18/1995,2.66534069
06/19/1995,3.41006824
06/20/1995,3.64524536
06/21/1995,3.33167587
06/22/1995,2.90051781
06/23/1995,2.54775213
06/24/1995,2.31257501
06/25/1995,2.07739789
06/26/1995,1.92061315
06/27/1995,1.76382840
06/28/1995,1.60704365
06/29/1995,1.52865128
06/30/1995,1.41106272
07/01/1995,1.37186653
07/02/1995,1.29347416
07/03/1995,1.25427797
07/04/1995,1.17588560
07/05/1995,1.13668941
07/06/1995,1.25427797
07/07/1995,1.13668941
07/08/1995,1.17588560
07/09/1995,1.80302459
07/10/1995,1.48945509
07/11/1995,1.25427797
07/12/1995,1.13668941
07/13/1995,1.05829704
07/14/1995,1.01910085
07/15/1995,0.97990467
07/16/1995,0.94070848
07/17/1995,0.86231611
07/18/1995,0.86231611
07/19/1995,0.82311992
07/20/1995,0.94070848
07/21/1995,0.82311992
07/22/1995,0.78392373
07/23/1995,0.74472755
07/24/1995,0.74472755
07/25/1995,0.70553136
07/26/1995,0.70553136
07/27/1995,0.70553136
07/28/1995,0.66633517
07/29/1995,0.66633517
07/30/1995,0.62713899
07/31/1995,0.62713899
08/01/1995,0.62713899
08/02/1995,0.58794280
08/03/1995,0.58794280
08/04/1995,0.58794280
08/05/1995,0.58794280
08/06/1995,0.58794280
08/07/1995,0.66633517
08/08/1995,0.62713899
08/09/1995,0.58794280
08/10/1995,0.58794280
08/11/1995,0.58794280
08/12/1995,0.54874661
08/13/1995,0.54874661
08/14/1995,0.54874661
08/15/1995,0.54874661
08/16/1995,0.54874661
08/17/1995,1.29347416
08/18/1995,0.82311992
08/19/1995,0.66633517
08/20/1995,0.58794280
08/21/1995,0.54874661
08/22/1995,0.54874661
08/23/1995,0.54874661
08/24/1995,0.50955043
08/25/1995,0.50955043
08/26/1995,0.50955043
08/27/1995,0.50955043
08/28/1995,0.50955043
08/29/1995,0.50955043
08/30/1995,0.50955043
08/31/1995,0.47035424
09/01/1995,0.47035424
09/02/1995,0.47035424
09/03/1995,0.47035424
09/04/1995,0.47035424
09/05/1995,0.47035424
09/06/1995,0.47035424
09/07/1995,0.47035424
09/08/1995,0.47035424
09/09/1995,0.43115805
09/10/1995,0.43115805
09/11/1995,0.43115805
09/12/1995,0.43115805
09/13/1995,0.43115805
09/14/1995,0.43115805
09/15/1995,0.43115805
09/16/1995,0.43115805
09/17/1995,0.43115805
09/18/1995,0.43115805
09/19/1995,0.39196187
09/20/1995,0.39196187
09/21/1995,0.38804225
09/22/1995,0.38412263
09/23/1995,0.38412263
09/24/1995,0.38412263
09/25/1995,0.50955043
09/26/1995,0.50955043
09/27/1995,0.74472755
09/28/1995,1.05829704
09/29/1995,1.41106272
09/30/1995,1.01910085
10/01/1995,0.86231611
10/02/1995,0.66633517
10/03/1995,1.60704365
10/04/1995,1.41106272
10/05/1995,0.97990467
10/06/1995,0.78392373
10/07/1995,0.70553136
10/08/1995,0.66633517
10/09/1995,0.62713899
10/10/1995,0.62713899
10/11/1995,1.41106272
10/12/1995,2.74373307
10/13/1995,1.84222077
10/14/1995,1.37186653
10/15/1995,1.09749323
10/16/1995,1.01910085
10/17/1995,1.09749323
10/18/1995,1.76382840
10/19/1995,1.25427797
10/20/1995,1.09749323
10/21/1995,1.25427797
10/22/1995,1.29347416
10/23/1995,1.13668941
10/24/1995,1.01910085
10/25/1995,1.13668941
10/26/1995,3.91961867
10/27/1995,2.82212544
10/28/1995,2.23418264
10/29/1995,1.80302459
10/30/1995,1.56784747
10/31/1995,1.37186653
11/01/1995,1.17588560
11/02/1995,1.05829704
11/03/1995,0.97990467
11/04/1995,0.90151229
11/05/1995,1.09749323
11/06/1995,2.54775213
11/07/1995,5.29148520
11/08/1995,12.15081787
11/09/1995,13.99303865
11/10/1995,10.11261617
11/11/1995,28.18205823
11/12/1995,27.24134975
11/13/1995,24.02726244
11/14/1995,15.60008230
11/15/1995,10.70055897
11/16/1995,7.95682590
11/17/1995,6.23219368
11/18/1995,5.68344707
11/19/1995,4.62515003
11/20/1995,3.99801104
11/21/1995,3.52765680
11/22/1995,3.33167587
11/23/1995,3.01810637
11/24/1995,4.78193478
11/25/1995,23.71369295
11/26/1995,22.96896540
11/27/1995,22.69459209
11/28/1995,30.88659511
11/29/1995,26.61421076
11/30/1995,39.15699050
12/01/1995,40.76403416
12/02/1995,24.49761668
12/03/1995,17.48149926
12/04/1995,19.71568190
12/05/1995,16.73677172
12/06/1995,14.81615857
12/07/1995,12.42519118
12/08/1995,10.30859710
12/09/1995,15.36490518
12/10/1995,14.07143102
12/11/1995,13.24831110
12/12/1995,18.93175817
12/13/1995,21.32272556
12/14/1995,20.18603614
12/15/1995,18.10863825
12/16/1995,13.24831110
12/17/1995,10.30859710
12/18/1995,8.34878776
12/19/1995,6.85933267
12/20/1995,5.76183944
12/21/1995,4.97791571
12/22/1995,4.35077672
12/23/1995,3.91961867
12/24/1995,3.56685299
12/25/1995,3.25328350
12/26/1995,3.01810637
12/27/1995,2.86132163
12/28/1995,3.01810637
12/29/1995,13.67946915
12/30/1995,30.18106375
12/31/1995,30.10267138
01/01/1996,17.59908782
01/02/1996,12.19001406
01/03/1996,12.07242550
01/04/1996,11.52367889
01/05/1996,9.83824286
01/06/1996,10.23020473
01/07/1996,12.15081787
01/08/1996,16.97194884
01/09/1996,15.71767086
01/10/1996,14.73776619
01/11/1996,11.64126745
01/12/1996,9.44628099
01/13/1996,7.64325640
01/14/1996,7.21209835
01/15/1996,12.38599499
01/16/1996,16.97194884
01/17/1996,13.71866534
01/18/1996,11.36689414
01/19/1996,16.50159460
01/20/1996,16.34480985
01/21/1996,14.85535475
01/22/1996,10.46538185
01/23/1996,8.42718014
01/24/1996,7.13370598
01/25/1996,5.91862419
01/26/1996,5.13470046
01/27/1996,5.17389664
01/28/1996,5.05630808
01/29/1996,4.58595384
01/30/1996,4.07640342
01/31/1996,3.72363774
02/01/1996,3.44926443
02/02/1996,3.17489112
02/03/1996,3.01810637
02/04/1996,3.91961867
02/05/1996,7.21209835
02/06/1996,66.24155550
02/07/1996,184.22207743
02/08/1996,73.29686911
02/09/1996,73.29686911
02/10/1996,37.39316210
02/11/1996,23.36092727
02/12/1996,17.87346113
02/13/1996,16.89355646
02/14/1996,16.26641748
02/15/1996,15.44329755
02/16/1996,15.05133569
02/17/1996,17.12873358
02/18/1996,29.55392476
02/19/1996,28.37803916
02/20/1996,20.69558657
02/21/1996,15.52168993
02/22/1996,11.95483694
02/23/1996,10.19100854
02/24/1996,8.42718014
02/25/1996,6.97692123
02/26/1996,6.11460512
02/27/1996,5.17389664
02/28/1996,4.11559960
02/29/1996,3.37087206
03/01/1996,2.90051781
03/02/1996,2.66534069
03/03/1996,3.68444155
03/04/1996,6.50656699
03/05/1996,8.27039539
03/06/1996,7.40807928
03/07/1996,6.70254792
03/08/1996,7.05531360
03/09/1996,8.85833819
03/10/1996,9.64226193
03/11/1996,11.09252083
03/12/1996,10.66136278
03/13/1996,9.01512294
03/14/1996,7.52566784
03/15/1996,6.50656699
03/16/1996,5.72264326
03/17/1996,4.89952334
03/18/1996,4.19399198
03/19/1996,4.11559960
03/20/1996,3.68444155
03/21/1996,3.21408731
03/22/1996,3.56685299
03/23/1996,2.97891019
03/24/1996,2.50855595
03/25/1996,2.03820171
03/26/1996,1.80302459
03/27/1996,1.60704365
03/28/1996,1.45025891
03/29/1996,1.25427797
03/30/1996,1.13668941
03/31/1996,2.90051781
04/01/1996,9.09351531
04/02/1996,9.95583142
04/03/1996,8.66235726
04/04/1996,6.97692123
04/05/1996,6.15380131
04/06/1996,5.95782038
04/07/1996,5.99701656
04/08/1996,6.15380131
04/09/1996,5.76183944
04/10/1996,5.21309283
04/11/1996,5.25228902
04/12/1996,6.23219368
04/13/1996,6.78094030
04/14/1996,6.70254792
04/15/1996,7.01611742
04/16/1996,8.11361064
04/17/1996,7.76084496
04/18/1996,7.32968691
04/19/1996,7.52566784
04/20/1996,7.32968691
04/21/1996,7.29049072
04/22/1996,13.64027297
04/23/1996,28.77000103
04/24/1996,42.33188162
04/25/1996,27.20215356
04/26/1996,20.30362470
04/27/1996,15.44329755
04/28/1996,12.15081787
04/29/1996,9.99502761
04/30/1996,8.58396488
05/01/1996,7.68245259
05/02/1996,6.85933267
05/03/1996,6.19299750
05/04/1996,5.60505470
05/05/1996,5.09550427
05/06/1996,4.66434622
05/07/1996,4.31158054
05/08/1996,3.99801104
05/09/1996,3.76283392
05/10/1996,3.56685299
05/11/1996,3.44926443
05/12/1996,3.44926443
05/13/1996,3.88042248
05/14/1996,6.34978224
05/15/1996,12.19001406
05/16/1996,12.03322931
05/17/1996,13.56188059
05/18/1996,17.95185350
05/19/1996,18.34381537
05/20/1996,15.36490518
05/21/1996,12.89554542
05/22/1996,14.42419670
05/23/1996,15.16892425
05/24/1996,13.28750729
05/25/1996,11.17091321
05/26/1996,9.09351531
05/27/1996,7.64325640
05/28/1996,6.70254792
05/29/1996,5.95782038
05/30/1996,5.33068139
05/31/1996,4.78193478
06/01/1996,4.31158054
06/02/1996,3.95881486
06/03/1996,3.68444155
06/04/1996,3.41006824
06/05/1996,3.17489112
06/06/1996,2.97891019
06/07/1996,2.78292925
06/08/1996,2.62614451
06/09/1996,2.46935976
06/10/1996,2.35177120
06/11/1996,2.23418264
06/12/1996,2.15579027
06/13/1996,2.07739789
06/14/1996,1.99900552
06/15/1996,1.92061315
06/16/1996,1.88141696
06/17/1996,1.88141696
06/18/1996,1.84222077
06/19/1996,1.72463221
06/20/1996,1.60704365
06/21/1996,1.52865128
06/22/1996,1.45025891
06/23/1996,2.19498645
06/24/1996,2.54775213
06/25/1996,2.27337883
06/26/1996,2.15579027
06/27/1996,2.39096739
06/28/1996,2.03820171
06/29/1996,1.80302459
06/30/1996,1.64623984
07/01/1996,1.52865128
07/02/1996,1.45025891
07/03/1996,1.33267035
07/04/1996,1.33267035
07/05/1996,1.25427797
07/06/1996,1.21508179
07/07/1996,1.13668941
07/08/1996,1.09749323
07/09/1996,1.09749323
07/10/1996,1.01910085
07/11/1996,1.01910085
07/12/1996,0.97990467
07/13/1996,0.94070848
07/14/1996,0.90151229
07/15/1996,0.90151229
07/16/1996,0.86231611
07/17/1996,0.97990467
07/18/1996,1.01910085
07/19/1996,0.90151229
07/20/1996,0.86231611
07/21/1996,0.82311992
07/22/1996,0.78392373
07/23/1996,0.74472755
07/24/1996,0.74472755
07/25/1996,0.70553136
07/26/1996,0.70553136
07/27/1996,0.66633517
07/28/1996,0.66633517
07/29/1996,0.66633517
07/30/1996,0.62713899
07/31/1996,0.62713899
08/01/1996,0.58794280
08/02/1996,0.62713899
08/03/1996,0.62713899
08/04/1996,0.58794280
08/05/1996,0.58794280
08/06/1996,0.58794280
08/07/1996,0.54874661
08/08/1996,0.54874661
08/09/1996,0.50955043
08/10/1996,0.50955043
08/11/1996,0.50955043
08/12/1996,0.50955043
08/13/1996,0.47035424
08/14/1996,0.47035424
08/15/1996,0.47035424
08/16/1996,0.47035424
08/17/1996,0.43115805
08/18/1996,0.43115805
08/19/1996,0.43115805
08/20/1996,0.43115805
08/21/1996,0.43115805
08/22/1996,0.43115805
08/23/1996,0.43115805
08/24/1996,0.39196187
08/25/1996,0.43115805
08/26/1996,0.43115805
08/27/1996,0.50955043
08/28/1996,0.43115805
08/29/1996,0.43115805
08/30/1996,0.39196187
08/31/1996,0.39196187
09/01/1996,0.38804225
09/02/1996,0.38412263
09/03/1996,0.38020301
09/04/1996,0.38020301
09/05/1996,0.39196187
09/06/1996,0.38020301
09/07/1996,0.38020301
09/08/1996,0.37236377
09/09/1996,0.36452454
09/10/1996,0.36452454
09/11/1996,0.36060492
09/12/1996,0.36060492
09/13/1996,0.36060492
09/14/1996,0.43115805
09/15/1996,1.52865128
09/16/1996,1.21508179
09/17/1996,1.05829704
09/18/1996,0.66633517
09/19/1996,0.54874661
09/20/1996,0.50955043
09/21/1996,0.47035424
09/22/1996,0.43115805
09/23/1996,0.43115805
09/24/1996,0.39196187
09/25/1996,0.39196187
09/26/1996,0.38412263
09/27/1996,0.38020301
09/28/1996,0.38020301
09/29/1996,0.38020301
09/30/1996,0.38020301
10/01/1996,0.37236377
10/02/1996,0.36452454
10/03/1996,0.36060492
10/04/1996,0.37628339
10/05/1996,0.54874661
10/06/1996,0.43115805
10/07/1996,0.39196187
10/08/1996,0.38020301
10/09/1996,0.37628339
10/10/1996,0.36060492
10/11/1996,0.36060492
10/12/1996,0.38804225
10/13/1996,1.05829704
10/14/1996,0.90151229
10/15/1996,1.37186653
10/16/1996,1.09749323
10/17/1996,0.74472755
10/18/1996,4.82113096
10/19/1996,3.95881486
10/20/1996,2.46935976
10/21/1996,1.88141696
10/22/1996,3.21408731
10/23/1996,3.64524536
10/24/1996,13.60107678
10/25/1996,12.50358355
10/26/1996,7.68245259
10/27/1996,5.25228902
10/28/1996,5.17389664
10/29/1996,7.09450979
10/30/1996,5.29148520
10/31/1996,4.15479579
11/01/1996,3.41006824
11/02/1996,2.93971400
11/03/1996,2.58694832
11/04/1996,2.78292925
11/05/1996,2.54775213
11/06/1996,2.70453688
11/07/1996,3.64524536
11/08/1996,3.33167587
11/09/1996,3.09649875
11/10/1996,2.82212544
11/11/1996,2.54775213
11/12/1996,2.31257501
11/13/1996,4.11559960
11/14/1996,5.56585851
11/15/1996,5.60505470
11/16/1996,7.17290216
11/17/1996,13.44429203
11/18/1996,42.33188162
11/19/1996,89.36730565
11/20/1996,38.45145914
11/21/1996,21.67549124
11/22/1996,17.28551833
11/23/1996,13.56188059
11/24/1996,21.47951030
11/25/1996,19.75487809
11/26/1996,13.71866534
11/27/1996,11.75885601
11/28/1996,19.71568190
11/29/1996,16.18802510
11/30/1996,15.99204417
12/01/1996,27.79009636
12/02/1996,19.71568190
12/03/1996,14.69857001
12/04/1996,33.39515106
12/05/1996,45.07561469
12/06/1996,26.73179932
12/07/1996,29.08357052
12/08/1996,41.15599602
12/09/1996,30.33784850
12/10/1996,29.27955146
12/11/1996,25.12475567
12/12/1996,24.85038236
12/13/1996,23.75288913
12/14/1996,18.65738486
12/15/1996,13.91464627
12/16/1996,10.77895134
12/17/1996,8.54476870
12/18/1996,7.13370598
12/19/1996,6.15380131
12/20/1996,7.32968691
12/21/1996,7.60406022
12/22/1996,6.89852886
12/23/1996,7.87843352
12/24/1996,16.73677172
12/25/1996,61.14605123
12/26/1996,83.48787764
12/27/1996,53.30681390
12/28/1996,33.90470148
12/29/1996,31.67051884
12/30/1996,33.04238538
12/31/1996,33.74791674
01/01/1997,43.11580536
01/02/1997,39.58814855
01/03/1997,37.47155447
01/04/1997,24.77198999
01/05/1997,17.59908782
01/06/1997,12.89554542
01/07/1997,10.38698947
01/08/1997,8.42718014
01/09/1997,7.29049072
01/10/1997,7.13370598
01/11/1997,6.78094030
01/12/1997,6.07540894
01/13/1997,5.44826995
01/14/1997,4.97791571
01/15/1997,4.54675766
01/16/1997,4.23318816
01/17/1997,6.42817462
01/18/1997,7.17290216
01/19/1997,7.13370598
01/20/1997,7.36888310
01/21/1997,7.17290216
01/22/1997,6.54576318
01/23/1997,5.91862419
01/24/1997,5.21309283
01/25/1997,5.95782038
01/26/1997,12.46438737
01/27/1997,10.70055897
01/28/1997,16.46239841
01/29/1997,14.50258907
01/30/1997,18.65738486
01/31/1997,68.20136484
02/01/1997,48.99523336
02/02/1997,27.08456500
02/03/1997,18.34381537
02/04/1997,13.05233017
02/05/1997,9.64226193
02/06/1997,7.64325640
02/07/1997,6.58495936
02/08/1997,5.72264326
02/09/1997,4.89952334
02/10/1997,4.31158054
02/11/1997,4.15479579
02/12/1997,4.78193478
02/13/1997,4.46836528
02/14/1997,5.40907376
02/15/1997,5.72264326
02/16/1997,5.56585851
02/17/1997,6.03621275
02/18/1997,5.95782038
02/19/1997,15.20812043
02/20/1997,13.83625390
02/21/1997,10.26940091
02/22/1997,7.99602208
02/23/1997,6.54576318
02/24/1997,5.56585851
02/25/1997,4.86032715
02/26/1997,4.58595384
02/27/1997,4.38997291
02/28/1997,3.91961867
03/01/1997,4.62515003
03/02/1997,6.23219368
03/03/1997,5.72264326
03/04/1997,4.82113096
03/05/1997,4.42916910
03/06/1997,6.34978224
03/07/1997,12.93474161
03/08/1997,12.54277974
03/09/1997,11.64126745
03/10/1997,34.49264429
03/11/1997,39.58814855
03/12/1997,24.26243956
03/13/1997,17.01114502
03/14/1997,12.58197593
03/15/1997,16.03124036
03/16/1997,28.61321628
03/17/1997,31.74891122
03/18/1997,22.06745311
03/19/1997,18.69658105
03/20/1997,19.75487809
03/21/1997,15.63927849
03/22/1997,11.79805219
03/23/1997,9.36788862
03/24/1997,7.83923734
03/25/1997,7.21209835
03/26/1997,7.76084496
03/27/1997,7.56486403
03/28/1997,7.01611742
03/29/1997,5.80103563
03/30/1997,5.17389664
03/31/1997,4.78193478
04/01/1997,4.38997291
04/02/1997,3.99801104
04/03/1997,3.80203011
04/04/1997,3.48846062
04/05/1997,3.21408731
04/06/1997,2.97891019
04/07/1997,3.21408731
04/08/1997,3.60604918
04/09/1997,3.56685299
04/10/1997,3.37087206
04/11/1997,3.09649875
04/12/1997,2.90051781
04/13/1997,3.33167587
04/14/1997,6.54576318
04/15/1997,8.38798395
04/16/1997,8.11361064
04/17/1997,7.48647166
04/18/1997,7.40807928
04/19/1997,11.01412846
04/20/1997,24.45842049
04/21/1997,16.97194884
04/22/1997,15.56088612
04/23/1997,19.99005521
04/24/1997,18.50060012
04/25/1997,14.42419670
04/26/1997,11.83724838
04/27/1997,11.21010939
04/28/1997,9.32869243
04/29/1997,10.62216659
04/30/1997,11.09252083
05/01/1997,10.30859710
05/02/1997,8.77994582
05/03/1997,8.30959158
05/04/1997,7.60406022
05/05/1997,6.93772504
05/06/1997,6.62415555
05/07/1997,5.99701656
05/08/1997,5.60505470
05/09/1997,5.68344707
05/10/1997,5.72264326
05/11/1997,5.87942800
05/12/1997,5.87942800
05/13/1997,5.33068139
05/14/1997,4.74273859
05/15/1997,4.31158054
05/16/1997,3.84122630
05/17/1997,3.52765680
05/18/1997,3.17489112
05/19/1997,2.90051781
05/20/1997,2.66534069
05/21/1997,2.43016357
05/22/1997,2.23418264
05/23/1997,2.19498645
05/24/1997,2.23418264
05/25/1997,2.19498645
05/26/1997,1.99900552
05/27/1997,2.11659408
05/28/1997,2.19498645
05/29/1997,2.62614451
05/30/1997,2.27337883
05/31/1997,2.43016357
06/01/1997,2.50855595
06/02/1997,2.15579027
06/03/1997,2.50855595
06/04/1997,2.74373307
06/05/1997,2.66534069
06/06/1997,2.35177120
06/07/1997,2.11659408
06/08/1997,1.99900552
06/09/1997,1.88141696
06/10/1997,1.72463221
06/11/1997,1.60704365
06/12/1997,1.72463221
06/13/1997,1.60704365
06/14/1997,1.52865128
06/15/1997,1.41106272
06/16/1997,1.33267035
06/17/1997,1.29347416
06/18/1997,1.21508179
06/19/1997,1.17588560
06/20/1997,1.17588560
06/21/1997,1.29347416
06/22/1997,1.33267035
06/23/1997,1.21508179
06/24/1997,1.17588560
06/25/1997,1.09749323
06/26/1997,1.05829704
06/27/1997,1.01910085
06/28/1997,1.05829704
06/29/1997,1.09749323
06/30/1997,1.72463221
07/01/1997,1.72463221
07/02/1997,1.41106272
07/03/1997,1.25427797
07/04/1997,1.17588560
07/05/1997,1.09749323
07/06/1997,1.05829704
07/07/1997,1.01910085
07/08/1997,0.97990467
07/09/1997,1.41106272
07/10/1997,1.37186653
07/11/1997,1.25427797
07/12/1997,1.17588560
07/13/1997,1.05829704
07/14/1997,1.05829704
07/15/1997,1.01910085
07/16/1997,0.97990467
07/17/1997,0.94070848
07/18/1997,0.90151229
07/19/1997,0.86231611
07/20/1997,0.86231611
07/21/1997,0.82311992
07/22/1997,0.82311992
07/23/1997,0.78392373
07/24/1997,0.74472755
07/25/1997,0.74472755
07/26/1997,0.74472755
07/27/1997,0.70553136
07/28/1997,0.70553136
07/29/1997,0.66633517
07/30/1997,0.66633517
07/31/1997,0.66633517
08/01/1997,0.66633517
08/02/1997,0.66633517
08/03/1997,0.62713899
08/04/1997,0.62713899
08/05/1997,0.58794280
08/06/1997,0.58794280
08/07/1997,0.58794280
08/08/1997,0.54874661
08/09/1997,0.54874661
08/10/1997,0.50955043
08/11/1997,0.50955043
08/12/1997,0.50955043
08/13/1997,0.50955043
08/14/1997,0.47035424
08/15/1997,0.47035424
08/16/1997,0.47035424
08/17/1997,0.47035424
08/18/1997,0.47035424
08/19/1997,0.47035424
08/20/1997,0.50955043
08/21/1997,0.50955043
08/22/1997,0.47035424
08/23/1997,0.47035424
08/24/1997,0.74472755
08/25/1997,0.54874661
08/26/1997,0.54874661
08/27/1997,0.58794280
08/28/1997,0.50955043
08/29/1997,0.47035424
08/30/1997,0.47035424
08/31/1997,0.43115805
09/01/1997,0.43115805
09/02/1997,0.43115805
09/03/1997,0.43115805
09/04/1997,0.39196187
09/05/1997,0.39196187
09/06/1997,0.39196187
09/07/1997,0.39196187
09/08/1997,0.38804225
09/09/1997,0.38020301
09/10/1997,0.39196187
09/11/1997,0.47035424
09/12/1997,0.47035424
09/13/1997,0.43115805
09/14/1997,0.66633517
09/15/1997,1.33267035
09/16/1997,2.07739789
09/17/1997,2.50855595
09/18/1997,1.99900552
09/19/1997,1.52865128
09/20/1997,1.13668941
09/21/1997,0.94070848
09/22/1997,0.82311992
09/23/1997,0.74472755
09/24/1997,0.70553136
09/25/1997,0.66633517
09/26/1997,0.74472755
09/27/1997,0.78392373
09/28/1997,0.66633517
09/29/1997,0.62713899
09/30/1997,0.62713899
10/01/1997,0.66633517
10/02/1997,1.52865128
10/03/1997,2.03820171
10/04/1997,3.05730256
10/05/1997,6.50656699
10/06/1997,3.80203011
10/07/1997,2.43016357
10/08/1997,3.29247968
10/09/1997,6.62415555
10/10/1997,4.50756147
10/11/1997,3.80203011
10/12/1997,3.64524536
10/13/1997,3.01810637
10/14/1997,2.46935976
10/15/1997,2.07739789
10/16/1997,1.72463221
10/17/1997,1.45025891
10/18/1997,1.25427797
10/19/1997,1.13668941
10/20/1997,0.97990467
10/21/1997,0.90151229
10/22/1997,0.82311992
10/23/1997,0.86231611
10/24/1997,0.78392373
10/25/1997,0.70553136
10/26/1997,0.66633517
10/27/1997,0.62713899
10/28/1997,0.58794280
10/29/1997,7.76084496
10/30/1997,25.59510991
10/31/1997,30.76900655
11/01/1997,16.07043654
11/02/1997,9.79904667
11/03/1997,6.78094030
11/04/1997,5.17389664
11/05/1997,4.11559960
11/06/1997,3.44926443
11/07/1997,3.99801104
11/08/1997,3.29247968
11/09/1997,2.82212544
11/10/1997,2.50855595
11/11/1997,2.23418264
11/12/1997,1.99900552
11/13/1997,1.80302459
11/14/1997,1.60704365
11/15/1997,1.45025891
11/16/1997,1.33267035
11/17/1997,1.72463221
11/18/1997,1.88141696
11/19/1997,1.95980933
11/20/1997,2.97891019
11/21/1997,3.09649875
11/22/1997,2.70453688
11/23/1997,2.78292925
11/24/1997,4.74273859
11/25/1997,4.50756147
11/26/1997,4.23318816
11/27/1997,3.72363774
11/28/1997,3.25328350
11/29/1997,3.13569494
11/30/1997,2.97891019
12/01/1997,2.58694832
12/02/1997,2.35177120
12/03/1997,2.15579027
12/04/1997,1.99900552
12/05/1997,1.80302459
12/06/1997,1.64623984
12/07/1997,1.84222077
12/08/1997,1.84222077
12/09/1997,1.72463221
12/10/1997,1.68543603
12/11/1997,1.76382840
12/12/1997,1.72463221
12/13/1997,1.64623984
12/14/1997,1.72463221
12/15/1997,2.66534069
12/16/1997,13.99303865
12/17/1997,18.93175817
12/18/1997,11.87644457
12/19/1997,8.11361064
12/20/1997,6.50656699
12/21/1997,5.33068139
12/22/1997,4.42916910
12/23/1997,3.91961867
12/24/1997,3.44926443
12/25/1997,3.01810637
12/26/1997,2.74373307
12/27/1997,2.50855595
12/28/1997,2.39096739
12/29/1997,2.35177120
12/30/1997,2.35177120
12/31/1997,2.35177120
01/01/1998,3.21408731
01/02/1998,5.60505470
01/03/1998,5.09550427
01/04/1998,4.89952334
01/05/1998,4.50756147
01/06/1998,4.35077672
01/07/1998,9.01512294
01/08/1998,8.89753438
01/09/1998,6.85933267
01/10/1998,7.68245259
01/11/1998,30.29865231
01/12/1998,26.41822983
01/13/1998,28.33884298
01/14/1998,30.57302562
01/15/1998,31.43534172
01/16/1998,28.06446967
01/17/1998,41.15599602
01/18/1998,27.51572305
01/19/1998,20.81317513
01/20/1998,16.14882892
01/21/1998,12.85634923
01/22/1998,14.65937382
01/23/1998,18.85336580
01/24/1998,16.54079078
01/25/1998,16.34480985
01/26/1998,16.65837934
01/27/1998,16.26641748
01/28/1998,13.99303865
01/29/1998,12.85634923
01/30/1998,10.77895134
01/31/1998,8.70155344
02/01/1998,7.36888310
02/02/1998,6.31058606
02/03/1998,5.52666232
02/04/1998,4.97791571
02/05/1998,4.46836528
02/06/1998,4.35077672
02/07/1998,3.95881486
02/08/1998,3.64524536
02/09/1998,3.37087206
02/10/1998,3.25328350
02/11/1998,3.41006824
02/12/1998,3.60604918
02/13/1998,4.58595384
02/14/1998,5.09550427
02/15/1998,5.60505470
02/16/1998,5.29148520
02/17/1998,4.62515003
02/18/1998,4.31158054
02/19/1998,4.97791571
02/20/1998,5.40907376
02/21/1998,12.30760262
02/22/1998,12.34679881
02/23/1998,9.60306574
02/24/1998,7.40807928
02/25/1998,6.19299750
02/26/1998,5.25228902
02/27/1998,4.54675766
02/28/1998,7.01611742
03/01/1998,11.64126745
03/02/1998,14.42419670
03/03/1998,13.79705771
03/04/1998,11.24930558
03/05/1998,8.85833819
03/06/1998,7.17290216
03/07/1998,6.66335174
03/08/1998,6.27138987
03/09/1998,5.87942800
03/10/1998,5.87942800
03/11/1998,7.05531360
03/12/1998,10.97493227
03/13/1998,12.54277974
03/14/1998,11.75885601
03/15/1998,10.97493227
03/16/1998,9.40708481
03/17/1998,7.83923734
03/18/1998,7.05531360
03/19/1998,6.27138987
03/20/1998,6.27138987
03/21/1998,7.05531360
03/22/1998,16.46239841
03/23/1998,19.59809334
03/24/1998,16.46239841
03/25/1998,11.75885601
03/26/1998,9.40708481
03/27/1998,7.83923734
03/28/1998,7.05531360
03/29/1998,6.27138987
03/30/1998,5.87942800
03/31/1998,5.48746614
04/01/1998,5.09550427
04/02/1998,4.70354240
04/03/1998,4.31158054
04/04/1998,3.91961867
04/05/1998,3.72363774
04/06/1998,3.52765680
04/07/1998,3.21408731
04/08/1998,2.97891019
04/09/1998,3.01810637
04/10/1998,3.88042248
04/11/1998,4.46836528
04/12/1998,4.46836528
04/13/1998,4.19399198
04/14/1998,3.88042248
04/15/1998,3.60604918
04/16/1998,3.29247968
04/17/1998,3.01810637
04/18/1998,2.93971400
04/19/1998,3.17489112
04/20/1998,3.17489112
04/21/1998,3.48846062
04/22/1998,4.15479579
04/23/1998,5.13470046
04/24/1998,4.97791571
04/25/1998,4.07640342
04/26/1998,3.52765680
04/27/1998,3.41006824
04/28/1998,3.88042248
04/29/1998,4.31158054
04/30/1998,4.38997291
05/01/1998,4.19399198
05/02/1998,4.15479579
05/03/1998,3.44926443
05/04/1998,3.13569494
05/05/1998,4.03720723
05/06/1998,3.05730256
05/07/1998,2.66534069
05/08/1998,2.43016357
05/09/1998,2.31257501
05/10/1998,2.07739789
05/11/1998,2.11659408
05/12/1998,3.17489112
05/13/1998,3.09649875
05/14/1998,3.91961867
05/15/1998,6.07540894
05/16/1998,6.38897843
05/17/1998,6.23219368
05/18/1998,5.87942800
05/19/1998,6.31058606
05/20/1998,6.03621275
05/21/1998,6.15380131
05/22/1998,5.91862419
05/23/1998,5.25228902
05/24/1998,5.29148520
05/25/1998,6.46737080
05/26/1998,5.76183944
05/27/1998,5.09550427
05/28/1998,4.42916910
05/29/1998,6.03621275
05/30/1998,8.89753438
05/31/1998,7.44727547
06/01/1998,6.19299750
06/02/1998,5.17389664
06/03/1998,4.54675766
06/04/1998,3.99801104
06/05/1998,3.48846062
06/06/1998,3.17489112
06/07/1998,2.93971400
06/08/1998,2.93971400
06/09/1998,2.74373307
06/10/1998,2.93971400
06/11/1998,2.82212544
06/12/1998,2.58694832
06/13/1998,2.43016357
06/14/1998,2.27337883
06/15/1998,2.19498645
06/16/1998,2.15579027
06/17/1998,2.07739789
06/18/1998,1.99900552
06/19/1998,1.95980933
06/20/1998,1.88141696
06/21/1998,1.84222077
06/22/1998,1.80302459
06/23/1998,1.72463221
06/24/1998,1.84222077
06/25/1998,1.92061315
06/26/1998,2.31257501
06/27/1998,2.07739789
06/28/1998,1.92061315
06/29/1998,1.84222077
06/30/1998,1.76382840
07/01/1998,1.68543603
07/02/1998,1.68543603
07/03/1998,1.60704365
07/04/1998,1.56784747
07/05/1998,1.52865128
07/06/1998,1.45025891
07/07/1998,1.41106272
07/08/1998,1.33267035
07/09/1998,1.29347416
07/10/1998,1.25427797
07/11/1998,1.21508179
07/12/1998,1.13668941
07/13/1998,1.09749323
07/14/1998,1.05829704
07/15/1998,1.01910085
07/16/1998,0.97990467
07/17/1998,0.97990467
07/18/1998,0.94070848
07/19/1998,0.90151229
07/20/1998,0.90151229
07/21/1998,0.86231611
07/22/1998,0.82311992
07/23/1998,0.82311992
07/24/1998,0.78392373
07/25/1998,0.78392373
07/26/1998,0.74472755
07/27/1998,0.74472755
07/28/1998,0.70553136
07/29/1998,0.74472755
07/30/1998,0.74472755
07/31/1998,0.70553136
08/01/1998,0.66633517
08/02/1998,0.62713899
08/03/1998,0.62713899
08/04/1998,0.58794280
08/05/1998,0.58794280
08/06/1998,0.58794280
08/07/1998,0.54874661
08/08/1998,0.54874661
08/09/1998,0.54874661
08/10/1998,0.50955043
08/11/1998,0.50955043
08/12/1998,0.50955043
08/13/1998,0.50955043
08/14/1998,0.47035424
08/15/1998,0.47035424
08/16/1998,0.47035424
08/17/1998,0.47035424
08/18/1998,0.43115805
08/19/1998,0.43115805
08/20/1998,0.43115805
08/21/1998,0.47035424
08/22/1998,0.43115805
08/23/1998,0.43115805
08/24/1998,0.43115805
08/25/1998,0.43115805
08/26/1998,0.39196187
08/27/1998,0.39196187
08/28/1998,0.38412263
08/29/1998,0.37628339
08/30/1998,0.36844415
08/31/1998,0.36060492
09/01/1998,0.35276568
09/02/1998,0.34884606
09/03/1998,0.34492644
09/04/1998,0.34100682
09/05/1998,0.33708721
09/06/1998,0.32924797
09/07/1998,0.32532835
09/08/1998,0.32532835
09/09/1998,0.33316759
09/10/1998,0.32532835
09/11/1998,0.32532835
09/12/1998,0.32140873
09/13/1998,0.31356949
09/14/1998,0.30964987
09/15/1998,0.30573026
09/16/1998,0.30181064
09/17/1998,0.29397140
09/18/1998,0.43115805
09/19/1998,0.58794280
09/20/1998,0.39196187
09/21/1998,0.34884606
09/22/1998,0.32532835
09/23/1998,0.32140873
09/24/1998,0.31356949
09/25/1998,0.43115805
09/26/1998,0.54874661
09/27/1998,0.37628339
09/28/1998,0.33708721
09/29/1998,0.32532835
09/30/1998,0.32140873
10/01/1998,0.31356949
10/02/1998,0.62713899
10/03/1998,0.94070848
10/04/1998,1.72463221
10/05/1998,0.78392373
10/06/1998,0.50955043
10/07/1998,0.47035424
10/08/1998,0.58794280
10/09/1998,1.01910085
10/10/1998,1.29347416
10/11/1998,0.78392373
10/12/1998,0.62713899
10/13/1998,0.94070848
10/14/1998,1.48945509
10/15/1998,1.29347416
10/16/1998,1.05829704
10/17/1998,0.86231611
10/18/1998,0.74472755
10/19/1998,0.62713899
10/20/1998,0.54874661
10/21/1998,0.50955043
10/22/1998,0.47035424
10/23/1998,0.47035424
10/24/1998,0.47035424
10/25/1998,0.58794280
10/26/1998,0.50955043
10/27/1998,0.50955043
10/28/1998,0.74472755
10/29/1998,0.70553136
10/30/1998,0.58794280
10/31/1998,0.54874661
11/01/1998,0.78392373
11/02/1998,0.74472755
11/03/1998,0.74472755
11/04/1998,1.21508179
11/05/1998,2.50855595
11/06/1998,2.31257501
11/07/1998,2.11659408
11/08/1998,2.03820171
11/09/1998,1.80302459
11/10/1998,1.95980933
11/11/1998,2.07739789
11/12/1998,1.84222077
11/13/1998,1.68543603
11/14/1998,1.64623984
11/15/1998,3.95881486
11/16/1998,6.54576318
11/17/1998,4.07640342
11/18/1998,4.19399198
11/19/1998,4.15479579
11/20/1998,13.75786153
11/21/1998,62.32193683
11/22/1998,33.39515106
11/23/1998,22.14584548
11/24/1998,20.30362470
11/25/1998,18.93175817
11/26/1998,23.08655396
11/27/1998,17.36391070
11/28/1998,11.24930558
11/29/1998,8.50557251
11/30/1998,8.58396488
12/01/1998,10.81814753
12/02/1998,38.41226295
12/03/1998,26.65340695
12/04/1998,15.36490518
12/05/1998,9.95583142
12/06/1998,6.82013648
12/07/1998,5.56585851
12/08/1998,5.40907376
12/09/1998,4.23318816
12/10/1998,3.76283392
12/11/1998,14.89455094
12/12/1998,20.22523233
12/13/1998,18.38301156
12/14/1998,14.38500051
12/15/1998,10.26940091
12/16/1998,7.64325640
12/17/1998,6.85933267
12/18/1998,5.87942800
12/19/1998,4.70354240
12/20/1998,3.48846062
12/21/1998,2.86132163
12/22/1998,2.46935976
12/23/1998,2.19498645
12/24/1998,2.07739789
12/25/1998,5.48746614
12/26/1998,12.89554542
12/27/1998,39.98011042
12/28/1998,95.24673365
12/29/1998,50.95504269
12/30/1998,30.96498748
12/31/1998,24.10565481
01/01/1999,18.14783444
01/02/1999,12.93474161
01/03/1999,9.72065430
01/04/1999,7.76084496
01/05/1999,6.50656699
01/06/1999,5.64425088
01/07/1999,5.05630808
01/08/1999,4.46836528
01/09/1999,4.07640342
01/10/1999,3.76283392
01/11/1999,3.80203011
01/12/1999,4.03720723
01/13/1999,4.03720723
01/14/1999,10.26940091
01/15/1999,24.61520524
01/16/1999,18.46140393
01/17/1999,19.36291622
01/18/1999,24.69359761
01/19/1999,18.50060012
01/20/1999,18.61818868
01/21/1999,22.02825692
01/22/1999,17.32471452
01/23/1999,14.18901958
01/24/1999,10.38698947
01/25/1999,8.03521827
01/26/1999,6.58495936
01/27/1999,5.48746614
01/28/1999,5.25228902
01/29/1999,5.05630808
01/30/1999,4.66434622
01/31/1999,4.31158054
02/01/1999,3.95881486
02/02/1999,4.38997291
02/03/1999,5.05630808
02/04/1999,5.76183944
02/05/1999,5.64425088
02/06/1999,10.26940091
02/07/1999,16.26641748
02/08/1999,10.89653990
02/09/1999,7.56486403
02/10/1999,5.91862419
02/11/1999,4.86032715
02/12/1999,4.27238435
02/13/1999,3.99801104
02/14/1999,3.91961867
02/15/1999,3.88042248
02/16/1999,6.50656699
02/17/1999,11.44528651
02/18/1999,12.85634923
02/19/1999,14.50258907
02/20/1999,10.07341998
02/21/1999,7.76084496
02/22/1999,8.23119920
02/23/1999,19.51970097
02/24/1999,19.51970097
02/25/1999,15.87445561
02/26/1999,12.58197593
02/27/1999,17.36391070
02/28/1999,32.45444258
03/01/1999,23.98806625
03/02/1999,16.07043654
03/03/1999,12.38599499
03/04/1999,9.64226193
03/05/1999,7.83923734
03/06/1999,6.62415555
03/07/1999,5.72264326
03/08/1999,5.09550427
03/09/1999,4.54675766
03/10/1999,4.11559960
03/11/1999,3.76283392
03/12/1999,4.07640342
03/13/1999,5.72264326
03/14/1999,5.80103563
03/15/1999,5.52666232
03/16/1999,5.17389664
03/17/1999,4.74273859
03/18/1999,4.58595384
03/19/1999,5.09550427
03/20/1999,6.62415555
03/21/1999,7.32968691
03/22/1999,7.21209835
03/23/1999,7.13370598
03/24/1999,6.82013648
03/25/1999,6.70254792
03/26/1999,6.66335174
03/27/1999,6.23219368
03/28/1999,5.68344707
03/29/1999,6.19299750
03/30/1999,5.87942800
03/31/1999,5.21309283
04/01/1999,4.66434622
04/02/1999,4.31158054
04/03/1999,4.07640342
04/04/1999,3.76283392
04/05/1999,3.64524536
04/06/1999,3.44926443
04/07/1999,3.37087206
04/08/1999,3.48846062
04/09/1999,3.37087206
04/10/1999,3.37087206
04/11/1999,3.44926443
04/12/1999,3.76283392
04/13/1999,4.07640342
04/14/1999,4.23318816
04/15/1999,4.50756147
04/16/1999,5.60505470
04/17/1999,8.07441446
04/18/1999,9.91663523
04/19/1999,9.68145811
04/20/1999,9.05431912
04/21/1999,7.72164878
04/22/1999,6.46737080
04/23/1999,5.76183944
04/24/1999,6.31058606
04/25/1999,7.91762971
04/26/1999,6.97692123
04/27/1999,6.15380131
04/28/1999,5.17389664
04/29/1999,4.50756147
04/30/1999,4.35077672
05/01/1999,5.48746614
05/02/1999,6.54576318
05/03/1999,8.50557251
05/04/1999,8.58396488
05/05/1999,7.52566784
05/06/1999,8.19200302
05/07/1999,8.54476870
05/08/1999,7.40807928
05/09/1999,6.42817462
05/10/1999,5.56585851
05/11/1999,5.36987758
05/12/1999,5.95782038
05/13/1999,5.72264326
05/14/1999,5.44826995
05/15/1999,5.09550427
05/16/1999,4.82113096
05/17/1999,7.48647166
05/18/1999,13.40509585
05/19/1999,11.87644457
05/20/1999,10.03422379
05/21/1999,8.50557251
05/22/1999,8.34878776
05/23/1999,10.15181235
05/24/1999,12.58197593
05/25/1999,12.22921025
05/26/1999,9.72065430
05/27/1999,9.09351531
05/28/1999,9.05431912
05/29/1999,8.27039539
05/30/1999,7.29049072
05/31/1999,6.74174411
06/01/1999,7.91762971
06/02/1999,6.50656699
06/03/1999,5.17389664
06/04/1999,4.62515003
06/05/1999,4.86032715
06/06/1999,4.89952334
06/07/1999,4.35077672
06/08/1999,3.95881486
06/09/1999,3.64524536
06/10/1999,3.60604918
06/11/1999,3.91961867
06/12/1999,4.66434622
06/13/1999,5.52666232
06/14/1999,6.27138987
06/15/1999,6.34978224
06/16/1999,5.56585851
06/17/1999,4.93871952
06/18/1999,4.54675766
06/19/1999,4.15479579
06/20/1999,3.84122630
06/21/1999,3.76283392
06/22/1999,3.56685299
06/23/1999,3.44926443
06/24/1999,3.60604918
06/25/1999,3.91961867
06/26/1999,3.25328350
06/27/1999,2.82212544
06/28/1999,2.58694832
06/29/1999,2.50855595
06/30/1999,2.46935976
07/01/1999,2.35177120
07/02/1999,2.19498645
07/03/1999,2.07739789
07/04/1999,1.99900552
07/05/1999,1.84222077
07/06/1999,1.80302459
07/07/1999,1.80302459
07/08/1999,1.68543603
07/09/1999,1.60704365
07/10/1999,1.56784747
07/11/1999,1.52865128
07/12/1999,1.48945509
07/13/1999,1.41106272
07/14/1999,1.29347416
07/15/1999,1.25427797
07/16/1999,1.17588560
07/17/1999,1.13668941
07/18/1999,1.09749323
07/19/1999,1.05829704
07/20/1999,1.01910085
07/21/1999,1.01910085
07/22/1999,0.97990467
07/23/1999,0.94070848
07/24/1999,0.90151229
07/25/1999,0.90151229
07/26/1999,0.90151229
07/27/1999,0.86231611
07/28/1999,0.82311992
07/29/1999,0.82311992
07/30/1999,0.78392373
07/31/1999,0.78392373
08/01/1999,0.78392373
08/02/1999,0.74472755
08/03/1999,0.74472755
08/04/1999,0.74472755
08/05/1999,0.90151229
08/06/1999,1.01910085
08/07/1999,1.80302459
08/08/1999,1.21508179
08/09/1999,0.97990467
08/10/1999,0.90151229
08/11/1999,0.86231611
08/12/1999,0.82311992
08/13/1999,0.78392373
08/14/1999,0.82311992
08/15/1999,0.78392373
08/16/1999,0.74472755
08/17/1999,0.74472755
08/18/1999,0.70553136
08/19/1999,0.70553136
08/20/1999,0.66633517
08/21/1999,0.66633517
08/22/1999,0.66633517
08/23/1999,0.62713899
08/24/1999,0.62713899
08/25/1999,0.62713899
08/26/1999,0.62713899
08/27/1999,0.62713899
08/28/1999,0.58794280
08/29/1999,0.58794280
08/30/1999,0.70553136
08/31/1999,0.78392373
09/01/1999,0.66633517
09/02/1999,0.62713899
09/03/1999,0.58794280
09/04/1999,0.58794280
09/05/1999,0.54874661
09/06/1999,0.54874661
09/07/1999,0.54874661
09/08/1999,0.54874661
09/09/1999,0.50955043
09/10/1999,0.50955043
09/11/1999,0.50955043
09/12/1999,0.50955043
09/13/1999,0.50955043
09/14/1999,0.47035424
09/15/1999,0.47035424
09/16/1999,0.47035424
09/17/1999,0.47035424
09/18/1999,0.47035424
09/19/1999,0.47035424
09/20/1999,0.47035424
09/21/1999,0.43115805
09/22/1999,0.43115805
09/23/1999,0.43115805
09/24/1999,0.43115805
09/25/1999,0.43115805
09/26/1999,0.43115805
09/27/1999,0.43115805
09/28/1999,0.43115805
09/29/1999,0.43115805
09/30/1999,0.43115805
10/01/1999,0.43115805
10/02/1999,0.43115805
10/03/1999,0.43115805
10/04/1999,0.39196187
10/05/1999,0.39196187
10/06/1999,0.50955043
10/07/1999,0.47035424
10/08/1999,0.43115805
10/09/1999,0.47035424
10/10/1999,0.43115805
10/11/1999,0.43115805
10/12/1999,0.39196187
10/13/1999,0.39196187
10/14/1999,0.39196187
10/15/1999,0.38804225
10/16/1999,0.38804225
10/17/1999,0.38804225
10/18/1999,0.38804225
10/19/1999,0.37628339
10/20/1999,0.37236377
10/21/1999,0.36844415
10/22/1999,0.36844415
10/23/1999,0.36844415
10/24/1999,0.37628339
10/25/1999,0.39196187
10/26/1999,0.78392373
10/27/1999,0.90151229
10/28/1999,2.15579027
10/29/1999,1.41106272
10/30/1999,0.82311992
10/31/1999,0.90151229
11/01/1999,0.74472755
11/02/1999,0.62713899
11/03/1999,0.58794280
11/04/1999,0.82311992
11/05/1999,1.13668941
11/06/1999,1.84222077
11/07/1999,1.05829704
11/08/1999,1.33267035
11/09/1999,1.37186653
11/10/1999,1.68543603
11/11/1999,1.60704365
11/12/1999,1.33267035
11/13/1999,1.21508179
11/14/1999,1.05829704
11/15/1999,0.94070848
11/16/1999,0.94070848
11/17/1999,1.21508179
11/18/1999,1.05829704
11/19/1999,1.13668941
11/20/1999,2.50855595
11/21/1999,2.46935976
11/22/1999,2.19498645
11/23/1999,2.31257501
11/24/1999,6.58495936
11/25/1999,68.59332670
11/26/1999,73.29686911
11/27/1999,21.71468742
11/28/1999,11.52367889
11/29/1999,7.99602208
11/30/1999,6.66335174
12/01/1999,5.76183944
12/02/1999,11.95483694
12/03/1999,9.52467337
12/04/1999,7.48647166
12/05/1999,6.89852886
12/06/1999,8.97592675
12/07/1999,11.17091321
12/08/1999,8.77994582
12/09/1999,7.87843352
12/10/1999,7.32968691
12/11/1999,8.19200302
12/12/1999,10.85734371
12/13/1999,12.38599499
12/14/1999,10.03422379
12/15/1999,14.18901958
12/16/1999,28.18205823
12/17/1999,28.18205823
12/18/1999,27.98607730
12/19/1999,18.53979630
12/20/1999,12.85634923
12/21/1999,9.83824286
12/22/1999,8.11361064
12/23/1999,7.17290216
12/24/1999,6.58495936
12/25/1999,6.15380131
12/26/1999,5.64425088
12/27/1999,5.21309283
12/28/1999,4.86032715
12/29/1999,4.42916910
12/30/1999,4.11559960
12/31/1999,3.80203011
01/01/2000,3.88042248
01/02/2000,3.76283392
01/03/2000,3.80203011
01/04/2000,8.62316107
01/05/2000,8.11361064
01/06/2000,6.38897843
01/07/2000,5.60505470
01/08/2000,8.38798395
01/09/2000,12.19001406
01/10/2000,14.77696238
01/11/2000,14.42419670
01/12/2000,9.79904667
01/13/2000,8.07441446
01/14/2000,11.75885601
01/15/2000,12.46438737
01/16/2000,11.99403313
01/17/2000,10.38698947
01/18/2000,8.46637632
01/19/2000,7.36888310
01/20/2000,7.99602208
01/21/2000,7.68245259
01/22/2000,7.13370598
01/23/2000,6.82013648
01/24/2000,10.30859710
01/25/2000,11.13171702
01/26/2000,10.26940091
01/27/2000,8.50557251
01/28/2000,7.17290216
01/29/2000,6.15380131
01/30/2000,5.44826995
01/31/2000,5.36987758
02/01/2000,15.28651281
02/02/2000,20.14683996
02/03/2000,14.65937382
02/04/2000,11.64126745
02/05/2000,10.38698947
02/06/2000,10.11261617
02/07/2000,9.60306574
02/08/2000,9.60306574
02/09/2000,10.77895134
02/10/2000,9.83824286
02/11/2000,9.52467337
02/12/2000,9.48547718
02/13/2000,9.09351531
02/14/2000,11.71965982
02/15/2000,13.36589966
02/16/2000,10.89653990
02/17/2000,8.85833819
02/18/2000,7.36888310
02/19/2000,6.27138987
02/20/2000,5.64425088
02/21/2000,5.36987758
02/22/2000,6.03621275
02/23/2000,6.46737080
02/24/2000,5.80103563
02/25/2000,5.60505470
02/26/2000,9.44628099
02/27/2000,12.19001406
02/28/2000,10.07341998
02/29/2000,9.87743905
03/01/2000,8.66235726
03/02/2000,7.83923734
03/03/2000,7.01611742
03/04/2000,7.05531360
03/05/2000,6.82013648
03/06/2000,6.11460512
03/07/2000,5.48746614
03/08/2000,5.13470046
03/09/2000,4.74273859
03/10/2000,4.70354240
03/11/2000,5.44826995
03/12/2000,4.93871952
03/13/2000,4.82113096
03/14/2000,6.42817462
03/15/2000,5.84023182
03/16/2000,7.01611742
03/17/2000,6.97692123
03/18/2000,7.60406022
03/19/2000,10.34779329
03/20/2000,8.77994582
03/21/2000,7.60406022
03/22/2000,7.29049072
03/23/2000,7.60406022
03/24/2000,6.66335174
03/25/2000,5.91862419
03/26/2000,5.40907376
03/27/2000,5.33068139
03/28/2000,5.01711190
03/29/2000,4.54675766
03/30/2000,4.15479579
03/31/2000,3.91961867
04/01/2000,3.99801104
04/02/2000,4.50756147
04/03/2000,5.40907376
04/04/2000,6.15380131
04/05/2000,5.33068139
04/06/2000,4.74273859
04/07/2000,4.15479579
04/08/2000,4.07640342
04/09/2000,4.19399198
04/10/2000,3.99801104
04/11/2000,4.27238435
04/12/2000,5.17389664
04/13/2000,8.58396488
04/14/2000,7.44727547
04/15/2000,8.07441446
04/16/2000,7.05531360
04/17/2000,6.27138987
04/18/2000,5.95782038
04/19/2000,5.36987758
04/20/2000,4.82113096
04/21/2000,4.70354240
04/22/2000,5.05630808
04/23/2000,4.62515003
04/24/2000,4.11559960
04/25/2000,4.35077672
04/26/2000,4.35077672
04/27/2000,4.35077672
04/28/2000,4.15479579
04/29/2000,3.76283392
04/30/2000,3.64524536
05/01/2000,3.64524536
05/02/2000,3.80203011
05/03/2000,4.07640342
05/04/2000,4.11559960
05/05/2000,3.99801104
05/06/2000,3.64524536
05/07/2000,3.44926443
05/08/2000,3.76283392
05/09/2000,4.97791571
05/10/2000,6.03621275
05/11/2000,6.70254792
05/12/2000,6.93772504
05/13/2000,6.62415555
05/14/2000,6.62415555
05/15/2000,7.01611742
05/16/2000,6.42817462
05/17/2000,5.68344707
05/18/2000,5.13470046
05/19/2000,4.86032715
05/20/2000,4.62515003
05/21/2000,4.46836528
05/22/2000,4.23318816
05/23/2000,3.91961867
05/24/2000,3.60604918
05/25/2000,3.29247968
05/26/2000,3.09649875
05/27/2000,3.44926443
05/28/2000,3.44926443
05/29/2000,2.97891019
05/30/2000,2.78292925
05/31/2000,2.66534069
06/01/2000,2.46935976
06/02/2000,2.39096739
06/03/2000,2.27337883
06/04/2000,2.19498645
06/05/2000,2.11659408
06/06/2000,1.99900552
06/07/2000,1.92061315
06/08/2000,2.19498645
06/09/2000,2.27337883
06/10/2000,2.50855595
06/11/2000,2.82212544
06/12/2000,10.23020473
06/13/2000,8.42718014
06/14/2000,5.91862419
06/15/2000,4.70354240
06/16/2000,3.95881486
06/17/2000,3.44926443
06/18/2000,3.09649875
06/19/2000,2.82212544
06/20/2000,2.62614451
06/21/2000,2.43016357
06/22/2000,2.27337883
06/23/2000,2.11659408
06/24/2000,1.99900552
06/25/2000,1.88141696
06/26/2000,1.80302459
06/27/2000,1.68543603
06/28/2000,1.64623984
06/29/2000,1.56784747
06/30/2000,1.48945509
07/01/2000,1.45025891
07/02/2000,1.41106272
07/03/2000,1.41106272
07/04/2000,1.37186653
07/05/2000,1.33267035
07/06/2000,1.33267035
07/07/2000,1.25427797
07/08/2000,1.25427797
07/09/2000,1.17588560
07/10/2000,1.13668941
07/11/2000,1.09749323
07/12/2000,1.05829704
07/13/2000,1.01910085
07/14/2000,0.97990467
07/15/2000,0.97990467
07/16/2000,0.94070848
07/17/2000,0.94070848
07/18/2000,0.90151229
07/19/2000,0.86231611
07/20/2000,0.86231611
07/21/2000,0.82311992
07/22/2000,0.82311992
07/23/2000,0.78392373
07/24/2000,0.78392373
07/25/2000,0.74472755
07/26/2000,0.74472755
07/27/2000,0.70553136
07/28/2000,0.70553136
07/29/2000,0.70553136
07/30/2000,0.66633517
07/31/2000,0.66633517
08/01/2000,0.62713899
08/02/2000,0.62713899
08/03/2000,0.58794280
08/04/2000,0.58794280
08/05/2000,0.58794280
08/06/2000,0.54874661
08/07/2000,0.54874661
08/08/2000,0.54874661
08/09/2000,0.54874661
08/10/2000,0.54874661
08/11/2000,0.50955043
08/12/2000,0.50955043
08/13/2000,0.50955043
08/14/2000,0.50955043
08/15/2000,0.50955043
08/16/2000,0.50955043
08/17/2000,0.47035424
08/18/2000,0.47035424
08/19/2000,0.50955043
08/20/2000,0.47035424
08/21/2000,0.47035424
08/22/2000,0.47035424
08/23/2000,0.47035424
08/24/2000,0.43115805
08/25/2000,0.43115805
08/26/2000,0.43115805
08/27/2000,0.43115805
08/28/2000,0.43115805
08/29/2000,0.43115805
08/30/2000,0.43115805
08/31/2000,0.43115805
09/01/2000,0.43115805
09/02/2000,0.47035424
09/03/2000,0.54874661
09/04/2000,0.54874661
09/05/2000,0.58794280
09/06/2000,0.47035424
09/07/2000,0.43115805
09/08/2000,0.47035424
09/09/2000,0.50955043
09/10/2000,0.47035424
09/11/2000,0.47035424
09/12/2000,0.43115805
09/13/2000,0.43115805
09/14/2000,0.43115805
09/15/2000,0.39196187
09/16/2000,0.43115805
09/17/2000,0.39196187
09/18/2000,0.39196187
09/19/2000,0.39196187
09/20/2000,0.39196187
09/21/2000,0.39196187
09/22/2000,0.38804225
09/23/2000,0.38020301
09/24/2000,0.38020301
09/25/2000,0.37628339
09/26/2000,0.36844415
09/27/2000,0.36844415
09/28/2000,0.36844415
09/29/2000,0.36844415
09/30/2000,0.36844415
10/01/2000,0.47035424
10/02/2000,0.47035424
10/03/2000,0.39196187
10/04/2000,0.38020301
10/05/2000,0.37236377
10/06/2000,0.36844415
10/07/2000,0.36844415
10/08/2000,0.35668530
10/09/2000,0.36452454
10/10/2000,0.39196187
10/11/2000,0.47035424
10/12/2000,0.39196187
10/13/2000,0.39196187
10/14/2000,0.43115805
10/15/2000,0.39196187
10/16/2000,0.38804225
10/17/2000,0.38020301
10/18/2000,0.47035424
10/19/2000,0.43115805
10/20/2000,1.25427797
10/21/2000,1.56784747
10/22/2000,0.74472755
10/23/2000,0.54874661
10/24/2000,0.47035424
10/25/2000,0.43115805
10/26/2000,0.43115805
10/27/2000,0.50955043
10/28/2000,0.86231611
10/29/2000,0.70553136
10/30/2000,0.54874661
10/31/2000,0.47035424
11/01/2000,0.47035424
11/02/2000,0.54874661
11/03/2000,0.50955043
11/04/2000,0.50955043
11/05/2000,0.50955043
11/06/2000,0.58794280
11/07/2000,0.54874661
11/08/2000,1.37186653
11/09/2000,1.33267035
11/10/2000,0.90151229
11/11/2000,0.70553136
11/12/2000,0.58794280
11/13/2000,0.54874661
11/14/2000,0.50955043
11/15/2000,0.50955043
11/16/2000,0.47035424
11/17/2000,0.47035424
11/18/2000,0.43115805
11/19/2000,0.43115805
11/20/2000,0.43115805
11/21/2000,0.43115805
11/22/2000,0.43115805
11/23/2000,0.50955043
11/24/2000,0.78392373
11/25/2000,0.66633517
11/26/2000,0.86231611
11/27/2000,1.80302459
11/28/2000,1.37186653
11/29/2000,1.64623984
11/30/2000,1.92061315
12/01/2000,1.52865128
12/02/2000,1.37186653
12/03/2000,1.21508179
12/04/2000,1.09749323
12/05/2000,0.97990467
12/06/2000,0.90151229
12/07/2000,0.82311992
12/08/2000,0.74472755
12/09/2000,0.74472755
12/10/2000,0.74472755
12/11/2000,0.74472755
12/12/2000,0.74472755
12/13/2000,0.90151229
12/14/2000,3.60604918
12/15/2000,6.66335174
12/16/2000,4.35077672
12/17/2000,4.82113096
12/18/2000,3.52765680
12/19/2000,2.86132163
12/20/2000,2.58694832
12/21/2000,3.33167587
12/22/2000,8.97592675
12/23/2000,12.15081787
12/24/2000,9.56386955
12/25/2000,6.78094030
12/26/2000,5.21309283
12/27/2000,4.50756147
12/28/2000,4.23318816
12/29/2000,4.15479579
12/30/2000,3.88042248
12/31/2000,3.72363774
01/01/2001,3.48846062
01/02/2001,3.29247968
01/03/2001,3.33167587
01/04/2001,3.33167587
01/05/2001,3.52765680
01/06/2001,3.29247968
01/07/2001,2.97891019
01/08/2001,2.90051781
01/09/2001,2.78292925
01/10/2001,2.70453688
01/11/2001,2.43016357
01/12/2001,2.23418264
01/13/2001,2.35177120
01/14/2001,2.58694832
01/15/2001,2.46935976
01/16/2001,2.23418264
01/17/2001,2.07739789
01/18/2001,1.95980933
01/19/2001,2.46935976
01/20/2001,2.39096739
01/21/2001,3.21408731
01/22/2001,3.99801104
01/23/2001,3.72363774
01/24/2001,3.48846062
01/25/2001,3.17489112
01/26/2001,2.90051781
01/27/2001,2.62614451
01/28/2001,2.46935976
01/29/2001,2.43016357
01/30/2001,2.23418264
01/31/2001,2.11659408
02/01/2001,2.03820171
02/02/2001,2.23418264
02/03/2001,2.66534069
02/04/2001,3.64524536
02/05/2001,4.19399198
02/06/2001,3.76283392
02/07/2001,3.33167587
02/08/2001,3.05730256
02/09/2001,2.82212544
02/10/2001,2.66534069
02/11/2001,2.50855595
02/12/2001,2.31257501
02/13/2001,2.15579027
02/14/2001,2.07739789
02/15/2001,1.95980933
02/16/2001,1.92061315
02/17/2001,1.84222077
02/18/2001,1.80302459
02/19/2001,1.72463221
02/20/2001,1.68543603
02/21/2001,1.99900552
02/22/2001,2.07739789
02/23/2001,2.07739789
02/24/2001,2.03820171
02/25/2001,1.92061315
02/26/2001,1.80302459
02/27/2001,1.72463221
02/28/2001,1.64623984
03/01/2001,1.80302459
03/02/2001,2.35177120
03/03/2001,2.15579027
03/04/2001,2.07739789
03/05/2001,1.99900552
03/06/2001,1.92061315
03/07/2001,1.88141696
03/08/2001,1.95980933
03/09/2001,1.99900552
03/10/2001,1.88141696
03/11/2001,1.80302459
03/12/2001,1.72463221
03/13/2001,1.68543603
03/14/2001,1.68543603
03/15/2001,1.76382840
03/16/2001,1.76382840
03/17/2001,2.15579027
03/18/2001,4.03720723
03/19/2001,7.64325640
03/20/2001,6.58495936
03/21/2001,5.21309283
03/22/2001,4.46836528
03/23/2001,4.27238435
03/24/2001,4.38997291
03/25/2001,5.25228902
03/26/2001,4.62515003
03/27/2001,6.03621275
03/28/2001,11.44528651
03/29/2001,9.05431912
03/30/2001,7.25129454
03/31/2001,6.85933267
04/01/2001,6.66335174
04/02/2001,5.76183944
04/03/2001,5.05630808
04/04/2001,4.46836528
04/05/2001,4.07640342
04/06/2001,4.07640342
04/07/2001,3.80203011
04/08/2001,3.60604918
04/09/2001,3.37087206
04/10/2001,3.29247968
04/11/2001,4.35077672
04/12/2001,4.31158054
04/13/2001,3.91961867
04/14/2001,3.52765680
04/15/2001,3.29247968
04/16/2001,3.33167587
04/17/2001,4.23318816
04/18/2001,4.58595384
04/19/2001,4.82113096
04/20/2001,4.66434622
04/21/2001,4.38997291
04/22/2001,4.15479579
04/23/2001,3.91961867
04/24/2001,3.88042248
04/25/2001,4.31158054
04/26/2001,4.54675766
04/27/2001,4.19399198
04/28/2001,4.23318816
04/29/2001,3.88042248
04/30/2001,8.38798395
05/01/2001,9.44628099
05/02/2001,7.25129454
05/03/2001,5.99701656
05/04/2001,5.21309283
05/05/2001,4.58595384
05/06/2001,4.03720723
05/07/2001,3.68444155
05/08/2001,3.44926443
05/09/2001,3.17489112
05/10/2001,2.93971400
05/11/2001,2.74373307
05/12/2001,2.62614451
05/13/2001,2.43016357
05/14/2001,3.60604918
05/15/2001,9.75985049
05/16/2001,10.62216659
05/17/2001,7.68245259
05/18/2001,5.95782038
05/19/2001,4.97791571
05/20/2001,4.27238435
05/21/2001,3.72363774
05/22/2001,3.33167587
05/23/2001,3.01810637
05/24/2001,2.74373307
05/25/2001,2.54775213
05/26/2001,2.39096739
05/27/2001,2.23418264
05/28/2001,2.11659408
05/29/2001,1.99900552
05/30/2001,1.88141696
05/31/2001,1.76382840
06/01/2001,1.72463221
06/02/2001,1.72463221
06/03/2001,1.76382840
06/04/2001,1.64623984
06/05/2001,1.72463221
06/06/2001,1.84222077
06/07/2001,1.60704365
06/08/2001,1.48945509
06/09/2001,1.45025891
06/10/2001,1.37186653
06/11/2001,1.45025891
06/12/2001,1.88141696
06/13/2001,1.60704365
06/14/2001,1.41106272
06/15/2001,1.33267035
06/16/2001,1.29347416
06/17/2001,1.21508179
06/18/2001,1.17588560
06/19/2001,1.09749323
06/20/2001,1.05829704
06/21/2001,1.01910085
06/22/2001,0.97990467
06/23/2001,0.94070848
06/24/2001,1.01910085
06/25/2001,1.05829704
06/26/2001,1.09749323
06/27/2001,1.17588560
06/28/2001,0.97990467
06/29/2001,0.90151229
06/30/2001,0.86231611
07/01/2001,0.82311992
07/02/2001,0.78392373
07/03/2001,0.78392373
07/04/2001,0.74472755
07/05/2001,0.70553136
07/06/2001,0.66633517
07/07/2001,0.62713899
07/08/2001,0.62713899
07/09/2001,0.58794280
07/10/2001,0.58794280
07/11/2001,1.17588560
07/12/2001,1.17588560
07/13/2001,0.82311992
07/14/2001,0.70553136
07/15/2001,0.62713899
07/16/2001,0.62713899
07/17/2001,0.58794280
07/18/2001,0.54874661
07/19/2001,0.54874661
07/20/2001,0.50955043
07/21/2001,0.50955043
07/22/2001,0.50955043
07/23/2001,0.47035424
07/24/2001,0.47035424
07/25/2001,0.47035424
07/26/2001,0.43115805
07/27/2001,0.43115805
07/28/2001,0.43115805
07/29/2001,0.47035424
07/30/2001,0.58794280
07/31/2001,0.47035424
08/01/2001,0.43115805
08/02/2001,0.43115805
08/03/2001,0.43115805
08/04/2001,0.43115805
08/05/2001,0.43115805
08/06/2001,0.39196187
08/07/2001,0.39196187
08/08/2001,0.39196187
08/09/2001,0.38412263
08/10/2001,0.38412263
08/11/2001,0.38020301
08/12/2001,0.37236377
08/13/2001,0.36844415
08/14/2001,0.36452454
08/15/2001,0.36060492
08/16/2001,0.35668530
08/17/2001,0.36060492
08/18/2001,0.35668530
08/19/2001,0.35276568
08/20/2001,0.34884606
08/21/2001,0.34492644
08/22/2001,0.36060492
08/23/2001,0.47035424
08/24/2001,0.39196187
08/25/2001,0.37236377
08/26/2001,0.36060492
08/27/2001,0.35276568
08/28/2001,0.34492644
08/29/2001,0.34100682
08/30/2001,0.33708721
08/31/2001,0.33316759
09/01/2001,0.32924797
09/02/2001,0.32924797
09/03/2001,0.32924797
09/04/2001,0.32532835
09/05/2001,0.32140873
09/06/2001,0.31748911
09/07/2001,0.31356949
09/08/2001,0.30964987
09/09/2001,0.30181064
09/10/2001,0.29789102
09/11/2001,0.29789102
09/12/2001,0.29789102
09/13/2001,0.29789102
09/14/2001,0.29397140
09/15/2001,0.32924797
09/16/2001,0.32532835
09/17/2001,0.30181064
09/18/2001,0.29397140
09/19/2001,0.29397140
09/20/2001,0.28613216
09/21/2001,0.28221254
09/22/2001,0.28221254
09/23/2001,0.27829293
09/24/2001,0.27437331
09/25/2001,0.32924797
09/26/2001,0.43115805
09/27/2001,0.39196187
09/28/2001,0.32532835
09/29/2001,0.30573026
09/30/2001,0.30181064
10/01/2001,0.29201159
10/02/2001,0.28221254
10/03/2001,0.28221254
10/04/2001,0.27829293
10/05/2001,0.27437331
10/06/2001,0.27437331
10/07/2001,0.27437331
10/08/2001,0.28965982
10/09/2001,0.29749906
10/10/2001,0.39588149
10/11/2001,1.12493056
10/12/2001,0.47035424
10/13/2001,0.38098693
10/14/2001,0.35041391
10/15/2001,0.33395151
10/16/2001,0.32258462
10/17/2001,0.31356949
10/18/2001,0.30494633
10/19/2001,0.30181064
10/20/2001,0.30181064
10/21/2001,0.30181064
10/22/2001,2.42232434
10/23/2001,2.71237612
10/24/2001,1.32091149
10/25/2001,0.85055725
10/26/2001,0.64673708
10/27/2001,0.54090738
10/28/2001,0.58794280
10/29/2001,0.63105861
10/30/2001,1.96372895
10/31/2001,4.11559960
11/01/2001,3.45710367
11/02/2001,2.41056548
11/03/2001,1.71287336
11/04/2001,1.33658997
11/05/2001,1.19548369
11/06/2001,1.03085971
11/07/2001,0.88975344
11/08/2001,0.78784335
11/09/2001,0.70553136
11/10/2001,0.63497822
11/11/2001,0.58010356
11/12/2001,0.75256678
11/13/2001,2.47719900
11/14/2001,4.89952334
11/15/2001,2.81036659
11/16/2001,3.41398786
11/17/2001,3.85690477
11/18/2001,2.95931209
11/19/2001,2.44976167
11/20/2001,2.43800281
11/21/2001,3.79811049
11/22/2001,15.40410137
11/23/2001,13.64027297
11/24/2001,8.11361064
11/25/2001,6.27138987
11/26/2001,5.25228902
11/27/2001,4.27238435
11/28/2001,8.74074963
11/29/2001,12.42519118
11/30/2001,9.28949624
12/01/2001,10.62216659
12/02/2001,10.77895134
12/03/2001,7.87843352
12/04/2001,6.27138987
12/05/2001,5.64425088
12/06/2001,20.93076369
12/07/2001,21.00915606
12/08/2001,12.34679881
12/09/2001,8.93673056
12/10/2001,7.25129454
12/11/2001,6.15380131
12/12/2001,5.87942800
12/13/2001,29.39714002
12/14/2001,39.58814855
12/15/2001,18.65738486
12/16/2001,23.59610439
12/17/2001,24.49761668
12/18/2001,16.69757553
12/19/2001,13.20911491
12/20/2001,11.44528651
12/21/2001,9.17190768
12/22/2001,7.60406022
12/23/2001,6.31058606
12/24/2001,5.40907376
12/25/2001,4.74273859
12/26/2001,4.27238435
12/27/2001,4.07640342
12/28/2001,4.74273859
12/29/2001,4.62515003
12/30/2001,4.70354240
12/31/2001,6.19299750
01/01/2002,7.56486403
01/02/2002,10.50457803
01/03/2002,10.19100854
01/04/2002,8.54476870
01/05/2002,7.52566784
01/06/2002,11.01412846
01/07/2002,13.91464627
01/08/2002,23.55690820
01/09/2002,16.65837934
01/10/2002,11.36689414
01/11/2002,8.77994582
01/12/2002,8.34878776
01/13/2002,7.60406022
01/14/2002,6.54576318
01/15/2002,5.64425088
01/16/2002,4.97791571
01/17/2002,4.46836528
01/18/2002,4.07640342
01/19/2002,4.07640342
01/20/2002,5.17389664
01/21/2002,10.38698947
01/22/2002,6.54576318
01/23/2002,5.05630808
01/24/2002,4.62515003
01/25/2002,14.26741195
01/26/2002,12.50358355
01/27/2002,8.15280683
01/28/2002,6.27138987
01/29/2002,5.13470046
01/30/2002,4.42916910
01/31/2002,4.07640342
02/01/2002,3.95881486
02/02/2002,3.75891430
02/03/2002,3.70012002
02/04/2002,3.61780803
02/05/2002,3.53941566
02/06/2002,3.58253146
02/07/2002,6.27138987
02/08/2002,8.15280683
02/09/2002,6.74174411
02/10/2002,5.56585851
02/11/2002,4.97791571
02/12/2002,4.54675766
02/13/2002,4.23318816
02/14/2002,3.99801104
02/15/2002,3.88434210
02/16/2002,4.03720723
02/17/2002,4.27238435
02/18/2002,4.35077672
02/19/2002,6.15380131
02/20/2002,7.29049072
02/21/2002,7.76084496
02/22/2002,9.72065430
02/23/2002,14.46339289
02/24/2002,13.52268441
02/25/2002,10.30859710
02/26/2002,8.19200302
02/27/2002,6.82013648
02/28/2002,5.84023182
03/01/2002,5.09550427
03/02/2002,4.50756147
03/03/2002,4.11559960
03/04/2002,3.80594973
03/05/2002,3.72363774
03/06/2002,8.66235726
03/07/2002,11.05332465
03/08/2002,8.07441446
03/09/2002,6.66335174
03/10/2002,6.27138987
03/11/2002,13.56188059
03/12/2002,25.12475567
03/13/2002,15.71767086
03/14/2002,11.24930558
03/15/2002,8.85833819
03/16/2002,7.40807928
03/17/2002,6.23219368
03/18/2002,5.33068139
03/19/2002,5.36987758
03/20/2002,5.56585851
03/21/2002,5.80103563
03/22/2002,5.91862419
03/23/2002,6.42817462
03/24/2002,6.82013648
03/25/2002,6.62415555
03/26/2002,6.23219368
03/27/2002,6.03621275
03/28/2002,5.76183944
03/29/2002,5.60505470
03/30/2002,5.52666232
03/31/2002,5.80103563
04/01/2002,6.23219368
04/02/2002,6.82013648
04/03/2002,7.56486403
04/04/2002,8.42718014
04/05/2002,9.56386955
04/06/2002,9.01512294
04/07/2002,8.42718014
04/08/2002,7.68245259
04/09/2002,8.42718014
04/10/2002,17.59908782
04/11/2002,17.20712596
04/12/2002,16.81516409
04/13/2002,19.71568190
04/14/2002,41.54795789
04/15/2002,20.49960564
04/16/2002,13.28750729
04/17/2002,10.26940091
04/18/2002,8.42718014
04/19/2002,7.29049072
04/20/2002,6.38897843
04/21/2002,5.80103563
04/22/2002,5.40907376
04/23/2002,5.17389664
04/24/2002,4.89952334
04/25/2002,4.86032715
04/26/2002,4.97791571
04/27/2002,4.86032715
04/28/2002,4.46836528
04/29/2002,4.35077672
04/30/2002,4.54675766
05/01/2002,4.38997291
05/02/2002,4.62515003
05/03/2002,4.93871952
05/04/2002,4.62515003
05/05/2002,4.38997291
05/06/2002,4.15479579
05/07/2002,3.77459278
05/08/2002,3.48454100
05/09/2002,3.34735434
05/10/2002,3.14745379
05/11/2002,3.09257913
05/12/2002,3.33167587
05/13/2002,3.95881486
05/14/2002,3.82162820
05/15/2002,3.88042248
05/16/2002,3.83338706
05/17/2002,4.03720723
05/18/2002,4.23318816
05/19/2002,4.07640342
05/20/2002,3.87650286
05/21/2002,3.76675354
05/22/2002,3.88434210
05/23/2002,3.63740612
05/24/2002,3.64132574
05/25/2002,3.95881486
05/26/2002,4.46836528
05/27/2002,4.78193478
05/28/2002,5.17389664
05/29/2002,6.82013648
05/30/2002,5.99701656
05/31/2002,5.09550427
06/01/2002,4.50756147
06/02/2002,3.99801104
06/03/2002,3.60996879
06/04/2002,3.42966634
06/05/2002,3.37479167
06/06/2002,3.17881074
06/07/2002,2.86524125
06/08/2002,2.58694832
06/09/2002,2.34001235
06/10/2002,2.22634340
06/11/2002,2.23810226
06/12/2002,2.30473578
06/13/2002,2.38704777
06/14/2002,2.38704777
06/15/2002,2.21850417
06/16/2002,2.08915675
06/17/2002,2.22634340
06/18/2002,3.13569494
06/19/2002,2.30473578
06/20/2002,2.04212133
06/21/2002,1.89317582
06/22/2002,1.79126573
06/23/2002,1.66583793
06/24/2002,1.57176709
06/25/2002,1.49729433
06/26/2002,1.39930386
06/27/2002,1.35618806
06/28/2002,1.33267035
06/29/2002,1.62664175
06/30/2002,1.39930386
07/01/2002,1.30131340
07/02/2002,1.22292102
07/03/2002,1.16412674
07/04/2002,1.12493056
07/05/2002,1.08181475
07/06/2002,1.05829704
07/07/2002,1.03869895
07/08/2002,0.99950276
07/09/2002,0.96814581
07/10/2002,0.92894962
07/11/2002,0.90543191
07/12/2002,0.89367306
07/13/2002,0.85447687
07/14/2002,0.83487878
07/15/2002,0.81136106
07/16/2002,0.78784335
07/17/2002,0.77216488
07/18/2002,0.74472755
07/19/2002,0.74472755
07/20/2002,0.72904907
07/21/2002,0.70553136
07/22/2002,0.70161174
07/23/2002,0.76040602
07/24/2002,0.68985289
07/25/2002,0.65849594
07/26/2002,0.62713899
07/27/2002,0.62713899
07/28/2002,0.59970166
07/29/2002,0.58794280
07/30/2002,0.58010356
07/31/2002,0.54874661
08/01/2002,0.54874661
08/02/2002,0.54090738
08/03/2002,0.53306814
08/04/2002,0.51347005
08/05/2002,0.48603271
08/06/2002,0.48211310
08/07/2002,0.47035424
08/08/2002,0.47035424
08/09/2002,0.46251500
08/10/2002,0.45075615
08/11/2002,0.43899729
08/12/2002,0.43115805
08/13/2002,0.43115805
08/14/2002,0.43115805
08/15/2002,0.43115805
08/16/2002,0.43115805
08/17/2002,0.41547958
08/18/2002,0.39196187
08/19/2002,0.39196187
08/20/2002,0.41547958
08/21/2002,0.43115805
08/22/2002,0.41939920
08/23/2002,0.39196187
08/24/2002,0.47035424
08/25/2002,0.41939920
08/26/2002,0.39980110
08/27/2002,0.39196187
08/28/2002,0.39196187
08/29/2002,0.39000206
08/30/2002,0.38843421
08/31/2002,0.38647440
09/01/2002,0.38098693
09/02/2002,0.37471554
09/03/2002,0.37510751
09/04/2002,0.37706732
09/05/2002,0.36844415
09/06/2002,0.36844415
09/07/2002,0.36726827
09/08/2002,0.36491650
09/09/2002,0.35942903
09/10/2002,0.35707726
09/11/2002,0.35668530
09/12/2002,0.35472549
09/13/2002,0.35158979
09/14/2002,0.34923802
09/15/2002,0.33865505
09/16/2002,0.34531840
09/17/2002,0.58010356
09/18/2002,0.46643462
09/19/2002,0.38725832
09/20/2002,0.36570042
09/21/2002,0.35472549
09/22/2002,0.34492644
09/23/2002,0.34492644
09/24/2002,0.34296663
09/25/2002,0.33747917
09/26/2002,0.33316759
09/27/2002,0.33316759
09/28/2002,0.33316759
09/29/2002,0.34179075
09/30/2002,0.43507767
10/01/2002,0.45467577
10/02/2002,0.37353966
10/03/2002,0.39196187
10/04/2002,0.43115805
10/05/2002,0.38921813
10/06/2002,0.36922808
10/07/2002,0.35511745
10/08/2002,0.34531840
10/09/2002,0.34531840
10/10/2002,0.34531840
10/11/2002,0.34375056
10/12/2002,0.33473543
10/13/2002,0.33473543
10/14/2002,0.33395151
10/15/2002,0.31709715
10/16/2002,0.31356949
10/17/2002,0.31356949
10/18/2002,0.31356949
10/19/2002,0.31356949
10/20/2002,0.31709715
10/21/2002,0.32376050
10/22/2002,0.32376050
10/23/2002,0.31474538
10/24/2002,0.31788107
10/25/2002,0.32376050
10/26/2002,0.32846404
10/27/2002,0.34414252
10/28/2002,0.35668530
10/29/2002,0.36609238
10/30/2002,0.36844415
10/31/2002,0.36844415
11/01/2002,0.36844415
11/02/2002,0.36844415
11/03/2002,0.36844415
11/04/2002,0.36844415
11/05/2002,0.36844415
11/06/2002,0.36844415
11/07/2002,0.38529852
11/08/2002,0.96422619
11/09/2002,2.35569082
11/10/2002,2.93579438
11/11/2002,2.73981345
11/12/2002,1.59528480
11/13/2002,1.24643874
11/14/2002,1.05829704
11/15/2002,0.85839649
11/16/2002,0.92503001
11/17/2002,2.43800281
11/18/2002,1.60704365
11/19/2002,1.36402730
11/20/2002,1.25427797
11/21/2002,1.08181475
11/22/2002,0.90543191
11/23/2002,0.78392373
11/24/2002,0.77216488
11/25/2002,0.68201365
11/26/2002,0.62321937
11/27/2002,0.58402318
11/28/2002,0.56050547
11/29/2002,0.52914852
11/30/2002,0.50563081
12/01/2002,0.48995233
12/02/2002,0.48603271
12/03/2002,0.47035424
12/04/2002,0.48603271
12/05/2002,0.47819348
12/06/2002,0.44291691
12/07/2002,0.43115805
12/08/2002,0.42723843
12/09/2002,0.41547958
12/10/2002,0.74864717
12/11/2002,2.44976167
12/12/2002,2.66534069
12/13/2002,3.50805871
12/14/2002,4.78193478
12/15/2002,4.46836528
12/16/2002,5.76183944
12/17/2002,4.54675766
12/18/2002,3.46494290
12/19/2002,2.95539248
12/20/2002,2.68885841
12/21/2002,5.72264326
12/22/2002,4.66434622
12/23/2002,3.33167587
12/24/2002,2.60654641
12/25/2002,2.18322760
12/26/2002,4.19399198
12/27/2002,10.34779329
12/28/2002,10.97493227
12/29/2002,9.25030006
12/30/2002,14.46339289
12/31/2002,17.32471452
01/01/2003,11.17091321
01/02/2003,11.36689414
01/03/2003,20.18603614
01/04/2003,18.03024588
01/05/2003,15.20812043
01/06/2003,10.50457803
01/07/2003,8.15280683
01/08/2003,6.58495936
01/09/2003,5.48746614
01/10/2003,4.62515003
01/11/2003,4.03720723
01/12/2003,5.29148520
01/13/2003,7.29049072
01/14/2003,7.29049072
01/15/2003,6.15380131
01/16/2003,5.13470046
01/17/2003,4.50756147
01/18/2003,4.19399198
01/19/2003,3.79419087
01/20/2003,3.35911320
01/21/2003,3.09257913
01/22/2003,3.23760502
01/23/2003,4.15479579
01/24/2003,5.33068139
01/25/2003,8.19200302
01/26/2003,16.38400604
01/27/2003,20.73478276
01/28/2003,12.54277974
01/29/2003,10.73975515
01/30/2003,44.29169096
01/31/2003,34.41425191
02/01/2003,23.20414252
02/02/2003,15.75686705
02/03/2003,11.75885601
02/04/2003,9.21110387
02/05/2003,7.44727547
02/06/2003,6.15380131
02/07/2003,5.21309283
02/08/2003,4.54675766
02/09/2003,3.99801104
02/10/2003,3.56293337
02/11/2003,3.24152464
02/12/2003,2.97107095
02/13/2003,2.86524125
02/14/2003,2.84564315
02/15/2003,2.81036659
02/16/2003,4.15479579
02/17/2003,5.87942800
02/18/2003,7.17290216
02/19/2003,6.34978224
02/20/2003,6.23219368
02/21/2003,8.77994582
02/22/2003,11.32769795
02/23/2003,9.36788862
02/24/2003,7.56486403
02/25/2003,6.27138987
02/26/2003,5.36987758
02/27/2003,4.66434622
02/28/2003,4.15479579
03/01/2003,3.73147697
03/02/2003,3.40222900
03/03/2003,3.31991701
03/04/2003,3.06122218
03/05/2003,3.19056960
03/06/2003,6.85933267
03/07/2003,17.63828401
03/08/2003,25.63430609
03/09/2003,23.43931964
03/10/2003,27.00617263
03/11/2003,21.12674462
03/12/2003,19.75487809
03/13/2003,15.79606324
03/14/2003,12.62117211
03/15/2003,11.52367889
03/16/2003,10.15181235
03/17/2003,8.74074963
03/18/2003,7.48647166
03/19/2003,6.89852886
03/20/2003,7.60406022
03/21/2003,12.97393779
03/22/2003,29.74990570
03/23/2003,23.28253489
03/24/2003,15.01213950
03/25/2003,16.50159460
03/26/2003,26.26144508
03/27/2003,18.06944206
03/28/2003,13.05233017
03/29/2003,10.26940091
03/30/2003,9.40708481
03/31/2003,9.25030006
04/01/2003,8.46637632
04/02/2003,7.17290216
04/03/2003,6.34978224
04/04/2003,5.87942800
04/05/2003,5.60505470
04/06/2003,5.99701656
04/07/2003,5.99701656
04/08/2003,6.27138987
04/09/2003,7.21209835
04/10/2003,7.91762971
04/11/2003,9.40708481
04/12/2003,8.62316107
04/13/2003,8.50557251
04/14/2003,7.56486403
04/15/2003,6.85933267
04/16/2003,6.50656699
04/17/2003,6.85933267
04/18/2003,6.93772504
04/19/2003,6.31058606
04/20/2003,5.80103563
04/21/2003,5.60505470
04/22/2003,5.29148520
04/23/2003,5.21309283
04/24/2003,6.11460512
04/25/2003,5.56585851
04/26/2003,5.33068139
04/27/2003,5.09550427
04/28/2003,4.82113096
04/29/2003,4.58595384
04/30/2003,4.46836528
05/01/2003,4.31158054
05/02/2003,4.27238435
05/03/2003,4.31158054
05/04/2003,5.25228902
05/05/2003,5.72264326
05/06/2003,5.33068139
05/07/2003,4.86032715
05/08/2003,4.54675766
05/09/2003,4.23318816
05/10/2003,3.99801104
05/11/2003,4.11559960
05/12/2003,4.15479579
05/13/2003,4.15479579
05/14/2003,4.50756147
05/15/2003,4.35077672
05/16/2003,3.95881486
05/17/2003,3.66092384
05/18/2003,3.32383663
05/19/2003,3.08473989
05/20/2003,2.96715133
05/21/2003,2.99066904
05/22/2003,3.21408731
05/23/2003,3.39047015
05/24/2003,3.54725490
05/25/2003,3.36303282
05/26/2003,2.98674943
05/27/2003,2.74373307
05/28/2003,2.65358184
05/29/2003,2.47327938
05/30/2003,2.39096739
05/31/2003,2.15187065
06/01/2003,1.95588972
06/02/2003,1.82262268
06/03/2003,1.72463221
06/04/2003,1.62272213
06/05/2003,1.52081204
06/06/2003,1.46201776
06/07/2003,1.38754501
06/08/2003,1.32875073
06/09/2003,1.27779569
06/10/2003,1.23859950
06/11/2003,1.20332293
06/12/2003,1.16412674
06/13/2003,1.16412674
06/14/2003,1.12493056
06/15/2003,1.07005590
06/16/2003,1.04261857
06/17/2003,1.01126162
06/18/2003,0.97990467
06/19/2003,0.96814581
06/20/2003,0.95246734
06/21/2003,0.97206543
06/22/2003,0.94854772
06/23/2003,0.90935153
06/24/2003,0.88583382
06/25/2003,0.84663763
06/26/2003,0.82311992
06/27/2003,0.79960221
06/28/2003,0.78000412
06/29/2003,0.75648640
06/30/2003,0.74472755
07/01/2003,0.73688831
07/02/2003,0.72512945
07/03/2003,0.70161174
07/04/2003,0.68201365
07/05/2003,0.66633517
07/06/2003,0.65457632
07/07/2003,0.64673708
07/08/2003,0.62713899
07/09/2003,0.61929975
07/10/2003,0.60362127
07/11/2003,0.58794280
07/12/2003,0.57618394
07/13/2003,0.56834471
07/14/2003,0.56050547
07/15/2003,0.54874661
07/16/2003,0.54482699
07/17/2003,0.53306814
07/18/2003,0.52522890
07/19/2003,0.51347005
07/20/2003,0.50955043
07/21/2003,0.50955043
07/22/2003,0.50955043
07/23/2003,0.47035424
07/24/2003,0.47035424
07/25/2003,0.47427386
07/26/2003,0.47035424
07/27/2003,0.46643462
07/28/2003,0.45467577
07/29/2003,0.44291691
07/30/2003,0.43507767
07/31/2003,0.42723843
08/01/2003,0.42723843
08/02/2003,0.42331882
08/03/2003,0.43115805
08/04/2003,0.42723843
08/05/2003,0.42331882
08/06/2003,0.45467577
08/07/2003,0.52914852
08/08/2003,0.44291691
08/09/2003,0.42723843
08/10/2003,0.41939920
08/11/2003,0.40764034
08/12/2003,0.40372072
08/13/2003,0.39980110
08/14/2003,0.39588149
08/15/2003,0.39117794
08/16/2003,0.38765029
08/17/2003,0.38490655
08/18/2003,0.38137890
08/19/2003,0.37510751
08/20/2003,0.37314770
08/21/2003,0.37001200
08/22/2003,0.37314770
08/23/2003,0.37785124
08/24/2003,0.36687631
08/25/2003,0.36060492
08/26/2003,0.35786118
08/27/2003,0.35864511
08/28/2003,0.35707726
08/29/2003,0.35354960
08/30/2003,0.34806214
08/31/2003,0.34414252
09/01/2003,0.34335860
09/02/2003,0.34179075
09/03/2003,0.33316759
09/04/2003,0.33120778
09/05/2003,0.32963993
09/06/2003,0.32963993
09/07/2003,0.37471554
09/08/2003,0.56050547
09/09/2003,0.84271801
09/10/2003,0.62713899
09/11/2003,0.45075615
09/12/2003,0.42331882
09/13/2003,0.39078598
09/14/2003,0.37667535
09/15/2003,0.36844415
09/16/2003,0.44291691
09/17/2003,0.74080793
09/18/2003,0.47427386
09/19/2003,0.41155996
09/20/2003,0.39039402
09/21/2003,0.37902713
09/22/2003,0.37157985
09/23/2003,0.36452454
09/24/2003,0.36217276
09/25/2003,0.35198176
09/26/2003,0.35158979
09/27/2003,0.34845410
09/28/2003,0.34179075
09/29/2003,0.34806214
09/30/2003,0.35158979
10/01/2003,0.35041391
10/02/2003,0.35041391
10/03/2003,0.35041391
10/04/2003,0.35041391
10/05/2003,0.35041391
10/06/2003,0.35119783
10/07/2003,0.38216282
10/08/2003,0.38529852
10/09/2003,0.55266623
10/10/2003,0.63497822
10/11/2003,0.78784335
10/12/2003,1.25819759
10/13/2003,0.74472755
10/14/2003,0.55658585
10/15/2003,0.92894962
10/16/2003,0.91327115
10/17/2003,0.55266623
10/18/2003,0.40764034
10/19/2003,0.45075615
10/20/2003,0.43899729
10/21/2003,0.37745928
10/22/2003,0.35942903
10/23/2003,0.46251500
10/24/2003,0.38725832
10/25/2003,0.35472549
10/26/2003,0.33787113
10/27/2003,0.32336854
10/28/2003,0.32885601
10/29/2003,0.38333871
10/30/2003,0.39980110
10/31/2003,0.35394157
11/01/2003,0.33669524
11/02/2003,0.36922808
11/03/2003,0.36374061
11/04/2003,0.34767018
11/05/2003,0.34414252
11/06/2003,0.35982099
11/07/2003,0.35041391
11/08/2003,0.35041391
11/09/2003,0.34022290
11/10/2003,0.40372072
11/11/2003,0.78000412
11/12/2003,0.65457632
11/13/2003,0.48995233
11/14/2003,0.41547958
11/15/2003,0.56834471
11/16/2003,2.56343061
11/17/2003,4.11559960
11/18/2003,4.19399198
11/19/2003,3.95881486
11/20/2003,3.18664998
11/21/2003,2.26553959
11/22/2003,1.67759679
11/23/2003,1.36794692
11/24/2003,1.49337471
11/25/2003,1.60312404
11/26/2003,1.96372895
11/27/2003,1.74423031
11/28/2003,1.73247145
11/29/2003,20.77397894
11/30/2003,12.46438737
12/01/2003,8.74074963
12/02/2003,6.97692123
12/03/2003,7.40807928
12/04/2003,6.38897843
12/05/2003,8.54476870
12/06/2003,11.36689414
12/07/2003,9.36788862
12/08/2003,8.38798395
12/09/2003,7.09450979
12/10/2003,6.50656699
12/11/2003,5.60505470
12/12/2003,10.70055897
12/13/2003,51.73896643
12/14/2003,33.19917012
12/15/2003,16.22722129
12/16/2003,10.85734371
12/17/2003,9.87743905
12/18/2003,8.77994582
12/19/2003,8.03521827
12/20/2003,8.27039539
12/21/2003,7.56486403
12/22/2003,6.58495936
12/23/2003,5.76183944
12/24/2003,6.89852886
12/25/2003,7.01611742
12/26/2003,6.11460512
12/27/2003,5.40907376
12/28/2003,6.27138987
12/29/2003,6.42817462
12/30/2003,5.13470046
12/31/2003,4.35077672
01/01/2004,3.88826172
01/02/2004,3.31599739
01/03/2004,3.00634752
01/04/2004,2.72413497
01/05/2004,2.48111862
01/06/2004,2.44192243
01/07/2004,4.46836528
01/08/2004,8.70155344
01/09/2004,12.54277974
01/10/2004,12.58197593
01/11/2004,11.13171702
01/12/2004,10.70055897
01/13/2004,10.89653990
01/14/2004,12.19001406
01/15/2004,14.58098145
01/16/2004,14.03223483
01/17/2004,11.83724838
01/18/2004,10.73975515
01/19/2004,12.38599499
01/20/2004,11.83724838
01/21/2004,9.60306574
01/22/2004,7.80004115
01/23/2004,12.26840643
01/24/2004,24.85038236
01/25/2004,17.08953740
01/26/2004,12.66036830
01/27/2004,14.50258907
01/28/2004,25.75189465
01/29/2004,52.52289016
01/30/2004,38.45145914
01/31/2004,21.51870649
02/01/2004,14.54178526
02/02/2004,12.89554542
02/03/2004,11.75885601
02/04/2004,10.07341998
02/05/2004,8.50557251
02/06/2004,7.95682590
02/07/2004,8.42718014
02/08/2004,7.64325640
02/09/2004,6.54576318
02/10/2004,5.56585851
02/11/2004,5.01711190
02/12/2004,4.66434622
02/13/2004,4.35077672
02/14/2004,4.31158054
02/15/2004,4.86032715
02/16/2004,6.89852886
02/17/2004,11.60207126
02/18/2004,14.81615857
02/19/2004,13.71866534
02/20/2004,10.93573609
02/21/2004,8.77994582
02/22/2004,7.17290216
02/23/2004,6.27138987
02/24/2004,5.52666232
02/25/2004,5.05630808
02/26/2004,4.89952334
02/27/2004,4.93871952
02/28/2004,5.05630808
02/29/2004,4.82113096
03/01/2004,5.52666232
03/02/2004,5.13470046
03/03/2004,4.70354240
03/04/2004,5.36987758
03/05/2004,6.74174411
03/06/2004,8.81914200
03/07/2004,7.32968691
03/08/2004,7.13370598
03/09/2004,7.80004115
03/10/2004,7.13370598
03/11/2004,6.27138987
03/12/2004,5.95782038
03/13/2004,5.44826995
03/14/2004,5.13470046
03/15/2004,4.86032715
03/16/2004,4.46836528
03/17/2004,4.31158054
03/18/2004,4.38997291
03/19/2004,4.31158054
03/20/2004,3.81378896
03/21/2004,3.82162820
03/22/2004,4.23318816
03/23/2004,4.38997291
03/24/2004,4.27238435
03/25/2004,4.11559960
03/26/2004,4.07640342
03/27/2004,5.80103563
03/28/2004,4.82113096
03/29/2004,4.42916910
03/30/2004,4.66434622
03/31/2004,4.23318816
04/01/2004,3.67660231
04/02/2004,3.30423854
04/03/2004,3.17881074
04/04/2004,3.21800693
04/05/2004,3.21800693
04/06/2004,3.08082027
04/07/2004,2.98674943
04/08/2004,2.89659820
04/09/2004,2.85740201
04/10/2004,2.84172353
04/11/2004,2.92403553
04/12/2004,3.03378485
04/13/2004,3.00634752
04/14/2004,3.51197833
04/15/2004,3.82946744
04/16/2004,3.59429032
04/17/2004,3.44534481
04/18/2004,3.52765680
04/19/2004,3.55901375
04/20/2004,5.84023182
04/21/2004,9.72065430
04/22/2004,8.74074963
04/23/2004,6.97692123
04/24/2004,5.87942800
04/25/2004,5.29148520
04/26/2004,5.40907376
04/27/2004,5.52666232
04/28/2004,4.89952334
04/29/2004,4.19399198
04/30/2004,3.80986935
05/01/2004,3.71187888
05/02/2004,3.58253146
05/03/2004,3.44926443
05/04/2004,3.21016769
05/05/2004,2.88875896
05/06/2004,2.66142108
05/07/2004,2.56343061
05/08/2004,2.63398375
05/09/2004,2.43016357
05/10/2004,2.34785158
05/11/2004,2.57518947
05/12/2004,2.34393196
05/13/2004,2.13227256
05/14/2004,2.01468400
05/15/2004,1.94413086
05/16/2004,2.18322760
05/17/2004,2.24986112
05/18/2004,3.00634752
05/19/2004,3.72755735
05/20/2004,3.23368540
05/21/2004,3.01026714
05/22/2004,2.92403553
05/23/2004,3.33167587
05/24/2004,2.93187476
05/25/2004,2.59478756
05/26/2004,2.56343061
05/27/2004,3.70012002
05/28/2004,11.60207126
05/29/2004,10.66136278
05/30/2004,7.87843352
05/31/2004,6.03621275
06/01/2004,4.86032715
06/02/2004,4.11559960
06/03/2004,3.55901375
06/04/2004,3.16705188
06/05/2004,2.97891019
06/06/2004,3.10825760
06/07/2004,3.80986935
06/08/2004,4.54675766
06/09/2004,5.64425088
06/10/2004,6.07540894
06/11/2004,5.33068139
06/12/2004,4.62515003
06/13/2004,4.15479579
06/14/2004,3.63740612
06/15/2004,3.26112273
06/16/2004,2.94755324
06/17/2004,2.69277803
06/18/2004,2.46935976
06/19/2004,2.27337883
06/20/2004,2.12051370
06/21/2004,1.98332705
06/22/2004,1.88925620
06/23/2004,1.79126573
06/24/2004,1.70111450
06/25/2004,1.62272213
06/26/2004,1.52081204
06/27/2004,1.46593738
06/28/2004,1.39930386
06/29/2004,1.35618806
06/30/2004,1.30523302
07/01/2004,1.23859950
07/02/2004,1.20332293
07/03/2004,1.16804636
07/04/2004,1.12885018
07/05/2004,1.08965399
07/06/2004,1.05829704
07/07/2004,1.01910085
07/08/2004,0.97990467
07/09/2004,0.96422619
07/10/2004,0.94070848
07/11/2004,0.92111039
07/12/2004,0.89759268
07/13/2004,0.87015534
07/14/2004,0.85055725
07/15/2004,0.82311992
07/16/2004,0.80744145
07/17/2004,0.78784335
07/18/2004,0.77216488
07/19/2004,0.78784335
07/20/2004,0.75256678
07/21/2004,0.72512945
07/22/2004,0.70553136
07/23/2004,0.67809403
07/24/2004,0.66241556
07/25/2004,0.64673708
07/26/2004,0.63889784
07/27/2004,0.62713899
07/28/2004,0.61929975
07/29/2004,0.60754089
07/30/2004,0.59578204
07/31/2004,0.59186242
08/01/2004,0.58402318
08/02/2004,0.58794280
08/03/2004,0.58010356
08/04/2004,0.57226433
08/05/2004,0.56834471
08/06/2004,0.59578204
08/07/2004,0.59578204
08/08/2004,0.56050547
08/09/2004,0.53306814
08/10/2004,0.52522890
08/11/2004,0.52130928
08/12/2004,0.50955043
08/13/2004,0.50171119
08/14/2004,0.50171119
08/15/2004,0.49779157
08/16/2004,0.48995233
08/17/2004,0.47819348
08/18/2004,0.47427386
08/19/2004,0.46643462
08/20/2004,0.46251500
08/21/2004,0.45467577
08/22/2004,1.10925208
08/23/2004,0.90543191
08/24/2004,0.74472755
08/25/2004,1.88141696
08/26/2004,1.79126573
08/27/2004,1.17980522
08/28/2004,0.88191420
08/29/2004,0.75256678
08/30/2004,0.67809403
08/31/2004,0.62713899
09/01/2004,0.61929975
09/02/2004,0.62321937
09/03/2004,0.61929975
09/04/2004,0.58402318
09/05/2004,0.55658585
09/06/2004,0.54090738
09/07/2004,0.53698776
09/08/2004,0.53306814
09/09/2004,0.51347005
09/10/2004,0.51347005
09/11/2004,0.61538013
09/12/2004,0.67417441
09/13/2004,1.08573437
09/14/2004,1.21116217
09/15/2004,1.17588560
09/16/2004,1.03869895
09/17/2004,1.38362539
09/18/2004,3.42966634
09/19/2004,2.53207366
09/20/2004,2.26553959
09/21/2004,1.73639107
09/22/2004,1.43458043
09/23/2004,1.23859950
09/24/2004,1.09749323
09/25/2004,0.99950276
09/26/2004,0.92894962
09/27/2004,0.88583382
09/28/2004,0.82703954
09/29/2004,0.78784335
09/30/2004,0.75648640
10/01/2004,0.73688831
10/02/2004,0.70945098
10/03/2004,0.68985289
10/04/2004,0.66633517
10/05/2004,0.64281746
10/06/2004,0.67417441
10/07/2004,0.68985289
10/08/2004,0.66633517
10/09/2004,1.03085971
10/10/2004,0.82703954
10/11/2004,0.72120984
10/12/2004,0.67809403
10/13/2004,0.64673708
10/14/2004,0.62321937
10/15/2004,0.60754089
10/16/2004,0.59578204
10/17/2004,0.92503001
10/18/2004,2.87308048
10/19/2004,2.37136929
10/20/2004,1.75206954
10/21/2004,1.73247145
10/22/2004,2.36353006
10/23/2004,3.12393608
10/24/2004,2.69669764
10/25/2004,2.29689654
10/26/2004,2.01468400
10/27/2004,1.73639107
10/28/2004,1.54041014
10/29/2004,1.44241967
10/30/2004,1.56784747
10/31/2004,1.78734611
11/01/2004,1.74031069
11/02/2004,3.27680121
11/03/2004,5.44826995
11/04/2004,3.88826172
11/05/2004,3.03770447
11/06/2004,2.50463633
11/07/2004,2.14795103
11/08/2004,1.88925620
11/09/2004,1.70503412
11/10/2004,1.56000823
11/11/2004,1.45025891
11/12/2004,1.36010768
11/13/2004,1.28955454
11/14/2004,1.21900141
11/15/2004,1.19156408
11/16/2004,1.20332293
11/17/2004,1.10925208
11/18/2004,1.21508179
11/19/2004,1.15628751
11/20/2004,1.07789513
11/21/2004,1.03085971
11/22/2004,0.98774390
11/23/2004,0.97990467
11/24/2004,1.18372484
11/25/2004,2.34393196
11/26/2004,2.22634340
11/27/2004,1.89317582
11/28/2004,1.66975755
11/29/2004,1.52473166
11/30/2004,1.50905319
12/01/2004,1.60312404
12/02/2004,1.53649052
12/03/2004,1.46985700
12/04/2004,1.42282158
12/05/2004,1.41106272
12/06/2004,1.52081204
12/07/2004,2.50855595
12/08/2004,17.28551833
12/09/2004,34.33585954
12/10/2004,34.10068242
12/11/2004,22.73378828
12/12/2004,16.10963273
12/13/2004,10.89653990
12/14/2004,11.21010939
12/15/2004,9.44628099
12/16/2004,7.56486403
12/17/2004,6.15380131
12/18/2004,5.13470046
12/19/2004,4.46836528
12/20/2004,3.91961867
12/21/2004,3.48454100
12/22/2004,3.14745379
12/23/2004,2.85740201
12/24/2004,2.63006413
12/25/2004,2.46935976
12/26/2004,2.52031480
12/27/2004,2.31257501
12/28/2004,2.15579027
12/29/2004,2.18322760
12/30/2004,2.10091561
12/31/2004,2.02644285
01/01/2005,2.06171942
01/02/2005,1.97940743
01/03/2005,1.88533658
01/04/2005,1.82262268
01/05/2005,1.72855183
01/06/2005,1.67367717
01/07/2005,1.67759679
01/08/2005,1.61488289
01/09/2005,1.58744556
01/10/2005,1.49729433
01/11/2005,1.44241967
01/12/2005,1.43850005
01/13/2005,1.49337471
01/14/2005,1.48945509
01/15/2005,1.71287336
01/16/2005,2.32041425
01/17/2005,3.38263091
01/18/2005,12.89554542
01/19/2005,10.19100854
01/20/2005,7.44727547
01/21/2005,5.76183944
01/22/2005,4.70354240
01/23/2005,4.11559960
01/24/2005,3.60212956
01/25/2005,3.20624807
01/26/2005,3.00634752
01/27/2005,2.92403553
01/28/2005,2.61830527
01/29/2005,2.67709955
01/30/2005,2.46544014
01/31/2005,2.30865540
02/01/2005,2.16362951
02/02/2005,2.03820171
02/03/2005,1.93629162
02/04/2005,1.92453277
02/05/2005,1.89709544
02/06/2005,1.85397963
02/07/2005,1.82262268
02/08/2005,1.77166764
02/09/2005,1.72463221
02/10/2005,1.68151641
02/11/2005,1.64232022
02/12/2005,1.76774802
02/13/2005,2.44976167
02/14/2005,2.34785158
02/15/2005,2.15579027
02/16/2005,1.97940743
02/17/2005,1.84222077
02/18/2005,1.74423031
02/19/2005,1.90493467
02/20/2005,3.06122218
02/21/2005,3.02986523
02/22/2005,2.75157231
02/23/2005,2.50071671
02/24/2005,2.28513768
02/25/2005,2.13227256
02/26/2005,2.01076438
02/27/2005,1.90493467
02/28/2005,1.91669353
03/01/2005,1.81086382
03/02/2005,1.72855183
03/03/2005,1.66583793
03/04/2005,1.57568670
03/05/2005,1.51689242
03/06/2005,1.45809814
03/07/2005,1.41106272
03/08/2005,1.36794692
03/09/2005,1.32875073
03/10/2005,1.27779569
03/11/2005,1.24251912
03/12/2005,1.20332293
03/13/2005,1.14452865
03/14/2005,1.10925208
03/15/2005,1.07789513
03/16/2005,1.07005590
03/17/2005,1.23076026
03/18/2005,1.16804636
03/19/2005,1.52473166
03/20/2005,1.47769624
03/21/2005,1.54041014
03/22/2005,1.65015946
03/23/2005,1.85789925
03/24/2005,2.19106684
03/25/2005,2.34001235
03/26/2005,4.82113096
03/27/2005,22.92976921
03/28/2005,21.47951030
03/29/2005,15.36490518
03/30/2005,11.32769795
03/31/2005,8.62316107
04/01/2005,8.19200302
04/02/2005,7.87843352
04/03/2005,7.52566784
04/04/2005,7.44727547
04/05/2005,6.85933267
04/06/2005,6.58495936
04/07/2005,7.32968691
04/08/2005,7.40807928
04/09/2005,7.40807928
04/10/2005,6.62415555
04/11/2005,7.64325640
04/12/2005,7.21209835
04/13/2005,6.34978224
04/14/2005,5.60505470
04/15/2005,4.97791571
04/16/2005,5.33068139
04/17/2005,6.19299750
04/18/2005,5.60505470
04/19/2005,5.17389664
04/20/2005,4.78193478
04/21/2005,4.50756147
04/22/2005,4.38997291
04/23/2005,5.33068139
04/24/2005,5.40907376
04/25/2005,4.86032715
04/26/2005,4.50756147
04/27/2005,4.31158054
04/28/2005,3.99801104
04/29/2005,3.58253146
04/30/2005,3.25328350
05/01/2005,3.19056960
05/02/2005,3.03378485
05/03/2005,2.76333116
05/04/2005,2.90835705
05/05/2005,3.04946332
05/06/2005,3.84906553
05/07/2005,3.84122630
05/08/2005,3.82554782
05/09/2005,4.78193478
05/10/2005,7.36888310
05/11/2005,7.87843352
05/12/2005,6.74174411
05/13/2005,5.52666232
05/14/2005,4.82113096
05/15/2005,4.50756147
05/16/2005,6.15380131
05/17/2005,6.82013648
05/18/2005,7.60406022
05/19/2005,8.77994582
05/20/2005,7.99602208
05/21/2005,7.48647166
05/22/2005,6.89852886
05/23/2005,5.87942800
05/24/2005,5.09550427
05/25/2005,4.46836528
05/26/2005,3.99801104
05/27/2005,3.61388841
05/28/2005,3.32775625
05/29/2005,3.26504235
05/30/2005,2.89659820
05/31/2005,2.73197421
06/01/2005,3.11217722
06/02/2005,3.13569494
06/03/2005,2.80252735
06/04/2005,2.60262680
06/05/2005,2.73197421
06/06/2005,3.43358595
06/07/2005,5.40907376
06/08/2005,5.72264326
06/09/2005,4.74273859
06/10/2005,4.07640342
06/11/2005,3.87258324
06/12/2005,3.63348651
06/13/2005,3.29247968
06/14/2005,3.01026714
06/15/2005,2.77117040
06/16/2005,2.75157231
06/17/2005,3.01810637
06/18/2005,2.84956277
06/19/2005,2.75941154
06/20/2005,2.76725078
06/21/2005,2.51639519
06/22/2005,2.34785158
06/23/2005,2.19890607
06/24/2005,2.06171942
06/25/2005,1.94413086
06/26/2005,1.85006001
06/27/2005,1.79518535
06/28/2005,1.85006001
06/29/2005,1.72071260
06/30/2005,1.63448098
07/01/2005,1.54041014
07/02/2005,1.47377662
07/03/2005,1.40322348
07/04/2005,1.36010768
07/05/2005,1.31699187
07/06/2005,1.30523302
07/07/2005,1.26603683
07/08/2005,1.22292102
07/09/2005,1.25427797
07/10/2005,1.26211721
07/11/2005,1.21116217
07/12/2005,1.15236789
07/13/2005,1.09749323
07/14/2005,1.06613628
07/15/2005,1.02694009
07/16/2005,0.99166352
07/17/2005,0.96814581
07/18/2005,0.93678886
07/19/2005,0.91327115
07/20/2005,0.88583382
07/21/2005,0.86623573
07/22/2005,0.86231611
07/23/2005,0.83879840
07/24/2005,0.81528068
07/25/2005,0.77608450
07/26/2005,0.75648640
07/27/2005,0.73688831
07/28/2005,0.72120984
07/29/2005,0.70945098
07/30/2005,0.69377250
07/31/2005,0.67809403
08/01/2005,0.66633517
08/02/2005,0.65849594
08/03/2005,0.64281746
08/04/2005,0.63105861
08/05/2005,0.61538013
08/06/2005,0.60754089
08/07/2005,0.60362127
08/08/2005,0.59186242
08/09/2005,0.58402318
08/10/2005,0.57618394
08/11/2005,0.56442509
08/12/2005,0.56050547
08/13/2005,0.55266623
08/14/2005,0.54090738
08/15/2005,0.53698776
08/16/2005,0.53306814
08/17/2005,0.53306814
08/18/2005,0.53306814
08/19/2005,0.52914852
08/20/2005,0.51347005
08/21/2005,0.50171119
08/22/2005,0.50171119
08/23/2005,0.49779157
08/24/2005,0.48995233
08/25/2005,0.47819348
08/26/2005,0.47035424
08/27/2005,0.47035424
08/28/2005,0.47035424
08/29/2005,0.47035424
08/30/2005,0.48603271
08/31/2005,0.47035424
09/01/2005,0.47035424
09/02/2005,0.45859538
09/03/2005,0.45859538
09/04/2005,0.45467577
09/05/2005,0.45075615
09/06/2005,0.45075615
09/07/2005,0.44291691
09/08/2005,0.44683653
09/09/2005,0.45075615
09/10/2005,0.65065670
09/11/2005,0.72512945
09/12/2005,0.51738966
09/13/2005,0.48603271
09/14/2005,0.47035424
09/15/2005,0.46643462
09/16/2005,0.46251500
09/17/2005,0.47035424
09/18/2005,0.45467577
09/19/2005,0.45075615
09/20/2005,0.45075615
09/21/2005,0.44683653
09/22/2005,0.43507767
09/23/2005,0.43507767
09/24/2005,0.43507767
09/25/2005,0.43507767
09/26/2005,0.43507767
09/27/2005,0.43115805
09/28/2005,0.43115805
09/29/2005,0.43115805
09/30/2005,0.43899729
10/01/2005,1.16020713
10/02/2005,0.92111039
10/03/2005,0.85447687
10/04/2005,0.83095916
10/05/2005,0.57618394
10/06/2005,0.50955043
10/07/2005,0.48995233
10/08/2005,0.45859538
10/09/2005,0.49779157
10/10/2005,0.45467577
10/11/2005,0.43115805
10/12/2005,0.41547958
10/13/2005,0.39588149
10/14/2005,0.38608244
10/15/2005,0.59970166
10/16/2005,0.67417441
10/17/2005,0.51347005
10/18/2005,0.44291691
10/19/2005,0.59970166
10/20/2005,0.64281746
10/21/2005,0.52130928
10/22/2005,0.46643462
10/23/2005,0.43115805
10/24/2005,0.41547958
10/25/2005,0.40764034
10/26/2005,0.55266623
10/27/2005,0.50563081
10/28/2005,0.83879840
10/29/2005,0.82703954
10/30/2005,0.72120984
10/31/2005,0.91719077
11/01/2005,3.10433799
11/02/2005,2.25770035
11/03/2005,3.27680121
11/04/2005,4.89952334
11/05/2005,10.89653990
11/06/2005,16.10963273
11/07/2005,8.03521827
11/08/2005,5.33068139
11/09/2005,4.03720723
11/10/2005,3.46102328
11/11/2005,3.85690477
11/12/2005,5.09550427
11/13/2005,14.65937382
11/14/2005,15.16892425
11/15/2005,9.01512294
11/16/2005,6.46737080
11/17/2005,5.01711190
11/18/2005,4.19399198
11/19/2005,3.64524536
11/20/2005,3.19840883
11/21/2005,2.81428620
11/22/2005,2.51639519
11/23/2005,2.25770035
11/24/2005,2.08915675
11/25/2005,4.86032715
11/26/2005,5.48746614
11/27/2005,4.35077672
11/28/2005,3.85690477
11/29/2005,5.09550427
11/30/2005,5.05630808
12/01/2005,6.97692123
12/02/2005,8.19200302
12/03/2005,6.46737080
12/04/2005,5.09550427
12/05/2005,4.31158054
12/06/2005,3.81378896
12/07/2005,3.51197833
12/08/2005,3.15529303
12/09/2005,2.94755324
12/10/2005,3.10433799
12/11/2005,3.48846062
12/12/2005,3.87650286
12/13/2005,3.70795926
12/14/2005,3.41790748
12/15/2005,3.15529303
12/16/2005,2.90835705
12/17/2005,2.70061726
12/18/2005,2.54383252
12/19/2005,4.03720723
12/20/2005,6.78094030
12/21/2005,8.34878776
12/22/2005,20.73478276
12/23/2005,20.81317513
12/24/2005,13.67946915
12/25/2005,11.64126745
12/26/2005,10.34779329
12/27/2005,18.97095436
12/28/2005,33.27756250
12/29/2005,25.20314804
12/30/2005,85.44768698
12/31/2005,63.10586057
01/01/2006,30.61222180
01/02/2006,18.03024588
01/03/2006,12.34679881
01/04/2006,9.40708481
01/05/2006,7.72164878
01/06/2006,6.66335174
01/07/2006,7.52566784
01/08/2006,8.42718014
01/09/2006,10.93573609
01/10/2006,70.16117417
01/11/2006,52.52289016
01/12/2006,26.49662220
01/13/2006,26.41822983
01/14/2006,24.92877473
01/15/2006,17.36391070
01/16/2006,13.28750729
01/17/2006,27.79009636
01/18/2006,23.94887007
01/19/2006,16.22722129
01/20/2006,14.14982339
01/21/2006,12.58197593
01/22/2006,9.95583142
01/23/2006,8.23119920
01/24/2006,7.56486403
01/25/2006,7.29049072
01/26/2006,6.82013648
01/27/2006,6.82013648
01/28/2006,9.83824286
01/29/2006,11.13171702
01/30/2006,18.30461918
01/31/2006,17.16792977
02/01/2006,23.63530057
02/02/2006,18.65738486
02/03/2006,21.00915606
02/04/2006,19.83327046
02/05/2006,15.71767086
02/06/2006,11.91564075
02/07/2006,9.68145811
02/08/2006,8.54476870
02/09/2006,8.07441446
02/10/2006,7.32968691
02/11/2006,6.50656699
02/12/2006,5.80103563
02/13/2006,5.36987758
02/14/2006,5.01711190
02/15/2006,4.62515003
02/16/2006,4.35077672
02/17/2006,3.99801104
02/18/2006,3.65700422
02/19/2006,3.43750557
02/20/2006,3.22976578
02/21/2006,3.11217722
02/22/2006,2.96323171
02/23/2006,2.82604506
02/24/2006,2.70845650
02/25/2006,2.57126985
02/26/2006,2.53991290
02/27/2006,3.77459278
02/28/2006,5.64425088
03/01/2006,5.64425088
03/02/2006,5.01711190
03/03/2006,4.46836528
03/04/2006,4.07640342
03/05/2006,3.73931621
03/06/2006,3.62564727
03/07/2006,3.67660231
03/08/2006,3.84514591
03/09/2006,4.11559960
03/10/2006,3.76675354
03/11/2006,3.43750557
03/12/2006,3.17489112
03/13/2006,3.05730256
03/14/2006,2.93579438
03/15/2006,2.87700010
03/16/2006,3.17097150
03/17/2006,3.64524536
03/18/2006,3.75499468
03/19/2006,3.49629985
03/20/2006,3.20624807
03/21/2006,3.30031892
03/22/2006,3.59820994
03/23/2006,3.68444155
03/24/2006,4.19399198
03/25/2006,4.58595384
03/26/2006,4.66434622
03/27/2006,4.50756147
03/28/2006,4.46836528
03/29/2006,4.58595384
03/30/2006,4.54675766
03/31/2006,4.58595384
04/01/2006,4.66434622
04/02/2006,4.58595384
04/03/2006,4.58595384
04/04/2006,4.70354240
04/05/2006,4.66434622
04/06/2006,4.78193478
04/07/2006,4.66434622
04/08/2006,5.13470046
04/09/2006,5.25228902
04/10/2006,5.25228902
04/11/2006,4.97791571
04/12/2006,4.93871952
04/13/2006,5.33068139
04/14/2006,6.82013648
04/15/2006,8.34878776
04/16/2006,7.83923734
04/17/2006,6.70254792
04/18/2006,5.87942800
04/19/2006,5.48746614
04/20/2006,5.56585851
04/21/2006,6.38897843
04/22/2006,6.03621275
04/23/2006,5.40907376
04/24/2006,5.21309283
04/25/2006,4.97791571
04/26/2006,4.89952334
04/27/2006,4.93871952
04/28/2006,5.84023182
04/29/2006,6.97692123
04/30/2006,6.31058606
05/01/2006,5.21309283
05/02/2006,4.50756147
05/03/2006,4.11559960
05/04/2006,3.95881486
05/05/2006,3.91961867
05/06/2006,3.95881486
05/07/2006,3.99801104
05/08/2006,4.23318816
05/09/2006,3.75107507
05/10/2006,3.56685299
05/11/2006,3.71579850
05/12/2006,3.58645108
05/13/2006,3.33559549
05/14/2006,3.35127396
05/15/2006,3.75891430
05/16/2006,4.07640342
05/17/2006,4.07640342
05/18/2006,3.95881486
05/19/2006,3.46494290
05/20/2006,3.33167587
05/21/2006,2.92011591
05/22/2006,2.79468811
05/23/2006,2.59870718
05/24/2006,3.12393608
05/25/2006,2.93579438
05/26/2006,3.75891430
05/27/2006,3.70795926
05/28/2006,4.58595384
05/29/2006,4.62515003
05/30/2006,3.87650286
05/31/2006,3.30423854
06/01/2006,3.07690065
06/02/2006,4.35077672
06/03/2006,4.58595384
06/04/2006,4.58595384
06/05/2006,4.31158054
06/06/2006,3.70012002
06/07/2006,3.23760502
06/08/2006,2.91619629
06/09/2006,2.63398375
06/10/2006,2.41448510
06/11/2006,2.25770035
06/12/2006,2.28121807
06/13/2006,2.28513768
06/14/2006,2.39096739
06/15/2006,2.35569082
06/16/2006,2.30081616
06/17/2006,2.25770035
06/18/2006,2.09699599
06/19/2006,1.97548781
06/20/2006,1.87749734
06/21/2006,1.75598916
06/22/2006,1.69327526
06/23/2006,1.60312404
06/24/2006,1.52865128
06/25/2006,1.45809814
06/26/2006,1.37186653
06/27/2006,1.32483111
06/28/2006,1.28171530
06/29/2006,1.70895374
06/30/2006,1.48945509
07/01/2006,1.41890196
07/02/2006,1.28955454
07/03/2006,1.23076026
07/04/2006,1.32091149
07/05/2006,1.20332293
07/06/2006,1.17980522
07/07/2006,1.15236789
07/08/2006,1.09749323
07/09/2006,1.06221666
07/10/2006,1.02302047
07/11/2006,0.99950276
07/12/2006,0.97598505
07/13/2006,0.96814581
07/14/2006,0.93286924
07/15/2006,0.90543191
07/16/2006,0.87799458
07/17/2006,0.84663763
07/18/2006,0.81920030
07/19/2006,0.80352183
07/20/2006,0.78392373
07/21/2006,0.76040602
07/22/2006,0.74080793
07/23/2006,0.71729022
07/24/2006,0.69377250
07/25/2006,0.70553136
07/26/2006,0.66633517
07/27/2006,0.65457632
07/28/2006,0.63889784
07/29/2006,0.62321937
07/30/2006,0.60754089
07/31/2006,0.59578204
08/01/2006,0.58402318
08/02/2006,0.57226433
08/03/2006,0.56442509
08/04/2006,0.55658585
08/05/2006,0.54874661
08/06/2006,0.53306814
08/07/2006,0.53306814
08/08/2006,0.59578204
08/09/2006,0.53306814
08/10/2006,0.51347005
08/11/2006,0.49779157
08/12/2006,0.49387195
08/13/2006,0.48603271
08/14/2006,0.47035424
08/15/2006,0.45859538
08/16/2006,0.45467577
08/17/2006,0.45075615
08/18/2006,0.43899729
08/19/2006,0.41547958
08/20/2006,0.41155996
08/21/2006,0.40372072
08/22/2006,0.39980110
08/23/2006,0.39039402
08/24/2006,0.38843421
08/25/2006,0.38177086
08/26/2006,0.37118789
08/27/2006,0.36648435
08/28/2006,0.36178080
08/29/2006,0.35982099
08/30/2006,0.36452454
08/31/2006,0.36178080
09/01/2006,0.35276568
09/02/2006,0.34100682
09/03/2006,0.34061486
09/04/2006,0.33943898
09/05/2006,0.33708721
09/06/2006,0.33434347
09/07/2006,0.32924797
09/08/2006,0.32768012
09/09/2006,0.32493639
09/10/2006,0.32493639
09/11/2006,0.31984088
09/12/2006,0.31160968
09/13/2006,0.30808203
09/14/2006,0.31474538
09/15/2006,0.71729022
09/16/2006,0.54874661
09/17/2006,0.42723843
09/18/2006,0.38098693
09/19/2006,0.43507767
09/20/2006,0.46251500
09/21/2006,0.82311992
09/22/2006,0.50171119
09/23/2006,0.41155996
09/24/2006,0.37589143
09/25/2006,0.36178080
09/26/2006,0.34845410
09/27/2006,0.33904701
09/28/2006,0.33316759
09/29/2006,0.32572031
09/30/2006,0.32101677
10/01/2006,0.31866500
10/02/2006,0.31748911
10/03/2006,0.31709715
10/04/2006,0.31866500
10/05/2006,0.31592126
10/06/2006,0.30494633
10/07/2006,0.30494633
10/08/2006,0.30494633
10/09/2006,0.29279551
10/10/2006,0.28142862
10/11/2006,0.27829293
10/12/2006,0.27829293
10/13/2006,0.27829293
10/14/2006,0.27829293
10/15/2006,0.32728816
10/16/2006,1.22292102
10/17/2006,0.68201365
10/18/2006,0.45075615
10/19/2006,0.57226433
10/20/2006,0.64673708
10/21/2006,0.48211310
10/22/2006,0.40764034
10/23/2006,0.36922808
10/24/2006,0.38412263
10/25/2006,0.46251500
10/26/2006,0.39588149
10/27/2006,0.36648435
10/28/2006,0.35354960
10/29/2006,0.34571037
10/30/2006,0.34022290
10/31/2006,0.33316759
11/01/2006,0.32376050
11/02/2006,0.65849594
11/03/2006,1.34050958
11/04/2006,1.92845239
11/05/2006,9.44628099
11/06/2006,5.99701656
11/07/2006,25.00716711
11/08/2006,17.75587257
11/09/2006,10.03422379
11/10/2006,7.21209835
11/11/2006,6.66335174
11/12/2006,6.38897843
11/13/2006,22.89057303
11/14/2006,18.34381537
11/15/2006,12.97393779
11/16/2006,22.22423785
11/17/2006,12.11162169
11/18/2006,8.34878776
11/19/2006,7.25129454
11/20/2006,8.30959158
11/21/2006,7.56486403
11/22/2006,9.95583142
11/23/2006,11.17091321
11/24/2006,14.14982339
11/25/2006,13.09152635
11/26/2006,10.85734371
11/27/2006,10.42618566
11/28/2006,7.64325640
11/29/2006,6.03621275
11/30/2006,6.03621275
12/01/2006,6.19299750
12/02/2006,5.52666232
12/03/2006,4.93871952
12/04/2006,4.46836528
12/05/2006,4.19399198
12/06/2006,4.27238435
12/07/2006,4.74273859
12/08/2006,5.36987758
12/09/2006,6.46737080
12/10/2006,6.93772504
12/11/2006,7.95682590
12/12/2006,11.91564075
12/13/2006,44.29169096
12/14/2006,56.44250883
12/15/2006,33.55193580
12/16/2006,18.38301156
12/17/2006,11.95483694
12/18/2006,8.54476870
12/19/2006,6.74174411
12/20/2006,5.68344707
12/21/2006,6.34978224
12/22/2006,5.52666232
12/23/2006,8.58396488
12/24/2006,9.25030006
12/25/2006,17.36391070
12/26/2006,27.31974212
12/27/2006,20.69558657
12/28/2006,13.79705771
12/29/2006,9.95583142
12/30/2006,7.68245259
12/31/2006,6.31058606
01/01/2007,5.29148520
01/02/2007,4.78193478
01/03/2007,21.40111793
01/04/2007,19.04934673
01/05/2007,12.66036830
01/06/2007,10.34779329
01/07/2007,10.38698947
01/08/2007,14.03223483
01/09/2007,12.73876067
01/10/2007,11.36689414
01/11/2007,9.17190768
01/12/2007,7.44727547
01/13/2007,6.34978224
01/14/2007,5.40907376
01/15/2007,4.82113096
01/16/2007,4.38997291
01/17/2007,3.86082439
01/18/2007,3.49629985
01/19/2007,3.33951511
01/20/2007,3.32775625
01/21/2007,3.05730256
01/22/2007,2.90051781
01/23/2007,2.81036659
01/24/2007,2.77900964
01/25/2007,2.80644697
01/26/2007,2.79860773
01/27/2007,2.74765269
01/28/2007,2.67317993
01/29/2007,2.60262680
01/30/2007,2.50855595
01/31/2007,2.45368129
02/01/2007,2.33609273
02/02/2007,2.24986112
02/03/2007,2.16754912
02/04/2007,2.17538836
02/05/2007,2.48503824
02/06/2007,2.79076849
02/07/2007,2.90051781
02/08/2007,3.17881074
02/09/2007,3.22584616
02/10/2007,3.21408731
02/11/2007,4.27238435
02/12/2007,4.42916910
02/13/2007,4.07640342
02/14/2007,3.88826172
02/15/2007,16.10963273
02/16/2007,25.16395185
02/17/2007,17.24632214
02/18/2007,11.83724838
02/19/2007,9.13271150
02/20/2007,11.17091321
02/21/2007,9.99502761
02/22/2007,8.03521827
02/23/2007,6.70254792
02/24/2007,6.31058606
02/25/2007,6.82013648
02/26/2007,6.46737080
02/27/2007,5.52666232
02/28/2007,4.70354240
03/01/2007,4.23318816
03/02/2007,4.38997291
03/03/2007,5.84023182
03/04/2007,7.25129454
03/05/2007,8.30959158
03/06/2007,8.62316107
03/07/2007,9.13271150
03/08/2007,9.13271150
03/09/2007,8.42718014
03/10/2007,8.30959158
03/11/2007,9.52467337
03/12/2007,13.09152635
03/13/2007,13.87545009
03/14/2007,10.58297041
03/15/2007,8.19200302
03/16/2007,6.85933267
03/17/2007,6.70254792
03/18/2007,7.01611742
03/19/2007,6.97692123
03/20/2007,7.56486403
03/21/2007,6.27138987
03/22/2007,5.48746614
03/23/2007,4.93871952
03/24/2007,4.70354240
03/25/2007,6.27138987
03/26/2007,6.03621275
03/27/2007,5.36987758
03/28/2007,4.74273859
03/29/2007,4.31158054
03/30/2007,4.03720723
03/31/2007,4.07640342
04/01/2007,4.15479579
04/02/2007,3.72755735
04/03/2007,3.41006824
04/04/2007,3.21800693
04/05/2007,3.15921265
04/06/2007,3.35519358
04/07/2007,4.31158054
04/08/2007,4.11559960
04/09/2007,5.17389664
04/10/2007,4.78193478
04/11/2007,4.42916910
04/12/2007,4.31158054
04/13/2007,4.15479579
04/14/2007,4.31158054
04/15/2007,4.15479579
04/16/2007,3.95881486
04/17/2007,4.15479579
04/18/2007,4.03720723
04/19/2007,3.91569905
04/20/2007,3.72755735
04/21/2007,3.95881486
04/22/2007,4.66434622
04/23/2007,4.50756147
04/24/2007,4.19399198
04/25/2007,3.99801104
04/26/2007,3.71187888
04/27/2007,3.49238023
04/28/2007,3.47278214
04/29/2007,3.38655053
04/30/2007,3.21016769
05/01/2007,3.05338294
05/02/2007,3.33951511
05/03/2007,3.34735434
05/04/2007,3.18664998
05/05/2007,2.99850828
05/06/2007,2.88483934
05/07/2007,2.94363362
05/08/2007,3.10825760
05/09/2007,3.04554371
05/10/2007,2.85740201
05/11/2007,2.70061726
05/12/2007,2.57126985
05/13/2007,2.40664586
05/14/2007,2.27729845
05/15/2007,2.21850417
05/16/2007,2.17538836
05/17/2007,2.07347828
05/18/2007,1.95588972
05/19/2007,1.88533658
05/20/2007,1.95980933
05/21/2007,1.95980933
05/22/2007,1.94021124
05/23/2007,1.81478344
05/24/2007,1.74031069
05/25/2007,1.65407908
05/26/2007,1.58744556
05/27/2007,1.54432976
05/28/2007,1.50121395
05/29/2007,1.45417853
05/30/2007,1.39146463
05/31/2007,1.35618806
06/01/2007,1.32483111
06/02/2007,1.28955454
06/03/2007,1.23076026
06/04/2007,1.20332293
06/05/2007,1.51297281
06/06/2007,1.60312404
06/07/2007,1.49337471
06/08/2007,1.37578615
06/09/2007,1.33267035
06/10/2007,1.63840060
06/11/2007,1.48161586
06/12/2007,1.36794692
06/13/2007,1.27779569
06/14/2007,1.22684064
06/15/2007,1.19548369
06/16/2007,1.16412674
06/17/2007,1.13668941
06/18/2007,1.11317170
06/19/2007,1.09357361
06/20/2007,1.05437742
06/21/2007,1.02302047
06/22/2007,0.99558314
06/23/2007,0.98382429
06/24/2007,0.96422619
06/25/2007,0.94854772
06/26/2007,0.92111039
06/27/2007,0.90935153
06/28/2007,0.89759268
06/29/2007,1.03869895
06/30/2007,0.94854772
07/01/2007,0.87799458
07/02/2007,0.85447687
07/03/2007,0.83487878
07/04/2007,0.81136106
07/05/2007,0.79568259
07/06/2007,0.76432564
07/07/2007,0.74864717
07/08/2007,0.72512945
07/09/2007,0.68201365
07/10/2007,0.66241556
07/11/2007,0.64673708
07/12/2007,0.63497822
07/13/2007,0.62713899
07/14/2007,0.61929975
07/15/2007,0.61146051
07/16/2007,0.60754089
07/17/2007,0.61538013
07/18/2007,0.73688831
07/19/2007,0.73688831
07/20/2007,0.63889784
07/21/2007,0.63889784
07/22/2007,0.61146051
07/23/2007,0.58010356
07/24/2007,0.57226433
07/25/2007,0.56050547
07/26/2007,0.54482699
07/27/2007,0.51738966
07/28/2007,0.50563081
07/29/2007,0.49387195
07/30/2007,0.49387195
07/31/2007,0.48603271
08/01/2007,0.47819348
08/02/2007,0.47035424
08/03/2007,0.46251500
08/04/2007,0.45467577
08/05/2007,0.44291691
08/06/2007,0.43507767
08/07/2007,0.43115805
08/08/2007,0.42723843
08/09/2007,0.42331882
08/10/2007,0.41547958
08/11/2007,0.41939920
08/12/2007,0.43899729
08/13/2007,0.43507767
08/14/2007,0.42723843
08/15/2007,0.42331882
08/16/2007,0.42331882
08/17/2007,0.41939920
08/18/2007,0.41939920
08/19/2007,0.51738966
08/20/2007,0.60362127
08/21/2007,0.60754089
08/22/2007,0.48995233
08/23/2007,0.46251500
08/24/2007,0.45075615
08/25/2007,0.43507767
08/26/2007,0.42723843
08/27/2007,0.41939920
08/28/2007,0.41547958
08/29/2007,0.40764034
08/30/2007,0.39980110
08/31/2007,0.39980110
09/01/2007,0.39588149
09/02/2007,0.39039402
09/03/2007,0.38686636
09/04/2007,0.42331882
09/05/2007,0.41547958
09/06/2007,0.39588149
09/07/2007,0.38921813
09/08/2007,0.37706732
09/09/2007,0.36687631
09/10/2007,0.36491650
09/11/2007,0.36256473
09/12/2007,0.36178080
09/13/2007,0.36570042
09/14/2007,0.37118789
09/15/2007,0.37079593
09/16/2007,0.36648435
09/17/2007,0.38608244
09/18/2007,0.38490655
09/19/2007,0.36883612
09/20/2007,0.36726827
09/21/2007,0.36648435
09/22/2007,0.36452454
09/23/2007,0.36413257
09/24/2007,0.36295669
09/25/2007,0.35825315
09/26/2007,0.35707726
09/27/2007,0.35707726
09/28/2007,0.46251500
09/29/2007,0.54090738
09/30/2007,0.74472755
10/01/2007,1.08181475
10/02/2007,0.67025479
10/03/2007,1.45417853
10/04/2007,1.80302459
10/05/2007,1.05437742
10/06/2007,0.80744145
10/07/2007,0.70553136
10/08/2007,0.66241556
10/09/2007,0.61929975
10/10/2007,0.67025479
10/11/2007,0.68985289
10/12/2007,0.65065670
10/13/2007,0.59970166
10/14/2007,0.57618394
10/15/2007,0.58794280
10/16/2007,0.87407496
10/17/2007,1.38362539
10/18/2007,2.85348239
10/19/2007,20.18603614
10/20/2007,11.56287507
10/21/2007,10.34779329
10/22/2007,7.09450979
10/23/2007,6.38897843
10/24/2007,4.82113096
10/25/2007,3.72363774
10/26/2007,3.02594561
10/27/2007,2.61438565
10/28/2007,2.32433387
10/29/2007,2.19890607
10/30/2007,2.10483523
10/31/2007,1.90885429
11/01/2007,1.79126573
11/02/2007,1.69327526
11/03/2007,1.60704365
11/04/2007,1.54824937
11/05/2007,1.48553548
11/06/2007,1.43850005
11/07/2007,1.39146463
11/08/2007,1.34834882
11/09/2007,1.31699187
11/10/2007,2.01076438
11/11/2007,1.72855183
11/12/2007,5.01711190
11/13/2007,8.42718014
11/14/2007,4.89952334
11/15/2007,3.84514591
11/16/2007,7.76084496
11/17/2007,30.61222180
11/18/2007,26.45742601
11/19/2007,21.24433318
11/20/2007,13.99303865
11/21/2007,9.75985049
11/22/2007,7.25129454
11/23/2007,5.72264326
11/24/2007,4.78193478
11/25/2007,4.15479579
11/26/2007,3.77851240
11/27/2007,3.73931621
11/28/2007,3.45710367
11/29/2007,4.03720723
11/30/2007,3.99801104
12/01/2007,3.61388841
12/02/2007,4.50756147
12/03/2007,15.60008230
12/04/2007,25.63430609
12/05/2007,17.71667638
12/06/2007,14.38500051
12/07/2007,11.40609033
12/08/2007,8.93673056
12/09/2007,7.09450979
12/10/2007,5.91862419
12/11/2007,5.05630808
12/12/2007,4.42916910
12/13/2007,3.91961867
12/14/2007,3.55901375
12/15/2007,3.48062138
12/16/2007,3.21800693
12/17/2007,3.49238023
12/18/2007,4.70354240
12/19/2007,6.93772504
12/20/2007,9.87743905
12/21/2007,7.13370598
12/22/2007,6.03621275
12/23/2007,15.79606324
12/24/2007,26.06546415
12/25/2007,14.89455094
12/26/2007,10.58297041
12/27/2007,8.23119920
12/28/2007,6.85933267
12/29/2007,6.54576318
12/30/2007,6.78094030
12/31/2007,5.52666232
01/01/2008,4.78193478
01/02/2008,4.35077672
01/03/2008,4.19399198
01/04/2008,4.74273859
01/05/2008,5.72264326
01/06/2008,5.25228902
01/07/2008,4.58595384
01/08/2008,4.58595384
01/09/2008,5.17389664
01/10/2008,12.42519118
01/11/2008,21.12674462
01/12/2008,19.28452385
01/13/2008,16.93275265
01/14/2008,12.89554542
01/15/2008,11.01412846
01/16/2008,9.01512294
01/17/2008,7.40807928
01/18/2008,6.27138987
01/19/2008,5.48746614
01/20/2008,5.01711190
01/21/2008,4.46836528
01/22/2008,3.99801104
01/23/2008,3.74715545
01/24/2008,3.54725490
01/25/2008,3.26504235
01/26/2008,3.68836117
01/27/2008,5.99701656
01/28/2008,5.13470046
01/29/2008,4.66434622
01/30/2008,4.15479579
01/31/2008,4.38997291
02/01/2008,4.27238435
02/02/2008,3.99801104
02/03/2008,3.55117451
02/04/2008,3.18664998
02/05/2008,3.08865951
02/06/2008,3.19448922
02/07/2008,5.76183944
02/08/2008,6.03621275
02/09/2008,5.56585851
02/10/2008,5.64425088
02/11/2008,5.60505470
02/12/2008,5.52666232
02/13/2008,5.76183944
02/14/2008,5.36987758
02/15/2008,4.86032715
02/16/2008,4.70354240
02/17/2008,4.74273859
02/18/2008,4.86032715
02/19/2008,5.36987758
02/20/2008,5.87942800
02/21/2008,6.15380131
02/22/2008,5.99701656
02/23/2008,5.60505470
02/24/2008,5.44826995
02/25/2008,6.19299750
02/26/2008,6.70254792
02/27/2008,6.66335174
02/28/2008,6.78094030
02/29/2008,7.40807928
03/01/2008,11.48448270
03/02/2008,10.70055897
03/03/2008,8.89753438
03/04/2008,7.40807928
03/05/2008,6.38897843
03/06/2008,5.64425088
03/07/2008,5.25228902
03/08/2008,7.21209835
03/09/2008,7.87843352
03/10/2008,7.91762971
03/11/2008,11.09252083
03/12/2008,10.54377422
03/13/2008,11.13171702
03/14/2008,13.13072254
03/15/2008,12.38599499
03/16/2008,10.23020473
03/17/2008,8.77994582
03/18/2008,15.75686705
03/19/2008,18.69658105
03/20/2008,14.22821577
03/21/2008,11.44528651
03/22/2008,9.36788862
03/23/2008,8.30959158
03/24/2008,8.62316107
03/25/2008,7.76084496
03/26/2008,7.17290216
03/27/2008,6.34978224
03/28/2008,5.84023182
03/29/2008,5.17389664
03/30/2008,4.70354240
03/31/2008,4.27238435
04/01/2008,3.95881486
04/02/2008,3.74323583
04/03/2008,3.62172765
04/04/2008,3.71579850
04/05/2008,3.88042248
04/06/2008,4.66434622
04/07/2008,5.40907376
04/08/2008,5.36987758
04/09/2008,5.01711190
04/10/2008,4.78193478
04/11/2008,4.66434622
04/12/2008,5.80103563
04/13/2008,9.28949624
04/14/2008,11.24930558
04/15/2008,9.64226193
04/16/2008,7.99602208
04/17/2008,7.05531360
04/18/2008,6.74174411
04/19/2008,6.23219368
04/20/2008,5.68344707
04/21/2008,5.17389664
04/22/2008,5.21309283
04/23/2008,5.99701656
04/24/2008,5.95782038
04/25/2008,5.64425088
04/26/2008,5.64425088
04/27/2008,7.01611742
04/28/2008,9.79904667
04/29/2008,12.07242550
04/30/2008,10.97493227
05/01/2008,9.40708481
05/02/2008,8.42718014
05/03/2008,8.62316107
05/04/2008,9.01512294
05/05/2008,10.30859710
05/06/2008,12.22921025
05/07/2008,11.95483694
05/08/2008,10.46538185
05/09/2008,8.97592675
05/10/2008,8.07441446
05/11/2008,8.42718014
05/12/2008,8.07441446
05/13/2008,7.64325640
05/14/2008,8.42718014
05/15/2008,12.81715305
05/16/2008,20.69558657
05/17/2008,25.59510991
05/18/2008,23.28253489
05/19/2008,19.75487809
05/20/2008,18.73577724
05/21/2008,15.67847468
05/22/2008,12.42519118
05/23/2008,9.99502761
05/24/2008,8.62316107
05/25/2008,9.17190768
05/26/2008,8.93673056
05/27/2008,8.70155344
05/28/2008,11.95483694
05/29/2008,12.58197593
05/30/2008,10.58297041
05/31/2008,10.03422379
06/01/2008,9.32869243
06/02/2008,8.11361064
06/03/2008,9.95583142
06/04/2008,9.79904667
06/05/2008,8.07441446
06/06/2008,8.23119920
06/07/2008,8.38798395
06/08/2008,7.56486403
06/09/2008,7.56486403
06/10/2008,7.72164878
06/11/2008,7.17290216
06/12/2008,6.50656699
06/13/2008,6.78094030
06/14/2008,7.25129454
06/15/2008,7.05531360
06/16/2008,6.89852886
06/17/2008,6.62415555
06/18/2008,5.95782038
06/19/2008,5.44826995
06/20/2008,5.48746614
06/21/2008,5.76183944
06/22/2008,5.33068139
06/23/2008,4.78193478
06/24/2008,4.35077672
06/25/2008,4.15479579
06/26/2008,4.03720723
06/27/2008,3.99801104
06/28/2008,4.27238435
06/29/2008,4.35077672
06/30/2008,3.95881486
07/01/2008,3.51981756
07/02/2008,3.15921265
07/03/2008,2.87700010
07/04/2008,2.59086794
07/05/2008,2.33609273
07/06/2008,2.17930798
07/07/2008,2.05388018
07/08/2008,1.94805048
07/09/2008,1.85789925
07/10/2008,1.77166764
07/11/2008,1.67759679
07/12/2008,1.61096327
07/13/2008,1.54432976
07/14/2008,1.49729433
07/15/2008,1.44241967
07/16/2008,1.40322348
07/17/2008,1.36794692
07/18/2008,1.32875073
07/19/2008,1.29739378
07/20/2008,1.26995645
07/21/2008,1.23859950
07/22/2008,1.21508179
07/23/2008,1.20332293
07/24/2008,1.17588560
07/25/2008,1.14844827
07/26/2008,1.12493056
07/27/2008,1.10925208
07/28/2008,1.08573437
07/29/2008,1.07397552
07/30/2008,1.08181475
07/31/2008,1.05437742
08/01/2008,1.02302047
08/02/2008,1.00734200
08/03/2008,0.99558314
08/04/2008,0.97206543
08/05/2008,0.95638696
08/06/2008,0.94854772
08/07/2008,0.94070848
08/08/2008,0.92111039
08/09/2008,0.90151229
08/10/2008,0.88975344
08/11/2008,0.87799458
08/12/2008,0.86231611
08/13/2008,0.84663763
08/14/2008,0.83879840
08/15/2008,0.81528068
08/16/2008,0.79568259
08/17/2008,0.78784335
08/18/2008,0.79568259
08/19/2008,0.80352183
08/20/2008,1.40322348
08/21/2008,1.55216899
08/22/2008,1.09357361
08/23/2008,0.96422619
08/24/2008,0.89759268
08/25/2008,0.87015534
08/26/2008,0.84663763
08/27/2008,0.82311992
08/28/2008,0.81136106
08/29/2008,0.78784335
08/30/2008,0.76824526
08/31/2008,0.74864717
09/01/2008,0.73688831
09/02/2008,0.72120984
09/03/2008,0.70161174
09/04/2008,0.69377250
09/05/2008,0.68201365
09/06/2008,0.67025479
09/07/2008,0.65457632
09/08/2008,0.62713899
09/09/2008,0.61929975
09/10/2008,0.61929975
09/11/2008,0.60362127
09/12/2008,0.59970166
09/13/2008,0.59186242
09/14/2008,0.57618394
09/15/2008,0.55658585
09/16/2008,0.54874661
09/17/2008,0.54874661
09/18/2008,0.54874661
09/19/2008,0.54874661
09/20/2008,0.54874661
09/21/2008,0.56834471
09/22/2008,0.61538013
09/23/2008,0.56834471
09/24/2008,0.54090738
09/25/2008,0.56442509
09/26/2008,0.55266623
09/27/2008,0.52914852
09/28/2008,0.50955043
09/29/2008,0.49387195
09/30/2008,0.48603271
10/01/2008,0.47819348
10/02/2008,0.48995233
10/03/2008,0.63105861
10/04/2008,1.33658997
10/05/2008,1.12885018
10/06/2008,1.00342238
10/07/2008,1.01126162
10/08/2008,0.85055725
10/09/2008,0.75256678
10/10/2008,0.79176297
10/11/2008,0.72512945
10/12/2008,0.65457632
10/13/2008,0.61538013
10/14/2008,0.60362127
10/15/2008,0.58010356
10/16/2008,0.56442509
10/17/2008,0.55658585
10/18/2008,0.54874661
10/19/2008,0.52130928
10/20/2008,0.58794280
10/21/2008,0.67417441
10/22/2008,0.58010356
10/23/2008,0.54874661
10/24/2008,0.52914852
10/25/2008,0.51738966
10/26/2008,0.50955043
10/27/2008,0.50171119
10/28/2008,0.49387195
10/29/2008,0.49387195
10/30/2008,0.49387195
10/31/2008,0.50563081
11/01/2008,0.49779157
11/02/2008,0.72512945
11/03/2008,1.05829704
11/04/2008,2.10483523
11/05/2008,1.92845239
11/06/2008,5.25228902
11/07/2008,4.03720723
11/08/2008,3.11609684
11/09/2008,3.04946332
11/10/2008,2.59478756
11/11/2008,8.23119920
11/12/2008,16.38400604
11/13/2008,25.79109084
11/14/2008,10.54377422
11/15/2008,6.07540894
11/16/2008,4.23318816
11/17/2008,3.20232845
11/18/2008,2.63790336
11/19/2008,2.28513768
11/20/2008,2.43016357
11/21/2008,2.39488701
11/22/2008,2.28121807
11/23/2008,2.07739789
11/24/2008,1.92453277
11/25/2008,1.80302459
11/26/2008,1.69327526
11/27/2008,1.60704365
11/28/2008,1.52473166
11/29/2008,1.48161586
11/30/2008,1.42674120
12/01/2008,1.39930386
12/02/2008,2.24986112
12/03/2008,1.99900552
12/04/2008,1.79126573
12/05/2008,1.65799870
12/06/2008,1.56392785
12/07/2008,1.51297281
12/08/2008,1.49337471
12/09/2008,1.41498234
12/10/2008,1.36402730
12/11/2008,1.31307225
12/12/2008,1.46593738
12/13/2008,1.61880251
12/14/2008,1.49729433
12/15/2008,1.40714310
12/16/2008,1.36010768
12/17/2008,1.34834882
12/18/2008,1.37186653
12/19/2008,1.30523302
12/20/2008,1.29739378
12/21/2008,2.45760091
12/22/2008,3.29639930
12/23/2008,2.57910908
12/24/2008,2.32825349
12/25/2008,2.12443332
12/26/2008,1.92845239
12/27/2008,9.36788862
12/28/2008,61.92997497
12/29/2008,59.18624190
12/30/2008,27.43733068
12/31/2008,16.57998697
01/01/2009,45.85953842
01/02/2009,67.80940297
01/03/2009,27.59411543
01/04/2009,15.99204417
01/05/2009,17.79506876
01/06/2009,23.24333871
01/07/2009,35.59013751
01/08/2009,41.15599602
01/09/2009,27.94688111
01/10/2009,17.16792977
01/11/2009,12.03322931
01/12/2009,9.72065430
01/13/2009,8.97592675
01/14/2009,8.30959158
01/15/2009,8.46637632
01/16/2009,9.21110387
01/17/2009,9.83824286
01/18/2009,9.21110387
01/19/2009,8.30959158
01/20/2009,7.32968691
01/21/2009,6.54576318
01/22/2009,6.03621275
01/23/2009,5.68344707
01/24/2009,5.56585851
01/25/2009,5.29148520
01/26/2009,4.66434622
01/27/2009,4.31158054
01/28/2009,4.07640342
01/29/2009,3.72363774
01/30/2009,3.53941566
01/31/2009,3.41790748
02/01/2009,3.21408731
02/02/2009,3.02202599
02/03/2009,3.01810637
02/04/2009,3.28464044
02/05/2009,3.53941566
02/06/2009,3.90394019
02/07/2009,3.90394019
02/08/2009,3.71971812
02/09/2009,3.46886252
02/10/2009,3.26504235
02/11/2009,2.99850828
02/12/2009,2.82604506
02/13/2009,2.71629574
02/14/2009,2.59478756
02/15/2009,2.48503824
02/16/2009,2.45760091
02/17/2009,2.48895785
02/18/2009,2.41448510
02/19/2009,2.33217311
02/20/2009,2.27337883
02/21/2009,2.22242379
02/22/2009,2.46152052
02/23/2009,4.07640342
02/24/2009,6.78094030
02/25/2009,14.58098145
02/26/2009,14.46339289
02/27/2009,9.09351531
02/28/2009,6.74174411
03/01/2009,5.91862419
03/02/2009,7.40807928
03/03/2009,7.21209835
03/04/2009,6.19299750
03/05/2009,5.87942800
03/06/2009,5.76183944
03/07/2009,5.01711190
03/08/2009,4.50756147
03/09/2009,3.99801104
03/10/2009,3.59429032
03/11/2009,3.30815816
03/12/2009,3.09257913
03/13/2009,3.01026714
03/14/2009,3.37087206
03/15/2009,10.11261617
03/16/2009,11.99403313
03/17/2009,8.85833819
03/18/2009,7.21209835
03/19/2009,6.34978224
03/20/2009,6.42817462
03/21/2009,7.68245259
03/22/2009,7.44727547
03/23/2009,6.34978224
03/24/2009,5.99701656
03/25/2009,6.66335174
03/26/2009,7.80004115
03/27/2009,7.01611742
03/28/2009,7.40807928
03/29/2009,10.03422379
03/30/2009,8.19200302
03/31/2009,6.93772504
04/01/2009,6.23219368
04/02/2009,11.83724838
04/03/2009,11.44528651
04/04/2009,9.01512294
04/05/2009,7.40807928
04/06/2009,6.70254792
04/07/2009,7.13370598
04/08/2009,8.03521827
04/09/2009,9.28949624
04/10/2009,9.60306574
04/11/2009,8.19200302
04/12/2009,7.40807928
04/13/2009,10.26940091
04/14/2009,8.62316107
04/15/2009,7.21209835
04/16/2009,6.07540894
04/17/2009,5.48746614
04/18/2009,5.17389664
04/19/2009,5.25228902
04/20/2009,6.82013648
04/21/2009,9.21110387
04/22/2009,9.21110387
04/23/2009,7.68245259
04/24/2009,5.84023182
04/25/2009,4.78193478
04/26/2009,4.11559960
04/27/2009,3.71971812
04/28/2009,3.55509413
04/29/2009,3.29639930
04/30/2009,2.97499057
05/01/2009,2.90835705
05/02/2009,3.89610096
05/03/2009,5.05630808
05/04/2009,5.64425088
05/05/2009,18.38301156
05/06/2009,19.08854292
05/07/2009,18.65738486
05/08/2009,13.64027297
05/09/2009,10.26940091
05/10/2009,8.42718014
05/11/2009,7.44727547
05/12/2009,6.62415555
05/13/2009,5.80103563
05/14/2009,10.23020473
05/15/2009,9.09351531
05/16/2009,8.07441446
05/17/2009,8.07441446
05/18/2009,7.80004115
05/19/2009,7.17290216
05/20/2009,5.68344707
05/21/2009,4.89952334
05/22/2009,4.58595384
05/23/2009,4.46836528
05/24/2009,4.27238435
05/25/2009,3.90002058
05/26/2009,3.62564727
05/27/2009,3.45710367
05/28/2009,3.41790748
05/29/2009,3.41398786
05/30/2009,3.18273036
05/31/2009,2.92795515
06/01/2009,2.71629574
06/02/2009,2.50463633
06/03/2009,2.33609273
06/04/2009,2.40272624
06/05/2009,2.23418264
06/06/2009,2.13227256
06/07/2009,1.99508590
06/08/2009,1.87357772
06/09/2009,1.78342649
06/10/2009,1.85006001
06/11/2009,2.00684476
06/12/2009,1.84222077
06/13/2009,1.78734611
06/14/2009,1.82262268
06/15/2009,1.67759679
06/16/2009,1.59528480
06/17/2009,1.54041014
06/18/2009,1.43850005
06/19/2009,1.45809814
06/20/2009,1.41106272
06/21/2009,1.38362539
06/22/2009,1.35226844
06/23/2009,1.30131340
06/24/2009,1.26211721
06/25/2009,1.22684064
06/26/2009,1.19548369
06/27/2009,1.14060903
06/28/2009,1.09357361
06/29/2009,1.07789513
06/30/2009,1.05045780
07/01/2009,1.02302047
07/02/2009,0.99558314
07/03/2009,0.96814581
07/04/2009,0.94854772
07/05/2009,0.92111039
07/06/2009,0.88191420
07/07/2009,0.87799458
07/08/2009,0.86231611
07/09/2009,0.85055725
07/10/2009,0.83879840
07/11/2009,0.83095916
07/12/2009,0.82703954
07/13/2009,0.85055725
07/14/2009,0.81136106
07/15/2009,0.78000412
07/16/2009,0.74472755
07/17/2009,0.72120984
07/18/2009,0.70945098
07/19/2009,0.68985289
07/20/2009,0.67809403
07/21/2009,0.66241556
07/22/2009,0.65457632
07/23/2009,0.64281746
07/24/2009,0.63497822
07/25/2009,0.61538013
07/26/2009,0.58794280
07/27/2009,0.57226433
07/28/2009,0.55658585
07/29/2009,0.54874661
07/30/2009,0.53306814
07/31/2009,0.52914852
08/01/2009,0.52522890
08/02/2009,0.52130928
08/03/2009,0.50563081
08/04/2009,0.49779157
08/05/2009,0.48603271
08/06/2009,0.53306814
08/07/2009,0.64281746
08/08/2009,0.58010356
08/09/2009,0.53698776
08/10/2009,0.50955043
08/11/2009,0.49387195
08/12/2009,0.48603271
08/13/2009,0.48995233
08/14/2009,0.48995233
08/15/2009,0.47427386
08/16/2009,0.46643462
08/17/2009,0.45859538
08/18/2009,0.44683653
08/19/2009,0.43899729
08/20/2009,0.42723843
08/21/2009,0.42331882
08/22/2009,0.41939920
08/23/2009,0.41939920
08/24/2009,0.41547958
08/25/2009,0.40764034
08/26/2009,0.40764034
08/27/2009,0.39980110
08/28/2009,0.39588149
08/29/2009,0.41155996
08/30/2009,0.39980110
08/31/2009,0.39588149
09/01/2009,0.39196187
09/02/2009,0.39039402
09/03/2009,0.38059497
09/04/2009,0.37667535
09/05/2009,0.45467577
09/06/2009,0.56834471
09/07/2009,0.54874661
09/08/2009,0.44291691
09/09/2009,0.41547958
09/10/2009,0.40372072
09/11/2009,0.39588149
09/12/2009,0.38686636
09/13/2009,0.38490655
09/14/2009,0.38137890
09/15/2009,0.37353966
09/16/2009,0.37157985
09/17/2009,0.37157985
09/18/2009,0.36922808
09/19/2009,0.36844415
09/20/2009,0.39039402
09/21/2009,0.36805219
09/22/2009,0.35511745
09/23/2009,0.34649429
09/24/2009,0.34453448
09/25/2009,0.34571037
09/26/2009,0.34453448
09/27/2009,0.34335860
09/28/2009,0.33669524
09/29/2009,0.39980110
09/30/2009,0.52522890
10/01/2009,0.45075615
10/02/2009,0.39980110
10/03/2009,0.41155996
10/04/2009,0.45859538
10/05/2009,0.44683653
10/06/2009,0.39980110
10/07/2009,0.38216282
10/08/2009,0.37157985
10/09/2009,0.36883612
10/10/2009,0.35786118
10/11/2009,0.35786118
10/12/2009,0.35786118
10/13/2009,0.36452454
10/14/2009,0.80744145
10/15/2009,1.00734200
10/16/2009,0.59578204
10/17/2009,0.50563081
10/18/2009,0.53698776
10/19/2009,0.45859538
10/20/2009,0.42723843
10/21/2009,0.47819348
10/22/2009,0.52522890
10/23/2009,0.74080793
10/24/2009,0.89759268
10/25/2009,0.58794280
10/26/2009,1.32483111
10/27/2009,1.79910497
10/28/2009,1.22292102
10/29/2009,1.40714310
10/30/2009,2.13227256
10/31/2009,2.92403553
11/01/2009,2.19106684
11/02/2009,1.47769624
11/03/2009,1.16020713
11/04/2009,0.96422619
11/05/2009,0.87799458
11/06/2009,2.54775213
11/07/2009,3.69620040
11/08/2009,4.35077672
11/09/2009,3.19840883
11/10/2009,3.40614862
11/11/2009,3.28072083
11/12/2009,3.26112273
11/13/2009,2.95931209
11/14/2009,2.48895785
11/15/2009,2.12443332
11/16/2009,2.06955866
11/17/2009,3.56293337
11/18/2009,3.87258324
11/19/2009,3.37871129
11/20/2009,3.22192655
11/21/2009,3.03770447
11/22/2009,6.70254792
11/23/2009,5.17389664
11/24/2009,4.07640342
11/25/2009,3.73539659
11/26/2009,4.31158054
11/27/2009,8.19200302
11/28/2009,6.54576318
11/29/2009,4.97791571
11/30/2009,4.03720723
12/01/2009,3.41790748
12/02/2009,2.96323171
12/03/2009,2.57910908
12/04/2009,2.30865540
12/05/2009,2.08523713
12/06/2009,1.94805048
12/07/2009,1.76774802
12/08/2009,1.64623984
12/09/2009,1.56784747
12/10/2009,1.52865128
12/11/2009,1.48945509
12/12/2009,1.48945509
12/13/2009,1.37970577
12/14/2009,1.31307225
12/15/2009,6.54576318
12/16/2009,13.64027297
12/17/2009,14.93374713
12/18/2009,10.62216659
12/19/2009,8.54476870
12/20/2009,7.29049072
12/21/2009,9.01512294
12/22/2009,8.07441446
12/23/2009,6.31058606
12/24/2009,5.25228902
12/25/2009,4.58595384
12/26/2009,4.03720723
12/27/2009,3.58253146
12/28/2009,3.19056960
12/29/2009,2.97107095
12/30/2009,2.93579438
12/31/2009,10.81814753
01/01/2010,32.76801207
01/02/2010,23.47851583
01/03/2010,14.85535475
01/04/2010,11.24930558
01/05/2010,13.99303865
01/06/2010,21.12674462
01/07/2010,14.85535475
01/08/2010,10.89653990
01/09/2010,9.05431912
01/10/2010,7.32968691
01/11/2010,6.11460512
01/12/2010,5.76183944
01/13/2010,5.56585851
01/14/2010,6.23219368
01/15/2010,5.68344707
01/16/2010,8.74074963
01/17/2010,9.48547718
01/18/2010,8.46637632
01/19/2010,6.93772504
01/20/2010,5.72264326
01/21/2010,4.82113096
01/22/2010,4.23318816
01/23/2010,3.68836117
01/24/2010,3.95881486
01/25/2010,4.93871952
01/26/2010,4.74273859
01/27/2010,4.31158054
01/28/2010,3.88434210
01/29/2010,3.64916498
01/30/2010,3.42966634
01/31/2010,3.30815816
02/01/2010,3.32383663
02/02/2010,3.68444155
02/03/2010,3.55901375
02/04/2010,3.55117451
02/05/2010,3.53941566
02/06/2010,3.41790748
02/07/2010,3.40222900
02/08/2010,3.23760502
02/09/2010,3.06122218
02/10/2010,2.97107095
02/11/2010,4.15479579
02/12/2010,5.36987758
02/13/2010,5.36987758
02/14/2010,5.33068139
02/15/2010,5.25228902
02/16/2010,4.93871952
02/17/2010,4.54675766
02/18/2010,4.03720723
02/19/2010,3.66092384
02/20/2010,3.28464044
02/21/2010,3.00634752
02/22/2010,2.73589383
02/23/2010,2.66142108
02/24/2010,3.99801104
02/25/2010,5.56585851
02/26/2010,5.21309283
02/27/2010,4.58595384
02/28/2010,3.95881486
03/01/2010,3.56293337
03/02/2010,3.27288159
03/03/2010,3.15137341
03/04/2010,2.95931209
03/05/2010,2.72413497
03/06/2010,2.53599328
03/07/2010,2.40664586
03/08/2010,2.29689654
03/09/2010,2.14011179
03/10/2010,2.10091561
03/11/2010,2.52815404
03/12/2010,3.61780803
03/13/2010,3.71187888
03/14/2010,3.32383663
03/15/2010,3.16313227
03/16/2010,3.17881074
03/17/2010,3.07690065
03/18/2010,2.86132163
03/19/2010,2.64574260
03/20/2010,2.51639519
03/21/2010,2.71237612
03/22/2010,3.06514180
03/23/2010,2.79468811
03/24/2010,2.63790336
03/25/2010,3.41790748
03/26/2010,5.44826995
03/27/2010,5.33068139
03/28/2010,5.25228902
03/29/2010,18.77497342
03/30/2010,19.91166284
03/31/2010,13.36589966
04/01/2010,9.64226193
04/02/2010,8.74074963
04/03/2010,8.54476870
04/04/2010,7.44727547
04/05/2010,6.42817462
04/06/2010,5.95782038
04/07/2010,5.99701656
04/08/2010,6.58495936
04/09/2010,5.84023182
04/10/2010,5.17389664
04/11/2010,4.97791571
04/12/2010,4.89952334
04/13/2010,5.05630808
04/14/2010,5.48746614
04/15/2010,6.70254792
04/16/2010,6.62415555
04/17/2010,6.85933267
04/18/2010,6.93772504
04/19/2010,7.09450979
04/20/2010,7.17290216
04/21/2010,7.13370598
04/22/2010,5.80103563
04/23/2010,4.97791571
04/24/2010,4.58595384
04/25/2010,4.07640342
04/26/2010,3.82554782
04/27/2010,5.68344707
04/28/2010,6.42817462
04/29/2010,7.05531360
04/30/2010,7.21209835
05/01/2010,7.05531360
05/02/2010,6.82013648
05/03/2010,8.81914200
05/04/2010,9.28949624
05/05/2010,7.68245259
05/06/2010,6.34978224
05/07/2010,5.44826995
05/08/2010,4.82113096
05/09/2010,4.46836528
05/10/2010,4.93871952
05/11/2010,4.62515003
05/12/2010,4.27238435
05/13/2010,4.03720723
05/14/2010,3.91961867
05/15/2010,3.91177943
05/16/2010,3.83338706
05/17/2010,3.77851240
05/18/2010,3.91961867
05/19/2010,4.19399198
05/20/2010,5.48746614
05/21/2010,5.13470046
05/22/2010,4.74273859
05/23/2010,4.46836528
05/24/2010,4.23318816
05/25/2010,4.03720723
05/26/2010,4.42916910
05/27/2010,4.66434622
05/28/2010,4.35077672
05/29/2010,3.95881486
05/30/2010,3.68836117
05/31/2010,3.79419087
06/01/2010,3.80594973
06/02/2010,19.63728953
06/03/2010,24.57600905
06/04/2010,28.45643154
06/05/2010,21.24433318
06/06/2010,14.34580433
06/07/2010,11.28850177
06/08/2010,8.54476870
06/09/2010,7.87843352
06/10/2010,8.38798395
06/11/2010,7.64325640
06/12/2010,6.50656699
06/13/2010,5.52666232
06/14/2010,4.74273859
06/15/2010,4.19399198
06/16/2010,3.86474401
06/17/2010,3.57077261
06/18/2010,3.21800693
06/19/2010,2.98282981
06/20/2010,2.77117040
06/21/2010,2.60262680
06/22/2010,2.43800281
06/23/2010,2.30081616
06/24/2010,2.14795103
06/25/2010,2.04604095
06/26/2010,1.96372895
06/27/2010,1.85397963
06/28/2010,1.74814993
06/29/2010,1.69327526
06/30/2010,1.63056137
07/01/2010,1.58744556
07/02/2010,1.59528480
07/03/2010,1.53649052
07/04/2010,1.47377662
07/05/2010,1.41890196
07/06/2010,1.33267035
07/07/2010,1.29347416
07/08/2010,1.25035836
07/09/2010,1.21116217
07/10/2010,1.17196598
07/11/2010,1.15236789
07/12/2010,1.13276980
07/13/2010,1.10141285
07/14/2010,1.05437742
07/15/2010,1.01518124
07/16/2010,0.98774390
07/17/2010,0.96030657
07/18/2010,0.93678886
07/19/2010,0.91719077
07/20/2010,0.90151229
07/21/2010,0.88583382
07/22/2010,0.86623573
07/23/2010,0.84663763
07/24/2010,0.82311992
07/25/2010,0.81136106
07/26/2010,0.79176297
07/27/2010,0.77608450
07/28/2010,0.76432564
07/29/2010,0.74864717
07/30/2010,0.73296869
07/31/2010,0.72120984
08/01/2010,0.70945098
08/02/2010,0.69769212
08/03/2010,0.68593327
08/04/2010,0.67417441
08/05/2010,0.66241556
08/06/2010,0.65065670
08/07/2010,0.63889784
08/08/2010,0.63105861
08/09/2010,0.62321937
08/10/2010,0.61146051
08/11/2010,0.60362127
08/12/2010,0.59578204
08/13/2010,0.58402318
08/14/2010,0.56050547
08/15/2010,0.54874661
08/16/2010,0.54090738
08/17/2010,0.53306814
08/18/2010,0.54874661
08/19/2010,0.52522890
08/20/2010,0.52130928
08/21/2010,0.50955043
08/22/2010,0.50171119
08/23/2010,0.50171119
08/24/2010,0.48995233
08/25/2010,0.47427386
08/26/2010,0.47035424
08/27/2010,0.47035424
08/28/2010,0.46643462
08/29/2010,0.46251500
08/30/2010,0.63497822
08/31/2010,0.56442509
09/01/2010,0.67809403
09/02/2010,0.58402318
09/03/2010,0.51738966
09/04/2010,0.48995233
09/05/2010,0.47035424
09/06/2010,0.45859538
09/07/2010,0.50171119
09/08/2010,0.67025479
09/09/2010,0.68985289
09/10/2010,0.58794280
09/11/2010,0.51738966
09/12/2010,0.48995233
09/13/2010,0.47427386
09/14/2010,0.45859538
09/15/2010,0.45075615
09/16/2010,0.44683653
09/17/2010,0.45467577
09/18/2010,0.63889784
09/19/2010,1.89709544
09/20/2010,2.17930798
09/21/2010,1.08965399
09/22/2010,0.82703954
09/23/2010,0.71729022
09/24/2010,0.67809403
09/25/2010,0.62321937
09/26/2010,0.58402318
09/27/2010,0.56050547
09/28/2010,0.54090738
09/29/2010,0.52914852
09/30/2010,0.51347005
10/01/2010,0.49387195
10/02/2010,0.48995233
10/03/2010,0.47819348
10/04/2010,0.47819348
10/05/2010,0.46251500
10/06/2010,0.46251500
10/07/2010,0.45859538
10/08/2010,0.44683653
10/09/2010,0.90935153
10/10/2010,0.98774390
10/11/2010,0.84663763
10/12/2010,0.68201365
10/13/2010,0.60754089
10/14/2010,0.55658585
10/15/2010,0.52914852
10/16/2010,0.50955043
10/17/2010,0.49387195
10/18/2010,0.48211310
10/19/2010,0.46643462
10/20/2010,0.46251500
10/21/2010,0.45075615
10/22/2010,0.48211310
10/23/2010,0.63889784
10/24/2010,3.73931621
10/25/2010,6.38897843
10/26/2010,5.56585851
10/27/2010,3.87650286
10/28/2010,3.16705188
10/29/2010,3.32383663
10/30/2010,3.04162409
10/31/2010,4.03720723
11/01/2010,3.48062138
11/02/2010,3.79419087
11/03/2010,3.21016769
11/04/2010,2.66142108
11/05/2010,2.30865540
11/06/2010,2.07739789
11/07/2010,4.03720723
11/08/2010,3.90002058
11/09/2010,4.35077672
11/10/2010,6.70254792
11/11/2010,5.21309283
11/12/2010,4.23318816
11/13/2010,3.60212956
11/14/2010,4.38997291
11/15/2010,5.36987758
11/16/2010,6.23219368
11/17/2010,5.33068139
11/18/2010,9.79904667
11/19/2010,7.91762971
11/20/2010,6.07540894
11/21/2010,4.93871952
11/22/2010,4.46836528
11/23/2010,3.95881486
11/24/2010,3.34735434
11/25/2010,2.99850828
11/26/2010,3.48454100
11/27/2010,5.76183944
11/28/2010,5.21309283
11/29/2010,4.42916910
11/30/2010,7.80004115
12/01/2010,20.30362470
12/02/2010,16.34480985
12/03/2010,11.95483694
12/04/2010,8.81914200
12/05/2010,6.89852886
12/06/2010,6.46737080
12/07/2010,6.50656699
12/08/2010,7.95682590
12/09/2010,10.62216659
12/10/2010,17.32471452
12/11/2010,23.94887007
12/12/2010,33.98309386
12/13/2010,41.15599602
12/14/2010,32.96399300
12/15/2010,20.81317513
12/16/2010,13.60107678
12/17/2010,9.72065430
12/18/2010,7.72164878
12/19/2010,6.42817462
12/20/2010,5.68344707
12/21/2010,5.21309283
12/22/2010,4.86032715
12/23/2010,4.38997291
12/24/2010,4.07640342
12/25/2010,4.03720723
12/26/2010,4.31158054
12/27/2010,4.89952334
12/28/2010,21.91066836
12/29/2010,23.75288913
12/30/2010,12.73876067
12/31/2010,8.70155344
01/01/2011,6.74174411
01/02/2011,5.44826995
01/03/2011,4.66434622
01/04/2011,4.15479579
01/05/2011,3.75499468
01/06/2011,3.47670176
01/07/2011,3.33951511
01/08/2011,3.42182710
01/09/2011,3.22192655
01/10/2011,3.01418676
01/11/2011,2.86132163
01/12/2011,3.73539659
01/13/2011,11.79805219
01/14/2011,19.75487809
01/15/2011,22.49861116
01/16/2011,108.18147526
01/17/2011,66.24155550
01/18/2011,28.69160866
01/19/2011,22.22423785
01/20/2011,15.48249374
01/21/2011,11.91564075
01/22/2011,9.72065430
01/23/2011,7.99602208
01/24/2011,6.82013648
01/25/2011,5.99701656
01/26/2011,5.25228902
01/27/2011,4.78193478
01/28/2011,4.46836528
01/29/2011,4.19399198
01/30/2011,3.81378896
01/31/2011,3.48454100
02/01/2011,3.22976578
02/02/2011,2.96715133
02/03/2011,2.75157231
02/04/2011,2.61046603
02/05/2011,3.14745379
02/06/2011,3.26896197
02/07/2011,3.32775625
02/08/2011,3.15137341
02/09/2011,2.86132163
02/10/2011,2.66142108
02/11/2011,2.54383252
02/12/2011,2.46544014
02/13/2011,2.68493879
02/14/2011,2.86916087
02/15/2011,4.19399198
02/16/2011,4.23318816
02/17/2011,3.81378896
02/18/2011,3.42574672
02/19/2011,3.15529303
02/20/2011,2.90443743
02/21/2011,2.66534069
02/22/2011,2.61830527
02/23/2011,2.53207366
02/24/2011,2.43016357
02/25/2011,2.22634340
02/26/2011,2.14795103
02/27/2011,2.09699599
02/28/2011,2.53207366
03/01/2011,4.38997291
03/02/2011,4.86032715
03/03/2011,4.86032715
03/04/2011,4.97791571
03/05/2011,8.54476870
03/06/2011,7.95682590
03/07/2011,6.38897843
03/08/2011,6.50656699
03/09/2011,8.81914200
03/10/2011,14.65937382
03/11/2011,14.85535475
03/12/2011,10.70055897
03/13/2011,9.25030006
03/14/2011,9.52467337
03/15/2011,12.07242550
03/16/2011,15.75686705
03/17/2011,12.93474161
03/18/2011,10.42618566
03/19/2011,8.62316107
03/20/2011,7.21209835
03/21/2011,6.85933267
03/22/2011,6.34978224
03/23/2011,5.64425088
03/24/2011,5.21309283
03/25/2011,5.17389664
03/26/2011,6.27138987
03/27/2011,7.29049072
03/28/2011,7.99602208
03/29/2011,9.91663523
03/30/2011,19.24532766
03/31/2011,22.10664929
04/01/2011,20.14683996
04/02/2011,18.38301156
04/03/2011,13.44429203
04/04/2011,10.89653990
04/05/2011,17.28551833
04/06/2011,14.22821577
04/07/2011,11.64126745
04/08/2011,9.36788862
04/09/2011,7.76084496
04/10/2011,6.62415555
04/11/2011,6.89852886
04/12/2011,6.34978224
04/13/2011,5.76183944
04/14/2011,5.68344707
04/15/2011,8.85833819
04/16/2011,25.08555948
04/17/2011,27.51572305
04/18/2011,17.28551833
04/19/2011,12.19001406
04/20/2011,9.40708481
04/21/2011,7.64325640
04/22/2011,6.34978224
04/23/2011,5.56585851
04/24/2011,5.60505470
04/25/2011,7.48647166
04/26/2011,8.97592675
04/27/2011,8.58396488
04/28/2011,8.07441446
04/29/2011,7.64325640
04/30/2011,7.29049072
05/01/2011,6.66335174
05/02/2011,6.38897843
05/03/2011,5.95782038
05/04/2011,5.68344707
05/05/2011,6.31058606
05/06/2011,6.78094030
05/07/2011,7.48647166
05/08/2011,7.76084496
05/09/2011,6.97692123
05/10/2011,6.42817462
05/11/2011,7.09450979
05/12/2011,8.70155344
05/13/2011,7.80004115
05/14/2011,7.56486403
05/15/2011,7.09450979
05/16/2011,6.85933267
05/17/2011,6.34978224
05/18/2011,6.74174411
05/19/2011,7.13370598
05/20/2011,6.78094030
05/21/2011,6.93772504
05/22/2011,6.34978224
05/23/2011,5.68344707
05/24/2011,5.29148520
05/25/2011,6.31058606
05/26/2011,6.62415555
05/27/2011,10.23020473
05/28/2011,11.79805219
05/29/2011,9.56386955
05/30/2011,8.34878776
05/31/2011,8.30959158
06/01/2011,8.19200302
06/02/2011,8.19200302
06/03/2011,7.68245259
06/04/2011,7.76084496
06/05/2011,8.46637632
06/06/2011,8.66235726
06/07/2011,7.64325640
06/08/2011,6.58495936
06/09/2011,5.80103563
06/10/2011,5.68344707
06/11/2011,5.44826995
06/12/2011,5.05630808
06/13/2011,5.64425088
06/14/2011,5.17389664
06/15/2011,4.62515003
06/16/2011,4.11559960
06/17/2011,3.77459278
06/18/2011,3.77851240
06/19/2011,4.07640342
06/20/2011,3.79027125
06/21/2011,3.77851240
06/22/2011,3.76675354
06/23/2011,3.42574672
06/24/2011,2.86916087
06/25/2011,2.58694832
06/26/2011,2.43408319
06/27/2011,2.34393196
06/28/2011,2.53599328
06/29/2011,2.33609273
06/30/2011,2.17146874
07/01/2011,1.97548781
07/02/2011,1.86965811
07/03/2011,1.80302459
07/04/2011,1.72071260
07/05/2011,1.61880251
07/06/2011,1.55216899
07/07/2011,1.51297281
07/08/2011,1.45025891
07/09/2011,1.36402730
07/10/2011,1.30523302
07/11/2011,1.27387607
07/12/2011,1.27387607
07/13/2011,1.28955454
07/14/2011,1.21900141
07/15/2011,1.15236789
07/16/2011,1.19940331
07/17/2011,1.15628751
07/18/2011,1.14452865
07/19/2011,1.92453277
07/20/2011,1.51297281
07/21/2011,1.30915264
07/22/2011,1.23859950
07/23/2011,1.14452865
07/24/2011,1.10925208
07/25/2011,1.08181475
07/26/2011,1.05045780
07/27/2011,1.01910085
07/28/2011,0.97598505
07/29/2011,0.96814581
07/30/2011,0.94070848
07/31/2011,0.91327115
08/01/2011,0.89367306
08/02/2011,0.88191420
08/03/2011,0.86623573
08/04/2011,0.85055725
08/05/2011,0.83879840
08/06/2011,0.81920030
08/07/2011,0.79176297
08/08/2011,0.77608450
08/09/2011,0.76824526
08/10/2011,0.75256678
08/11/2011,0.74472755
08/12/2011,0.73688831
08/13/2011,0.72904907
08/14/2011,0.72120984
08/15/2011,0.70945098
08/16/2011,0.70161174
08/17/2011,0.68985289
08/18/2011,0.67417441
08/19/2011,0.65457632
08/20/2011,0.64281746
08/21/2011,0.63497822
08/22/2011,0.62713899
08/23/2011,0.61929975
08/24/2011,0.61538013
08/25/2011,0.61538013
08/26/2011,0.60362127
08/27/2011,0.59186242
08/28/2011,0.58402318
08/29/2011,0.58010356
08/30/2011,0.57618394
08/31/2011,0.56442509
09/01/2011,0.56442509
09/02/2011,0.56050547
09/03/2011,0.55266623
09/04/2011,0.54482699
09/05/2011,0.53698776
09/06/2011,0.53306814
09/07/2011,0.52522890
09/08/2011,0.52522890
09/09/2011,0.52522890
09/10/2011,0.51738966
09/11/2011,0.50955043
09/12/2011,0.50955043
09/13/2011,0.50955043
09/14/2011,0.50955043
09/15/2011,0.52522890
09/16/2011,0.52522890
09/17/2011,0.50955043
09/18/2011,0.50955043
09/19/2011,0.50171119
09/20/2011,0.49779157
09/21/2011,0.49387195
09/22/2011,0.48995233
09/23/2011,0.48211310
09/24/2011,0.48211310
09/25/2011,0.50171119
09/26/2011,0.53306814
09/27/2011,0.52522890
09/28/2011,0.51738966
09/29/2011,0.49387195
09/30/2011,0.48211310
10/01/2011,0.47819348
10/02/2011,0.52914852
10/03/2011,0.55266623
10/04/2011,0.65849594
10/05/2011,0.81136106
10/06/2011,0.68593327
10/07/2011,0.59578204
10/08/2011,0.56834471
10/09/2011,0.54090738
10/10/2011,1.02302047
10/11/2011,1.54824937
10/12/2011,1.03085971
10/13/2011,0.73688831
10/14/2011,0.65849594
10/15/2011,0.59186242
10/16/2011,0.64281746
10/17/2011,0.58402318
10/18/2011,0.57226433
10/19/2011,0.56442509
10/20/2011,0.54874661
10/21/2011,0.54874661
10/22/2011,0.54090738
10/23/2011,0.52914852
10/24/2011,0.52914852
10/25/2011,0.52130928
10/26/2011,0.50955043
10/27/2011,0.50955043
10/28/2011,0.52130928
10/29/2011,0.65457632
10/30/2011,0.63497822
10/31/2011,0.80352183
11/01/2011,0.65457632
11/02/2011,0.62713899
11/03/2011,0.66633517
11/04/2011,0.62713899
11/05/2011,0.61929975
11/06/2011,0.65849594
11/07/2011,0.63497822
11/08/2011,0.61929975
11/09/2011,0.60362127
11/10/2011,0.58794280
11/11/2011,0.58794280
11/12/2011,0.65065670
11/13/2011,0.89367306
11/14/2011,1.05437742
11/15/2011,1.14844827
11/16/2011,1.45025891
11/17/2011,7.60406022
11/18/2011,4.35077672
11/19/2011,2.76725078
11/20/2011,2.04604095
11/21/2011,2.44584205
11/22/2011,12.85634923
11/23/2011,9.28949624
11/24/2011,7.17290216
11/25/2011,7.87843352
11/26/2011,5.52666232
11/27/2011,4.74273859
11/28/2011,4.54675766
11/29/2011,3.95881486
11/30/2011,3.62564727
12/01/2011,3.13177532
12/02/2011,2.77900964
12/03/2011,2.49287747
12/04/2011,2.21850417
12/05/2011,2.03428209
12/06/2011,1.88533658
12/07/2011,1.76774802
12/08/2011,1.66975755
12/09/2011,1.59136518
12/10/2011,1.52081204
12/11/2011,1.47769624
12/12/2011,1.41106272
12/13/2011,1.36402730
12/14/2011,1.32875073
12/15/2011,1.32091149
12/16/2011,1.25427797
12/17/2011,1.22292102
12/18/2011,1.21508179
12/19/2011,1.19548369
12/20/2011,1.17196598
12/21/2011,1.13668941
12/22/2011,1.12101094
12/23/2011,1.09357361
12/24/2011,1.06613628
12/25/2011,1.12101094
12/26/2011,1.12493056
12/27/2011,1.26995645
12/28/2011,29.35794383
12/29/2011,42.33188162
12/30/2011,75.25667844
12/31/2011,27.20215356
01/01/2012,13.64027297
01/02/2012,8.93673056
01/03/2012,6.42817462
01/04/2012,4.97791571
01/05/2012,4.42916910
01/06/2012,3.77459278
01/07/2012,3.29639930
01/08/2012,2.93971400
01/09/2012,2.67709955
01/10/2012,2.47719900
01/11/2012,2.26161997
01/12/2012,2.10483523
01/13/2012,1.96764857
01/14/2012,1.86965811
01/15/2012,1.82654230
01/16/2012,1.71679298
01/17/2012,1.79518535
01/18/2012,10.07341998
01/19/2012,70.94509790
01/20/2012,48.21130963
01/21/2012,32.06248071
01/22/2012,17.79506876
01/23/2012,12.34679881
01/24/2012,26.61421076
01/25/2012,50.17111896
01/26/2012,35.90370701
01/27/2012,19.32372004
01/28/2012,11.52367889
01/29/2012,8.66235726
01/30/2012,11.36689414
01/31/2012,8.50557251
02/01/2012,7.44727547
02/02/2012,6.19299750
02/03/2012,5.09550427
02/04/2012,4.19399198
02/05/2012,3.54725490
02/06/2012,3.12393608
02/07/2012,2.79468811
02/08/2012,2.90051781
02/09/2012,3.48454100
02/10/2012,3.78635163
02/11/2012,4.46836528
02/12/2012,3.90394019
02/13/2012,3.39438977
02/14/2012,3.00242790
02/15/2012,2.63790336
02/16/2012,2.39880663
02/17/2012,2.47327938
02/18/2012,3.15529303
02/19/2012,2.90443743
02/20/2012,4.15479579
02/21/2012,10.81814753
02/22/2012,20.57799801
02/23/2012,18.50060012
02/24/2012,13.05233017
02/25/2012,10.81814753
02/26/2012,8.77994582
02/27/2012,7.44727547
02/28/2012,6.54576318
02/29/2012,5.99701656
03/01/2012,5.40907376
03/02/2012,4.78193478
03/03/2012,4.78193478
03/04/2012,5.29148520
03/05/2012,6.15380131
03/06/2012,6.66335174
03/07/2012,5.84023182
03/08/2012,5.48746614
03/09/2012,6.07540894
03/10/2012,6.93772504
03/11/2012,8.66235726
03/12/2012,8.34878776
03/13/2012,8.46637632
03/14/2012,8.07441446
03/15/2012,19.08854292
03/16/2012,29.12276671
03/17/2012,19.63728953
03/18/2012,14.07143102
03/19/2012,10.70055897
03/20/2012,13.87545009
03/21/2012,20.57799801
03/22/2012,21.63629505
03/23/2012,15.20812043
03/24/2012,11.75885601
03/25/2012,10.34779329
03/26/2012,9.13271150
03/27/2012,8.27039539
03/28/2012,8.19200302
03/29/2012,10.93573609
03/30/2012,65.45763177
03/31/2012,44.29169096
04/01/2012,25.55591372
04/02/2012,18.38301156
04/03/2012,14.89455094
04/04/2012,11.75885601
04/05/2012,10.07341998
04/06/2012,8.58396488
04/07/2012,7.44727547
04/08/2012,6.74174411
04/09/2012,6.54576318
04/10/2012,6.89852886
04/11/2012,7.80004115
04/12/2012,8.42718014
04/13/2012,7.76084496
04/14/2012,7.05531360
04/15/2012,6.62415555
04/16/2012,11.91564075
04/17/2012,14.54178526
04/18/2012,14.85535475
04/19/2012,18.97095436
04/20/2012,26.02626796
04/21/2012,20.46040945
04/22/2012,18.69658105
04/23/2012,18.93175817
04/24/2012,17.75587257
04/25/2012,13.40509585
04/26/2012,15.40410137
04/27/2012,13.95384246
04/28/2012,11.91564075
04/29/2012,10.19100854
04/30/2012,12.30760262
05/01/2012,11.83724838
05/02/2012,9.48547718
05/03/2012,10.66136278
05/04/2012,11.44528651
05/05/2012,9.91663523
05/06/2012,8.54476870
05/07/2012,7.56486403
05/08/2012,7.40807928
05/09/2012,7.05531360
05/10/2012,6.19299750
05/11/2012,5.48746614
05/12/2012,5.13470046
05/13/2012,5.33068139
05/14/2012,5.68344707
05/15/2012,5.64425088
05/16/2012,5.21309283
05/17/2012,4.50756147
05/18/2012,3.91961867
05/19/2012,3.51589795
05/20/2012,3.30031892
05/21/2012,3.51981756
05/22/2012,4.50756147
05/23/2012,4.27238435
05/24/2012,5.17389664
05/25/2012,5.40907376
05/26/2012,4.78193478
05/27/2012,4.19399198
05/28/2012,3.78243202
05/29/2012,3.42574672
05/30/2012,3.15137341
05/31/2012,2.98282981
06/01/2012,2.87700010
06/02/2012,3.05338294
06/03/2012,2.74373307
06/04/2012,3.45318405
06/05/2012,4.78193478
06/06/2012,4.46836528
06/07/2012,4.78193478
06/08/2012,6.03621275
06/09/2012,7.25129454
06/10/2012,6.38897843
06/11/2012,5.25228902
06/12/2012,4.50756147
06/13/2012,4.03720723
06/14/2012,3.57469223
06/15/2012,3.22976578
06/16/2012,2.97107095
06/17/2012,2.75157231
06/18/2012,2.65358184
06/19/2012,2.50855595
06/20/2012,2.32825349
06/21/2012,2.19106684
06/22/2012,2.15970989
06/23/2012,2.68101917
06/24/2012,2.63790336
06/25/2012,2.38704777
06/26/2012,2.88483934
06/27/2012,2.79860773
06/28/2012,2.53599328
06/29/2012,2.34785158
06/30/2012,2.25378073
07/01/2012,2.19106684
07/02/2012,2.04604095
07/03/2012,1.97548781
07/04/2012,1.88533658
07/05/2012,1.78734611
07/06/2012,1.70895374
07/07/2012,1.65015946
07/08/2012,1.57960632
07/09/2012,1.51689242
07/10/2012,1.46593738
07/11/2012,1.40714310
07/12/2012,1.36010768
07/13/2012,1.30915264
07/14/2012,1.27387607
07/15/2012,1.23859950
07/16/2012,1.22684064
07/17/2012,1.20332293
07/18/2012,1.19548369
07/19/2012,1.17196598
07/20/2012,1.14060903
07/21/2012,1.10141285
07/22/2012,1.06221666
07/23/2012,1.04653818
07/24/2012,1.02302047
07/25/2012,0.99558314
07/26/2012,0.97206543
07/27/2012,0.94462810
07/28/2012,0.93286924
07/29/2012,0.91327115
07/30/2012,0.89367306
07/31/2012,0.87799458
08/01/2012,0.85839649
08/02/2012,0.83879840
08/03/2012,0.81920030
08/04/2012,0.79960221
08/05/2012,0.78392373
08/06/2012,0.78000412
08/07/2012,0.75648640
08/08/2012,0.74472755
08/09/2012,0.73688831
08/10/2012,0.72120984
08/11/2012,0.70945098
08/12/2012,0.68593327
08/13/2012,0.67417441
08/14/2012,0.65849594
08/15/2012,0.64673708
08/16/2012,0.63889784
08/17/2012,0.62321937
08/18/2012,0.62713899
08/19/2012,0.61538013
08/20/2012,0.59970166
08/21/2012,0.59186242
08/22/2012,0.58402318
08/23/2012,0.57618394
08/24/2012,0.57226433
08/25/2012,0.56442509
08/26/2012,0.55658585
08/27/2012,0.55266623
08/28/2012,0.54874661
08/29/2012,0.54090738
08/30/2012,0.53698776
08/31/2012,0.53306814
09/01/2012,0.52522890
09/02/2012,0.51738966
09/03/2012,0.51347005
09/04/2012,0.50955043
09/05/2012,0.50171119
09/06/2012,0.49779157
09/07/2012,0.48995233
09/08/2012,0.48211310
09/09/2012,0.47819348
09/10/2012,0.48211310
09/11/2012,0.48211310
09/12/2012,0.47427386
09/13/2012,0.45859538
09/14/2012,0.45075615
09/15/2012,0.44683653
09/16/2012,0.44683653
09/17/2012,0.44291691
09/18/2012,0.43507767
09/19/2012,0.43507767
09/20/2012,0.43507767
09/21/2012,0.43507767
09/22/2012,0.44683653
09/23/2012,0.44683653
09/24/2012,0.44291691
09/25/2012,0.43507767
09/26/2012,0.43115805
09/27/2012,0.42723843
09/28/2012,0.41939920
09/29/2012,0.41547958
09/30/2012,0.41547958
10/01/2012,0.41547958
10/02/2012,0.41547958
10/03/2012,0.41155996
10/04/2012,0.40372072
10/05/2012,0.39980110
10/06/2012,0.39980110
10/07/2012,0.39980110
10/08/2012,0.39980110
10/09/2012,0.39980110
10/10/2012,0.39980110
10/11/2012,0.39980110
10/12/2012,0.41547958
10/13/2012,0.61146051
10/14/2012,0.48995233
10/15/2012,1.60312404
10/16/2012,3.47670176
10/17/2012,1.14060903
10/18/2012,0.81136106
10/19/2012,0.79960221
10/20/2012,1.31307225
10/21/2012,1.19940331
10/22/2012,1.74031069
10/23/2012,1.74031069
10/24/2012,1.63448098
10/25/2012,1.52473166
10/26/2012,1.28955454
10/27/2012,2.44192243
10/28/2012,11.13171702
10/29/2012,15.40410137
10/30/2012,7.91762971
10/31/2012,4.62515003
11/01/2012,4.35077672
11/02/2012,4.11559960
11/03/2012,3.62564727
11/04/2012,3.06514180
11/05/2012,2.63006413
11/06/2012,2.30865540
11/07/2012,2.12835294
11/08/2012,1.97156819
11/09/2012,1.93629162
11/10/2012,1.83830116
11/11/2012,1.73639107
11/12/2012,4.93871952
11/13/2012,6.31058606
11/14/2012,4.66434622
11/15/2012,3.68836117
11/16/2012,3.12393608
11/17/2012,3.29247968
11/18/2012,3.46494290
11/19/2012,4.89952334
11/20/2012,41.54795789
11/21/2012,32.65042351
11/22/2012,18.53979630
11/23/2012,12.58197593
11/24/2012,16.61918316
11/25/2012,15.16892425
11/26/2012,11.24930558
11/27/2012,8.62316107
11/28/2012,6.97692123
11/29/2012,7.05531360
11/30/2012,11.44528651
12/01/2012,13.52268441
12/02/2012,26.88858407
12/03/2012,20.49960564
12/04/2012,65.45763177
12/05/2012,59.18624190
12/06/2012,24.41922431
12/07/2012,15.56088612
12/08/2012,11.48448270
12/09/2012,8.81914200
12/10/2012,7.80004115
12/11/2012,6.93772504
12/12/2012,6.46737080
12/13/2012,5.68344707
12/14/2012,5.05630808
12/15/2012,4.54675766
12/16/2012,4.70354240
12/17/2012,13.24831110
12/18/2012,9.64226193
12/19/2012,7.17290216
12/20/2012,6.19299750
12/21/2012,5.44826995
12/22/2012,5.40907376
12/23/2012,5.56585851
12/24/2012,5.36987758
12/25/2012,5.09550427
12/26/2012,5.29148520
12/27/2012,5.87942800
12/28/2012,5.01711190
12/29/2012,4.27238435
12/30/2012,3.70403964
12/31/2012,3.28072083
01/01/2013,2.98282981
01/02/2013,2.76725078
01/03/2013,2.60654641
01/04/2013,2.54383252
01/05/2013,2.57126985
01/06/2013,2.58694832
01/07/2013,4.54675766
01/08/2013,9.25030006
01/09/2013,11.01412846
01/10/2013,9.21110387
01/11/2013,7.17290216
01/12/2013,5.76183944
01/13/2013,4.89952334
01/14/2013,4.27238435
01/15/2013,3.80594973
01/16/2013,3.53549604
01/17/2013,3.39830939
01/18/2013,3.73147697
01/19/2013,4.38997291
01/20/2013,5.05630808
01/21/2013,5.25228902
01/22/2013,5.17389664
01/23/2013,5.40907376
01/24/2013,5.84023182
01/25/2013,9.56386955
01/26/2013,12.89554542
01/27/2013,9.99502761
01/28/2013,8.38798395
01/29/2013,8.70155344
01/30/2013,8.66235726
01/31/2013,8.34878776
02/01/2013,7.29049072
02/02/2013,6.54576318
02/03/2013,6.19299750
02/04/2013,5.84023182
02/05/2013,5.91862419
02/06/2013,6.58495936
02/07/2013,6.42817462
02/08/2013,5.72264326
02/09/2013,5.01711190
02/10/2013,4.46836528
02/11/2013,4.03720723
02/12/2013,3.75499468
02/13/2013,3.63348651
02/14/2013,3.57469223
02/15/2013,3.60996879
02/16/2013,3.86474401
02/17/2013,3.79027125
02/18/2013,3.58645108
02/19/2013,3.38655053
02/20/2013,3.17097150
02/21/2013,3.08473989
02/22/2013,3.30423854
02/23/2013,3.64132574
02/24/2013,3.35911320
02/25/2013,3.67268269
02/26/2013,3.71579850
02/27/2013,3.39830939
02/28/2013,6.66335174
03/01/2013,11.17091321
03/02/2013,10.07341998
03/03/2013,9.13271150
03/04/2013,7.48647166
03/05/2013,6.31058606
03/06/2013,6.03621275
03/07/2013,5.56585851
03/08/2013,5.01711190
03/09/2013,4.42916910
03/10/2013,4.03720723
03/11/2013,3.99801104
03/12/2013,4.31158054
03/13/2013,4.82113096
03/14/2013,5.56585851
03/15/2013,6.19299750
03/16/2013,6.38897843
03/17/2013,6.15380131
03/18/2013,5.13470046
03/19/2013,4.54675766
03/20/2013,8.34878776
03/21/2013,8.85833819
03/22/2013,7.21209835
03/23/2013,6.03621275
03/24/2013,5.17389664
03/25/2013,4.66434622
03/26/2013,4.38997291
03/27/2013,4.27238435
03/28/2013,4.46836528
03/29/2013,5.01711190
03/30/2013,5.40907376
03/31/2013,6.27138987
04/01/2013,6.58495936
04/02/2013,6.31058606
04/03/2013,5.64425088
04/04/2013,6.07540894
04/05/2013,9.56386955
04/06/2013,12.46438737
04/07/2013,17.71667638
04/08/2013,14.69857001
04/09/2013,11.21010939
04/10/2013,9.44628099
04/11/2013,8.34878776
04/12/2013,7.01611742
04/13/2013,6.46737080
04/14/2013,5.60505470
04/15/2013,4.93871952
04/16/2013,4.54675766
04/17/2013,4.15479579
04/18/2013,3.85690477
04/19/2013,4.89952334
04/20/2013,6.42817462
04/21/2013,5.95782038
04/22/2013,5.40907376
04/23/2013,4.86032715
04/24/2013,4.42916910
04/25/2013,4.23318816
04/26/2013,4.27238435
04/27/2013,4.35077672
04/28/2013,4.15479579
04/29/2013,4.11559960
04/30/2013,3.73539659
05/01/2013,3.26896197
05/02/2013,3.03378485
05/03/2013,3.05338294
05/04/2013,3.14353417
05/05/2013,3.22192655
05/06/2013,3.17489112
05/07/2013,3.03770447
05/08/2013,2.83388430
05/09/2013,2.68885841
05/10/2013,2.60262680
05/11/2013,2.46935976
05/12/2013,2.29689654
05/13/2013,2.10091561
05/14/2013,1.90101505
05/15/2013,1.76382840
05/16/2013,1.68935565
05/17/2013,1.67367717
05/18/2013,1.59528480
05/19/2013,1.60704365
05/20/2013,1.50513357
05/21/2013,1.65799870
05/22/2013,2.14403141
05/23/2013,2.29689654
05/24/2013,3.07690065
05/25/2013,2.81036659
05/26/2013,3.75107507
05/27/2013,6.42817462
05/28/2013,8.19200302
05/29/2013,7.72164878
05/30/2013,7.17290216
05/31/2013,5.64425088
06/01/2013,4.54675766
06/02/2013,3.82162820
06/03/2013,3.28072083
06/04/2013,2.88483934
06/05/2013,2.58694832
06/06/2013,2.34785158
06/07/2013,2.15579027
06/08/2013,2.00292514
06/09/2013,1.86965811
06/10/2013,1.77558726
06/11/2013,1.68543603
06/12/2013,1.61488289
06/13/2013,1.56784747
06/14/2013,1.54432976
06/15/2013,1.45417853
06/16/2013,1.38754501
06/17/2013,1.32091149
06/18/2013,1.28955454
06/19/2013,1.45809814
06/20/2013,1.44633929
06/21/2013,1.36010768
06/22/2013,1.25819759
06/23/2013,1.28563492
06/24/2013,1.46985700
06/25/2013,1.75206954
06/26/2013,1.79518535
06/27/2013,1.67367717
06/28/2013,1.47769624
06/29/2013,1.35618806
06/30/2013,1.26211721
07/01/2013,1.19940331
07/02/2013,1.14452865
07/03/2013,1.10141285
07/04/2013,1.04653818
07/05/2013,1.01126162
07/06/2013,0.97598505
07/07/2013,0.95246734
07/08/2013,0.92111039
07/09/2013,0.89367306
07/10/2013,0.86231611
07/11/2013,0.83879840
07/12/2013,0.81920030
07/13/2013,0.79568259
07/14/2013,0.77216488
07/15/2013,0.75648640
07/16/2013,0.73688831
07/17/2013,0.71337060
07/18/2013,0.69769212
07/19/2013,0.68201365
07/20/2013,0.66633517
07/21/2013,0.65065670
07/22/2013,0.63497822
07/23/2013,0.62321937
07/24/2013,0.60362127
07/25/2013,0.58794280
07/26/2013,0.57618394
07/27/2013,0.56834471
07/28/2013,0.55658585
07/29/2013,0.55658585
07/30/2013,0.54482699
07/31/2013,0.53698776
08/01/2013,0.54090738
08/02/2013,0.55266623
08/03/2013,0.52914852
08/04/2013,0.51347005
08/05/2013,0.50171119
08/06/2013,0.49387195
08/07/2013,0.48211310
08/08/2013,0.48211310
08/09/2013,0.61538013
08/10/2013,0.67809403
08/11/2013,0.56050547
08/12/2013,0.50955043
08/13/2013,0.48995233
08/14/2013,0.47427386
08/15/2013,0.45859538
08/16/2013,0.45467577
08/17/2013,0.44683653
08/18/2013,0.43899729
08/19/2013,0.43507767
08/20/2013,0.42723843
08/21/2013,0.42331882
08/22/2013,0.42723843
08/23/2013,0.43899729
08/24/2013,0.41939920
08/25/2013,0.50955043
08/26/2013,0.63105861
08/27/2013,0.46643462
08/28/2013,0.43899729
08/29/2013,0.43507767
08/30/2013,0.43115805
08/31/2013,0.41547958
09/01/2013,0.40372072
09/02/2013,0.39588149
09/03/2013,0.38961010
09/04/2013,0.38569048
09/05/2013,0.41939920
09/06/2013,0.78000412
09/07/2013,0.51738966
09/08/2013,0.44291691
09/09/2013,0.42331882
09/10/2013,0.39980110
09/11/2013,0.38647440
09/12/2013,0.38373067
09/13/2013,0.37549947
09/14/2013,0.37157985
09/15/2013,0.37157985
09/16/2013,0.37157985
09/17/2013,0.37549947
09/18/2013,0.40372072
09/19/2013,0.37549947
09/20/2013,0.37667535
09/21/2013,0.41155996
09/22/2013,0.54090738
09/23/2013,0.83487878
09/24/2013,1.12885018
09/25/2013,1.53257090
09/26/2013,0.90935153
09/27/2013,0.73688831
09/28/2013,3.61780803
09/29/2013,11.71965982
09/30/2013,18.73577724
10/01/2013,11.64126745
10/02/2013,7.91762971
10/03/2013,5.44826995
10/04/2013,3.95881486
10/05/2013,3.07690065
10/06/2013,2.53991290
10/07/2013,2.35177120
10/08/2013,2.32041425
10/09/2013,2.49679709
10/10/2013,2.11659408
10/11/2013,1.90101505
10/12/2013,1.74814993
10/13/2013,1.61488289
10/14/2013,1.49337471
10/15/2013,1.38754501
10/16/2013,1.30523302
10/17/2013,1.23076026
10/18/2013,1.16412674
10/19/2013,1.10533246
10/20/2013,1.05437742
10/21/2013,1.01126162
10/22/2013,0.96814581
10/23/2013,0.92894962
10/24/2013,0.89367306
10/25/2013,0.86623573
10/26/2013,0.84271801
10/27/2013,0.89759268
10/28/2013,0.90151229
10/29/2013,0.82311992
10/30/2013,0.78392373
10/31/2013,0.77608450
11/01/2013,0.78000412
11/02/2013,1.48945509
11/03/2013,1.52473166
11/04/2013,1.34050958
11/05/2013,2.50071671
11/06/2013,3.34343472
11/07/2013,4.58595384
11/08/2013,4.82113096
11/09/2013,3.64916498
11/10/2013,2.90443743
11/11/2013,2.43016357
11/12/2013,2.12835294
11/13/2013,1.90885429
11/14/2013,1.75598916
11/15/2013,1.66975755
11/16/2013,2.48895785
11/17/2013,3.08473989
11/18/2013,3.39438977
11/19/2013,13.32670347
11/20/2013,13.83625390
11/21/2013,8.58396488
11/22/2013,6.19299750
11/23/2013,4.86032715
11/24/2013,3.99801104
11/25/2013,3.37871129
11/26/2013,2.96323171
11/27/2013,2.67317993
11/28/2013,2.42624396
11/29/2013,2.20674531
11/30/2013,2.04604095
12/01/2013,2.77509002
12/02/2013,13.75786153
12/03/2013,9.09351531
12/04/2013,6.31058606
12/05/2013,4.97791571
12/06/2013,4.19399198
12/07/2013,3.60604918
12/08/2013,3.21016769
12/09/2013,2.90443743
12/10/2013,2.75157231
12/11/2013,2.59870718
12/12/2013,2.40664586
12/13/2013,2.29297692
12/14/2013,2.14795103
12/15/2013,2.04996056
12/16/2013,1.98724667
12/17/2013,1.90885429
12/18/2013,1.83830116
12/19/2013,1.75598916
12/20/2013,1.77166764
12/21/2013,2.28513768
12/22/2013,2.53991290
12/23/2013,2.59870718
12/24/2013,2.72805459
12/25/2013,2.55167175
12/26/2013,2.39488701
12/27/2013,2.25378073
12/28/2013,2.10091561
12/29/2013,1.98724667
12/30/2013,1.89317582
12/31/2013,1.80302459
01/01/2014,1.71287336
01/02/2014,1.64623984
01/03/2014,1.61880251
01/04/2014,1.52865128
01/05/2014,1.46985700
01/06/2014,1.41106272
01/07/2014,1.48945509
01/08/2014,2.74373307
01/09/2014,6.31058606
01/10/2014,8.66235726
01/11/2014,8.77994582
01/12/2014,10.23020473
01/13/2014,11.83724838
01/14/2014,9.32869243
01/15/2014,7.36888310
01/16/2014,6.15380131
01/17/2014,5.29148520
01/18/2014,4.62515003
01/19/2014,4.07640342
01/20/2014,3.59820994
01/21/2014,3.22584616
01/22/2014,2.90835705
01/23/2014,2.66926031
01/24/2014,2.44584205
01/25/2014,2.27729845
01/26/2014,2.13619217
01/27/2014,2.01860361
01/28/2014,2.21458455
01/29/2014,10.42618566
01/30/2014,10.19100854
01/31/2014,7.09450979
02/01/2014,5.52666232
02/02/2014,4.66434622
02/03/2014,4.07640342
02/04/2014,3.61388841
02/05/2014,3.23368540
02/06/2014,3.06906142
02/07/2014,2.98282981
02/08/2014,3.58645108
02/09/2014,7.76084496
02/10/2014,8.66235726
02/11/2014,10.85734371
02/12/2014,67.41744110
02/13/2014,52.91485203
02/14/2014,58.01035630
02/15/2014,44.29169096
02/16/2014,31.35694935
02/17/2014,21.91066836
02/18/2014,24.85038236
02/19/2014,23.79208532
02/20/2014,16.61918316
02/21/2014,13.44429203
02/22/2014,10.89653990
02/23/2014,8.81914200
02/24/2014,7.80004115
02/25/2014,7.87843352
02/26/2014,7.80004115
02/27/2014,8.19200302
02/28/2014,7.56486403
03/01/2014,8.07441446
03/02/2014,14.38500051
03/03/2014,22.30263023
03/04/2014,19.87246665
03/05/2014,18.34381537
03/06/2014,23.63530057
03/07/2014,21.98906073
03/08/2014,16.07043654
03/09/2014,28.80919722
03/10/2014,34.92380234
03/11/2014,21.51870649
03/12/2014,14.54178526
03/13/2014,10.58297041
03/14/2014,8.70155344
03/15/2014,7.09450979
03/16/2014,6.03621275
03/17/2014,6.11460512
03/18/2014,5.33068139
03/19/2014,4.89952334
03/20/2014,4.42916910
03/21/2014,3.99801104
03/22/2014,3.66876307
03/23/2014,3.39047015
03/24/2014,3.15137341
03/25/2014,3.06906142
03/26/2014,3.72363774
03/27/2014,6.66335174
03/28/2014,15.71767086
03/29/2014,24.77198999
03/30/2014,16.65837934
03/31/2014,12.62117211
04/01/2014,9.95583142
04/02/2014,8.03521827
04/03/2014,6.82013648
04/04/2014,6.58495936
04/05/2014,7.48647166
04/06/2014,10.50457803
04/07/2014,9.83824286
04/08/2014,8.81914200
04/09/2014,7.68245259
04/10/2014,6.50656699
04/11/2014,5.52666232
04/12/2014,4.86032715
04/13/2014,4.23318816
04/14/2014,3.79027125
04/15/2014,3.44926443
04/16/2014,3.15921265
04/17/2014,3.36303282
04/18/2014,3.59820994
04/19/2014,3.13961455
04/20/2014,2.91619629
04/21/2014,2.73981345
04/22/2014,3.17881074
04/23/2014,5.05630808
04/24/2014,17.75587257
04/25/2014,14.18901958
04/26/2014,10.19100854
04/27/2014,9.72065430
04/28/2014,9.56386955
04/29/2014,8.54476870
04/30/2014,7.80004115
05/01/2014,6.93772504
05/02/2014,6.03621275
05/03/2014,5.29148520
05/04/2014,5.13470046
05/05/2014,5.84023182
05/06/2014,5.21309283
05/07/2014,4.62515003
05/08/2014,4.89952334
05/09/2014,10.15181235
05/10/2014,14.26741195
05/11/2014,11.99403313
05/12/2014,9.40708481
05/13/2014,7.64325640
05/14/2014,6.34978224
05/15/2014,5.40907376
05/16/2014,4.70354240
05/17/2014,4.15479579
05/18/2014,4.46836528
05/19/2014,4.78193478
05/20/2014,4.07640342
05/21/2014,3.66092384
05/22/2014,3.35127396
05/23/2014,3.12001646
05/24/2014,2.92011591
05/25/2014,2.72805459
05/26/2014,2.58302870
05/27/2014,2.43408319
05/28/2014,2.44192243
05/29/2014,2.36353006
05/30/2014,2.19498645
05/31/2014,2.08523713
06/01/2014,1.98724667
06/02/2014,1.90885429
06/03/2014,1.82262268
06/04/2014,1.74031069
06/05/2014,1.66975755
06/06/2014,1.59528480
06/07/2014,1.54041014
06/08/2014,1.48161586
06/09/2014,1.44241967
06/10/2014,1.39146463
06/11/2014,1.34050958
06/12/2014,1.31699187
06/13/2014,1.54041014
06/14/2014,1.41890196
06/15/2014,1.31699187
06/16/2014,1.40322348
06/17/2014,1.75598916
06/18/2014,1.46593738
06/19/2014,1.33267035
06/20/2014,1.26211721
06/21/2014,1.20332293
06/22/2014,1.17196598
06/23/2014,1.12885018
06/24/2014,1.08181475
06/25/2014,1.13276980
06/26/2014,1.36794692
06/27/2014,1.83046192
06/28/2014,1.79910497
06/29/2014,1.50905319
06/30/2014,1.36794692
07/01/2014,1.26603683
07/02/2014,1.19940331
07/03/2014,1.13276980
07/04/2014,1.08573437
07/05/2014,1.04653818
07/06/2014,1.00342238
07/07/2014,0.96814581
07/08/2014,0.94070848
07/09/2014,0.90935153
07/10/2014,0.87407496
07/11/2014,0.85055725
07/12/2014,0.83487878
07/13/2014,0.81528068
07/14/2014,0.79568259
07/15/2014,0.76824526
07/16/2014,0.74472755
07/17/2014,0.71729022
07/18/2014,0.69769212
07/19/2014,0.68593327
07/20/2014,0.67417441
07/21/2014,0.67025479
07/22/2014,0.67417441
07/23/2014,1.01910085
07/24/2014,0.93286924
07/25/2014,0.74080793
07/26/2014,0.69377250
07/27/2014,0.67025479
07/28/2014,0.65457632
07/29/2014,0.63497822
07/30/2014,0.61538013
07/31/2014,0.59578204
08/01/2014,0.58402318
08/02/2014,0.57226433
08/03/2014,0.56442509
08/04/2014,0.55658585
08/05/2014,0.53698776
08/06/2014,0.52130928
08/07/2014,0.51347005
08/08/2014,0.50171119
08/09/2014,0.49779157
08/10/2014,0.48995233
08/11/2014,0.48995233
08/12/2014,0.49387195
08/13/2014,0.50955043
08/14/2014,0.55658585
08/15/2014,0.52130928
08/16/2014,0.48995233
08/17/2014,0.47427386
08/18/2014,0.46643462
08/19/2014,0.45859538
08/20/2014,0.45075615
08/21/2014,0.45075615
08/22/2014,0.44291691
08/23/2014,0.43507767
08/24/2014,0.42723843
08/25/2014,0.42331882
08/26/2014,0.41547958
08/27/2014,0.40764034
08/28/2014,0.40764034
08/29/2014,0.40372072
08/30/2014,0.42331882
08/31/2014,0.47035424
09/01/2014,0.42723843
09/02/2014,0.41155996
09/03/2014,0.39980110
09/04/2014,0.39588149
09/05/2014,0.38373067
09/06/2014,0.37785124
09/07/2014,0.37471554
09/08/2014,0.37314770
09/09/2014,0.37157985
09/10/2014,0.37157985
09/11/2014,0.36648435
09/12/2014,0.35786118
09/13/2014,0.35511745
09/14/2014,0.34923802
09/15/2014,0.34767018
09/16/2014,0.34453448
09/17/2014,0.34531840
09/18/2014,0.35041391
09/19/2014,0.35668530
09/20/2014,0.35315764
09/21/2014,0.34257467
09/22/2014,0.33395151
09/23/2014,0.33159974
09/24/2014,0.58794280
09/25/2014,0.63889784
09/26/2014,0.47819348
09/27/2014,0.41155996
09/28/2014,0.38725832
09/29/2014,0.37471554
09/30/2014,0.42723843
10/01/2014,0.41547958
10/02/2014,0.37941909
10/03/2014,0.36962004
10/04/2014,0.35786118
10/05/2014,0.34531840
10/06/2014,0.34453448
10/07/2014,0.34453448
10/08/2014,0.34453448
10/09/2014,0.33591132
10/10/2014,0.33159974
10/11/2014,0.34884606
10/12/2014,0.36021296
10/13/2014,0.34453448
10/14/2014,0.38647440
10/15/2014,0.62713899
10/16/2014,0.61929975
10/17/2014,0.46643462
10/18/2014,0.45859538
10/19/2014,0.43507767
10/20/2014,0.53698776
10/21/2014,0.92894962
10/22/2014,1.10141285
10/23/2014,4.19399198
10/24/2014,1.70503412
10/25/2014,1.20724255
10/26/2014,3.13177532
10/27/2014,2.90443743
10/28/2014,2.40664586
10/29/2014,3.35519358
10/30/2014,2.28121807
10/31/2014,6.66335174
11/01/2014,4.23318816
11/02/2014,2.88091972
11/03/2014,2.38704777
11/04/2014,3.85298515
11/05/2014,4.31158054
11/06/2014,3.31599739
11/07/2014,2.77509002
11/08/2014,2.31257501
11/09/2014,2.04604095
11/10/2014,1.85789925
11/11/2014,1.63840060
11/12/2014,1.45809814
11/13/2014,4.62515003
11/14/2014,19.44130860
11/15/2014,9.87743905
11/16/2014,6.19299750
11/17/2014,4.50756147
11/18/2014,3.60604918
11/19/2014,3.08473989
11/20/2014,3.23760502
11/21/2014,7.80004115
11/22/2014,26.10466033
11/23/2014,14.89455094
11/24/2014,10.23020473
11/25/2014,11.09252083
11/26/2014,10.11261617
11/27/2014,9.21110387
11/28/2014,20.89156750
11/29/2014,32.18006927
11/30/2014,15.48249374
12/01/2014,11.09252083
12/02/2014,10.62216659
12/03/2014,8.62316107
12/04/2014,8.03521827
12/05/2014,7.32968691
12/06/2014,7.40807928
12/07/2014,6.31058606
12/08/2014,5.36987758
12/09/2014,4.93871952
12/10/2014,4.93871952
12/11/2014,4.78193478
12/12/2014,4.31158054
12/13/2014,3.83730668
12/14/2014,3.50021947
12/15/2014,3.24936388
12/16/2014,3.04162409
12/17/2014,2.88483934
12/18/2014,2.73981345
12/19/2014,3.26504235
12/20/2014,20.38201708
12/21/2014,75.25667844
12/22/2014,41.54795789
12/23/2014,19.12773910
12/24/2014,14.11062721
12/25/2014,11.32769795
12/26/2014,9.09351531
12/27/2014,7.52566784
12/28/2014,7.36888310
12/29/2014,6.97692123
12/30/2014,5.87942800
12/31/2014,5.05630808
01/01/2015,4.42916910
01/02/2015,4.03720723
01/03/2015,3.65700422
01/04/2015,3.50413909
01/05/2015,3.41790748
01/06/2015,3.51981756
01/07/2015,3.91961867
01/08/2015,4.15479579
01/09/2015,4.03720723
01/10/2015,3.76283392
01/11/2015,3.54725490
01/12/2015,3.36695244
01/13/2015,3.15137341
01/14/2015,2.94363362
01/15/2015,2.82604506
01/16/2015,4.74273859
01/17/2015,10.19100854
01/18/2015,17.71667638
01/19/2015,11.05332465
01/20/2015,7.91762971
01/21/2015,6.23219368
01/22/2015,5.25228902
01/23/2015,4.50756147
01/24/2015,4.07640342
01/25/2015,3.65700422
01/26/2015,3.32775625
01/27/2015,3.04946332
01/28/2015,2.81820582
01/29/2015,2.66534069
01/30/2015,2.50071671
01/31/2015,2.35961044
02/01/2015,2.29689654
02/02/2015,2.95539248
02/03/2015,3.26504235
02/04/2015,3.62172765
02/05/2015,3.35519358
02/06/2015,4.15479579
02/07/2015,10.46538185
02/08/2015,9.83824286
02/09/2015,7.99602208
02/10/2015,10.89653990
02/11/2015,8.58396488
02/12/2015,6.70254792
02/13/2015,5.56585851
02/14/2015,4.70354240
02/15/2015,4.15479579
02/16/2015,3.69620040
02/17/2015,3.33951511
02/18/2015,3.04946332
02/19/2015,2.81820582
02/20/2015,2.66142108
02/21/2015,2.49679709
02/22/2015,2.34001235
02/23/2015,2.20674531
02/24/2015,2.09307637
02/25/2015,1.98332705
02/26/2015,1.96372895
02/27/2015,2.27337883
02/28/2015,2.04212133
03/01/2015,1.88925620
03/02/2015,1.80302459
03/03/2015,1.72463221
03/04/2015,1.64623984
03/05/2015,1.58744556
03/06/2015,1.52473166
03/07/2015,1.46593738
03/08/2015,1.42282158
03/09/2015,1.36402730
03/10/2015,1.32875073
03/11/2015,1.40322348
03/12/2015,1.54041014
03/13/2015,1.36794692
03/14/2015,1.59920442
03/15/2015,3.37479167
03/16/2015,3.18273036
03/17/2015,2.67317993
03/18/2015,2.33609273
03/19/2015,2.10483523
03/20/2015,1.94805048
03/21/2015,2.05388018
03/22/2015,2.05779980
03/23/2015,2.58694832
03/24/2015,4.66434622
03/25/2015,4.74273859
03/26/2015,4.38997291
03/27/2015,3.84514591
03/28/2015,4.03720723
03/29/2015,3.53941566
03/30/2015,3.15137341
03/31/2015,3.23368540
04/01/2015,3.24544426
04/02/2015,3.08865951
04/03/2015,2.96323171
04/04/2015,2.91227667
04/05/2015,2.79076849
04/06/2015,2.76333116
04/07/2015,2.77900964
04/08/2015,2.86524125
04/09/2015,2.81036659
04/10/2015,2.72021536
04/11/2015,3.05730256
04/12/2015,3.18273036
04/13/2015,3.11609684
04/14/2015,3.13569494
04/15/2015,3.05730256
04/16/2015,3.02986523
04/17/2015,2.95539248
04/18/2015,2.79860773
04/19/2015,2.63790336
04/20/2015,2.48111862
04/21/2015,2.31649463
04/22/2015,2.15579027
04/23/2015,2.10483523
04/24/2015,2.15187065
04/25/2015,2.29297692
04/26/2015,2.31649463
04/27/2015,2.14011179
04/28/2015,2.03820171
04/29/2015,1.96372895
04/30/2015,1.85789925
05/01/2015,1.77558726
05/02/2015,1.68543603
05/03/2015,1.61488289
05/04/2015,1.53257090
05/05/2015,1.46593738
05/06/2015,1.42674120
05/07/2015,1.36794692
05/08/2015,1.31307225
05/09/2015,1.25427797
05/10/2015,1.19940331
05/11/2015,1.20332293
05/12/2015,1.40714310
05/13/2015,1.33658997
05/14/2015,1.25819759
05/15/2015,1.23467988
05/16/2015,1.20724255
05/17/2015,1.16804636
05/18/2015,1.23076026
05/19/2015,1.32483111
05/20/2015,1.21900141
05/21/2015,1.26211721
05/22/2015,1.52865128
05/23/2015,1.41106272
05/24/2015,1.33267035
05/25/2015,1.26603683
05/26/2015,1.19548369
05/27/2015,1.14844827
05/28/2015,1.13668941
05/29/2015,1.08181475
05/30/2015,1.05045780
05/31/2015,1.01910085
06/01/2015,0.98774390
06/02/2015,1.02694009
06/03/2015,1.04653818
06/04/2015,0.96814581
06/05/2015,0.93286924
06/06/2015,0.88975344
06/07/2015,0.86231611
06/08/2015,0.83095916
06/09/2015,0.80352183
06/10/2015,0.76824526
06/11/2015,0.76824526
06/12/2015,0.75256678
06/13/2015,0.73296869
06/14/2015,0.71337060
06/15/2015,0.70161174
06/16/2015,0.68201365
06/17/2015,0.67417441
06/18/2015,0.65457632
06/19/2015,0.63889784
06/20/2015,0.63105861
06/21/2015,0.61929975
06/22/2015,0.60362127
06/23/2015,0.59578204
06/24/2015,0.58402318
06/25/2015,0.57226433
06/26/2015,0.56442509
06/27/2015,0.56050547
06/28/2015,0.54482699
06/29/2015,0.53306814
06/30/2015,0.52130928
07/01/2015,0.50955043
07/02/2015,0.49387195
07/03/2015,0.47819348
07/04/2015,0.47035424
07/05/2015,0.46643462
07/06/2015,0.45467577
07/07/2015,0.45075615
07/08/2015,0.44683653
07/09/2015,0.45859538
07/10/2015,0.51347005
07/11/2015,0.47427386
07/12/2015,0.45467577
07/13/2015,0.44291691
07/14/2015,0.43899729
07/15/2015,0.42331882
07/16/2015,0.40764034
07/17/2015,0.40372072
07/18/2015,0.39980110
07/19/2015,0.39117794
07/20/2015,0.38765029
07/21/2015,0.38529852
07/22/2015,0.38137890
07/23/2015,0.37785124
07/24/2015,0.37393162
07/25/2015,0.36021296
07/26/2015,0.36374061
07/27/2015,0.36021296
07/28/2015,0.35041391
07/29/2015,0.33943898
07/30/2015,0.31788107
07/31/2015,0.31121772
08/01/2015,0.30455437
08/02/2015,0.30298652
08/03/2015,0.31670519
08/04/2015,0.31670519
08/05/2015,0.29671513
08/06/2015,0.29240355
08/07/2015,0.29161963
08/08/2015,0.29005178
08/09/2015,0.28965982
08/10/2015,0.28887590
08/11/2015,0.28652412
08/12/2015,0.28103666
08/13/2015,0.27672508
08/14/2015,0.27946881
08/15/2015,0.28221254
08/16/2015,0.27476527
08/17/2015,0.27084565
08/18/2015,0.26575015
08/19/2015,0.26026268
08/20/2015,0.25477521
08/21/2015,0.25595110
08/22/2015,0.25438325
08/23/2015,0.24850382
08/24/2015,0.24615205
08/25/2015,0.24536813
08/26/2015,0.24419224
08/27/2015,0.24184047
08/28/2015,0.24223243
08/29/2015,0.30181064
08/30/2015,0.35472549
08/31/2015,0.39980110
09/01/2015,0.30769007
09/02/2015,0.31827304
09/03/2015,0.43899729
09/04/2015,0.33983094
09/05/2015,0.45859538
09/06/2015,0.35394157
09/07/2015,0.31278557
09/08/2015,0.29593121
09/09/2015,0.28574020
09/10/2015,0.28299647
09/11/2015,0.27319742
09/12/2015,0.27319742
09/13/2015,0.27280546
09/14/2015,0.27006173
09/15/2015,0.26143857
09/16/2015,0.26849388
09/17/2015,0.96030657
09/18/2015,0.88975344
09/19/2015,0.43115805
09/20/2015,0.36138884
09/21/2015,0.33355955
09/22/2015,0.31905696
09/23/2015,0.29945887
09/24/2015,0.29671513
09/25/2015,0.28574020
09/26/2015,0.28574020
09/27/2015,0.28574020
09/28/2015,0.28417235
09/29/2015,0.27319742
09/30/2015,0.27319742
10/01/2015,0.27319742
10/02/2015,0.26927780
10/03/2015,0.27006173
10/04/2015,0.26457426
10/05/2015,0.26143857
10/06/2015,0.26143857
10/07/2015,0.25751895
10/08/2015,0.25320737
10/09/2015,0.25007167
10/10/2015,0.26143857
10/11/2015,0.36609238
10/12/2015,0.30024279
10/13/2015,0.27750900
10/14/2015,0.27319742
10/15/2015,0.26575015
10/16/2015,0.26143857
10/17/2015,0.26614211
10/18/2015,0.28260451
10/19/2015,0.29553925
10/20/2015,0.28613216
10/21/2015,0.28574020
10/22/2015,0.27554919
10/23/2015,0.27319742
10/24/2015,0.26653407
10/25/2015,0.37706732
10/26/2015,0.55658585
10/27/2015,0.36178080
10/28/2015,0.39980110
10/29/2015,0.48995233
10/30/2015,0.59970166
10/31/2015,1.48945509
11/01/2015,3.95881486
11/02/2015,2.39488701
11/03/2015,1.38362539
11/04/2015,1.00734200
11/05/2015,0.79960221
11/06/2015,0.69769212
11/07/2015,0.64281746
11/08/2015,1.71287336
11/09/2015,1.97548781
11/10/2015,1.37578615
11/11/2015,1.26211721
11/12/2015,1.17588560
11/13/2015,1.73639107
11/14/2015,1.88925620
11/15/2015,1.63840060
11/16/2015,1.64623984
11/17/2015,10.70055897
11/18/2015,13.44429203
11/19/2015,18.97095436
11/20/2015,11.32769795
11/21/2015,6.42817462
11/22/2015,4.46836528
11/23/2015,3.50805871
11/24/2015,3.44926443
11/25/2015,2.87700010
11/26/2015,2.47719900
11/27/2015,2.18322760
11/28/2015,1.97548781
11/29/2015,1.80302459
11/30/2015,1.67759679
12/01/2015,1.56392785
12/02/2015,2.81428620
12/03/2015,2.84564315
12/04/2015,3.63740612
12/05/2015,3.54333528
12/06/2015,4.70354240
12/07/2015,31.70971503
12/08/2015,24.41922431
12/09/2015,21.91066836
12/10/2015,19.59809334
12/11/2015,16.30561366
12/12/2015,21.12674462
12/13/2015,25.86948321
12/14/2015,15.44329755
12/15/2015,10.97493227
12/16/2015,8.70155344
12/17/2015,24.10565481
12/18/2015,38.09869346
12/19/2015,21.32272556
12/20/2015,14.46339289
12/21/2015,16.10963273
12/22/2015,17.01114502
12/23/2015,12.66036830
12/24/2015,9.83824286
12/25/2015,7.72164878
12/26/2015,6.34978224
12/27/2015,5.60505470
12/28/2015,5.09550427
12/29/2015,4.58595384
12/30/2015,4.15479579
12/31/2015,3.80203011
01/01/2016,3.57469223
01/02/2016,3.39047015
01/03/2016,3.22976578
01/04/2016,3.09257913
01/05/2016,3.15529303
01/06/2016,3.13961455
01/07/2016,3.13177532
01/08/2016,3.07690065
01/09/2016,3.06122218
01/10/2016,3.02594561
01/11/2016,3.13177532
01/12/2016,4.46836528
01/13/2016,7.29049072
01/14/2016,8.30959158
01/15/2016,7.29049072
01/16/2016,9.99502761
01/17/2016,14.42419670
01/18/2016,15.56088612
01/19/2016,15.99204417
01/20/2016,16.65837934
01/21/2016,13.48348822
01/22/2016,12.62117211
01/23/2016,12.26840643
01/24/2016,11.40609033
01/25/2016,9.83824286
01/26/2016,8.62316107
01/27/2016,8.46637632
01/28/2016,12.42519118
01/29/2016,16.22722129
01/30/2016,14.54178526
01/31/2016,11.36689414
02/01/2016,9.13271150
02/02/2016,7.48647166
02/03/2016,6.62415555
02/04/2016,7.80004115
02/05/2016,7.80004115
02/06/2016,7.91762971
02/07/2016,7.76084496
02/08/2016,8.15280683
02/09/2016,8.70155344
02/10/2016,8.30959158
02/11/2016,7.83923734
02/12/2016,7.83923734
02/13/2016,7.91762971
02/14/2016,13.75786153
02/15/2016,14.54178526
02/16/2016,11.28850177
02/17/2016,9.56386955
02/18/2016,9.75985049
02/19/2016,10.30859710
02/20/2016,8.66235726
02/21/2016,7.52566784
02/22/2016,6.62415555
02/23/2016,5.84023182
02/24/2016,5.29148520
02/25/2016,4.86032715
02/26/2016,4.70354240
02/27/2016,6.50656699
02/28/2016,6.23219368
02/29/2016,5.80103563
03/01/2016,6.34978224
03/02/2016,6.70254792
03/03/2016,7.17290216
03/04/2016,6.46737080
03/05/2016,6.19299750
03/06/2016,7.32968691
03/07/2016,6.34978224
03/08/2016,5.72264326
03/09/2016,6.31058606
03/10/2016,8.42718014
03/11/2016,7.91762971
03/12/2016,7.95682590
03/13/2016,9.95583142
03/14/2016,13.16991873
03/15/2016,12.26840643
03/16/2016,12.15081787
03/17/2016,11.87644457
03/18/2016,10.07341998
03/19/2016,9.17190768
03/20/2016,9.60306574
03/21/2016,9.83824286
03/22/2016,9.60306574
03/23/2016,8.81914200
03/24/2016,10.03422379
03/25/2016,9.25030006
03/26/2016,8.07441446
03/27/2016,8.50557251
03/28/2016,7.83923734
03/29/2016,6.97692123
03/30/2016,6.23219368
03/31/2016,5.76183944
04/01/2016,5.60505470
04/02/2016,5.72264326
04/03/2016,5.60505470
04/04/2016,5.84023182
04/05/2016,5.25228902
04/06/2016,4.78193478
04/07/2016,4.97791571
04/08/2016,5.05630808
04/09/2016,4.86032715
04/10/2016,4.35077672
04/11/2016,3.84514591
04/12/2016,3.58645108
04/13/2016,3.56293337
04/14/2016,4.50756147
04/15/2016,5.29148520
04/16/2016,4.78193478
04/17/2016,4.58595384
04/18/2016,4.46836528
04/19/2016,4.27238435
04/20/2016,4.19399198
04/21/2016,3.99801104
04/22/2016,3.60604918
04/23/2016,3.44142519
04/24/2016,4.89952334
04/25/2016,4.62515003
04/26/2016,4.11559960
04/27/2016,3.72755735
04/28/2016,3.39830939
04/29/2016,3.18273036
04/30/2016,3.00634752
05/01/2016,2.81820582
05/02/2016,2.69277803
05/03/2016,2.57126985
05/04/2016,2.59086794
05/05/2016,2.39096739
05/06/2016,2.24594150
05/07/2016,2.14011179
05/08/2016,2.02252323
05/09/2016,1.94805048
05/10/2016,1.84614039
05/11/2016,1.75598916
05/12/2016,1.68935565
05/13/2016,1.61880251
05/14/2016,1.57568670
05/15/2016,1.61880251
05/16/2016,1.60312404
05/17/2016,1.50905319
05/18/2016,1.43850005
05/19/2016,1.50121395
05/20/2016,1.59528480
05/21/2016,1.74814993
05/22/2016,1.78342649
05/23/2016,2.02644285
05/24/2016,1.83438154
05/25/2016,1.70503412
05/26/2016,1.60312404
05/27/2016,1.51689242
05/28/2016,1.44633929
05/29/2016,1.37970577
05/30/2016,1.32091149
05/31/2016,1.27387607
06/01/2016,1.21508179
06/02/2016,1.18764446
06/03/2016,1.16412674
06/04/2016,1.12885018
06/05/2016,1.07005590
06/06/2016,1.03085971
06/07/2016,0.99950276
06/08/2016,0.96814581
06/09/2016,0.94854772
06/10/2016,1.00734200
06/11/2016,1.04261857
06/12/2016,0.93678886
06/13/2016,0.89759268
06/14/2016,1.14844827
06/15/2016,1.12885018
06/16/2016,1.05437742
06/17/2016,0.99558314
06/18/2016,1.00342238
06/19/2016,0.95638696
06/20/2016,0.90151229
06/21/2016,0.85447687
06/22/2016,0.81920030
06/23/2016,0.79960221
06/24/2016,0.82311992
06/25/2016,0.78784335
06/26/2016,0.76040602
06/27/2016,0.72512945
06/28/2016,0.70553136
06/29/2016,0.68201365
06/30/2016,0.66633517
07/01/2016,0.65457632
07/02/2016,0.63889784
07/03/2016,0.62321937
07/04/2016,0.61146051
07/05/2016,0.59970166
07/06/2016,0.58402318
07/07/2016,0.57618394
07/08/2016,0.70945098
07/09/2016,1.17980522
07/10/2016,1.08573437
07/11/2016,1.17588560
07/12/2016,0.95246734
07/13/2016,0.84271801
07/14/2016,0.78000412
07/15/2016,0.72512945
07/16/2016,0.69769212
07/17/2016,0.67025479
07/18/2016,0.65065670
07/19/2016,0.63889784
07/20/2016,0.61929975
07/21/2016,0.59970166
07/22/2016,0.58010356
07/23/2016,0.56834471
07/24/2016,0.56050547
07/25/2016,0.54482699
07/26/2016,0.52914852
07/27/2016,0.51738966
07/28/2016,0.50563081
07/29/2016,0.48995233
07/30/2016,0.47819348
07/31/2016,0.47035424
08/01/2016,0.45467577
08/02/2016,0.45075615
08/03/2016,0.44291691
08/04/2016,0.43507767
08/05/2016,0.42723843
08/06/2016,0.41939920
08/07/2016,0.41547958
08/08/2016,0.41547958
08/09/2016,0.41939920
08/10/2016,0.41155996
08/11/2016,0.40372072
08/12/2016,0.39588149
08/13/2016,0.39588149
08/14/2016,0.38961010
08/15/2016,0.38373067
08/16/2016,0.37941909
08/17/2016,0.37589143
08/18/2016,0.37197181
08/19/2016,0.36178080
08/20/2016,0.35002195
08/21/2016,0.34767018
08/22/2016,0.34649429
08/23/2016,0.34531840
08/24/2016,0.34100682
08/25/2016,0.33159974
08/26/2016,0.32768012
08/27/2016,0.32454443
08/28/2016,0.32454443
08/29/2016,0.32258462
08/30/2016,0.32297658
08/31/2016,0.32650424
09/01/2016,0.32415246
09/02/2016,0.37745928
09/03/2016,0.37628339
09/04/2016,0.34806214
09/05/2016,0.33434347
09/06/2016,0.34610233
09/07/2016,0.40372072
09/08/2016,0.35982099
09/09/2016,0.33473543
09/10/2016,0.32219265
09/11/2016,0.31944892
09/12/2016,0.31513734
09/13/2016,0.31239361
09/14/2016,0.31121772
09/15/2016,0.31474538
09/16/2016,0.31474538
09/17/2016,0.31356949
09/18/2016,0.43899729
09/19/2016,0.40372072
09/20/2016,0.34845410
09/21/2016,0.56442509
09/22/2016,0.68593327
09/23/2016,0.43115805
09/24/2016,0.41547958
09/25/2016,0.37471554
09/26/2016,0.35041391
09/27/2016,0.32493639
09/28/2016,0.32140873
09/29/2016,0.31396146
09/30/2016,0.31082576
10/01/2016,0.33042385
10/02/2016,0.34845410
10/03/2016,0.34727821
10/04/2016,0.68593327
10/05/2016,1.91669353
10/06/2016,1.65799870
10/07/2016,1.62272213
10/08/2016,1.40322348
10/09/2016,0.89759268
10/10/2016,1.19940331
10/11/2016,1.12101094
10/12/2016,0.85839649
10/13/2016,1.44241967
10/14/2016,6.07540894
10/15/2016,6.62415555
10/16/2016,7.76084496
10/17/2016,9.09351531
10/18/2016,14.18901958
10/19/2016,9.32869243
10/20/2016,9.48547718
10/21/2016,12.73876067
10/22/2016,9.91663523
10/23/2016,7.01611742
10/24/2016,5.36987758
10/25/2016,4.46836528
10/26/2016,4.46836528
10/27/2016,5.84023182
10/28/2016,6.03621275
10/29/2016,5.05630808
10/30/2016,4.35077672
10/31/2016,4.23318816
11/01/2016,3.71187888
11/02/2016,3.28072083
11/03/2016,2.94363362
11/04/2016,2.66142108
11/05/2016,2.44976167
11/06/2016,2.72021536
11/07/2016,2.35177120
11/08/2016,2.16362951
11/09/2016,2.01076438
11/10/2016,1.89317582
11/11/2016,1.78342649
11/12/2016,1.72463221
11/13/2016,1.64232022
11/14/2016,3.03770447
11/15/2016,7.09450979
11/16/2016,7.17290216
11/17/2016,5.99701656
11/18/2016,4.97791571
11/19/2016,4.31158054
11/20/2016,4.19399198
11/21/2016,5.13470046
11/22/2016,5.21309283
11/23/2016,6.42817462
11/24/2016,6.34978224
11/25/2016,6.38897843
11/26/2016,6.23219368
11/27/2016,5.99701656
11/28/2016,8.42718014
11/29/2016,8.50557251
11/30/2016,7.76084496
12/01/2016,6.97692123
12/02/2016,6.03621275
12/03/2016,5.52666232
12/04/2016,6.54576318
12/05/2016,6.62415555
12/06/2016,5.84023182
12/07/2016,4.93871952
12/08/2016,4.82113096
12/09/2016,9.25030006
12/10/2016,13.91464627
12/11/2016,12.66036830
12/12/2016,10.85734371
12/13/2016,8.38798395
12/14/2016,7.29049072
12/15/2016,8.27039539
12/16/2016,7.25129454
12/17/2016,6.03621275
12/18/2016,5.13470046
12/19/2016,4.62515003
12/20/2016,18.42220774
12/21/2016,15.24731662
12/22/2016,10.62216659
12/23/2016,9.09351531
12/24/2016,7.64325640
12/25/2016,6.50656699
12/26/2016,5.60505470
12/27/2016,6.19299750
12/28/2016,6.23219368
12/29/2016,5.48746614
12/30/2016,4.93871952
12/31/2016,4.42916910
01/01/2017,4.19399198
01/02/2017,3.82162820
01/03/2017,3.44926443
01/04/2017,3.19840883
01/05/2017,2.98282981
01/06/2017,2.86524125
01/07/2017,2.86132163
01/08/2017,3.91569905
01/09/2017,6.31058606
01/10/2017,5.84023182
01/11/2017,6.38897843
01/12/2017,5.80103563
01/13/2017,5.01711190
01/14/2017,4.42916910
01/15/2017,4.03720723
01/16/2017,3.72755735
01/17/2017,3.72755735
01/18/2017,7.76084496
01/19/2017,10.42618566
01/20/2017,9.25030006
01/21/2017,8.07441446
01/22/2017,7.80004115
01/23/2017,6.93772504
01/24/2017,5.95782038
01/25/2017,5.21309283
01/26/2017,4.62515003
01/27/2017,4.19399198
01/28/2017,3.86866363
01/29/2017,3.70795926
01/30/2017,3.60604918
01/31/2017,3.79027125
02/01/2017,4.03720723
02/02/2017,3.88434210
02/03/2017,3.89218134
02/04/2017,9.36788862
02/05/2017,19.24532766
02/06/2017,14.81615857
02/07/2017,11.21010939
02/08/2017,13.28750729
02/09/2017,27.39813449
02/10/2017,27.82929255
02/11/2017,18.34381537
02/12/2017,12.62117211
02/13/2017,9.40708481
02/14/2017,7.60406022
02/15/2017,7.64325640
02/16/2017,13.56188059
02/17/2017,15.12972806
02/18/2017,12.07242550
02/19/2017,10.23020473
02/20/2017,9.79904667
02/21/2017,12.46438737
02/22/2017,12.03322931
02/23/2017,9.17190768
02/24/2017,7.36888310
02/25/2017,6.27138987
02/26/2017,5.60505470
02/27/2017,5.01711190
02/28/2017,4.70354240
03/01/2017,4.46836528
03/02/2017,4.23318816
03/03/2017,4.38997291
03/04/2017,5.80103563
03/05/2017,5.40907376
03/06/2017,4.89952334
03/07/2017,5.13470046
03/08/2017,20.18603614
03/09/2017,43.50776722
03/10/2017,35.74692226
03/11/2017,22.73378828
03/12/2017,18.30461918
03/13/2017,15.75686705
03/14/2017,19.44130860
03/15/2017,18.97095436
03/16/2017,22.57700353
03/17/2017,16.50159460
03/18/2017,17.79506876
03/19/2017,18.14783444
03/20/2017,13.67946915
03/21/2017,12.19001406
03/22/2017,11.52367889
03/23/2017,9.99502761
03/24/2017,13.71866534
03/25/2017,15.05133569
03/26/2017,14.42419670
03/27/2017,18.61818868
03/28/2017,14.73776619
03/29/2017,16.57998697
03/30/2017,20.46040945
03/31/2017,14.89455094
04/01/2017,11.60207126
04/02/2017,9.64226193
04/03/2017,7.99602208
04/04/2017,6.89852886
04/05/2017,6.23219368
04/06/2017,6.31058606
04/07/2017,6.38897843
04/08/2017,5.87942800
04/09/2017,5.33068139
04/10/2017,5.01711190
04/11/2017,4.66434622
04/12/2017,4.86032715
04/13/2017,5.09550427
04/14/2017,5.33068139
04/15/2017,5.33068139
04/16/2017,5.21309283
04/17/2017,5.40907376
04/18/2017,8.11361064
04/19/2017,8.66235726
04/20/2017,9.64226193
04/21/2017,8.89753438
04/22/2017,8.11361064
04/23/2017,8.11361064
04/24/2017,12.97393779
04/25/2017,17.32471452
04/26/2017,19.67648572
04/27/2017,18.30461918
04/28/2017,14.46339289
04/29/2017,11.28850177
04/30/2017,9.75985049
05/01/2017,8.42718014
05/02/2017,7.40807928
05/03/2017,7.87843352
05/04/2017,9.83824286
05/05/2017,10.81814753
05/06/2017,8.07441446
05/07/2017,6.42817462
05/08/2017,5.60505470
05/09/2017,5.29148520
05/10/2017,5.33068139
05/11/2017,5.60505470
05/12/2017,5.72264326
05/13/2017,5.64425088
05/14/2017,5.56585851
05/15/2017,5.25228902
05/16/2017,9.99502761
05/17/2017,9.91663523
05/18/2017,8.19200302
05/19/2017,7.21209835
05/20/2017,6.74174411
05/21/2017,6.50656699
05/22/2017,6.58495936
05/23/2017,6.62415555
05/24/2017,5.84023182
05/25/2017,4.93871952
05/26/2017,4.46836528
05/27/2017,4.27238435
05/28/2017,4.19399198
05/29/2017,4.11559960
05/30/2017,3.85298515
05/31/2017,3.39438977
06/01/2017,3.22976578
06/02/2017,2.97891019
06/03/2017,2.78292925
06/04/2017,2.57518947
06/05/2017,2.36353006
06/06/2017,2.24594150
06/07/2017,2.16754912
06/08/2017,2.46544014
06/09/2017,2.30081616
06/10/2017,2.55167175
06/11/2017,2.40664586
06/12/2017,2.17146874
06/13/2017,2.12051370
06/14/2017,1.99508590
06/15/2017,2.18322760
06/16/2017,2.27729845
06/17/2017,2.06171942
06/18/2017,1.91669353
06/19/2017,1.81086382
06/20/2017,1.69327526
06/21/2017,1.59528480
06/22/2017,1.52081204
06/23/2017,1.45025891
06/24/2017,1.38362539
06/25/2017,1.32483111
06/26/2017,1.28955454
06/27/2017,1.25035836
06/28/2017,1.21900141
06/29/2017,1.17980522
06/30/2017,1.14060903
07/01/2017,1.11709132
07/02/2017,1.08573437
07/03/2017,1.05045780
07/04/2017,1.02302047
07/05/2017,0.99166352
07/06/2017,0.96422619
07/07/2017,0.94070848
07/08/2017,0.91719077
07/09/2017,0.89367306
07/10/2017,0.87799458
07/11/2017,0.85447687
07/12/2017,0.83487878
07/13/2017,0.81528068
07/14/2017,0.80744145
07/15/2017,0.78392373
07/16/2017,0.77216488
07/17/2017,0.75256678
07/18/2017,0.74080793
07/19/2017,0.72512945
07/20/2017,0.71729022
07/21/2017,0.70161174
07/22/2017,0.68201365
07/23/2017,0.67809403
07/24/2017,0.66633517
07/25/2017,0.64673708
07/26/2017,0.63105861
07/27/2017,0.61929975
07/28/2017,0.61146051
07/29/2017,0.59970166
07/30/2017,0.58402318
07/31/2017,0.57226433
08/01/2017,0.56050547
08/02/2017,0.54874661
08/03/2017,0.53306814
08/04/2017,0.51738966
08/05/2017,0.51347005
08/06/2017,0.50563081
08/07/2017,0.50563081
08/08/2017,0.49387195
08/09/2017,0.48603271
08/10/2017,0.48603271
08/11/2017,0.48211310
08/12/2017,0.47427386
08/13/2017,0.47427386
08/14/2017,0.47819348
08/15/2017,0.46643462
08/16/2017,0.45859538
08/17/2017,0.44683653
08/18/2017,0.43899729
08/19/2017,0.43507767
08/20/2017,0.43115805
08/21/2017,0.42723843
08/22/2017,0.42331882
08/23/2017,0.42331882
08/24/2017,0.41547958
08/25/2017,0.41155996
08/26/2017,0.40764034
08/27/2017,0.39980110
08/28/2017,0.39196187
08/29/2017,0.38961010
08/30/2017,0.38608244
08/31/2017,0.37824320
09/01/2017,0.37863516
09/02/2017,0.37393162
09/03/2017,0.37001200
09/04/2017,0.36295669
09/05/2017,0.36178080
09/06/2017,0.36256473
09/07/2017,0.42331882
09/08/2017,0.42331882
09/09/2017,0.39588149
09/10/2017,0.38137890
09/11/2017,0.36805219
09/12/2017,0.35864511
09/13/2017,0.35511745
09/14/2017,0.34727821
09/15/2017,0.34727821
09/16/2017,0.34492644
09/17/2017,0.35198176
09/18/2017,0.76040602
09/19/2017,3.36303282
09/20/2017,5.40907376
09/21/2017,3.17489112
09/22/2017,1.67367717
09/23/2017,1.19940331
09/24/2017,0.96422619
09/25/2017,0.83095916
09/26/2017,0.75648640
09/27/2017,0.68593327
09/28/2017,0.63889784
09/29/2017,0.60362127
09/30/2017,0.59186242
10/01/2017,0.63497822
10/02/2017,0.60754089
10/03/2017,0.56050547
10/04/2017,0.54090738
10/05/2017,0.52522890
10/06/2017,0.50563081
10/07/2017,0.50955043
10/08/2017,0.54482699
10/09/2017,0.51738966
10/10/2017,0.49779157
10/11/2017,0.60754089
10/12/2017,1.87357772
10/13/2017,4.42916910
10/14/2017,2.77509002
10/15/2017,1.95197010
10/16/2017,1.68151641
10/17/2017,1.51297281
10/18/2017,1.31307225
10/19/2017,1.61880251
10/20/2017,4.74273859
10/21/2017,16.85436028
10/22/2017,37.04039642
10/23/2017,15.32570899
10/24/2017,8.34878776
10/25/2017,5.80103563
10/26/2017,4.42916910
10/27/2017,3.54725490
10/28/2017,2.99066904
10/29/2017,2.58694832
10/30/2017,2.26945921
10/31/2017,2.03820171
11/01/2017,1.86965811
11/02/2017,2.24986112
11/03/2017,3.20624807
11/04/2017,2.51639519
11/05/2017,2.89267858
11/06/2017,3.25328350
11/07/2017,2.99458866
11/08/2017,2.83388430
11/09/2017,4.42916910
11/10/2017,6.97692123
11/11/2017,7.72164878
11/12/2017,6.31058606
11/13/2017,7.95682590
11/14/2017,7.95682590
11/15/2017,7.13370598
11/16/2017,8.27039539
11/17/2017,8.30959158
11/18/2017,7.09450979
11/19/2017,5.95782038
11/20/2017,19.67648572
11/21/2017,22.85137684
11/22/2017,16.18802510
11/23/2017,29.51472858
11/24/2017,23.87047769
11/25/2017,14.42419670
11/26/2017,11.09252083
11/27/2017,9.40708481
11/28/2017,7.91762971
11/29/2017,6.97692123
11/30/2017,6.11460512
12/01/2017,5.44826995
12/02/2017,4.93871952
12/03/2017,4.70354240
12/04/2017,4.27238435
12/05/2017,3.91177943
12/06/2017,3.59429032
12/07/2017,3.30815816
12/08/2017,3.08865951
12/09/2017,2.89659820
12/10/2017,2.71237612
12/11/2017,2.55559137
12/12/2017,2.40664586
12/13/2017,2.27729845
12/14/2017,2.15579027
12/15/2017,2.08131751
12/16/2017,2.01076438
12/17/2017,1.90885429
12/18/2017,1.84614039
12/19/2017,2.09699599
12/20/2017,2.29689654
12/21/2017,2.09699599
12/22/2017,1.99116628
12/23/2017,2.06955866
12/24/2017,2.15187065
12/25/2017,2.84564315
12/26/2017,2.76333116
12/27/2017,2.72021536
12/28/2017,2.96323171
12/29/2017,7.76084496
12/30/2017,12.54277974
12/31/2017,8.27039539
01/01/2018,6.23219368
01/02/2018,5.21309283
01/03/2018,4.62515003
01/04/2018,4.15479579
01/05/2018,3.82554782
01/06/2018,3.48454100
01/07/2018,3.16705188
01/08/2018,2.94363362
01/09/2018,3.30031892
01/10/2018,3.30031892
01/11/2018,9.56386955
01/12/2018,15.32570899
01/13/2018,9.75985049
01/14/2018,7.29049072
01/15/2018,5.91862419
01/16/2018,5.17389664
01/17/2018,4.46836528
01/18/2018,6.07540894
01/19/2018,6.15380131
01/20/2018,5.68344707
01/21/2018,5.76183944
01/22/2018,6.42817462
01/23/2018,6.85933267
01/24/2018,12.77795686
01/25/2018,12.97393779
01/26/2018,10.11261617
01/27/2018,15.16892425
01/28/2018,21.67549124
01/29/2018,16.22722129
01/30/2018,15.20812043
01/31/2018,11.75885601
02/01/2018,9.28949624
02/02/2018,9.09351531
02/03/2018,8.93673056
02/04/2018,8.15280683
02/05/2018,7.29049072
02/06/2018,6.19299750
02/07/2018,5.36987758
02/08/2018,4.86032715
02/09/2018,4.46836528
02/10/2018,3.99801104
02/11/2018,3.63348651
02/12/2018,3.30815816
02/13/2018,3.05730256
02/14/2018,2.98282981
02/15/2018,2.77900964
02/16/2018,2.71237612
02/17/2018,3.99801104
02/18/2018,5.64425088
02/19/2018,4.66434622
02/20/2018,4.03720723
02/21/2018,3.66876307
02/22/2018,3.38655053
02/23/2018,3.08473989
02/24/2018,3.07298104
02/25/2018,3.50805871
02/26/2018,3.64132574
02/27/2018,3.17097150
02/28/2018,3.01810637
03/01/2018,3.53157642
03/02/2018,3.58253146
03/03/2018,3.19840883
03/04/2018,2.88875896
03/05/2018,2.69669764
03/06/2018,2.64574260
03/07/2018,2.82604506
03/08/2018,4.38997291
03/09/2018,10.62216659
03/10/2018,8.77994582
03/11/2018,7.48647166
03/12/2018,7.68245259
03/13/2018,9.91663523
03/14/2018,11.05332465
03/15/2018,9.40708481
03/16/2018,7.91762971
03/17/2018,6.82013648
03/18/2018,6.07540894
03/19/2018,5.40907376
03/20/2018,4.89952334
03/21/2018,4.82113096
03/22/2018,5.99701656
03/23/2018,5.84023182
03/24/2018,5.36987758
03/25/2018,5.01711190
03/26/2018,4.66434622
03/27/2018,4.42916910
03/28/2018,4.58595384
03/29/2018,4.74273859
03/30/2018,4.89952334
03/31/2018,5.17389664
04/01/2018,5.33068139
04/02/2018,5.80103563
04/03/2018,5.17389664
04/04/2018,4.74273859
04/05/2018,5.72264326
04/06/2018,9.25030006
04/07/2018,13.16991873
04/08/2018,20.10764377
04/09/2018,15.71767086
04/10/2018,12.69956449
04/11/2018,11.32769795
04/12/2018,10.11261617
04/13/2018,9.99502761
04/14/2018,10.15181235
04/15/2018,10.34779329
04/16/2018,10.54377422
04/17/2018,10.23020473
04/18/2018,9.44628099
04/19/2018,8.30959158
04/20/2018,7.36888310
04/21/2018,6.89852886
04/22/2018,6.31058606
04/23/2018,5.84023182
04/24/2018,5.64425088
04/25/2018,5.99701656
04/26/2018,6.89852886
04/27/2018,7.05531360
04/28/2018,5.95782038
04/29/2018,5.48746614
04/30/2018,5.29148520
05/01/2018,4.66434622
05/02/2018,4.23318816
05/03/2018,4.15479579
05/04/2018,4.15479579
05/05/2018,3.99801104
05/06/2018,3.91961867
05/07/2018,3.69620040
05/08/2018,3.60604918
05/09/2018,3.50413909
05/10/2018,3.26112273
05/11/2018,2.98282981
05/12/2018,2.71629574
05/13/2018,2.56735023
05/14/2018,2.42624396
05/15/2018,2.30081616
05/16/2018,2.19890607
05/17/2018,2.05388018
05/18/2018,1.90885429
05/19/2018,1.78734611
05/20/2018,1.68935565
05/21/2018,1.61096327
05/22/2018,1.53649052
05/23/2018,1.47377662
05/24/2018,1.40322348
05/25/2018,1.37970577
05/26/2018,1.33658997
05/27/2018,1.28171530
05/28/2018,1.23076026
05/29/2018,1.19548369
05/30/2018,1.16412674
05/31/2018,1.14060903
06/01/2018,1.11317170
06/02/2018,1.06613628
06/03/2018,1.03085971
06/04/2018,0.99950276
06/05/2018,0.97206543
06/06/2018,0.94462810
06/07/2018,0.92111039
06/08/2018,0.92111039
06/09/2018,1.43066081
06/10/2018,1.56784747
06/11/2018,1.35226844
06/12/2018,1.14452865
06/13/2018,1.03869895
06/14/2018,0.97598505
06/15/2018,0.92894962
06/16/2018,0.91327115
06/17/2018,0.90935153
06/18/2018,0.88191420
06/19/2018,0.84271801
06/20/2018,0.97598505
06/21/2018,1.10533246
06/22/2018,0.94854772
06/23/2018,0.90543191
06/24/2018,0.87407496
06/25/2018,0.84271801
06/26/2018,0.82703954
06/27/2018,0.80744145
06/28/2018,0.78784335
06/29/2018,0.77608450
06/30/2018,0.76040602
07/01/2018,0.74080793
07/02/2018,0.72904907
07/03/2018,0.70161174
07/04/2018,0.67417441
07/05/2018,0.66241556
07/06/2018,0.64673708
07/07/2018,0.63105861
07/08/2018,0.62321937
07/09/2018,0.60754089
07/10/2018,0.59578204
07/11/2018,0.58794280
07/12/2018,0.57226433
07/13/2018,0.55658585
07/14/2018,0.54482699
07/15/2018,0.53306814
07/16/2018,0.52130928
07/17/2018,0.50955043
07/18/2018,0.50171119
07/19/2018,0.49779157
07/20/2018,0.49387195
07/21/2018,0.48211310
07/22/2018,0.47427386
07/23/2018,0.46251500
07/24/2018,0.45859538
07/25/2018,0.44683653
07/26/2018,0.44291691
07/27/2018,0.43115805
07/28/2018,0.42723843
07/29/2018,0.41939920
07/30/2018,0.41547958
07/31/2018,0.41547958
08/01/2018,0.40372072
08/02/2018,0.39980110
08/03/2018,0.39588149
08/04/2018,0.39980110
08/05/2018,0.39196187
08/06/2018,0.38608244
08/07/2018,0.38373067
08/08/2018,0.37981105
08/09/2018,0.37157985
08/10/2018,0.36256473
08/11/2018,0.35629334
08/12/2018,0.35668530
08/13/2018,0.35276568
08/14/2018,0.33904701
08/15/2018,0.33708721
08/16/2018,0.33591132
08/17/2018,0.33120778
08/18/2018,0.32140873
08/19/2018,0.31748911
08/20/2018,0.31866500
08/21/2018,0.30964987
08/22/2018,0.30220260
08/23/2018,0.30141868
08/24/2018,0.30181064
08/25/2018,0.30455437
08/26/2018,0.30808203
08/27/2018,0.30729810
08/28/2018,0.30651418
08/29/2018,0.30573026
08/30/2018,0.30533829
08/31/2018,0.30494633
09/01/2018,0.30455437
09/02/2018,0.30377045
09/03/2018,0.30337848
09/04/2018,0.30298652
09/05/2018,0.30259456
09/06/2018,0.30220260
09/07/2018,0.30141868
09/08/2018,0.30102671
09/09/2018,0.30063475
09/10/2018,0.29985083
09/11/2018,0.29945887
09/12/2018,0.29906690
09/13/2018,0.29828298
09/14/2018,0.29789102
09/15/2018,0.29710710
09/16/2018,0.29671513
09/17/2018,0.29632317
09/18/2018,0.29553925
09/19/2018,0.29514729
09/20/2018,0.29436336
09/21/2018,0.29397140
09/22/2018,0.29318748
09/23/2018,0.29240355
09/24/2018,0.29201159
09/25/2018,0.29161963
09/26/2018,0.29083571
09/27/2018,0.29044374
09/28/2018,0.28965982
09/29/2018,0.28965982
09/30/2018,0.31709715
10/01/2018,0.31160968
10/02/2018,0.30925791
10/03/2018,0.30769007
10/04/2018,0.30416241
10/05/2018,0.36883612
10/06/2018,1.04261857
10/07/2018,0.52522890
10/08/2018,0.47035424
10/09/2018,0.52914852
10/10/2018,0.43899729
10/11/2018,0.38804225
10/12/2018,0.36922808
10/13/2018,0.35668530
10/14/2018,0.34492644
10/15/2018,0.34492644
10/16/2018,0.33787113
10/17/2018,0.33591132
10/18/2018,0.33551936
10/19/2018,0.33199170
10/20/2018,0.33199170
10/21/2018,0.32532835
10/22/2018,0.32611227
10/23/2018,0.32846404
10/24/2018,0.33826309
10/25/2018,0.34492644
10/26/2018,0.43115805
10/27/2018,0.48211310
10/28/2018,0.92503001
10/29/2018,1.91277391
10/30/2018,1.04653818
10/31/2018,1.11317170
11/01/2018,1.56000823
11/02/2018,1.29739378
11/03/2018,1.01518124
11/04/2018,1.28563492
11/05/2018,1.09357361
11/06/2018,0.84663763
11/07/2018,0.68593327
11/08/2018,0.58010356
11/09/2018,0.52130928
11/10/2018,0.48995233
11/11/2018,0.46251500
11/12/2018,0.42331882
11/13/2018,0.40372072
11/14/2018,0.38765029
11/15/2018,0.37432358
11/16/2018,0.37236377
11/17/2018,0.35942903
11/18/2018,0.34492644
11/19/2018,0.33747917
11/20/2018,0.33199170
11/21/2018,0.34531840
11/22/2018,0.61929975
11/23/2018,2.00292514
11/24/2018,2.02644285
11/25/2018,1.19940331
11/26/2018,0.94462810
11/27/2018,3.63348651
11/28/2018,5.64425088
11/29/2018,3.24936388
11/30/2018,2.64966222
12/01/2018,2.59086794
12/02/2018,2.15579027
12/03/2018,1.72463221
12/04/2018,1.43850005
12/05/2018,1.23859950
12/06/2018,1.08573437
12/07/2018,0.98382429
12/08/2018,0.93286924
12/09/2018,0.93678886
12/10/2018,1.56784747
12/11/2018,2.55951099
12/12/2018,6.03621275
12/13/2018,3.66092384
12/14/2018,2.79468811
12/15/2018,2.42624396
12/16/2018,2.37920853
12/17/2018,2.67317993
12/18/2018,17.08953740
12/19/2018,13.67946915
12/20/2018,9.36788862
12/21/2018,7.64325640
12/22/2018,5.72264326
12/23/2018,9.21110387
12/24/2018,16.57998697
12/25/2018,11.13171702
12/26/2018,7.80004115
12/27/2018,6.34978224
12/28/2018,5.21309283
12/29/2018,4.70354240
12/30/2018,8.97592675
12/31/2018,6.85933267
01/01/2019,5.52666232
01/02/2019,4.62515003
01/03/2019,3.95881486
01/04/2019,3.46886252
01/05/2019,3.12393608
01/06/2019,3.11217722
01/07/2019,2.82996468
01/08/2019,3.22192655
01/09/2019,3.60604918
01/10/2019,4.03720723
01/11/2019,3.70012002
01/12/2019,3.34343472
01/13/2019,3.00634752
01/14/2019,2.73589383
01/15/2019,2.51639519
01/16/2019,2.35177120
01/17/2019,2.32433387
01/18/2019,3.59429032
01/19/2019,24.14485100
01/20/2019,17.59908782
01/21/2019,11.60207126
01/22/2019,8.19200302
01/23/2019,11.17091321
01/24/2019,9.83824286
01/25/2019,7.52566784
01/26/2019,6.03621275
01/27/2019,5.13470046
01/28/2019,4.46836528
01/29/2019,3.88042248
01/30/2019,3.40614862
01/31/2019,3.04162409
02/01/2019,2.83388430
02/02/2019,2.71237612
02/03/2019,3.52373718
02/04/2019,3.02202599
02/05/2019,2.68101917
02/06/2019,2.42232434
02/07/2019,2.24202188
02/08/2019,2.14795103
02/09/2019,2.16754912
02/10/2019,1.96372895
02/11/2019,2.08523713
02/12/2019,2.18714722
02/13/2019,2.62222489
02/14/2019,4.03720723
02/15/2019,4.70354240
02/16/2019,4.03720723
02/17/2019,3.52373718
02/18/2019,3.04162409
02/19/2019,2.74765269
02/20/2019,2.63006413
02/21/2019,2.40664586
02/22/2019,2.23810226
02/23/2019,2.25770035
02/24/2019,2.75941154
02/25/2019,2.72021536
02/26/2019,2.34393196
02/27/2019,2.14795103
02/28/2019,1.95197010
03/01/2019,1.89709544
03/02/2019,1.95980933
03/03/2019,2.00684476
03/04/2019,1.91669353
03/05/2019,1.84614039
03/06/2019,1.97156819
03/07/2019,2.12051370
03/08/2019,2.03036247
03/09/2019,1.95197010
03/10/2019,1.84222077
03/11/2019,1.77950688
03/12/2019,2.12835294
03/13/2019,2.44976167
03/14/2019,2.46152052
03/15/2019,2.42624396
03/16/2019,2.72021536
03/17/2019,3.41398786
03/18/2019,4.42916910
03/19/2019,5.56585851
03/20/2019,7.09450979
03/21/2019,7.56486403
03/22/2019,7.48647166
03/23/2019,9.36788862
03/24/2019,8.54476870
03/25/2019,7.40807928
03/26/2019,7.17290216
03/27/2019,6.89852886
03/28/2019,7.01611742
03/29/2019,6.82013648
03/30/2019,6.27138987
03/31/2019,5.99701656
04/01/2019,6.70254792
04/02/2019,9.17190768
04/03/2019,13.36589966
04/04/2019,14.26741195
04/05/2019,16.30561366
04/06/2019,15.12972806
04/07/2019,50.95504269
04/08/2019,74.47275471
04/09/2019,46.25150029
04/10/2019,25.83028703
04/11/2019,24.53681287
04/12/2019,21.04835225
04/13/2019,16.38400604
04/14/2019,13.56188059
04/15/2019,10.89653990
04/16/2019,9.52467337
04/17/2019,8.38798395
04/18/2019,8.11361064
04/19/2019,9.09351531
04/20/2019,9.48547718
04/21/2019,8.11361064
04/22/2019,6.85933267
04/23/2019,6.50656699
04/24/2019,6.42817462
04/25/2019,5.99701656
04/26/2019,5.44826995
04/27/2019,4.86032715
04/28/2019,4.31158054
04/29/2019,3.89218134
04/30/2019,3.55509413
05/01/2019,3.30031892
05/02/2019,3.07690065
05/03/2019,2.93187476
05/04/2019,2.87700010
05/05/2019,2.90051781
05/06/2019,2.89659820
05/07/2019,2.90835705
05/08/2019,2.80644697
05/09/2019,2.75549192
05/10/2019,2.62614451
05/11/2019,2.50071671
05/12/2019,2.39880663
05/13/2019,2.26945921
05/14/2019,2.17538836
05/15/2019,2.07347828
05/16/2019,1.99508590
05/17/2019,1.97548781
05/18/2019,1.88925620
05/19/2019,1.88925620
05/20/2019,1.83830116
05/21/2019,1.83438154
05/22/2019,1.86573849
05/23/2019,1.77558726
05/24/2019,1.66975755
05/25/2019,1.68935565
05/26/2019,1.79518535
05/27/2019,1.74423031
05/28/2019,1.64232022
05/29/2019,1.54432976
05/30/2019,1.47769624
05/31/2019,1.42282158
06/01/2019,1.36010768
06/02/2019,1.30131340
06/03/2019,1.25035836
06/04/2019,1.19548369
06/05/2019,1.16020713
06/06/2019,1.13668941
06/07/2019,1.20724255
06/08/2019,1.19156408
06/09/2019,1.09749323
06/10/2019,1.04261857
06/11/2019,1.00342238
06/12/2019,0.95638696
06/13/2019,0.92503001
06/14/2019,0.89367306
06/15/2019,0.87407496
06/16/2019,0.85447687
06/17/2019,0.83095916
06/18/2019,0.81136106
06/19/2019,0.80352183
06/20/2019,0.79176297
06/21/2019,0.78784335
06/22/2019,0.77608450
06/23/2019,0.75648640
06/24/2019,0.74472755
06/25/2019,0.73296869
06/26/2019,0.73688831
06/27/2019,0.83095916
06/28/2019,0.79176297
06/29/2019,0.73688831
06/30/2019,0.71729022
07/01/2019,0.70553136
07/02/2019,0.70553136
07/03/2019,0.69377250
07/04/2019,0.67417441
07/05/2019,0.65457632
07/06/2019,0.64673708
07/07/2019,0.63497822
07/08/2019,0.63105861
07/09/2019,0.62321937
07/10/2019,0.61929975
07/11/2019,0.60754089
07/12/2019,0.59578204
07/13/2019,0.59186242
07/14/2019,0.58010356
07/15/2019,0.57226433
07/16/2019,0.57226433
07/17/2019,0.56050547
07/18/2019,0.57618394
07/19/2019,0.56050547
07/20/2019,0.54874661
07/21/2019,0.54482699
07/22/2019,0.52522890
07/23/2019,0.50563081
07/24/2019,0.49387195
07/25/2019,0.47819348
07/26/2019,0.46251500
07/27/2019,0.45075615
07/28/2019,0.43115805
07/29/2019,0.41547958
07/30/2019,0.39980110
07/31/2019,0.38882617
08/01/2019,0.38059497
08/02/2019,0.37314770
08/03/2019,0.36413257
08/04/2019,0.36178080
08/05/2019,0.35786118
08/06/2019,0.35276568
08/07/2019,0.35237372
08/08/2019,0.35472549
08/09/2019,0.36217276
08/10/2019,0.41547958
08/11/2019,0.40372072
08/12/2019,0.36374061
08/13/2019,0.33983094
08/14/2019,0.32611227
08/15/2019,0.32062481
08/16/2019,0.32336854
08/17/2019,0.32611227
08/18/2019,0.33003189
08/19/2019,0.32219265
08/20/2019,0.32101677
08/21/2019,0.37314770
08/22/2019,0.42331882
08/23/2019,0.37549947
08/24/2019,0.34492644
08/25/2019,0.33003189
08/26/2019,0.32101677
08/27/2019,0.31082576
08/28/2019,0.30024279
08/29/2019,0.30337848
08/30/2019,0.30455437
08/31/2019,0.30769007
09/01/2019,0.29749906
09/02/2019,0.29593121
09/03/2019,0.28613216
09/04/2019,0.28103666
09/05/2019,0.29318748
09/06/2019,0.30102671
09/07/2019,0.29279551
09/08/2019,0.38608244
09/09/2019,0.74080793
09/10/2019,0.57618394
09/11/2019,0.48211310
09/12/2019,0.39588149
09/13/2019,0.36374061
09/14/2019,0.35433353
09/15/2019,0.45075615
09/16/2019,0.76432564
09/17/2019,0.77608450
09/18/2019,1.06221666
09/19/2019,0.72512945
09/20/2019,0.55266623
09/21/2019,0.47819348
09/22/2019,0.45467577
09/23/2019,0.48211310
09/24/2019,0.43115805
09/25/2019,0.41155996
09/26/2019,0.39588149
09/27/2019,0.39980110
09/28/2019,0.54874661
09/29/2019,0.55266623
09/30/2019,0.47427386
10/01/2019,0.43507767
10/02/2019,0.40372072
10/03/2019,0.45467577
10/04/2019,0.59186242
10/05/2019,0.56442509
10/06/2019,0.49779157
10/07/2019,0.45859538
10/08/2019,0.55266623
10/09/2019,0.64281746
10/10/2019,0.55658585
10/11/2019,0.50955043
10/12/2019,0.47427386
10/13/2019,0.45859538
10/14/2019,0.45075615
10/15/2019,0.43899729
10/16/2019,0.47427386
10/17/2019,0.85055725
10/18/2019,1.27387607
10/19/2019,1.99116628
10/20/2019,1.56392785
10/21/2019,1.26603683
10/22/2019,1.16804636
10/23/2019,1.07789513
10/24/2019,0.93286924
10/25/2019,0.85055725
10/26/2019,0.78000412
10/27/2019,0.73688831
10/28/2019,0.70161174
10/29/2019,0.67025479
10/30/2019,0.64673708
10/31/2019,0.62713899
11/01/2019,0.60362127
11/02/2019,0.58010356
11/03/2019,0.56050547
11/04/2019,0.54090738
11/05/2019,0.52130928
11/06/2019,0.51347005
11/07/2019,0.49387195
11/08/2019,0.48211310
11/09/2019,0.47819348
11/10/2019,0.46643462
11/11/2019,0.46251500
11/12/2019,0.46251500
11/13/2019,0.45075615
11/14/2019,0.44683653
11/15/2019,0.49387195
11/16/2019,0.48211310
11/17/2019,0.45075615
11/18/2019,0.47035424
11/19/2019,0.81136106
11/20/2019,0.80744145
11/21/2019,0.69377250
11/22/2019,0.65065670
11/23/2019,0.62321937
11/24/2019,0.60754089
11/25/2019,0.66633517
11/26/2019,0.71337060
11/27/2019,0.67809403
11/28/2019,0.63889784
11/29/2019,0.61538013
11/30/2019,0.60362127
12/01/2019,0.60362127
12/02/2019,0.60362127
12/03/2019,0.60362127
12/04/2019,0.60362127
12/05/2019,0.60754089
12/06/2019,0.60754089
12/07/2019,0.70553136
12/08/2019,0.79176297
12/09/2019,0.74472755
12/10/2019,0.70553136
12/11/2019,0.76040602
12/12/2019,1.85789925
12/13/2019,2.66142108
12/14/2019,2.03820171
12/15/2019,1.55608861
12/16/2019,1.29739378
12/17/2019,1.15236789
12/18/2019,1.07397552
12/19/2019,2.44976167
12/20/2019,3.42574672
12/21/2019,2.48895785
12/22/2019,2.18322760
12/23/2019,1.86573849
12/24/2019,1.63840060
12/25/2019,1.47377662
12/26/2019,1.32483111
12/27/2019,1.22292102
12/28/2019,1.12885018
12/29/2019,1.08965399
12/30/2019,1.05437742
12/31/2019,1.07005590
01/01/2020,3.57077261
01/02/2020,3.19840883
01/03/2020,2.57126985
01/04/2020,2.36353006
01/05/2020,2.23418264
01/06/2020,3.08473989
01/07/2020,4.62515003
01/08/2020,6.03621275
01/09/2020,4.42916910
01/10/2020,3.91177943
01/11/2020,7.52566784
01/12/2020,5.95782038
01/13/2020,4.31158054
01/14/2020,2.79860773
01/15/2020,2.08915675
01/16/2020,1.77166764
01/17/2020,1.47377662
01/18/2020,1.51297281
01/19/2020,2.73981345
01/20/2020,3.75499468
01/21/2020,4.35077672
01/22/2020,6.66335174
01/23/2020,12.77795686
01/24/2020,16.81516409
01/25/2020,16.14882892
01/26/2020,20.93076369
01/27/2020,21.16594081
01/28/2020,27.86848873
01/29/2020,26.18305271
01/30/2020,21.32272556
01/31/2020,16.85436028
02/01/2020,16.81516409
02/02/2020,16.61918316
02/03/2020,12.54277974
02/04/2020,9.72065430
02/05/2020,9.17190768
02/06/2020,13.01313398
02/07/2020,15.44329755
02/08/2020,15.67847468
02/09/2020,13.09152635
02/10/2020,10.46538185
02/11/2020,8.70155344
02/12/2020,7.44727547
02/13/2020,6.54576318
02/14/2020,5.91862419
02/15/2020,5.72264326
02/16/2020,6.93772504
02/17/2020,6.70254792
02/18/2020,5.95782038
02/19/2020,5.29148520
02/20/2020,4.78193478
02/21/2020,4.42916910
02/22/2020,4.15479579
02/23/2020,4.42916910
02/24/2020,4.46836528
02/25/2020,4.23318816
02/26/2020,4.07640342
02/27/2020,3.99801104
02/28/2020,4.07640342
02/29/2020,4.31158054
03/01/2020,4.15479579
03/02/2020,3.95881486
03/03/2020,3.86866363
03/04/2020,3.81770858
03/05/2020,3.79811049
03/06/2020,3.82554782
03/07/2020,3.87258324
03/08/2020,3.70403964
03/09/2020,3.53549604
03/10/2020,3.37087206
03/11/2020,3.24936388
03/12/2020,3.13569494
03/13/2020,3.12001646
03/14/2020,3.12393608
03/15/2020,2.96715133
03/16/2020,2.84956277
03/17/2020,2.78684887
03/18/2020,2.73589383
03/19/2020,2.64574260
03/20/2020,2.59086794
03/21/2020,2.60654641
03/22/2020,2.59870718
03/23/2020,2.68493879
03/24/2020,2.73589383
03/25/2020,2.77117040
03/26/2020,2.68885841
03/27/2020,2.59478756
03/28/2020,2.74373307
03/29/2020,4.50756147
03/30/2020,9.91663523
03/31/2020,13.52268441
04/01/2020,10.03422379
04/02/2020,7.64325640
04/03/2020,6.31058606
04/04/2020,5.52666232
04/05/2020,5.36987758
04/06/2020,5.40907376
04/07/2020,5.29148520
04/08/2020,5.40907376
04/09/2020,5.87942800
04/10/2020,6.66335174
04/11/2020,6.97692123
04/12/2020,6.31058606
04/13/2020,5.48746614
04/14/2020,4.86032715
04/15/2020,4.54675766
04/16/2020,4.35077672
04/17/2020,4.19399198
04/18/2020,4.07640342
04/19/2020,3.99801104
04/20/2020,3.99801104
04/21/2020,4.07640342
04/22/2020,5.09550427
04/23/2020,7.64325640
04/24/2020,6.58495936
04/25/2020,6.74174411
04/26/2020,6.54576318
04/27/2020,6.54576318
04/28/2020,7.05531360
04/29/2020,6.66335174
04/30/2020,6.27138987
05/01/2020,5.13470046
05/02/2020,4.86032715
05/03/2020,5.44826995
05/04/2020,4.78193478
05/05/2020,4.42916910
05/06/2020,4.31158054
05/07/2020,3.86474401
05/08/2020,3.70012002
05/09/2020,3.77067316
05/10/2020,3.82946744
05/11/2020,3.70795926
05/12/2020,3.59037070
05/13/2020,3.88042248
05/14/2020,4.31158054
05/15/2020,4.42916910
05/16/2020,3.91961867
05/17/2020,3.70795926
05/18/2020,4.35077672
05/19/2020,4.89952334
05/20/2020,4.93871952
05/21/2020,5.21309283
05/22/2020,5.76183944
05/23/2020,5.21309283
05/24/2020,4.58595384
05/25/2020,4.11559960
05/26/2020,3.72363774
05/27/2020,3.41790748
05/28/2020,3.13177532
05/29/2020,2.90443743
05/30/2020,2.81820582
05/31/2020,2.63006413
06/01/2020,2.43016357
06/02/2020,2.26945921
06/03/2020,2.14403141
06/04/2020,2.04604095
06/05/2020,1.97156819
06/06/2020,1.96372895
06/07/2020,2.03820171
06/08/2020,2.02644285
06/09/2020,1.97940743
06/10/2020,1.95588972
06/11/2020,1.85789925
06/12/2020,1.87749734
06/13/2020,1.94021124
06/14/2020,2.34001235
06/15/2020,3.07690065
06/16/2020,4.70354240
06/17/2020,4.42916910
06/18/2020,3.70012002
06/19/2020,3.16705188
06/20/2020,2.80252735
06/21/2020,2.60654641
06/22/2020,2.36353006
06/23/2020,2.18322760
06/24/2020,2.03428209
06/25/2020,1.91669353
06/26/2020,1.80694421
06/27/2020,1.71679298
06/28/2020,1.69327526
06/29/2020,1.66191832
06/30/2020,1.56784747
07/01/2020,1.49729433
07/02/2020,1.43850005
07/03/2020,1.37186653
07/04/2020,1.31307225
07/05/2020,1.27779569
07/06/2020,1.24251912
07/07/2020,1.21116217
07/08/2020,1.17196598
07/09/2020,1.13668941
07/10/2020,1.10533246
07/11/2020,1.07005590
07/12/2020,1.04261857
07/13/2020,1.01126162
07/14/2020,0.97990467
07/15/2020,0.95246734
07/16/2020,0.92111039
07/17/2020,0.89759268
07/18/2020,0.87015534
07/19/2020,0.85447687
07/20/2020,0.83095916
07/21/2020,0.80744145
07/22/2020,0.78784335
07/23/2020,0.76824526
07/24/2020,0.74864717
07/25/2020,0.73688831
07/26/2020,0.71729022
07/27/2020,0.70161174
07/28/2020,0.68201365
07/29/2020,0.66241556
07/30/2020,0.64281746
07/31/2020,0.63105861
08/01/2020,0.61929975
08/02/2020,0.60754089
08/03/2020,0.59970166
08/04/2020,0.58794280
08/05/2020,0.58010356
08/06/2020,0.57618394
08/07/2020,0.57226433
08/08/2020,0.55266623
08/09/2020,0.54090738
08/10/2020,0.52914852
08/11/2020,0.51738966
08/12/2020,0.50563081
08/13/2020,0.49779157
08/14/2020,0.49387195
08/15/2020,0.48211310
08/16/2020,0.47819348
08/17/2020,0.47035424
08/18/2020,0.45859538
08/19/2020,0.45467577
08/20/2020,0.45075615
08/21/2020,0.44683653
08/22/2020,0.44683653
08/23/2020,0.48995233
08/24/2020,0.57226433
08/25/2020,0.56834471
08/26/2020,0.56834471
08/27/2020,0.56442509
08/28/2020,0.56442509
08/29/2020,0.56442509
08/30/2020,0.56442509
08/31/2020,0.56442509
09/01/2020,0.56050547
09/02/2020,0.55658585
09/03/2020,0.55266623
09/04/2020,0.55266623
09/05/2020,0.55266623
09/06/2020,0.54874661
09/07/2020,0.54090738
09/08/2020,0.55266623
09/09/2020,0.57618394
09/10/2020,0.58794280
09/11/2020,0.61538013
09/12/2020,0.63497822
09/13/2020,0.63889784
09/14/2020,0.63889784
09/15/2020,0.61538013
09/16/2020,0.61146051
09/17/2020,0.60754089
09/18/2020,0.64673708
09/19/2020,0.78000412
09/20/2020,0.69377250
09/21/2020,0.64673708
09/22/2020,0.63497822
09/23/2020,0.66241556
09/24/2020,0.97206543
09/25/2020,0.89759268
09/26/2020,1.19156408
09/27/2020,0.78784335
09/28/2020,0.70161174
09/29/2020,0.66241556
09/30/2020,0.63889784
10/01/2020,0.62713899
10/02/2020,0.61146051
10/03/2020,0.61146051
10/04/2020,0.59578204
10/05/2020,0.58794280
10/06/2020,0.58402318
10/07/2020,0.58402318
10/08/2020,0.57226433
10/09/2020,0.58010356
10/10/2020,1.35618806
10/11/2020,1.54041014
10/12/2020,1.87357772
10/13/2020,1.99900552
10/14/2020,1.55216899
10/15/2020,1.11317170
10/16/2020,0.94070848
10/17/2020,0.86623573
10/18/2020,0.80352183
10/19/2020,0.77608450
10/20/2020,0.75256678
10/21/2020,0.72904907
10/22/2020,0.70945098
10/23/2020,0.70553136
10/24/2020,0.80352183
10/25/2020,0.76824526
10/26/2020,0.76040602
10/27/2020,0.74864717
10/28/2020,0.72904907
10/29/2020,0.71729022
10/30/2020,0.70553136
10/31/2020,0.70553136
11/01/2020,0.68593327
11/02/2020,0.68201365
11/03/2020,0.66633517
11/04/2020,0.66241556
11/05/2020,0.74472755
11/06/2020,1.36010768
11/07/2020,1.10533246
11/08/2020,0.99950276
11/09/2020,0.89759268
11/10/2020,1.18764446
11/11/2020,1.43066081
11/12/2020,1.12493056
11/13/2020,6.15380131
11/14/2020,7.01611742
11/15/2020,17.95185350
11/16/2020,8.93673056
11/17/2020,7.36888310
11/18/2020,7.56486403
11/19/2020,7.64325640
11/20/2020,5.99701656
11/21/2020,4.66434622
11/22/2020,3.89218134
11/23/2020,3.42182710
11/24/2020,3.10825760
11/25/2020,3.55509413
11/26/2020,3.66092384
11/27/2020,3.37871129
11/28/2020,3.09257913
11/29/2020,2.84956277
11/30/2020,3.01810637
12/01/2020,2.95539248
12/02/2020,2.77117040
12/03/2020,2.55951099
12/04/2020,2.38704777
12/05/2020,2.30081616
12/06/2020,2.75549192
12/07/2020,2.57126985
12/08/2020,2.48503824
12/09/2020,2.62614451
12/10/2020,2.53599328
12/11/2020,2.53991290
12/12/2020,2.50071671
12/13/2020,3.56293337
12/14/2020,4.27238435
12/15/2020,4.70354240
12/16/2020,6.85933267
12/17/2020,10.73975515
12/18/2020,8.27039539
12/19/2020,9.75985049
12/20/2020,43.11580536
12/21/2020,34.68862522
12/22/2020,19.83327046
12/23/2020,12.81715305
12/24/2020,9.44628099
12/25/2020,7.72164878
12/26/2020,8.19200302
12/27/2020,7.29049072
12/28/2020,6.23219368
12/29/2020,5.36987758
12/30/2020,5.29148520
12/31/2020,7.64325640
01/01/2021,7.80004115
01/02/2021,10.11261617
01/03/2021,23.32173108
01/04/2021,19.36291622
01/05/2021,15.99204417
01/06/2021,12.73876067
01/07/2021,12.15081787
01/08/2021,10.62216659
01/09/2021,9.13271150
01/10/2021,7.72164878
01/11/2021,6.66335174
01/12/2021,18.81416961
01/13/2021,32.49363876
01/14/2021,18.69658105
01/15/2021,12.58197593
01/16/2021,9.60306574
01/17/2021,7.64325640
01/18/2021,6.34978224
01/19/2021,5.48746614
01/20/2021,4.86032715
01/21/2021,4.38997291
01/22/2021,4.03720723
01/23/2021,3.70012002
01/24/2021,3.52373718
01/25/2021,3.32383663
01/26/2021,3.18273036
01/27/2021,3.06514180
01/28/2021,2.96323171
01/29/2021,2.89659820
01/30/2021,2.89267858
01/31/2021,3.30815816
02/01/2021,3.51197833
02/02/2021,4.23318816
02/03/2021,4.66434622
02/04/2021,4.38997291
02/05/2021,4.07640342
02/06/2021,3.99801104
02/07/2021,3.88042248
02/08/2021,3.70012002
02/09/2021,3.50021947
02/10/2021,3.31991701
02/11/2021,3.32383663
02/12/2021,5.01711190
02/13/2021,14.07143102
02/14/2021,13.20911491
02/15/2021,21.24433318
02/16/2021,20.93076369
02/17/2021,13.87545009
02/18/2021,12.11162169
02/19/2021,17.91265732
02/20/2021,14.54178526
02/21/2021,11.36689414
02/22/2021,10.58297041
02/23/2021,12.50358355
02/24/2021,10.11261617
02/25/2021,8.27039539
02/26/2021,7.60406022
02/27/2021,6.74174411
02/28/2021,5.87942800
03/01/2021,5.40907376
03/02/2021,4.97791571
03/03/2021,4.66434622
03/04/2021,4.46836528
03/05/2021,4.46836528
03/06/2021,4.46836528
03/07/2021,4.23318816
03/08/2021,3.95881486
03/09/2021,3.77459278
03/10/2021,3.59820994
03/11/2021,3.39438977
03/12/2021,3.19840883
03/13/2021,3.07298104
03/14/2021,3.07298104
03/15/2021,3.01026714
03/16/2021,2.90051781
03/17/2021,2.81036659
03/18/2021,2.78684887
03/19/2021,2.92011591
03/20/2021,3.03770447
03/21/2021,3.03378485
03/22/2021,3.49629985
03/23/2021,3.83338706
03/24/2021,3.74715545
03/25/2021,3.90002058
03/26/2021,3.77459278
03/27/2021,3.58645108
03/28/2021,3.68052193
03/29/2021,3.83730668
03/30/2021,3.59429032
03/31/2021,3.41006824
04/01/2021,3.44926443
04/02/2021,3.62956689
04/03/2021,3.72363774
04/04/2021,3.83730668
04/05/2021,3.73931621
04/06/2021,3.49629985
04/07/2021,3.35911320
04/08/2021,3.27680121
04/09/2021,3.07298104
04/10/2021,2.94363362
04/11/2021,2.76725078
04/12/2021,2.62222489
04/13/2021,2.50071671
04/14/2021,2.40272624
04/15/2021,2.35177120
04/16/2021,2.44976167
04/17/2021,2.64966222
04/18/2021,2.99066904
04/19/2021,3.28856006
04/20/2021,3.28072083
04/21/2021,3.08473989
04/22/2021,3.00634752
04/23/2021,2.88875896
04/24/2021,2.87308048
04/25/2021,2.96715133
04/26/2021,2.83780392
04/27/2021,2.62614451
04/28/2021,2.56735023
04/29/2021,2.84172353
04/30/2021,3.07690065
05/01/2021,4.46836528
05/02/2021,3.69228079
05/03/2021,3.13961455
05/04/2021,2.94363362
05/05/2021,2.84172353
05/06/2021,2.88091972
05/07/2021,2.82212544
05/08/2021,2.46544014
05/09/2021,2.25378073
05/10/2021,2.15187065
05/11/2021,2.08523713
05/12/2021,2.09699599
05/13/2021,2.12835294
05/14/2021,2.12051370
05/15/2021,2.05388018
05/16/2021,1.96372895
05/17/2021,1.85789925
05/18/2021,1.81478344
05/19/2021,1.71287336
05/20/2021,1.66191832
05/21/2021,1.64232022
05/22/2021,1.54432976
05/23/2021,1.53257090
05/24/2021,1.63056137
05/25/2021,2.54383252
05/26/2021,2.56343061
05/27/2021,2.34393196
05/28/2021,2.15579027
05/29/2021,1.95980933
05/30/2021,1.79910497
05/31/2021,1.66191832
06/01/2021,1.56000823
06/02/2021,1.46985700
06/03/2021,1.39538425
06/04/2021,1.32091149
06/05/2021,1.24643874
06/06/2021,1.21116217
06/07/2021,1.17196598
06/08/2021,1.14452865
06/09/2021,1.10925208
06/10/2021,1.07397552
06/11/2021,1.12885018
06/12/2021,1.39538425
06/13/2021,1.14844827
06/14/2021,1.19156408
06/15/2021,1.10925208
06/16/2021,1.04261857
06/17/2021,0.99950276
06/18/2021,0.96030657
06/19/2021,0.91719077
06/20/2021,0.89367306
06/21/2021,0.86231611
06/22/2021,0.83487878
06/23/2021,0.81528068
06/24/2021,0.79960221
06/25/2021,0.77608450
06/26/2021,0.75256678
06/27/2021,0.72904907
06/28/2021,0.70553136
06/29/2021,0.68201365
06/30/2021,0.67417441
07/01/2021,0.67025479
07/02/2021,0.65849594
07/03/2021,0.63889784
07/04/2021,0.62321937
07/05/2021,0.60754089
07/06/2021,0.59578204
07/07/2021,0.58010356
07/08/2021,0.57618394
07/09/2021,0.56050547
07/10/2021,0.54874661
07/11/2021,0.53698776
07/12/2021,0.52914852
07/13/2021,0.52130928
07/14/2021,0.50955043
07/15/2021,0.50171119
07/16/2021,0.49779157
07/17/2021,0.48995233
07/18/2021,0.48211310
07/19/2021,0.47035424
07/20/2021,0.46251500
07/21/2021,0.45467577
07/22/2021,0.45075615
07/23/2021,0.43899729
07/24/2021,0.43507767
07/25/2021,0.42331882
07/26/2021,0.41939920
07/27/2021,0.42723843
07/28/2021,0.41939920
07/29/2021,0.40372072
07/30/2021,0.39980110
07/31/2021,0.40372072
08/01/2021,0.39196187
08/02/2021,0.37589143
08/03/2021,0.36570042
08/04/2021,0.36178080
08/05/2021,0.36138884
08/06/2021,0.36648435
08/07/2021,0.35707726
08/08/2021,0.35354960
08/09/2021,0.35198176
08/10/2021,0.35041391
08/11/2021,0.34571037
08/12/2021,0.33865505
08/13/2021,0.33630328
08/14/2021,0.33865505
08/15/2021,0.33277562
08/16/2021,0.32650424
08/17/2021,0.32846404
08/18/2021,0.32885601
08/19/2021,0.32689620
08/20/2021,0.32728816
08/21/2021,0.33159974
08/22/2021,0.32885601
08/23/2021,0.32258462
08/24/2021,0.31748911
08/25/2021,0.31160968
08/26/2021,0.31160968
08/27/2021,0.31200165
08/28/2021,0.31239361
08/29/2021,0.30377045
08/30/2021,0.30181064
08/31/2021,0.30337848
09/01/2021,0.30181064
09/02/2021,0.29985083
09/03/2021,0.29671513
09/04/2021,0.29632317
09/05/2021,0.29357944
09/06/2021,0.29083571
09/07/2021,0.29044374
09/08/2021,0.28652412
09/09/2021,0.28495628
09/10/2021,0.33003189
09/11/2021,0.32846404
09/12/2021,0.31200165
09/13/2021,0.30377045
09/14/2021,0.29867494
09/15/2021,0.29083571
09/16/2021,0.28299647
09/17/2021,0.28299647
09/18/2021,1.00342238
09/19/2021,2.66926031
09/20/2021,1.21116217
09/21/2021,0.90151229
09/22/2021,0.79176297
09/23/2021,0.74472755
09/24/2021,0.70553136
09/25/2021,0.68201365
09/26/2021,0.67809403
09/27/2021,1.30523302
09/28/2021,2.31257501
09/29/2021,1.44241967
09/30/2021,1.08181475
10/01/2021,0.92894962
10/02/2021,0.83879840
10/03/2021,0.79176297
10/04/2021,0.76432564
10/05/2021,0.75648640
10/06/2021,0.81528068
10/07/2021,0.74472755
10/08/2021,0.72120984
10/09/2021,0.70553136
10/10/2021,0.73296869
10/11/2021,0.85055725
10/12/2021,0.79176297
10/13/2021,0.81920030
10/14/2021,0.80744145
10/15/2021,0.81528068
10/16/2021,0.77608450
10/17/2021,0.77608450
10/18/2021,0.87407496
10/19/2021,0.79960221
10/20/2021,0.79176297
10/21/2021,0.83879840
10/22/2021,1.81478344
10/23/2021,1.96764857
10/24/2021,1.90493467
10/25/2021,2.01076438
10/26/2021,3.20232845
10/27/2021,3.22584616
10/28/2021,3.51981756
10/29/2021,3.95881486
10/30/2021,3.46886252
10/31/2021,2.61438565
11/01/2021,2.32433387
11/02/2021,2.21066493
11/03/2021,1.98332705
11/04/2021,2.80252735
11/05/2021,3.66484346
11/06/2021,4.31158054
11/07/2021,4.07640342
11/08/2021,3.44534481
11/09/2021,4.35077672
11/10/2021,4.35077672
11/11/2021,18.38301156
11/12/2021,11.91564075
11/13/2021,8.97592675
11/14/2021,6.70254792
11/15/2021,5.64425088
11/16/2021,5.01711190
11/17/2021,4.23318816
11/18/2021,3.75891430
11/19/2021,3.82946744
11/20/2021,3.50805871
11/21/2021,3.20624807
11/22/2021,2.95539248
11/23/2021,3.37087206
11/24/2021,3.32383663
11/25/2021,3.10041837
11/26/2021,3.33951511
11/27/2021,3.78635163
11/28/2021,4.93871952
11/29/2021,4.27238435
11/30/2021,3.77851240
12/01/2021,3.40222900
12/02/2021,3.10433799
12/03/2021,2.84956277
12/04/2021,2.63790336
12/05/2021,2.56343061
12/06/2021,2.82212544
12/07/2021,3.08082027
12/08/2021,3.04162409
12/09/2021,3.02202599
12/10/2021,3.02202599
12/11/2021,5.48746614
12/12/2021,10.81814753
12/13/2021,7.40807928
12/14/2021,5.72264326
12/15/2021,4.74273859
12/16/2021,4.27238435
12/17/2021,4.31158054
12/18/2021,4.23318816
12/19/2021,14.89455094
12/20/2021,22.85137684
12/21/2021,17.36391070
12/22/2021,12.62117211
12/23/2021,13.83625390
12/24/2021,11.91564075
12/25/2021,9.36788862
12/26/2021,7.52566784
12/27/2021,6.15380131
12/28/2021,5.25228902
12/29/2021,4.62515003
12/30/2021,4.19399198
12/31/2021,3.85690477
01/01/2022,3.49238023
01/02/2022,3.29639930
01/03/2022,4.86032715
01/04/2022,5.29148520
01/05/2022,11.91564075
01/06/2022,27.90768492
01/07/2022,26.49662220
01/08/2022,19.01015054
01/09/2022,12.77795686
01/10/2022,9.79904667
01/11/2022,8.58396488
01/12/2022,8.54476870
01/13/2022,9.95583142
01/14/2022,12.11162169
01/15/2022,10.73975515
01/16/2022,9.68145811
01/17/2022,9.28949624
01/18/2022,8.70155344
01/19/2022,8.34878776
01/20/2022,12.03322931
01/21/2022,13.09152635
01/22/2022,10.73975515
01/23/2022,9.21110387
01/24/2022,8.42718014
01/25/2022,7.64325640
01/26/2022,6.82013648
01/27/2022,6.11460512
01/28/2022,5.64425088
01/29/2022,5.29148520
01/30/2022,5.13470046
01/31/2022,5.44826995
02/01/2022,5.13470046
02/02/2022,4.82113096
02/03/2022,4.58595384
02/04/2022,4.38997291
02/05/2022,4.19399198
02/06/2022,4.03720723
02/07/2022,4.03720723
02/08/2022,4.03720723
02/09/2022,4.03720723
02/10/2022,4.46836528
02/11/2022,4.78193478
02/12/2022,4.78193478
02/13/2022,4.78193478
02/14/2022,5.21309283
02/15/2022,5.13470046
02/16/2022,4.66434622
02/17/2022,4.31158054
02/18/2022,4.03720723
02/19/2022,3.83338706
02/20/2022,3.84122630
02/21/2022,3.76283392
02/22/2022,3.51197833
02/23/2022,3.27288159
02/24/2022,3.13569494
02/25/2022,2.97499057
02/26/2022,2.90443743
02/27/2022,3.19840883
02/28/2022,7.64325640
03/01/2022,11.24930558
03/02/2022,15.56088612
03/03/2022,15.16892425
03/04/2022,11.44528651
03/05/2022,8.77994582
03/06/2022,7.01611742
03/07/2022,5.84023182
03/08/2022,5.09550427
03/09/2022,4.66434622
03/10/2022,4.15479579
03/11/2022,3.82946744
03/12/2022,3.65308460
03/13/2022,4.58595384
03/14/2022,5.09550427
03/15/2022,8.89753438
03/16/2022,8.77994582
03/17/2022,7.32968691
03/18/2022,6.31058606
03/19/2022,5.91862419
03/20/2022,5.29148520
03/21/2022,5.09550427
03/22/2022,5.44826995
03/23/2022,5.87942800
03/24/2022,5.72264326
03/25/2022,5.36987758
03/26/2022,5.05630808
03/27/2022,5.05630808
03/28/2022,4.93871952
03/29/2022,4.54675766
03/30/2022,4.27238435
03/31/2022,3.88042248
04/01/2022,3.55509413
04/02/2022,3.37871129
04/03/2022,3.19840883
04/04/2022,8.77994582
04/05/2022,7.99602208
04/06/2022,6.19299750
04/07/2022,5.48746614
04/08/2022,5.33068139
04/09/2022,4.78193478
04/10/2022,4.58595384
04/11/2022,4.62515003
04/12/2022,4.31158054
04/13/2022,4.31158054
04/14/2022,4.23318816
04/15/2022,4.07640342
04/16/2022,4.11559960
04/17/2022,4.11559960
04/18/2022,4.58595384
04/19/2022,5.91862419
04/20/2022,6.62415555
04/21/2022,7.29049072
04/22/2022,6.93772504
04/23/2022,6.58495936
04/24/2022,6.93772504
04/25/2022,7.60406022
04/26/2022,7.48647166
04/27/2022,7.17290216
04/28/2022,6.78094030
04/29/2022,7.01611742
04/30/2022,12.66036830
05/01/2022,12.73876067
05/02/2022,12.54277974
05/03/2022,12.11162169
05/04/2022,11.17091321
05/05/2022,15.56088612
05/06/2022,30.57302562
05/07/2022,29.63231714
05/08/2022,21.04835225
05/09/2022,14.65937382
05/10/2022,11.01412846
05/11/2022,8.77994582
05/12/2022,8.66235726
05/13/2022,10.50457803
05/14/2022,22.45941497
05/15/2022,19.04934673
05/16/2022,14.30660814
05/17/2022,10.97493227
05/18/2022,9.56386955
05/19/2022,8.42718014
05/20/2022,7.05531360
05/21/2022,6.15380131
05/22/2022,5.56585851
05/23/2022,5.29148520
05/24/2022,5.09550427
05/25/2022,5.05630808
05/26/2022,5.09550427
05/27/2022,4.93871952
05/28/2022,4.86032715
05/29/2022,6.93772504
05/30/2022,6.27138987
05/31/2022,5.68344707
06/01/2022,5.29148520
06/02/2022,5.05630808
06/03/2022,4.78193478
06/04/2022,4.74273859
06/05/2022,7.56486403
06/06/2022,8.81914200
06/07/2022,8.23119920
06/08/2022,6.93772504
06/09/2022,5.91862419
06/10/2022,6.31058606
06/11/2022,14.77696238
06/12/2022,14.69857001
06/13/2022,12.85634923
06/14/2022,10.81814753
06/15/2022,8.54476870
06/16/2022,6.85933267
06/17/2022,5.95782038
06/18/2022,5.25228902
06/19/2022,4.86032715
06/20/2022,4.38997291
06/21/2022,3.95881486
06/22/2022,3.59429032
06/23/2022,3.29247968
06/24/2022,3.03378485
06/25/2022,2.82212544
06/26/2022,2.64574260
06/27/2022,2.48111862
06/28/2022,2.34001235
06/29/2022,2.22242379
06/30/2022,2.11267446
07/01/2022,2.02644285
07/02/2022,1.94805048
07/03/2022,1.86573849
07/04/2022,1.79518535
07/05/2022,1.85006001
07/06/2022,1.85789925
07/07/2022,1.70111450
07/08/2022,1.62664175
07/09/2022,1.56000823
07/10/2022,1.50121395
07/11/2022,1.45809814
07/12/2022,1.41106272
07/13/2022,1.35618806
07/14/2022,1.31699187
07/15/2022,1.26995645
07/16/2022,1.23076026
07/17/2022,1.20724255
07/18/2022,1.17196598
07/19/2022,1.12885018
07/20/2022,1.09749323
07/21/2022,1.07005590
07/22/2022,1.04261857
07/23/2022,1.03085971
07/24/2022,0.99558314
07/25/2022,0.96422619
07/26/2022,0.94070848
07/27/2022,0.91327115
07/28/2022,0.89759268
07/29/2022,0.87407496
07/30/2022,0.85055725
07/31/2022,0.83095916
08/01/2022,0.81136106
08/02/2022,0.79568259
08/03/2022,0.78000412
08/04/2022,0.76824526
08/05/2022,0.76040602
08/06/2022,0.74080793
08/07/2022,0.72120984
08/08/2022,0.70553136
08/09/2022,0.73688831
08/10/2022,0.72120984
08/11/2022,0.69377250
08/12/2022,0.67417441
08/13/2022,0.65849594
08/14/2022,0.64673708
08/15/2022,0.63105861
08/16/2022,0.61538013
08/17/2022,0.60754089
08/18/2022,0.59970166
08/19/2022,0.59186242
08/20/2022,0.58010356
08/21/2022,0.56442509
08/22/2022,0.54874661
08/23/2022,0.54090738
08/24/2022,0.53698776
08/25/2022,0.52522890
08/26/2022,0.51347005
08/27/2022,0.50563081
08/28/2022,0.49387195
08/29/2022,0.48995233
08/30/2022,0.47819348
08/31/2022,0.47035424
09/01/2022,0.46643462
09/02/2022,0.46251500
09/03/2022,0.46251500
09/04/2022,0.45859538
09/05/2022,0.45467577
09/06/2022,0.44683653
09/07/2022,0.43507767
09/08/2022,0.43115805
09/09/2022,0.42723843
09/10/2022,0.42723843
09/11/2022,0.42723843
09/12/2022,0.43507767
09/13/2022,0.43115805
09/14/2022,0.42723843
09/15/2022,0.42331882
09/16/2022,0.42331882
09/17/2022,0.43115805
09/18/2022,0.48603271
09/19/2022,0.43507767
09/20/2022,0.43115805
09/21/2022,0.44683653
09/22/2022,0.47427386
09/23/2022,0.43507767
09/24/2022,0.42723843
09/25/2022,0.41547958
09/26/2022,0.39980110
09/27/2022,0.39980110
09/28/2022,0.39980110
09/29/2022,0.48603271
09/30/2022,0.46251500
10/01/2022,0.42723843
10/02/2022,0.41547958
10/03/2022,0.40764034
10/04/2022,0.39980110
10/05/2022,0.39980110
10/06/2022,0.39980110
10/07/2022,0.39196187
10/08/2022,0.38647440
10/09/2022,0.38647440
10/10/2022,0.38647440
10/11/2022,0.38647440
10/12/2022,0.38647440
10/13/2022,0.37745928
10/14/2022,0.37393162
10/15/2022,0.37236377
10/16/2022,0.37236377
10/17/2022,0.37236377
10/18/2022,0.37236377
10/19/2022,0.37236377
10/20/2022,0.37236377
10/21/2022,0.42331882
10/22/2022,0.88191420
10/23/2022,0.60362127
10/24/2022,0.70553136
10/25/2022,0.72904907
10/26/2022,1.22292102
10/27/2022,0.72512945
10/28/2022,0.59186242
10/29/2022,0.54874661
10/30/2022,0.52130928
10/31/2022,0.50955043
11/01/2022,0.79568259
11/02/2022,0.93286924
11/03/2022,0.79176297
11/04/2022,6.38897843
11/05/2022,19.44130860
11/06/2022,6.03621275
11/07/2022,4.35077672
11/08/2022,3.36303282
11/09/2022,2.73981345
11/10/2022,2.26945921
11/11/2022,2.01860361
11/12/2022,1.86965811
11/13/2022,1.72855183
11/14/2022,1.61488289
11/15/2022,1.50905319
11/16/2022,1.43458043
11/17/2022,1.40714310
11/18/2022,1.34834882
11/19/2022,1.30523302
11/20/2022,1.25427797
11/21/2022,1.22292102
11/22/2022,1.39930386
11/23/2022,1.68543603
11/24/2022,1.48945509
11/25/2022,1.49729433
11/26/2022,1.52865128
11/27/2022,1.75598916
11/28/2022,2.48111862
11/29/2022,2.20282569
11/30/2022,3.25328350
12/01/2022,3.71187888
12/02/2022,2.79860773
12/03/2022,2.31257501
12/04/2022,2.07347828
12/05/2022,1.89709544
12/06/2022,1.80694421
12/07/2022,1.73247145
12/08/2022,1.75990878
12/09/2022,1.85397963
12/10/2022,3.30031892
12/11/2022,3.89218134
12/12/2022,3.39047015
12/13/2022,2.95147286
12/14/2022,2.56735023
12/15/2022,2.27337883
12/16/2022,2.06955866
12/17/2022,1.93237200
12/18/2022,1.81870306
12/19/2022,1.73639107
12/20/2022,2.01860361
12/21/2022,3.48062138
12/22/2022,3.22584616
12/23/2022,4.15479579
12/24/2022,9.21110387
12/25/2022,18.57899249
12/26/2022,16.30561366
12/27/2022,31.04337986
12/28/2022,24.49761668
12/29/2022,16.22722129
12/30/2022,24.88957855
12/31/2022,17.83426494
01/01/2023,12.15081787
01/02/2023,8.89753438
01/03/2023,7.01611742
01/04/2023,6.07540894
01/05/2023,5.64425088
01/06/2023,5.33068139
01/07/2023,4.89952334
01/08/2023,4.78193478
01/09/2023,4.66434622
01/10/2023,4.38997291
01/11/2023,4.07640342
01/12/2023,4.38997291
01/13/2023,4.62515003
01/14/2023,4.97791571
01/15/2023,4.93871952
01/16/2023,4.54675766
01/17/2023,4.07640342
01/18/2023,3.82946744
01/19/2023,3.48846062
01/20/2023,3.20232845
01/21/2023,3.03770447
01/22/2023,2.86916087
01/23/2023,2.71629574
01/24/2023,2.57518947
01/25/2023,2.45760091
01/26/2023,2.35961044
01/27/2023,2.36744968
01/28/2023,2.37528891
01/29/2023,2.22634340
01/30/2023,2.13227256
01/31/2023,2.09699599
02/01/2023,2.03036247
02/02/2023,1.97548781
02/03/2023,1.95588972
02/04/2023,1.91669353
02/05/2023,2.17146874
02/06/2023,2.21850417
02/07/2023,2.48111862
02/08/2023,3.27288159
02/09/2023,2.99066904
02/10/2023,2.81820582
02/11/2023,2.62222489
02/12/2023,2.46152052
02/13/2023,2.44976167
02/14/2023,2.39880663
02/15/2023,2.25378073
02/16/2023,2.18714722
02/17/2023,2.12835294
02/18/2023,2.08131751
02/19/2023,2.04212133
02/20/2023,2.01076438
02/21/2023,2.32433387
02/22/2023,2.28513768
02/23/2023,2.16362951
02/24/2023,2.06171942
02/25/2023,1.99900552
02/26/2023,2.06563904
02/27/2023,1.98332705
02/28/2023,1.98724667
03/01/2023,1.88925620
03/02/2023,1.86573849
03/03/2023,1.85789925
03/04/2023,1.87357772
03/05/2023,1.83438154
03/06/2023,1.81870306
03/07/2023,1.80694421
03/08/2023,1.80694421
03/09/2023,1.81870306
03/10/2023,2.16754912
03/11/2023,2.36744968
03/12/2023,2.61046603
03/13/2023,4.38997291
03/14/2023,5.17389664
03/15/2023,4.03720723
03/16/2023,3.44142519
03/17/2023,3.21408731
03/18/2023,3.25720311
03/19/2023,3.85298515
03/20/2023,7.09450979
03/21/2023,7.17290216
03/22/2023,6.19299750
03/23/2023,5.99701656
03/24/2023,5.68344707
03/25/2023,5.21309283
03/26/2023,4.66434622
03/27/2023,4.38997291
03/28/2023,4.62515003
03/29/2023,4.70354240
03/30/2023,4.42916910
03/31/2023,4.31158054
04/01/2023,5.84023182
04/02/2023,6.38897843
04/03/2023,5.52666232
04/04/2023,4.78193478
04/05/2023,4.38997291
04/06/2023,5.60505470
04/07/2023,9.25030006
04/08/2023,9.32869243
04/09/2023,8.74074963
04/10/2023,13.91464627
04/11/2023,18.69658105
04/12/2023,13.83625390
04/13/2023,10.38698947
04/14/2023,8.27039539
04/15/2023,6.97692123
04/16/2023,6.70254792
04/17/2023,6.85933267
04/18/2023,6.46737080
04/19/2023,6.15380131
04/20/2023,6.34978224
04/21/2023,11.91564075
04/22/2023,13.05233017
04/23/2023,15.05133569
04/24/2023,14.46339289
04/25/2023,12.19001406
04/26/2023,11.75885601
04/27/2023,14.38500051
04/28/2023,17.12873358
04/29/2023,19.40211241
04/30/2023,15.91365180
05/01/2023,11.28850177
05/02/2023,8.42718014
05/03/2023,7.40807928
05/04/2023,7.91762971
05/05/2023,7.25129454
05/06/2023,6.85933267
05/07/2023,7.40807928
05/08/2023,6.15380131
05/09/2023,5.36987758
05/10/2023,5.05630808
05/11/2023,4.97791571
05/12/2023,5.44826995
05/13/2023,6.34978224
05/14/2023,7.05531360
05/15/2023,6.78094030
05/16/2023,6.78094030
05/17/2023,6.31058606
05/18/2023,5.87942800
05/19/2023,5.33068139
05/20/2023,4.82113096
05/21/2023,4.07640342
05/22/2023,3.33559549
05/23/2023,2.86916087
05/24/2023,2.59870718
05/25/2023,2.45760091
05/26/2023,2.34785158
05/27/2023,2.24594150
05/28/2023,2.12835294
05/29/2023,2.01860361
05/30/2023,1.90101505
05/31/2023,1.79518535
06/01/2023,1.69719488
06/02/2023,1.61880251
06/03/2023,1.54824937
06/04/2023,1.49729433
06/05/2023,1.45025891
06/06/2023,1.39538425
06/07/2023,1.34834882
06/08/2023,1.31307225
06/09/2023,1.26995645
06/10/2023,1.22292102
06/11/2023,1.17196598
06/12/2023,1.12885018
06/13/2023,1.08965399
06/14/2023,1.05437742
06/15/2023,1.02694009
06/16/2023,0.99558314
06/17/2023,0.97990467
06/18/2023,1.00342238
06/19/2023,1.07005590
06/20/2023,1.05437742
06/21/2023,0.96030657
06/22/2023,0.92111039
06/23/2023,0.88191420
06/24/2023,0.85447687
06/25/2023,0.82703954
06/26/2023,0.81920030
06/27/2023,0.79960221
06/28/2023,0.77216488
06/29/2023,0.75648640
06/30/2023,0.74472755
07/01/2023,0.71729022
07/02/2023,0.70161174
07/03/2023,0.68985289
07/04/2023,0.67417441
07/05/2023,0.66633517
07/06/2023,0.65849594
07/07/2023,0.64673708
07/08/2023,0.63889784
07/09/2023,0.63105861
07/10/2023,0.62321937
07/11/2023,0.61538013
07/12/2023,0.59970166
07/13/2023,0.59186242
07/14/2023,0.58010356
07/15/2023,0.57226433
07/16/2023,0.55658585
07/17/2023,0.55266623
07/18/2023,0.54482699
07/19/2023,0.53698776
07/20/2023,0.52522890
07/21/2023,0.51738966
07/22/2023,0.50955043
07/23/2023,0.50171119
07/24/2023,0.48995233
07/25/2023,0.48995233
07/26/2023,0.47819348
07/27/2023,0.47035424
07/28/2023,0.46251500
07/29/2023,0.45859538
07/30/2023,0.45467577
07/31/2023,0.45075615
08/01/2023,0.44683653
08/02/2023,0.43899729
08/03/2023,0.43507767
08/04/2023,0.44291691
08/05/2023,0.47819348
08/06/2023,0.45859538
08/07/2023,0.43507767
08/08/2023,0.42723843
08/09/2023,0.41939920
08/10/2023,0.41939920
08/11/2023,0.41547958
08/12/2023,0.40764034
08/13/2023,0.40764034
08/14/2023,0.40372072
08/15/2023,0.40372072
08/16/2023,0.39588149
08/17/2023,0.39588149
08/18/2023,0.39980110
08/19/2023,0.39039402
08/20/2023,0.39000206
08/21/2023,0.38647440
08/22/2023,0.38412263
08/23/2023,0.38059497
08/24/2023,0.38294674
08/25/2023,0.38255478
08/26/2023,0.37785124
08/27/2023,0.37706732
08/28/2023,0.38020301
08/29/2023,0.38529852
08/30/2023,0.38177086
08/31/2023,0.42331882
09/01/2023,0.48995233
09/02/2023,0.40372072
09/03/2023,0.38765029
09/04/2023,0.38373067
09/05/2023,0.38059497
09/06/2023,0.37863516
09/07/2023,0.37393162
09/08/2023,0.37157985
09/09/2023,0.36805219
09/10/2023,0.36726827
09/11/2023,0.36530846
09/12/2023,0.36334865
09/13/2023,0.36217276
09/14/2023,0.36217276
09/15/2023,0.35198176
09/16/2023,0.35158979
09/17/2023,0.35041391
09/18/2023,0.34845410
09/19/2023,0.34727821
09/20/2023,0.35002195
09/21/2023,0.34962999
09/22/2023,0.34923802
09/23/2023,0.34884606
09/24/2023,0.37001200
09/25/2023,0.41155996
09/26/2023,0.49779157
09/27/2023,0.50955043
09/28/2023,0.41939920
09/29/2023,0.51347005
09/30/2023,0.51738966
10/01/2023,0.41155996
10/02/2023,0.39980110
10/03/2023,0.59970166
10/04/2023,0.50171119
10/05/2023,0.45075615
10/06/2023,0.42723843
10/07/2023,0.41547958
10/08/2023,0.40372072
10/09/2023,0.40764034
10/10/2023,0.78000412
10/11/2023,3.65308460
10/12/2023,2.41056548
10/13/2023,1.08965399
10/14/2023,0.82311992
10/15/2023,0.68593327
10/16/2023,0.81528068
10/17/2023,1.15628751
10/18/2023,0.85055725
10/19/2023,0.73296869
10/20/2023,0.65849594
10/21/2023,0.61929975
10/22/2023,0.59970166
10/23/2023,0.57618394
10/24/2023,0.59970166
10/25/2023,2.54775213
10/26/2023,1.90493467
10/27/2023,1.43850005
10/28/2023,1.09357361
10/29/2023,0.92894962
10/30/2023,0.85447687
10/31/2023,0.86231611
11/01/2023,0.94462810
11/02/2023,2.21850417
11/03/2023,2.00684476
11/04/2023,8.34878776
11/05/2023,11.68046363
11/06/2023,10.34779329
11/07/2023,10.46538185
11/08/2023,7.13370598
11/09/2023,4.82113096
11/10/2023,3.77067316
11/11/2023,3.34735434
11/12/2023,3.23368540
11/13/2023,3.34735434
11/14/2023,3.04162409
11/15/2023,2.74765269
11/16/2023,2.44976167
11/17/2023,2.22634340
11/18/2023,2.15579027
11/19/2023,3.15529303
11/20/2023,2.73197421
11/21/2023,2.48503824
11/22/2023,2.30865540
11/23/2023,2.14011179
11/24/2023,1.97940743
11/25/2023,1.84614039
11/26/2023,1.74814993
11/27/2023,1.66583793
11/28/2023,1.58352594
11/29/2023,1.52081204
11/30/2023,1.59528480
12/01/2023,2.44192243
12/02/2023,11.91564075
12/03/2023,64.67370803
12/04/2023,58.79428003
12/05/2023,29.59312095
12/06/2023,19.83327046
12/07/2023,20.22523233
12/08/2023,16.77596790
12/09/2023,12.69956449
12/10/2023,25.08555948
12/11/2023,30.29865231
12/12/2023,18.93175817
12/13/2023,12.19001406
12/14/2023,8.46637632
12/15/2023,6.46737080
12/16/2023,5.36987758
12/17/2023,4.62515003
12/18/2023,4.19399198
12/19/2023,3.86082439
12/20/2023,3.47670176
12/21/2023,3.16705188
12/22/2023,3.05730256
12/23/2023,2.84956277
12/24/2023,2.69669764
12/25/2023,3.08082027
12/26/2023,3.30815816
12/27/2023,3.05730256
12/28/2023,2.82212544
12/29/2023,2.75941154
12/30/2023,3.07298104
12/31/2023,3.28072083
01/01/2024,3.02202599
01/02/2024,2.88875896
01/03/2024,2.81036659
01/04/2024,3.32775625
01/05/2024,3.79419087
01/06/2024,3.80203011
01/07/2024,3.75499468
01/08/2024,4.23318816
01/09/2024,18.65738486
01/10/2024,11.91564075
01/11/2024,8.03521827
01/12/2024,8.46637632
01/13/2024,9.91663523
01/14/2024,12.22921025
01/15/2024,11.01412846
01/16/2024,9.13271150
01/17/2024,31.90569596
01/18/2024,46.64346216
01/19/2024,30.88659511
01/20/2024,22.65539591
01/21/2024,22.34182641
01/22/2024,25.08555948
01/23/2024,25.75189465
01/24/2024,24.61520524
01/25/2024,24.88957855
01/26/2024,23.36092727
01/27/2024,37.82432015
01/28/2024,31.00418367
01/29/2024,22.14584548
01/30/2024,15.79606324
01/31/2024,11.95483694
02/01/2024,9.01512294
02/02/2024,7.32968691
02/03/2024,6.11460512
02/04/2024,5.25228902
02/05/2024,4.82113096
02/06/2024,4.58595384
02/07/2024,4.23318816
02/08/2024,3.99801104
02/09/2024,3.81378896
02/10/2024,3.61388841
02/11/2024,3.54725490
02/12/2024,3.58645108
02/13/2024,3.42574672
02/14/2024,3.57469223
02/15/2024,6.11460512
02/16/2024,8.70155344
02/17/2024,7.52566784
02/18/2024,7.60406022
02/19/2024,7.01611742
02/20/2024,6.23219368
02/21/2024,5.84023182
02/22/2024,5.48746614
02/23/2024,4.89952334
02/24/2024,4.46836528
02/25/2024,4.15479579
02/26/2024,5.21309283
02/27/2024,4.74273859
02/28/2024,5.40907376
02/29/2024,11.24930558
03/01/2024,9.17190768
03/02/2024,7.13370598
03/03/2024,5.95782038
03/04/2024,5.21309283
03/05/2024,4.70354240
03/06/2024,4.31158054
03/07/2024,3.95881486
03/08/2024,3.73539659
03/09/2024,3.83730668
03/10/2024,4.23318816
03/11/2024,5.21309283
03/12/2024,8.77994582
03/13/2024,8.03521827
03/14/2024,6.42817462
03/15/2024,5.84023182
03/16/2024,6.23219368
03/17/2024,7.05531360
03/18/2024,8.34878776
03/19/2024,9.40708481
03/20/2024,8.66235726
03/21/2024,7.32968691
03/22/2024,6.66335174
03/23/2024,6.15380131
03/24/2024,5.40907376
03/25/2024,5.17389664
03/26/2024,5.60505470
03/27/2024,7.32968691
03/28/2024,8.27039539
03/29/2024,7.56486403
03/30/2024,6.42817462
03/31/2024,5.60505470
04/01/2024,4.97791571
04/02/2024,4.86032715
04/03/2024,5.09550427
04/04/2024,4.66434622
04/05/2024,4.19399198
04/06/2024,4.03720723
04/07/2024,4.07640342
04/08/2024,3.95881486
04/09/2024,3.95881486
04/10/2024,3.87650286
04/11/2024,3.85298515
04/12/2024,3.81770858
04/13/2024,4.11559960
04/14/2024,5.29148520
04/15/2024,4.58595384
04/16/2024,4.11559960
04/17/2024,3.75499468
04/18/2024,3.50413909
04/19/2024,3.32775625
04/20/2024,3.22192655
04/21/2024,3.10041837
04/22/2024,2.96715133
04/23/2024,2.92403553
04/24/2024,2.87700010
04/25/2024,3.46102328
04/26/2024,7.40807928
04/27/2024,6.89852886
04/28/2024,9.21110387
04/29/2024,9.25030006
04/30/2024,8.27039539
05/01/2024,7.21209835
05/02/2024,8.89753438
05/03/2024,8.70155344
05/04/2024,10.46538185
05/05/2024,11.28850177
05/06/2024,13.60107678
05/07/2024,13.40509585
05/08/2024,10.34779329
05/09/2024,8.62316107
05/10/2024,7.91762971
05/11/2024,7.05531360
05/12/2024,6.19299750
05/13/2024,5.33068139
05/14/2024,4.70354240
05/15/2024,4.23318816
05/16/2024,3.87650286
05/17/2024,3.57469223
05/18/2024,3.23368540
05/19/2024,2.98282981
05/20/2024,2.79468811
05/21/2024,2.68493879
05/22/2024,3.06514180
05/23/2024,2.82212544
05/24/2024,2.61046603
05/25/2024,2.52815404
05/26/2024,2.39096739
05/27/2024,2.28121807
05/28/2024,2.21066493
05/29/2024,2.29297692
05/30/2024,2.14403141
05/31/2024,2.04212133
06/01/2024,1.96764857
06/02/2024,2.77509002
06/03/2024,10.85734371
06/04/2024,6.07540894
06/05/2024,4.50756147
06/06/2024,3.78243202
06/07/2024,3.33951511
06/08/2024,3.02594561
06/09/2024,2.79468811
06/10/2024,2.60262680
06/11/2024,2.44584205
06/12/2024,2.30865540
06/13/2024,2.19498645
06/14/2024,2.08915675
06/15/2024,2.13227256
06/16/2024,2.00684476
06/17/2024,1.99116628
06/18/2024,1.87749734
06/19/2024,1.79126573
06/20/2024,1.70895374
06/21/2024,1.63840060
06/22/2024,1.58744556
06/23/2024,1.50905319
06/24/2024,1.45809814
06/25/2024,1.40714310
06/26/2024,1.35226844
06/27/2024,1.31699187
06/28/2024,1.26995645
06/29/2024,1.22684064
06/30/2024,1.20724255
07/01/2024,1.17196598
07/02/2024,1.13276980
07/03/2024,1.10141285
07/04/2024,1.07005590
07/05/2024,1.04261857
07/06/2024,1.01126162
07/07/2024,0.98774390
07/08/2024,0.96814581
07/09/2024,0.96030657
07/10/2024,0.95246734
07/11/2024,0.93286924
07/12/2024,0.91719077
07/13/2024,0.89759268
07/14/2024,0.88975344
07/15/2024,0.86623573
07/16/2024,0.85447687
07/17/2024,0.84271801
07/18/2024,0.82703954
07/19/2024,0.80352183
07/20/2024,0.79176297
07/21/2024,0.78392373
07/22/2024,0.78000412
07/23/2024,0.76432564
07/24/2024,0.75256678
07/25/2024,0.74472755
07/26/2024,0.74080793
07/27/2024,0.72904907
07/28/2024,0.71729022
07/29/2024,0.71729022
07/30/2024,0.72120984
07/31/2024,0.69769212
08/01/2024,0.67809403
08/02/2024,0.66241556
08/03/2024,0.66633517
08/04/2024,0.66241556
08/05/2024,0.63889784
08/06/2024,0.61929975
08/07/2024,0.61146051
08/08/2024,0.60754089
08/09/2024,0.60362127
08/10/2024,0.59578204
08/11/2024,0.58402318
08/12/2024,0.58010356
08/13/2024,0.57618394
08/14/2024,0.56834471
08/15/2024,0.56050547
08/16/2024,0.55266623
08/17/2024,0.67025479
08/18/2024,0.70553136
08/19/2024,0.59578204
08/20/2024,0.56442509
08/21/2024,0.55658585
08/22/2024,0.56050547
08/23/2024,0.75648640
08/24/2024,0.69769212
08/25/2024,0.60754089
08/26/2024,0.57226433
08/27/2024,0.54874661
08/28/2024,0.52914852
08/29/2024,0.52522890
08/30/2024,0.50563081
08/31/2024,0.49779157
09/01/2024,0.48995233
09/02/2024,0.48603271
09/03/2024,0.47819348
09/04/2024,0.47427386
09/05/2024,0.45859538
09/06/2024,0.45075615
09/07/2024,0.44683653
09/08/2024,0.43899729
09/09/2024,0.43115805
09/10/2024,0.42723843
09/11/2024,0.53698776
09/12/2024,0.75256678
09/13/2024,0.59578204
09/14/2024,0.52522890
09/15/2024,0.49387195
09/16/2024,0.48211310
09/17/2024,0.47819348
09/18/2024,0.47035424
09/19/2024,0.45859538
09/20/2024,0.45075615
09/21/2024,0.43899729
09/22/2024,0.43507767
09/23/2024,0.43507767
09/24/2024,0.43507767
09/25/2024,0.45075615
09/26/2024,0.47427386
09/27/2024,0.44683653
09/28/2024,0.43899729
09/29/2024,0.43115805
09/30/2024,0.41939920
10/01/2024,0.40764034
10/02/2024,0.40764034
10/03/2024,0.40764034
10/04/2024,0.41547958
10/05/2024,0.42723843
10/06/2024,0.41547958
10/07/2024,0.40764034
10/08/2024,0.40764034
10/09/2024,0.40764034
10/10/2024,0.40764034
10/11/2024,0.40372072
10/12/2024,0.39000206
10/13/2024,0.39000206
10/14/2024,0.39000206
10/15/2024,0.39000206
10/16/2024,0.39588149
10/17/2024,0.58010356
10/18/2024,0.50563081
10/19/2024,0.45859538
10/20/2024,0.44683653
10/21/2024,0.86231611
10/22/2024,0.87407496
10/23/2024,0.66633517
10/24/2024,0.59970166
10/25/2024,0.55658585
10/26/2024,0.53306814
10/27/2024,1.31699187
10/28/2024,2.35961044
10/29/2024,2.23810226
10/30/2024,1.92453277
10/31/2024,3.59820994
11/01/2024,11.87644457
11/02/2024,11.13171702
11/03/2024,11.75885601
11/04/2024,7.25129454
11/05/2024,5.17389664
11/06/2024,3.86082439
11/07/2024,3.15137341
11/08/2024,2.81036659
11/09/2024,2.52031480
11/10/2024,2.27729845
11/11/2024,3.08865951
11/12/2024,5.60505470
11/13/2024,12.38599499
11/14/2024,18.14783444
11/15/2024,10.54377422
11/16/2024,7.05531360
11/17/2024,24.69359761
11/18/2024,19.83327046
11/19/2024,11.75885601
11/20/2024,12.54277974
11/21/2024,14.14982339
11/22/2024,18.69658105
11/23/2024,17.95185350
11/24/2024,12.66036830
11/25/2024,10.03422379
11/26/2024,8.27039539
11/27/2024,6.62415555
11/28/2024,5.48746614
11/29/2024,4.62515003
11/30/2024,4.03720723
12/01/2024,3.57077261
12/02/2024,3.25720311
12/03/2024,3.03770447
12/04/2024,2.92011591
12/05/2024,2.86524125
12/06/2024,2.77509002
12/07/2024,3.36303282
12/08/2024,3.70795926
12/09/2024,3.17489112
12/10/2024,2.87700010
12/11/2024,2.68493879
12/12/2024,2.70061726
12/13/2024,3.25720311
12/14/2024,4.70354240
12/15/2024,5.52666232
12/16/2024,8.66235726
12/17/2024,19.75487809
12/18/2024,19.63728953
12/19/2024,14.03223483
12/20/2024,10.23020473
12/21/2024,8.27039539
12/22/2024,7.64325640
12/23/2024,9.01512294
12/24/2024,15.52168993
12/25/2024,14.54178526
12/26/2024,29.78910188
12/27/2024,36.17808031
12/28/2024,30.72981036
12/29/2024,41.54795789
12/30/2024,27.90768492
12/31/2024,17.63828401
01/01/2025,13.60107678
01/02/2025,17.40310689
01/03/2025,27.90768492
01/04/2025,26.02626796
01/05/2025,27.39813449
01/06/2025,23.24333871
01/07/2025,16.22722129
01/08/2025,11.68046363
01/09/2025,9.05431912
01/10/2025,7.99602208
01/11/2025,7.17290216
01/12/2025,6.27138987
01/13/2025,5.56585851
01/14/2025,5.05630808
01/15/2025,4.66434622
01/16/2025,4.46836528
01/17/2025,4.19399198
01/18/2025,3.90002058
01/19/2025,3.68444155
01/20/2025,3.46886252
01/21/2025,3.29639930
01/22/2025,3.15921265
01/23/2025,3.01810637
01/24/2025,2.91227667
01/25/2025,2.77509002
01/26/2025,2.69277803
01/27/2025,2.63398375
01/28/2025,2.53991290
01/29/2025,2.47719900
01/30/2025,2.42232434
01/31/2025,4.03720723
02/01/2025,6.89852886
02/02/2025,5.25228902
02/03/2025,4.46836528
02/04/2025,3.99801104
02/05/2025,3.73147697
02/06/2025,3.54333528
02/07/2025,3.32383663
02/08/2025,3.19840883
02/09/2025,3.06514180
02/10/2025,2.95931209
02/11/2025,2.84172353
02/12/2025,2.74373307
02/13/2025,2.74373307
02/14/2025,3.20624807
02/15/2025,3.10041837
02/16/2025,6.70254792
02/17/2025,15.24731662
02/18/2025,13.67946915
02/19/2025,12.15081787
02/20/2025,12.69956449
02/21/2025,9.83824286
02/22/2025,8.74074963
02/23/2025,58.01035630
02/24/2025,41.54795789
02/25/2025,24.38002812
02/26/2025,15.63927849
02/27/2025,11.05332465
02/28/2025,8.97592675
03/01/2025,7.80004115
03/02/2025,7.05531360
03/03/2025,6.23219368
03/04/2025,5.72264326
03/05/2025,5.33068139
03/06/2025,4.93871952
03/07/2025,4.46836528
03/08/2025,4.11559960
03/09/2025,3.84514591
03/10/2025,3.64524536
03/11/2025,3.48846062
03/12/2025,4.35077672
03/13/2025,5.56585851
03/14/2025,5.36987758
03/15/2025,7.99602208
03/16/2025,27.51572305
03/17/2025,15.24731662
03/18/2025,10.70055897
03/19/2025,8.46637632
03/20/2025,8.62316107
03/21/2025,17.05034121
03/22/2025,25.16395185
03/23/2025,18.03024588
03/24/2025,17.63828401
03/25/2025,20.57799801
03/26/2025,22.02825692
03/27/2025,23.83128151
03/28/2025,20.89156750
03/29/2025,16.38400604
03/30/2025,12.46438737
03/31/2025,10.46538185
04/01/2025,9.25030006
04/02/2025,8.54476870
04/03/2025,7.44727547
04/04/2025,6.46737080
04/05/2025,5.87942800
04/06/2025,6.03621275
04/07/2025,11.44528651
04/08/2025,10.73975515
04/09/2025,11.64126745
04/10/2025,10.58297041
04/11/2025,9.64226193
04/12/2025,7.80004115
04/13/2025,6.54576318
04/14/2025,5.84023182
04/15/2025,5.68344707
04/16/2025,5.48746614
04/17/2025,4.97791571
04/18/2025,4.50756147
04/19/2025,4.23318816
04/20/2025,3.95881486
04/21/2025,3.74323583
04/22/2025,3.55117451
04/23/2025,3.38655053
04/24/2025,3.26112273
04/25/2025,3.22584616
04/26/2025,3.21408731
04/27/2025,3.05730256
04/28/2025,2.90835705
04/29/2025,2.86524125
04/30/2025,2.76725078
05/01/2025,2.74765269
05/02/2025,2.81428620
05/03/2025,2.75157231
05/04/2025,2.52031480
05/05/2025,2.37136929
05/06/2025,2.30473578
05/07/2025,2.28513768
05/08/2025,2.25378073
05/09/2025,2.20282569
05/10/2025,2.14403141
05/11/2025,2.06563904
05/12/2025,2.19498645
05/13/2025,2.15579027
05/14/2025,2.06171942
05/15/2025,1.94805048
05/16/2025,1.86181887
05/17/2025,1.94805048
05/18/2025,2.04212133
05/19/2025,2.22242379
05/20/2025,2.25378073
05/21/2025,2.08131751
05/22/2025,1.97940743
05/23/2025,1.86573849
05/24/2025,1.78342649
05/25/2025,1.74031069
05/26/2025,1.66191832
05/27/2025,1.56784747
05/28/2025,1.47769624
05/29/2025,1.41890196
05/30/2025,1.36010768
05/31/2025,1.30915264
06/01/2025,1.25819759
06/02/2025,1.19548369
06/03/2025,1.16020713
06/04/2025,1.12101094
06/05/2025,1.08965399
06/06/2025,1.06221666
06/07/2025,1.03085971
06/08/2025,1.00734200
06/09/2025,0.97206543
06/10/2025,0.95246734
06/11/2025,0.93286924
06/12/2025,0.90543191
06/13/2025,0.89367306
06/14/2025,0.87407496
06/15/2025,0.86231611
06/16/2025,0.83879840
06/17/2025,0.82311992
06/18/2025,0.81528068
06/19/2025,0.80352183
06/20/2025,0.92111039
06/21/2025,1.17980522
06/22/2025,1.19940331
06/23/2025,1.03869895
06/24/2025,0.96814581
06/25/2025,0.92894962
06/26/2025,0.90151229
06/27/2025,0.87015534
06/28/2025,0.84663763
06/29/2025,0.83095916
06/30/2025,0.81136106
07/01/2025,0.78392373
07/02/2025,0.76824526
07/03/2025,0.75256678
07/04/2025,0.73688831
07/05/2025,0.72904907
07/06/2025,0.71337060
07/07/2025,0.70553136
07/08/2025,0.68593327
07/09/2025,0.66633517
07/10/2025,0.65849594
07/11/2025,0.65065670
07/12/2025,0.65457632
07/13/2025,0.64281746
07/14/2025,0.61929975
07/15/2025,0.61146051
07/16/2025,0.59970166
07/17/2025,0.59186242
07/18/2025,0.58402318
07/19/2025,0.57618394
07/20/2025,0.58010356
07/21/2025,0.57226433
07/22/2025,0.56834471
07/23/2025,0.56050547
07/24/2025,0.54482699
07/25/2025,0.54090738
07/26/2025,0.54090738
07/27/2025,0.53698776
07/28/2025,0.52914852
07/29/2025,0.52130928
07/30/2025,0.52130928
07/31/2025,0.52130928
08/01/2025,0.51347005
08/02/2025,0.50563081
08/03/2025,0.50171119
08/04/2025,0.50171119
08/05/2025,0.49387195
08/06/2025,0.49387195
08/07/2025,0.52130928
08/08/2025,0.50171119
08/09/2025,0.48603271
08/10/2025,0.48211310
08/11/2025,0.47035424
08/12/2025,0.46643462
08/13/2025,0.46643462
08/14/2025,0.46251500
08/15/2025,0.46643462
08/16/2025,0.55658585
08/17/2025,0.51347005
08/18/2025,0.48603271
08/19/2025,0.47035424
08/20/2025,0.46643462
08/21/2025,0.46251500
08/22/2025,0.45075615
08/23/2025,0.44683653
08/24/2025,0.43899729
08/25/2025,0.43899729
08/26/2025,0.43899729
08/27/2025,0.43115805
08/28/2025,0.43115805
08/29/2025,0.42723843
08/30/2025,0.41547958
08/31/2025,0.41547958
09/01/2025,0.41939920
09/02/2025,0.41939920
09/03/2025,0.42331882
09/04/2025,0.44291691
09/05/2025,0.41939920
09/06/2025,0.41547958
09/07/2025,0.41547958
09/08/2025,0.42331882
09/09/2025,0.45075615
09/10/2025,0.45075615
09/11/2025,0.43899729
09/12/2025,0.43507767
09/13/2025,0.42331882
09/14/2025,0.54482699
09/15/2025,0.50171119
09/16/2025,0.44683653
09/17/2025,0.43115805
09/18/2025,0.42331882
09/19/2025,0.42331882
09/20/2025,0.41939920
09/21/2025,0.43507767
09/22/2025,0.45075615
09/23/2025,0.41939920
09/24/2025,0.40764034
09/25/2025,0.40764034
09/26/2025,0.40764034
09/27/2025,0.40372072
09/28/2025,0.39980110
09/29/2025,0.41155996
09/30/2025,0.45859538
10/01/2025,0.63497822
10/02/2025,0.55266623
10/03/2025,0.47427386
10/04/2025,0.45467577
10/05/2025,0.43899729
10/06/2025,0.42723843
10/07/2025,0.41939920
10/08/2025,0.41155996
10/09/2025,0.40764034
10/10/2025,0.50955043
10/11/2025,0.79568259
10/12/2025,1.26603683
10/13/2025,2.40272624
10/14/2025,1.32483111
10/15/2025,0.97206543
10/16/2025,0.83487878
10/17/2025,0.76040602
10/18/2025,0.71337060
10/19/2025,1.02302047
10/20/2025,1.28955454
10/21/2025,1.01126162
10/22/2025,0.90935153
10/23/2025,0.83487878
10/24/2025,0.84663763
10/25/2025,1.98724667
10/26/2025,3.91961867
10/27/2025,3.31991701
10/28/2025,2.59478756
10/29/2025,3.02594561
10/30/2025,2.50071671
10/31/2025,2.12443332
11/01/2025,2.43800281
11/02/2025,2.92011591
11/03/2025,2.39880663
11/04/2025,2.22242379
11/05/2025,2.26945921
11/06/2025,2.88091972
11/07/2025,3.42574672
11/08/2025,2.82212544
11/09/2025,2.40272624
11/10/2025,2.08915675
11/11/2025,1.86181887
11/12/2025,1.68935565
11/13/2025,1.56392785
11/14/2025,1.45417853
11/15/2025,1.32091149
11/16/2025,1.27779569
11/17/2025,1.37970577
11/18/2025,1.28563492
11/19/2025,1.19548369
11/20/2025,1.36010768
11/21/2025,1.22684064
11/22/2025,1.16020713
11/23/2025,1.17196598
11/24/2025,1.95588972
11/25/2025,1.67759679
11/26/2025,1.77558726
11/27/2025,2.06955866
11/28/2025,2.42232434
11/29/2025,2.33217311
11/30/2025,2.09699599
12/01/2025,1.89317582
12/02/2025,1.73639107
12/03/2025,1.59136518
12/04/2025,1.53649052
12/05/2025,6.82013648
12/06/2025,7.29049072
12/07/2025,5.87942800
12/08/2025,12.97393779
12/09/2025,27.12376119
12/10/2025,27.55491924
12/11/2025,13.64027297
12/12/2025,8.07441446
12/13/2025,5.68344707
12/14/2025,4.38997291
12/15/2025,5.01711190
12/16/2025,5.44826995
12/17/2025,13.09152635
12/18/2025,45.07561469
12/19/2025,74.08079284
12/20/2025,27.04536881
12/21/2025,17.32471452
12/22/2025,15.40410137
12/23/2025,12.22921025
12/24/2025,9.99502761
12/25/2025,8.42718014
12/26/2025,7.44727547
12/27/2025,6.66335174
12/28/2025,5.76183944
12/29/2025,5.13470046
12/30/2025,4.58595384
12/31/2025,4.15479579
