{
  "summary": [
    {
      "lane": "source_wepp1",
      "n_days": 12419,
      "max_abs_ofe_error_mm": 7371.860000000004,
      "max_abs_hillslope_error_mm": 47313.4101,
      "max_abs_hillslope_error_day_year": 1996,
      "max_abs_hillslope_error_day_julian": 37,
      "first_abs_gt1_year": 1987,
      "first_abs_gt1_julian": 1,
      "first_abs_gt1_ofe": 1,
      "first_abs_gt1_mm": 43.77,
      "day44_hillslope_error_mm": -180.31779000000003,
      "day45_hillslope_error_mm": -0.04820000000005997,
      "day44_ofe14_error_mm": 0.007979999999975007,
      "day44_ofe15_error_mm": 0.016079999999959682,
      "day44_ofe16_error_mm": 0.013119999999958054,
      "day44_ofe17_error_mm": 0.009899999999987585,
      "day44_ofe18_error_mm": 0.019100000000094042,
      "day44_ofe19_error_mm": -180.45899999999995,
      "outlet_max_abs_runvol_minus_qofe_m3": 16.390341717720002,
      "outlet_max_abs_day_year": 2010,
      "outlet_max_abs_day_julian": 219,
      "max_abs_subsurface_residual_m3": 0.10869590000004337,
      "max_abs_surface_residual_m3": 0.10869590000947937
    },
    {
      "lane": "C000_baseline",
      "n_days": 12419,
      "max_abs_ofe_error_mm": 7371.860000000004,
      "max_abs_hillslope_error_mm": 47313.4101,
      "max_abs_hillslope_error_day_year": 1996,
      "max_abs_hillslope_error_day_julian": 37,
      "first_abs_gt1_year": 1987,
      "first_abs_gt1_julian": 1,
      "first_abs_gt1_ofe": 1,
      "first_abs_gt1_mm": 43.77,
      "day44_hillslope_error_mm": -180.31779000000003,
      "day45_hillslope_error_mm": -0.04820000000001734,
      "day44_ofe14_error_mm": 0.007979999999975007,
      "day44_ofe15_error_mm": 0.016079999999959682,
      "day44_ofe16_error_mm": 0.013119999999958054,
      "day44_ofe17_error_mm": 0.009899999999987585,
      "day44_ofe18_error_mm": 0.019100000000094042,
      "day44_ofe19_error_mm": -180.45899999999995,
      "outlet_max_abs_runvol_minus_qofe_m3": 16.390341717720002,
      "outlet_max_abs_day_year": 2010,
      "outlet_max_abs_day_julian": 219,
      "max_abs_subsurface_residual_m3": 0.10869590000004337,
      "max_abs_surface_residual_m3": 0.10869590000947937
    },
    {
      "lane": "C010_dcc52a6",
      "n_days": 12419,
      "max_abs_ofe_error_mm": 7369.880000000003,
      "max_abs_hillslope_error_mm": 47310.43,
      "max_abs_hillslope_error_day_year": 1996,
      "max_abs_hillslope_error_day_julian": 37,
      "first_abs_gt1_year": 1987,
      "first_abs_gt1_julian": 1,
      "first_abs_gt1_ofe": 1,
      "first_abs_gt1_mm": 43.77,
      "day44_hillslope_error_mm": 0.12129999999987007,
      "day45_hillslope_error_mm": -0.0361000000000562,
      "day44_ofe14_error_mm": 0.005639999999971224,
      "day44_ofe15_error_mm": 0.01599999999996271,
      "day44_ofe16_error_mm": 0.01310999999995488,
      "day44_ofe17_error_mm": 0.004899999999992133,
      "day44_ofe18_error_mm": 0.014099999999984902,
      "day44_ofe19_error_mm": -0.002299999999991087,
      "outlet_max_abs_runvol_minus_qofe_m3": 10.664038444387,
      "outlet_max_abs_day_year": 2019,
      "outlet_max_abs_day_julian": 171,
      "max_abs_subsurface_residual_m3": 0.0,
      "max_abs_surface_residual_m3": 0.0
    },
    {
      "lane": "C020_winbootstrap",
      "n_days": 12419,
      "max_abs_ofe_error_mm": 7370.539999999995,
      "max_abs_hillslope_error_mm": 47310.780099999996,
      "max_abs_hillslope_error_day_year": 1996,
      "max_abs_hillslope_error_day_julian": 37,
      "first_abs_gt1_year": 1987,
      "first_abs_gt1_julian": 1,
      "first_abs_gt1_ofe": 1,
      "first_abs_gt1_mm": 43.77,
      "day44_hillslope_error_mm": 0.1361899999996936,
      "day45_hillslope_error_mm": -0.01590000000006775,
      "day44_ofe14_error_mm": 0.011419999999958463,
      "day44_ofe15_error_mm": 0.016079999999959682,
      "day44_ofe16_error_mm": 0.013129999999961228,
      "day44_ofe17_error_mm": 0.012999999999976808,
      "day44_ofe18_error_mm": 0.00909999999998945,
      "day44_ofe19_error_mm": -0.0079000000000633,
      "outlet_max_abs_runvol_minus_qofe_m3": 4.798034499981441,
      "outlet_max_abs_day_year": 1996,
      "outlet_max_abs_day_julian": 339,
      "max_abs_subsurface_residual_m3": 0.10869590000001494,
      "max_abs_surface_residual_m3": 0.10869590000947937
    }
  ],
  "source_hashes": {
    "H2637.wat.dat": "d7dd9da1e66705c96d921517a9506990d6520327322c62f3a8ca8f5c7f99b381",
    "H2637.pass.dat": "c1d6124f8c47f5e7caa780744311de2efea79e1fc7c3ed89247cd48e1a02ae29",
    "H2637.soil.dat": "62d0d9c1681b3f8f519a0ac7571f86af902cf0167d641b660dc8e0e1a74103a3",
    "H2637.element.dat": "ea611e99e61eeecd10c173523ed48c4e9b5341c68ec12a2d0bd8d07652f3047c",
    "H2637.loss.dat": "5300e59860af0ebce0321ac1ed9253431b9bd670ad5b2178d36154fa78af6731",
    "H2637.plot.dat": "95e720e92e641418dd901daf243d5accb7f6109751229685da77c160a7f0e605",
    "H2637.ebe.dat": "d889c3ecaa709a04295f27165b5c18a56ecd0b68ab27decf29d201dc69d48438"
  }
}