site,comparison,outlet,duration_min,F,S,reference_probability,rain_mm,probability30,probability_change_pp,threshold10_mm_h,threshold30_mm_h,threshold_change_mm_h,threshold_change_pct
moscow_mountain,controlled,terminal,15,0.25,0.25,0.25,9.19903070596114,0.2495180855016885,-0.04819144983115031,36.79612282384456,36.83239776714363,0.03627494329906966,0.09858360206245198
moscow_mountain,controlled,terminal,15,0.25,0.25,0.5,13.069068132249605,0.49908653863126595,-0.09134613687340476,52.27627252899842,52.32780836148149,0.05153583248306859,0.09858360206245198
moscow_mountain,controlled,terminal,15,0.25,0.25,0.75,16.93910555853807,0.7491109801400176,-0.0889019859982354,67.75642223415228,67.82321895581934,0.06679672166706041,0.09858360206242978
moscow_mountain,controlled,terminal,15,0.25,0.75,0.25,5.032774117761134,0.24973626854312259,-0.026373145687741406,20.131096471044536,20.141949316512438,0.010852845467901773,0.05391085122219419
moscow_mountain,controlled,terminal,15,0.25,0.75,0.5,7.150065038550215,0.499500246442821,-0.04997535571790168,28.60026015420086,28.615678797901754,0.015418643700893853,0.05391085122219419
moscow_mountain,controlled,terminal,15,0.25,0.75,0.75,9.267355959339296,0.7495138790778008,-0.04861209221992402,37.069423837357185,37.089408279291064,0.019984441933878827,0.05391085122219419
moscow_mountain,controlled,terminal,15,0.75,0.25,0.25,5.8176097406814264,0.24969515769220688,-0.030484230779312393,23.270438962725706,23.284941848408025,0.014502885682318833,0.06232321489745285
moscow_mountain,controlled,terminal,15,0.75,0.25,0.5,8.265081452389891,0.4994223124724758,-0.05776875275241844,33.060325809559565,33.080930067459654,0.02060425790008935,0.06232321489745285
moscow_mountain,controlled,terminal,15,0.75,0.25,0.75,10.712553164098356,0.7494380142848079,-0.05619857151920593,42.850212656393424,42.876918286511284,0.02670563011785987,0.06232321489745285
moscow_mountain,controlled,terminal,15,0.75,0.75,0.25,3.8185083080123716,0.24979988247959764,-0.020011752040235975,15.274033232049486,15.280280062746147,0.006246830696660766,0.04089837046807876
moscow_mountain,controlled,terminal,15,0.75,0.75,0.5,5.424956915149322,0.49962082276393754,-0.03791772360624557,21.69982766059729,21.708702536504852,0.008874875907562085,0.040898370468056555
moscow_mountain,controlled,terminal,15,0.75,0.75,0.75,7.031405522286272,0.7496312238666049,-0.03687761333951434,28.12562208914509,28.13712501026356,0.01150292111847051,0.04089837046807876
moscow_mountain,controlled,terminal,30,0.25,0.25,0.25,13.978048097073081,0.24951944338621324,-0.04805566137867645,27.956096194146163,27.982760862140662,0.02666466799449907,0.09538051310640228
moscow_mountain,controlled,terminal,30,0.25,0.25,0.5,19.68382409745428,0.4990971317809173,-0.09028682190826975,39.36764819490856,39.40519725975479,0.03754906484623177,0.09538051310642448
moscow_mountain,controlled,terminal,30,0.25,0.25,0.75,25.389600097835476,0.7491255443903944,-0.087445560960564,50.77920019567095,50.82763365736892,0.04843346169796803,0.09538051310642448
moscow_mountain,controlled,terminal,30,0.25,0.75,0.25,7.224350757741736,0.2497515542924473,-0.02484457075526969,14.448701515483473,14.455820870838334,0.007119355354861412,0.04927332291577713
moscow_mountain,controlled,terminal,30,0.25,0.75,0.5,10.173298056076606,0.4995333653273273,-0.04666346726727166,20.34659611215321,20.356621556157922,0.010025444004710948,0.04927332291577713
moscow_mountain,controlled,terminal,30,0.25,0.75,0.75,13.122245354411476,0.7495483042023496,-0.04516957976503644,26.24449070882295,26.257422241477506,0.012931532654555156,0.049273322915754925
moscow_mountain,controlled,terminal,30,0.75,0.25,0.25,9.359919769877266,0.2496781435390132,-0.03218564609868135,18.71983953975453,18.731791813670586,0.011952273916055134,0.06384816435349716
moscow_mountain,controlled,terminal,30,0.75,0.25,0.5,13.180596678239171,0.4993954249476502,-0.060457505234978726,26.361193356478342,26.378024494538135,0.01683113805979275,0.06384816435351937
moscow_mountain,controlled,terminal,30,0.75,0.25,0.75,17.001273586601076,0.7494146757254971,-0.058532427450286306,34.00254717320215,34.02425717540568,0.021710002203526813,0.06384816435351937
moscow_mountain,controlled,terminal,30,0.75,0.75,0.25,5.756438672324172,0.24980202251077838,-0.01979774892216235,11.512877344648343,11.517397020712565,0.004519676064221656,0.03925757157763332
moscow_mountain,controlled,terminal,30,0.75,0.75,0.5,8.106190897822021,0.4996281805451558,-0.03718194548442133,16.212381795644042,16.21874638303191,0.006364587387867715,0.039257571577655526
moscow_mountain,controlled,terminal,30,0.75,0.75,0.75,10.455943123319871,0.7496401280124705,-0.03598719875295142,20.911886246639742,20.920095745351258,0.00820949871151555,0.03925757157767773
moscow_mountain,controlled,terminal,60,0.25,0.25,0.25,22.131939160461258,0.24949276320464472,-0.05072367953552759,22.131939160461258,22.157340340490652,0.02540118002939451,0.11477159703554562
moscow_mountain,controlled,terminal,60,0.25,0.25,0.5,32.42860506460611,0.49900836510249863,-0.099163489750137,32.42860506460611,32.465823892535106,0.03721882792899578,0.11477159703554562
moscow_mountain,controlled,terminal,60,0.25,0.25,0.75,42.72527096875096,0.7490188464505806,-0.09811535494194112,42.72527096875096,42.774307444579556,0.049036475828593495,0.11477159703552342
moscow_mountain,controlled,terminal,60,0.25,0.75,0.25,12.00527014706095,0.24972476869977822,-0.027523130022177877,12.00527014706095,12.012740322862589,0.007470175801639556,0.06222413748404598
moscow_mountain,controlled,terminal,60,0.25,0.75,0.5,17.590603402184275,0.4994620961244557,-0.053790387554430996,17.590603402184275,17.601549003429525,0.010945601245250458,0.06222413748406819
moscow_mountain,controlled,terminal,60,0.25,0.75,0.75,23.175936657307602,0.7494680996645373,-0.05319003354626872,23.175936657307602,23.190357683996464,0.01442102668886136,0.06222413748406819
moscow_mountain,controlled,terminal,60,0.75,0.25,0.25,15.069873181180762,0.24965454239703386,-0.03454576029661427,15.069873181180762,15.081645855569917,0.011772674389154858,0.07812059363483392
moscow_mountain,controlled,terminal,60,0.75,0.25,0.5,22.080982702106127,0.4993247847579902,-0.06752152420098079,22.080982702106127,22.098232496873415,0.01724979476728805,0.07812059363483392
moscow_mountain,controlled,terminal,60,0.75,0.25,0.75,29.09209222303149,0.7493322000406879,-0.06677999593120987,29.09209222303149,29.114819138176912,0.02272691514542302,0.07812059363483392
moscow_mountain,controlled,terminal,60,0.75,0.75,0.25,9.572058052493153,0.24978053587387755,-0.021946412612244837,9.572058052493153,9.576806403642028,0.004748351148874619,0.04960637642223986
moscow_mountain,controlled,terminal,60,0.75,0.75,0.5,14.02536343468395,0.49957111770215173,-0.04288822978482654,14.02536343468395,14.032320909263946,0.006957474579996514,0.04960637642223986
moscow_mountain,controlled,terminal,60,0.75,0.75,0.75,18.478668816874748,0.7495759653601713,-0.04240346398286521,18.478668816874748,18.487835414885865,0.009166598011116633,0.04960637642223986
moscow_mountain,controlled,nested_20000,15,0.25,0.25,0.25,7.254488591729039,0.2278482375565149,-2.21517624434851,29.017954366916157,30.4387105740483,1.4207562071321433,4.896128063224103
moscow_mountain,controlled,nested_20000,15,0.25,0.25,0.5,10.30645604960271,0.4568159018427609,-4.3184098157239115,41.22582419841084,43.244293346284664,2.018469147873823,4.896128063224103
moscow_mountain,controlled,nested_20000,15,0.25,0.25,0.75,13.358423507476383,0.7056117467402921,-4.438825325970786,53.43369402990553,56.049876118521034,2.6161820886155027,4.896128063224103
moscow_mountain,controlled,nested_20000,15,0.25,0.75,0.25,4.389118934584386,0.23642907685188344,-1.357092314811656,17.556475738337543,18.066677737666595,0.5102019993290519,2.906061597629983
moscow_mountain,controlled,nested_20000,15,0.25,0.75,0.5,6.235623755387477,0.4738313832260241,-2.6168616773975915,24.94249502154991,25.667339290861943,0.7248442693120332,2.906061597629983
moscow_mountain,controlled,nested_20000,15,0.25,0.75,0.75,8.08212857619057,0.7236855284878465,-2.6314471512153492,32.32851430476228,33.26800084405729,0.9394865392950109,2.906061597629983
moscow_mountain,controlled,nested_20000,15,0.75,0.25,0.25,4.974369856152453,0.23465846808010862,-1.5341531919891378,19.897479424609813,20.555364077391083,0.6578846527812701,3.3063718209834114
moscow_mountain,controlled,nested_20000,15,0.75,0.25,0.5,7.067090071015543,0.47034973021345994,-2.965026978654006,28.268360284062172,29.203017382748467,0.9346570986862943,3.306371820983389
moscow_mountain,controlled,nested_20000,15,0.75,0.25,0.75,9.159810285878633,0.7200501253866373,-2.9949874613362737,36.63924114351453,37.85067068810585,1.2114295445913186,3.306371820983389
moscow_mountain,controlled,nested_20000,15,0.75,0.75,0.25,3.436178674243788,0.23933177000910416,-1.066822999089584,13.744714696975151,14.055462003131959,0.31074730615680757,2.2608494465526707
moscow_mountain,controlled,nested_20000,15,0.75,0.75,0.5,4.881780987987593,0.4795057148725536,-2.0494285127446386,19.527123951950372,19.9686028257457,0.4414788737953259,2.2608494465526707
moscow_mountain,controlled,nested_20000,15,0.75,0.75,0.75,6.327383301731398,0.7295420464257567,-2.0457953574243293,25.309533206925593,25.881743648359436,0.5722104414338425,2.2608494465526707
moscow_mountain,controlled,nested_20000,30,0.25,0.25,0.25,11.0994508112549,0.22776097011826754,-2.2239029881732457,22.1989016225098,23.25643873965317,1.0575371171433687,4.763916409589486
moscow_mountain,controlled,nested_20000,30,0.25,0.25,0.5,15.630196421547296,0.4570207790411408,-4.2979220958859194,31.260392843094593,32.74961182744891,1.4892189843543164,4.763916409589464
moscow_mountain,controlled,nested_20000,30,0.25,0.25,0.75,20.160942031839692,0.7060576094269861,-4.394239057301386,40.321884063679384,42.24278491524465,1.9209008515652641,4.763916409589464
moscow_mountain,controlled,nested_20000,30,0.25,0.75,0.25,6.3704596634246204,0.237062107739659,-1.2937892260341006,12.740919326849241,13.082353968422973,0.3414346415737324,2.6798273563683805
moscow_mountain,controlled,nested_20000,30,0.25,0.75,0.5,8.970852479827636,0.4752914643412169,-2.4708535658783113,17.941704959655272,18.42251167736302,0.48080671770774686,2.6798273563684027
moscow_mountain,controlled,nested_20000,30,0.25,0.75,0.75,11.571245296230652,0.7253237623085352,-2.4676237691464764,23.142490592461304,23.762669386303063,0.6201787938417596,2.6798273563684027
moscow_mountain,controlled,nested_20000,30,0.75,0.25,0.25,7.97496985911329,0.233877219926759,-1.6122780073240999,15.94993971822658,16.48866256882603,0.5387228505994504,3.377585496350388
moscow_mountain,controlled,nested_20000,30,0.75,0.25,0.5,11.230316479033718,0.4690824731279273,-3.091752687207272,22.460632958067436,23.21926003924762,0.7586270811801832,3.377585496350388
moscow_mountain,controlled,nested_20000,30,0.75,0.25,0.75,14.485663098954145,0.7188753853110097,-3.1124614688990304,28.97132619790829,29.949857509669204,0.9785313117609142,3.3775854963504104
moscow_mountain,controlled,nested_20000,30,0.75,0.75,0.25,5.200956651954254,0.2394022855245645,-1.0597714475435505,10.401913303908508,10.628378337410364,0.22646503350185654,2.17714786583314
moscow_mountain,controlled,nested_20000,30,0.75,0.75,0.5,7.323963629584943,0.4798220315711454,-2.0177968428854607,14.647927259169887,14.966834294881691,0.31890703571180445,2.177147865833118
moscow_mountain,controlled,nested_20000,30,0.75,0.75,0.75,9.446970607215633,0.7299655476368133,-2.0034452363186683,18.893941214431266,19.305290252353018,0.41134903792175237,2.177147865833118
moscow_mountain,controlled,nested_20000,60,0.25,0.25,0.25,16.868713162796517,0.22747725417604037,-2.2522745823959633,16.868713162796517,17.8035985461291,0.9348853833325812,5.542126268377401
moscow_mountain,controlled,nested_20000,60,0.25,0.25,0.5,24.716715202331603,0.4547024945043013,-4.529750549569872,24.716715202331603,26.086546768240048,1.369831565908445,5.542126268377379
moscow_mountain,controlled,nested_20000,60,0.25,0.25,0.75,32.56471724186669,0.7025007657075875,-4.749923429241254,32.56471724186669,34.369494990351,1.8047777484843124,5.542126268377379
moscow_mountain,controlled,nested_20000,60,0.25,0.75,0.25,10.267517405683058,0.2361170373242948,-1.3882962675705213,10.267517405683058,10.606523196924233,0.33900579124117414,3.3017308648878974
moscow_mountain,controlled,nested_20000,60,0.25,0.75,0.5,15.044378376825687,0.4723810043314365,-2.7618995668563517,15.044378376825687,15.541103261123862,0.49672488429817463,3.3017308648878974
moscow_mountain,controlled,nested_20000,60,0.25,0.75,0.75,19.821239347968316,0.7217000019157526,-2.8299998084247435,19.821239347968316,20.47568332532349,0.6544439773551751,3.3017308648878974
moscow_mountain,controlled,nested_20000,60,0.75,0.25,0.25,12.429256584950695,0.23326295189900412,-1.6737048100995882,12.429256584950695,12.92951692738617,0.5002603424354746,4.024861334355179
moscow_mountain,controlled,nested_20000,60,0.75,0.25,0.5,18.211845338888985,0.4665818847156771,-3.3418115284322925,18.211845338888985,18.944846860206493,0.7330015213175081,4.024861334355179
moscow_mountain,controlled,nested_20000,60,0.75,0.25,0.75,23.994434092827273,0.7154969715900089,-3.4503028409991088,23.994434092827273,24.96017679302681,0.965742700199538,4.0248613343551565
moscow_mountain,controlled,nested_20000,60,0.75,0.75,0.25,8.43394204056135,0.23855669921987518,-1.1443300780124814,8.43394204056135,8.661338795241722,0.22739675468037213,2.6962095967313138
moscow_mountain,controlled,nested_20000,60,0.75,0.75,0.5,12.357750199302554,0.47730569732472145,-2.2694302675278557,12.357750199302554,12.690941046116237,0.3331908468136824,2.696209596731336
moscow_mountain,controlled,nested_20000,60,0.75,0.75,0.75,16.28155835804376,0.7268957435728931,-2.3104256427106895,16.28155835804376,16.720543296990748,0.4389849389469873,2.696209596731336
moscow_mountain,controlled,nested_100000,15,0.25,0.25,0.25,6.729370757586865,0.22195325657591983,-2.8046743424080174,26.91748303034746,28.624242036868186,1.706759006520727,6.340708024581954
moscow_mountain,controlled,nested_100000,15,0.25,0.25,0.5,9.560420845326655,0.44492098960553195,-5.507901039446805,38.24168338130662,40.666476868200355,2.4247934868937335,6.340708024581954
moscow_mountain,controlled,nested_100000,15,0.25,0.25,0.75,12.391470933066445,0.6925125954538538,-5.74874045461462,49.56588373226578,52.70871169953252,3.14282796726674,6.340708024581954
moscow_mountain,controlled,nested_100000,15,0.25,0.75,0.25,4.191241816217713,0.2322604250958651,-1.7739574904134914,16.76496726487085,17.411580616050497,0.6466133511796457,3.8569317849761253
moscow_mountain,controlled,nested_100000,15,0.25,0.75,0.5,5.9544996212902355,0.4656098447454931,-3.4390155254506896,23.817998485160942,24.736642439280246,0.9186439541193039,3.8569317849761253
moscow_mountain,controlled,nested_100000,15,0.25,0.75,0.75,7.717757426362758,0.7150492365691465,-3.495076343085346,30.871029705451033,32.06170426251,1.1906745570589656,3.8569317849761253
moscow_mountain,controlled,nested_100000,15,0.75,0.25,0.25,4.721722895311479,0.23007888198705037,-1.9921118012949628,18.886891581245916,19.711571653337597,0.8246800720916809,4.366415026761539
moscow_mountain,controlled,nested_100000,15,0.75,0.25,0.5,6.70815439070557,0.4612735700074282,-3.872642999257181,26.83261756282228,28.004241008158804,1.1716234453365253,4.366415026761539
moscow_mountain,controlled,nested_100000,15,0.75,0.25,0.75,8.694585886099661,0.7104216272104057,-3.9578372789594307,34.778343544398645,36.296910362980014,1.5185668185813697,4.3664150267615165
moscow_mountain,controlled,nested_100000,15,0.75,0.75,0.25,3.313698923382656,0.23590079124408406,-1.4099208755915944,13.254795693530625,13.655747596327815,0.40095190279719084,3.0249572461753305
moscow_mountain,controlled,nested_100000,15,0.75,0.75,0.5,4.707773936593819,0.47279419560696345,-2.720580439303655,18.831095746375276,19.40072834168947,0.569632595314193,3.0249572461753305
moscow_mountain,controlled,nested_100000,15,0.75,0.75,0.75,6.101848949804981,0.7226058884675524,-2.739411153244764,24.407395799219923,25.145709087051124,0.7383132878312004,3.0249572461753527
moscow_mountain,controlled,nested_100000,30,0.25,0.25,0.25,10.315260272593184,0.22179339116519195,-2.820660883480805,20.630520545186368,21.905370123588476,1.274849578402108,6.179434860161903
moscow_mountain,controlled,nested_100000,30,0.25,0.25,0.5,14.525902852466121,0.44507983976023013,-5.492016023976987,29.051805704932242,30.847043114169324,1.7952374092370817,6.179434860161881
moscow_mountain,controlled,nested_100000,30,0.25,0.25,0.75,18.736545432339057,0.6929834881162881,-5.7016511883711924,37.47309086467811,39.78871610475018,2.315625240072066,6.179434860161903
moscow_mountain,controlled,nested_100000,30,0.25,0.75,0.25,6.104121232159377,0.23302630586383236,-1.6973694136167645,12.208242464318754,12.643678900593818,0.43543643627506334,3.5667413843370355
moscow_mountain,controlled,nested_100000,30,0.25,0.75,0.5,8.59579590576171,0.4674152369513485,-3.258476304865149,17.19159181152342,17.80477143129132,0.6131796197679016,3.5667413843370355
moscow_mountain,controlled,nested_100000,30,0.25,0.75,0.75,11.087470579364043,0.7171266248881258,-3.287337511187416,22.174941158728085,22.965863961988823,0.790922803260738,3.5667413843370133
moscow_mountain,controlled,nested_100000,30,0.75,0.25,0.25,7.561921292042049,0.22909342175450925,-2.0906578245490746,15.123842584084098,15.797839660879028,0.6739970767949295,4.456520048047996
moscow_mountain,controlled,nested_100000,30,0.75,0.25,0.5,10.64866335540208,0.459663823499547,-4.033617650045302,21.29732671080416,22.246446345369428,0.9491196345652675,4.456520048047996
moscow_mountain,controlled,nested_100000,30,0.75,0.25,0.75,13.73540541876211,0.7088994875420046,-4.110051245799539,27.47081083752422,28.69505302985983,1.2242421923356126,4.456520048048018
moscow_mountain,controlled,nested_100000,30,0.75,0.75,0.25,5.0220588723067365,0.23597575950068347,-1.4024240499316525,10.044117744613473,10.33700792210232,0.2928901774888466,2.9160368778623713
moscow_mountain,controlled,nested_100000,30,0.75,0.75,0.5,7.072040585569646,0.4731791766158766,-2.6820823384123393,14.144081171139293,14.556527794124504,0.41244662298521106,2.9160368778623713
moscow_mountain,controlled,nested_100000,30,0.75,0.75,0.75,9.122022298832556,0.7231413635315513,-2.685863646844866,18.244044597665113,18.776047666146688,0.5320030684815755,2.9160368778623935
moscow_mountain,controlled,nested_100000,60,0.25,0.25,0.25,15.507340860113255,0.2217332032284139,-2.8266796771586113,15.507340860113255,16.61166444823986,1.104323588126606,7.121295637262093
moscow_mountain,controlled,nested_100000,60,0.25,0.25,0.5,22.721977893976877,0.4427480343891924,-5.725196561080759,22.721977893976877,24.340077114440312,1.618099220463435,7.121295637262093
moscow_mountain,controlled,nested_100000,60,0.25,0.25,0.75,29.936614927840502,0.6890241778945889,-6.097582210541108,29.936614927840502,32.06848978064076,2.1318748528002587,7.121295637262093
moscow_mountain,controlled,nested_100000,60,0.25,0.75,0.25,9.746705486209317,0.23195960653987832,-1.8040393460121678,9.746705486209317,10.171714224359443,0.42500873815012596,4.360537401601738
moscow_mountain,controlled,nested_100000,60,0.25,0.75,0.5,14.281263860420093,0.4639201836730238,-3.607981632697621,14.281263860420093,14.904003712475145,0.6227398520550516,4.360537401601738
moscow_mountain,controlled,nested_100000,60,0.25,0.75,0.75,18.815822234630872,0.7126189883881527,-3.738101161184726,18.815822234630872,19.636293200590845,0.8204709659599736,4.360537401601738
moscow_mountain,controlled,nested_100000,60,0.75,0.25,0.25,11.674117682254002,0.22850176476801065,-2.149823523198935,11.674117682254002,12.289140818344904,0.6150231360909029,5.268262260417411
moscow_mountain,controlled,nested_100000,60,0.75,0.25,0.5,17.10538552680803,0.45681799822937347,-4.3182001770626535,17.10538552680803,18.006542097015757,0.9011565702077284,5.268262260417411
moscow_mountain,controlled,nested_100000,60,0.75,0.25,0.75,22.536653371362057,0.7048438359976997,-4.5156164002300265,22.536653371362057,23.72394337568661,1.1872900043245522,5.268262260417389
moscow_mountain,controlled,nested_100000,60,0.75,0.75,0.25,8.079322095235593,0.23498028172825774,-1.5019718271742255,8.079322095235593,8.369192823828273,0.28987072859268004,3.5878100312848993
moscow_mountain,controlled,nested_100000,60,0.75,0.75,0.5,11.838146830089178,0.4700761425110029,-2.9923857488997117,11.838146830089178,12.262877049577353,0.42473021948817546,3.5878100312848993
moscow_mountain,controlled,nested_100000,60,0.75,0.75,0.75,15.596971564942763,0.7192456198763306,-3.075438012366938,15.596971564942763,16.156561275326432,0.5595897103836691,3.5878100312848993
moscow_mountain,controlled,nested_1000000,15,0.25,0.25,0.25,8.180986709974283,0.24885356063081446,-0.11464393691855423,32.72394683989713,32.80086510549955,0.07691826560241566,0.23505192078063786
moscow_mountain,controlled,nested_1000000,15,0.25,0.25,0.5,11.622732450756763,0.4978250195190015,-0.21749804809985118,46.49092980302705,46.60020762651785,0.10927782349079962,0.23505192078066006
moscow_mountain,controlled,nested_1000000,15,0.25,0.25,0.75,15.064478191539243,0.747879752137115,-0.21202478628850052,60.25791276615697,60.39955014753615,0.14163738137917647,0.23505192078063786
moscow_mountain,controlled,nested_1000000,15,0.25,0.75,0.25,4.711977737036074,0.24933925919416292,-0.06607408058370845,18.847910948144296,18.873402244589126,0.02549129644483017,0.13524733067216133
moscow_mountain,controlled,nested_1000000,15,0.25,0.75,0.5,6.694309438826206,0.4987472779059804,-0.12527220940196093,26.777237755304824,26.813453254596613,0.03621549929178869,0.13524733067216133
moscow_mountain,controlled,nested_1000000,15,0.25,0.75,0.75,8.676641140616338,0.748780260853042,-0.12197391469580543,34.70656456246535,34.753504264604096,0.046939702138743655,0.13524733067216133
moscow_mountain,controlled,nested_1000000,15,0.75,0.25,0.25,5.393177750647963,0.2492438339333136,-0.0756166066686409,21.572711002591852,21.606112032283516,0.03340102969166381,0.15483000577745099
moscow_mountain,controlled,nested_1000000,15,0.75,0.25,0.5,7.662090683845212,0.49856617562319266,-0.14338243768073355,30.648362735380847,30.69581559717473,0.047452861793882306,0.15483000577745099
moscow_mountain,controlled,nested_1000000,15,0.75,0.25,0.75,9.93100361704246,0.7486035991224301,-0.139640087756987,39.72401446816984,39.785519162065945,0.06150469389610436,0.15483000577745099
moscow_mountain,controlled,nested_1000000,15,0.75,0.75,0.25,3.6309514400096417,0.2494907438182607,-0.050925618173930376,14.523805760038567,14.538937595520277,0.01513183548171071,0.10418643523411042
moscow_mountain,controlled,nested_1000000,15,0.75,0.75,0.5,5.158494766587235,0.49903467774867505,-0.09653222513249515,20.63397906634894,20.65547687358512,0.021497807236180222,0.10418643523411042
moscow_mountain,controlled,nested_1000000,15,0.75,0.75,0.75,6.686038093164827,0.7490604437535244,-0.09395562464755702,26.744152372659308,26.77201615164996,0.027863778990653287,0.10418643523411042
moscow_mountain,controlled,nested_1000000,30,0.25,0.25,0.25,12.47593438326414,0.24885267281043258,-0.11473271895674209,24.95186876652828,25.0088155383815,0.056946771853223055,0.22822648029319215
moscow_mountain,controlled,nested_1000000,30,0.25,0.25,0.5,17.568554360817714,0.49784249152606824,-0.21575084739317574,35.13710872163543,35.217300908147614,0.08019218651218551,0.22822648029321435
moscow_mountain,controlled,nested_1000000,30,0.25,0.25,0.75,22.661174338371293,0.7479070027817635,-0.20929972182365253,45.322348676742585,45.42578627791372,0.10343760117113732,0.22822648029319215
moscow_mountain,controlled,nested_1000000,30,0.25,0.75,0.25,6.8011335428321935,0.24937410892116468,-0.06258910788353167,13.602267085664387,13.6191728550145,0.016905769350113786,0.12428640934372126
moscow_mountain,controlled,nested_1000000,30,0.25,0.75,0.5,9.577325488559234,0.49882385023781456,-0.11761497621854411,19.154650977118468,19.17845760504025,0.023806627921782564,0.12428640934372126
moscow_mountain,controlled,nested_1000000,30,0.25,0.75,0.75,12.353517434286276,0.748860461240142,-0.11395387598579498,24.707034868572553,24.737742355066,0.03070748649344779,0.12428640934372126
moscow_mountain,controlled,nested_1000000,30,0.75,0.25,0.25,8.661601322521845,0.249203077174301,-0.07969228256989869,17.32320264504369,17.35063205055363,0.027429405509941773,0.1583391135691059
moscow_mountain,controlled,nested_1000000,30,0.75,0.25,0.5,12.197227799673808,0.4985021131278566,-0.1497886872143417,24.394455599347616,24.433081564103627,0.038625964756011655,0.1583391135690837
moscow_mountain,controlled,nested_1000000,30,0.75,0.25,0.75,15.732854276825769,0.7485481367816265,-0.14518632183735392,31.465708553651538,31.515531077653627,0.04982252400208864,0.1583391135691059
moscow_mountain,controlled,nested_1000000,30,0.75,0.75,0.25,5.48449812150091,0.2494951938230022,-0.050480617699780184,10.96899624300182,10.979987355095096,0.010991112093275746,0.10020162145909506
moscow_mountain,controlled,nested_1000000,30,0.75,0.75,0.5,7.723245444336943,0.49905154114657957,-0.09484588534204308,15.446490888673885,15.461968523002868,0.015477634328982859,0.10020162145909506
moscow_mountain,controlled,nested_1000000,30,0.75,0.75,0.75,9.961992767172974,0.7490813344429871,-0.0918665557012921,19.92398553434595,19.943949690910642,0.019964156564693525,0.10020162145911726
moscow_mountain,controlled,nested_1000000,60,0.25,0.25,0.25,19.33172649444628,0.24881485479809518,-0.11851452019048248,19.33172649444628,19.383693511489806,0.05196701704352691,0.26881725777807564
moscow_mountain,controlled,nested_1000000,60,0.25,0.25,0.5,28.325621137859446,0.49768098131600763,-0.23190186839923688,28.325621137859446,28.401765295850844,0.07614415799139707,0.26881725777805343
moscow_mountain,controlled,nested_1000000,60,0.25,0.25,0.75,37.319515781272614,0.747701477692238,-0.2298522307761952,37.319515781272614,37.419837080211884,0.10032129893927078,0.26881725777807564
moscow_mountain,controlled,nested_1000000,60,0.25,0.75,0.25,11.130698745755085,0.24931716535300616,-0.06828346469938407,11.130698745755085,11.147906982696131,0.01720823694104645,0.15460158732270024
moscow_mountain,controlled,nested_1000000,60,0.25,0.75,0.5,16.309146302193046,0.4986647637450689,-0.13352362549310937,16.309146302193046,16.33436050125502,0.025214199061974085,0.15460158732272244
moscow_mountain,controlled,nested_1000000,60,0.25,0.75,0.75,21.487593858631005,0.7486782787903434,-0.13217212096565678,21.487593858631005,21.52081401981391,0.033220161182903496,0.15460158732272244
moscow_mountain,controlled,nested_1000000,60,0.75,0.25,0.25,13.71696440184338,0.24915868425003287,-0.08413157499671253,13.71696440184338,13.743107892866327,0.026143491022946108,0.19059239535121897
moscow_mountain,controlled,nested_1000000,60,0.75,0.25,0.5,20.098646487665896,0.49835451789576507,-0.164548210423493,20.098646487665896,20.136952979439908,0.03830649177401213,0.19059239535119676
moscow_mountain,controlled,nested_1000000,60,0.75,0.25,0.75,26.48032857348841,0.7483705074453499,-0.16294925546500583,26.48032857348841,26.530798066013492,0.050469492525081705,0.19059239535119676
moscow_mountain,controlled,nested_1000000,60,0.75,0.75,0.25,9.007742288575479,0.2494473061141719,-0.05526938858280983,9.007742288575479,9.019008953615234,0.011266665039755708,0.12507756859390096
moscow_mountain,controlled,nested_1000000,60,0.75,0.75,0.5,13.198505340273918,0.49891943226388913,-0.10805677361108712,13.198505340273918,13.21501370984427,0.016508369570351178,0.12507756859390096
moscow_mountain,controlled,nested_1000000,60,0.75,0.75,0.75,17.389268391972358,0.7489307283537897,-0.10692716462102902,17.389268391972358,17.411018466073305,0.021750074100946648,0.12507756859390096
moscow_mountain,native,terminal,15,0.25,0.25,0.25,9.205259619864567,0.2502377968802215,0.023779688022151912,36.82103847945827,36.80317026580178,-0.0178682136564845,-0.0485271855286018
moscow_mountain,native,terminal,15,0.25,0.25,0.5,13.077917553758876,0.500450308045908,0.04503080459079545,52.311670215035505,52.286284833777145,-0.025385381258359985,-0.0485271855286018
moscow_mountain,native,terminal,15,0.25,0.25,0.75,16.950575487653186,0.7504374851731965,0.04374851731965279,67.80230195061274,67.76939940175251,-0.03290254886023547,-0.0485271855286018
moscow_mountain,native,terminal,15,0.25,0.75,0.25,5.034637963232923,0.2501300397169471,0.01300397169470835,20.13855185293169,20.13320570414345,-0.005346148788241578,-0.026546838259688954
moscow_mountain,native,terminal,15,0.25,0.75,0.5,7.152713004867254,0.5002462872864327,0.024628728643272257,28.610852019469014,28.603256742858687,-0.0075952766103277725,-0.026546838259688954
moscow_mountain,native,terminal,15,0.25,0.75,0.75,9.270788046501584,0.750239337347169,0.023933734716896637,37.08315218600634,37.073307781573924,-0.009844404432413967,-0.026546838259688954
moscow_mountain,native,terminal,15,0.75,0.25,0.25,5.820100371035538,0.25015033149823,0.015033149823001635,23.280401484142153,23.27325738436857,-0.007144099773583434,-0.030687184576472237
moscow_mountain,native,terminal,15,0.75,0.25,0.5,8.268619892344118,0.500284710975967,0.028471097596705075,33.07447956937647,33.06432994278332,-0.010149626593154437,-0.030687184576450033
moscow_mountain,native,terminal,15,0.75,0.25,0.75,10.7171394136527,0.750276662986081,0.027666298608097772,42.8685576546108,42.85540250119806,-0.01315515341273965,-0.030687184576472237
moscow_mountain,native,terminal,15,0.75,0.75,0.25,3.8195811696127566,0.25009865187582986,0.009865187582985824,15.278324678451026,15.275247420791025,-0.0030772576600011092,-0.020141329136313946
moscow_mountain,native,terminal,15,0.75,0.75,0.5,5.42648113023242,0.5001868484528053,0.018684845280525497,21.70592452092968,21.70155265922984,-0.004371861699841162,-0.020141329136313946
moscow_mountain,native,terminal,15,0.75,0.75,0.75,7.0333810908520835,0.7501815897973756,0.0181589797375592,28.133524363408334,28.127857897668655,-0.005666465739679438,-0.020141329136313946
moscow_mountain,native,terminal,30,0.25,0.25,0.25,13.98720557992053,0.2502371209872775,0.023712098727751707,27.97441115984106,27.961276699697187,-0.013134460143874094,-0.046951694778585296
moscow_mountain,native,terminal,30,0.25,0.25,0.5,19.696719623374126,0.5004450761613278,0.04450761613278287,39.39343924674825,39.37494335939033,-0.01849588735792196,-0.046951694778585296
moscow_mountain,native,terminal,30,0.25,0.25,0.75,25.40623366682772,0.7504303211116312,0.043032111163121556,50.81246733365544,50.78861001908347,-0.023857314571969823,-0.0469516947785964
moscow_mountain,native,terminal,30,0.25,0.75,0.25,7.22679612026335,0.2501224950452031,0.012249504520311927,14.4535922405267,14.450085202440707,-0.0035070380859920647,-0.024264127751982834
moscow_mountain,native,terminal,30,0.25,0.75,0.5,10.176741604517394,0.500229958391638,0.022995839163797438,20.35348320903479,20.34854461386697,-0.004938595167818249,-0.024264127751982834
moscow_mountain,native,terminal,30,0.25,0.75,0.75,13.126687088771439,0.750222396573029,0.02223965730290267,26.253374177542877,26.247004025293233,-0.006370152249644434,-0.024264127751982834
moscow_mountain,native,terminal,30,0.75,0.25,0.25,9.364024960366724,0.25015872898875324,0.01587289887532428,18.728049920733447,18.722162259150856,-0.0058876615825909084,-0.031437664933142706
moscow_mountain,native,terminal,30,0.75,0.25,0.5,13.186377588915674,0.5002979655133797,0.029796551337968324,26.372755177831348,26.36446419942491,-0.008290978406439109,-0.0314376649331205
moscow_mountain,native,terminal,30,0.75,0.25,0.75,17.008730217464624,0.750288142110346,0.028814211034600135,34.01746043492925,34.006766139698954,-0.010694295230294415,-0.031437664933131604
moscow_mountain,native,terminal,30,0.75,0.75,0.25,5.757991143337217,0.2500975953894572,0.00975953894571946,11.515982286674435,11.513755840092134,-0.002226446582300312,-0.019333536010002206
moscow_mountain,native,terminal,30,0.75,0.75,0.5,8.108377080479642,0.5001832206685295,0.018322066852949348,16.216754160959283,16.213618888953917,-0.0031352720053661187,-0.01933353601002441
moscow_mountain,native,terminal,30,0.75,0.75,0.75,10.458763017622065,0.7501772064290106,0.017720642901064565,20.91752603524413,20.913481937815703,-0.004044097428426596,-0.019333536010002206
moscow_mountain,native,terminal,60,0.25,0.25,0.25,22.149385225080405,0.25025033241841593,0.02503324184159328,22.149385225080405,22.136873420943015,-0.012511804137389504,-0.056488268230681093
moscow_mountain,native,terminal,60,0.25,0.25,0.5,32.45416773832232,0.5004888995353534,0.048889953535335984,32.45416773832232,32.43583494099826,-0.01833279732405657,-0.05648826823066999
moscow_mountain,native,terminal,60,0.25,0.25,0.75,42.75895025156423,0.7504827893601999,0.04827893601998534,42.75895025156423,42.73479646105351,-0.024153790510716533,-0.05648826823065889
moscow_mountain,native,terminal,60,0.25,0.75,0.25,12.01040166440917,0.2501357208734648,0.013572087346480632,12.01040166440917,12.006721866560927,-0.003679797848242572,-0.030638424517870355
moscow_mountain,native,terminal,60,0.25,0.75,0.5,17.598122307249987,0.5002651035708027,0.026510357080267166,17.598122307249987,17.59273051983032,-0.005391787419668503,-0.030638424517870355
moscow_mountain,native,terminal,60,0.25,0.75,0.75,23.185842950090805,0.75026186756247,0.026186756247004173,23.185842950090805,23.17873917309971,-0.007103776991094435,-0.030638424517870355
moscow_mountain,native,terminal,60,0.75,0.25,0.25,15.077959828672537,0.25017039300353205,0.017039300353205444,15.077959828672537,15.07216073561594,-0.00579909305659676,-0.038460727595046595
moscow_mountain,native,terminal,60,0.75,0.25,0.5,22.09283158240108,0.5003328132469606,0.03328132469605505,22.09283158240108,22.084334518628136,-0.008497063772942681,-0.0384607275950577
moscow_mountain,native,terminal,60,0.75,0.25,0.75,29.107703336129617,0.7503287214073233,0.0328721407323318,29.107703336129617,29.096508301640334,-0.011195034489283273,-0.038460727595046595
moscow_mountain,native,terminal,60,0.75,0.75,0.25,9.575319984862087,0.25010819980631993,0.010819980631993076,9.575319984862087,9.572980918905193,-0.0023390659568942596,-0.024428070921833633
moscow_mountain,native,terminal,60,0.75,0.75,0.5,14.030142948840965,0.5002113544306985,0.021135443069852933,14.030142948840965,14.026715655570989,-0.0034272932699757064,-0.02442807092182253
moscow_mountain,native,terminal,60,0.75,0.75,0.75,18.484965912819842,0.7502087893012142,0.020878930121415173,18.484965912819842,18.480450392236786,-0.004515520583055377,-0.02442807092181143
moscow_mountain,native,nested_20000,15,0.25,0.25,0.25,7.254488591729039,0.23703968392326463,-1.2960316076735368,29.017954366916157,29.821521755004316,0.8035673880881582,2.7692075668997562
moscow_mountain,native,nested_20000,15,0.25,0.25,0.5,10.30645604960271,0.475028482127138,-2.4971517872862004,41.22582419841084,42.367452841630026,1.1416286432191853,2.7692075668997562
moscow_mountain,native,nested_20000,15,0.25,0.25,0.75,13.358423507476383,0.7249281001101298,-2.507189988987024,53.43369402990553,54.91338392825573,1.4796898983502018,2.7692075668997562
moscow_mountain,native,nested_20000,15,0.25,0.75,0.25,4.389118934584386,0.2421028043358855,-0.7897195664114509,17.556475738337543,17.847439544145274,0.2909638058077313,1.657301898993091
moscow_mountain,native,nested_20000,15,0.25,0.75,0.5,6.235623755387477,0.48488373144306496,-1.5116268556935042,24.94249502154991,25.35586746519832,0.4133724436484094,1.6573018989931132
moscow_mountain,native,nested_20000,15,0.25,0.75,0.75,8.08212857619057,0.7350151177461416,-1.4984882253858411,32.32851430476228,32.864295386251364,0.535781081489084,1.6573018989931132
moscow_mountain,native,nested_20000,15,0.75,0.25,0.25,4.974369856152453,0.24106270991065679,-0.8937290089343214,19.897479424609813,20.272039265168416,0.3745598405586037,1.8824486889295944
moscow_mountain,native,nested_20000,15,0.75,0.25,0.5,7.067090071015543,0.48286959309278776,-1.7130406907212237,28.268360284062172,28.800497661611395,0.5321373775492226,1.8824486889295944
moscow_mountain,native,nested_20000,15,0.75,0.25,0.75,9.159810285878633,0.7329741826430802,-1.702581735691977,36.63924114351453,37.328956058054374,0.6897149145398416,1.8824486889295944
moscow_mountain,native,nested_20000,15,0.75,0.75,0.25,3.436178674243788,0.24380287220035676,-0.6197127799643237,13.744714696975151,13.922409962170953,0.17769526519580126,1.2928261452739065
moscow_mountain,native,nested_20000,15,0.75,0.75,0.5,4.881780987987593,0.4881642926124208,-1.183570738757922,19.527123951950372,19.77957571582123,0.25245176387085877,1.2928261452739065
moscow_mountain,native,nested_20000,15,0.75,0.75,0.75,6.327383301731398,0.7383168687891206,-1.1683131210879383,25.309533206925593,25.63674146947151,0.3272082625459163,1.2928261452739065
moscow_mountain,native,nested_20000,30,0.25,0.25,0.25,11.0994508112549,0.23698789319496746,-1.3012106805032535,22.1989016225098,22.797363119876753,0.5984614973669515,2.695905894551598
moscow_mountain,native,nested_20000,30,0.25,0.25,0.5,15.630196421547296,0.4751473459378557,-2.485265406214432,31.260392843094593,32.103143616411565,0.8427507733169719,2.695905894551598
moscow_mountain,native,nested_20000,30,0.25,0.25,0.75,20.160942031839692,0.7251752303794853,-2.482476962051472,40.321884063679384,41.40892411294637,1.0870400492669887,2.6959058945515757
moscow_mountain,native,nested_20000,30,0.25,0.75,0.25,6.3704596634246204,0.2424740912323648,-0.7525908767635203,12.740919326849241,12.93582068439809,0.19490135754884896,1.529727585183971
moscow_mountain,native,nested_20000,30,0.25,0.75,0.5,8.970852479827636,0.4857280897078757,-1.4271910292124323,17.941704959655272,18.21616416967544,0.2744592100201686,1.529727585183971
moscow_mountain,native,nested_20000,30,0.25,0.75,0.75,11.571245296230652,0.7359369540608461,-1.4063045939153862,23.142490592461304,23.49650765495279,0.35401706249148646,1.529727585183971
moscow_mountain,native,nested_20000,30,0.75,0.25,0.25,7.97496985911329,0.24060303372807046,-0.9396966271929541,15.94993971822658,16.25656498708682,0.30662526886023933,1.9224227443934927
moscow_mountain,native,nested_20000,30,0.75,0.25,0.5,11.230316479033718,0.4821362148223415,-1.786378517765852,22.460632958067436,22.892421274588063,0.43178831652062755,1.9224227443934927
moscow_mountain,native,nested_20000,30,0.75,0.25,0.75,14.485663098954145,0.7323160336273455,-1.7683966372654458,28.97132619790829,29.52827756208931,0.5569513641810211,1.9224227443934927
moscow_mountain,native,nested_20000,30,0.75,0.75,0.25,5.200956651954254,0.2438440955351081,-0.6155904464891893,10.401913303908508,10.531458665880441,0.12954536197193356,1.2453993624736093
moscow_mountain,native,nested_20000,30,0.75,0.75,0.5,7.323963629584943,0.4883471029143934,-1.1652897085606573,14.647927259169887,14.830352451871185,0.18242519270129876,1.2453993624736093
moscow_mountain,native,nested_20000,30,0.75,0.75,0.75,9.446970607215633,0.7385563150859726,-1.1443684914027363,18.893941214431266,19.129246237861928,0.23530502343066217,1.245399362473587
moscow_mountain,native,nested_20000,60,0.25,0.25,0.25,16.868713162796517,0.23681947310800724,-1.3180526891992757,16.868713162796517,17.39606540856983,0.5273522457733115,3.1262150270974676
moscow_mountain,native,nested_20000,60,0.25,0.25,0.5,24.716715202331603,0.4738020099244695,-2.6197990075530475,24.716715202331603,25.489412867191774,0.7726976648601713,3.1262150270974454
moscow_mountain,native,nested_20000,60,0.25,0.25,0.75,32.56471724186669,0.7232059764384543,-2.67940235615457,32.56471724186669,33.582760325813716,1.0180430839470276,3.1262150270974454
moscow_mountain,native,nested_20000,60,0.25,0.75,0.25,10.267517405683058,0.24191967630465397,-0.8080323695346031,10.267517405683058,10.460530590103525,0.193013184420467,1.879842777901053
moscow_mountain,native,nested_20000,60,0.25,0.75,0.5,15.044378376825687,0.484044813149566,-1.595518685043401,15.044378376825687,15.327189037222553,0.28281066039686564,1.879842777901053
moscow_mountain,native,nested_20000,60,0.25,0.75,0.75,19.821239347968316,0.733899637843945,-1.6100362156055037,19.821239347968316,20.19384748434158,0.3726081363732625,1.879842777901053
moscow_mountain,native,nested_20000,60,0.75,0.25,0.25,12.429256584950695,0.24024127889356683,-0.9758721106433166,12.429256584950695,12.713224106283699,0.28396752133300396,2.284670200443295
moscow_mountain,native,nested_20000,60,0.75,0.25,0.5,18.211845338888985,0.48068863431912506,-1.9311365680874937,18.211845338888985,18.6279259422974,0.4160806034084139,2.284670200443273
moscow_mountain,native,nested_20000,60,0.75,0.25,0.75,23.994434092827273,0.7304268585234325,-1.9573141476567524,23.994434092827273,24.5426277783111,0.5481936854838274,2.284670200443273
moscow_mountain,native,nested_20000,60,0.75,0.75,0.25,8.43394204056135,0.24334952831646897,-0.6650471683531028,8.43394204056135,8.563738189807776,0.12979614924642568,1.5389736925176534
moscow_mountain,native,nested_20000,60,0.75,0.75,0.5,12.357750199302554,0.4868926462564758,-1.3107353743524175,12.357750199302554,12.54793272385687,0.1901825245543165,1.5389736925176756
moscow_mountain,native,nested_20000,60,0.75,0.75,0.75,16.28155835804376,0.7368227808223843,-1.3177219177615718,16.28155835804376,16.532127257905966,0.25056889986220554,1.5389736925176756
moscow_mountain,native,nested_100000,15,0.25,0.25,0.25,6.729370757586865,0.21365452147813102,-3.634547852186898,26.91748303034746,29.203586679624795,2.2861036492773366,8.493006744723953
moscow_mountain,native,nested_100000,15,0.25,0.25,0.5,9.560420845326655,0.4278998829228583,-7.21001170771417,38.24168338130662,41.489552130176975,3.247868748870353,8.493006744723953
moscow_mountain,native,nested_100000,15,0.25,0.25,0.75,12.391470933066445,0.6730882951855279,-7.691170481447207,49.56588373226578,53.77551758072915,4.209633848463369,8.493006744723953
moscow_mountain,native,nested_100000,15,0.25,0.75,0.25,4.191241816217713,0.22689402377793663,-2.3105976222063367,16.76496726487085,17.624255291979722,0.859288027108871,5.125497792706191
moscow_mountain,native,nested_100000,15,0.25,0.75,0.5,5.9544996212902355,0.45490171691644443,-4.509828308355557,23.817998485160942,25.038789471784657,1.2207909866237152,5.1254977927061685
moscow_mountain,native,nested_100000,15,0.25,0.75,0.75,7.717757426362758,0.7035298218668744,-4.6470178133125595,30.871029705451033,32.4533236515896,1.5822939461385666,5.125497792706191
moscow_mountain,native,nested_100000,15,0.75,0.25,0.25,4.721722895311479,0.22407971278171682,-2.5920287218283184,18.886891581245916,19.984584563522755,1.0976929822768398,5.811930340971583
moscow_mountain,native,nested_100000,15,0.75,0.25,0.5,6.70815439070557,0.44923078623354673,-5.076921376645327,26.83261756282228,28.39211060423282,1.5594930414105406,5.811930340971583
moscow_mountain,native,nested_100000,15,0.75,0.25,0.75,8.694585886099661,0.6973034181091571,-5.269658189084292,34.778343544398645,36.79963664494288,2.0212931005442343,5.811930340971583
moscow_mountain,native,nested_100000,15,0.75,0.75,0.25,3.313698923382656,0.23160417193212413,-1.8395828067875875,13.254795693530625,13.786222677785862,0.531426984255237,4.009318563202102
moscow_mountain,native,nested_100000,15,0.75,0.75,0.5,4.707773936593819,0.46430783298172074,-3.5692167018279264,18.831095746375276,19.586094363789062,0.7549986174137864,4.009318563202102
moscow_mountain,native,nested_100000,15,0.75,0.75,0.75,6.101848949804981,0.713665041085813,-3.633495891418703,24.407395799219923,25.385966049792263,0.9785702505723393,4.009318563202124
moscow_mountain,native,nested_100000,30,0.25,0.25,0.25,10.315260272593184,0.21345035007221902,-3.654964992778098,20.630520545186368,22.337228240942647,1.706707695756279,8.272732101054503
moscow_mountain,native,nested_100000,30,0.25,0.25,0.5,14.525902852466121,0.42810660968748476,-7.1893390312515235,29.051805704932242,31.45518376142016,2.4033780564879166,8.272732101054526
moscow_mountain,native,nested_100000,30,0.25,0.25,0.75,18.736545432339057,0.6737270842300932,-7.627291576990681,37.47309086467811,40.573139281897674,3.1000484172195613,8.272732101054547
moscow_mountain,native,nested_100000,30,0.25,0.75,0.25,6.104121232159377,0.22788354376209685,-2.211645623790315,12.208242464318754,12.78636503304192,0.578122568723165,4.73551021297991
moscow_mountain,native,nested_100000,30,0.25,0.75,0.5,8.59579590576171,0.4572642706821983,-4.273572931780167,17.19159181152342,18.00570139753193,0.8141095860085095,4.73551021297991
moscow_mountain,native,nested_100000,30,0.25,0.75,0.75,11.087470579364043,0.7063202017741336,-4.367979822586642,22.174941158728085,23.22503776202194,1.0500966032938557,4.73551021297991
moscow_mountain,native,nested_100000,30,0.75,0.25,0.25,7.561921292042049,0.2228105028574461,-2.7189497142553893,15.123842584084098,16.02122498134313,0.8973823972590331,5.9335608147853325
moscow_mountain,native,nested_100000,30,0.75,0.25,0.5,10.64866335540208,0.44712695129569735,-5.287304870430265,21.29732671080416,22.561016543113244,1.2636898323090833,5.9335608147853325
moscow_mountain,native,nested_100000,30,0.75,0.25,0.75,13.73540541876211,0.6952523606055644,-5.4747639394435605,27.47081083752422,29.10080810488336,1.6299972673591405,5.9335608147853325
moscow_mountain,native,nested_100000,30,0.75,0.75,0.25,5.0220588723067365,0.23170134973947376,-1.829865026052624,10.044117744613473,10.432184772590832,0.3880670279773586,3.8636248383833838
moscow_mountain,native,nested_100000,30,0.75,0.75,0.5,7.072040585569646,0.46481219564573223,-3.518780435426777,14.144081171139293,14.690555404428537,0.5464742332892438,3.8636248383833838
moscow_mountain,native,nested_100000,30,0.75,0.75,0.75,9.122022298832556,0.7143816190774458,-3.5618380922554205,18.244044597665113,18.948926036266243,0.7048814386011308,3.8636248383833838
moscow_mountain,native,nested_100000,60,0.25,0.25,0.25,15.507340860113255,0.2133734909136031,-3.662650908639689,15.507340860113255,16.990212373230218,1.4828715131169634,9.562384205606044
moscow_mountain,native,nested_100000,60,0.25,0.25,0.5,22.721977893976877,0.4250730798404529,-7.49269201595471,22.721977893976877,24.894740719311823,2.172762825334946,9.562384205606067
moscow_mountain,native,nested_100000,60,0.25,0.25,0.75,29.936614927840502,0.6683531027493089,-8.164689725069108,29.936614927840502,32.799269065393425,2.862654137552923,9.562384205606044
moscow_mountain,native,nested_100000,60,0.25,0.75,0.25,9.746705486209317,0.2265055761470349,-2.34944238529651,9.746705486209317,10.312404145920743,0.5656986597114262,5.803998699989821
moscow_mountain,native,nested_100000,60,0.25,0.75,0.5,14.281263860420093,0.45269137984961394,-4.730862015038606,14.281263860420093,15.110148229220993,0.8288843688008996,5.803998699989821
moscow_mountain,native,nested_100000,60,0.25,0.75,0.75,18.815822234630872,0.7002617135347904,-4.973828646520961,18.815822234630872,19.90789231252124,1.0920700778903694,5.803998699989821
moscow_mountain,native,nested_100000,60,0.75,0.25,0.25,11.674117682254002,0.22204911817876913,-2.795088182123087,11.674117682254002,12.495094701783136,0.8209770195291348,7.03245454495558
moscow_mountain,native,nested_100000,60,0.75,0.25,0.5,17.10538552680803,0.44340960064225826,-5.659039935774174,17.10538552680803,18.308313988720215,1.2029284619121867,7.03245454495558
moscow_mountain,native,nested_100000,60,0.75,0.25,0.75,22.536653371362057,0.6897805334544456,-6.021946654555443,22.536653371362057,24.121533275657292,1.584879904295235,7.03245454495558
moscow_mountain,native,nested_100000,60,0.75,0.75,0.25,8.079322095235593,0.23041154223670704,-1.9588457763292961,8.079322095235593,8.464204866032757,0.38488277079716404,4.763800307257604
moscow_mountain,native,nested_100000,60,0.75,0.75,0.5,11.838146830089178,0.4607478144279091,-3.9252185572090923,11.838146830089178,12.40209250515457,0.5639456750653924,4.763800307257582
moscow_mountain,native,nested_100000,60,0.75,0.75,0.75,15.596971564942763,0.7091633049245488,-4.0836695075451175,15.596971564942763,16.339980144276385,0.7430085793336225,4.763800307257582
moscow_mountain,native,nested_1000000,15,0.25,0.25,0.25,8.180986709974283,0.24810515816396067,-0.18948418360393293,32.72394683989713,32.85140175007671,0.12745491017957988,0.38948514005097135
moscow_mountain,native,nested_1000000,15,0.25,0.25,0.5,11.622732450756763,0.49640160291679386,-0.35983970832061396,46.49092980302705,46.67200506608136,0.18107526305431065,0.38948514005094914
moscow_mountain,native,nested_1000000,15,0.25,0.25,0.75,15.064478191539243,0.7464856796226786,-0.3514320377321356,60.25791276615697,60.49260838208602,0.23469561592904853,0.38948514005094914
moscow_mountain,native,nested_1000000,15,0.25,0.75,0.25,4.711977737036074,0.24890745710784423,-0.10925428921557678,18.847910948144296,18.89012285693295,0.042211908788654995,0.22396067609185
moscow_mountain,native,nested_1000000,15,0.25,0.75,0.5,6.694309438826206,0.4979274183943597,-0.2072581605640278,26.777237755304824,26.837208238020327,0.05997048271550298,0.22396067609185
moscow_mountain,native,nested_1000000,15,0.25,0.75,0.75,8.676641140616338,0.7479798422570328,-0.20201577429671547,34.70656456246535,34.78429361910771,0.07772905664235452,0.22396067609185
moscow_mountain,native,nested_1000000,15,0.75,0.25,0.25,5.393177750647963,0.2487497750313119,-0.12502249686880962,21.572711002591852,21.628028004771583,0.05531700217973068,0.2564211895903279
moscow_mountain,native,nested_1000000,15,0.75,0.25,0.5,7.662090683845212,0.49762779414990177,-0.23722058500982302,30.648362735380847,30.72695163169687,0.07858889631602395,0.2564211895903279
moscow_mountain,native,nested_1000000,15,0.75,0.25,0.75,9.93100361704246,0.7476868987981921,-0.23131012018079433,39.72401446816984,39.825875258622155,0.10186079045231367,0.2564211895903279
moscow_mountain,native,nested_1000000,15,0.75,0.75,0.25,3.6309514400096417,0.2491578268840897,-0.08421731159103107,14.523805760038567,14.548857986226276,0.02505222618770908,0.17249078238597004
moscow_mountain,native,nested_1000000,15,0.75,0.75,0.5,5.158494766587235,0.498402908270399,-0.15970917296009857,20.63397906634894,20.66957077827784,0.03559171192890176,0.17249078238597004
moscow_mountain,native,nested_1000000,15,0.75,0.75,0.75,6.686038093164827,0.7484442639960764,-0.1555736003923558,26.744152372659308,26.790283570329407,0.046131197670099766,0.17249078238599225
moscow_mountain,native,nested_1000000,30,0.25,0.25,0.25,12.47593438326414,0.2481036922527118,-0.18963077472881895,24.95186876652828,25.04622634110168,0.09435757457340088,0.37815834740193566
moscow_mountain,native,nested_1000000,30,0.25,0.25,0.5,17.568554360817714,0.49643050885804185,-0.35694911419581477,35.13710872163543,35.269982631301986,0.1328739096665572,0.37815834740193566
moscow_mountain,native,nested_1000000,30,0.25,0.25,0.75,22.661174338371293,0.7465309286970093,-0.34690713029906783,45.322348676742585,45.49373892150229,0.17139024475970643,0.37815834740191345
moscow_mountain,native,nested_1000000,30,0.25,0.75,0.25,6.8011335428321935,0.24896504990516527,-0.10349500948347301,13.602267085664387,13.630259916913904,0.02799283124951657,0.205795335977621
moscow_mountain,native,nested_1000000,30,0.25,0.75,0.5,9.577325488559234,0.49805410360016855,-0.19458963998314482,19.154650977118468,19.194070355452173,0.03941937833370446,0.2057953359776432
moscow_mountain,native,nested_1000000,30,0.25,0.75,0.75,12.353517434286276,0.7481128025789752,-0.18871974210248332,24.707034868572553,24.757880793990438,0.05084592541788524,0.205795335977621
moscow_mountain,native,nested_1000000,30,0.75,0.25,0.25,8.661601322521845,0.24868243605662377,-0.1317563943376232,17.32320264504369,17.368630806424918,0.04542816138122774,0.2622388152587085
moscow_mountain,native,nested_1000000,30,0.75,0.25,0.5,12.197227799673808,0.4975218063575032,-0.24781936424967954,24.394455599347616,24.458427330700157,0.06397173135254164,0.2622388152587085
moscow_mountain,native,nested_1000000,30,0.75,0.25,0.75,15.732854276825769,0.7475949119142946,-0.2405088085705387,31.465708553651538,31.548223854975394,0.08251530132385554,0.2622388152587085
moscow_mountain,native,nested_1000000,30,0.75,0.75,0.25,5.48449812150091,0.24916518274238508,-0.08348172576149171,10.96899624300182,10.987192623793808,0.01819638079198782,0.1658892061668471
moscow_mountain,native,nested_1000000,30,0.75,0.75,0.5,7.723245444336943,0.49843080805210616,-0.15691919478938443,15.446490888673885,15.47211494978974,0.025624061115854246,0.1658892061668471
moscow_mountain,native,nested_1000000,30,0.75,0.75,0.75,9.961992767172974,0.7484788827263542,-0.1521117273645789,19.92398553434595,19.957037275785673,0.033051741439724225,0.1658892061668471
moscow_mountain,native,nested_1000000,60,0.25,0.25,0.25,19.33172649444628,0.24804125175292244,-0.1958748247077563,19.33172649444628,19.417855812243317,0.08612931779703814,0.44553350070302145
moscow_mountain,native,nested_1000000,60,0.25,0.25,0.5,28.325621137859446,0.4961633046230394,-0.3836695376960575,28.325621137859446,28.451821269310827,0.12620013145138032,0.44553350070302145
moscow_mountain,native,nested_1000000,60,0.25,0.25,0.75,37.319515781272614,0.7461896073988524,-0.3810392601147572,37.319515781272614,37.485786726378336,0.1662709451057225,0.44553350070302145
moscow_mountain,native,nested_1000000,60,0.25,0.75,0.25,11.130698745755085,0.24887094656827055,-0.11290534317294487,11.130698745755085,11.159198066425448,0.028499320670363204,0.25604251198723116
moscow_mountain,native,nested_1000000,60,0.25,0.75,0.5,16.309146302193046,0.4977909029101465,-0.22090970898535067,16.309146302193046,16.350904650068856,0.041758347875809676,0.25604251198725336
moscow_mountain,native,nested_1000000,60,0.25,0.75,0.75,21.487593858631005,0.7478107447107932,-0.21892552892067707,21.487593858631005,21.54261123371226,0.05501737508125615,0.25604251198725336
moscow_mountain,native,nested_1000000,60,0.75,0.25,0.25,13.71696440184338,0.24860909485864377,-0.139090514135623,13.71696440184338,13.76027200252054,0.043307600677159996,0.3157229209644896
moscow_mountain,native,nested_1000000,60,0.75,0.25,0.5,20.098646487665896,0.49727761890225236,-0.2722381097747639,20.098646487665896,20.16210252143108,0.06345603376518483,0.3157229209644896
moscow_mountain,native,nested_1000000,60,0.75,0.25,0.75,26.48032857348841,0.7473002466141214,-0.2699753385878578,26.48032857348841,26.563933040341624,0.08360446685321321,0.3157229209644896
moscow_mountain,native,nested_1000000,60,0.75,0.75,0.25,9.007742288575479,0.24908602737600463,-0.09139726239953683,9.007742288575479,9.026397901404534,0.018655612829055812,0.20710642280159508
moscow_mountain,native,nested_1000000,60,0.75,0.75,0.5,13.198505340273918,0.49821223964357575,-0.17877603564242506,13.198505340273918,13.225840292547439,0.02733495227352023,0.20710642280159508
moscow_mountain,native,nested_1000000,60,0.75,0.75,0.75,17.389268391972358,0.748229279946884,-0.17707200531159595,17.389268391972358,17.425282683690344,0.036014291717986424,0.20710642280161728
topanga,controlled,terminal,15,0.25,0.25,0.25,10.499401615669855,0.24905111312689313,-0.09488868731068745,41.99760646267942,42.07925729483369,0.08165083215426705,0.1944178228986182
topanga,controlled,terminal,15,0.25,0.25,0.5,14.91650581991443,0.49820028145375556,-0.17997185462444443,59.66602327965772,59.78202466312821,0.11600138347048983,0.1944178228986182
topanga,controlled,terminal,15,0.25,0.25,0.75,19.333610024159007,0.7482464236806011,-0.17535763193988751,77.33444009663603,77.48479203142273,0.1503519347866984,0.194417822898596
topanga,controlled,terminal,15,0.25,0.75,0.25,5.398577220749663,0.24951180096893436,-0.04881990310656448,21.594308882998654,21.61587540671624,0.02156652371758483,0.09987133107354218
topanga,controlled,terminal,15,0.25,0.75,0.5,7.66976171407576,0.49907461865259584,-0.09253813474041639,30.67904685630304,30.709686428759106,0.0306395724560673,0.09987133107354218
topanga,controlled,terminal,15,0.25,0.75,0.75,9.940946207401856,0.7490993651913719,-0.09006348086281202,39.763784829607424,39.80349745080198,0.03971262119455332,0.09987133107356438
topanga,controlled,terminal,15,0.75,0.25,0.25,6.3120028378182695,0.24942926190440493,-0.05707380955950747,25.248011351273078,25.277498262051665,0.029486910778587117,0.11678904278178415
topanga,controlled,terminal,15,0.75,0.25,0.5,8.967466005406797,0.4989180469215645,-0.10819530784355047,35.86986402162719,35.91175609246517,0.04189207083798152,0.11678904278176194
topanga,controlled,terminal,15,0.75,0.25,0.75,11.622929172995324,0.7489467668049828,-0.10532331950171558,46.491716691981296,46.54601392287867,0.054297230897375925,0.11678904278176194
topanga,controlled,terminal,15,0.75,0.75,0.25,4.025460453361822,0.24963591299541488,-0.0364087004585123,16.101841813447287,16.113829692005556,0.011987878558269216,0.07445035603479422
topanga,controlled,terminal,15,0.75,0.75,0.5,5.718973945219079,0.49930998710319907,-0.06900128968009289,22.875895780876316,22.89292696673132,0.017031185855003628,0.07445035603477201
topanga,controlled,terminal,15,0.75,0.75,0.75,7.412487437076336,0.7493286442432617,-0.06713557567382678,29.649949748305342,29.672024241457088,0.022074493151745145,0.07445035603477201
topanga,controlled,terminal,30,0.25,0.25,0.25,15.88110753580295,0.2490581016009986,-0.09418983990014118,31.7622150716059,31.821684856185264,0.05946978457936325,0.18723437406771293
topanga,controlled,terminal,30,0.25,0.25,0.5,22.36370379015634,0.4982292771242241,-0.17707228757758986,44.72740758031268,44.81115266193239,0.0837450816197105,0.18723437406771293
topanga,controlled,terminal,30,0.25,0.25,0.75,28.84630004450973,0.7482830798258371,-0.1716920174162917,57.69260008901946,57.800620467679515,0.10802037866005776,0.18723437406769072
topanga,controlled,terminal,30,0.25,0.75,0.25,7.701318425112083,0.2495429433131636,-0.045705668683640455,15.402636850224166,15.41660845626937,0.013971606045204865,0.09070918298643704
topanga,controlled,terminal,30,0.25,0.75,0.5,10.84496176759702,0.4991413102466348,-0.08586897533652271,21.68992353519404,21.709598287623198,0.019674752429157394,0.09070918298643704
topanga,controlled,terminal,30,0.25,0.75,0.75,13.988605110081958,0.7491683799791213,-0.0831620020878665,27.977210220163915,28.002588118977023,0.025377898813108146,0.09070918298643704
topanga,controlled,terminal,30,0.75,0.25,0.25,10.176493331150404,0.24939616549665333,-0.060383450334666744,20.352986662300808,20.377389431144156,0.024402768843348355,0.11989772925340425
topanga,controlled,terminal,30,0.75,0.25,0.5,14.330491873269864,0.49886533140734896,-0.11346685926510447,28.660983746539728,28.695347615233523,0.03436386869379504,0.11989772925342645
topanga,controlled,terminal,30,0.75,0.25,0.75,18.484490415389324,0.7489007100042572,-0.10992899957428248,36.96898083077865,37.013305799322886,0.044324968544238175,0.11989772925342645
topanga,controlled,terminal,30,0.75,0.75,0.25,6.055260088761213,0.2496405864527629,-0.035941354723709185,12.110520177522426,12.119155878219596,0.008635700697169568,0.07130742999130746
topanga,controlled,terminal,30,0.75,0.75,0.5,8.526989864662786,0.4993248439479017,-0.06751560520982802,17.053979729325572,17.06614048398179,0.012160754656218131,0.07130742999128525
topanga,controlled,terminal,30,0.75,0.75,0.75,10.998719640564358,0.7493462826453312,-0.06537173546687924,21.997439281128717,22.013125089743987,0.015685808615270247,0.07130742999130746
topanga,controlled,terminal,60,0.25,0.25,0.25,25.860077636762533,0.24897761373655516,-0.10223862634448355,25.860077636762533,25.920011895244954,0.0599342584824214,0.23176364481296563
topanga,controlled,terminal,60,0.25,0.25,0.5,37.89122311165557,0.49799989069184464,-0.20001093081553623,37.89122311165557,37.979041191403354,0.08781807974778388,0.23176364481296563
topanga,controlled,terminal,60,0.25,0.25,0.75,49.92236858654861,0.748018400892027,-0.198159910797302,49.92236858654861,50.038070487561754,0.11570190101314637,0.23176364481296563
topanga,controlled,terminal,60,0.25,0.75,0.25,13.023745646881322,0.24948475254254499,-0.05152474574550148,13.023745646881322,13.038929708784007,0.015184061902685286,0.11658751878589335
topanga,controlled,terminal,60,0.25,0.75,0.5,19.082914559927573,0.4989926937202647,-0.10073062797352761,19.082914559927573,19.105162856525027,0.022248296597453532,0.11658751878589335
topanga,controlled,terminal,60,0.25,0.75,0.75,25.142083472973827,0.7490033201361739,-0.0996679863826122,25.142083472973827,25.171396004266047,0.02931253129222,0.11658751878589335
topanga,controlled,terminal,60,0.75,0.25,0.25,16.71021509015896,0.24933903666283325,-0.06609633371667534,16.71021509015896,16.735219901321692,0.02500481116273079,0.14963787735715606
topanga,controlled,terminal,60,0.75,0.25,0.5,24.484477468267745,0.49870756920964315,-0.12924307903568466,24.484477468267745,24.521115520633256,0.03663805236551099,0.14963787735717826
topanga,controlled,terminal,60,0.75,0.25,0.75,32.258739846376535,0.7487207231178657,-0.12792768821342504,32.258739846376535,32.30701113994482,0.04827129356828408,0.14963787735715606
topanga,controlled,terminal,60,0.75,0.75,0.25,10.20858003223729,0.24959606648217816,-0.04039335178218362,10.20858003223729,10.217906933865997,0.009326901628707418,0.09136335904949
topanga,controlled,terminal,60,0.75,0.75,0.5,14.95802097302293,0.49921042897974377,-0.078957102025623,14.95802097302293,14.97168712343121,0.013666150408280231,0.09136335904949
topanga,controlled,terminal,60,0.75,0.75,0.75,19.70746191380857,0.7492189824803919,-0.07810175196081293,19.70746191380857,19.72546731299642,0.018005399187853044,0.09136335904949
topanga,controlled,nested_20000,15,0.25,0.25,0.25,6.744373738177841,0.20449949664315034,-4.550050335684966,26.977494952711364,29.957848930179633,2.980353977468269,11.04755642691253
topanga,controlled,nested_20000,15,0.25,0.25,0.5,9.581735588346616,0.40876116354059006,-9.123883645940994,38.326942353386464,42.56113293658707,4.234190583200608,11.04755642691253
topanga,controlled,nested_20000,15,0.25,0.25,0.75,12.419097438515392,0.650270382782785,-9.972961721721497,49.67638975406157,55.164416942994514,5.488027188932946,11.04755642691253
topanga,controlled,nested_20000,15,0.25,0.75,0.25,4.197056806965257,0.22092515050780193,-2.9074849492198074,16.78822722786103,17.89617872614842,1.1079514982873917,6.599574113749673
topanga,controlled,nested_20000,15,0.25,0.75,0.5,5.962760981937594,0.44282964044005546,-5.717035955994454,23.851043927750375,25.42511124866525,1.5740673209148746,6.599574113749673
topanga,controlled,nested_20000,15,0.25,0.75,0.75,7.728465156909929,0.6901693941545648,-5.98306058454352,30.913860627639718,32.95404377118208,2.040183143542361,6.599574113749673
topanga,controlled,nested_20000,15,0.75,0.25,0.25,4.729104331224451,0.21741787619187813,-3.2582123808121866,18.916417324897804,20.33494386803606,1.418526543138256,7.4989175739488045
topanga,controlled,nested_20000,15,0.75,0.25,0.5,6.718641200886338,0.43565811307288094,-6.434188692711906,26.87456480354535,28.889866266520666,2.015301462975316,7.498917573948782
topanga,controlled,nested_20000,15,0.75,0.25,0.75,8.708178070548223,0.6820421756966083,-6.79578243033917,34.832712282192894,37.44478866500528,2.6120763828123827,7.498917573948782
topanga,controlled,nested_20000,15,0.75,0.75,0.25,3.3173327444999345,0.2268128072865361,-2.3187192713463896,13.269330977999738,13.952051073569402,0.682720095569664,5.145098096517442
topanga,controlled,nested_20000,15,0.75,0.75,0.5,4.712936508312526,0.4547385924491078,-4.526140755089219,18.851746033250105,19.82168685956716,0.9699408263170533,5.145098096517442
topanga,controlled,nested_20000,15,0.75,0.75,0.75,6.1085402721251185,0.7033519430037367,-4.664805699626329,24.434161088500474,25.691322645564917,1.2571615570644425,5.145098096517442
topanga,controlled,nested_20000,30,0.25,0.25,0.25,10.337705821440254,0.20425054593909206,-4.574945406090794,20.67541164288051,22.898808884646982,2.223397241766474,10.753823334550594
topanga,controlled,nested_20000,30,0.25,0.25,0.5,14.557510572815078,0.4090252894625961,-9.097471053740392,29.115021145630156,32.24599908344827,3.1309779378181126,10.753823334550594
topanga,controlled,nested_20000,30,0.25,0.25,0.75,18.7773153241899,0.6511151300804274,-9.888486991957258,37.5546306483798,41.593189282249554,4.038558633869755,10.753823334550594
topanga,controlled,nested_20000,30,0.25,0.75,0.25,6.111974140494597,0.22216128062821994,-2.7838719371780063,12.223948280989195,12.96842067598296,0.7444723949937657,6.09027768999626
topanga,controlled,nested_20000,30,0.25,0.75,0.5,8.60685433575497,0.44582084135695366,-5.417915864304634,17.21370867150994,18.262071330351862,1.0483626588419206,6.09027768999626
topanga,controlled,nested_20000,30,0.25,0.75,0.75,11.101734531015342,0.6938060825889559,-5.6193917411044065,22.203469062030685,23.555721984720762,1.3522529226900772,6.09027768999626
topanga,controlled,nested_20000,30,0.75,0.25,0.25,7.573976702097557,0.21584041308947796,-3.4159586910522037,15.147953404195114,16.30808407164351,1.1601306674483958,7.658662767784241
topanga,controlled,nested_20000,30,0.75,0.25,0.5,10.665639729306887,0.43300174775716016,-6.699825224283984,21.331279458613775,22.964970216402634,1.6336907577888589,7.658662767784241
topanga,controlled,nested_20000,30,0.75,0.25,0.75,13.757302756516216,0.6793626475513427,-7.0637352448657325,27.514605513032432,29.621856361161754,2.107250848129322,7.658662767784219
topanga,controlled,nested_20000,30,0.75,0.75,0.25,5.027373205687514,0.22693522889277892,-2.3064771107221076,10.054746411375028,10.55305615121553,0.49830973984050253,4.955965267077844
topanga,controlled,nested_20000,30,0.75,0.75,0.5,7.079524205795876,0.45537857878823035,-4.462142121176965,14.159048411591751,14.860765933018977,0.7017175214272253,4.955965267077844
topanga,controlled,nested_20000,30,0.75,0.75,0.75,9.131675205904237,0.7042824271134298,-4.571757288657019,18.263350411808474,19.16847571482242,0.9051253030139463,4.955965267077844
topanga,controlled,nested_20000,60,0.25,0.25,0.25,15.545897280214971,0.20414281566872577,-4.585718433127423,15.545897280214971,17.48589574595282,1.9399984657378493,12.47916688737456
topanga,controlled,nested_20000,60,0.25,0.25,0.5,22.778472307372763,0.40519268396356706,-9.480731603643294,22.778472307372763,25.621035881004207,2.8425635736314447,12.47916688737456
topanga,controlled,nested_20000,60,0.25,0.25,0.75,30.011047334530552,0.6440188766369233,-10.598112336307675,30.011047334530552,33.75617601605559,3.7451286815250384,12.479166887374538
topanga,controlled,nested_20000,60,0.25,0.75,0.25,9.761922757633481,0.22043635049241625,-2.956364950758375,9.761922757633481,10.492944783239208,0.7310220256057267,7.488504506287885
topanga,controlled,nested_20000,60,0.25,0.75,0.5,14.303560816940593,0.4400273322779101,-5.9972667722089925,14.303560816940593,15.374683613276819,1.0711227963362262,7.488504506287907
topanga,controlled,nested_20000,60,0.25,0.75,0.75,18.845198876247704,0.6859005700475537,-6.4099429952446325,18.845198876247704,20.25642244331443,1.4112235670667275,7.488504506287907
topanga,controlled,nested_20000,60,0.75,0.25,0.25,11.695955203472591,0.2148864381316058,-3.5113561868394205,11.695955203472591,12.761134429478878,1.0651792260062862,9.107244406083481
topanga,controlled,nested_20000,60,0.75,0.25,0.5,17.13738273889384,0.4282956671793625,-7.170433282063748,17.13738273889384,18.698126069730865,1.560743330837024,9.107244406083481
topanga,controlled,nested_20000,60,0.75,0.25,0.75,22.578810274315092,0.6721889939246632,-7.781100607533675,22.578810274315092,24.635117709982854,2.0563074356677618,9.107244406083481
topanga,controlled,nested_20000,60,0.75,0.75,0.25,8.08977543256085,0.22531703038761408,-2.468296961238592,8.08977543256085,8.585450728025728,0.49567529546487776,6.127182387162633
topanga,controlled,nested_20000,60,0.75,0.75,0.5,11.853463479266194,0.4502252088809868,-4.977479111901317,11.853463479266194,12.579746805836548,0.7262833265703534,6.127182387162633
topanga,controlled,nested_20000,60,0.75,0.75,0.75,15.61715152597154,0.6975005485230982,-5.249945147690182,15.61715152597154,16.57404288364737,0.9568913576758291,6.127182387162633
topanga,controlled,nested_100000,15,0.25,0.25,0.25,8.085905460617203,0.2403728234966758,-0.9627176503324203,32.343621842468814,33.00107238842991,0.6574505459610975,2.0327053944769746
topanga,controlled,nested_100000,15,0.25,0.25,0.5,11.487650465962227,0.4815306627167245,-1.8469337283275489,45.95060186384891,46.884642226730016,0.934040362881106,2.032705394476997
topanga,controlled,nested_100000,15,0.25,0.25,0.75,14.889395471307253,0.7316116125791056,-1.8388387420894436,59.55758188522901,60.76821206503012,1.2106301798011074,2.032705394476997
topanga,controlled,nested_100000,15,0.25,0.75,0.25,4.680279467833057,0.24439647874031264,-0.5603521259687355,18.72111787133223,18.93951504773959,0.21839717640736112,1.1665819205262107
topanga,controlled,nested_100000,15,0.25,0.75,0.5,6.649275689822612,0.48930635279885354,-1.0693647201146461,26.597102759290447,26.907379751464102,0.31027699217365523,1.1665819205261885
topanga,controlled,nested_100000,15,0.25,0.75,0.75,8.618271911812165,0.7394597999315455,-1.0540200068454464,34.47308764724866,34.875244455188614,0.4021568079399529,1.1665819205261885
topanga,controlled,nested_100000,15,0.75,0.25,0.25,5.351692244012804,0.24359962923038442,-0.6400370769615582,21.406768976051215,21.69279998699761,0.28603101094639527,1.3361708685060814
topanga,controlled,nested_100000,15,0.75,0.25,0.5,7.6031522010804515,0.48777286143541243,-1.222713856458757,30.412608804321806,30.818973223517872,0.40636441919606625,1.3361708685060814
topanga,controlled,nested_100000,15,0.75,0.25,0.75,9.854612158148099,0.7379243672182041,-1.2075632781795909,39.418448632592394,39.94514646003813,0.5266978274457372,1.3361708685060814
topanga,controlled,nested_100000,15,0.75,0.75,0.25,3.6121001637133174,0.24566785084739498,-0.43321491526050193,14.44840065485327,14.578138968615812,0.12973831376254275,0.8979423872701231
topanga,controlled,nested_100000,15,0.75,0.75,0.5,5.131712747679865,0.49174645296409714,-0.8253547035902864,20.52685099071946,20.71117028653691,0.1843192958174491,0.8979423872701231
topanga,controlled,nested_100000,15,0.75,0.75,0.75,6.651325331646413,0.7418905467575913,-0.8109453242408748,26.605301326585653,26.844201604458007,0.23890027787235368,0.8979423872701231
topanga,controlled,nested_100000,30,0.25,0.25,0.25,12.335089739427213,0.24036225377582693,-0.9637746224173072,24.670179478854426,25.15700351137273,0.4868240325183031,1.9733299181531105
topanga,controlled,nested_100000,30,0.25,0.25,0.5,17.370217570508977,0.4816727330853985,-1.8327266914601514,34.740435141017954,35.42597854135224,0.6855434003342822,1.9733299181531105
topanga,controlled,nested_100000,30,0.25,0.25,0.75,22.40534540159074,0.7318463876689855,-1.8153612331014535,44.81069080318148,45.694953571331745,0.8842627681502648,1.9733299181531105
topanga,controlled,nested_100000,30,0.25,0.75,0.25,6.759061592311885,0.2446872678913716,-0.5312732108628399,13.51812318462377,13.663001472436264,0.14487828781249412,1.0717337446464859
topanga,controlled,nested_100000,30,0.25,0.75,0.5,9.518079958158465,0.4899543518638262,-1.0045648136173813,19.03615991631693,19.24017686582497,0.20401694950804128,1.071733744646508
topanga,controlled,nested_100000,30,0.25,0.75,0.75,12.277098324005046,0.7401551183117357,-0.9844881688264251,24.55419664801009,24.817352259213674,0.2631556112035831,1.0717337446464859
topanga,controlled,nested_100000,30,0.75,0.25,0.25,8.593478579104591,0.24325862674832327,-0.674137325167673,17.186957158209182,17.421830413116375,0.23487325490719257,1.366578462639656
topanga,controlled,nested_100000,30,0.75,0.25,0.5,12.101297660562182,0.4872290109410973,-1.2770989058902726,24.202595321124363,24.53334277618268,0.33074745505831515,1.3665784626396338
topanga,controlled,nested_100000,30,0.75,0.25,0.75,15.60911674201977,0.737440217333721,-1.2559782666278996,31.21823348403954,31.644855139248985,0.42662165520944484,1.366578462639656
topanga,controlled,nested_100000,30,0.75,0.75,0.25,5.4571060908113305,0.24570466439072514,-0.4295335609274864,10.914212181622661,11.008457470840709,0.09424528921804765,0.8635097765163247
topanga,controlled,nested_100000,30,0.75,0.75,0.5,7.684672110633888,0.4918890018646635,-0.81109981353365,15.369344221267776,15.502060011204868,0.13271578993709277,0.8635097765163247
topanga,controlled,nested_100000,30,0.75,0.75,0.75,9.912238130456444,0.742070898402388,-0.7929101597611954,19.82447626091289,19.99566255156903,0.17118629065614144,0.8635097765163247
topanga,controlled,nested_100000,60,0.25,0.25,0.25,19.075287315322793,0.24006805687261865,-0.9931943127381354,19.075287315322793,19.519120558099914,0.4438332427771208,2.3267447322830037
topanga,controlled,nested_100000,60,0.25,0.25,0.5,27.949876165735915,0.48034143758633235,-1.9658562413667646,27.949876165735915,28.600198437101792,0.6503222713658765,2.3267447322829815
topanga,controlled,nested_100000,60,0.25,0.25,0.75,36.824465016149034,0.7300658737360559,-1.9934126263944085,36.824465016149034,37.68127631610367,0.8568112999546358,2.3267447322829815
topanga,controlled,nested_100000,60,0.25,0.75,0.25,11.045204118607982,0.24421593017457036,-0.5784069825429644,11.045204118607982,11.192568319382167,0.14736420077418444,1.3341917378051793
topanga,controlled,nested_100000,60,0.25,0.75,0.5,16.18387614494211,0.48861315920166976,-1.1386840798330244,16.18387614494211,16.39980008332455,0.2159239383824385,1.334191737805157
topanga,controlled,nested_100000,60,0.25,0.75,0.75,21.32254817127624,0.7385783251426721,-1.1421674857327924,21.32254817127624,21.60703184726693,0.2844836759906926,1.334191737805157
topanga,controlled,nested_100000,60,0.75,0.25,0.25,13.587355273293653,0.24289757369775505,-0.7102426302244946,13.587355273293653,13.81104705517754,0.22369178188388616,1.64632319818383
topanga,controlled,nested_100000,60,0.75,0.25,0.5,19.90873799333858,0.4859936203538413,-1.4006379646158695,19.90873799333858,20.236500165388552,0.3277621720499724,1.64632319818383
topanga,controlled,nested_100000,60,0.75,0.25,0.75,26.23012071338351,0.7359023170095202,-1.4097682990479754,26.23012071338351,26.661953275599565,0.43183256221605504,1.64632319818383
topanga,controlled,nested_100000,60,0.75,0.75,0.25,8.95166815465485,0.24530526604130903,-0.46947339586909664,8.95166815465485,9.048218885409863,0.09655073075501264,1.0785780827320623
topanga,controlled,nested_100000,60,0.75,0.75,0.5,13.116343269880174,0.4907709022645241,-0.9229097735475922,13.116343269880174,13.257813273645002,0.14147000376482843,1.0785780827320623
topanga,controlled,nested_100000,60,0.75,0.75,0.75,17.281018385105497,0.7407688990757596,-0.9231100924240399,17.281018385105497,17.46740766188014,0.18638927677464423,1.0785780827320623
topanga,controlled,nested_1000000,15,0.25,0.25,0.25,9.128229893462665,0.2466882775015497,-0.3311722498450298,36.51291957385066,36.762678939706426,0.2497593658557662,0.6840301152872819
topanga,controlled,nested_1000000,15,0.25,0.25,0.5,12.968481377847144,0.49369905688844745,-0.6300943111552548,51.87392551138858,52.22875878386817,0.3548332724795955,0.6840301152872819
topanga,controlled,nested_1000000,15,0.25,0.25,0.75,16.808732862231622,0.7438246970480535,-0.617530295194646,67.23493144892649,67.69483862802991,0.4599071791034248,0.6840301152873041
topanga,controlled,nested_1000000,15,0.25,0.75,0.25,5.011508133791345,0.24817816323609623,-0.1821836763903767,20.04603253516538,20.121082040454073,0.07504950528869259,0.3743858299992242
topanga,controlled,nested_1000000,15,0.25,0.75,0.5,7.119852443083999,0.4965405784204956,-0.3459421579504407,28.479409772335995,28.586032646991036,0.1066228746550415,0.3743858299992242
topanga,controlled,nested_1000000,15,0.25,0.75,0.75,9.228196752376652,0.7466220162572285,-0.337798374277154,36.91278700950661,37.050983253527995,0.13819624402138686,0.3743858299992242
topanga,controlled,nested_1000000,15,0.75,0.25,0.25,5.789212660256649,0.2478962423910509,-0.21037576089490972,23.156850641026598,23.257058631561645,0.10020799053504703,0.432735833073572
topanga,controlled,nested_1000000,15,0.75,0.25,0.5,8.224737704152602,0.4960037538023381,-0.39962461976619235,32.89895081661041,33.041316365499135,0.14236554888872632,0.432735833073572
topanga,controlled,nested_1000000,15,0.75,0.25,0.75,10.660262748048556,0.7460951140081357,-0.39048859918643375,42.641050992194224,42.82557409943662,0.1845231072423985,0.432735833073572
topanga,controlled,nested_1000000,15,0.75,0.75,0.25,3.8062536535393963,0.24861549672814615,-0.1384503271853854,15.225014614157585,15.268267545987817,0.04325293183023149,0.2840912335808854
topanga,controlled,nested_1000000,15,0.75,0.75,0.5,5.407546720601248,0.4973725424392302,-0.2627457560769819,21.630186882404992,21.691636347145067,0.0614494647400754,0.2840912335808854
topanga,controlled,nested_1000000,15,0.75,0.75,0.75,7.0088397876631,0.7474371592866924,-0.25628407133075903,28.0353591506524,28.11500514830232,0.07964599764991931,0.2840912335808854
topanga,controlled,nested_1000000,30,0.25,0.25,0.25,13.873931470872407,0.24669675171644612,-0.33032482835538834,27.747862941744813,27.93151104433511,0.18364810259029696,0.661845933778249
topanga,controlled,nested_1000000,30,0.25,0.25,0.5,19.537207535433463,0.49377056353123017,-0.6229436468769833,39.07441507086693,39.33302749816109,0.25861242729416034,0.6618459337782268
topanga,controlled,nested_1000000,30,0.25,0.25,0.75,25.200483599994516,0.743925016548502,-0.6074983451498039,50.40096719998903,50.734543951987064,0.33357675199803083,0.661845933778249
topanga,controlled,nested_1000000,30,0.25,0.75,0.25,7.1964387889567325,0.24828292539317304,-0.17170746068269627,14.392877577913465,14.44213156617894,0.049253988265475,0.3422108469890439
topanga,controlled,nested_1000000,30,0.25,0.75,0.5,10.13399254789963,0.49676865537881737,-0.323134462118263,20.26798509579926,20.33734433926321,0.06935924346394984,0.3422108469890439
topanga,controlled,nested_1000000,30,0.25,0.75,0.75,13.07154630684253,0.7468609312562617,-0.31390687437382603,26.14309261368506,26.232557112347482,0.0894644986624229,0.3422108469890439
topanga,controlled,nested_1000000,30,0.75,0.25,0.25,9.313120255325883,0.2477793897566419,-0.22206102433580954,18.626240510651765,18.70881272061485,0.0825722099630859,0.44331119806955144
topanga,controlled,nested_1000000,30,0.75,0.25,0.5,13.114693813556043,0.4958182624464796,-0.4181737553520415,26.229387627112086,26.34566543964814,0.11627781253605463,0.44331119806955144
topanga,controlled,nested_1000000,30,0.75,0.25,0.75,16.9162673717862,0.7459326968156974,-0.40673031843025953,33.8325347435724,33.98251815868144,0.149983415109034,0.44331119806957364
topanga,controlled,nested_1000000,30,0.75,0.75,0.25,5.738703244842082,0.24863010317654274,-0.13698968234572562,11.477406489684164,11.508705652399623,0.031299162715459516,0.27270239791186146
topanga,controlled,nested_1000000,30,0.75,0.75,0.5,8.081215949071938,0.49742319466536006,-0.2576805334639942,16.162431898143875,16.206507237490985,0.04407533934710983,0.27270239791186146
topanga,controlled,nested_1000000,30,0.75,0.75,0.75,10.423728653301794,0.7474988911775684,-0.2501108822431597,20.847457306603587,20.904308822582344,0.056851515978756595,0.27270239791183926
topanga,controlled,nested_1000000,60,0.25,0.25,0.25,21.93391085996019,0.24651933656130817,-0.3480663438691828,21.93391085996019,22.10852767911888,0.17461681915868965,0.7961043530884782
topanga,controlled,nested_1000000,60,0.25,0.25,0.5,32.138446054950194,0.4931685116478883,-0.6831488352111725,32.138446054950194,32.39430162300865,0.25585556805845755,0.7961043530885004
topanga,controlled,nested_1000000,60,0.25,0.25,0.75,42.3429812499402,0.7431885480170414,-0.6811451982958627,42.3429812499402,42.68007556689842,0.3370943169582148,0.7961043530884782
topanga,controlled,nested_1000000,60,0.25,0.75,0.25,11.946762332046578,0.24810013079005636,-0.18998692099436443,11.946762332046578,11.998378165799549,0.05161583375297063,0.4320487201332712
topanga,controlled,nested_1000000,60,0.25,0.75,0.5,17.504875404626624,0.4962789244273537,-0.3721075572646282,17.504875404626624,17.58050499477324,0.0756295901466153,0.43204872013329343
topanga,controlled,nested_1000000,60,0.25,0.75,0.75,23.062988477206673,0.74630499709384,-0.3695002906159983,23.062988477206673,23.16263182374693,0.09964334654025819,0.43204872013329343
topanga,controlled,nested_1000000,60,0.75,0.25,0.25,14.977796587547948,0.24761965310912312,-0.23803468908768777,14.977796587547948,15.059015032872066,0.0812184453241187,0.5422589687967827
topanga,controlled,nested_1000000,60,0.75,0.25,0.5,21.94606838352951,0.4953348929925814,-0.4665107007418623,21.94606838352951,22.065072907637475,0.11900452410796447,0.5422589687967827
topanga,controlled,nested_1000000,60,0.75,0.25,0.75,28.914340179511072,0.7453618192496372,-0.4638180750362819,28.914340179511072,29.071130782402886,0.1567906028918138,0.5422589687968049
topanga,controlled,nested_1000000,60,0.75,0.75,0.25,9.53482661176293,0.2484829154089581,-0.15170845910419117,9.53482661176293,9.567676163250454,0.03284955148752289,0.3445217498448949
topanga,controlled,nested_1000000,60,0.75,0.75,0.5,13.97081043421377,0.49703015367677145,-0.2969846323228553,13.97081043421377,14.018942914789237,0.04813248057546815,0.3445217498449171
topanga,controlled,nested_1000000,60,0.75,0.75,0.75,18.406794256664607,0.7470538783366972,-0.294612166330277,18.406794256664607,18.47020966632802,0.06341540966341341,0.3445217498449171
topanga,native,terminal,15,0.25,0.25,0.25,10.499401615669855,0.2478260809734427,-0.21739190265573083,41.99760646267942,42.185451178739726,0.1878447160603045,0.4472748136902238
topanga,native,terminal,15,0.25,0.25,0.5,14.91650581991443,0.49587009248347014,-0.41299075165298627,59.66602327965772,59.932894374118185,0.26687109446046264,0.447274813690246
topanga,native,terminal,15,0.25,0.25,0.75,19.333610024159007,0.745963809517815,-0.40361904821849537,77.33444009663603,77.68033756949664,0.3458974728606137,0.4472748136902238
topanga,native,terminal,15,0.25,0.75,0.25,5.398577220749663,0.2488806298464207,-0.11193701535792966,21.594308882998654,21.643863696342805,0.04955481334415168,0.22948089523331383
topanga,native,terminal,15,0.25,0.75,0.5,7.66976171407576,0.4978764506343315,-0.21235493656684978,30.67904685630304,30.749449407677933,0.07040255137489382,0.22948089523331383
topanga,native,terminal,15,0.25,0.75,0.75,9.940946207401856,0.7479300269664447,-0.20699730335552724,39.763784829607424,39.85503511901305,0.09125028940562885,0.22948089523331383
topanga,native,terminal,15,0.75,0.25,0.25,6.3120028378182695,0.24869156708835533,-0.13084329116446747,25.248011351273078,25.315780220416322,0.06776886914324365,0.26841270070889767
topanga,native,terminal,15,0.75,0.25,0.5,8.967466005406797,0.49751715692949045,-0.2482843070509555,35.86986402162719,35.96614329238825,0.09627927076106602,0.26841270070891987
topanga,native,terminal,15,0.75,0.25,0.75,11.622929172995324,0.7475786710539946,-0.2421328946005441,46.491716691981296,46.61650636436018,0.12478967237888128,0.26841270070889767
topanga,native,terminal,15,0.75,0.75,0.25,4.025460453361822,0.249165021220677,-0.0834978779323009,16.101841813447287,16.129378071491406,0.027536258044118966,0.17101309504308215
topanga,native,terminal,15,0.75,0.75,0.5,5.718973945219079,0.4984165667242531,-0.15834332757468927,22.875895780876316,22.915016558270025,0.039120777393709005,0.17101309504310436
topanga,native,terminal,15,0.75,0.75,0.75,7.412487437076336,0.7484575960734339,-0.1542403926566127,29.649949748305342,29.70065504504864,0.050705296743299044,0.17101309504310436
topanga,native,terminal,30,0.25,0.25,0.25,15.88110753580295,0.24784206542827927,-0.21579345717207266,31.7622150716059,31.89901763621352,0.13680256460762052,0.43070851418645084
topanga,native,terminal,30,0.25,0.25,0.5,22.36370379015634,0.49593662796000715,-0.4063372039992852,44.72740758031268,44.92005233293596,0.19264475262328062,0.43070851418645084
topanga,native,terminal,30,0.25,0.25,0.75,28.84630004450973,0.7460484263675831,-0.3951573632416938,57.69260008901946,57.941087029658405,0.24848694063894783,0.43070851418645084
topanga,native,terminal,30,0.25,0.75,0.25,7.701318425112083,0.24895197815192782,-0.10480218480721781,15.402636850224166,15.434736511106152,0.032099660881986125,0.20840367265764215
topanga,native,terminal,30,0.25,0.75,0.5,10.84496176759702,0.4980294920356108,-0.19705079643891898,21.68992353519404,21.73512613243802,0.04520259724397846,0.20840367265764215
topanga,native,terminal,30,0.25,0.75,0.75,13.988605110081958,0.7480888727759004,-0.19111272240995847,27.977210220163915,28.03551575376989,0.05830553360597435,0.20840367265766435
topanga,native,terminal,30,0.75,0.25,0.25,10.176493331150404,0.24861577221304937,-0.13842277869506314,20.352986662300808,20.40907306380815,0.05608640150734345,0.2755684088922017
topanga,native,terminal,30,0.75,0.25,0.5,14.330491873269864,0.4973961882115979,-0.2603811788402077,28.660983746539728,28.73996436342292,0.07898061688319302,0.2755684088922017
topanga,native,terminal,30,0.75,0.25,0.75,18.484490415389324,0.74747259004728,-0.252740995272005,36.96898083077865,37.07085566303769,0.10187483225904259,0.2755684088922017
topanga,native,terminal,30,0.75,0.75,0.25,6.055260088761213,0.24917573241775462,-0.08242675822453804,12.110520177522426,12.130355646806253,0.019835469283826512,0.16378709579001338
topanga,native,terminal,30,0.75,0.75,0.5,8.526989864662786,0.49845065985359827,-0.15493401464017342,17.053979729325572,17.081911947440847,0.02793221811527502,0.16378709578999118
topanga,native,terminal,30,0.75,0.75,0.75,10.998719640564358,0.748498164788402,-0.15018352115979683,21.997439281128717,22.033468248075447,0.036028966946730634,0.16378709579001338
topanga,native,terminal,60,0.25,0.25,0.25,25.860077636762533,0.24765799250115852,-0.23420074988414752,25.860077636762533,25.998028394151746,0.1379507573892127,0.5334506698970731
topanga,native,terminal,60,0.25,0.25,0.5,37.89122311165557,0.4954102652846406,-0.4589734715359395,37.89122311165557,38.09335409517689,0.20213098352132164,0.5334506698970731
topanga,native,terminal,60,0.25,0.25,0.75,49.92236858654861,0.7454372092600372,-0.45627907399627965,49.92236858654861,50.18867979620204,0.2663112096534306,0.5334506698970731
topanga,native,terminal,60,0.25,0.75,0.25,13.023745646881322,0.2488186671369139,-0.11813328630861097,13.023745646881322,13.058642622790556,0.03489697590923413,0.26794884402239205
topanga,native,terminal,60,0.25,0.75,0.5,19.082914559927573,0.49768845277584545,-0.23115472241545532,19.082914559927573,19.134047008896676,0.05113244896910274,0.26794884402236985
topanga,native,terminal,60,0.25,0.75,0.75,25.142083472973827,0.7477089056604749,-0.22910943395251238,25.142083472973827,25.2094513950028,0.0673679220289749,0.26794884402236985
topanga,native,terminal,60,0.75,0.25,0.25,16.71021509015896,0.24848496067868636,-0.15150393213136382,16.71021509015896,16.767707376166122,0.05749228600716094,0.34405473356844407
topanga,native,terminal,60,0.75,0.25,0.5,24.484477468267745,0.4970341655528454,-0.29658344471545917,24.484477468267745,24.568717471986822,0.0842400037190778,0.3440547335684663
topanga,native,terminal,60,0.75,0.25,0.75,32.258739846376535,0.7470578737070371,-0.29421262929628655,32.258739846376535,32.36972756780752,0.11098772143098756,0.34405473356844407
topanga,native,terminal,60,0.75,0.75,0.25,10.20858003223729,0.24907370320344707,-0.09262967965529278,10.20858003223729,10.230008701017551,0.021428668780261617,0.20990841735670784
topanga,native,terminal,60,0.75,0.75,0.5,14.95802097302293,0.4981881034611248,-0.18118965388752017,14.95802097302293,14.989419118115284,0.03139814509235528,0.20990841735670784
topanga,native,terminal,60,0.75,0.75,0.75,19.70746191380857,0.7482053167701577,-0.1794683229842331,19.70746191380857,19.74882953521302,0.041367621404450716,0.20990841735670784
topanga,native,nested_20000,15,0.25,0.25,0.25,6.744373738177841,0.23159989064379535,-1.8400109356204646,26.977494952711364,28.059377524893964,1.0818825721826002,4.010315168547063
topanga,native,nested_20000,15,0.25,0.25,0.5,9.581735588346616,0.4642993319970137,-3.5700668002986324,38.326942353386464,39.86397353622461,1.5370311828381489,4.010315168547063
topanga,native,nested_20000,15,0.25,0.25,0.75,12.419097438515392,0.7136559886132071,-3.6344011386792885,49.67638975406157,51.66856954755525,1.9921797934936833,4.010315168547041
topanga,native,nested_20000,15,0.25,0.75,0.25,4.197056806965257,0.23843654007233245,-1.1563459927667552,16.78822722786103,17.200949330962377,0.4127221031013484,2.4584019354730424
topanga,native,nested_20000,15,0.25,0.75,0.5,5.962760981937594,0.4777601131281698,-2.2239886871830206,23.851043927750375,24.437398453300712,0.5863545255503375,2.45840193547302
topanga,native,nested_20000,15,0.25,0.75,0.75,7.728465156909929,0.7277493895147503,-2.2250610485249678,30.913860627639718,31.67384757563905,0.7599869479993338,2.4584019354730424
topanga,native,nested_20000,15,0.75,0.25,0.25,4.729104331224451,0.2369972195134303,-1.3002780486569692,18.916417324897804,19.44204883112636,0.5256315062285566,2.778705381683033
topanga,native,nested_20000,15,0.75,0.25,0.5,6.718641200886338,0.4749452898092204,-2.5054710190779597,26.87456480354535,27.621329782045358,0.746764978500007,2.778705381683033
topanga,native,nested_20000,15,0.75,0.25,0.75,8.708178070548223,0.7248418696502161,-2.515813034978387,34.832712282192894,35.80061073296436,0.9678984507714645,2.778705381683033
topanga,native,nested_20000,15,0.75,0.75,0.25,3.3173327444999345,0.2408295549841044,-0.917044501589559,13.269330977999738,13.525846683105538,0.2565157051057998,1.9331472365192948
topanga,native,nested_20000,15,0.75,0.75,0.5,4.712936508312526,0.4824173510234637,-1.7582648976536275,18.851746033250105,19.216178040727517,0.36443200747741145,1.9331472365192948
topanga,native,nested_20000,15,0.75,0.75,0.75,6.1085402721251185,0.7325144770537695,-1.7485522946230514,24.434161088500474,24.906509398349492,0.47234830984901777,1.9331472365192948
topanga,native,nested_20000,30,0.25,0.25,0.25,10.337705821440254,0.23149431137654183,-1.8505688623458165,20.67541164288051,21.483877547223376,0.8084659043428672,3.9102771848378515
topanga,native,nested_20000,30,0.25,0.25,0.5,14.557510572815078,0.46440467528346663,-3.559532471653337,29.115021145630156,30.253499174848454,1.138478029218298,3.9102771848378737
topanga,native,nested_20000,30,0.25,0.25,0.75,18.7773153241899,0.7139502488538769,-3.6049751146123077,37.5546306483798,39.02312080247353,1.468490154093729,3.9102771848378737
topanga,native,nested_20000,30,0.25,0.75,0.25,6.111974140494597,0.23894133071520904,-1.105866928479096,12.223948280989195,12.502104978020782,0.2781566970315872,2.275506167382746
topanga,native,nested_20000,30,0.25,0.75,0.5,8.60685433575497,0.47893175439910646,-2.106824560089354,17.21370867150994,17.60540767396545,0.39169900245550693,2.275506167382746
topanga,native,nested_20000,30,0.25,0.75,0.75,11.101734531015342,0.7290576189174525,-2.0942381082547534,22.203469062030685,22.708710369910115,0.5052413078794302,2.275506167382746
topanga,native,nested_20000,30,0.75,0.25,0.25,7.573976702097557,0.23634637249278118,-1.3653627507218824,15.147953404195114,15.577435229639612,0.42948182544449764,2.835246544431258
topanga,native,nested_20000,30,0.75,0.25,0.5,10.665639729306887,0.4739004427121576,-2.609955728784241,21.331279458613775,21.936073822347094,0.6047943637333191,2.835246544431236
topanga,native,nested_20000,30,0.75,0.25,0.75,13.757302756516216,0.7238878797164544,-2.6112120283545592,27.514605513032432,28.294712415054573,0.7801069020221405,2.835246544431236
topanga,native,nested_20000,30,0.75,0.75,0.25,5.027373205687514,0.24087901422443186,-0.9120985775568136,10.054746411375028,10.242184827686394,0.18743841631136604,1.8641784550559537
topanga,native,nested_20000,30,0.75,0.75,0.5,7.079524205795876,0.4826671028879472,-1.7332897112052825,14.159048411591751,14.422998341521588,0.26394992992983646,1.8641784550559537
topanga,native,nested_20000,30,0.75,0.75,0.75,9.131675205904237,0.7328533025703305,-1.7146697429669455,18.263350411808474,18.60381185535678,0.3404614435483069,1.8641784550559537
topanga,native,nested_20000,60,0.25,0.25,0.25,15.545897280214971,0.23144860406778614,-1.855139593221386,15.545897280214971,16.2443898252013,0.698492544986328,4.493098934053097
topanga,native,nested_20000,60,0.25,0.25,0.5,22.778472307372763,0.46287431806381124,-3.7125681936188757,22.778472307372763,23.801931603808907,1.023459296436144,4.493098934053097
topanga,native,nested_20000,60,0.25,0.25,0.75,30.011047334530552,0.711482794098637,-3.8517205901362983,30.011047334530552,31.359473382416514,1.3484260478859618,4.493098934053097
topanga,native,nested_20000,60,0.25,0.75,0.25,9.761922757633481,0.2382365768522348,-1.1763423147765213,9.761922757633481,10.032817680578429,0.2708949229449473,2.775016046230405
topanga,native,nested_20000,60,0.25,0.75,0.5,14.303560816940593,0.47666120971258624,-2.333879028741376,14.303560816940593,14.70048692479302,0.396926107852428,2.7750160462304274
topanga,native,nested_20000,60,0.25,0.75,0.75,18.845198876247704,0.7262195233489662,-2.3780476651033777,18.845198876247704,19.368156169007612,0.5229572927599087,2.7750160462304274
topanga,native,nested_20000,60,0.75,0.25,0.25,11.695955203472591,0.23595170019500356,-1.4048299804996445,11.695955203472591,12.086972351205358,0.3910171477327662,3.3431826723880675
topanga,native,nested_20000,60,0.75,0.25,0.5,17.13738273889384,0.4720461724455232,-2.7953827554476787,17.13738273889384,17.710316749121365,0.5729340102275238,3.3431826723880675
topanga,native,nested_20000,60,0.75,0.25,0.75,22.578810274315092,0.7213443485239157,-2.8655651476084287,22.578810274315092,23.333661147037372,0.7548508727222796,3.3431826723880675
topanga,native,nested_20000,60,0.75,0.75,0.25,8.08977543256085,0.2402242822139022,-0.9775717786097787,8.08977543256085,8.274933900185347,0.18515846762449684,2.2887961373964094
topanga,native,nested_20000,60,0.75,0.75,0.5,11.853463479266194,0.4806545738515243,-1.9345426148475675,11.853463479266194,12.124765093527335,0.27130161426114086,2.2887961373964316
topanga,native,nested_20000,60,0.75,0.75,0.75,15.61715152597154,0.7303914597697971,-1.9608540230202864,15.61715152597154,15.974596286869323,0.3574447608977831,2.2887961373964316
topanga,native,nested_100000,15,0.25,0.25,0.25,8.085905460617203,0.23261790038289162,-1.7382099617108375,32.343621842468814,33.56434681352467,1.2207249710558585,3.774237087613308
topanga,native,nested_100000,15,0.25,0.25,0.5,11.487650465962227,0.46631819713212264,-3.3681802867877364,45.95060186384891,47.68488652137584,1.7342846575269277,3.77423708761333
topanga,native,nested_100000,15,0.25,0.25,0.75,14.889395471307253,0.7158003978945028,-3.4199602105497218,59.55758188522901,61.805426229227,2.24784434399799,3.77423708761333
topanga,native,nested_100000,15,0.25,0.75,0.25,4.680279467833057,0.23983471701273315,-1.0165282987266848,18.72111787133223,19.1237001760746,0.40258230474237067,2.150418086725736
topanga,native,nested_100000,15,0.25,0.75,0.5,6.649275689822612,0.480484665731037,-1.9515334268963014,26.597102759290447,27.169051667571253,0.571948908280806,2.150418086725714
topanga,native,nested_100000,15,0.25,0.75,0.75,8.618271911812165,0.7305439024535058,-1.9456097546494244,34.47308764724866,35.214403159067906,0.7413155118192449,2.150418086725714
topanga,native,nested_100000,15,0.75,0.25,0.25,5.351692244012804,0.23839988976181833,-1.1600110238181665,21.406768976051215,21.934770523581726,0.5280015475305113,2.46651677383547
topanga,native,nested_100000,15,0.75,0.25,0.5,7.6031522010804515,0.47768856448750446,-2.231143551249554,30.412608804321806,31.162740901841367,0.7501320975195611,2.46651677383547
topanga,native,nested_100000,15,0.75,0.25,0.75,9.854612158148099,0.7276757420915292,-2.2324257908470813,39.418448632592394,40.39071128010101,0.9722626475086145,2.466516773835492
topanga,native,nested_100000,15,0.75,0.75,0.25,3.6121001637133174,0.2421296012829753,-0.787039871702469,14.44840065485327,14.687019324697902,0.23861866984463198,1.6515230685029358
topanga,native,nested_100000,15,0.75,0.75,0.5,5.131712747679865,0.4849355524247488,-1.5064447575251216,20.52685099071946,20.865856670068418,0.33900567934895776,1.651523068502958
topanga,native,nested_100000,15,0.75,0.75,0.75,6.651325331646413,0.7350674895062008,-1.4932510493799178,26.605301326585653,27.04469401543893,0.4393926888532782,1.6515230685029358
topanga,native,nested_100000,30,0.25,0.25,0.25,12.335089739427213,0.23259903649090377,-1.740096350909623,24.670179478854426,25.573642280752022,0.9034628018975965,3.662165500952197
topanga,native,nested_100000,30,0.25,0.25,0.5,17.370217570508977,0.4665767423069909,-3.342325769300908,34.740435141017954,36.012687371632985,1.272252230615031,3.662165500952197
topanga,native,nested_100000,30,0.25,0.25,0.75,22.40534540159074,0.7162443573184538,-3.3755642681546183,44.81069080318148,46.45173246251395,1.6410416593324726,3.662165500952197
topanga,native,nested_100000,30,0.25,0.75,0.25,6.759061592311885,0.24035899760238613,-0.9641002397613868,13.51812318462377,13.784973497396308,0.26685031277253835,1.9740189457369883
topanga,native,nested_100000,30,0.25,0.75,0.5,9.518079958158465,0.48166646325780005,-1.8333536742199952,19.03615991631693,19.41193731960582,0.37577740328888964,1.9740189457370105
topanga,native,nested_100000,30,0.25,0.75,0.75,12.277098324005046,0.7318400306587125,-1.8159969341287496,24.55419664801009,25.03890114181533,0.48470449380523917,1.9740189457370105
topanga,native,nested_100000,30,0.75,0.25,0.25,8.593478579104591,0.23778670860001552,-1.2213291399984478,17.186957158209182,17.620633666633204,0.4336765084240213,2.5232884706230863
topanga,native,nested_100000,30,0.75,0.25,0.5,12.101297660562182,0.4766971598762254,-2.3302840123774593,24.202595321124363,24.813296618453855,0.6107012973294914,2.5232884706230863
topanga,native,nested_100000,30,0.75,0.25,0.75,15.60911674201977,0.7267696697091668,-2.323033029083321,31.21823348403954,32.005959570274506,0.7877260862349651,2.5232884706230863
topanga,native,nested_100000,30,0.75,0.75,0.25,5.4571060908113305,0.24219615353698046,-0.7803846463019543,10.914212181622661,11.087501366948587,0.17328918532592574,1.5877388348534138
topanga,native,nested_100000,30,0.75,0.75,0.5,7.684672110633888,0.48519562655089243,-1.4804373449107566,15.369344221267776,15.613369268131143,0.24402504686336712,1.5877388348534138
topanga,native,nested_100000,30,0.75,0.75,0.75,9.912238130456444,0.7354022750998928,-1.4597724900107245,19.82447626091289,20.1392371693137,0.3147609084008103,1.5877388348534138
topanga,native,nested_100000,60,0.25,0.25,0.25,19.075287315322793,0.23207418065508859,-1.7925819344911416,19.075287315322793,19.90141688907332,0.8261295737505279,4.330889281478423
topanga,native,nested_100000,60,0.25,0.25,0.5,27.949876165735915,0.4641545048279545,-3.5845495172045494,27.949876165735915,29.160354356784257,1.2104781910483418,4.330889281478401
topanga,native,nested_100000,60,0.25,0.25,0.75,36.824465016149034,0.7128731332885415,-3.7126866711458484,36.824465016149034,38.4192918244952,1.5948268083461627,4.330889281478401
topanga,native,nested_100000,60,0.25,0.75,0.25,11.045204118607982,0.2395093776686345,-1.0490622331365496,11.045204118607982,11.317227911693779,0.27202379308579694,2.4628226890575533
topanga,native,nested_100000,60,0.25,0.75,0.5,16.18387614494211,0.4792206134415648,-2.0779386558435196,16.18387614494211,16.582456318608717,0.3985801736666055,2.4628226890575533
topanga,native,nested_100000,60,0.25,0.75,0.75,21.32254817127624,0.7288983247976307,-2.1101675202369274,21.32254817127624,21.847684725523653,0.525136554247414,2.462822689057531
topanga,native,nested_100000,60,0.75,0.25,0.25,13.587355273293653,0.23713802244551674,-1.2861977554483262,13.587355273293653,14.001353062722925,0.41399778942927234,3.046934308422755
topanga,native,nested_100000,60,0.75,0.25,0.5,19.90873799333858,0.474445607998002,-2.5554392001997996,19.90873799333858,20.51534416163161,0.6066061682930304,3.046934308422755
topanga,native,nested_100000,60,0.75,0.25,0.75,26.23012071338351,0.7238862519346417,-2.6113748065358267,26.23012071338351,27.029335260540297,0.7992145471567866,3.046934308422755
topanga,native,nested_100000,60,0.75,0.75,0.25,8.95166815465485,0.24147441939484998,-0.8525580605150018,8.95166815465485,9.129514414701145,0.17784626004629445,1.9867387505178469
topanga,native,nested_100000,60,0.75,0.75,0.5,13.116343269880174,0.48315586198871724,-1.684413801128276,13.116343269880174,13.376930744273823,0.26058747439364893,1.9867387505178469
topanga,native,nested_100000,60,0.75,0.75,0.75,17.281018385105497,0.7329827419294218,-1.701725807057819,17.281018385105497,17.6243470738465,0.3433286887410034,1.9867387505178469
topanga,native,nested_1000000,15,0.25,0.25,0.25,9.128229893462665,0.2460210113045735,-0.3978988695426511,36.51291957385066,36.81369068046847,0.3007711066178089,0.823738857719869
topanga,native,nested_1000000,15,0.25,0.25,0.5,12.968481377847144,0.4924228231474398,-0.7577176852560208,51.87392551138858,52.30123119285054,0.42730568146195935,0.8237388577198468
topanga,native,nested_1000000,15,0.25,0.25,0.75,16.808732862231622,0.7425616266193471,-0.7438373380652896,67.23493144892649,67.7887717052326,0.5538402563061169,0.823738857719869
topanga,native,nested_1000000,15,0.25,0.75,0.25,5.011508133791345,0.24781019015841746,-0.21898098415825407,20.04603253516538,20.136353684616918,0.0903211494515368,0.45056870626689616
topanga,native,nested_1000000,15,0.25,0.75,0.5,7.119852443083999,0.49583981617349665,-0.416018382650335,28.479409772335995,28.607729080499663,0.1283193081636682,0.45056870626691836
topanga,native,nested_1000000,15,0.25,0.75,0.75,9.228196752376652,0.7459340607657275,-0.4065939234272453,36.91278700950661,37.079104476382405,0.16631746687579607,0.45056870626691836
topanga,native,nested_1000000,15,0.75,0.25,0.25,5.789212660256649,0.2474715225848392,-0.2528477415160796,23.156850641026598,23.27746398327013,0.1206133422435336,0.5208538246986194
topanga,native,nested_1000000,15,0.75,0.25,0.5,8.224737704152602,0.49519426041896003,-0.48057395810399695,32.89895081661041,33.07030626022444,0.17135544361403277,0.5208538246986194
topanga,native,nested_1000000,15,0.75,0.25,0.75,10.660262748048556,0.7452991996888044,-0.47008003111955743,42.641050992194224,42.86314853717876,0.2220975449845355,0.5208538246986194
topanga,native,nested_1000000,15,0.75,0.75,0.25,3.8062536535393963,0.24833565693021223,-0.16643430697877715,15.225014614157585,15.277059454574973,0.05204484041738766,0.34183770417528514
topanga,native,nested_1000000,15,0.75,0.75,0.5,5.407546720601248,0.49684029855019746,-0.31597014498025433,21.630186882404992,21.704127016652627,0.07394013424763557,0.34183770417528514
topanga,native,nested_1000000,15,0.75,0.75,0.75,7.0088397876631,0.7469158786222664,-0.30841213777336174,28.0353591506524,28.131194578730284,0.09583542807788348,0.34183770417528514
topanga,native,nested_1000000,30,0.25,0.25,0.25,13.873931470872407,0.2460311836437618,-0.3968816356238192,27.747862941744813,27.969010033619345,0.2211470918745313,0.7969878341219205
topanga,native,nested_1000000,30,0.25,0.25,0.5,19.537207535433463,0.4925088092145245,-0.7491190785475499,39.07441507086693,39.385833405236035,0.31141833436910815,0.7969878341219205
topanga,native,nested_1000000,30,0.25,0.25,0.75,25.200483599994516,0.7426826542318695,-0.7317345768130479,50.40096719998903,50.80265677685273,0.40168957686369566,0.7969878341219205
topanga,native,nested_1000000,30,0.25,0.75,0.25,7.1964387889567325,0.24793605290425863,-0.20639470957413697,14.392877577913465,14.452150276103593,0.059272698190127926,0.41181965086038996
topanga,native,nested_1000000,30,0.25,0.75,0.5,10.13399254789963,0.49611409031069803,-0.38859096893019696,20.26798509579926,20.351452641257218,0.08346754545795676,0.41181965086038996
topanga,native,nested_1000000,30,0.25,0.75,0.75,13.07154630684253,0.7462218707014063,-0.3778129298593669,26.14309261368506,26.250755006410845,0.1076623927257856,0.41181965086038996
topanga,native,nested_1000000,30,0.75,0.25,0.25,9.313120255325883,0.24733116462321145,-0.2668835376788553,18.626240510651765,18.7256290296441,0.0993885189923347,0.5335940923531846
topanga,native,nested_1000000,30,0.75,0.25,0.5,13.114693813556043,0.4949711998339864,-0.5028800166013592,26.229387627112086,26.369346089950778,0.13995846283869184,0.5335940923532068
topanga,native,nested_1000000,30,0.75,0.25,0.75,16.9162673717862,0.7451034694043895,-0.489653059561046,33.8325347435724,34.01306315025745,0.180528406685049,0.5335940923532068
topanga,native,nested_1000000,30,0.75,0.75,0.25,5.738703244842082,0.24835320911140776,-0.16467908885922367,11.477406489684164,11.515066880724078,0.03766039103991403,0.328126315590227
topanga,native,nested_1000000,30,0.75,0.75,0.5,8.081215949071938,0.4969012109081627,-0.3098789091837306,16.162431898143875,16.215465090441032,0.05303319229715697,0.3281263155902048
topanga,native,nested_1000000,30,0.75,0.75,0.75,10.423728653301794,0.74699021598046,-0.3009784019539996,20.847457306603587,20.91586330015799,0.06840599355440347,0.328126315590227
topanga,native,nested_1000000,60,0.25,0.25,0.25,21.93391085996019,0.24581822685644691,-0.4181773143553086,21.93391085996019,22.144239857160205,0.21032899720001552,0.9589215463803313
topanga,native,nested_1000000,60,0.25,0.25,0.5,32.138446054950194,0.49178485189775845,-0.8215148102241554,32.138446054950194,32.44662853884294,0.30818248389274316,0.9589215463803535
topanga,native,nested_1000000,60,0.25,0.25,0.75,42.3429812499402,0.7417940209684337,-0.820597903156628,42.3429812499402,42.74901722052567,0.4060359705854708,0.9589215463803535
topanga,native,nested_1000000,60,0.25,0.75,0.25,11.946762332046578,0.24771644559295972,-0.22835544070402836,11.946762332046578,12.008888610752836,0.06212627870625731,0.5200260704911308
topanga,native,nested_1000000,60,0.25,0.75,0.5,17.504875404626624,0.49552516489946924,-0.4474835100530761,17.504875404626624,17.595905320337675,0.09102991571105079,0.520026070491153
topanga,native,nested_1000000,60,0.25,0.75,0.75,23.062988477206673,0.7455521072000492,-0.44478927999508366,23.062988477206673,23.182922029922516,0.1199335527158425,0.5200260704911308
topanga,native,nested_1000000,60,0.75,0.25,0.25,14.977796587547948,0.24713931107812692,-0.2860688921873078,14.977796587547948,15.075575256585184,0.0977786690372362,0.6528241217972353
topanga,native,nested_1000000,60,0.75,0.25,0.5,21.94606838352951,0.4943899321969429,-0.5610067803057117,21.94606838352951,22.08933761172331,0.14326922819379817,0.6528241217972353
topanga,native,nested_1000000,60,0.75,0.25,0.75,28.914340179511072,0.7444153704205412,-0.5584629579458822,28.914340179511072,29.103099966861432,0.18875978735036014,0.6528241217972353
topanga,native,nested_1000000,60,0.75,0.75,0.25,9.53482661176293,0.24817634391686316,-0.18236560831368376,9.53482661176293,9.574358246475667,0.03953163471273591,0.4146025546386545
topanga,native,nested_1000000,60,0.75,0.75,0.5,13.97081043421377,0.4964285561926908,-0.3571443807309227,13.97081043421377,14.028733771177743,0.05792333696397378,0.4146025546386545
topanga,native,nested_1000000,60,0.75,0.75,0.75,18.406794256664607,0.746454279057904,-0.3545720942096042,18.406794256664607,18.48310929587982,0.07631503921521343,0.4146025546386545
az_ponderosa,controlled,terminal,15,0.25,0.25,0.25,10.838139774523562,0.24949449794954243,-0.05055020504575736,43.35255909809425,43.39739304908137,0.04483395098712606,0.10341708060572774
az_ponderosa,controlled,terminal,15,0.25,0.25,0.5,15.397751313984053,0.4990417986954428,-0.09582013045572046,61.59100525593621,61.65470087548762,0.06369561955141023,0.10341708060572774
az_ponderosa,controlled,terminal,15,0.25,0.25,0.75,19.957362853444543,0.7490673832376343,-0.09326167623656678,79.82945141377817,79.91200870189387,0.0825572881156944,0.10341708060572774
az_ponderosa,controlled,terminal,15,0.25,0.75,0.25,5.486750987697351,0.24974400695029472,-0.02559930497052776,21.947003950789405,21.958488297953718,0.01148434716431268,0.0523276306418019
az_ponderosa,controlled,terminal,15,0.25,0.75,0.5,7.795030234700404,0.4995149152114454,-0.04850847885545795,31.180120938801615,31.19643675732014,0.016315818518524594,0.0523276306418019
az_ponderosa,controlled,terminal,15,0.25,0.75,0.75,10.103309481703455,0.7495281566718189,-0.04718433281810652,40.41323792681382,40.434385216686564,0.021147289872743613,0.05232763064182411
az_ponderosa,controlled,terminal,15,0.75,0.25,0.25,6.43287240004268,0.24969988184017627,-0.03001181598237257,25.73148960017072,25.747277518628554,0.01578791845783556,0.06135641077589238
az_ponderosa,controlled,terminal,15,0.75,0.25,0.5,9.139185460892728,0.4994312684887258,-0.056873151127417865,36.55674184357091,36.57917174826273,0.022429904691819047,0.061356410775870174
az_ponderosa,controlled,terminal,15,0.75,0.25,0.75,11.845498521742774,0.7494467332944486,-0.05532667055514473,47.3819940869711,47.411065977896904,0.029071890925806088,0.06135641077589238
az_ponderosa,controlled,terminal,15,0.75,0.75,0.25,4.074281993501513,0.24980989120862063,-0.01901087913793731,16.297127974006052,16.30345966164083,0.0063316876347769835,0.03885155497873605
az_ponderosa,controlled,terminal,15,0.75,0.75,0.5,5.78833473493723,0.4996397918363852,-0.03602081636148169,23.15333893974892,23.16233437195651,0.008995432207591136,0.03885155497873605
az_ponderosa,controlled,terminal,15,0.75,0.75,0.75,7.502387476372946,0.7496496812166294,-0.03503187833705512,30.009549905491784,30.02120908227219,0.01165917678040529,0.03885155497873605
az_ponderosa,controlled,terminal,30,0.25,0.25,0.25,16.373991374099543,0.24949881904889804,-0.05011809511019649,32.747982748199085,32.78056071423129,0.03257796603220697,0.09948083301098976
az_ponderosa,controlled,terminal,30,0.25,0.25,0.5,23.05778058157472,0.4990583569759177,-0.09416430240822837,46.11556116314944,46.16143730754222,0.045876144392785534,0.09948083301096755
az_ponderosa,controlled,terminal,30,0.25,0.25,0.75,29.74156978904989,0.7490879441890702,-0.09120558109297905,59.48313957809978,59.54231390085316,0.059174322753378306,0.09948083301098976
az_ponderosa,controlled,terminal,30,0.25,0.75,0.25,7.815402670335612,0.24976069968136694,-0.023930031863306223,15.630805340671223,15.638223425639907,0.007418084968684013,0.0474581111274075
az_ponderosa,controlled,terminal,30,0.25,0.75,0.5,11.005614685635056,0.4995505478196975,-0.0449452180302512,22.01122937127011,22.021675484965634,0.010446113695522286,0.047458111127385294
az_ponderosa,controlled,terminal,30,0.25,0.75,0.75,14.195826700934498,0.7495649462551339,-0.04350537448660763,28.391653401868997,28.405127544291364,0.013474142422367663,0.0474581111274075
az_ponderosa,controlled,terminal,30,0.75,0.25,0.25,10.376647410749678,0.249682310015209,-0.03176899847910086,20.753294821499356,20.766373707555697,0.013078886056341332,0.06302076932280798
az_ponderosa,controlled,terminal,30,0.75,0.25,0.5,14.612347942719571,0.49940325456774615,-0.059674543225385346,29.224695885439143,29.243113513618404,0.01841762817926096,0.06302076932283018
az_ponderosa,controlled,terminal,30,0.75,0.25,0.75,18.848048474689467,0.7494222618705705,-0.0577738129429517,37.69609694937893,37.71985331968111,0.02375637030217348,0.06302076932280798
az_ponderosa,controlled,terminal,30,0.75,0.75,0.25,6.1255654133979975,0.24981242796726846,-0.018757203273153666,12.251130826795995,12.25568738463535,0.004556557839354269,0.03719295715451931
az_ponderosa,controlled,terminal,30,0.75,0.75,0.5,8.625993504774359,0.49964772780971467,-0.035227219028532986,17.251987009548717,17.25840353368548,0.006416524136763968,0.03719295715451931
az_ponderosa,controlled,terminal,30,0.75,0.75,0.75,11.12642159615072,0.7496590557719047,-0.03409442280952746,22.25284319230144,22.261119682735615,0.008276490434173667,0.03719295715451931
az_ponderosa,controlled,terminal,60,0.25,0.25,0.25,26.860470013207973,0.24945193114043182,-0.05480688595681793,26.860470013207973,26.893784741103328,0.03331472789535539,0.12402883448789925
az_ponderosa,controlled,terminal,60,0.25,0.25,0.5,39.35703815163853,0.4989284812163333,-0.10715187836666806,39.35703815163853,39.40585222734696,0.04881407570843521,0.12402883448789925
az_ponderosa,controlled,terminal,60,0.25,0.25,0.75,51.85360629006909,0.7489396953487081,-0.10603046512919212,51.85360629006909,51.91791971359061,0.06431342352151859,0.12402883448789925
az_ponderosa,controlled,terminal,60,0.25,0.75,0.25,13.27270140256208,0.24972907963609503,-0.027092036390496954,13.27270140256208,13.280830742868936,0.008129340306856747,0.06124857374767423
az_ponderosa,controlled,terminal,60,0.25,0.75,0.5,19.447694519830716,0.4994705243314133,-0.05294756685866875,19.447694519830716,19.459605955350916,0.011911435520200797,0.06124857374767423
az_ponderosa,controlled,terminal,60,0.25,0.75,0.75,25.622687637099354,0.749476439617633,-0.05235603823670054,25.622687637099354,25.638381167832897,0.01569353073354307,0.06124857374767423
az_ponderosa,controlled,terminal,60,0.75,0.25,0.25,17.122284805869462,0.24965053917793545,-0.03494608220645512,17.122284805869462,17.135816034927604,0.013531229058141747,0.07902700610087354
az_ponderosa,controlled,terminal,60,0.75,0.25,0.5,25.088258545604752,0.49931695661120123,-0.06830433887987652,25.088258545604752,25.10808504521619,0.019826499611436788,0.07902700610087354
az_ponderosa,controlled,terminal,60,0.75,0.25,0.75,33.05423228534004,0.7493244508968318,-0.06755491031682492,33.05423228534004,33.08035405550477,0.026121770164728275,0.07902700610085134
az_ponderosa,controlled,terminal,60,0.75,0.75,0.25,10.36091171950142,0.24978849786936455,-0.02115021306354492,10.36091171950142,10.365864787052592,0.004953067551172197,0.04780532529631287
az_ponderosa,controlled,terminal,60,0.75,0.75,0.5,15.181223471877558,0.49958668161857284,-0.04133183814271635,15.181223471877558,15.188480905142248,0.007257433264689084,0.04780532529629067
az_ponderosa,controlled,terminal,60,0.75,0.75,0.75,20.001535224253693,0.7495913617365015,-0.0408638263498462,20.001535224253693,20.011097023231905,0.0095617989782113,0.04780532529631287
az_ponderosa,controlled,nested_20000,15,0.25,0.25,0.25,8.762720303473737,0.23346727806837703,-1.6532721931622973,35.05088121389495,36.30522280853257,1.2543415946376228,3.5786306968521364
az_ponderosa,controlled,nested_20000,15,0.25,0.25,0.5,12.449201696406313,0.4679987768307488,-3.2001223169251194,49.79680678562525,51.57885059930778,1.7820438136825274,3.5786306968521364
az_ponderosa,controlled,nested_20000,15,0.25,0.25,0.75,16.135683089338887,0.7175771889985822,-3.242281100141775,64.54273235735555,66.852478390083,2.309746032727446,3.5786306968521364
az_ponderosa,controlled,nested_20000,15,0.25,0.75,0.25,4.89931227720423,0.2406613976197704,-0.9338602380229599,19.59724910881692,19.983268764585414,0.38601965576849295,1.9697644992164864
az_ponderosa,controlled,nested_20000,15,0.25,0.75,0.5,6.9604557261078375,0.48209101462051684,-1.7908985379483155,27.84182290443135,28.390241247937563,0.5484183435062135,1.9697644992164864
az_ponderosa,controlled,nested_20000,15,0.25,0.75,0.75,9.021599175011445,0.7321824249213299,-1.78175750786701,36.08639670004578,36.79721373128971,0.710817031243927,1.9697644992164642
az_ponderosa,controlled,nested_20000,15,0.75,0.25,0.25,5.640011316077963,0.2392704761629619,-1.0729523837038095,22.560045264311853,23.073136236798856,0.513090972487003,2.274334853834148
az_ponderosa,controlled,nested_20000,15,0.75,0.25,0.5,8.012767270003396,0.47938632502315703,-2.0613674976842966,32.05106908001358,32.78001771512679,0.7289486351132055,2.274334853834148
az_ponderosa,controlled,nested_20000,15,0.75,0.25,0.75,10.385523223928828,0.7294196920081334,-2.058030799186661,41.542092895715314,42.48689919345472,0.9448062977394045,2.2743348538341257
az_ponderosa,controlled,nested_20000,15,0.75,0.75,0.25,3.741183770548565,0.24284723446686818,-0.7152765533131822,14.96473508219426,15.188782410843203,0.22404732864894328,1.4971686930530748
az_ponderosa,controlled,nested_20000,15,0.75,0.75,0.5,5.3151019009950256,0.4863220076054631,-1.3677992394536875,21.260407603980102,21.578711770642364,0.31830416666226213,1.4971686930530526
az_ponderosa,controlled,nested_20000,15,0.75,0.75,0.75,6.889020031441485,0.7364661029035885,-1.3533897096411507,27.55608012576594,27.96864113044153,0.4125610046755881,1.4971686930530748
az_ponderosa,controlled,nested_20000,30,0.25,0.25,0.25,13.3355999992871,0.23348797649856087,-1.6512023501439126,26.6711999985742,27.59508181952707,0.9238818209528716,3.4639679542062707
az_ponderosa,controlled,nested_20000,30,0.25,0.25,0.5,18.779131592410508,0.4683202465562147,-3.167975344378532,37.558263184821016,38.85926938569966,1.3010062008786463,3.4639679542062485
az_ponderosa,controlled,nested_20000,30,0.25,0.25,0.75,24.222663185533914,0.7180767968691512,-3.1923203130848843,48.44532637106783,50.12345695187226,1.678130580804428,3.4639679542062707
az_ponderosa,controlled,nested_20000,30,0.25,0.75,0.25,7.048843275928502,0.2411764002770174,-0.8823599722982606,14.097686551857004,14.351662292955105,0.2539757410981007,1.8015419775710972
az_ponderosa,controlled,nested_20000,30,0.25,0.75,0.5,9.926149214134773,0.4832387467328606,-1.6761253267139398,19.852298428269545,20.20994591796751,0.357647489697964,1.8015419775710972
az_ponderosa,controlled,nested_20000,30,0.25,0.75,0.75,12.803455152341042,0.7334310062246218,-1.6568993775378238,25.606910304682085,26.068229542979914,0.46131923829782906,1.8015419775710972
az_ponderosa,controlled,nested_20000,30,0.75,0.25,0.25,9.06741394078883,0.23868908469279718,-1.1310915307202825,18.13482788157766,18.557272480800314,0.4224445992226542,2.3294657218765114
az_ponderosa,controlled,nested_20000,30,0.75,0.25,0.5,12.768691292932736,0.4784441299814638,-2.1555870018536205,25.537382585865473,26.132267159467666,0.5948845736021937,2.329465721876489
az_ponderosa,controlled,nested_20000,30,0.75,0.25,0.75,16.46996864507664,0.728559456480531,-2.1440543519469,32.93993729015328,33.70726183813502,0.7673245479817368,2.3294657218765114
az_ponderosa,controlled,nested_20000,30,0.75,0.75,0.25,5.644454962462258,0.24291730893370764,-0.7082691066292363,11.288909924924516,11.451182270896666,0.16227234597215023,1.437449205027952
az_ponderosa,controlled,nested_20000,30,0.75,0.75,0.5,7.948495944177971,0.4865763991210948,-1.3423600878905206,15.896991888355942,16.125503071878473,0.22851118352253152,1.437449205027952
az_ponderosa,controlled,nested_20000,30,0.75,0.75,0.75,10.252536925893683,0.736787294772626,-1.3212705227374055,20.505073851787365,20.79982387286028,0.2947500210729146,1.4374492050279741
az_ponderosa,controlled,nested_20000,60,0.25,0.25,0.25,20.91948027048647,0.23275024857651697,-1.7249751423483035,20.91948027048647,21.788997145680444,0.8695168751939732,4.156493679342033
az_ponderosa,controlled,nested_20000,60,0.25,0.25,0.5,30.652061662105464,0.46553584250151303,-3.446415749848697,30.652061662105464,31.926112667678897,1.2740510055734333,4.156493679342033
az_ponderosa,controlled,nested_20000,60,0.25,0.25,0.75,40.38464305372446,0.7143682573895276,-3.5631742610472417,40.38464305372446,42.06322818967735,1.6785851359528934,4.15649367934201
az_ponderosa,controlled,nested_20000,60,0.25,0.75,0.25,11.639341008432439,0.24029863029484094,-0.9701369705159057,11.639341008432439,11.903641588805305,0.26430058037286663,2.2707520999804665
az_ponderosa,controlled,nested_20000,60,0.25,0.75,0.5,17.05442934928361,0.48080355272722103,-1.9196447272778971,17.05442934928361,17.441693161872152,0.38726381258854303,2.2707520999804665
az_ponderosa,controlled,nested_20000,60,0.25,0.75,0.75,22.469517690134783,0.7305462692312615,-1.9453730768738464,22.469517690134783,22.979744734938997,0.5102270448042141,2.2707520999804442
az_ponderosa,controlled,nested_20000,60,0.75,0.25,0.25,14.497728045078997,0.23795593056402478,-1.204406943597522,14.497728045078997,14.91008170595879,0.4123536608797931,2.8442640087993576
az_ponderosa,controlled,nested_20000,60,0.75,0.25,0.5,21.242652697502372,0.4760957716412719,-2.3904228358728075,21.242652697502372,21.84684982269168,0.6041971251893088,2.84426400879938
az_ponderosa,controlled,nested_20000,60,0.75,0.25,0.75,27.98757734992575,0.7256253192841784,-2.4374680715821606,27.98757734992575,28.783617939424573,0.7960405894988227,2.84426400879938
az_ponderosa,controlled,nested_20000,60,0.75,0.75,0.25,9.337983032986287,0.24219622067943997,-0.7803779320560034,9.337983032986287,9.507339571565778,0.16935653857949085,1.813630823500545
az_ponderosa,controlled,nested_20000,60,0.75,0.75,0.5,13.68238732635274,0.484596421708083,-1.540357829191702,13.68238732635274,13.930535320294204,0.2481479939414637,1.8136308235005227
az_ponderosa,controlled,nested_20000,60,0.75,0.75,0.75,18.026791619719194,0.7344675239153046,-1.5532476084695435,18.026791619719194,18.353731069022633,0.3269394493034383,1.8136308235005227
az_ponderosa,controlled,nested_100000,15,0.25,0.25,0.25,10.490853059557459,0.24641364497998258,-0.35863550200174177,41.963412238229836,42.274551431210874,0.3111391929810381,0.7414535100593644
az_ponderosa,controlled,nested_100000,15,0.25,0.25,0.5,14.904360881405543,0.4931740571385099,-0.6825942861490075,59.61744352562217,60.059479153250564,0.44203562762839255,0.7414535100593866
az_ponderosa,controlled,nested_100000,15,0.25,0.25,0.75,19.317868703253627,0.743305615282013,-0.6694384717987001,77.2714748130145,77.84440687529025,0.5729320622757399,0.7414535100593644
az_ponderosa,controlled,nested_100000,15,0.25,0.75,0.25,5.3963162542582594,0.24815090452678037,-0.18490954732196252,21.585265017033038,21.66729393398444,0.08202891695140124,0.380022746473907
az_ponderosa,controlled,nested_100000,15,0.25,0.75,0.5,7.6665495577013125,0.4964886907440128,-0.3511309255987194,30.66619823080525,30.782736759561086,0.11653852875583581,0.380022746473907
az_ponderosa,controlled,nested_100000,15,0.25,0.75,0.75,9.936782861144366,0.7465711195540845,-0.3428880445915494,39.74713144457746,39.89817958513773,0.15104814056027038,0.3800227464738848
az_ponderosa,controlled,nested_100000,15,0.75,0.25,0.25,6.308912264238971,0.24783910285227284,-0.21608971477271588,25.235649056955882,25.347840663006227,0.11219160605034517,0.44457586883195344
az_ponderosa,controlled,nested_100000,15,0.75,0.25,0.5,8.96307522577287,0.4958949017445337,-0.41050982554662885,35.85230090309148,36.011691581327646,0.15939067823616426,0.44457586883195344
az_ponderosa,controlled,nested_100000,15,0.75,0.25,0.75,11.617238187306771,0.7459881847484923,-0.4011815251507733,46.468952749227086,46.67554249964907,0.20658975042198335,0.44457586883195344
az_ponderosa,controlled,nested_100000,15,0.75,0.75,0.25,4.024203228722365,0.24862020122912457,-0.13797987708754345,16.09681291488946,16.14238643276477,0.04557351787531161,0.28312137387864755
az_ponderosa,controlled,nested_100000,15,0.75,0.75,0.5,5.717187805461989,0.49738148683473077,-0.2618513165269232,22.868751221847955,22.93349754449614,0.0647463226481868,0.28312137387864755
az_ponderosa,controlled,nested_100000,15,0.75,0.75,0.75,7.410172382201612,0.747445913314982,-0.2554086685017998,29.640689528806448,29.724608656227513,0.08391912742106555,0.28312137387866976
az_ponderosa,controlled,nested_100000,30,0.25,0.25,0.25,15.868653712741729,0.24643985799264095,-0.3560142007359046,31.737307425483458,31.963891323857514,0.2265838983740558,0.7139354808408216
az_ponderosa,controlled,nested_100000,30,0.25,0.25,0.5,22.346166372859198,0.4932838173876149,-0.6716182612385102,44.692332745718396,45.01140716640551,0.3190744206871159,0.7139354808407994
az_ponderosa,controlled,nested_100000,30,0.25,0.25,0.75,28.823679032976663,0.7434462277567125,-0.6553772243287459,57.64735806595333,58.05892300895352,0.41156494300019375,0.7139354808408216
az_ponderosa,controlled,nested_100000,30,0.25,0.75,0.25,7.698388566048081,0.24826859035375515,-0.17314096462448525,15.396777132096162,15.449908998209137,0.0531318661129756,0.3450843358784317
az_ponderosa,controlled,nested_100000,30,0.25,0.75,0.5,10.84083595331697,0.49674161637535225,-0.3258383624647754,21.68167190663394,21.756491960140288,0.0748200535063468,0.3450843358784317
az_ponderosa,controlled,nested_100000,30,0.25,0.75,0.75,13.983283340585858,0.7468345540238391,-0.31654459761608633,27.966566681171717,28.063074922071436,0.09650824089971977,0.3450843358784317
az_ponderosa,controlled,nested_100000,30,0.75,0.25,0.25,10.17137816464268,0.24771410880559924,-0.22858911944007576,20.34275632928536,20.43560949447662,0.09285316519125786,0.4564433830315684
az_ponderosa,controlled,nested_100000,30,0.75,0.25,0.5,14.323288718933295,0.4956949559078345,-0.43050440921654776,28.64657743786659,28.777332845046743,0.13075540718015333,0.4564433830315684
az_ponderosa,controlled,nested_100000,30,0.75,0.25,0.75,18.47519927322391,0.7458120988075227,-0.418790119247725,36.95039854644782,37.11905619561687,0.1686576491690488,0.4564433830315462
az_ponderosa,controlled,nested_100000,30,0.75,0.75,0.25,6.053448675728197,0.24863787071491417,-0.13621292850858335,12.106897351456395,12.139725095072103,0.03282774361570873,0.2711491033807967
az_ponderosa,controlled,nested_100000,30,0.75,0.75,0.5,8.524439041024028,0.49743783202861347,-0.2562167971386531,17.048878082048056,17.095105962104014,0.04622788005595879,0.2711491033807967
az_ponderosa,controlled,nested_100000,30,0.75,0.75,0.75,10.995429406319857,0.7475131454948452,-0.24868545051548452,21.990858812639715,22.050486829135927,0.05962801649621241,0.2711491033808189
az_ponderosa,controlled,nested_100000,60,0.25,0.25,0.25,25.834991275482476,0.24613752205558548,-0.3862477944414522,25.834991275482476,26.063545278740968,0.22855400325849118,0.884668397296462
az_ponderosa,controlled,nested_100000,60,0.25,0.25,0.5,37.85446556878683,0.49241530476539763,-0.7584695234602368,37.85446556878683,38.18935206263936,0.33488649385252955,0.884668397296462
az_ponderosa,controlled,nested_100000,60,0.25,0.25,0.75,49.873939862091184,0.7424300516093479,-0.7569948390652059,49.873939862091184,50.315158846537756,0.4412189844465715,0.8846683972964842
az_ponderosa,controlled,nested_100000,60,0.25,0.75,0.25,13.017379758646046,0.24804879054877013,-0.19512094512298683,13.017379758646046,13.075151749805292,0.05777199115924603,0.44380660494194313
az_ponderosa,controlled,nested_100000,60,0.25,0.75,0.5,19.073587005122253,0.4961781094373321,-0.38218905626679067,19.073587005122253,19.158236844050332,0.08464983892807965,0.44380660494194313
az_ponderosa,controlled,nested_100000,60,0.25,0.75,0.75,25.12979425159846,0.7462043847040059,-0.3795615295994148,25.12979425159846,25.241321938295375,0.11152768669691326,0.44380660494194313
az_ponderosa,controlled,nested_100000,60,0.75,0.25,0.25,16.69973678131778,0.24749868776566739,-0.25013122343326144,16.69973678131778,16.794936356789364,0.09519957547158242,0.5700663233092707
az_ponderosa,controlled,nested_100000,60,0.75,0.25,0.5,24.469124229823883,0.49509703451374626,-0.4902965486253741,24.469124229823883,24.60861446666682,0.13949023684293493,0.5700663233092707
az_ponderosa,controlled,nested_100000,60,0.75,0.25,0.75,32.23851167832999,0.7451238070752088,-0.4876192924791245,32.23851167832999,32.42229257654427,0.18378089821428034,0.5700663233092484
az_ponderosa,controlled,nested_100000,60,0.75,0.75,0.25,10.20466834825728,0.24846952961894017,-0.15304703810598286,10.20466834825728,10.240137574083468,0.035469225826187056,0.3475784279872718
az_ponderosa,controlled,nested_100000,60,0.75,0.75,0.5,14.952289416741051,0.4970038963930566,-0.2996103606943412,14.952289416741051,15.004260349243866,0.05197093250281526,0.3475784279872718
az_ponderosa,controlled,nested_100000,60,0.75,0.75,0.75,19.699910485224823,0.7470277280411763,-0.2972271958823658,19.699910485224823,19.768383124404266,0.06847263917944346,0.3475784279872718
az_ponderosa,controlled,nested_1000000,15,0.25,0.25,0.25,11.166630983267616,0.24870102392079788,-0.12989760792021243,44.666523933070465,44.785544211174184,0.11902027810371862,0.26646416068119017
az_ponderosa,controlled,nested_1000000,15,0.25,0.25,0.5,15.86443896023129,0.4975351329178577,-0.24648670821422747,63.45775584092516,63.6268480174138,0.16909217648863972,0.26646416068119017
az_ponderosa,controlled,nested_1000000,15,0.25,0.25,0.75,20.562246937194963,0.7475962576660522,-0.24037423339478003,82.24898774877985,82.46815182365341,0.21916407487356082,0.26646416068119017
az_ponderosa,controlled,nested_1000000,15,0.25,0.75,0.25,5.5696966408114665,0.2493515313097654,-0.06484686902346048,22.278786563245866,22.308357158761805,0.029570595515938436,0.13272982993033366
az_ponderosa,controlled,nested_1000000,15,0.25,0.75,0.5,7.912871171041648,0.4987705651352366,-0.12294348647634012,31.651484684166594,31.69349564595831,0.042010961791717705,0.13272982993033366
az_ponderosa,controlled,nested_1000000,15,0.25,0.75,0.75,10.25604570127183,0.7488029710782438,-0.11970289217562158,41.02418280508732,41.078634133154814,0.05445132806749342,0.13272982993031146
az_ponderosa,controlled,nested_1000000,15,0.75,0.25,0.25,6.547188291426798,0.2492378398460727,-0.07621601539272993,26.18875316570719,26.229623465890736,0.04087030018354554,0.1560605040069829
az_ponderosa,controlled,nested_1000000,15,0.75,0.25,0.5,9.301594112505308,0.4985547982453918,-0.14452017546082163,37.20637645002123,37.26444090863187,0.05806445861063736,0.1560605040069829
az_ponderosa,controlled,nested_1000000,15,0.75,0.25,0.75,12.055999933583818,0.7485924979471934,-0.14075020528065973,48.22399973433527,48.299258351373005,0.07525861703773273,0.1560605040069829
az_ponderosa,controlled,nested_1000000,15,0.75,0.75,0.25,4.119841438532019,0.24952022686410605,-0.047977313589395165,16.479365754128075,16.495539401245953,0.01617364711787772,0.09814483979049271
az_ponderosa,controlled,nested_1000000,15,0.75,0.75,0.5,5.853061064286833,0.499090600143736,-0.09093998562639816,23.412244257147332,23.43522216676487,0.02297790961753776,0.09814483979049271
az_ponderosa,controlled,nested_1000000,15,0.75,0.75,0.75,7.586280690041647,0.7491149376372273,-0.08850623627727483,30.34512276016659,30.374904932283783,0.02978217211719425,0.09814483979049271
az_ponderosa,controlled,nested_1000000,30,0.25,0.25,0.25,16.850847710011518,0.2487135959896797,-0.12864040103202912,33.701695420023036,33.78797524762854,0.08627982760550168,0.25601034764037855
az_ponderosa,controlled,nested_1000000,30,0.25,0.25,0.5,23.729287516639083,0.4975805150212137,-0.24194849787863015,47.458575033278166,47.58007389620603,0.12149886292786505,0.25601034764037855
az_ponderosa,controlled,nested_1000000,30,0.25,0.25,0.75,30.607727323266648,0.747652066470666,-0.23479335293340453,61.215454646533296,61.37217254478353,0.15671789825023552,0.25601034764040076
az_ponderosa,controlled,nested_1000000,30,0.25,0.75,0.25,7.922411596807383,0.24939464625780974,-0.06053537421902566,15.844823193614767,15.863868670664559,0.01904547704979187,0.12019999729291353
az_ponderosa,controlled,nested_1000000,30,0.25,0.75,0.5,11.15630417181366,0.4988624742964372,-0.11375257035627917,22.31260834362732,22.339428098252338,0.0268197546250164,0.12019999729291353
az_ponderosa,controlled,nested_1000000,30,0.25,0.75,0.75,14.390196746819937,0.74889793791609,-0.11020620839099493,28.780393493639874,28.814987525840117,0.03459403220024271,0.12019999729291353
az_ponderosa,controlled,nested_1000000,30,0.75,0.25,0.25,10.566136639939025,0.24919285641455916,-0.08071435854408449,21.13227327987805,21.166164229022666,0.033890949144616656,0.1603753117128459
az_ponderosa,controlled,nested_1000000,30,0.75,0.25,0.5,14.879185818066867,0.4984828816680969,-0.15171183319031,29.758371636133734,29.806096717405854,0.047725081272119496,0.1603753117128459
az_ponderosa,controlled,nested_1000000,30,0.75,0.25,0.75,19.19223499619471,0.7485294597490145,-0.14705402509854748,38.38446999238942,38.44602920578904,0.061559213399618784,0.1603753117128459
az_ponderosa,controlled,nested_1000000,30,0.75,0.75,0.25,6.191108340441088,0.24952685201941702,-0.0473147980582983,12.382216680882175,12.393844540930079,0.011627860047903837,0.09390774162316706
az_ponderosa,controlled,nested_1000000,30,0.75,0.75,0.5,8.718290758138268,0.49911105986920756,-0.08889401307924372,17.436581516276537,17.452955816194756,0.016374299918219037,0.09390774162316706
az_ponderosa,controlled,nested_1000000,30,0.75,0.75,0.75,11.24547317583545,0.7491390496381638,-0.08609503618361991,22.4909463516709,22.51206709145943,0.02112073978852891,0.09390774162314486
az_ponderosa,controlled,nested_1000000,60,0.25,0.25,0.25,27.842561037649883,0.24858323582767014,-0.14167641723298596,27.842561037649883,27.93210905283618,0.08954801518629552,0.3216227669042615
az_ponderosa,controlled,nested_1000000,60,0.25,0.25,0.5,40.79603731652045,0.497226910479005,-0.2773089520994976,40.79603731652045,40.927246660525135,0.13120934400468798,0.3216227669042615
az_ponderosa,controlled,nested_1000000,60,0.25,0.25,0.75,53.74951359539101,0.7472497760200341,-0.2750223979965938,53.74951359539101,53.92238426821409,0.17287067282308044,0.3216227669042615
az_ponderosa,controlled,nested_1000000,60,0.25,0.75,0.25,13.508143403669665,0.2493119686831994,-0.06880313168005914,13.508143403669665,13.529186536768773,0.021043133099107436,0.15578109048939304
az_ponderosa,controlled,nested_1000000,60,0.25,0.75,0.5,19.792673584438777,0.4986545927096207,-0.13454072903792968,19.792673584438777,19.82350682718562,0.03083324274684429,0.15578109048939304
az_ponderosa,controlled,nested_1000000,60,0.25,0.75,0.75,26.07720376520789,0.748668192861828,-0.13318071381720475,26.07720376520789,26.117827117602474,0.04062335239458292,0.15578109048939304
az_ponderosa,controlled,nested_1000000,60,0.75,0.25,0.25,17.516133042694594,0.24910806696263374,-0.08919330373662604,17.516133042694594,17.551532477830555,0.035399435135961,0.20209617642019673
az_ponderosa,controlled,nested_1000000,60,0.75,0.25,0.5,25.6653407811375,0.4982554009362028,-0.1744599063797203,25.6653407811375,25.71720945352139,0.051868672383893255,0.20209617642019673
az_ponderosa,controlled,nested_1000000,60,0.75,0.25,0.75,33.8145485195804,0.7482721280706229,-0.17278719293770672,33.8145485195804,33.88288642921223,0.06833790963182906,0.20209617642021893
az_ponderosa,controlled,nested_1000000,60,0.75,0.75,0.25,10.503825605902385,0.24946488286467455,-0.05351171353254469,10.503825605902385,10.516544918431592,0.012719312529206661,0.12109219065916665
az_ponderosa,controlled,nested_1000000,60,0.75,0.75,0.5,15.39062663111922,0.4989538209205275,-0.10461790794725201,15.39062663111922,15.409263478063016,0.01863684694379586,0.12109219065916665
az_ponderosa,controlled,nested_1000000,60,0.75,0.75,0.75,20.277427656336055,0.7489648044114005,-0.10351955885995467,20.277427656336055,20.30198203769444,0.024554381358385058,0.12109219065916665
az_ponderosa,native,terminal,15,0.25,0.25,0.25,10.838139774523562,0.24945853505477428,-0.05414649452257225,43.35255909809425,43.400588512506204,0.04802941441195685,0.11078795672310182
az_ponderosa,native,terminal,15,0.25,0.25,0.5,15.397751313984053,0.4989735802942424,-0.10264197057576196,61.59100525593621,61.65924067218448,0.06823541624827101,0.11078795672310182
az_ponderosa,native,terminal,15,0.25,0.25,0.75,19.957362853444543,0.7490008979811783,-0.09991020188216959,79.82945141377817,79.91789283186276,0.08844141808458517,0.11078795672310182
az_ponderosa,native,terminal,15,0.25,0.75,0.25,5.486750987697351,0.2497257883432267,-0.027421165677329884,21.947003950789405,21.959306377712505,0.012302426923099574,0.056055154273826346
az_ponderosa,native,terminal,15,0.25,0.75,0.5,7.795030234700404,0.4994803799051278,-0.05196200948722196,31.180120938801615,31.197599003696627,0.01747806489501258,0.056055154273826346
az_ponderosa,native,terminal,15,0.25,0.75,0.75,10.103309481703455,0.7494945414593032,-0.05054585406968348,40.41323792681382,40.435891629680754,0.02265370286693269,0.05605515427384855
az_ponderosa,native,terminal,15,0.75,0.25,0.25,6.43287240004268,0.24967852427038356,-0.03214757296164383,25.73148960017072,25.74840226911717,0.01691266894645338,0.06572751600957272
az_ponderosa,native,terminal,15,0.75,0.25,0.5,9.139185460892728,0.49939077801717086,-0.06092219828291445,36.55674184357091,36.58076968191872,0.02402783834780564,0.06572751600955051
az_ponderosa,native,terminal,15,0.75,0.25,0.75,11.845498521742774,0.749407312727854,-0.05926872721460086,47.3819940869711,47.41313709472026,0.031143007749165008,0.06572751600957272
az_ponderosa,native,terminal,15,0.75,0.75,0.25,4.074281993501513,0.24979636020091603,-0.020363979908397112,16.297127974006052,16.30391063008124,0.0067826560751882425,0.04161872009600387
az_ponderosa,native,terminal,15,0.75,0.75,0.5,5.78833473493723,0.4996141470348029,-0.03858529651971088,23.15333893974892,23.16297506307513,0.009636123326210111,0.041618720095981665
az_ponderosa,native,terminal,15,0.75,0.75,0.75,7.502387476372946,0.7496247280105722,-0.03752719894277723,30.009549905491784,30.022039496069016,0.01248959057723198,0.041618720095981665
az_ponderosa,native,terminal,30,0.25,0.25,0.25,16.373991374099543,0.24946316334877158,-0.05368366512284173,32.747982748199085,32.78288255541213,0.0348998072130442,0.10657086111651726
az_ponderosa,native,terminal,30,0.25,0.25,0.5,23.05778058157472,0.49899131742245767,-0.10086825775423303,46.11556116314944,46.164706913789715,0.04914575064027815,0.10657086111651726
az_ponderosa,native,terminal,30,0.25,0.25,0.75,29.74156978904989,0.7490229265952174,-0.09770734047825913,59.48313957809978,59.54653127216729,0.0633916940675121,0.10657086111649505
az_ponderosa,native,terminal,30,0.25,0.75,0.25,7.815402670335612,0.24974366866178746,-0.025633133821253984,15.630805340671223,15.638751820391498,0.007946479720274624,0.05083858155150445
az_ponderosa,native,terminal,30,0.25,0.75,0.5,11.005614685635056,0.49951854935135287,-0.04814506486471304,22.01122937127011,22.02241956806451,0.011190196794398588,0.05083858155148224
az_ponderosa,native,terminal,30,0.25,0.75,0.75,14.195826700934498,0.7495339536400272,-0.046604635997282706,28.391653401868997,28.406087315737526,0.014433913868529658,0.05083858155150445
az_ponderosa,native,terminal,30,0.75,0.25,0.25,10.376647410749678,0.24965970253524306,-0.034029746475694456,20.753294821499356,20.767305479887735,0.014010658388379227,0.06751052547986358
az_ponderosa,native,terminal,30,0.75,0.25,0.5,14.612347942719571,0.4993607696673361,-0.0639230332663887,29.224695885439143,29.244425631201295,0.019729745762152362,0.06751052547986358
az_ponderosa,native,terminal,30,0.75,0.25,0.75,18.848048474689467,0.7493810962693536,-0.06189037306464362,37.69609694937893,37.72154578251486,0.025448833135925497,0.06751052547986358
az_ponderosa,native,terminal,30,0.75,0.75,0.25,6.1255654133979975,0.2497990774651045,-0.020092253489550904,12.251130826795995,12.256011915377517,0.004881088581521809,0.039841943168594796
az_ponderosa,native,terminal,30,0.75,0.75,0.5,8.625993504774359,0.49962264800451744,-0.03773519954825555,17.251987009548717,17.258860536408516,0.0068735268597990284,0.039841943168594796
az_ponderosa,native,terminal,30,0.75,0.75,0.75,11.12642159615072,0.7496347706395934,-0.03652293604066159,22.25284319230144,22.261709157439515,0.008865965138074472,0.039841943168594796
az_ponderosa,native,terminal,60,0.25,0.25,0.25,26.860470013207973,0.24941294229954708,-0.05870577004529198,26.860470013207973,26.896159715304172,0.03568970209619948,0.13287072816912104
az_ponderosa,native,terminal,60,0.25,0.25,0.5,39.35703815163853,0.49885219531670527,-0.11478046832947286,39.35703815163853,39.40933213481642,0.05229398317788991,0.13287072816914325
az_ponderosa,native,terminal,60,0.25,0.25,0.75,51.85360629006909,0.7488640936899761,-0.11359063100239153,51.85360629006909,51.922504554328654,0.06889826425956613,0.13287072816912104
az_ponderosa,native,terminal,60,0.25,0.75,0.25,13.27270140256208,0.24970979908846558,-0.029020091153442173,13.27270140256208,13.28140988627854,0.008708483716461046,0.06561199150294517
az_ponderosa,native,terminal,60,0.25,0.75,0.5,19.447694519830716,0.49943282864934374,-0.05671713506562592,19.447694519830716,19.460454539506586,0.012760019675869927,0.06561199150294517
az_ponderosa,native,terminal,60,0.25,0.75,0.75,25.622687637099354,0.7494391372188103,-0.05608627811897193,25.622687637099354,25.639499192734633,0.016811555635278808,0.06561199150294517
az_ponderosa,native,terminal,60,0.75,0.25,0.25,17.122284805869462,0.24962567195078794,-0.03743280492120582,17.122284805869462,17.136780198489106,0.01449539261964361,0.08465805109534319
az_ponderosa,native,terminal,60,0.75,0.25,0.5,25.088258545604752,0.4992683278001548,-0.07316721998452125,25.088258545604752,25.109497776343225,0.021239230738473225,0.0846580510953654
az_ponderosa,native,terminal,60,0.75,0.25,0.75,33.05423228534004,0.7492763092771375,-0.07236907228624911,33.05423228534004,33.082215354197345,0.02798306885730284,0.0846580510953654
az_ponderosa,native,terminal,60,0.75,0.75,0.25,10.36091171950142,0.249773444649866,-0.022655535013399453,10.36091171950142,10.366217598410136,0.005305878908716366,0.0512105406585972
az_ponderosa,native,terminal,60,0.75,0.75,0.5,15.181223471877558,0.4995572556708444,-0.04427443291555866,15.181223471877558,15.188997858496094,0.0077743866185358,0.051210540658575
az_ponderosa,native,terminal,60,0.75,0.75,0.75,20.001535224253693,0.7495622520173231,-0.043774798267692816,20.001535224253693,20.011778118582054,0.010242894328360563,0.0512105406585972
az_ponderosa,native,nested_20000,15,0.25,0.25,0.25,8.762720303473737,0.2301470963733521,-1.9852903626647906,35.05088121389495,36.575719690993544,1.5248384770985979,4.3503570360853505
az_ponderosa,native,nested_20000,15,0.25,0.25,0.5,12.449201696406313,0.46140950975191275,-3.859049024808725,49.79680678562525,51.963145673369525,2.166338887744274,4.3503570360853505
az_ponderosa,native,nested_20000,15,0.25,0.25,0.75,16.135683089338887,0.7105674662343175,-3.9432533765682454,64.54273235735555,67.35057165574551,2.8078392983899647,4.350357036085373
az_ponderosa,native,nested_20000,15,0.25,0.75,0.25,4.89931227720423,0.23876149130604235,-1.123850869395765,19.59724910881692,20.064946712410766,0.4676976035938445,2.3865472189330106
az_ponderosa,native,nested_20000,15,0.25,0.75,0.5,6.9604557261078375,0.4783941915204536,-2.1605808479546407,27.84182290443135,28.506281154657312,0.6644582502259624,2.3865472189330106
az_ponderosa,native,nested_20000,15,0.25,0.75,0.75,9.021599175011445,0.7284014820484962,-2.1598517951503804,36.08639670004578,36.94761559690386,0.8612188968580767,2.3865472189330106
az_ponderosa,native,nested_20000,15,0.75,0.25,0.25,5.640011316077963,0.23709292175327054,-1.2907078246729458,22.560045264311853,23.182094350686533,0.6220490863746804,2.7573042477831766
az_ponderosa,native,nested_20000,15,0.75,0.25,0.5,8.012767270003396,0.4751327681720144,-2.4867231827985616,32.05106908001358,32.93481456921672,0.883745489203136,2.7573042477831766
az_ponderosa,native,nested_20000,15,0.75,0.25,0.75,10.385523223928828,0.7250361689118175,-2.4963831088182453,41.542092895715314,42.68753478774691,1.1454418920315987,2.757304247783199
az_ponderosa,native,nested_20000,15,0.75,0.75,0.25,3.741183770548565,0.24138651461362734,-0.861348538637266,14.96473508219426,15.235922673474583,0.27118759128032366,1.8121776950331459
az_ponderosa,native,nested_20000,15,0.75,0.75,0.5,5.3151019009950256,0.48349721675333596,-1.6502783246664043,21.260407603980102,21.645683968452555,0.3852763644724533,1.8121776950331236
az_ponderosa,native,nested_20000,15,0.75,0.75,0.75,6.889020031441485,0.7336112844367669,-1.638871556323307,27.55608012576594,28.055445263430528,0.49936513766458646,1.8121776950331236
az_ponderosa,native,nested_20000,30,0.25,0.25,0.25,13.3355999992871,0.23017182392708074,-1.9828176072919257,26.6711999985742,27.794047495522655,1.1228474969484559,4.209962420170377
az_ponderosa,native,nested_20000,30,0.25,0.25,0.5,18.779131592410508,0.46179669636780657,-3.820330363219343,37.558263184821016,39.13945195057067,1.5811887657496513,4.209962420170377
az_ponderosa,native,nested_20000,30,0.25,0.25,0.75,24.222663185533914,0.7111791945764273,-3.882080542357269,48.44532637106783,50.48485640561867,2.039530034550843,4.209962420170377
az_ponderosa,native,nested_20000,30,0.25,0.75,0.25,7.048843275928502,0.23937965729820188,-1.0620342701798124,14.097686551857004,14.405293676831628,0.3076071249746235,2.181968820509095
az_ponderosa,native,nested_20000,30,0.25,0.75,0.5,9.926149214134773,0.47977835235650595,-2.0221647643494043,19.852298428269545,20.285469390128803,0.43317096185925763,2.181968820509095
az_ponderosa,native,nested_20000,30,0.25,0.75,0.75,12.803455152341042,0.7299210502317752,-2.0078949768224774,25.606910304682085,26.165645103425977,0.5587347987438918,2.181968820509095
az_ponderosa,native,nested_20000,30,0.75,0.25,0.25,9.06741394078883,0.23639590182140932,-1.3604098178590678,18.13482788157766,18.647039897021784,0.5122120154441241,2.8244658222781105
az_ponderosa,native,nested_20000,30,0.75,0.25,0.5,12.768691292932736,0.47399678302071624,-2.600321697928376,25.537382585865473,26.258677228907647,0.7212946430421745,2.8244658222781105
az_ponderosa,native,nested_20000,30,0.75,0.25,0.75,16.46996864507664,0.7239874897989301,-2.601251020106987,32.93993729015328,33.87031456079351,0.9303772706402285,2.8244658222781327
az_ponderosa,native,nested_20000,30,0.75,0.75,0.25,5.644454962462258,0.24147072584524193,-0.8529274154758071,11.288909924924516,11.485300570064496,0.19639064513997972,1.739677669908346
az_ponderosa,native,nested_20000,30,0.75,0.75,0.5,7.948495944177971,0.4838040775225168,-1.6195922477483193,15.896991888355942,16.17354830642481,0.27655641806886777,1.739677669908346
az_ponderosa,native,nested_20000,30,0.75,0.75,0.75,10.252536925893683,0.7340015036748726,-1.5998496325127398,20.505073851787365,20.861796042785127,0.35672219099776115,1.739677669908346
az_ponderosa,native,nested_20000,60,0.25,0.25,0.25,20.91948027048647,0.22929070018122816,-2.0709299818771845,20.91948027048647,21.977780394096133,1.058300123609662,5.058921684123896
az_ponderosa,native,nested_20000,60,0.25,0.25,0.5,30.652061662105464,0.4584435806291672,-4.155641937083282,30.652061662105464,32.20272545616075,1.5506637940552856,5.058921684123918
az_ponderosa,native,nested_20000,60,0.25,0.25,0.75,40.38464305372446,0.7066358061904294,-4.336419380957057,40.38464305372446,42.42767051822536,2.043027464500902,5.058921684123896
az_ponderosa,native,nested_20000,60,0.25,0.75,0.25,11.639341008432439,0.23832617264735248,-1.1673827352647521,11.639341008432439,11.959765105407161,0.3204240969747225,2.7529401943166887
az_ponderosa,native,nested_20000,60,0.25,0.75,0.5,17.05442934928361,0.47684164098395404,-2.315835901604596,17.05442934928361,17.52392758975138,0.46949824046777167,2.7529401943166887
az_ponderosa,native,nested_20000,60,0.25,0.75,0.75,22.469517690134783,0.7264089517387526,-2.359104826124736,22.469517690134783,23.0880900740956,0.6185723839608173,2.7529401943166887
az_ponderosa,native,nested_20000,60,0.75,0.25,0.25,14.497728045078997,0.2355172974118785,-1.448270258812151,14.497728045078997,14.99823990361052,0.5005118585315227,3.4523468572126514
az_ponderosa,native,nested_20000,60,0.75,0.25,0.5,21.242652697502372,0.47116579039683554,-2.883420960316446,21.242652697502372,21.976022750293197,0.7333700527908249,3.4523468572126736
az_ponderosa,native,nested_20000,60,0.75,0.25,0.75,27.98757734992575,0.7204077617146581,-2.9592238285341854,27.98757734992575,28.953805596975872,0.9662282470501218,3.4523468572126514
az_ponderosa,native,nested_20000,60,0.75,0.75,0.25,9.337983032986287,0.24060433463689457,-0.9395665363105432,9.337983032986287,9.543107286482941,0.20512425349665442,2.1966655194388007
az_ponderosa,native,nested_20000,60,0.75,0.75,0.5,13.68238732635274,0.4814158285120165,-1.8584171487983525,13.68238732635274,13.982943610986794,0.3005562846340535,2.1966655194387785
az_ponderosa,native,nested_20000,60,0.75,0.75,0.75,18.026791619719194,0.731181881342737,-1.8818118657263017,18.026791619719194,18.422779935490645,0.39598831577145077,2.1966655194387785
az_ponderosa,native,nested_100000,15,0.25,0.25,0.25,10.490853059557459,0.2832279966565967,3.3227996656596703,41.963412238229836,39.397073230456115,-2.5663390077737205,-6.115658548462166
az_ponderosa,native,nested_100000,15,0.25,0.25,0.5,14.904360881405543,0.5601253224337525,6.0125322433752455,59.61744352562217,55.97144424427286,-3.6459992813493116,-6.1156585484621555
az_ponderosa,native,nested_100000,15,0.25,0.25,0.75,19.317868703253627,0.8040570943002616,5.405709430026162,77.2714748130145,72.5458152580896,-4.725659554924903,-6.1156585484621555
az_ponderosa,native,nested_100000,15,0.25,0.75,0.25,5.3963162542582594,0.2667622288584711,1.6762228858471118,21.585265017033038,20.885454311567432,-0.6998107054656053,-3.24207604082406
az_ponderosa,native,nested_100000,15,0.25,0.75,0.5,7.6665495577013125,0.5310378624134857,3.1037862413485717,30.66619823080525,29.671976765332698,-0.9942214654725525,-3.242076040824071
az_ponderosa,native,nested_100000,15,0.25,0.75,0.75,9.936782861144366,0.7789804641384384,2.8980464138438355,39.74713144457746,38.458499219097966,-1.2886322254794962,-3.242076040824071
az_ponderosa,native,nested_100000,15,0.75,0.25,0.25,6.308912264238971,0.269666598500447,1.9666598500446997,25.235649056955882,24.284343325291,-0.9513057316648812,-3.7696899711904375
az_ponderosa,native,nested_100000,15,0.75,0.25,0.5,8.96307522577287,0.5362697178246743,3.6269717824674252,35.85230090309148,34.500780311506624,-1.3515205915848583,-3.7696899711904375
az_ponderosa,native,nested_100000,15,0.75,0.25,0.75,11.617238187306771,0.7836361026761591,3.363610267615913,46.468952749227086,44.71721729772225,-1.7517354515048353,-3.7696899711904375
az_ponderosa,native,nested_100000,15,0.75,0.75,0.25,4.024203228722365,0.2624330648361736,1.2433064836173624,16.09681291488946,15.704402448228512,-0.39241046666094626,-2.4378146701199976
az_ponderosa,native,nested_100000,15,0.75,0.75,0.5,5.717187805461989,0.5231591289018527,2.3159128901852677,22.868751221847955,22.311253449688497,-0.5574977721594578,-2.4378146701200087
az_ponderosa,native,nested_100000,15,0.75,0.75,0.75,7.410172382201612,0.771846400148128,2.1846400148128,29.640689528806448,28.91810445114848,-0.7225850776579676,-2.4378146701200087
az_ponderosa,native,nested_100000,30,0.25,0.25,0.25,15.868653712741729,0.2829744385364814,3.297443853648141,31.737307425483458,29.86366441045528,-1.873643015028179,-5.903597901073798
az_ponderosa,native,nested_100000,30,0.25,0.25,0.5,22.346166372859198,0.5591675238288357,5.916752382883573,44.692332745718396,42.05387712780124,-2.6384556179171526,-5.903597901073809
az_ponderosa,native,nested_100000,30,0.25,0.25,0.75,28.823679032976663,0.803027254865986,5.302725486598603,57.64735806595333,54.24408984514721,-3.403268220806119,-5.903597901073798
az_ponderosa,native,nested_100000,30,0.25,0.75,0.25,7.698388566048081,0.26567182848077925,1.5671828480779249,15.396777132096162,14.941986168925629,-0.4547909631705327,-2.9538062366472384
az_ponderosa,native,nested_100000,30,0.25,0.75,0.5,10.84083595331697,0.5288072290916197,2.88072290916197,21.68167190663394,21.041237329646393,-0.6404345769875484,-2.9538062366472495
az_ponderosa,native,nested_100000,30,0.25,0.75,0.75,13.983283340585858,0.7768507725502254,2.685077255022539,27.966566681171717,27.140488490367158,-0.8260781908045587,-2.9538062366472384
az_ponderosa,native,nested_100000,30,0.75,0.25,0.25,10.17137816464268,0.2708371694583272,2.0837169458327196,20.34275632928536,19.55630774853255,-0.7864485807528112,-3.865988305727497
az_ponderosa,native,nested_100000,30,0.75,0.25,0.5,14.323288718933295,0.5380297185957005,3.802971859570048,28.64657743786659,27.539104104127496,-1.1074733337390938,-3.865988305727497
az_ponderosa,native,nested_100000,30,0.75,0.25,0.75,18.47519927322391,0.785027012651447,3.502701265144703,36.95039854644782,35.521900459722445,-1.4284980867253765,-3.865988305727497
az_ponderosa,native,nested_100000,30,0.75,0.75,0.25,6.053448675728197,0.2622710608821387,1.2271060882138696,12.106897351456395,11.823909602814227,-0.28298774864216725,-2.337409333103213
az_ponderosa,native,nested_100000,30,0.75,0.75,0.5,8.524439041024028,0.5226614719454846,2.2661471945484624,17.048878082048056,16.650376014568874,-0.39850206747918193,-2.337409333103224
az_ponderosa,native,nested_100000,30,0.75,0.75,0.75,10.995429406319857,0.7712907699378936,2.1290769937893583,21.990858812639715,21.476842426323522,-0.5140163863161931,-2.337409333103224
az_ponderosa,native,nested_100000,60,0.25,0.25,0.25,25.834991275482476,0.28590836858307556,3.5908368583075556,25.834991275482476,23.974294794026534,-1.8606964814559426,-7.202233829363635
az_ponderosa,native,nested_100000,60,0.25,0.25,0.5,37.85446556878683,0.5667339576129482,6.67339576129482,37.85446556878683,35.12809844366686,-2.726367125119971,-7.2022338293636246
az_ponderosa,native,nested_100000,60,0.25,0.25,0.75,49.873939862091184,0.8103699762470421,6.03699762470421,49.873939862091184,46.28190209330718,-3.592037768784003,-7.2022338293636246
az_ponderosa,native,nested_100000,60,0.25,0.75,0.25,13.017379758646046,0.2677109361107271,1.7710936110727105,13.017379758646046,12.52747843316181,-0.4899013254842348,-3.7634403740802402
az_ponderosa,native,nested_100000,60,0.25,0.75,0.5,19.073587005122253,0.533775296832422,3.3775296832421975,19.073587005122253,18.35576393098616,-0.717823074136092,-3.7634403740802402
az_ponderosa,native,nested_100000,60,0.25,0.75,0.75,25.12979425159846,0.7819185596851738,3.1918559685173764,25.12979425159846,24.18404942881051,-0.945744822787951,-3.7634403740802402
az_ponderosa,native,nested_100000,60,0.75,0.25,0.25,16.69973678131778,0.2728630054121042,2.2863005412104176,16.69973678131778,15.901959534347723,-0.7977772469700586,-4.777184559355108
az_ponderosa,native,nested_100000,60,0.75,0.25,0.5,24.469124229823883,0.5432871051463438,4.328710514634382,24.469124229823883,23.30018900530732,-1.168935224516563,-4.777184559355097
az_ponderosa,native,nested_100000,60,0.75,0.25,0.75,32.23851167832999,0.7903954896748103,4.039548967481032,32.23851167832999,30.69841847626692,-1.5400932020630727,-4.777184559355108
az_ponderosa,native,nested_100000,60,0.75,0.75,0.25,10.20466834825728,0.26381743863609575,1.3817438636095747,10.20466834825728,9.901135786538426,-0.3035325617188551,-2.9744480796447537
az_ponderosa,native,nested_100000,60,0.75,0.75,0.5,14.952289416741051,0.5264928973262409,2.649289732624094,14.952289416741051,14.50754133132187,-0.44474808541918165,-2.9744480796447648
az_ponderosa,native,nested_100000,60,0.75,0.75,0.75,19.699910485224823,0.7752788805487377,2.5278880548737725,19.699910485224823,19.113946876105313,-0.58596360911951,-2.974448079644776
az_ponderosa,native,nested_1000000,15,0.25,0.25,0.25,11.166630983267616,0.24607055558176136,-0.39294444182386423,44.666523933070465,45.02981617415935,0.36329224108888525,0.8133434373206461
az_ponderosa,native,nested_1000000,15,0.25,0.25,0.5,15.86443896023129,0.492517659895407,-0.7482340104592977,63.45775584092516,63.97388533352829,0.5161294926031275,0.8133434373206461
az_ponderosa,native,nested_1000000,15,0.25,0.25,0.75,20.562246937194963,0.7426556281607756,-0.7344371839224428,82.24898774877985,82.91795449289722,0.6689667441173697,0.8133434373206461
az_ponderosa,native,nested_1000000,15,0.25,0.75,0.25,5.5696966408114665,0.24803485532635344,-0.19651446736465572,22.278786563245866,22.368800139121525,0.09001357587565906,0.4040326685662343
az_ponderosa,native,nested_1000000,15,0.25,0.75,0.5,7.912871171041648,0.4962677461253707,-0.37322538746292766,31.651484684166594,31.77936702237686,0.1278823382102665,0.4040326685662121
az_ponderosa,native,nested_1000000,15,0.25,0.75,0.75,10.25604570127183,0.746354318196561,-0.3645681803439049,41.02418280508732,41.1899339056322,0.16575110054488107,0.4040326685662343
az_ponderosa,native,nested_1000000,15,0.75,0.25,0.25,6.547188291426798,0.24769103881000096,-0.23089611899990425,26.18875316570719,26.313222582469624,0.12446941676243384,0.4752781317035826
az_ponderosa,native,nested_1000000,15,0.75,0.25,0.5,9.301594112505308,0.49561276005424576,-0.438723994575424,37.20637645002123,37.38321022088749,0.17683377086625995,0.4752781317035826
az_ponderosa,native,nested_1000000,15,0.75,0.25,0.75,12.055999933583818,0.7457108868750664,-0.428911312493363,48.22399973433527,48.45319785930536,0.22919812497008962,0.4752781317035826
az_ponderosa,native,nested_1000000,15,0.75,0.75,0.25,4.119841438532019,0.24854540659747593,-0.14545934025240737,16.479365754128075,16.528563976229552,0.049198222101477285,0.29854439081888895
az_ponderosa,native,nested_1000000,15,0.75,0.75,0.5,5.853061064286833,0.49723927091624076,-0.2760729083759239,23.412244257147332,23.482140199141863,0.06989594199453109,0.29854439081888895
az_ponderosa,native,nested_1000000,15,0.75,0.75,0.75,7.586280690041647,0.7473067002416094,-0.26932997583906104,30.34512276016659,30.435716422054174,0.09059366188758489,0.29854439081888895
az_ponderosa,native,nested_1000000,30,0.25,0.25,0.25,16.850847710011518,0.2461084517030572,-0.38915482969427984,33.701695420023036,33.96499581496593,0.26330039494289537,0.7812675049768014
az_ponderosa,native,nested_1000000,30,0.25,0.25,0.5,23.729287516639083,0.4926554037836184,-0.7344596216381616,47.458575033278166,47.829353458338204,0.37077842506003833,0.7812675049768014
az_ponderosa,native,nested_1000000,30,0.25,0.25,0.75,30.607727323266648,0.7428272023548059,-0.7172797645194073,61.215454646533296,61.69371110171048,0.4782564551771813,0.7812675049768014
az_ponderosa,native,nested_1000000,30,0.25,0.75,0.25,7.922411596807383,0.24816529626846265,-0.18347037315373516,15.844823193614767,15.902783241107416,0.05796004749264938,0.3657980072381495
az_ponderosa,native,nested_1000000,30,0.25,0.75,0.5,11.15630417181366,0.49654675090654604,-0.34532490934539584,22.31260834362732,22.39422742031116,0.08161907668383961,0.3657980072381495
az_ponderosa,native,nested_1000000,30,0.25,0.75,0.75,14.390196746819937,0.7466444035442408,-0.33555964557592244,28.780393493639874,28.885671599514904,0.10527810587502984,0.3657980072381495
az_ponderosa,native,nested_1000000,30,0.75,0.25,0.25,10.566136639939025,0.247555062954855,-0.2444937045145007,21.13227327987805,21.23549636399222,0.1032230841141697,0.4884618079042946
az_ponderosa,native,nested_1000000,30,0.75,0.25,0.5,14.879185818066867,0.49539445160944734,-0.46055483905526606,29.758371636133734,29.903729916230475,0.14535828009674034,0.4884618079042946
az_ponderosa,native,nested_1000000,30,0.75,0.25,0.75,19.19223499619471,0.745518035162055,-0.44819648379450516,38.38446999238942,38.57196346846873,0.187493476079311,0.4884618079042946
az_ponderosa,native,nested_1000000,30,0.75,0.75,0.25,6.191108340441088,0.24856546704070043,-0.14345329592995726,12.382216680882175,12.417584127473889,0.03536744659171376,0.28563097790332836
az_ponderosa,native,nested_1000000,30,0.75,0.75,0.5,8.718290758138268,0.49730138085567793,-0.26986191443220675,17.436581516276537,17.48638579457439,0.04980427829785228,0.28563097790332836
az_ponderosa,native,nested_1000000,30,0.75,0.75,0.75,11.24547317583545,0.7473802442813181,-0.2619755718681893,22.4909463516709,22.555187461674887,0.06424111000398725,0.28563097790330616
az_ponderosa,native,nested_1000000,60,0.25,0.25,0.25,27.842561037649883,0.24571563443503958,-0.4284365564960424,27.842561037649883,28.11620239756315,0.27364135991326677,0.9828167730089099
az_ponderosa,native,nested_1000000,60,0.25,0.25,0.5,40.79603731652045,0.4915821700264974,-0.84178299735026,40.79603731652045,41.19698761399018,0.4009502974697341,0.9828167730089099
az_ponderosa,native,nested_1000000,60,0.25,0.25,0.75,53.74951359539101,0.7415893230526431,-0.8410676947356865,53.74951359539101,54.27777283041722,0.5282592350262121,0.9828167730089099
az_ponderosa,native,nested_1000000,60,0.25,0.75,0.25,13.508143403669665,0.24791518884394922,-0.20848111560507754,13.508143403669665,13.572229342495799,0.06408593882613367,0.4744244779687712
az_ponderosa,native,nested_1000000,60,0.25,0.75,0.5,19.792673584438777,0.4959156964791355,-0.4084303520864474,19.792673584438777,19.886574872767817,0.09390128832903955,0.4744244779687934
az_ponderosa,native,nested_1000000,60,0.25,0.75,0.75,26.07720376520789,0.7459423741826142,-0.40576258173857793,26.07720376520789,26.200920403039834,0.12371663783194364,0.4744244779687934
az_ponderosa,native,nested_1000000,60,0.75,0.25,0.25,17.516133042694594,0.24729885317479508,-0.270114682520492,17.516133042694594,17.62404253922601,0.10790949653141624,0.6160577581158622
az_ponderosa,native,nested_1000000,60,0.75,0.25,0.5,25.6653407811375,0.49470392655900286,-0.529607344099714,25.6653407811375,25.823454104166572,0.15811332302907388,0.6160577581158622
az_ponderosa,native,nested_1000000,60,0.75,0.25,0.75,33.8145485195804,0.7447301194518497,-0.5269880548150252,33.8145485195804,34.022865669107134,0.20831714952673508,0.6160577581158844
az_ponderosa,native,nested_1000000,60,0.75,0.75,0.25,10.503825605902385,0.2483778578180011,-0.1622142181998909,10.503825605902385,10.542534291413258,0.0387086855108727,0.3685198799294742
az_ponderosa,native,nested_1000000,60,0.75,0.75,0.5,15.39062663111922,0.49682404991745155,-0.3175950082548451,15.39062663111922,15.447344149900614,0.05671751878139375,0.3685198799294742
az_ponderosa,native,nested_1000000,60,0.75,0.75,0.75,20.277427656336055,0.7468485658605428,-0.31514341394571765,20.277427656336055,20.35215400838797,0.0747263520519148,0.3685198799294742
