scenario,raw_year,julian,topaz_id,channel_id,seconds,discharge_m3s,year
burned,1993,10,412,128,600.0,1.52,1993
burned,1993,10,412,128,1200.0,1.56,1993
burned,1993,10,412,128,1800.0,1.52,1993
burned,1993,10,412,128,2400.0,1.47,1993
burned,1993,10,412,128,3000.0,1.44,1993
burned,1993,10,412,128,3600.0,1.42,1993
burned,1993,10,412,128,4200.0,1.41,1993
burned,1993,10,412,128,4800.0,1.43,1993
burned,1993,10,412,128,5400.0,1.43,1993
burned,1993,10,412,128,6000.0,1.41,1993
burned,1993,10,412,128,6600.0,1.42,1993
burned,1993,10,412,128,7200.0,1.43,1993
burned,1993,10,412,128,7800.0,1.4,1993
burned,1993,10,412,128,8400.0,1.36,1993
burned,1993,10,412,128,9000.0,1.3,1993
burned,1993,10,412,128,9600.0,1.27,1993
burned,1993,10,412,128,10200.0,1.27,1993
burned,1993,10,412,128,10800.0,1.25,1993
burned,1993,10,412,128,11400.0,1.24,1993
burned,1993,10,412,128,12000.0,1.24,1993
burned,1993,10,412,128,12600.0,1.21,1993
burned,1993,10,412,128,13200.0,1.17,1993
burned,1993,10,412,128,13800.0,1.15,1993
burned,1993,10,412,128,14400.0,1.13,1993
burned,1993,10,412,128,15000.0,1.14,1993
burned,1993,10,412,128,15600.0,1.15,1993
burned,1993,10,412,128,16200.0,1.14,1993
burned,1993,10,412,128,16800.0,1.12,1993
burned,1993,10,412,128,17400.0,1.11,1993
burned,1993,10,412,128,18000.0,1.1,1993
burned,1993,10,412,128,18600.0,1.1,1993
burned,1993,10,412,128,19200.0,1.11,1993
burned,1993,10,412,128,19800.0,1.1,1993
burned,1993,10,412,128,20400.0,1.1,1993
burned,1993,10,412,128,21000.0,1.1,1993
burned,1993,10,412,128,21600.0,1.1,1993
burned,1993,10,412,128,22200.0,1.1,1993
burned,1993,10,412,128,22800.0,1.1,1993
burned,1993,10,412,128,23400.0,1.1,1993
burned,1993,10,412,128,24000.0,1.1,1993
burned,1993,10,412,128,24600.0,1.1,1993
burned,1993,10,412,128,25200.0,1.1,1993
burned,1993,10,412,128,25800.0,1.1,1993
burned,1993,10,412,128,26400.0,1.1,1993
burned,1993,10,412,128,27000.0,1.1,1993
burned,1993,10,412,128,27600.0,1.1,1993
burned,1993,10,412,128,28200.0,1.1,1993
burned,1993,10,412,128,28800.0,1.1,1993
burned,1993,10,412,128,29400.0,1.1,1993
burned,1993,10,412,128,30000.0,1.1,1993
burned,1993,10,412,128,30600.0,1.1,1993
burned,1993,10,412,128,31200.0,1.1,1993
burned,1993,10,412,128,31800.0,1.1,1993
burned,1993,10,412,128,32400.0,1.1,1993
burned,1993,10,412,128,33000.0,1.1,1993
burned,1993,10,412,128,33600.0,1.1,1993
burned,1993,10,412,128,34200.0,1.1,1993
burned,1993,10,412,128,34800.0,1.1,1993
burned,1993,10,412,128,35400.0,1.1,1993
burned,1993,10,412,128,36000.0,1.1,1993
burned,1993,10,412,128,36600.0,1.1,1993
burned,1993,10,412,128,37200.0,1.1,1993
burned,1993,10,412,128,37800.0,1.1,1993
burned,1993,10,412,128,38400.0,1.1,1993
burned,1993,10,412,128,39000.0,1.1,1993
burned,1993,10,412,128,39600.0,1.09,1993
burned,1993,10,412,128,40200.0,1.1,1993
burned,1993,10,412,128,40800.0,1.1,1993
burned,1993,10,412,128,41400.0,1.1,1993
burned,1993,10,412,128,42000.0,1.1,1993
burned,1993,10,412,128,42600.0,1.1,1993
burned,1993,10,412,128,43200.0,1.1,1993
burned,1993,10,412,128,43800.0,1.1,1993
burned,1993,10,412,128,44400.0,1.1,1993
burned,1993,10,412,128,45000.0,1.09,1993
burned,1993,10,412,128,45600.0,1.09,1993
burned,1993,10,412,128,46200.0,1.09,1993
burned,1993,10,412,128,46800.0,1.09,1993
burned,1993,10,412,128,47400.0,1.09,1993
burned,1993,10,412,128,48000.0,1.09,1993
burned,1993,10,412,128,48600.0,1.09,1993
burned,1993,10,412,128,49200.0,1.09,1993
burned,1993,10,412,128,49800.0,1.09,1993
burned,1993,10,412,128,50400.0,1.09,1993
burned,1993,10,412,128,51000.0,1.09,1993
burned,1993,10,412,128,51600.0,1.09,1993
burned,1993,10,412,128,52200.0,1.09,1993
burned,1993,10,412,128,52800.0,1.09,1993
burned,1993,10,412,128,53400.0,1.09,1993
burned,1993,10,412,128,54000.0,1.09,1993
burned,1993,10,412,128,54600.0,1.09,1993
burned,1993,10,412,128,55200.0,1.09,1993
burned,1993,10,412,128,55800.0,1.09,1993
burned,1993,10,412,128,56400.0,1.09,1993
burned,1993,10,412,128,57000.0,1.09,1993
burned,1993,10,412,128,57600.0,1.09,1993
burned,1993,10,412,128,58200.0,1.09,1993
burned,1993,10,412,128,58800.0,1.09,1993
burned,1993,10,412,128,59400.0,1.09,1993
burned,1993,10,412,128,60000.0,1.09,1993
burned,1993,10,412,128,60600.0,1.09,1993
burned,1993,10,412,128,61200.0,1.09,1993
burned,1993,10,412,128,61800.0,1.09,1993
burned,1993,10,412,128,62400.0,1.09,1993
burned,1993,10,412,128,63000.0,1.09,1993
burned,1993,10,412,128,63600.0,1.09,1993
burned,1993,10,412,128,64200.0,1.09,1993
burned,1993,10,412,128,64800.0,1.09,1993
burned,1993,10,412,128,65400.0,1.09,1993
burned,1993,10,412,128,66000.0,1.09,1993
burned,1993,10,412,128,66600.0,1.09,1993
burned,1993,10,412,128,67200.0,1.09,1993
burned,1993,10,412,128,67800.0,1.09,1993
burned,1993,10,412,128,68400.0,1.09,1993
burned,1993,10,412,128,69000.0,1.09,1993
burned,1993,10,412,128,69600.0,1.09,1993
burned,1993,10,412,128,70200.0,1.09,1993
burned,1993,10,412,128,70800.0,1.09,1993
burned,1993,10,412,128,71400.0,1.09,1993
burned,1993,10,412,128,72000.0,1.09,1993
burned,1993,10,412,128,72600.0,1.09,1993
burned,1993,10,412,128,73200.0,1.09,1993
burned,1993,10,412,128,73800.0,1.09,1993
burned,1993,10,412,128,74400.0,1.09,1993
burned,1993,10,412,128,75000.0,1.09,1993
burned,1993,10,412,128,75600.0,1.09,1993
burned,1993,10,412,128,76200.0,1.09,1993
burned,1993,10,412,128,76800.0,1.09,1993
burned,1993,10,412,128,77400.0,1.09,1993
burned,1993,10,412,128,78000.0,1.09,1993
burned,1993,10,412,128,78600.0,1.09,1993
burned,1993,10,412,128,79200.0,1.09,1993
burned,1993,10,412,128,79800.0,1.09,1993
burned,1993,10,412,128,80400.0,1.09,1993
burned,1993,10,412,128,81000.0,1.09,1993
burned,1993,10,412,128,81600.0,1.09,1993
burned,1993,10,412,128,82200.0,1.09,1993
burned,1993,10,412,128,82800.0,1.09,1993
burned,1993,10,412,128,83400.0,1.09,1993
burned,1993,10,412,128,84000.0,1.09,1993
burned,1993,10,412,128,84600.0,1.09,1993
burned,1993,10,412,128,85200.0,1.09,1993
burned,1993,10,412,128,85800.0,1.09,1993
burned,1993,10,412,128,86400.0,1.09,1993
burned,1993,11,412,128,600.0,1.41,1993
burned,1993,11,412,128,1200.0,2.37,1993
burned,1993,11,412,128,1800.0,3.9,1993
burned,1993,11,412,128,2400.0,5.15,1993
burned,1993,11,412,128,3000.0,5.82,1993
burned,1993,11,412,128,3600.0,7.15,1993
burned,1993,11,412,128,4200.0,9.33,1993
burned,1993,11,412,128,4800.0,10.3,1993
burned,1993,11,412,128,5400.0,8.86,1993
burned,1993,11,412,128,6000.0,6.63,1993
burned,1993,11,412,128,6600.0,5.63,1993
burned,1993,11,412,128,7200.0,5.48,1993
burned,1993,11,412,128,7800.0,4.7,1993
burned,1993,11,412,128,8400.0,4.23,1993
burned,1993,11,412,128,9000.0,4.23,1993
burned,1993,11,412,128,9600.0,3.73,1993
burned,1993,11,412,128,10200.0,3.5,1993
burned,1993,11,412,128,10800.0,3.21,1993
burned,1993,11,412,128,11400.0,2.92,1993
burned,1993,11,412,128,12000.0,3.2,1993
burned,1993,11,412,128,12600.0,3.14,1993
burned,1993,11,412,128,13200.0,3.06,1993
burned,1993,11,412,128,13800.0,3.16,1993
burned,1993,11,412,128,14400.0,3.09,1993
burned,1993,11,412,128,15000.0,3.13,1993
burned,1993,11,412,128,15600.0,3.11,1993
burned,1993,11,412,128,16200.0,3.11,1993
burned,1993,11,412,128,16800.0,3.1,1993
burned,1993,11,412,128,17400.0,3.09,1993
burned,1993,11,412,128,18000.0,3.1,1993
burned,1993,11,412,128,18600.0,3.04,1993
burned,1993,11,412,128,19200.0,3.05,1993
burned,1993,11,412,128,19800.0,3.02,1993
burned,1993,11,412,128,20400.0,3.05,1993
burned,1993,11,412,128,21000.0,3.03,1993
burned,1993,11,412,128,21600.0,3.02,1993
burned,1993,11,412,128,22200.0,3.02,1993
burned,1993,11,412,128,22800.0,2.97,1993
burned,1993,11,412,128,23400.0,3.0,1993
burned,1993,11,412,128,24000.0,2.98,1993
burned,1993,11,412,128,24600.0,3.0,1993
burned,1993,11,412,128,25200.0,2.98,1993
burned,1993,11,412,128,25800.0,3.0,1993
burned,1993,11,412,128,26400.0,2.99,1993
burned,1993,11,412,128,27000.0,2.98,1993
burned,1993,11,412,128,27600.0,3.0,1993
burned,1993,11,412,128,28200.0,2.98,1993
burned,1993,11,412,128,28800.0,3.0,1993
burned,1993,11,412,128,29400.0,2.98,1993
burned,1993,11,412,128,30000.0,2.99,1993
burned,1993,11,412,128,30600.0,2.97,1993
burned,1993,11,412,128,31200.0,2.97,1993
burned,1993,11,412,128,31800.0,2.95,1993
burned,1993,11,412,128,32400.0,2.93,1993
burned,1993,11,412,128,33000.0,2.93,1993
burned,1993,11,412,128,33600.0,2.88,1993
burned,1993,11,412,128,34200.0,2.87,1993
burned,1993,11,412,128,34800.0,2.86,1993
burned,1993,11,412,128,35400.0,2.84,1993
burned,1993,11,412,128,36000.0,2.84,1993
burned,1993,11,412,128,36600.0,2.82,1993
burned,1993,11,412,128,37200.0,2.77,1993
burned,1993,11,412,128,37800.0,2.77,1993
burned,1993,11,412,128,38400.0,2.75,1993
burned,1993,11,412,128,39000.0,2.73,1993
burned,1993,11,412,128,39600.0,2.73,1993
burned,1993,11,412,128,40200.0,2.73,1993
burned,1993,11,412,128,40800.0,2.72,1993
burned,1993,11,412,128,41400.0,2.71,1993
burned,1993,11,412,128,42000.0,2.69,1993
burned,1993,11,412,128,42600.0,2.67,1993
burned,1993,11,412,128,43200.0,2.64,1993
burned,1993,11,412,128,43800.0,2.57,1993
burned,1993,11,412,128,44400.0,2.5,1993
burned,1993,11,412,128,45000.0,2.47,1993
burned,1993,11,412,128,45600.0,2.47,1993
burned,1993,11,412,128,46200.0,2.47,1993
burned,1993,11,412,128,46800.0,2.47,1993
burned,1993,11,412,128,47400.0,2.45,1993
burned,1993,11,412,128,48000.0,2.45,1993
burned,1993,11,412,128,48600.0,2.45,1993
burned,1993,11,412,128,49200.0,2.44,1993
burned,1993,11,412,128,49800.0,2.43,1993
burned,1993,11,412,128,50400.0,2.43,1993
burned,1993,11,412,128,51000.0,2.41,1993
burned,1993,11,412,128,51600.0,2.4,1993
burned,1993,11,412,128,52200.0,2.39,1993
burned,1993,11,412,128,52800.0,2.38,1993
burned,1993,11,412,128,53400.0,2.35,1993
burned,1993,11,412,128,54000.0,2.32,1993
burned,1993,11,412,128,54600.0,2.3,1993
burned,1993,11,412,128,55200.0,2.29,1993
burned,1993,11,412,128,55800.0,2.27,1993
burned,1993,11,412,128,56400.0,2.25,1993
burned,1993,11,412,128,57000.0,2.23,1993
burned,1993,11,412,128,57600.0,2.23,1993
burned,1993,11,412,128,58200.0,2.22,1993
burned,1993,11,412,128,58800.0,2.2,1993
burned,1993,11,412,128,59400.0,2.21,1993
burned,1993,11,412,128,60000.0,2.2,1993
burned,1993,11,412,128,60600.0,2.18,1993
burned,1993,11,412,128,61200.0,2.18,1993
burned,1993,11,412,128,61800.0,2.18,1993
burned,1993,11,412,128,62400.0,2.17,1993
burned,1993,11,412,128,63000.0,2.16,1993
burned,1993,11,412,128,63600.0,2.16,1993
burned,1993,11,412,128,64200.0,2.15,1993
burned,1993,11,412,128,64800.0,2.13,1993
burned,1993,11,412,128,65400.0,2.12,1993
burned,1993,11,412,128,66000.0,2.11,1993
burned,1993,11,412,128,66600.0,2.08,1993
burned,1993,11,412,128,67200.0,2.06,1993
burned,1993,11,412,128,67800.0,2.05,1993
burned,1993,11,412,128,68400.0,2.02,1993
burned,1993,11,412,128,69000.0,1.98,1993
burned,1993,11,412,128,69600.0,1.96,1993
burned,1993,11,412,128,70200.0,1.95,1993
burned,1993,11,412,128,70800.0,1.9,1993
burned,1993,11,412,128,71400.0,1.87,1993
burned,1993,11,412,128,72000.0,1.86,1993
burned,1993,11,412,128,72600.0,1.83,1993
burned,1993,11,412,128,73200.0,1.79,1993
burned,1993,11,412,128,73800.0,1.76,1993
burned,1993,11,412,128,74400.0,1.72,1993
burned,1993,11,412,128,75000.0,1.7,1993
burned,1993,11,412,128,75600.0,1.67,1993
burned,1993,11,412,128,76200.0,1.65,1993
burned,1993,11,412,128,76800.0,1.63,1993
burned,1993,11,412,128,77400.0,1.58,1993
burned,1993,11,412,128,78000.0,1.52,1993
burned,1993,11,412,128,78600.0,1.48,1993
burned,1993,11,412,128,79200.0,1.47,1993
burned,1993,11,412,128,79800.0,1.45,1993
burned,1993,11,412,128,80400.0,1.42,1993
burned,1993,11,412,128,81000.0,1.4,1993
burned,1993,11,412,128,81600.0,1.41,1993
burned,1993,11,412,128,82200.0,1.37,1993
burned,1993,11,412,128,82800.0,1.32,1993
burned,1993,11,412,128,83400.0,1.27,1993
burned,1993,11,412,128,84000.0,1.23,1993
burned,1993,11,412,128,84600.0,1.21,1993
burned,1993,11,412,128,85200.0,1.18,1993
burned,1993,11,412,128,85800.0,1.18,1993
burned,1993,11,412,128,86400.0,1.18,1993
burned,1993,12,412,128,600.0,1.69,1993
burned,1993,12,412,128,1200.0,3.12,1993
burned,1993,12,412,128,1800.0,4.5,1993
burned,1993,12,412,128,2400.0,4.73,1993
burned,1993,12,412,128,3000.0,4.68,1993
burned,1993,12,412,128,3600.0,5.62,1993
burned,1993,12,412,128,4200.0,7.12,1993
burned,1993,12,412,128,4800.0,9.69,1993
burned,1993,12,412,128,5400.0,15.4,1993
burned,1993,12,412,128,6000.0,25.0,1993
burned,1993,12,412,128,6600.0,33.3,1993
burned,1993,12,412,128,7200.0,30.8,1993
burned,1993,12,412,128,7800.0,19.1,1993
burned,1993,12,412,128,8400.0,12.4,1993
burned,1993,12,412,128,9000.0,11.3,1993
burned,1993,12,412,128,9600.0,8.43,1993
burned,1993,12,412,128,10200.0,6.6,1993
burned,1993,12,412,128,10800.0,6.41,1993
burned,1993,12,412,128,11400.0,5.24,1993
burned,1993,12,412,128,12000.0,4.97,1993
burned,1993,12,412,128,12600.0,4.8,1993
burned,1993,12,412,128,13200.0,4.34,1993
burned,1993,12,412,128,13800.0,4.44,1993
burned,1993,12,412,128,14400.0,4.2,1993
burned,1993,12,412,128,15000.0,4.17,1993
burned,1993,12,412,128,15600.0,4.16,1993
burned,1993,12,412,128,16200.0,3.99,1993
burned,1993,12,412,128,16800.0,4.03,1993
burned,1993,12,412,128,17400.0,3.96,1993
burned,1993,12,412,128,18000.0,4.01,1993
burned,1993,12,412,128,18600.0,3.98,1993
burned,1993,12,412,128,19200.0,3.97,1993
burned,1993,12,412,128,19800.0,4.0,1993
burned,1993,12,412,128,20400.0,3.95,1993
burned,1993,12,412,128,21000.0,3.99,1993
burned,1993,12,412,128,21600.0,3.96,1993
burned,1993,12,412,128,22200.0,3.98,1993
burned,1993,12,412,128,22800.0,3.98,1993
burned,1993,12,412,128,23400.0,3.97,1993
burned,1993,12,412,128,24000.0,3.98,1993
burned,1993,12,412,128,24600.0,3.97,1993
burned,1993,12,412,128,25200.0,3.97,1993
burned,1993,12,412,128,25800.0,3.94,1993
burned,1993,12,412,128,26400.0,3.96,1993
burned,1993,12,412,128,27000.0,3.95,1993
burned,1993,12,412,128,27600.0,3.95,1993
burned,1993,12,412,128,28200.0,3.95,1993
burned,1993,12,412,128,28800.0,3.95,1993
burned,1993,12,412,128,29400.0,3.95,1993
burned,1993,12,412,128,30000.0,3.95,1993
burned,1993,12,412,128,30600.0,3.96,1993
burned,1993,12,412,128,31200.0,3.95,1993
burned,1993,12,412,128,31800.0,3.95,1993
burned,1993,12,412,128,32400.0,3.93,1993
burned,1993,12,412,128,33000.0,3.94,1993
burned,1993,12,412,128,33600.0,3.93,1993
burned,1993,12,412,128,34200.0,3.94,1993
burned,1993,12,412,128,34800.0,3.89,1993
burned,1993,12,412,128,35400.0,3.88,1993
burned,1993,12,412,128,36000.0,3.87,1993
burned,1993,12,412,128,36600.0,3.87,1993
burned,1993,12,412,128,37200.0,3.86,1993
burned,1993,12,412,128,37800.0,3.85,1993
burned,1993,12,412,128,38400.0,3.85,1993
burned,1993,12,412,128,39000.0,3.81,1993
burned,1993,12,412,128,39600.0,3.78,1993
burned,1993,12,412,128,40200.0,3.77,1993
burned,1993,12,412,128,40800.0,3.77,1993
burned,1993,12,412,128,41400.0,3.76,1993
burned,1993,12,412,128,42000.0,3.75,1993
burned,1993,12,412,128,42600.0,3.71,1993
burned,1993,12,412,128,43200.0,3.69,1993
burned,1993,12,412,128,43800.0,3.64,1993
burned,1993,12,412,128,44400.0,3.62,1993
burned,1993,12,412,128,45000.0,3.61,1993
burned,1993,12,412,128,45600.0,3.57,1993
burned,1993,12,412,128,46200.0,3.56,1993
burned,1993,12,412,128,46800.0,3.54,1993
burned,1993,12,412,128,47400.0,3.49,1993
burned,1993,12,412,128,48000.0,3.47,1993
burned,1993,12,412,128,48600.0,3.48,1993
burned,1993,12,412,128,49200.0,3.47,1993
burned,1993,12,412,128,49800.0,3.48,1993
burned,1993,12,412,128,50400.0,3.47,1993
burned,1993,12,412,128,51000.0,3.47,1993
burned,1993,12,412,128,51600.0,3.47,1993
burned,1993,12,412,128,52200.0,3.46,1993
burned,1993,12,412,128,52800.0,3.47,1993
burned,1993,12,412,128,53400.0,3.46,1993
burned,1993,12,412,128,54000.0,3.46,1993
burned,1993,12,412,128,54600.0,3.46,1993
burned,1993,12,412,128,55200.0,3.46,1993
burned,1993,12,412,128,55800.0,3.46,1993
burned,1993,12,412,128,56400.0,3.46,1993
burned,1993,12,412,128,57000.0,3.46,1993
burned,1993,12,412,128,57600.0,3.46,1993
burned,1993,12,412,128,58200.0,3.45,1993
burned,1993,12,412,128,58800.0,3.45,1993
burned,1993,12,412,128,59400.0,3.44,1993
burned,1993,12,412,128,60000.0,3.44,1993
burned,1993,12,412,128,60600.0,3.43,1993
burned,1993,12,412,128,61200.0,3.43,1993
burned,1993,12,412,128,61800.0,3.43,1993
burned,1993,12,412,128,62400.0,3.42,1993
burned,1993,12,412,128,63000.0,3.41,1993
burned,1993,12,412,128,63600.0,3.4,1993
burned,1993,12,412,128,64200.0,3.39,1993
burned,1993,12,412,128,64800.0,3.38,1993
burned,1993,12,412,128,65400.0,3.37,1993
burned,1993,12,412,128,66000.0,3.36,1993
burned,1993,12,412,128,66600.0,3.35,1993
burned,1993,12,412,128,67200.0,3.33,1993
burned,1993,12,412,128,67800.0,3.29,1993
burned,1993,12,412,128,68400.0,3.24,1993
burned,1993,12,412,128,69000.0,3.17,1993
burned,1993,12,412,128,69600.0,3.12,1993
burned,1993,12,412,128,70200.0,3.09,1993
burned,1993,12,412,128,70800.0,3.11,1993
burned,1993,12,412,128,71400.0,3.11,1993
burned,1993,12,412,128,72000.0,3.09,1993
burned,1993,12,412,128,72600.0,3.09,1993
burned,1993,12,412,128,73200.0,3.1,1993
burned,1993,12,412,128,73800.0,3.08,1993
burned,1993,12,412,128,74400.0,3.09,1993
burned,1993,12,412,128,75000.0,3.05,1993
burned,1993,12,412,128,75600.0,3.01,1993
burned,1993,12,412,128,76200.0,2.96,1993
burned,1993,12,412,128,76800.0,2.94,1993
burned,1993,12,412,128,77400.0,2.94,1993
burned,1993,12,412,128,78000.0,2.88,1993
burned,1993,12,412,128,78600.0,2.77,1993
burned,1993,12,412,128,79200.0,2.69,1993
burned,1993,12,412,128,79800.0,2.7,1993
burned,1993,12,412,128,80400.0,2.71,1993
burned,1993,12,412,128,81000.0,2.66,1993
burned,1993,12,412,128,81600.0,2.64,1993
burned,1993,12,412,128,82200.0,2.62,1993
burned,1993,12,412,128,82800.0,2.6,1993
burned,1993,12,412,128,83400.0,2.56,1993
burned,1993,12,412,128,84000.0,2.39,1993
burned,1993,12,412,128,84600.0,2.13,1993
burned,1993,12,412,128,85200.0,1.82,1993
burned,1993,12,412,128,85800.0,1.57,1993
burned,1993,12,412,128,86400.0,1.43,1993
burned,1993,13,412,128,600.0,1.75,1993
burned,1993,13,412,128,1200.0,2.62,1993
burned,1993,13,412,128,1800.0,3.25,1993
burned,1993,13,412,128,2400.0,3.21,1993
burned,1993,13,412,128,3000.0,3.57,1993
burned,1993,13,412,128,3600.0,5.05,1993
burned,1993,13,412,128,4200.0,8.39,1993
burned,1993,13,412,128,4800.0,18.0,1993
burned,1993,13,412,128,5400.0,45.2,1993
burned,1993,13,412,128,6000.0,88.4,1993
burned,1993,13,412,128,6600.0,102.0,1993
burned,1993,13,412,128,7200.0,61.6,1993
burned,1993,13,412,128,7800.0,23.5,1993
burned,1993,13,412,128,8400.0,18.5,1993
burned,1993,13,412,128,9000.0,12.2,1993
burned,1993,13,412,128,9600.0,5.33,1993
burned,1993,13,412,128,10200.0,6.58,1993
burned,1993,13,412,128,10800.0,3.81,1993
burned,1993,13,412,128,11400.0,3.43,1993
burned,1993,13,412,128,12000.0,3.85,1993
burned,1993,13,412,128,12600.0,2.57,1993
burned,1993,13,412,128,13200.0,3.45,1993
burned,1993,13,412,128,13800.0,2.76,1993
burned,1993,13,412,128,14400.0,2.95,1993
burned,1993,13,412,128,15000.0,3.04,1993
burned,1993,13,412,128,15600.0,2.72,1993
burned,1993,13,412,128,16200.0,3.08,1993
burned,1993,13,412,128,16800.0,2.73,1993
burned,1993,13,412,128,17400.0,2.99,1993
burned,1993,13,412,128,18000.0,2.85,1993
burned,1993,13,412,128,18600.0,2.88,1993
burned,1993,13,412,128,19200.0,2.94,1993
burned,1993,13,412,128,19800.0,2.82,1993
burned,1993,13,412,128,20400.0,2.97,1993
burned,1993,13,412,128,21000.0,2.82,1993
burned,1993,13,412,128,21600.0,2.94,1993
burned,1993,13,412,128,22200.0,2.86,1993
burned,1993,13,412,128,22800.0,2.9,1993
burned,1993,13,412,128,23400.0,2.9,1993
burned,1993,13,412,128,24000.0,2.87,1993
burned,1993,13,412,128,24600.0,2.92,1993
burned,1993,13,412,128,25200.0,2.85,1993
burned,1993,13,412,128,25800.0,2.88,1993
burned,1993,13,412,128,26400.0,2.81,1993
burned,1993,13,412,128,27000.0,2.87,1993
burned,1993,13,412,128,27600.0,2.83,1993
burned,1993,13,412,128,28200.0,2.85,1993
burned,1993,13,412,128,28800.0,2.84,1993
burned,1993,13,412,128,29400.0,2.8,1993
burned,1993,13,412,128,30000.0,2.79,1993
burned,1993,13,412,128,30600.0,2.77,1993
burned,1993,13,412,128,31200.0,2.79,1993
burned,1993,13,412,128,31800.0,2.76,1993
burned,1993,13,412,128,32400.0,2.77,1993
burned,1993,13,412,128,33000.0,2.75,1993
burned,1993,13,412,128,33600.0,2.77,1993
burned,1993,13,412,128,34200.0,2.74,1993
burned,1993,13,412,128,34800.0,2.74,1993
burned,1993,13,412,128,35400.0,2.72,1993
burned,1993,13,412,128,36000.0,2.72,1993
burned,1993,13,412,128,36600.0,2.71,1993
burned,1993,13,412,128,37200.0,2.69,1993
burned,1993,13,412,128,37800.0,2.69,1993
burned,1993,13,412,128,38400.0,2.69,1993
burned,1993,13,412,128,39000.0,2.69,1993
burned,1993,13,412,128,39600.0,2.68,1993
burned,1993,13,412,128,40200.0,2.69,1993
burned,1993,13,412,128,40800.0,2.68,1993
burned,1993,13,412,128,41400.0,2.69,1993
burned,1993,13,412,128,42000.0,2.67,1993
burned,1993,13,412,128,42600.0,2.63,1993
burned,1993,13,412,128,43200.0,2.59,1993
burned,1993,13,412,128,43800.0,2.6,1993
burned,1993,13,412,128,44400.0,2.6,1993
burned,1993,13,412,128,45000.0,2.6,1993
burned,1993,13,412,128,45600.0,2.6,1993
burned,1993,13,412,128,46200.0,2.6,1993
burned,1993,13,412,128,46800.0,2.58,1993
burned,1993,13,412,128,47400.0,2.56,1993
burned,1993,13,412,128,48000.0,2.56,1993
burned,1993,13,412,128,48600.0,2.57,1993
burned,1993,13,412,128,49200.0,2.56,1993
burned,1993,13,412,128,49800.0,2.56,1993
burned,1993,13,412,128,50400.0,2.57,1993
burned,1993,13,412,128,51000.0,2.56,1993
burned,1993,13,412,128,51600.0,2.57,1993
burned,1993,13,412,128,52200.0,2.57,1993
burned,1993,13,412,128,52800.0,2.56,1993
burned,1993,13,412,128,53400.0,2.57,1993
burned,1993,13,412,128,54000.0,2.56,1993
burned,1993,13,412,128,54600.0,2.57,1993
burned,1993,13,412,128,55200.0,2.56,1993
burned,1993,13,412,128,55800.0,2.56,1993
burned,1993,13,412,128,56400.0,2.56,1993
burned,1993,13,412,128,57000.0,2.56,1993
burned,1993,13,412,128,57600.0,2.56,1993
burned,1993,13,412,128,58200.0,2.56,1993
burned,1993,13,412,128,58800.0,2.57,1993
burned,1993,13,412,128,59400.0,2.56,1993
burned,1993,13,412,128,60000.0,2.56,1993
burned,1993,13,412,128,60600.0,2.55,1993
burned,1993,13,412,128,61200.0,2.56,1993
burned,1993,13,412,128,61800.0,2.55,1993
burned,1993,13,412,128,62400.0,2.55,1993
burned,1993,13,412,128,63000.0,2.53,1993
burned,1993,13,412,128,63600.0,2.51,1993
burned,1993,13,412,128,64200.0,2.5,1993
burned,1993,13,412,128,64800.0,2.48,1993
burned,1993,13,412,128,65400.0,2.47,1993
burned,1993,13,412,128,66000.0,2.47,1993
burned,1993,13,412,128,66600.0,2.47,1993
burned,1993,13,412,128,67200.0,2.46,1993
burned,1993,13,412,128,67800.0,2.47,1993
burned,1993,13,412,128,68400.0,2.47,1993
burned,1993,13,412,128,69000.0,2.46,1993
burned,1993,13,412,128,69600.0,2.46,1993
burned,1993,13,412,128,70200.0,2.44,1993
burned,1993,13,412,128,70800.0,2.44,1993
burned,1993,13,412,128,71400.0,2.45,1993
burned,1993,13,412,128,72000.0,2.44,1993
burned,1993,13,412,128,72600.0,2.44,1993
burned,1993,13,412,128,73200.0,2.44,1993
burned,1993,13,412,128,73800.0,2.44,1993
burned,1993,13,412,128,74400.0,2.44,1993
burned,1993,13,412,128,75000.0,2.44,1993
burned,1993,13,412,128,75600.0,2.44,1993
burned,1993,13,412,128,76200.0,2.44,1993
burned,1993,13,412,128,76800.0,2.43,1993
burned,1993,13,412,128,77400.0,2.42,1993
burned,1993,13,412,128,78000.0,2.4,1993
burned,1993,13,412,128,78600.0,2.4,1993
burned,1993,13,412,128,79200.0,2.39,1993
burned,1993,13,412,128,79800.0,2.36,1993
burned,1993,13,412,128,80400.0,2.31,1993
burned,1993,13,412,128,81000.0,2.28,1993
burned,1993,13,412,128,81600.0,2.27,1993
burned,1993,13,412,128,82200.0,2.22,1993
burned,1993,13,412,128,82800.0,2.07,1993
burned,1993,13,412,128,83400.0,1.89,1993
burned,1993,13,412,128,84000.0,1.81,1993
burned,1993,13,412,128,84600.0,1.82,1993
burned,1993,13,412,128,85200.0,1.78,1993
burned,1993,13,412,128,85800.0,1.73,1993
burned,1993,13,412,128,86400.0,1.72,1993
burned,1993,14,412,128,600.0,3.41,1993
burned,1993,14,412,128,1200.0,8.08,1993
burned,1993,14,412,128,1800.0,12.5,1993
burned,1993,14,412,128,2400.0,15.3,1993
burned,1993,14,412,128,3000.0,21.7,1993
burned,1993,14,412,128,3600.0,33.7,1993
burned,1993,14,412,128,4200.0,52.5,1993
burned,1993,14,412,128,4800.0,78.5,1993
burned,1993,14,412,128,5400.0,91.5,1993
burned,1993,14,412,128,6000.0,74.0,1993
burned,1993,14,412,128,6600.0,48.7,1993
burned,1993,14,412,128,7200.0,38.2,1993
burned,1993,14,412,128,7800.0,31.3,1993
burned,1993,14,412,128,8400.0,22.3,1993
burned,1993,14,412,128,9000.0,18.9,1993
burned,1993,14,412,128,9600.0,15.5,1993
burned,1993,14,412,128,10200.0,12.1,1993
burned,1993,14,412,128,10800.0,11.3,1993
burned,1993,14,412,128,11400.0,9.1,1993
burned,1993,14,412,128,12000.0,8.48,1993
burned,1993,14,412,128,12600.0,7.4,1993
burned,1993,14,412,128,13200.0,5.55,1993
burned,1993,14,412,128,13800.0,5.26,1993
burned,1993,14,412,128,14400.0,5.28,1993
burned,1993,14,412,128,15000.0,5.67,1993
burned,1993,14,412,128,15600.0,5.22,1993
burned,1993,14,412,128,16200.0,5.47,1993
burned,1993,14,412,128,16800.0,5.49,1993
burned,1993,14,412,128,17400.0,5.26,1993
burned,1993,14,412,128,18000.0,5.59,1993
burned,1993,14,412,128,18600.0,5.27,1993
burned,1993,14,412,128,19200.0,5.51,1993
burned,1993,14,412,128,19800.0,5.38,1993
burned,1993,14,412,128,20400.0,5.4,1993
burned,1993,14,412,128,21000.0,5.47,1993
burned,1993,14,412,128,21600.0,5.34,1993
burned,1993,14,412,128,22200.0,5.49,1993
burned,1993,14,412,128,22800.0,5.34,1993
burned,1993,14,412,128,23400.0,5.47,1993
burned,1993,14,412,128,24000.0,5.37,1993
burned,1993,14,412,128,24600.0,5.42,1993
burned,1993,14,412,128,25200.0,5.41,1993
burned,1993,14,412,128,25800.0,5.39,1993
burned,1993,14,412,128,26400.0,5.43,1993
burned,1993,14,412,128,27000.0,5.37,1993
burned,1993,14,412,128,27600.0,5.44,1993
burned,1993,14,412,128,28200.0,5.37,1993
burned,1993,14,412,128,28800.0,5.43,1993
burned,1993,14,412,128,29400.0,5.38,1993
burned,1993,14,412,128,30000.0,5.41,1993
burned,1993,14,412,128,30600.0,5.39,1993
burned,1993,14,412,128,31200.0,5.4,1993
burned,1993,14,412,128,31800.0,5.39,1993
burned,1993,14,412,128,32400.0,5.38,1993
burned,1993,14,412,128,33000.0,5.39,1993
burned,1993,14,412,128,33600.0,5.37,1993
burned,1993,14,412,128,34200.0,5.39,1993
burned,1993,14,412,128,34800.0,5.37,1993
burned,1993,14,412,128,35400.0,5.38,1993
burned,1993,14,412,128,36000.0,5.37,1993
burned,1993,14,412,128,36600.0,5.38,1993
burned,1993,14,412,128,37200.0,5.37,1993
burned,1993,14,412,128,37800.0,5.37,1993
burned,1993,14,412,128,38400.0,5.36,1993
burned,1993,14,412,128,39000.0,5.32,1993
burned,1993,14,412,128,39600.0,5.3,1993
burned,1993,14,412,128,40200.0,5.3,1993
burned,1993,14,412,128,40800.0,5.26,1993
burned,1993,14,412,128,41400.0,5.21,1993
burned,1993,14,412,128,42000.0,5.19,1993
burned,1993,14,412,128,42600.0,5.2,1993
burned,1993,14,412,128,43200.0,5.19,1993
burned,1993,14,412,128,43800.0,5.2,1993
burned,1993,14,412,128,44400.0,5.19,1993
burned,1993,14,412,128,45000.0,5.2,1993
burned,1993,14,412,128,45600.0,5.18,1993
burned,1993,14,412,128,46200.0,5.16,1993
burned,1993,14,412,128,46800.0,5.11,1993
burned,1993,14,412,128,47400.0,5.09,1993
burned,1993,14,412,128,48000.0,5.06,1993
burned,1993,14,412,128,48600.0,5.02,1993
burned,1993,14,412,128,49200.0,4.98,1993
burned,1993,14,412,128,49800.0,4.94,1993
burned,1993,14,412,128,50400.0,4.93,1993
burned,1993,14,412,128,51000.0,4.91,1993
burned,1993,14,412,128,51600.0,4.89,1993
burned,1993,14,412,128,52200.0,4.89,1993
burned,1993,14,412,128,52800.0,4.9,1993
burned,1993,14,412,128,53400.0,4.88,1993
burned,1993,14,412,128,54000.0,4.9,1993
burned,1993,14,412,128,54600.0,4.89,1993
burned,1993,14,412,128,55200.0,4.89,1993
burned,1993,14,412,128,55800.0,4.88,1993
burned,1993,14,412,128,56400.0,4.88,1993
burned,1993,14,412,128,57000.0,4.88,1993
burned,1993,14,412,128,57600.0,4.88,1993
burned,1993,14,412,128,58200.0,4.88,1993
burned,1993,14,412,128,58800.0,4.88,1993
burned,1993,14,412,128,59400.0,4.88,1993
burned,1993,14,412,128,60000.0,4.88,1993
burned,1993,14,412,128,60600.0,4.88,1993
burned,1993,14,412,128,61200.0,4.88,1993
burned,1993,14,412,128,61800.0,4.88,1993
burned,1993,14,412,128,62400.0,4.88,1993
burned,1993,14,412,128,63000.0,4.88,1993
burned,1993,14,412,128,63600.0,4.88,1993
burned,1993,14,412,128,64200.0,4.88,1993
burned,1993,14,412,128,64800.0,4.87,1993
burned,1993,14,412,128,65400.0,4.86,1993
burned,1993,14,412,128,66000.0,4.84,1993
burned,1993,14,412,128,66600.0,4.85,1993
burned,1993,14,412,128,67200.0,4.84,1993
burned,1993,14,412,128,67800.0,4.84,1993
burned,1993,14,412,128,68400.0,4.83,1993
burned,1993,14,412,128,69000.0,4.84,1993
burned,1993,14,412,128,69600.0,4.82,1993
burned,1993,14,412,128,70200.0,4.8,1993
burned,1993,14,412,128,70800.0,4.76,1993
burned,1993,14,412,128,71400.0,4.66,1993
burned,1993,14,412,128,72000.0,4.6,1993
burned,1993,14,412,128,72600.0,4.6,1993
burned,1993,14,412,128,73200.0,4.58,1993
burned,1993,14,412,128,73800.0,4.53,1993
burned,1993,14,412,128,74400.0,4.55,1993
burned,1993,14,412,128,75000.0,4.55,1993
burned,1993,14,412,128,75600.0,4.53,1993
burned,1993,14,412,128,76200.0,4.52,1993
burned,1993,14,412,128,76800.0,4.48,1993
burned,1993,14,412,128,77400.0,4.44,1993
burned,1993,14,412,128,78000.0,4.39,1993
burned,1993,14,412,128,78600.0,4.32,1993
burned,1993,14,412,128,79200.0,4.32,1993
burned,1993,14,412,128,79800.0,4.24,1993
burned,1993,14,412,128,80400.0,4.06,1993
burned,1993,14,412,128,81000.0,3.96,1993
burned,1993,14,412,128,81600.0,3.89,1993
burned,1993,14,412,128,82200.0,3.77,1993
burned,1993,14,412,128,82800.0,3.57,1993
burned,1993,14,412,128,83400.0,3.39,1993
burned,1993,14,412,128,84000.0,3.18,1993
burned,1993,14,412,128,84600.0,2.75,1993
burned,1993,14,412,128,85200.0,2.33,1993
burned,1993,14,412,128,85800.0,2.13,1993
burned,1993,14,412,128,86400.0,1.99,1993
burned,1993,15,412,128,600.0,2.3,1993
burned,1993,15,412,128,1200.0,3.15,1993
burned,1993,15,412,128,1800.0,3.82,1993
burned,1993,15,412,128,2400.0,3.81,1993
burned,1993,15,412,128,3000.0,4.09,1993
burned,1993,15,412,128,3600.0,5.18,1993
burned,1993,15,412,128,4200.0,6.17,1993
burned,1993,15,412,128,4800.0,6.31,1993
burned,1993,15,412,128,5400.0,5.2,1993
burned,1993,15,412,128,6000.0,4.32,1993
burned,1993,15,412,128,6600.0,4.26,1993
burned,1993,15,412,128,7200.0,3.83,1993
burned,1993,15,412,128,7800.0,3.68,1993
burned,1993,15,412,128,8400.0,3.66,1993
burned,1993,15,412,128,9000.0,3.45,1993
burned,1993,15,412,128,9600.0,3.52,1993
burned,1993,15,412,128,10200.0,3.39,1993
burned,1993,15,412,128,10800.0,3.36,1993
burned,1993,15,412,128,11400.0,3.34,1993
burned,1993,15,412,128,12000.0,3.32,1993
burned,1993,15,412,128,12600.0,3.38,1993
burned,1993,15,412,128,13200.0,3.31,1993
burned,1993,15,412,128,13800.0,3.36,1993
burned,1993,15,412,128,14400.0,3.33,1993
burned,1993,15,412,128,15000.0,3.34,1993
burned,1993,15,412,128,15600.0,3.35,1993
burned,1993,15,412,128,16200.0,3.33,1993
burned,1993,15,412,128,16800.0,3.36,1993
burned,1993,15,412,128,17400.0,3.33,1993
burned,1993,15,412,128,18000.0,3.35,1993
burned,1993,15,412,128,18600.0,3.34,1993
burned,1993,15,412,128,19200.0,3.35,1993
burned,1993,15,412,128,19800.0,3.34,1993
burned,1993,15,412,128,20400.0,3.34,1993
burned,1993,15,412,128,21000.0,3.35,1993
burned,1993,15,412,128,21600.0,3.33,1993
burned,1993,15,412,128,22200.0,3.35,1993
burned,1993,15,412,128,22800.0,3.33,1993
burned,1993,15,412,128,23400.0,3.35,1993
burned,1993,15,412,128,24000.0,3.27,1993
burned,1993,15,412,128,24600.0,3.22,1993
burned,1993,15,412,128,25200.0,3.2,1993
burned,1993,15,412,128,25800.0,3.18,1993
burned,1993,15,412,128,26400.0,3.18,1993
burned,1993,15,412,128,27000.0,3.17,1993
burned,1993,15,412,128,27600.0,3.18,1993
burned,1993,15,412,128,28200.0,3.17,1993
burned,1993,15,412,128,28800.0,3.18,1993
burned,1993,15,412,128,29400.0,3.14,1993
burned,1993,15,412,128,30000.0,3.09,1993
burned,1993,15,412,128,30600.0,3.04,1993
burned,1993,15,412,128,31200.0,3.06,1993
burned,1993,15,412,128,31800.0,3.07,1993
burned,1993,15,412,128,32400.0,3.06,1993
burned,1993,15,412,128,33000.0,3.07,1993
burned,1993,15,412,128,33600.0,3.06,1993
burned,1993,15,412,128,34200.0,3.06,1993
burned,1993,15,412,128,34800.0,3.07,1993
burned,1993,15,412,128,35400.0,3.06,1993
burned,1993,15,412,128,36000.0,3.05,1993
burned,1993,15,412,128,36600.0,3.04,1993
burned,1993,15,412,128,37200.0,3.01,1993
burned,1993,15,412,128,37800.0,3.0,1993
burned,1993,15,412,128,38400.0,2.98,1993
burned,1993,15,412,128,39000.0,2.99,1993
burned,1993,15,412,128,39600.0,2.99,1993
burned,1993,15,412,128,40200.0,2.99,1993
burned,1993,15,412,128,40800.0,2.99,1993
burned,1993,15,412,128,41400.0,2.98,1993
burned,1993,15,412,128,42000.0,2.98,1993
burned,1993,15,412,128,42600.0,2.98,1993
burned,1993,15,412,128,43200.0,2.98,1993
burned,1993,15,412,128,43800.0,2.98,1993
burned,1993,15,412,128,44400.0,2.98,1993
burned,1993,15,412,128,45000.0,2.97,1993
burned,1993,15,412,128,45600.0,2.96,1993
burned,1993,15,412,128,46200.0,2.94,1993
burned,1993,15,412,128,46800.0,2.92,1993
burned,1993,15,412,128,47400.0,2.93,1993
burned,1993,15,412,128,48000.0,2.93,1993
burned,1993,15,412,128,48600.0,2.92,1993
burned,1993,15,412,128,49200.0,2.9,1993
burned,1993,15,412,128,49800.0,2.87,1993
burned,1993,15,412,128,50400.0,2.84,1993
burned,1993,15,412,128,51000.0,2.82,1993
burned,1993,15,412,128,51600.0,2.8,1993
burned,1993,15,412,128,52200.0,2.8,1993
burned,1993,15,412,128,52800.0,2.8,1993
burned,1993,15,412,128,53400.0,2.77,1993
burned,1993,15,412,128,54000.0,2.77,1993
burned,1993,15,412,128,54600.0,2.77,1993
burned,1993,15,412,128,55200.0,2.76,1993
burned,1993,15,412,128,55800.0,2.75,1993
burned,1993,15,412,128,56400.0,2.74,1993
burned,1993,15,412,128,57000.0,2.73,1993
burned,1993,15,412,128,57600.0,2.71,1993
burned,1993,15,412,128,58200.0,2.7,1993
burned,1993,15,412,128,58800.0,2.68,1993
burned,1993,15,412,128,59400.0,2.67,1993
burned,1993,15,412,128,60000.0,2.67,1993
burned,1993,15,412,128,60600.0,2.66,1993
burned,1993,15,412,128,61200.0,2.64,1993
burned,1993,15,412,128,61800.0,2.63,1993
burned,1993,15,412,128,62400.0,2.62,1993
burned,1993,15,412,128,63000.0,2.63,1993
burned,1993,15,412,128,63600.0,2.62,1993
burned,1993,15,412,128,64200.0,2.62,1993
burned,1993,15,412,128,64800.0,2.62,1993
burned,1993,15,412,128,65400.0,2.61,1993
burned,1993,15,412,128,66000.0,2.6,1993
burned,1993,15,412,128,66600.0,2.56,1993
burned,1993,15,412,128,67200.0,2.52,1993
burned,1993,15,412,128,67800.0,2.52,1993
burned,1993,15,412,128,68400.0,2.53,1993
burned,1993,15,412,128,69000.0,2.52,1993
burned,1993,15,412,128,69600.0,2.52,1993
burned,1993,15,412,128,70200.0,2.53,1993
burned,1993,15,412,128,70800.0,2.52,1993
burned,1993,15,412,128,71400.0,2.53,1993
burned,1993,15,412,128,72000.0,2.52,1993
burned,1993,15,412,128,72600.0,2.52,1993
burned,1993,15,412,128,73200.0,2.52,1993
burned,1993,15,412,128,73800.0,2.51,1993
burned,1993,15,412,128,74400.0,2.51,1993
burned,1993,15,412,128,75000.0,2.5,1993
burned,1993,15,412,128,75600.0,2.5,1993
burned,1993,15,412,128,76200.0,2.49,1993
burned,1993,15,412,128,76800.0,2.49,1993
burned,1993,15,412,128,77400.0,2.49,1993
burned,1993,15,412,128,78000.0,2.49,1993
burned,1993,15,412,128,78600.0,2.49,1993
burned,1993,15,412,128,79200.0,2.48,1993
burned,1993,15,412,128,79800.0,2.48,1993
burned,1993,15,412,128,80400.0,2.47,1993
burned,1993,15,412,128,81000.0,2.46,1993
burned,1993,15,412,128,81600.0,2.45,1993
burned,1993,15,412,128,82200.0,2.4,1993
burned,1993,15,412,128,82800.0,2.28,1993
burned,1993,15,412,128,83400.0,2.15,1993
burned,1993,15,412,128,84000.0,2.09,1993
burned,1993,15,412,128,84600.0,2.03,1993
burned,1993,15,412,128,85200.0,1.97,1993
burned,1993,15,412,128,85800.0,1.92,1993
burned,1993,15,412,128,86400.0,1.87,1993
burned,1993,16,412,128,600.0,2.37,1993
burned,1993,16,412,128,1200.0,3.71,1993
burned,1993,16,412,128,1800.0,5.08,1993
burned,1993,16,412,128,2400.0,5.37,1993
burned,1993,16,412,128,3000.0,5.01,1993
burned,1993,16,412,128,3600.0,5.21,1993
burned,1993,16,412,128,4200.0,5.63,1993
burned,1993,16,412,128,4800.0,5.85,1993
burned,1993,16,412,128,5400.0,6.59,1993
burned,1993,16,412,128,6000.0,7.85,1993
burned,1993,16,412,128,6600.0,9.89,1993
burned,1993,16,412,128,7200.0,13.9,1993
burned,1993,16,412,128,7800.0,19.2,1993
burned,1993,16,412,128,8400.0,21.3,1993
burned,1993,16,412,128,9000.0,16.9,1993
burned,1993,16,412,128,9600.0,11.6,1993
burned,1993,16,412,128,10200.0,10.4,1993
burned,1993,16,412,128,10800.0,9.12,1993
burned,1993,16,412,128,11400.0,7.36,1993
burned,1993,16,412,128,12000.0,7.11,1993
burned,1993,16,412,128,12600.0,6.41,1993
burned,1993,16,412,128,13200.0,5.88,1993
burned,1993,16,412,128,13800.0,5.85,1993
burned,1993,16,412,128,14400.0,5.4,1993
burned,1993,16,412,128,15000.0,5.39,1993
burned,1993,16,412,128,15600.0,5.25,1993
burned,1993,16,412,128,16200.0,5.12,1993
burned,1993,16,412,128,16800.0,5.15,1993
burned,1993,16,412,128,17400.0,5.02,1993
burned,1993,16,412,128,18000.0,5.05,1993
burned,1993,16,412,128,18600.0,4.99,1993
burned,1993,16,412,128,19200.0,4.98,1993
burned,1993,16,412,128,19800.0,4.98,1993
burned,1993,16,412,128,20400.0,4.93,1993
burned,1993,16,412,128,21000.0,4.94,1993
burned,1993,16,412,128,21600.0,4.91,1993
burned,1993,16,412,128,22200.0,4.93,1993
burned,1993,16,412,128,22800.0,4.92,1993
burned,1993,16,412,128,23400.0,4.92,1993
burned,1993,16,412,128,24000.0,4.93,1993
burned,1993,16,412,128,24600.0,4.92,1993
burned,1993,16,412,128,25200.0,4.92,1993
burned,1993,16,412,128,25800.0,4.92,1993
burned,1993,16,412,128,26400.0,4.92,1993
burned,1993,16,412,128,27000.0,4.93,1993
burned,1993,16,412,128,27600.0,4.92,1993
burned,1993,16,412,128,28200.0,4.93,1993
burned,1993,16,412,128,28800.0,4.92,1993
burned,1993,16,412,128,29400.0,4.93,1993
burned,1993,16,412,128,30000.0,4.92,1993
burned,1993,16,412,128,30600.0,4.92,1993
burned,1993,16,412,128,31200.0,4.92,1993
burned,1993,16,412,128,31800.0,4.92,1993
burned,1993,16,412,128,32400.0,4.92,1993
burned,1993,16,412,128,33000.0,4.92,1993
burned,1993,16,412,128,33600.0,4.92,1993
burned,1993,16,412,128,34200.0,4.88,1993
burned,1993,16,412,128,34800.0,4.86,1993
burned,1993,16,412,128,35400.0,4.86,1993
burned,1993,16,412,128,36000.0,4.85,1993
burned,1993,16,412,128,36600.0,4.84,1993
burned,1993,16,412,128,37200.0,4.83,1993
burned,1993,16,412,128,37800.0,4.78,1993
burned,1993,16,412,128,38400.0,4.75,1993
burned,1993,16,412,128,39000.0,4.75,1993
burned,1993,16,412,128,39600.0,4.72,1993
burned,1993,16,412,128,40200.0,4.7,1993
burned,1993,16,412,128,40800.0,4.7,1993
burned,1993,16,412,128,41400.0,4.7,1993
burned,1993,16,412,128,42000.0,4.7,1993
burned,1993,16,412,128,42600.0,4.7,1993
burned,1993,16,412,128,43200.0,4.69,1993
burned,1993,16,412,128,43800.0,4.66,1993
burned,1993,16,412,128,44400.0,4.64,1993
burned,1993,16,412,128,45000.0,4.59,1993
burned,1993,16,412,128,45600.0,4.53,1993
burned,1993,16,412,128,46200.0,4.46,1993
burned,1993,16,412,128,46800.0,4.46,1993
burned,1993,16,412,128,47400.0,4.45,1993
burned,1993,16,412,128,48000.0,4.43,1993
burned,1993,16,412,128,48600.0,4.45,1993
burned,1993,16,412,128,49200.0,4.44,1993
burned,1993,16,412,128,49800.0,4.44,1993
burned,1993,16,412,128,50400.0,4.45,1993
burned,1993,16,412,128,51000.0,4.44,1993
burned,1993,16,412,128,51600.0,4.44,1993
burned,1993,16,412,128,52200.0,4.45,1993
burned,1993,16,412,128,52800.0,4.43,1993
burned,1993,16,412,128,53400.0,4.45,1993
burned,1993,16,412,128,54000.0,4.43,1993
burned,1993,16,412,128,54600.0,4.44,1993
burned,1993,16,412,128,55200.0,4.44,1993
burned,1993,16,412,128,55800.0,4.43,1993
burned,1993,16,412,128,56400.0,4.43,1993
burned,1993,16,412,128,57000.0,4.42,1993
burned,1993,16,412,128,57600.0,4.42,1993
burned,1993,16,412,128,58200.0,4.41,1993
burned,1993,16,412,128,58800.0,4.41,1993
burned,1993,16,412,128,59400.0,4.41,1993
burned,1993,16,412,128,60000.0,4.4,1993
burned,1993,16,412,128,60600.0,4.39,1993
burned,1993,16,412,128,61200.0,4.39,1993
burned,1993,16,412,128,61800.0,4.39,1993
burned,1993,16,412,128,62400.0,4.38,1993
burned,1993,16,412,128,63000.0,4.36,1993
burned,1993,16,412,128,63600.0,4.33,1993
burned,1993,16,412,128,64200.0,4.27,1993
burned,1993,16,412,128,64800.0,4.19,1993
burned,1993,16,412,128,65400.0,4.09,1993
burned,1993,16,412,128,66000.0,4.05,1993
burned,1993,16,412,128,66600.0,4.02,1993
burned,1993,16,412,128,67200.0,3.97,1993
burned,1993,16,412,128,67800.0,3.91,1993
burned,1993,16,412,128,68400.0,3.85,1993
burned,1993,16,412,128,69000.0,3.78,1993
burned,1993,16,412,128,69600.0,3.76,1993
burned,1993,16,412,128,70200.0,3.74,1993
burned,1993,16,412,128,70800.0,3.69,1993
burned,1993,16,412,128,71400.0,3.68,1993
burned,1993,16,412,128,72000.0,3.67,1993
burned,1993,16,412,128,72600.0,3.63,1993
burned,1993,16,412,128,73200.0,3.6,1993
burned,1993,16,412,128,73800.0,3.59,1993
burned,1993,16,412,128,74400.0,3.58,1993
burned,1993,16,412,128,75000.0,3.58,1993
burned,1993,16,412,128,75600.0,3.53,1993
burned,1993,16,412,128,76200.0,3.46,1993
burned,1993,16,412,128,76800.0,3.38,1993
burned,1993,16,412,128,77400.0,3.37,1993
burned,1993,16,412,128,78000.0,3.36,1993
burned,1993,16,412,128,78600.0,3.35,1993
burned,1993,16,412,128,79200.0,3.34,1993
burned,1993,16,412,128,79800.0,3.31,1993
burned,1993,16,412,128,80400.0,3.24,1993
burned,1993,16,412,128,81000.0,3.21,1993
burned,1993,16,412,128,81600.0,3.18,1993
burned,1993,16,412,128,82200.0,3.11,1993
burned,1993,16,412,128,82800.0,3.04,1993
burned,1993,16,412,128,83400.0,3.01,1993
burned,1993,16,412,128,84000.0,2.98,1993
burned,1993,16,412,128,84600.0,2.91,1993
burned,1993,16,412,128,85200.0,2.78,1993
burned,1993,16,412,128,85800.0,2.53,1993
burned,1993,16,412,128,86400.0,2.21,1993
burned,1993,17,412,128,600.0,2.62,1993
burned,1993,17,412,128,1200.0,4.16,1993
burned,1993,17,412,128,1800.0,5.38,1993
burned,1993,17,412,128,2400.0,5.91,1993
burned,1993,17,412,128,3000.0,8.03,1993
burned,1993,17,412,128,3600.0,13.7,1993
burned,1993,17,412,128,4200.0,26.8,1993
burned,1993,17,412,128,4800.0,59.5,1993
burned,1993,17,412,128,5400.0,103.0,1993
burned,1993,17,412,128,6000.0,106.0,1993
burned,1993,17,412,128,6600.0,61.4,1993
burned,1993,17,412,128,7200.0,30.1,1993
burned,1993,17,412,128,7800.0,25.2,1993
burned,1993,17,412,128,8400.0,14.8,1993
burned,1993,17,412,128,9000.0,9.51,1993
burned,1993,17,412,128,9600.0,9.46,1993
burned,1993,17,412,128,10200.0,5.48,1993
burned,1993,17,412,128,10800.0,6.14,1993
burned,1993,17,412,128,11400.0,5.12,1993
burned,1993,17,412,128,12000.0,4.43,1993
burned,1993,17,412,128,12600.0,5.08,1993
burned,1993,17,412,128,13200.0,4.01,1993
burned,1993,17,412,128,13800.0,4.73,1993
burned,1993,17,412,128,14400.0,4.13,1993
burned,1993,17,412,128,15000.0,4.29,1993
burned,1993,17,412,128,15600.0,4.39,1993
burned,1993,17,412,128,16200.0,4.12,1993
burned,1993,17,412,128,16800.0,4.47,1993
burned,1993,17,412,128,17400.0,4.12,1993
burned,1993,17,412,128,18000.0,4.42,1993
burned,1993,17,412,128,18600.0,4.21,1993
burned,1993,17,412,128,19200.0,4.32,1993
burned,1993,17,412,128,19800.0,4.31,1993
burned,1993,17,412,128,20400.0,4.23,1993
burned,1993,17,412,128,21000.0,4.36,1993
burned,1993,17,412,128,21600.0,4.21,1993
burned,1993,17,412,128,22200.0,4.36,1993
burned,1993,17,412,128,22800.0,4.23,1993
burned,1993,17,412,128,23400.0,4.33,1993
burned,1993,17,412,128,24000.0,4.27,1993
burned,1993,17,412,128,24600.0,4.29,1993
burned,1993,17,412,128,25200.0,4.31,1993
burned,1993,17,412,128,25800.0,4.26,1993
burned,1993,17,412,128,26400.0,4.33,1993
burned,1993,17,412,128,27000.0,4.25,1993
burned,1993,17,412,128,27600.0,4.33,1993
burned,1993,17,412,128,28200.0,4.25,1993
burned,1993,17,412,128,28800.0,4.32,1993
burned,1993,17,412,128,29400.0,4.27,1993
burned,1993,17,412,128,30000.0,4.3,1993
burned,1993,17,412,128,30600.0,4.29,1993
burned,1993,17,412,128,31200.0,4.24,1993
burned,1993,17,412,128,31800.0,4.24,1993
burned,1993,17,412,128,32400.0,4.22,1993
burned,1993,17,412,128,33000.0,4.24,1993
burned,1993,17,412,128,33600.0,4.19,1993
burned,1993,17,412,128,34200.0,4.16,1993
burned,1993,17,412,128,34800.0,4.13,1993
burned,1993,17,412,128,35400.0,4.16,1993
burned,1993,17,412,128,36000.0,4.14,1993
burned,1993,17,412,128,36600.0,4.15,1993
burned,1993,17,412,128,37200.0,4.14,1993
burned,1993,17,412,128,37800.0,4.14,1993
burned,1993,17,412,128,38400.0,4.14,1993
burned,1993,17,412,128,39000.0,4.13,1993
burned,1993,17,412,128,39600.0,4.11,1993
burned,1993,17,412,128,40200.0,4.08,1993
burned,1993,17,412,128,40800.0,4.07,1993
burned,1993,17,412,128,41400.0,4.06,1993
burned,1993,17,412,128,42000.0,4.04,1993
burned,1993,17,412,128,42600.0,4.01,1993
burned,1993,17,412,128,43200.0,4.02,1993
burned,1993,17,412,128,43800.0,4.02,1993
burned,1993,17,412,128,44400.0,3.98,1993
burned,1993,17,412,128,45000.0,3.94,1993
burned,1993,17,412,128,45600.0,3.9,1993
burned,1993,17,412,128,46200.0,3.92,1993
burned,1993,17,412,128,46800.0,3.91,1993
burned,1993,17,412,128,47400.0,3.9,1993
burned,1993,17,412,128,48000.0,3.89,1993
burned,1993,17,412,128,48600.0,3.86,1993
burned,1993,17,412,128,49200.0,3.87,1993
burned,1993,17,412,128,49800.0,3.88,1993
burned,1993,17,412,128,50400.0,3.86,1993
burned,1993,17,412,128,51000.0,3.86,1993
burned,1993,17,412,128,51600.0,3.86,1993
burned,1993,17,412,128,52200.0,3.86,1993
burned,1993,17,412,128,52800.0,3.87,1993
burned,1993,17,412,128,53400.0,3.85,1993
burned,1993,17,412,128,54000.0,3.86,1993
burned,1993,17,412,128,54600.0,3.84,1993
burned,1993,17,412,128,55200.0,3.85,1993
burned,1993,17,412,128,55800.0,3.84,1993
burned,1993,17,412,128,56400.0,3.84,1993
burned,1993,17,412,128,57000.0,3.84,1993
burned,1993,17,412,128,57600.0,3.84,1993
burned,1993,17,412,128,58200.0,3.83,1993
burned,1993,17,412,128,58800.0,3.84,1993
burned,1993,17,412,128,59400.0,3.83,1993
burned,1993,17,412,128,60000.0,3.84,1993
burned,1993,17,412,128,60600.0,3.83,1993
burned,1993,17,412,128,61200.0,3.79,1993
burned,1993,17,412,128,61800.0,3.72,1993
burned,1993,17,412,128,62400.0,3.66,1993
burned,1993,17,412,128,63000.0,3.66,1993
burned,1993,17,412,128,63600.0,3.63,1993
burned,1993,17,412,128,64200.0,3.62,1993
burned,1993,17,412,128,64800.0,3.62,1993
burned,1993,17,412,128,65400.0,3.62,1993
burned,1993,17,412,128,66000.0,3.6,1993
burned,1993,17,412,128,66600.0,3.62,1993
burned,1993,17,412,128,67200.0,3.6,1993
burned,1993,17,412,128,67800.0,3.58,1993
burned,1993,17,412,128,68400.0,3.52,1993
burned,1993,17,412,128,69000.0,3.49,1993
burned,1993,17,412,128,69600.0,3.47,1993
burned,1993,17,412,128,70200.0,3.45,1993
burned,1993,17,412,128,70800.0,3.42,1993
burned,1993,17,412,128,71400.0,3.39,1993
burned,1993,17,412,128,72000.0,3.36,1993
burned,1993,17,412,128,72600.0,3.35,1993
burned,1993,17,412,128,73200.0,3.33,1993
burned,1993,17,412,128,73800.0,3.31,1993
burned,1993,17,412,128,74400.0,3.25,1993
burned,1993,17,412,128,75000.0,3.16,1993
burned,1993,17,412,128,75600.0,3.17,1993
burned,1993,17,412,128,76200.0,3.16,1993
burned,1993,17,412,128,76800.0,3.13,1993
burned,1993,17,412,128,77400.0,3.15,1993
burned,1993,17,412,128,78000.0,3.15,1993
burned,1993,17,412,128,78600.0,3.12,1993
burned,1993,17,412,128,79200.0,3.12,1993
burned,1993,17,412,128,79800.0,3.08,1993
burned,1993,17,412,128,80400.0,3.08,1993
burned,1993,17,412,128,81000.0,3.07,1993
burned,1993,17,412,128,81600.0,3.07,1993
burned,1993,17,412,128,82200.0,3.07,1993
burned,1993,17,412,128,82800.0,3.04,1993
burned,1993,17,412,128,83400.0,2.98,1993
burned,1993,17,412,128,84000.0,2.85,1993
burned,1993,17,412,128,84600.0,2.61,1993
burned,1993,17,412,128,85200.0,2.29,1993
burned,1993,17,412,128,85800.0,2.07,1993
burned,1993,17,412,128,86400.0,1.96,1993
burned,1993,18,412,128,600.0,24.4,1993
burned,1993,18,412,128,1200.0,76.0,1993
burned,1993,18,412,128,1800.0,76.0,1993
burned,1993,18,412,128,2400.0,11.9,1993
burned,1993,18,412,128,3000.0,0.0,1993
burned,1993,18,412,128,3600.0,14.9,1993
burned,1993,18,412,128,4200.0,0.427,1993
burned,1993,18,412,128,4800.0,5.49,1993
burned,1993,18,412,128,5400.0,3.91,1993
burned,1993,18,412,128,6000.0,0.0,1993
burned,1993,18,412,128,6600.0,5.0,1993
burned,1993,18,412,128,7200.0,0.121,1993
burned,1993,18,412,128,7800.0,3.19,1993
burned,1993,18,412,128,8400.0,2.17,1993
burned,1993,18,412,128,9000.0,1.6,1993
burned,1993,18,412,128,9600.0,3.07,1993
burned,1993,18,412,128,10200.0,1.34,1993
burned,1993,18,412,128,10800.0,2.84,1993
burned,1993,18,412,128,11400.0,1.81,1993
burned,1993,18,412,128,12000.0,2.3,1993
burned,1993,18,412,128,12600.0,2.29,1993
burned,1993,18,412,128,13200.0,1.95,1993
burned,1993,18,412,128,13800.0,2.48,1993
burned,1993,18,412,128,14400.0,1.9,1993
burned,1993,18,412,128,15000.0,2.42,1993
burned,1993,18,412,128,15600.0,2.03,1993
burned,1993,18,412,128,16200.0,2.22,1993
burned,1993,18,412,128,16800.0,2.17,1993
burned,1993,18,412,128,17400.0,2.07,1993
burned,1993,18,412,128,18000.0,2.27,1993
burned,1993,18,412,128,18600.0,1.98,1993
burned,1993,18,412,128,19200.0,2.27,1993
burned,1993,18,412,128,19800.0,1.92,1993
burned,1993,18,412,128,20400.0,2.16,1993
burned,1993,18,412,128,21000.0,1.94,1993
burned,1993,18,412,128,21600.0,2.08,1993
burned,1993,18,412,128,22200.0,2.0,1993
burned,1993,18,412,128,22800.0,2.02,1993
burned,1993,18,412,128,23400.0,2.05,1993
burned,1993,18,412,128,24000.0,1.98,1993
burned,1993,18,412,128,24600.0,2.07,1993
burned,1993,18,412,128,25200.0,1.93,1993
burned,1993,18,412,128,25800.0,1.99,1993
burned,1993,18,412,128,26400.0,1.88,1993
burned,1993,18,412,128,27000.0,1.99,1993
burned,1993,18,412,128,27600.0,1.9,1993
burned,1993,18,412,128,28200.0,1.97,1993
burned,1993,18,412,128,28800.0,1.91,1993
burned,1993,18,412,128,29400.0,1.95,1993
burned,1993,18,412,128,30000.0,1.92,1993
burned,1993,18,412,128,30600.0,1.94,1993
burned,1993,18,412,128,31200.0,1.92,1993
burned,1993,18,412,128,31800.0,1.94,1993
burned,1993,18,412,128,32400.0,1.92,1993
burned,1993,18,412,128,33000.0,1.94,1993
burned,1993,18,412,128,33600.0,1.92,1993
burned,1993,18,412,128,34200.0,1.94,1993
burned,1993,18,412,128,34800.0,1.92,1993
burned,1993,18,412,128,35400.0,1.94,1993
burned,1993,18,412,128,36000.0,1.92,1993
burned,1993,18,412,128,36600.0,1.94,1993
burned,1993,18,412,128,37200.0,1.92,1993
burned,1993,18,412,128,37800.0,1.94,1993
burned,1993,18,412,128,38400.0,1.93,1993
burned,1993,18,412,128,39000.0,1.94,1993
burned,1993,18,412,128,39600.0,1.93,1993
burned,1993,18,412,128,40200.0,1.93,1993
burned,1993,18,412,128,40800.0,1.93,1993
burned,1993,18,412,128,41400.0,1.93,1993
burned,1993,18,412,128,42000.0,1.93,1993
burned,1993,18,412,128,42600.0,1.93,1993
burned,1993,18,412,128,43200.0,1.93,1993
burned,1993,18,412,128,43800.0,1.93,1993
burned,1993,18,412,128,44400.0,1.93,1993
burned,1993,18,412,128,45000.0,1.93,1993
burned,1993,18,412,128,45600.0,1.93,1993
burned,1993,18,412,128,46200.0,1.93,1993
burned,1993,18,412,128,46800.0,1.91,1993
burned,1993,18,412,128,47400.0,1.91,1993
burned,1993,18,412,128,48000.0,1.9,1993
burned,1993,18,412,128,48600.0,1.92,1993
burned,1993,18,412,128,49200.0,1.9,1993
burned,1993,18,412,128,49800.0,1.92,1993
burned,1993,18,412,128,50400.0,1.9,1993
burned,1993,18,412,128,51000.0,1.92,1993
burned,1993,18,412,128,51600.0,1.9,1993
burned,1993,18,412,128,52200.0,1.91,1993
burned,1993,18,412,128,52800.0,1.89,1993
burned,1993,18,412,128,53400.0,1.9,1993
burned,1993,18,412,128,54000.0,1.87,1993
burned,1993,18,412,128,54600.0,1.87,1993
burned,1993,18,412,128,55200.0,1.86,1993
burned,1993,18,412,128,55800.0,1.87,1993
burned,1993,18,412,128,56400.0,1.87,1993
burned,1993,18,412,128,57000.0,1.86,1993
burned,1993,18,412,128,57600.0,1.87,1993
burned,1993,18,412,128,58200.0,1.86,1993
burned,1993,18,412,128,58800.0,1.88,1993
burned,1993,18,412,128,59400.0,1.86,1993
burned,1993,18,412,128,60000.0,1.88,1993
burned,1993,18,412,128,60600.0,1.85,1993
burned,1993,18,412,128,61200.0,1.88,1993
burned,1993,18,412,128,61800.0,1.85,1993
burned,1993,18,412,128,62400.0,1.88,1993
burned,1993,18,412,128,63000.0,1.85,1993
burned,1993,18,412,128,63600.0,1.89,1993
burned,1993,18,412,128,64200.0,1.85,1993
burned,1993,18,412,128,64800.0,1.88,1993
burned,1993,18,412,128,65400.0,1.85,1993
burned,1993,18,412,128,66000.0,1.88,1993
burned,1993,18,412,128,66600.0,1.85,1993
burned,1993,18,412,128,67200.0,1.88,1993
burned,1993,18,412,128,67800.0,1.85,1993
burned,1993,18,412,128,68400.0,1.87,1993
burned,1993,18,412,128,69000.0,1.85,1993
burned,1993,18,412,128,69600.0,1.87,1993
burned,1993,18,412,128,70200.0,1.86,1993
burned,1993,18,412,128,70800.0,1.86,1993
burned,1993,18,412,128,71400.0,1.86,1993
burned,1993,18,412,128,72000.0,1.85,1993
burned,1993,18,412,128,72600.0,1.85,1993
burned,1993,18,412,128,73200.0,1.85,1993
burned,1993,18,412,128,73800.0,1.86,1993
burned,1993,18,412,128,74400.0,1.84,1993
burned,1993,18,412,128,75000.0,1.85,1993
burned,1993,18,412,128,75600.0,1.81,1993
burned,1993,18,412,128,76200.0,1.83,1993
burned,1993,18,412,128,76800.0,1.81,1993
burned,1993,18,412,128,77400.0,1.84,1993
burned,1993,18,412,128,78000.0,1.8,1993
burned,1993,18,412,128,78600.0,1.83,1993
burned,1993,18,412,128,79200.0,1.8,1993
burned,1993,18,412,128,79800.0,1.83,1993
burned,1993,18,412,128,80400.0,1.79,1993
burned,1993,18,412,128,81000.0,1.81,1993
burned,1993,18,412,128,81600.0,1.77,1993
burned,1993,18,412,128,82200.0,1.77,1993
burned,1993,18,412,128,82800.0,1.7,1993
burned,1993,18,412,128,83400.0,1.71,1993
burned,1993,18,412,128,84000.0,1.68,1993
burned,1993,18,412,128,84600.0,1.7,1993
burned,1993,18,412,128,85200.0,1.67,1993
burned,1993,18,412,128,85800.0,1.69,1993
burned,1993,18,412,128,86400.0,1.67,1993
burned,1993,19,412,128,600.0,1.62,1993
burned,1993,19,412,128,1200.0,1.42,1993
burned,1993,19,412,128,1800.0,1.23,1993
burned,1993,19,412,128,2400.0,1.24,1993
burned,1993,19,412,128,3000.0,1.3,1993
burned,1993,19,412,128,3600.0,1.26,1993
burned,1993,19,412,128,4200.0,1.26,1993
burned,1993,19,412,128,4800.0,1.28,1993
burned,1993,19,412,128,5400.0,1.26,1993
burned,1993,19,412,128,6000.0,1.28,1993
burned,1993,19,412,128,6600.0,1.27,1993
burned,1993,19,412,128,7200.0,1.27,1993
burned,1993,19,412,128,7800.0,1.27,1993
burned,1993,19,412,128,8400.0,1.27,1993
burned,1993,19,412,128,9000.0,1.26,1993
burned,1993,19,412,128,9600.0,1.28,1993
burned,1993,19,412,128,10200.0,1.26,1993
burned,1993,19,412,128,10800.0,1.28,1993
burned,1993,19,412,128,11400.0,1.26,1993
burned,1993,19,412,128,12000.0,1.28,1993
burned,1993,19,412,128,12600.0,1.26,1993
burned,1993,19,412,128,13200.0,1.28,1993
burned,1993,19,412,128,13800.0,1.26,1993
burned,1993,19,412,128,14400.0,1.28,1993
burned,1993,19,412,128,15000.0,1.26,1993
burned,1993,19,412,128,15600.0,1.28,1993
burned,1993,19,412,128,16200.0,1.26,1993
burned,1993,19,412,128,16800.0,1.28,1993
burned,1993,19,412,128,17400.0,1.26,1993
burned,1993,19,412,128,18000.0,1.27,1993
burned,1993,19,412,128,18600.0,1.26,1993
burned,1993,19,412,128,19200.0,1.27,1993
burned,1993,19,412,128,19800.0,1.27,1993
burned,1993,19,412,128,20400.0,1.27,1993
burned,1993,19,412,128,21000.0,1.27,1993
burned,1993,19,412,128,21600.0,1.27,1993
burned,1993,19,412,128,22200.0,1.27,1993
burned,1993,19,412,128,22800.0,1.27,1993
burned,1993,19,412,128,23400.0,1.27,1993
burned,1993,19,412,128,24000.0,1.27,1993
burned,1993,19,412,128,24600.0,1.27,1993
burned,1993,19,412,128,25200.0,1.27,1993
burned,1993,19,412,128,25800.0,1.27,1993
burned,1993,19,412,128,26400.0,1.27,1993
burned,1993,19,412,128,27000.0,1.27,1993
burned,1993,19,412,128,27600.0,1.27,1993
burned,1993,19,412,128,28200.0,1.27,1993
burned,1993,19,412,128,28800.0,1.26,1993
burned,1993,19,412,128,29400.0,1.27,1993
burned,1993,19,412,128,30000.0,1.26,1993
burned,1993,19,412,128,30600.0,1.27,1993
burned,1993,19,412,128,31200.0,1.26,1993
burned,1993,19,412,128,31800.0,1.27,1993
burned,1993,19,412,128,32400.0,1.26,1993
burned,1993,19,412,128,33000.0,1.27,1993
burned,1993,19,412,128,33600.0,1.26,1993
burned,1993,19,412,128,34200.0,1.27,1993
burned,1993,19,412,128,34800.0,1.26,1993
burned,1993,19,412,128,35400.0,1.27,1993
burned,1993,19,412,128,36000.0,1.26,1993
burned,1993,19,412,128,36600.0,1.27,1993
burned,1993,19,412,128,37200.0,1.26,1993
burned,1993,19,412,128,37800.0,1.27,1993
burned,1993,19,412,128,38400.0,1.26,1993
burned,1993,19,412,128,39000.0,1.27,1993
burned,1993,19,412,128,39600.0,1.26,1993
burned,1993,19,412,128,40200.0,1.27,1993
burned,1993,19,412,128,40800.0,1.27,1993
burned,1993,19,412,128,41400.0,1.27,1993
burned,1993,19,412,128,42000.0,1.27,1993
burned,1993,19,412,128,42600.0,1.27,1993
burned,1993,19,412,128,43200.0,1.27,1993
burned,1993,19,412,128,43800.0,1.27,1993
burned,1993,19,412,128,44400.0,1.27,1993
burned,1993,19,412,128,45000.0,1.27,1993
burned,1993,19,412,128,45600.0,1.27,1993
burned,1993,19,412,128,46200.0,1.27,1993
burned,1993,19,412,128,46800.0,1.27,1993
burned,1993,19,412,128,47400.0,1.27,1993
burned,1993,19,412,128,48000.0,1.27,1993
burned,1993,19,412,128,48600.0,1.27,1993
burned,1993,19,412,128,49200.0,1.27,1993
burned,1993,19,412,128,49800.0,1.27,1993
burned,1993,19,412,128,50400.0,1.27,1993
burned,1993,19,412,128,51000.0,1.27,1993
burned,1993,19,412,128,51600.0,1.27,1993
burned,1993,19,412,128,52200.0,1.27,1993
burned,1993,19,412,128,52800.0,1.27,1993
burned,1993,19,412,128,53400.0,1.27,1993
burned,1993,19,412,128,54000.0,1.27,1993
burned,1993,19,412,128,54600.0,1.27,1993
burned,1993,19,412,128,55200.0,1.27,1993
burned,1993,19,412,128,55800.0,1.27,1993
burned,1993,19,412,128,56400.0,1.27,1993
burned,1993,19,412,128,57000.0,1.27,1993
burned,1993,19,412,128,57600.0,1.27,1993
burned,1993,19,412,128,58200.0,1.27,1993
burned,1993,19,412,128,58800.0,1.27,1993
burned,1993,19,412,128,59400.0,1.27,1993
burned,1993,19,412,128,60000.0,1.27,1993
burned,1993,19,412,128,60600.0,1.27,1993
burned,1993,19,412,128,61200.0,1.27,1993
burned,1993,19,412,128,61800.0,1.27,1993
burned,1993,19,412,128,62400.0,1.27,1993
burned,1993,19,412,128,63000.0,1.27,1993
burned,1993,19,412,128,63600.0,1.27,1993
burned,1993,19,412,128,64200.0,1.27,1993
burned,1993,19,412,128,64800.0,1.27,1993
burned,1993,19,412,128,65400.0,1.27,1993
burned,1993,19,412,128,66000.0,1.27,1993
burned,1993,19,412,128,66600.0,1.27,1993
burned,1993,19,412,128,67200.0,1.27,1993
burned,1993,19,412,128,67800.0,1.27,1993
burned,1993,19,412,128,68400.0,1.27,1993
burned,1993,19,412,128,69000.0,1.27,1993
burned,1993,19,412,128,69600.0,1.27,1993
burned,1993,19,412,128,70200.0,1.27,1993
burned,1993,19,412,128,70800.0,1.27,1993
burned,1993,19,412,128,71400.0,1.27,1993
burned,1993,19,412,128,72000.0,1.27,1993
burned,1993,19,412,128,72600.0,1.27,1993
burned,1993,19,412,128,73200.0,1.27,1993
burned,1993,19,412,128,73800.0,1.27,1993
burned,1993,19,412,128,74400.0,1.27,1993
burned,1993,19,412,128,75000.0,1.27,1993
burned,1993,19,412,128,75600.0,1.27,1993
burned,1993,19,412,128,76200.0,1.27,1993
burned,1993,19,412,128,76800.0,1.27,1993
burned,1993,19,412,128,77400.0,1.27,1993
burned,1993,19,412,128,78000.0,1.27,1993
burned,1993,19,412,128,78600.0,1.27,1993
burned,1993,19,412,128,79200.0,1.27,1993
burned,1993,19,412,128,79800.0,1.27,1993
burned,1993,19,412,128,80400.0,1.27,1993
burned,1993,19,412,128,81000.0,1.27,1993
burned,1993,19,412,128,81600.0,1.27,1993
burned,1993,19,412,128,82200.0,1.27,1993
burned,1993,19,412,128,82800.0,1.27,1993
burned,1993,19,412,128,83400.0,1.27,1993
burned,1993,19,412,128,84000.0,1.27,1993
burned,1993,19,412,128,84600.0,1.27,1993
burned,1993,19,412,128,85200.0,1.27,1993
burned,1993,19,412,128,85800.0,1.27,1993
burned,1993,19,412,128,86400.0,1.27,1993
burned,1993,20,412,128,600.0,1.26,1993
burned,1993,20,412,128,1200.0,1.24,1993
burned,1993,20,412,128,1800.0,1.17,1993
burned,1993,20,412,128,2400.0,1.06,1993
burned,1993,20,412,128,3000.0,0.945,1993
burned,1993,20,412,128,3600.0,0.9,1993
burned,1993,20,412,128,4200.0,0.936,1993
burned,1993,20,412,128,4800.0,0.962,1993
burned,1993,20,412,128,5400.0,0.939,1993
burned,1993,20,412,128,6000.0,0.929,1993
burned,1993,20,412,128,6600.0,0.95,1993
burned,1993,20,412,128,7200.0,0.943,1993
burned,1993,20,412,128,7800.0,0.933,1993
burned,1993,20,412,128,8400.0,0.947,1993
burned,1993,20,412,128,9000.0,0.941,1993
burned,1993,20,412,128,9600.0,0.938,1993
burned,1993,20,412,128,10200.0,0.945,1993
burned,1993,20,412,128,10800.0,0.94,1993
burned,1993,20,412,128,11400.0,0.939,1993
burned,1993,20,412,128,12000.0,0.944,1993
burned,1993,20,412,128,12600.0,0.938,1993
burned,1993,20,412,128,13200.0,0.942,1993
burned,1993,20,412,128,13800.0,0.942,1993
burned,1993,20,412,128,14400.0,0.939,1993
burned,1993,20,412,128,15000.0,0.943,1993
burned,1993,20,412,128,15600.0,0.94,1993
burned,1993,20,412,128,16200.0,0.941,1993
burned,1993,20,412,128,16800.0,0.942,1993
burned,1993,20,412,128,17400.0,0.94,1993
burned,1993,20,412,128,18000.0,0.942,1993
burned,1993,20,412,128,18600.0,0.941,1993
burned,1993,20,412,128,19200.0,0.94,1993
burned,1993,20,412,128,19800.0,0.943,1993
burned,1993,20,412,128,20400.0,0.938,1993
burned,1993,20,412,128,21000.0,0.944,1993
burned,1993,20,412,128,21600.0,0.938,1993
burned,1993,20,412,128,22200.0,0.944,1993
burned,1993,20,412,128,22800.0,0.939,1993
burned,1993,20,412,128,23400.0,0.942,1993
burned,1993,20,412,128,24000.0,0.941,1993
burned,1993,20,412,128,24600.0,0.941,1993
burned,1993,20,412,128,25200.0,0.941,1993
burned,1993,20,412,128,25800.0,0.941,1993
burned,1993,20,412,128,26400.0,0.941,1993
burned,1993,20,412,128,27000.0,0.941,1993
burned,1993,20,412,128,27600.0,0.94,1993
burned,1993,20,412,128,28200.0,0.942,1993
burned,1993,20,412,128,28800.0,0.94,1993
burned,1993,20,412,128,29400.0,0.942,1993
burned,1993,20,412,128,30000.0,0.94,1993
burned,1993,20,412,128,30600.0,0.942,1993
burned,1993,20,412,128,31200.0,0.941,1993
burned,1993,20,412,128,31800.0,0.941,1993
burned,1993,20,412,128,32400.0,0.941,1993
burned,1993,20,412,128,33000.0,0.941,1993
burned,1993,20,412,128,33600.0,0.942,1993
burned,1993,20,412,128,34200.0,0.94,1993
burned,1993,20,412,128,34800.0,0.942,1993
burned,1993,20,412,128,35400.0,0.94,1993
burned,1993,20,412,128,36000.0,0.942,1993
burned,1993,20,412,128,36600.0,0.94,1993
burned,1993,20,412,128,37200.0,0.942,1993
burned,1993,20,412,128,37800.0,0.94,1993
burned,1993,20,412,128,38400.0,0.942,1993
burned,1993,20,412,128,39000.0,0.94,1993
burned,1993,20,412,128,39600.0,0.942,1993
burned,1993,20,412,128,40200.0,0.94,1993
burned,1993,20,412,128,40800.0,0.942,1993
burned,1993,20,412,128,41400.0,0.94,1993
burned,1993,20,412,128,42000.0,0.942,1993
burned,1993,20,412,128,42600.0,0.94,1993
burned,1993,20,412,128,43200.0,0.942,1993
burned,1993,20,412,128,43800.0,0.94,1993
burned,1993,20,412,128,44400.0,0.942,1993
burned,1993,20,412,128,45000.0,0.94,1993
burned,1993,20,412,128,45600.0,0.942,1993
burned,1993,20,412,128,46200.0,0.94,1993
burned,1993,20,412,128,46800.0,0.942,1993
burned,1993,20,412,128,47400.0,0.94,1993
burned,1993,20,412,128,48000.0,0.942,1993
burned,1993,20,412,128,48600.0,0.94,1993
burned,1993,20,412,128,49200.0,0.942,1993
burned,1993,20,412,128,49800.0,0.94,1993
burned,1993,20,412,128,50400.0,0.942,1993
burned,1993,20,412,128,51000.0,0.94,1993
burned,1993,20,412,128,51600.0,0.942,1993
burned,1993,20,412,128,52200.0,0.94,1993
burned,1993,20,412,128,52800.0,0.942,1993
burned,1993,20,412,128,53400.0,0.94,1993
burned,1993,20,412,128,54000.0,0.942,1993
burned,1993,20,412,128,54600.0,0.94,1993
burned,1993,20,412,128,55200.0,0.942,1993
burned,1993,20,412,128,55800.0,0.94,1993
burned,1993,20,412,128,56400.0,0.942,1993
burned,1993,20,412,128,57000.0,0.94,1993
burned,1993,20,412,128,57600.0,0.942,1993
burned,1993,20,412,128,58200.0,0.94,1993
burned,1993,20,412,128,58800.0,0.942,1993
burned,1993,20,412,128,59400.0,0.94,1993
burned,1993,20,412,128,60000.0,0.942,1993
burned,1993,20,412,128,60600.0,0.94,1993
burned,1993,20,412,128,61200.0,0.942,1993
burned,1993,20,412,128,61800.0,0.941,1993
burned,1993,20,412,128,62400.0,0.942,1993
burned,1993,20,412,128,63000.0,0.941,1993
burned,1993,20,412,128,63600.0,0.942,1993
burned,1993,20,412,128,64200.0,0.941,1993
burned,1993,20,412,128,64800.0,0.941,1993
burned,1993,20,412,128,65400.0,0.941,1993
burned,1993,20,412,128,66000.0,0.941,1993
burned,1993,20,412,128,66600.0,0.941,1993
burned,1993,20,412,128,67200.0,0.941,1993
burned,1993,20,412,128,67800.0,0.941,1993
burned,1993,20,412,128,68400.0,0.941,1993
burned,1993,20,412,128,69000.0,0.941,1993
burned,1993,20,412,128,69600.0,0.941,1993
burned,1993,20,412,128,70200.0,0.941,1993
burned,1993,20,412,128,70800.0,0.941,1993
burned,1993,20,412,128,71400.0,0.941,1993
burned,1993,20,412,128,72000.0,0.941,1993
burned,1993,20,412,128,72600.0,0.941,1993
burned,1993,20,412,128,73200.0,0.941,1993
burned,1993,20,412,128,73800.0,0.941,1993
burned,1993,20,412,128,74400.0,0.941,1993
burned,1993,20,412,128,75000.0,0.942,1993
burned,1993,20,412,128,75600.0,0.941,1993
burned,1993,20,412,128,76200.0,0.942,1993
burned,1993,20,412,128,76800.0,0.94,1993
burned,1993,20,412,128,77400.0,0.942,1993
burned,1993,20,412,128,78000.0,0.94,1993
burned,1993,20,412,128,78600.0,0.942,1993
burned,1993,20,412,128,79200.0,0.94,1993
burned,1993,20,412,128,79800.0,0.942,1993
burned,1993,20,412,128,80400.0,0.94,1993
burned,1993,20,412,128,81000.0,0.942,1993
burned,1993,20,412,128,81600.0,0.94,1993
burned,1993,20,412,128,82200.0,0.942,1993
burned,1993,20,412,128,82800.0,0.94,1993
burned,1993,20,412,128,83400.0,0.942,1993
burned,1993,20,412,128,84000.0,0.941,1993
burned,1993,20,412,128,84600.0,0.941,1993
burned,1993,20,412,128,85200.0,0.941,1993
burned,1993,20,412,128,85800.0,0.941,1993
burned,1993,20,412,128,86400.0,0.941,1993
burned,1993,21,412,128,600.0,0.938,1993
burned,1993,21,412,128,1200.0,0.921,1993
burned,1993,21,412,128,1800.0,0.882,1993
burned,1993,21,412,128,2400.0,0.821,1993
burned,1993,21,412,128,3000.0,0.754,1993
burned,1993,21,412,128,3600.0,0.717,1993
burned,1993,21,412,128,4200.0,0.725,1993
burned,1993,21,412,128,4800.0,0.747,1993
burned,1993,21,412,128,5400.0,0.741,1993
burned,1993,21,412,128,6000.0,0.73,1993
burned,1993,21,412,128,6600.0,0.737,1993
burned,1993,21,412,128,7200.0,0.742,1993
burned,1993,21,412,128,7800.0,0.732,1993
burned,1993,21,412,128,8400.0,0.738,1993
burned,1993,21,412,128,9000.0,0.739,1993
burned,1993,21,412,128,9600.0,0.735,1993
burned,1993,21,412,128,10200.0,0.736,1993
burned,1993,21,412,128,10800.0,0.739,1993
burned,1993,21,412,128,11400.0,0.734,1993
burned,1993,21,412,128,12000.0,0.739,1993
burned,1993,21,412,128,12600.0,0.736,1993
burned,1993,21,412,128,13200.0,0.737,1993
burned,1993,21,412,128,13800.0,0.737,1993
burned,1993,21,412,128,14400.0,0.737,1993
burned,1993,21,412,128,15000.0,0.736,1993
burned,1993,21,412,128,15600.0,0.739,1993
burned,1993,21,412,128,16200.0,0.734,1993
burned,1993,21,412,128,16800.0,0.739,1993
burned,1993,21,412,128,17400.0,0.735,1993
burned,1993,21,412,128,18000.0,0.738,1993
burned,1993,21,412,128,18600.0,0.736,1993
burned,1993,21,412,128,19200.0,0.737,1993
burned,1993,21,412,128,19800.0,0.737,1993
burned,1993,21,412,128,20400.0,0.737,1993
burned,1993,21,412,128,21000.0,0.736,1993
burned,1993,21,412,128,21600.0,0.738,1993
burned,1993,21,412,128,22200.0,0.735,1993
burned,1993,21,412,128,22800.0,0.738,1993
burned,1993,21,412,128,23400.0,0.735,1993
burned,1993,21,412,128,24000.0,0.738,1993
burned,1993,21,412,128,24600.0,0.735,1993
burned,1993,21,412,128,25200.0,0.738,1993
burned,1993,21,412,128,25800.0,0.736,1993
burned,1993,21,412,128,26400.0,0.737,1993
burned,1993,21,412,128,27000.0,0.737,1993
burned,1993,21,412,128,27600.0,0.737,1993
burned,1993,21,412,128,28200.0,0.737,1993
burned,1993,21,412,128,28800.0,0.737,1993
burned,1993,21,412,128,29400.0,0.737,1993
burned,1993,21,412,128,30000.0,0.737,1993
burned,1993,21,412,128,30600.0,0.736,1993
burned,1993,21,412,128,31200.0,0.737,1993
burned,1993,21,412,128,31800.0,0.736,1993
burned,1993,21,412,128,32400.0,0.737,1993
burned,1993,21,412,128,33000.0,0.736,1993
burned,1993,21,412,128,33600.0,0.737,1993
burned,1993,21,412,128,34200.0,0.737,1993
burned,1993,21,412,128,34800.0,0.737,1993
burned,1993,21,412,128,35400.0,0.737,1993
burned,1993,21,412,128,36000.0,0.737,1993
burned,1993,21,412,128,36600.0,0.737,1993
burned,1993,21,412,128,37200.0,0.737,1993
burned,1993,21,412,128,37800.0,0.737,1993
burned,1993,21,412,128,38400.0,0.736,1993
burned,1993,21,412,128,39000.0,0.737,1993
burned,1993,21,412,128,39600.0,0.736,1993
burned,1993,21,412,128,40200.0,0.737,1993
burned,1993,21,412,128,40800.0,0.736,1993
burned,1993,21,412,128,41400.0,0.737,1993
burned,1993,21,412,128,42000.0,0.736,1993
burned,1993,21,412,128,42600.0,0.737,1993
burned,1993,21,412,128,43200.0,0.736,1993
burned,1993,21,412,128,43800.0,0.737,1993
burned,1993,21,412,128,44400.0,0.736,1993
burned,1993,21,412,128,45000.0,0.737,1993
burned,1993,21,412,128,45600.0,0.736,1993
burned,1993,21,412,128,46200.0,0.737,1993
burned,1993,21,412,128,46800.0,0.736,1993
burned,1993,21,412,128,47400.0,0.737,1993
burned,1993,21,412,128,48000.0,0.736,1993
burned,1993,21,412,128,48600.0,0.738,1993
burned,1993,21,412,128,49200.0,0.736,1993
burned,1993,21,412,128,49800.0,0.738,1993
burned,1993,21,412,128,50400.0,0.736,1993
burned,1993,21,412,128,51000.0,0.738,1993
burned,1993,21,412,128,51600.0,0.736,1993
burned,1993,21,412,128,52200.0,0.738,1993
burned,1993,21,412,128,52800.0,0.736,1993
burned,1993,21,412,128,53400.0,0.738,1993
burned,1993,21,412,128,54000.0,0.736,1993
burned,1993,21,412,128,54600.0,0.738,1993
burned,1993,21,412,128,55200.0,0.736,1993
burned,1993,21,412,128,55800.0,0.738,1993
burned,1993,21,412,128,56400.0,0.736,1993
burned,1993,21,412,128,57000.0,0.738,1993
burned,1993,21,412,128,57600.0,0.736,1993
burned,1993,21,412,128,58200.0,0.738,1993
burned,1993,21,412,128,58800.0,0.736,1993
burned,1993,21,412,128,59400.0,0.737,1993
burned,1993,21,412,128,60000.0,0.736,1993
burned,1993,21,412,128,60600.0,0.737,1993
burned,1993,21,412,128,61200.0,0.736,1993
burned,1993,21,412,128,61800.0,0.737,1993
burned,1993,21,412,128,62400.0,0.736,1993
burned,1993,21,412,128,63000.0,0.737,1993
burned,1993,21,412,128,63600.0,0.736,1993
burned,1993,21,412,128,64200.0,0.737,1993
burned,1993,21,412,128,64800.0,0.736,1993
burned,1993,21,412,128,65400.0,0.737,1993
burned,1993,21,412,128,66000.0,0.736,1993
burned,1993,21,412,128,66600.0,0.737,1993
burned,1993,21,412,128,67200.0,0.736,1993
burned,1993,21,412,128,67800.0,0.737,1993
burned,1993,21,412,128,68400.0,0.736,1993
burned,1993,21,412,128,69000.0,0.737,1993
burned,1993,21,412,128,69600.0,0.736,1993
burned,1993,21,412,128,70200.0,0.737,1993
burned,1993,21,412,128,70800.0,0.736,1993
burned,1993,21,412,128,71400.0,0.737,1993
burned,1993,21,412,128,72000.0,0.736,1993
burned,1993,21,412,128,72600.0,0.737,1993
burned,1993,21,412,128,73200.0,0.736,1993
burned,1993,21,412,128,73800.0,0.737,1993
burned,1993,21,412,128,74400.0,0.736,1993
burned,1993,21,412,128,75000.0,0.737,1993
burned,1993,21,412,128,75600.0,0.736,1993
burned,1993,21,412,128,76200.0,0.737,1993
burned,1993,21,412,128,76800.0,0.736,1993
burned,1993,21,412,128,77400.0,0.737,1993
burned,1993,21,412,128,78000.0,0.737,1993
burned,1993,21,412,128,78600.0,0.737,1993
burned,1993,21,412,128,79200.0,0.737,1993
burned,1993,21,412,128,79800.0,0.737,1993
burned,1993,21,412,128,80400.0,0.737,1993
burned,1993,21,412,128,81000.0,0.737,1993
burned,1993,21,412,128,81600.0,0.737,1993
burned,1993,21,412,128,82200.0,0.737,1993
burned,1993,21,412,128,82800.0,0.737,1993
burned,1993,21,412,128,83400.0,0.737,1993
burned,1993,21,412,128,84000.0,0.737,1993
burned,1993,21,412,128,84600.0,0.737,1993
burned,1993,21,412,128,85200.0,0.737,1993
burned,1993,21,412,128,85800.0,0.737,1993
burned,1993,21,412,128,86400.0,0.737,1993
burned,1993,22,412,128,600.0,0.734,1993
burned,1993,22,412,128,1200.0,0.723,1993
burned,1993,22,412,128,1800.0,0.7,1993
burned,1993,22,412,128,2400.0,0.664,1993
burned,1993,22,412,128,3000.0,0.621,1993
burned,1993,22,412,128,3600.0,0.59,1993
burned,1993,22,412,128,4200.0,0.584,1993
burned,1993,22,412,128,4800.0,0.597,1993
burned,1993,22,412,128,5400.0,0.602,1993
burned,1993,22,412,128,6000.0,0.594,1993
burned,1993,22,412,128,6600.0,0.593,1993
burned,1993,22,412,128,7200.0,0.599,1993
burned,1993,22,412,128,7800.0,0.596,1993
burned,1993,22,412,128,8400.0,0.594,1993
burned,1993,22,412,128,9000.0,0.597,1993
burned,1993,22,412,128,9600.0,0.596,1993
burned,1993,22,412,128,10200.0,0.594,1993
burned,1993,22,412,128,10800.0,0.597,1993
burned,1993,22,412,128,11400.0,0.595,1993
burned,1993,22,412,128,12000.0,0.595,1993
burned,1993,22,412,128,12600.0,0.597,1993
burned,1993,22,412,128,13200.0,0.595,1993
burned,1993,22,412,128,13800.0,0.596,1993
burned,1993,22,412,128,14400.0,0.597,1993
burned,1993,22,412,128,15000.0,0.595,1993
burned,1993,22,412,128,15600.0,0.597,1993
burned,1993,22,412,128,16200.0,0.595,1993
burned,1993,22,412,128,16800.0,0.596,1993
burned,1993,22,412,128,17400.0,0.596,1993
burned,1993,22,412,128,18000.0,0.595,1993
burned,1993,22,412,128,18600.0,0.596,1993
burned,1993,22,412,128,19200.0,0.596,1993
burned,1993,22,412,128,19800.0,0.596,1993
burned,1993,22,412,128,20400.0,0.596,1993
burned,1993,22,412,128,21000.0,0.595,1993
burned,1993,22,412,128,21600.0,0.597,1993
burned,1993,22,412,128,22200.0,0.595,1993
burned,1993,22,412,128,22800.0,0.596,1993
burned,1993,22,412,128,23400.0,0.596,1993
burned,1993,22,412,128,24000.0,0.596,1993
burned,1993,22,412,128,24600.0,0.596,1993
burned,1993,22,412,128,25200.0,0.596,1993
burned,1993,22,412,128,25800.0,0.596,1993
burned,1993,22,412,128,26400.0,0.596,1993
burned,1993,22,412,128,27000.0,0.596,1993
burned,1993,22,412,128,27600.0,0.596,1993
burned,1993,22,412,128,28200.0,0.596,1993
burned,1993,22,412,128,28800.0,0.596,1993
burned,1993,22,412,128,29400.0,0.595,1993
burned,1993,22,412,128,30000.0,0.596,1993
burned,1993,22,412,128,30600.0,0.595,1993
burned,1993,22,412,128,31200.0,0.596,1993
burned,1993,22,412,128,31800.0,0.596,1993
burned,1993,22,412,128,32400.0,0.596,1993
burned,1993,22,412,128,33000.0,0.596,1993
burned,1993,22,412,128,33600.0,0.596,1993
burned,1993,22,412,128,34200.0,0.596,1993
burned,1993,22,412,128,34800.0,0.596,1993
burned,1993,22,412,128,35400.0,0.596,1993
burned,1993,22,412,128,36000.0,0.596,1993
burned,1993,22,412,128,36600.0,0.596,1993
burned,1993,22,412,128,37200.0,0.596,1993
burned,1993,22,412,128,37800.0,0.596,1993
burned,1993,22,412,128,38400.0,0.596,1993
burned,1993,22,412,128,39000.0,0.596,1993
burned,1993,22,412,128,39600.0,0.596,1993
burned,1993,22,412,128,40200.0,0.596,1993
burned,1993,22,412,128,40800.0,0.596,1993
burned,1993,22,412,128,41400.0,0.596,1993
burned,1993,22,412,128,42000.0,0.596,1993
burned,1993,22,412,128,42600.0,0.596,1993
burned,1993,22,412,128,43200.0,0.596,1993
burned,1993,22,412,128,43800.0,0.596,1993
burned,1993,22,412,128,44400.0,0.596,1993
burned,1993,22,412,128,45000.0,0.596,1993
burned,1993,22,412,128,45600.0,0.596,1993
burned,1993,22,412,128,46200.0,0.596,1993
burned,1993,22,412,128,46800.0,0.596,1993
burned,1993,22,412,128,47400.0,0.596,1993
burned,1993,22,412,128,48000.0,0.596,1993
burned,1993,22,412,128,48600.0,0.596,1993
burned,1993,22,412,128,49200.0,0.596,1993
burned,1993,22,412,128,49800.0,0.596,1993
burned,1993,22,412,128,50400.0,0.596,1993
burned,1993,22,412,128,51000.0,0.596,1993
burned,1993,22,412,128,51600.0,0.596,1993
burned,1993,22,412,128,52200.0,0.596,1993
burned,1993,22,412,128,52800.0,0.596,1993
burned,1993,22,412,128,53400.0,0.596,1993
burned,1993,22,412,128,54000.0,0.596,1993
burned,1993,22,412,128,54600.0,0.596,1993
burned,1993,22,412,128,55200.0,0.596,1993
burned,1993,22,412,128,55800.0,0.596,1993
burned,1993,22,412,128,56400.0,0.596,1993
burned,1993,22,412,128,57000.0,0.596,1993
burned,1993,22,412,128,57600.0,0.596,1993
burned,1993,22,412,128,58200.0,0.596,1993
burned,1993,22,412,128,58800.0,0.596,1993
burned,1993,22,412,128,59400.0,0.596,1993
burned,1993,22,412,128,60000.0,0.596,1993
burned,1993,22,412,128,60600.0,0.596,1993
burned,1993,22,412,128,61200.0,0.596,1993
burned,1993,22,412,128,61800.0,0.596,1993
burned,1993,22,412,128,62400.0,0.596,1993
burned,1993,22,412,128,63000.0,0.596,1993
burned,1993,22,412,128,63600.0,0.596,1993
burned,1993,22,412,128,64200.0,0.596,1993
burned,1993,22,412,128,64800.0,0.596,1993
burned,1993,22,412,128,65400.0,0.596,1993
burned,1993,22,412,128,66000.0,0.596,1993
burned,1993,22,412,128,66600.0,0.596,1993
burned,1993,22,412,128,67200.0,0.596,1993
burned,1993,22,412,128,67800.0,0.596,1993
burned,1993,22,412,128,68400.0,0.596,1993
burned,1993,22,412,128,69000.0,0.596,1993
burned,1993,22,412,128,69600.0,0.596,1993
burned,1993,22,412,128,70200.0,0.596,1993
burned,1993,22,412,128,70800.0,0.596,1993
burned,1993,22,412,128,71400.0,0.596,1993
burned,1993,22,412,128,72000.0,0.596,1993
burned,1993,22,412,128,72600.0,0.596,1993
burned,1993,22,412,128,73200.0,0.596,1993
burned,1993,22,412,128,73800.0,0.596,1993
burned,1993,22,412,128,74400.0,0.596,1993
burned,1993,22,412,128,75000.0,0.596,1993
burned,1993,22,412,128,75600.0,0.596,1993
burned,1993,22,412,128,76200.0,0.596,1993
burned,1993,22,412,128,76800.0,0.596,1993
burned,1993,22,412,128,77400.0,0.596,1993
burned,1993,22,412,128,78000.0,0.596,1993
burned,1993,22,412,128,78600.0,0.596,1993
burned,1993,22,412,128,79200.0,0.596,1993
burned,1993,22,412,128,79800.0,0.596,1993
burned,1993,22,412,128,80400.0,0.596,1993
burned,1993,22,412,128,81000.0,0.596,1993
burned,1993,22,412,128,81600.0,0.596,1993
burned,1993,22,412,128,82200.0,0.596,1993
burned,1993,22,412,128,82800.0,0.596,1993
burned,1993,22,412,128,83400.0,0.596,1993
burned,1993,22,412,128,84000.0,0.596,1993
burned,1993,22,412,128,84600.0,0.596,1993
burned,1993,22,412,128,85200.0,0.596,1993
burned,1993,22,412,128,85800.0,0.596,1993
burned,1993,22,412,128,86400.0,0.596,1993
burned,1993,23,412,128,600.0,0.594,1993
burned,1993,23,412,128,1200.0,0.587,1993
burned,1993,23,412,128,1800.0,0.571,1993
burned,1993,23,412,128,2400.0,0.548,1993
burned,1993,23,412,128,3000.0,0.52,1993
burned,1993,23,412,128,3600.0,0.497,1993
burned,1993,23,412,128,4200.0,0.488,1993
burned,1993,23,412,128,4800.0,0.493,1993
burned,1993,23,412,128,5400.0,0.499,1993
burned,1993,23,412,128,6000.0,0.496,1993
burned,1993,23,412,128,6600.0,0.493,1993
burned,1993,23,412,128,7200.0,0.496,1993
burned,1993,23,412,128,7800.0,0.497,1993
burned,1993,23,412,128,8400.0,0.494,1993
burned,1993,23,412,128,9000.0,0.495,1993
burned,1993,23,412,128,9600.0,0.496,1993
burned,1993,23,412,128,10200.0,0.495,1993
burned,1993,23,412,128,10800.0,0.495,1993
burned,1993,23,412,128,11400.0,0.496,1993
burned,1993,23,412,128,12000.0,0.495,1993
burned,1993,23,412,128,12600.0,0.496,1993
burned,1993,23,412,128,13200.0,0.496,1993
burned,1993,23,412,128,13800.0,0.495,1993
burned,1993,23,412,128,14400.0,0.496,1993
burned,1993,23,412,128,15000.0,0.495,1993
burned,1993,23,412,128,15600.0,0.495,1993
burned,1993,23,412,128,16200.0,0.496,1993
burned,1993,23,412,128,16800.0,0.495,1993
burned,1993,23,412,128,17400.0,0.496,1993
burned,1993,23,412,128,18000.0,0.495,1993
burned,1993,23,412,128,18600.0,0.495,1993
burned,1993,23,412,128,19200.0,0.496,1993
burned,1993,23,412,128,19800.0,0.495,1993
burned,1993,23,412,128,20400.0,0.496,1993
burned,1993,23,412,128,21000.0,0.495,1993
burned,1993,23,412,128,21600.0,0.495,1993
burned,1993,23,412,128,22200.0,0.495,1993
burned,1993,23,412,128,22800.0,0.495,1993
burned,1993,23,412,128,23400.0,0.495,1993
burned,1993,23,412,128,24000.0,0.495,1993
burned,1993,23,412,128,24600.0,0.495,1993
burned,1993,23,412,128,25200.0,0.495,1993
burned,1993,23,412,128,25800.0,0.495,1993
burned,1993,23,412,128,26400.0,0.495,1993
burned,1993,23,412,128,27000.0,0.495,1993
burned,1993,23,412,128,27600.0,0.495,1993
burned,1993,23,412,128,28200.0,0.495,1993
burned,1993,23,412,128,28800.0,0.495,1993
burned,1993,23,412,128,29400.0,0.495,1993
burned,1993,23,412,128,30000.0,0.495,1993
burned,1993,23,412,128,30600.0,0.495,1993
burned,1993,23,412,128,31200.0,0.495,1993
burned,1993,23,412,128,31800.0,0.495,1993
burned,1993,23,412,128,32400.0,0.495,1993
burned,1993,23,412,128,33000.0,0.495,1993
burned,1993,23,412,128,33600.0,0.495,1993
burned,1993,23,412,128,34200.0,0.495,1993
burned,1993,23,412,128,34800.0,0.495,1993
burned,1993,23,412,128,35400.0,0.495,1993
burned,1993,23,412,128,36000.0,0.495,1993
burned,1993,23,412,128,36600.0,0.495,1993
burned,1993,23,412,128,37200.0,0.495,1993
burned,1993,23,412,128,37800.0,0.495,1993
burned,1993,23,412,128,38400.0,0.495,1993
burned,1993,23,412,128,39000.0,0.495,1993
burned,1993,23,412,128,39600.0,0.495,1993
burned,1993,23,412,128,40200.0,0.495,1993
burned,1993,23,412,128,40800.0,0.495,1993
burned,1993,23,412,128,41400.0,0.495,1993
burned,1993,23,412,128,42000.0,0.495,1993
burned,1993,23,412,128,42600.0,0.495,1993
burned,1993,23,412,128,43200.0,0.495,1993
burned,1993,23,412,128,43800.0,0.495,1993
burned,1993,23,412,128,44400.0,0.495,1993
burned,1993,23,412,128,45000.0,0.495,1993
burned,1993,23,412,128,45600.0,0.495,1993
burned,1993,23,412,128,46200.0,0.495,1993
burned,1993,23,412,128,46800.0,0.495,1993
burned,1993,23,412,128,47400.0,0.495,1993
burned,1993,23,412,128,48000.0,0.495,1993
burned,1993,23,412,128,48600.0,0.495,1993
burned,1993,23,412,128,49200.0,0.495,1993
burned,1993,23,412,128,49800.0,0.495,1993
burned,1993,23,412,128,50400.0,0.495,1993
burned,1993,23,412,128,51000.0,0.495,1993
burned,1993,23,412,128,51600.0,0.495,1993
burned,1993,23,412,128,52200.0,0.495,1993
burned,1993,23,412,128,52800.0,0.495,1993
burned,1993,23,412,128,53400.0,0.495,1993
burned,1993,23,412,128,54000.0,0.495,1993
burned,1993,23,412,128,54600.0,0.495,1993
burned,1993,23,412,128,55200.0,0.495,1993
burned,1993,23,412,128,55800.0,0.495,1993
burned,1993,23,412,128,56400.0,0.495,1993
burned,1993,23,412,128,57000.0,0.495,1993
burned,1993,23,412,128,57600.0,0.495,1993
burned,1993,23,412,128,58200.0,0.495,1993
burned,1993,23,412,128,58800.0,0.495,1993
burned,1993,23,412,128,59400.0,0.495,1993
burned,1993,23,412,128,60000.0,0.495,1993
burned,1993,23,412,128,60600.0,0.495,1993
burned,1993,23,412,128,61200.0,0.495,1993
burned,1993,23,412,128,61800.0,0.495,1993
burned,1993,23,412,128,62400.0,0.495,1993
burned,1993,23,412,128,63000.0,0.495,1993
burned,1993,23,412,128,63600.0,0.495,1993
burned,1993,23,412,128,64200.0,0.495,1993
burned,1993,23,412,128,64800.0,0.495,1993
burned,1993,23,412,128,65400.0,0.495,1993
burned,1993,23,412,128,66000.0,0.495,1993
burned,1993,23,412,128,66600.0,0.495,1993
burned,1993,23,412,128,67200.0,0.495,1993
burned,1993,23,412,128,67800.0,0.495,1993
burned,1993,23,412,128,68400.0,0.495,1993
burned,1993,23,412,128,69000.0,0.495,1993
burned,1993,23,412,128,69600.0,0.495,1993
burned,1993,23,412,128,70200.0,0.495,1993
burned,1993,23,412,128,70800.0,0.495,1993
burned,1993,23,412,128,71400.0,0.495,1993
burned,1993,23,412,128,72000.0,0.495,1993
burned,1993,23,412,128,72600.0,0.495,1993
burned,1993,23,412,128,73200.0,0.495,1993
burned,1993,23,412,128,73800.0,0.495,1993
burned,1993,23,412,128,74400.0,0.495,1993
burned,1993,23,412,128,75000.0,0.495,1993
burned,1993,23,412,128,75600.0,0.495,1993
burned,1993,23,412,128,76200.0,0.495,1993
burned,1993,23,412,128,76800.0,0.495,1993
burned,1993,23,412,128,77400.0,0.495,1993
burned,1993,23,412,128,78000.0,0.495,1993
burned,1993,23,412,128,78600.0,0.495,1993
burned,1993,23,412,128,79200.0,0.495,1993
burned,1993,23,412,128,79800.0,0.495,1993
burned,1993,23,412,128,80400.0,0.495,1993
burned,1993,23,412,128,81000.0,0.495,1993
burned,1993,23,412,128,81600.0,0.495,1993
burned,1993,23,412,128,82200.0,0.495,1993
burned,1993,23,412,128,82800.0,0.495,1993
burned,1993,23,412,128,83400.0,0.495,1993
burned,1993,23,412,128,84000.0,0.495,1993
burned,1993,23,412,128,84600.0,0.495,1993
burned,1993,23,412,128,85200.0,0.495,1993
burned,1993,23,412,128,85800.0,0.495,1993
burned,1993,23,412,128,86400.0,0.495,1993
burned,1993,24,412,128,600.0,0.494,1993
burned,1993,24,412,128,1200.0,0.488,1993
burned,1993,24,412,128,1800.0,0.477,1993
burned,1993,24,412,128,2400.0,0.461,1993
burned,1993,24,412,128,3000.0,0.443,1993
burned,1993,24,412,128,3600.0,0.426,1993
burned,1993,24,412,128,4200.0,0.418,1993
burned,1993,24,412,128,4800.0,0.418,1993
burned,1993,24,412,128,5400.0,0.422,1993
burned,1993,24,412,128,6000.0,0.423,1993
burned,1993,24,412,128,6600.0,0.42,1993
burned,1993,24,412,128,7200.0,0.421,1993
burned,1993,24,412,128,7800.0,0.422,1993
burned,1993,24,412,128,8400.0,0.421,1993
burned,1993,24,412,128,9000.0,0.421,1993
burned,1993,24,412,128,9600.0,0.422,1993
burned,1993,24,412,128,10200.0,0.421,1993
burned,1993,24,412,128,10800.0,0.421,1993
burned,1993,24,412,128,11400.0,0.422,1993
burned,1993,24,412,128,12000.0,0.421,1993
burned,1993,24,412,128,12600.0,0.421,1993
burned,1993,24,412,128,13200.0,0.422,1993
burned,1993,24,412,128,13800.0,0.421,1993
burned,1993,24,412,128,14400.0,0.421,1993
burned,1993,24,412,128,15000.0,0.421,1993
burned,1993,24,412,128,15600.0,0.421,1993
burned,1993,24,412,128,16200.0,0.421,1993
burned,1993,24,412,128,16800.0,0.421,1993
burned,1993,24,412,128,17400.0,0.421,1993
burned,1993,24,412,128,18000.0,0.421,1993
burned,1993,24,412,128,18600.0,0.421,1993
burned,1993,24,412,128,19200.0,0.421,1993
burned,1993,24,412,128,19800.0,0.421,1993
burned,1993,24,412,128,20400.0,0.421,1993
burned,1993,24,412,128,21000.0,0.421,1993
burned,1993,24,412,128,21600.0,0.421,1993
burned,1993,24,412,128,22200.0,0.421,1993
burned,1993,24,412,128,22800.0,0.421,1993
burned,1993,24,412,128,23400.0,0.421,1993
burned,1993,24,412,128,24000.0,0.421,1993
burned,1993,24,412,128,24600.0,0.421,1993
burned,1993,24,412,128,25200.0,0.421,1993
burned,1993,24,412,128,25800.0,0.421,1993
burned,1993,24,412,128,26400.0,0.421,1993
burned,1993,24,412,128,27000.0,0.421,1993
burned,1993,24,412,128,27600.0,0.421,1993
burned,1993,24,412,128,28200.0,0.421,1993
burned,1993,24,412,128,28800.0,0.421,1993
burned,1993,24,412,128,29400.0,0.421,1993
burned,1993,24,412,128,30000.0,0.421,1993
burned,1993,24,412,128,30600.0,0.421,1993
burned,1993,24,412,128,31200.0,0.421,1993
burned,1993,24,412,128,31800.0,0.421,1993
burned,1993,24,412,128,32400.0,0.421,1993
burned,1993,24,412,128,33000.0,0.421,1993
burned,1993,24,412,128,33600.0,0.421,1993
burned,1993,24,412,128,34200.0,0.421,1993
burned,1993,24,412,128,34800.0,0.421,1993
burned,1993,24,412,128,35400.0,0.421,1993
burned,1993,24,412,128,36000.0,0.421,1993
burned,1993,24,412,128,36600.0,0.421,1993
burned,1993,24,412,128,37200.0,0.421,1993
burned,1993,24,412,128,37800.0,0.421,1993
burned,1993,24,412,128,38400.0,0.421,1993
burned,1993,24,412,128,39000.0,0.421,1993
burned,1993,24,412,128,39600.0,0.421,1993
burned,1993,24,412,128,40200.0,0.421,1993
burned,1993,24,412,128,40800.0,0.421,1993
burned,1993,24,412,128,41400.0,0.421,1993
burned,1993,24,412,128,42000.0,0.421,1993
burned,1993,24,412,128,42600.0,0.421,1993
burned,1993,24,412,128,43200.0,0.421,1993
burned,1993,24,412,128,43800.0,0.421,1993
burned,1993,24,412,128,44400.0,0.421,1993
burned,1993,24,412,128,45000.0,0.421,1993
burned,1993,24,412,128,45600.0,0.421,1993
burned,1993,24,412,128,46200.0,0.421,1993
burned,1993,24,412,128,46800.0,0.421,1993
burned,1993,24,412,128,47400.0,0.421,1993
burned,1993,24,412,128,48000.0,0.421,1993
burned,1993,24,412,128,48600.0,0.421,1993
burned,1993,24,412,128,49200.0,0.421,1993
burned,1993,24,412,128,49800.0,0.421,1993
burned,1993,24,412,128,50400.0,0.421,1993
burned,1993,24,412,128,51000.0,0.421,1993
burned,1993,24,412,128,51600.0,0.421,1993
burned,1993,24,412,128,52200.0,0.421,1993
burned,1993,24,412,128,52800.0,0.421,1993
burned,1993,24,412,128,53400.0,0.421,1993
burned,1993,24,412,128,54000.0,0.421,1993
burned,1993,24,412,128,54600.0,0.421,1993
burned,1993,24,412,128,55200.0,0.421,1993
burned,1993,24,412,128,55800.0,0.421,1993
burned,1993,24,412,128,56400.0,0.421,1993
burned,1993,24,412,128,57000.0,0.421,1993
burned,1993,24,412,128,57600.0,0.421,1993
burned,1993,24,412,128,58200.0,0.421,1993
burned,1993,24,412,128,58800.0,0.421,1993
burned,1993,24,412,128,59400.0,0.421,1993
burned,1993,24,412,128,60000.0,0.421,1993
burned,1993,24,412,128,60600.0,0.421,1993
burned,1993,24,412,128,61200.0,0.421,1993
burned,1993,24,412,128,61800.0,0.421,1993
burned,1993,24,412,128,62400.0,0.421,1993
burned,1993,24,412,128,63000.0,0.421,1993
burned,1993,24,412,128,63600.0,0.421,1993
burned,1993,24,412,128,64200.0,0.421,1993
burned,1993,24,412,128,64800.0,0.421,1993
burned,1993,24,412,128,65400.0,0.421,1993
burned,1993,24,412,128,66000.0,0.421,1993
burned,1993,24,412,128,66600.0,0.421,1993
burned,1993,24,412,128,67200.0,0.421,1993
burned,1993,24,412,128,67800.0,0.421,1993
burned,1993,24,412,128,68400.0,0.421,1993
burned,1993,24,412,128,69000.0,0.421,1993
burned,1993,24,412,128,69600.0,0.421,1993
burned,1993,24,412,128,70200.0,0.421,1993
burned,1993,24,412,128,70800.0,0.421,1993
burned,1993,24,412,128,71400.0,0.421,1993
burned,1993,24,412,128,72000.0,0.421,1993
burned,1993,24,412,128,72600.0,0.421,1993
burned,1993,24,412,128,73200.0,0.421,1993
burned,1993,24,412,128,73800.0,0.421,1993
burned,1993,24,412,128,74400.0,0.421,1993
burned,1993,24,412,128,75000.0,0.421,1993
burned,1993,24,412,128,75600.0,0.421,1993
burned,1993,24,412,128,76200.0,0.421,1993
burned,1993,24,412,128,76800.0,0.421,1993
burned,1993,24,412,128,77400.0,0.421,1993
burned,1993,24,412,128,78000.0,0.421,1993
burned,1993,24,412,128,78600.0,0.421,1993
burned,1993,24,412,128,79200.0,0.421,1993
burned,1993,24,412,128,79800.0,0.421,1993
burned,1993,24,412,128,80400.0,0.421,1993
burned,1993,24,412,128,81000.0,0.421,1993
burned,1993,24,412,128,81600.0,0.421,1993
burned,1993,24,412,128,82200.0,0.421,1993
burned,1993,24,412,128,82800.0,0.421,1993
burned,1993,24,412,128,83400.0,0.421,1993
burned,1993,24,412,128,84000.0,0.421,1993
burned,1993,24,412,128,84600.0,0.421,1993
burned,1993,24,412,128,85200.0,0.421,1993
burned,1993,24,412,128,85800.0,0.421,1993
burned,1993,24,412,128,86400.0,0.421,1993
undisturbed,1993,10,412,128,600.0,1.65,1993
undisturbed,1993,10,412,128,1200.0,1.69,1993
undisturbed,1993,10,412,128,1800.0,1.61,1993
undisturbed,1993,10,412,128,2400.0,1.49,1993
undisturbed,1993,10,412,128,3000.0,1.39,1993
undisturbed,1993,10,412,128,3600.0,1.36,1993
undisturbed,1993,10,412,128,4200.0,1.38,1993
undisturbed,1993,10,412,128,4800.0,1.41,1993
undisturbed,1993,10,412,128,5400.0,1.39,1993
undisturbed,1993,10,412,128,6000.0,1.38,1993
undisturbed,1993,10,412,128,6600.0,1.39,1993
undisturbed,1993,10,412,128,7200.0,1.38,1993
undisturbed,1993,10,412,128,7800.0,1.35,1993
undisturbed,1993,10,412,128,8400.0,1.32,1993
undisturbed,1993,10,412,128,9000.0,1.26,1993
undisturbed,1993,10,412,128,9600.0,1.23,1993
undisturbed,1993,10,412,128,10200.0,1.23,1993
undisturbed,1993,10,412,128,10800.0,1.22,1993
undisturbed,1993,10,412,128,11400.0,1.23,1993
undisturbed,1993,10,412,128,12000.0,1.23,1993
undisturbed,1993,10,412,128,12600.0,1.2,1993
undisturbed,1993,10,412,128,13200.0,1.18,1993
undisturbed,1993,10,412,128,13800.0,1.14,1993
undisturbed,1993,10,412,128,14400.0,1.13,1993
undisturbed,1993,10,412,128,15000.0,1.14,1993
undisturbed,1993,10,412,128,15600.0,1.14,1993
undisturbed,1993,10,412,128,16200.0,1.14,1993
undisturbed,1993,10,412,128,16800.0,1.14,1993
undisturbed,1993,10,412,128,17400.0,1.14,1993
undisturbed,1993,10,412,128,18000.0,1.14,1993
undisturbed,1993,10,412,128,18600.0,1.14,1993
undisturbed,1993,10,412,128,19200.0,1.14,1993
undisturbed,1993,10,412,128,19800.0,1.14,1993
undisturbed,1993,10,412,128,20400.0,1.14,1993
undisturbed,1993,10,412,128,21000.0,1.14,1993
undisturbed,1993,10,412,128,21600.0,1.14,1993
undisturbed,1993,10,412,128,22200.0,1.14,1993
undisturbed,1993,10,412,128,22800.0,1.14,1993
undisturbed,1993,10,412,128,23400.0,1.14,1993
undisturbed,1993,10,412,128,24000.0,1.14,1993
undisturbed,1993,10,412,128,24600.0,1.14,1993
undisturbed,1993,10,412,128,25200.0,1.14,1993
undisturbed,1993,10,412,128,25800.0,1.14,1993
undisturbed,1993,10,412,128,26400.0,1.14,1993
undisturbed,1993,10,412,128,27000.0,1.14,1993
undisturbed,1993,10,412,128,27600.0,1.14,1993
undisturbed,1993,10,412,128,28200.0,1.14,1993
undisturbed,1993,10,412,128,28800.0,1.14,1993
undisturbed,1993,10,412,128,29400.0,1.14,1993
undisturbed,1993,10,412,128,30000.0,1.14,1993
undisturbed,1993,10,412,128,30600.0,1.14,1993
undisturbed,1993,10,412,128,31200.0,1.14,1993
undisturbed,1993,10,412,128,31800.0,1.14,1993
undisturbed,1993,10,412,128,32400.0,1.14,1993
undisturbed,1993,10,412,128,33000.0,1.14,1993
undisturbed,1993,10,412,128,33600.0,1.14,1993
undisturbed,1993,10,412,128,34200.0,1.14,1993
undisturbed,1993,10,412,128,34800.0,1.14,1993
undisturbed,1993,10,412,128,35400.0,1.14,1993
undisturbed,1993,10,412,128,36000.0,1.14,1993
undisturbed,1993,10,412,128,36600.0,1.14,1993
undisturbed,1993,10,412,128,37200.0,1.14,1993
undisturbed,1993,10,412,128,37800.0,1.14,1993
undisturbed,1993,10,412,128,38400.0,1.14,1993
undisturbed,1993,10,412,128,39000.0,1.14,1993
undisturbed,1993,10,412,128,39600.0,1.14,1993
undisturbed,1993,10,412,128,40200.0,1.14,1993
undisturbed,1993,10,412,128,40800.0,1.14,1993
undisturbed,1993,10,412,128,41400.0,1.14,1993
undisturbed,1993,10,412,128,42000.0,1.14,1993
undisturbed,1993,10,412,128,42600.0,1.14,1993
undisturbed,1993,10,412,128,43200.0,1.14,1993
undisturbed,1993,10,412,128,43800.0,1.14,1993
undisturbed,1993,10,412,128,44400.0,1.14,1993
undisturbed,1993,10,412,128,45000.0,1.14,1993
undisturbed,1993,10,412,128,45600.0,1.14,1993
undisturbed,1993,10,412,128,46200.0,1.14,1993
undisturbed,1993,10,412,128,46800.0,1.14,1993
undisturbed,1993,10,412,128,47400.0,1.14,1993
undisturbed,1993,10,412,128,48000.0,1.14,1993
undisturbed,1993,10,412,128,48600.0,1.14,1993
undisturbed,1993,10,412,128,49200.0,1.14,1993
undisturbed,1993,10,412,128,49800.0,1.14,1993
undisturbed,1993,10,412,128,50400.0,1.14,1993
undisturbed,1993,10,412,128,51000.0,1.14,1993
undisturbed,1993,10,412,128,51600.0,1.14,1993
undisturbed,1993,10,412,128,52200.0,1.14,1993
undisturbed,1993,10,412,128,52800.0,1.14,1993
undisturbed,1993,10,412,128,53400.0,1.14,1993
undisturbed,1993,10,412,128,54000.0,1.14,1993
undisturbed,1993,10,412,128,54600.0,1.14,1993
undisturbed,1993,10,412,128,55200.0,1.14,1993
undisturbed,1993,10,412,128,55800.0,1.14,1993
undisturbed,1993,10,412,128,56400.0,1.14,1993
undisturbed,1993,10,412,128,57000.0,1.14,1993
undisturbed,1993,10,412,128,57600.0,1.14,1993
undisturbed,1993,10,412,128,58200.0,1.14,1993
undisturbed,1993,10,412,128,58800.0,1.14,1993
undisturbed,1993,10,412,128,59400.0,1.14,1993
undisturbed,1993,10,412,128,60000.0,1.14,1993
undisturbed,1993,10,412,128,60600.0,1.14,1993
undisturbed,1993,10,412,128,61200.0,1.14,1993
undisturbed,1993,10,412,128,61800.0,1.14,1993
undisturbed,1993,10,412,128,62400.0,1.14,1993
undisturbed,1993,10,412,128,63000.0,1.14,1993
undisturbed,1993,10,412,128,63600.0,1.14,1993
undisturbed,1993,10,412,128,64200.0,1.14,1993
undisturbed,1993,10,412,128,64800.0,1.14,1993
undisturbed,1993,10,412,128,65400.0,1.14,1993
undisturbed,1993,10,412,128,66000.0,1.14,1993
undisturbed,1993,10,412,128,66600.0,1.14,1993
undisturbed,1993,10,412,128,67200.0,1.14,1993
undisturbed,1993,10,412,128,67800.0,1.14,1993
undisturbed,1993,10,412,128,68400.0,1.14,1993
undisturbed,1993,10,412,128,69000.0,1.14,1993
undisturbed,1993,10,412,128,69600.0,1.14,1993
undisturbed,1993,10,412,128,70200.0,1.14,1993
undisturbed,1993,10,412,128,70800.0,1.14,1993
undisturbed,1993,10,412,128,71400.0,1.14,1993
undisturbed,1993,10,412,128,72000.0,1.14,1993
undisturbed,1993,10,412,128,72600.0,1.14,1993
undisturbed,1993,10,412,128,73200.0,1.14,1993
undisturbed,1993,10,412,128,73800.0,1.14,1993
undisturbed,1993,10,412,128,74400.0,1.14,1993
undisturbed,1993,10,412,128,75000.0,1.14,1993
undisturbed,1993,10,412,128,75600.0,1.14,1993
undisturbed,1993,10,412,128,76200.0,1.14,1993
undisturbed,1993,10,412,128,76800.0,1.14,1993
undisturbed,1993,10,412,128,77400.0,1.14,1993
undisturbed,1993,10,412,128,78000.0,1.14,1993
undisturbed,1993,10,412,128,78600.0,1.14,1993
undisturbed,1993,10,412,128,79200.0,1.14,1993
undisturbed,1993,10,412,128,79800.0,1.14,1993
undisturbed,1993,10,412,128,80400.0,1.14,1993
undisturbed,1993,10,412,128,81000.0,1.14,1993
undisturbed,1993,10,412,128,81600.0,1.14,1993
undisturbed,1993,10,412,128,82200.0,1.14,1993
undisturbed,1993,10,412,128,82800.0,1.14,1993
undisturbed,1993,10,412,128,83400.0,1.14,1993
undisturbed,1993,10,412,128,84000.0,1.14,1993
undisturbed,1993,10,412,128,84600.0,1.14,1993
undisturbed,1993,10,412,128,85200.0,1.14,1993
undisturbed,1993,10,412,128,85800.0,1.14,1993
undisturbed,1993,10,412,128,86400.0,1.14,1993
undisturbed,1993,11,412,128,600.0,1.53,1993
undisturbed,1993,11,412,128,1200.0,2.86,1993
undisturbed,1993,11,412,128,1800.0,4.94,1993
undisturbed,1993,11,412,128,2400.0,6.38,1993
undisturbed,1993,11,412,128,3000.0,6.34,1993
undisturbed,1993,11,412,128,3600.0,6.27,1993
undisturbed,1993,11,412,128,4200.0,7.18,1993
undisturbed,1993,11,412,128,4800.0,7.63,1993
undisturbed,1993,11,412,128,5400.0,7.21,1993
undisturbed,1993,11,412,128,6000.0,6.66,1993
undisturbed,1993,11,412,128,6600.0,6.18,1993
undisturbed,1993,11,412,128,7200.0,6.1,1993
undisturbed,1993,11,412,128,7800.0,5.98,1993
undisturbed,1993,11,412,128,8400.0,5.71,1993
undisturbed,1993,11,412,128,9000.0,5.76,1993
undisturbed,1993,11,412,128,9600.0,5.66,1993
undisturbed,1993,11,412,128,10200.0,5.49,1993
undisturbed,1993,11,412,128,10800.0,5.43,1993
undisturbed,1993,11,412,128,11400.0,5.17,1993
undisturbed,1993,11,412,128,12000.0,5.11,1993
undisturbed,1993,11,412,128,12600.0,5.12,1993
undisturbed,1993,11,412,128,13200.0,4.94,1993
undisturbed,1993,11,412,128,13800.0,4.91,1993
undisturbed,1993,11,412,128,14400.0,4.78,1993
undisturbed,1993,11,412,128,15000.0,4.75,1993
undisturbed,1993,11,412,128,15600.0,4.71,1993
undisturbed,1993,11,412,128,16200.0,4.66,1993
undisturbed,1993,11,412,128,16800.0,4.67,1993
undisturbed,1993,11,412,128,17400.0,4.6,1993
undisturbed,1993,11,412,128,18000.0,4.63,1993
undisturbed,1993,11,412,128,18600.0,4.54,1993
undisturbed,1993,11,412,128,19200.0,4.44,1993
undisturbed,1993,11,412,128,19800.0,4.34,1993
undisturbed,1993,11,412,128,20400.0,4.25,1993
undisturbed,1993,11,412,128,21000.0,4.26,1993
undisturbed,1993,11,412,128,21600.0,4.2,1993
undisturbed,1993,11,412,128,22200.0,4.19,1993
undisturbed,1993,11,412,128,22800.0,4.14,1993
undisturbed,1993,11,412,128,23400.0,4.12,1993
undisturbed,1993,11,412,128,24000.0,4.06,1993
undisturbed,1993,11,412,128,24600.0,3.98,1993
undisturbed,1993,11,412,128,25200.0,3.93,1993
undisturbed,1993,11,412,128,25800.0,3.86,1993
undisturbed,1993,11,412,128,26400.0,3.77,1993
undisturbed,1993,11,412,128,27000.0,3.59,1993
undisturbed,1993,11,412,128,27600.0,3.52,1993
undisturbed,1993,11,412,128,28200.0,3.48,1993
undisturbed,1993,11,412,128,28800.0,3.45,1993
undisturbed,1993,11,412,128,29400.0,3.39,1993
undisturbed,1993,11,412,128,30000.0,3.31,1993
undisturbed,1993,11,412,128,30600.0,3.22,1993
undisturbed,1993,11,412,128,31200.0,3.05,1993
undisturbed,1993,11,412,128,31800.0,2.88,1993
undisturbed,1993,11,412,128,32400.0,2.75,1993
undisturbed,1993,11,412,128,33000.0,2.68,1993
undisturbed,1993,11,412,128,33600.0,2.61,1993
undisturbed,1993,11,412,128,34200.0,2.51,1993
undisturbed,1993,11,412,128,34800.0,2.39,1993
undisturbed,1993,11,412,128,35400.0,2.29,1993
undisturbed,1993,11,412,128,36000.0,2.19,1993
undisturbed,1993,11,412,128,36600.0,2.16,1993
undisturbed,1993,11,412,128,37200.0,2.09,1993
undisturbed,1993,11,412,128,37800.0,2.02,1993
undisturbed,1993,11,412,128,38400.0,1.92,1993
undisturbed,1993,11,412,128,39000.0,1.76,1993
undisturbed,1993,11,412,128,39600.0,1.69,1993
undisturbed,1993,11,412,128,40200.0,1.63,1993
undisturbed,1993,11,412,128,40800.0,1.61,1993
undisturbed,1993,11,412,128,41400.0,1.57,1993
undisturbed,1993,11,412,128,42000.0,1.49,1993
undisturbed,1993,11,412,128,42600.0,1.46,1993
undisturbed,1993,11,412,128,43200.0,1.42,1993
undisturbed,1993,11,412,128,43800.0,1.38,1993
undisturbed,1993,11,412,128,44400.0,1.33,1993
undisturbed,1993,11,412,128,45000.0,1.28,1993
undisturbed,1993,11,412,128,45600.0,1.24,1993
undisturbed,1993,11,412,128,46200.0,1.2,1993
undisturbed,1993,11,412,128,46800.0,1.15,1993
undisturbed,1993,11,412,128,47400.0,1.16,1993
undisturbed,1993,11,412,128,48000.0,1.18,1993
undisturbed,1993,11,412,128,48600.0,1.17,1993
undisturbed,1993,11,412,128,49200.0,1.16,1993
undisturbed,1993,11,412,128,49800.0,1.18,1993
undisturbed,1993,11,412,128,50400.0,1.17,1993
undisturbed,1993,11,412,128,51000.0,1.16,1993
undisturbed,1993,11,412,128,51600.0,1.18,1993
undisturbed,1993,11,412,128,52200.0,1.16,1993
undisturbed,1993,11,412,128,52800.0,1.17,1993
undisturbed,1993,11,412,128,53400.0,1.17,1993
undisturbed,1993,11,412,128,54000.0,1.16,1993
undisturbed,1993,11,412,128,54600.0,1.17,1993
undisturbed,1993,11,412,128,55200.0,1.17,1993
undisturbed,1993,11,412,128,55800.0,1.17,1993
undisturbed,1993,11,412,128,56400.0,1.17,1993
undisturbed,1993,11,412,128,57000.0,1.16,1993
undisturbed,1993,11,412,128,57600.0,1.18,1993
undisturbed,1993,11,412,128,58200.0,1.16,1993
undisturbed,1993,11,412,128,58800.0,1.17,1993
undisturbed,1993,11,412,128,59400.0,1.17,1993
undisturbed,1993,11,412,128,60000.0,1.17,1993
undisturbed,1993,11,412,128,60600.0,1.17,1993
undisturbed,1993,11,412,128,61200.0,1.17,1993
undisturbed,1993,11,412,128,61800.0,1.17,1993
undisturbed,1993,11,412,128,62400.0,1.17,1993
undisturbed,1993,11,412,128,63000.0,1.17,1993
undisturbed,1993,11,412,128,63600.0,1.17,1993
undisturbed,1993,11,412,128,64200.0,1.17,1993
undisturbed,1993,11,412,128,64800.0,1.17,1993
undisturbed,1993,11,412,128,65400.0,1.17,1993
undisturbed,1993,11,412,128,66000.0,1.17,1993
undisturbed,1993,11,412,128,66600.0,1.17,1993
undisturbed,1993,11,412,128,67200.0,1.17,1993
undisturbed,1993,11,412,128,67800.0,1.17,1993
undisturbed,1993,11,412,128,68400.0,1.17,1993
undisturbed,1993,11,412,128,69000.0,1.17,1993
undisturbed,1993,11,412,128,69600.0,1.17,1993
undisturbed,1993,11,412,128,70200.0,1.17,1993
undisturbed,1993,11,412,128,70800.0,1.17,1993
undisturbed,1993,11,412,128,71400.0,1.17,1993
undisturbed,1993,11,412,128,72000.0,1.17,1993
undisturbed,1993,11,412,128,72600.0,1.17,1993
undisturbed,1993,11,412,128,73200.0,1.17,1993
undisturbed,1993,11,412,128,73800.0,1.17,1993
undisturbed,1993,11,412,128,74400.0,1.17,1993
undisturbed,1993,11,412,128,75000.0,1.17,1993
undisturbed,1993,11,412,128,75600.0,1.17,1993
undisturbed,1993,11,412,128,76200.0,1.17,1993
undisturbed,1993,11,412,128,76800.0,1.17,1993
undisturbed,1993,11,412,128,77400.0,1.17,1993
undisturbed,1993,11,412,128,78000.0,1.17,1993
undisturbed,1993,11,412,128,78600.0,1.17,1993
undisturbed,1993,11,412,128,79200.0,1.17,1993
undisturbed,1993,11,412,128,79800.0,1.17,1993
undisturbed,1993,11,412,128,80400.0,1.17,1993
undisturbed,1993,11,412,128,81000.0,1.17,1993
undisturbed,1993,11,412,128,81600.0,1.17,1993
undisturbed,1993,11,412,128,82200.0,1.17,1993
undisturbed,1993,11,412,128,82800.0,1.17,1993
undisturbed,1993,11,412,128,83400.0,1.17,1993
undisturbed,1993,11,412,128,84000.0,1.17,1993
undisturbed,1993,11,412,128,84600.0,1.17,1993
undisturbed,1993,11,412,128,85200.0,1.17,1993
undisturbed,1993,11,412,128,85800.0,1.17,1993
undisturbed,1993,11,412,128,86400.0,1.17,1993
undisturbed,1993,12,412,128,600.0,2.04,1993
undisturbed,1993,12,412,128,1200.0,4.72,1993
undisturbed,1993,12,412,128,1800.0,7.67,1993
undisturbed,1993,12,412,128,2400.0,8.42,1993
undisturbed,1993,12,412,128,3000.0,7.78,1993
undisturbed,1993,12,412,128,3600.0,8.27,1993
undisturbed,1993,12,412,128,4200.0,9.38,1993
undisturbed,1993,12,412,128,4800.0,10.4,1993
undisturbed,1993,12,412,128,5400.0,13.0,1993
undisturbed,1993,12,412,128,6000.0,17.0,1993
undisturbed,1993,12,412,128,6600.0,20.2,1993
undisturbed,1993,12,412,128,7200.0,19.6,1993
undisturbed,1993,12,412,128,7800.0,15.1,1993
undisturbed,1993,12,412,128,8400.0,12.0,1993
undisturbed,1993,12,412,128,9000.0,11.4,1993
undisturbed,1993,12,412,128,9600.0,10.1,1993
undisturbed,1993,12,412,128,10200.0,9.05,1993
undisturbed,1993,12,412,128,10800.0,8.93,1993
undisturbed,1993,12,412,128,11400.0,8.29,1993
undisturbed,1993,12,412,128,12000.0,8.07,1993
undisturbed,1993,12,412,128,12600.0,8.01,1993
undisturbed,1993,12,412,128,13200.0,7.69,1993
undisturbed,1993,12,412,128,13800.0,7.77,1993
undisturbed,1993,12,412,128,14400.0,7.59,1993
undisturbed,1993,12,412,128,15000.0,7.58,1993
undisturbed,1993,12,412,128,15600.0,7.56,1993
undisturbed,1993,12,412,128,16200.0,7.4,1993
undisturbed,1993,12,412,128,16800.0,7.31,1993
undisturbed,1993,12,412,128,17400.0,7.14,1993
undisturbed,1993,12,412,128,18000.0,7.18,1993
undisturbed,1993,12,412,128,18600.0,7.19,1993
undisturbed,1993,12,412,128,19200.0,7.15,1993
undisturbed,1993,12,412,128,19800.0,7.11,1993
undisturbed,1993,12,412,128,20400.0,6.96,1993
undisturbed,1993,12,412,128,21000.0,6.85,1993
undisturbed,1993,12,412,128,21600.0,6.77,1993
undisturbed,1993,12,412,128,22200.0,6.74,1993
undisturbed,1993,12,412,128,22800.0,6.71,1993
undisturbed,1993,12,412,128,23400.0,6.66,1993
undisturbed,1993,12,412,128,24000.0,6.61,1993
undisturbed,1993,12,412,128,24600.0,6.58,1993
undisturbed,1993,12,412,128,25200.0,6.51,1993
undisturbed,1993,12,412,128,25800.0,6.43,1993
undisturbed,1993,12,412,128,26400.0,6.41,1993
undisturbed,1993,12,412,128,27000.0,6.27,1993
undisturbed,1993,12,412,128,27600.0,6.13,1993
undisturbed,1993,12,412,128,28200.0,6.14,1993
undisturbed,1993,12,412,128,28800.0,6.1,1993
undisturbed,1993,12,412,128,29400.0,6.02,1993
undisturbed,1993,12,412,128,30000.0,5.94,1993
undisturbed,1993,12,412,128,30600.0,5.84,1993
undisturbed,1993,12,412,128,31200.0,5.64,1993
undisturbed,1993,12,412,128,31800.0,5.51,1993
undisturbed,1993,12,412,128,32400.0,5.35,1993
undisturbed,1993,12,412,128,33000.0,5.13,1993
undisturbed,1993,12,412,128,33600.0,4.96,1993
undisturbed,1993,12,412,128,34200.0,4.94,1993
undisturbed,1993,12,412,128,34800.0,4.77,1993
undisturbed,1993,12,412,128,35400.0,4.57,1993
undisturbed,1993,12,412,128,36000.0,4.47,1993
undisturbed,1993,12,412,128,36600.0,4.4,1993
undisturbed,1993,12,412,128,37200.0,4.41,1993
undisturbed,1993,12,412,128,37800.0,4.36,1993
undisturbed,1993,12,412,128,38400.0,4.33,1993
undisturbed,1993,12,412,128,39000.0,4.12,1993
undisturbed,1993,12,412,128,39600.0,3.91,1993
undisturbed,1993,12,412,128,40200.0,3.84,1993
undisturbed,1993,12,412,128,40800.0,3.77,1993
undisturbed,1993,12,412,128,41400.0,3.7,1993
undisturbed,1993,12,412,128,42000.0,3.6,1993
undisturbed,1993,12,412,128,42600.0,3.48,1993
undisturbed,1993,12,412,128,43200.0,3.37,1993
undisturbed,1993,12,412,128,43800.0,3.19,1993
undisturbed,1993,12,412,128,44400.0,3.03,1993
undisturbed,1993,12,412,128,45000.0,3.02,1993
undisturbed,1993,12,412,128,45600.0,2.93,1993
undisturbed,1993,12,412,128,46200.0,2.78,1993
undisturbed,1993,12,412,128,46800.0,2.64,1993
undisturbed,1993,12,412,128,47400.0,2.49,1993
undisturbed,1993,12,412,128,48000.0,2.2,1993
undisturbed,1993,12,412,128,48600.0,1.83,1993
undisturbed,1993,12,412,128,49200.0,1.59,1993
undisturbed,1993,12,412,128,49800.0,1.57,1993
undisturbed,1993,12,412,128,50400.0,1.55,1993
undisturbed,1993,12,412,128,51000.0,1.49,1993
undisturbed,1993,12,412,128,51600.0,1.52,1993
undisturbed,1993,12,412,128,52200.0,1.54,1993
undisturbed,1993,12,412,128,52800.0,1.51,1993
undisturbed,1993,12,412,128,53400.0,1.52,1993
undisturbed,1993,12,412,128,54000.0,1.53,1993
undisturbed,1993,12,412,128,54600.0,1.5,1993
undisturbed,1993,12,412,128,55200.0,1.53,1993
undisturbed,1993,12,412,128,55800.0,1.51,1993
undisturbed,1993,12,412,128,56400.0,1.52,1993
undisturbed,1993,12,412,128,57000.0,1.52,1993
undisturbed,1993,12,412,128,57600.0,1.51,1993
undisturbed,1993,12,412,128,58200.0,1.52,1993
undisturbed,1993,12,412,128,58800.0,1.52,1993
undisturbed,1993,12,412,128,59400.0,1.52,1993
undisturbed,1993,12,412,128,60000.0,1.52,1993
undisturbed,1993,12,412,128,60600.0,1.52,1993
undisturbed,1993,12,412,128,61200.0,1.52,1993
undisturbed,1993,12,412,128,61800.0,1.52,1993
undisturbed,1993,12,412,128,62400.0,1.52,1993
undisturbed,1993,12,412,128,63000.0,1.52,1993
undisturbed,1993,12,412,128,63600.0,1.52,1993
undisturbed,1993,12,412,128,64200.0,1.52,1993
undisturbed,1993,12,412,128,64800.0,1.52,1993
undisturbed,1993,12,412,128,65400.0,1.52,1993
undisturbed,1993,12,412,128,66000.0,1.52,1993
undisturbed,1993,12,412,128,66600.0,1.52,1993
undisturbed,1993,12,412,128,67200.0,1.52,1993
undisturbed,1993,12,412,128,67800.0,1.52,1993
undisturbed,1993,12,412,128,68400.0,1.52,1993
undisturbed,1993,12,412,128,69000.0,1.52,1993
undisturbed,1993,12,412,128,69600.0,1.52,1993
undisturbed,1993,12,412,128,70200.0,1.52,1993
undisturbed,1993,12,412,128,70800.0,1.52,1993
undisturbed,1993,12,412,128,71400.0,1.52,1993
undisturbed,1993,12,412,128,72000.0,1.52,1993
undisturbed,1993,12,412,128,72600.0,1.52,1993
undisturbed,1993,12,412,128,73200.0,1.52,1993
undisturbed,1993,12,412,128,73800.0,1.52,1993
undisturbed,1993,12,412,128,74400.0,1.52,1993
undisturbed,1993,12,412,128,75000.0,1.52,1993
undisturbed,1993,12,412,128,75600.0,1.52,1993
undisturbed,1993,12,412,128,76200.0,1.52,1993
undisturbed,1993,12,412,128,76800.0,1.52,1993
undisturbed,1993,12,412,128,77400.0,1.52,1993
undisturbed,1993,12,412,128,78000.0,1.52,1993
undisturbed,1993,12,412,128,78600.0,1.52,1993
undisturbed,1993,12,412,128,79200.0,1.52,1993
undisturbed,1993,12,412,128,79800.0,1.52,1993
undisturbed,1993,12,412,128,80400.0,1.52,1993
undisturbed,1993,12,412,128,81000.0,1.52,1993
undisturbed,1993,12,412,128,81600.0,1.52,1993
undisturbed,1993,12,412,128,82200.0,1.52,1993
undisturbed,1993,12,412,128,82800.0,1.52,1993
undisturbed,1993,12,412,128,83400.0,1.52,1993
undisturbed,1993,12,412,128,84000.0,1.52,1993
undisturbed,1993,12,412,128,84600.0,1.52,1993
undisturbed,1993,12,412,128,85200.0,1.52,1993
undisturbed,1993,12,412,128,85800.0,1.52,1993
undisturbed,1993,12,412,128,86400.0,1.52,1993
undisturbed,1993,13,412,128,600.0,2.53,1993
undisturbed,1993,13,412,128,1200.0,5.14,1993
undisturbed,1993,13,412,128,1800.0,6.98,1993
undisturbed,1993,13,412,128,2400.0,6.61,1993
undisturbed,1993,13,412,128,3000.0,6.43,1993
undisturbed,1993,13,412,128,3600.0,7.56,1993
undisturbed,1993,13,412,128,4200.0,9.11,1993
undisturbed,1993,13,412,128,4800.0,13.7,1993
undisturbed,1993,13,412,128,5400.0,28.0,1993
undisturbed,1993,13,412,128,6000.0,52.0,1993
undisturbed,1993,13,412,128,6600.0,62.4,1993
undisturbed,1993,13,412,128,7200.0,41.4,1993
undisturbed,1993,13,412,128,7800.0,18.1,1993
undisturbed,1993,13,412,128,8400.0,14.7,1993
undisturbed,1993,13,412,128,9000.0,12.2,1993
undisturbed,1993,13,412,128,9600.0,7.73,1993
undisturbed,1993,13,412,128,10200.0,8.41,1993
undisturbed,1993,13,412,128,10800.0,7.15,1993
undisturbed,1993,13,412,128,11400.0,6.52,1993
undisturbed,1993,13,412,128,12000.0,7.0,1993
undisturbed,1993,13,412,128,12600.0,6.17,1993
undisturbed,1993,13,412,128,13200.0,6.59,1993
undisturbed,1993,13,412,128,13800.0,6.32,1993
undisturbed,1993,13,412,128,14400.0,6.27,1993
undisturbed,1993,13,412,128,15000.0,6.43,1993
undisturbed,1993,13,412,128,15600.0,6.08,1993
undisturbed,1993,13,412,128,16200.0,5.97,1993
undisturbed,1993,13,412,128,16800.0,5.48,1993
undisturbed,1993,13,412,128,17400.0,5.61,1993
undisturbed,1993,13,412,128,18000.0,5.59,1993
undisturbed,1993,13,412,128,18600.0,5.42,1993
undisturbed,1993,13,412,128,19200.0,5.43,1993
undisturbed,1993,13,412,128,19800.0,5.31,1993
undisturbed,1993,13,412,128,20400.0,5.29,1993
undisturbed,1993,13,412,128,21000.0,5.18,1993
undisturbed,1993,13,412,128,21600.0,5.09,1993
undisturbed,1993,13,412,128,22200.0,4.98,1993
undisturbed,1993,13,412,128,22800.0,4.85,1993
undisturbed,1993,13,412,128,23400.0,4.77,1993
undisturbed,1993,13,412,128,24000.0,4.68,1993
undisturbed,1993,13,412,128,24600.0,4.69,1993
undisturbed,1993,13,412,128,25200.0,4.63,1993
undisturbed,1993,13,412,128,25800.0,4.56,1993
undisturbed,1993,13,412,128,26400.0,4.53,1993
undisturbed,1993,13,412,128,27000.0,4.47,1993
undisturbed,1993,13,412,128,27600.0,4.42,1993
undisturbed,1993,13,412,128,28200.0,4.37,1993
undisturbed,1993,13,412,128,28800.0,4.33,1993
undisturbed,1993,13,412,128,29400.0,4.25,1993
undisturbed,1993,13,412,128,30000.0,4.19,1993
undisturbed,1993,13,412,128,30600.0,4.1,1993
undisturbed,1993,13,412,128,31200.0,4.05,1993
undisturbed,1993,13,412,128,31800.0,3.95,1993
undisturbed,1993,13,412,128,32400.0,3.81,1993
undisturbed,1993,13,412,128,33000.0,3.67,1993
undisturbed,1993,13,412,128,33600.0,3.62,1993
undisturbed,1993,13,412,128,34200.0,3.55,1993
undisturbed,1993,13,412,128,34800.0,3.44,1993
undisturbed,1993,13,412,128,35400.0,3.41,1993
undisturbed,1993,13,412,128,36000.0,3.27,1993
undisturbed,1993,13,412,128,36600.0,3.11,1993
undisturbed,1993,13,412,128,37200.0,2.96,1993
undisturbed,1993,13,412,128,37800.0,2.92,1993
undisturbed,1993,13,412,128,38400.0,2.89,1993
undisturbed,1993,13,412,128,39000.0,2.76,1993
undisturbed,1993,13,412,128,39600.0,2.69,1993
undisturbed,1993,13,412,128,40200.0,2.66,1993
undisturbed,1993,13,412,128,40800.0,2.58,1993
undisturbed,1993,13,412,128,41400.0,2.49,1993
undisturbed,1993,13,412,128,42000.0,2.39,1993
undisturbed,1993,13,412,128,42600.0,2.29,1993
undisturbed,1993,13,412,128,43200.0,2.2,1993
undisturbed,1993,13,412,128,43800.0,2.15,1993
undisturbed,1993,13,412,128,44400.0,2.12,1993
undisturbed,1993,13,412,128,45000.0,2.11,1993
undisturbed,1993,13,412,128,45600.0,2.04,1993
undisturbed,1993,13,412,128,46200.0,2.0,1993
undisturbed,1993,13,412,128,46800.0,1.98,1993
undisturbed,1993,13,412,128,47400.0,1.97,1993
undisturbed,1993,13,412,128,48000.0,1.94,1993
undisturbed,1993,13,412,128,48600.0,1.94,1993
undisturbed,1993,13,412,128,49200.0,1.94,1993
undisturbed,1993,13,412,128,49800.0,1.94,1993
undisturbed,1993,13,412,128,50400.0,1.94,1993
undisturbed,1993,13,412,128,51000.0,1.94,1993
undisturbed,1993,13,412,128,51600.0,1.94,1993
undisturbed,1993,13,412,128,52200.0,1.94,1993
undisturbed,1993,13,412,128,52800.0,1.94,1993
undisturbed,1993,13,412,128,53400.0,1.94,1993
undisturbed,1993,13,412,128,54000.0,1.94,1993
undisturbed,1993,13,412,128,54600.0,1.94,1993
undisturbed,1993,13,412,128,55200.0,1.94,1993
undisturbed,1993,13,412,128,55800.0,1.94,1993
undisturbed,1993,13,412,128,56400.0,1.94,1993
undisturbed,1993,13,412,128,57000.0,1.94,1993
undisturbed,1993,13,412,128,57600.0,1.94,1993
undisturbed,1993,13,412,128,58200.0,1.94,1993
undisturbed,1993,13,412,128,58800.0,1.94,1993
undisturbed,1993,13,412,128,59400.0,1.93,1993
undisturbed,1993,13,412,128,60000.0,1.94,1993
undisturbed,1993,13,412,128,60600.0,1.93,1993
undisturbed,1993,13,412,128,61200.0,1.94,1993
undisturbed,1993,13,412,128,61800.0,1.94,1993
undisturbed,1993,13,412,128,62400.0,1.94,1993
undisturbed,1993,13,412,128,63000.0,1.94,1993
undisturbed,1993,13,412,128,63600.0,1.94,1993
undisturbed,1993,13,412,128,64200.0,1.94,1993
undisturbed,1993,13,412,128,64800.0,1.94,1993
undisturbed,1993,13,412,128,65400.0,1.94,1993
undisturbed,1993,13,412,128,66000.0,1.94,1993
undisturbed,1993,13,412,128,66600.0,1.94,1993
undisturbed,1993,13,412,128,67200.0,1.94,1993
undisturbed,1993,13,412,128,67800.0,1.94,1993
undisturbed,1993,13,412,128,68400.0,1.94,1993
undisturbed,1993,13,412,128,69000.0,1.94,1993
undisturbed,1993,13,412,128,69600.0,1.94,1993
undisturbed,1993,13,412,128,70200.0,1.94,1993
undisturbed,1993,13,412,128,70800.0,1.94,1993
undisturbed,1993,13,412,128,71400.0,1.94,1993
undisturbed,1993,13,412,128,72000.0,1.94,1993
undisturbed,1993,13,412,128,72600.0,1.94,1993
undisturbed,1993,13,412,128,73200.0,1.94,1993
undisturbed,1993,13,412,128,73800.0,1.94,1993
undisturbed,1993,13,412,128,74400.0,1.94,1993
undisturbed,1993,13,412,128,75000.0,1.94,1993
undisturbed,1993,13,412,128,75600.0,1.94,1993
undisturbed,1993,13,412,128,76200.0,1.94,1993
undisturbed,1993,13,412,128,76800.0,1.94,1993
undisturbed,1993,13,412,128,77400.0,1.94,1993
undisturbed,1993,13,412,128,78000.0,1.94,1993
undisturbed,1993,13,412,128,78600.0,1.94,1993
undisturbed,1993,13,412,128,79200.0,1.94,1993
undisturbed,1993,13,412,128,79800.0,1.94,1993
undisturbed,1993,13,412,128,80400.0,1.94,1993
undisturbed,1993,13,412,128,81000.0,1.94,1993
undisturbed,1993,13,412,128,81600.0,1.94,1993
undisturbed,1993,13,412,128,82200.0,1.94,1993
undisturbed,1993,13,412,128,82800.0,1.94,1993
undisturbed,1993,13,412,128,83400.0,1.94,1993
undisturbed,1993,13,412,128,84000.0,1.94,1993
undisturbed,1993,13,412,128,84600.0,1.94,1993
undisturbed,1993,13,412,128,85200.0,1.94,1993
undisturbed,1993,13,412,128,85800.0,1.94,1993
undisturbed,1993,13,412,128,86400.0,1.94,1993
undisturbed,1993,14,412,128,600.0,4.08,1993
undisturbed,1993,14,412,128,1200.0,10.0,1993
undisturbed,1993,14,412,128,1800.0,15.0,1993
undisturbed,1993,14,412,128,2400.0,16.0,1993
undisturbed,1993,14,412,128,3000.0,18.8,1993
undisturbed,1993,14,412,128,3600.0,26.1,1993
undisturbed,1993,14,412,128,4200.0,36.6,1993
undisturbed,1993,14,412,128,4800.0,52.2,1993
undisturbed,1993,14,412,128,5400.0,62.3,1993
undisturbed,1993,14,412,128,6000.0,52.8,1993
undisturbed,1993,14,412,128,6600.0,36.2,1993
undisturbed,1993,14,412,128,7200.0,29.0,1993
undisturbed,1993,14,412,128,7800.0,25.6,1993
undisturbed,1993,14,412,128,8400.0,20.3,1993
undisturbed,1993,14,412,128,9000.0,18.0,1993
undisturbed,1993,14,412,128,9600.0,16.4,1993
undisturbed,1993,14,412,128,10200.0,14.2,1993
undisturbed,1993,14,412,128,10800.0,13.7,1993
undisturbed,1993,14,412,128,11400.0,12.6,1993
undisturbed,1993,14,412,128,12000.0,11.9,1993
undisturbed,1993,14,412,128,12600.0,11.5,1993
undisturbed,1993,14,412,128,13200.0,10.1,1993
undisturbed,1993,14,412,128,13800.0,9.74,1993
undisturbed,1993,14,412,128,14400.0,9.72,1993
undisturbed,1993,14,412,128,15000.0,9.91,1993
undisturbed,1993,14,412,128,15600.0,9.71,1993
undisturbed,1993,14,412,128,16200.0,9.74,1993
undisturbed,1993,14,412,128,16800.0,9.87,1993
undisturbed,1993,14,412,128,17400.0,9.61,1993
undisturbed,1993,14,412,128,18000.0,9.81,1993
undisturbed,1993,14,412,128,18600.0,9.64,1993
undisturbed,1993,14,412,128,19200.0,9.71,1993
undisturbed,1993,14,412,128,19800.0,9.69,1993
undisturbed,1993,14,412,128,20400.0,9.55,1993
undisturbed,1993,14,412,128,21000.0,9.63,1993
undisturbed,1993,14,412,128,21600.0,9.49,1993
undisturbed,1993,14,412,128,22200.0,9.6,1993
undisturbed,1993,14,412,128,22800.0,9.42,1993
undisturbed,1993,14,412,128,23400.0,9.42,1993
undisturbed,1993,14,412,128,24000.0,9.35,1993
undisturbed,1993,14,412,128,24600.0,9.19,1993
undisturbed,1993,14,412,128,25200.0,9.08,1993
undisturbed,1993,14,412,128,25800.0,9.02,1993
undisturbed,1993,14,412,128,26400.0,9.06,1993
undisturbed,1993,14,412,128,27000.0,8.97,1993
undisturbed,1993,14,412,128,27600.0,8.98,1993
undisturbed,1993,14,412,128,28200.0,8.89,1993
undisturbed,1993,14,412,128,28800.0,8.93,1993
undisturbed,1993,14,412,128,29400.0,8.91,1993
undisturbed,1993,14,412,128,30000.0,8.85,1993
undisturbed,1993,14,412,128,30600.0,8.8,1993
undisturbed,1993,14,412,128,31200.0,8.77,1993
undisturbed,1993,14,412,128,31800.0,8.78,1993
undisturbed,1993,14,412,128,32400.0,8.72,1993
undisturbed,1993,14,412,128,33000.0,8.68,1993
undisturbed,1993,14,412,128,33600.0,8.57,1993
undisturbed,1993,14,412,128,34200.0,8.46,1993
undisturbed,1993,14,412,128,34800.0,8.37,1993
undisturbed,1993,14,412,128,35400.0,8.29,1993
undisturbed,1993,14,412,128,36000.0,8.15,1993
undisturbed,1993,14,412,128,36600.0,7.99,1993
undisturbed,1993,14,412,128,37200.0,7.88,1993
undisturbed,1993,14,412,128,37800.0,7.77,1993
undisturbed,1993,14,412,128,38400.0,7.62,1993
undisturbed,1993,14,412,128,39000.0,7.4,1993
undisturbed,1993,14,412,128,39600.0,7.2,1993
undisturbed,1993,14,412,128,40200.0,7.15,1993
undisturbed,1993,14,412,128,40800.0,7.06,1993
undisturbed,1993,14,412,128,41400.0,6.95,1993
undisturbed,1993,14,412,128,42000.0,6.9,1993
undisturbed,1993,14,412,128,42600.0,6.84,1993
undisturbed,1993,14,412,128,43200.0,6.78,1993
undisturbed,1993,14,412,128,43800.0,6.72,1993
undisturbed,1993,14,412,128,44400.0,6.64,1993
undisturbed,1993,14,412,128,45000.0,6.65,1993
undisturbed,1993,14,412,128,45600.0,6.55,1993
undisturbed,1993,14,412,128,46200.0,6.35,1993
undisturbed,1993,14,412,128,46800.0,6.11,1993
undisturbed,1993,14,412,128,47400.0,6.05,1993
undisturbed,1993,14,412,128,48000.0,6.03,1993
undisturbed,1993,14,412,128,48600.0,5.88,1993
undisturbed,1993,14,412,128,49200.0,5.8,1993
undisturbed,1993,14,412,128,49800.0,5.66,1993
undisturbed,1993,14,412,128,50400.0,5.52,1993
undisturbed,1993,14,412,128,51000.0,5.33,1993
undisturbed,1993,14,412,128,51600.0,5.1,1993
undisturbed,1993,14,412,128,52200.0,5.0,1993
undisturbed,1993,14,412,128,52800.0,4.89,1993
undisturbed,1993,14,412,128,53400.0,4.54,1993
undisturbed,1993,14,412,128,54000.0,4.25,1993
undisturbed,1993,14,412,128,54600.0,3.95,1993
undisturbed,1993,14,412,128,55200.0,3.56,1993
undisturbed,1993,14,412,128,55800.0,3.08,1993
undisturbed,1993,14,412,128,56400.0,2.71,1993
undisturbed,1993,14,412,128,57000.0,2.59,1993
undisturbed,1993,14,412,128,57600.0,2.58,1993
undisturbed,1993,14,412,128,58200.0,2.46,1993
undisturbed,1993,14,412,128,58800.0,2.37,1993
undisturbed,1993,14,412,128,59400.0,2.34,1993
undisturbed,1993,14,412,128,60000.0,2.26,1993
undisturbed,1993,14,412,128,60600.0,2.28,1993
undisturbed,1993,14,412,128,61200.0,2.3,1993
undisturbed,1993,14,412,128,61800.0,2.27,1993
undisturbed,1993,14,412,128,62400.0,2.3,1993
undisturbed,1993,14,412,128,63000.0,2.28,1993
undisturbed,1993,14,412,128,63600.0,2.29,1993
undisturbed,1993,14,412,128,64200.0,2.29,1993
undisturbed,1993,14,412,128,64800.0,2.28,1993
undisturbed,1993,14,412,128,65400.0,2.29,1993
undisturbed,1993,14,412,128,66000.0,2.28,1993
undisturbed,1993,14,412,128,66600.0,2.3,1993
undisturbed,1993,14,412,128,67200.0,2.28,1993
undisturbed,1993,14,412,128,67800.0,2.29,1993
undisturbed,1993,14,412,128,68400.0,2.28,1993
undisturbed,1993,14,412,128,69000.0,2.29,1993
undisturbed,1993,14,412,128,69600.0,2.28,1993
undisturbed,1993,14,412,128,70200.0,2.29,1993
undisturbed,1993,14,412,128,70800.0,2.29,1993
undisturbed,1993,14,412,128,71400.0,2.28,1993
undisturbed,1993,14,412,128,72000.0,2.29,1993
undisturbed,1993,14,412,128,72600.0,2.28,1993
undisturbed,1993,14,412,128,73200.0,2.29,1993
undisturbed,1993,14,412,128,73800.0,2.29,1993
undisturbed,1993,14,412,128,74400.0,2.29,1993
undisturbed,1993,14,412,128,75000.0,2.29,1993
undisturbed,1993,14,412,128,75600.0,2.28,1993
undisturbed,1993,14,412,128,76200.0,2.29,1993
undisturbed,1993,14,412,128,76800.0,2.28,1993
undisturbed,1993,14,412,128,77400.0,2.29,1993
undisturbed,1993,14,412,128,78000.0,2.28,1993
undisturbed,1993,14,412,128,78600.0,2.29,1993
undisturbed,1993,14,412,128,79200.0,2.28,1993
undisturbed,1993,14,412,128,79800.0,2.29,1993
undisturbed,1993,14,412,128,80400.0,2.29,1993
undisturbed,1993,14,412,128,81000.0,2.29,1993
undisturbed,1993,14,412,128,81600.0,2.29,1993
undisturbed,1993,14,412,128,82200.0,2.28,1993
undisturbed,1993,14,412,128,82800.0,2.29,1993
undisturbed,1993,14,412,128,83400.0,2.28,1993
undisturbed,1993,14,412,128,84000.0,2.29,1993
undisturbed,1993,14,412,128,84600.0,2.28,1993
undisturbed,1993,14,412,128,85200.0,2.29,1993
undisturbed,1993,14,412,128,85800.0,2.28,1993
undisturbed,1993,14,412,128,86400.0,2.29,1993
undisturbed,1993,15,412,128,600.0,3.15,1993
undisturbed,1993,15,412,128,1200.0,5.37,1993
undisturbed,1993,15,412,128,1800.0,6.91,1993
undisturbed,1993,15,412,128,2400.0,6.46,1993
undisturbed,1993,15,412,128,3000.0,6.21,1993
undisturbed,1993,15,412,128,3600.0,6.9,1993
undisturbed,1993,15,412,128,4200.0,7.07,1993
undisturbed,1993,15,412,128,4800.0,7.13,1993
undisturbed,1993,15,412,128,5400.0,6.95,1993
undisturbed,1993,15,412,128,6000.0,6.45,1993
undisturbed,1993,15,412,128,6600.0,6.56,1993
undisturbed,1993,15,412,128,7200.0,6.44,1993
undisturbed,1993,15,412,128,7800.0,6.32,1993
undisturbed,1993,15,412,128,8400.0,6.42,1993
undisturbed,1993,15,412,128,9000.0,6.27,1993
undisturbed,1993,15,412,128,9600.0,6.35,1993
undisturbed,1993,15,412,128,10200.0,6.29,1993
undisturbed,1993,15,412,128,10800.0,6.15,1993
undisturbed,1993,15,412,128,11400.0,5.96,1993
undisturbed,1993,15,412,128,12000.0,5.77,1993
undisturbed,1993,15,412,128,12600.0,5.84,1993
undisturbed,1993,15,412,128,13200.0,5.73,1993
undisturbed,1993,15,412,128,13800.0,5.56,1993
undisturbed,1993,15,412,128,14400.0,5.45,1993
undisturbed,1993,15,412,128,15000.0,5.33,1993
undisturbed,1993,15,412,128,15600.0,5.27,1993
undisturbed,1993,15,412,128,16200.0,5.26,1993
undisturbed,1993,15,412,128,16800.0,5.24,1993
undisturbed,1993,15,412,128,17400.0,5.08,1993
undisturbed,1993,15,412,128,18000.0,4.98,1993
undisturbed,1993,15,412,128,18600.0,4.92,1993
undisturbed,1993,15,412,128,19200.0,4.87,1993
undisturbed,1993,15,412,128,19800.0,4.76,1993
undisturbed,1993,15,412,128,20400.0,4.61,1993
undisturbed,1993,15,412,128,21000.0,4.49,1993
undisturbed,1993,15,412,128,21600.0,4.24,1993
undisturbed,1993,15,412,128,22200.0,4.06,1993
undisturbed,1993,15,412,128,22800.0,3.91,1993
undisturbed,1993,15,412,128,23400.0,3.83,1993
undisturbed,1993,15,412,128,24000.0,3.7,1993
undisturbed,1993,15,412,128,24600.0,3.6,1993
undisturbed,1993,15,412,128,25200.0,3.49,1993
undisturbed,1993,15,412,128,25800.0,3.4,1993
undisturbed,1993,15,412,128,26400.0,3.29,1993
undisturbed,1993,15,412,128,27000.0,3.06,1993
undisturbed,1993,15,412,128,27600.0,2.85,1993
undisturbed,1993,15,412,128,28200.0,2.69,1993
undisturbed,1993,15,412,128,28800.0,2.63,1993
undisturbed,1993,15,412,128,29400.0,2.5,1993
undisturbed,1993,15,412,128,30000.0,2.4,1993
undisturbed,1993,15,412,128,30600.0,2.3,1993
undisturbed,1993,15,412,128,31200.0,2.24,1993
undisturbed,1993,15,412,128,31800.0,2.29,1993
undisturbed,1993,15,412,128,32400.0,2.27,1993
undisturbed,1993,15,412,128,33000.0,2.27,1993
undisturbed,1993,15,412,128,33600.0,2.29,1993
undisturbed,1993,15,412,128,34200.0,2.27,1993
undisturbed,1993,15,412,128,34800.0,2.27,1993
undisturbed,1993,15,412,128,35400.0,2.28,1993
undisturbed,1993,15,412,128,36000.0,2.26,1993
undisturbed,1993,15,412,128,36600.0,2.29,1993
undisturbed,1993,15,412,128,37200.0,2.27,1993
undisturbed,1993,15,412,128,37800.0,2.28,1993
undisturbed,1993,15,412,128,38400.0,2.28,1993
undisturbed,1993,15,412,128,39000.0,2.27,1993
undisturbed,1993,15,412,128,39600.0,2.28,1993
undisturbed,1993,15,412,128,40200.0,2.27,1993
undisturbed,1993,15,412,128,40800.0,2.28,1993
undisturbed,1993,15,412,128,41400.0,2.27,1993
undisturbed,1993,15,412,128,42000.0,2.28,1993
undisturbed,1993,15,412,128,42600.0,2.27,1993
undisturbed,1993,15,412,128,43200.0,2.27,1993
undisturbed,1993,15,412,128,43800.0,2.28,1993
undisturbed,1993,15,412,128,44400.0,2.27,1993
undisturbed,1993,15,412,128,45000.0,2.28,1993
undisturbed,1993,15,412,128,45600.0,2.27,1993
undisturbed,1993,15,412,128,46200.0,2.28,1993
undisturbed,1993,15,412,128,46800.0,2.27,1993
undisturbed,1993,15,412,128,47400.0,2.28,1993
undisturbed,1993,15,412,128,48000.0,2.27,1993
undisturbed,1993,15,412,128,48600.0,2.27,1993
undisturbed,1993,15,412,128,49200.0,2.28,1993
undisturbed,1993,15,412,128,49800.0,2.27,1993
undisturbed,1993,15,412,128,50400.0,2.28,1993
undisturbed,1993,15,412,128,51000.0,2.27,1993
undisturbed,1993,15,412,128,51600.0,2.28,1993
undisturbed,1993,15,412,128,52200.0,2.28,1993
undisturbed,1993,15,412,128,52800.0,2.27,1993
undisturbed,1993,15,412,128,53400.0,2.28,1993
undisturbed,1993,15,412,128,54000.0,2.27,1993
undisturbed,1993,15,412,128,54600.0,2.28,1993
undisturbed,1993,15,412,128,55200.0,2.27,1993
undisturbed,1993,15,412,128,55800.0,2.28,1993
undisturbed,1993,15,412,128,56400.0,2.27,1993
undisturbed,1993,15,412,128,57000.0,2.28,1993
undisturbed,1993,15,412,128,57600.0,2.27,1993
undisturbed,1993,15,412,128,58200.0,2.27,1993
undisturbed,1993,15,412,128,58800.0,2.28,1993
undisturbed,1993,15,412,128,59400.0,2.27,1993
undisturbed,1993,15,412,128,60000.0,2.28,1993
undisturbed,1993,15,412,128,60600.0,2.27,1993
undisturbed,1993,15,412,128,61200.0,2.28,1993
undisturbed,1993,15,412,128,61800.0,2.27,1993
undisturbed,1993,15,412,128,62400.0,2.28,1993
undisturbed,1993,15,412,128,63000.0,2.27,1993
undisturbed,1993,15,412,128,63600.0,2.28,1993
undisturbed,1993,15,412,128,64200.0,2.27,1993
undisturbed,1993,15,412,128,64800.0,2.28,1993
undisturbed,1993,15,412,128,65400.0,2.27,1993
undisturbed,1993,15,412,128,66000.0,2.27,1993
undisturbed,1993,15,412,128,66600.0,2.28,1993
undisturbed,1993,15,412,128,67200.0,2.27,1993
undisturbed,1993,15,412,128,67800.0,2.28,1993
undisturbed,1993,15,412,128,68400.0,2.27,1993
undisturbed,1993,15,412,128,69000.0,2.28,1993
undisturbed,1993,15,412,128,69600.0,2.27,1993
undisturbed,1993,15,412,128,70200.0,2.28,1993
undisturbed,1993,15,412,128,70800.0,2.27,1993
undisturbed,1993,15,412,128,71400.0,2.28,1993
undisturbed,1993,15,412,128,72000.0,2.27,1993
undisturbed,1993,15,412,128,72600.0,2.28,1993
undisturbed,1993,15,412,128,73200.0,2.27,1993
undisturbed,1993,15,412,128,73800.0,2.28,1993
undisturbed,1993,15,412,128,74400.0,2.27,1993
undisturbed,1993,15,412,128,75000.0,2.28,1993
undisturbed,1993,15,412,128,75600.0,2.27,1993
undisturbed,1993,15,412,128,76200.0,2.28,1993
undisturbed,1993,15,412,128,76800.0,2.28,1993
undisturbed,1993,15,412,128,77400.0,2.27,1993
undisturbed,1993,15,412,128,78000.0,2.28,1993
undisturbed,1993,15,412,128,78600.0,2.27,1993
undisturbed,1993,15,412,128,79200.0,2.28,1993
undisturbed,1993,15,412,128,79800.0,2.27,1993
undisturbed,1993,15,412,128,80400.0,2.28,1993
undisturbed,1993,15,412,128,81000.0,2.27,1993
undisturbed,1993,15,412,128,81600.0,2.28,1993
undisturbed,1993,15,412,128,82200.0,2.27,1993
undisturbed,1993,15,412,128,82800.0,2.28,1993
undisturbed,1993,15,412,128,83400.0,2.27,1993
undisturbed,1993,15,412,128,84000.0,2.28,1993
undisturbed,1993,15,412,128,84600.0,2.27,1993
undisturbed,1993,15,412,128,85200.0,2.27,1993
undisturbed,1993,15,412,128,85800.0,2.28,1993
undisturbed,1993,15,412,128,86400.0,2.27,1993
undisturbed,1993,16,412,128,600.0,3.13,1993
undisturbed,1993,16,412,128,1200.0,5.71,1993
undisturbed,1993,16,412,128,1800.0,8.53,1993
undisturbed,1993,16,412,128,2400.0,9.19,1993
undisturbed,1993,16,412,128,3000.0,8.37,1993
undisturbed,1993,16,412,128,3600.0,8.51,1993
undisturbed,1993,16,412,128,4200.0,9.08,1993
undisturbed,1993,16,412,128,4800.0,9.04,1993
undisturbed,1993,16,412,128,5400.0,9.57,1993
undisturbed,1993,16,412,128,6000.0,10.5,1993
undisturbed,1993,16,412,128,6600.0,11.7,1993
undisturbed,1993,16,412,128,7200.0,14.1,1993
undisturbed,1993,16,412,128,7800.0,17.0,1993
undisturbed,1993,16,412,128,8400.0,18.1,1993
undisturbed,1993,16,412,128,9000.0,15.8,1993
undisturbed,1993,16,412,128,9600.0,12.8,1993
undisturbed,1993,16,412,128,10200.0,12.0,1993
undisturbed,1993,16,412,128,10800.0,11.3,1993
undisturbed,1993,16,412,128,11400.0,10.1,1993
undisturbed,1993,16,412,128,12000.0,9.94,1993
undisturbed,1993,16,412,128,12600.0,9.5,1993
undisturbed,1993,16,412,128,13200.0,9.08,1993
undisturbed,1993,16,412,128,13800.0,9.12,1993
undisturbed,1993,16,412,128,14400.0,8.75,1993
undisturbed,1993,16,412,128,15000.0,8.78,1993
undisturbed,1993,16,412,128,15600.0,8.67,1993
undisturbed,1993,16,412,128,16200.0,8.56,1993
undisturbed,1993,16,412,128,16800.0,8.61,1993
undisturbed,1993,16,412,128,17400.0,8.48,1993
undisturbed,1993,16,412,128,18000.0,8.53,1993
undisturbed,1993,16,412,128,18600.0,8.47,1993
undisturbed,1993,16,412,128,19200.0,8.46,1993
undisturbed,1993,16,412,128,19800.0,8.46,1993
undisturbed,1993,16,412,128,20400.0,8.33,1993
undisturbed,1993,16,412,128,21000.0,8.22,1993
undisturbed,1993,16,412,128,21600.0,8.08,1993
undisturbed,1993,16,412,128,22200.0,8.06,1993
undisturbed,1993,16,412,128,22800.0,7.96,1993
undisturbed,1993,16,412,128,23400.0,7.83,1993
undisturbed,1993,16,412,128,24000.0,7.74,1993
undisturbed,1993,16,412,128,24600.0,7.67,1993
undisturbed,1993,16,412,128,25200.0,7.66,1993
undisturbed,1993,16,412,128,25800.0,7.65,1993
undisturbed,1993,16,412,128,26400.0,7.61,1993
undisturbed,1993,16,412,128,27000.0,7.57,1993
undisturbed,1993,16,412,128,27600.0,7.51,1993
undisturbed,1993,16,412,128,28200.0,7.4,1993
undisturbed,1993,16,412,128,28800.0,7.3,1993
undisturbed,1993,16,412,128,29400.0,7.27,1993
undisturbed,1993,16,412,128,30000.0,7.18,1993
undisturbed,1993,16,412,128,30600.0,7.1,1993
undisturbed,1993,16,412,128,31200.0,6.96,1993
undisturbed,1993,16,412,128,31800.0,6.9,1993
undisturbed,1993,16,412,128,32400.0,6.83,1993
undisturbed,1993,16,412,128,33000.0,6.75,1993
undisturbed,1993,16,412,128,33600.0,6.69,1993
undisturbed,1993,16,412,128,34200.0,6.48,1993
undisturbed,1993,16,412,128,34800.0,6.12,1993
undisturbed,1993,16,412,128,35400.0,5.87,1993
undisturbed,1993,16,412,128,36000.0,5.71,1993
undisturbed,1993,16,412,128,36600.0,5.49,1993
undisturbed,1993,16,412,128,37200.0,5.43,1993
undisturbed,1993,16,412,128,37800.0,5.26,1993
undisturbed,1993,16,412,128,38400.0,5.03,1993
undisturbed,1993,16,412,128,39000.0,4.76,1993
undisturbed,1993,16,412,128,39600.0,4.44,1993
undisturbed,1993,16,412,128,40200.0,4.33,1993
undisturbed,1993,16,412,128,40800.0,4.31,1993
undisturbed,1993,16,412,128,41400.0,4.16,1993
undisturbed,1993,16,412,128,42000.0,4.03,1993
undisturbed,1993,16,412,128,42600.0,3.89,1993
undisturbed,1993,16,412,128,43200.0,3.71,1993
undisturbed,1993,16,412,128,43800.0,3.69,1993
undisturbed,1993,16,412,128,44400.0,3.57,1993
undisturbed,1993,16,412,128,45000.0,3.39,1993
undisturbed,1993,16,412,128,45600.0,3.23,1993
undisturbed,1993,16,412,128,46200.0,3.08,1993
undisturbed,1993,16,412,128,46800.0,2.93,1993
undisturbed,1993,16,412,128,47400.0,2.59,1993
undisturbed,1993,16,412,128,48000.0,2.25,1993
undisturbed,1993,16,412,128,48600.0,2.17,1993
undisturbed,1993,16,412,128,49200.0,2.17,1993
undisturbed,1993,16,412,128,49800.0,2.1,1993
undisturbed,1993,16,412,128,50400.0,2.07,1993
undisturbed,1993,16,412,128,51000.0,2.14,1993
undisturbed,1993,16,412,128,51600.0,2.1,1993
undisturbed,1993,16,412,128,52200.0,2.1,1993
undisturbed,1993,16,412,128,52800.0,2.12,1993
undisturbed,1993,16,412,128,53400.0,2.1,1993
undisturbed,1993,16,412,128,54000.0,2.11,1993
undisturbed,1993,16,412,128,54600.0,2.11,1993
undisturbed,1993,16,412,128,55200.0,2.11,1993
undisturbed,1993,16,412,128,55800.0,2.11,1993
undisturbed,1993,16,412,128,56400.0,2.1,1993
undisturbed,1993,16,412,128,57000.0,2.11,1993
undisturbed,1993,16,412,128,57600.0,2.1,1993
undisturbed,1993,16,412,128,58200.0,2.11,1993
undisturbed,1993,16,412,128,58800.0,2.1,1993
undisturbed,1993,16,412,128,59400.0,2.11,1993
undisturbed,1993,16,412,128,60000.0,2.11,1993
undisturbed,1993,16,412,128,60600.0,2.11,1993
undisturbed,1993,16,412,128,61200.0,2.11,1993
undisturbed,1993,16,412,128,61800.0,2.1,1993
undisturbed,1993,16,412,128,62400.0,2.11,1993
undisturbed,1993,16,412,128,63000.0,2.1,1993
undisturbed,1993,16,412,128,63600.0,2.11,1993
undisturbed,1993,16,412,128,64200.0,2.11,1993
undisturbed,1993,16,412,128,64800.0,2.11,1993
undisturbed,1993,16,412,128,65400.0,2.11,1993
undisturbed,1993,16,412,128,66000.0,2.11,1993
undisturbed,1993,16,412,128,66600.0,2.11,1993
undisturbed,1993,16,412,128,67200.0,2.11,1993
undisturbed,1993,16,412,128,67800.0,2.11,1993
undisturbed,1993,16,412,128,68400.0,2.11,1993
undisturbed,1993,16,412,128,69000.0,2.11,1993
undisturbed,1993,16,412,128,69600.0,2.11,1993
undisturbed,1993,16,412,128,70200.0,2.1,1993
undisturbed,1993,16,412,128,70800.0,2.11,1993
undisturbed,1993,16,412,128,71400.0,2.1,1993
undisturbed,1993,16,412,128,72000.0,2.11,1993
undisturbed,1993,16,412,128,72600.0,2.1,1993
undisturbed,1993,16,412,128,73200.0,2.11,1993
undisturbed,1993,16,412,128,73800.0,2.11,1993
undisturbed,1993,16,412,128,74400.0,2.11,1993
undisturbed,1993,16,412,128,75000.0,2.11,1993
undisturbed,1993,16,412,128,75600.0,2.11,1993
undisturbed,1993,16,412,128,76200.0,2.11,1993
undisturbed,1993,16,412,128,76800.0,2.11,1993
undisturbed,1993,16,412,128,77400.0,2.11,1993
undisturbed,1993,16,412,128,78000.0,2.11,1993
undisturbed,1993,16,412,128,78600.0,2.11,1993
undisturbed,1993,16,412,128,79200.0,2.11,1993
undisturbed,1993,16,412,128,79800.0,2.11,1993
undisturbed,1993,16,412,128,80400.0,2.11,1993
undisturbed,1993,16,412,128,81000.0,2.11,1993
undisturbed,1993,16,412,128,81600.0,2.11,1993
undisturbed,1993,16,412,128,82200.0,2.11,1993
undisturbed,1993,16,412,128,82800.0,2.11,1993
undisturbed,1993,16,412,128,83400.0,2.11,1993
undisturbed,1993,16,412,128,84000.0,2.11,1993
undisturbed,1993,16,412,128,84600.0,2.11,1993
undisturbed,1993,16,412,128,85200.0,2.11,1993
undisturbed,1993,16,412,128,85800.0,2.11,1993
undisturbed,1993,16,412,128,86400.0,2.11,1993
undisturbed,1993,17,412,128,600.0,3.58,1993
undisturbed,1993,17,412,128,1200.0,7.35,1993
undisturbed,1993,17,412,128,1800.0,9.97,1993
undisturbed,1993,17,412,128,2400.0,9.77,1993
undisturbed,1993,17,412,128,3000.0,10.8,1993
undisturbed,1993,17,412,128,3600.0,14.8,1993
undisturbed,1993,17,412,128,4200.0,22.1,1993
undisturbed,1993,17,412,128,4800.0,41.1,1993
undisturbed,1993,17,412,128,5400.0,67.7,1993
undisturbed,1993,17,412,128,6000.0,71.9,1993
undisturbed,1993,17,412,128,6600.0,45.7,1993
undisturbed,1993,17,412,128,7200.0,25.2,1993
undisturbed,1993,17,412,128,7800.0,22.1,1993
undisturbed,1993,17,412,128,8400.0,16.2,1993
undisturbed,1993,17,412,128,9000.0,12.2,1993
undisturbed,1993,17,412,128,9600.0,12.3,1993
undisturbed,1993,17,412,128,10200.0,9.73,1993
undisturbed,1993,17,412,128,10800.0,9.83,1993
undisturbed,1993,17,412,128,11400.0,9.34,1993
undisturbed,1993,17,412,128,12000.0,8.65,1993
undisturbed,1993,17,412,128,12600.0,9.09,1993
undisturbed,1993,17,412,128,13200.0,8.37,1993
undisturbed,1993,17,412,128,13800.0,8.69,1993
undisturbed,1993,17,412,128,14400.0,8.24,1993
undisturbed,1993,17,412,128,15000.0,8.1,1993
undisturbed,1993,17,412,128,15600.0,8.19,1993
undisturbed,1993,17,412,128,16200.0,8.0,1993
undisturbed,1993,17,412,128,16800.0,8.19,1993
undisturbed,1993,17,412,128,17400.0,7.86,1993
undisturbed,1993,17,412,128,18000.0,7.92,1993
undisturbed,1993,17,412,128,18600.0,7.76,1993
undisturbed,1993,17,412,128,19200.0,7.8,1993
undisturbed,1993,17,412,128,19800.0,7.73,1993
undisturbed,1993,17,412,128,20400.0,7.63,1993
undisturbed,1993,17,412,128,21000.0,7.66,1993
undisturbed,1993,17,412,128,21600.0,7.52,1993
undisturbed,1993,17,412,128,22200.0,7.61,1993
undisturbed,1993,17,412,128,22800.0,7.47,1993
undisturbed,1993,17,412,128,23400.0,7.51,1993
undisturbed,1993,17,412,128,24000.0,7.42,1993
undisturbed,1993,17,412,128,24600.0,7.33,1993
undisturbed,1993,17,412,128,25200.0,7.26,1993
undisturbed,1993,17,412,128,25800.0,7.2,1993
undisturbed,1993,17,412,128,26400.0,7.14,1993
undisturbed,1993,17,412,128,27000.0,7.0,1993
undisturbed,1993,17,412,128,27600.0,6.96,1993
undisturbed,1993,17,412,128,28200.0,6.84,1993
undisturbed,1993,17,412,128,28800.0,6.75,1993
undisturbed,1993,17,412,128,29400.0,6.54,1993
undisturbed,1993,17,412,128,30000.0,6.43,1993
undisturbed,1993,17,412,128,30600.0,6.29,1993
undisturbed,1993,17,412,128,31200.0,6.12,1993
undisturbed,1993,17,412,128,31800.0,5.95,1993
undisturbed,1993,17,412,128,32400.0,5.75,1993
undisturbed,1993,17,412,128,33000.0,5.69,1993
undisturbed,1993,17,412,128,33600.0,5.62,1993
undisturbed,1993,17,412,128,34200.0,5.57,1993
undisturbed,1993,17,412,128,34800.0,5.5,1993
undisturbed,1993,17,412,128,35400.0,5.41,1993
undisturbed,1993,17,412,128,36000.0,5.32,1993
undisturbed,1993,17,412,128,36600.0,5.26,1993
undisturbed,1993,17,412,128,37200.0,5.14,1993
undisturbed,1993,17,412,128,37800.0,5.09,1993
undisturbed,1993,17,412,128,38400.0,5.05,1993
undisturbed,1993,17,412,128,39000.0,4.96,1993
undisturbed,1993,17,412,128,39600.0,4.75,1993
undisturbed,1993,17,412,128,40200.0,4.52,1993
undisturbed,1993,17,412,128,40800.0,4.44,1993
undisturbed,1993,17,412,128,41400.0,4.46,1993
undisturbed,1993,17,412,128,42000.0,4.41,1993
undisturbed,1993,17,412,128,42600.0,4.29,1993
undisturbed,1993,17,412,128,43200.0,4.25,1993
undisturbed,1993,17,412,128,43800.0,4.17,1993
undisturbed,1993,17,412,128,44400.0,3.98,1993
undisturbed,1993,17,412,128,45000.0,3.69,1993
undisturbed,1993,17,412,128,45600.0,3.29,1993
undisturbed,1993,17,412,128,46200.0,2.97,1993
undisturbed,1993,17,412,128,46800.0,2.85,1993
undisturbed,1993,17,412,128,47400.0,2.85,1993
undisturbed,1993,17,412,128,48000.0,2.75,1993
undisturbed,1993,17,412,128,48600.0,2.64,1993
undisturbed,1993,17,412,128,49200.0,2.61,1993
undisturbed,1993,17,412,128,49800.0,2.5,1993
undisturbed,1993,17,412,128,50400.0,2.41,1993
undisturbed,1993,17,412,128,51000.0,2.34,1993
undisturbed,1993,17,412,128,51600.0,2.28,1993
undisturbed,1993,17,412,128,52200.0,2.22,1993
undisturbed,1993,17,412,128,52800.0,2.23,1993
undisturbed,1993,17,412,128,53400.0,2.18,1993
undisturbed,1993,17,412,128,54000.0,2.17,1993
undisturbed,1993,17,412,128,54600.0,2.2,1993
undisturbed,1993,17,412,128,55200.0,2.18,1993
undisturbed,1993,17,412,128,55800.0,2.19,1993
undisturbed,1993,17,412,128,56400.0,2.19,1993
undisturbed,1993,17,412,128,57000.0,2.18,1993
undisturbed,1993,17,412,128,57600.0,2.19,1993
undisturbed,1993,17,412,128,58200.0,2.18,1993
undisturbed,1993,17,412,128,58800.0,2.19,1993
undisturbed,1993,17,412,128,59400.0,2.18,1993
undisturbed,1993,17,412,128,60000.0,2.18,1993
undisturbed,1993,17,412,128,60600.0,2.19,1993
undisturbed,1993,17,412,128,61200.0,2.18,1993
undisturbed,1993,17,412,128,61800.0,2.19,1993
undisturbed,1993,17,412,128,62400.0,2.18,1993
undisturbed,1993,17,412,128,63000.0,2.19,1993
undisturbed,1993,17,412,128,63600.0,2.18,1993
undisturbed,1993,17,412,128,64200.0,2.19,1993
undisturbed,1993,17,412,128,64800.0,2.18,1993
undisturbed,1993,17,412,128,65400.0,2.19,1993
undisturbed,1993,17,412,128,66000.0,2.18,1993
undisturbed,1993,17,412,128,66600.0,2.19,1993
undisturbed,1993,17,412,128,67200.0,2.18,1993
undisturbed,1993,17,412,128,67800.0,2.19,1993
undisturbed,1993,17,412,128,68400.0,2.18,1993
undisturbed,1993,17,412,128,69000.0,2.19,1993
undisturbed,1993,17,412,128,69600.0,2.18,1993
undisturbed,1993,17,412,128,70200.0,2.19,1993
undisturbed,1993,17,412,128,70800.0,2.18,1993
undisturbed,1993,17,412,128,71400.0,2.19,1993
undisturbed,1993,17,412,128,72000.0,2.18,1993
undisturbed,1993,17,412,128,72600.0,2.19,1993
undisturbed,1993,17,412,128,73200.0,2.18,1993
undisturbed,1993,17,412,128,73800.0,2.19,1993
undisturbed,1993,17,412,128,74400.0,2.19,1993
undisturbed,1993,17,412,128,75000.0,2.18,1993
undisturbed,1993,17,412,128,75600.0,2.19,1993
undisturbed,1993,17,412,128,76200.0,2.18,1993
undisturbed,1993,17,412,128,76800.0,2.19,1993
undisturbed,1993,17,412,128,77400.0,2.18,1993
undisturbed,1993,17,412,128,78000.0,2.19,1993
undisturbed,1993,17,412,128,78600.0,2.18,1993
undisturbed,1993,17,412,128,79200.0,2.19,1993
undisturbed,1993,17,412,128,79800.0,2.18,1993
undisturbed,1993,17,412,128,80400.0,2.19,1993
undisturbed,1993,17,412,128,81000.0,2.18,1993
undisturbed,1993,17,412,128,81600.0,2.19,1993
undisturbed,1993,17,412,128,82200.0,2.18,1993
undisturbed,1993,17,412,128,82800.0,2.19,1993
undisturbed,1993,17,412,128,83400.0,2.18,1993
undisturbed,1993,17,412,128,84000.0,2.19,1993
undisturbed,1993,17,412,128,84600.0,2.18,1993
undisturbed,1993,17,412,128,85200.0,2.19,1993
undisturbed,1993,17,412,128,85800.0,2.18,1993
undisturbed,1993,17,412,128,86400.0,2.19,1993
undisturbed,1993,18,412,128,600.0,435.0,1993
undisturbed,1993,18,412,128,1200.0,708.0,1993
undisturbed,1993,18,412,128,1800.0,95.1,1993
undisturbed,1993,18,412,128,2400.0,96.3,1993
undisturbed,1993,18,412,128,3000.0,189.0,1993
undisturbed,1993,18,412,128,3600.0,0.0,1993
undisturbed,1993,18,412,128,4200.0,141.0,1993
undisturbed,1993,18,412,128,4800.0,11.6,1993
undisturbed,1993,18,412,128,5400.0,75.6,1993
undisturbed,1993,18,412,128,6000.0,38.9,1993
undisturbed,1993,18,412,128,6600.0,29.5,1993
undisturbed,1993,18,412,128,7200.0,59.6,1993
undisturbed,1993,18,412,128,7800.0,4.25,1993
undisturbed,1993,18,412,128,8400.0,62.6,1993
undisturbed,1993,18,412,128,9000.0,0.0,1993
undisturbed,1993,18,412,128,9600.0,56.7,1993
undisturbed,1993,18,412,128,10200.0,3.51,1993
undisturbed,1993,18,412,128,10800.0,42.9,1993
undisturbed,1993,18,412,128,11400.0,12.3,1993
undisturbed,1993,18,412,128,12000.0,27.8,1993
undisturbed,1993,18,412,128,12600.0,20.8,1993
undisturbed,1993,18,412,128,13200.0,15.1,1993
undisturbed,1993,18,412,128,13800.0,28.5,1993
undisturbed,1993,18,412,128,14400.0,5.18,1993
undisturbed,1993,18,412,128,15000.0,31.6,1993
undisturbed,1993,18,412,128,15600.0,1.4,1993
undisturbed,1993,18,412,128,16200.0,31.3,1993
undisturbed,1993,18,412,128,16800.0,0.859,1993
undisturbed,1993,18,412,128,17400.0,27.6,1993
undisturbed,1993,18,412,128,18000.0,2.41,1993
undisturbed,1993,18,412,128,18600.0,21.6,1993
undisturbed,1993,18,412,128,19200.0,5.65,1993
undisturbed,1993,18,412,128,19800.0,15.4,1993
undisturbed,1993,18,412,128,20400.0,9.06,1993
undisturbed,1993,18,412,128,21000.0,10.7,1993
undisturbed,1993,18,412,128,21600.0,12.0,1993
undisturbed,1993,18,412,128,22200.0,5.96,1993
undisturbed,1993,18,412,128,22800.0,14.1,1993
undisturbed,1993,18,412,128,23400.0,2.41,1993
undisturbed,1993,18,412,128,24000.0,15.2,1993
undisturbed,1993,18,412,128,24600.0,0.207,1993
undisturbed,1993,18,412,128,25200.0,15.3,1993
undisturbed,1993,18,412,128,25800.0,0.0,1993
undisturbed,1993,18,412,128,26400.0,13.9,1993
undisturbed,1993,18,412,128,27000.0,0.692,1993
undisturbed,1993,18,412,128,27600.0,12.1,1993
undisturbed,1993,18,412,128,28200.0,1.97,1993
undisturbed,1993,18,412,128,28800.0,10.8,1993
undisturbed,1993,18,412,128,29400.0,3.24,1993
undisturbed,1993,18,412,128,30000.0,8.9,1993
undisturbed,1993,18,412,128,30600.0,4.64,1993
undisturbed,1993,18,412,128,31200.0,6.97,1993
undisturbed,1993,18,412,128,31800.0,5.91,1993
undisturbed,1993,18,412,128,32400.0,5.51,1993
undisturbed,1993,18,412,128,33000.0,6.89,1993
undisturbed,1993,18,412,128,33600.0,4.04,1993
undisturbed,1993,18,412,128,34200.0,7.4,1993
undisturbed,1993,18,412,128,34800.0,3.07,1993
undisturbed,1993,18,412,128,35400.0,7.81,1993
undisturbed,1993,18,412,128,36000.0,2.48,1993
undisturbed,1993,18,412,128,36600.0,8.19,1993
undisturbed,1993,18,412,128,37200.0,2.01,1993
undisturbed,1993,18,412,128,37800.0,8.35,1993
undisturbed,1993,18,412,128,38400.0,1.75,1993
undisturbed,1993,18,412,128,39000.0,8.21,1993
undisturbed,1993,18,412,128,39600.0,1.73,1993
undisturbed,1993,18,412,128,40200.0,7.91,1993
undisturbed,1993,18,412,128,40800.0,1.99,1993
undisturbed,1993,18,412,128,41400.0,7.38,1993
undisturbed,1993,18,412,128,42000.0,2.48,1993
undisturbed,1993,18,412,128,42600.0,6.67,1993
undisturbed,1993,18,412,128,43200.0,3.11,1993
undisturbed,1993,18,412,128,43800.0,5.89,1993
undisturbed,1993,18,412,128,44400.0,3.78,1993
undisturbed,1993,18,412,128,45000.0,5.11,1993
undisturbed,1993,18,412,128,45600.0,4.43,1993
undisturbed,1993,18,412,128,46200.0,4.39,1993
undisturbed,1993,18,412,128,46800.0,5.0,1993
undisturbed,1993,18,412,128,47400.0,3.77,1993
undisturbed,1993,18,412,128,48000.0,5.45,1993
undisturbed,1993,18,412,128,48600.0,3.29,1993
undisturbed,1993,18,412,128,49200.0,5.76,1993
undisturbed,1993,18,412,128,49800.0,2.95,1993
undisturbed,1993,18,412,128,50400.0,5.94,1993
undisturbed,1993,18,412,128,51000.0,2.76,1993
undisturbed,1993,18,412,128,51600.0,5.99,1993
undisturbed,1993,18,412,128,52200.0,2.72,1993
undisturbed,1993,18,412,128,52800.0,5.92,1993
undisturbed,1993,18,412,128,53400.0,2.77,1993
undisturbed,1993,18,412,128,54000.0,5.76,1993
undisturbed,1993,18,412,128,54600.0,2.9,1993
undisturbed,1993,18,412,128,55200.0,5.53,1993
undisturbed,1993,18,412,128,55800.0,3.08,1993
undisturbed,1993,18,412,128,56400.0,5.25,1993
undisturbed,1993,18,412,128,57000.0,3.3,1993
undisturbed,1993,18,412,128,57600.0,4.95,1993
undisturbed,1993,18,412,128,58200.0,3.52,1993
undisturbed,1993,18,412,128,58800.0,4.65,1993
undisturbed,1993,18,412,128,59400.0,3.73,1993
undisturbed,1993,18,412,128,60000.0,4.37,1993
undisturbed,1993,18,412,128,60600.0,3.93,1993
undisturbed,1993,18,412,128,61200.0,4.13,1993
undisturbed,1993,18,412,128,61800.0,4.09,1993
undisturbed,1993,18,412,128,62400.0,3.93,1993
undisturbed,1993,18,412,128,63000.0,4.21,1993
undisturbed,1993,18,412,128,63600.0,3.77,1993
undisturbed,1993,18,412,128,64200.0,4.29,1993
undisturbed,1993,18,412,128,64800.0,3.65,1993
undisturbed,1993,18,412,128,65400.0,4.34,1993
undisturbed,1993,18,412,128,66000.0,3.57,1993
undisturbed,1993,18,412,128,66600.0,4.36,1993
undisturbed,1993,18,412,128,67200.0,3.52,1993
undisturbed,1993,18,412,128,67800.0,4.35,1993
undisturbed,1993,18,412,128,68400.0,3.49,1993
undisturbed,1993,18,412,128,69000.0,4.33,1993
undisturbed,1993,18,412,128,69600.0,3.48,1993
undisturbed,1993,18,412,128,70200.0,4.28,1993
undisturbed,1993,18,412,128,70800.0,3.48,1993
undisturbed,1993,18,412,128,71400.0,4.22,1993
undisturbed,1993,18,412,128,72000.0,3.5,1993
undisturbed,1993,18,412,128,72600.0,4.16,1993
undisturbed,1993,18,412,128,73200.0,3.52,1993
undisturbed,1993,18,412,128,73800.0,4.1,1993
undisturbed,1993,18,412,128,74400.0,3.54,1993
undisturbed,1993,18,412,128,75000.0,4.03,1993
undisturbed,1993,18,412,128,75600.0,3.56,1993
undisturbed,1993,18,412,128,76200.0,3.97,1993
undisturbed,1993,18,412,128,76800.0,3.58,1993
undisturbed,1993,18,412,128,77400.0,3.92,1993
undisturbed,1993,18,412,128,78000.0,3.59,1993
undisturbed,1993,18,412,128,78600.0,3.87,1993
undisturbed,1993,18,412,128,79200.0,3.6,1993
undisturbed,1993,18,412,128,79800.0,3.83,1993
undisturbed,1993,18,412,128,80400.0,3.6,1993
undisturbed,1993,18,412,128,81000.0,3.79,1993
undisturbed,1993,18,412,128,81600.0,3.6,1993
undisturbed,1993,18,412,128,82200.0,3.76,1993
undisturbed,1993,18,412,128,82800.0,3.59,1993
undisturbed,1993,18,412,128,83400.0,3.73,1993
undisturbed,1993,18,412,128,84000.0,3.59,1993
undisturbed,1993,18,412,128,84600.0,3.71,1993
undisturbed,1993,18,412,128,85200.0,3.58,1993
undisturbed,1993,18,412,128,85800.0,3.68,1993
undisturbed,1993,18,412,128,86400.0,3.57,1993
undisturbed,1993,19,412,128,600.0,3.54,1993
undisturbed,1993,19,412,128,1200.0,3.16,1993
undisturbed,1993,19,412,128,1800.0,3.06,1993
undisturbed,1993,19,412,128,2400.0,3.06,1993
undisturbed,1993,19,412,128,3000.0,3.11,1993
undisturbed,1993,19,412,128,3600.0,3.04,1993
undisturbed,1993,19,412,128,4200.0,3.06,1993
undisturbed,1993,19,412,128,4800.0,3.06,1993
undisturbed,1993,19,412,128,5400.0,3.03,1993
undisturbed,1993,19,412,128,6000.0,3.05,1993
undisturbed,1993,19,412,128,6600.0,3.0,1993
undisturbed,1993,19,412,128,7200.0,3.05,1993
undisturbed,1993,19,412,128,7800.0,2.97,1993
undisturbed,1993,19,412,128,8400.0,3.05,1993
undisturbed,1993,19,412,128,9000.0,2.93,1993
undisturbed,1993,19,412,128,9600.0,3.06,1993
undisturbed,1993,19,412,128,10200.0,2.9,1993
undisturbed,1993,19,412,128,10800.0,3.06,1993
undisturbed,1993,19,412,128,11400.0,2.87,1993
undisturbed,1993,19,412,128,12000.0,3.06,1993
undisturbed,1993,19,412,128,12600.0,2.84,1993
undisturbed,1993,19,412,128,13200.0,3.06,1993
undisturbed,1993,19,412,128,13800.0,2.81,1993
undisturbed,1993,19,412,128,14400.0,3.05,1993
undisturbed,1993,19,412,128,15000.0,2.79,1993
undisturbed,1993,19,412,128,15600.0,3.04,1993
undisturbed,1993,19,412,128,16200.0,2.77,1993
undisturbed,1993,19,412,128,16800.0,3.03,1993
undisturbed,1993,19,412,128,17400.0,2.75,1993
undisturbed,1993,19,412,128,18000.0,3.02,1993
undisturbed,1993,19,412,128,18600.0,2.74,1993
undisturbed,1993,19,412,128,19200.0,3.0,1993
undisturbed,1993,19,412,128,19800.0,2.73,1993
undisturbed,1993,19,412,128,20400.0,2.99,1993
undisturbed,1993,19,412,128,21000.0,2.72,1993
undisturbed,1993,19,412,128,21600.0,2.96,1993
undisturbed,1993,19,412,128,22200.0,2.71,1993
undisturbed,1993,19,412,128,22800.0,2.94,1993
undisturbed,1993,19,412,128,23400.0,2.71,1993
undisturbed,1993,19,412,128,24000.0,2.91,1993
undisturbed,1993,19,412,128,24600.0,2.71,1993
undisturbed,1993,19,412,128,25200.0,2.88,1993
undisturbed,1993,19,412,128,25800.0,2.72,1993
undisturbed,1993,19,412,128,26400.0,2.85,1993
undisturbed,1993,19,412,128,27000.0,2.72,1993
undisturbed,1993,19,412,128,27600.0,2.82,1993
undisturbed,1993,19,412,128,28200.0,2.72,1993
undisturbed,1993,19,412,128,28800.0,2.79,1993
undisturbed,1993,19,412,128,29400.0,2.73,1993
undisturbed,1993,19,412,128,30000.0,2.76,1993
undisturbed,1993,19,412,128,30600.0,2.73,1993
undisturbed,1993,19,412,128,31200.0,2.73,1993
undisturbed,1993,19,412,128,31800.0,2.74,1993
undisturbed,1993,19,412,128,32400.0,2.7,1993
undisturbed,1993,19,412,128,33000.0,2.74,1993
undisturbed,1993,19,412,128,33600.0,2.68,1993
undisturbed,1993,19,412,128,34200.0,2.74,1993
undisturbed,1993,19,412,128,34800.0,2.65,1993
undisturbed,1993,19,412,128,35400.0,2.74,1993
undisturbed,1993,19,412,128,36000.0,2.63,1993
undisturbed,1993,19,412,128,36600.0,2.73,1993
undisturbed,1993,19,412,128,37200.0,2.61,1993
undisturbed,1993,19,412,128,37800.0,2.73,1993
undisturbed,1993,19,412,128,38400.0,2.59,1993
undisturbed,1993,19,412,128,39000.0,2.72,1993
undisturbed,1993,19,412,128,39600.0,2.57,1993
undisturbed,1993,19,412,128,40200.0,2.72,1993
undisturbed,1993,19,412,128,40800.0,2.56,1993
undisturbed,1993,19,412,128,41400.0,2.71,1993
undisturbed,1993,19,412,128,42000.0,2.55,1993
undisturbed,1993,19,412,128,42600.0,2.69,1993
undisturbed,1993,19,412,128,43200.0,2.54,1993
undisturbed,1993,19,412,128,43800.0,2.68,1993
undisturbed,1993,19,412,128,44400.0,2.53,1993
undisturbed,1993,19,412,128,45000.0,2.67,1993
undisturbed,1993,19,412,128,45600.0,2.52,1993
undisturbed,1993,19,412,128,46200.0,2.65,1993
undisturbed,1993,19,412,128,46800.0,2.51,1993
undisturbed,1993,19,412,128,47400.0,2.64,1993
undisturbed,1993,19,412,128,48000.0,2.51,1993
undisturbed,1993,19,412,128,48600.0,2.62,1993
undisturbed,1993,19,412,128,49200.0,2.5,1993
undisturbed,1993,19,412,128,49800.0,2.6,1993
undisturbed,1993,19,412,128,50400.0,2.5,1993
undisturbed,1993,19,412,128,51000.0,2.59,1993
undisturbed,1993,19,412,128,51600.0,2.49,1993
undisturbed,1993,19,412,128,52200.0,2.57,1993
undisturbed,1993,19,412,128,52800.0,2.49,1993
undisturbed,1993,19,412,128,53400.0,2.55,1993
undisturbed,1993,19,412,128,54000.0,2.49,1993
undisturbed,1993,19,412,128,54600.0,2.53,1993
undisturbed,1993,19,412,128,55200.0,2.48,1993
undisturbed,1993,19,412,128,55800.0,2.51,1993
undisturbed,1993,19,412,128,56400.0,2.48,1993
undisturbed,1993,19,412,128,57000.0,2.5,1993
undisturbed,1993,19,412,128,57600.0,2.48,1993
undisturbed,1993,19,412,128,58200.0,2.48,1993
undisturbed,1993,19,412,128,58800.0,2.47,1993
undisturbed,1993,19,412,128,59400.0,2.47,1993
undisturbed,1993,19,412,128,60000.0,2.47,1993
undisturbed,1993,19,412,128,60600.0,2.45,1993
undisturbed,1993,19,412,128,61200.0,2.46,1993
undisturbed,1993,19,412,128,61800.0,2.44,1993
undisturbed,1993,19,412,128,62400.0,2.46,1993
undisturbed,1993,19,412,128,63000.0,2.42,1993
undisturbed,1993,19,412,128,63600.0,2.45,1993
undisturbed,1993,19,412,128,64200.0,2.41,1993
undisturbed,1993,19,412,128,64800.0,2.44,1993
undisturbed,1993,19,412,128,65400.0,2.4,1993
undisturbed,1993,19,412,128,66000.0,2.44,1993
undisturbed,1993,19,412,128,66600.0,2.39,1993
undisturbed,1993,19,412,128,67200.0,2.43,1993
undisturbed,1993,19,412,128,67800.0,2.38,1993
undisturbed,1993,19,412,128,68400.0,2.42,1993
undisturbed,1993,19,412,128,69000.0,2.37,1993
undisturbed,1993,19,412,128,69600.0,2.41,1993
undisturbed,1993,19,412,128,70200.0,2.36,1993
undisturbed,1993,19,412,128,70800.0,2.4,1993
undisturbed,1993,19,412,128,71400.0,2.35,1993
undisturbed,1993,19,412,128,72000.0,2.39,1993
undisturbed,1993,19,412,128,72600.0,2.34,1993
undisturbed,1993,19,412,128,73200.0,2.38,1993
undisturbed,1993,19,412,128,73800.0,2.33,1993
undisturbed,1993,19,412,128,74400.0,2.37,1993
undisturbed,1993,19,412,128,75000.0,2.32,1993
undisturbed,1993,19,412,128,75600.0,2.36,1993
undisturbed,1993,19,412,128,76200.0,2.32,1993
undisturbed,1993,19,412,128,76800.0,2.35,1993
undisturbed,1993,19,412,128,77400.0,2.31,1993
undisturbed,1993,19,412,128,78000.0,2.34,1993
undisturbed,1993,19,412,128,78600.0,2.3,1993
undisturbed,1993,19,412,128,79200.0,2.33,1993
undisturbed,1993,19,412,128,79800.0,2.3,1993
undisturbed,1993,19,412,128,80400.0,2.32,1993
undisturbed,1993,19,412,128,81000.0,2.29,1993
undisturbed,1993,19,412,128,81600.0,2.31,1993
undisturbed,1993,19,412,128,82200.0,2.29,1993
undisturbed,1993,19,412,128,82800.0,2.3,1993
undisturbed,1993,19,412,128,83400.0,2.28,1993
undisturbed,1993,19,412,128,84000.0,2.29,1993
undisturbed,1993,19,412,128,84600.0,2.27,1993
undisturbed,1993,19,412,128,85200.0,2.28,1993
undisturbed,1993,19,412,128,85800.0,2.27,1993
undisturbed,1993,19,412,128,86400.0,2.27,1993
undisturbed,1993,20,412,128,600.0,2.25,1993
undisturbed,1993,20,412,128,1200.0,2.18,1993
undisturbed,1993,20,412,128,1800.0,2.04,1993
undisturbed,1993,20,412,128,2400.0,1.85,1993
undisturbed,1993,20,412,128,3000.0,1.74,1993
undisturbed,1993,20,412,128,3600.0,1.72,1993
undisturbed,1993,20,412,128,4200.0,1.79,1993
undisturbed,1993,20,412,128,4800.0,1.74,1993
undisturbed,1993,20,412,128,5400.0,1.72,1993
undisturbed,1993,20,412,128,6000.0,1.71,1993
undisturbed,1993,20,412,128,6600.0,1.72,1993
undisturbed,1993,20,412,128,7200.0,1.69,1993
undisturbed,1993,20,412,128,7800.0,1.68,1993
undisturbed,1993,20,412,128,8400.0,1.69,1993
undisturbed,1993,20,412,128,9000.0,1.65,1993
undisturbed,1993,20,412,128,9600.0,1.67,1993
undisturbed,1993,20,412,128,10200.0,1.64,1993
undisturbed,1993,20,412,128,10800.0,1.63,1993
undisturbed,1993,20,412,128,11400.0,1.63,1993
undisturbed,1993,20,412,128,12000.0,1.61,1993
undisturbed,1993,20,412,128,12600.0,1.62,1993
undisturbed,1993,20,412,128,13200.0,1.6,1993
undisturbed,1993,20,412,128,13800.0,1.59,1993
undisturbed,1993,20,412,128,14400.0,1.58,1993
undisturbed,1993,20,412,128,15000.0,1.57,1993
undisturbed,1993,20,412,128,15600.0,1.57,1993
undisturbed,1993,20,412,128,16200.0,1.55,1993
undisturbed,1993,20,412,128,16800.0,1.55,1993
undisturbed,1993,20,412,128,17400.0,1.54,1993
undisturbed,1993,20,412,128,18000.0,1.53,1993
undisturbed,1993,20,412,128,18600.0,1.53,1993
undisturbed,1993,20,412,128,19200.0,1.51,1993
undisturbed,1993,20,412,128,19800.0,1.53,1993
undisturbed,1993,20,412,128,20400.0,1.48,1993
undisturbed,1993,20,412,128,21000.0,1.52,1993
undisturbed,1993,20,412,128,21600.0,1.45,1993
undisturbed,1993,20,412,128,22200.0,1.52,1993
undisturbed,1993,20,412,128,22800.0,1.44,1993
undisturbed,1993,20,412,128,23400.0,1.5,1993
undisturbed,1993,20,412,128,24000.0,1.43,1993
undisturbed,1993,20,412,128,24600.0,1.47,1993
undisturbed,1993,20,412,128,25200.0,1.44,1993
undisturbed,1993,20,412,128,25800.0,1.44,1993
undisturbed,1993,20,412,128,26400.0,1.45,1993
undisturbed,1993,20,412,128,27000.0,1.4,1993
undisturbed,1993,20,412,128,27600.0,1.46,1993
undisturbed,1993,20,412,128,28200.0,1.37,1993
undisturbed,1993,20,412,128,28800.0,1.47,1993
undisturbed,1993,20,412,128,29400.0,1.34,1993
undisturbed,1993,20,412,128,30000.0,1.47,1993
undisturbed,1993,20,412,128,30600.0,1.32,1993
undisturbed,1993,20,412,128,31200.0,1.46,1993
undisturbed,1993,20,412,128,31800.0,1.31,1993
undisturbed,1993,20,412,128,32400.0,1.45,1993
undisturbed,1993,20,412,128,33000.0,1.31,1993
undisturbed,1993,20,412,128,33600.0,1.42,1993
undisturbed,1993,20,412,128,34200.0,1.32,1993
undisturbed,1993,20,412,128,34800.0,1.39,1993
undisturbed,1993,20,412,128,35400.0,1.34,1993
undisturbed,1993,20,412,128,36000.0,1.35,1993
undisturbed,1993,20,412,128,36600.0,1.35,1993
undisturbed,1993,20,412,128,37200.0,1.32,1993
undisturbed,1993,20,412,128,37800.0,1.37,1993
undisturbed,1993,20,412,128,38400.0,1.29,1993
undisturbed,1993,20,412,128,39000.0,1.38,1993
undisturbed,1993,20,412,128,39600.0,1.26,1993
undisturbed,1993,20,412,128,40200.0,1.38,1993
undisturbed,1993,20,412,128,40800.0,1.25,1993
undisturbed,1993,20,412,128,41400.0,1.38,1993
undisturbed,1993,20,412,128,42000.0,1.24,1993
undisturbed,1993,20,412,128,42600.0,1.37,1993
undisturbed,1993,20,412,128,43200.0,1.23,1993
undisturbed,1993,20,412,128,43800.0,1.35,1993
undisturbed,1993,20,412,128,44400.0,1.24,1993
undisturbed,1993,20,412,128,45000.0,1.33,1993
undisturbed,1993,20,412,128,45600.0,1.25,1993
undisturbed,1993,20,412,128,46200.0,1.31,1993
undisturbed,1993,20,412,128,46800.0,1.26,1993
undisturbed,1993,20,412,128,47400.0,1.28,1993
undisturbed,1993,20,412,128,48000.0,1.27,1993
undisturbed,1993,20,412,128,48600.0,1.25,1993
undisturbed,1993,20,412,128,49200.0,1.28,1993
undisturbed,1993,20,412,128,49800.0,1.23,1993
undisturbed,1993,20,412,128,50400.0,1.29,1993
undisturbed,1993,20,412,128,51000.0,1.21,1993
undisturbed,1993,20,412,128,51600.0,1.3,1993
undisturbed,1993,20,412,128,52200.0,1.19,1993
undisturbed,1993,20,412,128,52800.0,1.3,1993
undisturbed,1993,20,412,128,53400.0,1.18,1993
undisturbed,1993,20,412,128,54000.0,1.3,1993
undisturbed,1993,20,412,128,54600.0,1.17,1993
undisturbed,1993,20,412,128,55200.0,1.3,1993
undisturbed,1993,20,412,128,55800.0,1.17,1993
undisturbed,1993,20,412,128,56400.0,1.28,1993
undisturbed,1993,20,412,128,57000.0,1.17,1993
undisturbed,1993,20,412,128,57600.0,1.27,1993
undisturbed,1993,20,412,128,58200.0,1.18,1993
undisturbed,1993,20,412,128,58800.0,1.25,1993
undisturbed,1993,20,412,128,59400.0,1.19,1993
undisturbed,1993,20,412,128,60000.0,1.23,1993
undisturbed,1993,20,412,128,60600.0,1.2,1993
undisturbed,1993,20,412,128,61200.0,1.21,1993
undisturbed,1993,20,412,128,61800.0,1.21,1993
undisturbed,1993,20,412,128,62400.0,1.18,1993
undisturbed,1993,20,412,128,63000.0,1.23,1993
undisturbed,1993,20,412,128,63600.0,1.16,1993
undisturbed,1993,20,412,128,64200.0,1.24,1993
undisturbed,1993,20,412,128,64800.0,1.14,1993
undisturbed,1993,20,412,128,65400.0,1.25,1993
undisturbed,1993,20,412,128,66000.0,1.12,1993
undisturbed,1993,20,412,128,66600.0,1.26,1993
undisturbed,1993,20,412,128,67200.0,1.11,1993
undisturbed,1993,20,412,128,67800.0,1.27,1993
undisturbed,1993,20,412,128,68400.0,1.09,1993
undisturbed,1993,20,412,128,69000.0,1.27,1993
undisturbed,1993,20,412,128,69600.0,1.08,1993
undisturbed,1993,20,412,128,70200.0,1.27,1993
undisturbed,1993,20,412,128,70800.0,1.08,1993
undisturbed,1993,20,412,128,71400.0,1.27,1993
undisturbed,1993,20,412,128,72000.0,1.07,1993
undisturbed,1993,20,412,128,72600.0,1.27,1993
undisturbed,1993,20,412,128,73200.0,1.07,1993
undisturbed,1993,20,412,128,73800.0,1.26,1993
undisturbed,1993,20,412,128,74400.0,1.08,1993
undisturbed,1993,20,412,128,75000.0,1.24,1993
undisturbed,1993,20,412,128,75600.0,1.08,1993
undisturbed,1993,20,412,128,76200.0,1.23,1993
undisturbed,1993,20,412,128,76800.0,1.09,1993
undisturbed,1993,20,412,128,77400.0,1.21,1993
undisturbed,1993,20,412,128,78000.0,1.1,1993
undisturbed,1993,20,412,128,78600.0,1.2,1993
undisturbed,1993,20,412,128,79200.0,1.12,1993
undisturbed,1993,20,412,128,79800.0,1.18,1993
undisturbed,1993,20,412,128,80400.0,1.13,1993
undisturbed,1993,20,412,128,81000.0,1.16,1993
undisturbed,1993,20,412,128,81600.0,1.15,1993
undisturbed,1993,20,412,128,82200.0,1.14,1993
undisturbed,1993,20,412,128,82800.0,1.16,1993
undisturbed,1993,20,412,128,83400.0,1.12,1993
undisturbed,1993,20,412,128,84000.0,1.18,1993
undisturbed,1993,20,412,128,84600.0,1.1,1993
undisturbed,1993,20,412,128,85200.0,1.19,1993
undisturbed,1993,20,412,128,85800.0,1.08,1993
undisturbed,1993,20,412,128,86400.0,1.21,1993
undisturbed,1993,21,412,128,600.0,1.05,1993
undisturbed,1993,21,412,128,1200.0,1.18,1993
undisturbed,1993,21,412,128,1800.0,0.94,1993
undisturbed,1993,21,412,128,2400.0,1.04,1993
undisturbed,1993,21,412,128,3000.0,0.747,1993
undisturbed,1993,21,412,128,3600.0,0.942,1993
undisturbed,1993,21,412,128,4200.0,0.744,1993
undisturbed,1993,21,412,128,4800.0,0.991,1993
undisturbed,1993,21,412,128,5400.0,0.726,1993
undisturbed,1993,21,412,128,6000.0,0.976,1993
undisturbed,1993,21,412,128,6600.0,0.73,1993
undisturbed,1993,21,412,128,7200.0,0.982,1993
undisturbed,1993,21,412,128,7800.0,0.715,1993
undisturbed,1993,21,412,128,8400.0,0.987,1993
undisturbed,1993,21,412,128,9000.0,0.715,1993
undisturbed,1993,21,412,128,9600.0,0.978,1993
undisturbed,1993,21,412,128,10200.0,0.719,1993
undisturbed,1993,21,412,128,10800.0,0.972,1993
undisturbed,1993,21,412,128,11400.0,0.719,1993
undisturbed,1993,21,412,128,12000.0,0.967,1993
undisturbed,1993,21,412,128,12600.0,0.722,1993
undisturbed,1993,21,412,128,13200.0,0.958,1993
undisturbed,1993,21,412,128,13800.0,0.731,1993
undisturbed,1993,21,412,128,14400.0,0.944,1993
undisturbed,1993,21,412,128,15000.0,0.741,1993
undisturbed,1993,21,412,128,15600.0,0.93,1993
undisturbed,1993,21,412,128,16200.0,0.752,1993
undisturbed,1993,21,412,128,16800.0,0.916,1993
undisturbed,1993,21,412,128,17400.0,0.763,1993
undisturbed,1993,21,412,128,18000.0,0.901,1993
undisturbed,1993,21,412,128,18600.0,0.776,1993
undisturbed,1993,21,412,128,19200.0,0.884,1993
undisturbed,1993,21,412,128,19800.0,0.791,1993
undisturbed,1993,21,412,128,20400.0,0.865,1993
undisturbed,1993,21,412,128,21000.0,0.807,1993
undisturbed,1993,21,412,128,21600.0,0.847,1993
undisturbed,1993,21,412,128,22200.0,0.822,1993
undisturbed,1993,21,412,128,22800.0,0.83,1993
undisturbed,1993,21,412,128,23400.0,0.836,1993
undisturbed,1993,21,412,128,24000.0,0.814,1993
undisturbed,1993,21,412,128,24600.0,0.849,1993
undisturbed,1993,21,412,128,25200.0,0.799,1993
undisturbed,1993,21,412,128,25800.0,0.862,1993
undisturbed,1993,21,412,128,26400.0,0.784,1993
undisturbed,1993,21,412,128,27000.0,0.875,1993
undisturbed,1993,21,412,128,27600.0,0.769,1993
undisturbed,1993,21,412,128,28200.0,0.887,1993
undisturbed,1993,21,412,128,28800.0,0.755,1993
undisturbed,1993,21,412,128,29400.0,0.898,1993
undisturbed,1993,21,412,128,30000.0,0.742,1993
undisturbed,1993,21,412,128,30600.0,0.908,1993
undisturbed,1993,21,412,128,31200.0,0.731,1993
undisturbed,1993,21,412,128,31800.0,0.917,1993
undisturbed,1993,21,412,128,32400.0,0.721,1993
undisturbed,1993,21,412,128,33000.0,0.924,1993
undisturbed,1993,21,412,128,33600.0,0.713,1993
undisturbed,1993,21,412,128,34200.0,0.929,1993
undisturbed,1993,21,412,128,34800.0,0.706,1993
undisturbed,1993,21,412,128,35400.0,0.933,1993
undisturbed,1993,21,412,128,36000.0,0.701,1993
undisturbed,1993,21,412,128,36600.0,0.936,1993
undisturbed,1993,21,412,128,37200.0,0.697,1993
undisturbed,1993,21,412,128,37800.0,0.938,1993
undisturbed,1993,21,412,128,38400.0,0.695,1993
undisturbed,1993,21,412,128,39000.0,0.938,1993
undisturbed,1993,21,412,128,39600.0,0.693,1993
undisturbed,1993,21,412,128,40200.0,0.938,1993
undisturbed,1993,21,412,128,40800.0,0.693,1993
undisturbed,1993,21,412,128,41400.0,0.936,1993
undisturbed,1993,21,412,128,42000.0,0.694,1993
undisturbed,1993,21,412,128,42600.0,0.933,1993
undisturbed,1993,21,412,128,43200.0,0.695,1993
undisturbed,1993,21,412,128,43800.0,0.93,1993
undisturbed,1993,21,412,128,44400.0,0.698,1993
undisturbed,1993,21,412,128,45000.0,0.926,1993
undisturbed,1993,21,412,128,45600.0,0.701,1993
undisturbed,1993,21,412,128,46200.0,0.921,1993
undisturbed,1993,21,412,128,46800.0,0.705,1993
undisturbed,1993,21,412,128,47400.0,0.916,1993
undisturbed,1993,21,412,128,48000.0,0.709,1993
undisturbed,1993,21,412,128,48600.0,0.91,1993
undisturbed,1993,21,412,128,49200.0,0.714,1993
undisturbed,1993,21,412,128,49800.0,0.904,1993
undisturbed,1993,21,412,128,50400.0,0.719,1993
undisturbed,1993,21,412,128,51000.0,0.898,1993
undisturbed,1993,21,412,128,51600.0,0.725,1993
undisturbed,1993,21,412,128,52200.0,0.891,1993
undisturbed,1993,21,412,128,52800.0,0.731,1993
undisturbed,1993,21,412,128,53400.0,0.884,1993
undisturbed,1993,21,412,128,54000.0,0.737,1993
undisturbed,1993,21,412,128,54600.0,0.877,1993
undisturbed,1993,21,412,128,55200.0,0.743,1993
undisturbed,1993,21,412,128,55800.0,0.87,1993
undisturbed,1993,21,412,128,56400.0,0.749,1993
undisturbed,1993,21,412,128,57000.0,0.863,1993
undisturbed,1993,21,412,128,57600.0,0.755,1993
undisturbed,1993,21,412,128,58200.0,0.856,1993
undisturbed,1993,21,412,128,58800.0,0.762,1993
undisturbed,1993,21,412,128,59400.0,0.849,1993
undisturbed,1993,21,412,128,60000.0,0.768,1993
undisturbed,1993,21,412,128,60600.0,0.842,1993
undisturbed,1993,21,412,128,61200.0,0.774,1993
undisturbed,1993,21,412,128,61800.0,0.836,1993
undisturbed,1993,21,412,128,62400.0,0.78,1993
undisturbed,1993,21,412,128,63000.0,0.829,1993
undisturbed,1993,21,412,128,63600.0,0.786,1993
undisturbed,1993,21,412,128,64200.0,0.823,1993
undisturbed,1993,21,412,128,64800.0,0.791,1993
undisturbed,1993,21,412,128,65400.0,0.817,1993
undisturbed,1993,21,412,128,66000.0,0.797,1993
undisturbed,1993,21,412,128,66600.0,0.811,1993
undisturbed,1993,21,412,128,67200.0,0.802,1993
undisturbed,1993,21,412,128,67800.0,0.805,1993
undisturbed,1993,21,412,128,68400.0,0.807,1993
undisturbed,1993,21,412,128,69000.0,0.799,1993
undisturbed,1993,21,412,128,69600.0,0.812,1993
undisturbed,1993,21,412,128,70200.0,0.794,1993
undisturbed,1993,21,412,128,70800.0,0.816,1993
undisturbed,1993,21,412,128,71400.0,0.79,1993
undisturbed,1993,21,412,128,72000.0,0.821,1993
undisturbed,1993,21,412,128,72600.0,0.785,1993
undisturbed,1993,21,412,128,73200.0,0.824,1993
undisturbed,1993,21,412,128,73800.0,0.781,1993
undisturbed,1993,21,412,128,74400.0,0.828,1993
undisturbed,1993,21,412,128,75000.0,0.777,1993
undisturbed,1993,21,412,128,75600.0,0.831,1993
undisturbed,1993,21,412,128,76200.0,0.774,1993
undisturbed,1993,21,412,128,76800.0,0.834,1993
undisturbed,1993,21,412,128,77400.0,0.77,1993
undisturbed,1993,21,412,128,78000.0,0.837,1993
undisturbed,1993,21,412,128,78600.0,0.767,1993
undisturbed,1993,21,412,128,79200.0,0.839,1993
undisturbed,1993,21,412,128,79800.0,0.765,1993
undisturbed,1993,21,412,128,80400.0,0.841,1993
undisturbed,1993,21,412,128,81000.0,0.762,1993
undisturbed,1993,21,412,128,81600.0,0.843,1993
undisturbed,1993,21,412,128,82200.0,0.76,1993
undisturbed,1993,21,412,128,82800.0,0.845,1993
undisturbed,1993,21,412,128,83400.0,0.758,1993
undisturbed,1993,21,412,128,84000.0,0.846,1993
undisturbed,1993,21,412,128,84600.0,0.757,1993
undisturbed,1993,21,412,128,85200.0,0.848,1993
undisturbed,1993,21,412,128,85800.0,0.755,1993
undisturbed,1993,21,412,128,86400.0,0.849,1993
undisturbed,1993,22,412,128,600.0,0.75,1993
undisturbed,1993,22,412,128,1200.0,0.832,1993
undisturbed,1993,22,412,128,1800.0,0.7,1993
undisturbed,1993,22,412,128,2400.0,0.747,1993
undisturbed,1993,22,412,128,3000.0,0.589,1993
undisturbed,1993,22,412,128,3600.0,0.657,1993
undisturbed,1993,22,412,128,4200.0,0.558,1993
undisturbed,1993,22,412,128,4800.0,0.679,1993
undisturbed,1993,22,412,128,5400.0,0.573,1993
undisturbed,1993,22,412,128,6000.0,0.669,1993
undisturbed,1993,22,412,128,6600.0,0.566,1993
undisturbed,1993,22,412,128,7200.0,0.678,1993
undisturbed,1993,22,412,128,7800.0,0.564,1993
undisturbed,1993,22,412,128,8400.0,0.674,1993
undisturbed,1993,22,412,128,9000.0,0.568,1993
undisturbed,1993,22,412,128,9600.0,0.673,1993
undisturbed,1993,22,412,128,10200.0,0.565,1993
undisturbed,1993,22,412,128,10800.0,0.677,1993
undisturbed,1993,22,412,128,11400.0,0.563,1993
undisturbed,1993,22,412,128,12000.0,0.676,1993
undisturbed,1993,22,412,128,12600.0,0.564,1993
undisturbed,1993,22,412,128,13200.0,0.675,1993
undisturbed,1993,22,412,128,13800.0,0.564,1993
undisturbed,1993,22,412,128,14400.0,0.675,1993
undisturbed,1993,22,412,128,15000.0,0.563,1993
undisturbed,1993,22,412,128,15600.0,0.676,1993
undisturbed,1993,22,412,128,16200.0,0.562,1993
undisturbed,1993,22,412,128,16800.0,0.676,1993
undisturbed,1993,22,412,128,17400.0,0.563,1993
undisturbed,1993,22,412,128,18000.0,0.675,1993
undisturbed,1993,22,412,128,18600.0,0.564,1993
undisturbed,1993,22,412,128,19200.0,0.675,1993
undisturbed,1993,22,412,128,19800.0,0.564,1993
undisturbed,1993,22,412,128,20400.0,0.675,1993
undisturbed,1993,22,412,128,21000.0,0.563,1993
undisturbed,1993,22,412,128,21600.0,0.676,1993
undisturbed,1993,22,412,128,22200.0,0.563,1993
undisturbed,1993,22,412,128,22800.0,0.676,1993
undisturbed,1993,22,412,128,23400.0,0.563,1993
undisturbed,1993,22,412,128,24000.0,0.675,1993
undisturbed,1993,22,412,128,24600.0,0.564,1993
undisturbed,1993,22,412,128,25200.0,0.674,1993
undisturbed,1993,22,412,128,25800.0,0.565,1993
undisturbed,1993,22,412,128,26400.0,0.674,1993
undisturbed,1993,22,412,128,27000.0,0.565,1993
undisturbed,1993,22,412,128,27600.0,0.673,1993
undisturbed,1993,22,412,128,28200.0,0.565,1993
undisturbed,1993,22,412,128,28800.0,0.673,1993
undisturbed,1993,22,412,128,29400.0,0.565,1993
undisturbed,1993,22,412,128,30000.0,0.673,1993
undisturbed,1993,22,412,128,30600.0,0.566,1993
undisturbed,1993,22,412,128,31200.0,0.673,1993
undisturbed,1993,22,412,128,31800.0,0.566,1993
undisturbed,1993,22,412,128,32400.0,0.672,1993
undisturbed,1993,22,412,128,33000.0,0.566,1993
undisturbed,1993,22,412,128,33600.0,0.672,1993
undisturbed,1993,22,412,128,34200.0,0.567,1993
undisturbed,1993,22,412,128,34800.0,0.672,1993
undisturbed,1993,22,412,128,35400.0,0.567,1993
undisturbed,1993,22,412,128,36000.0,0.671,1993
undisturbed,1993,22,412,128,36600.0,0.568,1993
undisturbed,1993,22,412,128,37200.0,0.67,1993
undisturbed,1993,22,412,128,37800.0,0.568,1993
undisturbed,1993,22,412,128,38400.0,0.67,1993
undisturbed,1993,22,412,128,39000.0,0.569,1993
undisturbed,1993,22,412,128,39600.0,0.669,1993
undisturbed,1993,22,412,128,40200.0,0.57,1993
undisturbed,1993,22,412,128,40800.0,0.669,1993
undisturbed,1993,22,412,128,41400.0,0.57,1993
undisturbed,1993,22,412,128,42000.0,0.668,1993
undisturbed,1993,22,412,128,42600.0,0.571,1993
undisturbed,1993,22,412,128,43200.0,0.667,1993
undisturbed,1993,22,412,128,43800.0,0.572,1993
undisturbed,1993,22,412,128,44400.0,0.666,1993
undisturbed,1993,22,412,128,45000.0,0.573,1993
undisturbed,1993,22,412,128,45600.0,0.666,1993
undisturbed,1993,22,412,128,46200.0,0.573,1993
undisturbed,1993,22,412,128,46800.0,0.665,1993
undisturbed,1993,22,412,128,47400.0,0.574,1993
undisturbed,1993,22,412,128,48000.0,0.664,1993
undisturbed,1993,22,412,128,48600.0,0.575,1993
undisturbed,1993,22,412,128,49200.0,0.663,1993
undisturbed,1993,22,412,128,49800.0,0.576,1993
undisturbed,1993,22,412,128,50400.0,0.662,1993
undisturbed,1993,22,412,128,51000.0,0.577,1993
undisturbed,1993,22,412,128,51600.0,0.662,1993
undisturbed,1993,22,412,128,52200.0,0.577,1993
undisturbed,1993,22,412,128,52800.0,0.661,1993
undisturbed,1993,22,412,128,53400.0,0.578,1993
undisturbed,1993,22,412,128,54000.0,0.66,1993
undisturbed,1993,22,412,128,54600.0,0.579,1993
undisturbed,1993,22,412,128,55200.0,0.659,1993
undisturbed,1993,22,412,128,55800.0,0.58,1993
undisturbed,1993,22,412,128,56400.0,0.658,1993
undisturbed,1993,22,412,128,57000.0,0.581,1993
undisturbed,1993,22,412,128,57600.0,0.657,1993
undisturbed,1993,22,412,128,58200.0,0.582,1993
undisturbed,1993,22,412,128,58800.0,0.657,1993
undisturbed,1993,22,412,128,59400.0,0.582,1993
undisturbed,1993,22,412,128,60000.0,0.656,1993
undisturbed,1993,22,412,128,60600.0,0.583,1993
undisturbed,1993,22,412,128,61200.0,0.655,1993
undisturbed,1993,22,412,128,61800.0,0.584,1993
undisturbed,1993,22,412,128,62400.0,0.654,1993
undisturbed,1993,22,412,128,63000.0,0.585,1993
undisturbed,1993,22,412,128,63600.0,0.653,1993
undisturbed,1993,22,412,128,64200.0,0.586,1993
undisturbed,1993,22,412,128,64800.0,0.652,1993
undisturbed,1993,22,412,128,65400.0,0.587,1993
undisturbed,1993,22,412,128,66000.0,0.651,1993
undisturbed,1993,22,412,128,66600.0,0.588,1993
undisturbed,1993,22,412,128,67200.0,0.65,1993
undisturbed,1993,22,412,128,67800.0,0.589,1993
undisturbed,1993,22,412,128,68400.0,0.65,1993
undisturbed,1993,22,412,128,69000.0,0.59,1993
undisturbed,1993,22,412,128,69600.0,0.649,1993
undisturbed,1993,22,412,128,70200.0,0.59,1993
undisturbed,1993,22,412,128,70800.0,0.648,1993
undisturbed,1993,22,412,128,71400.0,0.591,1993
undisturbed,1993,22,412,128,72000.0,0.647,1993
undisturbed,1993,22,412,128,72600.0,0.592,1993
undisturbed,1993,22,412,128,73200.0,0.646,1993
undisturbed,1993,22,412,128,73800.0,0.593,1993
undisturbed,1993,22,412,128,74400.0,0.645,1993
undisturbed,1993,22,412,128,75000.0,0.594,1993
undisturbed,1993,22,412,128,75600.0,0.644,1993
undisturbed,1993,22,412,128,76200.0,0.595,1993
undisturbed,1993,22,412,128,76800.0,0.643,1993
undisturbed,1993,22,412,128,77400.0,0.596,1993
undisturbed,1993,22,412,128,78000.0,0.643,1993
undisturbed,1993,22,412,128,78600.0,0.596,1993
undisturbed,1993,22,412,128,79200.0,0.642,1993
undisturbed,1993,22,412,128,79800.0,0.597,1993
undisturbed,1993,22,412,128,80400.0,0.641,1993
undisturbed,1993,22,412,128,81000.0,0.598,1993
undisturbed,1993,22,412,128,81600.0,0.64,1993
undisturbed,1993,22,412,128,82200.0,0.599,1993
undisturbed,1993,22,412,128,82800.0,0.64,1993
undisturbed,1993,22,412,128,83400.0,0.599,1993
undisturbed,1993,22,412,128,84000.0,0.639,1993
undisturbed,1993,22,412,128,84600.0,0.6,1993
undisturbed,1993,22,412,128,85200.0,0.638,1993
undisturbed,1993,22,412,128,85800.0,0.601,1993
undisturbed,1993,22,412,128,86400.0,0.638,1993
undisturbed,1993,23,412,128,600.0,0.6,1993
undisturbed,1993,23,412,128,1200.0,0.626,1993
undisturbed,1993,23,412,128,1800.0,0.571,1993
undisturbed,1993,23,412,128,2400.0,0.575,1993
undisturbed,1993,23,412,128,3000.0,0.506,1993
undisturbed,1993,23,412,128,3600.0,0.51,1993
undisturbed,1993,23,412,128,4200.0,0.47,1993
undisturbed,1993,23,412,128,4800.0,0.51,1993
undisturbed,1993,23,412,128,5400.0,0.486,1993
undisturbed,1993,23,412,128,6000.0,0.511,1993
undisturbed,1993,23,412,128,6600.0,0.478,1993
undisturbed,1993,23,412,128,7200.0,0.512,1993
undisturbed,1993,23,412,128,7800.0,0.483,1993
undisturbed,1993,23,412,128,8400.0,0.508,1993
undisturbed,1993,23,412,128,9000.0,0.483,1993
undisturbed,1993,23,412,128,9600.0,0.51,1993
undisturbed,1993,23,412,128,10200.0,0.482,1993
undisturbed,1993,23,412,128,10800.0,0.509,1993
undisturbed,1993,23,412,128,11400.0,0.484,1993
undisturbed,1993,23,412,128,12000.0,0.507,1993
undisturbed,1993,23,412,128,12600.0,0.484,1993
undisturbed,1993,23,412,128,13200.0,0.508,1993
undisturbed,1993,23,412,128,13800.0,0.484,1993
undisturbed,1993,23,412,128,14400.0,0.508,1993
undisturbed,1993,23,412,128,15000.0,0.484,1993
undisturbed,1993,23,412,128,15600.0,0.507,1993
undisturbed,1993,23,412,128,16200.0,0.485,1993
undisturbed,1993,23,412,128,16800.0,0.506,1993
undisturbed,1993,23,412,128,17400.0,0.486,1993
undisturbed,1993,23,412,128,18000.0,0.506,1993
undisturbed,1993,23,412,128,18600.0,0.486,1993
undisturbed,1993,23,412,128,19200.0,0.506,1993
undisturbed,1993,23,412,128,19800.0,0.486,1993
undisturbed,1993,23,412,128,20400.0,0.506,1993
undisturbed,1993,23,412,128,21000.0,0.486,1993
undisturbed,1993,23,412,128,21600.0,0.505,1993
undisturbed,1993,23,412,128,22200.0,0.487,1993
undisturbed,1993,23,412,128,22800.0,0.504,1993
undisturbed,1993,23,412,128,23400.0,0.488,1993
undisturbed,1993,23,412,128,24000.0,0.504,1993
undisturbed,1993,23,412,128,24600.0,0.488,1993
undisturbed,1993,23,412,128,25200.0,0.504,1993
undisturbed,1993,23,412,128,25800.0,0.488,1993
undisturbed,1993,23,412,128,26400.0,0.503,1993
undisturbed,1993,23,412,128,27000.0,0.488,1993
undisturbed,1993,23,412,128,27600.0,0.503,1993
undisturbed,1993,23,412,128,28200.0,0.489,1993
undisturbed,1993,23,412,128,28800.0,0.503,1993
undisturbed,1993,23,412,128,29400.0,0.489,1993
undisturbed,1993,23,412,128,30000.0,0.503,1993
undisturbed,1993,23,412,128,30600.0,0.489,1993
undisturbed,1993,23,412,128,31200.0,0.502,1993
undisturbed,1993,23,412,128,31800.0,0.49,1993
undisturbed,1993,23,412,128,32400.0,0.502,1993
undisturbed,1993,23,412,128,33000.0,0.49,1993
undisturbed,1993,23,412,128,33600.0,0.502,1993
undisturbed,1993,23,412,128,34200.0,0.49,1993
undisturbed,1993,23,412,128,34800.0,0.501,1993
undisturbed,1993,23,412,128,35400.0,0.49,1993
undisturbed,1993,23,412,128,36000.0,0.501,1993
undisturbed,1993,23,412,128,36600.0,0.491,1993
undisturbed,1993,23,412,128,37200.0,0.501,1993
undisturbed,1993,23,412,128,37800.0,0.491,1993
undisturbed,1993,23,412,128,38400.0,0.501,1993
undisturbed,1993,23,412,128,39000.0,0.491,1993
undisturbed,1993,23,412,128,39600.0,0.501,1993
undisturbed,1993,23,412,128,40200.0,0.491,1993
undisturbed,1993,23,412,128,40800.0,0.5,1993
undisturbed,1993,23,412,128,41400.0,0.492,1993
undisturbed,1993,23,412,128,42000.0,0.5,1993
undisturbed,1993,23,412,128,42600.0,0.492,1993
undisturbed,1993,23,412,128,43200.0,0.5,1993
undisturbed,1993,23,412,128,43800.0,0.492,1993
undisturbed,1993,23,412,128,44400.0,0.5,1993
undisturbed,1993,23,412,128,45000.0,0.492,1993
undisturbed,1993,23,412,128,45600.0,0.5,1993
undisturbed,1993,23,412,128,46200.0,0.492,1993
undisturbed,1993,23,412,128,46800.0,0.499,1993
undisturbed,1993,23,412,128,47400.0,0.492,1993
undisturbed,1993,23,412,128,48000.0,0.499,1993
undisturbed,1993,23,412,128,48600.0,0.493,1993
undisturbed,1993,23,412,128,49200.0,0.499,1993
undisturbed,1993,23,412,128,49800.0,0.493,1993
undisturbed,1993,23,412,128,50400.0,0.499,1993
undisturbed,1993,23,412,128,51000.0,0.493,1993
undisturbed,1993,23,412,128,51600.0,0.499,1993
undisturbed,1993,23,412,128,52200.0,0.493,1993
undisturbed,1993,23,412,128,52800.0,0.499,1993
undisturbed,1993,23,412,128,53400.0,0.493,1993
undisturbed,1993,23,412,128,54000.0,0.499,1993
undisturbed,1993,23,412,128,54600.0,0.493,1993
undisturbed,1993,23,412,128,55200.0,0.498,1993
undisturbed,1993,23,412,128,55800.0,0.493,1993
undisturbed,1993,23,412,128,56400.0,0.498,1993
undisturbed,1993,23,412,128,57000.0,0.493,1993
undisturbed,1993,23,412,128,57600.0,0.498,1993
undisturbed,1993,23,412,128,58200.0,0.494,1993
undisturbed,1993,23,412,128,58800.0,0.498,1993
undisturbed,1993,23,412,128,59400.0,0.494,1993
undisturbed,1993,23,412,128,60000.0,0.498,1993
undisturbed,1993,23,412,128,60600.0,0.494,1993
undisturbed,1993,23,412,128,61200.0,0.498,1993
undisturbed,1993,23,412,128,61800.0,0.494,1993
undisturbed,1993,23,412,128,62400.0,0.498,1993
undisturbed,1993,23,412,128,63000.0,0.494,1993
undisturbed,1993,23,412,128,63600.0,0.498,1993
undisturbed,1993,23,412,128,64200.0,0.494,1993
undisturbed,1993,23,412,128,64800.0,0.497,1993
undisturbed,1993,23,412,128,65400.0,0.494,1993
undisturbed,1993,23,412,128,66000.0,0.497,1993
undisturbed,1993,23,412,128,66600.0,0.495,1993
undisturbed,1993,23,412,128,67200.0,0.497,1993
undisturbed,1993,23,412,128,67800.0,0.495,1993
undisturbed,1993,23,412,128,68400.0,0.497,1993
undisturbed,1993,23,412,128,69000.0,0.495,1993
undisturbed,1993,23,412,128,69600.0,0.497,1993
undisturbed,1993,23,412,128,70200.0,0.495,1993
undisturbed,1993,23,412,128,70800.0,0.497,1993
undisturbed,1993,23,412,128,71400.0,0.495,1993
undisturbed,1993,23,412,128,72000.0,0.497,1993
undisturbed,1993,23,412,128,72600.0,0.495,1993
undisturbed,1993,23,412,128,73200.0,0.497,1993
undisturbed,1993,23,412,128,73800.0,0.495,1993
undisturbed,1993,23,412,128,74400.0,0.497,1993
undisturbed,1993,23,412,128,75000.0,0.495,1993
undisturbed,1993,23,412,128,75600.0,0.497,1993
undisturbed,1993,23,412,128,76200.0,0.495,1993
undisturbed,1993,23,412,128,76800.0,0.497,1993
undisturbed,1993,23,412,128,77400.0,0.495,1993
undisturbed,1993,23,412,128,78000.0,0.497,1993
undisturbed,1993,23,412,128,78600.0,0.495,1993
undisturbed,1993,23,412,128,79200.0,0.497,1993
undisturbed,1993,23,412,128,79800.0,0.495,1993
undisturbed,1993,23,412,128,80400.0,0.497,1993
undisturbed,1993,23,412,128,81000.0,0.495,1993
undisturbed,1993,23,412,128,81600.0,0.497,1993
undisturbed,1993,23,412,128,82200.0,0.495,1993
undisturbed,1993,23,412,128,82800.0,0.497,1993
undisturbed,1993,23,412,128,83400.0,0.495,1993
undisturbed,1993,23,412,128,84000.0,0.496,1993
undisturbed,1993,23,412,128,84600.0,0.495,1993
undisturbed,1993,23,412,128,85200.0,0.496,1993
undisturbed,1993,23,412,128,85800.0,0.495,1993
undisturbed,1993,23,412,128,86400.0,0.496,1993
undisturbed,1993,24,412,128,600.0,0.494,1993
undisturbed,1993,24,412,128,1200.0,0.489,1993
undisturbed,1993,24,412,128,1800.0,0.475,1993
undisturbed,1993,24,412,128,2400.0,0.457,1993
undisturbed,1993,24,412,128,3000.0,0.433,1993
undisturbed,1993,24,412,128,3600.0,0.413,1993
undisturbed,1993,24,412,128,4200.0,0.403,1993
undisturbed,1993,24,412,128,4800.0,0.405,1993
undisturbed,1993,24,412,128,5400.0,0.41,1993
undisturbed,1993,24,412,128,6000.0,0.411,1993
undisturbed,1993,24,412,128,6600.0,0.407,1993
undisturbed,1993,24,412,128,7200.0,0.408,1993
undisturbed,1993,24,412,128,7800.0,0.409,1993
undisturbed,1993,24,412,128,8400.0,0.408,1993
undisturbed,1993,24,412,128,9000.0,0.408,1993
undisturbed,1993,24,412,128,9600.0,0.409,1993
undisturbed,1993,24,412,128,10200.0,0.408,1993
undisturbed,1993,24,412,128,10800.0,0.408,1993
undisturbed,1993,24,412,128,11400.0,0.409,1993
undisturbed,1993,24,412,128,12000.0,0.409,1993
undisturbed,1993,24,412,128,12600.0,0.408,1993
undisturbed,1993,24,412,128,13200.0,0.409,1993
undisturbed,1993,24,412,128,13800.0,0.408,1993
undisturbed,1993,24,412,128,14400.0,0.409,1993
undisturbed,1993,24,412,128,15000.0,0.408,1993
undisturbed,1993,24,412,128,15600.0,0.408,1993
undisturbed,1993,24,412,128,16200.0,0.409,1993
undisturbed,1993,24,412,128,16800.0,0.408,1993
undisturbed,1993,24,412,128,17400.0,0.408,1993
undisturbed,1993,24,412,128,18000.0,0.409,1993
undisturbed,1993,24,412,128,18600.0,0.408,1993
undisturbed,1993,24,412,128,19200.0,0.409,1993
undisturbed,1993,24,412,128,19800.0,0.408,1993
undisturbed,1993,24,412,128,20400.0,0.409,1993
undisturbed,1993,24,412,128,21000.0,0.408,1993
undisturbed,1993,24,412,128,21600.0,0.409,1993
undisturbed,1993,24,412,128,22200.0,0.408,1993
undisturbed,1993,24,412,128,22800.0,0.409,1993
undisturbed,1993,24,412,128,23400.0,0.408,1993
undisturbed,1993,24,412,128,24000.0,0.409,1993
undisturbed,1993,24,412,128,24600.0,0.408,1993
undisturbed,1993,24,412,128,25200.0,0.409,1993
undisturbed,1993,24,412,128,25800.0,0.408,1993
undisturbed,1993,24,412,128,26400.0,0.409,1993
undisturbed,1993,24,412,128,27000.0,0.408,1993
undisturbed,1993,24,412,128,27600.0,0.409,1993
undisturbed,1993,24,412,128,28200.0,0.408,1993
undisturbed,1993,24,412,128,28800.0,0.409,1993
undisturbed,1993,24,412,128,29400.0,0.408,1993
undisturbed,1993,24,412,128,30000.0,0.409,1993
undisturbed,1993,24,412,128,30600.0,0.408,1993
undisturbed,1993,24,412,128,31200.0,0.409,1993
undisturbed,1993,24,412,128,31800.0,0.408,1993
undisturbed,1993,24,412,128,32400.0,0.409,1993
undisturbed,1993,24,412,128,33000.0,0.408,1993
undisturbed,1993,24,412,128,33600.0,0.409,1993
undisturbed,1993,24,412,128,34200.0,0.408,1993
undisturbed,1993,24,412,128,34800.0,0.409,1993
undisturbed,1993,24,412,128,35400.0,0.408,1993
undisturbed,1993,24,412,128,36000.0,0.409,1993
undisturbed,1993,24,412,128,36600.0,0.408,1993
undisturbed,1993,24,412,128,37200.0,0.409,1993
undisturbed,1993,24,412,128,37800.0,0.408,1993
undisturbed,1993,24,412,128,38400.0,0.409,1993
undisturbed,1993,24,412,128,39000.0,0.408,1993
undisturbed,1993,24,412,128,39600.0,0.409,1993
undisturbed,1993,24,412,128,40200.0,0.408,1993
undisturbed,1993,24,412,128,40800.0,0.408,1993
undisturbed,1993,24,412,128,41400.0,0.408,1993
undisturbed,1993,24,412,128,42000.0,0.408,1993
undisturbed,1993,24,412,128,42600.0,0.408,1993
undisturbed,1993,24,412,128,43200.0,0.408,1993
undisturbed,1993,24,412,128,43800.0,0.408,1993
undisturbed,1993,24,412,128,44400.0,0.408,1993
undisturbed,1993,24,412,128,45000.0,0.408,1993
undisturbed,1993,24,412,128,45600.0,0.408,1993
undisturbed,1993,24,412,128,46200.0,0.408,1993
undisturbed,1993,24,412,128,46800.0,0.408,1993
undisturbed,1993,24,412,128,47400.0,0.408,1993
undisturbed,1993,24,412,128,48000.0,0.408,1993
undisturbed,1993,24,412,128,48600.0,0.408,1993
undisturbed,1993,24,412,128,49200.0,0.409,1993
undisturbed,1993,24,412,128,49800.0,0.408,1993
undisturbed,1993,24,412,128,50400.0,0.409,1993
undisturbed,1993,24,412,128,51000.0,0.408,1993
undisturbed,1993,24,412,128,51600.0,0.409,1993
undisturbed,1993,24,412,128,52200.0,0.408,1993
undisturbed,1993,24,412,128,52800.0,0.409,1993
undisturbed,1993,24,412,128,53400.0,0.408,1993
undisturbed,1993,24,412,128,54000.0,0.409,1993
undisturbed,1993,24,412,128,54600.0,0.408,1993
undisturbed,1993,24,412,128,55200.0,0.409,1993
undisturbed,1993,24,412,128,55800.0,0.408,1993
undisturbed,1993,24,412,128,56400.0,0.408,1993
undisturbed,1993,24,412,128,57000.0,0.408,1993
undisturbed,1993,24,412,128,57600.0,0.408,1993
undisturbed,1993,24,412,128,58200.0,0.409,1993
undisturbed,1993,24,412,128,58800.0,0.408,1993
undisturbed,1993,24,412,128,59400.0,0.409,1993
undisturbed,1993,24,412,128,60000.0,0.408,1993
undisturbed,1993,24,412,128,60600.0,0.409,1993
undisturbed,1993,24,412,128,61200.0,0.408,1993
undisturbed,1993,24,412,128,61800.0,0.409,1993
undisturbed,1993,24,412,128,62400.0,0.408,1993
undisturbed,1993,24,412,128,63000.0,0.409,1993
undisturbed,1993,24,412,128,63600.0,0.408,1993
undisturbed,1993,24,412,128,64200.0,0.409,1993
undisturbed,1993,24,412,128,64800.0,0.408,1993
undisturbed,1993,24,412,128,65400.0,0.409,1993
undisturbed,1993,24,412,128,66000.0,0.408,1993
undisturbed,1993,24,412,128,66600.0,0.408,1993
undisturbed,1993,24,412,128,67200.0,0.408,1993
undisturbed,1993,24,412,128,67800.0,0.408,1993
undisturbed,1993,24,412,128,68400.0,0.408,1993
undisturbed,1993,24,412,128,69000.0,0.408,1993
undisturbed,1993,24,412,128,69600.0,0.408,1993
undisturbed,1993,24,412,128,70200.0,0.408,1993
undisturbed,1993,24,412,128,70800.0,0.408,1993
undisturbed,1993,24,412,128,71400.0,0.408,1993
undisturbed,1993,24,412,128,72000.0,0.408,1993
undisturbed,1993,24,412,128,72600.0,0.408,1993
undisturbed,1993,24,412,128,73200.0,0.408,1993
undisturbed,1993,24,412,128,73800.0,0.408,1993
undisturbed,1993,24,412,128,74400.0,0.408,1993
undisturbed,1993,24,412,128,75000.0,0.408,1993
undisturbed,1993,24,412,128,75600.0,0.408,1993
undisturbed,1993,24,412,128,76200.0,0.408,1993
undisturbed,1993,24,412,128,76800.0,0.408,1993
undisturbed,1993,24,412,128,77400.0,0.408,1993
undisturbed,1993,24,412,128,78000.0,0.408,1993
undisturbed,1993,24,412,128,78600.0,0.408,1993
undisturbed,1993,24,412,128,79200.0,0.408,1993
undisturbed,1993,24,412,128,79800.0,0.408,1993
undisturbed,1993,24,412,128,80400.0,0.408,1993
undisturbed,1993,24,412,128,81000.0,0.408,1993
undisturbed,1993,24,412,128,81600.0,0.408,1993
undisturbed,1993,24,412,128,82200.0,0.408,1993
undisturbed,1993,24,412,128,82800.0,0.408,1993
undisturbed,1993,24,412,128,83400.0,0.408,1993
undisturbed,1993,24,412,128,84000.0,0.408,1993
undisturbed,1993,24,412,128,84600.0,0.408,1993
undisturbed,1993,24,412,128,85200.0,0.408,1993
undisturbed,1993,24,412,128,85800.0,0.408,1993
undisturbed,1993,24,412,128,86400.0,0.408,1993
