date,p,q,lat,dp,ep,es,er,et,rain_melt,sw_mean,swe_mean,swe_max,snow_days,sw_end,swe_end,site,watershed,arm
2016-01-01,144.3,12.62008,1.41,0.0,39.96,12.18,0.0,52.14,144.3,123.79032258064517,0.0,0.0,0,150.5,0.0,hand-to-mouth-drought-h27,Topanga,clipped
2016-02-01,20.6,0.0,0.0,0.0,71.99,14.56,0.0,86.55,20.6,115.49793103448276,0.0,0.0,0,84.53,0.0,hand-to-mouth-drought-h27,Topanga,clipped
2016-03-01,69.69999999999999,0.0,0.0,0.0,65.15,15.18,0.0,80.33,69.69999999999999,96.02,0.0,0.0,0,73.91,0.0,hand-to-mouth-drought-h27,Topanga,clipped
2016-04-01,8.5,0.0,0.0,0.0,5.86,4.21,0.0,10.07,8.5,72.88333333333334,0.0,0.0,0,72.33,0.0,hand-to-mouth-drought-h27,Topanga,clipped
2016-05-01,2.8,0.0,0.0,0.0,0.94,1.8499999999999999,0.0,2.79,2.8,72.37483870967742,0.0,0.0,0,72.33,0.0,hand-to-mouth-drought-h27,Topanga,clipped
2016-06-01,1.9,0.0,0.0,0.0,0.24,1.65,0.0,1.89,1.9,72.34733333333334,0.0,0.0,0,72.33,0.0,hand-to-mouth-drought-h27,Topanga,clipped
2016-07-01,0.0,0.0,0.0,0.0,0.0,0.0,0.0,0.0,0.0,72.33,0.0,0.0,0,72.33,0.0,hand-to-mouth-drought-h27,Topanga,clipped
2016-08-01,0.0,0.0,0.0,0.0,0.0,0.0,0.0,0.0,0.0,72.33,0.0,0.0,0,72.33,0.0,hand-to-mouth-drought-h27,Topanga,clipped
2016-09-01,0.0,0.0,0.0,0.0,0.0,0.0,0.0,0.0,0.0,72.33,0.0,0.0,0,72.33,0.0,hand-to-mouth-drought-h27,Topanga,clipped
2016-10-01,11.3,0.0,0.0,0.0,4.6000000000000005,5.8100000000000005,0.0,10.41,11.3,72.69354838709677,0.0,0.0,0,73.03,0.0,hand-to-mouth-drought-h27,Topanga,clipped
2016-11-01,35.4,0.0,0.0,0.0,12.42,9.1,0.0,21.52,35.4,79.28,0.0,0.0,0,86.9,0.0,hand-to-mouth-drought-h27,Topanga,clipped
2016-12-01,126.5,10.60923,0.72,0.0,32.38,12.65,0.0,45.03,126.5,108.79354838709678,0.0,0.0,0,156.9,0.0,hand-to-mouth-drought-h27,Topanga,clipped
2017-01-01,304.9,85.99044,8.33,166.72719946,38.61,18.34,0.0,56.95,304.9,176.56483870967742,0.0,0.0,0,143.79,0.0,hand-to-mouth-drought-h27,Topanga,clipped
2017-02-01,149.20000000000002,26.88385,1.07,54.11942597,43.24,20.33,0.0,63.57,149.20000000000002,161.43,0.0,0.0,0,147.2,0.0,hand-to-mouth-drought-h27,Topanga,clipped
2017-03-01,7.7,0.0,0.0,0.0,75.32,6.82,0.0,82.14,7.7,101.64290322580645,0.0,0.0,0,72.77,0.0,hand-to-mouth-drought-h27,Topanga,clipped
2017-04-01,4.0,0.0,0.0,0.0,2.32,2.12,0.0,4.4399999999999995,4.0,72.43533333333333,0.0,0.0,0,72.33,0.0,hand-to-mouth-drought-h27,Topanga,clipped
2017-05-01,3.0,0.0,0.0,0.0,0.35,2.64,0.0,2.99,3.0,72.35612903225807,0.0,0.0,0,72.33,0.0,hand-to-mouth-drought-h27,Topanga,clipped
2017-06-01,2.3,0.0,0.0,0.0,0.0,2.3,0.0,2.3,2.3,72.33,0.0,0.0,0,72.33,0.0,hand-to-mouth-drought-h27,Topanga,clipped
2017-07-01,0.0,0.0,0.0,0.0,0.0,0.0,0.0,0.0,0.0,72.33,0.0,0.0,0,72.33,0.0,hand-to-mouth-drought-h27,Topanga,clipped
2017-08-01,0.6,0.0,0.0,0.0,0.0,0.6,0.0,0.6,0.6,72.33,0.0,0.0,0,72.33,0.0,hand-to-mouth-drought-h27,Topanga,clipped
2017-09-01,1.5,0.0,0.0,0.0,0.0,1.5,0.0,1.5,1.5,72.33,0.0,0.0,0,72.33,0.0,hand-to-mouth-drought-h27,Topanga,clipped
2017-10-01,0.0,0.0,0.0,0.0,0.0,0.0,0.0,0.0,0.0,72.33,0.0,0.0,0,72.33,0.0,hand-to-mouth-drought-h27,Topanga,clipped
2017-11-01,1.7,0.0,0.0,0.0,0.39,1.32,0.0,1.71,1.7,72.37599999999999,0.0,0.0,0,72.33,0.0,hand-to-mouth-drought-h27,Topanga,clipped
2017-12-01,0.0,0.0,0.0,0.0,0.0,0.0,0.0,0.0,0.0,72.33,0.0,0.0,0,72.33,0.0,hand-to-mouth-drought-h27,Topanga,clipped
2018-01-01,74.6,3.778446,0.32,0.0,40.78,10.34,0.0,51.12,74.6,104.39967741935483,0.0,0.0,0,91.75,0.0,hand-to-mouth-drought-h27,Topanga,clipped
2018-02-01,4.2,0.0,0.0,0.0,20.95,2.44,0.0,23.39,4.2,75.51964285714287,0.0,0.0,0,72.57,0.0,hand-to-mouth-drought-h27,Topanga,clipped
2018-03-01,161.4,0.0,0.15,8.214403800000001,64.48,28.240000000000002,0.0,92.72,161.4,131.68064516129033,0.0,0.0,0,132.89,0.0,hand-to-mouth-drought-h27,Topanga,clipped
2018-04-01,0.7,0.0,0.0,0.0,60.55,0.7,0.0,61.25,0.7,90.84833333333333,0.0,0.0,0,72.35,0.0,hand-to-mouth-drought-h27,Topanga,clipped
2018-05-01,3.5999999999999996,0.0,0.0,0.0,0.1,3.4899999999999998,0.0,3.59,3.5999999999999996,72.3390322580645,0.0,0.0,0,72.33,0.0,hand-to-mouth-drought-h27,Topanga,clipped
2018-06-01,1.8,0.0,0.0,0.0,0.06,1.7400000000000002,0.0,1.8000000000000003,1.8,72.334,0.0,0.0,0,72.33,0.0,hand-to-mouth-drought-h27,Topanga,clipped
2018-07-01,1.3,0.0,0.0,0.0,0.0,1.3,0.0,1.3,1.3,72.33,0.0,0.0,0,72.33,0.0,hand-to-mouth-drought-h27,Topanga,clipped
2018-08-01,0.0,0.0,0.0,0.0,0.0,0.0,0.0,0.0,0.0,72.33,0.0,0.0,0,72.33,0.0,hand-to-mouth-drought-h27,Topanga,clipped
2018-09-01,0.0,0.0,0.0,0.0,0.0,0.0,0.0,0.0,0.0,72.33,0.0,0.0,0,72.33,0.0,hand-to-mouth-drought-h27,Topanga,clipped
2018-10-01,8.3,0.0,0.0,0.0,5.09,3.21,0.0,8.3,8.3,72.68967741935484,0.0,0.0,0,72.33,0.0,hand-to-mouth-drought-h27,Topanga,clipped
2018-11-01,71.6,0.0,0.0,0.0,11.85,6.31,0.0,18.16,71.6,78.893,0.0,0.0,0,125.79,0.0,hand-to-mouth-drought-h27,Topanga,clipped
2018-12-01,63.900000000000006,5.147833,1.04,8.28494375,39.45,11.92,0.0,51.37,63.900000000000006,141.62677419354839,0.0,0.0,0,123.87,0.0,hand-to-mouth-drought-h27,Topanga,clipped
2019-01-01,269.4,54.11692,9.34,109.22008892,42.15,15.45,0.0,57.6,269.4,162.38741935483873,0.0,0.0,0,163.0,0.0,hand-to-mouth-drought-h27,Topanga,clipped
2019-02-01,191.3,21.791413,6.9799999999999995,122.07655409,40.59,18.83,0.0,59.42,191.3,170.80035714285714,0.0,0.0,0,144.03,0.0,hand-to-mouth-drought-h27,Topanga,clipped
2019-03-01,87.6,0.2944171,0.5700000000000001,46.2768809,68.81,15.62,0.0,84.43,87.6,141.9090322580645,0.0,0.0,0,100.08,0.0,hand-to-mouth-drought-h27,Topanga,clipped
2019-04-01,1.2,0.0,0.0,0.0,27.75,1.2,0.0,28.95,1.2,77.01299999999999,0.0,0.0,0,72.33,0.0,hand-to-mouth-drought-h27,Topanga,clipped
2019-05-01,35.4,0.0,0.0,0.0,21.43,13.96,0.0,35.39,35.4,75.16806451612904,0.0,0.0,0,72.36,0.0,hand-to-mouth-drought-h27,Topanga,clipped
2019-06-01,2.3,0.0,0.0,0.0,0.02,2.3,0.0,2.3200000000000003,2.3,72.33099999999999,0.0,0.0,0,72.33,0.0,hand-to-mouth-drought-h27,Topanga,clipped
2019-07-01,0.0,0.0,0.0,0.0,0.0,0.0,0.0,0.0,0.0,72.33,0.0,0.0,0,72.33,0.0,hand-to-mouth-drought-h27,Topanga,clipped
2019-08-01,0.0,0.0,0.0,0.0,0.0,0.0,0.0,0.0,0.0,72.33,0.0,0.0,0,72.33,0.0,hand-to-mouth-drought-h27,Topanga,clipped
2019-09-01,1.5,0.0,0.0,0.0,0.24,1.27,0.0,1.51,1.5,72.35333333333332,0.0,0.0,0,72.33,0.0,hand-to-mouth-drought-h27,Topanga,clipped
2019-10-01,0.0,0.0,0.0,0.0,0.0,0.0,0.0,0.0,0.0,72.33,0.0,0.0,0,72.33,0.0,hand-to-mouth-drought-h27,Topanga,clipped
2019-11-01,75.8,0.0,0.05,0.0,7.26,4.66,0.0,11.92,75.8,80.21533333333333,0.0,0.0,0,136.16,0.0,hand-to-mouth-drought-h27,Topanga,clipped
2019-12-01,140.1,9.102927,1.6099999999999999,56.219541,37.1,16.59,0.0,53.69,140.1,157.76903225806453,0.0,0.0,0,155.57,0.0,hand-to-mouth-drought-h27,Topanga,clipped
2020-01-01,8.6,0.0,0.0,0.95149542,52.66,7.99,0.0,60.65,8.6,127.54193548387097,0.0,0.0,0,102.56,0.0,hand-to-mouth-drought-h27,Topanga,clipped
2020-02-01,6.3,0.0,0.0,0.0,32.41,4.1,0.0,36.51,6.3,80.79344827586208,0.0,0.0,0,72.34,0.0,hand-to-mouth-drought-h27,Topanga,clipped
2020-03-01,162.7,8.490451,0.6000000000000001,27.69039232,41.89,19.74,0.0,61.63,162.7,128.30870967741936,0.0,0.0,0,136.41,0.0,hand-to-mouth-drought-h27,Topanga,clipped
2020-04-01,93.80000000000001,0.0,0.01,38.6015846,88.93,13.92,0.0,102.85,93.80000000000001,137.234,0.0,0.0,0,88.72,0.0,hand-to-mouth-drought-h27,Topanga,clipped
2020-05-01,5.6,0.0,0.0,0.0,19.3,2.69,0.0,21.99,5.6,73.67935483870967,0.0,0.0,0,72.33,0.0,hand-to-mouth-drought-h27,Topanga,clipped
2020-06-01,0.0,0.0,0.0,0.0,0.0,0.0,0.0,0.0,0.0,72.33,0.0,0.0,0,72.33,0.0,hand-to-mouth-drought-h27,Topanga,clipped
2020-07-01,0.0,0.0,0.0,0.0,0.0,0.0,0.0,0.0,0.0,72.33,0.0,0.0,0,72.33,0.0,hand-to-mouth-drought-h27,Topanga,clipped
2020-08-01,0.0,0.0,0.0,0.0,0.0,0.0,0.0,0.0,0.0,72.33,0.0,0.0,0,72.33,0.0,hand-to-mouth-drought-h27,Topanga,clipped
2020-09-01,0.0,0.0,0.0,0.0,0.0,0.0,0.0,0.0,0.0,72.33,0.0,0.0,0,72.33,0.0,hand-to-mouth-drought-h27,Topanga,clipped
2020-10-01,0.0,0.0,0.0,0.0,0.0,0.0,0.0,0.0,0.0,72.33,0.0,0.0,0,72.33,0.0,hand-to-mouth-drought-h27,Topanga,clipped
2020-11-01,5.0,0.0,0.0,0.0,2.58,2.41,0.0,4.99,5.0,72.60866666666666,0.0,0.0,0,72.33,0.0,hand-to-mouth-drought-h27,Topanga,clipped
2020-12-01,50.699999999999996,0.0,0.0,0.0,5.35,2.86,0.0,8.21,50.699999999999996,78.71354838709676,0.0,0.0,0,114.82,0.0,hand-to-mouth-drought-h27,Topanga,clipped
2021-01-01,77.8,0.0,0.06,0.0,42.02,11.82,0.0,53.839999999999996,77.8,99.63387096774194,0.0,0.0,0,138.73,0.0,hand-to-mouth-drought-h27,Topanga,clipped
2021-02-01,0.0,0.0,0.0,0.0,53.55,6.89,0.0,60.44,0.0,107.51892857142857,0.0,0.0,0,78.28,0.0,hand-to-mouth-drought-h27,Topanga,clipped
2021-03-01,33.9,0.0,0.0,0.0,27.72,12.09,0.0,39.81,33.9,77.51064516129033,0.0,0.0,0,72.34,0.0,hand-to-mouth-drought-h27,Topanga,clipped
2021-04-01,0.0,0.0,0.0,0.0,0.0,0.0,0.0,0.0,0.0,72.33,0.0,0.0,0,72.33,0.0,hand-to-mouth-drought-h27,Topanga,clipped
2021-05-01,0.0,0.0,0.0,0.0,0.0,0.0,0.0,0.0,0.0,72.33,0.0,0.0,0,72.33,0.0,hand-to-mouth-drought-h27,Topanga,clipped
2021-06-01,1.5,0.0,0.0,0.0,0.19,1.31,0.0,1.5,1.5,72.347,0.0,0.0,0,72.33,0.0,hand-to-mouth-drought-h27,Topanga,clipped
2021-07-01,1.9,0.0,0.0,0.0,0.07,1.8199999999999998,0.0,1.89,1.9,72.33483870967743,0.0,0.0,0,72.33,0.0,hand-to-mouth-drought-h27,Topanga,clipped
2021-08-01,0.8,0.0,0.0,0.0,0.0,0.8,0.0,0.8,0.8,72.33,0.0,0.0,0,72.33,0.0,hand-to-mouth-drought-h27,Topanga,clipped
2021-09-01,0.0,0.0,0.0,0.0,0.0,0.0,0.0,0.0,0.0,72.33,0.0,0.0,0,72.33,0.0,hand-to-mouth-drought-h27,Topanga,clipped
2021-10-01,39.9,0.0,0.0,0.0,13.22,11.9,0.0,25.12,39.9,77.5958064516129,0.0,0.0,0,87.07,0.0,hand-to-mouth-drought-h27,Topanga,clipped
2021-11-01,0.0,0.0,0.0,0.0,13.379999999999999,1.3699999999999999,0.0,14.75,0.0,74.50466666666667,0.0,0.0,0,72.33,0.0,hand-to-mouth-drought-h27,Topanga,clipped
2021-12-01,395.4,154.96571,9.540000000000001,70.76270600000001,19.53,11.77,0.0,31.3,395.4,129.75709677419357,0.0,0.0,0,201.02,0.0,hand-to-mouth-drought-h27,Topanga,clipped
2022-01-01,5.2,0.0,1.0,36.620329240000004,46.22,10.37,0.0,56.59,5.2,137.13032258064516,0.0,0.0,0,111.97,0.0,hand-to-mouth-drought-h27,Topanga,clipped
2022-02-01,1.3,0.0,0.0,0.0,39.76,1.12,0.0,40.88,1.3,85.72785714285715,0.0,0.0,0,72.39,0.0,hand-to-mouth-drought-h27,Topanga,clipped
2022-03-01,43.099999999999994,0.0,0.0,0.0,8.44,5.63,0.0,14.07,43.099999999999994,76.77032258064517,0.0,0.0,0,101.39,0.0,hand-to-mouth-drought-h27,Topanga,clipped
2022-04-01,7.4,0.0,0.0,0.0,28.62,7.8100000000000005,0.0,36.43,7.4,77.337,0.0,0.0,0,72.34,0.0,hand-to-mouth-drought-h27,Topanga,clipped
2022-05-01,1.4,0.0,0.0,0.0,0.0,1.4,0.0,1.4,1.4,72.33032258064516,0.0,0.0,0,72.33,0.0,hand-to-mouth-drought-h27,Topanga,clipped
2022-06-01,0.8,0.0,0.0,0.0,0.0,0.8,0.0,0.8,0.8,72.33,0.0,0.0,0,72.33,0.0,hand-to-mouth-drought-h27,Topanga,clipped
2022-07-01,0.0,0.0,0.0,0.0,0.0,0.0,0.0,0.0,0.0,72.33,0.0,0.0,0,72.33,0.0,hand-to-mouth-drought-h27,Topanga,clipped
2022-08-01,0.0,0.0,0.0,0.0,0.0,0.0,0.0,0.0,0.0,72.33,0.0,0.0,0,72.33,0.0,hand-to-mouth-drought-h27,Topanga,clipped
2022-09-01,9.4,0.0,0.0,0.0,6.15,3.26,0.0,9.41,9.4,72.75133333333333,0.0,0.0,0,72.33,0.0,hand-to-mouth-drought-h27,Topanga,clipped
2022-10-01,5.6,0.0,0.0,0.0,1.17,4.42,0.0,5.59,5.6,72.41129032258064,0.0,0.0,0,72.33,0.0,hand-to-mouth-drought-h27,Topanga,clipped
2022-11-01,67.4,0.0,0.0,0.0,38.88,12.57,0.0,51.45,67.4,100.07199999999999,0.0,0.0,0,88.12,0.0,hand-to-mouth-drought-h27,Topanga,clipped
2022-12-01,104.6,0.0,0.0,0.0,32.12,13.66,0.0,45.78,104.6,107.37548387096774,0.0,0.0,0,146.79,0.0,hand-to-mouth-drought-h27,Topanga,clipped
2016-01-01,144.3,11.49871,1.39,0.0,57.29,14.6,0.0,71.89,144.3,116.5958064516129,0.0,0.0,0,131.73,0.0,hand-to-mouth-drought-h27,Topanga,raw
2016-02-01,20.6,0.0,0.0,0.0,64.84,15.01,0.0,79.85,20.6,87.88275862068966,0.0,0.0,0,72.46,0.0,hand-to-mouth-drought-h27,Topanga,raw
2016-03-01,69.69999999999999,0.0,0.0,0.0,53.23,15.59,0.0,68.82,69.69999999999999,92.25354838709679,0.0,0.0,0,73.36,0.0,hand-to-mouth-drought-h27,Topanga,raw
2016-04-01,8.5,0.0,0.0,0.0,5.0200000000000005,4.49,0.0,9.51,8.5,72.74866666666667,0.0,0.0,0,72.33,0.0,hand-to-mouth-drought-h27,Topanga,raw
2016-05-01,2.8,0.0,0.0,0.0,0.94,1.8599999999999999,0.0,2.8,2.8,72.37354838709678,0.0,0.0,0,72.33,0.0,hand-to-mouth-drought-h27,Topanga,raw
2016-06-01,1.9,0.0,0.0,0.0,0.24,1.65,0.0,1.89,1.9,72.34733333333334,0.0,0.0,0,72.33,0.0,hand-to-mouth-drought-h27,Topanga,raw
2016-07-01,0.0,0.0,0.0,0.0,0.0,0.0,0.0,0.0,0.0,72.33,0.0,0.0,0,72.33,0.0,hand-to-mouth-drought-h27,Topanga,raw
2016-08-01,0.0,0.0,0.0,0.0,0.0,0.0,0.0,0.0,0.0,72.33,0.0,0.0,0,72.33,0.0,hand-to-mouth-drought-h27,Topanga,raw
2016-09-01,0.0,0.0,0.0,0.0,0.0,0.0,0.0,0.0,0.0,72.33,0.0,0.0,0,72.33,0.0,hand-to-mouth-drought-h27,Topanga,raw
2016-10-01,11.3,0.0,0.0,0.0,4.33,6.42,0.0,10.75,11.3,72.62322580645161,0.0,0.0,0,72.68,0.0,hand-to-mouth-drought-h27,Topanga,raw
2016-11-01,35.4,0.0,0.0,0.0,18.45,11.47,0.0,29.92,35.4,77.30366666666667,0.0,0.0,0,78.17,0.0,hand-to-mouth-drought-h27,Topanga,raw
2016-12-01,126.5,5.531079,0.49,0.0,41.08,17.7,0.0,58.78,126.5,101.1325806451613,0.0,0.0,0,139.74,0.0,hand-to-mouth-drought-h27,Topanga,raw
2017-01-01,304.9,82.36413999999999,7.21,137.31041466,59.09,25.44,0.0,84.53,304.9,168.65483870967742,0.0,0.0,0,133.25,0.0,hand-to-mouth-drought-h27,Topanga,raw
2017-02-01,149.20000000000002,22.15532,0.81,35.59228402,55.67,25.33,0.0,81.0,149.20000000000002,155.29392857142855,0.0,0.0,0,142.71,0.0,hand-to-mouth-drought-h27,Topanga,raw
2017-03-01,7.7,0.0,0.0,0.0,72.35,5.67,0.0,78.02,7.7,93.10935483870968,0.0,0.0,0,72.37,0.0,hand-to-mouth-drought-h27,Topanga,raw
2017-04-01,4.0,0.0,0.0,0.0,1.9,2.14,0.0,4.04,4.0,72.40833333333333,0.0,0.0,0,72.33,0.0,hand-to-mouth-drought-h27,Topanga,raw
2017-05-01,3.0,0.0,0.0,0.0,0.35,2.64,0.0,2.99,3.0,72.35612903225807,0.0,0.0,0,72.33,0.0,hand-to-mouth-drought-h27,Topanga,raw
2017-06-01,2.3,0.0,0.0,0.0,0.0,2.3,0.0,2.3,2.3,72.33,0.0,0.0,0,72.33,0.0,hand-to-mouth-drought-h27,Topanga,raw
2017-07-01,0.0,0.0,0.0,0.0,0.0,0.0,0.0,0.0,0.0,72.33,0.0,0.0,0,72.33,0.0,hand-to-mouth-drought-h27,Topanga,raw
2017-08-01,0.6,0.0,0.0,0.0,0.0,0.6,0.0,0.6,0.6,72.33,0.0,0.0,0,72.33,0.0,hand-to-mouth-drought-h27,Topanga,raw
2017-09-01,1.5,0.0,0.0,0.0,0.0,1.5,0.0,1.5,1.5,72.33,0.0,0.0,0,72.33,0.0,hand-to-mouth-drought-h27,Topanga,raw
2017-10-01,0.0,0.0,0.0,0.0,0.0,0.0,0.0,0.0,0.0,72.33,0.0,0.0,0,72.33,0.0,hand-to-mouth-drought-h27,Topanga,raw
2017-11-01,1.7,0.0,0.0,0.0,0.29,1.4,0.0,1.69,1.7,72.352,0.0,0.0,0,72.33,0.0,hand-to-mouth-drought-h27,Topanga,raw
2017-12-01,0.0,0.0,0.0,0.0,0.0,0.0,0.0,0.0,0.0,72.33,0.0,0.0,0,72.33,0.0,hand-to-mouth-drought-h27,Topanga,raw
2018-01-01,74.6,2.67273,0.31,0.0,50.05,11.26,0.0,61.31,74.6,98.90129032258065,0.0,0.0,0,82.64,0.0,hand-to-mouth-drought-h27,Topanga,raw
2018-02-01,4.2,0.0,0.0,0.0,11.8,2.54,0.0,14.34,4.2,73.44607142857141,0.0,0.0,0,72.48,0.0,hand-to-mouth-drought-h27,Topanga,raw
2018-03-01,161.4,0.0,0.0,0.0,75.96,31.38,0.0,107.34,161.4,125.71193548387097,0.0,0.0,0,126.5,0.0,hand-to-mouth-drought-h27,Topanga,raw
2018-04-01,0.7,0.0,0.0,0.0,54.160000000000004,0.7,0.0,54.86,0.7,86.13966666666667,0.0,0.0,0,72.34,0.0,hand-to-mouth-drought-h27,Topanga,raw
2018-05-01,3.5999999999999996,0.0,0.0,0.0,0.09,3.51,0.0,3.5999999999999996,3.5999999999999996,72.3367741935484,0.0,0.0,0,72.33,0.0,hand-to-mouth-drought-h27,Topanga,raw
2018-06-01,1.8,0.0,0.0,0.0,0.06,1.7400000000000002,0.0,1.8000000000000003,1.8,72.334,0.0,0.0,0,72.33,0.0,hand-to-mouth-drought-h27,Topanga,raw
2018-07-01,1.3,0.0,0.0,0.0,0.0,1.3,0.0,1.3,1.3,72.33,0.0,0.0,0,72.33,0.0,hand-to-mouth-drought-h27,Topanga,raw
2018-08-01,0.0,0.0,0.0,0.0,0.0,0.0,0.0,0.0,0.0,72.33,0.0,0.0,0,72.33,0.0,hand-to-mouth-drought-h27,Topanga,raw
2018-09-01,0.0,0.0,0.0,0.0,0.0,0.0,0.0,0.0,0.0,72.33,0.0,0.0,0,72.33,0.0,hand-to-mouth-drought-h27,Topanga,raw
2018-10-01,8.3,0.0,0.0,0.0,4.96,3.33,0.0,8.29,8.3,72.58838709677418,0.0,0.0,0,72.33,0.0,hand-to-mouth-drought-h27,Topanga,raw
2018-11-01,71.6,0.0,0.0,0.0,17.11,8.25,0.0,25.36,71.6,77.58633333333334,0.0,0.0,0,118.55,0.0,hand-to-mouth-drought-h27,Topanga,raw
2018-12-01,63.900000000000006,1.013843,0.57,0.0,63.96,14.950000000000001,0.0,78.91,63.900000000000006,128.16064516129032,0.0,0.0,0,101.96,0.0,hand-to-mouth-drought-h27,Topanga,raw
2019-01-01,269.4,50.4608,8.08,74.42974901,68.84,19.57,0.0,88.41,269.4,146.94193548387096,0.0,0.0,0,150.0,0.0,hand-to-mouth-drought-h27,Topanga,raw
2019-02-01,191.3,17.4430968,5.6,101.9295803,55.75,24.03,0.0,79.78,191.3,166.10535714285714,0.0,0.0,0,136.56,0.0,hand-to-mouth-drought-h27,Topanga,raw
2019-03-01,87.6,0.0,0.4,37.15709034,82.36,16.26,0.0,98.62,87.6,135.91096774193548,0.0,0.0,0,88.0,0.0,hand-to-mouth-drought-h27,Topanga,raw
2019-04-01,1.2,0.0,0.0,0.0,15.66,1.2,0.0,16.86,1.2,73.776,0.0,0.0,0,72.33,0.0,hand-to-mouth-drought-h27,Topanga,raw
2019-05-01,35.4,0.0,0.0,0.0,21.34,14.040000000000001,0.0,35.38,35.4,75.04709677419355,0.0,0.0,0,72.36,0.0,hand-to-mouth-drought-h27,Topanga,raw
2019-06-01,2.3,0.0,0.0,0.0,0.02,2.3,0.0,2.3200000000000003,2.3,72.33066666666667,0.0,0.0,0,72.33,0.0,hand-to-mouth-drought-h27,Topanga,raw
2019-07-01,0.0,0.0,0.0,0.0,0.0,0.0,0.0,0.0,0.0,72.33,0.0,0.0,0,72.33,0.0,hand-to-mouth-drought-h27,Topanga,raw
2019-08-01,0.0,0.0,0.0,0.0,0.0,0.0,0.0,0.0,0.0,72.33,0.0,0.0,0,72.33,0.0,hand-to-mouth-drought-h27,Topanga,raw
2019-09-01,1.5,0.0,0.0,0.0,0.21,1.29,0.0,1.5,1.5,72.352,0.0,0.0,0,72.33,0.0,hand-to-mouth-drought-h27,Topanga,raw
2019-10-01,0.0,0.0,0.0,0.0,0.0,0.0,0.0,0.0,0.0,72.33,0.0,0.0,0,72.33,0.0,hand-to-mouth-drought-h27,Topanga,raw
2019-11-01,75.8,0.0,0.0,0.0,8.68,5.63,0.0,14.31,75.8,79.923,0.0,0.0,0,133.82,0.0,hand-to-mouth-drought-h27,Topanga,raw
2019-12-01,140.1,7.32089,0.68,29.504134999999998,63.3,22.77,0.0,86.07,140.1,145.07516129032257,0.0,0.0,0,150.25,0.0,hand-to-mouth-drought-h27,Topanga,raw
2020-01-01,8.6,0.0,0.0,0.554321,73.34,6.12,0.0,79.46,8.6,113.99838709677418,0.0,0.0,0,78.83,0.0,hand-to-mouth-drought-h27,Topanga,raw
2020-02-01,6.3,0.0,0.0,0.0,8.41,4.38,0.0,12.790000000000001,6.3,72.81344827586207,0.0,0.0,0,72.33,0.0,hand-to-mouth-drought-h27,Topanga,raw
2020-03-01,162.7,6.735203,0.48,22.8594044,49.03,22.31,0.0,71.34,162.7,126.91129032258064,0.0,0.0,0,133.35,0.0,hand-to-mouth-drought-h27,Topanga,raw
2020-04-01,93.80000000000001,0.0,0.0,31.8204297,99.19,14.58,0.0,113.77,93.80000000000001,133.499,0.0,0.0,0,81.54,0.0,hand-to-mouth-drought-h27,Topanga,raw
2020-05-01,5.6,0.0,0.0,0.0,12.1,2.69,0.0,14.790000000000001,5.6,72.95483870967742,0.0,0.0,0,72.33,0.0,hand-to-mouth-drought-h27,Topanga,raw
2020-06-01,0.0,0.0,0.0,0.0,0.0,0.0,0.0,0.0,0.0,72.33,0.0,0.0,0,72.33,0.0,hand-to-mouth-drought-h27,Topanga,raw
2020-07-01,0.0,0.0,0.0,0.0,0.0,0.0,0.0,0.0,0.0,72.33,0.0,0.0,0,72.33,0.0,hand-to-mouth-drought-h27,Topanga,raw
2020-08-01,0.0,0.0,0.0,0.0,0.0,0.0,0.0,0.0,0.0,72.33,0.0,0.0,0,72.33,0.0,hand-to-mouth-drought-h27,Topanga,raw
2020-09-01,0.0,0.0,0.0,0.0,0.0,0.0,0.0,0.0,0.0,72.33,0.0,0.0,0,72.33,0.0,hand-to-mouth-drought-h27,Topanga,raw
2020-10-01,0.0,0.0,0.0,0.0,0.0,0.0,0.0,0.0,0.0,72.33,0.0,0.0,0,72.33,0.0,hand-to-mouth-drought-h27,Topanga,raw
2020-11-01,5.0,0.0,0.0,0.0,2.5,2.49,0.0,4.99,5.0,72.51566666666666,0.0,0.0,0,72.33,0.0,hand-to-mouth-drought-h27,Topanga,raw
2020-12-01,50.699999999999996,0.0,0.0,0.0,8.0,4.24,0.0,12.24,50.699999999999996,78.36935483870967,0.0,0.0,0,110.81,0.0,hand-to-mouth-drought-h27,Topanga,raw
2021-01-01,77.8,0.0,0.0,0.0,44.68,13.11,0.0,57.79,77.8,92.69483870967741,0.0,0.0,0,130.82,0.0,hand-to-mouth-drought-h27,Topanga,raw
2021-02-01,0.0,0.0,0.0,0.0,50.94,6.53,0.0,57.47,0.0,96.47107142857143,0.0,0.0,0,73.33,0.0,hand-to-mouth-drought-h27,Topanga,raw
2021-03-01,33.9,0.0,0.0,0.0,22.65,12.23,0.0,34.88,33.9,76.76806451612903,0.0,0.0,0,72.33,0.0,hand-to-mouth-drought-h27,Topanga,raw
2021-04-01,0.0,0.0,0.0,0.0,0.0,0.0,0.0,0.0,0.0,72.33,0.0,0.0,0,72.33,0.0,hand-to-mouth-drought-h27,Topanga,raw
2021-05-01,0.0,0.0,0.0,0.0,0.0,0.0,0.0,0.0,0.0,72.33,0.0,0.0,0,72.33,0.0,hand-to-mouth-drought-h27,Topanga,raw
2021-06-01,1.5,0.0,0.0,0.0,0.19,1.31,0.0,1.5,1.5,72.347,0.0,0.0,0,72.33,0.0,hand-to-mouth-drought-h27,Topanga,raw
2021-07-01,1.9,0.0,0.0,0.0,0.03,1.86,0.0,1.8900000000000001,1.9,72.33193548387096,0.0,0.0,0,72.33,0.0,hand-to-mouth-drought-h27,Topanga,raw
2021-08-01,0.8,0.0,0.0,0.0,0.0,0.8,0.0,0.8,0.8,72.33,0.0,0.0,0,72.33,0.0,hand-to-mouth-drought-h27,Topanga,raw
2021-09-01,0.0,0.0,0.0,0.0,0.0,0.0,0.0,0.0,0.0,72.33,0.0,0.0,0,72.33,0.0,hand-to-mouth-drought-h27,Topanga,raw
2021-10-01,39.9,0.0,0.0,0.0,15.870000000000001,13.290000000000001,0.0,29.16,39.9,76.91709677419354,0.0,0.0,0,82.99,0.0,hand-to-mouth-drought-h27,Topanga,raw
2021-11-01,0.0,0.0,0.0,0.0,10.23,0.41000000000000003,0.0,10.64,0.0,73.48033333333333,0.0,0.0,0,72.33,0.0,hand-to-mouth-drought-h27,Topanga,raw
2021-12-01,395.4,147.481934,8.53,64.8023649,29.63,17.67,0.0,47.3,395.4,127.7816129032258,0.0,0.0,0,199.42,0.0,hand-to-mouth-drought-h27,Topanga,raw
2022-01-01,5.2,0.0,0.89,34.38027578,70.72,10.53,0.0,81.25,5.2,125.35483870967742,0.0,0.0,0,88.12,0.0,hand-to-mouth-drought-h27,Topanga,raw
2022-02-01,1.3,0.0,0.0,0.0,15.91,1.1600000000000001,0.0,17.07,1.3,74.17571428571429,0.0,0.0,0,72.33,0.0,hand-to-mouth-drought-h27,Topanga,raw
2022-03-01,43.099999999999994,0.0,0.0,0.0,8.92,6.1,0.0,15.02,43.099999999999994,76.6832258064516,0.0,0.0,0,100.41,0.0,hand-to-mouth-drought-h27,Topanga,raw
2022-04-01,7.4,0.0,0.0,0.0,27.93,7.52,0.0,35.449999999999996,7.4,77.02233333333334,0.0,0.0,0,72.34,0.0,hand-to-mouth-drought-h27,Topanga,raw
2022-05-01,1.4,0.0,0.0,0.0,0.0,1.4,0.0,1.4,1.4,72.33032258064516,0.0,0.0,0,72.33,0.0,hand-to-mouth-drought-h27,Topanga,raw
2022-06-01,0.8,0.0,0.0,0.0,0.0,0.8,0.0,0.8,0.8,72.33,0.0,0.0,0,72.33,0.0,hand-to-mouth-drought-h27,Topanga,raw
2022-07-01,0.0,0.0,0.0,0.0,0.0,0.0,0.0,0.0,0.0,72.33,0.0,0.0,0,72.33,0.0,hand-to-mouth-drought-h27,Topanga,raw
2022-08-01,0.0,0.0,0.0,0.0,0.0,0.0,0.0,0.0,0.0,72.33,0.0,0.0,0,72.33,0.0,hand-to-mouth-drought-h27,Topanga,raw
2022-09-01,9.4,0.0,0.0,0.0,6.11,3.3,0.0,9.41,9.4,72.72833333333332,0.0,0.0,0,72.33,0.0,hand-to-mouth-drought-h27,Topanga,raw
2022-10-01,5.6,0.0,0.0,0.0,0.9700000000000001,4.62,0.0,5.59,5.6,72.38806451612902,0.0,0.0,0,72.33,0.0,hand-to-mouth-drought-h27,Topanga,raw
2022-11-01,67.4,0.0,0.0,0.0,47.78,13.65,0.0,61.43,67.4,94.54899999999999,0.0,0.0,0,78.09,0.0,hand-to-mouth-drought-h27,Topanga,raw
2022-12-01,104.6,0.0,0.0,0.0,42.88,16.53,0.0,59.41,104.6,89.96387096774194,0.0,0.0,0,123.13,0.0,hand-to-mouth-drought-h27,Topanga,raw
2016-01-01,147.7,14.97992,1.13,0.0,37.64,11.84,0.0,49.48,147.7,125.39741935483872,0.0,0.0,0,154.43,0.0,hand-to-mouth-drought-h113,Topanga,clipped
2016-02-01,21.0,0.0,0.0,0.0,68.95,14.620000000000001,0.0,83.57,21.0,121.39413793103448,0.0,0.0,0,91.85,0.0,hand-to-mouth-drought-h113,Topanga,clipped
2016-03-01,69.6,0.0,0.0,0.0,72.85,14.96,0.0,87.81,69.6,100.79193548387097,0.0,0.0,0,73.67,0.0,hand-to-mouth-drought-h113,Topanga,clipped
2016-04-01,9.1,0.0,0.0,0.0,6.14,4.3100000000000005,0.0,10.45,9.1,72.94166666666666,0.0,0.0,0,72.33,0.0,hand-to-mouth-drought-h113,Topanga,clipped
2016-05-01,3.0,0.0,0.0,0.0,1.13,1.8699999999999999,0.0,3.0,3.0,72.38129032258065,0.0,0.0,0,72.33,0.0,hand-to-mouth-drought-h113,Topanga,clipped
2016-06-01,2.0,0.0,0.0,0.0,0.26,1.69,0.0,1.95,2.0,72.348,0.0,0.0,0,72.33,0.0,hand-to-mouth-drought-h113,Topanga,clipped
2016-07-01,0.0,0.0,0.0,0.0,0.0,0.0,0.0,0.0,0.0,72.33,0.0,0.0,0,72.33,0.0,hand-to-mouth-drought-h113,Topanga,clipped
2016-08-01,0.0,0.0,0.0,0.0,0.0,0.0,0.0,0.0,0.0,72.33,0.0,0.0,0,72.33,0.0,hand-to-mouth-drought-h113,Topanga,clipped
2016-09-01,0.0,0.0,0.0,0.0,0.0,0.0,0.0,0.0,0.0,72.33,0.0,0.0,0,72.33,0.0,hand-to-mouth-drought-h113,Topanga,clipped
2016-10-01,11.399999999999999,0.0,0.0,0.0,4.67,5.82,0.0,10.49,11.399999999999999,72.6974193548387,0.0,0.0,0,73.02,0.0,hand-to-mouth-drought-h113,Topanga,clipped
2016-11-01,37.6,0.0,0.0,0.0,12.07,8.86,0.0,20.93,37.6,80.08500000000001,0.0,0.0,0,89.68,0.0,hand-to-mouth-drought-h113,Topanga,clipped
2016-12-01,127.9,11.74545,0.57,0.0,30.97,12.59,0.0,43.56,127.9,111.81032258064516,0.0,0.0,0,161.5,0.0,hand-to-mouth-drought-h113,Topanga,clipped
2017-01-01,312.1,91.94725,6.45,177.57356307999999,35.75,17.03,0.0,52.78,312.1,178.23870967741934,0.0,0.0,0,144.77,0.0,hand-to-mouth-drought-h113,Topanga,clipped
2017-02-01,152.4,29.36246,0.8500000000000001,58.6205978,40.52,19.12,0.0,59.64,152.4,162.49107142857142,0.0,0.0,0,148.46,0.0,hand-to-mouth-drought-h113,Topanga,clipped
2017-03-01,7.6,0.0,0.0,0.0,75.97,7.12,0.0,83.09,7.6,103.2432258064516,0.0,0.0,0,72.96,0.0,hand-to-mouth-drought-h113,Topanga,clipped
2017-04-01,4.3,0.0,0.0,0.0,2.77,2.14,0.0,4.91,4.3,72.463,0.0,0.0,0,72.33,0.0,hand-to-mouth-drought-h113,Topanga,clipped
2017-05-01,3.1,0.0,0.0,0.0,0.39,2.66,0.0,3.05,3.1,72.3583870967742,0.0,0.0,0,72.33,0.0,hand-to-mouth-drought-h113,Topanga,clipped
2017-06-01,2.3,0.0,0.0,0.0,0.0,2.3,0.0,2.3,2.3,72.33,0.0,0.0,0,72.33,0.0,hand-to-mouth-drought-h113,Topanga,clipped
2017-07-01,0.0,0.0,0.0,0.0,0.0,0.0,0.0,0.0,0.0,72.33,0.0,0.0,0,72.33,0.0,hand-to-mouth-drought-h113,Topanga,clipped
2017-08-01,1.0,0.0,0.0,0.0,0.0,1.0,0.0,1.0,1.0,72.33,0.0,0.0,0,72.33,0.0,hand-to-mouth-drought-h113,Topanga,clipped
2017-09-01,1.5,0.0,0.0,0.0,0.0,1.5,0.0,1.5,1.5,72.33,0.0,0.0,0,72.33,0.0,hand-to-mouth-drought-h113,Topanga,clipped
2017-10-01,0.0,0.0,0.0,0.0,0.0,0.0,0.0,0.0,0.0,72.33,0.0,0.0,0,72.33,0.0,hand-to-mouth-drought-h113,Topanga,clipped
2017-11-01,1.8,0.0,0.0,0.0,0.45,1.35,0.0,1.8,1.8,72.38433333333333,0.0,0.0,0,72.33,0.0,hand-to-mouth-drought-h113,Topanga,clipped
2017-12-01,0.0,0.0,0.0,0.0,0.0,0.0,0.0,0.0,0.0,72.33,0.0,0.0,0,72.33,0.0,hand-to-mouth-drought-h113,Topanga,clipped
2018-01-01,76.4,5.357576,0.29,0.0,39.11,10.18,0.0,49.29,76.4,105.47451612903225,0.0,0.0,0,93.79,0.0,hand-to-mouth-drought-h113,Topanga,clipped
2018-02-01,4.3,0.0,0.0,0.0,23.06,2.36,0.0,25.42,4.3,76.16642857142857,0.0,0.0,0,72.67,0.0,hand-to-mouth-drought-h113,Topanga,clipped
2018-03-01,160.8,0.0,0.13,9.7918291,62.54,27.57,0.0,90.11,160.8,132.43967741935484,0.0,0.0,0,133.44,0.0,hand-to-mouth-drought-h113,Topanga,clipped
2018-04-01,0.8,0.0,0.0,0.0,61.1,0.8,0.0,61.9,0.8,91.56666666666666,0.0,0.0,0,72.35,0.0,hand-to-mouth-drought-h113,Topanga,clipped
2018-05-01,3.8,0.0,0.0,0.0,0.19,3.63,0.0,3.82,3.8,72.3441935483871,0.0,0.0,0,72.33,0.0,hand-to-mouth-drought-h113,Topanga,clipped
2018-06-01,1.8,0.0,0.0,0.0,0.05,1.75,0.0,1.7999999999999998,1.8,72.334,0.0,0.0,0,72.33,0.0,hand-to-mouth-drought-h113,Topanga,clipped
2018-07-01,1.3,0.0,0.0,0.0,0.0,1.3,0.0,1.3,1.3,72.33,0.0,0.0,0,72.33,0.0,hand-to-mouth-drought-h113,Topanga,clipped
2018-08-01,0.0,0.0,0.0,0.0,0.0,0.0,0.0,0.0,0.0,72.33,0.0,0.0,0,72.33,0.0,hand-to-mouth-drought-h113,Topanga,clipped
2018-09-01,0.0,0.0,0.0,0.0,0.0,0.0,0.0,0.0,0.0,72.33,0.0,0.0,0,72.33,0.0,hand-to-mouth-drought-h113,Topanga,clipped
2018-10-01,8.4,0.0,0.0,0.0,5.17,3.23,0.0,8.4,8.4,72.69387096774193,0.0,0.0,0,72.33,0.0,hand-to-mouth-drought-h113,Topanga,clipped
2018-11-01,75.9,0.0,0.0,0.0,11.47,6.28,0.0,17.75,75.9,79.559,0.0,0.0,0,130.46,0.0,hand-to-mouth-drought-h113,Topanga,clipped
2018-12-01,64.5,6.514237,0.83,13.678115190000002,36.79,11.49,0.0,48.28,64.5,143.85709677419354,0.0,0.0,0,125.66,0.0,hand-to-mouth-drought-h113,Topanga,clipped
2019-01-01,275.7,60.0954474,7.04,115.3366425,39.18,14.76,0.0,53.94,275.7,163.8858064516129,0.0,0.0,0,164.93,0.0,hand-to-mouth-drought-h113,Topanga,clipped
2019-02-01,195.4,26.18103,5.54,127.78475031,37.49,17.55,0.0,55.04,195.4,171.93178571428572,0.0,0.0,0,145.77,0.0,hand-to-mouth-drought-h113,Topanga,clipped
2019-03-01,87.3,0.4161634,0.43000000000000005,48.46384612,66.62,15.389999999999999,0.0,82.01,87.3,142.8741935483871,0.0,0.0,0,101.73,0.0,hand-to-mouth-drought-h113,Topanga,clipped
2019-04-01,1.3,0.0,0.0,0.0,29.38,1.3,0.0,30.68,1.3,77.61,0.0,0.0,0,72.33,0.0,hand-to-mouth-drought-h113,Topanga,clipped
2019-05-01,37.6,0.0,0.0,0.0,23.22,14.32,0.0,37.54,37.6,75.74612903225807,0.0,0.0,0,72.39,0.0,hand-to-mouth-drought-h113,Topanga,clipped
2019-06-01,2.3,0.0,0.0,0.0,0.05,2.3,0.0,2.35,2.3,72.33200000000001,0.0,0.0,0,72.33,0.0,hand-to-mouth-drought-h113,Topanga,clipped
2019-07-01,0.0,0.0,0.0,0.0,0.0,0.0,0.0,0.0,0.0,72.33,0.0,0.0,0,72.33,0.0,hand-to-mouth-drought-h113,Topanga,clipped
2019-08-01,0.0,0.0,0.0,0.0,0.0,0.0,0.0,0.0,0.0,72.33,0.0,0.0,0,72.33,0.0,hand-to-mouth-drought-h113,Topanga,clipped
2019-09-01,1.5,0.0,0.0,0.0,0.21,1.28,0.0,1.49,1.5,72.35033333333332,0.0,0.0,0,72.33,0.0,hand-to-mouth-drought-h113,Topanga,clipped
2019-10-01,0.0,0.0,0.0,0.0,0.0,0.0,0.0,0.0,0.0,72.33,0.0,0.0,0,72.33,0.0,hand-to-mouth-drought-h113,Topanga,clipped
2019-11-01,80.4,0.0,0.15,0.0,7.33,4.59,0.0,11.92,80.4,80.76866666666666,0.0,0.0,0,140.67,0.0,hand-to-mouth-drought-h113,Topanga,clipped
2019-12-01,141.6,10.3238,1.33,64.76038617,34.11,15.49,0.0,49.6,141.6,161.0435483870968,0.0,0.0,0,156.17,0.0,hand-to-mouth-drought-h113,Topanga,clipped
2020-01-01,8.8,0.0,0.0,1.03219831,50.27,8.2,0.0,58.47,8.8,129.23032258064515,0.0,0.0,0,105.49,0.0,hand-to-mouth-drought-h113,Topanga,clipped
2020-02-01,6.3999999999999995,0.0,0.0,0.0,35.44,4.1,0.0,39.54,6.3999999999999995,83.00862068965517,0.0,0.0,0,72.36,0.0,hand-to-mouth-drought-h113,Topanga,clipped
2020-03-01,162.0,8.555699,0.47,28.775593681,40.230000000000004,19.04,0.0,59.27,162.0,128.62032258064517,0.0,0.0,0,137.08,0.0,hand-to-mouth-drought-h113,Topanga,clipped
2020-04-01,100.0,0.0,0.16,45.9641998,86.75999999999999,13.95,0.0,100.71,100.0,138.86466666666666,0.0,0.0,0,90.26,0.0,hand-to-mouth-drought-h113,Topanga,clipped
2020-05-01,5.8999999999999995,0.0,0.0,0.0,21.09,2.74,0.0,23.83,5.8999999999999995,73.90612903225806,0.0,0.0,0,72.33,0.0,hand-to-mouth-drought-h113,Topanga,clipped
2020-06-01,0.0,0.0,0.0,0.0,0.0,0.0,0.0,0.0,0.0,72.33,0.0,0.0,0,72.33,0.0,hand-to-mouth-drought-h113,Topanga,clipped
2020-07-01,0.0,0.0,0.0,0.0,0.0,0.0,0.0,0.0,0.0,72.33,0.0,0.0,0,72.33,0.0,hand-to-mouth-drought-h113,Topanga,clipped
2020-08-01,0.0,0.0,0.0,0.0,0.0,0.0,0.0,0.0,0.0,72.33,0.0,0.0,0,72.33,0.0,hand-to-mouth-drought-h113,Topanga,clipped
2020-09-01,0.0,0.0,0.0,0.0,0.0,0.0,0.0,0.0,0.0,72.33,0.0,0.0,0,72.33,0.0,hand-to-mouth-drought-h113,Topanga,clipped
2020-10-01,0.0,0.0,0.0,0.0,0.0,0.0,0.0,0.0,0.0,72.33,0.0,0.0,0,72.33,0.0,hand-to-mouth-drought-h113,Topanga,clipped
2020-11-01,5.3,0.0,0.0,0.0,2.8400000000000003,2.45,0.0,5.29,5.3,72.65366666666667,0.0,0.0,0,72.33,0.0,hand-to-mouth-drought-h113,Topanga,clipped
2020-12-01,51.2,0.0,0.0,0.0,4.9,2.62,0.0,7.52,51.2,78.84645161290322,0.0,0.0,0,116.01,0.0,hand-to-mouth-drought-h113,Topanga,clipped
2021-01-01,79.6,0.0,0.09,0.0,40.55,11.5,0.0,52.05,79.6,101.99548387096775,0.0,0.0,0,143.46,0.0,hand-to-mouth-drought-h113,Topanga,clipped
2021-02-01,0.0,0.0,0.0,0.0,51.06,6.99,0.0,58.05,0.0,113.515,0.0,0.0,0,85.42,0.0,hand-to-mouth-drought-h113,Topanga,clipped
2021-03-01,33.8,0.0,0.0,0.0,34.76,12.02,0.0,46.78,33.8,78.71354838709676,0.0,0.0,0,72.34,0.0,hand-to-mouth-drought-h113,Topanga,clipped
2021-04-01,0.0,0.0,0.0,0.0,0.0,0.0,0.0,0.0,0.0,72.33066666666667,0.0,0.0,0,72.33,0.0,hand-to-mouth-drought-h113,Topanga,clipped
2021-05-01,0.0,0.0,0.0,0.0,0.0,0.0,0.0,0.0,0.0,72.33,0.0,0.0,0,72.33,0.0,hand-to-mouth-drought-h113,Topanga,clipped
2021-06-01,1.5,0.0,0.0,0.0,0.19,1.31,0.0,1.5,1.5,72.347,0.0,0.0,0,72.33,0.0,hand-to-mouth-drought-h113,Topanga,clipped
2021-07-01,2.0,0.0,0.0,0.0,0.06,1.88,0.0,1.94,2.0,72.3341935483871,0.0,0.0,0,72.33,0.0,hand-to-mouth-drought-h113,Topanga,clipped
2021-08-01,1.3,0.0,0.0,0.0,0.0,1.3,0.0,1.3,1.3,72.33,0.0,0.0,0,72.33,0.0,hand-to-mouth-drought-h113,Topanga,clipped
2021-09-01,0.0,0.0,0.0,0.0,0.0,0.0,0.0,0.0,0.0,72.33,0.0,0.0,0,72.33,0.0,hand-to-mouth-drought-h113,Topanga,clipped
2021-10-01,40.4,0.0,0.0,0.0,13.469999999999999,11.98,0.0,25.45,40.4,77.65548387096774,0.0,0.0,0,87.22,0.0,hand-to-mouth-drought-h113,Topanga,clipped
2021-11-01,0.0,0.0,0.0,0.0,13.53,1.36,0.0,14.89,0.0,74.583,0.0,0.0,0,72.33,0.0,hand-to-mouth-drought-h113,Topanga,clipped
2021-12-01,399.5,160.83827000000002,7.44,73.188373,17.83,10.75,0.0,28.580000000000002,399.5,130.40193548387097,0.0,0.0,0,201.6,0.0,hand-to-mouth-drought-h113,Topanga,clipped
2022-01-01,5.3,0.0,0.76,37.52950396,43.84,10.32,0.0,54.160000000000004,5.3,138.49419354838707,0.0,0.0,0,114.46,0.0,hand-to-mouth-drought-h113,Topanga,clipped
2022-02-01,1.3,0.0,0.0,0.0,42.18,1.11,0.0,43.29,1.3,88.28750000000001,0.0,0.0,0,72.49,0.0,hand-to-mouth-drought-h113,Topanga,clipped
2022-03-01,43.0,0.0,0.0,0.0,8.27,5.44,0.0,13.71,43.0,76.80903225806452,0.0,0.0,0,101.77,0.0,hand-to-mouth-drought-h113,Topanga,clipped
2022-04-01,7.9,0.0,0.0,0.0,29.33,8.040000000000001,0.0,37.37,7.9,77.52233333333334,0.0,0.0,0,72.34,0.0,hand-to-mouth-drought-h113,Topanga,clipped
2022-05-01,1.5,0.0,0.0,0.0,0.02,1.48,0.0,1.5,1.5,72.33193548387096,0.0,0.0,0,72.33,0.0,hand-to-mouth-drought-h113,Topanga,clipped
2022-06-01,0.8,0.0,0.0,0.0,0.0,0.8,0.0,0.8,0.8,72.33,0.0,0.0,0,72.33,0.0,hand-to-mouth-drought-h113,Topanga,clipped
2022-07-01,0.0,0.0,0.0,0.0,0.0,0.0,0.0,0.0,0.0,72.33,0.0,0.0,0,72.33,0.0,hand-to-mouth-drought-h113,Topanga,clipped
2022-08-01,0.0,0.0,0.0,0.0,0.0,0.0,0.0,0.0,0.0,72.33,0.0,0.0,0,72.33,0.0,hand-to-mouth-drought-h113,Topanga,clipped
2022-09-01,9.4,0.0,0.0,0.0,6.11,3.27,0.0,9.38,9.4,72.72366666666667,0.0,0.0,0,72.33,0.0,hand-to-mouth-drought-h113,Topanga,clipped
2022-10-01,5.6,0.0,0.0,0.0,1.16,4.42,0.0,5.58,5.6,72.41032258064516,0.0,0.0,0,72.33,0.0,hand-to-mouth-drought-h113,Topanga,clipped
2022-11-01,71.4,0.0,0.04,0.0,38.17,12.58,0.0,50.75,71.4,103.47566666666667,0.0,0.0,0,92.77,0.0,hand-to-mouth-drought-h113,Topanga,clipped
2022-12-01,106.0,0.0,0.0,0.0,29.66,12.98,0.0,42.64,106.0,114.32225806451612,0.0,0.0,0,155.89,0.0,hand-to-mouth-drought-h113,Topanga,clipped
2016-01-01,147.7,13.84012,1.08,0.0,55.21,14.16,0.0,69.37,147.7,118.09645161290322,0.0,0.0,0,135.53,0.0,hand-to-mouth-drought-h113,Topanga,raw
2016-02-01,21.0,0.0,0.0,0.0,68.91,15.08,0.0,83.99,21.0,90.28344827586206,0.0,0.0,0,72.53,0.0,hand-to-mouth-drought-h113,Topanga,raw
2016-03-01,69.6,0.0,0.0,0.0,53.22,15.459999999999999,0.0,68.67999999999999,69.6,92.7174193548387,0.0,0.0,0,73.49,0.0,hand-to-mouth-drought-h113,Topanga,raw
2016-04-01,9.1,0.0,0.0,0.0,5.7,4.56,0.0,10.26,9.1,72.83066666666667,0.0,0.0,0,72.33,0.0,hand-to-mouth-drought-h113,Topanga,raw
2016-05-01,3.0,0.0,0.0,0.0,1.0999999999999999,1.89,0.0,2.9899999999999998,3.0,72.38,0.0,0.0,0,72.33,0.0,hand-to-mouth-drought-h113,Topanga,raw
2016-06-01,2.0,0.0,0.0,0.0,0.26,1.69,0.0,1.95,2.0,72.348,0.0,0.0,0,72.33,0.0,hand-to-mouth-drought-h113,Topanga,raw
2016-07-01,0.0,0.0,0.0,0.0,0.0,0.0,0.0,0.0,0.0,72.33,0.0,0.0,0,72.33,0.0,hand-to-mouth-drought-h113,Topanga,raw
2016-08-01,0.0,0.0,0.0,0.0,0.0,0.0,0.0,0.0,0.0,72.33,0.0,0.0,0,72.33,0.0,hand-to-mouth-drought-h113,Topanga,raw
2016-09-01,0.0,0.0,0.0,0.0,0.0,0.0,0.0,0.0,0.0,72.33,0.0,0.0,0,72.33,0.0,hand-to-mouth-drought-h113,Topanga,raw
2016-10-01,11.399999999999999,0.0,0.0,0.0,4.4,6.44,0.0,10.84,11.399999999999999,72.62677419354839,0.0,0.0,0,72.67,0.0,hand-to-mouth-drought-h113,Topanga,raw
2016-11-01,37.6,0.0,0.0,0.0,18.63,11.6,0.0,30.23,37.6,77.96866666666666,0.0,0.0,0,80.02,0.0,hand-to-mouth-drought-h113,Topanga,raw
2016-12-01,127.9,6.819719,0.4,0.0,41.29,17.11,0.0,58.4,127.9,102.15935483870967,0.0,0.0,0,142.12,0.0,hand-to-mouth-drought-h113,Topanga,raw
2017-01-01,312.1,88.09429,5.73,145.560603615,56.56,24.43,0.0,80.99,312.1,170.36709677419356,0.0,0.0,0,133.88,0.0,hand-to-mouth-drought-h113,Topanga,raw
2017-02-01,152.4,24.66105,0.6499999999999999,39.4468416714,53.19,24.29,0.0,77.48,152.4,156.71428571428572,0.0,0.0,0,143.86,0.0,hand-to-mouth-drought-h113,Topanga,raw
2017-03-01,7.6,0.0,0.0,0.0,73.25,5.85,0.0,79.1,7.6,93.92709677419356,0.0,0.0,0,72.38,0.0,hand-to-mouth-drought-h113,Topanga,raw
2017-04-01,4.3,0.0,0.0,0.0,2.17,2.17,0.0,4.34,4.3,72.42333333333333,0.0,0.0,0,72.33,0.0,hand-to-mouth-drought-h113,Topanga,raw
2017-05-01,3.1,0.0,0.0,0.0,0.39,2.66,0.0,3.05,3.1,72.3583870967742,0.0,0.0,0,72.33,0.0,hand-to-mouth-drought-h113,Topanga,raw
2017-06-01,2.3,0.0,0.0,0.0,0.0,2.3,0.0,2.3,2.3,72.33,0.0,0.0,0,72.33,0.0,hand-to-mouth-drought-h113,Topanga,raw
2017-07-01,0.0,0.0,0.0,0.0,0.0,0.0,0.0,0.0,0.0,72.33,0.0,0.0,0,72.33,0.0,hand-to-mouth-drought-h113,Topanga,raw
2017-08-01,1.0,0.0,0.0,0.0,0.0,1.0,0.0,1.0,1.0,72.33,0.0,0.0,0,72.33,0.0,hand-to-mouth-drought-h113,Topanga,raw
2017-09-01,1.5,0.0,0.0,0.0,0.0,1.5,0.0,1.5,1.5,72.33,0.0,0.0,0,72.33,0.0,hand-to-mouth-drought-h113,Topanga,raw
2017-10-01,0.0,0.0,0.0,0.0,0.0,0.0,0.0,0.0,0.0,72.33,0.0,0.0,0,72.33,0.0,hand-to-mouth-drought-h113,Topanga,raw
2017-11-01,1.8,0.0,0.0,0.0,0.36000000000000004,1.45,0.0,1.81,1.8,72.357,0.0,0.0,0,72.33,0.0,hand-to-mouth-drought-h113,Topanga,raw
2017-12-01,0.0,0.0,0.0,0.0,0.0,0.0,0.0,0.0,0.0,72.33,0.0,0.0,0,72.33,0.0,hand-to-mouth-drought-h113,Topanga,raw
2018-01-01,76.4,4.222574,0.28,0.0,50.23,11.1,0.0,61.33,76.4,99.4332258064516,0.0,0.0,0,82.9,0.0,hand-to-mouth-drought-h113,Topanga,raw
2018-02-01,4.3,0.0,0.0,0.0,12.16,2.5300000000000002,0.0,14.690000000000001,4.3,73.48714285714286,0.0,0.0,0,72.5,0.0,hand-to-mouth-drought-h113,Topanga,raw
2018-03-01,160.8,0.0,0.0,0.0,74.31,30.82,0.0,105.13,160.8,126.46032258064515,0.0,0.0,0,128.16,0.0,hand-to-mouth-drought-h113,Topanga,raw
2018-04-01,0.8,0.0,0.0,0.0,55.83,0.8,0.0,56.63,0.8,87.06633333333333,0.0,0.0,0,72.34,0.0,hand-to-mouth-drought-h113,Topanga,raw
2018-05-01,3.8,0.0,0.0,0.0,0.13999999999999999,3.66,0.0,3.8,3.8,72.34032258064516,0.0,0.0,0,72.33,0.0,hand-to-mouth-drought-h113,Topanga,raw
2018-06-01,1.8,0.0,0.0,0.0,0.05,1.75,0.0,1.7999999999999998,1.8,72.334,0.0,0.0,0,72.33,0.0,hand-to-mouth-drought-h113,Topanga,raw
2018-07-01,1.3,0.0,0.0,0.0,0.0,1.3,0.0,1.3,1.3,72.33,0.0,0.0,0,72.33,0.0,hand-to-mouth-drought-h113,Topanga,raw
2018-08-01,0.0,0.0,0.0,0.0,0.0,0.0,0.0,0.0,0.0,72.33,0.0,0.0,0,72.33,0.0,hand-to-mouth-drought-h113,Topanga,raw
2018-09-01,0.0,0.0,0.0,0.0,0.0,0.0,0.0,0.0,0.0,72.33,0.0,0.0,0,72.33,0.0,hand-to-mouth-drought-h113,Topanga,raw
2018-10-01,8.4,0.0,0.0,0.0,5.04,3.35,0.0,8.39,8.4,72.59290322580645,0.0,0.0,0,72.33,0.0,hand-to-mouth-drought-h113,Topanga,raw
2018-11-01,75.9,0.0,0.0,0.0,17.3,8.41,0.0,25.71,75.9,78.14733333333334,0.0,0.0,0,122.52,0.0,hand-to-mouth-drought-h113,Topanga,raw
2018-12-01,64.5,2.153998,0.51,0.47351347,61.72,14.63,0.0,76.35,64.5,132.98290322580647,0.0,0.0,0,107.52,0.0,hand-to-mouth-drought-h113,Topanga,raw
2019-01-01,275.7,55.88143,6.36,84.0547401,66.27,19.0,0.0,85.27,275.7,150.70096774193547,0.0,0.0,0,151.64,0.0,hand-to-mouth-drought-h113,Topanga,raw
2019-02-01,195.4,21.601817,4.43,107.136898593,52.83,23.1,0.0,75.93,195.4,167.1975,0.0,0.0,0,137.96,0.0,hand-to-mouth-drought-h113,Topanga,raw
2019-03-01,87.3,0.0,0.33999999999999997,39.0242874,80.53999999999999,16.11,0.0,96.65,87.3,136.75870967741938,0.0,0.0,0,89.27,0.0,hand-to-mouth-drought-h113,Topanga,raw
2019-04-01,1.3,0.0,0.0,0.0,16.93,1.3,0.0,18.23,1.3,74.05133333333333,0.0,0.0,0,72.33,0.0,hand-to-mouth-drought-h113,Topanga,raw
2019-05-01,37.6,0.0,0.0,0.0,23.06,14.48,0.0,37.54,37.6,75.5658064516129,0.0,0.0,0,72.38,0.0,hand-to-mouth-drought-h113,Topanga,raw
2019-06-01,2.3,0.0,0.0,0.0,0.04,2.3,0.0,2.34,2.3,72.33166666666666,0.0,0.0,0,72.33,0.0,hand-to-mouth-drought-h113,Topanga,raw
2019-07-01,0.0,0.0,0.0,0.0,0.0,0.0,0.0,0.0,0.0,72.33,0.0,0.0,0,72.33,0.0,hand-to-mouth-drought-h113,Topanga,raw
2019-08-01,0.0,0.0,0.0,0.0,0.0,0.0,0.0,0.0,0.0,72.33,0.0,0.0,0,72.33,0.0,hand-to-mouth-drought-h113,Topanga,raw
2019-09-01,1.5,0.0,0.0,0.0,0.19,1.3,0.0,1.49,1.5,72.34899999999999,0.0,0.0,0,72.33,0.0,hand-to-mouth-drought-h113,Topanga,raw
2019-10-01,0.0,0.0,0.0,0.0,0.0,0.0,0.0,0.0,0.0,72.33,0.0,0.0,0,72.33,0.0,hand-to-mouth-drought-h113,Topanga,raw
2019-11-01,80.4,0.0,0.11,0.0,8.790000000000001,5.58,0.0,14.370000000000001,80.4,80.45733333333332,0.0,0.0,0,138.26,0.0,hand-to-mouth-drought-h113,Topanga,raw
2019-12-01,141.6,8.234468,0.68,37.172955,60.769999999999996,22.15,0.0,82.92,141.6,150.13903225806453,0.0,0.0,0,150.79,0.0,hand-to-mouth-drought-h113,Topanga,raw
2020-01-01,8.8,0.0,0.0,0.5914574,71.7,6.37,0.0,78.07,8.8,115.38709677419355,0.0,0.0,0,80.95,0.0,hand-to-mouth-drought-h113,Topanga,raw
2020-02-01,6.3999999999999995,0.0,0.0,0.0,10.63,4.39,0.0,15.02,6.3999999999999995,72.99586206896552,0.0,0.0,0,72.33,0.0,hand-to-mouth-drought-h113,Topanga,raw
2020-03-01,162.0,6.774833,0.35,23.906599999999997,47.43,21.76,0.0,69.19,162.0,127.20935483870967,0.0,0.0,0,133.89,0.0,hand-to-mouth-drought-h113,Topanga,raw
2020-04-01,100.0,0.0,0.04,39.2120941,97.76,14.6,0.0,112.36,100.0,135.02666666666667,0.0,0.0,0,82.27,0.0,hand-to-mouth-drought-h113,Topanga,raw
2020-05-01,5.8999999999999995,0.0,0.0,0.0,13.11,2.75,0.0,15.86,5.8999999999999995,73.03322580645163,0.0,0.0,0,72.33,0.0,hand-to-mouth-drought-h113,Topanga,raw
2020-06-01,0.0,0.0,0.0,0.0,0.0,0.0,0.0,0.0,0.0,72.33,0.0,0.0,0,72.33,0.0,hand-to-mouth-drought-h113,Topanga,raw
2020-07-01,0.0,0.0,0.0,0.0,0.0,0.0,0.0,0.0,0.0,72.33,0.0,0.0,0,72.33,0.0,hand-to-mouth-drought-h113,Topanga,raw
2020-08-01,0.0,0.0,0.0,0.0,0.0,0.0,0.0,0.0,0.0,72.33,0.0,0.0,0,72.33,0.0,hand-to-mouth-drought-h113,Topanga,raw
2020-09-01,0.0,0.0,0.0,0.0,0.0,0.0,0.0,0.0,0.0,72.33,0.0,0.0,0,72.33,0.0,hand-to-mouth-drought-h113,Topanga,raw
2020-10-01,0.0,0.0,0.0,0.0,0.0,0.0,0.0,0.0,0.0,72.33,0.0,0.0,0,72.33,0.0,hand-to-mouth-drought-h113,Topanga,raw
2020-11-01,5.3,0.0,0.0,0.0,2.74,2.55,0.0,5.29,5.3,72.54466666666667,0.0,0.0,0,72.33,0.0,hand-to-mouth-drought-h113,Topanga,raw
2020-12-01,51.2,0.0,0.0,0.0,7.59,4.01,0.0,11.6,51.2,78.49774193548386,0.0,0.0,0,111.94,0.0,hand-to-mouth-drought-h113,Topanga,raw
2021-01-01,79.6,0.0,0.0,0.0,44.9,12.73,0.0,57.629999999999995,79.6,93.99870967741936,0.0,0.0,0,133.89,0.0,hand-to-mouth-drought-h113,Topanga,raw
2021-02-01,0.0,0.0,0.0,0.0,53.81,6.57,0.0,60.38,0.0,98.73535714285715,0.0,0.0,0,73.48,0.0,hand-to-mouth-drought-h113,Topanga,raw
2021-03-01,33.8,0.0,0.0,0.0,22.79,12.09,0.0,34.88,33.8,76.95548387096774,0.0,0.0,0,72.33,0.0,hand-to-mouth-drought-h113,Topanga,raw
2021-04-01,0.0,0.0,0.0,0.0,0.0,0.0,0.0,0.0,0.0,72.33,0.0,0.0,0,72.33,0.0,hand-to-mouth-drought-h113,Topanga,raw
2021-05-01,0.0,0.0,0.0,0.0,0.0,0.0,0.0,0.0,0.0,72.33,0.0,0.0,0,72.33,0.0,hand-to-mouth-drought-h113,Topanga,raw
2021-06-01,1.5,0.0,0.0,0.0,0.19,1.31,0.0,1.5,1.5,72.347,0.0,0.0,0,72.33,0.0,hand-to-mouth-drought-h113,Topanga,raw
2021-07-01,2.0,0.0,0.0,0.0,0.02,1.93,0.0,1.95,2.0,72.33129032258064,0.0,0.0,0,72.33,0.0,hand-to-mouth-drought-h113,Topanga,raw
2021-08-01,1.3,0.0,0.0,0.0,0.0,1.3,0.0,1.3,1.3,72.33,0.0,0.0,0,72.33,0.0,hand-to-mouth-drought-h113,Topanga,raw
2021-09-01,0.0,0.0,0.0,0.0,0.0,0.0,0.0,0.0,0.0,72.33,0.0,0.0,0,72.33,0.0,hand-to-mouth-drought-h113,Topanga,raw
2021-10-01,40.4,0.0,0.0,0.0,16.14,13.379999999999999,0.0,29.52,40.4,76.9758064516129,0.0,0.0,0,83.15,0.0,hand-to-mouth-drought-h113,Topanga,raw
2021-11-01,0.0,0.0,0.0,0.0,10.39,0.4,0.0,10.790000000000001,0.0,73.52433333333333,0.0,0.0,0,72.33,0.0,hand-to-mouth-drought-h113,Topanga,raw
2021-12-01,399.5,153.30814,6.59,66.906683,28.11,16.76,0.0,44.870000000000005,399.5,128.35645161290324,0.0,0.0,0,199.95,0.0,hand-to-mouth-drought-h113,Topanga,raw
2022-01-01,5.3,0.0,0.6799999999999999,35.103147361,68.71,10.51,0.0,79.22,5.3,126.52032258064517,0.0,0.0,0,90.24,0.0,hand-to-mouth-drought-h113,Topanga,raw
2022-02-01,1.3,0.0,0.0,0.0,18.04,1.16,0.0,19.2,1.3,74.68142857142857,0.0,0.0,0,72.33,0.0,hand-to-mouth-drought-h113,Topanga,raw
2022-03-01,43.0,0.0,0.0,0.0,8.66,5.91,0.0,14.57,43.0,76.71225806451612,0.0,0.0,0,100.77,0.0,hand-to-mouth-drought-h113,Topanga,raw
2022-04-01,7.9,0.0,0.0,0.0,28.58,7.78,0.0,36.36,7.9,77.20366666666668,0.0,0.0,0,72.34,0.0,hand-to-mouth-drought-h113,Topanga,raw
2022-05-01,1.5,0.0,0.0,0.0,0.0,1.5,0.0,1.5,1.5,72.33064516129032,0.0,0.0,0,72.33,0.0,hand-to-mouth-drought-h113,Topanga,raw
2022-06-01,0.8,0.0,0.0,0.0,0.0,0.8,0.0,0.8,0.8,72.33,0.0,0.0,0,72.33,0.0,hand-to-mouth-drought-h113,Topanga,raw
2022-07-01,0.0,0.0,0.0,0.0,0.0,0.0,0.0,0.0,0.0,72.33,0.0,0.0,0,72.33,0.0,hand-to-mouth-drought-h113,Topanga,raw
2022-08-01,0.0,0.0,0.0,0.0,0.0,0.0,0.0,0.0,0.0,72.33,0.0,0.0,0,72.33,0.0,hand-to-mouth-drought-h113,Topanga,raw
2022-09-01,9.4,0.0,0.0,0.0,6.12,3.28,0.0,9.4,9.4,72.70266666666666,0.0,0.0,0,72.33,0.0,hand-to-mouth-drought-h113,Topanga,raw
2022-10-01,5.6,0.0,0.0,0.0,0.9700000000000001,4.63,0.0,5.6000000000000005,5.6,72.38806451612902,0.0,0.0,0,72.33,0.0,hand-to-mouth-drought-h113,Topanga,raw
2022-11-01,71.4,0.0,0.0,0.0,47.68,13.7,0.0,61.379999999999995,71.4,97.67800000000001,0.0,0.0,0,82.11,0.0,hand-to-mouth-drought-h113,Topanga,raw
2022-12-01,106.0,0.0,0.0,0.0,44.84,16.11,0.0,60.95,106.0,93.83774193548386,0.0,0.0,0,126.93,0.0,hand-to-mouth-drought-h113,Topanga,raw
2016-01-01,162.4,0.0,17.7,33.90758463,35.18,8.82,0.0,44.0,162.4,65.95677419354838,0.0,0.0,0,93.36,0.0,hand-to-mouth-drought-h74,Topanga,clipped
2016-02-01,23.2,0.0,0.28,10.7397441,64.13,11.709999999999999,0.0,75.84,23.2,55.28103448275862,0.0,0.0,0,29.67,0.0,hand-to-mouth-drought-h74,Topanga,clipped
2016-03-01,76.1,0.0,0.0,3.17786471,62.97,12.16,0.0,75.13,76.1,51.82967741935484,0.0,0.0,0,27.5,0.0,hand-to-mouth-drought-h74,Topanga,clipped
2016-04-01,10.4,0.0,0.0,0.0,6.77,5.15,0.0,11.92,10.4,26.956333333333337,0.0,0.0,0,25.98,0.0,hand-to-mouth-drought-h74,Topanga,clipped
2016-05-01,3.3,0.0,0.0,0.0,1.19,2.11,0.0,3.3,3.3,26.075483870967744,0.0,0.0,0,25.97,0.0,hand-to-mouth-drought-h74,Topanga,clipped
2016-06-01,2.1,0.0,0.0,0.0,0.2,1.8,0.0,2.0,2.1,26.0,0.0,0.0,0,25.97,0.0,hand-to-mouth-drought-h74,Topanga,clipped
2016-07-01,0.0,0.0,0.0,0.0,0.0,0.0,0.0,0.0,0.0,25.97,0.0,0.0,0,25.97,0.0,hand-to-mouth-drought-h74,Topanga,clipped
2016-08-01,0.0,0.0,0.0,0.0,0.0,0.0,0.0,0.0,0.0,25.97,0.0,0.0,0,25.97,0.0,hand-to-mouth-drought-h74,Topanga,clipped
2016-09-01,0.0,0.0,0.0,0.0,0.0,0.0,0.0,0.0,0.0,25.969999999999995,0.0,0.0,0,25.97,0.0,hand-to-mouth-drought-h74,Topanga,clipped
2016-10-01,12.3,0.0,0.0,0.0,4.97,6.24,0.0,11.21,12.3,26.51483870967742,0.0,0.0,0,27.06,0.0,hand-to-mouth-drought-h74,Topanga,clipped
2016-11-01,41.9,0.0,0.0,0.0,14.61,8.61,0.0,23.22,41.9,34.77133333333333,0.0,0.0,0,45.69,0.0,hand-to-mouth-drought-h74,Topanga,clipped
2016-12-01,139.6,0.0,19.79,39.9808925,31.84,10.68,0.0,42.52,139.6,62.71967741935484,0.0,0.0,0,83.01,0.0,hand-to-mouth-drought-h74,Topanga,clipped
2017-01-01,343.2,22.356034,106.56,187.392718545,32.63,14.47,0.0,47.1,343.2,96.9941935483871,0.0,0.0,0,62.79,0.0,hand-to-mouth-drought-h74,Topanga,clipped
2017-02-01,167.3,9.138271,28.9,70.1271225,37.8,17.47,0.0,55.269999999999996,167.3,82.79642857142858,0.0,0.0,0,66.65,0.0,hand-to-mouth-drought-h74,Topanga,clipped
2017-03-01,8.3,0.0,0.0,0.0,43.38,5.32,0.0,48.7,8.3,36.04387096774193,0.0,0.0,0,26.22,0.0,hand-to-mouth-drought-h74,Topanga,clipped
2017-04-01,4.9,0.0,0.0,0.0,2.68,2.45,0.0,5.13,4.9,26.190333333333335,0.0,0.0,0,25.97,0.0,hand-to-mouth-drought-h74,Topanga,clipped
2017-05-01,3.4000000000000004,0.0,0.0,0.0,0.3,2.94,0.0,3.2399999999999998,3.4000000000000004,26.01258064516129,0.0,0.0,0,25.97,0.0,hand-to-mouth-drought-h74,Topanga,clipped
2017-06-01,2.5,0.0,0.0,0.0,0.0,2.5,0.0,2.5,2.5,25.969999999999995,0.0,0.0,0,25.97,0.0,hand-to-mouth-drought-h74,Topanga,clipped
2017-07-01,0.0,0.0,0.0,0.0,0.0,0.0,0.0,0.0,0.0,25.97,0.0,0.0,0,25.97,0.0,hand-to-mouth-drought-h74,Topanga,clipped
2017-08-01,1.2,0.0,0.0,0.0,0.0,1.2,0.0,1.2,1.2,25.97,0.0,0.0,0,25.97,0.0,hand-to-mouth-drought-h74,Topanga,clipped
2017-09-01,1.6,0.0,0.0,0.0,0.0,1.6,0.0,1.6,1.6,25.969999999999995,0.0,0.0,0,25.97,0.0,hand-to-mouth-drought-h74,Topanga,clipped
2017-10-01,0.0,0.0,0.0,0.0,0.0,0.0,0.0,0.0,0.0,25.97,0.0,0.0,0,25.97,0.0,hand-to-mouth-drought-h74,Topanga,clipped
2017-11-01,2.0,0.0,0.0,0.0,0.5,1.46,0.0,1.96,2.0,26.048666666666666,0.0,0.0,0,25.97,0.0,hand-to-mouth-drought-h74,Topanga,clipped
2017-12-01,0.0,0.0,0.0,0.0,0.0,0.0,0.0,0.0,0.0,25.97,0.0,0.0,0,25.97,0.0,hand-to-mouth-drought-h74,Topanga,clipped
2018-01-01,84.1,0.0,5.47,18.268127298,37.44,7.15,0.0,44.59,84.1,56.332258064516125,0.0,0.0,0,41.7,0.0,hand-to-mouth-drought-h74,Topanga,clipped
2018-02-01,4.6,0.0,0.0,0.0,17.23,2.26,0.0,19.49,4.6,28.323928571428574,0.0,0.0,0,26.78,0.0,hand-to-mouth-drought-h74,Topanga,clipped
2018-03-01,176.0,0.0,14.44,52.00997866,61.29,22.35,0.0,83.64,176.0,76.94064516129032,0.0,0.0,0,52.72,0.0,hand-to-mouth-drought-h74,Topanga,clipped
2018-04-01,0.9,0.0,0.0,0.0,26.73,0.9,0.0,27.63,0.9,30.507333333333335,0.0,0.0,0,26.02,0.0,hand-to-mouth-drought-h74,Topanga,clipped
2018-05-01,4.0,0.0,0.0,0.0,0.16,3.85,0.0,4.01,4.0,26.000645161290322,0.0,0.0,0,25.97,0.0,hand-to-mouth-drought-h74,Topanga,clipped
2018-06-01,1.9,0.0,0.0,0.0,0.05,1.86,0.0,1.9100000000000001,1.9,25.97833333333333,0.0,0.0,0,25.97,0.0,hand-to-mouth-drought-h74,Topanga,clipped
2018-07-01,1.5,0.0,0.0,0.0,0.0,1.5,0.0,1.5,1.5,25.97,0.0,0.0,0,25.97,0.0,hand-to-mouth-drought-h74,Topanga,clipped
2018-08-01,0.0,0.0,0.0,0.0,0.0,0.0,0.0,0.0,0.0,25.97,0.0,0.0,0,25.97,0.0,hand-to-mouth-drought-h74,Topanga,clipped
2018-09-01,0.0,0.0,0.0,0.0,0.0,0.0,0.0,0.0,0.0,25.969999999999995,0.0,0.0,0,25.97,0.0,hand-to-mouth-drought-h74,Topanga,clipped
2018-10-01,9.1,0.0,0.0,0.0,5.45,3.64,0.0,9.09,9.1,26.50709677419355,0.0,0.0,0,25.98,0.0,hand-to-mouth-drought-h74,Topanga,clipped
2018-11-01,84.6,0.1775617,0.0,0.0,11.41,6.32,0.0,17.73,84.6,34.39333333333333,0.0,0.0,0,92.65,0.0,hand-to-mouth-drought-h74,Topanga,clipped
2018-12-01,70.4,0.0,21.64,52.71803484,34.88,7.7,0.0,42.58,70.4,70.09451612903226,0.0,0.0,0,46.07,0.0,hand-to-mouth-drought-h74,Topanga,clipped
2019-01-01,303.1,16.93253,72.22,126.69921195,35.94,10.23,0.0,46.17,303.1,82.94419354838709,0.0,0.0,0,87.14,0.0,hand-to-mouth-drought-h74,Topanga,clipped
2019-02-01,215.1,0.0,65.6,122.32876672,34.44,14.530000000000001,0.0,48.97,215.1,89.45642857142856,0.0,0.0,0,65.34,0.0,hand-to-mouth-drought-h74,Topanga,clipped
2019-03-01,95.5,0.0,16.96,45.304110539999996,58.34,12.0,0.0,70.34,95.5,61.898709677419355,0.0,0.0,0,28.27,0.0,hand-to-mouth-drought-h74,Topanga,clipped
2019-04-01,1.5,0.0,0.0,0.0,2.29,1.5,0.0,3.79,1.5,26.284666666666666,0.0,0.0,0,25.98,0.0,hand-to-mouth-drought-h74,Topanga,clipped
2019-05-01,41.1,0.0,0.0,0.0,24.21,15.34,0.0,39.55,41.1,30.47193548387097,0.0,0.0,0,27.5,0.0,hand-to-mouth-drought-h74,Topanga,clipped
2019-06-01,2.4000000000000004,0.0,0.0,0.0,1.5,2.4000000000000004,0.0,3.9,2.4000000000000004,26.209,0.0,0.0,0,25.97,0.0,hand-to-mouth-drought-h74,Topanga,clipped
2019-07-01,0.0,0.0,0.0,0.0,0.0,0.0,0.0,0.0,0.0,25.97,0.0,0.0,0,25.97,0.0,hand-to-mouth-drought-h74,Topanga,clipped
2019-08-01,0.0,0.0,0.0,0.0,0.0,0.0,0.0,0.0,0.0,25.97,0.0,0.0,0,25.97,0.0,hand-to-mouth-drought-h74,Topanga,clipped
2019-09-01,1.6,0.0,0.0,0.0,0.18,1.42,0.0,1.6,1.6,26.000999999999998,0.0,0.0,0,25.97,0.0,hand-to-mouth-drought-h74,Topanga,clipped
2019-10-01,0.0,0.0,0.0,0.0,0.0,0.0,0.0,0.0,0.0,25.97,0.0,0.0,0,25.97,0.0,hand-to-mouth-drought-h74,Topanga,clipped
2019-11-01,89.6,0.38528946999999997,0.08,0.9489136,7.03,4.78,0.0,11.81,89.6,35.531,0.0,0.0,0,102.28,0.0,hand-to-mouth-drought-h74,Topanga,clipped
2019-12-01,154.7,0.0,38.61,102.31834383,31.73,12.74,0.0,44.47,154.7,83.96806451612902,0.0,0.0,0,71.41,0.0,hand-to-mouth-drought-h74,Topanga,clipped
2020-01-01,9.7,0.0,0.0,0.17217508,46.13,5.52,0.0,51.65,9.7,49.78,0.0,0.0,0,29.27,0.0,hand-to-mouth-drought-h74,Topanga,clipped
2020-02-01,7.0,0.0,0.0,0.0,5.69,4.6,0.0,10.290000000000001,7.0,26.761034482758618,0.0,0.0,0,25.99,0.0,hand-to-mouth-drought-h74,Topanga,clipped
2020-03-01,177.3,0.0,27.4,64.48846379,38.22,15.71,0.0,53.93,177.3,66.02483870967743,0.0,0.0,0,57.34,0.0,hand-to-mouth-drought-h74,Topanga,clipped
2020-04-01,114.1,0.000466443,20.970000000000002,44.8496226,67.89,10.43,0.0,78.32,114.1,59.721333333333334,0.0,0.0,0,27.28,0.0,hand-to-mouth-drought-h74,Topanga,clipped
2020-05-01,6.3999999999999995,0.0,0.0,0.0,4.57,3.1100000000000003,0.0,7.68,6.3999999999999995,26.401612903225807,0.0,0.0,0,26.01,0.0,hand-to-mouth-drought-h74,Topanga,clipped
2020-06-01,0.0,0.0,0.0,0.0,0.03,0.0,0.0,0.03,0.0,25.973333333333333,0.0,0.0,0,25.97,0.0,hand-to-mouth-drought-h74,Topanga,clipped
2020-07-01,0.0,0.0,0.0,0.0,0.0,0.0,0.0,0.0,0.0,25.97,0.0,0.0,0,25.97,0.0,hand-to-mouth-drought-h74,Topanga,clipped
2020-08-01,0.0,0.0,0.0,0.0,0.0,0.0,0.0,0.0,0.0,25.97,0.0,0.0,0,25.97,0.0,hand-to-mouth-drought-h74,Topanga,clipped
2020-09-01,0.0,0.0,0.0,0.0,0.0,0.0,0.0,0.0,0.0,25.969999999999995,0.0,0.0,0,25.97,0.0,hand-to-mouth-drought-h74,Topanga,clipped
2020-10-01,0.0,0.0,0.0,0.0,0.0,0.0,0.0,0.0,0.0,25.97,0.0,0.0,0,25.97,0.0,hand-to-mouth-drought-h74,Topanga,clipped
2020-11-01,6.0,0.0,0.0,0.0,3.09,2.9,0.0,5.99,6.0,26.434666666666665,0.0,0.0,0,25.97,0.0,hand-to-mouth-drought-h74,Topanga,clipped
2020-12-01,55.800000000000004,0.001202459,0.0,0.0,4.71,2.42,0.0,7.13,55.800000000000004,33.167741935483875,0.0,0.0,0,74.63,0.0,hand-to-mouth-drought-h74,Topanga,clipped
2021-01-01,87.4,0.0,8.35,16.1153766,39.76,8.33,0.0,48.09,87.4,63.19483870967742,0.0,0.0,0,89.43,0.0,hand-to-mouth-drought-h74,Topanga,clipped
2021-02-01,0.0,0.0,2.19,10.461625399999999,44.85,3.89,0.0,48.74,0.0,50.963928571428575,0.0,0.0,0,28.05,0.0,hand-to-mouth-drought-h74,Topanga,clipped
2021-03-01,37.0,0.0,0.0,0.0,26.150000000000002,11.87,0.0,38.02,37.0,33.07419354838709,0.0,0.0,0,26.95,0.0,hand-to-mouth-drought-h74,Topanga,clipped
2021-04-01,0.0,0.0,0.0,0.0,0.9500000000000001,0.0,0.0,0.9500000000000001,0.0,26.129666666666665,0.0,0.0,0,25.97,0.0,hand-to-mouth-drought-h74,Topanga,clipped
2021-05-01,0.0,0.0,0.0,0.0,0.0,0.0,0.0,0.0,0.0,25.97,0.0,0.0,0,25.97,0.0,hand-to-mouth-drought-h74,Topanga,clipped
2021-06-01,1.6,0.0,0.0,0.0,0.16,1.44,0.0,1.6,1.6,25.997,0.0,0.0,0,25.97,0.0,hand-to-mouth-drought-h74,Topanga,clipped
2021-07-01,2.3,0.0,0.0,0.0,0.11,1.99,0.0,2.1,2.3,25.984516129032258,0.0,0.0,0,25.97,0.0,hand-to-mouth-drought-h74,Topanga,clipped
2021-08-01,1.5,0.0,0.0,0.0,0.04,1.47,0.0,1.51,1.5,25.976451612903226,0.0,0.0,0,25.97,0.0,hand-to-mouth-drought-h74,Topanga,clipped
2021-09-01,0.0,0.0,0.0,0.0,0.0,0.0,0.0,0.0,0.0,25.969999999999995,0.0,0.0,0,25.97,0.0,hand-to-mouth-drought-h74,Topanga,clipped
2021-10-01,43.7,0.0,0.0,0.0,14.48,11.33,0.0,25.81,43.7,31.905483870967743,0.0,0.0,0,43.69,0.0,hand-to-mouth-drought-h74,Topanga,clipped
2021-11-01,0.0,0.0,0.0,0.0,17.27,0.22,0.0,17.490000000000002,0.0,30.964666666666666,0.0,0.0,0,26.19,0.0,hand-to-mouth-drought-h74,Topanga,clipped
2021-12-01,436.1,93.34151,78.84,126.9228956,16.84,10.07,0.0,26.91,436.1,76.64290322580645,0.0,0.0,0,136.22,0.0,hand-to-mouth-drought-h74,Topanga,clipped
2022-01-01,5.7,0.0,20.84,36.526879,41.02,7.28,0.0,48.3,5.7,57.38,0.0,0.0,0,36.26,0.0,hand-to-mouth-drought-h74,Topanga,clipped
2022-02-01,1.4,0.0,0.0,0.0,10.47,1.17,0.0,11.64,1.4,27.654285714285717,0.0,0.0,0,26.0,0.0,hand-to-mouth-drought-h74,Topanga,clipped
2022-03-01,46.9,0.0,0.0,0.0,8.0,5.21,0.0,13.21,46.9,30.978709677419353,0.0,0.0,0,59.66,0.0,hand-to-mouth-drought-h74,Topanga,clipped
2022-04-01,9.0,0.0,0.0,0.0,36.0,6.17,0.0,42.17,9.0,35.068333333333335,0.0,0.0,0,26.5,0.0,hand-to-mouth-drought-h74,Topanga,clipped
2022-05-01,1.6,0.0,0.0,0.0,0.54,1.5799999999999998,0.0,2.12,1.6,26.051612903225806,0.0,0.0,0,25.97,0.0,hand-to-mouth-drought-h74,Topanga,clipped
2022-06-01,0.8,0.0,0.0,0.0,0.0,0.8,0.0,0.8,0.8,25.969999999999995,0.0,0.0,0,25.97,0.0,hand-to-mouth-drought-h74,Topanga,clipped
2022-07-01,0.0,0.0,0.0,0.0,0.0,0.0,0.0,0.0,0.0,25.97,0.0,0.0,0,25.97,0.0,hand-to-mouth-drought-h74,Topanga,clipped
2022-08-01,0.0,0.0,0.0,0.0,0.0,0.0,0.0,0.0,0.0,25.97,0.0,0.0,0,25.97,0.0,hand-to-mouth-drought-h74,Topanga,clipped
2022-09-01,10.2,0.0,0.0,0.0,6.45,3.7399999999999998,0.0,10.19,10.2,26.57633333333333,0.0,0.0,0,25.98,0.0,hand-to-mouth-drought-h74,Topanga,clipped
2022-10-01,6.0,0.0,0.0,0.0,1.19,4.8,0.0,5.99,6.0,26.11032258064516,0.0,0.0,0,25.97,0.0,hand-to-mouth-drought-h74,Topanga,clipped
2022-11-01,79.69999999999999,0.0,1.37,12.10241734693,37.99,9.94,0.0,47.93,79.69999999999999,56.68733333333333,0.0,0.0,0,44.26,0.0,hand-to-mouth-drought-h74,Topanga,clipped
2022-12-01,115.6,0.003070876,0.0,8.156643457,29.0,10.75,0.0,39.75,115.6,66.27741935483871,0.0,0.0,0,111.92,0.0,hand-to-mouth-drought-h74,Topanga,clipped
2016-01-01,162.4,0.0,16.169999999999998,31.66416452,52.56,11.01,0.0,63.57,162.4,60.45290322580645,0.0,0.0,0,77.05,0.0,hand-to-mouth-drought-h74,Topanga,raw
2016-02-01,23.2,0.0,0.0,0.0,59.3,13.290000000000001,0.0,72.59,23.2,40.81793103448276,0.0,0.0,0,27.65,0.0,hand-to-mouth-drought-h74,Topanga,raw
2016-03-01,76.1,0.0,0.0,0.08504263000000001,63.58,13.11,0.0,76.69,76.1,48.96258064516129,0.0,0.0,0,26.98,0.0,hand-to-mouth-drought-h74,Topanga,raw
2016-04-01,10.4,0.0,0.0,0.0,6.02,5.38,0.0,11.4,10.4,26.765333333333334,0.0,0.0,0,25.98,0.0,hand-to-mouth-drought-h74,Topanga,raw
2016-05-01,3.3,0.0,0.0,0.0,1.18,2.12,0.0,3.3,3.3,26.073548387096775,0.0,0.0,0,25.97,0.0,hand-to-mouth-drought-h74,Topanga,raw
2016-06-01,2.1,0.0,0.0,0.0,0.2,1.8,0.0,2.0,2.1,26.0,0.0,0.0,0,25.97,0.0,hand-to-mouth-drought-h74,Topanga,raw
2016-07-01,0.0,0.0,0.0,0.0,0.0,0.0,0.0,0.0,0.0,25.97,0.0,0.0,0,25.97,0.0,hand-to-mouth-drought-h74,Topanga,raw
2016-08-01,0.0,0.0,0.0,0.0,0.0,0.0,0.0,0.0,0.0,25.97,0.0,0.0,0,25.97,0.0,hand-to-mouth-drought-h74,Topanga,raw
2016-09-01,0.0,0.0,0.0,0.0,0.0,0.0,0.0,0.0,0.0,25.969999999999995,0.0,0.0,0,25.97,0.0,hand-to-mouth-drought-h74,Topanga,raw
2016-10-01,12.3,0.0,0.0,0.0,4.6000000000000005,6.93,0.0,11.53,12.3,26.440322580645162,0.0,0.0,0,26.74,0.0,hand-to-mouth-drought-h74,Topanga,raw
2016-11-01,41.9,0.0,0.0,0.0,19.97,11.540000000000001,0.0,31.51,41.9,32.785999999999994,0.0,0.0,0,37.04,0.0,hand-to-mouth-drought-h74,Topanga,raw
2016-12-01,139.6,0.0,12.84,28.65042227,43.07,16.06,0.0,59.13,139.6,56.155806451612904,0.0,0.0,0,76.02,0.0,hand-to-mouth-drought-h74,Topanga,raw
2017-01-01,343.2,21.24623,99.71000000000001,171.89513129,53.71,19.93,0.0,73.64,343.2,93.51709677419356,0.0,0.0,0,52.76,0.0,hand-to-mouth-drought-h74,Topanga,raw
2017-02-01,167.3,6.702862,24.49,54.17429087,50.63,21.63,0.0,72.26,167.3,77.84714285714286,0.0,0.0,0,62.42,0.0,hand-to-mouth-drought-h74,Topanga,raw
2017-03-01,8.3,0.0,0.0,0.0,39.71,4.85,0.0,44.559999999999995,8.3,32.77161290322581,0.0,0.0,0,26.16,0.0,hand-to-mouth-drought-h74,Topanga,raw
2017-04-01,4.9,0.0,0.0,0.0,2.5900000000000003,2.48,0.0,5.07,4.9,26.176,0.0,0.0,0,25.97,0.0,hand-to-mouth-drought-h74,Topanga,raw
2017-05-01,3.4000000000000004,0.0,0.0,0.0,0.3,2.94,0.0,3.2399999999999998,3.4000000000000004,26.01258064516129,0.0,0.0,0,25.97,0.0,hand-to-mouth-drought-h74,Topanga,raw
2017-06-01,2.5,0.0,0.0,0.0,0.0,2.5,0.0,2.5,2.5,25.969999999999995,0.0,0.0,0,25.97,0.0,hand-to-mouth-drought-h74,Topanga,raw
2017-07-01,0.0,0.0,0.0,0.0,0.0,0.0,0.0,0.0,0.0,25.97,0.0,0.0,0,25.97,0.0,hand-to-mouth-drought-h74,Topanga,raw
2017-08-01,1.2,0.0,0.0,0.0,0.0,1.2,0.0,1.2,1.2,25.97,0.0,0.0,0,25.97,0.0,hand-to-mouth-drought-h74,Topanga,raw
2017-09-01,1.6,0.0,0.0,0.0,0.0,1.6,0.0,1.6,1.6,25.969999999999995,0.0,0.0,0,25.97,0.0,hand-to-mouth-drought-h74,Topanga,raw
2017-10-01,0.0,0.0,0.0,0.0,0.0,0.0,0.0,0.0,0.0,25.97,0.0,0.0,0,25.97,0.0,hand-to-mouth-drought-h74,Topanga,raw
2017-11-01,2.0,0.0,0.0,0.0,0.3,1.64,0.0,1.94,2.0,26.016333333333332,0.0,0.0,0,25.97,0.0,hand-to-mouth-drought-h74,Topanga,raw
2017-12-01,0.0,0.0,0.0,0.0,0.0,0.0,0.0,0.0,0.0,25.97,0.0,0.0,0,25.97,0.0,hand-to-mouth-drought-h74,Topanga,raw
2018-01-01,84.1,0.0,4.25,15.94384938,53.42,8.13,0.0,61.550000000000004,84.1,50.092580645161284,0.0,0.0,0,28.25,0.0,hand-to-mouth-drought-h74,Topanga,raw
2018-02-01,4.6,0.0,0.0,0.0,3.85,2.44,0.0,6.29,4.6,26.431428571428572,0.0,0.0,0,26.57,0.0,hand-to-mouth-drought-h74,Topanga,raw
2018-03-01,176.0,0.0,12.2,42.773019576,75.03,24.59,0.0,99.62,176.0,74.07483870967742,0.0,0.0,0,48.01,0.0,hand-to-mouth-drought-h74,Topanga,raw
2018-04-01,0.9,0.0,0.0,0.0,21.99,0.9,0.0,22.89,0.9,28.901333333333334,0.0,0.0,0,26.0,0.0,hand-to-mouth-drought-h74,Topanga,raw
2018-05-01,4.0,0.0,0.0,0.0,0.13,3.89,0.0,4.02,4.0,25.994516129032256,0.0,0.0,0,25.97,0.0,hand-to-mouth-drought-h74,Topanga,raw
2018-06-01,1.9,0.0,0.0,0.0,0.05,1.86,0.0,1.9100000000000001,1.9,25.97833333333333,0.0,0.0,0,25.97,0.0,hand-to-mouth-drought-h74,Topanga,raw
2018-07-01,1.5,0.0,0.0,0.0,0.0,1.5,0.0,1.5,1.5,25.97,0.0,0.0,0,25.97,0.0,hand-to-mouth-drought-h74,Topanga,raw
2018-08-01,0.0,0.0,0.0,0.0,0.0,0.0,0.0,0.0,0.0,25.97,0.0,0.0,0,25.97,0.0,hand-to-mouth-drought-h74,Topanga,raw
2018-09-01,0.0,0.0,0.0,0.0,0.0,0.0,0.0,0.0,0.0,25.969999999999995,0.0,0.0,0,25.97,0.0,hand-to-mouth-drought-h74,Topanga,raw
2018-10-01,9.1,0.0,0.0,0.0,5.31,3.77,0.0,9.08,9.1,26.40064516129032,0.0,0.0,0,25.98,0.0,hand-to-mouth-drought-h74,Topanga,raw
2018-11-01,84.6,0.111386,0.0,0.0,16.18,8.65,0.0,24.83,84.6,33.10066666666667,0.0,0.0,0,85.62,0.0,hand-to-mouth-drought-h74,Topanga,raw
2018-12-01,70.4,0.0,17.080000000000002,40.424322431,58.91,10.7,0.0,69.61,70.4,61.49709677419355,0.0,0.0,0,28.88,0.0,hand-to-mouth-drought-h74,Topanga,raw
2019-01-01,303.1,16.39948,65.1,107.60534014,55.72,14.22,0.0,69.94,303.1,74.09774193548387,0.0,0.0,0,72.92,0.0,hand-to-mouth-drought-h74,Topanga,raw
2019-02-01,215.1,0.0,56.48,104.788653131,49.92,19.03,0.0,68.95,215.1,85.16499999999999,0.0,0.0,0,57.79,0.0,hand-to-mouth-drought-h74,Topanga,raw
2019-03-01,95.5,0.0,14.3,38.26641815,61.08,12.64,0.0,73.72,95.5,57.57,0.0,0.0,0,26.99,0.0,hand-to-mouth-drought-h74,Topanga,raw
2019-04-01,1.5,0.0,0.0,0.0,1.0,1.5,0.0,2.5,1.5,26.124000000000002,0.0,0.0,0,25.97,0.0,hand-to-mouth-drought-h74,Topanga,raw
2019-05-01,41.1,0.0,0.0,0.0,24.1,15.57,0.0,39.67,41.1,30.289354838709677,0.0,0.0,0,27.39,0.0,hand-to-mouth-drought-h74,Topanga,raw
2019-06-01,2.4000000000000004,0.0,0.0,0.0,1.4,2.4000000000000004,0.0,3.8000000000000003,2.4000000000000004,26.191666666666666,0.0,0.0,0,25.97,0.0,hand-to-mouth-drought-h74,Topanga,raw
2019-07-01,0.0,0.0,0.0,0.0,0.0,0.0,0.0,0.0,0.0,25.97,0.0,0.0,0,25.97,0.0,hand-to-mouth-drought-h74,Topanga,raw
2019-08-01,0.0,0.0,0.0,0.0,0.0,0.0,0.0,0.0,0.0,25.97,0.0,0.0,0,25.97,0.0,hand-to-mouth-drought-h74,Topanga,raw
2019-09-01,1.6,0.0,0.0,0.0,0.17,1.42,0.0,1.59,1.6,25.999666666666666,0.0,0.0,0,25.97,0.0,hand-to-mouth-drought-h74,Topanga,raw
2019-10-01,0.0,0.0,0.0,0.0,0.0,0.0,0.0,0.0,0.0,25.97,0.0,0.0,0,25.97,0.0,hand-to-mouth-drought-h74,Topanga,raw
2019-11-01,89.6,0.33388076,0.01,0.669609,8.57,5.8100000000000005,0.0,14.379999999999999,89.6,35.22666666666667,0.0,0.0,0,100.11,0.0,hand-to-mouth-drought-h74,Topanga,raw
2019-12-01,154.7,0.0,28.39,83.24256328,58.74,18.06,0.0,76.8,154.7,78.67645161290322,0.0,0.0,0,66.19,0.0,hand-to-mouth-drought-h74,Topanga,raw
2020-01-01,9.7,0.0,0.0,0.0923283,45.3,4.03,0.0,49.33,9.7,39.06483870967742,0.0,0.0,0,26.44,0.0,hand-to-mouth-drought-h74,Topanga,raw
2020-02-01,7.0,0.0,0.0,0.0,2.59,4.88,0.0,7.470000000000001,7.0,26.281724137931032,0.0,0.0,0,25.97,0.0,hand-to-mouth-drought-h74,Topanga,raw
2020-03-01,177.3,0.0,24.64,60.176329280000004,45.58,18.17,0.0,63.75,177.3,64.83903225806452,0.0,0.0,0,54.6,0.0,hand-to-mouth-drought-h74,Topanga,raw
2020-04-01,114.1,0.0,18.42,40.6841455,71.17,11.32,0.0,82.49,114.1,57.904999999999994,0.0,0.0,0,27.11,0.0,hand-to-mouth-drought-h74,Topanga,raw
2020-05-01,6.3999999999999995,0.0,0.0,0.0,4.4,3.1100000000000003,0.0,7.51,6.3999999999999995,26.379677419354838,0.0,0.0,0,26.01,0.0,hand-to-mouth-drought-h74,Topanga,raw
2020-06-01,0.0,0.0,0.0,0.0,0.03,0.0,0.0,0.03,0.0,25.973333333333333,0.0,0.0,0,25.97,0.0,hand-to-mouth-drought-h74,Topanga,raw
2020-07-01,0.0,0.0,0.0,0.0,0.0,0.0,0.0,0.0,0.0,25.97,0.0,0.0,0,25.97,0.0,hand-to-mouth-drought-h74,Topanga,raw
2020-08-01,0.0,0.0,0.0,0.0,0.0,0.0,0.0,0.0,0.0,25.97,0.0,0.0,0,25.97,0.0,hand-to-mouth-drought-h74,Topanga,raw
2020-09-01,0.0,0.0,0.0,0.0,0.0,0.0,0.0,0.0,0.0,25.969999999999995,0.0,0.0,0,25.97,0.0,hand-to-mouth-drought-h74,Topanga,raw
2020-10-01,0.0,0.0,0.0,0.0,0.0,0.0,0.0,0.0,0.0,25.97,0.0,0.0,0,25.97,0.0,hand-to-mouth-drought-h74,Topanga,raw
2020-11-01,6.0,0.0,0.0,0.0,2.99,2.9899999999999998,0.0,5.98,6.0,26.314666666666664,0.0,0.0,0,25.97,0.0,hand-to-mouth-drought-h74,Topanga,raw
2020-12-01,55.800000000000004,0.0009525729,0.0,0.0,7.52,3.83,0.0,11.35,55.800000000000004,32.80483870967742,0.0,0.0,0,70.41,0.0,hand-to-mouth-drought-h74,Topanga,raw
2021-01-01,87.4,0.0,1.36,4.55716579,51.86,9.58,0.0,61.44,87.4,51.63290322580645,0.0,0.0,0,90.45,0.0,hand-to-mouth-drought-h74,Topanga,raw
2021-02-01,0.0,0.0,2.1,11.0166845,46.92,3.8,0.0,50.72,0.0,45.855000000000004,0.0,0.0,0,26.62,0.0,hand-to-mouth-drought-h74,Topanga,raw
2021-03-01,37.0,0.0,0.0,0.0,24.52,12.209999999999999,0.0,36.73,37.0,32.41161290322581,0.0,0.0,0,26.79,0.0,hand-to-mouth-drought-h74,Topanga,raw
2021-04-01,0.0,0.0,0.0,0.0,0.8200000000000001,0.0,0.0,0.8200000000000001,0.0,26.103,0.0,0.0,0,25.97,0.0,hand-to-mouth-drought-h74,Topanga,raw
2021-05-01,0.0,0.0,0.0,0.0,0.0,0.0,0.0,0.0,0.0,25.97,0.0,0.0,0,25.97,0.0,hand-to-mouth-drought-h74,Topanga,raw
2021-06-01,1.6,0.0,0.0,0.0,0.16,1.44,0.0,1.6,1.6,25.997,0.0,0.0,0,25.97,0.0,hand-to-mouth-drought-h74,Topanga,raw
2021-07-01,2.3,0.0,0.0,0.0,0.060000000000000005,2.0300000000000002,0.0,2.0900000000000003,2.3,25.978387096774192,0.0,0.0,0,25.97,0.0,hand-to-mouth-drought-h74,Topanga,raw
2021-08-01,1.5,0.0,0.0,0.0,0.03,1.47,0.0,1.5,1.5,25.975806451612904,0.0,0.0,0,25.97,0.0,hand-to-mouth-drought-h74,Topanga,raw
2021-09-01,0.0,0.0,0.0,0.0,0.0,0.0,0.0,0.0,0.0,25.969999999999995,0.0,0.0,0,25.97,0.0,hand-to-mouth-drought-h74,Topanga,raw
2021-10-01,43.7,0.0,0.0,0.0,15.31,12.47,0.0,27.78,43.7,31.388387096774192,0.0,0.0,0,41.73,0.0,hand-to-mouth-drought-h74,Topanga,raw
2021-11-01,0.0,0.0,0.0,0.0,15.56,0.0,0.0,15.56,0.0,30.146333333333335,0.0,0.0,0,26.14,0.0,hand-to-mouth-drought-h74,Topanga,raw
2021-12-01,436.1,90.95924,73.47,119.6627226,27.46,15.86,0.0,43.32,436.1,75.0725806451613,0.0,0.0,0,134.89,0.0,hand-to-mouth-drought-h74,Topanga,raw
2022-01-01,5.7,0.0,20.22,35.39333302,50.95,7.38,0.0,58.33,5.7,47.38903225806452,0.0,0.0,0,26.68,0.0,hand-to-mouth-drought-h74,Topanga,raw
2022-02-01,1.4,0.0,0.0,0.0,0.83,1.24,0.0,2.07,1.4,26.11642857142857,0.0,0.0,0,25.97,0.0,hand-to-mouth-drought-h74,Topanga,raw
2022-03-01,46.9,0.0,0.0,0.0,8.56,5.68,0.0,14.24,46.9,30.884838709677418,0.0,0.0,0,58.62,0.0,hand-to-mouth-drought-h74,Topanga,raw
2022-04-01,9.0,0.0,0.0,0.0,35.06,6.05,0.0,41.11,9.0,34.842333333333336,0.0,0.0,0,26.52,0.0,hand-to-mouth-drought-h74,Topanga,raw
2022-05-01,1.6,0.0,0.0,0.0,0.55,1.59,0.0,2.14,1.6,26.05354838709677,0.0,0.0,0,25.97,0.0,hand-to-mouth-drought-h74,Topanga,raw
2022-06-01,0.8,0.0,0.0,0.0,0.0,0.8,0.0,0.8,0.8,25.969999999999995,0.0,0.0,0,25.97,0.0,hand-to-mouth-drought-h74,Topanga,raw
2022-07-01,0.0,0.0,0.0,0.0,0.0,0.0,0.0,0.0,0.0,25.97,0.0,0.0,0,25.97,0.0,hand-to-mouth-drought-h74,Topanga,raw
2022-08-01,0.0,0.0,0.0,0.0,0.0,0.0,0.0,0.0,0.0,25.97,0.0,0.0,0,25.97,0.0,hand-to-mouth-drought-h74,Topanga,raw
2022-09-01,10.2,0.0,0.0,0.0,6.41,3.75,0.0,10.16,10.2,26.550333333333334,0.0,0.0,0,25.98,0.0,hand-to-mouth-drought-h74,Topanga,raw
2022-10-01,6.0,0.0,0.0,0.0,0.9400000000000001,5.050000000000001,0.0,5.99,6.0,26.078064516129032,0.0,0.0,0,25.97,0.0,hand-to-mouth-drought-h74,Topanga,raw
2022-11-01,79.69999999999999,0.0,0.5800000000000001,10.05174994,56.11,10.97,0.0,67.08,79.69999999999999,49.190666666666665,0.0,0.0,0,27.96,0.0,hand-to-mouth-drought-h74,Topanga,raw
2022-12-01,115.6,0.0,0.0,0.0,41.58,13.82,0.0,55.4,115.6,47.56225806451613,0.0,0.0,0,88.16,0.0,hand-to-mouth-drought-h74,Topanga,raw
2016-01-01,177.7,0.0,17.56,7.5887535,23.05,0.0,0.0,23.05,154.7,275.4029032258064,132.82161290322583,181.36,31,355.82,133.31,apostolic-saw-h1153,Tiger-Mill,clipped
2016-02-01,114.5,0.0,38.56,7.0991565,39.38,0.0,0.0,39.38,247.79999999999998,445.63448275862066,64.42448275862068,155.71,17,518.51,0.0,apostolic-saw-h1153,Tiger-Mill,clipped
2016-03-01,228.20000000000002,0.0,63.08,7.5887535,59.05,0.03,0.0,59.08,216.12,554.5774193548388,19.285806451612903,75.54,15,604.82,12.09,apostolic-saw-h1153,Tiger-Mill,clipped
2016-04-01,39.4,0.0,63.23,7.343955,100.6,0.21,0.0,100.81,51.49,543.0363333333333,0.0,0.0,0,484.78,0.0,apostolic-saw-h1153,Tiger-Mill,clipped
2016-05-01,71.7,0.0,46.93,7.5887535,129.5,0.28,0.0,129.78,71.7,427.3816129032258,0.0,0.0,0,372.23,0.0,apostolic-saw-h1153,Tiger-Mill,clipped
2016-06-01,39.2,0.0,30.36,7.343955,154.09,0.28,0.0,154.37,39.2,294.2386666666667,0.0,0.0,0,219.31,0.0,apostolic-saw-h1153,Tiger-Mill,clipped
2016-07-01,30.400000000000002,0.0,12.41,7.5887535,166.0,0.26,0.0,166.26,30.400000000000002,145.39870967741933,0.0,0.0,0,63.29,0.0,apostolic-saw-h1153,Tiger-Mill,clipped
2016-08-01,5.8,0.0,0.05,0.979194,22.65,0.15,0.0,22.8,5.8,47.51870967741935,0.0,0.0,0,45.28,0.0,apostolic-saw-h1153,Tiger-Mill,clipped
2016-09-01,41.2,0.0,0.0,0.0,22.91,0.2,0.0,23.11,41.2,59.971000000000004,0.0,0.0,0,63.36,0.0,apostolic-saw-h1153,Tiger-Mill,clipped
2016-10-01,241.5,0.0,2.71,2.8247966,37.68,0.02,0.0,37.7,241.5,169.44064516129032,0.0532258064516129,1.65,1,261.18,0.0,apostolic-saw-h1153,Tiger-Mill,clipped
2016-11-01,90.8,0.0,15.25,7.343955,38.35,0.0,0.0,38.35,61.4,254.60866666666666,3.428,29.4,6,261.29,29.4,apostolic-saw-h1153,Tiger-Mill,clipped
2016-12-01,158.20000000000002,0.0,18.21,7.5887535,17.84,0.0,0.0,17.84,27.92,258.93774193548387,96.18193548387096,159.68,31,245.55,159.68,apostolic-saw-h1153,Tiger-Mill,clipped
2017-01-01,104.0,0.0,15.26,7.5887535,17.0,0.0,0.0,17.0,7.16,228.36967741935484,219.5774193548387,256.52,31,212.64,256.52,apostolic-saw-h1153,Tiger-Mill,clipped
2017-02-01,252.7,0.0,12.48,6.854358,32.85,0.0,0.0,32.85,149.81,251.95285714285714,302.8178571428571,359.41,28,310.18,359.41,apostolic-saw-h1153,Tiger-Mill,clipped
2017-03-01,290.3,0.0,57.269999999999996,7.5887535,56.35,0.0,0.0,56.35,574.01,519.7348387096774,264.138064516129,451.41,31,762.87,75.68,apostolic-saw-h1153,Tiger-Mill,clipped
2017-04-01,124.7,0.0,152.93,7.343955,82.15,0.14,0.0,82.28999999999999,200.38,752.3463333333333,5.541666666666667,55.12,4,720.5,0.0,apostolic-saw-h1153,Tiger-Mill,clipped
2017-05-01,83.8,0.0,97.84,7.5887535,125.29,0.24,0.0,125.53,83.8,655.5312903225807,0.07483870967741935,2.32,1,573.36,0.0,apostolic-saw-h1153,Tiger-Mill,clipped
2017-06-01,57.4,0.0,59.41,7.343955,148.53,0.27,0.0,148.79999999999998,57.4,502.6926666666667,0.0,0.0,0,415.22,0.0,apostolic-saw-h1153,Tiger-Mill,clipped
2017-07-01,0.0,0.0,34.18,7.5887535,184.7,0.05,0.0,184.75,0.0,294.8806451612903,0.0,0.0,0,188.67,0.0,apostolic-saw-h1153,Tiger-Mill,clipped
2017-08-01,5.1,0.0,7.2700000000000005,6.364761,134.24,0.04,0.0,134.28,5.1,98.53322580645163,0.0,0.0,0,45.79,0.0,apostolic-saw-h1153,Tiger-Mill,clipped
2017-09-01,83.3,0.0,0.0,0.0,23.36,0.04,0.0,23.4,83.3,73.01866666666666,0.0,0.0,0,105.63,0.0,apostolic-saw-h1153,Tiger-Mill,clipped
2017-10-01,149.2,0.0,1.25,2.8624508,59.370000000000005,0.06,0.0,59.43,149.2,157.2983870967742,1.096774193548387,17.0,2,191.14,0.0,apostolic-saw-h1153,Tiger-Mill,clipped
2017-11-01,156.0,0.0,10.81,7.343955,36.79,0.01,0.0,36.8,144.6,235.86333333333332,9.292333333333334,38.26,13,280.59,11.4,apostolic-saw-h1153,Tiger-Mill,clipped
2017-12-01,148.0,0.0,19.42,7.5887535,16.71,0.0,0.0,16.71,26.229999999999997,263.4758064516129,55.331935483870964,137.14,31,263.08,133.18,apostolic-saw-h1153,Tiger-Mill,clipped
2018-01-01,190.3,0.0,20.7,7.5887535,25.47,0.0,0.0,25.47,141.99,301.2816129032258,160.6848387096774,194.0,31,350.86,181.48,apostolic-saw-h1153,Tiger-Mill,clipped
2018-02-01,162.0,0.0,42.84,6.854358,30.57,0.01,0.0,30.58,199.35,481.44178571428574,98.45714285714287,192.78,28,469.89,144.13,apostolic-saw-h1153,Tiger-Mill,clipped
2018-03-01,116.8,0.0,55.15,7.5887535,55.52,0.02,0.0,55.54,211.73,510.4990322580645,119.73,179.24,31,563.13,49.21,apostolic-saw-h1153,Tiger-Mill,clipped
2018-04-01,148.2,0.0,81.27,7.343955,85.00999999999999,0.15,0.0,85.16,197.41,631.8433333333334,6.387333333333333,41.72,10,586.53,0.0,apostolic-saw-h1153,Tiger-Mill,clipped
2018-05-01,80.9,0.0,63.59,7.5887535,128.53,0.29,0.0,128.82,80.9,531.91,0.0,0.0,0,467.26,0.0,apostolic-saw-h1153,Tiger-Mill,clipped
2018-06-01,57.8,0.0,43.04,7.343955,146.39,0.28,0.0,146.67,57.8,397.27066666666667,0.0,0.0,0,327.88,0.0,apostolic-saw-h1153,Tiger-Mill,clipped
2018-07-01,0.0,0.0,22.75,7.5887535,187.82,0.05,0.0,187.87,0.0,213.0141935483871,0.0,0.0,0,109.62,0.0,apostolic-saw-h1153,Tiger-Mill,clipped
2018-08-01,26.1,0.0,1.27,2.6927835,68.53,0.04,0.0,68.57,26.1,57.5041935483871,0.0,0.0,0,63.22,0.0,apostolic-saw-h1153,Tiger-Mill,clipped
2018-09-01,0.0,0.0,0.0,0.0,15.97,0.14,0.0,16.11,0.0,52.410666666666664,0.0,0.0,0,47.12,0.0,apostolic-saw-h1153,Tiger-Mill,clipped
2018-10-01,111.2,0.0,0.0,0.0,28.27,0.02,0.0,28.29,111.2,86.80387096774194,0.0,0.0,0,129.79,0.0,apostolic-saw-h1153,Tiger-Mill,clipped
2018-11-01,101.6,0.0,1.1,5.0951014,30.94,0.0,0.0,30.94,94.7,155.90166666666667,0.32166666666666666,6.9,2,187.12,6.9,apostolic-saw-h1153,Tiger-Mill,clipped
2018-12-01,155.6,0.0,9.17,7.5887535,19.93,0.0,0.0,19.93,103.52,221.79548387096773,17.88064516129032,58.98,24,253.92,58.98,apostolic-saw-h1153,Tiger-Mill,clipped
2019-01-01,130.5,0.0,18.080000000000002,7.5887535,27.03,0.0,0.0,27.03,126.82000000000001,279.7696774193549,69.32129032258065,86.25,31,327.96,62.68,apostolic-saw-h1153,Tiger-Mill,clipped
2019-02-01,196.6,0.0,29.33,6.854358,19.71,0.0,0.0,19.71,98.7,373.2689285714286,95.3275,160.59,28,370.55,160.59,apostolic-saw-h1153,Tiger-Mill,clipped
2019-03-01,64.9,0.0,33.83,7.5887535,45.72,0.03,0.0,45.75,193.97,383.37967741935483,141.53290322580648,179.65,31,477.05,31.53,apostolic-saw-h1153,Tiger-Mill,clipped
2019-04-01,226.9,0.0,69.33,7.343955,78.3,0.15,0.0,78.45,258.43,594.4336666666667,0.10266666666666667,3.08,1,580.11,0.0,apostolic-saw-h1153,Tiger-Mill,clipped
2019-05-01,79.7,0.0,60.53,7.5887535,126.87,0.28,0.0,127.14999999999999,79.7,508.8167741935484,0.0,0.0,0,464.42,0.0,apostolic-saw-h1153,Tiger-Mill,clipped
2019-06-01,34.5,0.0,40.0,7.343955,155.3,0.29,0.0,155.59,34.5,369.04966666666667,0.0,0.0,0,295.89,0.0,apostolic-saw-h1153,Tiger-Mill,clipped
2019-07-01,3.9,0.0,20.169999999999998,7.5887535,176.02,0.15,0.0,176.17,3.9,195.69290322580648,0.0,0.0,0,95.85,0.0,apostolic-saw-h1153,Tiger-Mill,clipped
2019-08-01,23.2,0.0,0.76,2.2031865,64.22,0.24,0.0,64.46,23.2,56.317096774193544,0.0,0.0,0,51.24,0.0,apostolic-saw-h1153,Tiger-Mill,clipped
2019-09-01,56.6,0.0,0.0,0.0,22.34,0.19,0.0,22.53,56.6,62.864000000000004,0.0,0.0,0,85.04,0.0,apostolic-saw-h1153,Tiger-Mill,clipped
2019-10-01,147.9,0.06907213,0.87,1.5989892,41.05,0.02,0.0,41.07,146.16000000000003,135.23354838709676,4.0529032258064515,30.7,6,187.41,1.74,apostolic-saw-h1153,Tiger-Mill,clipped
2019-11-01,44.4,0.0,7.36,7.343955,31.03,0.0,0.0,31.03,32.84,179.3156666666667,2.3666666666666667,13.3,6,174.47,13.3,apostolic-saw-h1153,Tiger-Mill,clipped
2019-12-01,78.0,0.0,8.02,7.5887535,19.67,0.0,0.0,19.67,83.2,200.8177419354839,5.849354838709678,22.4,18,222.19,8.11,apostolic-saw-h1153,Tiger-Mill,clipped
2020-01-01,280.9,0.0,11.25,7.5887535,29.6,0.0,0.0,29.6,71.94,218.71548387096774,136.78354838709677,244.37,31,245.62,217.07,apostolic-saw-h1153,Tiger-Mill,clipped
2020-02-01,276.1,0.0,24.53,7.0991565,38.42,0.02,0.0,38.44,236.6,361.48275862068965,277.4106896551724,309.56,29,411.98,256.56,apostolic-saw-h1153,Tiger-Mill,clipped
2020-03-01,61.5,0.0,48.66,7.5887535,53.68,0.01,0.0,53.69,299.06,488.9048387096774,137.2167741935484,256.56,31,601.01,19.02,apostolic-saw-h1153,Tiger-Mill,clipped
2020-04-01,60.699999999999996,0.0,67.67999999999999,7.343955,94.4,0.17,0.0,94.57,79.72,566.492,1.2893333333333332,16.08,4,511.13,0.0,apostolic-saw-h1153,Tiger-Mill,clipped
2020-05-01,146.4,0.0,53.45,7.5887535,121.88,0.28,0.0,122.16,146.4,492.54806451612905,0.0,0.0,0,474.15,0.0,apostolic-saw-h1153,Tiger-Mill,clipped
2020-06-01,65.8,0.0,44.15,7.343955,133.96,0.26,0.0,134.22,65.8,420.5056666666667,0.0,0.0,0,353.88,0.0,apostolic-saw-h1153,Tiger-Mill,clipped
2020-07-01,4.8,0.0,26.85,7.5887535,191.07,0.13,0.0,191.2,4.8,244.66709677419357,0.0,0.0,0,132.9,0.0,apostolic-saw-h1153,Tiger-Mill,clipped
2020-08-01,1.5,0.0,2.67,3.8286511,84.03,0.01,0.0,84.04,1.5,64.05193548387096,0.0,0.0,0,43.79,0.0,apostolic-saw-h1153,Tiger-Mill,clipped
2020-09-01,39.2,0.0,0.0,0.0,11.54,0.18,0.0,11.72,39.2,52.645999999999994,0.0,0.0,0,71.27,0.0,apostolic-saw-h1153,Tiger-Mill,clipped
2020-10-01,118.5,0.0,0.0,0.35034540000000003,39.83,0.07,0.0,39.9,118.5,110.29483870967742,0.20193548387096777,4.9,2,149.35,0.0,apostolic-saw-h1153,Tiger-Mill,clipped
2020-11-01,154.6,0.0,6.66,7.343955,35.26,0.01,0.0,35.27,134.04999999999998,212.11766666666665,8.154,30.44,16,234.01,20.55,apostolic-saw-h1153,Tiger-Mill,clipped
2020-12-01,143.2,0.0,15.89,7.5887535,22.87,0.0,0.0,22.87,132.86,261.7896774193548,19.27258064516129,39.0,28,320.39,30.89,apostolic-saw-h1153,Tiger-Mill,clipped
2021-01-01,148.5,0.0,32.42,7.5887535,28.84,0.0,0.0,28.84,159.03,381.58870967741933,41.52483870967742,60.61,31,410.31,20.36,apostolic-saw-h1153,Tiger-Mill,clipped
2021-02-01,227.1,0.0,37.05,6.854358,27.23,0.0,0.0,27.23,42.61,413.52,72.43214285714285,204.85,22,381.81,204.85,apostolic-saw-h1153,Tiger-Mill,clipped
2021-03-01,65.0,0.0,39.74,7.5887535,61.2,0.05,0.0,61.25,147.32,412.18451612903226,140.48258064516128,204.85,31,420.38,122.54,apostolic-saw-h1153,Tiger-Mill,clipped
2021-04-01,27.3,0.0,47.87,7.343955,106.32000000000001,0.23,0.0,106.55,149.86,464.853,10.074,98.28,8,408.33,0.0,apostolic-saw-h1153,Tiger-Mill,clipped
2021-05-01,35.7,0.0,36.81,7.5887535,128.78,0.28,0.0,129.06,35.7,333.1825806451613,0.0,0.0,0,270.59,0.0,apostolic-saw-h1153,Tiger-Mill,clipped
2021-06-01,20.9,0.0,17.77,7.343955,175.73,0.26,0.0,175.99,20.9,186.621,0.0,0.0,0,90.26,0.0,apostolic-saw-h1153,Tiger-Mill,clipped
2021-07-01,3.9,0.0,0.45,1.7135895,45.32,0.1,0.0,45.42,3.9,48.884838709677425,0.0,0.0,0,46.54,0.0,apostolic-saw-h1153,Tiger-Mill,clipped
2021-08-01,15.799999999999999,0.0,0.0,0.0,13.46,0.3,0.0,13.76,15.799999999999999,49.92580645161291,0.0,0.0,0,48.44,0.0,apostolic-saw-h1153,Tiger-Mill,clipped
2021-09-01,54.599999999999994,0.0,0.0,0.0,21.98,0.25,0.0,22.23,54.599999999999994,59.309333333333335,0.0,0.0,0,80.83,0.0,apostolic-saw-h1153,Tiger-Mill,clipped
2021-10-01,81.5,0.0,0.0,0.0,34.77,0.09,0.0,34.86,81.5,84.8674193548387,0.0,0.0,0,127.47,0.0,apostolic-saw-h1153,Tiger-Mill,clipped
2021-11-01,137.8,0.0,3.39,4.69201768,41.36,0.01,0.0,41.37,137.79,182.48233333333334,2.204,17.1,7,215.77,0.0,apostolic-saw-h1153,Tiger-Mill,clipped
2021-12-01,187.0,0.0,14.7,7.5887535,25.41,0.0,0.0,25.41,85.73,251.57354838709676,30.006129032258062,101.27,18,253.83,101.27,apostolic-saw-h1153,Tiger-Mill,clipped
2022-01-01,128.20000000000002,0.0,16.49,7.5887535,27.71,0.0,0.0,27.71,4.64,229.14096774193547,192.12290322580645,224.83,31,206.63,224.83,apostolic-saw-h1153,Tiger-Mill,clipped
2022-02-01,75.5,0.0,14.67,6.854358,41.31,0.02,0.0,41.33,155.34,262.8360714285714,163.69071428571428,235.93,28,299.06,144.99,apostolic-saw-h1153,Tiger-Mill,clipped
2022-03-01,87.7,0.0,36.77,7.5887535,57.769999999999996,0.02,0.0,57.79,232.68,415.9035483870968,39.05451612903226,124.0,17,429.48,0.0,apostolic-saw-h1153,Tiger-Mill,clipped
2022-04-01,124.8,0.0,39.99,7.343955,71.64,0.12,0.0,71.75999999999999,124.78999999999999,408.8946666666667,23.070666666666668,75.1,15,434.38,0.0,apostolic-saw-h1153,Tiger-Mill,clipped
2022-05-01,255.1,0.0,51.6,7.5887535,92.36,0.22,0.0,92.58,255.1,501.2335483870968,1.6061290322580646,27.29,2,537.48,0.0,apostolic-saw-h1153,Tiger-Mill,clipped
2022-06-01,142.5,0.0,62.37,7.343955,119.36,0.24,0.0,119.6,142.5,551.5186666666667,0.0,0.0,0,490.7,0.0,apostolic-saw-h1153,Tiger-Mill,clipped
2022-07-01,10.8,0.0,46.07,7.5887535,181.81,0.15,0.0,181.95999999999998,10.8,385.79,0.0,0.0,0,265.87,0.0,apostolic-saw-h1153,Tiger-Mill,clipped
2022-08-01,16.1,0.0,15.71,7.5887535,189.81,0.16,0.0,189.97,16.1,160.83451612903227,0.0,0.0,0,68.67,0.0,apostolic-saw-h1153,Tiger-Mill,clipped
2022-09-01,22.3,0.0,0.11000000000000001,1.188599,28.25,0.17,0.0,28.42,22.3,48.926,0.0,0.0,0,61.24,0.0,apostolic-saw-h1153,Tiger-Mill,clipped
2022-10-01,92.5,0.0,0.0,0.0,22.81,0.12,0.0,22.93,92.5,73.92387096774193,0.0,0.0,0,130.78,0.0,apostolic-saw-h1153,Tiger-Mill,clipped
2022-11-01,177.0,0.0,0.0,0.0,27.01,0.0,0.0,27.01,3.32,119.23166666666665,106.78133333333334,173.68,30,106.84,173.68,apostolic-saw-h1153,Tiger-Mill,clipped
2022-12-01,144.7,0.0,0.0,0.0,16.97,0.0,0.0,16.97,41.49,116.92129032258065,223.1590322580645,283.49,31,131.32,276.89,apostolic-saw-h1153,Tiger-Mill,clipped
2016-01-01,177.7,0.0,15.8,7.5887535,27.93,0.0,0.0,27.93,141.09,259.2022580645161,137.4358064516129,182.66,31,328.71,146.91,apostolic-saw-h1153,Tiger-Mill,raw
2016-02-01,114.5,0.0,32.12,7.0991565,53.77,0.02,0.0,53.79,261.42,404.62,86.73172413793102,169.56,24,497.0,0.0,apostolic-saw-h1153,Tiger-Mill,raw
2016-03-01,228.20000000000002,0.0,58.449999999999996,7.5887535,66.33,0.05,0.0,66.38,204.27,529.9887096774194,20.65838709677419,79.6,15,568.81,23.93,apostolic-saw-h1153,Tiger-Mill,raw
2016-04-01,39.4,0.0,58.09,7.343955,117.42,0.27,0.0,117.69,63.33,513.4773333333334,0.0,0.0,0,448.91,0.0,apostolic-saw-h1153,Tiger-Mill,raw
2016-05-01,71.7,0.0,41.94,7.5887535,145.78,0.3,0.0,146.07999999999998,71.7,384.64,0.0,0.0,0,325.02,0.0,apostolic-saw-h1153,Tiger-Mill,raw
2016-06-01,39.2,0.0,24.03,7.343955,167.18,0.28,0.0,167.46,39.2,242.052,0.0,0.0,0,165.38,0.0,apostolic-saw-h1153,Tiger-Mill,raw
2016-07-01,30.400000000000002,0.0,5.68,6.1199625,135.78,0.27,0.0,136.04999999999998,30.400000000000002,96.51032258064517,0.0,0.0,0,47.73,0.0,apostolic-saw-h1153,Tiger-Mill,raw
2016-08-01,5.8,0.0,0.0,0.0,7.66,0.24,0.0,7.9,5.8,47.46,0.0,0.0,0,45.64,0.0,apostolic-saw-h1153,Tiger-Mill,raw
2016-09-01,41.2,0.0,0.0,0.0,24.41,0.23,0.0,24.64,41.2,59.67966666666667,0.0,0.0,0,62.23,0.0,apostolic-saw-h1153,Tiger-Mill,raw
2016-10-01,241.5,0.0,2.56,2.77542775,41.63,0.05,0.0,41.68,241.5,166.80580645161288,0.0532258064516129,1.65,1,256.31,0.0,apostolic-saw-h1153,Tiger-Mill,raw
2016-11-01,90.8,0.0,13.72,7.343955,56.13,0.05,0.0,56.18,61.4,239.642,3.737,29.4,7,240.14,29.4,apostolic-saw-h1153,Tiger-Mill,raw
2016-12-01,158.20000000000002,0.0,14.95,7.5887535,22.76,0.0,0.0,22.76,27.92,237.11967741935484,96.18193548387096,159.68,31,222.73,159.68,apostolic-saw-h1153,Tiger-Mill,raw
2017-01-01,104.0,0.0,12.35,7.5887535,19.77,0.0,0.0,19.77,7.16,205.86032258064517,219.5774193548387,256.52,31,189.95,256.52,apostolic-saw-h1153,Tiger-Mill,raw
2017-02-01,252.7,0.0,9.82,6.854358,42.58,0.03,0.0,42.61,125.06,214.18571428571428,314.0464285714285,384.16,28,255.7,384.16,apostolic-saw-h1153,Tiger-Mill,raw
2017-03-01,290.3,0.0,34.65,7.5887535,71.84,0.05,0.0,71.89,501.45,426.7877419354839,325.8525806451613,479.91,31,642.69,173.01,apostolic-saw-h1153,Tiger-Mill,raw
2017-04-01,124.7,0.0,122.42,7.343955,97.14,0.2,0.0,97.33999999999999,297.71,719.8233333333334,30.508,155.1,11,713.18,0.0,apostolic-saw-h1153,Tiger-Mill,raw
2017-05-01,83.8,0.0,93.69,7.5887535,138.13,0.28,0.0,138.41,83.8,643.4251612903225,0.15129032258064518,4.69,1,557.35,0.0,apostolic-saw-h1153,Tiger-Mill,raw
2017-06-01,57.4,0.0,56.59,7.343955,160.56,0.3,0.0,160.85999999999999,57.4,483.487,0.0,0.0,0,389.93,0.0,apostolic-saw-h1153,Tiger-Mill,raw
2017-07-01,0.0,0.0,29.03,7.5887535,222.09,0.04,0.0,222.13,0.0,255.5748387096774,0.0,0.0,0,131.15,0.0,apostolic-saw-h1153,Tiger-Mill,raw
2017-08-01,5.1,0.0,1.8399999999999999,2.9356397,85.69,0.11,0.0,85.8,5.1,58.02548387096774,0.0,0.0,0,45.64,0.0,apostolic-saw-h1153,Tiger-Mill,raw
2017-09-01,83.3,0.0,0.0,0.0,24.88,0.12,0.0,25.0,83.3,72.90833333333333,0.0,0.0,0,103.91,0.0,apostolic-saw-h1153,Tiger-Mill,raw
2017-10-01,149.2,0.0,0.93,2.5938312,66.82,0.09,0.0,66.91,149.2,151.6377419354839,1.096774193548387,17.0,2,182.56,0.0,apostolic-saw-h1153,Tiger-Mill,raw
2017-11-01,156.0,0.0,9.28,7.343955,45.879999999999995,0.03,0.0,45.91,144.59,223.38466666666667,9.687000000000001,41.32,13,264.41,11.4,apostolic-saw-h1153,Tiger-Mill,raw
2017-12-01,148.0,0.0,16.98,7.5887535,20.830000000000002,0.0,0.0,20.830000000000002,21.259999999999998,244.02032258064517,57.21322580645161,141.53,31,240.25,138.14,apostolic-saw-h1153,Tiger-Mill,raw
2018-01-01,190.3,0.0,16.31,7.5887535,31.97,0.01,0.0,31.98,115.26,266.72193548387094,176.3741935483871,213.17,31,299.39,213.17,apostolic-saw-h1153,Tiger-Mill,raw
2018-02-01,162.0,0.0,34.08,6.854358,33.78,0.01,0.0,33.79,187.51000000000002,421.96964285714284,140.47821428571427,224.47,28,412.13,187.66,apostolic-saw-h1153,Tiger-Mill,raw
2018-03-01,116.8,0.0,42.52,7.5887535,63.73,0.05,0.0,63.78,161.64,427.40645161290325,189.5858064516129,224.27,31,459.8,142.82,apostolic-saw-h1153,Tiger-Mill,raw
2018-04-01,148.2,0.0,72.91,7.343955,91.68,0.17,0.0,91.85,291.02,606.3943333333334,26.156333333333333,135.32,13,578.74,0.0,apostolic-saw-h1153,Tiger-Mill,raw
2018-05-01,80.9,0.0,61.7,7.5887535,141.11,0.31,0.0,141.42,80.9,517.9403225806451,0.0,0.0,0,448.77,0.0,apostolic-saw-h1153,Tiger-Mill,raw
2018-06-01,57.8,0.0,40.41,7.343955,157.57999999999998,0.28,0.0,157.85999999999999,57.8,375.88766666666663,0.0,0.0,0,300.85,0.0,apostolic-saw-h1153,Tiger-Mill,raw
2018-07-01,0.0,0.0,17.06,7.5887535,228.21,0.05,0.0,228.26,0.0,168.3922580645161,0.0,0.0,0,47.92,0.0,apostolic-saw-h1153,Tiger-Mill,raw
2018-08-01,26.1,0.0,0.0,0.2447985,10.78,0.06,0.0,10.84,26.1,47.865483870967736,0.0,0.0,0,62.94,0.0,apostolic-saw-h1153,Tiger-Mill,raw
2018-09-01,0.0,0.0,0.0,0.0,15.69,0.18,0.0,15.870000000000001,0.0,52.281666666666666,0.0,0.0,0,47.05,0.0,apostolic-saw-h1153,Tiger-Mill,raw
2018-10-01,111.2,0.0,0.0,0.0,35.53,0.12,0.0,35.65,111.2,83.38193548387098,0.0,0.0,0,122.42,0.0,apostolic-saw-h1153,Tiger-Mill,raw
2018-11-01,101.6,0.0,0.35,4.68877523,36.88,0.0,0.0,36.88,94.7,146.20433333333332,0.33433333333333337,6.9,2,175.11,6.9,apostolic-saw-h1153,Tiger-Mill,raw
2018-12-01,155.6,0.0,7.0200000000000005,7.5887535,25.39,0.0,0.0,25.39,103.53,207.13612903225808,18.70967741935484,58.98,25,238.58,58.98,apostolic-saw-h1153,Tiger-Mill,raw
2019-01-01,130.5,0.0,15.379999999999999,7.5887535,30.54,0.0,0.0,30.54,119.78,259.9974193548387,72.81258064516129,91.66,31,304.8,69.69,apostolic-saw-h1153,Tiger-Mill,raw
2019-02-01,196.6,0.0,25.64,6.854358,21.97,0.0,0.0,21.97,94.14,345.8510714285714,106.86821428571429,172.16,28,344.24,172.16,apostolic-saw-h1153,Tiger-Mill,raw
2019-03-01,64.9,0.0,29.6,7.5887535,50.32,0.05,0.0,50.37,172.93,349.36,160.74322580645162,191.23,31,429.57,64.14,apostolic-saw-h1153,Tiger-Mill,raw
2019-04-01,226.9,0.0,64.23,7.343955,83.96,0.17,0.0,84.13,291.04,578.1726666666667,1.6796666666666666,38.72,2,564.91,0.0,apostolic-saw-h1153,Tiger-Mill,raw
2019-05-01,79.7,0.0,57.2,7.5887535,143.51,0.28,0.0,143.79,79.7,485.16161290322583,0.0,0.0,0,435.84,0.0,apostolic-saw-h1153,Tiger-Mill,raw
2019-06-01,34.5,0.0,36.06,7.343955,167.32999999999998,0.29000000000000004,0.0,167.62,34.5,335.6036666666667,0.0,0.0,0,259.16,0.0,apostolic-saw-h1153,Tiger-Mill,raw
2019-07-01,3.9,0.0,14.79,7.5887535,189.89,0.15,0.0,190.04,3.9,156.44548387096776,0.0,0.0,0,50.6,0.0,apostolic-saw-h1153,Tiger-Mill,raw
2019-08-01,23.2,0.0,0.0,0.489597,21.2,0.29,0.0,21.490000000000002,23.2,50.99161290322581,0.0,0.0,0,51.42,0.0,apostolic-saw-h1153,Tiger-Mill,raw
2019-09-01,56.6,0.0,0.0,0.0,22.75,0.2,0.0,22.95,56.6,62.907000000000004,0.0,0.0,0,84.8,0.0,apostolic-saw-h1153,Tiger-Mill,raw
2019-10-01,147.9,0.06872188,0.77,1.54378749,47.97,0.08,0.0,48.05,145.4,132.07870967741937,4.619032258064516,30.7,7,179.63,2.5,apostolic-saw-h1153,Tiger-Mill,raw
2019-11-01,44.4,0.0,6.64,7.343955,42.39,0.02,0.0,42.41,33.6,164.44933333333333,2.3666666666666667,13.3,6,156.79,13.3,apostolic-saw-h1153,Tiger-Mill,raw
2019-12-01,78.0,0.0,5.97,7.5887535,26.14,0.0,0.0,26.14,83.19,180.33322580645162,6.46225806451613,22.4,19,200.03,8.11,apostolic-saw-h1153,Tiger-Mill,raw
2020-01-01,280.9,0.0,8.510000000000002,7.5887535,35.89,0.01,0.0,35.9,46.78,191.4174193548387,140.5316129032258,257.64,31,194.74,242.23,apostolic-saw-h1153,Tiger-Mill,raw
2020-02-01,276.1,0.0,17.77,7.0991565,46.57,0.03,0.0,46.6,210.66,305.21413793103443,308.2520689655172,336.78,29,333.56,307.67,apostolic-saw-h1153,Tiger-Mill,raw
2020-03-01,61.5,0.0,33.5,7.5887535,62.27,0.04,0.0,62.31,265.33,392.57935483870966,208.42451612903224,307.67,31,495.4,103.83,apostolic-saw-h1153,Tiger-Mill,raw
2020-04-01,60.699999999999996,0.0,56.93,7.343955,105.86,0.19,0.0,106.05,164.54,529.5966666666667,18.991666666666667,101.54,8,489.61,0.0,apostolic-saw-h1153,Tiger-Mill,raw
2020-05-01,146.4,0.0,49.75,7.5887535,130.93,0.29,0.0,131.22,146.4,467.94548387096773,0.0,0.0,0,447.2,0.0,apostolic-saw-h1153,Tiger-Mill,raw
2020-06-01,65.8,0.0,40.43,7.343955,145.01,0.28,0.0,145.29,65.8,390.364,0.0,0.0,0,319.57,0.0,apostolic-saw-h1153,Tiger-Mill,raw
2020-07-01,4.8,0.0,21.78,7.5887535,214.79,0.15,0.0,214.94,4.8,205.52548387096775,0.0,0.0,0,79.91,0.0,apostolic-saw-h1153,Tiger-Mill,raw
2020-08-01,1.5,0.0,0.31,1.53615797,35.5,0.03,0.0,35.53,1.5,47.3841935483871,0.0,0.0,0,43.94,0.0,apostolic-saw-h1153,Tiger-Mill,raw
2020-09-01,39.2,0.0,0.0,0.0,12.69,0.25,0.0,12.94,39.2,52.68533333333333,0.0,0.0,0,70.24,0.0,apostolic-saw-h1153,Tiger-Mill,raw
2020-10-01,118.5,0.0,0.0,0.242111763,43.64,0.12,0.0,43.76,118.5,107.95290322580645,0.23419354838709677,4.9,2,144.72,0.0,apostolic-saw-h1153,Tiger-Mill,raw
2020-11-01,154.6,0.0,5.64,7.343955,42.38,0.04,0.0,42.42,133.04,202.87866666666665,8.474,31.22,16,222.35,21.56,apostolic-saw-h1153,Tiger-Mill,raw
2020-12-01,143.2,0.0,13.64,7.5887535,29.1,0.01,0.0,29.11,119.17999999999999,241.14709677419353,26.676451612903225,45.58,31,291.05,45.58,apostolic-saw-h1153,Tiger-Mill,raw
2021-01-01,148.5,0.0,26.45,7.5887535,34.81,0.01,0.0,34.82,130.43,339.50451612903225,68.95838709677419,87.93,31,352.35,63.66,apostolic-saw-h1153,Tiger-Mill,raw
2021-02-01,227.1,0.0,29.67,6.854358,37.45,0.01,0.0,37.46,55.02,363.7132142857143,105.28750000000001,235.75,28,333.32,235.75,apostolic-saw-h1153,Tiger-Mill,raw
2021-03-01,65.0,0.0,30.48,7.5887535,70.7,0.09,0.0,70.78999999999999,117.0,339.81548387096774,192.39903225806452,237.55,31,341.32,183.73,apostolic-saw-h1153,Tiger-Mill,raw
2021-04-01,27.3,0.0,38.2,7.343955,111.28,0.23,0.0,111.50999999999999,211.04,418.701,41.403999999999996,176.15,15,395.15,0.0,apostolic-saw-h1153,Tiger-Mill,raw
2021-05-01,35.7,0.0,34.14,7.5887535,133.73,0.29,0.0,134.01999999999998,35.7,319.1325806451613,0.0,0.0,0,255.1,0.0,apostolic-saw-h1153,Tiger-Mill,raw
2021-06-01,20.9,0.0,15.5,7.343955,189.47,0.27,0.0,189.73999999999998,20.9,168.78333333333333,0.0,0.0,0,63.27,0.0,apostolic-saw-h1153,Tiger-Mill,raw
2021-07-01,3.9,0.0,0.03,0.738493581,19.52,0.17,0.0,19.69,3.9,46.08354838709677,0.0,0.0,0,46.67,0.0,apostolic-saw-h1153,Tiger-Mill,raw
2021-08-01,15.799999999999999,0.0,0.0,0.0,13.57,0.35000000000000003,0.0,13.92,15.799999999999999,49.93451612903226,0.0,0.0,0,48.43,0.0,apostolic-saw-h1153,Tiger-Mill,raw
2021-09-01,54.599999999999994,0.0,0.0,0.0,22.0,0.25,0.0,22.25,54.599999999999994,59.29633333333333,0.0,0.0,0,80.82,0.0,apostolic-saw-h1153,Tiger-Mill,raw
2021-10-01,81.5,0.0,0.0,0.0,36.64,0.1,0.0,36.74,81.5,84.00516129032258,0.0,0.0,0,125.53,0.0,apostolic-saw-h1153,Tiger-Mill,raw
2021-11-01,137.8,0.0,3.16,4.47348934,46.57,0.02,0.0,46.59,137.81,178.564,2.6493333333333333,17.1,8,209.06,0.0,apostolic-saw-h1153,Tiger-Mill,raw
2021-12-01,187.0,0.0,13.35,7.5887535,32.49,0.01,0.0,32.5,85.73,240.99709677419355,30.006129032258062,101.27,18,241.31,101.27,apostolic-saw-h1153,Tiger-Mill,raw
2022-01-01,128.20000000000002,0.0,14.91,7.5887535,32.82,0.0,0.0,32.82,0.0,213.54935483870966,193.47,229.47,31,185.92,229.47,apostolic-saw-h1153,Tiger-Mill,raw
2022-02-01,75.5,0.0,11.14,6.854358,49.11,0.04,0.0,49.15,121.14,217.0632142857143,189.9557142857143,240.57,28,239.9,183.81,apostolic-saw-h1153,Tiger-Mill,raw
2022-03-01,87.7,0.0,25.77,7.5887535,63.65,0.03,0.0,63.68,271.51,353.1606451612903,83.51193548387097,184.81,22,414.24,0.0,apostolic-saw-h1153,Tiger-Mill,raw
2022-04-01,124.8,0.0,37.16,7.343955,75.56,0.13,0.0,75.69,124.8,392.247,23.289666666666665,75.1,15,418.05,0.0,apostolic-saw-h1153,Tiger-Mill,raw
2022-05-01,255.1,0.0,48.89,7.5887535,93.68,0.23,0.0,93.91,255.1,485.6758064516129,1.625483870967742,27.29,2,522.53,0.0,apostolic-saw-h1153,Tiger-Mill,raw
2022-06-01,142.5,0.0,59.62,7.343955,121.24,0.24,0.0,121.47999999999999,142.5,537.5816666666667,0.0,0.0,0,476.63,0.0,apostolic-saw-h1153,Tiger-Mill,raw
2022-07-01,10.8,0.0,44.27,7.5887535,183.93,0.15,0.0,184.07999999999998,10.8,372.57645161290327,0.0,0.0,0,251.51,0.0,apostolic-saw-h1153,Tiger-Mill,raw
2022-08-01,16.1,0.0,13.54,7.5887535,191.13,0.17,0.0,191.3,16.1,145.2364516129032,0.0,0.0,0,55.18,0.0,apostolic-saw-h1153,Tiger-Mill,raw
2022-09-01,22.3,0.0,0.0,0.489597,15.52,0.22,0.0,15.74,22.3,48.05733333333333,0.0,0.0,0,61.29,0.0,apostolic-saw-h1153,Tiger-Mill,raw
2022-10-01,92.5,0.0,0.0,0.0,24.54,0.14,0.0,24.68,92.5,73.66870967741936,0.0,0.0,0,129.09,0.0,apostolic-saw-h1153,Tiger-Mill,raw
2022-11-01,177.0,0.0,0.0,0.0,31.05,0.0,0.0,31.05,3.32,115.85300000000001,106.78133333333334,173.68,30,101.15,173.68,apostolic-saw-h1153,Tiger-Mill,raw
2022-12-01,144.7,0.0,0.0,0.0,18.61,0.0,0.0,18.61,40.980000000000004,109.9541935483871,223.1916129032258,283.49,31,123.53,277.39,apostolic-saw-h1153,Tiger-Mill,raw
2016-01-01,179.7,0.0,8.99,7.5887535,25.21,0.0,0.0,25.21,204.28,501.81387096774193,116.9416129032258,167.58,31,618.85,84.63,apostolic-saw-h122,Tiger-Mill,clipped
2016-02-01,121.9,0.0,31.88,7.0991565,41.8,0.0,0.0,41.8,206.54,702.583448275862,27.17655172413793,105.96,10,744.5,0.0,apostolic-saw-h122,Tiger-Mill,clipped
2016-03-01,246.1,0.0,96.35,7.5887535,55.92,0.02,0.0,55.94,246.1,805.3722580645161,2.0270967741935486,16.3,5,830.66,0.0,apostolic-saw-h122,Tiger-Mill,clipped
2016-04-01,40.9,0.0,55.52,7.343955,96.83,0.2,0.0,97.03,40.9,760.1596666666667,0.0,0.0,0,711.5,0.0,apostolic-saw-h122,Tiger-Mill,clipped
2016-05-01,73.30000000000001,0.0,34.39,7.5887535,126.26,0.28,0.0,126.53999999999999,73.30000000000001,663.7493548387097,0.0,0.0,0,616.33,0.0,apostolic-saw-h122,Tiger-Mill,clipped
2016-06-01,41.6,0.0,25.8,7.343955,151.32,0.28,0.0,151.6,41.6,544.1886666666667,0.0,0.0,0,473.18,0.0,apostolic-saw-h122,Tiger-Mill,clipped
2016-07-01,32.3,0.0,15.33,7.5887535,168.76,0.3,0.0,169.06,32.3,397.8841935483871,0.0,0.0,0,313.54,0.0,apostolic-saw-h122,Tiger-Mill,clipped
2016-08-01,6.300000000000001,0.0,1.8800000000000001,3.916776,88.69,0.15,0.0,88.84,6.300000000000001,249.18,0.0,0.0,0,225.22,0.0,apostolic-saw-h122,Tiger-Mill,clipped
2016-09-01,45.6,0.0,0.0,0.0,21.28,0.21,0.0,21.490000000000002,45.6,242.57233333333335,0.0,0.0,0,249.38,0.0,apostolic-saw-h122,Tiger-Mill,clipped
2016-10-01,259.7,0.0,0.23,1.3259919,37.61,0.02,0.0,37.63,259.7,366.7551612903226,0.0,0.0,0,469.83,0.0,apostolic-saw-h122,Tiger-Mill,clipped
2016-11-01,89.1,0.0,6.55,7.343955,35.57,0.0,0.0,35.57,60.3,468.8073333333333,3.5090000000000003,28.8,7,480.36,28.8,apostolic-saw-h122,Tiger-Mill,clipped
2016-12-01,156.9,0.0,10.35,7.5887535,19.44,0.0,0.0,19.44,32.9,489.9225806451613,86.48709677419355,152.8,31,475.9,152.8,apostolic-saw-h122,Tiger-Mill,clipped
2017-01-01,105.1,0.0,9.11,7.5887535,18.44,0.0,0.0,18.44,4.75,460.3438709677419,214.31258064516132,253.15,31,445.37,253.15,apostolic-saw-h122,Tiger-Mill,clipped
2017-02-01,269.2,6.452266,12.83,6.854358,35.19,0.0,0.0,35.19,244.04000000000002,531.4717857142857,256.7532142857143,315.07,28,627.98,278.31,apostolic-saw-h122,Tiger-Mill,clipped
2017-03-01,313.3,186.98843779999999,116.5,7.5887535,53.36,0.0,0.0,53.36,591.61,762.8496774193549,192.92806451612904,388.41,30,855.0,0.0,apostolic-saw-h122,Tiger-Mill,clipped
2017-04-01,129.1,0.0,87.37,7.343955,78.63,0.11,0.0,78.74,129.1,811.8306666666666,0.0,0.0,0,810.43,0.0,apostolic-saw-h122,Tiger-Mill,clipped
2017-05-01,85.9,0.0,54.73,7.5887535,122.19,0.24,0.0,122.42999999999999,85.9,771.0677419354838,0.0,0.0,0,711.59,0.0,apostolic-saw-h122,Tiger-Mill,clipped
2017-06-01,61.1,0.0,34.88,7.343955,145.88,0.27,0.0,146.15,61.1,658.35,0.0,0.0,0,584.32,0.0,apostolic-saw-h122,Tiger-Mill,clipped
2017-07-01,0.0,0.0,23.31,7.5887535,186.34,0.12,0.0,186.46,0.0,469.6306451612903,0.0,0.0,0,366.92,0.0,apostolic-saw-h122,Tiger-Mill,clipped
2017-08-01,5.5,0.0,4.71,5.6303655,135.12,0.12,0.0,135.24,5.5,277.93129032258065,0.0,0.0,0,226.83,0.0,apostolic-saw-h122,Tiger-Mill,clipped
2017-09-01,92.0,0.0,0.0,0.0,20.45,0.05,0.0,20.5,92.0,257.5,0.0,0.0,0,298.25,0.0,apostolic-saw-h122,Tiger-Mill,clipped
2017-10-01,160.4,0.0,0.0,0.35618910000000004,53.46,0.07,0.0,53.53,160.4,362.54387096774195,0.0,0.0,0,404.49,0.0,apostolic-saw-h122,Tiger-Mill,clipped
2017-11-01,152.8,0.0,2.67,7.343955,33.76,0.0,0.0,33.76,141.7,453.784,8.685666666666666,36.94,12,502.22,11.1,apostolic-saw-h122,Tiger-Mill,clipped
2017-12-01,146.5,0.0,11.290000000000001,7.5887535,18.18,0.0,0.0,18.18,54.69,494.9193548387097,48.43645161290323,111.16,31,519.78,102.92,apostolic-saw-h122,Tiger-Mill,clipped
2018-01-01,192.7,0.0,24.22,7.5887535,28.01,0.0,0.0,28.01,284.02,638.6506451612903,49.89322580645162,105.72,29,743.55,11.61,apostolic-saw-h122,Tiger-Mill,clipped
2018-02-01,172.29999999999998,0.0,44.2,6.854358,33.08,0.01,0.0,33.09,75.64,766.9975000000001,36.62285714285714,108.27,17,735.07,108.27,apostolic-saw-h122,Tiger-Mill,clipped
2018-03-01,126.5,0.0,93.6,7.5887535,52.550000000000004,0.02,0.0,52.57,234.79000000000002,795.1629032258064,61.722580645161294,141.93,26,816.01,0.0,apostolic-saw-h122,Tiger-Mill,clipped
2018-04-01,153.4,0.0,115.74,7.343955,81.4,0.13,0.0,81.53,153.4,821.4936666666667,0.5303333333333333,9.2,2,764.6,0.0,apostolic-saw-h122,Tiger-Mill,clipped
2018-05-01,82.9,0.0,41.68,7.5887535,125.39,0.28,0.0,125.66999999999999,82.9,724.823870967742,0.0,0.0,0,672.38,0.0,apostolic-saw-h122,Tiger-Mill,clipped
2018-06-01,61.4,0.0,30.16,7.343955,143.83,0.28,0.0,144.10999999999999,61.4,613.0676666666666,0.0,0.0,0,551.94,0.0,apostolic-saw-h122,Tiger-Mill,clipped
2018-07-01,0.0,0.0,20.08,7.5887535,189.86,0.14,0.0,190.0,0.0,437.9803225806451,0.0,0.0,0,334.26,0.0,apostolic-saw-h122,Tiger-Mill,clipped
2018-08-01,28.099999999999998,0.0,2.36,3.916776,108.93,0.04,0.0,108.97,28.099999999999998,257.10129032258067,0.0,0.0,0,247.11,0.0,apostolic-saw-h122,Tiger-Mill,clipped
2018-09-01,0.0,0.0,0.0,0.0,19.86,0.16,0.0,20.02,0.0,234.532,0.0,0.0,0,227.12,0.0,apostolic-saw-h122,Tiger-Mill,clipped
2018-10-01,119.60000000000001,0.0,0.0,0.0,23.68,0.03,0.0,23.71,119.60000000000001,272.3283870967742,0.0,0.0,0,322.49,0.0,apostolic-saw-h122,Tiger-Mill,clipped
2018-11-01,99.5,0.0,0.0,0.0,24.63,0.0,0.0,24.63,92.8,353.48400000000004,0.22466666666666668,6.7,1,390.22,6.7,apostolic-saw-h122,Tiger-Mill,clipped
2018-12-01,154.4,0.0,1.55,3.2776132000000002,21.73,0.0,0.0,21.73,99.26,428.46,19.34161290322581,61.84,27,462.84,61.84,apostolic-saw-h122,Tiger-Mill,clipped
2019-01-01,131.9,0.0,8.65,7.5887535,29.09,0.0,0.0,29.09,116.09,489.56,75.59387096774194,94.07,31,533.56,77.66,apostolic-saw-h122,Tiger-Mill,clipped
2019-02-01,209.4,0.0,17.669999999999998,6.854358,21.27,0.0,0.0,21.27,89.56,580.4892857142858,120.75535714285715,197.5,28,577.17,197.5,apostolic-saw-h122,Tiger-Mill,clipped
2019-03-01,70.0,0.0,21.16,7.5887535,43.3,0.0,0.0,43.3,193.57,586.4370967741935,192.1332258064516,233.85,31,698.6,73.94,apostolic-saw-h122,Tiger-Mill,clipped
2019-04-01,234.9,41.490703,107.31,7.343955,74.97,0.15,0.0,75.12,308.84000000000003,813.8383333333334,2.0396666666666667,45.34,2,776.2,0.0,apostolic-saw-h122,Tiger-Mill,clipped
2019-05-01,81.9,0.0,41.519999999999996,7.5887535,123.82000000000001,0.28,0.0,124.1,81.9,717.8432258064516,0.0,0.0,0,684.68,0.0,apostolic-saw-h122,Tiger-Mill,clipped
2019-06-01,36.7,0.0,29.65,7.343955,152.52,0.29,0.0,152.81,36.7,597.857,0.0,0.0,0,531.33,0.0,apostolic-saw-h122,Tiger-Mill,clipped
2019-07-01,4.1,0.0,19.31,7.5887535,177.82,0.23,0.0,178.04999999999998,4.1,431.3996774193548,0.0,0.0,0,330.46,0.0,apostolic-saw-h122,Tiger-Mill,clipped
2019-08-01,24.8,0.0,2.47,4.406373,116.81,0.28,0.0,117.08999999999999,24.8,260.1551612903226,0.0,0.0,0,231.31,0.0,apostolic-saw-h122,Tiger-Mill,clipped
2019-09-01,62.6,0.0,0.0,0.0,21.97,0.22,0.0,22.19,62.6,245.52766666666668,0.0,0.0,0,271.52,0.0,apostolic-saw-h122,Tiger-Mill,clipped
2019-10-01,159.4,17.16534,1.01,0.0,40.39,0.03,0.0,40.42,156.85,323.7345161290323,0.2661290322580645,4.8,2,369.15,2.55,apostolic-saw-h122,Tiger-Mill,clipped
2019-11-01,43.4,0.0,0.0,0.0,27.9,0.0,0.0,27.9,32.95,371.05733333333336,2.3066666666666666,13.0,6,374.16,13.0,apostolic-saw-h122,Tiger-Mill,clipped
2019-12-01,77.1,0.0,0.31,3.23684127,21.03,0.0,0.0,21.03,73.7,406.3016129032258,5.43258064516129,22.3,18,423.24,16.4,apostolic-saw-h122,Tiger-Mill,clipped
2020-01-01,283.9,0.0,2.37,7.5887535,32.6,0.0,0.0,32.6,112.14,427.11967741935484,142.4009677419355,231.93,31,492.74,188.16,apostolic-saw-h122,Tiger-Mill,clipped
2020-02-01,293.8,101.51558399999999,22.66,7.0991565,40.8,0.03,0.0,40.83,336.69,604.8620689655172,180.39379310344827,227.14,29,657.19,145.29,apostolic-saw-h122,Tiger-Mill,clipped
2020-03-01,66.4,0.0,36.93,7.5887535,50.92,0.01,0.0,50.93,211.69,721.3270967741935,46.615483870967736,145.29,22,773.23,0.0,apostolic-saw-h122,Tiger-Mill,clipped
2020-04-01,63.1,0.0,42.52,7.343955,90.56,0.17,0.0,90.72999999999999,63.1,737.434,0.0,0.0,0,695.74,0.0,apostolic-saw-h122,Tiger-Mill,clipped
2020-05-01,150.4,0.0,35.01,7.5887535,118.73,0.25,0.0,118.97999999999999,150.4,690.5635483870968,0.0,0.0,0,684.2,0.0,apostolic-saw-h122,Tiger-Mill,clipped
2020-06-01,70.0,0.0,30.49,7.343955,131.78,0.26,0.0,132.04,70.0,641.787,0.0,0.0,0,584.09,0.0,apostolic-saw-h122,Tiger-Mill,clipped
2020-07-01,5.1,0.0,22.66,7.5887535,192.87,0.24,0.0,193.10999999999999,5.1,477.0245161290323,0.0,0.0,0,365.64,0.0,apostolic-saw-h122,Tiger-Mill,clipped
2020-08-01,1.6,0.0,4.42,5.1407685,132.18,0.07,0.0,132.25,1.6,274.26032258064515,0.0,0.0,0,225.39,0.0,apostolic-saw-h122,Tiger-Mill,clipped
2020-09-01,43.3,0.0,0.0,0.0,13.120000000000001,0.14,0.0,13.26,43.3,234.067,0.0,0.0,0,255.4,0.0,apostolic-saw-h122,Tiger-Mill,clipped
2020-10-01,127.5,0.0,0.0,0.0,35.77,0.07,0.0,35.839999999999996,127.5,300.7983870967742,0.17806451612903226,5.2,1,347.03,0.0,apostolic-saw-h122,Tiger-Mill,clipped
2020-11-01,151.4,0.0,1.23,2.8525878000000002,30.73,0.0,0.0,30.73,129.73,415.1566666666667,8.670666666666667,33.46,17,441.47,21.68,apostolic-saw-h122,Tiger-Mill,clipped
2020-12-01,142.3,0.4536398,7.5600000000000005,7.5887535,24.61,0.0,0.0,24.61,117.09,473.7948387096774,18.905806451612904,46.89,28,518.15,46.89,apostolic-saw-h122,Tiger-Mill,clipped
2021-01-01,150.3,0.0,23.09,7.5887535,31.02,0.0,0.0,31.02,197.19,625.488064516129,16.25516129032258,43.72,24,653.53,0.0,apostolic-saw-h122,Tiger-Mill,clipped
2021-02-01,241.7,0.0,26.39,6.854358,29.76,0.0,0.0,29.76,23.28,642.1660714285715,76.66285714285713,218.42,22,613.73,218.42,apostolic-saw-h122,Tiger-Mill,clipped
2021-03-01,70.2,0.0,28.69,7.5887535,58.0,0.03,0.0,58.03,148.38,643.8635483870968,162.90483870967742,218.42,31,667.76,140.23,apostolic-saw-h122,Tiger-Mill,clipped
2021-04-01,28.6,0.0,39.97,7.343955,102.02,0.22,0.0,102.24,168.82,734.4423333333333,12.568666666666667,108.39,11,686.9,0.0,apostolic-saw-h122,Tiger-Mill,clipped
2021-05-01,36.7,0.0,32.99,7.5887535,125.45,0.28,0.0,125.72999999999999,36.7,616.5677419354838,0.0,0.0,0,557.32,0.0,apostolic-saw-h122,Tiger-Mill,clipped
2021-06-01,22.200000000000003,0.0,22.24,7.343955,172.04,0.29000000000000004,0.0,172.32999999999998,22.200000000000003,473.66299999999995,0.0,0.0,0,377.34,0.0,apostolic-saw-h122,Tiger-Mill,clipped
2021-07-01,4.1,0.0,4.15,4.6511715,145.09,0.18,0.0,145.27,4.1,270.43387096774194,0.0,0.0,0,227.44,0.0,apostolic-saw-h122,Tiger-Mill,clipped
2021-08-01,17.0,0.0,0.0,0.0,14.67,0.3,0.0,14.97,17.0,230.63935483870966,0.0,0.0,0,229.29,0.0,apostolic-saw-h122,Tiger-Mill,clipped
2021-09-01,60.400000000000006,0.0,0.0,0.0,21.19,0.24,0.0,21.43,60.400000000000006,241.96733333333333,0.0,0.0,0,268.29,0.0,apostolic-saw-h122,Tiger-Mill,clipped
2021-10-01,87.80000000000001,0.0,0.0,0.0,35.61,0.09,0.0,35.7,87.80000000000001,273.4283870967742,0.0,0.0,0,320.36,0.0,apostolic-saw-h122,Tiger-Mill,clipped
2021-11-01,134.9,0.0,0.0,1.1377783,34.62,0.01,0.0,34.63,134.9,380.511,1.784,16.6,5,419.3,0.0,apostolic-saw-h122,Tiger-Mill,clipped
2021-12-01,185.5,0.0,4.3500000000000005,7.5887535,27.41,0.0,0.0,27.41,86.11,458.3677419354839,30.07225806451613,99.37,21,466.02,99.37,apostolic-saw-h122,Tiger-Mill,clipped
2022-01-01,129.9,0.0,7.56,7.5887535,29.85,0.0,0.0,29.85,32.31,455.01870967741934,181.44064516129032,204.94,31,453.33,196.97,apostolic-saw-h122,Tiger-Mill,clipped
2022-02-01,80.5,0.0,9.88,6.854358,43.11,0.02,0.0,43.13,178.57,521.0007142857143,128.1107142857143,208.87,28,571.87,98.89,apostolic-saw-h122,Tiger-Mill,clipped
2022-03-01,94.7,0.0,31.05,7.5887535,54.68,0.02,0.0,54.7,193.6,676.7122580645162,12.747741935483871,64.68,11,672.03,0.0,apostolic-saw-h122,Tiger-Mill,clipped
2022-04-01,129.6,0.0,30.32,7.343955,68.46,0.07,0.0,68.53,129.59,661.306,22.779999999999998,73.9,15,694.95,0.0,apostolic-saw-h122,Tiger-Mill,clipped
2022-05-01,261.2,0.0,49.92,7.5887535,89.92,0.2,0.0,90.11999999999999,261.2,769.6212903225806,0.0,0.0,0,808.42,0.0,apostolic-saw-h122,Tiger-Mill,clipped
2022-06-01,152.0,2.576117,94.17999999999999,7.343955,117.17,0.24,0.0,117.41,152.0,808.1506666666667,0.0,0.0,0,738.93,0.0,apostolic-saw-h122,Tiger-Mill,clipped
2022-07-01,11.6,0.0,37.61,7.5887535,182.14,0.29,0.0,182.43,11.6,639.66,0.0,0.0,0,522.99,0.0,apostolic-saw-h122,Tiger-Mill,clipped
2022-08-01,17.4,0.0,18.54,7.5887535,190.73,0.18,0.0,190.91,17.4,417.35548387096776,0.0,0.0,0,323.33,0.0,apostolic-saw-h122,Tiger-Mill,clipped
2022-09-01,24.9,0.0,2.1,4.406373,98.83,0.09,0.0,98.92,24.9,255.08333333333334,0.0,0.0,0,242.77,0.0,apostolic-saw-h122,Tiger-Mill,clipped
2022-10-01,99.5,0.0,0.0,0.0,22.51,0.12,0.0,22.63,99.5,257.07129032258064,0.0,0.0,0,319.64,0.0,apostolic-saw-h122,Tiger-Mill,clipped
2022-11-01,173.4,3.120594,0.79,0.0,23.63,0.0,0.0,23.63,83.69,376.8276666666667,34.617,89.72,30,375.71,89.72,apostolic-saw-h122,Tiger-Mill,clipped
2022-12-01,143.4,0.0,0.0,0.0,19.15,0.0,0.0,19.15,68.31,383.6858064516129,139.64290322580646,181.82,31,424.86,164.8,apostolic-saw-h122,Tiger-Mill,clipped
2016-01-01,179.7,0.0,7.38,7.5887535,30.13,0.0,0.0,30.13,186.46,483.51354838709676,123.45806451612903,171.69,31,587.34,102.47,apostolic-saw-h122,Tiger-Mill,raw
2016-02-01,121.9,3.363084,27.8,7.0991565,56.23,0.02,0.0,56.25,224.38,668.491724137931,39.515517241379314,123.8,15,717.14,0.0,apostolic-saw-h122,Tiger-Mill,raw
2016-03-01,246.1,0.0,71.61,7.5887535,63.13,0.04,0.0,63.17,246.1,782.538064516129,2.1206451612903225,16.3,6,820.81,0.0,apostolic-saw-h122,Tiger-Mill,raw
2016-04-01,40.9,0.0,50.16,7.343955,113.67999999999999,0.25,0.0,113.92999999999999,40.9,745.8386666666667,0.0,0.0,0,690.12,0.0,apostolic-saw-h122,Tiger-Mill,raw
2016-05-01,73.30000000000001,0.0,32.77,7.5887535,142.6,0.3,0.0,142.9,73.30000000000001,633.8761290322581,0.0,0.0,0,580.2,0.0,apostolic-saw-h122,Tiger-Mill,raw
2016-06-01,41.6,0.0,23.49,7.343955,164.5,0.28,0.0,164.78,41.6,500.763,0.0,0.0,0,426.17,0.0,apostolic-saw-h122,Tiger-Mill,raw
2016-07-01,32.3,0.0,10.76,7.5887535,180.26,0.3,0.0,180.56,32.3,349.68032258064517,0.0,0.0,0,259.58,0.0,apostolic-saw-h122,Tiger-Mill,raw
2016-08-01,6.300000000000001,0.0,0.07,1.2212506,38.79,0.23,0.0,39.019999999999996,6.300000000000001,230.3293548387097,0.0,0.0,0,225.59,0.0,apostolic-saw-h122,Tiger-Mill,raw
2016-09-01,45.6,0.0,0.0,0.0,22.52,0.23,0.0,22.75,45.6,242.46433333333334,0.0,0.0,0,248.47,0.0,apostolic-saw-h122,Tiger-Mill,raw
2016-10-01,259.7,0.0,0.17,1.25515102,41.41,0.06,0.0,41.47,259.7,364.29548387096776,0.0,0.0,0,465.23,0.0,apostolic-saw-h122,Tiger-Mill,raw
2016-11-01,89.1,0.0,5.42,7.343955,53.11,0.05,0.0,53.16,55.89,453.2103333333333,4.697333333333334,33.21,8,454.78,33.21,apostolic-saw-h122,Tiger-Mill,raw
2016-12-01,156.9,0.0,7.29,7.5887535,24.35,0.0,0.0,24.35,32.9,463.4058064516129,90.89709677419354,157.21,31,448.43,157.21,apostolic-saw-h122,Tiger-Mill,raw
2017-01-01,105.1,0.0,7.02,7.5887535,21.25,0.0,0.0,21.25,4.75,432.81387096774193,218.7225806451613,257.56,31,417.19,257.56,apostolic-saw-h122,Tiger-Mill,raw
2017-02-01,269.2,0.0,7.5,6.854358,44.96,0.04,0.0,45.0,202.62,479.375,285.115,330.52,28,560.4,324.15,apostolic-saw-h122,Tiger-Mill,raw
2017-03-01,313.3,75.1871082,65.7,7.5887535,68.69,0.05,0.0,68.74,518.48,694.9432258064516,282.5154838709677,448.1,31,861.6,118.95,apostolic-saw-h122,Tiger-Mill,raw
2017-04-01,129.1,54.313261999999995,137.23,7.343955,93.6,0.2,0.0,93.8,248.05,834.7596666666667,14.394333333333332,100.87,6,816.78,0.0,apostolic-saw-h122,Tiger-Mill,raw
2017-05-01,85.9,0.0,55.77,7.5887535,135.15,0.28,0.0,135.43,85.9,769.1287096774194,0.0,0.0,0,703.93,0.0,apostolic-saw-h122,Tiger-Mill,raw
2017-06-01,61.1,0.0,34.3,7.343955,157.96,0.3,0.0,158.26,61.1,646.3043333333334,0.0,0.0,0,565.12,0.0,apostolic-saw-h122,Tiger-Mill,raw
2017-07-01,0.0,0.0,20.36,7.5887535,223.65,0.15,0.0,223.8,0.0,435.2645161290323,0.0,0.0,0,313.43,0.0,apostolic-saw-h122,Tiger-Mill,raw
2017-08-01,5.5,0.0,1.19,2.6927835,88.46,0.25,0.0,88.71,5.5,240.27774193548387,0.0,0.0,0,226.43,0.0,apostolic-saw-h122,Tiger-Mill,raw
2017-09-01,92.0,0.0,0.0,0.0,21.43,0.16,0.0,21.59,92.0,257.29466666666667,0.0,0.0,0,296.83,0.0,apostolic-saw-h122,Tiger-Mill,raw
2017-10-01,160.4,0.0,0.0,0.1266922,58.76,0.1,0.0,58.86,160.4,358.27225806451617,0.0,0.0,0,397.91,0.0,apostolic-saw-h122,Tiger-Mill,raw
2017-11-01,152.8,0.0,1.77,7.343955,42.74,0.02,0.0,42.76,141.69,442.95933333333335,9.143,37.91,13,487.55,11.1,apostolic-saw-h122,Tiger-Mill,raw
2017-12-01,146.5,0.0,8.97,7.5887535,22.32,0.0,0.0,22.32,46.86,473.1909677419355,53.998064516129034,116.7,31,495.49,110.74,apostolic-saw-h122,Tiger-Mill,raw
2018-01-01,192.7,0.0,19.19,7.5887535,34.53,0.01,0.0,34.54,254.61,601.4974193548386,69.95032258064516,114.35,31,688.42,48.85,apostolic-saw-h122,Tiger-Mill,raw
2018-02-01,172.29999999999998,14.47289,38.38,6.854358,36.28,0.01,0.0,36.29,112.88,733.475,40.42107142857143,108.27,18,705.25,108.27,apostolic-saw-h122,Tiger-Mill,raw
2018-03-01,126.5,0.0,56.81,7.5887535,60.71,0.04,0.0,60.75,234.78,762.3499999999999,73.79193548387097,146.28,29,814.83,0.0,apostolic-saw-h122,Tiger-Mill,raw
2018-04-01,153.4,0.0,112.39,7.343955,88.05,0.14,0.0,88.19,153.4,819.4599999999999,0.581,9.2,3,760.11,0.0,apostolic-saw-h122,Tiger-Mill,raw
2018-05-01,82.9,0.0,40.339999999999996,7.5887535,138.02,0.31,0.0,138.32999999999998,82.9,713.7958064516129,0.0,0.0,0,656.55,0.0,apostolic-saw-h122,Tiger-Mill,raw
2018-06-01,61.4,0.0,29.01,7.343955,155.01,0.28,0.0,155.29,61.4,593.7433333333333,0.0,0.0,0,526.06,0.0,apostolic-saw-h122,Tiger-Mill,raw
2018-07-01,0.0,0.0,16.08,7.5887535,242.06,0.17,0.0,242.23,0.0,393.17806451612904,0.0,0.0,0,260.19,0.0,apostolic-saw-h122,Tiger-Mill,raw
2018-08-01,28.099999999999998,0.0,0.09,1.2239925,40.07,0.06,0.0,40.13,28.099999999999998,232.74322580645162,0.0,0.0,0,246.82,0.0,apostolic-saw-h122,Tiger-Mill,raw
2018-09-01,0.0,0.0,0.0,0.0,19.55,0.21,0.0,19.76,0.0,234.35566666666668,0.0,0.0,0,227.06,0.0,apostolic-saw-h122,Tiger-Mill,raw
2018-10-01,119.60000000000001,0.0,0.0,0.0,29.84,0.12,0.0,29.96,119.60000000000001,269.511935483871,0.0,0.0,0,316.23,0.0,apostolic-saw-h122,Tiger-Mill,raw
2018-11-01,99.5,0.0,0.0,0.0,29.13,0.0,0.0,29.13,92.8,345.0423333333334,0.24166666666666667,6.7,1,379.68,6.7,apostolic-saw-h122,Tiger-Mill,raw
2018-12-01,154.4,0.0,0.94,2.3046227,26.830000000000002,0.0,0.0,26.830000000000002,99.25999999999999,414.991935483871,20.136774193548387,61.84,28,448.77,61.84,apostolic-saw-h122,Tiger-Mill,raw
2019-01-01,131.9,0.0,6.54,7.5887535,32.62,0.0,0.0,32.62,108.55,470.95709677419353,78.87387096774194,99.42,31,510.52,85.19,apostolic-saw-h122,Tiger-Mill,raw
2019-02-01,209.4,0.0,14.79,6.854358,23.55,0.0,0.0,23.55,84.14,551.8625,133.6757142857143,210.45,28,549.31,210.45,apostolic-saw-h122,Tiger-Mill,raw
2019-03-01,70.0,0.0,17.14,7.5887535,47.92,0.04,0.0,47.96,171.38,551.1974193548386,212.45258064516128,246.8,31,647.97,109.07,apostolic-saw-h122,Tiger-Mill,raw
2019-04-01,234.9,27.997353,102.16,7.343955,80.62,0.16,0.0,80.78,343.97,804.09,5.782333333333333,83.49,4,773.67,0.0,apostolic-saw-h122,Tiger-Mill,raw
2019-05-01,81.9,0.0,40.69,7.5887535,140.55,0.28,0.0,140.82999999999998,81.9,705.5538709677419,0.0,0.0,0,666.22,0.0,apostolic-saw-h122,Tiger-Mill,raw
2019-06-01,36.7,0.0,28.68,7.343955,164.6,0.29,0.0,164.89,36.7,572.978,0.0,0.0,0,501.7,0.0,apostolic-saw-h122,Tiger-Mill,raw
2019-07-01,4.1,0.0,16.2,7.5887535,197.33,0.3,0.0,197.63,4.1,397.84161290322584,0.0,0.0,0,284.43,0.0,apostolic-saw-h122,Tiger-Mill,raw
2019-08-01,24.8,0.0,0.5,1.958388,72.35,0.3,0.0,72.64999999999999,24.8,239.79387096774192,0.0,0.0,0,234.11,0.0,apostolic-saw-h122,Tiger-Mill,raw
2019-09-01,62.6,0.0,0.0,0.0,22.78,0.22,0.0,23.0,62.6,247.86866666666668,0.0,0.0,0,273.51,0.0,apostolic-saw-h122,Tiger-Mill,raw
2019-10-01,159.4,16.93688,1.01,0.0,47.88,0.08,0.0,47.96,156.7,322.95870967741934,0.2709677419354839,4.8,2,363.78,2.7,apostolic-saw-h122,Tiger-Mill,raw
2019-11-01,43.4,0.0,0.0,0.0,38.410000000000004,0.02,0.0,38.43,33.1,358.1603333333333,2.324,13.0,6,358.4,13.0,apostolic-saw-h122,Tiger-Mill,raw
2019-12-01,77.1,0.0,0.0,0.8004286700000001,27.12,0.01,0.0,27.13,73.7,387.9806451612903,6.021612903225806,22.3,19,404.12,16.4,apostolic-saw-h122,Tiger-Mill,raw
2020-01-01,283.9,0.0,0.0,7.5887535,38.93,0.01,0.0,38.94,87.69,404.0435483870968,144.751935483871,239.76,31,445.24,212.6,apostolic-saw-h122,Tiger-Mill,raw
2020-02-01,293.8,99.944583,17.169999999999998,7.0991565,48.95,0.03,0.0,48.98,308.48,552.4934482758621,210.91482758620688,251.75,29,580.24,197.92,apostolic-saw-h122,Tiger-Mill,raw
2020-03-01,66.4,0.0,25.77,7.5887535,59.45,0.04,0.0,59.489999999999995,258.39,638.7409677419355,105.5841935483871,197.92,31,745.74,5.93,apostolic-saw-h122,Tiger-Mill,raw
2020-04-01,63.1,0.0,38.29,7.343955,102.05,0.19,0.0,102.24,69.02,712.3243333333334,0.289,4.68,3,666.92,0.0,apostolic-saw-h122,Tiger-Mill,raw
2020-05-01,150.4,0.0,31.92,7.5887535,127.86,0.29,0.0,128.15,150.4,658.168064516129,0.0,0.0,0,649.29,0.0,apostolic-saw-h122,Tiger-Mill,raw
2020-06-01,70.0,0.0,27.11,7.343955,142.9,0.28,0.0,143.18,70.0,603.5816666666667,0.0,0.0,0,541.43,0.0,apostolic-saw-h122,Tiger-Mill,raw
2020-07-01,5.1,0.0,18.419999999999998,7.5887535,216.41,0.22,0.0,216.63,5.1,429.1338709677419,0.0,0.0,0,303.72,0.0,apostolic-saw-h122,Tiger-Mill,raw
2020-08-01,1.6,0.0,1.22,2.937582,76.05,0.17,0.0,76.22,1.6,240.3009677419355,0.0,0.0,0,224.96,0.0,apostolic-saw-h122,Tiger-Mill,raw
2020-09-01,43.3,0.0,0.0,0.0,13.440000000000001,0.24,0.0,13.68,43.3,233.97,0.0,0.0,0,254.61,0.0,apostolic-saw-h122,Tiger-Mill,raw
2020-10-01,127.5,0.0,0.0,0.0,39.39,0.12,0.0,39.51,127.5,298.4448387096774,0.22258064516129034,5.2,2,342.58,0.0,apostolic-saw-h122,Tiger-Mill,raw
2020-11-01,151.4,0.0,0.9,2.54139633,36.07,0.03,0.0,36.1,129.31,407.5183333333333,8.931333333333333,34.15,18,432.08,22.1,apostolic-saw-h122,Tiger-Mill,raw
2020-12-01,142.3,0.0,5.0600000000000005,7.5887535,30.85,0.01,0.0,30.86,96.93,452.2783870967742,29.07451612903226,67.46,31,485.5,67.46,apostolic-saw-h122,Tiger-Mill,raw
2021-01-01,150.3,0.0,18.12,7.5887535,37.0,0.01,0.0,37.01,191.25,585.368064516129,44.16516129032258,69.1,31,613.97,26.49,apostolic-saw-h122,Tiger-Mill,raw
2021-02-01,241.7,0.0,24.1,6.854358,40.05,0.03,0.0,40.08,49.78,623.6703571428571,77.22035714285714,218.42,25,592.65,218.42,apostolic-saw-h122,Tiger-Mill,raw
2021-03-01,70.2,0.0,23.77,7.5887535,67.45,0.08,0.0,67.53,100.87,589.3609677419355,191.35032258064516,220.42,31,594.58,187.75,apostolic-saw-h122,Tiger-Mill,raw
2021-04-01,28.6,0.0,31.419999999999998,7.343955,106.98,0.22,0.0,107.19999999999999,216.35,687.8003333333334,35.806666666666665,161.16,15,664.82,0.0,apostolic-saw-h122,Tiger-Mill,raw
2021-05-01,36.7,0.0,29.94,7.5887535,130.42,0.29,0.0,130.70999999999998,36.7,593.8338709677419,0.0,0.0,0,533.3,0.0,apostolic-saw-h122,Tiger-Mill,raw
2021-06-01,22.200000000000003,0.0,19.69,7.343955,187.28,0.3,0.0,187.57999999999998,22.200000000000003,447.52166666666665,0.0,0.0,0,340.61,0.0,apostolic-saw-h122,Tiger-Mill,raw
2021-07-01,4.1,0.0,2.09,3.427179,111.78,0.16,0.0,111.94,4.1,249.9606451612903,0.0,0.0,0,227.3,0.0,apostolic-saw-h122,Tiger-Mill,raw
2021-08-01,17.0,0.0,0.0,0.0,14.51,0.3,0.0,14.81,17.0,230.64645161290323,0.0,0.0,0,229.29,0.0,apostolic-saw-h122,Tiger-Mill,raw
2021-09-01,60.400000000000006,0.0,0.0,0.0,21.2,0.26,0.0,21.46,60.400000000000006,241.96233333333333,0.0,0.0,0,268.29,0.0,apostolic-saw-h122,Tiger-Mill,raw
2021-10-01,87.80000000000001,0.0,0.0,0.0,37.54,0.1,0.0,37.64,87.80000000000001,272.54645161290324,0.0,0.0,0,318.44,0.0,apostolic-saw-h122,Tiger-Mill,raw
2021-11-01,134.9,0.0,0.0,0.6995357,39.56,0.02,0.0,39.58,134.9,376.6773333333333,2.1683333333333334,16.6,6,412.86,0.0,apostolic-saw-h122,Tiger-Mill,raw
2021-12-01,185.5,0.0,3.32,7.5887535,34.49,0.01,0.0,34.5,83.22,445.7329032258064,32.30774193548387,102.27,23,450.63,102.27,apostolic-saw-h122,Tiger-Mill,raw
2022-01-01,129.9,0.0,6.57,7.5887535,34.97,0.0,0.0,34.97,17.14,431.753870967742,190.02967741935484,220.97,31,418.58,215.04,apostolic-saw-h122,Tiger-Mill,raw
2022-02-01,80.5,0.0,5.8,6.854358,50.93,0.05,0.0,50.98,141.02,464.4610714285714,164.8192857142857,226.94,28,495.83,154.52,apostolic-saw-h122,Tiger-Mill,raw
2022-03-01,94.7,0.0,21.6,7.5887535,60.49,0.03,0.0,60.519999999999996,249.24,617.6938709677419,53.450967741935486,138.16,21,655.22,0.0,apostolic-saw-h122,Tiger-Mill,raw
2022-04-01,129.6,0.0,28.36,7.343955,72.35,0.09,0.0,72.44,129.6,642.7093333333333,23.089333333333336,73.9,15,676.21,0.0,apostolic-saw-h122,Tiger-Mill,raw
2022-05-01,261.2,0.0,43.4,7.5887535,91.23,0.2,0.0,91.42999999999999,261.2,752.9667741935484,0.0,0.0,0,794.89,0.0,apostolic-saw-h122,Tiger-Mill,raw
2022-06-01,152.0,0.0,84.37,7.343955,119.06,0.24,0.0,119.3,152.0,802.8766666666667,0.0,0.0,0,735.89,0.0,apostolic-saw-h122,Tiger-Mill,raw
2022-07-01,11.6,0.0,37.37,7.5887535,184.23,0.28,0.0,184.51,11.6,636.6106451612903,0.0,0.0,0,518.09,0.0,apostolic-saw-h122,Tiger-Mill,raw
2022-08-01,17.4,0.0,17.82,7.5887535,195.06,0.19,0.0,195.25,17.4,410.40516129032255,0.0,0.0,0,314.81,0.0,apostolic-saw-h122,Tiger-Mill,raw
2022-09-01,24.9,0.0,1.67,3.427179,91.69,0.12,0.0,91.81,24.9,248.68233333333333,0.0,0.0,0,242.75,0.0,apostolic-saw-h122,Tiger-Mill,raw
2022-10-01,99.5,0.0,0.0,0.0,23.78,0.14,0.0,23.92,99.5,256.9693548387097,0.0,0.0,0,318.32,0.0,apostolic-saw-h122,Tiger-Mill,raw
2022-11-01,173.4,3.084674,0.79,0.0,27.669999999999998,0.0,0.0,27.669999999999998,81.81,372.472,36.050666666666665,91.59,30,368.57,91.59,apostolic-saw-h122,Tiger-Mill,raw
2022-12-01,143.4,0.0,0.0,0.0,20.86,0.0,0.0,20.86,67.04,375.10096774193545,141.65129032258062,183.69,31,414.7,167.96,apostolic-saw-h122,Tiger-Mill,raw
2016-01-01,239.8,0.0,36.58,7.5887752,20.05,0.0,0.0,20.05,187.87,490.8141935483871,194.4658064516129,238.48,31,576.44,217.54,apostolic-saw-h2196,Tiger-Mill,clipped
2016-02-01,144.70000000000002,77.432895,99.64,7.0991767999999995,33.27,0.0,0.0,33.27,318.14,620.2682758620689,172.2955172413793,248.32,29,677.08,44.1,apostolic-saw-h2196,Tiger-Mill,clipped
2016-03-01,284.90000000000003,66.8464192,150.32,7.5887752,42.54,0.0,0.0,42.54,206.56,655.6619354838709,48.704193548387096,133.23,21,616.26,122.44,apostolic-saw-h2196,Tiger-Mill,clipped
2016-04-01,47.0,37.379373,96.97,7.343976,80.65,0.16,0.0,80.81,169.44,613.5713333333333,4.932333333333333,87.73,3,563.24,0.0,apostolic-saw-h2196,Tiger-Mill,clipped
2016-05-01,76.8,0.0,41.8,7.5887752,105.37,0.22,0.0,105.58999999999999,76.8,524.7241935483871,0.0,0.0,0,485.03,0.0,apostolic-saw-h2196,Tiger-Mill,clipped
2016-06-01,45.3,0.0,32.71,7.343976,130.96,0.26,0.0,131.22,45.3,421.8163333333333,0.0,0.0,0,359.07,0.0,apostolic-saw-h2196,Tiger-Mill,clipped
2016-07-01,35.9,0.0,22.63,7.5887752,148.26,0.28,0.0,148.54,35.9,293.27225806451617,0.0,0.0,0,216.25,0.0,apostolic-saw-h2196,Tiger-Mill,clipped
2016-08-01,6.8,0.0,3.2600000000000002,3.9167872,82.39,0.03,0.0,82.42,6.8,156.60451612903225,0.0,0.0,0,133.35,0.0,apostolic-saw-h2196,Tiger-Mill,clipped
2016-09-01,46.6,0.0,0.0,0.0,21.87,0.17,0.0,22.04,46.6,150.72899999999998,0.0,0.0,0,157.92,0.0,apostolic-saw-h2196,Tiger-Mill,clipped
2016-10-01,286.70000000000005,0.0,3.52,2.5738855,30.240000000000002,0.0,0.0,30.240000000000002,286.70000000000005,291.43161290322575,0.0,0.0,0,408.23,0.0,apostolic-saw-h2196,Tiger-Mill,clipped
2016-11-01,129.9,0.0,22.33,7.343976,28.13,0.0,0.0,28.13,79.36,413.70366666666666,7.191333333333334,50.55,8,429.68,50.55,apostolic-saw-h2196,Tiger-Mill,clipped
2016-12-01,237.20000000000002,0.0,27.240000000000002,7.5887752,14.56,0.0,0.0,14.56,24.67,425.1741935483871,159.39000000000001,263.08,31,404.91,263.08,apostolic-saw-h2196,Tiger-Mill,clipped
2017-01-01,140.8,0.0,22.78,7.5887752,14.77,0.0,0.0,14.77,0.0,381.8838709677419,348.04129032258066,403.88,31,359.74,403.88,apostolic-saw-h2196,Tiger-Mill,clipped
2017-02-01,318.9,0.0,17.07,6.854377599999999,27.3,0.0,0.0,27.3,103.84,383.50428571428574,495.8360714285714,618.94,28,412.32,618.94,apostolic-saw-h2196,Tiger-Mill,clipped
2017-03-01,362.8,27.38981,63.77,7.5887752,39.88,0.0,0.0,39.88,403.01,531.7083870967741,660.9232258064516,756.98,31,676.63,578.76,apostolic-saw-h2196,Tiger-Mill,clipped
2017-04-01,148.5,262.042131,167.38,7.343976,62.09,0.06,0.0,62.15,499.63,672.7786666666667,413.20300000000003,563.13,30,677.26,227.66,apostolic-saw-h2196,Tiger-Mill,clipped
2017-05-01,89.8,177.905171,136.92,7.5887752,103.74,0.21,0.0,103.95,317.46,642.6296774193548,24.962903225806453,218.08,8,568.36,0.0,apostolic-saw-h2196,Tiger-Mill,clipped
2017-06-01,66.0,0.0,42.29,7.343976,124.46,0.27,0.0,124.72999999999999,66.0,525.0616666666667,0.0,0.0,0,460.04,0.0,apostolic-saw-h2196,Tiger-Mill,clipped
2017-07-01,0.0,0.0,30.64,7.5887752,167.18,0.07,0.0,167.25,0.0,351.7406451612903,0.0,0.0,0,254.5,0.0,apostolic-saw-h2196,Tiger-Mill,clipped
2017-08-01,6.0,0.0,6.45,5.1407831999999996,113.85,0.03,0.0,113.88,6.0,175.12677419354839,0.0,0.0,0,134.86,0.0,apostolic-saw-h2196,Tiger-Mill,clipped
2017-09-01,93.89999999999999,0.0,0.0,0.0,19.84,0.04,0.0,19.88,93.89999999999999,166.63133333333332,0.0,0.0,0,208.83,0.0,apostolic-saw-h2196,Tiger-Mill,clipped
2017-10-01,177.2,0.0,1.5699999999999998,1.912712,46.63,0.02,0.0,46.65,177.2,285.1774193548387,0.0,0.0,0,335.85,0.0,apostolic-saw-h2196,Tiger-Mill,clipped
2017-11-01,223.3,0.0,16.82,7.343976,25.68,0.0,0.0,25.68,207.51000000000002,401.3813333333334,26.997999999999998,75.4,22,493.48,15.8,apostolic-saw-h2196,Tiger-Mill,clipped
2017-12-01,221.9,0.0,34.24,7.5887752,13.709999999999999,0.0,0.0,13.709999999999999,44.97,471.0009677419355,83.3441935483871,195.59,31,482.88,192.73,apostolic-saw-h2196,Tiger-Mill,clipped
2018-01-01,257.9,0.0,58.870000000000005,7.5887752,22.02,0.0,0.0,22.02,198.01000000000002,553.7590322580645,207.77193548387098,252.63,31,592.38,252.63,apostolic-saw-h2196,Tiger-Mill,clipped
2018-02-01,204.2,25.612639,103.12,6.854377599999999,24.88,0.0,0.0,24.88,153.46,628.3824999999999,233.73214285714286,303.37,28,585.08,303.37,apostolic-saw-h2196,Tiger-Mill,clipped
2018-03-01,145.9,0.0,48.23,7.5887752,40.75,0.0,0.0,40.75,29.59,552.1577419354838,378.838064516129,419.69,31,518.06,419.69,apostolic-saw-h2196,Tiger-Mill,clipped
2018-04-01,176.2,177.953309,124.38,7.343976,64.65,0.06,0.0,64.71,533.87,637.4516666666666,296.16366666666664,432.98,30,677.5,62.01,apostolic-saw-h2196,Tiger-Mill,clipped
2018-05-01,86.8,35.945773,115.74000000000001,7.5887752,105.99,0.22,0.0,106.21,148.81,627.3051612903225,1.8735483870967742,41.65,2,560.82,0.0,apostolic-saw-h2196,Tiger-Mill,clipped
2018-06-01,66.4,0.0,39.63,7.343976,122.89,0.27,0.0,123.16,66.4,509.726,0.0,0.0,0,457.11,0.0,apostolic-saw-h2196,Tiger-Mill,clipped
2018-07-01,0.0,0.0,29.47,7.5887752,169.25,0.07,0.0,169.32,0.0,349.71774193548384,0.0,0.0,0,250.66,0.0,apostolic-saw-h2196,Tiger-Mill,clipped
2018-08-01,30.599999999999998,0.0,5.47,4.6511848,114.49,0.04,0.0,114.53,30.599999999999998,172.93774193548387,0.0,0.0,0,156.6,0.0,apostolic-saw-h2196,Tiger-Mill,clipped
2018-09-01,0.0,0.0,0.0,0.0,21.48,0.1,0.0,21.580000000000002,0.0,142.15166666666667,0.0,0.0,0,134.96,0.0,apostolic-saw-h2196,Tiger-Mill,clipped
2018-10-01,132.2,0.0,0.0,0.0,22.65,0.0,0.0,22.65,132.2,186.57,0.0,0.0,0,244.41,0.0,apostolic-saw-h2196,Tiger-Mill,clipped
2018-11-01,145.5,0.0,0.0,2.6468796,21.8,0.0,0.0,21.8,85.54,284.031,13.403333333333334,63.7,16,305.46,59.96,apostolic-saw-h2196,Tiger-Mill,clipped
2018-12-01,233.79999999999998,0.0,7.26,7.5887752,16.29,0.0,0.0,16.29,119.52,343.64064516129037,102.51096774193549,174.25,31,393.78,174.25,apostolic-saw-h2196,Tiger-Mill,clipped
2019-01-01,176.5,0.0,21.33,7.5887752,23.86,0.0,0.0,23.86,69.13,399.10419354838706,226.73548387096776,281.62,31,410.07,281.62,apostolic-saw-h2196,Tiger-Mill,clipped
2019-02-01,248.1,0.0,22.46,6.854377599999999,16.02,0.0,0.0,16.02,24.76,408.61785714285713,393.6671428571429,504.96,28,389.49,504.96,apostolic-saw-h2196,Tiger-Mill,clipped
2019-03-01,81.1,0.0,19.69,7.5887752,34.49,0.0,0.0,34.49,3.66,360.69935483870967,547.9129032258064,586.06,31,331.29,582.4,apostolic-saw-h2196,Tiger-Mill,clipped
2019-04-01,270.2,267.419198,119.99,7.343976,58.46,0.07,0.0,58.53,797.01,607.8823333333333,310.2583333333333,558.78,30,674.98,55.59,apostolic-saw-h2196,Tiger-Mill,clipped
2019-05-01,85.7,27.911403999999997,101.46,7.5887752,103.89,0.25,0.0,104.14,141.29,616.5058064516129,1.8932258064516128,38.12,2,574.67,0.0,apostolic-saw-h2196,Tiger-Mill,clipped
2019-06-01,39.7,0.0,40.1,7.343976,131.35,0.28,0.0,131.63,39.7,494.47833333333335,0.0,0.0,0,435.31,0.0,apostolic-saw-h2196,Tiger-Mill,clipped
2019-07-01,4.6000000000000005,0.0,29.16,7.5887752,157.87,0.16,0.0,158.03,4.6000000000000005,341.09483870967745,0.0,0.0,0,245.1,0.0,apostolic-saw-h2196,Tiger-Mill,clipped
2019-08-01,27.5,0.0,5.77,5.1407831999999996,123.76,0.23,0.0,123.99,27.5,175.2890322580645,0.0,0.0,0,137.68,0.0,apostolic-saw-h2196,Tiger-Mill,clipped
2019-09-01,63.800000000000004,0.0,0.0,0.0,22.46,0.11,0.0,22.57,63.800000000000004,152.15933333333334,0.0,0.0,0,178.88,0.0,apostolic-saw-h2196,Tiger-Mill,clipped
2019-10-01,175.89999999999998,4.17218,1.03,1.3157957,35.4,0.02,0.0,35.42,172.89999999999998,241.7574193548387,5.515806451612904,36.5,7,309.76,3.0,apostolic-saw-h2196,Tiger-Mill,clipped
2019-11-01,63.7,0.0,5.2,7.343976,23.21,0.0,0.0,23.21,47.6,315.303,3.3833333333333333,19.1,6,321.16,19.1,apostolic-saw-h2196,Tiger-Mill,clipped
2019-12-01,117.2,0.0,12.24,7.5887752,16.34,0.0,0.0,16.34,97.55,360.7229032258064,18.049677419354836,38.75,31,382.5,38.75,apostolic-saw-h2196,Tiger-Mill,clipped
2020-01-01,379.1,0.0,18.31,7.5887752,25.51,0.0,0.0,25.51,31.88,375.27290322580643,222.3458064516129,385.97,31,362.94,385.97,apostolic-saw-h2196,Tiger-Mill,clipped
2020-02-01,348.2,0.0,29.08,7.0991767999999995,32.46,0.0,0.0,32.46,180.60999999999999,465.8996551724138,513.1010344827587,553.56,29,474.66,553.56,apostolic-saw-h2196,Tiger-Mill,clipped
2020-03-01,76.8,0.0,35.24,7.5887752,39.8,0.0,0.0,39.8,166.26,487.16838709677415,513.8941935483871,553.56,31,558.24,464.09,apostolic-saw-h2196,Tiger-Mill,clipped
2020-04-01,72.5,220.80053999999998,129.14,7.343976,73.7,0.11,0.0,73.81,536.58,646.0523333333333,267.0006666666667,464.09,27,663.72,0.0,apostolic-saw-h2196,Tiger-Mill,clipped
2020-05-01,157.3,0.0,112.59,7.5887752,98.5,0.18,0.0,98.67999999999999,157.3,629.8129032258065,0.0,0.0,0,601.35,0.0,apostolic-saw-h2196,Tiger-Mill,clipped
2020-06-01,75.6,0.0,50.54,7.343976,110.99,0.24,0.0,111.22999999999999,75.6,561.1270000000001,0.0,0.0,0,507.92,0.0,apostolic-saw-h2196,Tiger-Mill,clipped
2020-07-01,5.699999999999999,0.0,35.52,7.5887752,172.07,0.15,0.0,172.22,5.699999999999999,405.5351612903226,0.0,0.0,0,298.24,0.0,apostolic-saw-h2196,Tiger-Mill,clipped
2020-08-01,1.8,0.0,11.47,6.6095784,146.76,0.01,0.0,146.77,1.8,204.06193548387097,0.0,0.0,0,135.11,0.0,apostolic-saw-h2196,Tiger-Mill,clipped
2020-09-01,44.1,0.0,0.0,0.0,14.52,0.07,0.0,14.59,44.1,142.558,0.0,0.0,0,164.56,0.0,apostolic-saw-h2196,Tiger-Mill,clipped
2020-10-01,140.7,0.0,0.0,0.0,32.14,0.05,0.0,32.19,140.7,217.50516129032258,0.4683870967741936,8.72,2,273.03,0.0,apostolic-saw-h2196,Tiger-Mill,clipped
2020-11-01,221.2,0.0,7.07,4.97163339,25.15,0.0,0.0,25.15,122.29,340.51733333333334,52.702666666666666,98.91,23,358.07,98.91,apostolic-saw-h2196,Tiger-Mill,clipped
2020-12-01,215.4,0.0,13.27,7.5887752,19.12,0.0,0.0,19.12,60.75,344.8116129032258,166.62,253.56,31,378.78,253.56,apostolic-saw-h2196,Tiger-Mill,clipped
2021-01-01,201.3,0.0,14.51,7.5887752,25.47,0.0,0.0,25.47,3.49,355.57548387096773,395.2506451612903,451.36,31,334.5,451.36,apostolic-saw-h2196,Tiger-Mill,clipped
2021-02-01,286.59999999999997,0.0,15.56,6.854377599999999,21.81,0.0,0.0,21.81,69.81,377.13678571428574,502.20214285714286,668.16,28,359.93,668.16,apostolic-saw-h2196,Tiger-Mill,clipped
2021-03-01,81.39999999999999,0.0,14.89,7.5887752,46.74,0.01,0.0,46.75,3.25,326.78064516129035,690.6874193548387,746.31,31,293.86,746.31,apostolic-saw-h2196,Tiger-Mill,clipped
2021-04-01,32.7,0.0,12.1,7.343976,85.13,0.12,0.0,85.25,343.35,324.61466666666666,679.6973333333334,760.7,30,532.52,435.63,apostolic-saw-h2196,Tiger-Mill,clipped
2021-05-01,38.5,163.61542599999999,130.24,7.5887752,105.8,0.21,0.0,106.00999999999999,474.12,644.0761290322581,121.35032258064517,404.51,16,599.11,0.0,apostolic-saw-h2196,Tiger-Mill,clipped
2021-06-01,24.0,0.0,46.28,7.343976,150.71,0.25,0.0,150.96,24.0,512.7766666666666,0.0,0.0,0,418.33,0.0,apostolic-saw-h2196,Tiger-Mill,clipped
2021-07-01,4.5,0.0,24.85,7.5887752,194.1,0.06,0.0,194.16,4.5,295.1835483870968,0.0,0.0,0,196.18,0.0,apostolic-saw-h2196,Tiger-Mill,clipped
2021-08-01,18.5,0.0,1.81,2.6927912,73.78,0.25,0.0,74.03,18.5,149.25225806451613,0.0,0.0,0,136.22,0.0,apostolic-saw-h2196,Tiger-Mill,clipped
2021-09-01,61.6,0.0,0.0,0.0,20.42,0.11,0.0,20.53,61.6,149.925,0.0,0.0,0,177.26,0.0,apostolic-saw-h2196,Tiger-Mill,clipped
2021-10-01,97.2,0.0,0.0,0.0,33.38,0.06,0.0,33.44,97.2,185.541935483871,0.0,0.0,0,240.78,0.0,apostolic-saw-h2196,Tiger-Mill,clipped
2021-11-01,196.8,0.0,6.17,3.75023201,29.36,0.01,0.0,29.37,196.8,334.678,3.985,24.3,9,398.25,0.0,apostolic-saw-h2196,Tiger-Mill,clipped
2021-12-01,281.1,0.0,24.0,7.5887752,21.16,0.0,0.0,21.16,57.06,413.7345161290323,93.94483870967741,224.03,23,402.55,224.03,apostolic-saw-h2196,Tiger-Mill,clipped
2022-01-01,173.2,0.0,21.9,7.5887752,24.42,0.0,0.0,24.42,3.9,375.99645161290323,347.81709677419354,393.33,31,352.51,393.33,apostolic-saw-h2196,Tiger-Mill,clipped
2022-02-01,95.3,0.0,14.59,6.854377599999999,35.63,0.02,0.0,35.65,63.839999999999996,351.1771428571428,398.8696428571429,424.79,28,359.06,424.79,apostolic-saw-h2196,Tiger-Mill,clipped
2022-03-01,109.7,0.0,20.76,7.5887752,43.04,0.01,0.0,43.05,283.67,423.11290322580646,401.2525806451613,454.66,31,571.25,250.82,apostolic-saw-h2196,Tiger-Mill,clipped
2022-04-01,148.8,0.0,77.23,7.343976,53.42,0.02,0.0,53.44,222.49,603.9953333333334,224.35966666666667,263.9,30,655.66,177.13,apostolic-saw-h2196,Tiger-Mill,clipped
2022-05-01,273.7,214.300769,150.89,7.5887752,71.09,0.12,0.0,71.21,450.83,658.038064516129,40.156774193548394,160.31,17,662.28,0.0,apostolic-saw-h2196,Tiger-Mill,clipped
2022-06-01,163.9,35.476395,126.52,7.343976,97.56,0.19,0.0,97.75,163.9,637.9509999999999,0.0,0.0,0,559.11,0.0,apostolic-saw-h2196,Tiger-Mill,clipped
2022-07-01,12.8,0.0,40.93,7.5887752,163.46,0.17,0.0,163.63,12.8,469.12709677419355,0.0,0.0,0,359.75,0.0,apostolic-saw-h2196,Tiger-Mill,clipped
2022-08-01,18.900000000000002,0.0,20.59,7.5887752,172.43,0.13,0.0,172.56,18.900000000000002,263.20129032258063,0.0,0.0,0,177.77,0.0,apostolic-saw-h2196,Tiger-Mill,clipped
2022-09-01,25.3,0.0,0.56,1.6989573,49.03,0.06,0.0,49.089999999999996,25.3,141.71599999999998,0.0,0.0,0,151.67,0.0,apostolic-saw-h2196,Tiger-Mill,clipped
2022-10-01,109.8,0.0,0.0,0.0,22.14,0.1,0.0,22.240000000000002,109.8,168.0625806451613,0.0,0.0,0,239.12,0.0,apostolic-saw-h2196,Tiger-Mill,clipped
2022-11-01,253.1,0.0,0.0,0.0,17.580000000000002,0.0,0.0,17.580000000000002,8.54,235.03833333333333,151.39933333333332,244.55,30,230.07,244.55,apostolic-saw-h2196,Tiger-Mill,clipped
2022-12-01,217.1,0.0,0.0,0.0,12.78,0.0,0.0,12.78,35.04,246.84451612903226,323.2558064516129,426.61,31,252.33,426.61,apostolic-saw-h2196,Tiger-Mill,clipped
2016-01-01,239.8,0.0,33.12,7.5887752,24.83,0.0,0.0,24.83,174.46,476.2274193548387,199.00967741935486,239.85,31,552.67,230.94,apostolic-saw-h2196,Tiger-Mill,raw
2016-02-01,144.70000000000002,11.582654,77.05,7.0991767999999995,47.42,0.01,0.0,47.43,265.68,591.6931034482758,210.81172413793104,268.02,29,675.09,109.95,apostolic-saw-h2196,Tiger-Mill,raw
2016-03-01,284.90000000000003,128.06645699999999,147.22,7.5887752,49.53,0.02,0.0,49.55,257.58,652.5506451612903,61.33096774193548,138.49,26,600.14,137.27,apostolic-saw-h2196,Tiger-Mill,raw
2016-04-01,47.0,19.819803999999998,100.2,7.343976,97.63,0.19,0.0,97.82,184.27,616.362,7.944,103.82,5,559.3,0.0,apostolic-saw-h2196,Tiger-Mill,raw
2016-05-01,76.8,0.0,40.84,7.5887752,121.95,0.26,0.0,122.21,76.8,511.69032258064516,0.0,0.0,0,465.49,0.0,apostolic-saw-h2196,Tiger-Mill,raw
2016-06-01,45.3,0.0,30.7,7.343976,144.51,0.28,0.0,144.79,45.3,394.8176666666667,0.0,0.0,0,327.95,0.0,apostolic-saw-h2196,Tiger-Mill,raw
2016-07-01,35.9,0.0,18.54,7.5887752,160.5,0.27,0.0,160.76999999999998,35.9,260.21419354838713,0.0,0.0,0,176.96,0.0,apostolic-saw-h2196,Tiger-Mill,raw
2016-08-01,6.8,0.0,0.52,1.4687952,47.91,0.13,0.0,48.04,6.8,140.22354838709677,0.0,0.0,0,133.72,0.0,apostolic-saw-h2196,Tiger-Mill,raw
2016-09-01,46.6,0.0,0.0,0.0,24.38,0.2,0.0,24.58,46.6,150.40900000000002,0.0,0.0,0,155.76,0.0,apostolic-saw-h2196,Tiger-Mill,raw
2016-10-01,286.70000000000005,0.0,3.21,2.51524034,34.49,0.03,0.0,34.52,286.70000000000005,287.3458064516129,0.0,0.0,0,402.17,0.0,apostolic-saw-h2196,Tiger-Mill,raw
2016-11-01,129.9,0.0,19.98,7.343976,45.41,0.02,0.0,45.43,65.8,396.2753333333333,9.446666666666665,64.1,8,395.14,64.1,apostolic-saw-h2196,Tiger-Mill,raw
2016-12-01,237.20000000000002,0.0,22.27,7.5887752,19.39,0.0,0.0,19.39,24.67,390.82774193548386,172.94,276.63,31,370.49,276.63,apostolic-saw-h2196,Tiger-Mill,raw
2017-01-01,140.8,0.0,16.8,7.5887752,17.49,0.0,0.0,17.49,0.0,349.37870967741935,361.5912903225806,417.43,31,328.55,417.43,apostolic-saw-h2196,Tiger-Mill,raw
2017-02-01,318.9,0.0,11.23,6.854377599999999,36.82,0.02,0.0,36.839999999999996,61.84,332.8442857142857,526.5803571428571,674.49,28,335.39,674.49,apostolic-saw-h2196,Tiger-Mill,raw
2017-03-01,362.8,0.0,19.53,7.5887752,54.76,0.03,0.0,54.79,320.32,422.59967741935486,755.4712903225807,830.32,31,573.71,716.98,apostolic-saw-h2196,Tiger-Mill,raw
2017-04-01,148.5,130.3370039,123.03,7.343976,76.9,0.11,0.0,77.00999999999999,441.2,642.5713333333333,585.1553333333334,703.99,30,677.13,424.3,apostolic-saw-h2196,Tiger-Mill,raw
2017-05-01,89.8,345.481615,149.85999999999999,7.5887752,116.91,0.24,0.0,117.14999999999999,514.11,651.2816129032258,102.53290322580645,417.09,17,571.18,0.0,apostolic-saw-h2196,Tiger-Mill,raw
2017-06-01,66.0,0.0,42.41,7.343976,136.82999999999998,0.27,0.0,137.1,66.0,522.8876666666666,0.0,0.0,0,450.32,0.0,apostolic-saw-h2196,Tiger-Mill,raw
2017-07-01,0.0,0.0,27.81,7.5887752,206.35999999999999,0.07,0.0,206.43,0.0,325.7209677419355,0.0,0.0,0,208.44,0.0,apostolic-saw-h2196,Tiger-Mill,raw
2017-08-01,6.0,0.0,1.61,2.2031928,75.67,0.15,0.0,75.82,6.0,144.9090322580645,0.0,0.0,0,134.71,0.0,apostolic-saw-h2196,Tiger-Mill,raw
2017-09-01,93.89999999999999,0.0,0.0,0.0,21.9,0.09,0.0,21.99,93.89999999999999,166.35,0.0,0.0,0,206.57,0.0,apostolic-saw-h2196,Tiger-Mill,raw
2017-10-01,177.2,0.0,1.15,1.6317506,54.83,0.06,0.0,54.89,177.2,278.40999999999997,0.0,0.0,0,326.02,0.0,apostolic-saw-h2196,Tiger-Mill,raw
2017-11-01,223.3,0.0,13.89,7.343976,34.49,0.01,0.0,34.5,207.5,385.486,30.266666666666666,75.4,22,477.74,15.8,apostolic-saw-h2196,Tiger-Mill,raw
2017-12-01,221.9,0.0,32.08,7.5887752,17.72,0.0,0.0,17.72,37.6,453.08419354838713,84.03774193548388,202.35,31,457.89,200.1,apostolic-saw-h2196,Tiger-Mill,raw
2018-01-01,257.9,0.0,41.34,7.5887752,28.38,0.01,0.0,28.39,182.75,521.5948387096774,224.7641935483871,275.25,31,563.23,275.25,apostolic-saw-h2196,Tiger-Mill,raw
2018-02-01,204.2,0.0,82.57,6.854377599999999,28.0,0.0,0.0,28.0,130.6,610.2299999999999,276.8364285714286,348.85,28,576.11,348.85,apostolic-saw-h2196,Tiger-Mill,raw
2018-03-01,145.9,0.0,44.81,7.5887752,48.73,0.02,0.0,48.75,9.29,529.2551612903226,435.8735483870968,485.47,31,484.21,485.47,apostolic-saw-h2196,Tiger-Mill,raw
2018-04-01,176.2,108.968715,106.31,7.343976,71.18,0.07,0.0,71.25,487.09,616.5020000000001,390.8036666666667,511.33,30,677.32,174.57,apostolic-saw-h2196,Tiger-Mill,raw
2018-05-01,86.8,132.70632899999998,121.08,7.5887752,118.97,0.26,0.0,119.22999999999999,261.37,630.2154838709678,13.438709677419356,155.33,4,558.16,0.0,apostolic-saw-h2196,Tiger-Mill,raw
2018-06-01,66.4,0.0,39.29,7.343976,134.28,0.28,0.0,134.56,66.4,502.9793333333334,0.0,0.0,0,443.43,0.0,apostolic-saw-h2196,Tiger-Mill,raw
2018-07-01,0.0,0.0,25.830000000000002,7.5887752,225.51,0.1,0.0,225.61,0.0,315.4596774193548,0.0,0.0,0,184.36,0.0,apostolic-saw-h2196,Tiger-Mill,raw
2018-08-01,30.599999999999998,0.0,0.62,1.4687952,56.77,0.04,0.0,56.81,30.599999999999998,143.02129032258065,0.0,0.0,0,156.08,0.0,apostolic-saw-h2196,Tiger-Mill,raw
2018-09-01,0.0,0.0,0.0,0.0,21.03,0.13,0.0,21.16,0.0,141.92000000000002,0.0,0.0,0,134.88,0.0,apostolic-saw-h2196,Tiger-Mill,raw
2018-10-01,132.2,0.0,0.0,0.0,30.17,0.05,0.0,30.22,132.2,183.10645161290324,0.0,0.0,0,236.8,0.0,apostolic-saw-h2196,Tiger-Mill,raw
2018-11-01,145.5,0.0,0.0,0.0,27.25,0.0,0.0,27.25,80.34,273.7286666666667,13.951333333333334,65.17,16,289.83,65.17,apostolic-saw-h2196,Tiger-Mill,raw
2018-12-01,233.79999999999998,0.0,3.16,6.65279077,21.61,0.0,0.0,21.61,99.06,317.6077419354839,117.66258064516128,199.91,31,357.4,199.91,apostolic-saw-h2196,Tiger-Mill,raw
2019-01-01,176.5,0.0,13.38,7.5887752,27.33,0.0,0.0,27.33,53.010000000000005,357.0674193548387,259.8329032258065,323.4,31,362.04,323.4,apostolic-saw-h2196,Tiger-Mill,raw
2019-02-01,248.1,0.0,13.5,6.854377599999999,18.21,0.0,0.0,18.21,18.450000000000003,357.40500000000003,441.5414285714286,553.06,28,341.88,553.06,apostolic-saw-h2196,Tiger-Mill,raw
2019-03-01,81.1,0.0,11.43,7.5887752,39.09,0.01,0.0,39.1,0.0,315.54806451612905,596.1309677419355,634.16,31,283.64,634.16,apostolic-saw-h2196,Tiger-Mill,raw
2019-04-01,270.2,196.341489,91.78,7.343976,64.06,0.1,0.0,64.16,745.17,561.3393333333333,403.566,635.76,30,669.18,159.19,apostolic-saw-h2196,Tiger-Mill,raw
2019-05-01,85.7,90.14564,115.28,7.5887752,120.98,0.27,0.0,121.25,244.89,628.9912903225807,16.54516129032258,147.8,6,579.33,0.0,apostolic-saw-h2196,Tiger-Mill,raw
2019-06-01,39.7,0.0,40.46,7.343976,143.8,0.28,0.0,144.07999999999998,39.7,491.706,0.0,0.0,0,427.17,0.0,apostolic-saw-h2196,Tiger-Mill,raw
2019-07-01,4.6000000000000005,0.0,27.84,7.5887752,178.23,0.15,0.0,178.38,4.6000000000000005,327.6574193548387,0.0,0.0,0,217.92,0.0,apostolic-saw-h2196,Tiger-Mill,raw
2019-08-01,27.5,0.0,2.31,2.946224924,99.17,0.27,0.0,99.44,27.5,155.13064516129032,0.0,0.0,0,140.7,0.0,apostolic-saw-h2196,Tiger-Mill,raw
2019-09-01,63.800000000000004,0.0,0.0,0.0,24.35,0.15,0.0,24.5,63.800000000000004,153.89433333333332,0.0,0.0,0,180.0,0.0,apostolic-saw-h2196,Tiger-Mill,raw
2019-10-01,175.89999999999998,4.153425,0.9299999999999999,1.26479586,42.82,0.04,0.0,42.86,172.89999999999998,239.32193548387096,6.355483870967742,38.66,8,303.6,3.0,apostolic-saw-h2196,Tiger-Mill,raw
2019-11-01,63.7,0.0,3.8200000000000003,7.343976,34.45,0.02,0.0,34.47,47.6,301.38366666666667,3.512,19.1,8,305.31,19.1,apostolic-saw-h2196,Tiger-Mill,raw
2019-12-01,117.2,0.0,7.91,7.5887752,22.7,0.0,0.0,22.7,71.67999999999999,333.66129032258067,28.281612903225806,64.62,31,338.7,64.62,apostolic-saw-h2196,Tiger-Mill,raw
2020-01-01,379.1,0.0,10.59,7.5887752,31.71,0.0,0.0,31.71,31.88,332.68451612903226,248.21580645161288,411.84,31,320.65,411.84,apostolic-saw-h2196,Tiger-Mill,raw
2020-02-01,348.2,0.0,19.5,7.0991767999999995,40.51,0.02,0.0,40.53,158.65,408.1693103448276,556.9606896551725,601.39,29,412.0,601.39,apostolic-saw-h2196,Tiger-Mill,raw
2020-03-01,76.8,0.0,25.04,7.5887752,48.17,0.01,0.0,48.18,119.92999999999999,393.51741935483875,592.6464516129032,608.57,31,450.9,558.25,apostolic-saw-h2196,Tiger-Mill,raw
2020-04-01,72.5,188.31842,78.33,7.343976,85.21,0.15,0.0,85.36,586.4,577.4636666666667,374.08133333333336,558.25,30,677.91,44.37,apostolic-saw-h2196,Tiger-Mill,raw
2020-05-01,157.3,40.14762,121.73,7.5887752,107.69,0.2,0.0,107.89,201.66000000000003,636.4667741935484,0.7251612903225807,22.48,1,601.41,0.0,apostolic-saw-h2196,Tiger-Mill,raw
2020-06-01,75.6,0.0,49.2,7.343976,122.23,0.26,0.0,122.49,75.6,556.6693333333334,0.0,0.0,0,498.04,0.0,apostolic-saw-h2196,Tiger-Mill,raw
2020-07-01,5.699999999999999,0.0,34.2,7.5887752,196.74,0.15,0.0,196.89,5.699999999999999,388.5577419354839,0.0,0.0,0,265.02,0.0,apostolic-saw-h2196,Tiger-Mill,raw
2020-08-01,1.8,0.0,6.7700000000000005,4.8842026,121.79,0.03,0.0,121.82,1.8,175.48612903225805,0.0,0.0,0,133.3,0.0,apostolic-saw-h2196,Tiger-Mill,raw
2020-09-01,44.1,0.0,0.0,0.0,13.89,0.19,0.0,14.08,44.1,142.33800000000002,0.0,0.0,0,163.32,0.0,apostolic-saw-h2196,Tiger-Mill,raw
2020-10-01,140.7,0.0,0.0,0.0,37.5,0.12,0.0,37.62,140.7,213.51419354838708,0.4903225806451613,9.4,2,266.39,0.0,apostolic-saw-h2196,Tiger-Mill,raw
2020-11-01,221.2,0.0,5.45,4.73278453,31.54,0.03,0.0,31.57,116.07000000000001,327.722,55.398,105.13,23,340.66,105.13,apostolic-saw-h2196,Tiger-Mill,raw
2020-12-01,215.4,0.0,10.81,7.5887752,25.259999999999998,0.01,0.0,25.27,52.3,321.9145161290323,176.08806451612904,268.23,31,349.24,268.23,apostolic-saw-h2196,Tiger-Mill,raw
2021-01-01,201.3,0.0,9.73,7.5887752,31.32,0.0,0.0,31.32,2.71,325.5154838709677,410.22645161290325,466.82,31,303.1,466.82,apostolic-saw-h2196,Tiger-Mill,raw
2021-02-01,286.59999999999997,0.0,6.23,6.854377599999999,31.78,0.01,0.0,31.79,23.25,299.85535714285714,561.57,730.17,28,281.33,730.17,apostolic-saw-h2196,Tiger-Mill,raw
2021-03-01,81.39999999999999,0.0,3.9,7.5887752,56.18,0.04,0.0,56.22,3.25,247.32322580645163,752.7022580645162,808.33,31,216.86,808.33,apostolic-saw-h2196,Tiger-Mill,raw
2021-04-01,32.7,0.0,1.69,6.8455058,90.12,0.1,0.0,90.22,278.77,220.89833333333334,770.565,822.73,30,396.89,562.25,apostolic-saw-h2196,Tiger-Mill,raw
2021-05-01,38.5,151.187691,106.4,7.251852599999999,110.83,0.22,0.0,111.05,600.73,608.4941935483871,201.00354838709677,531.13,23,621.74,0.0,apostolic-saw-h2196,Tiger-Mill,raw
2021-06-01,24.0,0.0,51.57,7.343976,166.56,0.27,0.0,166.82999999999998,24.0,527.5083333333333,0.0,0.0,0,419.76,0.0,apostolic-saw-h2196,Tiger-Mill,raw
2021-07-01,4.5,0.0,22.82,7.5887752,228.88,0.09,0.0,228.97,4.5,280.2945161290323,0.0,0.0,0,164.9,0.0,apostolic-saw-h2196,Tiger-Mill,raw
2021-08-01,18.5,0.0,0.27,1.223996,45.13,0.27,0.0,45.4,18.5,140.8141935483871,0.0,0.0,0,136.52,0.0,apostolic-saw-h2196,Tiger-Mill,raw
2021-09-01,61.6,0.0,0.0,0.0,20.67,0.12,0.0,20.79,61.6,150.02466666666666,0.0,0.0,0,177.29,0.0,apostolic-saw-h2196,Tiger-Mill,raw
2021-10-01,97.2,0.0,0.0,0.0,36.34,0.06,0.0,36.4,97.2,184.0532258064516,0.0,0.0,0,237.84,0.0,apostolic-saw-h2196,Tiger-Mill,raw
2021-11-01,196.8,0.0,5.7,3.69321813,34.42,0.02,0.0,34.44,196.81,329.6463333333333,4.564666666666667,27.7,10,390.79,0.0,apostolic-saw-h2196,Tiger-Mill,raw
2021-12-01,281.1,0.0,22.5,7.5887752,28.11,0.01,0.0,28.12,55.82,402.0158064516129,94.70709677419354,225.28,23,388.4,225.28,apostolic-saw-h2196,Tiger-Mill,raw
2022-01-01,173.2,0.0,19.58,7.5887752,29.47,0.0,0.0,29.47,3.9,360.54322580645163,349.06709677419354,394.58,31,335.61,394.58,apostolic-saw-h2196,Tiger-Mill,raw
2022-02-01,95.3,0.0,12.61,6.854377599999999,43.37,0.03,0.0,43.4,27.369999999999997,311.79285714285714,419.0242857142857,462.52,28,299.9,462.52,apostolic-saw-h2196,Tiger-Mill,raw
2022-03-01,109.7,0.0,11.620000000000001,7.5887752,48.73,0.01,0.0,48.74,256.24,343.7861290322581,458.47064516129035,509.48,31,488.12,315.98,apostolic-saw-h2196,Tiger-Mill,raw
2022-04-01,148.8,0.0,39.47,7.343976,57.17,0.04,0.0,57.21,194.1,530.747,297.13366666666667,332.29,30,578.17,270.68,apostolic-saw-h2196,Tiger-Mill,raw
2022-05-01,273.7,219.3071717,152.86,7.5887752,72.37,0.13,0.0,72.5,544.38,661.9625806451613,110.43774193548387,253.87,24,670.08,0.0,apostolic-saw-h2196,Tiger-Mill,raw
2022-06-01,163.9,41.784942,127.6,7.343976,99.5,0.19,0.0,99.69,163.9,638.3803333333333,0.0,0.0,0,557.56,0.0,apostolic-saw-h2196,Tiger-Mill,raw
2022-07-01,12.8,0.0,40.78,7.5887752,165.67000000000002,0.17,0.0,165.84,12.8,467.52806451612906,0.0,0.0,0,356.14,0.0,apostolic-saw-h2196,Tiger-Mill,raw
2022-08-01,18.900000000000002,0.0,19.830000000000002,7.5887752,176.95,0.14,0.0,177.09,18.900000000000002,257.43129032258065,0.0,0.0,0,170.41,0.0,apostolic-saw-h2196,Tiger-Mill,raw
2022-09-01,25.3,0.0,0.32,1.223996,42.36,0.08,0.0,42.44,25.3,140.24200000000002,0.0,0.0,0,151.69,0.0,apostolic-saw-h2196,Tiger-Mill,raw
2022-10-01,109.8,0.0,0.0,0.0,23.78,0.11,0.0,23.89,109.8,167.80451612903224,0.0,0.0,0,237.49,0.0,apostolic-saw-h2196,Tiger-Mill,raw
2022-11-01,253.1,0.0,0.0,0.0,21.3,0.0,0.0,21.3,8.54,231.84066666666666,151.39933333333332,244.55,30,224.71,244.55,apostolic-saw-h2196,Tiger-Mill,raw
2022-12-01,217.1,0.0,0.0,0.0,14.33,0.0,0.0,14.33,35.04,240.3067741935484,323.2558064516129,426.61,31,245.4,426.61,apostolic-saw-h2196,Tiger-Mill,raw
2016-01-01,166.5,0.0,31.07,7.5887535,12.94,0.0,0.0,12.94,2.79,424.78419354838707,226.37322580645161,314.39,31,400.63,314.39,cryptic-beechnut-h72,Cascade foothills,clipped
2016-02-01,113.2,0.0,27.78,7.0991565,24.31,0.06,0.0,24.37,180.2,442.9182758620689,301.22517241379313,347.79,29,521.54,247.4,cryptic-beechnut-h72,Cascade foothills,clipped
2016-03-01,119.7,0.0,53.13,7.5887535,52.07,0.29000000000000004,0.0,52.36,364.22,628.9725806451613,175.33903225806452,282.1,31,772.7,2.87,cryptic-beechnut-h72,Cascade foothills,clipped
2016-04-01,20.6,0.0,69.16,7.343955,102.78,0.5,0.0,103.28,23.470000000000002,694.7226666666667,0.0,0.0,0,616.29,0.0,cryptic-beechnut-h72,Cascade foothills,clipped
2016-05-01,40.3,0.0,52.6,7.5887535,129.44,0.62,0.0,130.06,40.3,534.6780645161291,0.0,0.0,0,466.35,0.0,cryptic-beechnut-h72,Cascade foothills,clipped
2016-06-01,20.5,0.0,34.5,7.343955,145.6,0.61,0.0,146.21,20.5,378.5676666666667,0.0,0.0,0,298.78,0.0,cryptic-beechnut-h72,Cascade foothills,clipped
2016-07-01,36.4,0.0,17.08,7.5887535,158.43,0.69,0.0,159.12,36.4,228.8309677419355,0.0,0.0,0,151.38,0.0,cryptic-beechnut-h72,Cascade foothills,clipped
2016-08-01,3.3,0.0,1.85,3.6719775,73.83,0.3,0.0,74.13,3.3,94.65645161290323,0.0,0.0,0,75.08,0.0,cryptic-beechnut-h72,Cascade foothills,clipped
2016-09-01,22.8,0.0,0.0,0.0,10.45,0.32,0.0,10.77,22.8,81.41633333333333,0.0,0.0,0,86.82,0.0,cryptic-beechnut-h72,Cascade foothills,clipped
2016-10-01,218.7,0.0,0.25,1.28867364,19.53,0.14,0.0,19.67,218.7,181.95967741935485,0.0,0.0,0,284.26,0.0,cryptic-beechnut-h72,Cascade foothills,clipped
2016-11-01,86.4,0.0,9.6,7.343955,20.1,0.05,0.0,20.15,54.35,296.986,4.308333333333334,32.05,9,301.38,32.05,cryptic-beechnut-h72,Cascade foothills,clipped
2016-12-01,145.4,0.0,11.950000000000001,7.5887535,13.82,0.0,0.0,13.82,19.560000000000002,295.0716129032258,97.03999999999999,157.89,31,287.5,157.89,cryptic-beechnut-h72,Cascade foothills,clipped
2017-01-01,74.4,0.0,10.290000000000001,7.5887535,13.32,0.0,0.0,13.32,13.9,277.12612903225806,190.28677419354838,218.39,31,270.07,218.39,cryptic-beechnut-h72,Cascade foothills,clipped
2017-02-01,148.0,0.0,8.22,6.854358,22.08,0.06,0.0,22.14,22.1,267.43607142857144,298.73999999999995,344.29,28,254.91,344.29,cryptic-beechnut-h72,Cascade foothills,clipped
2017-03-01,193.0,0.0,8.08,7.5887535,39.56,0.21,0.0,39.77,127.49,266.94935483870967,410.3874193548387,460.7,31,327.01,409.79,cryptic-beechnut-h72,Cascade foothills,clipped
2017-04-01,73.89999999999999,0.0,28.07,7.343955,66.32,0.32,0.0,66.64,448.82,497.4803333333333,236.33800000000002,391.31,30,673.77,34.87,cryptic-beechnut-h72,Cascade foothills,clipped
2017-05-01,46.3,0.0,61.16,7.5887535,119.49000000000001,0.5700000000000001,0.0,120.06,81.17999999999999,647.1258064516129,1.0480645161290323,26.44,2,566.17,0.0,cryptic-beechnut-h72,Cascade foothills,clipped
2017-06-01,21.099999999999998,0.0,45.63,7.343955,143.06,0.59,0.0,143.65,21.099999999999998,482.0163333333333,0.0,0.0,0,390.67,0.0,cryptic-beechnut-h72,Cascade foothills,clipped
2017-07-01,0.0,0.0,23.85,7.5887535,192.04,0.15,0.0,192.19,0.0,272.0806451612903,0.0,0.0,0,167.08,0.0,cryptic-beechnut-h72,Cascade foothills,clipped
2017-08-01,1.5,0.0,2.34,3.6719775,87.43,0.21,0.0,87.64,1.5,96.30387096774194,0.0,0.0,0,74.99,0.0,cryptic-beechnut-h72,Cascade foothills,clipped
2017-09-01,13.4,0.0,0.0,0.0,5.32,0.22,0.0,5.54,13.4,77.96433333333333,0.0,0.0,0,82.7,0.0,cryptic-beechnut-h72,Cascade foothills,clipped
2017-10-01,161.4,2.472356,1.75,0.1820043,24.060000000000002,0.26,0.0,24.32,161.4,141.20096774193547,0.4467741935483871,7.4,2,215.39,0.0,cryptic-beechnut-h72,Cascade foothills,clipped
2017-11-01,171.2,0.0,2.11,7.343955,15.45,0.01,0.0,15.46,151.22,255.85933333333332,20.353333333333335,42.9,26,341.63,19.98,cryptic-beechnut-h72,Cascade foothills,clipped
2017-12-01,118.5,0.0,16.6,7.5887535,12.23,0.0,0.0,12.23,5.86,324.3022580645161,55.516129032258064,132.62,31,311.02,132.62,cryptic-beechnut-h72,Cascade foothills,clipped
2018-01-01,182.0,0.0,13.36,7.5887535,13.879999999999999,0.0,0.0,13.879999999999999,7.2,295.89935483870966,207.71354838709678,307.42,31,283.29,307.42,cryptic-beechnut-h72,Cascade foothills,clipped
2018-02-01,123.8,0.0,9.76,6.854358,26.12,0.1,0.0,26.22,30.43,279.6017857142857,345.0646428571428,400.8,28,270.81,400.8,cryptic-beechnut-h72,Cascade foothills,clipped
2018-03-01,50.7,0.0,9.02,7.5887535,51.18,0.27,0.0,51.449999999999996,49.71,244.18645161290323,425.48870967741937,447.4,31,252.48,401.79,cryptic-beechnut-h72,Cascade foothills,clipped
2018-04-01,101.39999999999999,10.746832999999999,26.18,7.343955,69.39,0.35,0.0,69.74,503.2,445.14666666666665,239.27633333333333,401.79,26,641.59,0.0,cryptic-beechnut-h72,Cascade foothills,clipped
2018-05-01,33.8,0.0,51.660000000000004,7.5887535,139.98,0.66,0.0,140.64,33.8,556.5074193548387,0.0,0.0,0,475.4,0.0,cryptic-beechnut-h72,Cascade foothills,clipped
2018-06-01,20.9,0.0,35.95,7.343955,136.64000000000001,0.59,0.0,137.23,20.9,394.686,0.0,0.0,0,315.8,0.0,cryptic-beechnut-h72,Cascade foothills,clipped
2018-07-01,0.0,0.0,16.080000000000002,7.5887535,185.58,0.18,0.0,185.76,0.0,208.36935483870968,0.0,0.0,0,106.43,0.0,cryptic-beechnut-h72,Cascade foothills,clipped
2018-08-01,0.0,0.0,0.12000000000000001,1.2239925,30.56,0.0,0.0,30.56,0.0,77.68129032258064,0.0,0.0,0,74.52,0.0,cryptic-beechnut-h72,Cascade foothills,clipped
2018-09-01,4.0,0.0,0.0,0.0,2.34,0.15,0.0,2.49,4.0,75.73700000000001,0.0,0.0,0,76.04,0.0,cryptic-beechnut-h72,Cascade foothills,clipped
2018-10-01,97.4,0.0,0.0,0.0,14.78,0.22,0.0,15.0,97.4,100.37129032258065,0.0,0.0,0,158.41,0.0,cryptic-beechnut-h72,Cascade foothills,clipped
2018-11-01,132.2,0.0,0.5,4.3303276,20.25,0.02,0.0,20.27,86.58,215.03699999999998,7.808000000000001,45.62,8,219.77,45.62,cryptic-beechnut-h72,Cascade foothills,clipped
2018-12-01,216.5,0.0,3.6,7.5887535,14.16,0.0,0.0,14.16,93.67,255.88032258064516,106.42451612903226,168.45,31,288.03,168.45,cryptic-beechnut-h72,Cascade foothills,clipped
2019-01-01,124.4,0.0,10.57,7.5887535,20.92,0.06,0.0,20.98,100.24000000000001,297.0351612903226,210.48,246.25,31,349.01,192.6,cryptic-beechnut-h72,Cascade foothills,clipped
2019-02-01,112.5,0.0,15.97,6.854358,16.51,0.0,0.0,16.51,6.54,334.45678571428573,250.5325,298.56,28,316.1,298.56,cryptic-beechnut-h72,Cascade foothills,clipped
2019-03-01,20.8,0.0,15.73,7.5887535,54.17,0.27,0.0,54.44,246.39,340.1487096774194,250.9116129032258,310.26,31,484.74,72.98,cryptic-beechnut-h72,Cascade foothills,clipped
2019-04-01,52.3,0.0,40.48,7.343955,71.02,0.36,0.0,71.38,125.29,536.1973333333333,2.9829999999999997,48.49,6,490.86,0.0,cryptic-beechnut-h72,Cascade foothills,clipped
2019-05-01,49.5,0.0,37.33,7.5887535,124.03,0.53,0.0,124.55999999999999,49.5,419.71,0.0,0.0,0,370.88,0.0,cryptic-beechnut-h72,Cascade foothills,clipped
2019-06-01,17.2,0.0,22.3,7.343955,152.35,0.56,0.0,152.91,17.2,276.22166666666664,0.0,0.0,0,205.53,0.0,cryptic-beechnut-h72,Cascade foothills,clipped
2019-07-01,12.0,0.0,5.66,6.3378465,128.14,0.54,0.0,128.68,12.0,129.92387096774192,0.0,0.0,0,76.89,0.0,cryptic-beechnut-h72,Cascade foothills,clipped
2019-08-01,19.8,0.0,0.0,0.0,16.9,0.58,0.0,17.48,19.8,82.14322580645161,0.0,0.0,0,79.16,0.0,cryptic-beechnut-h72,Cascade foothills,clipped
2019-09-01,74.89999999999999,0.0,0.0,0.0,18.12,0.27,0.0,18.39,74.89999999999999,98.20766666666667,0.0,0.0,0,135.65,0.0,cryptic-beechnut-h72,Cascade foothills,clipped
2019-10-01,101.0,0.002001813,0.0,0.1252081,31.56,0.23,0.0,31.79,101.00999999999999,168.14000000000001,0.3658064516129032,5.5,3,204.78,0.0,cryptic-beechnut-h72,Cascade foothills,clipped
2019-11-01,42.0,0.0,0.0,7.343955,25.740000000000002,0.09,0.0,25.830000000000002,28.2,198.25466666666668,1.86,13.8,5,199.52,13.8,cryptic-beechnut-h72,Cascade foothills,clipped
2019-12-01,156.4,0.0,1.71,5.9852939276,10.03,0.0,0.0,10.03,51.58,228.24290322580643,44.96774193548387,118.63,31,233.33,118.63,cryptic-beechnut-h72,Cascade foothills,clipped
2020-01-01,276.9,0.0,3.09,7.5887535,15.37,0.02,0.0,15.39,6.2,222.3532258064516,272.29129032258066,389.33,31,213.42,389.33,cryptic-beechnut-h72,Cascade foothills,clipped
2020-02-01,111.8,0.0,1.45,7.0991565,29.85,0.14,0.0,29.990000000000002,15.33,204.67689655172416,457.0603448275862,485.8,29,190.21,485.8,cryptic-beechnut-h72,Cascade foothills,clipped
2020-03-01,48.2,0.0,1.4,7.5887535,51.54,0.27,0.0,51.809999999999995,194.71,239.2606451612903,427.58612903225804,489.7,31,323.98,339.28,cryptic-beechnut-h72,Cascade foothills,clipped
2020-04-01,29.0,0.0,28.06,7.343955,83.28999999999999,0.42,0.0,83.71,368.26,488.99233333333336,130.044,339.93,18,573.15,0.0,cryptic-beechnut-h72,Cascade foothills,clipped
2020-05-01,43.5,0.0,44.84,7.5887535,115.99,0.58,0.0,116.57,43.5,511.15387096774197,0.0,0.0,0,447.4,0.0,cryptic-beechnut-h72,Cascade foothills,clipped
2020-06-01,26.4,0.0,32.49,7.343955,128.41,0.63,0.0,129.04,26.4,382.4706666666667,0.0,0.0,0,304.75,0.0,cryptic-beechnut-h72,Cascade foothills,clipped
2020-07-01,0.0,0.0,15.51,7.5887535,176.22,0.22,0.0,176.44,0.0,205.38677419354838,0.0,0.0,0,105.25,0.0,cryptic-beechnut-h72,Cascade foothills,clipped
2020-08-01,1.5,0.0,0.12000000000000001,1.2239925,30.44,0.25,0.0,30.69,1.5,78.28645161290324,0.0,0.0,0,74.78,0.0,cryptic-beechnut-h72,Cascade foothills,clipped
2020-09-01,60.9,0.0,0.0,0.0,10.78,0.27,0.0,11.05,60.9,89.183,0.0,0.0,0,124.68,0.0,cryptic-beechnut-h72,Cascade foothills,clipped
2020-10-01,137.2,0.1352091,0.0,1.8571606,35.76,0.24000000000000002,0.0,36.0,137.2,181.3541935483871,3.580967741935484,24.1,6,223.87,0.0,cryptic-beechnut-h72,Cascade foothills,clipped
2020-11-01,164.3,0.0,7.3,7.343955,19.72,0.03,0.0,19.75,146.5,300.937,4.068666666666667,17.8,17,335.9,17.8,cryptic-beechnut-h72,Cascade foothills,clipped
2020-12-01,127.10000000000001,0.0,18.63,7.5887535,15.530000000000001,0.0,0.0,15.530000000000001,73.17999999999999,350.86129032258066,26.57193548387097,71.72,27,367.18,71.72,cryptic-beechnut-h72,Cascade foothills,clipped
2021-01-01,186.20000000000002,0.0,20.16,7.5887535,15.1,0.0,0.0,15.1,0.0,345.0461290322581,200.8683870967742,257.92,31,324.26,257.92,cryptic-beechnut-h72,Cascade foothills,clipped
2021-02-01,182.7,0.0,14.85,6.854358,21.53,0.06,0.0,21.59,11.5,308.98678571428576,330.0128571428572,429.12,28,292.4,429.12,cryptic-beechnut-h72,Cascade foothills,clipped
2021-03-01,46.8,0.0,12.98,7.5887535,52.980000000000004,0.29,0.0,53.269999999999996,126.33,283.9006451612903,413.96806451612906,433.32,31,344.95,349.59,cryptic-beechnut-h72,Cascade foothills,clipped
2021-04-01,15.8,0.9974316,37.18,7.343955,88.28,0.42,0.0,88.7,365.41,508.66633333333334,133.321,327.81,19,575.89,0.0,cryptic-beechnut-h72,Cascade foothills,clipped
2021-05-01,23.0,0.0,46.15,7.5887535,117.18,0.51,0.0,117.69,23.0,495.8874193548387,0.0,0.0,0,427.06,0.0,cryptic-beechnut-h72,Cascade foothills,clipped
2021-06-01,17.2,0.0,30.49,7.343955,155.53,0.62,0.0,156.15,17.2,346.76733333333334,0.0,0.0,0,250.23,0.0,cryptic-beechnut-h72,Cascade foothills,clipped
2021-07-01,0.0,0.0,7.91,6.1199625,159.81,0.13,0.0,159.94,0.0,141.89806451612904,0.0,0.0,0,76.26,0.0,cryptic-beechnut-h72,Cascade foothills,clipped
2021-08-01,11.7,0.0,0.0,0.0,10.61,0.49,0.0,11.1,11.7,78.82806451612903,0.0,0.0,0,76.67,0.0,cryptic-beechnut-h72,Cascade foothills,clipped
2021-09-01,23.4,0.0,0.0,0.0,7.1,0.32,0.0,7.42,23.4,80.56700000000001,0.0,0.0,0,92.31,0.0,cryptic-beechnut-h72,Cascade foothills,clipped
2021-10-01,95.2,0.0,0.0,0.0,15.12,0.21,0.0,15.33,95.2,114.8683870967742,0.0,0.0,0,172.17,0.0,cryptic-beechnut-h72,Cascade foothills,clipped
2021-11-01,199.6,0.0,3.54,3.3280657,20.54,0.02,0.0,20.56,199.6,264.395,8.25,38.27,16,344.28,0.0,cryptic-beechnut-h72,Cascade foothills,clipped
2021-12-01,168.1,0.0,16.38,7.5887535,12.02,0.0,0.0,12.02,6.24,328.80806451612904,82.83870967741936,161.86,28,314.48,161.86,cryptic-beechnut-h72,Cascade foothills,clipped
2022-01-01,170.3,0.0,13.72,7.5887535,18.41,0.02,0.0,18.43,20.22,300.5067741935484,286.10806451612905,322.56,31,294.84,311.94,cryptic-beechnut-h72,Cascade foothills,clipped
2022-02-01,50.5,0.0,14.790000000000001,6.854358,29.74,0.14,0.0,29.88,146.29,358.05392857142857,229.63285714285715,314.84,28,389.57,216.15,cryptic-beechnut-h72,Cascade foothills,clipped
2022-03-01,107.10000000000001,0.0,37.78,7.5887535,49.019999999999996,0.25,0.0,49.269999999999996,323.24,529.9251612903225,97.30580645161291,207.62,25,618.17,0.0,cryptic-beechnut-h72,Cascade foothills,clipped
2022-04-01,114.9,0.0,52.94,7.343955,58.53,0.29,0.0,58.82,114.9,613.5210000000001,23.369333333333334,60.8,20,613.85,0.0,cryptic-beechnut-h72,Cascade foothills,clipped
2022-05-01,75.1,0.0,52.86,7.5887535,79.09,0.4,0.0,79.49,75.1,595.1522580645162,0.41967741935483877,7.9,2,548.93,0.0,cryptic-beechnut-h72,Cascade foothills,clipped
2022-06-01,48.8,0.0,42.88,7.343955,114.08,0.51,0.0,114.59,48.8,511.70466666666664,0.0,0.0,0,432.83,0.0,cryptic-beechnut-h72,Cascade foothills,clipped
2022-07-01,7.3999999999999995,0.0,30.43,7.5887535,182.47,0.34,0.0,182.81,7.3999999999999995,332.4683870967742,0.0,0.0,0,219.43,0.0,cryptic-beechnut-h72,Cascade foothills,clipped
2022-08-01,0.0,0.0,6.0200000000000005,5.875164,131.73,0.0,0.0,131.73,0.0,127.82322580645162,0.0,0.0,0,75.8,0.0,cryptic-beechnut-h72,Cascade foothills,clipped
2022-09-01,7.1,0.0,0.0,0.0,5.76,0.21000000000000002,0.0,5.970000000000001,7.1,76.90533333333333,0.0,0.0,0,76.69,0.0,cryptic-beechnut-h72,Cascade foothills,clipped
2022-10-01,48.5,0.0,0.0,0.0,4.09,0.16,0.0,4.25,48.5,82.19322580645161,0.0,0.0,0,120.92,0.0,cryptic-beechnut-h72,Cascade foothills,clipped
2022-11-01,199.2,0.0,0.0,0.0,9.69,0.0,0.0,9.69,1.3,116.71433333333333,125.85666666666665,197.9,28,112.43,197.9,cryptic-beechnut-h72,Cascade foothills,clipped
2022-12-01,161.6,0.0,0.0,0.0,5.97,0.0,0.0,5.97,15.469999999999999,114.34967741935485,248.44064516129032,344.03,31,121.89,344.03,cryptic-beechnut-h72,Cascade foothills,clipped
2016-01-01,166.5,0.0,29.95,7.5887535,15.120000000000001,0.01,0.0,15.13,2.79,413.4670967741935,227.66935483870967,315.69,31,388.63,315.69,cryptic-beechnut-h72,Cascade foothills,raw
2016-02-01,113.2,0.0,25.14,7.0991565,32.09,0.17,0.0,32.26,146.87,412.7296551724138,318.2231034482758,355.58,29,471.04,282.03,cryptic-beechnut-h72,Cascade foothills,raw
2016-03-01,119.7,0.0,42.94,7.5887535,61.61,0.33,0.0,61.94,315.8,557.8409677419355,230.99419354838707,316.73,31,674.4,85.91,cryptic-beechnut-h72,Cascade foothills,raw
2016-04-01,20.6,0.0,63.58,7.343955,109.5,0.53,0.0,110.03,106.51,678.3273333333333,2.4103333333333334,51.32,2,599.94,0.0,cryptic-beechnut-h72,Cascade foothills,raw
2016-05-01,40.3,0.0,50.24,7.5887535,145.6,0.63,0.0,146.23,40.3,510.57,0.0,0.0,0,436.17,0.0,cryptic-beechnut-h72,Cascade foothills,raw
2016-06-01,20.5,0.0,30.19,7.343955,165.29,0.66,0.0,165.95,20.5,339.4216666666667,0.0,0.0,0,253.17,0.0,cryptic-beechnut-h72,Cascade foothills,raw
2016-07-01,36.4,0.0,11.26,7.5887535,174.13,0.72,0.0,174.85,36.4,178.41290322580645,0.0,0.0,0,95.92,0.0,cryptic-beechnut-h72,Cascade foothills,raw
2016-08-01,3.3,0.0,0.01,0.7343955,22.79,0.35000000000000003,0.0,23.14,3.3,78.07967741935484,0.0,0.0,0,75.35,0.0,cryptic-beechnut-h72,Cascade foothills,raw
2016-09-01,22.8,0.0,0.0,0.0,10.84,0.33,0.0,11.17,22.8,81.54166666666667,0.0,0.0,0,86.7,0.0,cryptic-beechnut-h72,Cascade foothills,raw
2016-10-01,218.7,0.0,0.22,1.26479225,21.73,0.17,0.0,21.9,218.7,181.03129032258065,0.0,0.0,0,281.98,0.0,cryptic-beechnut-h72,Cascade foothills,raw
2016-11-01,86.4,0.0,9.07,7.343955,26.1,0.09,0.0,26.19,51.550000000000004,290.5396666666667,4.849333333333334,34.84,9,290.88,34.84,cryptic-beechnut-h72,Cascade foothills,raw
2016-12-01,145.4,0.0,10.69,7.5887535,17.12,0.0,0.0,17.12,19.560000000000002,283.32516129032257,99.83,160.68,31,274.9,160.68,cryptic-beechnut-h72,Cascade foothills,raw
2017-01-01,74.4,0.0,9.15,7.5887535,14.95,0.01,0.0,14.959999999999999,13.9,264.10225806451615,193.0767741935484,221.18,31,257.02,221.18,cryptic-beechnut-h72,Cascade foothills,raw
2017-02-01,148.0,0.0,6.49,6.854358,26.41,0.12,0.0,26.53,22.1,252.67857142857142,301.53000000000003,347.08,28,239.23,347.08,cryptic-beechnut-h72,Cascade foothills,raw
2017-03-01,193.0,0.0,5.59,7.5887535,46.17,0.28,0.0,46.45,93.92,236.07999999999998,426.1532258064516,484.23,31,273.56,446.16,cryptic-beechnut-h72,Cascade foothills,raw
2017-04-01,73.89999999999999,0.0,17.76,7.343955,74.88,0.34,0.0,75.22,402.68,416.936,299.23833333333334,430.15,30,575.88,117.38,cryptic-beechnut-h72,Cascade foothills,raw
2017-05-01,46.3,0.0,57.13,7.5887535,128.74,0.6,0.0,129.34,163.69,623.2683870967742,8.071290322580644,111.08,3,545.47,0.0,cryptic-beechnut-h72,Cascade foothills,raw
2017-06-01,21.099999999999998,0.0,43.04,7.343955,156.84,0.6,0.0,157.44,21.099999999999998,456.73400000000004,0.0,0.0,0,358.8,0.0,cryptic-beechnut-h72,Cascade foothills,raw
2017-07-01,0.0,0.0,19.34,7.5887535,211.3,0.11,0.0,211.41,0.0,233.5767741935484,0.0,0.0,0,120.48,0.0,cryptic-beechnut-h72,Cascade foothills,raw
2017-08-01,1.5,0.0,0.35000000000000003,1.7135895,44.79,0.22,0.0,45.01,1.5,80.18645161290323,0.0,0.0,0,74.97,0.0,cryptic-beechnut-h72,Cascade foothills,raw
2017-09-01,13.4,0.0,0.0,0.0,5.28,0.26,0.0,5.54,13.4,77.99199999999999,0.0,0.0,0,82.67,0.0,cryptic-beechnut-h72,Cascade foothills,raw
2017-10-01,161.4,2.453987,1.75,0.1407996,29.89,0.28,0.0,30.169999999999998,161.4,140.15258064516127,0.48000000000000004,7.4,3,209.56,0.0,cryptic-beechnut-h72,Cascade foothills,raw
2017-11-01,171.2,0.0,1.43,7.343955,18.25,0.01,0.0,18.26,150.17000000000002,246.57433333333333,22.584999999999997,48.88,27,332.46,21.04,cryptic-beechnut-h72,Cascade foothills,raw
2017-12-01,118.5,0.0,15.28,7.5887535,15.16,0.01,0.0,15.17,3.71,313.1241935483871,57.54709677419355,135.83,31,298.06,135.83,cryptic-beechnut-h72,Cascade foothills,raw
2018-01-01,182.0,0.0,12.22,7.5887535,15.25,0.0,0.0,15.25,7.2,282.9129032258064,210.9235483870968,310.63,31,270.1,310.63,cryptic-beechnut-h72,Cascade foothills,raw
2018-02-01,123.8,0.0,9.26,6.854358,29.61,0.15,0.0,29.76,17.19,254.665,358.0021428571428,417.24,28,241.4,417.24,cryptic-beechnut-h72,Cascade foothills,raw
2018-03-01,50.7,0.0,7.97,7.5887535,56.72,0.29,0.0,57.01,23.8,211.0241935483871,444.06387096774193,463.84,31,192.65,444.14,cryptic-beechnut-h72,Cascade foothills,raw
2018-04-01,101.39999999999999,5.018528,19.39,7.343955,76.77,0.38,0.0,77.14999999999999,539.95,379.76033333333334,288.17033333333336,444.14,30,623.74,5.59,cryptic-beechnut-h72,Cascade foothills,raw
2018-05-01,33.8,0.0,48.26,7.5887535,149.3,0.75,0.0,150.05,39.39,541.3716129032258,0.0,0.0,0,457.17,0.0,cryptic-beechnut-h72,Cascade foothills,raw
2018-06-01,20.9,0.0,33.71,7.343955,146.64000000000001,0.62,0.0,147.26,20.9,373.31666666666666,0.0,0.0,0,289.8,0.0,cryptic-beechnut-h72,Cascade foothills,raw
2018-07-01,0.0,0.0,11.84,7.0991565,192.25,0.16,0.0,192.41,0.0,174.09193548387097,0.0,0.0,0,78.47,0.0,cryptic-beechnut-h72,Cascade foothills,raw
2018-08-01,0.0,0.0,0.0,0.0,4.01,0.0,0.0,4.01,0.0,75.07741935483871,0.0,0.0,0,74.46,0.0,cryptic-beechnut-h72,Cascade foothills,raw
2018-09-01,4.0,0.0,0.0,0.0,2.27,0.15,0.0,2.42,4.0,75.72066666666666,0.0,0.0,0,76.03,0.0,cryptic-beechnut-h72,Cascade foothills,raw
2018-10-01,97.4,0.0,0.0,0.0,17.67,0.28,0.0,17.95,97.4,98.92903225806452,0.0,0.0,0,155.46,0.0,cryptic-beechnut-h72,Cascade foothills,raw
2018-11-01,132.2,0.0,0.1,4.17484571,26.64,0.15,0.0,26.79,85.92,208.444,7.871333333333333,46.28,8,210.29,46.28,cryptic-beechnut-h72,Cascade foothills,raw
2018-12-01,216.5,0.0,2.18,7.5887535,16.669999999999998,0.0,0.0,16.669999999999998,89.62,243.71935483870968,109.03064516129032,173.16,31,273.38,173.16,cryptic-beechnut-h72,Cascade foothills,raw
2019-01-01,124.4,0.0,8.74,7.5887535,24.56,0.09,0.0,24.65,86.74,278.9490322580645,218.21451612903223,250.96,31,319.07,210.82,cryptic-beechnut-h72,Cascade foothills,raw
2019-02-01,112.5,0.0,12.23,6.854358,17.78,0.0,0.0,17.78,6.54,306.09857142857146,268.7521428571428,316.78,28,288.63,316.78,cryptic-beechnut-h72,Cascade foothills,raw
2019-03-01,20.8,0.0,11.22,7.5887535,63.53,0.3,0.0,63.83,182.94,289.7258064516129,290.64064516129037,328.48,31,388.85,154.67,cryptic-beechnut-h72,Cascade foothills,raw
2019-04-01,52.3,0.0,34.13,7.343955,78.27,0.38,0.0,78.64999999999999,206.98,506.07033333333334,20.584999999999997,134.89,12,475.73,0.0,cryptic-beechnut-h72,Cascade foothills,raw
2019-05-01,49.5,0.0,35.35,7.5887535,136.48,0.56,0.0,137.04,49.5,398.37387096774194,0.0,0.0,0,345.2,0.0,cryptic-beechnut-h72,Cascade foothills,raw
2019-06-01,17.2,0.0,18.6,7.343955,164.31,0.58,0.0,164.89,17.2,245.42866666666666,0.0,0.0,0,171.54,0.0,cryptic-beechnut-h72,Cascade foothills,raw
2019-07-01,12.0,0.0,2.7,4.406373,99.28,0.62,0.0,99.89999999999999,12.0,104.11322580645161,0.0,0.0,0,76.54,0.0,cryptic-beechnut-h72,Cascade foothills,raw
2019-08-01,19.8,0.0,0.0,0.0,16.3,0.66,0.0,16.96,19.8,82.42387096774193,0.0,0.0,0,79.34,0.0,cryptic-beechnut-h72,Cascade foothills,raw
2019-09-01,74.89999999999999,0.0,0.0,0.0,18.69,0.3,0.0,18.990000000000002,74.89999999999999,98.15166666666667,0.0,0.0,0,135.21,0.0,cryptic-beechnut-h72,Cascade foothills,raw
2019-10-01,101.0,0.002004109,0.0,0.0,37.910000000000004,0.25,0.0,38.16,101.00999999999999,164.9616129032258,0.6012903225806452,5.5,4,197.68,0.0,cryptic-beechnut-h72,Cascade foothills,raw
2019-11-01,42.0,0.0,0.0,3.07409987,36.26,0.16,0.0,36.42,28.2,185.875,1.86,13.8,5,186.14,13.8,cryptic-beechnut-h72,Cascade foothills,raw
2019-12-01,156.4,0.0,0.44,3.75088093,11.75,0.0,0.0,11.75,44.81,209.94096774193548,50.623870967741944,125.39,31,214.94,125.39,cryptic-beechnut-h72,Cascade foothills,raw
2020-01-01,276.9,0.0,0.57,7.5887535,16.21,0.02,0.0,16.23,6.2,204.93935483870968,279.05129032258066,396.09,31,196.7,396.09,cryptic-beechnut-h72,Cascade foothills,raw
2020-02-01,111.8,0.0,0.0,7.0619416,34.07,0.17,0.0,34.24,15.33,187.05310344827586,463.8203448275862,492.56,29,170.74,492.56,cryptic-beechnut-h72,Cascade foothills,raw
2020-03-01,48.2,0.0,0.0,0.31757212,58.08,0.3,0.0,58.379999999999995,150.81,194.38193548387096,460.7129032258065,499.76,31,262.68,389.95,cryptic-beechnut-h72,Cascade foothills,raw
2020-04-01,29.0,0.0,17.85,7.343955,93.57000000000001,0.48,0.0,94.05,418.93,427.49,179.96066666666667,390.6,22,562.41,0.0,cryptic-beechnut-h72,Cascade foothills,raw
2020-05-01,43.5,0.0,43.31,7.5887535,126.67,0.6,0.0,127.27,43.5,496.40161290322584,0.0,0.0,0,427.51,0.0,cryptic-beechnut-h72,Cascade foothills,raw
2020-06-01,26.4,0.0,30.11,7.343955,137.46,0.69,0.0,138.15,26.4,358.9153333333333,0.0,0.0,0,278.17,0.0,cryptic-beechnut-h72,Cascade foothills,raw
2020-07-01,0.0,0.0,11.79,7.343955,178.78,0.2,0.0,178.98,0.0,174.8009677419355,0.0,0.0,0,80.08,0.0,cryptic-beechnut-h72,Cascade foothills,raw
2020-08-01,1.5,0.0,0.0,0.0,6.59,0.26,0.0,6.85,1.5,75.82032258064515,0.0,0.0,0,74.78,0.0,cryptic-beechnut-h72,Cascade foothills,raw
2020-09-01,60.9,0.0,0.0,0.0,11.77,0.32,0.0,12.09,60.9,89.10233333333333,0.0,0.0,0,123.63,0.0,cryptic-beechnut-h72,Cascade foothills,raw
2020-10-01,137.2,0.1282524,0.0,1.7069451,39.13,0.29,0.0,39.42,137.2,178.52612903225807,3.6616129032258065,24.1,6,219.58,0.0,cryptic-beechnut-h72,Cascade foothills,raw
2020-11-01,164.3,0.0,6.42,7.343955,24.3,0.06,0.0,24.36,146.5,293.468,4.105333333333333,17.8,17,327.91,17.8,cryptic-beechnut-h72,Cascade foothills,raw
2020-12-01,127.10000000000001,0.0,17.05,7.5887535,20.44,0.03,0.0,20.47,66.28,337.2858064516129,29.71516129032258,78.61,27,348.92,78.61,cryptic-beechnut-h72,Cascade foothills,raw
2021-01-01,186.20000000000002,0.0,17.56,7.5887535,20.75,0.05,0.0,20.8,0.0,325.4267741935484,207.75838709677421,264.81,31,302.9,264.81,cryptic-beechnut-h72,Cascade foothills,raw
2021-02-01,182.7,0.0,12.74,6.854358,28.16,0.12,0.0,28.28,11.5,285.12964285714287,336.90285714285716,436.01,28,266.51,436.01,cryptic-beechnut-h72,Cascade foothills,raw
2021-03-01,46.8,0.0,11.08,7.5887535,62.97,0.31,0.0,63.279999999999994,71.14,233.85225806451612,440.1587096774194,461.41,31,255.65,411.67,cryptic-beechnut-h72,Cascade foothills,raw
2021-04-01,15.8,0.0,18.99,7.343955,103.56,0.5,0.0,104.06,427.47,415.4943333333333,199.53966666666665,393.59,25,552.49,0.0,cryptic-beechnut-h72,Cascade foothills,raw
2021-05-01,23.0,0.0,41.98,7.5887535,129.0,0.61,0.0,129.61,23.0,468.54967741935485,0.0,0.0,0,395.93,0.0,cryptic-beechnut-h72,Cascade foothills,raw
2021-06-01,17.2,0.0,26.52,7.343955,177.09,0.65,0.0,177.74,17.2,310.45133333333337,0.0,0.0,0,201.49,0.0,cryptic-beechnut-h72,Cascade foothills,raw
2021-07-01,0.0,0.0,3.75,4.1615745,118.6,0.09,0.0,118.69,0.0,107.72516129032257,0.0,0.0,0,74.92,0.0,cryptic-beechnut-h72,Cascade foothills,raw
2021-08-01,11.7,0.0,0.0,0.0,9.18,0.56,0.0,9.74,11.7,78.71935483870968,0.0,0.0,0,76.68,0.0,cryptic-beechnut-h72,Cascade foothills,raw
2021-09-01,23.4,0.0,0.0,0.0,7.25,0.34,0.0,7.59,23.4,80.50833333333334,0.0,0.0,0,92.15,0.0,cryptic-beechnut-h72,Cascade foothills,raw
2021-10-01,95.2,0.0,0.0,0.0,19.18,0.23,0.0,19.41,95.2,113.37935483870969,0.0,0.0,0,167.9,0.0,cryptic-beechnut-h72,Cascade foothills,raw
2021-11-01,199.6,0.0,3.0500000000000003,3.1014434,28.22,0.11,0.0,28.33,199.6,255.353,9.777999999999999,47.81,16,332.97,0.0,cryptic-beechnut-h72,Cascade foothills,raw
2021-12-01,168.1,0.0,14.55,7.5887535,15.870000000000001,0.01,0.0,15.88,6.24,315.68451612903226,82.83870967741936,161.86,28,301.14,161.86,cryptic-beechnut-h72,Cascade foothills,raw
2022-01-01,170.3,0.0,12.0,7.5887535,22.91,0.05,0.0,22.96,0.0,280.8048387096774,291.65032258064514,332.16,31,258.49,332.16,cryptic-beechnut-h72,Cascade foothills,raw
2022-02-01,50.5,0.0,9.64,6.854358,39.12,0.14,0.0,39.26,90.31,281.11857142857144,286.00607142857143,335.06,28,292.93,292.37,cryptic-beechnut-h72,Cascade foothills,raw
2022-03-01,107.10000000000001,0.0,21.93,7.5887535,57.35,0.27,0.0,57.62,383.29,428.73580645161286,181.60000000000002,285.04,31,589.08,16.16,cryptic-beechnut-h72,Cascade foothills,raw
2022-04-01,114.9,0.0,50.269999999999996,7.343955,63.23,0.33,0.0,63.559999999999995,131.06,598.9093333333333,24.38266666666667,60.8,22,598.96,0.0,cryptic-beechnut-h72,Cascade foothills,raw
2022-05-01,75.1,0.0,51.07,7.5887535,79.88,0.4,0.0,80.28,75.1,580.8093548387097,0.42322580645161295,7.9,2,535.06,0.0,cryptic-beechnut-h72,Cascade foothills,raw
2022-06-01,48.8,0.0,41.21,7.343955,120.92,0.53,0.0,121.44999999999999,48.8,496.686,0.0,0.0,0,413.78,0.0,cryptic-beechnut-h72,Cascade foothills,raw
2022-07-01,7.3999999999999995,0.0,28.01,7.5887535,199.17000000000002,0.33,0.0,199.5,7.3999999999999995,311.2416129032258,0.0,0.0,0,186.15,0.0,cryptic-beechnut-h72,Cascade foothills,raw
2022-08-01,0.0,0.0,3.17,4.1615745,103.88,0.0,0.0,103.88,0.0,103.14258064516129,0.0,0.0,0,74.92,0.0,cryptic-beechnut-h72,Cascade foothills,raw
2022-09-01,7.1,0.0,0.0,0.0,4.87,0.23,0.0,5.1000000000000005,7.1,76.743,0.0,0.0,0,76.68,0.0,cryptic-beechnut-h72,Cascade foothills,raw
2022-10-01,48.5,0.0,0.0,0.0,4.12,0.21,0.0,4.33,48.5,82.1716129032258,0.0,0.0,0,120.87,0.0,cryptic-beechnut-h72,Cascade foothills,raw
2022-11-01,199.2,0.0,0.0,0.0,12.14,0.07,0.0,12.209999999999999,1.3,115.43033333333332,125.85666666666665,197.9,28,109.91,197.9,cryptic-beechnut-h72,Cascade foothills,raw
2022-12-01,161.6,0.0,0.0,0.0,6.47,0.0,0.0,6.47,15.469999999999999,111.58548387096775,248.44064516129032,344.03,31,118.87,344.03,cryptic-beechnut-h72,Cascade foothills,raw
2016-01-01,170.0,0.0,30.5,7.5887535,12.19,0.0,0.0,12.19,4.390000000000001,432.73580645161286,250.9741935483871,340.04,31,410.11,340.04,cryptic-beechnut-h78,Cascade foothills,clipped
2016-02-01,114.4,0.0,28.13,7.0991565,23.47,0.06,0.0,23.53,196.01,459.95724137931035,320.2893103448276,370.54,29,547.31,258.41,cryptic-beechnut-h78,Cascade foothills,clipped
2016-03-01,124.0,0.0,56.01,7.5887535,49.83,0.28,0.0,50.11,372.85,659.7529032258064,184.56,294.41,31,806.45,9.55,cryptic-beechnut-h78,Cascade foothills,clipped
2016-04-01,20.9,0.0,82.04,7.343955,99.88,0.48,0.0,100.36,30.45,726.0316666666666,0.0,0.0,0,647.17,0.0,cryptic-beechnut-h78,Cascade foothills,clipped
2016-05-01,40.3,0.0,53.66,7.5887535,127.07,0.61,0.0,127.67999999999999,40.3,566.2822580645161,0.0,0.0,0,498.52,0.0,cryptic-beechnut-h78,Cascade foothills,clipped
2016-06-01,20.5,0.0,36.51,7.343955,141.97,0.61,0.0,142.57999999999998,20.5,411.606,0.0,0.0,0,332.62,0.0,cryptic-beechnut-h78,Cascade foothills,clipped
2016-07-01,35.9,0.0,20.29,7.5887535,155.47,0.6799999999999999,0.0,156.15,35.9,262.241935483871,0.0,0.0,0,184.51,0.0,cryptic-beechnut-h78,Cascade foothills,clipped
2016-08-01,3.3,0.0,3.94,4.89597,103.39999999999999,0.25,0.0,103.64999999999999,3.3,112.84612903225806,0.0,0.0,0,75.31,0.0,cryptic-beechnut-h78,Cascade foothills,clipped
2016-09-01,23.0,0.0,0.0,0.0,10.780000000000001,0.32,0.0,11.1,23.0,81.48033333333333,0.0,0.0,0,86.92,0.0,cryptic-beechnut-h78,Cascade foothills,clipped
2016-10-01,223.20000000000002,0.0,0.29,1.3667916,19.05,0.13,0.0,19.18,223.20000000000002,184.27387096774194,0.0,0.0,0,289.27,0.0,cryptic-beechnut-h78,Cascade foothills,clipped
2016-11-01,90.39999999999999,0.0,9.82,7.343955,19.16,0.04,0.0,19.2,50.0,302.6666666666667,5.760000000000001,40.4,9,302.84,40.4,cryptic-beechnut-h78,Cascade foothills,clipped
2016-12-01,147.7,0.0,11.8,7.5887535,12.93,0.0,0.0,12.93,21.4,297.39838709677423,106.33387096774193,166.71,31,291.83,166.71,cryptic-beechnut-h78,Cascade foothills,clipped
2017-01-01,75.7,0.0,10.1,7.5887535,12.64,0.0,0.0,12.64,10.729999999999999,280.72516129032255,200.88,231.68,31,272.17,231.68,cryptic-beechnut-h78,Cascade foothills,clipped
2017-02-01,150.1,0.0,8.16,6.854358,21.36,0.04,0.0,21.4,22.4,270.15285714285716,313.1121428571428,359.38,28,258.07,359.38,cryptic-beechnut-h78,Cascade foothills,clipped
2017-03-01,200.2,0.0,8.58,7.5887535,37.74,0.14,0.0,37.88,134.18,276.82935483870966,423.3816129032258,475.7,31,338.14,425.39,cryptic-beechnut-h78,Cascade foothills,clipped
2017-04-01,74.9,0.0,30.94,7.343955,63.91,0.32,0.0,64.22999999999999,482.69,531.381,230.04666666666665,406.54,30,718.31,17.62,cryptic-beechnut-h78,Cascade foothills,clipped
2017-05-01,46.3,0.0,62.67,7.5887535,117.44,0.5700000000000001,0.0,118.00999999999999,63.91,675.1541935483871,0.3035483870967742,9.41,1,593.93,0.0,cryptic-beechnut-h78,Cascade foothills,clipped
2017-06-01,21.0,0.0,46.55,7.343955,139.14000000000001,0.61,0.0,139.75,21.0,511.22833333333335,0.0,0.0,0,421.26,0.0,cryptic-beechnut-h78,Cascade foothills,clipped
2017-07-01,0.0,0.0,26.54,7.5887535,189.0,0.16,0.0,189.16,0.0,302.9835483870968,0.0,0.0,0,198.01,0.0,cryptic-beechnut-h78,Cascade foothills,clipped
2017-08-01,1.5,0.0,4.11,4.89597,115.11,0.19,0.0,115.3,1.5,113.49354838709678,0.0,0.0,0,75.27,0.0,cryptic-beechnut-h78,Cascade foothills,clipped
2017-09-01,13.6,0.0,0.0,0.0,5.68,0.18,0.0,5.86,13.6,78.01433333333333,0.0,0.0,0,82.85,0.0,cryptic-beechnut-h78,Cascade foothills,clipped
2017-10-01,164.4,3.770586,1.76,0.2331833,23.57,0.25,0.0,23.82,164.4,142.3264516129032,0.4287096774193548,7.5,2,217.67,0.0,cryptic-beechnut-h78,Cascade foothills,clipped
2017-11-01,178.5,0.0,2.72,7.343955,14.59,0.01,0.0,14.6,156.29999999999998,264.3586666666667,17.578,38.1,26,349.24,22.2,cryptic-beechnut-h78,Cascade foothills,clipped
2017-12-01,120.7,0.0,16.990000000000002,7.5887535,11.37,0.0,0.0,11.37,17.01,331.7374193548387,58.829354838709676,125.89,31,330.18,125.89,cryptic-beechnut-h78,Cascade foothills,clipped
2018-01-01,185.4,0.0,14.44,7.5887535,13.09,0.0,0.0,13.09,5.529999999999999,314.44612903225806,202.9448387096774,305.76,31,300.57,305.76,cryptic-beechnut-h78,Cascade foothills,clipped
2018-02-01,125.5,0.0,11.75,6.854358,25.29,0.07,0.0,25.36,49.769999999999996,311.6592857142858,329.0621428571429,381.48,28,306.36,381.48,cryptic-beechnut-h78,Cascade foothills,clipped
2018-03-01,52.8,0.0,12.17,7.5887535,49.06,0.25,0.0,49.309999999999995,74.65,287.4990322580645,399.05064516129033,410.13,31,311.96,359.63,cryptic-beechnut-h78,Cascade foothills,clipped
2018-04-01,103.3,0.0,29.62,7.343955,66.92,0.34,0.0,67.25999999999999,462.95,515.3676666666667,187.93033333333332,359.63,25,670.68,0.0,cryptic-beechnut-h78,Cascade foothills,clipped
2018-05-01,33.8,0.0,53.65,7.5887535,137.59,0.63,0.0,138.22,33.8,585.6096774193549,0.0,0.0,0,504.92,0.0,cryptic-beechnut-h78,Cascade foothills,clipped
2018-06-01,20.9,0.0,37.58,7.343955,132.78,0.5700000000000001,0.0,133.35,20.9,425.267,0.0,0.0,0,347.54,0.0,cryptic-beechnut-h78,Cascade foothills,clipped
2018-07-01,0.0,0.0,19.14,7.5887535,182.57,0.19,0.0,182.76,0.0,240.15548387096774,0.0,0.0,0,138.09,0.0,cryptic-beechnut-h78,Cascade foothills,clipped
2018-08-01,0.0,0.0,0.95,2.5699023,59.93,0.0,0.0,59.93,0.0,85.47935483870968,0.0,0.0,0,74.63,0.0,cryptic-beechnut-h78,Cascade foothills,clipped
2018-09-01,4.0,0.0,0.0,0.0,2.47,0.14,0.0,2.6100000000000003,4.0,75.76066666666667,0.0,0.0,0,76.04,0.0,cryptic-beechnut-h78,Cascade foothills,clipped
2018-10-01,99.2,0.0,0.0,0.0,14.51,0.21,0.0,14.72,99.2,101.1125806451613,0.0,0.0,0,160.51,0.0,cryptic-beechnut-h78,Cascade foothills,clipped
2018-11-01,137.5,0.0,0.84,4.47462207,19.419999999999998,0.01,0.0,19.43,78.19,217.61633333333333,10.671666666666665,59.31,10,213.84,59.31,cryptic-beechnut-h78,Cascade foothills,clipped
2018-12-01,220.8,0.0,1.23,7.5887535,13.13,0.0,0.0,13.13,26.6,217.29225806451615,155.87774193548387,253.51,31,218.43,253.51,cryptic-beechnut-h78,Cascade foothills,clipped
2019-01-01,126.60000000000001,0.0,0.92,7.5887535,19.92,0.06,0.0,19.98,21.72,213.94419354838712,315.6632258064516,358.4,31,211.61,358.4,cryptic-beechnut-h78,Cascade foothills,clipped
2019-02-01,114.1,0.0,0.42,6.854358,16.02,0.0,0.0,16.02,2.63,201.71107142857142,420.7192857142857,469.86,28,190.55,469.86,cryptic-beechnut-h78,Cascade foothills,clipped
2019-03-01,21.4,0.0,0.01,7.27121129,52.21,0.26,0.0,52.47,204.38,206.37451612903226,439.738064516129,479.26,31,335.19,286.89,cryptic-beechnut-h78,Cascade foothills,clipped
2019-04-01,53.1,0.0,32.51,7.343955,68.53,0.35,0.0,68.88,339.98,537.706,75.443,261.92,17,566.5,0.0,cryptic-beechnut-h78,Cascade foothills,clipped
2019-05-01,49.5,0.0,43.72,7.5887535,121.84,0.53,0.0,122.37,49.5,493.25032258064516,0.0,0.0,0,442.31,0.0,cryptic-beechnut-h78,Cascade foothills,clipped
2019-06-01,17.2,0.0,28.97,7.343955,148.12,0.56,0.0,148.68,17.2,346.50100000000003,0.0,0.0,0,274.51,0.0,cryptic-beechnut-h78,Cascade foothills,clipped
2019-07-01,11.9,0.0,12.93,7.5887535,154.41,0.53,0.0,154.94,11.9,192.9041935483871,0.0,0.0,0,110.99,0.0,cryptic-beechnut-h78,Cascade foothills,clipped
2019-08-01,19.9,0.0,0.21,1.468791,49.72,0.56,0.0,50.28,19.9,85.67903225806452,0.0,0.0,0,78.92,0.0,cryptic-beechnut-h78,Cascade foothills,clipped
2019-09-01,75.6,0.0,0.0,0.0,17.830000000000002,0.26,0.0,18.09,75.6,98.38433333333334,0.0,0.0,0,136.4,0.0,cryptic-beechnut-h78,Cascade foothills,clipped
2019-10-01,102.80000000000001,0.00539731,0.0,0.26493646,30.95,0.23,0.0,31.18,102.80000000000001,170.05548387096775,0.2990322580645161,5.6,2,207.77,0.0,cryptic-beechnut-h78,Cascade foothills,clipped
2019-11-01,43.7,0.0,0.03,7.343955,24.73,0.09,0.0,24.82,27.87,202.12333333333333,2.280333333333333,15.83,7,203.42,15.83,cryptic-beechnut-h78,Cascade foothills,clipped
2019-12-01,159.2,0.0,1.9200000000000002,7.5887535,9.28,0.0,0.0,9.28,52.64,231.8906451612903,47.436129032258066,122.38,31,237.25,122.38,cryptic-beechnut-h78,Cascade foothills,clipped
2020-01-01,282.2,0.0,3.47,7.5887535,14.46,0.02,0.0,14.48,16.63,229.708064516129,275.9241935483871,387.95,31,228.3,387.95,cryptic-beechnut-h78,Cascade foothills,clipped
2020-02-01,113.2,0.0,2.3,7.0991565,28.91,0.12,0.0,29.03,16.4,220.97137931034484,455.24310344827586,484.75,29,206.25,484.75,cryptic-beechnut-h78,Cascade foothills,clipped
2020-03-01,50.3,0.0,4.26,7.5887535,49.57,0.27,0.0,49.839999999999996,215.67,271.4383870967742,411.20354838709676,488.49,31,359.99,319.38,cryptic-beechnut-h78,Cascade foothills,clipped
2020-04-01,29.5,0.0,31.68,7.343955,80.71000000000001,0.41000000000000003,0.0,81.12,348.87,517.9833333333333,116.38233333333332,320.08,17,588.74,0.0,cryptic-beechnut-h78,Cascade foothills,clipped
2020-05-01,43.5,0.0,44.79,7.5887535,113.71,0.57,0.0,114.28,43.5,527.8716129032258,0.0,0.0,0,465.33,0.0,cryptic-beechnut-h78,Cascade foothills,clipped
2020-06-01,26.4,0.0,33.15,7.343955,124.61,0.6,0.0,125.21,26.4,401.9483333333334,0.0,0.0,0,325.86,0.0,cryptic-beechnut-h78,Cascade foothills,clipped
2020-07-01,0.0,0.0,17.34,7.5887535,173.19,0.23,0.0,173.42,0.0,227.161935483871,0.0,0.0,0,127.5,0.0,cryptic-beechnut-h78,Cascade foothills,clipped
2020-08-01,1.5,0.0,0.63,2.3208261,51.12,0.24,0.0,51.36,1.5,83.41451612903225,0.0,0.0,0,74.74,0.0,cryptic-beechnut-h78,Cascade foothills,clipped
2020-09-01,61.7,0.0,0.0,0.0,10.68,0.24,0.0,10.92,61.7,89.372,0.0,0.0,0,125.53,0.0,cryptic-beechnut-h78,Cascade foothills,clipped
2020-10-01,140.2,0.1711871,0.1,2.00745311,34.9,0.24000000000000002,0.0,35.14,140.2,184.22935483870967,3.6258064516129034,24.7,5,228.32,0.0,cryptic-beechnut-h78,Cascade foothills,clipped
2020-11-01,170.9,0.0,7.9,7.343955,18.75,0.03,0.0,18.78,152.2,309.2566666666667,4.286,18.7,17,346.4,18.7,cryptic-beechnut-h78,Cascade foothills,clipped
2020-12-01,129.5,0.0,18.95,7.5887535,14.44,0.0,0.0,14.44,58.02,355.42903225806447,34.50258064516129,90.18,27,363.31,90.18,cryptic-beechnut-h78,Cascade foothills,clipped
2021-01-01,189.60000000000002,0.0,18.84,7.5887535,14.3,0.0,0.0,14.3,5.8,345.8774193548387,218.21548387096774,273.98,31,328.34,273.98,cryptic-beechnut-h78,Cascade foothills,clipped
2021-02-01,185.2,0.0,13.98,6.854358,20.74,0.06,0.0,20.8,11.67,314.03749999999997,347.1685714285714,447.52,28,298.32,447.52,cryptic-beechnut-h78,Cascade foothills,clipped
2021-03-01,48.7,0.0,12.34,7.5887535,50.86,0.29,0.0,51.15,122.86,294.37290322580645,429.6706451612903,451.82,31,350.17,373.36,cryptic-beechnut-h78,Cascade foothills,clipped
2021-04-01,16.2,3.584497,38.47,7.343955,85.65,0.42,0.0,86.07,389.56,528.2716666666666,142.63733333333332,350.53,19,604.04,0.0,cryptic-beechnut-h78,Cascade foothills,clipped
2021-05-01,23.0,0.0,47.25,7.5887535,114.94,0.5,0.0,115.44,23.0,524.6274193548387,0.0,0.0,0,456.34,0.0,cryptic-beechnut-h78,Cascade foothills,clipped
2021-06-01,17.2,0.0,32.62,7.343955,151.63,0.62,0.0,152.25,17.2,376.92466666666667,0.0,0.0,0,281.33,0.0,cryptic-beechnut-h78,Cascade foothills,clipped
2021-07-01,0.0,0.0,10.72,7.343955,183.28,0.14,0.0,183.42,0.0,169.0374193548387,0.0,0.0,0,79.88,0.0,cryptic-beechnut-h78,Cascade foothills,clipped
2021-08-01,11.8,0.0,0.0,0.0,14.35,0.48,0.0,14.83,11.8,79.01548387096774,0.0,0.0,0,76.62,0.0,cryptic-beechnut-h78,Cascade foothills,clipped
2021-09-01,23.8,0.0,0.0,0.0,7.1000000000000005,0.32,0.0,7.42,23.8,80.66900000000001,0.0,0.0,0,92.69,0.0,cryptic-beechnut-h78,Cascade foothills,clipped
2021-10-01,97.2,0.0,0.0,0.0,15.05,0.19,0.0,15.24,97.2,115.87612903225806,0.0,0.0,0,174.63,0.0,cryptic-beechnut-h78,Cascade foothills,clipped
2021-11-01,207.5,0.0,4.15,3.7841768,19.66,0.02,0.0,19.68,207.5,275.183,4.395666666666667,14.52,13,354.43,0.0,cryptic-beechnut-h78,Cascade foothills,clipped
2021-12-01,171.3,0.0,18.740000000000002,7.5887535,11.13,0.0,0.0,11.13,35.72,359.1151612903226,64.11612903225807,135.58,28,352.63,135.58,cryptic-beechnut-h78,Cascade foothills,clipped
2022-01-01,173.8,0.0,18.23,7.5887535,17.59,0.02,0.0,17.61,52.2,346.8641935483871,252.47548387096774,298.69,31,361.24,257.18,cryptic-beechnut-h78,Cascade foothills,clipped
2022-02-01,51.2,0.0,22.85,6.854358,28.89,0.13,0.0,29.02,160.72,430.02464285714285,165.77857142857144,260.08,28,463.22,147.67,cryptic-beechnut-h78,Cascade foothills,clipped
2022-03-01,111.2,0.0,45.97,7.5887535,47.12,0.25,0.0,47.37,258.89,589.918064516129,41.222580645161294,138.99,20,621.21,0.0,cryptic-beechnut-h78,Cascade foothills,clipped
2022-04-01,116.7,0.0,51.41,7.343955,56.31,0.29,0.0,56.6,116.71000000000001,619.0903333333333,23.990333333333336,61.9,20,622.53,0.0,cryptic-beechnut-h78,Cascade foothills,clipped
2022-05-01,75.1,0.0,51.76,7.5887535,77.27,0.39,0.0,77.66,75.1,605.2670967741935,0.4870967741935484,7.9,2,560.52,0.0,cryptic-beechnut-h78,Cascade foothills,clipped
2022-06-01,48.8,0.0,42.26,7.343955,110.44,0.5,0.0,110.94,48.8,525.3489999999999,0.0,0.0,0,448.68,0.0,cryptic-beechnut-h78,Cascade foothills,clipped
2022-07-01,7.3,0.0,30.91,7.5887535,179.55,0.35000000000000003,0.0,179.9,7.3,349.50903225806456,0.0,0.0,0,237.59,0.0,cryptic-beechnut-h78,Cascade foothills,clipped
2022-08-01,0.0,0.0,7.5200000000000005,6.6095595000000005,146.51,0.0,0.0,146.51,0.0,142.64870967741933,0.0,0.0,0,76.94,0.0,cryptic-beechnut-h78,Cascade foothills,clipped
2022-09-01,7.2,0.0,0.0,0.0,6.99,0.21000000000000002,0.0,7.2,7.2,77.113,0.0,0.0,0,76.71,0.0,cryptic-beechnut-h78,Cascade foothills,clipped
2022-10-01,49.3,0.0,0.0,0.0,4.0600000000000005,0.15,0.0,4.21,49.3,82.3225806451613,0.0,0.0,0,121.81,0.0,cryptic-beechnut-h78,Cascade foothills,clipped
2022-11-01,207.2,0.0,0.0,0.0,9.22,0.0,0.0,9.22,2.05,118.43866666666666,130.35,205.15,28,114.52,205.15,cryptic-beechnut-h78,Cascade foothills,clipped
2022-12-01,165.0,0.0,0.0,0.0,5.5,0.0,0.0,5.5,14.2,112.58032258064517,261.01129032258063,355.95,31,123.17,355.95,cryptic-beechnut-h78,Cascade foothills,clipped
2016-01-01,170.0,0.0,29.41,7.5887535,14.31,0.01,0.0,14.32,4.390000000000001,421.34,251.16806451612902,340.23,31,397.96,340.23,cryptic-beechnut-h78,Cascade foothills,raw
2016-02-01,114.4,0.0,25.4,7.0991565,31.24,0.16,0.0,31.4,162.46,429.5344827586207,336.2779310344827,372.63,29,496.31,292.17,cryptic-beechnut-h78,Cascade foothills,raw
2016-03-01,124.0,0.0,45.26,7.5887535,59.33,0.33,0.0,59.66,323.31,587.7303225806452,239.6641935483871,328.17,31,707.17,92.85,cryptic-beechnut-h78,Cascade foothills,raw
2016-04-01,20.9,0.0,69.99,7.343955,106.62,0.51,0.0,107.13,113.75,714.5126666666667,2.7646666666666664,57.15,2,636.46,0.0,cryptic-beechnut-h78,Cascade foothills,raw
2016-05-01,40.3,0.0,52.06,7.5887535,143.32,0.63,0.0,143.95,40.3,547.42,0.0,0.0,0,473.16,0.0,cryptic-beechnut-h78,Cascade foothills,raw
2016-06-01,20.5,0.0,33.0,7.343955,161.79,0.65,0.0,162.44,20.5,376.883,0.0,0.0,0,290.87,0.0,cryptic-beechnut-h78,Cascade foothills,raw
2016-07-01,35.9,0.0,14.99,7.5887535,171.18,0.7,0.0,171.88,35.9,215.48580645161292,0.0,0.0,0,132.27,0.0,cryptic-beechnut-h78,Cascade foothills,raw
2016-08-01,3.3,0.0,0.77,2.6927835,56.73,0.32,0.0,57.05,3.3,85.97387096774193,0.0,0.0,0,75.09,0.0,cryptic-beechnut-h78,Cascade foothills,raw
2016-09-01,23.0,0.0,0.0,0.0,10.68,0.32,0.0,11.0,23.0,81.50133333333333,0.0,0.0,0,86.78,0.0,cryptic-beechnut-h78,Cascade foothills,raw
2016-10-01,223.20000000000002,0.0,0.28,1.3430387,21.25,0.17,0.0,21.42,223.20000000000002,183.31032258064516,0.0,0.0,0,286.96,0.0,cryptic-beechnut-h78,Cascade foothills,raw
2016-11-01,90.39999999999999,0.0,9.3,7.343955,25.11,0.07,0.0,25.18,50.0,296.718,5.760000000000001,40.4,9,295.04,40.4,cryptic-beechnut-h78,Cascade foothills,raw
2016-12-01,147.7,0.0,10.74,7.5887535,16.2,0.0,0.0,16.2,21.4,288.2187096774194,106.3309677419355,166.71,31,281.81,166.71,cryptic-beechnut-h78,Cascade foothills,raw
2017-01-01,75.7,0.0,9.35,7.5887535,14.27,0.0,0.0,14.27,10.729999999999999,270.0325806451613,200.88,231.68,31,261.25,231.68,cryptic-beechnut-h78,Cascade foothills,raw
2017-02-01,150.1,0.0,6.77,6.854358,25.71,0.09,0.0,25.8,22.4,257.35035714285715,313.1121428571428,359.38,28,244.19,359.38,cryptic-beechnut-h78,Cascade foothills,raw
2017-03-01,200.2,0.0,6.09,7.5887535,44.36,0.24,0.0,44.6,98.23,247.01129032258066,437.02935483870965,498.97,31,284.17,461.35,cryptic-beechnut-h78,Cascade foothills,raw
2017-04-01,74.9,0.0,20.6,7.343955,72.43,0.33,0.0,72.75999999999999,435.68,449.92966666666666,292.9556666666667,444.97,30,619.11,100.57,cryptic-beechnut-h78,Cascade foothills,raw
2017-05-01,46.3,0.0,58.04,7.5887535,126.74,0.6,0.0,127.34,146.87,652.0112903225806,6.441612903225806,94.59,3,573.01,0.0,cryptic-beechnut-h78,Cascade foothills,raw
2017-06-01,21.0,0.0,44.27,7.343955,152.99,0.6,0.0,153.59,21.0,485.58799999999997,0.0,0.0,0,388.76,0.0,cryptic-beechnut-h78,Cascade foothills,raw
2017-07-01,0.0,0.0,21.93,7.5887535,208.39,0.12,0.0,208.51,0.0,263.8267741935484,0.0,0.0,0,150.75,0.0,cryptic-beechnut-h78,Cascade foothills,raw
2017-08-01,1.5,0.0,1.18,2.447985,73.45,0.21,0.0,73.66,1.5,87.04225806451613,0.0,0.0,0,74.99,0.0,cryptic-beechnut-h78,Cascade foothills,raw
2017-09-01,13.6,0.0,0.0,0.0,5.31,0.25,0.0,5.5600000000000005,13.6,78.03066666666668,0.0,0.0,0,82.86,0.0,cryptic-beechnut-h78,Cascade foothills,raw
2017-10-01,164.4,3.758375,1.76,0.196343,29.43,0.27,0.0,29.7,164.4,141.2832258064516,0.4612903225806451,7.5,3,211.82,0.0,cryptic-beechnut-h78,Cascade foothills,raw
2017-11-01,178.5,0.0,1.95,7.343955,17.35,0.01,0.0,17.36,155.27,255.36066666666665,19.628,39.7,26,340.36,23.23,cryptic-beechnut-h78,Cascade foothills,raw
2017-12-01,120.7,0.0,15.76,7.5887535,14.28,0.0,0.0,14.28,16.85,321.73645161290324,59.931612903225805,127.08,31,319.5,127.08,cryptic-beechnut-h78,Cascade foothills,raw
2018-01-01,185.4,0.0,13.06,7.5887535,14.45,0.0,0.0,14.45,5.529999999999999,303.84483870967745,204.13483870967744,306.95,31,289.91,306.95,cryptic-beechnut-h78,Cascade foothills,raw
2018-02-01,125.5,0.0,9.66,6.854358,28.77,0.14,0.0,28.91,37.91,290.49357142857144,339.355,394.54,28,282.41,394.54,cryptic-beechnut-h78,Cascade foothills,raw
2018-03-01,52.8,0.0,9.85,7.5887535,54.58,0.28,0.0,54.86,45.09,254.84741935483873,420.0106451612903,442.29,31,255.23,402.25,cryptic-beechnut-h78,Cascade foothills,raw
2018-04-01,103.3,4.89391,25.13,7.343955,74.31,0.37,0.0,74.67999999999999,505.56,457.70633333333336,230.80633333333336,402.25,27,648.75,0.0,cryptic-beechnut-h78,Cascade foothills,raw
2018-05-01,33.8,0.0,50.09,7.5887535,146.96,0.71,0.0,147.67,33.8,560.5587096774193,0.0,0.0,0,477.12,0.0,cryptic-beechnut-h78,Cascade foothills,raw
2018-06-01,20.9,0.0,34.48,7.343955,142.82999999999998,0.62,0.0,143.45,20.9,394.83366666666666,0.0,0.0,0,312.75,0.0,cryptic-beechnut-h78,Cascade foothills,raw
2018-07-01,0.0,0.0,13.92,7.5887535,205.63,0.16,0.0,205.79,0.0,195.74870967741936,0.0,0.0,0,85.53,0.0,cryptic-beechnut-h78,Cascade foothills,raw
2018-08-01,0.0,0.0,0.0,0.2447985,10.81,0.0,0.0,10.81,0.0,75.63516129032259,0.0,0.0,0,74.48,0.0,cryptic-beechnut-h78,Cascade foothills,raw
2018-09-01,4.0,0.0,0.0,0.0,2.3,0.15,0.0,2.45,4.0,75.72633333333333,0.0,0.0,0,76.03,0.0,cryptic-beechnut-h78,Cascade foothills,raw
2018-10-01,99.2,0.0,0.0,0.0,17.6,0.26,0.0,17.86,99.2,99.59677419354838,0.0,0.0,0,157.34,0.0,cryptic-beechnut-h78,Cascade foothills,raw
2018-11-01,137.5,0.0,0.41,4.3419242,25.83,0.14,0.0,25.97,78.11,210.864,10.677,59.39,10,204.74,59.39,cryptic-beechnut-h78,Cascade foothills,raw
2018-12-01,220.8,0.0,0.24,7.5887535,15.620000000000001,0.0,0.0,15.620000000000001,26.6,207.2758064516129,155.95774193548385,253.59,31,207.83,253.59,cryptic-beechnut-h78,Cascade foothills,raw
2019-01-01,126.60000000000001,0.0,0.0,7.5887535,23.58,0.09,0.0,23.67,21.72,202.60645161290324,315.74,358.47,31,198.26,358.47,cryptic-beechnut-h78,Cascade foothills,raw
2019-02-01,114.1,0.0,0.0,3.13840662,17.24,0.0,0.0,17.24,2.63,189.38321428571427,420.7942857142857,469.94,28,180.08,469.94,cryptic-beechnut-h78,Cascade foothills,raw
2019-03-01,21.4,0.0,0.0,0.0,60.49,0.3,0.0,60.79,146.84,179.77387096774194,456.7864516129032,479.34,31,266.1,344.52,cryptic-beechnut-h78,Cascade foothills,raw
2019-04-01,53.1,0.0,23.98,6.6060638665,75.74,0.37,0.0,76.11,397.61,483.8263333333333,120.23066666666666,324.27,20,557.03,0.0,cryptic-beechnut-h78,Cascade foothills,raw
2019-05-01,49.5,0.0,41.92,7.5887535,134.32999999999998,0.62,0.0,134.95,49.5,477.50774193548386,0.0,0.0,0,422.07,0.0,cryptic-beechnut-h78,Cascade foothills,raw
2019-06-01,17.2,0.0,26.28,7.343955,160.18,0.57,0.0,160.75,17.2,320.6986666666666,0.0,0.0,0,244.93,0.0,cryptic-beechnut-h78,Cascade foothills,raw
2019-07-01,11.9,0.0,8.94,7.343955,160.24,0.55,0.0,160.79,11.9,158.7248387096774,0.0,0.0,0,79.77,0.0,cryptic-beechnut-h78,Cascade foothills,raw
2019-08-01,19.9,0.0,0.0,0.0,20.08,0.63,0.0,20.71,19.9,82.21774193548387,0.0,0.0,0,78.99,0.0,cryptic-beechnut-h78,Cascade foothills,raw
2019-09-01,75.6,0.0,0.0,0.0,18.36,0.29,0.0,18.650000000000002,75.6,98.26833333333335,0.0,0.0,0,135.91,0.0,cryptic-beechnut-h78,Cascade foothills,raw
2019-10-01,102.80000000000001,0.005392468,0.0,0.07844156,37.46,0.25,0.0,37.71,102.80000000000001,167.0790322580645,0.47516129032258064,5.6,3,200.9,0.0,cryptic-beechnut-h78,Cascade foothills,raw
2019-11-01,43.7,0.0,0.0,5.852014854,35.23,0.16,0.0,35.39,27.21,188.64133333333334,2.4343333333333335,16.49,7,186.85,16.49,cryptic-beechnut-h78,Cascade foothills,raw
2019-12-01,159.2,0.0,0.52,3.89631367,11.0,0.0,0.0,11.0,45.769999999999996,211.67612903225807,53.86096774193548,129.93,31,217.14,129.93,cryptic-beechnut-h78,Cascade foothills,raw
2020-01-01,282.2,0.0,0.8,7.5887535,15.31,0.02,0.0,15.33,16.63,210.64967741935484,283.47064516129035,395.49,31,210.01,395.49,cryptic-beechnut-h78,Cascade foothills,raw
2020-02-01,113.2,0.0,0.13,7.0991565,33.13,0.16,0.0,33.29,16.4,202.10344827586206,462.7831034482758,492.29,29,185.88,492.29,cryptic-beechnut-h78,Cascade foothills,raw
2020-03-01,50.3,0.0,0.24000000000000002,7.4278912,56.49,0.3,0.0,56.79,169.71,221.18,446.79290322580647,496.58,31,291.01,372.87,cryptic-beechnut-h78,Cascade foothills,raw
2020-04-01,29.5,0.0,21.15,7.343955,91.02,0.45,0.0,91.47,402.39,453.01433333333335,165.32433333333333,373.57,21,573.42,0.0,cryptic-beechnut-h78,Cascade foothills,raw
2020-05-01,43.5,0.0,42.79,7.5887535,124.4,0.59,0.0,124.99,43.5,508.8051612903226,0.0,0.0,0,441.26,0.0,cryptic-beechnut-h78,Cascade foothills,raw
2020-06-01,26.4,0.0,30.48,7.343955,133.68,0.65,0.0,134.33,26.4,374.39833333333337,0.0,0.0,0,295.35,0.0,cryptic-beechnut-h78,Cascade foothills,raw
2020-07-01,0.0,0.0,13.23,7.5887535,187.85999999999999,0.21,0.0,188.07,0.0,191.64290322580646,0.0,0.0,0,86.52,0.0,cryptic-beechnut-h78,Cascade foothills,raw
2020-08-01,1.5,0.0,0.0,0.4038265,12.63,0.26,0.0,12.89,1.5,76.26064516129033,0.0,0.0,0,74.78,0.0,cryptic-beechnut-h78,Cascade foothills,raw
2020-09-01,61.7,0.0,0.0,0.0,11.72,0.3,0.0,12.02,61.7,89.33633333333334,0.0,0.0,0,124.5,0.0,cryptic-beechnut-h78,Cascade foothills,raw
2020-10-01,140.2,0.1634649,0.02,1.8838227,38.44,0.29,0.0,38.73,140.2,181.3174193548387,3.691290322580645,24.7,6,223.93,0.0,cryptic-beechnut-h78,Cascade foothills,raw
2020-11-01,170.9,0.0,7.01,7.343955,23.34,0.06,0.0,23.4,152.2,301.7213333333333,4.325333333333333,18.7,17,338.33,18.7,cryptic-beechnut-h78,Cascade foothills,raw
2020-12-01,129.5,0.0,17.38,7.5887535,19.35,0.02,0.0,19.37,49.17,340.72322580645164,38.704193548387096,99.02,31,343.08,99.02,cryptic-beechnut-h78,Cascade foothills,raw
2021-01-01,189.60000000000002,0.0,16.080000000000002,7.5887535,19.91,0.05,0.0,19.96,5.8,324.40774193548384,227.05548387096775,282.82,31,305.23,282.82,cryptic-beechnut-h78,Cascade foothills,raw
2021-02-01,185.2,0.0,11.71,6.854358,27.31,0.12,0.0,27.43,11.67,288.54464285714283,356.00857142857143,456.36,28,270.89,456.36,cryptic-beechnut-h78,Cascade foothills,raw
2021-03-01,48.7,0.0,10.42,7.5887535,60.9,0.31,0.0,61.209999999999994,66.1,240.3941935483871,460.2622580645162,482.76,31,257.86,438.95,cryptic-beechnut-h78,Cascade foothills,raw
2021-04-01,16.2,0.0,19.96,7.343955,100.99,0.49,0.0,101.47999999999999,455.15,432.7056666666667,213.355,420.06,26,584.07,0.0,cryptic-beechnut-h78,Cascade foothills,raw
2021-05-01,23.0,0.0,43.78,7.5887535,126.8,0.58,0.0,127.38,23.0,500.2732258064516,0.0,0.0,0,427.91,0.0,cryptic-beechnut-h78,Cascade foothills,raw
2021-06-01,17.2,0.0,28.9,7.343955,173.35999999999999,0.64,0.0,174.0,17.2,343.0776666666667,0.0,0.0,0,234.85,0.0,cryptic-beechnut-h78,Cascade foothills,raw
2021-07-01,0.0,0.0,5.84,5.385567,148.12,0.1,0.0,148.22,0.0,127.19935483870967,0.0,0.0,0,75.41,0.0,cryptic-beechnut-h78,Cascade foothills,raw
2021-08-01,11.8,0.0,0.0,0.0,9.75,0.55,0.0,10.3,11.8,78.77290322580646,0.0,0.0,0,76.68,0.0,cryptic-beechnut-h78,Cascade foothills,raw
2021-09-01,23.8,0.0,0.0,0.0,7.2700000000000005,0.33,0.0,7.6000000000000005,23.8,80.62366666666667,0.0,0.0,0,92.52,0.0,cryptic-beechnut-h78,Cascade foothills,raw
2021-10-01,97.2,0.0,0.0,0.0,19.11,0.22,0.0,19.33,97.2,114.38580645161291,0.0,0.0,0,170.36,0.0,cryptic-beechnut-h78,Cascade foothills,raw
2021-11-01,207.5,0.0,3.6,3.5291784,27.37,0.11,0.0,27.48,207.5,266.3146666666667,5.749666666666667,18.4,14,343.19,0.0,cryptic-beechnut-h78,Cascade foothills,raw
2021-12-01,171.3,0.0,16.99,7.5887535,14.92,0.01,0.0,14.93,35.72,346.0216129032258,64.11612903225807,135.58,28,339.29,135.58,cryptic-beechnut-h78,Cascade foothills,raw
2022-01-01,173.8,0.0,16.21,7.5887535,22.08,0.05,0.0,22.13,27.2,325.0148387096774,260.2541935483871,299.68,31,320.52,282.18,cryptic-beechnut-h78,Cascade foothills,raw
2022-02-01,51.2,0.0,14.99,6.854358,38.24,0.14,0.0,38.38,105.94,351.83178571428573,225.71214285714285,285.08,28,366.2,227.44,cryptic-beechnut-h78,Cascade foothills,raw
2022-03-01,111.2,0.0,31.75,7.5887535,55.49,0.26,0.0,55.75,338.65,500.78806451612905,116.36322580645162,220.26,27,609.8,0.0,cryptic-beechnut-h78,Cascade foothills,raw
2022-04-01,116.7,0.0,49.48,7.343955,61.03,0.32,0.0,61.35,116.69,605.3966666666668,24.964,61.9,21,608.31,0.0,cryptic-beechnut-h78,Cascade foothills,raw
2022-05-01,75.1,0.0,49.98,7.5887535,78.07000000000001,0.39,0.0,78.46,75.1,591.6764516129033,0.4906451612903226,7.9,2,547.25,0.0,cryptic-beechnut-h78,Cascade foothills,raw
2022-06-01,48.8,0.0,40.83,7.343955,117.31,0.52,0.0,117.83,48.8,510.8446666666667,0.0,0.0,0,430.0,0.0,cryptic-beechnut-h78,Cascade foothills,raw
2022-07-01,7.3,0.0,28.74,7.5887535,196.37,0.33,0.0,196.7,7.3,328.51,0.0,0.0,0,204.29,0.0,cryptic-beechnut-h78,Cascade foothills,raw
2022-08-01,0.0,0.0,4.19,4.89597,120.06,0.0,0.0,120.06,0.0,113.61548387096774,0.0,0.0,0,75.16,0.0,cryptic-beechnut-h78,Cascade foothills,raw
2022-09-01,7.2,0.0,0.0,0.0,5.22,0.23,0.0,5.45,7.2,76.82466666666667,0.0,0.0,0,76.7,0.0,cryptic-beechnut-h78,Cascade foothills,raw
2022-10-01,49.3,0.0,0.0,0.0,4.06,0.21,0.0,4.27,49.3,82.30387096774194,0.0,0.0,0,121.75,0.0,cryptic-beechnut-h78,Cascade foothills,raw
2022-11-01,207.2,0.0,0.0,0.0,11.67,0.06,0.0,11.73,2.05,117.16000000000001,130.35,205.15,28,112.01,205.15,cryptic-beechnut-h78,Cascade foothills,raw
2022-12-01,165.0,0.0,0.0,0.0,5.98,0.0,0.0,5.98,14.2,109.82709677419355,261.01129032258063,355.95,31,120.16,355.95,cryptic-beechnut-h78,Cascade foothills,raw
2016-01-01,170.7,0.0,42.45,7.5887845,9.42,0.0,0.0,9.42,35.04,371.61129032258066,352.4174193548387,421.34,31,365.79,421.34,cryptic-beechnut-h132,Cascade foothills,clipped
2016-02-01,115.8,0.0,33.7,7.0991855,20.14,0.04,0.0,20.18,77.14,362.908275862069,452.6144827586207,491.75,29,381.87,460.01,cryptic-beechnut-h132,Cascade foothills,clipped
2016-03-01,122.8,0.0,50.61,7.5887845,44.21,0.21000000000000002,0.0,44.42,224.22,417.27967741935487,466.1051612903226,495.59,31,503.48,358.6,cryptic-beechnut-h132,Cascade foothills,clipped
2016-04-01,20.4,0.0,144.06,7.343985,95.01,0.45,0.0,95.46,379.02000000000004,690.7273333333334,65.55833333333334,323.4,12,635.63,0.0,cryptic-beechnut-h132,Cascade foothills,clipped
2016-05-01,40.0,0.0,116.14,7.5887845,121.23,0.5700000000000001,0.0,121.8,40.0,521.95,0.0,0.0,0,430.13,0.0,cryptic-beechnut-h132,Cascade foothills,clipped
2016-06-01,20.400000000000002,0.0,63.02,7.343985,136.49,0.56,0.0,137.05,20.400000000000002,329.7393333333333,0.0,0.0,0,243.14,0.0,cryptic-beechnut-h132,Cascade foothills,clipped
2016-07-01,36.6,0.0,19.22,7.343985,142.61,0.67,0.0,143.28,36.6,175.95387096774192,0.0,0.0,0,109.95,0.0,cryptic-beechnut-h132,Cascade foothills,clipped
2016-08-01,3.3,0.0,0.0,0.0,19.54,0.42,0.0,19.96,3.3,96.56967741935483,0.0,0.0,0,93.29,0.0,cryptic-beechnut-h132,Cascade foothills,clipped
2016-09-01,22.5,0.0,0.0,0.0,10.07,0.36,0.0,10.43,22.5,99.81400000000001,0.0,0.0,0,105.16,0.0,cryptic-beechnut-h132,Cascade foothills,clipped
2016-10-01,221.4,0.0,0.0,0.0,17.85,0.11,0.0,17.96,221.4,201.68645161290326,0.0,0.0,0,308.57,0.0,cryptic-beechnut-h132,Cascade foothills,clipped
2016-11-01,88.7,0.0,16.23,7.2976825000000005,15.540000000000001,0.01,0.0,15.55,49.16,320.98566666666665,5.726,39.54,10,318.46,39.54,cryptic-beechnut-h132,Cascade foothills,clipped
2016-12-01,147.0,0.0,18.24,7.5887845,10.09,0.0,0.0,10.09,10.37,300.46935483870965,115.10516129032258,176.17,31,292.8,176.17,cryptic-beechnut-h132,Cascade foothills,clipped
2017-01-01,76.2,0.0,9.91,7.5887845,10.34,0.0,0.0,10.34,3.9699999999999998,279.76161290322585,213.3416129032258,248.41,31,268.89,248.41,cryptic-beechnut-h132,Cascade foothills,clipped
2017-02-01,151.5,0.0,4.84,6.854386,18.53,0.04,0.0,18.57,23.6,270.8692857142857,329.985,376.31,28,262.2,376.31,cryptic-beechnut-h132,Cascade foothills,clipped
2017-03-01,198.3,0.0,3.71,7.5887845,33.18,0.12,0.0,33.3,32.76,264.9748387096774,459.8054838709678,541.85,31,250.27,541.85,cryptic-beechnut-h132,Cascade foothills,clipped
2017-04-01,73.1,0.0,25.54,7.343985,59.69,0.32,0.0,60.01,392.42,394.7923333333334,401.0743333333333,535.06,30,549.59,222.54,cryptic-beechnut-h132,Cascade foothills,clipped
2017-05-01,46.1,0.0,141.28,7.5887845,112.46,0.54,0.0,113.0,268.64,649.6177419354839,26.366774193548387,215.39,8,556.35,0.0,cryptic-beechnut-h132,Cascade foothills,clipped
2017-06-01,21.0,0.0,94.11,7.343985,133.37,0.55,0.0,133.92,21.0,448.9803333333333,0.0,0.0,0,341.97,0.0,cryptic-beechnut-h132,Cascade foothills,clipped
2017-07-01,0.0,0.0,36.0,7.5887845,180.83,0.16,0.0,180.99,0.0,219.22612903225806,0.0,0.0,0,117.44,0.0,cryptic-beechnut-h132,Cascade foothills,clipped
2017-08-01,1.5,0.0,0.06,0.489599,25.71,0.22,0.0,25.93,1.5,95.96935483870968,0.0,0.0,0,92.47,0.0,cryptic-beechnut-h132,Cascade foothills,clipped
2017-09-01,13.3,0.0,0.0,0.0,4.43,0.26,0.0,4.69,13.3,95.586,0.0,0.0,0,101.01,0.0,cryptic-beechnut-h132,Cascade foothills,clipped
2017-10-01,163.2,0.0,0.07,0.0,21.99,0.24,0.0,22.23,163.2,162.04516129032257,0.4767741935483871,7.4,3,241.92,0.0,cryptic-beechnut-h132,Cascade foothills,clipped
2017-11-01,176.1,0.0,0.97,1.05596933,11.34,0.01,0.0,11.35,102.12,270.752,40.495333333333335,73.99,29,330.58,73.99,cryptic-beechnut-h132,Cascade foothills,clipped
2017-12-01,119.89999999999999,0.0,21.1,7.5887845,8.58,0.0,0.0,8.58,15.15,311.92,110.60451612903226,178.74,31,308.43,178.74,cryptic-beechnut-h132,Cascade foothills,clipped
2018-01-01,185.8,0.0,14.15,7.5887845,10.1,0.0,0.0,10.1,8.6,296.11645161290323,253.97225806451613,355.94,31,285.16,355.94,cryptic-beechnut-h132,Cascade foothills,clipped
2018-02-01,126.6,0.0,7.45,6.854386,21.900000000000002,0.03,0.0,21.93,8.51,269.5964285714286,409.90464285714285,474.03,28,257.37,474.03,cryptic-beechnut-h132,Cascade foothills,clipped
2018-03-01,52.300000000000004,0.0,3.14,7.5887845,43.78,0.25,0.0,44.03,13.850000000000001,241.821935483871,495.12999999999994,512.48,31,216.49,512.48,cryptic-beechnut-h132,Cascade foothills,clipped
2018-04-01,100.8,0.0,23.27,7.343985,62.63,0.32,0.0,62.949999999999996,520.56,391.386,374.97099999999995,512.48,30,643.57,92.69,cryptic-beechnut-h132,Cascade foothills,clipped
2018-05-01,33.4,0.0,132.29,7.5887845,131.63,0.62,0.0,132.25,126.09,608.1803225806451,3.2580645161290325,67.8,2,497.4,0.0,cryptic-beechnut-h132,Cascade foothills,clipped
2018-06-01,20.9,0.0,79.75,7.343985,127.01,0.5,0.0,127.50999999999999,20.9,396.4043333333333,0.0,0.0,0,303.64,0.0,cryptic-beechnut-h132,Cascade foothills,clipped
2018-07-01,0.0,0.0,27.66,7.0991855,166.39,0.19,0.0,166.57999999999998,0.0,193.03354838709677,0.0,0.0,0,102.34,0.0,cryptic-beechnut-h132,Cascade foothills,clipped
2018-08-01,0.0,0.0,0.0,0.0,10.51,0.0,0.0,10.51,0.0,93.36709677419356,0.0,0.0,0,91.81,0.0,cryptic-beechnut-h132,Cascade foothills,clipped
2018-09-01,4.0,0.0,0.0,0.0,1.92,0.15,0.0,2.07,4.0,93.13000000000001,0.0,0.0,0,93.73,0.0,cryptic-beechnut-h132,Cascade foothills,clipped
2018-10-01,98.6,0.0,0.0,0.0,14.86,0.2,0.0,15.06,98.6,118.49870967741936,0.0,0.0,0,177.23,0.0,cryptic-beechnut-h132,Cascade foothills,clipped
2018-11-01,135.6,0.0,0.0,0.0,15.790000000000001,0.0,0.0,15.790000000000001,73.9,236.07466666666667,11.456666666666667,61.7,10,235.26,61.7,cryptic-beechnut-h132,Cascade foothills,clipped
2018-12-01,218.6,0.0,0.0,0.0,9.69,0.0,0.0,9.69,17.86,239.2306451612903,162.81290322580645,262.44,31,243.38,262.44,cryptic-beechnut-h132,Cascade foothills,clipped
2019-01-01,127.1,0.0,0.0,0.8757619,16.41,0.01,0.0,16.42,27.86,249.14193548387095,320.8109677419355,361.68,31,253.88,361.68,cryptic-beechnut-h132,Cascade foothills,clipped
2019-02-01,115.3,0.0,0.0,2.813381679,13.780000000000001,0.0,0.0,13.780000000000001,0.63,245.73678571428573,425.73214285714283,476.34,28,237.87,476.34,cryptic-beechnut-h132,Cascade foothills,clipped
2019-03-01,21.2,0.0,0.0,0.1281531,47.33,0.2,0.0,47.53,166.09,248.9209677419355,457.0822580645161,486.59,31,356.26,331.46,cryptic-beechnut-h132,Cascade foothills,clipped
2019-04-01,51.8,0.0,79.26,7.343985,64.21,0.32,0.0,64.53,383.23,549.025,114.925,307.82,21,588.32,0.0,cryptic-beechnut-h132,Cascade foothills,clipped
2019-05-01,49.099999999999994,0.0,101.18,7.5887845,116.36,0.5,0.0,116.86,49.099999999999994,485.09967741935486,0.0,0.0,0,411.85,0.0,cryptic-beechnut-h132,Cascade foothills,clipped
2019-06-01,17.2,0.0,55.29,7.343985,141.85,0.49,0.0,142.34,17.2,303.29633333333334,0.0,0.0,0,224.09,0.0,cryptic-beechnut-h132,Cascade foothills,clipped
2019-07-01,12.0,0.0,12.81,5.875188,120.86,0.56,0.0,121.41999999999999,12.0,148.42580645161289,0.0,0.0,0,95.96,0.0,cryptic-beechnut-h132,Cascade foothills,clipped
2019-08-01,19.6,0.0,0.0,0.0,16.01,0.55,0.0,16.56,19.6,101.23645161290322,0.0,0.0,0,98.97,0.0,cryptic-beechnut-h132,Cascade foothills,clipped
2019-09-01,74.3,0.0,0.0,0.0,17.78,0.31,0.0,18.09,59.1,116.61366666666666,0.9533333333333334,15.2,2,139.96,15.2,cryptic-beechnut-h132,Cascade foothills,clipped
2019-10-01,102.0,0.0,0.0,0.0,29.81,0.21,0.0,30.02,117.2,187.77354838709675,0.9148387096774193,13.73,4,227.15,0.0,cryptic-beechnut-h132,Cascade foothills,clipped
2019-11-01,43.2,0.0,0.0,0.0,20.6,0.05,0.0,20.650000000000002,25.6,227.01000000000002,2.7133333333333334,17.6,7,232.05,17.6,cryptic-beechnut-h132,Cascade foothills,clipped
2019-12-01,158.2,0.0,0.0,2.3351703,6.83,0.0,0.0,6.83,32.55,251.95451612903227,62.63193548387097,143.25,31,255.42,143.25,cryptic-beechnut-h132,Cascade foothills,clipped
2020-01-01,283.0,0.0,0.0,1.1324002479,11.27,0.0,0.0,11.27,0.0,248.93064516129033,302.78548387096777,426.25,31,242.97,426.25,cryptic-beechnut-h132,Cascade foothills,clipped
2020-02-01,114.2,0.0,0.0,0.0,25.3,0.1,0.0,25.4,11.0,239.69172413793106,497.05689655172415,529.45,29,228.55,529.45,cryptic-beechnut-h132,Cascade foothills,clipped
2020-03-01,50.0,0.0,0.0,0.0,44.68,0.26,0.0,44.94,101.42999999999999,230.00322580645164,527.5638709677419,554.85,31,284.94,478.03,cryptic-beechnut-h132,Cascade foothills,clipped
2020-04-01,28.5,0.0,51.6,6.3574338,76.34,0.34,0.0,76.67999999999999,506.52,489.09566666666666,232.153,479.33,25,656.83,0.0,cryptic-beechnut-h132,Cascade foothills,clipped
2020-05-01,43.3,0.0,119.04,7.5887845,107.93,0.5,0.0,108.42999999999999,43.3,556.6196774193548,0.0,0.0,0,464.76,0.0,cryptic-beechnut-h132,Cascade foothills,clipped
2020-06-01,26.3,0.0,71.6,7.343985,118.87,0.52,0.0,119.39,26.3,382.3573333333333,0.0,0.0,0,292.53,0.0,cryptic-beechnut-h132,Cascade foothills,clipped
2020-07-01,0.0,0.0,26.76,7.0991855,155.38,0.21,0.0,155.59,0.0,190.46354838709678,0.0,0.0,0,103.17,0.0,cryptic-beechnut-h132,Cascade foothills,clipped
2020-08-01,1.5,0.0,0.0,0.0,12.18,0.26,0.0,12.44,1.5,94.10193548387096,0.0,0.0,0,92.23,0.0,cryptic-beechnut-h132,Cascade foothills,clipped
2020-09-01,60.6,0.0,0.0,0.0,10.12,0.25,0.0,10.37,60.6,106.75266666666667,0.0,0.0,0,142.47,0.0,cryptic-beechnut-h132,Cascade foothills,clipped
2020-10-01,138.8,0.0,0.0,0.0,32.05,0.22,0.0,32.27,138.8,201.8316129032258,3.6206451612903225,24.4,6,249.03,0.0,cryptic-beechnut-h132,Cascade foothills,clipped
2020-11-01,168.4,0.0,5.3100000000000005,4.8704457,15.17,0.02,0.0,15.19,61.599999999999994,285.0293333333333,52.70333333333333,106.8,22,285.15,106.8,cryptic-beechnut-h132,Cascade foothills,clipped
2020-12-01,128.5,0.0,8.17,7.5887845,11.15,0.0,0.0,11.15,9.83,271.5954838709677,151.56645161290325,225.47,31,268.03,225.47,cryptic-beechnut-h132,Cascade foothills,clipped
2021-01-01,190.4,0.0,2.99,7.5887845,11.28,0.0,0.0,11.28,5.85,260.3267741935484,353.9587096774194,410.02,31,251.98,410.02,cryptic-beechnut-h132,Cascade foothills,clipped
2021-02-01,187.0,0.0,0.15,5.42042653,17.33,0.02,0.0,17.35,4.62,242.53035714285716,488.3142857142857,592.4,28,233.61,592.4,cryptic-beechnut-h132,Cascade foothills,clipped
2021-03-01,48.2,0.0,0.0,0.0,45.57,0.23,0.0,45.8,12.03,213.2816129032258,603.8864516129032,628.57,31,199.86,628.57,cryptic-beechnut-h132,Cascade foothills,clipped
2021-04-01,15.8,0.0,24.73,4.3258976,81.15,0.41000000000000003,0.0,81.56,609.89,409.9676666666667,383.4153333333333,612.03,30,699.12,34.49,cryptic-beechnut-h132,Cascade foothills,clipped
2021-05-01,22.9,0.0,137.13,7.5887845,109.35,0.5,0.0,109.85,57.39,606.4012903225806,0.4087096774193548,12.67,1,501.55,0.0,cryptic-beechnut-h132,Cascade foothills,clipped
2021-06-01,17.2,0.0,80.42999999999999,7.343985,145.8,0.6,0.0,146.4,17.2,397.6926666666667,0.0,0.0,0,284.65,0.0,cryptic-beechnut-h132,Cascade foothills,clipped
2021-07-01,0.0,0.0,21.29,6.364787,160.58,0.11,0.0,160.69,0.0,170.47096774193548,0.0,0.0,0,96.35,0.0,cryptic-beechnut-h132,Cascade foothills,clipped
2021-08-01,11.6,0.0,0.0,0.0,12.22,0.67,0.0,12.89,11.6,97.26612903225806,0.0,0.0,0,94.91,0.0,cryptic-beechnut-h132,Cascade foothills,clipped
2021-09-01,23.2,0.0,0.0,0.0,6.79,0.33,0.0,7.12,23.2,98.82866666666668,0.0,0.0,0,110.72,0.0,cryptic-beechnut-h132,Cascade foothills,clipped
2021-10-01,96.4,0.0,0.0,0.0,16.74,0.18,0.0,16.92,96.4,132.4841935483871,0.0,0.0,0,190.2,0.0,cryptic-beechnut-h132,Cascade foothills,clipped
2021-11-01,204.7,0.0,6.32,2.8866865,15.72,0.01,0.0,15.73,204.7,289.4193333333333,6.300333333333333,30.17,16,369.85,0.0,cryptic-beechnut-h132,Cascade foothills,clipped
2021-12-01,169.9,0.0,36.41,7.5887845,8.32,0.0,0.0,8.32,33.05,366.5058064516129,64.35483870967742,136.85,28,350.55,136.85,cryptic-beechnut-h132,Cascade foothills,clipped
2022-01-01,174.29999999999998,0.0,28.54,7.5887845,14.69,0.02,0.0,14.71,36.699999999999996,335.0870967741936,259.1432258064516,301.35,31,336.36,274.45,cryptic-beechnut-h132,Cascade foothills,clipped
2022-02-01,51.7,0.0,35.45,6.854386,25.45,0.12,0.0,25.57,144.21,391.93321428571426,193.65571428571428,277.35,28,412.69,181.93,cryptic-beechnut-h132,Cascade foothills,clipped
2022-03-01,109.89999999999999,0.0,74.74,7.5887845,42.37,0.22,0.0,42.59,291.83,492.96322580645165,110.74645161290321,195.23,28,579.44,0.0,cryptic-beechnut-h132,Cascade foothills,clipped
2022-04-01,114.0,0.0,98.76,7.343985,52.55,0.26,0.0,52.809999999999995,114.0,535.2583333333333,39.605333333333334,82.19,24,534.53,0.0,cryptic-beechnut-h132,Cascade foothills,clipped
2022-05-01,74.2,0.0,89.53,7.5887845,72.68,0.36,0.0,73.03999999999999,74.2,497.60161290322577,0.5061290322580645,7.85,2,438.52,0.0,cryptic-beechnut-h132,Cascade foothills,clipped
2022-06-01,48.6,0.0,59.53,7.343985,104.85,0.45,0.0,105.3,48.6,395.6093333333334,0.0,0.0,0,314.88,0.0,cryptic-beechnut-h132,Cascade foothills,clipped
2022-07-01,7.3999999999999995,0.0,31.3,7.5887845,168.37,0.36,0.0,168.73,7.3999999999999995,217.0935483870968,0.0,0.0,0,114.68,0.0,cryptic-beechnut-h132,Cascade foothills,clipped
2022-08-01,0.0,0.0,0.02,0.489599,22.27,0.0,0.0,22.27,0.0,95.00387096774193,0.0,0.0,0,91.9,0.0,cryptic-beechnut-h132,Cascade foothills,clipped
2022-09-01,7.0,0.0,0.0,0.0,3.77,0.25,0.0,4.0200000000000005,7.0,94.25366666666667,0.0,0.0,0,94.69,0.0,cryptic-beechnut-h132,Cascade foothills,clipped
2022-10-01,48.9,0.0,0.0,0.0,4.13,0.22,0.0,4.35,48.9,100.16161290322582,0.0,0.0,0,139.26,0.0,cryptic-beechnut-h132,Cascade foothills,clipped
2022-11-01,204.0,0.0,0.0,0.0,9.59,0.0,0.0,9.59,1.33,135.16966666666667,128.87933333333334,202.67,28,130.94,202.67,cryptic-beechnut-h132,Cascade foothills,clipped
2022-12-01,163.9,0.0,0.0,0.0,5.0200000000000005,0.0,0.0,5.0200000000000005,17.0,129.29096774193548,257.9925806451613,349.57,31,142.89,349.57,cryptic-beechnut-h132,Cascade foothills,clipped
2016-01-01,170.7,0.0,39.949999999999996,7.5887845,11.49,0.01,0.0,11.5,35.04,363.48580645161286,352.6874193548387,421.61,31,357.63,421.61,cryptic-beechnut-h132,Cascade foothills,raw
2016-02-01,115.8,0.0,28.759999999999998,7.0991855,27.78,0.12,0.0,27.9,47.47,340.0462068965517,465.94172413793103,497.8,29,341.3,489.96,cryptic-beechnut-h132,Cascade foothills,raw
2016-03-01,122.8,0.0,33.94,7.5887845,53.61,0.29000000000000004,0.0,53.9,181.8,365.16354838709674,511.7425806451613,536.51,31,427.66,430.95,cryptic-beechnut-h132,Cascade foothills,raw
2016-04-01,20.4,0.0,124.78,7.343985,101.81,0.47000000000000003,0.0,102.28,451.37,658.2063333333333,105.89133333333332,396.33,17,644.57,0.0,cryptic-beechnut-h132,Cascade foothills,raw
2016-05-01,40.0,0.0,116.59,7.5887845,137.53,0.64,0.0,138.17,40.0,521.4683870967742,0.0,0.0,0,422.22,0.0,cryptic-beechnut-h132,Cascade foothills,raw
2016-06-01,20.400000000000002,0.0,59.0,7.343985,156.57,0.62,0.0,157.19,20.400000000000002,312.334,0.0,0.0,0,219.08,0.0,cryptic-beechnut-h132,Cascade foothills,raw
2016-07-01,36.6,0.0,12.17,5.875188,133.6,0.71,0.0,134.31,36.6,151.58129032258066,0.0,0.0,0,103.29,0.0,cryptic-beechnut-h132,Cascade foothills,raw
2016-08-01,3.3,0.0,0.0,0.0,11.76,0.61,0.0,12.370000000000001,3.3,97.44806451612902,0.0,0.0,0,94.22,0.0,cryptic-beechnut-h132,Cascade foothills,raw
2016-09-01,22.5,0.0,0.0,0.0,10.75,0.4,0.0,11.15,22.5,100.29566666666666,0.0,0.0,0,105.37,0.0,cryptic-beechnut-h132,Cascade foothills,raw
2016-10-01,221.4,0.0,0.0,0.0,20.16,0.13,0.0,20.29,221.4,200.96290322580646,0.0,0.0,0,306.46,0.0,cryptic-beechnut-h132,Cascade foothills,raw
2016-11-01,88.7,0.0,14.73,7.2396326,21.45,0.07,0.0,21.52,49.16,315.7726666666667,5.726,39.54,10,312.02,39.54,cryptic-beechnut-h132,Cascade foothills,raw
2016-12-01,147.0,0.0,16.28,7.5887845,13.290000000000001,0.0,0.0,13.290000000000001,10.37,293.2090322580645,115.10516129032258,176.17,31,285.13,176.17,cryptic-beechnut-h132,Cascade foothills,raw
2017-01-01,76.2,0.0,8.49,7.5887845,11.93,0.0,0.0,11.93,3.9699999999999998,271.9425806451613,213.3416129032258,248.41,31,261.01,248.41,cryptic-beechnut-h132,Cascade foothills,raw
2017-02-01,151.5,0.0,3.09,6.854386,22.81,0.07,0.0,22.88,23.6,261.1089285714286,329.985,376.31,28,251.73,376.31,cryptic-beechnut-h132,Cascade foothills,raw
2017-03-01,198.3,0.0,0.36,7.5887845,39.73,0.19,0.0,39.92,32.76,252.8948387096774,459.8054838709678,541.85,31,236.61,541.85,cryptic-beechnut-h132,Cascade foothills,raw
2017-04-01,73.1,0.0,11.4,5.598858892,68.25,0.32,0.0,68.57,331.12,340.50100000000003,442.7043333333333,542.85,30,482.15,283.83,cryptic-beechnut-h132,Cascade foothills,raw
2017-05-01,46.1,0.0,129.55,7.5887845,121.86,0.58,0.0,122.44,329.95,630.6903225806452,44.682580645161295,278.61,10,552.47,0.0,cryptic-beechnut-h132,Cascade foothills,raw
2017-06-01,21.0,0.0,92.68,7.343985,147.35999999999999,0.59,0.0,147.95,21.0,439.705,0.0,0.0,0,325.51,0.0,cryptic-beechnut-h132,Cascade foothills,raw
2017-07-01,0.0,0.0,29.57,7.0991855,185.53,0.12,0.0,185.65,0.0,198.08774193548388,0.0,0.0,0,103.22,0.0,cryptic-beechnut-h132,Cascade foothills,raw
2017-08-01,1.5,0.0,0.0,0.0,12.08,0.22,0.0,12.299999999999999,1.5,94.06967741935483,0.0,0.0,0,92.39,0.0,cryptic-beechnut-h132,Cascade foothills,raw
2017-09-01,13.3,0.0,0.0,0.0,4.36,0.32,0.0,4.68,13.3,95.53833333333334,0.0,0.0,0,100.96,0.0,cryptic-beechnut-h132,Cascade foothills,raw
2017-10-01,163.2,0.0,0.07,0.0,24.82,0.26,0.0,25.080000000000002,163.2,161.29129032258064,0.5083870967741936,7.4,3,238.9,0.0,cryptic-beechnut-h132,Cascade foothills,raw
2017-11-01,176.1,0.0,0.54,0.83366666,13.95,0.01,0.0,13.959999999999999,93.96000000000001,263.35033333333337,43.657000000000004,82.15,29,317.44,82.15,cryptic-beechnut-h132,Cascade foothills,raw
2017-12-01,119.89999999999999,0.0,16.82,7.5887845,11.42,0.0,0.0,11.42,15.15,299.3864516129032,118.76451612903226,186.9,31,296.67,186.9,cryptic-beechnut-h132,Cascade foothills,raw
2018-01-01,185.8,0.0,10.36,7.5887845,11.43,0.0,0.0,11.43,8.6,285.7283870967742,262.1322580645161,364.1,31,275.86,364.1,cryptic-beechnut-h132,Cascade foothills,raw
2018-02-01,126.6,0.0,4.74,6.854386,25.35,0.11,0.0,25.46,8.51,259.5489285714286,418.0646428571428,482.19,28,247.31,482.19,cryptic-beechnut-h132,Cascade foothills,raw
2018-03-01,52.300000000000004,0.0,1.12,7.5887845,49.29,0.26,0.0,49.55,13.850000000000001,230.7722580645161,503.29,520.64,31,202.94,520.64,cryptic-beechnut-h132,Cascade foothills,raw
2018-04-01,100.8,0.0,12.22,5.312698162,70.01,0.36,0.0,70.37,455.74,345.615,417.03066666666666,528.74,30,570.81,165.7,cryptic-beechnut-h132,Cascade foothills,raw
2018-05-01,33.4,0.0,124.92,7.5887845,141.1,0.67,0.0,141.77,199.1,603.3016129032258,10.275161290322579,140.81,4,495.49,0.0,cryptic-beechnut-h132,Cascade foothills,raw
2018-06-01,20.9,0.0,78.95,7.343985,137.07,0.54,0.0,137.60999999999999,20.9,390.38266666666664,0.0,0.0,0,292.43,0.0,cryptic-beechnut-h132,Cascade foothills,raw
2018-07-01,0.0,0.0,22.96,6.21432814,166.81,0.16,0.0,166.97,0.0,176.48516129032257,0.0,0.0,0,96.29,0.0,cryptic-beechnut-h132,Cascade foothills,raw
2018-08-01,0.0,0.0,0.0,0.0,4.57,0.0,0.0,4.57,0.0,92.64612903225807,0.0,0.0,0,91.74,0.0,cryptic-beechnut-h132,Cascade foothills,raw
2018-09-01,4.0,0.0,0.0,0.0,1.84,0.16,0.0,2.0,4.0,93.10333333333332,0.0,0.0,0,93.71,0.0,cryptic-beechnut-h132,Cascade foothills,raw
2018-10-01,98.6,0.0,0.0,0.0,15.38,0.25,0.0,15.63,98.6,118.19612903225806,0.0,0.0,0,176.69,0.0,cryptic-beechnut-h132,Cascade foothills,raw
2018-11-01,135.6,0.0,0.0,0.0,22.11,0.07,0.0,22.18,73.9,231.75833333333333,11.456666666666667,61.7,10,228.39,61.7,cryptic-beechnut-h132,Cascade foothills,raw
2018-12-01,218.6,0.0,0.0,0.0,11.98,0.0,0.0,11.98,17.86,231.0932258064516,162.81290322580645,262.44,31,234.2,262.44,cryptic-beechnut-h132,Cascade foothills,raw
2019-01-01,127.1,0.0,0.0,0.0,19.83,0.05,0.0,19.88,27.86,238.84290322580645,320.8109677419355,361.68,31,242.14,361.68,cryptic-beechnut-h132,Cascade foothills,raw
2019-02-01,115.3,0.0,0.0,0.0,15.02,0.0,0.0,15.02,0.63,235.9307142857143,425.73214285714283,476.34,28,227.7,476.34,cryptic-beechnut-h132,Cascade foothills,raw
2019-03-01,21.2,0.0,0.0,0.0,51.79,0.23,0.0,52.019999999999996,110.63,222.02096774193546,472.37387096774194,486.59,31,286.26,386.92,cryptic-beechnut-h132,Cascade foothills,raw
2019-04-01,51.8,0.0,55.43,5.90078691,71.52,0.36,0.0,71.88,438.71,494.02566666666667,166.05633333333333,367.99,23,591.77,0.0,cryptic-beechnut-h132,Cascade foothills,raw
2019-05-01,49.099999999999994,0.0,100.47,7.5887845,128.94,0.56,0.0,129.5,49.099999999999994,481.53741935483873,0.0,0.0,0,403.31,0.0,cryptic-beechnut-h132,Cascade foothills,raw
2019-06-01,17.2,0.0,51.88,7.343985,153.98,0.52,0.0,154.5,17.2,289.08366666666666,0.0,0.0,0,206.82,0.0,cryptic-beechnut-h132,Cascade foothills,raw
2019-07-01,12.0,0.0,8.85,4.6511905,109.83,0.65,0.0,110.47999999999999,12.0,133.29,0.0,0.0,0,94.81,0.0,cryptic-beechnut-h132,Cascade foothills,raw
2019-08-01,19.6,0.0,0.0,0.0,14.58,0.66,0.0,15.24,19.6,101.31516129032258,0.0,0.0,0,99.16,0.0,cryptic-beechnut-h132,Cascade foothills,raw
2019-09-01,74.3,0.0,0.0,0.0,18.3,0.32,0.0,18.62,59.1,116.59666666666666,0.9533333333333334,15.2,2,139.61,15.2,cryptic-beechnut-h132,Cascade foothills,raw
2019-10-01,102.0,0.0,0.0,0.0,36.35,0.25,0.0,36.6,117.19999999999999,184.41967741935485,1.221290322580645,14.74,6,220.01,0.0,cryptic-beechnut-h132,Cascade foothills,raw
2019-11-01,43.2,0.0,0.0,0.0,29.15,0.13,0.0,29.28,25.6,214.74833333333333,2.7133333333333334,17.6,7,216.29,17.6,cryptic-beechnut-h132,Cascade foothills,raw
2019-12-01,158.2,0.0,0.0,0.0,8.34,0.0,0.0,8.34,26.83,230.77612903225807,67.46000000000001,148.98,31,234.73,148.98,cryptic-beechnut-h132,Cascade foothills,raw
2020-01-01,283.0,0.0,0.0,0.0,11.83,0.01,0.0,11.84,0.0,229.0783870967742,308.5154838709677,431.98,31,222.83,431.98,cryptic-beechnut-h132,Cascade foothills,raw
2020-02-01,114.2,0.0,0.0,0.0,28.56,0.13,0.0,28.69,11.0,218.0951724137931,502.7868965517241,535.18,29,205.11,535.18,cryptic-beechnut-h132,Cascade foothills,raw
2020-03-01,50.0,0.0,0.0,0.0,41.0,0.27,0.0,41.269999999999996,65.97,196.38451612903225,545.4103225806452,560.58,31,229.7,519.21,cryptic-beechnut-h132,Cascade foothills,raw
2020-04-01,28.5,0.0,27.18,3.68219248,85.94,0.43,0.0,86.36999999999999,547.72,415.30766666666665,295.4103333333333,520.51,28,660.17,0.0,cryptic-beechnut-h132,Cascade foothills,raw
2020-05-01,43.3,0.0,118.2,7.5887845,118.72,0.56,0.0,119.28,43.3,555.6729032258065,0.0,0.0,0,458.1,0.0,cryptic-beechnut-h132,Cascade foothills,raw
2020-06-01,26.3,0.0,69.99,7.343985,127.99,0.57,0.0,128.56,26.3,371.40633333333335,0.0,0.0,0,278.31,0.0,cryptic-beechnut-h132,Cascade foothills,raw
2020-07-01,0.0,0.0,22.25,6.364787,153.03,0.19,0.0,153.22,0.0,174.39903225806452,0.0,0.0,0,96.51,0.0,cryptic-beechnut-h132,Cascade foothills,raw
2020-08-01,1.5,0.0,0.0,0.0,5.56,0.27,0.0,5.83,1.5,93.34387096774194,0.0,0.0,0,92.18,0.0,cryptic-beechnut-h132,Cascade foothills,raw
2020-09-01,60.6,0.0,0.0,0.0,10.209999999999999,0.32,0.0,10.53,60.6,106.68933333333332,0.0,0.0,0,142.26,0.0,cryptic-beechnut-h132,Cascade foothills,raw
2020-10-01,138.8,0.0,0.0,0.0,33.980000000000004,0.24000000000000002,0.0,34.22,138.8,201.1483870967742,3.700967741935484,24.4,6,246.85,0.0,cryptic-beechnut-h132,Cascade foothills,raw
2020-11-01,168.4,0.0,4.15,4.6660461600000005,19.64,0.05,0.0,19.69,61.599999999999994,279.9576666666666,52.70333333333333,106.8,22,279.9,106.8,cryptic-beechnut-h132,Cascade foothills,raw
2020-12-01,128.5,0.0,6.5600000000000005,7.5887845,15.93,0.02,0.0,15.95,9.83,264.1629032258065,151.56645161290325,225.47,31,259.57,225.47,cryptic-beechnut-h132,Cascade foothills,raw
2021-01-01,190.4,0.0,1.84,7.5887845,16.83,0.03,0.0,16.86,5.85,249.8483870967742,353.9587096774194,410.02,31,239.09,410.02,cryptic-beechnut-h132,Cascade foothills,raw
2021-02-01,187.0,0.0,0.0,3.220796094,23.79,0.08,0.0,23.87,4.62,227.10535714285714,488.3142857142857,592.4,28,216.58,592.4,cryptic-beechnut-h132,Cascade foothills,raw
2021-03-01,48.2,0.0,0.0,0.0,55.6,0.23,0.0,55.83,2.1,189.0851612903226,605.167741935484,638.5,31,162.91,638.5,cryptic-beechnut-h132,Cascade foothills,raw
2021-04-01,15.8,0.0,4.69,1.594232,96.57000000000001,0.48,0.0,97.05,495.4,297.353,465.69033333333334,638.5,30,555.01,158.9,cryptic-beechnut-h132,Cascade foothills,raw
2021-05-01,22.9,0.0,116.96,7.5887845,121.28999999999999,0.58,0.0,121.86999999999999,181.8,581.3835483870968,15.78967741935484,137.08,7,490.03,0.0,cryptic-beechnut-h132,Cascade foothills,raw
2021-06-01,17.2,0.0,75.86,7.343985,167.78,0.61,0.0,168.39,17.2,380.9926666666667,0.0,0.0,0,255.63,0.0,cryptic-beechnut-h132,Cascade foothills,raw
2021-07-01,0.0,0.0,14.3,4.89599,142.78,0.07,0.0,142.85,0.0,145.54258064516128,0.0,0.0,0,93.63,0.0,cryptic-beechnut-h132,Cascade foothills,raw
2021-08-01,11.6,0.0,0.0,0.0,9.38,0.78,0.0,10.16,11.6,97.01483870967742,0.0,0.0,0,94.94,0.0,cryptic-beechnut-h132,Cascade foothills,raw
2021-09-01,23.2,0.0,0.0,0.0,6.88,0.34,0.0,7.220000000000001,23.2,98.81700000000001,0.0,0.0,0,110.62,0.0,cryptic-beechnut-h132,Cascade foothills,raw
2021-10-01,96.4,0.0,0.0,0.0,20.490000000000002,0.22,0.0,20.71,96.4,131.29322580645163,0.0,0.0,0,186.3,0.0,cryptic-beechnut-h132,Cascade foothills,raw
2021-11-01,204.7,0.0,5.1899999999999995,2.75399438,23.4,0.07,0.0,23.47,204.7,281.1943333333333,7.413666666666667,30.17,18,359.52,0.0,cryptic-beechnut-h132,Cascade foothills,raw
2021-12-01,169.9,0.0,32.22,7.5887845,12.02,0.01,0.0,12.03,33.05,355.7254838709677,64.35483870967742,136.85,28,340.66,136.85,cryptic-beechnut-h132,Cascade foothills,raw
2022-01-01,174.29999999999998,0.0,25.51,7.5887845,19.16,0.04,0.0,19.2,13.129999999999999,318.14129032258063,266.09096774193546,301.35,31,301.46,298.02,cryptic-beechnut-h132,Cascade foothills,raw
2022-02-01,51.7,0.0,19.02,6.854386,34.81,0.14,0.0,34.949999999999996,94.54,325.3753571428571,249.0010714285714,300.92,28,334.93,255.16,cryptic-beechnut-h132,Cascade foothills,raw
2022-03-01,109.89999999999999,0.0,41.42,7.5887845,50.69,0.23,0.0,50.92,279.83,407.96677419354836,203.3709677419355,269.46,31,514.82,85.22,cryptic-beechnut-h132,Cascade foothills,raw
2022-04-01,114.0,0.0,82.79,7.343985,57.25,0.3,0.0,57.55,130.16,491.08700000000005,111.35233333333333,149.11,30,497.3,69.06,cryptic-beechnut-h132,Cascade foothills,raw
2022-05-01,74.2,0.0,94.86,7.5887845,73.47,0.36,0.0,73.83,143.26,525.1974193548388,3.9038709677419354,48.63,5,464.2,0.0,cryptic-beechnut-h132,Cascade foothills,raw
2022-06-01,48.6,0.0,67.03999999999999,7.343985,111.75,0.47000000000000003,0.0,112.22,48.6,415.1553333333333,0.0,0.0,0,326.09,0.0,cryptic-beechnut-h132,Cascade foothills,raw
2022-07-01,7.3999999999999995,0.0,34.29,7.5887845,177.49,0.35000000000000003,0.0,177.84,7.3999999999999995,223.3,0.0,0.0,0,113.77,0.0,cryptic-beechnut-h132,Cascade foothills,raw
2022-08-01,0.0,0.0,0.01,0.31364736,21.56,0.0,0.0,21.56,0.0,94.89612903225807,0.0,0.0,0,91.89,0.0,cryptic-beechnut-h132,Cascade foothills,raw
2022-09-01,7.0,0.0,0.0,0.0,3.74,0.27,0.0,4.01,7.0,94.24566666666666,0.0,0.0,0,94.66,0.0,cryptic-beechnut-h132,Cascade foothills,raw
2022-10-01,48.9,0.0,0.0,0.0,4.1,0.25,0.0,4.35,48.9,100.11967741935484,0.0,0.0,0,139.18,0.0,cryptic-beechnut-h132,Cascade foothills,raw
2022-11-01,204.0,0.0,0.0,0.0,12.47,0.02,0.0,12.49,1.33,133.66433333333333,128.87933333333334,202.67,28,127.99,202.67,cryptic-beechnut-h132,Cascade foothills,raw
2022-12-01,163.9,0.0,0.0,0.0,5.46,0.0,0.0,5.46,17.0,126.11096774193548,257.9925806451613,349.57,31,139.47,349.57,cryptic-beechnut-h132,Cascade foothills,raw
