 OFE DD MM YYYY  Precip   Runoff   EffInt PeakRO  EffDur Enrich    Keff   Sm  LeafArea  CanHgt  Cancov IntCov  RilCov  LivBio DeadBio  Ki    Kr     Tcrit RilWid   SedLeave
 na  na na  na     mm       mm     mm/h    mm/h      h    Ratio    mm/h   mm    Index    m       %       %       %     Kg/m^2  Kg/m^2  na    na      na     m       kg/m
  1  1  1    1    0.000    0.000   0.000   0.000   0.000 0.000  20.000 103.876   1.128  0.227   70.000   90.000   55.000    0.086  0.438  0.030  0.017  2.000  0.150    0.000
  1  9  1    1   76.000   21.272   0.000   2.996   7.100 1.001  20.000 165.765   1.128  0.227   70.000   90.000   55.000    0.086  0.438  0.030  0.017  2.000  0.150    1.432
  1 10  1    1   34.900   32.828  25.341 121.044   0.271 1.001  20.000 166.196   1.128  0.227   70.000   90.000   55.000    0.086  0.438  0.030  0.017  2.000  0.256    2.849
  1 11  1    1   41.600   39.600   0.000  14.667   2.700 1.001  20.000 165.980   1.128  0.227   70.000   90.000   55.000    0.086  0.422  0.030  0.017  2.000  0.256    5.497
  1 12  1    1   13.100   11.341   0.000   3.240   3.500 1.001  20.000 166.255   1.128  0.227   70.000   90.000   55.000    0.086  0.422  0.030  0.017  2.000  0.256    0.202
  1 13  1    1    9.400    7.692   0.000   2.262   3.400 1.001  20.000 166.120   1.128  0.227   70.000   90.000   55.000    0.086  0.422  0.030  0.017  2.000  0.256    0.000
  1 14  1    1    7.900    6.176   0.000   1.314   4.700 1.001  20.000 166.191   1.128  0.227   70.000   90.000   55.000    0.086  0.422  0.030  0.017  2.000  0.256    0.000
  1 15  1    1    8.900    7.131   0.000   0.767   9.300 1.001  20.000 166.121   1.128  0.227   70.000   90.000   55.000    0.086  0.422  0.030  0.017  2.000  0.256    0.000
  1 16  1    1    7.100    5.190   0.000   1.018   5.100 1.001  20.000 166.078   1.128  0.227   70.000   90.000   55.000    0.086  0.422  0.030  0.017  2.000  0.256    0.000
  1 17  1    1    5.100    2.776   0.000   0.771   3.600 1.001  20.000 165.855   1.128  0.227   70.000   90.000   55.000    0.086  0.422  0.030  0.017  2.000  0.256    0.000
  1 18  1    1    4.100    1.296   0.000   0.276   4.700 1.001  20.000 165.701   1.128  0.227   70.000   90.000   55.000    0.086  0.422  0.030  0.017  2.000  0.256    0.000
  1 28  1    1   68.100   44.810  28.674   8.455   5.300 1.001  20.000 166.003   1.128  0.227   70.000   90.000   55.001    0.086  0.422  0.030  0.017  2.000  0.256    5.378
  1 29  1    1   41.100   38.825   0.000   3.057  12.700 1.001  20.000 165.930   1.128  0.227   70.000   90.000   55.001    0.086  0.422  0.030  0.017  2.000  0.256    0.537
  1  1  2    1    0.000    0.000   0.000   0.000   0.000 0.000  20.000 157.782   1.128  0.227   70.000   90.000   55.001    0.086  0.422  0.030  0.017  2.000  0.256    0.000
  1 13  2    1   66.000   29.006  34.952 153.612   0.189 1.001  20.000 165.533   1.128  0.227   70.000   90.000   55.001    0.086  0.422  0.030  0.017  2.000  0.276    2.394
  1 14  2    1   82.400   79.547  39.233  63.124   1.260 1.001  20.000 165.865   1.128  0.227   70.000   90.000   55.001    0.086  0.419  0.030  0.017  2.000  0.276    9.137
  1 15  2    1  115.700  112.995  47.392  66.119   1.709 1.001  20.000 165.754   1.128  0.227   70.000   90.000   55.001    0.086  0.419  0.030  0.017  2.000  0.276   12.797
  1 16  2    1   54.300   51.567  29.810  68.214   0.756 1.001  20.000 165.804   1.128  0.227   70.000   90.000   55.001    0.086  0.419  0.030  0.017  2.000  0.276    5.784
  1 17  2    1   54.800   52.282  30.444  36.702   1.425 1.001  20.000 165.904   1.128  0.227   70.000   90.000   55.001    0.086  0.419  0.030  0.017  2.000  0.276    6.877
  1 18  2    1   55.100   52.556  25.869  61.447   0.855 1.001  20.000 165.828   1.128  0.227   70.000   90.000   55.001    0.086  0.419  0.030  0.017  2.000  0.276    6.085
  1 19  2    1   20.200   17.173   0.000   2.525   6.800 1.001  20.000 165.582   1.128  0.227   70.000   90.000   55.001    0.086  0.419  0.030  0.017  2.000  0.276    0.004
  1 20  2    1   18.700   15.552   0.000   3.381   4.600 1.001  20.000 165.658   1.128  0.227   70.000   90.000   55.001    0.086  0.419  0.030  0.017  2.000  0.276    0.248
  1 21  2    1    8.900    5.918   0.000   1.557   3.800 1.001  20.000 165.713   1.128  0.227   70.000   90.000   55.001    0.086  0.419  0.030  0.017  2.000  0.276    0.000
  1  1  3    1    7.300    0.000   0.000   0.000   0.000 0.000  20.000 145.613   1.128  0.227   70.000   90.000   55.001    0.086  0.419  0.030  0.017  2.000  0.276    0.000
  1  2  3    1   64.100   40.985  30.187  64.339   0.637 1.001  20.000 165.659   1.128  0.227   70.000   90.000   55.001    0.086  0.419  0.030  0.017  2.000  0.276    4.681
  1  3  3    1   21.400   18.116  29.173  57.627   0.314 1.001  20.000 165.530   1.128  0.227   70.000   90.000   55.001    0.086  0.419  0.030  0.017  2.000  0.276    2.137
  1  5  3    1   30.900   26.119  29.596  62.543   0.418 1.001  20.000 165.853   1.128  0.227   70.000   90.000   55.001    0.086  0.419  0.030  0.017  2.000  0.276    3.008
  1  6  3    1   10.200    7.280  23.584   1.820   4.000 1.001  20.000 165.631   1.128  0.227   70.000   90.000   55.001    0.086  0.419  0.030  0.017  2.000  0.276    0.000
  1 15  3    1    0.000    0.000   0.000   0.000   0.000 0.000  20.000 136.964   1.128  0.227   70.000   90.000   55.002    0.086  0.419  0.030  0.017  2.000  0.276    0.000
  1  1  4    1    0.000    0.000   0.000   0.000   0.000 0.000  20.000 123.020   1.128  0.227   70.000   90.000   55.002    0.086  0.419  0.030  0.017  2.000  0.276    0.000
  1 15  4    1    0.000    0.000   0.000   0.000   0.000 0.000  20.000  96.543   1.128  0.227   70.000   90.001   55.002    0.086  0.419  0.030  0.017  2.000  0.276    0.000
  1  1  5    1    0.000    0.000   0.000   0.000   0.000 0.000  20.000  74.816   1.128  0.227   70.000   90.001   55.003    0.086  0.419  0.030  0.017  2.000  0.276    0.000
  1 15  5    1    0.000    0.000   0.000   0.000   0.000 0.000  20.000  50.749   1.128  0.227   70.000   90.001   55.003    0.086  0.419  0.030  0.017  2.000  0.276    0.000
  1  1  6    1    0.000    0.000   0.000   0.000   0.000 0.000  20.000  48.189   1.128  0.227   70.000   90.001   55.003    0.086  0.419  0.030  0.017  2.000  0.276    0.000
  1 15  6    1    0.000    0.000   0.000   0.000   0.000 0.000  20.000  48.187   1.128  0.227   70.000   90.001   55.004    0.086  0.419  0.030  0.017  2.000  0.276    0.000
  1  1  7    1    0.000    0.000   0.000   0.000   0.000 0.000  20.000  48.187   1.128  0.227   70.000   90.001   55.004    0.086  0.419  0.030  0.017  2.000  0.276    0.000
  1 15  7    1    0.000    0.000   0.000   0.000   0.000 0.000  20.000  48.187   1.128  0.227   70.000   90.001   55.004    0.086  0.419  0.030  0.017  2.000  0.276    0.000
  1  1  8    1    0.000    0.000   0.000   0.000   0.000 0.000  20.000  48.187   1.128  0.227   70.000   90.001   55.005    0.086  0.419  0.030  0.017  2.000  0.276    0.000
  1 15  8    1    0.000    0.000   0.000   0.000   0.000 0.000  20.000  48.187   1.128  0.227   70.000   90.001   55.005    0.086  0.419  0.030  0.017  2.000  0.276    0.000
  1  1  9    1    0.000    0.000   0.000   0.000   0.000 0.000  20.000  48.187   1.128  0.227   70.000   90.001   55.006    0.086  0.419  0.030  0.017  2.000  0.276    0.000
  1 15  9    1    0.000    0.000   0.000   0.000   0.000 0.000  20.000  48.187   1.128  0.227   70.000   90.001   55.006    0.086  0.419  0.030  0.017  2.000  0.276    0.000
  1  1 10    1    0.000    0.000   0.000   0.000   0.000 0.000  20.000  48.187   1.128  0.227   70.000   90.001   55.006    0.086  0.419  0.030  0.017  2.000  0.276    0.000
  1 15 10    1    0.000    0.000   0.000   0.000   0.000 0.000  20.000  48.187   1.128  0.227   70.000   90.001   55.007    0.086  0.419  0.030  0.017  2.000  0.276    0.000
  1  1 11    1    0.000    0.000   0.000   0.000   0.000 0.000  20.000  48.187   1.128  0.227   70.000   90.002   55.007    0.086  0.419  0.030  0.017  2.000  0.276    0.000
  1 15 11    1    0.000    0.000   0.000   0.000   0.000 0.000  20.000  48.187   1.128  0.227   70.000   90.002   55.007    0.086  0.419  0.030  0.017  2.000  0.276    0.000
  1  1 12    1    0.000    0.000   0.000   0.000   0.000 0.000  20.000  48.187   1.128  0.227   70.000   90.002   55.008    0.086  0.419  0.030  0.017  2.000  0.276    0.000
  1 15 12    1    0.000    0.000   0.000   0.000   0.000 0.000  20.000  88.339   1.128  0.227   70.000   90.002   55.008    0.086  0.419  0.030  0.017  2.000  0.276    0.000
  1  1  1    2    0.000    0.000   0.000   0.000   0.000 0.000  20.000  74.450   1.128  0.227   70.000   90.002   55.008    0.086  0.419  0.030  0.017  2.000  0.276    0.000
  1 15  1    2    0.000    0.000   0.000   0.000   0.000 0.000  20.000  64.246   1.128  0.227   70.000   90.002   55.009    0.086  0.419  0.030  0.017  2.000  0.276    0.000
  1 28  1    2   57.100    5.726  38.299  14.528   0.394 1.001  20.000 150.258   1.128  0.227   70.000   90.002   55.009    0.086  0.419  0.030  0.017  2.000  0.276    0.795
  1 29  1    2   18.900    4.692  23.731  11.156   0.421 1.001  20.000 162.251   1.128  0.227   70.000   90.002   55.009    0.086  0.419  0.030  0.017  2.000  0.276    0.616
  1  1  2    2    0.000    0.000   0.000   0.000   0.000 0.000  20.000 153.727   1.128  0.227   70.000   90.002   55.009    0.086  0.419  0.030  0.017  2.000  0.276    0.000
  1 15  2    2    0.000    0.000   0.000   0.000   0.000 0.000  20.000 139.168   1.128  0.227   70.000   90.002   55.009    0.086  0.419  0.030  0.017  2.000  0.276    0.000
  1  1  3    2   50.100   29.665   0.000  12.898   2.300 1.001  20.000 165.579   1.128  0.227   70.000   90.002   55.010    0.086  0.419  0.030  0.017  2.000  0.276    4.039
  1  2  3    2   20.200   16.939   0.000   7.058   2.400 1.001  20.000 165.591   1.128  0.227   70.000   90.002   55.010    0.086  0.419  0.030  0.017  2.000  0.276    1.725
  1  4  3    2   25.400   19.559   0.000  10.294   1.900 1.001  20.000 165.817   1.128  0.227   70.000   90.002   55.010    0.086  0.419  0.030  0.017  2.000  0.276    2.499
  1  5  3    2   33.800   30.637  26.107 138.536   0.221 1.001  20.000 165.507   1.128  0.227   70.000   90.002   55.010    0.086  0.419  0.030  0.017  2.000  0.276    2.644
  1 15  3    2    0.000    0.000   0.000   0.000   0.000 0.000  20.000 135.460   1.128  0.227   70.000   90.002   55.010    0.086  0.419  0.030  0.017  2.000  0.276    0.000
  1 19  3    2   48.400   14.134   0.000   1.413  10.000 1.001  20.000 165.876   1.128  0.227   70.000   90.002   55.010    0.086  0.419  0.030  0.017  2.000  0.276    0.000
  1 20  3    2    4.700    1.164   0.000   0.224   5.200 1.001  20.000 165.247   1.128  0.227   70.000   90.002   55.010    0.086  0.419  0.030  0.017  2.000  0.276    0.000
  1  1  4    2    2.000    0.000   0.000   0.000   0.000 0.000  20.000 129.426   1.128  0.227   70.000   90.002   55.010    0.086  0.419  0.030  0.017  2.000  0.276    0.000
  1 15  4    2    0.000    0.000   0.000   0.000   0.000 0.000  20.000 106.494   1.128  0.227   70.000   90.002   55.011    0.086  0.419  0.030  0.017  2.000  0.276    0.000
  1  1  5    2    0.000    0.000   0.000   0.000   0.000 0.000  20.000  82.225   1.128  0.227   70.000   90.002   55.011    0.086  0.419  0.030  0.017  2.000  0.276    0.000
  1 15  5    2    0.000    0.000   0.000   0.000   0.000 0.000  20.000  54.038   1.128  0.227   70.000   90.003   55.011    0.086  0.419  0.030  0.017  2.000  0.276    0.000
  1  1  6    2    0.000    0.000   0.000   0.000   0.000 0.000  20.000  48.191   1.128  0.227   70.000   90.003   55.012    0.086  0.419  0.030  0.017  2.000  0.276    0.000
  1 15  6    2    0.000    0.000   0.000   0.000   0.000 0.000  20.000  48.187   1.128  0.227   70.000   90.003   55.012    0.086  0.419  0.030  0.017  2.000  0.276    0.000
  1  1  7    2    0.000    0.000   0.000   0.000   0.000 0.000  20.000  48.187   1.128  0.227   70.000   90.003   55.012    0.086  0.419  0.030  0.017  2.000  0.276    0.000
  1 15  7    2    0.000    0.000   0.000   0.000   0.000 0.000  20.000  48.187   1.128  0.227   70.000   90.003   55.013    0.086  0.419  0.030  0.017  2.000  0.276    0.000
  1  1  8    2    0.000    0.000   0.000   0.000   0.000 0.000  20.000  48.187   1.128  0.227   70.000   90.003   55.013    0.086  0.419  0.030  0.017  2.000  0.276    0.000
  1 15  8    2    0.000    0.000   0.000   0.000   0.000 0.000  20.000  48.187   1.128  0.227   70.000   90.003   55.013    0.086  0.419  0.030  0.017  2.000  0.276    0.000
  1  1  9    2    0.000    0.000   0.000   0.000   0.000 0.000  20.000  48.187   1.128  0.227   70.000   90.003   55.014    0.086  0.419  0.030  0.017  2.000  0.276    0.000
  1 15  9    2    0.000    0.000   0.000   0.000   0.000 0.000  20.000  48.187   1.128  0.227   70.000   90.003   55.014    0.086  0.419  0.030  0.017  2.000  0.276    0.000
  1  1 10    2    7.400    0.000   0.000   0.000   0.000 0.000  20.000  52.189   1.128  0.227   70.000   90.003   55.014    0.086  0.419  0.030  0.017  2.000  0.276    0.000
  1 15 10    2    0.000    0.000   0.000   0.000   0.000 0.000  20.000  48.191   1.128  0.227   70.000   90.003   55.015    0.086  0.419  0.030  0.017  2.000  0.276    0.000
  1  1 11    2    0.000    0.000   0.000   0.000   0.000 0.000  20.000  48.668   1.128  0.227   70.000   90.003   55.015    0.086  0.419  0.030  0.017  2.000  0.276    0.000
  1 15 11    2    0.000    0.000   0.000   0.000   0.000 0.000  20.000  48.377   1.128  0.227   70.000   90.003   55.015    0.086  0.419  0.030  0.017  2.000  0.276    0.000
  1 27 11    2   59.100    9.684  69.143  28.288   0.342 1.001  20.000 108.079   1.128  0.227   70.000   90.003   55.016    0.086  0.419  0.030  0.017  2.000  0.276    1.329
  1 28 11    2   17.000    0.107  37.062   1.362   0.078 1.001  20.000 123.232   1.128  0.227   70.000   90.003   55.016    0.086  0.419  0.030  0.017  2.000  0.276    0.000
  1  1 12    2    0.000    0.000   0.000   0.000   0.000 0.000  20.000 116.216   1.128  0.227   70.000   90.004   55.016    0.086  0.419  0.030  0.017  2.000  0.276    0.000
  1 15 12    2    0.000    0.000   0.000   0.000   0.000 0.000  20.000  97.687   1.128  0.227   70.000   90.004   55.016    0.086  0.419  0.030  0.017  2.000  0.276    0.000
  1  1  1    3   21.200    0.000   0.000   0.000   0.000 0.000  20.000 124.170   1.128  0.227   70.000   90.004   55.016    0.086  0.419  0.030  0.017  2.000  0.276    0.000
  1 15  1    3    0.000    0.000   0.000   0.000   0.000 0.000  20.000 121.932   1.128  0.227   70.000   90.004   55.017    0.086  0.419  0.030  0.017  2.000  0.276    0.000
  1 20  1    3   53.300    7.203   0.000   1.221   5.900 1.001  20.000 165.696   1.128  0.227   70.000   90.004   55.017    0.086  0.419  0.030  0.017  2.000  0.276    0.000
  1 21  1    3    3.600    0.625   0.000   0.184   3.400 1.001  20.000 165.693   1.128  0.227   70.000   90.004   55.017    0.086  0.419  0.030  0.017  2.000  0.276    0.000
  1  1  2    3    0.000    0.000   0.000   0.000   0.000 0.000  20.000 140.124   1.128  0.227   70.000   90.004   55.017    0.086  0.419  0.030  0.017  2.000  0.276    0.000
  1 15  2    3    0.500    0.000   0.000   0.000   0.000 0.000  20.000 132.174   1.128  0.227   70.000   90.004   55.017    0.086  0.419  0.030  0.017  2.000  0.276    0.000
  1  1  3    3    7.900    0.000   0.000   0.000   0.000 0.000  20.000 123.784   1.128  0.227   70.000   90.004   55.018    0.086  0.419  0.030  0.017  2.000  0.276    0.000
  1 14  3    3   32.200    6.163   0.000   2.801   2.200 1.001  20.000 165.776   1.128  0.227   70.000   90.004   55.018    0.086  0.419  0.030  0.017  2.000  0.276    0.028
  1 15  3    3    9.500    6.594   0.000   1.782   3.700 1.001  20.000 165.687   1.128  0.227   70.000   90.004   55.018    0.086  0.419  0.030  0.017  2.000  0.276    0.000
  1 16  3    3   52.800   49.729  34.431  64.569   0.770 1.001  20.000 165.641   1.128  0.227   70.000   90.004   55.018    0.086  0.419  0.030  0.017  2.000  0.276    5.672
  1 17  3    3   36.600   33.065  29.641  53.556   0.617 1.001  20.000 165.389   1.128  0.227   70.000   90.004   55.018    0.086  0.419  0.030  0.017  2.000  0.276    3.980
  1 18  3    3    4.700    0.854   0.000   0.329   2.600 1.001  20.000 165.354   1.128  0.227   70.000   90.004   55.018    0.086  0.419  0.030  0.017  2.000  0.276    0.000
  1  1  4    3   23.400   17.523 106.466  77.451   0.226 1.001  20.000 165.499   1.128  0.227   70.000   90.004   55.019    0.086  0.419  0.030  0.017  2.000  0.276    1.886
  1 10  4    3   24.900    0.012  48.596   0.131   0.091 1.001  20.000 160.862   1.128  0.227   70.000   90.004   55.019    0.086  0.419  0.030  0.017  2.000  0.276    0.000
  1 11  4    3   10.000    2.543   0.000   4.238   0.600 1.001  20.000 165.905   1.128  0.227   70.000   90.004   55.019    0.086  0.419  0.030  0.017  2.000  0.276    0.104
  1 15  4    3    0.000    0.000   0.000   0.000   0.000 0.000  20.000 145.310   1.128  0.227   70.000   90.004   55.019    0.086  0.419  0.030  0.017  2.000  0.276    0.000
  1  1  5    3    0.000    0.000   0.000   0.000   0.000 0.000  20.000 107.752   1.128  0.227   70.000   90.004   55.019    0.086  0.419  0.030  0.017  2.000  0.276    0.000
  1 15  5    3    0.000    0.000   0.000   0.000   0.000 0.000  20.000  83.126   1.128  0.227   70.000   90.004   55.019    0.086  0.419  0.030  0.017  2.000  0.276    0.000
  1  1  6    3    0.000    0.000   0.000   0.000   0.000 0.000  20.000  50.389   1.128  0.227   70.000   90.004   55.020    0.086  0.419  0.030  0.017  2.000  0.276    0.000
  1 15  6    3    0.000    0.000   0.000   0.000   0.000 0.000  20.000  48.194   1.128  0.227   70.000   90.004   55.020    0.086  0.419  0.030  0.017  2.000  0.276    0.000
  1  1  7    3    0.000    0.000   0.000   0.000   0.000 0.000  20.000  48.187   1.128  0.227   70.000   90.005   55.021    0.086  0.419  0.030  0.017  2.000  0.276    0.000
  1 15  7    3    0.000    0.000   0.000   0.000   0.000 0.000  20.000  48.187   1.128  0.227   70.000   90.005   55.021    0.086  0.419  0.030  0.017  2.000  0.276    0.000
  1  1  8    3    0.000    0.000   0.000   0.000   0.000 0.000  20.000  48.187   1.128  0.227   70.000   90.005   55.021    0.086  0.419  0.030  0.017  2.000  0.276    0.000
  1 15  8    3    0.000    0.000   0.000   0.000   0.000 0.000  20.000  48.187   1.128  0.227   70.000   90.005   55.022    0.086  0.419  0.030  0.017  2.000  0.276    0.000
  1  1  9    3    0.000    0.000   0.000   0.000   0.000 0.000  20.000  48.187   1.128  0.227   70.000   90.005   55.022    0.086  0.419  0.030  0.017  2.000  0.276    0.000
  1 15  9    3    1.500    0.000   0.000   0.000   0.000 0.000  20.000  48.195   1.128  0.227   70.000   90.005   55.022    0.086  0.419  0.030  0.017  2.000  0.276    0.000
  1  1 10    3    0.000    0.000   0.000   0.000   0.000 0.000  20.000  56.021   1.128  0.227   70.000   90.005   55.023    0.086  0.419  0.030  0.017  2.000  0.276    0.000
  1 15 10    3    0.000    0.000   0.000   0.000   0.000 0.000  20.000  48.190   1.128  0.227   70.000   90.005   55.023    0.086  0.419  0.030  0.017  2.000  0.276    0.000
  1  1 11    3    0.000    0.000   0.000   0.000   0.000 0.000  20.000  48.525   1.128  0.227   70.000   90.005   55.023    0.086  0.419  0.030  0.017  2.000  0.276    0.000
  1  9 11    3   98.900   20.396  74.436  49.412   0.413 1.001  20.000 124.092   1.128  0.227   70.000   90.005   55.023    0.086  0.419  0.030  0.017  2.000  0.276    2.508
  1 15 11    3    0.000    0.000   0.000   0.000   0.000 0.000  20.000 123.210   1.128  0.227   70.000   90.005   55.024    0.086  0.419  0.030  0.017  2.000  0.276    0.000
  1 29 11    3   30.600    0.426  92.338   0.293   1.452 1.001  20.000 159.424   1.128  0.227   70.000   90.005   55.024    0.086  0.419  0.030  0.017  2.000  0.276    0.000
  1 30 11    3   79.200   69.641 114.916 151.569   0.459 1.001  20.000 165.505   1.128  0.227   70.000   90.005   55.024    0.086  0.419  0.030  0.017  2.000  0.276    5.781
  1  1 12    3    0.000    0.000   0.000   0.000   0.000 0.000  20.000 161.862   1.128  0.227   70.000   90.005   55.024    0.086  0.419  0.030  0.017  2.000  0.276    0.000
  1 15 12    3    0.000    0.000   0.000   0.000   0.000 0.000  20.000 136.483   1.128  0.227   70.000   90.005   55.024    0.086  0.419  0.030  0.017  2.000  0.276    0.000
  1 22 12    3   67.200   55.098  37.877  44.365   1.242 1.001  20.000 166.109   1.128  0.227   70.000   90.005   55.024    0.086  0.419  0.030  0.017  2.000  0.276    6.956
  1 23 12    3    4.300    1.683   0.000   0.330   5.100 1.001  20.000 165.660   1.128  0.227   70.000   90.005   55.024    0.086  0.419  0.030  0.017  2.000  0.276    0.000
  1  1  1    4    0.000    0.000   0.000   0.000   0.000 0.000  20.000 147.253   1.128  0.227   70.000   90.005   55.025    0.086  0.419  0.030  0.017  2.000  0.276    0.000
  1 15  1    4    0.000    0.000   0.000   0.000   0.000 0.000  20.000 125.506   1.128  0.227   70.000   90.006   55.025    0.086  0.419  0.030  0.017  2.000  0.276    0.000
  1 22  1    4   81.800   77.122  33.955  57.227   1.348 1.001  20.000 166.060   1.128  0.227   70.000   90.006   55.025    0.086  0.419  0.030  0.017  2.000  0.276    9.114
  1 23  1    4   38.600   36.100  41.544  76.203   0.474 1.001  20.000 165.760   1.128  0.227   70.000   90.006   55.025    0.086  0.419  0.030  0.017  2.000  0.276    3.906
  1 24  1    4   40.600   38.280  30.392  57.311   0.668 1.001  20.000 166.049   1.128  0.227   70.000   90.006   55.025    0.086  0.419  0.030  0.017  2.000  0.276    4.522
  1 26  1    4   11.700    6.511   0.000   1.915   3.400 1.001  20.000 165.583   1.128  0.227   70.000   90.006   55.025    0.086  0.419  0.030  0.017  2.000  0.276    0.000
  1 27  1    4   87.400   84.296  24.186  25.905   3.254 1.001  20.000 165.684   1.128  0.227   70.000   90.006   55.025    0.086  0.419  0.030  0.017  2.000  0.276   11.690
  1 28  1    4   14.100   10.789   0.000   2.115   5.100 1.001  20.000 165.498   1.128  0.227   70.000   90.006   55.025    0.086  0.419  0.030  0.017  2.000  0.276    0.000
  1 29  1    4   49.000   45.853   0.000   8.818   5.200 1.001  20.000 165.709   1.128  0.227   70.000   90.006   55.025    0.086  0.419  0.030  0.017  2.000  0.276    5.460
  1  1  2    4   17.200    8.417   0.000   1.427   5.900 1.001  20.000 165.766   1.128  0.227   70.000   90.006   55.025    0.086  0.419  0.030  0.017  2.000  0.276    0.000
  1  2  2    4   13.600   10.620   0.000   2.259   4.700 1.001  20.000 165.648   1.128  0.227   70.000   90.006   55.025    0.086  0.419  0.030  0.017  2.000  0.276    0.000
  1  4  2    4    6.300    1.329   0.000   0.738   1.800 1.001  20.000 165.667   1.128  0.227   70.000   90.006   55.025    0.086  0.419  0.030  0.017  2.000  0.276    0.000
  1  7  2    4    7.600    5.654   0.000   1.488   3.800 1.001  20.000 166.035   1.128  0.227   70.000   90.006   55.026    0.086  0.419  0.030  0.017  2.000  0.276    0.000
  1  8  2    4   16.400   13.842   0.000   2.945   4.700 1.001  20.000 165.741   1.128  0.227   70.000   90.006   55.026    0.086  0.419  0.030  0.017  2.000  0.276    0.100
  1 15  2    4    0.000    0.000   0.000   0.000   0.000 0.000  20.000 147.743   1.128  0.227   70.000   90.006   55.026    0.086  0.419  0.030  0.017  2.000  0.276    0.000
  1 26  2    4   47.300   30.046  38.712  47.943   0.627 1.001  20.000 165.802   1.128  0.227   70.000   90.006   55.026    0.086  0.419  0.030  0.017  2.000  0.276    3.722
  1 27  2    4   25.800   23.169   0.000   5.037   4.600 1.001  20.000 165.836   1.128  0.227   70.000   90.006   55.026    0.086  0.419  0.030  0.017  2.000  0.276    1.491
  1 28  2    4   61.400   58.452  31.220  64.598   0.905 1.001  20.000 165.625   1.128  0.227   70.000   90.006   55.026    0.086  0.419  0.030  0.017  2.000  0.276    6.666
  1  1  3    4  133.800  130.356  32.598  52.932   2.463 1.001  20.000 165.453   1.128  0.227   70.000   90.006   55.026    0.086  0.419  0.030  0.017  2.000  0.276   15.740
  1  2  3    4   46.600   43.049  38.523  63.897   0.674 1.001  20.000 165.492   1.128  0.227   70.000   90.006   55.026    0.086  0.419  0.030  0.017  2.000  0.276    4.926
  1  3  3    4    8.200    4.810   0.000   1.718   2.800 1.001  20.000 165.566   1.128  0.227   70.000   90.006   55.026    0.086  0.419  0.030  0.017  2.000  0.276    0.000
  1 15  3    4    0.000    0.000   0.000   0.000   0.000 0.000  20.000 140.161   1.128  0.227   70.000   90.006   55.026    0.086  0.419  0.030  0.017  2.000  0.276    0.000
  1 18  3    4    8.900    0.075   0.000   0.131   0.574 1.001  20.000 165.550   1.128  0.227   70.000   90.006   55.026    0.086  0.419  0.030  0.017  2.000  0.276    0.000
  1 21  3    4   32.400   26.276  30.784  58.694   0.448 1.001  20.000 165.282   1.128  0.227   70.000   90.006   55.026    0.086  0.419  0.030  0.017  2.000  0.276    3.083
  1 22  3    4    7.300    4.265   0.000   0.748   5.700 1.001  20.000 165.907   1.128  0.227   70.000   90.006   55.026    0.086  0.419  0.030  0.017  2.000  0.276    0.000
  1 23  3    4   10.200    6.866   0.000   1.184   5.800 1.001  20.000 165.350   1.128  0.227   70.000   90.006   55.027    0.086  0.419  0.030  0.017  2.000  0.276    0.000
  1 24  3    4   48.900   44.471   0.000   6.177   7.200 1.001  20.000 165.026   1.128  0.227   70.000   90.006   55.027    0.086  0.419  0.030  0.017  2.000  0.276    3.940
  1  1  4    4    0.000    0.000   0.000   0.000   0.000 0.000  20.000 138.600   1.128  0.227   70.000   90.006   55.027    0.086  0.419  0.030  0.017  2.000  0.276    0.000
  1 15  4    4    0.000    0.000   0.000   0.000   0.000 0.000  20.000 112.467   1.128  0.227   70.000   90.006   55.027    0.086  0.419  0.030  0.017  2.000  0.276    0.000
  1 20  4    4   19.000    1.447  26.474   0.345   4.200 1.001  20.000 165.515   1.128  0.227   70.000   90.006   55.027    0.086  0.419  0.030  0.017  2.000  0.276    0.000
  1 21  4    4    3.800    0.197   0.000   0.131   1.511 1.001  20.000 165.424   1.128  0.227   70.000   90.006   55.027    0.086  0.419  0.030  0.017  2.000  0.276    0.000
  1 29  4    4   22.700    5.115  39.083  12.216   0.419 1.001  20.000 165.590   1.128  0.227   70.000   90.006   55.027    0.086  0.419  0.030  0.017  2.000  0.276    0.688
  1  1  5    4    4.100    0.000   0.000   0.000   0.000 0.000  20.000 163.401   1.128  0.227   70.000   90.006   55.027    0.086  0.419  0.030  0.017  2.000  0.276    0.000
  1 15  5    4    0.000    0.000   0.000   0.000   0.000 0.000  20.000 118.504   1.128  0.227   70.000   90.006   55.028    0.086  0.419  0.030  0.017  2.000  0.276    0.000
  1  1  6    4    0.000    0.000   0.000   0.000   0.000 0.000  20.000  82.571   1.128  0.227   70.000   90.006   55.028    0.086  0.419  0.030  0.017  2.000  0.276    0.000
  1 15  6    4    0.000    0.000   0.000   0.000   0.000 0.000  20.000  53.202   1.128  0.227   70.000   90.006   55.028    0.086  0.419  0.030  0.017  2.000  0.276    0.000
  1  1  7    4    0.000    0.000   0.000   0.000   0.000 0.000  20.000  48.190   1.128  0.227   70.000   90.006   55.029    0.086  0.419  0.030  0.017  2.000  0.276    0.000
  1 15  7    4    0.000    0.000   0.000   0.000   0.000 0.000  20.000  48.187   1.128  0.227   70.000   90.006   55.029    0.086  0.419  0.030  0.017  2.000  0.276    0.000
  1  1  8    4    0.500    0.000   0.000   0.000   0.000 0.000  20.000  48.187   1.128  0.227   70.000   90.007   55.029    0.086  0.419  0.030  0.017  2.000  0.276    0.000
  1 15  8    4    5.100    0.000   0.000   0.000   0.000 0.000  20.000  49.126   1.128  0.227   70.000   90.007   55.030    0.086  0.419  0.030  0.017  2.000  0.276    0.000
  1  1  9    4    0.000    0.000   0.000   0.000   0.000 0.000  20.000  48.187   1.128  0.227   70.000   90.007   55.030    0.086  0.419  0.030  0.017  2.000  0.276    0.000
  1 15  9    4    0.000    0.000   0.000   0.000   0.000 0.000  20.000  48.187   1.128  0.227   70.000   90.007   55.030    0.086  0.419  0.030  0.017  2.000  0.276    0.000
  1  1 10    4   21.700    0.000   0.000   0.000   0.000 0.000  20.000  97.145   1.128  0.227   70.000   90.007   55.031    0.086  0.419  0.030  0.017  2.000  0.276    0.000
  1 15 10    4    0.000    0.000   0.000   0.000   0.000 0.000  20.000  78.458   1.128  0.227   70.000   90.007   55.031    0.086  0.419  0.030  0.017  2.000  0.276    0.000
  1  1 11    4   11.100    0.000   0.000   0.000   0.000 0.000  20.000  81.356   1.128  0.227   70.000   90.007   55.032    0.086  0.419  0.030  0.017  2.000  0.276    0.000
  1 15 11    4    0.000    0.000   0.000   0.000   0.000 0.000  20.000 104.997   1.128  0.227   70.000   90.007   55.032    0.086  0.419  0.030  0.017  2.000  0.276    0.000
  1  1 12    4    3.000    0.000   0.000   0.000   0.000 0.000  20.000 132.766   1.128  0.227   70.000   90.007   55.032    0.086  0.419  0.030  0.017  2.000  0.276    0.000
  1  9 12    4   19.700    6.623   0.000   5.094   1.300 1.001  20.000 165.917   1.128  0.227   70.000   90.007   55.032    0.086  0.419  0.030  0.017  2.000  0.276    0.436
  1 15 12    4    0.000    0.000   0.000   0.000   0.000 0.000  20.000 153.122   1.128  0.227   70.000   90.007   55.033    0.086  0.419  0.030  0.017  2.000  0.276    0.000
  1 24 12    4   52.000   36.115  41.621  58.876   0.613 1.001  20.000 166.038   1.128  0.227   70.000   90.007   55.033    0.086  0.419  0.030  0.017  2.000  0.276    4.233
  1 25 12    4   58.000   55.965  29.000  30.278   1.848 1.001  20.000 166.054   1.128  0.227   70.000   90.007   55.033    0.086  0.419  0.030  0.017  2.000  0.276    7.608
  1  1  1    5    0.000    0.000   0.000   0.000   0.000 0.000  20.000 151.282   1.128  0.227   70.000   90.007   55.033    0.086  0.419  0.030  0.017  2.000  0.276    0.000
  1 15  1    5   26.000    0.000   0.000   0.000   0.000 0.000  20.000 153.580   1.128  0.227   70.000   90.007   55.033    0.086  0.419  0.030  0.017  2.000  0.276    0.000
  1  1  2    5    0.000    0.000   0.000   0.000   0.000 0.000  20.000 123.861   1.128  0.227   70.000   90.007   55.034    0.086  0.419  0.030  0.017  2.000  0.276    0.000
  1 15  2    5    7.100    0.000   0.000   0.000   0.000 0.000  20.000 115.876   1.128  0.227   70.000   90.008   55.034    0.086  0.419  0.030  0.017  2.000  0.276    0.000
  1  1  3    5    0.000    0.000   0.000   0.000   0.000 0.000  20.000  94.120   1.128  0.227   70.000   90.008   55.034    0.086  0.419  0.030  0.017  2.000  0.276    0.000
  1 15  3    5    0.000    0.000   0.000   0.000   0.000 0.000  20.000  81.094   1.128  0.227   70.000   90.008   55.035    0.086  0.419  0.030  0.017  2.000  0.276    0.000
  1  1  4    5    0.000    0.000   0.000   0.000   0.000 0.000  20.000  51.373   1.128  0.227   70.000   90.008   55.035    0.086  0.419  0.030  0.017  2.000  0.276    0.000
  1 15  4    5    0.000    0.000   0.000   0.000   0.000 0.000  20.000  48.236   1.128  0.227   70.000   90.008   55.035    0.086  0.419  0.030  0.017  2.000  0.276    0.000
  1  1  5    5    0.000    0.000   0.000   0.000   0.000 0.000  20.000  48.187   1.128  0.227   70.000   90.008   55.036    0.086  0.419  0.030  0.017  2.000  0.276    0.000
  1 15  5    5    0.000    0.000   0.000   0.000   0.000 0.000  20.000  48.187   1.128  0.227   70.000   90.008   55.036    0.086  0.419  0.030  0.017  2.000  0.276    0.000
  1  1  6    5    0.000    0.000   0.000   0.000   0.000 0.000  20.000  48.187   1.128  0.227   70.000   90.008   55.036    0.086  0.419  0.030  0.017  2.000  0.276    0.000
  1 15  6    5    0.000    0.000   0.000   0.000   0.000 0.000  20.000  48.187   1.128  0.227   70.000   90.008   55.037    0.086  0.419  0.030  0.017  2.000  0.276    0.000
  1  1  7    5    0.000    0.000   0.000   0.000   0.000 0.000  20.000  48.187   1.128  0.227   70.000   90.008   55.037    0.086  0.419  0.030  0.017  2.000  0.276    0.000
  1 15  7    5    0.000    0.000   0.000   0.000   0.000 0.000  20.000  48.187   1.128  0.227   70.000   90.008   55.037    0.086  0.419  0.030  0.017  2.000  0.276    0.000
  1  1  8    5    0.000    0.000   0.000   0.000   0.000 0.000  20.000  48.187   1.128  0.227   70.000   90.008   55.038    0.086  0.419  0.030  0.017  2.000  0.276    0.000
  1 15  8    5    0.000    0.000   0.000   0.000   0.000 0.000  20.000  48.187   1.128  0.227   70.000   90.008   55.038    0.086  0.419  0.030  0.017  2.000  0.276    0.000
  1  1  9    5    0.000    0.000   0.000   0.000   0.000 0.000  20.000  48.187   1.128  0.227   70.000   90.009   55.038    0.086  0.419  0.030  0.017  2.000  0.276    0.000
  1 15  9    5    3.300    0.000   0.000   0.000   0.000 0.000  20.000  48.520   1.128  0.227   70.000   90.009   55.039    0.086  0.419  0.030  0.017  2.000  0.276    0.000
  1  1 10    5    0.000    0.000   0.000   0.000   0.000 0.000  20.000  48.187   1.128  0.227   70.000   90.009   55.039    0.086  0.419  0.030  0.017  2.000  0.276    0.000
  1 15 10    5    0.000    0.000   0.000   0.000   0.000 0.000  20.000  48.187   1.128  0.227   70.000   90.009   55.039    0.086  0.419  0.030  0.017  2.000  0.276    0.000
  1  1 11    5    0.000    0.000   0.000   0.000   0.000 0.000  20.000  48.188   1.128  0.227   70.000   90.009   55.040    0.086  0.419  0.030  0.017  2.000  0.276    0.000
  1 15 11    5    0.000    0.000   0.000   0.000   0.000 0.000  20.000  89.977   1.128  0.227   70.000   90.009   55.040    0.086  0.419  0.030  0.017  2.000  0.276    0.000
  1 23 11    5   26.800    0.248 103.407   0.130   1.903 1.001  20.000 111.209   1.128  0.227   70.000   90.009   55.040    0.086  0.419  0.030  0.017  2.000  0.276    0.000
  1  1 12    5    0.000    0.000   0.000   0.000   0.000 0.000  20.000 124.523   1.128  0.227   70.000   90.009   55.040    0.086  0.419  0.030  0.017  2.000  0.276    0.000
  1 15 12    5    7.100    0.000   0.000   0.000   0.000 0.000  20.000 157.603   1.128  0.227   70.000   90.009   55.041    0.086  0.419  0.030  0.017  2.000  0.276    0.000
  1 17 12    5   17.200   10.297   0.000   8.581   1.200 1.001  20.000 165.928   1.128  0.227   70.000   90.009   55.041    0.086  0.419  0.030  0.017  2.000  0.276    1.207
  1 18 12    5   24.400   22.224  42.249  76.962   0.289 1.001  20.000 166.035   1.128  0.227   70.000   90.009   55.041    0.086  0.419  0.030  0.017  2.000  0.276    2.397
  1 19 12    5   19.200   16.926  21.941   3.134   5.400 1.001  20.000 165.911   1.128  0.227   70.000   90.009   55.041    0.086  0.419  0.030  0.017  2.000  0.276    0.186
  1  1  1    6    0.000    0.000   0.000   0.000   0.000 0.000  20.000 150.340   1.128  0.227   70.000   90.009   55.041    0.086  0.419  0.030  0.017  2.000  0.276    0.000
  1 15  1    6    0.000    0.000   0.000   0.000   0.000 0.000  20.000 134.716   1.128  0.227   70.000   90.009   55.041    0.086  0.419  0.030  0.017  2.000  0.276    0.000
  1  1  2    6    0.000    0.000   0.000   0.000   0.000 0.000  20.000 129.679   1.128  0.227   70.000   90.009   55.042    0.086  0.419  0.030  0.017  2.000  0.276    0.000
  1  9  2    6   30.600    8.123   0.000   3.124   2.600 1.001  20.000 165.567   1.128  0.227   70.000   90.009   55.042    0.086  0.419  0.030  0.017  2.000  0.276    0.088
  1 15  2    6    0.000    0.000   0.000   0.000   0.000 0.000  20.000 142.647   1.128  0.227   70.000   90.009   55.042    0.086  0.419  0.030  0.017  2.000  0.276    0.000
  1  1  3    6    0.000    0.000   0.000   0.000   0.000 0.000  20.000 120.595   1.128  0.227   70.000   90.009   55.042    0.086  0.419  0.030  0.017  2.000  0.276    0.000
  1 15  3    6    0.000    0.000   0.000   0.000   0.000 0.000  20.000 109.478   1.128  0.227   70.000   90.010   55.043    0.086  0.419  0.030  0.017  2.000  0.276    0.000
  1  1  4    6    0.000    0.000   0.000   0.000   0.000 0.000  20.000 100.974   1.128  0.227   70.000   90.010   55.043    0.086  0.419  0.030  0.017  2.000  0.276    0.000
  1 15  4    6    0.000    0.000   0.000   0.000   0.000 0.000  20.000  74.102   1.128  0.227   70.000   90.010   55.043    0.086  0.419  0.030  0.017  2.000  0.276    0.000
  1  1  5    6    0.000    0.000   0.000   0.000   0.000 0.000  20.000  48.910   1.128  0.227   70.000   90.010   55.044    0.086  0.419  0.030  0.017  2.000  0.276    0.000
  1 15  5    6    0.000    0.000   0.000   0.000   0.000 0.000  20.000  48.189   1.128  0.227   70.000   90.010   55.044    0.086  0.419  0.030  0.017  2.000  0.276    0.000
  1  1  6    6    0.000    0.000   0.000   0.000   0.000 0.000  20.000  48.187   1.128  0.227   70.000   90.010   55.045    0.086  0.419  0.030  0.017  2.000  0.276    0.000
  1 15  6    6    0.000    0.000   0.000   0.000   0.000 0.000  20.000  48.187   1.128  0.227   70.000   90.010   55.045    0.086  0.419  0.030  0.017  2.000  0.276    0.000
  1  1  7    6    0.000    0.000   0.000   0.000   0.000 0.000  20.000  48.187   1.128  0.227   70.000   90.010   55.045    0.086  0.419  0.030  0.017  2.000  0.276    0.000
  1 15  7    6    0.000    0.000   0.000   0.000   0.000 0.000  20.000  48.187   1.128  0.227   70.000   90.010   55.046    0.086  0.419  0.030  0.017  2.000  0.276    0.000
  1  1  8    6    0.000    0.000   0.000   0.000   0.000 0.000  20.000  48.187   1.128  0.227   70.000   90.010   55.046    0.086  0.419  0.030  0.017  2.000  0.276    0.000
  1 15  8    6    0.000    0.000   0.000   0.000   0.000 0.000  20.000  48.187   1.128  0.227   70.000   90.010   55.046    0.086  0.419  0.030  0.017  2.000  0.276    0.000
  1  1  9    6    0.000    0.000   0.000   0.000   0.000 0.000  20.000  48.187   1.128  0.227   70.000   90.010   55.047    0.086  0.419  0.030  0.017  2.000  0.276    0.000
  1 15  9    6    0.000    0.000   0.000   0.000   0.000 0.000  20.000  48.187   1.128  0.227   70.000   90.010   55.047    0.086  0.419  0.030  0.017  2.000  0.276    0.000
  1  1 10    6    0.000    0.000   0.000   0.000   0.000 0.000  20.000  48.187   1.128  0.227   70.000   90.011   55.047    0.086  0.419  0.030  0.017  2.000  0.276    0.000
  1 15 10    6    0.000    0.000   0.000   0.000   0.000 0.000  20.000  48.187   1.128  0.227   70.000   90.011   55.048    0.086  0.419  0.030  0.017  2.000  0.276    0.000
  1  1 11    6    0.000    0.000   0.000   0.000   0.000 0.000  20.000  49.708   1.128  0.227   70.000   90.011   55.048    0.086  0.419  0.030  0.017  2.000  0.276    0.000
  1 15 11    6    0.000    0.000   0.000   0.000   0.000 0.000  20.000  79.401   1.128  0.227   70.000   90.011   55.048    0.086  0.419  0.030  0.017  2.000  0.276    0.000
  1 24 11    6   56.700   19.240 111.962  77.661   0.248 1.001  20.000 102.972   1.128  0.227   70.000   90.011   55.048    0.086  0.419  0.030  0.017  2.000  0.276    2.068
  1 25 11    6   46.400    9.128  55.702  24.927   0.366 1.001  20.000 138.467   1.128  0.227   70.000   90.011   55.048    0.086  0.419  0.030  0.017  2.000  0.276    1.271
  1 29 11    6   40.500   11.297   0.000   4.519   2.500 1.001  20.000 165.986   1.128  0.227   70.000   90.011   55.049    0.086  0.419  0.030  0.017  2.000  0.276    0.561
  1  1 12    6    1.800    0.000   0.000   0.000   0.000 0.000  20.000 162.944   1.128  0.227   70.000   90.011   55.049    0.086  0.419  0.030  0.017  2.000  0.276    0.000
  1  2 12    6   12.600    7.476   0.000  10.681   0.700 1.001  20.000 166.057   1.128  0.227   70.000   90.011   55.049    0.086  0.419  0.030  0.017  2.000  0.276    0.968
  1 15 12    6    0.000    0.000   0.000   0.000   0.000 0.000  20.000 144.673   1.128  0.227   70.000   90.011   55.049    0.086  0.419  0.030  0.017  2.000  0.276    0.000
  1  1  1    7    0.000    0.000   0.000   0.000   0.000 0.000  20.000 124.682   1.128  0.227   70.000   90.011   55.049    0.086  0.419  0.030  0.017  2.000  0.276    0.000
  1 15  1    7    0.000    0.000   0.000   0.000   0.000 0.000  20.000 123.610   1.128  0.227   70.000   90.011   55.050    0.086  0.419  0.030  0.017  2.000  0.276    0.000
  1 30  1    7   67.400   29.775  40.708  47.955   0.621 1.001  20.000 165.553   1.128  0.227   70.000   90.011   55.050    0.086  0.419  0.030  0.017  2.000  0.276    3.688
  1 31  1    7   16.600   13.816   0.000   2.763   5.000 1.001  20.000 165.895   1.128  0.227   70.000   90.011   55.050    0.086  0.419  0.030  0.017  2.000  0.276    0.052
  1  1  2    7    2.000    0.000   0.000   0.000   0.000 0.000  20.000 164.504   1.128  0.227   70.000   90.011   55.050    0.086  0.419  0.030  0.017  2.000  0.276    0.000
  1 12  2    7   27.300    5.124   0.000   0.649   7.900 1.001  20.000 166.107   1.128  0.227   70.000   90.011   55.050    0.086  0.419  0.030  0.017  2.000  0.276    0.000
  1 13  2    7   57.100   54.840  36.158  69.455   0.790 1.001  20.000 165.877   1.128  0.227   70.000   90.011   55.050    0.086  0.419  0.030  0.017  2.000  0.276    6.114
  1 14  2    7   64.700   62.232  44.570  80.202   0.776 1.001  20.000 165.890   1.128  0.227   70.000   90.011   55.050    0.086  0.419  0.030  0.017  2.000  0.276    6.618
  1 15  2    7   64.700   62.012  29.211  59.974   1.034 1.001  20.000 165.749   1.128  0.227   70.000   90.011   55.050    0.086  0.419  0.030  0.017  2.000  0.276    7.229
  1 16  2    7   11.600    8.957   0.000   1.659   5.400 1.001  20.000 165.861   1.128  0.227   70.000   90.011   55.050    0.086  0.419  0.030  0.017  2.000  0.276    0.000
  1 17  2    7    3.000    0.604   0.000   0.131   4.624 1.001  20.000 165.943   1.128  0.227   70.000   90.011   55.050    0.086  0.419  0.030  0.017  2.000  0.276    0.000
  1 18  2    7   10.800    8.502   0.000   2.298   3.700 1.001  20.000 165.952   1.128  0.227   70.000   90.011   55.050    0.086  0.419  0.030  0.017  2.000  0.276    0.000
  1 19  2    7   27.300   24.349   0.000  12.175   2.000 1.001  20.000 165.554   1.128  0.227   70.000   90.011   55.050    0.086  0.419  0.030  0.017  2.000  0.276    3.272
  1  1  3    7    0.000    0.000   0.000   0.000   0.000 0.000  20.000 135.916   1.128  0.227   70.000   90.011   55.051    0.086  0.419  0.030  0.017  2.000  0.276    0.000
  1 10  3    7   27.900   18.443   0.000   5.589   3.300 1.001  20.000 165.905   1.128  0.227   70.000   90.011   55.051    0.086  0.419  0.030  0.017  2.000  0.276    1.425
  1 12  3    7   11.000    6.082  25.184  16.576   0.367 1.001  20.000 165.705   1.128  0.227   70.000   90.011   55.051    0.086  0.419  0.030  0.017  2.000  0.276    0.854
  1 13  3    7    2.900    0.140   0.000   0.131   1.072 1.001  20.000 165.817   1.128  0.227   70.000   90.011   55.051    0.086  0.419  0.030  0.017  2.000  0.276    0.000
  1 14  3    7    7.000    3.238   0.000   0.790   4.100 1.001  20.000 165.146   1.128  0.227   70.000   90.011   55.051    0.086  0.419  0.030  0.017  2.000  0.276    0.000
  1 15  3    7   36.900   33.352  24.607  46.642   0.715 1.001  20.000 165.679   1.128  0.227   70.000   90.011   55.051    0.086  0.419  0.030  0.017  2.000  0.276    4.160
  1 16  3    7   18.900   15.668  33.778  65.483   0.239 1.001  20.000 165.548   1.128  0.227   70.000   90.011   55.051    0.086  0.419  0.030  0.017  2.000  0.276    1.779
  1  1  4    7    0.000    0.000   0.000   0.000   0.000 0.000  20.000 121.997   1.128  0.227   70.000   90.011   55.051    0.086  0.419  0.030  0.017  2.000  0.276    0.000
  1 15  4    7    0.000    0.000   0.000   0.000   0.000 0.000  20.000 109.657   1.128  0.227   70.000   90.011   55.052    0.086  0.419  0.030  0.017  2.000  0.276    0.000
  1  1  5    7    0.000    0.000   0.000   0.000   0.000 0.000  20.000  77.492   1.128  0.227   70.000   90.012   55.052    0.086  0.419  0.030  0.017  2.000  0.276    0.000
  1 15  5    7    0.000    0.000   0.000   0.000   0.000 0.000  20.000  49.687   1.128  0.227   70.000   90.012   55.052    0.086  0.419  0.030  0.017  2.000  0.276    0.000
  1  1  6    7    0.000    0.000   0.000   0.000   0.000 0.000  20.000  48.187   1.128  0.227   70.000   90.012   55.053    0.086  0.419  0.030  0.017  2.000  0.276    0.000
  1 15  6    7    0.000    0.000   0.000   0.000   0.000 0.000  20.000  48.187   1.128  0.227   70.000   90.012   55.053    0.086  0.419  0.030  0.017  2.000  0.276    0.000
  1  1  7    7    0.000    0.000   0.000   0.000   0.000 0.000  20.000  48.187   1.128  0.227   70.000   90.012   55.053    0.086  0.419  0.030  0.017  2.000  0.276    0.000
  1 15  7    7    0.000    0.000   0.000   0.000   0.000 0.000  20.000  48.187   1.128  0.227   70.000   90.012   55.054    0.086  0.419  0.030  0.017  2.000  0.276    0.000
  1  1  8    7    0.000    0.000   0.000   0.000   0.000 0.000  20.000  48.187   1.128  0.227   70.000   90.012   55.054    0.086  0.419  0.030  0.017  2.000  0.276    0.000
  1 15  8    7    0.000    0.000   0.000   0.000   0.000 0.000  20.000  48.187   1.128  0.227   70.000   90.012   55.054    0.086  0.419  0.030  0.017  2.000  0.276    0.000
  1  1  9    7    0.000    0.000   0.000   0.000   0.000 0.000  20.000  48.187   1.128  0.227   70.000   90.012   55.055    0.086  0.419  0.030  0.017  2.000  0.276    0.000
  1 15  9    7    0.000    0.000   0.000   0.000   0.000 0.000  20.000  48.187   1.128  0.227   70.000   90.012   55.055    0.086  0.419  0.030  0.017  2.000  0.276    0.000
  1  1 10    7    1.300    0.000   0.000   0.000   0.000 0.000  20.000  61.411   1.128  0.227   70.000   90.012   55.055    0.086  0.419  0.030  0.017  2.000  0.276    0.000
  1 15 10    7    0.000    0.000   0.000   0.000   0.000 0.000  20.000  48.776   1.128  0.227   70.000   90.012   55.056    0.086  0.419  0.030  0.017  2.000  0.276    0.000
  1  1 11    7    0.000    0.000   0.000   0.000   0.000 0.000  20.000  48.187   1.128  0.227   70.000   90.012   55.056    0.086  0.419  0.030  0.017  2.000  0.276    0.000
  1 15 11    7    2.300    0.000   0.000   0.000   0.000 0.000  20.000  49.183   1.128  0.227   70.000   90.013   55.056    0.086  0.419  0.030  0.017  2.000  0.276    0.000
  1  1 12    7    0.000    0.000   0.000   0.000   0.000 0.000  20.000  73.992   1.128  0.227   70.000   90.013   55.057    0.086  0.419  0.030  0.017  2.000  0.276    0.000
  1 15 12    7    0.000    0.000   0.000   0.000   0.000 0.000  20.000  71.520   1.128  0.227   70.000   90.013   55.057    0.086  0.419  0.030  0.017  2.000  0.276    0.000
  1  1  1    8    0.000    0.000   0.000   0.000   0.000 0.000  20.000  59.527   1.128  0.227   70.000   90.013   55.058    0.086  0.419  0.030  0.017  2.000  0.276    0.000
  1 15  1    8    0.000    0.000   0.000   0.000   0.000 0.000  20.000  78.588   1.128  0.227   70.000   90.013   55.058    0.086  0.419  0.030  0.017  2.000  0.276    0.000
  1  1  2    8    0.000    0.000   0.000   0.000   0.000 0.000  20.000  64.024   1.128  0.227   70.000   90.013   55.058    0.086  0.419  0.030  0.017  2.000  0.276    0.000
  1 15  2    8    4.300    0.000   0.000   0.000   0.000 0.000  20.000  74.600   1.128  0.227   70.000   90.013   55.059    0.086  0.419  0.030  0.017  2.000  0.276    0.000
  1  1  3    8    0.000    0.000   0.000   0.000   0.000 0.000  20.000  53.304   1.128  0.227   70.000   90.013   55.059    0.086  0.419  0.030  0.017  2.000  0.276    0.000
  1 15  3    8    3.500    0.000   0.000   0.000   0.000 0.000  20.000  56.638   1.128  0.227   70.000   90.013   55.059    0.086  0.419  0.030  0.017  2.000  0.276    0.000
  1  1  4    8    0.800    0.000   0.000   0.000   0.000 0.000  20.000  48.311   1.128  0.227   70.000   90.013   55.060    0.086  0.419  0.030  0.017  2.000  0.276    0.000
  1 15  4    8    0.000    0.000   0.000   0.000   0.000 0.000  20.000  48.187   1.128  0.227   70.000   90.013   55.060    0.086  0.419  0.030  0.017  2.000  0.276    0.000
  1  1  5    8    0.000    0.000   0.000   0.000   0.000 0.000  20.000  48.187   1.128  0.227   70.000   90.013   55.060    0.086  0.419  0.030  0.017  2.000  0.276    0.000
  1 15  5    8    1.500    0.000   0.000   0.000   0.000 0.000  20.000  48.187   1.128  0.227   70.000   90.013   55.061    0.086  0.419  0.030  0.017  2.000  0.276    0.000
  1  1  6    8    0.000    0.000   0.000   0.000   0.000 0.000  20.000  48.187   1.128  0.227   70.000   90.014   55.061    0.086  0.419  0.030  0.017  2.000  0.276    0.000
  1 15  6    8    0.000    0.000   0.000   0.000   0.000 0.000  20.000  48.187   1.128  0.227   70.000   90.014   55.061    0.086  0.419  0.030  0.017  2.000  0.276    0.000
  1  1  7    8    0.000    0.000   0.000   0.000   0.000 0.000  20.000  48.187   1.128  0.227   70.000   90.014   55.062    0.086  0.419  0.030  0.017  2.000  0.276    0.000
  1 15  7    8    0.000    0.000   0.000   0.000   0.000 0.000  20.000  48.187   1.128  0.227   70.000   90.014   55.062    0.086  0.419  0.030  0.017  2.000  0.276    0.000
  1  1  8    8    0.000    0.000   0.000   0.000   0.000 0.000  20.000  48.187   1.128  0.227   70.000   90.014   55.062    0.086  0.419  0.030  0.017  2.000  0.276    0.000
  1 15  8    8    0.000    0.000   0.000   0.000   0.000 0.000  20.000  48.187   1.128  0.227   70.000   90.014   55.063    0.086  0.419  0.030  0.017  2.000  0.276    0.000
  1  1  9    8    0.000    0.000   0.000   0.000   0.000 0.000  20.000  48.187   1.128  0.227   70.000   90.014   55.063    0.086  0.419  0.030  0.017  2.000  0.276    0.000
  1 15  9    8    0.000    0.000   0.000   0.000   0.000 0.000  20.000  48.187   1.128  0.227   70.000   90.014   55.063    0.086  0.419  0.030  0.017  2.000  0.276    0.000
  1  1 10    8    0.000    0.000   0.000   0.000   0.000 0.000  20.000  48.187   1.128  0.227   70.000   90.014   55.064    0.086  0.419  0.030  0.017  2.000  0.276    0.000
  1 15 10    8    0.000    0.000   0.000   0.000   0.000 0.000  20.000  48.245   1.128  0.227   70.000   90.014   55.064    0.086  0.419  0.030  0.017  2.000  0.276    0.000
  1 31 10    8   75.700   26.193  83.971  84.869   0.309 1.001  20.000 142.348   1.128  0.227   70.000   90.014   55.064    0.086  0.419  0.030  0.017  2.000  0.276    2.731
  1  1 11    8    5.400    0.000   0.000   0.000   0.000 0.000  20.000 146.068   1.128  0.227   70.000   90.014   55.064    0.086  0.419  0.030  0.017  2.000  0.276    0.000
  1  4 11    8   25.800    0.436  50.243   2.820   0.154 1.001  20.000 165.854   1.128  0.227   70.000   90.014   55.064    0.086  0.419  0.030  0.017  2.000  0.276    0.002
  1  5 11    8    7.500    4.594   0.000   3.828   1.200 1.001  20.000 165.640   1.128  0.227   70.000   90.014   55.064    0.086  0.419  0.030  0.017  2.000  0.276    0.121
  1 15 11    8    0.000    0.000   0.000   0.000   0.000 0.000  20.000 138.516   1.128  0.227   70.000   90.014   55.065    0.086  0.419  0.030  0.017  2.000  0.276    0.000
  1  1 12    8    0.000    0.000   0.000   0.000   0.000 0.000  20.000 122.944   1.128  0.227   70.000   90.014   55.065    0.086  0.419  0.030  0.017  2.000  0.276    0.000
  1 15 12    8   34.100   13.058  47.075  36.054   0.362 1.001  20.000 165.965   1.128  0.227   70.000   90.015   55.065    0.086  0.419  0.030  0.017  2.000  0.276    1.723
  1 16 12    8    8.800    6.382   0.000   1.824   3.500 1.001  20.000 165.867   1.128  0.227   70.000   90.015   55.065    0.086  0.419  0.030  0.017  2.000  0.276    0.000
  1  1  1    9    0.000    0.000   0.000   0.000   0.000 0.000  20.000 150.834   1.128  0.227   70.000   90.015   55.066    0.086  0.419  0.030  0.017  2.000  0.276    0.000
  1 15  1    9    0.000    0.000   0.000   0.000   0.000 0.000  20.000 138.903   1.128  0.227   70.000   90.015   55.066    0.086  0.419  0.030  0.017  2.000  0.276    0.000
  1 17  1    9   70.700   44.512  30.245  14.359   3.100 1.001  20.000 165.871   1.128  0.227   70.000   90.015   55.066    0.086  0.419  0.030  0.017  2.000  0.276    6.165
  1  1  2    9    2.800    0.000   0.000   0.000   0.000 0.000  20.000 133.786   1.128  0.227   70.000   90.015   55.066    0.086  0.419  0.030  0.017  2.000  0.276    0.000
  1 15  2    9    0.000    0.000   0.000   0.000   0.000 0.000  20.000 121.894   1.128  0.227   70.000   90.015   55.067    0.086  0.419  0.030  0.017  2.000  0.276    0.000
  1  1  3    9    8.200    0.000   0.000   0.000   0.000 0.000  20.000 160.003   1.128  0.227   70.000   90.015   55.067    0.086  0.419  0.030  0.017  2.000  0.276    0.000
  1 15  3    9    0.000    0.000   0.000   0.000   0.000 0.000  20.000 124.221   1.128  0.227   70.000   90.015   55.067    0.086  0.419  0.030  0.017  2.000  0.276    0.000
  1  1  4    9    0.000    0.000   0.000   0.000   0.000 0.000  20.000  93.747   1.128  0.227   70.000   90.015   55.068    0.086  0.419  0.030  0.017  2.000  0.276    0.000
  1 15  4    9    0.800    0.000   0.000   0.000   0.000 0.000  20.000  95.042   1.128  0.227   70.000   90.015   55.068    0.086  0.419  0.030  0.017  2.000  0.276    0.000
  1 20  4    9   20.100    0.085 115.495   0.131   0.650 1.001  20.000 134.224   1.128  0.227   70.000   90.015   55.068    0.086  0.419  0.030  0.017  2.000  0.276    0.000
  1  1  5    9    0.000    0.000   0.000   0.000   0.000 0.000  20.000 107.460   1.128  0.227   70.000   90.015   55.068    0.086  0.419  0.030  0.017  2.000  0.276    0.000
  1 15  5    9    0.000    0.000   0.000   0.000   0.000 0.000  20.000  77.338   1.128  0.227   70.000   90.015   55.069    0.086  0.419  0.030  0.017  2.000  0.276    0.000
  1  1  6    9    0.000    0.000   0.000   0.000   0.000 0.000  20.000  48.483   1.128  0.227   70.000   90.015   55.069    0.086  0.419  0.030  0.017  2.000  0.276    0.000
  1 15  6    9    0.000    0.000   0.000   0.000   0.000 0.000  20.000  48.187   1.128  0.227   70.000   90.015   55.069    0.086  0.419  0.030  0.017  2.000  0.276    0.000
  1  1  7    9    0.000    0.000   0.000   0.000   0.000 0.000  20.000  48.187   1.128  0.227   70.000   90.016   55.070    0.086  0.419  0.030  0.017  2.000  0.276    0.000
  1 15  7    9    0.000    0.000   0.000   0.000   0.000 0.000  20.000  48.187   1.128  0.227   70.000   90.016   55.070    0.086  0.419  0.030  0.017  2.000  0.276    0.000
  1  1  8    9    0.000    0.000   0.000   0.000   0.000 0.000  20.000  48.187   1.128  0.227   70.000   90.016   55.071    0.086  0.419  0.030  0.017  2.000  0.276    0.000
  1 15  8    9    0.000    0.000   0.000   0.000   0.000 0.000  20.000  48.187   1.128  0.227   70.000   90.016   55.071    0.086  0.419  0.030  0.017  2.000  0.276    0.000
  1  1  9    9    0.000    0.000   0.000   0.000   0.000 0.000  20.000  48.187   1.128  0.227   70.000   90.016   55.071    0.086  0.419  0.030  0.017  2.000  0.276    0.000
  1 15  9    9    0.000    0.000   0.000   0.000   0.000 0.000  20.000  48.187   1.128  0.227   70.000   90.016   55.072    0.086  0.419  0.030  0.017  2.000  0.276    0.000
  1  1 10    9    0.000    0.000   0.000   0.000   0.000 0.000  20.000  48.187   1.128  0.227   70.000   90.016   55.072    0.086  0.419  0.030  0.017  2.000  0.276    0.000
  1 15 10    9    0.000    0.000   0.000   0.000   0.000 0.000  20.000  48.187   1.128  0.227   70.000   90.016   55.072    0.086  0.419  0.030  0.017  2.000  0.276    0.000
  1  1 11    9    0.000    0.000   0.000   0.000   0.000 0.000  20.000  48.187   1.128  0.227   70.000   90.016   55.073    0.086  0.419  0.030  0.017  2.000  0.276    0.000
  1 15 11    9    0.000    0.000   0.000   0.000   0.000 0.000  20.000  68.390   1.128  0.227   70.000   90.016   55.073    0.086  0.419  0.030  0.017  2.000  0.276    0.000
  1  1 12    9    0.000    0.000   0.000   0.000   0.000 0.000  20.000  76.996   1.128  0.227   70.000   90.016   55.073    0.086  0.419  0.030  0.017  2.000  0.276    0.000
  1 15 12    9   42.600    0.000   0.000   0.000   0.000 0.000  20.000 102.733   1.128  0.227   70.000   90.016   55.074    0.086  0.419  0.030  0.017  2.000  0.276    0.000
  1 23 12    9   16.900    6.546   0.000   1.169   5.600 1.001  20.000 165.833   1.128  0.227   70.000   90.016   55.074    0.086  0.419  0.030  0.017  2.000  0.276    0.000
  1 24 12    9    9.600    7.676   0.000   1.919   4.000 1.001  20.000 166.244   1.128  0.227   70.000   90.016   55.074    0.086  0.419  0.030  0.017  2.000  0.276    0.000
  1  1  1   10    0.000    0.000   0.000   0.000   0.000 0.000  20.000 161.875   1.128  0.227   70.000   90.016   55.074    0.086  0.419  0.030  0.017  2.000  0.276    0.000
  1 15  1   10    0.000    0.000   0.000   0.000   0.000 0.000  20.000 141.890   1.128  0.227   70.000   90.017   55.074    0.086  0.419  0.030  0.017  2.000  0.276    0.000
  1  1  2   10    0.500    0.000   0.000   0.000   0.000 0.000  20.000 121.271   1.128  0.227   70.000   90.017   55.075    0.086  0.419  0.030  0.017  2.000  0.276    0.000
  1  8  2   10   48.600   29.251  41.047  52.437   0.558 1.001  20.000 165.930   1.128  0.227   70.000   90.017   55.075    0.086  0.419  0.030  0.017  2.000  0.276    3.540
  1  9  2   10    9.700    7.357   0.000   1.443   5.100 1.001  20.000 165.933   1.128  0.227   70.000   90.017   55.075    0.086  0.419  0.030  0.017  2.000  0.276    0.000
  1 15  2   10    0.000    0.000   0.000   0.000   0.000 0.000  20.000 153.728   1.128  0.227   70.000   90.017   55.075    0.086  0.419  0.030  0.017  2.000  0.276    0.000
  1  1  3   10    0.000    0.000   0.000   0.000   0.000 0.000  20.000 126.115   1.128  0.227   70.000   90.017   55.075    0.086  0.419  0.030  0.017  2.000  0.276    0.000
  1 15  3   10    0.000    0.000   0.000   0.000   0.000 0.000  20.000 116.297   1.128  0.227   70.000   90.017   55.076    0.086  0.419  0.030  0.017  2.000  0.276    0.000
  1  1  4   10    0.000    0.000   0.000   0.000   0.000 0.000  20.000  99.237   1.128  0.227   70.000   90.017   55.076    0.086  0.419  0.030  0.017  2.000  0.276    0.000
  1 15  4   10    0.000    0.000   0.000   0.000   0.000 0.000  20.000  69.512   1.128  0.227   70.000   90.017   55.076    0.086  0.419  0.030  0.017  2.000  0.276    0.000
  1  1  5   10    0.000    0.000   0.000   0.000   0.000 0.000  20.000  48.405   1.128  0.227   70.000   90.017   55.077    0.086  0.419  0.030  0.017  2.000  0.276    0.000
  1 15  5   10    0.000    0.000   0.000   0.000   0.000 0.000  20.000  48.187   1.128  0.227   70.000   90.017   55.077    0.086  0.419  0.030  0.017  2.000  0.276    0.000
  1  1  6   10    0.000    0.000   0.000   0.000   0.000 0.000  20.000  48.187   1.128  0.227   70.000   90.017   55.077    0.086  0.419  0.030  0.017  2.000  0.276    0.000
  1 15  6   10    0.000    0.000   0.000   0.000   0.000 0.000  20.000  48.187   1.128  0.227   70.000   90.017   55.078    0.086  0.419  0.030  0.017  2.000  0.276    0.000
  1  1  7   10    0.000    0.000   0.000   0.000   0.000 0.000  20.000  48.187   1.128  0.227   70.000   90.017   55.078    0.086  0.419  0.030  0.017  2.000  0.276    0.000
  1 15  7   10    0.000    0.000   0.000   0.000   0.000 0.000  20.000  48.187   1.128  0.227   70.000   90.017   55.078    0.086  0.419  0.030  0.017  2.000  0.276    0.000
  1  1  8   10    0.000    0.000   0.000   0.000   0.000 0.000  20.000  48.187   1.128  0.227   70.000   90.017   55.079    0.086  0.419  0.030  0.017  2.000  0.276    0.000
  1 15  8   10    0.000    0.000   0.000   0.000   0.000 0.000  20.000  48.187   1.128  0.227   70.000   90.018   55.079    0.086  0.419  0.030  0.017  2.000  0.276    0.000
  1  1  9   10    0.000    0.000   0.000   0.000   0.000 0.000  20.000  48.187   1.128  0.227   70.000   90.018   55.079    0.086  0.419  0.030  0.017  2.000  0.276    0.000
  1 15  9   10    0.000    0.000   0.000   0.000   0.000 0.000  20.000  48.187   1.128  0.227   70.000   90.018   55.080    0.086  0.419  0.030  0.017  2.000  0.276    0.000
  1  1 10   10    0.000    0.000   0.000   0.000   0.000 0.000  20.000  48.187   1.128  0.227   70.000   90.018   55.080    0.086  0.419  0.030  0.017  2.000  0.276    0.000
  1 15 10   10    0.000    0.000   0.000   0.000   0.000 0.000  20.000  48.187   1.128  0.227   70.000   90.018   55.080    0.086  0.419  0.030  0.017  2.000  0.276    0.000
  1  1 11   10    0.000    0.000   0.000   0.000   0.000 0.000  20.000  49.794   1.128  0.227   70.000   90.018   55.081    0.086  0.419  0.030  0.017  2.000  0.276    0.000
  1 15 11   10    0.000    0.000   0.000   0.000   0.000 0.000  20.000  48.193   1.128  0.227   70.000   90.018   55.081    0.086  0.419  0.030  0.017  2.000  0.276    0.000
  1  1 12   10    0.000    0.000   0.000   0.000   0.000 0.000  20.000  56.280   1.128  0.227   70.000   90.018   55.081    0.086  0.419  0.030  0.017  2.000  0.276    0.000
  1 15 12   10    0.000    0.000   0.000   0.000   0.000 0.000  20.000  48.405   1.128  0.227   70.000   90.018   55.082    0.086  0.419  0.030  0.017  2.000  0.276    0.000
  1  1  1   11    1.800    0.000   0.000   0.000   0.000 0.000  20.000  48.608   1.128  0.227   70.000   90.018   55.082    0.086  0.419  0.030  0.017  2.000  0.276    0.000
  1 15  1   11    7.900    0.000   0.000   0.000   0.000 0.000  20.000 113.029   1.128  0.227   70.000   90.018   55.082    0.086  0.419  0.030  0.017  2.000  0.276    0.000
  1  1  2   11    0.000    0.000   0.000   0.000   0.000 0.000  20.000  89.233   1.128  0.227   70.000   90.018   55.083    0.086  0.419  0.030  0.017  2.000  0.276    0.000
  1 15  2   11    0.000    0.000   0.000   0.000   0.000 0.000  20.000  85.911   1.128  0.227   70.000   90.018   55.083    0.086  0.419  0.030  0.017  2.000  0.276    0.000
  1 16  2   11   79.400    6.440  59.692  16.769   0.384 1.001  20.000 157.068   1.128  0.227   70.000   90.018   55.083    0.086  0.419  0.030  0.017  2.000  0.276    0.905
  1 17  2   11   63.200   52.055   0.000  10.411   5.000 1.001  20.000 165.966   1.128  0.227   70.000   90.018   55.083    0.086  0.419  0.030  0.017  2.000  0.276    6.673
  1  1  3   11    0.500    0.000   0.000   0.000   0.000 0.000  20.000 134.572   1.128  0.227   70.000   90.019   55.083    0.086  0.419  0.030  0.017  2.000  0.276    0.000
  1 15  3   11    0.000    0.000   0.000   0.000   0.000 0.000  20.000 115.019   1.128  0.227   70.000   90.019   55.084    0.086  0.419  0.030  0.017  2.000  0.276    0.000
  1  1  4   11    0.000    0.000   0.000   0.000   0.000 0.000  20.000  90.665   1.128  0.227   70.000   90.019   55.084    0.086  0.419  0.030  0.017  2.000  0.276    0.000
  1 15  4   11    2.500    0.000   0.000   0.000   0.000 0.000  20.000  74.534   1.128  0.227   70.000   90.019   55.084    0.086  0.419  0.030  0.017  2.000  0.276    0.000
  1  1  5   11    0.000    0.000   0.000   0.000   0.000 0.000  20.000  49.520   1.128  0.227   70.000   90.019   55.085    0.086  0.419  0.030  0.017  2.000  0.276    0.000
  1 15  5   11    0.000    0.000   0.000   0.000   0.000 0.000  20.000  48.189   1.128  0.227   70.000   90.019   55.085    0.086  0.419  0.030  0.017  2.000  0.276    0.000
  1  1  6   11    0.000    0.000   0.000   0.000   0.000 0.000  20.000  59.843   1.128  0.227   70.000   90.019   55.086    0.086  0.419  0.030  0.017  2.000  0.276    0.000
  1 15  6   11    0.000    0.000   0.000   0.000   0.000 0.000  20.000  48.187   1.128  0.227   70.000   90.019   55.086    0.086  0.419  0.030  0.017  2.000  0.276    0.000
  1  1  7   11    0.000    0.000   0.000   0.000   0.000 0.000  20.000  48.187   1.128  0.227   70.000   90.019   55.086    0.086  0.419  0.030  0.017  2.000  0.276    0.000
  1 15  7   11    0.000    0.000   0.000   0.000   0.000 0.000  20.000  48.187   1.128  0.227   70.000   90.019   55.087    0.086  0.419  0.030  0.017  2.000  0.276    0.000
  1  1  8   11    0.000    0.000   0.000   0.000   0.000 0.000  20.000  48.187   1.128  0.227   70.000   90.019   55.087    0.086  0.419  0.030  0.017  2.000  0.276    0.000
  1 15  8   11    0.000    0.000   0.000   0.000   0.000 0.000  20.000  48.187   1.128  0.227   70.000   90.019   55.087    0.086  0.419  0.030  0.017  2.000  0.276    0.000
  1  1  9   11    0.000    0.000   0.000   0.000   0.000 0.000  20.000  48.187   1.128  0.227   70.000   90.019   55.088    0.086  0.419  0.030  0.017  2.000  0.276    0.000
  1 15  9   11    0.000    0.000   0.000   0.000   0.000 0.000  20.000  48.187   1.128  0.227   70.000   90.020   55.088    0.086  0.419  0.030  0.017  2.000  0.276    0.000
  1  1 10   11    0.000    0.000   0.000   0.000   0.000 0.000  20.000  48.187   1.128  0.227   70.000   90.020   55.088    0.086  0.419  0.030  0.017  2.000  0.276    0.000
  1 15 10   11    0.000    0.000   0.000   0.000   0.000 0.000  20.000  48.187   1.128  0.227   70.000   90.020   55.089    0.086  0.419  0.030  0.017  2.000  0.276    0.000
  1  1 11   11    0.000    0.000   0.000   0.000   0.000 0.000  20.000  48.187   1.128  0.227   70.000   90.020   55.089    0.086  0.419  0.030  0.017  2.000  0.276    0.000
  1 15 11   11    0.000    0.000   0.000   0.000   0.000 0.000  20.000  48.187   1.128  0.227   70.000   90.020   55.089    0.086  0.419  0.030  0.017  2.000  0.276    0.000
  1  1 12   11    0.000    0.000   0.000   0.000   0.000 0.000  20.000  48.400   1.128  0.227   70.000   90.020   55.090    0.086  0.419  0.030  0.017  2.000  0.276    0.000
  1 15 12   11    0.500    0.000   0.000   0.000   0.000 0.000  20.000  56.037   1.128  0.227   70.000   90.020   55.090    0.086  0.419  0.030  0.017  2.000  0.276    0.000
  1  1  1   12    0.000    0.000   0.000   0.000   0.000 0.000  20.000  48.371   1.128  0.227   70.000   90.020   55.090    0.086  0.419  0.030  0.017  2.000  0.276    0.000
  1 15  1   12    0.000    0.000   0.000   0.000   0.000 0.000  20.000  76.703   1.128  0.227   70.000   90.020   55.091    0.086  0.419  0.030  0.017  2.000  0.276    0.000
  1  1  2   12    0.000    0.000   0.000   0.000   0.000 0.000  20.000  59.389   1.128  0.227   70.000   90.020   55.091    0.086  0.419  0.030  0.017  2.000  0.276    0.000
  1 15  2   12    0.000    0.000   0.000   0.000   0.000 0.000  20.000  49.166   1.128  0.227   70.000   90.020   55.091    0.086  0.419  0.030  0.017  2.000  0.276    0.000
  1 27  2   12   68.300    5.714  55.013  11.487   0.497 1.001  20.000 130.435   1.128  0.227   70.000   90.020   55.092    0.086  0.419  0.030  0.017  2.000  0.276    0.756
  1 28  2   12   68.000   29.466  24.383  26.681   1.104 1.001  20.000 165.511   1.128  0.227   70.000   90.020   55.092    0.086  0.419  0.030  0.017  2.000  0.276    4.071
  1  1  3   12   22.700   19.245   0.000   4.374   4.400 1.001  20.000 165.516   1.128  0.227   70.000   90.020   55.092    0.086  0.419  0.030  0.017  2.000  0.276    0.868
  1 15  3   12    0.300    0.000   0.000   0.000   0.000 0.000  20.000 136.614   1.128  0.227   70.000   90.020   55.092    0.086  0.419  0.030  0.017  2.000  0.276    0.000
  1 18  3   12   43.900   18.734   0.000   1.071  17.500 1.001  20.000 165.888   1.128  0.227   70.000   90.020   55.092    0.086  0.419  0.030  0.017  2.000  0.276    0.000
  1 19  3   12   40.100   36.271  32.707  60.451   0.600 1.001  20.000 165.063   1.128  0.227   70.000   90.020   55.092    0.086  0.419  0.030  0.017  2.000  0.276    4.217
  1 20  3   12   20.700   16.644   0.000   9.247   1.800 1.001  20.000 165.423   1.128  0.227   70.000   90.020   55.092    0.086  0.419  0.030  0.017  2.000  0.276    2.029
  1 24  3   12   10.500    0.014  28.274   0.131   0.108 1.001  20.000 160.717   1.128  0.227   70.000   90.020   55.092    0.086  0.419  0.030  0.017  2.000  0.276    0.000
  1 25  3   12   45.300   37.039  38.345  59.310   0.624 1.001  20.000 165.508   1.128  0.227   70.000   90.020   55.092    0.086  0.419  0.030  0.017  2.000  0.276    4.331
  1 26  3   12   28.600   24.880  29.074  73.617   0.338 1.001  20.000 165.358   1.128  0.227   70.000   90.021   55.092    0.086  0.419  0.030  0.017  2.000  0.276    2.722
  1 27  3   12   23.600   19.400  22.049   9.238   2.100 1.001  20.000 165.159   1.128  0.227   70.000   90.021   55.092    0.086  0.419  0.030  0.017  2.000  0.276    2.364
  1  1  4   12    0.000    0.000   0.000   0.000   0.000 0.000  20.000 144.994   1.128  0.227   70.000   90.021   55.092    0.086  0.419  0.030  0.017  2.000  0.276    0.000
  1 15  4   12    0.000    0.000   0.000   0.000   0.000 0.000  20.000 113.466   1.128  0.227   70.000   90.021   55.093    0.086  0.419  0.030  0.017  2.000  0.276    0.000
  1  1  5   12    0.000    0.000   0.000   0.000   0.000 0.000  20.000  83.553   1.128  0.227   70.000   90.021   55.093    0.086  0.419  0.030  0.017  2.000  0.276    0.000
  1 15  5   12    0.000    0.000   0.000   0.000   0.000 0.000  20.000  53.930   1.128  0.227   70.000   90.021   55.093    0.086  0.419  0.030  0.017  2.000  0.276    0.000
  1  1  6   12    0.000    0.000   0.000   0.000   0.000 0.000  20.000  48.190   1.128  0.227   70.000   90.021   55.094    0.086  0.419  0.030  0.017  2.000  0.276    0.000
  1 15  6   12    0.000    0.000   0.000   0.000   0.000 0.000  20.000  48.187   1.128  0.227   70.000   90.021   55.094    0.086  0.419  0.030  0.017  2.000  0.276    0.000
  1  1  7   12    0.000    0.000   0.000   0.000   0.000 0.000  20.000  48.187   1.128  0.227   70.000   90.021   55.094    0.086  0.419  0.030  0.017  2.000  0.276    0.000
  1 15  7   12    0.000    0.000   0.000   0.000   0.000 0.000  20.000  48.187   1.128  0.227   70.000   90.021   55.095    0.086  0.419  0.030  0.017  2.000  0.276    0.000
  1  1  8   12    0.000    0.000   0.000   0.000   0.000 0.000  20.000  48.187   1.128  0.227   70.000   90.021   55.095    0.086  0.419  0.030  0.017  2.000  0.276    0.000
  1 15  8   12    0.000    0.000   0.000   0.000   0.000 0.000  20.000  48.187   1.128  0.227   70.000   90.021   55.095    0.086  0.419  0.030  0.017  2.000  0.276    0.000
  1  1  9   12    0.000    0.000   0.000   0.000   0.000 0.000  20.000  48.187   1.128  0.227   70.000   90.021   55.096    0.086  0.419  0.030  0.017  2.000  0.276    0.000
  1 15  9   12    0.000    0.000   0.000   0.000   0.000 0.000  20.000  48.187   1.128  0.227   70.000   90.021   55.096    0.086  0.419  0.030  0.017  2.000  0.276    0.000
  1  1 10   12    0.000    0.000   0.000   0.000   0.000 0.000  20.000  48.187   1.128  0.227   70.000   90.021   55.096    0.086  0.419  0.030  0.017  2.000  0.276    0.000
  1 15 10   12    0.000    0.000   0.000   0.000   0.000 0.000  20.000  48.187   1.128  0.227   70.000   90.022   55.097    0.086  0.419  0.030  0.017  2.000  0.276    0.000
  1  1 11   12    0.000    0.000   0.000   0.000   0.000 0.000  20.000  59.607   1.128  0.227   70.000   90.022   55.097    0.086  0.419  0.030  0.017  2.000  0.276    0.000
  1 15 11   12    0.000    0.000   0.000   0.000   0.000 0.000  20.000  48.424   1.128  0.227   70.000   90.022   55.097    0.086  0.419  0.030  0.017  2.000  0.276    0.000
  1  1 12   12    0.000    0.000   0.000   0.000   0.000 0.000  20.000  48.188   1.128  0.227   70.000   90.022   55.098    0.086  0.419  0.030  0.017  2.000  0.276    0.000
  1 15 12   12    0.000    0.000   0.000   0.000   0.000 0.000  20.000  54.013   1.128  0.227   70.000   90.022   55.098    0.086  0.419  0.030  0.017  2.000  0.276    0.000
  1 28 12   12  117.400   35.785  38.916  27.063   1.322 1.001  20.000 159.912   1.128  0.227   70.000   90.022   55.098    0.086  0.419  0.030  0.017  2.000  0.276    4.936
  1 29 12   12   37.600   29.576  21.826  49.792   0.594 1.001  20.000 166.134   1.128  0.227   70.000   90.022   55.098    0.086  0.419  0.030  0.017  2.000  0.276    3.627
  1 30 12   12    2.800    0.926   0.000   0.579   1.600 1.001  20.000 166.093   1.128  0.227   70.000   90.022   55.098    0.086  0.419  0.030  0.017  2.000  0.276    0.000
  1  1  1   13    0.000    0.000   0.000   0.000   0.000 0.000  20.000 160.482   1.128  0.227   70.000   90.022   55.099    0.086  0.419  0.030  0.017  2.000  0.276    0.000
  1  3  1   13   17.100    7.160   0.000   0.981   7.300 1.001  20.000 166.103   1.128  0.227   70.000   90.022   55.099    0.086  0.419  0.030  0.017  2.000  0.276    0.000
  1  5  1   13   42.400   39.488  29.672  69.085   0.572 1.001  20.000 165.869   1.128  0.227   70.000   90.022   55.099    0.086  0.419  0.030  0.017  2.000  0.276    4.408
  1  6  1   13   18.900   16.384   0.000   5.285   3.100 1.001  20.000 165.865   1.128  0.227   70.000   90.022   55.099    0.086  0.419  0.030  0.017  2.000  0.276    1.153
  1  7  1   13    2.500    0.526   0.000   0.146   3.600 1.001  20.000 166.194   1.128  0.227   70.000   90.022   55.099    0.086  0.419  0.030  0.017  2.000  0.276    0.000
  1 15  1   13    0.000    0.000   0.000   0.000   0.000 0.000  20.000 144.393   1.128  0.227   70.000   90.022   55.099    0.086  0.420  0.030  0.017  2.000  0.276    0.000
  1  1  2   13    0.000    0.000   0.000   0.000   0.000 0.000  20.000 121.973   1.128  0.227   70.000   90.022   55.099    0.086  0.420  0.030  0.017  2.000  0.276    0.000
  1  6  2   13   53.300   14.712   0.000   3.130   4.700 1.001  20.000 166.077   1.128  0.227   70.000   90.022   55.099    0.086  0.420  0.030  0.017  2.000  0.276    0.160
  1  7  2   13    9.400    7.261   0.000   0.854   8.500 1.001  20.000 165.967   1.128  0.227   70.000   90.022   55.099    0.086  0.420  0.030  0.017  2.000  0.276    0.000
  1  8  2   13    4.100    1.745   0.000   0.727   2.400 1.001  20.000 165.903   1.128  0.227   70.000   90.022   55.099    0.086  0.420  0.030  0.017  2.000  0.276    0.000
  1  9  2   13   32.300   29.369  25.907  93.921   0.313 1.001  20.000 165.595   1.128  0.227   70.000   90.022   55.099    0.086  0.420  0.030  0.017  2.000  0.276    2.953
  1 10  2   13   90.000   87.066  48.516  68.422   1.272 1.001  20.000 165.779   1.128  0.227   70.000   90.022   55.099    0.086  0.420  0.030  0.017  2.000  0.276    9.749
  1 11  2   13   68.000   65.490  36.524  72.800   0.900 1.001  20.000 165.924   1.128  0.227   70.000   90.022   55.099    0.086  0.420  0.030  0.017  2.000  0.276    7.190
  1 12  2   13   45.500   43.205   0.000  10.801   4.000 1.001  20.000 165.966   1.128  0.227   70.000   90.022   55.099    0.086  0.420  0.030  0.017  2.000  0.276    5.609
  1 13  2   13    6.600    3.964   0.000   0.944   4.200 1.001  20.000 165.735   1.128  0.227   70.000   90.022   55.100    0.086  0.420  0.030  0.017  2.000  0.276    0.000
  1 14  2   13    6.300    3.329   0.000   0.774   4.300 1.001  20.000 165.672   1.128  0.227   70.000   90.022   55.100    0.086  0.420  0.030  0.017  2.000  0.276    0.000
  1 15  2   13   19.700   16.932   0.000   1.924   8.800 1.001  20.000 165.833   1.128  0.227   70.000   90.022   55.100    0.086  0.420  0.030  0.017  2.000  0.276    0.000
  1  1  3   13    6.800    0.000   0.000   0.000   0.000 0.000  20.000 134.672   1.128  0.227   70.000   90.022   55.100    0.086  0.420  0.030  0.017  2.000  0.276    0.000
  1  2  3   13   72.500   37.998  76.836  76.616   0.496 1.001  20.000 165.390   1.128  0.227   70.000   90.022   55.100    0.086  0.420  0.030  0.017  2.000  0.276    4.102
  1  3  3   13    6.000    2.690   0.000   0.640   4.200 1.001  20.000 165.676   1.128  0.227   70.000   90.022   55.100    0.086  0.420  0.030  0.017  2.000  0.276    0.000
  1  5  3   13   19.700   12.478   0.000   4.025   3.100 1.001  20.000 165.619   1.128  0.227   70.000   90.022   55.100    0.086  0.420  0.030  0.017  2.000  0.276    0.415
  1  6  3   13   11.500    8.279   0.000   2.366   3.500 1.001  20.000 165.592   1.128  0.227   70.000   90.022   55.100    0.086  0.420  0.030  0.017  2.000  0.276    0.000
  1 15  3   13    0.000    0.000   0.000   0.000   0.000 0.000  20.000 137.746   1.128  0.227   70.000   90.022   55.100    0.086  0.420  0.030  0.017  2.000  0.276    0.000
  1 20  3   13   61.800   28.558  49.478  45.728   0.625 1.001  20.000 165.269   1.128  0.227   70.000   90.022   55.100    0.086  0.420  0.030  0.017  2.000  0.276    3.578
  1 21  3   13   30.100   26.878  75.893 147.124   0.183 1.001  20.000 165.802   1.128  0.227   70.000   90.022   55.100    0.086  0.420  0.030  0.017  2.000  0.276    2.259
  1 22  3   13   14.700   11.454   0.000   3.695   3.100 1.001  20.000 165.466   1.128  0.227   70.000   90.022   55.100    0.086  0.420  0.030  0.017  2.000  0.276    0.259
  1 23  3   13   12.900    9.405   0.000   4.479   2.100 1.001  20.000 165.519   1.128  0.227   70.000   90.022   55.100    0.086  0.420  0.030  0.017  2.000  0.276    0.455
  1 27  3   13   12.900    8.093   0.000   2.890   2.800 1.001  20.000 165.762   1.128  0.227   70.000   90.022   55.100    0.086  0.420  0.030  0.017  2.000  0.276    0.050
  1  1  4   13    6.400    0.000   0.000   0.000   0.000 0.000  20.000 157.068   1.128  0.227   70.000   90.022   55.101    0.086  0.420  0.030  0.017  2.000  0.276    0.000
  1 15  4   13    0.000    0.000   0.000   0.000   0.000 0.000  20.000 117.585   1.128  0.227   70.000   90.022   55.101    0.086  0.420  0.030  0.017  2.000  0.276    0.000
  1  1  5   13    0.000    0.000   0.000   0.000   0.000 0.000  20.000  84.301   1.128  0.227   70.000   90.023   55.101    0.086  0.420  0.030  0.017  2.000  0.276    0.000
  1 15  5   13    0.000    0.000   0.000   0.000   0.000 0.000  20.000  58.026   1.128  0.227   70.000   90.023   55.102    0.086  0.420  0.030  0.017  2.000  0.276    0.000
  1  1  6   13    0.000    0.000   0.000   0.000   0.000 0.000  20.000  48.194   1.128  0.227   70.000   90.023   55.102    0.086  0.420  0.030  0.017  2.000  0.276    0.000
  1 15  6   13    0.000    0.000   0.000   0.000   0.000 0.000  20.000  48.187   1.128  0.227   70.000   90.023   55.102    0.086  0.420  0.030  0.017  2.000  0.276    0.000
  1  1  7   13    0.000    0.000   0.000   0.000   0.000 0.000  20.000  48.187   1.128  0.227   70.000   90.023   55.103    0.086  0.420  0.030  0.017  2.000  0.276    0.000
  1 15  7   13    0.000    0.000   0.000   0.000   0.000 0.000  20.000  48.269   1.128  0.227   70.000   90.023   55.103    0.086  0.420  0.030  0.017  2.000  0.276    0.000
  1  1  8   13    0.000    0.000   0.000   0.000   0.000 0.000  20.000  48.187   1.128  0.227   70.000   90.023   55.103    0.086  0.420  0.030  0.017  2.000  0.276    0.000
  1 15  8   13    0.000    0.000   0.000   0.000   0.000 0.000  20.000  48.187   1.128  0.227   70.000   90.023   55.104    0.086  0.420  0.030  0.017  2.000  0.276    0.000
  1  1  9   13    0.000    0.000   0.000   0.000   0.000 0.000  20.000  48.187   1.128  0.227   70.000   90.023   55.104    0.086  0.420  0.030  0.017  2.000  0.276    0.000
  1 15  9   13    0.000    0.000   0.000   0.000   0.000 0.000  20.000  48.187   1.128  0.227   70.000   90.023   55.104    0.086  0.420  0.030  0.017  2.000  0.276    0.000
  1  1 10   13    0.000    0.000   0.000   0.000   0.000 0.000  20.000  48.187   1.128  0.227   70.000   90.023   55.105    0.086  0.420  0.030  0.017  2.000  0.276    0.000
  1 15 10   13    0.000    0.000   0.000   0.000   0.000 0.000  20.000  48.187   1.128  0.227   70.000   90.023   55.105    0.086  0.420  0.030  0.017  2.000  0.276    0.000
  1  1 11   13    0.000    0.000   0.000   0.000   0.000 0.000  20.000  97.949   1.128  0.227   70.000   90.023   55.105    0.086  0.420  0.030  0.017  2.000  0.276    0.000
  1 15 11   13    0.000    0.000   0.000   0.000   0.000 0.000  20.000  73.489   1.128  0.227   70.000   90.023   55.106    0.086  0.420  0.030  0.017  2.000  0.276    0.000
  1  1 12   13    0.500    0.000   0.000   0.000   0.000 0.000  20.000  58.237   1.128  0.227   70.000   90.024   55.106    0.086  0.420  0.030  0.017  2.000  0.276    0.000
  1  7 12   13   90.300   46.380  28.219  15.097   3.072 1.001  20.000 165.851   1.128  0.227   70.000   90.024   55.106    0.086  0.420  0.030  0.017  2.000  0.276    6.461
  1 15 12   13    0.000    0.000   0.000   0.000   0.000 0.000  20.000 153.192   1.128  0.227   70.000   90.024   55.106    0.086  0.420  0.030  0.017  2.000  0.276    0.000
  1 28 12   13   41.400   19.625  73.551  60.604   0.324 1.001  20.000 166.060   1.128  0.227   70.000   90.024   55.107    0.086  0.420  0.030  0.017  2.000  0.276    2.280
  1 29 12   13   26.000   23.921  36.552  67.258   0.356 1.001  20.000 166.014   1.128  0.227   70.000   90.024   55.107    0.086  0.420  0.030  0.017  2.000  0.276    2.693
  1  1  1   14    5.800    0.000   0.000   0.000   0.000 0.000  20.000 165.589   1.128  0.227   70.000   90.024   55.107    0.086  0.420  0.030  0.017  2.000  0.276    0.000
  1  2  1   14   16.600   13.977   0.000   4.820   2.900 1.001  20.000 165.970   1.128  0.227   70.000   90.024   55.107    0.086  0.420  0.030  0.017  2.000  0.276    0.816
  1  6  1   14   84.100   74.422  28.838  42.527   1.750 1.001  20.000 166.051   1.128  0.227   70.000   90.024   55.107    0.086  0.420  0.030  0.017  2.000  0.276    9.483
  1  7  1   14   58.400   56.354  69.594 111.926   0.503 1.001  20.000 166.039   1.128  0.227   70.000   90.024   55.107    0.086  0.420  0.030  0.017  2.000  0.276    5.302
  1  8  1   14    7.600    5.557   0.000   1.010   5.500 1.001  20.000 166.048   1.128  0.227   70.000   90.024   55.107    0.086  0.420  0.030  0.017  2.000  0.276    0.000
  1  9  1   14    2.500    0.629   0.000   0.161   3.900 1.001  20.000 166.146   1.128  0.227   70.000   90.024   55.107    0.086  0.420  0.030  0.017  2.000  0.276    0.000
  1 10  1   14    7.600    5.887   0.000   1.510   3.900 1.001  20.000 166.182   1.128  0.227   70.000   90.024   55.107    0.086  0.420  0.030  0.017  2.000  0.276    0.000
  1 11  1   14   37.200   34.960  31.707  59.570   0.587 1.001  20.000 165.843   1.128  0.227   70.000   90.024   55.107    0.086  0.420  0.030  0.017  2.000  0.276    4.082
  1 12  1   14   47.700   45.444   0.000   7.213   6.300 1.001  20.000 166.038   1.128  0.227   70.000   90.024   55.107    0.086  0.420  0.030  0.017  2.000  0.276    4.709
  1 13  1   14   44.100   41.678  32.458  65.880   0.633 1.001  20.000 165.820   1.128  0.227   70.000   90.024   55.107    0.086  0.420  0.030  0.017  2.000  0.276    4.722
  1 14  1   14   79.500   77.148  49.050  67.998   1.135 1.001  20.000 165.994   1.128  0.227   70.000   90.024   55.107    0.086  0.420  0.030  0.017  2.000  0.276    8.655
  1 15  1   14   22.700   20.714   0.000   1.849  11.200 1.001  20.000 166.110   1.128  0.227   70.000   90.024   55.107    0.086  0.420  0.030  0.017  2.000  0.276    0.000
  1 16  1   14   47.400   45.685   0.000   8.786   5.200 1.001  20.000 166.203   1.128  0.227   70.000   90.024   55.107    0.086  0.420  0.030  0.017  2.000  0.276    5.424
  1 17  1   14   59.900   58.028  23.121  73.358   0.791 1.001  20.000 166.052   1.128  0.227   70.000   90.024   55.107    0.086  0.420  0.030  0.017  2.000  0.276    6.354
  1 18  1   14   15.800   13.430   0.000   3.837   3.500 1.001  20.000 165.843   1.128  0.227   70.000   90.024   55.107    0.086  0.420  0.030  0.017  2.000  0.276    0.357
  1  1  2   14    0.000    0.000   0.000   0.000   0.000 0.000  20.000 142.301   1.128  0.227   70.000   90.024   55.107    0.086  0.420  0.030  0.017  2.000  0.276    0.000
  1  7  2   14   32.800   13.301  28.335   3.325   4.000 1.001  20.000 166.024   1.128  0.227   70.000   90.024   55.108    0.086  0.420  0.030  0.017  2.000  0.276    0.196
  1  8  2   14   64.200   61.481  28.159  64.750   0.950 1.001  20.000 165.650   1.128  0.227   70.000   90.024   55.108    0.086  0.420  0.030  0.017  2.000  0.276    7.003
  1 15  2   14    0.000    0.000   0.000   0.000   0.000 0.000  20.000 147.646   1.128  0.227   70.000   90.024   55.108    0.086  0.420  0.030  0.017  2.000  0.276    0.000
  1 17  2   14   68.800   45.619  30.235   8.773   5.200 1.001  20.000 165.605   1.128  0.227   70.000   90.024   55.108    0.086  0.420  0.030  0.017  2.000  0.276    5.412
  1 18  2   14   45.300   42.625  28.265  64.676   0.659 1.001  20.000 165.929   1.128  0.227   70.000   90.024   55.108    0.086  0.420  0.030  0.017  2.000  0.276    4.857
  1 19  2   14   24.500   21.610  25.668  97.106   0.223 1.001  20.000 165.604   1.128  0.227   70.000   90.024   55.108    0.086  0.420  0.030  0.017  2.000  0.276    2.146
  1 20  2   14    6.100    2.789   0.000   0.516   5.400 1.001  20.000 165.546   1.128  0.227   70.000   90.024   55.108    0.086  0.420  0.030  0.017  2.000  0.276    0.000
  1 23  2   14   35.100   31.214  29.107  78.019   0.400 1.001  20.000 165.966   1.128  0.227   70.000   90.024   55.108    0.086  0.420  0.030  0.017  2.000  0.276    3.349
  1 26  2   14   17.400    9.800   0.000   2.178   4.500 1.001  20.000 165.688   1.128  0.227   70.000   90.024   55.108    0.086  0.420  0.030  0.017  2.000  0.276    0.000
  1  1  3   14    0.500    0.000   0.000   0.000   0.000 0.000  20.000 156.570   1.128  0.227   70.000   90.024   55.108    0.086  0.420  0.030  0.017  2.000  0.276    0.000
  1 15  3   14    0.000    0.000   0.000   0.000   0.000 0.000  20.000 123.998   1.128  0.227   70.000   90.024   55.108    0.086  0.420  0.030  0.017  2.000  0.276    0.000
  1 25  3   14   71.200   13.821   0.000   2.063   6.700 1.001  20.000 165.528   1.128  0.227   70.000   90.024   55.109    0.086  0.420  0.030  0.017  2.000  0.276    0.000
  1 26  3   14   25.700   22.184   0.000   5.159   4.300 1.001  20.000 165.469   1.128  0.227   70.000   90.024   55.109    0.086  0.420  0.030  0.017  2.000  0.276    1.493
  1 27  3   14    8.400    4.191   0.000   0.735   5.700 1.001  20.000 165.087   1.128  0.227   70.000   90.024   55.109    0.086  0.420  0.030  0.017  2.000  0.276    0.000
  1 28  3   14   20.400   16.510   0.000   4.128   4.000 1.001  20.000 165.509   1.128  0.227   70.000   90.024   55.109    0.086  0.420  0.030  0.017  2.000  0.276    0.608
  1  1  4   14    0.000    0.000   0.000   0.000   0.000 0.000  20.000 148.410   1.128  0.227   70.000   90.024   55.109    0.086  0.420  0.030  0.017  2.000  0.276    0.000
  1 15  4   14    0.000    0.000   0.000   0.000   0.000 0.000  20.000 114.972   1.128  0.227   70.000   90.024   55.109    0.086  0.420  0.030  0.017  2.000  0.276    0.000
  1  1  5   14    0.000    0.000   0.000   0.000   0.000 0.000  20.000  81.939   1.128  0.227   70.000   90.024   55.109    0.086  0.420  0.030  0.017  2.000  0.276    0.000
  1 15  5   14    0.000    0.000   0.000   0.000   0.000 0.000  20.000  52.398   1.128  0.227   70.000   90.024   55.110    0.086  0.420  0.030  0.017  2.000  0.276    0.000
  1  1  6   14    0.000    0.000   0.000   0.000   0.000 0.000  20.000  48.188   1.128  0.227   70.000   90.024   55.110    0.086  0.420  0.030  0.017  2.000  0.276    0.000
  1 15  6   14    0.000    0.000   0.000   0.000   0.000 0.000  20.000  48.257   1.128  0.227   70.000   90.025   55.110    0.086  0.420  0.030  0.017  2.000  0.276    0.000
  1  1  7   14    0.000    0.000   0.000   0.000   0.000 0.000  20.000  48.187   1.128  0.227   70.000   90.025   55.111    0.086  0.420  0.030  0.017  2.000  0.276    0.000
  1 15  7   14    0.000    0.000   0.000   0.000   0.000 0.000  20.000  48.187   1.128  0.227   70.000   90.025   55.111    0.086  0.420  0.030  0.017  2.000  0.276    0.000
  1  1  8   14    0.000    0.000   0.000   0.000   0.000 0.000  20.000  48.187   1.128  0.227   70.000   90.025   55.112    0.086  0.420  0.030  0.017  2.000  0.276    0.000
  1 15  8   14    0.000    0.000   0.000   0.000   0.000 0.000  20.000  48.187   1.128  0.227   70.000   90.025   55.112    0.086  0.420  0.030  0.017  2.000  0.276    0.000
  1  1  9   14    0.000    0.000   0.000   0.000   0.000 0.000  20.000  48.187   1.128  0.227   70.000   90.025   55.112    0.086  0.420  0.030  0.017  2.000  0.276    0.000
  1 15  9   14    0.000    0.000   0.000   0.000   0.000 0.000  20.000  48.187   1.128  0.227   70.000   90.025   55.113    0.086  0.420  0.030  0.017  2.000  0.276    0.000
  1  1 10   14    0.000    0.000   0.000   0.000   0.000 0.000  20.000  48.187   1.128  0.227   70.000   90.025   55.113    0.086  0.420  0.030  0.017  2.000  0.276    0.000
  1 15 10   14    0.000    0.000   0.000   0.000   0.000 0.000  20.000  54.154   1.128  0.227   70.000   90.025   55.113    0.086  0.420  0.030  0.017  2.000  0.276    0.000
  1  1 11   14    0.000    0.000   0.000   0.000   0.000 0.000  20.000  48.190   1.128  0.227   70.000   90.025   55.114    0.086  0.420  0.030  0.017  2.000  0.276    0.000
  1 15 11   14    0.000    0.000   0.000   0.000   0.000 0.000  20.000  52.786   1.128  0.227   70.000   90.025   55.114    0.086  0.420  0.030  0.017  2.000  0.276    0.000
  1  1 12   14    0.000    0.000   0.000   0.000   0.000 0.000  20.000  61.320   1.128  0.227   70.000   90.025   55.114    0.086  0.420  0.030  0.017  2.000  0.276    0.000
  1 15 12   14    0.000    0.000   0.000   0.000   0.000 0.000  20.000  78.238   1.128  0.227   70.000   90.025   55.115    0.086  0.420  0.030  0.017  2.000  0.276    0.000
  1  1  1   15    0.000    0.000   0.000   0.000   0.000 0.000  20.000  59.158   1.128  0.227   70.000   90.026   55.115    0.086  0.420  0.030  0.017  2.000  0.276    0.000
  1 15  1   15    0.000    0.000   0.000   0.000   0.000 0.000  20.000  49.511   1.128  0.227   70.000   90.026   55.115    0.086  0.420  0.030  0.017  2.000  0.276    0.000
  1  1  2   15    0.000    0.000   0.000   0.000   0.000 0.000  20.000  50.386   1.128  0.227   70.000   90.026   55.116    0.086  0.420  0.030  0.017  2.000  0.276    0.000
  1 15  2   15    0.000    0.000   0.000   0.000   0.000 0.000  20.000  71.252   1.128  0.227   70.000   90.026   55.116    0.086  0.420  0.030  0.017  2.000  0.276    0.000
  1  1  3   15    0.000    0.000   0.000   0.000   0.000 0.000  20.000 114.701   1.128  0.227   70.000   90.026   55.116    0.086  0.420  0.030  0.017  2.000  0.276    0.000
  1 15  3   15    0.000    0.000   0.000   0.000   0.000 0.000  20.000 100.212   1.128  0.227   70.000   90.026   55.117    0.086  0.420  0.030  0.017  2.000  0.276    0.000
  1  1  4   15    0.000    0.000   0.000   0.000   0.000 0.000  20.000 115.005   1.128  0.227   70.000   90.026   55.117    0.086  0.420  0.030  0.017  2.000  0.276    0.000
  1 15  4   15    0.000    0.000   0.000   0.000   0.000 0.000  20.000  90.124   1.128  0.227   70.000   90.026   55.117    0.086  0.420  0.030  0.017  2.000  0.276    0.000
  1  1  5   15    0.000    0.000   0.000   0.000   0.000 0.000  20.000  69.734   1.128  0.227   70.000   90.026   55.118    0.086  0.420  0.030  0.017  2.000  0.276    0.000
  1 15  5   15    0.000    0.000   0.000   0.000   0.000 0.000  20.000  49.117   1.128  0.227   70.000   90.026   55.118    0.086  0.420  0.030  0.017  2.000  0.276    0.000
  1  1  6   15    0.000    0.000   0.000   0.000   0.000 0.000  20.000  48.189   1.128  0.227   70.000   90.026   55.118    0.086  0.420  0.030  0.017  2.000  0.276    0.000
  1 15  6   15    0.000    0.000   0.000   0.000   0.000 0.000  20.000  48.187   1.128  0.227   70.000   90.026   55.119    0.086  0.420  0.030  0.017  2.000  0.276    0.000
  1  1  7   15    0.000    0.000   0.000   0.000   0.000 0.000  20.000  48.187   1.128  0.227   70.000   90.026   55.119    0.086  0.420  0.030  0.017  2.000  0.276    0.000
  1 15  7   15    0.000    0.000   0.000   0.000   0.000 0.000  20.000  48.187   1.128  0.227   70.000   90.027   55.119    0.086  0.420  0.030  0.017  2.000  0.276    0.000
  1  1  8   15    0.000    0.000   0.000   0.000   0.000 0.000  20.000  48.187   1.128  0.227   70.000   90.027   55.120    0.086  0.420  0.030  0.017  2.000  0.276    0.000
  1 15  8   15    0.000    0.000   0.000   0.000   0.000 0.000  20.000  48.187   1.128  0.227   70.000   90.027   55.120    0.086  0.420  0.030  0.017  2.000  0.276    0.000
  1  1  9   15    0.000    0.000   0.000   0.000   0.000 0.000  20.000  48.187   1.128  0.227   70.000   90.027   55.120    0.086  0.420  0.030  0.017  2.000  0.276    0.000
  1 15  9   15    0.000    0.000   0.000   0.000   0.000 0.000  20.000  48.187   1.128  0.227   70.000   90.027   55.121    0.086  0.420  0.030  0.017  2.000  0.276    0.000
  1  1 10   15    0.000    0.000   0.000   0.000   0.000 0.000  20.000  48.187   1.128  0.227   70.000   90.027   55.121    0.086  0.420  0.030  0.017  2.000  0.276    0.000
  1 15 10   15    0.000    0.000   0.000   0.000   0.000 0.000  20.000  52.079   1.128  0.227   70.000   90.027   55.121    0.086  0.420  0.030  0.017  2.000  0.276    0.000
  1  1 11   15    0.800    0.000   0.000   0.000   0.000 0.000  20.000  48.191   1.128  0.227   70.000   90.027   55.122    0.086  0.420  0.030  0.017  2.000  0.276    0.000
  1 15 11   15    0.000    0.000   0.000   0.000   0.000 0.000  20.000  53.075   1.128  0.227   70.000   90.027   55.122    0.086  0.420  0.030  0.017  2.000  0.276    0.000
  1  1 12   15    0.000    0.000   0.000   0.000   0.000 0.000  20.000  48.342   1.128  0.227   70.000   90.027   55.122    0.086  0.420  0.030  0.017  2.000  0.276    0.000
  1 15 12   15    0.000    0.000   0.000   0.000   0.000 0.000  20.000  57.712   1.128  0.227   70.000   90.027   55.123    0.086  0.420  0.030  0.017  2.000  0.276    0.000
  1  1  1   16    0.000    0.000   0.000   0.000   0.000 0.000  20.000  67.552   1.128  0.227   70.000   90.027   55.123    0.086  0.420  0.030  0.017  2.000  0.276    0.000
  1  3  1   16  160.900   72.750  87.710 109.498   0.664 1.001  20.000 152.364   1.128  0.227   70.000   90.027   55.123    0.086  0.420  0.030  0.017  2.000  0.276    6.903
  1  4  1   16   38.800   22.987   0.000   4.105   5.600 1.001  20.000 165.988   1.128  0.227   70.000   90.027   55.123    0.086  0.420  0.030  0.017  2.000  0.276    0.828
  1  5  1   16    3.800    0.965   0.000   0.205   4.700 1.001  20.000 165.602   1.128  0.227   70.000   90.027   55.123    0.086  0.420  0.030  0.017  2.000  0.276    0.000
  1  6  1   16   11.400    8.965   0.000   3.735   2.400 1.001  20.000 166.075   1.128  0.227   70.000   90.027   55.123    0.086  0.420  0.030  0.017  2.000  0.276    0.211
  1  7  1   16   74.700   72.911  41.146  74.730   0.976 1.001  20.000 166.179   1.128  0.227   70.000   90.027   55.123    0.086  0.420  0.030  0.017  2.000  0.276    7.935
  1  8  1   16   28.800   26.794  28.840  88.086   0.304 1.001  20.000 165.986   1.128  0.227   70.000   90.027   55.123    0.086  0.420  0.030  0.017  2.000  0.276    2.757
  1  9  1   16   92.100   90.047  36.928  60.175   1.496 1.001  20.000 166.074   1.128  0.227   70.000   90.027   55.123    0.086  0.420  0.030  0.017  2.000  0.276   10.482
  1 10  1   16  136.400  133.971  30.268  49.603   2.701 1.001  20.000 165.794   1.128  0.227   70.000   90.027   55.123    0.086  0.420  0.030  0.017  2.000  0.276   16.444
  1 11  1   16   21.900   19.713   0.000   7.040   2.800 1.001  20.000 166.109   1.128  0.227   70.000   90.027   55.123    0.086  0.420  0.030  0.017  2.000  0.276    2.000
  1 12  1   16    8.400    6.435   0.000   1.787   3.600 1.001  20.000 166.053   1.128  0.227   70.000   90.027   55.123    0.086  0.420  0.030  0.017  2.000  0.276    0.000
  1 13  1   16    7.600    5.410   0.000   0.949   5.700 1.001  20.000 165.951   1.128  0.227   70.000   90.027   55.123    0.086  0.420  0.030  0.017  2.000  0.276    0.000
  1 14  1   16    5.300    3.548   0.000   0.601   5.900 1.001  20.000 166.276   1.128  0.227   70.000   90.027   55.123    0.086  0.420  0.030  0.017  2.000  0.276    0.000
  1 15  1   16    3.000    0.998   0.000   0.294   3.400 1.001  20.000 165.930   1.128  0.227   70.000   90.027   55.123    0.086  0.420  0.030  0.017  2.000  0.276    0.000
  1 22  1   16    6.300    3.206   0.000   0.509   6.300 1.001  20.000 166.028   1.128  0.227   70.000   90.027   55.124    0.086  0.420  0.030  0.017  2.000  0.276    0.000
  1 23  1   16   65.100   62.916  27.700  66.927   0.940 1.001  20.000 165.969   1.128  0.227   70.000   90.027   55.124    0.086  0.420  0.030  0.017  2.000  0.276    7.093
  1 24  1   16   94.100   91.819  28.789  57.873   1.587 1.001  20.000 165.947   1.128  0.227   70.000   90.027   55.124    0.086  0.420  0.030  0.017  2.000  0.276   10.809
  1 25  1   16   21.900   19.708   0.000   3.583   5.500 1.001  20.000 166.014   1.128  0.227   70.000   90.027   55.124    0.086  0.420  0.030  0.017  2.000  0.276    0.397
  1  1  2   16    0.000    0.000   0.000   0.000   0.000 0.000  20.000 146.991   1.128  0.227   70.000   90.028   55.124    0.086  0.420  0.030  0.017  2.000  0.276    0.000
  1 13  2   16   34.600   18.377  28.259  53.609   0.343 1.001  20.000 165.745   1.128  0.227   70.000   90.028   55.124    0.086  0.420  0.030  0.017  2.000  0.276    2.210
  1 14  2   16   28.300   25.507  30.468  61.789   0.413 1.001  20.000 165.774   1.128  0.227   70.000   90.028   55.124    0.086  0.420  0.030  0.017  2.000  0.276    2.946
  1 15  2   16    0.000    0.000   0.000   0.000   0.000 0.000  20.000 162.500   1.128  0.227   70.000   90.028   55.124    0.086  0.420  0.030  0.017  2.000  0.276    0.000
  1  1  3   16    9.700    0.000   0.000   0.000   0.000 0.000  20.000 137.290   1.128  0.227   70.000   90.028   55.124    0.086  0.420  0.030  0.017  2.000  0.276    0.000
  1  4  3   16   20.200    8.324   0.000   0.724  11.500 1.001  20.000 165.915   1.128  0.227   70.000   90.028   55.125    0.086  0.420  0.030  0.017  2.000  0.276    0.000
  1  5  3   16   48.400   45.781  24.031  78.119   0.586 1.001  20.000 165.776   1.128  0.227   70.000   90.028   55.125    0.086  0.420  0.030  0.017  2.000  0.276    4.910
  1 10  3   16   74.300   70.430  22.739 148.010   0.476 1.001  20.000 165.659   1.128  0.227   70.000   90.028   55.125    0.086  0.420  0.030  0.017  2.000  0.276    5.903
  1 11  3   16   48.900   45.495  37.474  66.340   0.686 1.001  20.000 165.457   1.128  0.227   70.000   90.028   55.125    0.086  0.420  0.030  0.017  2.000  0.276    5.143
  1 15  3   16    0.000    0.000   0.000   0.000   0.000 0.000  20.000 150.066   1.128  0.227   70.000   90.028   55.125    0.086  0.420  0.030  0.017  2.000  0.276    0.000
  1 23  3   16   16.700    2.245   0.000   0.299   7.500 1.001  20.000 165.431   1.128  0.227   70.000   90.028   55.125    0.086  0.420  0.030  0.017  2.000  0.276    0.000
  1  1  4   16    0.000    0.000   0.000   0.000   0.000 0.000  20.000 133.004   1.128  0.227   70.000   90.028   55.125    0.086  0.420  0.030  0.017  2.000  0.276    0.000
  1 15  4   16    0.000    0.000   0.000   0.000   0.000 0.000  20.000 105.741   1.128  0.227   70.000   90.028   55.125    0.086  0.420  0.030  0.017  2.000  0.276    0.000
  1  1  5   16    0.000    0.000   0.000   0.000   0.000 0.000  20.000  90.902   1.128  0.227   70.000   90.028   55.126    0.086  0.420  0.030  0.017  2.000  0.276    0.000
  1 15  5   16   11.800    0.000   0.000   0.000   0.000 0.000  20.000  76.542   1.128  0.227   70.000   90.028   55.126    0.086  0.420  0.030  0.017  2.000  0.276    0.000
  1  1  6   16    0.000    0.000   0.000   0.000   0.000 0.000  20.000  48.789   1.128  0.227   70.000   90.028   55.127    0.086  0.420  0.030  0.017  2.000  0.276    0.000
  1 15  6   16   11.800    0.000   0.000   0.000   0.000 0.000  20.000  57.457   1.128  0.227   70.000   90.028   55.127    0.086  0.420  0.030  0.017  2.000  0.276    0.000
  1  1  7   16    0.000    0.000   0.000   0.000   0.000 0.000  20.000  48.187   1.128  0.227   70.000   90.028   55.127    0.086  0.420  0.030  0.017  2.000  0.276    0.000
  1 15  7   16    0.500    0.000   0.000   0.000   0.000 0.000  20.000  48.187   1.128  0.227   70.000   90.028   55.128    0.086  0.420  0.030  0.017  2.000  0.276    0.000
  1  1  8   16    0.000    0.000   0.000   0.000   0.000 0.000  20.000  48.187   1.128  0.227   70.000   90.028   55.128    0.086  0.420  0.030  0.017  2.000  0.276    0.000
  1 15  8   16    0.000    0.000   0.000   0.000   0.000 0.000  20.000  48.187   1.128  0.227   70.000   90.028   55.128    0.086  0.420  0.030  0.017  2.000  0.276    0.000
  1  1  9   16    0.000    0.000   0.000   0.000   0.000 0.000  20.000  48.187   1.128  0.227   70.000   90.029   55.129    0.086  0.420  0.030  0.017  2.000  0.276    0.000
  1 15  9   16    0.000    0.000   0.000   0.000   0.000 0.000  20.000  48.187   1.128  0.227   70.000   90.029   55.129    0.086  0.420  0.030  0.017  2.000  0.276    0.000
  1  1 10   16    0.000    0.000   0.000   0.000   0.000 0.000  20.000  48.187   1.128  0.227   70.000   90.029   55.129    0.086  0.420  0.030  0.017  2.000  0.276    0.000
  1 15 10   16    0.000    0.000   0.000   0.000   0.000 0.000  20.000  48.187   1.128  0.227   70.000   90.029   55.130    0.086  0.420  0.030  0.017  2.000  0.276    0.000
  1  1 11   16    3.000    0.000   0.000   0.000   0.000 0.000  20.000  50.701   1.128  0.227   70.000   90.029   55.130    0.086  0.420  0.030  0.017  2.000  0.276    0.000
  1 15 11   16    0.000    0.000   0.000   0.000   0.000 0.000  20.000  48.199   1.128  0.227   70.000   90.029   55.130    0.086  0.420  0.030  0.017  2.000  0.276    0.000
  1  1 12   16    0.000    0.000   0.000   0.000   0.000 0.000  20.000  48.187   1.128  0.227   70.000   90.029   55.131    0.086  0.420  0.030  0.017  2.000  0.276    0.000
  1 15 12   16    0.000    0.000   0.000   0.000   0.000 0.000  20.000  84.380   1.128  0.227   70.000   90.029   55.131    0.086  0.420  0.030  0.017  2.000  0.276    0.000
  1  1  1   17    0.000    0.000   0.000   0.000   0.000 0.000  20.000  87.829   1.128  0.227   70.000   90.029   55.131    0.086  0.420  0.030  0.017  2.000  0.276    0.000
  1 15  1   17    2.500    0.000   0.000   0.000   0.000 0.000  20.000  77.170   1.128  0.227   70.000   90.029   55.132    0.086  0.420  0.030  0.017  2.000  0.276    0.000
  1  1  2   17    1.800    0.000   0.000   0.000   0.000 0.000  20.000 136.292   1.128  0.227   70.000   90.029   55.132    0.086  0.420  0.030  0.017  2.000  0.276    0.000
  1 15  2   17    0.000    0.000   0.000   0.000   0.000 0.000  20.000 123.199   1.128  0.227   70.000   90.029   55.132    0.086  0.420  0.030  0.017  2.000  0.276    0.000
  1 19  2   17   99.300   50.925   0.000   4.850  10.500 1.001  20.000 166.063   1.128  0.227   70.000   90.029   55.132    0.086  0.420  0.030  0.017  2.000  0.276    3.015
  1 20  2   17  103.400  101.358  41.009  82.557   1.228 1.001  20.000 166.034   1.128  0.227   70.000   90.029   55.132    0.086  0.420  0.030  0.017  2.000  0.276   10.667
  1 21  2   17   10.800    8.684   0.000   3.101   2.800 1.001  20.000 166.007   1.128  0.227   70.000   90.029   55.132    0.086  0.420  0.030  0.017  2.000  0.276    0.089
  1 27  2   17    9.900    2.631   0.000   0.877   3.000 1.001  20.000 165.778   1.128  0.227   70.000   90.029   55.133    0.086  0.420  0.030  0.017  2.000  0.276    0.000
  1  1  3   17    0.000    0.000   0.000   0.000   0.000 0.000  20.000 155.702   1.128  0.227   70.000   90.029   55.133    0.086  0.420  0.030  0.017  2.000  0.276    0.000
  1  5  3   17    4.000    0.184   0.000   0.131   1.405 1.001  20.000 165.396   1.128  0.227   70.000   90.030   55.133    0.086  0.420  0.030  0.017  2.000  0.276    0.000
  1 12  3   17   20.200    1.029   0.000   0.368   2.800 1.001  20.000 165.799   1.128  0.227   70.000   90.030   55.133    0.086  0.420  0.030  0.017  2.000  0.276    0.000
  1 13  3   17   12.000    9.395   0.000   2.292   4.100 1.001  20.000 165.854   1.128  0.227   70.000   90.030   55.133    0.086  0.420  0.030  0.017  2.000  0.276    0.000
  1 15  3   17    0.000    0.000   0.000   0.000   0.000 0.000  20.000 158.408   1.128  0.227   70.000   90.030   55.133    0.086  0.420  0.030  0.017  2.000  0.276    0.000
  1  1  4   17    2.300    0.000   0.000   0.000   0.000 0.000  20.000 120.837   1.128  0.227   70.000   90.030   55.133    0.086  0.420  0.030  0.017  2.000  0.276    0.000
  1 15  4   17    0.500    0.000   0.000   0.000   0.000 0.000  20.000  92.986   1.128  0.227   70.000   90.030   55.134    0.086  0.420  0.030  0.017  2.000  0.276    0.000
  1  1  5   17    0.000    0.000   0.000   0.000   0.000 0.000  20.000  69.580   1.128  0.227   70.000   90.030   55.134    0.086  0.420  0.030  0.017  2.000  0.276    0.000
  1 15  5   17    0.000    0.000   0.000   0.000   0.000 0.000  20.000  48.409   1.128  0.227   70.000   90.030   55.134    0.086  0.420  0.030  0.017  2.000  0.276    0.000
  1  1  6   17    0.000    0.000   0.000   0.000   0.000 0.000  20.000  48.187   1.128  0.227   70.000   90.030   55.135    0.086  0.420  0.030  0.017  2.000  0.276    0.000
  1 15  6   17    0.000    0.000   0.000   0.000   0.000 0.000  20.000  48.187   1.128  0.227   70.000   90.030   55.135    0.086  0.420  0.030  0.017  2.000  0.276    0.000
  1  1  7   17    0.000    0.000   0.000   0.000   0.000 0.000  20.000  48.187   1.128  0.227   70.000   90.030   55.135    0.086  0.420  0.030  0.017  2.000  0.276    0.000
  1 15  7   17    0.000    0.000   0.000   0.000   0.000 0.000  20.000  48.187   1.128  0.227   70.000   90.030   55.136    0.086  0.420  0.030  0.017  2.000  0.276    0.000
  1  1  8   17    0.000    0.000   0.000   0.000   0.000 0.000  20.000  48.187   1.128  0.227   70.000   90.030   55.136    0.086  0.420  0.030  0.017  2.000  0.276    0.000
  1 15  8   17    0.000    0.000   0.000   0.000   0.000 0.000  20.000  48.187   1.128  0.227   70.000   90.030   55.136    0.086  0.420  0.030  0.017  2.000  0.276    0.000
  1  1  9   17    0.000    0.000   0.000   0.000   0.000 0.000  20.000  48.187   1.128  0.227   70.000   90.030   55.137    0.086  0.420  0.030  0.017  2.000  0.276    0.000
  1 15  9   17    0.000    0.000   0.000   0.000   0.000 0.000  20.000  48.187   1.128  0.227   70.000   90.030   55.137    0.086  0.420  0.030  0.017  2.000  0.276    0.000
  1  1 10   17    0.000    0.000   0.000   0.000   0.000 0.000  20.000  48.187   1.128  0.227   70.000   90.031   55.137    0.086  0.420  0.030  0.017  2.000  0.276    0.000
  1 15 10   17    0.000    0.000   0.000   0.000   0.000 0.000  20.000  48.187   1.128  0.227   70.000   90.031   55.138    0.086  0.420  0.030  0.017  2.000  0.276    0.000
  1 29 10   17   42.200    1.089 140.015   1.199   0.908 1.001  20.000  88.139   1.128  0.227   70.000   90.031   55.138    0.086  0.420  0.030  0.017  2.000  0.276    0.000
  1 30 10   17   26.900    0.331  65.914   3.818   0.087 1.001  20.000 113.516   1.128  0.227   70.000   90.031   55.138    0.086  0.420  0.030  0.017  2.000  0.276    0.009
  1  1 11   17    0.000    0.000   0.000   0.000   0.000 0.000  20.000 108.638   1.128  0.227   70.000   90.031   55.138    0.086  0.420  0.030  0.017  2.000  0.276    0.000
  1 15 11   17    0.000    0.000   0.000   0.000   0.000 0.000  20.000  84.283   1.128  0.227   70.000   90.031   55.138    0.086  0.420  0.030  0.017  2.000  0.276    0.000
  1  1 12   17    0.000    0.000   0.000   0.000   0.000 0.000  20.000 120.230   1.128  0.227   70.000   90.031   55.139    0.086  0.420  0.030  0.017  2.000  0.276    0.000
  1  9 12   17   39.400   33.367  34.871  39.374   0.847 1.001  20.000 166.192   1.128  0.227   70.000   90.031   55.139    0.086  0.420  0.030  0.017  2.000  0.276    4.323
  1 10 12   17   32.800   31.130  25.236  85.008   0.366 1.001  20.000 166.181   1.128  0.227   70.000   90.031   55.139    0.086  0.420  0.030  0.017  2.000  0.276    3.243
  1 11 12   17   29.000   27.163  21.338  11.810   2.300 1.001  20.000 166.087   1.128  0.227   70.000   90.031   55.139    0.086  0.420  0.030  0.017  2.000  0.276    3.619
  1 15 12   17    0.000    0.000   0.000   0.000   0.000 0.000  20.000 154.108   1.128  0.227   70.000   90.031   55.139    0.086  0.420  0.030  0.017  2.000  0.276    0.000
  1 27 12   17   26.500   13.502   0.000   7.501   1.800 1.001  20.000 166.012   1.128  0.227   70.000   90.031   55.139    0.086  0.420  0.030  0.017  2.000  0.276    1.444
  1  1  1   18    7.400    2.935   0.000   0.734   4.000 1.001  20.000 166.254   1.128  0.227   70.000   90.031   55.140    0.086  0.420  0.030  0.017  2.000  0.276    0.000
  1  2  1   18   19.900   18.391   0.000   2.829   6.500 1.001  20.000 166.240   1.128  0.227   70.000   90.031   55.140    0.086  0.420  0.030  0.017  2.000  0.276    0.091
  1  3  1   18    7.100    4.857   0.000   0.704   6.900 1.001  20.000 165.806   1.128  0.227   70.000   90.031   55.140    0.086  0.420  0.030  0.017  2.000  0.276    0.000
  1 12  1   18   34.100   15.370   0.000   2.135   7.200 1.001  20.000 166.193   1.128  0.227   70.000   90.031   55.140    0.086  0.420  0.030  0.017  2.000  0.276    0.000
  1 13  1   18   10.900    8.847   0.000   1.882   4.700 1.001  20.000 165.950   1.128  0.227   70.000   90.031   55.140    0.086  0.420  0.030  0.017  2.000  0.276    0.000
  1 14  1   18    8.400    6.397   0.000   2.369   2.700 1.001  20.000 166.126   1.128  0.227   70.000   90.031   55.140    0.086  0.420  0.030  0.017  2.000  0.276    0.000
  1 15  1   18   29.600   27.839   0.000   3.569   7.800 1.001  20.000 166.165   1.128  0.227   70.000   90.031   55.140    0.086  0.420  0.030  0.017  2.000  0.276    0.551
  1 20  1   18   17.100    3.487   0.000   0.646   5.400 1.001  20.000 166.138   1.128  0.227   70.000   90.031   55.140    0.086  0.420  0.030  0.017  2.000  0.276    0.000
  1 21  1   18   14.300   12.245   0.000   0.875  14.000 1.001  20.000 165.982   1.128  0.227   70.000   90.031   55.140    0.086  0.420  0.030  0.017  2.000  0.276    0.000
  1 22  1   18   12.800   11.006   0.000   4.402   2.500 1.001  20.000 166.233   1.128  0.227   70.000   90.031   55.140    0.086  0.420  0.030  0.017  2.000  0.276    0.505
  1 23  1   18   28.800   26.703   0.000   9.537   2.800 1.001  20.000 165.899   1.128  0.227   70.000   90.031   55.140    0.086  0.420  0.030  0.017  2.000  0.276    3.301
  1 24  1   18    8.600    6.230   0.000   3.665   1.700 1.001  20.000 165.936   1.128  0.227   70.000   90.031   55.140    0.086  0.420  0.030  0.017  2.000  0.276    0.137
  1 25  1   18   34.100   32.261  45.721  86.510   0.373 1.001  20.000 166.233   1.128  0.227   70.000   90.031   55.140    0.086  0.420  0.030  0.017  2.000  0.276    3.340
  1 26  1   18    8.900    6.969   0.000   0.810   8.600 1.001  20.000 165.999   1.128  0.227   70.000   90.031   55.140    0.086  0.420  0.030  0.017  2.000  0.276    0.000
  1  1  2   18    0.000    0.000   0.000   0.000   0.000 0.000  20.000 148.381   1.128  0.227   70.000   90.031   55.140    0.086  0.420  0.030  0.017  2.000  0.276    0.000
  1 15  2   18    0.000    0.000   0.000   0.000   0.000 0.000  20.000 127.526   1.128  0.227   70.000   90.031   55.141    0.086  0.420  0.030  0.017  2.000  0.276    0.000
  1  1  3   18    0.000    0.000   0.000   0.000   0.000 0.000  20.000 111.109   1.128  0.227   70.000   90.031   55.141    0.086  0.420  0.030  0.017  2.000  0.276    0.000
  1 15  3   18    0.000    0.000   0.000   0.000   0.000 0.000  20.000  90.359   1.128  0.227   70.000   90.031   55.141    0.086  0.420  0.030  0.017  2.000  0.276    0.000
  1  1  4   18    0.000    0.000   0.000   0.000   0.000 0.000  20.000  62.333   1.128  0.227   70.000   90.031   55.142    0.086  0.420  0.030  0.017  2.000  0.276    0.000
  1 15  4   18    0.000    0.000   0.000   0.000   0.000 0.000  20.000  48.379   1.128  0.227   70.000   90.032   55.142    0.086  0.420  0.030  0.017  2.000  0.276    0.000
  1  1  5   18    0.000    0.000   0.000   0.000   0.000 0.000  20.000  48.187   1.128  0.227   70.000   90.032   55.142    0.086  0.420  0.030  0.017  2.000  0.276    0.000
  1 15  5   18    0.000    0.000   0.000   0.000   0.000 0.000  20.000  48.187   1.128  0.227   70.000   90.032   55.143    0.086  0.420  0.030  0.017  2.000  0.276    0.000
  1  1  6   18    0.000    0.000   0.000   0.000   0.000 0.000  20.000  48.187   1.128  0.227   70.000   90.032   55.143    0.086  0.420  0.030  0.017  2.000  0.276    0.000
  1 15  6   18    0.000    0.000   0.000   0.000   0.000 0.000  20.000  48.187   1.128  0.227   70.000   90.032   55.143    0.086  0.420  0.030  0.017  2.000  0.276    0.000
  1  1  7   18    0.000    0.000   0.000   0.000   0.000 0.000  20.000  48.187   1.128  0.227   70.000   90.032   55.144    0.086  0.420  0.030  0.017  2.000  0.276    0.000
  1 15  7   18    0.000    0.000   0.000   0.000   0.000 0.000  20.000  48.187   1.128  0.227   70.000   90.032   55.144    0.086  0.420  0.030  0.017  2.000  0.276    0.000
  1  1  8   18    0.000    0.000   0.000   0.000   0.000 0.000  20.000  48.187   1.128  0.227   70.000   90.032   55.144    0.086  0.420  0.030  0.017  2.000  0.276    0.000
  1 15  8   18    0.000    0.000   0.000   0.000   0.000 0.000  20.000  48.187   1.128  0.227   70.000   90.032   55.145    0.086  0.420  0.030  0.017  2.000  0.276    0.000
  1  1  9   18    0.000    0.000   0.000   0.000   0.000 0.000  20.000  48.187   1.128  0.227   70.000   90.032   55.145    0.086  0.420  0.030  0.017  2.000  0.276    0.000
  1 15  9   18    0.000    0.000   0.000   0.000   0.000 0.000  20.000  48.187   1.128  0.227   70.000   90.032   55.145    0.086  0.420  0.030  0.017  2.000  0.276    0.000
  1  1 10   18    0.000    0.000   0.000   0.000   0.000 0.000  20.000  48.244   1.128  0.227   70.000   90.032   55.146    0.086  0.420  0.030  0.017  2.000  0.276    0.000
  1 15 10   18    0.000    0.000   0.000   0.000   0.000 0.000  20.000  48.187   1.128  0.227   70.000   90.032   55.146    0.086  0.420  0.030  0.017  2.000  0.276    0.000
  1  1 11   18    0.000    0.000   0.000   0.000   0.000 0.000  20.000  48.187   1.128  0.227   70.000   90.033   55.146    0.086  0.420  0.030  0.017  2.000  0.276    0.000
  1 15 11   18    1.000    0.000   0.000   0.000   0.000 0.000  20.000  82.467   1.128  0.227   70.000   90.033   55.147    0.086  0.420  0.030  0.017  2.000  0.276    0.000
  1  1 12   18    0.000    0.000   0.000   0.000   0.000 0.000  20.000 113.161   1.128  0.227   70.000   90.033   55.147    0.086  0.420  0.030  0.017  2.000  0.276    0.000
  1  6 12   18   43.900   25.377  25.827  63.130   0.402 1.001  20.000 165.789   1.128  0.227   70.000   90.033   55.147    0.086  0.420  0.030  0.017  2.000  0.276    2.912
  1 15 12   18    0.000    0.000   0.000   0.000   0.000 0.000  20.000 152.693   1.128  0.227   70.000   90.033   55.147    0.086  0.420  0.030  0.017  2.000  0.276    0.000
  1 18 12   18   31.000   12.162   0.000   4.194   2.900 1.001  20.000 166.125   1.128  0.227   70.000   90.033   55.147    0.086  0.420  0.030  0.017  2.000  0.276    0.475
  1  1  1   19    0.000    0.000   0.000   0.000   0.000 0.000  20.000 137.063   1.128  0.227   70.000   90.033   55.148    0.086  0.420  0.030  0.017  2.000  0.276    0.000
  1  9  1   19   34.400   13.992   0.000   6.084   2.300 1.001  20.000 166.030   1.128  0.227   70.000   90.033   55.148    0.086  0.420  0.030  0.017  2.000  0.276    1.214
  1 10  1   19    3.300    1.236   0.000   0.325   3.800 1.001  20.000 166.041   1.128  0.227   70.000   90.033   55.148    0.086  0.420  0.030  0.017  2.000  0.276    0.000
  1 13  1   19    7.400    0.483   0.000   0.201   2.400 1.001  20.000 165.863   1.128  0.227   70.000   90.033   55.148    0.086  0.420  0.030  0.017  2.000  0.276    0.000
  1 15  1   19    3.800    0.000   0.000   0.000   0.000 0.000  20.000 165.225   1.128  0.227   70.000   90.033   55.148    0.086  0.420  0.030  0.017  2.000  0.276    0.000
  1 29  1   19   26.800    2.003  38.696   3.434   0.583 1.001  20.000 166.054   1.128  0.227   70.000   90.033   55.148    0.086  0.420  0.030  0.017  2.000  0.276    0.034
  1 30  1   19    4.800    2.163   0.000   0.277   7.800 1.001  20.000 165.681   1.128  0.227   70.000   90.033   55.148    0.086  0.420  0.030  0.017  2.000  0.276    0.000
  1  1  2   19    2.800    0.000   0.000   0.000   0.000 0.000  20.000 165.622   1.128  0.227   70.000   90.033   55.148    0.086  0.420  0.030  0.017  2.000  0.276    0.000
  1  2  2   19   32.800   30.282  34.296  52.309   0.579 1.001  20.000 166.013   1.128  0.227   70.000   90.033   55.148    0.086  0.420  0.030  0.017  2.000  0.276    3.665
  1  3  2   19   58.400   55.618  28.387  69.523   0.800 1.001  20.000 165.619   1.128  0.227   70.000   90.033   55.148    0.086  0.420  0.030  0.017  2.000  0.276    6.195
  1  5  2   19   24.300   18.908   0.000   5.909   3.200 1.001  20.000 166.003   1.128  0.227   70.000   90.033   55.149    0.086  0.420  0.030  0.017  2.000  0.276    1.580
  1  6  2   19   35.100   32.690  25.500  61.662   0.530 1.001  20.000 165.849   1.128  0.227   70.000   90.033   55.149    0.086  0.420  0.030  0.017  2.000  0.276    3.777
  1  7  2   19   23.500   21.046   0.000   4.894   4.300 1.001  20.000 165.915   1.128  0.227   70.000   90.033   55.149    0.086  0.420  0.030  0.017  2.000  0.276    1.271
  1  8  2   19   16.700   14.331   0.000   2.018   7.100 1.001  20.000 165.926   1.128  0.227   70.000   90.033   55.149    0.086  0.420  0.030  0.017  2.000  0.276    0.000
  1  9  2   19    4.600    1.504   0.000   0.165   9.100 1.001  20.000 165.482   1.128  0.227   70.000   90.033   55.149    0.086  0.420  0.030  0.017  2.000  0.276    0.000
  1 13  2   19   15.900    4.570   0.000   0.749   6.100 1.001  20.000 165.854   1.128  0.227   70.000   90.033   55.149    0.086  0.420  0.030  0.017  2.000  0.276    0.000
  1 14  2   19   42.200   40.222  25.170 100.054   0.402 1.001  20.000 166.199   1.128  0.227   70.000   90.033   55.149    0.086  0.420  0.030  0.017  2.000  0.276    3.950
  1 15  2   19    0.800    0.000   0.000   0.000   0.000 0.000  20.000 163.511   1.128  0.227   70.000   90.033   55.149    0.086  0.420  0.030  0.017  2.000  0.276    0.000
  1 16  2   19    6.100    0.947   0.000   0.451   2.100 1.001  20.000 165.698   1.128  0.227   70.000   90.033   55.149    0.086  0.420  0.030  0.017  2.000  0.276    0.000
  1 17  2   19   17.400   14.116   0.000   1.857   7.600 1.001  20.000 165.506   1.128  0.227   70.000   90.033   55.149    0.086  0.420  0.030  0.017  2.000  0.276    0.000
  1 19  2   19   15.400   10.379   0.000   0.468  22.200 1.001  20.000 166.010   1.128  0.227   70.000   90.033   55.149    0.086  0.420  0.030  0.017  2.000  0.276    0.000
  1 20  2   19    5.800    2.537   0.000   0.634   4.000 1.001  20.000 165.331   1.128  0.227   70.000   90.033   55.149    0.086  0.420  0.030  0.017  2.000  0.276    0.000
  1 21  2   19    5.300    2.615   0.000   0.844   3.100 1.001  20.000 166.088   1.128  0.227   70.000   90.033   55.149    0.086  0.420  0.030  0.017  2.000  0.276    0.000
  1 22  2   19   53.500   51.412  22.340  87.134   0.590 1.001  20.000 165.992   1.128  0.227   70.000   90.033   55.149    0.086  0.420  0.030  0.017  2.000  0.276    5.309
  1 23  2   19   44.300   42.151  32.052  73.674   0.572 1.001  20.000 166.013   1.128  0.227   70.000   90.033   55.149    0.086  0.420  0.030  0.017  2.000  0.276    4.608
  1 24  2   19   11.100    8.107   0.000   1.308   6.200 1.001  20.000 165.492   1.128  0.227   70.000   90.033   55.149    0.086  0.420  0.030  0.017  2.000  0.276    0.000
  1  1  3   19    0.000    0.000   0.000   0.000   0.000 0.000  20.000 147.449   1.128  0.227   70.000   90.033   55.149    0.086  0.420  0.030  0.017  2.000  0.276    0.000
  1 15  3   19    0.000    0.000   0.000   0.000   0.000 0.000  20.000 134.450   1.128  0.227   70.000   90.033   55.149    0.086  0.420  0.030  0.017  2.000  0.276    0.000
  1 25  3   19   96.400   49.320   0.000  12.029   4.100 1.001  20.000 165.832   1.128  0.227   70.000   90.033   55.150    0.086  0.420  0.030  0.017  2.000  0.276    6.602
  1  1  4   19    9.800    5.987   0.000   2.994   2.000 1.001  20.000 165.299   1.128  0.227   70.000   90.033   55.150    0.086  0.420  0.030  0.017  2.000  0.276    0.049
  1 15  4   19    0.000    0.000   0.000   0.000   0.000 0.000  20.000 146.977   1.128  0.227   70.000   90.033   55.150    0.086  0.420  0.030  0.017  2.000  0.276    0.000
  1  1  5   19    0.000    0.000   0.000   0.000   0.000 0.000  20.000 108.710   1.128  0.227   70.000   90.033   55.150    0.086  0.420  0.030  0.017  2.000  0.276    0.000
  1 12  5   19   33.400    0.273  86.139   0.151   1.813 1.001  20.000 155.085   1.128  0.227   70.000   90.033   55.151    0.086  0.420  0.030  0.017  2.000  0.276    0.000
  1 13  5   19   25.700   10.918  67.403  38.086   0.287 1.001  20.000 164.973   1.128  0.227   70.000   90.033   55.151    0.086  0.420  0.030  0.017  2.000  0.276    1.424
  1 15  5   19    0.000    0.000   0.000   0.000   0.000 0.000  20.000 153.513   1.128  0.227   70.000   90.034   55.151    0.086  0.420  0.030  0.017  2.000  0.276    0.000
  1  1  6   19    0.000    0.000   0.000   0.000   0.000 0.000  20.000 109.929   1.128  0.227   70.000   90.034   55.151    0.086  0.420  0.030  0.017  2.000  0.276    0.000
  1 15  6   19    0.300    0.000   0.000   0.000   0.000 0.000  20.000  83.980   1.128  0.227   70.000   90.034   55.151    0.086  0.420  0.030  0.017  2.000  0.276    0.000
  1  1  7   19    0.000    0.000   0.000   0.000   0.000 0.000  20.000  49.867   1.128  0.227   70.000   90.034   55.152    0.086  0.420  0.030  0.017  2.000  0.276    0.000
  1 15  7   19    0.000    0.000   0.000   0.000   0.000 0.000  20.000  48.187   1.128  0.227   70.000   90.034   55.152    0.086  0.420  0.030  0.017  2.000  0.276    0.000
  1  1  8   19    0.000    0.000   0.000   0.000   0.000 0.000  20.000  48.187   1.128  0.227   70.000   90.034   55.152    0.086  0.420  0.030  0.017  2.000  0.276    0.000
  1 15  8   19    0.000    0.000   0.000   0.000   0.000 0.000  20.000  48.187   1.128  0.227   70.000   90.034   55.153    0.086  0.420  0.030  0.017  2.000  0.276    0.000
  1  1  9   19    0.000    0.000   0.000   0.000   0.000 0.000  20.000  48.187   1.128  0.227   70.000   90.034   55.153    0.086  0.420  0.030  0.017  2.000  0.276    0.000
  1 15  9   19    0.000    0.000   0.000   0.000   0.000 0.000  20.000  48.187   1.128  0.227   70.000   90.034   55.153    0.086  0.420  0.030  0.017  2.000  0.276    0.000
  1  1 10   19    0.000    0.000   0.000   0.000   0.000 0.000  20.000  48.187   1.128  0.227   70.000   90.034   55.154    0.086  0.420  0.030  0.017  2.000  0.276    0.000
  1 15 10   19    0.000    0.000   0.000   0.000   0.000 0.000  20.000  48.187   1.128  0.227   70.000   90.034   55.154    0.086  0.420  0.030  0.017  2.000  0.276    0.000
  1  1 11   19    0.000    0.000   0.000   0.000   0.000 0.000  20.000  48.187   1.128  0.227   70.000   90.034   55.155    0.086  0.420  0.030  0.017  2.000  0.276    0.000
  1 15 11   19    0.000    0.000   0.000   0.000   0.000 0.000  20.000  71.358   1.128  0.227   70.000   90.034   55.155    0.086  0.420  0.030  0.017  2.000  0.276    0.000
  1  1 12   19    9.600    0.000   0.000   0.000   0.000 0.000  20.000  85.950   1.128  0.227   70.000   90.034   55.155    0.086  0.420  0.030  0.017  2.000  0.276    0.000
  1 15 12   19    0.000    0.000   0.000   0.000   0.000 0.000  20.000  66.367   1.128  0.227   70.000   90.035   55.156    0.086  0.420  0.030  0.017  2.000  0.276    0.000
  1  1  1   20    0.000    0.000   0.000   0.000   0.000 0.000  20.000  53.132   1.128  0.227   70.000   90.035   55.156    0.086  0.420  0.030  0.017  2.000  0.276    0.000
  1 15  1   20    0.000    0.000   0.000   0.000   0.000 0.000  20.000  48.834   1.128  0.227   70.000   90.035   55.156    0.086  0.420  0.030  0.017  2.000  0.276    0.000
  1  1  2   20    0.000    0.000   0.000   0.000   0.000 0.000  20.000  76.589   1.128  0.227   70.000   90.035   55.157    0.086  0.420  0.030  0.017  2.000  0.276    0.000
  1 15  2   20    0.000    0.000   0.000   0.000   0.000 0.000  20.000  81.962   1.128  0.227   70.000   90.035   55.157    0.086  0.420  0.030  0.017  2.000  0.276    0.000
  1  1  3   20    0.000    0.000   0.000   0.000   0.000 0.000  20.000  63.500   1.128  0.227   70.000   90.035   55.157    0.086  0.420  0.030  0.017  2.000  0.276    0.000
  1 15  3   20   18.900    0.000   0.000   0.000   0.000 0.000  20.000  68.261   1.128  0.227   70.000   90.035   55.158    0.086  0.420  0.030  0.017  2.000  0.276    0.000
  1  1  4   20    1.800    0.000   0.000   0.000   0.000 0.000  20.000  63.161   1.128  0.227   70.000   90.035   55.158    0.086  0.420  0.030  0.017  2.000  0.276    0.000
  1 15  4   20    0.000    0.000   0.000   0.000   0.000 0.000  20.000  86.715   1.128  0.227   70.000   90.035   55.158    0.086  0.420  0.030  0.017  2.000  0.276    0.000
  1  1  5   20    0.000    0.000   0.000   0.000   0.000 0.000  20.000  54.736   1.128  0.227   70.000   90.035   55.159    0.086  0.420  0.030  0.017  2.000  0.276    0.000
  1 15  5   20    0.000    0.000   0.000   0.000   0.000 0.000  20.000  48.212   1.128  0.227   70.000   90.035   55.159    0.086  0.420  0.030  0.017  2.000  0.276    0.000
  1  1  6   20    0.000    0.000   0.000   0.000   0.000 0.000  20.000  48.187   1.128  0.227   70.000   90.035   55.159    0.086  0.420  0.030  0.017  2.000  0.276    0.000
  1 15  6   20    0.000    0.000   0.000   0.000   0.000 0.000  20.000  48.187   1.128  0.227   70.000   90.035   55.160    0.086  0.420  0.030  0.017  2.000  0.276    0.000
  1  1  7   20    0.000    0.000   0.000   0.000   0.000 0.000  20.000  48.187   1.128  0.227   70.000   90.036   55.160    0.086  0.420  0.030  0.017  2.000  0.276    0.000
  1 15  7   20    0.000    0.000   0.000   0.000   0.000 0.000  20.000  48.189   1.128  0.227   70.000   90.036   55.160    0.086  0.420  0.030  0.017  2.000  0.276    0.000
  1  1  8   20    0.000    0.000   0.000   0.000   0.000 0.000  20.000  48.187   1.128  0.227   70.000   90.036   55.161    0.086  0.420  0.030  0.017  2.000  0.276    0.000
  1 15  8   20    0.000    0.000   0.000   0.000   0.000 0.000  20.000  48.187   1.128  0.227   70.000   90.036   55.161    0.086  0.420  0.030  0.017  2.000  0.276    0.000
  1  1  9   20    0.000    0.000   0.000   0.000   0.000 0.000  20.000  48.187   1.128  0.227   70.000   90.036   55.161    0.086  0.420  0.030  0.017  2.000  0.276    0.000
  1 15  9   20    0.000    0.000   0.000   0.000   0.000 0.000  20.000  48.187   1.128  0.227   70.000   90.036   55.162    0.086  0.420  0.030  0.017  2.000  0.276    0.000
  1  1 10   20    0.000    0.000   0.000   0.000   0.000 0.000  20.000  48.187   1.128  0.227   70.000   90.036   55.162    0.086  0.420  0.030  0.017  2.000  0.276    0.000
  1 15 10   20    0.000    0.000   0.000   0.000   0.000 0.000  20.000  48.187   1.128  0.227   70.000   90.036   55.162    0.086  0.420  0.030  0.017  2.000  0.276    0.000
  1  1 11   20    0.000    0.000   0.000   0.000   0.000 0.000  20.000  48.187   1.128  0.227   70.000   90.036   55.163    0.086  0.420  0.030  0.017  2.000  0.276    0.000
  1 15 11   20    0.000    0.000   0.000   0.000   0.000 0.000  20.000  53.381   1.128  0.227   70.000   90.036   55.163    0.086  0.420  0.030  0.017  2.000  0.276    0.000
  1  1 12   20    0.000    0.000   0.000   0.000   0.000 0.000  20.000  48.293   1.128  0.227   70.000   90.036   55.163    0.086  0.420  0.030  0.017  2.000  0.276    0.000
  1 15 12   20    0.000    0.000   0.000   0.000   0.000 0.000  20.000  48.190   1.128  0.227   70.000   90.036   55.164    0.086  0.420  0.030  0.017  2.000  0.276    0.000
  1  1  1   21    0.000    0.000   0.000   0.000   0.000 0.000  20.000  61.348   1.128  0.227   70.000   90.036   55.164    0.086  0.420  0.030  0.017  2.000  0.276    0.000
  1 15  1   21    0.300    0.000   0.000   0.000   0.000 0.000  20.000  49.954   1.128  0.227   70.000   90.037   55.164    0.086  0.420  0.030  0.017  2.000  0.276    0.000
  1  1  2   21    0.000    0.000   0.000   0.000   0.000 0.000  20.000  80.336   1.128  0.227   70.000   90.037   55.165    0.086  0.420  0.030  0.017  2.000  0.276    0.000
  1 15  2   21    3.300    0.000   0.000   0.000   0.000 0.000  20.000 126.026   1.128  0.227   70.000   90.037   55.165    0.086  0.420  0.030  0.017  2.000  0.276    0.000
  1 20  2   21   30.400    1.282   0.000   0.298   4.300 1.001  20.000 165.620   1.128  0.227   70.000   90.037   55.165    0.086  0.420  0.030  0.017  2.000  0.276    0.000
  1 21  2   21   53.800   50.694  23.892 169.968   0.298 1.001  20.000 165.660   1.128  0.227   70.000   90.037   55.165    0.086  0.420  0.030  0.017  2.000  0.284    4.089
  1 22  2   21    5.100    2.560   0.000   0.556   4.600 1.001  20.000 165.977   1.128  0.227   70.000   90.037   55.165    0.086  0.419  0.030  0.017  2.000  0.284    0.000
  1 23  2   21   53.800   51.644  35.881  67.592   0.764 1.001  20.000 166.018   1.128  0.227   70.000   90.037   55.165    0.086  0.419  0.030  0.017  2.000  0.284    5.893
  1 27  2   21   13.100    1.853   0.000   0.686   2.700 1.001  20.000 165.960   1.128  0.227   70.000   90.037   55.165    0.086  0.419  0.030  0.017  2.000  0.284    0.000
  1  1  3   21    0.000    0.000   0.000   0.000   0.000 0.000  20.000 155.903   1.128  0.227   70.000   90.037   55.165    0.086  0.419  0.030  0.017  2.000  0.284    0.000
  1  5  3   21   41.600   25.849  34.382  46.488   0.556 1.001  20.000 165.795   1.128  0.227   70.000   90.037   55.166    0.086  0.419  0.030  0.017  2.000  0.284    3.264
  1  6  3   21    6.000    2.948   0.000   0.404   7.300 1.001  20.000 165.587   1.128  0.227   70.000   90.037   55.166    0.086  0.419  0.030  0.017  2.000  0.284    0.000
  1  8  3   21   21.200   15.293   0.000   2.999   5.100 1.001  20.000 165.766   1.128  0.227   70.000   90.037   55.166    0.086  0.419  0.030  0.017  2.000  0.284    0.100
  1 15  3   21    0.000    0.000   0.000   0.000   0.000 0.000  20.000 140.763   1.128  0.227   70.000   90.037   55.166    0.086  0.419  0.030  0.017  2.000  0.284    0.000
  1  1  4   21    0.000    0.000   0.000   0.000   0.000 0.000  20.000 116.143   1.128  0.227   70.000   90.037   55.166    0.086  0.419  0.030  0.017  2.000  0.284    0.000
  1 15  4   21    0.000    0.000   0.000   0.000   0.000 0.000  20.000  91.296   1.128  0.227   70.000   90.037   55.166    0.086  0.419  0.030  0.017  2.000  0.284    0.000
  1 18  4   21   15.200    0.382  53.832   0.249   1.530 1.001  20.000 151.483   1.128  0.227   70.000   90.037   55.167    0.086  0.419  0.030  0.017  2.000  0.284    0.000
  1  1  5   21    0.000    0.000   0.000   0.000   0.000 0.000  20.000 112.562   1.128  0.227   70.000   90.037   55.167    0.086  0.419  0.030  0.017  2.000  0.284    0.000
  1 15  5   21    0.000    0.000   0.000   0.000   0.000 0.000  20.000  83.499   1.128  0.227   70.000   90.037   55.167    0.086  0.419  0.030  0.017  2.000  0.284    0.000
  1  1  6   21    0.000    0.000   0.000   0.000   0.000 0.000  20.000  49.282   1.128  0.227   70.000   90.037   55.168    0.086  0.419  0.030  0.017  2.000  0.284    0.000
  1 15  6   21    0.000    0.000   0.000   0.000   0.000 0.000  20.000  48.188   1.128  0.227   70.000   90.037   55.168    0.086  0.419  0.030  0.017  2.000  0.284    0.000
  1  1  7   21    0.000    0.000   0.000   0.000   0.000 0.000  20.000  48.187   1.128  0.227   70.000   90.037   55.168    0.086  0.419  0.030  0.017  2.000  0.284    0.000
  1 15  7   21    0.000    0.000   0.000   0.000   0.000 0.000  20.000  48.187   1.128  0.227   70.000   90.037   55.168    0.086  0.419  0.030  0.017  2.000  0.284    0.000
  1  1  8   21    0.000    0.000   0.000   0.000   0.000 0.000  20.000  48.187   1.128  0.227   70.000   90.038   55.169    0.086  0.419  0.030  0.017  2.000  0.284    0.000
  1 15  8   21    0.000    0.000   0.000   0.000   0.000 0.000  20.000  48.187   1.128  0.227   70.000   90.038   55.169    0.086  0.419  0.030  0.017  2.000  0.284    0.000
  1  1  9   21    0.000    0.000   0.000   0.000   0.000 0.000  20.000  48.187   1.128  0.227   70.000   90.038   55.170    0.086  0.419  0.030  0.017  2.000  0.284    0.000
  1 15  9   21    0.000    0.000   0.000   0.000   0.000 0.000  20.000  48.187   1.128  0.227   70.000   90.038   55.170    0.086  0.419  0.030  0.017  2.000  0.284    0.000
  1  1 10   21    0.000    0.000   0.000   0.000   0.000 0.000  20.000  48.189   1.128  0.227   70.000   90.038   55.170    0.086  0.419  0.030  0.017  2.000  0.284    0.000
  1 15 10   21    0.000    0.000   0.000   0.000   0.000 0.000  20.000  48.193   1.128  0.227   70.000   90.038   55.171    0.086  0.419  0.030  0.017  2.000  0.284    0.000
  1  1 11   21    0.000    0.000   0.000   0.000   0.000 0.000  20.000  78.392   1.128  0.227   70.000   90.038   55.171    0.086  0.419  0.030  0.017  2.000  0.284    0.000
  1 15 11   21    0.000    0.000   0.000   0.000   0.000 0.000  20.000  60.384   1.128  0.227   70.000   90.038   55.171    0.086  0.419  0.030  0.017  2.000  0.284    0.000
  1  1 12   21    0.000    0.000   0.000   0.000   0.000 0.000  20.000  49.699   1.128  0.227   70.000   90.038   55.172    0.086  0.419  0.030  0.017  2.000  0.284    0.000
  1 15 12   21    0.000    0.000   0.000   0.000   0.000 0.000  20.000  48.443   1.128  0.227   70.000   90.038   55.172    0.086  0.419  0.030  0.017  2.000  0.284    0.000
  1  1  1   22    0.000    0.000   0.000   0.000   0.000 0.000  20.000  48.205   1.128  0.227   70.000   90.038   55.172    0.086  0.419  0.030  0.017  2.000  0.284    0.000
  1 12  1   22   78.800   22.421  37.368  28.218   0.795 1.001  20.000 152.948   1.128  0.227   70.000   90.038   55.173    0.086  0.419  0.030  0.017  2.000  0.284    3.099
  1 15  1   22    0.000    0.000   0.000   0.000   0.000 0.000  20.000 146.412   1.128  0.227   70.000   90.038   55.173    0.086  0.419  0.030  0.017  2.000  0.284    0.000
  1  1  2   22    0.000    0.000   0.000   0.000   0.000 0.000  20.000 142.109   1.128  0.227   70.000   90.038   55.173    0.086  0.419  0.030  0.017  2.000  0.284    0.000
  1 13  2   22  102.100   96.864  28.968  55.906   1.733 1.001  20.000 165.895   1.128  0.227   70.000   90.039   55.173    0.086  0.419  0.030  0.017  2.000  0.284   11.673
  1 14  2   22    7.400    4.569   0.000   0.831   5.500 1.001  20.000 165.660   1.128  0.227   70.000   90.039   55.173    0.086  0.419  0.030  0.017  2.000  0.284    0.000
  1 15  2   22    0.000    0.000   0.000   0.000   0.000 0.000  20.000 162.568   1.128  0.227   70.000   90.039   55.173    0.086  0.419  0.030  0.017  2.000  0.284    0.000
  1 25  2   22   20.200   14.229   0.000   2.685   5.300 1.001  20.000 166.066   1.128  0.227   70.000   90.039   55.174    0.086  0.419  0.030  0.017  2.000  0.284    0.015
  1 26  2   22   51.100   48.842  42.583  43.553   1.121 1.001  20.000 165.902   1.128  0.227   70.000   90.039   55.174    0.086  0.419  0.030  0.017  2.000  0.284    6.261
  1 27  2   22    6.100    3.524   0.000   0.496   7.100 1.001  20.000 165.809   1.128  0.227   70.000   90.039   55.174    0.086  0.419  0.030  0.017  2.000  0.284    0.000
  1 28  2   22    8.900    5.999   0.000   1.579   3.800 1.001  20.000 165.670   1.128  0.227   70.000   90.039   55.174    0.086  0.419  0.030  0.017  2.000  0.284    0.000
  1  1  3   22    1.300    0.000   0.000   0.000   0.000 0.000  20.000 162.977   1.128  0.227   70.000   90.039   55.174    0.086  0.419  0.030  0.017  2.000  0.284    0.000
  1  5  3   22   26.400   19.520  21.476   7.808   2.500 1.001  20.000 165.388   1.128  0.227   70.000   90.039   55.174    0.086  0.419  0.030  0.017  2.000  0.284    2.109
  1  6  3   22   41.400   37.529  32.750  44.532   0.843 1.001  20.000 165.339   1.128  0.227   70.000   90.039   55.174    0.086  0.419  0.030  0.017  2.000  0.284    4.787
  1 15  3   22    0.000    0.000   0.000   0.000   0.000 0.000  20.000 138.107   1.128  0.227   70.000   90.039   55.174    0.086  0.419  0.030  0.017  2.000  0.284    0.000
  1  1  4   22    0.000    0.000   0.000   0.000   0.000 0.000  20.000 109.644   1.128  0.227   70.000   90.039   55.174    0.086  0.419  0.030  0.017  2.000  0.284    0.000
  1 15  4   22    0.000    0.000   0.000   0.000   0.000 0.000  20.000 104.682   1.128  0.227   70.000   90.039   55.175    0.086  0.419  0.030  0.017  2.000  0.284    0.000
  1  1  5   22    0.000    0.000   0.000   0.000   0.000 0.000  20.000  81.565   1.128  0.227   70.000   90.039   55.175    0.086  0.419  0.030  0.017  2.000  0.284    0.000
  1 15  5   22    0.000    0.000   0.000   0.000   0.000 0.000  20.000  52.465   1.128  0.227   70.000   90.039   55.175    0.086  0.419  0.030  0.017  2.000  0.284    0.000
  1  1  6   22    0.000    0.000   0.000   0.000   0.000 0.000  20.000  48.188   1.128  0.227   70.000   90.039   55.176    0.086  0.419  0.030  0.017  2.000  0.284    0.000
  1 15  6   22    0.000    0.000   0.000   0.000   0.000 0.000  20.000  48.187   1.128  0.227   70.000   90.039   55.176    0.086  0.419  0.030  0.017  2.000  0.284    0.000
  1  1  7   22    0.000    0.000   0.000   0.000   0.000 0.000  20.000  48.187   1.128  0.227   70.000   90.039   55.176    0.086  0.419  0.030  0.017  2.000  0.284    0.000
  1 15  7   22    0.000    0.000   0.000   0.000   0.000 0.000  20.000  48.187   1.128  0.227   70.000   90.039   55.177    0.086  0.419  0.030  0.017  2.000  0.284    0.000
  1  1  8   22    0.000    0.000   0.000   0.000   0.000 0.000  20.000  48.187   1.128  0.227   70.000   90.039   55.177    0.086  0.419  0.030  0.017  2.000  0.284    0.000
  1 15  8   22    0.000    0.000   0.000   0.000   0.000 0.000  20.000  48.187   1.128  0.227   70.000   90.039   55.177    0.086  0.419  0.030  0.017  2.000  0.284    0.000
  1  1  9   22    0.000    0.000   0.000   0.000   0.000 0.000  20.000  48.187   1.128  0.227   70.000   90.040   55.178    0.086  0.419  0.030  0.017  2.000  0.284    0.000
  1 15  9   22    0.000    0.000   0.000   0.000   0.000 0.000  20.000  48.187   1.128  0.227   70.000   90.040   55.178    0.086  0.419  0.030  0.017  2.000  0.284    0.000
  1  1 10   22    0.000    0.000   0.000   0.000   0.000 0.000  20.000  48.187   1.128  0.227   70.000   90.040   55.178    0.086  0.419  0.030  0.017  2.000  0.284    0.000
  1 15 10   22    0.000    0.000   0.000   0.000   0.000 0.000  20.000  48.187   1.128  0.227   70.000   90.040   55.179    0.086  0.419  0.030  0.017  2.000  0.284    0.000
  1  1 11   22    0.000    0.000   0.000   0.000   0.000 0.000  20.000  49.582   1.128  0.227   70.000   90.040   55.179    0.086  0.419  0.030  0.017  2.000  0.284    0.000
  1 15 11   22    0.000    0.000   0.000   0.000   0.000 0.000  20.000  67.131   1.128  0.227   70.000   90.040   55.179    0.086  0.419  0.030  0.017  2.000  0.284    0.000
  1  1 12   22    0.000    0.000   0.000   0.000   0.000 0.000  20.000  88.513   1.128  0.227   70.000   90.040   55.180    0.086  0.419  0.030  0.017  2.000  0.284    0.000
  1 15 12   22    0.000    0.000   0.000   0.000   0.000 0.000  20.000  80.234   1.128  0.227   70.000   90.040   55.180    0.086  0.419  0.030  0.017  2.000  0.284    0.000
  1  1  1   23    0.000    0.000   0.000   0.000   0.000 0.000  20.000  87.403   1.128  0.227   70.000   90.040   55.180    0.086  0.419  0.030  0.017  2.000  0.284    0.000
  1 15  1   23    0.000    0.000   0.000   0.000   0.000 0.000  20.000  80.251   1.128  0.227   70.000   90.040   55.181    0.086  0.419  0.030  0.017  2.000  0.284    0.000
  1  1  2   23    0.000    0.000   0.000   0.000   0.000 0.000  20.000 112.390   1.128  0.227   70.000   90.040   55.181    0.086  0.419  0.030  0.017  2.000  0.284    0.000
  1 15  2   23    0.000    0.000   0.000   0.000   0.000 0.000  20.000  89.879   1.128  0.227   70.000   90.040   55.181    0.086  0.419  0.030  0.017  2.000  0.284    0.000
  1  1  3   23    0.000    0.000   0.000   0.000   0.000 0.000  20.000  77.863   1.128  0.227   70.000   90.040   55.182    0.086  0.419  0.030  0.017  2.000  0.284    0.000
  1 15  3   23    0.000    0.000   0.000   0.000   0.000 0.000  20.000  63.564   1.128  0.227   70.000   90.040   55.182    0.086  0.419  0.030  0.017  2.000  0.284    0.000
  1  1  4   23    0.000    0.000   0.000   0.000   0.000 0.000  20.000  49.425   1.128  0.227   70.000   90.041   55.182    0.086  0.419  0.030  0.017  2.000  0.284    0.000
  1 15  4   23    1.800    0.000   0.000   0.000   0.000 0.000  20.000  48.236   1.128  0.227   70.000   90.041   55.183    0.086  0.419  0.030  0.017  2.000  0.284    0.000
  1  1  5   23    0.000    0.000   0.000   0.000   0.000 0.000  20.000  48.187   1.128  0.227   70.000   90.041   55.183    0.086  0.419  0.030  0.017  2.000  0.284    0.000
  1 15  5   23    0.000    0.000   0.000   0.000   0.000 0.000  20.000  48.187   1.128  0.227   70.000   90.041   55.183    0.086  0.419  0.030  0.017  2.000  0.284    0.000
  1  1  6   23    0.000    0.000   0.000   0.000   0.000 0.000  20.000  48.187   1.128  0.227   70.000   90.041   55.184    0.086  0.419  0.030  0.017  2.000  0.284    0.000
  1 15  6   23    0.000    0.000   0.000   0.000   0.000 0.000  20.000  48.187   1.128  0.227   70.000   90.041   55.184    0.086  0.419  0.030  0.017  2.000  0.284    0.000
  1  1  7   23    0.000    0.000   0.000   0.000   0.000 0.000  20.000  48.187   1.128  0.227   70.000   90.041   55.185    0.086  0.419  0.030  0.017  2.000  0.284    0.000
  1 15  7   23    0.000    0.000   0.000   0.000   0.000 0.000  20.000  48.187   1.128  0.227   70.000   90.041   55.185    0.086  0.419  0.030  0.017  2.000  0.284    0.000
  1  1  8   23    0.000    0.000   0.000   0.000   0.000 0.000  20.000  48.187   1.128  0.227   70.000   90.041   55.185    0.086  0.419  0.030  0.017  2.000  0.284    0.000
  1 15  8   23    0.000    0.000   0.000   0.000   0.000 0.000  20.000  48.187   1.128  0.227   70.000   90.041   55.186    0.086  0.419  0.030  0.017  2.000  0.284    0.000
  1  1  9   23    0.000    0.000   0.000   0.000   0.000 0.000  20.000  48.187   1.128  0.227   70.000   90.041   55.186    0.086  0.419  0.030  0.017  2.000  0.284    0.000
  1 15  9   23    0.000    0.000   0.000   0.000   0.000 0.000  20.000  48.187   1.128  0.227   70.000   90.041   55.186    0.086  0.419  0.030  0.017  2.000  0.284    0.000
  1  1 10   23    0.000    0.000   0.000   0.000   0.000 0.000  20.000  48.187   1.128  0.227   70.000   90.041   55.187    0.086  0.419  0.030  0.017  2.000  0.284    0.000
  1 15 10   23    0.000    0.000   0.000   0.000   0.000 0.000  20.000  48.187   1.128  0.227   70.000   90.042   55.187    0.086  0.419  0.030  0.017  2.000  0.284    0.000
  1  1 11   23    0.000    0.000   0.000   0.000   0.000 0.000  20.000  48.187   1.128  0.227   70.000   90.042   55.187    0.086  0.419  0.030  0.017  2.000  0.284    0.000
  1  8 11   23   96.900   10.698  49.676  12.137   0.881 1.001  20.000 135.168   1.128  0.227   70.000   90.042   55.187    0.086  0.419  0.030  0.017  2.000  0.284    1.428
  1 15 11   23    0.000    0.000   0.000   0.000   0.000 0.000  20.000 130.303   1.128  0.227   70.000   90.042   55.188    0.086  0.419  0.030  0.017  2.000  0.284    0.000
  1  1 12   23    2.800    0.000   0.000   0.000   0.000 0.000  20.000 123.784   1.128  0.227   70.000   90.042   55.188    0.086  0.419  0.030  0.017  2.000  0.284    0.000
  1 15 12   23    4.100    0.000   0.000   0.000   0.000 0.000  20.000 111.835   1.128  0.227   70.000   90.042   55.188    0.086  0.419  0.030  0.017  2.000  0.284    0.000
  1 20 12   23   54.100   38.911  46.274  63.360   0.614 1.001  20.000 165.968   1.128  0.227   70.000   90.042   55.188    0.086  0.419  0.030  0.017  2.000  0.284    4.526
  1 21 12   23    4.300    2.245   0.000   0.534   4.200 1.001  20.000 166.084   1.128  0.227   70.000   90.042   55.188    0.086  0.419  0.030  0.017  2.000  0.284    0.000
  1 22 12   23    2.500    0.033   0.000   0.131   0.255 1.001  20.000 165.766   1.128  0.227   70.000   90.042   55.188    0.086  0.419  0.030  0.017  2.000  0.284    0.000
  1  1  1   24    0.000    0.000   0.000   0.000   0.000 0.000  20.000 148.642   1.128  0.227   70.000   90.042   55.189    0.086  0.419  0.030  0.017  2.000  0.284    0.000
  1 15  1   24    0.000    0.000   0.000   0.000   0.000 0.000  20.000 133.146   1.128  0.227   70.000   90.042   55.189    0.086  0.419  0.030  0.017  2.000  0.284    0.000
  1  1  2   24    0.000    0.000   0.000   0.000   0.000 0.000  20.000 115.103   1.128  0.227   70.000   90.042   55.189    0.086  0.419  0.030  0.017  2.000  0.284    0.000
  1 12  2   24  130.700   80.906  58.485  60.339   1.341 1.001  20.000 166.219   1.128  0.227   70.000   90.042   55.190    0.086  0.419  0.030  0.017  2.000  0.284    9.545
  1 13  2   24   10.800    8.916   0.000   2.972   3.000 1.001  20.000 166.036   1.128  0.227   70.000   90.042   55.190    0.086  0.419  0.030  0.017  2.000  0.284    0.054
  1 15  2   24    0.000    0.000   0.000   0.000   0.000 0.000  20.000 159.795   1.128  0.227   70.000   90.042   55.190    0.086  0.419  0.030  0.017  2.000  0.284    0.000
  1  1  3   24    0.000    0.000   0.000   0.000   0.000 0.000  20.000 153.680   1.128  0.227   70.000   90.042   55.190    0.086  0.419  0.030  0.017  2.000  0.284    0.000
  1 15  3   24   96.400   54.849  31.483 108.198   0.507 1.001  20.000 165.831   1.128  0.227   70.000   90.042   55.190    0.086  0.419  0.030  0.017  2.000  0.284    5.329
  1 16  3   24   16.200   12.317   0.000   3.329   3.700 1.001  20.000 165.065   1.128  0.227   70.000   90.042   55.190    0.086  0.419  0.030  0.017  2.000  0.284    0.158
  1  1  4   24    0.000    0.000   0.000   0.000   0.000 0.000  20.000 119.832   1.128  0.227   70.000   90.042   55.191    0.086  0.419  0.030  0.017  2.000  0.284    0.000
  1 14  4   24   30.400    0.002  22.667   0.131   0.017 1.001  20.000 128.436   1.128  0.227   70.000   90.042   55.191    0.086  0.419  0.030  0.017  2.000  0.284    0.000
  1 15  4   24    2.000    0.000   0.000   0.000   0.000 0.000  20.000 125.900   1.128  0.227   70.000   90.042   55.191    0.086  0.419  0.030  0.017  2.000  0.284    0.000
  1  1  5   24    0.000    0.000   0.000   0.000   0.000 0.000  20.000  87.778   1.128  0.227   70.000   90.043   55.191    0.086  0.419  0.030  0.017  2.000  0.284    0.000
  1 15  5   24    0.000    0.000   0.000   0.000   0.000 0.000  20.000  87.084   1.128  0.227   70.000   90.043   55.192    0.086  0.419  0.030  0.017  2.000  0.284    0.000
  1  1  6   24    0.000    0.000   0.000   0.000   0.000 0.000  20.000  50.835   1.128  0.227   70.000   90.043   55.192    0.086  0.419  0.030  0.017  2.000  0.284    0.000
  1 15  6   24    0.000    0.000   0.000   0.000   0.000 0.000  20.000  48.192   1.128  0.227   70.000   90.043   55.192    0.086  0.419  0.030  0.017  2.000  0.284    0.000
  1  1  7   24    0.000    0.000   0.000   0.000   0.000 0.000  20.000  48.187   1.128  0.227   70.000   90.043   55.193    0.086  0.419  0.030  0.017  2.000  0.284    0.000
  1 15  7   24    0.000    0.000   0.000   0.000   0.000 0.000  20.000  48.187   1.128  0.227   70.000   90.043   55.193    0.086  0.419  0.030  0.017  2.000  0.284    0.000
  1  1  8   24    0.000    0.000   0.000   0.000   0.000 0.000  20.000  48.187   1.128  0.227   70.000   90.043   55.193    0.086  0.419  0.030  0.017  2.000  0.284    0.000
  1 15  8   24    0.000    0.000   0.000   0.000   0.000 0.000  20.000  48.187   1.128  0.227   70.000   90.043   55.194    0.086  0.419  0.030  0.017  2.000  0.284    0.000
  1  1  9   24    0.000    0.000   0.000   0.000   0.000 0.000  20.000  48.187   1.128  0.227   70.000   90.043   55.194    0.086  0.419  0.030  0.017  2.000  0.284    0.000
  1 15  9   24    0.000    0.000   0.000   0.000   0.000 0.000  20.000  48.187   1.128  0.227   70.000   90.043   55.194    0.086  0.419  0.030  0.017  2.000  0.284    0.000
  1  1 10   24    0.000    0.000   0.000   0.000   0.000 0.000  20.000  48.187   1.128  0.227   70.000   90.043   55.195    0.086  0.419  0.030  0.017  2.000  0.284    0.000
  1 15 10   24    0.000    0.000   0.000   0.000   0.000 0.000  20.000  48.187   1.128  0.227   70.000   90.043   55.195    0.086  0.419  0.030  0.017  2.000  0.284    0.000
  1  1 11   24   14.400    0.000   0.000   0.000   0.000 0.000  20.000  64.733   1.128  0.227   70.000   90.043   55.195    0.086  0.419  0.030  0.017  2.000  0.284    0.000
  1 15 11   24    0.500    0.000   0.000   0.000   0.000 0.000  20.000  54.478   1.128  0.227   70.000   90.044   55.196    0.086  0.419  0.030  0.017  2.000  0.284    0.000
  1  1 12   24    0.000    0.000   0.000   0.000   0.000 0.000  20.000  48.273   1.128  0.227   70.000   90.044   55.196    0.086  0.419  0.030  0.017  2.000  0.284    0.000
  1 15 12   24    0.000    0.000   0.000   0.000   0.000 0.000  20.000  55.367   1.128  0.227   70.000   90.044   55.196    0.086  0.419  0.030  0.017  2.000  0.284    0.000
  1  1  1   25    0.000    0.000   0.000   0.000   0.000 0.000  20.000  96.715   1.128  0.227   70.000   90.044   55.197    0.086  0.419  0.030  0.017  2.000  0.284    0.000
  1 15  1   25    0.000    0.000   0.000   0.000   0.000 0.000  20.000  88.896   1.128  0.227   70.000   90.044   55.197    0.086  0.419  0.030  0.017  2.000  0.284    0.000
  1  1  2   25    0.000    0.000   0.000   0.000   0.000 0.000  20.000  74.839   1.128  0.227   70.000   90.044   55.198    0.086  0.419  0.030  0.017  2.000  0.284    0.000
  1 15  2   25    0.000    0.000   0.000   0.000   0.000 0.000  20.000  80.261   1.128  0.227   70.000   90.044   55.198    0.086  0.419  0.030  0.017  2.000  0.284    0.000
  1 23  2   25   21.500    5.006   0.000   1.138   4.400 1.001  20.000 163.872   1.128  0.227   70.000   90.044   55.198    0.086  0.419  0.030  0.017  2.000  0.284    0.000
  1 25  2   25   17.400    9.508   0.000   3.169   3.000 1.001  20.000 165.787   1.128  0.227   70.000   90.044   55.198    0.086  0.419  0.030  0.017  2.000  0.284    0.093
  1 26  2   25  108.200  105.430  37.776  73.780   1.429 1.001  20.000 165.762   1.128  0.227   70.000   90.044   55.198    0.086  0.419  0.030  0.017  2.000  0.284   11.705
  1  1  3   25    7.000    0.000   0.000   0.000   0.000 0.000  20.000 159.136   1.128  0.227   70.000   90.044   55.198    0.086  0.419  0.030  0.017  2.000  0.284    0.000
  1  2  3   25   20.700   11.370   0.000   2.843   4.000 1.001  20.000 165.817   1.128  0.227   70.000   90.044   55.198    0.086  0.419  0.030  0.017  2.000  0.284    0.041
  1 15  3   25    0.000    0.000   0.000   0.000   0.000 0.000  20.000 127.515   1.128  0.227   70.000   90.044   55.198    0.086  0.419  0.030  0.017  2.000  0.284    0.000
  1  1  4   25    2.300    0.000   0.000   0.000   0.000 0.000  20.000  99.128   1.128  0.227   70.000   90.044   55.199    0.086  0.419  0.030  0.017  2.000  0.284    0.000
  1 15  4   25    0.000    0.000   0.000   0.000   0.000 0.000  20.000  74.930   1.128  0.227   70.000   90.044   55.199    0.086  0.419  0.030  0.017  2.000  0.284    0.000
  1  1  5   25    0.000    0.000   0.000   0.000   0.000 0.000  20.000  48.591   1.128  0.227   70.000   90.044   55.200    0.086  0.419  0.030  0.017  2.000  0.284    0.000
  1 15  5   25    0.000    0.000   0.000   0.000   0.000 0.000  20.000  48.187   1.128  0.227   70.000   90.044   55.200    0.086  0.419  0.030  0.017  2.000  0.284    0.000
  1  1  6   25    0.000    0.000   0.000   0.000   0.000 0.000  20.000  48.187   1.128  0.227   70.000   90.045   55.200    0.086  0.419  0.030  0.017  2.000  0.284    0.000
  1 15  6   25    0.000    0.000   0.000   0.000   0.000 0.000  20.000  48.187   1.128  0.227   70.000   90.045   55.201    0.086  0.419  0.030  0.017  2.000  0.284    0.000
  1  1  7   25    0.000    0.000   0.000   0.000   0.000 0.000  20.000  48.187   1.128  0.227   70.000   90.045   55.201    0.086  0.419  0.030  0.017  2.000  0.284    0.000
  1 15  7   25    0.000    0.000   0.000   0.000   0.000 0.000  20.000  48.187   1.128  0.227   70.000   90.045   55.201    0.086  0.419  0.030  0.017  2.000  0.284    0.000
  1  1  8   25    0.000    0.000   0.000   0.000   0.000 0.000  20.000  48.187   1.128  0.227   70.000   90.045   55.202    0.086  0.419  0.030  0.017  2.000  0.284    0.000
  1 15  8   25    0.000    0.000   0.000   0.000   0.000 0.000  20.000  48.187   1.128  0.227   70.000   90.045   55.202    0.086  0.419  0.030  0.017  2.000  0.284    0.000
  1  1  9   25    0.000    0.000   0.000   0.000   0.000 0.000  20.000  48.187   1.128  0.227   70.000   90.045   55.202    0.086  0.419  0.030  0.017  2.000  0.284    0.000
  1 15  9   25    0.000    0.000   0.000   0.000   0.000 0.000  20.000  48.187   1.128  0.227   70.000   90.045   55.203    0.086  0.419  0.030  0.017  2.000  0.284    0.000
  1  1 10   25    0.000    0.000   0.000   0.000   0.000 0.000  20.000  48.187   1.128  0.227   70.000   90.045   55.203    0.086  0.419  0.030  0.017  2.000  0.284    0.000
  1 15 10   25    0.000    0.000   0.000   0.000   0.000 0.000  20.000  48.187   1.128  0.227   70.000   90.045   55.203    0.086  0.419  0.030  0.017  2.000  0.284    0.000
  1 20 10   25   74.900   30.167  75.283  84.368   0.358 1.001  20.000 139.242   1.128  0.227   70.000   90.045   55.203    0.086  0.419  0.030  0.017  2.000  0.284    3.204
  1 27 10   25   45.800   18.529  92.230  64.961   0.285 1.001  20.000 165.701   1.128  0.227   70.000   90.045   55.204    0.086  0.419  0.030  0.017  2.000  0.284    2.139
  1  1 11   25    0.000    0.000   0.000   0.000   0.000 0.000  20.000 151.030   1.128  0.227   70.000   90.045   55.204    0.086  0.419  0.030  0.017  2.000  0.284    0.000
  1 15 11   25    0.000    0.000   0.000   0.000   0.000 0.000  20.000 127.904   1.128  0.227   70.000   90.045   55.204    0.086  0.419  0.030  0.017  2.000  0.284    0.000
  1  1 12   25    0.000    0.000   0.000   0.000   0.000 0.000  20.000 122.010   1.128  0.227   70.000   90.045   55.204    0.086  0.419  0.030  0.017  2.000  0.284    0.000
  1 15 12   25    0.000    0.000   0.000   0.000   0.000 0.000  20.000 122.792   1.128  0.227   70.000   90.045   55.205    0.086  0.419  0.030  0.017  2.000  0.284    0.000
  1 28 12   25  106.500   69.717  38.781  61.029   1.142 1.001  20.000 165.763   1.128  0.227   70.000   90.046   55.205    0.086  0.419  0.030  0.017  2.000  0.284    8.197
  1 29 12   25   91.100   88.647  39.075  66.771   1.328 1.001  20.000 165.967   1.128  0.227   70.000   90.046   55.205    0.086  0.419  0.030  0.017  2.000  0.284   10.151
  1 31 12   25   75.400   71.858  29.095  39.611   1.814 1.001  20.000 165.867   1.128  0.227   70.000   90.046   55.205    0.086  0.419  0.030  0.017  2.000  0.284    9.397
  1  1  1   26    0.000    0.000   0.000   0.000   0.000 0.000  20.000 163.813   1.128  0.227   70.000   90.046   55.205    0.086  0.419  0.030  0.017  2.000  0.284    0.000
  1  2  1   26   20.700   16.413  24.466  70.334   0.233 1.001  20.000 166.037   1.128  0.227   70.000   90.046   55.205    0.086  0.419  0.030  0.017  2.000  0.284    1.850
  1  3  1   26  166.100  164.049  26.022  57.419   2.857 1.001  20.000 166.044   1.128  0.227   70.000   90.046   55.205    0.086  0.419  0.030  0.017  2.000  0.284   19.622
  1  4  1   26    4.100    2.154   0.000   0.490   4.400 1.001  20.000 166.103   1.128  0.227   70.000   90.046   55.205    0.086  0.419  0.030  0.017  2.000  0.284    0.000
  1  7  1   26   48.500   42.096   0.000   6.682   6.300 1.001  20.000 165.992   1.128  0.227   70.000   90.046   55.205    0.086  0.419  0.030  0.017  2.000  0.284    3.943
  1  8  1   26   58.600   56.461  41.406  56.992   0.991 1.001  20.000 166.019   1.128  0.227   70.000   90.046   55.205    0.086  0.419  0.030  0.017  2.000  0.284    6.767
  1  9  1   26   92.900   90.756  31.921  69.162   1.312 1.001  20.000 165.999   1.128  0.227   70.000   90.046   55.205    0.086  0.419  0.030  0.017  2.000  0.284   10.282
  1 10  1   26   87.400   85.361  38.309  67.881   1.258 1.001  20.000 166.074   1.128  0.227   70.000   90.046   55.205    0.086  0.419  0.030  0.017  2.000  0.284    9.726
  1 11  1   26   71.900   69.714  23.960  57.369   1.215 1.001  20.000 165.941   1.128  0.227   70.000   90.046   55.205    0.086  0.419  0.030  0.017  2.000  0.284    8.340
  1 15  1   26    0.000    0.000   0.000   0.000   0.000 0.000  20.000 154.951   1.128  0.227   70.000   90.046   55.205    0.086  0.419  0.030  0.017  2.000  0.284    0.000
  1 28  1   26   37.700    2.715   0.000   0.532   5.100 1.001  20.000 166.085   1.128  0.227   70.000   90.046   55.206    0.086  0.419  0.030  0.017  2.000  0.284    0.000
  1  1  2   26    0.000    0.000   0.000   0.000   0.000 0.000  20.000 152.913   1.128  0.227   70.000   90.046   55.206    0.086  0.419  0.030  0.017  2.000  0.284    0.000
  1 11  2   26   69.300   36.604  70.984  77.686   0.471 1.001  20.000 165.815   1.128  0.227   70.000   90.046   55.206    0.086  0.419  0.030  0.017  2.000  0.284    3.997
  1 12  2   26    8.900    6.481   0.000   2.700   2.400 1.001  20.000 165.957   1.128  0.227   70.000   90.046   55.206    0.086  0.419  0.030  0.017  2.000  0.284    0.008
  1 15  2   26    0.000    0.000   0.000   0.000   0.000 0.000  20.000 159.180   1.128  0.227   70.000   90.046   55.206    0.086  0.419  0.030  0.017  2.000  0.284    0.000
  1 18  2   26   44.500   37.945   0.000   6.657   5.700 1.001  20.000 165.764   1.128  0.227   70.000   90.046   55.206    0.086  0.419  0.030  0.017  2.000  0.284    3.540
  1 19  2   26   71.300   68.434  43.726  69.947   0.978 1.001  20.000 165.718   1.128  0.227   70.000   90.046   55.206    0.086  0.419  0.030  0.017  2.000  0.284    7.726
  1 20  2   26   53.000   49.854  38.061  70.239   0.710 1.001  20.000 165.577   1.128  0.227   70.000   90.046   55.206    0.086  0.419  0.030  0.017  2.000  0.284    5.621
  1 21  2   26   65.700   62.539  39.396  62.501   1.001 1.001  20.000 165.653   1.128  0.227   70.000   90.046   55.206    0.086  0.419  0.030  0.017  2.000  0.284    7.303
  1 22  2   26   48.800   45.660  26.845  50.436   0.905 1.001  20.000 165.620   1.128  0.227   70.000   90.046   55.206    0.086  0.419  0.030  0.017  2.000  0.284    5.651
  1 23  2   26   15.400   12.467   0.000   2.968   4.200 1.001  20.000 165.765   1.128  0.227   70.000   90.046   55.206    0.086  0.419  0.030  0.017  2.000  0.284    0.074
  1  1  3   26    0.000    0.000   0.000   0.000   0.000 0.000  20.000 151.668   1.128  0.227   70.000   90.046   55.206    0.086  0.419  0.030  0.017  2.000  0.284    0.000
  1 15  3   26    0.000    0.000   0.000   0.000   0.000 0.000  20.000 131.185   1.128  0.227   70.000   90.046   55.207    0.086  0.419  0.030  0.017  2.000  0.284    0.000
  1 22  3   26   45.600    8.099  63.952  24.380   0.332 1.001  20.000 165.686   1.128  0.227   70.000   90.046   55.207    0.086  0.419  0.030  0.017  2.000  0.284    1.135
  1 23  3   26   19.400   15.921   0.000   5.490   2.900 1.001  20.000 165.395   1.128  0.227   70.000   90.046   55.207    0.086  0.419  0.030  0.017  2.000  0.284    1.137
  1  1  4   26    0.000    0.000   0.000   0.000   0.000 0.000  20.000 135.643   1.128  0.227   70.000   90.046   55.207    0.086  0.419  0.030  0.017  2.000  0.284    0.000
  1 15  4   26    0.000    0.000   0.000   0.000   0.000 0.000  20.000 108.163   1.128  0.227   70.000   90.046   55.207    0.086  0.419  0.030  0.017  2.000  0.284    0.000
  1  1  5   26    0.000    0.000   0.000   0.000   0.000 0.000  20.000 100.265   1.128  0.227   70.000   90.046   55.208    0.086  0.419  0.030  0.017  2.000  0.284    0.000
  1 15  5   26    0.000    0.000   0.000   0.000   0.000 0.000  20.000  75.132   1.128  0.227   70.000   90.046   55.208    0.086  0.419  0.030  0.017  2.000  0.284    0.000
  1  1  6   26    0.000    0.000   0.000   0.000   0.000 0.000  20.000  48.383   1.128  0.227   70.000   90.046   55.208    0.086  0.419  0.030  0.017  2.000  0.284    0.000
  1 15  6   26    0.000    0.000   0.000   0.000   0.000 0.000  20.000  48.187   1.128  0.227   70.000   90.046   55.209    0.086  0.419  0.030  0.017  2.000  0.284    0.000
  1  1  7   26    0.000    0.000   0.000   0.000   0.000 0.000  20.000  48.187   1.128  0.227   70.000   90.046   55.209    0.086  0.419  0.030  0.017  2.000  0.284    0.000
  1 15  7   26    0.000    0.000   0.000   0.000   0.000 0.000  20.000  48.187   1.128  0.227   70.000   90.047   55.209    0.086  0.419  0.030  0.017  2.000  0.284    0.000
  1  1  8   26    0.000    0.000   0.000   0.000   0.000 0.000  20.000  48.187   1.128  0.227   70.000   90.047   55.210    0.086  0.419  0.030  0.017  2.000  0.284    0.000
  1 15  8   26    0.000    0.000   0.000   0.000   0.000 0.000  20.000  48.187   1.128  0.227   70.000   90.047   55.210    0.086  0.419  0.030  0.017  2.000  0.284    0.000
  1  1  9   26    0.000    0.000   0.000   0.000   0.000 0.000  20.000  48.187   1.128  0.227   70.000   90.047   55.210    0.086  0.419  0.030  0.017  2.000  0.284    0.000
  1 15  9   26    0.000    0.000   0.000   0.000   0.000 0.000  20.000  48.187   1.128  0.227   70.000   90.047   55.211    0.086  0.419  0.030  0.017  2.000  0.284    0.000
  1  1 10   26    0.000    0.000   0.000   0.000   0.000 0.000  20.000  48.187   1.128  0.227   70.000   90.047   55.211    0.086  0.419  0.030  0.017  2.000  0.284    0.000
  1 15 10   26    0.000    0.000   0.000   0.000   0.000 0.000  20.000  48.187   1.128  0.227   70.000   90.047   55.211    0.086  0.419  0.030  0.017  2.000  0.284    0.000
  1  1 11   26    0.000    0.000   0.000   0.000   0.000 0.000  20.000  61.333   1.128  0.227   70.000   90.047   55.212    0.086  0.419  0.030  0.017  2.000  0.284    0.000
  1 15 11   26    0.000    0.000   0.000   0.000   0.000 0.000  20.000  67.636   1.128  0.227   70.000   90.047   55.212    0.086  0.419  0.030  0.017  2.000  0.284    0.000
  1  1 12   26    0.000    0.000   0.000   0.000   0.000 0.000  20.000  51.387   1.128  0.227   70.000   90.047   55.213    0.086  0.419  0.030  0.017  2.000  0.284    0.000
  1 15 12   26    0.000    0.000   0.000   0.000   0.000 0.000  20.000  48.746   1.128  0.227   70.000   90.047   55.213    0.086  0.419  0.030  0.017  2.000  0.284    0.000
  1  1  1   27   20.200    0.000   0.000   0.000   0.000 0.000  20.000  98.521   1.128  0.227   70.000   90.047   55.213    0.086  0.419  0.030  0.017  2.000  0.284    0.000
  1  2  1   27   92.600   23.730  24.364  22.080   1.075 1.001  20.000 165.027   1.128  0.227   70.000   90.047   55.213    0.086  0.419  0.030  0.017  2.000  0.284    3.346
  1 15  1   27    0.000    0.000   0.000   0.000   0.000 0.000  20.000 142.599   1.128  0.227   70.000   90.047   55.214    0.086  0.419  0.030  0.017  2.000  0.284    0.000
  1  1  2   27    0.000    0.000   0.000   0.000   0.000 0.000  20.000 121.981   1.128  0.227   70.000   90.048   55.214    0.086  0.419  0.030  0.017  2.000  0.284    0.000
  1 15  2   27    0.000    0.000   0.000   0.000   0.000 0.000  20.000 105.170   1.128  0.227   70.000   90.048   55.214    0.086  0.419  0.030  0.017  2.000  0.284    0.000
  1 28  2   27   61.700   21.580  46.853  46.542   0.464 1.001  20.000 165.455   1.128  0.227   70.000   90.048   55.215    0.086  0.419  0.030  0.017  2.000  0.284    2.724
  1  1  3   27    0.000    0.000   0.000   0.000   0.000 0.000  20.000 161.438   1.128  0.227   70.000   90.048   55.215    0.086  0.419  0.030  0.017  2.000  0.284    0.000
  1  3  3   27   26.200   14.801   0.000   2.313   6.400 1.001  20.000 165.688   1.128  0.227   70.000   90.048   55.215    0.086  0.419  0.030  0.017  2.000  0.284    0.000
  1 15  3   27    0.000    0.000   0.000   0.000   0.000 0.000  20.000 144.355   1.128  0.227   70.000   90.048   55.215    0.086  0.419  0.030  0.017  2.000  0.284    0.000
  1 28  3   27   69.300   30.247  50.774 112.716   0.268 1.001  20.000 165.954   1.128  0.227   70.000   90.048   55.215    0.086  0.419  0.030  0.017  2.000  0.284    2.893
  1 29  3   27   10.700    7.297   0.000   1.972   3.700 1.001  20.000 165.280   1.128  0.227   70.000   90.048   55.215    0.086  0.419  0.030  0.017  2.000  0.284    0.000
  1  1  4   27   12.900    2.588   0.000   0.924   2.800 1.001  20.000 165.056   1.128  0.227   70.000   90.048   55.215    0.086  0.419  0.030  0.017  2.000  0.284    0.000
  1  3  4   27    9.500    1.724  15.616   0.862   2.000 1.001  20.000 165.849   1.128  0.227   70.000   90.048   55.215    0.086  0.419  0.030  0.017  2.000  0.284    0.000
  1  4  4   27   39.100   35.793  39.208  62.810   0.570 1.001  20.000 165.401   1.128  0.227   70.000   90.048   55.215    0.086  0.419  0.030  0.017  2.000  0.284    4.173
  1  5  4   27   10.500    6.314   0.000   7.893   0.800 1.001  20.000 165.141   1.128  0.227   70.000   90.048   55.215    0.086  0.419  0.030  0.017  2.000  0.284    0.687
  1 15  4   27    1.300    0.000   0.000   0.000   0.000 0.000  20.000 145.167   1.128  0.227   70.000   90.048   55.216    0.086  0.419  0.030  0.017  2.000  0.284    0.000
  1  1  5   27    0.000    0.000   0.000   0.000   0.000 0.000  20.000 111.497   1.128  0.227   70.000   90.048   55.216    0.086  0.419  0.030  0.017  2.000  0.284    0.000
  1 15  5   27    0.000    0.000   0.000   0.000   0.000 0.000  20.000  83.957   1.128  0.227   70.000   90.048   55.216    0.086  0.419  0.030  0.017  2.000  0.284    0.000
  1  1  6   27    0.000    0.000   0.000   0.000   0.000 0.000  20.000  83.124   1.128  0.227   70.000   90.048   55.217    0.086  0.419  0.030  0.017  2.000  0.284    0.000
  1 15  6   27    0.000    0.000   0.000   0.000   0.000 0.000  20.000  50.824   1.128  0.227   70.000   90.048   55.217    0.086  0.419  0.030  0.017  2.000  0.284    0.000
  1  1  7   27    0.000    0.000   0.000   0.000   0.000 0.000  20.000  48.187   1.128  0.227   70.000   90.048   55.217    0.086  0.419  0.030  0.017  2.000  0.284    0.000
  1 15  7   27    0.000    0.000   0.000   0.000   0.000 0.000  20.000  48.187   1.128  0.227   70.000   90.048   55.218    0.086  0.419  0.030  0.017  2.000  0.284    0.000
  1  1  8   27    0.000    0.000   0.000   0.000   0.000 0.000  20.000  48.187   1.128  0.227   70.000   90.048   55.218    0.086  0.419  0.030  0.017  2.000  0.284    0.000
  1 15  8   27    0.000    0.000   0.000   0.000   0.000 0.000  20.000  48.187   1.128  0.227   70.000   90.049   55.218    0.086  0.419  0.030  0.017  2.000  0.284    0.000
  1  1  9   27    0.000    0.000   0.000   0.000   0.000 0.000  20.000  48.187   1.128  0.227   70.000   90.049   55.219    0.086  0.419  0.030  0.017  2.000  0.284    0.000
  1 15  9   27    0.000    0.000   0.000   0.000   0.000 0.000  20.000  48.187   1.128  0.227   70.000   90.049   55.219    0.086  0.419  0.030  0.017  2.000  0.284    0.000
  1  1 10   27    0.500    0.000   0.000   0.000   0.000 0.000  20.000  48.187   1.128  0.227   70.000   90.049   55.219    0.086  0.419  0.030  0.017  2.000  0.284    0.000
  1 15 10   27    0.000    0.000   0.000   0.000   0.000 0.000  20.000  48.611   1.128  0.227   70.000   90.049   55.220    0.086  0.419  0.030  0.017  2.000  0.284    0.000
  1  1 11   27    0.000    0.000   0.000   0.000   0.000 0.000  20.000  48.187   1.128  0.227   70.000   90.049   55.220    0.086  0.419  0.030  0.017  2.000  0.284    0.000
  1 15 11   27    0.000    0.000   0.000   0.000   0.000 0.000  20.000  48.187   1.128  0.227   70.000   90.049   55.220    0.086  0.419  0.030  0.017  2.000  0.284    0.000
  1  1 12   27    0.000    0.000   0.000   0.000   0.000 0.000  20.000  49.118   1.128  0.227   70.000   90.049   55.221    0.086  0.419  0.030  0.017  2.000  0.284    0.000
  1 15 12   27    0.000    0.000   0.000   0.000   0.000 0.000  20.000  53.658   1.128  0.227   70.000   90.049   55.221    0.086  0.419  0.030  0.017  2.000  0.284    0.000
  1  1  1   28    0.000    0.000   0.000   0.000   0.000 0.000  20.000  48.826   1.128  0.227   70.000   90.049   55.221    0.086  0.419  0.030  0.017  2.000  0.284    0.000
  1 15  1   28    0.000    0.000   0.000   0.000   0.000 0.000  20.000  48.211   1.128  0.227   70.000   90.049   55.222    0.086  0.419  0.030  0.017  2.000  0.284    0.000
  1  1  2   28    0.000    0.000   0.000   0.000   0.000 0.000  20.000  87.612   1.128  0.227   70.000   90.049   55.222    0.086  0.419  0.030  0.017  2.000  0.284    0.000
  1 15  2   28    0.000    0.000   0.000   0.000   0.000 0.000  20.000  70.230   1.128  0.227   70.000   90.049   55.222    0.086  0.419  0.030  0.017  2.000  0.284    0.000
  1  1  3   28    0.000    0.000   0.000   0.000   0.000 0.000  20.000  74.877   1.128  0.227   70.000   90.049   55.223    0.086  0.419  0.030  0.017  2.000  0.284    0.000
  1 15  3   28    0.000    0.000   0.000   0.000   0.000 0.000  20.000  53.920   1.128  0.227   70.000   90.050   55.223    0.086  0.419  0.030  0.017  2.000  0.284    0.000
  1  1  4   28    0.000    0.000   0.000   0.000   0.000 0.000  20.000  48.221   1.128  0.227   70.000   90.050   55.223    0.086  0.419  0.030  0.017  2.000  0.284    0.000
  1 15  4   28    0.000    0.000   0.000   0.000   0.000 0.000  20.000  48.187   1.128  0.227   70.000   90.050   55.224    0.086  0.419  0.030  0.017  2.000  0.284    0.000
  1  1  5   28    0.000    0.000   0.000   0.000   0.000 0.000  20.000  48.246   1.128  0.227   70.000   90.050   55.224    0.086  0.419  0.030  0.017  2.000  0.284    0.000
  1 15  5   28    0.000    0.000   0.000   0.000   0.000 0.000  20.000  48.187   1.128  0.227   70.000   90.050   55.224    0.086  0.419  0.030  0.017  2.000  0.284    0.000
  1  1  6   28    0.000    0.000   0.000   0.000   0.000 0.000  20.000  48.187   1.128  0.227   70.000   90.050   55.225    0.086  0.419  0.030  0.017  2.000  0.284    0.000
  1 15  6   28    0.000    0.000   0.000   0.000   0.000 0.000  20.000  48.187   1.128  0.227   70.000   90.050   55.225    0.086  0.419  0.030  0.017  2.000  0.284    0.000
  1  1  7   28    0.000    0.000   0.000   0.000   0.000 0.000  20.000  48.187   1.128  0.227   70.000   90.050   55.225    0.086  0.419  0.030  0.017  2.000  0.284    0.000
  1 15  7   28    0.000    0.000   0.000   0.000   0.000 0.000  20.000  48.187   1.128  0.227   70.000   90.050   55.226    0.086  0.419  0.030  0.017  2.000  0.284    0.000
  1  1  8   28    0.000    0.000   0.000   0.000   0.000 0.000  20.000  48.187   1.128  0.227   70.000   90.050   55.226    0.086  0.419  0.030  0.017  2.000  0.284    0.000
  1 15  8   28    0.000    0.000   0.000   0.000   0.000 0.000  20.000  48.187   1.128  0.227   70.000   90.050   55.226    0.086  0.419  0.030  0.017  2.000  0.284    0.000
  1  1  9   28    0.000    0.000   0.000   0.000   0.000 0.000  20.000  48.187   1.128  0.227   70.000   90.050   55.227    0.086  0.419  0.030  0.017  2.000  0.284    0.000
  1 15  9   28    0.000    0.000   0.000   0.000   0.000 0.000  20.000  48.187   1.128  0.227   70.000   90.050   55.227    0.086  0.419  0.030  0.017  2.000  0.284    0.000
  1  1 10   28    0.000    0.000   0.000   0.000   0.000 0.000  20.000  48.194   1.128  0.227   70.000   90.051   55.227    0.086  0.419  0.030  0.017  2.000  0.284    0.000
  1 15 10   28    0.000    0.000   0.000   0.000   0.000 0.000  20.000  54.597   1.128  0.227   70.000   90.051   55.228    0.086  0.419  0.030  0.017  2.000  0.284    0.000
  1  1 11   28    0.000    0.000   0.000   0.000   0.000 0.000  20.000  48.188   1.128  0.227   70.000   90.051   55.228    0.086  0.419  0.030  0.017  2.000  0.284    0.000
  1 15 11   28   15.200    0.000   0.000   0.000   0.000 0.000  20.000  60.945   1.128  0.227   70.000   90.051   55.228    0.086  0.419  0.030  0.017  2.000  0.284    0.000
  1  1 12   28    0.000    0.000   0.000   0.000   0.000 0.000  20.000  49.889   1.128  0.227   70.000   90.051   55.229    0.086  0.419  0.030  0.017  2.000  0.284    0.000
  1 15 12   28    0.000    0.000   0.000   0.000   0.000 0.000  20.000  82.445   1.128  0.227   70.000   90.051   55.229    0.086  0.419  0.030  0.017  2.000  0.284    0.000
  1  1  1   29    0.000    0.000   0.000   0.000   0.000 0.000  20.000 114.645   1.128  0.227   70.000   90.051   55.230    0.086  0.419  0.030  0.017  2.000  0.284    0.000
  1  6  1   29   43.100   29.458   0.000   7.014   4.200 1.001  20.000 166.184   1.128  0.227   70.000   90.051   55.230    0.086  0.419  0.030  0.017  2.000  0.284    2.899
  1  7  1   29   23.500   21.450   0.000   5.958   3.600 1.001  20.000 165.957   1.128  0.227   70.000   90.051   55.230    0.086  0.419  0.030  0.017  2.000  0.284    1.742
  1 15  1   29    0.000    0.000   0.000   0.000   0.000 0.000  20.000 146.723   1.128  0.227   70.000   90.051   55.230    0.086  0.419  0.030  0.017  2.000  0.284    0.000
  1 23  1   29   26.800    2.778   0.000   0.487   5.700 1.001  20.000 166.058   1.128  0.227   70.000   90.051   55.230    0.086  0.419  0.030  0.017  2.000  0.284    0.000
  1 24  1   29   28.300   26.006   0.000  10.836   2.400 1.001  20.000 165.886   1.128  0.227   70.000   90.051   55.230    0.086  0.419  0.030  0.017  2.000  0.284    3.351
  1 25  1   29   87.400   84.998  23.547  82.317   1.033 1.001  20.000 165.924   1.128  0.227   70.000   90.051   55.230    0.086  0.419  0.030  0.017  2.000  0.284    9.103
  1 26  1   29   16.400   13.632   0.000   4.544   3.000 1.001  20.000 165.681   1.128  0.227   70.000   90.051   55.230    0.086  0.419  0.030  0.017  2.000  0.284    0.630
  1 27  1   29   58.600   55.947  36.811  68.048   0.822 1.001  20.000 165.897   1.128  0.227   70.000   90.051   55.230    0.086  0.419  0.030  0.017  2.000  0.284    6.369
  1 28  1   29   44.900   42.681   0.000   7.359   5.800 1.001  20.000 166.028   1.128  0.227   70.000   90.051   55.230    0.086  0.419  0.030  0.017  2.000  0.284    4.390
  1  1  2   29    0.000    0.000   0.000   0.000   0.000 0.000  20.000 154.319   1.128  0.227   70.000   90.051   55.230    0.086  0.419  0.030  0.017  2.000  0.284    0.000
  1  3  2   29   23.300    7.226   0.000   1.806   4.000 1.001  20.000 165.889   1.128  0.227   70.000   90.051   55.230    0.086  0.419  0.030  0.017  2.000  0.284    0.000
  1 15  2   29    0.000    0.000   0.000   0.000   0.000 0.000  20.000 134.286   1.128  0.227   70.000   90.051   55.231    0.086  0.419  0.030  0.017  2.000  0.284    0.000
  1 24  2   29   35.400   22.314   0.000   3.847   5.800 1.001  20.000 165.515   1.128  0.227   70.000   90.051   55.231    0.086  0.419  0.030  0.017  2.000  0.284    0.523
  1  1  3   29    0.000    0.000   0.000   0.000   0.000 0.000  20.000 144.328   1.128  0.227   70.000   90.051   55.231    0.086  0.419  0.030  0.017  2.000  0.284    0.000
  1 15  3   29    3.200    0.000   0.000   0.000   0.000 0.000  20.000 119.392   1.128  0.227   70.000   90.051   55.231    0.086  0.419  0.030  0.017  2.000  0.284    0.000
  1  1  4   29    0.000    0.000   0.000   0.000   0.000 0.000  20.000  92.781   1.128  0.227   70.000   90.051   55.232    0.086  0.419  0.030  0.017  2.000  0.284    0.000
  1 15  4   29    0.000    0.000   0.000   0.000   0.000 0.000  20.000  67.061   1.128  0.227   70.000   90.052   55.232    0.086  0.419  0.030  0.017  2.000  0.284    0.000
  1  1  5   29    0.000    0.000   0.000   0.000   0.000 0.000  20.000  48.280   1.128  0.227   70.000   90.052   55.232    0.086  0.419  0.030  0.017  2.000  0.284    0.000
  1 15  5   29    0.000    0.000   0.000   0.000   0.000 0.000  20.000  48.187   1.128  0.227   70.000   90.052   55.233    0.086  0.419  0.030  0.017  2.000  0.284    0.000
  1  1  6   29    0.000    0.000   0.000   0.000   0.000 0.000  20.000  48.189   1.128  0.227   70.000   90.052   55.233    0.086  0.419  0.030  0.017  2.000  0.284    0.000
  1 15  6   29    0.000    0.000   0.000   0.000   0.000 0.000  20.000  48.187   1.128  0.227   70.000   90.052   55.233    0.086  0.419  0.030  0.017  2.000  0.284    0.000
  1  1  7   29    0.000    0.000   0.000   0.000   0.000 0.000  20.000  48.187   1.128  0.227   70.000   90.052   55.234    0.086  0.419  0.030  0.017  2.000  0.284    0.000
  1 15  7   29    0.000    0.000   0.000   0.000   0.000 0.000  20.000  48.187   1.128  0.227   70.000   90.052   55.234    0.086  0.419  0.030  0.017  2.000  0.284    0.000
  1  1  8   29    0.000    0.000   0.000   0.000   0.000 0.000  20.000  48.187   1.128  0.227   70.000   90.052   55.234    0.086  0.419  0.030  0.017  2.000  0.284    0.000
  1 15  8   29    0.000    0.000   0.000   0.000   0.000 0.000  20.000  48.187   1.128  0.227   70.000   90.052   55.235    0.086  0.419  0.030  0.017  2.000  0.284    0.000
  1  1  9   29    0.000    0.000   0.000   0.000   0.000 0.000  20.000  48.187   1.128  0.227   70.000   90.052   55.235    0.086  0.419  0.030  0.017  2.000  0.284    0.000
  1 15  9   29    0.000    0.000   0.000   0.000   0.000 0.000  20.000  48.187   1.128  0.227   70.000   90.052   55.235    0.086  0.419  0.030  0.017  2.000  0.284    0.000
  1  1 10   29    0.000    0.000   0.000   0.000   0.000 0.000  20.000  48.187   1.128  0.227   70.000   90.052   55.236    0.086  0.419  0.030  0.017  2.000  0.284    0.000
  1 15 10   29    0.000    0.000   0.000   0.000   0.000 0.000  20.000  48.187   1.128  0.227   70.000   90.052   55.236    0.086  0.419  0.030  0.017  2.000  0.284    0.000
  1  1 11   29    5.900    0.000   0.000   0.000   0.000 0.000  20.000  51.856   1.128  0.227   70.000   90.053   55.236    0.086  0.419  0.030  0.017  2.000  0.284    0.000
  1 15 11   29    0.000    0.000   0.000   0.000   0.000 0.000  20.000  48.446   1.128  0.227   70.000   90.053   55.237    0.086  0.419  0.030  0.017  2.000  0.284    0.000
  1  1 12   29    0.000    0.000   0.000   0.000   0.000 0.000  20.000  72.702   1.128  0.227   70.000   90.053   55.237    0.086  0.419  0.030  0.017  2.000  0.284    0.000
  1 15 12   29   72.000   12.051  77.952  35.368   0.341 1.001  20.000 120.004   1.128  0.227   70.000   90.053   55.237    0.086  0.419  0.030  0.017  2.000  0.284    1.610
  1  1  1   30    0.000    0.000   0.000   0.000   0.000 0.000  20.000 119.421   1.128  0.227   70.000   90.053   55.238    0.086  0.419  0.030  0.017  2.000  0.284    0.000
  1 15  1   30    0.000    0.000   0.000   0.000   0.000 0.000  20.000 101.947   1.128  0.227   70.000   90.053   55.238    0.086  0.419  0.030  0.017  2.000  0.284    0.000
  1  1  2   30    0.000    0.000   0.000   0.000   0.000 0.000  20.000  99.108   1.128  0.227   70.000   90.053   55.238    0.086  0.419  0.030  0.017  2.000  0.284    0.000
  1  7  2   30   21.500    4.876   0.000   0.995   4.900 1.001  20.000 165.944   1.128  0.227   70.000   90.053   55.239    0.086  0.419  0.030  0.017  2.000  0.284    0.000
  1  9  2   30   18.200   13.486   0.000   1.729   7.800 1.001  20.000 165.868   1.128  0.227   70.000   90.053   55.239    0.086  0.419  0.030  0.017  2.000  0.284    0.000
  1 13  2   30   13.900    1.554   0.000   0.311   5.000 1.001  20.000 165.876   1.128  0.227   70.000   90.053   55.239    0.086  0.419  0.030  0.017  2.000  0.284    0.000
  1 15  2   30    0.000    0.000   0.000   0.000   0.000 0.000  20.000 159.342   1.128  0.227   70.000   90.053   55.239    0.086  0.419  0.030  0.017  2.000  0.284    0.000
  1 16  2   30   66.800   57.603  35.617  51.189   1.125 1.001  20.000 165.773   1.128  0.227   70.000   90.053   55.239    0.086  0.419  0.030  0.017  2.000  0.284    7.101
  1 17  2   30   13.900   11.352   0.000   2.027   5.600 1.001  20.000 165.904   1.128  0.227   70.000   90.053   55.239    0.086  0.419  0.030  0.017  2.000  0.284    0.000
  1  1  3   30    0.000    0.000   0.000   0.000   0.000 0.000  20.000 135.454   1.128  0.227   70.000   90.053   55.239    0.086  0.419  0.030  0.017  2.000  0.284    0.000
  1 15  3   30    0.000    0.000   0.000   0.000   0.000 0.000  20.000 123.991   1.128  0.227   70.000   90.053   55.239    0.086  0.419  0.030  0.017  2.000  0.284    0.000
  1  1  4   30    0.000    0.000   0.000   0.000   0.000 0.000  20.000  97.799   1.128  0.227   70.000   90.053   55.240    0.086  0.419  0.030  0.017  2.000  0.284    0.000
  1 15  4   30    0.000    0.000   0.000   0.000   0.000 0.000  20.000  72.604   1.128  0.227   70.000   90.053   55.240    0.086  0.419  0.030  0.017  2.000  0.284    0.000
  1  1  5   30    0.000    0.000   0.000   0.000   0.000 0.000  20.000  48.675   1.128  0.227   70.000   90.053   55.240    0.086  0.419  0.030  0.017  2.000  0.284    0.000
  1 15  5   30    0.000    0.000   0.000   0.000   0.000 0.000  20.000  48.188   1.128  0.227   70.000   90.054   55.241    0.086  0.419  0.030  0.017  2.000  0.284    0.000
  1  1  6   30    0.000    0.000   0.000   0.000   0.000 0.000  20.000  48.187   1.128  0.227   70.000   90.054   55.241    0.086  0.419  0.030  0.017  2.000  0.284    0.000
  1 15  6   30    0.000    0.000   0.000   0.000   0.000 0.000  20.000  48.192   1.128  0.227   70.000   90.054   55.241    0.086  0.419  0.030  0.017  2.000  0.284    0.000
  1  1  7   30    0.000    0.000   0.000   0.000   0.000 0.000  20.000  48.187   1.128  0.227   70.000   90.054   55.242    0.086  0.419  0.030  0.017  2.000  0.284    0.000
  1 15  7   30    0.000    0.000   0.000   0.000   0.000 0.000  20.000  48.187   1.128  0.227   70.000   90.054   55.242    0.086  0.419  0.030  0.017  2.000  0.284    0.000
  1  1  8   30    0.000    0.000   0.000   0.000   0.000 0.000  20.000  48.187   1.128  0.227   70.000   90.054   55.242    0.086  0.419  0.030  0.017  2.000  0.284    0.000
  1 15  8   30    0.000    0.000   0.000   0.000   0.000 0.000  20.000  48.187   1.128  0.227   70.000   90.054   55.243    0.086  0.419  0.030  0.017  2.000  0.284    0.000
  1  1  9   30    0.000    0.000   0.000   0.000   0.000 0.000  20.000  48.187   1.128  0.227   70.000   90.054   55.243    0.086  0.419  0.030  0.017  2.000  0.284    0.000
  1 15  9   30    0.000    0.000   0.000   0.000   0.000 0.000  20.000  48.187   1.128  0.227   70.000   90.054   55.243    0.086  0.419  0.030  0.017  2.000  0.284    0.000
  1  1 10   30    0.000    0.000   0.000   0.000   0.000 0.000  20.000  48.187   1.128  0.227   70.000   90.054   55.244    0.086  0.419  0.030  0.017  2.000  0.284    0.000
  1 14 10   30   71.600   15.244  86.194  49.489   0.308 1.001  20.000 108.858   1.128  0.227   70.000   90.054   55.244    0.086  0.419  0.030  0.017  2.000  0.284    1.895
  1 15 10   30    1.000    0.000   0.000   0.000   0.000 0.000  20.000 105.724   1.128  0.227   70.000   90.054   55.244    0.086  0.419  0.030  0.017  2.000  0.284    0.000
  1  1 11   30    0.000    0.000   0.000   0.000   0.000 0.000  20.000  71.974   1.128  0.227   70.000   90.054   55.245    0.086  0.419  0.030  0.017  2.000  0.284    0.000
  1 15 11   30    0.000    0.000   0.000   0.000   0.000 0.000  20.000  57.285   1.128  0.227   70.000   90.054   55.245    0.086  0.419  0.030  0.017  2.000  0.284    0.000
  1  1 12   30    0.000    0.000   0.000   0.000   0.000 0.000  20.000  48.760   1.128  0.227   70.000   90.055   55.245    0.086  0.419  0.030  0.017  2.000  0.284    0.000
  1 12 12   30   38.900    5.812  30.434  10.607   0.548 1.001  20.000 150.822   1.128  0.227   70.000   90.055   55.245    0.086  0.419  0.030  0.017  2.000  0.284    0.743
  1 15 12   30    0.000    0.000   0.000   0.000   0.000 0.000  20.000 153.659   1.128  0.227   70.000   90.055   55.246    0.086  0.419  0.030  0.017  2.000  0.284    0.000
  1  1  1   31    0.000    0.000   0.000   0.000   0.000 0.000  20.000 132.028   1.128  0.227   70.000   90.055   55.246    0.086  0.419  0.030  0.017  2.000  0.284    0.000
  1 15  1   31    0.000    0.000   0.000   0.000   0.000 0.000  20.000 123.750   1.128  0.227   70.000   90.055   55.246    0.086  0.419  0.030  0.017  2.000  0.284    0.000
  1 18  1   31   51.500   21.042   0.000   2.882   7.300 1.001  20.000 166.072   1.128  0.227   70.000   90.055   55.246    0.086  0.419  0.030  0.017  2.000  0.284    0.091
  1 19  1   31   20.200   18.326   0.000   6.109   3.000 1.001  20.000 166.130   1.128  0.227   70.000   90.055   55.246    0.086  0.419  0.030  0.017  2.000  0.284    1.540
  1 20  1   31   45.400   43.807  34.693  67.186   0.652 1.001  20.000 166.264   1.128  0.227   70.000   90.055   55.246    0.086  0.419  0.030  0.017  2.000  0.284    5.006
  1 21  1   31   30.300   28.625  30.742  65.344   0.438 1.001  20.000 166.134   1.128  0.227   70.000   90.055   55.246    0.086  0.419  0.030  0.017  2.000  0.284    3.298
  1 22  1   31   13.800   12.040   0.000   2.800   4.300 1.001  20.000 166.161   1.128  0.227   70.000   90.055   55.246    0.086  0.419  0.030  0.017  2.000  0.284    0.035
  1  1  2   31    0.000    0.000   0.000   0.000   0.000 0.000  20.000 144.136   1.128  0.227   70.000   90.055   55.247    0.086  0.419  0.030  0.017  2.000  0.284    0.000
  1  5  2   31   58.100   29.422   0.000   5.448   5.400 1.001  20.000 166.363   1.128  0.227   70.000   90.055   55.247    0.086  0.419  0.030  0.017  2.000  0.284    2.072
  1  6  2   31   46.000   44.231  32.584  62.662   0.706 1.001  20.000 166.018   1.128  0.227   70.000   90.055   55.247    0.086  0.419  0.030  0.017  2.000  0.284    5.160
  1  9  2   31   15.400    7.016   0.000   1.210   5.800 1.001  20.000 166.001   1.128  0.227   70.000   90.055   55.247    0.086  0.419  0.030  0.017  2.000  0.284    0.000
  1 15  2   31    0.000    0.000   0.000   0.000   0.000 0.000  20.000 145.576   1.128  0.227   70.000   90.055   55.247    0.086  0.419  0.030  0.017  2.000  0.284    0.000
  1 27  2   31   44.800   33.200   0.000   6.385   5.200 1.001  20.000 165.813   1.128  0.227   70.000   90.055   55.247    0.086  0.419  0.030  0.017  2.000  0.284    2.950
  1  1  3   31    0.000    0.000   0.000   0.000   0.000 0.000  20.000 158.284   1.128  0.227   70.000   90.055   55.247    0.086  0.419  0.030  0.017  2.000  0.284    0.000
  1 15  3   31    0.000    0.000   0.000   0.000   0.000 0.000  20.000 129.098   1.128  0.227   70.000   90.055   55.248    0.086  0.419  0.030  0.017  2.000  0.284    0.000
  1  1  4   31    0.000    0.000   0.000   0.000   0.000 0.000  20.000 100.627   1.128  0.227   70.000   90.055   55.248    0.086  0.419  0.030  0.017  2.000  0.284    0.000
  1 15  4   31    0.000    0.000   0.000   0.000   0.000 0.000  20.000 102.099   1.128  0.227   70.000   90.055   55.248    0.086  0.419  0.030  0.017  2.000  0.284    0.000
  1  1  5   31    0.000    0.000   0.000   0.000   0.000 0.000  20.000  74.811   1.128  0.227   70.000   90.055   55.249    0.086  0.419  0.030  0.017  2.000  0.284    0.000
  1 15  5   31    0.000    0.000   0.000   0.000   0.000 0.000  20.000  49.170   1.128  0.227   70.000   90.055   55.249    0.086  0.419  0.030  0.017  2.000  0.284    0.000
  1  1  6   31    0.000    0.000   0.000   0.000   0.000 0.000  20.000  48.188   1.128  0.227   70.000   90.055   55.249    0.086  0.419  0.030  0.017  2.000  0.284    0.000
  1 15  6   31    0.000    0.000   0.000   0.000   0.000 0.000  20.000  48.187   1.128  0.227   70.000   90.055   55.250    0.086  0.419  0.030  0.017  2.000  0.284    0.000
  1  1  7   31    0.000    0.000   0.000   0.000   0.000 0.000  20.000  48.187   1.128  0.227   70.000   90.056   55.250    0.086  0.419  0.030  0.017  2.000  0.284    0.000
  1 15  7   31    0.000    0.000   0.000   0.000   0.000 0.000  20.000  48.187   1.128  0.227   70.000   90.056   55.250    0.086  0.419  0.030  0.017  2.000  0.284    0.000
  1  1  8   31    0.000    0.000   0.000   0.000   0.000 0.000  20.000  48.187   1.128  0.227   70.000   90.056   55.251    0.086  0.419  0.030  0.017  2.000  0.284    0.000
  1 15  8   31    0.000    0.000   0.000   0.000   0.000 0.000  20.000  48.187   1.128  0.227   70.000   90.056   55.251    0.086  0.419  0.030  0.017  2.000  0.284    0.000
  1  1  9   31    0.000    0.000   0.000   0.000   0.000 0.000  20.000  48.187   1.128  0.227   70.000   90.056   55.251    0.086  0.419  0.030  0.017  2.000  0.284    0.000
  1 15  9   31    0.000    0.000   0.000   0.000   0.000 0.000  20.000  48.187   1.128  0.227   70.000   90.056   55.252    0.086  0.419  0.030  0.017  2.000  0.284    0.000
  1  1 10   31    0.000    0.000   0.000   0.000   0.000 0.000  20.000  48.187   1.128  0.227   70.000   90.056   55.252    0.086  0.419  0.030  0.017  2.000  0.284    0.000
  1 15 10   31    0.000    0.000   0.000   0.000   0.000 0.000  20.000  64.475   1.128  0.227   70.000   90.056   55.252    0.086  0.419  0.030  0.017  2.000  0.284    0.000
  1  1 11   31    0.000    0.000   0.000   0.000   0.000 0.000  20.000  62.965   1.128  0.227   70.000   90.056   55.253    0.086  0.419  0.030  0.017  2.000  0.284    0.000
  1 15 11   31    0.000    0.000   0.000   0.000   0.000 0.000  20.000  48.882   1.128  0.227   70.000   90.056   55.253    0.086  0.419  0.030  0.017  2.000  0.284    0.000
  1  1 12   31    0.000    0.000   0.000   0.000   0.000 0.000  20.000  63.625   1.128  0.227   70.000   90.056   55.253    0.086  0.419  0.030  0.017  2.000  0.284    0.000
  1 15 12   31    0.500    0.000   0.000   0.000   0.000 0.000  20.000  58.947   1.128  0.227   70.000   90.056   55.254    0.086  0.419  0.030  0.017  2.000  0.284    0.000
  1 18 12   31   79.000   12.716  42.880  18.344   0.693 1.001  20.000 148.873   1.128  0.227   70.000   90.056   55.254    0.086  0.419  0.030  0.017  2.000  0.284    1.795
  1 19 12   31   70.200   52.258  99.683 113.349   0.461 1.001  20.000 165.598   1.128  0.227   70.000   90.056   55.254    0.086  0.419  0.030  0.017  2.000  0.284    4.985
  1 20 12   31   36.600   34.598  39.829  75.302   0.459 1.001  20.000 166.339   1.128  0.227   70.000   90.056   55.254    0.086  0.419  0.030  0.017  2.000  0.284    3.815
  1 21 12   31   28.200   26.693  23.438  14.049   1.900 1.001  20.000 166.190   1.128  0.227   70.000   90.056   55.254    0.086  0.419  0.030  0.017  2.000  0.284    3.674
  1 22 12   31   30.000   28.397  37.908  62.795   0.452 1.001  20.000 166.222   1.128  0.227   70.000   90.056   55.254    0.086  0.419  0.030  0.017  2.000  0.284    3.310
  1 25 12   31   22.000   15.727   0.000   4.369   3.600 1.001  20.000 165.941   1.128  0.227   70.000   90.056   55.254    0.086  0.419  0.030  0.017  2.000  0.284    0.638
  1 28 12   31    8.500    0.993   0.000   0.414   2.400 1.001  20.000 165.782   1.128  0.227   70.000   90.056   55.254    0.086  0.419  0.030  0.017  2.000  0.284    0.000
  1 29 12   31   18.200   15.882  36.040  66.947   0.237 1.001  20.000 166.037   1.128  0.227   70.000   90.056   55.254    0.086  0.419  0.030  0.017  2.000  0.284    1.817
  1  1  1   32    0.000    0.000   0.000   0.000   0.000 0.000  20.000 158.649   1.128  0.227   70.000   90.056   55.254    0.086  0.419  0.030  0.017  2.000  0.284    0.000
  1  2  1   32   13.300    4.058   0.000   0.418   9.700 1.001  20.000 166.163   1.128  0.227   70.000   90.056   55.254    0.086  0.419  0.030  0.017  2.000  0.284    0.000
  1 15  1   32    0.000    0.000   0.000   0.000   0.000 0.000  20.000 139.751   1.128  0.227   70.000   90.057   55.254    0.086  0.419  0.030  0.017  2.000  0.284    0.000
  1  1  2   32    0.000    0.000   0.000   0.000   0.000 0.000  20.000 119.869   1.128  0.227   70.000   90.057   55.255    0.086  0.419  0.030  0.017  2.000  0.284    0.000
  1 15  2   32    1.800    0.000   0.000   0.000   0.000 0.000  20.000 104.669   1.128  0.227   70.000   90.057   55.255    0.086  0.419  0.030  0.017  2.000  0.284    0.000
  1  1  3   32    0.000    0.000   0.000   0.000   0.000 0.000  20.000 152.816   1.128  0.227   70.000   90.057   55.255    0.086  0.419  0.030  0.017  2.000  0.284    0.000
  1 15  3   32    0.000    0.000   0.000   0.000   0.000 0.000  20.000 124.008   1.128  0.227   70.000   90.057   55.256    0.086  0.419  0.030  0.017  2.000  0.284    0.000
  1 20  3   32   93.200   43.972  49.627  69.787   0.630 1.001  20.000 165.693   1.128  0.227   70.000   90.057   55.256    0.086  0.419  0.030  0.017  2.000  0.284    4.966
  1 21  3   32    7.300    3.894   0.000   1.947   2.000 1.001  20.000 165.436   1.128  0.227   70.000   90.057   55.256    0.086  0.419  0.030  0.017  2.000  0.284    0.000
  1 23  3   32   10.500    3.209   0.000   0.944   3.400 1.001  20.000 165.846   1.128  0.227   70.000   90.057   55.256    0.086  0.419  0.030  0.017  2.000  0.284    0.000
  1 25  3   32   14.400    8.646   0.000   2.702   3.200 1.001  20.000 165.444   1.128  0.227   70.000   90.057   55.256    0.086  0.419  0.030  0.017  2.000  0.284    0.011
  1  1  4   32    0.000    0.000   0.000   0.000   0.000 0.000  20.000 140.734   1.128  0.227   70.000   90.057   55.256    0.086  0.419  0.030  0.017  2.000  0.284    0.000
  1 15  4   32    0.000    0.000   0.000   0.000   0.000 0.000  20.000 112.732   1.128  0.227   70.000   90.057   55.256    0.086  0.419  0.030  0.017  2.000  0.284    0.000
  1  1  5   32    0.000    0.000   0.000   0.000   0.000 0.000  20.000  80.012   1.128  0.227   70.000   90.057   55.257    0.086  0.419  0.030  0.017  2.000  0.284    0.000
  1 15  5   32    1.300    0.000   0.000   0.000   0.000 0.000  20.000  51.465   1.128  0.227   70.000   90.057   55.257    0.086  0.419  0.030  0.017  2.000  0.284    0.000
  1  1  6   32    0.000    0.000   0.000   0.000   0.000 0.000  20.000  48.190   1.128  0.227   70.000   90.057   55.257    0.086  0.419  0.030  0.017  2.000  0.284    0.000
  1 15  6   32    0.000    0.000   0.000   0.000   0.000 0.000  20.000  48.187   1.128  0.227   70.000   90.057   55.258    0.086  0.419  0.030  0.017  2.000  0.284    0.000
  1  1  7   32    0.000    0.000   0.000   0.000   0.000 0.000  20.000  48.187   1.128  0.227   70.000   90.057   55.258    0.086  0.419  0.030  0.017  2.000  0.284    0.000
  1 15  7   32    0.000    0.000   0.000   0.000   0.000 0.000  20.000  48.187   1.128  0.227   70.000   90.057   55.258    0.086  0.419  0.030  0.017  2.000  0.284    0.000
  1  1  8   32    0.000    0.000   0.000   0.000   0.000 0.000  20.000  48.187   1.128  0.227   70.000   90.058   55.259    0.086  0.419  0.030  0.017  2.000  0.284    0.000
  1 15  8   32    0.000    0.000   0.000   0.000   0.000 0.000  20.000  48.187   1.128  0.227   70.000   90.058   55.259    0.086  0.419  0.030  0.017  2.000  0.284    0.000
  1  1  9   32    0.000    0.000   0.000   0.000   0.000 0.000  20.000  48.187   1.128  0.227   70.000   90.058   55.260    0.086  0.419  0.030  0.017  2.000  0.284    0.000
  1 15  9   32    0.000    0.000   0.000   0.000   0.000 0.000  20.000  48.187   1.128  0.227   70.000   90.058   55.260    0.086  0.419  0.030  0.017  2.000  0.284    0.000
  1  1 10   32    0.000    0.000   0.000   0.000   0.000 0.000  20.000  48.187   1.128  0.227   70.000   90.058   55.260    0.086  0.419  0.030  0.017  2.000  0.284    0.000
  1 15 10   32    0.000    0.000   0.000   0.000   0.000 0.000  20.000  66.877   1.128  0.227   70.000   90.058   55.260    0.086  0.419  0.030  0.017  2.000  0.284    0.000
  1  1 11   32    0.000    0.000   0.000   0.000   0.000 0.000  20.000  49.157   1.128  0.227   70.000   90.058   55.261    0.086  0.419  0.030  0.017  2.000  0.284    0.000
  1 15 11   32    0.000    0.000   0.000   0.000   0.000 0.000  20.000  65.825   1.128  0.227   70.000   90.058   55.261    0.086  0.419  0.030  0.017  2.000  0.284    0.000
  1  1 12   32    0.000    0.000   0.000   0.000   0.000 0.000  20.000  68.804   1.128  0.227   70.000   90.058   55.262    0.086  0.419  0.030  0.017  2.000  0.284    0.000
  1 15 12   32    0.800    0.000   0.000   0.000   0.000 0.000  20.000  76.381   1.128  0.227   70.000   90.058   55.262    0.086  0.419  0.030  0.017  2.000  0.284    0.000
  1  1  1   33    0.000    0.000   0.000   0.000   0.000 0.000  20.000  56.718   1.128  0.227   70.000   90.058   55.262    0.086  0.419  0.030  0.017  2.000  0.284    0.000
  1 15  1   33    0.000    0.000   0.000   0.000   0.000 0.000  20.000  49.184   1.128  0.227   70.000   90.058   55.263    0.086  0.419  0.030  0.017  2.000  0.284    0.000
  1  1  2   33    0.000    0.000   0.000   0.000   0.000 0.000  20.000  61.193   1.128  0.227   70.000   90.058   55.263    0.086  0.419  0.030  0.017  2.000  0.284    0.000
  1 15  2   33    5.100    0.000   0.000   0.000   0.000 0.000  20.000  53.487   1.128  0.227   70.000   90.059   55.263    0.086  0.419  0.030  0.017  2.000  0.284    0.000
  1  1  3   33    0.000    0.000   0.000   0.000   0.000 0.000  20.000  48.263   1.128  0.227   70.000   90.059   55.264    0.086  0.419  0.030  0.017  2.000  0.284    0.000
  1 15  3   33    0.000    0.000   0.000   0.000   0.000 0.000  20.000  48.188   1.128  0.227   70.000   90.059   55.264    0.086  0.419  0.030  0.017  2.000  0.284    0.000
  1  1  4   33    1.500    0.000   0.000   0.000   0.000 0.000  20.000  78.385   1.128  0.227   70.000   90.059   55.264    0.086  0.419  0.030  0.017  2.000  0.284    0.000
  1 15  4   33    0.000    0.000   0.000   0.000   0.000 0.000  20.000  80.758   1.128  0.227   70.000   90.059   55.265    0.086  0.419  0.030  0.017  2.000  0.284    0.000
  1  1  5   33    0.500    0.000   0.000   0.000   0.000 0.000  20.000  52.702   1.128  0.227   70.000   90.059   55.265    0.086  0.419  0.030  0.017  2.000  0.284    0.000
  1 15  5   33    0.000    0.000   0.000   0.000   0.000 0.000  20.000  48.195   1.128  0.227   70.000   90.059   55.265    0.086  0.419  0.030  0.017  2.000  0.284    0.000
  1  1  6   33    0.000    0.000   0.000   0.000   0.000 0.000  20.000  48.187   1.128  0.227   70.000   90.059   55.266    0.086  0.419  0.030  0.017  2.000  0.284    0.000
  1 15  6   33    0.000    0.000   0.000   0.000   0.000 0.000  20.000  48.187   1.128  0.227   70.000   90.059   55.266    0.086  0.419  0.030  0.017  2.000  0.284    0.000
  1  1  7   33    0.000    0.000   0.000   0.000   0.000 0.000  20.000  48.187   1.128  0.227   70.000   90.059   55.266    0.086  0.419  0.030  0.017  2.000  0.284    0.000
  1 15  7   33    0.000    0.000   0.000   0.000   0.000 0.000  20.000  48.187   1.128  0.227   70.000   90.059   55.267    0.086  0.419  0.030  0.017  2.000  0.284    0.000
  1  1  8   33    0.000    0.000   0.000   0.000   0.000 0.000  20.000  48.187   1.128  0.227   70.000   90.059   55.267    0.086  0.419  0.030  0.017  2.000  0.284    0.000
  1 15  8   33    0.000    0.000   0.000   0.000   0.000 0.000  20.000  48.187   1.128  0.227   70.000   90.059   55.267    0.086  0.419  0.030  0.017  2.000  0.284    0.000
  1  1  9   33    0.000    0.000   0.000   0.000   0.000 0.000  20.000  48.187   1.128  0.227   70.000   90.059   55.268    0.086  0.419  0.030  0.017  2.000  0.284    0.000
  1 15  9   33    0.000    0.000   0.000   0.000   0.000 0.000  20.000  48.187   1.128  0.227   70.000   90.060   55.268    0.086  0.419  0.030  0.017  2.000  0.284    0.000
  1  1 10   33    0.000    0.000   0.000   0.000   0.000 0.000  20.000  48.187   1.128  0.227   70.000   90.060   55.268    0.086  0.419  0.030  0.017  2.000  0.284    0.000
  1 15 10   33    0.000    0.000   0.000   0.000   0.000 0.000  20.000  49.076   1.128  0.227   70.000   90.060   55.269    0.086  0.419  0.030  0.017  2.000  0.284    0.000
  1  1 11   33    0.000    0.000   0.000   0.000   0.000 0.000  20.000  48.187   1.128  0.227   70.000   90.060   55.269    0.086  0.419  0.030  0.017  2.000  0.284    0.000
  1 15 11   33    0.000    0.000   0.000   0.000   0.000 0.000  20.000  48.300   1.128  0.227   70.000   90.060   55.269    0.086  0.419  0.030  0.017  2.000  0.284    0.000
  1  1 12   33    1.000    0.000   0.000   0.000   0.000 0.000  20.000  96.958   1.128  0.227   70.000   90.060   55.270    0.086  0.419  0.030  0.017  2.000  0.284    0.000
  1 15 12   33    2.500    0.000   0.000   0.000   0.000 0.000  20.000  97.909   1.128  0.227   70.000   90.060   55.270    0.086  0.419  0.030  0.017  2.000  0.284    0.000
  1  1  1   34    0.000    0.000   0.000   0.000   0.000 0.000  20.000 137.533   1.128  0.227   70.000   90.060   55.270    0.086  0.419  0.030  0.017  2.000  0.284    0.000
  1 15  1   34    0.000    0.000   0.000   0.000   0.000 0.000  20.000 117.407   1.128  0.227   70.000   90.060   55.271    0.086  0.419  0.030  0.017  2.000  0.284    0.000
  1  1  2   34    0.000    0.000   0.000   0.000   0.000 0.000  20.000 139.848   1.128  0.227   70.000   90.060   55.271    0.086  0.419  0.030  0.017  2.000  0.284    0.000
  1 15  2   34    0.000    0.000   0.000   0.000   0.000 0.000  20.000 121.483   1.128  0.227   70.000   90.060   55.271    0.086  0.419  0.030  0.017  2.000  0.284    0.000
  1  1  3   34    0.000    0.000   0.000   0.000   0.000 0.000  20.000 107.503   1.128  0.227   70.000   90.060   55.272    0.086  0.419  0.030  0.017  2.000  0.284    0.000
  1 15  3   34    0.000    0.000   0.000   0.000   0.000 0.000  20.000 101.934   1.128  0.227   70.000   90.060   55.272    0.086  0.419  0.030  0.017  2.000  0.284    0.000
  1  1  4   34    0.000    0.000   0.000   0.000   0.000 0.000  20.000  75.450   1.128  0.227   70.000   90.061   55.272    0.086  0.419  0.030  0.017  2.000  0.284    0.000
  1 15  4   34    0.000    0.000   0.000   0.000   0.000 0.000  20.000  50.077   1.128  0.227   70.000   90.061   55.273    0.086  0.419  0.030  0.017  2.000  0.284    0.000
  1  1  5   34    0.000    0.000   0.000   0.000   0.000 0.000  20.000  48.188   1.128  0.227   70.000   90.061   55.273    0.086  0.419  0.030  0.017  2.000  0.284    0.000
  1 15  5   34    0.000    0.000   0.000   0.000   0.000 0.000  20.000  48.190   1.128  0.227   70.000   90.061   55.273    0.086  0.419  0.030  0.017  2.000  0.284    0.000
  1  1  6   34    0.000    0.000   0.000   0.000   0.000 0.000  20.000  48.187   1.128  0.227   70.000   90.061   55.274    0.086  0.419  0.030  0.017  2.000  0.284    0.000
  1 15  6   34    0.000    0.000   0.000   0.000   0.000 0.000  20.000  48.187   1.128  0.227   70.000   90.061   55.274    0.086  0.419  0.030  0.017  2.000  0.284    0.000
  1  1  7   34    0.000    0.000   0.000   0.000   0.000 0.000  20.000  48.187   1.128  0.227   70.000   90.061   55.274    0.086  0.419  0.030  0.017  2.000  0.284    0.000
  1 15  7   34    0.000    0.000   0.000   0.000   0.000 0.000  20.000  48.187   1.128  0.227   70.000   90.061   55.275    0.086  0.419  0.030  0.017  2.000  0.284    0.000
  1  1  8   34    0.000    0.000   0.000   0.000   0.000 0.000  20.000  48.187   1.128  0.227   70.000   90.061   55.275    0.086  0.419  0.030  0.017  2.000  0.284    0.000
  1 15  8   34    0.000    0.000   0.000   0.000   0.000 0.000  20.000  48.187   1.128  0.227   70.000   90.061   55.275    0.086  0.419  0.030  0.017  2.000  0.284    0.000
  1  1  9   34    0.000    0.000   0.000   0.000   0.000 0.000  20.000  48.187   1.128  0.227   70.000   90.061   55.276    0.086  0.419  0.030  0.017  2.000  0.284    0.000
  1 15  9   34    0.000    0.000   0.000   0.000   0.000 0.000  20.000  48.187   1.128  0.227   70.000   90.061   55.276    0.086  0.419  0.030  0.017  2.000  0.284    0.000
  1  1 10   34    0.000    0.000   0.000   0.000   0.000 0.000  20.000  48.187   1.128  0.227   70.000   90.061   55.277    0.086  0.419  0.030  0.017  2.000  0.284    0.000
  1 15 10   34    0.000    0.000   0.000   0.000   0.000 0.000  20.000  48.922   1.128  0.227   70.000   90.062   55.277    0.086  0.419  0.030  0.017  2.000  0.284    0.000
  1  1 11   34    0.000    0.000   0.000   0.000   0.000 0.000  20.000  48.187   1.128  0.227   70.000   90.062   55.277    0.086  0.419  0.030  0.017  2.000  0.284    0.000
  1 15 11   34    0.000    0.000   0.000   0.000   0.000 0.000  20.000  48.187   1.128  0.227   70.000   90.062   55.278    0.086  0.419  0.030  0.017  2.000  0.284    0.000
  1  1 12   34    0.000    0.000   0.000   0.000   0.000 0.000  20.000  62.819   1.128  0.227   70.000   90.062   55.278    0.086  0.419  0.030  0.017  2.000  0.284    0.000
  1 15 12   34    0.000    0.000   0.000   0.000   0.000 0.000  20.000  57.777   1.128  0.227   70.000   90.062   55.278    0.086  0.419  0.030  0.017  2.000  0.284    0.000
  1  1  1   35    0.000    0.000   0.000   0.000   0.000 0.000  20.000  49.050   1.128  0.227   70.000   90.062   55.279    0.086  0.419  0.030  0.017  2.000  0.284    0.000
  1 15  1   35    0.000    0.000   0.000   0.000   0.000 0.000  20.000  48.200   1.128  0.227   70.000   90.062   55.279    0.086  0.419  0.030  0.017  2.000  0.284    0.000
  1  1  2   35    0.000    0.000   0.000   0.000   0.000 0.000  20.000  48.187   1.128  0.227   70.000   90.062   55.279    0.086  0.419  0.030  0.017  2.000  0.284    0.000
  1 15  2   35    0.000    0.000   0.000   0.000   0.000 0.000  20.000  48.234   1.128  0.227   70.000   90.062   55.280    0.086  0.419  0.030  0.017  2.000  0.284    0.000
  1 28  2   35   79.400   24.403  59.607  51.137   0.477 1.001  20.000 144.168   1.128  0.227   70.000   90.062   55.280    0.086  0.419  0.030  0.017  2.000  0.284    3.008
  1  1  3   35    7.900    0.000   0.000   0.000   0.000 0.000  20.000 150.034   1.128  0.227   70.000   90.062   55.280    0.086  0.419  0.030  0.017  2.000  0.284    0.000
  1 15  3   35    0.000    0.000   0.000   0.000   0.000 0.000  20.000 115.707   1.128  0.227   70.000   90.062   55.280    0.086  0.419  0.030  0.017  2.000  0.284    0.000
  1  1  4   35    5.700    0.000   0.000   0.000   0.000 0.000  20.000  91.544   1.128  0.227   70.000   90.062   55.281    0.086  0.419  0.030  0.017  2.000  0.284    0.000
  1 15  4   35    0.000    0.000   0.000   0.000   0.000 0.000  20.000  62.721   1.128  0.227   70.000   90.062   55.281    0.086  0.419  0.030  0.017  2.000  0.284    0.000
  1  1  5   35    0.000    0.000   0.000   0.000   0.000 0.000  20.000  48.213   1.128  0.227   70.000   90.063   55.281    0.086  0.419  0.030  0.017  2.000  0.284    0.000
  1 15  5   35    0.000    0.000   0.000   0.000   0.000 0.000  20.000  48.187   1.128  0.227   70.000   90.063   55.282    0.086  0.419  0.030  0.017  2.000  0.284    0.000
  1  1  6   35    0.000    0.000   0.000   0.000   0.000 0.000  20.000  48.187   1.128  0.227   70.000   90.063   55.282    0.086  0.419  0.030  0.017  2.000  0.284    0.000
  1 15  6   35    0.000    0.000   0.000   0.000   0.000 0.000  20.000  48.187   1.128  0.227   70.000   90.063   55.282    0.086  0.419  0.030  0.017  2.000  0.284    0.000
  1  1  7   35    0.000    0.000   0.000   0.000   0.000 0.000  20.000  48.187   1.128  0.227   70.000   90.063   55.283    0.086  0.419  0.030  0.017  2.000  0.284    0.000
  1 15  7   35    0.000    0.000   0.000   0.000   0.000 0.000  20.000  48.187   1.128  0.227   70.000   90.063   55.283    0.086  0.419  0.030  0.017  2.000  0.284    0.000
  1  1  8   35    0.000    0.000   0.000   0.000   0.000 0.000  20.000  48.187   1.128  0.227   70.000   90.063   55.283    0.086  0.419  0.030  0.017  2.000  0.284    0.000
  1 15  8   35    0.000    0.000   0.000   0.000   0.000 0.000  20.000  48.187   1.128  0.227   70.000   90.063   55.284    0.086  0.419  0.030  0.017  2.000  0.284    0.000
  1  1  9   35    0.000    0.000   0.000   0.000   0.000 0.000  20.000  48.187   1.128  0.227   70.000   90.063   55.284    0.086  0.419  0.030  0.017  2.000  0.284    0.000
  1 15  9   35    0.000    0.000   0.000   0.000   0.000 0.000  20.000  48.187   1.128  0.227   70.000   90.063   55.284    0.086  0.419  0.030  0.017  2.000  0.284    0.000
  1  1 10   35    0.000    0.000   0.000   0.000   0.000 0.000  20.000  48.187   1.128  0.227   70.000   90.063   55.285    0.086  0.419  0.030  0.017  2.000  0.284    0.000
  1 15 10   35    0.000    0.000   0.000   0.000   0.000 0.000  20.000  48.187   1.128  0.227   70.000   90.063   55.285    0.086  0.419  0.030  0.017  2.000  0.284    0.000
  1  1 11   35    2.800    0.000   0.000   0.000   0.000 0.000  20.000  59.862   1.128  0.227   70.000   90.063   55.285    0.086  0.419  0.030  0.017  2.000  0.284    0.000
  1 15 11   35    0.000    0.000   0.000   0.000   0.000 0.000  20.000  48.589   1.128  0.227   70.000   90.063   55.286    0.086  0.419  0.030  0.017  2.000  0.284    0.000
  1  1 12   35    0.000    0.000   0.000   0.000   0.000 0.000  20.000  72.950   1.128  0.227   70.000   90.064   55.286    0.086  0.419  0.030  0.017  2.000  0.284    0.000
  1 11 12   35   41.900    0.006  40.350   0.131   0.047 1.001  20.000 157.771   1.128  0.227   70.000   90.064   55.286    0.086  0.419  0.030  0.017  2.000  0.284    0.000
  1 12 12   35   18.200    7.687   0.000   1.183   6.500 1.001  20.000 165.926   1.128  0.227   70.000   90.064   55.286    0.086  0.419  0.030  0.017  2.000  0.284    0.000
  1 15 12   35    5.800    0.000   0.000   0.000   0.000 0.000  20.000 164.752   1.128  0.227   70.000   90.064   55.286    0.086  0.419  0.030  0.017  2.000  0.284    0.000
  1 16 12   35   11.800    8.707   0.000   2.124   4.100 1.001  20.000 166.191   1.128  0.227   70.000   90.064   55.286    0.086  0.419  0.030  0.017  2.000  0.284    0.000
  1  1  1   36    0.000    0.000   0.000   0.000   0.000 0.000  20.000 138.383   1.128  0.227   70.000   90.064   55.287    0.086  0.419  0.030  0.017  2.000  0.284    0.000
  1 15  1   36    0.000    0.000   0.000   0.000   0.000 0.000  20.000 154.399   1.128  0.227   70.000   90.064   55.287    0.086  0.419  0.030  0.017  2.000  0.284    0.000
  1  1  2   36    0.000    0.000   0.000   0.000   0.000 0.000  20.000 128.057   1.128  0.227   70.000   90.064   55.287    0.086  0.419  0.030  0.017  2.000  0.284    0.000
  1 15  2   36    0.000    0.000   0.000   0.000   0.000 0.000  20.000 112.766   1.128  0.227   70.000   90.064   55.288    0.086  0.419  0.030  0.017  2.000  0.284    0.000
  1  1  3   36   25.700    0.000   0.000   0.000   0.000 0.000  20.000 139.238   1.128  0.227   70.000   90.064   55.288    0.086  0.419  0.030  0.017  2.000  0.284    0.000
  1 15  3   36    0.000    0.000   0.000   0.000   0.000 0.000  20.000 108.472   1.128  0.227   70.000   90.064   55.288    0.086  0.419  0.030  0.017  2.000  0.284    0.000
  1  1  4   36    0.000    0.000   0.000   0.000   0.000 0.000  20.000  78.228   1.128  0.227   70.000   90.064   55.289    0.086  0.419  0.030  0.017  2.000  0.284    0.000
  1 15  4   36    0.000    0.000   0.000   0.000   0.000 0.000  20.000  55.256   1.128  0.227   70.000   90.064   55.289    0.086  0.419  0.030  0.017  2.000  0.284    0.000
  1  1  5   36    0.000    0.000   0.000   0.000   0.000 0.000  20.000  48.196   1.128  0.227   70.000   90.064   55.289    0.086  0.419  0.030  0.017  2.000  0.284    0.000
  1 15  5   36    1.000    0.000   0.000   0.000   0.000 0.000  20.000  58.154   1.128  0.227   70.000   90.064   55.290    0.086  0.419  0.030  0.017  2.000  0.284    0.000
  1  1  6   36    0.000    0.000   0.000   0.000   0.000 0.000  20.000  48.187   1.128  0.227   70.000   90.064   55.290    0.086  0.419  0.030  0.017  2.000  0.284    0.000
  1 15  6   36    0.000    0.000   0.000   0.000   0.000 0.000  20.000  48.187   1.128  0.227   70.000   90.065   55.290    0.086  0.419  0.030  0.017  2.000  0.284    0.000
  1  1  7   36    0.000    0.000   0.000   0.000   0.000 0.000  20.000  48.187   1.128  0.227   70.000   90.065   55.291    0.086  0.419  0.030  0.017  2.000  0.284    0.000
  1 15  7   36    0.000    0.000   0.000   0.000   0.000 0.000  20.000  48.187   1.128  0.227   70.000   90.065   55.291    0.086  0.419  0.030  0.017  2.000  0.284    0.000
  1  1  8   36    0.000    0.000   0.000   0.000   0.000 0.000  20.000  48.242   1.128  0.227   70.000   90.065   55.291    0.086  0.419  0.030  0.017  2.000  0.284    0.000
  1 15  8   36    0.000    0.000   0.000   0.000   0.000 0.000  20.000  48.187   1.128  0.227   70.000   90.065   55.292    0.086  0.419  0.030  0.017  2.000  0.284    0.000
  1  1  9   36    0.000    0.000   0.000   0.000   0.000 0.000  20.000  48.187   1.128  0.227   70.000   90.065   55.292    0.086  0.419  0.030  0.017  2.000  0.284    0.000
  1 15  9   36   14.600    0.000   0.000   0.000   0.000 0.000  20.000  80.953   1.128  0.227   70.000   90.065   55.292    0.086  0.419  0.030  0.017  2.000  0.284    0.000
  1  1 10   36    0.000    0.000   0.000   0.000   0.000 0.000  20.000  48.600   1.128  0.227   70.000   90.065   55.293    0.086  0.419  0.030  0.017  2.000  0.284    0.000
  1 15 10   36    0.000    0.000   0.000   0.000   0.000 0.000  20.000  48.197   1.128  0.227   70.000   90.065   55.293    0.086  0.419  0.030  0.017  2.000  0.284    0.000
  1  1 11   36    0.000    0.000   0.000   0.000   0.000 0.000  20.000  48.187   1.128  0.227   70.000   90.065   55.294    0.086  0.419  0.030  0.017  2.000  0.284    0.000
  1 15 11   36    0.000    0.000   0.000   0.000   0.000 0.000  20.000  48.207   1.128  0.227   70.000   90.065   55.294    0.086  0.419  0.030  0.017  2.000  0.284    0.000
  1  1 12   36    0.000    0.000   0.000   0.000   0.000 0.000  20.000  48.187   1.128  0.227   70.000   90.065   55.294    0.086  0.419  0.030  0.017  2.000  0.284    0.000
  1 15 12   36    0.000    0.000   0.000   0.000   0.000 0.000  20.000  49.076   1.128  0.227   70.000   90.065   55.295    0.086  0.419  0.030  0.017  2.000  0.284    0.000
  1  1  1   37    0.000    0.000   0.000   0.000   0.000 0.000  20.000  49.232   1.128  0.227   70.000   90.066   55.295    0.086  0.419  0.030  0.017  2.000  0.284    0.000
  1  6  1   37   36.200    0.033  24.055   0.303   0.108 1.001  20.000 143.734   1.128  0.227   70.000   90.066   55.295    0.086  0.419  0.030  0.017  2.000  0.284    0.000
  1 15  1   37    0.000    0.000   0.000   0.000   0.000 0.000  20.000 131.122   1.128  0.227   70.000   90.066   55.295    0.086  0.419  0.030  0.017  2.000  0.284    0.000
  1  1  2   37    0.000    0.000   0.000   0.000   0.000 0.000  20.000 154.684   1.128  0.227   70.000   90.066   55.296    0.086  0.419  0.030  0.017  2.000  0.284    0.000
  1 15  2   37    0.000    0.000   0.000   0.000   0.000 0.000  20.000 124.024   1.128  0.227   70.000   90.066   55.296    0.086  0.419  0.030  0.017  2.000  0.284    0.000
  1  1  3   37    0.000    0.000   0.000   0.000   0.000 0.000  20.000 115.225   1.128  0.227   70.000   90.066   55.296    0.086  0.419  0.030  0.017  2.000  0.284    0.000
  1 15  3   37    0.000    0.000   0.000   0.000   0.000 0.000  20.000 142.540   1.128  0.227   70.000   90.066   55.297    0.086  0.419  0.030  0.017  2.000  0.284    0.000
  1  1  4   37    0.000    0.000   0.000   0.000   0.000 0.000  20.000 109.501   1.128  0.227   70.000   90.066   55.297    0.086  0.419  0.030  0.017  2.000  0.284    0.000
  1 15  4   37    0.000    0.000   0.000   0.000   0.000 0.000  20.000  91.831   1.128  0.227   70.000   90.066   55.297    0.086  0.419  0.030  0.017  2.000  0.284    0.000
  1  1  5   37    0.000    0.000   0.000   0.000   0.000 0.000  20.000  58.684   1.128  0.227   70.000   90.066   55.298    0.086  0.419  0.030  0.017  2.000  0.284    0.000
  1 15  5   37    0.000    0.000   0.000   0.000   0.000 0.000  20.000  48.274   1.128  0.227   70.000   90.066   55.298    0.086  0.419  0.030  0.017  2.000  0.284    0.000
  1  1  6   37    0.000    0.000   0.000   0.000   0.000 0.000  20.000  48.187   1.128  0.227   70.000   90.066   55.298    0.086  0.419  0.030  0.017  2.000  0.284    0.000
  1 15  6   37    0.000    0.000   0.000   0.000   0.000 0.000  20.000  48.191   1.128  0.227   70.000   90.066   55.299    0.086  0.419  0.030  0.017  2.000  0.284    0.000
  1  1  7   37    0.000    0.000   0.000   0.000   0.000 0.000  20.000  48.187   1.128  0.227   70.000   90.066   55.299    0.086  0.419  0.030  0.017  2.000  0.284    0.000
  1 15  7   37    0.000    0.000   0.000   0.000   0.000 0.000  20.000  48.187   1.128  0.227   70.000   90.067   55.299    0.086  0.419  0.030  0.017  2.000  0.284    0.000
  1  1  8   37    0.000    0.000   0.000   0.000   0.000 0.000  20.000  48.187   1.128  0.227   70.000   90.067   55.300    0.086  0.419  0.030  0.017  2.000  0.284    0.000
  1 15  8   37    0.000    0.000   0.000   0.000   0.000 0.000  20.000  48.187   1.128  0.227   70.000   90.067   55.300    0.086  0.419  0.030  0.017  2.000  0.284    0.000
  1  1  9   37    0.000    0.000   0.000   0.000   0.000 0.000  20.000  48.187   1.128  0.227   70.000   90.067   55.300    0.086  0.419  0.030  0.017  2.000  0.284    0.000
  1 15  9   37    0.000    0.000   0.000   0.000   0.000 0.000  20.000  48.187   1.128  0.227   70.000   90.067   55.301    0.086  0.419  0.030  0.017  2.000  0.284    0.000
  1  1 10   37    0.000    0.000   0.000   0.000   0.000 0.000  20.000  48.187   1.128  0.227   70.000   90.067   55.301    0.086  0.419  0.030  0.017  2.000  0.284    0.000
  1 15 10   37    0.500    0.000   0.000   0.000   0.000 0.000  20.000  48.187   1.128  0.227   70.000   90.067   55.301    0.086  0.419  0.030  0.017  2.000  0.284    0.000
  1  1 11   37    0.000    0.000   0.000   0.000   0.000 0.000  20.000  48.403   1.128  0.227   70.000   90.067   55.302    0.086  0.419  0.030  0.017  2.000  0.284    0.000
  1 15 11   37    0.000    0.000   0.000   0.000   0.000 0.000  20.000  48.187   1.128  0.227   70.000   90.067   55.302    0.086  0.419  0.030  0.017  2.000  0.284    0.000
  1  1 12   37    0.000    0.000   0.000   0.000   0.000 0.000  20.000  72.315   1.128  0.227   70.000   90.067   55.302    0.086  0.419  0.030  0.017  2.000  0.284    0.000
  1 15 12   37   38.700    0.000   0.000   0.000   0.000 0.000  20.000  99.802   1.128  0.227   70.000   90.067   55.303    0.086  0.419  0.030  0.017  2.000  0.284    0.000
  1 23 12   37   50.000    5.114   0.000   2.557   2.000 1.001  20.000 157.169   1.128  0.227   70.000   90.067   55.303    0.086  0.419  0.030  0.017  2.000  0.284    0.000
  1  1  1   38    0.000    0.000   0.000   0.000   0.000 0.000  20.000 155.406   1.128  0.227   70.000   90.067   55.303    0.086  0.419  0.030  0.017  2.000  0.284    0.000
  1  4  1   38   15.100    1.367   0.000   0.390   3.500 1.001  20.000 166.277   1.128  0.227   70.000   90.067   55.303    0.086  0.419  0.030  0.017  2.000  0.284    0.000
  1  5  1   38    3.300    1.824   0.000   0.424   4.300 1.001  20.000 166.246   1.128  0.227   70.000   90.067   55.303    0.086  0.419  0.030  0.017  2.000  0.284    0.000
  1  6  1   38    5.100    3.107   0.000   1.635   1.900 1.001  20.000 165.953   1.128  0.227   70.000   90.067   55.303    0.086  0.419  0.030  0.017  2.000  0.284    0.000
  1  7  1   38    6.100    4.047   0.000   0.843   4.800 1.001  20.000 166.094   1.128  0.227   70.000   90.067   55.303    0.086  0.419  0.030  0.017  2.000  0.284    0.000
  1  8  1   38   15.100   12.289  20.089   2.731   4.500 1.001  20.000 165.552   1.128  0.227   70.000   90.067   55.303    0.086  0.419  0.030  0.017  2.000  0.284    0.021
  1  9  1   38   10.900    8.308   0.000   2.865   2.900 1.001  20.000 166.011   1.128  0.227   70.000   90.067   55.303    0.086  0.419  0.030  0.017  2.000  0.284    0.033
  1 10  1   38   21.900   20.083  31.110  95.191   0.211 1.001  20.000 166.201   1.128  0.227   70.000   90.067   55.303    0.086  0.419  0.030  0.017  2.000  0.284    2.044
  1 11  1   38   15.100   12.975   0.000   2.761   4.700 1.001  20.000 165.901   1.128  0.227   70.000   90.067   55.303    0.086  0.419  0.030  0.017  2.000  0.284    0.028
  1 12  1   38   13.800   11.875   0.000   1.466   8.100 1.001  20.000 166.203   1.128  0.227   70.000   90.067   55.303    0.086  0.419  0.030  0.017  2.000  0.284    0.000
  1 15  1   38    0.000    0.000   0.000   0.000   0.000 0.000  20.000 159.274   1.128  0.227   70.000   90.067   55.303    0.086  0.419  0.030  0.017  2.000  0.284    0.000
  1 18  1   38   32.100   17.969  25.027  65.949   0.272 1.001  20.000 165.948   1.128  0.227   70.000   90.067   55.303    0.086  0.419  0.030  0.017  2.000  0.284    2.064
  1 19  1   38   19.400   17.132   0.000   5.711   3.000 1.001  20.000 165.968   1.128  0.227   70.000   90.067   55.303    0.086  0.419  0.030  0.017  2.000  0.284    1.304
  1 20  1   38   69.900   67.948  35.659  57.772   1.176 1.001  20.000 166.146   1.128  0.227   70.000   90.067   55.304    0.086  0.419  0.030  0.017  2.000  0.284    8.108
  1 21  1   38    9.700    7.266   0.000   1.483   4.900 1.001  20.000 165.748   1.128  0.227   70.000   90.067   55.304    0.086  0.419  0.030  0.017  2.000  0.284    0.000
  1 22  1   38   74.500   72.473  31.610  63.020   1.150 1.001  20.000 166.233   1.128  0.227   70.000   90.067   55.304    0.086  0.419  0.030  0.017  2.000  0.284    8.437
  1 23  1   38    3.000    1.146   0.000   0.302   3.800 1.001  20.000 166.045   1.128  0.227   70.000   90.067   55.304    0.086  0.419  0.030  0.017  2.000  0.284    0.000
  1  1  2   38    0.000    0.000   0.000   0.000   0.000 0.000  20.000 142.052   1.128  0.227   70.000   90.068   55.304    0.086  0.419  0.030  0.017  2.000  0.284    0.000
  1  6  2   38   13.600    8.187   0.000   1.204   6.800 1.001  20.000 166.153   1.128  0.227   70.000   90.068   55.304    0.086  0.419  0.030  0.017  2.000  0.284    0.000
  1  7  2   38    2.300    0.491   0.000   0.131   3.758 1.001  20.000 166.120   1.128  0.227   70.000   90.068   55.304    0.086  0.419  0.030  0.017  2.000  0.284    0.000
  1 10  2   38    8.600    0.849   0.000   0.314   2.700 1.001  20.000 166.221   1.128  0.227   70.000   90.068   55.304    0.086  0.419  0.030  0.017  2.000  0.284    0.000
  1 15  2   38    0.000    0.000   0.000   0.000   0.000 0.000  20.000 151.158   1.128  0.227   70.000   90.068   55.304    0.086  0.419  0.030  0.017  2.000  0.284    0.000
  1 17  2   38   80.900   65.833  34.859  56.733   1.160 1.001  20.000 166.164   1.128  0.227   70.000   90.068   55.304    0.086  0.419  0.030  0.017  2.000  0.284    7.895
  1 18  2   38    2.800    0.854   0.000   0.194   4.400 1.001  20.000 166.031   1.128  0.227   70.000   90.068   55.304    0.086  0.419  0.030  0.017  2.000  0.284    0.000
  1 19  2   38    3.800    1.397   0.000   0.170   8.200 1.001  20.000 165.836   1.128  0.227   70.000   90.068   55.304    0.086  0.419  0.030  0.017  2.000  0.284    0.000
  1 20  2   38    2.800    0.911   0.000   0.246   3.700 1.001  20.000 166.263   1.128  0.227   70.000   90.068   55.304    0.086  0.419  0.030  0.017  2.000  0.284    0.000
  1  1  3   38    0.000    0.000   0.000   0.000   0.000 0.000  20.000 145.858   1.128  0.227   70.000   90.068   55.304    0.086  0.419  0.030  0.017  2.000  0.284    0.000
  1 15  3   38    0.000    0.000   0.000   0.000   0.000 0.000  20.000 117.710   1.128  0.227   70.000   90.068   55.305    0.086  0.419  0.030  0.017  2.000  0.284    0.000
  1  1  4   38    0.000    0.000   0.000   0.000   0.000 0.000  20.000  96.015   1.128  0.227   70.000   90.068   55.305    0.086  0.419  0.030  0.017  2.000  0.284    0.000
  1 15  4   38    0.000    0.000   0.000   0.000   0.000 0.000  20.000  73.591   1.128  0.227   70.000   90.068   55.305    0.086  0.419  0.030  0.017  2.000  0.284    0.000
  1  1  5   38    0.000    0.000   0.000   0.000   0.000 0.000  20.000  48.475   1.128  0.227   70.000   90.068   55.306    0.086  0.419  0.030  0.017  2.000  0.284    0.000
  1 15  5   38    0.000    0.000   0.000   0.000   0.000 0.000  20.000  48.188   1.128  0.227   70.000   90.068   55.306    0.086  0.419  0.030  0.017  2.000  0.284    0.000
  1  1  6   38    0.000    0.000   0.000   0.000   0.000 0.000  20.000  48.187   1.128  0.227   70.000   90.068   55.306    0.086  0.419  0.030  0.017  2.000  0.284    0.000
  1 15  6   38    0.000    0.000   0.000   0.000   0.000 0.000  20.000  48.187   1.128  0.227   70.000   90.068   55.307    0.086  0.419  0.030  0.017  2.000  0.284    0.000
  1  1  7   38    0.000    0.000   0.000   0.000   0.000 0.000  20.000  48.187   1.128  0.227   70.000   90.068   55.307    0.086  0.419  0.030  0.017  2.000  0.284    0.000
  1 15  7   38    0.000    0.000   0.000   0.000   0.000 0.000  20.000  48.187   1.128  0.227   70.000   90.068   55.307    0.086  0.419  0.030  0.017  2.000  0.284    0.000
  1  1  8   38    0.000    0.000   0.000   0.000   0.000 0.000  20.000  48.187   1.128  0.227   70.000   90.068   55.308    0.086  0.419  0.030  0.017  2.000  0.284    0.000
  1 15  8   38    0.000    0.000   0.000   0.000   0.000 0.000  20.000  48.187   1.128  0.227   70.000   90.068   55.308    0.086  0.419  0.030  0.017  2.000  0.284    0.000
  1  1  9   38    0.000    0.000   0.000   0.000   0.000 0.000  20.000  48.187   1.128  0.227   70.000   90.069   55.309    0.086  0.419  0.030  0.017  2.000  0.284    0.000
  1 15  9   38    0.000    0.000   0.000   0.000   0.000 0.000  20.000  48.187   1.128  0.227   70.000   90.069   55.309    0.086  0.419  0.030  0.017  2.000  0.284    0.000
  1  1 10   38    0.000    0.000   0.000   0.000   0.000 0.000  20.000  48.187   1.128  0.227   70.000   90.069   55.309    0.086  0.419  0.030  0.017  2.000  0.284    0.000
  1 15 10   38    0.000    0.000   0.000   0.000   0.000 0.000  20.000  48.187   1.128  0.227   70.000   90.069   55.310    0.086  0.419  0.030  0.017  2.000  0.284    0.000
  1  1 11   38    0.000    0.000   0.000   0.000   0.000 0.000  20.000  48.187   1.128  0.227   70.000   90.069   55.310    0.086  0.419  0.030  0.017  2.000  0.284    0.000
  1 15 11   38    0.000    0.000   0.000   0.000   0.000 0.000  20.000  48.189   1.128  0.227   70.000   90.069   55.310    0.086  0.419  0.030  0.017  2.000  0.284    0.000
  1  1 12   38    0.000    0.000   0.000   0.000   0.000 0.000  20.000  48.187   1.128  0.227   70.000   90.069   55.311    0.086  0.419  0.030  0.017  2.000  0.284    0.000
  1 15 12   38    0.000    0.000   0.000   0.000   0.000 0.000  20.000  48.187   1.128  0.227   70.000   90.069   55.311    0.086  0.419  0.030  0.017  2.000  0.284    0.000
  1  1  1   39    0.000    0.000   0.000   0.000   0.000 0.000  20.000  48.187   1.128  0.227   70.000   90.069   55.311    0.086  0.419  0.030  0.017  2.000  0.284    0.000
  1 15  1   39    0.000    0.000   0.000   0.000   0.000 0.000  20.000 108.374   1.128  0.227   70.000   90.069   55.312    0.086  0.419  0.030  0.017  2.000  0.284    0.000
  1  1  2   39    0.000    0.000   0.000   0.000   0.000 0.000  20.000  87.468   1.128  0.227   70.000   90.069   55.312    0.086  0.419  0.030  0.017  2.000  0.284    0.000
  1 15  2   39    0.000    0.000   0.000   0.000   0.000 0.000  20.000  71.635   1.128  0.227   70.000   90.069   55.312    0.086  0.419  0.030  0.017  2.000  0.284    0.000
  1  1  3   39   11.500    0.000   0.000   0.000   0.000 0.000  20.000  66.680   1.128  0.227   70.000   90.069   55.313    0.086  0.419  0.030  0.017  2.000  0.284    0.000
  1 15  3   39    0.000    0.000   0.000   0.000   0.000 0.000  20.000 122.448   1.128  0.227   70.000   90.070   55.313    0.086  0.419  0.030  0.017  2.000  0.284    0.000
  1  1  4   39    0.000    0.000   0.000   0.000   0.000 0.000  20.000 130.074   1.128  0.227   70.000   90.070   55.313    0.086  0.419  0.030  0.017  2.000  0.284    0.000
  1 15  4   39    0.000    0.000   0.000   0.000   0.000 0.000  20.000 104.178   1.128  0.227   70.000   90.070   55.314    0.086  0.419  0.030  0.017  2.000  0.284    0.000
  1  1  5   39    1.300    0.000   0.000   0.000   0.000 0.000  20.000  74.767   1.128  0.227   70.000   90.070   55.314    0.086  0.419  0.030  0.017  2.000  0.284    0.000
  1 15  5   39    0.000    0.000   0.000   0.000   0.000 0.000  20.000  49.947   1.128  0.227   70.000   90.070   55.314    0.086  0.419  0.030  0.017  2.000  0.284    0.000
  1  1  6   39    0.000    0.000   0.000   0.000   0.000 0.000  20.000  48.189   1.128  0.227   70.000   90.070   55.315    0.086  0.419  0.030  0.017  2.000  0.284    0.000
  1 15  6   39    0.000    0.000   0.000   0.000   0.000 0.000  20.000  48.187   1.128  0.227   70.000   90.070   55.315    0.086  0.419  0.030  0.017  2.000  0.284    0.000
  1  1  7   39    0.000    0.000   0.000   0.000   0.000 0.000  20.000  48.187   1.128  0.227   70.000   90.070   55.315    0.086  0.419  0.030  0.017  2.000  0.284    0.000
  1 15  7   39    0.000    0.000   0.000   0.000   0.000 0.000  20.000  48.187   1.128  0.227   70.000   90.070   55.316    0.086  0.419  0.030  0.017  2.000  0.284    0.000
  1  1  8   39    0.000    0.000   0.000   0.000   0.000 0.000  20.000  48.187   1.128  0.227   70.000   90.070   55.316    0.086  0.419  0.030  0.017  2.000  0.284    0.000
  1 15  8   39    0.000    0.000   0.000   0.000   0.000 0.000  20.000  48.187   1.128  0.227   70.000   90.070   55.316    0.086  0.419  0.030  0.017  2.000  0.284    0.000
  1  1  9   39    0.000    0.000   0.000   0.000   0.000 0.000  20.000  48.187   1.128  0.227   70.000   90.070   55.317    0.086  0.419  0.030  0.017  2.000  0.284    0.000
  1 15  9   39    0.000    0.000   0.000   0.000   0.000 0.000  20.000  48.187   1.128  0.227   70.000   90.070   55.317    0.086  0.419  0.030  0.017  2.000  0.284    0.000
  1  1 10   39    0.000    0.000   0.000   0.000   0.000 0.000  20.000  48.187   1.128  0.227   70.000   90.071   55.317    0.086  0.419  0.030  0.017  2.000  0.284    0.000
  1 15 10   39    0.000    0.000   0.000   0.000   0.000 0.000  20.000  49.943   1.128  0.227   70.000   90.071   55.318    0.086  0.419  0.030  0.017  2.000  0.284    0.000
  1  1 11   39    0.000    0.000   0.000   0.000   0.000 0.000  20.000  48.187   1.128  0.227   70.000   90.071   55.318    0.086  0.419  0.030  0.017  2.000  0.284    0.000
  1 15 11   39    0.000    0.000   0.000   0.000   0.000 0.000  20.000  48.187   1.128  0.227   70.000   90.071   55.318    0.086  0.419  0.030  0.017  2.000  0.284    0.000
  1 29 11   39   45.200    0.919  61.342   5.749   0.160 1.001  20.000 113.656   1.128  0.227   70.000   90.071   55.319    0.086  0.419  0.030  0.017  2.000  0.284    0.071
  1  1 12   39    0.000    0.000   0.000   0.000   0.000 0.000  20.000 109.451   1.128  0.227   70.000   90.071   55.319    0.086  0.419  0.030  0.017  2.000  0.284    0.000
  1  6 12   39   31.300    4.855  33.842  11.182   0.434 1.001  20.000 162.236   1.128  0.227   70.000   90.071   55.319    0.086  0.419  0.030  0.017  2.000  0.284    0.632
  1 15 12   39    0.000    0.000   0.000   0.000   0.000 0.000  20.000 145.667   1.128  0.227   70.000   90.071   55.319    0.086  0.419  0.030  0.017  2.000  0.284    0.000
  1  1  1   40    0.000    0.000   0.000   0.000   0.000 0.000  20.000 126.951   1.128  0.227   70.000   90.071   55.319    0.086  0.419  0.030  0.017  2.000  0.284    0.000
  1  6  1   40   16.400    1.567  23.639   2.075   0.755 1.001  20.000 166.007   1.128  0.227   70.000   90.071   55.320    0.086  0.419  0.030  0.017  2.000  0.284    0.000
  1  7  1   40   11.700    9.842   0.000   1.406   7.000 1.001  20.000 166.178   1.128  0.227   70.000   90.071   55.320    0.086  0.419  0.030  0.017  2.000  0.284    0.000
  1 11  1   40   21.400   11.545   0.000   3.848   3.000 1.001  20.000 165.819   1.128  0.227   70.000   90.071   55.320    0.086  0.419  0.030  0.017  2.000  0.284    0.270
  1 12  1   40   16.100   13.798   0.000   5.307   2.600 1.001  20.000 166.025   1.128  0.227   70.000   90.071   55.320    0.086  0.419  0.030  0.017  2.000  0.284    0.924
  1 13  1   40    2.800    0.627   0.000   0.196   3.200 1.001  20.000 165.978   1.128  0.227   70.000   90.071   55.320    0.086  0.419  0.030  0.017  2.000  0.284    0.000
  1 14  1   40   49.200   47.193  34.502  66.190   0.713 1.001  20.000 166.106   1.128  0.227   70.000   90.071   55.320    0.086  0.419  0.030  0.017  2.000  0.284    5.414
  1 15  1   40   17.900   16.162   0.000   3.673   4.400 1.001  20.000 166.191   1.128  0.227   70.000   90.071   55.320    0.086  0.419  0.030  0.017  2.000  0.284    0.317
  1 16  1   40   50.000   48.501  86.993 113.651   0.427 1.001  20.000 166.284   1.128  0.227   70.000   90.071   55.320    0.086  0.419  0.030  0.017  2.000  0.284    4.620
  1 17  1   40   33.400   31.857  24.014 109.924   0.290 1.001  20.000 166.202   1.128  0.227   70.000   90.071   55.320    0.086  0.419  0.030  0.017  2.000  0.284    3.074
  1  1  2   40    7.900    4.107   0.000   0.874   4.700 1.001  20.000 166.103   1.128  0.227   70.000   90.071   55.320    0.086  0.419  0.030  0.017  2.000  0.284    0.000
  1  2  2   40   52.100   50.269  25.776  78.063   0.644 1.001  20.000 166.137   1.128  0.227   70.000   90.071   55.320    0.086  0.419  0.030  0.017  2.000  0.284    5.476
  1  3  2   40   25.600   23.948   0.000   5.841   4.100 1.001  20.000 166.225   1.128  0.227   70.000   90.071   55.320    0.086  0.419  0.030  0.017  2.000  0.284    1.886
  1  4  2   40   14.900   12.837   0.000   2.176   5.900 1.001  20.000 165.924   1.128  0.227   70.000   90.071   55.320    0.086  0.419  0.030  0.017  2.000  0.284    0.000
  1  5  2   40    3.300    0.861   0.000   0.215   4.000 1.001  20.000 165.879   1.128  0.227   70.000   90.071   55.320    0.086  0.419  0.030  0.017  2.000  0.284    0.000
  1  9  2   40    6.300    0.941   0.000   0.131   7.200 1.001  20.000 165.961   1.128  0.227   70.000   90.071   55.320    0.086  0.419  0.030  0.017  2.000  0.284    0.000
  1 10  2   40    6.100    3.831   0.000   0.782   4.900 1.001  20.000 165.959   1.128  0.227   70.000   90.071   55.320    0.086  0.419  0.030  0.017  2.000  0.284    0.000
  1 13  2   40   21.700   13.571   0.000   1.885   7.200 1.001  20.000 166.223   1.128  0.227   70.000   90.071   55.320    0.086  0.419  0.030  0.017  2.000  0.284    0.000
  1 14  2   40   33.800   31.483   0.000   5.622   5.600 1.001  20.000 165.772   1.128  0.227   70.000   90.071   55.320    0.086  0.419  0.030  0.017  2.000  0.284    2.335
  1 15  2   40    8.600    5.765   0.000   0.465  12.400 1.001  20.000 165.732   1.128  0.227   70.000   90.071   55.320    0.086  0.419  0.030  0.017  2.000  0.284    0.000
  1  1  3   40   12.900    0.000   0.000   0.000   0.000 0.000  20.000 155.269   1.128  0.227   70.000   90.071   55.321    0.086  0.419  0.030  0.017  2.000  0.284    0.000
  1  2  3   40   19.400    6.594  28.731  19.630   0.336 1.001  20.000 166.052   1.128  0.227   70.000   90.071   55.321    0.086  0.419  0.030  0.017  2.000  0.284    0.931
  1  5  3   40   12.500    6.246   0.000   1.136   5.500 1.001  20.000 165.984   1.128  0.227   70.000   90.071   55.321    0.086  0.419  0.030  0.017  2.000  0.284    0.000
  1  6  3   40   34.900   32.622  27.792  80.874   0.403 1.001  20.000 165.940   1.128  0.227   70.000   90.071   55.321    0.086  0.419  0.030  0.017  2.000  0.284    3.512
  1 15  3   40    0.000    0.000   0.000   0.000   0.000 0.000  20.000 139.273   1.128  0.227   70.000   90.071   55.321    0.086  0.419  0.030  0.017  2.000  0.284    0.000
  1  1  4   40    0.000    0.000   0.000   0.000   0.000 0.000  20.000 113.888   1.128  0.227   70.000   90.071   55.321    0.086  0.419  0.030  0.017  2.000  0.284    0.000
  1 15  4   40    0.000    0.000   0.000   0.000   0.000 0.000  20.000  90.228   1.128  0.227   70.000   90.072   55.322    0.086  0.419  0.030  0.017  2.000  0.284    0.000
  1  1  5   40    0.000    0.000   0.000   0.000   0.000 0.000  20.000  64.747   1.128  0.227   70.000   90.072   55.322    0.086  0.419  0.030  0.017  2.000  0.284    0.000
  1 15  5   40    6.700    0.000   0.000   0.000   0.000 0.000  20.000  51.788   1.128  0.227   70.000   90.072   55.322    0.086  0.419  0.030  0.017  2.000  0.284    0.000
  1  1  6   40    0.800    0.000   0.000   0.000   0.000 0.000  20.000  48.322   1.128  0.227   70.000   90.072   55.323    0.086  0.419  0.030  0.017  2.000  0.284    0.000
  1 15  6   40    0.000    0.000   0.000   0.000   0.000 0.000  20.000  48.187   1.128  0.227   70.000   90.072   55.323    0.086  0.419  0.030  0.017  2.000  0.284    0.000
  1  1  7   40    0.000    0.000   0.000   0.000   0.000 0.000  20.000  48.187   1.128  0.227   70.000   90.072   55.323    0.086  0.419  0.030  0.017  2.000  0.284    0.000
  1 15  7   40    0.000    0.000   0.000   0.000   0.000 0.000  20.000  48.187   1.128  0.227   70.000   90.072   55.324    0.086  0.419  0.030  0.017  2.000  0.284    0.000
  1  1  8   40    0.000    0.000   0.000   0.000   0.000 0.000  20.000  48.187   1.128  0.227   70.000   90.072   55.324    0.086  0.419  0.030  0.017  2.000  0.284    0.000
  1 15  8   40    0.000    0.000   0.000   0.000   0.000 0.000  20.000  48.187   1.128  0.227   70.000   90.072   55.324    0.086  0.419  0.030  0.017  2.000  0.284    0.000
  1  1  9   40    0.000    0.000   0.000   0.000   0.000 0.000  20.000  48.187   1.128  0.227   70.000   90.072   55.325    0.086  0.419  0.030  0.017  2.000  0.284    0.000
  1 15  9   40    0.000    0.000   0.000   0.000   0.000 0.000  20.000  48.187   1.128  0.227   70.000   90.072   55.325    0.086  0.419  0.030  0.017  2.000  0.284    0.000
  1  1 10   40    0.000    0.000   0.000   0.000   0.000 0.000  20.000  48.187   1.128  0.227   70.000   90.072   55.326    0.086  0.419  0.030  0.017  2.000  0.284    0.000
  1 15 10   40    0.000    0.000   0.000   0.000   0.000 0.000  20.000  48.187   1.128  0.227   70.000   90.072   55.326    0.086  0.419  0.030  0.017  2.000  0.284    0.000
  1  1 11   40    0.000    0.000   0.000   0.000   0.000 0.000  20.000  48.187   1.128  0.227   70.000   90.072   55.326    0.086  0.419  0.030  0.017  2.000  0.284    0.000
  1 15 11   40    0.000    0.000   0.000   0.000   0.000 0.000  20.000  48.187   1.128  0.227   70.000   90.073   55.327    0.086  0.419  0.030  0.017  2.000  0.284    0.000
  1 27 11   40   34.000    0.002  59.381   0.131   0.014 1.001  20.000  84.618   1.128  0.227   70.000   90.073   55.327    0.086  0.419  0.030  0.017  2.000  0.284    0.000
  1 28 11   40   35.000    1.323  54.778   7.566   0.175 1.001  20.000 117.164   1.128  0.227   70.000   90.073   55.327    0.086  0.419  0.030  0.017  2.000  0.284    0.139
  1  1 12   40    0.000    0.000   0.000   0.000   0.000 0.000  20.000 115.984   1.128  0.227   70.000   90.073   55.327    0.086  0.419  0.030  0.017  2.000  0.284    0.000
  1 15 12   40    0.000    0.000   0.000   0.000   0.000 0.000  20.000 132.422   1.128  0.227   70.000   90.073   55.327    0.086  0.419  0.030  0.017  2.000  0.284    0.000
  1 22 12   40   54.800    9.747   0.000   3.249   3.000 1.001  20.000 165.799   1.128  0.227   70.000   90.073   55.327    0.086  0.419  0.030  0.017  2.000  0.284    0.109
  1 23 12   40    2.000    0.105   0.000   0.131   0.807 1.001  20.000 166.282   1.128  0.227   70.000   90.073   55.327    0.086  0.419  0.030  0.017  2.000  0.284    0.000
  1 25 12   40   48.700   44.337  41.432  68.439   0.648 1.001  20.000 166.012   1.128  0.227   70.000   90.073   55.327    0.086  0.419  0.030  0.017  2.000  0.284    5.035
