 OFE DD MM YYYY  Precip   Runoff   EffInt PeakRO  EffDur Enrich    Keff   Sm  LeafArea  CanHgt  Cancov IntCov  RilCov  LivBio DeadBio  Ki    Kr     Tcrit RilWid   SedLeave
 na  na na  na     mm       mm     mm/h    mm/h      h    Ratio    mm/h   mm    Index    m       %       %       %     Kg/m^2  Kg/m^2  na    na      na     m       kg/m
  1  1  1 1980    0.000    0.000   0.000   0.000   0.000 0.000  20.000 157.172   0.199  0.065   27.000   55.000   55.000    0.022  0.160  0.111  0.013  2.000  0.150    0.000
  1  9  1 1980   76.000   32.914   0.000   4.636   7.100 1.001  20.000 208.151   0.199  0.065   27.000   55.000   55.000    0.022  0.160  0.111  0.013  2.000  0.150    5.879
  1 10  1 1980   34.900   15.327  25.341  58.561   0.262 1.001  20.000 223.916   0.199  0.065   27.000   55.000   55.000    0.022  0.160  0.111  0.013  2.000  0.206    1.860
  1 11  1 1980   41.600   17.838   0.000   6.607   2.700 1.001  20.000 239.708   0.199  0.065   27.000   55.000   55.000    0.022  0.160  0.111  0.013  2.000  0.206    3.310
  1 15  1 1980    8.900    0.000   0.000   0.000   0.000 0.000  20.000 230.834   0.199  0.065   27.000   55.000   55.000    0.022  0.160  0.111  0.013  2.000  0.206    0.000
  1 28  1 1980   68.100    9.312   0.000   1.757   5.300 1.001  20.000 216.998   0.199  0.065   27.000   55.001   55.001    0.022  0.160  0.111  0.013  2.000  0.206    0.402
  1 29  1 1980   41.100   18.615   0.000   1.466  12.700 1.001  20.000 232.884   0.199  0.065   27.000   55.001   55.001    0.022  0.160  0.111  0.013  2.000  0.206    0.370
  1  1  2 1980    0.000    0.000   0.000   0.000   0.000 0.000  20.000 203.585   0.199  0.065   27.000   55.001   55.001    0.022  0.160  0.111  0.013  2.000  0.206    0.000
  1 13  2 1980   66.000    5.687  27.459   1.034   5.500 1.001  20.000 212.298   0.199  0.065   27.000   55.001   55.001    0.022  0.160  0.111  0.013  2.000  0.206    0.000
  1 14  2 1980   82.400   60.398  39.233  47.928   1.260 1.001  20.000 228.629   0.199  0.065   27.000   55.001   55.001    0.022  0.160  0.111  0.013  2.000  0.206    7.899
  1 15  2 1980  115.700   89.270  47.392  63.953   1.396 1.001  20.000 245.108   0.199  0.065   27.000   55.001   55.001    0.022  0.160  0.111  0.013  2.000  0.211   10.640
  1 16  2 1980   54.300   35.721  29.810  49.008   0.729 1.001  20.000 249.628   0.199  0.065   27.000   55.001   55.001    0.022  0.160  0.111  0.013  2.000  0.211    4.705
  1 17  2 1980   54.800   40.267  30.444  30.235   1.332 1.001  20.000 249.631   0.199  0.065   27.000   55.001   55.001    0.022  0.160  0.111  0.013  2.000  0.211    6.199
  1 18  2 1980   55.100   40.416  25.784  44.128   0.916 1.001  20.000 249.617   0.199  0.065   27.000   55.001   55.001    0.022  0.160  0.111  0.013  2.000  0.211    5.522
  1 19  2 1980   20.200    6.289   0.000   0.925   6.800 1.001  20.000 248.649   0.199  0.065   27.000   55.001   55.001    0.022  0.160  0.111  0.013  2.000  0.211    0.000
  1 20  2 1980   18.700    3.887   0.000   0.845   4.600 1.001  20.000 248.640   0.199  0.065   27.000   55.001   55.001    0.022  0.160  0.111  0.013  2.000  0.211    0.000
  1  1  3 1980    7.300    0.000   0.000   0.000   0.000 0.000  20.000 171.114   0.199  0.065   27.000   55.001   55.001    0.022  0.160  0.111  0.013  2.000  0.211    0.000
  1  2  3 1980   64.100    5.505  34.478  16.086   0.342 1.001  20.000 223.943   0.199  0.065   27.000   55.001   55.001    0.022  0.160  0.111  0.013  2.000  0.211    0.982
  1  3  3 1980   21.400    0.738  29.173   0.789   0.935 1.001  20.000 235.249   0.199  0.065   27.000   55.001   55.001    0.022  0.160  0.111  0.013  2.000  0.211    0.000
  1 15  3 1980    0.000    0.000   0.000   0.000   0.000 0.000  20.000 164.820   0.199  0.065   27.000   55.002   55.002    0.022  0.160  0.111  0.013  2.000  0.211    0.000
  1  1  4 1980    0.000    0.000   0.000   0.000   0.000 0.000  20.000 154.033   0.199  0.065   27.000   55.002   55.002    0.022  0.160  0.111  0.013  2.000  0.211    0.000
  1 15  4 1980    0.000    0.000   0.000   0.000   0.000 0.000  20.000 146.847   0.199  0.065   27.000   55.002   55.002    0.022  0.160  0.111  0.013  2.000  0.211    0.000
  1  1  5 1980    0.000    0.000   0.000   0.000   0.000 0.000  20.000 149.017   0.199  0.065   27.000   55.003   55.003    0.022  0.160  0.111  0.013  2.000  0.211    0.000
  1 15  5 1980    0.000    0.000   0.000   0.000   0.000 0.000  20.000 145.657   0.199  0.065   27.000   55.003   55.003    0.022  0.160  0.111  0.013  2.000  0.211    0.000
  1  1  6 1980    0.000    0.000   0.000   0.000   0.000 0.000  20.000 140.885   0.199  0.065   27.000   55.003   55.003    0.022  0.160  0.111  0.013  2.000  0.211    0.000
  1 15  6 1980    0.000    0.000   0.000   0.000   0.000 0.000  20.000 138.672   0.199  0.065   27.000   55.004   55.004    0.022  0.160  0.111  0.013  2.000  0.211    0.000
  1  1  7 1980    0.000    0.000   0.000   0.000   0.000 0.000  20.000 138.383   0.199  0.065   27.000   55.004   55.004    0.022  0.160  0.111  0.013  2.000  0.211    0.000
  1 15  7 1980    0.000    0.000   0.000   0.000   0.000 0.000  20.000 138.326   0.199  0.065   27.000   55.004   55.004    0.022  0.160  0.111  0.013  2.000  0.211    0.000
  1  1  8 1980    0.000    0.000   0.000   0.000   0.000 0.000  20.000 138.279   0.199  0.065   27.000   55.005   55.005    0.022  0.160  0.111  0.013  2.000  0.211    0.000
  1 15  8 1980    0.000    0.000   0.000   0.000   0.000 0.000  20.000 138.241   0.199  0.065   27.000   55.005   55.005    0.022  0.160  0.111  0.013  2.000  0.211    0.000
  1  1  9 1980    0.000    0.000   0.000   0.000   0.000 0.000  20.000 138.196   0.199  0.065   27.000   55.006   55.006    0.022  0.160  0.111  0.013  2.000  0.211    0.000
  1 15  9 1980    0.000    0.000   0.000   0.000   0.000 0.000  20.000 138.158   0.199  0.065   27.000   55.006   55.006    0.022  0.160  0.111  0.013  2.000  0.211    0.000
  1  1 10 1980    0.000    0.000   0.000   0.000   0.000 0.000  20.000 138.115   0.199  0.065   27.000   55.006   55.006    0.022  0.160  0.111  0.013  2.000  0.211    0.000
  1 15 10 1980    0.000    0.000   0.000   0.000   0.000 0.000  20.000 138.077   0.199  0.065   27.000   55.007   55.007    0.022  0.160  0.111  0.013  2.000  0.211    0.000
  1  1 11 1980    0.000    0.000   0.000   0.000   0.000 0.000  20.000 138.031   0.199  0.065   27.000   55.007   55.007    0.022  0.160  0.111  0.013  2.000  0.211    0.000
  1 15 11 1980    0.000    0.000   0.000   0.000   0.000 0.000  20.000 137.994   0.199  0.065   27.000   55.007   55.007    0.022  0.160  0.111  0.013  2.000  0.211    0.000
  1  1 12 1980    0.000    0.000   0.000   0.000   0.000 0.000  20.000 137.951   0.199  0.065   27.000   55.008   55.008    0.022  0.160  0.111  0.013  2.000  0.211    0.000
  1 15 12 1980    0.000    0.000   0.000   0.000   0.000 0.000  20.000 156.358   0.199  0.065   27.000   55.008   55.008    0.022  0.160  0.111  0.013  2.000  0.211    0.000
  1  1  1 1981    0.000    0.000   0.000   0.000   0.000 0.000  20.000 149.870   0.199  0.065   27.000   55.008   55.008    0.022  0.160  0.111  0.013  2.000  0.211    0.000
  1 15  1 1981    0.000    0.000   0.000   0.000   0.000 0.000  20.000 149.000   0.199  0.065   27.000   55.009   55.009    0.022  0.160  0.111  0.013  2.000  0.211    0.000
  1 28  1 1981   57.100   22.096  36.826  28.501   0.775 1.001  20.000 220.715   0.199  0.065   27.000   55.009   55.009    0.022  0.160  0.111  0.013  2.000  0.211    3.458
  1 29  1 1981   18.900    0.211  24.255   1.850   0.114 1.001  20.000 232.238   0.199  0.065   27.000   55.009   55.009    0.022  0.160  0.111  0.013  2.000  0.211    0.010
  1  1  2 1981    0.000    0.000   0.000   0.000   0.000 0.000  20.000 201.891   0.199  0.065   27.000   55.009   55.009    0.022  0.160  0.111  0.013  2.000  0.211    0.000
  1 15  2 1981    0.000    0.000   0.000   0.000   0.000 0.000  20.000 157.441   0.199  0.065   27.000   55.009   55.009    0.022  0.160  0.111  0.013  2.000  0.211    0.000
  1  1  3 1981   50.100    5.038   0.000   2.190   2.300 1.001  20.000 218.246   0.199  0.065   27.000   55.010   55.010    0.022  0.160  0.111  0.013  2.000  0.211    0.399
  1  5  3 1981   33.800    5.527  24.399   1.579   3.500 1.001  20.000 248.929   0.199  0.065   27.000   55.010   55.010    0.022  0.160  0.111  0.013  2.000  0.211    0.135
  1 15  3 1981    0.000    0.000   0.000   0.000   0.000 0.000  20.000 164.088   0.199  0.065   27.000   55.010   55.010    0.022  0.160  0.111  0.013  2.000  0.211    0.000
  1  1  4 1981    2.000    0.000   0.000   0.000   0.000 0.000  20.000 154.806   0.199  0.065   27.000   55.010   55.010    0.022  0.160  0.111  0.013  2.000  0.211    0.000
  1 15  4 1981    0.000    0.000   0.000   0.000   0.000 0.000  20.000 148.945   0.199  0.065   27.000   55.011   55.011    0.022  0.160  0.111  0.013  2.000  0.211    0.000
  1  1  5 1981    0.000    0.000   0.000   0.000   0.000 0.000  20.000 148.492   0.199  0.065   27.000   55.011   55.011    0.022  0.160  0.111  0.013  2.000  0.211    0.000
  1 15  5 1981    0.000    0.000   0.000   0.000   0.000 0.000  20.000 143.134   0.199  0.065   27.000   55.011   55.011    0.022  0.160  0.111  0.013  2.000  0.211    0.000
  1  1  6 1981    0.000    0.000   0.000   0.000   0.000 0.000  20.000 138.963   0.199  0.065   27.000   55.012   55.012    0.022  0.160  0.111  0.013  2.000  0.211    0.000
  1 15  6 1981    0.000    0.000   0.000   0.000   0.000 0.000  20.000 138.460   0.199  0.065   27.000   55.012   55.012    0.022  0.160  0.111  0.013  2.000  0.211    0.000
  1  1  7 1981    0.000    0.000   0.000   0.000   0.000 0.000  20.000 138.378   0.199  0.065   27.000   55.012   55.012    0.022  0.160  0.111  0.013  2.000  0.211    0.000
  1 15  7 1981    0.000    0.000   0.000   0.000   0.000 0.000  20.000 138.339   0.199  0.065   27.000   55.013   55.013    0.022  0.160  0.111  0.013  2.000  0.211    0.000
  1  1  8 1981    0.000    0.000   0.000   0.000   0.000 0.000  20.000 138.293   0.199  0.065   27.000   55.013   55.013    0.022  0.160  0.111  0.013  2.000  0.211    0.000
  1 15  8 1981    0.000    0.000   0.000   0.000   0.000 0.000  20.000 138.255   0.199  0.065   27.000   55.013   55.013    0.022  0.160  0.111  0.013  2.000  0.211    0.000
  1  1  9 1981    0.000    0.000   0.000   0.000   0.000 0.000  20.000 138.209   0.199  0.065   27.000   55.014   55.014    0.022  0.160  0.111  0.013  2.000  0.211    0.000
  1 15  9 1981    0.000    0.000   0.000   0.000   0.000 0.000  20.000 138.171   0.199  0.065   27.000   55.014   55.014    0.022  0.160  0.111  0.013  2.000  0.211    0.000
  1  1 10 1981    7.400    0.000   0.000   0.000   0.000 0.000  20.000 142.442   0.199  0.065   27.000   55.014   55.014    0.022  0.160  0.111  0.013  2.000  0.211    0.000
  1 15 10 1981    0.000    0.000   0.000   0.000   0.000 0.000  20.000 138.996   0.199  0.065   27.000   55.015   55.015    0.022  0.160  0.111  0.013  2.000  0.211    0.000
  1  1 11 1981    0.000    0.000   0.000   0.000   0.000 0.000  20.000 139.881   0.199  0.065   27.000   55.015   55.015    0.022  0.160  0.111  0.013  2.000  0.211    0.000
  1 15 11 1981    0.000    0.000   0.000   0.000   0.000 0.000  20.000 139.100   0.199  0.065   27.000   55.015   55.015    0.022  0.160  0.111  0.013  2.000  0.211    0.000
  1 27 11 1981   59.100   10.263  68.665  33.494   0.306 1.001  20.000 198.184   0.199  0.065   27.000   55.016   55.016    0.022  0.160  0.111  0.013  2.000  0.211    1.533
  1 28 11 1981   17.000    0.801  31.486   4.799   0.167 1.001  20.000 211.109   0.199  0.065   27.000   55.016   55.016    0.022  0.160  0.111  0.013  2.000  0.211    0.138
  1  1 12 1981    0.000    0.000   0.000   0.000   0.000 0.000  20.000 191.453   0.199  0.065   27.000   55.016   55.016    0.022  0.160  0.111  0.013  2.000  0.211    0.000
  1 15 12 1981    0.000    0.000   0.000   0.000   0.000 0.000  20.000 153.037   0.199  0.065   27.000   55.016   55.016    0.022  0.160  0.111  0.013  2.000  0.211    0.000
  1  1  1 1982   21.200    0.000   0.000   0.000   0.000 0.000  20.000 186.119   0.199  0.065   27.000   55.016   55.016    0.022  0.160  0.111  0.013  2.000  0.211    0.000
  1 15  1 1982    0.000    0.000   0.000   0.000   0.000 0.000  20.000 156.660   0.199  0.065   27.000   55.017   55.017    0.022  0.160  0.111  0.013  2.000  0.211    0.000
  1  1  2 1982    0.000    0.000   0.000   0.000   0.000 0.000  20.000 156.750   0.199  0.065   27.000   55.017   55.017    0.022  0.160  0.111  0.013  2.000  0.211    0.000
  1 15  2 1982    0.500    0.000   0.000   0.000   0.000 0.000  20.000 154.869   0.199  0.065   27.000   55.017   55.017    0.022  0.160  0.111  0.013  2.000  0.211    0.000
  1  1  3 1982    7.900    0.000   0.000   0.000   0.000 0.000  20.000 156.390   0.199  0.065   27.000   55.018   55.018    0.022  0.160  0.111  0.013  2.000  0.211    0.000
  1 15  3 1982    9.500    0.000   0.000   0.000   0.000 0.000  20.000 210.273   0.199  0.065   27.000   55.018   55.018    0.022  0.160  0.111  0.013  2.000  0.211    0.000
  1 16  3 1982   52.800   10.732  39.112  20.336   0.528 1.001  20.000 243.018   0.199  0.065   27.000   55.018   55.018    0.022  0.160  0.111  0.013  2.000  0.211    1.827
  1 17  3 1982   36.600   16.459  27.583  24.306   0.677 1.001  20.000 248.848   0.199  0.065   27.000   55.018   55.018    0.022  0.160  0.111  0.013  2.000  0.211    2.687
  1  1  4 1982   23.400    0.050 106.466   0.131   0.384 1.001  20.000 197.516   0.199  0.065   27.000   55.019   55.019    0.022  0.160  0.111  0.013  2.000  0.211    0.000
  1 15  4 1982    0.000    0.000   0.000   0.000   0.000 0.000  20.000 162.419   0.199  0.065   27.000   55.019   55.019    0.022  0.160  0.111  0.013  2.000  0.211    0.000
  1  1  5 1982    0.000    0.000   0.000   0.000   0.000 0.000  20.000 147.071   0.199  0.065   27.000   55.019   55.019    0.022  0.160  0.111  0.013  2.000  0.211    0.000
  1 15  5 1982    0.000    0.000   0.000   0.000   0.000 0.000  20.000 143.728   0.199  0.065   27.000   55.019   55.019    0.022  0.160  0.111  0.013  2.000  0.211    0.000
  1  1  6 1982    0.000    0.000   0.000   0.000   0.000 0.000  20.000 139.357   0.199  0.065   27.000   55.020   55.020    0.022  0.160  0.111  0.013  2.000  0.211    0.000
  1 15  6 1982    0.000    0.000   0.000   0.000   0.000 0.000  20.000 138.592   0.199  0.065   27.000   55.020   55.020    0.022  0.160  0.111  0.013  2.000  0.211    0.000
  1  1  7 1982    0.000    0.000   0.000   0.000   0.000 0.000  20.000 138.432   0.199  0.065   27.000   55.021   55.021    0.022  0.160  0.111  0.013  2.000  0.211    0.000
  1 15  7 1982    0.000    0.000   0.000   0.000   0.000 0.000  20.000 138.380   0.199  0.065   27.000   55.021   55.021    0.022  0.160  0.111  0.013  2.000  0.211    0.000
  1  1  8 1982    0.000    0.000   0.000   0.000   0.000 0.000  20.000 138.333   0.199  0.065   27.000   55.021   55.021    0.022  0.160  0.111  0.013  2.000  0.211    0.000
  1 15  8 1982    0.000    0.000   0.000   0.000   0.000 0.000  20.000 138.295   0.199  0.065   27.000   55.022   55.022    0.022  0.160  0.111  0.013  2.000  0.211    0.000
  1  1  9 1982    0.000    0.000   0.000   0.000   0.000 0.000  20.000 138.249   0.199  0.065   27.000   55.022   55.022    0.022  0.160  0.111  0.013  2.000  0.211    0.000
  1 15  9 1982    1.500    0.000   0.000   0.000   0.000 0.000  20.000 139.441   0.199  0.065   27.000   55.022   55.022    0.022  0.160  0.111  0.013  2.000  0.211    0.000
  1  1 10 1982    0.000    0.000   0.000   0.000   0.000 0.000  20.000 149.353   0.199  0.065   27.000   55.023   55.023    0.022  0.160  0.111  0.013  2.000  0.211    0.000
  1 15 10 1982    0.000    0.000   0.000   0.000   0.000 0.000  20.000 144.815   0.199  0.065   27.000   55.023   55.023    0.022  0.160  0.111  0.013  2.000  0.211    0.000
  1  1 11 1982    0.000    0.000   0.000   0.000   0.000 0.000  20.000 142.809   0.199  0.065   27.000   55.023   55.023    0.022  0.160  0.111  0.013  2.000  0.211    0.000
  1  9 11 1982   98.900   32.632  74.436  56.483   0.578 1.001  20.000 205.228   0.199  0.065   27.000   55.023   55.023    0.022  0.160  0.111  0.013  2.000  0.211    4.079
  1 15 11 1982    0.000    0.000   0.000   0.000   0.000 0.000  20.000 179.492   0.199  0.065   27.000   55.024   55.024    0.022  0.160  0.111  0.013  2.000  0.211    0.000
  1 29 11 1982   30.600    0.298  92.338   0.202   1.472 1.001  20.000 187.212   0.199  0.065   27.000   55.024   55.024    0.022  0.160  0.111  0.013  2.000  0.211    0.000
  1 30 11 1982   79.200   41.418 114.916 117.816   0.352 1.001  20.000 220.557   0.199  0.065   27.000   55.024   55.024    0.022  0.160  0.111  0.013  2.000  0.254    4.331
  1  1 12 1982    0.000    0.000   0.000   0.000   0.000 0.000  20.000 214.054   0.199  0.065   27.000   55.024   55.024    0.022  0.160  0.111  0.013  2.000  0.254    0.000
  1 15 12 1982    0.000    0.000   0.000   0.000   0.000 0.000  20.000 154.767   0.199  0.065   27.000   55.024   55.024    0.022  0.160  0.111  0.013  2.000  0.254    0.000
  1 22 12 1982   67.200   25.079  41.029  26.124   0.960 1.001  20.000 216.984   0.199  0.065   27.000   55.024   55.024    0.022  0.160  0.111  0.013  2.000  0.254    4.304
  1  1  1 1983    0.000    0.000   0.000   0.000   0.000 0.000  20.000 164.078   0.199  0.065   27.000   55.025   55.025    0.022  0.160  0.111  0.013  2.000  0.254    0.000
  1 15  1 1983    0.000    0.000   0.000   0.000   0.000 0.000  20.000 150.824   0.199  0.065   27.000   55.025   55.025    0.022  0.160  0.111  0.013  2.000  0.254    0.000
  1 22  1 1983   81.800   38.670  36.353  44.829   0.863 1.001  20.000 227.196   0.199  0.065   27.000   55.025   55.025    0.022  0.160  0.111  0.013  2.000  0.254    5.755
  1 23  1 1983   38.600   14.435  41.544  38.054   0.379 1.001  20.000 241.693   0.199  0.065   27.000   55.025   55.025    0.022  0.160  0.111  0.013  2.000  0.254    2.254
  1 24  1 1983   40.600   19.329  30.392  28.939   0.668 1.001  20.000 249.655   0.199  0.065   27.000   55.025   55.025    0.022  0.160  0.111  0.013  2.000  0.254    3.240
  1 27  1 1983   87.400   57.813  24.020  20.031   2.886 1.001  20.000 249.608   0.199  0.065   27.000   55.025   55.025    0.022  0.160  0.111  0.013  2.000  0.254   10.455
  1 28  1 1983   14.100    0.434   0.000   0.131   3.320 1.001  20.000 248.141   0.199  0.065   27.000   55.025   55.025    0.022  0.160  0.111  0.013  2.000  0.254    0.000
  1 29  1 1983   49.000   32.773   0.000   6.302   5.200 1.001  20.000 249.612   0.199  0.065   27.000   55.025   55.025    0.022  0.160  0.111  0.013  2.000  0.254    5.878
  1  1  2 1983   17.200    0.000   0.000   0.000   0.000 0.000  20.000 228.566   0.199  0.065   27.000   55.025   55.025    0.022  0.160  0.111  0.013  2.000  0.254    0.000
  1 15  2 1983    0.000    0.000   0.000   0.000   0.000 0.000  20.000 167.883   0.199  0.065   27.000   55.026   55.026    0.022  0.160  0.111  0.013  2.000  0.254    0.000
  1 26  2 1983   47.300    1.680   0.000   0.420   4.000 1.001  20.000 216.341   0.199  0.065   27.000   55.026   55.026    0.022  0.160  0.111  0.013  2.000  0.254    0.000
  1 27  2 1983   25.800    4.538   0.000   0.987   4.600 1.001  20.000 231.062   0.199  0.065   27.000   55.026   55.026    0.022  0.160  0.111  0.013  2.000  0.254    0.000
  1 28  2 1983   61.400   33.562  30.823  39.922   0.841 1.001  20.000 247.792   0.199  0.065   27.000   55.026   55.026    0.022  0.160  0.111  0.013  2.000  0.254    5.169
  1  1  3 1983  133.800  117.151  32.598  47.570   2.463 1.001  20.000 249.592   0.199  0.065   27.000   55.026   55.026    0.022  0.160  0.111  0.013  2.000  0.254   17.120
  1  2  3 1983   46.600   32.252  39.572  53.956   0.598 1.001  20.000 248.995   0.199  0.065   27.000   55.026   55.026    0.022  0.160  0.111  0.013  2.000  0.254    4.527
  1 15  3 1983    0.000    0.000   0.000   0.000   0.000 0.000  20.000 162.928   0.199  0.065   27.000   55.026   55.026    0.022  0.160  0.111  0.013  2.000  0.254    0.000
  1 24  3 1983   48.900    2.460   0.000   0.342   7.200 1.001  20.000 244.854   0.199  0.065   27.000   55.027   55.027    0.022  0.160  0.111  0.013  2.000  0.254    0.000
  1  1  4 1983    0.000    0.000   0.000   0.000   0.000 0.000  20.000 170.111   0.199  0.065   27.000   55.027   55.027    0.022  0.160  0.111  0.013  2.000  0.254    0.000
  1 15  4 1983    0.000    0.000   0.000   0.000   0.000 0.000  20.000 149.889   0.199  0.065   27.000   55.027   55.027    0.022  0.160  0.111  0.013  2.000  0.254    0.000
  1  1  5 1983    4.100    0.000   0.000   0.000   0.000 0.000  20.000 184.415   0.199  0.065   27.000   55.027   55.027    0.022  0.160  0.111  0.013  2.000  0.254    0.000
  1 15  5 1983    0.000    0.000   0.000   0.000   0.000 0.000  20.000 149.530   0.199  0.065   27.000   55.028   55.028    0.022  0.160  0.111  0.013  2.000  0.254    0.000
  1  1  6 1983    0.000    0.000   0.000   0.000   0.000 0.000  20.000 141.739   0.199  0.065   27.000   55.028   55.028    0.022  0.160  0.111  0.013  2.000  0.254    0.000
  1 15  6 1983    0.000    0.000   0.000   0.000   0.000 0.000  20.000 138.937   0.199  0.065   27.000   55.028   55.028    0.022  0.160  0.111  0.013  2.000  0.254    0.000
  1  1  7 1983    0.000    0.000   0.000   0.000   0.000 0.000  20.000 138.507   0.199  0.065   27.000   55.029   55.029    0.022  0.160  0.111  0.013  2.000  0.254    0.000
  1 15  7 1983    0.000    0.000   0.000   0.000   0.000 0.000  20.000 138.435   0.199  0.065   27.000   55.029   55.029    0.022  0.160  0.111  0.013  2.000  0.254    0.000
  1  1  8 1983    0.500    0.000   0.000   0.000   0.000 0.000  20.000 138.387   0.199  0.065   27.000   55.029   55.029    0.022  0.160  0.111  0.013  2.000  0.254    0.000
  1 15  8 1983    5.100    0.000   0.000   0.000   0.000 0.000  20.000 142.852   0.199  0.065   27.000   55.030   55.030    0.022  0.160  0.111  0.013  2.000  0.254    0.000
  1  1  9 1983    0.000    0.000   0.000   0.000   0.000 0.000  20.000 141.384   0.199  0.065   27.000   55.030   55.030    0.022  0.160  0.111  0.013  2.000  0.254    0.000
  1 15  9 1983    0.000    0.000   0.000   0.000   0.000 0.000  20.000 138.666   0.199  0.065   27.000   55.030   55.030    0.022  0.160  0.111  0.013  2.000  0.254    0.000
  1  1 10 1983   21.700    0.000   0.000   0.000   0.000 0.000  20.000 188.110   0.199  0.065   27.000   55.031   55.031    0.022  0.160  0.111  0.013  2.000  0.254    0.000
  1 15 10 1983    0.000    0.000   0.000   0.000   0.000 0.000  20.000 154.382   0.199  0.065   27.000   55.031   55.031    0.022  0.160  0.111  0.013  2.000  0.254    0.000
  1  1 11 1983   11.100    0.000   0.000   0.000   0.000 0.000  20.000 169.776   0.199  0.065   27.000   55.032   55.032    0.022  0.160  0.111  0.013  2.000  0.254    0.000
  1 15 11 1983    0.000    0.000   0.000   0.000   0.000 0.000  20.000 181.572   0.199  0.065   27.000   55.032   55.032    0.022  0.160  0.111  0.013  2.000  0.254    0.000
  1  1 12 1983    3.000    0.000   0.000   0.000   0.000 0.000  20.000 171.856   0.199  0.065   27.000   55.032   55.032    0.022  0.160  0.111  0.013  2.000  0.254    0.000
  1 15 12 1983    0.000    0.000   0.000   0.000   0.000 0.000  20.000 169.081   0.199  0.065   27.000   55.033   55.033    0.022  0.160  0.111  0.013  2.000  0.254    0.000
  1 24 12 1983   52.000    1.285  51.418   2.481   0.518 1.001  20.000 212.540   0.199  0.065   27.000   55.033   55.033    0.022  0.160  0.111  0.013  2.000  0.254    0.090
  1 25 12 1983   58.000   36.792  29.000  19.154   1.921 1.001  20.000 228.437   0.199  0.065   27.000   55.033   55.033    0.022  0.160  0.111  0.013  2.000  0.254    6.703
  1  1  1 1984    0.000    0.000   0.000   0.000   0.000 0.000  20.000 176.865   0.199  0.065   27.000   55.033   55.033    0.022  0.160  0.111  0.013  2.000  0.254    0.000
  1 15  1 1984   26.000    0.000   0.000   0.000   0.000 0.000  20.000 176.499   0.199  0.065   27.000   55.033   55.033    0.022  0.160  0.111  0.013  2.000  0.254    0.000
  1  1  2 1984    0.000    0.000   0.000   0.000   0.000 0.000  20.000 151.038   0.199  0.065   27.000   55.034   55.034    0.022  0.160  0.111  0.013  2.000  0.254    0.000
  1 15  2 1984    7.100    0.000   0.000   0.000   0.000 0.000  20.000 156.192   0.199  0.065   27.000   55.034   55.034    0.022  0.160  0.111  0.013  2.000  0.254    0.000
  1  1  3 1984    0.000    0.000   0.000   0.000   0.000 0.000  20.000 149.668   0.199  0.065   27.000   55.034   55.034    0.022  0.160  0.111  0.013  2.000  0.254    0.000
  1 15  3 1984    0.000    0.000   0.000   0.000   0.000 0.000  20.000 151.262   0.199  0.065   27.000   55.035   55.035    0.022  0.160  0.111  0.013  2.000  0.254    0.000
  1  1  4 1984    0.000    0.000   0.000   0.000   0.000 0.000  20.000 145.395   0.199  0.065   27.000   55.035   55.035    0.022  0.160  0.111  0.013  2.000  0.254    0.000
  1 15  4 1984    0.000    0.000   0.000   0.000   0.000 0.000  20.000 144.427   0.199  0.065   27.000   55.035   55.035    0.022  0.160  0.111  0.013  2.000  0.254    0.000
  1  1  5 1984    0.000    0.000   0.000   0.000   0.000 0.000  20.000 140.252   0.199  0.065   27.000   55.036   55.036    0.022  0.160  0.111  0.013  2.000  0.254    0.000
  1 15  5 1984    0.000    0.000   0.000   0.000   0.000 0.000  20.000 138.542   0.199  0.065   27.000   55.036   55.036    0.022  0.160  0.111  0.013  2.000  0.254    0.000
  1  1  6 1984    0.000    0.000   0.000   0.000   0.000 0.000  20.000 138.327   0.199  0.065   27.000   55.036   55.036    0.022  0.160  0.111  0.013  2.000  0.254    0.000
  1 15  6 1984    0.000    0.000   0.000   0.000   0.000 0.000  20.000 138.280   0.199  0.065   27.000   55.037   55.037    0.022  0.160  0.111  0.013  2.000  0.254    0.000
  1  1  7 1984    0.000    0.000   0.000   0.000   0.000 0.000  20.000 138.236   0.199  0.065   27.000   55.037   55.037    0.022  0.160  0.111  0.013  2.000  0.254    0.000
  1 15  7 1984    0.000    0.000   0.000   0.000   0.000 0.000  20.000 138.198   0.199  0.065   27.000   55.037   55.037    0.022  0.160  0.111  0.013  2.000  0.254    0.000
  1  1  8 1984    0.000    0.000   0.000   0.000   0.000 0.000  20.000 138.152   0.199  0.065   27.000   55.038   55.038    0.022  0.160  0.111  0.013  2.000  0.254    0.000
  1 15  8 1984    0.000    0.000   0.000   0.000   0.000 0.000  20.000 138.511   0.199  0.065   27.000   55.038   55.038    0.022  0.160  0.111  0.013  2.000  0.254    0.000
  1  1  9 1984    0.000    0.000   0.000   0.000   0.000 0.000  20.000 138.108   0.199  0.065   27.000   55.038   55.038    0.022  0.160  0.111  0.013  2.000  0.254    0.000
  1 15  9 1984    3.300    0.000   0.000   0.000   0.000 0.000  20.000 139.530   0.199  0.065   27.000   55.039   55.039    0.022  0.160  0.111  0.013  2.000  0.254    0.000
  1  1 10 1984    0.000    0.000   0.000   0.000   0.000 0.000  20.000 138.161   0.199  0.065   27.000   55.039   55.039    0.022  0.160  0.111  0.013  2.000  0.254    0.000
  1 15 10 1984    0.000    0.000   0.000   0.000   0.000 0.000  20.000 137.991   0.199  0.065   27.000   55.039   55.039    0.022  0.160  0.111  0.013  2.000  0.254    0.000
  1  1 11 1984    0.000    0.000   0.000   0.000   0.000 0.000  20.000 138.522   0.199  0.065   27.000   55.040   55.040    0.022  0.160  0.111  0.013  2.000  0.254    0.000
  1 15 11 1984    0.000    0.000   0.000   0.000   0.000 0.000  20.000 175.965   0.199  0.065   27.000   55.040   55.040    0.022  0.160  0.111  0.013  2.000  0.254    0.000
  1 23 11 1984   26.800    0.290 103.407   0.197   1.476 1.001  20.000 187.288   0.199  0.065   27.000   55.040   55.040    0.022  0.160  0.111  0.013  2.000  0.254    0.000
  1  1 12 1984    0.000    0.000   0.000   0.000   0.000 0.000  20.000 174.794   0.199  0.065   27.000   55.040   55.040    0.022  0.160  0.111  0.013  2.000  0.254    0.000
  1 15 12 1984    7.100    0.000   0.000   0.000   0.000 0.000  20.000 181.680   0.199  0.065   27.000   55.041   55.041    0.022  0.160  0.111  0.013  2.000  0.254    0.000
  1 18 12 1984   24.400    0.462  44.697   3.568   0.130 1.001  20.000 215.570   0.199  0.065   27.000   55.041   55.041    0.022  0.160  0.111  0.013  2.000  0.254    0.059
  1  1  1 1985    0.000    0.000   0.000   0.000   0.000 0.000  20.000 162.782   0.199  0.065   27.000   55.041   55.041    0.022  0.160  0.111  0.013  2.000  0.254    0.000
  1 15  1 1985    0.000    0.000   0.000   0.000   0.000 0.000  20.000 154.282   0.199  0.065   27.000   55.041   55.041    0.022  0.160  0.111  0.013  2.000  0.254    0.000
  1  1  2 1985    0.000    0.000   0.000   0.000   0.000 0.000  20.000 156.359   0.199  0.065   27.000   55.042   55.042    0.022  0.160  0.111  0.013  2.000  0.254    0.000
  1 15  2 1985    0.000    0.000   0.000   0.000   0.000 0.000  20.000 163.072   0.199  0.065   27.000   55.042   55.042    0.022  0.160  0.111  0.013  2.000  0.254    0.000
  1  1  3 1985    0.000    0.000   0.000   0.000   0.000 0.000  20.000 149.878   0.199  0.065   27.000   55.042   55.042    0.022  0.160  0.111  0.013  2.000  0.254    0.000
  1 15  3 1985    0.000    0.000   0.000   0.000   0.000 0.000  20.000 152.507   0.199  0.065   27.000   55.043   55.043    0.022  0.160  0.111  0.013  2.000  0.254    0.000
  1  1  4 1985    0.000    0.000   0.000   0.000   0.000 0.000  20.000 157.048   0.199  0.065   27.000   55.043   55.043    0.022  0.160  0.111  0.013  2.000  0.254    0.000
  1 15  4 1985    0.000    0.000   0.000   0.000   0.000 0.000  20.000 147.340   0.199  0.065   27.000   55.043   55.043    0.022  0.160  0.111  0.013  2.000  0.254    0.000
  1  1  5 1985    0.000    0.000   0.000   0.000   0.000 0.000  20.000 141.536   0.199  0.065   27.000   55.044   55.044    0.022  0.160  0.111  0.013  2.000  0.254    0.000
  1 15  5 1985    0.000    0.000   0.000   0.000   0.000 0.000  20.000 139.193   0.199  0.065   27.000   55.044   55.044    0.022  0.160  0.111  0.013  2.000  0.254    0.000
  1  1  6 1985    0.000    0.000   0.000   0.000   0.000 0.000  20.000 138.517   0.199  0.065   27.000   55.045   55.045    0.022  0.160  0.111  0.013  2.000  0.254    0.000
  1 15  6 1985    0.000    0.000   0.000   0.000   0.000 0.000  20.000 138.421   0.199  0.065   27.000   55.045   55.045    0.022  0.160  0.111  0.013  2.000  0.254    0.000
  1  1  7 1985    0.000    0.000   0.000   0.000   0.000 0.000  20.000 138.372   0.199  0.065   27.000   55.045   55.045    0.022  0.160  0.111  0.013  2.000  0.254    0.000
  1 15  7 1985    0.000    0.000   0.000   0.000   0.000 0.000  20.000 138.334   0.199  0.065   27.000   55.046   55.046    0.022  0.160  0.111  0.013  2.000  0.254    0.000
  1  1  8 1985    0.000    0.000   0.000   0.000   0.000 0.000  20.000 138.288   0.199  0.065   27.000   55.046   55.046    0.022  0.160  0.111  0.013  2.000  0.254    0.000
  1 15  8 1985    0.000    0.000   0.000   0.000   0.000 0.000  20.000 138.250   0.199  0.065   27.000   55.046   55.046    0.022  0.160  0.111  0.013  2.000  0.254    0.000
  1  1  9 1985    0.000    0.000   0.000   0.000   0.000 0.000  20.000 138.204   0.199  0.065   27.000   55.047   55.047    0.022  0.160  0.111  0.013  2.000  0.254    0.000
  1 15  9 1985    0.000    0.000   0.000   0.000   0.000 0.000  20.000 138.305   0.199  0.065   27.000   55.047   55.047    0.022  0.160  0.111  0.013  2.000  0.254    0.000
  1  1 10 1985    0.000    0.000   0.000   0.000   0.000 0.000  20.000 138.145   0.199  0.065   27.000   55.047   55.047    0.022  0.160  0.111  0.013  2.000  0.254    0.000
  1 15 10 1985    0.000    0.000   0.000   0.000   0.000 0.000  20.000 138.254   0.199  0.065   27.000   55.048   55.048    0.022  0.160  0.111  0.013  2.000  0.254    0.000
  1  1 11 1985    0.000    0.000   0.000   0.000   0.000 0.000  20.000 143.913   0.199  0.065   27.000   55.048   55.048    0.022  0.160  0.111  0.013  2.000  0.254    0.000
  1 15 11 1985    0.000    0.000   0.000   0.000   0.000 0.000  20.000 169.685   0.199  0.065   27.000   55.048   55.048    0.022  0.160  0.111  0.013  2.000  0.254    0.000
  1 24 11 1985   56.700   20.194 111.962  81.873   0.247 1.001  20.000 188.704   0.199  0.065   27.000   55.048   55.048    0.022  0.160  0.111  0.013  2.000  0.254    2.444
  1 25 11 1985   46.400   14.994  52.764  50.282   0.298 1.001  20.000 216.748   0.199  0.065   27.000   55.048   55.048    0.022  0.160  0.111  0.013  2.000  0.254    2.153
  1  1 12 1985    1.800    0.000   0.000   0.000   0.000 0.000  20.000 215.421   0.199  0.065   27.000   55.049   55.049    0.022  0.160  0.111  0.013  2.000  0.254    0.000
  1 15 12 1985    0.000    0.000   0.000   0.000   0.000 0.000  20.000 158.152   0.199  0.065   27.000   55.049   55.049    0.022  0.160  0.111  0.013  2.000  0.254    0.000
  1  1  1 1986    0.000    0.000   0.000   0.000   0.000 0.000  20.000 150.268   0.199  0.065   27.000   55.049   55.049    0.022  0.160  0.111  0.013  2.000  0.254    0.000
  1 15  1 1986    0.000    0.000   0.000   0.000   0.000 0.000  20.000 152.598   0.199  0.065   27.000   55.050   55.050    0.022  0.160  0.111  0.013  2.000  0.254    0.000
  1 30  1 1986   67.400   20.503  40.349  32.772   0.626 1.001  20.000 213.504   0.199  0.065   27.000   55.050   55.050    0.022  0.160  0.111  0.013  2.000  0.254    3.332
  1  1  2 1986    2.000    0.000   0.000   0.000   0.000 0.000  20.000 218.073   0.199  0.065   27.000   55.050   55.050    0.022  0.160  0.111  0.013  2.000  0.254    0.000
  1 13  2 1986   57.100   14.343  38.165  27.730   0.517 1.001  20.000 224.841   0.199  0.065   27.000   55.050   55.050    0.022  0.160  0.111  0.013  2.000  0.254    2.428
  1 14  2 1986   64.700   40.344  44.570  60.269   0.669 1.001  20.000 240.457   0.199  0.065   27.000   55.050   55.050    0.022  0.160  0.111  0.013  2.000  0.254    5.455
  1 15  2 1986   64.700   42.249  27.634  40.711   1.038 1.001  20.000 249.623   0.199  0.065   27.000   55.050   55.050    0.022  0.160  0.111  0.013  2.000  0.254    6.469
  1  1  3 1986    0.000    0.000   0.000   0.000   0.000 0.000  20.000 164.034   0.199  0.065   27.000   55.051   55.051    0.022  0.160  0.111  0.013  2.000  0.254    0.000
  1 15  3 1986   36.900    0.000   0.000   0.000   0.000 0.000  20.000 231.030   0.199  0.065   27.000   55.051   55.051    0.022  0.160  0.111  0.013  2.000  0.254    0.000
  1 16  3 1986   18.900    0.467  33.778   0.402   1.163 1.001  20.000 237.649   0.199  0.065   27.000   55.051   55.051    0.022  0.160  0.111  0.013  2.000  0.254    0.000
  1  1  4 1986    0.000    0.000   0.000   0.000   0.000 0.000  20.000 152.085   0.199  0.065   27.000   55.051   55.051    0.022  0.160  0.111  0.013  2.000  0.254    0.000
  1 15  4 1986    0.000    0.000   0.000   0.000   0.000 0.000  20.000 151.809   0.199  0.065   27.000   55.052   55.052    0.022  0.160  0.111  0.013  2.000  0.254    0.000
  1  1  5 1986    0.000    0.000   0.000   0.000   0.000 0.000  20.000 144.965   0.199  0.065   27.000   55.052   55.052    0.022  0.160  0.111  0.013  2.000  0.254    0.000
  1 15  5 1986    0.000    0.000   0.000   0.000   0.000 0.000  20.000 139.911   0.199  0.065   27.000   55.052   55.052    0.022  0.160  0.111  0.013  2.000  0.254    0.000
  1  1  6 1986    0.000    0.000   0.000   0.000   0.000 0.000  20.000 138.574   0.199  0.065   27.000   55.053   55.053    0.022  0.160  0.111  0.013  2.000  0.254    0.000
  1 15  6 1986    0.000    0.000   0.000   0.000   0.000 0.000  20.000 138.443   0.199  0.065   27.000   55.053   55.053    0.022  0.160  0.111  0.013  2.000  0.254    0.000
  1  1  7 1986    0.000    0.000   0.000   0.000   0.000 0.000  20.000 138.389   0.199  0.065   27.000   55.053   55.053    0.022  0.160  0.111  0.013  2.000  0.254    0.000
  1 15  7 1986    0.000    0.000   0.000   0.000   0.000 0.000  20.000 138.414   0.199  0.065   27.000   55.054   55.054    0.022  0.160  0.111  0.013  2.000  0.254    0.000
  1  1  8 1986    0.000    0.000   0.000   0.000   0.000 0.000  20.000 138.308   0.199  0.065   27.000   55.054   55.054    0.022  0.160  0.111  0.013  2.000  0.254    0.000
  1 15  8 1986    0.000    0.000   0.000   0.000   0.000 0.000  20.000 138.268   0.199  0.065   27.000   55.054   55.054    0.022  0.160  0.111  0.013  2.000  0.254    0.000
  1  1  9 1986    0.000    0.000   0.000   0.000   0.000 0.000  20.000 138.222   0.199  0.065   27.000   55.055   55.055    0.022  0.160  0.111  0.013  2.000  0.254    0.000
  1 15  9 1986    0.000    0.000   0.000   0.000   0.000 0.000  20.000 138.184   0.199  0.065   27.000   55.055   55.055    0.022  0.160  0.111  0.013  2.000  0.254    0.000
  1  1 10 1986    1.300    0.000   0.000   0.000   0.000 0.000  20.000 151.967   0.199  0.065   27.000   55.055   55.055    0.022  0.160  0.111  0.013  2.000  0.254    0.000
  1 15 10 1986    0.000    0.000   0.000   0.000   0.000 0.000  20.000 149.748   0.199  0.065   27.000   55.056   55.056    0.022  0.160  0.111  0.013  2.000  0.254    0.000
  1  1 11 1986    0.000    0.000   0.000   0.000   0.000 0.000  20.000 145.519   0.199  0.065   27.000   55.056   55.056    0.022  0.160  0.111  0.013  2.000  0.254    0.000
  1 15 11 1986    2.300    0.000   0.000   0.000   0.000 0.000  20.000 143.828   0.199  0.065   27.000   55.056   55.056    0.022  0.160  0.111  0.013  2.000  0.254    0.000
  1  1 12 1986    0.000    0.000   0.000   0.000   0.000 0.000  20.000 153.604   0.199  0.065   27.000   55.057   55.057    0.022  0.160  0.111  0.013  2.000  0.254    0.000
  1 15 12 1986    0.000    0.000   0.000   0.000   0.000 0.000  20.000 153.096   0.199  0.065   27.000   55.057   55.057    0.022  0.160  0.111  0.013  2.000  0.254    0.000
  1  1  1 1987    0.000    0.000   0.000   0.000   0.000 0.000  20.000 149.870   0.199  0.065   27.000   55.058   55.058    0.022  0.160  0.111  0.013  2.000  0.254    0.000
  1 15  1 1987    0.000    0.000   0.000   0.000   0.000 0.000  20.000 156.203   0.199  0.065   27.000   55.058   55.058    0.022  0.160  0.111  0.013  2.000  0.254    0.000
  1  1  2 1987    0.000    0.000   0.000   0.000   0.000 0.000  20.000 150.791   0.199  0.065   27.000   55.058   55.058    0.022  0.160  0.111  0.013  2.000  0.254    0.000
  1 15  2 1987    4.300    0.000   0.000   0.000   0.000 0.000  20.000 167.641   0.199  0.065   27.000   55.059   55.059    0.022  0.160  0.111  0.013  2.000  0.254    0.000
  1  1  3 1987    0.000    0.000   0.000   0.000   0.000 0.000  20.000 153.101   0.199  0.065   27.000   55.059   55.059    0.022  0.160  0.111  0.013  2.000  0.254    0.000
  1 15  3 1987    3.500    0.000   0.000   0.000   0.000 0.000  20.000 155.405   0.199  0.065   27.000   55.059   55.059    0.022  0.160  0.111  0.013  2.000  0.254    0.000
  1  1  4 1987    0.800    0.000   0.000   0.000   0.000 0.000  20.000 151.568   0.199  0.065   27.000   55.060   55.060    0.022  0.160  0.111  0.013  2.000  0.254    0.000
  1 15  4 1987    0.000    0.000   0.000   0.000   0.000 0.000  20.000 146.113   0.199  0.065   27.000   55.060   55.060    0.022  0.160  0.111  0.013  2.000  0.254    0.000
  1  1  5 1987    0.000    0.000   0.000   0.000   0.000 0.000  20.000 140.230   0.199  0.065   27.000   55.060   55.060    0.022  0.160  0.111  0.013  2.000  0.254    0.000
  1 15  5 1987    1.500    0.000   0.000   0.000   0.000 0.000  20.000 139.108   0.199  0.065   27.000   55.061   55.061    0.022  0.160  0.111  0.013  2.000  0.254    0.000
  1  1  6 1987    0.000    0.000   0.000   0.000   0.000 0.000  20.000 138.492   0.199  0.065   27.000   55.061   55.061    0.022  0.160  0.111  0.013  2.000  0.254    0.000
  1 15  6 1987    0.000    0.000   0.000   0.000   0.000 0.000  20.000 138.486   0.199  0.065   27.000   55.061   55.061    0.022  0.160  0.111  0.013  2.000  0.254    0.000
  1  1  7 1987    0.000    0.000   0.000   0.000   0.000 0.000  20.000 138.351   0.199  0.065   27.000   55.062   55.062    0.022  0.160  0.111  0.013  2.000  0.254    0.000
  1 15  7 1987    0.000    0.000   0.000   0.000   0.000 0.000  20.000 138.306   0.199  0.065   27.000   55.062   55.062    0.022  0.160  0.111  0.013  2.000  0.254    0.000
  1  1  8 1987    0.000    0.000   0.000   0.000   0.000 0.000  20.000 138.364   0.199  0.065   27.000   55.062   55.062    0.022  0.160  0.111  0.013  2.000  0.254    0.000
  1 15  8 1987    0.000    0.000   0.000   0.000   0.000 0.000  20.000 138.622   0.199  0.065   27.000   55.063   55.063    0.022  0.160  0.111  0.013  2.000  0.254    0.000
  1  1  9 1987    0.000    0.000   0.000   0.000   0.000 0.000  20.000 138.201   0.199  0.065   27.000   55.063   55.063    0.022  0.160  0.111  0.013  2.000  0.254    0.000
  1 15  9 1987    0.000    0.000   0.000   0.000   0.000 0.000  20.000 138.141   0.199  0.065   27.000   55.063   55.063    0.022  0.160  0.111  0.013  2.000  0.254    0.000
  1  1 10 1987    0.000    0.000   0.000   0.000   0.000 0.000  20.000 138.224   0.199  0.065   27.000   55.064   55.064    0.022  0.160  0.111  0.013  2.000  0.254    0.000
  1 15 10 1987    0.000    0.000   0.000   0.000   0.000 0.000  20.000 138.746   0.199  0.065   27.000   55.064   55.064    0.022  0.160  0.111  0.013  2.000  0.254    0.000
  1 31 10 1987   75.700   27.443  83.971  87.535   0.314 1.001  20.000 217.991   0.199  0.065   27.000   55.064   55.064    0.022  0.160  0.111  0.013  2.000  0.254    3.237
  1  1 11 1987    5.400    0.000   0.000   0.000   0.000 0.000  20.000 217.767   0.199  0.065   27.000   55.064   55.064    0.022  0.160  0.111  0.013  2.000  0.254    0.000
  1  4 11 1987   25.800    0.006  64.282   0.131   0.044 1.001  20.000 220.027   0.199  0.065   27.000   55.064   55.064    0.022  0.160  0.111  0.013  2.000  0.254    0.000
  1 15 11 1987    0.000    0.000   0.000   0.000   0.000 0.000  20.000 158.827   0.199  0.065   27.000   55.065   55.065    0.022  0.160  0.111  0.013  2.000  0.254    0.000
  1  1 12 1987    0.000    0.000   0.000   0.000   0.000 0.000  20.000 150.902   0.199  0.065   27.000   55.065   55.065    0.022  0.160  0.111  0.013  2.000  0.254    0.000
  1 15 12 1987   34.100    0.000   0.000   0.000   0.000 0.000  20.000 195.830   0.199  0.065   27.000   55.065   55.065    0.022  0.160  0.111  0.013  2.000  0.254    0.000
  1  1  1 1988    0.000    0.000   0.000   0.000   0.000 0.000  20.000 161.362   0.199  0.065   27.000   55.066   55.066    0.022  0.160  0.111  0.013  2.000  0.254    0.000
  1 15  1 1988    0.000    0.000   0.000   0.000   0.000 0.000  20.000 153.316   0.199  0.065   27.000   55.066   55.066    0.022  0.160  0.111  0.013  2.000  0.254    0.000
  1 17  1 1988   70.700   13.285   0.000   4.285   3.100 1.001  20.000 211.449   0.199  0.065   27.000   55.066   55.066    0.022  0.160  0.111  0.013  2.000  0.254    1.990
  1  1  2 1988    2.800    0.000   0.000   0.000   0.000 0.000  20.000 155.435   0.199  0.065   27.000   55.066   55.066    0.022  0.160  0.111  0.013  2.000  0.254    0.000
  1 15  2 1988    0.000    0.000   0.000   0.000   0.000 0.000  20.000 151.021   0.199  0.065   27.000   55.067   55.067    0.022  0.160  0.111  0.013  2.000  0.254    0.000
  1  1  3 1988    8.200    0.000   0.000   0.000   0.000 0.000  20.000 198.237   0.199  0.065   27.000   55.067   55.067    0.022  0.160  0.111  0.013  2.000  0.254    0.000
  1 15  3 1988    0.000    0.000   0.000   0.000   0.000 0.000  20.000 152.042   0.199  0.065   27.000   55.067   55.067    0.022  0.160  0.111  0.013  2.000  0.254    0.000
  1  1  4 1988    0.000    0.000   0.000   0.000   0.000 0.000  20.000 144.695   0.199  0.065   27.000   55.068   55.068    0.022  0.160  0.111  0.013  2.000  0.254    0.000
  1 15  4 1988    0.800    0.000   0.000   0.000   0.000 0.000  20.000 163.571   0.199  0.065   27.000   55.068   55.068    0.022  0.160  0.111  0.013  2.000  0.254    0.000
  1 20  4 1988   20.100    0.831 115.495   0.952   0.873 1.001  20.000 203.754   0.199  0.065   27.000   55.068   55.068    0.022  0.160  0.111  0.013  2.000  0.254    0.000
  1  1  5 1988    0.000    0.000   0.000   0.000   0.000 0.000  20.000 155.863   0.199  0.065   27.000   55.068   55.068    0.022  0.160  0.111  0.013  2.000  0.254    0.000
  1 15  5 1988    0.000    0.000   0.000   0.000   0.000 0.000  20.000 145.578   0.199  0.065   27.000   55.069   55.069    0.022  0.160  0.111  0.013  2.000  0.254    0.000
  1  1  6 1988    0.000    0.000   0.000   0.000   0.000 0.000  20.000 139.466   0.199  0.065   27.000   55.069   55.069    0.022  0.160  0.111  0.013  2.000  0.254    0.000
  1 15  6 1988    0.000    0.000   0.000   0.000   0.000 0.000  20.000 138.607   0.199  0.065   27.000   55.069   55.069    0.022  0.160  0.111  0.013  2.000  0.254    0.000
  1  1  7 1988    0.000    0.000   0.000   0.000   0.000 0.000  20.000 138.461   0.199  0.065   27.000   55.070   55.070    0.022  0.160  0.111  0.013  2.000  0.254    0.000
  1 15  7 1988    0.000    0.000   0.000   0.000   0.000 0.000  20.000 138.415   0.199  0.065   27.000   55.070   55.070    0.022  0.160  0.111  0.013  2.000  0.254    0.000
  1  1  8 1988    0.000    0.000   0.000   0.000   0.000 0.000  20.000 138.369   0.199  0.065   27.000   55.071   55.071    0.022  0.160  0.111  0.013  2.000  0.254    0.000
  1 15  8 1988    0.000    0.000   0.000   0.000   0.000 0.000  20.000 138.331   0.199  0.065   27.000   55.071   55.071    0.022  0.160  0.111  0.013  2.000  0.254    0.000
  1  1  9 1988    0.000    0.000   0.000   0.000   0.000 0.000  20.000 138.345   0.199  0.065   27.000   55.071   55.071    0.022  0.160  0.111  0.013  2.000  0.254    0.000
  1 15  9 1988    0.000    0.000   0.000   0.000   0.000 0.000  20.000 138.255   0.199  0.065   27.000   55.072   55.072    0.022  0.160  0.111  0.013  2.000  0.254    0.000
  1  1 10 1988    0.000    0.000   0.000   0.000   0.000 0.000  20.000 138.441   0.199  0.065   27.000   55.072   55.072    0.022  0.160  0.111  0.013  2.000  0.254    0.000
  1 15 10 1988    0.000    0.000   0.000   0.000   0.000 0.000  20.000 138.225   0.199  0.065   27.000   55.072   55.072    0.022  0.160  0.111  0.013  2.000  0.254    0.000
  1  1 11 1988    0.000    0.000   0.000   0.000   0.000 0.000  20.000 138.135   0.199  0.065   27.000   55.073   55.073    0.022  0.160  0.111  0.013  2.000  0.254    0.000
  1 15 11 1988    0.000    0.000   0.000   0.000   0.000 0.000  20.000 157.672   0.199  0.065   27.000   55.073   55.073    0.022  0.160  0.111  0.013  2.000  0.254    0.000
  1  1 12 1988    0.000    0.000   0.000   0.000   0.000 0.000  20.000 157.233   0.199  0.065   27.000   55.073   55.073    0.022  0.160  0.111  0.013  2.000  0.254    0.000
  1 15 12 1988   42.600    0.000   0.000   0.000   0.000 0.000  20.000 191.941   0.199  0.065   27.000   55.074   55.074    0.022  0.160  0.111  0.013  2.000  0.254    0.000
  1  1  1 1989    0.000    0.000   0.000   0.000   0.000 0.000  20.000 182.791   0.199  0.065   27.000   55.074   55.074    0.022  0.160  0.111  0.013  2.000  0.254    0.000
  1 15  1 1989    0.000    0.000   0.000   0.000   0.000 0.000  20.000 154.268   0.199  0.065   27.000   55.074   55.074    0.022  0.160  0.111  0.013  2.000  0.254    0.000
  1  1  2 1989    0.500    0.000   0.000   0.000   0.000 0.000  20.000 150.193   0.199  0.065   27.000   55.075   55.075    0.022  0.160  0.111  0.013  2.000  0.254    0.000
  1  8  2 1989   48.600    0.321   0.000   0.131   2.453 1.001  20.000 218.351   0.199  0.065   27.000   55.075   55.075    0.022  0.160  0.111  0.013  2.000  0.254    0.000
  1 15  2 1989    0.000    0.000   0.000   0.000   0.000 0.000  20.000 180.754   0.199  0.065   27.000   55.075   55.075    0.022  0.160  0.111  0.013  2.000  0.254    0.000
  1  1  3 1989    0.000    0.000   0.000   0.000   0.000 0.000  20.000 151.379   0.199  0.065   27.000   55.075   55.075    0.022  0.160  0.111  0.013  2.000  0.254    0.000
  1 15  3 1989    0.000    0.000   0.000   0.000   0.000 0.000  20.000 150.690   0.199  0.065   27.000   55.076   55.076    0.022  0.160  0.111  0.013  2.000  0.254    0.000
  1  1  4 1989    0.000    0.000   0.000   0.000   0.000 0.000  20.000 152.069   0.199  0.065   27.000   55.076   55.076    0.022  0.160  0.111  0.013  2.000  0.254    0.000
  1 15  4 1989    0.000    0.000   0.000   0.000   0.000 0.000  20.000 146.120   0.199  0.065   27.000   55.076   55.076    0.022  0.160  0.111  0.013  2.000  0.254    0.000
  1  1  5 1989    0.000    0.000   0.000   0.000   0.000 0.000  20.000 140.456   0.199  0.065   27.000   55.077   55.077    0.022  0.160  0.111  0.013  2.000  0.254    0.000
  1 15  5 1989    0.000    0.000   0.000   0.000   0.000 0.000  20.000 138.893   0.199  0.065   27.000   55.077   55.077    0.022  0.160  0.111  0.013  2.000  0.254    0.000
  1  1  6 1989    0.000    0.000   0.000   0.000   0.000 0.000  20.000 138.464   0.199  0.065   27.000   55.077   55.077    0.022  0.160  0.111  0.013  2.000  0.254    0.000
  1 15  6 1989    0.000    0.000   0.000   0.000   0.000 0.000  20.000 138.396   0.199  0.065   27.000   55.078   55.078    0.022  0.160  0.111  0.013  2.000  0.254    0.000
  1  1  7 1989    0.000    0.000   0.000   0.000   0.000 0.000  20.000 138.350   0.199  0.065   27.000   55.078   55.078    0.022  0.160  0.111  0.013  2.000  0.254    0.000
  1 15  7 1989    0.000    0.000   0.000   0.000   0.000 0.000  20.000 138.312   0.199  0.065   27.000   55.078   55.078    0.022  0.160  0.111  0.013  2.000  0.254    0.000
  1  1  8 1989    0.000    0.000   0.000   0.000   0.000 0.000  20.000 138.266   0.199  0.065   27.000   55.079   55.079    0.022  0.160  0.111  0.013  2.000  0.254    0.000
  1 15  8 1989    0.000    0.000   0.000   0.000   0.000 0.000  20.000 138.228   0.199  0.065   27.000   55.079   55.079    0.022  0.160  0.111  0.013  2.000  0.254    0.000
  1  1  9 1989    0.000    0.000   0.000   0.000   0.000 0.000  20.000 138.182   0.199  0.065   27.000   55.079   55.079    0.022  0.160  0.111  0.013  2.000  0.254    0.000
  1 15  9 1989    0.000    0.000   0.000   0.000   0.000 0.000  20.000 138.145   0.199  0.065   27.000   55.080   55.080    0.022  0.160  0.111  0.013  2.000  0.254    0.000
  1  1 10 1989    0.000    0.000   0.000   0.000   0.000 0.000  20.000 138.873   0.199  0.065   27.000   55.080   55.080    0.022  0.160  0.111  0.013  2.000  0.254    0.000
  1 15 10 1989    0.000    0.000   0.000   0.000   0.000 0.000  20.000 138.249   0.199  0.065   27.000   55.080   55.080    0.022  0.160  0.111  0.013  2.000  0.254    0.000
  1  1 11 1989    0.000    0.000   0.000   0.000   0.000 0.000  20.000 144.230   0.199  0.065   27.000   55.081   55.081    0.022  0.160  0.111  0.013  2.000  0.254    0.000
  1 15 11 1989    0.000    0.000   0.000   0.000   0.000 0.000  20.000 141.098   0.199  0.065   27.000   55.081   55.081    0.022  0.160  0.111  0.013  2.000  0.254    0.000
  1  1 12 1989    0.000    0.000   0.000   0.000   0.000 0.000  20.000 147.526   0.199  0.065   27.000   55.081   55.081    0.022  0.160  0.111  0.013  2.000  0.254    0.000
  1 15 12 1989    0.000    0.000   0.000   0.000   0.000 0.000  20.000 144.988   0.199  0.065   27.000   55.082   55.082    0.022  0.160  0.111  0.013  2.000  0.254    0.000
  1  1  1 1990    1.800    0.000   0.000   0.000   0.000 0.000  20.000 143.005   0.199  0.065   27.000   55.082   55.082    0.022  0.160  0.111  0.013  2.000  0.254    0.000
  1 15  1 1990    7.900    0.000   0.000   0.000   0.000 0.000  20.000 204.227   0.199  0.065   27.000   55.082   55.082    0.022  0.160  0.111  0.013  2.000  0.254    0.000
  1  1  2 1990    0.000    0.000   0.000   0.000   0.000 0.000  20.000 153.747   0.199  0.065   27.000   55.083   55.083    0.022  0.160  0.111  0.013  2.000  0.254    0.000
  1 15  2 1990    0.000    0.000   0.000   0.000   0.000 0.000  20.000 152.918   0.199  0.065   27.000   55.083   55.083    0.022  0.160  0.111  0.013  2.000  0.254    0.000
  1 16  2 1990   79.400   19.685  52.096  39.560   0.498 1.001  20.000 210.368   0.199  0.065   27.000   55.083   55.083    0.022  0.160  0.111  0.013  2.000  0.254    3.038
  1 17  2 1990   63.200   41.830   0.000   8.366   5.000 1.001  20.000 226.728   0.199  0.065   27.000   55.083   55.083    0.022  0.160  0.111  0.013  2.000  0.254    7.908
  1  1  3 1990    0.500    0.000   0.000   0.000   0.000 0.000  20.000 157.515   0.199  0.065   27.000   55.083   55.083    0.022  0.160  0.111  0.013  2.000  0.254    0.000
  1 15  3 1990    0.000    0.000   0.000   0.000   0.000 0.000  20.000 149.912   0.199  0.065   27.000   55.084   55.084    0.022  0.160  0.111  0.013  2.000  0.254    0.000
  1  1  4 1990    0.000    0.000   0.000   0.000   0.000 0.000  20.000 145.045   0.199  0.065   27.000   55.084   55.084    0.022  0.160  0.111  0.013  2.000  0.254    0.000
  1 15  4 1990    2.500    0.000   0.000   0.000   0.000 0.000  20.000 147.182   0.199  0.065   27.000   55.084   55.084    0.022  0.160  0.111  0.013  2.000  0.254    0.000
  1  1  5 1990    0.000    0.000   0.000   0.000   0.000 0.000  20.000 143.414   0.199  0.065   27.000   55.085   55.085    0.022  0.160  0.111  0.013  2.000  0.254    0.000
  1 15  5 1990    0.000    0.000   0.000   0.000   0.000 0.000  20.000 139.221   0.199  0.065   27.000   55.085   55.085    0.022  0.160  0.111  0.013  2.000  0.254    0.000
  1  1  6 1990    0.000    0.000   0.000   0.000   0.000 0.000  20.000 151.937   0.199  0.065   27.000   55.086   55.086    0.022  0.160  0.111  0.013  2.000  0.254    0.000
  1 15  6 1990    0.000    0.000   0.000   0.000   0.000 0.000  20.000 145.571   0.199  0.065   27.000   55.086   55.086    0.022  0.160  0.111  0.013  2.000  0.254    0.000
  1  1  7 1990    0.000    0.000   0.000   0.000   0.000 0.000  20.000 139.140   0.199  0.065   27.000   55.086   55.086    0.022  0.160  0.111  0.013  2.000  0.254    0.000
  1 15  7 1990    0.000    0.000   0.000   0.000   0.000 0.000  20.000 138.464   0.199  0.065   27.000   55.087   55.087    0.022  0.160  0.111  0.013  2.000  0.254    0.000
  1  1  8 1990    0.000    0.000   0.000   0.000   0.000 0.000  20.000 138.374   0.199  0.065   27.000   55.087   55.087    0.022  0.160  0.111  0.013  2.000  0.254    0.000
  1 15  8 1990    0.000    0.000   0.000   0.000   0.000 0.000  20.000 138.423   0.199  0.065   27.000   55.087   55.087    0.022  0.160  0.111  0.013  2.000  0.254    0.000
  1  1  9 1990    0.000    0.000   0.000   0.000   0.000 0.000  20.000 138.294   0.199  0.065   27.000   55.088   55.088    0.022  0.160  0.110  0.013  2.000  0.254    0.000
  1 15  9 1990    0.000    0.000   0.000   0.000   0.000 0.000  20.000 138.251   0.199  0.065   27.000   55.088   55.088    0.022  0.160  0.110  0.013  2.000  0.254    0.000
  1  1 10 1990    0.000    0.000   0.000   0.000   0.000 0.000  20.000 138.208   0.199  0.065   27.000   55.088   55.088    0.022  0.160  0.110  0.013  2.000  0.254    0.000
  1 15 10 1990    0.000    0.000   0.000   0.000   0.000 0.000  20.000 138.170   0.199  0.065   27.000   55.089   55.089    0.022  0.160  0.110  0.013  2.000  0.254    0.000
  1  1 11 1990    0.000    0.000   0.000   0.000   0.000 0.000  20.000 138.124   0.199  0.065   27.000   55.089   55.089    0.022  0.160  0.110  0.013  2.000  0.254    0.000
  1 15 11 1990    0.000    0.000   0.000   0.000   0.000 0.000  20.000 138.086   0.199  0.065   27.000   55.089   55.089    0.022  0.160  0.110  0.013  2.000  0.254    0.000
  1  1 12 1990    0.000    0.000   0.000   0.000   0.000 0.000  20.000 140.926   0.199  0.065   27.000   55.090   55.090    0.022  0.160  0.110  0.013  2.000  0.254    0.000
  1 15 12 1990    0.500    0.000   0.000   0.000   0.000 0.000  20.000 146.827   0.199  0.065   27.000   55.090   55.090    0.022  0.160  0.110  0.013  2.000  0.254    0.000
  1  1  1 1991    0.000    0.000   0.000   0.000   0.000 0.000  20.000 142.956   0.199  0.065   27.000   55.090   55.090    0.022  0.160  0.110  0.013  2.000  0.254    0.000
  1 15  1 1991    0.000    0.000   0.000   0.000   0.000 0.000  20.000 158.532   0.199  0.065   27.000   55.091   55.091    0.022  0.160  0.110  0.013  2.000  0.254    0.000
  1  1  2 1991    0.000    0.000   0.000   0.000   0.000 0.000  20.000 150.213   0.199  0.065   27.000   55.091   55.091    0.022  0.160  0.110  0.013  2.000  0.254    0.000
  1 15  2 1991    0.000    0.000   0.000   0.000   0.000 0.000  20.000 147.232   0.199  0.065   27.000   55.091   55.091    0.022  0.160  0.110  0.013  2.000  0.254    0.000
  1 27  2 1991   68.300   21.675  53.613  28.639   0.757 1.001  20.000 211.062   0.199  0.065   27.000   55.092   55.092    0.022  0.160  0.110  0.013  2.000  0.254    3.640
  1 28  2 1991   68.000   45.865  24.383  40.481   1.133 1.001  20.000 227.415   0.199  0.065   27.000   55.092   55.092    0.022  0.160  0.110  0.013  2.000  0.254    7.031
  1  1  3 1991   22.700    0.152   0.000   0.131   1.161 1.001  20.000 240.147   0.199  0.065   27.000   55.092   55.092    0.022  0.160  0.110  0.013  2.000  0.254    0.000
  1 15  3 1991    0.300    0.000   0.000   0.000   0.000 0.000  20.000 160.502   0.199  0.065   27.000   55.092   55.092    0.022  0.160  0.110  0.013  2.000  0.254    0.000
  1 19  3 1991   40.100   11.912  32.707  20.723   0.575 1.001  20.000 228.879   0.199  0.065   27.000   55.092   55.092    0.022  0.160  0.110  0.013  2.000  0.254    2.140
  1 25  3 1991   45.300    0.017  46.379   0.279   0.060 1.001  20.000 240.255   0.199  0.065   27.000   55.092   55.092    0.022  0.160  0.110  0.013  2.000  0.254    0.000
  1 26  3 1991   28.600    5.879  28.564  19.235   0.306 1.001  20.000 248.543   0.199  0.065   27.000   55.092   55.092    0.022  0.160  0.110  0.013  2.000  0.254    1.070
  1 27  3 1991   23.600    8.473  22.950   4.035   2.100 1.001  20.000 247.949   0.199  0.065   27.000   55.092   55.092    0.022  0.160  0.110  0.013  2.000  0.254    1.213
  1  1  4 1991    0.000    0.000   0.000   0.000   0.000 0.000  20.000 187.365   0.199  0.065   27.000   55.092   55.092    0.022  0.160  0.110  0.013  2.000  0.254    0.000
  1 15  4 1991    0.000    0.000   0.000   0.000   0.000 0.000  20.000 149.700   0.199  0.065   27.000   55.093   55.093    0.022  0.160  0.110  0.013  2.000  0.254    0.000
  1  1  5 1991    0.000    0.000   0.000   0.000   0.000 0.000  20.000 142.741   0.199  0.065   27.000   55.093   55.093    0.022  0.160  0.110  0.013  2.000  0.254    0.000
  1 15  5 1991    0.000    0.000   0.000   0.000   0.000 0.000  20.000 139.147   0.199  0.065   27.000   55.093   55.093    0.022  0.160  0.110  0.013  2.000  0.254    0.000
  1  1  6 1991    0.000    0.000   0.000   0.000   0.000 0.000  20.000 138.533   0.199  0.065   27.000   55.094   55.094    0.022  0.160  0.110  0.013  2.000  0.254    0.000
  1 15  6 1991    0.000    0.000   0.000   0.000   0.000 0.000  20.000 138.446   0.199  0.065   27.000   55.094   55.094    0.022  0.160  0.110  0.013  2.000  0.254    0.000
  1  1  7 1991    0.000    0.000   0.000   0.000   0.000 0.000  20.000 138.396   0.199  0.065   27.000   55.094   55.094    0.022  0.160  0.110  0.013  2.000  0.254    0.000
  1 15  7 1991    0.000    0.000   0.000   0.000   0.000 0.000  20.000 138.741   0.199  0.065   27.000   55.095   55.095    0.022  0.160  0.110  0.013  2.000  0.254    0.000
  1  1  8 1991    0.000    0.000   0.000   0.000   0.000 0.000  20.000 138.338   0.199  0.065   27.000   55.095   55.095    0.022  0.160  0.110  0.013  2.000  0.254    0.000
  1 15  8 1991    0.000    0.000   0.000   0.000   0.000 0.000  20.000 138.622   0.199  0.065   27.000   55.095   55.095    0.022  0.160  0.110  0.013  2.000  0.254    0.000
  1  1  9 1991    0.000    0.000   0.000   0.000   0.000 0.000  20.000 138.250   0.199  0.065   27.000   55.096   55.096    0.022  0.160  0.110  0.013  2.000  0.254    0.000
  1 15  9 1991    0.000    0.000   0.000   0.000   0.000 0.000  20.000 138.194   0.199  0.065   27.000   55.096   55.096    0.022  0.160  0.110  0.013  2.000  0.254    0.000
  1  1 10 1991    0.000    0.000   0.000   0.000   0.000 0.000  20.000 138.148   0.199  0.065   27.000   55.096   55.096    0.022  0.160  0.110  0.013  2.000  0.254    0.000
  1 15 10 1991    0.000    0.000   0.000   0.000   0.000 0.000  20.000 138.110   0.199  0.065   27.000   55.097   55.097    0.022  0.160  0.110  0.013  2.000  0.254    0.000
  1  1 11 1991    0.000    0.000   0.000   0.000   0.000 0.000  20.000 147.631   0.199  0.065   27.000   55.097   55.097    0.022  0.160  0.110  0.013  2.000  0.254    0.000
  1 15 11 1991    0.000    0.000   0.000   0.000   0.000 0.000  20.000 144.536   0.199  0.065   27.000   55.097   55.097    0.022  0.160  0.110  0.013  2.000  0.254    0.000
  1  1 12 1991    0.000    0.000   0.000   0.000   0.000 0.000  20.000 141.343   0.199  0.065   27.000   55.098   55.098    0.022  0.160  0.110  0.013  2.000  0.254    0.000
  1 15 12 1991    0.000    0.000   0.000   0.000   0.000 0.000  20.000 146.140   0.199  0.065   27.000   55.098   55.098    0.022  0.160  0.110  0.013  2.000  0.254    0.000
  1 28 12 1991  117.400   74.870  37.903  48.012   1.559 1.001  20.000 215.754   0.199  0.065   27.000   55.098   55.098    0.022  0.160  0.110  0.013  2.000  0.254   10.901
  1 29 12 1991   37.600   16.323  22.208  18.469   0.884 1.001  20.000 231.553   0.199  0.065   27.000   55.098   55.098    0.022  0.160  0.110  0.013  2.000  0.254    2.989
  1  1  1 1992    0.000    0.000   0.000   0.000   0.000 0.000  20.000 205.506   0.199  0.065   27.000   55.099   55.099    0.022  0.160  0.110  0.013  2.000  0.254    0.000
  1 15  1 1992    0.000    0.000   0.000   0.000   0.000 0.000  20.000 168.009   0.199  0.065   27.000   55.099   55.099    0.022  0.160  0.110  0.013  2.000  0.254    0.000
  1  1  2 1992    0.000    0.000   0.000   0.000   0.000 0.000  20.000 149.969   0.199  0.065   27.000   55.099   55.099    0.022  0.160  0.110  0.013  2.000  0.254    0.000
  1  6  2 1992   53.300    2.312   0.000   0.492   4.700 1.001  20.000 209.756   0.199  0.065   27.000   55.099   55.099    0.022  0.160  0.110  0.013  2.000  0.254    0.000
  1 10  2 1992   90.000   61.926  48.516  66.771   0.927 1.001  20.000 249.635   0.199  0.065   27.000   55.099   55.099    0.022  0.160  0.110  0.013  2.000  0.254    8.075
  1 11  2 1992   68.000   53.680  36.524  61.575   0.872 1.001  20.000 249.651   0.199  0.065   27.000   55.099   55.099    0.022  0.160  0.110  0.013  2.000  0.254    7.201
  1 12  2 1992   45.500   31.298   0.000   7.824   4.000 1.001  20.000 249.660   0.199  0.065   27.000   55.099   55.099    0.022  0.160  0.110  0.013  2.000  0.254    5.866
  1 15  2 1992   19.700    0.000   0.000   0.000   0.000 0.000  20.000 241.644   0.199  0.065   27.000   55.100   55.100    0.022  0.160  0.110  0.013  2.000  0.254    0.000
  1  1  3 1992    6.800    0.000   0.000   0.000   0.000 0.000  20.000 159.866   0.199  0.065   27.000   55.100   55.100    0.022  0.160  0.110  0.013  2.000  0.254    0.000
  1  2  3 1992   72.500   19.366  76.836  59.966   0.323 1.001  20.000 209.699   0.199  0.065   27.000   55.100   55.100    0.022  0.160  0.110  0.013  2.000  0.254    2.622
  1 15  3 1992    0.000    0.000   0.000   0.000   0.000 0.000  20.000 160.180   0.199  0.065   27.000   55.100   55.100    0.022  0.160  0.110  0.013  2.000  0.254    0.000
  1 20  3 1992   61.800    4.893  55.014  18.265   0.268 1.001  20.000 213.181   0.199  0.065   27.000   55.100   55.100    0.022  0.160  0.110  0.013  2.000  0.254    0.897
  1 21  3 1992   30.100    9.267  75.893  35.464   0.261 1.001  20.000 228.037   0.199  0.065   27.000   55.100   55.100    0.022  0.160  0.110  0.013  2.000  0.254    1.474
  1  1  4 1992    6.400    0.000   0.000   0.000   0.000 0.000  20.000 183.661   0.199  0.065   27.000   55.101   55.101    0.022  0.160  0.110  0.013  2.000  0.254    0.000
  1 15  4 1992    0.000    0.000   0.000   0.000   0.000 0.000  20.000 149.968   0.199  0.065   27.000   55.101   55.101    0.022  0.160  0.110  0.013  2.000  0.254    0.000
  1  1  5 1992    0.000    0.000   0.000   0.000   0.000 0.000  20.000 142.677   0.199  0.065   27.000   55.101   55.101    0.022  0.160  0.110  0.013  2.000  0.254    0.000
  1 15  5 1992    0.000    0.000   0.000   0.000   0.000 0.000  20.000 139.625   0.199  0.065   27.000   55.102   55.102    0.022  0.160  0.110  0.013  2.000  0.254    0.000
  1  1  6 1992    0.000    0.000   0.000   0.000   0.000 0.000  20.000 138.568   0.199  0.065   27.000   55.102   55.102    0.022  0.160  0.110  0.013  2.000  0.254    0.000
  1 15  6 1992    0.000    0.000   0.000   0.000   0.000 0.000  20.000 138.446   0.199  0.065   27.000   55.102   55.102    0.022  0.160  0.110  0.013  2.000  0.254    0.000
  1  1  7 1992    0.000    0.000   0.000   0.000   0.000 0.000  20.000 138.391   0.199  0.065   27.000   55.103   55.103    0.022  0.160  0.110  0.013  2.000  0.254    0.000
  1 15  7 1992    0.000    0.000   0.000   0.000   0.000 0.000  20.000 140.302   0.199  0.065   27.000   55.103   55.103    0.022  0.160  0.110  0.013  2.000  0.254    0.000
  1  1  8 1992    0.000    0.000   0.000   0.000   0.000 0.000  20.000 138.403   0.199  0.065   27.000   55.103   55.103    0.022  0.160  0.110  0.013  2.000  0.254    0.000
  1 15  8 1992    0.000    0.000   0.000   0.000   0.000 0.000  20.000 138.276   0.199  0.065   27.000   55.104   55.104    0.022  0.160  0.110  0.013  2.000  0.254    0.000
  1  1  9 1992    0.000    0.000   0.000   0.000   0.000 0.000  20.000 138.224   0.199  0.065   27.000   55.104   55.104    0.022  0.160  0.110  0.013  2.000  0.254    0.000
  1 15  9 1992    0.000    0.000   0.000   0.000   0.000 0.000  20.000 138.186   0.199  0.065   27.000   55.104   55.104    0.022  0.160  0.110  0.013  2.000  0.254    0.000
  1  1 10 1992    0.000    0.000   0.000   0.000   0.000 0.000  20.000 138.143   0.199  0.065   27.000   55.105   55.105    0.022  0.160  0.110  0.013  2.000  0.254    0.000
  1 15 10 1992    0.000    0.000   0.000   0.000   0.000 0.000  20.000 138.105   0.199  0.065   27.000   55.105   55.105    0.022  0.160  0.110  0.013  2.000  0.254    0.000
  1  1 11 1992    0.000    0.000   0.000   0.000   0.000 0.000  20.000 188.446   0.199  0.065   27.000   55.105   55.105    0.022  0.160  0.110  0.013  2.000  0.254    0.000
  1 15 11 1992    0.000    0.000   0.000   0.000   0.000 0.000  20.000 151.916   0.199  0.065   27.000   55.106   55.106    0.022  0.160  0.110  0.013  2.000  0.254    0.000
  1  1 12 1992    0.500    0.000   0.000   0.000   0.000 0.000  20.000 147.883   0.199  0.065   27.000   55.106   55.106    0.022  0.160  0.110  0.013  2.000  0.254    0.000
  1  6 12 1992   66.900    7.312   0.000   1.030   7.100 1.001  20.000 207.978   0.199  0.065   27.000   55.106   55.106    0.022  0.160  0.110  0.013  2.000  0.254    0.000
  1  7 12 1992   90.300   69.178  28.062  26.817   2.580 1.001  20.000 224.340   0.199  0.065   27.000   55.106   55.106    0.022  0.160  0.110  0.013  2.000  0.254   11.793
  1 15 12 1992    0.000    0.000   0.000   0.000   0.000 0.000  20.000 176.355   0.199  0.065   27.000   55.106   55.106    0.022  0.160  0.110  0.013  2.000  0.254    0.000
  1 28 12 1992   41.400    3.048  88.210   6.691   0.456 1.001  20.000 195.864   0.199  0.065   27.000   55.107   55.107    0.022  0.160  0.110  0.013  2.000  0.254    0.555
  1 29 12 1992   26.000    5.389  36.552  15.532   0.347 1.001  20.000 213.183   0.199  0.065   27.000   55.107   55.107    0.022  0.160  0.110  0.013  2.000  0.254    1.010
  1  1  1 1993    5.800    0.000   0.000   0.000   0.000 0.000  20.000 200.055   0.199  0.065   27.000   55.107   55.107    0.022  0.160  0.110  0.013  2.000  0.254    0.000
  1  6  1 1993   84.100   30.400   0.000   8.216   3.700 1.001  20.000 235.747   0.199  0.065   27.000   55.107   55.107    0.022  0.160  0.110  0.013  2.000  0.254    5.734
  1  7  1 1993   58.400   32.969  69.594  84.544   0.390 1.001  20.000 249.661   0.199  0.065   27.000   55.107   55.107    0.022  0.160  0.110  0.013  2.000  0.254    3.940
  1 11  1 1993   37.200    3.618  36.655  10.051   0.360 1.001  20.000 249.639   0.199  0.065   27.000   55.107   55.107    0.022  0.160  0.110  0.013  2.000  0.254    0.692
  1 12  1 1993   47.700   33.472   0.000   5.313   6.300 1.001  20.000 249.659   0.199  0.065   27.000   55.107   55.107    0.022  0.160  0.110  0.013  2.000  0.254    5.645
  1 13  1 1993   44.100   29.646  32.901  46.105   0.643 1.001  20.000 249.606   0.199  0.065   27.000   55.107   55.107    0.022  0.160  0.110  0.013  2.000  0.254    4.371
  1 14  1 1993   79.500   65.244  49.050  57.506   1.135 1.001  20.000 249.659   0.199  0.065   27.000   55.107   55.107    0.022  0.160  0.110  0.013  2.000  0.254    8.958
  1 15  1 1993   22.700    8.726   0.000   0.779  11.200 1.001  20.000 249.578   0.199  0.065   27.000   55.107   55.107    0.022  0.160  0.110  0.013  2.000  0.254    0.000
  1 16  1 1993   47.400   33.364   0.000   6.416   5.200 1.001  20.000 249.683   0.199  0.065   27.000   55.107   55.107    0.022  0.160  0.110  0.013  2.000  0.254    6.005
  1 17  1 1993   59.900   45.831  23.121  58.487   0.784 1.001  20.000 249.670   0.199  0.065   27.000   55.107   55.107    0.022  0.160  0.110  0.013  2.000  0.254    6.257
  1 18  1 1993   15.800    2.123   0.000   0.607   3.500 1.001  20.000 248.898   0.199  0.065   27.000   55.107   55.107    0.022  0.160  0.110  0.013  2.000  0.254    0.000
  1  1  2 1993    0.000    0.000   0.000   0.000   0.000 0.000  20.000 162.054   0.199  0.065   27.000   55.107   55.107    0.022  0.160  0.110  0.013  2.000  0.254    0.000
  1  8  2 1993   64.200   30.174  28.454  30.174   1.000 1.001  20.000 228.146   0.199  0.065   27.000   55.108   55.108    0.022  0.160  0.110  0.013  2.000  0.254    5.003
  1 15  2 1993    0.000    0.000   0.000   0.000   0.000 0.000  20.000 174.348   0.199  0.065   27.000   55.108   55.108    0.022  0.160  0.110  0.013  2.000  0.254    0.000
  1 17  2 1993   68.800    9.439   0.000   1.815   5.200 1.001  20.000 223.133   0.199  0.065   27.000   55.108   55.108    0.022  0.160  0.110  0.013  2.000  0.254    0.194
  1 18  2 1993   45.300   21.055  27.680  31.079   0.677 1.001  20.000 238.939   0.199  0.065   27.000   55.108   55.108    0.022  0.160  0.110  0.013  2.000  0.254    3.466
  1 19  2 1993   24.500    1.563  24.811   4.399   0.355 1.001  20.000 248.895   0.199  0.065   27.000   55.108   55.108    0.022  0.160  0.110  0.013  2.000  0.254    0.238
  1  1  3 1993    0.500    0.000   0.000   0.000   0.000 0.000  20.000 196.791   0.199  0.065   27.000   55.108   55.108    0.022  0.160  0.110  0.013  2.000  0.254    0.000
  1 15  3 1993    0.000    0.000   0.000   0.000   0.000 0.000  20.000 151.460   0.199  0.065   27.000   55.108   55.108    0.022  0.160  0.110  0.013  2.000  0.254    0.000
  1 25  3 1993   71.200    8.790   0.000   1.312   6.700 1.001  20.000 207.751   0.199  0.065   27.000   55.109   55.109    0.022  0.160  0.110  0.013  2.000  0.254    0.000
  1 26  3 1993   25.700    5.947   0.000   1.383   4.300 1.001  20.000 221.854   0.199  0.065   27.000   55.109   55.109    0.022  0.160  0.110  0.013  2.000  0.254    0.004
  1  1  4 1993    0.000    0.000   0.000   0.000   0.000 0.000  20.000 186.216   0.199  0.065   27.000   55.109   55.109    0.022  0.160  0.110  0.013  2.000  0.254    0.000
  1 15  4 1993    0.000    0.000   0.000   0.000   0.000 0.000  20.000 149.538   0.199  0.065   27.000   55.109   55.109    0.022  0.160  0.110  0.013  2.000  0.254    0.000
  1  1  5 1993    0.000    0.000   0.000   0.000   0.000 0.000  20.000 141.890   0.199  0.065   27.000   55.109   55.109    0.022  0.160  0.110  0.013  2.000  0.254    0.000
  1 15  5 1993    0.000    0.000   0.000   0.000   0.000 0.000  20.000 138.961   0.199  0.065   27.000   55.110   55.110    0.022  0.160  0.110  0.013  2.000  0.254    0.000
  1  1  6 1993    0.000    0.000   0.000   0.000   0.000 0.000  20.000 138.510   0.199  0.065   27.000   55.110   55.110    0.022  0.160  0.110  0.013  2.000  0.254    0.000
  1 15  6 1993    0.000    0.000   0.000   0.000   0.000 0.000  20.000 145.438   0.199  0.065   27.000   55.110   55.110    0.022  0.160  0.110  0.013  2.000  0.254    0.000
  1  1  7 1993    0.000    0.000   0.000   0.000   0.000 0.000  20.000 139.276   0.199  0.065   27.000   55.111   55.111    0.022  0.160  0.110  0.013  2.000  0.254    0.000
  1 15  7 1993    0.000    0.000   0.000   0.000   0.000 0.000  20.000 138.445   0.199  0.065   27.000   55.111   55.111    0.022  0.160  0.110  0.013  2.000  0.254    0.000
  1  1  8 1993    0.000    0.000   0.000   0.000   0.000 0.000  20.000 138.316   0.199  0.065   27.000   55.112   55.112    0.022  0.160  0.110  0.013  2.000  0.254    0.000
  1 15  8 1993    0.000    0.000   0.000   0.000   0.000 0.000  20.000 138.274   0.199  0.065   27.000   55.112   55.112    0.022  0.160  0.110  0.013  2.000  0.254    0.000
  1  1  9 1993    0.000    0.000   0.000   0.000   0.000 0.000  20.000 138.228   0.199  0.065   27.000   55.112   55.112    0.022  0.160  0.110  0.013  2.000  0.254    0.000
  1 15  9 1993    0.000    0.000   0.000   0.000   0.000 0.000  20.000 138.190   0.199  0.065   27.000   55.113   55.113    0.022  0.160  0.110  0.013  2.000  0.254    0.000
  1  1 10 1993    0.000    0.000   0.000   0.000   0.000 0.000  20.000 138.147   0.199  0.065   27.000   55.113   55.113    0.022  0.160  0.110  0.013  2.000  0.254    0.000
  1 15 10 1993    0.000    0.000   0.000   0.000   0.000 0.000  20.000 144.045   0.199  0.065   27.000   55.113   55.113    0.022  0.160  0.110  0.013  2.000  0.254    0.000
  1  1 11 1993    0.000    0.000   0.000   0.000   0.000 0.000  20.000 139.891   0.199  0.065   27.000   55.114   55.114    0.022  0.160  0.110  0.013  2.000  0.254    0.000
  1 15 11 1993    0.000    0.000   0.000   0.000   0.000 0.000  20.000 144.044   0.199  0.065   27.000   55.114   55.114    0.022  0.160  0.110  0.013  2.000  0.254    0.000
  1  1 12 1993    0.000    0.000   0.000   0.000   0.000 0.000  20.000 153.959   0.199  0.065   27.000   55.114   55.114    0.022  0.160  0.110  0.013  2.000  0.254    0.000
  1 15 12 1993    0.000    0.000   0.000   0.000   0.000 0.000  20.000 170.887   0.199  0.065   27.000   55.115   55.115    0.022  0.160  0.110  0.013  2.000  0.254    0.000
  1  1  1 1994    0.000    0.000   0.000   0.000   0.000 0.000  20.000 151.847   0.199  0.065   27.000   55.115   55.115    0.022  0.160  0.110  0.013  2.000  0.254    0.000
  1 15  1 1994    0.000    0.000   0.000   0.000   0.000 0.000  20.000 148.867   0.199  0.065   27.000   55.115   55.115    0.022  0.160  0.110  0.013  2.000  0.254    0.000
  1  1  2 1994    0.000    0.000   0.000   0.000   0.000 0.000  20.000 152.689   0.199  0.065   27.000   55.116   55.116    0.022  0.160  0.110  0.013  2.000  0.254    0.000
  1 15  2 1994    0.000    0.000   0.000   0.000   0.000 0.000  20.000 158.440   0.199  0.065   27.000   55.116   55.116    0.022  0.160  0.110  0.013  2.000  0.254    0.000
  1  1  3 1994    0.000    0.000   0.000   0.000   0.000 0.000  20.000 160.521   0.199  0.065   27.000   55.116   55.116    0.022  0.160  0.110  0.013  2.000  0.254    0.000
  1 15  3 1994    0.000    0.000   0.000   0.000   0.000 0.000  20.000 151.913   0.199  0.065   27.000   55.117   55.117    0.022  0.160  0.110  0.013  2.000  0.254    0.000
  1  1  4 1994    0.000    0.000   0.000   0.000   0.000 0.000  20.000 157.465   0.199  0.065   27.000   55.117   55.117    0.022  0.160  0.110  0.013  2.000  0.254    0.000
  1 15  4 1994    0.000    0.000   0.000   0.000   0.000 0.000  20.000 148.155   0.199  0.065   27.000   55.117   55.117    0.022  0.160  0.110  0.013  2.000  0.254    0.000
  1  1  5 1994    0.000    0.000   0.000   0.000   0.000 0.000  20.000 150.080   0.199  0.065   27.000   55.118   55.118    0.022  0.160  0.110  0.013  2.000  0.254    0.000
  1 15  5 1994    0.000    0.000   0.000   0.000   0.000 0.000  20.000 147.592   0.199  0.065   27.000   55.118   55.118    0.022  0.160  0.110  0.013  2.000  0.254    0.000
  1  1  6 1994    0.000    0.000   0.000   0.000   0.000 0.000  20.000 144.343   0.199  0.065   27.000   55.118   55.118    0.022  0.160  0.110  0.013  2.000  0.254    0.000
  1 15  6 1994    0.000    0.000   0.000   0.000   0.000 0.000  20.000 139.590   0.199  0.065   27.000   55.119   55.119    0.022  0.160  0.110  0.013  2.000  0.254    0.000
  1  1  7 1994    0.000    0.000   0.000   0.000   0.000 0.000  20.000 138.445   0.199  0.065   27.000   55.119   55.119    0.022  0.160  0.110  0.013  2.000  0.254    0.000
  1 15  7 1994    0.000    0.000   0.000   0.000   0.000 0.000  20.000 138.342   0.199  0.065   27.000   55.119   55.119    0.022  0.160  0.110  0.013  2.000  0.254    0.000
  1  1  8 1994    0.000    0.000   0.000   0.000   0.000 0.000  20.000 138.290   0.199  0.065   27.000   55.120   55.120    0.022  0.160  0.110  0.013  2.000  0.254    0.000
  1 15  8 1994    0.000    0.000   0.000   0.000   0.000 0.000  20.000 138.252   0.199  0.065   27.000   55.120   55.120    0.022  0.160  0.110  0.013  2.000  0.254    0.000
  1  1  9 1994    0.000    0.000   0.000   0.000   0.000 0.000  20.000 138.206   0.199  0.065   27.000   55.120   55.120    0.022  0.160  0.110  0.013  2.000  0.254    0.000
  1 15  9 1994    0.000    0.000   0.000   0.000   0.000 0.000  20.000 138.168   0.199  0.065   27.000   55.121   55.121    0.022  0.160  0.110  0.013  2.000  0.254    0.000
  1  1 10 1994    0.000    0.000   0.000   0.000   0.000 0.000  20.000 138.125   0.199  0.065   27.000   55.121   55.121    0.022  0.160  0.110  0.013  2.000  0.254    0.000
  1 15 10 1994    0.000    0.000   0.000   0.000   0.000 0.000  20.000 147.918   0.199  0.065   27.000   55.121   55.121    0.022  0.160  0.110  0.013  2.000  0.254    0.000
  1  1 11 1994    0.800    0.000   0.000   0.000   0.000 0.000  20.000 143.893   0.199  0.065   27.000   55.122   55.122    0.022  0.160  0.110  0.013  2.000  0.254    0.000
  1 15 11 1994    0.000    0.000   0.000   0.000   0.000 0.000  20.000 149.439   0.199  0.065   27.000   55.122   55.122    0.022  0.160  0.110  0.013  2.000  0.254    0.000
  1  1 12 1994    0.000    0.000   0.000   0.000   0.000 0.000  20.000 148.109   0.199  0.065   27.000   55.122   55.122    0.022  0.160  0.110  0.013  2.000  0.254    0.000
  1 15 12 1994    0.000    0.000   0.000   0.000   0.000 0.000  20.000 155.884   0.199  0.065   27.000   55.123   55.123    0.022  0.160  0.110  0.013  2.000  0.254    0.000
  1  1  1 1995    0.000    0.000   0.000   0.000   0.000 0.000  20.000 159.917   0.199  0.065   27.000   55.123   55.123    0.022  0.160  0.110  0.013  2.000  0.254    0.000
  1  3  1 1995  160.900  102.157  87.857 131.874   0.775 1.001  20.000 214.013   0.199  0.065   27.000   55.123   55.123    0.022  0.160  0.110  0.013  2.000  0.263   10.405
  1  4  1 1995   38.800   17.311   0.000   3.091   5.600 1.001  20.000 229.855   0.199  0.065   27.000   55.123   55.123    0.022  0.160  0.110  0.013  2.000  0.263    1.764
  1  7  1 1995   74.700   37.912  44.875  37.958   0.999 1.001  20.000 249.689   0.199  0.065   27.000   55.123   55.123    0.022  0.160  0.110  0.013  2.000  0.263    6.000
  1  8  1 1995   28.800   14.650  26.282  37.571   0.390 1.001  20.000 249.657   0.199  0.065   27.000   55.123   55.123    0.022  0.160  0.110  0.013  2.000  0.263    2.325
  1  9  1 1995   92.100   78.047  36.928  52.156   1.496 1.001  20.000 249.674   0.199  0.065   27.000   55.123   55.123    0.022  0.160  0.110  0.013  2.000  0.263   11.246
  1 10  1 1995  136.400  121.892  30.070  45.469   2.681 1.001  20.000 249.629   0.199  0.065   27.000   55.123   55.123    0.022  0.160  0.110  0.013  2.000  0.263   18.321
  1 11  1 1995   21.900    7.929   0.000   2.832   2.800 1.001  20.000 249.590   0.199  0.065   27.000   55.123   55.123    0.022  0.160  0.110  0.013  2.000  0.263    0.692
  1 15  1 1995    3.000    0.000   0.000   0.000   0.000 0.000  20.000 223.395   0.199  0.065   27.000   55.123   55.123    0.022  0.160  0.110  0.013  2.000  0.263    0.000
  1 23  1 1995   65.100   18.878  27.821   2.996   6.300 1.001  20.000 231.718   0.199  0.065   27.000   55.124   55.124    0.022  0.160  0.110  0.013  2.000  0.263    1.828
  1 24  1 1995   94.100   66.930  28.878  43.221   1.549 1.001  20.000 248.365   0.199  0.065   27.000   55.124   55.124    0.022  0.160  0.110  0.013  2.000  0.263   10.211
  1 25  1 1995   21.900    6.798  22.204   1.236   5.500 1.001  20.000 249.506   0.199  0.065   27.000   55.124   55.124    0.022  0.160  0.110  0.013  2.000  0.263    0.000
  1  1  2 1995    0.000    0.000   0.000   0.000   0.000 0.000  20.000 179.536   0.199  0.065   27.000   55.124   55.124    0.022  0.160  0.110  0.013  2.000  0.263    0.000
  1 14  2 1995   28.300    3.813  30.468   9.331   0.409 1.001  20.000 221.441   0.199  0.065   27.000   55.124   55.124    0.022  0.160  0.110  0.013  2.000  0.263    0.727
  1 15  2 1995    0.000    0.000   0.000   0.000   0.000 0.000  20.000 212.853   0.199  0.065   27.000   55.124   55.124    0.022  0.160  0.110  0.013  2.000  0.263    0.000
  1  1  3 1995    9.700    0.000   0.000   0.000   0.000 0.000  20.000 161.398   0.199  0.065   27.000   55.124   55.124    0.022  0.160  0.110  0.013  2.000  0.263    0.000
  1  5  3 1995   48.400    9.600  26.406  32.139   0.299 1.001  20.000 228.997   0.199  0.065   27.000   55.125   55.125    0.022  0.160  0.110  0.013  2.000  0.263    1.587
  1 10  3 1995   74.300   23.706   0.000   3.436   6.900 1.001  20.000 245.019   0.199  0.065   27.000   55.125   55.125    0.022  0.160  0.110  0.013  2.000  0.263    2.800
  1 11  3 1995   48.900   30.495  38.382  50.650   0.602 1.001  20.000 248.855   0.199  0.065   27.000   55.125   55.125    0.022  0.160  0.110  0.013  2.000  0.263    4.435
  1 15  3 1995    0.000    0.000   0.000   0.000   0.000 0.000  20.000 198.140   0.199  0.065   27.000   55.125   55.125    0.022  0.160  0.110  0.013  2.000  0.263    0.000
  1  1  4 1995    0.000    0.000   0.000   0.000   0.000 0.000  20.000 154.843   0.199  0.065   27.000   55.125   55.125    0.022  0.160  0.110  0.013  2.000  0.263    0.000
  1 15  4 1995    0.000    0.000   0.000   0.000   0.000 0.000  20.000 146.649   0.199  0.065   27.000   55.125   55.125    0.022  0.160  0.110  0.013  2.000  0.263    0.000
  1  1  5 1995    0.000    0.000   0.000   0.000   0.000 0.000  20.000 149.119   0.199  0.065   27.000   55.126   55.126    0.022  0.160  0.110  0.013  2.000  0.263    0.000
  1 15  5 1995   11.800    0.000   0.000   0.000   0.000 0.000  20.000 153.376   0.199  0.065   27.000   55.126   55.126    0.022  0.160  0.110  0.013  2.000  0.263    0.000
  1  1  6 1995    0.000    0.000   0.000   0.000   0.000 0.000  20.000 144.437   0.199  0.065   27.000   55.127   55.127    0.022  0.160  0.110  0.013  2.000  0.263    0.000
  1 15  6 1995   11.800    0.000   0.000   0.000   0.000 0.000  20.000 149.645   0.199  0.065   27.000   55.127   55.127    0.022  0.160  0.110  0.013  2.000  0.263    0.000
  1  1  7 1995    0.000    0.000   0.000   0.000   0.000 0.000  20.000 139.775   0.199  0.065   27.000   55.127   55.127    0.022  0.160  0.110  0.013  2.000  0.263    0.000
  1 15  7 1995    0.500    0.000   0.000   0.000   0.000 0.000  20.000 138.490   0.199  0.065   27.000   55.128   55.128    0.022  0.160  0.110  0.013  2.000  0.263    0.000
  1  1  8 1995    0.000    0.000   0.000   0.000   0.000 0.000  20.000 138.341   0.199  0.065   27.000   55.128   55.128    0.022  0.160  0.110  0.013  2.000  0.263    0.000
  1 15  8 1995    0.000    0.000   0.000   0.000   0.000 0.000  20.000 138.298   0.199  0.065   27.000   55.128   55.128    0.022  0.160  0.110  0.013  2.000  0.263    0.000
  1  1  9 1995    0.000    0.000   0.000   0.000   0.000 0.000  20.000 138.252   0.199  0.065   27.000   55.129   55.129    0.022  0.160  0.110  0.013  2.000  0.263    0.000
  1 15  9 1995    0.000    0.000   0.000   0.000   0.000 0.000  20.000 138.215   0.199  0.065   27.000   55.129   55.129    0.022  0.160  0.110  0.013  2.000  0.263    0.000
  1  1 10 1995    0.000    0.000   0.000   0.000   0.000 0.000  20.000 138.171   0.199  0.065   27.000   55.129   55.129    0.022  0.160  0.110  0.013  2.000  0.263    0.000
  1 15 10 1995    0.000    0.000   0.000   0.000   0.000 0.000  20.000 138.134   0.199  0.065   27.000   55.130   55.130    0.022  0.160  0.110  0.013  2.000  0.263    0.000
  1  1 11 1995    3.000    0.000   0.000   0.000   0.000 0.000  20.000 140.898   0.199  0.065   27.000   55.130   55.130    0.022  0.160  0.110  0.013  2.000  0.263    0.000
  1 15 11 1995    0.000    0.000   0.000   0.000   0.000 0.000  20.000 138.903   0.199  0.065   27.000   55.130   55.130    0.022  0.160  0.110  0.013  2.000  0.263    0.000
  1  1 12 1995    0.000    0.000   0.000   0.000   0.000 0.000  20.000 138.314   0.199  0.065   27.000   55.131   55.131    0.022  0.160  0.110  0.013  2.000  0.263    0.000
  1 15 12 1995    0.000    0.000   0.000   0.000   0.000 0.000  20.000 172.147   0.199  0.065   27.000   55.131   55.131    0.022  0.160  0.110  0.013  2.000  0.263    0.000
  1  1  1 1996    0.000    0.000   0.000   0.000   0.000 0.000  20.000 157.146   0.199  0.065   27.000   55.131   55.131    0.022  0.160  0.110  0.013  2.000  0.263    0.000
  1 15  1 1996    2.500    0.000   0.000   0.000   0.000 0.000  20.000 151.868   0.199  0.065   27.000   55.132   55.132    0.022  0.160  0.110  0.013  2.000  0.263    0.000
  1 31  1 1996   59.900    2.034   0.000   0.370   5.500 1.001  20.000 210.992   0.199  0.065   27.000   55.132   55.132    0.022  0.160  0.110  0.013  2.000  0.263    0.000
  1  1  2 1996    1.800    0.000   0.000   0.000   0.000 0.000  20.000 208.591   0.199  0.065   27.000   55.132   55.132    0.022  0.160  0.110  0.013  2.000  0.263    0.000
  1 15  2 1996    0.000    0.000   0.000   0.000   0.000 0.000  20.000 155.391   0.199  0.065   27.000   55.132   55.132    0.022  0.160  0.110  0.013  2.000  0.263    0.000
  1 19  2 1996   99.300   36.934   0.000   3.518  10.500 1.001  20.000 212.897   0.199  0.065   27.000   55.132   55.132    0.022  0.160  0.110  0.013  2.000  0.263    4.487
  1 20  2 1996  103.400   81.510  41.009  70.495   1.156 1.001  20.000 229.384   0.199  0.065   27.000   55.132   55.132    0.022  0.160  0.110  0.013  2.000  0.263   10.615
  1  1  3 1996    0.000    0.000   0.000   0.000   0.000 0.000  20.000 179.593   0.199  0.065   27.000   55.133   55.133    0.022  0.160  0.110  0.013  2.000  0.263    0.000
  1 15  3 1996    0.000    0.000   0.000   0.000   0.000 0.000  20.000 177.051   0.199  0.065   27.000   55.133   55.133    0.022  0.160  0.110  0.013  2.000  0.263    0.000
  1  1  4 1996    2.300    0.000   0.000   0.000   0.000 0.000  20.000 154.008   0.199  0.065   27.000   55.133   55.133    0.022  0.160  0.110  0.013  2.000  0.263    0.000
  1 15  4 1996    0.500    0.000   0.000   0.000   0.000 0.000  20.000 147.918   0.199  0.065   27.000   55.134   55.134    0.022  0.160  0.110  0.013  2.000  0.263    0.000
  1  1  5 1996    0.000    0.000   0.000   0.000   0.000 0.000  20.000 148.173   0.199  0.065   27.000   55.134   55.134    0.022  0.160  0.110  0.013  2.000  0.263    0.000
  1 15  5 1996    0.000    0.000   0.000   0.000   0.000 0.000  20.000 142.060   0.199  0.065   27.000   55.134   55.134    0.022  0.160  0.110  0.013  2.000  0.263    0.000
  1  1  6 1996    0.000    0.000   0.000   0.000   0.000 0.000  20.000 138.880   0.199  0.065   27.000   55.135   55.135    0.022  0.160  0.110  0.013  2.000  0.263    0.000
  1 15  6 1996    0.000    0.000   0.000   0.000   0.000 0.000  20.000 138.495   0.199  0.065   27.000   55.135   55.135    0.022  0.160  0.110  0.013  2.000  0.263    0.000
  1  1  7 1996    0.000    0.000   0.000   0.000   0.000 0.000  20.000 138.418   0.199  0.065   27.000   55.135   55.135    0.022  0.160  0.110  0.013  2.000  0.263    0.000
  1 15  7 1996    0.000    0.000   0.000   0.000   0.000 0.000  20.000 138.378   0.199  0.065   27.000   55.136   55.136    0.022  0.160  0.110  0.013  2.000  0.263    0.000
  1  1  8 1996    0.000    0.000   0.000   0.000   0.000 0.000  20.000 138.332   0.199  0.065   27.000   55.136   55.136    0.022  0.160  0.110  0.013  2.000  0.263    0.000
  1 15  8 1996    0.000    0.000   0.000   0.000   0.000 0.000  20.000 138.294   0.199  0.065   27.000   55.136   55.136    0.022  0.160  0.110  0.013  2.000  0.263    0.000
  1  1  9 1996    0.000    0.000   0.000   0.000   0.000 0.000  20.000 138.249   0.199  0.065   27.000   55.137   55.137    0.022  0.160  0.110  0.013  2.000  0.263    0.000
  1 15  9 1996    0.000    0.000   0.000   0.000   0.000 0.000  20.000 138.211   0.199  0.065   27.000   55.137   55.137    0.022  0.160  0.110  0.013  2.000  0.263    0.000
  1  1 10 1996    0.000    0.000   0.000   0.000   0.000 0.000  20.000 138.168   0.199  0.065   27.000   55.137   55.137    0.022  0.160  0.110  0.013  2.000  0.263    0.000
  1 15 10 1996    0.000    0.000   0.000   0.000   0.000 0.000  20.000 138.130   0.199  0.065   27.000   55.138   55.138    0.022  0.160  0.110  0.013  2.000  0.263    0.000
  1 29 10 1996   42.200    1.488 140.015   2.286   0.651 1.001  20.000 178.131   0.199  0.065   27.000   55.138   55.138    0.022  0.160  0.110  0.013  2.000  0.263    0.071
  1 30 10 1996   26.900    2.062  67.766   3.730   0.553 1.001  20.000 201.429   0.199  0.065   27.000   55.138   55.138    0.022  0.160  0.110  0.013  2.000  0.263    0.267
  1  1 11 1996    0.000    0.000   0.000   0.000   0.000 0.000  20.000 191.474   0.199  0.065   27.000   55.138   55.138    0.022  0.160  0.110  0.013  2.000  0.263    0.000
  1 15 11 1996    0.000    0.000   0.000   0.000   0.000 0.000  20.000 152.254   0.199  0.065   27.000   55.138   55.138    0.022  0.160  0.110  0.013  2.000  0.263    0.000
  1 21 11 1996   49.500    0.959  52.337   4.593   0.209 1.001  20.000 197.816   0.199  0.065   27.000   55.139   55.139    0.022  0.160  0.110  0.013  2.000  0.263    0.147
  1  1 12 1996    0.000    0.000   0.000   0.000   0.000 0.000  20.000 160.082   0.199  0.065   27.000   55.139   55.139    0.022  0.160  0.110  0.013  2.000  0.263    0.000
  1  9 12 1996   39.400   11.801  34.871  28.403   0.415 1.001  20.000 223.462   0.199  0.065   27.000   55.139   55.139    0.022  0.160  0.110  0.013  2.000  0.263    2.008
  1 10 12 1996   32.800    7.559  25.236  22.680   0.333 1.001  20.000 240.608   0.199  0.065   27.000   55.139   55.139    0.022  0.160  0.110  0.013  2.000  0.263    1.348
  1 11 12 1996   29.000    7.081  21.338   3.079   2.300 1.001  20.000 249.655   0.199  0.065   27.000   55.139   55.139    0.022  0.160  0.110  0.013  2.000  0.263    0.717
  1 15 12 1996    0.000    0.000   0.000   0.000   0.000 0.000  20.000 202.159   0.199  0.065   27.000   55.139   55.139    0.022  0.160  0.110  0.013  2.000  0.263    0.000
  1  1  1 1997    7.400    0.000   0.000   0.000   0.000 0.000  20.000 185.156   0.199  0.065   27.000   55.140   55.140    0.022  0.160  0.110  0.013  2.000  0.263    0.000
  1 15  1 1997   29.600    0.000   0.000   0.000   0.000 0.000  20.000 228.431   0.199  0.065   27.000   55.140   55.140    0.022  0.160  0.110  0.013  2.000  0.263    0.000
  1 25  1 1997   34.100    5.262  45.721  14.830   0.355 1.001  20.000 247.935   0.199  0.065   27.000   55.140   55.140    0.022  0.160  0.110  0.013  2.000  0.263    0.996
  1  1  2 1997    0.000    0.000   0.000   0.000   0.000 0.000  20.000 182.408   0.199  0.065   27.000   55.140   55.140    0.022  0.160  0.110  0.013  2.000  0.263    0.000
  1 15  2 1997    0.000    0.000   0.000   0.000   0.000 0.000  20.000 153.185   0.199  0.065   27.000   55.141   55.141    0.022  0.160  0.110  0.013  2.000  0.263    0.000
  1  1  3 1997    0.000    0.000   0.000   0.000   0.000 0.000  20.000 150.200   0.199  0.065   27.000   55.141   55.141    0.022  0.160  0.110  0.013  2.000  0.263    0.000
  1 15  3 1997    0.000    0.000   0.000   0.000   0.000 0.000  20.000 146.069   0.199  0.065   27.000   55.141   55.141    0.022  0.160  0.110  0.013  2.000  0.263    0.000
  1  1  4 1997    0.000    0.000   0.000   0.000   0.000 0.000  20.000 140.733   0.199  0.065   27.000   55.142   55.142    0.022  0.160  0.110  0.013  2.000  0.263    0.000
  1 15  4 1997    0.000    0.000   0.000   0.000   0.000 0.000  20.000 138.878   0.199  0.065   27.000   55.142   55.142    0.022  0.160  0.110  0.013  2.000  0.263    0.000
  1  1  5 1997    0.000    0.000   0.000   0.000   0.000 0.000  20.000 138.451   0.199  0.065   27.000   55.142   55.142    0.022  0.160  0.110  0.013  2.000  0.263    0.000
  1 15  5 1997    0.000    0.000   0.000   0.000   0.000 0.000  20.000 138.375   0.199  0.065   27.000   55.143   55.143    0.022  0.160  0.110  0.013  2.000  0.263    0.000
  1  1  6 1997    0.000    0.000   0.000   0.000   0.000 0.000  20.000 138.325   0.199  0.065   27.000   55.143   55.143    0.022  0.160  0.110  0.013  2.000  0.263    0.000
  1 15  6 1997    0.000    0.000   0.000   0.000   0.000 0.000  20.000 138.287   0.199  0.065   27.000   55.143   55.143    0.022  0.160  0.110  0.013  2.000  0.263    0.000
  1  1  7 1997    0.000    0.000   0.000   0.000   0.000 0.000  20.000 138.244   0.199  0.065   27.000   55.144   55.144    0.022  0.160  0.110  0.013  2.000  0.263    0.000
  1 15  7 1997    0.000    0.000   0.000   0.000   0.000 0.000  20.000 138.206   0.199  0.065   27.000   55.144   55.144    0.022  0.160  0.110  0.013  2.000  0.263    0.000
  1  1  8 1997    0.000    0.000   0.000   0.000   0.000 0.000  20.000 138.160   0.199  0.065   27.000   55.144   55.144    0.022  0.160  0.110  0.013  2.000  0.263    0.000
  1 15  8 1997    0.000    0.000   0.000   0.000   0.000 0.000  20.000 138.122   0.199  0.065   27.000   55.145   55.145    0.022  0.160  0.110  0.013  2.000  0.263    0.000
  1  1  9 1997    0.000    0.000   0.000   0.000   0.000 0.000  20.000 138.077   0.199  0.065   27.000   55.145   55.145    0.022  0.160  0.110  0.013  2.000  0.263    0.000
  1 15  9 1997    0.000    0.000   0.000   0.000   0.000 0.000  20.000 138.039   0.199  0.065   27.000   55.145   55.145    0.022  0.160  0.110  0.013  2.000  0.263    0.000
  1  1 10 1997    0.000    0.000   0.000   0.000   0.000 0.000  20.000 139.261   0.199  0.065   27.000   55.146   55.146    0.022  0.160  0.110  0.013  2.000  0.263    0.000
  1 15 10 1997    0.000    0.000   0.000   0.000   0.000 0.000  20.000 138.217   0.199  0.065   27.000   55.146   55.146    0.022  0.160  0.110  0.013  2.000  0.263    0.000
  1  1 11 1997    0.000    0.000   0.000   0.000   0.000 0.000  20.000 137.967   0.199  0.065   27.000   55.146   55.146    0.022  0.160  0.110  0.013  2.000  0.263    0.000
  1 15 11 1997    1.000    0.000   0.000   0.000   0.000 0.000  20.000 170.342   0.199  0.065   27.000   55.147   55.147    0.022  0.160  0.110  0.013  2.000  0.263    0.000
  1  1 12 1997    0.000    0.000   0.000   0.000   0.000 0.000  20.000 189.267   0.199  0.065   27.000   55.147   55.147    0.022  0.160  0.110  0.013  2.000  0.263    0.000
  1  6 12 1997   43.900   15.410  26.063  36.162   0.426 1.001  20.000 235.997   0.199  0.065   27.000   55.147   55.147    0.022  0.160  0.110  0.013  2.000  0.263    2.470
  1 15 12 1997    0.000    0.000   0.000   0.000   0.000 0.000  20.000 174.495   0.199  0.065   27.000   55.147   55.147    0.022  0.160  0.110  0.013  2.000  0.263    0.000
  1  1  1 1998    0.000    0.000   0.000   0.000   0.000 0.000  20.000 153.536   0.199  0.065   27.000   55.148   55.148    0.022  0.160  0.110  0.013  2.000  0.263    0.000
  1 15  1 1998    3.800    0.000   0.000   0.000   0.000 0.000  20.000 182.328   0.199  0.065   27.000   55.148   55.148    0.022  0.160  0.110  0.013  2.000  0.263    0.000
  1  1  2 1998    2.800    0.000   0.000   0.000   0.000 0.000  20.000 179.203   0.199  0.065   27.000   55.148   55.148    0.022  0.160  0.110  0.013  2.000  0.263    0.000
  1  3  2 1998   58.400   26.736  28.387  33.420   0.800 1.001  20.000 232.958   0.199  0.065   27.000   55.148   55.148    0.022  0.160  0.110  0.013  2.000  0.263    4.374
  1  6  2 1998   35.100    8.284  25.500  15.627   0.530 1.001  20.000 249.646   0.199  0.065   27.000   55.149   55.149    0.022  0.160  0.110  0.013  2.000  0.263    1.561
  1  7  2 1998   23.500    9.478   0.000   2.204   4.300 1.001  20.000 249.268   0.199  0.065   27.000   55.149   55.149    0.022  0.160  0.110  0.013  2.000  0.263    0.386
  1  8  2 1998   16.700    2.584   0.000   0.364   7.100 1.001  20.000 249.004   0.199  0.065   27.000   55.149   55.149    0.022  0.160  0.110  0.013  2.000  0.263    0.000
  1 15  2 1998    0.800    0.000   0.000   0.000   0.000 0.000  20.000 232.568   0.199  0.065   27.000   55.149   55.149    0.022  0.160  0.110  0.013  2.000  0.263    0.000
  1 22  2 1998   53.500    7.999   0.000   2.285   3.500 1.001  20.000 249.653   0.199  0.065   27.000   55.149   55.149    0.022  0.160  0.110  0.013  2.000  0.263    0.381
  1 23  2 1998   44.300   30.096  32.052  55.246   0.545 1.001  20.000 249.660   0.199  0.065   27.000   55.149   55.149    0.022  0.160  0.110  0.013  2.000  0.263    4.256
  1  1  3 1998    0.000    0.000   0.000   0.000   0.000 0.000  20.000 188.871   0.199  0.065   27.000   55.149   55.149    0.022  0.160  0.110  0.013  2.000  0.263    0.000
  1 15  3 1998    0.000    0.000   0.000   0.000   0.000 0.000  20.000 160.296   0.199  0.065   27.000   55.149   55.149    0.022  0.160  0.110  0.013  2.000  0.263    0.000
  1 25  3 1998   96.400   33.640   0.000   8.205   4.100 1.001  20.000 211.696   0.199  0.065   27.000   55.150   55.150    0.022  0.160  0.110  0.013  2.000  0.263    6.327
  1  1  4 1998    9.800    0.000   0.000   0.000   0.000 0.000  20.000 195.801   0.199  0.065   27.000   55.150   55.150    0.022  0.160  0.110  0.013  2.000  0.263    0.000
  1 15  4 1998    0.000    0.000   0.000   0.000   0.000 0.000  20.000 163.956   0.199  0.065   27.000   55.150   55.150    0.022  0.160  0.110  0.013  2.000  0.263    0.000
  1  1  5 1998    0.000    0.000   0.000   0.000   0.000 0.000  20.000 147.336   0.199  0.065   27.000   55.150   55.150    0.022  0.160  0.110  0.013  2.000  0.263    0.000
  1 12  5 1998   33.400    0.291  86.139   0.198   1.471 1.001  20.000 189.365   0.199  0.065   27.000   55.151   55.151    0.022  0.160  0.110  0.013  2.000  0.263    0.000
  1 13  5 1998   25.700    1.549  67.386   2.428   0.638 1.001  20.000 207.763   0.199  0.065   27.000   55.151   55.151    0.022  0.160  0.110  0.013  2.000  0.263    0.092
  1 15  5 1998    0.000    0.000   0.000   0.000   0.000 0.000  20.000 190.138   0.199  0.065   27.000   55.151   55.151    0.022  0.160  0.110  0.013  2.000  0.263    0.000
  1  1  6 1998    0.000    0.000   0.000   0.000   0.000 0.000  20.000 148.006   0.199  0.065   27.000   55.151   55.151    0.022  0.160  0.110  0.013  2.000  0.263    0.000
  1 15  6 1998    0.300    0.000   0.000   0.000   0.000 0.000  20.000 143.369   0.199  0.065   27.000   55.151   55.151    0.022  0.160  0.110  0.013  2.000  0.263    0.000
  1  1  7 1998    0.000    0.000   0.000   0.000   0.000 0.000  20.000 139.073   0.199  0.065   27.000   55.152   55.152    0.022  0.160  0.110  0.013  2.000  0.263    0.000
  1 15  7 1998    0.000    0.000   0.000   0.000   0.000 0.000  20.000 138.521   0.199  0.065   27.000   55.152   55.152    0.022  0.160  0.110  0.013  2.000  0.263    0.000
  1  1  8 1998    0.000    0.000   0.000   0.000   0.000 0.000  20.000 138.431   0.199  0.065   27.000   55.152   55.152    0.022  0.160  0.110  0.013  2.000  0.263    0.000
  1 15  8 1998    0.000    0.000   0.000   0.000   0.000 0.000  20.000 138.391   0.199  0.065   27.000   55.153   55.153    0.022  0.160  0.110  0.013  2.000  0.263    0.000
  1  1  9 1998    0.000    0.000   0.000   0.000   0.000 0.000  20.000 138.345   0.199  0.065   27.000   55.153   55.153    0.022  0.160  0.110  0.013  2.000  0.263    0.000
  1 15  9 1998    0.000    0.000   0.000   0.000   0.000 0.000  20.000 138.387   0.199  0.065   27.000   55.153   55.153    0.022  0.160  0.110  0.013  2.000  0.263    0.000
  1  1 10 1998    0.000    0.000   0.000   0.000   0.000 0.000  20.000 138.279   0.199  0.065   27.000   55.154   55.154    0.022  0.160  0.110  0.013  2.000  0.263    0.000
  1 15 10 1998    0.000    0.000   0.000   0.000   0.000 0.000  20.000 138.396   0.199  0.065   27.000   55.154   55.154    0.022  0.160  0.110  0.013  2.000  0.263    0.000
  1  1 11 1998    0.000    0.000   0.000   0.000   0.000 0.000  20.000 138.540   0.199  0.065   27.000   55.155   55.155    0.022  0.160  0.110  0.013  2.000  0.263    0.000
  1 15 11 1998    0.000    0.000   0.000   0.000   0.000 0.000  20.000 155.578   0.199  0.065   27.000   55.155   55.155    0.022  0.160  0.110  0.013  2.000  0.263    0.000
  1  1 12 1998    9.600    0.000   0.000   0.000   0.000 0.000  20.000 175.154   0.199  0.065   27.000   55.155   55.155    0.022  0.160  0.110  0.013  2.000  0.263    0.000
  1 15 12 1998    0.000    0.000   0.000   0.000   0.000 0.000  20.000 153.148   0.199  0.065   27.000   55.156   55.156    0.022  0.160  0.110  0.013  2.000  0.263    0.000
  1  1  1 1999    0.000    0.000   0.000   0.000   0.000 0.000  20.000 149.557   0.199  0.065   27.000   55.156   55.156    0.022  0.160  0.110  0.013  2.000  0.263    0.000
  1 15  1 1999    0.000    0.000   0.000   0.000   0.000 0.000  20.000 147.321   0.199  0.065   27.000   55.156   55.156    0.022  0.160  0.110  0.013  2.000  0.263    0.000
  1  1  2 1999    0.000    0.000   0.000   0.000   0.000 0.000  20.000 170.801   0.199  0.065   27.000   55.157   55.157    0.022  0.160  0.110  0.013  2.000  0.263    0.000
  1 15  2 1999    0.000    0.000   0.000   0.000   0.000 0.000  20.000 160.304   0.199  0.065   27.000   55.157   55.157    0.022  0.160  0.110  0.013  2.000  0.263    0.000
  1  1  3 1999    0.000    0.000   0.000   0.000   0.000 0.000  20.000 150.057   0.199  0.065   27.000   55.157   55.157    0.022  0.160  0.110  0.013  2.000  0.263    0.000
  1 15  3 1999   18.900    0.000   0.000   0.000   0.000 0.000  20.000 166.598   0.199  0.065   27.000   55.158   55.158    0.022  0.160  0.110  0.013  2.000  0.263    0.000
  1  1  4 1999    1.800    0.000   0.000   0.000   0.000 0.000  20.000 157.095   0.199  0.065   27.000   55.158   55.158    0.022  0.160  0.110  0.013  2.000  0.263    0.000
  1 15  4 1999    0.000    0.000   0.000   0.000   0.000 0.000  20.000 170.752   0.199  0.065   27.000   55.158   55.158    0.022  0.160  0.110  0.013  2.000  0.263    0.000
  1  1  5 1999    0.000    0.000   0.000   0.000   0.000 0.000  20.000 148.257   0.199  0.065   27.000   55.159   55.159    0.022  0.160  0.110  0.013  2.000  0.263    0.000
  1 15  5 1999    0.000    0.000   0.000   0.000   0.000 0.000  20.000 142.848   0.199  0.065   27.000   55.159   55.159    0.022  0.160  0.110  0.013  2.000  0.263    0.000
  1  1  6 1999    0.000    0.000   0.000   0.000   0.000 0.000  20.000 139.028   0.199  0.065   27.000   55.159   55.159    0.022  0.160  0.110  0.013  2.000  0.263    0.000
  1 15  6 1999    0.000    0.000   0.000   0.000   0.000 0.000  20.000 140.873   0.199  0.065   27.000   55.160   55.160    0.022  0.160  0.110  0.013  2.000  0.263    0.000
  1  1  7 1999    0.000    0.000   0.000   0.000   0.000 0.000  20.000 138.625   0.199  0.065   27.000   55.160   55.160    0.022  0.160  0.110  0.013  2.000  0.263    0.000
  1 15  7 1999    0.000    0.000   0.000   0.000   0.000 0.000  20.000 138.924   0.199  0.065   27.000   55.160   55.160    0.022  0.160  0.110  0.013  2.000  0.263    0.000
  1  1  8 1999    0.000    0.000   0.000   0.000   0.000 0.000  20.000 138.367   0.199  0.065   27.000   55.161   55.161    0.022  0.160  0.110  0.013  2.000  0.263    0.000
  1 15  8 1999    0.000    0.000   0.000   0.000   0.000 0.000  20.000 138.304   0.199  0.065   27.000   55.161   55.161    0.022  0.160  0.110  0.013  2.000  0.263    0.000
  1  1  9 1999    0.000    0.000   0.000   0.000   0.000 0.000  20.000 138.255   0.199  0.065   27.000   55.161   55.161    0.022  0.160  0.110  0.013  2.000  0.263    0.000
  1 15  9 1999    0.000    0.000   0.000   0.000   0.000 0.000  20.000 138.217   0.199  0.065   27.000   55.162   55.162    0.022  0.160  0.110  0.013  2.000  0.263    0.000
  1  1 10 1999    0.000    0.000   0.000   0.000   0.000 0.000  20.000 138.243   0.199  0.065   27.000   55.162   55.162    0.022  0.160  0.110  0.013  2.000  0.263    0.000
  1 15 10 1999    0.000    0.000   0.000   0.000   0.000 0.000  20.000 138.150   0.199  0.065   27.000   55.162   55.162    0.022  0.160  0.110  0.013  2.000  0.263    0.000
  1  1 11 1999    0.000    0.000   0.000   0.000   0.000 0.000  20.000 138.093   0.199  0.065   27.000   55.163   55.163    0.022  0.160  0.110  0.013  2.000  0.263    0.000
  1 15 11 1999    0.000    0.000   0.000   0.000   0.000 0.000  20.000 144.180   0.199  0.065   27.000   55.163   55.163    0.022  0.160  0.110  0.013  2.000  0.263    0.000
  1  1 12 1999    0.000    0.000   0.000   0.000   0.000 0.000  20.000 143.053   0.199  0.065   27.000   55.163   55.163    0.022  0.160  0.110  0.013  2.000  0.263    0.000
  1 15 12 1999    0.000    0.000   0.000   0.000   0.000 0.000  20.000 140.825   0.199  0.065   27.000   55.164   55.164    0.022  0.160  0.110  0.013  2.000  0.263    0.000
  1  1  1 2000    0.000    0.000   0.000   0.000   0.000 0.000  20.000 151.497   0.199  0.065   27.000   55.164   55.164    0.022  0.160  0.110  0.013  2.000  0.263    0.000
  1 15  1 2000    0.300    0.000   0.000   0.000   0.000 0.000  20.000 144.521   0.199  0.065   27.000   55.164   55.164    0.022  0.160  0.110  0.013  2.000  0.263    0.000
  1  1  2 2000    0.000    0.000   0.000   0.000   0.000 0.000  20.000 169.647   0.199  0.065   27.000   55.165   55.165    0.022  0.160  0.110  0.013  2.000  0.263    0.000
  1 15  2 2000    3.300    0.000   0.000   0.000   0.000 0.000  20.000 201.500   0.199  0.065   27.000   55.165   55.165    0.022  0.160  0.110  0.013  2.000  0.263    0.000
  1 21  2 2000   53.800   13.810  21.924   2.227   6.200 1.001  20.000 246.628   0.199  0.065   27.000   55.165   55.165    0.022  0.160  0.110  0.013  2.000  0.263    0.590
  1 23  2 2000   53.800   28.857  35.881  41.027   0.703 1.001  20.000 249.666   0.199  0.065   27.000   55.165   55.165    0.022  0.160  0.110  0.013  2.000  0.263    4.467
  1  1  3 2000    0.000    0.000   0.000   0.000   0.000 0.000  20.000 190.345   0.199  0.065   27.000   55.165   55.165    0.022  0.160  0.110  0.013  2.000  0.263    0.000
  1 15  3 2000    0.000    0.000   0.000   0.000   0.000 0.000  20.000 164.899   0.199  0.065   27.000   55.166   55.166    0.022  0.160  0.110  0.013  2.000  0.263    0.000
  1  1  4 2000    0.000    0.000   0.000   0.000   0.000 0.000  20.000 151.980   0.199  0.065   27.000   55.166   55.166    0.022  0.160  0.110  0.013  2.000  0.263    0.000
  1 15  4 2000    0.000    0.000   0.000   0.000   0.000 0.000  20.000 147.133   0.199  0.065   27.000   55.166   55.166    0.022  0.160  0.110  0.013  2.000  0.263    0.000
  1 18  4 2000   15.200    1.634  53.111   2.629   0.621 1.001  20.000 207.213   0.199  0.065   27.000   55.167   55.167    0.022  0.160  0.110  0.013  2.000  0.263    0.121
  1  1  5 2000    0.000    0.000   0.000   0.000   0.000 0.000  20.000 152.155   0.199  0.065   27.000   55.167   55.167    0.022  0.160  0.110  0.013  2.000  0.263    0.000
  1 15  5 2000    0.000    0.000   0.000   0.000   0.000 0.000  20.000 144.282   0.199  0.065   27.000   55.167   55.167    0.022  0.160  0.110  0.013  2.000  0.263    0.000
  1  1  6 2000    0.000    0.000   0.000   0.000   0.000 0.000  20.000 139.125   0.199  0.065   27.000   55.168   55.168    0.022  0.160  0.110  0.013  2.000  0.263    0.000
  1 15  6 2000    0.000    0.000   0.000   0.000   0.000 0.000  20.000 138.552   0.199  0.065   27.000   55.168   55.168    0.022  0.160  0.110  0.013  2.000  0.263    0.000
  1  1  7 2000    0.000    0.000   0.000   0.000   0.000 0.000  20.000 138.449   0.199  0.065   27.000   55.168   55.168    0.022  0.160  0.110  0.013  2.000  0.263    0.000
  1 15  7 2000    0.000    0.000   0.000   0.000   0.000 0.000  20.000 138.408   0.199  0.065   27.000   55.168   55.168    0.022  0.160  0.110  0.013  2.000  0.263    0.000
  1  1  8 2000    0.000    0.000   0.000   0.000   0.000 0.000  20.000 138.361   0.199  0.065   27.000   55.169   55.169    0.022  0.160  0.110  0.013  2.000  0.263    0.000
  1 15  8 2000    0.000    0.000   0.000   0.000   0.000 0.000  20.000 138.324   0.199  0.065   27.000   55.169   55.169    0.022  0.160  0.110  0.013  2.000  0.263    0.000
  1  1  9 2000    0.000    0.000   0.000   0.000   0.000 0.000  20.000 138.278   0.199  0.065   27.000   55.170   55.170    0.022  0.160  0.110  0.013  2.000  0.263    0.000
  1 15  9 2000    0.000    0.000   0.000   0.000   0.000 0.000  20.000 138.240   0.199  0.065   27.000   55.170   55.170    0.022  0.160  0.110  0.013  2.000  0.263    0.000
  1  1 10 2000    0.000    0.000   0.000   0.000   0.000 0.000  20.000 138.875   0.199  0.065   27.000   55.170   55.170    0.022  0.160  0.110  0.013  2.000  0.263    0.000
  1 15 10 2000    0.000    0.000   0.000   0.000   0.000 0.000  20.000 138.762   0.199  0.065   27.000   55.171   55.171    0.022  0.160  0.110  0.013  2.000  0.263    0.000
  1  1 11 2000    0.000    0.000   0.000   0.000   0.000 0.000  20.000 165.182   0.199  0.065   27.000   55.171   55.171    0.022  0.160  0.110  0.013  2.000  0.263    0.000
  1 15 11 2000    0.000    0.000   0.000   0.000   0.000 0.000  20.000 151.159   0.199  0.065   27.000   55.171   55.171    0.022  0.160  0.110  0.013  2.000  0.263    0.000
  1  1 12 2000    0.000    0.000   0.000   0.000   0.000 0.000  20.000 148.356   0.199  0.065   27.000   55.172   55.172    0.022  0.160  0.110  0.013  2.000  0.263    0.000
  1 15 12 2000    0.000    0.000   0.000   0.000   0.000 0.000  20.000 146.762   0.199  0.065   27.000   55.172   55.172    0.022  0.160  0.110  0.013  2.000  0.263    0.000
  1  1  1 2001    0.000    0.000   0.000   0.000   0.000 0.000  20.000 144.031   0.199  0.065   27.000   55.172   55.172    0.022  0.160  0.110  0.013  2.000  0.263    0.000
  1 12  1 2001   78.800   48.036  36.695  37.282   1.288 1.001  20.000 219.554   0.199  0.065   27.000   55.173   55.173    0.022  0.160  0.110  0.013  2.000  0.263    7.636
  1 15  1 2001    0.000    0.000   0.000   0.000   0.000 0.000  20.000 198.181   0.199  0.065   27.000   55.173   55.173    0.022  0.160  0.110  0.013  2.000  0.263    0.000
  1  1  2 2001    0.000    0.000   0.000   0.000   0.000 0.000  20.000 160.650   0.199  0.065   27.000   55.173   55.173    0.022  0.160  0.110  0.013  2.000  0.263    0.000
  1 13  2 2001  102.100   60.058  31.013  60.651   0.990 1.001  20.000 224.209   0.199  0.065   27.000   55.173   55.173    0.022  0.160  0.110  0.013  2.000  0.263    8.234
  1 15  2 2001    0.000    0.000   0.000   0.000   0.000 0.000  20.000 213.972   0.199  0.065   27.000   55.173   55.173    0.022  0.160  0.110  0.013  2.000  0.263    0.000
  1 26  2 2001   51.100   15.557  42.583  17.859   0.871 1.001  20.000 226.693   0.199  0.065   27.000   55.174   55.174    0.022  0.160  0.110  0.013  2.000  0.263    2.883
  1  1  3 2001    1.300    0.000   0.000   0.000   0.000 0.000  20.000 212.494   0.199  0.065   27.000   55.174   55.174    0.022  0.160  0.110  0.013  2.000  0.263    0.000
  1  6  3 2001   41.400    7.362  41.168  21.843   0.337 1.001  20.000 239.630   0.199  0.065   27.000   55.174   55.174    0.022  0.160  0.110  0.013  2.000  0.263    1.321
  1 15  3 2001    0.000    0.000   0.000   0.000   0.000 0.000  20.000 165.017   0.199  0.065   27.000   55.174   55.174    0.022  0.160  0.110  0.013  2.000  0.263    0.000
  1  1  4 2001    0.000    0.000   0.000   0.000   0.000 0.000  20.000 147.718   0.199  0.065   27.000   55.174   55.174    0.022  0.160  0.110  0.013  2.000  0.263    0.000
  1 15  4 2001    0.000    0.000   0.000   0.000   0.000 0.000  20.000 153.055   0.199  0.065   27.000   55.175   55.175    0.022  0.160  0.110  0.013  2.000  0.263    0.000
  1  1  5 2001    0.000    0.000   0.000   0.000   0.000 0.000  20.000 150.361   0.199  0.065   27.000   55.175   55.175    0.022  0.160  0.110  0.013  2.000  0.263    0.000
  1 15  5 2001    0.000    0.000   0.000   0.000   0.000 0.000  20.000 144.469   0.199  0.065   27.000   55.175   55.175    0.022  0.160  0.110  0.013  2.000  0.263    0.000
  1  1  6 2001    0.000    0.000   0.000   0.000   0.000 0.000  20.000 139.350   0.199  0.065   27.000   55.176   55.176    0.022  0.160  0.110  0.013  2.000  0.263    0.000
  1 15  6 2001    0.000    0.000   0.000   0.000   0.000 0.000  20.000 138.558   0.199  0.065   27.000   55.176   55.176    0.022  0.160  0.110  0.013  2.000  0.263    0.000
  1  1  7 2001    0.000    0.000   0.000   0.000   0.000 0.000  20.000 138.430   0.199  0.065   27.000   55.176   55.176    0.022  0.160  0.110  0.013  2.000  0.263    0.000
  1 15  7 2001    0.000    0.000   0.000   0.000   0.000 0.000  20.000 138.387   0.199  0.065   27.000   55.177   55.177    0.022  0.160  0.110  0.013  2.000  0.263    0.000
  1  1  8 2001    0.000    0.000   0.000   0.000   0.000 0.000  20.000 138.340   0.199  0.065   27.000   55.177   55.177    0.022  0.160  0.110  0.013  2.000  0.263    0.000
  1 15  8 2001    0.000    0.000   0.000   0.000   0.000 0.000  20.000 138.302   0.199  0.065   27.000   55.177   55.177    0.022  0.161  0.110  0.013  2.000  0.263    0.000
  1  1  9 2001    0.000    0.000   0.000   0.000   0.000 0.000  20.000 138.257   0.199  0.065   27.000   55.178   55.178    0.022  0.161  0.110  0.013  2.000  0.263    0.000
  1 15  9 2001    0.000    0.000   0.000   0.000   0.000 0.000  20.000 138.219   0.199  0.065   27.000   55.178   55.178    0.022  0.161  0.110  0.013  2.000  0.263    0.000
  1  1 10 2001    0.000    0.000   0.000   0.000   0.000 0.000  20.000 138.176   0.199  0.065   27.000   55.178   55.178    0.022  0.161  0.110  0.013  2.000  0.263    0.000
  1 15 10 2001    0.000    0.000   0.000   0.000   0.000 0.000  20.000 138.138   0.199  0.065   27.000   55.179   55.179    0.022  0.161  0.110  0.013  2.000  0.263    0.000
  1  1 11 2001    0.000    0.000   0.000   0.000   0.000 0.000  20.000 139.289   0.199  0.065   27.000   55.179   55.179    0.022  0.161  0.110  0.013  2.000  0.263    0.000
  1 15 11 2001    0.000    0.000   0.000   0.000   0.000 0.000  20.000 155.716   0.199  0.065   27.000   55.179   55.179    0.022  0.161  0.110  0.013  2.000  0.263    0.000
  1  1 12 2001    0.000    0.000   0.000   0.000   0.000 0.000  20.000 170.969   0.199  0.065   27.000   55.180   55.180    0.022  0.161  0.110  0.013  2.000  0.263    0.000
  1 15 12 2001    0.000    0.000   0.000   0.000   0.000 0.000  20.000 156.431   0.199  0.065   27.000   55.180   55.180    0.022  0.161  0.110  0.013  2.000  0.263    0.000
  1  1  1 2002    0.000    0.000   0.000   0.000   0.000 0.000  20.000 160.595   0.199  0.065   27.000   55.180   55.180    0.022  0.161  0.110  0.013  2.000  0.263    0.000
  1 15  1 2002    0.000    0.000   0.000   0.000   0.000 0.000  20.000 152.498   0.199  0.065   27.000   55.181   55.181    0.022  0.161  0.110  0.013  2.000  0.263    0.000
  1  1  2 2002    0.000    0.000   0.000   0.000   0.000 0.000  20.000 178.595   0.199  0.065   27.000   55.181   55.181    0.022  0.161  0.110  0.013  2.000  0.263    0.000
  1 15  2 2002    0.000    0.000   0.000   0.000   0.000 0.000  20.000 151.354   0.199  0.065   27.000   55.181   55.181    0.022  0.161  0.110  0.013  2.000  0.263    0.000
  1  1  3 2002    0.000    0.000   0.000   0.000   0.000 0.000  20.000 150.625   0.199  0.065   27.000   55.182   55.182    0.022  0.161  0.110  0.013  2.000  0.263    0.000
  1 15  3 2002    0.000    0.000   0.000   0.000   0.000 0.000  20.000 151.286   0.199  0.065   27.000   55.182   55.182    0.022  0.161  0.110  0.013  2.000  0.263    0.000
  1  1  4 2002    0.000    0.000   0.000   0.000   0.000 0.000  20.000 150.436   0.199  0.065   27.000   55.182   55.182    0.022  0.161  0.110  0.013  2.000  0.263    0.000
  1 15  4 2002    1.800    0.000   0.000   0.000   0.000 0.000  20.000 146.642   0.199  0.065   27.000   55.183   55.183    0.022  0.161  0.110  0.013  2.000  0.263    0.000
  1  1  5 2002    0.000    0.000   0.000   0.000   0.000 0.000  20.000 141.726   0.199  0.065   27.000   55.183   55.183    0.022  0.161  0.110  0.013  2.000  0.263    0.000
  1 15  5 2002    0.000    0.000   0.000   0.000   0.000 0.000  20.000 138.924   0.199  0.065   27.000   55.183   55.183    0.022  0.161  0.110  0.013  2.000  0.263    0.000
  1  1  6 2002    0.000    0.000   0.000   0.000   0.000 0.000  20.000 138.911   0.199  0.065   27.000   55.184   55.184    0.022  0.161  0.110  0.013  2.000  0.263    0.000
  1 15  6 2002    0.000    0.000   0.000   0.000   0.000 0.000  20.000 138.436   0.199  0.065   27.000   55.184   55.184    0.022  0.161  0.110  0.013  2.000  0.263    0.000
  1  1  7 2002    0.000    0.000   0.000   0.000   0.000 0.000  20.000 138.337   0.199  0.065   27.000   55.185   55.185    0.022  0.161  0.110  0.013  2.000  0.263    0.000
  1 15  7 2002    0.000    0.000   0.000   0.000   0.000 0.000  20.000 138.295   0.199  0.065   27.000   55.185   55.185    0.022  0.161  0.110  0.013  2.000  0.263    0.000
  1  1  8 2002    0.000    0.000   0.000   0.000   0.000 0.000  20.000 138.249   0.199  0.065   27.000   55.185   55.185    0.022  0.161  0.110  0.013  2.000  0.263    0.000
  1 15  8 2002    0.000    0.000   0.000   0.000   0.000 0.000  20.000 138.211   0.199  0.065   27.000   55.186   55.186    0.022  0.161  0.110  0.013  2.000  0.263    0.000
  1  1  9 2002    0.000    0.000   0.000   0.000   0.000 0.000  20.000 138.166   0.199  0.065   27.000   55.186   55.186    0.022  0.161  0.110  0.013  2.000  0.263    0.000
  1 15  9 2002    0.000    0.000   0.000   0.000   0.000 0.000  20.000 138.128   0.199  0.065   27.000   55.186   55.186    0.022  0.161  0.110  0.013  2.000  0.263    0.000
  1  1 10 2002    0.000    0.000   0.000   0.000   0.000 0.000  20.000 138.085   0.199  0.065   27.000   55.187   55.187    0.022  0.161  0.110  0.013  2.000  0.263    0.000
  1 15 10 2002    0.000    0.000   0.000   0.000   0.000 0.000  20.000 138.047   0.199  0.065   27.000   55.187   55.187    0.022  0.161  0.110  0.013  2.000  0.263    0.000
  1  1 11 2002    0.000    0.000   0.000   0.000   0.000 0.000  20.000 138.001   0.199  0.065   27.000   55.187   55.187    0.022  0.161  0.110  0.013  2.000  0.263    0.000
  1  8 11 2002   96.900   29.614  49.285  27.238   1.087 1.001  20.000 205.619   0.199  0.065   27.000   55.187   55.187    0.022  0.161  0.110  0.013  2.000  0.263    5.084
  1 15 11 2002    0.000    0.000   0.000   0.000   0.000 0.000  20.000 172.807   0.199  0.065   27.000   55.188   55.188    0.022  0.161  0.110  0.013  2.000  0.263    0.000
  1  1 12 2002    2.800    0.000   0.000   0.000   0.000 0.000  20.000 162.168   0.199  0.065   27.000   55.188   55.188    0.022  0.161  0.110  0.013  2.000  0.263    0.000
  1 15 12 2002    4.100    0.000   0.000   0.000   0.000 0.000  20.000 154.525   0.199  0.065   27.000   55.188   55.188    0.022  0.161  0.110  0.013  2.000  0.263    0.000
  1 20 12 2002   54.100    8.300  59.347  24.358   0.341 1.001  20.000 228.249   0.199  0.065   27.000   55.188   55.188    0.022  0.161  0.110  0.013  2.000  0.263    1.459
  1  1  1 2003    0.000    0.000   0.000   0.000   0.000 0.000  20.000 163.453   0.199  0.065   27.000   55.189   55.189    0.022  0.161  0.110  0.013  2.000  0.263    0.000
  1 15  1 2003    0.000    0.000   0.000   0.000   0.000 0.000  20.000 154.397   0.199  0.065   27.000   55.189   55.189    0.022  0.161  0.110  0.013  2.000  0.263    0.000
  1  1  2 2003    0.000    0.000   0.000   0.000   0.000 0.000  20.000 148.978   0.199  0.065   27.000   55.189   55.189    0.022  0.161  0.110  0.013  2.000  0.263    0.000
  1 12  2 2003  130.700   75.813  58.485  56.540   1.341 1.001  20.000 212.130   0.199  0.065   27.000   55.190   55.190    0.022  0.161  0.110  0.013  2.000  0.263   10.637
  1 15  2 2003    0.000    0.000   0.000   0.000   0.000 0.000  20.000 202.252   0.199  0.065   27.000   55.190   55.190    0.022  0.161  0.110  0.013  2.000  0.263    0.000
  1  1  3 2003    0.000    0.000   0.000   0.000   0.000 0.000  20.000 168.326   0.199  0.065   27.000   55.190   55.190    0.022  0.161  0.110  0.013  2.000  0.263    0.000
  1 15  3 2003   96.400   33.618   0.000   4.872   6.900 1.001  20.000 211.624   0.199  0.065   27.000   55.190   55.190    0.022  0.161  0.110  0.013  2.000  0.263    5.344
  1  1  4 2003    0.000    0.000   0.000   0.000   0.000 0.000  20.000 151.288   0.199  0.065   27.000   55.191   55.191    0.022  0.161  0.110  0.013  2.000  0.263    0.000
  1 14  4 2003   30.400    0.058  79.191   0.131   0.441 1.001  20.000 175.075   0.199  0.065   27.000   55.191   55.191    0.022  0.161  0.110  0.013  2.000  0.263    0.000
  1 15  4 2003    2.000    0.000   0.000   0.000   0.000 0.000  20.000 173.281   0.199  0.065   27.000   55.191   55.191    0.022  0.161  0.110  0.013  2.000  0.263    0.000
  1  1  5 2003    0.000    0.000   0.000   0.000   0.000 0.000  20.000 149.143   0.199  0.065   27.000   55.191   55.191    0.022  0.161  0.110  0.013  2.000  0.263    0.000
  1 15  5 2003    0.000    0.000   0.000   0.000   0.000 0.000  20.000 151.662   0.199  0.065   27.000   55.192   55.192    0.022  0.161  0.110  0.013  2.000  0.263    0.000
  1  1  6 2003    0.000    0.000   0.000   0.000   0.000 0.000  20.000 143.317   0.199  0.065   27.000   55.192   55.192    0.022  0.161  0.110  0.013  2.000  0.263    0.000
  1 15  6 2003    0.000    0.000   0.000   0.000   0.000 0.000  20.000 139.587   0.199  0.065   27.000   55.192   55.192    0.022  0.161  0.110  0.013  2.000  0.263    0.000
  1  1  7 2003    0.000    0.000   0.000   0.000   0.000 0.000  20.000 138.567   0.199  0.065   27.000   55.193   55.193    0.022  0.161  0.110  0.013  2.000  0.263    0.000
  1 15  7 2003    0.000    0.000   0.000   0.000   0.000 0.000  20.000 138.445   0.199  0.065   27.000   55.193   55.193    0.022  0.161  0.110  0.013  2.000  0.263    0.000
  1  1  8 2003    0.000    0.000   0.000   0.000   0.000 0.000  20.000 138.392   0.199  0.065   27.000   55.193   55.193    0.022  0.161  0.110  0.013  2.000  0.263    0.000
  1 15  8 2003    0.000    0.000   0.000   0.000   0.000 0.000  20.000 138.354   0.199  0.065   27.000   55.194   55.194    0.022  0.161  0.110  0.013  2.000  0.263    0.000
  1  1  9 2003    0.000    0.000   0.000   0.000   0.000 0.000  20.000 138.308   0.199  0.065   27.000   55.194   55.194    0.022  0.161  0.110  0.013  2.000  0.263    0.000
  1 15  9 2003    0.000    0.000   0.000   0.000   0.000 0.000  20.000 138.271   0.199  0.065   27.000   55.194   55.194    0.022  0.161  0.110  0.013  2.000  0.263    0.000
  1  1 10 2003    0.000    0.000   0.000   0.000   0.000 0.000  20.000 138.228   0.199  0.065   27.000   55.195   55.195    0.022  0.161  0.110  0.013  2.000  0.263    0.000
  1 15 10 2003    0.000    0.000   0.000   0.000   0.000 0.000  20.000 138.190   0.199  0.065   27.000   55.195   55.195    0.022  0.161  0.110  0.013  2.000  0.263    0.000
  1  1 11 2003   14.400    0.000   0.000   0.000   0.000 0.000  20.000 155.045   0.199  0.065   27.000   55.195   55.195    0.022  0.161  0.110  0.013  2.000  0.263    0.000
  1 15 11 2003    0.500    0.000   0.000   0.000   0.000 0.000  20.000 148.272   0.199  0.065   27.000   55.196   55.196    0.022  0.161  0.110  0.013  2.000  0.263    0.000
  1  1 12 2003    0.000    0.000   0.000   0.000   0.000 0.000  20.000 145.793   0.199  0.065   27.000   55.196   55.196    0.022  0.161  0.110  0.013  2.000  0.263    0.000
  1 15 12 2003    0.000    0.000   0.000   0.000   0.000 0.000  20.000 152.341   0.199  0.065   27.000   55.196   55.196    0.022  0.161  0.110  0.013  2.000  0.263    0.000
  1  1  1 2004    0.000    0.000   0.000   0.000   0.000 0.000  20.000 171.739   0.199  0.065   27.000   55.197   55.197    0.022  0.161  0.110  0.013  2.000  0.263    0.000
  1 15  1 2004    0.000    0.000   0.000   0.000   0.000 0.000  20.000 153.117   0.199  0.065   27.000   55.197   55.197    0.022  0.161  0.110  0.013  2.000  0.263    0.000
  1  1  2 2004    0.000    0.000   0.000   0.000   0.000 0.000  20.000 149.497   0.199  0.065   27.000   55.198   55.198    0.022  0.161  0.110  0.013  2.000  0.263    0.000
  1 15  2 2004    0.000    0.000   0.000   0.000   0.000 0.000  20.000 153.004   0.199  0.065   27.000   55.198   55.198    0.022  0.161  0.110  0.013  2.000  0.263    0.000
  1 22  2 2004   48.300    2.081   0.000   0.743   2.800 1.001  20.000 217.665   0.199  0.065   27.000   55.198   55.198    0.022  0.161  0.110  0.013  2.000  0.263    0.000
  1 23  2 2004   21.500    0.293   0.000   0.131   2.239 1.001  20.000 231.786   0.199  0.065   27.000   55.198   55.198    0.022  0.161  0.110  0.013  2.000  0.263    0.000
  1 26  2 2004  108.200   72.577  43.911  49.089   1.478 1.001  20.000 249.627   0.199  0.065   27.000   55.198   55.198    0.022  0.161  0.110  0.013  2.000  0.263   10.650
  1  1  3 2004    7.000    0.000   0.000   0.000   0.000 0.000  20.000 208.040   0.199  0.065   27.000   55.198   55.198    0.022  0.161  0.110  0.013  2.000  0.263    0.000
  1 15  3 2004    0.000    0.000   0.000   0.000   0.000 0.000  20.000 153.961   0.199  0.065   27.000   55.198   55.198    0.022  0.161  0.110  0.013  2.000  0.263    0.000
  1  1  4 2004    2.300    0.000   0.000   0.000   0.000 0.000  20.000 146.024   0.199  0.065   27.000   55.199   55.199    0.022  0.161  0.110  0.013  2.000  0.263    0.000
  1 15  4 2004    0.000    0.000   0.000   0.000   0.000 0.000  20.000 141.666   0.199  0.065   27.000   55.199   55.199    0.022  0.161  0.110  0.013  2.000  0.263    0.000
  1  1  5 2004    0.000    0.000   0.000   0.000   0.000 0.000  20.000 138.882   0.199  0.065   27.000   55.200   55.200    0.022  0.161  0.110  0.013  2.000  0.263    0.000
  1 15  5 2004    0.000    0.000   0.000   0.000   0.000 0.000  20.000 138.490   0.199  0.065   27.000   55.200   55.200    0.022  0.161  0.110  0.013  2.000  0.263    0.000
  1  1  6 2004    0.000    0.000   0.000   0.000   0.000 0.000  20.000 138.406   0.199  0.065   27.000   55.200   55.200    0.022  0.161  0.110  0.013  2.000  0.263    0.000
  1 15  6 2004    0.000    0.000   0.000   0.000   0.000 0.000  20.000 138.365   0.199  0.065   27.000   55.201   55.201    0.022  0.161  0.110  0.013  2.000  0.263    0.000
  1  1  7 2004    0.000    0.000   0.000   0.000   0.000 0.000  20.000 138.322   0.199  0.065   27.000   55.201   55.201    0.022  0.161  0.110  0.013  2.000  0.263    0.000
  1 15  7 2004    0.000    0.000   0.000   0.000   0.000 0.000  20.000 138.284   0.199  0.065   27.000   55.201   55.201    0.022  0.161  0.110  0.013  2.000  0.263    0.000
  1  1  8 2004    0.000    0.000   0.000   0.000   0.000 0.000  20.000 138.238   0.199  0.065   27.000   55.202   55.202    0.022  0.161  0.110  0.013  2.000  0.263    0.000
  1 15  8 2004    0.000    0.000   0.000   0.000   0.000 0.000  20.000 138.200   0.199  0.065   27.000   55.202   55.202    0.022  0.161  0.110  0.013  2.000  0.263    0.000
  1  1  9 2004    0.000    0.000   0.000   0.000   0.000 0.000  20.000 138.155   0.199  0.065   27.000   55.202   55.202    0.022  0.161  0.110  0.013  2.000  0.263    0.000
  1 15  9 2004    0.000    0.000   0.000   0.000   0.000 0.000  20.000 138.117   0.199  0.065   27.000   55.203   55.203    0.022  0.161  0.110  0.013  2.000  0.263    0.000
  1  1 10 2004    0.000    0.000   0.000   0.000   0.000 0.000  20.000 138.074   0.199  0.065   27.000   55.203   55.203    0.022  0.161  0.110  0.013  2.000  0.263    0.000
  1 15 10 2004    0.000    0.000   0.000   0.000   0.000 0.000  20.000 138.036   0.199  0.065   27.000   55.203   55.203    0.022  0.161  0.110  0.013  2.000  0.263    0.000
  1 20 10 2004   74.900   37.818  74.138  92.992   0.407 1.001  20.000 220.476   0.199  0.065   27.000   55.203   55.203    0.022  0.161  0.110  0.013  2.000  0.263    4.440
  1 27 10 2004   45.800   13.788  92.700  55.670   0.248 1.001  20.000 219.030   0.199  0.065   27.000   55.204   55.204    0.022  0.161  0.110  0.013  2.000  0.263    1.944
  1  1 11 2004    0.000    0.000   0.000   0.000   0.000 0.000  20.000 180.070   0.199  0.065   27.000   55.204   55.204    0.022  0.161  0.110  0.013  2.000  0.263    0.000
  1 15 11 2004    0.000    0.000   0.000   0.000   0.000 0.000  20.000 152.187   0.199  0.065   27.000   55.204   55.204    0.022  0.161  0.110  0.013  2.000  0.263    0.000
  1  1 12 2004    0.000    0.000   0.000   0.000   0.000 0.000  20.000 154.667   0.199  0.065   27.000   55.204   55.204    0.022  0.161  0.110  0.013  2.000  0.263    0.000
  1 15 12 2004    0.000    0.000   0.000   0.000   0.000 0.000  20.000 154.026   0.199  0.065   27.000   55.205   55.205    0.022  0.161  0.110  0.013  2.000  0.263    0.000
  1 28 12 2004  106.500   56.699  39.352  48.893   1.160 1.001  20.000 215.552   0.199  0.065   27.000   55.205   55.205    0.022  0.161  0.110  0.013  2.000  0.263    8.329
  1 29 12 2004   91.100   69.217  37.138  56.430   1.227 1.001  20.000 231.768   0.199  0.065   27.000   55.205   55.205    0.022  0.161  0.110  0.013  2.000  0.263    9.716
  1 31 12 2004   75.400   36.906  30.473  32.829   1.124 1.001  20.000 249.646   0.199  0.065   27.000   55.205   55.205    0.022  0.161  0.110  0.013  2.000  0.263    6.062
  1  1  1 2005    0.000    0.000   0.000   0.000   0.000 0.000  20.000 236.338   0.199  0.065   27.000   55.205   55.205    0.022  0.161  0.110  0.013  2.000  0.263    0.000
  1  2  1 2005   20.700    0.009  24.466   0.131   0.067 1.001  20.000 244.074   0.199  0.065   27.000   55.205   55.205    0.022  0.161  0.110  0.013  2.000  0.263    0.000
  1  3  1 2005  166.100  146.500  26.022  51.816   2.827 1.001  20.000 249.677   0.199  0.065   27.000   55.205   55.205    0.022  0.161  0.110  0.013  2.000  0.263   21.136
  1  7  1 2005   48.500    3.861   0.000   0.613   6.300 1.001  20.000 249.663   0.199  0.065   27.000   55.205   55.205    0.022  0.161  0.110  0.013  2.000  0.263    0.000
  1  8  1 2005   58.600   44.470  41.406  46.579   0.955 1.001  20.000 249.666   0.199  0.065   27.000   55.205   55.205    0.022  0.161  0.110  0.013  2.000  0.263    6.630
  1  9  1 2005   92.900   78.733  31.933  58.489   1.346 1.001  20.000 249.662   0.199  0.065   27.000   55.205   55.205    0.022  0.161  0.110  0.013  2.000  0.263   10.923
  1 10  1 2005   87.400   73.282  37.458  60.019   1.221 1.001  20.000 249.667   0.199  0.065   27.000   55.205   55.205    0.022  0.161  0.110  0.013  2.000  0.263   10.079
  1 11  1 2005   71.900   57.688  24.132  46.476   1.241 1.001  20.000 249.658   0.199  0.065   27.000   55.205   55.205    0.022  0.161  0.110  0.013  2.000  0.263    8.607
  1 15  1 2005    0.000    0.000   0.000   0.000   0.000 0.000  20.000 202.823   0.199  0.065   27.000   55.205   55.205    0.022  0.161  0.110  0.013  2.000  0.263    0.000
  1  1  2 2005    0.000    0.000   0.000   0.000   0.000 0.000  20.000 172.378   0.199  0.065   27.000   55.206   55.206    0.022  0.161  0.110  0.013  2.000  0.263    0.000
  1 11  2 2005   69.300   12.201  76.771  34.613   0.353 1.001  20.000 208.982   0.199  0.065   27.000   55.206   55.206    0.022  0.161  0.110  0.013  2.000  0.263    1.977
  1 15  2 2005    0.000    0.000   0.000   0.000   0.000 0.000  20.000 193.492   0.199  0.065   27.000   55.206   55.206    0.022  0.161  0.110  0.013  2.000  0.263    0.000
  1 19  2 2005   71.300   43.207  43.726  45.251   0.955 1.001  20.000 244.870   0.199  0.065   27.000   55.206   55.206    0.022  0.161  0.110  0.013  2.000  0.263    6.498
  1 20  2 2005   53.000   34.175  38.061  52.621   0.649 1.001  20.000 249.484   0.199  0.065   27.000   55.206   55.206    0.022  0.161  0.110  0.013  2.000  0.263    4.906
  1 21  2 2005   65.700   50.967  39.396  50.936   1.001 1.001  20.000 249.626   0.199  0.065   27.000   55.206   55.206    0.022  0.161  0.110  0.013  2.000  0.263    7.393
  1 22  2 2005   48.800   34.123  26.854  37.980   0.898 1.001  20.000 249.618   0.199  0.065   27.000   55.206   55.206    0.022  0.161  0.110  0.013  2.000  0.263    5.395
  1 23  2 2005   15.400    1.686   0.000   0.401   4.200 1.001  20.000 248.626   0.199  0.065   27.000   55.206   55.206    0.022  0.161  0.110  0.013  2.000  0.263    0.000
  1  1  3 2005    0.000    0.000   0.000   0.000   0.000 0.000  20.000 188.176   0.199  0.065   27.000   55.206   55.206    0.022  0.161  0.110  0.013  2.000  0.263    0.000
  1 15  3 2005    0.000    0.000   0.000   0.000   0.000 0.000  20.000 153.432   0.199  0.065   27.000   55.207   55.207    0.022  0.161  0.110  0.013  2.000  0.263    0.000
  1 22  3 2005   45.600    2.263  70.578   4.286   0.528 1.001  20.000 197.799   0.199  0.065   27.000   55.207   55.207    0.022  0.161  0.110  0.013  2.000  0.263    0.330
  1  1  4 2005    0.000    0.000   0.000   0.000   0.000 0.000  20.000 160.140   0.199  0.065   27.000   55.207   55.207    0.022  0.161  0.110  0.013  2.000  0.263    0.000
  1 15  4 2005    0.000    0.000   0.000   0.000   0.000 0.000  20.000 147.797   0.199  0.065   27.000   55.207   55.207    0.022  0.161  0.110  0.013  2.000  0.263    0.000
  1  1  5 2005    0.000    0.000   0.000   0.000   0.000 0.000  20.000 158.604   0.199  0.065   27.000   55.208   55.208    0.022  0.161  0.110  0.013  2.000  0.263    0.000
  1 15  5 2005    0.000    0.000   0.000   0.000   0.000 0.000  20.000 151.808   0.199  0.065   27.000   55.208   55.208    0.022  0.161  0.110  0.013  2.000  0.263    0.000
  1  1  6 2005    0.000    0.000   0.000   0.000   0.000 0.000  20.000 143.971   0.199  0.065   27.000   55.208   55.208    0.022  0.161  0.110  0.013  2.000  0.263    0.000
  1 15  6 2005    0.000    0.000   0.000   0.000   0.000 0.000  20.000 139.418   0.199  0.065   27.000   55.209   55.209    0.022  0.161  0.110  0.013  2.000  0.263    0.000
  1  1  7 2005    0.000    0.000   0.000   0.000   0.000 0.000  20.000 138.549   0.199  0.065   27.000   55.209   55.209    0.022  0.161  0.110  0.013  2.000  0.263    0.000
  1 15  7 2005    0.000    0.000   0.000   0.000   0.000 0.000  20.000 138.438   0.199  0.065   27.000   55.209   55.209    0.022  0.161  0.110  0.013  2.000  0.263    0.000
  1  1  8 2005    0.000    0.000   0.000   0.000   0.000 0.000  20.000 138.385   0.199  0.065   27.000   55.210   55.210    0.022  0.161  0.110  0.013  2.000  0.263    0.000
  1 15  8 2005    0.000    0.000   0.000   0.000   0.000 0.000  20.000 138.347   0.199  0.065   27.000   55.210   55.210    0.022  0.161  0.110  0.013  2.000  0.263    0.000
  1  1  9 2005    0.000    0.000   0.000   0.000   0.000 0.000  20.000 138.301   0.199  0.065   27.000   55.210   55.210    0.022  0.161  0.110  0.013  2.000  0.263    0.000
  1 15  9 2005    0.000    0.000   0.000   0.000   0.000 0.000  20.000 138.264   0.199  0.065   27.000   55.211   55.211    0.022  0.161  0.110  0.013  2.000  0.263    0.000
  1  1 10 2005    0.000    0.000   0.000   0.000   0.000 0.000  20.000 138.542   0.199  0.065   27.000   55.211   55.211    0.022  0.161  0.110  0.013  2.000  0.263    0.000
  1 15 10 2005    0.000    0.000   0.000   0.000   0.000 0.000  20.000 138.262   0.199  0.065   27.000   55.211   55.211    0.022  0.161  0.110  0.013  2.000  0.263    0.000
  1  1 11 2005    0.000    0.000   0.000   0.000   0.000 0.000  20.000 151.570   0.199  0.065   27.000   55.212   55.212    0.022  0.161  0.110  0.013  2.000  0.263    0.000
  1 15 11 2005    0.000    0.000   0.000   0.000   0.000 0.000  20.000 159.183   0.199  0.065   27.000   55.212   55.212    0.022  0.161  0.110  0.013  2.000  0.263    0.000
  1  1 12 2005    0.000    0.000   0.000   0.000   0.000 0.000  20.000 150.122   0.199  0.065   27.000   55.213   55.213    0.022  0.161  0.110  0.013  2.000  0.263    0.000
  1 15 12 2005    0.000    0.000   0.000   0.000   0.000 0.000  20.000 148.673   0.199  0.065   27.000   55.213   55.213    0.022  0.161  0.110  0.013  2.000  0.263    0.000
  1  1  1 2006   20.200    0.000   0.000   0.000   0.000 0.000  20.000 196.905   0.199  0.065   27.000   55.213   55.213    0.022  0.161  0.110  0.013  2.000  0.263    0.000
  1  2  1 2006   92.600   57.905  24.416  21.334   2.714 1.001  20.000 226.660   0.199  0.065   27.000   55.213   55.213    0.022  0.161  0.110  0.013  2.000  0.263   10.432
  1 15  1 2006    0.000    0.000   0.000   0.000   0.000 0.000  20.000 161.921   0.199  0.065   27.000   55.214   55.214    0.022  0.161  0.110  0.013  2.000  0.263    0.000
  1  1  2 2006    0.000    0.000   0.000   0.000   0.000 0.000  20.000 150.511   0.199  0.065   27.000   55.214   55.214    0.022  0.161  0.110  0.013  2.000  0.263    0.000
  1 15  2 2006    0.000    0.000   0.000   0.000   0.000 0.000  20.000 147.156   0.199  0.065   27.000   55.214   55.214    0.022  0.161  0.110  0.013  2.000  0.263    0.000
  1 28  2 2006   61.700   19.352  48.174  30.219   0.640 1.001  20.000 216.683   0.199  0.065   27.000   55.215   55.215    0.022  0.161  0.110  0.013  2.000  0.263    3.243
  1  1  3 2006    0.000    0.000   0.000   0.000   0.000 0.000  20.000 210.822   0.199  0.065   27.000   55.215   55.215    0.022  0.161  0.110  0.013  2.000  0.263    0.000
  1 15  3 2006    0.000    0.000   0.000   0.000   0.000 0.000  20.000 161.971   0.199  0.065   27.000   55.215   55.215    0.022  0.161  0.110  0.013  2.000  0.263    0.000
  1 28  3 2006   69.300    9.976  49.875  35.303   0.283 1.001  20.000 211.616   0.199  0.065   27.000   55.215   55.215    0.022  0.161  0.110  0.013  2.000  0.263    1.608
  1  1  4 2006   12.900    0.000   0.000   0.000   0.000 0.000  20.000 205.064   0.199  0.065   27.000   55.215   55.215    0.022  0.161  0.110  0.013  2.000  0.263    0.000
  1  4  4 2006   39.100    0.120  44.227   1.070   0.112 1.001  20.000 230.561   0.199  0.065   27.000   55.215   55.215    0.022  0.161  0.110  0.013  2.000  0.263    0.000
  1 15  4 2006    1.300    0.000   0.000   0.000   0.000 0.000  20.000 169.119   0.199  0.065   27.000   55.216   55.216    0.022  0.161  0.110  0.013  2.000  0.263    0.000
  1  1  5 2006    0.000    0.000   0.000   0.000   0.000 0.000  20.000 148.906   0.199  0.065   27.000   55.216   55.216    0.022  0.161  0.110  0.013  2.000  0.263    0.000
  1 15  5 2006    0.000    0.000   0.000   0.000   0.000 0.000  20.000 143.420   0.199  0.065   27.000   55.216   55.216    0.022  0.161  0.110  0.013  2.000  0.263    0.000
  1  1  6 2006    0.000    0.000   0.000   0.000   0.000 0.000  20.000 152.808   0.199  0.065   27.000   55.217   55.217    0.022  0.161  0.110  0.013  2.000  0.263    0.000
  1 15  6 2006    0.000    0.000   0.000   0.000   0.000 0.000  20.000 144.076   0.199  0.065   27.000   55.217   55.217    0.022  0.161  0.110  0.013  2.000  0.263    0.000
  1  1  7 2006    0.000    0.000   0.000   0.000   0.000 0.000  20.000 138.962   0.199  0.065   27.000   55.217   55.217    0.022  0.161  0.110  0.013  2.000  0.263    0.000
  1 15  7 2006    0.000    0.000   0.000   0.000   0.000 0.000  20.000 138.521   0.199  0.065   27.000   55.218   55.218    0.022  0.161  0.110  0.013  2.000  0.263    0.000
  1  1  8 2006    0.000    0.000   0.000   0.000   0.000 0.000  20.000 138.446   0.199  0.065   27.000   55.218   55.218    0.022  0.161  0.110  0.013  2.000  0.263    0.000
  1 15  8 2006    0.000    0.000   0.000   0.000   0.000 0.000  20.000 138.407   0.199  0.065   27.000   55.218   55.218    0.022  0.161  0.110  0.013  2.000  0.263    0.000
  1  1  9 2006    0.000    0.000   0.000   0.000   0.000 0.000  20.000 138.361   0.199  0.065   27.000   55.219   55.219    0.022  0.161  0.110  0.013  2.000  0.263    0.000
  1 15  9 2006    0.000    0.000   0.000   0.000   0.000 0.000  20.000 138.323   0.199  0.065   27.000   55.219   55.219    0.022  0.161  0.110  0.013  2.000  0.263    0.000
  1  1 10 2006    0.500    0.000   0.000   0.000   0.000 0.000  20.000 138.280   0.199  0.065   27.000   55.219   55.219    0.022  0.161  0.110  0.013  2.000  0.263    0.000
  1 15 10 2006    0.000    0.000   0.000   0.000   0.000 0.000  20.000 139.023   0.199  0.065   27.000   55.220   55.220    0.022  0.161  0.110  0.013  2.000  0.263    0.000
  1  1 11 2006    0.000    0.000   0.000   0.000   0.000 0.000  20.000 138.375   0.199  0.065   27.000   55.220   55.220    0.022  0.161  0.110  0.013  2.000  0.263    0.000
  1 15 11 2006    0.000    0.000   0.000   0.000   0.000 0.000  20.000 138.217   0.199  0.065   27.000   55.220   55.220    0.022  0.161  0.110  0.013  2.000  0.263    0.000
  1  1 12 2006    0.000    0.000   0.000   0.000   0.000 0.000  20.000 139.718   0.199  0.065   27.000   55.221   55.221    0.022  0.161  0.110  0.013  2.000  0.263    0.000
  1 15 12 2006    0.000    0.000   0.000   0.000   0.000 0.000  20.000 144.490   0.199  0.065   27.000   55.221   55.221    0.022  0.161  0.110  0.013  2.000  0.263    0.000
  1  1  1 2007    0.000    0.000   0.000   0.000   0.000 0.000  20.000 144.820   0.199  0.065   27.000   55.221   55.221    0.022  0.161  0.110  0.013  2.000  0.263    0.000
  1 15  1 2007    0.000    0.000   0.000   0.000   0.000 0.000  20.000 143.457   0.199  0.065   27.000   55.222   55.222    0.022  0.161  0.110  0.013  2.000  0.263    0.000
  1  1  2 2007    0.000    0.000   0.000   0.000   0.000 0.000  20.000 179.132   0.199  0.065   27.000   55.222   55.222    0.022  0.161  0.110  0.013  2.000  0.263    0.000
  1 15  2 2007    0.000    0.000   0.000   0.000   0.000 0.000  20.000 155.580   0.199  0.065   27.000   55.222   55.222    0.022  0.161  0.110  0.013  2.000  0.263    0.000
  1  1  3 2007    0.000    0.000   0.000   0.000   0.000 0.000  20.000 161.325   0.199  0.065   27.000   55.223   55.223    0.022  0.161  0.110  0.013  2.000  0.263    0.000
  1 15  3 2007    0.000    0.000   0.000   0.000   0.000 0.000  20.000 149.508   0.199  0.065   27.000   55.223   55.223    0.022  0.161  0.110  0.013  2.000  0.263    0.000
  1  1  4 2007    0.000    0.000   0.000   0.000   0.000 0.000  20.000 145.346   0.199  0.065   27.000   55.223   55.223    0.022  0.161  0.110  0.013  2.000  0.263    0.000
  1 15  4 2007    0.000    0.000   0.000   0.000   0.000 0.000  20.000 140.994   0.199  0.065   27.000   55.224   55.224    0.022  0.161  0.110  0.013  2.000  0.263    0.000
  1  1  5 2007    0.000    0.000   0.000   0.000   0.000 0.000  20.000 145.248   0.199  0.065   27.000   55.224   55.224    0.022  0.161  0.110  0.013  2.000  0.263    0.000
  1 15  5 2007    0.000    0.000   0.000   0.000   0.000 0.000  20.000 140.053   0.199  0.065   27.000   55.224   55.224    0.022  0.161  0.110  0.013  2.000  0.263    0.000
  1  1  6 2007    0.000    0.000   0.000   0.000   0.000 0.000  20.000 138.520   0.199  0.065   27.000   55.225   55.225    0.022  0.161  0.110  0.013  2.000  0.263    0.000
  1 15  6 2007    0.000    0.000   0.000   0.000   0.000 0.000  20.000 138.353   0.199  0.065   27.000   55.225   55.225    0.022  0.161  0.110  0.013  2.000  0.263    0.000
  1  1  7 2007    0.000    0.000   0.000   0.000   0.000 0.000  20.000 138.294   0.199  0.065   27.000   55.225   55.225    0.022  0.161  0.110  0.013  2.000  0.263    0.000
  1 15  7 2007    0.000    0.000   0.000   0.000   0.000 0.000  20.000 138.255   0.199  0.065   27.000   55.226   55.226    0.022  0.161  0.110  0.013  2.000  0.263    0.000
  1  1  8 2007    0.000    0.000   0.000   0.000   0.000 0.000  20.000 138.210   0.199  0.065   27.000   55.226   55.226    0.022  0.161  0.110  0.013  2.000  0.263    0.000
  1 15  8 2007    0.000    0.000   0.000   0.000   0.000 0.000  20.000 138.172   0.199  0.065   27.000   55.226   55.226    0.022  0.161  0.110  0.013  2.000  0.263    0.000
  1  1  9 2007    0.000    0.000   0.000   0.000   0.000 0.000  20.000 138.126   0.199  0.065   27.000   55.227   55.227    0.022  0.161  0.110  0.013  2.000  0.263    0.000
  1 15  9 2007    0.000    0.000   0.000   0.000   0.000 0.000  20.000 138.088   0.199  0.065   27.000   55.227   55.227    0.022  0.161  0.110  0.013  2.000  0.263    0.000
  1  1 10 2007    0.000    0.000   0.000   0.000   0.000 0.000  20.000 139.433   0.199  0.065   27.000   55.227   55.227    0.022  0.161  0.110  0.013  2.000  0.263    0.000
  1 15 10 2007    0.000    0.000   0.000   0.000   0.000 0.000  20.000 144.566   0.199  0.065   27.000   55.228   55.228    0.022  0.161  0.110  0.013  2.000  0.263    0.000
  1  1 11 2007    0.000    0.000   0.000   0.000   0.000 0.000  20.000 139.881   0.199  0.065   27.000   55.228   55.228    0.022  0.161  0.110  0.013  2.000  0.263    0.000
  1 15 11 2007   15.200    0.000   0.000   0.000   0.000 0.000  20.000 152.857   0.199  0.065   27.000   55.228   55.228    0.022  0.161  0.110  0.013  2.000  0.263    0.000
  1  1 12 2007    0.000    0.000   0.000   0.000   0.000 0.000  20.000 146.910   0.199  0.065   27.000   55.229   55.229    0.022  0.161  0.110  0.013  2.000  0.263    0.000
  1 15 12 2007    0.000    0.000   0.000   0.000   0.000 0.000  20.000 170.006   0.199  0.065   27.000   55.229   55.229    0.022  0.161  0.110  0.013  2.000  0.263    0.000
  1  1  1 2008    0.000    0.000   0.000   0.000   0.000 0.000  20.000 165.792   0.199  0.065   27.000   55.230   55.230    0.022  0.161  0.110  0.013  2.000  0.263    0.000
  1  6  1 2008   43.100    7.985   0.000   1.901   4.200 1.001  20.000 230.998   0.199  0.065   27.000   55.230   55.230    0.022  0.161  0.110  0.013  2.000  0.263    0.172
  1  7  1 2008   23.500    0.009  21.815   0.131   0.068 1.001  20.000 244.282   0.199  0.065   27.000   55.230   55.230    0.022  0.161  0.110  0.013  2.000  0.263    0.000
  1 15  1 2008    0.000    0.000   0.000   0.000   0.000 0.000  20.000 173.302   0.199  0.065   27.000   55.230   55.230    0.022  0.161  0.110  0.013  2.000  0.263    0.000
  1 25  1 2008   87.400   55.747  23.547  54.797   1.017 1.001  20.000 237.842   0.199  0.065   27.000   55.230   55.230    0.022  0.161  0.110  0.013  2.000  0.263    7.898
  1 27  1 2008   58.600   37.231  37.531  33.380   1.115 1.001  20.000 249.668   0.199  0.065   27.000   55.230   55.230    0.022  0.161  0.110  0.013  2.000  0.263    6.088
  1 28  1 2008   44.900   30.823   0.000   5.314   5.800 1.001  20.000 249.670   0.199  0.065   27.000   55.230   55.230    0.022  0.161  0.110  0.013  2.000  0.263    5.120
  1  1  2 2008    0.000    0.000   0.000   0.000   0.000 0.000  20.000 202.567   0.199  0.065   27.000   55.230   55.230    0.022  0.161  0.110  0.013  2.000  0.263    0.000
  1 15  2 2008    0.000    0.000   0.000   0.000   0.000 0.000  20.000 155.329   0.199  0.065   27.000   55.231   55.231    0.022  0.161  0.110  0.013  2.000  0.263    0.000
  1  1  3 2008    0.000    0.000   0.000   0.000   0.000 0.000  20.000 168.429   0.199  0.065   27.000   55.231   55.231    0.022  0.161  0.110  0.013  2.000  0.263    0.000
  1 15  3 2008    3.200    0.000   0.000   0.000   0.000 0.000  20.000 151.131   0.199  0.065   27.000   55.231   55.231    0.022  0.161  0.110  0.013  2.000  0.263    0.000
  1  1  4 2008    0.000    0.000   0.000   0.000   0.000 0.000  20.000 147.936   0.199  0.065   27.000   55.232   55.232    0.022  0.161  0.110  0.013  2.000  0.263    0.000
  1 15  4 2008    0.000    0.000   0.000   0.000   0.000 0.000  20.000 143.339   0.199  0.065   27.000   55.232   55.232    0.022  0.161  0.110  0.013  2.000  0.263    0.000
  1  1  5 2008    0.000    0.000   0.000   0.000   0.000 0.000  20.000 139.100   0.199  0.065   27.000   55.232   55.232    0.022  0.161  0.110  0.013  2.000  0.263    0.000
  1 15  5 2008    0.000    0.000   0.000   0.000   0.000 0.000  20.000 138.664   0.199  0.065   27.000   55.233   55.233    0.022  0.161  0.110  0.013  2.000  0.263    0.000
  1  1  6 2008    0.000    0.000   0.000   0.000   0.000 0.000  20.000 139.395   0.199  0.065   27.000   55.233   55.233    0.022  0.161  0.110  0.013  2.000  0.263    0.000
  1 15  6 2008    0.000    0.000   0.000   0.000   0.000 0.000  20.000 138.453   0.199  0.065   27.000   55.233   55.233    0.022  0.161  0.110  0.013  2.000  0.263    0.000
  1  1  7 2008    0.000    0.000   0.000   0.000   0.000 0.000  20.000 138.307   0.199  0.065   27.000   55.234   55.234    0.022  0.161  0.110  0.013  2.000  0.263    0.000
  1 15  7 2008    0.000    0.000   0.000   0.000   0.000 0.000  20.000 138.263   0.199  0.065   27.000   55.234   55.234    0.022  0.161  0.110  0.013  2.000  0.263    0.000
  1  1  8 2008    0.000    0.000   0.000   0.000   0.000 0.000  20.000 138.217   0.199  0.065   27.000   55.234   55.234    0.022  0.161  0.110  0.013  2.000  0.263    0.000
  1 15  8 2008    0.000    0.000   0.000   0.000   0.000 0.000  20.000 138.179   0.199  0.065   27.000   55.235   55.235    0.022  0.161  0.110  0.013  2.000  0.263    0.000
  1  1  9 2008    0.000    0.000   0.000   0.000   0.000 0.000  20.000 138.134   0.199  0.065   27.000   55.235   55.235    0.022  0.161  0.110  0.013  2.000  0.263    0.000
  1 15  9 2008    0.000    0.000   0.000   0.000   0.000 0.000  20.000 138.096   0.199  0.065   27.000   55.235   55.235    0.022  0.161  0.110  0.013  2.000  0.263    0.000
  1  1 10 2008    0.000    0.000   0.000   0.000   0.000 0.000  20.000 138.053   0.199  0.065   27.000   55.236   55.236    0.022  0.161  0.110  0.013  2.000  0.263    0.000
  1 15 10 2008    0.000    0.000   0.000   0.000   0.000 0.000  20.000 138.249   0.199  0.065   27.000   55.236   55.236    0.022  0.161  0.110  0.013  2.000  0.263    0.000
  1  1 11 2008    5.900    0.000   0.000   0.000   0.000 0.000  20.000 141.727   0.199  0.065   27.000   55.236   55.236    0.022  0.161  0.110  0.013  2.000  0.263    0.000
  1 15 11 2008    0.000    0.000   0.000   0.000   0.000 0.000  20.000 143.066   0.199  0.065   27.000   55.237   55.237    0.022  0.161  0.110  0.013  2.000  0.263    0.000
  1  1 12 2008    0.000    0.000   0.000   0.000   0.000 0.000  20.000 160.052   0.199  0.065   27.000   55.237   55.237    0.022  0.161  0.110  0.013  2.000  0.263    0.000
  1 15 12 2008   72.000   14.425  78.763  40.188   0.359 1.001  20.000 207.981   0.199  0.065   27.000   55.237   55.237    0.022  0.161  0.110  0.013  2.000  0.263    2.244
  1  1  1 2009    0.000    0.000   0.000   0.000   0.000 0.000  20.000 160.982   0.199  0.065   27.000   55.238   55.238    0.022  0.161  0.110  0.013  2.000  0.263    0.000
  1 15  1 2009    0.000    0.000   0.000   0.000   0.000 0.000  20.000 150.862   0.199  0.065   27.000   55.238   55.238    0.022  0.161  0.110  0.013  2.000  0.263    0.000
  1  1  2 2009    0.000    0.000   0.000   0.000   0.000 0.000  20.000 153.948   0.199  0.065   27.000   55.238   55.238    0.022  0.161  0.110  0.013  2.000  0.263    0.000
  1 15  2 2009    0.000    0.000   0.000   0.000   0.000 0.000  20.000 189.276   0.199  0.065   27.000   55.239   55.239    0.022  0.161  0.110  0.013  2.000  0.263    0.000
  1 16  2 2009   66.800   15.287  42.690  24.424   0.626 1.001  20.000 233.571   0.199  0.065   27.000   55.239   55.239    0.022  0.161  0.110  0.013  2.000  0.263    2.684
  1  1  3 2009    0.000    0.000   0.000   0.000   0.000 0.000  20.000 158.118   0.199  0.065   27.000   55.239   55.239    0.022  0.161  0.110  0.013  2.000  0.263    0.000
  1 15  3 2009    0.000    0.000   0.000   0.000   0.000 0.000  20.000 151.868   0.199  0.065   27.000   55.239   55.239    0.022  0.161  0.110  0.013  2.000  0.263    0.000
  1  1  4 2009    0.000    0.000   0.000   0.000   0.000 0.000  20.000 147.106   0.199  0.065   27.000   55.240   55.240    0.022  0.161  0.110  0.013  2.000  0.263    0.000
  1 15  4 2009    0.000    0.000   0.000   0.000   0.000 0.000  20.000 142.542   0.199  0.065   27.000   55.240   55.240    0.022  0.161  0.110  0.013  2.000  0.263    0.000
  1  1  5 2009    0.000    0.000   0.000   0.000   0.000 0.000  20.000 139.016   0.199  0.065   27.000   55.240   55.240    0.022  0.161  0.110  0.013  2.000  0.263    0.000
  1 15  5 2009    0.000    0.000   0.000   0.000   0.000 0.000  20.000 138.502   0.199  0.065   27.000   55.241   55.241    0.022  0.161  0.110  0.013  2.000  0.263    0.000
  1  1  6 2009    0.000    0.000   0.000   0.000   0.000 0.000  20.000 138.391   0.199  0.065   27.000   55.241   55.241    0.022  0.161  0.110  0.013  2.000  0.263    0.000
  1 15  6 2009    0.000    0.000   0.000   0.000   0.000 0.000  20.000 139.462   0.199  0.065   27.000   55.241   55.241    0.022  0.161  0.110  0.013  2.000  0.263    0.000
  1  1  7 2009    0.000    0.000   0.000   0.000   0.000 0.000  20.000 138.397   0.199  0.065   27.000   55.242   55.242    0.022  0.161  0.110  0.013  2.000  0.263    0.000
  1 15  7 2009    0.000    0.000   0.000   0.000   0.000 0.000  20.000 138.274   0.199  0.065   27.000   55.242   55.242    0.022  0.161  0.110  0.013  2.000  0.263    0.000
  1  1  8 2009    0.000    0.000   0.000   0.000   0.000 0.000  20.000 138.221   0.199  0.065   27.000   55.242   55.242    0.022  0.161  0.110  0.013  2.000  0.263    0.000
  1 15  8 2009    0.000    0.000   0.000   0.000   0.000 0.000  20.000 138.183   0.199  0.065   27.000   55.243   55.243    0.022  0.161  0.110  0.013  2.000  0.263    0.000
  1  1  9 2009    0.000    0.000   0.000   0.000   0.000 0.000  20.000 138.137   0.199  0.065   27.000   55.243   55.243    0.022  0.161  0.110  0.013  2.000  0.263    0.000
  1 15  9 2009    0.000    0.000   0.000   0.000   0.000 0.000  20.000 138.099   0.199  0.065   27.000   55.243   55.243    0.022  0.161  0.110  0.013  2.000  0.263    0.000
  1  1 10 2009    0.000    0.000   0.000   0.000   0.000 0.000  20.000 138.056   0.199  0.065   27.000   55.244   55.244    0.022  0.161  0.110  0.013  2.000  0.263    0.000
  1 14 10 2009   71.600   15.900  86.194  55.097   0.289 1.001  20.000 198.174   0.199  0.065   27.000   55.244   55.244    0.022  0.161  0.110  0.013  2.000  0.263    2.248
  1 15 10 2009    1.000    0.000   0.000   0.000   0.000 0.000  20.000 194.774   0.199  0.065   27.000   55.244   55.244    0.022  0.161  0.110  0.013  2.000  0.263    0.000
  1  1 11 2009    0.000    0.000   0.000   0.000   0.000 0.000  20.000 150.559   0.199  0.065   27.000   55.245   55.245    0.022  0.161  0.110  0.013  2.000  0.263    0.000
  1 15 11 2009    0.000    0.000   0.000   0.000   0.000 0.000  20.000 147.056   0.199  0.065   27.000   55.245   55.245    0.022  0.161  0.110  0.013  2.000  0.263    0.000
  1  1 12 2009    0.000    0.000   0.000   0.000   0.000 0.000  20.000 143.990   0.199  0.065   27.000   55.245   55.245    0.022  0.161  0.110  0.013  2.000  0.263    0.000
  1 12 12 2009   38.900   11.490  30.434  20.188   0.569 1.001  20.000 231.067   0.199  0.065   27.000   55.245   55.245    0.022  0.161  0.110  0.013  2.000  0.263    2.089
  1 15 12 2009    0.000    0.000   0.000   0.000   0.000 0.000  20.000 209.738   0.199  0.065   27.000   55.246   55.246    0.022  0.161  0.110  0.013  2.000  0.263    0.000
  1  1  1 2010    0.000    0.000   0.000   0.000   0.000 0.000  20.000 155.119   0.199  0.065   27.000   55.246   55.246    0.022  0.161  0.110  0.013  2.000  0.263    0.000
  1 15  1 2010    0.000    0.000   0.000   0.000   0.000 0.000  20.000 154.193   0.199  0.065   27.000   55.246   55.246    0.022  0.161  0.110  0.013  2.000  0.263    0.000
  1 18  1 2010   51.500    4.033   0.000   0.552   7.300 1.001  20.000 214.255   0.199  0.065   27.000   55.246   55.246    0.022  0.161  0.110  0.013  2.000  0.263    0.000
  1 19  1 2010   20.200    0.157   0.000   0.131   1.198 1.001  20.000 229.047   0.199  0.065   27.000   55.246   55.246    0.022  0.161  0.110  0.013  2.000  0.263    0.000
  1 20  1 2010   45.400   19.754  34.693  33.596   0.588 1.001  20.000 245.545   0.199  0.065   27.000   55.246   55.246    0.022  0.161  0.110  0.013  2.000  0.263    3.224
  1 21  1 2010   30.300   12.871  30.742  29.381   0.438 1.001  20.000 249.697   0.199  0.065   27.000   55.246   55.246    0.022  0.161  0.110  0.013  2.000  0.263    2.171
  1 22  1 2010   13.800    0.231   0.000   0.131   1.766 1.001  20.000 249.487   0.199  0.065   27.000   55.246   55.246    0.022  0.161  0.110  0.013  2.000  0.263    0.000
  1  1  2 2010    0.000    0.000   0.000   0.000   0.000 0.000  20.000 167.115   0.199  0.065   27.000   55.247   55.247    0.022  0.161  0.110  0.013  2.000  0.263    0.000
  1  5  2 2010   58.100    0.435   0.000   0.131   3.325 1.001  20.000 214.091   0.199  0.065   27.000   55.247   55.247    0.022  0.161  0.110  0.013  2.000  0.263    0.000
  1  6  2 2010   46.000   24.430  32.584  34.610   0.706 1.001  20.000 229.878   0.199  0.065   27.000   55.247   55.247    0.022  0.161  0.110  0.013  2.000  0.263    3.957
  1 15  2 2010    0.000    0.000   0.000   0.000   0.000 0.000  20.000 170.313   0.199  0.065   27.000   55.247   55.247    0.022  0.161  0.110  0.013  2.000  0.263    0.000
  1 27  2 2010   44.800    2.314   0.000   0.445   5.200 1.001  20.000 218.403   0.199  0.065   27.000   55.247   55.247    0.022  0.161  0.110  0.013  2.000  0.263    0.000
  1  1  3 2010    0.000    0.000   0.000   0.000   0.000 0.000  20.000 203.281   0.199  0.065   27.000   55.247   55.247    0.022  0.161  0.110  0.013  2.000  0.263    0.000
  1 15  3 2010    0.000    0.000   0.000   0.000   0.000 0.000  20.000 153.922   0.199  0.065   27.000   55.248   55.248    0.022  0.161  0.110  0.013  2.000  0.263    0.000
  1  1  4 2010    0.000    0.000   0.000   0.000   0.000 0.000  20.000 146.065   0.199  0.065   27.000   55.248   55.248    0.022  0.161  0.110  0.013  2.000  0.263    0.000
  1 15  4 2010    0.000    0.000   0.000   0.000   0.000 0.000  20.000 157.877   0.199  0.065   27.000   55.248   55.248    0.022  0.161  0.110  0.013  2.000  0.263    0.000
  1  1  5 2010    0.000    0.000   0.000   0.000   0.000 0.000  20.000 149.355   0.199  0.065   27.000   55.249   55.249    0.022  0.161  0.110  0.013  2.000  0.263    0.000
  1 15  5 2010    0.000    0.000   0.000   0.000   0.000 0.000  20.000 143.752   0.199  0.065   27.000   55.249   55.249    0.022  0.161  0.110  0.013  2.000  0.263    0.000
  1  1  6 2010    0.000    0.000   0.000   0.000   0.000 0.000  20.000 139.363   0.199  0.065   27.000   55.249   55.249    0.022  0.161  0.110  0.013  2.000  0.263    0.000
  1 15  6 2010    0.000    0.000   0.000   0.000   0.000 0.000  20.000 138.562   0.199  0.065   27.000   55.250   55.250    0.022  0.161  0.110  0.013  2.000  0.263    0.000
  1  1  7 2010    0.000    0.000   0.000   0.000   0.000 0.000  20.000 138.420   0.199  0.065   27.000   55.250   55.250    0.022  0.161  0.110  0.013  2.000  0.263    0.000
  1 15  7 2010    0.000    0.000   0.000   0.000   0.000 0.000  20.000 138.373   0.199  0.065   27.000   55.250   55.250    0.022  0.161  0.110  0.013  2.000  0.263    0.000
  1  1  8 2010    0.000    0.000   0.000   0.000   0.000 0.000  20.000 138.327   0.199  0.065   27.000   55.251   55.251    0.022  0.161  0.110  0.013  2.000  0.263    0.000
  1 15  8 2010    0.000    0.000   0.000   0.000   0.000 0.000  20.000 138.289   0.199  0.065   27.000   55.251   55.251    0.022  0.161  0.110  0.013  2.000  0.263    0.000
  1  1  9 2010    0.000    0.000   0.000   0.000   0.000 0.000  20.000 138.243   0.199  0.065   27.000   55.251   55.251    0.022  0.161  0.110  0.013  2.000  0.263    0.000
  1 15  9 2010    0.000    0.000   0.000   0.000   0.000 0.000  20.000 138.205   0.199  0.065   27.000   55.252   55.252    0.022  0.161  0.110  0.013  2.000  0.263    0.000
  1  1 10 2010    0.000    0.000   0.000   0.000   0.000 0.000  20.000 138.162   0.199  0.065   27.000   55.252   55.252    0.022  0.161  0.110  0.013  2.000  0.263    0.000
  1 15 10 2010    0.000    0.000   0.000   0.000   0.000 0.000  20.000 152.374   0.199  0.065   27.000   55.252   55.252    0.022  0.161  0.110  0.013  2.000  0.263    0.000
  1  1 11 2010    0.000    0.000   0.000   0.000   0.000 0.000  20.000 160.675   0.199  0.065   27.000   55.253   55.253    0.022  0.161  0.110  0.013  2.000  0.263    0.000
  1 15 11 2010    0.000    0.000   0.000   0.000   0.000 0.000  20.000 151.127   0.199  0.065   27.000   55.253   55.253    0.022  0.161  0.110  0.013  2.000  0.263    0.000
  1  1 12 2010    0.000    0.000   0.000   0.000   0.000 0.000  20.000 155.607   0.199  0.065   27.000   55.253   55.253    0.022  0.161  0.110  0.013  2.000  0.263    0.000
  1 15 12 2010    0.500    0.000   0.000   0.000   0.000 0.000  20.000 152.577   0.199  0.065   27.000   55.254   55.254    0.022  0.161  0.110  0.013  2.000  0.263    0.000
  1 18 12 2010   79.000   36.267  41.484  39.869   0.910 1.001  20.000 217.177   0.199  0.065   27.000   55.254   55.254    0.022  0.161  0.110  0.013  2.000  0.263    5.654
  1 19 12 2010   70.200   49.082  99.683 111.889   0.439 1.001  20.000 232.889   0.199  0.065   27.000   55.254   55.254    0.022  0.161  0.110  0.013  2.000  0.263    5.350
  1 20 12 2010   36.600   10.982  39.829  28.561   0.385 1.001  20.000 248.521   0.199  0.065   27.000   55.254   55.254    0.022  0.161  0.110  0.013  2.000  0.263    1.864
  1 21 12 2010   28.200   13.311  24.839  62.396   0.213 1.001  20.000 249.695   0.199  0.065   27.000   55.254   55.254    0.022  0.161  0.110  0.013  2.000  0.263    1.806
  1 22 12 2010   30.000   16.235  37.908  35.901   0.452 1.001  20.000 249.697   0.199  0.065   27.000   55.254   55.254    0.022  0.161  0.110  0.013  2.000  0.263    2.605
  1  1  1 2011    0.000    0.000   0.000   0.000   0.000 0.000  20.000 196.117   0.199  0.065   27.000   55.254   55.254    0.022  0.161  0.110  0.013  2.000  0.263    0.000
  1 15  1 2011    0.000    0.000   0.000   0.000   0.000 0.000  20.000 154.624   0.199  0.065   27.000   55.254   55.254    0.022  0.161  0.110  0.013  2.000  0.263    0.000
  1  1  2 2011    0.000    0.000   0.000   0.000   0.000 0.000  20.000 150.139   0.199  0.065   27.000   55.255   55.255    0.022  0.161  0.110  0.013  2.000  0.263    0.000
  1 15  2 2011    1.800    0.000   0.000   0.000   0.000 0.000  20.000 147.889   0.199  0.065   27.000   55.255   55.255    0.022  0.161  0.110  0.013  2.000  0.263    0.000
  1  1  3 2011    0.000    0.000   0.000   0.000   0.000 0.000  20.000 179.442   0.199  0.065   27.000   55.255   55.255    0.022  0.161  0.110  0.013  2.000  0.263    0.000
  1 15  3 2011    0.000    0.000   0.000   0.000   0.000 0.000  20.000 151.293   0.199  0.065   27.000   55.256   55.256    0.022  0.161  0.110  0.013  2.000  0.263    0.000
  1 20  3 2011   93.200   30.839  49.813  49.179   0.627 1.001  20.000 210.474   0.199  0.065   27.000   55.256   55.256    0.022  0.161  0.110  0.013  2.000  0.263    4.520
  1  1  4 2011    0.000    0.000   0.000   0.000   0.000 0.000  20.000 162.980   0.199  0.065   27.000   55.256   55.256    0.022  0.161  0.110  0.013  2.000  0.263    0.000
  1 15  4 2011    0.000    0.000   0.000   0.000   0.000 0.000  20.000 148.287   0.199  0.065   27.000   55.256   55.256    0.022  0.161  0.110  0.013  2.000  0.263    0.000
  1  1  5 2011    0.000    0.000   0.000   0.000   0.000 0.000  20.000 141.843   0.199  0.065   27.000   55.257   55.257    0.022  0.161  0.110  0.013  2.000  0.263    0.000
  1 15  5 2011    1.300    0.000   0.000   0.000   0.000 0.000  20.000 139.338   0.199  0.065   27.000   55.257   55.257    0.022  0.161  0.110  0.013  2.000  0.263    0.000
  1  1  6 2011    0.000    0.000   0.000   0.000   0.000 0.000  20.000 138.988   0.199  0.065   27.000   55.257   55.257    0.022  0.161  0.110  0.013  2.000  0.263    0.000
  1 15  6 2011    0.000    0.000   0.000   0.000   0.000 0.000  20.000 138.491   0.199  0.065   27.000   55.258   55.258    0.022  0.161  0.110  0.013  2.000  0.263    0.000
  1  1  7 2011    0.000    0.000   0.000   0.000   0.000 0.000  20.000 138.408   0.199  0.065   27.000   55.258   55.258    0.022  0.161  0.110  0.013  2.000  0.263    0.000
  1 15  7 2011    0.000    0.000   0.000   0.000   0.000 0.000  20.000 138.345   0.199  0.065   27.000   55.258   55.258    0.022  0.161  0.110  0.013  2.000  0.263    0.000
  1  1  8 2011    0.000    0.000   0.000   0.000   0.000 0.000  20.000 138.297   0.199  0.065   27.000   55.259   55.259    0.022  0.161  0.110  0.013  2.000  0.263    0.000
  1 15  8 2011    0.000    0.000   0.000   0.000   0.000 0.000  20.000 138.260   0.199  0.065   27.000   55.259   55.259    0.022  0.161  0.110  0.013  2.000  0.263    0.000
  1  1  9 2011    0.000    0.000   0.000   0.000   0.000 0.000  20.000 138.214   0.199  0.065   27.000   55.260   55.260    0.022  0.161  0.110  0.013  2.000  0.263    0.000
  1 15  9 2011    0.000    0.000   0.000   0.000   0.000 0.000  20.000 138.176   0.199  0.065   27.000   55.260   55.260    0.022  0.161  0.110  0.013  2.000  0.263    0.000
  1  1 10 2011    0.000    0.000   0.000   0.000   0.000 0.000  20.000 138.133   0.199  0.065   27.000   55.260   55.260    0.022  0.161  0.110  0.013  2.000  0.263    0.000
  1 15 10 2011    0.000    0.000   0.000   0.000   0.000 0.000  20.000 153.057   0.199  0.065   27.000   55.260   55.260    0.022  0.161  0.110  0.013  2.000  0.263    0.000
  1  1 11 2011    0.000    0.000   0.000   0.000   0.000 0.000  20.000 147.048   0.199  0.065   27.000   55.261   55.261    0.022  0.161  0.110  0.013  2.000  0.263    0.000
  1 15 11 2011    0.000    0.000   0.000   0.000   0.000 0.000  20.000 160.717   0.199  0.065   27.000   55.261   55.261    0.022  0.161  0.110  0.013  2.000  0.263    0.000
  1  1 12 2011    0.000    0.000   0.000   0.000   0.000 0.000  20.000 154.126   0.199  0.065   27.000   55.262   55.262    0.022  0.161  0.110  0.013  2.000  0.263    0.000
  1 15 12 2011    0.800    0.000   0.000   0.000   0.000 0.000  20.000 165.006   0.199  0.065   27.000   55.262   55.262    0.022  0.161  0.110  0.013  2.000  0.263    0.000
  1  1  1 2012    0.000    0.000   0.000   0.000   0.000 0.000  20.000 151.102   0.199  0.065   27.000   55.262   55.262    0.022  0.161  0.110  0.013  2.000  0.263    0.000
  1 15  1 2012    0.000    0.000   0.000   0.000   0.000 0.000  20.000 148.509   0.199  0.065   27.000   55.263   55.263    0.022  0.161  0.110  0.013  2.000  0.263    0.000
  1  1  2 2012    0.000    0.000   0.000   0.000   0.000 0.000  20.000 154.616   0.199  0.065   27.000   55.263   55.263    0.022  0.161  0.110  0.013  2.000  0.263    0.000
  1 15  2 2012    5.100    0.000   0.000   0.000   0.000 0.000  20.000 153.222   0.199  0.065   27.000   55.263   55.263    0.022  0.161  0.110  0.013  2.000  0.263    0.000
  1  1  3 2012    0.000    0.000   0.000   0.000   0.000 0.000  20.000 148.543   0.199  0.065   27.000   55.264   55.264    0.022  0.161  0.110  0.013  2.000  0.263    0.000
  1 15  3 2012    0.000    0.000   0.000   0.000   0.000 0.000  20.000 144.544   0.199  0.065   27.000   55.264   55.264    0.022  0.161  0.110  0.013  2.000  0.263    0.000
  1  1  4 2012    1.500    0.000   0.000   0.000   0.000 0.000  20.000 162.257   0.199  0.065   27.000   55.264   55.264    0.022  0.161  0.110  0.013  2.000  0.263    0.000
  1 15  4 2012    0.000    0.000   0.000   0.000   0.000 0.000  20.000 170.132   0.199  0.065   27.000   55.265   55.265    0.022  0.161  0.110  0.013  2.000  0.263    0.000
  1  1  5 2012    0.500    0.000   0.000   0.000   0.000 0.000  20.000 152.831   0.199  0.065   27.000   55.265   55.265    0.022  0.161  0.110  0.013  2.000  0.263    0.000
  1 15  5 2012    0.000    0.000   0.000   0.000   0.000 0.000  20.000 145.956   0.199  0.065   27.000   55.265   55.265    0.022  0.161  0.110  0.013  2.000  0.263    0.000
  1  1  6 2012    0.000    0.000   0.000   0.000   0.000 0.000  20.000 139.529   0.199  0.065   27.000   55.266   55.266    0.022  0.161  0.110  0.013  2.000  0.263    0.000
  1 15  6 2012    0.000    0.000   0.000   0.000   0.000 0.000  20.000 138.591   0.199  0.065   27.000   55.266   55.266    0.022  0.161  0.110  0.013  2.000  0.263    0.000
  1  1  7 2012    0.000    0.000   0.000   0.000   0.000 0.000  20.000 138.443   0.199  0.065   27.000   55.266   55.266    0.022  0.161  0.110  0.013  2.000  0.263    0.000
  1 15  7 2012    0.000    0.000   0.000   0.000   0.000 0.000  20.000 138.399   0.199  0.065   27.000   55.267   55.267    0.022  0.161  0.110  0.013  2.000  0.263    0.000
  1  1  8 2012    0.000    0.000   0.000   0.000   0.000 0.000  20.000 138.352   0.199  0.065   27.000   55.267   55.267    0.022  0.161  0.110  0.013  2.000  0.263    0.000
  1 15  8 2012    0.000    0.000   0.000   0.000   0.000 0.000  20.000 138.315   0.199  0.065   27.000   55.267   55.267    0.022  0.161  0.110  0.013  2.000  0.263    0.000
  1  1  9 2012    0.000    0.000   0.000   0.000   0.000 0.000  20.000 138.269   0.199  0.065   27.000   55.268   55.268    0.022  0.161  0.110  0.013  2.000  0.263    0.000
  1 15  9 2012    0.000    0.000   0.000   0.000   0.000 0.000  20.000 138.231   0.199  0.065   27.000   55.268   55.268    0.022  0.161  0.110  0.013  2.000  0.263    0.000
  1  1 10 2012    0.000    0.000   0.000   0.000   0.000 0.000  20.000 138.188   0.199  0.065   27.000   55.268   55.268    0.022  0.161  0.110  0.013  2.000  0.263    0.000
  1 15 10 2012    0.000    0.000   0.000   0.000   0.000 0.000  20.000 140.555   0.199  0.065   27.000   55.269   55.269    0.022  0.161  0.110  0.013  2.000  0.263    0.000
  1  1 11 2012    0.000    0.000   0.000   0.000   0.000 0.000  20.000 138.786   0.199  0.065   27.000   55.269   55.269    0.022  0.161  0.110  0.013  2.000  0.263    0.000
  1 15 11 2012    0.000    0.000   0.000   0.000   0.000 0.000  20.000 139.367   0.199  0.065   27.000   55.269   55.269    0.022  0.161  0.110  0.013  2.000  0.263    0.000
  1  1 12 2012    1.000    0.000   0.000   0.000   0.000 0.000  20.000 185.393   0.199  0.065   27.000   55.270   55.270    0.022  0.161  0.110  0.013  2.000  0.263    0.000
  1 15 12 2012    2.500    0.000   0.000   0.000   0.000 0.000  20.000 162.516   0.199  0.065   27.000   55.270   55.270    0.022  0.161  0.110  0.013  2.000  0.263    0.000
  1  1  1 2013    0.000    0.000   0.000   0.000   0.000 0.000  20.000 172.962   0.199  0.065   27.000   55.270   55.270    0.022  0.161  0.110  0.013  2.000  0.263    0.000
  1 15  1 2013    0.000    0.000   0.000   0.000   0.000 0.000  20.000 152.289   0.199  0.065   27.000   55.271   55.271    0.022  0.161  0.110  0.013  2.000  0.263    0.000
  1  1  2 2013    0.000    0.000   0.000   0.000   0.000 0.000  20.000 164.844   0.199  0.065   27.000   55.271   55.271    0.022  0.161  0.110  0.013  2.000  0.263    0.000
  1 15  2 2013    0.000    0.000   0.000   0.000   0.000 0.000  20.000 151.762   0.199  0.065   27.000   55.271   55.271    0.022  0.161  0.110  0.013  2.000  0.263    0.000
  1  1  3 2013    0.000    0.000   0.000   0.000   0.000 0.000  20.000 151.205   0.199  0.065   27.000   55.272   55.272    0.022  0.161  0.110  0.013  2.000  0.263    0.000
  1 15  3 2013    0.000    0.000   0.000   0.000   0.000 0.000  20.000 154.136   0.199  0.065   27.000   55.272   55.272    0.022  0.161  0.110  0.013  2.000  0.263    0.000
  1  1  4 2013    0.000    0.000   0.000   0.000   0.000 0.000  20.000 147.886   0.199  0.065   27.000   55.272   55.272    0.022  0.161  0.110  0.013  2.000  0.263    0.000
  1 15  4 2013    0.000    0.000   0.000   0.000   0.000 0.000  20.000 142.838   0.199  0.065   27.000   55.273   55.273    0.022  0.161  0.110  0.013  2.000  0.263    0.000
  1  1  5 2013    0.000    0.000   0.000   0.000   0.000 0.000  20.000 138.971   0.199  0.065   27.000   55.273   55.273    0.022  0.161  0.110  0.013  2.000  0.263    0.000
  1 15  5 2013    0.000    0.000   0.000   0.000   0.000 0.000  20.000 141.373   0.199  0.065   27.000   55.273   55.273    0.022  0.161  0.110  0.013  2.000  0.263    0.000
  1  1  6 2013    0.000    0.000   0.000   0.000   0.000 0.000  20.000 138.605   0.199  0.065   27.000   55.274   55.274    0.022  0.161  0.110  0.013  2.000  0.263    0.000
  1 15  6 2013    0.000    0.000   0.000   0.000   0.000 0.000  20.000 138.380   0.199  0.065   27.000   55.274   55.274    0.022  0.161  0.110  0.013  2.000  0.263    0.000
  1  1  7 2013    0.000    0.000   0.000   0.000   0.000 0.000  20.000 138.318   0.199  0.065   27.000   55.274   55.274    0.022  0.161  0.110  0.013  2.000  0.263    0.000
  1 15  7 2013    0.000    0.000   0.000   0.000   0.000 0.000  20.000 138.279   0.199  0.065   27.000   55.275   55.275    0.022  0.161  0.110  0.013  2.000  0.263    0.000
  1  1  8 2013    0.000    0.000   0.000   0.000   0.000 0.000  20.000 138.233   0.199  0.065   27.000   55.275   55.275    0.022  0.161  0.110  0.013  2.000  0.263    0.000
  1 15  8 2013    0.000    0.000   0.000   0.000   0.000 0.000  20.000 138.195   0.199  0.065   27.000   55.275   55.275    0.022  0.161  0.110  0.013  2.000  0.263    0.000
  1  1  9 2013    0.000    0.000   0.000   0.000   0.000 0.000  20.000 138.150   0.199  0.065   27.000   55.276   55.276    0.022  0.161  0.110  0.013  2.000  0.263    0.000
  1 15  9 2013    0.000    0.000   0.000   0.000   0.000 0.000  20.000 138.112   0.199  0.065   27.000   55.276   55.276    0.022  0.161  0.110  0.013  2.000  0.263    0.000
  1  1 10 2013    0.000    0.000   0.000   0.000   0.000 0.000  20.000 138.069   0.199  0.065   27.000   55.277   55.277    0.022  0.161  0.110  0.013  2.000  0.263    0.000
  1 15 10 2013    0.000    0.000   0.000   0.000   0.000 0.000  20.000 140.714   0.199  0.065   27.000   55.277   55.277    0.022  0.161  0.110  0.013  2.000  0.263    0.000
  1  1 11 2013    0.000    0.000   0.000   0.000   0.000 0.000  20.000 138.618   0.199  0.065   27.000   55.277   55.277    0.022  0.161  0.110  0.013  2.000  0.263    0.000
  1 15 11 2013    0.000    0.000   0.000   0.000   0.000 0.000  20.000 138.176   0.199  0.065   27.000   55.278   55.278    0.022  0.161  0.110  0.013  2.000  0.263    0.000
  1  1 12 2013    0.000    0.000   0.000   0.000   0.000 0.000  20.000 149.135   0.199  0.065   27.000   55.278   55.278    0.022  0.161  0.110  0.013  2.000  0.263    0.000
  1 15 12 2013    0.000    0.000   0.000   0.000   0.000 0.000  20.000 151.183   0.199  0.065   27.000   55.278   55.278    0.022  0.161  0.110  0.013  2.000  0.263    0.000
  1  1  1 2014    0.000    0.000   0.000   0.000   0.000 0.000  20.000 150.621   0.199  0.065   27.000   55.279   55.279    0.022  0.161  0.110  0.013  2.000  0.263    0.000
  1 15  1 2014    0.000    0.000   0.000   0.000   0.000 0.000  20.000 148.128   0.199  0.065   27.000   55.279   55.279    0.022  0.161  0.110  0.013  2.000  0.263    0.000
  1  1  2 2014    0.000    0.000   0.000   0.000   0.000 0.000  20.000 144.826   0.199  0.065   27.000   55.279   55.279    0.022  0.161  0.110  0.013  2.000  0.263    0.000
  1 15  2 2014    0.000    0.000   0.000   0.000   0.000 0.000  20.000 143.962   0.199  0.065   27.000   55.280   55.280    0.022  0.161  0.110  0.013  2.000  0.263    0.000
  1 28  2 2014   79.400   43.989  63.827  66.974   0.657 1.001  20.000 217.501   0.199  0.065   27.000   55.280   55.280    0.022  0.161  0.110  0.013  2.000  0.263    5.824
  1  1  3 2014    7.900    0.000   0.000   0.000   0.000 0.000  20.000 220.297   0.199  0.065   27.000   55.280   55.280    0.022  0.161  0.110  0.013  2.000  0.263    0.000
  1 15  3 2014    0.000    0.000   0.000   0.000   0.000 0.000  20.000 153.258   0.199  0.065   27.000   55.280   55.280    0.022  0.161  0.110  0.013  2.000  0.263    0.000
  1  1  4 2014    5.700    0.000   0.000   0.000   0.000 0.000  20.000 148.943   0.199  0.065   27.000   55.281   55.281    0.022  0.161  0.110  0.013  2.000  0.263    0.000
  1 15  4 2014    0.000    0.000   0.000   0.000   0.000 0.000  20.000 143.446   0.199  0.065   27.000   55.281   55.281    0.022  0.161  0.110  0.013  2.000  0.263    0.000
  1  1  5 2014    0.000    0.000   0.000   0.000   0.000 0.000  20.000 139.191   0.199  0.065   27.000   55.281   55.281    0.022  0.161  0.110  0.013  2.000  0.263    0.000
  1 15  5 2014    0.000    0.000   0.000   0.000   0.000 0.000  20.000 138.519   0.199  0.065   27.000   55.282   55.282    0.022  0.161  0.110  0.013  2.000  0.263    0.000
  1  1  6 2014    0.000    0.000   0.000   0.000   0.000 0.000  20.000 138.406   0.199  0.065   27.000   55.282   55.282    0.022  0.161  0.110  0.013  2.000  0.263    0.000
  1 15  6 2014    0.000    0.000   0.000   0.000   0.000 0.000  20.000 138.363   0.199  0.065   27.000   55.282   55.282    0.022  0.161  0.110  0.013  2.000  0.263    0.000
  1  1  7 2014    0.000    0.000   0.000   0.000   0.000 0.000  20.000 138.319   0.199  0.065   27.000   55.283   55.283    0.022  0.161  0.110  0.013  2.000  0.263    0.000
  1 15  7 2014    0.000    0.000   0.000   0.000   0.000 0.000  20.000 138.282   0.199  0.065   27.000   55.283   55.283    0.022  0.161  0.110  0.013  2.000  0.263    0.000
  1  1  8 2014    0.000    0.000   0.000   0.000   0.000 0.000  20.000 138.236   0.199  0.065   27.000   55.283   55.283    0.022  0.161  0.110  0.013  2.000  0.263    0.000
  1 15  8 2014    0.000    0.000   0.000   0.000   0.000 0.000  20.000 138.224   0.199  0.065   27.000   55.284   55.284    0.022  0.161  0.110  0.013  2.000  0.263    0.000
  1  1  9 2014    0.000    0.000   0.000   0.000   0.000 0.000  20.000 138.154   0.199  0.065   27.000   55.284   55.284    0.022  0.161  0.110  0.013  2.000  0.263    0.000
  1 15  9 2014    0.000    0.000   0.000   0.000   0.000 0.000  20.000 138.115   0.199  0.065   27.000   55.284   55.284    0.022  0.161  0.110  0.013  2.000  0.263    0.000
  1  1 10 2014    0.000    0.000   0.000   0.000   0.000 0.000  20.000 138.072   0.199  0.065   27.000   55.285   55.285    0.022  0.161  0.110  0.013  2.000  0.263    0.000
  1 15 10 2014    0.000    0.000   0.000   0.000   0.000 0.000  20.000 138.034   0.199  0.065   27.000   55.285   55.285    0.022  0.161  0.110  0.013  2.000  0.263    0.000
  1  1 11 2014    2.800    0.000   0.000   0.000   0.000 0.000  20.000 150.304   0.199  0.065   27.000   55.285   55.285    0.022  0.161  0.110  0.013  2.000  0.263    0.000
  1 15 11 2014    0.000    0.000   0.000   0.000   0.000 0.000  20.000 142.785   0.199  0.065   27.000   55.286   55.286    0.022  0.161  0.110  0.013  2.000  0.263    0.000
  1  1 12 2014    0.000    0.000   0.000   0.000   0.000 0.000  20.000 164.358   0.199  0.065   27.000   55.286   55.286    0.022  0.161  0.110  0.013  2.000  0.263    0.000
  1  2 12 2014   51.300    5.918   0.000   1.315   4.500 1.001  20.000 208.264   0.199  0.065   27.000   55.286   55.286    0.022  0.161  0.110  0.013  2.000  0.263    0.000
  1 11 12 2014   41.900    0.008  40.350   0.131   0.064 1.001  20.000 208.069   0.199  0.065   27.000   55.286   55.286    0.022  0.161  0.110  0.013  2.000  0.263    0.000
  1 15 12 2014    5.800    0.000   0.000   0.000   0.000 0.000  20.000 202.611   0.199  0.065   27.000   55.286   55.286    0.022  0.161  0.110  0.013  2.000  0.263    0.000
  1  1  1 2015    0.000    0.000   0.000   0.000   0.000 0.000  20.000 153.731   0.199  0.065   27.000   55.287   55.287    0.022  0.161  0.110  0.013  2.000  0.263    0.000
  1 15  1 2015    0.000    0.000   0.000   0.000   0.000 0.000  20.000 171.241   0.199  0.065   27.000   55.287   55.287    0.022  0.161  0.110  0.013  2.000  0.263    0.000
  1  1  2 2015    0.000    0.000   0.000   0.000   0.000 0.000  20.000 152.729   0.199  0.065   27.000   55.287   55.287    0.022  0.161  0.110  0.013  2.000  0.263    0.000
  1 15  2 2015    0.000    0.000   0.000   0.000   0.000 0.000  20.000 150.614   0.199  0.065   27.000   55.288   55.288    0.022  0.161  0.110  0.013  2.000  0.263    0.000
  1  1  3 2015   25.700    0.000   0.000   0.000   0.000 0.000  20.000 183.435   0.199  0.065   27.000   55.288   55.288    0.022  0.161  0.110  0.013  2.000  0.263    0.000
  1 15  3 2015    0.000    0.000   0.000   0.000   0.000 0.000  20.000 151.198   0.199  0.065   27.000   55.288   55.288    0.022  0.161  0.110  0.013  2.000  0.263    0.000
  1  1  4 2015    0.000    0.000   0.000   0.000   0.000 0.000  20.000 144.418   0.199  0.065   27.000   55.289   55.289    0.022  0.161  0.110  0.013  2.000  0.263    0.000
  1 15  4 2015    0.000    0.000   0.000   0.000   0.000 0.000  20.000 142.307   0.199  0.065   27.000   55.289   55.289    0.022  0.161  0.110  0.013  2.000  0.263    0.000
  1  1  5 2015    0.000    0.000   0.000   0.000   0.000 0.000  20.000 138.937   0.199  0.065   27.000   55.289   55.289    0.022  0.161  0.110  0.013  2.000  0.263    0.000
  1 15  5 2015    1.000    0.000   0.000   0.000   0.000 0.000  20.000 148.725   0.199  0.065   27.000   55.290   55.290    0.022  0.161  0.110  0.013  2.000  0.263    0.000
  1  1  6 2015    0.000    0.000   0.000   0.000   0.000 0.000  20.000 139.891   0.199  0.065   27.000   55.290   55.290    0.022  0.161  0.110  0.013  2.000  0.263    0.000
  1 15  6 2015    0.000    0.000   0.000   0.000   0.000 0.000  20.000 138.793   0.199  0.065   27.000   55.290   55.290    0.022  0.161  0.110  0.013  2.000  0.263    0.000
  1  1  7 2015    0.000    0.000   0.000   0.000   0.000 0.000  20.000 138.334   0.199  0.065   27.000   55.291   55.291    0.022  0.161  0.110  0.013  2.000  0.263    0.000
  1 15  7 2015    0.000    0.000   0.000   0.000   0.000 0.000  20.000 138.272   0.199  0.065   27.000   55.291   55.291    0.022  0.161  0.110  0.013  2.000  0.263    0.000
  1  1  8 2015    0.000    0.000   0.000   0.000   0.000 0.000  20.000 148.277   0.199  0.065   27.000   55.291   55.291    0.022  0.161  0.110  0.013  2.000  0.263    0.000
  1 15  8 2015    0.000    0.000   0.000   0.000   0.000 0.000  20.000 141.827   0.199  0.065   27.000   55.292   55.292    0.022  0.161  0.110  0.013  2.000  0.263    0.000
  1  1  9 2015    0.000    0.000   0.000   0.000   0.000 0.000  20.000 138.720   0.199  0.065   27.000   55.292   55.292    0.022  0.161  0.110  0.013  2.000  0.263    0.000
  1 15  9 2015   14.600    0.000   0.000   0.000   0.000 0.000  20.000 171.740   0.199  0.065   27.000   55.292   55.292    0.022  0.161  0.110  0.013  2.000  0.263    0.000
  1  1 10 2015    0.000    0.000   0.000   0.000   0.000 0.000  20.000 148.509   0.199  0.065   27.000   55.293   55.293    0.022  0.161  0.110  0.013  2.000  0.263    0.000
  1 15 10 2015    0.000    0.000   0.000   0.000   0.000 0.000  20.000 147.071   0.199  0.065   27.000   55.293   55.293    0.022  0.161  0.110  0.013  2.000  0.263    0.000
  1  1 11 2015    0.000    0.000   0.000   0.000   0.000 0.000  20.000 142.837   0.199  0.065   27.000   55.294   55.294    0.022  0.161  0.110  0.013  2.000  0.263    0.000
  1 15 11 2015    0.000    0.000   0.000   0.000   0.000 0.000  20.000 142.391   0.199  0.065   27.000   55.294   55.294    0.022  0.161  0.110  0.013  2.000  0.263    0.000
  1  1 12 2015    0.000    0.000   0.000   0.000   0.000 0.000  20.000 139.947   0.199  0.065   27.000   55.294   55.294    0.022  0.161  0.110  0.013  2.000  0.263    0.000
  1 15 12 2015    0.000    0.000   0.000   0.000   0.000 0.000  20.000 140.340   0.199  0.065   27.000   55.295   55.295    0.022  0.161  0.110  0.013  2.000  0.263    0.000
  1  1  1 2016    0.000    0.000   0.000   0.000   0.000 0.000  20.000 144.561   0.199  0.065   27.000   55.295   55.295    0.022  0.161  0.110  0.013  2.000  0.263    0.000
  1  6  1 2016   36.200   15.875  26.580  50.895   0.312 1.001  20.000 220.627   0.199  0.065   27.000   55.295   55.295    0.022  0.161  0.110  0.013  2.000  0.263    2.301
  1 15  1 2016    0.000    0.000   0.000   0.000   0.000 0.000  20.000 167.744   0.199  0.065   27.000   55.295   55.295    0.022  0.161  0.110  0.013  2.000  0.263    0.000
  1  1  2 2016    0.000    0.000   0.000   0.000   0.000 0.000  20.000 191.994   0.199  0.065   27.000   55.296   55.296    0.022  0.161  0.110  0.013  2.000  0.263    0.000
  1 15  2 2016    0.000    0.000   0.000   0.000   0.000 0.000  20.000 152.052   0.199  0.065   27.000   55.296   55.296    0.022  0.161  0.110  0.013  2.000  0.263    0.000
  1  1  3 2016    0.000    0.000   0.000   0.000   0.000 0.000  20.000 151.071   0.199  0.065   27.000   55.296   55.296    0.022  0.161  0.110  0.013  2.000  0.263    0.000
  1 15  3 2016    0.000    0.000   0.000   0.000   0.000 0.000  20.000 162.618   0.199  0.065   27.000   55.297   55.297    0.022  0.161  0.110  0.013  2.000  0.263    0.000
  1  1  4 2016    0.000    0.000   0.000   0.000   0.000 0.000  20.000 148.068   0.199  0.065   27.000   55.297   55.297    0.022  0.161  0.110  0.013  2.000  0.263    0.000
  1 15  4 2016    0.000    0.000   0.000   0.000   0.000 0.000  20.000 147.494   0.199  0.065   27.000   55.297   55.297    0.022  0.161  0.110  0.013  2.000  0.263    0.000
  1  1  5 2016    0.000    0.000   0.000   0.000   0.000 0.000  20.000 141.433   0.199  0.065   27.000   55.298   55.298    0.022  0.161  0.110  0.013  2.000  0.263    0.000
  1 15  5 2016    0.000    0.000   0.000   0.000   0.000 0.000  20.000 139.330   0.199  0.065   27.000   55.298   55.298    0.022  0.161  0.110  0.013  2.000  0.263    0.000
  1  1  6 2016    0.000    0.000   0.000   0.000   0.000 0.000  20.000 138.510   0.199  0.065   27.000   55.298   55.298    0.022  0.161  0.110  0.013  2.000  0.263    0.000
  1 15  6 2016    0.000    0.000   0.000   0.000   0.000 0.000  20.000 138.807   0.199  0.065   27.000   55.299   55.299    0.022  0.161  0.110  0.013  2.000  0.263    0.000
  1  1  7 2016    0.000    0.000   0.000   0.000   0.000 0.000  20.000 138.357   0.199  0.065   27.000   55.299   55.299    0.022  0.161  0.110  0.013  2.000  0.263    0.000
  1 15  7 2016    0.000    0.000   0.000   0.000   0.000 0.000  20.000 138.298   0.199  0.065   27.000   55.299   55.299    0.022  0.161  0.110  0.013  2.000  0.263    0.000
  1  1  8 2016    0.000    0.000   0.000   0.000   0.000 0.000  20.000 138.250   0.199  0.065   27.000   55.300   55.300    0.022  0.161  0.110  0.013  2.000  0.263    0.000
  1 15  8 2016    0.000    0.000   0.000   0.000   0.000 0.000  20.000 138.212   0.199  0.065   27.000   55.300   55.300    0.022  0.161  0.110  0.013  2.000  0.263    0.000
  1  1  9 2016    0.000    0.000   0.000   0.000   0.000 0.000  20.000 138.166   0.199  0.065   27.000   55.300   55.300    0.022  0.161  0.110  0.013  2.000  0.263    0.000
  1 15  9 2016    0.000    0.000   0.000   0.000   0.000 0.000  20.000 138.128   0.199  0.065   27.000   55.301   55.301    0.022  0.161  0.110  0.013  2.000  0.263    0.000
  1  1 10 2016    0.000    0.000   0.000   0.000   0.000 0.000  20.000 138.085   0.199  0.065   27.000   55.301   55.301    0.022  0.161  0.110  0.013  2.000  0.263    0.000
  1 15 10 2016    0.500    0.000   0.000   0.000   0.000 0.000  20.000 138.048   0.199  0.065   27.000   55.301   55.301    0.022  0.161  0.110  0.013  2.000  0.263    0.000
  1  1 11 2016    0.000    0.000   0.000   0.000   0.000 0.000  20.000 139.965   0.199  0.065   27.000   55.302   55.302    0.022  0.161  0.110  0.013  2.000  0.263    0.000
  1 15 11 2016    0.000    0.000   0.000   0.000   0.000 0.000  20.000 138.609   0.199  0.065   27.000   55.302   55.302    0.022  0.161  0.110  0.013  2.000  0.263    0.000
  1  1 12 2016    0.000    0.000   0.000   0.000   0.000 0.000  20.000 155.741   0.199  0.065   27.000   55.302   55.302    0.022  0.161  0.110  0.013  2.000  0.263    0.000
  1 15 12 2016   38.700    0.000   0.000   0.000   0.000 0.000  20.000 188.811   0.199  0.065   27.000   55.303   55.303    0.022  0.161  0.110  0.013  2.000  0.263    0.000
  1 23 12 2016   50.000    6.675   0.000   3.337   2.000 1.001  20.000 224.896   0.199  0.065   27.000   55.303   55.303    0.022  0.161  0.110  0.013  2.000  0.263    0.756
  1  1  1 2017    0.000    0.000   0.000   0.000   0.000 0.000  20.000 181.218   0.199  0.065   27.000   55.303   55.303    0.022  0.161  0.110  0.013  2.000  0.263    0.000
  1 15  1 2017    0.000    0.000   0.000   0.000   0.000 0.000  20.000 200.629   0.199  0.065   27.000   55.303   55.303    0.022  0.161  0.110  0.013  2.000  0.263    0.000
  1 20  1 2017   69.900   33.336  36.756  47.701   0.699 1.001  20.000 249.696   0.199  0.065   27.000   55.304   55.304    0.022  0.161  0.110  0.013  2.000  0.263    4.929
  1 22  1 2017   74.500   56.334  31.610  48.986   1.150 1.001  20.000 249.705   0.199  0.065   27.000   55.304   55.304    0.022  0.161  0.110  0.013  2.000  0.263    8.262
  1  1  2 2017    0.000    0.000   0.000   0.000   0.000 0.000  20.000 166.248   0.199  0.065   27.000   55.304   55.304    0.022  0.161  0.110  0.013  2.000  0.263    0.000
  1 15  2 2017    0.000    0.000   0.000   0.000   0.000 0.000  20.000 163.035   0.199  0.065   27.000   55.304   55.304    0.022  0.161  0.110  0.013  2.000  0.263    0.000
  1 17  2 2017   80.900   25.427   0.000   3.531   7.200 1.001  20.000 216.292   0.199  0.065   27.000   55.304   55.304    0.022  0.161  0.110  0.013  2.000  0.263    3.088
  1  1  3 2017    0.000    0.000   0.000   0.000   0.000 0.000  20.000 160.944   0.199  0.065   27.000   55.304   55.304    0.022  0.161  0.110  0.013  2.000  0.263    0.000
  1 15  3 2017    0.000    0.000   0.000   0.000   0.000 0.000  20.000 149.302   0.199  0.065   27.000   55.305   55.305    0.022  0.161  0.110  0.013  2.000  0.263    0.000
  1  1  4 2017    0.000    0.000   0.000   0.000   0.000 0.000  20.000 147.330   0.199  0.065   27.000   55.305   55.305    0.022  0.161  0.110  0.013  2.000  0.263    0.000
  1 15  4 2017    0.000    0.000   0.000   0.000   0.000 0.000  20.000 144.858   0.199  0.065   27.000   55.305   55.305    0.022  0.161  0.110  0.013  2.000  0.263    0.000
  1  1  5 2017    0.000    0.000   0.000   0.000   0.000 0.000  20.000 139.562   0.199  0.065   27.000   55.306   55.306    0.022  0.161  0.110  0.013  2.000  0.263    0.000
  1 15  5 2017    0.000    0.000   0.000   0.000   0.000 0.000  20.000 138.868   0.199  0.065   27.000   55.306   55.306    0.022  0.161  0.110  0.013  2.000  0.263    0.000
  1  1  6 2017    0.000    0.000   0.000   0.000   0.000 0.000  20.000 138.416   0.199  0.065   27.000   55.306   55.306    0.022  0.161  0.110  0.013  2.000  0.263    0.000
  1 15  6 2017    0.000    0.000   0.000   0.000   0.000 0.000  20.000 138.503   0.199  0.065   27.000   55.307   55.307    0.022  0.161  0.110  0.013  2.000  0.263    0.000
  1  1  7 2017    0.000    0.000   0.000   0.000   0.000 0.000  20.000 138.302   0.199  0.065   27.000   55.307   55.307    0.022  0.161  0.110  0.013  2.000  0.263    0.000
  1 15  7 2017    0.000    0.000   0.000   0.000   0.000 0.000  20.000 138.255   0.199  0.065   27.000   55.307   55.307    0.022  0.161  0.110  0.013  2.000  0.263    0.000
  1  1  8 2017    0.000    0.000   0.000   0.000   0.000 0.000  20.000 138.209   0.199  0.065   27.000   55.308   55.308    0.022  0.161  0.110  0.013  2.000  0.263    0.000
  1 15  8 2017    0.000    0.000   0.000   0.000   0.000 0.000  20.000 138.364   0.199  0.065   27.000   55.308   55.308    0.022  0.161  0.110  0.013  2.000  0.263    0.000
  1  1  9 2017    0.000    0.000   0.000   0.000   0.000 0.000  20.000 138.139   0.199  0.065   27.000   55.309   55.309    0.022  0.161  0.110  0.013  2.000  0.263    0.000
  1 15  9 2017    0.000    0.000   0.000   0.000   0.000 0.000  20.000 138.186   0.199  0.065   27.000   55.309   55.309    0.022  0.161  0.110  0.013  2.000  0.263    0.000
  1  1 10 2017    0.000    0.000   0.000   0.000   0.000 0.000  20.000 138.062   0.199  0.065   27.000   55.309   55.309    0.022  0.161  0.110  0.013  2.000  0.263    0.000
  1 15 10 2017    0.000    0.000   0.000   0.000   0.000 0.000  20.000 138.011   0.199  0.065   27.000   55.310   55.310    0.022  0.161  0.110  0.013  2.000  0.263    0.000
  1  1 11 2017    0.000    0.000   0.000   0.000   0.000 0.000  20.000 137.962   0.199  0.065   27.000   55.310   55.310    0.022  0.161  0.110  0.013  2.000  0.263    0.000
  1 15 11 2017    0.000    0.000   0.000   0.000   0.000 0.000  20.000 138.232   0.199  0.065   27.000   55.310   55.310    0.022  0.161  0.110  0.013  2.000  0.263    0.000
  1  1 12 2017    0.000    0.000   0.000   0.000   0.000 0.000  20.000 137.987   0.199  0.065   27.000   55.311   55.311    0.022  0.161  0.110  0.013  2.000  0.263    0.000
  1 15 12 2017    0.000    0.000   0.000   0.000   0.000 0.000  20.000 137.890   0.199  0.065   27.000   55.311   55.311    0.022  0.161  0.110  0.013  2.000  0.263    0.000
  1  1  1 2018    0.000    0.000   0.000   0.000   0.000 0.000  20.000 137.818   0.199  0.065   27.000   55.311   55.311    0.022  0.161  0.110  0.013  2.000  0.263    0.000
  1  9  1 2018   49.200    4.569   0.000   0.952   4.800 1.001  20.000 206.998   0.199  0.065   27.000   55.311   55.311    0.022  0.161  0.110  0.013  2.000  0.263    0.000
  1 15  1 2018    0.000    0.000   0.000   0.000   0.000 0.000  20.000 172.546   0.199  0.065   27.000   55.312   55.312    0.022  0.161  0.110  0.013  2.000  0.263    0.000
  1  1  2 2018    0.000    0.000   0.000   0.000   0.000 0.000  20.000 150.607   0.199  0.065   27.000   55.312   55.312    0.022  0.161  0.110  0.013  2.000  0.263    0.000
  1 15  2 2018    0.000    0.000   0.000   0.000   0.000 0.000  20.000 147.280   0.199  0.065   27.000   55.312   55.312    0.022  0.161  0.110  0.013  2.000  0.263    0.000
  1  1  3 2018   11.500    0.000   0.000   0.000   0.000 0.000  20.000 155.535   0.199  0.065   27.000   55.313   55.313    0.022  0.161  0.110  0.013  2.000  0.263    0.000
  1 15  3 2018    0.000    0.000   0.000   0.000   0.000 0.000  20.000 184.928   0.199  0.065   27.000   55.313   55.313    0.022  0.161  0.110  0.013  2.000  0.263    0.000
  1  1  4 2018    0.000    0.000   0.000   0.000   0.000 0.000  20.000 157.421   0.199  0.065   27.000   55.313   55.313    0.022  0.161  0.110  0.013  2.000  0.263    0.000
  1 15  4 2018    0.000    0.000   0.000   0.000   0.000 0.000  20.000 147.014   0.199  0.065   27.000   55.314   55.314    0.022  0.161  0.110  0.013  2.000  0.263    0.000
  1  1  5 2018    1.300    0.000   0.000   0.000   0.000 0.000  20.000 141.876   0.199  0.065   27.000   55.314   55.314    0.022  0.161  0.110  0.013  2.000  0.263    0.000
  1 15  5 2018    0.000    0.000   0.000   0.000   0.000 0.000  20.000 139.071   0.199  0.065   27.000   55.314   55.314    0.022  0.161  0.110  0.013  2.000  0.263    0.000
  1  1  6 2018    0.000    0.000   0.000   0.000   0.000 0.000  20.000 138.869   0.199  0.065   27.000   55.315   55.315    0.022  0.161  0.110  0.013  2.000  0.263    0.000
  1 15  6 2018    0.000    0.000   0.000   0.000   0.000 0.000  20.000 138.461   0.199  0.065   27.000   55.315   55.315    0.022  0.161  0.110  0.013  2.000  0.263    0.000
  1  1  7 2018    0.000    0.000   0.000   0.000   0.000 0.000  20.000 138.427   0.199  0.065   27.000   55.315   55.315    0.022  0.161  0.110  0.013  2.000  0.263    0.000
  1 15  7 2018    0.000    0.000   0.000   0.000   0.000 0.000  20.000 138.341   0.199  0.065   27.000   55.316   55.316    0.022  0.161  0.110  0.013  2.000  0.263    0.000
  1  1  8 2018    0.000    0.000   0.000   0.000   0.000 0.000  20.000 138.319   0.199  0.065   27.000   55.316   55.316    0.022  0.161  0.110  0.013  2.000  0.263    0.000
  1 15  8 2018    0.000    0.000   0.000   0.000   0.000 0.000  20.000 138.255   0.199  0.065   27.000   55.316   55.316    0.022  0.161  0.110  0.013  2.000  0.263    0.000
  1  1  9 2018    0.000    0.000   0.000   0.000   0.000 0.000  20.000 138.207   0.199  0.065   27.000   55.317   55.317    0.022  0.161  0.110  0.013  2.000  0.263    0.000
  1 15  9 2018    0.000    0.000   0.000   0.000   0.000 0.000  20.000 138.169   0.199  0.065   27.000   55.317   55.317    0.022  0.161  0.110  0.013  2.000  0.263    0.000
  1  1 10 2018    0.000    0.000   0.000   0.000   0.000 0.000  20.000 138.126   0.199  0.065   27.000   55.317   55.317    0.022  0.161  0.110  0.013  2.000  0.263    0.000
  1 15 10 2018    0.000    0.000   0.000   0.000   0.000 0.000  20.000 141.036   0.199  0.065   27.000   55.318   55.318    0.022  0.161  0.110  0.013  2.000  0.263    0.000
  1  1 11 2018    0.000    0.000   0.000   0.000   0.000 0.000  20.000 138.736   0.199  0.065   27.000   55.318   55.318    0.022  0.161  0.110  0.013  2.000  0.263    0.000
  1 15 11 2018    0.000    0.000   0.000   0.000   0.000 0.000  20.000 138.251   0.199  0.065   27.000   55.318   55.318    0.022  0.161  0.110  0.013  2.000  0.263    0.000
  1 29 11 2018   45.200    0.962  61.432   6.150   0.156 1.001  20.000 201.072   0.199  0.065   27.000   55.319   55.319    0.022  0.161  0.110  0.013  2.000  0.263    0.169
  1  1 12 2018    0.000    0.000   0.000   0.000   0.000 0.000  20.000 192.989   0.199  0.065   27.000   55.319   55.319    0.022  0.161  0.110  0.013  2.000  0.263    0.000
  1  6 12 2018   31.300    5.196  33.842  13.748   0.378 1.001  20.000 227.349   0.199  0.065   27.000   55.319   55.319    0.022  0.161  0.110  0.013  2.000  0.263    0.988
  1 15 12 2018    0.000    0.000   0.000   0.000   0.000 0.000  20.000 167.208   0.199  0.065   27.000   55.319   55.319    0.022  0.161  0.110  0.013  2.000  0.263    0.000
  1  1  1 2019    0.000    0.000   0.000   0.000   0.000 0.000  20.000 151.274   0.199  0.065   27.000   55.319   55.319    0.022  0.161  0.110  0.013  2.000  0.263    0.000
  1 14  1 2019   49.200    3.304  36.300   7.908   0.418 1.001  20.000 244.026   0.199  0.065   27.000   55.320   55.320    0.022  0.161  0.110  0.013  2.000  0.263    0.616
  1 15  1 2019   17.900    0.000   0.000   0.000   0.000 0.000  20.000 249.111   0.199  0.065   27.000   55.320   55.320    0.022  0.161  0.110  0.013  2.000  0.263    0.000
  1 16  1 2019   50.000   35.781  87.014  91.007   0.393 1.001  20.000 249.709   0.199  0.065   27.000   55.320   55.320    0.022  0.161  0.110  0.013  2.000  0.263    4.231
  1 17  1 2019   33.400   19.580  23.916  62.940   0.311 1.001  20.000 249.691   0.199  0.065   27.000   55.320   55.320    0.022  0.161  0.110  0.013  2.000  0.263    2.647
  1  1  2 2019    7.900    0.000   0.000   0.000   0.000 0.000  20.000 191.599   0.199  0.065   27.000   55.320   55.320    0.022  0.161  0.110  0.013  2.000  0.263    0.000
  1  2  2 2019   52.100   10.332   0.000   3.333   3.100 1.001  20.000 228.373   0.199  0.065   27.000   55.320   55.320    0.022  0.161  0.110  0.013  2.000  0.263    1.167
  1  3  2 2019   25.600    1.185   0.000   0.289   4.100 1.001  20.000 243.664   0.199  0.065   27.000   55.320   55.320    0.022  0.161  0.110  0.013  2.000  0.263    0.000
  1 15  2 2019    8.600    0.000   0.000   0.000   0.000 0.000  20.000 231.416   0.199  0.065   27.000   55.320   55.320    0.022  0.161  0.110  0.013  2.000  0.263    0.000
  1  1  3 2019   12.900    0.000   0.000   0.000   0.000 0.000  20.000 173.122   0.199  0.065   27.000   55.321   55.321    0.022  0.161  0.110  0.013  2.000  0.263    0.000
  1 15  3 2019    0.000    0.000   0.000   0.000   0.000 0.000  20.000 161.585   0.199  0.065   27.000   55.321   55.321    0.022  0.161  0.110  0.013  2.000  0.263    0.000
  1  1  4 2019    0.000    0.000   0.000   0.000   0.000 0.000  20.000 150.447   0.199  0.065   27.000   55.321   55.321    0.022  0.161  0.110  0.013  2.000  0.263    0.000
  1 15  4 2019    0.000    0.000   0.000   0.000   0.000 0.000  20.000 145.899   0.199  0.065   27.000   55.322   55.322    0.022  0.161  0.110  0.013  2.000  0.263    0.000
  1  1  5 2019    0.000    0.000   0.000   0.000   0.000 0.000  20.000 141.091   0.199  0.065   27.000   55.322   55.322    0.022  0.161  0.110  0.013  2.000  0.263    0.000
  1 15  5 2019    6.700    0.000   0.000   0.000   0.000 0.000  20.000 142.868   0.199  0.065   27.000   55.322   55.322    0.022  0.161  0.110  0.013  2.000  0.263    0.000
  1  1  6 2019    0.800    0.000   0.000   0.000   0.000 0.000  20.000 150.349   0.199  0.065   27.000   55.323   55.323    0.022  0.161  0.110  0.013  2.000  0.263    0.000
  1 15  6 2019    0.000    0.000   0.000   0.000   0.000 0.000  20.000 144.152   0.199  0.065   27.000   55.323   55.323    0.022  0.161  0.110  0.013  2.000  0.263    0.000
  1  1  7 2019    0.000    0.000   0.000   0.000   0.000 0.000  20.000 139.465   0.199  0.065   27.000   55.323   55.323    0.022  0.161  0.110  0.013  2.000  0.263    0.000
  1 15  7 2019    0.000    0.000   0.000   0.000   0.000 0.000  20.000 138.553   0.199  0.065   27.000   55.324   55.324    0.022  0.161  0.110  0.013  2.000  0.263    0.000
  1  1  8 2019    0.000    0.000   0.000   0.000   0.000 0.000  20.000 138.410   0.199  0.065   27.000   55.324   55.324    0.022  0.161  0.110  0.013  2.000  0.263    0.000
  1 15  8 2019    0.000    0.000   0.000   0.000   0.000 0.000  20.000 138.367   0.199  0.065   27.000   55.324   55.324    0.022  0.161  0.110  0.013  2.000  0.263    0.000
  1  1  9 2019    0.000    0.000   0.000   0.000   0.000 0.000  20.000 138.320   0.199  0.065   27.000   55.325   55.325    0.022  0.161  0.110  0.013  2.000  0.263    0.000
  1 15  9 2019    0.000    0.000   0.000   0.000   0.000 0.000  20.000 138.283   0.199  0.065   27.000   55.325   55.325    0.022  0.161  0.110  0.013  2.000  0.263    0.000
  1  1 10 2019    0.000    0.000   0.000   0.000   0.000 0.000  20.000 138.597   0.199  0.065   27.000   55.326   55.326    0.022  0.161  0.110  0.013  2.000  0.263    0.000
  1 15 10 2019    0.000    0.000   0.000   0.000   0.000 0.000  20.000 138.294   0.199  0.065   27.000   55.326   55.326    0.022  0.161  0.110  0.013  2.000  0.263    0.000
  1  1 11 2019    0.000    0.000   0.000   0.000   0.000 0.000  20.000 138.175   0.199  0.065   27.000   55.326   55.326    0.022  0.161  0.110  0.013  2.000  0.263    0.000
  1 15 11 2019    0.000    0.000   0.000   0.000   0.000 0.000  20.000 138.124   0.199  0.065   27.000   55.327   55.327    0.022  0.161  0.110  0.013  2.000  0.263    0.000
  1 27 11 2019   34.000    0.011  84.227   0.444   0.025 1.001  20.000 175.378   0.199  0.065   27.000   55.327   55.327    0.022  0.161  0.110  0.013  2.000  0.263    0.000
  1 28 11 2019   35.000    6.002  57.107  17.399   0.345 1.001  20.000 203.231   0.199  0.065   27.000   55.327   55.327    0.022  0.161  0.110  0.013  2.000  0.263    1.114
  1  1 12 2019    0.000    0.000   0.000   0.000   0.000 0.000  20.000 192.097   0.199  0.065   27.000   55.327   55.327    0.022  0.161  0.110  0.013  2.000  0.263    0.000
  1 15 12 2019    0.000    0.000   0.000   0.000   0.000 0.000  20.000 163.321   0.199  0.065   27.000   55.327   55.327    0.022  0.161  0.110  0.013  2.000  0.263    0.000
  1 25 12 2019   48.700    2.480  45.343   4.916   0.504 1.001  20.000 238.747   0.199  0.065   27.000   55.327   55.327    0.022  0.161  0.110  0.013  2.000  0.263    0.395
  1  1  1 2020    0.000    0.000   0.000   0.000   0.000 0.000  20.000 180.639   0.199  0.065   27.000   55.328   55.328    0.022  0.161  0.110  0.013  2.000  0.263    0.000
  1 15  1 2020    0.000    0.000   0.000   0.000   0.000 0.000  20.000 152.217   0.199  0.065   27.000   55.328   55.328    0.022  0.161  0.110  0.013  2.000  0.263    0.000
  1  1  2 2020    0.000    0.000   0.000   0.000   0.000 0.000  20.000 150.603   0.199  0.065   27.000   55.328   55.328    0.022  0.161  0.110  0.013  2.000  0.263    0.000
  1 15  2 2020    0.000    0.000   0.000   0.000   0.000 0.000  20.000 149.764   0.199  0.065   27.000   55.329   55.329    0.022  0.161  0.110  0.013  2.000  0.263    0.000
  1  1  3 2020    0.000    0.000   0.000   0.000   0.000 0.000  20.000 146.522   0.199  0.065   27.000   55.329   55.329    0.022  0.161  0.110  0.013  2.000  0.263    0.000
  1 12  3 2020   61.800    9.658  46.871  29.961   0.322 1.001  20.000 209.845   0.199  0.065   27.000   55.329   55.329    0.022  0.161  0.110  0.013  2.000  0.263    1.620
  1 15  3 2020    2.000    0.000   0.000   0.000   0.000 0.000  20.000 210.606   0.199  0.065   27.000   55.329   55.329    0.022  0.161  0.110  0.013  2.000  0.263    0.000
  1  1  4 2020    0.000    0.000   0.000   0.000   0.000 0.000  20.000 157.690   0.199  0.065   27.000   55.330   55.330    0.022  0.161  0.110  0.013  2.000  0.263    0.000
  1  7  4 2020   14.400    2.024  48.000   3.624   0.558 1.001  20.000 209.652   0.199  0.065   27.000   55.330   55.330    0.022  0.161  0.110  0.013  2.000  0.263    0.253
  1 15  4 2020    0.000    0.000   0.000   0.000   0.000 0.000  20.000 171.786   0.199  0.065   27.000   55.330   55.330    0.022  0.161  0.110  0.013  2.000  0.263    0.000
  1  1  5 2020    0.000    0.000   0.000   0.000   0.000 0.000  20.000 147.505   0.199  0.065   27.000   55.330   55.330    0.022  0.161  0.110  0.013  2.000  0.263    0.000
  1 15  5 2020    0.000    0.000   0.000   0.000   0.000 0.000  20.000 141.674   0.199  0.065   27.000   55.331   55.331    0.022  0.161  0.110  0.013  2.000  0.263    0.000
  1  1  6 2020    0.000    0.000   0.000   0.000   0.000 0.000  20.000 139.243   0.199  0.065   27.000   55.331   55.331    0.022  0.161  0.110  0.013  2.000  0.263    0.000
  1 15  6 2020    0.000    0.000   0.000   0.000   0.000 0.000  20.000 138.551   0.199  0.065   27.000   55.331   55.331    0.022  0.161  0.110  0.013  2.000  0.263    0.000
  1  1  7 2020    0.000    0.000   0.000   0.000   0.000 0.000  20.000 138.435   0.199  0.065   27.000   55.332   55.332    0.022  0.161  0.110  0.013  2.000  0.263    0.000
  1 15  7 2020    0.000    0.000   0.000   0.000   0.000 0.000  20.000 138.388   0.199  0.065   27.000   55.332   55.332    0.022  0.161  0.110  0.013  2.000  0.263    0.000
  1  1  8 2020    0.000    0.000   0.000   0.000   0.000 0.000  20.000 138.342   0.199  0.065   27.000   55.332   55.332    0.022  0.161  0.110  0.013  2.000  0.263    0.000
  1 15  8 2020    0.000    0.000   0.000   0.000   0.000 0.000  20.000 138.304   0.199  0.065   27.000   55.333   55.333    0.022  0.161  0.110  0.013  2.000  0.263    0.000
  1  1  9 2020    0.000    0.000   0.000   0.000   0.000 0.000  20.000 138.258   0.199  0.065   27.000   55.333   55.333    0.022  0.161  0.110  0.013  2.000  0.263    0.000
  1 15  9 2020    0.000    0.000   0.000   0.000   0.000 0.000  20.000 138.220   0.199  0.065   27.000   55.333   55.333    0.022  0.161  0.110  0.013  2.000  0.263    0.000
  1  1 10 2020    0.000    0.000   0.000   0.000   0.000 0.000  20.000 138.177   0.199  0.065   27.000   55.334   55.334    0.022  0.161  0.110  0.013  2.000  0.263    0.000
  1 15 10 2020    0.000    0.000   0.000   0.000   0.000 0.000  20.000 138.140   0.199  0.065   27.000   55.334   55.334    0.022  0.161  0.110  0.013  2.000  0.263    0.000
  1  1 11 2020    0.000    0.000   0.000   0.000   0.000 0.000  20.000 138.094   0.199  0.065   27.000   55.334   55.334    0.022  0.161  0.110  0.013  2.000  0.263    0.000
  1 15 11 2020    0.000    0.000   0.000   0.000   0.000 0.000  20.000 139.427   0.199  0.065   27.000   55.335   55.335    0.022  0.161  0.110  0.013  2.000  0.263    0.000
  1  1 12 2020    0.000    0.000   0.000   0.000   0.000 0.000  20.000 138.560   0.199  0.065   27.000   55.335   55.335    0.022  0.161  0.110  0.013  2.000  0.263    0.000
  1 15 12 2020    0.000    0.000   0.000   0.000   0.000 0.000  20.000 138.252   0.199  0.065   27.000   55.335   55.335    0.022  0.161  0.110  0.013  2.000  0.263    0.000
  1 28 12 2020   33.300    0.063  54.576   0.896   0.070 1.001  20.000 187.457   0.199  0.065   27.000   55.336   55.336    0.022  0.161  0.110  0.013  2.000  0.263    0.000
  1  1  1 2021    0.000    0.000   0.000   0.000   0.000 0.000  20.000 174.823   0.199  0.065   27.000   55.336   55.336    0.022  0.161  0.110  0.013  2.000  0.263    0.000
  1 15  1 2021    0.000    0.000   0.000   0.000   0.000 0.000  20.000 152.174   0.199  0.065   27.000   55.336   55.336    0.022  0.161  0.110  0.013  2.000  0.263    0.000
  1  1  2 2021    0.000    0.000   0.000   0.000   0.000 0.000  20.000 193.654   0.199  0.065   27.000   55.336   55.336    0.022  0.161  0.110  0.013  2.000  0.263    0.000
  1 15  2 2021    0.000    0.000   0.000   0.000   0.000 0.000  20.000 152.872   0.199  0.065   27.000   55.337   55.337    0.022  0.161  0.110  0.013  2.000  0.263    0.000
  1  1  3 2021    0.000    0.000   0.000   0.000   0.000 0.000  20.000 148.562   0.199  0.065   27.000   55.337   55.337    0.022  0.161  0.110  0.013  2.000  0.263    0.000
  1 15  3 2021    6.000    0.000   0.000   0.000   0.000 0.000  20.000 162.437   0.199  0.065   27.000   55.337   55.337    0.022  0.161  0.110  0.013  2.000  0.263    0.000
  1  1  4 2021    0.000    0.000   0.000   0.000   0.000 0.000  20.000 148.696   0.199  0.065   27.000   55.338   55.338    0.022  0.161  0.110  0.013  2.000  0.263    0.000
  1 15  4 2021    0.000    0.000   0.000   0.000   0.000 0.000  20.000 144.271   0.199  0.065   27.000   55.338   55.338    0.022  0.161  0.110  0.013  2.000  0.263    0.000
  1  1  5 2021    0.000    0.000   0.000   0.000   0.000 0.000  20.000 139.618   0.199  0.065   27.000   55.338   55.338    0.022  0.161  0.110  0.013  2.000  0.263    0.000
  1 15  5 2021    0.000    0.000   0.000   0.000   0.000 0.000  20.000 138.658   0.199  0.065   27.000   55.339   55.339    0.022  0.161  0.110  0.013  2.000  0.263    0.000
  1  1  6 2021    0.000    0.000   0.000   0.000   0.000 0.000  20.000 138.432   0.199  0.065   27.000   55.339   55.339    0.022  0.161  0.110  0.013  2.000  0.263    0.000
  1 15  6 2021    0.000    0.000   0.000   0.000   0.000 0.000  20.000 138.508   0.199  0.065   27.000   55.339   55.339    0.022  0.161  0.110  0.013  2.000  0.263    0.000
  1  1  7 2021    0.000    0.000   0.000   0.000   0.000 0.000  20.000 138.340   0.199  0.065   27.000   55.340   55.340    0.022  0.161  0.110  0.013  2.000  0.263    0.000
  1 15  7 2021    0.000    0.000   0.000   0.000   0.000 0.000  20.000 138.293   0.199  0.065   27.000   55.340   55.340    0.022  0.161  0.110  0.013  2.000  0.263    0.000
  1  1  8 2021    0.000    0.000   0.000   0.000   0.000 0.000  20.000 138.466   0.199  0.065   27.000   55.340   55.340    0.022  0.161  0.110  0.013  2.000  0.263    0.000
  1 15  8 2021    0.000    0.000   0.000   0.000   0.000 0.000  20.000 138.230   0.199  0.065   27.000   55.341   55.341    0.022  0.161  0.110  0.013  2.000  0.263    0.000
  1  1  9 2021    0.000    0.000   0.000   0.000   0.000 0.000  20.000 138.221   0.199  0.065   27.000   55.341   55.341    0.022  0.161  0.110  0.013  2.000  0.263    0.000
  1 15  9 2021    0.000    0.000   0.000   0.000   0.000 0.000  20.000 138.133   0.199  0.065   27.000   55.341   55.341    0.022  0.161  0.110  0.013  2.000  0.263    0.000
  1  1 10 2021    0.000    0.000   0.000   0.000   0.000 0.000  20.000 138.083   0.199  0.065   27.000   55.342   55.342    0.022  0.161  0.110  0.013  2.000  0.263    0.000
  1 15 10 2021    0.000    0.000   0.000   0.000   0.000 0.000  20.000 138.479   0.199  0.065   27.000   55.342   55.342    0.022  0.161  0.110  0.013  2.000  0.263    0.000
  1  1 11 2021    0.000    0.000   0.000   0.000   0.000 0.000  20.000 153.828   0.199  0.065   27.000   55.343   55.343    0.022  0.161  0.110  0.013  2.000  0.263    0.000
  1 15 11 2021    0.000    0.000   0.000   0.000   0.000 0.000  20.000 149.909   0.199  0.065   27.000   55.343   55.343    0.022  0.161  0.110  0.013  2.000  0.263    0.000
  1  1 12 2021    0.000    0.000   0.000   0.000   0.000 0.000  20.000 147.130   0.199  0.065   27.000   55.343   55.343    0.022  0.161  0.110  0.013  2.000  0.263    0.000
  1 14 12 2021   50.800   12.427  40.143  27.656   0.449 1.001  20.000 214.510   0.199  0.065   27.000   55.343   55.343    0.022  0.161  0.110  0.013  2.000  0.263    2.123
  1 15 12 2021    0.000    0.000   0.000   0.000   0.000 0.000  20.000 210.438   0.199  0.065   27.000   55.344   55.344    0.022  0.161  0.110  0.013  2.000  0.263    0.000
  1 23 12 2021   68.900   23.263  63.010  58.156   0.400 1.001  20.000 223.210   0.199  0.065   27.000   55.344   55.344    0.022  0.161  0.110  0.013  2.000  0.263    3.229
  1 25 12 2021   20.200    0.021  27.501   0.229   0.090 1.001  20.000 239.434   0.199  0.065   27.000   55.344   55.344    0.022  0.161  0.110  0.013  2.000  0.263    0.000
  1 29 12 2021  105.000   63.825  46.545  59.012   1.082 1.001  20.000 249.699   0.199  0.065   27.000   55.344   55.344    0.022  0.161  0.110  0.013  2.000  0.263    8.816
  1 30 12 2021   76.200   62.714  68.642 130.697   0.480 1.001  20.000 249.723   0.199  0.065   27.000   55.344   55.344    0.022  0.161  0.110  0.013  2.000  0.263    6.398
  1  1  1 2022    0.000    0.000   0.000   0.000   0.000 0.000  20.000 224.267   0.199  0.065   27.000   55.344   55.344    0.022  0.161  0.110  0.013  2.000  0.263    0.000
  1 15  1 2022    0.000    0.000   0.000   0.000   0.000 0.000  20.000 155.291   0.199  0.065   27.000   55.344   55.344    0.022  0.161  0.110  0.013  2.000  0.263    0.000
  1  1  2 2022    0.000    0.000   0.000   0.000   0.000 0.000  20.000 151.042   0.199  0.065   27.000   55.345   55.345    0.022  0.161  0.110  0.013  2.000  0.263    0.000
  1 15  2 2022    1.300    0.000   0.000   0.000   0.000 0.000  20.000 148.376   0.199  0.065   27.000   55.345   55.345    0.022  0.161  0.110  0.013  2.000  0.263    0.000
  1  1  3 2022    0.000    0.000   0.000   0.000   0.000 0.000  20.000 145.454   0.199  0.065   27.000   55.345   55.345    0.022  0.161  0.110  0.013  2.000  0.263    0.000
  1 15  3 2022    0.000    0.000   0.000   0.000   0.000 0.000  20.000 141.999   0.199  0.065   27.000   55.346   55.346    0.022  0.161  0.110  0.013  2.000  0.263    0.000
  1  1  4 2022    0.000    0.000   0.000   0.000   0.000 0.000  20.000 163.837   0.199  0.065   27.000   55.346   55.346    0.022  0.161  0.110  0.013  2.000  0.263    0.000
  1 15  4 2022    0.000    0.000   0.000   0.000   0.000 0.000  20.000 148.938   0.199  0.065   27.000   55.346   55.346    0.022  0.161  0.110  0.013  2.000  0.263    0.000
  1  1  5 2022    0.000    0.000   0.000   0.000   0.000 0.000  20.000 147.283   0.199  0.065   27.000   55.347   55.347    0.022  0.161  0.110  0.013  2.000  0.263    0.000
  1 15  5 2022    0.000    0.000   0.000   0.000   0.000 0.000  20.000 142.230   0.199  0.065   27.000   55.347   55.347    0.022  0.161  0.110  0.013  2.000  0.263    0.000
  1  1  6 2022    0.000    0.000   0.000   0.000   0.000 0.000  20.000 138.984   0.199  0.065   27.000   55.347   55.347    0.022  0.161  0.110  0.013  2.000  0.263    0.000
  1 15  6 2022    0.000    0.000   0.000   0.000   0.000 0.000  20.000 138.486   0.199  0.065   27.000   55.348   55.348    0.022  0.161  0.110  0.013  2.000  0.263    0.000
  1  1  7 2022    0.000    0.000   0.000   0.000   0.000 0.000  20.000 138.380   0.199  0.065   27.000   55.348   55.348    0.022  0.161  0.110  0.013  2.000  0.263    0.000
  1 15  7 2022    0.000    0.000   0.000   0.000   0.000 0.000  20.000 138.338   0.199  0.065   27.000   55.348   55.348    0.022  0.161  0.110  0.013  2.000  0.263    0.000
  1  1  8 2022    0.000    0.000   0.000   0.000   0.000 0.000  20.000 138.292   0.199  0.065   27.000   55.349   55.349    0.022  0.161  0.110  0.013  2.000  0.263    0.000
  1 15  8 2022    0.000    0.000   0.000   0.000   0.000 0.000  20.000 138.254   0.199  0.065   27.000   55.349   55.349    0.022  0.161  0.110  0.013  2.000  0.263    0.000
  1  1  9 2022    0.000    0.000   0.000   0.000   0.000 0.000  20.000 138.208   0.199  0.065   27.000   55.349   55.349    0.022  0.161  0.110  0.013  2.000  0.263    0.000
  1 15  9 2022    0.000    0.000   0.000   0.000   0.000 0.000  20.000 140.740   0.199  0.065   27.000   55.350   55.350    0.022  0.161  0.110  0.013  2.000  0.263    0.000
  1  1 10 2022    0.000    0.000   0.000   0.000   0.000 0.000  20.000 138.543   0.199  0.065   27.000   55.350   55.350    0.022  0.161  0.110  0.013  2.000  0.263    0.000
  1 15 10 2022    1.800    0.000   0.000   0.000   0.000 0.000  20.000 139.692   0.199  0.065   27.000   55.350   55.350    0.022  0.161  0.110  0.013  2.000  0.263    0.000
  1  1 11 2022    4.400    0.000   0.000   0.000   0.000 0.000  20.000 141.035   0.199  0.065   27.000   55.351   55.351    0.022  0.161  0.110  0.013  2.000  0.263    0.000
  1 15 11 2022    0.000    0.000   0.000   0.000   0.000 0.000  20.000 166.992   0.199  0.065   27.000   55.351   55.351    0.022  0.161  0.110  0.013  2.000  0.263    0.000
  1  1 12 2022    3.300    0.000   0.000   0.000   0.000 0.000  20.000 153.722   0.199  0.065   27.000   55.351   55.351    0.022  0.161  0.110  0.013  2.000  0.263    0.000
  1 15 12 2022    0.000    0.000   0.000   0.000   0.000 0.000  20.000 177.161   0.199  0.065   27.000   55.352   55.352    0.022  0.161  0.110  0.013  2.000  0.263    0.000
  1 31 12 2022   42.600    0.370  56.320   3.183   0.116 1.001  20.000 200.698   0.199  0.065   27.000   55.352   55.352    0.022  0.161  0.110  0.013  2.000  0.263    0.039
  1  1  1 2023    0.500    0.000   0.000   0.000   0.000 0.000  20.000 197.909   0.199  0.065   27.000   55.352   55.352    0.022  0.161  0.110  0.013  2.000  0.263    0.000
  1  4  1 2023   71.400   23.555   0.000   4.619   5.100 1.001  20.000 233.405   0.199  0.065   27.000   55.352   55.352    0.022  0.161  0.110  0.013  2.000  0.263    3.613
  1  5  1 2023   39.100   12.874  30.205  26.620   0.484 1.001  20.000 248.819   0.199  0.065   27.000   55.352   55.352    0.022  0.161  0.110  0.013  2.000  0.263    2.217
  1  9  1 2023  120.100   78.389  36.435  55.778   1.405 1.001  20.000 249.681   0.199  0.065   27.000   55.352   55.352    0.022  0.161  0.110  0.013  2.000  0.263   11.028
  1 14  1 2023   56.600    8.916   0.000   2.286   3.900 1.001  20.000 249.698   0.199  0.065   27.000   55.352   55.352    0.022  0.161  0.110  0.013  2.000  0.263    0.420
  1 15  1 2023   23.500    9.605  25.963  41.915   0.229 1.001  20.000 249.685   0.199  0.065   27.000   55.352   55.352    0.022  0.161  0.110  0.013  2.000  0.263    1.475
  1  1  2 2023    0.000    0.000   0.000   0.000   0.000 0.000  20.000 159.987   0.199  0.065   27.000   55.353   55.353    0.022  0.161  0.110  0.013  2.000  0.263    0.000
  1 15  2 2023    0.000    0.000   0.000   0.000   0.000 0.000  20.000 156.292   0.199  0.065   27.000   55.353   55.353    0.022  0.161  0.110  0.013  2.000  0.263    0.000
  1 26  2 2023  135.300   70.629  41.866  56.953   1.240 1.001  20.000 212.822   0.199  0.065   27.000   55.353   55.353    0.022  0.161  0.110  0.013  2.000  0.263    9.869
  1  1  3 2023    0.000    0.000   0.000   0.000   0.000 0.000  20.000 195.149   0.199  0.065   27.000   55.353   55.353    0.022  0.161  0.110  0.013  2.000  0.263    0.000
  1 14  3 2023   84.500   33.361  58.129  46.908   0.711 1.001  20.000 230.278   0.199  0.065   27.000   55.354   55.354    0.022  0.161  0.110  0.013  2.000  0.263    4.955
  1 15  3 2023    2.300    0.000   0.000   0.000   0.000 0.000  20.000 223.442   0.199  0.065   27.000   55.354   55.354    0.022  0.161  0.110  0.013  2.000  0.263    0.000
  1 21  3 2023   36.600    0.019  30.464   0.261   0.071 1.001  20.000 237.934   0.199  0.065   27.000   55.354   55.354    0.022  0.161  0.110  0.013  2.000  0.263    0.000
  1  1  4 2023    0.000    0.000   0.000   0.000   0.000 0.000  20.000 194.236   0.199  0.065   27.000   55.354   55.354    0.022  0.161  0.110  0.013  2.000  0.263    0.000
  1 15  4 2023    0.000    0.000   0.000   0.000   0.000 0.000  20.000 151.621   0.199  0.065   27.000   55.354   55.354    0.022  0.161  0.110  0.013  2.000  0.263    0.000
  1  1  5 2023    0.500    0.000   0.000   0.000   0.000 0.000  20.000 145.477   0.199  0.065   27.000   55.355   55.355    0.022  0.161  0.110  0.013  2.000  0.263    0.000
  1 15  5 2023    0.000    0.000   0.000   0.000   0.000 0.000  20.000 151.155   0.199  0.065   27.000   55.355   55.355    0.022  0.161  0.110  0.013  2.000  0.263    0.000
  1  1  6 2023    0.000    0.000   0.000   0.000   0.000 0.000  20.000 145.838   0.199  0.065   27.000   55.355   55.355    0.022  0.161  0.110  0.013  2.000  0.263    0.000
  1 15  6 2023    0.000    0.000   0.000   0.000   0.000 0.000  20.000 142.365   0.199  0.065   27.000   55.356   55.356    0.022  0.161  0.110  0.013  2.000  0.263    0.000
  1  1  7 2023    0.000    0.000   0.000   0.000   0.000 0.000  20.000 139.016   0.199  0.065   27.000   55.356   55.356    0.022  0.161  0.110  0.013  2.000  0.263    0.000
  1 15  7 2023    0.000    0.000   0.000   0.000   0.000 0.000  20.000 138.490   0.199  0.065   27.000   55.356   55.356    0.022  0.161  0.110  0.013  2.000  0.263    0.000
  1  1  8 2023    0.000    0.000   0.000   0.000   0.000 0.000  20.000 138.386   0.199  0.065   27.000   55.357   55.357    0.022  0.161  0.110  0.013  2.000  0.263    0.000
  1 15  8 2023    0.000    0.000   0.000   0.000   0.000 0.000  20.000 138.345   0.199  0.065   27.000   55.357   55.357    0.022  0.161  0.110  0.013  2.000  0.263    0.000
  1 20  8 2023  145.300   75.024  96.071  97.187   0.772 1.001  20.000 206.358   0.199  0.065   27.000   55.357   55.357    0.022  0.161  0.110  0.013  2.000  0.263    8.645
  1  1  9 2023    3.000    0.000   0.000   0.000   0.000 0.000  20.000 155.140   0.199  0.065   27.000   55.357   55.357    0.022  0.161  0.110  0.013  2.000  0.263    0.000
  1 15  9 2023    0.000    0.000   0.000   0.000   0.000 0.000  20.000 148.170   0.199  0.065   27.000   55.358   55.358    0.022  0.161  0.110  0.013  2.000  0.263    0.000
  1  1 10 2023    0.000    0.000   0.000   0.000   0.000 0.000  20.000 144.099   0.199  0.065   27.000   55.358   55.358    0.022  0.161  0.110  0.013  2.000  0.263    0.000
  1 15 10 2023    0.000    0.000   0.000   0.000   0.000 0.000  20.000 140.479   0.199  0.065   27.000   55.358   55.358    0.022  0.161  0.110  0.013  2.000  0.263    0.000
  1  1 11 2023    0.000    0.000   0.000   0.000   0.000 0.000  20.000 138.967   0.199  0.065   27.000   55.359   55.359    0.022  0.161  0.110  0.013  2.000  0.263    0.000
  1 15 11 2023   10.000    0.000   0.000   0.000   0.000 0.000  20.000 146.857   0.199  0.065   27.000   55.359   55.359    0.022  0.161  0.110  0.013  2.000  0.263    0.000
  1  1 12 2023    0.000    0.000   0.000   0.000   0.000 0.000  20.000 147.584   0.199  0.065   27.000   55.359   55.359    0.022  0.161  0.110  0.013  2.000  0.263    0.000
  1 15 12 2023    0.000    0.000   0.000   0.000   0.000 0.000  20.000 145.505   0.199  0.065   27.000   55.360   55.360    0.022  0.161  0.110  0.013  2.000  0.263    0.000
  1 20 12 2023   29.800    1.767  66.723   2.955   0.598 1.001  20.000 190.518   0.199  0.065   27.000   55.360   55.360    0.022  0.161  0.110  0.013  2.000  0.263    0.166
  1 21 12 2023   44.400   13.660  41.124  32.195   0.424 1.001  20.000 218.688   0.199  0.065   27.000   55.360   55.360    0.022  0.161  0.110  0.013  2.000  0.263    2.251
  1  1  1 2024    0.000    0.000   0.000   0.000   0.000 0.000  20.000 180.145   0.199  0.065   27.000   55.360   55.360    0.022  0.161  0.110  0.013  2.000  0.263    0.000
  1 15  1 2024    0.000    0.000   0.000   0.000   0.000 0.000  20.000 153.314   0.199  0.065   27.000   55.360   55.360    0.022  0.161  0.110  0.013  2.000  0.263    0.000
  1  1  2 2024   27.100    0.000   0.000   0.000   0.000 0.000  20.000 209.671   0.199  0.065   27.000   55.361   55.361    0.022  0.161  0.110  0.013  2.000  0.263    0.000
  1  4  2 2024  179.700  127.630  47.918  56.721   2.250 1.001  20.000 243.837   0.199  0.065   27.000   55.361   55.361    0.022  0.161  0.110  0.013  2.000  0.263   17.857
  1  5  2 2024   41.200   22.499  27.236  34.802   0.646 1.001  20.000 249.715   0.199  0.065   27.000   55.361   55.361    0.022  0.161  0.110  0.013  2.000  0.263    3.635
  1  6  2 2024   36.600   22.832   0.000   3.624   6.300 1.001  20.000 249.695   0.199  0.065   27.000   55.361   55.361    0.022  0.161  0.110  0.013  2.000  0.263    2.850
  1  7  2 2024   14.900    1.281  24.994   0.273   4.700 1.001  20.000 249.195   0.199  0.065   27.000   55.361   55.361    0.022  0.161  0.110  0.013  2.000  0.263    0.000
  1 15  2 2024    0.000    0.000   0.000   0.000   0.000 0.000  20.000 175.640   0.199  0.065   27.000   55.361   55.361    0.022  0.161  0.110  0.013  2.000  0.263    0.000
  1 19  2 2024   78.800   38.152  35.907  40.975   0.931 1.001  20.000 229.812   0.199  0.065   27.000   55.361   55.361    0.022  0.161  0.110  0.013  2.000  0.263    5.896
  1 20  2 2024   55.800   30.213  32.570  39.915   0.757 1.001  20.000 245.769   0.199  0.065   27.000   55.361   55.361    0.022  0.161  0.110  0.013  2.000  0.263    4.704
  1  1  3 2024   31.700    0.000   0.000   0.000   0.000 0.000  20.000 194.455   0.199  0.065   27.000   55.362   55.362    0.022  0.161  0.110  0.013  2.000  0.263    0.000
  1 15  3 2024    0.000    0.000   0.000   0.000   0.000 0.000  20.000 157.330   0.199  0.065   27.000   55.362   55.362    0.022  0.161  0.110  0.013  2.000  0.263    0.000
  1  1  4 2024    0.000    0.000   0.000   0.000   0.000 0.000  20.000 199.077   0.199  0.065   27.000   55.362   55.362    0.022  0.161  0.110  0.013  2.000  0.263    0.000
  1 15  4 2024    0.000    0.000   0.000   0.000   0.000 0.000  20.000 182.645   0.199  0.065   27.000   55.363   55.363    0.022  0.161  0.110  0.013  2.000  0.263    0.000
  1  1  5 2024    0.000    0.000   0.000   0.000   0.000 0.000  20.000 149.999   0.199  0.065   27.000   55.363   55.363    0.022  0.161  0.110  0.013  2.000  0.263    0.000
  1 15  5 2024    0.000    0.000   0.000   0.000   0.000 0.000  20.000 147.326   0.199  0.065   27.000   55.363   55.363    0.022  0.161  0.110  0.013  2.000  0.263    0.000
  1  1  6 2024    0.000    0.000   0.000   0.000   0.000 0.000  20.000 141.883   0.199  0.065   27.000   55.364   55.364    0.022  0.161  0.110  0.013  2.000  0.263    0.000
  1 15  6 2024    0.000    0.000   0.000   0.000   0.000 0.000  20.000 139.024   0.199  0.065   27.000   55.364   55.364    0.022  0.161  0.110  0.013  2.000  0.263    0.000
  1  1  7 2024    0.000    0.000   0.000   0.000   0.000 0.000  20.000 138.477   0.199  0.065   27.000   55.364   55.364    0.022  0.161  0.110  0.013  2.000  0.263    0.000
  1 15  7 2024    0.000    0.000   0.000   0.000   0.000 0.000  20.000 138.393   0.199  0.065   27.000   55.365   55.365    0.022  0.161  0.110  0.013  2.000  0.263    0.000
  1  1  8 2024    0.000    0.000   0.000   0.000   0.000 0.000  20.000 138.343   0.199  0.065   27.000   55.365   55.365    0.022  0.161  0.110  0.013  2.000  0.263    0.000
  1 15  8 2024    0.000    0.000   0.000   0.000   0.000 0.000  20.000 138.305   0.199  0.065   27.000   55.365   55.365    0.022  0.161  0.110  0.013  2.000  0.263    0.000
  1  1  9 2024    0.000    0.000   0.000   0.000   0.000 0.000  20.000 138.259   0.199  0.065   27.000   55.366   55.366    0.022  0.161  0.110  0.013  2.000  0.263    0.000
  1 15  9 2024    0.000    0.000   0.000   0.000   0.000 0.000  20.000 138.221   0.199  0.065   27.000   55.366   55.366    0.022  0.161  0.110  0.013  2.000  0.263    0.000
  1  1 10 2024    0.000    0.000   0.000   0.000   0.000 0.000  20.000 138.178   0.199  0.065   27.000   55.366   55.366    0.022  0.161  0.110  0.013  2.000  0.263    0.000
  1 15 10 2024    0.000    0.000   0.000   0.000   0.000 0.000  20.000 138.141   0.199  0.065   27.000   55.367   55.367    0.022  0.161  0.110  0.013  2.000  0.263    0.000
  1  1 11 2024    0.000    0.000   0.000   0.000   0.000 0.000  20.000 138.095   0.199  0.065   27.000   55.367   55.367    0.022  0.161  0.110  0.013  2.000  0.263    0.000
  1 15 11 2024    0.000    0.000   0.000   0.000   0.000 0.000  20.000 138.157   0.199  0.065   27.000   55.367   55.367    0.022  0.161  0.110  0.013  2.000  0.263    0.000
  1  1 12 2024    0.000    0.000   0.000   0.000   0.000 0.000  20.000 141.416   0.199  0.065   27.000   55.368   55.368    0.022  0.161  0.110  0.013  2.000  0.263    0.000
  1 15 12 2024    0.000    0.000   0.000   0.000   0.000 0.000  20.000 139.716   0.199  0.065   27.000   55.368   55.368    0.022  0.161  0.110  0.013  2.000  0.263    0.000
