contrast_id,group,scenario,topaz_id,treatment_changed
1,1,thinning_30_75,22,True
1,1,thinning_30_75,42,True
1,1,thinning_30_75,52,True
1,1,thinning_30_75,62,True
1,1,thinning_30_75,63,True
1,1,thinning_30_75,82,True
1,1,thinning_30_75,91,True
1,1,thinning_30_75,92,True
1,1,thinning_30_75,93,True
1,1,thinning_30_75,102,True
1,1,thinning_30_75,103,True
1,1,thinning_30_75,112,True
1,1,thinning_30_75,121,True
1,1,thinning_30_75,122,True
1,1,thinning_30_75,123,True
1,1,thinning_30_75,131,True
1,1,thinning_30_75,143,True
1,1,thinning_30_75,151,True
1,1,thinning_30_75,152,True
1,1,thinning_30_75,153,True
1,1,thinning_30_75,172,True
1,1,thinning_30_75,181,True
1,1,thinning_30_75,183,True
1,1,thinning_30_75,192,True
1,1,thinning_30_75,193,True
1,1,thinning_30_75,212,True
1,1,thinning_30_75,221,True
1,1,thinning_30_75,222,True
1,1,thinning_30_75,223,True
1,1,thinning_30_75,232,True
1,1,thinning_30_75,233,True
1,1,thinning_30_75,252,True
1,1,thinning_30_75,261,True
1,1,thinning_30_75,262,True
1,1,thinning_30_75,263,True
1,1,thinning_30_75,272,True
1,1,thinning_30_75,273,True
1,1,thinning_30_75,291,True
1,1,thinning_30_75,292,True
1,1,thinning_30_75,293,True
1,1,thinning_30_75,302,True
1,1,thinning_30_75,303,True
1,1,thinning_30_75,311,True
1,1,thinning_30_75,313,True
1,1,thinning_30_75,332,True
1,1,thinning_30_75,341,True
1,1,thinning_30_75,343,True
1,1,thinning_30_75,352,True
1,1,thinning_30_75,353,True
1,1,thinning_30_75,392,True
1,1,thinning_30_75,402,True
1,1,thinning_30_75,403,True
1,1,thinning_30_75,411,True
1,1,thinning_30_75,412,True
1,1,thinning_30_75,413,True
1,1,thinning_30_75,452,True
1,1,thinning_30_75,461,True
1,1,thinning_30_75,462,True
1,1,thinning_30_75,463,True
1,1,thinning_30_75,472,True
1,1,thinning_30_75,473,True
1,1,thinning_30_75,502,True
1,1,thinning_30_75,511,True
1,1,thinning_30_75,512,True
1,1,thinning_30_75,513,True
1,1,thinning_30_75,521,True
1,1,thinning_30_75,522,True
1,1,thinning_30_75,523,True
1,1,thinning_30_75,531,True
1,1,thinning_30_75,532,True
1,1,thinning_30_75,533,True
1,1,thinning_30_75,552,True
1,1,thinning_30_75,582,True
1,1,thinning_30_75,592,True
1,1,thinning_30_75,593,True
1,1,thinning_30_75,612,True
1,1,thinning_30_75,621,True
1,1,thinning_30_75,622,True
1,1,thinning_30_75,623,True
1,1,thinning_30_75,631,True
1,1,thinning_30_75,632,True
1,1,thinning_30_75,633,True
1,1,thinning_30_75,662,True
1,1,thinning_30_75,671,True
1,1,thinning_30_75,672,True
1,1,thinning_30_75,673,True
1,1,thinning_30_75,702,False
1,1,thinning_30_75,712,True
1,1,thinning_30_75,713,True
1,1,thinning_30_75,742,False
1,1,thinning_30_75,751,True
1,1,thinning_30_75,752,False
1,1,thinning_30_75,761,True
1,1,thinning_30_75,762,True
1,1,thinning_30_75,763,True
1,1,thinning_30_75,771,True
1,1,thinning_30_75,772,True
1,1,thinning_30_75,812,False
1,1,thinning_30_75,862,False
1,1,thinning_30_75,872,False
1,1,thinning_30_75,873,True
1,1,thinning_30_75,922,True
1,1,thinning_30_75,931,True
1,1,thinning_30_75,932,True
1,1,thinning_30_75,933,True
1,1,thinning_30_75,941,True
1,1,thinning_30_75,942,True
1,1,thinning_30_75,943,False
1,1,thinning_30_75,951,True
1,1,thinning_30_75,952,True
1,1,thinning_30_75,953,True
1,1,thinning_30_75,992,True
1,1,thinning_30_75,1022,True
1,1,thinning_30_75,1032,True
1,1,thinning_30_75,1033,True
1,1,thinning_30_75,1052,True
1,1,thinning_30_75,1061,True
1,1,thinning_30_75,1062,True
1,1,thinning_30_75,1063,True
1,1,thinning_30_75,1072,True
1,1,thinning_30_75,1073,True
1,1,thinning_30_75,1112,True
1,1,thinning_30_75,1122,True
1,1,thinning_30_75,1123,True
1,1,thinning_30_75,1132,True
1,1,thinning_30_75,1133,True
1,1,thinning_30_75,1162,True
1,1,thinning_30_75,1171,True
1,1,thinning_30_75,1172,True
1,1,thinning_30_75,1173,True
1,1,thinning_30_75,1181,True
1,1,thinning_30_75,1182,True
1,1,thinning_30_75,1183,True
1,1,thinning_30_75,1191,True
1,1,thinning_30_75,1192,True
1,1,thinning_30_75,1193,True
1,1,thinning_30_75,1201,True
1,1,thinning_30_75,1202,True
1,1,thinning_30_75,1203,True
1,1,thinning_30_75,1211,True
1,1,thinning_30_75,1212,True
1,1,thinning_30_75,1213,True
1,1,thinning_30_75,1271,True
1,1,thinning_30_75,1272,True
1,1,thinning_30_75,1273,True
1,1,thinning_30_75,1281,True
1,1,thinning_30_75,1282,True
1,1,thinning_30_75,1283,True
1,1,thinning_30_75,1342,True
1,1,thinning_30_75,1402,False
1,1,thinning_30_75,1452,False
1,1,thinning_30_75,1461,True
1,1,thinning_30_75,1462,True
1,1,thinning_30_75,1463,True
1,1,thinning_30_75,1501,True
1,1,thinning_30_75,1502,True
1,1,thinning_30_75,1503,True
1,1,thinning_30_75,1562,True
1,1,thinning_30_75,1602,False
1,1,thinning_30_75,1652,True
1,1,thinning_30_75,1661,True
1,1,thinning_30_75,1662,True
1,1,thinning_30_75,1663,True
1,1,thinning_30_75,1752,True
1,1,thinning_30_75,1762,True
1,1,thinning_30_75,1763,True
1,1,thinning_30_75,1871,True
1,1,thinning_30_75,1873,True
1,1,thinning_30_75,1881,True
1,1,thinning_30_75,1882,True
1,1,thinning_30_75,1883,True
1,1,thinning_30_75,1892,True
1,1,thinning_30_75,1893,True
1,1,thinning_30_75,2001,True
1,1,thinning_30_75,2002,True
1,1,thinning_30_75,2003,True
1,1,thinning_30_75,2012,True
1,1,thinning_30_75,2013,True
1,1,thinning_30_75,2101,True
1,1,thinning_30_75,2102,True
1,1,thinning_30_75,2103,True
1,1,thinning_30_75,2111,True
1,1,thinning_30_75,2112,True
2,1,thinning_65_90,22,True
2,1,thinning_65_90,42,True
2,1,thinning_65_90,52,True
2,1,thinning_65_90,62,True
2,1,thinning_65_90,63,True
2,1,thinning_65_90,82,True
2,1,thinning_65_90,91,True
2,1,thinning_65_90,92,True
2,1,thinning_65_90,93,True
2,1,thinning_65_90,102,True
2,1,thinning_65_90,103,True
2,1,thinning_65_90,112,True
2,1,thinning_65_90,121,True
2,1,thinning_65_90,122,True
2,1,thinning_65_90,123,True
2,1,thinning_65_90,131,True
2,1,thinning_65_90,143,True
2,1,thinning_65_90,151,True
2,1,thinning_65_90,152,True
2,1,thinning_65_90,153,True
2,1,thinning_65_90,172,True
2,1,thinning_65_90,181,True
2,1,thinning_65_90,183,True
2,1,thinning_65_90,192,True
2,1,thinning_65_90,193,True
2,1,thinning_65_90,212,True
2,1,thinning_65_90,221,True
2,1,thinning_65_90,222,True
2,1,thinning_65_90,223,True
2,1,thinning_65_90,232,True
2,1,thinning_65_90,233,True
2,1,thinning_65_90,252,True
2,1,thinning_65_90,261,True
2,1,thinning_65_90,262,True
2,1,thinning_65_90,263,True
2,1,thinning_65_90,272,True
2,1,thinning_65_90,273,True
2,1,thinning_65_90,291,True
2,1,thinning_65_90,292,True
2,1,thinning_65_90,293,True
2,1,thinning_65_90,302,True
2,1,thinning_65_90,303,True
2,1,thinning_65_90,311,True
2,1,thinning_65_90,313,True
2,1,thinning_65_90,332,True
2,1,thinning_65_90,341,True
2,1,thinning_65_90,343,True
2,1,thinning_65_90,352,True
2,1,thinning_65_90,353,True
2,1,thinning_65_90,392,True
2,1,thinning_65_90,402,True
2,1,thinning_65_90,403,True
2,1,thinning_65_90,411,True
2,1,thinning_65_90,412,True
2,1,thinning_65_90,413,True
2,1,thinning_65_90,452,True
2,1,thinning_65_90,461,True
2,1,thinning_65_90,462,True
2,1,thinning_65_90,463,True
2,1,thinning_65_90,472,True
2,1,thinning_65_90,473,True
2,1,thinning_65_90,502,True
2,1,thinning_65_90,511,True
2,1,thinning_65_90,512,True
2,1,thinning_65_90,513,True
2,1,thinning_65_90,521,True
2,1,thinning_65_90,522,True
2,1,thinning_65_90,523,True
2,1,thinning_65_90,531,True
2,1,thinning_65_90,532,True
2,1,thinning_65_90,533,True
2,1,thinning_65_90,552,True
2,1,thinning_65_90,582,True
2,1,thinning_65_90,592,True
2,1,thinning_65_90,593,True
2,1,thinning_65_90,612,True
2,1,thinning_65_90,621,True
2,1,thinning_65_90,622,True
2,1,thinning_65_90,623,True
2,1,thinning_65_90,631,True
2,1,thinning_65_90,632,True
2,1,thinning_65_90,633,True
2,1,thinning_65_90,662,True
2,1,thinning_65_90,671,True
2,1,thinning_65_90,672,True
2,1,thinning_65_90,673,True
2,1,thinning_65_90,702,False
2,1,thinning_65_90,712,True
2,1,thinning_65_90,713,True
2,1,thinning_65_90,742,False
2,1,thinning_65_90,751,True
2,1,thinning_65_90,752,False
2,1,thinning_65_90,761,True
2,1,thinning_65_90,762,True
2,1,thinning_65_90,763,True
2,1,thinning_65_90,771,True
2,1,thinning_65_90,772,True
2,1,thinning_65_90,812,False
2,1,thinning_65_90,862,False
2,1,thinning_65_90,872,False
2,1,thinning_65_90,873,True
2,1,thinning_65_90,922,True
2,1,thinning_65_90,931,True
2,1,thinning_65_90,932,True
2,1,thinning_65_90,933,True
2,1,thinning_65_90,941,True
2,1,thinning_65_90,942,True
2,1,thinning_65_90,943,False
2,1,thinning_65_90,951,True
2,1,thinning_65_90,952,True
2,1,thinning_65_90,953,True
2,1,thinning_65_90,992,True
2,1,thinning_65_90,1022,True
2,1,thinning_65_90,1032,True
2,1,thinning_65_90,1033,True
2,1,thinning_65_90,1052,True
2,1,thinning_65_90,1061,True
2,1,thinning_65_90,1062,True
2,1,thinning_65_90,1063,True
2,1,thinning_65_90,1072,True
2,1,thinning_65_90,1073,True
2,1,thinning_65_90,1112,True
2,1,thinning_65_90,1122,True
2,1,thinning_65_90,1123,True
2,1,thinning_65_90,1132,True
2,1,thinning_65_90,1133,True
2,1,thinning_65_90,1162,True
2,1,thinning_65_90,1171,True
2,1,thinning_65_90,1172,True
2,1,thinning_65_90,1173,True
2,1,thinning_65_90,1181,True
2,1,thinning_65_90,1182,True
2,1,thinning_65_90,1183,True
2,1,thinning_65_90,1191,True
2,1,thinning_65_90,1192,True
2,1,thinning_65_90,1193,True
2,1,thinning_65_90,1201,True
2,1,thinning_65_90,1202,True
2,1,thinning_65_90,1203,True
2,1,thinning_65_90,1211,True
2,1,thinning_65_90,1212,True
2,1,thinning_65_90,1213,True
2,1,thinning_65_90,1271,True
2,1,thinning_65_90,1272,True
2,1,thinning_65_90,1273,True
2,1,thinning_65_90,1281,True
2,1,thinning_65_90,1282,True
2,1,thinning_65_90,1283,True
2,1,thinning_65_90,1342,True
2,1,thinning_65_90,1402,False
2,1,thinning_65_90,1452,False
2,1,thinning_65_90,1461,True
2,1,thinning_65_90,1462,True
2,1,thinning_65_90,1463,True
2,1,thinning_65_90,1501,True
2,1,thinning_65_90,1502,True
2,1,thinning_65_90,1503,True
2,1,thinning_65_90,1562,True
2,1,thinning_65_90,1602,False
2,1,thinning_65_90,1652,True
2,1,thinning_65_90,1661,True
2,1,thinning_65_90,1662,True
2,1,thinning_65_90,1663,True
2,1,thinning_65_90,1752,True
2,1,thinning_65_90,1762,True
2,1,thinning_65_90,1763,True
2,1,thinning_65_90,1871,True
2,1,thinning_65_90,1873,True
2,1,thinning_65_90,1881,True
2,1,thinning_65_90,1882,True
2,1,thinning_65_90,1883,True
2,1,thinning_65_90,1892,True
2,1,thinning_65_90,1893,True
2,1,thinning_65_90,2001,True
2,1,thinning_65_90,2002,True
2,1,thinning_65_90,2003,True
2,1,thinning_65_90,2012,True
2,1,thinning_65_90,2013,True
2,1,thinning_65_90,2101,True
2,1,thinning_65_90,2102,True
2,1,thinning_65_90,2103,True
2,1,thinning_65_90,2111,True
2,1,thinning_65_90,2112,True
3,2,thinning_30_75,23,False
3,2,thinning_30_75,31,False
3,2,thinning_30_75,32,False
3,2,thinning_30_75,33,False
3,2,thinning_30_75,43,False
3,2,thinning_30_75,53,True
3,2,thinning_30_75,71,True
3,2,thinning_30_75,72,True
3,2,thinning_30_75,73,True
3,2,thinning_30_75,83,True
3,2,thinning_30_75,113,True
3,2,thinning_30_75,161,True
3,2,thinning_30_75,162,True
3,2,thinning_30_75,163,True
3,2,thinning_30_75,173,True
3,2,thinning_30_75,201,True
3,2,thinning_30_75,202,True
3,2,thinning_30_75,203,True
3,2,thinning_30_75,213,True
3,2,thinning_30_75,241,True
3,2,thinning_30_75,242,True
3,2,thinning_30_75,243,True
3,2,thinning_30_75,253,True
3,2,thinning_30_75,322,True
3,2,thinning_30_75,323,True
3,2,thinning_30_75,333,True
3,2,thinning_30_75,362,True
3,2,thinning_30_75,363,True
3,2,thinning_30_75,371,True
3,2,thinning_30_75,372,True
3,2,thinning_30_75,373,True
3,2,thinning_30_75,381,True
3,2,thinning_30_75,382,True
3,2,thinning_30_75,383,True
3,2,thinning_30_75,393,False
3,2,thinning_30_75,421,True
3,2,thinning_30_75,422,True
3,2,thinning_30_75,423,True
3,2,thinning_30_75,432,True
3,2,thinning_30_75,433,True
3,2,thinning_30_75,441,True
3,2,thinning_30_75,442,True
3,2,thinning_30_75,443,True
3,2,thinning_30_75,453,False
3,2,thinning_30_75,481,True
3,2,thinning_30_75,482,True
3,2,thinning_30_75,483,True
3,2,thinning_30_75,491,True
3,2,thinning_30_75,492,True
3,2,thinning_30_75,493,True
3,2,thinning_30_75,503,True
3,2,thinning_30_75,542,True
3,2,thinning_30_75,543,False
3,2,thinning_30_75,553,True
3,2,thinning_30_75,561,True
3,2,thinning_30_75,562,False
3,2,thinning_30_75,571,True
3,2,thinning_30_75,572,True
3,2,thinning_30_75,573,True
3,2,thinning_30_75,583,False
3,2,thinning_30_75,602,True
3,2,thinning_30_75,603,True
3,2,thinning_30_75,613,True
3,2,thinning_30_75,641,True
3,2,thinning_30_75,642,True
3,2,thinning_30_75,643,True
3,2,thinning_30_75,652,True
3,2,thinning_30_75,653,True
3,2,thinning_30_75,663,True
3,2,thinning_30_75,682,True
3,2,thinning_30_75,683,True
3,2,thinning_30_75,691,True
3,2,thinning_30_75,692,True
3,2,thinning_30_75,693,True
3,2,thinning_30_75,703,False
3,2,thinning_30_75,721,True
3,2,thinning_30_75,722,False
3,2,thinning_30_75,723,True
3,2,thinning_30_75,732,True
3,2,thinning_30_75,743,True
3,2,thinning_30_75,782,True
3,2,thinning_30_75,783,True
3,2,thinning_30_75,791,True
3,2,thinning_30_75,792,True
3,2,thinning_30_75,793,True
3,2,thinning_30_75,802,True
3,2,thinning_30_75,803,True
3,2,thinning_30_75,813,False
3,2,thinning_30_75,822,True
3,2,thinning_30_75,823,False
3,2,thinning_30_75,831,True
3,2,thinning_30_75,832,True
3,2,thinning_30_75,833,True
3,2,thinning_30_75,841,True
3,2,thinning_30_75,842,True
3,2,thinning_30_75,852,True
3,2,thinning_30_75,853,True
3,2,thinning_30_75,863,False
3,2,thinning_30_75,881,False
3,2,thinning_30_75,883,False
3,2,thinning_30_75,891,True
3,2,thinning_30_75,892,True
3,2,thinning_30_75,893,False
3,2,thinning_30_75,902,True
3,2,thinning_30_75,903,True
3,2,thinning_30_75,911,True
3,2,thinning_30_75,912,True
3,2,thinning_30_75,923,True
3,2,thinning_30_75,962,True
3,2,thinning_30_75,963,True
3,2,thinning_30_75,971,True
3,2,thinning_30_75,972,True
3,2,thinning_30_75,981,True
3,2,thinning_30_75,982,True
3,2,thinning_30_75,983,True
3,2,thinning_30_75,993,True
3,2,thinning_30_75,1001,True
3,2,thinning_30_75,1002,True
3,2,thinning_30_75,1003,True
3,2,thinning_30_75,1011,True
3,2,thinning_30_75,1012,True
3,2,thinning_30_75,1013,True
3,2,thinning_30_75,1023,False
3,2,thinning_30_75,1042,True
3,2,thinning_30_75,1043,True
3,2,thinning_30_75,1053,False
3,2,thinning_30_75,1081,False
3,2,thinning_30_75,1082,True
3,2,thinning_30_75,1083,True
3,2,thinning_30_75,1092,True
3,2,thinning_30_75,1093,True
3,2,thinning_30_75,1101,False
3,2,thinning_30_75,1102,True
3,2,thinning_30_75,1103,False
3,2,thinning_30_75,1113,False
3,2,thinning_30_75,1142,True
3,2,thinning_30_75,1143,True
3,2,thinning_30_75,1152,True
3,2,thinning_30_75,1153,False
3,2,thinning_30_75,1163,True
3,2,thinning_30_75,1221,True
3,2,thinning_30_75,1222,False
3,2,thinning_30_75,1223,True
3,2,thinning_30_75,1232,True
3,2,thinning_30_75,1233,True
3,2,thinning_30_75,1242,True
3,2,thinning_30_75,1243,False
3,2,thinning_30_75,1251,True
3,2,thinning_30_75,1252,True
3,2,thinning_30_75,1253,True
3,2,thinning_30_75,1291,True
3,2,thinning_30_75,1292,False
3,2,thinning_30_75,1293,True
3,2,thinning_30_75,1302,True
3,2,thinning_30_75,1303,True
3,2,thinning_30_75,1311,True
3,2,thinning_30_75,1312,True
3,2,thinning_30_75,1313,True
3,2,thinning_30_75,1322,True
3,2,thinning_30_75,1323,True
3,2,thinning_30_75,1331,True
3,2,thinning_30_75,1332,True
3,2,thinning_30_75,1333,True
3,2,thinning_30_75,1343,True
3,2,thinning_30_75,1351,True
3,2,thinning_30_75,1352,True
3,2,thinning_30_75,1362,True
3,2,thinning_30_75,1363,True
3,2,thinning_30_75,1371,True
3,2,thinning_30_75,1372,True
3,2,thinning_30_75,1373,True
3,2,thinning_30_75,1381,True
3,2,thinning_30_75,1382,True
3,2,thinning_30_75,1383,True
3,2,thinning_30_75,1392,True
3,2,thinning_30_75,1393,False
3,2,thinning_30_75,1403,False
3,2,thinning_30_75,1411,True
3,2,thinning_30_75,1412,True
3,2,thinning_30_75,1413,True
3,2,thinning_30_75,1422,True
3,2,thinning_30_75,1423,True
3,2,thinning_30_75,1431,True
3,2,thinning_30_75,1432,True
3,2,thinning_30_75,1433,True
3,2,thinning_30_75,1441,True
3,2,thinning_30_75,1442,True
3,2,thinning_30_75,1443,True
3,2,thinning_30_75,1453,False
3,2,thinning_30_75,1472,True
3,2,thinning_30_75,1473,True
3,2,thinning_30_75,1482,True
3,2,thinning_30_75,1483,True
3,2,thinning_30_75,1492,True
3,2,thinning_30_75,1511,True
3,2,thinning_30_75,1512,True
3,2,thinning_30_75,1513,True
3,2,thinning_30_75,1522,True
3,2,thinning_30_75,1523,True
3,2,thinning_30_75,1531,True
3,2,thinning_30_75,1532,True
3,2,thinning_30_75,1533,True
3,2,thinning_30_75,1541,True
3,2,thinning_30_75,1542,True
3,2,thinning_30_75,1543,True
3,2,thinning_30_75,1551,True
3,2,thinning_30_75,1552,True
3,2,thinning_30_75,1553,False
3,2,thinning_30_75,1563,True
3,2,thinning_30_75,1571,True
3,2,thinning_30_75,1572,True
3,2,thinning_30_75,1573,True
3,2,thinning_30_75,1582,True
3,2,thinning_30_75,1583,True
3,2,thinning_30_75,1593,True
3,2,thinning_30_75,1612,True
3,2,thinning_30_75,1613,True
3,2,thinning_30_75,1622,True
3,2,thinning_30_75,1623,False
3,2,thinning_30_75,1632,True
3,2,thinning_30_75,1633,True
3,2,thinning_30_75,1642,True
3,2,thinning_30_75,1643,True
3,2,thinning_30_75,1653,True
3,2,thinning_30_75,1672,True
3,2,thinning_30_75,1682,True
3,2,thinning_30_75,1683,False
3,2,thinning_30_75,1691,False
3,2,thinning_30_75,1692,True
3,2,thinning_30_75,1693,False
3,2,thinning_30_75,1702,True
3,2,thinning_30_75,1703,True
3,2,thinning_30_75,1711,True
3,2,thinning_30_75,1712,False
3,2,thinning_30_75,1713,True
3,2,thinning_30_75,1722,True
3,2,thinning_30_75,1723,True
3,2,thinning_30_75,1731,True
3,2,thinning_30_75,1732,True
3,2,thinning_30_75,1733,True
3,2,thinning_30_75,1741,True
3,2,thinning_30_75,1742,True
3,2,thinning_30_75,1743,True
3,2,thinning_30_75,1753,False
3,2,thinning_30_75,1771,True
3,2,thinning_30_75,1772,True
3,2,thinning_30_75,1773,True
3,2,thinning_30_75,1781,True
3,2,thinning_30_75,1782,False
3,2,thinning_30_75,1783,True
3,2,thinning_30_75,1791,False
3,2,thinning_30_75,1793,False
3,2,thinning_30_75,1802,True
3,2,thinning_30_75,1803,False
3,2,thinning_30_75,1812,True
3,2,thinning_30_75,1813,False
3,2,thinning_30_75,1821,True
3,2,thinning_30_75,1822,True
3,2,thinning_30_75,1823,True
3,2,thinning_30_75,1832,True
3,2,thinning_30_75,1833,True
3,2,thinning_30_75,1841,True
3,2,thinning_30_75,1901,True
3,2,thinning_30_75,1902,True
3,2,thinning_30_75,1903,False
3,2,thinning_30_75,1911,True
3,2,thinning_30_75,1912,True
3,2,thinning_30_75,1913,False
3,2,thinning_30_75,1921,False
3,2,thinning_30_75,1922,True
3,2,thinning_30_75,1932,True
3,2,thinning_30_75,1933,True
3,2,thinning_30_75,1941,True
3,2,thinning_30_75,1942,True
3,2,thinning_30_75,1952,True
3,2,thinning_30_75,1953,True
3,2,thinning_30_75,2021,True
3,2,thinning_30_75,2022,True
3,2,thinning_30_75,2023,False
3,2,thinning_30_75,2031,True
3,2,thinning_30_75,2032,True
3,2,thinning_30_75,2033,True
3,2,thinning_30_75,2042,True
3,2,thinning_30_75,2043,True
3,2,thinning_30_75,2051,True
3,2,thinning_30_75,2052,True
3,2,thinning_30_75,2053,True
3,2,thinning_30_75,2122,True
3,2,thinning_30_75,2123,True
3,2,thinning_30_75,2131,True
3,2,thinning_30_75,2201,True
3,2,thinning_30_75,2202,True
3,2,thinning_30_75,2203,True
3,2,thinning_30_75,2211,True
3,2,thinning_30_75,2212,True
3,2,thinning_30_75,2213,True
4,2,thinning_65_90,23,False
4,2,thinning_65_90,31,False
4,2,thinning_65_90,32,False
4,2,thinning_65_90,33,False
4,2,thinning_65_90,43,False
4,2,thinning_65_90,53,True
4,2,thinning_65_90,71,True
4,2,thinning_65_90,72,True
4,2,thinning_65_90,73,True
4,2,thinning_65_90,83,True
4,2,thinning_65_90,113,True
4,2,thinning_65_90,161,True
4,2,thinning_65_90,162,True
4,2,thinning_65_90,163,True
4,2,thinning_65_90,173,True
4,2,thinning_65_90,201,True
4,2,thinning_65_90,202,True
4,2,thinning_65_90,203,True
4,2,thinning_65_90,213,True
4,2,thinning_65_90,241,True
4,2,thinning_65_90,242,True
4,2,thinning_65_90,243,True
4,2,thinning_65_90,253,True
4,2,thinning_65_90,322,True
4,2,thinning_65_90,323,True
4,2,thinning_65_90,333,True
4,2,thinning_65_90,362,True
4,2,thinning_65_90,363,True
4,2,thinning_65_90,371,True
4,2,thinning_65_90,372,True
4,2,thinning_65_90,373,True
4,2,thinning_65_90,381,True
4,2,thinning_65_90,382,True
4,2,thinning_65_90,383,True
4,2,thinning_65_90,393,False
4,2,thinning_65_90,421,True
4,2,thinning_65_90,422,True
4,2,thinning_65_90,423,True
4,2,thinning_65_90,432,True
4,2,thinning_65_90,433,True
4,2,thinning_65_90,441,True
4,2,thinning_65_90,442,True
4,2,thinning_65_90,443,True
4,2,thinning_65_90,453,False
4,2,thinning_65_90,481,True
4,2,thinning_65_90,482,True
4,2,thinning_65_90,483,True
4,2,thinning_65_90,491,True
4,2,thinning_65_90,492,True
4,2,thinning_65_90,493,True
4,2,thinning_65_90,503,True
4,2,thinning_65_90,542,True
4,2,thinning_65_90,543,False
4,2,thinning_65_90,553,True
4,2,thinning_65_90,561,True
4,2,thinning_65_90,562,False
4,2,thinning_65_90,571,True
4,2,thinning_65_90,572,True
4,2,thinning_65_90,573,True
4,2,thinning_65_90,583,False
4,2,thinning_65_90,602,True
4,2,thinning_65_90,603,True
4,2,thinning_65_90,613,True
4,2,thinning_65_90,641,True
4,2,thinning_65_90,642,True
4,2,thinning_65_90,643,True
4,2,thinning_65_90,652,True
4,2,thinning_65_90,653,True
4,2,thinning_65_90,663,True
4,2,thinning_65_90,682,True
4,2,thinning_65_90,683,True
4,2,thinning_65_90,691,True
4,2,thinning_65_90,692,True
4,2,thinning_65_90,693,True
4,2,thinning_65_90,703,False
4,2,thinning_65_90,721,True
4,2,thinning_65_90,722,False
4,2,thinning_65_90,723,True
4,2,thinning_65_90,732,True
4,2,thinning_65_90,743,True
4,2,thinning_65_90,782,True
4,2,thinning_65_90,783,True
4,2,thinning_65_90,791,True
4,2,thinning_65_90,792,True
4,2,thinning_65_90,793,True
4,2,thinning_65_90,802,True
4,2,thinning_65_90,803,True
4,2,thinning_65_90,813,False
4,2,thinning_65_90,822,True
4,2,thinning_65_90,823,False
4,2,thinning_65_90,831,True
4,2,thinning_65_90,832,True
4,2,thinning_65_90,833,True
4,2,thinning_65_90,841,True
4,2,thinning_65_90,842,True
4,2,thinning_65_90,852,True
4,2,thinning_65_90,853,True
4,2,thinning_65_90,863,False
4,2,thinning_65_90,881,False
4,2,thinning_65_90,883,False
4,2,thinning_65_90,891,True
4,2,thinning_65_90,892,True
4,2,thinning_65_90,893,False
4,2,thinning_65_90,902,True
4,2,thinning_65_90,903,True
4,2,thinning_65_90,911,True
4,2,thinning_65_90,912,True
4,2,thinning_65_90,923,True
4,2,thinning_65_90,962,True
4,2,thinning_65_90,963,True
4,2,thinning_65_90,971,True
4,2,thinning_65_90,972,True
4,2,thinning_65_90,981,True
4,2,thinning_65_90,982,True
4,2,thinning_65_90,983,True
4,2,thinning_65_90,993,True
4,2,thinning_65_90,1001,True
4,2,thinning_65_90,1002,True
4,2,thinning_65_90,1003,True
4,2,thinning_65_90,1011,True
4,2,thinning_65_90,1012,True
4,2,thinning_65_90,1013,True
4,2,thinning_65_90,1023,False
4,2,thinning_65_90,1042,True
4,2,thinning_65_90,1043,True
4,2,thinning_65_90,1053,False
4,2,thinning_65_90,1081,False
4,2,thinning_65_90,1082,True
4,2,thinning_65_90,1083,True
4,2,thinning_65_90,1092,True
4,2,thinning_65_90,1093,True
4,2,thinning_65_90,1101,False
4,2,thinning_65_90,1102,True
4,2,thinning_65_90,1103,False
4,2,thinning_65_90,1113,False
4,2,thinning_65_90,1142,True
4,2,thinning_65_90,1143,True
4,2,thinning_65_90,1152,True
4,2,thinning_65_90,1153,False
4,2,thinning_65_90,1163,True
4,2,thinning_65_90,1221,True
4,2,thinning_65_90,1222,False
4,2,thinning_65_90,1223,True
4,2,thinning_65_90,1232,True
4,2,thinning_65_90,1233,True
4,2,thinning_65_90,1242,True
4,2,thinning_65_90,1243,False
4,2,thinning_65_90,1251,True
4,2,thinning_65_90,1252,True
4,2,thinning_65_90,1253,True
4,2,thinning_65_90,1291,True
4,2,thinning_65_90,1292,False
4,2,thinning_65_90,1293,True
4,2,thinning_65_90,1302,True
4,2,thinning_65_90,1303,True
4,2,thinning_65_90,1311,True
4,2,thinning_65_90,1312,True
4,2,thinning_65_90,1313,True
4,2,thinning_65_90,1322,True
4,2,thinning_65_90,1323,True
4,2,thinning_65_90,1331,True
4,2,thinning_65_90,1332,True
4,2,thinning_65_90,1333,True
4,2,thinning_65_90,1343,True
4,2,thinning_65_90,1351,True
4,2,thinning_65_90,1352,True
4,2,thinning_65_90,1362,True
4,2,thinning_65_90,1363,True
4,2,thinning_65_90,1371,True
4,2,thinning_65_90,1372,True
4,2,thinning_65_90,1373,True
4,2,thinning_65_90,1381,True
4,2,thinning_65_90,1382,True
4,2,thinning_65_90,1383,True
4,2,thinning_65_90,1392,True
4,2,thinning_65_90,1393,False
4,2,thinning_65_90,1403,False
4,2,thinning_65_90,1411,True
4,2,thinning_65_90,1412,True
4,2,thinning_65_90,1413,True
4,2,thinning_65_90,1422,True
4,2,thinning_65_90,1423,True
4,2,thinning_65_90,1431,True
4,2,thinning_65_90,1432,True
4,2,thinning_65_90,1433,True
4,2,thinning_65_90,1441,True
4,2,thinning_65_90,1442,True
4,2,thinning_65_90,1443,True
4,2,thinning_65_90,1453,False
4,2,thinning_65_90,1472,True
4,2,thinning_65_90,1473,True
4,2,thinning_65_90,1482,True
4,2,thinning_65_90,1483,True
4,2,thinning_65_90,1492,True
4,2,thinning_65_90,1511,True
4,2,thinning_65_90,1512,True
4,2,thinning_65_90,1513,True
4,2,thinning_65_90,1522,True
4,2,thinning_65_90,1523,True
4,2,thinning_65_90,1531,True
4,2,thinning_65_90,1532,True
4,2,thinning_65_90,1533,True
4,2,thinning_65_90,1541,True
4,2,thinning_65_90,1542,True
4,2,thinning_65_90,1543,True
4,2,thinning_65_90,1551,True
4,2,thinning_65_90,1552,True
4,2,thinning_65_90,1553,False
4,2,thinning_65_90,1563,True
4,2,thinning_65_90,1571,True
4,2,thinning_65_90,1572,True
4,2,thinning_65_90,1573,True
4,2,thinning_65_90,1582,True
4,2,thinning_65_90,1583,True
4,2,thinning_65_90,1593,True
4,2,thinning_65_90,1612,True
4,2,thinning_65_90,1613,True
4,2,thinning_65_90,1622,True
4,2,thinning_65_90,1623,False
4,2,thinning_65_90,1632,True
4,2,thinning_65_90,1633,True
4,2,thinning_65_90,1642,True
4,2,thinning_65_90,1643,True
4,2,thinning_65_90,1653,True
4,2,thinning_65_90,1672,True
4,2,thinning_65_90,1682,True
4,2,thinning_65_90,1683,False
4,2,thinning_65_90,1691,False
4,2,thinning_65_90,1692,True
4,2,thinning_65_90,1693,False
4,2,thinning_65_90,1702,True
4,2,thinning_65_90,1703,True
4,2,thinning_65_90,1711,True
4,2,thinning_65_90,1712,False
4,2,thinning_65_90,1713,True
4,2,thinning_65_90,1722,True
4,2,thinning_65_90,1723,True
4,2,thinning_65_90,1731,True
4,2,thinning_65_90,1732,True
4,2,thinning_65_90,1733,True
4,2,thinning_65_90,1741,True
4,2,thinning_65_90,1742,True
4,2,thinning_65_90,1743,True
4,2,thinning_65_90,1753,False
4,2,thinning_65_90,1771,True
4,2,thinning_65_90,1772,True
4,2,thinning_65_90,1773,True
4,2,thinning_65_90,1781,True
4,2,thinning_65_90,1782,False
4,2,thinning_65_90,1783,True
4,2,thinning_65_90,1791,False
4,2,thinning_65_90,1793,False
4,2,thinning_65_90,1802,True
4,2,thinning_65_90,1803,False
4,2,thinning_65_90,1812,True
4,2,thinning_65_90,1813,False
4,2,thinning_65_90,1821,True
4,2,thinning_65_90,1822,True
4,2,thinning_65_90,1823,True
4,2,thinning_65_90,1832,True
4,2,thinning_65_90,1833,True
4,2,thinning_65_90,1841,True
4,2,thinning_65_90,1901,True
4,2,thinning_65_90,1902,True
4,2,thinning_65_90,1903,False
4,2,thinning_65_90,1911,True
4,2,thinning_65_90,1912,True
4,2,thinning_65_90,1913,False
4,2,thinning_65_90,1921,False
4,2,thinning_65_90,1922,True
4,2,thinning_65_90,1932,True
4,2,thinning_65_90,1933,True
4,2,thinning_65_90,1941,True
4,2,thinning_65_90,1942,True
4,2,thinning_65_90,1952,True
4,2,thinning_65_90,1953,True
4,2,thinning_65_90,2021,True
4,2,thinning_65_90,2022,True
4,2,thinning_65_90,2023,False
4,2,thinning_65_90,2031,True
4,2,thinning_65_90,2032,True
4,2,thinning_65_90,2033,True
4,2,thinning_65_90,2042,True
4,2,thinning_65_90,2043,True
4,2,thinning_65_90,2051,True
4,2,thinning_65_90,2052,True
4,2,thinning_65_90,2053,True
4,2,thinning_65_90,2122,True
4,2,thinning_65_90,2123,True
4,2,thinning_65_90,2131,True
4,2,thinning_65_90,2201,True
4,2,thinning_65_90,2202,True
4,2,thinning_65_90,2203,True
4,2,thinning_65_90,2211,True
4,2,thinning_65_90,2212,True
4,2,thinning_65_90,2213,True
5,3,thinning_30_75,2062,True
5,3,thinning_30_75,2063,True
5,3,thinning_30_75,2072,True
5,3,thinning_30_75,2073,True
5,3,thinning_30_75,2141,True
5,3,thinning_30_75,2142,True
5,3,thinning_30_75,2143,False
5,3,thinning_30_75,2152,True
5,3,thinning_30_75,2153,True
5,3,thinning_30_75,2162,True
5,3,thinning_30_75,2163,True
5,3,thinning_30_75,2171,True
5,3,thinning_30_75,2172,True
5,3,thinning_30_75,2222,True
5,3,thinning_30_75,2223,True
5,3,thinning_30_75,2232,True
5,3,thinning_30_75,2233,True
5,3,thinning_30_75,2242,True
5,3,thinning_30_75,2243,True
5,3,thinning_30_75,2251,True
5,3,thinning_30_75,2252,True
5,3,thinning_30_75,2253,True
5,3,thinning_30_75,2282,True
5,3,thinning_30_75,2283,True
5,3,thinning_30_75,2291,True
5,3,thinning_30_75,2292,True
5,3,thinning_30_75,2301,True
5,3,thinning_30_75,2303,True
5,3,thinning_30_75,2311,True
5,3,thinning_30_75,2312,True
5,3,thinning_30_75,2322,True
5,3,thinning_30_75,2323,True
5,3,thinning_30_75,2331,True
5,3,thinning_30_75,2332,True
5,3,thinning_30_75,2333,True
5,3,thinning_30_75,2372,True
5,3,thinning_30_75,2373,True
5,3,thinning_30_75,2381,True
5,3,thinning_30_75,2383,True
5,3,thinning_30_75,2392,True
5,3,thinning_30_75,2393,True
5,3,thinning_30_75,2401,True
5,3,thinning_30_75,2402,True
5,3,thinning_30_75,2403,True
5,3,thinning_30_75,2451,True
5,3,thinning_30_75,2452,True
5,3,thinning_30_75,2453,True
5,3,thinning_30_75,2461,True
5,3,thinning_30_75,2462,True
5,3,thinning_30_75,2463,True
5,3,thinning_30_75,2472,True
5,3,thinning_30_75,2473,True
5,3,thinning_30_75,2482,True
5,3,thinning_30_75,2483,True
5,3,thinning_30_75,2552,True
5,3,thinning_30_75,2553,True
5,3,thinning_30_75,2561,True
5,3,thinning_30_75,2562,True
5,3,thinning_30_75,2563,True
5,3,thinning_30_75,2572,True
5,3,thinning_30_75,2573,True
5,3,thinning_30_75,2582,True
5,3,thinning_30_75,2583,True
5,3,thinning_30_75,2651,True
5,3,thinning_30_75,2652,True
5,3,thinning_30_75,2653,True
5,3,thinning_30_75,2661,True
5,3,thinning_30_75,2662,True
5,3,thinning_30_75,2663,True
5,3,thinning_30_75,2671,True
5,3,thinning_30_75,2672,True
5,3,thinning_30_75,2681,True
5,3,thinning_30_75,2682,True
5,3,thinning_30_75,2683,True
5,3,thinning_30_75,2691,True
5,3,thinning_30_75,2692,True
5,3,thinning_30_75,2693,True
5,3,thinning_30_75,2701,True
5,3,thinning_30_75,2702,True
5,3,thinning_30_75,2703,True
6,3,thinning_65_90,2062,True
6,3,thinning_65_90,2063,True
6,3,thinning_65_90,2072,True
6,3,thinning_65_90,2073,True
6,3,thinning_65_90,2141,True
6,3,thinning_65_90,2142,True
6,3,thinning_65_90,2143,False
6,3,thinning_65_90,2152,True
6,3,thinning_65_90,2153,True
6,3,thinning_65_90,2162,True
6,3,thinning_65_90,2163,True
6,3,thinning_65_90,2171,True
6,3,thinning_65_90,2172,True
6,3,thinning_65_90,2222,True
6,3,thinning_65_90,2223,True
6,3,thinning_65_90,2232,True
6,3,thinning_65_90,2233,True
6,3,thinning_65_90,2242,True
6,3,thinning_65_90,2243,True
6,3,thinning_65_90,2251,True
6,3,thinning_65_90,2252,True
6,3,thinning_65_90,2253,True
6,3,thinning_65_90,2282,True
6,3,thinning_65_90,2283,True
6,3,thinning_65_90,2291,True
6,3,thinning_65_90,2292,True
6,3,thinning_65_90,2301,True
6,3,thinning_65_90,2303,True
6,3,thinning_65_90,2311,True
6,3,thinning_65_90,2312,True
6,3,thinning_65_90,2322,True
6,3,thinning_65_90,2323,True
6,3,thinning_65_90,2331,True
6,3,thinning_65_90,2332,True
6,3,thinning_65_90,2333,True
6,3,thinning_65_90,2372,True
6,3,thinning_65_90,2373,True
6,3,thinning_65_90,2381,True
6,3,thinning_65_90,2383,True
6,3,thinning_65_90,2392,True
6,3,thinning_65_90,2393,True
6,3,thinning_65_90,2401,True
6,3,thinning_65_90,2402,True
6,3,thinning_65_90,2403,True
6,3,thinning_65_90,2451,True
6,3,thinning_65_90,2452,True
6,3,thinning_65_90,2453,True
6,3,thinning_65_90,2461,True
6,3,thinning_65_90,2462,True
6,3,thinning_65_90,2463,True
6,3,thinning_65_90,2472,True
6,3,thinning_65_90,2473,True
6,3,thinning_65_90,2482,True
6,3,thinning_65_90,2483,True
6,3,thinning_65_90,2552,True
6,3,thinning_65_90,2553,True
6,3,thinning_65_90,2561,True
6,3,thinning_65_90,2562,True
6,3,thinning_65_90,2563,True
6,3,thinning_65_90,2572,True
6,3,thinning_65_90,2573,True
6,3,thinning_65_90,2582,True
6,3,thinning_65_90,2583,True
6,3,thinning_65_90,2651,True
6,3,thinning_65_90,2652,True
6,3,thinning_65_90,2653,True
6,3,thinning_65_90,2661,True
6,3,thinning_65_90,2662,True
6,3,thinning_65_90,2663,True
6,3,thinning_65_90,2671,True
6,3,thinning_65_90,2672,True
6,3,thinning_65_90,2681,True
6,3,thinning_65_90,2682,True
6,3,thinning_65_90,2683,True
6,3,thinning_65_90,2691,True
6,3,thinning_65_90,2692,True
6,3,thinning_65_90,2693,True
6,3,thinning_65_90,2701,True
6,3,thinning_65_90,2702,True
6,3,thinning_65_90,2703,True
7,4,thinning_30_75,1852,True
7,4,thinning_30_75,1962,True
7,4,thinning_30_75,1971,True
7,4,thinning_30_75,1972,False
7,4,thinning_30_75,1973,False
8,4,thinning_65_90,1852,True
8,4,thinning_65_90,1962,True
8,4,thinning_65_90,1971,True
8,4,thinning_65_90,1972,False
8,4,thinning_65_90,1973,False
9,5,thinning_30_75,1853,True
9,5,thinning_30_75,1963,True
10,5,thinning_65_90,1853,True
10,5,thinning_65_90,1963,True
11,6,thinning_30_75,1862,True
11,6,thinning_30_75,1982,True
11,6,thinning_30_75,1991,True
11,6,thinning_30_75,1992,True
11,6,thinning_30_75,1993,True
11,6,thinning_30_75,2082,True
11,6,thinning_30_75,2091,True
11,6,thinning_30_75,2092,True
11,6,thinning_30_75,2093,True
11,6,thinning_30_75,2192,True
11,6,thinning_30_75,2262,True
11,6,thinning_30_75,2271,True
11,6,thinning_30_75,2272,False
11,6,thinning_30_75,2273,False
11,6,thinning_30_75,2352,True
11,6,thinning_30_75,2362,False
11,6,thinning_30_75,2363,True
11,6,thinning_30_75,2422,True
11,6,thinning_30_75,2432,True
11,6,thinning_30_75,2433,False
11,6,thinning_30_75,2442,False
11,6,thinning_30_75,2443,False
11,6,thinning_30_75,2511,False
11,6,thinning_30_75,2512,False
11,6,thinning_30_75,2513,False
11,6,thinning_30_75,2522,True
11,6,thinning_30_75,2523,False
11,6,thinning_30_75,2532,True
11,6,thinning_30_75,2533,True
11,6,thinning_30_75,2541,True
11,6,thinning_30_75,2542,False
11,6,thinning_30_75,2592,True
11,6,thinning_30_75,2601,False
11,6,thinning_30_75,2602,False
11,6,thinning_30_75,2603,True
11,6,thinning_30_75,2612,True
11,6,thinning_30_75,2613,False
11,6,thinning_30_75,2622,True
11,6,thinning_30_75,2623,False
11,6,thinning_30_75,2631,True
11,6,thinning_30_75,2632,True
11,6,thinning_30_75,2633,True
11,6,thinning_30_75,2642,True
11,6,thinning_30_75,2712,True
11,6,thinning_30_75,2721,True
11,6,thinning_30_75,2722,False
11,6,thinning_30_75,2723,False
11,6,thinning_30_75,2731,True
11,6,thinning_30_75,2732,False
11,6,thinning_30_75,2733,False
11,6,thinning_30_75,2742,True
11,6,thinning_30_75,2743,True
11,6,thinning_30_75,2752,True
11,6,thinning_30_75,2753,False
11,6,thinning_30_75,2761,True
11,6,thinning_30_75,2762,True
11,6,thinning_30_75,2763,True
11,6,thinning_30_75,2771,True
11,6,thinning_30_75,2772,True
11,6,thinning_30_75,2773,True
11,6,thinning_30_75,2782,True
11,6,thinning_30_75,2783,True
11,6,thinning_30_75,2802,True
11,6,thinning_30_75,2811,True
11,6,thinning_30_75,2812,True
11,6,thinning_30_75,2813,True
11,6,thinning_30_75,2822,True
11,6,thinning_30_75,2823,True
11,6,thinning_30_75,2831,True
11,6,thinning_30_75,2832,False
11,6,thinning_30_75,2833,False
11,6,thinning_30_75,2842,True
11,6,thinning_30_75,2851,True
11,6,thinning_30_75,2852,True
11,6,thinning_30_75,2853,True
11,6,thinning_30_75,2862,True
11,6,thinning_30_75,2863,True
11,6,thinning_30_75,2882,True
11,6,thinning_30_75,2891,False
11,6,thinning_30_75,2892,False
11,6,thinning_30_75,2893,False
11,6,thinning_30_75,2902,True
11,6,thinning_30_75,2903,True
11,6,thinning_30_75,2912,True
11,6,thinning_30_75,2913,False
11,6,thinning_30_75,2921,True
11,6,thinning_30_75,2922,True
11,6,thinning_30_75,2931,True
11,6,thinning_30_75,2932,True
11,6,thinning_30_75,2933,True
11,6,thinning_30_75,2942,True
11,6,thinning_30_75,2943,True
11,6,thinning_30_75,2952,True
11,6,thinning_30_75,2961,True
11,6,thinning_30_75,2962,True
11,6,thinning_30_75,2963,True
11,6,thinning_30_75,2972,True
11,6,thinning_30_75,2973,False
11,6,thinning_30_75,2981,True
11,6,thinning_30_75,2982,True
11,6,thinning_30_75,2983,True
11,6,thinning_30_75,2991,True
11,6,thinning_30_75,2993,True
11,6,thinning_30_75,3002,True
11,6,thinning_30_75,3003,True
11,6,thinning_30_75,3011,True
11,6,thinning_30_75,3012,True
11,6,thinning_30_75,3013,True
11,6,thinning_30_75,3022,True
11,6,thinning_30_75,3023,True
11,6,thinning_30_75,3032,True
11,6,thinning_30_75,3041,True
11,6,thinning_30_75,3042,True
11,6,thinning_30_75,3043,True
11,6,thinning_30_75,3052,True
11,6,thinning_30_75,3053,False
11,6,thinning_30_75,3061,True
11,6,thinning_30_75,3062,True
11,6,thinning_30_75,3063,True
11,6,thinning_30_75,3072,True
11,6,thinning_30_75,3073,True
11,6,thinning_30_75,3082,True
11,6,thinning_30_75,3083,True
11,6,thinning_30_75,3092,True
11,6,thinning_30_75,3093,True
11,6,thinning_30_75,3101,True
11,6,thinning_30_75,3102,True
11,6,thinning_30_75,3122,True
11,6,thinning_30_75,3132,True
11,6,thinning_30_75,3133,False
11,6,thinning_30_75,3141,True
11,6,thinning_30_75,3142,True
11,6,thinning_30_75,3143,True
11,6,thinning_30_75,3152,True
11,6,thinning_30_75,3153,True
11,6,thinning_30_75,3161,True
11,6,thinning_30_75,3162,True
11,6,thinning_30_75,3163,True
11,6,thinning_30_75,3172,True
11,6,thinning_30_75,3173,True
11,6,thinning_30_75,3181,True
11,6,thinning_30_75,3182,True
11,6,thinning_30_75,3191,True
11,6,thinning_30_75,3193,True
11,6,thinning_30_75,3201,True
11,6,thinning_30_75,3202,True
11,6,thinning_30_75,3232,True
11,6,thinning_30_75,3241,True
11,6,thinning_30_75,3242,True
11,6,thinning_30_75,3243,True
11,6,thinning_30_75,3251,True
11,6,thinning_30_75,3253,False
11,6,thinning_30_75,3262,True
11,6,thinning_30_75,3263,True
11,6,thinning_30_75,3272,True
11,6,thinning_30_75,3273,True
11,6,thinning_30_75,3281,True
11,6,thinning_30_75,3282,True
11,6,thinning_30_75,3283,True
11,6,thinning_30_75,3292,True
11,6,thinning_30_75,3293,True
11,6,thinning_30_75,3301,True
11,6,thinning_30_75,3302,True
11,6,thinning_30_75,3303,True
11,6,thinning_30_75,3352,True
11,6,thinning_30_75,3362,True
11,6,thinning_30_75,3363,True
11,6,thinning_30_75,3371,True
11,6,thinning_30_75,3372,True
11,6,thinning_30_75,3373,True
11,6,thinning_30_75,3381,True
11,6,thinning_30_75,3382,True
11,6,thinning_30_75,3383,True
11,6,thinning_30_75,3391,True
11,6,thinning_30_75,3392,True
11,6,thinning_30_75,3393,True
11,6,thinning_30_75,3402,True
11,6,thinning_30_75,3403,True
11,6,thinning_30_75,3412,True
11,6,thinning_30_75,3413,True
11,6,thinning_30_75,3421,True
11,6,thinning_30_75,3422,True
11,6,thinning_30_75,3482,True
11,6,thinning_30_75,3491,True
11,6,thinning_30_75,3492,True
11,6,thinning_30_75,3493,True
11,6,thinning_30_75,3501,True
11,6,thinning_30_75,3502,True
11,6,thinning_30_75,3503,True
11,6,thinning_30_75,3512,True
11,6,thinning_30_75,3513,True
11,6,thinning_30_75,3522,True
11,6,thinning_30_75,3523,True
11,6,thinning_30_75,3531,True
11,6,thinning_30_75,3532,True
11,6,thinning_30_75,3533,True
11,6,thinning_30_75,3542,True
11,6,thinning_30_75,3543,True
11,6,thinning_30_75,3552,True
11,6,thinning_30_75,3561,True
11,6,thinning_30_75,3562,True
11,6,thinning_30_75,3572,True
11,6,thinning_30_75,3582,True
11,6,thinning_30_75,3583,True
11,6,thinning_30_75,3591,True
11,6,thinning_30_75,3592,True
11,6,thinning_30_75,3593,True
11,6,thinning_30_75,3601,True
11,6,thinning_30_75,3602,True
11,6,thinning_30_75,3603,True
11,6,thinning_30_75,3612,True
11,6,thinning_30_75,3613,True
11,6,thinning_30_75,3621,True
11,6,thinning_30_75,3622,True
11,6,thinning_30_75,3623,True
11,6,thinning_30_75,3642,True
11,6,thinning_30_75,3652,True
11,6,thinning_30_75,3653,True
11,6,thinning_30_75,3662,True
11,6,thinning_30_75,3663,True
11,6,thinning_30_75,3671,True
11,6,thinning_30_75,3672,True
11,6,thinning_30_75,3673,True
11,6,thinning_30_75,3681,True
11,6,thinning_30_75,3682,True
11,6,thinning_30_75,3683,True
11,6,thinning_30_75,3691,True
11,6,thinning_30_75,3692,True
11,6,thinning_30_75,3693,True
11,6,thinning_30_75,3701,True
11,6,thinning_30_75,3702,True
11,6,thinning_30_75,3703,True
11,6,thinning_30_75,3731,True
11,6,thinning_30_75,3732,True
11,6,thinning_30_75,3733,True
11,6,thinning_30_75,3742,True
11,6,thinning_30_75,3751,True
11,6,thinning_30_75,3753,True
11,6,thinning_30_75,3761,True
11,6,thinning_30_75,3762,True
11,6,thinning_30_75,3763,True
11,6,thinning_30_75,3772,True
11,6,thinning_30_75,3782,True
11,6,thinning_30_75,3783,True
11,6,thinning_30_75,3791,True
11,6,thinning_30_75,3792,True
11,6,thinning_30_75,3793,True
11,6,thinning_30_75,3802,True
11,6,thinning_30_75,3803,True
11,6,thinning_30_75,3831,True
11,6,thinning_30_75,3832,True
11,6,thinning_30_75,3833,True
11,6,thinning_30_75,3842,True
11,6,thinning_30_75,3843,True
11,6,thinning_30_75,3852,True
11,6,thinning_30_75,3853,True
11,6,thinning_30_75,3861,True
11,6,thinning_30_75,3862,True
11,6,thinning_30_75,3863,True
11,6,thinning_30_75,3882,True
11,6,thinning_30_75,3891,True
11,6,thinning_30_75,3892,True
11,6,thinning_30_75,3893,True
11,6,thinning_30_75,3901,True
11,6,thinning_30_75,3902,True
11,6,thinning_30_75,3903,True
11,6,thinning_30_75,3912,True
11,6,thinning_30_75,3913,True
11,6,thinning_30_75,3923,True
11,6,thinning_30_75,3942,True
11,6,thinning_30_75,3953,True
11,6,thinning_30_75,3961,True
11,6,thinning_30_75,3962,True
11,6,thinning_30_75,3963,True
11,6,thinning_30_75,3971,True
11,6,thinning_30_75,3972,True
11,6,thinning_30_75,3973,True
11,6,thinning_30_75,3982,True
11,6,thinning_30_75,3983,True
11,6,thinning_30_75,4012,True
11,6,thinning_30_75,4021,True
11,6,thinning_30_75,4022,True
11,6,thinning_30_75,4023,True
11,6,thinning_30_75,4031,True
11,6,thinning_30_75,4032,True
11,6,thinning_30_75,4033,True
11,6,thinning_30_75,4042,True
11,6,thinning_30_75,4043,True
11,6,thinning_30_75,4051,True
11,6,thinning_30_75,4052,True
11,6,thinning_30_75,4053,True
11,6,thinning_30_75,4061,True
11,6,thinning_30_75,4062,True
11,6,thinning_30_75,4063,False
11,6,thinning_30_75,4112,True
11,6,thinning_30_75,4113,True
11,6,thinning_30_75,4122,True
11,6,thinning_30_75,4123,True
11,6,thinning_30_75,4211,True
11,6,thinning_30_75,4212,True
11,6,thinning_30_75,4213,True
11,6,thinning_30_75,4222,True
11,6,thinning_30_75,4223,True
11,6,thinning_30_75,4231,True
11,6,thinning_30_75,4232,True
11,6,thinning_30_75,4241,True
11,6,thinning_30_75,4242,True
11,6,thinning_30_75,4243,True
11,6,thinning_30_75,4352,True
11,6,thinning_30_75,4353,True
11,6,thinning_30_75,4362,True
11,6,thinning_30_75,4451,True
11,6,thinning_30_75,4452,True
11,6,thinning_30_75,4462,True
11,6,thinning_30_75,4463,False
11,6,thinning_30_75,4472,True
11,6,thinning_30_75,4473,True
11,6,thinning_30_75,4481,True
11,6,thinning_30_75,4482,True
11,6,thinning_30_75,4483,True
11,6,thinning_30_75,4571,True
11,6,thinning_30_75,4572,True
11,6,thinning_30_75,4573,False
11,6,thinning_30_75,4582,True
11,6,thinning_30_75,4591,True
11,6,thinning_30_75,4592,True
11,6,thinning_30_75,4593,True
11,6,thinning_30_75,4602,True
11,6,thinning_30_75,4603,True
11,6,thinning_30_75,4671,True
11,6,thinning_30_75,4672,True
11,6,thinning_30_75,4673,False
11,6,thinning_30_75,4681,True
11,6,thinning_30_75,4682,True
11,6,thinning_30_75,4683,True
11,6,thinning_30_75,4691,True
11,6,thinning_30_75,4692,True
11,6,thinning_30_75,4693,True
11,6,thinning_30_75,4792,True
11,6,thinning_30_75,4793,True
11,6,thinning_30_75,4801,True
11,6,thinning_30_75,4802,True
11,6,thinning_30_75,4803,True
11,6,thinning_30_75,4871,True
11,6,thinning_30_75,4872,True
11,6,thinning_30_75,4873,True
11,6,thinning_30_75,4881,True
11,6,thinning_30_75,4882,True
11,6,thinning_30_75,4883,True
12,6,thinning_65_90,1862,True
12,6,thinning_65_90,1982,True
12,6,thinning_65_90,1991,True
12,6,thinning_65_90,1992,True
12,6,thinning_65_90,1993,True
12,6,thinning_65_90,2082,True
12,6,thinning_65_90,2091,True
12,6,thinning_65_90,2092,True
12,6,thinning_65_90,2093,True
12,6,thinning_65_90,2192,True
12,6,thinning_65_90,2262,True
12,6,thinning_65_90,2271,True
12,6,thinning_65_90,2272,False
12,6,thinning_65_90,2273,False
12,6,thinning_65_90,2352,True
12,6,thinning_65_90,2362,False
12,6,thinning_65_90,2363,True
12,6,thinning_65_90,2422,True
12,6,thinning_65_90,2432,True
12,6,thinning_65_90,2433,False
12,6,thinning_65_90,2442,False
12,6,thinning_65_90,2443,False
12,6,thinning_65_90,2511,False
12,6,thinning_65_90,2512,False
12,6,thinning_65_90,2513,False
12,6,thinning_65_90,2522,True
12,6,thinning_65_90,2523,False
12,6,thinning_65_90,2532,True
12,6,thinning_65_90,2533,True
12,6,thinning_65_90,2541,True
12,6,thinning_65_90,2542,False
12,6,thinning_65_90,2592,True
12,6,thinning_65_90,2601,False
12,6,thinning_65_90,2602,False
12,6,thinning_65_90,2603,True
12,6,thinning_65_90,2612,True
12,6,thinning_65_90,2613,False
12,6,thinning_65_90,2622,True
12,6,thinning_65_90,2623,False
12,6,thinning_65_90,2631,True
12,6,thinning_65_90,2632,True
12,6,thinning_65_90,2633,True
12,6,thinning_65_90,2642,True
12,6,thinning_65_90,2712,True
12,6,thinning_65_90,2721,True
12,6,thinning_65_90,2722,False
12,6,thinning_65_90,2723,False
12,6,thinning_65_90,2731,True
12,6,thinning_65_90,2732,False
12,6,thinning_65_90,2733,False
12,6,thinning_65_90,2742,True
12,6,thinning_65_90,2743,True
12,6,thinning_65_90,2752,True
12,6,thinning_65_90,2753,False
12,6,thinning_65_90,2761,True
12,6,thinning_65_90,2762,True
12,6,thinning_65_90,2763,True
12,6,thinning_65_90,2771,True
12,6,thinning_65_90,2772,True
12,6,thinning_65_90,2773,True
12,6,thinning_65_90,2782,True
12,6,thinning_65_90,2783,True
12,6,thinning_65_90,2802,True
12,6,thinning_65_90,2811,True
12,6,thinning_65_90,2812,True
12,6,thinning_65_90,2813,True
12,6,thinning_65_90,2822,True
12,6,thinning_65_90,2823,True
12,6,thinning_65_90,2831,True
12,6,thinning_65_90,2832,False
12,6,thinning_65_90,2833,False
12,6,thinning_65_90,2842,True
12,6,thinning_65_90,2851,True
12,6,thinning_65_90,2852,True
12,6,thinning_65_90,2853,True
12,6,thinning_65_90,2862,True
12,6,thinning_65_90,2863,True
12,6,thinning_65_90,2882,True
12,6,thinning_65_90,2891,False
12,6,thinning_65_90,2892,False
12,6,thinning_65_90,2893,False
12,6,thinning_65_90,2902,True
12,6,thinning_65_90,2903,True
12,6,thinning_65_90,2912,True
12,6,thinning_65_90,2913,False
12,6,thinning_65_90,2921,True
12,6,thinning_65_90,2922,True
12,6,thinning_65_90,2931,True
12,6,thinning_65_90,2932,True
12,6,thinning_65_90,2933,True
12,6,thinning_65_90,2942,True
12,6,thinning_65_90,2943,True
12,6,thinning_65_90,2952,True
12,6,thinning_65_90,2961,True
12,6,thinning_65_90,2962,True
12,6,thinning_65_90,2963,True
12,6,thinning_65_90,2972,True
12,6,thinning_65_90,2973,False
12,6,thinning_65_90,2981,True
12,6,thinning_65_90,2982,True
12,6,thinning_65_90,2983,True
12,6,thinning_65_90,2991,True
12,6,thinning_65_90,2993,True
12,6,thinning_65_90,3002,True
12,6,thinning_65_90,3003,True
12,6,thinning_65_90,3011,True
12,6,thinning_65_90,3012,True
12,6,thinning_65_90,3013,True
12,6,thinning_65_90,3022,True
12,6,thinning_65_90,3023,True
12,6,thinning_65_90,3032,True
12,6,thinning_65_90,3041,True
12,6,thinning_65_90,3042,True
12,6,thinning_65_90,3043,True
12,6,thinning_65_90,3052,True
12,6,thinning_65_90,3053,False
12,6,thinning_65_90,3061,True
12,6,thinning_65_90,3062,True
12,6,thinning_65_90,3063,True
12,6,thinning_65_90,3072,True
12,6,thinning_65_90,3073,True
12,6,thinning_65_90,3082,True
12,6,thinning_65_90,3083,True
12,6,thinning_65_90,3092,True
12,6,thinning_65_90,3093,True
12,6,thinning_65_90,3101,True
12,6,thinning_65_90,3102,True
12,6,thinning_65_90,3122,True
12,6,thinning_65_90,3132,True
12,6,thinning_65_90,3133,False
12,6,thinning_65_90,3141,True
12,6,thinning_65_90,3142,True
12,6,thinning_65_90,3143,True
12,6,thinning_65_90,3152,True
12,6,thinning_65_90,3153,True
12,6,thinning_65_90,3161,True
12,6,thinning_65_90,3162,True
12,6,thinning_65_90,3163,True
12,6,thinning_65_90,3172,True
12,6,thinning_65_90,3173,True
12,6,thinning_65_90,3181,True
12,6,thinning_65_90,3182,True
12,6,thinning_65_90,3191,True
12,6,thinning_65_90,3193,True
12,6,thinning_65_90,3201,True
12,6,thinning_65_90,3202,True
12,6,thinning_65_90,3232,True
12,6,thinning_65_90,3241,True
12,6,thinning_65_90,3242,True
12,6,thinning_65_90,3243,True
12,6,thinning_65_90,3251,True
12,6,thinning_65_90,3253,False
12,6,thinning_65_90,3262,True
12,6,thinning_65_90,3263,True
12,6,thinning_65_90,3272,True
12,6,thinning_65_90,3273,True
12,6,thinning_65_90,3281,True
12,6,thinning_65_90,3282,True
12,6,thinning_65_90,3283,True
12,6,thinning_65_90,3292,True
12,6,thinning_65_90,3293,True
12,6,thinning_65_90,3301,True
12,6,thinning_65_90,3302,True
12,6,thinning_65_90,3303,True
12,6,thinning_65_90,3352,True
12,6,thinning_65_90,3362,True
12,6,thinning_65_90,3363,True
12,6,thinning_65_90,3371,True
12,6,thinning_65_90,3372,True
12,6,thinning_65_90,3373,True
12,6,thinning_65_90,3381,True
12,6,thinning_65_90,3382,True
12,6,thinning_65_90,3383,True
12,6,thinning_65_90,3391,True
12,6,thinning_65_90,3392,True
12,6,thinning_65_90,3393,True
12,6,thinning_65_90,3402,True
12,6,thinning_65_90,3403,True
12,6,thinning_65_90,3412,True
12,6,thinning_65_90,3413,True
12,6,thinning_65_90,3421,True
12,6,thinning_65_90,3422,True
12,6,thinning_65_90,3482,True
12,6,thinning_65_90,3491,True
12,6,thinning_65_90,3492,True
12,6,thinning_65_90,3493,True
12,6,thinning_65_90,3501,True
12,6,thinning_65_90,3502,True
12,6,thinning_65_90,3503,True
12,6,thinning_65_90,3512,True
12,6,thinning_65_90,3513,True
12,6,thinning_65_90,3522,True
12,6,thinning_65_90,3523,True
12,6,thinning_65_90,3531,True
12,6,thinning_65_90,3532,True
12,6,thinning_65_90,3533,True
12,6,thinning_65_90,3542,True
12,6,thinning_65_90,3543,True
12,6,thinning_65_90,3552,True
12,6,thinning_65_90,3561,True
12,6,thinning_65_90,3562,True
12,6,thinning_65_90,3572,True
12,6,thinning_65_90,3582,True
12,6,thinning_65_90,3583,True
12,6,thinning_65_90,3591,True
12,6,thinning_65_90,3592,True
12,6,thinning_65_90,3593,True
12,6,thinning_65_90,3601,True
12,6,thinning_65_90,3602,True
12,6,thinning_65_90,3603,True
12,6,thinning_65_90,3612,True
12,6,thinning_65_90,3613,True
12,6,thinning_65_90,3621,True
12,6,thinning_65_90,3622,True
12,6,thinning_65_90,3623,True
12,6,thinning_65_90,3642,True
12,6,thinning_65_90,3652,True
12,6,thinning_65_90,3653,True
12,6,thinning_65_90,3662,True
12,6,thinning_65_90,3663,True
12,6,thinning_65_90,3671,True
12,6,thinning_65_90,3672,True
12,6,thinning_65_90,3673,True
12,6,thinning_65_90,3681,True
12,6,thinning_65_90,3682,True
12,6,thinning_65_90,3683,True
12,6,thinning_65_90,3691,True
12,6,thinning_65_90,3692,True
12,6,thinning_65_90,3693,True
12,6,thinning_65_90,3701,True
12,6,thinning_65_90,3702,True
12,6,thinning_65_90,3703,True
12,6,thinning_65_90,3731,True
12,6,thinning_65_90,3732,True
12,6,thinning_65_90,3733,True
12,6,thinning_65_90,3742,True
12,6,thinning_65_90,3751,True
12,6,thinning_65_90,3753,True
12,6,thinning_65_90,3761,True
12,6,thinning_65_90,3762,True
12,6,thinning_65_90,3763,True
12,6,thinning_65_90,3772,True
12,6,thinning_65_90,3782,True
12,6,thinning_65_90,3783,True
12,6,thinning_65_90,3791,True
12,6,thinning_65_90,3792,True
12,6,thinning_65_90,3793,True
12,6,thinning_65_90,3802,True
12,6,thinning_65_90,3803,True
12,6,thinning_65_90,3831,True
12,6,thinning_65_90,3832,True
12,6,thinning_65_90,3833,True
12,6,thinning_65_90,3842,True
12,6,thinning_65_90,3843,True
12,6,thinning_65_90,3852,True
12,6,thinning_65_90,3853,True
12,6,thinning_65_90,3861,True
12,6,thinning_65_90,3862,True
12,6,thinning_65_90,3863,True
12,6,thinning_65_90,3882,True
12,6,thinning_65_90,3891,True
12,6,thinning_65_90,3892,True
12,6,thinning_65_90,3893,True
12,6,thinning_65_90,3901,True
12,6,thinning_65_90,3902,True
12,6,thinning_65_90,3903,True
12,6,thinning_65_90,3912,True
12,6,thinning_65_90,3913,True
12,6,thinning_65_90,3923,True
12,6,thinning_65_90,3942,True
12,6,thinning_65_90,3953,True
12,6,thinning_65_90,3961,True
12,6,thinning_65_90,3962,True
12,6,thinning_65_90,3963,True
12,6,thinning_65_90,3971,True
12,6,thinning_65_90,3972,True
12,6,thinning_65_90,3973,True
12,6,thinning_65_90,3982,True
12,6,thinning_65_90,3983,True
12,6,thinning_65_90,4012,True
12,6,thinning_65_90,4021,True
12,6,thinning_65_90,4022,True
12,6,thinning_65_90,4023,True
12,6,thinning_65_90,4031,True
12,6,thinning_65_90,4032,True
12,6,thinning_65_90,4033,True
12,6,thinning_65_90,4042,True
12,6,thinning_65_90,4043,True
12,6,thinning_65_90,4051,True
12,6,thinning_65_90,4052,True
12,6,thinning_65_90,4053,True
12,6,thinning_65_90,4061,True
12,6,thinning_65_90,4062,True
12,6,thinning_65_90,4063,False
12,6,thinning_65_90,4112,True
12,6,thinning_65_90,4113,True
12,6,thinning_65_90,4122,True
12,6,thinning_65_90,4123,True
12,6,thinning_65_90,4211,True
12,6,thinning_65_90,4212,True
12,6,thinning_65_90,4213,True
12,6,thinning_65_90,4222,True
12,6,thinning_65_90,4223,True
12,6,thinning_65_90,4231,True
12,6,thinning_65_90,4232,True
12,6,thinning_65_90,4241,True
12,6,thinning_65_90,4242,True
12,6,thinning_65_90,4243,True
12,6,thinning_65_90,4352,True
12,6,thinning_65_90,4353,True
12,6,thinning_65_90,4362,True
12,6,thinning_65_90,4451,True
12,6,thinning_65_90,4452,True
12,6,thinning_65_90,4462,True
12,6,thinning_65_90,4463,False
12,6,thinning_65_90,4472,True
12,6,thinning_65_90,4473,True
12,6,thinning_65_90,4481,True
12,6,thinning_65_90,4482,True
12,6,thinning_65_90,4483,True
12,6,thinning_65_90,4571,True
12,6,thinning_65_90,4572,True
12,6,thinning_65_90,4573,False
12,6,thinning_65_90,4582,True
12,6,thinning_65_90,4591,True
12,6,thinning_65_90,4592,True
12,6,thinning_65_90,4593,True
12,6,thinning_65_90,4602,True
12,6,thinning_65_90,4603,True
12,6,thinning_65_90,4671,True
12,6,thinning_65_90,4672,True
12,6,thinning_65_90,4673,False
12,6,thinning_65_90,4681,True
12,6,thinning_65_90,4682,True
12,6,thinning_65_90,4683,True
12,6,thinning_65_90,4691,True
12,6,thinning_65_90,4692,True
12,6,thinning_65_90,4693,True
12,6,thinning_65_90,4792,True
12,6,thinning_65_90,4793,True
12,6,thinning_65_90,4801,True
12,6,thinning_65_90,4802,True
12,6,thinning_65_90,4803,True
12,6,thinning_65_90,4871,True
12,6,thinning_65_90,4872,True
12,6,thinning_65_90,4873,True
12,6,thinning_65_90,4881,True
12,6,thinning_65_90,4882,True
12,6,thinning_65_90,4883,True
13,7,thinning_30_75,1863,False
13,7,thinning_30_75,1983,False
13,7,thinning_30_75,2083,False
13,7,thinning_30_75,2181,False
13,7,thinning_30_75,2182,False
13,7,thinning_30_75,2183,False
13,7,thinning_30_75,2193,False
13,7,thinning_30_75,2263,False
13,7,thinning_30_75,2341,False
13,7,thinning_30_75,2343,False
13,7,thinning_30_75,2353,False
13,7,thinning_30_75,2411,False
13,7,thinning_30_75,2412,False
13,7,thinning_30_75,2413,False
13,7,thinning_30_75,2423,False
13,7,thinning_30_75,2491,False
13,7,thinning_30_75,2492,False
13,7,thinning_30_75,2493,False
13,7,thinning_30_75,2593,False
13,7,thinning_30_75,2713,False
13,7,thinning_30_75,2791,False
13,7,thinning_30_75,2792,False
13,7,thinning_30_75,2793,False
13,7,thinning_30_75,2803,False
13,7,thinning_30_75,2871,False
13,7,thinning_30_75,2872,False
13,7,thinning_30_75,2873,False
13,7,thinning_30_75,2883,False
13,7,thinning_30_75,2953,True
13,7,thinning_30_75,3033,True
13,7,thinning_30_75,3112,True
13,7,thinning_30_75,3113,True
13,7,thinning_30_75,3123,True
13,7,thinning_30_75,3212,True
13,7,thinning_30_75,3213,True
13,7,thinning_30_75,3222,True
13,7,thinning_30_75,3223,True
13,7,thinning_30_75,3233,True
13,7,thinning_30_75,3311,True
13,7,thinning_30_75,3313,True
13,7,thinning_30_75,3322,True
13,7,thinning_30_75,3332,True
13,7,thinning_30_75,3333,True
13,7,thinning_30_75,3341,True
13,7,thinning_30_75,3342,True
13,7,thinning_30_75,3343,True
13,7,thinning_30_75,3353,True
13,7,thinning_30_75,3431,False
13,7,thinning_30_75,3432,True
13,7,thinning_30_75,3441,True
13,7,thinning_30_75,3442,True
13,7,thinning_30_75,3451,True
13,7,thinning_30_75,3452,True
13,7,thinning_30_75,3453,True
13,7,thinning_30_75,3461,True
13,7,thinning_30_75,3462,True
13,7,thinning_30_75,3463,True
13,7,thinning_30_75,3471,True
13,7,thinning_30_75,3472,True
13,7,thinning_30_75,3473,True
13,7,thinning_30_75,3483,False
13,7,thinning_30_75,3553,False
13,7,thinning_30_75,3631,True
13,7,thinning_30_75,3632,True
13,7,thinning_30_75,3633,False
13,7,thinning_30_75,3643,True
13,7,thinning_30_75,3711,True
13,7,thinning_30_75,3712,True
13,7,thinning_30_75,3713,True
13,7,thinning_30_75,3773,True
13,7,thinning_30_75,3811,True
13,7,thinning_30_75,3812,True
13,7,thinning_30_75,3813,True
13,7,thinning_30_75,3823,True
13,7,thinning_30_75,3871,True
13,7,thinning_30_75,3872,True
13,7,thinning_30_75,3873,True
13,7,thinning_30_75,3883,True
13,7,thinning_30_75,3932,True
13,7,thinning_30_75,3933,True
13,7,thinning_30_75,3992,True
13,7,thinning_30_75,3993,True
13,7,thinning_30_75,4001,True
13,7,thinning_30_75,4002,True
13,7,thinning_30_75,4003,True
13,7,thinning_30_75,4013,True
13,7,thinning_30_75,4072,True
13,7,thinning_30_75,4073,True
13,7,thinning_30_75,4082,True
13,7,thinning_30_75,4083,True
13,7,thinning_30_75,4131,True
13,7,thinning_30_75,4132,True
13,7,thinning_30_75,4133,True
13,7,thinning_30_75,4142,True
13,7,thinning_30_75,4143,True
13,7,thinning_30_75,4151,True
13,7,thinning_30_75,4152,True
13,7,thinning_30_75,4153,True
13,7,thinning_30_75,4162,True
13,7,thinning_30_75,4163,True
13,7,thinning_30_75,4252,True
13,7,thinning_30_75,4253,True
13,7,thinning_30_75,4261,True
13,7,thinning_30_75,4262,True
13,7,thinning_30_75,4263,True
13,7,thinning_30_75,4271,True
13,7,thinning_30_75,4272,True
13,7,thinning_30_75,4273,True
13,7,thinning_30_75,4281,True
13,7,thinning_30_75,4282,True
13,7,thinning_30_75,4371,True
13,7,thinning_30_75,4372,True
13,7,thinning_30_75,4373,True
13,7,thinning_30_75,4382,True
13,7,thinning_30_75,4383,True
13,7,thinning_30_75,4491,True
13,7,thinning_30_75,4492,True
13,7,thinning_30_75,4493,True
13,7,thinning_30_75,4501,True
13,7,thinning_30_75,4502,True
13,7,thinning_30_75,4503,True
14,7,thinning_65_90,1863,False
14,7,thinning_65_90,1983,False
14,7,thinning_65_90,2083,False
14,7,thinning_65_90,2181,False
14,7,thinning_65_90,2182,False
14,7,thinning_65_90,2183,False
14,7,thinning_65_90,2193,False
14,7,thinning_65_90,2263,False
14,7,thinning_65_90,2341,False
14,7,thinning_65_90,2343,False
14,7,thinning_65_90,2353,False
14,7,thinning_65_90,2411,False
14,7,thinning_65_90,2412,False
14,7,thinning_65_90,2413,False
14,7,thinning_65_90,2423,False
14,7,thinning_65_90,2491,False
14,7,thinning_65_90,2492,False
14,7,thinning_65_90,2493,False
14,7,thinning_65_90,2593,False
14,7,thinning_65_90,2713,False
14,7,thinning_65_90,2791,False
14,7,thinning_65_90,2792,False
14,7,thinning_65_90,2793,False
14,7,thinning_65_90,2803,False
14,7,thinning_65_90,2871,False
14,7,thinning_65_90,2872,False
14,7,thinning_65_90,2873,False
14,7,thinning_65_90,2883,False
14,7,thinning_65_90,2953,True
14,7,thinning_65_90,3033,True
14,7,thinning_65_90,3112,True
14,7,thinning_65_90,3113,True
14,7,thinning_65_90,3123,True
14,7,thinning_65_90,3212,True
14,7,thinning_65_90,3213,True
14,7,thinning_65_90,3222,True
14,7,thinning_65_90,3223,True
14,7,thinning_65_90,3233,True
14,7,thinning_65_90,3311,True
14,7,thinning_65_90,3313,True
14,7,thinning_65_90,3322,True
14,7,thinning_65_90,3332,True
14,7,thinning_65_90,3333,True
14,7,thinning_65_90,3341,True
14,7,thinning_65_90,3342,True
14,7,thinning_65_90,3343,True
14,7,thinning_65_90,3353,True
14,7,thinning_65_90,3431,False
14,7,thinning_65_90,3432,True
14,7,thinning_65_90,3441,True
14,7,thinning_65_90,3442,True
14,7,thinning_65_90,3451,True
14,7,thinning_65_90,3452,True
14,7,thinning_65_90,3453,True
14,7,thinning_65_90,3461,True
14,7,thinning_65_90,3462,True
14,7,thinning_65_90,3463,True
14,7,thinning_65_90,3471,True
14,7,thinning_65_90,3472,True
14,7,thinning_65_90,3473,True
14,7,thinning_65_90,3483,False
14,7,thinning_65_90,3553,False
14,7,thinning_65_90,3631,True
14,7,thinning_65_90,3632,True
14,7,thinning_65_90,3633,False
14,7,thinning_65_90,3643,True
14,7,thinning_65_90,3711,True
14,7,thinning_65_90,3712,True
14,7,thinning_65_90,3713,True
14,7,thinning_65_90,3773,True
14,7,thinning_65_90,3811,True
14,7,thinning_65_90,3812,True
14,7,thinning_65_90,3813,True
14,7,thinning_65_90,3823,True
14,7,thinning_65_90,3871,True
14,7,thinning_65_90,3872,True
14,7,thinning_65_90,3873,True
14,7,thinning_65_90,3883,True
14,7,thinning_65_90,3932,True
14,7,thinning_65_90,3933,True
14,7,thinning_65_90,3992,True
14,7,thinning_65_90,3993,True
14,7,thinning_65_90,4001,True
14,7,thinning_65_90,4002,True
14,7,thinning_65_90,4003,True
14,7,thinning_65_90,4013,True
14,7,thinning_65_90,4072,True
14,7,thinning_65_90,4073,True
14,7,thinning_65_90,4082,True
14,7,thinning_65_90,4083,True
14,7,thinning_65_90,4131,True
14,7,thinning_65_90,4132,True
14,7,thinning_65_90,4133,True
14,7,thinning_65_90,4142,True
14,7,thinning_65_90,4143,True
14,7,thinning_65_90,4151,True
14,7,thinning_65_90,4152,True
14,7,thinning_65_90,4153,True
14,7,thinning_65_90,4162,True
14,7,thinning_65_90,4163,True
14,7,thinning_65_90,4252,True
14,7,thinning_65_90,4253,True
14,7,thinning_65_90,4261,True
14,7,thinning_65_90,4262,True
14,7,thinning_65_90,4263,True
14,7,thinning_65_90,4271,True
14,7,thinning_65_90,4272,True
14,7,thinning_65_90,4273,True
14,7,thinning_65_90,4281,True
14,7,thinning_65_90,4282,True
14,7,thinning_65_90,4371,True
14,7,thinning_65_90,4372,True
14,7,thinning_65_90,4373,True
14,7,thinning_65_90,4382,True
14,7,thinning_65_90,4383,True
14,7,thinning_65_90,4491,True
14,7,thinning_65_90,4492,True
14,7,thinning_65_90,4493,True
14,7,thinning_65_90,4501,True
14,7,thinning_65_90,4502,True
14,7,thinning_65_90,4503,True
15,8,thinning_30_75,4893,True
15,8,thinning_30_75,4902,True
15,8,thinning_30_75,4903,True
15,8,thinning_30_75,4972,True
15,8,thinning_30_75,4973,True
15,8,thinning_30_75,4982,True
15,8,thinning_30_75,4983,True
15,8,thinning_30_75,4992,True
15,8,thinning_30_75,4993,True
15,8,thinning_30_75,5001,True
15,8,thinning_30_75,5002,True
15,8,thinning_30_75,5003,True
15,8,thinning_30_75,5031,True
15,8,thinning_30_75,5032,True
15,8,thinning_30_75,5033,True
15,8,thinning_30_75,5041,True
15,8,thinning_30_75,5042,True
15,8,thinning_30_75,5043,True
15,8,thinning_30_75,5051,True
15,8,thinning_30_75,5052,True
15,8,thinning_30_75,5053,True
15,8,thinning_30_75,5062,True
15,8,thinning_30_75,5063,True
15,8,thinning_30_75,5072,True
15,8,thinning_30_75,5073,True
15,8,thinning_30_75,5082,True
15,8,thinning_30_75,5083,True
15,8,thinning_30_75,5112,True
15,8,thinning_30_75,5113,True
15,8,thinning_30_75,5121,True
15,8,thinning_30_75,5122,True
15,8,thinning_30_75,5123,True
15,8,thinning_30_75,5132,True
15,8,thinning_30_75,5133,True
15,8,thinning_30_75,5141,True
15,8,thinning_30_75,5142,True
15,8,thinning_30_75,5143,True
15,8,thinning_30_75,5151,True
15,8,thinning_30_75,5152,True
15,8,thinning_30_75,5153,True
15,8,thinning_30_75,5161,True
15,8,thinning_30_75,5162,True
15,8,thinning_30_75,5163,True
15,8,thinning_30_75,5211,True
15,8,thinning_30_75,5212,True
15,8,thinning_30_75,5213,True
15,8,thinning_30_75,5222,True
15,8,thinning_30_75,5223,True
15,8,thinning_30_75,5232,True
15,8,thinning_30_75,5233,True
15,8,thinning_30_75,5241,True
15,8,thinning_30_75,5242,True
15,8,thinning_30_75,5243,True
15,8,thinning_30_75,5291,True
15,8,thinning_30_75,5292,True
15,8,thinning_30_75,5293,True
15,8,thinning_30_75,5302,True
15,8,thinning_30_75,5303,True
15,8,thinning_30_75,5312,True
15,8,thinning_30_75,5313,True
15,8,thinning_30_75,5321,True
15,8,thinning_30_75,5322,True
15,8,thinning_30_75,5323,True
15,8,thinning_30_75,5392,True
15,8,thinning_30_75,5393,True
15,8,thinning_30_75,5401,True
15,8,thinning_30_75,5402,True
15,8,thinning_30_75,5411,True
15,8,thinning_30_75,5412,True
15,8,thinning_30_75,5413,True
15,8,thinning_30_75,5422,True
15,8,thinning_30_75,5423,True
15,8,thinning_30_75,5523,True
15,8,thinning_30_75,5531,True
15,8,thinning_30_75,5532,True
15,8,thinning_30_75,5541,True
15,8,thinning_30_75,5542,True
15,8,thinning_30_75,5543,True
15,8,thinning_30_75,5551,True
15,8,thinning_30_75,5552,True
15,8,thinning_30_75,5553,True
15,8,thinning_30_75,5701,True
15,8,thinning_30_75,5702,True
15,8,thinning_30_75,5703,True
15,8,thinning_30_75,5711,True
15,8,thinning_30_75,5712,True
15,8,thinning_30_75,5713,True
16,8,thinning_65_90,4893,True
16,8,thinning_65_90,4902,True
16,8,thinning_65_90,4903,True
16,8,thinning_65_90,4972,True
16,8,thinning_65_90,4973,True
16,8,thinning_65_90,4982,True
16,8,thinning_65_90,4983,True
16,8,thinning_65_90,4992,True
16,8,thinning_65_90,4993,True
16,8,thinning_65_90,5001,True
16,8,thinning_65_90,5002,True
16,8,thinning_65_90,5003,True
16,8,thinning_65_90,5031,True
16,8,thinning_65_90,5032,True
16,8,thinning_65_90,5033,True
16,8,thinning_65_90,5041,True
16,8,thinning_65_90,5042,True
16,8,thinning_65_90,5043,True
16,8,thinning_65_90,5051,True
16,8,thinning_65_90,5052,True
16,8,thinning_65_90,5053,True
16,8,thinning_65_90,5062,True
16,8,thinning_65_90,5063,True
16,8,thinning_65_90,5072,True
16,8,thinning_65_90,5073,True
16,8,thinning_65_90,5082,True
16,8,thinning_65_90,5083,True
16,8,thinning_65_90,5112,True
16,8,thinning_65_90,5113,True
16,8,thinning_65_90,5121,True
16,8,thinning_65_90,5122,True
16,8,thinning_65_90,5123,True
16,8,thinning_65_90,5132,True
16,8,thinning_65_90,5133,True
16,8,thinning_65_90,5141,True
16,8,thinning_65_90,5142,True
16,8,thinning_65_90,5143,True
16,8,thinning_65_90,5151,True
16,8,thinning_65_90,5152,True
16,8,thinning_65_90,5153,True
16,8,thinning_65_90,5161,True
16,8,thinning_65_90,5162,True
16,8,thinning_65_90,5163,True
16,8,thinning_65_90,5211,True
16,8,thinning_65_90,5212,True
16,8,thinning_65_90,5213,True
16,8,thinning_65_90,5222,True
16,8,thinning_65_90,5223,True
16,8,thinning_65_90,5232,True
16,8,thinning_65_90,5233,True
16,8,thinning_65_90,5241,True
16,8,thinning_65_90,5242,True
16,8,thinning_65_90,5243,True
16,8,thinning_65_90,5291,True
16,8,thinning_65_90,5292,True
16,8,thinning_65_90,5293,True
16,8,thinning_65_90,5302,True
16,8,thinning_65_90,5303,True
16,8,thinning_65_90,5312,True
16,8,thinning_65_90,5313,True
16,8,thinning_65_90,5321,True
16,8,thinning_65_90,5322,True
16,8,thinning_65_90,5323,True
16,8,thinning_65_90,5392,True
16,8,thinning_65_90,5393,True
16,8,thinning_65_90,5401,True
16,8,thinning_65_90,5402,True
16,8,thinning_65_90,5411,True
16,8,thinning_65_90,5412,True
16,8,thinning_65_90,5413,True
16,8,thinning_65_90,5422,True
16,8,thinning_65_90,5423,True
16,8,thinning_65_90,5523,True
16,8,thinning_65_90,5531,True
16,8,thinning_65_90,5532,True
16,8,thinning_65_90,5541,True
16,8,thinning_65_90,5542,True
16,8,thinning_65_90,5543,True
16,8,thinning_65_90,5551,True
16,8,thinning_65_90,5552,True
16,8,thinning_65_90,5553,True
16,8,thinning_65_90,5701,True
16,8,thinning_65_90,5702,True
16,8,thinning_65_90,5703,True
16,8,thinning_65_90,5711,True
16,8,thinning_65_90,5712,True
16,8,thinning_65_90,5713,True
17,9,thinning_30_75,4092,True
17,9,thinning_30_75,4172,True
17,9,thinning_30_75,4181,True
17,9,thinning_30_75,4182,True
17,9,thinning_30_75,4183,True
17,9,thinning_30_75,4292,True
17,9,thinning_30_75,4301,True
17,9,thinning_30_75,4302,True
17,9,thinning_30_75,4303,True
17,9,thinning_30_75,4402,True
17,9,thinning_30_75,4512,True
17,9,thinning_30_75,4522,True
17,9,thinning_30_75,4523,True
17,9,thinning_30_75,4622,True
17,9,thinning_30_75,4632,True
17,9,thinning_30_75,4633,True
17,9,thinning_30_75,4641,True
17,9,thinning_30_75,4642,True
17,9,thinning_30_75,4643,True
17,9,thinning_30_75,4722,True
17,9,thinning_30_75,4731,True
17,9,thinning_30_75,4732,True
17,9,thinning_30_75,4733,True
17,9,thinning_30_75,4812,True
17,9,thinning_30_75,4821,True
17,9,thinning_30_75,4823,True
17,9,thinning_30_75,4832,True
17,9,thinning_30_75,4842,True
17,9,thinning_30_75,4843,True
17,9,thinning_30_75,4911,True
17,9,thinning_30_75,4912,True
17,9,thinning_30_75,4913,True
17,9,thinning_30_75,4921,True
17,9,thinning_30_75,4922,True
17,9,thinning_30_75,4923,True
17,9,thinning_30_75,4931,True
17,9,thinning_30_75,4932,True
17,9,thinning_30_75,4933,True
17,9,thinning_30_75,4941,True
17,9,thinning_30_75,4942,True
17,9,thinning_30_75,4943,True
18,9,thinning_65_90,4092,True
18,9,thinning_65_90,4172,True
18,9,thinning_65_90,4181,True
18,9,thinning_65_90,4182,True
18,9,thinning_65_90,4183,True
18,9,thinning_65_90,4292,True
18,9,thinning_65_90,4301,True
18,9,thinning_65_90,4302,True
18,9,thinning_65_90,4303,True
18,9,thinning_65_90,4402,True
18,9,thinning_65_90,4512,True
18,9,thinning_65_90,4522,True
18,9,thinning_65_90,4523,True
18,9,thinning_65_90,4622,True
18,9,thinning_65_90,4632,True
18,9,thinning_65_90,4633,True
18,9,thinning_65_90,4641,True
18,9,thinning_65_90,4642,True
18,9,thinning_65_90,4643,True
18,9,thinning_65_90,4722,True
18,9,thinning_65_90,4731,True
18,9,thinning_65_90,4732,True
18,9,thinning_65_90,4733,True
18,9,thinning_65_90,4812,True
18,9,thinning_65_90,4821,True
18,9,thinning_65_90,4823,True
18,9,thinning_65_90,4832,True
18,9,thinning_65_90,4842,True
18,9,thinning_65_90,4843,True
18,9,thinning_65_90,4911,True
18,9,thinning_65_90,4912,True
18,9,thinning_65_90,4913,True
18,9,thinning_65_90,4921,True
18,9,thinning_65_90,4922,True
18,9,thinning_65_90,4923,True
18,9,thinning_65_90,4931,True
18,9,thinning_65_90,4932,True
18,9,thinning_65_90,4933,True
18,9,thinning_65_90,4941,True
18,9,thinning_65_90,4942,True
18,9,thinning_65_90,4943,True
19,10,thinning_30_75,4093,True
19,10,thinning_30_75,4173,False
19,10,thinning_30_75,4391,True
19,10,thinning_30_75,4392,True
19,10,thinning_30_75,4393,True
19,10,thinning_30_75,4403,True
19,10,thinning_30_75,4513,False
19,10,thinning_30_75,4611,True
19,10,thinning_30_75,4612,True
19,10,thinning_30_75,4613,True
19,10,thinning_30_75,4623,True
19,10,thinning_30_75,4711,True
19,10,thinning_30_75,4712,True
19,10,thinning_30_75,4713,True
19,10,thinning_30_75,4723,True
19,10,thinning_30_75,4813,True
20,10,thinning_65_90,4093,True
20,10,thinning_65_90,4173,False
20,10,thinning_65_90,4391,True
20,10,thinning_65_90,4392,True
20,10,thinning_65_90,4393,True
20,10,thinning_65_90,4403,True
20,10,thinning_65_90,4513,False
20,10,thinning_65_90,4611,True
20,10,thinning_65_90,4612,True
20,10,thinning_65_90,4613,True
20,10,thinning_65_90,4623,True
20,10,thinning_65_90,4711,True
20,10,thinning_65_90,4712,True
20,10,thinning_65_90,4713,True
20,10,thinning_65_90,4723,True
20,10,thinning_65_90,4813,True
21,11,thinning_30_75,4102,True
21,11,thinning_30_75,4192,True
21,11,thinning_30_75,4202,True
21,11,thinning_30_75,4203,True
21,11,thinning_30_75,4312,True
21,11,thinning_30_75,4321,True
21,11,thinning_30_75,4322,True
21,11,thinning_30_75,4323,True
21,11,thinning_30_75,4332,True
21,11,thinning_30_75,4333,True
21,11,thinning_30_75,4341,True
21,11,thinning_30_75,4342,True
21,11,thinning_30_75,4343,True
21,11,thinning_30_75,4412,True
21,11,thinning_30_75,4421,True
21,11,thinning_30_75,4422,True
21,11,thinning_30_75,4423,True
21,11,thinning_30_75,4432,True
21,11,thinning_30_75,4433,True
21,11,thinning_30_75,4441,True
21,11,thinning_30_75,4442,True
21,11,thinning_30_75,4443,True
21,11,thinning_30_75,4542,True
21,11,thinning_30_75,4551,True
21,11,thinning_30_75,4552,True
21,11,thinning_30_75,4553,True
21,11,thinning_30_75,4561,True
21,11,thinning_30_75,4562,True
21,11,thinning_30_75,4563,True
21,11,thinning_30_75,4652,True
21,11,thinning_30_75,4662,True
21,11,thinning_30_75,4663,True
21,11,thinning_30_75,4762,True
21,11,thinning_30_75,4771,True
21,11,thinning_30_75,4772,True
21,11,thinning_30_75,4773,True
21,11,thinning_30_75,4781,True
21,11,thinning_30_75,4782,True
21,11,thinning_30_75,4783,True
21,11,thinning_30_75,4852,True
21,11,thinning_30_75,4861,True
21,11,thinning_30_75,4862,True
21,11,thinning_30_75,4863,True
21,11,thinning_30_75,4962,True
21,11,thinning_30_75,5012,True
21,11,thinning_30_75,5021,True
21,11,thinning_30_75,5022,True
21,11,thinning_30_75,5023,True
21,11,thinning_30_75,5102,True
21,11,thinning_30_75,5272,True
21,11,thinning_30_75,5282,True
21,11,thinning_30_75,5283,True
21,11,thinning_30_75,5362,True
21,11,thinning_30_75,5371,True
21,11,thinning_30_75,5372,True
21,11,thinning_30_75,5373,True
21,11,thinning_30_75,5382,True
21,11,thinning_30_75,5383,True
21,11,thinning_30_75,5482,True
21,11,thinning_30_75,5492,True
21,11,thinning_30_75,5493,True
21,11,thinning_30_75,5502,True
21,11,thinning_30_75,5503,True
21,11,thinning_30_75,5512,True
21,11,thinning_30_75,5513,True
21,11,thinning_30_75,5632,True
21,11,thinning_30_75,5642,True
21,11,thinning_30_75,5643,True
21,11,thinning_30_75,5651,True
21,11,thinning_30_75,5652,True
21,11,thinning_30_75,5653,True
21,11,thinning_30_75,5661,True
21,11,thinning_30_75,5671,True
21,11,thinning_30_75,5672,True
21,11,thinning_30_75,5673,True
21,11,thinning_30_75,5682,True
21,11,thinning_30_75,5683,True
21,11,thinning_30_75,5691,True
21,11,thinning_30_75,5692,True
21,11,thinning_30_75,5693,True
21,11,thinning_30_75,5812,True
21,11,thinning_30_75,5822,True
21,11,thinning_30_75,5823,True
21,11,thinning_30_75,5831,True
21,11,thinning_30_75,5832,True
21,11,thinning_30_75,5833,True
21,11,thinning_30_75,5842,True
21,11,thinning_30_75,5843,True
21,11,thinning_30_75,5852,True
21,11,thinning_30_75,5853,True
21,11,thinning_30_75,5902,True
21,11,thinning_30_75,5911,True
21,11,thinning_30_75,5912,True
21,11,thinning_30_75,5913,True
21,11,thinning_30_75,5931,True
21,11,thinning_30_75,5932,True
21,11,thinning_30_75,5933,True
21,11,thinning_30_75,5941,True
21,11,thinning_30_75,5942,True
21,11,thinning_30_75,5943,True
21,11,thinning_30_75,5951,True
21,11,thinning_30_75,5952,True
21,11,thinning_30_75,5961,True
21,11,thinning_30_75,5962,True
21,11,thinning_30_75,5963,True
21,11,thinning_30_75,5971,True
21,11,thinning_30_75,5972,True
21,11,thinning_30_75,6022,True
21,11,thinning_30_75,6031,True
21,11,thinning_30_75,6032,True
21,11,thinning_30_75,6042,True
21,11,thinning_30_75,6051,True
21,11,thinning_30_75,6052,True
21,11,thinning_30_75,6053,True
21,11,thinning_30_75,6121,True
21,11,thinning_30_75,6123,True
21,11,thinning_30_75,6132,True
21,11,thinning_30_75,6133,True
21,11,thinning_30_75,6221,True
21,11,thinning_30_75,6222,True
21,11,thinning_30_75,6223,True
21,11,thinning_30_75,6232,True
21,11,thinning_30_75,6233,True
21,11,thinning_30_75,6321,True
21,11,thinning_30_75,6322,True
21,11,thinning_30_75,6323,True
21,11,thinning_30_75,6331,True
21,11,thinning_30_75,6332,True
21,11,thinning_30_75,6333,True
22,11,thinning_65_90,4102,True
22,11,thinning_65_90,4192,True
22,11,thinning_65_90,4202,True
22,11,thinning_65_90,4203,True
22,11,thinning_65_90,4312,True
22,11,thinning_65_90,4321,True
22,11,thinning_65_90,4322,True
22,11,thinning_65_90,4323,True
22,11,thinning_65_90,4332,True
22,11,thinning_65_90,4333,True
22,11,thinning_65_90,4341,True
22,11,thinning_65_90,4342,True
22,11,thinning_65_90,4343,True
22,11,thinning_65_90,4412,True
22,11,thinning_65_90,4421,True
22,11,thinning_65_90,4422,True
22,11,thinning_65_90,4423,True
22,11,thinning_65_90,4432,True
22,11,thinning_65_90,4433,True
22,11,thinning_65_90,4441,True
22,11,thinning_65_90,4442,True
22,11,thinning_65_90,4443,True
22,11,thinning_65_90,4542,True
22,11,thinning_65_90,4551,True
22,11,thinning_65_90,4552,True
22,11,thinning_65_90,4553,True
22,11,thinning_65_90,4561,True
22,11,thinning_65_90,4562,True
22,11,thinning_65_90,4563,True
22,11,thinning_65_90,4652,True
22,11,thinning_65_90,4662,True
22,11,thinning_65_90,4663,True
22,11,thinning_65_90,4762,True
22,11,thinning_65_90,4771,True
22,11,thinning_65_90,4772,True
22,11,thinning_65_90,4773,True
22,11,thinning_65_90,4781,True
22,11,thinning_65_90,4782,True
22,11,thinning_65_90,4783,True
22,11,thinning_65_90,4852,True
22,11,thinning_65_90,4861,True
22,11,thinning_65_90,4862,True
22,11,thinning_65_90,4863,True
22,11,thinning_65_90,4962,True
22,11,thinning_65_90,5012,True
22,11,thinning_65_90,5021,True
22,11,thinning_65_90,5022,True
22,11,thinning_65_90,5023,True
22,11,thinning_65_90,5102,True
22,11,thinning_65_90,5272,True
22,11,thinning_65_90,5282,True
22,11,thinning_65_90,5283,True
22,11,thinning_65_90,5362,True
22,11,thinning_65_90,5371,True
22,11,thinning_65_90,5372,True
22,11,thinning_65_90,5373,True
22,11,thinning_65_90,5382,True
22,11,thinning_65_90,5383,True
22,11,thinning_65_90,5482,True
22,11,thinning_65_90,5492,True
22,11,thinning_65_90,5493,True
22,11,thinning_65_90,5502,True
22,11,thinning_65_90,5503,True
22,11,thinning_65_90,5512,True
22,11,thinning_65_90,5513,True
22,11,thinning_65_90,5632,True
22,11,thinning_65_90,5642,True
22,11,thinning_65_90,5643,True
22,11,thinning_65_90,5651,True
22,11,thinning_65_90,5652,True
22,11,thinning_65_90,5653,True
22,11,thinning_65_90,5661,True
22,11,thinning_65_90,5671,True
22,11,thinning_65_90,5672,True
22,11,thinning_65_90,5673,True
22,11,thinning_65_90,5682,True
22,11,thinning_65_90,5683,True
22,11,thinning_65_90,5691,True
22,11,thinning_65_90,5692,True
22,11,thinning_65_90,5693,True
22,11,thinning_65_90,5812,True
22,11,thinning_65_90,5822,True
22,11,thinning_65_90,5823,True
22,11,thinning_65_90,5831,True
22,11,thinning_65_90,5832,True
22,11,thinning_65_90,5833,True
22,11,thinning_65_90,5842,True
22,11,thinning_65_90,5843,True
22,11,thinning_65_90,5852,True
22,11,thinning_65_90,5853,True
22,11,thinning_65_90,5902,True
22,11,thinning_65_90,5911,True
22,11,thinning_65_90,5912,True
22,11,thinning_65_90,5913,True
22,11,thinning_65_90,5931,True
22,11,thinning_65_90,5932,True
22,11,thinning_65_90,5933,True
22,11,thinning_65_90,5941,True
22,11,thinning_65_90,5942,True
22,11,thinning_65_90,5943,True
22,11,thinning_65_90,5951,True
22,11,thinning_65_90,5952,True
22,11,thinning_65_90,5961,True
22,11,thinning_65_90,5962,True
22,11,thinning_65_90,5963,True
22,11,thinning_65_90,5971,True
22,11,thinning_65_90,5972,True
22,11,thinning_65_90,6022,True
22,11,thinning_65_90,6031,True
22,11,thinning_65_90,6032,True
22,11,thinning_65_90,6042,True
22,11,thinning_65_90,6051,True
22,11,thinning_65_90,6052,True
22,11,thinning_65_90,6053,True
22,11,thinning_65_90,6121,True
22,11,thinning_65_90,6123,True
22,11,thinning_65_90,6132,True
22,11,thinning_65_90,6133,True
22,11,thinning_65_90,6221,True
22,11,thinning_65_90,6222,True
22,11,thinning_65_90,6223,True
22,11,thinning_65_90,6232,True
22,11,thinning_65_90,6233,True
22,11,thinning_65_90,6321,True
22,11,thinning_65_90,6322,True
22,11,thinning_65_90,6323,True
22,11,thinning_65_90,6331,True
22,11,thinning_65_90,6332,True
22,11,thinning_65_90,6333,True
23,12,thinning_30_75,4103,False
23,12,thinning_30_75,4193,True
23,12,thinning_30_75,4313,True
23,12,thinning_30_75,4413,True
23,12,thinning_30_75,4531,True
23,12,thinning_30_75,4532,True
23,12,thinning_30_75,4533,True
23,12,thinning_30_75,4543,True
23,12,thinning_30_75,4653,True
23,12,thinning_30_75,4751,True
23,12,thinning_30_75,4752,True
23,12,thinning_30_75,4753,True
23,12,thinning_30_75,4763,True
23,12,thinning_30_75,4853,True
23,12,thinning_30_75,4951,True
23,12,thinning_30_75,4953,True
23,12,thinning_30_75,4963,True
23,12,thinning_30_75,5013,True
23,12,thinning_30_75,5092,True
23,12,thinning_30_75,5093,True
23,12,thinning_30_75,5103,True
23,12,thinning_30_75,5171,True
23,12,thinning_30_75,5172,True
23,12,thinning_30_75,5173,True
23,12,thinning_30_75,5182,True
23,12,thinning_30_75,5183,True
23,12,thinning_30_75,5191,False
23,12,thinning_30_75,5192,True
23,12,thinning_30_75,5193,True
23,12,thinning_30_75,5251,True
23,12,thinning_30_75,5252,True
23,12,thinning_30_75,5253,True
23,12,thinning_30_75,5262,True
23,12,thinning_30_75,5263,True
23,12,thinning_30_75,5273,True
23,12,thinning_30_75,5332,True
23,12,thinning_30_75,5333,True
23,12,thinning_30_75,5342,True
23,12,thinning_30_75,5343,True
23,12,thinning_30_75,5351,True
23,12,thinning_30_75,5352,True
23,12,thinning_30_75,5353,True
23,12,thinning_30_75,5363,True
23,12,thinning_30_75,5431,True
23,12,thinning_30_75,5432,True
23,12,thinning_30_75,5433,True
23,12,thinning_30_75,5442,True
23,12,thinning_30_75,5443,True
23,12,thinning_30_75,5452,True
23,12,thinning_30_75,5453,True
23,12,thinning_30_75,5461,True
23,12,thinning_30_75,5462,True
23,12,thinning_30_75,5463,True
23,12,thinning_30_75,5472,True
23,12,thinning_30_75,5473,True
23,12,thinning_30_75,5483,True
23,12,thinning_30_75,5561,True
23,12,thinning_30_75,5562,True
23,12,thinning_30_75,5563,True
23,12,thinning_30_75,5572,True
23,12,thinning_30_75,5573,True
23,12,thinning_30_75,5582,True
23,12,thinning_30_75,5583,True
23,12,thinning_30_75,5591,True
23,12,thinning_30_75,5593,True
23,12,thinning_30_75,5601,True
23,12,thinning_30_75,5602,True
23,12,thinning_30_75,5603,True
23,12,thinning_30_75,5612,True
23,12,thinning_30_75,5613,True
23,12,thinning_30_75,5622,True
23,12,thinning_30_75,5623,True
23,12,thinning_30_75,5633,False
23,12,thinning_30_75,5721,True
23,12,thinning_30_75,5722,True
23,12,thinning_30_75,5723,True
23,12,thinning_30_75,5732,True
23,12,thinning_30_75,5733,True
23,12,thinning_30_75,5742,True
23,12,thinning_30_75,5743,True
23,12,thinning_30_75,5751,True
23,12,thinning_30_75,5752,True
23,12,thinning_30_75,5753,True
23,12,thinning_30_75,5761,True
23,12,thinning_30_75,5762,True
23,12,thinning_30_75,5763,True
23,12,thinning_30_75,5771,True
23,12,thinning_30_75,5772,True
23,12,thinning_30_75,5773,True
23,12,thinning_30_75,5781,True
23,12,thinning_30_75,5782,True
23,12,thinning_30_75,5783,True
23,12,thinning_30_75,5791,True
23,12,thinning_30_75,5792,True
23,12,thinning_30_75,5793,True
23,12,thinning_30_75,5801,True
23,12,thinning_30_75,5802,True
23,12,thinning_30_75,5803,True
23,12,thinning_30_75,5813,True
23,12,thinning_30_75,5861,True
23,12,thinning_30_75,5862,True
23,12,thinning_30_75,5863,True
23,12,thinning_30_75,5872,True
23,12,thinning_30_75,5873,True
23,12,thinning_30_75,5881,True
23,12,thinning_30_75,5882,True
23,12,thinning_30_75,5883,True
23,12,thinning_30_75,5892,True
23,12,thinning_30_75,5893,True
23,12,thinning_30_75,5903,True
23,12,thinning_30_75,5981,True
23,12,thinning_30_75,5982,True
23,12,thinning_30_75,5983,True
23,12,thinning_30_75,5992,True
23,12,thinning_30_75,5993,True
23,12,thinning_30_75,6002,True
23,12,thinning_30_75,6003,True
23,12,thinning_30_75,6011,True
23,12,thinning_30_75,6012,True
23,12,thinning_30_75,6013,True
23,12,thinning_30_75,6023,True
23,12,thinning_30_75,6061,True
23,12,thinning_30_75,6062,True
23,12,thinning_30_75,6063,True
23,12,thinning_30_75,6072,True
23,12,thinning_30_75,6073,True
23,12,thinning_30_75,6082,True
23,12,thinning_30_75,6083,True
23,12,thinning_30_75,6091,True
23,12,thinning_30_75,6092,True
23,12,thinning_30_75,6141,True
23,12,thinning_30_75,6142,True
23,12,thinning_30_75,6143,True
23,12,thinning_30_75,6152,True
23,12,thinning_30_75,6153,True
23,12,thinning_30_75,6161,True
23,12,thinning_30_75,6162,True
23,12,thinning_30_75,6163,True
23,12,thinning_30_75,6171,True
23,12,thinning_30_75,6172,True
23,12,thinning_30_75,6173,True
23,12,thinning_30_75,6241,True
23,12,thinning_30_75,6242,True
23,12,thinning_30_75,6243,True
23,12,thinning_30_75,6251,True
23,12,thinning_30_75,6252,True
23,12,thinning_30_75,6253,True
24,12,thinning_65_90,4103,False
24,12,thinning_65_90,4193,True
24,12,thinning_65_90,4313,True
24,12,thinning_65_90,4413,True
24,12,thinning_65_90,4531,True
24,12,thinning_65_90,4532,True
24,12,thinning_65_90,4533,True
24,12,thinning_65_90,4543,True
24,12,thinning_65_90,4653,True
24,12,thinning_65_90,4751,True
24,12,thinning_65_90,4752,True
24,12,thinning_65_90,4753,True
24,12,thinning_65_90,4763,True
24,12,thinning_65_90,4853,True
24,12,thinning_65_90,4951,True
24,12,thinning_65_90,4953,True
24,12,thinning_65_90,4963,True
24,12,thinning_65_90,5013,True
24,12,thinning_65_90,5092,True
24,12,thinning_65_90,5093,True
24,12,thinning_65_90,5103,True
24,12,thinning_65_90,5171,True
24,12,thinning_65_90,5172,True
24,12,thinning_65_90,5173,True
24,12,thinning_65_90,5182,True
24,12,thinning_65_90,5183,True
24,12,thinning_65_90,5191,False
24,12,thinning_65_90,5192,True
24,12,thinning_65_90,5193,True
24,12,thinning_65_90,5251,True
24,12,thinning_65_90,5252,True
24,12,thinning_65_90,5253,True
24,12,thinning_65_90,5262,True
24,12,thinning_65_90,5263,True
24,12,thinning_65_90,5273,True
24,12,thinning_65_90,5332,True
24,12,thinning_65_90,5333,True
24,12,thinning_65_90,5342,True
24,12,thinning_65_90,5343,True
24,12,thinning_65_90,5351,True
24,12,thinning_65_90,5352,True
24,12,thinning_65_90,5353,True
24,12,thinning_65_90,5363,True
24,12,thinning_65_90,5431,True
24,12,thinning_65_90,5432,True
24,12,thinning_65_90,5433,True
24,12,thinning_65_90,5442,True
24,12,thinning_65_90,5443,True
24,12,thinning_65_90,5452,True
24,12,thinning_65_90,5453,True
24,12,thinning_65_90,5461,True
24,12,thinning_65_90,5462,True
24,12,thinning_65_90,5463,True
24,12,thinning_65_90,5472,True
24,12,thinning_65_90,5473,True
24,12,thinning_65_90,5483,True
24,12,thinning_65_90,5561,True
24,12,thinning_65_90,5562,True
24,12,thinning_65_90,5563,True
24,12,thinning_65_90,5572,True
24,12,thinning_65_90,5573,True
24,12,thinning_65_90,5582,True
24,12,thinning_65_90,5583,True
24,12,thinning_65_90,5591,True
24,12,thinning_65_90,5593,True
24,12,thinning_65_90,5601,True
24,12,thinning_65_90,5602,True
24,12,thinning_65_90,5603,True
24,12,thinning_65_90,5612,True
24,12,thinning_65_90,5613,True
24,12,thinning_65_90,5622,True
24,12,thinning_65_90,5623,True
24,12,thinning_65_90,5633,False
24,12,thinning_65_90,5721,True
24,12,thinning_65_90,5722,True
24,12,thinning_65_90,5723,True
24,12,thinning_65_90,5732,True
24,12,thinning_65_90,5733,True
24,12,thinning_65_90,5742,True
24,12,thinning_65_90,5743,True
24,12,thinning_65_90,5751,True
24,12,thinning_65_90,5752,True
24,12,thinning_65_90,5753,True
24,12,thinning_65_90,5761,True
24,12,thinning_65_90,5762,True
24,12,thinning_65_90,5763,True
24,12,thinning_65_90,5771,True
24,12,thinning_65_90,5772,True
24,12,thinning_65_90,5773,True
24,12,thinning_65_90,5781,True
24,12,thinning_65_90,5782,True
24,12,thinning_65_90,5783,True
24,12,thinning_65_90,5791,True
24,12,thinning_65_90,5792,True
24,12,thinning_65_90,5793,True
24,12,thinning_65_90,5801,True
24,12,thinning_65_90,5802,True
24,12,thinning_65_90,5803,True
24,12,thinning_65_90,5813,True
24,12,thinning_65_90,5861,True
24,12,thinning_65_90,5862,True
24,12,thinning_65_90,5863,True
24,12,thinning_65_90,5872,True
24,12,thinning_65_90,5873,True
24,12,thinning_65_90,5881,True
24,12,thinning_65_90,5882,True
24,12,thinning_65_90,5883,True
24,12,thinning_65_90,5892,True
24,12,thinning_65_90,5893,True
24,12,thinning_65_90,5903,True
24,12,thinning_65_90,5981,True
24,12,thinning_65_90,5982,True
24,12,thinning_65_90,5983,True
24,12,thinning_65_90,5992,True
24,12,thinning_65_90,5993,True
24,12,thinning_65_90,6002,True
24,12,thinning_65_90,6003,True
24,12,thinning_65_90,6011,True
24,12,thinning_65_90,6012,True
24,12,thinning_65_90,6013,True
24,12,thinning_65_90,6023,True
24,12,thinning_65_90,6061,True
24,12,thinning_65_90,6062,True
24,12,thinning_65_90,6063,True
24,12,thinning_65_90,6072,True
24,12,thinning_65_90,6073,True
24,12,thinning_65_90,6082,True
24,12,thinning_65_90,6083,True
24,12,thinning_65_90,6091,True
24,12,thinning_65_90,6092,True
24,12,thinning_65_90,6141,True
24,12,thinning_65_90,6142,True
24,12,thinning_65_90,6143,True
24,12,thinning_65_90,6152,True
24,12,thinning_65_90,6153,True
24,12,thinning_65_90,6161,True
24,12,thinning_65_90,6162,True
24,12,thinning_65_90,6163,True
24,12,thinning_65_90,6171,True
24,12,thinning_65_90,6172,True
24,12,thinning_65_90,6173,True
24,12,thinning_65_90,6241,True
24,12,thinning_65_90,6242,True
24,12,thinning_65_90,6243,True
24,12,thinning_65_90,6251,True
24,12,thinning_65_90,6252,True
24,12,thinning_65_90,6253,True
25,13,thinning_30_75,6902,True
25,13,thinning_30_75,6903,True
25,13,thinning_30_75,6912,True
25,13,thinning_30_75,6913,True
25,13,thinning_30_75,6981,True
25,13,thinning_30_75,6982,True
25,13,thinning_30_75,6983,True
25,13,thinning_30_75,6992,True
25,13,thinning_30_75,6993,True
25,13,thinning_30_75,7002,True
25,13,thinning_30_75,7003,True
25,13,thinning_30_75,7012,True
25,13,thinning_30_75,7013,True
25,13,thinning_30_75,7082,True
25,13,thinning_30_75,7083,True
25,13,thinning_30_75,7092,True
25,13,thinning_30_75,7093,True
25,13,thinning_30_75,7101,True
25,13,thinning_30_75,7102,True
25,13,thinning_30_75,7103,True
25,13,thinning_30_75,7111,True
25,13,thinning_30_75,7112,True
25,13,thinning_30_75,7113,True
25,13,thinning_30_75,7122,True
25,13,thinning_30_75,7123,True
25,13,thinning_30_75,7132,True
25,13,thinning_30_75,7133,True
25,13,thinning_30_75,7161,True
25,13,thinning_30_75,7162,True
25,13,thinning_30_75,7163,True
25,13,thinning_30_75,7172,True
25,13,thinning_30_75,7173,True
25,13,thinning_30_75,7181,True
25,13,thinning_30_75,7182,True
25,13,thinning_30_75,7183,True
25,13,thinning_30_75,7191,True
25,13,thinning_30_75,7192,True
25,13,thinning_30_75,7193,True
25,13,thinning_30_75,7212,True
25,13,thinning_30_75,7213,True
25,13,thinning_30_75,7221,True
25,13,thinning_30_75,7223,True
25,13,thinning_30_75,7231,True
25,13,thinning_30_75,7232,True
25,13,thinning_30_75,7233,True
25,13,thinning_30_75,7281,True
25,13,thinning_30_75,7282,True
25,13,thinning_30_75,7283,True
25,13,thinning_30_75,7291,True
25,13,thinning_30_75,7292,True
25,13,thinning_30_75,7301,True
25,13,thinning_30_75,7311,True
25,13,thinning_30_75,7312,True
25,13,thinning_30_75,7313,True
25,13,thinning_30_75,7322,True
25,13,thinning_30_75,7323,True
25,13,thinning_30_75,7331,True
25,13,thinning_30_75,7332,True
25,13,thinning_30_75,7333,True
25,13,thinning_30_75,7382,True
25,13,thinning_30_75,7383,True
25,13,thinning_30_75,7392,True
25,13,thinning_30_75,7393,True
25,13,thinning_30_75,7462,True
25,13,thinning_30_75,7463,True
25,13,thinning_30_75,7472,True
25,13,thinning_30_75,7473,True
25,13,thinning_30_75,7481,True
25,13,thinning_30_75,7482,True
25,13,thinning_30_75,7483,True
25,13,thinning_30_75,7491,True
25,13,thinning_30_75,7493,True
25,13,thinning_30_75,7561,True
25,13,thinning_30_75,7562,True
25,13,thinning_30_75,7563,True
25,13,thinning_30_75,7571,True
25,13,thinning_30_75,7572,True
25,13,thinning_30_75,7573,True
25,13,thinning_30_75,7581,True
25,13,thinning_30_75,7582,True
25,13,thinning_30_75,7583,True
25,13,thinning_30_75,7592,True
25,13,thinning_30_75,7593,True
25,13,thinning_30_75,7641,True
25,13,thinning_30_75,7642,True
25,13,thinning_30_75,7643,True
25,13,thinning_30_75,7652,True
25,13,thinning_30_75,7653,True
25,13,thinning_30_75,7682,True
25,13,thinning_30_75,7683,True
25,13,thinning_30_75,7741,True
25,13,thinning_30_75,7742,True
25,13,thinning_30_75,7743,True
25,13,thinning_30_75,7752,True
25,13,thinning_30_75,7753,True
25,13,thinning_30_75,7762,True
25,13,thinning_30_75,7763,True
25,13,thinning_30_75,7771,True
25,13,thinning_30_75,7772,True
25,13,thinning_30_75,7773,True
25,13,thinning_30_75,7851,True
25,13,thinning_30_75,7852,True
25,13,thinning_30_75,7853,True
25,13,thinning_30_75,7861,True
25,13,thinning_30_75,7862,True
25,13,thinning_30_75,7871,True
25,13,thinning_30_75,7873,True
25,13,thinning_30_75,7881,True
25,13,thinning_30_75,7882,True
25,13,thinning_30_75,7883,True
26,13,thinning_65_90,6902,True
26,13,thinning_65_90,6903,True
26,13,thinning_65_90,6912,True
26,13,thinning_65_90,6913,True
26,13,thinning_65_90,6981,True
26,13,thinning_65_90,6982,True
26,13,thinning_65_90,6983,True
26,13,thinning_65_90,6992,True
26,13,thinning_65_90,6993,True
26,13,thinning_65_90,7002,True
26,13,thinning_65_90,7003,True
26,13,thinning_65_90,7012,True
26,13,thinning_65_90,7013,True
26,13,thinning_65_90,7082,True
26,13,thinning_65_90,7083,True
26,13,thinning_65_90,7092,True
26,13,thinning_65_90,7093,True
26,13,thinning_65_90,7101,True
26,13,thinning_65_90,7102,True
26,13,thinning_65_90,7103,True
26,13,thinning_65_90,7111,True
26,13,thinning_65_90,7112,True
26,13,thinning_65_90,7113,True
26,13,thinning_65_90,7122,True
26,13,thinning_65_90,7123,True
26,13,thinning_65_90,7132,True
26,13,thinning_65_90,7133,True
26,13,thinning_65_90,7161,True
26,13,thinning_65_90,7162,True
26,13,thinning_65_90,7163,True
26,13,thinning_65_90,7172,True
26,13,thinning_65_90,7173,True
26,13,thinning_65_90,7181,True
26,13,thinning_65_90,7182,True
26,13,thinning_65_90,7183,True
26,13,thinning_65_90,7191,True
26,13,thinning_65_90,7192,True
26,13,thinning_65_90,7193,True
26,13,thinning_65_90,7212,True
26,13,thinning_65_90,7213,True
26,13,thinning_65_90,7221,True
26,13,thinning_65_90,7223,True
26,13,thinning_65_90,7231,True
26,13,thinning_65_90,7232,True
26,13,thinning_65_90,7233,True
26,13,thinning_65_90,7281,True
26,13,thinning_65_90,7282,True
26,13,thinning_65_90,7283,True
26,13,thinning_65_90,7291,True
26,13,thinning_65_90,7292,True
26,13,thinning_65_90,7301,True
26,13,thinning_65_90,7311,True
26,13,thinning_65_90,7312,True
26,13,thinning_65_90,7313,True
26,13,thinning_65_90,7322,True
26,13,thinning_65_90,7323,True
26,13,thinning_65_90,7331,True
26,13,thinning_65_90,7332,True
26,13,thinning_65_90,7333,True
26,13,thinning_65_90,7382,True
26,13,thinning_65_90,7383,True
26,13,thinning_65_90,7392,True
26,13,thinning_65_90,7393,True
26,13,thinning_65_90,7462,True
26,13,thinning_65_90,7463,True
26,13,thinning_65_90,7472,True
26,13,thinning_65_90,7473,True
26,13,thinning_65_90,7481,True
26,13,thinning_65_90,7482,True
26,13,thinning_65_90,7483,True
26,13,thinning_65_90,7491,True
26,13,thinning_65_90,7493,True
26,13,thinning_65_90,7561,True
26,13,thinning_65_90,7562,True
26,13,thinning_65_90,7563,True
26,13,thinning_65_90,7571,True
26,13,thinning_65_90,7572,True
26,13,thinning_65_90,7573,True
26,13,thinning_65_90,7581,True
26,13,thinning_65_90,7582,True
26,13,thinning_65_90,7583,True
26,13,thinning_65_90,7592,True
26,13,thinning_65_90,7593,True
26,13,thinning_65_90,7641,True
26,13,thinning_65_90,7642,True
26,13,thinning_65_90,7643,True
26,13,thinning_65_90,7652,True
26,13,thinning_65_90,7653,True
26,13,thinning_65_90,7682,True
26,13,thinning_65_90,7683,True
26,13,thinning_65_90,7741,True
26,13,thinning_65_90,7742,True
26,13,thinning_65_90,7743,True
26,13,thinning_65_90,7752,True
26,13,thinning_65_90,7753,True
26,13,thinning_65_90,7762,True
26,13,thinning_65_90,7763,True
26,13,thinning_65_90,7771,True
26,13,thinning_65_90,7772,True
26,13,thinning_65_90,7773,True
26,13,thinning_65_90,7851,True
26,13,thinning_65_90,7852,True
26,13,thinning_65_90,7853,True
26,13,thinning_65_90,7861,True
26,13,thinning_65_90,7862,True
26,13,thinning_65_90,7871,True
26,13,thinning_65_90,7873,True
26,13,thinning_65_90,7881,True
26,13,thinning_65_90,7882,True
26,13,thinning_65_90,7883,True
27,14,thinning_30_75,6102,True
27,14,thinning_30_75,6182,True
27,14,thinning_30_75,6191,True
27,14,thinning_30_75,6192,True
27,14,thinning_30_75,6272,True
27,14,thinning_30_75,6342,True
27,14,thinning_30_75,6351,True
27,14,thinning_30_75,6352,True
27,14,thinning_30_75,6353,True
27,14,thinning_30_75,6412,True
27,14,thinning_30_75,6542,True
27,14,thinning_30_75,6551,True
27,14,thinning_30_75,6552,True
27,14,thinning_30_75,6553,True
27,14,thinning_30_75,6652,True
27,14,thinning_30_75,6782,True
27,14,thinning_30_75,6792,True
27,14,thinning_30_75,6793,True
27,14,thinning_30_75,6921,True
27,14,thinning_30_75,6922,True
27,14,thinning_30_75,6923,True
27,14,thinning_30_75,6931,True
27,14,thinning_30_75,6932,True
27,14,thinning_30_75,6933,True
28,14,thinning_65_90,6102,True
28,14,thinning_65_90,6182,True
28,14,thinning_65_90,6191,True
28,14,thinning_65_90,6192,True
28,14,thinning_65_90,6272,True
28,14,thinning_65_90,6342,True
28,14,thinning_65_90,6351,True
28,14,thinning_65_90,6352,True
28,14,thinning_65_90,6353,True
28,14,thinning_65_90,6412,True
28,14,thinning_65_90,6542,True
28,14,thinning_65_90,6551,True
28,14,thinning_65_90,6552,True
28,14,thinning_65_90,6553,True
28,14,thinning_65_90,6652,True
28,14,thinning_65_90,6782,True
28,14,thinning_65_90,6792,True
28,14,thinning_65_90,6793,True
28,14,thinning_65_90,6921,True
28,14,thinning_65_90,6922,True
28,14,thinning_65_90,6923,True
28,14,thinning_65_90,6931,True
28,14,thinning_65_90,6932,True
28,14,thinning_65_90,6933,True
29,15,thinning_30_75,6103,False
29,15,thinning_30_75,6183,False
29,15,thinning_30_75,6261,True
29,15,thinning_30_75,6262,True
29,15,thinning_30_75,6263,True
29,15,thinning_30_75,6273,True
29,15,thinning_30_75,6343,True
29,15,thinning_30_75,6401,True
29,15,thinning_30_75,6402,True
29,15,thinning_30_75,6403,True
29,15,thinning_30_75,6413,True
29,15,thinning_30_75,6462,True
29,15,thinning_30_75,6463,True
29,15,thinning_30_75,6521,True
29,15,thinning_30_75,6522,True
29,15,thinning_30_75,6523,True
29,15,thinning_30_75,6532,True
29,15,thinning_30_75,6533,True
29,15,thinning_30_75,6543,True
29,15,thinning_30_75,6621,True
29,15,thinning_30_75,6622,True
29,15,thinning_30_75,6623,True
29,15,thinning_30_75,6632,True
29,15,thinning_30_75,6633,True
29,15,thinning_30_75,6641,True
29,15,thinning_30_75,6642,True
29,15,thinning_30_75,6653,True
29,15,thinning_30_75,6761,True
29,15,thinning_30_75,6762,True
29,15,thinning_30_75,6763,True
29,15,thinning_30_75,6771,True
29,15,thinning_30_75,6772,True
29,15,thinning_30_75,6773,True
29,15,thinning_30_75,6783,True
30,15,thinning_65_90,6103,False
30,15,thinning_65_90,6183,False
30,15,thinning_65_90,6261,True
30,15,thinning_65_90,6262,True
30,15,thinning_65_90,6263,True
30,15,thinning_65_90,6273,True
30,15,thinning_65_90,6343,True
30,15,thinning_65_90,6401,True
30,15,thinning_65_90,6402,True
30,15,thinning_65_90,6403,True
30,15,thinning_65_90,6413,True
30,15,thinning_65_90,6462,True
30,15,thinning_65_90,6463,True
30,15,thinning_65_90,6521,True
30,15,thinning_65_90,6522,True
30,15,thinning_65_90,6523,True
30,15,thinning_65_90,6532,True
30,15,thinning_65_90,6533,True
30,15,thinning_65_90,6543,True
30,15,thinning_65_90,6621,True
30,15,thinning_65_90,6622,True
30,15,thinning_65_90,6623,True
30,15,thinning_65_90,6632,True
30,15,thinning_65_90,6633,True
30,15,thinning_65_90,6641,True
30,15,thinning_65_90,6642,True
30,15,thinning_65_90,6653,True
30,15,thinning_65_90,6761,True
30,15,thinning_65_90,6762,True
30,15,thinning_65_90,6763,True
30,15,thinning_65_90,6771,True
30,15,thinning_65_90,6772,True
30,15,thinning_65_90,6773,True
30,15,thinning_65_90,6783,True
31,16,thinning_30_75,8452,True
31,16,thinning_30_75,8453,True
31,16,thinning_30_75,8462,True
31,16,thinning_30_75,8463,True
31,16,thinning_30_75,8532,True
31,16,thinning_30_75,8533,True
31,16,thinning_30_75,8541,True
31,16,thinning_30_75,8542,True
31,16,thinning_30_75,8543,True
31,16,thinning_30_75,8552,True
31,16,thinning_30_75,8553,True
31,16,thinning_30_75,8562,True
31,16,thinning_30_75,8563,True
31,16,thinning_30_75,8592,True
31,16,thinning_30_75,8593,True
31,16,thinning_30_75,8601,True
31,16,thinning_30_75,8602,True
31,16,thinning_30_75,8603,True
31,16,thinning_30_75,8611,True
31,16,thinning_30_75,8612,True
31,16,thinning_30_75,8613,True
31,16,thinning_30_75,8622,True
31,16,thinning_30_75,8623,True
31,16,thinning_30_75,8631,True
31,16,thinning_30_75,8632,True
31,16,thinning_30_75,8633,True
31,16,thinning_30_75,8642,True
31,16,thinning_30_75,8643,True
31,16,thinning_30_75,8672,True
31,16,thinning_30_75,8673,True
31,16,thinning_30_75,8682,True
31,16,thinning_30_75,8683,True
31,16,thinning_30_75,8692,True
31,16,thinning_30_75,8693,True
31,16,thinning_30_75,8702,True
31,16,thinning_30_75,8703,True
31,16,thinning_30_75,8711,True
31,16,thinning_30_75,8712,True
31,16,thinning_30_75,8713,True
31,16,thinning_30_75,8722,True
31,16,thinning_30_75,8723,True
31,16,thinning_30_75,8731,True
31,16,thinning_30_75,8732,True
31,16,thinning_30_75,8733,True
31,16,thinning_30_75,8741,True
31,16,thinning_30_75,8742,True
31,16,thinning_30_75,8751,True
31,16,thinning_30_75,8752,True
31,16,thinning_30_75,8753,True
31,16,thinning_30_75,8761,True
31,16,thinning_30_75,8762,True
31,16,thinning_30_75,8763,True
31,16,thinning_30_75,8771,True
31,16,thinning_30_75,8772,True
31,16,thinning_30_75,8782,True
31,16,thinning_30_75,8783,True
31,16,thinning_30_75,8791,True
31,16,thinning_30_75,8792,True
31,16,thinning_30_75,8793,True
31,16,thinning_30_75,8802,True
31,16,thinning_30_75,8803,True
31,16,thinning_30_75,8812,True
31,16,thinning_30_75,8813,True
31,16,thinning_30_75,8821,True
31,16,thinning_30_75,8822,True
31,16,thinning_30_75,8823,True
31,16,thinning_30_75,8831,True
31,16,thinning_30_75,8832,True
31,16,thinning_30_75,8833,True
31,16,thinning_30_75,8841,True
31,16,thinning_30_75,8842,True
31,16,thinning_30_75,8843,True
31,16,thinning_30_75,8852,True
31,16,thinning_30_75,8853,True
31,16,thinning_30_75,8862,True
31,16,thinning_30_75,8863,True
31,16,thinning_30_75,8871,True
31,16,thinning_30_75,8881,True
31,16,thinning_30_75,8882,True
31,16,thinning_30_75,8883,True
31,16,thinning_30_75,8892,True
31,16,thinning_30_75,8893,True
31,16,thinning_30_75,8901,True
31,16,thinning_30_75,8902,True
31,16,thinning_30_75,8903,True
31,16,thinning_30_75,8912,True
31,16,thinning_30_75,8913,True
31,16,thinning_30_75,8922,True
31,16,thinning_30_75,8923,True
31,16,thinning_30_75,8932,True
31,16,thinning_30_75,8933,True
31,16,thinning_30_75,8941,True
31,16,thinning_30_75,8942,True
31,16,thinning_30_75,8943,True
31,16,thinning_30_75,8952,True
31,16,thinning_30_75,8953,True
31,16,thinning_30_75,8962,True
31,16,thinning_30_75,8963,True
31,16,thinning_30_75,8971,True
31,16,thinning_30_75,8972,True
31,16,thinning_30_75,8973,True
31,16,thinning_30_75,8982,True
31,16,thinning_30_75,8983,True
31,16,thinning_30_75,8991,True
31,16,thinning_30_75,8992,True
31,16,thinning_30_75,8993,True
31,16,thinning_30_75,9001,True
31,16,thinning_30_75,9002,True
31,16,thinning_30_75,9011,True
31,16,thinning_30_75,9012,True
31,16,thinning_30_75,9013,True
31,16,thinning_30_75,9023,True
31,16,thinning_30_75,9031,True
31,16,thinning_30_75,9032,True
31,16,thinning_30_75,9033,True
31,16,thinning_30_75,9041,True
31,16,thinning_30_75,9042,True
31,16,thinning_30_75,9043,True
31,16,thinning_30_75,9051,True
31,16,thinning_30_75,9052,True
31,16,thinning_30_75,9053,True
31,16,thinning_30_75,9061,True
31,16,thinning_30_75,9062,True
31,16,thinning_30_75,9063,True
31,16,thinning_30_75,9071,True
31,16,thinning_30_75,9081,True
31,16,thinning_30_75,9082,True
31,16,thinning_30_75,9083,True
31,16,thinning_30_75,9092,True
31,16,thinning_30_75,9101,True
31,16,thinning_30_75,9102,True
31,16,thinning_30_75,9103,True
31,16,thinning_30_75,9112,True
31,16,thinning_30_75,9113,True
31,16,thinning_30_75,9122,True
31,16,thinning_30_75,9131,True
31,16,thinning_30_75,9132,True
31,16,thinning_30_75,9133,True
31,16,thinning_30_75,9141,True
31,16,thinning_30_75,9142,True
31,16,thinning_30_75,9143,True
31,16,thinning_30_75,9161,True
31,16,thinning_30_75,9162,True
31,16,thinning_30_75,9172,True
31,16,thinning_30_75,9173,True
31,16,thinning_30_75,9181,True
31,16,thinning_30_75,9183,True
31,16,thinning_30_75,9191,True
31,16,thinning_30_75,9192,True
32,16,thinning_65_90,8452,True
32,16,thinning_65_90,8453,True
32,16,thinning_65_90,8462,True
32,16,thinning_65_90,8463,True
32,16,thinning_65_90,8532,True
32,16,thinning_65_90,8533,True
32,16,thinning_65_90,8541,True
32,16,thinning_65_90,8542,True
32,16,thinning_65_90,8543,True
32,16,thinning_65_90,8552,True
32,16,thinning_65_90,8553,True
32,16,thinning_65_90,8562,True
32,16,thinning_65_90,8563,True
32,16,thinning_65_90,8592,True
32,16,thinning_65_90,8593,True
32,16,thinning_65_90,8601,True
32,16,thinning_65_90,8602,True
32,16,thinning_65_90,8603,True
32,16,thinning_65_90,8611,True
32,16,thinning_65_90,8612,True
32,16,thinning_65_90,8613,True
32,16,thinning_65_90,8622,True
32,16,thinning_65_90,8623,True
32,16,thinning_65_90,8631,True
32,16,thinning_65_90,8632,True
32,16,thinning_65_90,8633,True
32,16,thinning_65_90,8642,True
32,16,thinning_65_90,8643,True
32,16,thinning_65_90,8672,True
32,16,thinning_65_90,8673,True
32,16,thinning_65_90,8682,True
32,16,thinning_65_90,8683,True
32,16,thinning_65_90,8692,True
32,16,thinning_65_90,8693,True
32,16,thinning_65_90,8702,True
32,16,thinning_65_90,8703,True
32,16,thinning_65_90,8711,True
32,16,thinning_65_90,8712,True
32,16,thinning_65_90,8713,True
32,16,thinning_65_90,8722,True
32,16,thinning_65_90,8723,True
32,16,thinning_65_90,8731,True
32,16,thinning_65_90,8732,True
32,16,thinning_65_90,8733,True
32,16,thinning_65_90,8741,True
32,16,thinning_65_90,8742,True
32,16,thinning_65_90,8751,True
32,16,thinning_65_90,8752,True
32,16,thinning_65_90,8753,True
32,16,thinning_65_90,8761,True
32,16,thinning_65_90,8762,True
32,16,thinning_65_90,8763,True
32,16,thinning_65_90,8771,True
32,16,thinning_65_90,8772,True
32,16,thinning_65_90,8782,True
32,16,thinning_65_90,8783,True
32,16,thinning_65_90,8791,True
32,16,thinning_65_90,8792,True
32,16,thinning_65_90,8793,True
32,16,thinning_65_90,8802,True
32,16,thinning_65_90,8803,True
32,16,thinning_65_90,8812,True
32,16,thinning_65_90,8813,True
32,16,thinning_65_90,8821,True
32,16,thinning_65_90,8822,True
32,16,thinning_65_90,8823,True
32,16,thinning_65_90,8831,True
32,16,thinning_65_90,8832,True
32,16,thinning_65_90,8833,True
32,16,thinning_65_90,8841,True
32,16,thinning_65_90,8842,True
32,16,thinning_65_90,8843,True
32,16,thinning_65_90,8852,True
32,16,thinning_65_90,8853,True
32,16,thinning_65_90,8862,True
32,16,thinning_65_90,8863,True
32,16,thinning_65_90,8871,True
32,16,thinning_65_90,8881,True
32,16,thinning_65_90,8882,True
32,16,thinning_65_90,8883,True
32,16,thinning_65_90,8892,True
32,16,thinning_65_90,8893,True
32,16,thinning_65_90,8901,True
32,16,thinning_65_90,8902,True
32,16,thinning_65_90,8903,True
32,16,thinning_65_90,8912,True
32,16,thinning_65_90,8913,True
32,16,thinning_65_90,8922,True
32,16,thinning_65_90,8923,True
32,16,thinning_65_90,8932,True
32,16,thinning_65_90,8933,True
32,16,thinning_65_90,8941,True
32,16,thinning_65_90,8942,True
32,16,thinning_65_90,8943,True
32,16,thinning_65_90,8952,True
32,16,thinning_65_90,8953,True
32,16,thinning_65_90,8962,True
32,16,thinning_65_90,8963,True
32,16,thinning_65_90,8971,True
32,16,thinning_65_90,8972,True
32,16,thinning_65_90,8973,True
32,16,thinning_65_90,8982,True
32,16,thinning_65_90,8983,True
32,16,thinning_65_90,8991,True
32,16,thinning_65_90,8992,True
32,16,thinning_65_90,8993,True
32,16,thinning_65_90,9001,True
32,16,thinning_65_90,9002,True
32,16,thinning_65_90,9011,True
32,16,thinning_65_90,9012,True
32,16,thinning_65_90,9013,True
32,16,thinning_65_90,9023,True
32,16,thinning_65_90,9031,True
32,16,thinning_65_90,9032,True
32,16,thinning_65_90,9033,True
32,16,thinning_65_90,9041,True
32,16,thinning_65_90,9042,True
32,16,thinning_65_90,9043,True
32,16,thinning_65_90,9051,True
32,16,thinning_65_90,9052,True
32,16,thinning_65_90,9053,True
32,16,thinning_65_90,9061,True
32,16,thinning_65_90,9062,True
32,16,thinning_65_90,9063,True
32,16,thinning_65_90,9071,True
32,16,thinning_65_90,9081,True
32,16,thinning_65_90,9082,True
32,16,thinning_65_90,9083,True
32,16,thinning_65_90,9092,True
32,16,thinning_65_90,9101,True
32,16,thinning_65_90,9102,True
32,16,thinning_65_90,9103,True
32,16,thinning_65_90,9112,True
32,16,thinning_65_90,9113,True
32,16,thinning_65_90,9122,True
32,16,thinning_65_90,9131,True
32,16,thinning_65_90,9132,True
32,16,thinning_65_90,9133,True
32,16,thinning_65_90,9141,True
32,16,thinning_65_90,9142,True
32,16,thinning_65_90,9143,True
32,16,thinning_65_90,9161,True
32,16,thinning_65_90,9162,True
32,16,thinning_65_90,9172,True
32,16,thinning_65_90,9173,True
32,16,thinning_65_90,9181,True
32,16,thinning_65_90,9183,True
32,16,thinning_65_90,9191,True
32,16,thinning_65_90,9192,True
33,17,thinning_30_75,6112,True
33,17,thinning_30_75,6202,True
33,17,thinning_30_75,6212,True
33,17,thinning_30_75,6213,True
33,17,thinning_30_75,6282,True
33,17,thinning_30_75,6291,True
33,17,thinning_30_75,6292,True
33,17,thinning_30_75,6293,True
33,17,thinning_30_75,6301,True
33,17,thinning_30_75,6302,True
33,17,thinning_30_75,6303,True
33,17,thinning_30_75,6312,True
33,17,thinning_30_75,6313,True
33,17,thinning_30_75,6372,True
33,17,thinning_30_75,6381,True
33,17,thinning_30_75,6382,True
33,17,thinning_30_75,6392,True
33,17,thinning_30_75,6393,True
33,17,thinning_30_75,6432,True
33,17,thinning_30_75,6442,True
33,17,thinning_30_75,6451,True
33,17,thinning_30_75,6452,False
33,17,thinning_30_75,6453,True
33,17,thinning_30_75,6482,True
33,17,thinning_30_75,6492,True
33,17,thinning_30_75,6493,True
33,17,thinning_30_75,6501,True
33,17,thinning_30_75,6502,True
33,17,thinning_30_75,6503,True
33,17,thinning_30_75,6512,True
33,17,thinning_30_75,6513,True
33,17,thinning_30_75,6572,True
33,17,thinning_30_75,6581,True
33,17,thinning_30_75,6582,True
33,17,thinning_30_75,6583,True
33,17,thinning_30_75,6592,True
33,17,thinning_30_75,6593,True
33,17,thinning_30_75,6602,True
33,17,thinning_30_75,6603,True
33,17,thinning_30_75,6612,True
33,17,thinning_30_75,6613,True
33,17,thinning_30_75,6682,True
33,17,thinning_30_75,6692,True
33,17,thinning_30_75,6693,True
33,17,thinning_30_75,6701,True
33,17,thinning_30_75,6702,True
33,17,thinning_30_75,6703,True
33,17,thinning_30_75,6711,True
33,17,thinning_30_75,6712,True
33,17,thinning_30_75,6713,True
33,17,thinning_30_75,6721,True
33,17,thinning_30_75,6722,True
33,17,thinning_30_75,6723,True
33,17,thinning_30_75,6732,True
33,17,thinning_30_75,6733,True
33,17,thinning_30_75,6742,True
33,17,thinning_30_75,6743,True
33,17,thinning_30_75,6751,True
33,17,thinning_30_75,6752,True
33,17,thinning_30_75,6832,True
33,17,thinning_30_75,6841,True
33,17,thinning_30_75,6842,True
33,17,thinning_30_75,6843,True
33,17,thinning_30_75,6852,True
33,17,thinning_30_75,6853,True
33,17,thinning_30_75,6861,True
33,17,thinning_30_75,6862,True
33,17,thinning_30_75,6863,True
33,17,thinning_30_75,6871,True
33,17,thinning_30_75,6872,True
33,17,thinning_30_75,6873,True
33,17,thinning_30_75,6881,True
33,17,thinning_30_75,6882,True
33,17,thinning_30_75,6883,True
33,17,thinning_30_75,6891,True
33,17,thinning_30_75,6892,True
33,17,thinning_30_75,6893,True
33,17,thinning_30_75,6952,True
33,17,thinning_30_75,6961,True
33,17,thinning_30_75,6962,True
33,17,thinning_30_75,6963,True
33,17,thinning_30_75,6972,True
33,17,thinning_30_75,6973,True
33,17,thinning_30_75,7042,True
33,17,thinning_30_75,7051,True
33,17,thinning_30_75,7052,True
33,17,thinning_30_75,7053,True
33,17,thinning_30_75,7061,True
33,17,thinning_30_75,7062,True
33,17,thinning_30_75,7063,True
33,17,thinning_30_75,7071,True
33,17,thinning_30_75,7072,True
33,17,thinning_30_75,7073,True
33,17,thinning_30_75,7152,True
33,17,thinning_30_75,7272,True
33,17,thinning_30_75,7362,True
33,17,thinning_30_75,7372,True
33,17,thinning_30_75,7373,True
33,17,thinning_30_75,7422,True
33,17,thinning_30_75,7431,True
33,17,thinning_30_75,7432,True
33,17,thinning_30_75,7433,True
33,17,thinning_30_75,7442,True
33,17,thinning_30_75,7443,True
33,17,thinning_30_75,7452,True
33,17,thinning_30_75,7453,True
33,17,thinning_30_75,7502,True
33,17,thinning_30_75,7512,True
33,17,thinning_30_75,7513,True
33,17,thinning_30_75,7521,True
33,17,thinning_30_75,7522,True
33,17,thinning_30_75,7523,True
33,17,thinning_30_75,7531,True
33,17,thinning_30_75,7541,True
33,17,thinning_30_75,7542,True
33,17,thinning_30_75,7543,True
33,17,thinning_30_75,7551,True
33,17,thinning_30_75,7552,True
33,17,thinning_30_75,7553,True
33,17,thinning_30_75,7612,True
33,17,thinning_30_75,7621,True
33,17,thinning_30_75,7622,True
33,17,thinning_30_75,7623,True
33,17,thinning_30_75,7631,True
33,17,thinning_30_75,7632,True
33,17,thinning_30_75,7633,True
33,17,thinning_30_75,7662,True
33,17,thinning_30_75,7672,True
33,17,thinning_30_75,7673,True
33,17,thinning_30_75,7712,True
33,17,thinning_30_75,7721,True
33,17,thinning_30_75,7722,True
33,17,thinning_30_75,7723,True
33,17,thinning_30_75,7732,True
33,17,thinning_30_75,7733,True
33,17,thinning_30_75,7812,True
33,17,thinning_30_75,7821,True
33,17,thinning_30_75,7822,True
33,17,thinning_30_75,7823,True
33,17,thinning_30_75,7832,True
33,17,thinning_30_75,7833,True
33,17,thinning_30_75,7842,True
33,17,thinning_30_75,7843,True
33,17,thinning_30_75,7932,True
33,17,thinning_30_75,7941,True
33,17,thinning_30_75,7942,True
33,17,thinning_30_75,7943,True
33,17,thinning_30_75,7952,True
33,17,thinning_30_75,7953,True
33,17,thinning_30_75,7961,True
33,17,thinning_30_75,7962,True
33,17,thinning_30_75,7963,True
33,17,thinning_30_75,7972,True
33,17,thinning_30_75,7973,True
33,17,thinning_30_75,7981,True
33,17,thinning_30_75,7982,True
33,17,thinning_30_75,7983,True
33,17,thinning_30_75,8042,True
33,17,thinning_30_75,8052,True
33,17,thinning_30_75,8053,True
33,17,thinning_30_75,8062,True
33,17,thinning_30_75,8063,True
33,17,thinning_30_75,8072,True
33,17,thinning_30_75,8073,True
33,17,thinning_30_75,8081,True
33,17,thinning_30_75,8082,True
33,17,thinning_30_75,8083,True
33,17,thinning_30_75,8132,True
33,17,thinning_30_75,8141,True
33,17,thinning_30_75,8143,True
33,17,thinning_30_75,8151,True
33,17,thinning_30_75,8152,True
33,17,thinning_30_75,8153,True
33,17,thinning_30_75,8161,True
33,17,thinning_30_75,8162,True
33,17,thinning_30_75,8163,True
33,17,thinning_30_75,8171,True
33,17,thinning_30_75,8172,True
33,17,thinning_30_75,8173,True
33,17,thinning_30_75,8181,True
33,17,thinning_30_75,8182,True
33,17,thinning_30_75,8183,True
33,17,thinning_30_75,8191,True
33,17,thinning_30_75,8192,True
33,17,thinning_30_75,8201,True
33,17,thinning_30_75,8202,True
33,17,thinning_30_75,8272,True
33,17,thinning_30_75,8282,True
33,17,thinning_30_75,8283,True
33,17,thinning_30_75,8362,True
33,17,thinning_30_75,8372,True
33,17,thinning_30_75,8373,True
33,17,thinning_30_75,8381,True
33,17,thinning_30_75,8382,True
33,17,thinning_30_75,8383,True
33,17,thinning_30_75,8472,True
33,17,thinning_30_75,8473,True
33,17,thinning_30_75,8481,True
33,17,thinning_30_75,8572,True
33,17,thinning_30_75,8573,True
33,17,thinning_30_75,8581,True
33,17,thinning_30_75,8582,True
33,17,thinning_30_75,8583,True
33,17,thinning_30_75,8651,True
33,17,thinning_30_75,8652,True
33,17,thinning_30_75,8653,True
33,17,thinning_30_75,8661,True
33,17,thinning_30_75,8662,True
33,17,thinning_30_75,8663,True
34,17,thinning_65_90,6112,True
34,17,thinning_65_90,6202,True
34,17,thinning_65_90,6212,True
34,17,thinning_65_90,6213,True
34,17,thinning_65_90,6282,True
34,17,thinning_65_90,6291,True
34,17,thinning_65_90,6292,True
34,17,thinning_65_90,6293,True
34,17,thinning_65_90,6301,True
34,17,thinning_65_90,6302,True
34,17,thinning_65_90,6303,True
34,17,thinning_65_90,6312,True
34,17,thinning_65_90,6313,True
34,17,thinning_65_90,6372,True
34,17,thinning_65_90,6381,True
34,17,thinning_65_90,6382,True
34,17,thinning_65_90,6392,True
34,17,thinning_65_90,6393,True
34,17,thinning_65_90,6432,True
34,17,thinning_65_90,6442,True
34,17,thinning_65_90,6451,True
34,17,thinning_65_90,6452,False
34,17,thinning_65_90,6453,True
34,17,thinning_65_90,6482,True
34,17,thinning_65_90,6492,True
34,17,thinning_65_90,6493,True
34,17,thinning_65_90,6501,True
34,17,thinning_65_90,6502,True
34,17,thinning_65_90,6503,True
34,17,thinning_65_90,6512,True
34,17,thinning_65_90,6513,True
34,17,thinning_65_90,6572,True
34,17,thinning_65_90,6581,True
34,17,thinning_65_90,6582,True
34,17,thinning_65_90,6583,True
34,17,thinning_65_90,6592,True
34,17,thinning_65_90,6593,True
34,17,thinning_65_90,6602,True
34,17,thinning_65_90,6603,True
34,17,thinning_65_90,6612,True
34,17,thinning_65_90,6613,True
34,17,thinning_65_90,6682,True
34,17,thinning_65_90,6692,True
34,17,thinning_65_90,6693,True
34,17,thinning_65_90,6701,True
34,17,thinning_65_90,6702,True
34,17,thinning_65_90,6703,True
34,17,thinning_65_90,6711,True
34,17,thinning_65_90,6712,True
34,17,thinning_65_90,6713,True
34,17,thinning_65_90,6721,True
34,17,thinning_65_90,6722,True
34,17,thinning_65_90,6723,True
34,17,thinning_65_90,6732,True
34,17,thinning_65_90,6733,True
34,17,thinning_65_90,6742,True
34,17,thinning_65_90,6743,True
34,17,thinning_65_90,6751,True
34,17,thinning_65_90,6752,True
34,17,thinning_65_90,6832,True
34,17,thinning_65_90,6841,True
34,17,thinning_65_90,6842,True
34,17,thinning_65_90,6843,True
34,17,thinning_65_90,6852,True
34,17,thinning_65_90,6853,True
34,17,thinning_65_90,6861,True
34,17,thinning_65_90,6862,True
34,17,thinning_65_90,6863,True
34,17,thinning_65_90,6871,True
34,17,thinning_65_90,6872,True
34,17,thinning_65_90,6873,True
34,17,thinning_65_90,6881,True
34,17,thinning_65_90,6882,True
34,17,thinning_65_90,6883,True
34,17,thinning_65_90,6891,True
34,17,thinning_65_90,6892,True
34,17,thinning_65_90,6893,True
34,17,thinning_65_90,6952,True
34,17,thinning_65_90,6961,True
34,17,thinning_65_90,6962,True
34,17,thinning_65_90,6963,True
34,17,thinning_65_90,6972,True
34,17,thinning_65_90,6973,True
34,17,thinning_65_90,7042,True
34,17,thinning_65_90,7051,True
34,17,thinning_65_90,7052,True
34,17,thinning_65_90,7053,True
34,17,thinning_65_90,7061,True
34,17,thinning_65_90,7062,True
34,17,thinning_65_90,7063,True
34,17,thinning_65_90,7071,True
34,17,thinning_65_90,7072,True
34,17,thinning_65_90,7073,True
34,17,thinning_65_90,7152,True
34,17,thinning_65_90,7272,True
34,17,thinning_65_90,7362,True
34,17,thinning_65_90,7372,True
34,17,thinning_65_90,7373,True
34,17,thinning_65_90,7422,True
34,17,thinning_65_90,7431,True
34,17,thinning_65_90,7432,True
34,17,thinning_65_90,7433,True
34,17,thinning_65_90,7442,True
34,17,thinning_65_90,7443,True
34,17,thinning_65_90,7452,True
34,17,thinning_65_90,7453,True
34,17,thinning_65_90,7502,True
34,17,thinning_65_90,7512,True
34,17,thinning_65_90,7513,True
34,17,thinning_65_90,7521,True
34,17,thinning_65_90,7522,True
34,17,thinning_65_90,7523,True
34,17,thinning_65_90,7531,True
34,17,thinning_65_90,7541,True
34,17,thinning_65_90,7542,True
34,17,thinning_65_90,7543,True
34,17,thinning_65_90,7551,True
34,17,thinning_65_90,7552,True
34,17,thinning_65_90,7553,True
34,17,thinning_65_90,7612,True
34,17,thinning_65_90,7621,True
34,17,thinning_65_90,7622,True
34,17,thinning_65_90,7623,True
34,17,thinning_65_90,7631,True
34,17,thinning_65_90,7632,True
34,17,thinning_65_90,7633,True
34,17,thinning_65_90,7662,True
34,17,thinning_65_90,7672,True
34,17,thinning_65_90,7673,True
34,17,thinning_65_90,7712,True
34,17,thinning_65_90,7721,True
34,17,thinning_65_90,7722,True
34,17,thinning_65_90,7723,True
34,17,thinning_65_90,7732,True
34,17,thinning_65_90,7733,True
34,17,thinning_65_90,7812,True
34,17,thinning_65_90,7821,True
34,17,thinning_65_90,7822,True
34,17,thinning_65_90,7823,True
34,17,thinning_65_90,7832,True
34,17,thinning_65_90,7833,True
34,17,thinning_65_90,7842,True
34,17,thinning_65_90,7843,True
34,17,thinning_65_90,7932,True
34,17,thinning_65_90,7941,True
34,17,thinning_65_90,7942,True
34,17,thinning_65_90,7943,True
34,17,thinning_65_90,7952,True
34,17,thinning_65_90,7953,True
34,17,thinning_65_90,7961,True
34,17,thinning_65_90,7962,True
34,17,thinning_65_90,7963,True
34,17,thinning_65_90,7972,True
34,17,thinning_65_90,7973,True
34,17,thinning_65_90,7981,True
34,17,thinning_65_90,7982,True
34,17,thinning_65_90,7983,True
34,17,thinning_65_90,8042,True
34,17,thinning_65_90,8052,True
34,17,thinning_65_90,8053,True
34,17,thinning_65_90,8062,True
34,17,thinning_65_90,8063,True
34,17,thinning_65_90,8072,True
34,17,thinning_65_90,8073,True
34,17,thinning_65_90,8081,True
34,17,thinning_65_90,8082,True
34,17,thinning_65_90,8083,True
34,17,thinning_65_90,8132,True
34,17,thinning_65_90,8141,True
34,17,thinning_65_90,8143,True
34,17,thinning_65_90,8151,True
34,17,thinning_65_90,8152,True
34,17,thinning_65_90,8153,True
34,17,thinning_65_90,8161,True
34,17,thinning_65_90,8162,True
34,17,thinning_65_90,8163,True
34,17,thinning_65_90,8171,True
34,17,thinning_65_90,8172,True
34,17,thinning_65_90,8173,True
34,17,thinning_65_90,8181,True
34,17,thinning_65_90,8182,True
34,17,thinning_65_90,8183,True
34,17,thinning_65_90,8191,True
34,17,thinning_65_90,8192,True
34,17,thinning_65_90,8201,True
34,17,thinning_65_90,8202,True
34,17,thinning_65_90,8272,True
34,17,thinning_65_90,8282,True
34,17,thinning_65_90,8283,True
34,17,thinning_65_90,8362,True
34,17,thinning_65_90,8372,True
34,17,thinning_65_90,8373,True
34,17,thinning_65_90,8381,True
34,17,thinning_65_90,8382,True
34,17,thinning_65_90,8383,True
34,17,thinning_65_90,8472,True
34,17,thinning_65_90,8473,True
34,17,thinning_65_90,8481,True
34,17,thinning_65_90,8572,True
34,17,thinning_65_90,8573,True
34,17,thinning_65_90,8581,True
34,17,thinning_65_90,8582,True
34,17,thinning_65_90,8583,True
34,17,thinning_65_90,8651,True
34,17,thinning_65_90,8652,True
34,17,thinning_65_90,8653,True
34,17,thinning_65_90,8661,True
34,17,thinning_65_90,8662,True
34,17,thinning_65_90,8663,True
35,18,thinning_30_75,6203,True
35,18,thinning_30_75,6283,True
35,18,thinning_30_75,6361,True
35,18,thinning_30_75,6362,True
35,18,thinning_30_75,6363,True
35,18,thinning_30_75,6373,True
35,18,thinning_30_75,6421,True
35,18,thinning_30_75,6422,True
35,18,thinning_30_75,6423,True
35,18,thinning_30_75,6433,True
35,18,thinning_30_75,6483,True
35,18,thinning_30_75,6562,True
35,18,thinning_30_75,6563,True
35,18,thinning_30_75,6573,True
35,18,thinning_30_75,6661,True
35,18,thinning_30_75,6662,True
35,18,thinning_30_75,6663,True
35,18,thinning_30_75,6672,True
35,18,thinning_30_75,6673,True
35,18,thinning_30_75,6683,True
35,18,thinning_30_75,6801,True
35,18,thinning_30_75,6802,True
35,18,thinning_30_75,6803,True
35,18,thinning_30_75,6811,True
35,18,thinning_30_75,6812,True
35,18,thinning_30_75,6821,True
35,18,thinning_30_75,6822,True
35,18,thinning_30_75,6823,True
35,18,thinning_30_75,6833,True
35,18,thinning_30_75,6942,True
35,18,thinning_30_75,6943,True
35,18,thinning_30_75,7021,True
35,18,thinning_30_75,7022,True
35,18,thinning_30_75,7023,True
35,18,thinning_30_75,7031,True
35,18,thinning_30_75,7032,True
35,18,thinning_30_75,7043,True
35,18,thinning_30_75,7142,True
35,18,thinning_30_75,7143,True
35,18,thinning_30_75,7153,True
35,18,thinning_30_75,7241,True
35,18,thinning_30_75,7242,True
35,18,thinning_30_75,7243,True
35,18,thinning_30_75,7252,True
35,18,thinning_30_75,7253,False
35,18,thinning_30_75,7261,True
35,18,thinning_30_75,7262,True
35,18,thinning_30_75,7263,True
35,18,thinning_30_75,7273,True
35,18,thinning_30_75,7342,True
35,18,thinning_30_75,7343,True
35,18,thinning_30_75,7351,True
35,18,thinning_30_75,7352,True
35,18,thinning_30_75,7353,True
35,18,thinning_30_75,7363,True
35,18,thinning_30_75,7401,True
35,18,thinning_30_75,7402,True
35,18,thinning_30_75,7403,True
35,18,thinning_30_75,7411,True
35,18,thinning_30_75,7412,True
35,18,thinning_30_75,7413,True
35,18,thinning_30_75,7423,False
35,18,thinning_30_75,7503,True
35,18,thinning_30_75,7601,True
35,18,thinning_30_75,7602,True
35,18,thinning_30_75,7603,True
35,18,thinning_30_75,7613,True
35,18,thinning_30_75,7663,True
35,18,thinning_30_75,7702,True
35,18,thinning_30_75,7703,True
35,18,thinning_30_75,7713,True
35,18,thinning_30_75,7782,True
35,18,thinning_30_75,7783,True
35,18,thinning_30_75,7791,True
35,18,thinning_30_75,7792,True
35,18,thinning_30_75,7793,True
35,18,thinning_30_75,7802,True
35,18,thinning_30_75,7803,True
35,18,thinning_30_75,7813,True
35,18,thinning_30_75,7892,True
35,18,thinning_30_75,7893,True
35,18,thinning_30_75,7902,True
35,18,thinning_30_75,7903,True
35,18,thinning_30_75,7911,True
35,18,thinning_30_75,7912,True
35,18,thinning_30_75,7913,True
35,18,thinning_30_75,7921,True
35,18,thinning_30_75,7922,True
35,18,thinning_30_75,7923,True
35,18,thinning_30_75,7933,True
35,18,thinning_30_75,7991,True
35,18,thinning_30_75,8002,True
35,18,thinning_30_75,8003,True
35,18,thinning_30_75,8011,True
35,18,thinning_30_75,8012,True
35,18,thinning_30_75,8013,True
35,18,thinning_30_75,8021,True
35,18,thinning_30_75,8022,True
35,18,thinning_30_75,8023,True
35,18,thinning_30_75,8032,True
35,18,thinning_30_75,8033,True
35,18,thinning_30_75,8043,True
35,18,thinning_30_75,8092,True
35,18,thinning_30_75,8093,True
35,18,thinning_30_75,8102,True
35,18,thinning_30_75,8103,True
35,18,thinning_30_75,8112,True
35,18,thinning_30_75,8113,True
35,18,thinning_30_75,8121,True
35,18,thinning_30_75,8122,True
35,18,thinning_30_75,8133,True
35,18,thinning_30_75,8211,True
35,18,thinning_30_75,8212,True
35,18,thinning_30_75,8213,True
35,18,thinning_30_75,8222,True
35,18,thinning_30_75,8223,True
35,18,thinning_30_75,8232,True
35,18,thinning_30_75,8233,True
35,18,thinning_30_75,8242,True
35,18,thinning_30_75,8243,True
35,18,thinning_30_75,8251,True
35,18,thinning_30_75,8261,True
35,18,thinning_30_75,8262,True
35,18,thinning_30_75,8263,True
35,18,thinning_30_75,8273,True
35,18,thinning_30_75,8291,True
35,18,thinning_30_75,8292,True
35,18,thinning_30_75,8293,True
35,18,thinning_30_75,8311,True
35,18,thinning_30_75,8313,True
35,18,thinning_30_75,8322,True
35,18,thinning_30_75,8332,True
35,18,thinning_30_75,8333,True
35,18,thinning_30_75,8341,True
35,18,thinning_30_75,8342,True
35,18,thinning_30_75,8343,True
35,18,thinning_30_75,8351,True
35,18,thinning_30_75,8352,True
35,18,thinning_30_75,8363,True
35,18,thinning_30_75,8391,True
35,18,thinning_30_75,8392,True
35,18,thinning_30_75,8393,True
35,18,thinning_30_75,8401,True
35,18,thinning_30_75,8402,True
35,18,thinning_30_75,8403,True
35,18,thinning_30_75,8411,True
35,18,thinning_30_75,8412,True
35,18,thinning_30_75,8413,True
35,18,thinning_30_75,8422,True
35,18,thinning_30_75,8423,True
35,18,thinning_30_75,8432,True
35,18,thinning_30_75,8433,True
35,18,thinning_30_75,8441,True
35,18,thinning_30_75,8442,True
35,18,thinning_30_75,8443,True
35,18,thinning_30_75,8491,True
35,18,thinning_30_75,8492,True
35,18,thinning_30_75,8493,True
35,18,thinning_30_75,8501,True
35,18,thinning_30_75,8502,True
35,18,thinning_30_75,8503,True
35,18,thinning_30_75,8511,True
35,18,thinning_30_75,8512,True
35,18,thinning_30_75,8513,True
35,18,thinning_30_75,8521,True
35,18,thinning_30_75,8522,True
35,18,thinning_30_75,8523,True
36,18,thinning_65_90,6203,True
36,18,thinning_65_90,6283,True
36,18,thinning_65_90,6361,True
36,18,thinning_65_90,6362,True
36,18,thinning_65_90,6363,True
36,18,thinning_65_90,6373,True
36,18,thinning_65_90,6421,True
36,18,thinning_65_90,6422,True
36,18,thinning_65_90,6423,True
36,18,thinning_65_90,6433,True
36,18,thinning_65_90,6483,True
36,18,thinning_65_90,6562,True
36,18,thinning_65_90,6563,True
36,18,thinning_65_90,6573,True
36,18,thinning_65_90,6661,True
36,18,thinning_65_90,6662,True
36,18,thinning_65_90,6663,True
36,18,thinning_65_90,6672,True
36,18,thinning_65_90,6673,True
36,18,thinning_65_90,6683,True
36,18,thinning_65_90,6801,True
36,18,thinning_65_90,6802,True
36,18,thinning_65_90,6803,True
36,18,thinning_65_90,6811,True
36,18,thinning_65_90,6812,True
36,18,thinning_65_90,6821,True
36,18,thinning_65_90,6822,True
36,18,thinning_65_90,6823,True
36,18,thinning_65_90,6833,True
36,18,thinning_65_90,6942,True
36,18,thinning_65_90,6943,True
36,18,thinning_65_90,7021,True
36,18,thinning_65_90,7022,True
36,18,thinning_65_90,7023,True
36,18,thinning_65_90,7031,True
36,18,thinning_65_90,7032,True
36,18,thinning_65_90,7043,True
36,18,thinning_65_90,7142,True
36,18,thinning_65_90,7143,True
36,18,thinning_65_90,7153,True
36,18,thinning_65_90,7241,True
36,18,thinning_65_90,7242,True
36,18,thinning_65_90,7243,True
36,18,thinning_65_90,7252,True
36,18,thinning_65_90,7253,False
36,18,thinning_65_90,7261,True
36,18,thinning_65_90,7262,True
36,18,thinning_65_90,7263,True
36,18,thinning_65_90,7273,True
36,18,thinning_65_90,7342,True
36,18,thinning_65_90,7343,True
36,18,thinning_65_90,7351,True
36,18,thinning_65_90,7352,True
36,18,thinning_65_90,7353,True
36,18,thinning_65_90,7363,True
36,18,thinning_65_90,7401,True
36,18,thinning_65_90,7402,True
36,18,thinning_65_90,7403,True
36,18,thinning_65_90,7411,True
36,18,thinning_65_90,7412,True
36,18,thinning_65_90,7413,True
36,18,thinning_65_90,7423,False
36,18,thinning_65_90,7503,True
36,18,thinning_65_90,7601,True
36,18,thinning_65_90,7602,True
36,18,thinning_65_90,7603,True
36,18,thinning_65_90,7613,True
36,18,thinning_65_90,7663,True
36,18,thinning_65_90,7702,True
36,18,thinning_65_90,7703,True
36,18,thinning_65_90,7713,True
36,18,thinning_65_90,7782,True
36,18,thinning_65_90,7783,True
36,18,thinning_65_90,7791,True
36,18,thinning_65_90,7792,True
36,18,thinning_65_90,7793,True
36,18,thinning_65_90,7802,True
36,18,thinning_65_90,7803,True
36,18,thinning_65_90,7813,True
36,18,thinning_65_90,7892,True
36,18,thinning_65_90,7893,True
36,18,thinning_65_90,7902,True
36,18,thinning_65_90,7903,True
36,18,thinning_65_90,7911,True
36,18,thinning_65_90,7912,True
36,18,thinning_65_90,7913,True
36,18,thinning_65_90,7921,True
36,18,thinning_65_90,7922,True
36,18,thinning_65_90,7923,True
36,18,thinning_65_90,7933,True
36,18,thinning_65_90,7991,True
36,18,thinning_65_90,8002,True
36,18,thinning_65_90,8003,True
36,18,thinning_65_90,8011,True
36,18,thinning_65_90,8012,True
36,18,thinning_65_90,8013,True
36,18,thinning_65_90,8021,True
36,18,thinning_65_90,8022,True
36,18,thinning_65_90,8023,True
36,18,thinning_65_90,8032,True
36,18,thinning_65_90,8033,True
36,18,thinning_65_90,8043,True
36,18,thinning_65_90,8092,True
36,18,thinning_65_90,8093,True
36,18,thinning_65_90,8102,True
36,18,thinning_65_90,8103,True
36,18,thinning_65_90,8112,True
36,18,thinning_65_90,8113,True
36,18,thinning_65_90,8121,True
36,18,thinning_65_90,8122,True
36,18,thinning_65_90,8133,True
36,18,thinning_65_90,8211,True
36,18,thinning_65_90,8212,True
36,18,thinning_65_90,8213,True
36,18,thinning_65_90,8222,True
36,18,thinning_65_90,8223,True
36,18,thinning_65_90,8232,True
36,18,thinning_65_90,8233,True
36,18,thinning_65_90,8242,True
36,18,thinning_65_90,8243,True
36,18,thinning_65_90,8251,True
36,18,thinning_65_90,8261,True
36,18,thinning_65_90,8262,True
36,18,thinning_65_90,8263,True
36,18,thinning_65_90,8273,True
36,18,thinning_65_90,8291,True
36,18,thinning_65_90,8292,True
36,18,thinning_65_90,8293,True
36,18,thinning_65_90,8311,True
36,18,thinning_65_90,8313,True
36,18,thinning_65_90,8322,True
36,18,thinning_65_90,8332,True
36,18,thinning_65_90,8333,True
36,18,thinning_65_90,8341,True
36,18,thinning_65_90,8342,True
36,18,thinning_65_90,8343,True
36,18,thinning_65_90,8351,True
36,18,thinning_65_90,8352,True
36,18,thinning_65_90,8363,True
36,18,thinning_65_90,8391,True
36,18,thinning_65_90,8392,True
36,18,thinning_65_90,8393,True
36,18,thinning_65_90,8401,True
36,18,thinning_65_90,8402,True
36,18,thinning_65_90,8403,True
36,18,thinning_65_90,8411,True
36,18,thinning_65_90,8412,True
36,18,thinning_65_90,8413,True
36,18,thinning_65_90,8422,True
36,18,thinning_65_90,8423,True
36,18,thinning_65_90,8432,True
36,18,thinning_65_90,8433,True
36,18,thinning_65_90,8441,True
36,18,thinning_65_90,8442,True
36,18,thinning_65_90,8443,True
36,18,thinning_65_90,8491,True
36,18,thinning_65_90,8492,True
36,18,thinning_65_90,8493,True
36,18,thinning_65_90,8501,True
36,18,thinning_65_90,8502,True
36,18,thinning_65_90,8503,True
36,18,thinning_65_90,8511,True
36,18,thinning_65_90,8512,True
36,18,thinning_65_90,8513,True
36,18,thinning_65_90,8521,True
36,18,thinning_65_90,8522,True
36,18,thinning_65_90,8523,True
