site,seed,period,month,precip_mm,tmax_c,tmin_c,td_c,prism_p_mm,prism_tmin_c,prism_tmax_c,prism_tdmean_c
hand-to-mouth-drought-h27,1001,full,1,98.77111111111111,19.656129032258065,9.522939068100358,2.2734767025089604,110.42,9.6,19.6,3.7
hand-to-mouth-drought-h27,1001,full,2,122.18222222222222,19.500864779874213,8.929481132075471,4.115644654088051,120.18,9.0,19.6,4.5
hand-to-mouth-drought-h27,1001,full,3,76.22222222222223,20.88681003584229,9.551397849462367,5.952401433691756,74.79,9.5,20.9,6.2
hand-to-mouth-drought-h27,1001,full,4,27.702222222222222,21.834222222222223,10.188666666666668,6.927481481481482,27.54,10.3,22.0,7.0
hand-to-mouth-drought-h27,1001,full,5,9.18,23.41784946236559,11.953906810035843,10.137562724014337,13.05,12.0,23.3,9.8
hand-to-mouth-drought-h27,1001,full,6,2.0155555555555558,25.283111111111108,13.601851851851851,12.368666666666668,2.61,13.7,25.4,12.2
hand-to-mouth-drought-h27,1001,full,7,1.0177777777777777,29.146810035842297,15.852186379928314,14.115483870967742,1.38,15.9,29.2,13.6
hand-to-mouth-drought-h27,1001,full,8,2.3800000000000003,30.27820788530466,16.34258064516129,14.030465949820789,0.29,16.5,30.5,13.6
hand-to-mouth-drought-h27,1001,full,9,3.38,29.930148148148145,16.16837037037037,12.705259259259257,2.37,16.2,30.0,12.6
hand-to-mouth-drought-h27,1001,full,10,15.502222222222223,26.542078853046593,14.177777777777777,8.924014336917562,17.16,14.3,26.6,9.5
hand-to-mouth-drought-h27,1001,full,11,33.66444444444445,23.107703703703706,11.652444444444443,4.8369629629629625,27.85,11.6,23.1,5.2
hand-to-mouth-drought-h27,1001,full,12,77.61333333333333,19.39605734767025,9.39089605734767,1.9225089605734769,77.02,9.4,19.4,2.7
hand-to-mouth-drought-h27,1001,assessment,1,133.55714285714288,19.437327188940092,9.270506912442396,2.13963133640553,110.42,9.6,19.6,3.7
hand-to-mouth-drought-h27,1001,assessment,2,164.88571428571427,19.5510101010101,8.765151515151516,4.0762626262626265,120.18,9.0,19.6,4.5
hand-to-mouth-drought-h27,1001,assessment,3,85.2,20.62488479262673,9.54147465437788,5.849769585253457,74.79,9.5,20.9,6.2
hand-to-mouth-drought-h27,1001,assessment,4,41.228571428571435,21.953333333333333,10.376666666666667,6.928571428571429,27.54,10.3,22.0,7.0
hand-to-mouth-drought-h27,1001,assessment,5,10.1,23.04101382488479,11.570506912442397,10.04884792626728,13.05,12.0,23.3,9.8
hand-to-mouth-drought-h27,1001,assessment,6,3.6142857142857143,25.654761904761905,13.934285714285714,12.695238095238095,2.61,13.7,25.4,12.2
hand-to-mouth-drought-h27,1001,assessment,7,0.9428571428571428,29.4705069124424,15.806912442396312,14.016129032258064,1.38,15.9,29.2,13.6
hand-to-mouth-drought-h27,1001,assessment,8,1.9857142857142858,30.430875576036865,16.32073732718894,14.094009216589862,0.29,16.5,30.5,13.6
hand-to-mouth-drought-h27,1001,assessment,9,0.7714285714285715,29.834285714285713,15.991904761904763,12.591904761904763,2.37,16.2,30.0,12.6
hand-to-mouth-drought-h27,1001,assessment,10,15.014285714285714,26.694009216589862,14.077880184331798,8.805069124423964,17.16,14.3,26.6,9.5
hand-to-mouth-drought-h27,1001,assessment,11,37.77142857142858,23.12333333333333,11.568095238095239,4.792857142857143,27.85,11.6,23.1,5.2
hand-to-mouth-drought-h27,1001,assessment,12,76.25714285714285,19.400921658986174,9.406451612903226,1.7571428571428571,77.02,9.4,19.4,2.7
hand-to-mouth-drought-h27,1002,full,1,124.40444444444444,19.721146953405018,9.608817204301074,2.327598566308244,110.42,9.6,19.6,3.7
hand-to-mouth-drought-h27,1002,full,2,125.81333333333335,19.45880503144654,8.916588050314465,4.0444182389937104,120.18,9.0,19.6,4.5
hand-to-mouth-drought-h27,1002,full,3,78.84,20.98236559139785,9.477777777777778,5.8637275985663075,74.79,9.5,20.9,6.2
hand-to-mouth-drought-h27,1002,full,4,35.82222222222222,21.835407407407406,10.172370370370372,6.99162962962963,27.54,10.3,22.0,7.0
hand-to-mouth-drought-h27,1002,full,5,9.826666666666666,23.410537634408602,11.916057347670252,10.10179211469534,13.05,12.0,23.3,9.8
hand-to-mouth-drought-h27,1002,full,6,1.88,25.232444444444447,13.548962962962962,12.126888888888889,2.61,13.7,25.4,12.2
hand-to-mouth-drought-h27,1002,full,7,1.1466666666666667,29.09161290322581,15.82652329749104,14.10974910394265,1.38,15.9,29.2,13.6
hand-to-mouth-drought-h27,1002,full,8,0.5022222222222222,30.352974910394266,16.353405017921148,14.072258064516129,0.29,16.5,30.5,13.6
hand-to-mouth-drought-h27,1002,full,9,1.551111111111111,29.910074074074075,16.21948148148148,12.801037037037037,2.37,16.2,30.0,12.6
hand-to-mouth-drought-h27,1002,full,10,14.497777777777777,26.5631541218638,14.21068100358423,8.97584229390681,17.16,14.3,26.6,9.5
hand-to-mouth-drought-h27,1002,full,11,25.257777777777775,23.094592592592594,11.634296296296295,4.743185185185185,27.85,11.6,23.1,5.2
hand-to-mouth-drought-h27,1002,full,12,85.5111111111111,19.4073835125448,9.404516129032258,1.9344802867383513,77.02,9.4,19.4,2.7
hand-to-mouth-drought-h27,1002,assessment,1,142.2,19.58294930875576,9.30967741935484,1.8216589861751153,110.42,9.6,19.6,3.7
hand-to-mouth-drought-h27,1002,assessment,2,142.0857142857143,19.445959595959597,9.083838383838383,4.172727272727273,120.18,9.0,19.6,4.5
hand-to-mouth-drought-h27,1002,assessment,3,64.72857142857143,21.208294930875574,9.275115207373272,5.746543778801843,74.79,9.5,20.9,6.2
hand-to-mouth-drought-h27,1002,assessment,4,36.457142857142856,21.948095238095238,10.032380952380953,7.064761904761904,27.54,10.3,22.0,7.0
hand-to-mouth-drought-h27,1002,assessment,5,11.057142857142855,23.707373271889402,11.909216589861751,9.977880184331797,13.05,12.0,23.3,9.8
hand-to-mouth-drought-h27,1002,assessment,6,1.3571428571428572,24.952380952380953,13.371904761904762,11.715714285714286,2.61,13.7,25.4,12.2
hand-to-mouth-drought-h27,1002,assessment,7,0.0,29.68294930875576,16.100460829493088,14.453456221198158,1.38,15.9,29.2,13.6
hand-to-mouth-drought-h27,1002,assessment,8,0.4,30.235944700460827,16.210599078341012,14.069585253456221,0.29,16.5,30.5,13.6
hand-to-mouth-drought-h27,1002,assessment,9,0.08571428571428572,29.551428571428573,16.066666666666666,12.922857142857143,2.37,16.2,30.0,12.6
hand-to-mouth-drought-h27,1002,assessment,10,12.857142857142858,27.194930875576038,14.488479262672811,9.219354838709677,17.16,14.3,26.6,9.5
hand-to-mouth-drought-h27,1002,assessment,11,35.542857142857144,23.093809523809522,11.631428571428572,4.701428571428571,27.85,11.6,23.1,5.2
hand-to-mouth-drought-h27,1002,assessment,12,99.25714285714285,19.399078341013826,9.21889400921659,1.6732718894009218,77.02,9.4,19.4,2.7
hand-to-mouth-drought-h27,1003,full,1,113.34444444444445,19.699139784946237,9.666379928315413,2.4063799283154124,110.42,9.6,19.6,3.7
hand-to-mouth-drought-h27,1003,full,2,120.1711111111111,19.586006289308177,8.912106918238994,4.091273584905661,120.18,9.0,19.6,4.5
hand-to-mouth-drought-h27,1003,full,3,72.24,20.954480286738352,9.473046594982078,5.954265232974911,74.79,9.5,20.9,6.2
hand-to-mouth-drought-h27,1003,full,4,28.41333333333333,21.96911111111111,10.225111111111111,6.955259259259259,27.54,10.3,22.0,7.0
hand-to-mouth-drought-h27,1003,full,5,14.568888888888889,23.382867383512544,11.941720430107527,10.098924731182796,13.05,12.0,23.3,9.8
hand-to-mouth-drought-h27,1003,full,6,1.231111111111111,25.263333333333332,13.573851851851853,12.243555555555554,2.61,13.7,25.4,12.2
hand-to-mouth-drought-h27,1003,full,7,0.9933333333333334,29.120931899641576,15.87326164874552,14.134408602150538,1.38,15.9,29.2,13.6
hand-to-mouth-drought-h27,1003,full,8,1.3555555555555556,30.315555555555555,16.43146953405018,14.149677419354838,0.29,16.5,30.5,13.6
hand-to-mouth-drought-h27,1003,full,9,4.184444444444445,30.035703703703703,16.208148148148148,12.821037037037039,2.37,16.2,30.0,12.6
hand-to-mouth-drought-h27,1003,full,10,17.302222222222223,26.5858064516129,14.19820788530466,8.94731182795699,17.16,14.3,26.6,9.5
hand-to-mouth-drought-h27,1003,full,11,28.03777777777778,23.193037037037037,11.701481481481482,4.946222222222222,27.85,11.6,23.1,5.2
hand-to-mouth-drought-h27,1003,full,12,74.06222222222222,19.475268817204302,9.437706093189965,1.9809318996415772,77.02,9.4,19.4,2.7
hand-to-mouth-drought-h27,1003,assessment,1,141.0285714285714,19.708755760368664,9.846082949308755,2.53963133640553,110.42,9.6,19.6,3.7
hand-to-mouth-drought-h27,1003,assessment,2,187.04285714285714,19.794444444444444,9.120707070707072,4.275252525252525,120.18,9.0,19.6,4.5
hand-to-mouth-drought-h27,1003,assessment,3,44.857142857142854,21.455760368663594,9.591244239631337,6.201382488479263,74.79,9.5,20.9,6.2
hand-to-mouth-drought-h27,1003,assessment,4,25.214285714285715,21.802857142857146,9.894285714285715,6.5304761904761905,27.54,10.3,22.0,7.0
hand-to-mouth-drought-h27,1003,assessment,5,8.414285714285715,23.37603686635945,11.941474654377881,10.076497695852535,13.05,12.0,23.3,9.8
hand-to-mouth-drought-h27,1003,assessment,6,0.9857142857142857,24.96714285714286,13.588095238095239,12.006190476190477,2.61,13.7,25.4,12.2
hand-to-mouth-drought-h27,1003,assessment,7,1.5714285714285714,29.58341013824885,15.910138248847927,14.165437788018433,1.38,15.9,29.2,13.6
hand-to-mouth-drought-h27,1003,assessment,8,0.7714285714285714,30.421658986175114,16.46036866359447,14.393087557603687,0.29,16.5,30.5,13.6
hand-to-mouth-drought-h27,1003,assessment,9,3.6999999999999997,30.25,16.397142857142857,13.226190476190476,2.37,16.2,30.0,12.6
hand-to-mouth-drought-h27,1003,assessment,10,14.757142857142856,26.735483870967744,14.342857142857143,9.015668202764978,17.16,14.3,26.6,9.5
hand-to-mouth-drought-h27,1003,assessment,11,39.31428571428571,23.35857142857143,11.955714285714285,5.372857142857143,27.85,11.6,23.1,5.2
hand-to-mouth-drought-h27,1003,assessment,12,73.11428571428571,20.02626728110599,9.545161290322582,2.0705069124423963,77.02,9.4,19.4,2.7
hand-to-mouth-drought-h27,1004,full,1,107.46,19.70143369175627,9.54,2.243154121863799,110.42,9.6,19.6,3.7
hand-to-mouth-drought-h27,1004,full,2,114.35333333333334,19.545125786163524,8.965172955974843,4.0897798742138365,120.18,9.0,19.6,4.5
hand-to-mouth-drought-h27,1004,full,3,82.99333333333333,20.95641577060932,9.517275985663083,5.889749103942653,74.79,9.5,20.9,6.2
hand-to-mouth-drought-h27,1004,full,4,28.27111111111111,21.812814814814814,10.146518518518517,6.822592592592593,27.54,10.3,22.0,7.0
hand-to-mouth-drought-h27,1004,full,5,11.877777777777778,23.428817204301076,11.988888888888889,10.15068100358423,13.05,12.0,23.3,9.8
hand-to-mouth-drought-h27,1004,full,6,1.788888888888889,25.318814814814814,13.55874074074074,12.293407407407406,2.61,13.7,25.4,12.2
hand-to-mouth-drought-h27,1004,full,7,1.0222222222222221,29.12910394265233,15.820215053763441,14.065806451612902,1.38,15.9,29.2,13.6
hand-to-mouth-drought-h27,1004,full,8,2.037777777777778,30.36501792114695,16.38136200716846,14.105806451612903,0.29,16.5,30.5,13.6
hand-to-mouth-drought-h27,1004,full,9,2.6177777777777775,30.044148148148146,16.153555555555556,12.66214814814815,2.37,16.2,30.0,12.6
hand-to-mouth-drought-h27,1004,full,10,14.646666666666667,26.437132616487457,14.162508960573478,8.955125448028674,17.16,14.3,26.6,9.5
hand-to-mouth-drought-h27,1004,full,11,29.520000000000003,23.142296296296294,11.70037037037037,4.90437037037037,27.85,11.6,23.1,5.2
hand-to-mouth-drought-h27,1004,full,12,88.02222222222223,19.4721146953405,9.410250896057347,1.9810752688172042,77.02,9.4,19.4,2.7
hand-to-mouth-drought-h27,1004,assessment,1,125.89999999999999,19.4705069124424,9.237327188940093,1.9949308755760367,110.42,9.6,19.6,3.7
hand-to-mouth-drought-h27,1004,assessment,2,111.74285714285715,19.25,8.922727272727274,4.257070707070707,120.18,9.0,19.6,4.5
hand-to-mouth-drought-h27,1004,assessment,3,47.471428571428575,21.00967741935484,9.629032258064516,5.96221198156682,74.79,9.5,20.9,6.2
hand-to-mouth-drought-h27,1004,assessment,4,19.985714285714288,21.66952380952381,10.233809523809523,6.890476190476191,27.54,10.3,22.0,7.0
hand-to-mouth-drought-h27,1004,assessment,5,16.242857142857144,23.694009216589862,12.06405529953917,10.415207373271889,13.05,12.0,23.3,9.8
hand-to-mouth-drought-h27,1004,assessment,6,0.7285714285714285,25.016666666666666,13.477142857142857,11.99904761904762,2.61,13.7,25.4,12.2
hand-to-mouth-drought-h27,1004,assessment,7,1.6857142857142857,29.149769585253456,15.83778801843318,14.041935483870967,1.38,15.9,29.2,13.6
hand-to-mouth-drought-h27,1004,assessment,8,2.3285714285714287,30.35483870967742,16.34562211981567,14.05483870967742,0.29,16.5,30.5,13.6
hand-to-mouth-drought-h27,1004,assessment,9,2.8285714285714287,30.017619047619046,15.691904761904762,12.03190476190476,2.37,16.2,30.0,12.6
hand-to-mouth-drought-h27,1004,assessment,10,7.085714285714286,26.420276497695852,13.684792626728111,8.592626728110599,17.16,14.3,26.6,9.5
hand-to-mouth-drought-h27,1004,assessment,11,23.87142857142857,22.99904761904762,11.621428571428572,4.803809523809524,27.85,11.6,23.1,5.2
hand-to-mouth-drought-h27,1004,assessment,12,70.81428571428572,19.540552995391707,9.427649769585253,1.8695852534562212,77.02,9.4,19.4,2.7
hand-to-mouth-drought-h27,1005,full,1,116.77333333333334,19.668817204301074,9.531541218637992,2.2314695340501793,110.42,9.6,19.6,3.7
hand-to-mouth-drought-h27,1005,full,2,134.30444444444444,19.55998427672956,8.89748427672956,4.030738993710692,120.18,9.0,19.6,4.5
hand-to-mouth-drought-h27,1005,full,3,84.30888888888889,20.910537634408602,9.532616487455197,6.00774193548387,74.79,9.5,20.9,6.2
hand-to-mouth-drought-h27,1005,full,4,25.273333333333333,21.99066666666667,10.223555555555555,6.916222222222222,27.54,10.3,22.0,7.0
hand-to-mouth-drought-h27,1005,full,5,10.151111111111112,23.48673835125448,11.955412186379927,10.08358422939068,13.05,12.0,23.3,9.8
hand-to-mouth-drought-h27,1005,full,6,3.2666666666666666,25.36103703703704,13.574814814814815,12.336444444444444,2.61,13.7,25.4,12.2
hand-to-mouth-drought-h27,1005,full,7,1.3066666666666666,29.03548387096774,15.843870967741935,14.048028673835125,1.38,15.9,29.2,13.6
hand-to-mouth-drought-h27,1005,full,8,1.3866666666666667,30.29741935483871,16.37010752688172,14.063870967741934,0.29,16.5,30.5,13.6
hand-to-mouth-drought-h27,1005,full,9,2.5688888888888886,29.97896296296296,16.18725925925926,12.759333333333332,2.37,16.2,30.0,12.6
hand-to-mouth-drought-h27,1005,full,10,16.84,26.41032258064516,14.145591397849461,8.901935483870968,17.16,14.3,26.6,9.5
hand-to-mouth-drought-h27,1005,full,11,29.255555555555556,23.201925925925924,11.694148148148148,4.897407407407408,27.85,11.6,23.1,5.2
hand-to-mouth-drought-h27,1005,full,12,84.13555555555556,19.47899641577061,9.447096774193549,2.0394982078853046,77.02,9.4,19.4,2.7
hand-to-mouth-drought-h27,1005,assessment,1,105.51428571428572,19.339631336405528,9.430875576036867,2.0202764976958525,110.42,9.6,19.6,3.7
hand-to-mouth-drought-h27,1005,assessment,2,143.34285714285713,19.52121212121212,8.734848484848484,3.8025252525252524,120.18,9.0,19.6,4.5
hand-to-mouth-drought-h27,1005,assessment,3,78.24285714285713,20.977880184331795,9.410599078341013,5.811059907834101,74.79,9.5,20.9,6.2
hand-to-mouth-drought-h27,1005,assessment,4,14.614285714285714,22.528095238095236,10.414761904761905,7.160952380952381,27.54,10.3,22.0,7.0
hand-to-mouth-drought-h27,1005,assessment,5,7.442857142857143,23.545622119815665,11.941935483870969,9.748387096774193,13.05,12.0,23.3,9.8
hand-to-mouth-drought-h27,1005,assessment,6,4.171428571428572,25.397142857142857,13.58,12.355238095238095,2.61,13.7,25.4,12.2
hand-to-mouth-drought-h27,1005,assessment,7,1.2857142857142858,29.03778801843318,15.785714285714286,14.022119815668203,1.38,15.9,29.2,13.6
hand-to-mouth-drought-h27,1005,assessment,8,0.04285714285714286,30.466820276497696,16.5258064516129,14.255760368663594,0.29,16.5,30.5,13.6
hand-to-mouth-drought-h27,1005,assessment,9,1.6428571428571428,30.267619047619046,16.15857142857143,12.530476190476191,2.37,16.2,30.0,12.6
hand-to-mouth-drought-h27,1005,assessment,10,20.685714285714287,26.330414746543777,13.97188940092166,8.66405529953917,17.16,14.3,26.6,9.5
hand-to-mouth-drought-h27,1005,assessment,11,10.385714285714286,23.521428571428572,11.754761904761905,5.030952380952381,27.85,11.6,23.1,5.2
hand-to-mouth-drought-h27,1005,assessment,12,41.45714285714286,19.117511520737327,9.102764976958525,1.651152073732719,77.02,9.4,19.4,2.7
hand-to-mouth-drought-h27,1006,full,1,113.40666666666667,19.59469534050179,9.567813620071686,2.2667383512544803,110.42,9.6,19.6,3.7
hand-to-mouth-drought-h27,1006,full,2,98.39555555555556,19.650314465408805,9.006210691823899,4.1342767295597485,120.18,9.0,19.6,4.5
hand-to-mouth-drought-h27,1006,full,3,73.39555555555556,20.976272401433693,9.56709677419355,5.955483870967742,74.79,9.5,20.9,6.2
hand-to-mouth-drought-h27,1006,full,4,30.788888888888888,21.78088888888889,10.172814814814814,6.877407407407407,27.54,10.3,22.0,7.0
hand-to-mouth-drought-h27,1006,full,5,11.195555555555556,23.420573476702508,11.89225806451613,10.144014336917563,13.05,12.0,23.3,9.8
hand-to-mouth-drought-h27,1006,full,6,2.1066666666666665,25.289777777777775,13.490518518518519,12.246592592592593,2.61,13.7,25.4,12.2
hand-to-mouth-drought-h27,1006,full,7,0.6,29.114408602150537,15.81132616487455,14.045663082437276,1.38,15.9,29.2,13.6
hand-to-mouth-drought-h27,1006,full,8,1.9199999999999997,30.287025089605734,16.34136200716846,14.077706093189965,0.29,16.5,30.5,13.6
hand-to-mouth-drought-h27,1006,full,9,2.2600000000000002,30.027925925925924,16.20362962962963,12.784740740740741,2.37,16.2,30.0,12.6
hand-to-mouth-drought-h27,1006,full,10,17.808888888888887,26.502580645161288,14.166738351254478,8.961290322580645,17.16,14.3,26.6,9.5
hand-to-mouth-drought-h27,1006,full,11,27.27777777777778,23.236148148148146,11.725777777777777,4.893111111111111,27.85,11.6,23.1,5.2
hand-to-mouth-drought-h27,1006,full,12,79.52666666666666,19.473978494623655,9.420716845878136,1.970179211469534,77.02,9.4,19.4,2.7
hand-to-mouth-drought-h27,1006,assessment,1,103.47142857142856,19.569124423963135,9.611520737327188,2.2801843317972352,110.42,9.6,19.6,3.7
hand-to-mouth-drought-h27,1006,assessment,2,97.02857142857144,19.890404040404043,9.198989898989899,4.335858585858586,120.18,9.0,19.6,4.5
hand-to-mouth-drought-h27,1006,assessment,3,53.39999999999999,20.619815668202765,9.43778801843318,5.765898617511521,74.79,9.5,20.9,6.2
hand-to-mouth-drought-h27,1006,assessment,4,29.857142857142858,21.247619047619047,10.063809523809525,6.963809523809524,27.54,10.3,22.0,7.0
hand-to-mouth-drought-h27,1006,assessment,5,13.585714285714285,22.897695852534564,11.73041474654378,9.95668202764977,13.05,12.0,23.3,9.8
hand-to-mouth-drought-h27,1006,assessment,6,1.7857142857142858,25.481428571428573,13.561428571428571,12.212857142857143,2.61,13.7,25.4,12.2
hand-to-mouth-drought-h27,1006,assessment,7,0.0,28.882949308755762,15.46221198156682,13.731797235023043,1.38,15.9,29.2,13.6
hand-to-mouth-drought-h27,1006,assessment,8,8.785714285714286,30.41428571428571,16.491244239631335,14.227649769585254,0.29,16.5,30.5,13.6
hand-to-mouth-drought-h27,1006,assessment,9,0.17142857142857143,30.166190476190476,16.243333333333332,12.75047619047619,2.37,16.2,30.0,12.6
hand-to-mouth-drought-h27,1006,assessment,10,6.285714285714286,26.15299539170507,14.182488479262672,9.005069124423963,17.16,14.3,26.6,9.5
hand-to-mouth-drought-h27,1006,assessment,11,14.87142857142857,23.10095238095238,11.545714285714284,4.656666666666666,27.85,11.6,23.1,5.2
hand-to-mouth-drought-h27,1006,assessment,12,67.32857142857144,19.39078341013825,9.439170506912443,2.1465437788018433,77.02,9.4,19.4,2.7
hand-to-mouth-drought-h27,1007,full,1,107.58222222222221,19.559354838709677,9.51405017921147,2.26752688172043,110.42,9.6,19.6,3.7
hand-to-mouth-drought-h27,1007,full,2,129.65555555555557,19.498742138364783,8.883333333333333,4.0051886792452835,120.18,9.0,19.6,4.5
hand-to-mouth-drought-h27,1007,full,3,86.74222222222222,20.863512544802866,9.484086021505377,5.866236559139785,74.79,9.5,20.9,6.2
hand-to-mouth-drought-h27,1007,full,4,27.273333333333333,21.883111111111113,10.24985185185185,6.974074074074074,27.54,10.3,22.0,7.0
hand-to-mouth-drought-h27,1007,full,5,7.6288888888888895,23.370824372759856,11.928960573476704,10.124014336917563,13.05,12.0,23.3,9.8
hand-to-mouth-drought-h27,1007,full,6,2.868888888888889,25.301925925925925,13.517999999999999,12.261333333333333,2.61,13.7,25.4,12.2
hand-to-mouth-drought-h27,1007,full,7,1.5622222222222222,29.188602150537633,15.870824372759856,14.116272401433692,1.38,15.9,29.2,13.6
hand-to-mouth-drought-h27,1007,full,8,1.9822222222222223,30.310465949820788,16.41032258064516,14.108315412186379,0.29,16.5,30.5,13.6
hand-to-mouth-drought-h27,1007,full,9,3.7600000000000002,29.915629629629628,16.183481481481483,12.687851851851851,2.37,16.2,30.0,12.6
hand-to-mouth-drought-h27,1007,full,10,12.782222222222224,26.498781362007172,14.155985663082436,8.903512544802867,17.16,14.3,26.6,9.5
hand-to-mouth-drought-h27,1007,full,11,32.873333333333335,23.22562962962963,11.752444444444444,4.8831851851851855,27.85,11.6,23.1,5.2
hand-to-mouth-drought-h27,1007,full,12,77.10666666666667,19.52021505376344,9.419426523297492,1.954336917562724,77.02,9.4,19.4,2.7
hand-to-mouth-drought-h27,1007,assessment,1,93.71428571428571,19.12811059907834,9.210138248847926,1.9202764976958524,110.42,9.6,19.6,3.7
hand-to-mouth-drought-h27,1007,assessment,2,138.87142857142857,19.421212121212122,8.47979797979798,3.557070707070707,120.18,9.0,19.6,4.5
hand-to-mouth-drought-h27,1007,assessment,3,62.042857142857144,21.164516129032258,9.62995391705069,6.119815668202765,74.79,9.5,20.9,6.2
hand-to-mouth-drought-h27,1007,assessment,4,23.142857142857142,22.47095238095238,10.304761904761905,6.957142857142857,27.54,10.3,22.0,7.0
hand-to-mouth-drought-h27,1007,assessment,5,2.642857142857143,23.407834101382488,11.816129032258065,9.94516129032258,13.05,12.0,23.3,9.8
hand-to-mouth-drought-h27,1007,assessment,6,4.814285714285714,25.231428571428573,13.513333333333334,12.556190476190476,2.61,13.7,25.4,12.2
hand-to-mouth-drought-h27,1007,assessment,7,4.442857142857143,29.172811059907833,15.921198156682028,14.165437788018433,1.38,15.9,29.2,13.6
hand-to-mouth-drought-h27,1007,assessment,8,6.028571428571429,30.46175115207373,16.629953917050692,14.295391705069123,0.29,16.5,30.5,13.6
hand-to-mouth-drought-h27,1007,assessment,9,2.1571428571428575,30.156190476190478,16.18095238095238,12.71809523809524,2.37,16.2,30.0,12.6
hand-to-mouth-drought-h27,1007,assessment,10,4.457142857142857,26.347465437788017,14.236405529953919,8.740092165898616,17.16,14.3,26.6,9.5
hand-to-mouth-drought-h27,1007,assessment,11,32.214285714285715,23.559047619047618,11.994761904761905,4.95,27.85,11.6,23.1,5.2
hand-to-mouth-drought-h27,1007,assessment,12,72.04285714285714,19.176497695852536,9.082027649769586,1.476958525345622,77.02,9.4,19.4,2.7
hand-to-mouth-drought-h27,1008,full,1,104.85555555555555,19.676917562724014,9.58874551971326,2.3437275985663084,110.42,9.6,19.6,3.7
hand-to-mouth-drought-h27,1008,full,2,119.37555555555555,19.597955974842765,8.993317610062894,4.087814465408805,120.18,9.0,19.6,4.5
hand-to-mouth-drought-h27,1008,full,3,82.36666666666666,21.002795698924732,9.51326164874552,5.955483870967742,74.79,9.5,20.9,6.2
hand-to-mouth-drought-h27,1008,full,4,29.74,21.848814814814816,10.17437037037037,6.899629629629629,27.54,10.3,22.0,7.0
hand-to-mouth-drought-h27,1008,full,5,9.693333333333333,23.325017921146955,11.945448028673836,10.138853046594983,13.05,12.0,23.3,9.8
hand-to-mouth-drought-h27,1008,full,6,0.951111111111111,25.28525925925926,13.542962962962964,12.313185185185185,2.61,13.7,25.4,12.2
hand-to-mouth-drought-h27,1008,full,7,1.1866666666666665,29.14014336917563,15.825089605734767,14.06494623655914,1.38,15.9,29.2,13.6
hand-to-mouth-drought-h27,1008,full,8,1.5266666666666668,30.311612903225804,16.367240143369177,14.077921146953406,0.29,16.5,30.5,13.6
hand-to-mouth-drought-h27,1008,full,9,3.0600000000000005,30.020148148148145,16.199333333333332,12.74837037037037,2.37,16.2,30.0,12.6
hand-to-mouth-drought-h27,1008,full,10,17.295555555555556,26.460071684587817,14.127741935483872,8.844587813620072,17.16,14.3,26.6,9.5
hand-to-mouth-drought-h27,1008,full,11,28.0,23.147259259259258,11.627333333333333,4.797481481481482,27.85,11.6,23.1,5.2
hand-to-mouth-drought-h27,1008,full,12,74.6288888888889,19.591397849462364,9.50652329749104,2.0278136200716848,77.02,9.4,19.4,2.7
hand-to-mouth-drought-h27,1008,assessment,1,114.51428571428572,20.09447004608295,9.899539170506912,2.54331797235023,110.42,9.6,19.6,3.7
hand-to-mouth-drought-h27,1008,assessment,2,123.65714285714284,20.17222222222222,9.195959595959597,4.148484848484848,120.18,9.0,19.6,4.5
hand-to-mouth-drought-h27,1008,assessment,3,92.02857142857142,20.788018433179722,9.237327188940093,5.873732718894009,74.79,9.5,20.9,6.2
hand-to-mouth-drought-h27,1008,assessment,4,31.2,21.82761904761905,10.106666666666667,6.555714285714286,27.54,10.3,22.0,7.0
hand-to-mouth-drought-h27,1008,assessment,5,3.357142857142857,23.091244239631337,11.851152073732719,10.025345622119815,13.05,12.0,23.3,9.8
hand-to-mouth-drought-h27,1008,assessment,6,0.17142857142857143,25.016666666666666,13.439047619047619,12.258571428571429,2.61,13.7,25.4,12.2
hand-to-mouth-drought-h27,1008,assessment,7,0.8142857142857143,29.43041474654378,15.99815668202765,14.300460829493087,1.38,15.9,29.2,13.6
hand-to-mouth-drought-h27,1008,assessment,8,0.08571428571428572,30.127649769585254,16.253456221198157,13.811059907834101,0.29,16.5,30.5,13.6
hand-to-mouth-drought-h27,1008,assessment,9,4.514285714285714,29.71142857142857,15.814285714285715,12.405714285714286,2.37,16.2,30.0,12.6
hand-to-mouth-drought-h27,1008,assessment,10,21.3,26.323963133640554,14.031797235023042,8.701382488479263,17.16,14.3,26.6,9.5
hand-to-mouth-drought-h27,1008,assessment,11,23.114285714285717,22.60333333333333,11.094761904761905,4.266666666666667,27.85,11.6,23.1,5.2
hand-to-mouth-drought-h27,1008,assessment,12,78.25714285714285,19.48847926267281,9.318433179723502,1.7622119815668202,77.02,9.4,19.4,2.7
hand-to-mouth-drought-h27,1009,full,1,110.8711111111111,19.665304659498208,9.53562724014337,2.2208602150537633,110.42,9.6,19.6,3.7
hand-to-mouth-drought-h27,1009,full,2,115.64,19.547877358490567,8.906918238993711,4.076729559748428,120.18,9.0,19.6,4.5
hand-to-mouth-drought-h27,1009,full,3,87.06444444444445,20.992616487455198,9.585304659498208,6.041433691756272,74.79,9.5,20.9,6.2
hand-to-mouth-drought-h27,1009,full,4,28.215555555555557,21.76748148148148,10.172,6.931851851851852,27.54,10.3,22.0,7.0
hand-to-mouth-drought-h27,1009,full,5,11.13111111111111,23.458494623655913,11.979928315412186,10.185017921146954,13.05,12.0,23.3,9.8
hand-to-mouth-drought-h27,1009,full,6,1.6688888888888889,25.392222222222223,13.616148148148147,12.315851851851853,2.61,13.7,25.4,12.2
hand-to-mouth-drought-h27,1009,full,7,1.0177777777777777,29.09741935483871,15.797275985663083,14.072616487455196,1.38,15.9,29.2,13.6
hand-to-mouth-drought-h27,1009,full,8,0.8777777777777778,30.286594982078856,16.400286738351255,14.080931899641579,0.29,16.5,30.5,13.6
hand-to-mouth-drought-h27,1009,full,9,2.2288888888888887,29.845925925925926,16.156074074074073,12.72674074074074,2.37,16.2,30.0,12.6
hand-to-mouth-drought-h27,1009,full,10,19.197777777777777,26.465232974910393,14.128888888888888,8.954623655913979,17.16,14.3,26.6,9.5
hand-to-mouth-drought-h27,1009,full,11,28.675555555555558,23.15451851851852,11.63051851851852,4.817925925925926,27.85,11.6,23.1,5.2
hand-to-mouth-drought-h27,1009,full,12,75.03555555555555,19.56616487455197,9.461146953405017,2.065591397849462,77.02,9.4,19.4,2.7
hand-to-mouth-drought-h27,1009,assessment,1,76.74285714285715,20.100921658986174,9.790783410138248,2.5202764976958525,110.42,9.6,19.6,3.7
hand-to-mouth-drought-h27,1009,assessment,2,107.7,19.572727272727274,8.940909090909091,4.165151515151515,120.18,9.0,19.6,4.5
hand-to-mouth-drought-h27,1009,assessment,3,84.84285714285714,21.18847926267281,9.72442396313364,5.984792626728111,74.79,9.5,20.9,6.2
hand-to-mouth-drought-h27,1009,assessment,4,22.75714285714286,21.943809523809524,10.14904761904762,6.950952380952381,27.54,10.3,22.0,7.0
hand-to-mouth-drought-h27,1009,assessment,5,9.071428571428571,23.908755760368663,12.066359447004608,10.319815668202766,13.05,12.0,23.3,9.8
hand-to-mouth-drought-h27,1009,assessment,6,1.0285714285714287,25.787142857142857,13.787142857142857,12.42142857142857,2.61,13.7,25.4,12.2
hand-to-mouth-drought-h27,1009,assessment,7,3.3,29.24838709677419,15.95668202764977,14.26774193548387,1.38,15.9,29.2,13.6
hand-to-mouth-drought-h27,1009,assessment,8,1.2857142857142858,29.817972350230416,16.17142857142857,13.917511520737326,0.29,16.5,30.5,13.6
hand-to-mouth-drought-h27,1009,assessment,9,0.4428571428571429,29.93857142857143,16.22142857142857,12.709999999999999,2.37,16.2,30.0,12.6
hand-to-mouth-drought-h27,1009,assessment,10,9.357142857142858,26.58663594470046,13.858986175115207,8.982027649769584,17.16,14.3,26.6,9.5
hand-to-mouth-drought-h27,1009,assessment,11,19.157142857142855,23.12761904761905,11.651904761904762,4.679523809523809,27.85,11.6,23.1,5.2
hand-to-mouth-drought-h27,1009,assessment,12,64.15714285714286,20.13364055299539,9.65668202764977,2.3087557603686637,77.02,9.4,19.4,2.7
hand-to-mouth-drought-h27,1010,full,1,111.50444444444445,19.691397849462366,9.615698924731182,2.356559139784946,110.42,9.6,19.6,3.7
hand-to-mouth-drought-h27,1010,full,2,114.04,19.46493710691824,8.919496855345912,4.004245283018868,120.18,9.0,19.6,4.5
hand-to-mouth-drought-h27,1010,full,3,67.53555555555555,20.845663082437277,9.46494623655914,5.88573476702509,74.79,9.5,20.9,6.2
hand-to-mouth-drought-h27,1010,full,4,28.91111111111111,21.990148148148148,10.256222222222222,7.017777777777778,27.54,10.3,22.0,7.0
hand-to-mouth-drought-h27,1010,full,5,13.055555555555555,23.357132616487455,11.949677419354838,10.145519713261649,13.05,12.0,23.3,9.8
hand-to-mouth-drought-h27,1010,full,6,3.008888888888889,25.263703703703705,13.525259259259258,12.213703703703704,2.61,13.7,25.4,12.2
hand-to-mouth-drought-h27,1010,full,7,0.8911111111111112,29.0105376344086,15.804516129032258,14.042795698924731,1.38,15.9,29.2,13.6
hand-to-mouth-drought-h27,1010,full,8,0.7022222222222223,30.37290322580645,16.400573476702508,14.133046594982078,0.29,16.5,30.5,13.6
hand-to-mouth-drought-h27,1010,full,9,2.531111111111111,30.040666666666667,16.181185185185186,12.768740740740741,2.37,16.2,30.0,12.6
hand-to-mouth-drought-h27,1010,full,10,17.62,26.605232974910397,14.223010752688172,9.006236559139785,17.16,14.3,26.6,9.5
hand-to-mouth-drought-h27,1010,full,11,31.702222222222222,23.143703703703704,11.703481481481482,4.924444444444444,27.85,11.6,23.1,5.2
hand-to-mouth-drought-h27,1010,full,12,70.38666666666667,19.459498207885304,9.418494623655914,1.9952688172043012,77.02,9.4,19.4,2.7
hand-to-mouth-drought-h27,1010,assessment,1,124.54285714285713,19.444700460829495,9.483410138248848,2.16036866359447,110.42,9.6,19.6,3.7
hand-to-mouth-drought-h27,1010,assessment,2,118.64285714285714,19.486868686868686,8.763636363636364,4.008080808080808,120.18,9.0,19.6,4.5
hand-to-mouth-drought-h27,1010,assessment,3,34.98571428571429,20.829493087557605,9.563594470046084,5.871428571428571,74.79,9.5,20.9,6.2
hand-to-mouth-drought-h27,1010,assessment,4,52.214285714285715,22.015238095238093,10.151904761904762,6.917619047619048,27.54,10.3,22.0,7.0
hand-to-mouth-drought-h27,1010,assessment,5,18.714285714285715,23.45806451612903,11.91889400921659,10.131336405529954,13.05,12.0,23.3,9.8
hand-to-mouth-drought-h27,1010,assessment,6,5.742857142857143,25.409047619047616,13.640952380952381,12.371428571428572,2.61,13.7,25.4,12.2
hand-to-mouth-drought-h27,1010,assessment,7,0.6,28.880645161290325,15.87004608294931,14.033179723502304,1.38,15.9,29.2,13.6
hand-to-mouth-drought-h27,1010,assessment,8,0.6285714285714287,30.580645161290324,16.43041474654378,14.162672811059908,0.29,16.5,30.5,13.6
hand-to-mouth-drought-h27,1010,assessment,9,2.857142857142857,30.155714285714286,16.211428571428574,13.15,2.37,16.2,30.0,12.6
hand-to-mouth-drought-h27,1010,assessment,10,16.957142857142856,26.399539170506912,13.988479262672811,8.669585253456221,17.16,14.3,26.6,9.5
hand-to-mouth-drought-h27,1010,assessment,11,28.142857142857142,23.185238095238095,11.939047619047619,5.076190476190476,27.85,11.6,23.1,5.2
hand-to-mouth-drought-h27,1010,assessment,12,70.91428571428571,19.360829493087557,9.373271889400922,2.089400921658986,77.02,9.4,19.4,2.7
hand-to-mouth-drought-h113,1001,full,1,98.49111111111112,19.247311827956988,8.845232974910395,2.271182795698925,108.38,8.9,19.2,3.1
hand-to-mouth-drought-h113,1001,full,2,114.36222222222223,19.008962264150945,8.304088050314466,4.077908805031447,117.72,8.4,19.1,3.8
hand-to-mouth-drought-h113,1001,full,3,69.81111111111112,20.571971326164874,8.877132616487456,5.936415770609319,71.53,8.8,20.6,5.4
hand-to-mouth-drought-h113,1001,full,4,28.21333333333333,21.435629629629627,9.480074074074075,6.915703703703704,27.1,9.6,21.6,6.3
hand-to-mouth-drought-h113,1001,full,5,9.193333333333333,23.03505376344086,11.364587813620071,10.141075268817204,12.9,11.4,22.9,9.1
hand-to-mouth-drought-h113,1001,full,6,1.8777777777777778,25.055629629629628,13.017407407407408,12.322000000000001,2.62,13.1,25.2,11.6
hand-to-mouth-drought-h113,1001,full,7,1.0955555555555556,28.867670250896058,15.737491039426523,14.089964157706094,1.33,15.8,28.9,13.5
hand-to-mouth-drought-h113,1001,full,8,2.802222222222222,29.960931899641576,16.328602150537634,14.007885304659498,0.28,16.5,30.2,13.6
hand-to-mouth-drought-h113,1001,full,9,2.6955555555555555,29.54651851851852,16.167407407407406,12.776962962962964,2.34,16.2,29.6,12.6
hand-to-mouth-drought-h113,1001,full,10,17.88222222222222,26.139713261648748,13.963369175627241,8.924659498207886,16.87,14.1,26.2,9.2
hand-to-mouth-drought-h113,1001,full,11,31.18,22.798814814814815,11.26162962962963,4.858518518518519,27.58,11.2,22.8,4.9
hand-to-mouth-drought-h113,1001,full,12,79.06444444444445,18.910394265232974,8.694551971326165,1.9593548387096775,75.36,8.7,18.9,2.1
hand-to-mouth-drought-h113,1001,assessment,1,95.14285714285714,19.02995391705069,8.600460829493088,1.9474654377880185,108.38,8.9,19.2,3.1
hand-to-mouth-drought-h113,1001,assessment,2,148.3857142857143,19.056565656565656,8.13989898989899,3.9863636363636363,117.72,8.4,19.1,3.8
hand-to-mouth-drought-h113,1001,assessment,3,64.11428571428571,20.309677419354838,8.868663594470046,5.858064516129033,71.53,8.8,20.6,5.4
hand-to-mouth-drought-h113,1001,assessment,4,42.67142857142857,21.553809523809523,9.668571428571429,6.738571428571428,27.1,9.6,21.6,6.3
hand-to-mouth-drought-h113,1001,assessment,5,4.914285714285714,22.65622119815668,11.002304147465438,9.871889400921658,12.9,11.4,22.9,9.1
hand-to-mouth-drought-h113,1001,assessment,6,3.1999999999999997,25.428095238095235,13.375714285714286,12.730952380952381,2.62,13.1,25.2,11.6
hand-to-mouth-drought-h113,1001,assessment,7,0.6285714285714287,29.195391705069124,15.685714285714287,14.105990783410139,1.33,15.8,28.9,13.5
hand-to-mouth-drought-h113,1001,assessment,8,12.299999999999999,30.111981566820276,16.305990783410138,13.88479262672811,0.28,16.5,30.2,13.6
hand-to-mouth-drought-h113,1001,assessment,9,4.414285714285715,29.44666666666667,15.992857142857142,12.767619047619046,2.34,16.2,29.6,12.6
hand-to-mouth-drought-h113,1001,assessment,10,14.085714285714285,26.293548387096774,13.867741935483872,8.850230414746544,16.87,14.1,26.2,9.2
hand-to-mouth-drought-h113,1001,assessment,11,27.95714285714286,22.81285714285714,11.178095238095239,4.7976190476190474,27.58,11.2,22.8,4.9
hand-to-mouth-drought-h113,1001,assessment,12,82.35714285714286,18.918894009216586,8.702764976958525,2.041935483870968,75.36,8.7,18.9,2.1
hand-to-mouth-drought-h113,1002,full,1,123.42666666666666,19.3136917562724,8.932258064516128,2.3556989247311826,108.38,8.9,19.2,3.1
hand-to-mouth-drought-h113,1002,full,2,115.22444444444446,18.96627358490566,8.300786163522012,4.058018867924528,117.72,8.4,19.1,3.8
hand-to-mouth-drought-h113,1002,full,3,71.02,20.66688172043011,8.805448028673835,5.930681003584229,71.53,8.8,20.6,5.4
hand-to-mouth-drought-h113,1002,full,4,36.495555555555555,21.43674074074074,9.46948148148148,6.86362962962963,27.1,9.6,21.6,6.3
hand-to-mouth-drought-h113,1002,full,5,9.946666666666665,23.02652329749104,11.326594982078854,10.060215053763441,12.9,11.4,22.9,9.1
hand-to-mouth-drought-h113,1002,full,6,1.897777777777778,25.003037037037036,12.972666666666665,12.230518518518519,2.62,13.1,25.2,11.6
hand-to-mouth-drought-h113,1002,full,7,1.1066666666666667,28.81111111111111,15.705591397849462,14.034910394265234,1.33,15.8,28.9,13.5
hand-to-mouth-drought-h113,1002,full,8,0.6844444444444444,30.037419354838708,16.340286738351256,14.081003584229391,0.28,16.5,30.2,13.6
hand-to-mouth-drought-h113,1002,full,9,1.751111111111111,29.526444444444444,16.21948148148148,12.706962962962963,2.34,16.2,29.6,12.6
hand-to-mouth-drought-h113,1002,full,10,12.8,26.161075268817203,13.999354838709676,8.93741935483871,16.87,14.1,26.2,9.2
hand-to-mouth-drought-h113,1002,full,11,22.604444444444447,22.78637037037037,11.244814814814815,4.764222222222222,27.58,11.2,22.8,4.9
hand-to-mouth-drought-h113,1002,full,12,83.88444444444445,18.921505376344086,8.708458781362006,1.9531182795698925,75.36,8.7,18.9,2.1
hand-to-mouth-drought-h113,1002,assessment,1,163.3857142857143,19.176036866359446,8.63410138248848,1.9709677419354839,108.38,8.9,19.2,3.1
hand-to-mouth-drought-h113,1002,assessment,2,94.11428571428571,18.952525252525252,8.486363636363636,4.335858585858586,117.72,8.4,19.1,3.8
hand-to-mouth-drought-h113,1002,assessment,3,39.57142857142857,20.892165898617513,8.600921658986175,5.748847926267281,71.53,8.8,20.6,5.4
hand-to-mouth-drought-h113,1002,assessment,4,50.24285714285714,21.54809523809524,9.324761904761905,6.597142857142858,27.1,9.6,21.6,6.3
hand-to-mouth-drought-h113,1002,assessment,5,12.771428571428572,23.32442396313364,11.314746543778803,10.298617511520739,12.9,11.4,22.9,9.1
hand-to-mouth-drought-h113,1002,assessment,6,0.7142857142857143,24.723809523809525,12.789047619047619,12.253333333333332,2.62,13.1,25.2,11.6
hand-to-mouth-drought-h113,1002,assessment,7,0.0,29.400921658986174,15.980645161290324,14.093548387096774,1.33,15.8,28.9,13.5
hand-to-mouth-drought-h113,1002,assessment,8,3.1571428571428575,29.918433179723504,16.194470046082948,13.882488479262673,0.28,16.5,30.2,13.6
hand-to-mouth-drought-h113,1002,assessment,9,0.08571428571428572,29.169047619047618,16.07,12.582857142857144,2.34,16.2,29.6,12.6
hand-to-mouth-drought-h113,1002,assessment,10,10.057142857142859,26.791705069124426,14.278341013824885,9.18847926267281,16.87,14.1,26.2,9.2
hand-to-mouth-drought-h113,1002,assessment,11,11.728571428571428,22.781904761904762,11.24,4.653333333333333,27.58,11.2,22.8,4.9
hand-to-mouth-drought-h113,1002,assessment,12,68.07142857142857,18.91520737327189,8.519815668202765,1.7502304147465437,75.36,8.7,18.9,2.1
hand-to-mouth-drought-h113,1003,full,1,106.24888888888889,19.29089605734767,8.986093189964159,2.374767025089606,108.38,8.9,19.2,3.1
hand-to-mouth-drought-h113,1003,full,2,107.98444444444445,19.094103773584905,8.295204402515724,4.088286163522013,117.72,8.4,19.1,3.8
hand-to-mouth-drought-h113,1003,full,3,72.21333333333334,20.639283154121863,8.80594982078853,5.955412186379927,71.53,8.8,20.6,5.4
hand-to-mouth-drought-h113,1003,full,4,26.833333333333332,21.570814814814813,9.516222222222222,6.892148148148148,27.1,9.6,21.6,6.3
hand-to-mouth-drought-h113,1003,full,5,13.573333333333334,23.00014336917563,11.356559139784945,10.085304659498208,12.9,11.4,22.9,9.1
hand-to-mouth-drought-h113,1003,full,6,1.2422222222222221,25.03496296296296,13.002222222222223,12.262,2.62,13.1,25.2,11.6
hand-to-mouth-drought-h113,1003,full,7,0.9911111111111112,28.842078853046594,15.754193548387097,14.153691756272403,1.33,15.8,28.9,13.5
hand-to-mouth-drought-h113,1003,full,8,1.4222222222222223,29.999928315412188,16.418136200716845,14.160860215053765,0.28,16.5,30.2,13.6
hand-to-mouth-drought-h113,1003,full,9,3.6133333333333333,29.651555555555554,16.206592592592592,12.792444444444444,2.34,16.2,29.6,12.6
hand-to-mouth-drought-h113,1003,full,10,18.38888888888889,26.181648745519713,13.984659498207884,8.929677419354839,16.87,14.1,26.2,9.2
hand-to-mouth-drought-h113,1003,full,11,28.406666666666666,22.883185185185184,11.31437037037037,4.906518518518519,27.58,11.2,22.8,4.9
hand-to-mouth-drought-h113,1003,full,12,70.36222222222223,18.98853046594982,8.742007168458782,2.000358422939068,75.36,8.7,18.9,2.1
hand-to-mouth-drought-h113,1003,assessment,1,103.6857142857143,19.297235023041473,9.168663594470045,2.474654377880184,108.38,8.9,19.2,3.1
hand-to-mouth-drought-h113,1003,assessment,2,97.01428571428572,19.3010101010101,8.495959595959595,4.284848484848485,117.72,8.4,19.1,3.8
hand-to-mouth-drought-h113,1003,assessment,3,42.0,21.139170506912443,8.919815668202764,6.279723502304147,71.53,8.8,20.6,5.4
hand-to-mouth-drought-h113,1003,assessment,4,38.042857142857144,21.405714285714286,9.188095238095238,6.356666666666667,27.1,9.6,21.6,6.3
hand-to-mouth-drought-h113,1003,assessment,5,9.914285714285713,22.989400921658984,11.34884792626728,9.87741935483871,12.9,11.4,22.9,9.1
hand-to-mouth-drought-h113,1003,assessment,6,1.5,24.732857142857142,12.998571428571427,12.025714285714287,2.62,13.1,25.2,11.6
hand-to-mouth-drought-h113,1003,assessment,7,1.0285714285714285,29.30921658986175,15.793087557603686,14.24147465437788,1.33,15.8,28.9,13.5
hand-to-mouth-drought-h113,1003,assessment,8,0.12857142857142856,30.104608294930873,16.448387096774194,14.324423963133642,0.28,16.5,30.2,13.6
hand-to-mouth-drought-h113,1003,assessment,9,1.157142857142857,29.86857142857143,16.40095238095238,13.121904761904762,2.34,16.2,29.6,12.6
hand-to-mouth-drought-h113,1003,assessment,10,17.357142857142858,26.333179723502305,14.135023041474655,8.780645161290323,16.87,14.1,26.2,9.2
hand-to-mouth-drought-h113,1003,assessment,11,26.385714285714283,23.046666666666667,11.568095238095239,5.226190476190476,27.58,11.2,22.8,4.9
hand-to-mouth-drought-h113,1003,assessment,12,89.77142857142857,19.54147465437788,8.847465437788019,2.321658986175115,75.36,8.7,18.9,2.1
hand-to-mouth-drought-h113,1004,full,1,101.70666666666668,19.29290322580645,8.860931899641576,2.2336917562724015,108.38,8.9,19.2,3.1
hand-to-mouth-drought-h113,1004,full,2,99.04222222222221,19.053773584905663,8.34064465408805,4.047091194968553,117.72,8.4,19.1,3.8
hand-to-mouth-drought-h113,1004,full,3,69.02222222222223,20.641720430107526,8.840931899641577,5.899856630824372,71.53,8.8,20.6,5.4
hand-to-mouth-drought-h113,1004,full,4,25.81111111111111,21.414,9.449851851851852,6.892296296296297,27.1,9.6,21.6,6.3
hand-to-mouth-drought-h113,1004,full,5,10.964444444444446,23.042867383512544,11.398781362007169,10.250179211469534,12.9,11.4,22.9,9.1
hand-to-mouth-drought-h113,1004,full,6,2.235555555555556,25.090444444444444,12.974518518518517,12.195185185185185,2.62,13.1,25.2,11.6
hand-to-mouth-drought-h113,1004,full,7,1.051111111111111,28.850609318996415,15.699713261648744,14.023440860215054,1.33,15.8,28.9,13.5
hand-to-mouth-drought-h113,1004,full,8,1.1177777777777778,30.048028673835127,16.367240143369177,14.076774193548387,0.28,16.5,30.2,13.6
hand-to-mouth-drought-h113,1004,full,9,2.631111111111111,29.660962962962966,16.15674074074074,12.690296296296298,2.34,16.2,29.6,12.6
hand-to-mouth-drought-h113,1004,full,10,15.273333333333332,26.033548387096776,13.953906810035843,8.96494623655914,16.87,14.1,26.2,9.2
hand-to-mouth-drought-h113,1004,full,11,27.15111111111111,22.834444444444443,11.308962962962964,4.856888888888889,27.58,11.2,22.8,4.9
hand-to-mouth-drought-h113,1004,full,12,75.28888888888889,18.985878136200718,8.71347670250896,2.0088172043010752,75.36,8.7,18.9,2.1
hand-to-mouth-drought-h113,1004,assessment,1,100.01428571428572,19.05852534562212,8.560829493087558,1.8341013824884793,108.38,8.9,19.2,3.1
hand-to-mouth-drought-h113,1004,assessment,2,81.39999999999999,18.757575757575758,8.295454545454545,3.7540404040404036,117.72,8.4,19.1,3.8
hand-to-mouth-drought-h113,1004,assessment,3,43.214285714285715,20.694009216589862,8.95483870967742,5.959907834101382,71.53,8.8,20.6,5.4
hand-to-mouth-drought-h113,1004,assessment,4,19.514285714285712,21.26809523809524,9.52190476190476,7.225238095238095,27.1,9.6,21.6,6.3
hand-to-mouth-drought-h113,1004,assessment,5,22.62857142857143,23.304147465437786,11.469585253456222,10.252534562211983,12.9,11.4,22.9,9.1
hand-to-mouth-drought-h113,1004,assessment,6,0.6714285714285715,24.79,12.883809523809523,12.19904761904762,2.62,13.1,25.2,11.6
hand-to-mouth-drought-h113,1004,assessment,7,1.0,28.870506912442394,15.719815668202765,14.04147465437788,1.33,15.8,28.9,13.5
hand-to-mouth-drought-h113,1004,assessment,8,1.8142857142857145,30.03778801843318,16.329493087557605,14.163594470046084,0.28,16.5,30.2,13.6
hand-to-mouth-drought-h113,1004,assessment,9,2.3000000000000003,29.632380952380952,15.70095238095238,12.180000000000001,2.34,16.2,29.6,12.6
hand-to-mouth-drought-h113,1004,assessment,10,9.257142857142856,26.01751152073733,13.47373271889401,8.368663594470046,16.87,14.1,26.2,9.2
hand-to-mouth-drought-h113,1004,assessment,11,15.200000000000001,22.69142857142857,11.23047619047619,4.743809523809524,27.58,11.2,22.8,4.9
hand-to-mouth-drought-h113,1004,assessment,12,74.0,19.052995391705068,8.73225806451613,1.936405529953917,75.36,8.7,18.9,2.1
hand-to-mouth-drought-h113,1005,full,1,125.48,19.260071684587814,8.854408602150537,2.2314695340501793,108.38,8.9,19.2,3.1
hand-to-mouth-drought-h113,1005,full,2,113.45555555555555,19.06933962264151,8.276493710691824,4.0294025157232705,117.72,8.4,19.1,3.8
hand-to-mouth-drought-h113,1005,full,3,76.52666666666666,20.59648745519713,8.8615770609319,6.005878136200717,71.53,8.8,20.6,5.4
hand-to-mouth-drought-h113,1005,full,4,27.404444444444444,21.59251851851852,9.518666666666666,6.908740740740741,27.1,9.6,21.6,6.3
hand-to-mouth-drought-h113,1005,full,5,9.364444444444445,23.105448028673834,11.363082437275986,10.067885304659498,12.9,11.4,22.9,9.1
hand-to-mouth-drought-h113,1005,full,6,4.217777777777777,25.131851851851852,12.994740740740742,12.322592592592592,2.62,13.1,25.2,11.6
hand-to-mouth-drought-h113,1005,full,7,1.5177777777777777,28.75663082437276,15.724014336917563,14.047025089605734,1.33,15.8,28.9,13.5
hand-to-mouth-drought-h113,1005,full,8,1.5088888888888887,29.982007168458782,16.357706093189964,14.063870967741934,0.28,16.5,30.2,13.6
hand-to-mouth-drought-h113,1005,full,9,1.848888888888889,29.593185185185188,16.18488888888889,12.758962962962961,2.34,16.2,29.6,12.6
hand-to-mouth-drought-h113,1005,full,10,14.684444444444443,26.007311827956986,13.931612903225805,8.900645161290322,16.87,14.1,26.2,9.2
hand-to-mouth-drought-h113,1005,full,11,28.279999999999998,22.893185185185185,11.302740740740742,4.897407407407408,27.58,11.2,22.8,4.9
hand-to-mouth-drought-h113,1005,full,12,78.95333333333333,18.992616487455198,8.751541218637993,2.0394982078853046,75.36,8.7,18.9,2.1
hand-to-mouth-drought-h113,1005,assessment,1,80.39999999999999,18.93041474654378,8.755760368663594,2.0202764976958525,108.38,8.9,19.2,3.1
hand-to-mouth-drought-h113,1005,assessment,2,67.12857142857142,19.03131313131313,8.11010101010101,3.8005050505050506,117.72,8.4,19.1,3.8
hand-to-mouth-drought-h113,1005,assessment,3,96.62857142857142,20.670046082949305,8.744239631336406,5.810599078341014,71.53,8.8,20.6,5.4
hand-to-mouth-drought-h113,1005,assessment,4,21.371428571428574,22.129047619047622,9.707619047619048,7.1552380952380945,27.1,9.6,21.6,6.3
hand-to-mouth-drought-h113,1005,assessment,5,0.8428571428571429,23.164516129032258,11.350230414746544,9.74147465437788,12.9,11.4,22.9,9.1
hand-to-mouth-drought-h113,1005,assessment,6,8.671428571428573,25.162380952380953,12.985714285714286,12.337142857142858,2.62,13.1,25.2,11.6
hand-to-mouth-drought-h113,1005,assessment,7,1.1428571428571428,28.754377880184332,15.665898617511521,14.022119815668203,1.33,15.8,28.9,13.5
hand-to-mouth-drought-h113,1005,assessment,8,0.04285714285714286,30.151612903225804,16.510599078341016,14.255760368663594,0.28,16.5,30.2,13.6
hand-to-mouth-drought-h113,1005,assessment,9,0.5285714285714286,29.87857142857143,16.126666666666665,12.530476190476191,2.34,16.2,29.6,12.6
hand-to-mouth-drought-h113,1005,assessment,10,27.3,25.924884792626727,13.73041474654378,8.66221198156682,16.87,14.1,26.2,9.2
hand-to-mouth-drought-h113,1005,assessment,11,15.114285714285716,23.217619047619046,11.363333333333335,5.030952380952381,27.58,11.2,22.8,4.9
hand-to-mouth-drought-h113,1005,assessment,12,48.67142857142857,18.63364055299539,8.40552995391705,1.651152073732719,75.36,8.7,18.9,2.1
hand-to-mouth-drought-h113,1006,full,1,117.48444444444445,19.185806451612905,8.893476702508961,2.254910394265233,108.38,8.9,19.2,3.1
hand-to-mouth-drought-h113,1006,full,2,94.52666666666666,19.159119496855347,8.382075471698114,4.176493710691824,117.72,8.4,19.1,3.8
hand-to-mouth-drought-h113,1006,full,3,79.48444444444445,20.663225806451614,8.905806451612904,6.05505376344086,71.53,8.8,20.6,5.4
hand-to-mouth-drought-h113,1006,full,4,28.855555555555554,21.38103703703704,9.474518518518519,6.910518518518519,27.1,9.6,21.6,6.3
hand-to-mouth-drought-h113,1006,full,5,10.28888888888889,23.037132616487455,11.318351254480287,10.063082437275986,12.9,11.4,22.9,9.1
hand-to-mouth-drought-h113,1006,full,6,3.028888888888889,25.06103703703704,12.917037037037037,12.181777777777778,2.62,13.1,25.2,11.6
hand-to-mouth-drought-h113,1006,full,7,0.5644444444444444,28.836559139784946,15.689534050179212,14.062437275985662,1.33,15.8,28.9,13.5
hand-to-mouth-drought-h113,1006,full,8,1.371111111111111,29.97075268817204,16.32752688172043,14.073118279569892,0.28,16.5,30.2,13.6
hand-to-mouth-drought-h113,1006,full,9,2.8644444444444446,29.643703703703704,16.203703703703702,12.806518518518518,2.34,16.2,29.6,12.6
hand-to-mouth-drought-h113,1006,full,10,19.83111111111111,26.10050179211469,13.958566308243729,8.95168458781362,16.87,14.1,26.2,9.2
hand-to-mouth-drought-h113,1006,full,11,29.593333333333334,22.927925925925926,11.333703703703703,4.862592592592593,27.58,11.2,22.8,4.9
hand-to-mouth-drought-h113,1006,full,12,78.60444444444444,18.98774193548387,8.725089605734768,1.9670250896057349,75.36,8.7,18.9,2.1
hand-to-mouth-drought-h113,1006,assessment,1,122.32857142857144,19.159907834101382,8.931797235023042,2.26221198156682,108.38,8.9,19.2,3.1
hand-to-mouth-drought-h113,1006,assessment,2,102.27142857142859,19.401515151515152,8.572222222222223,4.4646464646464645,117.72,8.4,19.1,3.8
hand-to-mouth-drought-h113,1006,assessment,3,55.142857142857146,20.303225806451614,8.78847926267281,5.881105990783411,71.53,8.8,20.6,5.4
hand-to-mouth-drought-h113,1006,assessment,4,21.62857142857143,20.84285714285714,9.355238095238095,6.892857142857143,27.1,9.6,21.6,6.3
hand-to-mouth-drought-h113,1006,assessment,5,8.32857142857143,22.516129032258064,11.162672811059908,9.97926267281106,12.9,11.4,22.9,9.1
hand-to-mouth-drought-h113,1006,assessment,6,1.5142857142857145,25.251428571428573,12.975714285714286,12.21857142857143,2.62,13.1,25.2,11.6
hand-to-mouth-drought-h113,1006,assessment,7,0.0,28.60645161290323,15.343778801843317,13.625806451612904,1.33,15.8,28.9,13.5
hand-to-mouth-drought-h113,1006,assessment,8,2.585714285714286,30.09400921658986,16.481566820276498,14.33963133640553,0.28,16.5,30.2,13.6
hand-to-mouth-drought-h113,1006,assessment,9,1.9285714285714286,29.782380952380954,16.252857142857142,12.83095238095238,2.34,16.2,29.6,12.6
hand-to-mouth-drought-h113,1006,assessment,10,5.285714285714286,25.75253456221198,13.976497695852535,9.071428571428571,16.87,14.1,26.2,9.2
hand-to-mouth-drought-h113,1006,assessment,11,11.757142857142858,22.794285714285714,11.14952380952381,4.664761904761905,27.58,11.2,22.8,4.9
hand-to-mouth-drought-h113,1006,assessment,12,75.47142857142858,18.90230414746544,8.742857142857144,1.9304147465437786,75.36,8.7,18.9,2.1
hand-to-mouth-drought-h113,1007,full,1,113.26222222222222,19.15089605734767,8.838207885304659,2.2243010752688175,108.38,8.9,19.2,3.1
hand-to-mouth-drought-h113,1007,full,2,114.71777777777778,19.006996855345914,8.266037735849057,4.031132075471699,117.72,8.4,19.1,3.8
hand-to-mouth-drought-h113,1007,full,3,85.02666666666666,20.54810035842294,8.808172043010753,5.843154121863799,71.53,8.8,20.6,5.4
hand-to-mouth-drought-h113,1007,full,4,23.72222222222222,21.48437037037037,9.548592592592593,6.957037037037037,27.1,9.6,21.6,6.3
hand-to-mouth-drought-h113,1007,full,5,7.466666666666667,22.98931899641577,11.344659498207886,10.143655913978494,12.9,11.4,22.9,9.1
hand-to-mouth-drought-h113,1007,full,6,3.0622222222222217,25.07348148148148,12.943555555555555,12.29837037037037,2.62,13.1,25.2,11.6
hand-to-mouth-drought-h113,1007,full,7,1.211111111111111,28.909247311827958,15.75089605734767,14.097347670250896,1.33,15.8,28.9,13.5
hand-to-mouth-drought-h113,1007,full,8,2.526666666666667,29.993189964157708,16.398279569892473,14.1263082437276,0.28,16.5,30.2,13.6
hand-to-mouth-drought-h113,1007,full,9,3.5555555555555554,29.530592592592594,16.185925925925925,12.681481481481482,2.34,16.2,29.6,12.6
hand-to-mouth-drought-h113,1007,full,10,14.057777777777778,26.096344086021507,13.946021505376345,8.901433691756273,16.87,14.1,26.2,9.2
hand-to-mouth-drought-h113,1007,full,11,27.75111111111111,22.91896296296296,11.36125925925926,4.94237037037037,27.58,11.2,22.8,4.9
hand-to-mouth-drought-h113,1007,full,12,69.80444444444444,19.030896057347668,8.723010752688172,1.9986379928315412,75.36,8.7,18.9,2.1
hand-to-mouth-drought-h113,1007,assessment,1,96.97142857142856,18.720276497695853,8.535483870967742,1.956221198156682,108.38,8.9,19.2,3.1
hand-to-mouth-drought-h113,1007,assessment,2,113.94285714285714,18.933333333333334,7.892424242424243,3.346969696969697,117.72,8.4,19.1,3.8
hand-to-mouth-drought-h113,1007,assessment,3,88.31428571428572,20.84884792626728,8.95299539170507,5.795852534562212,71.53,8.8,20.6,5.4
hand-to-mouth-drought-h113,1007,assessment,4,8.214285714285714,22.06952380952381,9.595714285714285,6.708095238095238,27.1,9.6,21.6,6.3
hand-to-mouth-drought-h113,1007,assessment,5,6.757142857142857,23.02626728110599,11.218433179723503,10.099539170506912,12.9,11.4,22.9,9.1
hand-to-mouth-drought-h113,1007,assessment,6,8.642857142857142,25.004761904761907,12.92,12.461904761904762,2.62,13.1,25.2,11.6
hand-to-mouth-drought-h113,1007,assessment,7,2.885714285714286,28.894930875576037,15.797235023041475,14.108755760368663,1.33,15.8,28.9,13.5
hand-to-mouth-drought-h113,1007,assessment,8,1.0142857142857142,30.146543778801846,16.617511520737327,14.381105990783409,0.28,16.5,30.2,13.6
hand-to-mouth-drought-h113,1007,assessment,9,1.4857142857142858,29.77095238095238,16.186190476190475,12.366190476190477,2.34,16.2,29.6,12.6
hand-to-mouth-drought-h113,1007,assessment,10,10.085714285714285,25.94516129032258,14.02995391705069,9.069124423963133,16.87,14.1,26.2,9.2
hand-to-mouth-drought-h113,1007,assessment,11,23.071428571428573,23.247619047619047,11.607142857142858,5.21047619047619,27.58,11.2,22.8,4.9
hand-to-mouth-drought-h113,1007,assessment,12,71.97142857142858,18.685714285714287,8.391705069124423,1.616589861751152,75.36,8.7,18.9,2.1
hand-to-mouth-drought-h113,1008,full,1,102.18,19.268243727598566,8.910609318996416,2.283584229390681,108.38,8.9,19.2,3.1
hand-to-mouth-drought-h113,1008,full,2,119.91777777777779,19.10495283018868,8.369889937106919,4.127987421383648,117.72,8.4,19.1,3.8
hand-to-mouth-drought-h113,1008,full,3,79.88,20.68874551971326,8.842939068100359,5.931182795698925,71.53,8.8,20.6,5.4
hand-to-mouth-drought-h113,1008,full,4,25.317777777777778,21.44985185185185,9.482222222222223,6.870962962962962,27.1,9.6,21.6,6.3
hand-to-mouth-drought-h113,1008,full,5,11.628888888888888,22.940430107526883,11.351469534050178,10.144157706093191,12.9,11.4,22.9,9.1
hand-to-mouth-drought-h113,1008,full,6,1.9555555555555555,25.05385185185185,12.954666666666666,12.212444444444444,2.62,13.1,25.2,11.6
hand-to-mouth-drought-h113,1008,full,7,0.8888888888888888,28.860931899641578,15.705089605734766,14.158136200716845,1.33,15.8,28.9,13.5
hand-to-mouth-drought-h113,1008,full,8,1.5044444444444445,29.994480286738355,16.35247311827957,14.04888888888889,0.28,16.5,30.2,13.6
hand-to-mouth-drought-h113,1008,full,9,3.9755555555555557,29.634370370370373,16.19674074074074,12.724740740740742,2.34,16.2,29.6,12.6
hand-to-mouth-drought-h113,1008,full,10,15.366666666666667,26.059139784946236,13.918637992831542,8.84057347670251,16.87,14.1,26.2,9.2
hand-to-mouth-drought-h113,1008,full,11,30.471111111111114,22.83837037037037,11.236518518518517,4.838962962962963,27.58,11.2,22.8,4.9
hand-to-mouth-drought-h113,1008,full,12,65.64666666666666,19.10415770609319,8.810035842293907,2.0887455197132616,75.36,8.7,18.9,2.1
hand-to-mouth-drought-h113,1008,assessment,1,128.15714285714287,19.68663594470046,9.22073732718894,2.4820276497695852,108.38,8.9,19.2,3.1
hand-to-mouth-drought-h113,1008,assessment,2,155.07142857142858,19.68030303030303,8.567676767676769,4.329292929292929,117.72,8.4,19.1,3.8
hand-to-mouth-drought-h113,1008,assessment,3,152.78571428571428,20.475576036866357,8.592626728110599,5.685714285714286,71.53,8.8,20.6,5.4
hand-to-mouth-drought-h113,1008,assessment,4,11.671428571428573,21.423333333333332,9.394761904761905,6.6361904761904755,27.1,9.6,21.6,6.3
hand-to-mouth-drought-h113,1008,assessment,5,16.657142857142855,22.71013824884793,11.252073732718893,9.885253456221198,12.9,11.4,22.9,9.1
hand-to-mouth-drought-h113,1008,assessment,6,4.8999999999999995,24.788095238095238,12.852380952380953,12.002380952380953,2.62,13.1,25.2,11.6
hand-to-mouth-drought-h113,1008,assessment,7,0.39999999999999997,29.146543778801846,15.87557603686636,14.394009216589861,1.33,15.8,28.9,13.5
hand-to-mouth-drought-h113,1008,assessment,8,0.7428571428571429,29.809677419354838,16.236866359447006,13.898617511520737,0.28,16.5,30.2,13.6
hand-to-mouth-drought-h113,1008,assessment,9,7.8,29.330952380952382,15.81857142857143,12.477142857142857,2.34,16.2,29.6,12.6
hand-to-mouth-drought-h113,1008,assessment,10,23.914285714285715,25.925345622119817,13.822119815668204,8.588940092165899,16.87,14.1,26.2,9.2
hand-to-mouth-drought-h113,1008,assessment,11,28.814285714285713,22.297142857142855,10.701904761904762,4.279999999999999,27.58,11.2,22.8,4.9
hand-to-mouth-drought-h113,1008,assessment,12,66.04285714285714,19.0036866359447,8.621198156682027,1.9516129032258065,75.36,8.7,18.9,2.1
hand-to-mouth-drought-h113,1009,full,1,107.78888888888889,19.25835125448029,8.858494623655915,2.2562007168458784,108.38,8.9,19.2,3.1
hand-to-mouth-drought-h113,1009,full,2,111.28666666666666,19.05558176100629,8.286713836477988,4.0798742138364785,117.72,8.4,19.1,3.8
hand-to-mouth-drought-h113,1009,full,3,78.62,20.678064516129034,8.91326164874552,6.02078853046595,71.53,8.8,20.6,5.4
hand-to-mouth-drought-h113,1009,full,4,27.342222222222226,21.36925925925926,9.463555555555555,6.872222222222222,27.1,9.6,21.6,6.3
hand-to-mouth-drought-h113,1009,full,5,9.528888888888888,23.07620071684588,11.384802867383511,10.174767025089606,12.9,11.4,22.9,9.1
hand-to-mouth-drought-h113,1009,full,6,1.2066666666666666,25.164518518518516,13.030740740740741,12.290296296296297,2.62,13.1,25.2,11.6
hand-to-mouth-drought-h113,1009,full,7,0.8266666666666668,28.81935483870968,15.674767025089606,14.062652329749104,1.33,15.8,28.9,13.5
hand-to-mouth-drought-h113,1009,full,8,1.251111111111111,29.967813620071684,16.386236559139785,14.121075268817206,0.28,16.5,30.2,13.6
hand-to-mouth-drought-h113,1009,full,9,2.048888888888889,29.46288888888889,16.153185185185183,12.685407407407407,2.34,16.2,29.6,12.6
hand-to-mouth-drought-h113,1009,full,10,14.897777777777778,26.060716845878133,13.91885304659498,8.868172043010754,16.87,14.1,26.2,9.2
hand-to-mouth-drought-h113,1009,full,11,28.031111111111112,22.845777777777776,11.237851851851852,4.8373333333333335,27.58,11.2,22.8,4.9
hand-to-mouth-drought-h113,1009,full,12,70.92222222222222,19.080716845878136,8.76573476702509,2.0110394265232974,75.36,8.7,18.9,2.1
hand-to-mouth-drought-h113,1009,assessment,1,66.48571428571428,19.693087557603686,9.10921658986175,2.547465437788018,108.38,8.9,19.2,3.1
hand-to-mouth-drought-h113,1009,assessment,2,75.58571428571429,19.082828282828284,8.313131313131313,4.180303030303031,117.72,8.4,19.1,3.8
hand-to-mouth-drought-h113,1009,assessment,3,77.22857142857143,20.876497695852535,9.050691244239632,6.299078341013825,71.53,8.8,20.6,5.4
hand-to-mouth-drought-h113,1009,assessment,4,32.81428571428571,21.53904761904762,9.432857142857143,6.809523809523809,27.1,9.6,21.6,6.3
hand-to-mouth-drought-h113,1009,assessment,5,3.857142857142857,23.529032258064518,11.47188940092166,10.364976958525345,12.9,11.4,22.9,9.1
hand-to-mouth-drought-h113,1009,assessment,6,1.0142857142857142,25.556666666666665,13.195714285714285,12.343809523809522,2.62,13.1,25.2,11.6
hand-to-mouth-drought-h113,1009,assessment,7,1.2285714285714284,28.97327188940092,15.833179723502305,14.059447004608295,1.33,15.8,28.9,13.5
hand-to-mouth-drought-h113,1009,assessment,8,2.3000000000000003,29.498156682027652,16.155299539170507,13.848387096774193,0.28,16.5,30.2,13.6
hand-to-mouth-drought-h113,1009,assessment,9,1.9285714285714286,29.55428571428571,16.224285714285713,12.766666666666667,2.34,16.2,29.6,12.6
hand-to-mouth-drought-h113,1009,assessment,10,2.4714285714285715,26.178801843317974,13.643778801843316,8.564516129032258,16.87,14.1,26.2,9.2
hand-to-mouth-drought-h113,1009,assessment,11,31.457142857142856,22.81904761904762,11.256666666666668,4.808095238095238,27.58,11.2,22.8,4.9
hand-to-mouth-drought-h113,1009,assessment,12,84.51428571428572,19.648847926267283,8.960829493087557,2.1451612903225805,75.36,8.7,18.9,2.1
hand-to-mouth-drought-h113,1010,full,1,116.56888888888889,19.282437275985664,8.938853046594982,2.360573476702509,108.38,8.9,19.2,3.1
hand-to-mouth-drought-h113,1010,full,2,107.92222222222222,18.97389937106918,8.29496855345912,4.025628930817611,117.72,8.4,19.1,3.8
hand-to-mouth-drought-h113,1010,full,3,67.80666666666667,20.529032258064515,8.794336917562724,5.908028673835126,71.53,8.8,20.6,5.4
hand-to-mouth-drought-h113,1010,full,4,28.35333333333333,21.59125925925926,9.547555555555556,6.978666666666667,27.1,9.6,21.6,6.3
hand-to-mouth-drought-h113,1010,full,5,13.864444444444445,22.974480286738352,11.355268817204301,10.131182795698924,12.9,11.4,22.9,9.1
hand-to-mouth-drought-h113,1010,full,6,2.417777777777778,25.03562962962963,12.938444444444446,12.22888888888889,2.62,13.1,25.2,11.6
hand-to-mouth-drought-h113,1010,full,7,1.1755555555555555,28.73046594982079,15.68336917562724,14.06731182795699,1.33,15.8,28.9,13.5
hand-to-mouth-drought-h113,1010,full,8,0.3844444444444445,30.054982078853044,16.389175627240146,14.108458781362007,0.28,16.5,30.2,13.6
hand-to-mouth-drought-h113,1010,full,9,2.506666666666667,29.65711111111111,16.18488888888889,12.794296296296295,2.34,16.2,29.6,12.6
hand-to-mouth-drought-h113,1010,full,10,18.011111111111113,26.203225806451613,14.013333333333332,8.963584229390682,16.87,14.1,26.2,9.2
hand-to-mouth-drought-h113,1010,full,11,32.913333333333334,22.839111111111112,11.313333333333333,4.9345185185185185,27.58,11.2,22.8,4.9
hand-to-mouth-drought-h113,1010,full,12,67.79777777777778,18.970824372759857,8.722508960573476,1.9512544802867384,75.36,8.7,18.9,2.1
hand-to-mouth-drought-h113,1010,assessment,1,156.98571428571427,19.03824884792627,8.806451612903226,2.385253456221198,108.38,8.9,19.2,3.1
hand-to-mouth-drought-h113,1010,assessment,2,114.44285714285715,18.997474747474747,8.13888888888889,3.8,117.72,8.4,19.1,3.8
hand-to-mouth-drought-h113,1010,assessment,3,28.91428571428571,20.516589861751154,8.886635944700462,6.28110599078341,71.53,8.8,20.6,5.4
hand-to-mouth-drought-h113,1010,assessment,4,51.67142857142857,21.61857142857143,9.443809523809524,7.018571428571429,27.1,9.6,21.6,6.3
hand-to-mouth-drought-h113,1010,assessment,5,18.0,23.07926267281106,11.32672811059908,9.859907834101381,12.9,11.4,22.9,9.1
hand-to-mouth-drought-h113,1010,assessment,6,3.785714285714285,25.18619047619048,13.051428571428572,12.585238095238095,2.62,13.1,25.2,11.6
hand-to-mouth-drought-h113,1010,assessment,7,0.4571428571428572,28.60322580645161,15.747465437788017,14.37373271889401,1.33,15.8,28.9,13.5
hand-to-mouth-drought-h113,1010,assessment,8,0.04285714285714286,30.261751152073735,16.42073732718894,14.12073732718894,0.28,16.5,30.2,13.6
hand-to-mouth-drought-h113,1010,assessment,9,0.19999999999999998,29.774761904761903,16.214761904761904,12.721428571428572,2.34,16.2,29.6,12.6
hand-to-mouth-drought-h113,1010,assessment,10,12.299999999999999,26.000921658986176,13.780184331797235,8.565437788018434,16.87,14.1,26.2,9.2
hand-to-mouth-drought-h113,1010,assessment,11,18.857142857142858,22.88714285714286,11.546666666666667,5.187142857142857,27.58,11.2,22.8,4.9
hand-to-mouth-drought-h113,1010,assessment,12,48.785714285714285,18.868663594470046,8.675576036866358,1.668663594470046,75.36,8.7,18.9,2.1
hand-to-mouth-drought-h74,1001,full,1,111.32444444444445,19.24530465949821,8.829390681003584,2.20494623655914,118.25,8.9,19.2,3.0
hand-to-mouth-drought-h74,1001,full,2,127.55777777777779,19.113679245283016,8.217688679245283,4.108883647798742,128.13,8.3,19.2,3.7
hand-to-mouth-drought-h74,1001,full,3,77.40444444444444,20.669247311827956,8.778279569892474,5.915483870967742,78.44,8.7,20.7,5.3
hand-to-mouth-drought-h74,1001,full,4,34.85333333333334,21.63548148148148,9.473925925925926,6.96037037037037,31.35,9.6,21.8,6.2
hand-to-mouth-drought-h74,1001,full,5,10.175555555555555,23.231971326164874,11.274767025089606,10.065591397849463,14.37,11.3,23.1,9.1
hand-to-mouth-drought-h74,1001,full,6,2.311111111111111,25.358370370370373,13.015333333333334,12.314962962962964,2.78,13.1,25.5,11.5
hand-to-mouth-drought-h74,1001,full,7,0.8599999999999999,29.155627240143367,15.642293906810036,14.143584229390681,1.54,15.7,29.2,13.4
hand-to-mouth-drought-h74,1001,full,8,2.62,30.17648745519713,16.231326164874552,14.012401433691755,0.34,16.4,30.4,13.5
hand-to-mouth-drought-h74,1001,full,9,3.7244444444444444,29.743185185185187,16.067925925925927,12.673333333333334,2.57,16.1,29.8,12.5
hand-to-mouth-drought-h74,1001,full,10,18.23111111111111,26.43111111111111,13.875340501792113,8.958566308243729,18.06,14.0,26.5,9.1
hand-to-mouth-drought-h74,1001,full,11,31.677777777777777,22.897185185185187,11.15474074074074,4.856814814814815,31.25,11.1,22.9,4.7
hand-to-mouth-drought-h74,1001,full,12,80.07555555555555,18.922508960573477,8.606451612903227,1.9883870967741937,81.07,8.6,18.9,1.9
hand-to-mouth-drought-h74,1001,assessment,1,95.35714285714286,19.0294930875576,8.583410138248848,1.8866359447004608,118.25,8.9,19.2,3.0
hand-to-mouth-drought-h74,1001,assessment,2,171.34285714285716,19.161616161616163,8.051010101010101,4.196969696969697,128.13,8.3,19.2,3.7
hand-to-mouth-drought-h74,1001,assessment,3,66.32857142857144,20.407834101382488,8.768663594470047,5.64147465437788,78.44,8.7,20.7,5.3
hand-to-mouth-drought-h74,1001,assessment,4,65.9857142857143,21.751428571428573,9.661904761904761,7.097142857142858,31.35,9.6,21.8,6.2
hand-to-mouth-drought-h74,1001,assessment,5,9.785714285714286,22.85437788018433,10.912442396313365,9.731797235023043,14.37,11.3,23.1,9.1
hand-to-mouth-drought-h74,1001,assessment,6,6.985714285714286,25.73095238095238,13.368571428571428,12.40952380952381,2.78,13.1,25.5,11.5
hand-to-mouth-drought-h74,1001,assessment,7,0.8285714285714285,29.485714285714284,15.588940092165899,14.223963133640552,1.54,15.7,29.2,13.4
hand-to-mouth-drought-h74,1001,assessment,8,9.12857142857143,30.325806451612902,16.21290322580645,14.121198156682029,0.34,16.4,30.4,13.5
hand-to-mouth-drought-h74,1001,assessment,9,2.728571428571428,29.64857142857143,15.89142857142857,12.466666666666667,2.57,16.1,29.8,12.5
hand-to-mouth-drought-h74,1001,assessment,10,8.742857142857144,26.582488479262672,13.775115207373272,8.793548387096774,18.06,14.0,26.5,9.1
hand-to-mouth-drought-h74,1001,assessment,11,27.314285714285713,22.914285714285715,11.06904761904762,4.70952380952381,31.25,11.1,22.9,4.7
hand-to-mouth-drought-h74,1001,assessment,12,76.45714285714287,18.929953917050693,8.61705069124424,2.153456221198157,81.07,8.6,18.9,1.9
hand-to-mouth-drought-h74,1002,full,1,133.1977777777778,19.313763440860214,8.91641577060932,2.317204301075269,118.25,8.9,19.2,3.0
hand-to-mouth-drought-h74,1002,full,2,134.30666666666667,19.071619496855345,8.208962264150943,4.0308176100628925,128.13,8.3,19.2,3.7
hand-to-mouth-drought-h74,1002,full,3,77.36,20.765806451612903,8.707598566308244,5.946236559139785,78.44,8.7,20.7,5.3
hand-to-mouth-drought-h74,1002,full,4,40.76,21.638814814814815,9.462740740740742,6.899851851851851,31.35,9.6,21.8,6.2
hand-to-mouth-drought-h74,1002,full,5,12.113333333333333,23.224444444444444,11.238566308243728,10.07146953405018,14.37,11.3,23.1,9.1
hand-to-mouth-drought-h74,1002,full,6,2.3866666666666667,25.30637037037037,12.978592592592591,12.323037037037036,2.78,13.1,25.5,11.5
hand-to-mouth-drought-h74,1002,full,7,0.7822222222222222,29.101003584229392,15.617777777777777,14.038709677419355,1.54,15.7,29.2,13.4
hand-to-mouth-drought-h74,1002,full,8,0.6022222222222222,30.25182795698925,16.244516129032256,14.007025089605735,0.34,16.4,30.4,13.5
hand-to-mouth-drought-h74,1002,full,9,2.4644444444444447,29.720148148148144,16.12014814814815,12.803555555555555,2.57,16.1,29.8,12.5
hand-to-mouth-drought-h74,1002,full,10,13.94888888888889,26.45304659498208,13.906093189964158,8.988888888888889,18.06,14.0,26.5,9.1
hand-to-mouth-drought-h74,1002,full,11,25.706666666666667,22.88562962962963,11.139555555555555,4.747851851851852,31.25,11.1,22.9,4.7
hand-to-mouth-drought-h74,1002,full,12,74.30444444444444,18.933333333333334,8.619426523297491,1.9295340501792113,81.07,8.6,18.9,1.9
hand-to-mouth-drought-h74,1002,assessment,1,111.28571428571429,19.173271889400922,8.617972350230414,2.0105990783410137,118.25,8.9,19.2,3.0
hand-to-mouth-drought-h74,1002,assessment,2,120.89999999999999,19.053030303030305,8.392929292929292,4.03030303030303,128.13,8.3,19.2,3.7
hand-to-mouth-drought-h74,1002,assessment,3,59.68571428571429,20.99216589861751,8.497695852534562,5.943317972350231,78.44,8.7,20.7,5.3
hand-to-mouth-drought-h74,1002,assessment,4,47.25714285714286,21.752857142857145,9.322380952380952,6.504761904761905,31.35,9.6,21.8,6.2
hand-to-mouth-drought-h74,1002,assessment,5,12.299999999999999,23.523041474654377,11.229953917050691,9.972811059907833,14.37,11.3,23.1,9.1
hand-to-mouth-drought-h74,1002,assessment,6,0.8285714285714285,25.02857142857143,12.875238095238096,12.188571428571429,2.78,13.1,25.5,11.5
hand-to-mouth-drought-h74,1002,assessment,7,0.0,29.6889400921659,15.885714285714284,14.321658986175116,1.54,15.7,29.2,13.4
hand-to-mouth-drought-h74,1002,assessment,8,0.12857142857142856,30.13410138248848,16.099078341013826,13.760829493087558,0.34,16.4,30.4,13.5
hand-to-mouth-drought-h74,1002,assessment,9,5.1000000000000005,29.364761904761906,15.96809523809524,12.634761904761906,2.57,16.1,29.8,12.5
hand-to-mouth-drought-h74,1002,assessment,10,11.571428571428571,27.08294930875576,14.18663594470046,9.270506912442396,18.06,14.0,26.5,9.1
hand-to-mouth-drought-h74,1002,assessment,11,16.942857142857143,22.878095238095238,11.134761904761906,4.367619047619048,31.25,11.1,22.9,4.7
hand-to-mouth-drought-h74,1002,assessment,12,73.22857142857143,18.923502304147465,8.431797235023042,1.6350230414746545,81.07,8.6,18.9,1.9
hand-to-mouth-drought-h74,1003,full,1,123.09111111111112,19.29168458781362,8.971326164874553,2.351899641577061,118.25,8.9,19.2,3.0
hand-to-mouth-drought-h74,1003,full,2,124.00888888888888,19.198270440251573,8.208883647798743,4.0747641509433965,128.13,8.3,19.2,3.7
hand-to-mouth-drought-h74,1003,full,3,80.6288888888889,20.737275985663082,8.719928315412186,5.86078853046595,78.44,8.7,20.7,5.3
hand-to-mouth-drought-h74,1003,full,4,34.63333333333333,21.77251851851852,9.509481481481481,6.9348888888888895,31.35,9.6,21.8,6.2
hand-to-mouth-drought-h74,1003,full,5,13.404444444444445,23.197060931899642,11.278064516129032,10.157132616487456,14.37,11.3,23.1,9.1
hand-to-mouth-drought-h74,1003,full,6,1.6444444444444444,25.33711111111111,13.009629629629629,12.29948148148148,2.78,13.1,25.5,11.5
hand-to-mouth-drought-h74,1003,full,7,1.4133333333333333,29.13017921146953,15.656989247311827,14.112329749103942,1.54,15.7,29.2,13.4
hand-to-mouth-drought-h74,1003,full,8,1.0555555555555556,30.213620071684588,16.319928315412184,14.064014336917563,0.34,16.4,30.4,13.5
hand-to-mouth-drought-h74,1003,full,9,4.4688888888888885,29.849111111111114,16.107407407407408,12.743777777777776,2.57,16.1,29.8,12.5
hand-to-mouth-drought-h74,1003,full,10,17.57111111111111,26.47405017921147,13.894838709677419,8.976129032258065,18.06,14.0,26.5,9.1
hand-to-mouth-drought-h74,1003,full,11,29.582222222222224,22.98362962962963,11.209555555555555,4.9403703703703705,31.25,11.1,22.9,4.7
hand-to-mouth-drought-h74,1003,full,12,74.49333333333333,18.99921146953405,8.65268817204301,2.0135483870967743,81.07,8.6,18.9,1.9
hand-to-mouth-drought-h74,1003,assessment,1,178.28571428571428,19.29861751152074,9.150230414746543,2.4612903225806453,118.25,8.9,19.2,3.0
hand-to-mouth-drought-h74,1003,assessment,2,123.92857142857143,19.41111111111111,8.405555555555555,4.238383838383839,128.13,8.3,19.2,3.7
hand-to-mouth-drought-h74,1003,assessment,3,61.857142857142854,21.24009216589862,8.848387096774193,5.981566820276497,78.44,8.7,20.7,5.3
hand-to-mouth-drought-h74,1003,assessment,4,30.41428571428571,21.605238095238096,9.18,6.55904761904762,31.35,9.6,21.8,6.2
hand-to-mouth-drought-h74,1003,assessment,5,6.471428571428571,23.187557603686635,11.283410138248849,10.263133640552995,14.37,11.3,23.1,9.1
hand-to-mouth-drought-h74,1003,assessment,6,1.6142857142857143,25.03857142857143,12.988571428571428,12.331428571428571,2.78,13.1,25.5,11.5
hand-to-mouth-drought-h74,1003,assessment,7,1.3571428571428572,29.591705069124423,15.697695852534563,14.175115207373272,1.54,15.7,29.2,13.4
hand-to-mouth-drought-h74,1003,assessment,8,0.12857142857142856,30.318433179723502,16.347926267281107,13.93225806451613,0.34,16.4,30.4,13.5
hand-to-mouth-drought-h74,1003,assessment,9,7.328571428571428,30.065714285714286,16.295714285714286,12.791904761904762,2.57,16.1,29.8,12.5
hand-to-mouth-drought-h74,1003,assessment,10,8.571428571428571,26.625345622119816,14.038709677419355,8.916589861751152,18.06,14.0,26.5,9.1
hand-to-mouth-drought-h74,1003,assessment,11,38.48571428571428,23.15095238095238,11.466190476190476,5.101904761904763,31.25,11.1,22.9,4.7
hand-to-mouth-drought-h74,1003,assessment,12,67.31428571428572,19.55253456221198,8.759907834101384,2.2589861751152074,81.07,8.6,18.9,1.9
hand-to-mouth-drought-h74,1004,full,1,111.0111111111111,19.292186379928314,8.843870967741935,2.24078853046595,118.25,8.9,19.2,3.0
hand-to-mouth-drought-h74,1004,full,2,118.28222222222222,19.158176100628932,8.255503144654089,4.074999999999999,128.13,8.3,19.2,3.7
hand-to-mouth-drought-h74,1004,full,3,82.13777777777779,20.740716845878136,8.744229390681005,5.946523297491039,78.44,8.7,20.7,5.3
hand-to-mouth-drought-h74,1004,full,4,34.675555555555555,21.615703703703705,9.442666666666668,6.854962962962963,31.35,9.6,21.8,6.2
hand-to-mouth-drought-h74,1004,full,5,12.246666666666668,23.239641577060933,11.314408602150538,10.172831541218638,14.37,11.3,23.1,9.1
hand-to-mouth-drought-h74,1004,full,6,1.6222222222222222,25.39185185185185,12.971111111111112,12.304962962962964,2.78,13.1,25.5,11.5
hand-to-mouth-drought-h74,1004,full,7,1.251111111111111,29.13670250896057,15.605376344086022,14.082078853046594,1.54,15.7,29.2,13.4
hand-to-mouth-drought-h74,1004,full,8,1.4644444444444447,30.262580645161293,16.26931899641577,14.055985663082437,0.34,16.4,30.4,13.5
hand-to-mouth-drought-h74,1004,full,9,2.571111111111111,29.857703703703706,16.05311111111111,12.74925925925926,2.57,16.1,29.8,12.5
hand-to-mouth-drought-h74,1004,full,10,16.802222222222223,26.327311827956986,13.858279569892472,8.931039426523297,18.06,14.0,26.5,9.1
hand-to-mouth-drought-h74,1004,full,11,32.32888888888889,22.93237037037037,11.203037037037037,4.884888888888889,31.25,11.1,22.9,4.7
hand-to-mouth-drought-h74,1004,full,12,83.74666666666667,18.99827956989247,8.625232974910395,1.976989247311828,81.07,8.6,18.9,1.9
hand-to-mouth-drought-h74,1004,assessment,1,108.62857142857142,19.057142857142857,8.54331797235023,1.7502304147465437,118.25,8.9,19.2,3.0
hand-to-mouth-drought-h74,1004,assessment,2,153.05714285714288,18.861616161616162,8.208585858585858,3.974747474747475,128.13,8.3,19.2,3.7
hand-to-mouth-drought-h74,1004,assessment,3,89.88571428571429,20.79585253456221,8.850230414746544,6.038248847926267,78.44,8.7,20.7,5.3
hand-to-mouth-drought-h74,1004,assessment,4,37.65714285714286,21.46904761904762,9.514761904761905,6.707142857142857,31.35,9.6,21.8,6.2
hand-to-mouth-drought-h74,1004,assessment,5,24.571428571428573,23.50046082949309,11.379723502304149,10.418433179723504,14.37,11.3,23.1,9.1
hand-to-mouth-drought-h74,1004,assessment,6,0.7857142857142857,25.090476190476192,12.87761904761905,12.25,2.78,13.1,25.5,11.5
hand-to-mouth-drought-h74,1004,assessment,7,1.4857142857142858,29.158986175115206,15.623041474654377,14.173732718894009,1.54,15.7,29.2,13.4
hand-to-mouth-drought-h74,1004,assessment,8,1.457142857142857,30.25069124423963,16.230875576036865,14.03778801843318,0.34,16.4,30.4,13.5
hand-to-mouth-drought-h74,1004,assessment,9,0.5857142857142856,29.827142857142857,15.596666666666668,12.280000000000001,2.57,16.1,29.8,12.5
hand-to-mouth-drought-h74,1004,assessment,10,17.2,26.311981566820275,13.377880184331797,8.483870967741936,18.06,14.0,26.5,9.1
hand-to-mouth-drought-h74,1004,assessment,11,24.87142857142857,22.791904761904764,11.123809523809523,4.697619047619048,31.25,11.1,22.9,4.7
hand-to-mouth-drought-h74,1004,assessment,12,73.77142857142857,19.064976958525346,8.642857142857142,1.7511520737327189,81.07,8.6,18.9,1.9
hand-to-mouth-drought-h74,1005,full,1,137.24444444444444,19.26,8.838064516129032,2.2979928315412184,118.25,8.9,19.2,3.0
hand-to-mouth-drought-h74,1005,full,2,132.04,19.17382075471698,8.191037735849056,4.063050314465409,128.13,8.3,19.2,3.7
hand-to-mouth-drought-h74,1005,full,3,92.14888888888889,20.69247311827957,8.764444444444445,5.989534050179211,78.44,8.7,20.7,5.3
hand-to-mouth-drought-h74,1005,full,4,33.02666666666667,21.794296296296295,9.518666666666666,6.9928888888888885,31.35,9.6,21.8,6.2
hand-to-mouth-drought-h74,1005,full,5,11.04888888888889,23.30035842293907,11.286021505376343,10.098924731182796,14.37,11.3,23.1,9.1
hand-to-mouth-drought-h74,1005,full,6,2.8866666666666667,25.43496296296296,12.988888888888889,12.303407407407406,2.78,13.1,25.5,11.5
hand-to-mouth-drought-h74,1005,full,7,1.537777777777778,29.044444444444444,15.628888888888888,14.004516129032258,1.54,15.7,29.2,13.4
hand-to-mouth-drought-h74,1005,full,8,1.6844444444444446,30.194408602150535,16.26064516129032,14.044014336917563,0.34,16.4,30.4,13.5
hand-to-mouth-drought-h74,1005,full,9,1.6199999999999999,29.791333333333334,16.08562962962963,12.735259259259259,2.57,16.1,29.8,12.5
hand-to-mouth-drought-h74,1005,full,10,15.639999999999999,26.29885304659498,13.850967741935483,8.929534050179212,18.06,14.0,26.5,9.1
hand-to-mouth-drought-h74,1005,full,11,30.115555555555556,22.99059259259259,11.196,4.82162962962963,31.25,11.1,22.9,4.7
hand-to-mouth-drought-h74,1005,full,12,85.91111111111111,19.00594982078853,8.66236559139785,1.9938351254480287,81.07,8.6,18.9,1.9
hand-to-mouth-drought-h74,1005,assessment,1,99.61428571428571,18.934562211981568,8.735023041474655,2.2391705069124423,118.25,8.9,19.2,3.0
hand-to-mouth-drought-h74,1005,assessment,2,115.05714285714285,19.13787878787879,8.052020202020202,3.878787878787879,128.13,8.3,19.2,3.7
hand-to-mouth-drought-h74,1005,assessment,3,108.08571428571429,20.762672811059907,8.669124423963133,6.176497695852534,78.44,8.7,20.7,5.3
hand-to-mouth-drought-h74,1005,assessment,4,25.285714285714285,22.33047619047619,9.699047619047619,7.114761904761904,31.35,9.6,21.8,6.2
hand-to-mouth-drought-h74,1005,assessment,5,5.614285714285714,23.363133640552995,11.28110599078341,10.112442396313364,14.37,11.3,23.1,9.1
hand-to-mouth-drought-h74,1005,assessment,6,3.8857142857142857,25.46952380952381,12.983333333333333,12.104761904761904,2.78,13.1,25.5,11.5
hand-to-mouth-drought-h74,1005,assessment,7,2.8428571428571425,29.047926267281106,15.56820276497696,14.161290322580646,1.54,15.7,29.2,13.4
hand-to-mouth-drought-h74,1005,assessment,8,0.04285714285714286,30.361751152073733,16.416589861751152,14.008294930875577,0.34,16.4,30.4,13.5
hand-to-mouth-drought-h74,1005,assessment,9,0.12857142857142856,30.07857142857143,16.06047619047619,12.79904761904762,2.57,16.1,29.8,12.5
hand-to-mouth-drought-h74,1005,assessment,10,23.74285714285714,26.216589861751153,13.66405529953917,8.556221198156683,18.06,14.0,26.5,9.1
hand-to-mouth-drought-h74,1005,assessment,11,12.87142857142857,23.310000000000002,11.257142857142858,4.881428571428571,31.25,11.1,22.9,4.7
hand-to-mouth-drought-h74,1005,assessment,12,51.74285714285714,18.645622119815666,8.31889400921659,1.640552995391705,81.07,8.6,18.9,1.9
hand-to-mouth-drought-h74,1006,full,1,128.10444444444445,19.184014336917564,8.876774193548387,2.2999283154121866,118.25,8.9,19.2,3.0
hand-to-mouth-drought-h74,1006,full,2,103.09777777777776,19.261477987421383,8.301415094339623,4.109119496855346,128.13,8.3,19.2,3.7
hand-to-mouth-drought-h74,1006,full,3,83.49333333333334,20.75878136200717,8.80573476702509,6.020716845878136,78.44,8.7,20.7,5.3
hand-to-mouth-drought-h74,1006,full,4,37.12888888888889,21.583851851851854,9.47037037037037,6.936,31.35,9.6,21.8,6.2
hand-to-mouth-drought-h74,1006,full,5,11.857777777777779,23.233476702508963,11.249677419354839,10.097060931899641,14.37,11.3,23.1,9.1
hand-to-mouth-drought-h74,1006,full,6,3.0644444444444447,25.363851851851848,12.91,12.196518518518518,2.78,13.1,25.5,11.5
hand-to-mouth-drought-h74,1006,full,7,0.7533333333333333,29.12351254480287,15.595340501792114,14.060573476702508,1.54,15.7,29.2,13.4
hand-to-mouth-drought-h74,1006,full,8,1.9822222222222223,30.18501792114695,16.230752688172043,14.0721146953405,0.34,16.4,30.4,13.5
hand-to-mouth-drought-h74,1006,full,9,2.4733333333333336,29.838740740740743,16.103851851851854,12.727703703703705,2.57,16.1,29.8,12.5
hand-to-mouth-drought-h74,1006,full,10,18.988888888888887,26.392831541218637,13.869247311827955,8.980071684587815,18.06,14.0,26.5,9.1
hand-to-mouth-drought-h74,1006,full,11,31.16,23.025407407407407,11.228074074074074,4.912962962962963,31.25,11.1,22.9,4.7
hand-to-mouth-drought-h74,1006,full,12,76.39333333333335,19.00014336917563,8.636415770609318,2.0136917562724013,81.07,8.6,18.9,1.9
hand-to-mouth-drought-h74,1006,assessment,1,127.55714285714286,19.158525345622117,8.913824884792627,2.191705069124424,118.25,8.9,19.2,3.0
hand-to-mouth-drought-h74,1006,assessment,2,82.47142857142856,19.502525252525253,8.483838383838384,4.175757575757576,128.13,8.3,19.2,3.7
hand-to-mouth-drought-h74,1006,assessment,3,59.41428571428571,20.402764976958522,8.68663594470046,5.857142857142857,78.44,8.7,20.7,5.3
hand-to-mouth-drought-h74,1006,assessment,4,34.65714285714286,21.04904761904762,9.347619047619048,6.8342857142857145,31.35,9.6,21.8,6.2
hand-to-mouth-drought-h74,1006,assessment,5,22.74285714285714,22.711520737327188,11.072350230414745,10.13410138248848,14.37,11.3,23.1,9.1
hand-to-mouth-drought-h74,1006,assessment,6,5.042857142857143,25.55428571428571,12.965238095238094,12.306190476190476,2.78,13.1,25.5,11.5
hand-to-mouth-drought-h74,1006,assessment,7,0.0,28.89308755760369,15.24516129032258,13.738248847926267,1.54,15.7,29.2,13.4
hand-to-mouth-drought-h74,1006,assessment,8,6.742857142857142,30.310138248847927,16.383870967741938,14.378801843317971,0.34,16.4,30.4,13.5
hand-to-mouth-drought-h74,1006,assessment,9,0.42857142857142855,29.974761904761905,16.146190476190476,12.33047619047619,2.57,16.1,29.8,12.5
hand-to-mouth-drought-h74,1006,assessment,10,11.028571428571428,26.045622119815665,13.880645161290323,8.994009216589863,18.06,14.0,26.5,9.1
hand-to-mouth-drought-h74,1006,assessment,11,13.671428571428573,22.89095238095238,11.045238095238096,4.6414285714285715,31.25,11.1,22.9,4.7
hand-to-mouth-drought-h74,1006,assessment,12,59.814285714285724,18.918433179723504,8.649769585253456,2.0732718894009214,81.07,8.6,18.9,1.9
hand-to-mouth-drought-h74,1007,full,1,115.5111111111111,19.150394265232975,8.821290322580646,2.261935483870968,118.25,8.9,19.2,3.0
hand-to-mouth-drought-h74,1007,full,2,127.72888888888889,19.110927672955974,8.17570754716981,4.027437106918239,128.13,8.3,19.2,3.7
hand-to-mouth-drought-h74,1007,full,3,87.71555555555555,20.64537634408602,8.705232974910393,5.9121146953405015,78.44,8.7,20.7,5.3
hand-to-mouth-drought-h74,1007,full,4,31.76222222222222,21.685259259259258,9.549555555555555,7.043111111111112,31.35,9.6,21.8,6.2
hand-to-mouth-drought-h74,1007,full,5,8.106666666666667,23.185949820788533,11.256200716845878,10.101075268817205,14.37,11.3,23.1,9.1
hand-to-mouth-drought-h74,1007,full,6,2.551111111111111,25.37459259259259,12.934518518518518,12.220074074074073,2.78,13.1,25.5,11.5
hand-to-mouth-drought-h74,1007,full,7,1.42,29.197491039426524,15.652974910394267,14.066881720430107,1.54,15.7,29.2,13.4
hand-to-mouth-drought-h74,1007,full,8,3.7644444444444445,30.20752688172043,16.3,14.132329749103942,0.34,16.4,30.4,13.5
hand-to-mouth-drought-h74,1007,full,9,3.8222222222222224,29.725851851851854,16.081925925925926,12.723851851851853,2.57,16.1,29.8,12.5
hand-to-mouth-drought-h74,1007,full,10,14.402222222222223,26.388458781362008,13.856774193548388,8.959354838709677,18.06,14.0,26.5,9.1
hand-to-mouth-drought-h74,1007,full,11,32.92444444444445,23.01703703703704,11.255185185185185,4.920296296296296,31.25,11.1,22.9,4.7
hand-to-mouth-drought-h74,1007,full,12,77.61111111111111,19.04293906810036,8.63426523297491,2.0119713261648746,81.07,8.6,18.9,1.9
hand-to-mouth-drought-h74,1007,assessment,1,109.17142857142858,18.717972350230415,8.519815668202765,2.2078341013824887,118.25,8.9,19.2,3.0
hand-to-mouth-drought-h74,1007,assessment,2,138.8,19.034343434343434,7.7994949494949495,3.3333333333333335,128.13,8.3,19.2,3.7
hand-to-mouth-drought-h74,1007,assessment,3,83.60000000000001,20.950230414746542,8.849308755760369,5.86221198156682,78.44,8.7,20.7,5.3
hand-to-mouth-drought-h74,1007,assessment,4,16.414285714285715,22.26904761904762,9.594761904761905,7.146190476190476,31.35,9.6,21.8,6.2
hand-to-mouth-drought-h74,1007,assessment,5,5.957142857142857,23.220276497695853,11.129493087557604,9.833179723502305,14.37,11.3,23.1,9.1
hand-to-mouth-drought-h74,1007,assessment,6,6.6571428571428575,25.305238095238096,12.912380952380952,12.160952380952383,2.78,13.1,25.5,11.5
hand-to-mouth-drought-h74,1007,assessment,7,1.5571428571428572,29.18433179723502,15.700460829493087,14.045622119815668,1.54,15.7,29.2,13.4
hand-to-mouth-drought-h74,1007,assessment,8,3.9285714285714284,30.358986175115206,16.521198156682026,14.033640552995392,0.34,16.4,30.4,13.5
hand-to-mouth-drought-h74,1007,assessment,9,3.542857142857143,29.96904761904762,16.08142857142857,12.654761904761905,2.57,16.1,29.8,12.5
hand-to-mouth-drought-h74,1007,assessment,10,8.171428571428573,26.232258064516127,13.934101382488478,9.561290322580646,18.06,14.0,26.5,9.1
hand-to-mouth-drought-h74,1007,assessment,11,18.728571428571428,23.347142857142856,11.49904761904762,5.070476190476191,31.25,11.1,22.9,4.7
hand-to-mouth-drought-h74,1007,assessment,12,87.0,18.6963133640553,8.299078341013825,1.8087557603686637,81.07,8.6,18.9,1.9
hand-to-mouth-drought-h74,1008,full,1,107.95555555555555,19.267383512544804,8.893906810035842,2.3001433691756272,118.25,8.9,19.2,3.0
hand-to-mouth-drought-h74,1008,full,2,126.43555555555557,19.209591194968553,8.28066037735849,4.134355345911949,128.13,8.3,19.2,3.7
hand-to-mouth-drought-h74,1008,full,3,82.89111111111112,20.78594982078853,8.743655913978495,5.940430107526882,78.44,8.7,20.7,5.3
hand-to-mouth-drought-h74,1008,full,4,31.628888888888888,21.651629629629632,9.483407407407407,6.924074074074074,31.35,9.6,21.8,6.2
hand-to-mouth-drought-h74,1008,full,5,10.235555555555557,23.13627240143369,11.262508960573477,10.070824372759857,14.37,11.3,23.1,9.1
hand-to-mouth-drought-h74,1008,full,6,1.5711111111111111,25.358,12.95125925925926,12.215185185185184,2.78,13.1,25.5,11.5
hand-to-mouth-drought-h74,1008,full,7,1.4133333333333333,29.149032258064516,15.610681003584231,14.044014336917563,1.54,15.7,29.2,13.4
hand-to-mouth-drought-h74,1008,full,8,1.211111111111111,30.209390681003583,16.25698924731183,14.044301075268816,0.34,16.4,30.4,13.5
hand-to-mouth-drought-h74,1008,full,9,4.74,29.83074074074074,16.09777777777778,12.792740740740742,2.57,16.1,29.8,12.5
hand-to-mouth-drought-h74,1008,full,10,17.137777777777778,26.349820788530465,13.829964157706092,8.913333333333334,18.06,14.0,26.5,9.1
hand-to-mouth-drought-h74,1008,full,11,30.122222222222224,22.936666666666667,11.134666666666666,4.757333333333333,31.25,11.1,22.9,4.7
hand-to-mouth-drought-h74,1008,full,12,63.86666666666667,19.11584229390681,8.721720430107526,2.0450179211469535,81.07,8.6,18.9,1.9
hand-to-mouth-drought-h74,1008,assessment,1,136.18571428571428,19.682488479262673,9.204147465437789,2.7211981566820276,118.25,8.9,19.2,3.0
hand-to-mouth-drought-h74,1008,assessment,2,123.72857142857143,19.782323232323233,8.477272727272727,4.340909090909091,128.13,8.3,19.2,3.7
hand-to-mouth-drought-h74,1008,assessment,3,92.75714285714285,20.572811059907835,8.485253456221198,5.552073732718894,78.44,8.7,20.7,5.3
hand-to-mouth-drought-h74,1008,assessment,4,16.62857142857143,21.629523809523807,9.387619047619047,6.752857142857143,31.35,9.6,21.8,6.2
hand-to-mouth-drought-h74,1008,assessment,5,7.457142857142857,22.90506912442396,11.163133640552996,9.643778801843316,14.37,11.3,23.1,9.1
hand-to-mouth-drought-h74,1008,assessment,6,1.4857142857142858,25.087142857142858,12.839047619047617,11.938095238095238,2.78,13.1,25.5,11.5
hand-to-mouth-drought-h74,1008,assessment,7,0.9714285714285714,29.43778801843318,15.783870967741935,14.287096774193548,1.54,15.7,29.2,13.4
hand-to-mouth-drought-h74,1008,assessment,8,2.8000000000000003,30.0294930875576,16.142396313364056,13.741935483870968,0.34,16.4,30.4,13.5
hand-to-mouth-drought-h74,1008,assessment,9,7.814285714285715,29.526190476190475,15.713809523809525,12.136190476190476,2.57,16.1,29.8,12.5
hand-to-mouth-drought-h74,1008,assessment,10,15.842857142857143,26.211520737327188,13.73225806451613,9.047926267281106,18.06,14.0,26.5,9.1
hand-to-mouth-drought-h74,1008,assessment,11,32.042857142857144,22.39238095238095,10.596666666666668,4.086666666666667,31.25,11.1,22.9,4.7
hand-to-mouth-drought-h74,1008,assessment,12,58.08571428571429,19.012442396313364,8.529493087557604,1.8317972350230414,81.07,8.6,18.9,1.9
hand-to-mouth-drought-h74,1009,full,1,121.81333333333335,19.2568458781362,8.842365591397849,2.2208602150537633,118.25,8.9,19.2,3.0
hand-to-mouth-drought-h74,1009,full,2,124.77111111111111,19.160220125786164,8.211635220125787,4.104402515723271,128.13,8.3,19.2,3.7
hand-to-mouth-drought-h74,1009,full,3,86.24222222222222,20.774982078853046,8.814982078853046,5.973405017921147,78.44,8.7,20.7,5.3
hand-to-mouth-drought-h74,1009,full,4,29.757777777777775,21.569925925925926,9.458148148148148,6.956888888888888,31.35,9.6,21.8,6.2
hand-to-mouth-drought-h74,1009,full,5,10.695555555555556,23.27426523297491,11.297777777777778,10.067311827956988,14.37,11.3,23.1,9.1
hand-to-mouth-drought-h74,1009,full,6,2.091111111111111,25.46562962962963,13.022222222222222,12.326666666666666,2.78,13.1,25.5,11.5
hand-to-mouth-drought-h74,1009,full,7,0.8266666666666668,29.107240143369175,15.580071684587814,14.09863799283154,1.54,15.7,29.2,13.4
hand-to-mouth-drought-h74,1009,full,8,1.3133333333333335,30.18236559139785,16.29010752688172,14.09741935483871,0.34,16.4,30.4,13.5
hand-to-mouth-drought-h74,1009,full,9,2.933333333333333,29.658814814814814,16.056592592592594,12.666518518518519,2.57,16.1,29.8,12.5
hand-to-mouth-drought-h74,1009,full,10,15.515555555555556,26.35304659498208,13.829390681003584,8.95505376344086,18.06,14.0,26.5,9.1
hand-to-mouth-drought-h74,1009,full,11,31.0,22.94562962962963,11.132518518518518,4.833259259259259,31.25,11.1,22.9,4.7
hand-to-mouth-drought-h74,1009,full,12,77.63777777777779,19.09240143369176,8.678136200716846,2.0380645161290323,81.07,8.6,18.9,1.9
hand-to-mouth-drought-h74,1009,assessment,1,103.91428571428571,19.695852534562214,9.0963133640553,2.4442396313364054,118.25,8.9,19.2,3.0
hand-to-mouth-drought-h74,1009,assessment,2,102.25714285714285,19.18686868686869,8.23030303030303,4.324747474747475,128.13,8.3,19.2,3.7
hand-to-mouth-drought-h74,1009,assessment,3,87.81428571428572,20.9705069124424,8.946082949308755,6.2055299539170505,78.44,8.7,20.7,5.3
hand-to-mouth-drought-h74,1009,assessment,4,30.271428571428572,21.74142857142857,9.428095238095239,7.0928571428571425,31.35,9.6,21.8,6.2
hand-to-mouth-drought-h74,1009,assessment,5,9.728571428571428,23.723963133640556,11.384331797235024,9.912442396313365,14.37,11.3,23.1,9.1
hand-to-mouth-drought-h74,1009,assessment,6,1.7285714285714284,25.85904761904762,13.186666666666666,12.178571428571429,2.78,13.1,25.5,11.5
hand-to-mouth-drought-h74,1009,assessment,7,1.5285714285714285,29.25990783410138,15.742396313364054,14.352534562211982,1.54,15.7,29.2,13.4
hand-to-mouth-drought-h74,1009,assessment,8,2.4857142857142853,29.717972350230415,16.061751152073732,13.90552995391705,0.34,16.4,30.4,13.5
hand-to-mouth-drought-h74,1009,assessment,9,1.1428571428571428,29.752857142857145,16.12238095238095,12.438571428571429,2.57,16.1,29.8,12.5
hand-to-mouth-drought-h74,1009,assessment,10,9.985714285714286,26.470967741935482,13.550230414746544,8.620276497695851,18.06,14.0,26.5,9.1
hand-to-mouth-drought-h74,1009,assessment,11,28.642857142857142,22.918571428571425,11.152380952380952,4.79047619047619,31.25,11.1,22.9,4.7
hand-to-mouth-drought-h74,1009,assessment,12,95.3,19.661751152073734,8.872811059907834,2.321658986175115,81.07,8.6,18.9,1.9
hand-to-mouth-drought-h74,1010,full,1,131.16666666666666,19.282222222222224,8.920931899641577,2.347598566308244,118.25,8.9,19.2,3.0
hand-to-mouth-drought-h74,1010,full,2,114.12666666666667,19.07885220125786,8.205817610062892,4.064544025157233,128.13,8.3,19.2,3.7
hand-to-mouth-drought-h74,1010,full,3,74.52,20.62530465949821,8.693118279569893,5.8847311827957,78.44,8.7,20.7,5.3
hand-to-mouth-drought-h74,1010,full,4,37.62222222222222,21.793111111111113,9.54088888888889,7.049703703703704,31.35,9.6,21.8,6.2
hand-to-mouth-drought-h74,1010,full,5,13.026666666666667,23.170394265232975,11.270250896057348,10.127885304659499,14.37,11.3,23.1,9.1
hand-to-mouth-drought-h74,1010,full,6,3.12,25.337555555555554,12.934666666666667,12.295111111111112,2.78,13.1,25.5,11.5
hand-to-mouth-drought-h74,1010,full,7,1.2666666666666668,29.018207885304662,15.589534050179212,14.039139784946235,1.54,15.7,29.2,13.4
hand-to-mouth-drought-h74,1010,full,8,0.5866666666666667,30.269677419354835,16.291326164874555,14.106666666666666,0.34,16.4,30.4,13.5
hand-to-mouth-drought-h74,1010,full,9,2.575555555555556,29.852666666666664,16.07896296296296,12.713481481481482,2.57,16.1,29.8,12.5
hand-to-mouth-drought-h74,1010,full,10,18.677777777777777,26.49483870967742,13.918637992831542,9.040430107526882,18.06,14.0,26.5,9.1
hand-to-mouth-drought-h74,1010,full,11,35.37777777777778,22.933703703703703,11.20711111111111,4.924296296296297,31.25,11.1,22.9,4.7
hand-to-mouth-drought-h74,1010,full,12,72.69777777777777,18.983440860215055,8.632974910394266,1.9726164874551972,81.07,8.6,18.9,1.9
hand-to-mouth-drought-h74,1010,assessment,1,141.42857142857142,19.03778801843318,8.788940092165898,2.012903225806452,118.25,8.9,19.2,3.0
hand-to-mouth-drought-h74,1010,assessment,2,133.92857142857142,19.103535353535353,8.0489898989899,3.913131313131313,128.13,8.3,19.2,3.7
hand-to-mouth-drought-h74,1010,assessment,3,70.6,20.614285714285714,8.791244239631336,6.030414746543778,78.44,8.7,20.7,5.3
hand-to-mouth-drought-h74,1010,assessment,4,72.12857142857142,21.81714285714286,9.44047619047619,7.132380952380952,31.35,9.6,21.8,6.2
hand-to-mouth-drought-h74,1010,assessment,5,19.67142857142857,23.275115207373272,11.235483870967741,9.920737327188942,14.37,11.3,23.1,9.1
hand-to-mouth-drought-h74,1010,assessment,6,6.985714285714286,25.485714285714284,13.042380952380952,12.632380952380954,2.78,13.1,25.5,11.5
hand-to-mouth-drought-h74,1010,assessment,7,0.8857142857142858,28.891705069124423,15.654377880184331,13.957142857142856,1.54,15.7,29.2,13.4
hand-to-mouth-drought-h74,1010,assessment,8,0.04285714285714286,30.476036866359447,16.32442396313364,14.147926267281106,0.34,16.4,30.4,13.5
hand-to-mouth-drought-h74,1010,assessment,9,0.04285714285714286,29.97,16.107142857142858,12.932857142857143,2.57,16.1,29.8,12.5
hand-to-mouth-drought-h74,1010,assessment,10,12.657142857142858,26.292626728110598,13.680645161290322,8.800460829493089,18.06,14.0,26.5,9.1
hand-to-mouth-drought-h74,1010,assessment,11,46.05714285714286,22.98,11.44142857142857,5.22047619047619,31.25,11.1,22.9,4.7
hand-to-mouth-drought-h74,1010,assessment,12,60.785714285714285,18.880184331797235,8.586635944700461,1.88110599078341,81.07,8.6,18.9,1.9
apostolic-saw-h1153,1001,full,1,142.21200000000002,2.722064516129032,-4.672645161290323,-2.484258064516129,145.75,-4.7,2.5,-4.4
apostolic-saw-h1153,1001,full,2,132.152,4.496888260254597,-4.311173974540311,-1.386845827439887,128.16,-4.2,4.7,-3.9
apostolic-saw-h1153,1001,full,3,126.652,9.134193548387097,-2.309806451612903,0.8312258064516129,136.07,-2.4,9.1,-2.6
apostolic-saw-h1153,1001,full,4,108.088,12.253466666666666,0.021466666666666672,2.569733333333333,113.63,0.2,12.4,-0.4
apostolic-saw-h1153,1001,full,5,91.42,17.12232258064516,3.520516129032258,5.785677419354839,94.24,3.5,17.1,2.9
apostolic-saw-h1153,1001,full,6,71.62,20.751333333333335,5.9756,7.5384,64.01,6.2,21.0,5.3
apostolic-saw-h1153,1001,full,7,10.912,26.721806451612906,8.897677419354839,8.00941935483871,14.64,8.9,27.0,6.0
apostolic-saw-h1153,1001,full,8,17.788,26.79225806451613,8.543870967741935,7.682709677419355,17.73,8.8,27.2,5.3
apostolic-saw-h1153,1001,full,9,30.088,22.03813333333333,5.833866666666666,6.179733333333334,32.2,5.8,22.0,3.2
apostolic-saw-h1153,1001,full,10,89.6,13.924645161290323,1.479225806451613,3.760516129032258,97.09,1.4,14.0,0.7
apostolic-saw-h1153,1001,full,11,144.4,7.093733333333334,-1.7330666666666665,0.4862666666666666,146.17,-1.7,6.8,-1.8
apostolic-saw-h1153,1001,full,12,147.056,1.8668387096774193,-4.96516129032258,-2.847741935483871,150.25,-5.0,1.8,-4.6
apostolic-saw-h1153,1001,assessment,1,137.21428571428572,2.3797235023041474,-5.12258064516129,-2.791705069124424,145.75,-4.7,2.5,-4.4
apostolic-saw-h1153,1001,assessment,2,127.58571428571427,4.226767676767676,-4.562626262626263,-1.6252525252525254,128.16,-4.2,4.7,-3.9
apostolic-saw-h1153,1001,assessment,3,131.52857142857144,9.295852534562211,-2.1797235023041477,1.0811059907834102,136.07,-2.4,9.1,-2.6
apostolic-saw-h1153,1001,assessment,4,109.88571428571429,12.252380952380953,0.06190476190476192,2.607142857142857,113.63,0.2,12.4,-0.4
apostolic-saw-h1153,1001,assessment,5,111.45714285714284,17.22442396313364,3.723963133640553,5.911059907834102,94.24,3.5,17.1,2.9
apostolic-saw-h1153,1001,assessment,6,74.87142857142858,20.694761904761904,5.812857142857143,7.39095238095238,64.01,6.2,21.0,5.3
apostolic-saw-h1153,1001,assessment,7,14.642857142857142,26.531336405529956,8.714746543778801,7.812442396313364,14.64,8.9,27.0,6.0
apostolic-saw-h1153,1001,assessment,8,18.185714285714287,26.77741935483871,8.4,7.538709677419355,17.73,8.8,27.2,5.3
apostolic-saw-h1153,1001,assessment,9,22.400000000000002,21.759047619047617,5.737619047619048,6.045238095238095,32.2,5.8,22.0,3.2
apostolic-saw-h1153,1001,assessment,10,76.44285714285715,13.49400921658986,1.2894009216589861,3.5004608294930875,97.09,1.4,14.0,0.7
apostolic-saw-h1153,1001,assessment,11,119.75714285714285,7.0909523809523805,-1.602857142857143,0.5414285714285715,146.17,-1.7,6.8,-1.8
apostolic-saw-h1153,1001,assessment,12,148.35714285714286,1.8880184331797234,-4.825345622119816,-2.7244239631336407,150.25,-5.0,1.8,-4.6
apostolic-saw-h1153,1002,full,1,143.64,2.815483870967742,-4.617935483870967,-2.4403870967741934,145.75,-4.7,2.5,-4.4
apostolic-saw-h1153,1002,full,2,130.17600000000002,4.666195190947666,-4.288118811881188,-1.346817538896747,128.16,-4.2,4.7,-3.9
apostolic-saw-h1153,1002,full,3,123.304,9.077290322580644,-2.4081290322580644,0.7544516129032258,136.07,-2.4,9.1,-2.6
apostolic-saw-h1153,1002,full,4,114.264,12.106399999999999,0.03826666666666668,2.5125333333333333,113.63,0.2,12.4,-0.4
apostolic-saw-h1153,1002,full,5,90.412,17.02193548387097,3.4953548387096776,5.832903225806452,94.24,3.5,17.1,2.9
apostolic-saw-h1153,1002,full,6,66.408,20.831466666666667,6.024933333333333,7.5228,64.01,6.2,21.0,5.3
apostolic-saw-h1153,1002,full,7,7.244,26.65483870967742,8.76941935483871,7.900129032258065,14.64,8.9,27.0,6.0
apostolic-saw-h1153,1002,full,8,17.756,26.84658064516129,8.546709677419354,7.680645161290323,17.73,8.8,27.2,5.3
apostolic-saw-h1153,1002,full,9,27.864,21.958266666666667,5.8213333333333335,6.218666666666667,32.2,5.8,22.0,3.2
apostolic-saw-h1153,1002,full,10,85.764,13.845548387096773,1.3570322580645162,3.584129032258064,97.09,1.4,14.0,0.7
apostolic-saw-h1153,1002,full,11,151.124,6.959199999999999,-1.7317333333333333,0.43066666666666664,146.17,-1.7,6.8,-1.8
apostolic-saw-h1153,1002,full,12,155.67600000000002,1.783483870967742,-5.047225806451613,-2.9805161290322584,150.25,-5.0,1.8,-4.6
apostolic-saw-h1153,1002,assessment,1,156.4857142857143,2.7857142857142856,-4.649769585253456,-2.513824884792627,145.75,-4.7,2.5,-4.4
apostolic-saw-h1153,1002,assessment,2,123.11428571428571,4.974747474747475,-3.992929292929293,-0.9272727272727272,128.16,-4.2,4.7,-3.9
apostolic-saw-h1153,1002,assessment,3,133.14285714285714,8.906451612903226,-2.328110599078341,0.8617511520737328,136.07,-2.4,9.1,-2.6
apostolic-saw-h1153,1002,assessment,4,128.4857142857143,12.197619047619048,0.05952380952380955,2.4376190476190476,113.63,0.2,12.4,-0.4
apostolic-saw-h1153,1002,assessment,5,93.61428571428571,17.14147465437788,3.43963133640553,6.012442396313364,94.24,3.5,17.1,2.9
apostolic-saw-h1153,1002,assessment,6,61.114285714285714,20.8,5.7838095238095235,7.401904761904762,64.01,6.2,21.0,5.3
apostolic-saw-h1153,1002,assessment,7,10.385714285714284,27.044700460829493,9.056221198156683,8.097695852534562,14.64,8.9,27.0,6.0
apostolic-saw-h1153,1002,assessment,8,12.700000000000001,26.637788018433177,8.464516129032258,7.573732718894009,17.73,8.8,27.2,5.3
apostolic-saw-h1153,1002,assessment,9,31.585714285714285,21.972857142857144,5.72047619047619,6.146190476190476,32.2,5.8,22.0,3.2
apostolic-saw-h1153,1002,assessment,10,81.11428571428571,13.597235023041474,1.203225806451613,3.483410138248848,97.09,1.4,14.0,0.7
apostolic-saw-h1153,1002,assessment,11,123.35714285714286,6.487142857142857,-2.1523809523809523,-0.041428571428571426,146.17,-1.7,6.8,-1.8
apostolic-saw-h1153,1002,assessment,12,164.8857142857143,1.4815668202764978,-5.419354838709677,-3.370967741935484,150.25,-5.0,1.8,-4.6
apostolic-saw-h1153,1003,full,1,142.796,2.6580645161290324,-4.678580645161291,-2.5101935483870967,145.75,-4.7,2.5,-4.4
apostolic-saw-h1153,1003,full,2,123.54,4.546393210749646,-4.3756718528995755,-1.3763790664780764,128.16,-4.2,4.7,-3.9
apostolic-saw-h1153,1003,full,3,133.94799999999998,8.971483870967742,-2.3868387096774195,0.7423225806451612,136.07,-2.4,9.1,-2.6
apostolic-saw-h1153,1003,full,4,111.84,12.386933333333335,0.11773333333333333,2.6190666666666664,113.63,0.2,12.4,-0.4
apostolic-saw-h1153,1003,full,5,89.788,16.98890322580645,3.395225806451613,5.6818064516129025,94.24,3.5,17.1,2.9
apostolic-saw-h1153,1003,full,6,63.812,21.032933333333336,6.102,7.552133333333334,64.01,6.2,21.0,5.3
apostolic-saw-h1153,1003,full,7,7.612,26.659225806451616,8.81574193548387,7.90541935483871,14.64,8.9,27.0,6.0
apostolic-saw-h1153,1003,full,8,12.084000000000001,26.796129032258065,8.576645161290323,7.758064516129032,17.73,8.8,27.2,5.3
apostolic-saw-h1153,1003,full,9,32.2,22.060399999999998,5.866533333333333,6.266266666666667,32.2,5.8,22.0,3.2
apostolic-saw-h1153,1003,full,10,91.896,13.866451612903226,1.3861935483870966,3.713548387096774,97.09,1.4,14.0,0.7
apostolic-saw-h1153,1003,full,11,141.232,7.015466666666667,-1.7066666666666668,0.46920000000000006,146.17,-1.7,6.8,-1.8
apostolic-saw-h1153,1003,full,12,156.62,1.9329032258064516,-5.0118709677419355,-2.947483870967742,150.25,-5.0,1.8,-4.6
apostolic-saw-h1153,1003,assessment,1,143.44285714285712,2.4755760368663595,-5.022119815668202,-2.8465437788018435,145.75,-4.7,2.5,-4.4
apostolic-saw-h1153,1003,assessment,2,113.65714285714286,4.60959595959596,-4.293434343434344,-1.3606060606060606,128.16,-4.2,4.7,-3.9
apostolic-saw-h1153,1003,assessment,3,140.34285714285713,9.017511520737328,-2.45668202764977,0.6470046082949309,136.07,-2.4,9.1,-2.6
apostolic-saw-h1153,1003,assessment,4,116.82857142857142,12.334285714285713,0.08761904761904762,2.5123809523809526,113.63,0.2,12.4,-0.4
apostolic-saw-h1153,1003,assessment,5,91.8,16.97511520737327,3.492626728110599,5.915207373271889,94.24,3.5,17.1,2.9
apostolic-saw-h1153,1003,assessment,6,65.05714285714285,21.29904761904762,6.206666666666667,7.628571428571429,64.01,6.2,21.0,5.3
apostolic-saw-h1153,1003,assessment,7,6.0857142857142845,26.702764976958527,8.805069124423964,7.8,14.64,8.9,27.0,6.0
apostolic-saw-h1153,1003,assessment,8,6.014285714285714,26.261290322580646,8.405069124423964,7.672350230414747,17.73,8.8,27.2,5.3
apostolic-saw-h1153,1003,assessment,9,36.17142857142857,21.790952380952383,5.886666666666667,6.366190476190477,32.2,5.8,22.0,3.2
apostolic-saw-h1153,1003,assessment,10,80.55714285714285,13.798156682027649,1.3447004608294932,3.7433179723502303,97.09,1.4,14.0,0.7
apostolic-saw-h1153,1003,assessment,11,139.88571428571427,6.805714285714286,-1.8176190476190475,0.2952380952380953,146.17,-1.7,6.8,-1.8
apostolic-saw-h1153,1003,assessment,12,147.54285714285714,2.1036866359447006,-4.692626728110599,-2.5235023041474656,150.25,-5.0,1.8,-4.6
apostolic-saw-h1153,1004,full,1,154.864,2.822967741935484,-4.543225806451613,-2.3929032258064518,145.75,-4.7,2.5,-4.4
apostolic-saw-h1153,1004,full,2,127.58,4.681188118811881,-4.294908062234795,-1.3452616690240453,128.16,-4.2,4.7,-3.9
apostolic-saw-h1153,1004,full,3,139.444,9.044516129032258,-2.3310967741935484,0.8090322580645162,136.07,-2.4,9.1,-2.6
apostolic-saw-h1153,1004,full,4,106.81200000000001,12.25,0.0062666666666666634,2.4466666666666668,113.63,0.2,12.4,-0.4
apostolic-saw-h1153,1004,full,5,93.50399999999999,16.978322580645163,3.4548387096774196,5.803612903225806,94.24,3.5,17.1,2.9
apostolic-saw-h1153,1004,full,6,71.26,20.788533333333334,5.993466666666667,7.539733333333333,64.01,6.2,21.0,5.3
apostolic-saw-h1153,1004,full,7,8.204,26.866322580645164,8.864645161290323,7.98541935483871,14.64,8.9,27.0,6.0
apostolic-saw-h1153,1004,full,8,14.332,26.853677419354838,8.536903225806451,7.694193548387097,17.73,8.8,27.2,5.3
apostolic-saw-h1153,1004,full,9,32.24,21.999333333333333,5.861199999999999,6.1956,32.2,5.8,22.0,3.2
apostolic-saw-h1153,1004,full,10,78.756,13.887096774193548,1.4460645161290324,3.72,97.09,1.4,14.0,0.7
apostolic-saw-h1153,1004,full,11,138.5,6.9144000000000005,-1.7247999999999999,0.4590666666666667,146.17,-1.7,6.8,-1.8
apostolic-saw-h1153,1004,full,12,150.004,1.873032258064516,-5.033806451612903,-2.948516129032258,150.25,-5.0,1.8,-4.6
apostolic-saw-h1153,1004,assessment,1,150.68571428571428,3.0691244239631335,-4.119354838709677,-2.0161290322580645,145.75,-4.7,2.5,-4.4
apostolic-saw-h1153,1004,assessment,2,128.67142857142858,4.42979797979798,-4.647474747474748,-1.5772727272727274,128.16,-4.2,4.7,-3.9
apostolic-saw-h1153,1004,assessment,3,134.0,9.111981566820276,-2.1963133640552996,0.9926267281105992,136.07,-2.4,9.1,-2.6
apostolic-saw-h1153,1004,assessment,4,109.47142857142856,12.278571428571428,0.055238095238095225,2.373809523809524,113.63,0.2,12.4,-0.4
apostolic-saw-h1153,1004,assessment,5,92.61428571428571,17.114746543778804,3.4248847926267283,5.733179723502304,94.24,3.5,17.1,2.9
apostolic-saw-h1153,1004,assessment,6,81.24285714285715,20.624285714285715,6.085238095238096,7.503809523809523,64.01,6.2,21.0,5.3
apostolic-saw-h1153,1004,assessment,7,5.757142857142857,26.902764976958522,8.823041474654378,7.970506912442396,14.64,8.9,27.0,6.0
apostolic-saw-h1153,1004,assessment,8,14.342857142857143,26.75161290322581,8.399539170506912,7.465437788018433,17.73,8.8,27.2,5.3
apostolic-saw-h1153,1004,assessment,9,33.271428571428565,21.929523809523808,5.743333333333333,6.09952380952381,32.2,5.8,22.0,3.2
apostolic-saw-h1153,1004,assessment,10,86.14285714285714,14.053917050691243,1.7055299539170508,3.903225806451613,97.09,1.4,14.0,0.7
apostolic-saw-h1153,1004,assessment,11,148.35714285714286,6.734761904761904,-1.858095238095238,0.44666666666666666,146.17,-1.7,6.8,-1.8
apostolic-saw-h1153,1004,assessment,12,144.24285714285716,1.5631336405529954,-5.37741935483871,-3.3603686635944703,150.25,-5.0,1.8,-4.6
apostolic-saw-h1153,1005,full,1,148.72799999999998,2.616258064516129,-4.7054193548387095,-2.613032258064516,145.75,-4.7,2.5,-4.4
apostolic-saw-h1153,1005,full,2,130.504,4.7287128712871285,-4.173691654879774,-1.204101838755304,128.16,-4.2,4.7,-3.9
apostolic-saw-h1153,1005,full,3,136.99200000000002,8.972774193548387,-2.3806451612903228,0.7953548387096774,136.07,-2.4,9.1,-2.6
apostolic-saw-h1153,1005,full,4,108.13600000000001,12.238933333333334,0.07840000000000001,2.6230666666666664,113.63,0.2,12.4,-0.4
apostolic-saw-h1153,1005,full,5,84.11200000000001,16.984516129032258,3.4468387096774196,5.696,94.24,3.5,17.1,2.9
apostolic-saw-h1153,1005,full,6,63.34400000000001,20.826133333333335,6.03,7.567333333333333,64.01,6.2,21.0,5.3
apostolic-saw-h1153,1005,full,7,8.552,26.831870967741935,8.893161290322581,7.953032258064517,14.64,8.9,27.0,6.0
apostolic-saw-h1153,1005,full,8,15.172,26.711612903225806,8.573290322580645,7.765419354838709,17.73,8.8,27.2,5.3
apostolic-saw-h1153,1005,full,9,25.555999999999997,22.0944,5.8096,6.1248000000000005,32.2,5.8,22.0,3.2
apostolic-saw-h1153,1005,full,10,93.596,13.796387096774195,1.361032258064516,3.6366451612903226,97.09,1.4,14.0,0.7
apostolic-saw-h1153,1005,full,11,143.436,6.9105333333333325,-1.7261333333333333,0.4766666666666667,146.17,-1.7,6.8,-1.8
apostolic-saw-h1153,1005,full,12,148.928,1.9774193548387098,-4.951612903225806,-2.838709677419355,150.25,-5.0,1.8,-4.6
apostolic-saw-h1153,1005,assessment,1,130.9857142857143,2.797695852534562,-4.47926267281106,-2.4368663594470044,145.75,-4.7,2.5,-4.4
apostolic-saw-h1153,1005,assessment,2,128.4,4.994949494949495,-3.961111111111111,-1.0287878787878788,128.16,-4.2,4.7,-3.9
apostolic-saw-h1153,1005,assessment,3,142.94285714285715,8.925345622119815,-2.282488479262673,0.8714285714285714,136.07,-2.4,9.1,-2.6
apostolic-saw-h1153,1005,assessment,4,95.52857142857144,12.338571428571429,0.15095238095238098,2.7,113.63,0.2,12.4,-0.4
apostolic-saw-h1153,1005,assessment,5,83.21428571428571,17.144239631336408,3.5184331797235022,5.786175115207373,94.24,3.5,17.1,2.9
apostolic-saw-h1153,1005,assessment,6,65.22857142857143,20.643809523809523,5.993809523809524,7.424761904761905,64.01,6.2,21.0,5.3
apostolic-saw-h1153,1005,assessment,7,6.371428571428572,27.30184331797235,8.92442396313364,7.951612903225806,14.64,8.9,27.0,6.0
apostolic-saw-h1153,1005,assessment,8,21.528571428571432,26.507373271889403,8.53778801843318,7.746543778801843,17.73,8.8,27.2,5.3
apostolic-saw-h1153,1005,assessment,9,19.642857142857142,21.955238095238098,5.775238095238095,6.285238095238095,32.2,5.8,22.0,3.2
apostolic-saw-h1153,1005,assessment,10,88.11428571428571,13.718433179723503,1.4013824884792627,3.6069124423963137,97.09,1.4,14.0,0.7
apostolic-saw-h1153,1005,assessment,11,152.4857142857143,7.049047619047619,-1.5947619047619046,0.579047619047619,146.17,-1.7,6.8,-1.8
apostolic-saw-h1153,1005,assessment,12,153.58571428571426,1.5663594470046083,-5.292626728110599,-3.1649769585253456,150.25,-5.0,1.8,-4.6
apostolic-saw-h1153,1006,full,1,145.636,2.5329032258064514,-4.777032258064516,-2.5709677419354837,145.75,-4.7,2.5,-4.4
apostolic-saw-h1153,1006,full,2,126.90799999999999,4.803818953323904,-4.124752475247525,-1.1602545968882603,128.16,-4.2,4.7,-3.9
apostolic-saw-h1153,1006,full,3,127.57600000000001,9.111354838709678,-2.277806451612903,0.8260645161290323,136.07,-2.4,9.1,-2.6
apostolic-saw-h1153,1006,full,4,118.16,12.336266666666667,0.15986666666666666,2.7008,113.63,0.2,12.4,-0.4
apostolic-saw-h1153,1006,full,5,91.61200000000001,17.016387096774196,3.4498064516129032,5.6890322580645165,94.24,3.5,17.1,2.9
apostolic-saw-h1153,1006,full,6,69.68,20.866266666666668,6.0076,7.445333333333333,64.01,6.2,21.0,5.3
apostolic-saw-h1153,1006,full,7,8.988,26.832129032258067,8.83625806451613,7.882967741935484,14.64,8.9,27.0,6.0
apostolic-saw-h1153,1006,full,8,13.48,26.741161290322584,8.563354838709678,7.7378064516129035,17.73,8.8,27.2,5.3
apostolic-saw-h1153,1006,full,9,24.927999999999997,22.219333333333335,5.905466666666667,6.258133333333334,32.2,5.8,22.0,3.2
apostolic-saw-h1153,1006,full,10,91.17200000000001,14.060387096774193,1.5056774193548388,3.808,97.09,1.4,14.0,0.7
apostolic-saw-h1153,1006,full,11,143.572,7.133466666666667,-1.5902666666666667,0.6368,146.17,-1.7,6.8,-1.8
apostolic-saw-h1153,1006,full,12,149.89600000000002,1.835741935483871,-5.010193548387097,-2.9123870967741934,150.25,-5.0,1.8,-4.6
apostolic-saw-h1153,1006,assessment,1,138.58571428571426,2.065898617511521,-5.0930875576036865,-2.8723502304147464,145.75,-4.7,2.5,-4.4
apostolic-saw-h1153,1006,assessment,2,133.54285714285714,5.497474747474747,-3.6479797979797977,-0.5681818181818182,128.16,-4.2,4.7,-3.9
apostolic-saw-h1153,1006,assessment,3,113.38571428571429,8.882488479262673,-2.405990783410138,0.6838709677419356,136.07,-2.4,9.1,-2.6
apostolic-saw-h1153,1006,assessment,4,112.27142857142857,12.029523809523809,0.14238095238095239,2.72,113.63,0.2,12.4,-0.4
apostolic-saw-h1153,1006,assessment,5,113.62857142857142,16.493087557603687,3.194009216589862,5.3354838709677415,94.24,3.5,17.1,2.9
apostolic-saw-h1153,1006,assessment,6,79.85714285714286,20.493333333333336,5.785714285714286,7.222380952380953,64.01,6.2,21.0,5.3
apostolic-saw-h1153,1006,assessment,7,4.6000000000000005,26.667281105990785,8.595391705069124,7.578341013824885,14.64,8.9,27.0,6.0
apostolic-saw-h1153,1006,assessment,8,15.057142857142859,27.13594470046083,8.63778801843318,7.551612903225807,17.73,8.8,27.2,5.3
apostolic-saw-h1153,1006,assessment,9,14.37142857142857,22.283809523809527,5.828571428571428,6.1171428571428565,32.2,5.8,22.0,3.2
apostolic-saw-h1153,1006,assessment,10,103.48571428571428,14.432718894009216,1.7990783410138247,4.0686635944700456,97.09,1.4,14.0,0.7
apostolic-saw-h1153,1006,assessment,11,148.05714285714288,7.037142857142857,-1.7704761904761905,0.4785714285714286,146.17,-1.7,6.8,-1.8
apostolic-saw-h1153,1006,assessment,12,150.21428571428572,1.6631336405529953,-5.285253456221199,-3.2599078341013823,150.25,-5.0,1.8,-4.6
apostolic-saw-h1153,1007,full,1,148.976,2.729290322580645,-4.666709677419354,-2.5450322580645164,145.75,-4.7,2.5,-4.4
apostolic-saw-h1153,1007,full,2,128.252,4.664073550212164,-4.268175388967468,-1.2574257425742574,128.16,-4.2,4.7,-3.9
apostolic-saw-h1153,1007,full,3,127.14399999999999,9.008645161290323,-2.36658064516129,0.7941935483870968,136.07,-2.4,9.1,-2.6
apostolic-saw-h1153,1007,full,4,112.912,12.207600000000001,0.10093333333333333,2.5587999999999997,113.63,0.2,12.4,-0.4
apostolic-saw-h1153,1007,full,5,84.47200000000001,16.98541935483871,3.409548387096774,5.696516129032259,94.24,3.5,17.1,2.9
apostolic-saw-h1153,1007,full,6,67.388,20.7688,5.9844,7.434666666666667,64.01,6.2,21.0,5.3
apostolic-saw-h1153,1007,full,7,9.272,26.691096774193547,8.834709677419355,7.925806451612903,14.64,8.9,27.0,6.0
apostolic-saw-h1153,1007,full,8,18.772000000000002,26.89548387096774,8.634451612903225,7.819096774193548,17.73,8.8,27.2,5.3
apostolic-saw-h1153,1007,full,9,32.656,22.11413333333333,5.864,6.221066666666667,32.2,5.8,22.0,3.2
apostolic-saw-h1153,1007,full,10,91.212,13.806967741935484,1.319483870967742,3.604129032258064,97.09,1.4,14.0,0.7
apostolic-saw-h1153,1007,full,11,137.756,7.020133333333334,-1.6403999999999999,0.5117333333333334,146.17,-1.7,6.8,-1.8
apostolic-saw-h1153,1007,full,12,146.60399999999998,1.8969032258064515,-4.975096774193548,-2.9019354838709677,150.25,-5.0,1.8,-4.6
apostolic-saw-h1153,1007,assessment,1,161.55714285714288,3.0599078341013826,-4.5032258064516135,-2.391705069124424,145.75,-4.7,2.5,-4.4
apostolic-saw-h1153,1007,assessment,2,120.2,3.837878787878788,-4.78030303030303,-1.8696969696969696,128.16,-4.2,4.7,-3.9
apostolic-saw-h1153,1007,assessment,3,133.62857142857143,8.923502304147465,-2.4548387096774196,0.6474654377880185,136.07,-2.4,9.1,-2.6
apostolic-saw-h1153,1007,assessment,4,111.97142857142856,12.26,0.2914285714285714,2.737142857142857,113.63,0.2,12.4,-0.4
apostolic-saw-h1153,1007,assessment,5,63.02857142857143,16.58110599078341,3.0990783410138247,5.323963133640553,94.24,3.5,17.1,2.9
apostolic-saw-h1153,1007,assessment,6,73.25714285714285,20.78285714285714,6.078095238095239,7.569047619047619,64.01,6.2,21.0,5.3
apostolic-saw-h1153,1007,assessment,7,9.757142857142856,26.472811059907837,8.555299539170507,7.509216589861751,14.64,8.9,27.0,6.0
apostolic-saw-h1153,1007,assessment,8,14.885714285714286,27.347926267281107,8.688940092165899,7.837327188940092,17.73,8.8,27.2,5.3
apostolic-saw-h1153,1007,assessment,9,38.971428571428575,22.225238095238097,5.849047619047619,6.2995238095238095,32.2,5.8,22.0,3.2
apostolic-saw-h1153,1007,assessment,10,81.05714285714285,13.57695852534562,1.1387096774193548,3.450230414746544,97.09,1.4,14.0,0.7
apostolic-saw-h1153,1007,assessment,11,135.4714285714286,6.778095238095238,-1.7847619047619048,0.37857142857142856,146.17,-1.7,6.8,-1.8
apostolic-saw-h1153,1007,assessment,12,146.64285714285714,1.6465437788018433,-5.042396313364056,-2.9433179723502305,150.25,-5.0,1.8,-4.6
apostolic-saw-h1153,1008,full,1,151.688,2.753806451612903,-4.629677419354839,-2.464258064516129,145.75,-4.7,2.5,-4.4
apostolic-saw-h1153,1008,full,2,128.55200000000002,4.54922206506365,-4.301697312588402,-1.4284299858557283,128.16,-4.2,4.7,-3.9
apostolic-saw-h1153,1008,full,3,126.944,9.167612903225805,-2.2513548387096773,0.9255483870967741,136.07,-2.4,9.1,-2.6
apostolic-saw-h1153,1008,full,4,115.476,12.268133333333333,0.1496,2.6392,113.63,0.2,12.4,-0.4
apostolic-saw-h1153,1008,full,5,93.288,16.968,3.4744516129032257,5.787354838709677,94.24,3.5,17.1,2.9
apostolic-saw-h1153,1008,full,6,69.844,20.879066666666667,6.113866666666667,7.636800000000001,64.01,6.2,21.0,5.3
apostolic-saw-h1153,1008,full,7,10.436000000000002,26.643741935483874,8.735870967741935,7.825677419354839,14.64,8.9,27.0,6.0
apostolic-saw-h1153,1008,full,8,15.632,26.83341935483871,8.546064516129032,7.677548387096775,17.73,8.8,27.2,5.3
apostolic-saw-h1153,1008,full,9,29.212,21.926533333333335,5.780133333333334,6.0896,32.2,5.8,22.0,3.2
apostolic-saw-h1153,1008,full,10,78.816,13.886064516129034,1.3388387096774192,3.6214193548387095,97.09,1.4,14.0,0.7
apostolic-saw-h1153,1008,full,11,146.476,7.114533333333333,-1.5893333333333333,0.5661333333333334,146.17,-1.7,6.8,-1.8
apostolic-saw-h1153,1008,full,12,150.344,2.0095483870967743,-4.960258064516129,-2.816774193548387,150.25,-5.0,1.8,-4.6
apostolic-saw-h1153,1008,assessment,1,157.22857142857143,2.6663594470046084,-4.742857142857143,-2.535483870967742,145.75,-4.7,2.5,-4.4
apostolic-saw-h1153,1008,assessment,2,133.15714285714287,4.492929292929293,-4.542929292929293,-1.6565656565656566,128.16,-4.2,4.7,-3.9
apostolic-saw-h1153,1008,assessment,3,125.67142857142858,9.486175115207374,-2.031336405529954,1.1940092165898617,136.07,-2.4,9.1,-2.6
apostolic-saw-h1153,1008,assessment,4,113.81428571428572,12.246666666666668,0.13428571428571429,2.525238095238095,113.63,0.2,12.4,-0.4
apostolic-saw-h1153,1008,assessment,5,89.72857142857143,16.776036866359448,3.446543778801843,5.991244239631336,94.24,3.5,17.1,2.9
apostolic-saw-h1153,1008,assessment,6,61.628571428571426,20.683809523809526,6.168571428571429,7.681428571428571,64.01,6.2,21.0,5.3
apostolic-saw-h1153,1008,assessment,7,13.642857142857142,26.8036866359447,8.682027649769585,7.863594470046084,14.64,8.9,27.0,6.0
apostolic-saw-h1153,1008,assessment,8,15.9,27.15391705069124,8.6073732718894,7.628110599078341,17.73,8.8,27.2,5.3
apostolic-saw-h1153,1008,assessment,9,24.085714285714285,21.632380952380952,5.532857142857143,5.717619047619048,32.2,5.8,22.0,3.2
apostolic-saw-h1153,1008,assessment,10,76.52857142857144,13.748847926267281,1.2990783410138247,3.607834101382488,97.09,1.4,14.0,0.7
apostolic-saw-h1153,1008,assessment,11,137.0857142857143,7.306190476190476,-1.55,0.47619047619047616,146.17,-1.7,6.8,-1.8
apostolic-saw-h1153,1008,assessment,12,160.0142857142857,1.6649769585253458,-5.315668202764977,-3.1889400921658986,150.25,-5.0,1.8,-4.6
apostolic-saw-h1153,1009,full,1,153.156,2.5998709677419356,-4.73341935483871,-2.6491612903225805,145.75,-4.7,2.5,-4.4
apostolic-saw-h1153,1009,full,2,122.17200000000001,4.635926449787836,-4.288543140028288,-1.2854314002828853,128.16,-4.2,4.7,-3.9
apostolic-saw-h1153,1009,full,3,130.71200000000002,9.135225806451613,-2.3096774193548386,0.8583225806451613,136.07,-2.4,9.1,-2.6
apostolic-saw-h1153,1009,full,4,116.88,12.286,0.15053333333333335,2.576,113.63,0.2,12.4,-0.4
apostolic-saw-h1153,1009,full,5,92.37200000000001,16.98077419354839,3.4118709677419354,5.7943225806451615,94.24,3.5,17.1,2.9
apostolic-saw-h1153,1009,full,6,67.76400000000001,20.715466666666668,5.988133333333334,7.516533333333333,64.01,6.2,21.0,5.3
apostolic-saw-h1153,1009,full,7,8.38,26.70967741935484,8.746580645161291,7.852129032258064,14.64,8.9,27.0,6.0
apostolic-saw-h1153,1009,full,8,22.74,26.91393548387097,8.604645161290323,7.72258064516129,17.73,8.8,27.2,5.3
apostolic-saw-h1153,1009,full,9,34.516,21.8968,5.758800000000001,6.1472,32.2,5.8,22.0,3.2
apostolic-saw-h1153,1009,full,10,98.684,13.927741935483871,1.4513548387096773,3.7030967741935483,97.09,1.4,14.0,0.7
apostolic-saw-h1153,1009,full,11,141.392,6.983733333333333,-1.7141333333333333,0.46186666666666665,146.17,-1.7,6.8,-1.8
apostolic-saw-h1153,1009,full,12,139.852,1.8588387096774193,-4.982193548387096,-2.897032258064516,150.25,-5.0,1.8,-4.6
apostolic-saw-h1153,1009,assessment,1,160.57142857142858,1.957142857142857,-5.447926267281106,-3.334101382488479,145.75,-4.7,2.5,-4.4
apostolic-saw-h1153,1009,assessment,2,128.4,4.581818181818182,-4.252020202020202,-1.1767676767676767,128.16,-4.2,4.7,-3.9
apostolic-saw-h1153,1009,assessment,3,138.87142857142857,8.841935483870968,-2.549769585253456,0.5391705069124424,136.07,-2.4,9.1,-2.6
apostolic-saw-h1153,1009,assessment,4,99.5,12.435714285714285,0.4433333333333333,2.801904761904762,113.63,0.2,12.4,-0.4
apostolic-saw-h1153,1009,assessment,5,74.71428571428571,16.467281105990782,3.213364055299539,5.750691244239632,94.24,3.5,17.1,2.9
apostolic-saw-h1153,1009,assessment,6,49.2,20.76904761904762,5.9,7.321428571428571,64.01,6.2,21.0,5.3
apostolic-saw-h1153,1009,assessment,7,15.0,26.932718894009216,8.789861751152074,7.875115207373272,14.64,8.9,27.0,6.0
apostolic-saw-h1153,1009,assessment,8,31.51428571428571,27.27880184331797,8.638248847926267,7.539631336405529,17.73,8.8,27.2,5.3
apostolic-saw-h1153,1009,assessment,9,35.44285714285714,21.96047619047619,5.708095238095238,6.131428571428571,32.2,5.8,22.0,3.2
apostolic-saw-h1153,1009,assessment,10,109.67142857142858,13.93179723502304,1.471889400921659,3.7211981566820276,97.09,1.4,14.0,0.7
apostolic-saw-h1153,1009,assessment,11,127.55714285714285,7.10904761904762,-1.5066666666666666,0.7638095238095238,146.17,-1.7,6.8,-1.8
apostolic-saw-h1153,1009,assessment,12,136.4,2.202304147465438,-4.703225806451613,-2.600921658986175,150.25,-5.0,1.8,-4.6
apostolic-saw-h1153,1010,full,1,141.476,2.654709677419355,-4.687483870967742,-2.5171612903225804,145.75,-4.7,2.5,-4.4
apostolic-saw-h1153,1010,full,2,119.896,4.686138613861386,-4.163366336633663,-1.2533239038189534,128.16,-4.2,4.7,-3.9
apostolic-saw-h1153,1010,full,3,127.184,9.033806451612904,-2.328774193548387,0.8411612903225806,136.07,-2.4,9.1,-2.6
apostolic-saw-h1153,1010,full,4,115.02799999999999,12.278666666666666,0.09666666666666666,2.5950666666666664,113.63,0.2,12.4,-0.4
apostolic-saw-h1153,1010,full,5,91.33200000000001,16.99083870967742,3.492258064516129,5.839225806451612,94.24,3.5,17.1,2.9
apostolic-saw-h1153,1010,full,6,70.348,20.7124,5.993733333333333,7.4804,64.01,6.2,21.0,5.3
apostolic-saw-h1153,1010,full,7,6.312,26.653161290322583,8.791354838709678,7.926322580645161,14.64,8.9,27.0,6.0
apostolic-saw-h1153,1010,full,8,13.488,26.76232258064516,8.616903225806452,7.810193548387097,17.73,8.8,27.2,5.3
apostolic-saw-h1153,1010,full,9,32.104,22.036,5.763199999999999,6.085733333333334,32.2,5.8,22.0,3.2
apostolic-saw-h1153,1010,full,10,86.26,14.057419354838709,1.5032258064516129,3.791354838709678,97.09,1.4,14.0,0.7
apostolic-saw-h1153,1010,full,11,146.472,7.0894666666666675,-1.7109333333333334,0.4965333333333333,146.17,-1.7,6.8,-1.8
apostolic-saw-h1153,1010,full,12,157.512,1.9572903225806453,-5.0360000000000005,-2.959612903225806,150.25,-5.0,1.8,-4.6
apostolic-saw-h1153,1010,assessment,1,139.77142857142857,2.7953917050691244,-4.807834101382488,-2.5345622119815667,145.75,-4.7,2.5,-4.4
apostolic-saw-h1153,1010,assessment,2,119.84285714285716,5.084343434343435,-3.7166666666666663,-0.852020202020202,128.16,-4.2,4.7,-3.9
apostolic-saw-h1153,1010,assessment,3,125.55714285714286,9.33963133640553,-2.1976958525345625,1.088479262672811,136.07,-2.4,9.1,-2.6
apostolic-saw-h1153,1010,assessment,4,115.95714285714287,12.633333333333333,0.3128571428571428,2.6080952380952382,113.63,0.2,12.4,-0.4
apostolic-saw-h1153,1010,assessment,5,91.05714285714285,16.89216589861751,3.3368663594470047,5.824884792626728,94.24,3.5,17.1,2.9
apostolic-saw-h1153,1010,assessment,6,81.89999999999999,20.56047619047619,5.80047619047619,7.256666666666667,64.01,6.2,21.0,5.3
apostolic-saw-h1153,1010,assessment,7,4.557142857142857,26.67188940092166,8.571428571428571,7.694930875576037,14.64,8.9,27.0,6.0
apostolic-saw-h1153,1010,assessment,8,7.542857142857143,26.317511520737327,8.350230414746544,7.482488479262673,17.73,8.8,27.2,5.3
apostolic-saw-h1153,1010,assessment,9,19.357142857142858,21.872857142857143,5.624761904761905,5.992380952380953,32.2,5.8,22.0,3.2
apostolic-saw-h1153,1010,assessment,10,77.41428571428571,14.53225806451613,1.607373271889401,3.9668202764976956,97.09,1.4,14.0,0.7
apostolic-saw-h1153,1010,assessment,11,122.75714285714285,6.945714285714285,-1.7871428571428571,0.23619047619047617,146.17,-1.7,6.8,-1.8
apostolic-saw-h1153,1010,assessment,12,157.70000000000002,1.7253456221198156,-5.310138248847926,-3.2963133640552993,150.25,-5.0,1.8,-4.6
apostolic-saw-h122,1001,full,1,154.296,2.2708387096774194,-3.7423225806451614,-2.4073548387096775,149.93,-3.7,2.1,-4.2
apostolic-saw-h122,1001,full,2,144.39600000000002,3.902828854314003,-3.2654879773691654,-1.3042432814710043,138.02,-3.1,4.1,-3.7
apostolic-saw-h122,1001,full,3,143.364,7.569161290322581,-1.1148387096774193,0.7943225806451614,148.31,-1.2,7.5,-2.4
apostolic-saw-h122,1001,full,4,115.456,10.876933333333334,0.8402666666666667,2.5254666666666665,118.33,1.0,11.0,-0.4
apostolic-saw-h122,1001,full,5,96.896,15.680774193548388,4.695612903225807,5.761677419354839,97.88,4.7,15.7,2.8
apostolic-saw-h122,1001,full,6,72.084,19.498933333333333,7.482266666666667,7.5396,69.49,7.7,19.7,5.1
apostolic-saw-h122,1001,full,7,12.36,25.46051612903226,12.017290322580644,8.010967741935485,15.71,12.1,25.8,5.5
apostolic-saw-h122,1001,full,8,15.784,25.55458064516129,12.18774193548387,7.682709677419355,19.27,12.5,25.9,4.5
apostolic-saw-h122,1001,full,9,36.168,20.791600000000003,9.2396,6.1824,35.87,9.2,20.8,2.8
apostolic-saw-h122,1001,full,10,96.50399999999999,12.933032258064516,3.8047741935483868,3.794967741935484,105.69,3.8,13.0,0.8
apostolic-saw-h122,1001,full,11,143.976,5.718533333333333,-0.8549333333333334,0.36293333333333333,145.33,-0.8,5.4,-1.6
apostolic-saw-h122,1001,full,12,144.304,1.356516129032258,-4.338709677419355,-2.8518709677419354,152.22,-4.2,1.3,-4.4
apostolic-saw-h122,1001,assessment,1,153.32857142857142,1.9299539170506912,-4.18294930875576,-2.69815668202765,149.93,-3.7,2.1,-4.2
apostolic-saw-h122,1001,assessment,2,142.35714285714286,3.6333333333333333,-3.5191919191919188,-1.5373737373737373,138.02,-3.1,4.1,-3.7
apostolic-saw-h122,1001,assessment,3,154.37142857142857,7.736405529953917,-1.0027649769585254,1.0336405529953918,148.31,-1.2,7.5,-2.4
apostolic-saw-h122,1001,assessment,4,119.57142857142857,10.875714285714286,0.8795238095238095,2.5690476190476192,118.33,1.0,11.0,-0.4
apostolic-saw-h122,1001,assessment,5,105.81428571428572,15.783870967741935,4.919354838709677,5.897695852534562,97.88,4.7,15.7,2.8
apostolic-saw-h122,1001,assessment,6,86.67142857142856,19.44142857142857,7.338095238095238,7.394761904761905,69.49,7.7,19.7,5.1
apostolic-saw-h122,1001,assessment,7,16.27142857142857,25.27188940092166,11.834101382488479,7.814746543778802,15.71,12.1,25.8,5.5
apostolic-saw-h122,1001,assessment,8,9.757142857142856,25.54101382488479,12.042857142857144,7.538709677419355,19.27,12.5,25.9,4.5
apostolic-saw-h122,1001,assessment,9,38.81428571428571,20.512380952380955,9.142857142857142,6.05,35.87,9.2,20.8,2.8
apostolic-saw-h122,1001,assessment,10,97.31428571428572,12.502304147465438,3.619815668202765,3.5350230414746546,105.69,3.8,13.0,0.8
apostolic-saw-h122,1001,assessment,11,121.72857142857141,5.717142857142857,-0.7433333333333333,0.4242857142857143,145.33,-0.8,5.4,-1.6
apostolic-saw-h122,1001,assessment,12,147.08571428571426,1.3783410138248848,-4.176497695852534,-2.7110599078341013,152.22,-4.2,1.3,-4.4
apostolic-saw-h122,1002,full,1,152.32399999999998,2.364387096774194,-3.670967741935484,-2.3699354838709676,149.93,-3.7,2.1,-4.2
apostolic-saw-h122,1002,full,2,139.04,4.071852899575672,-3.239038189533239,-1.2649222065063648,138.02,-3.1,4.1,-3.7
apostolic-saw-h122,1002,full,3,146.136,7.5126451612903224,-1.2105806451612904,0.7198709677419355,148.31,-1.2,7.5,-2.4
apostolic-saw-h122,1002,full,4,117.824,10.731466666666668,0.8536,2.4652000000000003,118.33,1.0,11.0,-0.4
apostolic-saw-h122,1002,full,5,92.096,15.581677419354838,4.667483870967742,5.808258064516129,97.88,4.7,15.7,2.8
apostolic-saw-h122,1002,full,6,72.132,19.579333333333334,7.557066666666667,7.523866666666666,69.49,7.7,19.7,5.1
apostolic-saw-h122,1002,full,7,8.148,25.39316129032258,11.881290322580645,7.8988387096774195,15.71,12.1,25.8,5.5
apostolic-saw-h122,1002,full,8,21.124000000000002,25.606967741935485,12.191612903225806,7.680645161290323,19.27,12.5,25.9,4.5
apostolic-saw-h122,1002,full,9,27.932,20.711066666666667,9.2268,6.222533333333333,35.87,9.2,20.8,2.8
apostolic-saw-h122,1002,full,10,94.336,12.852903225806452,3.68941935483871,3.6190967741935487,105.69,3.8,13.0,0.8
apostolic-saw-h122,1002,full,11,152.024,5.580266666666667,-0.8472,0.3078666666666667,145.33,-0.8,5.4,-1.6
apostolic-saw-h122,1002,full,12,151.54399999999998,1.2745806451612904,-4.460258064516129,-2.9972903225806453,152.22,-4.2,1.3,-4.4
apostolic-saw-h122,1002,assessment,1,167.17142857142858,2.335483870967742,-3.6682027649769586,-2.4262672811059907,149.93,-3.7,2.1,-4.2
apostolic-saw-h122,1002,assessment,2,139.37142857142857,4.38030303030303,-2.9358585858585857,-0.8404040404040405,138.02,-3.1,4.1,-3.7
apostolic-saw-h122,1002,assessment,3,160.85714285714286,7.34331797235023,-1.1391705069124423,0.8188940092165898,148.31,-1.2,7.5,-2.4
apostolic-saw-h122,1002,assessment,4,127.17142857142858,10.826190476190476,0.8780952380952382,2.3876190476190473,118.33,1.0,11.0,-0.4
apostolic-saw-h122,1002,assessment,5,85.88571428571429,15.703225806451613,4.609216589861751,5.985714285714286,97.88,4.7,15.7,2.8
apostolic-saw-h122,1002,assessment,6,61.17142857142858,19.546666666666667,7.321428571428571,7.4052380952380945,69.49,7.7,19.7,5.1
apostolic-saw-h122,1002,assessment,7,10.257142857142856,25.783410138248847,12.181105990783411,8.097695852534562,15.71,12.1,25.8,5.5
apostolic-saw-h122,1002,assessment,8,11.37142857142857,25.400000000000002,12.1110599078341,7.573732718894009,19.27,12.5,25.9,4.5
apostolic-saw-h122,1002,assessment,9,17.985714285714288,20.72666666666667,9.126190476190477,6.1466666666666665,35.87,9.2,20.8,2.8
apostolic-saw-h122,1002,assessment,10,97.61428571428571,12.605990783410139,3.551152073732719,3.5331797235023044,105.69,3.8,13.0,0.8
apostolic-saw-h122,1002,assessment,11,131.25714285714284,5.112380952380952,-1.283809523809524,-0.1742857142857143,145.33,-0.8,5.4,-1.6
apostolic-saw-h122,1002,assessment,12,152.6142857142857,0.9746543778801845,-4.763594470046083,-3.352073732718894,152.22,-4.2,1.3,-4.4
apostolic-saw-h122,1003,full,1,148.2,2.205032258064516,-3.755483870967742,-2.442064516129032,149.93,-3.7,2.1,-4.2
apostolic-saw-h122,1003,full,2,128.78,3.9545968882602547,-3.3364922206506367,-1.3036775106082037,138.02,-3.1,4.1,-3.7
apostolic-saw-h122,1003,full,3,150.464,7.408645161290322,-1.193032258064516,0.7065806451612904,148.31,-1.2,7.5,-2.4
apostolic-saw-h122,1003,full,4,113.59200000000001,11.01,0.9305333333333333,2.573733333333333,118.33,1.0,11.0,-0.4
apostolic-saw-h122,1003,full,5,101.096,15.549548387096774,4.577935483870968,5.663870967741936,97.88,4.7,15.7,2.8
apostolic-saw-h122,1003,full,6,75.976,19.7816,7.607866666666666,7.546666666666667,69.49,7.7,19.7,5.1
apostolic-saw-h122,1003,full,7,8.94,25.394193548387097,11.937290322580644,7.906967741935484,15.71,12.1,25.8,5.5
apostolic-saw-h122,1003,full,8,14.24,25.561548387096774,12.22283870967742,7.759096774193549,19.27,12.5,25.9,4.5
apostolic-saw-h122,1003,full,9,36.952000000000005,20.812533333333334,9.270266666666666,6.269466666666667,35.87,9.2,20.8,2.8
apostolic-saw-h122,1003,full,10,102.42,12.875612903225807,3.719741935483871,3.750709677419355,105.69,3.8,13.0,0.8
apostolic-saw-h122,1003,full,11,141.612,5.640266666666666,-0.8169333333333334,0.34759999999999996,145.33,-0.8,5.4,-1.6
apostolic-saw-h122,1003,full,12,158.628,1.4230967741935485,-4.372387096774194,-2.9500645161290326,152.22,-4.2,1.3,-4.4
apostolic-saw-h122,1003,assessment,1,142.62857142857143,2.0216589861751153,-4.058986175115207,-2.7691244239631336,149.93,-3.7,2.1,-4.2
apostolic-saw-h122,1003,assessment,2,118.38571428571429,4.0181818181818185,-3.2484848484848485,-1.2949494949494949,138.02,-3.1,4.1,-3.7
apostolic-saw-h122,1003,assessment,3,150.15714285714284,7.453456221198157,-1.2589861751152074,0.6124423963133641,148.31,-1.2,7.5,-2.4
apostolic-saw-h122,1003,assessment,4,121.31428571428572,10.95904761904762,0.9090476190476191,2.4728571428571424,118.33,1.0,11.0,-0.4
apostolic-saw-h122,1003,assessment,5,119.55714285714285,15.538709677419355,4.669124423963134,5.889861751152074,97.88,4.7,15.7,2.8
apostolic-saw-h122,1003,assessment,6,87.22857142857143,20.04809523809524,7.742380952380953,7.631904761904762,69.49,7.7,19.7,5.1
apostolic-saw-h122,1003,assessment,7,15.771428571428572,25.43963133640553,11.925806451612903,7.8023041474654375,15.71,12.1,25.8,5.5
apostolic-saw-h122,1003,assessment,8,14.942857142857141,25.027649769585253,12.053456221198156,7.672350230414747,19.27,12.5,25.9,4.5
apostolic-saw-h122,1003,assessment,9,39.17142857142857,20.54047619047619,9.294761904761906,6.371904761904761,35.87,9.2,20.8,2.8
apostolic-saw-h122,1003,assessment,10,95.8,12.811059907834101,3.693548387096774,3.77926267281106,105.69,3.8,13.0,0.8
apostolic-saw-h122,1003,assessment,11,140.25714285714284,5.427142857142857,-0.8833333333333333,0.20619047619047626,145.33,-0.8,5.4,-1.6
apostolic-saw-h122,1003,assessment,12,152.25714285714284,1.5940092165898616,-4.031336405529954,-2.5059907834101383,152.22,-4.2,1.3,-4.4
apostolic-saw-h122,1004,full,1,159.656,2.3716129032258064,-3.6372903225806454,-2.3581935483870966,149.93,-3.7,2.1,-4.2
apostolic-saw-h122,1004,full,2,138.912,4.086987270155587,-3.2400282885431397,-1.1741159830268741,138.02,-3.1,4.1,-3.7
apostolic-saw-h122,1004,full,3,149.72799999999998,7.4802580645161285,-1.1298064516129032,0.8006451612903226,148.31,-1.2,7.5,-2.4
apostolic-saw-h122,1004,full,4,113.66799999999999,10.876800000000001,0.8133333333333334,2.5006666666666666,118.33,1.0,11.0,-0.4
apostolic-saw-h122,1004,full,5,96.94,15.54141935483871,4.632000000000001,5.661677419354839,97.88,4.7,15.7,2.8
apostolic-saw-h122,1004,full,6,73.884,19.536133333333336,7.518533333333333,7.5388,69.49,7.7,19.7,5.1
apostolic-saw-h122,1004,full,7,10.04,25.604258064516127,11.984129032258066,8.014064516129032,15.71,12.1,25.8,5.5
apostolic-saw-h122,1004,full,8,17.2,25.61458064516129,12.183096774193547,7.652,19.27,12.5,25.9,4.5
apostolic-saw-h122,1004,full,9,37.044000000000004,20.753600000000002,9.260533333333333,6.271733333333334,35.87,9.2,20.8,2.8
apostolic-saw-h122,1004,full,10,92.78399999999999,12.896903225806453,3.7868387096774194,3.8140645161290325,105.69,3.8,13.0,0.8
apostolic-saw-h122,1004,full,11,145.268,5.538133333333334,-0.8669333333333334,0.3037333333333333,145.33,-0.8,5.4,-1.6
apostolic-saw-h122,1004,full,12,149.892,1.3628387096774195,-4.398709677419355,-2.879225806451613,152.22,-4.2,1.3,-4.4
apostolic-saw-h122,1004,assessment,1,182.24285714285716,2.6188940092165898,-3.240552995391705,-1.9502304147465437,149.93,-3.7,2.1,-4.2
apostolic-saw-h122,1004,assessment,2,142.45714285714286,3.832323232323232,-3.594949494949495,-1.5025252525252526,138.02,-3.1,4.1,-3.7
apostolic-saw-h122,1004,assessment,3,153.3857142857143,7.545622119815668,-0.9972350230414747,0.8926267281105991,148.31,-1.2,7.5,-2.4
apostolic-saw-h122,1004,assessment,4,124.38571428571429,10.901904761904762,0.8752380952380953,2.5066666666666664,118.33,1.0,11.0,-0.4
apostolic-saw-h122,1004,assessment,5,92.35714285714286,15.676958525345622,4.608294930875576,5.567281105990783,97.88,4.7,15.7,2.8
apostolic-saw-h122,1004,assessment,6,85.94285714285715,19.374761904761904,7.62,7.602857142857142,69.49,7.7,19.7,5.1
apostolic-saw-h122,1004,assessment,7,7.271428571428571,25.640092165898615,11.946543778801844,8.09032258064516,15.71,12.1,25.8,5.5
apostolic-saw-h122,1004,assessment,8,23.0,25.510138248847927,12.046082949308756,7.545622119815668,19.27,12.5,25.9,4.5
apostolic-saw-h122,1004,assessment,9,35.18571428571429,20.684761904761906,9.147619047619047,6.147142857142858,35.87,9.2,20.8,2.8
apostolic-saw-h122,1004,assessment,10,94.10000000000001,13.065437788018432,4.053456221198156,4.076958525345622,105.69,3.8,13.0,0.8
apostolic-saw-h122,1004,assessment,11,162.29999999999998,5.359999999999999,-0.9480952380952381,0.44047619047619047,145.33,-0.8,5.4,-1.6
apostolic-saw-h122,1004,assessment,12,144.4857142857143,1.047004608294931,-4.725345622119816,-3.2705069124423964,152.22,-4.2,1.3,-4.4
apostolic-saw-h122,1005,full,1,143.716,2.1658064516129034,-3.775096774193548,-2.534709677419355,149.93,-3.7,2.1,-4.2
apostolic-saw-h122,1005,full,2,137.8,4.135219236209335,-3.1123055162659123,-1.142998585572843,138.02,-3.1,4.1,-3.7
apostolic-saw-h122,1005,full,3,149.384,7.408645161290322,-1.1824516129032259,0.7068387096774192,148.31,-1.2,7.5,-2.4
apostolic-saw-h122,1005,full,4,107.32,10.861466666666667,0.8936000000000001,2.5286666666666666,118.33,1.0,11.0,-0.4
apostolic-saw-h122,1005,full,5,95.66799999999999,15.547225806451614,4.634322580645161,5.673806451612903,97.88,4.7,15.7,2.8
apostolic-saw-h122,1005,full,6,66.656,19.576933333333333,7.552133333333334,7.494,69.49,7.7,19.7,5.1
apostolic-saw-h122,1005,full,7,15.98,25.56683870967742,12.013548387096774,7.912,15.71,12.1,25.8,5.5
apostolic-saw-h122,1005,full,8,13.155999999999999,25.473935483870967,12.217806451612903,7.672516129032258,19.27,12.5,25.9,4.5
apostolic-saw-h122,1005,full,9,33.06,20.8492,9.2112,6.181466666666667,35.87,9.2,20.8,2.8
apostolic-saw-h122,1005,full,10,101.296,12.805290322580646,3.6962580645161287,3.6916129032258063,105.69,3.8,13.0,0.8
apostolic-saw-h122,1005,full,11,148.82,5.5308,-0.8658666666666667,0.2753333333333333,145.33,-0.8,5.4,-1.6
apostolic-saw-h122,1005,full,12,145.884,1.4692903225806453,-4.340258064516129,-2.8299354838709676,152.22,-4.2,1.3,-4.4
apostolic-saw-h122,1005,assessment,1,136.07142857142858,2.349769585253456,-3.5751152073732717,-2.3078341013824883,149.93,-3.7,2.1,-4.2
apostolic-saw-h122,1005,assessment,2,136.84285714285713,4.39949494949495,-2.912626262626263,-0.935858585858586,138.02,-3.1,4.1,-3.7
apostolic-saw-h122,1005,assessment,3,146.82857142857142,7.35852534562212,-1.0861751152073733,0.828110599078341,148.31,-1.2,7.5,-2.4
apostolic-saw-h122,1005,assessment,4,99.9857142857143,10.960952380952381,0.96,2.5342857142857147,118.33,1.0,11.0,-0.4
apostolic-saw-h122,1005,assessment,5,107.67142857142858,15.706451612903226,4.712903225806452,5.795852534562212,97.88,4.7,15.7,2.8
apostolic-saw-h122,1005,assessment,6,65.84285714285714,19.394285714285715,7.527619047619047,7.139047619047619,69.49,7.7,19.7,5.1
apostolic-saw-h122,1005,assessment,7,20.685714285714287,26.03963133640553,12.04331797235023,8.093548387096774,15.71,12.1,25.8,5.5
apostolic-saw-h122,1005,assessment,8,11.957142857142857,25.267281105990783,12.180645161290322,7.779262672811059,19.27,12.5,25.9,4.5
apostolic-saw-h122,1005,assessment,9,26.285714285714285,20.707619047619048,9.177142857142858,6.088095238095238,35.87,9.2,20.8,2.8
apostolic-saw-h122,1005,assessment,10,114.74285714285715,12.727649769585254,3.733640552995392,3.7502304147465435,105.69,3.8,13.0,0.8
apostolic-saw-h122,1005,assessment,11,161.1142857142857,5.666190476190477,-0.7285714285714285,0.4433333333333333,145.33,-0.8,5.4,-1.6
apostolic-saw-h122,1005,assessment,12,149.44285714285712,1.0548387096774194,-4.6322580645161295,-3.123502304147465,152.22,-4.2,1.3,-4.4
apostolic-saw-h122,1006,full,1,150.552,2.081032258064516,-3.818451612903226,-2.4820645161290322,149.93,-3.7,2.1,-4.2
apostolic-saw-h122,1006,full,2,135.748,4.211881188118812,-3.0722772277227723,-1.08995756718529,138.02,-3.1,4.1,-3.7
apostolic-saw-h122,1006,full,3,143.416,7.547096774193548,-1.0806451612903225,0.788258064516129,148.31,-1.2,7.5,-2.4
apostolic-saw-h122,1006,full,4,128.216,10.9584,0.9785333333333333,2.6584,118.33,1.0,11.0,-0.4
apostolic-saw-h122,1006,full,5,93.264,15.575354838709677,4.61316129032258,5.662322580645162,97.88,4.7,15.7,2.8
apostolic-saw-h122,1006,full,6,74.432,19.615866666666665,7.520133333333334,7.4424,69.49,7.7,19.7,5.1
apostolic-saw-h122,1006,full,7,10.312000000000001,25.570451612903224,11.936,7.877290322580644,15.71,12.1,25.8,5.5
apostolic-saw-h122,1006,full,8,15.892000000000001,25.503870967741936,12.199225806451613,7.735483870967742,19.27,12.5,25.9,4.5
apostolic-saw-h122,1006,full,9,31.331999999999997,20.974800000000002,9.310533333333332,6.266266666666667,35.87,9.2,20.8,2.8
apostolic-saw-h122,1006,full,10,105.03200000000001,13.073419354838709,3.848129032258065,3.850709677419355,105.69,3.8,13.0,0.8
apostolic-saw-h122,1006,full,11,140.28799999999998,5.7548,-0.6985333333333333,0.5178666666666666,145.33,-0.8,5.4,-1.6
apostolic-saw-h122,1006,full,12,149.884,1.324258064516129,-4.376258064516129,-2.909548387096774,152.22,-4.2,1.3,-4.4
apostolic-saw-h122,1006,assessment,1,136.81428571428572,1.6129032258064515,-4.128110599078341,-2.776036866359447,149.93,-3.7,2.1,-4.2
apostolic-saw-h122,1006,assessment,2,132.34285714285713,4.903030303030302,-2.5727272727272728,-0.4823232323232323,138.02,-3.1,4.1,-3.7
apostolic-saw-h122,1006,assessment,3,139.55714285714285,7.318433179723502,-1.217511520737327,0.6456221198156682,148.31,-1.2,7.5,-2.4
apostolic-saw-h122,1006,assessment,4,130.32857142857142,10.647142857142857,0.9604761904761904,2.675238095238095,118.33,1.0,11.0,-0.4
apostolic-saw-h122,1006,assessment,5,99.77142857142857,15.049308755760368,4.332258064516129,5.29815668202765,97.88,4.7,15.7,2.8
apostolic-saw-h122,1006,assessment,6,76.05714285714285,19.242857142857144,7.314761904761904,7.223333333333334,69.49,7.7,19.7,5.1
apostolic-saw-h122,1006,assessment,7,12.72857142857143,25.401382488479264,11.714746543778801,7.578341013824885,15.71,12.1,25.8,5.5
apostolic-saw-h122,1006,assessment,8,16.04285714285714,25.897695852534564,12.281566820276497,7.551612903225807,19.27,12.5,25.9,4.5
apostolic-saw-h122,1006,assessment,9,25.942857142857143,21.041428571428572,9.230952380952381,6.121428571428571,35.87,9.2,20.8,2.8
apostolic-saw-h122,1006,assessment,10,119.27142857142857,13.44331797235023,4.14147465437788,4.12073732718894,105.69,3.8,13.0,0.8
apostolic-saw-h122,1006,assessment,11,124.88571428571429,5.65952380952381,-0.9114285714285715,0.3542857142857143,145.33,-0.8,5.4,-1.6
apostolic-saw-h122,1006,assessment,12,150.34285714285716,1.1562211981566821,-4.6493087557603685,-3.2557603686635943,152.22,-4.2,1.3,-4.4
apostolic-saw-h122,1007,full,1,151.54399999999998,2.274322580645161,-3.7366451612903226,-2.4681290322580645,149.93,-3.7,2.1,-4.2
apostolic-saw-h122,1007,full,2,136.62800000000001,4.074398868458275,-3.219377652050919,-1.1758132956152758,138.02,-3.1,4.1,-3.7
apostolic-saw-h122,1007,full,3,144.872,7.446322580645161,-1.1743225806451614,0.7616774193548387,148.31,-1.2,7.5,-2.4
apostolic-saw-h122,1007,full,4,118.484,10.832,0.9113333333333333,2.514266666666667,118.33,1.0,11.0,-0.4
apostolic-saw-h122,1007,full,5,91.552,15.544774193548388,4.5842580645161295,5.677290322580645,97.88,4.7,15.7,2.8
apostolic-saw-h122,1007,full,6,71.336,19.518933333333333,7.496133333333334,7.4286666666666665,69.49,7.7,19.7,5.1
apostolic-saw-h122,1007,full,7,8.98,25.428774193548385,11.95716129032258,7.926322580645161,15.71,12.1,25.8,5.5
apostolic-saw-h122,1007,full,8,22.035999999999998,25.65793548387097,12.278064516129032,7.820645161290322,19.27,12.5,25.9,4.5
apostolic-saw-h122,1007,full,9,46.348,20.8656,9.262533333333334,6.224266666666667,35.87,9.2,20.8,2.8
apostolic-saw-h122,1007,full,10,97.38,12.816258064516129,3.6623225806451614,3.6489032258064515,105.69,3.8,13.0,0.8
apostolic-saw-h122,1007,full,11,135.54399999999998,5.642933333333333,-0.7133333333333334,0.4073333333333333,145.33,-0.8,5.4,-1.6
apostolic-saw-h122,1007,full,12,145.312,1.388774193548387,-4.339354838709677,-2.9,152.22,-4.2,1.3,-4.4
apostolic-saw-h122,1007,assessment,1,177.20000000000002,2.6036866359447006,-3.551152073732719,-2.3087557603686637,149.93,-3.7,2.1,-4.2
apostolic-saw-h122,1007,assessment,2,127.48571428571428,3.2444444444444445,-3.7606060606060607,-1.7994949494949495,138.02,-3.1,4.1,-3.7
apostolic-saw-h122,1007,assessment,3,145.04285714285714,7.361290322580645,-1.2608294930875577,0.619815668202765,148.31,-1.2,7.5,-2.4
apostolic-saw-h122,1007,assessment,4,114.64285714285714,10.88190476190476,1.1142857142857143,2.7071428571428573,118.33,1.0,11.0,-0.4
apostolic-saw-h122,1007,assessment,5,65.4857142857143,15.142396313364056,4.297695852534562,5.313824884792626,97.88,4.7,15.7,2.8
apostolic-saw-h122,1007,assessment,6,74.95714285714287,19.536190476190477,7.573333333333334,7.556190476190476,69.49,7.7,19.7,5.1
apostolic-saw-h122,1007,assessment,7,5.542857142857143,25.21013824884793,11.676036866359446,7.509216589861751,15.71,12.1,25.8,5.5
apostolic-saw-h122,1007,assessment,8,13.0,26.107834101382487,12.331336405529955,7.837327188940092,19.27,12.5,25.9,4.5
apostolic-saw-h122,1007,assessment,9,57.11428571428571,20.973809523809525,9.252380952380953,6.2995238095238095,35.87,9.2,20.8,2.8
apostolic-saw-h122,1007,assessment,10,94.44285714285715,12.586175115207373,3.471889400921659,3.506912442396313,105.69,3.8,13.0,0.8
apostolic-saw-h122,1007,assessment,11,136.17142857142855,5.40047619047619,-0.8428571428571429,0.28238095238095245,145.33,-0.8,5.4,-1.6
apostolic-saw-h122,1007,assessment,12,132.94285714285715,1.1391705069124425,-4.3423963133640555,-2.910138248847926,152.22,-4.2,1.3,-4.4
apostolic-saw-h122,1008,full,1,154.524,2.304258064516129,-3.7025806451612904,-2.3907096774193546,149.93,-3.7,2.1,-4.2
apostolic-saw-h122,1008,full,2,136.252,3.9565770862800567,-3.241442715700141,-1.344130127298444,138.02,-3.1,4.1,-3.7
apostolic-saw-h122,1008,full,3,142.276,7.6009032258064515,-1.055225806451613,0.8944516129032258,148.31,-1.2,7.5,-2.4
apostolic-saw-h122,1008,full,4,115.42,10.894266666666667,0.9692,2.5974666666666666,118.33,1.0,11.0,-0.4
apostolic-saw-h122,1008,full,5,101.4,15.52658064516129,4.644129032258064,5.7624516129032255,97.88,4.7,15.7,2.8
apostolic-saw-h122,1008,full,6,77.36,19.628,7.6188,7.632533333333333,69.49,7.7,19.7,5.1
apostolic-saw-h122,1008,full,7,9.264,25.381032258064515,11.854967741935484,7.827096774193548,15.71,12.1,25.8,5.5
apostolic-saw-h122,1008,full,8,17.764,25.594709677419356,12.191612903225806,7.678967741935484,19.27,12.5,25.9,4.5
apostolic-saw-h122,1008,full,9,36.66,20.679866666666666,9.1684,6.0948,35.87,9.2,20.8,2.8
apostolic-saw-h122,1008,full,10,87.704,12.894967741935485,3.680774193548387,3.6553548387096777,105.69,3.8,13.0,0.8
apostolic-saw-h122,1008,full,11,146.748,5.7384,-0.7265333333333333,0.43093333333333333,145.33,-0.8,5.4,-1.6
apostolic-saw-h122,1008,full,12,149.5,1.5006451612903227,-4.321419354838709,-2.8176774193548386,152.22,-4.2,1.3,-4.4
apostolic-saw-h122,1008,assessment,1,161.78571428571428,2.21889400921659,-3.77741935483871,-2.4474654377880185,149.93,-3.7,2.1,-4.2
apostolic-saw-h122,1008,assessment,2,143.0142857142857,3.9005050505050503,-3.487878787878788,-1.5833333333333333,138.02,-3.1,4.1,-3.7
apostolic-saw-h122,1008,assessment,3,134.8857142857143,7.922580645161291,-0.8317972350230415,1.1668202764976958,148.31,-1.2,7.5,-2.4
apostolic-saw-h122,1008,assessment,4,115.95714285714287,10.875238095238096,0.9619047619047619,2.497142857142857,118.33,1.0,11.0,-0.4
apostolic-saw-h122,1008,assessment,5,86.91428571428571,15.333179723502305,4.640092165898618,5.976958525345622,97.88,4.7,15.7,2.8
apostolic-saw-h122,1008,assessment,6,83.75714285714285,19.433809523809522,7.666190476190477,7.673333333333334,69.49,7.7,19.7,5.1
apostolic-saw-h122,1008,assessment,7,16.414285714285715,25.542857142857144,11.799999999999999,7.8658986175115215,15.71,12.1,25.8,5.5
apostolic-saw-h122,1008,assessment,8,18.87142857142857,25.917511520737328,12.252073732718893,7.628110599078341,19.27,12.5,25.9,4.5
apostolic-saw-h122,1008,assessment,9,32.42857142857143,20.386666666666667,8.901904761904762,5.720952380952381,35.87,9.2,20.8,2.8
apostolic-saw-h122,1008,assessment,10,91.02857142857144,12.757142857142858,3.647926267281106,3.656221198156682,105.69,3.8,13.0,0.8
apostolic-saw-h122,1008,assessment,11,133.34285714285716,5.931428571428571,-0.7047619047619048,0.33333333333333326,145.33,-0.8,5.4,-1.6
apostolic-saw-h122,1008,assessment,12,156.22857142857143,1.1585253456221198,-4.6322580645161295,-3.169585253456221,152.22,-4.2,1.3,-4.4
apostolic-saw-h122,1009,full,1,155.904,2.145677419354839,-3.795096774193548,-2.5738064516129033,149.93,-3.7,2.1,-4.2
apostolic-saw-h122,1009,full,2,133.428,4.041301272984441,-3.2352192362093355,-1.2056577086280056,138.02,-3.1,4.1,-3.7
apostolic-saw-h122,1009,full,3,147.36,7.570967741935484,-1.1130322580645162,0.8238709677419355,148.31,-1.2,7.5,-2.4
apostolic-saw-h122,1009,full,4,122.0,10.910266666666667,0.9678666666666667,2.5303999999999998,118.33,1.0,11.0,-0.4
apostolic-saw-h122,1009,full,5,92.4,15.53974193548387,4.587741935483871,5.774580645161291,97.88,4.7,15.7,2.8
apostolic-saw-h122,1009,full,6,68.212,19.464266666666667,7.514266666666666,7.518,69.49,7.7,19.7,5.1
apostolic-saw-h122,1009,full,7,11.392000000000001,25.44541935483871,11.868,7.853548387096774,15.71,12.1,25.8,5.5
apostolic-saw-h122,1009,full,8,21.408,25.67767741935484,12.249806451612903,7.72258064516129,19.27,12.5,25.9,4.5
apostolic-saw-h122,1009,full,9,39.524,20.649866666666668,9.156133333333333,6.1521333333333335,35.87,9.2,20.8,2.8
apostolic-saw-h122,1009,full,10,107.804,12.93509677419355,3.797935483870968,3.740774193548387,105.69,3.8,13.0,0.8
apostolic-saw-h122,1009,full,11,141.92,5.604800000000001,-0.8281333333333334,0.3388,145.33,-0.8,5.4,-1.6
apostolic-saw-h122,1009,full,12,142.868,1.3492903225806452,-4.373677419354839,-2.907741935483871,152.22,-4.2,1.3,-4.4
apostolic-saw-h122,1009,assessment,1,159.1,1.5036866359447005,-4.475115207373272,-3.2410138248847926,149.93,-3.7,2.1,-4.2
apostolic-saw-h122,1009,assessment,2,142.34285714285713,3.9853535353535356,-3.1888888888888887,-1.0843434343434344,138.02,-3.1,4.1,-3.7
apostolic-saw-h122,1009,assessment,3,143.2,7.276497695852535,-1.3493087557603687,0.5059907834101383,148.31,-1.2,7.5,-2.4
apostolic-saw-h122,1009,assessment,4,113.27142857142857,11.062380952380952,1.2623809523809524,2.7495238095238093,118.33,1.0,11.0,-0.4
apostolic-saw-h122,1009,assessment,5,91.21428571428571,15.025806451612903,4.405990783410139,5.7373271889400925,97.88,4.7,15.7,2.8
apostolic-saw-h122,1009,assessment,6,49.271428571428565,19.516190476190474,7.4071428571428575,7.318571428571429,69.49,7.7,19.7,5.1
apostolic-saw-h122,1009,assessment,7,10.471428571428572,25.670967741935485,11.908755760368663,7.875115207373272,15.71,12.1,25.8,5.5
apostolic-saw-h122,1009,assessment,8,31.914285714285715,26.040552995391707,12.27926267281106,7.539631336405529,19.27,12.5,25.9,4.5
apostolic-saw-h122,1009,assessment,9,34.642857142857146,20.713333333333335,9.112380952380953,6.137619047619048,35.87,9.2,20.8,2.8
apostolic-saw-h122,1009,assessment,10,122.84285714285714,12.93778801843318,3.823041474654378,3.751152073732719,105.69,3.8,13.0,0.8
apostolic-saw-h122,1009,assessment,11,135.3,5.728571428571429,-0.5714285714285714,0.651904761904762,145.33,-0.8,5.4,-1.6
apostolic-saw-h122,1009,assessment,12,136.14285714285714,1.6907834101382488,-4.1087557603686635,-2.6202764976958526,152.22,-4.2,1.3,-4.4
apostolic-saw-h122,1010,full,1,149.06799999999998,2.208258064516129,-3.746451612903226,-2.439741935483871,149.93,-3.7,2.1,-4.2
apostolic-saw-h122,1010,full,2,128.644,4.0934936350777935,-3.1202263083451203,-1.1745403111739745,138.02,-3.1,4.1,-3.7
apostolic-saw-h122,1010,full,3,136.484,7.472387096774194,-1.1299354838709679,0.804,148.31,-1.2,7.5,-2.4
apostolic-saw-h122,1010,full,4,117.624,10.902133333333333,0.9092,2.5465333333333335,118.33,1.0,11.0,-0.4
apostolic-saw-h122,1010,full,5,99.07600000000001,15.550451612903226,4.672000000000001,5.815483870967742,97.88,4.7,15.7,2.8
apostolic-saw-h122,1010,full,6,74.6,19.4624,7.511333333333333,7.476533333333333,69.49,7.7,19.7,5.1
apostolic-saw-h122,1010,full,7,8.756,25.39006451612903,11.912258064516129,7.928129032258065,15.71,12.1,25.8,5.5
apostolic-saw-h122,1010,full,8,13.315999999999999,25.523999999999997,12.260774193548388,7.810193548387097,19.27,12.5,25.9,4.5
apostolic-saw-h122,1010,full,9,39.224000000000004,20.788533333333334,9.157733333333333,6.088933333333333,35.87,9.2,20.8,2.8
apostolic-saw-h122,1010,full,10,94.89200000000001,13.065032258064516,3.8370322580645158,3.833935483870968,105.69,3.8,13.0,0.8
apostolic-saw-h122,1010,full,11,148.964,5.712400000000001,-0.8461333333333334,0.36533333333333334,145.33,-0.8,5.4,-1.6
apostolic-saw-h122,1010,full,12,152.136,1.4460645161290324,-4.377935483870968,-2.9536774193548387,152.22,-4.2,1.3,-4.4
apostolic-saw-h122,1010,assessment,1,139.37142857142857,2.3493087557603687,-3.8322580645161293,-2.431797235023042,149.93,-3.7,2.1,-4.2
apostolic-saw-h122,1010,assessment,2,128.71428571428572,4.490404040404041,-2.658080808080808,-0.7702020202020202,138.02,-3.1,4.1,-3.7
apostolic-saw-h122,1010,assessment,3,133.97142857142856,7.780184331797235,-0.9986175115207374,1.052073732718894,148.31,-1.2,7.5,-2.4
apostolic-saw-h122,1010,assessment,4,112.32857142857142,11.258095238095237,1.130952380952381,2.57047619047619,118.33,1.0,11.0,-0.4
apostolic-saw-h122,1010,assessment,5,128.5142857142857,15.455299539170507,4.501382488479263,5.7935483870967746,97.88,4.7,15.7,2.8
apostolic-saw-h122,1010,assessment,6,88.67142857142858,19.31,7.3066666666666675,7.2457142857142856,69.49,7.7,19.7,5.1
apostolic-saw-h122,1010,assessment,7,5.8428571428571425,25.406451612903226,11.6926267281106,7.694930875576037,15.71,12.1,25.8,5.5
apostolic-saw-h122,1010,assessment,8,6.042857142857143,25.078341013824886,11.997235023041474,7.482488479262673,19.27,12.5,25.9,4.5
apostolic-saw-h122,1010,assessment,9,40.98571428571428,20.626190476190477,8.992857142857142,5.992380952380953,35.87,9.2,20.8,2.8
apostolic-saw-h122,1010,assessment,10,107.84285714285714,13.538248847926267,3.9373271889400923,4.0,105.69,3.8,13.0,0.8
apostolic-saw-h122,1010,assessment,11,121.1,5.567619047619048,-0.989047619047619,0.06761904761904762,145.33,-0.8,5.4,-1.6
apostolic-saw-h122,1010,assessment,12,140.71428571428572,1.217511520737327,-4.616129032258065,-3.2732718894009216,152.22,-4.2,1.3,-4.4
apostolic-saw-h2196,1001,full,1,196.604,0.8592258064516128,-5.322838709677419,-3.144516129032258,203.21,-5.3,0.7,-5.2
apostolic-saw-h2196,1001,full,2,177.888,2.0893917963224893,-5.160254596888261,-2.276096181046676,165.21,-5.0,2.3,-5.2
apostolic-saw-h2196,1001,full,3,167.892,5.493290322580646,-3.3011612903225807,0.031612903225806475,173.38,-3.4,5.4,-3.4
apostolic-saw-h2196,1001,full,4,138.624,8.4712,-1.4446666666666668,1.8525333333333334,136.86,-1.3,8.6,-1.4
apostolic-saw-h2196,1001,full,5,100.0,13.106967741935483,2.5793548387096776,5.274451612903226,100.76,2.6,13.1,1.5
apostolic-saw-h2196,1001,full,6,77.708,16.7892,5.4908,7.242133333333334,74.3,5.7,17.0,3.8
apostolic-saw-h2196,1001,full,7,11.404000000000002,22.881677419354837,10.292774193548386,7.992387096774194,17.64,10.4,23.2,3.8
apostolic-saw-h2196,1001,full,8,22.24,23.136129032258065,10.571483870967741,7.682709677419355,21.2,10.9,23.5,3.8
apostolic-saw-h2196,1001,full,9,36.62,18.596666666666668,7.458266666666667,6.170800000000001,36.58,7.4,18.6,1.3
apostolic-saw-h2196,1001,full,10,110.24799999999999,10.751483870967741,2.0935483870967744,3.5394838709677416,116.89,2.1,10.8,-0.7
apostolic-saw-h2196,1001,full,11,209.424,4.1052,-2.530133333333333,-0.35119999999999996,216.48,-2.5,3.8,-3.4
apostolic-saw-h2196,1001,full,12,238.00400000000002,-0.06748387096774194,-5.896774193548387,-3.73341935483871,234.83,-5.8,-0.1,-5.4
apostolic-saw-h2196,1001,assessment,1,203.20000000000002,0.5161290322580645,-5.754838709677419,-3.494470046082949,203.21,-5.3,0.7,-5.2
apostolic-saw-h2196,1001,assessment,2,184.62857142857143,1.8222222222222222,-5.413131313131313,-2.551010101010101,165.21,-5.0,2.3,-5.2
apostolic-saw-h2196,1001,assessment,3,179.94285714285712,5.65668202764977,-3.1838709677419352,0.22672811059907835,173.38,-3.4,5.4,-3.4
apostolic-saw-h2196,1001,assessment,4,151.35714285714286,8.46857142857143,-1.4066666666666665,1.880952380952381,136.86,-1.3,8.6,-1.4
apostolic-saw-h2196,1001,assessment,5,120.51428571428572,13.210599078341012,2.790783410138249,5.379723502304148,100.76,2.6,13.1,1.5
apostolic-saw-h2196,1001,assessment,6,87.12857142857142,16.730476190476192,5.347142857142858,7.118571428571429,74.3,5.7,17.0,3.8
apostolic-saw-h2196,1001,assessment,7,19.17142857142857,22.689400921658986,10.11705069124424,7.799078341013825,17.64,10.4,23.2,3.8
apostolic-saw-h2196,1001,assessment,8,28.52857142857143,23.12304147465438,10.420737327188942,7.538709677419355,21.2,10.9,23.5,3.8
apostolic-saw-h2196,1001,assessment,9,33.94285714285714,18.317619047619047,7.365238095238095,6.031904761904762,36.58,7.4,18.6,1.3
apostolic-saw-h2196,1001,assessment,10,109.28571428571429,10.319354838709678,1.9087557603686636,3.2953917050691244,116.89,2.1,10.8,-0.7
apostolic-saw-h2196,1001,assessment,11,196.64285714285714,4.102380952380952,-2.410952380952381,-0.27285714285714285,216.48,-2.5,3.8,-3.4
apostolic-saw-h2196,1001,assessment,12,237.91428571428574,-0.04239631336405528,-5.733179723502304,-3.6244239631336406,234.83,-5.8,-0.1,-5.4
apostolic-saw-h2196,1002,full,1,199.72400000000002,0.9512258064516129,-5.279483870967741,-3.0809032258064515,203.21,-5.3,0.7,-5.2
apostolic-saw-h2196,1002,full,2,170.56400000000002,2.2579915134370583,-5.133946251768034,-2.1983026874115983,165.21,-5.0,2.3,-5.2
apostolic-saw-h2196,1002,full,3,165.24400000000003,5.436516129032258,-3.395741935483871,-0.031999999999999994,173.38,-3.4,5.4,-3.4
apostolic-saw-h2196,1002,full,4,142.692,8.323466666666667,-1.4330666666666667,1.8152000000000001,136.86,-1.3,8.6,-1.4
apostolic-saw-h2196,1002,full,5,97.376,13.007612903225805,2.5552258064516127,5.332516129032258,100.76,2.6,13.1,1.5
apostolic-saw-h2196,1002,full,6,74.55199999999999,16.86746666666667,5.528133333333334,7.2096,74.3,5.7,17.0,3.8
apostolic-saw-h2196,1002,full,7,9.344,22.813161290322583,10.163225806451614,7.882967741935484,17.64,10.4,23.2,3.8
apostolic-saw-h2196,1002,full,8,25.84,23.19006451612903,10.574322580645163,7.679354838709678,21.2,10.9,23.5,3.8
apostolic-saw-h2196,1002,full,9,29.404,18.5136,7.4446666666666665,6.210133333333334,36.58,7.4,18.6,1.3
apostolic-saw-h2196,1002,full,10,108.148,10.670838709677419,1.977548387096774,3.350193548387097,116.89,2.1,10.8,-0.7
apostolic-saw-h2196,1002,full,11,214.328,3.971733333333334,-2.52,-0.44826666666666665,216.48,-2.5,3.8,-3.4
apostolic-saw-h2196,1002,full,12,242.452,-0.14993548387096772,-5.994709677419355,-3.8686451612903223,234.83,-5.8,-0.1,-5.4
apostolic-saw-h2196,1002,assessment,1,209.79999999999998,0.9193548387096774,-5.283870967741935,-3.1359447004608296,203.21,-5.3,0.7,-5.2
apostolic-saw-h2196,1002,assessment,2,170.4857142857143,2.5641414141414143,-4.834848484848485,-1.8121212121212122,165.21,-5.0,2.3,-5.2
apostolic-saw-h2196,1002,assessment,3,183.97142857142856,5.263133640552995,-3.321658986175115,0.03410138248847928,173.38,-3.4,5.4,-3.4
apostolic-saw-h2196,1002,assessment,4,168.5142857142857,8.415714285714285,-1.4071428571428573,1.7247619047619047,136.86,-1.3,8.6,-1.4
apostolic-saw-h2196,1002,assessment,5,82.65714285714286,13.13041474654378,2.4986175115207376,5.491705069124424,100.76,2.6,13.1,1.5
apostolic-saw-h2196,1002,assessment,6,73.1,16.83809523809524,5.328095238095239,7.152380952380953,74.3,5.7,17.0,3.8
apostolic-saw-h2196,1002,assessment,7,6.171428571428572,23.200921658986175,10.463594470046083,8.092626728110599,17.64,10.4,23.2,3.8
apostolic-saw-h2196,1002,assessment,8,18.02857142857143,22.98294930875576,10.492626728110599,7.571889400921658,21.2,10.9,23.5,3.8
apostolic-saw-h2196,1002,assessment,9,25.814285714285713,18.52809523809524,7.345238095238095,6.14095238095238,36.58,7.4,18.6,1.3
apostolic-saw-h2196,1002,assessment,10,113.78571428571429,10.423502304147465,1.838248847926267,3.2211981566820276,116.89,2.1,10.8,-0.7
apostolic-saw-h2196,1002,assessment,11,194.54285714285714,3.5023809523809524,-2.958571428571428,-0.9028571428571428,216.48,-2.5,3.8,-3.4
apostolic-saw-h2196,1002,assessment,12,247.48571428571427,-0.45161290322580644,-6.31705069124424,-4.228571428571429,234.83,-5.8,-0.1,-5.4
apostolic-saw-h2196,1003,full,1,196.204,0.7953548387096774,-5.338322580645161,-3.183225806451613,203.21,-5.3,0.7,-5.2
apostolic-saw-h2196,1003,full,2,158.72799999999998,2.138330975954738,-5.233097595473834,-2.2356435643564354,165.21,-5.0,2.3,-5.2
apostolic-saw-h2196,1003,full,3,177.77599999999998,5.33058064516129,-3.3811612903225807,-0.04129032258064516,173.38,-3.4,5.4,-3.4
apostolic-saw-h2196,1003,full,4,136.592,8.603333333333333,-1.3562666666666667,1.9386666666666668,136.86,-1.3,8.6,-1.4
apostolic-saw-h2196,1003,full,5,98.396,12.97341935483871,2.4641290322580645,5.207354838709677,100.76,2.6,13.1,1.5
apostolic-saw-h2196,1003,full,6,80.028,17.070800000000002,5.607733333333334,7.288133333333334,74.3,5.7,17.0,3.8
apostolic-saw-h2196,1003,full,7,12.58,22.81290322580645,10.217419354838709,7.894580645161291,17.64,10.4,23.2,3.8
apostolic-saw-h2196,1003,full,8,19.195999999999998,23.141161290322582,10.606451612903227,7.755999999999999,21.2,10.9,23.5,3.8
apostolic-saw-h2196,1003,full,9,36.736,18.615866666666665,7.489199999999999,6.2564,36.58,7.4,18.6,1.3
apostolic-saw-h2196,1003,full,10,118.00800000000001,10.693032258064516,2.0076129032258065,3.4765161290322584,116.89,2.1,10.8,-0.7
apostolic-saw-h2196,1003,full,11,207.61599999999999,4.0287999999999995,-2.4716,-0.36626666666666663,216.48,-2.5,3.8,-3.4
apostolic-saw-h2196,1003,full,12,249.32,0.003483870967741957,-5.928645161290322,-3.7699354838709676,234.83,-5.8,-0.1,-5.4
apostolic-saw-h2196,1003,assessment,1,181.15714285714284,0.6092165898617512,-5.653456221198156,-3.488940092165899,203.21,-5.3,0.7,-5.2
apostolic-saw-h2196,1003,assessment,2,154.71428571428572,2.2050505050505054,-5.145959595959596,-2.1681818181818184,165.21,-5.0,2.3,-5.2
apostolic-saw-h2196,1003,assessment,3,171.28571428571428,5.375115207373272,-3.450230414746544,-0.13410138248847928,173.38,-3.4,5.4,-3.4
apostolic-saw-h2196,1003,assessment,4,152.82857142857142,8.553333333333333,-1.3757142857142857,1.8628571428571428,136.86,-1.3,8.6,-1.4
apostolic-saw-h2196,1003,assessment,5,113.87142857142858,12.961751152073733,2.553456221198157,5.373732718894009,100.76,2.6,13.1,1.5
apostolic-saw-h2196,1003,assessment,6,92.84285714285714,17.335238095238097,5.746190476190477,7.400952380952381,74.3,5.7,17.0,3.8
apostolic-saw-h2196,1003,assessment,7,14.228571428571428,22.860368663594468,10.208755760368664,7.779262672811059,17.64,10.4,23.2,3.8
apostolic-saw-h2196,1003,assessment,8,24.614285714285717,22.60645161290323,10.43778801843318,7.672350230414747,21.2,10.9,23.5,3.8
apostolic-saw-h2196,1003,assessment,9,41.91428571428571,18.347619047619048,7.517619047619048,6.349047619047619,36.58,7.4,18.6,1.3
apostolic-saw-h2196,1003,assessment,10,107.3,10.629032258064516,1.9788018433179722,3.5119815668202765,116.89,2.1,10.8,-0.7
apostolic-saw-h2196,1003,assessment,11,215.44285714285712,3.8200000000000003,-2.562857142857143,-0.5314285714285714,216.48,-2.5,3.8,-3.4
apostolic-saw-h2196,1003,assessment,12,253.35714285714286,0.17235023041474656,-5.574193548387097,-3.3981566820276496,234.83,-5.8,-0.1,-5.4
apostolic-saw-h2196,1004,full,1,207.1,0.9584516129032258,-5.236774193548387,-3.08,203.21,-5.3,0.7,-5.2
apostolic-saw-h2196,1004,full,2,166.296,2.2721357850070723,-5.131824611032531,-2.127864214992928,165.21,-5.0,2.3,-5.2
apostolic-saw-h2196,1004,full,3,171.204,5.404387096774193,-3.3176774193548386,0.005161290322580634,173.38,-3.4,5.4,-3.4
apostolic-saw-h2196,1004,full,4,139.55200000000002,8.470133333333333,-1.4742666666666668,1.8276000000000001,136.86,-1.3,8.6,-1.4
apostolic-saw-h2196,1004,full,5,102.272,12.964516129032258,2.5043870967741935,5.18825806451613,100.76,2.6,13.1,1.5
apostolic-saw-h2196,1004,full,6,76.42399999999999,16.825733333333332,5.514533333333333,7.2708,74.3,5.7,17.0,3.8
apostolic-saw-h2196,1004,full,7,11.588,23.023741935483873,10.268645161290323,8.006580645161291,17.64,10.4,23.2,3.8
apostolic-saw-h2196,1004,full,8,22.46,23.19793548387097,10.559870967741935,7.645419354838709,21.2,10.9,23.5,3.8
apostolic-saw-h2196,1004,full,9,35.792,18.5592,7.479866666666666,6.2452,36.58,7.4,18.6,1.3
apostolic-saw-h2196,1004,full,10,103.316,10.711870967741936,2.0778064516129033,3.533677419354839,116.89,2.1,10.8,-0.7
apostolic-saw-h2196,1004,full,11,205.62,3.9281333333333333,-2.5361333333333334,-0.4114666666666667,216.48,-2.5,3.8,-3.4
apostolic-saw-h2196,1004,full,12,233.54,-0.05793548387096773,-5.977032258064516,-3.7788387096774194,234.83,-5.8,-0.1,-5.4
apostolic-saw-h2196,1004,assessment,1,208.3857142857143,1.2036866359447005,-4.846543778801844,-2.6778801843317974,203.21,-5.3,0.7,-5.2
apostolic-saw-h2196,1004,assessment,2,172.92857142857142,2.0176767676767677,-5.490909090909091,-2.4323232323232324,165.21,-5.0,2.3,-5.2
apostolic-saw-h2196,1004,assessment,3,177.27142857142857,5.468202764976958,-3.1815668202764975,0.12073732718894008,173.38,-3.4,5.4,-3.4
apostolic-saw-h2196,1004,assessment,4,149.02857142857144,8.497142857142858,-1.4095238095238096,1.8780952380952383,136.86,-1.3,8.6,-1.4
apostolic-saw-h2196,1004,assessment,5,88.8,13.099078341013826,2.4976958525345623,5.179262672811061,100.76,2.6,13.1,1.5
apostolic-saw-h2196,1004,assessment,6,83.2,16.66,5.580476190476191,7.345714285714285,74.3,5.7,17.0,3.8
apostolic-saw-h2196,1004,assessment,7,8.142857142857142,23.061290322580646,10.23041474654378,8.09032258064516,17.64,10.4,23.2,3.8
apostolic-saw-h2196,1004,assessment,8,22.428571428571427,23.09769585253456,10.434562211981568,7.545622119815668,21.2,10.9,23.5,3.8
apostolic-saw-h2196,1004,assessment,9,33.94285714285714,18.493333333333332,7.367619047619048,6.1361904761904755,36.58,7.4,18.6,1.3
apostolic-saw-h2196,1004,assessment,10,96.94285714285715,10.876497695852533,2.3419354838709676,3.812442396313364,116.89,2.1,10.8,-0.7
apostolic-saw-h2196,1004,assessment,11,211.20000000000002,3.7485714285714287,-2.6171428571428574,-0.3380952380952381,216.48,-2.5,3.8,-3.4
apostolic-saw-h2196,1004,assessment,12,221.5142857142857,-0.3709677419354839,-6.308755760368664,-4.162211981566821,234.83,-5.8,-0.1,-5.4
apostolic-saw-h2196,1005,full,1,198.12,0.7545806451612903,-5.365290322580646,-3.265290322580645,203.21,-5.3,0.7,-5.2
apostolic-saw-h2196,1005,full,2,163.93200000000002,2.3202263083451204,-5.008910891089109,-2.0663366336633664,165.21,-5.0,2.3,-5.2
apostolic-saw-h2196,1005,full,3,173.592,5.331870967741935,-3.369806451612903,-0.046967741935483885,173.38,-3.4,5.4,-3.4
apostolic-saw-h2196,1005,full,4,134.26,8.453333333333333,-1.3949333333333334,1.8578666666666668,136.86,-1.3,8.6,-1.4
apostolic-saw-h2196,1005,full,5,95.13600000000001,12.969419354838708,2.5156129032258066,5.1972903225806455,100.76,2.6,13.1,1.5
apostolic-saw-h2196,1005,full,6,72.43599999999999,16.8672,5.549333333333333,7.178266666666667,74.3,5.7,17.0,3.8
apostolic-saw-h2196,1005,full,7,12.856,22.985548387096774,10.29367741935484,7.90258064516129,17.64,10.4,23.2,3.8
apostolic-saw-h2196,1005,full,8,16.976,23.056645161290323,10.600645161290323,7.671483870967742,21.2,10.9,23.5,3.8
apostolic-saw-h2196,1005,full,9,32.464,18.6528,7.430933333333333,6.162933333333333,36.58,7.4,18.6,1.3
apostolic-saw-h2196,1005,full,10,114.324,10.624774193548388,1.9878709677419353,3.4345806451612906,116.89,2.1,10.8,-0.7
apostolic-saw-h2196,1005,full,11,215.48,3.922,-2.5216,-0.41280000000000006,216.48,-2.5,3.8,-3.4
apostolic-saw-h2196,1005,full,12,234.22400000000002,0.04412903225806452,-5.8907096774193555,-3.689032258064516,234.83,-5.8,-0.1,-5.4
apostolic-saw-h2196,1005,assessment,1,189.5142857142857,0.9354838709677418,-5.177880184331797,-3.0788018433179722,203.21,-5.3,0.7,-5.2
apostolic-saw-h2196,1005,assessment,2,178.24285714285716,2.586868686868687,-4.804545454545455,-1.8434343434343434,165.21,-5.0,2.3,-5.2
apostolic-saw-h2196,1005,assessment,3,178.72857142857143,5.283870967741935,-3.276958525345622,0.07050691244239626,173.38,-3.4,5.4,-3.4
apostolic-saw-h2196,1005,assessment,4,115.55714285714285,8.555714285714286,-1.3247619047619048,1.8852380952380952,136.86,-1.3,8.6,-1.4
apostolic-saw-h2196,1005,assessment,5,103.11428571428571,13.127649769585252,2.596774193548387,5.2935483870967746,100.76,2.6,13.1,1.5
apostolic-saw-h2196,1005,assessment,6,71.07142857142857,16.686190476190475,5.538095238095238,6.865238095238095,74.3,5.7,17.0,3.8
apostolic-saw-h2196,1005,assessment,7,8.442857142857143,23.45806451612903,10.32073732718894,8.093548387096774,17.64,10.4,23.2,3.8
apostolic-saw-h2196,1005,assessment,8,21.5,22.852073732718893,10.565437788018432,7.779262672811059,21.2,10.9,23.5,3.8
apostolic-saw-h2196,1005,assessment,9,33.857142857142854,18.514761904761905,7.3966666666666665,6.06,36.58,7.4,18.6,1.3
apostolic-saw-h2196,1005,assessment,10,116.68571428571428,10.549769585253458,2.0221198156682028,3.470967741935484,116.89,2.1,10.8,-0.7
apostolic-saw-h2196,1005,assessment,11,234.12857142857143,4.057619047619048,-2.356190476190476,-0.25999999999999995,216.48,-2.5,3.8,-3.4
apostolic-saw-h2196,1005,assessment,12,216.0,-0.36497695852534556,-6.203225806451613,-4.030414746543779,234.83,-5.8,-0.1,-5.4
apostolic-saw-h2196,1006,full,1,198.9,0.6694193548387096,-5.410709677419355,-3.2376774193548385,203.21,-5.3,0.7,-5.2
apostolic-saw-h2196,1006,full,2,167.46400000000003,2.394059405940594,-4.965770862800566,-1.999009900990099,165.21,-5.0,2.3,-5.2
apostolic-saw-h2196,1006,full,3,161.748,5.469935483870968,-3.268,0.010838709677419355,173.38,-3.4,5.4,-3.4
apostolic-saw-h2196,1006,full,4,152.304,8.552933333333334,-1.3094666666666668,1.9612,136.86,-1.3,8.6,-1.4
apostolic-saw-h2196,1006,full,5,94.008,13.000774193548388,2.4969032258064514,5.1976774193548385,100.76,2.6,13.1,1.5
apostolic-saw-h2196,1006,full,6,76.732,16.905866666666665,5.526666666666666,7.157333333333334,74.3,5.7,17.0,3.8
apostolic-saw-h2196,1006,full,7,9.236,22.98761290322581,10.218967741935483,7.861806451612903,17.64,10.4,23.2,3.8
apostolic-saw-h2196,1006,full,8,22.724,23.084129032258065,10.584774193548387,7.731612903225806,21.2,10.9,23.5,3.8
apostolic-saw-h2196,1006,full,9,31.412,18.779066666666665,7.529066666666667,6.241333333333333,36.58,7.4,18.6,1.3
apostolic-saw-h2196,1006,full,10,118.676,10.887225806451614,2.1397419354838707,3.572258064516129,116.89,2.1,10.8,-0.7
apostolic-saw-h2196,1006,full,11,212.972,4.1464,-2.3729333333333336,-0.20253333333333334,216.48,-2.5,3.8,-3.4
apostolic-saw-h2196,1006,full,12,238.68400000000003,-0.09935483870967741,-5.935870967741936,-3.7837419354838713,234.83,-5.8,-0.1,-5.4
apostolic-saw-h2196,1006,assessment,1,177.18571428571428,0.204147465437788,-5.715207373271889,-3.583410138248848,203.21,-5.3,0.7,-5.2
apostolic-saw-h2196,1006,assessment,2,172.18571428571428,3.0853535353535353,-4.471717171717172,-1.3994949494949496,165.21,-5.0,2.3,-5.2
apostolic-saw-h2196,1006,assessment,3,147.78571428571428,5.23963133640553,-3.3995391705069125,-0.14101382488479264,173.38,-3.4,5.4,-3.4
apostolic-saw-h2196,1006,assessment,4,162.94285714285712,8.242380952380953,-1.3266666666666669,1.9266666666666667,136.86,-1.3,8.6,-1.4
apostolic-saw-h2196,1006,assessment,5,95.37142857142858,12.478341013824886,2.2221198156682025,4.8341013824884795,100.76,2.6,13.1,1.5
apostolic-saw-h2196,1006,assessment,6,64.24285714285715,16.532380952380954,5.324761904761905,6.961428571428572,74.3,5.7,17.0,3.8
apostolic-saw-h2196,1006,assessment,7,9.742857142857142,22.82442396313364,10.0,7.570967741935484,17.64,10.4,23.2,3.8
apostolic-saw-h2196,1006,assessment,8,28.457142857142856,23.477419354838712,10.670506912442397,7.551612903225807,21.2,10.9,23.5,3.8
apostolic-saw-h2196,1006,assessment,9,21.2,18.845714285714287,7.451428571428571,6.1085714285714285,36.58,7.4,18.6,1.3
apostolic-saw-h2196,1006,assessment,10,135.28571428571428,11.257142857142858,2.4341013824884796,3.8221198156682026,116.89,2.1,10.8,-0.7
apostolic-saw-h2196,1006,assessment,11,196.65714285714284,4.052857142857143,-2.590952380952381,-0.3528571428571429,216.48,-2.5,3.8,-3.4
apostolic-saw-h2196,1006,assessment,12,252.71428571428572,-0.2709677419354839,-6.226728110599079,-4.08110599078341,234.83,-5.8,-0.1,-5.4
apostolic-saw-h2196,1007,full,1,199.84799999999998,0.864258064516129,-5.319354838709677,-3.201677419354839,203.21,-5.3,0.7,-5.2
apostolic-saw-h2196,1007,full,2,170.012,2.258840169731259,-5.1106082036775105,-2.1256011315417256,165.21,-5.0,2.3,-5.2
apostolic-saw-h2196,1007,full,3,164.864,5.3669677419354835,-3.358838709677419,-0.009290322580645162,173.38,-3.4,5.4,-3.4
apostolic-saw-h2196,1007,full,4,141.844,8.423866666666667,-1.378,1.866,136.86,-1.3,8.6,-1.4
apostolic-saw-h2196,1007,full,5,92.884,12.973161290322581,2.4646451612903224,5.184516129032258,100.76,2.6,13.1,1.5
apostolic-saw-h2196,1007,full,6,71.208,16.808133333333334,5.494266666666666,7.117733333333334,74.3,5.7,17.0,3.8
apostolic-saw-h2196,1007,full,7,9.8,22.84709677419355,10.240774193548388,7.920387096774194,17.64,10.4,23.2,3.8
apostolic-saw-h2196,1007,full,8,24.772,23.238451612903226,10.66,7.817161290322581,21.2,10.9,23.5,3.8
apostolic-saw-h2196,1007,full,9,42.732,18.6712,7.480133333333334,6.209333333333333,36.58,7.4,18.6,1.3
apostolic-saw-h2196,1007,full,10,109.376,10.633161290322581,1.9465806451612901,3.3691612903225807,116.89,2.1,10.8,-0.7
apostolic-saw-h2196,1007,full,11,206.692,4.032266666666667,-2.3989333333333334,-0.31293333333333334,216.48,-2.5,3.8,-3.4
apostolic-saw-h2196,1007,full,12,234.02,-0.03574193548387096,-5.907741935483871,-3.742838709677419,234.83,-5.8,-0.1,-5.4
apostolic-saw-h2196,1007,assessment,1,208.52857142857144,1.192626728110599,-5.142396313364055,-3.0221198156682028,203.21,-5.3,0.7,-5.2
apostolic-saw-h2196,1007,assessment,2,165.47142857142856,1.434848484848485,-5.651515151515151,-2.7676767676767677,165.21,-5.0,2.3,-5.2
apostolic-saw-h2196,1007,assessment,3,160.62857142857143,5.282488479262673,-3.4433179723502305,-0.12073732718894008,173.38,-3.4,5.4,-3.4
apostolic-saw-h2196,1007,assessment,4,132.14285714285714,8.474761904761905,-1.1733333333333333,2.0833333333333335,136.86,-1.3,8.6,-1.4
apostolic-saw-h2196,1007,assessment,5,60.714285714285715,12.569585253456221,2.1622119815668204,4.84147465437788,100.76,2.6,13.1,1.5
apostolic-saw-h2196,1007,assessment,6,71.41428571428571,16.822857142857142,5.581904761904762,7.279999999999999,74.3,5.7,17.0,3.8
apostolic-saw-h2196,1007,assessment,7,7.514285714285714,22.631336405529954,9.96405529953917,7.509216589861751,17.64,10.4,23.2,3.8
apostolic-saw-h2196,1007,assessment,8,26.88571428571429,23.687557603686635,10.717511520737327,7.837327188940092,21.2,10.9,23.5,3.8
apostolic-saw-h2196,1007,assessment,9,47.91428571428571,18.78,7.47047619047619,6.299047619047619,36.58,7.4,18.6,1.3
apostolic-saw-h2196,1007,assessment,10,104.2,10.40184331797235,1.764516129032258,3.1847926267281106,116.89,2.1,10.8,-0.7
apostolic-saw-h2196,1007,assessment,11,193.8857142857143,3.791428571428572,-2.54,-0.4438095238095238,216.48,-2.5,3.8,-3.4
apostolic-saw-h2196,1007,assessment,12,242.72857142857143,-0.28479262672811057,-5.917050691244239,-3.805990783410138,234.83,-5.8,-0.1,-5.4
apostolic-saw-h2196,1008,full,1,206.292,0.8910967741935484,-5.293935483870968,-3.129677419354839,203.21,-5.3,0.7,-5.2
apostolic-saw-h2196,1008,full,2,167.77599999999998,2.139321074964639,-5.137340876944838,-2.257142857142857,165.21,-5.0,2.3,-5.2
apostolic-saw-h2196,1008,full,3,165.21200000000002,5.526064516129032,-3.240516129032258,0.10129032258064516,173.38,-3.4,5.4,-3.4
apostolic-saw-h2196,1008,full,4,144.192,8.487066666666667,-1.3234666666666668,1.9293333333333333,136.86,-1.3,8.6,-1.4
apostolic-saw-h2196,1008,full,5,103.45200000000001,12.954967741935484,2.531483870967742,5.287999999999999,100.76,2.6,13.1,1.5
apostolic-saw-h2196,1008,full,6,83.49600000000001,16.917466666666666,5.613866666666667,7.3154666666666675,74.3,5.7,17.0,3.8
apostolic-saw-h2196,1008,full,7,14.143999999999998,22.798709677419353,10.129290322580644,7.812258064516129,17.64,10.4,23.2,3.8
apostolic-saw-h2196,1008,full,8,20.328,23.176129032258064,10.575483870967743,7.676516129032258,21.2,10.9,23.5,3.8
apostolic-saw-h2196,1008,full,9,35.564,18.482666666666667,7.388133333333334,6.0775999999999994,36.58,7.4,18.6,1.3
apostolic-saw-h2196,1008,full,10,99.54,10.710580645161292,1.9517419354838708,3.3863225806451616,116.89,2.1,10.8,-0.7
apostolic-saw-h2196,1008,full,11,208.34799999999998,4.128933333333333,-2.3886666666666665,-0.27413333333333334,216.48,-2.5,3.8,-3.4
apostolic-saw-h2196,1008,full,12,235.252,0.08000000000000004,-5.880129032258065,-3.6629677419354842,234.83,-5.8,-0.1,-5.4
apostolic-saw-h2196,1008,assessment,1,209.79999999999998,0.804147465437788,-5.381105990783411,-3.189861751152074,203.21,-5.3,0.7,-5.2
apostolic-saw-h2196,1008,assessment,2,179.6,2.0797979797979798,-5.381818181818181,-2.467171717171717,165.21,-5.0,2.3,-5.2
apostolic-saw-h2196,1008,assessment,3,161.72857142857143,5.848847926267282,-3.017511520737327,0.391705069124424,173.38,-3.4,5.4,-3.4
apostolic-saw-h2196,1008,assessment,4,162.17142857142858,8.469047619047618,-1.3461904761904762,1.9433333333333334,136.86,-1.3,8.6,-1.4
apostolic-saw-h2196,1008,assessment,5,116.75714285714285,12.761751152073733,2.5313364055299536,5.4626728110599085,100.76,2.6,13.1,1.5
apostolic-saw-h2196,1008,assessment,6,86.75714285714285,16.723333333333333,5.678571428571429,7.346190476190476,74.3,5.7,17.0,3.8
apostolic-saw-h2196,1008,assessment,7,11.642857142857142,22.955299539170507,10.085714285714285,7.855760368663595,17.64,10.4,23.2,3.8
apostolic-saw-h2196,1008,assessment,8,20.385714285714283,23.497695852534562,10.637327188940093,7.628110599078341,21.2,10.9,23.5,3.8
apostolic-saw-h2196,1008,assessment,9,29.185714285714287,18.186666666666667,7.124285714285714,5.697619047619048,36.58,7.4,18.6,1.3
apostolic-saw-h2196,1008,assessment,10,93.14285714285714,10.573732718894009,1.8967741935483868,3.372811059907834,116.89,2.1,10.8,-0.7
apostolic-saw-h2196,1008,assessment,11,224.0,4.322380952380953,-2.354285714285714,-0.30857142857142855,216.48,-2.5,3.8,-3.4
apostolic-saw-h2196,1008,assessment,12,234.17142857142858,-0.2612903225806451,-6.199539170506912,-3.9981566820276497,234.83,-5.8,-0.1,-5.4
apostolic-saw-h2196,1009,full,1,202.208,0.7384516129032257,-5.3992258064516125,-3.3009032258064512,203.21,-5.3,0.7,-5.2
apostolic-saw-h2196,1009,full,2,158.384,2.2281471004243283,-5.133097595473833,-2.1275813295615276,165.21,-5.0,2.3,-5.2
apostolic-saw-h2196,1009,full,3,167.03599999999997,5.493935483870968,-3.3018064516129035,0.041677419354838714,173.38,-3.4,5.4,-3.4
apostolic-saw-h2196,1009,full,4,142.428,8.501866666666666,-1.3153333333333332,1.8957333333333333,136.86,-1.3,8.6,-1.4
apostolic-saw-h2196,1009,full,5,96.536,12.968000000000002,2.4738064516129032,5.293290322580646,100.76,2.6,13.1,1.5
apostolic-saw-h2196,1009,full,6,71.36,16.754,5.515866666666666,7.211733333333334,74.3,5.7,17.0,3.8
apostolic-saw-h2196,1009,full,7,9.863999999999999,22.865806451612904,10.144903225806452,7.838193548387097,17.64,10.4,23.2,3.8
apostolic-saw-h2196,1009,full,8,23.58,23.259612903225808,10.636,7.721548387096774,21.2,10.9,23.5,3.8
apostolic-saw-h2196,1009,full,9,40.124,18.4544,7.3751999999999995,6.136666666666667,36.58,7.4,18.6,1.3
apostolic-saw-h2196,1009,full,10,122.912,10.751354838709677,2.073032258064516,3.481548387096774,116.89,2.1,10.8,-0.7
apostolic-saw-h2196,1009,full,11,217.924,3.9961333333333333,-2.4956,-0.37213333333333337,216.48,-2.5,3.8,-3.4
apostolic-saw-h2196,1009,full,12,226.72799999999998,-0.07251612903225804,-5.927870967741936,-3.7899354838709676,234.83,-5.8,-0.1,-5.4
apostolic-saw-h2196,1009,assessment,1,206.24285714285716,0.09308755760368664,-6.0917050691244246,-3.970967741935484,203.21,-5.3,0.7,-5.2
apostolic-saw-h2196,1009,assessment,2,168.02857142857144,2.1717171717171717,-5.087878787878788,-2.073232323232323,165.21,-5.0,2.3,-5.2
apostolic-saw-h2196,1009,assessment,3,172.95714285714286,5.2,-3.5382488479262673,-0.28617511520737327,173.38,-3.4,5.4,-3.4
apostolic-saw-h2196,1009,assessment,4,130.84285714285713,8.654761904761905,-1.0233333333333334,2.1423809523809525,136.86,-1.3,8.6,-1.4
apostolic-saw-h2196,1009,assessment,5,97.95714285714287,12.45668202764977,2.294009216589862,5.208294930875576,100.76,2.6,13.1,1.5
apostolic-saw-h2196,1009,assessment,6,66.11428571428571,16.808095238095238,5.394761904761905,6.979047619047619,74.3,5.7,17.0,3.8
apostolic-saw-h2196,1009,assessment,7,12.5,23.091705069124423,10.200921658986175,7.875115207373272,17.64,10.4,23.2,3.8
apostolic-saw-h2196,1009,assessment,8,31.942857142857143,23.62304147465438,10.669585253456223,7.539631336405529,21.2,10.9,23.5,3.8
apostolic-saw-h2196,1009,assessment,9,38.81428571428571,18.515714285714285,7.331904761904762,6.119047619047619,36.58,7.4,18.6,1.3
apostolic-saw-h2196,1009,assessment,10,132.02857142857144,10.752534562211983,2.1115207373271887,3.532258064516129,116.89,2.1,10.8,-0.7
apostolic-saw-h2196,1009,assessment,11,226.74285714285716,4.120952380952381,-2.2538095238095237,-0.1447619047619047,216.48,-2.5,3.8,-3.4
apostolic-saw-h2196,1009,assessment,12,218.12857142857143,0.267741935483871,-5.65668202764977,-3.486635944700461,234.83,-5.8,-0.1,-5.4
apostolic-saw-h2196,1010,full,1,194.84400000000002,0.7950967741935483,-5.337032258064516,-3.1753548387096777,203.21,-5.3,0.7,-5.2
apostolic-saw-h2196,1010,full,2,155.016,2.277086280056577,-5.017821782178218,-2.101838755304102,165.21,-5.0,2.3,-5.2
apostolic-saw-h2196,1010,full,3,162.6,5.394064516129032,-3.3148387096774194,-0.0002580645161290256,173.38,-3.4,5.4,-3.4
apostolic-saw-h2196,1010,full,4,146.216,8.495466666666667,-1.3742666666666667,1.888,136.86,-1.3,8.6,-1.4
apostolic-saw-h2196,1010,full,5,96.78,12.977419354838709,2.5570322580645164,5.327870967741936,100.76,2.6,13.1,1.5
apostolic-saw-h2196,1010,full,6,77.62,16.752666666666666,5.5012,7.164666666666666,74.3,5.7,17.0,3.8
apostolic-saw-h2196,1010,full,7,7.816,22.808,10.192516129032258,7.918451612903226,17.64,10.4,23.2,3.8
apostolic-saw-h2196,1010,full,8,17.512,23.106967741935485,10.645806451612904,7.8098064516129035,21.2,10.9,23.5,3.8
apostolic-saw-h2196,1010,full,9,38.952,18.594533333333334,7.377199999999999,6.079866666666666,36.58,7.4,18.6,1.3
apostolic-saw-h2196,1010,full,10,106.99600000000001,10.881548387096775,2.117935483870968,3.5409032258064514,116.89,2.1,10.8,-0.7
apostolic-saw-h2196,1010,full,11,214.204,4.1052,-2.5197333333333334,-0.3449333333333333,216.48,-2.5,3.8,-3.4
apostolic-saw-h2196,1010,full,12,245.34799999999998,0.024258064516129035,-5.933032258064516,-3.7922580645161292,234.83,-5.8,-0.1,-5.4
apostolic-saw-h2196,1010,assessment,1,176.4,0.93963133640553,-5.440092165898617,-3.184331797235023,203.21,-5.3,0.7,-5.2
apostolic-saw-h2196,1010,assessment,2,152.92857142857142,2.6707070707070706,-4.558080808080808,-1.641919191919192,165.21,-5.0,2.3,-5.2
apostolic-saw-h2196,1010,assessment,3,162.21428571428572,5.702764976958525,-3.182488479262673,0.18202764976958524,173.38,-3.4,5.4,-3.4
apostolic-saw-h2196,1010,assessment,4,155.35714285714286,8.855238095238095,-1.1542857142857144,1.9776190476190476,136.86,-1.3,8.6,-1.4
apostolic-saw-h2196,1010,assessment,5,123.97142857142856,12.88294930875576,2.389400921658986,5.305990783410139,100.76,2.6,13.1,1.5
apostolic-saw-h2196,1010,assessment,6,89.45714285714287,16.60095238095238,5.284761904761904,6.993333333333333,74.3,5.7,17.0,3.8
apostolic-saw-h2196,1010,assessment,7,6.314285714285715,22.82857142857143,9.970967741935484,7.694930875576037,17.64,10.4,23.2,3.8
apostolic-saw-h2196,1010,assessment,8,16.342857142857145,22.661290322580644,10.380184331797235,7.48110599078341,21.2,10.9,23.5,3.8
apostolic-saw-h2196,1010,assessment,9,31.428571428571427,18.43,7.2161904761904765,5.988095238095238,36.58,7.4,18.6,1.3
apostolic-saw-h2196,1010,assessment,10,109.87142857142858,11.356221198156684,2.229953917050691,3.733640552995392,116.89,2.1,10.8,-0.7
apostolic-saw-h2196,1010,assessment,11,202.18571428571428,3.963333333333333,-2.6495238095238096,-0.6314285714285715,216.48,-2.5,3.8,-3.4
apostolic-saw-h2196,1010,assessment,12,230.74285714285716,-0.20599078341013824,-6.172350230414747,-4.081566820276498,234.83,-5.8,-0.1,-5.4
cryptic-beechnut-h72,1001,full,1,164.0054054054054,2.003400174367916,-4.3667829119442025,-2.8382737576285963,157.26,-4.6,1.7,-3.6
cryptic-beechnut-h72,1001,full,2,115.12972972972973,3.594066985645933,-4.016172248803827,-2.772822966507177,110.79,-3.9,3.7,-3.5
cryptic-beechnut-h72,1001,full,3,93.52432432432433,7.0102877070619005,-2.2803836094158676,-1.0899738448125544,92.92,-2.3,7.0,-2.5
cryptic-beechnut-h72,1001,full,4,60.54054054054054,10.715585585585584,-0.3197297297297297,0.393963963963964,55.03,-0.3,10.8,-1.1
cryptic-beechnut-h72,1001,full,5,44.7027027027027,15.73129904097646,3.014646904969486,3.2751525719267653,44.67,3.1,15.9,2.0
cryptic-beechnut-h72,1001,full,6,29.105405405405406,19.305585585585586,6.231891891891892,5.981891891891892,31.79,6.4,19.4,4.6
cryptic-beechnut-h72,1001,full,7,12.621621621621621,24.654054054054054,9.820313862249346,8.602702702702702,13.49,10.0,24.9,6.8
cryptic-beechnut-h72,1001,full,8,9.124324324324325,24.94498692240628,10.143853530950306,8.451089799476897,12.23,10.3,25.2,6.5
cryptic-beechnut-h72,1001,full,9,27.756756756756758,20.546936936936934,7.678558558558559,6.537207207207207,27.84,7.6,20.5,4.7
cryptic-beechnut-h72,1001,full,10,72.8027027027027,12.221970357454229,2.646556233653008,2.808108108108108,80.61,2.7,12.3,2.0
cryptic-beechnut-h72,1001,full,11,148.7918918918919,5.031261261261261,-1.511981981981982,-0.39684684684684685,144.4,-1.7,4.7,-1.1
cryptic-beechnut-h72,1001,full,12,174.64864864864865,0.9360069747166521,-4.720836965998257,-3.1490845684394073,168.44,-4.8,0.9,-3.7
cryptic-beechnut-h72,1001,assessment,1,175.55714285714288,2.4705069124423966,-3.9023041474654376,-2.3433179723502304,157.26,-4.6,1.7,-3.6
cryptic-beechnut-h72,1001,assessment,2,98.17142857142858,3.3565656565656568,-4.1313131313131315,-2.888383838383838,110.79,-3.9,3.7,-3.5
cryptic-beechnut-h72,1001,assessment,3,73.08571428571429,6.81889400921659,-2.582027649769585,-1.5267281105990784,92.92,-2.3,7.0,-2.5
cryptic-beechnut-h72,1001,assessment,4,60.32857142857143,10.674285714285714,-0.3742857142857143,0.2776190476190476,55.03,-0.3,10.8,-1.1
cryptic-beechnut-h72,1001,assessment,5,40.785714285714285,15.442396313364055,2.7142857142857144,2.905990783410138,44.67,3.1,15.9,2.0
cryptic-beechnut-h72,1001,assessment,6,29.614285714285717,19.467619047619046,6.373809523809523,5.874761904761905,31.79,6.4,19.4,4.6
cryptic-beechnut-h72,1001,assessment,7,12.628571428571428,24.842396313364056,10.020276497695853,8.957603686635945,13.49,10.0,24.9,6.8
cryptic-beechnut-h72,1001,assessment,8,3.6142857142857143,25.07327188940092,10.295391705069123,8.573271889400923,12.23,10.3,25.2,6.5
cryptic-beechnut-h72,1001,assessment,9,34.95714285714286,20.708095238095236,7.920952380952381,6.764285714285714,27.84,7.6,20.5,4.7
cryptic-beechnut-h72,1001,assessment,10,72.57142857142857,12.244700460829492,2.582027649769585,2.6788018433179723,80.61,2.7,12.3,2.0
cryptic-beechnut-h72,1001,assessment,11,171.1142857142857,4.718571428571429,-1.7261904761904763,-0.6357142857142857,144.4,-1.7,4.7,-1.1
cryptic-beechnut-h72,1001,assessment,12,173.1,1.095852534562212,-4.564976958525346,-3.01889400921659,168.44,-4.8,0.9,-3.7
cryptic-beechnut-h72,1002,full,1,157.42432432432432,1.8469921534437663,-4.5249346120313865,-2.9860505666957278,157.26,-4.6,1.7,-3.6
cryptic-beechnut-h72,1002,full,2,119.15405405405404,3.7082296650717703,-3.857607655502392,-2.6398086124401914,110.79,-3.9,3.7,-3.5
cryptic-beechnut-h72,1002,full,3,92.97567567567567,7.026852659110724,-2.2547515257192674,-1.025021795989538,92.92,-2.3,7.0,-2.5
cryptic-beechnut-h72,1002,full,4,57.17297297297298,10.601621621621621,-0.43612612612612617,0.38459459459459455,55.03,-0.3,10.8,-1.1
cryptic-beechnut-h72,1002,full,5,43.22432432432432,15.62964254577158,2.986399302528335,3.2061028770706193,44.67,3.1,15.9,2.0
cryptic-beechnut-h72,1002,full,6,32.6972972972973,19.32054054054054,6.319099099099099,6.167657657657658,31.79,6.4,19.4,4.6
cryptic-beechnut-h72,1002,full,7,11.0,24.573670444638186,9.859721011333916,8.672101133391456,13.49,10.0,24.9,6.8
cryptic-beechnut-h72,1002,full,8,9.767567567567568,24.988055797733217,10.137314734088928,8.481952920662598,12.23,10.3,25.2,6.5
cryptic-beechnut-h72,1002,full,9,23.63783783783784,20.384594594594596,7.532522522522523,6.316126126126126,27.84,7.6,20.5,4.7
cryptic-beechnut-h72,1002,full,10,76.65675675675676,12.199912816041847,2.616129032258064,2.7650392327811684,80.61,2.7,12.3,2.0
cryptic-beechnut-h72,1002,full,11,137.39729729729729,5.036756756756757,-1.5685585585585584,-0.44747747747747746,144.4,-1.7,4.7,-1.1
cryptic-beechnut-h72,1002,full,12,168.52972972972975,0.9621621621621621,-4.744551002615519,-3.187968613775065,168.44,-4.8,0.9,-3.7
cryptic-beechnut-h72,1002,assessment,1,153.41428571428574,1.7861751152073735,-4.66036866359447,-3.045622119815668,157.26,-4.6,1.7,-3.6
cryptic-beechnut-h72,1002,assessment,2,125.41428571428571,3.6237373737373737,-3.830808080808081,-2.5676767676767676,110.79,-3.9,3.7,-3.5
cryptic-beechnut-h72,1002,assessment,3,103.32857142857144,7.14331797235023,-2.3202764976958523,-1.0930875576036865,92.92,-2.3,7.0,-2.5
cryptic-beechnut-h72,1002,assessment,4,42.214285714285715,10.566666666666666,-0.5480952380952381,0.3128571428571429,55.03,-0.3,10.8,-1.1
cryptic-beechnut-h72,1002,assessment,5,48.67142857142857,15.475115207373271,2.882027649769585,3.1184331797235023,44.67,3.1,15.9,2.0
cryptic-beechnut-h72,1002,assessment,6,40.300000000000004,19.223333333333333,6.3342857142857145,6.193809523809524,31.79,6.4,19.4,4.6
cryptic-beechnut-h72,1002,assessment,7,8.72857142857143,24.540092165898617,9.969585253456222,8.86774193548387,13.49,10.0,24.9,6.8
cryptic-beechnut-h72,1002,assessment,8,8.142857142857142,25.02857142857143,10.19815668202765,8.54930875576037,12.23,10.3,25.2,6.5
cryptic-beechnut-h72,1002,assessment,9,17.942857142857143,20.24571428571429,7.362380952380952,6.054761904761905,27.84,7.6,20.5,4.7
cryptic-beechnut-h72,1002,assessment,10,61.142857142857146,11.870506912442396,2.429953917050691,2.5506912442396312,80.61,2.7,12.3,2.0
cryptic-beechnut-h72,1002,assessment,11,131.54285714285714,5.175238095238095,-1.4423809523809523,-0.35,144.4,-1.7,4.7,-1.1
cryptic-beechnut-h72,1002,assessment,12,165.04285714285714,0.7331797235023041,-4.7935483870967746,-3.3129032258064517,168.44,-4.8,0.9,-3.7
cryptic-beechnut-h72,1003,full,1,150.7108108108108,1.8492589363557104,-4.5058413251961635,-2.970183086312119,157.26,-4.6,1.7,-3.6
cryptic-beechnut-h72,1003,full,2,102.24054054054054,3.7257416267942585,-3.911674641148325,-2.6635406698564594,110.79,-3.9,3.7,-3.5
cryptic-beechnut-h72,1003,full,3,95.7081081081081,6.949607672188317,-2.311333914559721,-1.112467306015693,92.92,-2.3,7.0,-2.5
cryptic-beechnut-h72,1003,full,4,54.78648648648648,10.677837837837837,-0.3518918918918919,0.39477477477477474,55.03,-0.3,10.8,-1.1
cryptic-beechnut-h72,1003,full,5,41.2027027027027,15.744986922406277,3.063295553618134,3.3647776809067134,44.67,3.1,15.9,2.0
cryptic-beechnut-h72,1003,full,6,31.51891891891892,19.34720720720721,6.297837837837839,6.144594594594595,31.79,6.4,19.4,4.6
cryptic-beechnut-h72,1003,full,7,12.124324324324325,24.614559721011336,9.802005231037489,8.564428945074106,13.49,10.0,24.9,6.8
cryptic-beechnut-h72,1003,full,8,7.594594594594595,24.997733217088058,10.169747166521361,8.55074106364429,12.23,10.3,25.2,6.5
cryptic-beechnut-h72,1003,full,9,27.754054054054055,20.440270270270272,7.560540540540541,6.359099099099099,27.84,7.6,20.5,4.7
cryptic-beechnut-h72,1003,full,10,78.76756756756757,12.279773321708806,2.691543156059285,2.819703574542284,80.61,2.7,12.3,2.0
cryptic-beechnut-h72,1003,full,11,140.8216216216216,5.036036036036036,-1.5886486486486486,-0.4927927927927928,144.4,-1.7,4.7,-1.1
cryptic-beechnut-h72,1003,full,12,168.1972972972973,0.9288578901482129,-4.774629468177856,-3.2097646033129905,168.44,-4.8,0.9,-3.7
cryptic-beechnut-h72,1003,assessment,1,155.27142857142854,1.6069124423963133,-4.7299539170506915,-3.2290322580645165,157.26,-4.6,1.7,-3.6
cryptic-beechnut-h72,1003,assessment,2,107.07142857142857,3.981818181818182,-3.9287878787878787,-2.720707070707071,110.79,-3.9,3.7,-3.5
cryptic-beechnut-h72,1003,assessment,3,70.75714285714285,6.565437788018434,-2.3714285714285714,-1.1078341013824886,92.92,-2.3,7.0,-2.5
cryptic-beechnut-h72,1003,assessment,4,46.44285714285714,10.853809523809524,-0.38476190476190475,0.2671428571428571,55.03,-0.3,10.8,-1.1
cryptic-beechnut-h72,1003,assessment,5,30.714285714285715,15.823041474654378,2.9433179723502305,3.1912442396313363,44.67,3.1,15.9,2.0
cryptic-beechnut-h72,1003,assessment,6,31.571428571428573,19.556190476190476,6.373333333333334,6.145238095238096,31.79,6.4,19.4,4.6
cryptic-beechnut-h72,1003,assessment,7,19.357142857142858,24.76820276497696,9.806451612903226,8.440092165898617,13.49,10.0,24.9,6.8
cryptic-beechnut-h72,1003,assessment,8,4.8428571428571425,25.29078341013825,10.276036866359448,8.633179723502305,12.23,10.3,25.2,6.5
cryptic-beechnut-h72,1003,assessment,9,27.585714285714285,20.50190476190476,7.635238095238096,6.464761904761905,27.84,7.6,20.5,4.7
cryptic-beechnut-h72,1003,assessment,10,80.47142857142856,11.613364055299538,2.304147465437788,2.431797235023042,80.61,2.7,12.3,2.0
cryptic-beechnut-h72,1003,assessment,11,148.15714285714284,5.3219047619047615,-1.3480952380952382,-0.33666666666666667,144.4,-1.7,4.7,-1.1
cryptic-beechnut-h72,1003,assessment,12,173.3714285714286,0.7788018433179723,-4.923963133640553,-3.3502304147465436,168.44,-4.8,0.9,-3.7
cryptic-beechnut-h72,1004,full,1,150.2783783783784,1.788317349607672,-4.600784655623365,-3.0905841325196164,157.26,-4.6,1.7,-3.6
cryptic-beechnut-h72,1004,full,2,111.61621621621622,3.5832535885167465,-3.972248803827751,-2.7102392344497606,110.79,-3.9,3.7,-3.5
cryptic-beechnut-h72,1004,full,3,86.25135135135136,6.984132519616391,-2.320052310374891,-1.0896251089799476,92.92,-2.3,7.0,-2.5
cryptic-beechnut-h72,1004,full,4,51.14324324324324,10.704774774774775,-0.3332432432432432,0.44432432432432434,55.03,-0.3,10.8,-1.1
cryptic-beechnut-h72,1004,full,5,41.494594594594595,15.738971229293808,3.1012205754141235,3.3778552746294683,44.67,3.1,15.9,2.0
cryptic-beechnut-h72,1004,full,6,29.3972972972973,19.222882882882885,6.23054054054054,6.004954954954955,31.79,6.4,19.4,4.6
cryptic-beechnut-h72,1004,full,7,11.313513513513515,24.63443766346992,9.847428073234525,8.584394071490845,13.49,10.0,24.9,6.8
cryptic-beechnut-h72,1004,full,8,9.402702702702703,24.881342632955537,10.095727986050566,8.426242371403662,12.23,10.3,25.2,6.5
cryptic-beechnut-h72,1004,full,9,28.2972972972973,20.488108108108108,7.631621621621622,6.484054054054054,27.84,7.6,20.5,4.7
cryptic-beechnut-h72,1004,full,10,78.72432432432433,12.248648648648649,2.668090671316478,2.8108979947689625,80.61,2.7,12.3,2.0
cryptic-beechnut-h72,1004,full,11,145.0837837837838,4.989549549549549,-1.6337837837837839,-0.5278378378378378,144.4,-1.7,4.7,-1.1
cryptic-beechnut-h72,1004,full,12,175.66216216216216,0.9404533565823889,-4.7492589363557105,-3.1635571054925893,168.44,-4.8,0.9,-3.7
cryptic-beechnut-h72,1004,assessment,1,156.68571428571428,1.8451612903225805,-4.5764976958525345,-3.113824884792627,157.26,-4.6,1.7,-3.6
cryptic-beechnut-h72,1004,assessment,2,106.88571428571429,3.1479797979797977,-4.3858585858585855,-3.0348484848484847,110.79,-3.9,3.7,-3.5
cryptic-beechnut-h72,1004,assessment,3,81.10000000000001,6.94147465437788,-2.3184331797235025,-1.0718894009216589,92.92,-2.3,7.0,-2.5
cryptic-beechnut-h72,1004,assessment,4,44.97142857142857,10.591904761904763,-0.4076190476190476,0.37285714285714283,55.03,-0.3,10.8,-1.1
cryptic-beechnut-h72,1004,assessment,5,32.67142857142857,15.492626728110599,3.123502304147465,3.1778801843317974,44.67,3.1,15.9,2.0
cryptic-beechnut-h72,1004,assessment,6,28.614285714285717,19.15095238095238,6.214285714285714,5.878095238095239,31.79,6.4,19.4,4.6
cryptic-beechnut-h72,1004,assessment,7,20.685714285714283,24.783410138248847,9.872350230414748,8.60184331797235,13.49,10.0,24.9,6.8
cryptic-beechnut-h72,1004,assessment,8,7.357142857142857,24.93778801843318,10.167741935483871,8.34884792626728,12.23,10.3,25.2,6.5
cryptic-beechnut-h72,1004,assessment,9,33.68571428571429,20.38190476190476,7.537619047619048,6.554285714285715,27.84,7.6,20.5,4.7
cryptic-beechnut-h72,1004,assessment,10,89.94285714285714,12.298156682027649,2.751152073732719,2.725806451612903,80.61,2.7,12.3,2.0
cryptic-beechnut-h72,1004,assessment,11,150.64285714285714,4.968571428571429,-1.6776190476190476,-0.45476190476190476,144.4,-1.7,4.7,-1.1
cryptic-beechnut-h72,1004,assessment,12,191.64285714285714,0.784331797235023,-4.87926267281106,-3.288479262672811,168.44,-4.8,0.9,-3.7
cryptic-beechnut-h72,1005,full,1,149.54594594594593,1.8908456843940717,-4.508456843940714,-3.0112467306015693,157.26,-4.6,1.7,-3.6
cryptic-beechnut-h72,1005,full,2,117.39729729729729,3.7298564593301435,-3.9022966507177035,-2.688516746411483,110.79,-3.9,3.7,-3.5
cryptic-beechnut-h72,1005,full,3,86.3945945945946,6.9954664341761115,-2.263034001743679,-1.0330427201394945,92.92,-2.3,7.0,-2.5
cryptic-beechnut-h72,1005,full,4,60.67567567567568,10.627027027027028,-0.4281981981981982,0.30909909909909905,55.03,-0.3,10.8,-1.1
cryptic-beechnut-h72,1005,full,5,42.62972972972973,15.70932868352223,3.0499564080209245,3.302964254577158,44.67,3.1,15.9,2.0
cryptic-beechnut-h72,1005,full,6,36.8972972972973,19.285225225225226,6.242432432432433,6.0852252252252255,31.79,6.4,19.4,4.6
cryptic-beechnut-h72,1005,full,7,11.935135135135136,24.700000000000003,9.87131647776809,8.60671316477768,13.49,10.0,24.9,6.8
cryptic-beechnut-h72,1005,full,8,10.232432432432432,24.941848299912817,10.110026155187446,8.48003487358326,12.23,10.3,25.2,6.5
cryptic-beechnut-h72,1005,full,9,30.41621621621622,20.59810810810811,7.623693693693693,6.415225225225225,27.84,7.6,20.5,4.7
cryptic-beechnut-h72,1005,full,10,80.92432432432432,12.249346120313863,2.70819529206626,2.8841325196163905,80.61,2.7,12.3,2.0
cryptic-beechnut-h72,1005,full,11,144.65405405405406,5.104774774774775,-1.5403603603603604,-0.41234234234234235,144.4,-1.7,4.7,-1.1
cryptic-beechnut-h72,1005,full,12,169.7972972972973,0.942109851787271,-4.778901482127289,-3.1914559721011333,168.44,-4.8,0.9,-3.7
cryptic-beechnut-h72,1005,assessment,1,158.98571428571427,1.8036866359447004,-4.759447004608295,-3.2870967741935484,157.26,-4.6,1.7,-3.6
cryptic-beechnut-h72,1005,assessment,2,109.10000000000001,4.0212121212121215,-3.720707070707071,-2.5242424242424244,110.79,-3.9,3.7,-3.5
cryptic-beechnut-h72,1005,assessment,3,86.35714285714286,7.137327188940092,-1.9728110599078341,-0.752073732718894,92.92,-2.3,7.0,-2.5
cryptic-beechnut-h72,1005,assessment,4,51.5,10.74904761904762,-0.5428571428571428,0.0819047619047619,55.03,-0.3,10.8,-1.1
cryptic-beechnut-h72,1005,assessment,5,40.271428571428565,15.741013824884794,2.973732718894009,3.2861751152073735,44.67,3.1,15.9,2.0
cryptic-beechnut-h72,1005,assessment,6,32.642857142857146,19.15904761904762,6.338571428571428,6.190476190476191,31.79,6.4,19.4,4.6
cryptic-beechnut-h72,1005,assessment,7,11.714285714285714,24.723502304147466,9.7926267281106,8.6073732718894,13.49,10.0,24.9,6.8
cryptic-beechnut-h72,1005,assessment,8,8.528571428571428,24.92811059907834,10.159447004608294,8.43963133640553,12.23,10.3,25.2,6.5
cryptic-beechnut-h72,1005,assessment,9,17.914285714285715,20.944761904761904,7.913333333333333,6.519047619047619,27.84,7.6,20.5,4.7
cryptic-beechnut-h72,1005,assessment,10,107.68571428571428,12.469124423963134,2.8244239631336403,2.9797235023041475,80.61,2.7,12.3,2.0
cryptic-beechnut-h72,1005,assessment,11,168.6142857142857,5.15047619047619,-1.5004761904761905,-0.31142857142857144,144.4,-1.7,4.7,-1.1
cryptic-beechnut-h72,1005,assessment,12,175.14285714285714,0.8705069124423963,-4.946543778801844,-3.3009216589861747,168.44,-4.8,0.9,-3.7
cryptic-beechnut-h72,1006,full,1,143.96486486486486,1.8105492589363557,-4.59075850043592,-3.0656495204882304,157.26,-4.6,1.7,-3.6
cryptic-beechnut-h72,1006,full,2,105.32972972972972,3.566507177033493,-3.9965550239234444,-2.8069856459330147,110.79,-3.9,3.7,-3.5
cryptic-beechnut-h72,1006,full,3,88.03783783783784,6.9867480383609415,-2.3129032258064517,-1.0847428073234526,92.92,-2.3,7.0,-2.5
cryptic-beechnut-h72,1006,full,4,53.84864864864865,10.693513513513512,-0.3210810810810811,0.4278378378378378,55.03,-0.3,10.8,-1.1
cryptic-beechnut-h72,1006,full,5,47.21891891891892,15.794333042720138,3.0911072362685266,3.381691368788143,44.67,3.1,15.9,2.0
cryptic-beechnut-h72,1006,full,6,30.494594594594595,19.33963963963964,6.298108108108107,6.095225225225225,31.79,6.4,19.4,4.6
cryptic-beechnut-h72,1006,full,7,11.77837837837838,24.57018308631212,9.78413251961639,8.486748038360941,13.49,10.0,24.9,6.8
cryptic-beechnut-h72,1006,full,8,9.656756756756756,24.88360941586748,10.08108108108108,8.399040976460332,12.23,10.3,25.2,6.5
cryptic-beechnut-h72,1006,full,9,30.894594594594594,20.506306306306307,7.612522522522522,6.447027027027027,27.84,7.6,20.5,4.7
cryptic-beechnut-h72,1006,full,10,79.0945945945946,12.251089799476896,2.6694856146469053,2.8424585876198782,80.61,2.7,12.3,2.0
cryptic-beechnut-h72,1006,full,11,149.6,5.000540540540541,-1.5800900900900903,-0.45504504504504506,144.4,-1.7,4.7,-1.1
cryptic-beechnut-h72,1006,full,12,158.03243243243242,1.000610287707062,-4.726939843068876,-3.153792502179599,168.44,-4.8,0.9,-3.7
cryptic-beechnut-h72,1006,assessment,1,124.54285714285713,1.7437788018433178,-4.717972350230415,-3.1525345622119816,157.26,-4.6,1.7,-3.6
cryptic-beechnut-h72,1006,assessment,2,91.24285714285713,3.2949494949494946,-4.056060606060607,-2.835858585858586,110.79,-3.9,3.7,-3.5
cryptic-beechnut-h72,1006,assessment,3,74.15714285714286,6.551152073732719,-2.676036866359447,-1.3700460829493089,92.92,-2.3,7.0,-2.5
cryptic-beechnut-h72,1006,assessment,4,42.199999999999996,10.86047619047619,-0.22999999999999998,0.6928571428571428,55.03,-0.3,10.8,-1.1
cryptic-beechnut-h72,1006,assessment,5,53.728571428571435,16.089400921658985,3.2493087557603686,3.53778801843318,44.67,3.1,15.9,2.0
cryptic-beechnut-h72,1006,assessment,6,43.9,19.320476190476192,6.1590476190476195,5.787619047619048,31.79,6.4,19.4,4.6
cryptic-beechnut-h72,1006,assessment,7,13.728571428571428,24.18294930875576,9.717511520737327,8.483870967741936,13.49,10.0,24.9,6.8
cryptic-beechnut-h72,1006,assessment,8,7.971428571428571,25.12672811059908,10.033179723502304,8.311981566820277,12.23,10.3,25.2,6.5
cryptic-beechnut-h72,1006,assessment,9,47.44285714285714,20.507142857142856,7.562380952380952,6.251904761904762,27.84,7.6,20.5,4.7
cryptic-beechnut-h72,1006,assessment,10,74.25714285714287,11.81152073732719,2.4801843317972354,2.6834101382488478,80.61,2.7,12.3,2.0
cryptic-beechnut-h72,1006,assessment,11,164.71428571428572,5.2214285714285715,-1.4104761904761904,-0.22238095238095237,144.4,-1.7,4.7,-1.1
cryptic-beechnut-h72,1006,assessment,12,180.15714285714284,0.6792626728110599,-5.019354838709678,-3.48110599078341,168.44,-4.8,0.9,-3.7
cryptic-beechnut-h72,1007,full,1,151.08648648648648,1.8025283347863994,-4.567044463818657,-3.034001743679163,157.26,-4.6,1.7,-3.6
cryptic-beechnut-h72,1007,full,2,116.61891891891891,3.6030622009569377,-3.918181818181818,-2.6578947368421053,110.79,-3.9,3.7,-3.5
cryptic-beechnut-h72,1007,full,3,88.53513513513514,6.949258936355711,-2.3091543156059284,-1.0958151700087184,92.92,-2.3,7.0,-2.5
cryptic-beechnut-h72,1007,full,4,61.5945945945946,10.647117117117116,-0.37432432432432433,0.3614414414414414,55.03,-0.3,10.8,-1.1
cryptic-beechnut-h72,1007,full,5,44.851351351351354,15.789014821272886,3.056320836965998,3.296774193548387,44.67,3.1,15.9,2.0
cryptic-beechnut-h72,1007,full,6,30.73243243243243,19.29198198198198,6.254774774774775,6.1239639639639645,31.79,6.4,19.4,4.6
cryptic-beechnut-h72,1007,full,7,13.832432432432432,24.615082824760243,9.802353966870095,8.527114210985179,13.49,10.0,24.9,6.8
cryptic-beechnut-h72,1007,full,8,9.243243243243244,25.006800348735833,10.161464690496949,8.525196163905841,12.23,10.3,25.2,6.5
cryptic-beechnut-h72,1007,full,9,30.89189189189189,20.515225225225226,7.648648648648648,6.450720720720721,27.84,7.6,20.5,4.7
cryptic-beechnut-h72,1007,full,10,84.96486486486486,12.298692240627725,2.672101133391456,2.863382737576286,80.61,2.7,12.3,2.0
cryptic-beechnut-h72,1007,full,11,135.8945945945946,4.907927927927928,-1.662972972972973,-0.5568468468468468,144.4,-1.7,4.7,-1.1
cryptic-beechnut-h72,1007,full,12,166.24324324324326,0.9075850043591979,-4.77027027027027,-3.2014821272885787,168.44,-4.8,0.9,-3.7
cryptic-beechnut-h72,1007,assessment,1,149.92857142857142,1.6953917050691245,-4.709677419354839,-3.165437788018433,157.26,-4.6,1.7,-3.6
cryptic-beechnut-h72,1007,assessment,2,110.12857142857142,3.5045454545454544,-3.9727272727272727,-2.6025252525252522,110.79,-3.9,3.7,-3.5
cryptic-beechnut-h72,1007,assessment,3,73.35714285714286,6.76036866359447,-2.473271889400922,-1.359447004608295,92.92,-2.3,7.0,-2.5
cryptic-beechnut-h72,1007,assessment,4,74.92857142857143,10.303809523809525,-0.41333333333333333,0.3123809523809524,55.03,-0.3,10.8,-1.1
cryptic-beechnut-h72,1007,assessment,5,59.699999999999996,15.94331797235023,3.1225806451612903,3.2820276497695855,44.67,3.1,15.9,2.0
cryptic-beechnut-h72,1007,assessment,6,28.414285714285715,19.10857142857143,5.986190476190476,5.96,31.79,6.4,19.4,4.6
cryptic-beechnut-h72,1007,assessment,7,21.97142857142857,24.582027649769586,9.913364055299539,8.522580645161291,13.49,10.0,24.9,6.8
cryptic-beechnut-h72,1007,assessment,8,15.642857142857142,25.047926267281106,10.25852534562212,8.642396313364056,12.23,10.3,25.2,6.5
cryptic-beechnut-h72,1007,assessment,9,19.914285714285715,20.753333333333334,7.77952380952381,6.4557142857142855,27.84,7.6,20.5,4.7
cryptic-beechnut-h72,1007,assessment,10,102.60000000000001,12.21520737327189,2.5447004608294934,2.844700460829493,80.61,2.7,12.3,2.0
cryptic-beechnut-h72,1007,assessment,11,126.12857142857142,4.65952380952381,-1.7547619047619047,-0.6900000000000001,144.4,-1.7,4.7,-1.1
cryptic-beechnut-h72,1007,assessment,12,168.12857142857143,0.8935483870967742,-4.746543778801843,-3.1465437788018433,168.44,-4.8,0.9,-3.7
cryptic-beechnut-h72,1008,full,1,147.5243243243243,2.025544899738448,-4.332083696599826,-2.849346120313862,157.26,-4.6,1.7,-3.6
cryptic-beechnut-h72,1008,full,2,110.1972972972973,3.6201913875598084,-3.924976076555024,-2.7313875598086126,110.79,-3.9,3.7,-3.5
cryptic-beechnut-h72,1008,full,3,91.9,6.949346120313862,-2.304707933740192,-1.1035745422842196,92.92,-2.3,7.0,-2.5
cryptic-beechnut-h72,1008,full,4,58.52972972972973,10.565855855855856,-0.4041441441441442,0.3413513513513513,55.03,-0.3,10.8,-1.1
cryptic-beechnut-h72,1008,full,5,45.75945945945946,15.754489973844814,3.0498692240627725,3.331909328683522,44.67,3.1,15.9,2.0
cryptic-beechnut-h72,1008,full,6,37.994594594594595,19.36198198198198,6.303063063063063,6.153153153153153,31.79,6.4,19.4,4.6
cryptic-beechnut-h72,1008,full,7,13.105405405405406,24.70409764603313,9.860680034873583,8.645510026155186,13.49,10.0,24.9,6.8
cryptic-beechnut-h72,1008,full,8,8.8,24.895117698343505,10.06974716652136,8.43173496076722,12.23,10.3,25.2,6.5
cryptic-beechnut-h72,1008,full,9,31.58108108108108,20.535045045045045,7.605405405405405,6.418648648648649,27.84,7.6,20.5,4.7
cryptic-beechnut-h72,1008,full,10,76.38648648648649,12.343766346992153,2.7278116826503926,2.9113339145597212,80.61,2.7,12.3,2.0
cryptic-beechnut-h72,1008,full,11,153.01621621621624,4.927207207207207,-1.6216216216216217,-0.5601801801801801,144.4,-1.7,4.7,-1.1
cryptic-beechnut-h72,1008,full,12,168.26486486486488,1.0598081952920662,-4.635658238884045,-3.0843068875326938,168.44,-4.8,0.9,-3.7
cryptic-beechnut-h72,1008,assessment,1,148.70000000000002,1.7755760368663596,-4.618433179723502,-3.1161290322580646,157.26,-4.6,1.7,-3.6
cryptic-beechnut-h72,1008,assessment,2,115.68571428571428,3.652525252525253,-3.8090909090909095,-2.710606060606061,110.79,-3.9,3.7,-3.5
cryptic-beechnut-h72,1008,assessment,3,101.12857142857142,6.70184331797235,-2.4875576036866356,-1.4036866359447007,92.92,-2.3,7.0,-2.5
cryptic-beechnut-h72,1008,assessment,4,59.971428571428575,10.78190476190476,-0.17476190476190473,0.4552380952380952,55.03,-0.3,10.8,-1.1
cryptic-beechnut-h72,1008,assessment,5,46.91428571428571,15.50599078341014,2.7368663594470046,2.916589861751152,44.67,3.1,15.9,2.0
cryptic-beechnut-h72,1008,assessment,6,42.15714285714286,19.096190476190475,6.224285714285714,6.30047619047619,31.79,6.4,19.4,4.6
cryptic-beechnut-h72,1008,assessment,7,24.72857142857143,25.02119815668203,9.895391705069125,8.914746543778802,13.49,10.0,24.9,6.8
cryptic-beechnut-h72,1008,assessment,8,3.9285714285714284,25.16543778801843,10.195391705069126,8.555299539170507,12.23,10.3,25.2,6.5
cryptic-beechnut-h72,1008,assessment,9,35.614285714285714,20.536666666666665,7.57,6.4,27.84,7.6,20.5,4.7
cryptic-beechnut-h72,1008,assessment,10,63.685714285714276,12.410138248847927,2.902764976958525,3.111981566820276,80.61,2.7,12.3,2.0
cryptic-beechnut-h72,1008,assessment,11,156.27142857142857,4.945238095238095,-1.6414285714285715,-0.611904761904762,144.4,-1.7,4.7,-1.1
cryptic-beechnut-h72,1008,assessment,12,171.70000000000002,1.1341013824884791,-4.605990783410138,-3.0764976958525345,168.44,-4.8,0.9,-3.7
cryptic-beechnut-h72,1009,full,1,153.19459459459458,1.9253705318221448,-4.454228421970358,-2.9369659982563205,157.26,-4.6,1.7,-3.6
cryptic-beechnut-h72,1009,full,2,113.63783783783785,3.5599043062200955,-3.9946411483253583,-2.7579904306220095,110.79,-3.9,3.7,-3.5
cryptic-beechnut-h72,1009,full,3,91.01081081081081,7.0306887532693985,-2.3079337401918045,-1.0931996512641675,92.92,-2.3,7.0,-2.5
cryptic-beechnut-h72,1009,full,4,56.52972972972973,10.626036036036036,-0.40468468468468466,0.36936936936936937,55.03,-0.3,10.8,-1.1
cryptic-beechnut-h72,1009,full,5,48.54324324324324,15.796076721883173,3.0913687881429817,3.344463818657367,44.67,3.1,15.9,2.0
cryptic-beechnut-h72,1009,full,6,26.6,19.259549549549547,6.244414414414415,6.093063063063063,31.79,6.4,19.4,4.6
cryptic-beechnut-h72,1009,full,7,13.18108108108108,24.586835222319092,9.870008718395814,8.607933740191804,13.49,10.0,24.9,6.8
cryptic-beechnut-h72,1009,full,8,7.956756756756756,24.887619877942456,10.083783783783785,8.458151700087184,12.23,10.3,25.2,6.5
cryptic-beechnut-h72,1009,full,9,25.82972972972973,20.507027027027025,7.637657657657657,6.507027027027028,27.84,7.6,20.5,4.7
cryptic-beechnut-h72,1009,full,10,79.76216216216216,12.324585876198778,2.725893635571055,2.855536181342633,80.61,2.7,12.3,2.0
cryptic-beechnut-h72,1009,full,11,139.56216216216217,4.972162162162163,-1.6260360360360362,-0.5365765765765766,144.4,-1.7,4.7,-1.1
cryptic-beechnut-h72,1009,full,12,171.6,0.9399302528334785,-4.792414995640802,-3.229119442022668,168.44,-4.8,0.9,-3.7
cryptic-beechnut-h72,1009,assessment,1,156.45714285714286,1.86036866359447,-4.46036866359447,-2.9953917050691246,157.26,-4.6,1.7,-3.6
cryptic-beechnut-h72,1009,assessment,2,130.97142857142856,3.7080808080808083,-3.923232323232323,-2.5626262626262624,110.79,-3.9,3.7,-3.5
cryptic-beechnut-h72,1009,assessment,3,89.89999999999999,7.27373271889401,-2.27926267281106,-1.0847926267281107,92.92,-2.3,7.0,-2.5
cryptic-beechnut-h72,1009,assessment,4,49.32857142857143,10.751428571428573,-0.5414285714285715,0.2638095238095238,55.03,-0.3,10.8,-1.1
cryptic-beechnut-h72,1009,assessment,5,40.34285714285714,15.59216589861751,3.015207373271889,3.2419354838709675,44.67,3.1,15.9,2.0
cryptic-beechnut-h72,1009,assessment,6,22.057142857142857,18.912380952380953,6.221904761904762,6.200952380952381,31.79,6.4,19.4,4.6
cryptic-beechnut-h72,1009,assessment,7,8.3,24.65391705069124,9.971428571428572,8.495391705069125,13.49,10.0,24.9,6.8
cryptic-beechnut-h72,1009,assessment,8,11.085714285714285,24.773732718894006,10.049769585253458,8.426728110599077,12.23,10.3,25.2,6.5
cryptic-beechnut-h72,1009,assessment,9,28.514285714285712,20.23619047619048,7.365238095238095,6.199047619047619,27.84,7.6,20.5,4.7
cryptic-beechnut-h72,1009,assessment,10,71.97142857142856,12.380184331797235,2.617972350230415,2.794470046082949,80.61,2.7,12.3,2.0
cryptic-beechnut-h72,1009,assessment,11,160.04285714285714,4.867619047619048,-1.6147619047619048,-0.4938095238095238,144.4,-1.7,4.7,-1.1
cryptic-beechnut-h72,1009,assessment,12,180.5142857142857,0.6078341013824885,-5.1004608294930875,-3.5714285714285716,168.44,-4.8,0.9,-3.7
cryptic-beechnut-h72,1010,full,1,145.65405405405406,1.8059285091543156,-4.597122929380993,-3.1063644289450743,157.26,-4.6,1.7,-3.6
cryptic-beechnut-h72,1010,full,2,107.94594594594595,3.6499521531100476,-3.972918660287081,-2.7538755980861245,110.79,-3.9,3.7,-3.5
cryptic-beechnut-h72,1010,full,3,92.4108108108108,6.952136006974717,-2.3186573670444637,-1.0748038360941585,92.92,-2.3,7.0,-2.5
cryptic-beechnut-h72,1010,full,4,57.57297297297297,10.633333333333333,-0.3871171171171171,0.3990990990990991,55.03,-0.3,10.8,-1.1
cryptic-beechnut-h72,1010,full,5,44.75945945945946,15.886835222319094,3.150653879686138,3.421185701830863,44.67,3.1,15.9,2.0
cryptic-beechnut-h72,1010,full,6,35.13513513513514,19.4118018018018,6.31945945945946,6.104774774774775,31.79,6.4,19.4,4.6
cryptic-beechnut-h72,1010,full,7,13.47027027027027,24.63225806451613,9.901220575414124,8.659546643417611,13.49,10.0,24.9,6.8
cryptic-beechnut-h72,1010,full,8,8.454054054054055,24.803836094158676,10.074193548387097,8.468003487358326,12.23,10.3,25.2,6.5
cryptic-beechnut-h72,1010,full,9,25.88648648648649,20.444864864864865,7.572882882882882,6.385765765765766,27.84,7.6,20.5,4.7
cryptic-beechnut-h72,1010,full,10,75.1,12.305056669572798,2.6844812554489974,2.799738448125545,80.61,2.7,12.3,2.0
cryptic-beechnut-h72,1010,full,11,141.88378378378377,4.9577477477477485,-1.6370270270270268,-0.537927927927928,144.4,-1.7,4.7,-1.1
cryptic-beechnut-h72,1010,full,12,158.14864864864865,1.0101133391455972,-4.717785527462947,-3.1335658238884045,168.44,-4.8,0.9,-3.7
cryptic-beechnut-h72,1010,assessment,1,135.52857142857144,1.5921658986175116,-4.800460829493088,-3.3225806451612905,157.26,-4.6,1.7,-3.6
cryptic-beechnut-h72,1010,assessment,2,109.41428571428571,3.474747474747475,-4.003030303030303,-2.67979797979798,110.79,-3.9,3.7,-3.5
cryptic-beechnut-h72,1010,assessment,3,92.7,6.667281105990783,-2.3866359447004606,-1.1193548387096774,92.92,-2.3,7.0,-2.5
cryptic-beechnut-h72,1010,assessment,4,68.75714285714285,10.959999999999999,-0.3876190476190476,0.5185714285714286,55.03,-0.3,10.8,-1.1
cryptic-beechnut-h72,1010,assessment,5,42.08571428571429,15.910138248847927,3.2534562211981566,3.516589861751152,44.67,3.1,15.9,2.0
cryptic-beechnut-h72,1010,assessment,6,36.971428571428575,19.704761904761906,6.4904761904761905,6.074761904761905,31.79,6.4,19.4,4.6
cryptic-beechnut-h72,1010,assessment,7,18.15714285714286,24.744700460829495,9.969124423963134,8.837327188940092,13.49,10.0,24.9,6.8
cryptic-beechnut-h72,1010,assessment,8,2.442857142857143,24.707834101382492,9.998617511520736,8.361751152073733,12.23,10.3,25.2,6.5
cryptic-beechnut-h72,1010,assessment,9,19.87142857142857,20.251428571428573,7.5285714285714285,6.3133333333333335,27.84,7.6,20.5,4.7
cryptic-beechnut-h72,1010,assessment,10,68.47142857142858,12.47926267281106,2.6672811059907833,2.8516129032258064,80.61,2.7,12.3,2.0
cryptic-beechnut-h72,1010,assessment,11,142.3857142857143,5.029047619047619,-1.65,-0.4919047619047619,144.4,-1.7,4.7,-1.1
cryptic-beechnut-h72,1010,assessment,12,154.15714285714284,1.0055299539170506,-4.754377880184332,-3.1870967741935483,168.44,-4.8,0.9,-3.7
cryptic-beechnut-h78,1001,full,1,169.11081081081082,1.6954664341761116,-4.455448997384481,-2.847951176983435,161.63,-4.7,1.4,-3.7
cryptic-beechnut-h78,1001,full,2,115.25945945945946,3.199234449760765,-4.026028708133971,-2.8064114832535885,112.81,-3.9,3.3,-3.4
cryptic-beechnut-h78,1001,full,3,101.27027027027027,6.608020924149956,-2.278727114210985,-1.1111595466434177,98.98,-2.3,6.6,-2.5
cryptic-beechnut-h78,1001,full,4,60.656756756756764,10.32081081081081,-0.32135135135135134,0.380990990990991,56.03,-0.3,10.4,-1.1
cryptic-beechnut-h78,1001,full,5,44.98108108108108,15.421795989537925,3.0923278116826505,3.2725370531822144,44.67,3.2,15.6,2.0
cryptic-beechnut-h78,1001,full,6,28.824324324324323,19.007927927927927,6.058198198198198,5.977837837837837,31.56,6.2,19.1,4.6
cryptic-beechnut-h78,1001,full,7,12.754054054054054,24.35178727114211,9.715954664341762,8.602353966870096,13.3,9.9,24.6,6.7
cryptic-beechnut-h78,1001,full,8,9.045945945945945,24.64516129032258,10.234612031386225,8.451089799476897,12.28,10.4,24.9,6.7
cryptic-beechnut-h78,1001,full,9,28.06756756756757,20.247117117117117,7.782162162162162,6.537117117117117,28.27,7.7,20.2,4.9
cryptic-beechnut-h78,1001,full,10,74.67297297297297,11.916041848299914,2.739843068875327,2.802005231037489,82.56,2.8,12.0,2.1
cryptic-beechnut-h78,1001,full,11,158.02972972972975,4.642432432432432,-1.5102702702702704,-0.44036036036036036,154.19,-1.7,4.3,-1.2
cryptic-beechnut-h78,1001,full,12,178.92972972972973,0.6306887532693984,-4.728945074106365,-3.182911944202267,173.1,-4.8,0.6,-3.8
cryptic-beechnut-h78,1001,assessment,1,181.12857142857143,2.1589861751152073,-3.9912442396313366,-2.3525345622119818,161.63,-4.7,1.4,-3.7
cryptic-beechnut-h78,1001,assessment,2,98.35714285714286,2.9616161616161616,-4.157070707070707,-2.9292929292929295,112.81,-3.9,3.3,-3.4
cryptic-beechnut-h78,1001,assessment,3,79.44285714285715,6.417050691244239,-2.5778801843317973,-1.547004608294931,98.98,-2.3,6.6,-2.5
cryptic-beechnut-h78,1001,assessment,4,60.142857142857146,10.278571428571428,-0.3661904761904762,0.26952380952380955,56.03,-0.3,10.4,-1.1
cryptic-beechnut-h78,1001,assessment,5,40.942857142857136,15.131336405529954,2.7963133640552993,2.9023041474654376,44.67,3.2,15.6,2.0
cryptic-beechnut-h78,1001,assessment,6,29.271428571428572,19.169999999999998,6.197619047619048,5.868571428571429,31.56,6.2,19.1,4.6
cryptic-beechnut-h78,1001,assessment,7,12.771428571428572,24.54101382488479,9.919354838709678,8.957603686635945,13.3,9.9,24.6,6.7
cryptic-beechnut-h78,1001,assessment,8,3.557142857142857,24.776497695852534,10.3889400921659,8.573271889400923,12.28,10.4,24.9,6.7
cryptic-beechnut-h78,1001,assessment,9,35.300000000000004,20.40714285714286,8.026190476190477,6.764285714285714,28.27,7.7,20.2,4.9
cryptic-beechnut-h78,1001,assessment,10,74.62857142857142,11.93778801843318,2.6746543778801843,2.672811059907834,82.56,2.8,12.0,2.1
cryptic-beechnut-h78,1001,assessment,11,181.21428571428572,4.331904761904762,-1.7376190476190476,-0.6780952380952381,154.19,-1.7,4.3,-1.2
cryptic-beechnut-h78,1001,assessment,12,177.44285714285712,0.7926267281105991,-4.573271889400922,-3.049308755760369,173.1,-4.8,0.6,-3.8
cryptic-beechnut-h78,1002,full,1,162.1810810810811,1.538709677419355,-4.61438535309503,-2.9945074106364427,161.63,-4.7,1.4,-3.7
cryptic-beechnut-h78,1002,full,2,119.2918918918919,3.3148325358851674,-3.8644019138755983,-2.6738755980861244,112.81,-3.9,3.3,-3.4
cryptic-beechnut-h78,1002,full,3,100.8027027027027,6.6246730601569315,-2.2539668700959026,-1.0473408892763731,98.98,-2.3,6.6,-2.5
cryptic-beechnut-h78,1002,full,4,57.37297297297298,10.206036036036037,-0.4299099099099099,0.37747747747747745,56.03,-0.3,10.4,-1.1
cryptic-beechnut-h78,1002,full,5,43.435135135135134,15.321621621621622,3.0647776809067135,3.2042720139494336,44.67,3.2,15.6,2.0
cryptic-beechnut-h78,1002,full,6,32.402702702702705,19.021531531531533,6.143873873873874,6.164504504504505,31.56,6.2,19.1,4.6
cryptic-beechnut-h78,1002,full,7,11.091891891891892,24.271665213600695,9.756843940714909,8.671839581517002,13.3,9.9,24.6,6.7
cryptic-beechnut-h78,1002,full,8,9.659459459459459,24.68875326939843,10.225893635571055,8.481952920662598,12.28,10.4,24.9,6.7
cryptic-beechnut-h78,1002,full,9,23.883783783783784,20.08621621621622,7.634684684684685,6.315585585585586,28.27,7.7,20.2,4.9
cryptic-beechnut-h78,1002,full,10,78.57837837837837,11.894681778552746,2.710113339145597,2.7579773321708805,82.56,2.8,12.0,2.1
cryptic-beechnut-h78,1002,full,11,146.06486486486486,4.647297297297297,-1.5611711711711713,-0.4885585585585586,154.19,-1.7,4.3,-1.2
cryptic-beechnut-h78,1002,full,12,172.6891891891892,0.6562336530078466,-4.753007846556233,-3.2210985178727114,173.1,-4.8,0.6,-3.8
cryptic-beechnut-h78,1002,assessment,1,158.05714285714288,1.480184331797235,-4.750691244239632,-3.054838709677419,161.63,-4.7,1.4,-3.7
cryptic-beechnut-h78,1002,assessment,2,125.52857142857144,3.2308080808080812,-3.8328282828282827,-2.6075757575757574,112.81,-3.9,3.3,-3.4
cryptic-beechnut-h78,1002,assessment,3,112.21428571428571,6.741935483870968,-2.31889400921659,-1.1096774193548387,98.98,-2.3,6.6,-2.5
cryptic-beechnut-h78,1002,assessment,4,41.94285714285714,10.168571428571429,-0.5442857142857143,0.31000000000000005,56.03,-0.3,10.4,-1.1
cryptic-beechnut-h78,1002,assessment,5,48.9,15.164976958525347,2.96036866359447,3.1175115207373274,44.67,3.2,15.6,2.0
cryptic-beechnut-h78,1002,assessment,6,40.12857142857143,18.925238095238097,6.161904761904762,6.192380952380953,31.56,6.2,19.1,4.6
cryptic-beechnut-h78,1002,assessment,7,8.857142857142858,24.241013824884792,9.867281105990783,8.86774193548387,13.3,9.9,24.6,6.7
cryptic-beechnut-h78,1002,assessment,8,7.957142857142857,24.726728110599076,10.281566820276497,8.54930875576037,12.28,10.4,24.9,6.7
cryptic-beechnut-h78,1002,assessment,9,18.17142857142857,19.94666666666667,7.4661904761904765,6.054761904761905,28.27,7.7,20.2,4.9
cryptic-beechnut-h78,1002,assessment,10,62.81428571428571,11.563594470046084,2.5317972350230415,2.54331797235023,82.56,2.8,12.0,2.1
cryptic-beechnut-h78,1002,assessment,11,139.97142857142856,4.7838095238095235,-1.4328571428571428,-0.3966666666666667,154.19,-1.7,4.3,-1.2
cryptic-beechnut-h78,1002,assessment,12,169.18571428571428,0.42672811059907834,-4.800460829493088,-3.34147465437788,173.1,-4.8,0.6,-3.8
cryptic-beechnut-h78,1003,full,1,155.43513513513514,1.542458587619878,-4.594420226678292,-2.9796861377506536,161.63,-4.7,1.4,-3.7
cryptic-beechnut-h78,1003,full,2,102.24324324324324,3.330622009569378,-3.9195215311004787,-2.697320574162679,112.81,-3.9,3.3,-3.4
cryptic-beechnut-h78,1003,full,3,103.63783783783784,6.547776809067132,-2.315693112467306,-1.1360069747166521,98.98,-2.3,6.6,-2.5
cryptic-beechnut-h78,1003,full,4,54.96216216216216,10.283603603603604,-0.346036036036036,0.3872072072072072,56.03,-0.3,10.4,-1.1
cryptic-beechnut-h78,1003,full,5,41.443243243243245,15.436530078465562,3.13949433304272,3.3630340017436793,44.67,3.2,15.6,2.0
cryptic-beechnut-h78,1003,full,6,31.218918918918916,19.04927927927928,6.126666666666667,6.1403603603603605,31.56,6.2,19.1,4.6
cryptic-beechnut-h78,1003,full,7,12.21891891891892,24.31290322580645,9.70052310374891,8.563993025283347,13.3,9.9,24.6,6.7
cryptic-beechnut-h78,1003,full,8,7.513513513513513,24.697646033129903,10.259808195292067,8.55074106364429,12.28,10.4,24.9,6.7
cryptic-beechnut-h78,1003,full,9,28.06756756756757,20.141351351351354,7.662162162162162,6.358648648648649,28.27,7.7,20.2,4.9
cryptic-beechnut-h78,1003,full,10,80.75945945945946,11.97384481255449,2.7822144725370532,2.811944202266783,82.56,2.8,12.0,2.1
cryptic-beechnut-h78,1003,full,11,149.72972972972974,4.648108108108108,-1.590990990990991,-0.5402702702702703,154.19,-1.7,4.3,-1.2
cryptic-beechnut-h78,1003,full,12,172.34054054054053,0.621795989537925,-4.781952920662598,-3.24359197907585,173.1,-4.8,0.6,-3.8
cryptic-beechnut-h78,1003,assessment,1,160.12857142857143,1.2995391705069124,-4.820737327188939,-3.2382488479262674,161.63,-4.7,1.4,-3.7
cryptic-beechnut-h78,1003,assessment,2,106.77142857142857,3.5843434343434346,-3.9459595959595957,-2.758080808080808,112.81,-3.9,3.3,-3.4
cryptic-beechnut-h78,1003,assessment,3,77.31428571428572,6.1654377880184335,-2.374193548387097,-1.131336405529954,98.98,-2.3,6.6,-2.5
cryptic-beechnut-h78,1003,assessment,4,46.614285714285714,10.464285714285714,-0.3823809523809524,0.26428571428571423,56.03,-0.3,10.4,-1.1
cryptic-beechnut-h78,1003,assessment,5,30.885714285714283,15.511981566820277,3.021198156682028,3.1894009216589865,44.67,3.2,15.6,2.0
cryptic-beechnut-h78,1003,assessment,6,31.3,19.258095238095237,6.203809523809523,6.139047619047619,31.56,6.2,19.1,4.6
cryptic-beechnut-h78,1003,assessment,7,19.457142857142856,24.46451612903226,9.704608294930877,8.440092165898617,13.3,9.9,24.6,6.7
cryptic-beechnut-h78,1003,assessment,8,4.8,24.989400921658984,10.36589861751152,8.633179723502305,12.28,10.4,24.9,6.7
cryptic-beechnut-h78,1003,assessment,9,27.885714285714283,20.203333333333333,7.737142857142857,6.463809523809524,28.27,7.7,20.2,4.9
cryptic-beechnut-h78,1003,assessment,10,82.39999999999999,11.309216589861752,2.3995391705069125,2.4262672811059907,82.56,2.8,12.0,2.1
cryptic-beechnut-h78,1003,assessment,11,157.31428571428572,4.933809523809523,-1.3399999999999999,-0.3780952380952381,154.19,-1.7,4.3,-1.2
cryptic-beechnut-h78,1003,assessment,12,177.82857142857142,0.46912442396313364,-4.9308755760368665,-3.3838709677419354,173.1,-4.8,0.6,-3.8
cryptic-beechnut-h78,1004,full,1,155.01351351351352,1.4807323452484744,-4.689886660854403,-3.099128160418483,161.63,-4.7,1.4,-3.7
cryptic-beechnut-h78,1004,full,2,111.63783783783785,3.1901435406698564,-3.9809569377990432,-2.7441148325358853,112.81,-3.9,3.3,-3.4
cryptic-beechnut-h78,1004,full,3,93.28378378378379,6.582911944202267,-2.3210985178727115,-1.111944202266783,98.98,-2.3,6.6,-2.5
cryptic-beechnut-h78,1004,full,4,51.45945945945946,10.31009009009009,-0.3279279279279279,0.4346846846846847,56.03,-0.3,10.4,-1.1
cryptic-beechnut-h78,1004,full,5,41.71891891891892,15.431386224934611,3.1783783783783783,3.3761115954664342,44.67,3.2,15.6,2.0
cryptic-beechnut-h78,1004,full,6,29.124324324324323,18.92648648648649,6.053963963963963,5.99954954954955,31.56,6.2,19.1,4.6
cryptic-beechnut-h78,1004,full,7,11.42972972972973,24.333740191804708,9.744027898866609,8.584219703574542,13.3,9.9,24.6,6.7
cryptic-beechnut-h78,1004,full,8,9.27837837837838,24.580906713164776,10.185440278988667,8.426242371403662,12.28,10.4,24.9,6.7
cryptic-beechnut-h78,1004,full,9,28.60810810810811,20.18891891891892,7.7337837837837835,6.483873873873875,28.27,7.7,20.2,4.9
cryptic-beechnut-h78,1004,full,10,80.72702702702703,11.94106364428945,2.760592850915432,2.8051438535309505,82.56,2.8,12.0,2.1
cryptic-beechnut-h78,1004,full,11,154.36486486486487,4.601351351351352,-1.6334234234234233,-0.570900900900901,154.19,-1.7,4.3,-1.2
cryptic-beechnut-h78,1004,full,12,179.82702702702701,0.6325196163905842,-4.757802964254577,-3.19947689625109,173.1,-4.8,0.6,-3.8
cryptic-beechnut-h78,1004,assessment,1,161.74285714285716,1.5391705069124424,-4.666359447004608,-3.121658986175115,161.63,-4.7,1.4,-3.7
cryptic-beechnut-h78,1004,assessment,2,106.71428571428571,2.753030303030303,-4.392929292929293,-3.072222222222222,112.81,-3.9,3.3,-3.4
cryptic-beechnut-h78,1004,assessment,3,87.21428571428571,6.541013824884793,-2.3161290322580648,-1.0935483870967742,98.98,-2.3,6.6,-2.5
cryptic-beechnut-h78,1004,assessment,4,45.271428571428565,10.20047619047619,-0.4038095238095238,0.3552380952380953,56.03,-0.3,10.4,-1.1
cryptic-beechnut-h78,1004,assessment,5,32.77142857142857,15.187096774193549,3.20184331797235,3.175115207373272,44.67,3.2,15.6,2.0
cryptic-beechnut-h78,1004,assessment,6,28.314285714285713,18.852857142857143,6.03952380952381,5.873809523809523,31.56,6.2,19.1,4.6
cryptic-beechnut-h78,1004,assessment,7,20.900000000000002,24.48110599078341,9.767281105990783,8.60184331797235,13.3,9.9,24.6,6.7
cryptic-beechnut-h78,1004,assessment,8,7.271428571428572,24.637327188940095,10.258064516129032,8.34884792626728,12.28,10.4,24.9,6.7
cryptic-beechnut-h78,1004,assessment,9,33.98571428571429,20.083809523809524,7.641904761904762,6.553333333333334,28.27,7.7,20.2,4.9
cryptic-beechnut-h78,1004,assessment,10,92.32857142857142,11.99447004608295,2.8433179723502304,2.7211981566820276,82.56,2.8,12.0,2.1
cryptic-beechnut-h78,1004,assessment,11,160.20000000000002,4.582380952380952,-1.6695238095238096,-0.49904761904761913,154.19,-1.7,4.3,-1.2
cryptic-beechnut-h78,1004,assessment,12,196.05714285714285,0.4806451612903226,-4.888018433179724,-3.3294930875576036,173.1,-4.8,0.6,-3.8
cryptic-beechnut-h78,1005,full,1,154.11621621621623,1.5826503923278117,-4.596251089799477,-3.0212728857890148,161.63,-4.7,1.4,-3.7
cryptic-beechnut-h78,1005,full,2,117.41891891891892,3.3346411483253586,-3.9104306220095695,-2.718851674641148,112.81,-3.9,3.3,-3.4
cryptic-beechnut-h78,1005,full,3,93.47567567567567,6.594333042720139,-2.26922406277245,-1.0597210113339146,98.98,-2.3,6.6,-2.5
cryptic-beechnut-h78,1005,full,4,60.88648648648649,10.232162162162163,-0.4200900900900901,0.29864864864864865,56.03,-0.3,10.4,-1.1
cryptic-beechnut-h78,1005,full,5,42.96756756756756,15.40148212728858,3.1254577157802963,3.3010462074978206,44.67,3.2,15.6,2.0
cryptic-beechnut-h78,1005,full,6,36.55135135135136,18.987207207207206,6.0696396396396395,6.0797297297297295,31.56,6.2,19.1,4.6
cryptic-beechnut-h78,1005,full,7,12.04864864864865,24.39834350479512,9.76922406277245,8.605841325196163,13.3,9.9,24.6,6.7
cryptic-beechnut-h78,1005,full,8,10.105405405405405,24.643243243243244,10.200261551874457,8.48003487358326,12.28,10.4,24.9,6.7
cryptic-beechnut-h78,1005,full,9,30.72432432432432,20.298018018018016,7.726846846846846,6.414954954954955,28.27,7.7,20.2,4.9
cryptic-beechnut-h78,1005,full,10,82.8891891891892,11.941150828247602,2.8004359197907585,2.8789014821272887,82.56,2.8,12.0,2.1
cryptic-beechnut-h78,1005,full,11,153.74594594594592,4.716486486486486,-1.5406306306306305,-0.4555855855855856,154.19,-1.7,4.3,-1.2
cryptic-beechnut-h78,1005,full,12,173.94324324324324,0.6338273757628596,-4.78613775065388,-3.225370531822145,173.1,-4.8,0.6,-3.8
cryptic-beechnut-h78,1005,assessment,1,163.62857142857143,1.4949308755760367,-4.851612903225806,-3.294470046082949,161.63,-4.7,1.4,-3.7
cryptic-beechnut-h78,1005,assessment,2,109.04285714285713,3.6277777777777778,-3.727777777777778,-2.553030303030303,112.81,-3.9,3.3,-3.4
cryptic-beechnut-h78,1005,assessment,3,93.48571428571428,6.7373271889400925,-1.9880184331797235,-0.7870967741935484,98.98,-2.3,6.6,-2.5
cryptic-beechnut-h78,1005,assessment,4,52.01428571428572,10.354761904761904,-0.530952380952381,0.06714285714285713,56.03,-0.3,10.4,-1.1
cryptic-beechnut-h78,1005,assessment,5,40.542857142857144,15.434101382488478,3.051152073732719,3.285253456221198,44.67,3.2,15.6,2.0
cryptic-beechnut-h78,1005,assessment,6,32.128571428571426,18.860952380952384,6.166666666666667,6.188095238095238,31.56,6.2,19.1,4.6
cryptic-beechnut-h78,1005,assessment,7,11.828571428571431,24.42442396313364,9.690322580645162,8.6073732718894,13.3,9.9,24.6,6.7
cryptic-beechnut-h78,1005,assessment,8,8.371428571428572,24.62811059907834,10.249308755760369,8.43963133640553,12.28,10.4,24.9,6.7
cryptic-beechnut-h78,1005,assessment,9,18.071428571428573,20.645238095238096,8.018095238095238,6.518571428571429,28.27,7.7,20.2,4.9
cryptic-beechnut-h78,1005,assessment,10,110.05714285714285,12.158986175115208,2.915668202764977,2.975115207373272,82.56,2.8,12.0,2.1
cryptic-beechnut-h78,1005,assessment,11,178.97142857142856,4.762857142857143,-1.497142857142857,-0.35666666666666663,154.19,-1.7,4.3,-1.2
cryptic-beechnut-h78,1005,assessment,12,179.55714285714288,0.5622119815668203,-4.952534562211982,-3.3322580645161293,173.1,-4.8,0.6,-3.8
cryptic-beechnut-h78,1006,full,1,148.35405405405407,1.502964254577158,-4.679947689625108,-3.074455100261552,161.63,-4.7,1.4,-3.7
cryptic-beechnut-h78,1006,full,2,105.45945945945945,3.1704306220095693,-4.004593301435407,-2.839712918660287,112.81,-3.9,3.3,-3.4
cryptic-beechnut-h78,1006,full,3,95.32972972972973,6.585876198779425,-2.312728857890148,-1.1048823016564953,98.98,-2.3,6.6,-2.5
cryptic-beechnut-h78,1006,full,4,54.21081081081081,10.29882882882883,-0.3145945945945946,0.4191891891891892,56.03,-0.3,10.4,-1.1
cryptic-beechnut-h78,1006,full,5,47.53243243243244,15.48526591107236,3.170008718395815,3.379337401918047,44.67,3.2,15.6,2.0
cryptic-beechnut-h78,1006,full,6,30.197297297297297,19.041891891891893,6.123423423423423,6.091261261261262,31.56,6.2,19.1,4.6
cryptic-beechnut-h78,1006,full,7,11.889189189189189,24.26878814298169,9.68099389712293,8.485876198779424,13.3,9.9,24.6,6.7
cryptic-beechnut-h78,1006,full,8,9.554054054054054,24.58299912816042,10.168526591107236,8.399040976460332,12.28,10.4,24.9,6.7
cryptic-beechnut-h78,1006,full,9,31.235135135135135,20.20783783783784,7.715855855855856,6.446936936936937,28.27,7.7,20.2,4.9
cryptic-beechnut-h78,1006,full,10,81.07837837837837,11.945422842197035,2.7634699215344374,2.8358326068003485,82.56,2.8,12.0,2.1
cryptic-beechnut-h78,1006,full,11,158.84594594594594,4.61036036036036,-1.5794594594594595,-0.49873873873873875,154.19,-1.7,4.3,-1.2
cryptic-beechnut-h78,1006,full,12,161.97027027027025,0.6947689625108979,-4.7357454228421965,-3.1877070619006105,173.1,-4.8,0.6,-3.8
cryptic-beechnut-h78,1006,assessment,1,128.5142857142857,1.4327188940092166,-4.806451612903226,-3.1608294930875576,161.63,-4.7,1.4,-3.7
cryptic-beechnut-h78,1006,assessment,2,91.27142857142857,2.8984848484848484,-4.069696969696969,-2.8777777777777778,112.81,-3.9,3.3,-3.4
cryptic-beechnut-h78,1006,assessment,3,80.10000000000001,6.150691244239631,-2.6723502304147466,-1.3944700460829493,98.98,-2.3,6.6,-2.5
cryptic-beechnut-h78,1006,assessment,4,42.42857142857143,10.466190476190476,-0.2219047619047619,0.680952380952381,56.03,-0.3,10.4,-1.1
cryptic-beechnut-h78,1006,assessment,5,53.98571428571428,15.780645161290323,3.3285714285714283,3.5350230414746546,44.67,3.2,15.6,2.0
cryptic-beechnut-h78,1006,assessment,6,43.457142857142856,19.02190476190476,5.985714285714286,5.782380952380952,31.56,6.2,19.1,4.6
cryptic-beechnut-h78,1006,assessment,7,13.842857142857142,23.882949308755762,9.613364055299538,8.48294930875576,13.3,9.9,24.6,6.7
cryptic-beechnut-h78,1006,assessment,8,7.9142857142857155,24.825806451612902,10.122119815668203,8.311981566820277,12.28,10.4,24.9,6.7
cryptic-beechnut-h78,1006,assessment,9,47.91428571428571,20.208571428571428,7.663809523809524,6.251428571428571,28.27,7.7,20.2,4.9
cryptic-beechnut-h78,1006,assessment,10,76.31428571428572,11.506451612903227,2.5714285714285716,2.675115207373272,82.56,2.8,12.0,2.1
cryptic-beechnut-h78,1006,assessment,11,174.22857142857143,4.832857142857143,-1.4038095238095238,-0.26380952380952377,154.19,-1.7,4.3,-1.2
cryptic-beechnut-h78,1006,assessment,12,184.5,0.3746543778801843,-5.028110599078341,-3.513364055299539,173.1,-4.8,0.6,-3.8
cryptic-beechnut-h78,1007,full,1,155.74864864864864,1.4939843068875327,-4.654402789886661,-3.0442894507410636,161.63,-4.7,1.4,-3.7
cryptic-beechnut-h78,1007,full,2,116.82162162162162,3.2076555023923445,-3.925837320574163,-2.688516746411483,112.81,-3.9,3.3,-3.4
cryptic-beechnut-h78,1007,full,3,95.89189189189189,6.547515257192677,-2.3070619006102877,-1.1194420226678292,98.98,-2.3,6.6,-2.5
cryptic-beechnut-h78,1007,full,4,61.7,10.251441441441441,-0.37207207207207205,0.3490990990990991,56.03,-0.3,10.4,-1.1
cryptic-beechnut-h78,1007,full,5,45.148648648648646,15.480470793374018,3.1324324324324326,3.293809938971229,44.67,3.2,15.6,2.0
cryptic-beechnut-h78,1007,full,6,30.41621621621622,18.993783783783783,6.082972972972973,6.11936936936937,31.56,6.2,19.1,4.6
cryptic-beechnut-h78,1007,full,7,13.97837837837838,24.314646904969486,9.698517872711422,8.526591107236268,13.3,9.9,24.6,6.7
cryptic-beechnut-h78,1007,full,8,9.145945945945945,24.706800348735833,10.250915431560593,8.525196163905841,12.28,10.4,24.9,6.7
cryptic-beechnut-h78,1007,full,9,31.22702702702703,20.214774774774774,7.750810810810811,6.45045045045045,28.27,7.7,20.2,4.9
cryptic-beechnut-h78,1007,full,10,87.02702702702703,11.99276373147341,2.765736704446382,2.857802964254577,82.56,2.8,12.0,2.1
cryptic-beechnut-h78,1007,full,11,144.3864864864865,4.51963963963964,-1.6628828828828828,-0.6022522522522522,154.19,-1.7,4.3,-1.2
cryptic-beechnut-h78,1007,full,12,170.37297297297297,0.5993897122929381,-4.777506538796861,-3.236965998256321,173.1,-4.8,0.6,-3.8
cryptic-beechnut-h78,1007,assessment,1,154.05714285714288,1.3847926267281105,-4.79815668202765,-3.1788018433179723,161.63,-4.7,1.4,-3.7
cryptic-beechnut-h78,1007,assessment,2,110.35714285714286,3.1080808080808078,-3.9893939393939393,-2.631818181818182,112.81,-3.9,3.3,-3.4
cryptic-beechnut-h78,1007,assessment,3,79.14285714285714,6.357603686635945,-2.471428571428571,-1.3847926267281105,98.98,-2.3,6.6,-2.5
cryptic-beechnut-h78,1007,assessment,4,75.37142857142858,9.907619047619047,-0.4080952380952381,0.2966666666666667,56.03,-0.3,10.4,-1.1
cryptic-beechnut-h78,1007,assessment,5,60.028571428571425,15.63041474654378,3.1995391705069123,3.2815668202764976,44.67,3.2,15.6,2.0
cryptic-beechnut-h78,1007,assessment,6,28.12857142857143,18.811904761904763,5.813809523809525,5.950952380952381,31.56,6.2,19.1,4.6
cryptic-beechnut-h78,1007,assessment,7,22.157142857142855,24.2815668202765,9.80783410138249,8.521658986175115,13.3,9.9,24.6,6.7
cryptic-beechnut-h78,1007,assessment,8,15.5,24.749769585253457,10.350230414746544,8.642396313364056,12.28,10.4,24.9,6.7
cryptic-beechnut-h78,1007,assessment,9,20.17142857142857,20.449523809523807,7.881428571428571,6.455238095238095,28.27,7.7,20.2,4.9
cryptic-beechnut-h78,1007,assessment,10,104.77142857142857,11.912903225806451,2.6354838709677417,2.8391705069124424,82.56,2.8,12.0,2.1
cryptic-beechnut-h78,1007,assessment,11,134.35714285714286,4.27047619047619,-1.7490476190476192,-0.7338095238095238,154.19,-1.7,4.3,-1.2
cryptic-beechnut-h78,1007,assessment,12,172.22857142857143,0.5847926267281106,-4.75299539170507,-3.18110599078341,173.1,-4.8,0.6,-3.8
cryptic-beechnut-h78,1008,full,1,152.0972972972973,1.7186573670444638,-4.419965126416739,-2.858151700087184,161.63,-4.7,1.4,-3.7
cryptic-beechnut-h78,1008,full,2,110.25675675675676,3.224976076555024,-3.9308133971291865,-2.7623923444976075,112.81,-3.9,3.3,-3.4
cryptic-beechnut-h78,1008,full,3,99.56216216216217,6.547863993025283,-2.305231037489102,-1.1265039232781167,98.98,-2.3,6.6,-2.5
cryptic-beechnut-h78,1008,full,4,58.69189189189189,10.17108108108108,-0.39774774774774774,0.33378378378378376,56.03,-0.3,10.4,-1.1
cryptic-beechnut-h78,1008,full,5,46.08108108108108,15.445248474280733,3.1272013949433304,3.329642545771578,44.67,3.2,15.6,2.0
cryptic-beechnut-h78,1008,full,6,37.6945945945946,19.064234234234235,6.129639639639639,6.149189189189189,31.56,6.2,19.1,4.6
cryptic-beechnut-h78,1008,full,7,13.254054054054055,24.405928509154315,9.756582388840453,8.644725370531821,13.3,9.9,24.6,6.7
cryptic-beechnut-h78,1008,full,8,8.697297297297297,24.594768962510898,10.157192676547515,8.43173496076722,12.28,10.4,24.9,6.7
cryptic-beechnut-h78,1008,full,9,31.902702702702705,20.235135135135135,7.706666666666666,6.4185585585585585,28.27,7.7,20.2,4.9
cryptic-beechnut-h78,1008,full,10,78.28918918918919,12.036094158674803,2.821447253705318,2.9053182214472537,82.56,2.8,12.0,2.1
cryptic-beechnut-h78,1008,full,11,162.46486486486486,4.537477477477478,-1.6427027027027028,-0.6140540540540541,154.19,-1.7,4.3,-1.2
cryptic-beechnut-h78,1008,full,12,172.45675675675676,0.7530950305143854,-4.6437663469921535,-3.118308631211857,173.1,-4.8,0.6,-3.8
cryptic-beechnut-h78,1008,assessment,1,153.31428571428572,1.4700460829493087,-4.706912442396313,-3.125345622119816,161.63,-4.7,1.4,-3.7
cryptic-beechnut-h78,1008,assessment,2,115.6,3.258585858585859,-3.8141414141414143,-2.7383838383838386,112.81,-3.9,3.3,-3.4
cryptic-beechnut-h78,1008,assessment,3,109.42857142857143,6.3018433179723505,-2.488940092165899,-1.4262672811059909,98.98,-2.3,6.6,-2.5
cryptic-beechnut-h78,1008,assessment,4,59.885714285714286,10.388095238095238,-0.17285714285714288,0.4471428571428571,56.03,-0.3,10.4,-1.1
cryptic-beechnut-h78,1008,assessment,5,47.37142857142857,15.196774193548386,2.815668202764977,2.915668202764977,44.67,3.2,15.6,2.0
cryptic-beechnut-h78,1008,assessment,6,41.84285714285714,18.79904761904762,6.046190476190477,6.297142857142857,31.56,6.2,19.1,4.6
cryptic-beechnut-h78,1008,assessment,7,25.071428571428573,24.723963133640556,9.791244239631336,8.913364055299539,13.3,9.9,24.6,6.7
cryptic-beechnut-h78,1008,assessment,8,3.8857142857142857,24.86451612903226,10.283870967741935,8.555299539170507,12.28,10.4,24.9,6.7
cryptic-beechnut-h78,1008,assessment,9,35.957142857142856,20.237619047619045,7.67047619047619,6.4,28.27,7.7,20.2,4.9
cryptic-beechnut-h78,1008,assessment,10,65.31428571428572,12.100460829493088,2.9949308755760367,3.1055299539170504,82.56,2.8,12.0,2.1
cryptic-beechnut-h78,1008,assessment,11,166.0,4.558095238095238,-1.6866666666666665,-0.6666666666666666,154.19,-1.7,4.3,-1.2
cryptic-beechnut-h78,1008,assessment,12,175.9857142857143,0.8304147465437788,-4.611981566820276,-3.1073732718894007,173.1,-4.8,0.6,-3.8
cryptic-beechnut-h78,1009,full,1,157.88108108108108,1.6172624237140367,-4.541325196163905,-2.9469049694856144,161.63,-4.7,1.4,-3.7
cryptic-beechnut-h78,1009,full,2,113.76486486486488,3.1657416267942584,-3.999617224880383,-2.791004784688995,112.81,-3.9,3.3,-3.4
cryptic-beechnut-h78,1009,full,3,98.80540540540541,6.628596338273757,-2.308892763731474,-1.1115082824760245,98.98,-2.3,6.6,-2.5
cryptic-beechnut-h78,1009,full,4,56.88918918918919,10.231261261261261,-0.40054054054054056,0.36045045045045043,56.03,-0.3,10.4,-1.1
cryptic-beechnut-h78,1009,full,5,48.79189189189189,15.489450741063646,3.16974716652136,3.342720139494333,44.67,3.2,15.6,2.0
cryptic-beechnut-h78,1009,full,6,26.318918918918918,18.95981981981982,6.076576576576577,6.087387387387388,31.56,6.2,19.1,4.6
cryptic-beechnut-h78,1009,full,7,13.313513513513515,24.286399302528334,9.764952048823016,8.607323452484744,13.3,9.9,24.6,6.7
cryptic-beechnut-h78,1009,full,8,7.864864864864865,24.586312118570184,10.173234524847429,8.458151700087184,12.28,10.4,24.9,6.7
cryptic-beechnut-h78,1009,full,9,26.07837837837838,20.20765765765766,7.740270270270271,6.5069369369369365,28.27,7.7,20.2,4.9
cryptic-beechnut-h78,1009,full,10,81.7081081081081,12.017698343504794,2.8149084568439404,2.8482127288578902,82.56,2.8,12.0,2.1
cryptic-beechnut-h78,1009,full,11,148.19459459459458,4.5839639639639636,-1.6242342342342344,-0.5795495495495496,154.19,-1.7,4.3,-1.2
cryptic-beechnut-h78,1009,full,12,175.8918918918919,0.6315605928509154,-4.805492589363557,-3.2646904969485613,173.1,-4.8,0.6,-3.8
cryptic-beechnut-h78,1009,assessment,1,161.17142857142858,1.5516129032258064,-4.546543778801843,-3.0064516129032257,161.63,-4.7,1.4,-3.7
cryptic-beechnut-h78,1009,assessment,2,131.14285714285714,3.3146464646464646,-3.9257575757575753,-2.596969696969697,112.81,-3.9,3.3,-3.4
cryptic-beechnut-h78,1009,assessment,3,97.91428571428571,6.873271889400922,-2.28110599078341,-1.1055299539170507,98.98,-2.3,6.6,-2.5
cryptic-beechnut-h78,1009,assessment,4,49.98571428571428,10.353809523809524,-0.5395238095238095,0.2547619047619048,56.03,-0.3,10.4,-1.1
cryptic-beechnut-h78,1009,assessment,5,40.55714285714286,15.284331797235023,3.0903225806451613,3.2400921658986177,44.67,3.2,15.6,2.0
cryptic-beechnut-h78,1009,assessment,6,21.928571428571427,18.614285714285714,6.058095238095238,6.19952380952381,31.56,6.2,19.1,4.6
cryptic-beechnut-h78,1009,assessment,7,8.414285714285715,24.351612903225806,9.866820276497695,8.494009216589863,13.3,9.9,24.6,6.7
cryptic-beechnut-h78,1009,assessment,8,10.957142857142857,24.471889400921658,10.141013824884793,8.426728110599077,12.28,10.4,24.9,6.7
cryptic-beechnut-h78,1009,assessment,9,28.74285714285714,19.93619047619048,7.468095238095238,6.199047619047619,28.27,7.7,20.2,4.9
cryptic-beechnut-h78,1009,assessment,10,73.64285714285714,12.071428571428571,2.713364055299539,2.7898617511520736,82.56,2.8,12.0,2.1
cryptic-beechnut-h78,1009,assessment,11,169.6,4.480476190476191,-1.6052380952380954,-0.5385714285714286,154.19,-1.7,4.3,-1.2
cryptic-beechnut-h78,1009,assessment,12,184.8857142857143,0.2981566820276498,-5.110138248847926,-3.605069124423963,173.1,-4.8,0.6,-3.8
cryptic-beechnut-h78,1010,full,1,150.17567567567568,1.4960767218831734,-4.685876198779424,-3.1163905841325197,161.63,-4.7,1.4,-3.7
cryptic-beechnut-h78,1010,full,2,108.1054054054054,3.254736842105263,-3.9822966507177036,-2.787081339712919,112.81,-3.9,3.3,-3.4
cryptic-beechnut-h78,1010,full,3,100.04594594594595,6.550828247602441,-2.322667829119442,-1.0987794245858762,98.98,-2.3,6.6,-2.5
cryptic-beechnut-h78,1010,full,4,57.721621621621615,10.238288288288288,-0.3823423423423423,0.3907207207207207,56.03,-0.3,10.4,-1.1
cryptic-beechnut-h78,1010,full,5,45.15135135135135,15.579250217959897,3.2280732345248473,3.418570183086312,44.67,3.2,15.6,2.0
cryptic-beechnut-h78,1010,full,6,34.832432432432434,19.113873873873874,6.148018018018019,6.100090090090091,31.56,6.2,19.1,4.6
cryptic-beechnut-h78,1010,full,7,13.627027027027026,24.33182214472537,9.797122929380993,8.658936355710548,13.3,9.9,24.6,6.7
cryptic-beechnut-h78,1010,full,8,8.356756756756756,24.50409764603313,10.162685265911072,8.468003487358326,12.28,10.4,24.9,6.7
cryptic-beechnut-h78,1010,full,9,26.14324324324324,20.144864864864864,7.674414414414414,6.385675675675676,28.27,7.7,20.2,4.9
cryptic-beechnut-h78,1010,full,10,77.0027027027027,11.999302528334788,2.777244986922406,2.7945945945945945,82.56,2.8,12.0,2.1
cryptic-beechnut-h78,1010,full,11,150.6810810810811,4.570540540540541,-1.6341441441441442,-0.5811711711711712,154.19,-1.7,4.3,-1.2
cryptic-beechnut-h78,1010,full,12,162.12432432432433,0.703487358326068,-4.728857890148213,-3.1669572798605055,173.1,-4.8,0.6,-3.8
cryptic-beechnut-h78,1010,assessment,1,139.74285714285716,1.2797235023041473,-4.888479262672811,-3.330414746543779,161.63,-4.7,1.4,-3.7
cryptic-beechnut-h78,1010,assessment,2,109.89999999999999,3.0813131313131312,-4.007575757575758,-2.71010101010101,112.81,-3.9,3.3,-3.4
cryptic-beechnut-h78,1010,assessment,3,100.14285714285714,6.268202764976959,-2.382027649769585,-1.1502304147465439,98.98,-2.3,6.6,-2.5
cryptic-beechnut-h78,1010,assessment,4,68.41428571428573,10.562857142857142,-0.38190476190476186,0.5095238095238095,56.03,-0.3,10.4,-1.1
cryptic-beechnut-h78,1010,assessment,5,42.4,15.604608294930875,3.330414746543779,3.515207373271889,44.67,3.2,15.6,2.0
cryptic-beechnut-h78,1010,assessment,6,36.74285714285714,19.407619047619047,6.315714285714286,6.0719047619047615,31.56,6.2,19.1,4.6
cryptic-beechnut-h78,1010,assessment,7,18.314285714285713,24.44331797235023,9.864976958525345,8.836405529953916,13.3,9.9,24.6,6.7
cryptic-beechnut-h78,1010,assessment,8,2.4142857142857146,24.40599078341014,10.09032258064516,8.361751152073733,12.28,10.4,24.9,6.7
cryptic-beechnut-h78,1010,assessment,9,20.099999999999998,19.95047619047619,7.63,6.3133333333333335,28.27,7.7,20.2,4.9
cryptic-beechnut-h78,1010,assessment,10,70.28571428571429,12.17142857142857,2.7580645161290325,2.846082949308756,82.56,2.8,12.0,2.1
cryptic-beechnut-h78,1010,assessment,11,151.0142857142857,4.644761904761904,-1.6452380952380952,-0.530952380952381,154.19,-1.7,4.3,-1.2
cryptic-beechnut-h78,1010,assessment,12,158.24285714285716,0.7032258064516129,-4.76405529953917,-3.219815668202765,173.1,-4.8,0.6,-3.8
cryptic-beechnut-h132,1001,full,1,179.0918918918919,0.5983435047951177,-5.071752397558849,-2.955536181342633,168.31,-5.3,0.3,-4.3
cryptic-beechnut-h132,1001,full,2,122.06756756756756,2.1904306220095693,-4.834354066985646,-3.003732057416268,118.15,-4.7,2.3,-4.3
cryptic-beechnut-h132,1001,full,3,104.3108108108108,5.527986050566696,-3.253269398430689,-1.2715780296425458,101.22,-3.3,5.5,-3.2
cryptic-beechnut-h132,1001,full,4,63.03513513513514,9.403603603603603,-1.1404504504504505,0.32297297297297295,57.05,-1.1,9.5,-1.6
cryptic-beechnut-h132,1001,full,5,45.17027027027027,14.529729729729729,2.2854402789886663,3.2458587619877943,44.03,2.4,14.7,1.6
cryptic-beechnut-h132,1001,full,6,28.802702702702703,18.19792792792793,4.978828828828829,5.952162162162161,31.48,5.1,18.3,4.0
cryptic-beechnut-h132,1001,full,7,12.727027027027026,23.555536181342635,8.70871839581517,8.598866608544027,13.51,8.9,23.8,5.7
cryptic-beechnut-h132,1001,full,8,9.04864864864865,23.839843068875325,9.228857890148213,8.451002615518744,12.16,9.4,24.1,5.8
cryptic-beechnut-h132,1001,full,9,29.17027027027027,19.34189189189189,6.7956756756756755,6.535315315315315,28.99,6.7,19.3,4.0
cryptic-beechnut-h132,1001,full,10,76.9108108108108,10.829293809938973,1.9162162162162164,2.723016564952049,86.06,2.0,10.9,1.2
cryptic-beechnut-h132,1001,full,11,162.3783783783784,3.528468468468468,-2.3138738738738738,-0.7453153153153153,157.12,-2.5,3.2,-1.9
cryptic-beechnut-h132,1001,full,12,184.02162162162162,-0.6448997384481255,-5.526503923278116,-3.5827375762859632,177.99,-5.6,-0.7,-4.5
cryptic-beechnut-h132,1001,assessment,1,191.68571428571428,1.06036866359447,-4.605990783410138,-2.4723502304147464,168.31,-5.3,0.3,-4.3
cryptic-beechnut-h132,1001,assessment,2,104.01428571428572,1.957070707070707,-4.962121212121212,-3.1292929292929292,118.15,-4.7,2.3,-4.3
cryptic-beechnut-h132,1001,assessment,3,82.02857142857144,5.336405529953917,-3.553456221198157,-1.691705069124424,101.22,-3.3,5.5,-3.2
cryptic-beechnut-h132,1001,assessment,4,62.67142857142857,9.364761904761904,-1.1871428571428573,0.2219047619047619,57.05,-1.1,9.5,-1.6
cryptic-beechnut-h132,1001,assessment,5,41.228571428571435,14.239170506912442,1.9861751152073732,2.866820276497696,44.03,2.4,14.7,1.6
cryptic-beechnut-h132,1001,assessment,6,29.24285714285714,18.361428571428572,5.116190476190477,5.835714285714285,31.48,5.1,18.3,4.0
cryptic-beechnut-h132,1001,assessment,7,12.742857142857142,23.74331797235023,8.912442396313365,8.95668202764977,13.51,8.9,23.8,5.7
cryptic-beechnut-h132,1001,assessment,8,3.5571428571428574,23.965898617511524,9.380645161290323,8.573271889400923,12.16,9.4,24.1,5.8
cryptic-beechnut-h132,1001,assessment,9,36.41428571428572,19.502380952380953,7.039047619047619,6.763809523809524,28.99,6.7,19.3,4.0
cryptic-beechnut-h132,1001,assessment,10,77.01428571428572,10.85069124423963,1.8400921658986176,2.5986175115207373,86.06,2.0,10.9,1.2
cryptic-beechnut-h132,1001,assessment,11,185.94285714285712,3.2147619047619047,-2.533333333333333,-0.9747619047619047,157.12,-2.5,3.2,-1.9
cryptic-beechnut-h132,1001,assessment,12,182.6142857142857,-0.4866359447004608,-5.3658986175115215,-3.412442396313364,177.99,-5.6,-0.7,-4.5
cryptic-beechnut-h132,1002,full,1,171.67027027027027,0.4414123801220575,-5.229468177855274,-3.099912816041848,168.31,-5.3,0.3,-4.3
cryptic-beechnut-h132,1002,full,2,126.42432432432432,2.304593301435407,-4.670047846889952,-2.90133971291866,118.15,-4.7,2.3,-4.3
cryptic-beechnut-h132,1002,full,3,103.81351351351351,5.542807323452485,-3.2269398430688754,-1.2229293809938973,101.22,-3.3,5.5,-3.2
cryptic-beechnut-h132,1002,full,4,59.605405405405406,9.28927927927928,-1.2517117117117118,0.31486486486486487,57.05,-1.1,9.5,-1.6
cryptic-beechnut-h132,1002,full,5,43.68648648648649,14.431560592850916,2.25693112467306,3.1870967741935483,44.03,2.4,14.7,1.6
cryptic-beechnut-h132,1002,full,6,32.36486486486486,18.21153153153153,5.0663063063063065,6.138558558558559,31.48,5.1,18.3,4.0
cryptic-beechnut-h132,1002,full,7,11.091891891891892,23.475675675675674,8.74768962510898,8.669747166521361,13.51,8.9,23.8,5.7
cryptic-beechnut-h132,1002,full,8,9.672972972972975,23.883347863993027,9.222406277244987,8.481865736704448,12.16,9.4,24.1,5.8
cryptic-beechnut-h132,1002,full,9,24.85135135135135,19.184144144144145,6.65,6.308738738738739,28.99,6.7,19.3,4.0
cryptic-beechnut-h132,1002,full,10,80.91621621621621,10.811072362685266,1.886312118570183,2.681952920662598,86.06,2.0,10.9,1.2
cryptic-beechnut-h132,1002,full,11,150.17567567567568,3.535315315315315,-2.3754954954954957,-0.7821621621621622,157.12,-2.5,3.2,-1.9
cryptic-beechnut-h132,1002,full,12,177.56486486486486,-0.6185701830863121,-5.547428073234524,-3.6075850043591977,177.99,-5.6,-0.7,-4.5
cryptic-beechnut-h132,1002,assessment,1,167.08571428571426,0.37880184331797234,-5.365437788018433,-3.1714285714285717,168.31,-5.3,0.3,-4.3
cryptic-beechnut-h132,1002,assessment,2,132.82857142857142,2.2252525252525253,-4.64040404040404,-2.8707070707070708,118.15,-4.7,2.3,-4.3
cryptic-beechnut-h132,1002,assessment,3,115.52857142857144,5.658064516129032,-3.2930875576036867,-1.2419354838709677,101.22,-3.3,5.5,-3.2
cryptic-beechnut-h132,1002,assessment,4,43.77142857142858,9.254285714285714,-1.3671428571428572,0.2652380952380953,57.05,-1.1,9.5,-1.6
cryptic-beechnut-h132,1002,assessment,5,49.17142857142857,14.272811059907832,2.1497695852534564,3.1032258064516127,44.03,2.4,14.7,1.6
cryptic-beechnut-h132,1002,assessment,6,39.957142857142856,18.114761904761906,5.084761904761905,6.166190476190477,31.48,5.1,18.3,4.0
cryptic-beechnut-h132,1002,assessment,7,8.828571428571427,23.444700460829495,8.85668202764977,8.866820276497695,13.51,8.9,23.8,5.7
cryptic-beechnut-h132,1002,assessment,8,7.985714285714287,23.92442396313364,9.28110599078341,8.54930875576037,12.16,9.4,24.1,5.8
cryptic-beechnut-h132,1002,assessment,9,19.042857142857144,19.044285714285714,6.47952380952381,6.053809523809524,28.99,6.7,19.3,4.0
cryptic-beechnut-h132,1002,assessment,10,64.74285714285715,10.478801843317973,1.709216589861751,2.4626728110599077,86.06,2.0,10.9,1.2
cryptic-beechnut-h132,1002,assessment,11,143.9857142857143,3.6700000000000004,-2.2652380952380953,-0.7204761904761905,157.12,-2.5,3.2,-1.9
cryptic-beechnut-h132,1002,assessment,12,174.20000000000002,-0.8483870967741935,-5.595852534562212,-3.7101382488479264,177.99,-5.6,-0.7,-4.5
cryptic-beechnut-h132,1003,full,1,164.45405405405407,0.4422842197035745,-5.211072362685266,-3.089799476896251,168.31,-5.3,0.3,-4.3
cryptic-beechnut-h132,1003,full,2,108.47297297297297,2.3181818181818183,-4.7272727272727275,-2.911866028708134,118.15,-4.7,2.3,-4.3
cryptic-beechnut-h132,1003,full,3,106.76216216216216,5.465475152571926,-3.2882301656495203,-1.3063644289450742,101.22,-3.3,5.5,-3.2
cryptic-beechnut-h132,1003,full,4,57.15405405405405,9.364504504504504,-1.1656756756756756,0.3324324324324324,57.05,-1.1,9.5,-1.6
cryptic-beechnut-h132,1003,full,5,41.65135135135135,14.545335658238884,2.3321708805579773,3.3390584132519616,44.03,2.4,14.7,1.6
cryptic-beechnut-h132,1003,full,6,31.181081081081082,18.240000000000002,5.048828828828829,6.106936936936937,31.48,5.1,18.3,4.0
cryptic-beechnut-h132,1003,full,7,12.232432432432432,23.515693112467307,8.693635571054926,8.56050566695728,13.51,8.9,23.8,5.7
cryptic-beechnut-h132,1003,full,8,7.521621621621622,23.892153443766347,9.254141238012206,8.550130775937227,12.16,9.4,24.1,5.8
cryptic-beechnut-h132,1003,full,9,29.18648648648649,19.237027027027025,6.676216216216217,6.353513513513513,28.99,6.7,19.3,4.0
cryptic-beechnut-h132,1003,full,10,83.12702702702703,10.889625108979947,1.96460331299041,2.7523975588491716,86.06,2.0,10.9,1.2
cryptic-beechnut-h132,1003,full,11,153.93783783783783,3.532162162162162,-2.398198198198198,-0.8502702702702702,157.12,-2.5,3.2,-1.9
cryptic-beechnut-h132,1003,full,12,177.18378378378378,-0.6538796861377506,-5.581255448997385,-3.6461203138622498,177.99,-5.6,-0.7,-4.5
cryptic-beechnut-h132,1003,assessment,1,169.15714285714284,0.19815668202764977,-5.435483870967742,-3.342396313364055,168.31,-5.3,0.3,-4.3
cryptic-beechnut-h132,1003,assessment,2,113.35714285714286,2.5722222222222224,-4.755050505050505,-2.9560606060606056,118.15,-4.7,2.3,-4.3
cryptic-beechnut-h132,1003,assessment,3,79.85714285714286,5.083870967741936,-3.3470046082949305,-1.3133640552995391,101.22,-3.3,5.5,-3.2
cryptic-beechnut-h132,1003,assessment,4,48.714285714285715,9.544285714285714,-1.1985714285714286,0.23333333333333334,57.05,-1.1,9.5,-1.6
cryptic-beechnut-h132,1003,assessment,5,31.12857142857143,14.618433179723501,2.2096774193548385,3.161290322580645,44.03,2.4,14.7,1.6
cryptic-beechnut-h132,1003,assessment,6,31.24285714285714,18.45095238095238,5.125238095238095,6.103809523809524,31.48,5.1,18.3,4.0
cryptic-beechnut-h132,1003,assessment,7,19.52857142857143,23.667281105990785,8.69815668202765,8.440092165898617,13.51,8.9,23.8,5.7
cryptic-beechnut-h132,1003,assessment,8,4.771428571428571,24.185714285714287,9.35852534562212,8.633179723502305,12.16,9.4,24.1,5.8
cryptic-beechnut-h132,1003,assessment,9,28.95714285714286,19.29904761904762,6.751904761904762,6.453333333333333,28.99,6.7,19.3,4.0
cryptic-beechnut-h132,1003,assessment,10,84.72857142857143,10.226728110599078,1.5838709677419354,2.3672811059907835,86.06,2.0,10.9,1.2
cryptic-beechnut-h132,1003,assessment,11,161.68571428571428,3.8180952380952378,-2.1523809523809523,-0.6523809523809524,157.12,-2.5,3.2,-1.9
cryptic-beechnut-h132,1003,assessment,12,182.97142857142856,-0.8046082949308756,-5.740092165898617,-3.806451612903226,177.99,-5.6,-0.7,-4.5
cryptic-beechnut-h132,1004,full,1,164.0891891891892,0.38308631211857014,-5.306451612903226,-3.207585004359198,168.31,-5.3,0.3,-4.3
cryptic-beechnut-h132,1004,full,2,118.27567567567567,2.17933014354067,-4.78822966507177,-2.9613397129186603,118.15,-4.7,2.3,-4.3
cryptic-beechnut-h132,1004,full,3,96.07297297297296,5.499825632083697,-3.293025283347864,-1.2809938971229293,101.22,-3.3,5.5,-3.2
cryptic-beechnut-h132,1004,full,4,53.527027027027025,9.394324324324325,-1.146756756756757,0.37378378378378374,57.05,-1.1,9.5,-1.6
cryptic-beechnut-h132,1004,full,5,41.94054054054054,14.540889276373148,2.3700959023539667,3.354751525719268,44.03,2.4,14.7,1.6
cryptic-beechnut-h132,1004,full,6,29.08108108108108,18.114774774774776,4.978828828828829,5.967747747747747,31.48,5.1,18.3,4.0
cryptic-beechnut-h132,1004,full,7,11.427027027027027,23.536704446381865,8.73644289450741,8.582737576285963,13.51,8.9,23.8,5.7
cryptic-beechnut-h132,1004,full,8,9.305405405405406,23.77593722755013,9.181429816913688,8.426242371403662,12.16,9.4,24.1,5.8
cryptic-beechnut-h132,1004,full,9,29.73243243243243,19.281891891891892,6.749279279279279,6.479909909909909,28.99,6.7,19.3,4.0
cryptic-beechnut-h132,1004,full,10,83.15945945945946,10.856059285091543,1.9394071490845683,2.731647776809067,86.06,2.0,10.9,1.2
cryptic-beechnut-h132,1004,full,11,158.66216216216216,3.487927927927928,-2.44027027027027,-0.8662162162162163,157.12,-2.5,3.2,-1.9
cryptic-beechnut-h132,1004,full,12,184.85945945945946,-0.6432432432432432,-5.552571926765475,-3.602964254577158,177.99,-5.6,-0.7,-4.5
cryptic-beechnut-h132,1004,assessment,1,170.97142857142856,0.43917050691244236,-5.283410138248848,-3.223041474654378,168.31,-5.3,0.3,-4.3
cryptic-beechnut-h132,1004,assessment,2,112.74285714285715,1.7429292929292928,-5.197474747474747,-3.29040404040404,118.15,-4.7,2.3,-4.3
cryptic-beechnut-h132,1004,assessment,3,89.45714285714287,5.455299539170507,-3.290783410138249,-1.2783410138248847,101.22,-3.3,5.5,-3.2
cryptic-beechnut-h132,1004,assessment,4,47.15714285714286,9.284761904761904,-1.2209523809523808,0.2723809523809524,57.05,-1.1,9.5,-1.6
cryptic-beechnut-h132,1004,assessment,5,32.98571428571429,14.29447004608295,2.393548387096774,3.1511520737327188,44.03,2.4,14.7,1.6
cryptic-beechnut-h132,1004,assessment,6,28.342857142857145,18.04047619047619,4.962380952380952,5.841904761904762,31.48,5.1,18.3,4.0
cryptic-beechnut-h132,1004,assessment,7,20.885714285714283,23.68479262672811,8.75852534562212,8.60184331797235,13.51,8.9,23.8,5.7
cryptic-beechnut-h132,1004,assessment,8,7.285714285714286,23.832718894009215,9.251152073732719,8.34884792626728,12.16,9.4,24.1,5.8
cryptic-beechnut-h132,1004,assessment,9,35.24285714285714,19.175714285714285,6.656190476190476,6.5442857142857145,28.99,6.7,19.3,4.0
cryptic-beechnut-h132,1004,assessment,10,95.18571428571428,10.905990783410138,2.026728110599078,2.6516129032258062,86.06,2.0,10.9,1.2
cryptic-beechnut-h132,1004,assessment,11,164.64285714285714,3.4695238095238095,-2.4652380952380955,-0.8266666666666667,157.12,-2.5,3.2,-1.9
cryptic-beechnut-h132,1004,assessment,12,201.4,-0.7976958525345622,-5.679723502304148,-3.73963133640553,177.99,-5.6,-0.7,-4.5
cryptic-beechnut-h132,1005,full,1,163.18648648648647,0.48535309503051444,-5.212031386224934,-3.1224934612031388,168.31,-5.3,0.3,-4.3
cryptic-beechnut-h132,1005,full,2,124.46216216216217,2.32622009569378,-4.717799043062201,-2.9050717703349282,118.15,-4.7,2.3,-4.3
cryptic-beechnut-h132,1005,full,3,96.28918918918919,5.512380122057541,-3.243330427201395,-1.230514385353095,101.22,-3.3,5.5,-3.2
cryptic-beechnut-h132,1005,full,4,63.31351351351351,9.316396396396398,-1.2420720720720722,0.23882882882882886,57.05,-1.1,9.5,-1.6
cryptic-beechnut-h132,1005,full,5,43.116216216216216,14.509851787271142,2.319790758500436,3.277593722755013,44.03,2.4,14.7,1.6
cryptic-beechnut-h132,1005,full,6,36.513513513513516,18.177657657657658,4.9909009009009,6.047927927927928,31.48,5.1,18.3,4.0
cryptic-beechnut-h132,1005,full,7,12.07027027027027,23.60122057541412,8.759808195292067,8.601656495204882,13.51,8.9,23.8,5.7
cryptic-beechnut-h132,1005,full,8,10.156756756756756,23.83792502179599,9.194768962510897,8.478901482127288,12.16,9.4,24.1,5.8
cryptic-beechnut-h132,1005,full,9,31.908108108108106,19.39288288288288,6.742072072072072,6.411801801801802,28.99,6.7,19.3,4.0
cryptic-beechnut-h132,1005,full,10,85.34324324324324,10.857802964254576,1.9838709677419355,2.818047079337402,86.06,2.0,10.9,1.2
cryptic-beechnut-h132,1005,full,11,157.95675675675676,3.601801801801802,-2.342072072072072,-0.7431531531531531,157.12,-2.5,3.2,-1.9
cryptic-beechnut-h132,1005,full,12,178.9189189189189,-0.6400174367916304,-5.582388840453357,-3.6207497820401047,177.99,-5.6,-0.7,-4.5
cryptic-beechnut-h132,1005,assessment,1,172.77142857142857,0.3976958525345622,-5.464976958525346,-3.3788018433179725,168.31,-5.3,0.3,-4.3
cryptic-beechnut-h132,1005,assessment,2,115.9,2.61969696969697,-4.533333333333333,-2.742424242424242,118.15,-4.7,2.3,-4.3
cryptic-beechnut-h132,1005,assessment,3,96.21428571428571,5.653917050691245,-2.9626728110599077,-0.9755760368663594,101.22,-3.3,5.5,-3.2
cryptic-beechnut-h132,1005,assessment,4,54.17142857142857,9.437142857142858,-1.3585714285714285,1.163090787702545e-17,57.05,-1.1,9.5,-1.6
cryptic-beechnut-h132,1005,assessment,5,40.714285714285715,14.545161290322582,2.2433179723502303,3.2709677419354835,44.03,2.4,14.7,1.6
cryptic-beechnut-h132,1005,assessment,6,32.2,18.04952380952381,5.0842857142857145,6.164285714285715,31.48,5.1,18.3,4.0
cryptic-beechnut-h132,1005,assessment,7,11.842857142857143,23.622119815668203,8.682027649769585,8.6073732718894,13.51,8.9,23.8,5.7
cryptic-beechnut-h132,1005,assessment,8,8.428571428571429,23.823963133640554,9.242857142857144,8.43594470046083,12.16,9.4,24.1,5.8
cryptic-beechnut-h132,1005,assessment,9,18.814285714285713,19.74142857142857,7.034285714285715,6.513809523809524,28.99,6.7,19.3,4.0
cryptic-beechnut-h132,1005,assessment,10,113.17142857142856,11.076497695852535,2.0986175115207373,2.917972350230415,86.06,2.0,10.9,1.2
cryptic-beechnut-h132,1005,assessment,11,183.68571428571428,3.6476190476190475,-2.2923809523809524,-0.6557142857142857,157.12,-2.5,3.2,-1.9
cryptic-beechnut-h132,1005,assessment,12,184.77142857142857,-0.7142857142857143,-5.745161290322581,-3.7313364055299543,177.99,-5.6,-0.7,-4.5
cryptic-beechnut-h132,1006,full,1,157.0837837837838,0.4055797733217088,-5.295553618134264,-3.1791630340017436,168.31,-5.3,0.3,-4.3
cryptic-beechnut-h132,1006,full,2,111.75675675675676,2.162870813397129,-4.812057416267943,-3.039425837320574,118.15,-4.7,2.3,-4.3
cryptic-beechnut-h132,1006,full,3,98.23513513513512,5.501743679163034,-3.286312118570183,-1.2686137750653879,101.22,-3.3,5.5,-3.2
cryptic-beechnut-h132,1006,full,4,56.394594594594594,9.38135135135135,-1.1336936936936939,0.3644144144144144,57.05,-1.1,9.5,-1.6
cryptic-beechnut-h132,1006,full,5,47.74864864864865,14.594071490845685,2.361726242371404,3.351438535309503,44.03,2.4,14.7,1.6
cryptic-beechnut-h132,1006,full,6,30.156756756756756,18.231891891891895,5.045495495495495,6.067207207207208,31.48,5.1,18.3,4.0
cryptic-beechnut-h132,1006,full,7,11.894594594594595,23.471665213600698,8.673757628596338,8.480296425457716,13.51,8.9,23.8,5.7
cryptic-beechnut-h132,1006,full,8,9.594594594594595,23.77898866608544,9.16721883173496,8.399040976460332,12.16,9.4,24.1,5.8
cryptic-beechnut-h132,1006,full,9,32.372972972972974,19.30342342342342,6.731081081081081,6.4421621621621625,28.99,6.7,19.3,4.0
cryptic-beechnut-h132,1006,full,10,83.4972972972973,10.860156931124674,1.9408020924149956,2.7615518744551,86.06,2.0,10.9,1.2
cryptic-beechnut-h132,1006,full,11,163.2216216216216,3.4955855855855855,-2.3887387387387387,-0.8043243243243243,157.12,-2.5,3.2,-1.9
cryptic-beechnut-h132,1006,full,12,166.65135135135134,-0.5811682650392328,-5.52972972972973,-3.575675675675676,177.99,-5.6,-0.7,-4.5
cryptic-beechnut-h132,1006,assessment,1,136.31428571428572,0.33732718894009217,-5.421658986175115,-3.2589861751152074,168.31,-5.3,0.3,-4.3
cryptic-beechnut-h132,1006,assessment,2,96.24285714285715,1.8909090909090909,-4.874242424242424,-3.0964646464646464,118.15,-4.7,2.3,-4.3
cryptic-beechnut-h132,1006,assessment,3,82.51428571428572,5.063594470046083,-3.6465437788018433,-1.576036866359447,101.22,-3.3,5.5,-3.2
cryptic-beechnut-h132,1006,assessment,4,44.51428571428572,9.543809523809523,-1.0433333333333332,0.6076190476190476,57.05,-1.1,9.5,-1.6
cryptic-beechnut-h132,1006,assessment,5,54.25714285714286,14.889400921658986,2.5193548387096776,3.5087557603686634,44.03,2.4,14.7,1.6
cryptic-beechnut-h132,1006,assessment,6,43.41428571428571,18.21,4.907619047619047,5.7509523809523815,31.48,5.1,18.3,4.0
cryptic-beechnut-h132,1006,assessment,7,13.857142857142858,23.082488479262672,8.605069124423963,8.478801843317973,13.51,8.9,23.8,5.7
cryptic-beechnut-h132,1006,assessment,8,8.0,24.021658986175115,9.121658986175115,8.311981566820277,12.16,9.4,24.1,5.8
cryptic-beechnut-h132,1006,assessment,9,49.34285714285715,19.297619047619047,6.68,6.242380952380953,28.99,6.7,19.3,4.0
cryptic-beechnut-h132,1006,assessment,10,78.5,10.420276497695852,1.7345622119815667,2.5788018433179722,86.06,2.0,10.9,1.2
cryptic-beechnut-h132,1006,assessment,11,178.6142857142857,3.7095238095238097,-2.239047619047619,-0.5695238095238095,157.12,-2.5,3.2,-1.9
cryptic-beechnut-h132,1006,assessment,12,189.58571428571426,-0.9032258064516129,-5.822119815668203,-3.8792626728110595,177.99,-5.6,-0.7,-4.5
cryptic-beechnut-h132,1007,full,1,164.61891891891892,0.3959023539668701,-5.271229293809939,-3.1544027898866607,168.31,-5.3,0.3,-4.3
cryptic-beechnut-h132,1007,full,2,123.5891891891892,2.197129186602871,-4.732248803827751,-2.908803827751196,118.15,-4.7,2.3,-4.3
cryptic-beechnut-h132,1007,full,3,98.6891891891892,5.465998256320837,-3.2820401046207497,-1.2979075850043593,101.22,-3.3,5.5,-3.2
cryptic-beechnut-h132,1007,full,4,64.1891891891892,9.333603603603603,-1.1933333333333334,0.284954954954955,57.05,-1.1,9.5,-1.6
cryptic-beechnut-h132,1007,full,5,45.321621621621624,14.588578901482126,2.3227550130775936,3.265911072362685,44.03,2.4,14.7,1.6
cryptic-beechnut-h132,1007,full,6,30.41351351351351,18.183513513513514,5.005135135135135,6.088648648648649,31.48,5.1,18.3,4.0
cryptic-beechnut-h132,1007,full,7,13.964864864864866,23.51891891891892,8.693635571054926,8.523452484742807,13.51,8.9,23.8,5.7
cryptic-beechnut-h132,1007,full,8,9.14054054054054,23.901656495204882,9.246033129904099,8.525196163905841,12.16,9.4,24.1,5.8
cryptic-beechnut-h132,1007,full,9,32.51891891891892,19.309279279279277,6.764594594594595,6.445225225225225,28.99,6.7,19.3,4.0
cryptic-beechnut-h132,1007,full,10,89.56216216216217,10.907846556233652,1.9468177855274629,2.789276373147341,86.06,2.0,10.9,1.2
cryptic-beechnut-h132,1007,full,11,148.44864864864866,3.4033333333333333,-2.469099099099099,-0.9021621621621622,157.12,-2.5,3.2,-1.9
cryptic-beechnut-h132,1007,full,12,175.2108108108108,-0.6745422842197036,-5.571490845684394,-3.6300784655623364,177.99,-5.6,-0.7,-4.5
cryptic-beechnut-h132,1007,assessment,1,161.74285714285716,0.2894009216589861,-5.415668202764977,-3.305069124423963,168.31,-5.3,0.3,-4.3
cryptic-beechnut-h132,1007,assessment,2,116.62857142857142,2.095959595959596,-4.797474747474747,-2.8444444444444446,118.15,-4.7,2.3,-4.3
cryptic-beechnut-h132,1007,assessment,3,81.31428571428572,5.278341013824885,-3.4442396313364054,-1.568663594470046,101.22,-3.3,5.5,-3.2
cryptic-beechnut-h132,1007,assessment,4,78.2,8.991904761904761,-1.2266666666666668,0.20952380952380953,57.05,-1.1,9.5,-1.6
cryptic-beechnut-h132,1007,assessment,5,60.285714285714285,14.739170506912442,2.3907834101382486,3.266820276497696,44.03,2.4,14.7,1.6
cryptic-beechnut-h132,1007,assessment,6,28.142857142857142,17.998571428571427,4.737142857142857,5.905714285714286,31.48,5.1,18.3,4.0
cryptic-beechnut-h132,1007,assessment,7,22.157142857142855,23.487557603686636,8.802764976958526,8.51705069124424,13.51,8.9,23.8,5.7
cryptic-beechnut-h132,1007,assessment,8,15.485714285714286,23.944700460829495,9.336405529953916,8.642396313364056,12.16,9.4,24.1,5.8
cryptic-beechnut-h132,1007,assessment,9,21.12857142857143,19.542857142857144,6.89095238095238,6.445714285714285,28.99,6.7,19.3,4.0
cryptic-beechnut-h132,1007,assessment,10,107.45714285714287,10.82672811059908,1.816589861751152,2.776036866359447,86.06,2.0,10.9,1.2
cryptic-beechnut-h132,1007,assessment,11,138.3,3.1523809523809523,-2.566190476190476,-1.0457142857142856,157.12,-2.5,3.2,-1.9
cryptic-beechnut-h132,1007,assessment,12,176.94285714285712,-0.6870967741935483,-5.548387096774194,-3.5838709677419356,177.99,-5.6,-0.7,-4.5
cryptic-beechnut-h132,1008,full,1,161.07297297297296,0.6199651264167393,-5.036617262423714,-2.958064516129032,168.31,-5.3,0.3,-4.3
cryptic-beechnut-h132,1008,full,2,116.67297297297296,2.214258373205742,-4.737799043062201,-2.97933014354067,118.15,-4.7,2.3,-4.3
cryptic-beechnut-h132,1008,full,3,102.54054054054055,5.4663469921534436,-3.279424585876199,-1.300348735832607,101.22,-3.3,5.5,-3.2
cryptic-beechnut-h132,1008,full,4,61.024324324324326,9.253603603603604,-1.2186486486486487,0.2782882882882883,57.05,-1.1,9.5,-1.6
cryptic-beechnut-h132,1008,full,5,46.26756756756757,14.55335658238884,2.3210985178727115,3.298169136878814,44.03,2.4,14.7,1.6
cryptic-beechnut-h132,1008,full,6,37.63513513513514,18.254594594594593,5.051351351351351,6.121711711711712,31.48,5.1,18.3,4.0
cryptic-beechnut-h132,1008,full,7,13.232432432432432,23.606277244986924,8.750130775937228,8.639843068875326,13.51,8.9,23.8,5.7
cryptic-beechnut-h132,1008,full,8,8.732432432432432,23.79084568439407,9.154489973844813,8.431560592850916,12.16,9.4,24.1,5.8
cryptic-beechnut-h132,1008,full,9,33.137837837837836,19.33072072072072,6.722972972972973,6.415135135135135,28.99,6.7,19.3,4.0
cryptic-beechnut-h132,1008,full,10,80.64594594594595,10.950479511769835,1.9994768962510898,2.835483870967742,86.06,2.0,10.9,1.2
cryptic-beechnut-h132,1008,full,11,166.89729729729729,3.425315315315315,-2.4445945945945944,-0.9075675675675675,157.12,-2.5,3.2,-1.9
cryptic-beechnut-h132,1008,full,12,177.44864864864866,-0.5229293809938971,-5.441150828247602,-3.514821272885789,177.99,-5.6,-0.7,-4.5
cryptic-beechnut-h132,1008,assessment,1,162.20000000000002,0.3723502304147465,-5.32258064516129,-3.228110599078341,168.31,-5.3,0.3,-4.3
cryptic-beechnut-h132,1008,assessment,2,122.35714285714286,2.249494949494949,-4.620707070707071,-2.9631313131313135,118.15,-4.7,2.3,-4.3
cryptic-beechnut-h132,1008,assessment,3,112.57142857142857,5.217972350230415,-3.4612903225806453,-1.6004608294930875,101.22,-3.3,5.5,-3.2
cryptic-beechnut-h132,1008,assessment,4,62.1,9.471428571428572,-0.9928571428571429,0.39809523809523806,57.05,-1.1,9.5,-1.6
cryptic-beechnut-h132,1008,assessment,5,47.58571428571429,14.304608294930874,2.0092165898617513,2.897695852534562,44.03,2.4,14.7,1.6
cryptic-beechnut-h132,1008,assessment,6,41.81428571428571,17.989047619047618,4.9695238095238095,6.275714285714286,31.48,5.1,18.3,4.0
cryptic-beechnut-h132,1008,assessment,7,25.0,23.92396313364055,8.785714285714286,8.905069124423964,13.51,8.9,23.8,5.7
cryptic-beechnut-h132,1008,assessment,8,3.8714285714285714,24.05898617511521,9.282488479262673,8.555299539170507,12.16,9.4,24.1,5.8
cryptic-beechnut-h132,1008,assessment,9,37.31428571428571,19.334285714285713,6.689523809523809,6.398095238095237,28.99,6.7,19.3,4.0
cryptic-beechnut-h132,1008,assessment,10,67.35714285714286,11.01889400921659,2.176036866359447,3.0400921658986175,86.06,2.0,10.9,1.2
cryptic-beechnut-h132,1008,assessment,11,170.44285714285712,3.447619047619048,-2.4833333333333334,-0.93,157.12,-2.5,3.2,-1.9
cryptic-beechnut-h132,1008,assessment,12,181.15714285714284,-0.44608294930875575,-5.401382488479262,-3.491705069124424,177.99,-5.6,-0.7,-4.5
cryptic-beechnut-h132,1009,full,1,167.01351351351352,0.518918918918919,-5.1590235396687,-3.0521360069747168,168.31,-5.3,0.3,-4.3
cryptic-beechnut-h132,1009,full,2,120.4027027027027,2.154354066985646,-4.808325358851675,-3.0031578947368422,118.15,-4.7,2.3,-4.3
cryptic-beechnut-h132,1009,full,3,101.75135135135136,5.54821272885789,-3.2826503923278114,-1.2661726242371403,101.22,-3.3,5.5,-3.2
cryptic-beechnut-h132,1009,full,4,59.21081081081081,9.31162162162162,-1.2195495495495496,0.2975675675675676,57.05,-1.1,9.5,-1.6
cryptic-beechnut-h132,1009,full,5,49.027027027027025,14.597994768962511,2.3620749782040105,3.319529206625981,44.03,2.4,14.7,1.6
cryptic-beechnut-h132,1009,full,6,26.313513513513513,18.152162162162163,4.9955855855855855,6.052792792792793,31.48,5.1,18.3,4.0
cryptic-beechnut-h132,1009,full,7,13.302702702702703,23.489886660854403,8.758064516129032,8.602789886660855,13.51,8.9,23.8,5.7
cryptic-beechnut-h132,1009,full,8,7.878378378378378,23.78308631211857,9.167567567567568,8.457802964254578,12.16,9.4,24.1,5.8
cryptic-beechnut-h132,1009,full,9,27.1,19.303873873873872,6.755405405405406,6.504594594594595,28.99,6.7,19.3,4.0
cryptic-beechnut-h132,1009,full,10,84.16756756756756,10.932519616390584,1.9967741935483874,2.7801220575414125,86.06,2.0,10.9,1.2
cryptic-beechnut-h132,1009,full,11,152.3,3.4687387387387387,-2.4308108108108106,-0.8786486486486487,157.12,-2.5,3.2,-1.9
cryptic-beechnut-h132,1009,full,12,180.9081081081081,-0.6426329555361814,-5.5966870095902355,-3.646207497820401,177.99,-5.6,-0.7,-4.5
cryptic-beechnut-h132,1009,assessment,1,169.94285714285712,0.4534562211981567,-5.1649769585253456,-3.117972350230415,168.31,-5.3,0.3,-4.3
cryptic-beechnut-h132,1009,assessment,2,138.6,2.2994949494949495,-4.734343434343434,-2.8025252525252524,118.15,-4.7,2.3,-4.3
cryptic-beechnut-h132,1009,assessment,3,100.62857142857142,5.792626728110599,-3.252073732718894,-1.2658986175115208,101.22,-3.3,5.5,-3.2
cryptic-beechnut-h132,1009,assessment,4,52.05714285714286,9.432857142857143,-1.3547619047619048,0.1847619047619048,57.05,-1.1,9.5,-1.6
cryptic-beechnut-h132,1009,assessment,5,40.785714285714285,14.394930875576035,2.2797235023041473,3.2202764976958522,44.03,2.4,14.7,1.6
cryptic-beechnut-h132,1009,assessment,6,21.885714285714283,17.805714285714284,4.976666666666667,6.17047619047619,31.48,5.1,18.3,4.0
cryptic-beechnut-h132,1009,assessment,7,8.385714285714286,23.55852534562212,8.859907834101381,8.485714285714286,13.51,8.9,23.8,5.7
cryptic-beechnut-h132,1009,assessment,8,11.014285714285714,23.667741935483868,9.132718894009216,8.426728110599077,12.16,9.4,24.1,5.8
cryptic-beechnut-h132,1009,assessment,9,29.742857142857144,19.031904761904762,6.4819047619047625,6.197619047619048,28.99,6.7,19.3,4.0
cryptic-beechnut-h132,1009,assessment,10,75.91428571428571,10.984331797235022,1.891705069124424,2.7235023041474653,86.06,2.0,10.9,1.2
cryptic-beechnut-h132,1009,assessment,11,174.1285714285714,3.3657142857142857,-2.414285714285714,-0.8442857142857143,157.12,-2.5,3.2,-1.9
cryptic-beechnut-h132,1009,assessment,12,190.31428571428572,-0.9769585253456221,-5.8990783410138246,-3.9838709677419355,177.99,-5.6,-0.7,-4.5
cryptic-beechnut-h132,1010,full,1,158.8945945945946,0.39816913687881433,-5.30104620749782,-3.2190932868352227,168.31,-5.3,0.3,-4.3
cryptic-beechnut-h132,1010,full,2,114.46486486486486,2.2439234449760765,-4.787846889952153,-2.9950239234449763,118.15,-4.7,2.3,-4.3
cryptic-beechnut-h132,1010,full,3,103.08648648648648,5.467916303400174,-3.296774193548387,-1.2681778552746295,101.22,-3.3,5.5,-3.2
cryptic-beechnut-h132,1010,full,4,60.0027027027027,9.31981981981982,-1.2009909909909908,0.3344144144144144,57.05,-1.1,9.5,-1.6
cryptic-beechnut-h132,1010,full,5,45.27297297297297,14.687968613775064,2.42048823016565,3.389799476896251,44.03,2.4,14.7,1.6
cryptic-beechnut-h132,1010,full,6,34.8027027027027,18.305315315315315,5.069189189189189,6.068198198198198,31.48,5.1,18.3,4.0
cryptic-beechnut-h132,1010,full,7,13.610810810810811,23.534437663469923,8.791020052310374,8.656495204882301,13.51,8.9,23.8,5.7
cryptic-beechnut-h132,1010,full,8,8.386486486486486,23.698866608544026,9.156059285091542,8.467567567567567,12.16,9.4,24.1,5.8
cryptic-beechnut-h132,1010,full,9,27.16216216216216,19.23855855855856,6.690540540540541,6.381981981981982,28.99,6.7,19.3,4.0
cryptic-beechnut-h132,1010,full,10,79.2945945945946,10.91386224934612,1.9605928509154318,2.7265911072362687,86.06,2.0,10.9,1.2
cryptic-beechnut-h132,1010,full,11,154.88378378378377,3.4558558558558556,-2.437837837837838,-0.8832432432432432,157.12,-2.5,3.2,-1.9
cryptic-beechnut-h132,1010,full,12,166.7081081081081,-0.572972972972973,-5.520052310374891,-3.5519616390584132,177.99,-5.6,-0.7,-4.5
cryptic-beechnut-h132,1010,assessment,1,147.57142857142858,0.18248847926267284,-5.501843317972351,-3.4221198156682027,168.31,-5.3,0.3,-4.3
cryptic-beechnut-h132,1010,assessment,2,116.39999999999999,2.0717171717171716,-4.813131313131313,-2.936363636363636,118.15,-4.7,2.3,-4.3
cryptic-beechnut-h132,1010,assessment,3,103.12857142857142,5.182488479262672,-3.3585253456221196,-1.3649769585253455,101.22,-3.3,5.5,-3.2
cryptic-beechnut-h132,1010,assessment,4,71.22857142857143,9.640952380952381,-1.2004761904761905,0.4447619047619048,57.05,-1.1,9.5,-1.6
cryptic-beechnut-h132,1010,assessment,5,42.642857142857146,14.714746543778801,2.5258064516129033,3.4990783410138246,44.03,2.4,14.7,1.6
cryptic-beechnut-h132,1010,assessment,6,36.714285714285715,18.6,5.241428571428572,6.049047619047619,31.48,5.1,18.3,4.0
cryptic-beechnut-h132,1010,assessment,7,18.3,23.650230414746545,8.859447004608295,8.832258064516129,13.51,8.9,23.8,5.7
cryptic-beechnut-h132,1010,assessment,8,2.3857142857142857,23.599999999999998,9.080645161290322,8.361751152073733,12.16,9.4,24.1,5.8
cryptic-beechnut-h132,1010,assessment,9,21.014285714285712,19.045238095238094,6.644285714285714,6.310952380952381,28.99,6.7,19.3,4.0
cryptic-beechnut-h132,1010,assessment,10,72.31428571428572,11.087557603686635,1.9410138248847926,2.7829493087557604,86.06,2.0,10.9,1.2
cryptic-beechnut-h132,1010,assessment,11,155.05714285714288,3.5314285714285716,-2.4366666666666665,-0.8023809523809524,157.12,-2.5,3.2,-1.9
cryptic-beechnut-h132,1010,assessment,12,162.82857142857142,-0.5792626728110598,-5.552073732718894,-3.5884792626728115,177.99,-5.6,-0.7,-4.5
