{
  "closure_reconstructed_with_enriched_storage_mm": null,
  "closure_reconstructed_with_storage_mm": {
    "max_abs": 541.6002047684733,
    "p50": 0.0072543016576371855,
    "p90": 0.20740349181636827,
    "p95": 2.0772817831837735,
    "p99": 9.756166416607083
  },
  "closure_reported_with_storage_mm": {
    "max_abs": 541.6002047684733,
    "p50": 0.0072543016576371855,
    "p90": 0.20740349181636827,
    "p95": 2.0772817831837735,
    "p99": 9.756166416607083
  },
  "date_max": {
    "day_of_month": 31,
    "julian": 366,
    "month": 12,
    "year": 2020
  },
  "date_min": {
    "day_of_month": 1,
    "julian": 1,
    "month": 1,
    "year": 1987
  },
  "max_reconstructed_runoff_mm": 722.4103546234194,
  "max_reported_runoff_day": {
    "day_of_month": 6,
    "julian": 37,
    "month": 2,
    "precip_reported_mm": 118.96787718501193,
    "rain_melt_reported_mm": 170.91910181414116,
    "reconstructed_runoff_mm": 722.4103546234194,
    "reported_runoff_mm": 722.4103546234194,
    "runoff_consistency_mm": 0.0,
    "year": 1996
  },
  "max_reported_runoff_mm": 722.4103546234194,
  "max_runoff_to_precip_reconstructed_pct": 79413.84253448746,
  "max_runoff_to_precip_reported_pct": 79413.84253448746,
  "rows": 12419,
  "runoff_consistency_mm": {
    "max_abs": 0.0,
    "p50": 0.0,
    "p90": 0.0,
    "p95": 0.0,
    "p99": 0.0
  },
  "source": "/wc1/runs/un/uncapped-spectacular/wepp/output/interchange/totalwatsed3.parquet",
  "whole_run_closure": {
    "closure_reconstructed_basic_total_mm": -13639.997740880686,
    "closure_reconstructed_with_enriched_storage_pct_of_rain_melt": null,
    "closure_reconstructed_with_enriched_storage_total_mm": null,
    "closure_reconstructed_with_storage_pct_of_rain_melt": -16.85584446089296,
    "closure_reconstructed_with_storage_total_mm": -13813.464758538434,
    "closure_reported_basic_total_mm": -13639.997740880686,
    "closure_reported_with_enriched_storage_pct_of_rain_melt": null,
    "closure_reported_with_enriched_storage_total_mm": null,
    "closure_reported_with_storage_pct_of_rain_melt": -16.85584446089296,
    "closure_reported_with_storage_total_mm": -13813.464758538434,
    "enriched_storage_available": false,
    "enriched_storage_change_mm": null,
    "et_reconstructed_total_mm": 25728.616660952423,
    "et_reported_total_mm": 25728.616660952423,
    "lateral_reconstructed_total_mm": 38852.165811375635,
    "lateral_reported_total_mm": 38852.165811375635,
    "mean_abs_daily_closure_reconstructed_with_enriched_storage_mm": null,
    "mean_abs_daily_closure_reconstructed_with_storage_mm": 1.8771723743242896,
    "mean_abs_daily_closure_reported_with_enriched_storage_mm": null,
    "mean_abs_daily_closure_reported_with_storage_mm": 1.8771723743242896,
    "mean_daily_closure_reconstructed_with_storage_mm": -1.1122847860969831,
    "mean_daily_closure_reported_with_storage_mm": -1.1122847860969831,
    "percolation_reconstructed_total_mm": 218.32364585016268,
    "percolation_reported_total_mm": 218.32364585016268,
    "precip_total_mm": 82119.95658473804,
    "rain_melt_total_mm": 81950.59458804858,
    "runoff_reconstructed_total_mm": 30791.48621075106,
    "runoff_reported_total_mm": 30791.48621075106,
    "storage_change_mm": 173.46701765774878
  }
}