 OFE DD MM YYYY  Precip   Runoff   EffInt PeakRO  EffDur Enrich    Keff   Sm  LeafArea  CanHgt  Cancov IntCov  RilCov  LivBio DeadBio  Ki    Kr     Tcrit RilWid   SedLeave
 na  na na  na     mm       mm     mm/h    mm/h      h    Ratio    mm/h   mm    Index    m       %       %       %     Kg/m^2  Kg/m^2  na    na      na     m       kg/m
  1  1  1 1980    0.000    0.000   0.000   0.000   0.000 0.000  35.000 157.210   2.506  0.455   70.000   90.000   90.000    0.086  0.461  0.030  0.010  2.000  0.150    0.000
  1  9  1 1980   76.000   37.074   0.000   5.222   7.100 1.001  35.000 203.472   2.506  0.455   70.000   90.000   90.000    0.086  0.461  0.030  0.010  2.000  0.150    1.596
  1 10  1 1980   34.900   15.133   0.000   2.402   6.300 1.001  35.000 219.056   2.506  0.455   70.000   90.000   90.000    0.086  0.461  0.030  0.010  2.000  0.150    0.088
  1 11  1 1980   41.600   18.513   0.000   6.857   2.700 1.001  35.000 234.452   2.506  0.455   70.000   90.000   90.000    0.086  0.461  0.030  0.010  2.000  0.150    0.949
  1 15  1 1980    8.900    0.000   0.000   0.000   0.000 0.000  35.000 227.627   2.506  0.455   70.000   90.000   90.000    0.086  0.461  0.030  0.010  2.000  0.150    0.000
  1 28  1 1980   68.100   13.675   0.000   2.580   5.300 1.001  35.000 213.163   2.506  0.455   70.000   90.000   90.000    0.086  0.461  0.030  0.010  2.000  0.150    0.108
  1 29  1 1980   41.100   18.456   0.000   1.453  12.700 1.001  35.000 228.750   2.506  0.455   70.000   90.000   90.000    0.086  0.461  0.030  0.010  2.000  0.150    0.000
  1  1  2 1980    0.000    0.000   0.000   0.000   0.000 0.000  35.000 201.997   2.506  0.455   70.000   90.000   90.000    0.086  0.461  0.030  0.010  2.000  0.150    0.000
  1 13  2 1980   66.000    5.064   0.000   0.921   5.500 1.001  35.000 205.227   2.506  0.455   70.000   90.000   90.000    0.086  0.461  0.030  0.010  2.000  0.150    0.000
  1 14  2 1980   82.400   59.883  46.731  94.054   0.637 1.001  35.000 221.895   2.506  0.455   70.000   90.000   90.000    0.086  0.461  0.030  0.010  2.000  0.238    2.692
  1 15  2 1980  115.700   89.906  62.662  97.385   0.923 1.001  35.000 238.390   2.506  0.455   70.000   90.000   90.000    0.086  0.461  0.030  0.010  2.000  0.240    4.017
  1 16  2 1980   54.300   29.538  34.852   3.559   8.300 1.001  35.000 248.696   2.506  0.455   70.000   90.000   90.000    0.086  0.461  0.030  0.010  2.000  0.240    0.139
  1 17  2 1980   54.800   37.953  36.621 133.012   0.285 1.001  32.400 248.726   2.506  0.455   70.000   90.000   90.000    0.086  0.461  0.030  0.010  2.000  0.264    1.598
  1 18  2 1980   55.100   38.232   0.000   7.496   5.100 1.001  32.400 248.617   2.506  0.455   70.000   90.000   90.000    0.086  0.461  0.030  0.010  2.000  0.264    1.503
  1 19  2 1980   20.200    3.161   0.000   0.465   6.800 1.001  32.400 248.472   2.506  0.455   70.000   90.000   90.000    0.086  0.461  0.030  0.010  2.000  0.264    0.000
  1 20  2 1980   18.700    1.564   0.000   0.340   4.600 1.001  32.400 248.529   2.506  0.455   70.000   90.000   90.000    0.086  0.461  0.030  0.010  2.000  0.264    0.000
  1  1  3 1980    7.300    0.000   0.000   0.000   0.000 0.000  35.000 169.912   2.506  0.455   70.000   90.000   90.000    0.086  0.461  0.030  0.010  2.000  0.264    0.000
  1  2  3 1980   64.100   10.575   0.000   1.627   6.500 1.001  35.000 217.945   2.506  0.455   70.000   90.000   90.000    0.086  0.461  0.030  0.010  2.000  0.264    0.000
  1 15  3 1980    0.000    0.000   0.000   0.000   0.000 0.000  35.000 158.862   2.506  0.455   70.000   90.000   90.000    0.086  0.461  0.030  0.010  2.000  0.264    0.000
  1  1  4 1980    0.000    0.000   0.000   0.000   0.000 0.000  35.000 132.625   2.506  0.455   70.000   90.000   90.000    0.086  0.461  0.030  0.010  2.000  0.264    0.000
  1 15  4 1980    0.000    0.000   0.000   0.000   0.000 0.000  35.000  93.510   2.506  0.455   70.000   90.001   90.001    0.086  0.461  0.030  0.010  2.000  0.264    0.000
  1  1  5 1980    0.000    0.000   0.000   0.000   0.000 0.000  35.000  75.904   2.506  0.455   70.000   90.001   90.001    0.086  0.461  0.030  0.010  2.000  0.264    0.000
  1 15  5 1980    0.000    0.000   0.000   0.000   0.000 0.000  35.000  72.349   2.506  0.455   70.000   90.001   90.001    0.086  0.461  0.030  0.010  2.000  0.264    0.000
  1  1  6 1980    0.000    0.000   0.000   0.000   0.000 0.000  35.000  72.331   2.506  0.455   70.000   90.001   90.001    0.086  0.461  0.030  0.010  2.000  0.264    0.000
  1 15  6 1980    0.000    0.000   0.000   0.000   0.000 0.000  35.000  72.331   2.506  0.455   70.000   90.001   90.001    0.086  0.461  0.030  0.010  2.000  0.264    0.000
  1  1  7 1980    0.000    0.000   0.000   0.000   0.000 0.000  35.000  72.331   2.506  0.455   70.000   90.001   90.001    0.086  0.461  0.030  0.010  2.000  0.264    0.000
  1 15  7 1980    0.000    0.000   0.000   0.000   0.000 0.000  35.000  72.331   2.506  0.455   70.000   90.001   90.001    0.086  0.461  0.030  0.010  2.000  0.264    0.000
  1  1  8 1980    0.000    0.000   0.000   0.000   0.000 0.000  35.000  72.331   2.506  0.455   70.000   90.001   90.001    0.086  0.461  0.030  0.010  2.000  0.264    0.000
  1 15  8 1980    0.000    0.000   0.000   0.000   0.000 0.000  35.000  72.331   2.506  0.455   70.000   90.001   90.001    0.086  0.461  0.030  0.010  2.000  0.264    0.000
  1  1  9 1980    0.000    0.000   0.000   0.000   0.000 0.000  35.000  72.331   2.506  0.455   70.000   90.001   90.001    0.086  0.461  0.030  0.010  2.000  0.264    0.000
  1 15  9 1980    0.000    0.000   0.000   0.000   0.000 0.000  35.000  72.331   2.506  0.455   70.000   90.001   90.001    0.086  0.461  0.030  0.010  2.000  0.264    0.000
  1  1 10 1980    0.000    0.000   0.000   0.000   0.000 0.000  35.000  72.331   2.506  0.455   70.000   90.001   90.001    0.086  0.461  0.030  0.010  2.000  0.264    0.000
  1 15 10 1980    0.000    0.000   0.000   0.000   0.000 0.000  35.000  72.331   2.506  0.455   70.000   90.001   90.001    0.086  0.461  0.030  0.010  2.000  0.264    0.000
  1  1 11 1980    0.000    0.000   0.000   0.000   0.000 0.000  35.000  72.331   2.506  0.455   70.000   90.002   90.002    0.086  0.461  0.030  0.010  2.000  0.264    0.000
  1 15 11 1980    0.000    0.000   0.000   0.000   0.000 0.000  35.000  72.331   2.506  0.455   70.000   90.002   90.002    0.086  0.461  0.030  0.010  2.000  0.264    0.000
  1  1 12 1980    0.000    0.000   0.000   0.000   0.000 0.000  35.000  72.331   2.506  0.455   70.000   90.002   90.002    0.086  0.461  0.030  0.010  2.000  0.264    0.000
  1 15 12 1980    0.000    0.000   0.000   0.000   0.000 0.000  35.000 115.260   2.506  0.455   70.000   90.002   90.002    0.086  0.461  0.030  0.010  2.000  0.264    0.000
  1  1  1 1981    0.000    0.000   0.000   0.000   0.000 0.000  35.000  92.437   2.506  0.455   70.000   90.002   90.002    0.086  0.461  0.030  0.010  2.000  0.264    0.000
  1 15  1 1981    0.000    0.000   0.000   0.000   0.000 0.000  35.000  78.265   2.506  0.455   70.000   90.002   90.002    0.086  0.461  0.030  0.010  2.000  0.264    0.000
  1 28  1 1981   57.100   22.403   0.000   4.978   4.500 1.001  35.000 147.434   2.506  0.455   70.000   90.002   90.002    0.086  0.461  0.030  0.010  2.000  0.264    0.319
  1  1  2 1981    0.000    0.000   0.000   0.000   0.000 0.000  35.000 156.737   2.506  0.455   70.000   90.002   90.002    0.086  0.461  0.030  0.010  2.000  0.264    0.000
  1 15  2 1981    0.000    0.000   0.000   0.000   0.000 0.000  35.000 147.870   2.506  0.455   70.000   90.002   90.002    0.086  0.461  0.030  0.010  2.000  0.264    0.000
  1  1  3 1981   50.100    8.682   0.000   3.775   2.300 1.001  35.000 192.124   2.506  0.455   70.000   90.002   90.002    0.086  0.461  0.030  0.010  2.000  0.264    0.033
  1  2  3 1981   20.200    0.611   0.000   0.255   2.400 1.001  35.000 207.162   2.506  0.455   70.000   90.002   90.002    0.086  0.461  0.030  0.010  2.000  0.264    0.000
  1 15  3 1981    0.000    0.000   0.000   0.000   0.000 0.000  35.000 157.803   2.506  0.455   70.000   90.002   90.002    0.086  0.461  0.030  0.010  2.000  0.264    0.000
  1  1  4 1981    2.000    0.000   0.000   0.000   0.000 0.000  35.000 142.629   2.506  0.455   70.000   90.002   90.002    0.086  0.461  0.030  0.010  2.000  0.264    0.000
  1 15  4 1981    0.000    0.000   0.000   0.000   0.000 0.000  35.000 108.052   2.506  0.455   70.000   90.002   90.002    0.086  0.461  0.030  0.010  2.000  0.264    0.000
  1  1  5 1981    0.000    0.000   0.000   0.000   0.000 0.000  35.000  74.237   2.506  0.455   70.000   90.002   90.002    0.086  0.461  0.030  0.010  2.000  0.264    0.000
  1 15  5 1981    0.000    0.000   0.000   0.000   0.000 0.000  35.000  72.337   2.506  0.455   70.000   90.003   90.003    0.086  0.461  0.030  0.010  2.000  0.264    0.000
  1  1  6 1981    0.000    0.000   0.000   0.000   0.000 0.000  35.000  72.331   2.506  0.455   70.000   90.003   90.003    0.086  0.461  0.030  0.010  2.000  0.264    0.000
  1 15  6 1981    0.000    0.000   0.000   0.000   0.000 0.000  35.000  72.331   2.506  0.455   70.000   90.003   90.003    0.086  0.461  0.030  0.010  2.000  0.264    0.000
  1  1  7 1981    0.000    0.000   0.000   0.000   0.000 0.000  35.000  72.331   2.506  0.455   70.000   90.003   90.003    0.086  0.461  0.030  0.010  2.000  0.264    0.000
  1 15  7 1981    0.000    0.000   0.000   0.000   0.000 0.000  35.000  72.331   2.506  0.455   70.000   90.003   90.003    0.086  0.461  0.030  0.010  2.000  0.264    0.000
  1  1  8 1981    0.000    0.000   0.000   0.000   0.000 0.000  35.000  72.331   2.506  0.455   70.000   90.003   90.003    0.086  0.461  0.030  0.010  2.000  0.264    0.000
  1 15  8 1981    0.000    0.000   0.000   0.000   0.000 0.000  35.000  72.331   2.506  0.455   70.000   90.003   90.003    0.086  0.461  0.030  0.010  2.000  0.264    0.000
  1  1  9 1981    0.000    0.000   0.000   0.000   0.000 0.000  35.000  72.331   2.506  0.455   70.000   90.003   90.003    0.086  0.461  0.030  0.010  2.000  0.264    0.000
  1 15  9 1981    0.000    0.000   0.000   0.000   0.000 0.000  35.000  72.331   2.506  0.455   70.000   90.003   90.003    0.086  0.461  0.030  0.010  2.000  0.264    0.000
  1  1 10 1981    7.400    0.000   0.000   0.000   0.000 0.000  35.000  77.258   2.506  0.455   70.000   90.003   90.003    0.086  0.461  0.030  0.010  2.000  0.264    0.000
  1 15 10 1981    0.000    0.000   0.000   0.000   0.000 0.000  35.000  72.331   2.506  0.455   70.000   90.003   90.003    0.086  0.461  0.030  0.010  2.000  0.264    0.000
  1  1 11 1981    0.000    0.000   0.000   0.000   0.000 0.000  35.000  72.461   2.506  0.455   70.000   90.003   90.003    0.086  0.461  0.030  0.010  2.000  0.264    0.000
  1 15 11 1981    0.000    0.000   0.000   0.000   0.000 0.000  35.000  72.643   2.506  0.455   70.000   90.003   90.003    0.086  0.461  0.030  0.010  2.000  0.264    0.000
  1 27 11 1981   59.100    4.621  86.684  10.411   0.444 1.001  35.000 137.536   2.506  0.455   70.000   90.004   90.004    0.086  0.461  0.030  0.010  2.000  0.264    0.246
  1  1 12 1981    0.000    0.000   0.000   0.000   0.000 0.000  35.000 145.114   2.506  0.455   70.000   90.004   90.004    0.086  0.461  0.030  0.010  2.000  0.264    0.000
  1 15 12 1981    0.000    0.000   0.000   0.000   0.000 0.000  35.000 123.284   2.506  0.455   70.000   90.004   90.004    0.086  0.461  0.030  0.010  2.000  0.264    0.000
  1  1  1 1982   21.200    0.000   0.000   0.000   0.000 0.000  35.000 144.420   2.506  0.455   70.000   90.004   90.004    0.086  0.461  0.030  0.010  2.000  0.264    0.000
  1 15  1 1982    0.000    0.000   0.000   0.000   0.000 0.000  35.000 146.024   2.506  0.455   70.000   90.004   90.004    0.086  0.461  0.030  0.010  2.000  0.264    0.000
  1 20  1 1982   53.300    1.252   0.000   0.212   5.900 1.001  35.000 195.318   2.506  0.455   70.000   90.004   90.004    0.086  0.461  0.030  0.010  2.000  0.264    0.000
  1  1  2 1982    0.000    0.000   0.000   0.000   0.000 0.000  35.000 154.879   2.506  0.455   70.000   90.004   90.004    0.086  0.461  0.030  0.010  2.000  0.264    0.000
  1 15  2 1982    0.500    0.000   0.000   0.000   0.000 0.000  35.000 145.059   2.506  0.455   70.000   90.004   90.004    0.086  0.461  0.030  0.010  2.000  0.264    0.000
  1  1  3 1982    7.900    0.000   0.000   0.000   0.000 0.000  35.000 128.392   2.506  0.455   70.000   90.004   90.004    0.086  0.461  0.030  0.010  2.000  0.264    0.000
  1 15  3 1982    9.500    0.000   0.000   0.000   0.000 0.000  35.000 182.976   2.506  0.455   70.000   90.004   90.004    0.086  0.461  0.030  0.010  2.000  0.264    0.000
  1 16  3 1982   52.800   22.703  46.100  66.074   0.344 1.001  35.000 208.997   2.506  0.455   70.000   90.004   90.004    0.086  0.461  0.030  0.010  2.000  0.264    1.234
  1 17  3 1982   36.600   14.643   0.000   8.135   1.800 1.001  35.000 224.152   2.506  0.455   70.000   90.004   90.004    0.086  0.461  0.030  0.010  2.000  0.264    0.635
  1  1  4 1982   23.400    0.006 106.466   0.131   0.049 1.001  35.000 202.291   2.506  0.455   70.000   90.004   90.004    0.086  0.461  0.030  0.010  2.000  0.264    0.000
  1 15  4 1982    0.000    0.000   0.000   0.000   0.000 0.000  35.000 162.467   2.506  0.455   70.000   90.004   90.004    0.086  0.461  0.030  0.010  2.000  0.264    0.000
  1  1  5 1982    0.000    0.000   0.000   0.000   0.000 0.000  35.000 107.954   2.506  0.455   70.000   90.004   90.004    0.086  0.461  0.030  0.010  2.000  0.264    0.000
  1 15  5 1982    0.000    0.000   0.000   0.000   0.000 0.000  35.000  74.550   2.506  0.455   70.000   90.004   90.004    0.086  0.461  0.030  0.010  2.000  0.264    0.000
  1  1  6 1982    0.000    0.000   0.000   0.000   0.000 0.000  35.000  72.333   2.506  0.455   70.000   90.004   90.004    0.086  0.461  0.030  0.010  2.000  0.264    0.000
  1 15  6 1982    0.000    0.000   0.000   0.000   0.000 0.000  35.000  72.331   2.506  0.455   70.000   90.005   90.005    0.086  0.461  0.030  0.010  2.000  0.264    0.000
  1  1  7 1982    0.000    0.000   0.000   0.000   0.000 0.000  35.000  72.331   2.506  0.455   70.000   90.005   90.005    0.086  0.461  0.030  0.010  2.000  0.264    0.000
  1 15  7 1982    0.000    0.000   0.000   0.000   0.000 0.000  35.000  72.331   2.506  0.455   70.000   90.005   90.005    0.086  0.461  0.030  0.010  2.000  0.264    0.000
  1  1  8 1982    0.000    0.000   0.000   0.000   0.000 0.000  35.000  72.331   2.506  0.455   70.000   90.005   90.005    0.086  0.461  0.030  0.010  2.000  0.264    0.000
  1 15  8 1982    0.000    0.000   0.000   0.000   0.000 0.000  35.000  72.331   2.506  0.455   70.000   90.005   90.005    0.086  0.461  0.030  0.010  2.000  0.264    0.000
  1  1  9 1982    0.000    0.000   0.000   0.000   0.000 0.000  35.000  72.331   2.506  0.455   70.000   90.005   90.005    0.086  0.461  0.030  0.010  2.000  0.264    0.000
  1 15  9 1982    1.500    0.000   0.000   0.000   0.000 0.000  35.000  72.675   2.506  0.455   70.000   90.005   90.005    0.086  0.461  0.030  0.010  2.000  0.264    0.000
  1  1 10 1982    0.000    0.000   0.000   0.000   0.000 0.000  35.000  75.834   2.506  0.455   70.000   90.005   90.005    0.086  0.461  0.030  0.010  2.000  0.264    0.000
  1 15 10 1982    0.000    0.000   0.000   0.000   0.000 0.000  35.000  72.331   2.506  0.455   70.000   90.005   90.005    0.086  0.461  0.030  0.010  2.000  0.264    0.000
  1  1 11 1982    0.000    0.000   0.000   0.000   0.000 0.000  35.000  72.837   2.506  0.455   70.000   90.005   90.005    0.086  0.461  0.030  0.010  2.000  0.264    0.000
  1  9 11 1982   98.900   28.862  93.617  91.069   0.317 1.001  35.000 139.428   2.506  0.455   70.000   90.005   90.005    0.086  0.461  0.030  0.010  2.000  0.264    1.411
  1 15 11 1982    0.000    0.000   0.000   0.000   0.000 0.000  35.000 139.623   2.506  0.455   70.000   90.005   90.005    0.086  0.461  0.030  0.010  2.000  0.264    0.000
  1 30 11 1982   79.200   48.325 114.916 114.653   0.421 1.001  35.000 207.467   2.506  0.455   70.000   90.005   90.005    0.086  0.461  0.030  0.010  2.000  0.264    2.164
  1  1 12 1982    0.000    0.000   0.000   0.000   0.000 0.000  35.000 203.963   2.506  0.455   70.000   90.005   90.005    0.086  0.461  0.030  0.010  2.000  0.264    0.000
  1 15 12 1982    0.000    0.000   0.000   0.000   0.000 0.000  35.000 151.350   2.506  0.455   70.000   90.005   90.005    0.086  0.461  0.030  0.010  2.000  0.264    0.000
  1 22 12 1982   67.200   24.437  50.571  91.950   0.266 1.001  35.000 209.187   2.506  0.455   70.000   90.005   90.005    0.086  0.461  0.030  0.010  2.000  0.264    1.191
  1  1  1 1983    0.000    0.000   0.000   0.000   0.000 0.000  35.000 164.656   2.506  0.455   70.000   90.006   90.006    0.086  0.461  0.030  0.010  2.000  0.264    0.000
  1 15  1 1983    0.000    0.000   0.000   0.000   0.000 0.000  35.000 134.581   2.506  0.455   70.000   90.006   90.006    0.086  0.461  0.030  0.010  2.000  0.264    0.000
  1 22  1 1983   81.800   43.291   0.000   7.337   5.900 1.001  35.000 209.331   2.506  0.455   70.000   90.006   90.006    0.086  0.461  0.030  0.010  2.000  0.264    1.653
  1 23  1 1983   38.600   16.997  54.343  52.864   0.322 1.001  35.000 224.550   2.506  0.455   70.000   90.006   90.006    0.086  0.461  0.030  0.010  2.000  0.264    0.983
  1 24  1 1983   40.600   15.165   0.000   7.221   2.100 1.001  35.000 240.406   2.506  0.455   70.000   90.006   90.006    0.086  0.461  0.030  0.010  2.000  0.264    0.566
  1 27  1 1983   87.400   50.916   0.000  14.143   3.600 1.001  35.000 248.530   2.506  0.455   70.000   90.006   90.006    0.086  0.461  0.030  0.010  2.000  0.264    3.103
  1 29  1 1983   49.000   29.071   0.000   5.591   5.200 1.001  35.000 248.573   2.506  0.455   70.000   90.006   90.006    0.086  0.461  0.030  0.010  2.000  0.264    0.637
  1  1  2 1983   17.200    0.000   0.000   0.000   0.000 0.000  35.000 227.021   2.506  0.455   70.000   90.006   90.006    0.086  0.461  0.030  0.010  2.000  0.264    0.000
  1 15  2 1983    0.000    0.000   0.000   0.000   0.000 0.000  35.000 170.012   2.506  0.455   70.000   90.006   90.006    0.086  0.461  0.030  0.010  2.000  0.264    0.000
  1 26  2 1983   47.300    4.240   0.000   1.060   4.000 1.001  35.000 204.631   2.506  0.455   70.000   90.006   90.006    0.086  0.461  0.030  0.010  2.000  0.264    0.000
  1 27  2 1983   25.800    4.805   0.000   1.045   4.600 1.001  35.000 219.881   2.506  0.455   70.000   90.006   90.006    0.086  0.461  0.030  0.010  2.000  0.264    0.000
  1 28  2 1983   61.400   36.670  40.768 186.381   0.197 1.001  35.000 235.758   2.506  0.455   70.000   90.006   90.006    0.086  0.461  0.030  0.010  2.000  0.292    1.441
  1  1  3 1983  133.800  106.774  41.404 110.135   0.969 1.001  35.000 248.359   2.506  0.455   70.000   90.006   90.006    0.086  0.461  0.030  0.010  2.000  0.292    5.201
  1  2  3 1983   46.600   29.271  47.802  71.008   0.412 1.001  32.400 248.424   2.506  0.455   70.000   90.006   90.006    0.086  0.461  0.030  0.010  2.000  0.292    1.643
  1 15  3 1983    0.000    0.000   0.000   0.000   0.000 0.000  35.000 161.698   2.506  0.455   70.000   90.006   90.006    0.086  0.461  0.030  0.010  2.000  0.292    0.000
  1 24  3 1983   48.900    3.816   0.000   0.530   7.200 1.001  35.000 246.549   2.506  0.455   70.000   90.006   90.006    0.086  0.461  0.030  0.010  2.000  0.292    0.000
  1  1  4 1983    0.000    0.000   0.000   0.000   0.000 0.000  35.000 167.107   2.506  0.455   70.000   90.006   90.006    0.086  0.461  0.030  0.010  2.000  0.292    0.000
  1 15  4 1983    0.000    0.000   0.000   0.000   0.000 0.000  35.000 119.959   2.506  0.455   70.000   90.006   90.006    0.086  0.461  0.030  0.010  2.000  0.292    0.000
  1  1  5 1983    4.100    0.000   0.000   0.000   0.000 0.000  35.000 184.262   2.506  0.455   70.000   90.006   90.006    0.086  0.461  0.030  0.010  2.000  0.292    0.000
  1 15  5 1983    0.000    0.000   0.000   0.000   0.000 0.000  35.000 123.018   2.506  0.455   70.000   90.006   90.006    0.086  0.461  0.030  0.010  2.000  0.292    0.000
  1  1  6 1983    0.000    0.000   0.000   0.000   0.000 0.000  35.000  73.556   2.506  0.455   70.000   90.006   90.006    0.086  0.461  0.030  0.010  2.000  0.292    0.000
  1 15  6 1983    0.000    0.000   0.000   0.000   0.000 0.000  35.000  72.335   2.506  0.455   70.000   90.006   90.006    0.086  0.461  0.030  0.010  2.000  0.292    0.000
  1  1  7 1983    0.000    0.000   0.000   0.000   0.000 0.000  35.000  72.331   2.506  0.455   70.000   90.006   90.006    0.086  0.461  0.030  0.010  2.000  0.292    0.000
  1 15  7 1983    0.000    0.000   0.000   0.000   0.000 0.000  35.000  72.331   2.506  0.455   70.000   90.006   90.006    0.086  0.461  0.030  0.010  2.000  0.292    0.000
  1  1  8 1983    0.500    0.000   0.000   0.000   0.000 0.000  35.000  72.331   2.506  0.455   70.000   90.007   90.007    0.086  0.461  0.030  0.010  2.000  0.292    0.000
  1 15  8 1983    5.100    0.000   0.000   0.000   0.000 0.000  35.000  75.726   2.506  0.455   70.000   90.007   90.007    0.086  0.461  0.030  0.010  2.000  0.292    0.000
  1  1  9 1983    0.000    0.000   0.000   0.000   0.000 0.000  35.000  72.331   2.506  0.455   70.000   90.007   90.007    0.086  0.461  0.030  0.010  2.000  0.292    0.000
  1 15  9 1983    0.000    0.000   0.000   0.000   0.000 0.000  35.000  72.331   2.506  0.455   70.000   90.007   90.007    0.086  0.461  0.030  0.010  2.000  0.292    0.000
  1  1 10 1983   21.700    0.000   0.000   0.000   0.000 0.000  35.000 123.357   2.506  0.455   70.000   90.007   90.007    0.086  0.461  0.030  0.010  2.000  0.292    0.000
  1 15 10 1983    0.000    0.000   0.000   0.000   0.000 0.000  35.000 104.964   2.506  0.455   70.000   90.007   90.007    0.086  0.461  0.030  0.010  2.000  0.292    0.000
  1  1 11 1983   11.100    0.000   0.000   0.000   0.000 0.000  35.000 101.939   2.506  0.455   70.000   90.007   90.007    0.086  0.461  0.030  0.010  2.000  0.292    0.000
  1 15 11 1983    0.000    0.000   0.000   0.000   0.000 0.000  35.000 128.094   2.506  0.455   70.000   90.007   90.007    0.086  0.461  0.030  0.010  2.000  0.292    0.000
  1  1 12 1983    3.000    0.000   0.000   0.000   0.000 0.000  35.000 162.305   2.506  0.455   70.000   90.007   90.007    0.086  0.461  0.030  0.010  2.000  0.292    0.000
  1 15 12 1983    0.000    0.000   0.000   0.000   0.000 0.000  35.000 171.095   2.506  0.455   70.000   90.007   90.007    0.086  0.461  0.030  0.010  2.000  0.292    0.000
  1 24 12 1983   52.000    6.037   0.000   2.515   2.400 1.001  35.000 208.134   2.506  0.455   70.000   90.007   90.007    0.086  0.461  0.030  0.010  2.000  0.292    0.000
  1 25 12 1983   58.000   36.166   0.000  18.083   2.000 1.001  35.000 224.208   2.506  0.455   70.000   90.007   90.007    0.086  0.461  0.030  0.010  2.000  0.292    2.313
  1  1  1 1984    0.000    0.000   0.000   0.000   0.000 0.000  35.000 176.808   2.506  0.455   70.000   90.007   90.007    0.086  0.461  0.030  0.010  2.000  0.292    0.000
  1 15  1 1984   26.000    0.000   0.000   0.000   0.000 0.000  35.000 165.337   2.506  0.455   70.000   90.007   90.007    0.086  0.461  0.030  0.010  2.000  0.292    0.000
  1  1  2 1984    0.000    0.000   0.000   0.000   0.000 0.000  35.000 132.830   2.506  0.455   70.000   90.007   90.007    0.086  0.461  0.030  0.010  2.000  0.292    0.000
  1 15  2 1984    7.100    0.000   0.000   0.000   0.000 0.000  35.000 120.710   2.506  0.455   70.000   90.008   90.008    0.086  0.461  0.030  0.010  2.000  0.292    0.000
  1  1  3 1984    0.000    0.000   0.000   0.000   0.000 0.000  35.000  89.626   2.506  0.455   70.000   90.008   90.008    0.086  0.461  0.030  0.010  2.000  0.292    0.000
  1 15  3 1984    0.000    0.000   0.000   0.000   0.000 0.000  35.000  77.149   2.506  0.455   70.000   90.008   90.008    0.086  0.461  0.030  0.010  2.000  0.292    0.000
  1  1  4 1984    0.000    0.000   0.000   0.000   0.000 0.000  35.000  72.332   2.506  0.455   70.000   90.008   90.008    0.086  0.461  0.030  0.010  2.000  0.292    0.000
  1 15  4 1984    0.000    0.000   0.000   0.000   0.000 0.000  35.000  72.338   2.506  0.455   70.000   90.008   90.008    0.086  0.461  0.030  0.010  2.000  0.292    0.000
  1  1  5 1984    0.000    0.000   0.000   0.000   0.000 0.000  35.000  72.331   2.506  0.455   70.000   90.008   90.008    0.086  0.461  0.030  0.010  2.000  0.292    0.000
  1 15  5 1984    0.000    0.000   0.000   0.000   0.000 0.000  35.000  72.331   2.506  0.455   70.000   90.008   90.008    0.086  0.461  0.030  0.010  2.000  0.292    0.000
  1  1  6 1984    0.000    0.000   0.000   0.000   0.000 0.000  35.000  72.331   2.506  0.455   70.000   90.008   90.008    0.086  0.461  0.030  0.010  2.000  0.292    0.000
  1 15  6 1984    0.000    0.000   0.000   0.000   0.000 0.000  35.000  72.331   2.506  0.455   70.000   90.008   90.008    0.086  0.461  0.030  0.010  2.000  0.292    0.000
  1  1  7 1984    0.000    0.000   0.000   0.000   0.000 0.000  35.000  72.331   2.506  0.455   70.000   90.008   90.008    0.086  0.461  0.030  0.010  2.000  0.292    0.000
  1 15  7 1984    0.000    0.000   0.000   0.000   0.000 0.000  35.000  72.331   2.506  0.455   70.000   90.008   90.008    0.086  0.461  0.030  0.010  2.000  0.292    0.000
  1  1  8 1984    0.000    0.000   0.000   0.000   0.000 0.000  35.000  72.331   2.506  0.455   70.000   90.008   90.008    0.086  0.461  0.030  0.010  2.000  0.292    0.000
  1 15  8 1984    0.000    0.000   0.000   0.000   0.000 0.000  35.000  72.331   2.506  0.455   70.000   90.008   90.008    0.086  0.461  0.030  0.010  2.000  0.292    0.000
  1  1  9 1984    0.000    0.000   0.000   0.000   0.000 0.000  35.000  72.331   2.506  0.455   70.000   90.009   90.009    0.086  0.461  0.030  0.010  2.000  0.292    0.000
  1 15  9 1984    3.300    0.000   0.000   0.000   0.000 0.000  35.000  73.316   2.506  0.455   70.000   90.009   90.009    0.086  0.461  0.030  0.010  2.000  0.292    0.000
  1  1 10 1984    0.000    0.000   0.000   0.000   0.000 0.000  35.000  72.331   2.506  0.455   70.000   90.009   90.009    0.086  0.461  0.030  0.010  2.000  0.292    0.000
  1 15 10 1984    0.000    0.000   0.000   0.000   0.000 0.000  35.000  72.331   2.506  0.455   70.000   90.009   90.009    0.086  0.461  0.030  0.010  2.000  0.292    0.000
  1  1 11 1984    0.000    0.000   0.000   0.000   0.000 0.000  35.000  72.331   2.506  0.455   70.000   90.009   90.009    0.086  0.461  0.030  0.010  2.000  0.292    0.000
  1 15 11 1984    0.000    0.000   0.000   0.000   0.000 0.000  35.000 114.644   2.506  0.455   70.000   90.009   90.009    0.086  0.461  0.030  0.010  2.000  0.292    0.000
  1 23 11 1984   26.800    0.012 103.407   0.131   0.089 1.001  35.000 138.132   2.506  0.455   70.000   90.009   90.009    0.086  0.461  0.030  0.010  2.000  0.292    0.000
  1  1 12 1984    0.000    0.000   0.000   0.000   0.000 0.000  35.000 153.726   2.506  0.455   70.000   90.009   90.009    0.086  0.461  0.030  0.010  2.000  0.292    0.000
  1 15 12 1984    7.100    0.000   0.000   0.000   0.000 0.000  35.000 181.830   2.506  0.455   70.000   90.009   90.009    0.086  0.461  0.030  0.010  2.000  0.292    0.000
  1 18 12 1984   24.400    0.003  57.213   0.131   0.024 1.001  35.000 217.613   2.506  0.455   70.000   90.009   90.009    0.086  0.461  0.030  0.010  2.000  0.292    0.000
  1  1  1 1985    0.000    0.000   0.000   0.000   0.000 0.000  35.000 166.813   2.506  0.455   70.000   90.009   90.009    0.086  0.461  0.030  0.010  2.000  0.292    0.000
  1 15  1 1985    0.000    0.000   0.000   0.000   0.000 0.000  35.000 151.105   2.506  0.455   70.000   90.009   90.009    0.086  0.461  0.030  0.010  2.000  0.292    0.000
  1  1  2 1985    0.000    0.000   0.000   0.000   0.000 0.000  35.000 140.938   2.506  0.455   70.000   90.009   90.009    0.086  0.461  0.030  0.010  2.000  0.292    0.000
  1 15  2 1985    0.000    0.000   0.000   0.000   0.000 0.000  35.000 160.022   2.506  0.455   70.000   90.009   90.009    0.086  0.461  0.030  0.010  2.000  0.292    0.000
  1  1  3 1985    0.000    0.000   0.000   0.000   0.000 0.000  35.000 128.303   2.506  0.455   70.000   90.009   90.009    0.086  0.461  0.030  0.010  2.000  0.292    0.000
  1 15  3 1985    0.000    0.000   0.000   0.000   0.000 0.000  35.000 112.545   2.506  0.455   70.000   90.010   90.010    0.086  0.461  0.030  0.010  2.000  0.292    0.000
  1  1  4 1985    0.000    0.000   0.000   0.000   0.000 0.000  35.000  98.636   2.506  0.455   70.000   90.010   90.010    0.086  0.461  0.030  0.010  2.000  0.292    0.000
  1 15  4 1985    0.000    0.000   0.000   0.000   0.000 0.000  35.000  72.543   2.506  0.455   70.000   90.010   90.010    0.086  0.461  0.030  0.010  2.000  0.292    0.000
  1  1  5 1985    0.000    0.000   0.000   0.000   0.000 0.000  35.000  72.331   2.506  0.455   70.000   90.010   90.010    0.086  0.461  0.030  0.010  2.000  0.292    0.000
  1 15  5 1985    0.000    0.000   0.000   0.000   0.000 0.000  35.000  72.331   2.506  0.455   70.000   90.010   90.010    0.086  0.461  0.030  0.010  2.000  0.292    0.000
  1  1  6 1985    0.000    0.000   0.000   0.000   0.000 0.000  35.000  72.331   2.506  0.455   70.000   90.010   90.010    0.086  0.461  0.030  0.010  2.000  0.292    0.000
  1 15  6 1985    0.000    0.000   0.000   0.000   0.000 0.000  35.000  72.331   2.506  0.455   70.000   90.010   90.010    0.086  0.461  0.030  0.010  2.000  0.292    0.000
  1  1  7 1985    0.000    0.000   0.000   0.000   0.000 0.000  35.000  72.331   2.506  0.455   70.000   90.010   90.010    0.086  0.461  0.030  0.010  2.000  0.292    0.000
  1 15  7 1985    0.000    0.000   0.000   0.000   0.000 0.000  35.000  72.331   2.506  0.455   70.000   90.010   90.010    0.086  0.461  0.030  0.010  2.000  0.292    0.000
  1  1  8 1985    0.000    0.000   0.000   0.000   0.000 0.000  35.000  72.331   2.506  0.455   70.000   90.010   90.010    0.086  0.461  0.030  0.010  2.000  0.292    0.000
  1 15  8 1985    0.000    0.000   0.000   0.000   0.000 0.000  35.000  72.331   2.506  0.455   70.000   90.010   90.010    0.086  0.461  0.030  0.010  2.000  0.292    0.000
  1  1  9 1985    0.000    0.000   0.000   0.000   0.000 0.000  35.000  72.331   2.506  0.455   70.000   90.010   90.010    0.086  0.461  0.030  0.010  2.000  0.292    0.000
  1 15  9 1985    0.000    0.000   0.000   0.000   0.000 0.000  35.000  72.331   2.506  0.455   70.000   90.010   90.010    0.086  0.461  0.030  0.010  2.000  0.292    0.000
  1  1 10 1985    0.000    0.000   0.000   0.000   0.000 0.000  35.000  72.331   2.506  0.455   70.000   90.011   90.011    0.086  0.461  0.030  0.010  2.000  0.292    0.000
  1 15 10 1985    0.000    0.000   0.000   0.000   0.000 0.000  35.000  72.331   2.506  0.455   70.000   90.011   90.011    0.086  0.461  0.030  0.010  2.000  0.292    0.000
  1  1 11 1985    0.000    0.000   0.000   0.000   0.000 0.000  35.000  72.477   2.506  0.455   70.000   90.011   90.011    0.086  0.461  0.030  0.010  2.000  0.292    0.000
  1 15 11 1985    0.000    0.000   0.000   0.000   0.000 0.000  35.000 106.075   2.506  0.455   70.000   90.011   90.011    0.086  0.461  0.030  0.010  2.000  0.292    0.000
  1 24 11 1985   56.700    5.869 115.866  14.988   0.392 1.001  35.000 141.275   2.506  0.455   70.000   90.011   90.011    0.086  0.461  0.030  0.010  2.000  0.292    0.358
  1 25 11 1985   46.400   23.447  59.181  65.438   0.358 1.001  35.000 160.229   2.506  0.455   70.000   90.011   90.011    0.086  0.461  0.030  0.010  2.000  0.292    1.346
  1 29 11 1985   40.500    3.335   0.000   1.334   2.500 1.001  35.000 196.434   2.506  0.455   70.000   90.011   90.011    0.086  0.461  0.030  0.010  2.000  0.292    0.000
  1  1 12 1985    1.800    0.000   0.000   0.000   0.000 0.000  35.000 193.851   2.506  0.455   70.000   90.011   90.011    0.086  0.461  0.030  0.010  2.000  0.292    0.000
  1 15 12 1985    0.000    0.000   0.000   0.000   0.000 0.000  35.000 158.173   2.506  0.455   70.000   90.011   90.011    0.086  0.461  0.030  0.010  2.000  0.292    0.000
  1  1  1 1986    0.000    0.000   0.000   0.000   0.000 0.000  35.000 132.589   2.506  0.455   70.000   90.011   90.011    0.086  0.461  0.030  0.010  2.000  0.292    0.000
  1 15  1 1986    0.000    0.000   0.000   0.000   0.000 0.000  35.000 128.406   2.506  0.455   70.000   90.011   90.011    0.086  0.461  0.030  0.010  2.000  0.292    0.000
  1 30  1 1986   67.400   17.088   0.000   6.572   2.600 1.001  35.000 177.205   2.506  0.455   70.000   90.011   90.011    0.086  0.461  0.030  0.010  2.000  0.292    0.449
  1  1  2 1986    2.000    0.000   0.000   0.000   0.000 0.000  35.000 190.178   2.506  0.455   70.000   90.011   90.011    0.086  0.461  0.030  0.010  2.000  0.292    0.000
  1 13  2 1986   57.100   23.097  43.880 116.103   0.199 1.001  35.000 217.319   2.506  0.455   70.000   90.011   90.011    0.086  0.461  0.030  0.010  2.000  0.292    1.103
  1 14  2 1986   64.700   41.000  53.701  56.717   0.723 1.001  35.000 233.244   2.506  0.455   70.000   90.011   90.011    0.086  0.461  0.030  0.010  2.000  0.292    2.440
  1 15  2 1986   64.700   36.590  39.115   2.999  12.200 1.001  35.000 248.659   2.506  0.455   70.000   90.011   90.011    0.086  0.461  0.030  0.010  2.000  0.292    0.000
  1  1  3 1986    0.000    0.000   0.000   0.000   0.000 0.000  35.000 157.281   2.506  0.455   70.000   90.011   90.011    0.086  0.461  0.030  0.010  2.000  0.292    0.000
  1 15  3 1986   36.900    0.000   0.000   0.000   0.000 0.000  35.000 228.611   2.506  0.455   70.000   90.011   90.011    0.086  0.461  0.030  0.010  2.000  0.292    0.000
  1  1  4 1986    0.000    0.000   0.000   0.000   0.000 0.000  35.000 131.959   2.506  0.455   70.000   90.011   90.011    0.086  0.461  0.030  0.010  2.000  0.292    0.000
  1 15  4 1986    0.000    0.000   0.000   0.000   0.000 0.000  35.000 111.579   2.506  0.455   70.000   90.011   90.011    0.086  0.461  0.030  0.010  2.000  0.292    0.000
  1  1  5 1986    0.000    0.000   0.000   0.000   0.000 0.000  35.000  72.964   2.506  0.455   70.000   90.012   90.012    0.086  0.461  0.030  0.010  2.000  0.292    0.000
  1 15  5 1986    0.000    0.000   0.000   0.000   0.000 0.000  35.000  72.333   2.506  0.455   70.000   90.012   90.012    0.086  0.461  0.030  0.010  2.000  0.292    0.000
  1  1  6 1986    0.000    0.000   0.000   0.000   0.000 0.000  35.000  72.331   2.506  0.455   70.000   90.012   90.012    0.086  0.461  0.030  0.010  2.000  0.292    0.000
  1 15  6 1986    0.000    0.000   0.000   0.000   0.000 0.000  35.000  72.331   2.506  0.455   70.000   90.012   90.012    0.086  0.461  0.030  0.010  2.000  0.292    0.000
  1  1  7 1986    0.000    0.000   0.000   0.000   0.000 0.000  35.000  72.331   2.506  0.455   70.000   90.012   90.012    0.086  0.461  0.030  0.010  2.000  0.292    0.000
  1 15  7 1986    0.000    0.000   0.000   0.000   0.000 0.000  35.000  72.331   2.506  0.455   70.000   90.012   90.012    0.086  0.461  0.030  0.010  2.000  0.292    0.000
  1  1  8 1986    0.000    0.000   0.000   0.000   0.000 0.000  35.000  72.331   2.506  0.455   70.000   90.012   90.012    0.086  0.461  0.030  0.010  2.000  0.292    0.000
  1 15  8 1986    0.000    0.000   0.000   0.000   0.000 0.000  35.000  72.331   2.506  0.455   70.000   90.012   90.012    0.086  0.461  0.030  0.010  2.000  0.292    0.000
  1  1  9 1986    0.000    0.000   0.000   0.000   0.000 0.000  35.000  72.331   2.506  0.455   70.000   90.012   90.012    0.086  0.461  0.030  0.010  2.000  0.292    0.000
  1 15  9 1986    0.000    0.000   0.000   0.000   0.000 0.000  35.000  72.331   2.506  0.455   70.000   90.012   90.012    0.086  0.461  0.030  0.010  2.000  0.292    0.000
  1  1 10 1986    1.300    0.000   0.000   0.000   0.000 0.000  35.000  81.293   2.506  0.455   70.000   90.012   90.012    0.086  0.461  0.030  0.010  2.000  0.292    0.000
  1 15 10 1986    0.000    0.000   0.000   0.000   0.000 0.000  35.000  72.350   2.506  0.455   70.000   90.012   90.012    0.086  0.461  0.030  0.010  2.000  0.292    0.000
  1  1 11 1986    0.000    0.000   0.000   0.000   0.000 0.000  35.000  72.331   2.506  0.455   70.000   90.012   90.012    0.086  0.461  0.030  0.010  2.000  0.292    0.000
  1 15 11 1986    2.300    0.000   0.000   0.000   0.000 0.000  35.000  73.941   2.506  0.455   70.000   90.013   90.013    0.086  0.461  0.030  0.010  2.000  0.292    0.000
  1  1 12 1986    0.000    0.000   0.000   0.000   0.000 0.000  35.000  97.302   2.506  0.455   70.000   90.013   90.013    0.086  0.461  0.030  0.010  2.000  0.292    0.000
  1 15 12 1986    0.000    0.000   0.000   0.000   0.000 0.000  35.000  92.582   2.506  0.455   70.000   90.013   90.013    0.086  0.461  0.030  0.010  2.000  0.292    0.000
  1  1  1 1987    0.000    0.000   0.000   0.000   0.000 0.000  35.000  75.207   2.506  0.455   70.000   90.013   90.013    0.086  0.461  0.030  0.010  2.000  0.292    0.000
  1 15  1 1987    0.000    0.000   0.000   0.000   0.000 0.000  35.000  98.984   2.506  0.455   70.000   90.013   90.013    0.086  0.461  0.030  0.010  2.000  0.292    0.000
  1  1  2 1987    0.000    0.000   0.000   0.000   0.000 0.000  35.000  76.262   2.506  0.455   70.000   90.013   90.013    0.086  0.461  0.030  0.010  2.000  0.292    0.000
  1 15  2 1987    4.300    0.000   0.000   0.000   0.000 0.000  35.000  94.677   2.506  0.455   70.000   90.013   90.013    0.086  0.461  0.030  0.010  2.000  0.292    0.000
  1  1  3 1987    0.000    0.000   0.000   0.000   0.000 0.000  35.000  74.463   2.506  0.455   70.000   90.013   90.013    0.086  0.461  0.030  0.010  2.000  0.292    0.000
  1 15  3 1987    3.500    0.000   0.000   0.000   0.000 0.000  35.000  82.590   2.506  0.455   70.000   90.013   90.013    0.086  0.461  0.030  0.010  2.000  0.292    0.000
  1  1  4 1987    0.800    0.000   0.000   0.000   0.000 0.000  35.000  72.360   2.506  0.455   70.000   90.013   90.013    0.086  0.461  0.030  0.010  2.000  0.292    0.000
  1 15  4 1987    0.000    0.000   0.000   0.000   0.000 0.000  35.000  72.331   2.506  0.455   70.000   90.013   90.013    0.086  0.461  0.030  0.010  2.000  0.292    0.000
  1  1  5 1987    0.000    0.000   0.000   0.000   0.000 0.000  35.000  72.331   2.506  0.455   70.000   90.013   90.013    0.086  0.461  0.030  0.010  2.000  0.292    0.000
  1 15  5 1987    1.500    0.000   0.000   0.000   0.000 0.000  35.000  72.398   2.506  0.455   70.000   90.013   90.013    0.086  0.461  0.030  0.010  2.000  0.292    0.000
  1  1  6 1987    0.000    0.000   0.000   0.000   0.000 0.000  35.000  72.331   2.506  0.455   70.000   90.014   90.014    0.086  0.461  0.030  0.010  2.000  0.292    0.000
  1 15  6 1987    0.000    0.000   0.000   0.000   0.000 0.000  35.000  72.331   2.506  0.455   70.000   90.014   90.014    0.086  0.461  0.030  0.010  2.000  0.292    0.000
  1  1  7 1987    0.000    0.000   0.000   0.000   0.000 0.000  35.000  72.331   2.506  0.455   70.000   90.014   90.014    0.086  0.461  0.030  0.010  2.000  0.292    0.000
  1 15  7 1987    0.000    0.000   0.000   0.000   0.000 0.000  35.000  72.331   2.506  0.455   70.000   90.014   90.014    0.086  0.461  0.030  0.010  2.000  0.292    0.000
  1  1  8 1987    0.000    0.000   0.000   0.000   0.000 0.000  35.000  72.331   2.506  0.455   70.000   90.014   90.014    0.086  0.461  0.030  0.010  2.000  0.292    0.000
  1 15  8 1987    0.000    0.000   0.000   0.000   0.000 0.000  35.000  72.331   2.506  0.455   70.000   90.014   90.014    0.086  0.461  0.030  0.010  2.000  0.292    0.000
  1  1  9 1987    0.000    0.000   0.000   0.000   0.000 0.000  35.000  72.331   2.506  0.455   70.000   90.014   90.014    0.086  0.461  0.030  0.010  2.000  0.292    0.000
  1 15  9 1987    0.000    0.000   0.000   0.000   0.000 0.000  35.000  72.331   2.506  0.455   70.000   90.014   90.014    0.086  0.461  0.030  0.010  2.000  0.292    0.000
  1  1 10 1987    0.000    0.000   0.000   0.000   0.000 0.000  35.000  72.331   2.506  0.455   70.000   90.014   90.014    0.086  0.461  0.030  0.010  2.000  0.292    0.000
  1 15 10 1987    0.000    0.000   0.000   0.000   0.000 0.000  35.000  72.351   2.506  0.455   70.000   90.014   90.014    0.086  0.461  0.030  0.010  2.000  0.292    0.000
  1 31 10 1987   75.700   32.087 110.367  93.564   0.343 1.001  35.000 162.550   2.506  0.455   70.000   90.014   90.014    0.086  0.461  0.030  0.010  2.000  0.292    1.654
  1  1 11 1987    5.400    0.000   0.000   0.000   0.000 0.000  35.000 166.565   2.506  0.455   70.000   90.014   90.014    0.086  0.461  0.030  0.010  2.000  0.292    0.000
  1 15 11 1987    0.000    0.000   0.000   0.000   0.000 0.000  35.000 153.071   2.506  0.455   70.000   90.014   90.014    0.086  0.461  0.030  0.010  2.000  0.292    0.000
  1  1 12 1987    0.000    0.000   0.000   0.000   0.000 0.000  35.000 130.752   2.506  0.455   70.000   90.014   90.014    0.086  0.461  0.030  0.010  2.000  0.292    0.000
  1 15 12 1987   34.100    0.000   0.000   0.000   0.000 0.000  35.000 194.621   2.506  0.455   70.000   90.015   90.015    0.086  0.461  0.030  0.010  2.000  0.292    0.000
  1  1  1 1988    0.000    0.000   0.000   0.000   0.000 0.000  35.000 165.194   2.506  0.455   70.000   90.015   90.015    0.086  0.461  0.030  0.010  2.000  0.292    0.000
  1 15  1 1988    0.000    0.000   0.000   0.000   0.000 0.000  35.000 153.747   2.506  0.455   70.000   90.015   90.015    0.086  0.461  0.030  0.010  2.000  0.292    0.000
  1 17  1 1988   70.700   18.163   0.000   5.859   3.100 1.001  35.000 206.945   2.506  0.455   70.000   90.015   90.015    0.086  0.461  0.030  0.010  2.000  0.292    0.341
  1  1  2 1988    2.800    0.000   0.000   0.000   0.000 0.000  35.000 148.142   2.506  0.455   70.000   90.015   90.015    0.086  0.461  0.030  0.010  2.000  0.292    0.000
  1 15  2 1988    0.000    0.000   0.000   0.000   0.000 0.000  35.000 130.030   2.506  0.455   70.000   90.015   90.015    0.086  0.461  0.030  0.010  2.000  0.292    0.000
  1  1  3 1988    8.200    0.000   0.000   0.000   0.000 0.000  35.000 165.356   2.506  0.455   70.000   90.015   90.015    0.086  0.461  0.030  0.010  2.000  0.292    0.000
  1 15  3 1988    0.000    0.000   0.000   0.000   0.000 0.000  35.000 128.433   2.506  0.455   70.000   90.015   90.015    0.086  0.461  0.030  0.010  2.000  0.292    0.000
  1  1  4 1988    0.000    0.000   0.000   0.000   0.000 0.000  35.000  82.561   2.506  0.455   70.000   90.015   90.015    0.086  0.461  0.030  0.010  2.000  0.292    0.000
  1 15  4 1988    0.800    0.000   0.000   0.000   0.000 0.000  35.000  96.873   2.506  0.455   70.000   90.015   90.015    0.086  0.461  0.030  0.010  2.000  0.292    0.000
  1 20  4 1988   20.100    0.516 115.495   0.391   1.320 1.001  35.000 140.072   2.506  0.455   70.000   90.015   90.015    0.086  0.461  0.030  0.010  2.000  0.292    0.000
  1  1  5 1988    0.000    0.000   0.000   0.000   0.000 0.000  35.000 112.328   2.506  0.455   70.000   90.015   90.015    0.086  0.461  0.030  0.010  2.000  0.292    0.000
  1 15  5 1988    0.000    0.000   0.000   0.000   0.000 0.000  35.000  75.213   2.506  0.455   70.000   90.015   90.015    0.086  0.461  0.030  0.010  2.000  0.292    0.000
  1  1  6 1988    0.000    0.000   0.000   0.000   0.000 0.000  35.000  72.334   2.506  0.455   70.000   90.015   90.015    0.086  0.461  0.030  0.010  2.000  0.292    0.000
  1 15  6 1988    0.000    0.000   0.000   0.000   0.000 0.000  35.000  72.331   2.506  0.455   70.000   90.015   90.015    0.086  0.461  0.030  0.010  2.000  0.292    0.000
  1  1  7 1988    0.000    0.000   0.000   0.000   0.000 0.000  35.000  72.331   2.506  0.455   70.000   90.016   90.016    0.086  0.461  0.030  0.010  2.000  0.292    0.000
  1 15  7 1988    0.000    0.000   0.000   0.000   0.000 0.000  35.000  72.331   2.506  0.455   70.000   90.016   90.016    0.086  0.461  0.030  0.010  2.000  0.292    0.000
  1  1  8 1988    0.000    0.000   0.000   0.000   0.000 0.000  35.000  72.331   2.506  0.455   70.000   90.016   90.016    0.086  0.461  0.030  0.010  2.000  0.292    0.000
  1 15  8 1988    0.000    0.000   0.000   0.000   0.000 0.000  35.000  72.331   2.506  0.455   70.000   90.016   90.016    0.086  0.461  0.030  0.010  2.000  0.292    0.000
  1  1  9 1988    0.000    0.000   0.000   0.000   0.000 0.000  35.000  72.331   2.506  0.455   70.000   90.016   90.016    0.086  0.461  0.030  0.010  2.000  0.292    0.000
  1 15  9 1988    0.000    0.000   0.000   0.000   0.000 0.000  35.000  72.331   2.506  0.455   70.000   90.016   90.016    0.086  0.461  0.030  0.010  2.000  0.292    0.000
  1  1 10 1988    0.000    0.000   0.000   0.000   0.000 0.000  35.000  72.331   2.506  0.455   70.000   90.016   90.016    0.086  0.461  0.030  0.010  2.000  0.292    0.000
  1 15 10 1988    0.000    0.000   0.000   0.000   0.000 0.000  35.000  72.331   2.506  0.455   70.000   90.016   90.016    0.086  0.461  0.030  0.010  2.000  0.292    0.000
  1  1 11 1988    0.000    0.000   0.000   0.000   0.000 0.000  35.000  72.331   2.506  0.455   70.000   90.016   90.016    0.086  0.461  0.030  0.010  2.000  0.292    0.000
  1 15 11 1988    0.000    0.000   0.000   0.000   0.000 0.000  35.000  93.348   2.506  0.455   70.000   90.016   90.016    0.086  0.461  0.030  0.010  2.000  0.292    0.000
  1  1 12 1988    0.000    0.000   0.000   0.000   0.000 0.000  35.000  98.389   2.506  0.455   70.000   90.016   90.016    0.086  0.461  0.030  0.010  2.000  0.292    0.000
  1 15 12 1988   42.600    0.000   0.000   0.000   0.000 0.000  35.000 121.052   2.506  0.455   70.000   90.016   90.016    0.086  0.461  0.030  0.010  2.000  0.292    0.000
  1  1  1 1989    0.000    0.000   0.000   0.000   0.000 0.000  35.000 180.094   2.506  0.455   70.000   90.016   90.016    0.086  0.461  0.030  0.010  2.000  0.292    0.000
  1 15  1 1989    0.000    0.000   0.000   0.000   0.000 0.000  35.000 154.772   2.506  0.455   70.000   90.017   90.017    0.086  0.461  0.030  0.010  2.000  0.292    0.000
  1  1  2 1989    0.500    0.000   0.000   0.000   0.000 0.000  35.000 127.857   2.506  0.455   70.000   90.017   90.017    0.086  0.461  0.030  0.010  2.000  0.292    0.000
  1  8  2 1989   48.600    4.675   0.000   0.850   5.500 1.001  35.000 200.099   2.506  0.455   70.000   90.017   90.017    0.086  0.461  0.030  0.010  2.000  0.292    0.000
  1 15  2 1989    0.000    0.000   0.000   0.000   0.000 0.000  35.000 176.888   2.506  0.455   70.000   90.017   90.017    0.086  0.461  0.030  0.010  2.000  0.292    0.000
  1  1  3 1989    0.000    0.000   0.000   0.000   0.000 0.000  35.000 135.927   2.506  0.455   70.000   90.017   90.017    0.086  0.461  0.030  0.010  2.000  0.292    0.000
  1 15  3 1989    0.000    0.000   0.000   0.000   0.000 0.000  35.000 119.476   2.506  0.455   70.000   90.017   90.017    0.086  0.461  0.030  0.010  2.000  0.292    0.000
  1  1  4 1989    0.000    0.000   0.000   0.000   0.000 0.000  35.000  91.780   2.506  0.455   70.000   90.017   90.017    0.086  0.461  0.030  0.010  2.000  0.292    0.000
  1 15  4 1989    0.000    0.000   0.000   0.000   0.000 0.000  35.000  72.410   2.506  0.455   70.000   90.017   90.017    0.086  0.461  0.030  0.010  2.000  0.292    0.000
  1  1  5 1989    0.000    0.000   0.000   0.000   0.000 0.000  35.000  72.331   2.506  0.455   70.000   90.017   90.017    0.086  0.461  0.030  0.010  2.000  0.292    0.000
  1 15  5 1989    0.000    0.000   0.000   0.000   0.000 0.000  35.000  72.331   2.506  0.455   70.000   90.017   90.017    0.086  0.461  0.030  0.010  2.000  0.292    0.000
  1  1  6 1989    0.000    0.000   0.000   0.000   0.000 0.000  35.000  72.331   2.506  0.455   70.000   90.017   90.017    0.086  0.461  0.030  0.010  2.000  0.292    0.000
  1 15  6 1989    0.000    0.000   0.000   0.000   0.000 0.000  35.000  72.331   2.506  0.455   70.000   90.017   90.017    0.086  0.461  0.030  0.010  2.000  0.292    0.000
  1  1  7 1989    0.000    0.000   0.000   0.000   0.000 0.000  35.000  72.331   2.506  0.455   70.000   90.017   90.017    0.086  0.461  0.030  0.010  2.000  0.292    0.000
  1 15  7 1989    0.000    0.000   0.000   0.000   0.000 0.000  35.000  72.331   2.506  0.455   70.000   90.017   90.017    0.086  0.461  0.030  0.010  2.000  0.292    0.000
  1  1  8 1989    0.000    0.000   0.000   0.000   0.000 0.000  35.000  72.331   2.506  0.455   70.000   90.018   90.018    0.086  0.461  0.030  0.010  2.000  0.292    0.000
  1 15  8 1989    0.000    0.000   0.000   0.000   0.000 0.000  35.000  72.331   2.506  0.455   70.000   90.018   90.018    0.086  0.461  0.030  0.010  2.000  0.292    0.000
  1  1  9 1989    0.000    0.000   0.000   0.000   0.000 0.000  35.000  72.331   2.506  0.455   70.000   90.018   90.018    0.086  0.461  0.030  0.010  2.000  0.292    0.000
  1 15  9 1989    0.000    0.000   0.000   0.000   0.000 0.000  35.000  72.331   2.506  0.455   70.000   90.018   90.018    0.086  0.461  0.030  0.010  2.000  0.292    0.000
  1  1 10 1989    0.000    0.000   0.000   0.000   0.000 0.000  35.000  72.331   2.506  0.455   70.000   90.018   90.018    0.086  0.461  0.030  0.010  2.000  0.292    0.000
  1 15 10 1989    0.000    0.000   0.000   0.000   0.000 0.000  35.000  72.331   2.506  0.455   70.000   90.018   90.018    0.086  0.461  0.030  0.010  2.000  0.292    0.000
  1  1 11 1989    0.000    0.000   0.000   0.000   0.000 0.000  35.000  72.475   2.506  0.455   70.000   90.018   90.018    0.086  0.461  0.030  0.010  2.000  0.292    0.000
  1 15 11 1989    0.000    0.000   0.000   0.000   0.000 0.000  35.000  72.331   2.506  0.455   70.000   90.018   90.018    0.086  0.461  0.030  0.010  2.000  0.292    0.000
  1  1 12 1989    0.000    0.000   0.000   0.000   0.000 0.000  35.000  78.006   2.506  0.455   70.000   90.018   90.018    0.086  0.461  0.030  0.010  2.000  0.292    0.000
  1 15 12 1989    0.000    0.000   0.000   0.000   0.000 0.000  35.000  72.345   2.506  0.455   70.000   90.018   90.018    0.086  0.461  0.030  0.010  2.000  0.292    0.000
  1  1  1 1990    1.800    0.000   0.000   0.000   0.000 0.000  35.000  73.321   2.506  0.455   70.000   90.018   90.018    0.086  0.461  0.030  0.010  2.000  0.292    0.000
  1 15  1 1990    7.900    0.000   0.000   0.000   0.000 0.000  35.000 138.272   2.506  0.455   70.000   90.018   90.018    0.086  0.461  0.030  0.010  2.000  0.292    0.000
  1  1  2 1990    0.000    0.000   0.000   0.000   0.000 0.000  35.000 113.371   2.506  0.455   70.000   90.018   90.018    0.086  0.461  0.030  0.010  2.000  0.292    0.000
  1 15  2 1990    0.000    0.000   0.000   0.000   0.000 0.000  35.000 106.881   2.506  0.455   70.000   90.018   90.018    0.086  0.461  0.030  0.010  2.000  0.292    0.000
  1 16  2 1990   79.400   16.376   0.000   3.484   4.700 1.001  35.000 167.725   2.506  0.455   70.000   90.019   90.019    0.086  0.461  0.030  0.010  2.000  0.292    0.001
  1 17  2 1990   63.200   43.173   0.000   8.635   5.000 1.001  35.000 183.835   2.506  0.455   70.000   90.019   90.019    0.086  0.461  0.030  0.010  2.000  0.292    1.812
  1  1  3 1990    0.500    0.000   0.000   0.000   0.000 0.000  35.000 148.403   2.506  0.455   70.000   90.019   90.019    0.086  0.461  0.030  0.010  2.000  0.292    0.000
  1 15  3 1990    0.000    0.000   0.000   0.000   0.000 0.000  35.000 121.885   2.506  0.455   70.000   90.019   90.019    0.086  0.461  0.030  0.010  2.000  0.292    0.000
  1  1  4 1990    0.000    0.000   0.000   0.000   0.000 0.000  35.000  85.755   2.506  0.455   70.000   90.019   90.019    0.086  0.461  0.030  0.010  2.000  0.292    0.000
  1 15  4 1990    2.500    0.000   0.000   0.000   0.000 0.000  35.000  73.530   2.506  0.455   70.000   90.019   90.019    0.086  0.461  0.030  0.010  2.000  0.292    0.000
  1  1  5 1990    0.000    0.000   0.000   0.000   0.000 0.000  35.000  72.432   2.506  0.455   70.000   90.019   90.019    0.086  0.461  0.030  0.010  2.000  0.292    0.000
  1 15  5 1990    0.000    0.000   0.000   0.000   0.000 0.000  35.000  72.331   2.506  0.455   70.000   90.019   90.019    0.086  0.461  0.030  0.010  2.000  0.292    0.000
  1  1  6 1990    0.000    0.000   0.000   0.000   0.000 0.000  35.000  82.559   2.506  0.455   70.000   90.019   90.019    0.086  0.461  0.030  0.010  2.000  0.292    0.000
  1 15  6 1990    0.000    0.000   0.000   0.000   0.000 0.000  35.000  72.334   2.506  0.455   70.000   90.019   90.019    0.086  0.461  0.030  0.010  2.000  0.292    0.000
  1  1  7 1990    0.000    0.000   0.000   0.000   0.000 0.000  35.000  72.331   2.506  0.455   70.000   90.019   90.019    0.086  0.461  0.030  0.010  2.000  0.292    0.000
  1 15  7 1990    0.000    0.000   0.000   0.000   0.000 0.000  35.000  72.331   2.506  0.455   70.000   90.019   90.019    0.086  0.461  0.030  0.010  2.000  0.292    0.000
  1  1  8 1990    0.000    0.000   0.000   0.000   0.000 0.000  35.000  72.331   2.506  0.455   70.000   90.019   90.019    0.086  0.461  0.030  0.010  2.000  0.292    0.000
  1 15  8 1990    0.000    0.000   0.000   0.000   0.000 0.000  35.000  72.331   2.506  0.455   70.000   90.019   90.019    0.086  0.461  0.030  0.010  2.000  0.292    0.000
  1  1  9 1990    0.000    0.000   0.000   0.000   0.000 0.000  35.000  72.331   2.506  0.455   70.000   90.019   90.019    0.086  0.461  0.030  0.010  2.000  0.292    0.000
  1 15  9 1990    0.000    0.000   0.000   0.000   0.000 0.000  35.000  72.331   2.506  0.455   70.000   90.020   90.020    0.086  0.461  0.030  0.010  2.000  0.292    0.000
  1  1 10 1990    0.000    0.000   0.000   0.000   0.000 0.000  35.000  72.331   2.506  0.455   70.000   90.020   90.020    0.086  0.461  0.030  0.010  2.000  0.292    0.000
  1 15 10 1990    0.000    0.000   0.000   0.000   0.000 0.000  35.000  72.331   2.506  0.455   70.000   90.020   90.020    0.086  0.461  0.030  0.010  2.000  0.292    0.000
  1  1 11 1990    0.000    0.000   0.000   0.000   0.000 0.000  35.000  72.331   2.506  0.455   70.000   90.020   90.020    0.086  0.461  0.030  0.010  2.000  0.292    0.000
  1 15 11 1990    0.000    0.000   0.000   0.000   0.000 0.000  35.000  72.331   2.506  0.455   70.000   90.020   90.020    0.086  0.461  0.030  0.010  2.000  0.292    0.000
  1  1 12 1990    0.000    0.000   0.000   0.000   0.000 0.000  35.000  72.390   2.506  0.455   70.000   90.020   90.020    0.086  0.461  0.030  0.010  2.000  0.292    0.000
  1 15 12 1990    0.500    0.000   0.000   0.000   0.000 0.000  35.000  79.745   2.506  0.455   70.000   90.020   90.020    0.086  0.461  0.030  0.010  2.000  0.292    0.000
  1  1  1 1991    0.000    0.000   0.000   0.000   0.000 0.000  35.000  72.362   2.506  0.455   70.000   90.020   90.020    0.086  0.461  0.030  0.010  2.000  0.292    0.000
  1 15  1 1991    0.000    0.000   0.000   0.000   0.000 0.000  35.000 104.163   2.506  0.455   70.000   90.020   90.020    0.086  0.461  0.030  0.010  2.000  0.292    0.000
  1  1  2 1991    0.000    0.000   0.000   0.000   0.000 0.000  35.000  79.292   2.506  0.455   70.000   90.020   90.020    0.086  0.461  0.030  0.010  2.000  0.292    0.000
  1 15  2 1991    0.000    0.000   0.000   0.000   0.000 0.000  35.000  72.435   2.506  0.455   70.000   90.020   90.020    0.086  0.461  0.030  0.010  2.000  0.292    0.000
  1 27  2 1991   68.300   19.174   0.000   7.102   2.700 1.001  35.000 141.312   2.506  0.455   70.000   90.020   90.020    0.086  0.461  0.030  0.010  2.000  0.292    0.597
  1 28  2 1991   68.000   47.376   0.000  13.160   3.600 1.001  35.000 157.314   2.506  0.455   70.000   90.020   90.020    0.086  0.461  0.030  0.010  2.000  0.292    2.747
  1  1  3 1991   22.700    2.892   0.000   0.657   4.400 1.001  35.000 172.386   2.506  0.455   70.000   90.020   90.020    0.086  0.461  0.030  0.010  2.000  0.292    0.000
  1 15  3 1991    0.300    0.000   0.000   0.000   0.000 0.000  35.000 154.360   2.506  0.455   70.000   90.020   90.020    0.086  0.461  0.030  0.010  2.000  0.292    0.000
  1 19  3 1991   40.100   18.310  39.282  82.588   0.222 1.001  35.000 218.341   2.506  0.455   70.000   90.020   90.020    0.086  0.461  0.030  0.010  2.000  0.292    0.983
  1 25  3 1991   45.300    0.511   0.000   0.269   1.900 1.001  35.000 238.546   2.506  0.455   70.000   90.021   90.021    0.086  0.461  0.030  0.010  2.000  0.292    0.000
  1 26  3 1991   28.600    3.817   0.000   0.616   6.200 1.001  35.000 248.203   2.506  0.455   70.000   90.021   90.021    0.086  0.461  0.030  0.010  2.000  0.292    0.000
  1 27  3 1991   23.600    5.881   0.000   2.800   2.100 1.001  32.400 247.909   2.506  0.455   70.000   90.021   90.021    0.086  0.461  0.030  0.010  2.000  0.292    0.000
  1  1  4 1991    0.000    0.000   0.000   0.000   0.000 0.000  35.000 187.495   2.506  0.455   70.000   90.021   90.021    0.086  0.461  0.030  0.010  2.000  0.292    0.000
  1 15  4 1991    0.000    0.000   0.000   0.000   0.000 0.000  35.000 120.140   2.506  0.455   70.000   90.021   90.021    0.086  0.461  0.030  0.010  2.000  0.292    0.000
  1  1  5 1991    0.000    0.000   0.000   0.000   0.000 0.000  35.000  76.644   2.506  0.455   70.000   90.021   90.021    0.086  0.461  0.030  0.010  2.000  0.292    0.000
  1 15  5 1991    0.000    0.000   0.000   0.000   0.000 0.000  35.000  72.342   2.506  0.455   70.000   90.021   90.021    0.086  0.461  0.030  0.010  2.000  0.292    0.000
  1  1  6 1991    0.000    0.000   0.000   0.000   0.000 0.000  35.000  72.331   2.506  0.455   70.000   90.021   90.021    0.086  0.461  0.030  0.010  2.000  0.292    0.000
  1 15  6 1991    0.000    0.000   0.000   0.000   0.000 0.000  35.000  72.331   2.506  0.455   70.000   90.021   90.021    0.086  0.461  0.030  0.010  2.000  0.292    0.000
  1  1  7 1991    0.000    0.000   0.000   0.000   0.000 0.000  35.000  72.331   2.506  0.455   70.000   90.021   90.021    0.086  0.461  0.030  0.010  2.000  0.292    0.000
  1 15  7 1991    0.000    0.000   0.000   0.000   0.000 0.000  35.000  72.334   2.506  0.455   70.000   90.021   90.021    0.086  0.461  0.030  0.010  2.000  0.292    0.000
  1  1  8 1991    0.000    0.000   0.000   0.000   0.000 0.000  35.000  72.331   2.506  0.455   70.000   90.021   90.021    0.086  0.461  0.030  0.010  2.000  0.292    0.000
  1 15  8 1991    0.000    0.000   0.000   0.000   0.000 0.000  35.000  72.331   2.506  0.455   70.000   90.021   90.021    0.086  0.461  0.030  0.010  2.000  0.292    0.000
  1  1  9 1991    0.000    0.000   0.000   0.000   0.000 0.000  35.000  72.331   2.506  0.455   70.000   90.021   90.021    0.086  0.461  0.030  0.010  2.000  0.292    0.000
  1 15  9 1991    0.000    0.000   0.000   0.000   0.000 0.000  35.000  72.331   2.506  0.455   70.000   90.021   90.021    0.086  0.461  0.030  0.010  2.000  0.292    0.000
  1  1 10 1991    0.000    0.000   0.000   0.000   0.000 0.000  35.000  72.331   2.506  0.455   70.000   90.021   90.021    0.086  0.461  0.030  0.010  2.000  0.292    0.000
  1 15 10 1991    0.000    0.000   0.000   0.000   0.000 0.000  35.000  72.331   2.506  0.455   70.000   90.022   90.022    0.086  0.461  0.030  0.010  2.000  0.292    0.000
  1  1 11 1991    0.000    0.000   0.000   0.000   0.000 0.000  35.000  79.139   2.506  0.455   70.000   90.022   90.022    0.086  0.461  0.030  0.010  2.000  0.292    0.000
  1 15 11 1991    0.000    0.000   0.000   0.000   0.000 0.000  35.000  72.335   2.506  0.455   70.000   90.022   90.022    0.086  0.461  0.030  0.010  2.000  0.292    0.000
  1  1 12 1991    0.000    0.000   0.000   0.000   0.000 0.000  35.000  72.331   2.506  0.455   70.000   90.022   90.022    0.086  0.461  0.030  0.010  2.000  0.292    0.000
  1 15 12 1991    0.000    0.000   0.000   0.000   0.000 0.000  35.000  76.169   2.506  0.455   70.000   90.022   90.022    0.086  0.461  0.030  0.010  2.000  0.292    0.000
  1 28 12 1991  117.400   72.528   0.000  15.110   4.800 1.001  35.000 146.239   2.506  0.455   70.000   90.022   90.022    0.086  0.461  0.030  0.010  2.000  0.292    4.435
  1 29 12 1991   37.600   18.296   0.000  10.164   1.800 1.001  35.000 161.967   2.506  0.455   70.000   90.022   90.022    0.086  0.461  0.030  0.010  2.000  0.292    0.903
  1  1  1 1992    0.000    0.000   0.000   0.000   0.000 0.000  35.000 160.233   2.506  0.455   70.000   90.022   90.022    0.086  0.461  0.030  0.010  2.000  0.292    0.000
  1  5  1 1992   42.400    5.063   0.000   0.873   5.800 1.001  35.000 209.693   2.506  0.455   70.000   90.022   90.022    0.086  0.461  0.030  0.010  2.000  0.292    0.000
  1 15  1 1992    0.000    0.000   0.000   0.000   0.000 0.000  35.000 164.585   2.506  0.455   70.000   90.022   90.022    0.086  0.461  0.030  0.010  2.000  0.292    0.000
  1  1  2 1992    0.000    0.000   0.000   0.000   0.000 0.000  35.000 129.174   2.506  0.455   70.000   90.022   90.022    0.086  0.461  0.030  0.010  2.000  0.292    0.000
  1 10  2 1992   90.000   60.366  63.320  70.785   0.853 1.001  35.000 242.933   2.506  0.455   70.000   90.022   90.022    0.086  0.461  0.030  0.010  2.000  0.292    3.392
  1 11  2 1992   68.000   46.584  46.996 111.427   0.418 1.001  35.000 248.880   2.506  0.455   70.000   90.022   90.022    0.086  0.461  0.030  0.010  2.000  0.292    2.259
  1 12  2 1992   45.500   28.944   0.000   7.236   4.000 1.001  32.400 248.948   2.506  0.455   70.000   90.022   90.022    0.086  0.461  0.030  0.010  2.000  0.292    0.933
  1 15  2 1992   19.700    0.000   0.000   0.000   0.000 0.000  35.000 238.700   2.506  0.455   70.000   90.022   90.022    0.086  0.461  0.030  0.010  2.000  0.292    0.000
  1  1  3 1992    6.800    0.000   0.000   0.000   0.000 0.000  35.000 149.120   2.506  0.455   70.000   90.022   90.022    0.086  0.461  0.030  0.010  2.000  0.292    0.000
  1  2  3 1992   72.500   13.356  95.167  43.283   0.309 1.001  35.000 204.736   2.506  0.455   70.000   90.022   90.022    0.086  0.461  0.030  0.010  2.000  0.292    0.840
  1 15  3 1992    0.000    0.000   0.000   0.000   0.000 0.000  35.000 156.166   2.506  0.455   70.000   90.022   90.022    0.086  0.461  0.030  0.010  2.000  0.292    0.000
  1 20  3 1992   61.800    5.081   0.000   1.373   3.700 1.001  35.000 204.095   2.506  0.455   70.000   90.022   90.022    0.086  0.461  0.030  0.010  2.000  0.292    0.000
  1 21  3 1992   30.100    8.553  75.893  26.367   0.324 1.001  35.000 219.832   2.506  0.455   70.000   90.022   90.022    0.086  0.461  0.030  0.010  2.000  0.292    0.564
  1  1  4 1992    6.400    0.000   0.000   0.000   0.000 0.000  35.000 185.466   2.506  0.455   70.000   90.022   90.022    0.086  0.461  0.030  0.010  2.000  0.292    0.000
  1 15  4 1992    0.000    0.000   0.000   0.000   0.000 0.000  35.000 126.242   2.506  0.455   70.000   90.022   90.022    0.086  0.461  0.030  0.010  2.000  0.292    0.000
  1  1  5 1992    0.000    0.000   0.000   0.000   0.000 0.000  35.000  77.055   2.506  0.455   70.000   90.023   90.023    0.086  0.461  0.030  0.010  2.000  0.292    0.000
  1 15  5 1992    0.000    0.000   0.000   0.000   0.000 0.000  35.000  72.344   2.506  0.455   70.000   90.023   90.023    0.086  0.461  0.030  0.010  2.000  0.292    0.000
  1  1  6 1992    0.000    0.000   0.000   0.000   0.000 0.000  35.000  72.331   2.506  0.455   70.000   90.023   90.023    0.086  0.461  0.030  0.010  2.000  0.292    0.000
  1 15  6 1992    0.000    0.000   0.000   0.000   0.000 0.000  35.000  72.331   2.506  0.455   70.000   90.023   90.023    0.086  0.461  0.030  0.010  2.000  0.292    0.000
  1  1  7 1992    0.000    0.000   0.000   0.000   0.000 0.000  35.000  72.331   2.506  0.455   70.000   90.023   90.023    0.086  0.461  0.030  0.010  2.000  0.292    0.000
  1 15  7 1992    0.000    0.000   0.000   0.000   0.000 0.000  35.000  72.523   2.506  0.455   70.000   90.023   90.023    0.086  0.461  0.030  0.010  2.000  0.292    0.000
  1  1  8 1992    0.000    0.000   0.000   0.000   0.000 0.000  35.000  72.331   2.506  0.455   70.000   90.023   90.023    0.086  0.461  0.030  0.010  2.000  0.292    0.000
  1 15  8 1992    0.000    0.000   0.000   0.000   0.000 0.000  35.000  72.331   2.506  0.455   70.000   90.023   90.023    0.086  0.461  0.030  0.010  2.000  0.292    0.000
  1  1  9 1992    0.000    0.000   0.000   0.000   0.000 0.000  35.000  72.331   2.506  0.455   70.000   90.023   90.023    0.086  0.461  0.030  0.010  2.000  0.292    0.000
  1 15  9 1992    0.000    0.000   0.000   0.000   0.000 0.000  35.000  72.331   2.506  0.455   70.000   90.023   90.023    0.086  0.461  0.030  0.010  2.000  0.292    0.000
  1  1 10 1992    0.000    0.000   0.000   0.000   0.000 0.000  35.000  72.331   2.506  0.455   70.000   90.023   90.023    0.086  0.461  0.030  0.010  2.000  0.292    0.000
  1 15 10 1992    0.000    0.000   0.000   0.000   0.000 0.000  35.000  72.331   2.506  0.455   70.000   90.023   90.023    0.086  0.461  0.030  0.010  2.000  0.292    0.000
  1  1 11 1992    0.000    0.000   0.000   0.000   0.000 0.000  35.000 123.395   2.506  0.455   70.000   90.023   90.023    0.086  0.461  0.030  0.010  2.000  0.292    0.000
  1 15 11 1992    0.000    0.000   0.000   0.000   0.000 0.000  35.000  93.227   2.506  0.455   70.000   90.024   90.024    0.086  0.461  0.030  0.010  2.000  0.292    0.000
  1  1 12 1992    0.500    0.000   0.000   0.000   0.000 0.000  35.000  73.802   2.506  0.455   70.000   90.024   90.024    0.086  0.461  0.030  0.010  2.000  0.292    0.000
  1  6 12 1992   66.900    4.198   0.000   0.591   7.100 1.001  35.000 137.602   2.506  0.455   70.000   90.024   90.024    0.086  0.461  0.030  0.010  2.000  0.292    0.000
  1  7 12 1992   90.300   69.704   0.000  21.782   3.200 1.001  35.000 154.107   2.506  0.455   70.000   90.024   90.024    0.086  0.461  0.030  0.010  2.000  0.292    4.567
  1 15 12 1992    0.000    0.000   0.000   0.000   0.000 0.000  35.000 149.104   2.506  0.455   70.000   90.024   90.024    0.086  0.461  0.030  0.010  2.000  0.292    0.000
  1 28 12 1992   41.400    0.392  88.210   0.259   1.515 1.001  35.000 187.494   2.506  0.455   70.000   90.024   90.024    0.086  0.461  0.030  0.010  2.000  0.292    0.000
  1 29 12 1992   26.000    4.783  50.031  11.026   0.434 1.001  35.000 204.984   2.506  0.455   70.000   90.024   90.024    0.086  0.461  0.030  0.010  2.000  0.292    0.251
  1  1  1 1993    5.800    0.000   0.000   0.000   0.000 0.000  35.000 198.995   2.506  0.455   70.000   90.024   90.024    0.086  0.461  0.030  0.010  2.000  0.292    0.000
  1  6  1 1993   84.100   31.953   0.000   8.636   3.700 1.001  35.000 233.559   2.506  0.455   70.000   90.024   90.024    0.086  0.461  0.030  0.010  2.000  0.292    1.341
  1  7  1 1993   58.400   30.760  69.594  71.466   0.430 1.001  35.000 248.970   2.506  0.455   70.000   90.024   90.024    0.086  0.461  0.030  0.010  2.000  0.292    1.724
  1 11  1 1993   37.200    1.335   0.000   0.351   3.800 1.001  35.000 248.807   2.506  0.455   70.000   90.024   90.024    0.086  0.461  0.030  0.010  2.000  0.292    0.000
  1 12  1 1993   47.700   31.066   0.000   4.931   6.300 1.001  32.400 248.939   2.506  0.455   70.000   90.024   90.024    0.086  0.461  0.030  0.010  2.000  0.292    0.284
  1 13  1 1993   44.100   27.499  41.232 125.362   0.219 1.001  32.400 248.732   2.506  0.455   70.000   90.024   90.024    0.086  0.461  0.030  0.010  2.000  0.292    1.276
  1 14  1 1993   79.500   62.799  56.511  97.863   0.642 1.001  32.400 248.955   2.506  0.455   70.000   90.024   90.024    0.086  0.461  0.030  0.010  2.000  0.292    3.189
  1 15  1 1993   22.700    6.267   0.000   0.560  11.200 1.001  32.400 249.048   2.506  0.455   70.000   90.024   90.024    0.086  0.461  0.030  0.010  2.000  0.292    0.000
  1 16  1 1993   47.400   31.103   0.000   5.981   5.200 1.001  32.400 249.139   2.506  0.455   70.000   90.024   90.024    0.086  0.461  0.030  0.010  2.000  0.292    0.626
  1 17  1 1993   59.900   43.641   0.000  10.910   4.000 1.001  32.400 249.029   2.506  0.455   70.000   90.024   90.024    0.086  0.461  0.030  0.010  2.000  0.292    2.273
  1  1  2 1993    0.000    0.000   0.000   0.000   0.000 0.000  35.000 161.766   2.506  0.455   70.000   90.024   90.024    0.086  0.461  0.030  0.010  2.000  0.292    0.000
  1  8  2 1993   64.200   35.050   0.000   6.740   5.200 1.001  35.000 221.358   2.506  0.455   70.000   90.024   90.024    0.086  0.461  0.030  0.010  2.000  0.292    0.978
  1 15  2 1993    0.000    0.000   0.000   0.000   0.000 0.000  35.000 174.015   2.506  0.455   70.000   90.024   90.024    0.086  0.461  0.030  0.010  2.000  0.292    0.000
  1 17  2 1993   68.800   15.084   0.000   2.901   5.200 1.001  35.000 217.715   2.506  0.455   70.000   90.024   90.024    0.086  0.461  0.030  0.010  2.000  0.292    0.000
  1 18  2 1993   45.300   20.964   0.000   4.875   4.300 1.001  35.000 233.731   2.506  0.455   70.000   90.024   90.024    0.086  0.461  0.030  0.010  2.000  0.292    0.183
  1  1  3 1993    0.500    0.000   0.000   0.000   0.000 0.000  35.000 196.693   2.506  0.455   70.000   90.024   90.024    0.086  0.461  0.030  0.010  2.000  0.292    0.000
  1 15  3 1993    0.000    0.000   0.000   0.000   0.000 0.000  35.000 132.548   2.506  0.455   70.000   90.024   90.024    0.086  0.461  0.030  0.010  2.000  0.292    0.000
  1 25  3 1993   71.200    5.462   0.000   0.815   6.700 1.001  35.000 177.246   2.506  0.455   70.000   90.024   90.024    0.086  0.461  0.030  0.010  2.000  0.292    0.000
  1 26  3 1993   25.700    5.647   0.000   1.313   4.300 1.001  35.000 192.260   2.506  0.455   70.000   90.024   90.024    0.086  0.461  0.030  0.010  2.000  0.292    0.000
  1  1  4 1993    0.000    0.000   0.000   0.000   0.000 0.000  35.000 180.689   2.506  0.455   70.000   90.024   90.024    0.086  0.461  0.030  0.010  2.000  0.292    0.000
  1 15  4 1993    0.000    0.000   0.000   0.000   0.000 0.000  35.000 119.511   2.506  0.455   70.000   90.024   90.024    0.086  0.461  0.030  0.010  2.000  0.292    0.000
  1  1  5 1993    0.000    0.000   0.000   0.000   0.000 0.000  35.000  74.093   2.506  0.455   70.000   90.024   90.024    0.086  0.461  0.030  0.010  2.000  0.292    0.000
  1 15  5 1993    0.000    0.000   0.000   0.000   0.000 0.000  35.000  72.336   2.506  0.455   70.000   90.024   90.024    0.086  0.461  0.030  0.010  2.000  0.292    0.000
  1  1  6 1993    0.000    0.000   0.000   0.000   0.000 0.000  35.000  72.331   2.506  0.455   70.000   90.024   90.024    0.086  0.461  0.030  0.010  2.000  0.292    0.000
  1 15  6 1993    0.000    0.000   0.000   0.000   0.000 0.000  35.000  72.480   2.506  0.455   70.000   90.025   90.025    0.086  0.461  0.030  0.010  2.000  0.292    0.000
  1  1  7 1993    0.000    0.000   0.000   0.000   0.000 0.000  35.000  72.331   2.506  0.455   70.000   90.025   90.025    0.086  0.461  0.030  0.010  2.000  0.292    0.000
  1 15  7 1993    0.000    0.000   0.000   0.000   0.000 0.000  35.000  72.331   2.506  0.455   70.000   90.025   90.025    0.086  0.461  0.030  0.010  2.000  0.292    0.000
  1  1  8 1993    0.000    0.000   0.000   0.000   0.000 0.000  35.000  72.331   2.506  0.455   70.000   90.025   90.025    0.086  0.461  0.030  0.010  2.000  0.292    0.000
  1 15  8 1993    0.000    0.000   0.000   0.000   0.000 0.000  35.000  72.331   2.506  0.455   70.000   90.025   90.025    0.086  0.461  0.030  0.010  2.000  0.292    0.000
  1  1  9 1993    0.000    0.000   0.000   0.000   0.000 0.000  35.000  72.331   2.506  0.455   70.000   90.025   90.025    0.086  0.461  0.030  0.010  2.000  0.292    0.000
  1 15  9 1993    0.000    0.000   0.000   0.000   0.000 0.000  35.000  72.331   2.506  0.455   70.000   90.025   90.025    0.086  0.461  0.030  0.010  2.000  0.292    0.000
  1  1 10 1993    0.000    0.000   0.000   0.000   0.000 0.000  35.000  72.331   2.506  0.455   70.000   90.025   90.025    0.086  0.461  0.030  0.010  2.000  0.292    0.000
  1 15 10 1993    0.000    0.000   0.000   0.000   0.000 0.000  35.000  75.230   2.506  0.455   70.000   90.025   90.025    0.086  0.461  0.030  0.010  2.000  0.292    0.000
  1  1 11 1993    0.000    0.000   0.000   0.000   0.000 0.000  35.000  72.331   2.506  0.455   70.000   90.025   90.025    0.086  0.461  0.030  0.010  2.000  0.292    0.000
  1 15 11 1993    0.000    0.000   0.000   0.000   0.000 0.000  35.000  76.230   2.506  0.455   70.000   90.025   90.025    0.086  0.461  0.030  0.010  2.000  0.292    0.000
  1  1 12 1993    0.000    0.000   0.000   0.000   0.000 0.000  35.000  85.910   2.506  0.455   70.000   90.025   90.025    0.086  0.461  0.030  0.010  2.000  0.292    0.000
  1 15 12 1993    0.000    0.000   0.000   0.000   0.000 0.000  35.000 102.373   2.506  0.455   70.000   90.025   90.025    0.086  0.461  0.030  0.010  2.000  0.292    0.000
  1  1  1 1994    0.000    0.000   0.000   0.000   0.000 0.000  35.000  83.652   2.506  0.455   70.000   90.026   90.026    0.086  0.461  0.030  0.010  2.000  0.292    0.000
  1 15  1 1994    0.000    0.000   0.000   0.000   0.000 0.000  35.000  72.549   2.506  0.455   70.000   90.026   90.026    0.086  0.461  0.030  0.010  2.000  0.292    0.000
  1  1  2 1994    0.000    0.000   0.000   0.000   0.000 0.000  35.000  74.321   2.506  0.455   70.000   90.026   90.026    0.086  0.461  0.030  0.010  2.000  0.292    0.000
  1 15  2 1994    0.000    0.000   0.000   0.000   0.000 0.000  35.000 101.363   2.506  0.455   70.000   90.026   90.026    0.086  0.461  0.030  0.010  2.000  0.292    0.000
  1  1  3 1994    0.000    0.000   0.000   0.000   0.000 0.000  35.000 148.577   2.506  0.455   70.000   90.026   90.026    0.086  0.461  0.030  0.010  2.000  0.292    0.000
  1 15  3 1994    0.000    0.000   0.000   0.000   0.000 0.000  35.000 125.288   2.506  0.455   70.000   90.026   90.026    0.086  0.461  0.030  0.010  2.000  0.292    0.000
  1  1  4 1994    0.000    0.000   0.000   0.000   0.000 0.000  35.000 142.781   2.506  0.455   70.000   90.026   90.026    0.086  0.461  0.030  0.010  2.000  0.292    0.000
  1 15  4 1994    0.000    0.000   0.000   0.000   0.000 0.000  35.000 106.045   2.506  0.455   70.000   90.026   90.026    0.086  0.461  0.030  0.010  2.000  0.292    0.000
  1  1  5 1994    0.000    0.000   0.000   0.000   0.000 0.000  35.000  76.394   2.506  0.455   70.000   90.026   90.026    0.086  0.461  0.030  0.010  2.000  0.292    0.000
  1 15  5 1994    0.000    0.000   0.000   0.000   0.000 0.000  35.000  72.346   2.506  0.455   70.000   90.026   90.026    0.086  0.461  0.030  0.010  2.000  0.292    0.000
  1  1  6 1994    0.000    0.000   0.000   0.000   0.000 0.000  35.000  72.331   2.506  0.455   70.000   90.026   90.026    0.086  0.461  0.030  0.010  2.000  0.292    0.000
  1 15  6 1994    0.000    0.000   0.000   0.000   0.000 0.000  35.000  72.331   2.506  0.455   70.000   90.026   90.026    0.086  0.461  0.030  0.010  2.000  0.292    0.000
  1  1  7 1994    0.000    0.000   0.000   0.000   0.000 0.000  35.000  72.331   2.506  0.455   70.000   90.026   90.026    0.086  0.461  0.030  0.010  2.000  0.292    0.000
  1 15  7 1994    0.000    0.000   0.000   0.000   0.000 0.000  35.000  72.331   2.506  0.455   70.000   90.027   90.027    0.086  0.461  0.030  0.010  2.000  0.292    0.000
  1  1  8 1994    0.000    0.000   0.000   0.000   0.000 0.000  35.000  72.331   2.506  0.455   70.000   90.027   90.027    0.086  0.461  0.030  0.010  2.000  0.292    0.000
  1 15  8 1994    0.000    0.000   0.000   0.000   0.000 0.000  35.000  72.331   2.506  0.455   70.000   90.027   90.027    0.086  0.461  0.030  0.010  2.000  0.292    0.000
  1  1  9 1994    0.000    0.000   0.000   0.000   0.000 0.000  35.000  72.331   2.506  0.455   70.000   90.027   90.027    0.086  0.461  0.030  0.010  2.000  0.292    0.000
  1 15  9 1994    0.000    0.000   0.000   0.000   0.000 0.000  35.000  72.331   2.506  0.455   70.000   90.027   90.027    0.086  0.461  0.030  0.010  2.000  0.292    0.000
  1  1 10 1994    0.000    0.000   0.000   0.000   0.000 0.000  35.000  72.331   2.506  0.455   70.000   90.027   90.027    0.086  0.461  0.030  0.010  2.000  0.292    0.000
  1 15 10 1994    0.000    0.000   0.000   0.000   0.000 0.000  35.000  72.773   2.506  0.455   70.000   90.027   90.027    0.086  0.461  0.030  0.010  2.000  0.292    0.000
  1  1 11 1994    0.800    0.000   0.000   0.000   0.000 0.000  35.000  72.331   2.506  0.455   70.000   90.027   90.027    0.086  0.461  0.030  0.010  2.000  0.292    0.000
  1 15 11 1994    0.000    0.000   0.000   0.000   0.000 0.000  35.000  76.605   2.506  0.455   70.000   90.027   90.027    0.086  0.461  0.030  0.010  2.000  0.292    0.000
  1  1 12 1994    0.000    0.000   0.000   0.000   0.000 0.000  35.000  72.405   2.506  0.455   70.000   90.027   90.027    0.086  0.461  0.030  0.010  2.000  0.292    0.000
  1 15 12 1994    0.000    0.000   0.000   0.000   0.000 0.000  35.000  82.164   2.506  0.455   70.000   90.027   90.027    0.086  0.461  0.030  0.010  2.000  0.292    0.000
  1  1  1 1995    0.000    0.000   0.000   0.000   0.000 0.000  35.000  93.571   2.506  0.455   70.000   90.027   90.027    0.086  0.461  0.030  0.010  2.000  0.292    0.000
  1  3  1 1995  160.900  105.203  95.436 132.026   0.797 1.001  35.000 145.132   2.506  0.455   70.000   90.027   90.027    0.086  0.461  0.030  0.010  2.000  0.292    4.784
  1  4  1 1995   38.800   19.328   0.000   3.451   5.600 1.001  35.000 160.704   2.506  0.455   70.000   90.027   90.027    0.086  0.461  0.030  0.010  2.000  0.292    0.000
  1  7  1 1995   74.700   43.294  50.661  58.723   0.737 1.001  35.000 201.365   2.506  0.455   70.000   90.027   90.027    0.086  0.461  0.030  0.010  2.000  0.292    2.555
  1  8  1 1995   28.800    9.503   0.000   1.827   5.200 1.001  35.000 216.617   2.506  0.455   70.000   90.027   90.027    0.086  0.461  0.030  0.010  2.000  0.292    0.000
  1  9  1 1995   92.100   68.865  45.985  85.960   0.801 1.001  35.000 233.270   2.506  0.455   70.000   90.027   90.027    0.086  0.461  0.030  0.010  2.000  0.292    3.650
  1 10  1 1995  136.400  108.153  41.633 110.038   0.983 1.001  35.000 248.687   2.506  0.455   70.000   90.027   90.027    0.086  0.461  0.030  0.010  2.000  0.292    5.269
  1 11  1 1995   21.900    5.222   0.000   1.865   2.800 1.001  32.400 249.090   2.506  0.455   70.000   90.027   90.027    0.086  0.461  0.030  0.010  2.000  0.292    0.000
  1 15  1 1995    3.000    0.000   0.000   0.000   0.000 0.000  35.000 221.217   2.506  0.455   70.000   90.027   90.027    0.086  0.461  0.030  0.010  2.000  0.292    0.000
  1 23  1 1995   65.100   21.674   0.000   3.440   6.300 1.001  35.000 229.525   2.506  0.455   70.000   90.027   90.027    0.086  0.461  0.030  0.010  2.000  0.292    0.000
  1 24  1 1995   94.100   66.030  32.882  11.791   5.600 1.001  35.000 246.276   2.506  0.455   70.000   90.027   90.027    0.086  0.461  0.030  0.010  2.000  0.292    3.616
  1 25  1 1995   21.900    3.360   0.000   0.611   5.500 1.001  32.400 249.030   2.506  0.455   70.000   90.028   90.028    0.086  0.461  0.030  0.010  2.000  0.292    0.000
  1  1  2 1995    0.000    0.000   0.000   0.000   0.000 0.000  35.000 179.534   2.506  0.455   70.000   90.028   90.028    0.086  0.461  0.030  0.010  2.000  0.292    0.000
  1 14  2 1995   28.300    1.263  37.588   0.214   5.900 1.001  35.000 222.344   2.506  0.455   70.000   90.028   90.028    0.086  0.461  0.030  0.010  2.000  0.292    0.000
  1 15  2 1995    0.000    0.000   0.000   0.000   0.000 0.000  35.000 215.394   2.506  0.455   70.000   90.028   90.028    0.086  0.461  0.030  0.010  2.000  0.292    0.000
  1  1  3 1995    9.700    0.000   0.000   0.000   0.000 0.000  35.000 151.572   2.506  0.455   70.000   90.028   90.028    0.086  0.461  0.030  0.010  2.000  0.292    0.000
  1  5  3 1995   48.400   15.608   0.000   3.902   4.000 1.001  35.000 217.548   2.506  0.455   70.000   90.028   90.028    0.086  0.461  0.030  0.010  2.000  0.292    0.034
  1 10  3 1995   74.300   27.992   0.000   4.057   6.900 1.001  35.000 237.913   2.506  0.455   70.000   90.028   90.028    0.086  0.461  0.030  0.010  2.000  0.292    0.089
  1 11  3 1995   48.900   23.649  48.645  53.734   0.440 1.001  35.000 248.298   2.506  0.455   70.000   90.028   90.028    0.086  0.461  0.030  0.010  2.000  0.292    1.425
  1 15  3 1995    0.000    0.000   0.000   0.000   0.000 0.000  35.000 197.580   2.506  0.455   70.000   90.028   90.028    0.086  0.461  0.030  0.010  2.000  0.292    0.000
  1  1  4 1995    0.000    0.000   0.000   0.000   0.000 0.000  35.000 144.921   2.506  0.455   70.000   90.028   90.028    0.086  0.461  0.030  0.010  2.000  0.292    0.000
  1 15  4 1995    0.000    0.000   0.000   0.000   0.000 0.000  35.000 106.138   2.506  0.455   70.000   90.028   90.028    0.086  0.461  0.030  0.010  2.000  0.292    0.000
  1  1  5 1995    0.000    0.000   0.000   0.000   0.000 0.000  35.000  81.862   2.506  0.455   70.000   90.028   90.028    0.086  0.461  0.030  0.010  2.000  0.292    0.000
  1 15  5 1995   11.800    0.000   0.000   0.000   0.000 0.000  35.000  81.526   2.506  0.455   70.000   90.028   90.028    0.086  0.461  0.030  0.010  2.000  0.292    0.000
  1  1  6 1995    0.000    0.000   0.000   0.000   0.000 0.000  35.000  72.331   2.506  0.455   70.000   90.028   90.028    0.086  0.461  0.030  0.010  2.000  0.292    0.000
  1 15  6 1995   11.800    0.000   0.000   0.000   0.000 0.000  35.000  82.390   2.506  0.455   70.000   90.028   90.028    0.086  0.461  0.030  0.010  2.000  0.292    0.000
  1  1  7 1995    0.000    0.000   0.000   0.000   0.000 0.000  35.000  72.331   2.506  0.455   70.000   90.028   90.028    0.086  0.461  0.030  0.010  2.000  0.292    0.000
  1 15  7 1995    0.500    0.000   0.000   0.000   0.000 0.000  35.000  72.331   2.506  0.455   70.000   90.028   90.028    0.086  0.461  0.030  0.010  2.000  0.292    0.000
  1  1  8 1995    0.000    0.000   0.000   0.000   0.000 0.000  35.000  72.331   2.506  0.455   70.000   90.028   90.028    0.086  0.461  0.030  0.010  2.000  0.292    0.000
  1 15  8 1995    0.000    0.000   0.000   0.000   0.000 0.000  35.000  72.331   2.506  0.455   70.000   90.029   90.029    0.086  0.461  0.030  0.010  2.000  0.292    0.000
  1  1  9 1995    0.000    0.000   0.000   0.000   0.000 0.000  35.000  72.331   2.506  0.455   70.000   90.029   90.029    0.086  0.461  0.030  0.010  2.000  0.292    0.000
  1 15  9 1995    0.000    0.000   0.000   0.000   0.000 0.000  35.000  72.331   2.506  0.455   70.000   90.029   90.029    0.086  0.461  0.030  0.010  2.000  0.292    0.000
  1  1 10 1995    0.000    0.000   0.000   0.000   0.000 0.000  35.000  72.331   2.506  0.455   70.000   90.029   90.029    0.086  0.461  0.030  0.010  2.000  0.292    0.000
  1 15 10 1995    0.000    0.000   0.000   0.000   0.000 0.000  35.000  72.331   2.506  0.455   70.000   90.029   90.029    0.086  0.461  0.030  0.010  2.000  0.292    0.000
  1  1 11 1995    3.000    0.000   0.000   0.000   0.000 0.000  35.000  75.827   2.506  0.455   70.000   90.029   90.029    0.086  0.461  0.030  0.010  2.000  0.292    0.000
  1 15 11 1995    0.000    0.000   0.000   0.000   0.000 0.000  35.000  72.333   2.506  0.455   70.000   90.029   90.029    0.086  0.461  0.030  0.010  2.000  0.292    0.000
  1  1 12 1995    0.000    0.000   0.000   0.000   0.000 0.000  35.000  72.331   2.506  0.455   70.000   90.029   90.029    0.086  0.461  0.030  0.010  2.000  0.292    0.000
  1 15 12 1995    0.000    0.000   0.000   0.000   0.000 0.000  35.000 108.274   2.506  0.455   70.000   90.029   90.029    0.086  0.461  0.030  0.010  2.000  0.292    0.000
  1  1  1 1996    0.000    0.000   0.000   0.000   0.000 0.000  35.000 114.404   2.506  0.455   70.000   90.029   90.029    0.086  0.461  0.030  0.010  2.000  0.292    0.000
  1 15  1 1996    2.500    0.000   0.000   0.000   0.000 0.000  35.000  96.304   2.506  0.455   70.000   90.029   90.029    0.086  0.461  0.030  0.010  2.000  0.292    0.000
  1 31  1 1996   59.900    4.629   0.000   0.842   5.500 1.001  35.000 154.411   2.506  0.455   70.000   90.029   90.029    0.086  0.461  0.030  0.010  2.000  0.292    0.000
  1  1  2 1996    1.800    0.000   0.000   0.000   0.000 0.000  35.000 154.508   2.506  0.455   70.000   90.029   90.029    0.086  0.461  0.030  0.010  2.000  0.292    0.000
  1 15  2 1996    0.000    0.000   0.000   0.000   0.000 0.000  35.000 141.451   2.506  0.455   70.000   90.029   90.029    0.086  0.461  0.030  0.010  2.000  0.292    0.000
  1 19  2 1996   99.300   33.834   0.000   3.222  10.500 1.001  35.000 198.750   2.506  0.455   70.000   90.029   90.029    0.086  0.461  0.030  0.010  2.000  0.292    0.000
  1 20  2 1996  103.400   82.568  52.246  85.415   0.967 1.001  35.000 215.389   2.506  0.455   70.000   90.029   90.029    0.086  0.461  0.030  0.010  2.000  0.292    4.385
  1  1  3 1996    0.000    0.000   0.000   0.000   0.000 0.000  35.000 179.442   2.506  0.455   70.000   90.029   90.029    0.086  0.461  0.030  0.010  2.000  0.292    0.000
  1 15  3 1996    0.000    0.000   0.000   0.000   0.000 0.000  35.000 180.926   2.506  0.455   70.000   90.030   90.030    0.086  0.461  0.030  0.010  2.000  0.292    0.000
  1  1  4 1996    2.300    0.000   0.000   0.000   0.000 0.000  35.000 129.467   2.506  0.455   70.000   90.030   90.030    0.086  0.461  0.030  0.010  2.000  0.292    0.000
  1 15  4 1996    0.500    0.000   0.000   0.000   0.000 0.000  35.000  87.003   2.506  0.455   70.000   90.030   90.030    0.086  0.461  0.030  0.010  2.000  0.292    0.000
  1  1  5 1996    0.000    0.000   0.000   0.000   0.000 0.000  35.000  72.488   2.506  0.455   70.000   90.030   90.030    0.086  0.461  0.030  0.010  2.000  0.292    0.000
  1 15  5 1996    0.000    0.000   0.000   0.000   0.000 0.000  35.000  72.331   2.506  0.455   70.000   90.030   90.030    0.086  0.461  0.030  0.010  2.000  0.292    0.000
  1  1  6 1996    0.000    0.000   0.000   0.000   0.000 0.000  35.000  72.331   2.506  0.455   70.000   90.030   90.030    0.086  0.461  0.030  0.010  2.000  0.292    0.000
  1 15  6 1996    0.000    0.000   0.000   0.000   0.000 0.000  35.000  72.331   2.506  0.455   70.000   90.030   90.030    0.086  0.461  0.030  0.010  2.000  0.292    0.000
  1  1  7 1996    0.000    0.000   0.000   0.000   0.000 0.000  35.000  72.331   2.506  0.455   70.000   90.030   90.030    0.086  0.461  0.030  0.010  2.000  0.292    0.000
  1 15  7 1996    0.000    0.000   0.000   0.000   0.000 0.000  35.000  72.331   2.506  0.455   70.000   90.030   90.030    0.086  0.461  0.030  0.010  2.000  0.292    0.000
  1  1  8 1996    0.000    0.000   0.000   0.000   0.000 0.000  35.000  72.331   2.506  0.455   70.000   90.030   90.030    0.086  0.461  0.030  0.010  2.000  0.292    0.000
  1 15  8 1996    0.000    0.000   0.000   0.000   0.000 0.000  35.000  72.331   2.506  0.455   70.000   90.030   90.030    0.086  0.461  0.030  0.010  2.000  0.292    0.000
  1  1  9 1996    0.000    0.000   0.000   0.000   0.000 0.000  35.000  72.331   2.506  0.455   70.000   90.030   90.030    0.086  0.461  0.030  0.010  2.000  0.292    0.000
  1 15  9 1996    0.000    0.000   0.000   0.000   0.000 0.000  35.000  72.331   2.506  0.455   70.000   90.030   90.030    0.086  0.461  0.030  0.010  2.000  0.292    0.000
  1  1 10 1996    0.000    0.000   0.000   0.000   0.000 0.000  35.000  72.331   2.506  0.455   70.000   90.031   90.031    0.086  0.461  0.030  0.010  2.000  0.292    0.000
  1 15 10 1996    0.000    0.000   0.000   0.000   0.000 0.000  35.000  72.331   2.506  0.455   70.000   90.031   90.031    0.086  0.461  0.030  0.010  2.000  0.292    0.000
  1 29 10 1996   42.200    0.057 140.015   0.131   0.439 1.001  35.000 114.577   2.506  0.455   70.000   90.031   90.031    0.086  0.461  0.030  0.010  2.000  0.292    0.000
  1 30 10 1996   26.900    0.087  66.149   1.274   0.068 1.001  35.000 140.079   2.506  0.455   70.000   90.031   90.031    0.086  0.461  0.030  0.010  2.000  0.292    0.000
  1  1 11 1996    0.000    0.000   0.000   0.000   0.000 0.000  35.000 136.054   2.506  0.455   70.000   90.031   90.031    0.086  0.461  0.030  0.010  2.000  0.292    0.000
  1 15 11 1996    0.000    0.000   0.000   0.000   0.000 0.000  35.000 106.805   2.506  0.455   70.000   90.031   90.031    0.086  0.461  0.030  0.010  2.000  0.292    0.000
  1  1 12 1996    0.000    0.000   0.000   0.000   0.000 0.000  35.000 143.838   2.506  0.455   70.000   90.031   90.031    0.086  0.461  0.030  0.010  2.000  0.292    0.000
  1  9 12 1996   39.400   14.513  46.578  56.399   0.257 1.001  35.000 207.155   2.506  0.455   70.000   90.031   90.031    0.086  0.461  0.030  0.010  2.000  0.292    0.865
  1 10 12 1996   32.800   12.530   0.000   3.297   3.800 1.001  35.000 222.676   2.506  0.455   70.000   90.031   90.031    0.086  0.461  0.030  0.010  2.000  0.292    0.000
  1 11 12 1996   29.000    5.117   0.000   2.225   2.300 1.001  35.000 237.911   2.506  0.455   70.000   90.031   90.031    0.086  0.461  0.030  0.010  2.000  0.292    0.000
  1 15 12 1996    0.000    0.000   0.000   0.000   0.000 0.000  35.000 197.325   2.506  0.455   70.000   90.031   90.031    0.086  0.461  0.030  0.010  2.000  0.292    0.000
  1  1  1 1997    7.400    0.000   0.000   0.000   0.000 0.000  35.000 187.826   2.506  0.455   70.000   90.031   90.031    0.086  0.461  0.030  0.010  2.000  0.292    0.000
  1 15  1 1997   29.600    0.000   0.000   0.000   0.000 0.000  35.000 231.035   2.506  0.455   70.000   90.031   90.031    0.086  0.461  0.030  0.010  2.000  0.292    0.000
  1 25  1 1997   34.100    3.177  48.794   6.898   0.461 1.001  35.000 249.170   2.506  0.455   70.000   90.031   90.031    0.086  0.461  0.030  0.010  2.000  0.292    0.093
  1  1  2 1997    0.000    0.000   0.000   0.000   0.000 0.000  35.000 182.551   2.506  0.455   70.000   90.031   90.031    0.086  0.461  0.030  0.010  2.000  0.292    0.000
  1 15  2 1997    0.000    0.000   0.000   0.000   0.000 0.000  35.000 138.451   2.506  0.455   70.000   90.031   90.031    0.086  0.461  0.030  0.010  2.000  0.292    0.000
  1  1  3 1997    0.000    0.000   0.000   0.000   0.000 0.000  35.000 114.533   2.506  0.455   70.000   90.031   90.031    0.086  0.461  0.030  0.010  2.000  0.292    0.000
  1 15  3 1997    0.000    0.000   0.000   0.000   0.000 0.000  35.000  83.005   2.506  0.455   70.000   90.031   90.031    0.086  0.461  0.030  0.010  2.000  0.292    0.000
  1  1  4 1997    0.000    0.000   0.000   0.000   0.000 0.000  35.000  72.340   2.506  0.455   70.000   90.031   90.031    0.086  0.461  0.030  0.010  2.000  0.292    0.000
  1 15  4 1997    0.000    0.000   0.000   0.000   0.000 0.000  35.000  72.331   2.506  0.455   70.000   90.032   90.032    0.086  0.461  0.030  0.010  2.000  0.292    0.000
  1  1  5 1997    0.000    0.000   0.000   0.000   0.000 0.000  35.000  72.331   2.506  0.455   70.000   90.032   90.032    0.086  0.461  0.030  0.010  2.000  0.292    0.000
  1 15  5 1997    0.000    0.000   0.000   0.000   0.000 0.000  35.000  72.331   2.506  0.455   70.000   90.032   90.032    0.086  0.461  0.030  0.010  2.000  0.292    0.000
  1  1  6 1997    0.000    0.000   0.000   0.000   0.000 0.000  35.000  72.331   2.506  0.455   70.000   90.032   90.032    0.086  0.461  0.030  0.010  2.000  0.292    0.000
  1 15  6 1997    0.000    0.000   0.000   0.000   0.000 0.000  35.000  72.331   2.506  0.455   70.000   90.032   90.032    0.086  0.461  0.030  0.010  2.000  0.292    0.000
  1  1  7 1997    0.000    0.000   0.000   0.000   0.000 0.000  35.000  72.331   2.506  0.455   70.000   90.032   90.032    0.086  0.461  0.030  0.010  2.000  0.292    0.000
  1 15  7 1997    0.000    0.000   0.000   0.000   0.000 0.000  35.000  72.331   2.506  0.455   70.000   90.032   90.032    0.086  0.461  0.030  0.010  2.000  0.292    0.000
  1  1  8 1997    0.000    0.000   0.000   0.000   0.000 0.000  35.000  72.331   2.506  0.455   70.000   90.032   90.032    0.086  0.461  0.030  0.010  2.000  0.292    0.000
  1 15  8 1997    0.000    0.000   0.000   0.000   0.000 0.000  35.000  72.331   2.506  0.455   70.000   90.032   90.032    0.086  0.461  0.030  0.010  2.000  0.292    0.000
  1  1  9 1997    0.000    0.000   0.000   0.000   0.000 0.000  35.000  72.331   2.506  0.455   70.000   90.032   90.032    0.086  0.461  0.030  0.010  2.000  0.292    0.000
  1 15  9 1997    0.000    0.000   0.000   0.000   0.000 0.000  35.000  72.331   2.506  0.455   70.000   90.032   90.032    0.086  0.461  0.030  0.010  2.000  0.292    0.000
  1  1 10 1997    0.000    0.000   0.000   0.000   0.000 0.000  35.000  72.369   2.506  0.455   70.000   90.032   90.032    0.086  0.461  0.030  0.010  2.000  0.292    0.000
  1 15 10 1997    0.000    0.000   0.000   0.000   0.000 0.000  35.000  72.331   2.506  0.455   70.000   90.032   90.032    0.086  0.461  0.030  0.010  2.000  0.292    0.000
  1  1 11 1997    0.000    0.000   0.000   0.000   0.000 0.000  35.000  72.331   2.506  0.455   70.000   90.033   90.033    0.086  0.461  0.030  0.010  2.000  0.292    0.000
  1 15 11 1997    1.000    0.000   0.000   0.000   0.000 0.000  35.000 106.949   2.506  0.455   70.000   90.033   90.033    0.086  0.461  0.030  0.010  2.000  0.292    0.000
  1  1 12 1997    0.000    0.000   0.000   0.000   0.000 0.000  35.000 133.826   2.506  0.455   70.000   90.033   90.033    0.086  0.461  0.030  0.010  2.000  0.292    0.000
  1  5 12 1997   40.600    0.840   0.000   0.233   3.600 1.001  35.000 171.187   2.506  0.455   70.000   90.033   90.033    0.086  0.461  0.030  0.010  2.000  0.292    0.000
  1  6 12 1997   43.900   24.000   0.000   6.154   3.900 1.001  35.000 186.982   2.506  0.455   70.000   90.033   90.033    0.086  0.461  0.030  0.010  2.000  0.292    0.528
  1 15 12 1997    0.000    0.000   0.000   0.000   0.000 0.000  35.000 168.409   2.506  0.455   70.000   90.033   90.033    0.086  0.461  0.030  0.010  2.000  0.292    0.000
  1  1  1 1998    0.000    0.000   0.000   0.000   0.000 0.000  35.000 150.251   2.506  0.455   70.000   90.033   90.033    0.086  0.461  0.030  0.010  2.000  0.292    0.000
  1 15  1 1998    3.800    0.000   0.000   0.000   0.000 0.000  35.000 184.404   2.506  0.455   70.000   90.033   90.033    0.086  0.461  0.030  0.010  2.000  0.292    0.000
  1  1  2 1998    2.800    0.000   0.000   0.000   0.000 0.000  35.000 181.538   2.506  0.455   70.000   90.033   90.033    0.086  0.461  0.030  0.010  2.000  0.292    0.000
  1  3  2 1998   58.400   29.629   0.000   6.584   4.500 1.001  35.000 231.594   2.506  0.455   70.000   90.033   90.033    0.086  0.461  0.030  0.010  2.000  0.292    0.782
  1  6  2 1998   35.100    6.431   0.000   0.731   8.800 1.001  35.000 248.824   2.506  0.455   70.000   90.033   90.033    0.086  0.461  0.030  0.010  2.000  0.292    0.000
  1  7  2 1998   23.500    6.827   0.000   1.588   4.300 1.001  32.400 248.819   2.506  0.455   70.000   90.033   90.033    0.086  0.461  0.030  0.010  2.000  0.292    0.000
  1  8  2 1998   16.700    0.143   0.000   0.131   1.098 1.001  32.400 248.833   2.506  0.455   70.000   90.033   90.033    0.086  0.461  0.030  0.010  2.000  0.292    0.000
  1 15  2 1998    0.800    0.000   0.000   0.000   0.000 0.000  35.000 232.005   2.506  0.455   70.000   90.033   90.033    0.086  0.461  0.030  0.010  2.000  0.292    0.000
  1 22  2 1998   53.500    8.926   0.000   2.550   3.500 1.001  35.000 248.913   2.506  0.455   70.000   90.033   90.033    0.086  0.461  0.030  0.010  2.000  0.292    0.000
  1 23  2 1998   44.300   27.774  39.649 152.358   0.182 1.001  32.400 248.943   2.506  0.455   70.000   90.033   90.033    0.086  0.461  0.030  0.010  2.000  0.292    1.191
  1  1  3 1998    0.000    0.000   0.000   0.000   0.000 0.000  35.000 188.186   2.506  0.455   70.000   90.033   90.033    0.086  0.461  0.030  0.010  2.000  0.292    0.000
  1 15  3 1998    0.000    0.000   0.000   0.000   0.000 0.000  35.000 151.670   2.506  0.455   70.000   90.033   90.033    0.086  0.461  0.030  0.010  2.000  0.292    0.000
  1 25  3 1998   96.400   27.600   0.000   6.732   4.100 1.001  35.000 197.610   2.506  0.455   70.000   90.033   90.033    0.086  0.461  0.030  0.010  2.000  0.292    0.768
  1  1  4 1998    9.800    0.000   0.000   0.000   0.000 0.000  35.000 194.102   2.506  0.455   70.000   90.033   90.033    0.086  0.461  0.030  0.010  2.000  0.292    0.000
  1 15  4 1998    0.000    0.000   0.000   0.000   0.000 0.000  35.000 163.668   2.506  0.455   70.000   90.033   90.033    0.086  0.461  0.030  0.010  2.000  0.292    0.000
  1  1  5 1998    0.000    0.000   0.000   0.000   0.000 0.000  35.000 109.884   2.506  0.455   70.000   90.033   90.033    0.086  0.461  0.030  0.010  2.000  0.292    0.000
  1 13  5 1998   25.700    0.841  67.386   0.812   1.035 1.001  35.000 184.725   2.506  0.455   70.000   90.034   90.034    0.086  0.461  0.030  0.010  2.000  0.292    0.000
  1 15  5 1998    0.000    0.000   0.000   0.000   0.000 0.000  35.000 176.170   2.506  0.455   70.000   90.034   90.034    0.086  0.461  0.030  0.010  2.000  0.292    0.000
  1  1  6 1998    0.000    0.000   0.000   0.000   0.000 0.000  35.000 113.404   2.506  0.455   70.000   90.034   90.034    0.086  0.461  0.030  0.010  2.000  0.292    0.000
  1 15  6 1998    0.300    0.000   0.000   0.000   0.000 0.000  35.000  76.436   2.506  0.455   70.000   90.034   90.034    0.086  0.461  0.030  0.010  2.000  0.292    0.000
  1  1  7 1998    0.000    0.000   0.000   0.000   0.000 0.000  35.000  72.336   2.506  0.455   70.000   90.034   90.034    0.086  0.461  0.030  0.010  2.000  0.292    0.000
  1 15  7 1998    0.000    0.000   0.000   0.000   0.000 0.000  35.000  72.331   2.506  0.455   70.000   90.034   90.034    0.086  0.461  0.030  0.010  2.000  0.292    0.000
  1  1  8 1998    0.000    0.000   0.000   0.000   0.000 0.000  35.000  72.331   2.506  0.455   70.000   90.034   90.034    0.086  0.461  0.030  0.010  2.000  0.292    0.000
  1 15  8 1998    0.000    0.000   0.000   0.000   0.000 0.000  35.000  72.331   2.506  0.455   70.000   90.034   90.034    0.086  0.461  0.030  0.010  2.000  0.292    0.000
  1  1  9 1998    0.000    0.000   0.000   0.000   0.000 0.000  35.000  72.331   2.506  0.455   70.000   90.034   90.034    0.086  0.461  0.030  0.010  2.000  0.292    0.000
  1 15  9 1998    0.000    0.000   0.000   0.000   0.000 0.000  35.000  72.331   2.506  0.455   70.000   90.034   90.034    0.086  0.461  0.030  0.010  2.000  0.292    0.000
  1  1 10 1998    0.000    0.000   0.000   0.000   0.000 0.000  35.000  72.331   2.506  0.455   70.000   90.034   90.034    0.086  0.461  0.030  0.010  2.000  0.292    0.000
  1 15 10 1998    0.000    0.000   0.000   0.000   0.000 0.000  35.000  72.331   2.506  0.455   70.000   90.034   90.034    0.086  0.461  0.030  0.010  2.000  0.292    0.000
  1  1 11 1998    0.000    0.000   0.000   0.000   0.000 0.000  35.000  72.331   2.506  0.455   70.000   90.034   90.034    0.086  0.461  0.030  0.010  2.000  0.292    0.000
  1 15 11 1998    0.000    0.000   0.000   0.000   0.000 0.000  35.000  92.305   2.506  0.455   70.000   90.034   90.034    0.086  0.461  0.030  0.010  2.000  0.292    0.000
  1  1 12 1998    9.600    0.000   0.000   0.000   0.000 0.000  35.000 103.970   2.506  0.455   70.000   90.035   90.035    0.086  0.461  0.030  0.010  2.000  0.292    0.000
  1 15 12 1998    0.000    0.000   0.000   0.000   0.000 0.000  35.000  89.053   2.506  0.455   70.000   90.035   90.035    0.086  0.461  0.030  0.010  2.000  0.292    0.000
  1  1  1 1999    0.000    0.000   0.000   0.000   0.000 0.000  35.000  73.206   2.506  0.455   70.000   90.035   90.035    0.086  0.461  0.030  0.010  2.000  0.292    0.000
  1 15  1 1999    0.000    0.000   0.000   0.000   0.000 0.000  35.000  72.356   2.506  0.455   70.000   90.035   90.035    0.086  0.461  0.030  0.010  2.000  0.292    0.000
  1  1  2 1999    0.000    0.000   0.000   0.000   0.000 0.000  35.000 104.251   2.506  0.455   70.000   90.035   90.035    0.086  0.461  0.030  0.010  2.000  0.292    0.000
  1 15  2 1999    0.000    0.000   0.000   0.000   0.000 0.000  35.000 115.557   2.506  0.455   70.000   90.035   90.035    0.086  0.461  0.030  0.010  2.000  0.292    0.000
  1  1  3 1999    0.000    0.000   0.000   0.000   0.000 0.000  35.000  88.005   2.506  0.455   70.000   90.035   90.035    0.086  0.461  0.030  0.010  2.000  0.292    0.000
  1 15  3 1999   18.900    0.000   0.000   0.000   0.000 0.000  35.000  91.080   2.506  0.455   70.000   90.035   90.035    0.086  0.461  0.030  0.010  2.000  0.292    0.000
  1  1  4 1999    1.800    0.000   0.000   0.000   0.000 0.000  35.000  92.476   2.506  0.455   70.000   90.035   90.035    0.086  0.461  0.030  0.010  2.000  0.292    0.000
  1 15  4 1999    0.000    0.000   0.000   0.000   0.000 0.000  35.000 120.508   2.506  0.455   70.000   90.035   90.035    0.086  0.461  0.030  0.010  2.000  0.292    0.000
  1  1  5 1999    0.000    0.000   0.000   0.000   0.000 0.000  35.000  83.143   2.506  0.455   70.000   90.035   90.035    0.086  0.461  0.030  0.010  2.000  0.292    0.000
  1 15  5 1999    0.000    0.000   0.000   0.000   0.000 0.000  35.000  72.407   2.506  0.455   70.000   90.035   90.035    0.086  0.461  0.030  0.010  2.000  0.292    0.000
  1  1  6 1999    0.000    0.000   0.000   0.000   0.000 0.000  35.000  72.331   2.506  0.455   70.000   90.035   90.035    0.086  0.461  0.030  0.010  2.000  0.292    0.000
  1 15  6 1999    0.000    0.000   0.000   0.000   0.000 0.000  35.000  72.334   2.506  0.455   70.000   90.035   90.035    0.086  0.461  0.030  0.010  2.000  0.292    0.000
  1  1  7 1999    0.000    0.000   0.000   0.000   0.000 0.000  35.000  72.331   2.506  0.455   70.000   90.036   90.036    0.086  0.461  0.030  0.010  2.000  0.292    0.000
  1 15  7 1999    0.000    0.000   0.000   0.000   0.000 0.000  35.000  72.349   2.506  0.455   70.000   90.036   90.036    0.086  0.461  0.030  0.010  2.000  0.292    0.000
  1  1  8 1999    0.000    0.000   0.000   0.000   0.000 0.000  35.000  72.331   2.506  0.455   70.000   90.036   90.036    0.086  0.461  0.030  0.010  2.000  0.292    0.000
  1 15  8 1999    0.000    0.000   0.000   0.000   0.000 0.000  35.000  72.331   2.506  0.455   70.000   90.036   90.036    0.086  0.461  0.030  0.010  2.000  0.292    0.000
  1  1  9 1999    0.000    0.000   0.000   0.000   0.000 0.000  35.000  72.331   2.506  0.455   70.000   90.036   90.036    0.086  0.461  0.030  0.010  2.000  0.292    0.000
  1 15  9 1999    0.000    0.000   0.000   0.000   0.000 0.000  35.000  72.331   2.506  0.455   70.000   90.036   90.036    0.086  0.461  0.030  0.010  2.000  0.292    0.000
  1  1 10 1999    0.000    0.000   0.000   0.000   0.000 0.000  35.000  72.331   2.506  0.455   70.000   90.036   90.036    0.086  0.461  0.030  0.010  2.000  0.292    0.000
  1 15 10 1999    0.000    0.000   0.000   0.000   0.000 0.000  35.000  72.331   2.506  0.455   70.000   90.036   90.036    0.086  0.461  0.030  0.010  2.000  0.292    0.000
  1  1 11 1999    0.000    0.000   0.000   0.000   0.000 0.000  35.000  72.331   2.506  0.455   70.000   90.036   90.036    0.086  0.461  0.030  0.010  2.000  0.292    0.000
  1 15 11 1999    0.000    0.000   0.000   0.000   0.000 0.000  35.000  74.505   2.506  0.455   70.000   90.036   90.036    0.086  0.461  0.030  0.010  2.000  0.292    0.000
  1  1 12 1999    0.000    0.000   0.000   0.000   0.000 0.000  35.000  72.338   2.506  0.455   70.000   90.036   90.036    0.086  0.461  0.030  0.010  2.000  0.292    0.000
  1 15 12 1999    0.000    0.000   0.000   0.000   0.000 0.000  35.000  72.331   2.506  0.455   70.000   90.036   90.036    0.086  0.461  0.030  0.010  2.000  0.292    0.000
  1  1  1 2000    0.000    0.000   0.000   0.000   0.000 0.000  35.000  85.241   2.506  0.455   70.000   90.036   90.036    0.086  0.461  0.030  0.010  2.000  0.292    0.000
  1 15  1 2000    0.300    0.000   0.000   0.000   0.000 0.000  35.000  72.642   2.506  0.455   70.000   90.037   90.037    0.086  0.461  0.030  0.010  2.000  0.292    0.000
  1  1  2 2000    0.000    0.000   0.000   0.000   0.000 0.000  35.000 106.470   2.506  0.455   70.000   90.037   90.037    0.086  0.461  0.030  0.010  2.000  0.292    0.000
  1 15  2 2000    3.300    0.000   0.000   0.000   0.000 0.000  35.000 154.127   2.506  0.455   70.000   90.037   90.037    0.086  0.461  0.030  0.010  2.000  0.292    0.000
  1 21  2 2000   53.800   25.141   0.000   4.055   6.200 1.001  35.000 220.841   2.506  0.455   70.000   90.037   90.037    0.086  0.461  0.030  0.010  2.000  0.292    0.079
  1 23  2 2000   53.800   13.393  50.176  51.662   0.259 1.001  35.000 249.003   2.506  0.455   70.000   90.037   90.037    0.086  0.461  0.030  0.010  2.000  0.292    0.814
  1  1  3 2000    0.000    0.000   0.000   0.000   0.000 0.000  35.000 190.616   2.506  0.455   70.000   90.037   90.037    0.086  0.461  0.030  0.010  2.000  0.292    0.000
  1 15  3 2000    0.000    0.000   0.000   0.000   0.000 0.000  35.000 163.634   2.506  0.455   70.000   90.037   90.037    0.086  0.461  0.030  0.010  2.000  0.292    0.000
  1  1  4 2000    0.000    0.000   0.000   0.000   0.000 0.000  35.000 121.205   2.506  0.455   70.000   90.037   90.037    0.086  0.461  0.030  0.010  2.000  0.292    0.000
  1 15  4 2000    0.000    0.000   0.000   0.000   0.000 0.000  35.000  84.468   2.506  0.455   70.000   90.037   90.037    0.086  0.461  0.030  0.010  2.000  0.292    0.000
  1 18  4 2000   15.200    0.111  55.160   0.131   0.850 1.001  35.000 145.714   2.506  0.455   70.000   90.037   90.037    0.086  0.461  0.030  0.010  2.000  0.292    0.000
  1  1  5 2000    0.000    0.000   0.000   0.000   0.000 0.000  35.000  99.576   2.506  0.455   70.000   90.037   90.037    0.086  0.461  0.030  0.010  2.000  0.292    0.000
  1 15  5 2000    0.000    0.000   0.000   0.000   0.000 0.000  35.000  72.691   2.506  0.455   70.000   90.037   90.037    0.086  0.461  0.030  0.010  2.000  0.292    0.000
  1  1  6 2000    0.000    0.000   0.000   0.000   0.000 0.000  35.000  72.331   2.506  0.455   70.000   90.037   90.037    0.086  0.461  0.030  0.010  2.000  0.292    0.000
  1 15  6 2000    0.000    0.000   0.000   0.000   0.000 0.000  35.000  72.331   2.506  0.455   70.000   90.037   90.037    0.086  0.461  0.030  0.010  2.000  0.292    0.000
  1  1  7 2000    0.000    0.000   0.000   0.000   0.000 0.000  35.000  72.331   2.506  0.455   70.000   90.037   90.037    0.086  0.461  0.030  0.010  2.000  0.292    0.000
  1 15  7 2000    0.000    0.000   0.000   0.000   0.000 0.000  35.000  72.331   2.506  0.455   70.000   90.037   90.037    0.086  0.461  0.030  0.010  2.000  0.292    0.000
  1  1  8 2000    0.000    0.000   0.000   0.000   0.000 0.000  35.000  72.331   2.506  0.455   70.000   90.038   90.038    0.086  0.461  0.030  0.010  2.000  0.292    0.000
  1 15  8 2000    0.000    0.000   0.000   0.000   0.000 0.000  35.000  72.331   2.506  0.455   70.000   90.038   90.038    0.086  0.461  0.030  0.010  2.000  0.292    0.000
  1  1  9 2000    0.000    0.000   0.000   0.000   0.000 0.000  35.000  72.331   2.506  0.455   70.000   90.038   90.038    0.086  0.461  0.030  0.010  2.000  0.292    0.000
  1 15  9 2000    0.000    0.000   0.000   0.000   0.000 0.000  35.000  72.331   2.506  0.455   70.000   90.038   90.038    0.086  0.461  0.030  0.010  2.000  0.292    0.000
  1  1 10 2000    0.000    0.000   0.000   0.000   0.000 0.000  35.000  72.333   2.506  0.455   70.000   90.038   90.038    0.086  0.461  0.030  0.010  2.000  0.292    0.000
  1 15 10 2000    0.000    0.000   0.000   0.000   0.000 0.000  35.000  72.331   2.506  0.455   70.000   90.038   90.038    0.086  0.461  0.030  0.010  2.000  0.292    0.000
  1  1 11 2000    0.000    0.000   0.000   0.000   0.000 0.000  35.000 101.950   2.506  0.455   70.000   90.038   90.038    0.086  0.461  0.030  0.010  2.000  0.292    0.000
  1 15 11 2000    0.000    0.000   0.000   0.000   0.000 0.000  35.000  78.995   2.506  0.455   70.000   90.038   90.038    0.086  0.461  0.030  0.010  2.000  0.292    0.000
  1  1 12 2000    0.000    0.000   0.000   0.000   0.000 0.000  35.000  72.441   2.506  0.455   70.000   90.038   90.038    0.086  0.461  0.030  0.010  2.000  0.292    0.000
  1 15 12 2000    0.000    0.000   0.000   0.000   0.000 0.000  35.000  72.340   2.506  0.455   70.000   90.038   90.038    0.086  0.461  0.030  0.010  2.000  0.292    0.000
  1  1  1 2001    0.000    0.000   0.000   0.000   0.000 0.000  35.000  72.331   2.506  0.455   70.000   90.038   90.038    0.086  0.461  0.030  0.010  2.000  0.292    0.000
  1 12  1 2001   78.800   48.492  43.925  75.726   0.640 1.001  35.000 149.586   2.506  0.455   70.000   90.038   90.038    0.086  0.461  0.030  0.010  2.000  0.292    2.672
  1 15  1 2001    0.000    0.000   0.000   0.000   0.000 0.000  35.000 144.732   2.506  0.455   70.000   90.038   90.038    0.086  0.461  0.030  0.010  2.000  0.292    0.000
  1  1  2 2001    0.000    0.000   0.000   0.000   0.000 0.000  35.000 147.010   2.506  0.455   70.000   90.038   90.038    0.086  0.461  0.030  0.010  2.000  0.292    0.000
  1 13  2 2001  102.100   65.151   0.000  11.430   5.700 1.001  35.000 201.234   2.506  0.455   70.000   90.039   90.039    0.086  0.461  0.030  0.010  2.000  0.292    3.500
  1 15  2 2001    0.000    0.000   0.000   0.000   0.000 0.000  35.000 201.718   2.506  0.455   70.000   90.039   90.039    0.086  0.461  0.030  0.010  2.000  0.292    0.000
  1 26  2 2001   51.100   18.176  42.583  15.912   1.142 1.001  35.000 226.158   2.506  0.455   70.000   90.039   90.039    0.086  0.461  0.030  0.010  2.000  0.292    1.128
  1  1  3 2001    1.300    0.000   0.000   0.000   0.000 0.000  35.000 213.351   2.506  0.455   70.000   90.039   90.039    0.086  0.461  0.030  0.010  2.000  0.292    0.000
  1  6  3 2001   41.400    3.254  45.360  11.863   0.274 1.001  35.000 244.199   2.506  0.455   70.000   90.039   90.039    0.086  0.461  0.030  0.010  2.000  0.292    0.179
  1 15  3 2001    0.000    0.000   0.000   0.000   0.000 0.000  35.000 162.806   2.506  0.455   70.000   90.039   90.039    0.086  0.461  0.030  0.010  2.000  0.292    0.000
  1  1  4 2001    0.000    0.000   0.000   0.000   0.000 0.000  35.000 113.873   2.506  0.455   70.000   90.039   90.039    0.086  0.461  0.030  0.010  2.000  0.292    0.000
  1 15  4 2001    0.000    0.000   0.000   0.000   0.000 0.000  35.000 104.319   2.506  0.455   70.000   90.039   90.039    0.086  0.461  0.030  0.010  2.000  0.292    0.000
  1  1  5 2001    0.000    0.000   0.000   0.000   0.000 0.000  35.000  73.833   2.506  0.455   70.000   90.039   90.039    0.086  0.461  0.030  0.010  2.000  0.292    0.000
  1 15  5 2001    0.000    0.000   0.000   0.000   0.000 0.000  35.000  72.336   2.506  0.455   70.000   90.039   90.039    0.086  0.461  0.030  0.010  2.000  0.292    0.000
  1  1  6 2001    0.000    0.000   0.000   0.000   0.000 0.000  35.000  72.331   2.506  0.455   70.000   90.039   90.039    0.086  0.461  0.030  0.010  2.000  0.292    0.000
  1 15  6 2001    0.000    0.000   0.000   0.000   0.000 0.000  35.000  72.331   2.506  0.455   70.000   90.039   90.039    0.086  0.461  0.030  0.010  2.000  0.292    0.000
  1  1  7 2001    0.000    0.000   0.000   0.000   0.000 0.000  35.000  72.331   2.506  0.455   70.000   90.039   90.039    0.086  0.461  0.030  0.010  2.000  0.292    0.000
  1 15  7 2001    0.000    0.000   0.000   0.000   0.000 0.000  35.000  72.331   2.506  0.455   70.000   90.039   90.039    0.086  0.461  0.030  0.010  2.000  0.292    0.000
  1  1  8 2001    0.000    0.000   0.000   0.000   0.000 0.000  35.000  72.331   2.506  0.455   70.000   90.039   90.039    0.086  0.461  0.030  0.010  2.000  0.292    0.000
  1 15  8 2001    0.000    0.000   0.000   0.000   0.000 0.000  35.000  72.331   2.506  0.455   70.000   90.039   90.039    0.086  0.461  0.030  0.010  2.000  0.292    0.000
  1  1  9 2001    0.000    0.000   0.000   0.000   0.000 0.000  35.000  72.331   2.506  0.455   70.000   90.040   90.040    0.086  0.461  0.030  0.010  2.000  0.292    0.000
  1 15  9 2001    0.000    0.000   0.000   0.000   0.000 0.000  35.000  72.331   2.506  0.455   70.000   90.040   90.040    0.086  0.461  0.030  0.010  2.000  0.292    0.000
  1  1 10 2001    0.000    0.000   0.000   0.000   0.000 0.000  35.000  72.331   2.506  0.455   70.000   90.040   90.040    0.086  0.461  0.030  0.010  2.000  0.292    0.000
  1 15 10 2001    0.000    0.000   0.000   0.000   0.000 0.000  35.000  72.331   2.506  0.455   70.000   90.040   90.040    0.086  0.461  0.030  0.010  2.000  0.292    0.000
  1  1 11 2001    0.000    0.000   0.000   0.000   0.000 0.000  35.000  73.365   2.506  0.455   70.000   90.040   90.040    0.086  0.461  0.030  0.010  2.000  0.292    0.000
  1 15 11 2001    0.000    0.000   0.000   0.000   0.000 0.000  35.000  91.119   2.506  0.455   70.000   90.040   90.040    0.086  0.461  0.030  0.010  2.000  0.292    0.000
  1  1 12 2001    0.000    0.000   0.000   0.000   0.000 0.000  35.000 107.951   2.506  0.455   70.000   90.040   90.040    0.086  0.461  0.030  0.010  2.000  0.292    0.000
  1 15 12 2001    0.000    0.000   0.000   0.000   0.000 0.000  35.000 104.336   2.506  0.455   70.000   90.040   90.040    0.086  0.461  0.030  0.010  2.000  0.292    0.000
  1  1  1 2002    0.000    0.000   0.000   0.000   0.000 0.000  35.000 111.415   2.506  0.455   70.000   90.040   90.040    0.086  0.461  0.030  0.010  2.000  0.292    0.000
  1 15  1 2002    0.000    0.000   0.000   0.000   0.000 0.000  35.000 101.392   2.506  0.455   70.000   90.040   90.040    0.086  0.461  0.030  0.010  2.000  0.292    0.000
  1  1  2 2002    0.000    0.000   0.000   0.000   0.000 0.000  35.000 131.579   2.506  0.455   70.000   90.040   90.040    0.086  0.461  0.030  0.010  2.000  0.292    0.000
  1 15  2 2002    0.000    0.000   0.000   0.000   0.000 0.000  35.000 102.653   2.506  0.455   70.000   90.040   90.040    0.086  0.461  0.030  0.010  2.000  0.292    0.000
  1  1  3 2002    0.000    0.000   0.000   0.000   0.000 0.000  35.000  83.572   2.506  0.455   70.000   90.040   90.040    0.086  0.461  0.030  0.010  2.000  0.292    0.000
  1 15  3 2002    0.000    0.000   0.000   0.000   0.000 0.000  35.000  72.802   2.506  0.455   70.000   90.040   90.040    0.086  0.461  0.030  0.010  2.000  0.292    0.000
  1  1  4 2002    0.000    0.000   0.000   0.000   0.000 0.000  35.000  72.336   2.506  0.455   70.000   90.041   90.041    0.086  0.461  0.030  0.010  2.000  0.292    0.000
  1 15  4 2002    1.800    0.000   0.000   0.000   0.000 0.000  35.000  72.882   2.506  0.455   70.000   90.041   90.041    0.086  0.461  0.030  0.010  2.000  0.292    0.000
  1  1  5 2002    0.000    0.000   0.000   0.000   0.000 0.000  35.000  72.331   2.506  0.455   70.000   90.041   90.041    0.086  0.461  0.030  0.010  2.000  0.292    0.000
  1 15  5 2002    0.000    0.000   0.000   0.000   0.000 0.000  35.000  72.331   2.506  0.455   70.000   90.041   90.041    0.086  0.461  0.030  0.010  2.000  0.292    0.000
  1  1  6 2002    0.000    0.000   0.000   0.000   0.000 0.000  35.000  72.331   2.506  0.455   70.000   90.041   90.041    0.086  0.461  0.030  0.010  2.000  0.292    0.000
  1 15  6 2002    0.000    0.000   0.000   0.000   0.000 0.000  35.000  72.331   2.506  0.455   70.000   90.041   90.041    0.086  0.461  0.030  0.010  2.000  0.292    0.000
  1  1  7 2002    0.000    0.000   0.000   0.000   0.000 0.000  35.000  72.331   2.506  0.455   70.000   90.041   90.041    0.086  0.461  0.030  0.010  2.000  0.292    0.000
  1 15  7 2002    0.000    0.000   0.000   0.000   0.000 0.000  35.000  72.331   2.506  0.455   70.000   90.041   90.041    0.086  0.461  0.030  0.010  2.000  0.292    0.000
  1  1  8 2002    0.000    0.000   0.000   0.000   0.000 0.000  35.000  72.331   2.506  0.455   70.000   90.041   90.041    0.086  0.461  0.030  0.010  2.000  0.292    0.000
  1 15  8 2002    0.000    0.000   0.000   0.000   0.000 0.000  35.000  72.331   2.506  0.455   70.000   90.041   90.041    0.086  0.461  0.030  0.010  2.000  0.292    0.000
  1  1  9 2002    0.000    0.000   0.000   0.000   0.000 0.000  35.000  72.331   2.506  0.455   70.000   90.041   90.041    0.086  0.461  0.030  0.010  2.000  0.292    0.000
  1 15  9 2002    0.000    0.000   0.000   0.000   0.000 0.000  35.000  72.331   2.506  0.455   70.000   90.041   90.041    0.086  0.461  0.030  0.010  2.000  0.292    0.000
  1  1 10 2002    0.000    0.000   0.000   0.000   0.000 0.000  35.000  72.331   2.506  0.455   70.000   90.041   90.041    0.086  0.461  0.030  0.010  2.000  0.292    0.000
  1 15 10 2002    0.000    0.000   0.000   0.000   0.000 0.000  35.000  72.331   2.506  0.455   70.000   90.042   90.042    0.086  0.461  0.030  0.010  2.000  0.292    0.000
  1  1 11 2002    0.000    0.000   0.000   0.000   0.000 0.000  35.000  72.331   2.506  0.455   70.000   90.042   90.042    0.086  0.461  0.030  0.010  2.000  0.292    0.000
  1  8 11 2002   96.900   29.363   0.000  15.454   1.900 1.001  35.000 140.004   2.506  0.455   70.000   90.042   90.042    0.086  0.461  0.030  0.010  2.000  0.292    1.808
  1 15 11 2002    0.000    0.000   0.000   0.000   0.000 0.000  35.000 138.461   2.506  0.455   70.000   90.042   90.042    0.086  0.461  0.030  0.010  2.000  0.292    0.000
  1  1 12 2002    2.800    0.000   0.000   0.000   0.000 0.000  35.000 124.530   2.506  0.455   70.000   90.042   90.042    0.086  0.461  0.030  0.010  2.000  0.292    0.000
  1 15 12 2002    4.100    0.000   0.000   0.000   0.000 0.000  35.000 109.257   2.506  0.455   70.000   90.042   90.042    0.086  0.461  0.030  0.010  2.000  0.292    0.000
  1 20 12 2002   54.100   11.673  74.108  43.452   0.269 1.001  35.000 192.744   2.506  0.455   70.000   90.042   90.042    0.086  0.461  0.030  0.010  2.000  0.292    0.733
  1  1  1 2003    0.000    0.000   0.000   0.000   0.000 0.000  35.000 163.548   2.506  0.455   70.000   90.042   90.042    0.086  0.461  0.030  0.010  2.000  0.292    0.000
  1 15  1 2003    0.000    0.000   0.000   0.000   0.000 0.000  35.000 147.616   2.506  0.455   70.000   90.042   90.042    0.086  0.461  0.030  0.010  2.000  0.292    0.000
  1  1  2 2003    0.000    0.000   0.000   0.000   0.000 0.000  35.000 119.085   2.506  0.455   70.000   90.042   90.042    0.086  0.461  0.030  0.010  2.000  0.292    0.000
  1 12  2 2003  130.700   68.603  65.693 173.236   0.396 1.001  35.000 177.772   2.506  0.455   70.000   90.042   90.042    0.086  0.461  0.030  0.010  2.000  0.292    2.785
  1 15  2 2003    0.000    0.000   0.000   0.000   0.000 0.000  35.000 181.869   2.506  0.455   70.000   90.042   90.042    0.086  0.461  0.030  0.010  2.000  0.292    0.000
  1  1  3 2003    0.000    0.000   0.000   0.000   0.000 0.000  35.000 170.325   2.506  0.455   70.000   90.042   90.042    0.086  0.461  0.030  0.010  2.000  0.292    0.000
  1 15  3 2003   96.400   30.219   0.000   4.380   6.900 1.001  35.000 202.255   2.506  0.455   70.000   90.042   90.042    0.086  0.461  0.030  0.010  2.000  0.292    0.161
  1  1  4 2003    0.000    0.000   0.000   0.000   0.000 0.000  35.000 128.146   2.506  0.455   70.000   90.042   90.042    0.086  0.461  0.030  0.010  2.000  0.292    0.000
  1 15  4 2003    2.000    0.000   0.000   0.000   0.000 0.000  35.000 127.862   2.506  0.455   70.000   90.042   90.042    0.086  0.461  0.030  0.010  2.000  0.292    0.000
  1  1  5 2003    0.000    0.000   0.000   0.000   0.000 0.000  35.000  81.059   2.506  0.455   70.000   90.043   90.043    0.086  0.461  0.030  0.010  2.000  0.292    0.000
  1 15  5 2003    0.000    0.000   0.000   0.000   0.000 0.000  35.000  78.126   2.506  0.455   70.000   90.043   90.043    0.086  0.461  0.030  0.010  2.000  0.292    0.000
  1  1  6 2003    0.000    0.000   0.000   0.000   0.000 0.000  35.000  72.337   2.506  0.455   70.000   90.043   90.043    0.086  0.461  0.030  0.010  2.000  0.292    0.000
  1 15  6 2003    0.000    0.000   0.000   0.000   0.000 0.000  35.000  72.331   2.506  0.455   70.000   90.043   90.043    0.086  0.461  0.030  0.010  2.000  0.292    0.000
  1  1  7 2003    0.000    0.000   0.000   0.000   0.000 0.000  35.000  72.331   2.506  0.455   70.000   90.043   90.043    0.086  0.461  0.030  0.010  2.000  0.292    0.000
  1 15  7 2003    0.000    0.000   0.000   0.000   0.000 0.000  35.000  72.331   2.506  0.455   70.000   90.043   90.043    0.086  0.461  0.030  0.010  2.000  0.292    0.000
  1  1  8 2003    0.000    0.000   0.000   0.000   0.000 0.000  35.000  72.331   2.506  0.455   70.000   90.043   90.043    0.086  0.461  0.030  0.010  2.000  0.292    0.000
  1 15  8 2003    0.000    0.000   0.000   0.000   0.000 0.000  35.000  72.331   2.506  0.455   70.000   90.043   90.043    0.086  0.461  0.030  0.010  2.000  0.292    0.000
  1  1  9 2003    0.000    0.000   0.000   0.000   0.000 0.000  35.000  72.331   2.506  0.455   70.000   90.043   90.043    0.086  0.461  0.030  0.010  2.000  0.292    0.000
  1 15  9 2003    0.000    0.000   0.000   0.000   0.000 0.000  35.000  72.331   2.506  0.455   70.000   90.043   90.043    0.086  0.461  0.030  0.010  2.000  0.292    0.000
  1  1 10 2003    0.000    0.000   0.000   0.000   0.000 0.000  35.000  72.331   2.506  0.455   70.000   90.043   90.043    0.086  0.461  0.030  0.010  2.000  0.292    0.000
  1 15 10 2003    0.000    0.000   0.000   0.000   0.000 0.000  35.000  72.331   2.506  0.455   70.000   90.043   90.043    0.086  0.461  0.030  0.010  2.000  0.292    0.000
  1  1 11 2003   14.400    0.000   0.000   0.000   0.000 0.000  35.000  90.015   2.506  0.455   70.000   90.043   90.043    0.086  0.461  0.030  0.010  2.000  0.292    0.000
  1 15 11 2003    0.500    0.000   0.000   0.000   0.000 0.000  35.000  76.562   2.506  0.455   70.000   90.044   90.044    0.086  0.461  0.030  0.010  2.000  0.292    0.000
  1  1 12 2003    0.000    0.000   0.000   0.000   0.000 0.000  35.000  72.338   2.506  0.455   70.000   90.044   90.044    0.086  0.461  0.030  0.010  2.000  0.292    0.000
  1 15 12 2003    0.000    0.000   0.000   0.000   0.000 0.000  35.000  79.010   2.506  0.455   70.000   90.044   90.044    0.086  0.461  0.030  0.010  2.000  0.292    0.000
  1  1  1 2004    0.000    0.000   0.000   0.000   0.000 0.000  35.000 122.164   2.506  0.455   70.000   90.044   90.044    0.086  0.461  0.030  0.010  2.000  0.292    0.000
  1 15  1 2004    0.000    0.000   0.000   0.000   0.000 0.000  35.000 113.914   2.506  0.455   70.000   90.044   90.044    0.086  0.461  0.030  0.010  2.000  0.292    0.000
  1  1  2 2004    0.000    0.000   0.000   0.000   0.000 0.000  35.000  92.507   2.506  0.455   70.000   90.044   90.044    0.086  0.461  0.030  0.010  2.000  0.292    0.000
  1 15  2 2004    0.000    0.000   0.000   0.000   0.000 0.000  35.000  98.773   2.506  0.455   70.000   90.044   90.044    0.086  0.461  0.030  0.010  2.000  0.292    0.000
  1 22  2 2004   48.300    7.615   0.000   2.720   2.800 1.001  35.000 161.023   2.506  0.455   70.000   90.044   90.044    0.086  0.461  0.030  0.010  2.000  0.292    0.000
  1 23  2 2004   21.500    2.057   0.000   0.467   4.400 1.001  35.000 176.133   2.506  0.455   70.000   90.044   90.044    0.086  0.461  0.030  0.010  2.000  0.292    0.000
  1 26  2 2004  108.200   76.912  50.534  88.461   0.869 1.001  35.000 216.866   2.506  0.455   70.000   90.044   90.044    0.086  0.461  0.030  0.010  2.000  0.292    4.038
  1  1  3 2004    7.000    0.000   0.000   0.000   0.000 0.000  35.000 196.035   2.506  0.455   70.000   90.044   90.044    0.086  0.461  0.030  0.010  2.000  0.292    0.000
  1 15  3 2004    0.000    0.000   0.000   0.000   0.000 0.000  35.000 138.002   2.506  0.455   70.000   90.044   90.044    0.086  0.461  0.030  0.010  2.000  0.292    0.000
  1  1  4 2004    2.300    0.000   0.000   0.000   0.000 0.000  35.000  95.193   2.506  0.455   70.000   90.044   90.044    0.086  0.461  0.030  0.010  2.000  0.292    0.000
  1 15  4 2004    0.000    0.000   0.000   0.000   0.000 0.000  35.000  72.575   2.506  0.455   70.000   90.044   90.044    0.086  0.461  0.030  0.010  2.000  0.292    0.000
  1  1  5 2004    0.000    0.000   0.000   0.000   0.000 0.000  35.000  72.331   2.506  0.455   70.000   90.044   90.044    0.086  0.461  0.030  0.010  2.000  0.292    0.000
  1 15  5 2004    0.000    0.000   0.000   0.000   0.000 0.000  35.000  72.331   2.506  0.455   70.000   90.044   90.044    0.086  0.461  0.030  0.010  2.000  0.292    0.000
  1  1  6 2004    0.000    0.000   0.000   0.000   0.000 0.000  35.000  72.331   2.506  0.455   70.000   90.045   90.045    0.086  0.461  0.030  0.010  2.000  0.292    0.000
  1 15  6 2004    0.000    0.000   0.000   0.000   0.000 0.000  35.000  72.331   2.506  0.455   70.000   90.045   90.045    0.086  0.461  0.030  0.010  2.000  0.292    0.000
  1  1  7 2004    0.000    0.000   0.000   0.000   0.000 0.000  35.000  72.331   2.506  0.455   70.000   90.045   90.045    0.086  0.461  0.030  0.010  2.000  0.292    0.000
  1 15  7 2004    0.000    0.000   0.000   0.000   0.000 0.000  35.000  72.331   2.506  0.455   70.000   90.045   90.045    0.086  0.461  0.030  0.010  2.000  0.292    0.000
  1  1  8 2004    0.000    0.000   0.000   0.000   0.000 0.000  35.000  72.331   2.506  0.455   70.000   90.045   90.045    0.086  0.461  0.030  0.010  2.000  0.292    0.000
  1 15  8 2004    0.000    0.000   0.000   0.000   0.000 0.000  35.000  72.331   2.506  0.455   70.000   90.045   90.045    0.086  0.461  0.030  0.010  2.000  0.292    0.000
  1  1  9 2004    0.000    0.000   0.000   0.000   0.000 0.000  35.000  72.331   2.506  0.455   70.000   90.045   90.045    0.086  0.461  0.030  0.010  2.000  0.292    0.000
  1 15  9 2004    0.000    0.000   0.000   0.000   0.000 0.000  35.000  72.331   2.506  0.455   70.000   90.045   90.045    0.086  0.461  0.030  0.010  2.000  0.292    0.000
  1  1 10 2004    0.000    0.000   0.000   0.000   0.000 0.000  35.000  72.331   2.506  0.455   70.000   90.045   90.045    0.086  0.461  0.030  0.010  2.000  0.292    0.000
  1 15 10 2004    0.000    0.000   0.000   0.000   0.000 0.000  35.000  72.331   2.506  0.455   70.000   90.045   90.045    0.086  0.461  0.030  0.010  2.000  0.292    0.000
  1 20 10 2004   74.900   41.053  75.704  81.862   0.501 1.001  35.000 153.277   2.506  0.455   70.000   90.045   90.045    0.086  0.461  0.030  0.010  2.000  0.292    2.209
  1 27 10 2004   45.800    9.977  89.918  32.890   0.303 1.001  35.000 191.433   2.506  0.455   70.000   90.045   90.045    0.086  0.461  0.030  0.010  2.000  0.292    0.650
  1  1 11 2004    0.000    0.000   0.000   0.000   0.000 0.000  35.000 173.596   2.506  0.455   70.000   90.045   90.045    0.086  0.461  0.030  0.010  2.000  0.292    0.000
  1 15 11 2004    0.000    0.000   0.000   0.000   0.000 0.000  35.000 140.469   2.506  0.455   70.000   90.045   90.045    0.086  0.461  0.030  0.010  2.000  0.292    0.000
  1  1 12 2004    0.000    0.000   0.000   0.000   0.000 0.000  35.000 132.590   2.506  0.455   70.000   90.045   90.045    0.086  0.461  0.030  0.010  2.000  0.292    0.000
  1 15 12 2004    0.000    0.000   0.000   0.000   0.000 0.000  35.000 132.446   2.506  0.455   70.000   90.045   90.045    0.086  0.461  0.030  0.010  2.000  0.292    0.000
  1 28 12 2004  106.500   50.840   0.000  10.817   4.700 1.001  35.000 188.604   2.506  0.455   70.000   90.046   90.046    0.086  0.461  0.030  0.010  2.000  0.292    2.632
  1 29 12 2004   91.100   70.744  51.221  79.551   0.889 1.001  35.000 205.159   2.506  0.455   70.000   90.046   90.046    0.086  0.461  0.030  0.010  2.000  0.292    3.840
  1 31 12 2004   75.400   37.688   0.000  12.563   3.000 1.001  35.000 234.063   2.506  0.455   70.000   90.046   90.046    0.086  0.461  0.030  0.010  2.000  0.292    2.136
  1  1  1 2005    0.000    0.000   0.000   0.000   0.000 0.000  35.000 224.817   2.506  0.455   70.000   90.046   90.046    0.086  0.461  0.030  0.010  2.000  0.292    0.000
  1  3  1 2005  166.100  135.032   0.000  16.269   8.300 1.001  35.000 249.085   2.506  0.455   70.000   90.046   90.046    0.086  0.461  0.030  0.010  2.000  0.292    8.433
  1  7  1 2005   48.500    2.701   0.000   0.429   6.300 1.001  35.000 248.965   2.506  0.455   70.000   90.046   90.046    0.086  0.461  0.030  0.010  2.000  0.292    0.000
  1  8  1 2005   58.600   42.151  53.002  76.248   0.553 1.001  32.400 248.995   2.506  0.455   70.000   90.046   90.046    0.086  0.461  0.030  0.010  2.000  0.292    2.318
  1  9  1 2005   92.900   76.465  39.105 127.925   0.598 1.001  32.400 248.960   2.506  0.455   70.000   90.046   90.046    0.086  0.461  0.030  0.010  2.000  0.292    3.520
  1 10  1 2005   87.400   70.958  47.689  86.628   0.819 1.001  32.400 249.018   2.506  0.455   70.000   90.046   90.046    0.086  0.461  0.030  0.010  2.000  0.292    3.751
  1 11  1 2005   71.900   55.478   0.000  13.531   4.100 1.001  32.400 248.939   2.506  0.455   70.000   90.046   90.046    0.086  0.461  0.030  0.010  2.000  0.292    3.255
  1 15  1 2005    0.000    0.000   0.000   0.000   0.000 0.000  35.000 201.730   2.506  0.455   70.000   90.046   90.046    0.086  0.461  0.030  0.010  2.000  0.292    0.000
  1  1  2 2005    0.000    0.000   0.000   0.000   0.000 0.000  35.000 171.121   2.506  0.455   70.000   90.046   90.046    0.086  0.461  0.030  0.010  2.000  0.292    0.000
  1 11  2 2005   69.300   10.842  73.741  39.358   0.275 1.001  35.000 205.237   2.506  0.455   70.000   90.046   90.046    0.086  0.461  0.030  0.010  2.000  0.292    0.692
  1 15  2 2005    0.000    0.000   0.000   0.000   0.000 0.000  35.000 192.378   2.506  0.455   70.000   90.046   90.046    0.086  0.461  0.030  0.010  2.000  0.292    0.000
  1 18  2 2005   44.500    1.523   0.000   0.267   5.700 1.001  35.000 225.138   2.506  0.455   70.000   90.046   90.046    0.086  0.461  0.030  0.010  2.000  0.292    0.000
  1 19  2 2005   71.300   44.596  53.683  89.928   0.496 1.001  35.000 241.185   2.506  0.455   70.000   90.046   90.046    0.086  0.461  0.030  0.010  2.000  0.292    2.329
  1 20  2 2005   53.000   30.172  47.481  67.575   0.446 1.001  35.000 248.531   2.506  0.455   70.000   90.046   90.046    0.086  0.461  0.030  0.010  2.000  0.292    1.717
  1 21  2 2005   65.700   48.659  48.801  90.358   0.539 1.001  32.400 248.662   2.506  0.455   70.000   90.046   90.046    0.086  0.461  0.030  0.010  2.000  0.292    2.537
  1 22  2 2005   48.800   31.859   0.000  11.378   2.800 1.001  32.400 248.600   2.506  0.455   70.000   90.046   90.046    0.086  0.461  0.030  0.010  2.000  0.292    1.707
  1  1  3 2005    0.000    0.000   0.000   0.000   0.000 0.000  35.000 188.302   2.506  0.455   70.000   90.046   90.046    0.086  0.461  0.030  0.010  2.000  0.292    0.000
  1 15  3 2005    0.000    0.000   0.000   0.000   0.000 0.000  35.000 144.111   2.506  0.455   70.000   90.046   90.046    0.086  0.461  0.030  0.010  2.000  0.292    0.000
  1 22  3 2005   45.600    0.001  10.120   0.131   0.007 1.001  35.000 187.982   2.506  0.455   70.000   90.046   90.046    0.086  0.461  0.030  0.010  2.000  0.292    0.000
  1  1  4 2005    0.000    0.000   0.000   0.000   0.000 0.000  35.000 152.494   2.506  0.455   70.000   90.046   90.046    0.086  0.461  0.030  0.010  2.000  0.292    0.000
  1 15  4 2005    0.000    0.000   0.000   0.000   0.000 0.000  35.000 111.490   2.506  0.455   70.000   90.046   90.046    0.086  0.461  0.030  0.010  2.000  0.292    0.000
  1  1  5 2005    0.000    0.000   0.000   0.000   0.000 0.000  35.000  97.362   2.506  0.455   70.000   90.046   90.046    0.086  0.461  0.030  0.010  2.000  0.292    0.000
  1 15  5 2005    0.000    0.000   0.000   0.000   0.000 0.000  35.000  73.169   2.506  0.455   70.000   90.046   90.046    0.086  0.461  0.030  0.010  2.000  0.292    0.000
  1  1  6 2005    0.000    0.000   0.000   0.000   0.000 0.000  35.000  72.332   2.506  0.455   70.000   90.046   90.046    0.086  0.461  0.030  0.010  2.000  0.292    0.000
  1 15  6 2005    0.000    0.000   0.000   0.000   0.000 0.000  35.000  72.331   2.506  0.455   70.000   90.046   90.046    0.086  0.461  0.030  0.010  2.000  0.292    0.000
  1  1  7 2005    0.000    0.000   0.000   0.000   0.000 0.000  35.000  72.331   2.506  0.455   70.000   90.046   90.046    0.086  0.461  0.030  0.010  2.000  0.292    0.000
  1 15  7 2005    0.000    0.000   0.000   0.000   0.000 0.000  35.000  72.331   2.506  0.455   70.000   90.047   90.047    0.086  0.461  0.030  0.010  2.000  0.292    0.000
  1  1  8 2005    0.000    0.000   0.000   0.000   0.000 0.000  35.000  72.331   2.506  0.455   70.000   90.047   90.047    0.086  0.461  0.030  0.010  2.000  0.292    0.000
  1 15  8 2005    0.000    0.000   0.000   0.000   0.000 0.000  35.000  72.331   2.506  0.455   70.000   90.047   90.047    0.086  0.461  0.030  0.010  2.000  0.292    0.000
  1  1  9 2005    0.000    0.000   0.000   0.000   0.000 0.000  35.000  72.331   2.506  0.455   70.000   90.047   90.047    0.086  0.461  0.030  0.010  2.000  0.292    0.000
  1 15  9 2005    0.000    0.000   0.000   0.000   0.000 0.000  35.000  72.331   2.506  0.455   70.000   90.047   90.047    0.086  0.461  0.030  0.010  2.000  0.292    0.000
  1  1 10 2005    0.000    0.000   0.000   0.000   0.000 0.000  35.000  72.331   2.506  0.455   70.000   90.047   90.047    0.086  0.461  0.030  0.010  2.000  0.292    0.000
  1 15 10 2005    0.000    0.000   0.000   0.000   0.000 0.000  35.000  72.331   2.506  0.455   70.000   90.047   90.047    0.086  0.461  0.030  0.010  2.000  0.292    0.000
  1  1 11 2005    0.000    0.000   0.000   0.000   0.000 0.000  35.000  80.807   2.506  0.455   70.000   90.047   90.047    0.086  0.461  0.030  0.010  2.000  0.292    0.000
  1 15 11 2005    0.000    0.000   0.000   0.000   0.000 0.000  35.000  91.315   2.506  0.455   70.000   90.047   90.047    0.086  0.461  0.030  0.010  2.000  0.292    0.000
  1  1 12 2005    0.000    0.000   0.000   0.000   0.000 0.000  35.000  72.775   2.506  0.455   70.000   90.047   90.047    0.086  0.461  0.030  0.010  2.000  0.292    0.000
  1 15 12 2005    0.000    0.000   0.000   0.000   0.000 0.000  35.000  72.351   2.506  0.455   70.000   90.047   90.047    0.086  0.461  0.030  0.010  2.000  0.292    0.000
  1  1  1 2006   20.200    0.000   0.000   0.000   0.000 0.000  35.000 122.744   2.506  0.455   70.000   90.047   90.047    0.086  0.461  0.030  0.010  2.000  0.292    0.000
  1  2  1 2006   92.600   59.600   0.000  15.282   3.900 1.001  35.000 152.175   2.506  0.455   70.000   90.047   90.047    0.086  0.461  0.030  0.010  2.000  0.292    3.656
  1 15  1 2006    0.000    0.000   0.000   0.000   0.000 0.000  35.000 136.660   2.506  0.455   70.000   90.047   90.047    0.086  0.461  0.030  0.010  2.000  0.292    0.000
  1  1  2 2006    0.000    0.000   0.000   0.000   0.000 0.000  35.000 110.511   2.506  0.455   70.000   90.048   90.048    0.086  0.461  0.030  0.010  2.000  0.292    0.000
  1 15  2 2006    0.000    0.000   0.000   0.000   0.000 0.000  35.000  85.414   2.506  0.455   70.000   90.048   90.048    0.086  0.461  0.030  0.010  2.000  0.292    0.000
  1 28  2 2006   61.700   16.543   0.000   2.330   7.100 1.001  35.000 147.367   2.506  0.455   70.000   90.048   90.048    0.086  0.461  0.030  0.010  2.000  0.292    0.000
  1  1  3 2006    0.000    0.000   0.000   0.000   0.000 0.000  35.000 144.822   2.506  0.455   70.000   90.048   90.048    0.086  0.461  0.030  0.010  2.000  0.292    0.000
  1 15  3 2006    0.000    0.000   0.000   0.000   0.000 0.000  35.000 158.751   2.506  0.455   70.000   90.048   90.048    0.086  0.461  0.030  0.010  2.000  0.292    0.000
  1 28  3 2006   69.300   12.749   0.000   2.361   5.400 1.001  35.000 200.223   2.506  0.455   70.000   90.048   90.048    0.086  0.461  0.030  0.010  2.000  0.292    0.000
  1  1  4 2006   12.900    0.000   0.000   0.000   0.000 0.000  35.000 200.674   2.506  0.455   70.000   90.048   90.048    0.086  0.461  0.030  0.010  2.000  0.292    0.000
  1 15  4 2006    1.300    0.000   0.000   0.000   0.000 0.000  35.000 165.408   2.506  0.455   70.000   90.048   90.048    0.086  0.461  0.030  0.010  2.000  0.292    0.000
  1  1  5 2006    0.000    0.000   0.000   0.000   0.000 0.000  35.000 118.112   2.506  0.455   70.000   90.048   90.048    0.086  0.461  0.030  0.010  2.000  0.292    0.000
  1 15  5 2006    0.000    0.000   0.000   0.000   0.000 0.000  35.000  78.280   2.506  0.455   70.000   90.048   90.048    0.086  0.461  0.030  0.010  2.000  0.292    0.000
  1  1  6 2006    0.000    0.000   0.000   0.000   0.000 0.000  35.000  83.876   2.506  0.455   70.000   90.048   90.048    0.086  0.461  0.030  0.010  2.000  0.292    0.000
  1 15  6 2006    0.000    0.000   0.000   0.000   0.000 0.000  35.000  72.425   2.506  0.455   70.000   90.048   90.048    0.086  0.461  0.030  0.010  2.000  0.292    0.000
  1  1  7 2006    0.000    0.000   0.000   0.000   0.000 0.000  35.000  72.331   2.506  0.455   70.000   90.048   90.048    0.086  0.461  0.030  0.010  2.000  0.292    0.000
  1 15  7 2006    0.000    0.000   0.000   0.000   0.000 0.000  35.000  72.331   2.506  0.455   70.000   90.048   90.048    0.086  0.461  0.030  0.010  2.000  0.292    0.000
  1  1  8 2006    0.000    0.000   0.000   0.000   0.000 0.000  35.000  72.331   2.506  0.455   70.000   90.048   90.048    0.086  0.461  0.030  0.010  2.000  0.292    0.000
  1 15  8 2006    0.000    0.000   0.000   0.000   0.000 0.000  35.000  72.331   2.506  0.455   70.000   90.049   90.049    0.086  0.461  0.030  0.010  2.000  0.292    0.000
  1  1  9 2006    0.000    0.000   0.000   0.000   0.000 0.000  35.000  72.331   2.506  0.455   70.000   90.049   90.049    0.086  0.462  0.030  0.010  2.000  0.292    0.000
  1 15  9 2006    0.000    0.000   0.000   0.000   0.000 0.000  35.000  72.331   2.506  0.455   70.000   90.049   90.049    0.086  0.462  0.030  0.010  2.000  0.292    0.000
  1  1 10 2006    0.500    0.000   0.000   0.000   0.000 0.000  35.000  72.331   2.506  0.455   70.000   90.049   90.049    0.086  0.462  0.030  0.010  2.000  0.292    0.000
  1 15 10 2006    0.000    0.000   0.000   0.000   0.000 0.000  35.000  72.861   2.506  0.455   70.000   90.049   90.049    0.086  0.462  0.030  0.010  2.000  0.292    0.000
  1  1 11 2006    0.000    0.000   0.000   0.000   0.000 0.000  35.000  72.331   2.506  0.455   70.000   90.049   90.049    0.086  0.462  0.030  0.010  2.000  0.292    0.000
  1 15 11 2006    0.000    0.000   0.000   0.000   0.000 0.000  35.000  72.331   2.506  0.455   70.000   90.049   90.049    0.086  0.462  0.030  0.010  2.000  0.292    0.000
  1  1 12 2006    0.000    0.000   0.000   0.000   0.000 0.000  35.000  72.796   2.506  0.455   70.000   90.049   90.049    0.086  0.462  0.030  0.010  2.000  0.292    0.000
  1 15 12 2006    0.000    0.000   0.000   0.000   0.000 0.000  35.000  76.374   2.506  0.455   70.000   90.049   90.049    0.086  0.462  0.030  0.010  2.000  0.292    0.000
  1  1  1 2007    0.000    0.000   0.000   0.000   0.000 0.000  35.000  72.582   2.506  0.455   70.000   90.049   90.049    0.086  0.462  0.030  0.010  2.000  0.292    0.000
  1 15  1 2007    0.000    0.000   0.000   0.000   0.000 0.000  35.000  72.335   2.506  0.455   70.000   90.049   90.049    0.086  0.462  0.030  0.010  2.000  0.292    0.000
  1  1  2 2007    0.000    0.000   0.000   0.000   0.000 0.000  35.000 113.536   2.506  0.455   70.000   90.049   90.049    0.086  0.462  0.030  0.010  2.000  0.292    0.000
  1 15  2 2007    0.000    0.000   0.000   0.000   0.000 0.000  35.000  96.658   2.506  0.455   70.000   90.049   90.049    0.086  0.462  0.030  0.010  2.000  0.292    0.000
  1  1  3 2007    0.000    0.000   0.000   0.000   0.000 0.000  35.000 104.523   2.506  0.455   70.000   90.050   90.050    0.086  0.462  0.030  0.010  2.000  0.292    0.000
  1 15  3 2007    0.000    0.000   0.000   0.000   0.000 0.000  35.000  74.868   2.506  0.455   70.000   90.050   90.050    0.086  0.462  0.030  0.010  2.000  0.292    0.000
  1  1  4 2007    0.000    0.000   0.000   0.000   0.000 0.000  35.000  72.336   2.506  0.455   70.000   90.050   90.050    0.086  0.462  0.030  0.010  2.000  0.292    0.000
  1 15  4 2007    0.000    0.000   0.000   0.000   0.000 0.000  35.000  72.331   2.506  0.455   70.000   90.050   90.050    0.086  0.462  0.030  0.010  2.000  0.292    0.000
  1  1  5 2007    0.000    0.000   0.000   0.000   0.000 0.000  35.000  72.412   2.506  0.455   70.000   90.050   90.050    0.086  0.462  0.030  0.010  2.000  0.292    0.000
  1 15  5 2007    0.000    0.000   0.000   0.000   0.000 0.000  35.000  72.331   2.506  0.455   70.000   90.050   90.050    0.086  0.462  0.030  0.010  2.000  0.292    0.000
  1  1  6 2007    0.000    0.000   0.000   0.000   0.000 0.000  35.000  72.331   2.506  0.455   70.000   90.050   90.050    0.086  0.462  0.030  0.010  2.000  0.292    0.000
  1 15  6 2007    0.000    0.000   0.000   0.000   0.000 0.000  35.000  72.331   2.506  0.455   70.000   90.050   90.050    0.086  0.462  0.030  0.010  2.000  0.292    0.000
  1  1  7 2007    0.000    0.000   0.000   0.000   0.000 0.000  35.000  72.331   2.506  0.455   70.000   90.050   90.050    0.086  0.462  0.030  0.010  2.000  0.292    0.000
  1 15  7 2007    0.000    0.000   0.000   0.000   0.000 0.000  35.000  72.331   2.506  0.455   70.000   90.050   90.050    0.086  0.462  0.030  0.010  2.000  0.292    0.000
  1  1  8 2007    0.000    0.000   0.000   0.000   0.000 0.000  35.000  72.331   2.506  0.455   70.000   90.050   90.050    0.086  0.462  0.030  0.010  2.000  0.292    0.000
  1 15  8 2007    0.000    0.000   0.000   0.000   0.000 0.000  35.000  72.331   2.506  0.455   70.000   90.050   90.050    0.086  0.462  0.030  0.010  2.000  0.292    0.000
  1  1  9 2007    0.000    0.000   0.000   0.000   0.000 0.000  35.000  72.331   2.506  0.455   70.000   90.050   90.050    0.086  0.462  0.030  0.010  2.000  0.292    0.000
  1 15  9 2007    0.000    0.000   0.000   0.000   0.000 0.000  35.000  72.331   2.506  0.455   70.000   90.050   90.050    0.086  0.462  0.030  0.010  2.000  0.292    0.000
  1  1 10 2007    0.000    0.000   0.000   0.000   0.000 0.000  35.000  72.336   2.506  0.455   70.000   90.051   90.051    0.086  0.462  0.030  0.010  2.000  0.292    0.000
  1 15 10 2007    0.000    0.000   0.000   0.000   0.000 0.000  35.000  78.212   2.506  0.455   70.000   90.051   90.051    0.086  0.462  0.030  0.010  2.000  0.292    0.000
  1  1 11 2007    0.000    0.000   0.000   0.000   0.000 0.000  35.000  72.331   2.506  0.455   70.000   90.051   90.051    0.086  0.462  0.030  0.010  2.000  0.292    0.000
  1 15 11 2007   15.200    0.000   0.000   0.000   0.000 0.000  35.000  85.808   2.506  0.455   70.000   90.051   90.051    0.086  0.462  0.030  0.010  2.000  0.292    0.000
  1  1 12 2007    0.000    0.000   0.000   0.000   0.000 0.000  35.000  72.764   2.506  0.455   70.000   90.051   90.051    0.086  0.462  0.030  0.010  2.000  0.292    0.000
  1 15 12 2007    0.000    0.000   0.000   0.000   0.000 0.000  35.000 110.947   2.506  0.455   70.000   90.051   90.051    0.086  0.462  0.030  0.010  2.000  0.292    0.000
  1  1  1 2008    0.000    0.000   0.000   0.000   0.000 0.000  35.000 148.801   2.506  0.455   70.000   90.051   90.051    0.086  0.462  0.030  0.010  2.000  0.292    0.000
  1  6  1 2008   43.100   15.977   0.000   3.804   4.200 1.001  35.000 213.667   2.506  0.455   70.000   90.051   90.051    0.086  0.462  0.030  0.010  2.000  0.292    0.025
  1  7  1 2008   23.500    2.067   0.000   0.574   3.600 1.001  35.000 228.776   2.506  0.455   70.000   90.051   90.051    0.086  0.462  0.030  0.010  2.000  0.292    0.000
  1 15  1 2008    0.000    0.000   0.000   0.000   0.000 0.000  35.000 170.920   2.506  0.455   70.000   90.051   90.051    0.086  0.462  0.030  0.010  2.000  0.292    0.000
  1 25  1 2008   87.400   60.277   0.000   6.151   9.800 1.001  35.000 231.184   2.506  0.455   70.000   90.051   90.051    0.086  0.462  0.030  0.010  2.000  0.292    1.324
  1 27  1 2008   58.600   31.170  48.206  89.123   0.350 1.001  35.000 249.002   2.506  0.455   70.000   90.051   90.051    0.086  0.462  0.030  0.010  2.000  0.292    1.633
  1 28  1 2008   44.900   28.510   0.000   4.916   5.800 1.001  32.400 249.040   2.506  0.455   70.000   90.051   90.051    0.086  0.462  0.030  0.010  2.000  0.292    0.257
  1  1  2 2008    0.000    0.000   0.000   0.000   0.000 0.000  35.000 201.503   2.506  0.455   70.000   90.051   90.051    0.086  0.462  0.030  0.010  2.000  0.292    0.000
  1 15  2 2008    0.000    0.000   0.000   0.000   0.000 0.000  35.000 148.801   2.506  0.455   70.000   90.051   90.051    0.086  0.462  0.030  0.010  2.000  0.292    0.000
  1  1  3 2008    0.000    0.000   0.000   0.000   0.000 0.000  35.000 168.262   2.506  0.455   70.000   90.051   90.051    0.086  0.462  0.030  0.010  2.000  0.292    0.000
  1 15  3 2008    3.200    0.000   0.000   0.000   0.000 0.000  35.000 128.593   2.506  0.455   70.000   90.051   90.051    0.086  0.462  0.030  0.010  2.000  0.292    0.000
  1  1  4 2008    0.000    0.000   0.000   0.000   0.000 0.000  35.000  90.577   2.506  0.455   70.000   90.051   90.051    0.086  0.462  0.030  0.010  2.000  0.292    0.000
  1 15  4 2008    0.000    0.000   0.000   0.000   0.000 0.000  35.000  72.454   2.506  0.455   70.000   90.052   90.052    0.086  0.462  0.030  0.010  2.000  0.292    0.000
  1  1  5 2008    0.000    0.000   0.000   0.000   0.000 0.000  35.000  72.331   2.506  0.455   70.000   90.052   90.052    0.086  0.462  0.030  0.010  2.000  0.292    0.000
  1 15  5 2008    0.000    0.000   0.000   0.000   0.000 0.000  35.000  72.331   2.506  0.455   70.000   90.052   90.052    0.086  0.462  0.030  0.010  2.000  0.292    0.000
  1  1  6 2008    0.000    0.000   0.000   0.000   0.000 0.000  35.000  72.338   2.506  0.455   70.000   90.052   90.052    0.086  0.462  0.030  0.010  2.000  0.292    0.000
  1 15  6 2008    0.000    0.000   0.000   0.000   0.000 0.000  35.000  72.331   2.506  0.455   70.000   90.052   90.052    0.086  0.462  0.030  0.010  2.000  0.292    0.000
  1  1  7 2008    0.000    0.000   0.000   0.000   0.000 0.000  35.000  72.331   2.506  0.455   70.000   90.052   90.052    0.086  0.462  0.030  0.010  2.000  0.292    0.000
  1 15  7 2008    0.000    0.000   0.000   0.000   0.000 0.000  35.000  72.331   2.506  0.455   70.000   90.052   90.052    0.086  0.462  0.030  0.010  2.000  0.292    0.000
  1  1  8 2008    0.000    0.000   0.000   0.000   0.000 0.000  35.000  72.331   2.506  0.455   70.000   90.052   90.052    0.086  0.462  0.030  0.010  2.000  0.292    0.000
  1 15  8 2008    0.000    0.000   0.000   0.000   0.000 0.000  35.000  72.331   2.506  0.455   70.000   90.052   90.052    0.086  0.462  0.030  0.010  2.000  0.292    0.000
  1  1  9 2008    0.000    0.000   0.000   0.000   0.000 0.000  35.000  72.331   2.506  0.455   70.000   90.052   90.052    0.086  0.462  0.030  0.010  2.000  0.292    0.000
  1 15  9 2008    0.000    0.000   0.000   0.000   0.000 0.000  35.000  72.331   2.506  0.455   70.000   90.052   90.052    0.086  0.462  0.030  0.010  2.000  0.292    0.000
  1  1 10 2008    0.000    0.000   0.000   0.000   0.000 0.000  35.000  72.331   2.506  0.455   70.000   90.052   90.052    0.086  0.462  0.030  0.010  2.000  0.292    0.000
  1 15 10 2008    0.000    0.000   0.000   0.000   0.000 0.000  35.000  72.331   2.506  0.455   70.000   90.052   90.052    0.086  0.462  0.030  0.010  2.000  0.292    0.000
  1  1 11 2008    5.900    0.000   0.000   0.000   0.000 0.000  35.000  76.575   2.506  0.455   70.000   90.053   90.053    0.086  0.462  0.030  0.010  2.000  0.292    0.000
  1 15 11 2008    0.000    0.000   0.000   0.000   0.000 0.000  35.000  72.370   2.506  0.455   70.000   90.053   90.053    0.086  0.462  0.030  0.010  2.000  0.292    0.000
  1  1 12 2008    0.000    0.000   0.000   0.000   0.000 0.000  35.000  95.298   2.506  0.455   70.000   90.053   90.053    0.086  0.462  0.030  0.010  2.000  0.292    0.000
  1 15 12 2008   72.000   10.438  71.934  36.221   0.288 1.001  35.000 140.565   2.506  0.455   70.000   90.053   90.053    0.086  0.462  0.030  0.010  2.000  0.292    0.673
  1  1  1 2009    0.000    0.000   0.000   0.000   0.000 0.000  35.000 144.175   2.506  0.455   70.000   90.053   90.053    0.086  0.462  0.030  0.010  2.000  0.292    0.000
  1 15  1 2009    0.000    0.000   0.000   0.000   0.000 0.000  35.000 119.685   2.506  0.455   70.000   90.053   90.053    0.086  0.462  0.030  0.010  2.000  0.292    0.000
  1  1  2 2009    0.000    0.000   0.000   0.000   0.000 0.000  35.000 114.192   2.506  0.455   70.000   90.053   90.053    0.086  0.462  0.030  0.010  2.000  0.292    0.000
  1 15  2 2009    0.000    0.000   0.000   0.000   0.000 0.000  35.000 182.675   2.506  0.455   70.000   90.053   90.053    0.086  0.462  0.030  0.010  2.000  0.292    0.000
  1 16  2 2009   66.800   18.218   0.000   2.366   7.700 1.001  35.000 224.917   2.506  0.455   70.000   90.053   90.053    0.086  0.462  0.030  0.010  2.000  0.292    0.000
  1  1  3 2009    0.000    0.000   0.000   0.000   0.000 0.000  35.000 151.590   2.506  0.455   70.000   90.053   90.053    0.086  0.462  0.030  0.010  2.000  0.292    0.000
  1 15  3 2009    0.000    0.000   0.000   0.000   0.000 0.000  35.000 132.886   2.506  0.455   70.000   90.053   90.053    0.086  0.462  0.030  0.010  2.000  0.292    0.000
  1  1  4 2009    0.000    0.000   0.000   0.000   0.000 0.000  35.000  95.207   2.506  0.455   70.000   90.053   90.053    0.086  0.462  0.030  0.010  2.000  0.292    0.000
  1 15  4 2009    0.000    0.000   0.000   0.000   0.000 0.000  35.000  72.547   2.506  0.455   70.000   90.053   90.053    0.086  0.462  0.030  0.010  2.000  0.292    0.000
  1  1  5 2009    0.000    0.000   0.000   0.000   0.000 0.000  35.000  72.331   2.506  0.455   70.000   90.053   90.053    0.086  0.462  0.030  0.010  2.000  0.292    0.000
  1 15  5 2009    0.000    0.000   0.000   0.000   0.000 0.000  35.000  72.331   2.506  0.455   70.000   90.054   90.054    0.086  0.462  0.030  0.010  2.000  0.292    0.000
  1  1  6 2009    0.000    0.000   0.000   0.000   0.000 0.000  35.000  72.331   2.506  0.455   70.000   90.054   90.054    0.086  0.462  0.030  0.010  2.000  0.292    0.000
  1 15  6 2009    0.000    0.000   0.000   0.000   0.000 0.000  35.000  72.335   2.506  0.455   70.000   90.054   90.054    0.086  0.462  0.030  0.010  2.000  0.292    0.000
  1  1  7 2009    0.000    0.000   0.000   0.000   0.000 0.000  35.000  72.331   2.506  0.455   70.000   90.054   90.054    0.086  0.462  0.030  0.010  2.000  0.292    0.000
  1 15  7 2009    0.000    0.000   0.000   0.000   0.000 0.000  35.000  72.331   2.506  0.455   70.000   90.054   90.054    0.086  0.462  0.030  0.010  2.000  0.292    0.000
  1  1  8 2009    0.000    0.000   0.000   0.000   0.000 0.000  35.000  72.331   2.506  0.455   70.000   90.054   90.054    0.086  0.462  0.030  0.010  2.000  0.292    0.000
  1 15  8 2009    0.000    0.000   0.000   0.000   0.000 0.000  35.000  72.331   2.506  0.455   70.000   90.054   90.054    0.086  0.462  0.030  0.010  2.000  0.292    0.000
  1  1  9 2009    0.000    0.000   0.000   0.000   0.000 0.000  35.000  72.331   2.506  0.455   70.000   90.054   90.054    0.086  0.462  0.030  0.010  2.000  0.292    0.000
  1 15  9 2009    0.000    0.000   0.000   0.000   0.000 0.000  35.000  72.331   2.506  0.455   70.000   90.054   90.054    0.086  0.462  0.030  0.010  2.000  0.292    0.000
  1  1 10 2009    0.000    0.000   0.000   0.000   0.000 0.000  35.000  72.331   2.506  0.455   70.000   90.054   90.054    0.086  0.462  0.030  0.010  2.000  0.292    0.000
  1 14 10 2009   71.600   10.407  98.181  35.387   0.294 1.001  35.000 137.805   2.506  0.455   70.000   90.054   90.054    0.086  0.462  0.030  0.010  2.000  0.292    0.673
  1 15 10 2009    1.000    0.000   0.000   0.000   0.000 0.000  35.000 135.393   2.506  0.455   70.000   90.054   90.054    0.086  0.462  0.030  0.010  2.000  0.292    0.000
  1  1 11 2009    0.000    0.000   0.000   0.000   0.000 0.000  35.000  94.444   2.506  0.455   70.000   90.054   90.054    0.086  0.462  0.030  0.010  2.000  0.292    0.000
  1 15 11 2009    0.000    0.000   0.000   0.000   0.000 0.000  35.000  74.835   2.506  0.455   70.000   90.054   90.054    0.086  0.462  0.030  0.010  2.000  0.292    0.000
  1  1 12 2009    0.000    0.000   0.000   0.000   0.000 0.000  35.000  72.364   2.506  0.455   70.000   90.055   90.055    0.086  0.462  0.030  0.010  2.000  0.292    0.000
  1 12 12 2009   38.900   17.213   0.000   9.563   1.800 1.001  35.000 161.901   2.506  0.455   70.000   90.055   90.055    0.086  0.462  0.030  0.010  2.000  0.292    0.805
  1 15 12 2009    0.000    0.000   0.000   0.000   0.000 0.000  35.000 166.089   2.506  0.455   70.000   90.055   90.055    0.086  0.462  0.030  0.010  2.000  0.292    0.000
  1  1  1 2010    0.000    0.000   0.000   0.000   0.000 0.000  35.000 146.360   2.506  0.455   70.000   90.055   90.055    0.086  0.462  0.030  0.010  2.000  0.292    0.000
  1 15  1 2010    0.000    0.000   0.000   0.000   0.000 0.000  35.000 133.285   2.506  0.455   70.000   90.055   90.055    0.086  0.462  0.030  0.010  2.000  0.292    0.000
  1 18  1 2010   51.500    3.387   0.000   0.464   7.300 1.001  35.000 193.800   2.506  0.455   70.000   90.055   90.055    0.086  0.462  0.030  0.010  2.000  0.292    0.000
  1 19  1 2010   20.200    1.356   0.000   0.452   3.000 1.001  35.000 209.160   2.506  0.455   70.000   90.055   90.055    0.086  0.462  0.030  0.010  2.000  0.292    0.000
  1 20  1 2010   45.400   24.403  43.527  77.293   0.316 1.001  35.000 225.112   2.506  0.455   70.000   90.055   90.055    0.086  0.462  0.030  0.010  2.000  0.292    1.336
  1 21  1 2010   30.300    5.908   0.000   1.555   3.800 1.001  35.000 240.527   2.506  0.455   70.000   90.055   90.055    0.086  0.462  0.030  0.010  2.000  0.292    0.000
  1  1  2 2010    0.000    0.000   0.000   0.000   0.000 0.000  35.000 166.247   2.506  0.455   70.000   90.055   90.055    0.086  0.462  0.030  0.010  2.000  0.292    0.000
  1  5  2 2010   58.100    3.135   0.000   0.581   5.400 1.001  35.000 209.582   2.506  0.455   70.000   90.055   90.055    0.086  0.462  0.030  0.010  2.000  0.292    0.000
  1  6  2 2010   46.000   24.403  42.285 127.054   0.192 1.001  35.000 225.065   2.506  0.455   70.000   90.055   90.055    0.086  0.462  0.030  0.010  2.000  0.292    1.126
  1 15  2 2010    0.000    0.000   0.000   0.000   0.000 0.000  35.000 170.255   2.506  0.455   70.000   90.055   90.055    0.086  0.462  0.030  0.010  2.000  0.292    0.000
  1 27  2 2010   44.800    5.115   0.000   0.984   5.200 1.001  35.000 208.437   2.506  0.455   70.000   90.055   90.055    0.086  0.462  0.030  0.010  2.000  0.292    0.000
  1  1  3 2010    0.000    0.000   0.000   0.000   0.000 0.000  35.000 197.328   2.506  0.455   70.000   90.055   90.055    0.086  0.462  0.030  0.010  2.000  0.292    0.000
  1 15  3 2010    0.000    0.000   0.000   0.000   0.000 0.000  35.000 144.438   2.506  0.455   70.000   90.055   90.055    0.086  0.462  0.030  0.010  2.000  0.292    0.000
  1  1  4 2010    0.000    0.000   0.000   0.000   0.000 0.000  35.000 101.790   2.506  0.455   70.000   90.055   90.055    0.086  0.462  0.030  0.010  2.000  0.292    0.000
  1 15  4 2010    0.000    0.000   0.000   0.000   0.000 0.000  35.000 102.262   2.506  0.455   70.000   90.055   90.055    0.086  0.462  0.030  0.010  2.000  0.292    0.000
  1  1  5 2010    0.000    0.000   0.000   0.000   0.000 0.000  35.000  72.729   2.506  0.455   70.000   90.055   90.055    0.086  0.462  0.030  0.010  2.000  0.292    0.000
  1 15  5 2010    0.000    0.000   0.000   0.000   0.000 0.000  35.000  72.332   2.506  0.455   70.000   90.055   90.055    0.086  0.462  0.030  0.010  2.000  0.292    0.000
  1  1  6 2010    0.000    0.000   0.000   0.000   0.000 0.000  35.000  72.331   2.506  0.455   70.000   90.055   90.055    0.086  0.462  0.030  0.010  2.000  0.292    0.000
  1 15  6 2010    0.000    0.000   0.000   0.000   0.000 0.000  35.000  72.331   2.506  0.455   70.000   90.055   90.055    0.086  0.462  0.030  0.010  2.000  0.292    0.000
  1  1  7 2010    0.000    0.000   0.000   0.000   0.000 0.000  35.000  72.331   2.506  0.455   70.000   90.056   90.056    0.086  0.462  0.030  0.010  2.000  0.292    0.000
  1 15  7 2010    0.000    0.000   0.000   0.000   0.000 0.000  35.000  72.331   2.506  0.455   70.000   90.056   90.056    0.086  0.462  0.030  0.010  2.000  0.292    0.000
  1  1  8 2010    0.000    0.000   0.000   0.000   0.000 0.000  35.000  72.331   2.506  0.455   70.000   90.056   90.056    0.086  0.462  0.030  0.010  2.000  0.292    0.000
  1 15  8 2010    0.000    0.000   0.000   0.000   0.000 0.000  35.000  72.331   2.506  0.455   70.000   90.056   90.056    0.086  0.462  0.030  0.010  2.000  0.292    0.000
  1  1  9 2010    0.000    0.000   0.000   0.000   0.000 0.000  35.000  72.331   2.506  0.455   70.000   90.056   90.056    0.086  0.462  0.030  0.010  2.000  0.292    0.000
  1 15  9 2010    0.000    0.000   0.000   0.000   0.000 0.000  35.000  72.331   2.506  0.455   70.000   90.056   90.056    0.086  0.462  0.030  0.010  2.000  0.292    0.000
  1  1 10 2010    0.000    0.000   0.000   0.000   0.000 0.000  35.000  72.331   2.506  0.455   70.000   90.056   90.056    0.086  0.462  0.030  0.010  2.000  0.292    0.000
  1 15 10 2010    0.000    0.000   0.000   0.000   0.000 0.000  35.000  82.889   2.506  0.455   70.000   90.056   90.056    0.086  0.462  0.030  0.010  2.000  0.292    0.000
  1  1 11 2010    0.000    0.000   0.000   0.000   0.000 0.000  35.000  83.801   2.506  0.455   70.000   90.056   90.056    0.086  0.462  0.030  0.010  2.000  0.292    0.000
  1 15 11 2010    0.000    0.000   0.000   0.000   0.000 0.000  35.000  72.369   2.506  0.455   70.000   90.056   90.056    0.086  0.462  0.030  0.010  2.000  0.292    0.000
  1  1 12 2010    0.000    0.000   0.000   0.000   0.000 0.000  35.000  93.077   2.506  0.455   70.000   90.056   90.056    0.086  0.462  0.030  0.010  2.000  0.292    0.000
  1 15 12 2010    0.500    0.000   0.000   0.000   0.000 0.000  35.000  83.861   2.506  0.455   70.000   90.056   90.056    0.086  0.462  0.030  0.010  2.000  0.292    0.000
  1 18 12 2010   79.000   35.340   0.000  11.780   3.000 1.001  35.000 149.261   2.506  0.455   70.000   90.056   90.056    0.086  0.462  0.030  0.010  2.000  0.292    1.934
  1 19 12 2010   70.200   51.382  99.683 109.443   0.469 1.001  35.000 164.909   2.506  0.455   70.000   90.056   90.056    0.086  0.462  0.030  0.010  2.000  0.292    2.508
  1 20 12 2010   36.600   17.727  46.997  60.279   0.294 1.001  35.000 180.571   2.506  0.455   70.000   90.056   90.056    0.086  0.462  0.030  0.010  2.000  0.292    1.039
  1 21 12 2010   28.200    9.403   0.000   4.949   1.900 1.001  35.000 195.915   2.506  0.455   70.000   90.056   90.056    0.086  0.462  0.030  0.010  2.000  0.292    0.087
  1 22 12 2010   30.000   11.052  46.679  44.537   0.248 1.001  35.000 211.423   2.506  0.455   70.000   90.056   90.056    0.086  0.462  0.030  0.010  2.000  0.292    0.691
  1  1  1 2011    0.000    0.000   0.000   0.000   0.000 0.000  35.000 193.388   2.506  0.455   70.000   90.056   90.056    0.086  0.462  0.030  0.010  2.000  0.292    0.000
  1 15  1 2011    0.000    0.000   0.000   0.000   0.000 0.000  35.000 151.709   2.506  0.455   70.000   90.057   90.057    0.086  0.462  0.030  0.010  2.000  0.292    0.000
  1  1  2 2011    0.000    0.000   0.000   0.000   0.000 0.000  35.000 125.638   2.506  0.455   70.000   90.057   90.057    0.086  0.462  0.030  0.010  2.000  0.292    0.000
  1 15  2 2011    1.800    0.000   0.000   0.000   0.000 0.000  35.000 104.054   2.506  0.455   70.000   90.057   90.057    0.086  0.462  0.030  0.010  2.000  0.292    0.000
  1  1  3 2011    0.000    0.000   0.000   0.000   0.000 0.000  35.000 160.694   2.506  0.455   70.000   90.057   90.057    0.086  0.462  0.030  0.010  2.000  0.292    0.000
  1 15  3 2011    0.000    0.000   0.000   0.000   0.000 0.000  35.000 129.599   2.506  0.455   70.000   90.057   90.057    0.086  0.462  0.030  0.010  2.000  0.292    0.000
  1 20  3 2011   93.200   25.015   0.000   5.211   4.800 1.001  35.000 188.740   2.506  0.455   70.000   90.057   90.057    0.086  0.462  0.030  0.010  2.000  0.292    0.281
  1  1  4 2011    0.000    0.000   0.000   0.000   0.000 0.000  35.000 157.663   2.506  0.455   70.000   90.057   90.057    0.086  0.462  0.030  0.010  2.000  0.292    0.000
  1 15  4 2011    0.000    0.000   0.000   0.000   0.000 0.000  35.000 115.953   2.506  0.455   70.000   90.057   90.057    0.086  0.462  0.030  0.010  2.000  0.292    0.000
  1  1  5 2011    0.000    0.000   0.000   0.000   0.000 0.000  35.000  73.650   2.506  0.455   70.000   90.057   90.057    0.086  0.462  0.030  0.010  2.000  0.292    0.000
  1 15  5 2011    1.300    0.000   0.000   0.000   0.000 0.000  35.000  72.369   2.506  0.455   70.000   90.057   90.057    0.086  0.462  0.030  0.010  2.000  0.292    0.000
  1  1  6 2011    0.000    0.000   0.000   0.000   0.000 0.000  35.000  72.331   2.506  0.455   70.000   90.057   90.057    0.086  0.462  0.030  0.010  2.000  0.292    0.000
  1 15  6 2011    0.000    0.000   0.000   0.000   0.000 0.000  35.000  72.331   2.506  0.455   70.000   90.057   90.057    0.086  0.462  0.030  0.010  2.000  0.292    0.000
  1  1  7 2011    0.000    0.000   0.000   0.000   0.000 0.000  35.000  72.331   2.506  0.455   70.000   90.057   90.057    0.086  0.462  0.030  0.010  2.000  0.292    0.000
  1 15  7 2011    0.000    0.000   0.000   0.000   0.000 0.000  35.000  72.331   2.506  0.455   70.000   90.057   90.057    0.086  0.462  0.030  0.010  2.000  0.292    0.000
  1  1  8 2011    0.000    0.000   0.000   0.000   0.000 0.000  35.000  72.331   2.506  0.455   70.000   90.058   90.058    0.086  0.462  0.030  0.010  2.000  0.292    0.000
  1 15  8 2011    0.000    0.000   0.000   0.000   0.000 0.000  35.000  72.331   2.506  0.455   70.000   90.058   90.058    0.086  0.462  0.030  0.010  2.000  0.292    0.000
  1  1  9 2011    0.000    0.000   0.000   0.000   0.000 0.000  35.000  72.331   2.506  0.455   70.000   90.058   90.058    0.086  0.462  0.030  0.010  2.000  0.292    0.000
  1 15  9 2011    0.000    0.000   0.000   0.000   0.000 0.000  35.000  72.331   2.506  0.455   70.000   90.058   90.058    0.086  0.462  0.030  0.010  2.000  0.292    0.000
  1  1 10 2011    0.000    0.000   0.000   0.000   0.000 0.000  35.000  72.331   2.506  0.455   70.000   90.058   90.058    0.086  0.462  0.030  0.010  2.000  0.292    0.000
  1 15 10 2011    0.000    0.000   0.000   0.000   0.000 0.000  35.000  83.933   2.506  0.455   70.000   90.058   90.058    0.086  0.462  0.030  0.010  2.000  0.292    0.000
  1  1 11 2011    0.000    0.000   0.000   0.000   0.000 0.000  35.000  72.372   2.506  0.455   70.000   90.058   90.058    0.086  0.462  0.030  0.010  2.000  0.292    0.000
  1 15 11 2011    0.000    0.000   0.000   0.000   0.000 0.000  35.000  95.889   2.506  0.455   70.000   90.058   90.058    0.086  0.462  0.030  0.010  2.000  0.292    0.000
  1  1 12 2011    0.000    0.000   0.000   0.000   0.000 0.000  35.000  98.751   2.506  0.455   70.000   90.058   90.058    0.086  0.462  0.030  0.010  2.000  0.292    0.000
  1 15 12 2011    0.800    0.000   0.000   0.000   0.000 0.000  35.000 102.322   2.506  0.455   70.000   90.058   90.058    0.086  0.462  0.030  0.010  2.000  0.292    0.000
  1  1  1 2012    0.000    0.000   0.000   0.000   0.000 0.000  35.000  78.349   2.506  0.455   70.000   90.058   90.058    0.086  0.462  0.030  0.010  2.000  0.292    0.000
  1 15  1 2012    0.000    0.000   0.000   0.000   0.000 0.000  35.000  72.518   2.506  0.455   70.000   90.058   90.058    0.086  0.462  0.030  0.010  2.000  0.292    0.000
  1  1  2 2012    0.000    0.000   0.000   0.000   0.000 0.000  35.000  88.076   2.506  0.455   70.000   90.058   90.058    0.086  0.462  0.030  0.010  2.000  0.292    0.000
  1 15  2 2012    5.100    0.000   0.000   0.000   0.000 0.000  35.000  76.963   2.506  0.455   70.000   90.059   90.059    0.086  0.462  0.030  0.010  2.000  0.292    0.000
  1  1  3 2012    0.000    0.000   0.000   0.000   0.000 0.000  35.000  72.337   2.506  0.455   70.000   90.059   90.059    0.086  0.462  0.030  0.010  2.000  0.292    0.000
  1 15  3 2012    0.000    0.000   0.000   0.000   0.000 0.000  35.000  72.331   2.506  0.455   70.000   90.059   90.059    0.086  0.462  0.030  0.010  2.000  0.292    0.000
  1  1  4 2012    1.500    0.000   0.000   0.000   0.000 0.000  35.000 109.814   2.506  0.455   70.000   90.059   90.059    0.086  0.462  0.030  0.010  2.000  0.292    0.000
  1 15  4 2012    0.000    0.000   0.000   0.000   0.000 0.000  35.000 112.523   2.506  0.455   70.000   90.059   90.059    0.086  0.462  0.030  0.010  2.000  0.292    0.000
  1  1  5 2012    0.500    0.000   0.000   0.000   0.000 0.000  35.000  80.299   2.506  0.455   70.000   90.059   90.059    0.086  0.462  0.030  0.010  2.000  0.292    0.000
  1 15  5 2012    0.000    0.000   0.000   0.000   0.000 0.000  35.000  72.374   2.506  0.455   70.000   90.059   90.059    0.086  0.462  0.030  0.010  2.000  0.292    0.000
  1  1  6 2012    0.000    0.000   0.000   0.000   0.000 0.000  35.000  72.331   2.506  0.455   70.000   90.059   90.059    0.086  0.462  0.030  0.010  2.000  0.292    0.000
  1 15  6 2012    0.000    0.000   0.000   0.000   0.000 0.000  35.000  72.331   2.506  0.455   70.000   90.059   90.059    0.086  0.462  0.030  0.010  2.000  0.292    0.000
  1  1  7 2012    0.000    0.000   0.000   0.000   0.000 0.000  35.000  72.331   2.506  0.455   70.000   90.059   90.059    0.086  0.462  0.030  0.010  2.000  0.292    0.000
  1 15  7 2012    0.000    0.000   0.000   0.000   0.000 0.000  35.000  72.331   2.506  0.455   70.000   90.059   90.059    0.086  0.462  0.030  0.010  2.000  0.292    0.000
  1  1  8 2012    0.000    0.000   0.000   0.000   0.000 0.000  35.000  72.331   2.506  0.455   70.000   90.059   90.059    0.086  0.462  0.030  0.010  2.000  0.292    0.000
  1 15  8 2012    0.000    0.000   0.000   0.000   0.000 0.000  35.000  72.331   2.506  0.455   70.000   90.059   90.059    0.086  0.462  0.030  0.010  2.000  0.292    0.000
  1  1  9 2012    0.000    0.000   0.000   0.000   0.000 0.000  35.000  72.331   2.506  0.455   70.000   90.060   90.060    0.086  0.462  0.030  0.010  2.000  0.292    0.000
  1 15  9 2012    0.000    0.000   0.000   0.000   0.000 0.000  35.000  72.331   2.506  0.455   70.000   90.060   90.060    0.086  0.462  0.030  0.010  2.000  0.292    0.000
  1  1 10 2012    0.000    0.000   0.000   0.000   0.000 0.000  35.000  72.331   2.506  0.455   70.000   90.060   90.060    0.086  0.462  0.030  0.010  2.000  0.292    0.000
  1 15 10 2012    0.000    0.000   0.000   0.000   0.000 0.000  35.000  72.651   2.506  0.455   70.000   90.060   90.060    0.086  0.462  0.030  0.010  2.000  0.292    0.000
  1  1 11 2012    0.000    0.000   0.000   0.000   0.000 0.000  35.000  72.331   2.506  0.455   70.000   90.060   90.060    0.086  0.462  0.030  0.010  2.000  0.292    0.000
  1 15 11 2012    0.000    0.000   0.000   0.000   0.000 0.000  35.000  72.367   2.506  0.455   70.000   90.060   90.060    0.086  0.462  0.030  0.010  2.000  0.292    0.000
  1  1 12 2012    1.000    0.000   0.000   0.000   0.000 0.000  35.000 116.928   2.506  0.455   70.000   90.060   90.060    0.086  0.462  0.030  0.010  2.000  0.292    0.000
  1 15 12 2012    2.500    0.000   0.000   0.000   0.000 0.000  35.000 122.131   2.506  0.455   70.000   90.060   90.060    0.086  0.462  0.030  0.010  2.000  0.292    0.000
  1  1  1 2013    0.000    0.000   0.000   0.000   0.000 0.000  35.000 166.197   2.506  0.455   70.000   90.060   90.060    0.086  0.462  0.030  0.010  2.000  0.292    0.000
  1 15  1 2013    0.000    0.000   0.000   0.000   0.000 0.000  35.000 143.579   2.506  0.455   70.000   90.060   90.060    0.086  0.462  0.030  0.010  2.000  0.292    0.000
  1  1  2 2013    0.000    0.000   0.000   0.000   0.000 0.000  35.000 161.773   2.506  0.455   70.000   90.060   90.060    0.086  0.462  0.030  0.010  2.000  0.292    0.000
  1 15  2 2013    0.000    0.000   0.000   0.000   0.000 0.000  35.000 136.051   2.506  0.455   70.000   90.060   90.060    0.086  0.462  0.030  0.010  2.000  0.292    0.000
  1  1  3 2013    0.000    0.000   0.000   0.000   0.000 0.000  35.000 115.474   2.506  0.455   70.000   90.060   90.060    0.086  0.462  0.030  0.010  2.000  0.292    0.000
  1 15  3 2013    0.000    0.000   0.000   0.000   0.000 0.000  35.000 104.183   2.506  0.455   70.000   90.060   90.060    0.086  0.462  0.030  0.010  2.000  0.292    0.000
  1  1  4 2013    0.000    0.000   0.000   0.000   0.000 0.000  35.000  73.020   2.506  0.455   70.000   90.061   90.061    0.086  0.462  0.030  0.010  2.000  0.292    0.000
  1 15  4 2013    0.000    0.000   0.000   0.000   0.000 0.000  35.000  72.332   2.506  0.455   70.000   90.061   90.061    0.086  0.462  0.030  0.010  2.000  0.292    0.000
  1  1  5 2013    0.000    0.000   0.000   0.000   0.000 0.000  35.000  72.331   2.506  0.455   70.000   90.061   90.061    0.086  0.462  0.030  0.010  2.000  0.292    0.000
  1 15  5 2013    0.000    0.000   0.000   0.000   0.000 0.000  35.000  72.366   2.506  0.455   70.000   90.061   90.061    0.086  0.462  0.030  0.010  2.000  0.292    0.000
  1  1  6 2013    0.000    0.000   0.000   0.000   0.000 0.000  35.000  72.331   2.506  0.455   70.000   90.061   90.061    0.086  0.462  0.030  0.010  2.000  0.292    0.000
  1 15  6 2013    0.000    0.000   0.000   0.000   0.000 0.000  35.000  72.331   2.506  0.455   70.000   90.061   90.061    0.086  0.462  0.030  0.010  2.000  0.292    0.000
  1  1  7 2013    0.000    0.000   0.000   0.000   0.000 0.000  35.000  72.331   2.506  0.455   70.000   90.061   90.061    0.086  0.462  0.030  0.010  2.000  0.292    0.000
  1 15  7 2013    0.000    0.000   0.000   0.000   0.000 0.000  35.000  72.331   2.506  0.455   70.000   90.061   90.061    0.086  0.462  0.030  0.010  2.000  0.292    0.000
  1  1  8 2013    0.000    0.000   0.000   0.000   0.000 0.000  35.000  72.331   2.506  0.455   70.000   90.061   90.061    0.086  0.462  0.030  0.010  2.000  0.292    0.000
  1 15  8 2013    0.000    0.000   0.000   0.000   0.000 0.000  35.000  72.331   2.506  0.455   70.000   90.061   90.061    0.086  0.462  0.030  0.010  2.000  0.292    0.000
  1  1  9 2013    0.000    0.000   0.000   0.000   0.000 0.000  35.000  72.331   2.506  0.455   70.000   90.061   90.061    0.086  0.462  0.030  0.010  2.000  0.292    0.000
  1 15  9 2013    0.000    0.000   0.000   0.000   0.000 0.000  35.000  72.331   2.506  0.455   70.000   90.061   90.061    0.086  0.462  0.030  0.010  2.000  0.292    0.000
  1  1 10 2013    0.000    0.000   0.000   0.000   0.000 0.000  35.000  72.331   2.506  0.455   70.000   90.061   90.061    0.086  0.462  0.030  0.010  2.000  0.292    0.000
  1 15 10 2013    0.000    0.000   0.000   0.000   0.000 0.000  35.000  72.471   2.506  0.455   70.000   90.062   90.062    0.086  0.462  0.030  0.010  2.000  0.292    0.000
  1  1 11 2013    0.000    0.000   0.000   0.000   0.000 0.000  35.000  72.331   2.506  0.455   70.000   90.062   90.062    0.086  0.462  0.030  0.010  2.000  0.292    0.000
  1 15 11 2013    0.000    0.000   0.000   0.000   0.000 0.000  35.000  72.331   2.506  0.455   70.000   90.062   90.062    0.086  0.462  0.030  0.010  2.000  0.292    0.000
  1  1 12 2013    0.000    0.000   0.000   0.000   0.000 0.000  35.000  82.388   2.506  0.455   70.000   90.062   90.062    0.086  0.462  0.030  0.010  2.000  0.292    0.000
  1 15 12 2013    0.000    0.000   0.000   0.000   0.000 0.000  35.000  74.232   2.506  0.455   70.000   90.062   90.062    0.086  0.462  0.030  0.010  2.000  0.292    0.000
  1  1  1 2014    0.000    0.000   0.000   0.000   0.000 0.000  35.000  72.350   2.506  0.455   70.000   90.062   90.062    0.086  0.462  0.030  0.010  2.000  0.292    0.000
  1 15  1 2014    0.000    0.000   0.000   0.000   0.000 0.000  35.000  72.331   2.506  0.455   70.000   90.062   90.062    0.086  0.462  0.030  0.010  2.000  0.292    0.000
  1  1  2 2014    0.000    0.000   0.000   0.000   0.000 0.000  35.000  72.331   2.506  0.455   70.000   90.062   90.062    0.086  0.462  0.030  0.010  2.000  0.292    0.000
  1 15  2 2014    0.000    0.000   0.000   0.000   0.000 0.000  35.000  72.342   2.506  0.455   70.000   90.062   90.062    0.086  0.462  0.030  0.010  2.000  0.292    0.000
  1 28  2 2014   79.400   44.763  70.207  71.244   0.628 1.001  35.000 148.321   2.506  0.455   70.000   90.062   90.062    0.086  0.462  0.030  0.010  2.000  0.292    2.510
  1  1  3 2014    7.900    0.000   0.000   0.000   0.000 0.000  35.000 154.524   2.506  0.455   70.000   90.062   90.062    0.086  0.462  0.030  0.010  2.000  0.292    0.000
  1 15  3 2014    0.000    0.000   0.000   0.000   0.000 0.000  35.000 116.079   2.506  0.455   70.000   90.062   90.062    0.086  0.462  0.030  0.010  2.000  0.292    0.000
  1  1  4 2014    5.700    0.000   0.000   0.000   0.000 0.000  35.000  82.301   2.506  0.455   70.000   90.062   90.062    0.086  0.462  0.030  0.010  2.000  0.292    0.000
  1 15  4 2014    0.000    0.000   0.000   0.000   0.000 0.000  35.000  72.360   2.506  0.455   70.000   90.062   90.062    0.086  0.462  0.030  0.010  2.000  0.292    0.000
  1  1  5 2014    0.000    0.000   0.000   0.000   0.000 0.000  35.000  72.331   2.506  0.455   70.000   90.063   90.063    0.086  0.462  0.030  0.010  2.000  0.292    0.000
  1 15  5 2014    0.000    0.000   0.000   0.000   0.000 0.000  35.000  72.331   2.506  0.455   70.000   90.063   90.063    0.086  0.462  0.030  0.010  2.000  0.292    0.000
  1  1  6 2014    0.000    0.000   0.000   0.000   0.000 0.000  35.000  72.331   2.506  0.455   70.000   90.063   90.063    0.086  0.462  0.030  0.010  2.000  0.292    0.000
  1 15  6 2014    0.000    0.000   0.000   0.000   0.000 0.000  35.000  72.331   2.506  0.455   70.000   90.063   90.063    0.086  0.462  0.030  0.010  2.000  0.292    0.000
  1  1  7 2014    0.000    0.000   0.000   0.000   0.000 0.000  35.000  72.331   2.506  0.455   70.000   90.063   90.063    0.086  0.462  0.030  0.010  2.000  0.292    0.000
  1 15  7 2014    0.000    0.000   0.000   0.000   0.000 0.000  35.000  72.331   2.506  0.455   70.000   90.063   90.063    0.086  0.462  0.030  0.010  2.000  0.292    0.000
  1  1  8 2014    0.000    0.000   0.000   0.000   0.000 0.000  35.000  72.331   2.506  0.455   70.000   90.063   90.063    0.086  0.462  0.030  0.010  2.000  0.292    0.000
  1 15  8 2014    0.000    0.000   0.000   0.000   0.000 0.000  35.000  72.331   2.506  0.455   70.000   90.063   90.063    0.086  0.462  0.030  0.010  2.000  0.292    0.000
  1  1  9 2014    0.000    0.000   0.000   0.000   0.000 0.000  35.000  72.331   2.506  0.455   70.000   90.063   90.063    0.086  0.462  0.030  0.010  2.000  0.292    0.000
  1 15  9 2014    0.000    0.000   0.000   0.000   0.000 0.000  35.000  72.331   2.506  0.455   70.000   90.063   90.063    0.086  0.462  0.030  0.010  2.000  0.292    0.000
  1  1 10 2014    0.000    0.000   0.000   0.000   0.000 0.000  35.000  72.331   2.506  0.455   70.000   90.063   90.063    0.086  0.462  0.030  0.010  2.000  0.292    0.000
  1 15 10 2014    0.000    0.000   0.000   0.000   0.000 0.000  35.000  72.331   2.506  0.455   70.000   90.063   90.063    0.086  0.462  0.030  0.010  2.000  0.292    0.000
  1  1 11 2014    2.800    0.000   0.000   0.000   0.000 0.000  35.000  85.341   2.506  0.455   70.000   90.063   90.063    0.086  0.462  0.030  0.010  2.000  0.292    0.000
  1 15 11 2014    0.000    0.000   0.000   0.000   0.000 0.000  35.000  72.373   2.506  0.455   70.000   90.064   90.064    0.086  0.462  0.030  0.010  2.000  0.292    0.000
  1  1 12 2014    0.000    0.000   0.000   0.000   0.000 0.000  35.000  96.996   2.506  0.455   70.000   90.064   90.064    0.086  0.462  0.030  0.010  2.000  0.292    0.000
  1  2 12 2014   51.300    6.350   0.000   1.411   4.500 1.001  35.000 140.410   2.506  0.455   70.000   90.064   90.064    0.086  0.462  0.030  0.010  2.000  0.292    0.000
  1 15 12 2014    5.800    0.000   0.000   0.000   0.000 0.000  35.000 190.475   2.506  0.455   70.000   90.064   90.064    0.086  0.462  0.030  0.010  2.000  0.292    0.000
  1  1  1 2015    0.000    0.000   0.000   0.000   0.000 0.000  35.000 150.806   2.506  0.455   70.000   90.064   90.064    0.086  0.462  0.030  0.010  2.000  0.292    0.000
  1 15  1 2015    0.000    0.000   0.000   0.000   0.000 0.000  35.000 167.028   2.506  0.455   70.000   90.064   90.064    0.086  0.462  0.030  0.010  2.000  0.292    0.000
  1  1  2 2015    0.000    0.000   0.000   0.000   0.000 0.000  35.000 137.635   2.506  0.455   70.000   90.064   90.064    0.086  0.462  0.030  0.010  2.000  0.292    0.000
  1 15  2 2015    0.000    0.000   0.000   0.000   0.000 0.000  35.000 114.491   2.506  0.455   70.000   90.064   90.064    0.086  0.462  0.030  0.010  2.000  0.292    0.000
  1  1  3 2015   25.700    0.000   0.000   0.000   0.000 0.000  35.000 139.830   2.506  0.455   70.000   90.064   90.064    0.086  0.462  0.030  0.010  2.000  0.292    0.000
  1 15  3 2015    0.000    0.000   0.000   0.000   0.000 0.000  35.000 103.413   2.506  0.455   70.000   90.064   90.064    0.086  0.462  0.030  0.010  2.000  0.292    0.000
  1  1  4 2015    0.000    0.000   0.000   0.000   0.000 0.000  35.000  72.563   2.506  0.455   70.000   90.064   90.064    0.086  0.462  0.030  0.010  2.000  0.292    0.000
  1 15  4 2015    0.000    0.000   0.000   0.000   0.000 0.000  35.000  72.340   2.506  0.455   70.000   90.064   90.064    0.086  0.462  0.030  0.010  2.000  0.292    0.000
  1  1  5 2015    0.000    0.000   0.000   0.000   0.000 0.000  35.000  72.331   2.506  0.455   70.000   90.064   90.064    0.086  0.462  0.030  0.010  2.000  0.292    0.000
  1 15  5 2015    1.000    0.000   0.000   0.000   0.000 0.000  35.000  83.370   2.506  0.455   70.000   90.064   90.064    0.086  0.462  0.030  0.010  2.000  0.292    0.000
  1  1  6 2015    0.000    0.000   0.000   0.000   0.000 0.000  35.000  72.331   2.506  0.455   70.000   90.064   90.064    0.086  0.462  0.030  0.010  2.000  0.292    0.000
  1 15  6 2015    0.000    0.000   0.000   0.000   0.000 0.000  35.000  72.331   2.506  0.455   70.000   90.065   90.065    0.086  0.462  0.030  0.010  2.000  0.292    0.000
  1  1  7 2015    0.000    0.000   0.000   0.000   0.000 0.000  35.000  72.331   2.506  0.455   70.000   90.065   90.065    0.086  0.462  0.030  0.010  2.000  0.292    0.000
  1 15  7 2015    0.000    0.000   0.000   0.000   0.000 0.000  35.000  72.331   2.506  0.455   70.000   90.065   90.065    0.086  0.462  0.030  0.010  2.000  0.292    0.000
  1  1  8 2015    0.000    0.000   0.000   0.000   0.000 0.000  35.000  72.550   2.506  0.455   70.000   90.065   90.065    0.086  0.462  0.030  0.010  2.000  0.292    0.000
  1 15  8 2015    0.000    0.000   0.000   0.000   0.000 0.000  35.000  72.331   2.506  0.455   70.000   90.065   90.065    0.086  0.462  0.030  0.010  2.000  0.292    0.000
  1  1  9 2015    0.000    0.000   0.000   0.000   0.000 0.000  35.000  72.331   2.506  0.455   70.000   90.065   90.065    0.086  0.462  0.030  0.010  2.000  0.292    0.000
  1 15  9 2015   14.600    0.000   0.000   0.000   0.000 0.000  35.000 106.601   2.506  0.455   70.000   90.065   90.065    0.086  0.462  0.030  0.010  2.000  0.292    0.000
  1  1 10 2015    0.000    0.000   0.000   0.000   0.000 0.000  35.000  72.808   2.506  0.455   70.000   90.065   90.065    0.086  0.462  0.030  0.010  2.000  0.292    0.000
  1 15 10 2015    0.000    0.000   0.000   0.000   0.000 0.000  35.000  72.336   2.506  0.455   70.000   90.065   90.065    0.086  0.462  0.030  0.010  2.000  0.292    0.000
  1  1 11 2015    0.000    0.000   0.000   0.000   0.000 0.000  35.000  72.331   2.506  0.455   70.000   90.065   90.065    0.086  0.462  0.030  0.010  2.000  0.292    0.000
  1 15 11 2015    0.000    0.000   0.000   0.000   0.000 0.000  35.000  72.336   2.506  0.455   70.000   90.065   90.065    0.086  0.462  0.030  0.010  2.000  0.292    0.000
  1  1 12 2015    0.000    0.000   0.000   0.000   0.000 0.000  35.000  72.331   2.506  0.455   70.000   90.065   90.065    0.086  0.462  0.030  0.010  2.000  0.292    0.000
  1 15 12 2015    0.000    0.000   0.000   0.000   0.000 0.000  35.000  73.542   2.506  0.455   70.000   90.065   90.065    0.086  0.462  0.030  0.010  2.000  0.292    0.000
  1  1  1 2016    0.000    0.000   0.000   0.000   0.000 0.000  35.000  73.103   2.506  0.455   70.000   90.066   90.066    0.086  0.462  0.030  0.010  2.000  0.292    0.000
  1  6  1 2016   36.200   14.932   0.000   1.821   8.200 1.001  35.000 150.883   2.506  0.455   70.000   90.066   90.066    0.086  0.462  0.030  0.010  2.000  0.292    0.000
  1 15  1 2016    0.000    0.000   0.000   0.000   0.000 0.000  35.000 140.607   2.506  0.455   70.000   90.066   90.066    0.086  0.462  0.030  0.010  2.000  0.292    0.000
  1  1  2 2016    0.000    0.000   0.000   0.000   0.000 0.000  35.000 162.353   2.506  0.455   70.000   90.066   90.066    0.086  0.462  0.030  0.010  2.000  0.292    0.000
  1 15  2 2016    0.000    0.000   0.000   0.000   0.000 0.000  35.000 129.279   2.506  0.455   70.000   90.066   90.066    0.086  0.462  0.030  0.010  2.000  0.292    0.000
  1  1  3 2016    0.000    0.000   0.000   0.000   0.000 0.000  35.000 113.908   2.506  0.455   70.000   90.066   90.066    0.086  0.462  0.030  0.010  2.000  0.292    0.000
  1 15  3 2016    0.000    0.000   0.000   0.000   0.000 0.000  35.000 149.151   2.506  0.455   70.000   90.066   90.066    0.086  0.462  0.030  0.010  2.000  0.292    0.000
  1  1  4 2016    0.000    0.000   0.000   0.000   0.000 0.000  35.000 106.209   2.506  0.455   70.000   90.066   90.066    0.086  0.462  0.030  0.010  2.000  0.292    0.000
  1 15  4 2016    0.000    0.000   0.000   0.000   0.000 0.000  35.000  79.253   2.506  0.455   70.000   90.066   90.066    0.086  0.462  0.030  0.010  2.000  0.292    0.000
  1  1  5 2016    0.000    0.000   0.000   0.000   0.000 0.000  35.000  72.338   2.506  0.455   70.000   90.066   90.066    0.086  0.462  0.030  0.010  2.000  0.292    0.000
  1 15  5 2016    0.000    0.000   0.000   0.000   0.000 0.000  35.000  72.332   2.506  0.455   70.000   90.066   90.066    0.086  0.462  0.030  0.010  2.000  0.292    0.000
  1  1  6 2016    0.000    0.000   0.000   0.000   0.000 0.000  35.000  72.331   2.506  0.455   70.000   90.066   90.066    0.086  0.462  0.030  0.010  2.000  0.292    0.000
  1 15  6 2016    0.000    0.000   0.000   0.000   0.000 0.000  35.000  72.331   2.506  0.455   70.000   90.066   90.066    0.086  0.462  0.030  0.010  2.000  0.292    0.000
  1  1  7 2016    0.000    0.000   0.000   0.000   0.000 0.000  35.000  72.331   2.506  0.455   70.000   90.066   90.066    0.086  0.462  0.030  0.010  2.000  0.292    0.000
  1 15  7 2016    0.000    0.000   0.000   0.000   0.000 0.000  35.000  72.331   2.506  0.455   70.000   90.067   90.067    0.086  0.462  0.030  0.010  2.000  0.292    0.000
  1  1  8 2016    0.000    0.000   0.000   0.000   0.000 0.000  35.000  72.331   2.506  0.455   70.000   90.067   90.067    0.086  0.462  0.030  0.010  2.000  0.292    0.000
  1 15  8 2016    0.000    0.000   0.000   0.000   0.000 0.000  35.000  72.331   2.506  0.455   70.000   90.067   90.067    0.086  0.462  0.030  0.010  2.000  0.292    0.000
  1  1  9 2016    0.000    0.000   0.000   0.000   0.000 0.000  35.000  72.331   2.506  0.455   70.000   90.067   90.067    0.086  0.462  0.030  0.010  2.000  0.292    0.000
  1 15  9 2016    0.000    0.000   0.000   0.000   0.000 0.000  35.000  72.331   2.506  0.455   70.000   90.067   90.067    0.086  0.462  0.030  0.010  2.000  0.292    0.000
  1  1 10 2016    0.000    0.000   0.000   0.000   0.000 0.000  35.000  72.331   2.506  0.455   70.000   90.067   90.067    0.086  0.462  0.030  0.010  2.000  0.292    0.000
  1 15 10 2016    0.500    0.000   0.000   0.000   0.000 0.000  35.000  72.331   2.506  0.455   70.000   90.067   90.067    0.086  0.462  0.030  0.010  2.000  0.292    0.000
  1  1 11 2016    0.000    0.000   0.000   0.000   0.000 0.000  35.000  73.024   2.506  0.455   70.000   90.067   90.067    0.086  0.462  0.030  0.010  2.000  0.292    0.000
  1 15 11 2016    0.000    0.000   0.000   0.000   0.000 0.000  35.000  72.331   2.506  0.455   70.000   90.067   90.067    0.086  0.462  0.030  0.010  2.000  0.292    0.000
  1  1 12 2016    0.000    0.000   0.000   0.000   0.000 0.000  35.000  93.614   2.506  0.455   70.000   90.067   90.067    0.086  0.462  0.030  0.010  2.000  0.292    0.000
  1 15 12 2016   38.700    0.000   0.000   0.000   0.000 0.000  35.000 118.513   2.506  0.455   70.000   90.067   90.067    0.086  0.462  0.030  0.010  2.000  0.292    0.000
  1 23 12 2016   50.000   12.196   0.000   6.098   2.000 1.001  35.000 169.737   2.506  0.455   70.000   90.067   90.067    0.086  0.462  0.030  0.010  2.000  0.292    0.261
  1  1  1 2017    0.000    0.000   0.000   0.000   0.000 0.000  35.000 172.003   2.506  0.455   70.000   90.067   90.067    0.086  0.462  0.030  0.010  2.000  0.292    0.000
  1 15  1 2017    0.000    0.000   0.000   0.000   0.000 0.000  35.000 201.615   2.506  0.455   70.000   90.067   90.067    0.086  0.462  0.030  0.010  2.000  0.292    0.000
  1 20  1 2017   69.900   33.842  45.301  67.377   0.502 1.001  35.000 249.233   2.506  0.455   70.000   90.067   90.067    0.086  0.462  0.030  0.010  2.000  0.292    1.927
  1 22  1 2017   74.500   52.364  40.726 165.359   0.317 1.001  35.000 249.300   2.506  0.455   70.000   90.067   90.067    0.086  0.462  0.030  0.010  2.000  0.292    2.169
  1  1  2 2017    0.000    0.000   0.000   0.000   0.000 0.000  35.000 165.540   2.506  0.455   70.000   90.068   90.068    0.086  0.462  0.030  0.010  2.000  0.292    0.000
  1 15  2 2017    0.000    0.000   0.000   0.000   0.000 0.000  35.000 166.070   2.506  0.455   70.000   90.068   90.068    0.086  0.462  0.030  0.010  2.000  0.292    0.000
  1 17  2 2017   80.900   30.425   0.000   4.226   7.200 1.001  35.000 213.873   2.506  0.455   70.000   90.068   90.068    0.086  0.462  0.030  0.010  2.000  0.292    0.130
  1  1  3 2017    0.000    0.000   0.000   0.000   0.000 0.000  35.000 162.430   2.506  0.455   70.000   90.068   90.068    0.086  0.462  0.030  0.010  2.000  0.292    0.000
  1 15  3 2017    0.000    0.000   0.000   0.000   0.000 0.000  35.000 122.793   2.506  0.455   70.000   90.068   90.068    0.086  0.462  0.030  0.010  2.000  0.292    0.000
  1  1  4 2017    0.000    0.000   0.000   0.000   0.000 0.000  35.000  90.737   2.506  0.455   70.000   90.068   90.068    0.086  0.462  0.030  0.010  2.000  0.292    0.000
  1 15  4 2017    0.000    0.000   0.000   0.000   0.000 0.000  35.000  72.508   2.506  0.455   70.000   90.068   90.068    0.086  0.462  0.030  0.010  2.000  0.292    0.000
  1  1  5 2017    0.000    0.000   0.000   0.000   0.000 0.000  35.000  72.331   2.506  0.455   70.000   90.068   90.068    0.086  0.462  0.030  0.010  2.000  0.292    0.000
  1 15  5 2017    0.000    0.000   0.000   0.000   0.000 0.000  35.000  72.331   2.506  0.455   70.000   90.068   90.068    0.086  0.462  0.030  0.010  2.000  0.292    0.000
  1  1  6 2017    0.000    0.000   0.000   0.000   0.000 0.000  35.000  72.331   2.506  0.455   70.000   90.068   90.068    0.086  0.462  0.030  0.010  2.000  0.292    0.000
  1 15  6 2017    0.000    0.000   0.000   0.000   0.000 0.000  35.000  72.331   2.506  0.455   70.000   90.068   90.068    0.086  0.462  0.030  0.010  2.000  0.292    0.000
  1  1  7 2017    0.000    0.000   0.000   0.000   0.000 0.000  35.000  72.331   2.506  0.455   70.000   90.068   90.068    0.086  0.462  0.030  0.010  2.000  0.292    0.000
  1 15  7 2017    0.000    0.000   0.000   0.000   0.000 0.000  35.000  72.331   2.506  0.455   70.000   90.068   90.068    0.086  0.462  0.030  0.010  2.000  0.292    0.000
  1  1  8 2017    0.000    0.000   0.000   0.000   0.000 0.000  35.000  72.331   2.506  0.455   70.000   90.068   90.068    0.086  0.462  0.030  0.010  2.000  0.292    0.000
  1 15  8 2017    0.000    0.000   0.000   0.000   0.000 0.000  35.000  72.331   2.506  0.455   70.000   90.068   90.068    0.086  0.462  0.030  0.010  2.000  0.292    0.000
  1  1  9 2017    0.000    0.000   0.000   0.000   0.000 0.000  35.000  72.331   2.506  0.455   70.000   90.069   90.069    0.086  0.462  0.030  0.010  2.000  0.292    0.000
  1 15  9 2017    0.000    0.000   0.000   0.000   0.000 0.000  35.000  72.331   2.506  0.455   70.000   90.069   90.069    0.086  0.462  0.030  0.010  2.000  0.292    0.000
  1  1 10 2017    0.000    0.000   0.000   0.000   0.000 0.000  35.000  72.331   2.506  0.455   70.000   90.069   90.069    0.086  0.462  0.030  0.010  2.000  0.292    0.000
  1 15 10 2017    0.000    0.000   0.000   0.000   0.000 0.000  35.000  72.331   2.506  0.455   70.000   90.069   90.069    0.086  0.462  0.030  0.010  2.000  0.292    0.000
  1  1 11 2017    0.000    0.000   0.000   0.000   0.000 0.000  35.000  72.331   2.506  0.455   70.000   90.069   90.069    0.086  0.462  0.030  0.010  2.000  0.292    0.000
  1 15 11 2017    0.000    0.000   0.000   0.000   0.000 0.000  35.000  72.331   2.506  0.455   70.000   90.069   90.069    0.086  0.462  0.030  0.010  2.000  0.292    0.000
  1  1 12 2017    0.000    0.000   0.000   0.000   0.000 0.000  35.000  72.331   2.506  0.455   70.000   90.069   90.069    0.086  0.462  0.030  0.010  2.000  0.292    0.000
  1 15 12 2017    0.000    0.000   0.000   0.000   0.000 0.000  35.000  72.331   2.506  0.455   70.000   90.069   90.069    0.086  0.462  0.030  0.010  2.000  0.292    0.000
  1  1  1 2018    0.000    0.000   0.000   0.000   0.000 0.000  35.000  72.331   2.506  0.455   70.000   90.069   90.069    0.086  0.462  0.030  0.010  2.000  0.292    0.000
  1  9  1 2018   49.200    6.031   0.000   1.256   4.800 1.001  35.000 140.408   2.506  0.455   70.000   90.069   90.069    0.086  0.462  0.030  0.010  2.000  0.292    0.000
  1 15  1 2018    0.000    0.000   0.000   0.000   0.000 0.000  35.000 128.949   2.506  0.455   70.000   90.069   90.069    0.086  0.462  0.030  0.010  2.000  0.292    0.000
  1  1  2 2018    0.000    0.000   0.000   0.000   0.000 0.000  35.000 100.817   2.506  0.455   70.000   90.069   90.069    0.086  0.462  0.030  0.010  2.000  0.292    0.000
  1 15  2 2018    0.000    0.000   0.000   0.000   0.000 0.000  35.000  77.968   2.506  0.455   70.000   90.069   90.069    0.086  0.462  0.030  0.010  2.000  0.292    0.000
  1  1  3 2018   11.500    0.000   0.000   0.000   0.000 0.000  35.000  83.016   2.506  0.455   70.000   90.069   90.069    0.086  0.462  0.030  0.010  2.000  0.292    0.000
  1 15  3 2018    0.000    0.000   0.000   0.000   0.000 0.000  35.000 145.548   2.506  0.455   70.000   90.070   90.070    0.086  0.462  0.030  0.010  2.000  0.292    0.000
  1  1  4 2018    0.000    0.000   0.000   0.000   0.000 0.000  35.000 147.050   2.506  0.455   70.000   90.070   90.070    0.086  0.462  0.030  0.010  2.000  0.292    0.000
  1 15  4 2018    0.000    0.000   0.000   0.000   0.000 0.000  35.000 108.328   2.506  0.455   70.000   90.070   90.070    0.086  0.462  0.030  0.010  2.000  0.292    0.000
  1  1  5 2018    1.300    0.000   0.000   0.000   0.000 0.000  35.000  73.467   2.506  0.455   70.000   90.070   90.070    0.086  0.462  0.030  0.010  2.000  0.292    0.000
  1 15  5 2018    0.000    0.000   0.000   0.000   0.000 0.000  35.000  72.333   2.506  0.455   70.000   90.070   90.070    0.086  0.462  0.030  0.010  2.000  0.292    0.000
  1  1  6 2018    0.000    0.000   0.000   0.000   0.000 0.000  35.000  72.331   2.506  0.455   70.000   90.070   90.070    0.086  0.462  0.030  0.010  2.000  0.292    0.000
  1 15  6 2018    0.000    0.000   0.000   0.000   0.000 0.000  35.000  72.331   2.506  0.455   70.000   90.070   90.070    0.086  0.462  0.030  0.010  2.000  0.292    0.000
  1  1  7 2018    0.000    0.000   0.000   0.000   0.000 0.000  35.000  72.331   2.506  0.455   70.000   90.070   90.070    0.086  0.462  0.030  0.010  2.000  0.292    0.000
  1 15  7 2018    0.000    0.000   0.000   0.000   0.000 0.000  35.000  72.331   2.506  0.455   70.000   90.070   90.070    0.086  0.462  0.030  0.010  2.000  0.292    0.000
  1  1  8 2018    0.000    0.000   0.000   0.000   0.000 0.000  35.000  72.331   2.506  0.455   70.000   90.070   90.070    0.086  0.462  0.030  0.010  2.000  0.292    0.000
  1 15  8 2018    0.000    0.000   0.000   0.000   0.000 0.000  35.000  72.331   2.506  0.455   70.000   90.070   90.070    0.086  0.462  0.030  0.010  2.000  0.292    0.000
  1  1  9 2018    0.000    0.000   0.000   0.000   0.000 0.000  35.000  72.331   2.506  0.455   70.000   90.070   90.070    0.086  0.462  0.030  0.010  2.000  0.292    0.000
  1 15  9 2018    0.000    0.000   0.000   0.000   0.000 0.000  35.000  72.331   2.506  0.455   70.000   90.070   90.070    0.086  0.462  0.030  0.010  2.000  0.292    0.000
  1  1 10 2018    0.000    0.000   0.000   0.000   0.000 0.000  35.000  72.331   2.506  0.455   70.000   90.071   90.071    0.086  0.462  0.030  0.010  2.000  0.292    0.000
  1 15 10 2018    0.000    0.000   0.000   0.000   0.000 0.000  35.000  74.128   2.506  0.455   70.000   90.071   90.071    0.086  0.462  0.030  0.010  2.000  0.292    0.000
  1  1 11 2018    0.000    0.000   0.000   0.000   0.000 0.000  35.000  72.331   2.506  0.455   70.000   90.071   90.071    0.086  0.462  0.030  0.010  2.000  0.292    0.000
  1 15 11 2018    0.000    0.000   0.000   0.000   0.000 0.000  35.000  72.331   2.506  0.455   70.000   90.071   90.071    0.086  0.462  0.030  0.010  2.000  0.292    0.000
  1  1 12 2018    0.000    0.000   0.000   0.000   0.000 0.000  35.000 133.456   2.506  0.455   70.000   90.071   90.071    0.086  0.462  0.030  0.010  2.000  0.292    0.000
  1  6 12 2018   31.300    6.686  35.682  19.444   0.344 1.001  35.000 184.153   2.506  0.455   70.000   90.071   90.071    0.086  0.462  0.030  0.010  2.000  0.292    0.432
  1 15 12 2018    0.000    0.000   0.000   0.000   0.000 0.000  35.000 163.096   2.506  0.455   70.000   90.071   90.071    0.086  0.462  0.030  0.010  2.000  0.292    0.000
  1  1  1 2019    0.000    0.000   0.000   0.000   0.000 0.000  35.000 139.710   2.506  0.455   70.000   90.071   90.071    0.086  0.462  0.030  0.010  2.000  0.292    0.000
  1 14  1 2019   49.200    5.278   0.000   0.621   8.500 1.001  35.000 241.005   2.506  0.455   70.000   90.071   90.071    0.086  0.462  0.030  0.010  2.000  0.292    0.000
  1 15  1 2019   17.900    0.000   0.000   0.000   0.000 0.000  35.000 245.757   2.506  0.455   70.000   90.071   90.071    0.086  0.462  0.030  0.010  2.000  0.292    0.000
  1 16  1 2019   50.000   30.588  86.882  74.767   0.409 1.001  35.000 249.347   2.506  0.455   70.000   90.071   90.071    0.086  0.462  0.030  0.010  2.000  0.292    1.691
  1 17  1 2019   33.400   17.435   0.000   3.290   5.300 1.001  32.400 249.207   2.506  0.455   70.000   90.071   90.071    0.086  0.462  0.030  0.010  2.000  0.292    0.000
  1  1  2 2019    7.900    0.000   0.000   0.000   0.000 0.000  35.000 188.657   2.506  0.455   70.000   90.071   90.071    0.086  0.462  0.030  0.010  2.000  0.292    0.000
  1  2  2 2019   52.100   13.024   0.000   4.201   3.100 1.001  35.000 223.032   2.506  0.455   70.000   90.071   90.071    0.086  0.462  0.030  0.010  2.000  0.292    0.054
  1  3  2 2019   25.600    1.473   0.000   0.359   4.100 1.001  35.000 238.448   2.506  0.455   70.000   90.071   90.071    0.086  0.462  0.030  0.010  2.000  0.292    0.000
  1 15  2 2019    8.600    0.000   0.000   0.000   0.000 0.000  35.000 231.865   2.506  0.455   70.000   90.071   90.071    0.086  0.462  0.030  0.010  2.000  0.292    0.000
  1  1  3 2019   12.900    0.000   0.000   0.000   0.000 0.000  35.000 174.042   2.506  0.455   70.000   90.071   90.071    0.086  0.462  0.030  0.010  2.000  0.292    0.000
  1 15  3 2019    0.000    0.000   0.000   0.000   0.000 0.000  35.000 160.194   2.506  0.455   70.000   90.071   90.071    0.086  0.462  0.030  0.010  2.000  0.292    0.000
  1  1  4 2019    0.000    0.000   0.000   0.000   0.000 0.000  35.000 120.053   2.506  0.455   70.000   90.071   90.071    0.086  0.462  0.030  0.010  2.000  0.292    0.000
  1 15  4 2019    0.000    0.000   0.000   0.000   0.000 0.000  35.000  86.554   2.506  0.455   70.000   90.072   90.072    0.086  0.462  0.030  0.010  2.000  0.292    0.000
  1  1  5 2019    0.000    0.000   0.000   0.000   0.000 0.000  35.000  72.373   2.506  0.455   70.000   90.072   90.072    0.086  0.462  0.030  0.010  2.000  0.292    0.000
  1 15  5 2019    6.700    0.000   0.000   0.000   0.000 0.000  35.000  76.627   2.506  0.455   70.000   90.072   90.072    0.086  0.462  0.030  0.010  2.000  0.292    0.000
  1  1  6 2019    0.800    0.000   0.000   0.000   0.000 0.000  35.000  72.488   2.506  0.455   70.000   90.072   90.072    0.086  0.462  0.030  0.010  2.000  0.292    0.000
  1 15  6 2019    0.000    0.000   0.000   0.000   0.000 0.000  35.000  72.331   2.506  0.455   70.000   90.072   90.072    0.086  0.462  0.030  0.010  2.000  0.292    0.000
  1  1  7 2019    0.000    0.000   0.000   0.000   0.000 0.000  35.000  72.331   2.506  0.455   70.000   90.072   90.072    0.086  0.462  0.030  0.010  2.000  0.292    0.000
  1 15  7 2019    0.000    0.000   0.000   0.000   0.000 0.000  35.000  72.331   2.506  0.455   70.000   90.072   90.072    0.086  0.462  0.030  0.010  2.000  0.292    0.000
  1  1  8 2019    0.000    0.000   0.000   0.000   0.000 0.000  35.000  72.331   2.506  0.455   70.000   90.072   90.072    0.086  0.462  0.030  0.010  2.000  0.292    0.000
  1 15  8 2019    0.000    0.000   0.000   0.000   0.000 0.000  35.000  72.331   2.506  0.455   70.000   90.072   90.072    0.086  0.462  0.030  0.010  2.000  0.292    0.000
  1  1  9 2019    0.000    0.000   0.000   0.000   0.000 0.000  35.000  72.331   2.506  0.455   70.000   90.072   90.072    0.086  0.462  0.030  0.010  2.000  0.292    0.000
  1 15  9 2019    0.000    0.000   0.000   0.000   0.000 0.000  35.000  72.331   2.506  0.455   70.000   90.072   90.072    0.086  0.462  0.030  0.010  2.000  0.292    0.000
  1  1 10 2019    0.000    0.000   0.000   0.000   0.000 0.000  35.000  72.331   2.506  0.455   70.000   90.072   90.072    0.086  0.462  0.030  0.010  2.000  0.292    0.000
  1 15 10 2019    0.000    0.000   0.000   0.000   0.000 0.000  35.000  72.331   2.506  0.455   70.000   90.072   90.072    0.086  0.462  0.030  0.010  2.000  0.292    0.000
  1  1 11 2019    0.000    0.000   0.000   0.000   0.000 0.000  35.000  72.331   2.506  0.455   70.000   90.073   90.073    0.086  0.462  0.030  0.010  2.000  0.292    0.000
  1 15 11 2019    0.000    0.000   0.000   0.000   0.000 0.000  35.000  72.331   2.506  0.455   70.000   90.073   90.073    0.086  0.462  0.030  0.010  2.000  0.292    0.000
  1 28 11 2019   35.000    0.476  67.830   0.346   1.375 1.001  35.000 142.251   2.506  0.455   70.000   90.073   90.073    0.086  0.462  0.030  0.010  2.000  0.292    0.000
  1  1 12 2019    0.000    0.000   0.000   0.000   0.000 0.000  35.000 141.707   2.506  0.455   70.000   90.073   90.073    0.086  0.462  0.030  0.010  2.000  0.292    0.000
  1 15 12 2019    0.000    0.000   0.000   0.000   0.000 0.000  35.000 160.666   2.506  0.455   70.000   90.073   90.073    0.086  0.462  0.030  0.010  2.000  0.292    0.000
  1 22 12 2019   54.800    0.897   0.000   0.299   3.000 1.001  35.000 203.424   2.506  0.455   70.000   90.073   90.073    0.086  0.462  0.030  0.010  2.000  0.292    0.000
  1 25 12 2019   48.700    4.246   0.000   1.769   2.400 1.001  35.000 235.869   2.506  0.455   70.000   90.073   90.073    0.086  0.462  0.030  0.010  2.000  0.292    0.000
  1  1  1 2020    0.000    0.000   0.000   0.000   0.000 0.000  35.000 180.614   2.506  0.455   70.000   90.073   90.073    0.086  0.462  0.030  0.010  2.000  0.292    0.000
  1 15  1 2020    0.000    0.000   0.000   0.000   0.000 0.000  35.000 142.169   2.506  0.455   70.000   90.073   90.073    0.086  0.462  0.030  0.010  2.000  0.292    0.000
  1  1  2 2020    0.000    0.000   0.000   0.000   0.000 0.000  35.000 124.426   2.506  0.455   70.000   90.073   90.073    0.086  0.462  0.030  0.010  2.000  0.292    0.000
  1 15  2 2020    0.000    0.000   0.000   0.000   0.000 0.000  35.000 106.646   2.506  0.455   70.000   90.073   90.073    0.086  0.462  0.030  0.010  2.000  0.292    0.000
  1  1  3 2020    0.000    0.000   0.000   0.000   0.000 0.000  35.000  79.861   2.506  0.455   70.000   90.073   90.073    0.086  0.462  0.030  0.010  2.000  0.292    0.000
  1 12  3 2020   61.800    9.530   0.000   2.118   4.500 1.001  35.000 139.144   2.506  0.455   70.000   90.073   90.073    0.086  0.462  0.030  0.010  2.000  0.292    0.000
  1 15  3 2020    2.000    0.000   0.000   0.000   0.000 0.000  35.000 154.823   2.506  0.455   70.000   90.073   90.073    0.086  0.462  0.030  0.010  2.000  0.292    0.000
  1  1  4 2020    0.000    0.000   0.000   0.000   0.000 0.000  35.000 150.393   2.506  0.455   70.000   90.073   90.073    0.086  0.462  0.030  0.010  2.000  0.292    0.000
  1  7  4 2020   14.400    0.209  48.000   2.171   0.096 1.001  35.000 203.313   2.506  0.455   70.000   90.073   90.073    0.086  0.462  0.030  0.010  2.000  0.292    0.000
  1 15  4 2020    0.000    0.000   0.000   0.000   0.000 0.000  35.000 171.296   2.506  0.455   70.000   90.073   90.073    0.086  0.462  0.030  0.010  2.000  0.292    0.000
  1  1  5 2020    0.000    0.000   0.000   0.000   0.000 0.000  35.000 110.847   2.506  0.455   70.000   90.073   90.073    0.086  0.462  0.030  0.010  2.000  0.292    0.000
  1 15  5 2020    0.000    0.000   0.000   0.000   0.000 0.000  35.000  73.523   2.506  0.455   70.000   90.073   90.073    0.086  0.462  0.030  0.010  2.000  0.292    0.000
  1  1  6 2020    0.000    0.000   0.000   0.000   0.000 0.000  35.000  72.333   2.506  0.455   70.000   90.074   90.074    0.086  0.462  0.030  0.010  2.000  0.292    0.000
  1 15  6 2020    0.000    0.000   0.000   0.000   0.000 0.000  35.000  72.331   2.506  0.455   70.000   90.074   90.074    0.086  0.462  0.030  0.010  2.000  0.292    0.000
  1  1  7 2020    0.000    0.000   0.000   0.000   0.000 0.000  35.000  72.331   2.506  0.455   70.000   90.074   90.074    0.086  0.462  0.030  0.010  2.000  0.292    0.000
  1 15  7 2020    0.000    0.000   0.000   0.000   0.000 0.000  35.000  72.331   2.506  0.455   70.000   90.074   90.074    0.086  0.462  0.030  0.010  2.000  0.292    0.000
  1  1  8 2020    0.000    0.000   0.000   0.000   0.000 0.000  35.000  72.331   2.506  0.455   70.000   90.074   90.074    0.086  0.462  0.030  0.010  2.000  0.292    0.000
  1 15  8 2020    0.000    0.000   0.000   0.000   0.000 0.000  35.000  72.331   2.506  0.455   70.000   90.074   90.074    0.086  0.462  0.030  0.010  2.000  0.292    0.000
  1  1  9 2020    0.000    0.000   0.000   0.000   0.000 0.000  35.000  72.331   2.506  0.455   70.000   90.074   90.074    0.086  0.462  0.030  0.010  2.000  0.292    0.000
  1 15  9 2020    0.000    0.000   0.000   0.000   0.000 0.000  35.000  72.331   2.506  0.455   70.000   90.074   90.074    0.086  0.462  0.030  0.010  2.000  0.292    0.000
  1  1 10 2020    0.000    0.000   0.000   0.000   0.000 0.000  35.000  72.331   2.506  0.455   70.000   90.074   90.074    0.086  0.462  0.030  0.010  2.000  0.292    0.000
  1 15 10 2020    0.000    0.000   0.000   0.000   0.000 0.000  35.000  72.331   2.506  0.455   70.000   90.074   90.074    0.086  0.462  0.030  0.010  2.000  0.292    0.000
  1  1 11 2020    0.000    0.000   0.000   0.000   0.000 0.000  35.000  72.331   2.506  0.455   70.000   90.074   90.074    0.086  0.462  0.030  0.010  2.000  0.292    0.000
  1 15 11 2020    0.000    0.000   0.000   0.000   0.000 0.000  35.000  72.426   2.506  0.455   70.000   90.074   90.074    0.086  0.462  0.030  0.010  2.000  0.292    0.000
  1  1 12 2020    0.000    0.000   0.000   0.000   0.000 0.000  35.000  72.331   2.506  0.455   70.000   90.074   90.074    0.086  0.462  0.030  0.010  2.000  0.292    0.000
  1 15 12 2020    0.000    0.000   0.000   0.000   0.000 0.000  35.000  72.331   2.506  0.455   70.000   90.075   90.075    0.086  0.462  0.030  0.010  2.000  0.292    0.000
  1  1  1 2021    0.000    0.000   0.000   0.000   0.000 0.000  35.000 116.556   2.506  0.455   70.000   90.075   90.075    0.086  0.462  0.030  0.010  2.000  0.292    0.000
  1 15  1 2021    0.000    0.000   0.000   0.000   0.000 0.000  35.000  94.948   2.506  0.455   70.000   90.075   90.075    0.086  0.462  0.030  0.010  2.000  0.292    0.000
  1 28  1 2021   48.200    2.081   0.000   0.315   6.600 1.001  35.000 149.630   2.506  0.455   70.000   90.075   90.075    0.086  0.462  0.030  0.010  2.000  0.292    0.000
  1  1  2 2021    0.000    0.000   0.000   0.000   0.000 0.000  35.000 151.870   2.506  0.455   70.000   90.075   90.075    0.086  0.462  0.030  0.010  2.000  0.292    0.000
  1 15  2 2021    0.000    0.000   0.000   0.000   0.000 0.000  35.000 127.441   2.506  0.455   70.000   90.075   90.075    0.086  0.462  0.030  0.010  2.000  0.292    0.000
  1  1  3 2021    0.000    0.000   0.000   0.000   0.000 0.000  35.000 103.333   2.506  0.455   70.000   90.075   90.075    0.086  0.462  0.030  0.010  2.000  0.292    0.000
  1 15  3 2021    6.000    0.000   0.000   0.000   0.000 0.000  35.000 110.021   2.506  0.455   70.000   90.075   90.075    0.086  0.462  0.030  0.010  2.000  0.292    0.000
  1  1  4 2021    0.000    0.000   0.000   0.000   0.000 0.000  35.000  73.097   2.506  0.455   70.000   90.075   90.075    0.086  0.462  0.030  0.010  2.000  0.292    0.000
  1 15  4 2021    0.000    0.000   0.000   0.000   0.000 0.000  35.000  72.334   2.506  0.455   70.000   90.075   90.075    0.086  0.462  0.030  0.010  2.000  0.292    0.000
  1  1  5 2021    0.000    0.000   0.000   0.000   0.000 0.000  35.000  72.331   2.506  0.455   70.000   90.075   90.075    0.086  0.462  0.030  0.010  2.000  0.292    0.000
  1 15  5 2021    0.000    0.000   0.000   0.000   0.000 0.000  35.000  72.331   2.506  0.455   70.000   90.075   90.075    0.086  0.462  0.030  0.010  2.000  0.292    0.000
  1  1  6 2021    0.000    0.000   0.000   0.000   0.000 0.000  35.000  72.331   2.506  0.455   70.000   90.075   90.075    0.086  0.462  0.030  0.010  2.000  0.292    0.000
  1 15  6 2021    0.000    0.000   0.000   0.000   0.000 0.000  35.000  72.331   2.506  0.455   70.000   90.075   90.075    0.086  0.462  0.030  0.010  2.000  0.292    0.000
  1  1  7 2021    0.000    0.000   0.000   0.000   0.000 0.000  35.000  72.331   2.506  0.455   70.000   90.076   90.076    0.086  0.462  0.030  0.010  2.000  0.292    0.000
  1 15  7 2021    0.000    0.000   0.000   0.000   0.000 0.000  35.000  72.331   2.506  0.455   70.000   90.076   90.076    0.086  0.462  0.030  0.010  2.000  0.292    0.000
  1  1  8 2021    0.000    0.000   0.000   0.000   0.000 0.000  35.000  72.331   2.506  0.455   70.000   90.076   90.076    0.086  0.462  0.030  0.010  2.000  0.292    0.000
  1 15  8 2021    0.000    0.000   0.000   0.000   0.000 0.000  35.000  72.331   2.506  0.455   70.000   90.076   90.076    0.086  0.462  0.030  0.010  2.000  0.292    0.000
  1  1  9 2021    0.000    0.000   0.000   0.000   0.000 0.000  35.000  72.331   2.506  0.455   70.000   90.076   90.076    0.086  0.462  0.030  0.010  2.000  0.292    0.000
  1 15  9 2021    0.000    0.000   0.000   0.000   0.000 0.000  35.000  72.331   2.506  0.455   70.000   90.076   90.076    0.086  0.462  0.030  0.010  2.000  0.292    0.000
  1  1 10 2021    0.000    0.000   0.000   0.000   0.000 0.000  35.000  72.331   2.506  0.455   70.000   90.076   90.076    0.086  0.462  0.030  0.010  2.000  0.292    0.000
  1 15 10 2021    0.000    0.000   0.000   0.000   0.000 0.000  35.000  72.331   2.506  0.455   70.000   90.076   90.076    0.086  0.462  0.030  0.010  2.000  0.292    0.000
  1  1 11 2021    0.000    0.000   0.000   0.000   0.000 0.000  35.000  90.261   2.506  0.455   70.000   90.076   90.076    0.086  0.462  0.030  0.010  2.000  0.292    0.000
  1 15 11 2021    0.000    0.000   0.000   0.000   0.000 0.000  35.000  73.200   2.506  0.455   70.000   90.076   90.076    0.086  0.462  0.030  0.010  2.000  0.292    0.000
  1  1 12 2021    0.000    0.000   0.000   0.000   0.000 0.000  35.000  72.343   2.506  0.455   70.000   90.076   90.076    0.086  0.462  0.030  0.010  2.000  0.292    0.000
  1 14 12 2021   50.800   11.904   0.000   3.401   3.500 1.001  35.000 142.577   2.506  0.455   70.000   90.076   90.076    0.086  0.462  0.030  0.010  2.000  0.292    0.000
  1 15 12 2021    0.000    0.000   0.000   0.000   0.000 0.000  35.000 141.400   2.506  0.455   70.000   90.076   90.076    0.086  0.462  0.030  0.010  2.000  0.292    0.000
  1 23 12 2021   68.900   27.812  78.993  62.092   0.448 1.001  35.000 184.752   2.506  0.455   70.000   90.076   90.076    0.086  0.462  0.030  0.010  2.000  0.292    1.618
  1 29 12 2021  105.000   55.499  57.098  95.650   0.580 1.001  35.000 249.262   2.506  0.455   70.000   90.076   90.076    0.086  0.462  0.030  0.010  2.000  0.292    2.839
  1 30 12 2021   76.200   60.266  74.451 109.847   0.549 1.001  32.400 249.450   2.506  0.455   70.000   90.076   90.076    0.086  0.462  0.030  0.010  2.000  0.292    2.937
  1  1  1 2022    0.000    0.000   0.000   0.000   0.000 0.000  35.000 222.465   2.506  0.455   70.000   90.076   90.076    0.086  0.462  0.030  0.010  2.000  0.292    0.000
  1 15  1 2022    0.000    0.000   0.000   0.000   0.000 0.000  35.000 151.396   2.506  0.455   70.000   90.077   90.077    0.086  0.462  0.030  0.010  2.000  0.292    0.000
  1  1  2 2022    0.000    0.000   0.000   0.000   0.000 0.000  35.000 132.603   2.506  0.455   70.000   90.077   90.077    0.086  0.462  0.030  0.010  2.000  0.292    0.000
  1 15  2 2022    1.300    0.000   0.000   0.000   0.000 0.000  35.000 110.430   2.506  0.455   70.000   90.077   90.077    0.086  0.462  0.030  0.010  2.000  0.292    0.000
  1  1  3 2022    0.000    0.000   0.000   0.000   0.000 0.000  35.000  87.385   2.506  0.455   70.000   90.077   90.077    0.086  0.462  0.030  0.010  2.000  0.292    0.000
  1 15  3 2022    0.000    0.000   0.000   0.000   0.000 0.000  35.000  72.521   2.506  0.455   70.000   90.077   90.077    0.086  0.462  0.030  0.010  2.000  0.292    0.000
  1  1  4 2022    0.000    0.000   0.000   0.000   0.000 0.000  35.000 101.701   2.506  0.455   70.000   90.077   90.077    0.086  0.462  0.030  0.010  2.000  0.292    0.000
  1 15  4 2022    0.000    0.000   0.000   0.000   0.000 0.000  35.000  73.570   2.506  0.455   70.000   90.077   90.077    0.086  0.462  0.030  0.010  2.000  0.292    0.000
  1  1  5 2022    0.000    0.000   0.000   0.000   0.000 0.000  35.000  72.341   2.506  0.455   70.000   90.077   90.077    0.086  0.462  0.030  0.010  2.000  0.292    0.000
  1 15  5 2022    0.000    0.000   0.000   0.000   0.000 0.000  35.000  72.331   2.506  0.455   70.000   90.077   90.077    0.086  0.462  0.030  0.010  2.000  0.292    0.000
  1  1  6 2022    0.000    0.000   0.000   0.000   0.000 0.000  35.000  72.331   2.506  0.455   70.000   90.077   90.077    0.086  0.462  0.030  0.010  2.000  0.292    0.000
  1 15  6 2022    0.000    0.000   0.000   0.000   0.000 0.000  35.000  72.331   2.506  0.455   70.000   90.077   90.077    0.086  0.462  0.030  0.010  2.000  0.292    0.000
  1  1  7 2022    0.000    0.000   0.000   0.000   0.000 0.000  35.000  72.331   2.506  0.455   70.000   90.077   90.077    0.086  0.462  0.030  0.010  2.000  0.292    0.000
  1 15  7 2022    0.000    0.000   0.000   0.000   0.000 0.000  35.000  72.331   2.506  0.455   70.000   90.077   90.077    0.086  0.462  0.030  0.010  2.000  0.292    0.000
  1  1  8 2022    0.000    0.000   0.000   0.000   0.000 0.000  35.000  72.331   2.506  0.455   70.000   90.077   90.077    0.086  0.462  0.030  0.010  2.000  0.292    0.000
  1 15  8 2022    0.000    0.000   0.000   0.000   0.000 0.000  35.000  72.331   2.506  0.455   70.000   90.078   90.078    0.086  0.462  0.030  0.010  2.000  0.292    0.000
  1  1  9 2022    0.000    0.000   0.000   0.000   0.000 0.000  35.000  72.331   2.506  0.455   70.000   90.078   90.078    0.086  0.462  0.030  0.010  2.000  0.292    0.000
  1 15  9 2022    0.000    0.000   0.000   0.000   0.000 0.000  35.000  72.432   2.506  0.455   70.000   90.078   90.078    0.086  0.462  0.030  0.010  2.000  0.292    0.000
  1  1 10 2022    0.000    0.000   0.000   0.000   0.000 0.000  35.000  72.331   2.506  0.455   70.000   90.078   90.078    0.086  0.462  0.030  0.010  2.000  0.292    0.000
  1 15 10 2022    1.800    0.000   0.000   0.000   0.000 0.000  35.000  73.589   2.506  0.455   70.000   90.078   90.078    0.086  0.462  0.030  0.010  2.000  0.292    0.000
  1  1 11 2022    4.400    0.000   0.000   0.000   0.000 0.000  35.000  75.488   2.506  0.455   70.000   90.078   90.078    0.086  0.462  0.030  0.010  2.000  0.292    0.000
  1 15 11 2022    0.000    0.000   0.000   0.000   0.000 0.000  35.000 124.140   2.506  0.455   70.000   90.078   90.078    0.086  0.462  0.030  0.010  2.000  0.292    0.000
  1  1 12 2022    3.300    0.000   0.000   0.000   0.000 0.000  35.000 104.317   2.506  0.455   70.000   90.078   90.078    0.086  0.462  0.030  0.010  2.000  0.292    0.000
  1 15 12 2022    0.000    0.000   0.000   0.000   0.000 0.000  35.000 140.255   2.506  0.455   70.000   90.078   90.078    0.086  0.462  0.030  0.010  2.000  0.292    0.000
  1  1  1 2023    0.500    0.000   0.000   0.000   0.000 0.000  35.000 172.219   2.506  0.455   70.000   90.078   90.078    0.086  0.462  0.030  0.010  2.000  0.292    0.000
  1  4  1 2023   71.400   29.799   0.000   5.843   5.100 1.001  35.000 213.414   2.506  0.455   70.000   90.078   90.078    0.086  0.462  0.030  0.010  2.000  0.292    0.552
  1  5  1 2023   39.100   17.399   0.000   4.579   3.800 1.001  35.000 228.718   2.506  0.455   70.000   90.078   90.078    0.086  0.462  0.030  0.010  2.000  0.292    0.116
  1  9  1 2023  120.100   70.639   0.000   7.064  10.000 1.001  35.000 249.112   2.506  0.455   70.000   90.078   90.078    0.086  0.462  0.030  0.010  2.000  0.292    2.173
  1 14  1 2023   56.600    7.147   0.000   1.832   3.900 1.001  35.000 249.262   2.506  0.455   70.000   90.078   90.078    0.086  0.462  0.030  0.010  2.000  0.292    0.000
  1 15  1 2023   23.500    7.427   0.000   3.536   2.100 1.001  32.400 249.159   2.506  0.455   70.000   90.078   90.078    0.086  0.462  0.030  0.010  2.000  0.292    0.001
  1  1  2 2023    0.000    0.000   0.000   0.000   0.000 0.000  35.000 158.710   2.506  0.455   70.000   90.078   90.078    0.086  0.462  0.030  0.010  2.000  0.292    0.000
  1 15  2 2023    0.000    0.000   0.000   0.000   0.000 0.000  35.000 155.609   2.506  0.455   70.000   90.078   90.078    0.086  0.462  0.030  0.010  2.000  0.292    0.000
  1 26  2 2023  135.300   65.527   0.000   9.636   6.800 1.001  35.000 205.599   2.506  0.455   70.000   90.079   90.079    0.086  0.462  0.030  0.010  2.000  0.292    3.085
  1  1  3 2023    0.000    0.000   0.000   0.000   0.000 0.000  35.000 190.945   2.506  0.455   70.000   90.079   90.079    0.086  0.462  0.030  0.010  2.000  0.292    0.000
  1 14  3 2023   84.500   33.827  74.901  74.960   0.451 1.001  35.000 231.996   2.506  0.455   70.000   90.079   90.079    0.086  0.462  0.030  0.010  2.000  0.292    1.869
  1 15  3 2023    2.300    0.000   0.000   0.000   0.000 0.000  35.000 224.738   2.506  0.455   70.000   90.079   90.079    0.086  0.462  0.030  0.010  2.000  0.292    0.000
  1  1  4 2023    0.000    0.000   0.000   0.000   0.000 0.000  35.000 196.213   2.506  0.455   70.000   90.079   90.079    0.086  0.462  0.030  0.010  2.000  0.292    0.000
  1 15  4 2023    0.000    0.000   0.000   0.000   0.000 0.000  35.000 133.087   2.506  0.455   70.000   90.079   90.079    0.086  0.462  0.030  0.010  2.000  0.292    0.000
  1  1  5 2023    0.500    0.000   0.000   0.000   0.000 0.000  35.000  91.840   2.506  0.455   70.000   90.079   90.079    0.086  0.462  0.030  0.010  2.000  0.292    0.000
  1 15  5 2023    0.000    0.000   0.000   0.000   0.000 0.000  35.000  82.958   2.506  0.455   70.000   90.079   90.079    0.086  0.462  0.030  0.010  2.000  0.292    0.000
  1  1  6 2023    0.000    0.000   0.000   0.000   0.000 0.000  35.000  72.340   2.506  0.455   70.000   90.079   90.079    0.086  0.462  0.030  0.010  2.000  0.292    0.000
  1 15  6 2023    0.000    0.000   0.000   0.000   0.000 0.000  35.000  72.331   2.506  0.455   70.000   90.079   90.079    0.086  0.462  0.030  0.010  2.000  0.292    0.000
  1  1  7 2023    0.000    0.000   0.000   0.000   0.000 0.000  35.000  72.331   2.506  0.455   70.000   90.079   90.079    0.086  0.462  0.030  0.010  2.000  0.292    0.000
  1 15  7 2023    0.000    0.000   0.000   0.000   0.000 0.000  35.000  72.331   2.506  0.455   70.000   90.079   90.079    0.086  0.462  0.030  0.010  2.000  0.292    0.000
  1  1  8 2023    0.000    0.000   0.000   0.000   0.000 0.000  35.000  72.331   2.506  0.455   70.000   90.079   90.079    0.086  0.462  0.030  0.010  2.000  0.292    0.000
  1 15  8 2023    0.000    0.000   0.000   0.000   0.000 0.000  35.000  72.331   2.506  0.455   70.000   90.079   90.079    0.086  0.462  0.030  0.010  2.000  0.292    0.000
  1 20  8 2023  145.300   73.305 111.734  94.639   0.775 1.001  35.000 141.479   2.506  0.455   70.000   90.079   90.079    0.086  0.462  0.030  0.010  2.000  0.292    3.763
  1  1  9 2023    3.000    0.000   0.000   0.000   0.000 0.000  35.000 106.072   2.506  0.455   70.000   90.079   90.079    0.086  0.462  0.030  0.010  2.000  0.292    0.000
  1 15  9 2023    0.000    0.000   0.000   0.000   0.000 0.000  35.000  76.868   2.506  0.455   70.000   90.080   90.080    0.086  0.462  0.030  0.010  2.000  0.292    0.000
  1  1 10 2023    0.000    0.000   0.000   0.000   0.000 0.000  35.000  72.354   2.506  0.455   70.000   90.080   90.080    0.086  0.462  0.030  0.010  2.000  0.292    0.000
  1 15 10 2023    0.000    0.000   0.000   0.000   0.000 0.000  35.000  72.331   2.506  0.455   70.000   90.080   90.080    0.086  0.462  0.030  0.010  2.000  0.292    0.000
  1  1 11 2023    0.000    0.000   0.000   0.000   0.000 0.000  35.000  72.331   2.506  0.455   70.000   90.080   90.080    0.086  0.462  0.030  0.010  2.000  0.292    0.000
  1 15 11 2023   10.000    0.000   0.000   0.000   0.000 0.000  35.000  80.871   2.506  0.455   70.000   90.080   90.080    0.086  0.462  0.030  0.010  2.000  0.292    0.000
  1  1 12 2023    0.000    0.000   0.000   0.000   0.000 0.000  35.000  74.089   2.506  0.455   70.000   90.080   90.080    0.086  0.462  0.030  0.010  2.000  0.292    0.000
  1 15 12 2023    0.000    0.000   0.000   0.000   0.000 0.000  35.000  72.348   2.506  0.455   70.000   90.080   90.080    0.086  0.462  0.030  0.010  2.000  0.292    0.000
  1 21 12 2023   44.400   14.326  53.673  46.182   0.310 1.001  35.000 147.933   2.506  0.455   70.000   90.080   90.080    0.086  0.462  0.030  0.010  2.000  0.292    0.890
  1  1  1 2024    0.000    0.000   0.000   0.000   0.000 0.000  35.000 156.324   2.506  0.455   70.000   90.080   90.080    0.086  0.462  0.030  0.010  2.000  0.292    0.000
  1 15  1 2024    0.000    0.000   0.000   0.000   0.000 0.000  35.000 141.791   2.506  0.455   70.000   90.080   90.080    0.086  0.462  0.030  0.010  2.000  0.292    0.000
  1  1  2 2024   27.100    0.000   0.000   0.000   0.000 0.000  35.000 210.777   2.506  0.455   70.000   90.080   90.080    0.086  0.462  0.030  0.010  2.000  0.292    0.000
  1  4  2 2024  179.700  127.460  59.475 105.463   1.209 1.001  35.000 244.557   2.506  0.455   70.000   90.080   90.080    0.086  0.462  0.030  0.010  2.000  0.292    6.303
  1  5  2 2024   41.200   21.469   0.000   4.771   4.500 1.001  35.000 249.403   2.506  0.455   70.000   90.080   90.080    0.086  0.462  0.030  0.010  2.000  0.292    0.171
  1  6  2 2024   36.600   20.709   0.000   3.287   6.300 1.001  32.400 249.245   2.506  0.455   70.000   90.080   90.080    0.086  0.462  0.030  0.010  2.000  0.292    0.000
  1 15  2 2024    0.000    0.000   0.000   0.000   0.000 0.000  35.000 175.788   2.506  0.455   70.000   90.080   90.080    0.086  0.462  0.030  0.010  2.000  0.292    0.000
  1 19  2 2024   78.800   41.981  45.059 147.985   0.284 1.001  35.000 226.416   2.506  0.455   70.000   90.080   90.080    0.086  0.462  0.030  0.010  2.000  0.292    1.822
  1 20  2 2024   55.800   30.108  41.661 112.396   0.268 1.001  35.000 242.308   2.506  0.455   70.000   90.080   90.080    0.086  0.462  0.030  0.010  2.000  0.292    1.455
  1  1  3 2024   31.700    0.000   0.000   0.000   0.000 0.000  35.000 193.638   2.506  0.455   70.000   90.080   90.080    0.086  0.462  0.030  0.010  2.000  0.292    0.000
  1 15  3 2024    0.000    0.000   0.000   0.000   0.000 0.000  35.000 154.690   2.506  0.455   70.000   90.080   90.080    0.086  0.462  0.030  0.010  2.000  0.292    0.000
  1  1  4 2024    0.000    0.000   0.000   0.000   0.000 0.000  35.000 192.173   2.506  0.455   70.000   90.081   90.081    0.086  0.462  0.030  0.010  2.000  0.292    0.000
  1 15  4 2024    0.000    0.000   0.000   0.000   0.000 0.000  35.000 172.087   2.506  0.455   70.000   90.081   90.081    0.086  0.462  0.030  0.010  2.000  0.292    0.000
  1  1  5 2024    0.000    0.000   0.000   0.000   0.000 0.000  35.000 124.424   2.506  0.455   70.000   90.081   90.081    0.086  0.462  0.030  0.010  2.000  0.292    0.000
  1 15  5 2024    0.000    0.000   0.000   0.000   0.000 0.000  35.000  93.564   2.506  0.455   70.000   90.081   90.081    0.086  0.462  0.030  0.010  2.000  0.292    0.000
  1  1  6 2024    0.000    0.000   0.000   0.000   0.000 0.000  35.000  72.408   2.506  0.455   70.000   90.081   90.081    0.086  0.462  0.030  0.010  2.000  0.292    0.000
  1 15  6 2024    0.000    0.000   0.000   0.000   0.000 0.000  35.000  72.331   2.506  0.455   70.000   90.081   90.081    0.086  0.462  0.030  0.010  2.000  0.292    0.000
  1  1  7 2024    0.000    0.000   0.000   0.000   0.000 0.000  35.000  72.331   2.506  0.455   70.000   90.081   90.081    0.086  0.462  0.030  0.010  2.000  0.292    0.000
  1 15  7 2024    0.000    0.000   0.000   0.000   0.000 0.000  35.000  72.331   2.506  0.455   70.000   90.081   90.081    0.086  0.462  0.030  0.010  2.000  0.292    0.000
  1  1  8 2024    0.000    0.000   0.000   0.000   0.000 0.000  35.000  72.331   2.506  0.455   70.000   90.081   90.081    0.086  0.462  0.030  0.010  2.000  0.292    0.000
  1 15  8 2024    0.000    0.000   0.000   0.000   0.000 0.000  35.000  72.331   2.506  0.455   70.000   90.081   90.081    0.086  0.462  0.030  0.010  2.000  0.292    0.000
  1  1  9 2024    0.000    0.000   0.000   0.000   0.000 0.000  35.000  72.331   2.506  0.455   70.000   90.081   90.081    0.086  0.462  0.030  0.010  2.000  0.292    0.000
  1 15  9 2024    0.000    0.000   0.000   0.000   0.000 0.000  35.000  72.331   2.506  0.455   70.000   90.081   90.081    0.086  0.462  0.030  0.010  2.000  0.292    0.000
  1  1 10 2024    0.000    0.000   0.000   0.000   0.000 0.000  35.000  72.331   2.506  0.455   70.000   90.081   90.081    0.086  0.462  0.030  0.010  2.000  0.292    0.000
  1 15 10 2024    0.000    0.000   0.000   0.000   0.000 0.000  35.000  72.331   2.506  0.455   70.000   90.081   90.081    0.086  0.462  0.030  0.010  2.000  0.292    0.000
  1  1 11 2024    0.000    0.000   0.000   0.000   0.000 0.000  35.000  72.331   2.506  0.455   70.000   90.082   90.082    0.086  0.462  0.030  0.010  2.000  0.292    0.000
  1 15 11 2024    0.000    0.000   0.000   0.000   0.000 0.000  35.000  72.331   2.506  0.455   70.000   90.082   90.082    0.086  0.462  0.030  0.010  2.000  0.292    0.000
  1  1 12 2024    0.000    0.000   0.000   0.000   0.000 0.000  35.000  74.571   2.506  0.455   70.000   90.082   90.082    0.086  0.462  0.030  0.010  2.000  0.292    0.000
  1 15 12 2024    0.000    0.000   0.000   0.000   0.000 0.000  35.000  72.346   2.506  0.455   70.000   90.082   90.082    0.086  0.462  0.030  0.010  2.000  0.292    0.000
