station,month,valid_days,expected_days,station_mm,gridmet_mm,wepp_cli_mm,wepp_hillslope_area_weighted_mm
CENMET,2000-11,28,30,116.5,134.20000000000002,134.4,136.96721315749767
CENMET,2000-12,31,31,244.70000000000002,204.5,204.70000000000002,210.38699216170022
CENMET,2001-01,26,31,72.0,67.4,67.39999999999999,69.33835845598878
CENMET,2001-02,28,28,72.3,78.70000000000002,79.0,81.90182270096005
CENMET,2001-03,27,31,148.50000000000003,141.3,141.79999999999998,147.38836179151195
CENMET,2001-04,30,30,181.10000000000002,171.8,172.0,178.9838836271723
CENMET,2001-05,31,31,111.39999999999998,94.6,94.4,101.16241805968158
CENMET,2001-06,30,30,92.7,81.69999999999999,81.7,87.6250327029842
CENMET,2001-07,31,31,17.1,18.599999999999998,18.5,20.821851402459323
CENMET,2001-08,31,31,15.100000000000001,21.199999999999996,21.4,22.566168799153868
CENMET,2001-09,30,30,31.8,26.7,27.0,28.632486178476906
CENMET,2001-10,31,31,218.99999999999997,182.7,183.1,185.9323833552202
CENMET,2001-11,30,30,384.5,357.09999999999997,357.29999999999995,364.09013327104844
CENMET,2001-12,31,31,504.30000000000007,463.7,463.3,476.1843130606776
CENMET,2002-01,31,31,433.8,376.7,376.6,387.36644386471244
CENMET,2002-02,28,28,142.3,162.8,162.7,168.68743552668823
CENMET,2002-03,31,31,290.70000000000005,255.4,255.90000000000006,266.0014112544633
CENMET,2002-04,30,30,192.6,197.60000000000002,197.79999999999998,205.80144245784987
CENMET,2002-05,31,31,63.1,55.10000000000001,55.199999999999996,59.14740939238262
CENMET,2002-06,30,30,45.1,49.0,48.79999999999999,52.33683220026226
CENMET,2002-07,31,31,12.6,1.7,1.8,2.025440911917339
CENMET,2002-08,31,31,36.400000000000006,17.1,17.5,18.450531673902667
CENMET,2002-09,30,30,48.8,43.0,43.3,45.92520651753717
CENMET,2002-10,31,31,20.7,18.1,18.1,18.392935520304547
CENMET,2002-11,30,30,202.2,175.9,176.1,179.4453515476517
CENMET,2002-12,31,31,384.1,386.6,386.8,397.5557598591158
CENMET,2003-01,31,31,393.80000000000007,337.7,336.90000000000003,346.52640676546633
CENMET,2003-02,28,28,160.0,148.6,148.6,154.06221064010012
CENMET,2003-03,31,31,448.1000000000001,406.3,406.5,422.5416991073369
CENMET,2003-04,30,30,200.99999999999997,205.20000000000002,204.70000000000002,212.9970863331681
CENMET,2003-05,31,31,80.99999999999999,73.9,74.69999999999999,80.04989248774551
CENMET,2003-06,30,30,12.799999999999999,7.200000000000001,7.1,7.612748070759849
CENMET,2003-07,31,31,0.0,0.0,0.0,0.0
CENMET,2003-08,31,31,16.200000000000003,21.4,21.299999999999997,22.472297967459856
CENMET,2003-09,30,30,79.7,74.49999999999999,74.4,78.91314756782238
CENMET,2003-10,31,31,136.6,115.8,115.50000000000001,117.33835499638349
CENMET,2003-11,30,30,309.90000000000003,281.2,281.30000000000007,286.65125723427303
CENMET,2003-12,31,31,489.00000000000006,436.4,436.70000000000005,448.82779101411046
CENMET,2004-01,31,31,396.3,346.6,346.79999999999995,356.7066372159944
CENMET,2004-02,29,29,222.2,187.5,187.49999999999997,194.39571175313299
CENMET,2004-03,31,31,132.60000000000002,110.7,110.7,115.06868687587718
CENMET,2004-04,30,30,125.3,120.69999999999999,120.99999999999999,125.91483159559054
CENMET,2004-05,31,31,185.40000000000003,172.89999999999998,173.0,185.38890327769766
CENMET,2004-06,30,30,78.9,55.8,56.099999999999994,60.16636006193787
CENMET,2004-07,31,31,3.7,1.2,1.3,1.462357432507248
CENMET,2004-08,27,31,21.000000000000004,28.099999999999998,28.200000000000003,29.748911305157403
CENMET,2004-09,28,30,119.3,100.5,100.60000000000001,106.72253392756042
CENMET,2004-10,29,31,148.29999999999998,128.4,128.4,130.39526313098162
CENMET,2004-11,30,30,104.59999999999998,103.80000000000001,103.09999999999998,105.06506210587396
CENMET,2004-12,31,31,258.6,256.8,256.8,263.9388823437388
CENMET,2005-01,31,31,106.7,115.7,115.5,118.80785893176206
CENMET,2005-02,27,28,80.4,83.39999999999999,83.89999999999999,86.98841756968787
CENMET,2005-03,29,31,247.49999999999994,237.6,237.90000000000003,247.29684915510367
CENMET,2005-04,30,30,174.6,176.4,176.40000000000003,183.522446034974
CENMET,2005-05,29,31,210.3,159.40000000000003,159.8,171.22030582747408
CENMET,2005-06,23,30,87.3,56.699999999999996,56.5,60.60024393564173
CENMET,2005-07,29,31,10.700000000000001,8.299999999999999,8.2,9.231984310404341
CENMET,2005-08,31,31,5.8,3.8000000000000003,3.8,4.005198725506885
CENMET,2005-09,30,30,59.60000000000001,44.1,44.099999999999994,46.77340029990647
CENMET,2005-10,31,31,180.30000000000004,143.70000000000002,144.0,146.23647553438659
CENMET,2005-11,30,30,383.2999999999999,338.40000000000003,338.50000000000006,344.9257276885418
CENMET,2005-12,31,31,549.4,475.50000000000006,475.09999999999997,488.30449648441083
CENMET,2006-01,27,31,654.7,450.40000000000003,451.0,463.8859462539626
CENMET,2006-02,28,28,138.5,170.0,169.9,176.14754900108838
CENMET,2006-03,31,31,193.79999999999998,188.70000000000002,188.5,195.95330965857465
CENMET,2006-04,30,30,125.29999999999998,128.6,128.5,133.68624225511277
CENMET,2006-05,31,31,119.0,109.09999999999998,109.3,117.12916648884281
CENMET,2006-06,30,30,114.90000000000002,96.89999999999999,96.69999999999999,103.71029504081991
CENMET,2006-07,31,31,15.5,6.4,6.3,7.090724559876657
CENMET,2006-08,31,31,11.7,8.9,8.8,9.28086577054781
CENMET,2006-09,30,30,63.7,40.3,40.1,42.53381568241849
CENMET,2006-10,31,31,76.39999999999999,78.10000000000001,78.0,79.20229863587062
CENMET,2006-11,30,30,686.3000000000001,624.6,624.7999999999998,636.6725721562804
CENMET,2006-12,31,31,437.0,349.9,349.5,359.2114063430972
CENMET,2007-01,31,31,240.8,200.20000000000002,200.39999999999998,206.1224187630313
CENMET,2007-02,28,28,298.79999999999995,285.79999999999995,285.30000000000007,295.78095083700083
CENMET,2007-03,31,31,167.29999999999998,175.20000000000002,174.60000000000002,181.506581545574
CENMET,2007-04,30,30,140.0,137.50000000000003,138.3,143.8902317938803
CENMET,2007-05,31,31,62.6,65.1,65.30000000000001,69.97225272483507
CENMET,2007-06,30,30,85.3,60.49999999999999,60.79999999999999,65.20287621689044
CENMET,2007-07,31,31,25.000000000000004,22.8,22.5,25.327279521510636
CENMET,2007-08,31,31,30.0,29.8,29.8,31.42634356195539
CENMET,2007-09,30,30,85.7,67.69999999999999,67.9,72.02248146694839
CENMET,2007-10,31,31,294.8,237.4,237.40000000000003,241.10605619822655
CENMET,2007-11,30,30,319.0,292.3,292.40000000000003,297.94444869842926
CENMET,2007-12,31,31,465.79999999999995,481.2999999999999,481.8,495.19208716762034
CENMET,2008-01,31,31,449.0,385.00000000000006,384.70000000000005,395.68705842644744
CENMET,2008-02,29,29,187.4,185.4,185.1,191.90167633957495
CENMET,2008-03,31,31,300.90000000000003,307.00000000000006,307.2000000000001,319.33105061534775
CENMET,2008-04,30,30,181.79999999999998,178.5,178.1,185.32640127646536
CENMET,2008-05,31,31,119.3,96.70000000000002,97.3,104.25780268664553
CENMET,2008-06,30,30,68.4,59.400000000000006,59.39999999999999,63.71021161682229
CENMET,2008-07,31,31,4.1,1.9,1.8,2.025440911917339
CENMET,2008-08,31,31,73.8,52.199999999999996,52.099999999999994,54.94911402267979
CENMET,2008-09,30,30,18.6,11.9,11.9,12.615317452172306
CENMET,2008-10,31,31,117.30000000000001,102.80000000000001,102.69999999999999,104.30065262947471
CENMET,2008-11,30,30,308.9,251.89999999999998,252.10000000000002,256.8826942135709
CENMET,2008-12,31,31,484.40000000000003,415.1,415.40000000000003,426.94609782483724
CENMET,2009-01,31,31,299.99999999999994,214.3,214.49999999999997,220.64523364188744
CENMET,2009-02,28,28,160.4,151.6,151.3,156.8723135381326
CENMET,2009-03,31,31,301.70000000000005,271.50000000000006,271.4000000000001,282.1156921099547
CENMET,2009-04,30,30,160.29999999999998,159.29999999999998,159.3,165.74434001229267
CENMET,2009-05,31,31,210.3,158.6,158.8,170.15576832118953
CENMET,2009-06,30,30,60.2,48.400000000000006,48.9,52.438660462060255
CENMET,2009-07,31,31,5.7,4.1,4.1,4.6156482306004705
CENMET,2009-08,31,31,20.799999999999997,15.7,15.5,16.341747631607124
CENMET,2009-09,30,30,57.8,37.9,38.00000000000001,40.30687517610272
CENMET,2009-10,29,31,194.4,177.79999999999998,178.1,180.8669219220803
CENMET,2009-11,30,30,285.40000000000003,280.6,281.0,286.34219774111125
CENMET,2009-12,31,31,313.9,222.10000000000002,222.10000000000002,228.26561707945905
CENMET,2010-01,31,31,251.10000000000002,186.80000000000004,187.00000000000003,192.32789619492726
CENMET,2010-02,28,28,178.8,140.7,140.4,145.54852051343482
CENMET,2010-03,31,31,292.9,231.90000000000006,231.5,240.6429448248305
CENMET,2010-04,30,30,239.0,205.4,205.7,214.02669656904138
CENMET,2010-05,31,31,202.9,152.2,152.3,163.1918642769583
CENMET,2010-06,30,30,221.89999999999998,165.20000000000002,164.9,176.84688054461338
CENMET,2010-07,31,31,9.1,4.5,4.6,5.179029335656848
CENMET,2010-08,31,31,19.599999999999998,13.0,13.2,13.921471800984303
CENMET,2010-09,30,30,149.5,113.10000000000001,112.5,119.34045043146452
CENMET,2010-10,31,31,223.90000000000003,202.6,203.20000000000005,206.34682379173978
CENMET,2010-11,18,30,201.5,162.60000000000002,162.60000000000002,165.69419281825128
CENMET,2010-12,29,31,440.49999999999994,398.8,398.79999999999995,409.8747235328033
CENMET,2011-01,31,31,249.29999999999998,218.20000000000002,218.4,224.6310141433692
CENMET,2011-02,28,28,232.70000000000002,228.9,228.3,236.68944357204194
CENMET,2011-03,31,31,391.40000000000003,332.9,333.0,346.14581030045474
CENMET,2011-04,30,30,297.70000000000005,271.09999999999997,271.4,282.3824649277821
CENMET,2011-05,31,31,206.0,143.89999999999998,144.39999999999998,154.7272240617033
CENMET,2011-06,30,30,69.0,51.00000000000001,51.3,55.02173988692397
CENMET,2011-07,31,31,55.3,37.8,37.9,42.655880835912484
CENMET,2011-08,31,31,0.0,0.6,0.5,0.5260560849199707
CENMET,2011-09,30,30,12.799999999999999,13.8,13.7,14.527309333871372
CENMET,2011-10,31,31,129.39999999999998,122.2,122.1,124.00304189263626
CENMET,2011-11,30,30,292.2,252.8,252.50000000000003,257.3030080818926
CENMET,2011-12,31,31,257.7,253.6,253.7,260.74198718192565
CENMET,2012-01,31,31,519.8000000000001,384.09999999999997,385.0,396.0201702269472
CENMET,2012-02,29,29,260.1,200.8,200.5,207.85969411930122
CENMET,2012-03,31,31,551.3,482.4,482.7,501.7551865164798
CENMET,2012-04,30,30,248.49999999999994,199.0,199.4,207.4790756966533
CENMET,2012-05,31,31,130.3,97.4,97.9,104.89383481359488
CENMET,2012-06,30,30,180.29999999999998,136.49999999999997,136.9,146.8282299513262
CENMET,2012-07,31,31,6.6,8.1,8.2,9.229244699758995
CENMET,2012-08,31,31,0.3,2.9,3.0,3.160372454998274
CENMET,2012-09,30,30,1.4000000000000001,1.7,1.8,1.9036999327442283
CENMET,2012-10,31,31,312.4,272.3,272.1,276.3122022596594
CENMET,2012-11,30,30,381.09999999999997,357.0,357.0,363.77093271480794
CENMET,2012-12,31,31,515.0,468.4,468.3,481.32251516340585
CENMET,2013-01,31,31,199.7,164.8,164.90000000000003,169.61482814251588
CENMET,2013-02,28,28,151.9,115.1,115.79999999999998,120.0589170028122
CENMET,2013-03,31,31,130.49999999999997,126.1,126.1,131.10137102247023
CENMET,2013-04,30,30,199.80000000000004,183.1,183.6,191.04595676306468
CENMET,2013-05,31,31,163.7,133.79999999999998,133.6,143.16010551681816
CENMET,2013-06,30,30,74.50000000000001,59.5,59.199999999999996,63.49239425452788
CENMET,2013-07,31,31,0.0,0.0,0.0,0.0
CENMET,2013-08,31,31,55.20000000000001,42.199999999999996,42.49999999999999,44.81982425172526
CENMET,2013-09,30,30,312.6,230.70000000000002,230.9,244.93319440490234
CENMET,2013-10,30,31,53.6,42.5,42.699999999999996,43.360102821297495
CENMET,2013-11,30,30,206.8,196.4,196.5,200.2386614057374
CENMET,2013-12,31,31,120.50000000000001,131.79999999999998,131.4,135.05972139124395
CENMET,2014-01,31,31,223.79999999999998,193.2,193.39999999999998,198.92700866168263
CENMET,2014-02,28,28,500.5,478.0999999999999,477.4,494.9494874771922
CENMET,2014-03,31,31,488.1000000000001,446.50000000000006,446.59999999999997,464.22395841472814
CENMET,2014-04,30,30,226.70000000000002,189.29999999999998,188.7,196.34546876443378
CENMET,2014-05,31,31,163.5,139.5,139.0,148.9348544782917
CENMET,2014-06,30,30,86.5,64.0,63.7,68.31312586977889
CENMET,2014-07,31,31,40.000000000000014,17.4,17.299999999999997,19.473773207477933
CENMET,2014-08,31,31,22.0,22.4,22.4,23.623500592541077
CENMET,2014-09,30,30,55.3,49.699999999999996,49.49999999999999,52.513733336629144
CENMET,2014-10,31,31,266.2,235.99999999999997,235.9,239.55994030474764
CENMET,2014-11,30,30,400.9,366.5,366.59999999999997,373.55325414488954
CENMET,2014-12,31,31,432.20000000000005,417.5,417.70000000000005,429.3114857915692
CENMET,2015-01,31,31,126.0,116.29999999999998,116.39999999999999,119.73421494601072
CENMET,2015-02,28,28,210.50000000000003,179.1,178.6,185.1540453626579
CENMET,2015-03,31,31,176.9,161.1,160.9,167.25287659893277
CENMET,2015-04,30,30,114.50000000000001,97.7,97.49999999999999,101.44651322073709
CENMET,2015-05,31,31,65.5,56.0,56.10000000000001,60.12679268370056
CENMET,2015-06,30,30,14.9,11.899999999999999,11.899999999999999,12.762920595511865
CENMET,2015-07,31,31,6.5,8.899999999999999,9.200000000000001,10.35613278627923
CENMET,2015-08,31,31,26.2,25.400000000000002,25.4,26.787982942692903
CENMET,2015-09,30,30,84.39999999999999,49.300000000000004,49.3,52.29318225595718
CENMET,2015-10,31,31,138.1,135.9,136.2,138.33372154490985
CENMET,2015-11,30,30,282.2,258.0,258.3,263.21773890321396
CENMET,2015-12,31,31,686.6999999999999,618.3999999999999,618.8999999999997,636.1087638479313
CENMET,2016-01,30,31,297.3,248.59999999999997,248.50000000000003,255.6083127555663
CENMET,2016-02,29,29,199.1,187.99999999999997,187.79999999999995,194.71535489395046
CENMET,2016-03,31,31,335.3,324.7,324.5,337.3060215711532
CENMET,2016-04,30,30,147.00000000000003,126.60000000000001,126.8,131.9235132325902
CENMET,2016-05,28,31,70.2,46.3,46.4,49.726103378164964
CENMET,2016-06,30,30,54.8,47.2,46.8,50.18263741171762
CENMET,2016-07,31,31,58.300000000000004,34.4,34.5,38.83036627799469
CENMET,2016-08,31,31,0.1,0.0,0.0,0.0
CENMET,2016-09,30,30,52.800000000000004,52.99999999999999,53.400000000000006,56.64609132195486
CENMET,2016-10,30,31,483.7,439.3,439.70000000000005,446.50387279872206
CENMET,2016-11,30,30,250.4,252.7,253.49999999999997,258.3169415254217
CENMET,2016-12,27,31,309.4,329.1,329.09999999999997,338.2481870117307
CENMET,2017-01,31,31,205.09999999999997,197.5,197.79999999999998,203.4648496021911
CENMET,2017-02,28,28,371.7,348.6,348.4,361.19353537406397
CENMET,2017-03,31,31,492.50000000000006,443.9,443.59999999999997,461.1091114656085
CENMET,2017-04,30,30,269.6,251.5,251.70000000000002,261.88978969910124
CENMET,2017-05,31,31,111.40000000000002,99.8,100.3,107.49015282214485
CENMET,2017-06,30,30,69.5,55.4,55.7,59.73800439093951
CENMET,2017-07,31,31,0.5,0.0,0.0,0.0
CENMET,2017-08,17,31,0.3,3.5999999999999996,3.5999999999999996,3.79611592286677
CENMET,2017-09,23,30,167.4,130.6,130.6,138.5456903097844
CENMET,2017-10,28,31,248.3,233.7,233.39999999999998,237.0466060570162
CENMET,2017-11,29,30,389.9,349.20000000000005,348.7,355.3213595164664
CENMET,2017-12,31,31,127.9,150.8,150.39999999999998,154.5739281811413
CENMET,2018-01,31,31,318.49999999999994,270.5,271.0,278.7377501924007
CENMET,2018-02,28,28,190.7,194.0,194.1,201.22881841728628
CENMET,2018-03,31,31,163.70000000000002,155.29999999999998,155.60000000000002,161.7499564275858
CENMET,2018-04,30,30,226.1,210.6,210.60000000000002,219.11701781796313
CENMET,2018-05,31,31,19.500000000000004,17.4,17.7,18.98258507355506
CENMET,2018-06,30,30,78.69999999999999,55.400000000000006,55.3,59.31099352353402
CENMET,2018-07,29,31,0.0,0.0,0.0,0.0
CENMET,2018-08,31,31,4.8,6.5,6.6,6.96056839208616
CENMET,2018-09,30,30,4.999999999999998,12.2,12.5,13.25793636389967
CENMET,2018-10,26,31,110.99,93.19999999999999,93.4,94.84707890783314
CENMET,2018-11,27,30,108.5,136.89999999999998,136.9,139.5240526910129
CENMET,2018-12,24,31,91.91,232.10000000000002,232.3,238.76673774340549
CENMET,2019-01,24,31,123.6,112.19999999999999,112.5,115.71414225740175
CENMET,2019-02,15,28,223.21000000000004,216.5,216.6,224.5653945316555
CENMET,2019-03,26,31,92.94999999999999,86.60000000000001,86.6,90.01843743980587
CENMET,2019-04,14,30,44.540000000000006,39.5,39.199999999999996,40.793855061836815
CENMET,2019-05,27,31,63.86000000000001,54.2,54.099999999999994,57.96198086614606
CENMET,2019-06,28,30,0.9,26.499999999999996,26.6,28.528801669466077
CENMET,2019-07,27,31,0.5,0.7,0.8,0.901829558129548
CENMET,2019-08,28,31,8.64,4.0,4.1,4.32205788815963
CENMET,2019-09,20,30,65.62,53.8,54.4,57.709282388721775
CENMET,2019-10,25,31,92.71000000000001,84.5,84.6,85.92529331297646
CENMET,2019-11,25,30,14.84,16.2,16.3,16.60142156307481
CENMET,2019-12,23,31,85.42,78.69999999999999,78.8,81.00160127316086
CENMET,2020-01,23,31,343.27000000000004,299.0,298.9,307.4462516915576
CENMET,2020-02,24,29,113.60000000000001,121.5,121.80000000000001,126.26208025592003
CENMET,2020-03,26,31,140.83,134.8,135.3,140.63948492893738
CENMET,2020-04,24,30,65.83,72.1,72.19999999999999,75.11712575307638
CENMET,2020-05,25,31,130.03000000000003,101.3,101.10000000000001,108.3282515481448
CENMET,2020-06,19,30,108.83999999999999,79.5,79.8,85.58803960740289
CENMET,2020-07,29,31,0.0,0.0,0.0,0.0
CENMET,2020-08,30,31,0.08,1.5,1.5,1.5807565178783878
CENMET,2020-09,25,30,40.6,33.5,33.8,35.85343385334298
CENMET,2020-10,25,31,59.33,72.9,73.1,74.22713788667457
CENMET,2020-11,23,30,193.64999999999998,202.5,202.30000000000004,206.15118192622523
CENMET,2020-12,24,31,202.54000000000002,192.5,192.0,197.34058364830872
CENMET,2021-01,24,31,151.98000000000002,138.9,139.39999999999998,143.38726111458195
CENMET,2021-02,20,28,240.24,257.1,257.3,266.75692779834804
CENMET,2021-03,25,31,72.2,70.6,70.2,72.97899179102117
CENMET,2021-04,26,30,16.599999999999998,13.399999999999999,13.499999999999998,14.042073583894087
CENMET,2021-05,25,31,96.45000000000002,63.0,62.7,67.19786146271066
CENMET,2021-06,26,30,31.4,25.4,25.4,27.24467454420476
CENMET,2021-07,27,31,0.0,0.0,0.0,0.0
CENMET,2021-08,29,31,0.0,5.0,4.8,5.061327400749738
CENMET,2021-09,27,30,83.30000000000001,69.89999999999999,69.7,73.94431697873371
CENMET,2021-10,20,31,101.02,100.09999999999998,99.89999999999999,101.4615158374003
CENMET,2021-11,22,30,188.47000000000003,201.2,200.89999999999998,204.7201646873338
CENMET,2021-12,22,31,341.63,291.4,291.6,299.7083014134813
CENMET,2022-01,26,31,176.24999999999997,166.8,166.6,171.3685821048578
CENMET,2022-02,25,28,74.46000000000001,58.10000000000001,57.9,60.03687363226
CENMET,2022-03,25,31,133.79,141.2,141.1,146.68171803181863
CENMET,2022-04,19,30,180.2,170.8,170.8,177.72175098084463
CENMET,2022-05,24,31,251.32,194.89999999999998,194.89999999999998,208.8310318675197
CENMET,2022-06,25,30,177.8,135.7,135.7,145.54744685212
CENMET,2022-07,27,31,15.0,7.7,7.6,8.555780455114254
CENMET,2022-08,25,31,0.0,0.0,0.0,0.0
CENMET,2022-09,26,30,10.09,7.6,7.6,8.05383609327331
CENMET,2022-10,27,31,55.620000000000005,53.50000000000001,53.60000000000001,54.45009187790802
CENMET,2022-11,26,30,171.19,161.5,161.0,164.0851160629816
CENMET,2022-12,25,31,196.95,245.1,244.7,251.49908857441764
CENMET,2023-01,24,31,81.82,83.9,83.6,85.99063368931948
CENMET,2023-02,22,28,85.10000000000001,92.29999999999998,92.80000000000001,96.21989569363551
CENMET,2023-03,23,31,186.82,180.5,180.40000000000003,187.52805525187185
CENMET,2023-04,23,30,165.4,174.50000000000003,175.0,182.09135808560367
CENMET,2023-05,27,31,24.83,26.4,26.5,28.402858760496084
CENMET,2023-06,28,30,10.399999999999999,12.100000000000001,12.200000000000001,13.089833003759267
CENMET,2023-07,26,31,0.0,0.0,0.0,0.0
CENMET,2023-08,29,31,16.919999999999998,6.3,6.3,6.65298779446686
CENMET,2023-09,25,30,44.71999999999999,49.900000000000006,50.2,53.23925032720945
CENMET,2023-10,27,31,84.4,115.3,115.5,117.30023520091389
CENMET,2023-11,22,30,174.08,154.1,154.4,157.34296718736638
CENMET,2023-12,25,31,353.87,337.8,337.80000000000007,347.18597636510003
CENMET,2024-01,21,31,312.92,289.4,289.1,297.3497350030519
CENMET,2024-02,22,29,208.18,119.69999999999999,119.99999999999999,124.39892430439157
CENMET,2024-03,22,31,124.64,156.5,156.2,162.37173038484624
CENMET,2024-04,22,30,78.27000000000001,79.0,78.69999999999999,81.86777700621921
CENMET,2024-05,24,31,93.33,90.9,91.0,97.5040870934323
CENMET,2024-06,28,30,64.71,56.6,57.0,61.13713400388398
CENMET,2024-07,26,31,2.7,2.6999999999999997,2.8,3.1497188625810493
CENMET,2024-08,28,31,28.600000000000005,20.1,20.1,21.204385571326792
CENMET,2024-09,25,30,9.7,19.0,19.1,20.257097673293814
CENMET,2024-10,20,31,120.85,105.3,105.19999999999999,106.82513319806858
CENMET,2024-11,23,30,344.02,308.6,308.3,314.16806381223165
CENMET,2024-12,25,31,314.07,296.6,296.8,305.045354115825
CENMET,2025-01,26,31,112.18999999999998,85.6,85.7,88.15034851074195
CENMET,2025-02,21,28,245.20999999999998,140.29999999999998,140.3,145.46338290587968
CENMET,2025-03,25,31,274.13,293.1,293.3,304.8721719326844
CENMET,2025-04,23,30,45.32,34.3,34.4,35.80154423783719
CENMET,2025-05,27,31,57.75,51.6,51.3,54.97389846837282
CENMET,2025-06,27,30,19.6,17.0,17.0,18.23303441244392
CENMET,2025-07,29,31,0.0,0.0,0.0,0.0
CENMET,2025-08,28,31,0.5900000000000001,6.3,6.3999999999999995,6.758480867239941
CENMET,2025-09,24,30,17.66,18.1,18.4,19.519072732070374
CENMET,2025-10,25,31,119.36999999999999,119.8,119.9,121.7653578670232
CENMET,2025-11,24,30,85.16999999999999,92.1,92.80000000000001,94.56899501585002
CENMET,2025-12,25,31,369.09000000000003,350.0,349.4,359.11476179123764
PRIMET,1986-01,31,31,312.30000000000007,283.6,284.0,292.1248772950334
PRIMET,1986-02,28,28,538.8,541.0,540.9,560.7748092229322
PRIMET,1986-03,31,31,171.5,195.6,196.10000000000002,203.84861692523802
PRIMET,1986-04,30,30,175.5,165.1,165.5,172.1918860974513
PRIMET,1986-05,31,31,123.0,93.20000000000002,92.9,99.56449563183611
PRIMET,1986-06,30,30,11.9,22.799999999999997,22.900000000000002,24.56484100623934
PRIMET,1986-07,31,31,38.3,34.7,34.800000000000004,39.16751823623413
PRIMET,1986-08,31,31,0.0,5.8,6.199999999999999,6.53349972853772
PRIMET,1986-09,30,30,282.8,206.6,207.2,219.79092222105285
PRIMET,1986-10,31,31,111.3,97.4,97.6,99.11803489456825
PRIMET,1986-11,30,30,466.6,429.9,430.4,438.58306276030913
PRIMET,1986-12,31,31,123.00000000000001,127.80000000000003,128.0,131.5792670884174
PRIMET,1987-01,31,31,306.0,245.49999999999997,245.30000000000004,252.29693805177567
PRIMET,1987-02,28,28,178.1,191.7,191.7,198.73416837113587
PRIMET,1987-03,31,31,185.4,194.0,194.4,202.0835065220335
PRIMET,1987-04,30,30,72.89999999999999,80.30000000000001,80.6,83.86557648338291
PRIMET,1987-05,31,31,98.89999999999999,91.9,92.19999999999999,98.7997368740796
PRIMET,1987-06,30,30,12.599999999999998,23.699999999999996,23.9,25.63023107420401
PRIMET,1987-07,31,31,69.2,110.3,110.39999999999999,124.26560916595886
PRIMET,1987-08,31,31,1.1,4.8,5.1,5.38616504011885
PRIMET,1987-09,30,30,10.600000000000001,10.099999999999998,10.2,10.813562013514437
PRIMET,1987-10,31,31,1.5,4.2,4.1,4.1663807934470025
PRIMET,1987-11,30,30,191.6,185.4,185.20000000000002,188.73744916102697
PRIMET,1987-12,31,31,394.40000000000003,456.4,456.29999999999995,468.98456629758005
PRIMET,1988-01,31,31,355.3,313.0,312.8,321.748918444777
PRIMET,1988-02,29,29,207.80000000000004,147.10000000000002,147.3,152.70333291907326
PRIMET,1988-03,31,31,310.6,281.20000000000005,280.80000000000007,291.886981804109
PRIMET,1988-04,30,30,225.20000000000002,230.60000000000002,230.8,240.1564317588696
PRIMET,1988-05,31,31,164.29999999999998,158.7,158.5,169.83671617858695
PRIMET,1988-06,30,30,81.39999999999999,89.60000000000001,89.89999999999998,96.41541726970303
PRIMET,1988-07,31,31,3.7,7.800000000000001,7.8999999999999995,8.889456649643797
PRIMET,1988-08,31,31,0.0,1.7,1.8,1.895530116508861
PRIMET,1988-09,30,30,66.60000000000001,63.3,63.2,67.03501914831931
PRIMET,1988-10,31,31,15.0,17.6,17.7,17.96766295353115
PRIMET,1988-11,30,30,697.3000000000001,645.5000000000001,646.3,658.5872899065307
PRIMET,1988-12,31,31,238.10000000000005,215.80000000000004,215.7,221.70430502244238
PRIMET,1989-01,31,31,352.7,285.1,285.4,293.55417698439385
PRIMET,1989-02,28,28,150.0,132.3,132.7,137.57847034409698
PRIMET,1989-03,31,31,387.70000000000005,387.59999999999997,387.3,402.58423611180723
PRIMET,1989-04,30,30,115.30000000000001,124.89999999999999,124.7,129.72662019813237
PRIMET,1989-05,31,31,117.4,106.70000000000002,106.8,114.43187654508763
PRIMET,1989-06,30,30,31.1,36.10000000000001,36.1,38.72116515816012
PRIMET,1989-07,31,31,24.900000000000002,20.2,20.3,22.854221147830746
PRIMET,1989-08,31,31,98.4,105.60000000000001,105.7,111.48405642947641
PRIMET,1989-09,30,30,16.299999999999997,18.299999999999997,18.200000000000003,19.302694399041094
PRIMET,1989-10,31,31,90.5,114.29999999999998,114.8,116.59126895382873
PRIMET,1989-11,30,30,219.8,215.9,216.1,220.2064709100421
PRIMET,1989-12,31,31,93.2,118.6,118.69999999999999,121.99917783843799
PRIMET,1990-01,31,31,475.3,451.09999999999997,451.2,464.08118493750237
PRIMET,1990-02,28,28,290.5,311.1,311.0,322.4254483976607
PRIMET,1990-03,31,31,108.10000000000001,110.6,110.9,115.27510320774797
PRIMET,1990-04,30,30,230.60000000000002,214.1,213.79999999999998,222.4608018019727
PRIMET,1990-05,31,31,117.3,122.90000000000002,123.1,131.9004114481294
PRIMET,1990-06,30,30,86.29999999999998,94.5,94.3,101.12950134891952
PRIMET,1990-07,31,31,15.799999999999999,17.1,17.1,19.247002830802835
PRIMET,1990-08,31,31,60.5,69.30000000000001,69.6,73.40283559305912
PRIMET,1990-09,30,30,13.799999999999999,14.0,14.0,14.84960393478754
PRIMET,1990-10,31,31,234.70000000000002,229.29999999999998,229.99999999999997,233.5903371069425
PRIMET,1990-11,30,30,336.09999999999997,314.2000000000001,314.7,320.69020512438885
PRIMET,1990-12,31,31,183.9,202.8,202.49999999999997,208.14095917466582
PRIMET,1991-01,31,31,232.0,205.6,205.20000000000002,211.05888563779237
PRIMET,1991-02,28,28,207.89999999999998,173.2,173.0,179.3548668972787
PRIMET,1991-03,31,31,221.20000000000002,244.1,244.2,253.85084851921548
PRIMET,1991-04,30,30,241.70000000000002,226.20000000000002,226.00000000000003,235.1591039635387
PRIMET,1991-05,31,31,194.8,155.4,155.70000000000002,166.83180123540726
PRIMET,1991-06,30,30,52.2,57.3,57.199999999999996,61.34254546980934
PRIMET,1991-07,31,31,33.1,16.8,16.7,18.79677344705437
PRIMET,1991-08,31,31,21.299999999999997,43.199999999999996,43.199999999999996,45.55990649890199
PRIMET,1991-09,30,30,0.3,3.4,3.3,3.4944679099324496
PRIMET,1991-10,28,31,96.5,80.0,80.3,81.55460344319378
PRIMET,1991-11,30,30,451.3,455.70000000000005,455.4,464.0469963736349
PRIMET,1991-12,31,31,213.90000000000003,223.00000000000003,222.9,229.09549456698304
PRIMET,1992-01,31,31,160.50000000000003,161.89999999999998,162.70000000000005,167.32876828158123
PRIMET,1992-02,29,29,200.89999999999998,187.60000000000002,187.39999999999998,194.2955747501517
PRIMET,1992-03,31,31,40.0,47.09999999999999,47.39999999999999,49.265713448813074
PRIMET,1992-04,30,30,289.5,295.5,296.0,307.9701469142036
PRIMET,1992-05,31,31,20.099999999999998,26.5,26.5,28.397338574148264
PRIMET,1992-06,30,30,53.099999999999994,51.8,52.1,55.88143278336331
PRIMET,1992-07,31,31,23.800000000000004,37.0,37.3,41.98241333084691
PRIMET,1992-08,31,31,1.1,8.5,8.5,8.9792763717188
PRIMET,1992-09,30,30,79.1,77.5,77.3,81.99158129626692
PRIMET,1992-10,31,31,176.2,140.7,141.0,143.17684677697196
PRIMET,1992-11,30,30,377.40000000000003,350.59999999999997,351.1,357.79308790130483
PRIMET,1992-12,31,31,419.09999999999997,368.2,368.09999999999997,378.33299289554793
PRIMET,1993-01,31,31,242.5,222.7,222.7,229.05890142724147
PRIMET,1993-02,28,28,94.69999999999999,91.0,91.5,94.8741602114307
PRIMET,1993-03,31,31,354.5,338.9,338.80000000000007,352.18351947392057
PRIMET,1993-04,30,30,393.50000000000006,314.7,314.5,327.2558789420275
PRIMET,1993-05,31,31,236.70000000000005,179.89999999999998,180.0,192.86537812016311
PRIMET,1993-06,26,30,67.2,87.3,87.2,93.52353844574941
PRIMET,1993-07,29,31,18.3,28.699999999999996,28.7,32.30110152591287
PRIMET,1993-08,28,31,2.5999999999999996,12.5,12.899999999999999,13.600654748666614
PRIMET,1993-09,30,30,0.0,2.0,2.0,2.121066352878236
PRIMET,1993-10,21,31,11.3,14.2,14.5,14.737778935369576
PRIMET,1993-11,26,30,62.599999999999994,70.9,70.7,72.03346804351665
PRIMET,1993-12,27,31,168.3,180.0,179.8,184.795151971366
PRIMET,1994-01,14,31,0.0,1.0,1.0,1.0346499077008657
PRIMET,1994-02,28,28,284.9,230.29999999999998,230.49999999999997,238.97801672437524
PRIMET,1994-03,31,31,156.3,169.1,168.7,175.35802237892776
PRIMET,1994-04,30,30,134.60000000000002,135.2,134.6,140.039783152137
PRIMET,1994-05,31,31,91.7,85.9,85.89999999999999,92.04288998869906
PRIMET,1994-06,30,30,96.19999999999999,98.60000000000001,98.80000000000001,105.96769113813046
PRIMET,1994-07,31,31,2.4,6.3,6.2,6.9806027278930465
PRIMET,1994-08,31,31,1.8,3.5,3.6,3.79600180323966
PRIMET,1994-09,30,30,45.3,47.2,47.2,50.072852541043346
PRIMET,1994-10,31,31,226.0,239.5,239.50000000000003,243.20788967637128
PRIMET,1994-11,30,30,435.90000000000003,398.7000000000001,399.19999999999993,406.8045842790377
PRIMET,1994-12,20,31,158.10000000000002,174.20000000000002,174.2,179.04426672057926
PRIMET,1995-01,31,31,431.1,354.7,355.09999999999997,365.2419694006321
PRIMET,1995-02,28,28,200.1,217.8,218.5,226.52571471869555
PRIMET,1995-03,31,31,178.2,241.8,241.8,251.3435458051249
PRIMET,1995-04,30,30,237.2,209.4,209.30000000000004,217.76800919487653
PRIMET,1995-05,31,31,115.49999999999999,123.70000000000002,123.6,132.45017911906334
PRIMET,1995-06,30,30,120.8,123.5,123.1,132.02956884142668
PRIMET,1995-07,31,31,38.7,56.5,56.6,63.70564825541689
PRIMET,1995-08,31,31,56.29999999999998,42.6,42.2,44.51682864661581
PRIMET,1995-09,30,30,101.6,79.69999999999999,79.5,84.32638305272108
PRIMET,1995-10,31,31,158.19999999999996,141.1,141.2,143.39991689437096
PRIMET,1995-11,23,30,270.8,262.3,262.8,267.7963335939167
PRIMET,1995-12,15,31,169.9,153.20000000000002,152.9,157.14967846242405
PRIMET,1996-01,31,31,552.6,482.9,483.29999999999995,497.1187085494307
PRIMET,1996-02,29,29,457.59999999999997,478.6,478.80000000000007,496.3675211554291
PRIMET,1996-03,31,31,116.6,118.9,119.4,124.1253466372653
PRIMET,1996-04,30,30,284.40000000000003,293.0,293.5,305.40175797744325
PRIMET,1996-05,31,31,198.40000000000003,214.89999999999995,215.00000000000006,230.35922687503668
PRIMET,1996-06,30,30,57.3,56.10000000000001,56.6,60.700029245827935
PRIMET,1996-07,31,31,14.2,10.499999999999998,11.100000000000001,12.496305149724499
PRIMET,1996-08,31,31,13.3,12.8,13.000000000000002,13.709471431088991
PRIMET,1996-09,30,30,77.6,93.20000000000002,93.4,99.06483932296749
PRIMET,1996-10,31,31,262.8,263.7,263.6,267.68984120787275
PRIMET,1996-11,30,30,497.5,491.99999999999994,491.70000000000005,501.05250558851145
PRIMET,1996-12,31,31,847.0999999999999,789.1,788.0000000000002,809.902305027732
PRIMET,1997-01,31,31,366.1,348.79999999999995,348.59999999999997,358.5467521130939
PRIMET,1997-02,28,28,151.5,151.4,150.89999999999998,156.44258051647608
PRIMET,1997-03,31,31,374.9,356.4000000000001,356.9,370.9894981828664
PRIMET,1997-04,30,30,246.9,235.4,235.79999999999998,245.3312003498071
PRIMET,1997-05,31,31,77.3,81.7,81.7,87.55737217558496
PRIMET,1997-06,30,30,91.69999999999999,97.80000000000001,98.39999999999999,105.53620925090289
PRIMET,1997-07,31,31,17.200000000000003,25.799999999999997,26.400000000000002,29.71949763168059
PRIMET,1997-08,31,31,38.599999999999994,41.4,41.199999999999996,43.46622308997707
PRIMET,1997-09,30,30,137.2,138.7,138.7,147.13481827570203
PRIMET,1997-10,31,31,312.29999999999995,302.09999999999997,302.29999999999995,307.006378658255
PRIMET,1997-11,30,30,107.30000000000001,138.9,138.6,141.2817630866876
PRIMET,1997-12,31,31,168.0,163.90000000000006,163.90000000000003,168.46608425678454
PRIMET,1998-01,29,31,505.3,408.40000000000003,407.90000000000003,419.55282040442876
PRIMET,1998-02,28,28,243.8,244.6,245.70000000000005,254.73314178592238
PRIMET,1998-03,31,31,189.30000000000004,182.19999999999996,182.20000000000005,189.39383034174074
PRIMET,1998-04,30,30,84.3,106.99999999999999,106.89999999999999,111.22690284902659
PRIMET,1998-05,31,31,199.20000000000005,202.70000000000002,202.70000000000005,217.1884264807429
PRIMET,1998-06,22,30,32.1,43.89999999999999,44.4,47.62130597503383
PRIMET,1998-07,31,31,6.9,10.1,9.9,11.142023523291405
PRIMET,1998-08,31,31,0.3,5.9,5.9,6.219389647587528
PRIMET,1998-09,30,30,37.5,43.300000000000004,43.300000000000004,45.9236816152853
PRIMET,1998-10,24,31,100.7,88.20000000000002,88.1,89.47470345762322
PRIMET,1998-11,30,30,494.2,481.3,481.90000000000003,491.0636153639258
PRIMET,1998-12,31,31,561.6,543.3,543.5000000000001,558.599180004977
PRIMET,1999-01,31,31,401.2000000000001,335.80000000000007,335.80000000000007,345.4102952367391
PRIMET,1999-02,28,28,518.7,482.09999999999997,482.7999999999999,500.5146811362305
PRIMET,1999-03,31,31,197.0,224.79999999999998,225.0,233.87820505327022
PRIMET,1999-04,30,30,75.19999999999999,93.5,93.4,97.17923400583989
PRIMET,1999-05,31,31,215.3,160.99999999999997,160.79999999999998,172.30571753568609
PRIMET,1999-06,30,30,32.3,50.8,51.199999999999996,54.906416736770346
PRIMET,1999-07,31,31,8.9,12.3,12.3,13.83951590538425
PRIMET,1999-08,31,31,70.6,81.3,80.8,85.22309545137499
PRIMET,1999-09,30,30,0.8,3.0,3.0999999999999996,3.2865973422068158
PRIMET,1999-10,31,31,98.99999999999999,114.6,114.5,116.28068232167172
PRIMET,1999-11,30,30,462.9,453.70000000000005,453.2,461.8109291151205
PRIMET,1999-12,31,31,388.3,319.9,320.2,329.1059525553748
PRIMET,2000-01,31,31,549.4999999999999,411.1,412.0,423.7553103194099
PRIMET,2000-02,29,29,249.20000000000002,245.49999999999997,246.0,255.05503996407367
PRIMET,2000-03,31,31,178.79999999999998,171.40000000000003,171.9,178.68850817901955
PRIMET,2000-04,30,30,116.4,109.99999999999999,110.1,114.55988008084017
PRIMET,2000-05,25,31,143.5,117.3,117.49999999999999,125.89996834763213
PRIMET,2000-06,30,30,90.0,76.80000000000001,76.7,82.25360294787757
PRIMET,2000-07,31,31,3.3999999999999995,13.1,12.899999999999999,14.519114395905735
PRIMET,2000-08,31,31,0.8,2.0,2.0,2.110152042713244
PRIMET,2000-09,30,30,47.3,38.099999999999994,38.5,40.825587883917
PRIMET,2000-10,31,31,133.2,139.7,139.89999999999998,142.09310707688954
PRIMET,2000-11,30,30,138.20000000000002,140.1,140.20000000000002,142.8731664851204
PRIMET,2000-12,31,31,272.40000000000003,204.5,204.70000000000002,210.38699216170022
PRIMET,2001-01,31,31,104.99999999999999,100.50000000000001,100.39999999999999,103.28085008395625
PRIMET,2001-02,28,28,72.69999999999999,78.70000000000002,79.0,81.90182270096005
PRIMET,2001-03,31,31,191.70000000000002,187.6,187.99999999999997,195.4168048979521
PRIMET,2001-04,27,30,156.79999999999998,161.7,161.89999999999998,168.4705982188143
PRIMET,2001-05,31,31,114.09999999999998,94.6,94.4,101.16241805968158
PRIMET,2001-06,30,30,86.19999999999999,81.69999999999999,81.7,87.6250327029842
PRIMET,2001-07,31,31,14.700000000000001,18.599999999999998,18.5,20.821851402459323
PRIMET,2001-08,30,31,15.0,21.199999999999996,21.4,22.566168799153868
PRIMET,2001-09,30,30,27.699999999999996,26.7,27.0,28.632486178476906
PRIMET,2001-10,31,31,223.8,182.7,183.1,185.9323833552202
PRIMET,2001-11,30,30,342.40000000000003,357.09999999999997,357.29999999999995,364.09013327104844
PRIMET,2001-12,31,31,494.1,463.7,463.3,476.1843130606776
PRIMET,2002-01,31,31,408.0,376.7,376.6,387.36644386471244
PRIMET,2002-02,28,28,147.2,162.8,162.7,168.68743552668823
PRIMET,2002-03,31,31,242.10000000000002,255.4,255.90000000000006,266.0014112544633
PRIMET,2002-04,30,30,178.4,197.60000000000002,197.79999999999998,205.80144245784987
PRIMET,2002-05,31,31,48.9,55.10000000000001,55.199999999999996,59.14740939238262
PRIMET,2002-06,30,30,46.4,49.0,48.79999999999999,52.33683220026226
PRIMET,2002-07,31,31,2.3,1.7,1.8,2.025440911917339
PRIMET,2002-08,31,31,7.4,17.1,17.5,18.450531673902667
PRIMET,2002-09,30,30,54.4,43.0,43.3,45.92520651753717
PRIMET,2002-10,31,31,16.400000000000002,18.1,18.1,18.392935520304547
PRIMET,2002-11,30,30,218.89999999999998,175.9,176.1,179.4453515476517
PRIMET,2002-12,31,31,402.69999999999993,386.6,386.8,397.5557598591158
PRIMET,2003-01,31,31,380.1,337.7,336.90000000000003,346.52640676546633
PRIMET,2003-02,28,28,157.4,148.6,148.6,154.06221064010012
PRIMET,2003-03,31,31,488.70000000000005,406.3,406.5,422.5416991073369
PRIMET,2003-04,30,30,209.4,205.20000000000002,204.70000000000002,212.9970863331681
PRIMET,2003-05,31,31,89.19999999999999,73.9,74.69999999999999,80.04989248774551
PRIMET,2003-06,30,30,5.6,7.200000000000001,7.1,7.612748070759849
PRIMET,2003-07,30,31,0.0,0.0,0.0,0.0
PRIMET,2003-08,31,31,7.199999999999999,21.4,21.299999999999997,22.472297967459856
PRIMET,2003-09,30,30,88.1,74.49999999999999,74.4,78.91314756782238
PRIMET,2003-10,31,31,113.20000000000002,115.8,115.50000000000001,117.33835499638349
PRIMET,2003-11,30,30,297.29999999999995,281.2,281.30000000000007,286.65125723427303
PRIMET,2003-12,31,31,496.59999999999997,436.4,436.70000000000005,448.82779101411046
PRIMET,2004-01,31,31,424.29999999999995,346.6,346.79999999999995,356.7066372159944
PRIMET,2004-02,29,29,208.99999999999997,187.5,187.49999999999997,194.39571175313299
PRIMET,2004-03,31,31,132.4,110.7,110.7,115.06868687587718
PRIMET,2004-04,30,30,135.6,120.69999999999999,120.99999999999999,125.91483159559054
PRIMET,2004-05,31,31,170.70000000000002,172.89999999999998,173.0,185.38890327769766
PRIMET,2004-06,30,30,63.0,55.8,56.099999999999994,60.16636006193787
PRIMET,2004-07,31,31,1.8,1.2,1.3,1.462357432507248
PRIMET,2004-08,31,31,113.6,119.5,119.69999999999999,126.2492550730238
PRIMET,2004-09,30,30,103.79999999999998,100.5,100.60000000000001,106.72253392756042
PRIMET,2004-10,31,31,148.00000000000006,136.2,136.29999999999998,138.42029833520007
PRIMET,2004-11,30,30,113.8,103.80000000000001,103.09999999999998,105.06506210587396
PRIMET,2004-12,31,31,257.70000000000005,256.8,256.8,263.9388823437388
PRIMET,2005-01,25,31,78.7,77.4,77.2,79.41013122304052
PRIMET,2005-02,28,28,92.5,88.19999999999999,88.69999999999999,91.96290269829947
PRIMET,2005-03,31,31,275.9,254.70000000000002,254.90000000000003,264.96963727630487
PRIMET,2005-04,30,30,171.10000000000002,176.4,176.40000000000003,183.522446034974
PRIMET,2005-05,31,31,212.79999999999998,200.00000000000003,200.20000000000002,214.5074805874348
PRIMET,2005-06,30,30,109.39999999999999,86.8,86.49999999999997,92.77230840015345
PRIMET,2005-07,31,31,12.2,12.0,11.7,13.172662667652489
PRIMET,2005-08,31,31,0.8,3.8000000000000003,3.8,4.005198725506885
PRIMET,2005-09,30,30,52.60000000000001,44.1,44.099999999999994,46.77340029990647
PRIMET,2005-10,31,31,155.3,143.70000000000002,144.0,146.23647553438659
PRIMET,2005-11,30,30,360.80000000000007,338.40000000000003,338.50000000000006,344.9257276885418
PRIMET,2005-12,31,31,505.1,475.50000000000006,475.09999999999997,488.30449648441083
PRIMET,2006-01,31,31,677.2,510.90000000000003,511.6999999999999,526.319507006411
PRIMET,2006-02,28,28,141.8,170.0,169.9,176.14754900108838
PRIMET,2006-03,31,31,177.10000000000002,188.70000000000002,188.5,195.95330965857465
PRIMET,2006-04,30,30,100.1,128.6,128.5,133.68624225511277
PRIMET,2006-05,31,31,107.8,109.09999999999998,109.3,117.12916648884281
PRIMET,2006-06,30,30,82.3,96.89999999999999,96.69999999999999,103.71029504081991
PRIMET,2006-07,30,31,2.1,6.4,6.3,7.090724559876657
PRIMET,2006-08,30,31,0.0,5.8999999999999995,5.8,6.116796649756779
PRIMET,2006-09,30,30,58.0,40.3,40.1,42.53381568241849
PRIMET,2006-10,31,31,69.39999999999999,78.10000000000001,78.0,79.20229863587062
PRIMET,2006-11,30,30,680.7999999999998,624.6,624.7999999999998,636.6725721562804
PRIMET,2006-12,31,31,374.59999999999997,349.9,349.5,359.2114063430972
PRIMET,2007-01,29,31,241.79999999999998,185.79999999999998,185.89999999999998,191.20331882105924
PRIMET,2007-02,28,28,333.99999999999994,285.79999999999995,285.30000000000007,295.78095083700083
PRIMET,2007-03,31,31,185.10000000000002,175.20000000000002,174.60000000000002,181.506581545574
PRIMET,2007-04,30,30,137.7,137.50000000000003,138.3,143.8902317938803
PRIMET,2007-05,31,31,72.7,65.1,65.30000000000001,69.97225272483507
PRIMET,2007-06,30,30,57.8,60.49999999999999,60.79999999999999,65.20287621689044
PRIMET,2007-07,31,31,21.400000000000002,22.8,22.5,25.327279521510636
PRIMET,2007-08,31,31,25.9,29.8,29.8,31.42634356195539
PRIMET,2007-09,30,30,67.3,67.69999999999999,67.9,72.02248146694839
PRIMET,2007-10,31,31,294.4,237.4,237.40000000000003,241.10605619822655
PRIMET,2007-11,30,30,326.8,292.3,292.40000000000003,297.94444869842926
PRIMET,2007-12,30,31,451.1,469.8999999999999,470.4,483.473898674088
PRIMET,2008-01,31,31,440.4,385.00000000000006,384.70000000000005,395.68705842644744
PRIMET,2008-02,29,29,200.79999999999998,185.4,185.1,191.90167633957495
PRIMET,2008-03,31,31,314.70000000000005,307.00000000000006,307.2000000000001,319.33105061534775
PRIMET,2008-04,30,30,199.9,178.5,178.1,185.32640127646536
PRIMET,2008-05,31,31,66.8,96.70000000000002,97.3,104.25780268664553
PRIMET,2008-06,30,30,80.10000000000001,59.400000000000006,59.39999999999999,63.71021161682229
PRIMET,2008-07,31,31,1.8,1.9,1.8,2.025440911917339
PRIMET,2008-08,31,31,42.099999999999994,52.199999999999996,52.099999999999994,54.94911402267979
PRIMET,2008-09,30,30,6.699999999999999,11.9,11.9,12.615317452172306
PRIMET,2008-10,31,31,120.89999999999999,102.80000000000001,102.69999999999999,104.30065262947471
PRIMET,2008-11,30,30,347.79999999999995,251.89999999999998,252.10000000000002,256.8826942135709
PRIMET,2008-12,31,31,543.8999999999999,415.1,415.40000000000003,426.94609782483724
PRIMET,2009-01,31,31,240.7,214.3,214.49999999999997,220.64523364188744
PRIMET,2009-02,28,28,160.00000000000003,151.6,151.3,156.8723135381326
PRIMET,2009-03,31,31,332.2,271.50000000000006,271.4000000000001,282.1156921099547
PRIMET,2009-04,30,30,143.70000000000005,159.29999999999998,159.3,165.74434001229267
PRIMET,2009-05,31,31,175.7,158.6,158.8,170.15576832118953
PRIMET,2009-06,30,30,52.699999999999996,48.400000000000006,48.9,52.438660462060255
PRIMET,2009-07,31,31,4.1,4.1,4.1,4.6156482306004705
PRIMET,2009-08,31,31,14.7,15.7,15.5,16.341747631607124
PRIMET,2009-09,30,30,42.0,37.9,38.00000000000001,40.30687517610272
PRIMET,2009-10,31,31,200.50000000000003,189.39999999999998,189.8,192.74745919012716
PRIMET,2009-11,30,30,270.2,280.6,281.0,286.34219774111125
PRIMET,2009-12,31,31,271.5,222.10000000000002,222.10000000000002,228.26561707945905
PRIMET,2010-01,31,31,223.5,186.80000000000004,187.00000000000003,192.32789619492726
PRIMET,2010-02,28,28,164.7,140.7,140.4,145.54852051343482
PRIMET,2010-03,31,31,248.80000000000004,231.90000000000006,231.5,240.6429448248305
PRIMET,2010-04,30,30,236.50000000000003,205.4,205.7,214.02669656904138
PRIMET,2010-05,31,31,170.90000000000003,152.2,152.3,163.1918642769583
PRIMET,2010-06,30,30,184.1,165.20000000000002,164.9,176.84688054461338
PRIMET,2010-07,31,31,3.0999999999999996,4.5,4.6,5.179029335656848
PRIMET,2010-08,31,31,19.7,13.0,13.2,13.921471800984303
PRIMET,2010-09,30,30,126.8,113.10000000000001,112.5,119.34045043146452
PRIMET,2010-10,31,31,244.70000000000002,202.6,203.20000000000005,206.34682379173978
PRIMET,2010-11,30,30,331.4,307.5,307.20000000000005,313.0526292869514
PRIMET,2010-12,31,31,448.00000000000006,410.70000000000005,410.79999999999995,422.21428792817187
PRIMET,2011-01,31,31,262.0,218.20000000000002,218.4,224.6310141433692
PRIMET,2011-02,28,28,200.20000000000005,228.9,228.3,236.68944357204194
PRIMET,2011-03,31,31,375.2000000000001,332.9,333.0,346.14581030045474
PRIMET,2011-04,30,30,293.90000000000003,271.09999999999997,271.4,282.3824649277821
PRIMET,2011-05,31,31,157.20000000000002,143.89999999999998,144.39999999999998,154.7272240617033
PRIMET,2011-06,30,30,51.800000000000004,51.00000000000001,51.3,55.02173988692397
PRIMET,2011-07,31,31,36.0,37.8,37.9,42.655880835912484
PRIMET,2011-08,31,31,0.5,0.6,0.5,0.5260560849199707
PRIMET,2011-09,30,30,7.5,13.8,13.7,14.527309333871372
PRIMET,2011-10,31,31,125.2,122.2,122.1,124.00304189263626
PRIMET,2011-11,30,30,258.20000000000005,252.8,252.50000000000003,257.3030080818926
PRIMET,2011-12,31,31,254.89999999999998,253.6,253.7,260.74198718192565
PRIMET,2012-01,31,31,497.1000000000001,384.09999999999997,385.0,396.0201702269472
PRIMET,2012-02,29,29,269.6,200.8,200.5,207.85969411930122
PRIMET,2012-03,31,31,472.3,482.4,482.7,501.7551865164798
PRIMET,2012-04,30,30,254.99999999999997,199.0,199.4,207.4790756966533
PRIMET,2012-05,31,31,106.7,97.4,97.9,104.89383481359488
PRIMET,2012-06,30,30,163.40000000000003,136.49999999999997,136.9,146.8282299513262
PRIMET,2012-07,31,31,3.6,8.1,8.2,9.229244699758995
PRIMET,2012-08,31,31,2.5,2.9,3.0,3.160372454998274
PRIMET,2012-09,30,30,1.0,1.7,1.8,1.9036999327442283
PRIMET,2012-10,31,31,295.40000000000003,272.3,272.1,276.3122022596594
PRIMET,2012-11,30,30,349.8,357.0,357.0,363.77093271480794
PRIMET,2012-12,31,31,478.90000000000003,468.4,468.3,481.32251516340585
PRIMET,2013-01,31,31,199.3,164.8,164.90000000000003,169.61482814251588
PRIMET,2013-02,28,28,149.09999999999997,115.1,115.79999999999998,120.0589170028122
PRIMET,2013-03,31,31,116.89999999999999,126.1,126.1,131.10137102247023
PRIMET,2013-04,30,30,166.20000000000005,183.1,183.6,191.04595676306468
PRIMET,2013-05,31,31,170.29999999999998,133.79999999999998,133.6,143.16010551681816
PRIMET,2013-06,30,30,56.50000000000001,59.5,59.199999999999996,63.49239425452788
PRIMET,2013-07,31,31,0.0,0.0,0.0,0.0
PRIMET,2013-08,31,31,31.6,42.199999999999996,42.49999999999999,44.81982425172526
PRIMET,2013-09,30,30,262.3,230.70000000000002,230.9,244.93319440490234
PRIMET,2013-10,31,31,45.400000000000006,45.699999999999996,46.0,46.71020911395542
PRIMET,2013-11,30,30,180.90000000000003,196.4,196.5,200.2386614057374
PRIMET,2013-12,31,31,136.0,131.79999999999998,131.4,135.05972139124395
PRIMET,2014-01,31,31,223.6,193.2,193.39999999999998,198.92700866168263
PRIMET,2014-02,28,28,477.40000000000003,478.0999999999999,477.4,494.9494874771922
PRIMET,2014-03,31,31,451.4,446.50000000000006,446.59999999999997,464.22395841472814
PRIMET,2014-04,30,30,222.0,189.29999999999998,188.7,196.34546876443378
PRIMET,2014-05,31,31,153.9,139.5,139.0,148.9348544782917
PRIMET,2014-06,30,30,69.8,64.0,63.7,68.31312586977889
PRIMET,2014-07,31,31,17.0,17.4,17.299999999999997,19.473773207477933
PRIMET,2014-08,31,31,10.7,22.4,22.4,23.623500592541077
PRIMET,2014-09,30,30,47.69999999999999,49.699999999999996,49.49999999999999,52.513733336629144
PRIMET,2014-10,31,31,249.39999999999995,235.99999999999997,235.9,239.55994030474764
PRIMET,2014-11,30,30,396.5,366.5,366.59999999999997,373.55325414488954
PRIMET,2014-12,31,31,423.3,417.5,417.70000000000005,429.3114857915692
PRIMET,2015-01,31,31,117.0,116.29999999999998,116.39999999999999,119.73421494601072
PRIMET,2015-02,28,28,164.5,179.1,178.6,185.1540453626579
PRIMET,2015-03,31,31,162.20000000000002,161.1,160.9,167.25287659893277
PRIMET,2015-04,30,30,94.5,97.7,97.49999999999999,101.44651322073709
PRIMET,2015-05,31,31,60.0,56.0,56.10000000000001,60.12679268370056
PRIMET,2015-06,30,30,11.9,11.899999999999999,11.899999999999999,12.762920595511865
PRIMET,2015-07,31,31,5.6,8.899999999999999,9.200000000000001,10.35613278627923
PRIMET,2015-08,31,31,19.9,25.400000000000002,25.4,26.787982942692903
PRIMET,2015-09,30,30,77.8,49.300000000000004,49.3,52.29318225595718
PRIMET,2015-10,31,31,122.19999999999999,135.9,136.2,138.33372154490985
PRIMET,2015-11,30,30,271.1,258.0,258.3,263.21773890321396
PRIMET,2015-12,31,31,684.3999999999999,618.3999999999999,618.8999999999997,636.1087638479313
PRIMET,2016-01,31,31,281.30000000000007,255.59999999999997,255.6,262.91010425313976
PRIMET,2016-02,29,29,203.8,187.99999999999997,187.79999999999995,194.71535489395046
PRIMET,2016-03,31,31,298.0,324.7,324.5,337.3060215711532
PRIMET,2016-04,30,30,135.4,126.60000000000001,126.8,131.9235132325902
PRIMET,2016-05,31,31,28.3,54.6,54.8,58.725853243315456
PRIMET,2016-06,30,30,47.00000000000001,47.2,46.8,50.18263741171762
PRIMET,2016-07,31,31,38.2,34.4,34.5,38.83036627799469
PRIMET,2016-08,31,31,2.0,0.0,0.0,0.0
PRIMET,2016-09,30,30,47.2,52.99999999999999,53.400000000000006,56.64609132195486
PRIMET,2016-10,31,31,368.8,446.90000000000003,447.30000000000007,454.22156985687553
PRIMET,2016-11,30,30,258.8,252.7,253.49999999999997,258.3169415254217
PRIMET,2016-12,31,31,362.40000000000003,362.20000000000005,362.1000000000001,372.1668548883504
PRIMET,2017-01,31,31,182.4,197.5,197.79999999999998,203.4648496021911
PRIMET,2017-02,28,28,346.1,348.6,348.4,361.19353537406397
PRIMET,2017-03,31,31,450.4,443.9,443.59999999999997,461.1091114656085
PRIMET,2017-04,30,30,273.3,251.5,251.70000000000002,261.88978969910124
PRIMET,2017-05,31,31,116.9,99.8,100.3,107.49015282214485
PRIMET,2017-06,30,30,53.599999999999994,55.4,55.7,59.73800439093951
PRIMET,2017-07,31,31,0.0,0.0,0.0,0.0
PRIMET,2017-08,31,31,0.5,3.5999999999999996,3.5999999999999996,3.79611592286677
PRIMET,2017-09,30,30,184.59999999999997,136.1,136.20000000000002,144.4858561605513
PRIMET,2017-10,31,31,295.0,264.1,263.9,268.0174814589484
PRIMET,2017-11,30,30,372.20000000000005,370.8,370.3,377.32996705685156
PRIMET,2017-12,31,31,151.2,150.8,150.39999999999998,154.5739281811413
PRIMET,2018-01,31,31,301.09999999999997,270.5,271.0,278.7377501924007
PRIMET,2018-02,28,28,222.5,194.0,194.1,201.22881841728628
PRIMET,2018-03,31,31,138.60000000000002,155.29999999999998,155.60000000000002,161.7499564275858
PRIMET,2018-04,30,30,257.7,210.6,210.60000000000002,219.11701781796313
PRIMET,2018-05,31,31,8.9,17.4,17.7,18.98258507355506
PRIMET,2018-06,30,30,68.2,55.400000000000006,55.3,59.31099352353402
PRIMET,2018-07,31,31,0.0,0.0,0.0,0.0
PRIMET,2018-08,31,31,1.0,6.5,6.6,6.96056839208616
PRIMET,2018-09,30,30,10.7,12.2,12.5,13.25793636389967
PRIMET,2018-10,31,31,159.512,144.6,145.0,147.24601695921694
PRIMET,2018-11,30,30,217.424,202.50000000000003,202.40000000000003,206.2669075465142
PRIMET,2018-12,31,31,328.676,333.20000000000005,333.1000000000001,342.3704424222906
PRIMET,2019-01,31,31,222.25,169.89999999999998,170.1,174.9575295035432
PRIMET,2019-02,26,28,260.604,340.5999999999999,340.49999999999994,353.01381450918944
PRIMET,2019-03,27,31,115.062,106.5,106.4,110.60018771011713
PRIMET,2019-04,29,30,368.3,352.4,352.0,366.2727982436895
PRIMET,2019-05,31,31,55.88,62.699999999999996,62.49999999999999,66.9647434776971
PRIMET,2019-06,30,30,29.464000000000002,33.49999999999999,33.699999999999996,36.14284312321083
PRIMET,2019-07,31,31,0.254,2.9,3.1,3.4927253709165424
PRIMET,2019-08,31,31,13.462,17.4,17.299999999999997,18.239752213241253
PRIMET,2019-09,27,30,112.77600000000001,96.60000000000001,97.10000000000001,103.00976783877137
PRIMET,2019-10,31,31,122.93599999999999,113.49999999999999,113.8,115.59178012805994
PRIMET,2019-11,30,30,56.89600000000001,62.199999999999996,61.99999999999999,63.16996939188106
PRIMET,2019-12,31,31,197.104,189.40000000000003,189.60000000000002,194.87962816737152
PRIMET,2020-01,31,31,583.438,426.20000000000005,425.8,437.97206169715406
PRIMET,2020-02,29,29,194.05600000000007,177.49999999999997,178.0,184.52524409645872
PRIMET,2020-03,31,31,198.62800000000001,171.4,171.9,178.68881530511092
PRIMET,2020-04,30,30,104.64799999999998,96.7,96.6,100.50675324420035
PRIMET,2020-05,31,31,143.25599999999997,127.7,127.49999999999999,136.61743057875066
PRIMET,2020-06,30,30,98.298,96.3,96.6,103.61407807919318
PRIMET,2020-07,31,31,0.0,0.0,0.0,0.0
PRIMET,2020-08,31,31,0.508,1.5,1.5,1.5807565178783878
PRIMET,2020-09,29,30,12.446000000000002,65.4,65.8,69.79747013057782
PRIMET,2020-10,31,31,134.874,125.1,125.5,127.44411111670931
PRIMET,2020-11,30,30,343.66200000000003,333.50000000000006,333.4,339.7393780028076
PRIMET,2020-12,31,31,350.52000000000004,313.1000000000001,312.2,320.87802658563794
PRIMET,2021-01,30,31,284.98800000000006,244.60000000000002,245.40000000000003,252.4196321824075
PRIMET,2021-02,28,28,400.81199999999995,355.0,355.20000000000005,368.25368267879963
PRIMET,2021-03,31,31,115.062,109.4,108.99999999999999,113.30588111346458
PRIMET,2021-04,30,30,43.688,32.9,33.300000000000004,34.64792204906853
PRIMET,2021-05,31,31,73.15199999999999,71.60000000000001,71.3,76.4110778226371
PRIMET,2021-06,30,30,39.623999999999995,28.700000000000003,28.7,30.779223202532606
PRIMET,2021-07,31,31,1.524,1.6,1.6,1.803659116259096
PRIMET,2021-08,31,31,0.0,5.0,4.8,5.061327400749738
PRIMET,2021-09,28,30,104.902,89.4,89.39999999999999,94.84078050295119
PRIMET,2021-10,31,31,171.196,160.70000000000002,160.70000000000002,163.20546484409198
PRIMET,2021-11,30,30,283.464,282.30000000000007,281.90000000000003,287.2599308892008
PRIMET,2021-12,24,31,263.144,240.3,240.50000000000003,247.18552883846306
PRIMET,2022-01,31,31,282.956,229.50000000000003,229.3,235.87344039149085
PRIMET,2022-02,28,28,98.298,92.0,91.9,95.28604629190234
PRIMET,2022-03,31,31,168.91,172.9,172.9,179.73921024542102
PRIMET,2022-04,30,30,346.456,266.8,266.50000000000006,277.29519474377713
PRIMET,2022-05,31,31,327.15199999999993,278.4,278.5,298.4114304133949
PRIMET,2022-06,30,30,155.95600000000002,151.3,151.2,162.1749762848058
PRIMET,2022-07,31,31,17.526,7.7,7.6,8.555780455114254
PRIMET,2022-08,30,31,0.254,0.0,0.0,0.0
PRIMET,2022-09,30,30,34.036,21.2,21.4,22.68928586530672
PRIMET,2022-10,30,31,115.824,109.0,109.00000000000001,110.70410670493708
PRIMET,2022-11,30,30,350.52,284.9,284.5,289.9318524127489
PRIMET,2022-12,30,31,313.182,362.3999999999999,362.1,372.1572494453121
PRIMET,2023-01,31,31,100.584,112.60000000000001,112.3,115.5101344050937
PRIMET,2023-02,28,28,168.91,154.0,154.5,160.18553201561832
PRIMET,2023-03,31,31,237.74400000000003,238.70000000000002,238.50000000000003,247.92245677134224
PRIMET,2023-04,30,30,268.478,255.5,256.2,266.5768406087847
PRIMET,2023-05,30,31,32.258,39.8,40.0,42.865604090020796
PRIMET,2023-06,27,30,20.788,19.2,19.3,20.7044762639241
PRIMET,2023-07,31,31,0.0,0.0,0.0,0.0
PRIMET,2023-08,31,31,26.628999999999998,6.7,6.8,7.17904387938683
PRIMET,2023-09,30,30,54.08999999999999,70.0,70.3,74.56596832000753
PRIMET,2023-10,31,31,207.535,144.40000000000003,144.70000000000002,146.952415841224
PRIMET,2023-11,30,30,227.607,218.8,219.1,223.28085191090216
PRIMET,2023-12,31,31,497.37600000000003,369.4,369.6000000000001,379.8747902612258
PRIMET,2024-01,24,31,476.38500000000005,357.4,356.8,366.99324108394086
PRIMET,2024-02,29,29,257.115,205.90000000000003,206.10000000000002,213.66629772373642
PRIMET,2024-03,31,31,192.2,214.79999999999995,214.59999999999997,223.07734678707814
PRIMET,2024-04,30,30,186.385,157.4,157.1,163.44268188503327
PRIMET,2024-05,31,31,147.686,125.2,125.3,134.25388492448346
PRIMET,2024-06,30,30,78.836,66.5,66.9,71.75357250041233
PRIMET,2024-07,31,31,1.2480000000000002,2.6999999999999997,2.8,3.1497188625810493
PRIMET,2024-08,30,31,17.164000000000005,20.200000000000003,20.1,21.204385571326792
PRIMET,2024-09,30,30,33.701,32.3,32.3,34.255654097072245
PRIMET,2024-10,31,31,153.947,161.60000000000002,161.29999999999998,163.79926043141194
PRIMET,2024-11,30,30,453.694,384.8,384.5,391.8212452237774
PRIMET,2024-12,30,31,500.819,434.90000000000003,435.3,447.38965800226293
PRIMET,2025-01,31,31,219.25,135.79999999999998,136.2,140.09420368849757
PRIMET,2025-02,28,28,347.12300000000005,178.6,178.8,185.379925073015
PRIMET,2025-03,31,31,453.517,383.80000000000007,384.3,399.4578954559855
PRIMET,2025-04,28,30,81.53800000000001,76.7,76.8,79.91455904269475
PRIMET,2025-05,31,31,51.792,58.50000000000001,57.9,62.0474409043418
PRIMET,2025-06,30,30,60.95399999999999,36.5,36.6,39.25514468448057
PRIMET,2025-07,31,31,0.0,0.0,0.0,0.0
PRIMET,2025-08,31,31,7.801,15.300000000000002,15.3,16.14490829531713
PRIMET,2025-09,30,30,47.331,42.699999999999996,43.199999999999996,45.83089255759068
PRIMET,2025-10,31,31,221.05499999999998,184.3,184.4,187.26532552077506
PRIMET,2025-11,30,30,138.237,138.20000000000002,138.70000000000002,141.33960065346864
PRIMET,2025-12,31,31,504.2840000000001,453.59999999999997,452.7,465.2834322343978
UPLMET,1994-10,0,31,0.0,0.0,0.0,0.0
UPLMET,1994-11,0,30,0.0,0.0,0.0,0.0
UPLMET,1994-12,0,31,0.0,0.0,0.0,0.0
UPLMET,1995-01,0,31,0.0,0.0,0.0,0.0
UPLMET,1995-02,0,28,0.0,0.0,0.0,0.0
UPLMET,1995-03,0,31,0.0,0.0,0.0,0.0
UPLMET,1995-04,0,30,0.0,0.0,0.0,0.0
UPLMET,1995-05,0,31,0.0,0.0,0.0,0.0
UPLMET,1995-06,0,30,0.0,0.0,0.0,0.0
UPLMET,1995-07,0,31,0.0,0.0,0.0,0.0
UPLMET,1995-08,0,31,0.0,0.0,0.0,0.0
UPLMET,1995-09,30,30,138.7,79.69999999999999,79.5,84.32638305272108
UPLMET,1995-10,31,31,247.89999999999998,141.1,141.2,143.39991689437096
UPLMET,1995-11,26,30,607.0,439.1,439.79999999999995,448.1537573370489
UPLMET,1995-12,30,31,480.90000000000003,409.59999999999997,409.1,420.46768206544215
UPLMET,1996-01,25,31,563.2,387.9,388.29999999999995,399.4044829823175
UPLMET,1996-02,29,29,466.7,478.6,478.80000000000007,496.3675211554291
UPLMET,1996-03,31,31,141.8,118.9,119.4,124.1253466372653
UPLMET,1996-04,30,30,361.2,293.0,293.5,305.40175797744325
UPLMET,1996-05,31,31,264.20000000000005,214.89999999999995,215.00000000000006,230.35922687503668
UPLMET,1996-06,30,30,84.2,56.10000000000001,56.6,60.700029245827935
UPLMET,1996-07,31,31,22.900000000000002,10.499999999999998,11.100000000000001,12.496305149724499
UPLMET,1996-08,31,31,24.400000000000002,12.8,13.000000000000002,13.709471431088991
UPLMET,1996-09,30,30,114.89999999999999,93.20000000000002,93.4,99.06483932296749
UPLMET,1996-10,26,31,269.1,166.5,166.39999999999998,168.983360642283
UPLMET,1996-11,30,30,614.1,491.99999999999994,491.70000000000005,501.05250558851145
UPLMET,1996-12,27,31,778.8,645.9,644.8000000000001,662.7282380885007
UPLMET,1997-01,31,31,414.1,348.79999999999995,348.59999999999997,358.5467521130939
UPLMET,1997-02,28,28,227.7,151.4,150.89999999999998,156.44258051647608
UPLMET,1997-03,31,31,521.3,356.4000000000001,356.9,370.9894981828664
UPLMET,1997-04,30,30,326.99999999999994,235.4,235.79999999999998,245.3312003498071
UPLMET,1997-05,31,31,123.3,81.7,81.7,87.55737217558496
UPLMET,1997-06,30,30,123.3,97.80000000000001,98.39999999999999,105.53620925090289
UPLMET,1997-07,31,31,54.7,25.799999999999997,26.400000000000002,29.71949763168059
UPLMET,1997-08,31,31,35.5,41.4,41.199999999999996,43.46622308997707
UPLMET,1997-09,30,30,178.9,138.7,138.7,147.13481827570203
UPLMET,1997-10,31,31,381.8,302.09999999999997,302.29999999999995,307.006378658255
UPLMET,1997-11,30,30,143.3,138.9,138.6,141.2817630866876
UPLMET,1997-12,28,31,132.10000000000002,115.60000000000001,115.69999999999999,118.92367048381345
UPLMET,1998-01,31,31,598.7000000000002,419.5,418.79999999999995,430.7628764108504
UPLMET,1998-02,28,28,235.39999999999998,244.6,245.70000000000005,254.73314178592238
UPLMET,1998-03,31,31,258.90000000000003,182.19999999999996,182.20000000000005,189.39383034174074
UPLMET,1998-04,27,30,111.29999999999998,91.1,91.1,94.77720476693445
UPLMET,1998-05,31,31,291.2,202.70000000000002,202.70000000000005,217.1884264807429
UPLMET,1998-06,30,30,108.6,69.3,69.89999999999999,74.96785954041748
UPLMET,1998-07,31,31,7.1,10.1,9.9,11.142023523291405
UPLMET,1998-08,31,31,5.9,5.9,5.9,6.219389647587528
UPLMET,1998-09,30,30,83.29999999999998,43.300000000000004,43.300000000000004,45.9236816152853
UPLMET,1998-10,31,31,237.49999999999997,127.69999999999999,127.69999999999999,129.6978219899042
UPLMET,1998-11,20,30,265.9,253.1,253.79999999999998,258.6326411554057
UPLMET,1998-12,11,31,40.1,15.8,15.9,16.340668891088917
UPLMET,1999-01,0,31,0.0,0.0,0.0,0.0
UPLMET,1999-02,0,28,0.0,0.0,0.0,0.0
UPLMET,1999-03,21,31,165.00000000000003,148.29999999999998,148.39999999999998,154.25199925021747
UPLMET,1999-04,30,30,115.2,93.5,93.4,97.17923400583989
UPLMET,1999-05,31,31,286.90000000000003,160.99999999999997,160.79999999999998,172.30571753568609
UPLMET,1999-06,30,30,86.6,50.8,51.199999999999996,54.906416736770346
UPLMET,1999-07,31,31,25.900000000000002,12.3,12.3,13.83951590538425
UPLMET,1999-08,31,31,84.4,81.3,80.8,85.22309545137499
UPLMET,1999-09,30,30,4.1,3.0,3.0999999999999996,3.2865973422068158
UPLMET,1999-10,31,31,152.3,114.6,114.5,116.28068232167172
UPLMET,1999-11,27,30,483.90000000000003,374.20000000000005,373.79999999999995,380.89836187118567
UPLMET,1999-12,26,31,347.8,238.3,238.40000000000003,245.0252156653278
UPLMET,2000-01,29,31,552.5,367.09999999999997,367.8,378.2920881945631
UPLMET,2000-02,29,29,252.80000000000004,245.49999999999997,246.0,255.05503996407367
UPLMET,2000-03,31,31,217.29999999999998,171.40000000000003,171.9,178.68850817901955
UPLMET,2000-04,30,30,152.5,109.99999999999999,110.1,114.55988008084017
UPLMET,2000-05,30,31,167.4,122.1,122.29999999999997,131.0463698014043
UPLMET,2000-06,29,30,111.59999999999998,64.9,64.8,69.49310652668332
UPLMET,2000-07,31,31,31.6,13.1,12.899999999999999,14.519114395905735
UPLMET,2000-08,31,31,5.1,2.0,2.0,2.110152042713244
UPLMET,2000-09,30,30,73.99999999999999,38.099999999999994,38.5,40.825587883917
UPLMET,2000-10,29,31,153.6,116.5,116.79999999999998,118.62511806658125
UPLMET,2000-11,28,30,148.5,109.39999999999999,109.50000000000001,111.58940064616088
UPLMET,2000-12,30,31,257.20000000000005,166.6,166.90000000000003,171.53772417760584
UPLMET,2001-01,31,31,139.0,100.50000000000001,100.39999999999999,103.28085008395625
UPLMET,2001-02,27,28,79.89999999999999,77.10000000000001,77.5,80.34851379993935
UPLMET,2001-03,19,31,159.0,132.2,131.99999999999997,137.2116911866531
UPLMET,2001-04,30,30,259.0,171.8,172.0,178.9838836271723
UPLMET,2001-05,31,31,120.0,94.6,94.4,101.16241805968158
UPLMET,2001-06,30,30,127.0,81.69999999999999,81.7,87.6250327029842
UPLMET,2001-07,31,31,36.0,18.599999999999998,18.5,20.821851402459323
UPLMET,2001-08,31,31,21.0,21.199999999999996,21.4,22.566168799153868
UPLMET,2001-09,30,30,41.0,26.7,27.0,28.632486178476906
UPLMET,2001-10,31,31,296.0,182.7,183.1,185.9323833552202
UPLMET,2001-11,30,30,384.0,357.09999999999997,357.29999999999995,364.09013327104844
UPLMET,2001-12,31,31,613.0,463.7,463.3,476.1843130606776
UPLMET,2002-01,31,31,575.8,376.7,376.6,387.36644386471244
UPLMET,2002-02,25,28,142.49999999999997,135.6,135.5,140.48251018183544
UPLMET,2002-03,31,31,362.6,255.4,255.90000000000006,266.0014112544633
UPLMET,2002-04,30,30,261.2,197.60000000000002,197.79999999999998,205.80144245784987
UPLMET,2002-05,31,31,73.1,55.10000000000001,55.199999999999996,59.14740939238262
UPLMET,2002-06,30,30,69.30000000000001,49.0,48.79999999999999,52.33683220026226
UPLMET,2002-07,31,31,9.9,1.7,1.8,2.025440911917339
UPLMET,2002-08,31,31,32.599999999999994,17.1,17.5,18.450531673902667
UPLMET,2002-09,30,30,96.89999999999999,43.0,43.3,45.92520651753717
UPLMET,2002-10,31,31,31.299999999999997,18.1,18.1,18.392935520304547
UPLMET,2002-11,30,30,207.8,175.9,176.1,179.4453515476517
UPLMET,2002-12,31,31,399.0999999999999,386.6,386.8,397.5557598591158
UPLMET,2003-01,31,31,423.1,337.7,336.90000000000003,346.52640676546633
UPLMET,2003-02,28,28,216.9,148.6,148.6,154.06221064010012
UPLMET,2003-03,31,31,644.9,406.3,406.5,422.5416991073369
UPLMET,2003-04,30,30,254.79999999999998,205.20000000000002,204.70000000000002,212.9970863331681
UPLMET,2003-05,31,31,124.49999999999997,73.9,74.69999999999999,80.04989248774551
UPLMET,2003-06,30,30,17.8,7.200000000000001,7.1,7.612748070759849
UPLMET,2003-07,31,31,1.1,0.0,0.0,0.0
UPLMET,2003-08,31,31,24.700000000000003,21.4,21.299999999999997,22.472297967459856
UPLMET,2003-09,30,30,116.70000000000002,74.49999999999999,74.4,78.91314756782238
UPLMET,2003-10,30,31,186.99999999999997,115.8,115.50000000000001,117.33835499638349
UPLMET,2003-11,22,30,326.1,249.10000000000002,249.0,253.7436178462212
UPLMET,2003-12,31,31,535.4000000000001,436.4,436.70000000000005,448.82779101411046
UPLMET,2004-01,31,31,530.3,346.6,346.79999999999995,356.7066372159944
UPLMET,2004-02,29,29,190.89999999999998,187.5,187.49999999999997,194.39571175313299
UPLMET,2004-03,31,31,186.5,110.7,110.7,115.06868687587718
UPLMET,2004-04,30,30,134.6,120.69999999999999,120.99999999999999,125.91483159559054
UPLMET,2004-05,31,31,274.0,172.89999999999998,173.0,185.38890327769766
UPLMET,2004-06,30,30,115.19999999999999,55.8,56.099999999999994,60.16636006193787
UPLMET,2004-07,31,31,6.000000000000001,1.2,1.3,1.462357432507248
UPLMET,2004-08,31,31,158.8,119.5,119.69999999999999,126.2492550730238
UPLMET,2004-09,30,30,172.79999999999998,100.5,100.60000000000001,106.72253392756042
UPLMET,2004-10,31,31,206.9,136.2,136.29999999999998,138.42029833520007
UPLMET,2004-11,30,30,140.60000000000002,103.80000000000001,103.09999999999998,105.06506210587396
UPLMET,2004-12,31,31,353.20000000000005,256.8,256.8,263.9388823437388
UPLMET,2005-01,27,31,149.49999999999997,104.39999999999999,104.3,107.28454410973876
UPLMET,2005-02,28,28,104.80000000000001,88.19999999999999,88.69999999999999,91.96290269829947
UPLMET,2005-03,30,31,267.2,209.0,209.20000000000002,217.46482069105838
UPLMET,2005-04,30,30,211.00000000000006,176.4,176.40000000000003,183.522446034974
UPLMET,2005-05,31,31,262.59999999999997,200.00000000000003,200.20000000000002,214.5074805874348
UPLMET,2005-06,27,30,104.1,54.800000000000004,54.4,58.34248261405489
UPLMET,2005-07,31,31,22.6,12.0,11.7,13.172662667652489
UPLMET,2005-08,24,31,0.0,0.6,0.5,0.5260560849199707
UPLMET,2005-09,30,30,70.9,44.1,44.099999999999994,46.77340029990647
UPLMET,2005-10,29,31,191.89999999999998,131.8,132.1,134.15267833693787
UPLMET,2005-11,30,30,485.40000000000003,338.40000000000003,338.50000000000006,344.9257276885418
UPLMET,2005-12,31,31,539.9,475.50000000000006,475.09999999999997,488.30449648441083
UPLMET,2006-01,30,31,751.1,503.5,504.29999999999995,518.7101473226949
UPLMET,2006-02,28,28,172.39999999999998,170.0,169.9,176.14754900108838
UPLMET,2006-03,31,31,281.19999999999993,188.70000000000002,188.5,195.95330965857465
UPLMET,2006-04,30,30,144.0,128.6,128.5,133.68624225511277
UPLMET,2006-05,31,31,158.29999999999998,109.09999999999998,109.3,117.12916648884281
UPLMET,2006-06,30,30,167.99999999999997,96.89999999999999,96.69999999999999,103.71029504081991
UPLMET,2006-07,30,31,7.300000000000001,3.5,3.5,3.9412403055541665
UPLMET,2006-08,31,31,10.899999999999999,8.9,8.8,9.28086577054781
UPLMET,2006-09,30,30,79.6,40.3,40.1,42.53381568241849
UPLMET,2006-10,31,31,112.59999999999998,78.10000000000001,78.0,79.20229863587062
UPLMET,2006-11,28,30,746.2,575.9000000000001,576.0999999999999,587.0492711694128
UPLMET,2006-12,27,31,376.90000000000003,313.40000000000003,313.2,321.90685018171985
UPLMET,2007-01,22,31,239.70000000000002,166.2,166.39999999999998,171.15122254515862
UPLMET,2007-02,28,28,425.7,285.79999999999995,285.30000000000007,295.78095083700083
UPLMET,2007-03,31,31,264.59999999999997,175.20000000000002,174.60000000000002,181.506581545574
UPLMET,2007-04,30,30,182.59999999999997,137.50000000000003,138.3,143.8902317938803
UPLMET,2007-05,30,31,82.8,57.9,58.2,62.36480373262511
UPLMET,2007-06,30,30,98.99999999999999,60.49999999999999,60.79999999999999,65.20287621689044
UPLMET,2007-07,31,31,24.9,22.8,22.5,25.327279521510636
UPLMET,2007-08,31,31,40.49999999999999,29.8,29.8,31.42634356195539
UPLMET,2007-09,30,30,89.1,67.69999999999999,67.9,72.02248146694839
UPLMET,2007-10,31,31,377.40000000000003,237.4,237.40000000000003,241.10605619822655
UPLMET,2007-11,30,30,380.00000000000006,292.3,292.40000000000003,297.94444869842926
UPLMET,2007-12,31,31,583.6999999999999,481.2999999999999,481.8,495.19208716762034
UPLMET,2008-01,29,31,569.8,326.7,326.5,335.82202148801815
UPLMET,2008-02,19,29,272.3,114.39999999999999,114.00000000000001,118.18802926450554
UPLMET,2008-03,31,31,458.8,307.00000000000006,307.2000000000001,319.33105061534775
UPLMET,2008-04,30,30,302.5,178.5,178.1,185.32640127646536
UPLMET,2008-05,31,31,133.8,96.70000000000002,97.3,104.25780268664553
UPLMET,2008-06,30,30,138.7,59.400000000000006,59.39999999999999,63.71021161682229
UPLMET,2008-07,31,31,2.9,1.9,1.8,2.025440911917339
UPLMET,2008-08,31,31,87.39999999999998,52.199999999999996,52.099999999999994,54.94911402267979
UPLMET,2008-09,30,30,29.7,11.9,11.9,12.615317452172306
UPLMET,2008-10,31,31,151.1,102.80000000000001,102.69999999999999,104.30065262947471
UPLMET,2008-11,30,30,410.0,251.89999999999998,252.10000000000002,256.8826942135709
UPLMET,2008-12,29,31,579.0,369.4,369.7,379.9749722994842
UPLMET,2009-01,31,31,372.79999999999995,214.3,214.49999999999997,220.64523364188744
UPLMET,2009-02,28,28,184.6,151.6,151.3,156.8723135381326
UPLMET,2009-03,31,31,462.2,271.50000000000006,271.4000000000001,282.1156921099547
UPLMET,2009-04,30,30,228.7,159.29999999999998,159.3,165.74434001229267
UPLMET,2009-05,31,31,221.0,158.6,158.8,170.15576832118953
UPLMET,2009-06,29,30,82.8,42.4,42.8,45.896971067414114
UPLMET,2009-07,31,31,9.0,4.1,4.1,4.6156482306004705
UPLMET,2009-08,31,31,23.8,15.7,15.5,16.341747631607124
UPLMET,2009-09,30,30,65.89999999999999,37.9,38.00000000000001,40.30687517610272
UPLMET,2009-10,31,31,266.29999999999995,189.39999999999998,189.8,192.74745919012716
UPLMET,2009-11,30,30,336.5,280.6,281.0,286.34219774111125
UPLMET,2009-12,30,31,256.8,204.09999999999997,204.09999999999997,209.7674113411249
UPLMET,2010-01,31,31,224.89999999999998,186.80000000000004,187.00000000000003,192.32789619492726
UPLMET,2010-02,28,28,149.2,140.7,140.4,145.54852051343482
UPLMET,2010-03,31,31,332.5,231.90000000000006,231.5,240.6429448248305
UPLMET,2010-04,30,30,315.8,205.4,205.7,214.02669656904138
UPLMET,2010-05,31,31,245.70000000000007,152.2,152.3,163.1918642769583
UPLMET,2010-06,30,30,246.2,165.20000000000002,164.9,176.84688054461338
UPLMET,2010-07,31,31,15.899999999999999,4.5,4.6,5.179029335656848
UPLMET,2010-08,31,31,20.5,13.0,13.2,13.921471800984303
UPLMET,2010-09,30,30,161.99999999999997,113.10000000000001,112.5,119.34045043146452
UPLMET,2010-10,31,31,256.1,202.6,203.20000000000005,206.34682379173978
UPLMET,2010-11,30,30,435.9,307.5,307.20000000000005,313.0526292869514
UPLMET,2010-12,29,31,498.79999999999995,401.00000000000006,401.19999999999993,412.34605651202367
UPLMET,2011-01,30,31,366.0,215.89999999999998,216.09999999999997,222.26890472325428
UPLMET,2011-02,28,28,309.20000000000005,228.9,228.3,236.68944357204194
UPLMET,2011-03,31,31,455.59999999999997,332.9,333.0,346.14581030045474
UPLMET,2011-04,30,30,435.5,271.09999999999997,271.4,282.3824649277821
UPLMET,2011-05,31,31,236.1,143.89999999999998,144.39999999999998,154.7272240617033
UPLMET,2011-06,30,30,87.30000000000001,51.00000000000001,51.3,55.02173988692397
UPLMET,2011-07,31,31,67.0,37.8,37.9,42.655880835912484
UPLMET,2011-08,31,31,0.5,0.6,0.5,0.5260560849199707
UPLMET,2011-09,30,30,15.700000000000001,13.8,13.7,14.527309333871372
UPLMET,2011-10,31,31,184.29999999999998,122.2,122.1,124.00304189263626
UPLMET,2011-11,30,30,336.5,252.8,252.50000000000003,257.3030080818926
UPLMET,2011-12,31,31,306.09999999999997,253.6,253.7,260.74198718192565
UPLMET,2012-01,31,31,549.5000000000001,384.09999999999997,385.0,396.0201702269472
UPLMET,2012-02,26,29,399.9,190.2,190.1,197.0770643288377
UPLMET,2012-03,31,31,535.0,482.4,482.7,501.7551865164798
UPLMET,2012-04,30,30,358.9,199.0,199.4,207.4790756966533
UPLMET,2012-05,31,31,146.8,97.4,97.9,104.89383481359488
UPLMET,2012-06,30,30,220.79999999999998,136.49999999999997,136.9,146.8282299513262
UPLMET,2012-07,31,31,15.400000000000002,8.1,8.2,9.229244699758995
UPLMET,2012-08,31,31,1.7000000000000002,2.9,3.0,3.160372454998274
UPLMET,2012-09,30,30,0.7999999999999999,1.7,1.8,1.9036999327442283
UPLMET,2012-10,31,31,429.80000000000007,272.3,272.1,276.3122022596594
UPLMET,2012-11,30,30,358.4,357.0,357.0,363.77093271480794
UPLMET,2012-12,31,31,606.2000000000002,468.4,468.3,481.32251516340585
UPLMET,2013-01,31,31,280.9,164.8,164.90000000000003,169.61482814251588
UPLMET,2013-02,28,28,239.7,115.1,115.79999999999998,120.0589170028122
UPLMET,2013-03,31,31,171.20000000000002,126.1,126.1,131.10137102247023
UPLMET,2013-04,30,30,253.4,183.1,183.6,191.04595676306468
UPLMET,2013-05,31,31,205.20000000000002,133.79999999999998,133.6,143.16010551681816
UPLMET,2013-06,30,30,88.5,59.5,59.199999999999996,63.49239425452788
UPLMET,2013-07,20,31,0.0,0.0,0.0,0.0
UPLMET,2013-08,30,31,52.699999999999996,39.4,39.699999999999996,41.86567859316743
UPLMET,2013-09,29,30,316.2,228.50000000000003,228.6,242.4934651288931
UPLMET,2013-10,29,31,63.7,35.9,36.099999999999994,36.65775390114985
UPLMET,2013-11,30,30,271.0,196.4,196.5,200.2386614057374
UPLMET,2013-12,30,31,160.6,129.39999999999998,129.10000000000002,132.69574321447976
UPLMET,2014-01,31,31,339.9,193.2,193.39999999999998,198.92700866168263
UPLMET,2014-02,28,28,638.5,478.0999999999999,477.4,494.9494874771922
UPLMET,2014-03,30,31,526.0000000000001,441.8,441.8,459.234853805636
UPLMET,2014-04,30,30,277.4,189.29999999999998,188.7,196.34546876443378
UPLMET,2014-05,31,31,228.59999999999997,139.5,139.0,148.9348544782917
UPLMET,2014-06,30,30,128.4,64.0,63.7,68.31312586977889
UPLMET,2014-07,30,31,39.2,17.4,17.299999999999997,19.47377320747793
UPLMET,2014-08,31,31,36.2,22.4,22.4,23.623500592541077
UPLMET,2014-09,30,30,46.99999999999999,49.699999999999996,49.49999999999999,52.513733336629144
UPLMET,2014-10,31,31,291.9,235.99999999999997,235.9,239.55994030474764
UPLMET,2014-11,30,30,529.8,366.5,366.59999999999997,373.55325414488954
UPLMET,2014-12,31,31,502.1000000000001,417.5,417.70000000000005,429.3114857915692
UPLMET,2015-01,31,31,133.89999999999998,116.29999999999998,116.39999999999999,119.73421494601072
UPLMET,2015-02,28,28,200.1,179.1,178.6,185.1540453626579
UPLMET,2015-03,31,31,220.20000000000002,161.1,160.9,167.25287659893277
UPLMET,2015-04,30,30,170.59999999999997,97.7,97.49999999999999,101.44651322073709
UPLMET,2015-05,31,31,88.19999999999999,56.0,56.10000000000001,60.12679268370056
UPLMET,2015-06,30,30,16.900000000000002,11.899999999999999,11.899999999999999,12.762920595511865
UPLMET,2015-07,31,31,17.3,8.899999999999999,9.200000000000001,10.35613278627923
UPLMET,2015-08,31,31,38.199999999999996,25.400000000000002,25.4,26.787982942692903
UPLMET,2015-09,28,30,129.0,49.3,49.3,52.29318225595718
UPLMET,2015-10,31,31,192.1,135.9,136.2,138.33372154490985
UPLMET,2015-11,30,30,396.9,258.0,258.3,263.21773890321396
UPLMET,2015-12,18,31,496.79999999999995,407.0,407.1000000000001,418.41899504360526
UPLMET,2016-01,0,31,0.0,0.0,0.0,0.0
UPLMET,2016-02,25,29,211.9,154.79999999999998,154.5,160.18268628700957
UPLMET,2016-03,31,31,406.60000000000014,324.7,324.5,337.3060215711532
UPLMET,2016-04,30,30,182.89999999999998,126.60000000000001,126.8,131.9235132325902
UPLMET,2016-05,31,31,91.39999999999999,54.6,54.8,58.725853243315456
UPLMET,2016-06,30,30,90.9,47.2,46.8,50.18263741171762
UPLMET,2016-07,31,31,73.80000000000001,34.4,34.5,38.83036627799469
UPLMET,2016-08,31,31,0.7000000000000001,0.0,0.0,0.0
UPLMET,2016-09,29,30,79.0,52.99999999999999,53.400000000000006,56.64609132195486
UPLMET,2016-10,30,31,492.1,446.0,446.3,453.20938320217476
UPLMET,2016-11,28,30,205.4,210.6,211.29999999999998,215.3135119529117
UPLMET,2016-12,27,31,122.5,324.5,324.5,333.52186887844556
UPLMET,2017-01,31,31,217.1,197.5,197.79999999999998,203.4648496021911
UPLMET,2017-02,28,28,379.59999999999997,348.6,348.4,361.19353537406397
UPLMET,2017-03,31,31,517.2,443.9,443.59999999999997,461.1091114656085
UPLMET,2017-04,30,30,322.90000000000003,251.5,251.70000000000002,261.88978969910124
UPLMET,2017-05,31,31,165.2,99.8,100.3,107.49015282214485
UPLMET,2017-06,30,30,85.7,55.4,55.7,59.73800439093951
UPLMET,2017-07,31,31,0.7,0.0,0.0,0.0
UPLMET,2017-08,31,31,3.6,3.5999999999999996,3.5999999999999996,3.79611592286677
UPLMET,2017-09,30,30,228.9,136.1,136.20000000000002,144.4858561605513
UPLMET,2017-10,31,31,348.40000000000003,264.1,263.9,268.0174814589484
UPLMET,2017-11,30,30,470.80000000000007,370.8,370.3,377.32996705685156
UPLMET,2017-12,31,31,193.79999999999998,150.8,150.39999999999998,154.5739281811413
UPLMET,2018-01,31,31,355.50000000000006,270.5,271.0,278.7377501924007
UPLMET,2018-02,28,28,308.69999999999993,194.0,194.1,201.22881841728628
UPLMET,2018-03,31,31,166.59999999999997,155.29999999999998,155.60000000000002,161.7499564275858
UPLMET,2018-04,30,30,305.1,210.6,210.60000000000002,219.11701781796313
UPLMET,2018-05,31,31,28.4,17.4,17.7,18.98258507355506
UPLMET,2018-06,30,30,84.60000000000001,55.400000000000006,55.3,59.31099352353402
UPLMET,2018-07,30,31,0.7,0.0,0.0,0.0
UPLMET,2018-08,31,31,6.399999999999999,6.5,6.6,6.96056839208616
UPLMET,2018-09,30,30,15.799999999999999,12.2,12.5,13.25793636389967
UPLMET,2018-10,31,31,197.2,144.6,145.0,147.24601695921694
UPLMET,2018-11,30,30,229.39999999999998,202.50000000000003,202.40000000000003,206.2669075465142
UPLMET,2018-12,31,31,366.40000000000003,333.20000000000005,333.1000000000001,342.3704424222906
UPLMET,2019-01,31,31,213.6,169.89999999999998,170.1,174.9575295035432
UPLMET,2019-02,28,28,439.90000000000003,345.19999999999993,345.09999999999997,357.7843957907951
UPLMET,2019-03,28,31,113.9,87.19999999999999,87.1,90.54298103721611
UPLMET,2019-04,23,30,369.73,287.29999999999995,286.8,298.4258583225189
UPLMET,2019-05,25,31,71.5,55.2,55.099999999999994,59.03591139015364
UPLMET,2019-06,26,30,28.09,16.599999999999998,16.7,17.910131975696494
UPLMET,2019-07,28,31,0.31,1.4,1.6,1.803659116259096
UPLMET,2019-08,29,31,3.1000000000000005,2.1,2.0,2.1068126027983585
UPLMET,2019-09,23,30,152.97,105.0,105.69999999999999,112.12856889305138
UPLMET,2019-10,25,31,147.3,92.2,92.5,93.94564294960036
UPLMET,2019-11,26,30,11.629999999999999,21.1,21.1,21.492800313248566
UPLMET,2019-12,25,31,121.78999999999999,116.6,116.89999999999999,120.16260512979628
UPLMET,2020-01,23,31,524.63,335.9,335.70000000000005,345.2958395038336
UPLMET,2020-02,22,29,225.31,147.9,148.4,153.84242331749797
UPLMET,2020-03,25,31,118.92999999999999,118.7,119.1,123.80345366239953
UPLMET,2020-04,24,30,127.69,73.20000000000002,73.2,76.16607300776124
UPLMET,2020-05,24,31,136.13,80.20000000000002,79.8,85.50593493734719
UPLMET,2020-06,25,30,124.72,80.3,80.6,86.45030592935203
UPLMET,2020-07,28,31,0.4,0.0,0.0,0.0
UPLMET,2020-08,29,31,0.41000000000000003,0.0,0.0,0.0
UPLMET,2020-09,25,30,69.44,33.5,33.8,35.85343385334298
UPLMET,2020-10,25,31,123.91,77.8,77.89999999999999,79.10078630183085
UPLMET,2020-11,23,30,216.37,189.10000000000002,188.9,192.49091069774278
UPLMET,2020-12,24,31,297.27,208.7,208.0,213.77995441843515
UPLMET,2021-01,25,31,144.95,151.1,151.6,155.93545176714318
UPLMET,2021-02,21,28,397.09000000000003,272.8,273.1,283.13747546316995
UPLMET,2021-03,23,31,99.80000000000001,66.9,66.39999999999999,69.02576893115112
UPLMET,2021-04,27,30,31.869999999999997,13.9,14.0,14.565667615165589
UPLMET,2021-05,25,31,123.24000000000001,63.5,63.2,67.72514710506141
UPLMET,2021-06,26,30,16.700000000000003,14.5,14.5,15.548234814365482
UPLMET,2021-07,29,31,0.0,1.6,1.6,1.803659116259096
UPLMET,2021-08,29,31,2.1,5.0,4.8,5.061327400749738
UPLMET,2021-09,27,30,84.50000000000001,46.699999999999996,46.79999999999999,49.65352138837699
UPLMET,2021-10,22,31,128.56,119.69999999999997,119.5,121.36958121567885
UPLMET,2021-11,20,30,196.08000000000004,178.9,178.79999999999998,182.20785428194807
UPLMET,2021-12,23,31,393.56999999999994,297.40000000000003,297.40000000000003,305.6684217711735
UPLMET,2022-01,25,31,179.47,127.89999999999999,128.0,131.6702450762176
UPLMET,2022-02,23,28,65.64,58.10000000000001,57.9,60.03687363226
UPLMET,2022-03,24,31,145.6,145.1,145.0,150.7336528899492
UPLMET,2022-04,22,30,300.7,194.5,194.50000000000003,202.37442113652622
UPLMET,2022-05,25,31,246.20000000000002,184.1,184.0,197.1598656154778
UPLMET,2022-06,25,30,201.75,114.39999999999998,114.39999999999999,122.70295121146756
UPLMET,2022-07,26,31,10.599999999999998,7.2,7.1,7.992672658874981
UPLMET,2022-08,28,31,0.3,2.9,2.8,2.9541456585578243
UPLMET,2022-09,6,30,0.30000000000000004,0.0,0.0,0.0
UPLMET,2022-10,0,31,0.0,0.0,0.0,0.0
UPLMET,2022-11,0,30,0.0,0.0,0.0,0.0
UPLMET,2022-12,0,31,0.0,0.0,0.0,0.0
UPLMET,2023-01,0,31,0.0,0.0,0.0,0.0
UPLMET,2023-02,0,28,0.0,0.0,0.0,0.0
UPLMET,2023-03,13,31,149.39,78.9,78.8,81.91834881089008
UPLMET,2023-04,8,30,118.9,80.69999999999999,81.2,84.48592792409545
UPLMET,2023-05,20,31,0.21,0.9,1.0,1.0694490404713737
UPLMET,2023-06,26,30,20.280000000000005,12.100000000000001,12.200000000000001,13.089833003759267
UPLMET,2023-07,28,31,0.29999999999999993,0.0,0.0,0.0
UPLMET,2023-08,28,31,1.3800000000000001,2.7,2.8,2.9614149063958815
UPLMET,2023-09,27,30,34.28,46.9,47.4,50.26968551812496
UPLMET,2023-10,26,31,222.17000000000002,126.89999999999999,127.19999999999999,129.18371778326252
UPLMET,2023-11,22,30,189.07000000000002,171.4,171.7,174.9761395497341
UPLMET,2023-12,25,31,491.09,336.6,337.1,346.4699756596605
UPLMET,2024-01,23,31,511.55999999999995,397.9,397.20000000000005,408.53566313449505
UPLMET,2024-02,23,29,243.49,166.8,166.8,172.9207339107701
UPLMET,2024-03,26,31,192.64000000000001,168.4,168.4,175.05080180229925
UPLMET,2024-04,24,30,156.83,88.6,88.3,91.86024079081318
UPLMET,2024-05,26,31,139.09,86.9,87.0,93.21630411233272
UPLMET,2024-06,27,30,36.699999999999996,20.8,21.2,22.740101012963937
UPLMET,2024-07,27,31,1.4000000000000001,0.4,0.5,0.5631077962392734
UPLMET,2024-08,26,31,23.309999999999995,20.2,20.1,21.204385571326792
UPLMET,2024-09,26,30,30.100000000000005,27.5,27.700000000000003,29.381453856098247
UPLMET,2024-10,26,31,138.90000000000003,104.7,104.80000000000001,106.42589353571691
UPLMET,2024-11,23,30,368.37000000000006,321.90000000000003,321.8,327.9217191619455
UPLMET,2024-12,24,31,319.83000000000004,287.5,287.7,295.69306560897337
UPLMET,2025-01,25,31,132.09,83.3,83.4,85.78852203050191
UPLMET,2025-02,22,28,308.43,134.6,134.7,139.66123254813627
UPLMET,2025-03,24,31,337.84,289.2,289.5,300.9200325104937
UPLMET,2025-04,24,30,59.620000000000005,47.2,47.3,49.21977839522054
UPLMET,2025-05,24,31,50.37,29.4,29.0,31.078686909836485
UPLMET,2025-06,28,30,40.00000000000001,17.0,17.0,18.23303441244392
UPLMET,2025-07,29,31,0.35,0.0,0.0,0.0
UPLMET,2025-08,27,31,20.28,14.400000000000002,14.3,15.091348443117212
UPLMET,2025-09,25,30,10.139999999999999,16.9,17.1,18.141866441864707
UPLMET,2025-10,24,31,157.88000000000002,118.7,118.9,120.74960891276606
UPLMET,2025-11,24,30,142.66,112.39999999999999,112.9,115.05190436168553
UPLMET,2025-12,23,31,424.69999999999993,344.90000000000003,344.1,353.6635188362037
VARMET,1998-11,17,30,424.8,376.0,376.1,383.2494910314917
VARMET,1998-12,10,31,360.5,406.49999999999994,406.19999999999993,417.4802339199294
VARMET,1999-01,31,31,377.4,335.80000000000007,335.80000000000007,345.4102952367391
VARMET,1999-02,28,28,493.29999999999995,482.09999999999997,482.7999999999999,500.5146811362305
VARMET,1999-03,31,31,185.1,224.79999999999998,225.0,233.87820505327022
VARMET,1999-04,30,30,86.00000000000001,93.5,93.4,97.17923400583989
VARMET,1999-05,31,31,232.4,160.99999999999997,160.79999999999998,172.30571753568609
VARMET,1999-06,30,30,65.0,50.8,51.199999999999996,54.906416736770346
VARMET,1999-07,31,31,25.6,12.3,12.3,13.83951590538425
VARMET,1999-08,31,31,108.00000000000001,81.3,80.8,85.22309545137499
VARMET,1999-09,30,30,0.3,3.0,3.0999999999999996,3.2865973422068158
VARMET,1999-10,31,31,127.5,114.6,114.5,116.28068232167172
VARMET,1999-11,22,30,353.20000000000005,335.59999999999997,335.5,341.8749955812073
VARMET,1999-12,22,31,217.3,154.4,154.4,158.6898343507033
VARMET,2000-01,31,31,475.7,411.1,412.0,423.7553103194099
VARMET,2000-02,29,29,262.8,245.49999999999997,246.0,255.05503996407367
VARMET,2000-03,31,31,162.0,171.40000000000003,171.9,178.68850817901955
VARMET,2000-04,30,30,143.59999999999997,109.99999999999999,110.1,114.55988008084017
VARMET,2000-05,31,31,162.29999999999998,139.79999999999998,140.09999999999997,150.1180483787023
VARMET,2000-06,30,30,101.7,76.80000000000001,76.7,82.25360294787757
VARMET,2000-07,31,31,15.9,13.1,12.899999999999999,14.519114395905735
VARMET,2000-08,31,31,1.2,2.0,2.0,2.110152042713244
VARMET,2000-09,30,30,47.6,38.099999999999994,38.5,40.825587883917
VARMET,2000-10,25,31,88.5,49.900000000000006,50.199999999999996,50.995143287250656
VARMET,2000-11,30,30,120.0,140.1,140.20000000000002,142.8731664851204
VARMET,2000-12,31,31,222.09999999999997,204.5,204.70000000000002,210.38699216170022
VARMET,2001-01,31,31,116.6,100.50000000000001,100.39999999999999,103.28085008395625
VARMET,2001-02,28,28,73.39999999999999,78.70000000000002,79.0,81.90182270096005
VARMET,2001-03,28,31,196.6,182.89999999999998,183.1,190.32807482419278
VARMET,2001-04,30,30,190.79999999999998,171.8,172.0,178.9838836271723
VARMET,2001-05,31,31,93.79999999999998,94.6,94.4,101.16241805968158
VARMET,2001-06,30,30,106.89999999999999,81.69999999999999,81.7,87.6250327029842
VARMET,2001-07,31,31,28.6,18.599999999999998,18.5,20.821851402459323
VARMET,2001-08,31,31,22.3,21.199999999999996,21.4,22.566168799153868
VARMET,2001-09,30,30,36.1,26.7,27.0,28.632486178476906
VARMET,2001-10,31,31,234.69999999999996,182.7,183.1,185.9323833552202
VARMET,2001-11,30,30,357.40000000000003,357.09999999999997,357.29999999999995,364.09013327104844
VARMET,2001-12,31,31,427.4,463.7,463.3,476.1843130606776
VARMET,2002-01,31,31,486.90000000000003,376.7,376.6,387.36644386471244
VARMET,2002-02,13,28,41.4,52.1,51.89999999999999,53.80281720278358
VARMET,2002-03,31,31,267.70000000000005,255.4,255.90000000000006,266.0014112544633
VARMET,2002-04,30,30,217.1,197.60000000000002,197.79999999999998,205.80144245784987
VARMET,2002-05,31,31,88.8,55.10000000000001,55.199999999999996,59.14740939238262
VARMET,2002-06,30,30,56.7,49.0,48.79999999999999,52.33683220026226
VARMET,2002-07,31,31,9.8,1.7,1.8,2.025440911917339
VARMET,2002-08,31,31,25.3,17.1,17.5,18.450531673902667
VARMET,2002-09,30,30,50.900000000000006,43.0,43.3,45.92520651753717
VARMET,2002-10,31,31,27.000000000000004,18.1,18.1,18.392935520304547
VARMET,2002-11,30,30,195.20000000000002,175.9,176.1,179.4453515476517
VARMET,2002-12,31,31,369.49999999999994,386.6,386.8,397.5557598591158
VARMET,2003-01,31,31,385.6,337.7,336.90000000000003,346.52640676546633
VARMET,2003-02,28,28,172.00000000000003,148.6,148.6,154.06221064010012
VARMET,2003-03,24,31,256.4,253.4,253.29999999999998,263.29174036790545
VARMET,2003-04,30,30,242.10000000000002,205.20000000000002,204.70000000000002,212.9970863331681
VARMET,2003-05,25,31,57.9,41.6,42.39999999999999,45.440684001351705
VARMET,2003-06,30,30,12.299999999999999,7.200000000000001,7.1,7.612748070759849
VARMET,2003-07,31,31,0.7,0.0,0.0,0.0
VARMET,2003-08,31,31,21.099999999999998,21.4,21.299999999999997,22.472297967459856
VARMET,2003-09,30,30,88.60000000000001,74.49999999999999,74.4,78.91314756782238
VARMET,2003-10,29,31,141.39999999999998,109.3,109.20000000000002,110.92940883264166
VARMET,2003-11,30,30,306.2,281.2,281.30000000000007,286.65125723427303
VARMET,2003-12,31,31,472.5,436.4,436.70000000000005,448.82779101411046
VARMET,2004-01,31,31,398.99999999999994,346.6,346.79999999999995,356.7066372159944
VARMET,2004-02,29,29,208.99999999999997,187.5,187.49999999999997,194.39571175313299
VARMET,2004-03,31,31,126.3,110.7,110.7,115.06868687587718
VARMET,2004-04,30,30,137.69999999999996,120.69999999999999,120.99999999999999,125.91483159559054
VARMET,2004-05,29,31,180.1,149.8,149.9,160.63491226137336
VARMET,2004-06,30,30,95.9,55.8,56.099999999999994,60.16636006193787
VARMET,2004-07,31,31,4.4,1.2,1.3,1.462357432507248
VARMET,2004-08,31,31,144.89999999999998,119.5,119.69999999999999,126.2492550730238
VARMET,2004-09,30,30,134.20000000000002,100.5,100.60000000000001,106.72253392756042
VARMET,2004-10,31,31,157.8,136.2,136.29999999999998,138.42029833520007
VARMET,2004-11,30,30,117.19999999999999,103.80000000000001,103.09999999999998,105.06506210587396
VARMET,2004-12,31,31,247.70000000000002,256.8,256.8,263.9388823437388
VARMET,2005-01,31,31,135.39999999999998,115.7,115.5,118.80785893176206
VARMET,2005-02,28,28,84.0,88.19999999999999,88.69999999999999,91.96290269829947
VARMET,2005-03,31,31,255.39999999999998,254.70000000000002,254.90000000000003,264.96963727630487
VARMET,2005-04,30,30,165.6,176.4,176.40000000000003,183.522446034974
VARMET,2005-05,31,31,281.90000000000003,200.00000000000003,200.20000000000002,214.5074805874348
VARMET,2005-06,28,30,101.69999999999999,64.4,64.1,68.74584336180767
VARMET,2005-07,31,31,24.200000000000003,12.0,11.7,13.172662667652489
VARMET,2005-08,31,31,4.3,3.8000000000000003,3.8,4.005198725506885
VARMET,2005-09,30,30,57.199999999999996,44.1,44.099999999999994,46.77340029990647
VARMET,2005-10,29,31,165.9,131.8,132.1,134.15267833693787
VARMET,2005-11,30,30,331.6,338.40000000000003,338.50000000000006,344.9257276885418
VARMET,2005-12,31,31,501.4999999999999,475.50000000000006,475.09999999999997,488.30449648441083
VARMET,2006-01,31,31,652.5,510.90000000000003,511.6999999999999,526.319507006411
VARMET,2006-02,28,28,125.4,170.0,169.9,176.14754900108838
VARMET,2006-03,24,31,158.5,148.10000000000002,148.1,153.96006372237002
VARMET,2006-04,25,30,78.4,63.800000000000004,63.8,66.36256200473072
VARMET,2006-05,31,31,124.10000000000001,109.09999999999998,109.3,117.12916648884281
VARMET,2006-06,30,30,129.3,96.89999999999999,96.69999999999999,103.71029504081991
VARMET,2006-07,31,31,14.299999999999999,6.4,6.3,7.090724559876657
VARMET,2006-08,31,31,13.6,8.9,8.8,9.28086577054781
VARMET,2006-09,30,30,70.6,40.3,40.1,42.53381568241849
VARMET,2006-10,31,31,88.09999999999998,78.10000000000001,78.0,79.20229863587062
VARMET,2006-11,30,30,699.1,624.6,624.7999999999998,636.6725721562804
VARMET,2006-12,31,31,398.99999999999994,349.9,349.5,359.2114063430972
VARMET,2007-01,31,31,210.4,200.20000000000002,200.39999999999998,206.1224187630313
VARMET,2007-02,28,28,345.80000000000007,285.79999999999995,285.30000000000007,295.78095083700083
VARMET,2007-03,31,31,192.3,175.20000000000002,174.60000000000002,181.506581545574
VARMET,2007-04,30,30,138.7,137.50000000000003,138.3,143.8902317938803
VARMET,2007-05,31,31,75.8,65.1,65.30000000000001,69.97225272483507
VARMET,2007-06,30,30,86.89999999999999,60.49999999999999,60.79999999999999,65.20287621689044
VARMET,2007-07,31,31,19.9,22.8,22.5,25.327279521510636
VARMET,2007-08,31,31,36.400000000000006,29.8,29.8,31.42634356195539
VARMET,2007-09,30,30,82.4,67.69999999999999,67.9,72.02248146694839
VARMET,2007-10,31,31,311.59999999999997,237.4,237.40000000000003,241.10605619822655
VARMET,2007-11,30,30,331.09999999999997,292.3,292.40000000000003,297.94444869842926
VARMET,2007-12,31,31,488.79999999999995,481.2999999999999,481.8,495.19208716762034
VARMET,2008-01,31,31,494.3,385.00000000000006,384.70000000000005,395.68705842644744
VARMET,2008-02,29,29,282.00000000000006,185.4,185.1,191.90167633957495
VARMET,2008-03,16,31,166.5,124.4,124.5,129.41652602503177
VARMET,2008-04,0,30,0.0,0.0,0.0,0.0
VARMET,2008-05,0,31,0.0,0.0,0.0,0.0
VARMET,2008-06,0,30,0.0,0.0,0.0,0.0
VARMET,2008-07,31,31,8.0,1.9,1.8,2.025440911917339
VARMET,2008-08,13,31,2.0,8.9,9.0,9.4982715492021
VARMET,2008-09,0,30,0.0,0.0,0.0,0.0
VARMET,2008-10,22,31,15.200000000000001,18.0,17.8,18.08903967822765
VARMET,2008-11,30,30,324.69999999999993,251.89999999999998,252.10000000000002,256.8826942135709
VARMET,2008-12,31,31,489.8999999999999,415.1,415.40000000000003,426.94609782483724
VARMET,2009-01,31,31,260.6,214.3,214.49999999999997,220.64523364188744
VARMET,2009-02,28,28,176.0,151.6,151.3,156.8723135381326
VARMET,2009-03,31,31,320.3,271.50000000000006,271.4000000000001,282.1156921099547
VARMET,2009-04,30,30,165.70000000000002,159.29999999999998,159.3,165.74434001229267
VARMET,2009-05,31,31,217.2,158.6,158.8,170.15576832118953
VARMET,2009-06,30,30,76.0,48.400000000000006,48.9,52.438660462060255
VARMET,2009-07,31,31,8.200000000000001,4.1,4.1,4.6156482306004705
VARMET,2009-08,31,31,17.0,15.7,15.5,16.341747631607124
VARMET,2009-09,30,30,70.7,37.9,38.00000000000001,40.30687517610272
VARMET,2009-10,31,31,220.20000000000002,189.39999999999998,189.8,192.74745919012716
VARMET,2009-11,30,30,262.1,280.6,281.0,286.34219774111125
VARMET,2009-12,31,31,286.70000000000005,222.10000000000002,222.10000000000002,228.26561707945905
VARMET,2010-01,31,31,241.3,186.80000000000004,187.00000000000003,192.32789619492726
VARMET,2010-02,28,28,161.00000000000003,140.7,140.4,145.54852051343482
VARMET,2010-03,31,31,295.59999999999997,231.90000000000006,231.5,240.6429448248305
VARMET,2010-04,30,30,260.79999999999995,205.4,205.7,214.02669656904138
VARMET,2010-05,31,31,212.4,152.2,152.3,163.1918642769583
VARMET,2010-06,30,30,240.99999999999997,165.20000000000002,164.9,176.84688054461338
VARMET,2010-07,31,31,11.2,4.5,4.6,5.179029335656848
VARMET,2010-08,31,31,22.2,13.0,13.2,13.921471800984303
VARMET,2010-09,30,30,151.3,113.10000000000001,112.5,119.34045043146452
VARMET,2010-10,31,31,240.4,202.6,203.20000000000005,206.34682379173978
VARMET,2010-11,30,30,395.1,307.5,307.20000000000005,313.0526292869514
VARMET,2010-12,31,31,459.59999999999997,410.70000000000005,410.79999999999995,422.21428792817187
VARMET,2011-01,31,31,285.1,218.20000000000002,218.4,224.6310141433692
VARMET,2011-02,28,28,247.70000000000005,228.9,228.3,236.68944357204194
VARMET,2011-03,31,31,410.9,332.9,333.0,346.14581030045474
VARMET,2011-04,30,30,236.20000000000002,271.09999999999997,271.4,282.3824649277821
VARMET,2011-05,31,31,206.79999999999998,143.89999999999998,144.39999999999998,154.7272240617033
VARMET,2011-06,30,30,90.19999999999999,51.00000000000001,51.3,55.02173988692397
VARMET,2011-07,31,31,62.599999999999994,37.8,37.9,42.655880835912484
VARMET,2011-08,31,31,0.6,0.6,0.5,0.5260560849199707
VARMET,2011-09,30,30,18.1,13.8,13.7,14.527309333871372
VARMET,2011-10,31,31,151.7,122.2,122.1,124.00304189263626
VARMET,2011-11,30,30,281.1,252.8,252.50000000000003,257.3030080818926
VARMET,2011-12,31,31,257.6,253.6,253.7,260.74198718192565
VARMET,2012-01,31,31,485.1,384.09999999999997,385.0,396.0201702269472
VARMET,2012-02,29,29,254.5,200.8,200.5,207.85969411930122
VARMET,2012-03,31,31,524.7,482.4,482.7,501.7551865164798
VARMET,2012-04,30,30,284.2,199.0,199.4,207.4790756966533
VARMET,2012-05,31,31,127.1,97.4,97.9,104.89383481359488
VARMET,2012-06,30,30,222.70000000000002,136.49999999999997,136.9,146.8282299513262
VARMET,2012-07,31,31,16.400000000000002,8.1,8.2,9.229244699758995
VARMET,2012-08,31,31,2.6000000000000005,2.9,3.0,3.160372454998274
VARMET,2012-09,30,30,2.7,1.7,1.8,1.9036999327442283
VARMET,2012-10,31,31,347.1000000000001,272.3,272.1,276.3122022596594
VARMET,2012-11,30,30,359.99999999999994,357.0,357.0,363.77093271480794
VARMET,2012-12,31,31,573.6999999999999,468.4,468.3,481.32251516340585
VARMET,2013-01,31,31,249.0,164.8,164.90000000000003,169.61482814251588
VARMET,2013-02,28,28,191.8,115.1,115.79999999999998,120.0589170028122
VARMET,2013-03,31,31,131.50000000000003,126.1,126.1,131.10137102247023
VARMET,2013-04,30,30,221.89999999999998,183.1,183.6,191.04595676306468
VARMET,2013-05,31,31,190.2,133.79999999999998,133.6,143.16010551681816
VARMET,2013-06,30,30,99.0,59.5,59.199999999999996,63.49239425452788
VARMET,2013-07,16,31,1.1,0.0,0.0,0.0
VARMET,2013-08,30,31,47.50000000000001,42.199999999999996,42.499999999999986,44.819824251725265
VARMET,2013-09,30,30,358.09999999999997,230.70000000000002,230.9,244.93319440490234
VARMET,2013-10,31,31,80.10000000000001,45.699999999999996,46.0,46.71020911395542
VARMET,2013-11,30,30,213.60000000000002,196.4,196.5,200.2386614057374
VARMET,2013-12,16,31,81.0,47.39999999999999,47.300000000000004,48.61629352780179
VARMET,2014-01,30,31,218.0,191.5,191.6,197.07196914005968
VARMET,2014-02,4,28,22.200000000000003,14.4,14.2,14.726880873430986
VARMET,2014-03,25,31,466.59999999999997,435.40000000000003,435.40000000000003,452.58448092092175
VARMET,2014-04,30,30,229.49999999999997,189.29999999999998,188.7,196.34546876443378
VARMET,2014-05,31,31,169.89999999999998,139.5,139.0,148.9348544782917
VARMET,2014-06,30,30,98.49999999999999,64.0,63.7,68.31312586977889
VARMET,2014-07,31,31,42.0,17.4,17.299999999999997,19.473773207477933
VARMET,2014-08,31,31,18.9,22.4,22.4,23.623500592541077
VARMET,2014-09,30,30,63.900000000000006,49.699999999999996,49.49999999999999,52.513733336629144
VARMET,2014-10,24,31,286.7,236.00000000000003,235.89999999999998,239.5599403047476
VARMET,2014-11,30,30,386.4,366.5,366.59999999999997,373.55325414488954
VARMET,2014-12,25,31,325.9,333.6,334.1,343.38949538122284
VARMET,2015-01,31,31,133.1,116.29999999999998,116.39999999999999,119.73421494601072
VARMET,2015-02,28,28,197.0,179.1,178.6,185.1540453626579
VARMET,2015-03,31,31,171.89999999999998,161.1,160.9,167.25287659893277
VARMET,2015-04,30,30,112.39999999999999,97.7,97.49999999999999,101.44651322073709
VARMET,2015-05,23,31,42.50000000000001,31.900000000000002,31.7,33.970480850194974
VARMET,2015-06,30,30,19.700000000000003,11.899999999999999,11.899999999999999,12.762920595511865
VARMET,2015-07,31,31,7.000000000000001,8.899999999999999,9.200000000000001,10.35613278627923
VARMET,2015-08,31,31,26.2,25.400000000000002,25.4,26.787982942692903
VARMET,2015-09,30,30,83.19999999999997,49.300000000000004,49.3,52.29318225595718
VARMET,2015-10,31,31,170.6,135.9,136.2,138.33372154490985
VARMET,2015-11,26,30,264.0,245.70000000000002,246.10000000000002,250.79314306886616
VARMET,2015-12,16,31,419.7,378.0,377.90000000000003,388.4069040186638
VARMET,2016-01,21,31,336.69999999999993,242.9,242.9,249.8423879867484
VARMET,2016-02,29,29,215.9,187.99999999999997,187.79999999999995,194.71535489395046
VARMET,2016-03,31,31,363.49999999999994,324.7,324.5,337.3060215711532
VARMET,2016-04,30,30,142.19999999999996,126.60000000000001,126.8,131.9235132325902
VARMET,2016-05,30,31,69.2,52.5,52.8,56.58231204065739
VARMET,2016-06,30,30,53.00000000000001,47.2,46.8,50.18263741171762
VARMET,2016-07,31,31,69.60000000000001,34.4,34.5,38.83036627799469
VARMET,2016-08,31,31,0.9000000000000001,0.0,0.0,0.0
VARMET,2016-09,30,30,71.6,52.99999999999999,53.400000000000006,56.64609132195486
VARMET,2016-10,20,31,407.6,359.0,359.2,364.75115488938553
VARMET,2016-11,29,30,271.8,246.7,247.39999999999998,252.10142506839452
VARMET,2016-12,20,31,378.1000000000001,333.90000000000003,333.59999999999997,342.8693967333294
VARMET,2017-01,12,31,134.2,145.0,145.3,149.45591633809124
VARMET,2017-02,12,28,131.99999999999997,120.60000000000001,120.89999999999999,125.33728197343852
VARMET,2017-03,4,31,84.6,83.3,83.2,86.48607212057411
VARMET,2017-04,12,30,109.80000000000001,143.5,143.50000000000003,149.30712536809534
VARMET,2017-05,29,31,110.9,82.8,83.19999999999999,89.16675538429031
VARMET,2017-06,28,30,70.0,55.4,55.7,59.73800439093951
VARMET,2017-07,31,31,0.0,0.0,0.0,0.0
VARMET,2017-08,9,31,0.0,0.0,0.0,0.0
VARMET,2017-09,23,30,151.9,130.6,130.6,138.5456903097844
VARMET,2017-10,31,31,305.40000000000003,264.1,263.9,268.0174814589484
VARMET,2017-11,28,30,389.29999999999995,342.20000000000005,341.6,348.086615734115
VARMET,2017-12,31,31,163.39999999999998,150.8,150.39999999999998,154.5739281811413
VARMET,2018-01,31,31,334.0,270.5,271.0,278.7377501924007
VARMET,2018-02,27,28,215.39999999999998,173.4,173.5,179.873838850182
VARMET,2018-03,31,31,187.59999999999997,155.29999999999998,155.60000000000002,161.7499564275858
VARMET,2018-04,30,30,257.3,210.6,210.60000000000002,219.11701781796313
VARMET,2018-05,31,31,25.900000000000002,17.4,17.7,18.98258507355506
VARMET,2018-06,30,30,82.60000000000001,55.400000000000006,55.3,59.31099352353402
VARMET,2018-07,30,31,0.30000000000000004,0.0,0.0,0.0
VARMET,2018-08,21,31,12.899999999999999,6.5,6.6,6.96056839208616
VARMET,2018-09,30,30,14.700000000000003,12.2,12.5,13.25793636389967
VARMET,2018-10,26,31,127.73999999999998,92.5,93.0,94.44195315730369
VARMET,2018-11,25,30,124.4,128.4,128.20000000000002,130.6492418288907
VARMET,2018-12,23,31,235.78999999999996,223.49999999999997,223.29999999999998,229.51613381126282
VARMET,2019-01,25,31,166.51999999999998,132.6,132.8,136.59521169404707
VARMET,2019-02,19,28,289.33,218.79999999999998,218.89999999999998,226.94189518156824
VARMET,2019-03,28,31,23.47,94.9,94.7,98.43960843145805
VARMET,2019-04,17,30,320.12,258.8,258.8,269.29048685609587
VARMET,2019-05,12,31,58.88,51.0,50.79999999999999,54.42633177252183
VARMET,2019-06,5,30,21.810000000000002,23.7,23.6,25.30665272136078
VARMET,2019-07,13,31,17.56,1.4,1.6,1.803659116259096
VARMET,2019-08,23,31,20.049999999999994,15.8,15.799999999999999,16.65899569536287
VARMET,2019-09,9,30,70.4,51.6,51.9,55.05260317582948
VARMET,2019-10,26,31,98.6,98.0,98.3,99.83703411614889
VARMET,2019-11,25,30,58.599999999999994,47.4,47.199999999999996,48.094427099977956
VARMET,2019-12,26,31,58.410000000000004,165.1,165.2,169.80371636546118
VARMET,2020-01,20,31,246.56999999999996,273.59999999999997,273.5,281.3231943840043
VARMET,2020-02,22,29,89.10000000000002,116.6,117.0,121.29612380861171
VARMET,2020-03,22,31,102.57,102.69999999999999,103.1,107.17094044055226
VARMET,2020-04,22,30,35.03,24.7,24.7,25.688583888701476
VARMET,2020-05,17,31,56.72,46.8,46.49999999999999,49.82087085007776
VARMET,2020-06,21,30,19.3,29.500000000000004,29.900000000000002,32.073817787242994
VARMET,2020-07,16,31,6.33,0.0,0.0,0.0
VARMET,2020-08,2,31,3.07,1.5,1.5,1.5807565178783878
VARMET,2020-09,18,30,42.68,33.5,33.8,35.853433853342985
VARMET,2020-10,1,31,2.7,0.0,0.0,0.0
VARMET,2020-11,0,30,0.0,0.0,0.0,0.0
VARMET,2020-12,0,31,0.0,0.0,0.0,0.0
VARMET,2021-01,0,31,0.0,0.0,0.0,0.0
VARMET,2021-02,1,28,1.7,16.9,17.0,17.623548775585444
VARMET,2021-03,14,31,3.4,79.19999999999999,79.3,82.43210085289802
VARMET,2021-04,28,30,0.6,32.9,33.300000000000004,34.647922049068534
VARMET,2021-05,21,31,0.8999999999999999,64.10000000000001,63.70000000000001,68.2642089466405
VARMET,2021-06,0,30,0.0,0.0,0.0,0.0
VARMET,2021-07,5,31,1.7000000000000002,0.0,0.0,0.0
VARMET,2021-08,0,31,0.0,0.0,0.0,0.0
VARMET,2021-09,0,30,0.0,0.0,0.0,0.0
VARMET,2021-10,20,31,116.72,127.19999999999997,127.1,129.08177016426612
VARMET,2021-11,24,30,30.5,182.9,182.8,186.28374644296576
VARMET,2021-12,21,31,148.3,303.00000000000006,303.59999999999997,312.04053875833836
VARMET,2022-01,0,31,0.0,0.0,0.0,0.0
VARMET,2022-02,0,28,0.0,0.0,0.0,0.0
VARMET,2022-03,0,31,0.0,0.0,0.0,0.0
VARMET,2022-04,0,30,0.0,0.0,0.0,0.0
VARMET,2022-05,0,31,0.0,0.0,0.0,0.0
VARMET,2022-06,0,30,0.0,0.0,0.0,0.0
VARMET,2022-07,16,31,0.49000000000000005,7.2,7.1,7.992672658874981
VARMET,2022-08,29,31,0.0,2.9,2.8,2.9541456585578243
VARMET,2022-09,25,30,19.97,15.799999999999999,15.799999999999999,16.751838061019736
VARMET,2022-10,21,31,10.76,53.50000000000001,53.6,54.45009187790802
VARMET,2022-11,27,30,38.53,250.9,250.40000000000003,255.1819944410559
VARMET,2022-12,25,31,100.11999999999999,276.20000000000005,276.0,283.6658832927384
VARMET,2023-01,26,31,19.13,108.3,108.0,111.08775164873295
VARMET,2023-02,22,28,98.97999999999999,77.5,77.8,80.6643946469539
VARMET,2023-03,23,31,213.27999999999997,178.9,178.9,185.96916723202943
VARMET,2023-04,24,30,89.24000000000001,202.60000000000002,203.1,211.33037282985686
VARMET,2023-05,26,31,32.949999999999996,26.4,26.5,28.402858760496084
VARMET,2023-06,26,30,18.080000000000002,8.700000000000001,8.9,9.550062460650869
VARMET,2023-07,28,31,0.15000000000000002,0.0,0.0,0.0
VARMET,2023-08,29,31,17.080000000000002,6.3,6.3,6.65298779446686
VARMET,2023-09,24,30,37.519999999999996,45.9,46.1,48.89069620221545
VARMET,2023-10,23,31,64.06,71.9,72.1,73.2151677177129
VARMET,2023-11,21,30,102.48,168.1,168.10000000000002,171.29799873018285
VARMET,2023-12,22,31,351.15000000000003,322.5,322.8,331.7697170219208
VARMET,2024-01,21,31,165.1,294.4,294.09999999999997,302.49352909812114
VARMET,2024-02,23,29,148.82999999999998,156.1,156.3,162.03667634333013
VARMET,2024-03,23,31,99.80000000000001,138.9,138.89999999999998,144.3848235181714
VARMET,2024-04,25,30,100.10999999999999,88.6,88.29999999999998,91.8602407908132
VARMET,2024-05,24,31,130.99,91.80000000000001,92.00000000000001,98.57583392895471
VARMET,2024-06,27,30,6.0200000000000005,21.0,21.2,22.740101012963937
VARMET,2024-07,30,31,4.5,2.6999999999999997,2.8,3.1497188625810493
VARMET,2024-08,23,31,7.0,7.699999999999999,7.7,8.12863800025868
VARMET,2024-09,14,30,0.36999999999999994,1.2,1.3,1.3774647385568621
VARMET,2024-10,27,31,117.6,104.7,104.80000000000001,106.42589353571691
VARMET,2024-11,23,30,294.33,281.5,281.1,286.4560453132863
VARMET,2024-12,22,31,306.16999999999996,314.80000000000007,315.1000000000001,323.8539486259555
VARMET,2025-01,26,31,129.56,84.5,84.7,87.12403886891838
VARMET,2025-02,22,28,270.69000000000005,129.2,129.6,134.3733793643149
VARMET,2025-03,24,31,310.5,288.7,289.0,300.3989227272426
VARMET,2025-04,26,30,69.9,50.699999999999996,50.89999999999999,52.96685462059428
VARMET,2025-05,27,31,67.1,50.10000000000001,49.8,53.36463835402333
VARMET,2025-06,27,30,25.440000000000005,17.0,17.0,18.23303441244392
VARMET,2025-07,30,31,0.0,0.0,0.0,0.0
VARMET,2025-08,29,31,13.900000000000002,11.500000000000002,11.500000000000002,12.137682789689856
VARMET,2025-09,23,30,7.0200000000000005,12.8,13.0,13.794831015016843
VARMET,2025-10,24,31,145.04000000000002,128.0,128.0,129.99129103228188
VARMET,2025-11,23,30,104.54,93.5,93.79999999999998,95.58688519965189
VARMET,2025-12,25,31,448.26000000000005,377.7,376.9,387.3742276631213
