date,wepp_hillslope_area_weighted_mm,hillslope_min_mm,hillslope_max_mm
1986-01-01,35.28013093993736,31.0,42.7
1986-01-02,12.237327923004829,10.8,14.8
1986-01-03,5.966613259656421,5.2,7.2
1986-01-04,5.966613259656421,5.2,7.2
1986-01-05,18.821760509044918,16.5,22.8
1986-01-06,0.5173249538504329,0.5,0.6
1986-01-07,0.0,0.0,0.0
1986-01-08,16.764670695373482,14.7,20.3
1986-01-09,10.69590803797736,9.4,13.0
1986-01-10,3.3932089499384506,3.0,4.1
1986-01-11,0.0,0.0,0.0
1986-01-12,2.056949563330548,1.8,2.5
1986-01-13,0.82673967614764,0.7,1.0
1986-01-14,0.0,0.0,0.0
1986-01-15,35.28013093993736,31.0,42.7
1986-01-16,33.43008245321835,29.4,40.5
1986-01-17,5.450563412801506,4.8,6.6
1986-01-18,8.640122719170732,7.6,10.5
1986-01-19,9.156123421344887,8.0,11.1
1986-01-20,5.24453352161597,4.6,6.4
1986-01-21,1.5440290380230377,1.4,1.9
1986-01-22,42.069464762981454,37.0,51.0
1986-01-23,10.182609543854227,8.9,12.3
1986-01-24,0.0,0.0,0.0
1986-01-25,0.0,0.0,0.0
1986-01-26,0.0,0.0,0.0
1986-01-27,9.977258345918143,8.8,12.1
1986-01-28,4.73390948196664,4.2,5.7
1986-01-29,8.128704562149975,7.1,9.8
1986-01-30,3.9050578025103193,3.4,4.7
1986-01-31,1.8550395216229574,1.6,2.2
1986-02-01,5.805320823940508,5.2,6.8
1986-02-02,8.917254405004872,8.0,10.5
1986-02-03,7.153212567585161,6.4,8.4
1986-02-04,13.165063364654383,11.7,15.5
1986-02-05,6.324606276837453,5.6,7.4
1986-02-06,0.0,0.0,0.0
1986-02-07,0.0,0.0,0.0
1986-02-08,0.0,0.0,0.0
1986-02-09,0.0,0.0,0.0
1986-02-10,1.3505209767182442,1.2,1.6
1986-02-11,16.068061248956365,14.3,18.9
1986-02-12,55.77674935945055,49.8,65.5
1986-02-13,24.779682990441664,22.1,29.1
1986-02-14,12.64875719027284,11.3,14.9
1986-02-15,35.766571246431944,31.9,42.0
1986-02-16,66.35069994720958,59.2,77.9
1986-02-17,63.758241365901135,56.9,74.9
1986-02-18,46.34317098734198,41.3,54.4
1986-02-19,10.263873330642493,9.2,12.1
1986-02-20,14.514968020610432,12.9,17.0
1986-02-21,32.137953365435116,28.7,37.7
1986-02-22,78.4808925151415,70.0,92.2
1986-02-23,41.36917401736191,36.9,48.6
1986-02-24,11.092944114623663,9.9,13.0
1986-02-25,8.70709110837035,7.8,10.2
1986-02-26,0.0,0.0,0.0
1986-02-27,0.0,0.0,0.0
1986-02-28,0.0,0.0,0.0
1986-03-01,0.0,0.0,0.0
1986-03-02,0.0,0.0,0.0
1986-03-03,0.0,0.0,0.0
1986-03-04,0.0,0.0,0.0
1986-03-05,1.0384788123748134,0.9,1.2
1986-03-06,10.811377650740914,9.4,12.5
1986-03-07,45.11273693928802,39.2,52.3
1986-03-08,15.278713530348085,13.3,17.7
1986-03-09,11.639477493806424,10.1,13.5
1986-03-10,10.811377650740914,9.4,12.5
1986-03-11,14.032948165578183,12.2,16.3
1986-03-12,13.203727496932967,11.5,15.3
1986-03-13,3.9532228598700514,3.4,4.6
1986-03-14,1.0384788123748134,0.9,1.2
1986-03-15,1.3508969830772564,1.2,1.6
1986-03-16,2.0823911234136716,1.8,2.4
1986-03-17,4.470516802987741,3.9,5.2
1986-03-18,0.0,0.0,0.0
1986-03-19,1.0384788123748134,0.9,1.2
1986-03-20,0.0,0.0,0.0
1986-03-21,7.172051484869441,6.2,8.3
1986-03-22,12.889638797290347,11.2,14.9
1986-03-23,24.325956450247105,21.1,28.2
1986-03-24,10.082362700446085,8.8,11.7
1986-03-25,0.3087252518630193,0.3,0.4
1986-03-26,0.0,0.0,0.0
1986-03-27,0.0,0.0,0.0
1986-03-28,0.0,0.0,0.0
1986-03-29,0.5238379522193082,0.5,0.6
1986-03-30,8.212704351406293,7.1,9.5
1986-03-31,4.470516802987741,3.9,5.2
1986-04-01,7.179342608710873,6.1,9.0
1986-04-02,1.3514360839475588,1.1,1.7
1986-04-03,1.034243375508953,0.9,1.3
1986-04-04,0.0,0.0,0.0
1986-04-05,0.0,0.0,0.0
1986-04-06,0.0,0.0,0.0
1986-04-07,0.0,0.0,0.0
1986-04-08,0.32029541273972606,0.3,0.4
1986-04-09,0.0,0.0,0.0
1986-04-10,1.3514360839475588,1.1,1.7
1986-04-11,7.38579487378253,6.2,9.2
1986-04-12,17.165310382757085,14.5,21.4
1986-04-13,9.260911528113365,7.8,11.6
1986-04-14,1.5608411735542735,1.3,1.9
1986-04-15,12.173956782068801,10.3,15.2
1986-04-16,15.814876905154339,13.3,19.8
1986-04-17,3.1218410465007196,2.6,3.9
1986-04-18,0.32029541273972606,0.3,0.4
1986-04-19,0.0,0.0,0.0
1986-04-20,0.0,0.0,0.0
1986-04-21,2.083391119136104,1.8,2.6
1986-04-22,1.034243375508953,0.9,1.3
1986-04-23,0.0,0.0,0.0
1986-04-24,3.4292735504833476,2.9,4.3
1986-04-25,15.607399173240868,13.2,19.5
1986-04-26,18.521046065452467,15.6,23.1
1986-04-27,38.08135348183067,32.1,47.6
1986-04-28,10.091867049214006,8.5,12.6
1986-04-29,5.302730613059362,4.5,6.6
1986-04-30,0.0,0.0,0.0
1986-05-01,2.6797440976178812,2.2,3.3
1986-05-02,14.679133135243855,12.1,18.1
1986-05-03,5.143727487463542,4.2,6.3
1986-05-04,6.213476447467664,5.1,7.7
1986-05-05,12.001061055551528,9.9,14.8
1986-05-06,1.3942838977888599,1.1,1.7
1986-05-07,0.5419813631275823,0.4,0.7
1986-05-08,0.0,0.0,0.0
1986-05-09,6.213476447467664,5.1,7.7
1986-05-10,9.000533706563626,7.4,11.1
1986-05-11,6.003747110070403,4.9,7.4
1986-05-12,3.858928684490235,3.2,4.8
1986-05-13,2.999324070842921,2.5,3.7
1986-05-14,0.0,0.0,0.0
1986-05-15,0.0,0.0,0.0
1986-05-16,0.0,0.0,0.0
1986-05-17,0.0,0.0,0.0
1986-05-18,0.0,0.0,0.0
1986-05-19,2.999324070842921,2.5,3.7
1986-05-20,11.678919436454299,9.6,14.4
1986-05-21,8.143805358786539,6.7,10.1
1986-05-22,0.5419813631275823,0.4,0.7
1986-05-23,0.0,0.0,0.0
1986-05-24,0.0,0.0,0.0
1986-05-25,0.0,0.0,0.0
1986-05-26,0.0,0.0,0.0
1986-05-27,0.0,0.0,0.0
1986-05-28,0.0,0.0,0.0
1986-05-29,0.5419813631275823,0.4,0.7
1986-05-30,2.464533267900699,2.0,3.0
1986-05-31,2.464533267900699,2.0,3.0
1986-06-01,0.0,0.0,0.0
1986-06-02,1.0689166253413362,0.8,1.4
1986-06-03,0.0,0.0,0.0
1986-06-04,0.0,0.0,0.0
1986-06-05,0.0,0.0,0.0
1986-06-06,0.5365764392684496,0.4,0.7
1986-06-07,0.0,0.0,0.0
1986-06-08,0.0,0.0,0.0
1986-06-09,0.0,0.0,0.0
1986-06-10,0.0,0.0,0.0
1986-06-11,0.0,0.0,0.0
1986-06-12,0.0,0.0,0.0
1986-06-13,0.8622663219491368,0.6,1.1
1986-06-14,0.5365764392684496,0.4,0.7
1986-06-15,0.0,0.0,0.0
1986-06-16,2.465632032986512,1.9,3.2
1986-06-17,9.54481068677459,7.2,12.3
1986-06-18,8.151219699433282,6.2,10.5
1986-06-19,0.5365764392684496,0.4,0.7
1986-06-20,0.0,0.0,0.0
1986-06-21,0.0,0.0,0.0
1986-06-22,0.0,0.0,0.0
1986-06-23,0.0,0.0,0.0
1986-06-24,0.0,0.0,0.0
1986-06-25,0.0,0.0,0.0
1986-06-26,0.0,0.0,0.0
1986-06-27,0.0,0.0,0.0
1986-06-28,0.8622663219491368,0.6,1.1
1986-06-29,0.0,0.0,0.0
1986-06-30,0.0,0.0,0.0
1986-07-01,0.0,0.0,0.0
1986-07-02,0.0,0.0,0.0
1986-07-03,0.33622085258061896,0.2,0.5
1986-07-04,26.00201349027283,17.7,36.9
1986-07-05,0.33622085258061896,0.2,0.5
1986-07-06,0.0,0.0,0.0
1986-07-07,1.1251558446872005,0.8,1.6
1986-07-08,0.0,0.0,0.0
1986-07-09,1.6890662546574464,1.2,2.4
1986-07-10,5.402989415697647,3.7,7.7
1986-07-11,0.33622085258061896,0.2,0.5
1986-07-12,0.0,0.0,0.0
1986-07-13,0.0,0.0,0.0
1986-07-14,0.0,0.0,0.0
1986-07-15,1.1251558446872005,0.8,1.6
1986-07-16,2.2513670322506725,1.5,3.2
1986-07-17,0.5631077962392734,0.4,0.8
1986-07-18,0.0,0.0,0.0
1986-07-19,0.0,0.0,0.0
1986-07-20,0.0,0.0,0.0
1986-07-21,0.0,0.0,0.0
1986-07-22,0.0,0.0,0.0
1986-07-23,0.0,0.0,0.0
1986-07-24,0.0,0.0,0.0
1986-07-25,0.0,0.0,0.0
1986-07-26,0.0,0.0,0.0
1986-07-27,0.0,0.0,0.0
1986-07-28,0.0,0.0,0.0
1986-07-29,0.0,0.0,0.0
1986-07-30,0.0,0.0,0.0
1986-07-31,0.0,0.0,0.0
1986-08-01,0.0,0.0,0.0
1986-08-02,0.8419702643089455,0.7,1.1
1986-08-03,0.0,0.0,0.0
1986-08-04,0.0,0.0,0.0
1986-08-05,0.0,0.0,0.0
1986-08-06,0.0,0.0,0.0
1986-08-07,0.0,0.0,0.0
1986-08-08,0.0,0.0,0.0
1986-08-09,0.0,0.0,0.0
1986-08-10,0.0,0.0,0.0
1986-08-11,0.0,0.0,0.0
1986-08-12,0.0,0.0,0.0
1986-08-13,0.0,0.0,0.0
1986-08-14,0.0,0.0,0.0
1986-08-15,0.0,0.0,0.0
1986-08-16,0.0,0.0,0.0
1986-08-17,0.0,0.0,0.0
1986-08-18,0.0,0.0,0.0
1986-08-19,0.0,0.0,0.0
1986-08-20,0.0,0.0,0.0
1986-08-21,0.0,0.0,0.0
1986-08-22,0.0,0.0,0.0
1986-08-23,0.0,0.0,0.0
1986-08-24,0.0,0.0,0.0
1986-08-25,0.0,0.0,0.0
1986-08-26,0.0,0.0,0.0
1986-08-27,0.5260560849199707,0.4,0.7
1986-08-28,0.8419702643089455,0.7,1.1
1986-08-29,4.323503114999858,3.5,5.4
1986-08-30,0.0,0.0,0.0
1986-08-31,0.0,0.0,0.0
1986-09-01,0.0,0.0,0.0
1986-09-02,0.0,0.0,0.0
1986-09-03,0.0,0.0,0.0
1986-09-04,0.0,0.0,0.0
1986-09-05,0.0,0.0,0.0
1986-09-06,0.0,0.0,0.0
1986-09-07,0.0,0.0,0.0
1986-09-08,3.496735502417137,3.1,4.2
1986-09-09,1.5904123774391157,1.4,1.9
1986-09-10,0.0,0.0,0.0
1986-09-11,0.0,0.0,0.0
1986-09-12,0.0,0.0,0.0
1986-09-13,1.5904123774391157,1.4,1.9
1986-09-14,12.413568225783475,10.9,14.8
1986-09-15,14.533456619798788,12.7,17.4
1986-09-16,9.441020556128851,8.3,11.3
1986-09-17,18.3505737410049,16.0,22.0
1986-09-18,3.8166825072724366,3.3,4.6
1986-09-19,11.03227930910164,9.6,13.2
1986-09-20,5.940165850766898,5.2,7.1
1986-09-21,0.0,0.0,0.0
1986-09-22,2.121066352878236,1.9,2.5
1986-09-23,35.856811175854034,31.4,42.9
1986-09-24,26.094981570703894,22.8,31.2
1986-09-25,35.32483768018559,30.9,42.3
1986-09-26,20.156955638456196,17.6,24.1
1986-09-27,4.879720427321824,4.3,5.8
1986-09-28,1.5904123774391157,1.4,1.9
1986-09-29,11.03227930910164,9.6,13.2
1986-09-30,0.5285506219599676,0.5,0.6
1986-10-01,1.3176596539264918,1.2,1.5
1986-10-02,0.5175549971932952,0.5,0.6
1986-10-03,0.0,0.0,0.0
1986-10-04,0.0,0.0,0.0
1986-10-05,0.0,0.0,0.0
1986-10-06,0.0,0.0,0.0
1986-10-07,0.0,0.0,0.0
1986-10-08,0.0,0.0,0.0
1986-10-09,0.0,0.0,0.0
1986-10-10,0.0,0.0,0.0
1986-10-11,0.0,0.0,0.0
1986-10-12,0.0,0.0,0.0
1986-10-13,0.0,0.0,0.0
1986-10-14,0.0,0.0,0.0
1986-10-15,0.0,0.0,0.0
1986-10-16,0.0,0.0,0.0
1986-10-17,5.68812405507796,5.1,6.6
1986-10-18,0.3010862083023276,0.3,0.4
1986-10-19,0.0,0.0,0.0
1986-10-20,0.0,0.0,0.0
1986-10-21,0.0,0.0,0.0
1986-10-22,0.0,0.0,0.0
1986-10-23,1.3176596539264918,1.2,1.5
1986-10-24,0.0,0.0,0.0
1986-10-25,5.178924838924272,4.6,6.0
1986-10-26,26.30192235359216,23.5,30.4
1986-10-27,4.8749661296643065,4.4,5.6
1986-10-28,8.733252375739843,7.8,10.1
1986-10-29,19.905522999419986,17.8,23.0
1986-10-30,18.583685373340714,16.6,21.4
1986-10-31,6.3976762554603885,5.7,7.4
1986-11-01,0.0,0.0,0.0
1986-11-02,0.302296498719456,0.3,0.4
1986-11-03,0.0,0.0,0.0
1986-11-04,0.0,0.0,0.0
1986-11-05,7.743270187727425,6.9,8.9
1986-11-06,10.598079016209075,9.4,12.2
1986-11-07,28.93923556633575,25.6,33.4
1986-11-08,13.758165910914073,12.2,15.9
1986-11-09,18.34272831133613,16.3,21.2
1986-11-10,0.0,0.0,0.0
1986-11-11,0.0,0.0,0.0
1986-11-12,0.0,0.0,0.0
1986-11-13,4.380074056451028,3.9,5.1
1986-11-14,10.598079016209075,9.4,12.2
1986-11-15,1.5258792711716984,1.4,1.8
1986-11-16,24.557923787524274,21.8,28.4
1986-11-17,11.615257190713658,10.3,13.4
1986-11-18,10.907079539345796,9.7,12.6
1986-11-19,10.39635035643077,9.2,12.0
1986-11-20,48.09533354758179,42.6,55.5
1986-11-21,34.44157074928716,30.5,39.8
1986-11-22,27.919792563438858,24.7,32.2
1986-11-23,31.28366950062598,27.7,36.1
1986-11-24,15.793869866792292,14.0,18.2
1986-11-25,1.0240170631193637,0.9,1.2
1986-11-26,55.4317958721211,49.1,64.0
1986-11-27,53.294168648361456,47.2,61.5
1986-11-28,17.120178355958345,15.2,19.8
1986-11-29,0.0,0.0,0.0
1986-11-30,0.5142478839346346,0.5,0.6
1986-12-01,0.5159429092965292,0.5,0.6
1986-12-02,0.0,0.0,0.0
1986-12-03,0.0,0.0,0.0
1986-12-04,1.0278570715099267,0.9,1.2
1986-12-05,3.6990880029868527,3.3,4.4
1986-12-06,0.0,0.0,0.0
1986-12-07,0.8250214686548502,0.7,1.0
1986-12-08,0.0,0.0,0.0
1986-12-09,0.0,0.0,0.0
1986-12-10,0.0,0.0,0.0
1986-12-11,8.635908866062204,7.7,10.2
1986-12-12,4.9326543195384165,4.4,5.8
1986-12-13,16.138245534733667,14.4,19.1
1986-12-14,7.811420459070519,7.0,9.2
1986-12-15,0.0,0.0,0.0
1986-12-16,0.0,0.0,0.0
1986-12-17,1.85205960147241,1.7,2.2
1986-12-18,3.0834608467539826,2.8,3.7
1986-12-19,0.8250214686548502,0.7,1.0
1986-12-20,0.0,0.0,0.0
1986-12-21,3.6990880029868527,3.3,4.4
1986-12-22,13.567435834281282,12.1,16.1
1986-12-23,4.9326543195384165,4.4,5.8
1986-12-24,3.3916154874201805,3.0,4.0
1986-12-25,6.479167453744556,5.8,7.7
1986-12-26,7.605978973436665,6.8,9.0
1986-12-27,0.0,0.0,0.0
1986-12-28,11.206899476605313,10.0,13.3
1986-12-29,18.8085945101305,16.8,22.3
1986-12-30,0.5159429092965292,0.5,0.6
1986-12-31,12.025209572242906,10.7,14.2
1987-01-01,37.64636151565781,33.1,45.6
1987-01-02,2.8774864463963143,2.5,3.5
1987-01-03,13.372033830923293,11.8,16.2
1987-01-04,6.790395379822047,6.0,8.2
1987-01-05,1.3363819911659414,1.2,1.6
1987-01-06,0.0,0.0,0.0
1987-01-07,0.0,0.0,0.0
1987-01-08,0.0,0.0,0.0
1987-01-09,0.0,0.0,0.0
1987-01-10,0.3045858088395509,0.3,0.4
1987-01-11,2.5706361405943094,2.3,3.1
1987-01-12,10.69590803797736,9.4,13.0
1987-01-13,7.301791497573494,6.4,8.8
1987-01-14,5.24453352161597,4.6,6.4
1987-01-15,0.3045858088395509,0.3,0.4
1987-01-16,0.0,0.0,0.0
1987-01-17,0.0,0.0,0.0
1987-01-18,0.0,0.0,0.0
1987-01-19,0.0,0.0,0.0
1987-01-20,0.0,0.0,0.0
1987-01-21,0.0,0.0,0.0
1987-01-22,2.8774864463963143,2.5,3.5
1987-01-23,18.307616137349243,16.1,22.2
1987-01-24,31.885987290856736,28.0,38.6
1987-01-25,41.24797048844044,36.2,50.0
1987-01-26,11.72730863019517,10.3,14.2
1987-01-27,15.941627028689512,14.0,19.3
1987-01-28,4.216668448442297,3.7,5.1
1987-01-29,1.3363819911659414,1.2,1.6
1987-01-30,11.72730863019517,10.3,14.2
1987-01-31,24.583882980639174,21.6,29.8
1987-02-01,55.256902932945266,49.3,64.9
1987-02-02,18.140744424443643,16.2,21.3
1987-02-03,0.5239073418766915,0.5,0.6
1987-02-04,0.0,0.0,0.0
1987-02-05,0.0,0.0,0.0
1987-02-06,0.0,0.0,0.0
1987-02-07,0.0,0.0,0.0
1987-02-08,0.0,0.0,0.0
1987-02-09,0.0,0.0,0.0
1987-02-10,1.0367530930161,0.9,1.2
1987-02-11,6.8431118001732,6.1,8.0
1987-02-12,16.068061248956365,14.3,18.9
1987-02-13,29.23551009716577,26.1,34.3
1987-02-14,6.530893311879317,5.8,7.7
1987-02-15,13.47734128828125,12.0,15.8
1987-02-16,18.972298158481003,16.9,22.3
1987-02-17,9.433617559199659,8.4,11.1
1987-02-18,7.153212567585161,6.4,8.4
1987-02-19,0.0,0.0,0.0
1987-02-20,0.3042251560095856,0.3,0.4
1987-02-21,3.7325287517035575,3.3,4.4
1987-02-22,6.01253031970965,5.4,7.1
1987-02-23,6.01253031970965,5.4,7.1
1987-02-24,0.0,0.0,0.0
1987-02-25,0.0,0.0,0.0
1987-02-26,0.0,0.0,0.0
1987-02-27,0.0,0.0,0.0
1987-02-28,0.0,0.0,0.0
1987-03-01,3.9532228598700514,3.4,4.6
1987-03-02,4.78047062452259,4.2,5.5
1987-03-03,4.263132612662233,3.7,4.9
1987-03-04,1.873251012795772,1.6,2.2
1987-03-05,15.593304112757208,13.5,18.1
1987-03-06,3.4307457259997194,3.0,4.0
1987-03-07,1.3508969830772564,1.2,1.6
1987-03-08,3.9532228598700514,3.4,4.6
1987-03-09,7.3806102087384415,6.4,8.6
1987-03-10,8.212704351406293,7.1,9.5
1987-03-11,16.321533757143417,14.2,18.9
1987-03-12,26.92294663447018,23.4,31.2
1987-03-13,16.631325783763867,14.4,19.3
1987-03-14,7.689955869542807,6.7,8.9
1987-03-15,6.548456640533559,5.7,7.6
1987-03-16,3.4307457259997194,3.0,4.0
1987-03-17,29.31180635118223,25.5,34.0
1987-03-18,13.203727496932967,11.5,15.3
1987-03-19,1.873251012795772,1.6,2.2
1987-03-20,1.0384788123748134,0.9,1.2
1987-03-21,0.3087252518630193,0.3,0.4
1987-03-22,0.0,0.0,0.0
1987-03-23,22.451012208014788,19.5,26.0
1987-03-24,0.0,0.0,0.0
1987-03-25,1.5599796257167495,1.4,1.8
1987-03-26,0.0,0.0,0.0
1987-03-27,0.0,0.0,0.0
1987-03-28,0.0,0.0,0.0
1987-03-29,0.0,0.0,0.0
1987-03-30,0.0,0.0,0.0
1987-03-31,0.0,0.0,0.0
1987-04-01,1.3514360839475588,1.1,1.7
1987-04-02,0.5219298615397068,0.4,0.6
1987-04-03,4.787811694680544,4.0,6.0
1987-04-04,2.3929175267652467,2.0,3.0
1987-04-05,4.475355174441331,3.8,5.6
1987-04-06,1.3514360839475588,1.1,1.7
1987-04-07,1.8721610461114937,1.6,2.3
1987-04-08,6.349270676349731,5.4,7.9
1987-04-09,0.0,0.0,0.0
1987-04-10,16.96250922085215,14.3,21.2
1987-04-11,5.513429741980058,4.6,6.9
1987-04-12,3.4292735504833476,2.9,4.3
1987-04-13,0.0,0.0,0.0
1987-04-14,0.0,0.0,0.0
1987-04-15,0.0,0.0,0.0
1987-04-16,2.083391119136104,1.8,2.6
1987-04-17,9.260911528113365,7.8,11.6
1987-04-18,4.475355174441331,3.8,5.6
1987-04-19,4.991679632975555,4.2,6.2
1987-04-20,0.0,0.0,0.0
1987-04-21,0.0,0.0,0.0
1987-04-22,0.0,0.0,0.0
1987-04-23,0.0,0.0,0.0
1987-04-24,0.0,0.0,0.0
1987-04-25,0.0,0.0,0.0
1987-04-26,0.0,0.0,0.0
1987-04-27,1.3514360839475588,1.1,1.7
1987-04-28,0.0,0.0,0.0
1987-04-29,2.916511558036748,2.5,3.6
1987-04-30,9.778760725633513,8.2,12.2
1987-05-01,12.7515345251464,10.5,15.7
1987-05-02,5.679343599735129,4.7,7.0
1987-05-03,6.213476447467664,5.1,7.7
1987-05-04,0.0,0.0,0.0
1987-05-05,0.0,0.0,0.0
1987-05-06,0.0,0.0,0.0
1987-05-07,0.0,0.0,0.0
1987-05-08,0.8559445063639596,0.7,1.1
1987-05-09,0.0,0.0,0.0
1987-05-10,0.0,0.0,0.0
1987-05-11,7.928685629831507,6.5,9.8
1987-05-12,12.001061055551528,9.9,14.8
1987-05-13,0.0,0.0,0.0
1987-05-14,0.0,0.0,0.0
1987-05-15,0.0,0.0,0.0
1987-05-16,0.0,0.0,0.0
1987-05-17,0.0,0.0,0.0
1987-05-18,0.0,0.0,0.0
1987-05-19,0.0,0.0,0.0
1987-05-20,0.0,0.0,0.0
1987-05-21,0.5419813631275823,0.4,0.7
1987-05-22,0.8559445063639596,0.7,1.1
1987-05-23,2.999324070842921,2.5,3.7
1987-05-24,5.143727487463542,4.2,6.3
1987-05-25,8.463292605120653,7.0,10.4
1987-05-26,0.5419813631275823,0.4,0.7
1987-05-27,0.0,0.0,0.0
1987-05-28,0.0,0.0,0.0
1987-05-29,1.0694490404713735,0.9,1.3
1987-05-30,18.75251901060448,15.4,23.1
1987-05-31,15.001471662861318,12.3,18.5
1987-06-01,1.3936602121000896,1.1,1.8
1987-06-02,0.0,0.0,0.0
1987-06-03,0.0,0.0,0.0
1987-06-04,0.0,0.0,0.0
1987-06-05,0.0,0.0,0.0
1987-06-06,0.0,0.0,0.0
1987-06-07,1.3936602121000896,1.1,1.8
1987-06-08,0.0,0.0,0.0
1987-06-09,0.32234129497515424,0.2,0.4
1987-06-10,0.0,0.0,0.0
1987-06-11,0.0,0.0,0.0
1987-06-12,0.0,0.0,0.0
1987-06-13,0.0,0.0,0.0
1987-06-14,3.217496032066214,2.4,4.2
1987-06-15,0.0,0.0,0.0
1987-06-16,0.0,0.0,0.0
1987-06-17,0.0,0.0,0.0
1987-06-18,0.0,0.0,0.0
1987-06-19,0.5365764392684496,0.4,0.7
1987-06-20,10.403360747752782,7.9,13.4
1987-06-21,5.683145036547243,4.3,7.3
1987-06-22,0.0,0.0,0.0
1987-06-23,0.0,0.0,0.0
1987-06-24,0.0,0.0,0.0
1987-06-25,0.0,0.0,0.0
1987-06-26,0.0,0.0,0.0
1987-06-27,0.0,0.0,0.0
1987-06-28,1.0689166253413362,0.8,1.4
1987-06-29,0.0,0.0,0.0
1987-06-30,1.611074474052649,1.2,2.1
1987-07-01,0.0,0.0,0.0
1987-07-02,0.0,0.0,0.0
1987-07-03,0.5631077962392734,0.4,0.8
1987-07-04,0.0,0.0,0.0
1987-07-05,0.33622085258061896,0.2,0.5
1987-07-06,0.0,0.0,0.0
1987-07-07,0.0,0.0,0.0
1987-07-08,0.0,0.0,0.0
1987-07-09,0.9018295581295481,0.6,1.3
1987-07-10,0.9018295581295481,0.6,1.3
1987-07-11,0.0,0.0,0.0
1987-07-12,0.0,0.0,0.0
1987-07-13,0.0,0.0,0.0
1987-07-14,0.0,0.0,0.0
1987-07-15,0.0,0.0,0.0
1987-07-16,5.182113600702645,3.5,7.4
1987-07-17,38.04474869796229,25.9,54.0
1987-07-18,34.33081492463595,23.4,48.8
1987-07-19,2.815522512560947,1.9,4.0
1987-07-20,6.302973090736255,4.3,9.0
1987-07-21,8.890652086125657,6.1,12.6
1987-07-22,18.006196006116724,12.3,25.6
1987-07-23,5.402989415697647,3.7,7.7
1987-07-24,2.586611066341776,1.8,3.7
1987-07-25,0.0,0.0,0.0
1987-07-26,0.0,0.0,0.0
1987-07-27,0.0,0.0,0.0
1987-07-28,0.0,0.0,0.0
1987-07-29,0.0,0.0,0.0
1987-07-30,0.0,0.0,0.0
1987-07-31,0.0,0.0,0.0
1987-08-01,0.0,0.0,0.0
1987-08-02,0.0,0.0,0.0
1987-08-03,0.0,0.0,0.0
1987-08-04,0.0,0.0,0.0
1987-08-05,0.0,0.0,0.0
1987-08-06,0.0,0.0,0.0
1987-08-07,0.0,0.0,0.0
1987-08-08,0.0,0.0,0.0
1987-08-09,0.0,0.0,0.0
1987-08-10,0.0,0.0,0.0
1987-08-11,0.0,0.0,0.0
1987-08-12,0.0,0.0,0.0
1987-08-13,2.9541456585578243,2.4,3.7
1987-08-14,0.3252067787626667,0.3,0.4
1987-08-15,0.0,0.0,0.0
1987-08-16,0.0,0.0,0.0
1987-08-17,0.0,0.0,0.0
1987-08-18,0.0,0.0,0.0
1987-08-19,0.0,0.0,0.0
1987-08-20,0.0,0.0,0.0
1987-08-21,0.0,0.0,0.0
1987-08-22,0.0,0.0,0.0
1987-08-23,0.5260560849199707,0.4,0.7
1987-08-24,0.0,0.0,0.0
1987-08-25,0.0,0.0,0.0
1987-08-26,0.0,0.0,0.0
1987-08-27,0.0,0.0,0.0
1987-08-28,0.0,0.0,0.0
1987-08-29,0.0,0.0,0.0
1987-08-30,0.0,0.0,0.0
1987-08-31,1.5807565178783878,1.3,2.0
1987-09-01,0.0,0.0,0.0
1987-09-02,0.0,0.0,0.0
1987-09-03,0.0,0.0,0.0
1987-09-04,0.0,0.0,0.0
1987-09-05,0.0,0.0,0.0
1987-09-06,0.0,0.0,0.0
1987-09-07,0.0,0.0,0.0
1987-09-08,0.0,0.0,0.0
1987-09-09,0.0,0.0,0.0
1987-09-10,0.0,0.0,0.0
1987-09-11,0.0,0.0,0.0
1987-09-12,0.0,0.0,0.0
1987-09-13,1.5904123774391157,1.4,1.9
1987-09-14,4.879720427321824,4.3,5.8
1987-09-15,0.31328755530511265,0.3,0.4
1987-09-16,0.0,0.0,0.0
1987-09-17,0.0,0.0,0.0
1987-09-18,0.0,0.0,0.0
1987-09-19,0.0,0.0,0.0
1987-09-20,0.0,0.0,0.0
1987-09-21,0.0,0.0,0.0
1987-09-22,0.0,0.0,0.0
1987-09-23,0.0,0.0,0.0
1987-09-24,0.0,0.0,0.0
1987-09-25,1.5904123774391157,1.4,1.9
1987-09-26,2.4397292760092695,2.1,2.9
1987-09-27,0.0,0.0,0.0
1987-09-28,0.0,0.0,0.0
1987-09-29,0.0,0.0,0.0
1987-09-30,0.0,0.0,0.0
1987-10-01,0.0,0.0,0.0
1987-10-02,0.0,0.0,0.0
1987-10-03,0.0,0.0,0.0
1987-10-04,0.0,0.0,0.0
1987-10-05,0.0,0.0,0.0
1987-10-06,0.0,0.0,0.0
1987-10-07,0.0,0.0,0.0
1987-10-08,0.0,0.0,0.0
1987-10-09,0.0,0.0,0.0
1987-10-10,0.0,0.0,0.0
1987-10-11,0.0,0.0,0.0
1987-10-12,0.0,0.0,0.0
1987-10-13,0.0,0.0,0.0
1987-10-14,0.0,0.0,0.0
1987-10-15,0.0,0.0,0.0
1987-10-16,0.0,0.0,0.0
1987-10-17,0.0,0.0,0.0
1987-10-18,0.0,0.0,0.0
1987-10-19,0.0,0.0,0.0
1987-10-20,0.0,0.0,0.0
1987-10-21,0.0,0.0,0.0
1987-10-22,0.0,0.0,0.0
1987-10-23,0.0,0.0,0.0
1987-10-24,0.0,0.0,0.0
1987-10-25,0.0,0.0,0.0
1987-10-26,0.0,0.0,0.0
1987-10-27,0.0,0.0,0.0
1987-10-28,0.8162745007890809,0.7,0.9
1987-10-29,0.0,0.0,0.0
1987-10-30,0.0,0.0,0.0
1987-10-31,3.3501062926579213,3.0,3.9
1987-11-01,3.869254915635428,3.4,4.5
1987-11-02,0.5142478839346346,0.5,0.6
1987-11-03,0.0,0.0,0.0
1987-11-04,0.0,0.0,0.0
1987-11-05,0.0,0.0,0.0
1987-11-06,0.0,0.0,0.0
1987-11-07,0.0,0.0,0.0
1987-11-08,0.5142478839346346,0.5,0.6
1987-11-09,3.0575216635127496,2.7,3.5
1987-11-10,0.0,0.0,0.0
1987-11-11,23.5415877322103,20.9,27.2
1987-11-12,17.830441899513016,15.8,20.6
1987-11-13,32.91572283986998,29.2,38.0
1987-11-14,9.577953561680781,8.5,11.1
1987-11-15,13.246775014407405,11.7,15.3
1987-11-16,3.0575216635127496,2.7,3.5
1987-11-17,0.0,0.0,0.0
1987-11-18,0.0,0.0,0.0
1987-11-19,0.8224105197339383,0.7,0.9
1987-11-20,3.3630467396754944,3.0,3.9
1987-11-21,7.539009111578265,6.7,8.7
1987-11-22,13.449327672489567,11.9,15.5
1987-11-23,13.246775014407405,11.7,15.3
1987-11-24,18.851064823729434,16.7,21.8
1987-11-25,0.8224105197339383,0.7,0.9
1987-11-26,0.0,0.0,0.0
1987-11-27,0.0,0.0,0.0
1987-11-28,0.0,0.0,0.0
1987-11-29,0.0,0.0,0.0
1987-11-30,22.51812970146725,20.0,26.0
1987-12-01,72.86842206505227,65.0,86.3
1987-12-02,41.52349908886175,37.0,49.2
1987-12-03,39.9812217164207,35.7,47.3
1987-12-04,8.12046016766563,7.2,9.6
1987-12-05,11.514542926713736,10.3,13.6
1987-12-06,22.201812939289464,19.8,26.3
1987-12-07,6.2698070941075645,5.6,7.4
1987-12-08,18.8085945101305,16.8,22.3
1987-12-09,99.18308680121895,88.5,117.4
1987-12-10,38.849267984094375,34.7,46.0
1987-12-11,2.5674047941606695,2.3,3.0
1987-12-12,0.0,0.0,0.0
1987-12-13,0.5159429092965292,0.5,0.6
1987-12-14,5.960342085900678,5.3,7.1
1987-12-15,3.0834608467539826,2.8,3.7
1987-12-16,2.05771316793035,1.8,2.4
1987-12-17,0.0,0.0,0.0
1987-12-18,0.0,0.0,0.0
1987-12-19,0.0,0.0,0.0
1987-12-20,18.49820573833413,16.5,21.9
1987-12-21,17.4705374006188,15.6,20.7
1987-12-22,17.98555263610657,16.0,21.3
1987-12-23,1.0278570715099267,0.9,1.2
1987-12-24,0.0,0.0,0.0
1987-12-25,0.0,0.0,0.0
1987-12-26,0.0,0.0,0.0
1987-12-27,0.0,0.0,0.0
1987-12-28,7.605978973436665,6.8,9.0
1987-12-29,7.605978973436665,6.8,9.0
1987-12-30,21.38053418068792,19.1,25.3
1987-12-31,3.9043422258522424,3.5,4.6
1988-01-01,0.0,0.0,0.0
1988-01-02,0.0,0.0,0.0
1988-01-03,5.762017983024978,5.1,7.0
1988-01-04,0.3045858088395509,0.3,0.4
1988-01-05,0.5173249538504329,0.5,0.6
1988-01-06,0.5173249538504329,0.5,0.6
1988-01-07,7.301791497573494,6.4,8.8
1988-01-08,30.346268961828788,26.7,36.8
1988-01-09,61.61149047893445,54.1,74.6
1988-01-10,53.58894038641324,47.1,64.9
1988-01-11,11.72730863019517,10.3,14.2
1988-01-12,5.966613259656421,5.2,7.2
1988-01-13,21.90906004989865,19.3,26.5
1988-01-14,39.18575461729958,34.4,47.5
1988-01-15,12.548190652561232,11.0,15.2
1988-01-16,9.977258345918143,8.8,12.1
1988-01-17,2.5706361405943094,2.3,3.1
1988-01-18,7.301791497573494,6.4,8.8
1988-01-19,7.096395558239067,6.2,8.6
1988-01-20,3.702299592609028,3.3,4.5
1988-01-21,1.0313824696984126,0.9,1.2
1988-01-22,1.8550395216229574,1.6,2.2
1988-01-23,0.0,0.0,0.0
1988-01-24,0.82673967614764,0.7,1.0
1988-01-25,0.0,0.0,0.0
1988-01-26,0.0,0.0,0.0
1988-01-27,0.0,0.0,0.0
1988-01-28,8.640122719170732,7.6,10.5
1988-01-29,20.36642579443819,17.9,24.7
1988-01-30,2.8774864463963143,2.5,3.5
1988-01-31,4.216668448442297,3.7,5.1
1988-02-01,5.286059532770104,4.7,6.2
1988-02-02,0.0,0.0,0.0
1988-02-03,0.0,0.0,0.0
1988-02-04,0.0,0.0,0.0
1988-02-05,0.0,0.0,0.0
1988-02-06,0.0,0.0,0.0
1988-02-07,11.821337354747598,10.5,13.9
1988-02-08,43.748714519086626,39.0,51.4
1988-02-09,25.294971520052606,22.6,29.7
1988-02-10,3.4221848796734924,3.1,4.0
1988-02-11,0.0,0.0,0.0
1988-02-12,3.4221848796734924,3.1,4.0
1988-02-13,13.685127271188419,12.2,16.1
1988-02-14,2.0711372086637656,1.8,2.4
1988-02-15,16.274735232440577,14.5,19.1
1988-02-16,6.324606276837453,5.6,7.4
1988-02-17,7.671267646721632,6.8,9.0
1988-02-18,1.5533089010207093,1.4,1.8
1988-02-19,0.0,0.0,0.0
1988-02-20,0.0,0.0,0.0
1988-02-21,0.0,0.0,0.0
1988-02-22,0.0,0.0,0.0
1988-02-23,0.0,0.0,0.0
1988-02-24,0.0,0.0,0.0
1988-02-25,0.0,0.0,0.0
1988-02-26,0.0,0.0,0.0
1988-02-27,0.0,0.0,0.0
1988-02-28,7.153212567585161,6.4,8.4
1988-02-29,4.974485128611602,4.4,5.8
1988-03-01,7.3806102087384415,6.4,8.6
1988-03-02,6.548456640533559,5.7,7.6
1988-03-03,7.689955869542807,6.7,8.9
1988-03-04,22.140563682516838,19.2,25.7
1988-03-05,7.8977338540515465,6.9,9.2
1988-03-06,21.413023516728114,18.6,24.8
1988-03-07,2.0823911234136716,1.8,2.4
1988-03-08,33.05361203199451,28.7,38.3
1988-03-09,12.367724935812815,10.7,14.3
1988-03-10,0.5238379522193082,0.5,0.6
1988-03-11,0.0,0.0,0.0
1988-03-12,0.0,0.0,0.0
1988-03-13,0.0,0.0,0.0
1988-03-14,0.0,0.0,0.0
1988-03-15,0.0,0.0,0.0
1988-03-16,0.0,0.0,0.0
1988-03-17,0.0,0.0,0.0
1988-03-18,0.0,0.0,0.0
1988-03-19,5.298543331482658,4.6,6.1
1988-03-20,4.470516802987741,3.9,5.2
1988-03-21,11.331621797975318,9.8,13.1
1988-03-22,23.285017868314327,20.2,27.0
1988-03-23,42.72291068820807,37.1,49.5
1988-03-24,16.11231037763053,14.0,18.7
1988-03-25,19.5441250090082,17.0,22.6
1988-03-26,22.451012208014788,19.5,26.0
1988-03-27,2.5998946902030413,2.3,3.0
1988-03-28,3.117496046760148,2.7,3.6
1988-03-29,19.022956125119308,16.5,22.0
1988-03-30,0.8326670428531628,0.7,1.0
1988-03-31,0.0,0.0,0.0
1988-04-01,0.5219298615397068,0.4,0.6
1988-04-02,31.945687096710675,26.9,39.9
1988-04-03,11.342718644359795,9.6,14.2
1988-04-04,3.9529497159515485,3.3,4.9
1988-04-05,7.38579487378253,6.2,9.2
1988-04-06,13.215457167000912,11.1,16.5
1988-04-07,8.221036135617961,6.9,10.3
1988-04-08,0.0,0.0,0.0
1988-04-09,0.0,0.0,0.0
1988-04-10,0.0,0.0,0.0
1988-04-11,0.0,0.0,0.0
1988-04-12,0.0,0.0,0.0
1988-04-13,3.4292735504833476,2.9,4.3
1988-04-14,10.61492100165222,8.9,13.3
1988-04-15,1.8721610461114937,1.6,2.3
1988-04-16,1.8721610461114937,1.6,2.3
1988-04-17,1.5608411735542735,1.3,1.9
1988-04-18,2.083391119136104,1.8,2.6
1988-04-19,12.381852158054095,10.4,15.5
1988-04-20,24.034198578600197,20.3,30.0
1988-04-21,21.95258902067244,18.5,27.4
1988-04-22,0.5219298615397068,0.4,0.6
1988-04-23,1.5608411735542735,1.3,1.9
1988-04-24,2.916511558036748,2.5,3.6
1988-04-25,1.8721610461114937,1.6,2.3
1988-04-26,2.083391119136104,1.8,2.6
1988-04-27,5.827750120890264,4.9,7.3
1988-04-28,32.46597205553223,27.4,40.6
1988-04-29,22.476169995566675,18.9,28.1
1988-04-30,14.044742639163232,11.8,17.5
1988-05-01,12.7515345251464,10.5,15.7
1988-05-02,13.607814701386106,11.2,16.8
1988-05-03,7.39371327842874,6.1,9.1
1988-05-04,4.394178426358619,3.6,5.4
1988-05-05,4.394178426358619,3.6,5.4
1988-05-06,5.4632496661782985,4.5,6.7
1988-05-07,5.679343599735129,4.7,7.0
1988-05-08,4.070409202569636,3.3,5.0
1988-05-09,0.5419813631275823,0.4,0.7
1988-05-10,0.0,0.0,0.0
1988-05-11,0.0,0.0,0.0
1988-05-12,15.536218059100383,12.8,19.2
1988-05-13,8.678184246658788,7.1,10.7
1988-05-14,0.8559445063639596,0.7,1.1
1988-05-15,0.0,0.0,0.0
1988-05-16,16.60911200928422,13.7,20.5
1988-05-17,1.6092601143495053,1.3,2.0
1988-05-18,1.0694490404713735,0.9,1.3
1988-05-19,0.0,0.0,0.0
1988-05-20,0.0,0.0,0.0
1988-05-21,0.0,0.0,0.0
1988-05-22,0.0,0.0,0.0
1988-05-23,0.0,0.0,0.0
1988-05-24,0.0,0.0,0.0
1988-05-25,0.0,0.0,0.0
1988-05-26,0.0,0.0,0.0
1988-05-27,9.212293094298067,7.6,11.4
1988-05-28,25.28786246385742,20.8,31.2
1988-05-29,5.4632496661782985,4.5,6.7
1988-05-30,1.3942838977888599,1.1,1.7
1988-05-31,25.82445589094698,21.2,31.9
1988-06-01,19.6274531581037,14.8,25.3
1988-06-02,13.299074670690146,10.1,17.2
1988-06-03,5.683145036547243,4.3,7.3
1988-06-04,13.620094652775958,10.3,17.6
1988-06-05,10.403360747752782,7.9,13.4
1988-06-06,8.151219699433282,6.2,10.5
1988-06-07,6.006310177988937,4.5,7.7
1988-06-08,4.610630367837185,3.5,6.0
1988-06-09,4.610630367837185,3.5,6.0
1988-06-10,1.0689166253413362,0.8,1.4
1988-06-11,0.0,0.0,0.0
1988-06-12,0.0,0.0,0.0
1988-06-13,0.0,0.0,0.0
1988-06-14,0.0,0.0,0.0
1988-06-15,0.0,0.0,0.0
1988-06-16,0.0,0.0,0.0
1988-06-17,0.0,0.0,0.0
1988-06-18,0.0,0.0,0.0
1988-06-19,0.0,0.0,0.0
1988-06-20,0.0,0.0,0.0
1988-06-21,0.0,0.0,0.0
1988-06-22,0.0,0.0,0.0
1988-06-23,0.0,0.0,0.0
1988-06-24,0.0,0.0,0.0
1988-06-25,0.0,0.0,0.0
1988-06-26,0.0,0.0,0.0
1988-06-27,0.8622663219491368,0.6,1.1
1988-06-28,6.541689394646138,4.9,8.4
1988-06-29,1.9306260487999942,1.5,2.5
1988-06-30,0.0,0.0,0.0
1988-07-01,0.0,0.0,0.0
1988-07-02,2.025440911917339,1.4,2.9
1988-07-03,0.0,0.0,0.0
1988-07-04,0.0,0.0,0.0
1988-07-05,3.14948425432249,2.1,4.5
1988-07-06,0.0,0.0,0.0
1988-07-07,0.0,0.0,0.0
1988-07-08,0.0,0.0,0.0
1988-07-09,0.0,0.0,0.0
1988-07-10,0.0,0.0,0.0
1988-07-11,0.0,0.0,0.0
1988-07-12,1.4623574325072481,1.0,2.1
1988-07-13,1.6890662546574464,1.2,2.4
1988-07-14,0.0,0.0,0.0
1988-07-15,0.0,0.0,0.0
1988-07-16,0.0,0.0,0.0
1988-07-17,0.5631077962392734,0.4,0.8
1988-07-18,0.0,0.0,0.0
1988-07-19,0.0,0.0,0.0
1988-07-20,0.0,0.0,0.0
1988-07-21,0.0,0.0,0.0
1988-07-22,0.0,0.0,0.0
1988-07-23,0.0,0.0,0.0
1988-07-24,0.0,0.0,0.0
1988-07-25,0.0,0.0,0.0
1988-07-26,0.0,0.0,0.0
1988-07-27,0.0,0.0,0.0
1988-07-28,0.0,0.0,0.0
1988-07-29,0.0,0.0,0.0
1988-07-30,0.0,0.0,0.0
1988-07-31,0.0,0.0,0.0
1988-08-01,0.0,0.0,0.0
1988-08-02,0.0,0.0,0.0
1988-08-03,0.0,0.0,0.0
1988-08-04,0.0,0.0,0.0
1988-08-05,0.0,0.0,0.0
1988-08-06,0.0,0.0,0.0
1988-08-07,0.0,0.0,0.0
1988-08-08,0.0,0.0,0.0
1988-08-09,0.0,0.0,0.0
1988-08-10,0.0,0.0,0.0
1988-08-11,0.0,0.0,0.0
1988-08-12,0.0,0.0,0.0
1988-08-13,0.0,0.0,0.0
1988-08-14,0.0,0.0,0.0
1988-08-15,0.0,0.0,0.0
1988-08-16,0.8419702643089455,0.7,1.1
1988-08-17,0.0,0.0,0.0
1988-08-18,0.0,0.0,0.0
1988-08-19,0.0,0.0,0.0
1988-08-20,1.0535598521999154,0.8,1.3
1988-08-21,0.0,0.0,0.0
1988-08-22,0.0,0.0,0.0
1988-08-23,0.0,0.0,0.0
1988-08-24,0.0,0.0,0.0
1988-08-25,0.0,0.0,0.0
1988-08-26,0.0,0.0,0.0
1988-08-27,0.0,0.0,0.0
1988-08-28,0.0,0.0,0.0
1988-08-29,0.0,0.0,0.0
1988-08-30,0.0,0.0,0.0
1988-08-31,0.0,0.0,0.0
1988-09-01,0.0,0.0,0.0
1988-09-02,0.0,0.0,0.0
1988-09-03,0.0,0.0,0.0
1988-09-04,0.0,0.0,0.0
1988-09-05,0.0,0.0,0.0
1988-09-06,0.0,0.0,0.0
1988-09-07,0.0,0.0,0.0
1988-09-08,0.0,0.0,0.0
1988-09-09,0.0,0.0,0.0
1988-09-10,0.0,0.0,0.0
1988-09-11,0.0,0.0,0.0
1988-09-12,0.0,0.0,0.0
1988-09-13,0.0,0.0,0.0
1988-09-14,0.0,0.0,0.0
1988-09-15,0.0,0.0,0.0
1988-09-16,0.0,0.0,0.0
1988-09-17,0.0,0.0,0.0
1988-09-18,1.5904123774391157,1.4,1.9
1988-09-19,29.913239432669144,26.2,35.8
1988-09-20,0.0,0.0,0.0
1988-09-21,0.0,0.0,0.0
1988-09-22,0.0,0.0,0.0
1988-09-23,0.31328755530511265,0.3,0.4
1988-09-24,0.0,0.0,0.0
1988-09-25,5.621314363637854,4.9,6.7
1988-09-26,16.656223552346212,14.6,19.9
1988-09-27,12.940541866921865,11.3,15.5
1988-09-28,0.0,0.0,0.0
1988-09-29,0.0,0.0,0.0
1988-09-30,0.0,0.0,0.0
1988-10-01,0.0,0.0,0.0
1988-10-02,0.0,0.0,0.0
1988-10-03,0.0,0.0,0.0
1988-10-04,2.336811555284084,2.1,2.7
1988-10-05,0.0,0.0,0.0
1988-10-06,0.0,0.0,0.0
1988-10-07,0.0,0.0,0.0
1988-10-08,0.0,0.0,0.0
1988-10-09,0.0,0.0,0.0
1988-10-10,0.0,0.0,0.0
1988-10-11,0.0,0.0,0.0
1988-10-12,0.0,0.0,0.0
1988-10-13,1.3176596539264918,1.2,1.5
1988-10-14,4.165502589218224,3.7,4.8
1988-10-15,1.3176596539264918,1.2,1.5
1988-10-16,0.0,0.0,0.0
1988-10-17,0.0,0.0,0.0
1988-10-18,0.0,0.0,0.0
1988-10-19,0.0,0.0,0.0
1988-10-20,0.0,0.0,0.0
1988-10-21,0.3010862083023276,0.3,0.4
1988-10-22,0.0,0.0,0.0
1988-10-23,0.0,0.0,0.0
1988-10-24,0.0,0.0,0.0
1988-10-25,0.0,0.0,0.0
1988-10-26,0.0,0.0,0.0
1988-10-27,0.0,0.0,0.0
1988-10-28,0.0,0.0,0.0
1988-10-29,0.0,0.0,0.0
1988-10-30,0.0,0.0,0.0
1988-10-31,8.528943292873532,7.6,9.8
1988-11-01,33.42275436433533,29.6,38.6
1988-11-02,50.748329644121725,45.0,58.6
1988-11-03,52.57872206589145,46.6,60.7
1988-11-04,13.758165910914073,12.2,15.9
1988-11-05,24.048614853393232,21.3,27.8
1988-11-06,14.77633952112336,13.1,17.1
1988-11-07,0.302296498719456,0.3,0.4
1988-11-08,21.704770957314082,19.2,25.1
1988-11-09,11.107463207775403,9.8,12.8
1988-11-10,24.354973085446435,21.6,28.1
1988-11-11,6.215516457027212,5.5,7.2
1988-11-12,27.206095863686784,24.1,31.4
1988-11-13,20.177720586081634,17.9,23.3
1988-11-14,4.380074056451028,3.9,5.1
1988-11-15,17.626978049318787,15.6,20.4
1988-11-16,33.9315749684056,30.1,39.2
1988-11-17,9.070422108742234,8.0,10.5
1988-11-18,4.380074056451028,3.9,5.1
1988-11-19,11.107463207775403,9.8,12.8
1988-11-20,25.37409640710114,22.5,29.3
1988-11-21,56.655738316175004,50.2,65.4
1988-11-22,49.93040795162601,44.2,57.6
1988-11-23,18.34272831133613,16.3,21.2
1988-11-24,23.5415877322103,20.9,27.2
1988-11-25,18.647216648776535,16.5,21.5
1988-11-26,17.323986532388485,15.4,20.0
1988-11-27,56.45185112066232,50.0,65.2
1988-11-28,10.907079539345796,9.7,12.6
1988-11-29,0.5142478839346346,0.5,0.6
1988-11-30,0.0,0.0,0.0
1988-12-01,0.0,0.0,0.0
1988-12-02,0.0,0.0,0.0
1988-12-03,0.0,0.0,0.0
1988-12-04,0.0,0.0,0.0
1988-12-05,3.3916154874201805,3.0,4.0
1988-12-06,11.514542926713736,10.3,13.6
1988-12-07,1.3371932628897398,1.2,1.6
1988-12-08,0.0,0.0,0.0
1988-12-09,0.0,0.0,0.0
1988-12-10,0.0,0.0,0.0
1988-12-11,6.784458734713125,6.1,8.0
1988-12-12,0.5159429092965292,0.5,0.6
1988-12-13,2.3639781767641805,2.1,2.8
1988-12-14,0.0,0.0,0.0
1988-12-15,0.0,0.0,0.0
1988-12-16,0.0,0.0,0.0
1988-12-17,0.0,0.0,0.0
1988-12-18,2.8783994409643587,2.6,3.4
1988-12-19,26.926265599203475,24.0,31.9
1988-12-20,22.201812939289464,19.8,26.3
1988-12-21,31.040499445532536,27.7,36.7
1988-12-22,21.685187744892794,19.3,25.7
1988-12-23,18.293816333523054,16.3,21.7
1988-12-24,12.745595600844943,11.4,15.1
1988-12-25,1.3371932628897398,1.2,1.6
1988-12-26,0.0,0.0,0.0
1988-12-27,12.025209572242906,10.7,14.2
1988-12-28,4.9326543195384165,4.4,5.8
1988-12-29,31.040499445532536,27.7,36.7
1988-12-30,7.605978973436665,6.8,9.0
1988-12-31,3.0834608467539826,2.8,3.7
1989-01-01,3.702299592609028,3.3,4.5
1989-01-02,13.579499810954367,11.9,16.4
1989-01-03,4.216668448442297,3.7,5.1
1989-01-04,2.3621094201149715,2.1,2.9
1989-01-05,10.182609543854227,8.9,12.3
1989-01-06,5.966613259656421,5.2,7.2
1989-01-07,6.274038421569703,5.5,7.6
1989-01-08,38.15646766921315,33.5,46.2
1989-01-09,63.461201000258576,55.8,76.9
1989-01-10,31.580379115595594,27.8,38.2
1989-01-11,1.5440290380230377,1.4,1.9
1989-01-12,1.0313824696984126,0.9,1.2
1989-01-13,24.27590923863508,21.3,29.4
1989-01-14,10.491932352324895,9.2,12.7
1989-01-15,14.607343331391233,12.8,17.7
1989-01-16,7.8168470564832555,6.9,9.5
1989-01-17,2.8774864463963143,2.5,3.5
1989-01-18,0.0,0.0,0.0
1989-01-19,0.0,0.0,0.0
1989-01-20,9.360185967743027,8.2,11.3
1989-01-21,15.428928866695022,13.6,18.7
1989-01-22,11.518960687553365,10.1,14.0
1989-01-23,0.0,0.0,0.0
1989-01-24,0.0,0.0,0.0
1989-01-25,0.0,0.0,0.0
1989-01-26,0.0,0.0,0.0
1989-01-27,0.0,0.0,0.0
1989-01-28,0.0,0.0,0.0
1989-01-29,0.0,0.0,0.0
1989-01-30,3.085191779194179,2.7,3.7
1989-01-31,12.034093467987681,10.6,14.6
1989-02-01,16.896957671443687,15.1,19.8
1989-02-02,5.495602750260482,4.9,6.5
1989-02-03,1.0367530930161,0.9,1.2
1989-02-04,0.0,0.0,0.0
1989-02-05,0.3042251560095856,0.3,0.4
1989-02-06,0.8314830366197999,0.7,1.0
1989-02-07,0.8314830366197999,0.7,1.0
1989-02-08,0.0,0.0,0.0
1989-02-09,2.3826250818737873,2.1,2.8
1989-02-10,0.0,0.0,0.0
1989-02-11,0.5239073418766915,0.5,0.6
1989-02-12,0.5239073418766915,0.5,0.6
1989-02-13,0.0,0.0,0.0
1989-02-14,0.0,0.0,0.0
1989-02-15,0.0,0.0,0.0
1989-02-16,40.014546089175,35.7,47.0
1989-02-17,15.551870998290575,13.9,18.3
1989-02-18,11.821337354747598,10.5,13.9
1989-02-19,8.917254405004872,8.0,10.5
1989-02-20,12.13016138250464,10.8,14.2
1989-02-21,7.153212567585161,6.4,8.4
1989-02-22,10.263873330642493,9.2,12.1
1989-02-23,2.0711372086637656,1.8,2.4
1989-02-24,0.3042251560095856,0.3,0.4
1989-02-25,0.0,0.0,0.0
1989-02-26,0.0,0.0,0.0
1989-02-27,0.0,0.0,0.0
1989-02-28,0.5239073418766915,0.5,0.6
1989-03-01,14.240809903881747,12.4,16.5
1989-03-02,13.203727496932967,11.5,15.3
1989-03-03,1.5599796257167495,1.4,1.8
1989-03-04,21.101160291855503,18.3,24.4
1989-03-05,47.81387734861728,41.5,55.4
1989-03-06,18.189300665364215,15.8,21.1
1989-03-07,1.5599796257167495,1.4,1.8
1989-03-08,4.263132612662233,3.7,4.9
1989-03-09,21.101160291855503,18.3,24.4
1989-03-10,1.5599796257167495,1.4,1.8
1989-03-11,7.3806102087384415,6.4,8.6
1989-03-12,22.140563682516838,19.2,25.7
1989-03-13,21.413023516728114,18.6,24.8
1989-03-14,8.212704351406293,7.1,9.5
1989-03-15,11.122981276237448,9.7,12.9
1989-03-16,8.418012125500177,7.3,9.8
1989-03-17,13.720345021095754,11.9,15.9
1989-03-18,18.502572870405608,16.1,21.4
1989-03-19,9.25225566264241,8.0,10.7
1989-03-20,15.072611472351518,13.1,17.5
1989-03-21,14.552899570450577,12.6,16.9
1989-03-22,0.0,0.0,0.0
1989-03-23,0.0,0.0,0.0
1989-03-24,15.593304112757208,13.5,18.1
1989-03-25,12.367724935812815,10.7,14.3
1989-03-26,7.689955869542807,6.7,8.9
1989-03-27,18.189300665364215,15.8,21.1
1989-03-28,27.233375403156668,23.6,31.6
1989-03-29,9.770697678792617,8.5,11.3
1989-03-30,8.940178074487868,7.8,10.4
1989-03-31,8.418012125500177,7.3,9.8
1989-04-01,22.68237980581868,19.1,28.3
1989-04-02,16.64756664850388,14.0,20.8
1989-04-03,5.302730613059362,4.5,6.6
1989-04-04,3.9529497159515485,3.3,4.9
1989-04-05,0.0,0.0,0.0
1989-04-06,0.0,0.0,0.0
1989-04-07,0.0,0.0,0.0
1989-04-08,0.0,0.0,0.0
1989-04-09,0.0,0.0,0.0
1989-04-10,0.0,0.0,0.0
1989-04-11,0.0,0.0,0.0
1989-04-12,0.0,0.0,0.0
1989-04-13,0.0,0.0,0.0
1989-04-14,0.0,0.0,0.0
1989-04-15,0.0,0.0,0.0
1989-04-16,0.0,0.0,0.0
1989-04-17,0.0,0.0,0.0
1989-04-18,0.0,0.0,0.0
1989-04-19,9.260911528113365,7.8,11.6
1989-04-20,5.302730613059362,4.5,6.6
1989-04-21,8.742493508791105,7.4,10.9
1989-04-22,7.38579487378253,6.2,9.2
1989-04-23,15.292792584238937,12.9,19.1
1989-04-24,17.690229643667838,14.9,22.1
1989-04-25,12.173956782068801,10.3,15.2
1989-04-26,1.8721610461114937,1.6,2.3
1989-04-27,1.034243375508953,0.9,1.3
1989-04-28,1.034243375508953,0.9,1.3
1989-04-29,0.0,0.0,0.0
1989-04-30,1.3514360839475588,1.1,1.7
1989-05-01,1.0694490404713735,0.9,1.3
1989-05-02,1.0694490404713735,0.9,1.3
1989-05-03,6.003747110070403,4.9,7.4
1989-05-04,1.0694490404713735,0.9,1.3
1989-05-05,0.0,0.0,0.0
1989-05-06,0.0,0.0,0.0
1989-05-07,0.0,0.0,0.0
1989-05-08,8.143805358786539,6.7,10.1
1989-05-09,9.000533706563626,7.4,11.1
1989-05-10,3.858928684490235,3.2,4.8
1989-05-11,0.0,0.0,0.0
1989-05-12,0.0,0.0,0.0
1989-05-13,0.0,0.0,0.0
1989-05-14,0.0,0.0,0.0
1989-05-15,0.0,0.0,0.0
1989-05-16,1.9298040113200767,1.6,2.4
1989-05-17,9.534970064046941,7.8,11.8
1989-05-18,2.464533267900699,2.0,3.0
1989-05-19,0.0,0.0,0.0
1989-05-20,0.0,0.0,0.0
1989-05-21,0.0,0.0,0.0
1989-05-22,8.678184246658788,7.1,10.7
1989-05-23,20.677681864298503,17.0,25.5
1989-05-24,14.464445252864822,11.9,17.9
1989-05-25,1.3942838977888599,1.1,1.7
1989-05-26,2.999324070842921,2.5,3.7
1989-05-27,12.001061055551528,9.9,14.8
1989-05-28,2.14354120265806,1.8,2.6
1989-05-29,7.928685629831507,6.5,9.8
1989-05-30,0.0,0.0,0.0
1989-05-31,0.0,0.0,0.0
1989-06-01,0.0,0.0,0.0
1989-06-02,0.32234129497515424,0.2,0.4
1989-06-03,0.0,0.0,0.0
1989-06-04,0.0,0.0,0.0
1989-06-05,0.0,0.0,0.0
1989-06-06,0.0,0.0,0.0
1989-06-07,0.0,0.0,0.0
1989-06-08,0.0,0.0,0.0
1989-06-09,0.0,0.0,0.0
1989-06-10,0.0,0.0,0.0
1989-06-11,0.0,0.0,0.0
1989-06-12,0.0,0.0,0.0
1989-06-13,1.3936602121000896,1.1,1.8
1989-06-14,13.299074670690146,10.1,17.2
1989-06-15,1.611074474052649,1.2,2.1
1989-06-16,0.0,0.0,0.0
1989-06-17,0.0,0.0,0.0
1989-06-18,0.0,0.0,0.0
1989-06-19,8.685016047899094,6.6,11.2
1989-06-20,3.8595258786474966,2.9,5.0
1989-06-21,0.0,0.0,0.0
1989-06-22,0.0,0.0,0.0
1989-06-23,0.0,0.0,0.0
1989-06-24,0.0,0.0,0.0
1989-06-25,0.0,0.0,0.0
1989-06-26,0.0,0.0,0.0
1989-06-27,0.0,0.0,0.0
1989-06-28,2.68189607985742,2.0,3.5
1989-06-29,6.006310177988937,4.5,7.7
1989-06-30,0.8622663219491368,0.6,1.1
1989-07-01,0.0,0.0,0.0
1989-07-02,0.0,0.0,0.0
1989-07-03,0.0,0.0,0.0
1989-07-04,0.0,0.0,0.0
1989-07-05,0.0,0.0,0.0
1989-07-06,0.0,0.0,0.0
1989-07-07,0.0,0.0,0.0
1989-07-08,0.0,0.0,0.0
1989-07-09,0.0,0.0,0.0
1989-07-10,0.0,0.0,0.0
1989-07-11,0.0,0.0,0.0
1989-07-12,0.0,0.0,0.0
1989-07-13,0.0,0.0,0.0
1989-07-14,0.0,0.0,0.0
1989-07-15,0.0,0.0,0.0
1989-07-16,16.322267397545154,11.1,23.2
1989-07-17,0.5631077962392734,0.4,0.8
1989-07-18,0.0,0.0,0.0
1989-07-19,0.0,0.0,0.0
1989-07-20,0.0,0.0,0.0
1989-07-21,0.0,0.0,0.0
1989-07-22,0.0,0.0,0.0
1989-07-23,0.0,0.0,0.0
1989-07-24,0.0,0.0,0.0
1989-07-25,0.0,0.0,0.0
1989-07-26,0.5631077962392734,0.4,0.8
1989-07-27,0.0,0.0,0.0
1989-07-28,0.0,0.0,0.0
1989-07-29,0.0,0.0,0.0
1989-07-30,1.6890662546574464,1.2,2.4
1989-07-31,3.7166719031495994,2.5,5.3
1989-08-01,7.488943341526778,6.0,9.4
1989-08-02,6.43460847243782,5.2,8.1
1989-08-03,0.0,0.0,0.0
1989-08-04,0.0,0.0,0.0
1989-08-05,0.0,0.0,0.0
1989-08-06,0.0,0.0,0.0
1989-08-07,1.3724887306500877,1.1,1.7
1989-08-08,14.76667440275115,11.9,18.5
1989-08-09,0.0,0.0,0.0
1989-08-10,0.0,0.0,0.0
1989-08-11,0.0,0.0,0.0
1989-08-12,0.0,0.0,0.0
1989-08-13,0.0,0.0,0.0
1989-08-14,0.0,0.0,0.0
1989-08-15,0.0,0.0,0.0
1989-08-16,0.0,0.0,0.0
1989-08-17,0.0,0.0,0.0
1989-08-18,0.0,0.0,0.0
1989-08-19,0.0,0.0,0.0
1989-08-20,0.0,0.0,0.0
1989-08-21,12.550651481715144,10.1,15.8
1989-08-22,49.56994574934023,39.8,62.2
1989-08-23,6.961036960437494,5.6,8.7
1989-08-24,0.0,0.0,0.0
1989-08-25,0.0,0.0,0.0
1989-08-26,0.0,0.0,0.0
1989-08-27,0.0,0.0,0.0
1989-08-28,0.0,0.0,0.0
1989-08-29,7.804258171648079,6.3,9.8
1989-08-30,4.5354491189696375,3.6,5.7
1989-08-31,0.0,0.0,0.0
1989-09-01,0.0,0.0,0.0
1989-09-02,0.0,0.0,0.0
1989-09-03,0.0,0.0,0.0
1989-09-04,0.0,0.0,0.0
1989-09-05,0.0,0.0,0.0
1989-09-06,0.0,0.0,0.0
1989-09-07,0.0,0.0,0.0
1989-09-08,0.0,0.0,0.0
1989-09-09,0.0,0.0,0.0
1989-09-10,0.0,0.0,0.0
1989-09-11,0.0,0.0,0.0
1989-09-12,0.0,0.0,0.0
1989-09-13,0.0,0.0,0.0
1989-09-14,0.0,0.0,0.0
1989-09-15,0.0,0.0,0.0
1989-09-16,2.121066352878236,1.9,2.5
1989-09-17,2.6516519264189133,2.3,3.2
1989-09-18,0.0,0.0,0.0
1989-09-19,0.0,0.0,0.0
1989-09-20,0.0,0.0,0.0
1989-09-21,0.0,0.0,0.0
1989-09-22,0.0,0.0,0.0
1989-09-23,0.0,0.0,0.0
1989-09-24,0.0,0.0,0.0
1989-09-25,0.0,0.0,0.0
1989-09-26,5.621314363637854,4.9,6.7
1989-09-27,0.0,0.0,0.0
1989-09-28,0.0,0.0,0.0
1989-09-29,4.561626329258227,4.0,5.5
1989-09-30,4.347035426847863,3.8,5.2
1989-10-01,1.012186654700797,0.9,1.2
1989-10-02,0.0,0.0,0.0
1989-10-03,0.0,0.0,0.0
1989-10-04,0.0,0.0,0.0
1989-10-05,0.0,0.0,0.0
1989-10-06,0.0,0.0,0.0
1989-10-07,0.0,0.0,0.0
1989-10-08,0.0,0.0,0.0
1989-10-09,0.0,0.0,0.0
1989-10-10,0.0,0.0,0.0
1989-10-11,0.0,0.0,0.0
1989-10-12,0.0,0.0,0.0
1989-10-13,0.5175549971932952,0.5,0.6
1989-10-14,0.0,0.0,0.0
1989-10-15,0.0,0.0,0.0
1989-10-16,0.0,0.0,0.0
1989-10-17,0.0,0.0,0.0
1989-10-18,0.0,0.0,0.0
1989-10-19,0.0,0.0,0.0
1989-10-20,0.8162745007890809,0.7,0.9
1989-10-21,32.49580708085036,29.1,37.5
1989-10-22,11.06962768279818,9.9,12.8
1989-10-23,14.925674075272328,13.4,17.2
1989-10-24,4.165502589218224,3.7,4.8
1989-10-25,4.366483814255474,3.9,5.0
1989-10-26,34.52844326970609,30.9,39.8
1989-10-27,10.865253133555031,9.7,12.5
1989-10-28,1.012186654700797,0.9,1.2
1989-10-29,0.8162745007890809,0.7,0.9
1989-10-30,0.0,0.0,0.0
1989-10-31,0.0,0.0,0.0
1989-11-01,0.0,0.0,0.0
1989-11-02,0.0,0.0,0.0
1989-11-03,0.302296498719456,0.3,0.4
1989-11-04,6.215516457027212,5.5,7.2
1989-11-05,5.399840002643604,4.8,6.2
1989-11-06,17.626978049318787,15.6,20.4
1989-11-07,2.3451565558736376,2.1,2.7
1989-11-08,7.030779370212084,6.2,8.1
1989-11-09,5.910700766478081,5.2,6.8
1989-11-10,0.0,0.0,0.0
1989-11-11,11.107463207775403,9.8,12.8
1989-11-12,26.19008323820099,23.2,30.2
1989-11-13,6.418507320893753,5.7,7.4
1989-11-14,0.5142478839346346,0.5,0.6
1989-11-15,0.0,0.0,0.0
1989-11-16,2.853932913241361,2.5,3.3
1989-11-17,6.215516457027212,5.5,7.2
1989-11-18,0.0,0.0,0.0
1989-11-19,0.0,0.0,0.0
1989-11-20,0.0,0.0,0.0
1989-11-21,0.0,0.0,0.0
1989-11-22,2.853932913241361,2.5,3.3
1989-11-23,31.792346102504045,28.2,36.7
1989-11-24,18.851064823729434,16.7,21.8
1989-11-25,24.557923787524274,21.8,28.4
1989-11-26,34.94976245295451,31.0,40.4
1989-11-27,9.070422108742234,8.0,10.5
1989-11-28,0.0,0.0,0.0
1989-11-29,0.0,0.0,0.0
1989-11-30,0.0,0.0,0.0
1989-12-01,0.0,0.0,0.0
1989-12-02,1.5416469944813824,1.4,1.8
1989-12-03,12.230696610706827,10.9,14.5
1989-12-04,31.861008579919055,28.4,37.7
1989-12-05,11.206899476605313,10.0,13.3
1989-12-06,0.0,0.0,0.0
1989-12-07,2.8783994409643587,2.6,3.4
1989-12-08,29.496428773062007,26.3,34.9
1989-12-09,1.5416469944813824,1.4,1.8
1989-12-10,3.0834608467539826,2.8,3.7
1989-12-11,0.0,0.0,0.0
1989-12-12,0.0,0.0,0.0
1989-12-13,0.0,0.0,0.0
1989-12-14,0.0,0.0,0.0
1989-12-15,0.0,0.0,0.0
1989-12-16,0.0,0.0,0.0
1989-12-17,0.0,0.0,0.0
1989-12-18,0.0,0.0,0.0
1989-12-19,0.0,0.0,0.0
1989-12-20,0.0,0.0,0.0
1989-12-21,0.0,0.0,0.0
1989-12-22,0.0,0.0,0.0
1989-12-23,1.0278570715099267,0.9,1.2
1989-12-24,0.0,0.0,0.0
1989-12-25,0.0,0.0,0.0
1989-12-26,0.0,0.0,0.0
1989-12-27,0.0,0.0,0.0
1989-12-28,2.3639781767641805,2.1,2.8
1989-12-29,0.0,0.0,0.0
1989-12-30,0.0,0.0,0.0
1989-12-31,24.767154873189554,22.1,29.3
1990-01-01,18.821760509044918,16.5,22.8
1990-01-02,2.3621094201149715,2.1,2.9
1990-01-03,11.213065322604848,9.9,13.6
1990-01-04,14.607343331391233,12.8,17.7
1990-01-05,15.120129495360326,13.3,18.3
1990-01-06,39.18575461729958,34.4,47.5
1990-01-07,92.26074556991749,81.1,111.7
1990-01-08,31.065158986250438,27.3,37.6
1990-01-09,20.673329488202743,18.2,25.0
1990-01-10,10.491932352324895,9.2,12.7
1990-01-11,4.42224854849232,3.9,5.4
1990-01-12,1.0313824696984126,0.9,1.2
1990-01-13,10.491932352324895,9.2,12.7
1990-01-14,0.5173249538504329,0.5,0.6
1990-01-15,2.3621094201149715,2.1,2.9
1990-01-16,2.3621094201149715,2.1,2.9
1990-01-17,0.0,0.0,0.0
1990-01-18,0.0,0.0,0.0
1990-01-19,0.0,0.0,0.0
1990-01-20,0.0,0.0,0.0
1990-01-21,0.0,0.0,0.0
1990-01-22,17.280747482741244,15.2,20.9
1990-01-23,12.237327923004829,10.8,14.8
1990-01-24,0.0,0.0,0.0
1990-01-25,15.120129495360326,13.3,18.3
1990-01-26,17.280747482741244,15.2,20.9
1990-01-27,21.90906004989865,19.3,26.5
1990-01-28,40.52628046293469,35.6,49.1
1990-01-29,16.4549075586612,14.5,19.9
1990-01-30,19.338025865308673,17.0,23.4
1990-01-31,26.94552235974403,23.7,32.6
1990-02-01,28.716886364391094,25.6,33.7
1990-02-02,7.671267646721632,6.8,9.0
1990-02-03,14.723221926968469,13.1,17.3
1990-02-04,10.263873330642493,9.2,12.1
1990-02-05,32.96602022551532,29.4,38.7
1990-02-06,19.48973315031003,17.4,22.9
1990-02-07,30.79125199049753,27.5,36.2
1990-02-08,30.066489133459815,26.8,35.3
1990-02-09,16.58967259007472,14.8,19.5
1990-02-10,9.74521547855157,8.7,11.4
1990-02-11,14.723221926968469,13.1,17.3
1990-02-12,13.996245022143924,12.5,16.4
1990-02-13,4.45808229426263,4.0,5.2
1990-02-14,1.8655027377902302,1.7,2.2
1990-02-15,40.014546089175,35.7,47.0
1990-02-16,10.783516002886671,9.6,12.7
1990-02-17,1.3505209767182442,1.2,1.6
1990-02-18,0.0,0.0,0.0
1990-02-19,6.8431118001732,6.1,8.0
1990-02-20,25.501566972619422,22.8,30.0
1990-02-21,1.8655027377902302,1.7,2.2
1990-02-22,0.0,0.0,0.0
1990-02-23,0.0,0.0,0.0
1990-02-24,0.0,0.0,0.0
1990-02-25,0.0,0.0,0.0
1990-02-26,0.0,0.0,0.0
1990-02-27,0.0,0.0,0.0
1990-02-28,0.0,0.0,0.0
1990-03-01,0.0,0.0,0.0
1990-03-02,8.940178074487868,7.8,10.4
1990-03-03,9.25225566264241,8.0,10.7
1990-03-04,6.339433754860957,5.5,7.3
1990-03-05,0.5238379522193082,0.5,0.6
1990-03-06,5.298543331482658,4.6,6.1
1990-03-07,6.027446937671366,5.2,7.0
1990-03-08,1.0384788123748134,0.9,1.2
1990-03-09,10.811377650740914,9.4,12.5
1990-03-10,18.189300665364215,15.8,21.1
1990-03-11,9.457380740516184,8.2,11.0
1990-03-12,5.298543331482658,4.6,6.1
1990-03-13,7.3806102087384415,6.4,8.6
1990-03-14,9.770697678792617,8.5,11.3
1990-03-15,0.0,0.0,0.0
1990-03-16,0.0,0.0,0.0
1990-03-17,2.391367969723704,2.1,2.8
1990-03-18,0.0,0.0,0.0
1990-03-19,0.0,0.0,0.0
1990-03-20,0.5238379522193082,0.5,0.6
1990-03-21,2.391367969723704,2.1,2.8
1990-03-22,7.172051484869441,6.2,8.3
1990-03-23,1.3508969830772564,1.2,1.6
1990-03-24,0.0,0.0,0.0
1990-03-25,3.117496046760148,2.7,3.6
1990-03-26,0.0,0.0,0.0
1990-03-27,0.0,0.0,0.0
1990-03-28,0.0,0.0,0.0
1990-03-29,0.0,0.0,0.0
1990-03-30,0.0,0.0,0.0
1990-03-31,0.0,0.0,0.0
1990-04-01,0.0,0.0,0.0
1990-04-02,0.0,0.0,0.0
1990-04-03,0.0,0.0,0.0
1990-04-04,0.0,0.0,0.0
1990-04-05,0.0,0.0,0.0
1990-04-06,0.0,0.0,0.0
1990-04-07,0.0,0.0,0.0
1990-04-08,0.0,0.0,0.0
1990-04-09,0.0,0.0,0.0
1990-04-10,0.0,0.0,0.0
1990-04-11,1.034243375508953,0.9,1.3
1990-04-12,0.0,0.0,0.0
1990-04-13,0.0,0.0,0.0
1990-04-14,0.0,0.0,0.0
1990-04-15,0.0,0.0,0.0
1990-04-16,1.5608411735542735,1.3,1.9
1990-04-17,1.034243375508953,0.9,1.3
1990-04-18,0.0,0.0,0.0
1990-04-19,1.3514360839475588,1.1,1.7
1990-04-20,1.8721610461114937,1.6,2.3
1990-04-21,15.087818858790015,12.7,18.8
1990-04-22,18.211245212675276,15.4,22.7
1990-04-23,13.215457167000912,11.1,16.5
1990-04-24,6.870559070907082,5.8,8.6
1990-04-25,23.51589371237067,19.8,29.4
1990-04-26,20.602312451434507,17.4,25.7
1990-04-27,108.84257800871129,91.8,136.0
1990-04-28,7.910576181504183,6.7,9.9
1990-04-29,1.3514360839475588,1.1,1.7
1990-04-30,0.0,0.0,0.0
1990-05-01,0.0,0.0,0.0
1990-05-02,0.0,0.0,0.0
1990-05-03,0.0,0.0,0.0
1990-05-04,0.0,0.0,0.0
1990-05-05,0.0,0.0,0.0
1990-05-06,0.0,0.0,0.0
1990-05-07,0.0,0.0,0.0
1990-05-08,0.0,0.0,0.0
1990-05-09,0.0,0.0,0.0
1990-05-10,0.0,0.0,0.0
1990-05-11,2.464533267900699,2.0,3.0
1990-05-12,2.999324070842921,2.5,3.7
1990-05-13,2.464533267900699,2.0,3.0
1990-05-14,0.0,0.0,0.0
1990-05-15,0.0,0.0,0.0
1990-05-16,0.0,0.0,0.0
1990-05-17,0.0,0.0,0.0
1990-05-18,0.32465575294806837,0.3,0.4
1990-05-19,6.535646799737767,5.4,8.1
1990-05-20,17.142431469366368,14.1,21.2
1990-05-21,9.000533706563626,7.4,11.1
1990-05-22,19.823377202673864,16.3,24.5
1990-05-23,12.001061055551528,9.9,14.8
1990-05-24,3.21518714635985,2.6,4.0
1990-05-25,2.14354120265806,1.8,2.6
1990-05-26,4.394178426358619,3.6,5.4
1990-05-27,10.606727681652051,8.7,13.1
1990-05-28,4.607277896034927,3.8,5.7
1990-05-29,9.212293094298067,7.6,11.4
1990-05-30,20.35783151124735,16.7,25.1
1990-05-31,4.607277896034927,3.8,5.7
1990-06-01,1.0689166253413362,0.8,1.4
1990-06-02,1.9306260487999942,1.5,2.5
1990-06-03,21.77196577841396,16.5,28.1
1990-06-04,1.611074474052649,1.2,2.1
1990-06-05,2.68189607985742,2.0,3.5
1990-06-06,32.71025021942126,24.7,42.2
1990-06-07,0.5365764392684496,0.4,0.7
1990-06-08,0.32234129497515424,0.2,0.4
1990-06-09,8.151219699433282,6.2,10.5
1990-06-10,8.685016047899094,6.6,11.2
1990-06-11,1.9306260487999942,1.5,2.5
1990-06-12,12.0110063056245,9.1,15.5
1990-06-13,0.0,0.0,0.0
1990-06-14,0.32234129497515424,0.2,0.4
1990-06-15,0.5365764392684496,0.4,0.7
1990-06-16,0.0,0.0,0.0
1990-06-17,0.0,0.0,0.0
1990-06-18,0.0,0.0,0.0
1990-06-19,0.0,0.0,0.0
1990-06-20,1.9306260487999942,1.5,2.5
1990-06-21,3.8595258786474966,2.9,5.0
1990-06-22,1.0689166253413362,0.8,1.4
1990-06-23,0.0,0.0,0.0
1990-06-24,0.0,0.0,0.0
1990-06-25,0.0,0.0,0.0
1990-06-26,0.0,0.0,0.0
1990-06-27,0.0,0.0,0.0
1990-06-28,0.0,0.0,0.0
1990-06-29,0.0,0.0,0.0
1990-06-30,0.0,0.0,0.0
1990-07-01,0.0,0.0,0.0
1990-07-02,5.402989415697647,3.7,7.7
1990-07-03,0.0,0.0,0.0
1990-07-04,0.0,0.0,0.0
1990-07-05,12.605963004395022,8.6,17.9
1990-07-06,0.9018295581295481,0.6,1.3
1990-07-07,0.0,0.0,0.0
1990-07-08,0.0,0.0,0.0
1990-07-09,0.0,0.0,0.0
1990-07-10,0.0,0.0,0.0
1990-07-11,0.0,0.0,0.0
1990-07-12,0.0,0.0,0.0
1990-07-13,0.0,0.0,0.0
1990-07-14,0.0,0.0,0.0
1990-07-15,0.0,0.0,0.0
1990-07-16,0.0,0.0,0.0
1990-07-17,0.0,0.0,0.0
1990-07-18,0.0,0.0,0.0
1990-07-19,0.0,0.0,0.0
1990-07-20,0.0,0.0,0.0
1990-07-21,0.0,0.0,0.0
1990-07-22,0.0,0.0,0.0
1990-07-23,0.0,0.0,0.0
1990-07-24,0.33622085258061896,0.2,0.5
1990-07-25,0.0,0.0,0.0
1990-07-26,0.0,0.0,0.0
1990-07-27,0.0,0.0,0.0
1990-07-28,0.0,0.0,0.0
1990-07-29,0.0,0.0,0.0
1990-07-30,0.0,0.0,0.0
1990-07-31,0.0,0.0,0.0
1990-08-01,0.0,0.0,0.0
1990-08-02,0.0,0.0,0.0
1990-08-03,0.0,0.0,0.0
1990-08-04,0.0,0.0,0.0
1990-08-05,0.0,0.0,0.0
1990-08-06,0.0,0.0,0.0
1990-08-07,0.0,0.0,0.0
1990-08-08,0.0,0.0,0.0
1990-08-09,0.0,0.0,0.0
1990-08-10,0.5260560849199707,0.4,0.7
1990-08-11,0.0,0.0,0.0
1990-08-12,0.0,0.0,0.0
1990-08-13,0.0,0.0,0.0
1990-08-14,0.0,0.0,0.0
1990-08-15,0.0,0.0,0.0
1990-08-16,0.0,0.0,0.0
1990-08-17,19.51163082070425,15.7,24.5
1990-08-18,9.070290390679395,7.3,11.4
1990-08-19,5.908536214393781,4.7,7.4
1990-08-20,3.479142640586914,2.8,4.4
1990-08-21,10.758085299988595,8.6,13.5
1990-08-22,0.5260560849199707,0.4,0.7
1990-08-23,0.0,0.0,0.0
1990-08-24,0.0,0.0,0.0
1990-08-25,1.3724887306500877,1.1,1.7
1990-08-26,1.8984439188514723,1.5,2.4
1990-08-27,0.8419702643089455,0.7,1.1
1990-08-28,9.070290390679395,7.3,11.4
1990-08-29,8.859088234497953,7.1,11.1
1990-08-30,1.5807565178783878,1.3,2.0
1990-08-31,0.0,0.0,0.0
1990-09-01,0.0,0.0,0.0
1990-09-02,0.0,0.0,0.0
1990-09-03,0.0,0.0,0.0
1990-09-04,0.0,0.0,0.0
1990-09-05,0.0,0.0,0.0
1990-09-06,0.0,0.0,0.0
1990-09-07,0.0,0.0,0.0
1990-09-08,0.0,0.0,0.0
1990-09-09,0.0,0.0,0.0
1990-09-10,0.0,0.0,0.0
1990-09-11,0.0,0.0,0.0
1990-09-12,0.0,0.0,0.0
1990-09-13,0.0,0.0,0.0
1990-09-14,0.0,0.0,0.0
1990-09-15,8.593482113448868,7.5,10.3
1990-09-16,1.9091326036499539,1.7,2.3
1990-09-17,0.0,0.0,0.0
1990-09-18,0.0,0.0,0.0
1990-09-19,0.0,0.0,0.0
1990-09-20,0.0,0.0,0.0
1990-09-21,0.0,0.0,0.0
1990-09-22,0.0,0.0,0.0
1990-09-23,0.0,0.0,0.0
1990-09-24,0.0,0.0,0.0
1990-09-25,2.9697829274830503,2.6,3.6
1990-09-26,1.3772062902056668,1.2,1.6
1990-09-27,0.0,0.0,0.0
1990-09-28,0.0,0.0,0.0
1990-09-29,0.0,0.0,0.0
1990-09-30,0.0,0.0,0.0
1990-10-01,1.522023261086304,1.4,1.8
1990-10-02,0.0,0.0,0.0
1990-10-03,7.717697058153465,6.9,8.9
1990-10-04,3.3501062926579213,3.0,3.9
1990-10-05,4.672375100820801,4.2,5.4
1990-10-06,0.0,0.0,0.0
1990-10-07,0.0,0.0,0.0
1990-10-08,0.0,0.0,0.0
1990-10-09,1.012186654700797,0.9,1.2
1990-10-10,0.5175549971932952,0.5,0.6
1990-10-11,0.5175549971932952,0.5,0.6
1990-10-12,13.709152388216628,12.3,15.8
1990-10-13,4.366483814255474,3.9,5.0
1990-10-14,10.865253133555031,9.7,12.5
1990-10-15,11.57502018211924,10.4,13.4
1990-10-16,4.165502589218224,3.7,4.8
1990-10-17,3.3501062926579213,3.0,3.9
1990-10-18,15.741446368395682,14.1,18.2
1990-10-19,0.0,0.0,0.0
1990-10-20,0.5175549971932952,0.5,0.6
1990-10-21,45.900944426526905,41.1,53.0
1990-10-22,0.0,0.0,0.0
1990-10-23,0.0,0.0,0.0
1990-10-24,0.5175549971932952,0.5,0.6
1990-10-25,9.54372571276277,8.5,11.0
1990-10-26,3.0457928097745093,2.7,3.5
1990-10-27,1.522023261086304,1.4,1.8
1990-10-28,11.36953461468144,10.2,13.1
1990-10-29,15.94316310976033,14.3,18.4
1990-10-30,50.06378285029093,44.8,57.8
1990-10-31,12.083797197448705,10.8,13.9
1990-11-01,1.8344703151662853,1.6,2.1
1990-11-02,0.0,0.0,0.0
1990-11-03,18.137114087071886,16.1,20.9
1990-11-04,46.57070587311016,41.3,53.8
1990-11-05,5.196552646196403,4.6,6.0
1990-11-06,0.5142478839346346,0.5,0.6
1990-11-07,19.156781250839806,17.0,22.1
1990-11-08,15.286817759389823,13.5,17.6
1990-11-09,1.5258792711716984,1.4,1.8
1990-11-10,0.0,0.0,0.0
1990-11-11,0.0,0.0,0.0
1990-11-12,1.3215208868893238,1.2,1.5
1990-11-13,28.93923556633575,25.6,33.4
1990-11-14,0.8224105197339383,0.7,0.9
1990-11-15,0.0,0.0,0.0
1990-11-16,1.0240170631193637,0.9,1.2
1990-11-17,12.123356974023835,10.7,14.0
1990-11-18,3.668306996850045,3.3,4.2
1990-11-19,11.107463207775403,9.8,12.8
1990-11-20,15.489537766693694,13.7,17.9
1990-11-21,13.246775014407405,11.7,15.3
1990-11-22,3.0575216635127496,2.7,3.5
1990-11-23,0.0,0.0,0.0
1990-11-24,28.22558197042464,25.0,32.6
1990-11-25,50.235190335923264,44.5,58.0
1990-11-26,1.0240170631193637,0.9,1.2
1990-11-27,12.428791769019442,11.0,14.4
1990-11-28,0.0,0.0,0.0
1990-11-29,27.715526422780226,24.6,32.0
1990-11-30,2.038382816899762,1.8,2.4
1990-12-01,26.616257566845736,23.7,31.5
1990-12-02,8.32518687011388,7.4,9.9
1990-12-03,4.9326543195384165,4.4,5.8
1990-12-04,11.71818849353243,10.5,13.9
1990-12-05,0.0,0.0,0.0
1990-12-06,0.0,0.0,0.0
1990-12-07,0.0,0.0,0.0
1990-12-08,8.12046016766563,7.2,9.6
1990-12-09,22.713685958485847,20.3,26.9
1990-12-10,28.986013557081247,25.9,34.3
1990-12-11,0.5159429092965292,0.5,0.6
1990-12-12,0.5159429092965292,0.5,0.6
1990-12-13,3.3916154874201805,3.0,4.0
1990-12-14,0.0,0.0,0.0
1990-12-15,1.0278570715099267,0.9,1.2
1990-12-16,6.2698070941075645,5.6,7.4
1990-12-17,15.93151245714228,14.2,18.9
1990-12-18,24.050780945075335,21.5,28.5
1990-12-19,3.0834608467539826,2.8,3.7
1990-12-20,0.0,0.0,0.0
1990-12-21,0.0,0.0,0.0
1990-12-22,0.8250214686548502,0.7,1.0
1990-12-23,0.0,0.0,0.0
1990-12-24,0.5159429092965292,0.5,0.6
1990-12-25,1.5416469944813824,1.4,1.8
1990-12-26,6.479167453744556,5.8,7.7
1990-12-27,18.49820573833413,16.5,21.9
1990-12-28,4.729319449437208,4.2,5.6
1990-12-29,0.0,0.0,0.0
1990-12-30,0.0,0.0,0.0
1990-12-31,9.352288506851666,8.3,11.1
1991-01-01,0.0,0.0,0.0
1991-01-02,0.0,0.0,0.0
1991-01-03,0.0,0.0,0.0
1991-01-04,0.0,0.0,0.0
1991-01-05,0.0,0.0,0.0
1991-01-06,8.128704562149975,7.1,9.8
1991-01-07,12.237327923004829,10.8,14.8
1991-01-08,1.5440290380230377,1.4,1.9
1991-01-09,12.034093467987681,10.6,14.6
1991-01-10,22.729930150585723,20.0,27.5
1991-01-11,25.096796330408594,22.1,30.4
1991-01-12,37.850146829958284,33.3,45.8
1991-01-13,48.34109338579961,42.5,58.6
1991-01-14,24.27590923863508,21.3,29.4
1991-01-15,12.754250919374998,11.2,15.4
1991-01-16,0.0,0.0,0.0
1991-01-17,0.0,0.0,0.0
1991-01-18,0.0,0.0,0.0
1991-01-19,0.0,0.0,0.0
1991-01-20,0.0,0.0,0.0
1991-01-21,0.0,0.0,0.0
1991-01-22,0.0,0.0,0.0
1991-01-23,0.0,0.0,0.0
1991-01-24,0.0,0.0,0.0
1991-01-25,0.0,0.0,0.0
1991-01-26,0.0,0.0,0.0
1991-01-27,0.0,0.0,0.0
1991-01-28,0.0,0.0,0.0
1991-01-29,0.3045858088395509,0.3,0.4
1991-01-30,0.0,0.0,0.0
1991-01-31,5.762017983024978,5.1,7.0
1991-02-01,2.9006484874177967,2.6,3.4
1991-02-02,19.699397834394848,17.6,23.1
1991-02-03,14.204980069963375,12.7,16.7
1991-02-04,24.46644245082944,21.8,28.7
1991-02-05,11.300087975852051,10.1,13.3
1991-02-06,0.0,0.0,0.0
1991-02-07,0.0,0.0,0.0
1991-02-08,0.0,0.0,0.0
1991-02-09,0.0,0.0,0.0
1991-02-10,0.5239073418766915,0.5,0.6
1991-02-11,7.36005487172342,6.6,8.6
1991-02-12,34.20938738668079,30.5,40.2
1991-02-13,18.140744424443643,16.2,21.3
1991-02-14,0.0,0.0,0.0
1991-02-15,1.0367530930161,0.9,1.2
1991-02-16,12.338859364057608,11.0,14.5
1991-02-17,9.226705207442274,8.2,10.8
1991-02-18,15.551870998290575,13.9,18.3
1991-02-19,4.770581281605633,4.3,5.6
1991-02-20,2.0711372086637656,1.8,2.4
1991-02-21,0.0,0.0,0.0
1991-02-22,0.0,0.0,0.0
1991-02-23,0.0,0.0,0.0
1991-02-24,0.0,0.0,0.0
1991-02-25,0.0,0.0,0.0
1991-02-26,0.0,0.0,0.0
1991-02-27,0.0,0.0,0.0
1991-02-28,1.5533089010207093,1.4,1.8
1991-03-01,17.152444713172926,14.9,19.9
1991-03-02,45.944850182438266,39.9,53.2
1991-03-03,50.207510793266444,43.6,58.2
1991-03-04,20.891666217413217,18.1,24.2
1991-03-05,4.989104609092193,4.3,5.8
1991-03-06,8.418012125500177,7.3,9.8
1991-03-07,0.0,0.0,0.0
1991-03-08,0.0,0.0,0.0
1991-03-09,7.3806102087384415,6.4,8.6
1991-03-10,13.203727496932967,11.5,15.3
1991-03-11,11.850199651388035,10.3,13.7
1991-03-12,16.321533757143417,14.2,18.9
1991-03-13,1.0384788123748134,0.9,1.2
1991-03-14,3.9532228598700514,3.4,4.6
1991-03-15,0.0,0.0,0.0
1991-03-16,0.0,0.0,0.0
1991-03-17,6.339433754860957,5.5,7.3
1991-03-18,4.470516802987741,3.9,5.2
1991-03-19,0.5238379522193082,0.5,0.6
1991-03-20,1.873251012795772,1.6,2.2
1991-03-21,4.470516802987741,3.9,5.2
1991-03-22,7.172051484869441,6.2,8.3
1991-03-23,7.8977338540515465,6.9,9.2
1991-03-24,12.68006570213285,11.0,14.7
1991-03-25,3.117496046760148,2.7,3.6
1991-03-26,0.0,0.0,0.0
1991-03-27,0.0,0.0,0.0
1991-03-28,0.5238379522193082,0.5,0.6
1991-03-29,0.0,0.0,0.0
1991-03-30,0.0,0.0,0.0
1991-03-31,3.4307457259997194,3.0,4.0
1991-04-01,5.513429741980058,4.6,6.9
1991-04-02,5.513429741980058,4.6,6.9
1991-04-03,3.9529497159515485,3.3,4.9
1991-04-04,18.521046065452467,15.6,23.1
1991-04-05,21.95258902067244,18.5,27.4
1991-04-06,17.48115402146379,14.7,21.8
1991-04-07,18.211245212675276,15.4,22.7
1991-04-08,22.996709327621552,19.4,28.7
1991-04-09,20.602312451434507,17.4,25.7
1991-04-10,6.870559070907082,5.8,8.6
1991-04-11,0.0,0.0,0.0
1991-04-12,0.5219298615397068,0.4,0.6
1991-04-13,1.5608411735542735,1.3,1.9
1991-04-14,6.555830368777597,5.5,8.2
1991-04-15,4.475355174441331,3.8,5.6
1991-04-16,2.916511558036748,2.5,3.6
1991-04-17,3.9529497159515485,3.3,4.9
1991-04-18,2.3929175267652467,2.0,3.0
1991-04-19,0.0,0.0,0.0
1991-04-20,7.179342608710873,6.1,9.0
1991-04-21,4.991679632975555,4.2,6.2
1991-04-22,1.034243375508953,0.9,1.3
1991-04-23,11.654047494911081,9.8,14.6
1991-04-24,21.43587859492418,18.1,26.8
1991-04-25,13.215457167000912,11.1,16.5
1991-04-26,7.179342608710873,6.1,9.0
1991-04-27,1.5608411735542735,1.3,1.9
1991-04-28,2.916511558036748,2.5,3.6
1991-04-29,0.0,0.0,0.0
1991-04-30,0.0,0.0,0.0
1991-05-01,0.8559445063639596,0.7,1.1
1991-05-02,2.999324070842921,2.5,3.7
1991-05-03,0.0,0.0,0.0
1991-05-04,0.0,0.0,0.0
1991-05-05,0.0,0.0,0.0
1991-05-06,10.606727681652051,8.7,13.1
1991-05-07,20.99980977558737,17.3,25.9
1991-05-08,16.072595975148445,13.2,19.8
1991-05-09,2.464533267900699,2.0,3.0
1991-05-10,1.3942838977888599,1.1,1.7
1991-05-11,1.6092601143495053,1.3,2.0
1991-05-12,1.9298040113200767,1.6,2.4
1991-05-13,5.143727487463542,4.2,6.3
1991-05-14,0.0,0.0,0.0
1991-05-15,5.143727487463542,4.2,6.3
1991-05-16,23.67776806381713,19.5,29.2
1991-05-17,42.213562774333724,34.7,52.1
1991-05-18,4.070409202569636,3.3,5.0
1991-05-19,5.679343599735129,4.7,7.0
1991-05-20,0.0,0.0,0.0
1991-05-21,0.0,0.0,0.0
1991-05-22,0.0,0.0,0.0
1991-05-23,0.0,0.0,0.0
1991-05-24,0.5419813631275823,0.4,0.7
1991-05-25,0.0,0.0,0.0
1991-05-26,0.0,0.0,0.0
1991-05-27,1.6092601143495053,1.3,2.0
1991-05-28,4.070409202569636,3.3,5.0
1991-05-29,11.678919436454299,9.6,14.4
1991-05-30,4.070409202569636,3.3,5.0
1991-05-31,0.0,0.0,0.0
1991-06-01,0.0,0.0,0.0
1991-06-02,0.0,0.0,0.0
1991-06-03,0.0,0.0,0.0
1991-06-04,0.32234129497515424,0.2,0.4
1991-06-05,1.0689166253413362,0.8,1.4
1991-06-06,1.0689166253413362,0.8,1.4
1991-06-07,0.0,0.0,0.0
1991-06-08,0.0,0.0,0.0
1991-06-09,0.0,0.0,0.0
1991-06-10,0.0,0.0,0.0
1991-06-11,1.0689166253413362,0.8,1.4
1991-06-12,1.0689166253413362,0.8,1.4
1991-06-13,1.9306260487999942,1.5,2.5
1991-06-14,0.0,0.0,0.0
1991-06-15,0.0,0.0,0.0
1991-06-16,2.1447836434041982,1.6,2.8
1991-06-17,0.0,0.0,0.0
1991-06-18,0.8622663219491368,0.6,1.1
1991-06-19,17.69645797317547,13.4,22.8
1991-06-20,13.620094652775958,10.3,17.6
1991-06-21,0.0,0.0,0.0
1991-06-22,0.0,0.0,0.0
1991-06-23,1.9306260487999942,1.5,2.5
1991-06-24,0.0,0.0,0.0
1991-06-25,0.5365764392684496,0.4,0.7
1991-06-26,0.8622663219491368,0.6,1.1
1991-06-27,7.079518731844216,5.4,9.1
1991-06-28,10.081321491502283,7.6,13.0
1991-06-29,0.0,0.0,0.0
1991-06-30,0.0,0.0,0.0
1991-07-01,0.0,0.0,0.0
1991-07-02,0.0,0.0,0.0
1991-07-03,0.0,0.0,0.0
1991-07-04,0.0,0.0,0.0
1991-07-05,0.0,0.0,0.0
1991-07-06,0.0,0.0,0.0
1991-07-07,0.0,0.0,0.0
1991-07-08,0.0,0.0,0.0
1991-07-09,0.0,0.0,0.0
1991-07-10,0.0,0.0,0.0
1991-07-11,0.0,0.0,0.0
1991-07-12,0.5631077962392734,0.4,0.8
1991-07-13,0.0,0.0,0.0
1991-07-14,0.5631077962392734,0.4,0.8
1991-07-15,2.815522512560947,1.9,4.0
1991-07-16,10.580395243005189,7.2,15.0
1991-07-17,1.1251558446872005,0.8,1.6
1991-07-18,0.0,0.0,0.0
1991-07-19,0.0,0.0,0.0
1991-07-20,0.0,0.0,0.0
1991-07-21,0.0,0.0,0.0
1991-07-22,0.0,0.0,0.0
1991-07-23,3.14948425432249,2.1,4.5
1991-07-24,0.0,0.0,0.0
1991-07-25,0.0,0.0,0.0
1991-07-26,0.0,0.0,0.0
1991-07-27,0.0,0.0,0.0
1991-07-28,0.0,0.0,0.0
1991-07-29,0.0,0.0,0.0
1991-07-30,0.0,0.0,0.0
1991-07-31,0.0,0.0,0.0
1991-08-01,0.0,0.0,0.0
1991-08-02,0.0,0.0,0.0
1991-08-03,0.0,0.0,0.0
1991-08-04,4.8505884267762545,3.9,6.1
1991-08-05,1.0535598521999154,0.8,1.3
1991-08-06,0.0,0.0,0.0
1991-08-07,0.0,0.0,0.0
1991-08-08,6.961036960437494,5.6,8.7
1991-08-09,1.8984439188514723,1.5,2.4
1991-08-10,0.0,0.0,0.0
1991-08-11,0.0,0.0,0.0
1991-08-12,0.0,0.0,0.0
1991-08-13,0.0,0.0,0.0
1991-08-14,0.0,0.0,0.0
1991-08-15,0.5260560849199707,0.4,0.7
1991-08-16,0.0,0.0,0.0
1991-08-17,17.71803311170417,14.2,22.2
1991-08-18,1.3724887306500877,1.1,1.7
1991-08-19,0.0,0.0,0.0
1991-08-20,0.0,0.0,0.0
1991-08-21,0.0,0.0,0.0
1991-08-22,0.0,0.0,0.0
1991-08-23,0.0,0.0,0.0
1991-08-24,0.0,0.0,0.0
1991-08-25,0.0,0.0,0.0
1991-08-26,0.0,0.0,0.0
1991-08-27,6.1181942094730095,4.9,7.7
1991-08-28,4.5354491189696375,3.6,5.7
1991-08-29,0.0,0.0,0.0
1991-08-30,0.0,0.0,0.0
1991-08-31,0.5260560849199707,0.4,0.7
1991-09-01,0.31328755530511265,0.3,0.4
1991-09-02,0.0,0.0,0.0
1991-09-03,0.0,0.0,0.0
1991-09-04,0.0,0.0,0.0
1991-09-05,0.0,0.0,0.0
1991-09-06,0.0,0.0,0.0
1991-09-07,0.0,0.0,0.0
1991-09-08,0.0,0.0,0.0
1991-09-09,0.0,0.0,0.0
1991-09-10,0.0,0.0,0.0
1991-09-11,0.0,0.0,0.0
1991-09-12,0.0,0.0,0.0
1991-09-13,0.0,0.0,0.0
1991-09-14,0.0,0.0,0.0
1991-09-15,0.0,0.0,0.0
1991-09-16,0.0,0.0,0.0
1991-09-17,0.0,0.0,0.0
1991-09-18,0.0,0.0,0.0
1991-09-19,0.0,0.0,0.0
1991-09-20,0.0,0.0,0.0
1991-09-21,0.0,0.0,0.0
1991-09-22,0.0,0.0,0.0
1991-09-23,0.0,0.0,0.0
1991-09-24,0.0,0.0,0.0
1991-09-25,0.0,0.0,0.0
1991-09-26,3.181180354627337,2.8,3.8
1991-09-27,0.0,0.0,0.0
1991-09-28,0.0,0.0,0.0
1991-09-29,0.0,0.0,0.0
1991-09-30,0.0,0.0,0.0
1991-10-01,0.0,0.0,0.0
1991-10-02,0.0,0.0,0.0
1991-10-03,0.0,0.0,0.0
1991-10-04,0.0,0.0,0.0
1991-10-05,0.0,0.0,0.0
1991-10-06,0.0,0.0,0.0
1991-10-07,0.0,0.0,0.0
1991-10-08,0.0,0.0,0.0
1991-10-09,0.0,0.0,0.0
1991-10-10,0.0,0.0,0.0
1991-10-11,0.0,0.0,0.0
1991-10-12,0.0,0.0,0.0
1991-10-13,0.0,0.0,0.0
1991-10-14,0.0,0.0,0.0
1991-10-15,0.3010862083023276,0.3,0.4
1991-10-16,0.5175549971932952,0.5,0.6
1991-10-17,0.0,0.0,0.0
1991-10-18,0.0,0.0,0.0
1991-10-19,0.5175549971932952,0.5,0.6
1991-10-20,1.012186654700797,0.9,1.2
1991-10-21,3.6539996906436953,3.3,4.2
1991-10-22,15.435733371502735,13.8,17.8
1991-10-23,12.083797197448705,10.8,13.9
1991-10-24,23.25750342507453,20.8,26.8
1991-10-25,33.003374940460986,29.5,38.1
1991-10-26,14.217642205695427,12.7,16.4
1991-10-27,12.390319995039327,11.1,14.3
1991-10-28,12.083797197448705,10.8,13.9
1991-10-29,3.857086556515926,3.5,4.5
1991-10-30,0.0,0.0,0.0
1991-10-31,0.0,0.0,0.0
1991-11-01,0.0,0.0,0.0
1991-11-02,0.0,0.0,0.0
1991-11-03,1.0240170631193637,0.9,1.2
1991-11-04,22.008607540385224,19.5,25.4
1991-11-05,38.00804379615385,33.7,43.9
1991-11-06,7.234302482677401,6.4,8.4
1991-11-07,1.0240170631193637,0.9,1.2
1991-11-08,2.853932913241361,2.5,3.3
1991-11-09,0.0,0.0,0.0
1991-11-10,0.0,0.0,0.0
1991-11-11,20.991692060778952,18.6,24.2
1991-11-12,45.34439493005704,40.2,52.4
1991-11-13,14.77633952112336,13.1,17.1
1991-11-14,1.5258792711716984,1.4,1.8
1991-11-15,3.0575216635127496,2.7,3.5
1991-11-16,25.57620955980205,22.7,29.5
1991-11-17,47.58634331999527,42.2,54.9
1991-11-18,11.107463207775403,9.8,12.8
1991-11-19,25.883086809382217,22.9,29.9
1991-11-20,40.655960517854744,36.0,46.9
1991-11-21,5.399840002643604,4.8,6.2
1991-11-22,0.0,0.0,0.0
1991-11-23,8.049353795040053,7.1,9.3
1991-11-24,46.36326258051419,41.1,53.5
1991-11-25,40.655960517854744,36.0,46.9
1991-11-26,39.127287121540164,34.7,45.2
1991-11-27,7.539009111578265,6.7,8.7
1991-11-28,5.707509085504691,5.1,6.6
1991-11-29,2.546962438809151,2.3,2.9
1991-11-30,0.0,0.0,0.0
1991-12-01,11.71818849353243,10.5,13.9
1991-12-02,4.4211620316173645,3.9,5.2
1991-12-03,0.5159429092965292,0.5,0.6
1991-12-04,5.754320026582306,5.1,6.8
1991-12-05,58.47906892438211,52.2,69.2
1991-12-06,61.562472628056916,54.9,72.9
1991-12-07,5.241695332628395,4.7,6.2
1991-12-08,6.784458734713125,6.1,8.0
1991-12-09,3.9043422258522424,3.5,4.6
1991-12-10,1.0278570715099267,0.9,1.2
1991-12-11,18.293816333523054,16.3,21.7
1991-12-12,4.729319449437208,4.2,5.6
1991-12-13,0.0,0.0,0.0
1991-12-14,0.0,0.0,0.0
1991-12-15,0.0,0.0,0.0
1991-12-16,0.0,0.0,0.0
1991-12-17,0.0,0.0,0.0
1991-12-18,25.592905490800117,22.8,30.3
1991-12-19,3.6990880029868527,3.3,4.4
1991-12-20,1.3371932628897398,1.2,1.6
1991-12-21,5.241695332628395,4.7,6.2
1991-12-22,0.3048005084493224,0.3,0.4
1991-12-23,0.0,0.0,0.0
1991-12-24,0.0,0.0,0.0
1991-12-25,0.0,0.0,0.0
1991-12-26,0.5159429092965292,0.5,0.6
1991-12-27,0.5159429092965292,0.5,0.6
1991-12-28,4.4211620316173645,3.9,5.2
1991-12-29,4.729319449437208,4.2,5.6
1991-12-30,0.3048005084493224,0.3,0.4
1991-12-31,0.0,0.0,0.0
1992-01-01,2.056949563330548,1.8,2.5
1992-01-02,22.729930150585723,20.0,27.5
1992-01-03,3.9050578025103193,3.4,4.7
1992-01-04,10.69590803797736,9.4,13.0
1992-01-05,4.216668448442297,3.7,5.1
1992-01-06,3.085191779194179,2.7,3.7
1992-01-07,0.0,0.0,0.0
1992-01-08,0.0,0.0,0.0
1992-01-09,5.24453352161597,4.6,6.4
1992-01-10,21.39547307138923,18.8,25.9
1992-01-11,5.24453352161597,4.6,6.4
1992-01-12,0.0,0.0,0.0
1992-01-13,7.301791497573494,6.4,8.8
1992-01-14,0.0,0.0,0.0
1992-01-15,1.5440290380230377,1.4,1.9
1992-01-16,8.33139763220631,7.3,10.1
1992-01-17,0.0,0.0,0.0
1992-01-18,0.0,0.0,0.0
1992-01-19,0.0,0.0,0.0
1992-01-20,0.0,0.0,0.0
1992-01-21,2.8774864463963143,2.5,3.5
1992-01-22,0.0,0.0,0.0
1992-01-23,2.3621094201149715,2.1,2.9
1992-01-24,2.8774864463963143,2.5,3.5
1992-01-25,15.428928866695022,13.6,18.7
1992-01-26,12.034093467987681,10.6,14.6
1992-01-27,20.36642579443819,17.9,24.7
1992-01-28,7.8168470564832555,6.9,9.5
1992-01-29,2.8774864463963143,2.5,3.5
1992-01-30,1.0313824696984126,0.9,1.2
1992-01-31,3.9050578025103193,3.4,4.7
1992-02-01,6.324606276837453,5.6,7.4
1992-02-02,3.108497650978627,2.8,3.7
1992-02-03,0.0,0.0,0.0
1992-02-04,0.0,0.0,0.0
1992-02-05,0.0,0.0,0.0
1992-02-06,1.3505209767182442,1.2,1.6
1992-02-07,0.8314830366197999,0.7,1.0
1992-02-08,1.0367530930161,0.9,1.2
1992-02-09,3.4221848796734924,3.1,4.0
1992-02-10,0.8314830366197999,0.7,1.0
1992-02-11,0.5239073418766915,0.5,0.6
1992-02-12,0.5239073418766915,0.5,0.6
1992-02-13,7.36005487172342,6.6,8.6
1992-02-14,5.495602750260482,4.9,6.5
1992-02-15,4.770581281605633,4.3,5.6
1992-02-16,6.8431118001732,6.1,8.0
1992-02-17,16.274735232440577,14.5,19.1
1992-02-18,33.69224643844331,30.1,39.6
1992-02-19,28.92425945099999,25.8,34.0
1992-02-20,28.196078296598117,25.2,33.1
1992-02-21,21.875646896391206,19.5,25.7
1992-02-22,13.165063364654383,11.7,15.5
1992-02-23,1.8655027377902302,1.7,2.2
1992-02-24,7.879347994854249,7.0,9.3
1992-02-25,0.0,0.0,0.0
1992-02-26,0.0,0.0,0.0
1992-02-27,0.0,0.0,0.0
1992-02-28,0.0,0.0,0.0
1992-02-29,0.0,0.0,0.0
1992-03-01,0.0,0.0,0.0
1992-03-02,2.391367969723704,2.1,2.8
1992-03-03,1.873251012795772,1.6,2.2
1992-03-04,4.263132612662233,3.7,4.9
1992-03-05,6.339433754860957,5.5,7.3
1992-03-06,2.391367969723704,2.1,2.8
1992-03-07,0.0,0.0,0.0
1992-03-08,2.5998946902030413,2.3,3.0
1992-03-09,0.0,0.0,0.0
1992-03-10,0.0,0.0,0.0
1992-03-11,0.0,0.0,0.0
1992-03-12,0.0,0.0,0.0
1992-03-13,0.0,0.0,0.0
1992-03-14,0.3087252518630193,0.3,0.4
1992-03-15,7.3806102087384415,6.4,8.6
1992-03-16,10.811377650740914,9.4,12.5
1992-03-17,7.8977338540515465,6.9,9.2
1992-03-18,0.0,0.0,0.0
1992-03-19,0.0,0.0,0.0
1992-03-20,0.0,0.0,0.0
1992-03-21,0.0,0.0,0.0
1992-03-22,0.0,0.0,0.0
1992-03-23,0.0,0.0,0.0
1992-03-24,0.0,0.0,0.0
1992-03-25,0.0,0.0,0.0
1992-03-26,0.3087252518630193,0.3,0.4
1992-03-27,0.3087252518630193,0.3,0.4
1992-03-28,0.0,0.0,0.0
1992-03-29,2.391367969723704,2.1,2.8
1992-03-30,0.0,0.0,0.0
1992-03-31,0.0,0.0,0.0
1992-04-01,0.0,0.0,0.0
1992-04-02,0.0,0.0,0.0
1992-04-03,6.349270676349731,5.4,7.9
1992-04-04,11.342718644359795,9.6,14.2
1992-04-05,15.292792584238937,12.9,19.1
1992-04-06,4.2649401217265135,3.6,5.3
1992-04-07,1.034243375508953,0.9,1.3
1992-04-08,24.868182694326233,21.0,31.1
1992-04-09,83.76451576742457,70.6,104.6
1992-04-10,12.693377090999967,10.7,15.9
1992-04-11,10.300793937778892,8.7,12.9
1992-04-12,17.165310382757085,14.5,21.4
1992-04-13,12.173956782068801,10.3,15.2
1992-04-14,1.8721610461114937,1.6,2.3
1992-04-15,0.8223577881004663,0.7,1.0
1992-04-16,36.5230773811007,30.8,45.6
1992-04-17,23.828244930976222,20.1,29.8
1992-04-18,0.8223577881004663,0.7,1.0
1992-04-19,0.0,0.0,0.0
1992-04-20,2.6027092268538112,2.2,3.2
1992-04-21,4.787811694680544,4.0,6.0
1992-04-22,2.6027092268538112,2.2,3.2
1992-04-23,0.0,0.0,0.0
1992-04-24,0.0,0.0,0.0
1992-04-25,0.0,0.0,0.0
1992-04-26,0.0,0.0,0.0
1992-04-27,0.0,0.0,0.0
1992-04-28,0.5219298615397068,0.4,0.6
1992-04-29,18.211245212675276,15.4,22.7
1992-04-30,16.125440699671618,13.6,20.1
1992-05-01,0.0,0.0,0.0
1992-05-02,0.0,0.0,0.0
1992-05-03,0.0,0.0,0.0
1992-05-04,0.0,0.0,0.0
1992-05-05,0.0,0.0,0.0
1992-05-06,0.0,0.0,0.0
1992-05-07,0.0,0.0,0.0
1992-05-08,0.0,0.0,0.0
1992-05-09,0.0,0.0,0.0
1992-05-10,0.0,0.0,0.0
1992-05-11,0.0,0.0,0.0
1992-05-12,0.0,0.0,0.0
1992-05-13,0.0,0.0,0.0
1992-05-14,0.0,0.0,0.0
1992-05-15,0.0,0.0,0.0
1992-05-16,0.0,0.0,0.0
1992-05-17,1.3942838977888599,1.1,1.7
1992-05-18,8.463292605120653,7.0,10.4
1992-05-19,15.536218059100383,12.8,19.2
1992-05-20,1.3942838977888599,1.1,1.7
1992-05-21,0.0,0.0,0.0
1992-05-22,0.0,0.0,0.0
1992-05-23,0.0,0.0,0.0
1992-05-24,0.0,0.0,0.0
1992-05-25,1.6092601143495053,1.3,2.0
1992-05-26,0.0,0.0,0.0
1992-05-27,0.0,0.0,0.0
1992-05-28,0.0,0.0,0.0
1992-05-29,0.0,0.0,0.0
1992-05-30,0.0,0.0,0.0
1992-05-31,0.0,0.0,0.0
1992-06-01,0.0,0.0,0.0
1992-06-02,0.0,0.0,0.0
1992-06-03,0.0,0.0,0.0
1992-06-04,0.0,0.0,0.0
1992-06-05,0.0,0.0,0.0
1992-06-06,0.0,0.0,0.0
1992-06-07,0.0,0.0,0.0
1992-06-08,0.0,0.0,0.0
1992-06-09,0.0,0.0,0.0
1992-06-10,0.0,0.0,0.0
1992-06-11,0.0,0.0,0.0
1992-06-12,8.472823190725213,6.4,10.9
1992-06-13,10.940329020380522,8.3,14.1
1992-06-14,2.68189607985742,2.0,3.5
1992-06-15,2.68189607985742,2.0,3.5
1992-06-16,0.5365764392684496,0.4,0.7
1992-06-17,0.0,0.0,0.0
1992-06-18,0.0,0.0,0.0
1992-06-19,0.0,0.0,0.0
1992-06-20,0.0,0.0,0.0
1992-06-21,0.0,0.0,0.0
1992-06-22,0.0,0.0,0.0
1992-06-23,0.0,0.0,0.0
1992-06-24,0.5365764392684496,0.4,0.7
1992-06-25,0.5365764392684496,0.4,0.7
1992-06-26,0.0,0.0,0.0
1992-06-27,0.0,0.0,0.0
1992-06-28,7.398947204072401,5.6,9.5
1992-06-29,15.016293158820762,11.4,19.4
1992-06-30,7.079518731844216,5.4,9.1
1992-07-01,1.1251558446872005,0.8,1.6
1992-07-02,0.0,0.0,0.0
1992-07-03,5.964937057224809,4.1,8.5
1992-07-04,15.19471922029673,10.4,21.6
1992-07-05,7.427449100945082,5.1,10.6
1992-07-06,2.025440911917339,1.4,2.9
1992-07-07,0.0,0.0,0.0
1992-07-08,0.0,0.0,0.0
1992-07-09,0.0,0.0,0.0
1992-07-10,0.0,0.0,0.0
1992-07-11,0.0,0.0,0.0
1992-07-12,0.0,0.0,0.0
1992-07-13,0.0,0.0,0.0
1992-07-14,0.0,0.0,0.0
1992-07-15,0.0,0.0,0.0
1992-07-16,0.0,0.0,0.0
1992-07-17,0.0,0.0,0.0
1992-07-18,0.5631077962392734,0.4,0.8
1992-07-19,0.0,0.0,0.0
1992-07-20,0.0,0.0,0.0
1992-07-21,0.5631077962392734,0.4,0.8
1992-07-22,6.302973090736255,4.3,9.0
1992-07-23,2.815522512560947,1.9,4.0
1992-07-24,0.0,0.0,0.0
1992-07-25,0.0,0.0,0.0
1992-07-26,0.0,0.0,0.0
1992-07-27,0.0,0.0,0.0
1992-07-28,0.0,0.0,0.0
1992-07-29,0.0,0.0,0.0
1992-07-30,0.0,0.0,0.0
1992-07-31,0.0,0.0,0.0
1992-08-01,0.0,0.0,0.0
1992-08-02,0.0,0.0,0.0
1992-08-03,0.3252067787626667,0.3,0.4
1992-08-04,0.3252067787626667,0.3,0.4
1992-08-05,0.0,0.0,0.0
1992-08-06,3.479142640586914,2.8,4.4
1992-08-07,0.5260560849199707,0.4,0.7
1992-08-08,0.0,0.0,0.0
1992-08-09,0.0,0.0,0.0
1992-08-10,0.0,0.0,0.0
1992-08-11,0.0,0.0,0.0
1992-08-12,0.0,0.0,0.0
1992-08-13,1.3724887306500877,1.1,1.7
1992-08-14,0.0,0.0,0.0
1992-08-15,0.0,0.0,0.0
1992-08-16,0.0,0.0,0.0
1992-08-17,0.0,0.0,0.0
1992-08-18,0.0,0.0,0.0
1992-08-19,0.0,0.0,0.0
1992-08-20,0.0,0.0,0.0
1992-08-21,0.0,0.0,0.0
1992-08-22,0.5260560849199707,0.4,0.7
1992-08-23,0.0,0.0,0.0
1992-08-24,0.0,0.0,0.0
1992-08-25,0.0,0.0,0.0
1992-08-26,0.0,0.0,0.0
1992-08-27,0.0,0.0,0.0
1992-08-28,0.0,0.0,0.0
1992-08-29,0.0,0.0,0.0
1992-08-30,0.0,0.0,0.0
1992-08-31,2.4251192731165228,1.9,3.0
1992-09-01,0.0,0.0,0.0
1992-09-02,0.0,0.0,0.0
1992-09-03,9.970658852519293,8.7,11.9
1992-09-04,5.091178101230828,4.5,6.1
1992-09-05,1.3772062902056668,1.2,1.6
1992-09-06,0.0,0.0,0.0
1992-09-07,0.0,0.0,0.0
1992-09-08,0.0,0.0,0.0
1992-09-09,0.0,0.0,0.0
1992-09-10,0.0,0.0,0.0
1992-09-11,0.0,0.0,0.0
1992-09-12,0.0,0.0,0.0
1992-09-13,0.0,0.0,0.0
1992-09-14,0.0,0.0,0.0
1992-09-15,0.5285506219599676,0.5,0.6
1992-09-16,0.0,0.0,0.0
1992-09-17,0.0,0.0,0.0
1992-09-18,0.0,0.0,0.0
1992-09-19,0.8489141165968944,0.7,1.0
1992-09-20,0.0,0.0,0.0
1992-09-21,0.0,0.0,0.0
1992-09-22,0.0,0.0,0.0
1992-09-23,23.442215355873547,20.5,28.0
1992-09-24,38.2951747322708,33.5,45.8
1992-09-25,1.9091326036499539,1.7,2.3
1992-09-26,0.0,0.0,0.0
1992-09-27,0.0,0.0,0.0
1992-09-28,0.0,0.0,0.0
1992-09-29,0.0,0.0,0.0
1992-09-30,0.5285506219599676,0.5,0.6
1992-10-01,1.522023261086304,1.4,1.8
1992-10-02,6.194959673475954,5.5,7.1
1992-10-03,3.6539996906436953,3.3,4.2
1992-10-04,0.0,0.0,0.0
1992-10-05,0.0,0.0,0.0
1992-10-06,0.0,0.0,0.0
1992-10-07,0.0,0.0,0.0
1992-10-08,0.0,0.0,0.0
1992-10-09,0.0,0.0,0.0
1992-10-10,0.0,0.0,0.0
1992-10-11,0.0,0.0,0.0
1992-10-12,0.5175549971932952,0.5,0.6
1992-10-13,1.012186654700797,0.9,1.2
1992-10-14,1.012186654700797,0.9,1.2
1992-10-15,0.3010862083023276,0.3,0.4
1992-10-16,1.522023261086304,1.4,1.8
1992-10-17,2.843023982689109,2.5,3.3
1992-10-18,1.3176596539264918,1.2,1.5
1992-10-19,1.012186654700797,0.9,1.2
1992-10-20,15.232658432207458,13.6,17.6
1992-10-21,5.178924838924272,4.6,6.0
1992-10-22,0.0,0.0,0.0
1992-10-23,0.0,0.0,0.0
1992-10-24,0.0,0.0,0.0
1992-10-25,0.0,0.0,0.0
1992-10-26,0.0,0.0,0.0
1992-10-27,0.0,0.0,0.0
1992-10-28,17.059581944171473,15.3,19.7
1992-10-29,28.332333229311164,25.3,32.7
1992-10-30,35.84737916695905,32.1,41.4
1992-10-31,20.61707847289268,18.4,23.8
1992-11-01,36.78531979601814,32.6,42.5
1992-11-02,3.0575216635127496,2.7,3.5
1992-11-03,0.0,0.0,0.0
1992-11-04,4.175166776974578,3.7,4.8
1992-11-05,0.0,0.0,0.0
1992-11-06,1.3215208868893238,1.2,1.5
1992-11-07,31.28366950062598,27.7,36.1
1992-11-08,23.5415877322103,20.9,27.2
1992-11-09,7.743270187727425,6.9,8.9
1992-11-10,0.0,0.0,0.0
1992-11-11,14.26624675210983,12.6,16.5
1992-11-12,6.215516457027212,5.5,7.2
1992-11-13,0.0,0.0,0.0
1992-11-14,0.0,0.0,0.0
1992-11-15,0.0,0.0,0.0
1992-11-16,5.707509085504691,5.1,6.6
1992-11-17,12.941037527623372,11.5,14.9
1992-11-18,3.869254915635428,3.4,4.5
1992-11-19,25.37409640710114,22.5,29.3
1992-11-20,0.8224105197339383,0.7,0.9
1992-11-21,76.62703406423033,67.9,88.5
1992-11-22,38.82405298815693,34.4,44.8
1992-11-23,1.0240170631193637,0.9,1.2
1992-11-24,0.0,0.0,0.0
1992-11-25,0.0,0.0,0.0
1992-11-26,0.5142478839346346,0.5,0.6
1992-11-27,24.354973085446435,21.6,28.1
1992-11-28,0.5142478839346346,0.5,0.6
1992-11-29,0.5142478839346346,0.5,0.6
1992-11-30,38.31613883985379,34.0,44.2
1992-12-01,14.595282944936175,13.0,17.3
1992-12-02,7.297837229147112,6.5,8.6
1992-12-03,0.0,0.0,0.0
1992-12-04,0.0,0.0,0.0
1992-12-05,2.5674047941606695,2.3,3.0
1992-12-06,3.3916154874201805,3.0,4.0
1992-12-07,39.9812217164207,35.7,47.3
1992-12-08,24.25677688837387,21.6,28.7
1992-12-09,24.56304433313553,21.9,29.1
1992-12-10,14.900260430399715,13.3,17.6
1992-12-11,4.9326543195384165,4.4,5.8
1992-12-12,1.85205960147241,1.7,2.2
1992-12-13,0.5159429092965292,0.5,0.6
1992-12-14,14.38873745501248,12.8,17.0
1992-12-15,2.8783994409643587,2.6,3.4
1992-12-16,16.44652622160393,14.7,19.5
1992-12-17,14.38873745501248,12.8,17.0
1992-12-18,0.8250214686548502,0.7,1.0
1992-12-19,12.745595600844943,11.4,15.1
1992-12-20,34.22438576659285,30.5,40.5
1992-12-21,15.108422906198397,13.5,17.9
1992-12-22,2.3639781767641805,2.1,2.8
1992-12-23,0.0,0.0,0.0
1992-12-24,0.0,0.0,0.0
1992-12-25,1.85205960147241,1.7,2.2
1992-12-26,26.616257566845736,23.7,31.5
1992-12-27,21.173222803706576,18.9,25.1
1992-12-28,26.926265599203475,24.0,31.9
1992-12-29,13.052538646599151,11.6,15.5
1992-12-30,14.595282944936175,13.0,17.3
1992-12-31,21.89346058683461,19.5,25.9
1993-01-01,5.966613259656421,5.2,7.2
1993-01-02,1.3363819911659414,1.2,1.6
1993-01-03,16.969794628753,14.9,20.6
1993-01-04,22.729930150585723,20.0,27.5
1993-01-05,2.8774864463963143,2.5,3.5
1993-01-06,0.5173249538504329,0.5,0.6
1993-01-07,7.301791497573494,6.4,8.8
1993-01-08,6.790395379822047,6.0,8.2
1993-01-09,0.0,0.0,0.0
1993-01-10,1.0313824696984126,0.9,1.2
1993-01-11,3.3932089499384506,3.0,4.1
1993-01-12,0.82673967614764,0.7,1.0
1993-01-13,3.085191779194179,2.7,3.7
1993-01-14,8.640122719170732,7.6,10.5
1993-01-15,0.0,0.0,0.0
1993-01-16,4.73390948196664,4.2,5.7
1993-01-17,0.0,0.0,0.0
1993-01-18,16.4549075586612,14.5,19.9
1993-01-19,34.76460517511889,30.6,42.1
1993-01-20,26.94552235974403,23.7,32.6
1993-01-21,16.14664043592528,14.2,19.6
1993-01-22,11.72730863019517,10.3,14.2
1993-01-23,12.034093467987681,10.6,14.6
1993-01-24,15.633045615752762,13.7,18.9
1993-01-25,2.3621094201149715,2.1,2.9
1993-01-26,0.0,0.0,0.0
1993-01-27,0.0,0.0,0.0
1993-01-28,6.790395379822047,6.0,8.2
1993-01-29,0.0,0.0,0.0
1993-01-30,0.0,0.0,0.0
1993-01-31,0.0,0.0,0.0
1993-02-01,0.0,0.0,0.0
1993-02-02,0.0,0.0,0.0
1993-02-03,0.0,0.0,0.0
1993-02-04,3.9433648705443134,3.5,4.6
1993-02-05,2.0711372086637656,1.8,2.4
1993-02-06,0.0,0.0,0.0
1993-02-07,0.0,0.0,0.0
1993-02-08,2.0711372086637656,1.8,2.4
1993-02-09,3.4221848796734924,3.1,4.0
1993-02-10,0.3042251560095856,0.3,0.4
1993-02-11,6.01253031970965,5.4,7.1
1993-02-12,0.5239073418766915,0.5,0.6
1993-02-13,0.0,0.0,0.0
1993-02-14,0.0,0.0,0.0
1993-02-15,0.5239073418766915,0.5,0.6
1993-02-16,0.0,0.0,0.0
1993-02-17,0.8314830366197999,0.7,1.0
1993-02-18,10.056858452772442,9.0,11.8
1993-02-19,22.38992514126014,20.0,26.3
1993-02-20,12.338859364057608,11.0,14.5
1993-02-21,24.779682990441664,22.1,29.1
1993-02-22,4.25443592254285,3.8,5.0
1993-02-23,1.3505209767182442,1.2,1.6
1993-02-24,0.0,0.0,0.0
1993-02-25,0.0,0.0,0.0
1993-02-26,0.0,0.0,0.0
1993-02-27,0.0,0.0,0.0
1993-02-28,0.0,0.0,0.0
1993-03-01,10.811377650740914,9.4,12.5
1993-03-02,1.3508969830772564,1.2,1.6
1993-03-03,25.882561039175958,22.5,30.0
1993-03-04,16.321533757143417,14.2,18.9
1993-03-05,0.0,0.0,0.0
1993-03-06,0.0,0.0,0.0
1993-03-07,0.0,0.0,0.0
1993-03-08,0.0,0.0,0.0
1993-03-09,0.0,0.0,0.0
1993-03-10,10.290526645638234,8.9,11.9
1993-03-11,0.0,0.0,0.0
1993-03-12,0.0,0.0,0.0
1993-03-13,1.0384788123748134,0.9,1.2
1993-03-14,49.68937799627696,43.1,57.6
1993-03-15,47.81387734861728,41.5,55.4
1993-03-16,35.341709296764286,30.7,40.9
1993-03-17,38.56427344648294,33.5,44.7
1993-03-18,14.240809903881747,12.4,16.5
1993-03-19,4.263132612662233,3.7,4.9
1993-03-20,11.639477493806424,10.1,13.5
1993-03-21,10.811377650740914,9.4,12.5
1993-03-22,32.22368426672417,28.0,37.3
1993-03-23,26.091707352266937,22.7,30.2
1993-03-24,2.5998946902030413,2.3,3.0
1993-03-25,0.5238379522193082,0.5,0.6
1993-03-26,0.0,0.0,0.0
1993-03-27,0.0,0.0,0.0
1993-03-28,0.8326670428531628,0.7,1.0
1993-03-29,3.4307457259997194,3.0,4.0
1993-03-30,0.5238379522193082,0.5,0.6
1993-03-31,7.8977338540515465,6.9,9.2
1993-04-01,21.121666794395054,17.8,26.4
1993-04-02,27.47294205812587,23.2,34.3
1993-04-03,22.996709327621552,19.4,28.7
1993-04-04,9.260911528113365,7.8,11.6
1993-04-05,9.778760725633513,8.2,12.2
1993-04-06,9.260911528113365,7.8,11.6
1993-04-07,0.0,0.0,0.0
1993-04-08,29.555414804713855,24.9,36.9
1993-04-09,18.73012560767176,15.8,23.4
1993-04-10,16.125440699671618,13.6,20.1
1993-04-11,13.215457167000912,11.1,16.5
1993-04-12,6.555830368777597,5.5,8.2
1993-04-13,1.3514360839475588,1.1,1.7
1993-04-14,2.083391119136104,1.8,2.6
1993-04-15,11.134191432449974,9.4,13.9
1993-04-16,4.787811694680544,4.0,6.0
1993-04-17,19.561717707572477,16.5,24.4
1993-04-18,12.693377090999967,10.7,15.9
1993-04-19,0.32029541273972606,0.3,0.4
1993-04-20,6.349270676349731,5.4,7.9
1993-04-21,10.61492100165222,8.9,13.3
1993-04-22,11.342718644359795,9.6,14.2
1993-04-23,12.173956782068801,10.3,15.2
1993-04-24,8.221036135617961,6.9,10.3
1993-04-25,16.33277100733877,13.8,20.4
1993-04-26,3.9529497159515485,3.3,4.9
1993-04-27,0.0,0.0,0.0
1993-04-28,7.910576181504183,6.7,9.9
1993-04-29,13.52892985771928,11.4,16.9
1993-04-30,0.8223577881004663,0.7,1.0
1993-05-01,2.6797440976178812,2.2,3.3
1993-05-02,3.534478310299395,2.9,4.4
1993-05-03,28.822505186224234,23.7,35.6
1993-05-04,0.0,0.0,0.0
1993-05-05,2.464533267900699,2.0,3.0
1993-05-06,21.53584450009781,17.7,26.6
1993-05-07,10.606727681652051,8.7,13.1
1993-05-08,3.534478310299395,2.9,4.4
1993-05-09,3.858928684490235,3.2,4.8
1993-05-10,0.5419813631275823,0.4,0.7
1993-05-11,0.0,0.0,0.0
1993-05-12,1.9298040113200767,1.6,2.4
1993-05-13,0.0,0.0,0.0
1993-05-14,0.0,0.0,0.0
1993-05-15,0.0,0.0,0.0
1993-05-16,0.0,0.0,0.0
1993-05-17,0.0,0.0,0.0
1993-05-18,0.0,0.0,0.0
1993-05-19,10.606727681652051,8.7,13.1
1993-05-20,11.678919436454299,9.6,14.4
1993-05-21,4.070409202569636,3.3,5.0
1993-05-22,0.0,0.0,0.0
1993-05-23,0.8559445063639596,0.7,1.1
1993-05-24,7.928685629831507,6.5,9.8
1993-05-25,21.53584450009781,17.7,26.6
1993-05-26,9.751078198475286,8.0,12.0
1993-05-27,10.394711808023029,8.6,12.8
1993-05-28,2.464533267900699,2.0,3.0
1993-05-29,0.8559445063639596,0.7,1.1
1993-05-30,11.142267555260053,9.2,13.8
1993-05-31,22.071286414141493,18.2,27.2
1993-06-01,19.088450591856997,14.4,24.6
1993-06-02,5.683145036547243,4.3,7.3
1993-06-03,6.221231200865726,4.7,8.0
1993-06-04,14.15768481516712,10.7,18.3
1993-06-05,10.403360747752782,7.9,13.4
1993-06-06,8.472823190725213,6.4,10.9
1993-06-07,3.8595258786474966,2.9,5.0
1993-06-08,0.0,0.0,0.0
1993-06-09,5.469356592765211,4.1,7.1
1993-06-10,8.151219699433282,6.2,10.5
1993-06-11,10.081321491502283,7.6,13.0
1993-06-12,0.0,0.0,0.0
1993-06-13,0.0,0.0,0.0
1993-06-14,1.611074474052649,1.2,2.1
1993-06-15,2.465632032986512,1.9,3.2
1993-06-16,0.5365764392684496,0.4,0.7
1993-06-17,0.0,0.0,0.0
1993-06-18,0.0,0.0,0.0
1993-06-19,0.0,0.0,0.0
1993-06-20,0.8622663219491368,0.6,1.1
1993-06-21,8.685016047899094,6.6,11.2
1993-06-22,12.22749941787529,9.2,15.8
1993-06-23,0.0,0.0,0.0
1993-06-24,0.0,0.0,0.0
1993-06-25,0.0,0.0,0.0
1993-06-26,0.0,0.0,0.0
1993-06-27,0.5365764392684496,0.4,0.7
1993-06-28,0.0,0.0,0.0
1993-06-29,0.0,0.0,0.0
1993-06-30,0.0,0.0,0.0
1993-07-01,0.0,0.0,0.0
1993-07-02,2.025440911917339,1.4,2.9
1993-07-03,0.0,0.0,0.0
1993-07-04,0.0,0.0,0.0
1993-07-05,0.0,0.0,0.0
1993-07-06,0.0,0.0,0.0
1993-07-07,0.0,0.0,0.0
1993-07-08,0.0,0.0,0.0
1993-07-09,0.0,0.0,0.0
1993-07-10,0.0,0.0,0.0
1993-07-11,0.0,0.0,0.0
1993-07-12,0.5631077962392734,0.4,0.8
1993-07-13,0.9018295581295481,0.6,1.3
1993-07-14,1.1251558446872005,0.8,1.6
1993-07-15,2.586611066341776,1.8,3.7
1993-07-16,2.815522512560947,1.9,4.0
1993-07-17,1.1251558446872005,0.8,1.6
1993-07-18,2.025440911917339,1.4,2.9
1993-07-19,3.7166719031495994,2.5,5.3
1993-07-20,2.586611066341776,1.8,3.7
1993-07-21,10.242984991517195,7.0,14.6
1993-07-22,21.725482943101074,14.8,30.9
1993-07-23,1.1251558446872005,0.8,1.6
1993-07-24,0.0,0.0,0.0
1993-07-25,0.0,0.0,0.0
1993-07-26,5.7394612080288585,3.9,8.2
1993-07-27,0.0,0.0,0.0
1993-07-28,5.964937057224809,4.1,8.5
1993-07-29,0.0,0.0,0.0
1993-07-30,0.0,0.0,0.0
1993-07-31,0.0,0.0,0.0
1993-08-01,0.0,0.0,0.0
1993-08-02,0.0,0.0,0.0
1993-08-03,0.0,0.0,0.0
1993-08-04,0.0,0.0,0.0
1993-08-05,0.0,0.0,0.0
1993-08-06,0.0,0.0,0.0
1993-08-07,0.0,0.0,0.0
1993-08-08,0.0,0.0,0.0
1993-08-09,0.0,0.0,0.0
1993-08-10,0.0,0.0,0.0
1993-08-11,0.0,0.0,0.0
1993-08-12,0.0,0.0,0.0
1993-08-13,1.0535598521999154,0.8,1.3
1993-08-14,0.5260560849199707,0.4,0.7
1993-08-15,6.1181942094730095,4.9,7.7
1993-08-16,0.8419702643089455,0.7,1.1
1993-08-17,0.0,0.0,0.0
1993-08-18,0.0,0.0,0.0
1993-08-19,7.488943341526778,6.0,9.4
1993-08-20,3.1640691207910336,2.5,4.0
1993-08-21,0.5260560849199707,0.4,0.7
1993-08-22,0.8419702643089455,0.7,1.1
1993-08-23,0.5260560849199707,0.4,0.7
1993-08-24,0.0,0.0,0.0
1993-08-25,0.0,0.0,0.0
1993-08-26,0.0,0.0,0.0
1993-08-27,0.0,0.0,0.0
1993-08-28,0.0,0.0,0.0
1993-08-29,0.0,0.0,0.0
1993-08-30,0.0,0.0,0.0
1993-08-31,0.0,0.0,0.0
1993-09-01,0.0,0.0,0.0
1993-09-02,0.0,0.0,0.0
1993-09-03,0.0,0.0,0.0
1993-09-04,0.0,0.0,0.0
1993-09-05,0.0,0.0,0.0
1993-09-06,0.0,0.0,0.0
1993-09-07,0.0,0.0,0.0
1993-09-08,0.0,0.0,0.0
1993-09-09,0.0,0.0,0.0
1993-09-10,0.0,0.0,0.0
1993-09-11,0.0,0.0,0.0
1993-09-12,0.0,0.0,0.0
1993-09-13,0.0,0.0,0.0
1993-09-14,0.0,0.0,0.0
1993-09-15,0.0,0.0,0.0
1993-09-16,2.121066352878236,1.9,2.5
1993-09-17,0.0,0.0,0.0
1993-09-18,0.0,0.0,0.0
1993-09-19,0.0,0.0,0.0
1993-09-20,0.0,0.0,0.0
1993-09-21,0.0,0.0,0.0
1993-09-22,0.0,0.0,0.0
1993-09-23,0.0,0.0,0.0
1993-09-24,0.0,0.0,0.0
1993-09-25,0.0,0.0,0.0
1993-09-26,0.0,0.0,0.0
1993-09-27,0.0,0.0,0.0
1993-09-28,0.0,0.0,0.0
1993-09-29,0.0,0.0,0.0
1993-09-30,0.0,0.0,0.0
1993-10-01,0.0,0.0,0.0
1993-10-02,0.0,0.0,0.0
1993-10-03,0.0,0.0,0.0
1993-10-04,0.0,0.0,0.0
1993-10-05,0.5175549971932952,0.5,0.6
1993-10-06,4.672375100820801,4.2,5.4
1993-10-07,2.035229509953034,1.8,2.3
1993-10-08,0.0,0.0,0.0
1993-10-09,0.0,0.0,0.0
1993-10-10,1.3176596539264918,1.2,1.5
1993-10-11,6.194959673475954,5.5,7.1
1993-10-12,6.3976762554603885,5.7,7.4
1993-10-13,4.8749661296643065,4.4,5.6
1993-10-14,8.225933165258667,7.4,9.5
1993-10-15,9.037418919276782,8.1,10.4
1993-10-16,0.3010862083023276,0.3,0.4
1993-10-17,0.0,0.0,0.0
1993-10-18,0.0,0.0,0.0
1993-10-19,0.0,0.0,0.0
1993-10-20,0.0,0.0,0.0
1993-10-21,0.0,0.0,0.0
1993-10-22,0.0,0.0,0.0
1993-10-23,1.012186654700797,0.9,1.2
1993-10-24,1.012186654700797,0.9,1.2
1993-10-25,0.0,0.0,0.0
1993-10-26,0.0,0.0,0.0
1993-10-27,0.0,0.0,0.0
1993-10-28,0.0,0.0,0.0
1993-10-29,0.0,0.0,0.0
1993-10-30,0.0,0.0,0.0
1993-10-31,1.522023261086304,1.4,1.8
1993-11-01,0.0,0.0,0.0
1993-11-02,0.0,0.0,0.0
1993-11-03,11.414385518755154,10.1,13.2
1993-11-04,0.0,0.0,0.0
1993-11-05,0.0,0.0,0.0
1993-11-06,0.0,0.0,0.0
1993-11-07,0.0,0.0,0.0
1993-11-08,0.0,0.0,0.0
1993-11-09,0.0,0.0,0.0
1993-11-10,0.0,0.0,0.0
1993-11-11,0.302296498719456,0.3,0.4
1993-11-12,0.5142478839346346,0.5,0.6
1993-11-13,0.0,0.0,0.0
1993-11-14,0.0,0.0,0.0
1993-11-15,3.869254915635428,3.4,4.5
1993-11-16,8.560167218282414,7.6,9.9
1993-11-17,5.196552646196403,4.6,6.0
1993-11-18,0.302296498719456,0.3,0.4
1993-11-19,0.0,0.0,0.0
1993-11-20,4.380074056451028,3.9,5.1
1993-11-21,21.704770957314082,19.2,25.1
1993-11-22,16.609155299248346,14.7,19.2
1993-11-23,1.8344703151662853,1.6,2.1
1993-11-24,0.0,0.0,0.0
1993-11-25,0.0,0.0,0.0
1993-11-26,0.0,0.0,0.0
1993-11-27,1.5258792711716984,1.4,1.8
1993-11-28,7.234302482677401,6.4,8.4
1993-11-29,16.609155299248346,14.7,19.2
1993-11-30,30.567883819695496,27.1,35.3
1993-12-01,50.66984651956691,45.2,60.0
1993-12-02,2.5674047941606695,2.3,3.0
1993-12-03,3.3916154874201805,3.0,4.0
1993-12-04,26.411602694880667,23.6,31.3
1993-12-05,2.3639781767641805,2.1,2.8
1993-12-06,11.514542926713736,10.3,13.6
1993-12-07,57.659584938468825,51.4,68.3
1993-12-08,31.344666157233398,28.0,37.1
1993-12-09,10.998528670201198,9.8,13.0
1993-12-10,13.567435834281282,12.1,16.1
1993-12-11,10.68918888044006,9.5,12.7
1993-12-12,7.811420459070519,7.0,9.2
1993-12-13,2.5674047941606695,2.3,3.0
1993-12-14,2.3639781767641805,2.1,2.8
1993-12-15,1.0278570715099267,0.9,1.2
1993-12-16,0.0,0.0,0.0
1993-12-17,0.0,0.0,0.0
1993-12-18,0.0,0.0,0.0
1993-12-19,0.0,0.0,0.0
1993-12-20,0.0,0.0,0.0
1993-12-21,0.0,0.0,0.0
1993-12-22,0.0,0.0,0.0
1993-12-23,0.0,0.0,0.0
1993-12-24,0.0,0.0,0.0
1993-12-25,0.0,0.0,0.0
1993-12-26,0.0,0.0,0.0
1993-12-27,0.0,0.0,0.0
1993-12-28,0.0,0.0,0.0
1993-12-29,0.5159429092965292,0.5,0.6
1993-12-30,13.875494799473675,12.4,16.4
1993-12-31,10.68918888044006,9.5,12.7
1994-01-01,36.10402505400756,31.7,43.7
1994-01-02,32.709355858395014,28.7,39.6
1994-01-03,17.48573802784735,15.4,21.2
1994-01-04,38.36411928751657,33.7,46.5
1994-01-05,24.78914879212102,21.8,30.0
1994-01-06,2.3621094201149715,2.1,2.9
1994-01-07,5.762017983024978,5.1,7.0
1994-01-08,20.87992428280782,18.4,25.3
1994-01-09,19.338025865308673,17.0,23.4
1994-01-10,12.548190652561232,11.0,15.2
1994-01-11,6.790395379822047,6.0,8.2
1994-01-12,0.0,0.0,0.0
1994-01-13,0.0,0.0,0.0
1994-01-14,0.5173249538504329,0.5,0.6
1994-01-15,0.0,0.0,0.0
1994-01-16,0.0,0.0,0.0
1994-01-17,0.0,0.0,0.0
1994-01-18,0.0,0.0,0.0
1994-01-19,0.0,0.0,0.0
1994-01-20,0.0,0.0,0.0
1994-01-21,2.056949563330548,1.8,2.5
1994-01-22,4.73390948196664,4.2,5.7
1994-01-23,8.33139763220631,7.3,10.1
1994-01-24,1.8550395216229574,1.6,2.2
1994-01-25,0.0,0.0,0.0
1994-01-26,0.5173249538504329,0.5,0.6
1994-01-27,0.0,0.0,0.0
1994-01-28,0.0,0.0,0.0
1994-01-29,0.0,0.0,0.0
1994-01-30,0.0,0.0,0.0
1994-01-31,0.0,0.0,0.0
1994-02-01,0.0,0.0,0.0
1994-02-02,0.0,0.0,0.0
1994-02-03,0.0,0.0,0.0
1994-02-04,0.0,0.0,0.0
1994-02-05,0.0,0.0,0.0
1994-02-06,2.0711372086637656,1.8,2.4
1994-02-07,1.3505209767182442,1.2,1.6
1994-02-08,1.0367530930161,0.9,1.2
1994-02-09,20.01177844413502,17.9,23.5
1994-02-10,6.8431118001732,6.1,8.0
1994-02-11,0.8314830366197999,0.7,1.0
1994-02-12,0.8314830366197999,0.7,1.0
1994-02-13,15.75555442974619,14.1,18.5
1994-02-14,0.3042251560095856,0.3,0.4
1994-02-15,0.0,0.0,0.0
1994-02-16,4.25443592254285,3.8,5.0
1994-02-17,17.10751509695662,15.3,20.1
1994-02-18,4.25443592254285,3.8,5.0
1994-02-19,1.8655027377902302,1.7,2.2
1994-02-20,12.855057293120582,11.5,15.1
1994-02-21,21.875646896391206,19.5,25.7
1994-02-22,13.996245022143924,12.5,16.4
1994-02-23,44.78802387019889,40.0,52.6
1994-02-24,25.294971520052606,22.6,29.7
1994-02-25,9.433617559199659,8.4,11.1
1994-02-26,11.821337354747598,10.5,13.9
1994-02-27,18.140744424443643,16.2,21.3
1994-02-28,4.25443592254285,3.8,5.0
1994-03-01,2.391367969723704,2.1,2.8
1994-03-02,14.240809903881747,12.4,16.5
1994-03-03,27.961036715538583,24.3,32.4
1994-03-04,3.117496046760148,2.7,3.6
1994-03-05,0.0,0.0,0.0
1994-03-06,0.0,0.0,0.0
1994-03-07,0.0,0.0,0.0
1994-03-08,0.0,0.0,0.0
1994-03-09,0.5238379522193082,0.5,0.6
1994-03-10,0.8326670428531628,0.7,1.0
1994-03-11,0.0,0.0,0.0
1994-03-12,0.0,0.0,0.0
1994-03-13,0.0,0.0,0.0
1994-03-14,0.0,0.0,0.0
1994-03-15,1.3508969830772564,1.2,1.6
1994-03-16,13.203727496932967,11.5,15.3
1994-03-17,12.159760006904188,10.6,14.1
1994-03-18,17.152444713172926,14.9,19.9
1994-03-19,1.873251012795772,1.6,2.2
1994-03-20,18.70929272672112,16.2,21.7
1994-03-21,22.451012208014788,19.5,26.0
1994-03-22,3.7415260095214737,3.2,4.3
1994-03-23,1.0384788123748134,0.9,1.2
1994-03-24,0.0,0.0,0.0
1994-03-25,0.0,0.0,0.0
1994-03-26,0.0,0.0,0.0
1994-03-27,0.0,0.0,0.0
1994-03-28,0.0,0.0,0.0
1994-03-29,1.0384788123748134,0.9,1.2
1994-03-30,28.273394634578338,24.6,32.8
1994-03-31,5.298543331482658,4.6,6.1
1994-04-01,0.0,0.0,0.0
1994-04-02,0.0,0.0,0.0
1994-04-03,3.1218410465007196,2.6,3.9
1994-04-04,0.32029541273972606,0.3,0.4
1994-04-05,15.814876905154339,13.3,19.8
1994-04-06,36.73033617828588,31.0,45.9
1994-04-07,7.38579487378253,6.2,9.2
1994-04-08,17.165310382757085,14.5,21.4
1994-04-09,11.862539114845866,10.0,14.8
1994-04-10,8.742493508791105,7.4,10.9
1994-04-11,0.0,0.0,0.0
1994-04-12,6.349270676349731,5.4,7.9
1994-04-13,0.0,0.0,0.0
1994-04-14,0.0,0.0,0.0
1994-04-15,0.0,0.0,0.0
1994-04-16,0.0,0.0,0.0
1994-04-17,0.0,0.0,0.0
1994-04-18,0.0,0.0,0.0
1994-04-19,0.8223577881004663,0.7,1.0
1994-04-20,1.8721610461114937,1.6,2.3
1994-04-21,0.8223577881004663,0.7,1.0
1994-04-22,1.5608411735542735,1.3,1.9
1994-04-23,4.787811694680544,4.0,6.0
1994-04-24,6.349270676349731,5.4,7.9
1994-04-25,9.778760725633513,8.2,12.2
1994-04-26,2.6027092268538112,2.2,3.2
1994-04-27,0.0,0.0,0.0
1994-04-28,0.0,0.0,0.0
1994-04-29,2.916511558036748,2.5,3.6
1994-04-30,1.034243375508953,0.9,1.3
1994-05-01,0.0,0.0,0.0
1994-05-02,0.0,0.0,0.0
1994-05-03,6.535646799737767,5.4,8.1
1994-05-04,11.142267555260053,9.2,13.8
1994-05-05,0.0,0.0,0.0
1994-05-06,0.0,0.0,0.0
1994-05-07,0.0,0.0,0.0
1994-05-08,0.0,0.0,0.0
1994-05-09,0.0,0.0,0.0
1994-05-10,0.0,0.0,0.0
1994-05-11,0.0,0.0,0.0
1994-05-12,0.0,0.0,0.0
1994-05-13,0.0,0.0,0.0
1994-05-14,0.0,0.0,0.0
1994-05-15,24.002106427776813,19.7,29.6
1994-05-16,7.39371327842874,6.1,9.1
1994-05-17,2.6797440976178812,2.2,3.3
1994-05-18,6.7495418708729,5.6,8.3
1994-05-19,7.607448992209961,6.3,9.4
1994-05-20,1.3942838977888599,1.1,1.7
1994-05-21,4.070409202569636,3.3,5.0
1994-05-22,0.32465575294806837,0.3,0.4
1994-05-23,0.0,0.0,0.0
1994-05-24,0.0,0.0,0.0
1994-05-25,0.0,0.0,0.0
1994-05-26,0.0,0.0,0.0
1994-05-27,2.464533267900699,2.0,3.0
1994-05-28,4.607277896034927,3.8,5.7
1994-05-29,2.464533267900699,2.0,3.0
1994-05-30,0.0,0.0,0.0
1994-05-31,10.606727681652051,8.7,13.1
1994-06-01,2.465632032986512,1.9,3.2
1994-06-02,0.0,0.0,0.0
1994-06-03,0.8622663219491368,0.6,1.1
1994-06-04,9.010171879525014,6.8,11.6
1994-06-05,13.620094652775958,10.3,17.6
1994-06-06,32.9259008843169,24.9,42.5
1994-06-07,4.610630367837185,3.5,6.0
1994-06-08,0.0,0.0,0.0
1994-06-09,0.0,0.0,0.0
1994-06-10,0.0,0.0,0.0
1994-06-11,0.0,0.0,0.0
1994-06-12,4.075478907167018,3.1,5.3
1994-06-13,23.16604198723254,17.5,29.9
1994-06-14,9.010171879525014,6.8,11.6
1994-06-15,1.611074474052649,1.2,2.1
1994-06-16,1.611074474052649,1.2,2.1
1994-06-17,1.3936602121000896,1.1,1.8
1994-06-18,1.0689166253413362,0.8,1.4
1994-06-19,0.0,0.0,0.0
1994-06-20,0.0,0.0,0.0
1994-06-21,0.0,0.0,0.0
1994-06-22,0.0,0.0,0.0
1994-06-23,0.0,0.0,0.0
1994-06-24,0.0,0.0,0.0
1994-06-25,0.5365764392684496,0.4,0.7
1994-06-26,0.0,0.0,0.0
1994-06-27,0.0,0.0,0.0
1994-06-28,0.0,0.0,0.0
1994-06-29,0.0,0.0,0.0
1994-06-30,0.0,0.0,0.0
1994-07-01,0.5631077962392734,0.4,0.8
1994-07-02,0.9018295581295481,0.6,1.3
1994-07-03,0.9018295581295481,0.6,1.3
1994-07-04,2.025440911917339,1.4,2.9
1994-07-05,0.5631077962392734,0.4,0.8
1994-07-06,0.0,0.0,0.0
1994-07-07,0.0,0.0,0.0
1994-07-08,0.0,0.0,0.0
1994-07-09,0.0,0.0,0.0
1994-07-10,0.0,0.0,0.0
1994-07-11,0.0,0.0,0.0
1994-07-12,0.0,0.0,0.0
1994-07-13,0.0,0.0,0.0
1994-07-14,0.0,0.0,0.0
1994-07-15,0.0,0.0,0.0
1994-07-16,0.0,0.0,0.0
1994-07-17,0.0,0.0,0.0
1994-07-18,0.0,0.0,0.0
1994-07-19,0.0,0.0,0.0
1994-07-20,0.0,0.0,0.0
1994-07-21,0.0,0.0,0.0
1994-07-22,0.33622085258061896,0.2,0.5
1994-07-23,1.6890662546574464,1.2,2.4
1994-07-24,0.0,0.0,0.0
1994-07-25,0.0,0.0,0.0
1994-07-26,0.0,0.0,0.0
1994-07-27,0.0,0.0,0.0
1994-07-28,0.0,0.0,0.0
1994-07-29,0.0,0.0,0.0
1994-07-30,0.0,0.0,0.0
1994-07-31,0.0,0.0,0.0
1994-08-01,0.0,0.0,0.0
1994-08-02,0.0,0.0,0.0
1994-08-03,0.0,0.0,0.0
1994-08-04,0.0,0.0,0.0
1994-08-05,0.0,0.0,0.0
1994-08-06,0.0,0.0,0.0
1994-08-07,0.0,0.0,0.0
1994-08-08,0.0,0.0,0.0
1994-08-09,0.0,0.0,0.0
1994-08-10,0.0,0.0,0.0
1994-08-11,0.0,0.0,0.0
1994-08-12,0.0,0.0,0.0
1994-08-13,0.0,0.0,0.0
1994-08-14,0.0,0.0,0.0
1994-08-15,0.0,0.0,0.0
1994-08-16,0.0,0.0,0.0
1994-08-17,0.0,0.0,0.0
1994-08-18,0.0,0.0,0.0
1994-08-19,0.0,0.0,0.0
1994-08-20,0.0,0.0,0.0
1994-08-21,0.0,0.0,0.0
1994-08-22,3.79600180323966,3.0,4.8
1994-08-23,0.0,0.0,0.0
1994-08-24,0.0,0.0,0.0
1994-08-25,0.0,0.0,0.0
1994-08-26,0.0,0.0,0.0
1994-08-27,0.0,0.0,0.0
1994-08-28,0.0,0.0,0.0
1994-08-29,0.0,0.0,0.0
1994-08-30,0.0,0.0,0.0
1994-08-31,0.0,0.0,0.0
1994-09-01,0.0,0.0,0.0
1994-09-02,1.3772062902056668,1.2,1.6
1994-09-03,8.062488704854072,7.1,9.6
1994-09-04,0.0,0.0,0.0
1994-09-05,0.0,0.0,0.0
1994-09-06,0.0,0.0,0.0
1994-09-07,1.0641082899228242,0.9,1.3
1994-09-08,6.6849243675428465,5.8,8.0
1994-09-09,7.001253895484525,6.1,8.4
1994-09-10,3.8166825072724366,3.3,4.6
1994-09-11,2.121066352878236,1.9,2.5
1994-09-12,0.0,0.0,0.0
1994-09-13,0.0,0.0,0.0
1994-09-14,0.0,0.0,0.0
1994-09-15,0.0,0.0,0.0
1994-09-16,0.0,0.0,0.0
1994-09-17,0.0,0.0,0.0
1994-09-18,0.0,0.0,0.0
1994-09-19,0.0,0.0,0.0
1994-09-20,0.0,0.0,0.0
1994-09-21,0.0,0.0,0.0
1994-09-22,0.0,0.0,0.0
1994-09-23,0.0,0.0,0.0
1994-09-24,0.0,0.0,0.0
1994-09-25,0.0,0.0,0.0
1994-09-26,0.0,0.0,0.0
1994-09-27,0.0,0.0,0.0
1994-09-28,4.879720427321824,4.3,5.8
1994-09-29,15.065401705560918,13.2,18.0
1994-09-30,0.0,0.0,0.0
1994-10-01,0.0,0.0,0.0
1994-10-02,0.0,0.0,0.0
1994-10-03,0.0,0.0,0.0
1994-10-04,0.0,0.0,0.0
1994-10-05,0.0,0.0,0.0
1994-10-06,0.0,0.0,0.0
1994-10-07,0.0,0.0,0.0
1994-10-08,0.0,0.0,0.0
1994-10-09,0.0,0.0,0.0
1994-10-10,0.0,0.0,0.0
1994-10-11,0.0,0.0,0.0
1994-10-12,0.0,0.0,0.0
1994-10-13,2.843023982689109,2.5,3.3
1994-10-14,42.85316450699024,38.3,49.5
1994-10-15,1.522023261086304,1.4,1.8
1994-10-16,4.8749661296643065,4.4,5.6
1994-10-17,0.0,0.0,0.0
1994-10-18,0.0,0.0,0.0
1994-10-19,0.0,0.0,0.0
1994-10-20,5.178924838924272,4.6,6.0
1994-10-21,4.366483814255474,3.9,5.0
1994-10-22,0.0,0.0,0.0
1994-10-23,0.0,0.0,0.0
1994-10-24,0.0,0.0,0.0
1994-10-25,4.366483814255474,3.9,5.0
1994-10-26,32.49580708085036,29.1,37.5
1994-10-27,84.59180440407262,75.7,97.6
1994-10-28,8.528943292873532,7.6,9.8
1994-10-29,0.0,0.0,0.0
1994-10-30,3.857086556515926,3.5,4.5
1994-10-31,47.72917799419368,42.7,55.1
1994-11-01,33.42275436433533,29.6,38.6
1994-11-02,3.3630467396754944,3.0,3.9
1994-11-03,0.0,0.0,0.0
1994-11-04,48.911997277638406,43.3,56.5
1994-11-05,5.910700766478081,5.2,6.8
1994-11-06,7.539009111578265,6.7,8.7
1994-11-07,0.0,0.0,0.0
1994-11-08,9.070422108742234,8.0,10.5
1994-11-09,16.303153480008618,14.4,18.8
1994-11-10,0.8224105197339383,0.7,0.9
1994-11-11,2.546962438809151,2.3,2.9
1994-11-12,9.070422108742234,8.0,10.5
1994-11-13,0.5142478839346346,0.5,0.6
1994-11-14,0.5142478839346346,0.5,0.6
1994-11-15,21.50098041197287,19.1,24.8
1994-11-16,42.187678182325016,37.4,48.7
1994-11-17,10.598079016209075,9.4,12.2
1994-11-18,0.0,0.0,0.0
1994-11-19,22.822759757009337,20.2,26.4
1994-11-20,19.156781250839806,17.0,22.1
1994-11-21,0.0,0.0,0.0
1994-11-22,0.8224105197339383,0.7,0.9
1994-11-23,25.37409640710114,22.5,29.3
1994-11-24,7.743270187727425,6.9,8.9
1994-11-25,14.471042197682335,12.8,16.7
1994-11-26,6.724735754891586,6.0,7.8
1994-11-27,35.457801994397954,31.4,40.9
1994-11-28,14.26624675210983,12.6,16.5
1994-11-29,23.334354077979928,20.7,26.9
1994-11-30,24.354973085446435,21.6,28.1
1994-12-01,15.93151245714228,14.2,18.9
1994-12-02,18.8085945101305,16.8,22.3
1994-12-03,3.3916154874201805,3.0,4.0
1994-12-04,3.3916154874201805,3.0,4.0
1994-12-05,1.0278570715099267,0.9,1.2
1994-12-06,28.67295490062475,25.6,33.9
1994-12-07,7.811420459070519,7.0,9.2
1994-12-08,2.8783994409643587,2.6,3.4
1994-12-09,3.9043422258522424,3.5,4.6
1994-12-10,9.148382699021752,8.2,10.8
1994-12-11,15.623315040799667,13.9,18.5
1994-12-12,1.85205960147241,1.7,2.2
1994-12-13,0.0,0.0,0.0
1994-12-14,16.957479567022645,15.1,20.1
1994-12-15,18.293816333523054,16.3,21.7
1994-12-16,19.323536604109577,17.2,22.9
1994-12-17,14.900260430399715,13.3,17.6
1994-12-18,8.83959149098408,7.9,10.5
1994-12-19,0.8250214686548502,0.7,1.0
1994-12-20,1.85205960147241,1.7,2.2
1994-12-21,0.3048005084493224,0.3,0.4
1994-12-22,0.0,0.0,0.0
1994-12-23,0.0,0.0,0.0
1994-12-24,6.784458734713125,6.1,8.0
1994-12-25,10.481668687953428,9.4,12.4
1994-12-26,35.7650307996299,31.9,42.3
1994-12-27,12.542493709608213,11.2,14.8
1994-12-28,1.3371932628897398,1.2,1.6
1994-12-29,0.0,0.0,0.0
1994-12-30,0.0,0.0,0.0
1994-12-31,0.0,0.0,0.0
1995-01-01,0.0,0.0,0.0
1995-01-02,0.0,0.0,0.0
1995-01-03,0.0,0.0,0.0
1995-01-04,2.056949563330548,1.8,2.5
1995-01-05,3.9050578025103193,3.4,4.7
1995-01-06,8.128704562149975,7.1,9.8
1995-01-07,8.33139763220631,7.3,10.1
1995-01-08,12.237327923004829,10.8,14.8
1995-01-09,18.512209291523448,16.3,22.4
1995-01-10,9.667482152828612,8.5,11.7
1995-01-11,14.093221328762063,12.4,17.1
1995-01-12,27.97587836831105,24.6,33.9
1995-01-13,71.5883210713537,62.9,86.7
1995-01-14,19.338025865308673,17.0,23.4
1995-01-15,9.977258345918143,8.8,12.1
1995-01-16,20.673329488202743,18.2,25.0
1995-01-17,11.518960687553365,10.1,14.0
1995-01-18,8.640122719170732,7.6,10.5
1995-01-19,0.3045858088395509,0.3,0.4
1995-01-20,0.0,0.0,0.0
1995-01-21,0.0,0.0,0.0
1995-01-22,0.0,0.0,0.0
1995-01-23,0.0,0.0,0.0
1995-01-24,0.0,0.0,0.0
1995-01-25,1.8550395216229574,1.6,2.2
1995-01-26,7.8168470564832555,6.9,9.5
1995-01-27,10.182609543854227,8.9,12.3
1995-01-28,17.48573802784735,15.4,21.2
1995-01-29,17.795486958790143,15.6,21.6
1995-01-30,32.0922566948097,28.2,38.9
1995-01-31,31.065158986250438,27.3,37.6
1995-02-01,47.68827610628103,42.5,56.0
1995-02-02,1.0367530930161,0.9,1.2
1995-02-03,0.0,0.0,0.0
1995-02-04,0.0,0.0,0.0
1995-02-05,0.0,0.0,0.0
1995-02-06,0.0,0.0,0.0
1995-02-07,0.5239073418766915,0.5,0.6
1995-02-08,0.0,0.0,0.0
1995-02-09,0.0,0.0,0.0
1995-02-10,2.9006484874177967,2.6,3.4
1995-02-11,12.64875719027284,11.3,14.9
1995-02-12,34.00383406714298,30.3,39.9
1995-02-13,10.783516002886671,9.6,12.7
1995-02-14,2.3826250818737873,2.1,2.8
1995-02-15,2.3826250818737873,2.1,2.8
1995-02-16,17.93454767056891,16.0,21.1
1995-02-17,78.99877322462085,70.5,92.8
1995-02-18,4.974485128611602,4.4,5.8
1995-02-19,4.25443592254285,3.8,5.0
1995-02-20,6.01253031970965,5.4,7.1
1995-02-21,0.0,0.0,0.0
1995-02-22,0.0,0.0,0.0
1995-02-23,0.0,0.0,0.0
1995-02-24,0.0,0.0,0.0
1995-02-25,0.0,0.0,0.0
1995-02-26,0.0,0.0,0.0
1995-02-27,0.0,0.0,0.0
1995-02-28,0.0,0.0,0.0
1995-03-01,0.0,0.0,0.0
1995-03-02,2.911062227474452,2.5,3.4
1995-03-03,11.122981276237448,9.7,12.9
1995-03-04,31.186313698655677,27.1,36.1
1995-03-05,14.760325060528398,12.8,17.1
1995-03-06,0.0,0.0,0.0
1995-03-07,0.0,0.0,0.0
1995-03-08,12.159760006904188,10.6,14.1
1995-03-09,13.512564096167427,11.7,15.7
1995-03-10,8.212704351406293,7.1,9.5
1995-03-11,5.298543331482658,4.6,6.1
1995-03-12,14.240809903881747,12.4,16.5
1995-03-13,21.93264725012319,19.0,25.4
1995-03-14,16.11231037763053,14.0,18.7
1995-03-15,2.391367969723704,2.1,2.8
1995-03-16,0.0,0.0,0.0
1995-03-17,0.8326670428531628,0.7,1.0
1995-03-18,37.006907713372016,32.1,42.9
1995-03-19,6.548456640533559,5.7,7.6
1995-03-20,29.31180635118223,25.5,34.0
1995-03-21,5.818732294829162,5.1,6.7
1995-03-22,6.339433754860957,5.5,7.3
1995-03-23,6.548456640533559,5.7,7.6
1995-03-24,4.263132612662233,3.7,4.9
1995-03-25,0.0,0.0,0.0
1995-03-26,0.3087252518630193,0.3,0.4
1995-03-27,0.0,0.0,0.0
1995-03-28,0.0,0.0,0.0
1995-03-29,0.0,0.0,0.0
1995-03-30,0.0,0.0,0.0
1995-03-31,0.5238379522193082,0.5,0.6
1995-04-01,1.8721610461114937,1.6,2.3
1995-04-02,1.034243375508953,0.9,1.3
1995-04-03,1.034243375508953,0.9,1.3
1995-04-04,8.221036135617961,6.9,10.3
1995-04-05,9.778760725633513,8.2,12.2
1995-04-06,12.693377090999967,10.7,15.9
1995-04-07,26.117725552958067,22.0,32.6
1995-04-08,14.044742639163232,11.8,17.5
1995-04-09,8.427214600442039,7.1,10.5
1995-04-10,2.916511558036748,2.5,3.6
1995-04-11,9.260911528113365,7.8,11.6
1995-04-12,22.16525534417587,18.7,27.7
1995-04-13,16.96250922085215,14.3,21.2
1995-04-14,3.4292735504833476,2.9,4.3
1995-04-15,0.5219298615397068,0.4,0.6
1995-04-16,1.034243375508953,0.9,1.3
1995-04-17,8.742493508791105,7.4,10.9
1995-04-18,3.1218410465007196,2.6,3.9
1995-04-19,9.778760725633513,8.2,12.2
1995-04-20,13.215457167000912,11.1,16.5
1995-04-21,0.0,0.0,0.0
1995-04-22,0.0,0.0,0.0
1995-04-23,0.0,0.0,0.0
1995-04-24,0.0,0.0,0.0
1995-04-25,0.0,0.0,0.0
1995-04-26,0.0,0.0,0.0
1995-04-27,25.388887418044167,21.4,31.7
1995-04-28,7.910576181504183,6.7,9.9
1995-04-29,7.179342608710873,6.1,9.0
1995-04-30,2.916511558036748,2.5,3.6
1995-05-01,32.89618084883333,27.1,40.6
1995-05-02,7.607448992209961,6.3,9.4
1995-05-03,9.000533706563626,7.4,11.1
1995-05-04,21.750345282974322,17.9,26.8
1995-05-05,2.999324070842921,2.5,3.7
1995-05-06,0.5419813631275823,0.4,0.7
1995-05-07,0.0,0.0,0.0
1995-05-08,1.6092601143495053,1.3,2.0
1995-05-09,5.143727487463542,4.2,6.3
1995-05-10,12.7515345251464,10.5,15.7
1995-05-11,24.538782139267738,20.2,30.3
1995-05-12,1.6092601143495053,1.3,2.0
1995-05-13,0.0,0.0,0.0
1995-05-14,0.0,0.0,0.0
1995-05-15,0.0,0.0,0.0
1995-05-16,2.999324070842921,2.5,3.7
1995-05-17,0.0,0.0,0.0
1995-05-18,0.0,0.0,0.0
1995-05-19,0.0,0.0,0.0
1995-05-20,0.0,0.0,0.0
1995-05-21,0.0,0.0,0.0
1995-05-22,0.0,0.0,0.0
1995-05-23,1.3942838977888599,1.1,1.7
1995-05-24,2.6797440976178812,2.2,3.3
1995-05-25,0.0,0.0,0.0
1995-05-26,0.0,0.0,0.0
1995-05-27,0.0,0.0,0.0
1995-05-28,0.0,0.0,0.0
1995-05-29,0.0,0.0,0.0
1995-05-30,0.0,0.0,0.0
1995-05-31,4.928448407685242,4.1,6.1
1995-06-01,0.8622663219491368,0.6,1.1
1995-06-02,0.0,0.0,0.0
1995-06-03,0.0,0.0,0.0
1995-06-04,11.15396563989914,8.4,14.4
1995-06-05,24.560795104803834,18.6,31.7
1995-06-06,11.474770925640495,8.7,14.8
1995-06-07,2.68189607985742,2.0,3.5
1995-06-08,0.0,0.0,0.0
1995-06-09,1.0689166253413362,0.8,1.4
1995-06-10,4.075478907167018,3.1,5.3
1995-06-11,1.611074474052649,1.2,2.1
1995-06-12,1.611074474052649,1.2,2.1
1995-06-13,10.081321491502283,7.6,13.0
1995-06-14,22.30543363417477,16.9,28.8
1995-06-15,4.9341470110528745,3.7,6.4
1995-06-16,2.68189607985742,2.0,3.5
1995-06-17,10.081321491502283,7.6,13.0
1995-06-18,13.620094652775958,10.3,17.6
1995-06-19,7.614041453744751,5.8,9.8
1995-06-20,1.611074474052649,1.2,2.1
1995-06-21,0.0,0.0,0.0
1995-06-22,0.0,0.0,0.0
1995-06-23,0.0,0.0,0.0
1995-06-24,0.0,0.0,0.0
1995-06-25,0.0,0.0,0.0
1995-06-26,0.0,0.0,0.0
1995-06-27,0.0,0.0,0.0
1995-06-28,0.0,0.0,0.0
1995-06-29,0.0,0.0,0.0
1995-06-30,0.0,0.0,0.0
1995-07-01,0.0,0.0,0.0
1995-07-02,0.0,0.0,0.0
1995-07-03,0.0,0.0,0.0
1995-07-04,0.0,0.0,0.0
1995-07-05,6.864897055436721,4.7,9.8
1995-07-06,2.586611066341776,1.8,3.7
1995-07-07,6.5281686106796615,4.5,9.3
1995-07-08,14.294864202084572,9.7,20.3
1995-07-09,15.756164652525507,10.7,22.4
1995-07-10,0.0,0.0,0.0
1995-07-11,0.9018295581295481,0.6,1.3
1995-07-12,0.5631077962392734,0.4,0.8
1995-07-13,0.0,0.0,0.0
1995-07-14,0.0,0.0,0.0
1995-07-15,0.0,0.0,0.0
1995-07-16,0.0,0.0,0.0
1995-07-17,2.2513670322506725,1.5,3.2
1995-07-18,1.1251558446872005,0.8,1.6
1995-07-19,12.833482437041964,8.7,18.2
1995-07-20,0.0,0.0,0.0
1995-07-21,0.0,0.0,0.0
1995-07-22,0.0,0.0,0.0
1995-07-23,0.0,0.0,0.0
1995-07-24,0.0,0.0,0.0
1995-07-25,0.0,0.0,0.0
1995-07-26,0.0,0.0,0.0
1995-07-27,0.0,0.0,0.0
1995-07-28,0.0,0.0,0.0
1995-07-29,0.0,0.0,0.0
1995-07-30,0.0,0.0,0.0
1995-07-31,0.0,0.0,0.0
1995-08-01,0.0,0.0,0.0
1995-08-02,0.0,0.0,0.0
1995-08-03,0.3252067787626667,0.3,0.4
1995-08-04,0.0,0.0,0.0
1995-08-05,0.0,0.0,0.0
1995-08-06,5.375435533937258,4.3,6.8
1995-08-07,7.488943341526778,6.0,9.4
1995-08-08,0.0,0.0,0.0
1995-08-09,1.0535598521999154,0.8,1.3
1995-08-10,1.8984439188514723,1.5,2.4
1995-08-11,0.3252067787626667,0.3,0.4
1995-08-12,0.0,0.0,0.0
1995-08-13,0.0,0.0,0.0
1995-08-14,1.0535598521999154,0.8,1.3
1995-08-15,0.5260560849199707,0.4,0.7
1995-08-16,8.013605140212627,6.4,10.1
1995-08-17,15.29309947032937,12.3,19.2
1995-08-18,0.0,0.0,0.0
1995-08-19,0.0,0.0,0.0
1995-08-20,0.0,0.0,0.0
1995-08-21,0.0,0.0,0.0
1995-08-22,0.0,0.0,0.0
1995-08-23,0.0,0.0,0.0
1995-08-24,0.0,0.0,0.0
1995-08-25,0.0,0.0,0.0
1995-08-26,0.0,0.0,0.0
1995-08-27,0.0,0.0,0.0
1995-08-28,2.110152042713244,1.7,2.6
1995-08-29,1.0535598521999154,0.8,1.3
1995-08-30,0.0,0.0,0.0
1995-08-31,0.0,0.0,0.0
1995-09-01,0.0,0.0,0.0
1995-09-02,0.0,0.0,0.0
1995-09-03,0.0,0.0,0.0
1995-09-04,0.0,0.0,0.0
1995-09-05,0.5285506219599676,0.5,0.6
1995-09-06,0.5285506219599676,0.5,0.6
1995-09-07,0.31328755530511265,0.3,0.4
1995-09-08,0.0,0.0,0.0
1995-09-09,0.0,0.0,0.0
1995-09-10,0.0,0.0,0.0
1995-09-11,0.0,0.0,0.0
1995-09-12,0.0,0.0,0.0
1995-09-13,0.0,0.0,0.0
1995-09-14,0.0,0.0,0.0
1995-09-15,0.0,0.0,0.0
1995-09-16,0.0,0.0,0.0
1995-09-17,0.0,0.0,0.0
1995-09-18,0.0,0.0,0.0
1995-09-19,0.0,0.0,0.0
1995-09-20,0.0,0.0,0.0
1995-09-21,0.0,0.0,0.0
1995-09-22,0.0,0.0,0.0
1995-09-23,0.31328755530511265,0.3,0.4
1995-09-24,2.6516519264189133,2.3,3.2
1995-09-25,13.47294311445651,11.8,16.1
1995-09-26,13.47294311445651,11.8,16.1
1995-09-27,23.975018074355948,21.0,28.7
1995-09-28,19.628812365017847,17.2,23.5
1995-09-29,7.320271750606966,6.4,8.8
1995-09-30,2.121066352878236,1.9,2.5
1995-10-01,1.012186654700797,0.9,1.2
1995-10-02,6.194959673475954,5.5,7.1
1995-10-03,19.905522999419986,17.8,23.0
1995-10-04,0.0,0.0,0.0
1995-10-05,0.0,0.0,0.0
1995-10-06,0.0,0.0,0.0
1995-10-07,1.012186654700797,0.9,1.2
1995-10-08,1.522023261086304,1.4,1.8
1995-10-09,0.0,0.0,0.0
1995-10-10,9.037418919276782,8.1,10.4
1995-10-11,33.309234881598414,29.8,38.4
1995-10-12,1.3176596539264918,1.2,1.5
1995-10-13,0.0,0.0,0.0
1995-10-14,0.5175549971932952,0.5,0.6
1995-10-15,1.522023261086304,1.4,1.8
1995-10-16,5.891391166548533,5.3,6.8
1995-10-17,14.723702967204995,13.2,17.0
1995-10-18,0.8162745007890809,0.7,0.9
1995-10-19,0.0,0.0,0.0
1995-10-20,8.025035204218428,7.2,9.3
1995-10-21,4.165502589218224,3.7,4.8
1995-10-22,5.178924838924272,4.6,6.0
1995-10-23,0.0,0.0,0.0
1995-10-24,2.336811555284084,2.1,2.7
1995-10-25,23.25750342507453,20.8,26.8
1995-10-26,3.6539996906436953,3.3,4.2
1995-10-27,0.0,0.0,0.0
1995-10-28,0.0,0.0,0.0
1995-10-29,0.0,0.0,0.0
1995-10-30,0.0,0.0,0.0
1995-10-31,0.0,0.0,0.0
1995-11-01,0.0,0.0,0.0
1995-11-02,0.0,0.0,0.0
1995-11-03,0.0,0.0,0.0
1995-11-04,1.0240170631193637,0.9,1.2
1995-11-05,21.50098041197287,19.1,24.8
1995-11-06,14.77633952112336,13.1,17.1
1995-11-07,28.22558197042464,25.0,32.6
1995-11-08,34.642644877542544,30.7,40.0
1995-11-09,14.471042197682335,12.8,16.7
1995-11-10,16.81301751833746,14.9,19.4
1995-11-11,52.78470412342175,46.8,60.9
1995-11-12,19.9738108533385,17.7,23.1
1995-11-13,11.615257190713658,10.3,13.4
1995-11-14,2.853932913241361,2.5,3.3
1995-11-15,3.668306996850045,3.3,4.2
1995-11-16,0.0,0.0,0.0
1995-11-17,8.560167218282414,7.6,9.9
1995-11-18,8.049353795040053,7.1,9.3
1995-11-19,2.3451565558736376,2.1,2.7
1995-11-20,3.668306996850045,3.3,4.2
1995-11-21,4.175166776974578,3.7,4.8
1995-11-22,5.707509085504691,5.1,6.6
1995-11-23,12.941037527623372,11.5,14.9
1995-11-24,48.40134760850174,42.9,55.9
1995-11-25,62.66779158260238,55.5,72.3
1995-11-26,22.822759757009337,20.2,26.4
1995-11-27,39.127287121540164,34.7,45.2
1995-11-28,16.303153480008618,14.4,18.8
1995-11-29,56.96178878703234,50.5,65.8
1995-11-30,30.262844125010645,26.8,34.9
1995-12-01,26.926265599203475,24.0,31.9
1995-12-02,7.811420459070519,7.0,9.2
1995-12-03,12.745595600844943,11.4,15.1
1995-12-04,31.344666157233398,28.0,37.1
1995-12-05,18.8085945101305,16.8,22.3
1995-12-06,4.4211620316173645,3.9,5.2
1995-12-07,3.9043422258522424,3.5,4.6
1995-12-08,19.323536604109577,17.2,22.9
1995-12-09,16.138245534733667,14.4,19.1
1995-12-10,25.075285348863883,22.4,29.7
1995-12-11,35.458529068243564,31.6,42.0
1995-12-12,43.88553095765498,39.1,52.0
1995-12-13,24.25677688837387,21.6,28.7
1995-12-14,17.2659187753252,15.4,20.4
1995-12-15,2.8783994409643587,2.6,3.4
1995-12-16,0.0,0.0,0.0
1995-12-17,0.0,0.0,0.0
1995-12-18,0.0,0.0,0.0
1995-12-19,0.0,0.0,0.0
1995-12-20,0.0,0.0,0.0
1995-12-21,0.0,0.0,0.0
1995-12-22,0.0,0.0,0.0
1995-12-23,0.0,0.0,0.0
1995-12-24,0.0,0.0,0.0
1995-12-25,0.0,0.0,0.0
1995-12-26,0.8250214686548502,0.7,1.0
1995-12-27,11.71818849353243,10.5,13.9
1995-12-28,25.796738155488672,23.0,30.5
1995-12-29,66.08616332745915,59.0,78.2
1995-12-30,32.3748236442127,28.9,38.3
1995-12-31,20.34874337307629,18.2,24.1
1996-01-01,2.056949563330548,1.8,2.5
1996-01-02,1.8550395216229574,1.6,2.2
1996-01-03,11.518960687553365,10.1,14.0
1996-01-04,3.9050578025103193,3.4,4.7
1996-01-05,9.977258345918143,8.8,12.1
1996-01-06,3.085191779194179,2.7,3.7
1996-01-07,37.33680001238208,32.8,45.2
1996-01-08,4.937994390900652,4.3,6.0
1996-01-09,33.737660443480586,29.7,40.9
1996-01-10,0.82673967614764,0.7,1.0
1996-01-11,0.5173249538504329,0.5,0.6
1996-01-12,0.0,0.0,0.0
1996-01-13,1.5440290380230377,1.4,1.9
1996-01-14,19.54342490179799,17.2,23.7
1996-01-15,44.43546268963461,39.1,53.8
1996-01-16,13.886903268293514,12.2,16.8
1996-01-17,12.548190652561232,11.0,15.2
1996-01-18,19.031156130859735,16.7,23.0
1996-01-19,35.7944503327213,31.5,43.4
1996-01-20,44.94560736742127,39.5,54.4
1996-01-21,29.209079295687708,25.7,35.4
1996-01-22,12.548190652561232,11.0,15.2
1996-01-23,33.43008245321835,29.4,40.5
1996-01-24,22.21560406879622,19.5,26.9
1996-01-25,12.034093467987681,10.6,14.6
1996-01-26,8.128704562149975,7.1,9.8
1996-01-27,36.82175767964616,32.4,44.6
1996-01-28,26.638784379276444,23.4,32.3
1996-01-29,7.8168470564832555,6.9,9.5
1996-01-30,6.274038421569703,5.5,7.6
1996-01-31,0.5173249538504329,0.5,0.6
1996-02-01,5.286059532770104,4.7,6.2
1996-02-02,1.0367530930161,0.9,1.2
1996-02-03,6.8431118001732,6.1,8.0
1996-02-04,12.855057293120582,11.5,15.1
1996-02-05,47.68827610628103,42.5,56.0
1996-02-06,92.16592524881973,82.2,108.2
1996-02-07,50.799801200860166,45.3,59.7
1996-02-08,51.11135813556305,45.6,60.0
1996-02-09,16.58967259007472,14.8,19.5
1996-02-10,0.0,0.0,0.0
1996-02-11,1.3505209767182442,1.2,1.6
1996-02-12,0.3042251560095856,0.3,0.4
1996-02-13,0.3042251560095856,0.3,0.4
1996-02-14,0.0,0.0,0.0
1996-02-15,0.3042251560095856,0.3,0.4
1996-02-16,2.3826250818737873,2.1,2.8
1996-02-17,25.814951342994604,23.0,30.3
1996-02-18,32.655533175786054,29.1,38.4
1996-02-19,10.056858452772442,9.0,11.8
1996-02-20,36.907575296374205,32.9,43.3
1996-02-21,18.661390205891735,16.6,21.9
1996-02-22,12.64875719027284,11.3,14.9
1996-02-23,45.30720679045251,40.4,53.2
1996-02-24,10.57496006270196,9.4,12.4
1996-02-25,6.01253031970965,5.4,7.1
1996-02-26,1.8655027377902302,1.7,2.2
1996-02-27,2.0711372086637656,1.8,2.4
1996-02-28,3.7325287517035575,3.3,4.4
1996-02-29,1.0367530930161,0.9,1.2
1996-03-01,3.4307457259997194,3.0,4.0
1996-03-02,1.0384788123748134,0.9,1.2
1996-03-03,15.278713530348085,13.3,17.7
1996-03-04,10.082362700446085,8.8,11.7
1996-03-05,4.470516802987741,3.9,5.2
1996-03-06,1.3508969830772564,1.2,1.6
1996-03-07,0.0,0.0,0.0
1996-03-08,0.8326670428531628,0.7,1.0
1996-03-09,0.5238379522193082,0.5,0.6
1996-03-10,6.339433754860957,5.5,7.3
1996-03-11,8.212704351406293,7.1,9.5
1996-03-12,2.911062227474452,2.5,3.4
1996-03-13,1.5599796257167495,1.4,1.8
1996-03-14,0.0,0.0,0.0
1996-03-15,0.5238379522193082,0.5,0.6
1996-03-16,0.0,0.0,0.0
1996-03-17,0.0,0.0,0.0
1996-03-18,0.0,0.0,0.0
1996-03-19,1.3508969830772564,1.2,1.6
1996-03-20,0.0,0.0,0.0
1996-03-21,1.873251012795772,1.6,2.2
1996-03-22,10.601871492986369,9.2,12.3
1996-03-23,1.873251012795772,1.6,2.2
1996-03-24,3.7415260095214737,3.2,4.3
1996-03-25,0.5238379522193082,0.5,0.6
1996-03-26,0.3087252518630193,0.3,0.4
1996-03-27,4.470516802987741,3.9,5.2
1996-03-28,2.911062227474452,2.5,3.4
1996-03-29,1.3508969830772564,1.2,1.6
1996-03-30,0.0,0.0,0.0
1996-03-31,38.56427344648294,33.5,44.7
1996-04-01,22.996709327621552,19.4,28.7
1996-04-02,3.9529497159515485,3.3,4.9
1996-04-03,1.034243375508953,0.9,1.3
1996-04-04,0.0,0.0,0.0
1996-04-05,0.32029541273972606,0.3,0.4
1996-04-06,0.0,0.0,0.0
1996-04-07,0.5219298615397068,0.4,0.6
1996-04-08,0.0,0.0,0.0
1996-04-09,6.870559070907082,5.8,8.6
1996-04-10,10.300793937778892,8.7,12.9
1996-04-11,15.292792584238937,12.9,19.1
1996-04-12,20.394931039895308,17.2,25.5
1996-04-13,2.3929175267652467,2.0,3.0
1996-04-14,3.9529497159515485,3.3,4.9
1996-04-15,10.82098469705074,9.1,13.5
1996-04-16,15.087818858790015,12.7,18.8
1996-04-17,6.033755688715984,5.1,7.5
1996-04-18,14.568314640961383,12.3,18.2
1996-04-19,10.300793937778892,8.7,12.9
1996-04-20,9.468233014521756,8.0,11.8
1996-04-21,7.910576181504183,6.7,9.9
1996-04-22,38.29234241759177,32.3,47.8
1996-04-23,56.2943018896955,47.5,70.3
1996-04-24,21.43587859492418,18.1,26.8
1996-04-25,19.24996175168811,16.2,24.0
1996-04-26,7.38579487378253,6.2,9.2
1996-04-27,0.0,0.0,0.0
1996-04-28,0.5219298615397068,0.4,0.6
1996-04-29,0.0,0.0,0.0
1996-04-30,0.0,0.0,0.0
1996-05-01,1.3942838977888599,1.1,1.7
1996-05-02,2.14354120265806,1.8,2.6
1996-05-03,1.0694490404713735,0.9,1.3
1996-05-04,0.0,0.0,0.0
1996-05-05,0.8559445063639596,0.7,1.1
1996-05-06,0.0,0.0,0.0
1996-05-07,1.6092601143495053,1.3,2.0
1996-05-08,1.6092601143495053,1.3,2.0
1996-05-09,0.0,0.0,0.0
1996-05-10,1.6092601143495053,1.3,2.0
1996-05-11,1.0694490404713735,0.9,1.3
1996-05-12,2.999324070842921,2.5,3.7
1996-05-13,17.142431469366368,14.1,21.2
1996-05-14,31.608259752911373,26.0,39.0
1996-05-15,32.142829821934654,26.4,39.7
1996-05-16,9.751078198475286,8.0,12.0
1996-05-17,31.286119758310246,25.7,38.6
1996-05-18,19.071678577297984,15.7,23.5
1996-05-19,21.750345282974322,17.9,26.8
1996-05-20,7.607448992209961,6.3,9.4
1996-05-21,14.464445252864822,11.9,17.9
1996-05-22,17.679305057544553,14.5,21.8
1996-05-23,4.070409202569636,3.3,5.0
1996-05-24,1.3942838977888599,1.1,1.7
1996-05-25,1.0694490404713735,0.9,1.3
1996-05-26,0.8559445063639596,0.7,1.1
1996-05-27,0.8559445063639596,0.7,1.1
1996-05-28,1.3942838977888599,1.1,1.7
1996-05-29,0.8559445063639596,0.7,1.1
1996-05-30,1.9298040113200767,1.6,2.4
1996-05-31,1.0694490404713735,0.9,1.3
1996-06-01,0.0,0.0,0.0
1996-06-02,0.0,0.0,0.0
1996-06-03,0.0,0.0,0.0
1996-06-04,1.611074474052649,1.2,2.1
1996-06-05,0.5365764392684496,0.4,0.7
1996-06-06,0.0,0.0,0.0
1996-06-07,1.0689166253413362,0.8,1.4
1996-06-08,0.0,0.0,0.0
1996-06-09,0.8622663219491368,0.6,1.1
1996-06-10,0.0,0.0,0.0
1996-06-11,0.5365764392684496,0.4,0.7
1996-06-12,0.0,0.0,0.0
1996-06-13,0.0,0.0,0.0
1996-06-14,0.0,0.0,0.0
1996-06-15,1.0689166253413362,0.8,1.4
1996-06-16,1.9306260487999942,1.5,2.5
1996-06-17,4.610630367837185,3.5,6.0
1996-06-18,2.1447836434041982,1.6,2.8
1996-06-19,2.68189607985742,2.0,3.5
1996-06-20,0.5365764392684496,0.4,0.7
1996-06-21,0.0,0.0,0.0
1996-06-22,0.0,0.0,0.0
1996-06-23,24.237559927171638,18.3,31.3
1996-06-24,4.610630367837185,3.5,6.0
1996-06-25,0.0,0.0,0.0
1996-06-26,5.469356592765211,4.1,7.1
1996-06-27,5.469356592765211,4.1,7.1
1996-06-28,1.9306260487999942,1.5,2.5
1996-06-29,0.0,0.0,0.0
1996-06-30,1.3936602121000896,1.1,1.8
1996-07-01,0.0,0.0,0.0
1996-07-02,0.0,0.0,0.0
1996-07-03,0.5631077962392734,0.4,0.8
1996-07-04,0.9018295581295481,0.6,1.3
1996-07-05,0.33622085258061896,0.2,0.5
1996-07-06,0.0,0.0,0.0
1996-07-07,0.0,0.0,0.0
1996-07-08,0.0,0.0,0.0
1996-07-09,0.33622085258061896,0.2,0.5
1996-07-10,1.1251558446872005,0.8,1.6
1996-07-11,0.0,0.0,0.0
1996-07-12,0.0,0.0,0.0
1996-07-13,0.0,0.0,0.0
1996-07-14,0.5631077962392734,0.4,0.8
1996-07-15,0.0,0.0,0.0
1996-07-16,0.0,0.0,0.0
1996-07-17,4.278430308023075,2.9,6.1
1996-07-18,0.9018295581295481,0.6,1.3
1996-07-19,1.4623574325072481,1.0,2.1
1996-07-20,0.0,0.0,0.0
1996-07-21,0.0,0.0,0.0
1996-07-22,0.0,0.0,0.0
1996-07-23,0.0,0.0,0.0
1996-07-24,0.5631077962392734,0.4,0.8
1996-07-25,0.0,0.0,0.0
1996-07-26,0.0,0.0,0.0
1996-07-27,0.0,0.0,0.0
1996-07-28,0.5631077962392734,0.4,0.8
1996-07-29,0.0,0.0,0.0
1996-07-30,0.9018295581295481,0.6,1.3
1996-07-31,0.0,0.0,0.0
1996-08-01,3.479142640586914,2.8,4.4
1996-08-02,2.110152042713244,1.7,2.6
1996-08-03,0.8419702643089455,0.7,1.1
1996-08-04,0.5260560849199707,0.4,0.7
1996-08-05,0.8419702643089455,0.7,1.1
1996-08-06,0.0,0.0,0.0
1996-08-07,0.0,0.0,0.0
1996-08-08,0.0,0.0,0.0
1996-08-09,0.0,0.0,0.0
1996-08-10,0.0,0.0,0.0
1996-08-11,0.0,0.0,0.0
1996-08-12,0.0,0.0,0.0
1996-08-13,0.5260560849199707,0.4,0.7
1996-08-14,0.0,0.0,0.0
1996-08-15,0.0,0.0,0.0
1996-08-16,0.0,0.0,0.0
1996-08-17,0.0,0.0,0.0
1996-08-18,0.0,0.0,0.0
1996-08-19,0.5260560849199707,0.4,0.7
1996-08-20,0.0,0.0,0.0
1996-08-21,0.0,0.0,0.0
1996-08-22,0.5260560849199707,0.4,0.7
1996-08-23,0.0,0.0,0.0
1996-08-24,0.0,0.0,0.0
1996-08-25,0.0,0.0,0.0
1996-08-26,1.3724887306500877,1.1,1.7
1996-08-27,1.5807565178783878,1.3,2.0
1996-08-28,1.0535598521999154,0.8,1.3
1996-08-29,0.0,0.0,0.0
1996-08-30,0.3252067787626667,0.3,0.4
1996-08-31,0.0,0.0,0.0
1996-09-01,1.0641082899228242,0.9,1.3
1996-09-02,0.0,0.0,0.0
1996-09-03,0.8489141165968944,0.7,1.0
1996-09-04,4.347035426847863,3.8,5.2
1996-09-05,1.0641082899228242,0.9,1.3
1996-09-06,0.0,0.0,0.0
1996-09-07,1.5904123774391157,1.4,1.9
1996-09-08,0.5285506219599676,0.5,0.6
1996-09-09,0.31328755530511265,0.3,0.4
1996-09-10,0.5285506219599676,0.5,0.6
1996-09-11,0.0,0.0,0.0
1996-09-12,0.5285506219599676,0.5,0.6
1996-09-13,1.3772062902056668,1.2,1.6
1996-09-14,18.563945375004067,16.2,22.2
1996-09-15,36.38508604327311,31.8,43.5
1996-09-16,20.156955638456196,17.6,24.1
1996-09-17,2.121066352878236,1.9,2.5
1996-09-18,3.496735502417137,3.1,4.2
1996-09-19,2.6516519264189133,2.3,3.2
1996-09-20,0.0,0.0,0.0
1996-09-21,0.8489141165968944,0.7,1.0
1996-09-22,0.0,0.0,0.0
1996-09-23,0.0,0.0,0.0
1996-09-24,0.0,0.0,0.0
1996-09-25,0.5285506219599676,0.5,0.6
1996-09-26,0.0,0.0,0.0
1996-09-27,1.0641082899228242,0.9,1.3
1996-09-28,0.5285506219599676,0.5,0.6
1996-09-29,0.0,0.0,0.0
1996-09-30,0.5285506219599676,0.5,0.6
1996-10-01,0.8162745007890809,0.7,0.9
1996-10-02,0.0,0.0,0.0
1996-10-03,1.012186654700797,0.9,1.2
1996-10-04,8.733252375739843,7.8,10.1
1996-10-05,2.336811555284084,2.1,2.7
1996-10-06,0.0,0.0,0.0
1996-10-07,0.0,0.0,0.0
1996-10-08,0.0,0.0,0.0
1996-10-09,0.0,0.0,0.0
1996-10-10,0.5175549971932952,0.5,0.6
1996-10-11,1.012186654700797,0.9,1.2
1996-10-12,7.209109434580331,6.4,8.3
1996-10-13,22.748414738329924,20.3,26.3
1996-10-14,23.968578401986274,21.4,27.7
1996-10-15,8.225933165258667,7.4,9.5
1996-10-16,1.522023261086304,1.4,1.8
1996-10-17,6.70234892014764,6.0,7.7
1996-10-18,58.799436045155545,52.6,67.9
1996-10-19,16.24621259263015,14.5,18.8
1996-10-20,9.239939089069443,8.3,10.7
1996-10-21,6.194959673475954,5.5,7.1
1996-10-22,7.007582569871865,6.3,8.1
1996-10-23,19.599285755592007,17.5,22.6
1996-10-24,43.05727847726168,38.5,49.7
1996-10-25,6.70234892014764,6.0,7.7
1996-10-26,1.3176596539264918,1.2,1.5
1996-10-27,2.843023982689109,2.5,3.3
1996-10-28,10.865253133555031,9.7,12.5
1996-10-29,1.012186654700797,0.9,1.2
1996-10-30,0.0,0.0,0.0
1996-10-31,0.0,0.0,0.0
1996-11-01,0.0,0.0,0.0
1996-11-02,0.0,0.0,0.0
1996-11-03,2.3451565558736376,2.1,2.7
1996-11-04,14.471042197682335,12.8,16.7
1996-11-05,5.399840002643604,4.8,6.2
1996-11-06,6.724735754891586,6.0,7.8
1996-11-07,0.0,0.0,0.0
1996-11-08,0.302296498719456,0.3,0.4
1996-11-09,0.0,0.0,0.0
1996-11-10,0.0,0.0,0.0
1996-11-11,0.0,0.0,0.0
1996-11-12,11.414385518755154,10.1,13.2
1996-11-13,34.44157074928716,30.5,39.8
1996-11-14,13.758165910914073,12.2,15.9
1996-11-15,7.539009111578265,6.7,8.7
1996-11-16,19.362020778137875,17.2,22.4
1996-11-17,31.28366950062598,27.7,36.1
1996-11-18,122.99052375093312,109.0,142.0
1996-11-19,89.06206553423016,78.9,102.8
1996-11-20,2.853932913241361,2.5,3.3
1996-11-21,10.088349185748676,8.9,11.6
1996-11-22,6.724735754891586,6.0,7.8
1996-11-23,4.175166776974578,3.7,4.8
1996-11-24,31.28366950062598,27.7,36.1
1996-11-25,0.5142478839346346,0.5,0.6
1996-11-26,0.8224105197339383,0.7,0.9
1996-11-27,32.4041043473769,28.7,37.4
1996-11-28,21.704770957314082,19.2,25.1
1996-11-29,5.196552646196403,4.6,6.0
1996-11-30,26.19008323820099,23.2,30.2
1996-12-01,46.45817888402572,41.4,55.0
1996-12-02,15.93151245714228,14.2,18.9
1996-12-03,28.67295490062475,25.6,33.9
1996-12-04,75.95334201461877,67.8,89.9
1996-12-05,26.616257566845736,23.7,31.5
1996-12-06,19.52753089881394,17.4,23.1
1996-12-07,54.576401810345,48.7,64.6
1996-12-08,37.30746980535207,33.3,44.2
1996-12-09,22.40445294628247,20.0,26.5
1996-12-10,24.050780945075335,21.5,28.5
1996-12-11,14.595282944936175,13.0,17.3
1996-12-12,15.623315040799667,13.9,18.5
1996-12-13,25.592905490800117,22.8,30.3
1996-12-14,0.5159429092965292,0.5,0.6
1996-12-15,1.85205960147241,1.7,2.2
1996-12-16,0.5159429092965292,0.5,0.6
1996-12-17,0.0,0.0,0.0
1996-12-18,0.0,0.0,0.0
1996-12-19,0.5159429092965292,0.5,0.6
1996-12-20,38.64498470377729,34.5,45.8
1996-12-21,9.352288506851666,8.3,11.1
1996-12-22,14.595282944936175,13.0,17.3
1996-12-23,32.3748236442127,28.9,38.3
1996-12-24,40.49353620998559,36.1,47.9
1996-12-25,92.18968142112945,82.2,109.1
1996-12-26,41.00730050183704,36.6,48.5
1996-12-27,22.201812939289464,19.8,26.3
1996-12-28,14.081586246816762,12.6,16.7
1996-12-29,39.15935960861367,34.9,46.4
1996-12-30,33.9181514615518,30.3,40.2
1996-12-31,21.173222803706576,18.9,25.1
1997-01-01,32.40153232432152,28.5,39.2
1997-01-02,42.891190218828925,37.7,51.9
1997-01-03,17.48573802784735,15.4,21.2
1997-01-04,0.0,0.0,0.0
1997-01-05,5.966613259656421,5.2,7.2
1997-01-06,3.3932089499384506,3.0,4.1
1997-01-07,2.8774864463963143,2.5,3.5
1997-01-08,0.0,0.0,0.0
1997-01-09,4.73390948196664,4.2,5.7
1997-01-10,4.73390948196664,4.2,5.7
1997-01-11,0.0,0.0,0.0
1997-01-12,0.0,0.0,0.0
1997-01-13,0.0,0.0,0.0
1997-01-14,0.0,0.0,0.0
1997-01-15,0.0,0.0,0.0
1997-01-16,7.096395558239067,6.2,8.6
1997-01-17,16.4549075586612,14.5,19.9
1997-01-18,0.3045858088395509,0.3,0.4
1997-01-19,0.0,0.0,0.0
1997-01-20,12.237327923004829,10.8,14.8
1997-01-21,3.3932089499384506,3.0,4.1
1997-01-22,2.8774864463963143,2.5,3.5
1997-01-23,7.301791497573494,6.4,8.8
1997-01-24,0.82673967614764,0.7,1.0
1997-01-25,32.40153232432152,28.5,39.2
1997-01-26,22.729930150585723,20.0,27.5
1997-01-27,13.886903268293514,12.2,16.8
1997-01-28,16.969794628753,14.9,20.6
1997-01-29,8.844541833485001,7.8,10.7
1997-01-30,48.85349293928686,42.9,59.2
1997-01-31,49.88452535864548,43.8,60.4
1997-02-01,7.36005487172342,6.6,8.6
1997-02-02,11.092944114623663,9.9,13.0
1997-02-03,2.0711372086637656,1.8,2.4
1997-02-04,2.5921669916039836,2.3,3.0
1997-02-05,0.8314830366197999,0.7,1.0
1997-02-06,1.5533089010207093,1.4,1.8
1997-02-07,8.917254405004872,8.0,10.5
1997-02-08,1.0367530930161,0.9,1.2
1997-02-09,0.0,0.0,0.0
1997-02-10,1.8655027377902302,1.7,2.2
1997-02-11,0.3042251560095856,0.3,0.4
1997-02-12,26.647605002938626,23.8,31.3
1997-02-13,5.286059532770104,4.7,6.2
1997-02-14,4.770581281605633,4.3,5.6
1997-02-15,1.3505209767182442,1.2,1.6
1997-02-16,2.9006484874177967,2.6,3.4
1997-02-17,12.13016138250464,10.8,14.2
1997-02-18,8.397837852823,7.5,9.9
1997-02-19,34.52219705441467,30.8,40.5
1997-02-20,1.0367530930161,0.9,1.2
1997-02-21,0.0,0.0,0.0
1997-02-22,0.0,0.0,0.0
1997-02-23,0.0,0.0,0.0
1997-02-24,0.0,0.0,0.0
1997-02-25,0.5239073418766915,0.5,0.6
1997-02-26,6.8431118001732,6.1,8.0
1997-02-27,12.855057293120582,11.5,15.1
1997-02-28,1.5533089010207093,1.4,1.8
1997-03-01,27.439042685586266,23.8,31.8
1997-03-02,35.13288983882092,30.5,40.7
1997-03-03,14.760325060528398,12.8,17.1
1997-03-04,1.5599796257167495,1.4,1.8
1997-03-05,10.082362700446085,8.8,11.7
1997-03-06,8.732610046713324,7.6,10.1
1997-03-07,14.032948165578183,12.2,16.3
1997-03-08,0.5238379522193082,0.5,0.6
1997-03-09,19.751795071464933,17.1,22.9
1997-03-10,28.273394634578338,24.6,32.8
1997-03-11,15.799624302213614,13.7,18.3
1997-03-12,38.04244854861642,33.0,44.1
1997-03-13,4.263132612662233,3.7,4.9
1997-03-14,0.0,0.0,0.0
1997-03-15,29.830032364860447,25.9,34.6
1997-03-16,43.03197096178105,37.4,49.9
1997-03-17,0.5238379522193082,0.5,0.6
1997-03-18,0.5238379522193082,0.5,0.6
1997-03-19,9.25225566264241,8.0,10.7
1997-03-20,4.263132612662233,3.7,4.9
1997-03-21,0.0,0.0,0.0
1997-03-22,0.0,0.0,0.0
1997-03-23,0.0,0.0,0.0
1997-03-24,0.0,0.0,0.0
1997-03-25,2.911062227474452,2.5,3.4
1997-03-26,10.290526645638234,8.9,11.9
1997-03-27,14.760325060528398,12.8,17.1
1997-03-28,3.117496046760148,2.7,3.6
1997-03-29,0.3087252518630193,0.3,0.4
1997-03-30,15.072611472351518,13.1,17.5
1997-03-31,18.70929272672112,16.2,21.7
1997-04-01,1.3514360839475588,1.1,1.7
1997-04-02,0.8223577881004663,0.7,1.0
1997-04-03,0.0,0.0,0.0
1997-04-04,0.0,0.0,0.0
1997-04-05,0.0,0.0,0.0
1997-04-06,0.0,0.0,0.0
1997-04-07,16.64756664850388,14.0,20.8
1997-04-08,3.1218410465007196,2.6,3.9
1997-04-09,1.3514360839475588,1.1,1.7
1997-04-10,0.0,0.0,0.0
1997-04-11,0.0,0.0,0.0
1997-04-12,3.4292735504833476,2.9,4.3
1997-04-13,20.083893454149262,16.9,25.1
1997-04-14,5.513429741980058,4.6,6.9
1997-04-15,0.5219298615397068,0.4,0.6
1997-04-16,1.8721610461114937,1.6,2.3
1997-04-17,1.5608411735542735,1.3,1.9
1997-04-18,17.165310382757085,14.5,21.4
1997-04-19,27.784463072689164,23.4,34.7
1997-04-20,29.343259990136776,24.7,36.7
1997-04-21,14.568314640961383,12.3,18.2
1997-04-22,26.952299045668127,22.7,33.7
1997-04-23,17.165310382757085,14.5,21.4
1997-04-24,1.3514360839475588,1.1,1.7
1997-04-25,0.0,0.0,0.0
1997-04-26,1.034243375508953,0.9,1.3
1997-04-27,12.173956782068801,10.3,15.2
1997-04-28,17.48115402146379,14.7,21.8
1997-04-29,8.742493508791105,7.4,10.9
1997-04-30,15.292792584238937,12.9,19.1
1997-05-01,3.534478310299395,2.9,4.4
1997-05-02,1.6092601143495053,1.3,2.0
1997-05-03,6.003747110070403,4.9,7.4
1997-05-04,2.999324070842921,2.5,3.7
1997-05-05,0.5419813631275823,0.4,0.7
1997-05-06,5.143727487463542,4.2,6.3
1997-05-07,0.0,0.0,0.0
1997-05-08,0.0,0.0,0.0
1997-05-09,0.0,0.0,0.0
1997-05-10,0.0,0.0,0.0
1997-05-11,0.0,0.0,0.0
1997-05-12,0.0,0.0,0.0
1997-05-13,0.0,0.0,0.0
1997-05-14,0.0,0.0,0.0
1997-05-15,0.0,0.0,0.0
1997-05-16,0.0,0.0,0.0
1997-05-17,0.0,0.0,0.0
1997-05-18,0.0,0.0,0.0
1997-05-19,0.0,0.0,0.0
1997-05-20,0.0,0.0,0.0
1997-05-21,0.32465575294806837,0.3,0.4
1997-05-22,0.0,0.0,0.0
1997-05-23,6.535646799737767,5.4,8.1
1997-05-24,7.607448992209961,6.3,9.4
1997-05-25,0.5419813631275823,0.4,0.7
1997-05-26,4.607277896034927,3.8,5.7
1997-05-27,8.143805358786539,6.7,10.1
1997-05-28,7.069675157268367,5.8,8.7
1997-05-29,13.927146356911559,11.5,17.2
1997-05-30,2.6797440976178812,2.2,3.3
1997-05-31,16.287471944788944,13.4,20.1
1997-06-01,6.541689394646138,4.9,8.4
1997-06-02,1.3936602121000896,1.1,1.8
1997-06-03,23.702404226484994,17.9,30.6
1997-06-04,6.541689394646138,4.9,8.4
1997-06-05,1.611074474052649,1.2,2.1
1997-06-06,0.0,0.0,0.0
1997-06-07,0.0,0.0,0.0
1997-06-08,0.0,0.0,0.0
1997-06-09,0.0,0.0,0.0
1997-06-10,1.611074474052649,1.2,2.1
1997-06-11,2.68189607985742,2.0,3.5
1997-06-12,4.9341470110528745,3.7,6.4
1997-06-13,0.0,0.0,0.0
1997-06-14,0.0,0.0,0.0
1997-06-15,0.0,0.0,0.0
1997-06-16,0.0,0.0,0.0
1997-06-17,0.0,0.0,0.0
1997-06-18,0.0,0.0,0.0
1997-06-19,0.0,0.0,0.0
1997-06-20,3.0044424417518556,2.3,3.9
1997-06-21,9.54481068677459,7.2,12.3
1997-06-22,3.8595258786474966,2.9,5.0
1997-06-23,2.465632032986512,1.9,3.2
1997-06-24,0.0,0.0,0.0
1997-06-25,0.0,0.0,0.0
1997-06-26,0.0,0.0,0.0
1997-06-27,0.5365764392684496,0.4,0.7
1997-06-28,4.9341470110528745,3.7,6.4
1997-06-29,1.3936602121000896,1.1,1.8
1997-06-30,30.779779281428063,23.3,39.7
1997-07-01,1.1251558446872005,0.8,1.6
1997-07-02,0.0,0.0,0.0
1997-07-03,0.0,0.0,0.0
1997-07-04,0.0,0.0,0.0
1997-07-05,0.0,0.0,0.0
1997-07-06,0.0,0.0,0.0
1997-07-07,0.0,0.0,0.0
1997-07-08,9.681398180779869,6.6,13.8
1997-07-09,14.633527018439679,10.0,20.8
1997-07-10,0.5631077962392734,0.4,0.8
1997-07-11,0.0,0.0,0.0
1997-07-12,0.0,0.0,0.0
1997-07-13,0.0,0.0,0.0
1997-07-14,0.0,0.0,0.0
1997-07-15,0.0,0.0,0.0
1997-07-16,0.5631077962392734,0.4,0.8
1997-07-17,0.0,0.0,0.0
1997-07-18,0.0,0.0,0.0
1997-07-19,0.0,0.0,0.0
1997-07-20,0.0,0.0,0.0
1997-07-21,0.0,0.0,0.0
1997-07-22,0.0,0.0,0.0
1997-07-23,0.0,0.0,0.0
1997-07-24,0.0,0.0,0.0
1997-07-25,0.0,0.0,0.0
1997-07-26,0.0,0.0,0.0
1997-07-27,0.0,0.0,0.0
1997-07-28,0.9018295581295481,0.6,1.3
1997-07-29,0.5631077962392734,0.4,0.8
1997-07-30,1.1251558446872005,0.8,1.6
1997-07-31,0.5631077962392734,0.4,0.8
1997-08-01,0.0,0.0,0.0
1997-08-02,0.0,0.0,0.0
1997-08-03,0.0,0.0,0.0
1997-08-04,0.0,0.0,0.0
1997-08-05,0.0,0.0,0.0
1997-08-06,0.0,0.0,0.0
1997-08-07,0.0,0.0,0.0
1997-08-08,0.0,0.0,0.0
1997-08-09,0.0,0.0,0.0
1997-08-10,0.0,0.0,0.0
1997-08-11,0.0,0.0,0.0
1997-08-12,0.0,0.0,0.0
1997-08-13,0.0,0.0,0.0
1997-08-14,0.0,0.0,0.0
1997-08-15,0.0,0.0,0.0
1997-08-16,0.0,0.0,0.0
1997-08-17,0.0,0.0,0.0
1997-08-18,0.0,0.0,0.0
1997-08-19,0.0,0.0,0.0
1997-08-20,7.488943341526778,6.0,9.4
1997-08-21,0.0,0.0,0.0
1997-08-22,0.0,0.0,0.0
1997-08-23,4.8505884267762545,3.9,6.1
1997-08-24,18.982251612667486,15.2,23.8
1997-08-25,2.110152042713244,1.7,2.6
1997-08-26,7.804258171648079,6.3,9.8
1997-08-27,0.5260560849199707,0.4,0.7
1997-08-28,1.0535598521999154,0.8,1.3
1997-08-29,0.0,0.0,0.0
1997-08-30,0.3252067787626667,0.3,0.4
1997-08-31,0.3252067787626667,0.3,0.4
1997-09-01,0.0,0.0,0.0
1997-09-02,0.5285506219599676,0.5,0.6
1997-09-03,4.347035426847863,3.8,5.2
1997-09-04,0.0,0.0,0.0
1997-09-05,0.0,0.0,0.0
1997-09-06,0.0,0.0,0.0
1997-09-07,0.0,0.0,0.0
1997-09-08,0.0,0.0,0.0
1997-09-09,3.181180354627337,2.8,3.8
1997-09-10,2.121066352878236,1.9,2.5
1997-09-11,11.35249961461075,9.9,13.6
1997-09-12,0.5285506219599676,0.5,0.6
1997-09-13,7.320271750606966,6.4,8.8
1997-09-14,20.473440272306696,17.9,24.5
1997-09-15,31.50822619686261,27.6,37.7
1997-09-16,6.152648508250529,5.4,7.4
1997-09-17,30.44426842997365,26.6,36.4
1997-09-18,8.382600123409459,7.3,10.0
1997-09-19,0.0,0.0,0.0
1997-09-20,0.0,0.0,0.0
1997-09-21,0.0,0.0,0.0
1997-09-22,1.9091326036499539,1.7,2.3
1997-09-23,0.0,0.0,0.0
1997-09-24,0.0,0.0,0.0
1997-09-25,1.0641082899228242,0.9,1.3
1997-09-26,10.288414345185542,9.0,12.3
1997-09-27,0.0,0.0,0.0
1997-09-28,1.0641082899228242,0.9,1.3
1997-09-29,0.5285506219599676,0.5,0.6
1997-09-30,5.940165850766898,5.2,7.1
1997-10-01,21.42921401882345,19.2,24.7
1997-10-02,8.528943292873532,7.6,9.8
1997-10-03,7.717697058153465,6.9,8.9
1997-10-04,20.108279419926568,18.0,23.2
1997-10-05,23.968578401986274,21.4,27.7
1997-10-06,2.336811555284084,2.1,2.7
1997-10-07,2.843023982689109,2.5,3.3
1997-10-08,38.99665688986677,34.9,45.0
1997-10-09,4.8749661296643065,4.4,5.6
1997-10-10,4.672375100820801,4.2,5.4
1997-10-11,16.24621259263015,14.5,18.8
1997-10-12,3.3501062926579213,3.0,3.9
1997-10-13,6.194959673475954,5.5,7.1
1997-10-14,0.0,0.0,0.0
1997-10-15,0.0,0.0,0.0
1997-10-16,0.0,0.0,0.0
1997-10-17,0.0,0.0,0.0
1997-10-18,0.0,0.0,0.0
1997-10-19,0.0,0.0,0.0
1997-10-20,0.0,0.0,0.0
1997-10-21,0.5175549971932952,0.5,0.6
1997-10-22,2.336811555284084,2.1,2.7
1997-10-23,7.516487251003523,6.7,8.7
1997-10-24,0.0,0.0,0.0
1997-10-25,1.522023261086304,1.4,1.8
1997-10-26,0.0,0.0,0.0
1997-10-27,0.0,0.0,0.0
1997-10-28,8.733252375739843,7.8,10.1
1997-10-29,75.04522170061657,67.1,86.6
1997-10-30,42.04216790426059,37.6,48.5
1997-10-31,8.025035204218428,7.2,9.3
1997-11-01,0.0,0.0,0.0
1997-11-02,0.0,0.0,0.0
1997-11-03,0.8224105197339383,0.7,0.9
1997-11-04,0.302296498719456,0.3,0.4
1997-11-05,0.8224105197339383,0.7,0.9
1997-11-06,4.891378750173757,4.3,5.6
1997-11-07,15.286817759389823,13.5,17.6
1997-11-08,0.0,0.0,0.0
1997-11-09,6.724735754891586,6.0,7.8
1997-11-10,0.8224105197339383,0.7,0.9
1997-11-11,1.0240170631193637,0.9,1.2
1997-11-12,0.0,0.0,0.0
1997-11-13,1.0240170631193637,0.9,1.2
1997-11-14,0.5142478839346346,0.5,0.6
1997-11-15,0.302296498719456,0.3,0.4
1997-11-16,5.707509085504691,5.1,6.6
1997-11-17,11.919687085477978,10.6,13.8
1997-11-18,2.3451565558736376,2.1,2.7
1997-11-19,11.107463207775403,9.8,12.8
1997-11-20,9.577953561680781,8.5,11.1
1997-11-21,1.0240170631193637,0.9,1.2
1997-11-22,0.8224105197339383,0.7,0.9
1997-11-23,28.93923556633575,25.6,33.4
1997-11-24,14.26624675210983,12.6,16.5
1997-11-25,5.196552646196403,4.6,6.0
1997-11-26,4.891378750173757,4.3,5.6
1997-11-27,0.8224105197339383,0.7,0.9
1997-11-28,2.546962438809151,2.3,2.9
1997-11-29,7.743270187727425,6.9,8.9
1997-11-30,1.8344703151662853,1.6,2.1
1997-12-01,0.0,0.0,0.0
1997-12-02,0.0,0.0,0.0
1997-12-03,0.8250214686548502,0.7,1.0
1997-12-04,0.0,0.0,0.0
1997-12-05,1.0278570715099267,0.9,1.2
1997-12-06,0.3048005084493224,0.3,0.4
1997-12-07,13.36344741715078,11.9,15.8
1997-12-08,4.213727886812033,3.8,5.0
1997-12-09,18.293816333523054,16.3,21.7
1997-12-10,0.5159429092965292,0.5,0.6
1997-12-11,0.3048005084493224,0.3,0.4
1997-12-12,0.0,0.0,0.0
1997-12-13,0.0,0.0,0.0
1997-12-14,11.71818849353243,10.5,13.9
1997-12-15,26.105453448129325,23.3,30.9
1997-12-16,43.0632463192265,38.4,51.0
1997-12-17,6.479167453744556,5.8,7.7
1997-12-18,0.0,0.0,0.0
1997-12-19,2.5674047941606695,2.3,3.0
1997-12-20,12.745595600844943,11.4,15.1
1997-12-21,0.5159429092965292,0.5,0.6
1997-12-22,0.5159429092965292,0.5,0.6
1997-12-23,13.052538646599151,11.6,15.5
1997-12-24,2.8783994409643587,2.6,3.4
1997-12-25,0.0,0.0,0.0
1997-12-26,1.3371932628897398,1.2,1.6
1997-12-27,0.8250214686548502,0.7,1.0
1997-12-28,0.5159429092965292,0.5,0.6
1997-12-29,0.0,0.0,0.0
1997-12-30,4.9326543195384165,4.4,5.8
1997-12-31,2.3639781767641805,2.1,2.8
1998-01-01,9.360185967743027,8.2,11.3
1998-01-02,11.00641550247983,9.7,13.3
1998-01-03,9.667482152828612,8.5,11.7
1998-01-04,3.3932089499384506,3.0,4.1
1998-01-05,6.274038421569703,5.5,7.6
1998-01-06,15.120129495360326,13.3,18.3
1998-01-07,11.518960687553365,10.1,14.0
1998-01-08,17.48573802784735,15.4,21.2
1998-01-09,3.085191779194179,2.7,3.7
1998-01-10,26.638784379276444,23.4,32.3
1998-01-11,69.53379860806642,61.1,84.2
1998-01-12,24.583882980639174,21.6,29.8
1998-01-13,15.941627028689512,14.0,19.3
1998-01-14,38.36411928751657,33.7,46.5
1998-01-15,10.69590803797736,9.4,13.0
1998-01-16,34.457746216222034,30.3,41.7
1998-01-17,14.607343331391233,12.8,17.7
1998-01-18,8.33139763220631,7.3,10.1
1998-01-19,7.8168470564832555,6.9,9.5
1998-01-20,3.3932089499384506,3.0,4.1
1998-01-21,12.034093467987681,10.6,14.6
1998-01-22,17.280747482741244,15.2,20.9
1998-01-23,7.301791497573494,6.4,8.8
1998-01-24,18.307616137349243,16.1,22.2
1998-01-25,8.640122719170732,7.6,10.5
1998-01-26,9.156123421344887,8.0,11.1
1998-01-27,3.702299592609028,3.3,4.5
1998-01-28,0.0,0.0,0.0
1998-01-29,12.237327923004829,10.8,14.8
1998-01-30,0.0,0.0,0.0
1998-01-31,0.82673967614764,0.7,1.0
1998-02-01,1.5533089010207093,1.4,1.8
1998-02-02,1.3505209767182442,1.2,1.6
1998-02-03,0.8314830366197999,0.7,1.0
1998-02-04,2.3826250818737873,2.1,2.8
1998-02-05,7.879347994854249,7.0,9.3
1998-02-06,1.8655027377902302,1.7,2.2
1998-02-07,1.0367530930161,0.9,1.2
1998-02-08,3.9433648705443134,3.5,4.6
1998-02-09,6.324606276837453,5.6,7.4
1998-02-10,8.190142319246888,7.3,9.6
1998-02-11,6.530893311879317,5.8,7.7
1998-02-12,8.397837852823,7.5,9.9
1998-02-13,15.032616894086871,13.4,17.7
1998-02-14,12.13016138250464,10.8,14.2
1998-02-15,4.770581281605633,4.3,5.6
1998-02-16,6.01253031970965,5.4,7.1
1998-02-17,7.36005487172342,6.6,8.6
1998-02-18,8.70709110837035,7.8,10.2
1998-02-19,13.165063364654383,11.7,15.5
1998-02-20,24.46644245082944,21.8,28.7
1998-02-21,45.82236209832131,40.9,53.8
1998-02-22,26.647605002938626,23.8,31.3
1998-02-23,3.9433648705443134,3.5,4.6
1998-02-24,3.7325287517035575,3.3,4.4
1998-02-25,6.530893311879317,5.8,7.7
1998-02-26,3.7325287517035575,3.3,4.4
1998-02-27,1.3505209767182442,1.2,1.6
1998-02-28,21.042409895404987,18.8,24.7
1998-03-01,16.631325783763867,14.4,19.3
1998-03-02,15.278713530348085,13.3,17.7
1998-03-03,8.418012125500177,7.3,9.8
1998-03-04,3.4307457259997194,3.0,4.0
1998-03-05,0.0,0.0,0.0
1998-03-06,1.0384788123748134,0.9,1.2
1998-03-07,1.5599796257167495,1.4,1.8
1998-03-08,16.631325783763867,14.4,19.3
1998-03-09,2.0823911234136716,1.8,2.4
1998-03-10,3.4307457259997194,3.0,4.0
1998-03-11,0.0,0.0,0.0
1998-03-12,0.5238379522193082,0.5,0.6
1998-03-13,0.0,0.0,0.0
1998-03-14,0.0,0.0,0.0
1998-03-15,2.911062227474452,2.5,3.4
1998-03-16,1.5599796257167495,1.4,1.8
1998-03-17,0.0,0.0,0.0
1998-03-18,0.0,0.0,0.0
1998-03-19,0.0,0.0,0.0
1998-03-20,3.7415260095214737,3.2,4.3
1998-03-21,24.013130449388523,20.9,27.8
1998-03-22,41.99443925512723,36.5,48.7
1998-03-23,5.298543331482658,4.6,6.1
1998-03-24,6.339433754860957,5.5,7.3
1998-03-25,6.339433754860957,5.5,7.3
1998-03-26,9.457380740516184,8.2,11.0
1998-03-27,2.391367969723704,2.1,2.8
1998-03-28,4.470516802987741,3.9,5.2
1998-03-29,1.873251012795772,1.6,2.2
1998-03-30,4.989104609092193,4.3,5.8
1998-03-31,4.989104609092193,4.3,5.8
1998-04-01,0.0,0.0,0.0
1998-04-02,3.9529497159515485,3.3,4.9
1998-04-03,7.38579487378253,6.2,9.2
1998-04-04,1.034243375508953,0.9,1.3
1998-04-05,1.8721610461114937,1.6,2.3
1998-04-06,6.349270676349731,5.4,7.9
1998-04-07,6.033755688715984,5.1,7.5
1998-04-08,0.5219298615397068,0.4,0.6
1998-04-09,9.260911528113365,7.8,11.6
1998-04-10,20.083893454149262,16.9,25.1
1998-04-11,4.475355174441331,3.8,5.6
1998-04-12,10.300793937778892,8.7,12.9
1998-04-13,4.991679632975555,4.2,6.2
1998-04-14,4.2649401217265135,3.6,5.3
1998-04-15,2.916511558036748,2.5,3.6
1998-04-16,0.0,0.0,0.0
1998-04-17,0.0,0.0,0.0
1998-04-18,1.034243375508953,0.9,1.3
1998-04-19,2.3929175267652467,2.0,3.0
1998-04-20,0.5219298615397068,0.4,0.6
1998-04-21,0.0,0.0,0.0
1998-04-22,5.827750120890264,4.9,7.3
1998-04-23,11.654047494911081,9.8,14.6
1998-04-24,4.475355174441331,3.8,5.6
1998-04-25,0.32029541273972606,0.3,0.4
1998-04-26,1.034243375508953,0.9,1.3
1998-04-27,0.0,0.0,0.0
1998-04-28,0.0,0.0,0.0
1998-04-29,0.0,0.0,0.0
1998-04-30,0.5219298615397068,0.4,0.6
1998-05-01,1.6092601143495053,1.3,2.0
1998-05-02,11.142267555260053,9.2,13.8
1998-05-03,7.069675157268367,5.8,8.7
1998-05-04,14.679133135243855,12.1,18.1
1998-05-05,3.21518714635985,2.6,4.0
1998-05-06,0.0,0.0,0.0
1998-05-07,0.32465575294806837,0.3,0.4
1998-05-08,1.6092601143495053,1.3,2.0
1998-05-09,0.8559445063639596,0.7,1.1
1998-05-10,1.6092601143495053,1.3,2.0
1998-05-11,8.678184246658788,7.1,10.7
1998-05-12,18.21446696723491,15.0,22.5
1998-05-13,7.607448992209961,6.3,9.4
1998-05-14,9.534970064046941,7.8,11.8
1998-05-15,7.39371327842874,6.1,9.1
1998-05-16,11.678919436454299,9.6,14.4
1998-05-17,6.535646799737767,5.4,8.1
1998-05-18,4.070409202569636,3.3,5.0
1998-05-19,15.536218059100383,12.8,19.2
1998-05-20,6.535646799737767,5.4,8.1
1998-05-21,2.999324070842921,2.5,3.7
1998-05-22,0.0,0.0,0.0
1998-05-23,4.070409202569636,3.3,5.0
1998-05-24,19.60928931609563,16.1,24.2
1998-05-25,10.073207084461812,8.3,12.4
1998-05-26,0.8559445063639596,0.7,1.1
1998-05-27,1.9298040113200767,1.6,2.4
1998-05-28,4.070409202569636,3.3,5.0
1998-05-29,30.751009435759116,25.3,38.0
1998-05-30,1.3942838977888599,1.1,1.7
1998-05-31,3.534478310299395,2.9,4.4
1998-06-01,2.465632032986512,1.9,3.2
1998-06-02,1.3936602121000896,1.1,1.8
1998-06-03,4.610630367837185,3.5,6.0
1998-06-04,0.0,0.0,0.0
1998-06-05,0.0,0.0,0.0
1998-06-06,1.3936602121000896,1.1,1.8
1998-06-07,7.079518731844216,5.4,9.1
1998-06-08,2.465632032986512,1.9,3.2
1998-06-09,0.32234129497515424,0.2,0.4
1998-06-10,11.474770925640495,8.7,14.8
1998-06-11,0.0,0.0,0.0
1998-06-12,0.0,0.0,0.0
1998-06-13,0.0,0.0,0.0
1998-06-14,0.8622663219491368,0.6,1.1
1998-06-15,0.0,0.0,0.0
1998-06-16,2.68189607985742,2.0,3.5
1998-06-17,0.0,0.0,0.0
1998-06-18,0.5365764392684496,0.4,0.7
1998-06-19,0.0,0.0,0.0
1998-06-20,0.5365764392684496,0.4,0.7
1998-06-21,2.465632032986512,1.9,3.2
1998-06-22,0.0,0.0,0.0
1998-06-23,6.541689394646138,4.9,8.4
1998-06-24,11.15396563989914,8.4,14.4
1998-06-25,12.760496421194258,9.6,16.5
1998-06-26,3.0044424417518556,2.3,3.9
1998-06-27,0.0,0.0,0.0
1998-06-28,0.0,0.0,0.0
1998-06-29,0.5365764392684496,0.4,0.7
1998-06-30,2.68189607985742,2.0,3.5
1998-07-01,0.0,0.0,0.0
1998-07-02,0.0,0.0,0.0
1998-07-03,0.0,0.0,0.0
1998-07-04,0.0,0.0,0.0
1998-07-05,0.0,0.0,0.0
1998-07-06,0.0,0.0,0.0
1998-07-07,0.0,0.0,0.0
1998-07-08,0.0,0.0,0.0
1998-07-09,0.0,0.0,0.0
1998-07-10,0.0,0.0,0.0
1998-07-11,0.0,0.0,0.0
1998-07-12,0.0,0.0,0.0
1998-07-13,0.0,0.0,0.0
1998-07-14,0.0,0.0,0.0
1998-07-15,0.0,0.0,0.0
1998-07-16,0.0,0.0,0.0
1998-07-17,0.0,0.0,0.0
1998-07-18,0.0,0.0,0.0
1998-07-19,0.0,0.0,0.0
1998-07-20,0.0,0.0,0.0
1998-07-21,0.0,0.0,0.0
1998-07-22,0.0,0.0,0.0
1998-07-23,0.0,0.0,0.0
1998-07-24,0.0,0.0,0.0
1998-07-25,0.0,0.0,0.0
1998-07-26,0.5631077962392734,0.4,0.8
1998-07-27,0.0,0.0,0.0
1998-07-28,8.890652086125657,6.1,12.6
1998-07-29,1.1251558446872005,0.8,1.6
1998-07-30,0.5631077962392734,0.4,0.8
1998-07-31,0.0,0.0,0.0
1998-08-01,0.0,0.0,0.0
1998-08-02,0.0,0.0,0.0
1998-08-03,0.0,0.0,0.0
1998-08-04,0.0,0.0,0.0
1998-08-05,0.0,0.0,0.0
1998-08-06,0.0,0.0,0.0
1998-08-07,0.0,0.0,0.0
1998-08-08,0.0,0.0,0.0
1998-08-09,0.0,0.0,0.0
1998-08-10,0.0,0.0,0.0
1998-08-11,0.0,0.0,0.0
1998-08-12,0.0,0.0,0.0
1998-08-13,0.0,0.0,0.0
1998-08-14,0.0,0.0,0.0
1998-08-15,0.0,0.0,0.0
1998-08-16,0.0,0.0,0.0
1998-08-17,0.0,0.0,0.0
1998-08-18,0.0,0.0,0.0
1998-08-19,0.0,0.0,0.0
1998-08-20,4.5354491189696375,3.6,5.7
1998-08-21,0.0,0.0,0.0
1998-08-22,0.8419702643089455,0.7,1.1
1998-08-23,0.8419702643089455,0.7,1.1
1998-08-24,0.0,0.0,0.0
1998-08-25,0.0,0.0,0.0
1998-08-26,0.0,0.0,0.0
1998-08-27,0.0,0.0,0.0
1998-08-28,0.0,0.0,0.0
1998-08-29,0.0,0.0,0.0
1998-08-30,0.0,0.0,0.0
1998-08-31,0.0,0.0,0.0
1998-09-01,0.0,0.0,0.0
1998-09-02,0.0,0.0,0.0
1998-09-03,0.0,0.0,0.0
1998-09-04,0.0,0.0,0.0
1998-09-05,0.0,0.0,0.0
1998-09-06,0.0,0.0,0.0
1998-09-07,0.0,0.0,0.0
1998-09-08,0.31328755530511265,0.3,0.4
1998-09-09,0.31328755530511265,0.3,0.4
1998-09-10,0.0,0.0,0.0
1998-09-11,0.0,0.0,0.0
1998-09-12,0.0,0.0,0.0
1998-09-13,0.0,0.0,0.0
1998-09-14,0.0,0.0,0.0
1998-09-15,0.0,0.0,0.0
1998-09-16,0.0,0.0,0.0
1998-09-17,0.0,0.0,0.0
1998-09-18,17.288197212913254,15.1,20.7
1998-09-19,2.9697829274830503,2.6,3.6
1998-09-20,0.0,0.0,0.0
1998-09-21,0.0,0.0,0.0
1998-09-22,0.0,0.0,0.0
1998-09-23,0.0,0.0,0.0
1998-09-24,0.0,0.0,0.0
1998-09-25,23.975018074355948,21.0,28.7
1998-09-26,1.0641082899228242,0.9,1.3
1998-09-27,0.0,0.0,0.0
1998-09-28,0.0,0.0,0.0
1998-09-29,0.0,0.0,0.0
1998-09-30,0.0,0.0,0.0
1998-10-01,7.717697058153465,6.9,8.9
1998-10-02,12.390319995039327,11.1,14.3
1998-10-03,10.357607392825457,9.3,12.0
1998-10-04,9.239939089069443,8.3,10.7
1998-10-05,0.5175549971932952,0.5,0.6
1998-10-06,0.0,0.0,0.0
1998-10-07,0.0,0.0,0.0
1998-10-08,17.77066247049254,15.9,20.5
1998-10-09,13.406132621380632,12.0,15.5
1998-10-10,0.0,0.0,0.0
1998-10-11,0.3010862083023276,0.3,0.4
1998-10-12,0.0,0.0,0.0
1998-10-13,16.24621259263015,14.5,18.8
1998-10-14,12.390319995039327,11.1,14.3
1998-10-15,3.3501062926579213,3.0,3.9
1998-10-16,0.0,0.0,0.0
1998-10-17,0.0,0.0,0.0
1998-10-18,0.0,0.0,0.0
1998-10-19,0.8162745007890809,0.7,0.9
1998-10-20,0.0,0.0,0.0
1998-10-21,0.0,0.0,0.0
1998-10-22,0.0,0.0,0.0
1998-10-23,0.0,0.0,0.0
1998-10-24,6.194959673475954,5.5,7.1
1998-10-25,3.0457928097745093,2.7,3.5
1998-10-26,0.0,0.0,0.0
1998-10-27,6.70234892014764,6.0,7.7
1998-10-28,0.5175549971932952,0.5,0.6
1998-10-29,0.0,0.0,0.0
1998-10-30,0.0,0.0,0.0
1998-10-31,8.733252375739843,7.8,10.1
1998-11-01,4.891378750173757,4.3,5.6
1998-11-02,10.907079539345796,9.7,12.6
1998-11-03,8.049353795040053,7.1,9.3
1998-11-04,13.758165910914073,12.2,15.9
1998-11-05,17.830441899513016,15.8,20.6
1998-11-06,7.539009111578265,6.7,8.7
1998-11-07,12.941037527623372,11.5,14.9
1998-11-08,6.215516457027212,5.5,7.2
1998-11-09,7.030779370212084,6.2,8.1
1998-11-10,18.137114087071886,16.1,20.9
1998-11-11,0.0,0.0,0.0
1998-11-12,0.5142478839346346,0.5,0.6
1998-11-13,0.0,0.0,0.0
1998-11-14,0.302296498719456,0.3,0.4
1998-11-15,23.846943988125208,21.1,27.5
1998-11-16,2.853932913241361,2.5,3.3
1998-11-17,19.9738108533385,17.7,23.1
1998-11-18,7.030779370212084,6.2,8.1
1998-11-19,20.991692060778952,18.6,24.2
1998-11-20,59.81648251792392,53.0,69.1
1998-11-21,76.11972122438613,67.5,87.9
1998-11-22,28.431623298389304,25.2,32.8
1998-11-23,34.136233433853995,30.3,39.4
1998-11-24,17.120178355958345,15.2,19.8
1998-11-25,23.5415877322103,20.9,27.2
1998-11-26,19.66688315948069,17.4,22.7
1998-11-27,3.3630467396754944,3.0,3.9
1998-11-28,0.302296498719456,0.3,0.4
1998-11-29,26.900917562749065,23.8,31.1
1998-11-30,18.851064823729434,16.7,21.8
1998-12-01,33.39924413420577,29.8,39.5
1998-12-02,85.91956297887333,76.6,101.7
1998-12-03,2.05771316793035,1.8,2.4
1998-12-04,3.9043422258522424,3.5,4.6
1998-12-05,15.93151245714228,14.2,18.9
1998-12-06,14.595282944936175,13.0,17.3
1998-12-07,22.713685958485847,20.3,26.9
1998-12-08,11.514542926713736,10.3,13.6
1998-12-09,2.5674047941606695,2.3,3.0
1998-12-10,10.175072583955513,9.1,12.0
1998-12-11,36.07639328623023,32.2,42.7
1998-12-12,7.605978973436665,6.8,9.0
1998-12-13,7.811420459070519,7.0,9.2
1998-12-14,0.5159429092965292,0.5,0.6
1998-12-15,0.3048005084493224,0.3,0.4
1998-12-16,0.5159429092965292,0.5,0.6
1998-12-17,0.0,0.0,0.0
1998-12-18,0.8250214686548502,0.7,1.0
1998-12-19,0.0,0.0,0.0
1998-12-20,0.3048005084493224,0.3,0.4
1998-12-21,0.0,0.0,0.0
1998-12-22,0.0,0.0,0.0
1998-12-23,3.6990880029868527,3.3,4.4
1998-12-24,10.175072583955513,9.1,12.0
1998-12-25,54.78178386880916,48.9,64.9
1998-12-26,21.173222803706576,18.9,25.1
1998-12-27,112.54202268736977,100.4,133.2
1998-12-28,51.182257325342775,45.7,60.6
1998-12-29,15.41838621021907,13.8,18.3
1998-12-30,2.3639781767641805,2.1,2.8
1998-12-31,30.524703150683266,27.2,36.1
1999-01-01,1.3363819911659414,1.2,1.6
1999-01-02,0.0,0.0,0.0
1999-01-03,0.5173249538504329,0.5,0.6
1999-01-04,0.0,0.0,0.0
1999-01-05,0.0,0.0,0.0
1999-01-06,0.0,0.0,0.0
1999-01-07,5.966613259656421,5.2,7.2
1999-01-08,0.5173249538504329,0.5,0.6
1999-01-09,0.0,0.0,0.0
1999-01-10,0.0,0.0,0.0
1999-01-11,14.607343331391233,12.8,17.7
1999-01-12,5.24453352161597,4.6,6.4
1999-01-13,0.5173249538504329,0.5,0.6
1999-01-14,22.21560406879622,19.5,26.9
1999-01-15,20.16008111998868,17.7,24.4
1999-01-16,24.78914879212102,21.8,30.0
1999-01-17,40.52628046293469,35.6,49.1
1999-01-18,23.551943289183715,20.7,28.5
1999-01-19,24.583882980639174,21.6,29.8
1999-01-20,48.03533288341595,42.2,58.2
1999-01-21,31.065158986250438,27.3,37.6
1999-01-22,41.55621296454997,36.5,50.3
1999-01-23,10.182609543854227,8.9,12.3
1999-01-24,0.0,0.0,0.0
1999-01-25,0.0,0.0,0.0
1999-01-26,0.0,0.0,0.0
1999-01-27,2.5706361405943094,2.3,3.1
1999-01-28,19.338025865308673,17.0,23.4
1999-01-29,0.0,0.0,0.0
1999-01-30,0.82673967614764,0.7,1.0
1999-01-31,7.301791497573494,6.4,8.8
1999-02-01,11.612566708422476,10.4,13.6
1999-02-02,31.308813351797184,27.9,36.8
1999-02-03,11.300087975852051,10.1,13.3
1999-02-04,5.286059532770104,4.7,6.2
1999-02-05,15.032616894086871,13.4,17.7
1999-02-06,60.335172392996405,53.8,70.9
1999-02-07,34.20938738668079,30.5,40.2
1999-02-08,14.723221926968469,13.1,17.3
1999-02-09,11.300087975852051,10.1,13.3
1999-02-10,5.495602750260482,4.9,6.5
1999-02-11,0.0,0.0,0.0
1999-02-12,0.3042251560095856,0.3,0.4
1999-02-13,3.7325287517035575,3.3,4.4
1999-02-14,2.9006484874177967,2.6,3.4
1999-02-15,7.153212567585161,6.4,8.4
1999-02-16,35.55789220209541,31.7,41.8
1999-02-17,26.332683155568834,23.5,30.9
1999-02-18,39.18738485873628,35.0,46.0
1999-02-19,3.108497650978627,2.8,3.7
1999-02-20,2.5921669916039836,2.3,3.0
1999-02-21,3.7325287517035575,3.3,4.4
1999-02-22,44.477284569693516,39.7,52.2
1999-02-23,22.6003049366951,20.2,26.5
1999-02-24,12.855057293120582,11.5,15.1
1999-02-25,15.551870998290575,13.9,18.3
1999-02-26,11.300087975852051,10.1,13.3
1999-02-27,43.22971837343629,38.6,50.8
1999-02-28,25.294971520052606,22.6,29.7
1999-03-01,12.68006570213285,11.0,14.7
1999-03-02,13.720345021095754,11.9,15.9
1999-03-03,27.961036715538583,24.3,32.4
1999-03-04,8.418012125500177,7.3,9.8
1999-03-05,1.3508969830772564,1.2,1.6
1999-03-06,0.5238379522193082,0.5,0.6
1999-03-07,1.5599796257167495,1.4,1.8
1999-03-08,9.770697678792617,8.5,11.3
1999-03-09,3.117496046760148,2.7,3.6
1999-03-10,0.5238379522193082,0.5,0.6
1999-03-11,0.0,0.0,0.0
1999-03-12,25.05027375453312,21.8,29.0
1999-03-13,1.873251012795772,1.6,2.2
1999-03-14,2.0823911234136716,1.8,2.4
1999-03-15,3.7415260095214737,3.2,4.3
1999-03-16,0.0,0.0,0.0
1999-03-17,0.3087252518630193,0.3,0.4
1999-03-18,0.3087252518630193,0.3,0.4
1999-03-19,0.0,0.0,0.0
1999-03-20,0.0,0.0,0.0
1999-03-21,5.818732294829162,5.1,6.7
1999-03-22,6.861735209681303,6.0,7.9
1999-03-23,0.0,0.0,0.0
1999-03-24,3.7415260095214737,3.2,4.3
1999-03-25,6.027446937671366,5.2,7.0
1999-03-26,28.481241030781487,24.7,33.0
1999-03-27,2.391367969723704,2.1,2.8
1999-03-28,18.189300665364215,15.8,21.1
1999-03-29,34.61453631117783,30.1,40.1
1999-03-30,7.3806102087384415,6.4,8.6
1999-03-31,7.3806102087384415,6.4,8.6
1999-04-01,0.0,0.0,0.0
1999-04-02,3.9529497159515485,3.3,4.9
1999-04-03,3.1218410465007196,2.6,3.9
1999-04-04,8.949937284654265,7.5,11.2
1999-04-05,2.916511558036748,2.5,3.6
1999-04-06,21.95258902067244,18.5,27.4
1999-04-07,2.3929175267652467,2.0,3.0
1999-04-08,14.568314640961383,12.3,18.2
1999-04-09,4.2649401217265135,3.6,5.3
1999-04-10,2.6027092268538112,2.2,3.2
1999-04-11,0.0,0.0,0.0
1999-04-12,0.0,0.0,0.0
1999-04-13,0.8223577881004663,0.7,1.0
1999-04-14,0.0,0.0,0.0
1999-04-15,0.0,0.0,0.0
1999-04-16,0.0,0.0,0.0
1999-04-17,0.0,0.0,0.0
1999-04-18,1.8721610461114937,1.6,2.3
1999-04-19,2.3929175267652467,2.0,3.0
1999-04-20,4.2649401217265135,3.6,5.3
1999-04-21,3.7470762253737404,3.2,4.7
1999-04-22,1.8721610461114937,1.6,2.3
1999-04-23,0.0,0.0,0.0
1999-04-24,0.0,0.0,0.0
1999-04-25,1.5608411735542735,1.3,1.9
1999-04-26,2.916511558036748,2.5,3.6
1999-04-27,11.134191432449974,9.4,13.9
1999-04-28,1.3514360839475588,1.1,1.7
1999-04-29,0.0,0.0,0.0
1999-04-30,0.5219298615397068,0.4,0.6
1999-05-01,10.606727681652051,8.7,13.1
1999-05-02,16.822080214777,13.8,20.8
1999-05-03,26.678915655215118,21.9,32.9
1999-05-04,10.606727681652051,8.7,13.1
1999-05-05,0.0,0.0,0.0
1999-05-06,8.143805358786539,6.7,10.1
1999-05-07,7.607448992209961,6.3,9.4
1999-05-08,4.928448407685242,4.1,6.1
1999-05-09,0.0,0.0,0.0
1999-05-10,0.0,0.0,0.0
1999-05-11,10.394711808023029,8.6,12.8
1999-05-12,3.858928684490235,3.2,4.8
1999-05-13,5.4632496661782985,4.5,6.7
1999-05-14,9.751078198475286,8.0,12.0
1999-05-15,2.6797440976178812,2.2,3.3
1999-05-16,0.0,0.0,0.0
1999-05-17,38.89479536589872,32.0,48.0
1999-05-18,9.534970064046941,7.8,11.8
1999-05-19,0.0,0.0,0.0
1999-05-20,0.5419813631275823,0.4,0.7
1999-05-21,0.0,0.0,0.0
1999-05-22,0.0,0.0,0.0
1999-05-23,0.0,0.0,0.0
1999-05-24,0.5419813631275823,0.4,0.7
1999-05-25,0.8559445063639596,0.7,1.1
1999-05-26,0.0,0.0,0.0
1999-05-27,0.0,0.0,0.0
1999-05-28,0.0,0.0,0.0
1999-05-29,0.0,0.0,0.0
1999-05-30,0.0,0.0,0.0
1999-05-31,4.394178426358619,3.6,5.4
1999-06-01,5.144779200937955,3.9,6.6
1999-06-02,0.5365764392684496,0.4,0.7
1999-06-03,0.0,0.0,0.0
1999-06-04,0.0,0.0,0.0
1999-06-05,4.610630367837185,3.5,6.0
1999-06-06,4.610630367837185,3.5,6.0
1999-06-07,4.610630367837185,3.5,6.0
1999-06-08,1.0689166253413362,0.8,1.4
1999-06-09,0.0,0.0,0.0
1999-06-10,0.0,0.0,0.0
1999-06-11,0.0,0.0,0.0
1999-06-12,0.0,0.0,0.0
1999-06-13,0.0,0.0,0.0
1999-06-14,0.0,0.0,0.0
1999-06-15,0.0,0.0,0.0
1999-06-16,0.0,0.0,0.0
1999-06-17,0.5365764392684496,0.4,0.7
1999-06-18,0.0,0.0,0.0
1999-06-19,0.0,0.0,0.0
1999-06-20,3.5385003438870513,2.7,4.6
1999-06-21,1.9306260487999942,1.5,2.5
1999-06-22,0.0,0.0,0.0
1999-06-23,0.0,0.0,0.0
1999-06-24,13.620094652775958,10.3,17.6
1999-06-25,11.15396563989914,8.4,14.4
1999-06-26,1.611074474052649,1.2,2.1
1999-06-27,1.611074474052649,1.2,2.1
1999-06-28,0.0,0.0,0.0
1999-06-29,0.0,0.0,0.0
1999-06-30,0.32234129497515424,0.2,0.4
1999-07-01,0.5631077962392734,0.4,0.8
1999-07-02,0.9018295581295481,0.6,1.3
1999-07-03,1.4623574325072481,1.0,2.1
1999-07-04,1.1251558446872005,0.8,1.6
1999-07-05,0.5631077962392734,0.4,0.8
1999-07-06,0.0,0.0,0.0
1999-07-07,1.4623574325072481,1.0,2.1
1999-07-08,0.0,0.0,0.0
1999-07-09,0.0,0.0,0.0
1999-07-10,0.0,0.0,0.0
1999-07-11,0.33622085258061896,0.2,0.5
1999-07-12,0.33622085258061896,0.2,0.5
1999-07-13,0.33622085258061896,0.2,0.5
1999-07-14,0.0,0.0,0.0
1999-07-15,0.5631077962392734,0.4,0.8
1999-07-16,0.5631077962392734,0.4,0.8
1999-07-17,0.0,0.0,0.0
1999-07-18,0.0,0.0,0.0
1999-07-19,0.9018295581295481,0.6,1.3
1999-07-20,1.1251558446872005,0.8,1.6
1999-07-21,1.4623574325072481,1.0,2.1
1999-07-22,0.0,0.0,0.0
1999-07-23,0.33622085258061896,0.2,0.5
1999-07-24,0.33622085258061896,0.2,0.5
1999-07-25,0.0,0.0,0.0
1999-07-26,0.9018295581295481,0.6,1.3
1999-07-27,0.0,0.0,0.0
1999-07-28,0.0,0.0,0.0
1999-07-29,0.0,0.0,0.0
1999-07-30,0.0,0.0,0.0
1999-07-31,0.5631077962392734,0.4,0.8
1999-08-01,0.5260560849199707,0.4,0.7
1999-08-02,0.0,0.0,0.0
1999-08-03,0.0,0.0,0.0
1999-08-04,0.8419702643089455,0.7,1.1
1999-08-05,2.9541456585578243,2.4,3.7
1999-08-06,2.6358053587212305,2.1,3.3
1999-08-07,27.315201636212073,21.9,34.3
1999-08-08,5.06420512785013,4.1,6.4
1999-08-09,2.4251192731165228,1.9,3.0
1999-08-10,0.0,0.0,0.0
1999-08-11,0.0,0.0,0.0
1999-08-12,0.0,0.0,0.0
1999-08-13,0.5260560849199707,0.4,0.7
1999-08-14,0.0,0.0,0.0
1999-08-15,0.0,0.0,0.0
1999-08-16,0.0,0.0,0.0
1999-08-17,0.0,0.0,0.0
1999-08-18,0.0,0.0,0.0
1999-08-19,0.0,0.0,0.0
1999-08-20,0.0,0.0,0.0
1999-08-21,0.3252067787626667,0.3,0.4
1999-08-22,0.0,0.0,0.0
1999-08-23,0.0,0.0,0.0
1999-08-24,0.5260560849199707,0.4,0.7
1999-08-25,0.0,0.0,0.0
1999-08-26,17.71803311170417,14.2,22.2
1999-08-27,0.0,0.0,0.0
1999-08-28,17.40459160314778,14.0,21.8
1999-08-29,0.5260560849199707,0.4,0.7
1999-08-30,5.908536214393781,4.7,7.4
1999-08-31,0.5260560849199707,0.4,0.7
1999-09-01,0.0,0.0,0.0
1999-09-02,0.0,0.0,0.0
1999-09-03,0.0,0.0,0.0
1999-09-04,0.0,0.0,0.0
1999-09-05,0.0,0.0,0.0
1999-09-06,0.0,0.0,0.0
1999-09-07,0.0,0.0,0.0
1999-09-08,0.0,0.0,0.0
1999-09-09,0.0,0.0,0.0
1999-09-10,0.0,0.0,0.0
1999-09-11,0.0,0.0,0.0
1999-09-12,0.0,0.0,0.0
1999-09-13,0.0,0.0,0.0
1999-09-14,0.0,0.0,0.0
1999-09-15,0.0,0.0,0.0
1999-09-16,0.0,0.0,0.0
1999-09-17,0.0,0.0,0.0
1999-09-18,0.0,0.0,0.0
1999-09-19,0.0,0.0,0.0
1999-09-20,0.0,0.0,0.0
1999-09-21,0.0,0.0,0.0
1999-09-22,0.0,0.0,0.0
1999-09-23,0.0,0.0,0.0
1999-09-24,0.0,0.0,0.0
1999-09-25,1.9091326036499539,1.7,2.3
1999-09-26,0.5285506219599676,0.5,0.6
1999-09-27,0.8489141165968944,0.7,1.0
1999-09-28,0.0,0.0,0.0
1999-09-29,0.0,0.0,0.0
1999-09-30,0.0,0.0,0.0
1999-10-01,0.0,0.0,0.0
1999-10-02,0.0,0.0,0.0
1999-10-03,1.8310583933371036,1.6,2.1
1999-10-04,0.0,0.0,0.0
1999-10-05,0.0,0.0,0.0
1999-10-06,6.194959673475954,5.5,7.1
1999-10-07,0.0,0.0,0.0
1999-10-08,3.3501062926579213,3.0,3.9
1999-10-09,0.8162745007890809,0.7,0.9
1999-10-10,0.0,0.0,0.0
1999-10-11,0.0,0.0,0.0
1999-10-12,1.8310583933371036,1.6,2.1
1999-10-13,0.0,0.0,0.0
1999-10-14,2.336811555284084,2.1,2.7
1999-10-15,2.336811555284084,2.1,2.7
1999-10-16,0.0,0.0,0.0
1999-10-17,0.0,0.0,0.0
1999-10-18,0.0,0.0,0.0
1999-10-19,0.0,0.0,0.0
1999-10-20,0.8162745007890809,0.7,0.9
1999-10-21,0.0,0.0,0.0
1999-10-22,0.0,0.0,0.0
1999-10-23,0.0,0.0,0.0
1999-10-24,0.0,0.0,0.0
1999-10-25,9.847441149240709,8.8,11.4
1999-10-26,9.54372571276277,8.5,11.0
1999-10-27,26.09673278567189,23.3,30.1
1999-10-28,43.56409189965506,39.0,50.3
1999-10-29,1.3176596539264918,1.2,1.5
1999-10-30,0.0,0.0,0.0
1999-10-31,6.3976762554603885,5.7,7.4
1999-11-01,0.0,0.0,0.0
1999-11-02,0.0,0.0,0.0
1999-11-03,9.271405131337488,8.2,10.7
1999-11-04,11.919687085477978,10.6,13.8
1999-11-05,35.96983305665742,31.9,41.5
1999-11-06,1.8344703151662853,1.6,2.1
1999-11-07,0.8224105197339383,0.7,0.9
1999-11-08,20.991692060778952,18.6,24.2
1999-11-09,6.418507320893753,5.7,7.4
1999-11-10,18.137114087071886,16.1,20.9
1999-11-11,5.910700766478081,5.2,6.8
1999-11-12,5.196552646196403,4.6,6.0
1999-11-13,1.8344703151662853,1.6,2.1
1999-11-14,0.0,0.0,0.0
1999-11-15,1.5258792711716984,1.4,1.8
1999-11-16,4.891378750173757,4.3,5.6
1999-11-17,14.471042197682335,12.8,16.7
1999-11-18,1.3215208868893238,1.2,1.5
1999-11-19,8.255048997578148,7.3,9.5
1999-11-20,28.431623298389304,25.2,32.8
1999-11-21,41.373480737770066,36.7,47.8
1999-11-22,11.107463207775403,9.8,12.8
1999-11-23,11.615257190713658,10.3,13.4
1999-11-24,56.655738316175004,50.2,65.4
1999-11-25,100.67514720628627,89.2,116.2
1999-11-26,47.3823410219945,42.0,54.7
1999-11-27,0.8224105197339383,0.7,0.9
1999-11-28,0.0,0.0,0.0
1999-11-29,2.546962438809151,2.3,2.9
1999-11-30,12.428791769019442,11.0,14.4
1999-12-01,25.796738155488672,23.0,30.5
1999-12-02,56.63016084372701,50.5,67.0
1999-12-03,0.8250214686548502,0.7,1.0
1999-12-04,3.0834608467539826,2.8,3.7
1999-12-05,8.635908866062204,7.7,10.2
1999-12-06,21.89346058683461,19.5,25.9
1999-12-07,36.587711695924625,32.6,43.3
1999-12-08,4.4211620316173645,3.9,5.2
1999-12-09,12.542493709608213,11.2,14.8
1999-12-10,5.754320026582306,5.1,6.8
1999-12-11,3.9043422258522424,3.5,4.6
1999-12-12,37.617222648146786,33.6,44.5
1999-12-13,17.779919964423698,15.9,21.1
1999-12-14,15.623315040799667,13.9,18.5
1999-12-15,14.081586246816762,12.6,16.7
1999-12-16,29.802224544154154,26.6,35.3
1999-12-17,25.592905490800117,22.8,30.3
1999-12-18,5.960342085900678,5.3,7.1
1999-12-19,0.0,0.0,0.0
1999-12-20,0.0,0.0,0.0
1999-12-21,0.5159429092965292,0.5,0.6
1999-12-22,0.0,0.0,0.0
1999-12-23,0.0,0.0,0.0
1999-12-24,0.0,0.0,0.0
1999-12-25,0.0,0.0,0.0
1999-12-26,0.0,0.0,0.0
1999-12-27,0.0,0.0,0.0
1999-12-28,0.0,0.0,0.0
1999-12-29,0.0,0.0,0.0
1999-12-30,0.0,0.0,0.0
1999-12-31,2.05771316793035,1.8,2.4
2000-01-01,15.941627028689512,14.0,19.3
2000-01-02,9.977258345918143,8.8,12.1
2000-01-03,2.5706361405943094,2.3,3.1
2000-01-04,30.032296510801142,26.4,36.4
2000-01-05,1.0313824696984126,0.9,1.2
2000-01-06,2.3621094201149715,2.1,2.9
2000-01-07,7.609359683715995,6.7,9.2
2000-01-08,12.237327923004829,10.8,14.8
2000-01-09,21.700704758656858,19.1,26.3
2000-01-10,56.46925231154368,49.6,68.4
2000-01-11,25.096796330408594,22.1,30.4
2000-01-12,20.36642579443819,17.9,24.7
2000-01-13,38.87708454932446,34.2,47.1
2000-01-14,65.82931550166678,57.9,79.7
2000-01-15,23.040839570935805,20.2,27.9
2000-01-16,19.849984597491172,17.4,24.0
2000-01-17,0.0,0.0,0.0
2000-01-18,0.0,0.0,0.0
2000-01-19,4.42224854849232,3.9,5.4
2000-01-20,16.4549075586612,14.5,19.9
2000-01-21,1.8550395216229574,1.6,2.2
2000-01-22,2.056949563330548,1.8,2.5
2000-01-23,7.609359683715995,6.7,9.2
2000-01-24,13.063185641439718,11.5,15.8
2000-01-25,4.937994390900652,4.3,6.0
2000-01-26,2.8774864463963143,2.5,3.5
2000-01-27,0.0,0.0,0.0
2000-01-28,0.0,0.0,0.0
2000-01-29,0.0,0.0,0.0
2000-01-30,0.0,0.0,0.0
2000-01-31,17.48573802784735,15.4,21.2
2000-02-01,28.716886364391094,25.6,33.7
2000-02-02,16.068061248956365,14.3,18.9
2000-02-03,5.805320823940508,5.2,6.8
2000-02-04,4.45808229426263,4.0,5.2
2000-02-05,4.974485128611602,4.4,5.8
2000-02-06,0.5239073418766915,0.5,0.6
2000-02-07,0.0,0.0,0.0
2000-02-08,10.783516002886671,9.6,12.7
2000-02-09,0.5239073418766915,0.5,0.6
2000-02-10,3.9433648705443134,3.5,4.6
2000-02-11,8.917254405004872,8.0,10.5
2000-02-12,10.263873330642493,9.2,12.1
2000-02-13,14.204980069963375,12.7,16.7
2000-02-14,32.96602022551532,29.4,38.7
2000-02-15,4.974485128611602,4.4,5.8
2000-02-16,0.0,0.0,0.0
2000-02-17,0.0,0.0,0.0
2000-02-18,0.0,0.0,0.0
2000-02-19,0.0,0.0,0.0
2000-02-20,1.3505209767182442,1.2,1.6
2000-02-21,3.4221848796734924,3.1,4.0
2000-02-22,22.38992514126014,20.0,26.3
2000-02-23,3.9433648705443134,3.5,4.6
2000-02-24,0.0,0.0,0.0
2000-02-25,19.699397834394848,17.6,23.1
2000-02-26,33.484645924011915,29.9,39.3
2000-02-27,9.433617559199659,8.4,11.1
2000-02-28,3.9433648705443134,3.5,4.6
2000-02-29,10.263873330642493,9.2,12.1
2000-03-01,0.5238379522193082,0.5,0.6
2000-03-02,9.457380740516184,8.2,11.0
2000-03-03,1.0384788123748134,0.9,1.2
2000-03-04,12.68006570213285,11.0,14.7
2000-03-05,0.8326670428531628,0.7,1.0
2000-03-06,0.0,0.0,0.0
2000-03-07,1.0384788123748134,0.9,1.2
2000-03-08,4.263132612662233,3.7,4.9
2000-03-09,3.7415260095214737,3.2,4.3
2000-03-10,16.11231037763053,14.0,18.7
2000-03-11,1.5599796257167495,1.4,1.8
2000-03-12,0.0,0.0,0.0
2000-03-13,17.982293462626025,15.6,20.8
2000-03-14,3.4307457259997194,3.0,4.0
2000-03-15,0.0,0.0,0.0
2000-03-16,27.961036715538583,24.3,32.4
2000-03-17,0.3087252518630193,0.3,0.4
2000-03-18,27.439042685586266,23.8,31.8
2000-03-19,13.720345021095754,11.9,15.9
2000-03-20,2.0823911234136716,1.8,2.4
2000-03-21,0.0,0.0,0.0
2000-03-22,17.672760690890517,15.3,20.5
2000-03-23,2.911062227474452,2.5,3.4
2000-03-24,0.0,0.0,0.0
2000-03-25,0.0,0.0,0.0
2000-03-26,1.0384788123748134,0.9,1.2
2000-03-27,10.811377650740914,9.4,12.5
2000-03-28,2.0823911234136716,1.8,2.4
2000-03-29,0.0,0.0,0.0
2000-03-30,0.0,0.0,0.0
2000-03-31,0.0,0.0,0.0
2000-04-01,0.0,0.0,0.0
2000-04-02,0.0,0.0,0.0
2000-04-03,0.0,0.0,0.0
2000-04-04,0.5219298615397068,0.4,0.6
2000-04-05,0.0,0.0,0.0
2000-04-06,0.0,0.0,0.0
2000-04-07,0.0,0.0,0.0
2000-04-08,0.0,0.0,0.0
2000-04-09,0.5219298615397068,0.4,0.6
2000-04-10,0.0,0.0,0.0
2000-04-11,0.0,0.0,0.0
2000-04-12,24.034198578600197,20.3,30.0
2000-04-13,20.083893454149262,16.9,25.1
2000-04-14,13.735314370690945,11.6,17.2
2000-04-15,7.38579487378253,6.2,9.2
2000-04-16,1.5608411735542735,1.3,1.9
2000-04-17,0.5219298615397068,0.4,0.6
2000-04-18,2.3929175267652467,2.0,3.0
2000-04-19,1.034243375508953,0.9,1.3
2000-04-20,0.0,0.0,0.0
2000-04-21,1.5608411735542735,1.3,1.9
2000-04-22,8.949937284654265,7.5,11.2
2000-04-23,8.221036135617961,6.9,10.3
2000-04-24,1.8721610461114937,1.6,2.3
2000-04-25,14.568314640961383,12.3,18.2
2000-04-26,0.0,0.0,0.0
2000-04-27,1.5608411735542735,1.3,1.9
2000-04-28,6.033755688715984,5.1,7.5
2000-04-29,0.0,0.0,0.0
2000-04-30,0.0,0.0,0.0
2000-05-01,4.607277896034927,3.8,5.7
2000-05-02,0.8559445063639596,0.7,1.1
2000-05-03,12.213827294545245,10.0,15.1
2000-05-04,1.6092601143495053,1.3,2.0
2000-05-05,6.535646799737767,5.4,8.1
2000-05-06,0.0,0.0,0.0
2000-05-07,3.21518714635985,2.6,4.0
2000-05-08,17.142431469366368,14.1,21.2
2000-05-09,39.96569975896396,32.9,49.3
2000-05-10,19.071678577297984,15.7,23.5
2000-05-11,7.069675157268367,5.8,8.7
2000-05-12,0.0,0.0,0.0
2000-05-13,0.0,0.0,0.0
2000-05-14,1.9298040113200767,1.6,2.4
2000-05-15,5.143727487463542,4.2,6.3
2000-05-16,0.0,0.0,0.0
2000-05-17,0.0,0.0,0.0
2000-05-18,1.0694490404713735,0.9,1.3
2000-05-19,0.5419813631275823,0.4,0.7
2000-05-20,0.0,0.0,0.0
2000-05-21,0.0,0.0,0.0
2000-05-22,1.0694490404713735,0.9,1.3
2000-05-23,0.0,0.0,0.0
2000-05-24,3.858928684490235,3.2,4.8
2000-05-25,0.0,0.0,0.0
2000-05-26,8.143805358786539,6.7,10.1
2000-05-27,4.607277896034927,3.8,5.7
2000-05-28,0.0,0.0,0.0
2000-05-29,5.4632496661782985,4.5,6.7
2000-05-30,6.003747110070403,4.9,7.4
2000-05-31,0.0,0.0,0.0
2000-06-01,0.0,0.0,0.0
2000-06-02,0.0,0.0,0.0
2000-06-03,0.0,0.0,0.0
2000-06-04,0.0,0.0,0.0
2000-06-05,0.0,0.0,0.0
2000-06-06,0.0,0.0,0.0
2000-06-07,11.474770925640495,8.7,14.8
2000-06-08,7.079518731844216,5.4,9.1
2000-06-09,3.0044424417518556,2.3,3.9
2000-06-10,12.760496421194258,9.6,16.5
2000-06-11,29.91918627536871,22.6,38.6
2000-06-12,18.015188152078046,13.6,23.2
2000-06-13,0.0,0.0,0.0
2000-06-14,0.0,0.0,0.0
2000-06-15,0.0,0.0,0.0
2000-06-16,0.0,0.0,0.0
2000-06-17,0.0,0.0,0.0
2000-06-18,0.0,0.0,0.0
2000-06-19,0.0,0.0,0.0
2000-06-20,0.0,0.0,0.0
2000-06-21,0.0,0.0,0.0
2000-06-22,0.0,0.0,0.0
2000-06-23,0.0,0.0,0.0
2000-06-24,0.0,0.0,0.0
2000-06-25,0.0,0.0,0.0
2000-06-26,0.0,0.0,0.0
2000-06-27,0.0,0.0,0.0
2000-06-28,0.0,0.0,0.0
2000-06-29,0.0,0.0,0.0
2000-06-30,0.0,0.0,0.0
2000-07-01,0.0,0.0,0.0
2000-07-02,0.0,0.0,0.0
2000-07-03,1.6890662546574464,1.2,2.4
2000-07-04,2.815522512560947,1.9,4.0
2000-07-05,3.14948425432249,2.1,4.5
2000-07-06,4.278430308023075,2.9,6.1
2000-07-07,2.586611066341776,1.8,3.7
2000-07-08,0.0,0.0,0.0
2000-07-09,0.0,0.0,0.0
2000-07-10,0.0,0.0,0.0
2000-07-11,0.0,0.0,0.0
2000-07-12,0.0,0.0,0.0
2000-07-13,0.0,0.0,0.0
2000-07-14,0.0,0.0,0.0
2000-07-15,0.0,0.0,0.0
2000-07-16,0.0,0.0,0.0
2000-07-17,0.0,0.0,0.0
2000-07-18,0.0,0.0,0.0
2000-07-19,0.0,0.0,0.0
2000-07-20,0.0,0.0,0.0
2000-07-21,0.0,0.0,0.0
2000-07-22,0.0,0.0,0.0
2000-07-23,0.0,0.0,0.0
2000-07-24,0.0,0.0,0.0
2000-07-25,0.0,0.0,0.0
2000-07-26,0.0,0.0,0.0
2000-07-27,0.0,0.0,0.0
2000-07-28,0.0,0.0,0.0
2000-07-29,0.0,0.0,0.0
2000-07-30,0.0,0.0,0.0
2000-07-31,0.0,0.0,0.0
2000-08-01,0.0,0.0,0.0
2000-08-02,0.0,0.0,0.0
2000-08-03,0.0,0.0,0.0
2000-08-04,0.0,0.0,0.0
2000-08-05,0.0,0.0,0.0
2000-08-06,0.0,0.0,0.0
2000-08-07,0.0,0.0,0.0
2000-08-08,0.0,0.0,0.0
2000-08-09,0.0,0.0,0.0
2000-08-10,0.0,0.0,0.0
2000-08-11,0.0,0.0,0.0
2000-08-12,0.0,0.0,0.0
2000-08-13,0.0,0.0,0.0
2000-08-14,0.0,0.0,0.0
2000-08-15,0.0,0.0,0.0
2000-08-16,0.0,0.0,0.0
2000-08-17,0.0,0.0,0.0
2000-08-18,2.110152042713244,1.7,2.6
2000-08-19,0.0,0.0,0.0
2000-08-20,0.0,0.0,0.0
2000-08-21,0.0,0.0,0.0
2000-08-22,0.0,0.0,0.0
2000-08-23,0.0,0.0,0.0
2000-08-24,0.0,0.0,0.0
2000-08-25,0.0,0.0,0.0
2000-08-26,0.0,0.0,0.0
2000-08-27,0.0,0.0,0.0
2000-08-28,0.0,0.0,0.0
2000-08-29,0.0,0.0,0.0
2000-08-30,0.0,0.0,0.0
2000-08-31,0.0,0.0,0.0
2000-09-01,1.9091326036499539,1.7,2.3
2000-09-02,7.320271750606966,6.4,8.8
2000-09-03,4.561626329258227,4.0,5.5
2000-09-04,1.3772062902056668,1.2,1.6
2000-09-05,0.5285506219599676,0.5,0.6
2000-09-06,0.0,0.0,0.0
2000-09-07,0.5285506219599676,0.5,0.6
2000-09-08,3.496735502417137,3.1,4.2
2000-09-09,0.5285506219599676,0.5,0.6
2000-09-10,2.9697829274830503,2.6,3.6
2000-09-11,0.31328755530511265,0.3,0.4
2000-09-12,0.0,0.0,0.0
2000-09-13,0.0,0.0,0.0
2000-09-14,0.0,0.0,0.0
2000-09-15,1.9091326036499539,1.7,2.3
2000-09-16,8.062488704854072,7.1,9.6
2000-09-17,0.0,0.0,0.0
2000-09-18,0.0,0.0,0.0
2000-09-19,0.0,0.0,0.0
2000-09-20,0.0,0.0,0.0
2000-09-21,0.0,0.0,0.0
2000-09-22,0.0,0.0,0.0
2000-09-23,0.0,0.0,0.0
2000-09-24,0.0,0.0,0.0
2000-09-25,0.0,0.0,0.0
2000-09-26,0.0,0.0,0.0
2000-09-27,0.0,0.0,0.0
2000-09-28,0.0,0.0,0.0
2000-09-29,0.0,0.0,0.0
2000-09-30,7.320271750606966,6.4,8.8
2000-10-01,9.037418919276782,8.1,10.4
2000-10-02,0.0,0.0,0.0
2000-10-03,0.0,0.0,0.0
2000-10-04,0.0,0.0,0.0
2000-10-05,0.0,0.0,0.0
2000-10-06,0.0,0.0,0.0
2000-10-07,0.0,0.0,0.0
2000-10-08,0.0,0.0,0.0
2000-10-09,9.037418919276782,8.1,10.4
2000-10-10,5.891391166548533,5.3,6.8
2000-10-11,1.8310583933371036,1.6,2.1
2000-10-12,0.5175549971932952,0.5,0.6
2000-10-13,2.336811555284084,2.1,2.7
2000-10-14,0.0,0.0,0.0
2000-10-15,0.0,0.0,0.0
2000-10-16,0.0,0.0,0.0
2000-10-17,2.336811555284084,2.1,2.7
2000-10-18,8.025035204218428,7.2,9.3
2000-10-19,1.8310583933371036,1.6,2.1
2000-10-20,56.76472164577555,50.8,65.5
2000-10-21,10.865253133555031,9.7,12.5
2000-10-22,0.0,0.0,0.0
2000-10-23,0.0,0.0,0.0
2000-10-24,0.0,0.0,0.0
2000-10-25,1.3176596539264918,1.2,1.5
2000-10-26,5.178924838924272,4.6,6.0
2000-10-27,3.6539996906436953,3.3,4.2
2000-10-28,22.950434013115018,20.5,26.5
2000-10-29,0.5175549971932952,0.5,0.6
2000-10-30,0.0,0.0,0.0
2000-10-31,0.0,0.0,0.0
2000-11-01,1.5258792711716984,1.4,1.8
2000-11-02,4.380074056451028,3.9,5.1
2000-11-03,0.0,0.0,0.0
2000-11-04,3.668306996850045,3.3,4.2
2000-11-05,5.707509085504691,5.1,6.6
2000-11-06,5.910700766478081,5.2,6.8
2000-11-07,3.3630467396754944,3.0,3.9
2000-11-08,44.02267437382042,39.0,50.8
2000-11-09,4.380074056451028,3.9,5.1
2000-11-10,0.0,0.0,0.0
2000-11-11,0.0,0.0,0.0
2000-11-12,0.0,0.0,0.0
2000-11-13,0.0,0.0,0.0
2000-11-14,0.8224105197339383,0.7,0.9
2000-11-15,0.0,0.0,0.0
2000-11-16,0.0,0.0,0.0
2000-11-17,0.0,0.0,0.0
2000-11-18,0.0,0.0,0.0
2000-11-19,0.0,0.0,0.0
2000-11-20,0.0,0.0,0.0
2000-11-21,0.0,0.0,0.0
2000-11-22,0.0,0.0,0.0
2000-11-23,23.029618719171516,20.4,26.6
2000-11-24,1.8344703151662853,1.6,2.1
2000-11-25,7.539009111578265,6.7,8.7
2000-11-26,0.5142478839346346,0.5,0.6
2000-11-27,18.34272831133613,16.3,21.2
2000-11-28,12.941037527623372,11.5,14.9
2000-11-29,4.891378750173757,4.3,5.6
2000-11-30,0.0,0.0,0.0
2000-12-01,1.0278570715099267,0.9,1.2
2000-12-02,3.9043422258522424,3.5,4.6
2000-12-03,0.0,0.0,0.0
2000-12-04,0.0,0.0,0.0
2000-12-05,0.0,0.0,0.0
2000-12-06,0.0,0.0,0.0
2000-12-07,0.0,0.0,0.0
2000-12-08,0.0,0.0,0.0
2000-12-09,4.9326543195384165,4.4,5.8
2000-12-10,1.5416469944813824,1.4,1.8
2000-12-11,1.0278570715099267,0.9,1.2
2000-12-12,3.6990880029868527,3.3,4.4
2000-12-13,28.466350959861693,25.4,33.7
2000-12-14,53.54751828423432,47.8,63.4
2000-12-15,5.754320026582306,5.1,6.8
2000-12-16,21.685187744892794,19.3,25.7
2000-12-17,2.3639781767641805,2.1,2.8
2000-12-18,0.0,0.0,0.0
2000-12-19,5.754320026582306,5.1,6.8
2000-12-20,10.68918888044006,9.5,12.7
2000-12-21,11.206899476605313,10.0,13.3
2000-12-22,38.849267984094375,34.7,46.0
2000-12-23,13.567435834281282,12.1,16.1
2000-12-24,0.0,0.0,0.0
2000-12-25,0.0,0.0,0.0
2000-12-26,0.5159429092965292,0.5,0.6
2000-12-27,0.0,0.0,0.0
2000-12-28,0.0,0.0,0.0
2000-12-29,0.0,0.0,0.0
2000-12-30,1.3371932628897398,1.2,1.6
2000-12-31,0.5159429092965292,0.5,0.6
2001-01-01,0.3045858088395509,0.3,0.4
2001-01-02,0.0,0.0,0.0
2001-01-03,2.3621094201149715,2.1,2.9
2001-01-04,1.8550395216229574,1.6,2.2
2001-01-05,0.5173249538504329,0.5,0.6
2001-01-06,0.0,0.0,0.0
2001-01-07,0.0,0.0,0.0
2001-01-08,1.8550395216229574,1.6,2.2
2001-01-09,6.274038421569703,5.5,7.6
2001-01-10,0.5173249538504329,0.5,0.6
2001-01-11,0.5173249538504329,0.5,0.6
2001-01-12,8.128704562149975,7.1,9.8
2001-01-13,27.97587836831105,24.6,33.9
2001-01-14,5.966613259656421,5.2,7.2
2001-01-15,0.0,0.0,0.0
2001-01-16,0.0,0.0,0.0
2001-01-17,0.0,0.0,0.0
2001-01-18,2.056949563330548,1.8,2.5
2001-01-19,4.42224854849232,3.9,5.4
2001-01-20,4.42224854849232,3.9,5.4
2001-01-21,13.886903268293514,12.2,16.8
2001-01-22,0.0,0.0,0.0
2001-01-23,0.5173249538504329,0.5,0.6
2001-01-24,3.3932089499384506,3.0,4.1
2001-01-25,2.8774864463963143,2.5,3.5
2001-01-26,0.0,0.0,0.0
2001-01-27,0.0,0.0,0.0
2001-01-28,8.128704562149975,7.1,9.8
2001-01-29,7.301791497573494,6.4,8.8
2001-01-30,0.0,0.0,0.0
2001-01-31,0.0,0.0,0.0
2001-02-01,6.324606276837453,5.6,7.4
2001-02-02,10.263873330642493,9.2,12.1
2001-02-03,15.551870998290575,13.9,18.3
2001-02-04,6.324606276837453,5.6,7.4
2001-02-05,3.4221848796734924,3.1,4.0
2001-02-06,1.5533089010207093,1.4,1.8
2001-02-07,0.0,0.0,0.0
2001-02-08,1.5533089010207093,1.4,1.8
2001-02-09,2.9006484874177967,2.6,3.4
2001-02-10,6.324606276837453,5.6,7.4
2001-02-11,2.3826250818737873,2.1,2.8
2001-02-12,0.0,0.0,0.0
2001-02-13,0.0,0.0,0.0
2001-02-14,0.0,0.0,0.0
2001-02-15,0.5239073418766915,0.5,0.6
2001-02-16,0.3042251560095856,0.3,0.4
2001-02-17,0.0,0.0,0.0
2001-02-18,4.974485128611602,4.4,5.8
2001-02-19,0.0,0.0,0.0
2001-02-20,10.783516002886671,9.6,12.7
2001-02-21,8.190142319246888,7.3,9.6
2001-02-22,0.5239073418766915,0.5,0.6
2001-02-23,0.0,0.0,0.0
2001-02-24,0.0,0.0,0.0
2001-02-25,0.0,0.0,0.0
2001-02-26,0.0,0.0,0.0
2001-02-27,0.0,0.0,0.0
2001-02-28,0.0,0.0,0.0
2001-03-01,29.521357730336984,25.6,34.2
2001-03-02,7.8977338540515465,6.9,9.2
2001-03-03,1.0384788123748134,0.9,1.2
2001-03-04,0.0,0.0,0.0
2001-03-05,0.0,0.0,0.0
2001-03-06,0.0,0.0,0.0
2001-03-07,0.5238379522193082,0.5,0.6
2001-03-08,14.240809903881747,12.4,16.5
2001-03-09,3.7415260095214737,3.2,4.3
2001-03-10,0.0,0.0,0.0
2001-03-11,0.0,0.0,0.0
2001-03-12,0.0,0.0,0.0
2001-03-13,1.0384788123748134,0.9,1.2
2001-03-14,0.3087252518630193,0.3,0.4
2001-03-15,3.7415260095214737,3.2,4.3
2001-03-16,5.818732294829162,5.1,6.7
2001-03-17,14.760325060528398,12.8,17.1
2001-03-18,9.25225566264241,8.0,10.7
2001-03-19,8.212704351406293,7.1,9.5
2001-03-20,0.3087252518630193,0.3,0.4
2001-03-21,0.0,0.0,0.0
2001-03-22,0.0,0.0,0.0
2001-03-23,0.0,0.0,0.0
2001-03-24,12.159760006904188,10.6,14.1
2001-03-25,16.321533757143417,14.2,18.9
2001-03-26,3.7415260095214737,3.2,4.3
2001-03-27,39.60687130016929,34.4,45.9
2001-03-28,7.8977338540515465,6.9,9.2
2001-03-29,0.5238379522193082,0.5,0.6
2001-03-30,0.0,0.0,0.0
2001-03-31,14.760325060528398,12.8,17.1
2001-04-01,7.179342608710873,6.1,9.0
2001-04-02,6.870559070907082,5.8,8.6
2001-04-03,3.1218410465007196,2.6,3.9
2001-04-04,0.0,0.0,0.0
2001-04-05,3.9529497159515485,3.3,4.9
2001-04-06,13.215457167000912,11.1,16.5
2001-04-07,8.427214600442039,7.1,10.5
2001-04-08,2.916511558036748,2.5,3.6
2001-04-09,1.8721610461114937,1.6,2.3
2001-04-10,16.125440699671618,13.6,20.1
2001-04-11,11.862539114845866,10.0,14.8
2001-04-12,2.6027092268538112,2.2,3.2
2001-04-13,0.0,0.0,0.0
2001-04-14,0.0,0.0,0.0
2001-04-15,0.0,0.0,0.0
2001-04-16,7.910576181504183,6.7,9.9
2001-04-17,5.302730613059362,4.5,6.6
2001-04-18,7.910576181504183,6.7,9.9
2001-04-19,11.654047494911081,9.8,14.6
2001-04-20,8.221036135617961,6.9,10.3
2001-04-21,2.3929175267652467,2.0,3.0
2001-04-22,0.5219298615397068,0.4,0.6
2001-04-23,0.32029541273972606,0.3,0.4
2001-04-24,0.0,0.0,0.0
2001-04-25,0.0,0.0,0.0
2001-04-26,0.32029541273972606,0.3,0.4
2001-04-27,2.3929175267652467,2.0,3.0
2001-04-28,16.33277100733877,13.8,20.4
2001-04-29,3.4292735504833476,2.9,4.3
2001-04-30,34.12779086717105,28.8,42.6
2001-05-01,9.751078198475286,8.0,12.0
2001-05-02,0.32465575294806837,0.3,0.4
2001-05-03,0.0,0.0,0.0
2001-05-04,0.0,0.0,0.0
2001-05-05,0.5419813631275823,0.4,0.7
2001-05-06,0.0,0.0,0.0
2001-05-07,0.0,0.0,0.0
2001-05-08,0.0,0.0,0.0
2001-05-09,0.0,0.0,0.0
2001-05-10,0.0,0.0,0.0
2001-05-11,0.0,0.0,0.0
2001-05-12,0.0,0.0,0.0
2001-05-13,1.6092601143495053,1.3,2.0
2001-05-14,36.21437372279095,29.8,44.7
2001-05-15,40.82342549673906,33.6,50.4
2001-05-16,6.003747110070403,4.9,7.4
2001-05-17,0.0,0.0,0.0
2001-05-18,0.0,0.0,0.0
2001-05-19,0.0,0.0,0.0
2001-05-20,0.0,0.0,0.0
2001-05-21,0.0,0.0,0.0
2001-05-22,0.0,0.0,0.0
2001-05-23,1.6092601143495053,1.3,2.0
2001-05-24,0.0,0.0,0.0
2001-05-25,0.0,0.0,0.0
2001-05-26,0.0,0.0,0.0
2001-05-27,0.0,0.0,0.0
2001-05-28,3.21518714635985,2.6,4.0
2001-05-29,1.0694490404713735,0.9,1.3
2001-05-30,0.0,0.0,0.0
2001-05-31,0.0,0.0,0.0
2001-06-01,3.5385003438870513,2.7,4.6
2001-06-02,6.221231200865726,4.7,8.0
2001-06-03,4.398779387910111,3.3,5.7
2001-06-04,1.9306260487999942,1.5,2.5
2001-06-05,11.15396563989914,8.4,14.4
2001-06-06,0.32234129497515424,0.2,0.4
2001-06-07,0.0,0.0,0.0
2001-06-08,0.32234129497515424,0.2,0.4
2001-06-09,2.465632032986512,1.9,3.2
2001-06-10,0.0,0.0,0.0
2001-06-11,24.024085438895245,18.2,31.0
2001-06-12,2.1447836434041982,1.6,2.8
2001-06-13,0.0,0.0,0.0
2001-06-14,0.0,0.0,0.0
2001-06-15,0.0,0.0,0.0
2001-06-16,0.0,0.0,0.0
2001-06-17,0.0,0.0,0.0
2001-06-18,0.0,0.0,0.0
2001-06-19,0.0,0.0,0.0
2001-06-20,0.0,0.0,0.0
2001-06-21,0.0,0.0,0.0
2001-06-22,0.0,0.0,0.0
2001-06-23,0.0,0.0,0.0
2001-06-24,10.940329020380522,8.3,14.1
2001-06-25,2.1447836434041982,1.6,2.8
2001-06-26,8.472823190725213,6.4,10.9
2001-06-27,6.006310177988937,4.5,7.7
2001-06-28,3.5385003438870513,2.7,4.6
2001-06-29,0.0,0.0,0.0
2001-06-30,0.0,0.0,0.0
2001-07-01,0.0,0.0,0.0
2001-07-02,0.0,0.0,0.0
2001-07-03,0.0,0.0,0.0
2001-07-04,0.5631077962392734,0.4,0.8
2001-07-05,0.0,0.0,0.0
2001-07-06,0.0,0.0,0.0
2001-07-07,0.0,0.0,0.0
2001-07-08,0.0,0.0,0.0
2001-07-09,0.0,0.0,0.0
2001-07-10,0.0,0.0,0.0
2001-07-11,2.025440911917339,1.4,2.9
2001-07-12,2.586611066341776,1.8,3.7
2001-07-13,0.0,0.0,0.0
2001-07-14,0.0,0.0,0.0
2001-07-15,0.0,0.0,0.0
2001-07-16,0.0,0.0,0.0
2001-07-17,0.0,0.0,0.0
2001-07-18,0.5631077962392734,0.4,0.8
2001-07-19,0.0,0.0,0.0
2001-07-20,0.0,0.0,0.0
2001-07-21,0.0,0.0,0.0
2001-07-22,0.0,0.0,0.0
2001-07-23,0.0,0.0,0.0
2001-07-24,0.0,0.0,0.0
2001-07-25,0.0,0.0,0.0
2001-07-26,0.0,0.0,0.0
2001-07-27,0.0,0.0,0.0
2001-07-28,0.5631077962392734,0.4,0.8
2001-07-29,9.681398180779869,6.6,13.8
2001-07-30,4.839077854702522,3.3,6.9
2001-07-31,0.0,0.0,0.0
2001-08-01,0.0,0.0,0.0
2001-08-02,0.0,0.0,0.0
2001-08-03,0.0,0.0,0.0
2001-08-04,0.5260560849199707,0.4,0.7
2001-08-05,0.0,0.0,0.0
2001-08-06,0.0,0.0,0.0
2001-08-07,0.0,0.0,0.0
2001-08-08,0.0,0.0,0.0
2001-08-09,0.0,0.0,0.0
2001-08-10,0.0,0.0,0.0
2001-08-11,0.0,0.0,0.0
2001-08-12,0.0,0.0,0.0
2001-08-13,0.0,0.0,0.0
2001-08-14,0.0,0.0,0.0
2001-08-15,0.0,0.0,0.0
2001-08-16,0.0,0.0,0.0
2001-08-17,0.0,0.0,0.0
2001-08-18,0.0,0.0,0.0
2001-08-19,0.0,0.0,0.0
2001-08-20,0.0,0.0,0.0
2001-08-21,0.0,0.0,0.0
2001-08-22,11.810077144463028,9.5,14.8
2001-08-23,10.230035569770868,8.2,12.8
2001-08-24,0.0,0.0,0.0
2001-08-25,0.0,0.0,0.0
2001-08-26,0.0,0.0,0.0
2001-08-27,0.0,0.0,0.0
2001-08-28,0.0,0.0,0.0
2001-08-29,0.0,0.0,0.0
2001-08-30,0.0,0.0,0.0
2001-08-31,0.0,0.0,0.0
2001-09-01,0.0,0.0,0.0
2001-09-02,0.0,0.0,0.0
2001-09-03,0.0,0.0,0.0
2001-09-04,0.0,0.0,0.0
2001-09-05,0.0,0.0,0.0
2001-09-06,0.0,0.0,0.0
2001-09-07,0.0,0.0,0.0
2001-09-08,0.0,0.0,0.0
2001-09-09,0.0,0.0,0.0
2001-09-10,0.0,0.0,0.0
2001-09-11,0.0,0.0,0.0
2001-09-12,0.0,0.0,0.0
2001-09-13,0.0,0.0,0.0
2001-09-14,0.31328755530511265,0.3,0.4
2001-09-15,3.8166825072724366,3.3,4.6
2001-09-16,0.0,0.0,0.0
2001-09-17,0.5285506219599676,0.5,0.6
2001-09-18,0.0,0.0,0.0
2001-09-19,0.0,0.0,0.0
2001-09-20,0.0,0.0,0.0
2001-09-21,0.0,0.0,0.0
2001-09-22,0.0,0.0,0.0
2001-09-23,0.0,0.0,0.0
2001-09-24,0.5285506219599676,0.5,0.6
2001-09-25,18.883788542721195,16.5,22.6
2001-09-26,4.561626329258227,4.0,5.5
2001-09-27,0.0,0.0,0.0
2001-09-28,0.0,0.0,0.0
2001-09-29,0.0,0.0,0.0
2001-09-30,0.0,0.0,0.0
2001-10-01,0.0,0.0,0.0
2001-10-02,0.0,0.0,0.0
2001-10-03,0.0,0.0,0.0
2001-10-04,0.0,0.0,0.0
2001-10-05,0.0,0.0,0.0
2001-10-06,0.0,0.0,0.0
2001-10-07,0.0,0.0,0.0
2001-10-08,5.178924838924272,4.6,6.0
2001-10-09,0.0,0.0,0.0
2001-10-10,24.98004080570958,22.3,28.8
2001-10-11,10.357607392825457,9.3,12.0
2001-10-12,3.0457928097745093,2.7,3.5
2001-10-13,3.857086556515926,3.5,4.5
2001-10-14,0.8162745007890809,0.7,0.9
2001-10-15,0.0,0.0,0.0
2001-10-16,0.0,0.0,0.0
2001-10-17,0.0,0.0,0.0
2001-10-18,0.0,0.0,0.0
2001-10-19,0.0,0.0,0.0
2001-10-20,0.0,0.0,0.0
2001-10-21,2.336811555284084,2.1,2.7
2001-10-22,58.799436045155545,52.6,67.9
2001-10-23,17.77066247049254,15.9,20.5
2001-10-24,0.0,0.0,0.0
2001-10-25,1.012186654700797,0.9,1.2
2001-10-26,0.3010862083023276,0.3,0.4
2001-10-27,7.209109434580331,6.4,8.3
2001-10-28,1.3176596539264918,1.2,1.5
2001-10-29,5.891391166548533,5.3,6.8
2001-10-30,29.65218064031007,26.5,34.2
2001-10-31,13.406132621380632,12.0,15.5
2001-11-01,8.049353795040053,7.1,9.3
2001-11-02,0.8224105197339383,0.7,0.9
2001-11-03,0.0,0.0,0.0
2001-11-04,0.0,0.0,0.0
2001-11-05,5.399840002643604,4.8,6.2
2001-11-06,0.0,0.0,0.0
2001-11-07,0.0,0.0,0.0
2001-11-08,0.0,0.0,0.0
2001-11-09,0.0,0.0,0.0
2001-11-10,0.0,0.0,0.0
2001-11-11,2.3451565558736376,2.1,2.7
2001-11-12,6.418507320893753,5.7,7.4
2001-11-13,42.49412211593573,37.7,49.1
2001-11-14,1.8344703151662853,1.6,2.1
2001-11-15,12.428791769019442,11.0,14.4
2001-11-16,15.286817759389823,13.5,17.6
2001-11-17,2.3451565558736376,2.1,2.7
2001-11-18,0.302296498719456,0.3,0.4
2001-11-19,14.26624675210983,12.6,16.5
2001-11-20,16.303153480008618,14.4,18.8
2001-11-21,24.048614853393232,21.3,27.8
2001-11-22,58.486813521006006,51.8,67.5
2001-11-23,14.77633952112336,13.1,17.1
2001-11-24,19.66688315948069,17.4,22.7
2001-11-25,20.68310999641109,18.3,23.9
2001-11-26,2.3451565558736376,2.1,2.7
2001-11-27,3.3630467396754944,3.0,3.9
2001-11-28,57.47112073676303,50.9,66.3
2001-11-29,24.864375561165442,22.0,28.7
2001-11-30,10.088349185748676,8.9,11.6
2001-12-01,42.54996349373569,38.0,50.4
2001-12-02,5.444932564799191,4.9,6.4
2001-12-03,10.68918888044006,9.5,12.7
2001-12-04,20.86419061350802,18.6,24.7
2001-12-05,19.323536604109577,17.2,22.9
2001-12-06,67.62583399099574,60.3,80.1
2001-12-07,1.85205960147241,1.7,2.2
2001-12-08,4.9326543195384165,4.4,5.8
2001-12-09,4.9326543195384165,4.4,5.8
2001-12-10,8.83959149098408,7.9,10.5
2001-12-11,22.201812939289464,19.8,26.3
2001-12-12,4.4211620316173645,3.9,5.2
2001-12-13,81.19499130298661,72.4,96.1
2001-12-14,23.538510854948296,21.0,27.9
2001-12-15,15.93151245714228,14.2,18.9
2001-12-16,54.06103963310094,48.2,64.0
2001-12-17,15.41838621021907,13.8,18.3
2001-12-18,18.49820573833413,16.5,21.9
2001-12-19,8.635908866062204,7.7,10.2
2001-12-20,5.960342085900678,5.3,7.1
2001-12-21,0.0,0.0,0.0
2001-12-22,2.8783994409643587,2.6,3.4
2001-12-23,0.0,0.0,0.0
2001-12-24,0.0,0.0,0.0
2001-12-25,0.0,0.0,0.0
2001-12-26,0.0,0.0,0.0
2001-12-27,11.514542926713736,10.3,13.6
2001-12-28,5.444932564799191,4.9,6.4
2001-12-29,1.3371932628897398,1.2,1.6
2001-12-30,4.729319449437208,4.2,5.6
2001-12-31,13.36344741715078,11.9,15.8
2002-01-01,9.667482152828612,8.5,11.7
2002-01-02,8.844541833485001,7.8,10.7
2002-01-03,4.73390948196664,4.2,5.7
2002-01-04,0.0,0.0,0.0
2002-01-05,9.667482152828612,8.5,11.7
2002-01-06,18.307616137349243,16.1,22.2
2002-01-07,17.999586558393474,15.8,21.8
2002-01-08,22.729930150585723,20.0,27.5
2002-01-09,0.82673967614764,0.7,1.0
2002-01-10,0.0,0.0,0.0
2002-01-11,0.0,0.0,0.0
2002-01-12,14.913652737132269,13.1,18.1
2002-01-13,1.5440290380230377,1.4,1.9
2002-01-14,1.5440290380230377,1.4,1.9
2002-01-15,0.0,0.0,0.0
2002-01-16,1.0313824696984126,0.9,1.2
2002-01-17,9.360185967743027,8.2,11.3
2002-01-18,2.5706361405943094,2.3,3.1
2002-01-19,24.27590923863508,21.3,29.4
2002-01-20,43.40551761164393,38.1,52.6
2002-01-21,45.97854723255904,40.4,55.7
2002-01-22,29.828232499907507,26.2,36.1
2002-01-23,3.3932089499384506,3.0,4.1
2002-01-24,15.941627028689512,14.0,19.3
2002-01-25,69.73654262036153,61.3,84.5
2002-01-26,12.754250919374998,11.2,15.4
2002-01-27,8.640122719170732,7.6,10.5
2002-01-28,0.82673967614764,0.7,1.0
2002-01-29,0.0,0.0,0.0
2002-01-30,0.0,0.0,0.0
2002-01-31,8.844541833485001,7.8,10.7
2002-02-01,6.8431118001732,6.1,8.0
2002-02-02,1.8655027377902302,1.7,2.2
2002-02-03,4.770581281605633,4.3,5.6
2002-02-04,0.0,0.0,0.0
2002-02-05,2.3826250818737873,2.1,2.8
2002-02-06,20.318259442379546,18.1,23.9
2002-02-07,47.89693066725711,42.7,56.2
2002-02-08,17.416688185661847,15.5,20.5
2002-02-09,0.5239073418766915,0.5,0.6
2002-02-10,0.0,0.0,0.0
2002-02-11,0.0,0.0,0.0
2002-02-12,0.0,0.0,0.0
2002-02-13,0.0,0.0,0.0
2002-02-14,0.0,0.0,0.0
2002-02-15,0.0,0.0,0.0
2002-02-16,0.5239073418766915,0.5,0.6
2002-02-17,0.5239073418766915,0.5,0.6
2002-02-18,3.7325287517035575,3.3,4.4
2002-02-19,23.94848925127252,21.4,28.1
2002-02-20,0.0,0.0,0.0
2002-02-21,7.153212567585161,6.4,8.4
2002-02-22,0.0,0.0,0.0
2002-02-23,27.88713524633777,24.9,32.8
2002-02-24,2.9006484874177967,2.6,3.4
2002-02-25,0.0,0.0,0.0
2002-02-26,0.0,0.0,0.0
2002-02-27,0.0,0.0,0.0
2002-02-28,0.0,0.0,0.0
2002-03-01,0.0,0.0,0.0
2002-03-02,0.0,0.0,0.0
2002-03-03,0.0,0.0,0.0
2002-03-04,0.0,0.0,0.0
2002-03-05,5.298543331482658,4.6,6.1
2002-03-06,49.06533971838127,42.6,56.8
2002-03-07,7.3806102087384415,6.4,8.6
2002-03-08,2.391367969723704,2.1,2.8
2002-03-09,2.911062227474452,2.5,3.4
2002-03-10,10.082362700446085,8.8,11.7
2002-03-11,47.81387734861728,41.5,55.4
2002-03-12,29.830032364860447,25.9,34.6
2002-03-13,24.531911895429076,21.3,28.4
2002-03-14,6.861735209681303,6.0,7.9
2002-03-15,10.290526645638234,8.9,11.9
2002-03-16,20.37289881224354,17.7,23.6
2002-03-17,4.989104609092193,4.3,5.8
2002-03-18,3.9532228598700514,3.4,4.6
2002-03-19,15.278713530348085,13.3,17.7
2002-03-20,3.9532228598700514,3.4,4.6
2002-03-21,0.0,0.0,0.0
2002-03-22,2.911062227474452,2.5,3.4
2002-03-23,4.989104609092193,4.3,5.8
2002-03-24,7.689955869542807,6.7,8.9
2002-03-25,0.5238379522193082,0.5,0.6
2002-03-26,0.8326670428531628,0.7,1.0
2002-03-27,3.7415260095214737,3.2,4.3
2002-03-28,0.3087252518630193,0.3,0.4
2002-03-29,0.0,0.0,0.0
2002-03-30,0.0,0.0,0.0
2002-03-31,0.0,0.0,0.0
2002-04-01,0.0,0.0,0.0
2002-04-02,0.0,0.0,0.0
2002-04-03,0.0,0.0,0.0
2002-04-04,0.0,0.0,0.0
2002-04-05,1.034243375508953,0.9,1.3
2002-04-06,3.4292735504833476,2.9,4.3
2002-04-07,2.916511558036748,2.5,3.6
2002-04-08,1.034243375508953,0.9,1.3
2002-04-09,48.90470945503429,41.2,61.1
2002-04-10,26.952299045668127,22.7,33.7
2002-04-11,15.607399173240868,13.2,19.5
2002-04-12,1.3514360839475588,1.1,1.7
2002-04-13,38.60278081733606,32.5,48.2
2002-04-14,29.555414804713855,24.9,36.9
2002-04-15,6.033755688715984,5.1,7.5
2002-04-16,10.300793937778892,8.7,12.9
2002-04-17,7.38579487378253,6.2,9.2
2002-04-18,1.8721610461114937,1.6,2.3
2002-04-19,0.0,0.0,0.0
2002-04-20,0.0,0.0,0.0
2002-04-21,0.0,0.0,0.0
2002-04-22,0.0,0.0,0.0
2002-04-23,0.0,0.0,0.0
2002-04-24,0.0,0.0,0.0
2002-04-25,0.0,0.0,0.0
2002-04-26,6.033755688715984,5.1,7.5
2002-04-27,4.2649401217265135,3.6,5.3
2002-04-28,0.5219298615397068,0.4,0.6
2002-04-29,0.0,0.0,0.0
2002-04-30,0.0,0.0,0.0
2002-05-01,0.0,0.0,0.0
2002-05-02,0.0,0.0,0.0
2002-05-03,0.0,0.0,0.0
2002-05-04,0.0,0.0,0.0
2002-05-05,2.6797440976178812,2.2,3.3
2002-05-06,7.39371327842874,6.1,9.1
2002-05-07,1.3942838977888599,1.1,1.7
2002-05-08,0.0,0.0,0.0
2002-05-09,1.0694490404713735,0.9,1.3
2002-05-10,1.0694490404713735,0.9,1.3
2002-05-11,0.0,0.0,0.0
2002-05-12,0.0,0.0,0.0
2002-05-13,2.14354120265806,1.8,2.6
2002-05-14,0.0,0.0,0.0
2002-05-15,0.0,0.0,0.0
2002-05-16,0.0,0.0,0.0
2002-05-17,0.32465575294806837,0.3,0.4
2002-05-18,0.32465575294806837,0.3,0.4
2002-05-19,1.0694490404713735,0.9,1.3
2002-05-20,4.607277896034927,3.8,5.7
2002-05-21,12.7515345251464,10.5,15.7
2002-05-22,4.394178426358619,3.6,5.4
2002-05-23,0.8559445063639596,0.7,1.1
2002-05-24,0.0,0.0,0.0
2002-05-25,0.0,0.0,0.0
2002-05-26,0.0,0.0,0.0
2002-05-27,7.069675157268367,5.8,8.7
2002-05-28,9.000533706563626,7.4,11.1
2002-05-29,2.999324070842921,2.5,3.7
2002-05-30,0.0,0.0,0.0
2002-05-31,0.0,0.0,0.0
2002-06-01,0.0,0.0,0.0
2002-06-02,0.0,0.0,0.0
2002-06-03,0.0,0.0,0.0
2002-06-04,0.0,0.0,0.0
2002-06-05,0.0,0.0,0.0
2002-06-06,0.0,0.0,0.0
2002-06-07,0.32234129497515424,0.2,0.4
2002-06-08,2.1447836434041982,1.6,2.8
2002-06-09,0.5365764392684496,0.4,0.7
2002-06-10,0.0,0.0,0.0
2002-06-11,0.0,0.0,0.0
2002-06-12,0.0,0.0,0.0
2002-06-13,0.0,0.0,0.0
2002-06-14,0.0,0.0,0.0
2002-06-15,0.0,0.0,0.0
2002-06-16,0.0,0.0,0.0
2002-06-17,25.63094144920922,19.4,33.1
2002-06-18,9.010171879525014,6.8,11.6
2002-06-19,0.5365764392684496,0.4,0.7
2002-06-20,0.0,0.0,0.0
2002-06-21,0.0,0.0,0.0
2002-06-22,0.0,0.0,0.0
2002-06-23,0.0,0.0,0.0
2002-06-24,0.0,0.0,0.0
2002-06-25,0.0,0.0,0.0
2002-06-26,0.0,0.0,0.0
2002-06-27,0.0,0.0,0.0
2002-06-28,4.610630367837185,3.5,6.0
2002-06-29,9.54481068677459,7.2,12.3
2002-06-30,0.0,0.0,0.0
2002-07-01,0.0,0.0,0.0
2002-07-02,0.0,0.0,0.0
2002-07-03,0.0,0.0,0.0
2002-07-04,0.0,0.0,0.0
2002-07-05,0.0,0.0,0.0
2002-07-06,0.0,0.0,0.0
2002-07-07,0.0,0.0,0.0
2002-07-08,0.0,0.0,0.0
2002-07-09,0.0,0.0,0.0
2002-07-10,0.0,0.0,0.0
2002-07-11,0.0,0.0,0.0
2002-07-12,0.0,0.0,0.0
2002-07-13,0.0,0.0,0.0
2002-07-14,0.0,0.0,0.0
2002-07-15,0.0,0.0,0.0
2002-07-16,0.0,0.0,0.0
2002-07-17,0.0,0.0,0.0
2002-07-18,0.0,0.0,0.0
2002-07-19,0.0,0.0,0.0
2002-07-20,0.0,0.0,0.0
2002-07-21,0.0,0.0,0.0
2002-07-22,0.0,0.0,0.0
2002-07-23,0.0,0.0,0.0
2002-07-24,0.0,0.0,0.0
2002-07-25,0.0,0.0,0.0
2002-07-26,2.025440911917339,1.4,2.9
2002-07-27,0.0,0.0,0.0
2002-07-28,0.0,0.0,0.0
2002-07-29,0.0,0.0,0.0
2002-07-30,0.0,0.0,0.0
2002-07-31,0.0,0.0,0.0
2002-08-01,0.0,0.0,0.0
2002-08-02,0.0,0.0,0.0
2002-08-03,0.0,0.0,0.0
2002-08-04,0.8419702643089455,0.7,1.1
2002-08-05,1.0535598521999154,0.8,1.3
2002-08-06,1.5807565178783878,1.3,2.0
2002-08-07,0.0,0.0,0.0
2002-08-08,0.0,0.0,0.0
2002-08-09,0.0,0.0,0.0
2002-08-10,0.0,0.0,0.0
2002-08-11,0.0,0.0,0.0
2002-08-12,0.0,0.0,0.0
2002-08-13,0.0,0.0,0.0
2002-08-14,0.0,0.0,0.0
2002-08-15,0.0,0.0,0.0
2002-08-16,0.0,0.0,0.0
2002-08-17,0.0,0.0,0.0
2002-08-18,0.0,0.0,0.0
2002-08-19,1.5807565178783878,1.3,2.0
2002-08-20,4.007225505627271,3.2,5.0
2002-08-21,3.79600180323966,3.0,4.8
2002-08-22,0.0,0.0,0.0
2002-08-23,5.06420512785013,4.1,6.4
2002-08-24,0.5260560849199707,0.4,0.7
2002-08-25,0.0,0.0,0.0
2002-08-26,0.0,0.0,0.0
2002-08-27,0.0,0.0,0.0
2002-08-28,0.0,0.0,0.0
2002-08-29,0.0,0.0,0.0
2002-08-30,0.0,0.0,0.0
2002-08-31,0.0,0.0,0.0
2002-09-01,0.0,0.0,0.0
2002-09-02,0.0,0.0,0.0
2002-09-03,0.0,0.0,0.0
2002-09-04,0.0,0.0,0.0
2002-09-05,0.0,0.0,0.0
2002-09-06,0.0,0.0,0.0
2002-09-07,0.0,0.0,0.0
2002-09-08,0.0,0.0,0.0
2002-09-09,0.0,0.0,0.0
2002-09-10,0.0,0.0,0.0
2002-09-11,0.0,0.0,0.0
2002-09-12,0.0,0.0,0.0
2002-09-13,0.0,0.0,0.0
2002-09-14,0.0,0.0,0.0
2002-09-15,0.0,0.0,0.0
2002-09-16,4.029116181708593,3.5,4.8
2002-09-17,17.288197212913254,15.1,20.7
2002-09-18,0.0,0.0,0.0
2002-09-19,0.0,0.0,0.0
2002-09-20,0.0,0.0,0.0
2002-09-21,0.0,0.0,0.0
2002-09-22,0.0,0.0,0.0
2002-09-23,0.0,0.0,0.0
2002-09-24,0.0,0.0,0.0
2002-09-25,0.0,0.0,0.0
2002-09-26,0.0,0.0,0.0
2002-09-27,0.0,0.0,0.0
2002-09-28,0.0,0.0,0.0
2002-09-29,10.288414345185542,9.0,12.3
2002-09-30,14.31947877772978,12.5,17.1
2002-10-01,0.5175549971932952,0.5,0.6
2002-10-02,0.0,0.0,0.0
2002-10-03,15.741446368395682,14.1,18.2
2002-10-04,1.3176596539264918,1.2,1.5
2002-10-05,0.0,0.0,0.0
2002-10-06,0.0,0.0,0.0
2002-10-07,0.0,0.0,0.0
2002-10-08,0.0,0.0,0.0
2002-10-09,0.0,0.0,0.0
2002-10-10,0.0,0.0,0.0
2002-10-11,0.0,0.0,0.0
2002-10-12,0.0,0.0,0.0
2002-10-13,0.0,0.0,0.0
2002-10-14,0.0,0.0,0.0
2002-10-15,0.0,0.0,0.0
2002-10-16,0.0,0.0,0.0
2002-10-17,0.0,0.0,0.0
2002-10-18,0.0,0.0,0.0
2002-10-19,0.0,0.0,0.0
2002-10-20,0.0,0.0,0.0
2002-10-21,0.0,0.0,0.0
2002-10-22,0.0,0.0,0.0
2002-10-23,0.0,0.0,0.0
2002-10-24,0.0,0.0,0.0
2002-10-25,0.0,0.0,0.0
2002-10-26,0.0,0.0,0.0
2002-10-27,0.8162745007890809,0.7,0.9
2002-10-28,0.0,0.0,0.0
2002-10-29,0.0,0.0,0.0
2002-10-30,0.0,0.0,0.0
2002-10-31,0.0,0.0,0.0
2002-11-01,0.0,0.0,0.0
2002-11-02,0.0,0.0,0.0
2002-11-03,0.0,0.0,0.0
2002-11-04,0.0,0.0,0.0
2002-11-05,0.0,0.0,0.0
2002-11-06,0.0,0.0,0.0
2002-11-07,11.919687085477978,10.6,13.8
2002-11-08,33.9315749684056,30.1,39.2
2002-11-09,35.457801994397954,31.4,40.9
2002-11-10,27.919792563438858,24.7,32.2
2002-11-11,9.070422108742234,8.0,10.5
2002-11-12,14.471042197682335,12.8,16.7
2002-11-13,2.853932913241361,2.5,3.3
2002-11-14,1.5258792711716984,1.4,1.8
2002-11-15,0.0,0.0,0.0
2002-11-16,20.991692060778952,18.6,24.2
2002-11-17,6.724735754891586,6.0,7.8
2002-11-18,2.3451565558736376,2.1,2.7
2002-11-19,4.688606819402825,4.2,5.4
2002-11-20,0.5142478839346346,0.5,0.6
2002-11-21,0.0,0.0,0.0
2002-11-22,0.0,0.0,0.0
2002-11-23,0.0,0.0,0.0
2002-11-24,7.030779370212084,6.2,8.1
2002-11-25,0.0,0.0,0.0
2002-11-26,0.0,0.0,0.0
2002-11-27,0.0,0.0,0.0
2002-11-28,0.0,0.0,0.0
2002-11-29,0.0,0.0,0.0
2002-11-30,0.0,0.0,0.0
2002-12-01,0.0,0.0,0.0
2002-12-02,0.0,0.0,0.0
2002-12-03,0.0,0.0,0.0
2002-12-04,5.444932564799191,4.9,6.4
2002-12-05,0.0,0.0,0.0
2002-12-06,0.0,0.0,0.0
2002-12-07,0.0,0.0,0.0
2002-12-08,0.0,0.0,0.0
2002-12-09,1.0278570715099267,0.9,1.2
2002-12-10,22.201812939289464,19.8,26.3
2002-12-11,27.13052602555419,24.2,32.1
2002-12-12,9.96817607715765,8.9,11.8
2002-12-13,16.138245534733667,14.4,19.1
2002-12-14,12.542493709608213,11.2,14.8
2002-12-15,26.105453448129325,23.3,30.9
2002-12-16,21.89346058683461,19.5,25.9
2002-12-17,10.481668687953428,9.4,12.4
2002-12-18,8.12046016766563,7.2,9.6
2002-12-19,1.3371932628897398,1.2,1.6
2002-12-20,6.784458734713125,6.1,8.0
2002-12-21,25.592905490800117,22.8,30.3
2002-12-22,3.6990880029868527,3.3,4.4
2002-12-23,0.5159429092965292,0.5,0.6
2002-12-24,5.444932564799191,4.9,6.4
2002-12-25,6.2698070941075645,5.6,7.4
2002-12-26,26.926265599203475,24.0,31.9
2002-12-27,39.674816471939934,35.4,47.0
2002-12-28,24.25677688837387,21.6,28.7
2002-12-29,6.784458734713125,6.1,8.0
2002-12-30,57.659584938468825,51.4,68.3
2002-12-31,31.55444235358824,28.1,37.4
2003-01-01,6.274038421569703,5.5,7.6
2003-01-02,31.065158986250438,27.3,37.6
2003-01-03,12.237327923004829,10.8,14.8
2003-01-04,37.33680001238208,32.8,45.2
2003-01-05,0.0,0.0,0.0
2003-01-06,0.0,0.0,0.0
2003-01-07,0.0,0.0,0.0
2003-01-08,0.0,0.0,0.0
2003-01-09,0.0,0.0,0.0
2003-01-10,0.0,0.0,0.0
2003-01-11,4.937994390900652,4.3,6.0
2003-01-12,27.97587836831105,24.6,33.9
2003-01-13,9.667482152828612,8.5,11.7
2003-01-14,2.8774864463963143,2.5,3.5
2003-01-15,0.0,0.0,0.0
2003-01-16,0.0,0.0,0.0
2003-01-17,0.0,0.0,0.0
2003-01-18,0.0,0.0,0.0
2003-01-19,0.0,0.0,0.0
2003-01-20,0.0,0.0,0.0
2003-01-21,0.5173249538504329,0.5,0.6
2003-01-22,22.21560406879622,19.5,26.9
2003-01-23,0.5173249538504329,0.5,0.6
2003-01-24,12.034093467987681,10.6,14.6
2003-01-25,4.937994390900652,4.3,6.0
2003-01-26,51.943828896837196,45.7,62.9
2003-01-27,5.966613259656421,5.2,7.2
2003-01-28,0.0,0.0,0.0
2003-01-29,14.913652737132269,13.1,18.1
2003-01-30,71.5883210713537,62.9,86.7
2003-01-31,29.51948226345761,25.9,35.8
2003-02-01,20.01177844413502,17.9,23.5
2003-02-02,5.805320823940508,5.2,6.8
2003-02-03,0.8314830366197999,0.7,1.0
2003-02-04,0.0,0.0,0.0
2003-02-05,0.0,0.0,0.0
2003-02-06,0.0,0.0,0.0
2003-02-07,0.0,0.0,0.0
2003-02-08,0.0,0.0,0.0
2003-02-09,0.0,0.0,0.0
2003-02-10,0.0,0.0,0.0
2003-02-11,0.0,0.0,0.0
2003-02-12,0.0,0.0,0.0
2003-02-13,3.9433648705443134,3.5,4.6
2003-02-14,1.5533089010207093,1.4,1.8
2003-02-15,12.64875719027284,11.3,14.9
2003-02-16,31.101233568874918,27.7,36.5
2003-02-17,22.38992514126014,20.0,26.3
2003-02-18,7.36005487172342,6.6,8.6
2003-02-19,8.70709110837035,7.8,10.2
2003-02-20,11.612566708422476,10.4,13.6
2003-02-21,11.821337354747598,10.5,13.9
2003-02-22,6.01253031970965,5.4,7.1
2003-02-23,0.0,0.0,0.0
2003-02-24,0.0,0.0,0.0
2003-02-25,0.0,0.0,0.0
2003-02-26,0.0,0.0,0.0
2003-02-27,1.0367530930161,0.9,1.2
2003-02-28,9.226705207442274,8.2,10.8
2003-03-01,0.0,0.0,0.0
2003-03-02,3.117496046760148,2.7,3.6
2003-03-03,8.212704351406293,7.1,9.5
2003-03-04,1.873251012795772,1.6,2.2
2003-03-05,7.3806102087384415,6.4,8.6
2003-03-06,35.65125968979276,31.0,41.3
2003-03-07,61.01691521185012,53.0,70.7
2003-03-08,9.25225566264241,8.0,10.7
2003-03-09,24.325956450247105,21.1,28.2
2003-03-10,5.298543331482658,4.6,6.1
2003-03-11,7.172051484869441,6.2,8.3
2003-03-12,3.9532228598700514,3.4,4.6
2003-03-13,3.117496046760148,2.7,3.6
2003-03-14,2.391367969723704,2.1,2.8
2003-03-15,17.152444713172926,14.9,19.9
2003-03-16,7.3806102087384415,6.4,8.6
2003-03-17,4.470516802987741,3.9,5.2
2003-03-18,1.0384788123748134,0.9,1.2
2003-03-19,8.212704351406293,7.1,9.5
2003-03-20,8.732610046713324,7.6,10.1
2003-03-21,40.95566606283304,35.6,47.5
2003-03-22,49.8945177664527,43.3,57.8
2003-03-23,6.339433754860957,5.5,7.3
2003-03-24,9.770697678792617,8.5,11.3
2003-03-25,48.02205370038826,41.7,55.6
2003-03-26,36.69072953458987,31.9,42.5
2003-03-27,2.391367969723704,2.1,2.8
2003-03-28,0.3087252518630193,0.3,0.4
2003-03-29,0.0,0.0,0.0
2003-03-30,0.0,0.0,0.0
2003-03-31,8.418012125500177,7.3,9.8
2003-04-01,16.33277100733877,13.8,20.4
2003-04-02,8.742493508791105,7.4,10.9
2003-04-03,15.814876905154339,13.3,19.8
2003-04-04,15.814876905154339,13.3,19.8
2003-04-05,18.001541018232853,15.2,22.5
2003-04-06,18.521046065452467,15.6,23.1
2003-04-07,0.5219298615397068,0.4,0.6
2003-04-08,0.0,0.0,0.0
2003-04-09,4.787811694680544,4.0,6.0
2003-04-10,12.173956782068801,10.3,15.2
2003-04-11,2.916511558036748,2.5,3.6
2003-04-12,9.260911528113365,7.8,11.6
2003-04-13,9.468233014521756,8.0,11.8
2003-04-14,2.3929175267652467,2.0,3.0
2003-04-15,6.033755688715984,5.1,7.5
2003-04-16,4.991679632975555,4.2,6.2
2003-04-17,12.381852158054095,10.4,15.5
2003-04-18,3.1218410465007196,2.6,3.9
2003-04-19,0.0,0.0,0.0
2003-04-20,0.8223577881004663,0.7,1.0
2003-04-21,4.787811694680544,4.0,6.0
2003-04-22,1.5608411735542735,1.3,1.9
2003-04-23,18.73012560767176,15.8,23.4
2003-04-24,6.349270676349731,5.4,7.9
2003-04-25,2.3929175267652467,2.0,3.0
2003-04-26,8.949937284654265,7.5,11.2
2003-04-27,0.32029541273972606,0.3,0.4
2003-04-28,3.1218410465007196,2.6,3.9
2003-04-29,3.1218410465007196,2.6,3.9
2003-04-30,1.5608411735542735,1.3,1.9
2003-05-01,0.0,0.0,0.0
2003-05-02,1.6092601143495053,1.3,2.0
2003-05-03,3.858928684490235,3.2,4.8
2003-05-04,22.071286414141493,18.2,27.2
2003-05-05,4.070409202569636,3.3,5.0
2003-05-06,0.0,0.0,0.0
2003-05-07,1.6092601143495053,1.3,2.0
2003-05-08,2.999324070842921,2.5,3.7
2003-05-09,1.9298040113200767,1.6,2.4
2003-05-10,4.070409202569636,3.3,5.0
2003-05-11,4.070409202569636,3.3,5.0
2003-05-12,0.5419813631275823,0.4,0.7
2003-05-13,0.0,0.0,0.0
2003-05-14,0.32465575294806837,0.3,0.4
2003-05-15,4.394178426358619,3.6,5.4
2003-05-16,6.535646799737767,5.4,8.1
2003-05-17,6.213476447467664,5.1,7.7
2003-05-18,0.0,0.0,0.0
2003-05-19,0.0,0.0,0.0
2003-05-20,1.6092601143495053,1.3,2.0
2003-05-21,1.3942838977888599,1.1,1.7
2003-05-22,1.0694490404713735,0.9,1.3
2003-05-23,0.0,0.0,0.0
2003-05-24,1.0694490404713735,0.9,1.3
2003-05-25,5.143727487463542,4.2,6.3
2003-05-26,0.0,0.0,0.0
2003-05-27,0.0,0.0,0.0
2003-05-28,0.0,0.0,0.0
2003-05-29,0.0,0.0,0.0
2003-05-30,4.070409202569636,3.3,5.0
2003-05-31,1.3942838977888599,1.1,1.7
2003-06-01,0.0,0.0,0.0
2003-06-02,0.0,0.0,0.0
2003-06-03,0.0,0.0,0.0
2003-06-04,0.0,0.0,0.0
2003-06-05,0.0,0.0,0.0
2003-06-06,0.0,0.0,0.0
2003-06-07,0.0,0.0,0.0
2003-06-08,0.0,0.0,0.0
2003-06-09,0.0,0.0,0.0
2003-06-10,0.0,0.0,0.0
2003-06-11,0.0,0.0,0.0
2003-06-12,0.0,0.0,0.0
2003-06-13,2.1447836434041982,1.6,2.8
2003-06-14,0.0,0.0,0.0
2003-06-15,0.0,0.0,0.0
2003-06-16,0.0,0.0,0.0
2003-06-17,0.0,0.0,0.0
2003-06-18,0.0,0.0,0.0
2003-06-19,0.0,0.0,0.0
2003-06-20,1.611074474052649,1.2,2.1
2003-06-21,2.465632032986512,1.9,3.2
2003-06-22,0.32234129497515424,0.2,0.4
2003-06-23,0.0,0.0,0.0
2003-06-24,0.0,0.0,0.0
2003-06-25,0.0,0.0,0.0
2003-06-26,0.0,0.0,0.0
2003-06-27,0.0,0.0,0.0
2003-06-28,0.0,0.0,0.0
2003-06-29,0.0,0.0,0.0
2003-06-30,1.0689166253413362,0.8,1.4
2003-07-01,0.0,0.0,0.0
2003-07-02,0.0,0.0,0.0
2003-07-03,0.0,0.0,0.0
2003-07-04,0.0,0.0,0.0
2003-07-05,0.0,0.0,0.0
2003-07-06,0.0,0.0,0.0
2003-07-07,0.0,0.0,0.0
2003-07-08,0.0,0.0,0.0
2003-07-09,0.0,0.0,0.0
2003-07-10,0.0,0.0,0.0
2003-07-11,0.0,0.0,0.0
2003-07-12,0.0,0.0,0.0
2003-07-13,0.0,0.0,0.0
2003-07-14,0.0,0.0,0.0
2003-07-15,0.0,0.0,0.0
2003-07-16,0.0,0.0,0.0
2003-07-17,0.0,0.0,0.0
2003-07-18,0.0,0.0,0.0
2003-07-19,0.0,0.0,0.0
2003-07-20,0.0,0.0,0.0
2003-07-21,0.0,0.0,0.0
2003-07-22,0.0,0.0,0.0
2003-07-23,0.0,0.0,0.0
2003-07-24,0.0,0.0,0.0
2003-07-25,0.0,0.0,0.0
2003-07-26,0.0,0.0,0.0
2003-07-27,0.0,0.0,0.0
2003-07-28,0.0,0.0,0.0
2003-07-29,0.0,0.0,0.0
2003-07-30,0.0,0.0,0.0
2003-07-31,0.0,0.0,0.0
2003-08-01,0.0,0.0,0.0
2003-08-02,0.0,0.0,0.0
2003-08-03,0.3252067787626667,0.3,0.4
2003-08-04,7.488943341526778,6.0,9.4
2003-08-05,1.0535598521999154,0.8,1.3
2003-08-06,6.1181942094730095,4.9,7.7
2003-08-07,2.6358053587212305,2.1,3.3
2003-08-08,0.0,0.0,0.0
2003-08-09,0.0,0.0,0.0
2003-08-10,0.0,0.0,0.0
2003-08-11,0.0,0.0,0.0
2003-08-12,0.0,0.0,0.0
2003-08-13,0.0,0.0,0.0
2003-08-14,0.0,0.0,0.0
2003-08-15,0.0,0.0,0.0
2003-08-16,0.0,0.0,0.0
2003-08-17,0.0,0.0,0.0
2003-08-18,0.0,0.0,0.0
2003-08-19,0.0,0.0,0.0
2003-08-20,0.0,0.0,0.0
2003-08-21,0.0,0.0,0.0
2003-08-22,4.8505884267762545,3.9,6.1
2003-08-23,0.0,0.0,0.0
2003-08-24,0.0,0.0,0.0
2003-08-25,0.0,0.0,0.0
2003-08-26,0.0,0.0,0.0
2003-08-27,0.0,0.0,0.0
2003-08-28,0.0,0.0,0.0
2003-08-29,0.0,0.0,0.0
2003-08-30,0.0,0.0,0.0
2003-08-31,0.0,0.0,0.0
2003-09-01,0.0,0.0,0.0
2003-09-02,0.0,0.0,0.0
2003-09-03,0.0,0.0,0.0
2003-09-04,0.0,0.0,0.0
2003-09-05,0.0,0.0,0.0
2003-09-06,0.31328755530511265,0.3,0.4
2003-09-07,15.5929165716595,13.6,18.7
2003-09-08,5.940165850766898,5.2,7.1
2003-09-09,29.38274332723121,25.7,35.2
2003-09-10,0.5285506219599676,0.5,0.6
2003-09-11,2.121066352878236,1.9,2.5
2003-09-12,0.0,0.0,0.0
2003-09-13,0.0,0.0,0.0
2003-09-14,0.0,0.0,0.0
2003-09-15,0.0,0.0,0.0
2003-09-16,24.50586666606149,21.4,29.3
2003-09-17,0.0,0.0,0.0
2003-09-18,0.0,0.0,0.0
2003-09-19,0.0,0.0,0.0
2003-09-20,0.0,0.0,0.0
2003-09-21,0.0,0.0,0.0
2003-09-22,0.0,0.0,0.0
2003-09-23,0.0,0.0,0.0
2003-09-24,0.0,0.0,0.0
2003-09-25,0.0,0.0,0.0
2003-09-26,0.0,0.0,0.0
2003-09-27,0.0,0.0,0.0
2003-09-28,0.0,0.0,0.0
2003-09-29,0.0,0.0,0.0
2003-09-30,0.5285506219599676,0.5,0.6
2003-10-01,0.0,0.0,0.0
2003-10-02,0.0,0.0,0.0
2003-10-03,0.0,0.0,0.0
2003-10-04,0.0,0.0,0.0
2003-10-05,0.0,0.0,0.0
2003-10-06,4.165502589218224,3.7,4.8
2003-10-07,3.3501062926579213,3.0,3.9
2003-10-08,4.8749661296643065,4.4,5.6
2003-10-09,9.037418919276782,8.1,10.4
2003-10-10,6.194959673475954,5.5,7.1
2003-10-11,25.7921645981253,23.1,29.8
2003-10-12,8.225933165258667,7.4,9.5
2003-10-13,1.522023261086304,1.4,1.8
2003-10-14,1.3176596539264918,1.2,1.5
2003-10-15,18.278114905981187,16.4,21.1
2003-10-16,0.5175549971932952,0.5,0.6
2003-10-17,0.5175549971932952,0.5,0.6
2003-10-18,0.5175549971932952,0.5,0.6
2003-10-19,7.717697058153465,6.9,8.9
2003-10-20,0.0,0.0,0.0
2003-10-21,0.5175549971932952,0.5,0.6
2003-10-22,10.357607392825457,9.3,12.0
2003-10-23,0.0,0.0,0.0
2003-10-24,0.0,0.0,0.0
2003-10-25,0.0,0.0,0.0
2003-10-26,0.0,0.0,0.0
2003-10-27,0.0,0.0,0.0
2003-10-28,8.025035204218428,7.2,9.3
2003-10-29,5.891391166548533,5.3,6.8
2003-10-30,0.5175549971932952,0.5,0.6
2003-10-31,0.0,0.0,0.0
2003-11-01,0.0,0.0,0.0
2003-11-02,7.743270187727425,6.9,8.9
2003-11-03,0.302296498719456,0.3,0.4
2003-11-04,1.5258792711716984,1.4,1.8
2003-11-05,2.3451565558736376,2.1,2.7
2003-11-06,0.5142478839346346,0.5,0.6
2003-11-07,0.0,0.0,0.0
2003-11-08,1.0240170631193637,0.9,1.2
2003-11-09,0.302296498719456,0.3,0.4
2003-11-10,7.030779370212084,6.2,8.1
2003-11-11,12.634239302023737,11.2,14.6
2003-11-12,0.0,0.0,0.0
2003-11-13,0.0,0.0,0.0
2003-11-14,0.0,0.0,0.0
2003-11-15,12.123356974023835,10.7,14.0
2003-11-16,34.642644877542544,30.7,40.0
2003-11-17,16.609155299248346,14.7,19.2
2003-11-18,3.3630467396754944,3.0,3.9
2003-11-19,31.08179390803184,27.5,35.9
2003-11-20,11.414385518755154,10.1,13.2
2003-11-21,4.688606819402825,4.2,5.4
2003-11-22,2.3451565558736376,2.1,2.7
2003-11-23,5.196552646196403,4.6,6.0
2003-11-24,13.449327672489567,11.9,15.5
2003-11-25,22.51812970146725,20.0,26.0
2003-11-26,19.66688315948069,17.4,22.7
2003-11-27,1.0240170631193637,0.9,1.2
2003-11-28,16.609155299248346,14.7,19.2
2003-11-29,57.67445184848227,51.1,66.6
2003-11-30,0.8224105197339383,0.7,0.9
2003-12-01,5.241695332628395,4.7,6.2
2003-12-02,2.8783994409643587,2.6,3.4
2003-12-03,10.481668687953428,9.4,12.4
2003-12-04,5.960342085900678,5.3,7.1
2003-12-05,13.567435834281282,12.1,16.1
2003-12-06,24.767154873189554,22.1,29.3
2003-12-07,27.645027783128363,24.7,32.7
2003-12-08,3.6990880029868527,3.3,4.4
2003-12-09,12.745595600844943,11.4,15.1
2003-12-10,3.0834608467539826,2.8,3.7
2003-12-11,6.2698070941075645,5.6,7.4
2003-12-12,26.411602694880667,23.6,31.3
2003-12-13,118.50331040633272,105.7,140.3
2003-12-14,14.900260430399715,13.3,17.6
2003-12-15,2.8783994409643587,2.6,3.4
2003-12-16,5.241695332628395,4.7,6.2
2003-12-17,3.6990880029868527,3.3,4.4
2003-12-18,0.0,0.0,0.0
2003-12-19,2.05771316793035,1.8,2.4
2003-12-20,7.297837229147112,6.5,8.6
2003-12-21,0.0,0.0,0.0
2003-12-22,0.0,0.0,0.0
2003-12-23,0.5159429092965292,0.5,0.6
2003-12-24,16.754057514541852,14.9,19.8
2003-12-25,10.481668687953428,9.4,12.4
2003-12-26,1.85205960147241,1.7,2.2
2003-12-27,26.105453448129325,23.3,30.9
2003-12-28,35.7650307996299,31.9,42.3
2003-12-29,37.617222648146786,33.6,44.5
2003-12-30,14.081586246816762,12.6,16.7
2003-12-31,8.32518687011388,7.4,9.9
2004-01-01,30.548544559242536,26.8,37.0
2004-01-02,2.8774864463963143,2.5,3.5
2004-01-03,13.579499810954367,11.9,16.4
2004-01-04,6.274038421569703,5.5,7.6
2004-01-05,1.0313824696984126,0.9,1.2
2004-01-06,9.156123421344887,8.0,11.1
2004-01-07,21.700704758656858,19.1,26.3
2004-01-08,15.633045615752762,13.7,18.9
2004-01-09,1.8550395216229574,1.6,2.2
2004-01-10,1.0313824696984126,0.9,1.2
2004-01-11,0.0,0.0,0.0
2004-01-12,0.0,0.0,0.0
2004-01-13,0.0,0.0,0.0
2004-01-14,9.667482152828612,8.5,11.7
2004-01-15,3.9050578025103193,3.4,4.7
2004-01-16,0.0,0.0,0.0
2004-01-17,0.0,0.0,0.0
2004-01-18,6.4789974579819605,5.7,7.8
2004-01-19,11.518960687553365,10.1,14.0
2004-01-20,0.0,0.0,0.0
2004-01-21,0.0,0.0,0.0
2004-01-22,0.0,0.0,0.0
2004-01-23,53.07464155860719,46.6,64.3
2004-01-24,16.764670695373482,14.7,20.3
2004-01-25,7.8168470564832555,6.9,9.5
2004-01-26,2.3621094201149715,2.1,2.9
2004-01-27,30.859591945842993,27.1,37.4
2004-01-28,39.18575461729958,34.4,47.5
2004-01-29,24.068371093425633,21.2,29.2
2004-01-30,36.31048973055601,31.9,44.0
2004-01-31,11.00641550247983,9.7,13.3
2004-02-01,8.70709110837035,7.8,10.2
2004-02-02,8.190142319246888,7.3,9.6
2004-02-03,5.805320823940508,5.2,6.8
2004-02-04,3.4221848796734924,3.1,4.0
2004-02-05,0.0,0.0,0.0
2004-02-06,20.52644150845844,18.3,24.1
2004-02-07,6.8431118001732,6.1,8.0
2004-02-08,0.0,0.0,0.0
2004-02-09,0.0,0.0,0.0
2004-02-10,0.0,0.0,0.0
2004-02-11,0.0,0.0,0.0
2004-02-12,0.0,0.0,0.0
2004-02-13,0.5239073418766915,0.5,0.6
2004-02-14,11.300087975852051,10.1,13.3
2004-02-15,2.9006484874177967,2.6,3.4
2004-02-16,28.716886364391094,25.6,33.7
2004-02-17,33.17285780310461,29.6,39.0
2004-02-18,15.551870998290575,13.9,18.3
2004-02-19,4.770581281605633,4.3,5.6
2004-02-20,0.0,0.0,0.0
2004-02-21,0.0,0.0,0.0
2004-02-22,0.5239073418766915,0.5,0.6
2004-02-23,2.5921669916039836,2.3,3.0
2004-02-24,5.495602750260482,4.9,6.5
2004-02-25,4.770581281605633,4.3,5.6
2004-02-26,8.397837852823,7.5,9.9
2004-02-27,11.612566708422476,10.4,13.6
2004-02-28,2.9006484874177967,2.6,3.4
2004-02-29,7.671267646721632,6.8,9.0
2004-03-01,5.509875775517298,4.8,6.4
2004-03-02,0.0,0.0,0.0
2004-03-03,8.418012125500177,7.3,9.8
2004-03-04,21.93264725012319,19.0,25.4
2004-03-05,16.631325783763867,14.4,19.3
2004-03-06,1.3508969830772564,1.2,1.6
2004-03-07,0.0,0.0,0.0
2004-03-08,0.0,0.0,0.0
2004-03-09,0.0,0.0,0.0
2004-03-10,0.0,0.0,0.0
2004-03-11,0.0,0.0,0.0
2004-03-12,0.0,0.0,0.0
2004-03-13,0.0,0.0,0.0
2004-03-14,0.0,0.0,0.0
2004-03-15,0.0,0.0,0.0
2004-03-16,0.0,0.0,0.0
2004-03-17,0.0,0.0,0.0
2004-03-18,2.0823911234136716,1.8,2.4
2004-03-19,0.3087252518630193,0.3,0.4
2004-03-20,0.0,0.0,0.0
2004-03-21,0.0,0.0,0.0
2004-03-22,0.0,0.0,0.0
2004-03-23,0.0,0.0,0.0
2004-03-24,11.331621797975318,9.8,13.1
2004-03-25,11.331621797975318,9.8,13.1
2004-03-26,17.152444713172926,14.9,19.9
2004-03-27,12.367724935812815,10.7,14.3
2004-03-28,0.8326670428531628,0.7,1.0
2004-03-29,0.0,0.0,0.0
2004-03-30,5.818732294829162,5.1,6.7
2004-03-31,0.0,0.0,0.0
2004-04-01,0.0,0.0,0.0
2004-04-02,0.0,0.0,0.0
2004-04-03,0.0,0.0,0.0
2004-04-04,0.0,0.0,0.0
2004-04-05,0.0,0.0,0.0
2004-04-06,0.0,0.0,0.0
2004-04-07,0.0,0.0,0.0
2004-04-08,0.0,0.0,0.0
2004-04-09,0.0,0.0,0.0
2004-04-10,0.0,0.0,0.0
2004-04-11,0.0,0.0,0.0
2004-04-12,0.0,0.0,0.0
2004-04-13,5.302730613059362,4.5,6.6
2004-04-14,23.308378586026183,19.6,29.1
2004-04-15,17.690229643667838,14.9,22.1
2004-04-16,7.703822857303511,6.5,9.6
2004-04-17,3.7470762253737404,3.2,4.7
2004-04-18,7.703822857303511,6.5,9.6
2004-04-19,13.215457167000912,11.1,16.5
2004-04-20,24.034198578600197,20.3,30.0
2004-04-21,22.16525534417587,18.7,27.7
2004-04-22,0.0,0.0,0.0
2004-04-23,0.5219298615397068,0.4,0.6
2004-04-24,0.0,0.0,0.0
2004-04-25,0.0,0.0,0.0
2004-04-26,0.0,0.0,0.0
2004-04-27,0.5219298615397068,0.4,0.6
2004-04-28,0.0,0.0,0.0
2004-04-29,0.0,0.0,0.0
2004-04-30,0.0,0.0,0.0
2004-05-01,0.0,0.0,0.0
2004-05-02,0.0,0.0,0.0
2004-05-03,0.0,0.0,0.0
2004-05-04,0.0,0.0,0.0
2004-05-05,1.0694490404713735,0.9,1.3
2004-05-06,0.5419813631275823,0.4,0.7
2004-05-07,6.003747110070403,4.9,7.4
2004-05-08,5.143727487463542,4.2,6.3
2004-05-09,0.8559445063639596,0.7,1.1
2004-05-10,13.075071579869975,10.8,16.1
2004-05-11,11.678919436454299,9.6,14.4
2004-05-12,1.0694490404713735,0.9,1.3
2004-05-13,0.0,0.0,0.0
2004-05-14,0.0,0.0,0.0
2004-05-15,2.464533267900699,2.0,3.0
2004-05-16,6.535646799737767,5.4,8.1
2004-05-17,8.143805358786539,6.7,10.1
2004-05-18,23.67776806381713,19.5,29.2
2004-05-19,0.5419813631275823,0.4,0.7
2004-05-20,0.5419813631275823,0.4,0.7
2004-05-21,0.8559445063639596,0.7,1.1
2004-05-22,14.679133135243855,12.1,18.1
2004-05-23,4.394178426358619,3.6,5.4
2004-05-24,0.0,0.0,0.0
2004-05-25,0.0,0.0,0.0
2004-05-26,10.606727681652051,8.7,13.1
2004-05-27,37.29099927931149,30.7,46.0
2004-05-28,32.35878040473038,26.6,39.9
2004-05-29,3.534478310299395,2.9,4.4
2004-05-30,0.32465575294806837,0.3,0.4
2004-05-31,0.0,0.0,0.0
2004-06-01,0.0,0.0,0.0
2004-06-02,0.0,0.0,0.0
2004-06-03,0.0,0.0,0.0
2004-06-04,0.0,0.0,0.0
2004-06-05,7.079518731844216,5.4,9.1
2004-06-06,12.760496421194258,9.6,16.5
2004-06-07,7.614041453744751,5.8,9.8
2004-06-08,13.620094652775958,10.3,17.6
2004-06-09,13.941297001284676,10.5,18.0
2004-06-10,3.217496032066214,2.4,4.2
2004-06-11,0.32234129497515424,0.2,0.4
2004-06-12,0.0,0.0,0.0
2004-06-13,1.611074474052649,1.2,2.1
2004-06-14,0.0,0.0,0.0
2004-06-15,0.0,0.0,0.0
2004-06-16,0.0,0.0,0.0
2004-06-17,0.0,0.0,0.0
2004-06-18,0.0,0.0,0.0
2004-06-19,0.0,0.0,0.0
2004-06-20,0.0,0.0,0.0
2004-06-21,0.0,0.0,0.0
2004-06-22,0.0,0.0,0.0
2004-06-23,0.0,0.0,0.0
2004-06-24,0.0,0.0,0.0
2004-06-25,0.0,0.0,0.0
2004-06-26,0.0,0.0,0.0
2004-06-27,0.0,0.0,0.0
2004-06-28,0.0,0.0,0.0
2004-06-29,0.0,0.0,0.0
2004-06-30,0.0,0.0,0.0
2004-07-01,0.0,0.0,0.0
2004-07-02,0.0,0.0,0.0
2004-07-03,0.0,0.0,0.0
2004-07-04,0.0,0.0,0.0
2004-07-05,0.0,0.0,0.0
2004-07-06,0.0,0.0,0.0
2004-07-07,0.0,0.0,0.0
2004-07-08,0.0,0.0,0.0
2004-07-09,0.0,0.0,0.0
2004-07-10,0.0,0.0,0.0
2004-07-11,0.0,0.0,0.0
2004-07-12,0.0,0.0,0.0
2004-07-13,0.0,0.0,0.0
2004-07-14,0.0,0.0,0.0
2004-07-15,0.0,0.0,0.0
2004-07-16,0.0,0.0,0.0
2004-07-17,0.0,0.0,0.0
2004-07-18,0.0,0.0,0.0
2004-07-19,1.4623574325072481,1.0,2.1
2004-07-20,0.0,0.0,0.0
2004-07-21,0.0,0.0,0.0
2004-07-22,0.0,0.0,0.0
2004-07-23,0.0,0.0,0.0
2004-07-24,0.0,0.0,0.0
2004-07-25,0.0,0.0,0.0
2004-07-26,0.0,0.0,0.0
2004-07-27,0.0,0.0,0.0
2004-07-28,0.0,0.0,0.0
2004-07-29,0.0,0.0,0.0
2004-07-30,0.0,0.0,0.0
2004-07-31,0.0,0.0,0.0
2004-08-01,0.0,0.0,0.0
2004-08-02,0.3252067787626667,0.3,0.4
2004-08-03,0.0,0.0,0.0
2004-08-04,0.5260560849199707,0.4,0.7
2004-08-05,4.5354491189696375,3.6,5.7
2004-08-06,0.0,0.0,0.0
2004-08-07,0.0,0.0,0.0
2004-08-08,0.0,0.0,0.0
2004-08-09,0.0,0.0,0.0
2004-08-10,0.0,0.0,0.0
2004-08-11,0.0,0.0,0.0
2004-08-12,0.0,0.0,0.0
2004-08-13,0.0,0.0,0.0
2004-08-14,0.0,0.0,0.0
2004-08-15,0.0,0.0,0.0
2004-08-16,0.0,0.0,0.0
2004-08-17,0.0,0.0,0.0
2004-08-18,0.0,0.0,0.0
2004-08-19,0.0,0.0,0.0
2004-08-20,0.0,0.0,0.0
2004-08-21,1.0535598521999154,0.8,1.3
2004-08-22,60.53982716536924,48.6,76.0
2004-08-23,12.336937807203235,9.9,15.5
2004-08-24,0.0,0.0,0.0
2004-08-25,23.62357879529393,19.0,29.7
2004-08-26,22.782583385385234,18.3,28.6
2004-08-27,0.5260560849199707,0.4,0.7
2004-08-28,0.0,0.0,0.0
2004-08-29,0.0,0.0,0.0
2004-08-30,0.0,0.0,0.0
2004-08-31,0.0,0.0,0.0
2004-09-01,0.8489141165968944,0.7,1.0
2004-09-02,2.6516519264189133,2.3,3.2
2004-09-03,0.0,0.0,0.0
2004-09-04,0.0,0.0,0.0
2004-09-05,0.0,0.0,0.0
2004-09-06,0.0,0.0,0.0
2004-09-07,0.0,0.0,0.0
2004-09-08,0.0,0.0,0.0
2004-09-09,0.0,0.0,0.0
2004-09-10,0.0,0.0,0.0
2004-09-11,4.029116181708593,3.5,4.8
2004-09-12,0.5285506219599676,0.5,0.6
2004-09-13,23.975018074355948,21.0,28.7
2004-09-14,6.473228651892558,5.7,7.7
2004-09-15,8.382600123409459,7.3,10.0
2004-09-16,1.9091326036499539,1.7,2.3
2004-09-17,29.59662745791567,25.9,35.4
2004-09-18,12.413568225783475,10.9,14.8
2004-09-19,11.35249961461075,9.9,13.6
2004-09-20,4.561626329258227,4.0,5.5
2004-09-21,0.0,0.0,0.0
2004-09-22,0.0,0.0,0.0
2004-09-23,0.0,0.0,0.0
2004-09-24,0.0,0.0,0.0
2004-09-25,0.0,0.0,0.0
2004-09-26,0.0,0.0,0.0
2004-09-27,0.0,0.0,0.0
2004-09-28,0.0,0.0,0.0
2004-09-29,0.0,0.0,0.0
2004-09-30,0.0,0.0,0.0
2004-10-01,0.0,0.0,0.0
2004-10-02,0.0,0.0,0.0
2004-10-03,0.0,0.0,0.0
2004-10-04,0.0,0.0,0.0
2004-10-05,0.0,0.0,0.0
2004-10-06,8.025035204218428,7.2,9.3
2004-10-07,0.0,0.0,0.0
2004-10-08,9.037418919276782,8.1,10.4
2004-10-09,6.3976762554603885,5.7,7.4
2004-10-10,0.0,0.0,0.0
2004-10-11,0.0,0.0,0.0
2004-10-12,0.0,0.0,0.0
2004-10-13,0.0,0.0,0.0
2004-10-14,0.0,0.0,0.0
2004-10-15,0.5175549971932952,0.5,0.6
2004-10-16,0.0,0.0,0.0
2004-10-17,23.968578401986274,21.4,27.7
2004-10-18,10.051288677660496,9.0,11.6
2004-10-19,1.522023261086304,1.4,1.8
2004-10-20,5.381980034469359,4.8,6.2
2004-10-21,9.037418919276782,8.1,10.4
2004-10-22,12.895857321045586,11.5,14.9
2004-10-23,17.568888261149485,15.7,20.3
2004-10-24,1.012186654700797,0.9,1.2
2004-10-25,3.0457928097745093,2.7,3.5
2004-10-26,3.6539996906436953,3.3,4.2
2004-10-27,2.336811555284084,2.1,2.7
2004-10-28,2.035229509953034,1.8,2.3
2004-10-29,1.012186654700797,0.9,1.2
2004-10-30,15.741446368395682,14.1,18.2
2004-10-31,5.178924838924272,4.6,6.0
2004-11-01,7.030779370212084,6.2,8.1
2004-11-02,27.715526422780226,24.6,32.0
2004-11-03,3.3630467396754944,3.0,3.9
2004-11-04,0.0,0.0,0.0
2004-11-05,0.0,0.0,0.0
2004-11-06,0.0,0.0,0.0
2004-11-07,0.0,0.0,0.0
2004-11-08,0.0,0.0,0.0
2004-11-09,0.5142478839346346,0.5,0.6
2004-11-10,0.5142478839346346,0.5,0.6
2004-11-11,0.0,0.0,0.0
2004-11-12,0.5142478839346346,0.5,0.6
2004-11-13,0.5142478839346346,0.5,0.6
2004-11-14,0.0,0.0,0.0
2004-11-15,3.869254915635428,3.4,4.5
2004-11-16,1.3215208868893238,1.2,1.5
2004-11-17,0.0,0.0,0.0
2004-11-18,11.615257190713658,10.3,13.4
2004-11-19,0.0,0.0,0.0
2004-11-20,0.0,0.0,0.0
2004-11-21,0.0,0.0,0.0
2004-11-22,0.0,0.0,0.0
2004-11-23,1.5258792711716984,1.4,1.8
2004-11-24,10.088349185748676,8.9,11.6
2004-11-25,24.864375561165442,22.0,28.7
2004-11-26,2.853932913241361,2.5,3.3
2004-11-27,4.380074056451028,3.9,5.1
2004-11-28,0.0,0.0,0.0
2004-11-29,0.0,0.0,0.0
2004-11-30,4.380074056451028,3.9,5.1
2004-12-01,4.9326543195384165,4.4,5.8
2004-12-02,0.0,0.0,0.0
2004-12-03,0.0,0.0,0.0
2004-12-04,0.0,0.0,0.0
2004-12-05,2.5674047941606695,2.3,3.0
2004-12-06,35.7650307996299,31.9,42.3
2004-12-07,16.44652622160393,14.7,19.5
2004-12-08,75.4367316725247,67.3,89.3
2004-12-09,61.562472628056916,54.9,72.9
2004-12-10,3.9043422258522424,3.5,4.6
2004-12-11,15.108422906198397,13.5,17.9
2004-12-12,0.0,0.0,0.0
2004-12-13,8.32518687011388,7.4,9.9
2004-12-14,9.148382699021752,8.2,10.8
2004-12-15,0.0,0.0,0.0
2004-12-16,0.0,0.0,0.0
2004-12-17,0.0,0.0,0.0
2004-12-18,0.0,0.0,0.0
2004-12-19,0.5159429092965292,0.5,0.6
2004-12-20,0.0,0.0,0.0
2004-12-21,0.0,0.0,0.0
2004-12-22,0.0,0.0,0.0
2004-12-23,0.0,0.0,0.0
2004-12-24,0.0,0.0,0.0
2004-12-25,1.85205960147241,1.7,2.2
2004-12-26,10.68918888044006,9.5,12.7
2004-12-27,1.5416469944813824,1.4,1.8
2004-12-28,0.5159429092965292,0.5,0.6
2004-12-29,11.206899476605313,10.0,13.3
2004-12-30,2.8783994409643587,2.6,3.4
2004-12-31,1.5416469944813824,1.4,1.8
2005-01-01,6.4789974579819605,5.7,7.8
2005-01-02,1.3363819911659414,1.2,1.6
2005-01-03,0.0,0.0,0.0
2005-01-04,0.0,0.0,0.0
2005-01-05,0.0,0.0,0.0
2005-01-06,1.0313824696984126,0.9,1.2
2005-01-07,10.491932352324895,9.2,12.7
2005-01-08,6.274038421569703,5.5,7.6
2005-01-09,19.54342490179799,17.2,23.7
2005-01-10,0.0,0.0,0.0
2005-01-11,0.5173249538504329,0.5,0.6
2005-01-12,2.056949563330548,1.8,2.5
2005-01-13,0.82673967614764,0.7,1.0
2005-01-14,0.3045858088395509,0.3,0.4
2005-01-15,15.633045615752762,13.7,18.9
2005-01-16,1.0313824696984126,0.9,1.2
2005-01-17,19.849984597491172,17.4,24.0
2005-01-18,19.338025865308673,17.0,23.4
2005-01-19,0.0,0.0,0.0
2005-01-20,0.0,0.0,0.0
2005-01-21,0.0,0.0,0.0
2005-01-22,0.0,0.0,0.0
2005-01-23,0.0,0.0,0.0
2005-01-24,0.0,0.0,0.0
2005-01-25,0.0,0.0,0.0
2005-01-26,6.274038421569703,5.5,7.6
2005-01-27,0.82673967614764,0.7,1.0
2005-01-28,2.5706361405943094,2.3,3.1
2005-01-29,4.42224854849232,3.9,5.4
2005-01-30,0.0,0.0,0.0
2005-01-31,0.0,0.0,0.0
2005-02-01,0.0,0.0,0.0
2005-02-02,0.0,0.0,0.0
2005-02-03,0.0,0.0,0.0
2005-02-04,11.612566708422476,10.4,13.6
2005-02-05,3.7325287517035575,3.3,4.4
2005-02-06,13.165063364654383,11.7,15.5
2005-02-07,3.9433648705443134,3.5,4.6
2005-02-08,0.0,0.0,0.0
2005-02-09,0.0,0.0,0.0
2005-02-10,0.0,0.0,0.0
2005-02-11,0.0,0.0,0.0
2005-02-12,12.338859364057608,11.0,14.5
2005-02-13,10.263873330642493,9.2,12.1
2005-02-14,0.0,0.0,0.0
2005-02-15,0.0,0.0,0.0
2005-02-16,0.0,0.0,0.0
2005-02-17,0.0,0.0,0.0
2005-02-18,0.0,0.0,0.0
2005-02-19,15.032616894086871,13.4,17.7
2005-02-20,16.068061248956365,14.3,18.9
2005-02-21,0.0,0.0,0.0
2005-02-22,0.0,0.0,0.0
2005-02-23,0.0,0.0,0.0
2005-02-24,0.0,0.0,0.0
2005-02-25,0.0,0.0,0.0
2005-02-26,0.0,0.0,0.0
2005-02-27,0.8314830366197999,0.7,1.0
2005-02-28,4.974485128611602,4.4,5.8
2005-03-01,0.5238379522193082,0.5,0.6
2005-03-02,1.5599796257167495,1.4,1.8
2005-03-03,0.0,0.0,0.0
2005-03-04,0.0,0.0,0.0
2005-03-05,0.0,0.0,0.0
2005-03-06,0.0,0.0,0.0
2005-03-07,0.0,0.0,0.0
2005-03-08,0.0,0.0,0.0
2005-03-09,0.0,0.0,0.0
2005-03-10,0.0,0.0,0.0
2005-03-11,0.0,0.0,0.0
2005-03-12,0.0,0.0,0.0
2005-03-13,0.0,0.0,0.0
2005-03-14,0.0,0.0,0.0
2005-03-15,0.0,0.0,0.0
2005-03-16,8.940178074487868,7.8,10.4
2005-03-17,8.732610046713324,7.6,10.1
2005-03-18,4.78047062452259,4.2,5.5
2005-03-19,14.760325060528398,12.8,17.1
2005-03-20,11.122981276237448,9.7,12.9
2005-03-21,3.117496046760148,2.7,3.6
2005-03-22,9.770697678792617,8.5,11.3
2005-03-23,13.720345021095754,11.9,15.9
2005-03-24,16.631325783763867,14.4,19.3
2005-03-25,0.8326670428531628,0.7,1.0
2005-03-26,30.666013874470238,26.6,35.5
2005-03-27,65.6917897297299,57.0,76.1
2005-03-28,21.101160291855503,18.3,24.4
2005-03-29,47.50481658524649,41.2,55.0
2005-03-30,4.989104609092193,4.3,5.8
2005-03-31,0.5238379522193082,0.5,0.6
2005-04-01,11.342718644359795,9.6,14.2
2005-04-02,0.8223577881004663,0.7,1.0
2005-04-03,22.476169995566675,18.9,28.1
2005-04-04,8.742493508791105,7.4,10.9
2005-04-05,0.8223577881004663,0.7,1.0
2005-04-06,0.5219298615397068,0.4,0.6
2005-04-07,15.814876905154339,13.3,19.8
2005-04-08,13.735314370690945,11.6,17.2
2005-04-09,7.703822857303511,6.5,9.6
2005-04-10,1.8721610461114937,1.6,2.3
2005-04-11,9.778760725633513,8.2,12.2
2005-04-12,7.910576181504183,6.7,9.9
2005-04-13,4.475355174441331,3.8,5.6
2005-04-14,1.5608411735542735,1.3,1.9
2005-04-15,4.991679632975555,4.2,6.2
2005-04-16,20.083893454149262,16.9,25.1
2005-04-17,8.742493508791105,7.4,10.9
2005-04-18,3.9529497159515485,3.3,4.9
2005-04-19,1.8721610461114937,1.6,2.3
2005-04-20,0.0,0.0,0.0
2005-04-21,0.0,0.0,0.0
2005-04-22,1.8721610461114937,1.6,2.3
2005-04-23,18.521046065452467,15.6,23.1
2005-04-24,4.475355174441331,3.8,5.6
2005-04-25,2.916511558036748,2.5,3.6
2005-04-26,0.8223577881004663,0.7,1.0
2005-04-27,4.2649401217265135,3.6,5.3
2005-04-28,1.034243375508953,0.9,1.3
2005-04-29,0.0,0.0,0.0
2005-04-30,2.3929175267652467,2.0,3.0
2005-05-01,6.003747110070403,4.9,7.4
2005-05-02,1.6092601143495053,1.3,2.0
2005-05-03,2.464533267900699,2.0,3.0
2005-05-04,9.212293094298067,7.6,11.4
2005-05-05,8.463292605120653,7.0,10.4
2005-05-06,7.607448992209961,6.3,9.4
2005-05-07,1.3942838977888599,1.1,1.7
2005-05-08,13.607814701386106,11.2,16.8
2005-05-09,18.535745733999747,15.3,22.9
2005-05-10,21.212742710739022,17.5,26.2
2005-05-11,0.0,0.0,0.0
2005-05-12,0.0,0.0,0.0
2005-05-13,2.999324070842921,2.5,3.7
2005-05-14,2.999324070842921,2.5,3.7
2005-05-15,17.679305057544553,14.5,21.8
2005-05-16,21.212742710739022,17.5,26.2
2005-05-17,1.9298040113200767,1.6,2.4
2005-05-18,29.679360058574602,24.4,36.6
2005-05-19,5.4632496661782985,4.5,6.7
2005-05-20,14.464445252864822,11.9,17.9
2005-05-21,3.21518714635985,2.6,4.0
2005-05-22,3.21518714635985,2.6,4.0
2005-05-23,0.0,0.0,0.0
2005-05-24,0.0,0.0,0.0
2005-05-25,0.0,0.0,0.0
2005-05-26,0.0,0.0,0.0
2005-05-27,0.8559445063639596,0.7,1.1
2005-05-28,9.534970064046941,7.8,11.8
2005-05-29,6.003747110070403,4.9,7.4
2005-05-30,0.0,0.0,0.0
2005-05-31,5.143727487463542,4.2,6.3
2005-06-01,11.15396563989914,8.4,14.4
2005-06-02,1.0689166253413362,0.8,1.4
2005-06-03,0.0,0.0,0.0
2005-06-04,0.32234129497515424,0.2,0.4
2005-06-05,10.403360747752782,7.9,13.4
2005-06-06,15.016293158820762,11.4,19.4
2005-06-07,9.010171879525014,6.8,11.6
2005-06-08,0.0,0.0,0.0
2005-06-09,0.0,0.0,0.0
2005-06-10,1.611074474052649,1.2,2.1
2005-06-11,5.469356592765211,4.1,7.1
2005-06-12,0.0,0.0,0.0
2005-06-13,0.0,0.0,0.0
2005-06-14,0.0,0.0,0.0
2005-06-15,0.0,0.0,0.0
2005-06-16,13.941297001284676,10.5,18.0
2005-06-17,5.683145036547243,4.3,7.3
2005-06-18,3.217496032066214,2.4,4.2
2005-06-19,4.610630367837185,3.5,6.0
2005-06-20,0.32234129497515424,0.2,0.4
2005-06-21,0.5365764392684496,0.4,0.7
2005-06-22,0.5365764392684496,0.4,0.7
2005-06-23,0.0,0.0,0.0
2005-06-24,0.0,0.0,0.0
2005-06-25,1.3936602121000896,1.1,1.8
2005-06-26,0.32234129497515424,0.2,0.4
2005-06-27,6.541689394646138,4.9,8.4
2005-06-28,1.611074474052649,1.2,2.1
2005-06-29,0.0,0.0,0.0
2005-06-30,0.0,0.0,0.0
2005-07-01,0.0,0.0,0.0
2005-07-02,0.0,0.0,0.0
2005-07-03,0.0,0.0,0.0
2005-07-04,0.0,0.0,0.0
2005-07-05,0.0,0.0,0.0
2005-07-06,1.1251558446872005,0.8,1.6
2005-07-07,0.0,0.0,0.0
2005-07-08,2.815522512560947,1.9,4.0
2005-07-09,5.182113600702645,3.5,7.4
2005-07-10,1.1251558446872005,0.8,1.6
2005-07-11,0.0,0.0,0.0
2005-07-12,0.0,0.0,0.0
2005-07-13,0.0,0.0,0.0
2005-07-14,0.0,0.0,0.0
2005-07-15,0.0,0.0,0.0
2005-07-16,0.0,0.0,0.0
2005-07-17,0.0,0.0,0.0
2005-07-18,0.0,0.0,0.0
2005-07-19,0.0,0.0,0.0
2005-07-20,0.0,0.0,0.0
2005-07-21,1.4623574325072481,1.0,2.1
2005-07-22,1.4623574325072481,1.0,2.1
2005-07-23,0.0,0.0,0.0
2005-07-24,0.0,0.0,0.0
2005-07-25,0.0,0.0,0.0
2005-07-26,0.0,0.0,0.0
2005-07-27,0.0,0.0,0.0
2005-07-28,0.0,0.0,0.0
2005-07-29,0.0,0.0,0.0
2005-07-30,0.0,0.0,0.0
2005-07-31,0.0,0.0,0.0
2005-08-01,0.5260560849199707,0.4,0.7
2005-08-02,0.0,0.0,0.0
2005-08-03,0.0,0.0,0.0
2005-08-04,0.0,0.0,0.0
2005-08-05,0.0,0.0,0.0
2005-08-06,0.0,0.0,0.0
2005-08-07,0.0,0.0,0.0
2005-08-08,0.0,0.0,0.0
2005-08-09,0.0,0.0,0.0
2005-08-10,0.0,0.0,0.0
2005-08-11,0.0,0.0,0.0
2005-08-12,0.0,0.0,0.0
2005-08-13,0.0,0.0,0.0
2005-08-14,0.0,0.0,0.0
2005-08-15,0.0,0.0,0.0
2005-08-16,0.0,0.0,0.0
2005-08-17,0.0,0.0,0.0
2005-08-18,0.0,0.0,0.0
2005-08-19,0.0,0.0,0.0
2005-08-20,0.0,0.0,0.0
2005-08-21,0.0,0.0,0.0
2005-08-22,0.0,0.0,0.0
2005-08-23,0.0,0.0,0.0
2005-08-24,0.0,0.0,0.0
2005-08-25,0.0,0.0,0.0
2005-08-26,0.0,0.0,0.0
2005-08-27,0.0,0.0,0.0
2005-08-28,0.0,0.0,0.0
2005-08-29,3.479142640586914,2.8,4.4
2005-08-30,0.0,0.0,0.0
2005-08-31,0.0,0.0,0.0
2005-09-01,0.0,0.0,0.0
2005-09-02,0.0,0.0,0.0
2005-09-03,0.0,0.0,0.0
2005-09-04,0.0,0.0,0.0
2005-09-05,0.0,0.0,0.0
2005-09-06,0.0,0.0,0.0
2005-09-07,0.0,0.0,0.0
2005-09-08,0.0,0.0,0.0
2005-09-09,5.091178101230828,4.5,6.1
2005-09-10,13.47294311445651,11.8,16.1
2005-09-11,0.31328755530511265,0.3,0.4
2005-09-12,0.0,0.0,0.0
2005-09-13,0.0,0.0,0.0
2005-09-14,0.0,0.0,0.0
2005-09-15,0.0,0.0,0.0
2005-09-16,4.029116181708593,3.5,4.8
2005-09-17,0.8489141165968944,0.7,1.0
2005-09-18,0.0,0.0,0.0
2005-09-19,0.0,0.0,0.0
2005-09-20,0.0,0.0,0.0
2005-09-21,0.0,0.0,0.0
2005-09-22,0.0,0.0,0.0
2005-09-23,1.9091326036499539,1.7,2.3
2005-09-24,0.8489141165968944,0.7,1.0
2005-09-25,0.0,0.0,0.0
2005-09-26,0.0,0.0,0.0
2005-09-27,0.0,0.0,0.0
2005-09-28,0.0,0.0,0.0
2005-09-29,0.31328755530511265,0.3,0.4
2005-09-30,19.946626955056573,17.4,23.9
2005-10-01,30.159831775346326,27.0,34.8
2005-10-02,7.717697058153465,6.9,8.9
2005-10-03,12.083797197448705,10.8,13.9
2005-10-04,0.0,0.0,0.0
2005-10-05,0.0,0.0,0.0
2005-10-06,0.0,0.0,0.0
2005-10-07,0.3010862083023276,0.3,0.4
2005-10-08,6.70234892014764,6.0,7.7
2005-10-09,0.8162745007890809,0.7,0.9
2005-10-10,0.3010862083023276,0.3,0.4
2005-10-11,0.0,0.0,0.0
2005-10-12,0.0,0.0,0.0
2005-10-13,0.0,0.0,0.0
2005-10-14,3.857086556515926,3.5,4.5
2005-10-15,7.717697058153465,6.9,8.9
2005-10-16,0.0,0.0,0.0
2005-10-17,0.0,0.0,0.0
2005-10-18,0.0,0.0,0.0
2005-10-19,12.390319995039327,11.1,14.3
2005-10-20,1.522023261086304,1.4,1.8
2005-10-21,0.0,0.0,0.0
2005-10-22,0.0,0.0,0.0
2005-10-23,0.0,0.0,0.0
2005-10-24,0.0,0.0,0.0
2005-10-25,7.717697058153465,6.9,8.9
2005-10-26,2.843023982689109,2.5,3.3
2005-10-27,3.3501062926579213,3.0,3.9
2005-10-28,21.42921401882345,19.2,24.7
2005-10-29,4.366483814255474,3.9,5.0
2005-10-30,0.5175549971932952,0.5,0.6
2005-10-31,22.443146631328947,20.1,25.9
2005-11-01,32.60837668887595,28.9,37.6
2005-11-02,0.0,0.0,0.0
2005-11-03,40.35002907113337,35.8,46.6
2005-11-04,33.9315749684056,30.1,39.2
2005-11-05,57.165369040944185,50.7,66.0
2005-11-06,17.830441899513016,15.8,20.6
2005-11-07,5.910700766478081,5.2,6.8
2005-11-08,0.0,0.0,0.0
2005-11-09,0.0,0.0,0.0
2005-11-10,2.3451565558736376,2.1,2.7
2005-11-11,11.919687085477978,10.6,13.8
2005-11-12,11.414385518755154,10.1,13.2
2005-11-13,40.35002907113337,35.8,46.6
2005-11-14,3.0575216635127496,2.7,3.5
2005-11-15,0.302296498719456,0.3,0.4
2005-11-16,0.0,0.0,0.0
2005-11-17,0.0,0.0,0.0
2005-11-18,0.0,0.0,0.0
2005-11-19,0.0,0.0,0.0
2005-11-20,0.0,0.0,0.0
2005-11-21,0.0,0.0,0.0
2005-11-22,0.0,0.0,0.0
2005-11-23,0.0,0.0,0.0
2005-11-24,4.688606819402825,4.2,5.4
2005-11-25,38.51829002862084,34.1,44.5
2005-11-26,2.853932913241361,2.5,3.3
2005-11-27,1.0240170631193637,0.9,1.2
2005-11-28,16.609155299248346,14.7,19.2
2005-11-29,20.68310999641109,18.3,23.9
2005-11-30,3.3630467396754944,3.0,3.9
2005-12-01,47.277609637079074,42.2,56.0
2005-12-02,24.767154873189554,22.1,29.3
2005-12-03,26.411602694880667,23.6,31.3
2005-12-04,0.0,0.0,0.0
2005-12-05,0.0,0.0,0.0
2005-12-06,0.0,0.0,0.0
2005-12-07,3.0834608467539826,2.8,3.7
2005-12-08,0.5159429092965292,0.5,0.6
2005-12-09,0.0,0.0,0.0
2005-12-10,0.0,0.0,0.0
2005-12-11,0.0,0.0,0.0
2005-12-12,0.0,0.0,0.0
2005-12-13,0.0,0.0,0.0
2005-12-14,0.0,0.0,0.0
2005-12-15,0.0,0.0,0.0
2005-12-16,0.0,0.0,0.0
2005-12-17,0.0,0.0,0.0
2005-12-18,2.05771316793035,1.8,2.4
2005-12-19,29.802224544154154,26.6,35.3
2005-12-20,1.0278570715099267,0.9,1.2
2005-12-21,15.93151245714228,14.2,18.9
2005-12-22,34.22438576659285,30.5,40.5
2005-12-23,0.5159429092965292,0.5,0.6
2005-12-24,0.0,0.0,0.0
2005-12-25,10.998528670201198,9.8,13.0
2005-12-26,6.784458734713125,6.1,8.0
2005-12-27,66.08616332745915,59.0,78.2
2005-12-28,45.43076180606221,40.5,53.8
2005-12-29,11.514542926713736,10.3,13.6
2005-12-30,109.66415092029257,97.8,129.8
2005-12-31,52.21048322114297,46.6,61.8
2006-01-01,5.450563412801506,4.8,6.6
2006-01-02,7.301791497573494,6.4,8.8
2006-01-03,9.156123421344887,8.0,11.1
2006-01-04,0.82673967614764,0.7,1.0
2006-01-05,1.0313824696984126,0.9,1.2
2006-01-06,6.790395379822047,6.0,8.2
2006-01-07,28.695725292777468,25.2,34.8
2006-01-08,7.609359683715995,6.7,9.2
2006-01-09,21.700704758656858,19.1,26.3
2006-01-10,88.04377083620344,77.4,106.6
2006-01-11,26.12566123603877,23.0,31.6
2006-01-12,19.849984597491172,17.4,24.0
2006-01-13,25.610080782028188,22.5,31.0
2006-01-14,27.97587836831105,24.6,33.9
2006-01-15,1.8550395216229574,1.6,2.2
2006-01-16,15.428928866695022,13.6,18.7
2006-01-17,56.67531926899568,49.8,68.6
2006-01-18,8.640122719170732,7.6,10.5
2006-01-19,3.702299592609028,3.3,4.5
2006-01-20,29.51948226345761,25.9,35.8
2006-01-21,4.42224854849232,3.9,5.4
2006-01-22,1.3363819911659414,1.2,1.6
2006-01-23,0.0,0.0,0.0
2006-01-24,0.0,0.0,0.0
2006-01-25,3.3932089499384506,3.0,4.1
2006-01-26,9.667482152828612,8.5,11.7
2006-01-27,10.491932352324895,9.2,12.7
2006-01-28,33.94213131146534,29.8,41.1
2006-01-29,14.093221328762063,12.4,17.1
2006-01-30,31.373465944243172,27.6,38.0
2006-01-31,25.610080782028188,22.5,31.0
2006-02-01,22.910945129876588,20.4,26.9
2006-02-02,23.219909569607797,20.7,27.3
2006-02-03,8.190142319246888,7.3,9.6
2006-02-04,25.814951342994604,23.0,30.3
2006-02-05,0.8314830366197999,0.7,1.0
2006-02-06,0.0,0.0,0.0
2006-02-07,0.0,0.0,0.0
2006-02-08,0.0,0.0,0.0
2006-02-09,0.0,0.0,0.0
2006-02-10,0.0,0.0,0.0
2006-02-11,0.0,0.0,0.0
2006-02-12,0.0,0.0,0.0
2006-02-13,0.0,0.0,0.0
2006-02-14,5.805320823940508,5.2,6.8
2006-02-15,0.0,0.0,0.0
2006-02-16,0.0,0.0,0.0
2006-02-17,0.0,0.0,0.0
2006-02-18,0.0,0.0,0.0
2006-02-19,0.0,0.0,0.0
2006-02-20,0.8314830366197999,0.7,1.0
2006-02-21,0.0,0.0,0.0
2006-02-22,0.5239073418766915,0.5,0.6
2006-02-23,1.3505209767182442,1.2,1.6
2006-02-24,1.8655027377902302,1.7,2.2
2006-02-25,0.0,0.0,0.0
2006-02-26,1.5533089010207093,1.4,1.8
2006-02-27,44.78802387019889,40.0,52.6
2006-02-28,38.46204991457762,34.3,45.2
2006-03-01,2.911062227474452,2.5,3.4
2006-03-02,2.391367969723704,2.1,2.8
2006-03-03,1.0384788123748134,0.9,1.2
2006-03-04,0.5238379522193082,0.5,0.6
2006-03-05,1.0384788123748134,0.9,1.2
2006-03-06,6.339433754860957,5.5,7.3
2006-03-07,15.278713530348085,13.3,17.7
2006-03-08,28.273394634578338,24.6,32.8
2006-03-09,17.672760690890517,15.3,20.5
2006-03-10,15.799624302213614,13.7,18.3
2006-03-11,1.0384788123748134,0.9,1.2
2006-03-12,1.5599796257167495,1.4,1.8
2006-03-13,2.0823911234136716,1.8,2.4
2006-03-14,2.0823911234136716,1.8,2.4
2006-03-15,2.911062227474452,2.5,3.4
2006-03-16,13.512564096167427,11.7,15.7
2006-03-17,12.68006570213285,11.0,14.7
2006-03-18,4.263132612662233,3.7,4.9
2006-03-19,0.0,0.0,0.0
2006-03-20,2.391367969723704,2.1,2.8
2006-03-21,10.082362700446085,8.8,11.7
2006-03-22,0.8326670428531628,0.7,1.0
2006-03-23,0.5238379522193082,0.5,0.6
2006-03-24,8.732610046713324,7.6,10.1
2006-03-25,20.37289881224354,17.7,23.6
2006-03-26,2.391367969723704,2.1,2.8
2006-03-27,0.5238379522193082,0.5,0.6
2006-03-28,3.117496046760148,2.7,3.6
2006-03-29,5.298543331482658,4.6,6.1
2006-03-30,2.391367969723704,2.1,2.8
2006-03-31,7.8977338540515465,6.9,9.2
2006-04-01,9.778760725633513,8.2,12.2
2006-04-02,3.4292735504833476,2.9,4.3
2006-04-03,4.2649401217265135,3.6,5.3
2006-04-04,0.8223577881004663,0.7,1.0
2006-04-05,10.82098469705074,9.1,13.5
2006-04-06,0.0,0.0,0.0
2006-04-07,0.5219298615397068,0.4,0.6
2006-04-08,10.300793937778892,8.7,12.9
2006-04-09,9.778760725633513,8.2,12.2
2006-04-10,6.870559070907082,5.8,8.6
2006-04-11,2.3929175267652467,2.0,3.0
2006-04-12,0.5219298615397068,0.4,0.6
2006-04-13,3.9529497159515485,3.3,4.9
2006-04-14,19.24996175168811,16.2,24.0
2006-04-15,31.945687096710675,26.9,39.9
2006-04-16,6.349270676349731,5.4,7.9
2006-04-17,9.778760725633513,8.2,12.2
2006-04-18,0.0,0.0,0.0
2006-04-19,0.0,0.0,0.0
2006-04-20,0.0,0.0,0.0
2006-04-21,1.8721610461114937,1.6,2.3
2006-04-22,0.0,0.0,0.0
2006-04-23,0.0,0.0,0.0
2006-04-24,0.0,0.0,0.0
2006-04-25,0.0,0.0,0.0
2006-04-26,0.0,0.0,0.0
2006-04-27,0.0,0.0,0.0
2006-04-28,0.0,0.0,0.0
2006-04-29,1.034243375508953,0.9,1.3
2006-04-30,0.0,0.0,0.0
2006-05-01,0.0,0.0,0.0
2006-05-02,0.0,0.0,0.0
2006-05-03,0.0,0.0,0.0
2006-05-04,0.0,0.0,0.0
2006-05-05,0.0,0.0,0.0
2006-05-06,0.0,0.0,0.0
2006-05-07,14.679133135243855,12.1,18.1
2006-05-08,2.464533267900699,2.0,3.0
2006-05-09,0.0,0.0,0.0
2006-05-10,0.0,0.0,0.0
2006-05-11,0.0,0.0,0.0
2006-05-12,0.0,0.0,0.0
2006-05-13,0.0,0.0,0.0
2006-05-14,0.0,0.0,0.0
2006-05-15,0.0,0.0,0.0
2006-05-16,0.0,0.0,0.0
2006-05-17,0.0,0.0,0.0
2006-05-18,0.0,0.0,0.0
2006-05-19,6.7495418708729,5.6,8.3
2006-05-20,7.607448992209961,6.3,9.4
2006-05-21,4.928448407685242,4.1,6.1
2006-05-22,4.928448407685242,4.1,6.1
2006-05-23,12.001061055551528,9.9,14.8
2006-05-24,10.394711808023029,8.6,12.8
2006-05-25,12.538123707321503,10.3,15.5
2006-05-26,13.607814701386106,11.2,16.8
2006-05-27,13.607814701386106,11.2,16.8
2006-05-28,12.538123707321503,10.3,15.5
2006-05-29,0.5419813631275823,0.4,0.7
2006-05-30,0.0,0.0,0.0
2006-05-31,0.5419813631275823,0.4,0.7
2006-06-01,12.760496421194258,9.6,16.5
2006-06-02,24.560795104803834,18.6,31.7
2006-06-03,0.5365764392684496,0.4,0.7
2006-06-04,16.2995263948944,12.3,21.0
2006-06-05,0.0,0.0,0.0
2006-06-06,0.0,0.0,0.0
2006-06-07,0.0,0.0,0.0
2006-06-08,0.0,0.0,0.0
2006-06-09,0.32234129497515424,0.2,0.4
2006-06-10,0.5365764392684496,0.4,0.7
2006-06-11,4.9341470110528745,3.7,6.4
2006-06-12,6.541689394646138,4.9,8.4
2006-06-13,9.757885986561059,7.4,12.6
2006-06-14,2.1447836434041982,1.6,2.8
2006-06-15,1.611074474052649,1.2,2.1
2006-06-16,1.611074474052649,1.2,2.1
2006-06-17,0.0,0.0,0.0
2006-06-18,0.0,0.0,0.0
2006-06-19,0.0,0.0,0.0
2006-06-20,0.0,0.0,0.0
2006-06-21,0.0,0.0,0.0
2006-06-22,0.0,0.0,0.0
2006-06-23,0.0,0.0,0.0
2006-06-24,0.0,0.0,0.0
2006-06-25,0.0,0.0,0.0
2006-06-26,0.0,0.0,0.0
2006-06-27,0.0,0.0,0.0
2006-06-28,0.0,0.0,0.0
2006-06-29,17.15918095159292,13.0,22.1
2006-06-30,4.9341470110528745,3.7,6.4
2006-07-01,0.0,0.0,0.0
2006-07-02,0.0,0.0,0.0
2006-07-03,3.14948425432249,2.1,4.5
2006-07-04,0.0,0.0,0.0
2006-07-05,0.0,0.0,0.0
2006-07-06,1.6890662546574464,1.2,2.4
2006-07-07,0.0,0.0,0.0
2006-07-08,0.0,0.0,0.0
2006-07-09,0.0,0.0,0.0
2006-07-10,0.0,0.0,0.0
2006-07-11,0.5631077962392734,0.4,0.8
2006-07-12,1.6890662546574464,1.2,2.4
2006-07-13,0.0,0.0,0.0
2006-07-14,0.0,0.0,0.0
2006-07-15,0.0,0.0,0.0
2006-07-16,0.0,0.0,0.0
2006-07-17,0.0,0.0,0.0
2006-07-18,0.0,0.0,0.0
2006-07-19,0.0,0.0,0.0
2006-07-20,0.0,0.0,0.0
2006-07-21,0.0,0.0,0.0
2006-07-22,0.0,0.0,0.0
2006-07-23,0.0,0.0,0.0
2006-07-24,0.0,0.0,0.0
2006-07-25,0.0,0.0,0.0
2006-07-26,0.0,0.0,0.0
2006-07-27,0.0,0.0,0.0
2006-07-28,0.0,0.0,0.0
2006-07-29,0.0,0.0,0.0
2006-07-30,0.0,0.0,0.0
2006-07-31,0.0,0.0,0.0
2006-08-01,0.0,0.0,0.0
2006-08-02,0.0,0.0,0.0
2006-08-03,0.0,0.0,0.0
2006-08-04,0.0,0.0,0.0
2006-08-05,0.0,0.0,0.0
2006-08-06,0.0,0.0,0.0
2006-08-07,5.590740564836808,4.5,7.0
2006-08-08,3.1640691207910336,2.5,4.0
2006-08-09,0.0,0.0,0.0
2006-08-10,0.0,0.0,0.0
2006-08-11,0.0,0.0,0.0
2006-08-12,0.0,0.0,0.0
2006-08-13,0.0,0.0,0.0
2006-08-14,0.0,0.0,0.0
2006-08-15,0.0,0.0,0.0
2006-08-16,0.0,0.0,0.0
2006-08-17,0.0,0.0,0.0
2006-08-18,0.0,0.0,0.0
2006-08-19,0.0,0.0,0.0
2006-08-20,0.0,0.0,0.0
2006-08-21,0.0,0.0,0.0
2006-08-22,0.0,0.0,0.0
2006-08-23,0.0,0.0,0.0
2006-08-24,0.0,0.0,0.0
2006-08-25,0.0,0.0,0.0
2006-08-26,0.0,0.0,0.0
2006-08-27,0.0,0.0,0.0
2006-08-28,0.0,0.0,0.0
2006-08-29,0.0,0.0,0.0
2006-08-30,0.5260560849199707,0.4,0.7
2006-08-31,0.0,0.0,0.0
2006-09-01,0.0,0.0,0.0
2006-09-02,0.0,0.0,0.0
2006-09-03,0.0,0.0,0.0
2006-09-04,0.0,0.0,0.0
2006-09-05,0.0,0.0,0.0
2006-09-06,0.0,0.0,0.0
2006-09-07,0.0,0.0,0.0
2006-09-08,0.0,0.0,0.0
2006-09-09,0.0,0.0,0.0
2006-09-10,0.0,0.0,0.0
2006-09-11,0.0,0.0,0.0
2006-09-12,0.0,0.0,0.0
2006-09-13,0.0,0.0,0.0
2006-09-14,3.496735502417137,3.1,4.2
2006-09-15,10.501820921361292,9.2,12.6
2006-09-16,0.8489141165968944,0.7,1.0
2006-09-17,0.0,0.0,0.0
2006-09-18,2.9697829274830503,2.6,3.6
2006-09-19,6.152648508250529,5.4,7.4
2006-09-20,11.882714576099088,10.4,14.2
2006-09-21,6.152648508250529,5.4,7.4
2006-09-22,0.5285506219599676,0.5,0.6
2006-09-23,0.0,0.0,0.0
2006-09-24,0.0,0.0,0.0
2006-09-25,0.0,0.0,0.0
2006-09-26,0.0,0.0,0.0
2006-09-27,0.0,0.0,0.0
2006-09-28,0.0,0.0,0.0
2006-09-29,0.0,0.0,0.0
2006-09-30,0.0,0.0,0.0
2006-10-01,0.0,0.0,0.0
2006-10-02,0.0,0.0,0.0
2006-10-03,0.0,0.0,0.0
2006-10-04,0.0,0.0,0.0
2006-10-05,0.0,0.0,0.0
2006-10-06,0.0,0.0,0.0
2006-10-07,0.0,0.0,0.0
2006-10-08,0.0,0.0,0.0
2006-10-09,0.0,0.0,0.0
2006-10-10,0.0,0.0,0.0
2006-10-11,0.0,0.0,0.0
2006-10-12,0.0,0.0,0.0
2006-10-13,0.0,0.0,0.0
2006-10-14,0.0,0.0,0.0
2006-10-15,20.108279419926568,18.0,23.2
2006-10-16,27.82312111678083,24.9,32.1
2006-10-17,1.3176596539264918,1.2,1.5
2006-10-18,2.336811555284084,2.1,2.7
2006-10-19,9.54372571276277,8.5,11.0
2006-10-20,0.0,0.0,0.0
2006-10-21,0.0,0.0,0.0
2006-10-22,0.0,0.0,0.0
2006-10-23,0.0,0.0,0.0
2006-10-24,14.723702967204995,13.2,17.0
2006-10-25,1.012186654700797,0.9,1.2
2006-10-26,0.0,0.0,0.0
2006-10-27,0.0,0.0,0.0
2006-10-28,0.0,0.0,0.0
2006-10-29,2.336811555284084,2.1,2.7
2006-10-30,0.0,0.0,0.0
2006-10-31,0.0,0.0,0.0
2006-11-01,0.8224105197339383,0.7,0.9
2006-11-02,20.177720586081634,17.9,23.3
2006-11-03,27.919792563438858,24.7,32.2
2006-11-04,13.246775014407405,11.7,15.3
2006-11-05,60.324310625076386,53.5,69.6
2006-11-06,8.764618989050112,7.8,10.1
2006-11-07,109.74494384321034,97.3,126.7
2006-11-08,14.981209577598035,13.3,17.3
2006-11-09,7.743270187727425,6.9,8.9
2006-11-10,26.392879985394885,23.4,30.5
2006-11-11,9.884721421448134,8.8,11.4
2006-11-12,19.66688315948069,17.4,22.7
2006-11-13,46.05883367187613,40.8,53.2
2006-11-14,3.869254915635428,3.4,4.5
2006-11-15,35.457801994397954,31.4,40.9
2006-11-16,8.049353795040053,7.1,9.3
2006-11-17,0.0,0.0,0.0
2006-11-18,0.0,0.0,0.0
2006-11-19,26.69820048933415,23.7,30.8
2006-11-20,5.196552646196403,4.6,6.0
2006-11-21,14.981209577598035,13.3,17.3
2006-11-22,44.226430301884264,39.2,51.1
2006-11-23,24.864375561165442,22.0,28.7
2006-11-24,29.24449778759957,25.9,33.8
2006-11-25,4.891378750173757,4.3,5.6
2006-11-26,38.00804379615385,33.7,43.9
2006-11-27,11.919687085477978,10.6,13.8
2006-11-28,7.030779370212084,6.2,8.1
2006-11-29,4.891378750173757,4.3,5.6
2006-11-30,11.615257190713658,10.3,13.4
2006-12-01,0.0,0.0,0.0
2006-12-02,0.0,0.0,0.0
2006-12-03,0.0,0.0,0.0
2006-12-04,0.0,0.0,0.0
2006-12-05,0.0,0.0,0.0
2006-12-06,0.0,0.0,0.0
2006-12-07,0.8250214686548502,0.7,1.0
2006-12-08,0.0,0.0,0.0
2006-12-09,3.9043422258522424,3.5,4.6
2006-12-10,5.444932564799191,4.9,6.4
2006-12-11,27.955281370725984,24.9,33.1
2006-12-12,11.206899476605313,10.0,13.3
2006-12-13,55.294976236805624,49.3,65.5
2006-12-14,61.562472628056916,54.9,72.9
2006-12-15,19.01439762982262,17.0,22.5
2006-12-16,0.0,0.0,0.0
2006-12-17,0.0,0.0,0.0
2006-12-18,0.0,0.0,0.0
2006-12-19,0.0,0.0,0.0
2006-12-20,2.05771316793035,1.8,2.4
2006-12-21,16.138245534733667,14.4,19.1
2006-12-22,4.9326543195384165,4.4,5.8
2006-12-23,31.55444235358824,28.1,37.4
2006-12-24,9.659693596850222,8.6,11.4
2006-12-25,60.32745341443121,53.8,71.4
2006-12-26,29.496428773062007,26.3,34.9
2006-12-27,18.8085945101305,16.8,22.3
2006-12-28,1.0278570715099267,0.9,1.2
2006-12-29,0.0,0.0,0.0
2006-12-30,0.0,0.0,0.0
2006-12-31,0.0,0.0,0.0
2007-01-01,0.0,0.0,0.0
2007-01-02,10.69590803797736,9.4,13.0
2007-01-03,87.01897695700434,76.5,105.4
2007-01-04,7.8168470564832555,6.9,9.5
2007-01-05,2.3621094201149715,2.1,2.9
2007-01-06,21.188248883318106,18.6,25.7
2007-01-07,16.969794628753,14.9,20.6
2007-01-08,5.966613259656421,5.2,7.2
2007-01-09,11.72730863019517,10.3,14.2
2007-01-10,13.372033830923293,11.8,16.2
2007-01-11,3.3932089499384506,3.0,4.1
2007-01-12,0.0,0.0,0.0
2007-01-13,0.0,0.0,0.0
2007-01-14,0.0,0.0,0.0
2007-01-15,1.3363819911659414,1.2,1.6
2007-01-16,6.790395379822047,6.0,8.2
2007-01-17,3.3932089499384506,3.0,4.1
2007-01-18,3.085191779194179,2.7,3.7
2007-01-19,8.128704562149975,7.1,9.8
2007-01-20,2.8774864463963143,2.5,3.5
2007-01-21,0.0,0.0,0.0
2007-01-22,0.0,0.0,0.0
2007-01-23,0.0,0.0,0.0
2007-01-24,0.0,0.0,0.0
2007-01-25,0.0,0.0,0.0
2007-01-26,0.0,0.0,0.0
2007-01-27,0.0,0.0,0.0
2007-01-28,0.0,0.0,0.0
2007-01-29,0.0,0.0,0.0
2007-01-30,0.0,0.0,0.0
2007-01-31,0.0,0.0,0.0
2007-02-01,0.0,0.0,0.0
2007-02-02,0.0,0.0,0.0
2007-02-03,0.0,0.0,0.0
2007-02-04,0.0,0.0,0.0
2007-02-05,0.0,0.0,0.0
2007-02-06,0.0,0.0,0.0
2007-02-07,6.8431118001732,6.1,8.0
2007-02-08,3.7325287517035575,3.3,4.4
2007-02-09,3.108497650978627,2.8,3.7
2007-02-10,6.8431118001732,6.1,8.0
2007-02-11,13.685127271188419,12.2,16.1
2007-02-12,2.3826250818737873,2.1,2.8
2007-02-13,4.974485128611602,4.4,5.8
2007-02-14,11.612566708422476,10.4,13.6
2007-02-15,76.61535564170846,68.4,90.0
2007-02-16,17.623548775585444,15.7,20.7
2007-02-17,0.0,0.0,0.0
2007-02-18,12.855057293120582,11.5,15.1
2007-02-19,6.324606276837453,5.6,7.4
2007-02-20,31.82949260602841,28.4,37.4
2007-02-21,10.783516002886671,9.6,12.7
2007-02-22,10.57496006270196,9.4,12.4
2007-02-23,8.917254405004872,8.0,10.5
2007-02-24,28.405252206531028,25.3,33.4
2007-02-25,16.068061248956365,14.3,18.9
2007-02-26,6.324606276837453,5.6,7.4
2007-02-27,8.397837852823,7.5,9.9
2007-02-28,7.879347994854249,7.0,9.3
2007-03-01,13.203727496932967,11.5,15.3
2007-03-02,22.658642920114534,19.7,26.3
2007-03-03,5.298543331482658,4.6,6.1
2007-03-04,0.0,0.0,0.0
2007-03-05,0.0,0.0,0.0
2007-03-06,0.0,0.0,0.0
2007-03-07,14.032948165578183,12.2,16.3
2007-03-08,0.5238379522193082,0.5,0.6
2007-03-09,12.889638797290347,11.2,14.9
2007-03-10,0.5238379522193082,0.5,0.6
2007-03-11,0.0,0.0,0.0
2007-03-12,14.032948165578183,12.2,16.3
2007-03-13,1.5599796257167495,1.4,1.8
2007-03-14,0.3087252518630193,0.3,0.4
2007-03-15,0.0,0.0,0.0
2007-03-16,0.0,0.0,0.0
2007-03-17,0.5238379522193082,0.5,0.6
2007-03-18,1.0384788123748134,0.9,1.2
2007-03-19,20.581539493982035,17.9,23.8
2007-03-20,11.850199651388035,10.3,13.7
2007-03-21,0.8326670428531628,0.7,1.0
2007-03-22,0.0,0.0,0.0
2007-03-23,0.0,0.0,0.0
2007-03-24,0.8326670428531628,0.7,1.0
2007-03-25,41.47567216669348,36.0,48.1
2007-03-26,10.811377650740914,9.4,12.5
2007-03-27,3.9532228598700514,3.4,4.6
2007-03-28,0.3087252518630193,0.3,0.4
2007-03-29,0.0,0.0,0.0
2007-03-30,0.5238379522193082,0.5,0.6
2007-03-31,3.7415260095214737,3.2,4.3
2007-04-01,0.0,0.0,0.0
2007-04-02,0.0,0.0,0.0
2007-04-03,0.0,0.0,0.0
2007-04-04,0.8223577881004663,0.7,1.0
2007-04-05,0.0,0.0,0.0
2007-04-06,0.5219298615397068,0.4,0.6
2007-04-07,14.044742639163232,11.8,17.5
2007-04-08,20.083893454149262,16.9,25.1
2007-04-09,27.784463072689164,23.4,34.7
2007-04-10,0.0,0.0,0.0
2007-04-11,12.173956782068801,10.3,15.2
2007-04-12,2.916511558036748,2.5,3.6
2007-04-13,0.0,0.0,0.0
2007-04-14,11.134191432449974,9.4,13.9
2007-04-15,1.3514360839475588,1.1,1.7
2007-04-16,6.033755688715984,5.1,7.5
2007-04-17,10.61492100165222,8.9,13.3
2007-04-18,10.300793937778892,8.7,12.9
2007-04-19,0.5219298615397068,0.4,0.6
2007-04-20,0.0,0.0,0.0
2007-04-21,17.165310382757085,14.5,21.4
2007-04-22,7.38579487378253,6.2,9.2
2007-04-23,0.0,0.0,0.0
2007-04-24,0.0,0.0,0.0
2007-04-25,1.034243375508953,0.9,1.3
2007-04-26,0.0,0.0,0.0
2007-04-27,0.0,0.0,0.0
2007-04-28,0.0,0.0,0.0
2007-04-29,0.0,0.0,0.0
2007-04-30,0.0,0.0,0.0
2007-05-01,1.9298040113200767,1.6,2.4
2007-05-02,21.750345282974322,17.9,26.8
2007-05-03,11.678919436454299,9.6,14.4
2007-05-04,2.999324070842921,2.5,3.7
2007-05-05,0.0,0.0,0.0
2007-05-06,0.0,0.0,0.0
2007-05-07,0.0,0.0,0.0
2007-05-08,0.0,0.0,0.0
2007-05-09,0.0,0.0,0.0
2007-05-10,0.0,0.0,0.0
2007-05-11,0.0,0.0,0.0
2007-05-12,1.3942838977888599,1.1,1.7
2007-05-13,0.0,0.0,0.0
2007-05-14,0.0,0.0,0.0
2007-05-15,0.0,0.0,0.0
2007-05-16,0.0,0.0,0.0
2007-05-17,0.0,0.0,0.0
2007-05-18,0.0,0.0,0.0
2007-05-19,1.9298040113200767,1.6,2.4
2007-05-20,18.75251901060448,15.4,23.1
2007-05-21,7.607448992209961,6.3,9.4
2007-05-22,0.0,0.0,0.0
2007-05-23,1.9298040113200767,1.6,2.4
2007-05-24,0.0,0.0,0.0
2007-05-25,0.0,0.0,0.0
2007-05-26,0.0,0.0,0.0
2007-05-27,0.0,0.0,0.0
2007-05-28,0.0,0.0,0.0
2007-05-29,0.0,0.0,0.0
2007-05-30,0.0,0.0,0.0
2007-05-31,0.0,0.0,0.0
2007-06-01,0.0,0.0,0.0
2007-06-02,0.5365764392684496,0.4,0.7
2007-06-03,0.0,0.0,0.0
2007-06-04,4.9341470110528745,3.7,6.4
2007-06-05,22.09320518992384,16.7,28.5
2007-06-06,8.472823190725213,6.4,10.9
2007-06-07,0.5365764392684496,0.4,0.7
2007-06-08,0.0,0.0,0.0
2007-06-09,6.006310177988937,4.5,7.7
2007-06-10,5.144779200937955,3.9,6.6
2007-06-11,0.0,0.0,0.0
2007-06-12,0.0,0.0,0.0
2007-06-13,0.0,0.0,0.0
2007-06-14,0.0,0.0,0.0
2007-06-15,0.0,0.0,0.0
2007-06-16,0.32234129497515424,0.2,0.4
2007-06-17,0.0,0.0,0.0
2007-06-18,0.0,0.0,0.0
2007-06-19,0.0,0.0,0.0
2007-06-20,0.0,0.0,0.0
2007-06-21,0.0,0.0,0.0
2007-06-22,0.0,0.0,0.0
2007-06-23,0.0,0.0,0.0
2007-06-24,1.0689166253413362,0.8,1.4
2007-06-25,0.0,0.0,0.0
2007-06-26,0.0,0.0,0.0
2007-06-27,0.0,0.0,0.0
2007-06-28,6.754687472908059,5.1,8.7
2007-06-29,9.010171879525014,6.8,11.6
2007-06-30,0.32234129497515424,0.2,0.4
2007-07-01,0.0,0.0,0.0
2007-07-02,0.0,0.0,0.0
2007-07-03,0.0,0.0,0.0
2007-07-04,0.0,0.0,0.0
2007-07-05,0.0,0.0,0.0
2007-07-06,0.0,0.0,0.0
2007-07-07,0.0,0.0,0.0
2007-07-08,0.0,0.0,0.0
2007-07-09,0.0,0.0,0.0
2007-07-10,0.0,0.0,0.0
2007-07-11,0.0,0.0,0.0
2007-07-12,0.0,0.0,0.0
2007-07-13,0.0,0.0,0.0
2007-07-14,0.0,0.0,0.0
2007-07-15,0.0,0.0,0.0
2007-07-16,0.0,0.0,0.0
2007-07-17,2.2513670322506725,1.5,3.2
2007-07-18,17.670174331452916,12.0,25.1
2007-07-19,3.7166719031495994,2.5,5.3
2007-07-20,1.6890662546574464,1.2,2.4
2007-07-21,0.0,0.0,0.0
2007-07-22,0.0,0.0,0.0
2007-07-23,0.0,0.0,0.0
2007-07-24,0.0,0.0,0.0
2007-07-25,0.0,0.0,0.0
2007-07-26,0.0,0.0,0.0
2007-07-27,0.0,0.0,0.0
2007-07-28,0.0,0.0,0.0
2007-07-29,0.0,0.0,0.0
2007-07-30,0.0,0.0,0.0
2007-07-31,0.0,0.0,0.0
2007-08-01,0.0,0.0,0.0
2007-08-02,0.0,0.0,0.0
2007-08-03,0.0,0.0,0.0
2007-08-04,0.0,0.0,0.0
2007-08-05,0.0,0.0,0.0
2007-08-06,0.0,0.0,0.0
2007-08-07,0.0,0.0,0.0
2007-08-08,0.0,0.0,0.0
2007-08-09,0.0,0.0,0.0
2007-08-10,0.0,0.0,0.0
2007-08-11,0.0,0.0,0.0
2007-08-12,0.0,0.0,0.0
2007-08-13,0.0,0.0,0.0
2007-08-14,0.0,0.0,0.0
2007-08-15,0.0,0.0,0.0
2007-08-16,0.0,0.0,0.0
2007-08-17,0.0,0.0,0.0
2007-08-18,0.0,0.0,0.0
2007-08-19,13.710608416731482,11.0,17.2
2007-08-20,13.39462224032805,10.8,16.8
2007-08-21,0.0,0.0,0.0
2007-08-22,0.0,0.0,0.0
2007-08-23,0.0,0.0,0.0
2007-08-24,0.0,0.0,0.0
2007-08-25,0.0,0.0,0.0
2007-08-26,0.0,0.0,0.0
2007-08-27,0.0,0.0,0.0
2007-08-28,0.0,0.0,0.0
2007-08-29,0.0,0.0,0.0
2007-08-30,3.479142640586914,2.8,4.4
2007-08-31,0.8419702643089455,0.7,1.1
2007-09-01,0.0,0.0,0.0
2007-09-02,0.0,0.0,0.0
2007-09-03,0.31328755530511265,0.3,0.4
2007-09-04,7.847917391091251,6.9,9.4
2007-09-05,0.0,0.0,0.0
2007-09-06,0.0,0.0,0.0
2007-09-07,0.0,0.0,0.0
2007-09-08,0.0,0.0,0.0
2007-09-09,0.0,0.0,0.0
2007-09-10,0.0,0.0,0.0
2007-09-11,0.0,0.0,0.0
2007-09-12,0.0,0.0,0.0
2007-09-13,0.0,0.0,0.0
2007-09-14,0.0,0.0,0.0
2007-09-15,0.0,0.0,0.0
2007-09-16,0.5285506219599676,0.5,0.6
2007-09-17,2.4397292760092695,2.1,2.9
2007-09-18,0.0,0.0,0.0
2007-09-19,0.0,0.0,0.0
2007-09-20,0.0,0.0,0.0
2007-09-21,0.0,0.0,0.0
2007-09-22,0.5285506219599676,0.5,0.6
2007-09-23,0.0,0.0,0.0
2007-09-24,0.0,0.0,0.0
2007-09-25,0.0,0.0,0.0
2007-09-26,0.0,0.0,0.0
2007-09-27,0.0,0.0,0.0
2007-09-28,23.76129280143162,20.8,28.4
2007-09-29,1.0641082899228242,0.9,1.3
2007-09-30,35.53904490926838,31.1,42.5
2007-10-01,12.083797197448705,10.8,13.9
2007-10-02,8.528943292873532,7.6,9.8
2007-10-03,16.24621259263015,14.5,18.8
2007-10-04,14.420280258395128,12.9,16.6
2007-10-05,0.5175549971932952,0.5,0.6
2007-10-06,0.8162745007890809,0.7,0.9
2007-10-07,1.012186654700797,0.9,1.2
2007-10-08,0.0,0.0,0.0
2007-10-09,0.5175549971932952,0.5,0.6
2007-10-10,8.528943292873532,7.6,9.8
2007-10-11,2.035229509953034,1.8,2.3
2007-10-12,0.0,0.0,0.0
2007-10-13,0.0,0.0,0.0
2007-10-14,0.0,0.0,0.0
2007-10-15,5.891391166548533,5.3,6.8
2007-10-16,10.357607392825457,9.3,12.0
2007-10-17,9.54372571276277,8.5,11.0
2007-10-18,42.04216790426059,37.6,48.5
2007-10-19,68.34404192623639,61.1,78.9
2007-10-20,35.84737916695905,32.1,41.4
2007-10-21,1.012186654700797,0.9,1.2
2007-10-22,0.0,0.0,0.0
2007-10-23,0.0,0.0,0.0
2007-10-24,0.5175549971932952,0.5,0.6
2007-10-25,0.0,0.0,0.0
2007-10-26,0.0,0.0,0.0
2007-10-27,0.0,0.0,0.0
2007-10-28,0.0,0.0,0.0
2007-10-29,2.843023982689109,2.5,3.3
2007-10-30,0.0,0.0,0.0
2007-10-31,0.0,0.0,0.0
2007-11-01,0.0,0.0,0.0
2007-11-02,1.8344703151662853,1.6,2.1
2007-11-03,1.8344703151662853,1.6,2.1
2007-11-04,0.0,0.0,0.0
2007-11-05,0.0,0.0,0.0
2007-11-06,0.0,0.0,0.0
2007-11-07,0.0,0.0,0.0
2007-11-08,0.0,0.0,0.0
2007-11-09,0.0,0.0,0.0
2007-11-10,0.0,0.0,0.0
2007-11-11,0.0,0.0,0.0
2007-11-12,0.0,0.0,0.0
2007-11-13,9.271405131337488,8.2,10.7
2007-11-14,1.3215208868893238,1.2,1.5
2007-11-15,18.851064823729434,16.7,21.8
2007-11-16,30.567883819695496,27.1,35.3
2007-11-17,22.51812970146725,20.0,26.0
2007-11-18,1.3215208868893238,1.2,1.5
2007-11-19,14.471042197682335,12.8,16.7
2007-11-20,60.324310625076386,53.5,69.6
2007-11-21,53.59998890934466,47.5,61.9
2007-11-22,46.57070587311016,41.3,53.8
2007-11-23,22.008607540385224,19.5,25.4
2007-11-24,0.0,0.0,0.0
2007-11-25,0.0,0.0,0.0
2007-11-26,0.0,0.0,0.0
2007-11-27,0.0,0.0,0.0
2007-11-28,0.0,0.0,0.0
2007-11-29,0.0,0.0,0.0
2007-11-30,13.449327672489567,11.9,15.5
2007-12-01,12.542493709608213,11.2,14.8
2007-12-02,23.22453692962922,20.7,27.5
2007-12-03,20.34874337307629,18.2,24.1
2007-12-04,0.0,0.0,0.0
2007-12-05,9.96817607715765,8.9,11.8
2007-12-06,11.71818849353243,10.5,13.9
2007-12-07,7.0915186788807425,6.3,8.4
2007-12-08,15.93151245714228,14.2,18.9
2007-12-09,14.081586246816762,12.6,16.7
2007-12-10,6.784458734713125,6.1,8.0
2007-12-11,11.71818849353243,10.5,13.9
2007-12-12,2.05771316793035,1.8,2.4
2007-12-13,1.0278570715099267,0.9,1.2
2007-12-14,0.5159429092965292,0.5,0.6
2007-12-15,0.0,0.0,0.0
2007-12-16,0.0,0.0,0.0
2007-12-17,0.0,0.0,0.0
2007-12-18,5.960342085900678,5.3,7.1
2007-12-19,4.9326543195384165,4.4,5.8
2007-12-20,14.595282944936175,13.0,17.3
2007-12-21,15.41838621021907,13.8,18.3
2007-12-22,26.411602694880667,23.6,31.3
2007-12-23,53.54751828423432,47.8,63.4
2007-12-24,27.439844256047888,24.5,32.5
2007-12-25,3.0834608467539826,2.8,3.7
2007-12-26,18.49820573833413,16.5,21.9
2007-12-27,82.01817635797508,73.2,97.1
2007-12-28,25.592905490800117,22.8,30.3
2007-12-29,22.201812939289464,19.8,26.3
2007-12-30,16.957479567022645,15.1,20.1
2007-12-31,41.52349908886175,37.0,49.2
2008-01-01,2.8774864463963143,2.5,3.5
2008-01-02,2.8774864463963143,2.5,3.5
2008-01-03,2.056949563330548,1.8,2.5
2008-01-04,14.913652737132269,13.1,18.1
2008-01-05,12.034093467987681,10.6,14.6
2008-01-06,18.821760509044918,16.5,22.8
2008-01-07,3.702299592609028,3.3,4.5
2008-01-08,53.07464155860719,46.6,64.3
2008-01-09,6.790395379822047,6.0,8.2
2008-01-10,49.37228483108228,43.4,59.8
2008-01-11,15.428928866695022,13.6,18.7
2008-01-12,19.338025865308673,17.0,23.4
2008-01-13,0.0,0.0,0.0
2008-01-14,15.941627028689512,14.0,19.3
2008-01-15,0.82673967614764,0.7,1.0
2008-01-16,0.0,0.0,0.0
2008-01-17,0.0,0.0,0.0
2008-01-18,0.0,0.0,0.0
2008-01-19,2.5706361405943094,2.3,3.1
2008-01-20,8.33139763220631,7.3,10.1
2008-01-21,0.3045858088395509,0.3,0.4
2008-01-22,0.0,0.0,0.0
2008-01-23,0.0,0.0,0.0
2008-01-24,0.0,0.0,0.0
2008-01-25,0.0,0.0,0.0
2008-01-26,27.66734757271383,24.3,33.5
2008-01-27,27.461220037067253,24.1,33.3
2008-01-28,5.762017983024978,5.1,7.0
2008-01-29,31.580379115595594,27.8,38.2
2008-01-30,18.307616137349243,16.1,22.2
2008-01-31,55.64548602980693,48.9,67.4
2008-02-01,15.239207767044057,13.6,17.9
2008-02-02,24.779682990441664,22.1,29.1
2008-02-03,9.74521547855157,8.7,11.4
2008-02-04,6.01253031970965,5.4,7.1
2008-02-05,28.716886364391094,25.6,33.7
2008-02-06,6.324606276837453,5.6,7.4
2008-02-07,50.27896358356461,44.9,59.0
2008-02-08,7.36005487172342,6.6,8.6
2008-02-09,1.3505209767182442,1.2,1.6
2008-02-10,2.5921669916039836,2.3,3.0
2008-02-11,1.0367530930161,0.9,1.2
2008-02-12,0.0,0.0,0.0
2008-02-13,4.770581281605633,4.3,5.6
2008-02-14,0.0,0.0,0.0
2008-02-15,0.0,0.0,0.0
2008-02-16,0.0,0.0,0.0
2008-02-17,0.0,0.0,0.0
2008-02-18,0.0,0.0,0.0
2008-02-19,0.8314830366197999,0.7,1.0
2008-02-20,1.3505209767182442,1.2,1.6
2008-02-21,0.0,0.0,0.0
2008-02-22,2.0711372086637656,1.8,2.4
2008-02-23,1.5533089010207093,1.4,1.8
2008-02-24,3.108497650978627,2.8,3.7
2008-02-25,11.612566708422476,10.4,13.6
2008-02-26,0.3042251560095856,0.3,0.4
2008-02-27,0.5239073418766915,0.5,0.6
2008-02-28,0.0,0.0,0.0
2008-02-29,12.338859364057608,11.0,14.5
2008-03-01,23.491681407676325,20.4,27.2
2008-03-02,1.0384788123748134,0.9,1.2
2008-03-03,4.263132612662233,3.7,4.9
2008-03-04,1.0384788123748134,0.9,1.2
2008-03-05,0.0,0.0,0.0
2008-03-06,0.0,0.0,0.0
2008-03-07,7.689955869542807,6.7,8.9
2008-03-08,9.25225566264241,8.0,10.7
2008-03-09,1.5599796257167495,1.4,1.8
2008-03-10,8.732610046713324,7.6,10.1
2008-03-11,2.911062227474452,2.5,3.4
2008-03-12,4.470516802987741,3.9,5.2
2008-03-13,20.581539493982035,17.9,23.8
2008-03-14,24.844010709788556,21.6,28.8
2008-03-15,14.032948165578183,12.2,16.3
2008-03-16,5.509875775517298,4.8,6.4
2008-03-17,16.631325783763867,14.4,19.3
2008-03-18,39.91527018178456,34.7,46.2
2008-03-19,15.593304112757208,13.5,18.1
2008-03-20,17.672760690890517,15.3,20.5
2008-03-21,1.5599796257167495,1.4,1.8
2008-03-22,0.0,0.0,0.0
2008-03-23,16.946669836855854,14.7,19.6
2008-03-24,5.509875775517298,4.8,6.4
2008-03-25,1.873251012795772,1.6,2.2
2008-03-26,36.48325603452957,31.7,42.3
2008-03-27,5.298543331482658,4.6,6.1
2008-03-28,20.581539493982035,17.9,23.8
2008-03-29,9.457380740516184,8.2,11.0
2008-03-30,2.391367969723704,2.1,2.8
2008-03-31,0.0,0.0,0.0
2008-04-01,0.0,0.0,0.0
2008-04-02,0.0,0.0,0.0
2008-04-03,0.0,0.0,0.0
2008-04-04,7.703822857303511,6.5,9.6
2008-04-05,9.778760725633513,8.2,12.2
2008-04-06,16.64756664850388,14.0,20.8
2008-04-07,11.862539114845866,10.0,14.8
2008-04-08,7.910576181504183,6.7,9.9
2008-04-09,7.38579487378253,6.2,9.2
2008-04-10,0.8223577881004663,0.7,1.0
2008-04-11,0.0,0.0,0.0
2008-04-12,0.0,0.0,0.0
2008-04-13,0.0,0.0,0.0
2008-04-14,11.342718644359795,9.6,14.2
2008-04-15,9.778760725633513,8.2,12.2
2008-04-16,0.32029541273972606,0.3,0.4
2008-04-17,0.0,0.0,0.0
2008-04-18,2.083391119136104,1.8,2.6
2008-04-19,2.083391119136104,1.8,2.6
2008-04-20,13.52892985771928,11.4,16.9
2008-04-21,8.742493508791105,7.4,10.9
2008-04-22,16.64756664850388,14.0,20.8
2008-04-23,4.787811694680544,4.0,6.0
2008-04-24,14.254309691848269,12.0,17.8
2008-04-25,0.0,0.0,0.0
2008-04-26,0.0,0.0,0.0
2008-04-27,0.0,0.0,0.0
2008-04-28,0.0,0.0,0.0
2008-04-29,32.46597205553223,27.4,40.6
2008-04-30,7.179342608710873,6.1,9.0
2008-05-01,0.0,0.0,0.0
2008-05-02,1.6092601143495053,1.3,2.0
2008-05-03,0.0,0.0,0.0
2008-05-04,0.0,0.0,0.0
2008-05-05,0.0,0.0,0.0
2008-05-06,0.0,0.0,0.0
2008-05-07,0.0,0.0,0.0
2008-05-08,0.0,0.0,0.0
2008-05-09,0.0,0.0,0.0
2008-05-10,0.8559445063639596,0.7,1.1
2008-05-11,2.999324070842921,2.5,3.7
2008-05-12,0.8559445063639596,0.7,1.1
2008-05-13,1.6092601143495053,1.3,2.0
2008-05-14,0.0,0.0,0.0
2008-05-15,0.0,0.0,0.0
2008-05-16,0.0,0.0,0.0
2008-05-17,0.0,0.0,0.0
2008-05-18,0.0,0.0,0.0
2008-05-19,0.0,0.0,0.0
2008-05-20,15.212999536226768,12.5,18.8
2008-05-21,12.538123707321503,10.3,15.5
2008-05-22,2.6797440976178812,2.2,3.3
2008-05-23,7.607448992209961,6.3,9.4
2008-05-24,6.535646799737767,5.4,8.1
2008-05-25,1.6092601143495053,1.3,2.0
2008-05-26,3.534478310299395,2.9,4.4
2008-05-27,10.93044106685672,9.0,13.5
2008-05-28,29.142844842401185,24.0,36.0
2008-05-29,4.607277896034927,3.8,5.7
2008-05-30,0.0,0.0,0.0
2008-05-31,1.9298040113200767,1.6,2.4
2008-06-01,0.32234129497515424,0.2,0.4
2008-06-02,0.0,0.0,0.0
2008-06-03,21.23524255653435,16.1,27.4
2008-06-04,7.079518731844216,5.4,9.1
2008-06-05,4.075478907167018,3.1,5.3
2008-06-06,9.54481068677459,7.2,12.3
2008-06-07,4.398779387910111,3.3,5.7
2008-06-08,0.0,0.0,0.0
2008-06-09,4.610630367837185,3.5,6.0
2008-06-10,4.610630367837185,3.5,6.0
2008-06-11,1.611074474052649,1.2,2.1
2008-06-12,0.0,0.0,0.0
2008-06-13,0.0,0.0,0.0
2008-06-14,0.0,0.0,0.0
2008-06-15,0.0,0.0,0.0
2008-06-16,0.0,0.0,0.0
2008-06-17,0.0,0.0,0.0
2008-06-18,0.0,0.0,0.0
2008-06-19,0.0,0.0,0.0
2008-06-20,0.0,0.0,0.0
2008-06-21,0.0,0.0,0.0
2008-06-22,0.0,0.0,0.0
2008-06-23,0.0,0.0,0.0
2008-06-24,0.0,0.0,0.0
2008-06-25,0.0,0.0,0.0
2008-06-26,0.0,0.0,0.0
2008-06-27,0.0,0.0,0.0
2008-06-28,0.0,0.0,0.0
2008-06-29,1.611074474052649,1.2,2.1
2008-06-30,4.610630367837185,3.5,6.0
2008-07-01,0.0,0.0,0.0
2008-07-02,0.0,0.0,0.0
2008-07-03,0.0,0.0,0.0
2008-07-04,0.0,0.0,0.0
2008-07-05,0.0,0.0,0.0
2008-07-06,0.0,0.0,0.0
2008-07-07,0.0,0.0,0.0
2008-07-08,0.0,0.0,0.0
2008-07-09,0.0,0.0,0.0
2008-07-10,0.0,0.0,0.0
2008-07-11,0.0,0.0,0.0
2008-07-12,0.0,0.0,0.0
2008-07-13,0.0,0.0,0.0
2008-07-14,0.0,0.0,0.0
2008-07-15,0.0,0.0,0.0
2008-07-16,0.0,0.0,0.0
2008-07-17,0.0,0.0,0.0
2008-07-18,0.0,0.0,0.0
2008-07-19,0.0,0.0,0.0
2008-07-20,0.0,0.0,0.0
2008-07-21,0.0,0.0,0.0
2008-07-22,0.0,0.0,0.0
2008-07-23,0.0,0.0,0.0
2008-07-24,0.0,0.0,0.0
2008-07-25,0.0,0.0,0.0
2008-07-26,0.0,0.0,0.0
2008-07-27,0.0,0.0,0.0
2008-07-28,0.0,0.0,0.0
2008-07-29,0.0,0.0,0.0
2008-07-30,2.025440911917339,1.4,2.9
2008-07-31,0.0,0.0,0.0
2008-08-01,0.0,0.0,0.0
2008-08-02,0.0,0.0,0.0
2008-08-03,0.0,0.0,0.0
2008-08-04,0.0,0.0,0.0
2008-08-05,0.0,0.0,0.0
2008-08-06,1.0535598521999154,0.8,1.3
2008-08-07,3.79600180323966,3.0,4.8
2008-08-08,4.323503114999858,3.5,5.4
2008-08-09,0.3252067787626667,0.3,0.4
2008-08-10,0.0,0.0,0.0
2008-08-11,0.0,0.0,0.0
2008-08-12,0.0,0.0,0.0
2008-08-13,0.0,0.0,0.0
2008-08-14,0.0,0.0,0.0
2008-08-15,0.0,0.0,0.0
2008-08-16,0.0,0.0,0.0
2008-08-17,0.5260560849199707,0.4,0.7
2008-08-18,5.06420512785013,4.1,6.4
2008-08-19,3.479142640586914,2.8,4.4
2008-08-20,27.842281238578526,22.4,34.9
2008-08-21,2.4251192731165228,1.9,3.0
2008-08-22,0.0,0.0,0.0
2008-08-23,0.0,0.0,0.0
2008-08-24,0.0,0.0,0.0
2008-08-25,4.007225505627271,3.2,5.0
2008-08-26,0.0,0.0,0.0
2008-08-27,0.5260560849199707,0.4,0.7
2008-08-28,0.0,0.0,0.0
2008-08-29,0.0,0.0,0.0
2008-08-30,0.0,0.0,0.0
2008-08-31,1.5807565178783878,1.3,2.0
2008-09-01,0.0,0.0,0.0
2008-09-02,0.0,0.0,0.0
2008-09-03,0.0,0.0,0.0
2008-09-04,0.0,0.0,0.0
2008-09-05,0.0,0.0,0.0
2008-09-06,0.0,0.0,0.0
2008-09-07,0.0,0.0,0.0
2008-09-08,0.0,0.0,0.0
2008-09-09,0.0,0.0,0.0
2008-09-10,0.0,0.0,0.0
2008-09-11,0.0,0.0,0.0
2008-09-12,0.0,0.0,0.0
2008-09-13,0.0,0.0,0.0
2008-09-14,0.0,0.0,0.0
2008-09-15,0.0,0.0,0.0
2008-09-16,0.0,0.0,0.0
2008-09-17,0.0,0.0,0.0
2008-09-18,0.0,0.0,0.0
2008-09-19,1.3772062902056668,1.2,1.6
2008-09-20,0.0,0.0,0.0
2008-09-21,2.9697829274830503,2.6,3.6
2008-09-22,3.496735502417137,3.1,4.2
2008-09-23,0.0,0.0,0.0
2008-09-24,1.5904123774391157,1.4,1.9
2008-09-25,3.181180354627337,2.8,3.8
2008-09-26,0.0,0.0,0.0
2008-09-27,0.0,0.0,0.0
2008-09-28,0.0,0.0,0.0
2008-09-29,0.0,0.0,0.0
2008-09-30,0.0,0.0,0.0
2008-10-01,0.0,0.0,0.0
2008-10-02,2.843023982689109,2.5,3.3
2008-10-03,17.568888261149485,15.7,20.3
2008-10-04,36.15206930436726,32.3,41.7
2008-10-05,5.381980034469359,4.8,6.2
2008-10-06,1.012186654700797,0.9,1.2
2008-10-07,12.895857321045586,11.5,14.9
2008-10-08,0.0,0.0,0.0
2008-10-09,10.357607392825457,9.3,12.0
2008-10-10,0.0,0.0,0.0
2008-10-11,0.0,0.0,0.0
2008-10-12,0.0,0.0,0.0
2008-10-13,0.0,0.0,0.0
2008-10-14,0.0,0.0,0.0
2008-10-15,0.0,0.0,0.0
2008-10-16,0.0,0.0,0.0
2008-10-17,0.0,0.0,0.0
2008-10-18,0.0,0.0,0.0
2008-10-19,0.0,0.0,0.0
2008-10-20,12.390319995039327,11.1,14.3
2008-10-21,1.8310583933371036,1.6,2.1
2008-10-22,0.0,0.0,0.0
2008-10-23,0.0,0.0,0.0
2008-10-24,0.0,0.0,0.0
2008-10-25,0.0,0.0,0.0
2008-10-26,0.0,0.0,0.0
2008-10-27,0.0,0.0,0.0
2008-10-28,0.0,0.0,0.0
2008-10-29,0.0,0.0,0.0
2008-10-30,0.5175549971932952,0.5,0.6
2008-10-31,3.3501062926579213,3.0,3.9
2008-11-01,4.891378750173757,4.3,5.6
2008-11-02,18.647216648776535,16.5,21.5
2008-11-03,18.851064823729434,16.7,21.8
2008-11-04,43.51092396734538,38.6,50.2
2008-11-05,22.822759757009337,20.2,26.4
2008-11-06,28.431623298389304,25.2,32.8
2008-11-07,0.0,0.0,0.0
2008-11-08,16.81301751833746,14.9,19.4
2008-11-09,7.743270187727425,6.9,8.9
2008-11-10,3.869254915635428,3.4,4.5
2008-11-11,2.546962438809151,2.3,2.9
2008-11-12,11.615257190713658,10.3,13.4
2008-11-13,41.68020925207838,36.9,48.1
2008-11-14,0.0,0.0,0.0
2008-11-15,0.0,0.0,0.0
2008-11-16,0.0,0.0,0.0
2008-11-17,0.0,0.0,0.0
2008-11-18,0.0,0.0,0.0
2008-11-19,0.0,0.0,0.0
2008-11-20,21.50098041197287,19.1,24.8
2008-11-21,0.0,0.0,0.0
2008-11-22,8.255048997578148,7.3,9.5
2008-11-23,0.0,0.0,0.0
2008-11-24,0.0,0.0,0.0
2008-11-25,0.302296498719456,0.3,0.4
2008-11-26,0.0,0.0,0.0
2008-11-27,2.038382816899762,1.8,2.4
2008-11-28,0.0,0.0,0.0
2008-11-29,3.3630467396754944,3.0,3.9
2008-11-30,0.0,0.0,0.0
2008-12-01,5.241695332628395,4.7,6.2
2008-12-02,10.175072583955513,9.1,12.0
2008-12-03,0.0,0.0,0.0
2008-12-04,0.0,0.0,0.0
2008-12-05,0.0,0.0,0.0
2008-12-06,0.0,0.0,0.0
2008-12-07,9.352288506851666,8.3,11.1
2008-12-08,4.4211620316173645,3.9,5.2
2008-12-09,0.0,0.0,0.0
2008-12-10,0.0,0.0,0.0
2008-12-11,0.0,0.0,0.0
2008-12-12,25.592905490800117,22.8,30.3
2008-12-13,8.12046016766563,7.2,9.6
2008-12-14,11.514542926713736,10.3,13.6
2008-12-15,2.3639781767641805,2.1,2.8
2008-12-16,0.0,0.0,0.0
2008-12-17,0.0,0.0,0.0
2008-12-18,30.834402776944668,27.5,36.5
2008-12-19,19.835524555997456,17.7,23.5
2008-12-20,29.802224544154154,26.6,35.3
2008-12-21,28.158139499382873,25.1,33.3
2008-12-22,8.12046016766563,7.2,9.6
2008-12-23,9.659693596850222,8.6,11.4
2008-12-24,17.779919964423698,15.9,21.1
2008-12-25,7.297837229147112,6.5,8.6
2008-12-26,4.4211620316173645,3.9,5.2
2008-12-27,42.54996349373569,38.0,50.4
2008-12-28,52.518659734547214,46.8,62.2
2008-12-29,82.73766850392008,73.8,98.0
2008-12-30,0.8250214686548502,0.7,1.0
2008-12-31,15.623315040799667,13.9,18.5
2009-01-01,31.065158986250438,27.3,37.6
2009-01-02,39.495419463017654,34.7,47.8
2009-01-03,1.0313824696984126,0.9,1.2
2009-01-04,8.33139763220631,7.3,10.1
2009-01-05,33.22354365719822,29.2,40.2
2009-01-06,37.64636151565781,33.1,45.6
2009-01-07,4.937994390900652,4.3,6.0
2009-01-08,34.252204153870835,30.1,41.5
2009-01-09,1.0313824696984126,0.9,1.2
2009-01-10,0.82673967614764,0.7,1.0
2009-01-11,0.0,0.0,0.0
2009-01-12,0.3045858088395509,0.3,0.4
2009-01-13,0.0,0.0,0.0
2009-01-14,0.0,0.0,0.0
2009-01-15,0.0,0.0,0.0
2009-01-16,0.0,0.0,0.0
2009-01-17,0.0,0.0,0.0
2009-01-18,0.0,0.0,0.0
2009-01-19,0.0,0.0,0.0
2009-01-20,0.0,0.0,0.0
2009-01-21,0.0,0.0,0.0
2009-01-22,0.0,0.0,0.0
2009-01-23,0.0,0.0,0.0
2009-01-24,4.73390948196664,4.2,5.7
2009-01-25,8.128704562149975,7.1,9.8
2009-01-26,0.0,0.0,0.0
2009-01-27,2.056949563330548,1.8,2.5
2009-01-28,13.579499810954367,11.9,16.4
2009-01-29,0.0,0.0,0.0
2009-01-30,0.0,0.0,0.0
2009-01-31,0.0,0.0,0.0
2009-02-01,0.0,0.0,0.0
2009-02-02,0.0,0.0,0.0
2009-02-03,0.0,0.0,0.0
2009-02-04,0.0,0.0,0.0
2009-02-05,0.0,0.0,0.0
2009-02-06,8.917254405004872,8.0,10.5
2009-02-07,0.0,0.0,0.0
2009-02-08,3.9433648705443134,3.5,4.6
2009-02-09,0.5239073418766915,0.5,0.6
2009-02-10,5.286059532770104,4.7,6.2
2009-02-11,2.5921669916039836,2.3,3.0
2009-02-12,1.8655027377902302,1.7,2.2
2009-02-13,3.108497650978627,2.8,3.7
2009-02-14,3.9433648705443134,3.5,4.6
2009-02-15,1.8655027377902302,1.7,2.2
2009-02-16,0.8314830366197999,0.7,1.0
2009-02-17,6.324606276837453,5.6,7.4
2009-02-18,0.0,0.0,0.0
2009-02-19,0.0,0.0,0.0
2009-02-20,0.0,0.0,0.0
2009-02-21,0.0,0.0,0.0
2009-02-22,14.204980069963375,12.7,16.7
2009-02-23,28.716886364391094,25.6,33.7
2009-02-24,25.294971520052606,22.6,29.7
2009-02-25,29.44471387986781,26.3,34.6
2009-02-26,18.972298158481003,16.9,22.3
2009-02-27,1.0367530930161,0.9,1.2
2009-02-28,0.0,0.0,0.0
2009-03-01,2.911062227474452,2.5,3.4
2009-03-02,17.462269234613515,15.2,20.2
2009-03-03,11.122981276237448,9.7,12.9
2009-03-04,3.9532228598700514,3.4,4.6
2009-03-05,10.811377650740914,9.4,12.5
2009-03-06,1.3508969830772564,1.2,1.6
2009-03-07,4.989104609092193,4.3,5.8
2009-03-08,6.548456640533559,5.7,7.6
2009-03-09,6.548456640533559,5.7,7.6
2009-03-10,3.117496046760148,2.7,3.6
2009-03-11,0.0,0.0,0.0
2009-03-12,0.0,0.0,0.0
2009-03-13,0.0,0.0,0.0
2009-03-14,12.159760006904188,10.6,14.1
2009-03-15,65.6917897297299,57.0,76.1
2009-03-16,18.502572870405608,16.1,21.4
2009-03-17,7.3806102087384415,6.4,8.6
2009-03-18,0.0,0.0,0.0
2009-03-19,1.3508969830772564,1.2,1.6
2009-03-20,2.911062227474452,2.5,3.4
2009-03-21,11.331621797975318,9.8,13.1
2009-03-22,19.5441250090082,17.0,22.6
2009-03-23,6.339433754860957,5.5,7.3
2009-03-24,7.8977338540515465,6.9,9.2
2009-03-25,19.022956125119308,16.5,22.0
2009-03-26,1.3508969830772564,1.2,1.6
2009-03-27,0.0,0.0,0.0
2009-03-28,26.091707352266937,22.7,30.2
2009-03-29,7.3806102087384415,6.4,8.6
2009-03-30,3.9532228598700514,3.4,4.6
2009-03-31,2.391367969723704,2.1,2.8
2009-04-01,5.827750120890264,4.9,7.3
2009-04-02,48.90470945503429,41.2,61.1
2009-04-03,6.870559070907082,5.8,8.6
2009-04-04,0.5219298615397068,0.4,0.6
2009-04-05,0.0,0.0,0.0
2009-04-06,2.083391119136104,1.8,2.6
2009-04-07,0.0,0.0,0.0
2009-04-08,5.827750120890264,4.9,7.3
2009-04-09,19.561717707572477,16.5,24.4
2009-04-10,1.3514360839475588,1.1,1.7
2009-04-11,0.0,0.0,0.0
2009-04-12,22.996709327621552,19.4,28.7
2009-04-13,14.77343253513377,12.5,18.5
2009-04-14,6.555830368777597,5.5,8.2
2009-04-15,0.8223577881004663,0.7,1.0
2009-04-16,0.0,0.0,0.0
2009-04-17,4.2649401217265135,3.6,5.3
2009-04-18,0.0,0.0,0.0
2009-04-19,0.0,0.0,0.0
2009-04-20,0.0,0.0,0.0
2009-04-21,0.0,0.0,0.0
2009-04-22,0.0,0.0,0.0
2009-04-23,0.0,0.0,0.0
2009-04-24,0.0,0.0,0.0
2009-04-25,1.034243375508953,0.9,1.3
2009-04-26,0.0,0.0,0.0
2009-04-27,1.5608411735542735,1.3,1.9
2009-04-28,15.607399173240868,13.2,19.5
2009-04-29,7.179342608710873,6.1,9.0
2009-04-30,0.0,0.0,0.0
2009-05-01,2.464533267900699,2.0,3.0
2009-05-02,20.140778723352422,16.6,24.9
2009-05-03,9.751078198475286,8.0,12.0
2009-05-04,44.89540156907057,36.9,55.4
2009-05-05,20.140778723352422,16.6,24.9
2009-05-06,29.142844842401185,24.0,36.0
2009-05-07,5.143727487463542,4.2,6.3
2009-05-08,0.0,0.0,0.0
2009-05-09,0.0,0.0,0.0
2009-05-10,0.5419813631275823,0.4,0.7
2009-05-11,4.070409202569636,3.3,5.0
2009-05-12,10.073207084461812,8.3,12.4
2009-05-13,14.464445252864822,11.9,17.9
2009-05-14,3.534478310299395,2.9,4.4
2009-05-15,0.0,0.0,0.0
2009-05-16,0.0,0.0,0.0
2009-05-17,0.0,0.0,0.0
2009-05-18,0.0,0.0,0.0
2009-05-19,4.394178426358619,3.6,5.4
2009-05-20,0.0,0.0,0.0
2009-05-21,0.0,0.0,0.0
2009-05-22,0.0,0.0,0.0
2009-05-23,0.0,0.0,0.0
2009-05-24,0.0,0.0,0.0
2009-05-25,0.0,0.0,0.0
2009-05-26,0.0,0.0,0.0
2009-05-27,0.0,0.0,0.0
2009-05-28,0.0,0.0,0.0
2009-05-29,0.0,0.0,0.0
2009-05-30,0.8559445063639596,0.7,1.1
2009-05-31,0.5419813631275823,0.4,0.7
2009-06-01,6.541689394646138,4.9,8.4
2009-06-02,1.3936602121000896,1.1,1.8
2009-06-03,6.541689394646138,4.9,8.4
2009-06-04,4.075478907167018,3.1,5.3
2009-06-05,1.0689166253413362,0.8,1.4
2009-06-06,1.0689166253413362,0.8,1.4
2009-06-07,0.0,0.0,0.0
2009-06-08,0.0,0.0,0.0
2009-06-09,0.0,0.0,0.0
2009-06-10,3.5385003438870513,2.7,4.6
2009-06-11,4.610630367837185,3.5,6.0
2009-06-12,6.006310177988937,4.5,7.7
2009-06-13,6.541689394646138,4.9,8.4
2009-06-14,0.0,0.0,0.0
2009-06-15,0.0,0.0,0.0
2009-06-16,0.0,0.0,0.0
2009-06-17,0.0,0.0,0.0
2009-06-18,0.32234129497515424,0.2,0.4
2009-06-19,0.8622663219491368,0.6,1.1
2009-06-20,5.144779200937955,3.9,6.6
2009-06-21,3.8595258786474966,2.9,5.0
2009-06-22,0.8622663219491368,0.6,1.1
2009-06-23,0.0,0.0,0.0
2009-06-24,0.0,0.0,0.0
2009-06-25,0.0,0.0,0.0
2009-06-26,0.0,0.0,0.0
2009-06-27,0.0,0.0,0.0
2009-06-28,0.0,0.0,0.0
2009-06-29,0.0,0.0,0.0
2009-06-30,0.0,0.0,0.0
2009-07-01,0.0,0.0,0.0
2009-07-02,0.0,0.0,0.0
2009-07-03,0.0,0.0,0.0
2009-07-04,0.0,0.0,0.0
2009-07-05,0.0,0.0,0.0
2009-07-06,0.0,0.0,0.0
2009-07-07,0.0,0.0,0.0
2009-07-08,0.0,0.0,0.0
2009-07-09,0.0,0.0,0.0
2009-07-10,0.0,0.0,0.0
2009-07-11,0.0,0.0,0.0
2009-07-12,4.052540434361197,2.8,5.8
2009-07-13,0.0,0.0,0.0
2009-07-14,0.0,0.0,0.0
2009-07-15,0.0,0.0,0.0
2009-07-16,0.0,0.0,0.0
2009-07-17,0.0,0.0,0.0
2009-07-18,0.0,0.0,0.0
2009-07-19,0.0,0.0,0.0
2009-07-20,0.0,0.0,0.0
2009-07-21,0.0,0.0,0.0
2009-07-22,0.0,0.0,0.0
2009-07-23,0.0,0.0,0.0
2009-07-24,0.0,0.0,0.0
2009-07-25,0.0,0.0,0.0
2009-07-26,0.0,0.0,0.0
2009-07-27,0.0,0.0,0.0
2009-07-28,0.0,0.0,0.0
2009-07-29,0.0,0.0,0.0
2009-07-30,0.5631077962392734,0.4,0.8
2009-07-31,0.0,0.0,0.0
2009-08-01,0.0,0.0,0.0
2009-08-02,1.8984439188514723,1.5,2.4
2009-08-03,0.0,0.0,0.0
2009-08-04,0.0,0.0,0.0
2009-08-05,0.0,0.0,0.0
2009-08-06,1.5807565178783878,1.3,2.0
2009-08-07,4.323503114999858,3.5,5.4
2009-08-08,0.5260560849199707,0.4,0.7
2009-08-09,0.0,0.0,0.0
2009-08-10,0.0,0.0,0.0
2009-08-11,0.0,0.0,0.0
2009-08-12,1.5807565178783878,1.3,2.0
2009-08-13,5.06420512785013,4.1,6.4
2009-08-14,0.8419702643089455,0.7,1.1
2009-08-15,0.0,0.0,0.0
2009-08-16,0.0,0.0,0.0
2009-08-17,0.0,0.0,0.0
2009-08-18,0.0,0.0,0.0
2009-08-19,0.0,0.0,0.0
2009-08-20,0.0,0.0,0.0
2009-08-21,0.0,0.0,0.0
2009-08-22,0.0,0.0,0.0
2009-08-23,0.0,0.0,0.0
2009-08-24,0.0,0.0,0.0
2009-08-25,0.0,0.0,0.0
2009-08-26,0.0,0.0,0.0
2009-08-27,0.0,0.0,0.0
2009-08-28,0.5260560849199707,0.4,0.7
2009-08-29,0.0,0.0,0.0
2009-08-30,0.0,0.0,0.0
2009-08-31,0.0,0.0,0.0
2009-09-01,0.31328755530511265,0.3,0.4
2009-09-02,0.0,0.0,0.0
2009-09-03,0.0,0.0,0.0
2009-09-04,0.0,0.0,0.0
2009-09-05,12.940541866921865,11.3,15.5
2009-09-06,6.473228651892558,5.7,7.7
2009-09-07,0.0,0.0,0.0
2009-09-08,0.0,0.0,0.0
2009-09-09,0.0,0.0,0.0
2009-09-10,0.0,0.0,0.0
2009-09-11,0.0,0.0,0.0
2009-09-12,0.0,0.0,0.0
2009-09-13,0.31328755530511265,0.3,0.4
2009-09-14,0.0,0.0,0.0
2009-09-15,0.0,0.0,0.0
2009-09-16,0.0,0.0,0.0
2009-09-17,0.0,0.0,0.0
2009-09-18,0.0,0.0,0.0
2009-09-19,1.0641082899228242,0.9,1.3
2009-09-20,0.0,0.0,0.0
2009-09-21,0.0,0.0,0.0
2009-09-22,0.0,0.0,0.0
2009-09-23,0.0,0.0,0.0
2009-09-24,0.0,0.0,0.0
2009-09-25,0.0,0.0,0.0
2009-09-26,0.0,0.0,0.0
2009-09-27,0.0,0.0,0.0
2009-09-28,1.9091326036499539,1.7,2.3
2009-09-29,12.413568225783475,10.9,14.8
2009-09-30,4.879720427321824,4.3,5.8
2009-10-01,0.0,0.0,0.0
2009-10-02,2.035229509953034,1.8,2.3
2009-10-03,1.3176596539264918,1.2,1.5
2009-10-04,6.3976762554603885,5.7,7.4
2009-10-05,0.0,0.0,0.0
2009-10-06,0.0,0.0,0.0
2009-10-07,0.0,0.0,0.0
2009-10-08,0.0,0.0,0.0
2009-10-09,0.0,0.0,0.0
2009-10-10,0.0,0.0,0.0
2009-10-11,0.0,0.0,0.0
2009-10-12,0.0,0.0,0.0
2009-10-13,7.209109434580331,6.4,8.3
2009-10-14,38.99665688986677,34.9,45.0
2009-10-15,5.381980034469359,4.8,6.2
2009-10-16,0.3010862083023276,0.3,0.4
2009-10-17,7.209109434580331,6.4,8.3
2009-10-18,0.0,0.0,0.0
2009-10-19,1.3176596539264918,1.2,1.5
2009-10-20,0.3010862083023276,0.3,0.4
2009-10-21,9.037418919276782,8.1,10.4
2009-10-22,0.0,0.0,0.0
2009-10-23,18.583685373340714,16.6,21.4
2009-10-24,0.0,0.0,0.0
2009-10-25,0.5175549971932952,0.5,0.6
2009-10-26,41.22967104264013,36.9,47.6
2009-10-27,9.54372571276277,8.5,11.0
2009-10-28,2.336811555284084,2.1,2.7
2009-10-29,21.42921401882345,19.2,24.7
2009-10-30,0.8162745007890809,0.7,0.9
2009-10-31,18.78584978664897,16.8,21.7
2009-11-01,0.0,0.0,0.0
2009-11-02,0.0,0.0,0.0
2009-11-03,0.0,0.0,0.0
2009-11-04,0.0,0.0,0.0
2009-11-05,24.354973085446435,21.6,28.1
2009-11-06,32.60837668887595,28.9,37.6
2009-11-07,27.206095863686784,24.1,31.4
2009-11-08,2.853932913241361,2.5,3.3
2009-11-09,12.941037527623372,11.5,14.9
2009-11-10,6.418507320893753,5.7,7.4
2009-11-11,15.997266928155577,14.2,18.5
2009-11-12,8.255048997578148,7.3,9.5
2009-11-13,12.123356974023835,10.7,14.0
2009-11-14,0.5142478839346346,0.5,0.6
2009-11-15,0.0,0.0,0.0
2009-11-16,0.0,0.0,0.0
2009-11-17,31.590428547297865,28.0,36.5
2009-11-18,3.869254915635428,3.4,4.5
2009-11-19,3.869254915635428,3.4,4.5
2009-11-20,26.900917562749065,23.8,31.1
2009-11-21,16.81301751833746,14.9,19.4
2009-11-22,25.37409640710114,22.5,29.3
2009-11-23,0.5142478839346346,0.5,0.6
2009-11-24,0.0,0.0,0.0
2009-11-25,0.0,0.0,0.0
2009-11-26,25.883086809382217,22.9,29.9
2009-11-27,8.255048997578148,7.3,9.5
2009-11-28,0.0,0.0,0.0
2009-11-29,0.0,0.0,0.0
2009-11-30,0.0,0.0,0.0
2009-12-01,0.0,0.0,0.0
2009-12-02,0.0,0.0,0.0
2009-12-03,0.0,0.0,0.0
2009-12-04,0.0,0.0,0.0
2009-12-05,0.0,0.0,0.0
2009-12-06,0.0,0.0,0.0
2009-12-07,0.0,0.0,0.0
2009-12-08,0.0,0.0,0.0
2009-12-09,0.0,0.0,0.0
2009-12-10,0.0,0.0,0.0
2009-12-11,0.8250214686548502,0.7,1.0
2009-12-12,8.32518687011388,7.4,9.9
2009-12-13,1.5416469944813824,1.4,1.8
2009-12-14,18.49820573833413,16.5,21.9
2009-12-15,52.72236734242331,47.0,62.4
2009-12-16,8.83959149098408,7.9,10.5
2009-12-17,4.4211620316173645,3.9,5.2
2009-12-18,0.3048005084493224,0.3,0.4
2009-12-19,7.0915186788807425,6.3,8.4
2009-12-20,17.2659187753252,15.4,20.4
2009-12-21,26.411602694880667,23.6,31.3
2009-12-22,3.9043422258522424,3.5,4.6
2009-12-23,0.0,0.0,0.0
2009-12-24,0.0,0.0,0.0
2009-12-25,0.0,0.0,0.0
2009-12-26,0.0,0.0,0.0
2009-12-27,4.729319449437208,4.2,5.6
2009-12-28,0.0,0.0,0.0
2009-12-29,13.875494799473675,12.4,16.4
2009-12-30,8.83959149098408,7.9,10.5
2009-12-31,50.66984651956691,45.2,60.0
2010-01-01,23.246140326226897,20.4,28.2
2010-01-02,2.3621094201149715,2.1,2.9
2010-01-03,0.0,0.0,0.0
2010-01-04,10.182609543854227,8.9,12.3
2010-01-05,25.610080782028188,22.5,31.0
2010-01-06,7.8168470564832555,6.9,9.5
2010-01-07,0.0,0.0,0.0
2010-01-08,5.762017983024978,5.1,7.0
2010-01-09,2.8774864463963143,2.5,3.5
2010-01-10,0.0,0.0,0.0
2010-01-11,0.0,0.0,0.0
2010-01-12,9.667482152828612,8.5,11.7
2010-01-13,14.607343331391233,12.8,17.7
2010-01-14,1.0313824696984126,0.9,1.2
2010-01-15,15.941627028689512,14.0,19.3
2010-01-16,11.00641550247983,9.7,13.3
2010-01-17,10.491932352324895,9.2,12.7
2010-01-18,0.0,0.0,0.0
2010-01-19,0.0,0.0,0.0
2010-01-20,0.0,0.0,0.0
2010-01-21,0.0,0.0,0.0
2010-01-22,7.609359683715995,6.7,9.2
2010-01-23,0.0,0.0,0.0
2010-01-24,22.729930150585723,20.0,27.5
2010-01-25,6.4789974579819605,5.7,7.8
2010-01-26,4.73390948196664,4.2,5.7
2010-01-27,0.0,0.0,0.0
2010-01-28,0.0,0.0,0.0
2010-01-29,3.9050578025103193,3.4,4.7
2010-01-30,3.9050578025103193,3.4,4.7
2010-01-31,2.3621094201149715,2.1,2.9
2010-02-01,11.300087975852051,10.1,13.3
2010-02-02,0.5239073418766915,0.5,0.6
2010-02-03,6.01253031970965,5.4,7.1
2010-02-04,7.36005487172342,6.6,8.6
2010-02-05,2.0711372086637656,1.8,2.4
2010-02-06,8.917254405004872,8.0,10.5
2010-02-07,3.108497650978627,2.8,3.7
2010-02-08,0.0,0.0,0.0
2010-02-09,0.0,0.0,0.0
2010-02-10,10.056858452772442,9.0,11.8
2010-02-11,16.896957671443687,15.1,19.8
2010-02-12,7.671267646721632,6.8,9.0
2010-02-13,2.0711372086637656,1.8,2.4
2010-02-14,10.783516002886671,9.6,12.7
2010-02-15,2.3826250818737873,2.1,2.8
2010-02-16,3.4221848796734924,3.1,4.0
2010-02-17,0.0,0.0,0.0
2010-02-18,0.0,0.0,0.0
2010-02-19,0.0,0.0,0.0
2010-02-20,0.0,0.0,0.0
2010-02-21,0.0,0.0,0.0
2010-02-22,0.0,0.0,0.0
2010-02-23,21.354979567104273,19.1,25.1
2010-02-24,21.354979567104273,19.1,25.1
2010-02-25,5.286059532770104,4.7,6.2
2010-02-26,4.974485128611602,4.4,5.8
2010-02-27,0.0,0.0,0.0
2010-02-28,0.0,0.0,0.0
2010-03-01,0.0,0.0,0.0
2010-03-02,4.989104609092193,4.3,5.8
2010-03-03,6.548456640533559,5.7,7.6
2010-03-04,1.3508969830772564,1.2,1.6
2010-03-05,0.0,0.0,0.0
2010-03-06,0.0,0.0,0.0
2010-03-07,1.3508969830772564,1.2,1.6
2010-03-08,4.989104609092193,4.3,5.8
2010-03-09,2.911062227474452,2.5,3.4
2010-03-10,4.989104609092193,4.3,5.8
2010-03-11,19.751795071464933,17.1,22.9
2010-03-12,18.70929272672112,16.2,21.7
2010-03-13,1.873251012795772,1.6,2.2
2010-03-14,0.0,0.0,0.0
2010-03-15,0.0,0.0,0.0
2010-03-16,2.0823911234136716,1.8,2.4
2010-03-17,0.0,0.0,0.0
2010-03-18,0.0,0.0,0.0
2010-03-19,0.0,0.0,0.0
2010-03-20,0.0,0.0,0.0
2010-03-21,12.68006570213285,11.0,14.7
2010-03-22,2.911062227474452,2.5,3.4
2010-03-23,0.0,0.0,0.0
2010-03-24,6.861735209681303,6.0,7.9
2010-03-25,25.882561039175958,22.5,30.0
2010-03-26,17.672760690890517,15.3,20.5
2010-03-27,0.0,0.0,0.0
2010-03-28,35.65125968979276,31.0,41.3
2010-03-29,50.72745714015999,44.0,58.8
2010-03-30,15.799624302213614,13.7,18.3
2010-03-31,2.911062227474452,2.5,3.4
2010-04-01,0.8223577881004663,0.7,1.0
2010-04-02,38.08135348183067,32.1,47.6
2010-04-03,6.349270676349731,5.4,7.9
2010-04-04,4.787811694680544,4.0,6.0
2010-04-05,8.742493508791105,7.4,10.9
2010-04-06,8.221036135617961,6.9,10.3
2010-04-07,2.3929175267652467,2.0,3.0
2010-04-08,11.134191432449974,9.4,13.9
2010-04-09,0.0,0.0,0.0
2010-04-10,2.3929175267652467,2.0,3.0
2010-04-11,5.302730613059362,4.5,6.6
2010-04-12,2.6027092268538112,2.2,3.2
2010-04-13,6.870559070907082,5.8,8.6
2010-04-14,13.215457167000912,11.1,16.5
2010-04-15,0.0,0.0,0.0
2010-04-16,0.0,0.0,0.0
2010-04-17,0.0,0.0,0.0
2010-04-18,0.0,0.0,0.0
2010-04-19,0.0,0.0,0.0
2010-04-20,21.64390654122052,18.2,27.0
2010-04-21,4.787811694680544,4.0,6.0
2010-04-22,0.0,0.0,0.0
2010-04-23,1.034243375508953,0.9,1.3
2010-04-24,3.4292735504833476,2.9,4.3
2010-04-25,0.0,0.0,0.0
2010-04-26,14.044742639163232,11.8,17.5
2010-04-27,27.784463072689164,23.4,34.7
2010-04-28,15.607399173240868,13.2,19.5
2010-04-29,11.862539114845866,10.0,14.8
2010-04-30,2.916511558036748,2.5,3.6
2010-05-01,8.463292605120653,7.0,10.4
2010-05-02,1.9298040113200767,1.6,2.4
2010-05-03,17.679305057544553,14.5,21.8
2010-05-04,1.3942838977888599,1.1,1.7
2010-05-05,5.4632496661782985,4.5,6.7
2010-05-06,1.3942838977888599,1.1,1.7
2010-05-07,0.0,0.0,0.0
2010-05-08,0.0,0.0,0.0
2010-05-09,9.751078198475286,8.0,12.0
2010-05-10,10.073207084461812,8.3,12.4
2010-05-11,2.14354120265806,1.8,2.6
2010-05-12,0.0,0.0,0.0
2010-05-13,0.0,0.0,0.0
2010-05-14,0.0,0.0,0.0
2010-05-15,0.0,0.0,0.0
2010-05-16,0.0,0.0,0.0
2010-05-17,14.679133135243855,12.1,18.1
2010-05-18,10.606727681652051,8.7,13.1
2010-05-19,17.464195780875038,14.4,21.6
2010-05-20,9.534970064046941,7.8,11.8
2010-05-21,6.535646799737767,5.4,8.1
2010-05-22,5.143727487463542,4.2,6.3
2010-05-23,4.394178426358619,3.6,5.4
2010-05-24,0.8559445063639596,0.7,1.1
2010-05-25,4.394178426358619,3.6,5.4
2010-05-26,10.93044106685672,9.0,13.5
2010-05-27,5.679343599735129,4.7,7.0
2010-05-28,1.9298040113200767,1.6,2.4
2010-05-29,0.0,0.0,0.0
2010-05-30,1.6092601143495053,1.3,2.0
2010-05-31,11.142267555260053,9.2,13.8
2010-06-01,11.690990242541679,8.8,15.1
2010-06-02,57.7019917089637,43.6,74.4
2010-06-03,29.91918627536871,22.6,38.6
2010-06-04,19.841928799658024,15.0,25.6
2010-06-05,1.0689166253413362,0.8,1.4
2010-06-06,11.15396563989914,8.4,14.4
2010-06-07,1.611074474052649,1.2,2.1
2010-06-08,5.683145036547243,4.3,7.3
2010-06-09,18.015188152078046,13.6,23.2
2010-06-10,6.221231200865726,4.7,8.0
2010-06-11,0.0,0.0,0.0
2010-06-12,0.0,0.0,0.0
2010-06-13,0.0,0.0,0.0
2010-06-14,0.0,0.0,0.0
2010-06-15,2.465632032986512,1.9,3.2
2010-06-16,7.93908169798276,6.0,10.2
2010-06-17,0.0,0.0,0.0
2010-06-18,0.0,0.0,0.0
2010-06-19,1.0689166253413362,0.8,1.4
2010-06-20,2.465632032986512,1.9,3.2
2010-06-21,0.0,0.0,0.0
2010-06-22,0.0,0.0,0.0
2010-06-23,0.0,0.0,0.0
2010-06-24,0.0,0.0,0.0
2010-06-25,0.0,0.0,0.0
2010-06-26,0.0,0.0,0.0
2010-06-27,0.0,0.0,0.0
2010-06-28,0.0,0.0,0.0
2010-06-29,0.0,0.0,0.0
2010-06-30,0.0,0.0,0.0
2010-07-01,1.4623574325072481,1.0,2.1
2010-07-02,3.7166719031495994,2.5,5.3
2010-07-03,0.0,0.0,0.0
2010-07-04,0.0,0.0,0.0
2010-07-05,0.0,0.0,0.0
2010-07-06,0.0,0.0,0.0
2010-07-07,0.0,0.0,0.0
2010-07-08,0.0,0.0,0.0
2010-07-09,0.0,0.0,0.0
2010-07-10,0.0,0.0,0.0
2010-07-11,0.0,0.0,0.0
2010-07-12,0.0,0.0,0.0
2010-07-13,0.0,0.0,0.0
2010-07-14,0.0,0.0,0.0
2010-07-15,0.0,0.0,0.0
2010-07-16,0.0,0.0,0.0
2010-07-17,0.0,0.0,0.0
2010-07-18,0.0,0.0,0.0
2010-07-19,0.0,0.0,0.0
2010-07-20,0.0,0.0,0.0
2010-07-21,0.0,0.0,0.0
2010-07-22,0.0,0.0,0.0
2010-07-23,0.0,0.0,0.0
2010-07-24,0.0,0.0,0.0
2010-07-25,0.0,0.0,0.0
2010-07-26,0.0,0.0,0.0
2010-07-27,0.0,0.0,0.0
2010-07-28,0.0,0.0,0.0
2010-07-29,0.0,0.0,0.0
2010-07-30,0.0,0.0,0.0
2010-07-31,0.0,0.0,0.0
2010-08-01,0.0,0.0,0.0
2010-08-02,0.0,0.0,0.0
2010-08-03,0.0,0.0,0.0
2010-08-04,0.0,0.0,0.0
2010-08-05,0.0,0.0,0.0
2010-08-06,0.0,0.0,0.0
2010-08-07,0.0,0.0,0.0
2010-08-08,0.0,0.0,0.0
2010-08-09,0.0,0.0,0.0
2010-08-10,0.0,0.0,0.0
2010-08-11,0.0,0.0,0.0
2010-08-12,0.0,0.0,0.0
2010-08-13,0.0,0.0,0.0
2010-08-14,0.0,0.0,0.0
2010-08-15,0.0,0.0,0.0
2010-08-16,0.0,0.0,0.0
2010-08-17,0.0,0.0,0.0
2010-08-18,0.0,0.0,0.0
2010-08-19,0.0,0.0,0.0
2010-08-20,0.0,0.0,0.0
2010-08-21,0.0,0.0,0.0
2010-08-22,0.0,0.0,0.0
2010-08-23,0.0,0.0,0.0
2010-08-24,0.0,0.0,0.0
2010-08-25,0.0,0.0,0.0
2010-08-26,0.0,0.0,0.0
2010-08-27,0.0,0.0,0.0
2010-08-28,0.0,0.0,0.0
2010-08-29,0.0,0.0,0.0
2010-08-30,10.967326142426481,8.8,13.8
2010-08-31,2.9541456585578243,2.4,3.7
2010-09-01,7.001253895484525,6.1,8.4
2010-09-02,0.0,0.0,0.0
2010-09-03,0.0,0.0,0.0
2010-09-04,0.0,0.0,0.0
2010-09-05,0.0,0.0,0.0
2010-09-06,0.0,0.0,0.0
2010-09-07,10.820389311880108,9.5,12.9
2010-09-08,9.970658852519293,8.7,11.9
2010-09-09,5.940165850766898,5.2,7.1
2010-09-10,0.0,0.0,0.0
2010-09-11,0.0,0.0,0.0
2010-09-12,0.0,0.0,0.0
2010-09-13,0.0,0.0,0.0
2010-09-14,0.0,0.0,0.0
2010-09-15,0.0,0.0,0.0
2010-09-16,0.0,0.0,0.0
2010-09-17,8.382600123409459,7.3,10.0
2010-09-18,30.97575376864321,27.1,37.1
2010-09-19,42.00756432490301,36.7,50.3
2010-09-20,2.6516519264189133,2.3,3.2
2010-09-21,0.0,0.0,0.0
2010-09-22,0.0,0.0,0.0
2010-09-23,1.5904123774391157,1.4,1.9
2010-09-24,0.0,0.0,0.0
2010-09-25,0.0,0.0,0.0
2010-09-26,0.0,0.0,0.0
2010-09-27,0.0,0.0,0.0
2010-09-28,0.0,0.0,0.0
2010-09-29,0.0,0.0,0.0
2010-09-30,0.0,0.0,0.0
2010-10-01,0.0,0.0,0.0
2010-10-02,0.0,0.0,0.0
2010-10-03,0.0,0.0,0.0
2010-10-04,0.0,0.0,0.0
2010-10-05,0.0,0.0,0.0
2010-10-06,0.0,0.0,0.0
2010-10-07,0.0,0.0,0.0
2010-10-08,0.0,0.0,0.0
2010-10-09,20.61707847289268,18.4,23.8
2010-10-10,9.037418919276782,8.1,10.4
2010-10-11,0.0,0.0,0.0
2010-10-12,0.0,0.0,0.0
2010-10-13,0.0,0.0,0.0
2010-10-14,0.0,0.0,0.0
2010-10-15,0.0,0.0,0.0
2010-10-16,0.0,0.0,0.0
2010-10-17,0.0,0.0,0.0
2010-10-18,0.0,0.0,0.0
2010-10-19,0.0,0.0,0.0
2010-10-20,0.0,0.0,0.0
2010-10-21,0.0,0.0,0.0
2010-10-22,8.528943292873532,7.6,9.8
2010-10-23,40.01373955869411,35.8,46.2
2010-10-24,49.759938097392116,44.5,57.4
2010-10-25,38.69009131659973,34.6,44.7
2010-10-26,10.560081689786813,9.4,12.2
2010-10-27,1.3176596539264918,1.2,1.5
2010-10-28,9.037418919276782,8.1,10.4
2010-10-29,1.522023261086304,1.4,1.8
2010-10-30,10.560081689786813,9.4,12.2
2010-10-31,6.70234892014764,6.0,7.7
2010-11-01,5.196552646196403,4.6,6.0
2010-11-02,1.8344703151662853,1.6,2.1
2010-11-03,0.0,0.0,0.0
2010-11-04,0.0,0.0,0.0
2010-11-05,0.0,0.0,0.0
2010-11-06,20.177720586081634,17.9,23.3
2010-11-07,23.846943988125208,21.1,27.5
2010-11-08,6.418507320893753,5.7,7.4
2010-11-09,24.048614853393232,21.3,27.8
2010-11-10,5.196552646196403,4.6,6.0
2010-11-11,3.869254915635428,3.4,4.5
2010-11-12,0.0,0.0,0.0
2010-11-13,7.234302482677401,6.4,8.4
2010-11-14,10.907079539345796,9.7,12.6
2010-11-15,8.560167218282414,7.6,9.9
2010-11-16,3.3630467396754944,3.0,3.9
2010-11-17,25.37409640710114,22.5,29.3
2010-11-18,19.66688315948069,17.4,22.7
2010-11-19,5.399840002643604,4.8,6.2
2010-11-20,2.038382816899762,1.8,2.4
2010-11-21,15.793869866792292,14.0,18.2
2010-11-22,34.44157074928716,30.5,39.8
2010-11-23,4.688606819402825,4.2,5.4
2010-11-24,0.5142478839346346,0.5,0.6
2010-11-25,1.8344703151662853,1.6,2.1
2010-11-26,18.34272831133613,16.3,21.2
2010-11-27,9.884721421448134,8.8,11.4
2010-11-28,5.707509085504691,5.1,6.6
2010-11-29,10.39635035643077,9.2,12.0
2010-11-30,38.31613883985379,34.0,44.2
2010-12-01,11.514542926713736,10.3,13.6
2010-12-02,15.41838621021907,13.8,18.3
2010-12-03,0.8250214686548502,0.7,1.0
2010-12-04,0.0,0.0,0.0
2010-12-05,3.9043422258522424,3.5,4.6
2010-12-06,5.754320026582306,5.1,6.8
2010-12-07,3.6990880029868527,3.3,4.4
2010-12-08,22.40445294628247,20.0,26.5
2010-12-09,33.19520412177275,29.6,39.3
2010-12-10,7.297837229147112,6.5,8.6
2010-12-11,52.21048322114297,46.6,61.8
2010-12-12,33.711909811176085,30.1,39.9
2010-12-13,35.252370187169056,31.4,41.7
2010-12-14,29.496428773062007,26.3,34.9
2010-12-15,1.0278570715099267,0.9,1.2
2010-12-16,0.0,0.0,0.0
2010-12-17,8.12046016766563,7.2,9.6
2010-12-18,13.052538646599151,11.6,15.5
2010-12-19,13.875494799473675,12.4,16.4
2010-12-20,5.754320026582306,5.1,6.8
2010-12-21,1.3371932628897398,1.2,1.6
2010-12-22,3.0834608467539826,2.8,3.7
2010-12-23,0.0,0.0,0.0
2010-12-24,1.5416469944813824,1.4,1.8
2010-12-25,4.4211620316173645,3.9,5.2
2010-12-26,17.4705374006188,15.6,20.7
2010-12-27,17.98555263610657,16.0,21.3
2010-12-28,69.99144547696363,62.4,82.9
2010-12-29,9.352288506851666,8.3,11.1
2010-12-30,0.5159429092965292,0.5,0.6
2010-12-31,0.0,0.0,0.0
2011-01-01,0.0,0.0,0.0
2011-01-02,0.0,0.0,0.0
2011-01-03,0.0,0.0,0.0
2011-01-04,0.0,0.0,0.0
2011-01-05,2.3621094201149715,2.1,2.9
2011-01-06,0.5173249538504329,0.5,0.6
2011-01-07,4.42224854849232,3.9,5.4
2011-01-08,6.4789974579819605,5.7,7.8
2011-01-09,2.3621094201149715,2.1,2.9
2011-01-10,0.3045858088395509,0.3,0.4
2011-01-11,0.0,0.0,0.0
2011-01-12,14.913652737132269,13.1,18.1
2011-01-13,24.068371093425633,21.2,29.2
2011-01-14,3.3932089499384506,3.0,4.1
2011-01-15,37.850146829958284,33.3,45.8
2011-01-16,88.55850491794564,77.8,107.3
2011-01-17,4.937994390900652,4.3,6.0
2011-01-18,18.307616137349243,16.1,22.2
2011-01-19,6.274038421569703,5.5,7.6
2011-01-20,0.5173249538504329,0.5,0.6
2011-01-21,8.33139763220631,7.3,10.1
2011-01-22,1.0313824696984126,0.9,1.2
2011-01-23,0.0,0.0,0.0
2011-01-24,0.0,0.0,0.0
2011-01-25,0.0,0.0,0.0
2011-01-26,0.0,0.0,0.0
2011-01-27,0.0,0.0,0.0
2011-01-28,0.0,0.0,0.0
2011-01-29,0.0,0.0,0.0
2011-01-30,0.0,0.0,0.0
2011-01-31,0.0,0.0,0.0
2011-02-01,0.0,0.0,0.0
2011-02-02,0.0,0.0,0.0
2011-02-03,0.0,0.0,0.0
2011-02-04,0.0,0.0,0.0
2011-02-05,2.3826250818737873,2.1,2.8
2011-02-06,0.5239073418766915,0.5,0.6
2011-02-07,16.068061248956365,14.3,18.9
2011-02-08,1.5533089010207093,1.4,1.8
2011-02-09,0.5239073418766915,0.5,0.6
2011-02-10,0.0,0.0,0.0
2011-02-11,0.0,0.0,0.0
2011-02-12,0.8314830366197999,0.7,1.0
2011-02-13,9.433617559199659,8.4,11.1
2011-02-14,19.48973315031003,17.4,22.9
2011-02-15,64.79608165824384,57.8,76.1
2011-02-16,19.48973315031003,17.4,22.9
2011-02-17,12.855057293120582,11.5,15.1
2011-02-18,10.263873330642493,9.2,12.1
2011-02-19,6.01253031970965,5.4,7.1
2011-02-20,2.9006484874177967,2.6,3.4
2011-02-21,3.7325287517035575,3.3,4.4
2011-02-22,10.57496006270196,9.4,12.4
2011-02-23,17.10751509695662,15.3,20.1
2011-02-24,2.5921669916039836,2.3,3.0
2011-02-25,1.8655027377902302,1.7,2.2
2011-02-26,0.0,0.0,0.0
2011-02-27,8.70709110837035,7.8,10.2
2011-02-28,24.985110921737128,22.3,29.3
2011-03-01,6.861735209681303,6.0,7.9
2011-03-02,15.799624302213614,13.7,18.3
2011-03-03,8.418012125500177,7.3,9.8
2011-03-04,8.418012125500177,7.3,9.8
2011-03-05,23.805185603823247,20.7,27.6
2011-03-06,0.5238379522193082,0.5,0.6
2011-03-07,4.470516802987741,3.9,5.2
2011-03-08,22.970514801347313,19.9,26.6
2011-03-09,3.4307457259997194,3.0,4.0
2011-03-10,40.12251248910973,34.8,46.5
2011-03-11,1.0384788123748134,0.9,1.2
2011-03-12,4.263132612662233,3.7,4.9
2011-03-13,13.720345021095754,11.9,15.9
2011-03-14,2.5998946902030413,2.3,3.0
2011-03-15,36.69072953458987,31.9,42.5
2011-03-16,22.970514801347313,19.9,26.6
2011-03-17,4.263132612662233,3.7,4.9
2011-03-18,7.8977338540515465,6.9,9.2
2011-03-19,1.873251012795772,1.6,2.2
2011-03-20,8.418012125500177,7.3,9.8
2011-03-21,10.290526645638234,8.9,11.9
2011-03-22,1.0384788123748134,0.9,1.2
2011-03-23,2.911062227474452,2.5,3.4
2011-03-24,6.861735209681303,6.0,7.9
2011-03-25,17.672760690890517,15.3,20.5
2011-03-26,19.5441250090082,17.0,22.6
2011-03-27,4.989104609092193,4.3,5.8
2011-03-28,2.5998946902030413,2.3,3.0
2011-03-29,20.581539493982035,17.9,23.8
2011-03-30,18.70929272672112,16.2,21.7
2011-03-31,2.391367969723704,2.1,2.8
2011-04-01,0.0,0.0,0.0
2011-04-02,24.555060044151677,20.7,30.7
2011-04-03,0.5219298615397068,0.4,0.6
2011-04-04,10.82098469705074,9.1,13.5
2011-04-05,29.862480786455947,25.2,37.3
2011-04-06,30.17514564872921,25.4,37.7
2011-04-07,6.349270676349731,5.4,7.9
2011-04-08,0.0,0.0,0.0
2011-04-09,0.32029541273972606,0.3,0.4
2011-04-10,0.8223577881004663,0.7,1.0
2011-04-11,15.814876905154339,13.3,19.8
2011-04-12,0.0,0.0,0.0
2011-04-13,1.3514360839475588,1.1,1.7
2011-04-14,10.300793937778892,8.7,12.9
2011-04-15,24.349506884614506,20.5,30.4
2011-04-16,28.822028248860793,24.3,36.0
2011-04-17,0.8223577881004663,0.7,1.0
2011-04-18,1.5608411735542735,1.3,1.9
2011-04-19,1.034243375508953,0.9,1.3
2011-04-20,2.3929175267652467,2.0,3.0
2011-04-21,3.7470762253737404,3.2,4.7
2011-04-22,0.0,0.0,0.0
2011-04-23,0.0,0.0,0.0
2011-04-24,9.260911528113365,7.8,11.6
2011-04-25,31.424308251189622,26.5,39.3
2011-04-26,12.173956782068801,10.3,15.2
2011-04-27,2.916511558036748,2.5,3.6
2011-04-28,22.68237980581868,19.1,28.3
2011-04-29,10.300793937778892,8.7,12.9
2011-04-30,0.0,0.0,0.0
2011-05-01,0.0,0.0,0.0
2011-05-02,0.8559445063639596,0.7,1.1
2011-05-03,0.0,0.0,0.0
2011-05-04,0.0,0.0,0.0
2011-05-05,0.0,0.0,0.0
2011-05-06,7.928685629831507,6.5,9.8
2011-05-07,10.073207084461812,8.3,12.4
2011-05-08,10.93044106685672,9.0,13.5
2011-05-09,1.9298040113200767,1.6,2.4
2011-05-10,0.0,0.0,0.0
2011-05-11,10.93044106685672,9.0,13.5
2011-05-12,2.14354120265806,1.8,2.6
2011-05-13,0.0,0.0,0.0
2011-05-14,1.0694490404713735,0.9,1.3
2011-05-15,10.93044106685672,9.0,13.5
2011-05-16,4.928448407685242,4.1,6.1
2011-05-17,5.4632496661782985,4.5,6.7
2011-05-18,3.21518714635985,2.6,4.0
2011-05-19,0.0,0.0,0.0
2011-05-20,0.0,0.0,0.0
2011-05-21,2.14354120265806,1.8,2.6
2011-05-22,0.5419813631275823,0.4,0.7
2011-05-23,1.3942838977888599,1.1,1.7
2011-05-24,1.0694490404713735,0.9,1.3
2011-05-25,19.071678577297984,15.7,23.5
2011-05-26,7.607448992209961,6.3,9.4
2011-05-27,29.679360058574602,24.4,36.6
2011-05-28,7.069675157268367,5.8,8.7
2011-05-29,2.6797440976178812,2.2,3.3
2011-05-30,3.858928684490235,3.2,4.8
2011-05-31,9.212293094298067,7.6,11.4
2011-06-01,16.086128319976165,12.2,20.8
2011-06-02,3.0044424417518556,2.3,3.9
2011-06-03,0.0,0.0,0.0
2011-06-04,0.0,0.0,0.0
2011-06-05,2.68189607985742,2.0,3.5
2011-06-06,1.0689166253413362,0.8,1.4
2011-06-07,0.8622663219491368,0.6,1.1
2011-06-08,0.0,0.0,0.0
2011-06-09,0.0,0.0,0.0
2011-06-10,0.0,0.0,0.0
2011-06-11,0.0,0.0,0.0
2011-06-12,3.8595258786474966,2.9,5.0
2011-06-13,2.1447836434041982,1.6,2.8
2011-06-14,0.0,0.0,0.0
2011-06-15,0.0,0.0,0.0
2011-06-16,0.0,0.0,0.0
2011-06-17,0.0,0.0,0.0
2011-06-18,7.079518731844216,5.4,9.1
2011-06-19,1.611074474052649,1.2,2.1
2011-06-20,0.0,0.0,0.0
2011-06-21,0.0,0.0,0.0
2011-06-22,0.0,0.0,0.0
2011-06-23,0.0,0.0,0.0
2011-06-24,0.0,0.0,0.0
2011-06-25,0.0,0.0,0.0
2011-06-26,0.0,0.0,0.0
2011-06-27,0.0,0.0,0.0
2011-06-28,13.08474351459521,9.9,16.9
2011-06-29,2.1447836434041982,1.6,2.8
2011-06-30,1.3936602121000896,1.1,1.8
2011-07-01,0.0,0.0,0.0
2011-07-02,0.0,0.0,0.0
2011-07-03,0.0,0.0,0.0
2011-07-04,0.0,0.0,0.0
2011-07-05,0.0,0.0,0.0
2011-07-06,0.0,0.0,0.0
2011-07-07,0.0,0.0,0.0
2011-07-08,0.0,0.0,0.0
2011-07-09,0.0,0.0,0.0
2011-07-10,0.0,0.0,0.0
2011-07-11,0.0,0.0,0.0
2011-07-12,2.586611066341776,1.8,3.7
2011-07-13,0.0,0.0,0.0
2011-07-14,0.0,0.0,0.0
2011-07-15,0.0,0.0,0.0
2011-07-16,12.269754398392603,8.4,17.4
2011-07-17,4.052540434361197,2.8,5.8
2011-07-18,3.14948425432249,2.1,4.5
2011-07-19,20.597490682494414,14.0,29.3
2011-07-20,0.0,0.0,0.0
2011-07-21,0.0,0.0,0.0
2011-07-22,0.0,0.0,0.0
2011-07-23,0.0,0.0,0.0
2011-07-24,0.0,0.0,0.0
2011-07-25,0.0,0.0,0.0
2011-07-26,0.0,0.0,0.0
2011-07-27,0.0,0.0,0.0
2011-07-28,0.0,0.0,0.0
2011-07-29,0.0,0.0,0.0
2011-07-30,0.0,0.0,0.0
2011-07-31,0.0,0.0,0.0
2011-08-01,0.0,0.0,0.0
2011-08-02,0.0,0.0,0.0
2011-08-03,0.0,0.0,0.0
2011-08-04,0.0,0.0,0.0
2011-08-05,0.0,0.0,0.0
2011-08-06,0.0,0.0,0.0
2011-08-07,0.0,0.0,0.0
2011-08-08,0.0,0.0,0.0
2011-08-09,0.0,0.0,0.0
2011-08-10,0.0,0.0,0.0
2011-08-11,0.0,0.0,0.0
2011-08-12,0.0,0.0,0.0
2011-08-13,0.0,0.0,0.0
2011-08-14,0.0,0.0,0.0
2011-08-15,0.0,0.0,0.0
2011-08-16,0.0,0.0,0.0
2011-08-17,0.0,0.0,0.0
2011-08-18,0.0,0.0,0.0
2011-08-19,0.0,0.0,0.0
2011-08-20,0.0,0.0,0.0
2011-08-21,0.0,0.0,0.0
2011-08-22,0.0,0.0,0.0
2011-08-23,0.0,0.0,0.0
2011-08-24,0.5260560849199707,0.4,0.7
2011-08-25,0.0,0.0,0.0
2011-08-26,0.0,0.0,0.0
2011-08-27,0.0,0.0,0.0
2011-08-28,0.0,0.0,0.0
2011-08-29,0.0,0.0,0.0
2011-08-30,0.0,0.0,0.0
2011-08-31,0.0,0.0,0.0
2011-09-01,0.0,0.0,0.0
2011-09-02,0.0,0.0,0.0
2011-09-03,0.0,0.0,0.0
2011-09-04,0.0,0.0,0.0
2011-09-05,0.0,0.0,0.0
2011-09-06,0.0,0.0,0.0
2011-09-07,0.0,0.0,0.0
2011-09-08,0.0,0.0,0.0
2011-09-09,0.0,0.0,0.0
2011-09-10,0.0,0.0,0.0
2011-09-11,0.0,0.0,0.0
2011-09-12,0.0,0.0,0.0
2011-09-13,0.0,0.0,0.0
2011-09-14,0.0,0.0,0.0
2011-09-15,0.0,0.0,0.0
2011-09-16,0.0,0.0,0.0
2011-09-17,0.0,0.0,0.0
2011-09-18,0.0,0.0,0.0
2011-09-19,0.0,0.0,0.0
2011-09-20,0.0,0.0,0.0
2011-09-21,0.0,0.0,0.0
2011-09-22,0.0,0.0,0.0
2011-09-23,0.0,0.0,0.0
2011-09-24,0.5285506219599676,0.5,0.6
2011-09-25,9.123844827348066,8.0,10.9
2011-09-26,0.31328755530511265,0.3,0.4
2011-09-27,4.561626329258227,4.0,5.5
2011-09-28,0.0,0.0,0.0
2011-09-29,0.0,0.0,0.0
2011-09-30,0.0,0.0,0.0
2011-10-01,0.5175549971932952,0.5,0.6
2011-10-02,5.891391166548533,5.3,6.8
2011-10-03,11.36953461468144,10.2,13.1
2011-10-04,10.560081689786813,9.4,12.2
2011-10-05,12.083797197448705,10.8,13.9
2011-10-06,3.6539996906436953,3.3,4.2
2011-10-07,1.8310583933371036,1.6,2.1
2011-10-08,0.0,0.0,0.0
2011-10-09,0.0,0.0,0.0
2011-10-10,25.7921645981253,23.1,29.8
2011-10-11,20.921560276430135,18.7,24.1
2011-10-12,0.0,0.0,0.0
2011-10-13,0.0,0.0,0.0
2011-10-14,0.0,0.0,0.0
2011-10-15,0.5175549971932952,0.5,0.6
2011-10-16,2.843023982689109,2.5,3.3
2011-10-17,0.0,0.0,0.0
2011-10-18,0.0,0.0,0.0
2011-10-19,0.0,0.0,0.0
2011-10-20,0.0,0.0,0.0
2011-10-21,0.0,0.0,0.0
2011-10-22,0.0,0.0,0.0
2011-10-23,0.0,0.0,0.0
2011-10-24,1.012186654700797,0.9,1.2
2011-10-25,0.0,0.0,0.0
2011-10-26,0.0,0.0,0.0
2011-10-27,0.0,0.0,0.0
2011-10-28,2.843023982689109,2.5,3.3
2011-10-29,5.381980034469359,4.8,6.2
2011-10-30,11.57502018211924,10.4,13.4
2011-10-31,7.209109434580331,6.4,8.3
2011-11-01,0.0,0.0,0.0
2011-11-02,0.0,0.0,0.0
2011-11-03,6.215516457027212,5.5,7.2
2011-11-04,0.302296498719456,0.3,0.4
2011-11-05,7.030779370212084,6.2,8.1
2011-11-06,1.5258792711716984,1.4,1.8
2011-11-07,1.5258792711716984,1.4,1.8
2011-11-08,0.5142478839346346,0.5,0.6
2011-11-09,0.0,0.0,0.0
2011-11-10,0.0,0.0,0.0
2011-11-11,0.5142478839346346,0.5,0.6
2011-11-12,11.107463207775403,9.8,12.8
2011-11-13,8.560167218282414,7.6,9.9
2011-11-14,12.428791769019442,11.0,14.4
2011-11-15,8.049353795040053,7.1,9.3
2011-11-16,29.754440348682497,26.4,34.4
2011-11-17,32.60837668887595,28.9,37.6
2011-11-18,28.431623298389304,25.2,32.8
2011-11-19,9.070422108742234,8.0,10.5
2011-11-20,1.3215208868893238,1.2,1.5
2011-11-21,10.088349185748676,8.9,11.6
2011-11-22,31.28366950062598,27.7,36.1
2011-11-23,8.560167218282414,7.6,9.9
2011-11-24,14.981209577598035,13.3,17.3
2011-11-25,18.34272831133613,16.3,21.2
2011-11-26,0.0,0.0,0.0
2011-11-27,4.175166776974578,3.7,4.8
2011-11-28,3.0575216635127496,2.7,3.5
2011-11-29,0.8224105197339383,0.7,0.9
2011-11-30,7.030779370212084,6.2,8.1
2011-12-01,0.0,0.0,0.0
2011-12-02,0.0,0.0,0.0
2011-12-03,0.0,0.0,0.0
2011-12-04,0.0,0.0,0.0
2011-12-05,0.0,0.0,0.0
2011-12-06,0.0,0.0,0.0
2011-12-07,0.0,0.0,0.0
2011-12-08,0.0,0.0,0.0
2011-12-09,0.0,0.0,0.0
2011-12-10,0.0,0.0,0.0
2011-12-11,0.0,0.0,0.0
2011-12-12,0.0,0.0,0.0
2011-12-13,0.0,0.0,0.0
2011-12-14,0.0,0.0,0.0
2011-12-15,4.4211620316173645,3.9,5.2
2011-12-16,0.3048005084493224,0.3,0.4
2011-12-17,0.3048005084493224,0.3,0.4
2011-12-18,1.0278570715099267,0.9,1.2
2011-12-19,0.0,0.0,0.0
2011-12-20,0.0,0.0,0.0
2011-12-21,0.0,0.0,0.0
2011-12-22,0.0,0.0,0.0
2011-12-23,0.0,0.0,0.0
2011-12-24,0.0,0.0,0.0
2011-12-25,4.4211620316173645,3.9,5.2
2011-12-26,0.0,0.0,0.0
2011-12-27,5.444932564799191,4.9,6.4
2011-12-28,90.85441420327477,81.0,107.6
2011-12-29,51.904845493113896,46.3,61.4
2011-12-30,101.03015569758458,90.1,119.6
2011-12-31,1.0278570715099267,0.9,1.2
2012-01-01,0.0,0.0,0.0
2012-01-02,0.5173249538504329,0.5,0.6
2012-01-03,0.0,0.0,0.0
2012-01-04,1.8550395216229574,1.6,2.2
2012-01-05,5.450563412801506,4.8,6.6
2012-01-06,1.0313824696984126,0.9,1.2
2012-01-07,0.5173249538504329,0.5,0.6
2012-01-08,0.0,0.0,0.0
2012-01-09,0.0,0.0,0.0
2012-01-10,0.82673967614764,0.7,1.0
2012-01-11,0.0,0.0,0.0
2012-01-12,0.0,0.0,0.0
2012-01-13,0.0,0.0,0.0
2012-01-14,4.937994390900652,4.3,6.0
2012-01-15,2.3621094201149715,2.1,2.9
2012-01-16,1.5440290380230377,1.4,1.9
2012-01-17,1.5440290380230377,1.4,1.9
2012-01-18,120.4447180121288,105.9,145.9
2012-01-19,76.83431875376102,67.5,93.1
2012-01-20,13.372033830923293,11.8,16.2
2012-01-21,25.096796330408594,22.1,30.4
2012-01-22,7.8168470564832555,6.9,9.5
2012-01-23,2.8774864463963143,2.5,3.5
2012-01-24,62.9491412097242,55.3,76.2
2012-01-25,6.790395379822047,6.0,8.2
2012-01-26,32.40153232432152,28.5,39.2
2012-01-27,0.0,0.0,0.0
2012-01-28,0.0,0.0,0.0
2012-01-29,20.36642579443819,17.9,24.7
2012-01-30,5.966613259656421,5.2,7.2
2012-01-31,0.5173249538504329,0.5,0.6
2012-02-01,20.01177844413502,17.9,23.5
2012-02-02,0.0,0.0,0.0
2012-02-03,0.0,0.0,0.0
2012-02-04,0.0,0.0,0.0
2012-02-05,0.0,0.0,0.0
2012-02-06,0.0,0.0,0.0
2012-02-07,0.3042251560095856,0.3,0.4
2012-02-08,20.52644150845844,18.3,24.1
2012-02-09,6.01253031970965,5.4,7.1
2012-02-10,10.263873330642493,9.2,12.1
2012-02-11,3.108497650978627,2.8,3.7
2012-02-12,0.0,0.0,0.0
2012-02-13,0.5239073418766915,0.5,0.6
2012-02-14,8.397837852823,7.5,9.9
2012-02-15,1.5533089010207093,1.4,1.8
2012-02-16,0.8314830366197999,0.7,1.0
2012-02-17,7.36005487172342,6.6,8.6
2012-02-18,11.300087975852051,10.1,13.3
2012-02-19,0.0,0.0,0.0
2012-02-20,13.996245022143924,12.5,16.4
2012-02-21,3.108497650978627,2.8,3.7
2012-02-22,33.484645924011915,29.9,39.3
2012-02-23,0.0,0.0,0.0
2012-02-24,21.563848986058105,19.2,25.3
2012-02-25,17.10751509695662,15.3,20.1
2012-02-26,4.45808229426263,4.0,5.2
2012-02-27,2.9006484874177967,2.6,3.4
2012-02-28,11.612566708422476,10.4,13.6
2012-02-29,9.433617559199659,8.4,11.1
2012-03-01,21.413023516728114,18.6,24.8
2012-03-02,1.0384788123748134,0.9,1.2
2012-03-03,0.0,0.0,0.0
2012-03-04,0.0,0.0,0.0
2012-03-05,20.891666217413217,18.1,24.2
2012-03-06,4.263132612662233,3.7,4.9
2012-03-07,0.0,0.0,0.0
2012-03-08,0.0,0.0,0.0
2012-03-09,0.0,0.0,0.0
2012-03-10,8.212704351406293,7.1,9.5
2012-03-11,19.231781127574017,16.7,22.3
2012-03-12,11.639477493806424,10.1,13.5
2012-03-13,30.87267511668045,26.8,35.8
2012-03-14,21.93264725012319,19.0,25.4
2012-03-15,53.3240821066374,46.3,61.8
2012-03-16,16.11231037763053,14.0,18.7
2012-03-17,8.212704351406293,7.1,9.5
2012-03-18,4.263132612662233,3.7,4.9
2012-03-19,5.298543331482658,4.6,6.1
2012-03-20,62.05489459044756,53.9,71.9
2012-03-21,61.01691521185012,53.0,70.7
2012-03-22,11.639477493806424,10.1,13.5
2012-03-23,0.5238379522193082,0.5,0.6
2012-03-24,0.0,0.0,0.0
2012-03-25,1.5599796257167495,1.4,1.8
2012-03-26,0.5238379522193082,0.5,0.6
2012-03-27,3.117496046760148,2.7,3.6
2012-03-28,6.027446937671366,5.2,7.0
2012-03-29,30.666013874470238,26.6,35.5
2012-03-30,80.2461668618402,69.7,93.0
2012-03-31,17.672760690890517,15.3,20.5
2012-04-01,13.52892985771928,11.4,16.9
2012-04-02,0.32029541273972606,0.3,0.4
2012-04-03,6.870559070907082,5.8,8.6
2012-04-04,8.742493508791105,7.4,10.9
2012-04-05,3.7470762253737404,3.2,4.7
2012-04-06,0.0,0.0,0.0
2012-04-07,0.0,0.0,0.0
2012-04-08,0.0,0.0,0.0
2012-04-09,0.0,0.0,0.0
2012-04-10,0.8223577881004663,0.7,1.0
2012-04-11,9.778760725633513,8.2,12.2
2012-04-12,6.555830368777597,5.5,8.2
2012-04-13,1.3514360839475588,1.1,1.7
2012-04-14,1.5608411735542735,1.3,1.9
2012-04-15,0.0,0.0,0.0
2012-04-16,32.77800050227135,27.6,40.9
2012-04-17,7.38579487378253,6.2,9.2
2012-04-18,10.300793937778892,8.7,12.9
2012-04-19,25.388887418044167,21.4,31.7
2012-04-20,1.3514360839475588,1.1,1.7
2012-04-21,0.0,0.0,0.0
2012-04-22,0.0,0.0,0.0
2012-04-23,8.949937284654265,7.5,11.2
2012-04-24,0.8223577881004663,0.7,1.0
2012-04-25,8.221036135617961,6.9,10.3
2012-04-26,28.30426965903965,23.9,35.4
2012-04-27,7.179342608710873,6.1,9.0
2012-04-28,0.5219298615397068,0.4,0.6
2012-04-29,0.0,0.0,0.0
2012-04-30,22.996709327621552,19.4,28.7
2012-05-01,5.4632496661782985,4.5,6.7
2012-05-02,1.6092601143495053,1.3,2.0
2012-05-03,23.67776806381713,19.5,29.2
2012-05-04,11.678919436454299,9.6,14.4
2012-05-05,1.0694490404713735,0.9,1.3
2012-05-06,0.0,0.0,0.0
2012-05-07,0.0,0.0,0.0
2012-05-08,0.0,0.0,0.0
2012-05-09,0.0,0.0,0.0
2012-05-10,0.0,0.0,0.0
2012-05-11,0.0,0.0,0.0
2012-05-12,0.0,0.0,0.0
2012-05-13,0.0,0.0,0.0
2012-05-14,0.0,0.0,0.0
2012-05-15,0.0,0.0,0.0
2012-05-16,0.0,0.0,0.0
2012-05-17,0.0,0.0,0.0
2012-05-18,0.0,0.0,0.0
2012-05-19,0.0,0.0,0.0
2012-05-20,0.0,0.0,0.0
2012-05-21,18.21446696723491,15.0,22.5
2012-05-22,11.142267555260053,9.2,13.8
2012-05-23,4.607277896034927,3.8,5.7
2012-05-24,18.21446696723491,15.0,22.5
2012-05-25,7.607448992209961,6.3,9.4
2012-05-26,1.6092601143495053,1.3,2.0
2012-05-27,0.0,0.0,0.0
2012-05-28,0.0,0.0,0.0
2012-05-29,0.0,0.0,0.0
2012-05-30,0.0,0.0,0.0
2012-05-31,0.0,0.0,0.0
2012-06-01,0.0,0.0,0.0
2012-06-02,3.8595258786474966,2.9,5.0
2012-06-03,1.611074474052649,1.2,2.1
2012-06-04,23.16604198723254,17.5,29.9
2012-06-05,17.15918095159292,13.0,22.1
2012-06-06,1.3936602121000896,1.1,1.8
2012-06-07,17.69645797317547,13.4,22.8
2012-06-08,14.477504461160194,10.9,18.7
2012-06-09,13.08474351459521,9.9,16.9
2012-06-10,0.0,0.0,0.0
2012-06-11,0.0,0.0,0.0
2012-06-12,1.0689166253413362,0.8,1.4
2012-06-13,0.8622663219491368,0.6,1.1
2012-06-14,0.32234129497515424,0.2,0.4
2012-06-15,0.0,0.0,0.0
2012-06-16,0.0,0.0,0.0
2012-06-17,0.0,0.0,0.0
2012-06-18,4.9341470110528745,3.7,6.4
2012-06-19,1.9306260487999942,1.5,2.5
2012-06-20,0.0,0.0,0.0
2012-06-21,0.0,0.0,0.0
2012-06-22,6.754687472908059,5.1,8.7
2012-06-23,17.15918095159292,13.0,22.1
2012-06-24,9.010171879525014,6.8,11.6
2012-06-25,3.5385003438870513,2.7,4.6
2012-06-26,6.006310177988937,4.5,7.7
2012-06-27,0.8622663219491368,0.6,1.1
2012-06-28,0.0,0.0,0.0
2012-06-29,0.0,0.0,0.0
2012-06-30,1.9306260487999942,1.5,2.5
2012-07-01,1.1251558446872005,0.8,1.6
2012-07-02,0.0,0.0,0.0
2012-07-03,0.0,0.0,0.0
2012-07-04,2.586611066341776,1.8,3.7
2012-07-05,0.0,0.0,0.0
2012-07-06,0.0,0.0,0.0
2012-07-07,0.0,0.0,0.0
2012-07-08,0.0,0.0,0.0
2012-07-09,0.0,0.0,0.0
2012-07-10,0.0,0.0,0.0
2012-07-11,0.0,0.0,0.0
2012-07-12,0.0,0.0,0.0
2012-07-13,0.0,0.0,0.0
2012-07-14,0.0,0.0,0.0
2012-07-15,0.0,0.0,0.0
2012-07-16,0.0,0.0,0.0
2012-07-17,0.0,0.0,0.0
2012-07-18,4.052540434361197,2.8,5.8
2012-07-19,0.9018295581295481,0.6,1.3
2012-07-20,0.0,0.0,0.0
2012-07-21,0.0,0.0,0.0
2012-07-22,0.0,0.0,0.0
2012-07-23,0.0,0.0,0.0
2012-07-24,0.0,0.0,0.0
2012-07-25,0.0,0.0,0.0
2012-07-26,0.0,0.0,0.0
2012-07-27,0.5631077962392734,0.4,0.8
2012-07-28,0.0,0.0,0.0
2012-07-29,0.0,0.0,0.0
2012-07-30,0.0,0.0,0.0
2012-07-31,0.0,0.0,0.0
2012-08-01,0.0,0.0,0.0
2012-08-02,0.0,0.0,0.0
2012-08-03,0.0,0.0,0.0
2012-08-04,0.0,0.0,0.0
2012-08-05,0.5260560849199707,0.4,0.7
2012-08-06,1.0535598521999154,0.8,1.3
2012-08-07,0.0,0.0,0.0
2012-08-08,0.0,0.0,0.0
2012-08-09,0.0,0.0,0.0
2012-08-10,0.0,0.0,0.0
2012-08-11,0.0,0.0,0.0
2012-08-12,0.0,0.0,0.0
2012-08-13,0.0,0.0,0.0
2012-08-14,0.0,0.0,0.0
2012-08-15,0.0,0.0,0.0
2012-08-16,0.0,0.0,0.0
2012-08-17,0.0,0.0,0.0
2012-08-18,1.5807565178783878,1.3,2.0
2012-08-19,0.0,0.0,0.0
2012-08-20,0.0,0.0,0.0
2012-08-21,0.0,0.0,0.0
2012-08-22,0.0,0.0,0.0
2012-08-23,0.0,0.0,0.0
2012-08-24,0.0,0.0,0.0
2012-08-25,0.0,0.0,0.0
2012-08-26,0.0,0.0,0.0
2012-08-27,0.0,0.0,0.0
2012-08-28,0.0,0.0,0.0
2012-08-29,0.0,0.0,0.0
2012-08-30,0.0,0.0,0.0
2012-08-31,0.0,0.0,0.0
2012-09-01,0.0,0.0,0.0
2012-09-02,0.0,0.0,0.0
2012-09-03,0.0,0.0,0.0
2012-09-04,0.0,0.0,0.0
2012-09-05,0.0,0.0,0.0
2012-09-06,0.0,0.0,0.0
2012-09-07,0.0,0.0,0.0
2012-09-08,0.0,0.0,0.0
2012-09-09,0.0,0.0,0.0
2012-09-10,0.0,0.0,0.0
2012-09-11,0.31328755530511265,0.3,0.4
2012-09-12,0.0,0.0,0.0
2012-09-13,0.0,0.0,0.0
2012-09-14,0.0,0.0,0.0
2012-09-15,0.0,0.0,0.0
2012-09-16,0.0,0.0,0.0
2012-09-17,0.0,0.0,0.0
2012-09-18,0.0,0.0,0.0
2012-09-19,0.0,0.0,0.0
2012-09-20,0.0,0.0,0.0
2012-09-21,0.0,0.0,0.0
2012-09-22,0.0,0.0,0.0
2012-09-23,1.5904123774391157,1.4,1.9
2012-09-24,0.0,0.0,0.0
2012-09-25,0.0,0.0,0.0
2012-09-26,0.0,0.0,0.0
2012-09-27,0.0,0.0,0.0
2012-09-28,0.0,0.0,0.0
2012-09-29,0.0,0.0,0.0
2012-09-30,0.0,0.0,0.0
2012-10-01,0.0,0.0,0.0
2012-10-02,0.0,0.0,0.0
2012-10-03,0.0,0.0,0.0
2012-10-04,0.0,0.0,0.0
2012-10-05,0.0,0.0,0.0
2012-10-06,0.0,0.0,0.0
2012-10-07,0.0,0.0,0.0
2012-10-08,0.0,0.0,0.0
2012-10-09,0.0,0.0,0.0
2012-10-10,0.0,0.0,0.0
2012-10-11,0.0,0.0,0.0
2012-10-12,4.366483814255474,3.9,5.0
2012-10-13,10.357607392825457,9.3,12.0
2012-10-14,2.336811555284084,2.1,2.7
2012-10-15,52.09649512434024,46.6,60.1
2012-10-16,47.72917799419368,42.7,55.1
2012-10-17,8.528943292873532,7.6,9.8
2012-10-18,0.0,0.0,0.0
2012-10-19,10.357607392825457,9.3,12.0
2012-10-20,19.294197412554848,17.3,22.3
2012-10-21,5.178924838924272,4.6,6.0
2012-10-22,16.752784043471056,15.0,19.3
2012-10-23,9.847441149240709,8.8,11.4
2012-10-24,8.225933165258667,7.4,9.5
2012-10-25,2.336811555284084,2.1,2.7
2012-10-26,0.0,0.0,0.0
2012-10-27,15.94316310976033,14.3,18.4
2012-10-28,35.034560517965765,31.3,40.4
2012-10-29,21.42921401882345,19.2,24.7
2012-10-30,0.3010862083023276,0.3,0.4
2012-10-31,6.194959673475954,5.5,7.1
2012-11-01,14.471042197682335,12.8,16.7
2012-11-02,3.869254915635428,3.4,4.5
2012-11-03,1.3215208868893238,1.2,1.5
2012-11-04,0.0,0.0,0.0
2012-11-05,0.0,0.0,0.0
2012-11-06,0.0,0.0,0.0
2012-11-07,4.175166776974578,3.7,4.8
2012-11-08,1.8344703151662853,1.6,2.1
2012-11-09,11.615257190713658,10.3,13.4
2012-11-10,6.418507320893753,5.7,7.4
2012-11-11,1.3215208868893238,1.2,1.5
2012-11-12,41.68020925207838,36.9,48.1
2012-11-13,1.3215208868893238,1.2,1.5
2012-11-14,0.0,0.0,0.0
2012-11-15,0.0,0.0,0.0
2012-11-16,0.0,0.0,0.0
2012-11-17,12.634239302023737,11.2,14.6
2012-11-18,9.577953561680781,8.5,11.1
2012-11-19,24.864375561165442,22.0,28.7
2012-11-20,86.20495415639328,76.4,99.5
2012-11-21,50.748329644121725,45.0,58.6
2012-11-22,0.0,0.0,0.0
2012-11-23,5.196552646196403,4.6,6.0
2012-11-24,44.529486148860464,39.5,51.4
2012-11-25,1.8344703151662853,1.6,2.1
2012-11-26,0.0,0.0,0.0
2012-11-27,0.0,0.0,0.0
2012-11-28,0.0,0.0,0.0
2012-11-29,13.96201751118641,12.4,16.1
2012-11-30,26.19008323820099,23.2,30.2
2012-12-01,34.9441598744498,31.2,41.4
2012-12-02,63.93126388148251,57.0,75.7
2012-12-03,8.32518687011388,7.4,9.9
2012-12-04,60.84289133890838,54.3,72.0
2012-12-05,24.25677688837387,21.6,28.7
2012-12-06,2.3639781767641805,2.1,2.8
2012-12-07,7.297837229147112,6.5,8.6
2012-12-08,3.0834608467539826,2.8,3.7
2012-12-09,3.0834608467539826,2.8,3.7
2012-12-10,2.05771316793035,1.8,2.4
2012-12-11,9.96817607715765,8.9,11.8
2012-12-12,8.635908866062204,7.7,10.2
2012-12-13,1.5416469944813824,1.4,1.8
2012-12-14,3.6990880029868527,3.3,4.4
2012-12-15,8.32518687011388,7.4,9.9
2012-12-16,18.49820573833413,16.5,21.9
2012-12-17,50.36246788191602,44.9,59.6
2012-12-18,7.811420459070519,7.0,9.2
2012-12-19,11.71818849353243,10.5,13.9
2012-12-20,26.105453448129325,23.3,30.9
2012-12-21,10.998528670201198,9.8,13.0
2012-12-22,23.742283930833896,21.2,28.1
2012-12-23,27.955281370725984,24.9,33.1
2012-12-24,6.479167453744556,5.8,7.7
2012-12-25,33.39924413420577,29.8,39.5
2012-12-26,12.542493709608213,11.2,14.8
2012-12-27,8.32518687011388,7.4,9.9
2012-12-28,0.0,0.0,0.0
2012-12-29,0.0,0.0,0.0
2012-12-30,1.0278570715099267,0.9,1.2
2012-12-31,0.0,0.0,0.0
2013-01-01,0.0,0.0,0.0
2013-01-02,0.0,0.0,0.0
2013-01-03,0.0,0.0,0.0
2013-01-04,0.3045858088395509,0.3,0.4
2013-01-05,0.5173249538504329,0.5,0.6
2013-01-06,0.0,0.0,0.0
2013-01-07,16.764670695373482,14.7,20.3
2013-01-08,9.156123421344887,8.0,11.1
2013-01-09,17.999586558393474,15.8,21.8
2013-01-10,4.216668448442297,3.7,5.1
2013-01-11,4.42224854849232,3.9,5.4
2013-01-12,0.0,0.0,0.0
2013-01-13,0.0,0.0,0.0
2013-01-14,0.0,0.0,0.0
2013-01-15,0.0,0.0,0.0
2013-01-16,0.0,0.0,0.0
2013-01-17,0.0,0.0,0.0
2013-01-18,0.0,0.0,0.0
2013-01-19,0.0,0.0,0.0
2013-01-20,0.0,0.0,0.0
2013-01-21,0.0,0.0,0.0
2013-01-22,0.0,0.0,0.0
2013-01-23,5.24453352161597,4.6,6.4
2013-01-24,1.0313824696984126,0.9,1.2
2013-01-25,26.638784379276444,23.4,32.3
2013-01-26,13.063185641439718,11.5,15.8
2013-01-27,13.886903268293514,12.2,16.8
2013-01-28,5.450563412801506,4.8,6.6
2013-01-29,42.584230035048954,37.4,51.6
2013-01-30,6.4789974579819605,5.7,7.8
2013-01-31,1.8550395216229574,1.6,2.2
2013-02-01,0.0,0.0,0.0
2013-02-02,0.0,0.0,0.0
2013-02-03,0.0,0.0,0.0
2013-02-04,0.0,0.0,0.0
2013-02-05,10.57496006270196,9.4,12.4
2013-02-06,5.805320823940508,5.2,6.8
2013-02-07,6.324606276837453,5.6,7.4
2013-02-08,1.0367530930161,0.9,1.2
2013-02-09,0.0,0.0,0.0
2013-02-10,0.3042251560095856,0.3,0.4
2013-02-11,0.0,0.0,0.0
2013-02-12,0.8314830366197999,0.7,1.0
2013-02-13,0.5239073418766915,0.5,0.6
2013-02-14,0.3042251560095856,0.3,0.4
2013-02-15,0.0,0.0,0.0
2013-02-16,1.0367530930161,0.9,1.2
2013-02-17,1.3505209767182442,1.2,1.6
2013-02-18,0.0,0.0,0.0
2013-02-19,0.8314830366197999,0.7,1.0
2013-02-20,5.286059532770104,4.7,6.2
2013-02-21,5.495602750260482,4.9,6.5
2013-02-22,37.63466077304921,33.6,44.2
2013-02-23,11.300087975852051,10.1,13.3
2013-02-24,0.0,0.0,0.0
2013-02-25,8.70709110837035,7.8,10.2
2013-02-26,0.5239073418766915,0.5,0.6
2013-02-27,4.770581281605633,4.3,5.6
2013-02-28,17.416688185661847,15.5,20.5
2013-03-01,7.3806102087384415,6.4,8.6
2013-03-02,0.5238379522193082,0.5,0.6
2013-03-03,3.117496046760148,2.7,3.6
2013-03-04,0.0,0.0,0.0
2013-03-05,0.8326670428531628,0.7,1.0
2013-03-06,15.278713530348085,13.3,17.7
2013-03-07,1.5599796257167495,1.4,1.8
2013-03-08,0.0,0.0,0.0
2013-03-09,0.0,0.0,0.0
2013-03-10,0.5238379522193082,0.5,0.6
2013-03-11,0.5238379522193082,0.5,0.6
2013-03-12,0.0,0.0,0.0
2013-03-13,0.0,0.0,0.0
2013-03-14,0.0,0.0,0.0
2013-03-15,1.5599796257167495,1.4,1.8
2013-03-16,12.159760006904188,10.6,14.1
2013-03-17,8.212704351406293,7.1,9.5
2013-03-18,0.8326670428531628,0.7,1.0
2013-03-19,3.4307457259997194,3.0,4.0
2013-03-20,50.41348076421912,43.8,58.4
2013-03-21,10.811377650740914,9.4,12.5
2013-03-22,0.8326670428531628,0.7,1.0
2013-03-23,2.0823911234136716,1.8,2.4
2013-03-24,0.0,0.0,0.0
2013-03-25,0.0,0.0,0.0
2013-03-26,1.0384788123748134,0.9,1.2
2013-03-27,2.0823911234136716,1.8,2.4
2013-03-28,1.873251012795772,1.6,2.2
2013-03-29,4.470516802987741,3.9,5.2
2013-03-30,0.0,0.0,0.0
2013-03-31,1.5599796257167495,1.4,1.8
2013-04-01,3.7470762253737404,3.2,4.7
2013-04-02,0.0,0.0,0.0
2013-04-03,0.0,0.0,0.0
2013-04-04,15.607399173240868,13.2,19.5
2013-04-05,20.394931039895308,17.2,25.5
2013-04-06,28.30426965903965,23.9,35.4
2013-04-07,38.81335211555599,32.7,48.5
2013-04-08,10.091867049214006,8.5,12.6
2013-04-09,1.034243375508953,0.9,1.3
2013-04-10,7.38579487378253,6.2,9.2
2013-04-11,0.0,0.0,0.0
2013-04-12,0.0,0.0,0.0
2013-04-13,10.091867049214006,8.5,12.6
2013-04-14,1.034243375508953,0.9,1.3
2013-04-15,7.703822857303511,6.5,9.6
2013-04-16,7.38579487378253,6.2,9.2
2013-04-17,0.32029541273972606,0.3,0.4
2013-04-18,0.0,0.0,0.0
2013-04-19,29.032154653923385,24.5,36.3
2013-04-20,4.991679632975555,4.2,6.2
2013-04-21,0.32029541273972606,0.3,0.4
2013-04-22,0.5219298615397068,0.4,0.6
2013-04-23,0.0,0.0,0.0
2013-04-24,0.0,0.0,0.0
2013-04-25,0.0,0.0,0.0
2013-04-26,0.0,0.0,0.0
2013-04-27,0.0,0.0,0.0
2013-04-28,0.0,0.0,0.0
2013-04-29,4.2649401217265135,3.6,5.3
2013-04-30,0.0,0.0,0.0
2013-05-01,0.0,0.0,0.0
2013-05-02,0.0,0.0,0.0
2013-05-03,0.0,0.0,0.0
2013-05-04,0.0,0.0,0.0
2013-05-05,0.0,0.0,0.0
2013-05-06,0.0,0.0,0.0
2013-05-07,0.0,0.0,0.0
2013-05-08,0.0,0.0,0.0
2013-05-09,0.0,0.0,0.0
2013-05-10,0.0,0.0,0.0
2013-05-11,0.0,0.0,0.0
2013-05-12,0.0,0.0,0.0
2013-05-13,0.5419813631275823,0.4,0.7
2013-05-14,0.0,0.0,0.0
2013-05-15,0.0,0.0,0.0
2013-05-16,1.3942838977888599,1.1,1.7
2013-05-17,3.534478310299395,2.9,4.4
2013-05-18,2.464533267900699,2.0,3.0
2013-05-19,3.534478310299395,2.9,4.4
2013-05-20,1.0694490404713735,0.9,1.3
2013-05-21,28.289154054182287,23.3,34.9
2013-05-22,13.075071579869975,10.8,16.1
2013-05-23,8.678184246658788,7.1,10.7
2013-05-24,8.463292605120653,7.0,10.4
2013-05-25,2.14354120265806,1.8,2.6
2013-05-26,12.538123707321503,10.3,15.5
2013-05-27,29.142844842401185,24.0,36.0
2013-05-28,6.003747110070403,4.9,7.4
2013-05-29,20.677681864298503,17.0,25.5
2013-05-30,1.6092601143495053,1.3,2.0
2013-05-31,0.0,0.0,0.0
2013-06-01,0.32234129497515424,0.2,0.4
2013-06-02,0.0,0.0,0.0
2013-06-03,0.0,0.0,0.0
2013-06-04,0.0,0.0,0.0
2013-06-05,0.0,0.0,0.0
2013-06-06,0.0,0.0,0.0
2013-06-07,0.0,0.0,0.0
2013-06-08,0.0,0.0,0.0
2013-06-09,0.0,0.0,0.0
2013-06-10,0.0,0.0,0.0
2013-06-11,0.0,0.0,0.0
2013-06-12,0.0,0.0,0.0
2013-06-13,1.611074474052649,1.2,2.1
2013-06-14,1.9306260487999942,1.5,2.5
2013-06-15,0.0,0.0,0.0
2013-06-16,0.0,0.0,0.0
2013-06-17,0.0,0.0,0.0
2013-06-18,1.0689166253413362,0.8,1.4
2013-06-19,14.15768481516712,10.7,18.3
2013-06-20,3.0044424417518556,2.3,3.9
2013-06-21,0.0,0.0,0.0
2013-06-22,0.0,0.0,0.0
2013-06-23,9.54481068677459,7.2,12.3
2013-06-24,5.683145036547243,4.3,7.3
2013-06-25,17.15918095159292,13.0,22.1
2013-06-26,9.010171879525014,6.8,11.6
2013-06-27,0.0,0.0,0.0
2013-06-28,0.0,0.0,0.0
2013-06-29,0.0,0.0,0.0
2013-06-30,0.0,0.0,0.0
2013-07-01,0.0,0.0,0.0
2013-07-02,0.0,0.0,0.0
2013-07-03,0.0,0.0,0.0
2013-07-04,0.0,0.0,0.0
2013-07-05,0.0,0.0,0.0
2013-07-06,0.0,0.0,0.0
2013-07-07,0.0,0.0,0.0
2013-07-08,0.0,0.0,0.0
2013-07-09,0.0,0.0,0.0
2013-07-10,0.0,0.0,0.0
2013-07-11,0.0,0.0,0.0
2013-07-12,0.0,0.0,0.0
2013-07-13,0.0,0.0,0.0
2013-07-14,0.0,0.0,0.0
2013-07-15,0.0,0.0,0.0
2013-07-16,0.0,0.0,0.0
2013-07-17,0.0,0.0,0.0
2013-07-18,0.0,0.0,0.0
2013-07-19,0.0,0.0,0.0
2013-07-20,0.0,0.0,0.0
2013-07-21,0.0,0.0,0.0
2013-07-22,0.0,0.0,0.0
2013-07-23,0.0,0.0,0.0
2013-07-24,0.0,0.0,0.0
2013-07-25,0.0,0.0,0.0
2013-07-26,0.0,0.0,0.0
2013-07-27,0.0,0.0,0.0
2013-07-28,0.0,0.0,0.0
2013-07-29,0.0,0.0,0.0
2013-07-30,0.0,0.0,0.0
2013-07-31,0.0,0.0,0.0
2013-08-01,0.0,0.0,0.0
2013-08-02,0.0,0.0,0.0
2013-08-03,0.0,0.0,0.0
2013-08-04,0.0,0.0,0.0
2013-08-05,0.0,0.0,0.0
2013-08-06,0.0,0.0,0.0
2013-08-07,0.0,0.0,0.0
2013-08-08,0.0,0.0,0.0
2013-08-09,13.921178252088556,11.2,17.5
2013-08-10,0.5260560849199707,0.4,0.7
2013-08-11,0.0,0.0,0.0
2013-08-12,0.0,0.0,0.0
2013-08-13,0.0,0.0,0.0
2013-08-14,0.0,0.0,0.0
2013-08-15,0.0,0.0,0.0
2013-08-16,0.0,0.0,0.0
2013-08-17,0.0,0.0,0.0
2013-08-18,0.0,0.0,0.0
2013-08-19,0.0,0.0,0.0
2013-08-20,0.0,0.0,0.0
2013-08-21,0.0,0.0,0.0
2013-08-22,0.8419702643089455,0.7,1.1
2013-08-23,0.0,0.0,0.0
2013-08-24,0.0,0.0,0.0
2013-08-25,24.15135471873344,19.4,30.3
2013-08-26,2.4251192731165228,1.9,3.0
2013-08-27,0.0,0.0,0.0
2013-08-28,0.0,0.0,0.0
2013-08-29,2.9541456585578243,2.4,3.7
2013-08-30,0.0,0.0,0.0
2013-08-31,0.0,0.0,0.0
2013-09-01,0.0,0.0,0.0
2013-09-02,0.0,0.0,0.0
2013-09-03,0.0,0.0,0.0
2013-09-04,0.0,0.0,0.0
2013-09-05,12.094313143616786,10.6,14.5
2013-09-06,17.288197212913254,15.1,20.7
2013-09-07,0.0,0.0,0.0
2013-09-08,0.0,0.0,0.0
2013-09-09,0.0,0.0,0.0
2013-09-10,0.0,0.0,0.0
2013-09-11,0.0,0.0,0.0
2013-09-12,0.0,0.0,0.0
2013-09-13,0.0,0.0,0.0
2013-09-14,0.0,0.0,0.0
2013-09-15,0.0,0.0,0.0
2013-09-16,0.0,0.0,0.0
2013-09-17,3.8166825072724366,3.3,4.6
2013-09-18,0.5285506219599676,0.5,0.6
2013-09-19,0.0,0.0,0.0
2013-09-20,2.4397292760092695,2.1,2.9
2013-09-21,4.879720427321824,4.3,5.8
2013-09-22,12.940541866921865,11.3,15.5
2013-09-23,3.181180354627337,2.8,3.8
2013-09-24,25.88393059388541,22.6,31.0
2013-09-25,14.533456619798788,12.7,17.4
2013-09-26,2.4397292760092695,2.1,2.9
2013-09-27,9.123844827348066,8.0,10.9
2013-09-28,29.38274332723121,25.7,35.2
2013-09-29,77.33468887275025,67.6,92.5
2013-09-30,29.065885477236634,25.4,34.8
2013-10-01,14.420280258395128,12.9,16.6
2013-10-02,3.3501062926579213,3.0,3.9
2013-10-03,1.8310583933371036,1.6,2.1
2013-10-04,0.0,0.0,0.0
2013-10-05,0.0,0.0,0.0
2013-10-06,0.0,0.0,0.0
2013-10-07,7.516487251003523,6.7,8.7
2013-10-08,10.560081689786813,9.4,12.2
2013-10-09,1.012186654700797,0.9,1.2
2013-10-10,0.0,0.0,0.0
2013-10-11,0.0,0.0,0.0
2013-10-12,0.0,0.0,0.0
2013-10-13,0.0,0.0,0.0
2013-10-14,0.0,0.0,0.0
2013-10-15,0.0,0.0,0.0
2013-10-16,0.0,0.0,0.0
2013-10-17,0.0,0.0,0.0
2013-10-18,0.0,0.0,0.0
2013-10-19,0.0,0.0,0.0
2013-10-20,0.0,0.0,0.0
2013-10-21,0.0,0.0,0.0
2013-10-22,0.0,0.0,0.0
2013-10-23,0.0,0.0,0.0
2013-10-24,0.0,0.0,0.0
2013-10-25,0.0,0.0,0.0
2013-10-26,0.0,0.0,0.0
2013-10-27,6.70234892014764,6.0,7.7
2013-10-28,0.0,0.0,0.0
2013-10-29,0.0,0.0,0.0
2013-10-30,0.0,0.0,0.0
2013-10-31,1.3176596539264918,1.2,1.5
2013-11-01,0.5142478839346346,0.5,0.6
2013-11-02,35.154599534607165,31.2,40.6
2013-11-03,10.39635035643077,9.2,12.0
2013-11-04,4.891378750173757,4.3,5.6
2013-11-05,23.5415877322103,20.9,27.2
2013-11-06,4.380074056451028,3.9,5.1
2013-11-07,28.93923556633575,25.6,33.4
2013-11-08,2.3451565558736376,2.1,2.7
2013-11-09,0.0,0.0,0.0
2013-11-10,0.0,0.0,0.0
2013-11-11,0.0,0.0,0.0
2013-11-12,1.5258792711716984,1.4,1.8
2013-11-13,0.0,0.0,0.0
2013-11-14,0.0,0.0,0.0
2013-11-15,1.8344703151662853,1.6,2.1
2013-11-16,28.431623298389304,25.2,32.8
2013-11-17,7.030779370212084,6.2,8.1
2013-11-18,7.234302482677401,6.4,8.4
2013-11-19,37.80345977507635,33.5,43.6
2013-11-20,6.215516457027212,5.5,7.2
2013-11-21,0.0,0.0,0.0
2013-11-22,0.0,0.0,0.0
2013-11-23,0.0,0.0,0.0
2013-11-24,0.0,0.0,0.0
2013-11-25,0.0,0.0,0.0
2013-11-26,0.0,0.0,0.0
2013-11-27,0.0,0.0,0.0
2013-11-28,0.0,0.0,0.0
2013-11-29,0.0,0.0,0.0
2013-11-30,0.0,0.0,0.0
2013-12-01,19.323536604109577,17.2,22.9
2013-12-02,78.31574858690881,69.9,92.7
2013-12-03,1.5416469944813824,1.4,1.8
2013-12-04,0.0,0.0,0.0
2013-12-05,0.0,0.0,0.0
2013-12-06,2.8783994409643587,2.6,3.4
2013-12-07,0.0,0.0,0.0
2013-12-08,0.0,0.0,0.0
2013-12-09,0.8250214686548502,0.7,1.0
2013-12-10,1.5416469944813824,1.4,1.8
2013-12-11,0.8250214686548502,0.7,1.0
2013-12-12,2.3639781767641805,2.1,2.8
2013-12-13,2.3639781767641805,2.1,2.8
2013-12-14,0.0,0.0,0.0
2013-12-15,0.0,0.0,0.0
2013-12-16,0.0,0.0,0.0
2013-12-17,0.0,0.0,0.0
2013-12-18,0.5159429092965292,0.5,0.6
2013-12-19,0.0,0.0,0.0
2013-12-20,9.659693596850222,8.6,11.4
2013-12-21,7.0915186788807425,6.3,8.4
2013-12-22,2.5674047941606695,2.3,3.0
2013-12-23,4.4211620316173645,3.9,5.2
2013-12-24,0.8250214686548502,0.7,1.0
2013-12-25,0.0,0.0,0.0
2013-12-26,0.0,0.0,0.0
2013-12-27,0.0,0.0,0.0
2013-12-28,0.0,0.0,0.0
2013-12-29,0.0,0.0,0.0
2013-12-30,0.0,0.0,0.0
2013-12-31,0.0,0.0,0.0
2014-01-01,0.0,0.0,0.0
2014-01-02,0.5173249538504329,0.5,0.6
2014-01-03,1.8550395216229574,1.6,2.2
2014-01-04,0.0,0.0,0.0
2014-01-05,0.0,0.0,0.0
2014-01-06,0.0,0.0,0.0
2014-01-07,14.399701837208768,12.7,17.4
2014-01-08,28.18281537159279,24.8,34.1
2014-01-09,16.764670695373482,14.7,20.3
2014-01-10,6.274038421569703,5.5,7.6
2014-01-11,29.828232499907507,26.2,36.1
2014-01-12,22.42268163915478,19.7,27.2
2014-01-13,1.3363819911659414,1.2,1.6
2014-01-14,0.0,0.0,0.0
2014-01-15,0.0,0.0,0.0
2014-01-16,0.0,0.0,0.0
2014-01-17,0.0,0.0,0.0
2014-01-18,0.0,0.0,0.0
2014-01-19,0.0,0.0,0.0
2014-01-20,0.0,0.0,0.0
2014-01-21,0.0,0.0,0.0
2014-01-22,0.0,0.0,0.0
2014-01-23,0.0,0.0,0.0
2014-01-24,0.0,0.0,0.0
2014-01-25,0.0,0.0,0.0
2014-01-26,0.0,0.0,0.0
2014-01-27,0.82673967614764,0.7,1.0
2014-01-28,29.209079295687708,25.7,35.4
2014-01-29,39.18575461729958,34.4,47.5
2014-01-30,4.42224854849232,3.9,5.4
2014-01-31,3.702299592609028,3.3,4.5
2014-02-01,0.0,0.0,0.0
2014-02-02,5.495602750260482,4.9,6.5
2014-02-03,7.153212567585161,6.4,8.4
2014-02-04,2.5921669916039836,2.3,3.0
2014-02-05,0.5239073418766915,0.5,0.6
2014-02-06,22.6003049366951,20.2,26.5
2014-02-07,34.52219705441467,30.8,40.5
2014-02-08,37.94389981629643,33.9,44.6
2014-02-09,5.495602750260482,4.9,6.5
2014-02-10,12.13016138250464,10.8,14.2
2014-02-11,43.958575940262435,39.2,51.6
2014-02-12,78.6856833860024,70.2,92.4
2014-02-13,15.551870998290575,13.9,18.3
2014-02-14,53.184018937085824,47.5,62.5
2014-02-15,37.1144494406362,33.1,43.6
2014-02-16,11.821337354747598,10.5,13.9
2014-02-17,32.655533175786054,29.1,38.4
2014-02-18,38.46204991457762,34.3,45.2
2014-02-19,13.47734128828125,12.0,15.8
2014-02-20,18.140744424443643,16.2,21.3
2014-02-21,0.0,0.0,0.0
2014-02-22,0.0,0.0,0.0
2014-02-23,3.9433648705443134,3.5,4.6
2014-02-24,4.770581281605633,4.3,5.6
2014-02-25,0.0,0.0,0.0
2014-02-26,0.0,0.0,0.0
2014-02-27,10.783516002886671,9.6,12.7
2014-02-28,3.9433648705443134,3.5,4.6
2014-03-01,21.93264725012319,19.0,25.4
2014-03-02,35.65125968979276,31.0,41.3
2014-03-03,28.273394634578338,24.6,32.8
2014-03-04,4.989104609092193,4.3,5.8
2014-03-05,42.201131357865535,36.6,48.9
2014-03-06,35.13288983882092,30.5,40.7
2014-03-07,0.8326670428531628,0.7,1.0
2014-03-08,23.491681407676325,20.4,27.2
2014-03-09,58.3149150457107,50.6,67.6
2014-03-10,24.844010709788556,21.6,28.8
2014-03-11,0.0,0.0,0.0
2014-03-12,0.0,0.0,0.0
2014-03-13,0.8326670428531628,0.7,1.0
2014-03-14,7.8977338540515465,6.9,9.2
2014-03-15,0.0,0.0,0.0
2014-03-16,13.203727496932967,11.5,15.3
2014-03-17,11.639477493806424,10.1,13.5
2014-03-18,0.0,0.0,0.0
2014-03-19,1.873251012795772,1.6,2.2
2014-03-20,0.0,0.0,0.0
2014-03-21,0.0,0.0,0.0
2014-03-22,0.0,0.0,0.0
2014-03-23,0.0,0.0,0.0
2014-03-24,0.0,0.0,0.0
2014-03-25,15.799624302213614,13.7,18.3
2014-03-26,26.402960290686522,22.9,30.6
2014-03-27,30.14427110753508,26.2,34.9
2014-03-28,48.54240511334558,42.2,56.2
2014-03-29,20.37289881224354,17.7,23.6
2014-03-30,8.940178074487868,7.8,10.4
2014-03-31,2.911062227474452,2.5,3.4
2014-04-01,5.302730613059362,4.5,6.6
2014-04-02,0.0,0.0,0.0
2014-04-03,3.1218410465007196,2.6,3.9
2014-04-04,10.61492100165222,8.9,13.3
2014-04-05,18.73012560767176,15.8,23.4
2014-04-06,2.916511558036748,2.5,3.6
2014-04-07,0.0,0.0,0.0
2014-04-08,0.0,0.0,0.0
2014-04-09,0.0,0.0,0.0
2014-04-10,0.0,0.0,0.0
2014-04-11,0.0,0.0,0.0
2014-04-12,0.0,0.0,0.0
2014-04-13,0.0,0.0,0.0
2014-04-14,0.0,0.0,0.0
2014-04-15,0.0,0.0,0.0
2014-04-16,0.0,0.0,0.0
2014-04-17,21.95258902067244,18.5,27.4
2014-04-18,0.0,0.0,0.0
2014-04-19,6.033755688715984,5.1,7.5
2014-04-20,0.0,0.0,0.0
2014-04-21,8.221036135617961,6.9,10.3
2014-04-22,21.43587859492418,18.1,26.8
2014-04-23,32.46597205553223,27.4,40.6
2014-04-24,27.990513537015868,23.6,35.0
2014-04-25,5.302730613059362,4.5,6.6
2014-04-26,10.82098469705074,9.1,13.5
2014-04-27,21.43587859492418,18.1,26.8
2014-04-28,0.0,0.0,0.0
2014-04-29,0.0,0.0,0.0
2014-04-30,0.0,0.0,0.0
2014-05-01,0.0,0.0,0.0
2014-05-02,0.0,0.0,0.0
2014-05-03,4.607277896034927,3.8,5.7
2014-05-04,21.750345282974322,17.9,26.8
2014-05-05,6.213476447467664,5.1,7.7
2014-05-06,1.9298040113200767,1.6,2.4
2014-05-07,0.0,0.0,0.0
2014-05-08,31.286119758310246,25.7,38.6
2014-05-09,32.681226999706546,26.9,40.3
2014-05-10,6.7495418708729,5.6,8.3
2014-05-11,0.0,0.0,0.0
2014-05-12,0.0,0.0,0.0
2014-05-13,0.0,0.0,0.0
2014-05-14,0.0,0.0,0.0
2014-05-15,0.0,0.0,0.0
2014-05-16,0.0,0.0,0.0
2014-05-17,4.070409202569636,3.3,5.0
2014-05-18,23.358400819581963,19.2,28.8
2014-05-19,1.0694490404713735,0.9,1.3
2014-05-20,0.0,0.0,0.0
2014-05-21,0.0,0.0,0.0
2014-05-22,0.0,0.0,0.0
2014-05-23,0.8559445063639596,0.7,1.1
2014-05-24,0.0,0.0,0.0
2014-05-25,0.5419813631275823,0.4,0.7
2014-05-26,1.6092601143495053,1.3,2.0
2014-05-27,2.999324070842921,2.5,3.7
2014-05-28,9.212293094298067,7.6,11.4
2014-05-29,0.0,0.0,0.0
2014-05-30,0.0,0.0,0.0
2014-05-31,0.0,0.0,0.0
2014-06-01,0.0,0.0,0.0
2014-06-02,0.0,0.0,0.0
2014-06-03,0.0,0.0,0.0
2014-06-04,0.0,0.0,0.0
2014-06-05,0.0,0.0,0.0
2014-06-06,0.0,0.0,0.0
2014-06-07,0.0,0.0,0.0
2014-06-08,0.0,0.0,0.0
2014-06-09,0.0,0.0,0.0
2014-06-10,0.0,0.0,0.0
2014-06-11,0.0,0.0,0.0
2014-06-12,8.685016047899094,6.6,11.2
2014-06-13,12.54853948820242,9.5,16.2
2014-06-14,0.0,0.0,0.0
2014-06-15,1.9306260487999942,1.5,2.5
2014-06-16,12.760496421194258,9.6,16.5
2014-06-17,0.5365764392684496,0.4,0.7
2014-06-18,0.0,0.0,0.0
2014-06-19,0.0,0.0,0.0
2014-06-20,0.0,0.0,0.0
2014-06-21,0.0,0.0,0.0
2014-06-22,0.0,0.0,0.0
2014-06-23,0.0,0.0,0.0
2014-06-24,0.0,0.0,0.0
2014-06-25,9.222778284428273,7.0,11.9
2014-06-26,8.151219699433282,6.2,10.5
2014-06-27,13.941297001284676,10.5,18.0
2014-06-28,0.5365764392684496,0.4,0.7
2014-06-29,0.0,0.0,0.0
2014-06-30,0.0,0.0,0.0
2014-07-01,0.0,0.0,0.0
2014-07-02,0.0,0.0,0.0
2014-07-03,0.0,0.0,0.0
2014-07-04,0.0,0.0,0.0
2014-07-05,0.0,0.0,0.0
2014-07-06,0.0,0.0,0.0
2014-07-07,0.0,0.0,0.0
2014-07-08,0.0,0.0,0.0
2014-07-09,0.0,0.0,0.0
2014-07-10,0.0,0.0,0.0
2014-07-11,0.0,0.0,0.0
2014-07-12,0.0,0.0,0.0
2014-07-13,0.0,0.0,0.0
2014-07-14,0.0,0.0,0.0
2014-07-15,0.0,0.0,0.0
2014-07-16,0.0,0.0,0.0
2014-07-17,0.0,0.0,0.0
2014-07-18,0.0,0.0,0.0
2014-07-19,0.0,0.0,0.0
2014-07-20,0.0,0.0,0.0
2014-07-21,0.5631077962392734,0.4,0.8
2014-07-22,4.615801209154086,3.1,6.6
2014-07-23,14.294864202084572,9.7,20.3
2014-07-24,0.0,0.0,0.0
2014-07-25,0.0,0.0,0.0
2014-07-26,0.0,0.0,0.0
2014-07-27,0.0,0.0,0.0
2014-07-28,0.0,0.0,0.0
2014-07-29,0.0,0.0,0.0
2014-07-30,0.0,0.0,0.0
2014-07-31,0.0,0.0,0.0
2014-08-01,0.0,0.0,0.0
2014-08-02,0.0,0.0,0.0
2014-08-03,0.0,0.0,0.0
2014-08-04,0.0,0.0,0.0
2014-08-05,0.0,0.0,0.0
2014-08-06,0.0,0.0,0.0
2014-08-07,0.0,0.0,0.0
2014-08-08,0.0,0.0,0.0
2014-08-09,0.0,0.0,0.0
2014-08-10,0.0,0.0,0.0
2014-08-11,0.0,0.0,0.0
2014-08-12,6.43460847243782,5.2,8.1
2014-08-13,1.3724887306500877,1.1,1.7
2014-08-14,3.79600180323966,3.0,4.8
2014-08-15,0.0,0.0,0.0
2014-08-16,0.0,0.0,0.0
2014-08-17,0.0,0.0,0.0
2014-08-18,0.0,0.0,0.0
2014-08-19,0.0,0.0,0.0
2014-08-20,0.0,0.0,0.0
2014-08-21,0.0,0.0,0.0
2014-08-22,0.0,0.0,0.0
2014-08-23,0.0,0.0,0.0
2014-08-24,0.0,0.0,0.0
2014-08-25,0.0,0.0,0.0
2014-08-26,0.0,0.0,0.0
2014-08-27,0.0,0.0,0.0
2014-08-28,0.0,0.0,0.0
2014-08-29,0.0,0.0,0.0
2014-08-30,12.02040158621351,9.7,15.1
2014-08-31,0.0,0.0,0.0
2014-09-01,0.0,0.0,0.0
2014-09-02,0.0,0.0,0.0
2014-09-03,0.0,0.0,0.0
2014-09-04,0.0,0.0,0.0
2014-09-05,0.0,0.0,0.0
2014-09-06,0.0,0.0,0.0
2014-09-07,0.0,0.0,0.0
2014-09-08,0.0,0.0,0.0
2014-09-09,0.0,0.0,0.0
2014-09-10,0.0,0.0,0.0
2014-09-11,0.0,0.0,0.0
2014-09-12,0.0,0.0,0.0
2014-09-13,0.0,0.0,0.0
2014-09-14,0.0,0.0,0.0
2014-09-15,0.0,0.0,0.0
2014-09-16,0.0,0.0,0.0
2014-09-17,0.0,0.0,0.0
2014-09-18,0.8489141165968944,0.7,1.0
2014-09-19,0.0,0.0,0.0
2014-09-20,0.0,0.0,0.0
2014-09-21,0.0,0.0,0.0
2014-09-22,0.0,0.0,0.0
2014-09-23,4.561626329258227,4.0,5.5
2014-09-24,29.065885477236634,25.4,34.8
2014-09-25,4.561626329258227,4.0,5.5
2014-09-26,0.8489141165968944,0.7,1.0
2014-09-27,0.0,0.0,0.0
2014-09-28,0.0,0.0,0.0
2014-09-29,5.091178101230828,4.5,6.1
2014-09-30,7.535588866451434,6.6,9.0
2014-10-01,0.0,0.0,0.0
2014-10-02,0.0,0.0,0.0
2014-10-03,0.0,0.0,0.0
2014-10-04,0.0,0.0,0.0
2014-10-05,0.0,0.0,0.0
2014-10-06,0.0,0.0,0.0
2014-10-07,0.0,0.0,0.0
2014-10-08,0.0,0.0,0.0
2014-10-09,0.0,0.0,0.0
2014-10-10,0.0,0.0,0.0
2014-10-11,4.672375100820801,4.2,5.4
2014-10-12,0.0,0.0,0.0
2014-10-13,2.035229509953034,1.8,2.3
2014-10-14,11.879589835793974,10.6,13.7
2014-10-15,13.912029618988557,12.4,16.1
2014-10-16,1.012186654700797,0.9,1.2
2014-10-17,2.336811555284084,2.1,2.7
2014-10-18,0.0,0.0,0.0
2014-10-19,1.8310583933371036,1.6,2.1
2014-10-20,19.09003756455413,17.1,22.0
2014-10-21,9.54372571276277,8.5,11.0
2014-10-22,41.22967104264013,36.9,47.6
2014-10-23,21.123783142210417,18.9,24.4
2014-10-24,5.381980034469359,4.8,6.2
2014-10-25,21.42921401882345,19.2,24.7
2014-10-26,25.7921645981253,23.1,29.8
2014-10-27,0.0,0.0,0.0
2014-10-28,14.925674075272328,13.4,17.2
2014-10-29,0.8162745007890809,0.7,0.9
2014-10-30,26.30192235359216,23.5,30.4
2014-10-31,16.24621259263015,14.5,18.8
2014-11-01,5.399840002643604,4.8,6.2
2014-11-02,6.724735754891586,6.0,7.8
2014-11-03,8.049353795040053,7.1,9.3
2014-11-04,23.029618719171516,20.4,26.6
2014-11-05,0.0,0.0,0.0
2014-11-06,7.234302482677401,6.4,8.4
2014-11-07,0.0,0.0,0.0
2014-11-08,0.0,0.0,0.0
2014-11-09,6.215516457027212,5.5,7.2
2014-11-10,0.0,0.0,0.0
2014-11-11,0.0,0.0,0.0
2014-11-12,1.5258792711716984,1.4,1.8
2014-11-13,75.81484610829996,67.2,87.5
2014-11-14,22.822759757009337,20.2,26.4
2014-11-15,0.0,0.0,0.0
2014-11-16,0.0,0.0,0.0
2014-11-17,0.0,0.0,0.0
2014-11-18,0.0,0.0,0.0
2014-11-19,8.255048997578148,7.3,9.5
2014-11-20,5.196552646196403,4.6,6.0
2014-11-21,57.67445184848227,51.1,66.6
2014-11-22,22.008607540385224,19.5,25.4
2014-11-23,5.707509085504691,5.1,6.6
2014-11-24,6.418507320893753,5.7,7.4
2014-11-25,16.303153480008618,14.4,18.8
2014-11-26,0.0,0.0,0.0
2014-11-27,27.409393994053396,24.3,31.6
2014-11-28,60.01990669612722,53.2,69.3
2014-11-29,7.743270187727425,6.9,8.9
2014-11-30,0.0,0.0,0.0
2014-12-01,19.323536604109577,17.2,22.9
2014-12-02,1.3371932628897398,1.2,1.6
2014-12-03,7.297837229147112,6.5,8.6
2014-12-04,12.542493709608213,11.2,14.8
2014-12-05,10.68918888044006,9.5,12.7
2014-12-06,4.4211620316173645,3.9,5.2
2014-12-07,0.0,0.0,0.0
2014-12-08,0.0,0.0,0.0
2014-12-09,12.025209572242906,10.7,14.2
2014-12-10,9.96817607715765,8.9,11.8
2014-12-11,7.297837229147112,6.5,8.6
2014-12-12,3.3916154874201805,3.0,4.0
2014-12-13,1.0278570715099267,0.9,1.2
2014-12-14,0.5159429092965292,0.5,0.6
2014-12-15,1.5416469944813824,1.4,1.8
2014-12-16,0.5159429092965292,0.5,0.6
2014-12-17,4.213727886812033,3.8,5.0
2014-12-18,9.96817607715765,8.9,11.8
2014-12-19,17.98555263610657,16.0,21.3
2014-12-20,114.39096129385777,102.0,135.4
2014-12-21,95.58347994560368,85.3,113.2
2014-12-22,3.3916154874201805,3.0,4.0
2014-12-23,5.960342085900678,5.3,7.1
2014-12-24,25.075285348863883,22.4,29.7
2014-12-25,10.175072583955513,9.1,12.0
2014-12-26,0.0,0.0,0.0
2014-12-27,21.173222803706576,18.9,25.1
2014-12-28,21.173222803706576,18.9,25.1
2014-12-29,8.32518687011388,7.4,9.9
2014-12-30,0.0,0.0,0.0
2014-12-31,0.0,0.0,0.0
2015-01-01,0.0,0.0,0.0
2015-01-02,0.0,0.0,0.0
2015-01-03,0.0,0.0,0.0
2015-01-04,4.73390948196664,4.2,5.7
2015-01-05,1.3363819911659414,1.2,1.6
2015-01-06,0.0,0.0,0.0
2015-01-07,0.0,0.0,0.0
2015-01-08,0.0,0.0,0.0
2015-01-09,0.0,0.0,0.0
2015-01-10,1.0313824696984126,0.9,1.2
2015-01-11,4.216668448442297,3.7,5.1
2015-01-12,2.8774864463963143,2.5,3.5
2015-01-13,0.0,0.0,0.0
2015-01-14,0.0,0.0,0.0
2015-01-15,24.27590923863508,21.3,29.4
2015-01-16,5.762017983024978,5.1,7.0
2015-01-17,60.37602652725408,53.1,73.1
2015-01-18,6.790395379822047,6.0,8.2
2015-01-19,6.4789974579819605,5.7,7.8
2015-01-20,0.0,0.0,0.0
2015-01-21,0.0,0.0,0.0
2015-01-22,0.0,0.0,0.0
2015-01-23,1.8550395216229574,1.6,2.2
2015-01-24,0.0,0.0,0.0
2015-01-25,0.0,0.0,0.0
2015-01-26,0.0,0.0,0.0
2015-01-27,0.0,0.0,0.0
2015-01-28,0.0,0.0,0.0
2015-01-29,0.0,0.0,0.0
2015-01-30,0.0,0.0,0.0
2015-01-31,0.0,0.0,0.0
2015-02-01,9.74521547855157,8.7,11.4
2015-02-02,21.354979567104273,19.1,25.1
2015-02-03,17.416688185661847,15.5,20.5
2015-02-04,0.0,0.0,0.0
2015-02-05,8.70709110837035,7.8,10.2
2015-02-06,32.34722196634821,28.9,38.0
2015-02-07,34.00383406714298,30.3,39.9
2015-02-08,1.8655027377902302,1.7,2.2
2015-02-09,30.272654703539907,27.0,35.6
2015-02-10,2.0711372086637656,1.8,2.4
2015-02-11,0.0,0.0,0.0
2015-02-12,0.0,0.0,0.0
2015-02-13,0.0,0.0,0.0
2015-02-14,0.0,0.0,0.0
2015-02-15,0.0,0.0,0.0
2015-02-16,0.0,0.0,0.0
2015-02-17,0.0,0.0,0.0
2015-02-18,0.0,0.0,0.0
2015-02-19,0.0,0.0,0.0
2015-02-20,0.0,0.0,0.0
2015-02-21,0.0,0.0,0.0
2015-02-22,0.0,0.0,0.0
2015-02-23,0.0,0.0,0.0
2015-02-24,0.0,0.0,0.0
2015-02-25,2.3826250818737873,2.1,2.8
2015-02-26,10.263873330642493,9.2,12.1
2015-02-27,14.723221926968469,13.1,17.3
2015-02-28,0.0,0.0,0.0
2015-03-01,0.0,0.0,0.0
2015-03-02,0.0,0.0,0.0
2015-03-03,0.0,0.0,0.0
2015-03-04,0.0,0.0,0.0
2015-03-05,0.0,0.0,0.0
2015-03-06,0.0,0.0,0.0
2015-03-07,0.0,0.0,0.0
2015-03-08,0.0,0.0,0.0
2015-03-09,0.0,0.0,0.0
2015-03-10,0.0,0.0,0.0
2015-03-11,12.159760006904188,10.6,14.1
2015-03-12,0.0,0.0,0.0
2015-03-13,1.5599796257167495,1.4,1.8
2015-03-14,30.87267511668045,26.8,35.8
2015-03-15,19.5441250090082,17.0,22.6
2015-03-16,0.0,0.0,0.0
2015-03-17,1.0384788123748134,0.9,1.2
2015-03-18,0.0,0.0,0.0
2015-03-19,0.0,0.0,0.0
2015-03-20,6.339433754860957,5.5,7.3
2015-03-21,4.470516802987741,3.9,5.2
2015-03-22,11.331621797975318,9.8,13.1
2015-03-23,26.714404073929302,23.2,31.0
2015-03-24,7.8977338540515465,6.9,9.2
2015-03-25,0.0,0.0,0.0
2015-03-26,0.0,0.0,0.0
2015-03-27,9.25225566264241,8.0,10.7
2015-03-28,3.9532228598700514,3.4,4.6
2015-03-29,0.0,0.0,0.0
2015-03-30,3.117496046760148,2.7,3.6
2015-03-31,29.00117317517088,25.2,33.6
2015-04-01,6.033755688715984,5.1,7.5
2015-04-02,0.0,0.0,0.0
2015-04-03,6.033755688715984,5.1,7.5
2015-04-04,0.0,0.0,0.0
2015-04-05,9.468233014521756,8.0,11.8
2015-04-06,3.1218410465007196,2.6,3.9
2015-04-07,6.870559070907082,5.8,8.6
2015-04-08,3.4292735504833476,2.9,4.3
2015-04-09,0.0,0.0,0.0
2015-04-10,1.5608411735542735,1.3,1.9
2015-04-11,16.33277100733877,13.8,20.4
2015-04-12,0.0,0.0,0.0
2015-04-13,13.735314370690945,11.6,17.2
2015-04-14,9.260911528113365,7.8,11.6
2015-04-15,0.0,0.0,0.0
2015-04-16,0.0,0.0,0.0
2015-04-17,0.0,0.0,0.0
2015-04-18,0.0,0.0,0.0
2015-04-19,0.0,0.0,0.0
2015-04-20,0.0,0.0,0.0
2015-04-21,0.0,0.0,0.0
2015-04-22,0.0,0.0,0.0
2015-04-23,8.949937284654265,7.5,11.2
2015-04-24,9.778760725633513,8.2,12.2
2015-04-25,6.870559070907082,5.8,8.6
2015-04-26,0.0,0.0,0.0
2015-04-27,0.0,0.0,0.0
2015-04-28,0.0,0.0,0.0
2015-04-29,0.0,0.0,0.0
2015-04-30,0.0,0.0,0.0
2015-05-01,0.0,0.0,0.0
2015-05-02,0.0,0.0,0.0
2015-05-03,0.0,0.0,0.0
2015-05-04,0.0,0.0,0.0
2015-05-05,0.0,0.0,0.0
2015-05-06,1.6092601143495053,1.3,2.0
2015-05-07,0.0,0.0,0.0
2015-05-08,0.0,0.0,0.0
2015-05-09,0.0,0.0,0.0
2015-05-10,0.0,0.0,0.0
2015-05-11,14.144136783747832,11.6,17.5
2015-05-12,7.928685629831507,6.5,9.8
2015-05-13,0.5419813631275823,0.4,0.7
2015-05-14,2.6797440976178812,2.2,3.3
2015-05-15,1.3942838977888599,1.1,1.7
2015-05-16,1.6092601143495053,1.3,2.0
2015-05-17,1.6092601143495053,1.3,2.0
2015-05-18,8.463292605120653,7.0,10.4
2015-05-19,1.9298040113200767,1.6,2.4
2015-05-20,2.464533267900699,2.0,3.0
2015-05-21,10.073207084461812,8.3,12.4
2015-05-22,5.679343599735129,4.7,7.0
2015-05-23,0.0,0.0,0.0
2015-05-24,0.0,0.0,0.0
2015-05-25,0.0,0.0,0.0
2015-05-26,0.0,0.0,0.0
2015-05-27,0.0,0.0,0.0
2015-05-28,0.0,0.0,0.0
2015-05-29,0.0,0.0,0.0
2015-05-30,0.0,0.0,0.0
2015-05-31,0.0,0.0,0.0
2015-06-01,6.541689394646138,4.9,8.4
2015-06-02,6.221231200865726,4.7,8.0
2015-06-03,0.0,0.0,0.0
2015-06-04,0.0,0.0,0.0
2015-06-05,0.0,0.0,0.0
2015-06-06,0.0,0.0,0.0
2015-06-07,0.0,0.0,0.0
2015-06-08,0.0,0.0,0.0
2015-06-09,0.0,0.0,0.0
2015-06-10,0.0,0.0,0.0
2015-06-11,0.0,0.0,0.0
2015-06-12,0.0,0.0,0.0
2015-06-13,0.0,0.0,0.0
2015-06-14,0.0,0.0,0.0
2015-06-15,0.0,0.0,0.0
2015-06-16,0.0,0.0,0.0
2015-06-17,0.0,0.0,0.0
2015-06-18,0.0,0.0,0.0
2015-06-19,0.0,0.0,0.0
2015-06-20,0.0,0.0,0.0
2015-06-21,0.0,0.0,0.0
2015-06-22,0.0,0.0,0.0
2015-06-23,0.0,0.0,0.0
2015-06-24,0.0,0.0,0.0
2015-06-25,0.0,0.0,0.0
2015-06-26,0.0,0.0,0.0
2015-06-27,0.0,0.0,0.0
2015-06-28,0.0,0.0,0.0
2015-06-29,0.0,0.0,0.0
2015-06-30,0.0,0.0,0.0
2015-07-01,0.0,0.0,0.0
2015-07-02,0.0,0.0,0.0
2015-07-03,0.0,0.0,0.0
2015-07-04,0.0,0.0,0.0
2015-07-05,0.0,0.0,0.0
2015-07-06,0.0,0.0,0.0
2015-07-07,0.0,0.0,0.0
2015-07-08,0.0,0.0,0.0
2015-07-09,5.402989415697647,3.7,7.7
2015-07-10,3.14948425432249,2.1,4.5
2015-07-11,0.0,0.0,0.0
2015-07-12,0.0,0.0,0.0
2015-07-13,0.0,0.0,0.0
2015-07-14,0.9018295581295481,0.6,1.3
2015-07-15,0.0,0.0,0.0
2015-07-16,0.0,0.0,0.0
2015-07-17,0.0,0.0,0.0
2015-07-18,0.0,0.0,0.0
2015-07-19,0.0,0.0,0.0
2015-07-20,0.0,0.0,0.0
2015-07-21,0.0,0.0,0.0
2015-07-22,0.0,0.0,0.0
2015-07-23,0.0,0.0,0.0
2015-07-24,0.0,0.0,0.0
2015-07-25,0.0,0.0,0.0
2015-07-26,0.9018295581295481,0.6,1.3
2015-07-27,0.0,0.0,0.0
2015-07-28,0.0,0.0,0.0
2015-07-29,0.0,0.0,0.0
2015-07-30,0.0,0.0,0.0
2015-07-31,0.0,0.0,0.0
2015-08-01,0.0,0.0,0.0
2015-08-02,0.0,0.0,0.0
2015-08-03,0.8419702643089455,0.7,1.1
2015-08-04,0.0,0.0,0.0
2015-08-05,0.0,0.0,0.0
2015-08-06,0.0,0.0,0.0
2015-08-07,0.0,0.0,0.0
2015-08-08,0.0,0.0,0.0
2015-08-09,0.0,0.0,0.0
2015-08-10,0.0,0.0,0.0
2015-08-11,0.0,0.0,0.0
2015-08-12,0.0,0.0,0.0
2015-08-13,0.0,0.0,0.0
2015-08-14,0.5260560849199707,0.4,0.7
2015-08-15,0.0,0.0,0.0
2015-08-16,0.0,0.0,0.0
2015-08-17,0.0,0.0,0.0
2015-08-18,0.0,0.0,0.0
2015-08-19,0.0,0.0,0.0
2015-08-20,0.0,0.0,0.0
2015-08-21,0.0,0.0,0.0
2015-08-22,0.0,0.0,0.0
2015-08-23,0.0,0.0,0.0
2015-08-24,0.0,0.0,0.0
2015-08-25,0.0,0.0,0.0
2015-08-26,0.0,0.0,0.0
2015-08-27,0.0,0.0,0.0
2015-08-28,1.5807565178783878,1.3,2.0
2015-08-29,6.43460847243782,5.2,8.1
2015-08-30,17.40459160314778,14.0,21.8
2015-08-31,0.0,0.0,0.0
2015-09-01,1.3772062902056668,1.2,1.6
2015-09-02,8.593482113448868,7.5,10.3
2015-09-03,1.3772062902056668,1.2,1.6
2015-09-04,7.001253895484525,6.1,8.4
2015-09-05,0.5285506219599676,0.5,0.6
2015-09-06,0.0,0.0,0.0
2015-09-07,0.0,0.0,0.0
2015-09-08,0.0,0.0,0.0
2015-09-09,0.0,0.0,0.0
2015-09-10,0.0,0.0,0.0
2015-09-11,0.0,0.0,0.0
2015-09-12,0.0,0.0,0.0
2015-09-13,0.0,0.0,0.0
2015-09-14,0.0,0.0,0.0
2015-09-15,0.0,0.0,0.0
2015-09-16,2.4397292760092695,2.1,2.9
2015-09-17,30.97575376864321,27.1,37.1
2015-09-18,0.0,0.0,0.0
2015-09-19,0.0,0.0,0.0
2015-09-20,0.0,0.0,0.0
2015-09-21,0.0,0.0,0.0
2015-09-22,0.0,0.0,0.0
2015-09-23,0.0,0.0,0.0
2015-09-24,0.0,0.0,0.0
2015-09-25,0.0,0.0,0.0
2015-09-26,0.0,0.0,0.0
2015-09-27,0.0,0.0,0.0
2015-09-28,0.0,0.0,0.0
2015-09-29,0.0,0.0,0.0
2015-09-30,0.0,0.0,0.0
2015-10-01,0.0,0.0,0.0
2015-10-02,0.8162745007890809,0.7,0.9
2015-10-03,0.5175549971932952,0.5,0.6
2015-10-04,0.0,0.0,0.0
2015-10-05,0.0,0.0,0.0
2015-10-06,0.0,0.0,0.0
2015-10-07,0.0,0.0,0.0
2015-10-08,0.0,0.0,0.0
2015-10-09,0.0,0.0,0.0
2015-10-10,12.390319995039327,11.1,14.3
2015-10-11,0.3010862083023276,0.3,0.4
2015-10-12,0.0,0.0,0.0
2015-10-13,0.0,0.0,0.0
2015-10-14,0.0,0.0,0.0
2015-10-15,0.0,0.0,0.0
2015-10-16,0.0,0.0,0.0
2015-10-17,3.3501062926579213,3.0,3.9
2015-10-18,0.5175549971932952,0.5,0.6
2015-10-19,2.843023982689109,2.5,3.3
2015-10-20,0.0,0.0,0.0
2015-10-21,0.0,0.0,0.0
2015-10-22,0.0,0.0,0.0
2015-10-23,0.0,0.0,0.0
2015-10-24,0.0,0.0,0.0
2015-10-25,22.139329485068043,19.8,25.5
2015-10-26,1.8310583933371036,1.6,2.1
2015-10-27,2.843023982689109,2.5,3.3
2015-10-28,16.752784043471056,15.0,19.3
2015-10-29,3.3501062926579213,3.0,3.9
2015-10-30,20.921560276430135,18.7,24.1
2015-10-31,49.759938097392116,44.5,57.4
2015-11-01,24.557923787524274,21.8,28.4
2015-11-02,6.418507320893753,5.7,7.4
2015-11-03,3.3630467396754944,3.0,3.9
2015-11-04,1.3215208868893238,1.2,1.5
2015-11-05,1.3215208868893238,1.2,1.5
2015-11-06,0.5142478839346346,0.5,0.6
2015-11-07,8.560167218282414,7.6,9.9
2015-11-08,20.991692060778952,18.6,24.2
2015-11-09,1.5258792711716984,1.4,1.8
2015-11-10,1.3215208868893238,1.2,1.5
2015-11-11,9.884721421448134,8.8,11.4
2015-11-12,3.3630467396754944,3.0,3.9
2015-11-13,7.234302482677401,6.4,8.4
2015-11-14,1.3215208868893238,1.2,1.5
2015-11-15,18.647216648776535,16.5,21.5
2015-11-16,22.822759757009337,20.2,26.4
2015-11-17,40.655960517854744,36.0,46.9
2015-11-18,20.482828855726822,18.2,23.6
2015-11-19,46.36326258051419,41.1,53.5
2015-11-20,0.8224105197339383,0.7,0.9
2015-11-21,0.0,0.0,0.0
2015-11-22,0.5142478839346346,0.5,0.6
2015-11-23,7.743270187727425,6.9,8.9
2015-11-24,11.615257190713658,10.3,13.4
2015-11-25,0.5142478839346346,0.5,0.6
2015-11-26,0.8224105197339383,0.7,0.9
2015-11-27,0.0,0.0,0.0
2015-11-28,0.0,0.0,0.0
2015-11-29,0.0,0.0,0.0
2015-11-30,0.5142478839346346,0.5,0.6
2015-12-01,10.68918888044006,9.5,12.7
2015-12-02,12.025209572242906,10.7,14.2
2015-12-03,14.38873745501248,12.8,17.0
2015-12-04,13.36344741715078,11.9,15.8
2015-12-05,5.444932564799191,4.9,6.4
2015-12-06,29.496428773062007,26.3,34.9
2015-12-07,63.93126388148251,57.0,75.7
2015-12-08,23.02073283648025,20.5,27.3
2015-12-09,36.796415563214765,32.8,43.6
2015-12-10,30.01007991835136,26.8,35.5
2015-12-11,21.38053418068792,19.1,25.3
2015-12-12,60.02351544321104,53.5,71.1
2015-12-13,31.55444235358824,28.1,37.4
2015-12-14,14.38873745501248,12.8,17.0
2015-12-15,2.05771316793035,1.8,2.4
2015-12-16,19.835524555997456,17.7,23.5
2015-12-17,80.16539756513666,71.5,94.9
2015-12-18,23.742283930833896,21.2,28.1
2015-12-19,6.2698070941075645,5.6,7.4
2015-12-20,21.89346058683461,19.5,25.9
2015-12-21,42.24220820482535,37.7,50.0
2015-12-22,30.524703150683266,27.2,36.1
2015-12-23,22.201812939289464,19.8,26.3
2015-12-24,4.9326543195384165,4.4,5.8
2015-12-25,2.3639781767641805,2.1,2.8
2015-12-26,1.3371932628897398,1.2,1.6
2015-12-27,5.754320026582306,5.1,6.8
2015-12-28,4.4211620316173645,3.9,5.2
2015-12-29,0.8250214686548502,0.7,1.0
2015-12-30,1.0278570715099267,0.9,1.2
2015-12-31,0.0,0.0,0.0
2016-01-01,0.0,0.0,0.0
2016-01-02,0.82673967614764,0.7,1.0
2016-01-03,3.085191779194179,2.7,3.7
2016-01-04,1.3363819911659414,1.2,1.6
2016-01-05,2.8774864463963143,2.5,3.5
2016-01-06,0.0,0.0,0.0
2016-01-07,0.0,0.0,0.0
2016-01-08,1.0313824696984126,0.9,1.2
2016-01-09,3.3932089499384506,3.0,4.1
2016-01-10,0.5173249538504329,0.5,0.6
2016-01-11,5.450563412801506,4.8,6.6
2016-01-12,13.579499810954367,11.9,16.4
2016-01-13,17.48573802784735,15.4,21.2
2016-01-14,7.301791497573494,6.4,8.8
2016-01-15,9.156123421344887,8.0,11.1
2016-01-16,19.031156130859735,16.7,23.0
2016-01-17,23.246140326226897,20.4,28.2
2016-01-18,6.4789974579819605,5.7,7.8
2016-01-19,33.22354365719822,29.2,40.2
2016-01-20,10.182609543854227,8.9,12.3
2016-01-21,2.056949563330548,1.8,2.5
2016-01-22,7.301791497573494,6.4,8.8
2016-01-23,15.428928866695022,13.6,18.7
2016-01-24,4.42224854849232,3.9,5.4
2016-01-25,0.0,0.0,0.0
2016-01-26,1.0313824696984126,0.9,1.2
2016-01-27,2.5706361405943094,2.3,3.1
2016-01-28,29.51948226345761,25.9,35.8
2016-01-29,25.096796330408594,22.1,30.4
2016-01-30,15.941627028689512,14.0,19.3
2016-01-31,1.3363819911659414,1.2,1.6
2016-02-01,0.8314830366197999,0.7,1.0
2016-02-02,0.5239073418766915,0.5,0.6
2016-02-03,14.204980069963375,12.7,16.7
2016-02-04,18.972298158481003,16.9,22.3
2016-02-05,4.974485128611602,4.4,5.8
2016-02-06,1.3505209767182442,1.2,1.6
2016-02-07,0.0,0.0,0.0
2016-02-08,0.0,0.0,0.0
2016-02-09,0.0,0.0,0.0
2016-02-10,0.0,0.0,0.0
2016-02-11,1.3505209767182442,1.2,1.6
2016-02-12,11.821337354747598,10.5,13.9
2016-02-13,19.699397834394848,17.6,23.1
2016-02-14,31.308813351797184,27.9,36.8
2016-02-15,1.8655027377902302,1.7,2.2
2016-02-16,0.0,0.0,0.0
2016-02-17,12.64875719027284,11.3,14.9
2016-02-18,20.318259442379546,18.1,23.9
2016-02-19,10.783516002886671,9.6,12.7
2016-02-20,1.0367530930161,0.9,1.2
2016-02-21,7.153212567585161,6.4,8.4
2016-02-22,0.0,0.0,0.0
2016-02-23,0.0,0.0,0.0
2016-02-24,0.0,0.0,0.0
2016-02-25,0.0,0.0,0.0
2016-02-26,10.056858452772442,9.0,11.8
2016-02-27,10.056858452772442,9.0,11.8
2016-02-28,8.397837852823,7.5,9.9
2016-02-29,7.36005487172342,6.6,8.6
2016-03-01,16.11231037763053,14.0,18.7
2016-03-02,7.3806102087384415,6.4,8.6
2016-03-03,5.509875775517298,4.8,6.4
2016-03-04,2.0823911234136716,1.8,2.4
2016-03-05,17.152444713172926,14.9,19.9
2016-03-06,9.457380740516184,8.2,11.0
2016-03-07,5.818732294829162,5.1,6.7
2016-03-08,8.732610046713324,7.6,10.1
2016-03-09,17.462269234613515,15.2,20.2
2016-03-10,14.760325060528398,12.8,17.1
2016-03-11,7.8977338540515465,6.9,9.2
2016-03-12,26.92294663447018,23.4,31.2
2016-03-13,41.16303931270786,35.7,47.7
2016-03-14,44.90417332233878,39.0,52.0
2016-03-15,26.091707352266937,22.7,30.2
2016-03-16,5.818732294829162,5.1,6.7
2016-03-17,0.0,0.0,0.0
2016-03-18,0.0,0.0,0.0
2016-03-19,0.0,0.0,0.0
2016-03-20,7.3806102087384415,6.4,8.6
2016-03-21,15.072611472351518,13.1,17.5
2016-03-22,14.240809903881747,12.4,16.5
2016-03-23,7.689955869542807,6.7,8.9
2016-03-24,8.732610046713324,7.6,10.1
2016-03-25,2.911062227474452,2.5,3.4
2016-03-26,9.25225566264241,8.0,10.7
2016-03-27,13.720345021095754,11.9,15.9
2016-03-28,1.0384788123748134,0.9,1.2
2016-03-29,0.0,0.0,0.0
2016-03-30,0.0,0.0,0.0
2016-03-31,0.0,0.0,0.0
2016-04-01,0.0,0.0,0.0
2016-04-02,0.0,0.0,0.0
2016-04-03,4.787811694680544,4.0,6.0
2016-04-04,10.82098469705074,9.1,13.5
2016-04-05,0.0,0.0,0.0
2016-04-06,0.0,0.0,0.0
2016-04-07,0.0,0.0,0.0
2016-04-08,0.0,0.0,0.0
2016-04-09,0.0,0.0,0.0
2016-04-10,0.0,0.0,0.0
2016-04-11,1.034243375508953,0.9,1.3
2016-04-12,12.173956782068801,10.3,15.2
2016-04-13,8.427214600442039,7.1,10.5
2016-04-14,36.5230773811007,30.8,45.6
2016-04-15,1.034243375508953,0.9,1.3
2016-04-16,0.0,0.0,0.0
2016-04-17,0.0,0.0,0.0
2016-04-18,0.0,0.0,0.0
2016-04-19,0.0,0.0,0.0
2016-04-20,2.6027092268538112,2.2,3.2
2016-04-21,1.5608411735542735,1.3,1.9
2016-04-22,8.742493508791105,7.4,10.9
2016-04-23,20.91522481997562,17.6,26.1
2016-04-24,15.087818858790015,12.7,18.8
2016-04-25,1.5608411735542735,1.3,1.9
2016-04-26,0.5219298615397068,0.4,0.6
2016-04-27,2.3929175267652467,2.0,3.0
2016-04-28,0.5219298615397068,0.4,0.6
2016-04-29,2.3929175267652467,2.0,3.0
2016-04-30,0.8223577881004663,0.7,1.0
2016-05-01,0.0,0.0,0.0
2016-05-02,0.0,0.0,0.0
2016-05-03,6.535646799737767,5.4,8.1
2016-05-04,0.5419813631275823,0.4,0.7
2016-05-05,0.0,0.0,0.0
2016-05-06,0.0,0.0,0.0
2016-05-07,0.0,0.0,0.0
2016-05-08,0.0,0.0,0.0
2016-05-09,0.0,0.0,0.0
2016-05-10,0.0,0.0,0.0
2016-05-11,0.0,0.0,0.0
2016-05-12,0.0,0.0,0.0
2016-05-13,0.0,0.0,0.0
2016-05-14,2.999324070842921,2.5,3.7
2016-05-15,8.143805358786539,6.7,10.1
2016-05-16,0.8559445063639596,0.7,1.1
2016-05-17,0.0,0.0,0.0
2016-05-18,0.0,0.0,0.0
2016-05-19,12.213827294545245,10.0,15.1
2016-05-20,8.143805358786539,6.7,10.1
2016-05-21,6.003747110070403,4.9,7.4
2016-05-22,9.534970064046941,7.8,11.8
2016-05-23,1.6092601143495053,1.3,2.0
2016-05-24,2.14354120265806,1.8,2.6
2016-05-25,0.0,0.0,0.0
2016-05-26,0.0,0.0,0.0
2016-05-27,0.0,0.0,0.0
2016-05-28,0.0,0.0,0.0
2016-05-29,0.0,0.0,0.0
2016-05-30,0.0,0.0,0.0
2016-05-31,0.0,0.0,0.0
2016-06-01,0.0,0.0,0.0
2016-06-02,0.0,0.0,0.0
2016-06-03,0.0,0.0,0.0
2016-06-04,0.0,0.0,0.0
2016-06-05,0.0,0.0,0.0
2016-06-06,0.0,0.0,0.0
2016-06-07,0.0,0.0,0.0
2016-06-08,0.0,0.0,0.0
2016-06-09,1.0689166253413362,0.8,1.4
2016-06-10,8.472823190725213,6.4,10.9
2016-06-11,1.3936602121000896,1.1,1.8
2016-06-12,0.0,0.0,0.0
2016-06-13,3.217496032066214,2.4,4.2
2016-06-14,16.62184042772281,12.6,21.4
2016-06-15,5.144779200937955,3.9,6.6
2016-06-16,1.3936602121000896,1.1,1.8
2016-06-17,4.398779387910111,3.3,5.7
2016-06-18,3.217496032066214,2.4,4.2
2016-06-19,0.0,0.0,0.0
2016-06-20,0.0,0.0,0.0
2016-06-21,0.0,0.0,0.0
2016-06-22,0.0,0.0,0.0
2016-06-23,3.8595258786474966,2.9,5.0
2016-06-24,1.3936602121000896,1.1,1.8
2016-06-25,0.0,0.0,0.0
2016-06-26,0.0,0.0,0.0
2016-06-27,0.0,0.0,0.0
2016-06-28,0.0,0.0,0.0
2016-06-29,0.0,0.0,0.0
2016-06-30,0.0,0.0,0.0
2016-07-01,0.0,0.0,0.0
2016-07-02,0.0,0.0,0.0
2016-07-03,0.0,0.0,0.0
2016-07-04,0.0,0.0,0.0
2016-07-05,0.0,0.0,0.0
2016-07-06,0.0,0.0,0.0
2016-07-07,1.4623574325072481,1.0,2.1
2016-07-08,20.821993611991513,14.2,29.6
2016-07-09,5.7394612080288585,3.9,8.2
2016-07-10,9.681398180779869,6.6,13.8
2016-07-11,1.1251558446872005,0.8,1.6
2016-07-12,0.0,0.0,0.0
2016-07-13,0.0,0.0,0.0
2016-07-14,0.0,0.0,0.0
2016-07-15,0.0,0.0,0.0
2016-07-16,0.0,0.0,0.0
2016-07-17,0.0,0.0,0.0
2016-07-18,0.0,0.0,0.0
2016-07-19,0.0,0.0,0.0
2016-07-20,0.0,0.0,0.0
2016-07-21,0.0,0.0,0.0
2016-07-22,0.0,0.0,0.0
2016-07-23,0.0,0.0,0.0
2016-07-24,0.0,0.0,0.0
2016-07-25,0.0,0.0,0.0
2016-07-26,0.0,0.0,0.0
2016-07-27,0.0,0.0,0.0
2016-07-28,0.0,0.0,0.0
2016-07-29,0.0,0.0,0.0
2016-07-30,0.0,0.0,0.0
2016-07-31,0.0,0.0,0.0
2016-08-01,0.0,0.0,0.0
2016-08-02,0.0,0.0,0.0
2016-08-03,0.0,0.0,0.0
2016-08-04,0.0,0.0,0.0
2016-08-05,0.0,0.0,0.0
2016-08-06,0.0,0.0,0.0
2016-08-07,0.0,0.0,0.0
2016-08-08,0.0,0.0,0.0
2016-08-09,0.0,0.0,0.0
2016-08-10,0.0,0.0,0.0
2016-08-11,0.0,0.0,0.0
2016-08-12,0.0,0.0,0.0
2016-08-13,0.0,0.0,0.0
2016-08-14,0.0,0.0,0.0
2016-08-15,0.0,0.0,0.0
2016-08-16,0.0,0.0,0.0
2016-08-17,0.0,0.0,0.0
2016-08-18,0.0,0.0,0.0
2016-08-19,0.0,0.0,0.0
2016-08-20,0.0,0.0,0.0
2016-08-21,0.0,0.0,0.0
2016-08-22,0.0,0.0,0.0
2016-08-23,0.0,0.0,0.0
2016-08-24,0.0,0.0,0.0
2016-08-25,0.0,0.0,0.0
2016-08-26,0.0,0.0,0.0
2016-08-27,0.0,0.0,0.0
2016-08-28,0.0,0.0,0.0
2016-08-29,0.0,0.0,0.0
2016-08-30,0.0,0.0,0.0
2016-08-31,0.0,0.0,0.0
2016-09-01,3.496735502417137,3.1,4.2
2016-09-02,5.940165850766898,5.2,7.1
2016-09-03,0.31328755530511265,0.3,0.4
2016-09-04,0.0,0.0,0.0
2016-09-05,0.0,0.0,0.0
2016-09-06,9.970658852519293,8.7,11.9
2016-09-07,1.0641082899228242,0.9,1.3
2016-09-08,0.0,0.0,0.0
2016-09-09,0.0,0.0,0.0
2016-09-10,0.0,0.0,0.0
2016-09-11,0.0,0.0,0.0
2016-09-12,0.0,0.0,0.0
2016-09-13,0.0,0.0,0.0
2016-09-14,0.0,0.0,0.0
2016-09-15,0.0,0.0,0.0
2016-09-16,0.0,0.0,0.0
2016-09-17,10.820389311880108,9.5,12.9
2016-09-18,8.062488704854072,7.1,9.6
2016-09-19,0.0,0.0,0.0
2016-09-20,0.0,0.0,0.0
2016-09-21,10.288414345185542,9.0,12.3
2016-09-22,1.0641082899228242,0.9,1.3
2016-09-23,4.561626329258227,4.0,5.5
2016-09-24,0.0,0.0,0.0
2016-09-25,0.0,0.0,0.0
2016-09-26,0.0,0.0,0.0
2016-09-27,0.0,0.0,0.0
2016-09-28,0.0,0.0,0.0
2016-09-29,0.0,0.0,0.0
2016-09-30,1.0641082899228242,0.9,1.3
2016-10-01,4.672375100820801,4.2,5.4
2016-10-02,3.6539996906436953,3.3,4.2
2016-10-03,7.209109434580331,6.4,8.3
2016-10-04,27.114093166598757,24.3,31.3
2016-10-05,35.84737916695905,32.1,41.4
2016-10-06,6.3976762554603885,5.7,7.4
2016-10-07,18.278114905981187,16.4,21.1
2016-10-08,1.012186654700797,0.9,1.2
2016-10-09,4.8749661296643065,4.4,5.6
2016-10-10,12.390319995039327,11.1,14.3
2016-10-11,0.0,0.0,0.0
2016-10-12,3.3501062926579213,3.0,3.9
2016-10-13,53.92160900151743,48.2,62.2
2016-10-14,30.666758321444583,27.4,35.4
2016-10-15,35.336237094276385,31.6,40.8
2016-10-16,27.619585261408865,24.7,31.9
2016-10-17,49.251651864377855,44.1,56.8
2016-10-18,13.406132621380632,12.0,15.5
2016-10-19,1.8310583933371036,1.6,2.1
2016-10-20,32.49580708085036,29.1,37.5
2016-10-21,13.709152388216628,12.3,15.8
2016-10-22,0.0,0.0,0.0
2016-10-23,0.0,0.0,0.0
2016-10-24,7.717697058153465,6.9,8.9
2016-10-25,8.733252375739843,7.8,10.1
2016-10-26,16.752784043471056,15.0,19.3
2016-10-27,14.723702967204995,13.2,17.0
2016-10-28,1.8310583933371036,1.6,2.1
2016-10-29,4.8749661296643065,4.4,5.6
2016-10-30,9.847441149240709,8.8,11.4
2016-10-31,6.70234892014764,6.0,7.7
2016-11-01,1.0240170631193637,0.9,1.2
2016-11-02,0.302296498719456,0.3,0.4
2016-11-03,0.0,0.0,0.0
2016-11-04,0.0,0.0,0.0
2016-11-05,13.246775014407405,11.7,15.3
2016-11-06,1.3215208868893238,1.2,1.5
2016-11-07,0.0,0.0,0.0
2016-11-08,0.0,0.0,0.0
2016-11-09,0.5142478839346346,0.5,0.6
2016-11-10,0.0,0.0,0.0
2016-11-11,1.5258792711716984,1.4,1.8
2016-11-12,4.688606819402825,4.2,5.4
2016-11-13,6.215516457027212,5.5,7.2
2016-11-14,46.87431307080017,41.5,54.1
2016-11-15,22.21229833350209,19.7,25.6
2016-11-16,5.707509085504691,5.1,6.6
2016-11-17,0.302296498719456,0.3,0.4
2016-11-18,2.3451565558736376,2.1,2.7
2016-11-19,3.3630467396754944,3.0,3.9
2016-11-20,15.793869866792292,14.0,18.2
2016-11-21,7.030779370212084,6.2,8.1
2016-11-22,14.26624675210983,12.6,16.5
2016-11-23,12.941037527623372,11.5,14.9
2016-11-24,5.910700766478081,5.2,6.8
2016-11-25,11.414385518755154,10.1,13.2
2016-11-26,11.414385518755154,10.1,13.2
2016-11-27,20.68310999641109,18.3,23.9
2016-11-28,23.029618719171516,20.4,26.6
2016-11-29,6.215516457027212,5.5,7.2
2016-11-30,19.9738108533385,17.7,23.1
2016-12-01,2.3639781767641805,2.1,2.8
2016-12-02,4.9326543195384165,4.4,5.8
2016-12-03,9.148382699021752,8.2,10.8
2016-12-04,26.616257566845736,23.7,31.5
2016-12-05,14.595282944936175,13.0,17.3
2016-12-06,3.9043422258522424,3.5,4.6
2016-12-07,2.8783994409643587,2.6,3.4
2016-12-08,32.88748180931707,29.3,38.9
2016-12-09,30.834402776944668,27.5,36.5
2016-12-10,25.592905490800117,22.8,30.3
2016-12-11,36.587711695924625,32.6,43.3
2016-12-12,4.9326543195384165,4.4,5.8
2016-12-13,0.0,0.0,0.0
2016-12-14,45.739837434796875,40.8,54.1
2016-12-15,7.297837229147112,6.5,8.6
2016-12-16,0.0,0.0,0.0
2016-12-17,0.0,0.0,0.0
2016-12-18,0.0,0.0,0.0
2016-12-19,28.986013557081247,25.9,34.3
2016-12-20,26.105453448129325,23.3,30.9
2016-12-21,0.0,0.0,0.0
2016-12-22,5.241695332628395,4.7,6.2
2016-12-23,16.44652622160393,14.7,19.5
2016-12-24,2.3639781767641805,2.1,2.8
2016-12-25,0.0,0.0,0.0
2016-12-26,9.352288506851666,8.3,11.1
2016-12-27,28.466350959861693,25.4,33.7
2016-12-28,2.3639781767641805,2.1,2.8
2016-12-29,0.8250214686548502,0.7,1.0
2016-12-30,0.8250214686548502,0.7,1.0
2016-12-31,2.8783994409643587,2.6,3.4
2017-01-01,20.87992428280782,18.4,25.3
2017-01-02,3.702299592609028,3.3,4.5
2017-01-03,0.0,0.0,0.0
2017-01-04,0.0,0.0,0.0
2017-01-05,0.0,0.0,0.0
2017-01-06,0.5173249538504329,0.5,0.6
2017-01-07,20.87992428280782,18.4,25.3
2017-01-08,31.065158986250438,27.3,37.6
2017-01-09,18.512209291523448,16.3,22.4
2017-01-10,24.068371093425633,21.2,29.2
2017-01-11,8.128704562149975,7.1,9.8
2017-01-12,0.0,0.0,0.0
2017-01-13,0.0,0.0,0.0
2017-01-14,0.0,0.0,0.0
2017-01-15,0.0,0.0,0.0
2017-01-16,0.0,0.0,0.0
2017-01-17,18.821760509044918,16.5,22.8
2017-01-18,20.87992428280782,18.4,25.3
2017-01-19,6.790395379822047,6.0,8.2
2017-01-20,2.056949563330548,1.8,2.5
2017-01-21,15.428928866695022,13.6,18.7
2017-01-22,4.42224854849232,3.9,5.4
2017-01-23,0.0,0.0,0.0
2017-01-24,1.0313824696984126,0.9,1.2
2017-01-25,0.0,0.0,0.0
2017-01-26,0.0,0.0,0.0
2017-01-27,0.0,0.0,0.0
2017-01-28,0.0,0.0,0.0
2017-01-29,0.0,0.0,0.0
2017-01-30,0.5173249538504329,0.5,0.6
2017-01-31,5.762017983024978,5.1,7.0
2017-02-01,0.0,0.0,0.0
2017-02-02,2.0711372086637656,1.8,2.4
2017-02-03,15.75555442974619,14.1,18.5
2017-02-04,41.88844428326106,37.4,49.2
2017-02-05,26.332683155568834,23.5,30.9
2017-02-06,20.52644150845844,18.3,24.1
2017-02-07,17.10751509695662,15.3,20.1
2017-02-08,28.92425945099999,25.8,34.0
2017-02-09,30.066489133459815,26.8,35.3
2017-02-10,10.783516002886671,9.6,12.7
2017-02-11,0.0,0.0,0.0
2017-02-12,0.0,0.0,0.0
2017-02-13,0.0,0.0,0.0
2017-02-14,1.0367530930161,0.9,1.2
2017-02-15,17.10751509695662,15.3,20.1
2017-02-16,23.219909569607797,20.7,27.3
2017-02-17,1.8655027377902302,1.7,2.2
2017-02-18,10.263873330642493,9.2,12.1
2017-02-19,12.338859364057608,11.0,14.5
2017-02-20,17.623548775585444,15.7,20.7
2017-02-21,30.272654703539907,27.0,35.6
2017-02-22,5.286059532770104,4.7,6.2
2017-02-23,2.3826250818737873,2.1,2.8
2017-02-24,0.8314830366197999,0.7,1.0
2017-02-25,3.108497650978627,2.8,3.7
2017-02-26,15.239207767044057,13.6,17.9
2017-02-27,16.068061248956365,14.3,18.9
2017-02-28,11.092944114623663,9.9,13.0
2017-03-01,1.0384788123748134,0.9,1.2
2017-03-02,0.0,0.0,0.0
2017-03-03,12.159760006904188,10.6,14.1
2017-03-04,17.672760690890517,15.3,20.5
2017-03-05,18.70929272672112,16.2,21.7
2017-03-06,29.31180635118223,25.5,34.0
2017-03-07,34.09316383302844,29.6,39.5
2017-03-08,42.5147376017559,36.9,49.3
2017-03-09,38.56427344648294,33.5,44.7
2017-03-10,0.0,0.0,0.0
2017-03-11,8.732610046713324,7.6,10.1
2017-03-12,0.0,0.0,0.0
2017-03-13,13.720345021095754,11.9,15.9
2017-03-14,0.3087252518630193,0.3,0.4
2017-03-15,28.273394634578338,24.6,32.8
2017-03-16,1.873251012795772,1.6,2.2
2017-03-17,8.732610046713324,7.6,10.1
2017-03-18,26.714404073929302,23.2,31.0
2017-03-19,1.0384788123748134,0.9,1.2
2017-03-20,2.391367969723704,2.1,2.8
2017-03-21,10.601871492986369,9.2,12.3
2017-03-22,9.770697678792617,8.5,11.3
2017-03-23,16.11231037763053,14.0,18.7
2017-03-24,31.393015101021938,27.3,36.4
2017-03-25,6.548456640533559,5.7,7.6
2017-03-26,32.43229000138808,28.2,37.6
2017-03-27,13.720345021095754,11.9,15.9
2017-03-28,3.9532228598700514,3.4,4.6
2017-03-29,42.5147376017559,36.9,49.3
2017-03-30,8.212704351406293,7.1,9.5
2017-03-31,0.0,0.0,0.0
2017-04-01,0.0,0.0,0.0
2017-04-02,0.0,0.0,0.0
2017-04-03,0.0,0.0,0.0
2017-04-04,0.0,0.0,0.0
2017-04-05,3.9529497159515485,3.3,4.9
2017-04-06,5.513429741980058,4.6,6.9
2017-04-07,8.221036135617961,6.9,10.3
2017-04-08,10.091867049214006,8.5,12.6
2017-04-09,6.349270676349731,5.4,7.9
2017-04-10,4.2649401217265135,3.6,5.3
2017-04-11,6.349270676349731,5.4,7.9
2017-04-12,11.134191432449974,9.4,13.9
2017-04-13,10.82098469705074,9.1,13.5
2017-04-14,11.342718644359795,9.6,14.2
2017-04-15,0.0,0.0,0.0
2017-04-16,6.033755688715984,5.1,7.5
2017-04-17,13.215457167000912,11.1,16.5
2017-04-18,15.292792584238937,12.9,19.1
2017-04-19,15.087818858790015,12.7,18.8
2017-04-20,11.342718644359795,9.6,14.2
2017-04-21,0.0,0.0,0.0
2017-04-22,7.910576181504183,6.7,9.9
2017-04-23,16.64756664850388,14.0,20.8
2017-04-24,37.03993669395811,31.2,46.3
2017-04-25,14.044742639163232,11.8,17.5
2017-04-26,25.59677968054799,21.6,32.0
2017-04-27,12.173956782068801,10.3,15.2
2017-04-28,0.0,0.0,0.0
2017-04-29,3.4292735504833476,2.9,4.3
2017-04-30,6.033755688715984,5.1,7.5
2017-05-01,1.9298040113200767,1.6,2.4
2017-05-02,0.0,0.0,0.0
2017-05-03,0.0,0.0,0.0
2017-05-04,10.394711808023029,8.6,12.8
2017-05-05,7.928685629831507,6.5,9.8
2017-05-06,0.0,0.0,0.0
2017-05-07,0.0,0.0,0.0
2017-05-08,0.0,0.0,0.0
2017-05-09,0.0,0.0,0.0
2017-05-10,0.0,0.0,0.0
2017-05-11,15.001471662861318,12.3,18.5
2017-05-12,13.607814701386106,11.2,16.8
2017-05-13,10.93044106685672,9.0,13.5
2017-05-14,3.534478310299395,2.9,4.4
2017-05-15,12.001061055551528,9.9,14.8
2017-05-16,28.289154054182287,23.3,34.9
2017-05-17,1.3942838977888599,1.1,1.7
2017-05-18,0.0,0.0,0.0
2017-05-19,0.0,0.0,0.0
2017-05-20,0.0,0.0,0.0
2017-05-21,0.0,0.0,0.0
2017-05-22,0.0,0.0,0.0
2017-05-23,0.0,0.0,0.0
2017-05-24,0.0,0.0,0.0
2017-05-25,0.5419813631275823,0.4,0.7
2017-05-26,0.0,0.0,0.0
2017-05-27,0.0,0.0,0.0
2017-05-28,0.0,0.0,0.0
2017-05-29,0.0,0.0,0.0
2017-05-30,1.3942838977888599,1.1,1.7
2017-05-31,0.5419813631275823,0.4,0.7
2017-06-01,1.9306260487999942,1.5,2.5
2017-06-02,0.0,0.0,0.0
2017-06-03,0.0,0.0,0.0
2017-06-04,0.0,0.0,0.0
2017-06-05,0.0,0.0,0.0
2017-06-06,0.0,0.0,0.0
2017-06-07,4.398779387910111,3.3,5.7
2017-06-08,18.76875386879054,14.2,24.2
2017-06-09,10.403360747752782,7.9,13.4
2017-06-10,7.079518731844216,5.4,9.1
2017-06-11,1.0689166253413362,0.8,1.4
2017-06-12,4.075478907167018,3.1,5.3
2017-06-13,0.5365764392684496,0.4,0.7
2017-06-14,0.8622663219491368,0.6,1.1
2017-06-15,9.54481068677459,7.2,12.3
2017-06-16,1.0689166253413362,0.8,1.4
2017-06-17,0.0,0.0,0.0
2017-06-18,0.0,0.0,0.0
2017-06-19,0.0,0.0,0.0
2017-06-20,0.0,0.0,0.0
2017-06-21,0.0,0.0,0.0
2017-06-22,0.0,0.0,0.0
2017-06-23,0.0,0.0,0.0
2017-06-24,0.0,0.0,0.0
2017-06-25,0.0,0.0,0.0
2017-06-26,0.0,0.0,0.0
2017-06-27,0.0,0.0,0.0
2017-06-28,0.0,0.0,0.0
2017-06-29,0.0,0.0,0.0
2017-06-30,0.0,0.0,0.0
2017-07-01,0.0,0.0,0.0
2017-07-02,0.0,0.0,0.0
2017-07-03,0.0,0.0,0.0
2017-07-04,0.0,0.0,0.0
2017-07-05,0.0,0.0,0.0
2017-07-06,0.0,0.0,0.0
2017-07-07,0.0,0.0,0.0
2017-07-08,0.0,0.0,0.0
2017-07-09,0.0,0.0,0.0
2017-07-10,0.0,0.0,0.0
2017-07-11,0.0,0.0,0.0
2017-07-12,0.0,0.0,0.0
2017-07-13,0.0,0.0,0.0
2017-07-14,0.0,0.0,0.0
2017-07-15,0.0,0.0,0.0
2017-07-16,0.0,0.0,0.0
2017-07-17,0.0,0.0,0.0
2017-07-18,0.0,0.0,0.0
2017-07-19,0.0,0.0,0.0
2017-07-20,0.0,0.0,0.0
2017-07-21,0.0,0.0,0.0
2017-07-22,0.0,0.0,0.0
2017-07-23,0.0,0.0,0.0
2017-07-24,0.0,0.0,0.0
2017-07-25,0.0,0.0,0.0
2017-07-26,0.0,0.0,0.0
2017-07-27,0.0,0.0,0.0
2017-07-28,0.0,0.0,0.0
2017-07-29,0.0,0.0,0.0
2017-07-30,0.0,0.0,0.0
2017-07-31,0.0,0.0,0.0
2017-08-01,0.0,0.0,0.0
2017-08-02,0.0,0.0,0.0
2017-08-03,0.0,0.0,0.0
2017-08-04,0.0,0.0,0.0
2017-08-05,0.0,0.0,0.0
2017-08-06,0.0,0.0,0.0
2017-08-07,0.0,0.0,0.0
2017-08-08,0.0,0.0,0.0
2017-08-09,0.0,0.0,0.0
2017-08-10,0.8419702643089455,0.7,1.1
2017-08-11,0.0,0.0,0.0
2017-08-12,0.0,0.0,0.0
2017-08-13,2.9541456585578243,2.4,3.7
2017-08-14,0.0,0.0,0.0
2017-08-15,0.0,0.0,0.0
2017-08-16,0.0,0.0,0.0
2017-08-17,0.0,0.0,0.0
2017-08-18,0.0,0.0,0.0
2017-08-19,0.0,0.0,0.0
2017-08-20,0.0,0.0,0.0
2017-08-21,0.0,0.0,0.0
2017-08-22,0.0,0.0,0.0
2017-08-23,0.0,0.0,0.0
2017-08-24,0.0,0.0,0.0
2017-08-25,0.0,0.0,0.0
2017-08-26,0.0,0.0,0.0
2017-08-27,0.0,0.0,0.0
2017-08-28,0.0,0.0,0.0
2017-08-29,0.0,0.0,0.0
2017-08-30,0.0,0.0,0.0
2017-08-31,0.0,0.0,0.0
2017-09-01,0.0,0.0,0.0
2017-09-02,0.0,0.0,0.0
2017-09-03,0.0,0.0,0.0
2017-09-04,0.0,0.0,0.0
2017-09-05,0.0,0.0,0.0
2017-09-06,0.0,0.0,0.0
2017-09-07,5.940165850766898,5.2,7.1
2017-09-08,0.0,0.0,0.0
2017-09-09,0.0,0.0,0.0
2017-09-10,0.0,0.0,0.0
2017-09-11,0.0,0.0,0.0
2017-09-12,0.0,0.0,0.0
2017-09-13,0.0,0.0,0.0
2017-09-14,0.0,0.0,0.0
2017-09-15,0.0,0.0,0.0
2017-09-16,0.0,0.0,0.0
2017-09-17,7.535588866451434,6.6,9.0
2017-09-18,40.41765791514423,35.3,48.4
2017-09-19,49.3268039147646,43.1,59.0
2017-09-20,32.88860719328183,28.8,39.3
2017-09-21,1.5904123774391157,1.4,1.9
2017-09-22,0.0,0.0,0.0
2017-09-23,0.0,0.0,0.0
2017-09-24,0.0,0.0,0.0
2017-09-25,0.0,0.0,0.0
2017-09-26,0.0,0.0,0.0
2017-09-27,0.0,0.0,0.0
2017-09-28,0.0,0.0,0.0
2017-09-29,1.3772062902056668,1.2,1.6
2017-09-30,5.409413752497522,4.7,6.5
2017-10-01,6.194959673475954,5.5,7.1
2017-10-02,0.5175549971932952,0.5,0.6
2017-10-03,0.0,0.0,0.0
2017-10-04,0.0,0.0,0.0
2017-10-05,0.0,0.0,0.0
2017-10-06,0.0,0.0,0.0
2017-10-07,7.209109434580331,6.4,8.3
2017-10-08,2.843023982689109,2.5,3.3
2017-10-09,0.5175549971932952,0.5,0.6
2017-10-10,5.178924838924272,4.6,6.0
2017-10-11,13.709152388216628,12.3,15.8
2017-10-12,46.91608064370928,42.0,54.1
2017-10-13,18.78584978664897,16.8,21.7
2017-10-14,0.3010862083023276,0.3,0.4
2017-10-15,0.0,0.0,0.0
2017-10-16,0.5175549971932952,0.5,0.6
2017-10-17,0.0,0.0,0.0
2017-10-18,0.0,0.0,0.0
2017-10-19,30.970875401932172,27.7,35.7
2017-10-20,28.131030367105765,25.2,32.5
2017-10-21,65.50213027113476,58.6,75.6
2017-10-22,40.7225934706489,36.4,47.0
2017-10-23,0.0,0.0,0.0
2017-10-24,0.0,0.0,0.0
2017-10-25,0.0,0.0,0.0
2017-10-26,0.0,0.0,0.0
2017-10-27,0.0,0.0,0.0
2017-10-28,0.0,0.0,0.0
2017-10-29,0.0,0.0,0.0
2017-10-30,0.0,0.0,0.0
2017-10-31,0.0,0.0,0.0
2017-11-01,0.302296498719456,0.3,0.4
2017-11-02,23.5415877322103,20.9,27.2
2017-11-03,7.743270187727425,6.9,8.9
2017-11-04,6.724735754891586,6.0,7.8
2017-11-05,28.22558197042464,25.0,32.6
2017-11-06,0.5142478839346346,0.5,0.6
2017-11-07,1.0240170631193637,0.9,1.2
2017-11-08,7.743270187727425,6.9,8.9
2017-11-09,18.34272831133613,16.3,21.2
2017-11-10,18.137114087071886,16.1,20.9
2017-11-11,1.0240170631193637,0.9,1.2
2017-11-12,6.418507320893753,5.7,7.4
2017-11-13,25.37409640710114,22.5,29.3
2017-11-14,3.869254915635428,3.4,4.5
2017-11-15,23.029618719171516,20.4,26.6
2017-11-16,22.008607540385224,19.5,25.4
2017-11-17,10.598079016209075,9.4,12.2
2017-11-18,0.0,0.0,0.0
2017-11-19,13.96201751118641,12.4,16.1
2017-11-20,39.638798829944825,35.1,45.8
2017-11-21,9.577953561680781,8.5,11.1
2017-11-22,13.449327672489567,11.9,15.5
2017-11-23,49.21703484170271,43.6,56.8
2017-11-24,0.302296498719456,0.3,0.4
2017-11-25,2.546962438809151,2.3,2.9
2017-11-26,22.822759757009337,20.2,26.4
2017-11-27,2.546962438809151,2.3,2.9
2017-11-28,14.77633952112336,13.1,17.1
2017-11-29,1.3215208868893238,1.2,1.5
2017-11-30,2.546962438809151,2.3,2.9
2017-12-01,0.0,0.0,0.0
2017-12-02,11.514542926713736,10.3,13.6
2017-12-03,9.96817607715765,8.9,11.8
2017-12-04,0.0,0.0,0.0
2017-12-05,0.5159429092965292,0.5,0.6
2017-12-06,0.0,0.0,0.0
2017-12-07,0.0,0.0,0.0
2017-12-08,0.0,0.0,0.0
2017-12-09,0.0,0.0,0.0
2017-12-10,0.0,0.0,0.0
2017-12-11,0.0,0.0,0.0
2017-12-12,0.0,0.0,0.0
2017-12-13,0.0,0.0,0.0
2017-12-14,0.0,0.0,0.0
2017-12-15,3.9043422258522424,3.5,4.6
2017-12-16,0.0,0.0,0.0
2017-12-17,0.0,0.0,0.0
2017-12-18,1.0278570715099267,0.9,1.2
2017-12-19,28.67295490062475,25.6,33.9
2017-12-20,10.175072583955513,9.1,12.0
2017-12-21,2.3639781767641805,2.1,2.8
2017-12-22,9.96817607715765,8.9,11.8
2017-12-23,5.754320026582306,5.1,6.8
2017-12-24,12.025209572242906,10.7,14.2
2017-12-25,3.9043422258522424,3.5,4.6
2017-12-26,3.9043422258522424,3.5,4.6
2017-12-27,2.5674047941606695,2.3,3.0
2017-12-28,22.201812939289464,19.8,26.3
2017-12-29,26.105453448129325,23.3,30.9
2017-12-30,0.0,0.0,0.0
2017-12-31,0.0,0.0,0.0
2018-01-01,0.0,0.0,0.0
2018-01-02,0.0,0.0,0.0
2018-01-03,0.0,0.0,0.0
2018-01-04,0.5173249538504329,0.5,0.6
2018-01-05,6.4789974579819605,5.7,7.8
2018-01-06,1.5440290380230377,1.4,1.9
2018-01-07,0.0,0.0,0.0
2018-01-08,3.3932089499384506,3.0,4.1
2018-01-09,13.579499810954367,11.9,16.4
2018-01-10,8.844541833485001,7.8,10.7
2018-01-11,38.15646766921315,33.5,46.2
2018-01-12,0.0,0.0,0.0
2018-01-13,0.0,0.0,0.0
2018-01-14,0.0,0.0,0.0
2018-01-15,2.3621094201149715,2.1,2.9
2018-01-16,3.702299592609028,3.3,4.5
2018-01-17,13.579499810954367,11.9,16.4
2018-01-18,21.90906004989865,19.3,26.5
2018-01-19,11.00641550247983,9.7,13.3
2018-01-20,6.790395379822047,6.0,8.2
2018-01-21,15.428928866695022,13.6,18.7
2018-01-22,6.274038421569703,5.5,7.6
2018-01-23,22.729930150585723,20.0,27.5
2018-01-24,21.700704758656858,19.1,26.3
2018-01-25,21.188248883318106,18.6,25.7
2018-01-26,10.182609543854227,8.9,12.3
2018-01-27,28.490107481560493,25.0,34.5
2018-01-28,3.702299592609028,3.3,4.5
2018-01-29,9.360185967743027,8.2,11.3
2018-01-30,7.8168470564832555,6.9,9.5
2018-01-31,0.0,0.0,0.0
2018-02-01,7.879347994854249,7.0,9.3
2018-02-02,4.45808229426263,4.0,5.2
2018-02-03,0.8314830366197999,0.7,1.0
2018-02-04,0.0,0.0,0.0
2018-02-05,0.0,0.0,0.0
2018-02-06,0.0,0.0,0.0
2018-02-07,0.0,0.0,0.0
2018-02-08,0.0,0.0,0.0
2018-02-09,0.0,0.0,0.0
2018-02-10,0.0,0.0,0.0
2018-02-11,0.8314830366197999,0.7,1.0
2018-02-12,0.0,0.0,0.0
2018-02-13,0.8314830366197999,0.7,1.0
2018-02-14,15.032616894086871,13.4,17.7
2018-02-15,4.45808229426263,4.0,5.2
2018-02-16,7.153212567585161,6.4,8.4
2018-02-17,22.6003049366951,20.2,26.5
2018-02-18,20.01177844413502,17.9,23.5
2018-02-19,1.8655027377902302,1.7,2.2
2018-02-20,9.226705207442274,8.2,10.8
2018-02-21,3.7325287517035575,3.3,4.4
2018-02-22,3.7325287517035575,3.3,4.4
2018-02-23,5.495602750260482,4.9,6.5
2018-02-24,27.162399493078844,24.2,31.9
2018-02-25,43.22971837343629,38.6,50.8
2018-02-26,0.3042251560095856,0.3,0.4
2018-02-27,1.0367530930161,0.9,1.2
2018-02-28,21.354979567104273,19.1,25.1
2018-03-01,12.159760006904188,10.6,14.1
2018-03-02,2.391367969723704,2.1,2.8
2018-03-03,0.0,0.0,0.0
2018-03-04,2.5998946902030413,2.3,3.0
2018-03-05,0.0,0.0,0.0
2018-03-06,0.0,0.0,0.0
2018-03-07,1.5599796257167495,1.4,1.8
2018-03-08,25.882561039175958,22.5,30.0
2018-03-09,5.298543331482658,4.6,6.1
2018-03-10,0.5238379522193082,0.5,0.6
2018-03-11,0.0,0.0,0.0
2018-03-12,0.0,0.0,0.0
2018-03-13,10.811377650740914,9.4,12.5
2018-03-14,5.298543331482658,4.6,6.1
2018-03-15,6.861735209681303,6.0,7.9
2018-03-16,8.732610046713324,7.6,10.1
2018-03-17,10.290526645638234,8.9,11.9
2018-03-18,0.0,0.0,0.0
2018-03-19,0.5238379522193082,0.5,0.6
2018-03-20,1.0384788123748134,0.9,1.2
2018-03-21,11.122981276237448,9.7,12.9
2018-03-22,10.601871492986369,9.2,12.3
2018-03-23,27.753600120111486,24.1,32.2
2018-03-24,9.770697678792617,8.5,11.3
2018-03-25,4.263132612662233,3.7,4.9
2018-03-26,1.873251012795772,1.6,2.2
2018-03-27,2.391367969723704,2.1,2.8
2018-03-28,0.0,0.0,0.0
2018-03-29,0.0,0.0,0.0
2018-03-30,0.0,0.0,0.0
2018-03-31,0.0,0.0,0.0
2018-04-01,14.254309691848269,12.0,17.8
2018-04-02,1.034243375508953,0.9,1.3
2018-04-03,1.8721610461114937,1.6,2.3
2018-04-04,4.2649401217265135,3.6,5.3
2018-04-05,19.561717707572477,16.5,24.4
2018-04-06,7.910576181504183,6.7,9.9
2018-04-07,36.73033617828588,31.0,45.9
2018-04-08,16.125440699671618,13.6,20.1
2018-04-09,0.5219298615397068,0.4,0.6
2018-04-10,11.862539114845866,10.0,14.8
2018-04-11,12.90215246877204,10.9,16.1
2018-04-12,22.476169995566675,18.9,28.1
2018-04-13,11.134191432449974,9.4,13.9
2018-04-14,1.8721610461114937,1.6,2.3
2018-04-15,13.215457167000912,11.1,16.5
2018-04-16,18.001541018232853,15.2,22.5
2018-04-17,6.555830368777597,5.5,8.2
2018-04-18,0.8223577881004663,0.7,1.0
2018-04-19,0.0,0.0,0.0
2018-04-20,0.0,0.0,0.0
2018-04-21,0.0,0.0,0.0
2018-04-22,0.0,0.0,0.0
2018-04-23,0.0,0.0,0.0
2018-04-24,0.0,0.0,0.0
2018-04-25,0.0,0.0,0.0
2018-04-26,0.0,0.0,0.0
2018-04-27,3.4292735504833476,2.9,4.3
2018-04-28,4.787811694680544,4.0,6.0
2018-04-29,8.221036135617961,6.9,10.3
2018-04-30,1.5608411735542735,1.3,1.9
2018-05-01,0.0,0.0,0.0
2018-05-02,0.0,0.0,0.0
2018-05-03,0.0,0.0,0.0
2018-05-04,0.0,0.0,0.0
2018-05-05,0.0,0.0,0.0
2018-05-06,0.0,0.0,0.0
2018-05-07,0.0,0.0,0.0
2018-05-08,1.9298040113200767,1.6,2.4
2018-05-09,2.14354120265806,1.8,2.6
2018-05-10,6.003747110070403,4.9,7.4
2018-05-11,0.0,0.0,0.0
2018-05-12,0.0,0.0,0.0
2018-05-13,0.0,0.0,0.0
2018-05-14,0.0,0.0,0.0
2018-05-15,1.9298040113200767,1.6,2.4
2018-05-16,1.6092601143495053,1.3,2.0
2018-05-17,0.0,0.0,0.0
2018-05-18,0.0,0.0,0.0
2018-05-19,0.0,0.0,0.0
2018-05-20,0.0,0.0,0.0
2018-05-21,0.0,0.0,0.0
2018-05-22,0.0,0.0,0.0
2018-05-23,0.0,0.0,0.0
2018-05-24,0.0,0.0,0.0
2018-05-25,3.21518714635985,2.6,4.0
2018-05-26,0.0,0.0,0.0
2018-05-27,0.0,0.0,0.0
2018-05-28,0.0,0.0,0.0
2018-05-29,0.0,0.0,0.0
2018-05-30,0.5419813631275823,0.4,0.7
2018-05-31,1.6092601143495053,1.3,2.0
2018-06-01,0.0,0.0,0.0
2018-06-02,0.0,0.0,0.0
2018-06-03,0.0,0.0,0.0
2018-06-04,0.0,0.0,0.0
2018-06-05,0.0,0.0,0.0
2018-06-06,0.0,0.0,0.0
2018-06-07,0.0,0.0,0.0
2018-06-08,12.0110063056245,9.1,15.5
2018-06-09,21.23524255653435,16.1,27.4
2018-06-10,9.54481068677459,7.2,12.3
2018-06-11,0.5365764392684496,0.4,0.7
2018-06-12,0.0,0.0,0.0
2018-06-13,0.0,0.0,0.0
2018-06-14,0.0,0.0,0.0
2018-06-15,0.0,0.0,0.0
2018-06-16,2.1447836434041982,1.6,2.8
2018-06-17,1.611074474052649,1.2,2.1
2018-06-18,0.0,0.0,0.0
2018-06-19,0.0,0.0,0.0
2018-06-20,12.22749941787529,9.2,15.8
2018-06-21,0.0,0.0,0.0
2018-06-22,0.0,0.0,0.0
2018-06-23,0.0,0.0,0.0
2018-06-24,0.0,0.0,0.0
2018-06-25,0.0,0.0,0.0
2018-06-26,0.0,0.0,0.0
2018-06-27,0.0,0.0,0.0
2018-06-28,0.0,0.0,0.0
2018-06-29,0.0,0.0,0.0
2018-06-30,0.0,0.0,0.0
2018-07-01,0.0,0.0,0.0
2018-07-02,0.0,0.0,0.0
2018-07-03,0.0,0.0,0.0
2018-07-04,0.0,0.0,0.0
2018-07-05,0.0,0.0,0.0
2018-07-06,0.0,0.0,0.0
2018-07-07,0.0,0.0,0.0
2018-07-08,0.0,0.0,0.0
2018-07-09,0.0,0.0,0.0
2018-07-10,0.0,0.0,0.0
2018-07-11,0.0,0.0,0.0
2018-07-12,0.0,0.0,0.0
2018-07-13,0.0,0.0,0.0
2018-07-14,0.0,0.0,0.0
2018-07-15,0.0,0.0,0.0
2018-07-16,0.0,0.0,0.0
2018-07-17,0.0,0.0,0.0
2018-07-18,0.0,0.0,0.0
2018-07-19,0.0,0.0,0.0
2018-07-20,0.0,0.0,0.0
2018-07-21,0.0,0.0,0.0
2018-07-22,0.0,0.0,0.0
2018-07-23,0.0,0.0,0.0
2018-07-24,0.0,0.0,0.0
2018-07-25,0.0,0.0,0.0
2018-07-26,0.0,0.0,0.0
2018-07-27,0.0,0.0,0.0
2018-07-28,0.0,0.0,0.0
2018-07-29,0.0,0.0,0.0
2018-07-30,0.0,0.0,0.0
2018-07-31,0.0,0.0,0.0
2018-08-01,0.0,0.0,0.0
2018-08-02,0.0,0.0,0.0
2018-08-03,0.0,0.0,0.0
2018-08-04,0.0,0.0,0.0
2018-08-05,0.0,0.0,0.0
2018-08-06,0.0,0.0,0.0
2018-08-07,0.0,0.0,0.0
2018-08-08,0.0,0.0,0.0
2018-08-09,0.0,0.0,0.0
2018-08-10,0.0,0.0,0.0
2018-08-11,0.0,0.0,0.0
2018-08-12,0.0,0.0,0.0
2018-08-13,0.0,0.0,0.0
2018-08-14,0.0,0.0,0.0
2018-08-15,0.0,0.0,0.0
2018-08-16,0.0,0.0,0.0
2018-08-17,0.0,0.0,0.0
2018-08-18,0.0,0.0,0.0
2018-08-19,0.0,0.0,0.0
2018-08-20,0.0,0.0,0.0
2018-08-21,0.0,0.0,0.0
2018-08-22,0.0,0.0,0.0
2018-08-23,0.0,0.0,0.0
2018-08-24,0.0,0.0,0.0
2018-08-25,0.0,0.0,0.0
2018-08-26,2.4251192731165228,1.9,3.0
2018-08-27,4.5354491189696375,3.6,5.7
2018-08-28,0.0,0.0,0.0
2018-08-29,0.0,0.0,0.0
2018-08-30,0.0,0.0,0.0
2018-08-31,0.0,0.0,0.0
2018-09-01,0.0,0.0,0.0
2018-09-02,0.0,0.0,0.0
2018-09-03,0.0,0.0,0.0
2018-09-04,0.0,0.0,0.0
2018-09-05,0.0,0.0,0.0
2018-09-06,0.0,0.0,0.0
2018-09-07,0.0,0.0,0.0
2018-09-08,0.0,0.0,0.0
2018-09-09,0.0,0.0,0.0
2018-09-10,1.0641082899228242,0.9,1.3
2018-09-11,1.5904123774391157,1.4,1.9
2018-09-12,1.9091326036499539,1.7,2.3
2018-09-13,0.0,0.0,0.0
2018-09-14,0.0,0.0,0.0
2018-09-15,0.5285506219599676,0.5,0.6
2018-09-16,4.347035426847863,3.8,5.2
2018-09-17,0.0,0.0,0.0
2018-09-18,0.0,0.0,0.0
2018-09-19,0.0,0.0,0.0
2018-09-20,0.0,0.0,0.0
2018-09-21,0.0,0.0,0.0
2018-09-22,2.9697829274830503,2.6,3.6
2018-09-23,0.0,0.0,0.0
2018-09-24,0.0,0.0,0.0
2018-09-25,0.0,0.0,0.0
2018-09-26,0.0,0.0,0.0
2018-09-27,0.0,0.0,0.0
2018-09-28,0.0,0.0,0.0
2018-09-29,0.8489141165968944,0.7,1.0
2018-09-30,0.0,0.0,0.0
2018-10-01,0.0,0.0,0.0
2018-10-02,0.0,0.0,0.0
2018-10-03,0.0,0.0,0.0
2018-10-04,0.0,0.0,0.0
2018-10-05,18.78584978664897,16.8,21.7
2018-10-06,12.390319995039327,11.1,14.3
2018-10-07,3.0457928097745093,2.7,3.5
2018-10-08,8.025035204218428,7.2,9.3
2018-10-09,3.3501062926579213,3.0,3.9
2018-10-10,0.0,0.0,0.0
2018-10-11,0.0,0.0,0.0
2018-10-12,0.0,0.0,0.0
2018-10-13,0.0,0.0,0.0
2018-10-14,0.0,0.0,0.0
2018-10-15,0.0,0.0,0.0
2018-10-16,0.0,0.0,0.0
2018-10-17,0.0,0.0,0.0
2018-10-18,0.0,0.0,0.0
2018-10-19,0.0,0.0,0.0
2018-10-20,0.0,0.0,0.0
2018-10-21,0.0,0.0,0.0
2018-10-22,0.0,0.0,0.0
2018-10-23,0.3010862083023276,0.3,0.4
2018-10-24,0.0,0.0,0.0
2018-10-25,2.539174011810854,2.3,2.9
2018-10-26,14.217642205695427,12.7,16.4
2018-10-27,7.717697058153465,6.9,8.9
2018-10-28,34.018214015264256,30.4,39.3
2018-10-29,15.741446368395682,14.1,18.2
2018-10-30,3.6539996906436953,3.3,4.2
2018-10-31,23.45965331261205,21.0,27.1
2018-11-01,8.049353795040053,7.1,9.3
2018-11-02,9.577953561680781,8.5,11.1
2018-11-03,5.910700766478081,5.2,6.8
2018-11-04,12.634239302023737,11.2,14.6
2018-11-05,11.414385518755154,10.1,13.2
2018-11-06,1.0240170631193637,0.9,1.2
2018-11-07,0.0,0.0,0.0
2018-11-08,0.5142478839346346,0.5,0.6
2018-11-09,0.0,0.0,0.0
2018-11-10,0.0,0.0,0.0
2018-11-11,0.0,0.0,0.0
2018-11-12,0.0,0.0,0.0
2018-11-13,0.0,0.0,0.0
2018-11-14,0.0,0.0,0.0
2018-11-15,0.0,0.0,0.0
2018-11-16,0.0,0.0,0.0
2018-11-17,0.0,0.0,0.0
2018-11-18,0.0,0.0,0.0
2018-11-19,0.0,0.0,0.0
2018-11-20,0.0,0.0,0.0
2018-11-21,7.234302482677401,6.4,8.4
2018-11-22,26.69820048933415,23.7,30.8
2018-11-23,31.28366950062598,27.7,36.1
2018-11-24,1.0240170631193637,0.9,1.2
2018-11-25,1.0240170631193637,0.9,1.2
2018-11-26,8.049353795040053,7.1,9.3
2018-11-27,46.87431307080017,41.5,54.1
2018-11-28,10.907079539345796,9.7,12.6
2018-11-29,5.399840002643604,4.8,6.2
2018-11-30,18.647216648776535,16.5,21.5
2018-12-01,8.635908866062204,7.7,10.2
2018-12-02,0.8250214686548502,0.7,1.0
2018-12-03,0.0,0.0,0.0
2018-12-04,0.0,0.0,0.0
2018-12-05,0.0,0.0,0.0
2018-12-06,0.0,0.0,0.0
2018-12-07,3.9043422258522424,3.5,4.6
2018-12-08,0.5159429092965292,0.5,0.6
2018-12-09,10.68918888044006,9.5,12.7
2018-12-10,4.213727886812033,3.8,5.0
2018-12-11,37.82213564356381,33.7,44.8
2018-12-12,4.4211620316173645,3.9,5.2
2018-12-13,0.5159429092965292,0.5,0.6
2018-12-14,11.514542926713736,10.3,13.6
2018-12-15,2.3639781767641805,2.1,2.8
2018-12-16,11.71818849353243,10.5,13.9
2018-12-17,26.926265599203475,24.0,31.9
2018-12-18,63.723370461423194,56.8,75.4
2018-12-19,3.9043422258522424,3.5,4.6
2018-12-20,23.742283930833896,21.2,28.1
2018-12-21,0.0,0.0,0.0
2018-12-22,13.567435834281282,12.1,16.1
2018-12-23,42.85791422014017,38.2,50.7
2018-12-24,13.875494799473675,12.4,16.4
2018-12-25,0.0,0.0,0.0
2018-12-26,19.01439762982262,17.0,22.5
2018-12-27,4.729319449437208,4.2,5.6
2018-12-28,1.85205960147241,1.7,2.2
2018-12-29,21.685187744892794,19.3,25.7
2018-12-30,9.352288506851666,8.3,11.1
2018-12-31,0.0,0.0,0.0
2019-01-01,0.0,0.0,0.0
2019-01-02,1.0313824696984126,0.9,1.2
2019-01-03,0.5173249538504329,0.5,0.6
2019-01-04,1.3363819911659414,1.2,1.6
2019-01-05,4.42224854849232,3.9,5.4
2019-01-06,24.27590923863508,21.3,29.4
2019-01-07,5.762017983024978,5.1,7.0
2019-01-08,4.42224854849232,3.9,5.4
2019-01-09,8.844541833485001,7.8,10.7
2019-01-10,0.0,0.0,0.0
2019-01-11,0.0,0.0,0.0
2019-01-12,0.0,0.0,0.0
2019-01-13,0.0,0.0,0.0
2019-01-14,0.0,0.0,0.0
2019-01-15,0.0,0.0,0.0
2019-01-16,5.24453352161597,4.6,6.4
2019-01-17,7.301791497573494,6.4,8.8
2019-01-18,47.311031255925535,41.6,57.3
2019-01-19,30.032296510801142,26.4,36.4
2019-01-20,12.754250919374998,11.2,15.4
2019-01-21,0.0,0.0,0.0
2019-01-22,10.182609543854227,8.9,12.3
2019-01-23,11.518960687553365,10.1,14.0
2019-01-24,0.0,0.0,0.0
2019-01-25,0.0,0.0,0.0
2019-01-26,0.0,0.0,0.0
2019-01-27,0.0,0.0,0.0
2019-01-28,0.0,0.0,0.0
2019-01-29,0.0,0.0,0.0
2019-01-30,0.0,0.0,0.0
2019-01-31,0.0,0.0,0.0
2019-02-01,5.805320823940508,5.2,6.8
2019-02-02,9.74521547855157,8.7,11.4
2019-02-03,13.996245022143924,12.5,16.4
2019-02-04,10.056858452772442,9.0,11.8
2019-02-05,4.25443592254285,3.8,5.0
2019-02-06,0.0,0.0,0.0
2019-02-07,1.3505209767182442,1.2,1.6
2019-02-08,16.274735232440577,14.5,19.1
2019-02-09,12.13016138250464,10.8,14.2
2019-02-10,14.723221926968469,13.1,17.3
2019-02-11,30.58338306685992,27.3,35.9
2019-02-12,19.48973315031003,17.4,22.9
2019-02-13,10.57496006270196,9.4,12.4
2019-02-14,14.514968020610432,12.9,17.0
2019-02-15,8.397837852823,7.5,9.9
2019-02-16,20.52644150845844,18.3,24.1
2019-02-17,1.8655027377902302,1.7,2.2
2019-02-18,0.0,0.0,0.0
2019-02-19,12.855057293120582,11.5,15.1
2019-02-20,11.821337354747598,10.5,13.9
2019-02-21,0.0,0.0,0.0
2019-02-22,9.226705207442274,8.2,10.8
2019-02-23,37.94389981629643,33.9,44.6
2019-02-24,50.799801200860166,45.3,59.7
2019-02-25,28.92425945099999,25.8,34.0
2019-02-26,7.153212567585161,6.4,8.4
2019-02-27,4.770581281605633,4.3,5.6
2019-02-28,0.0,0.0,0.0
2019-03-01,1.873251012795772,1.6,2.2
2019-03-02,0.0,0.0,0.0
2019-03-03,0.0,0.0,0.0
2019-03-04,0.0,0.0,0.0
2019-03-05,2.391367969723704,2.1,2.8
2019-03-06,10.811377650740914,9.4,12.5
2019-03-07,7.8977338540515465,6.9,9.2
2019-03-08,7.8977338540515465,6.9,9.2
2019-03-09,3.4307457259997194,3.0,4.0
2019-03-10,0.0,0.0,0.0
2019-03-11,9.770697678792617,8.5,11.3
2019-03-12,20.37289881224354,17.7,23.6
2019-03-13,3.117496046760148,2.7,3.6
2019-03-14,0.0,0.0,0.0
2019-03-15,0.0,0.0,0.0
2019-03-16,0.0,0.0,0.0
2019-03-17,0.0,0.0,0.0
2019-03-18,0.0,0.0,0.0
2019-03-19,0.0,0.0,0.0
2019-03-20,0.0,0.0,0.0
2019-03-21,2.391367969723704,2.1,2.8
2019-03-22,12.159760006904188,10.6,14.1
2019-03-23,4.989104609092193,4.3,5.8
2019-03-24,0.0,0.0,0.0
2019-03-25,9.25225566264241,8.0,10.7
2019-03-26,0.5238379522193082,0.5,0.6
2019-03-27,9.770697678792617,8.5,11.3
2019-03-28,4.263132612662233,3.7,4.9
2019-03-29,1.5599796257167495,1.4,1.8
2019-03-30,0.0,0.0,0.0
2019-03-31,0.0,0.0,0.0
2019-04-01,7.910576181504183,6.7,9.9
2019-04-02,10.61492100165222,8.9,13.3
2019-04-03,10.091867049214006,8.5,12.6
2019-04-04,13.215457167000912,11.1,16.5
2019-04-05,11.342718644359795,9.6,14.2
2019-04-06,45.99176819331967,38.8,57.5
2019-04-07,98.54037721322085,83.1,123.1
2019-04-08,53.37947637902659,45.0,66.7
2019-04-09,19.561717707572477,16.5,24.4
2019-04-10,29.343259990136776,24.7,36.7
2019-04-11,24.349506884614506,20.5,30.4
2019-04-12,4.2649401217265135,3.6,5.3
2019-04-13,12.381852158054095,10.4,15.5
2019-04-14,3.1218410465007196,2.6,3.9
2019-04-15,10.300793937778892,8.7,12.9
2019-04-16,1.5608411735542735,1.3,1.9
2019-04-17,0.0,0.0,0.0
2019-04-18,0.0,0.0,0.0
2019-04-19,5.827750120890264,4.9,7.3
2019-04-20,3.4292735504833476,2.9,4.3
2019-04-21,0.0,0.0,0.0
2019-04-22,0.5219298615397068,0.4,0.6
2019-04-23,0.5219298615397068,0.4,0.6
2019-04-24,0.0,0.0,0.0
2019-04-25,0.0,0.0,0.0
2019-04-26,0.0,0.0,0.0
2019-04-27,0.0,0.0,0.0
2019-04-28,0.0,0.0,0.0
2019-04-29,0.0,0.0,0.0
2019-04-30,0.0,0.0,0.0
2019-05-01,0.0,0.0,0.0
2019-05-02,0.0,0.0,0.0
2019-05-03,0.0,0.0,0.0
2019-05-04,0.0,0.0,0.0
2019-05-05,0.0,0.0,0.0
2019-05-06,0.0,0.0,0.0
2019-05-07,0.0,0.0,0.0
2019-05-08,0.0,0.0,0.0
2019-05-09,0.0,0.0,0.0
2019-05-10,0.0,0.0,0.0
2019-05-11,0.0,0.0,0.0
2019-05-12,0.0,0.0,0.0
2019-05-13,0.0,0.0,0.0
2019-05-14,1.6092601143495053,1.3,2.0
2019-05-15,2.464533267900699,2.0,3.0
2019-05-16,4.607277896034927,3.8,5.7
2019-05-17,5.679343599735129,4.7,7.0
2019-05-18,4.394178426358619,3.6,5.4
2019-05-19,10.073207084461812,8.3,12.4
2019-05-20,3.858928684490235,3.2,4.8
2019-05-21,8.678184246658788,7.1,10.7
2019-05-22,4.070409202569636,3.3,5.0
2019-05-23,0.8559445063639596,0.7,1.1
2019-05-24,2.999324070842921,2.5,3.7
2019-05-25,9.534970064046941,7.8,11.8
2019-05-26,4.070409202569636,3.3,5.0
2019-05-27,2.999324070842921,2.5,3.7
2019-05-28,0.0,0.0,0.0
2019-05-29,0.0,0.0,0.0
2019-05-30,1.0694490404713735,0.9,1.3
2019-05-31,0.0,0.0,0.0
2019-06-01,0.0,0.0,0.0
2019-06-02,0.0,0.0,0.0
2019-06-03,0.0,0.0,0.0
2019-06-04,0.0,0.0,0.0
2019-06-05,0.0,0.0,0.0
2019-06-06,4.610630367837185,3.5,6.0
2019-06-07,7.614041453744751,5.8,9.8
2019-06-08,0.0,0.0,0.0
2019-06-09,0.0,0.0,0.0
2019-06-10,0.0,0.0,0.0
2019-06-11,0.0,0.0,0.0
2019-06-12,0.0,0.0,0.0
2019-06-13,0.0,0.0,0.0
2019-06-14,0.0,0.0,0.0
2019-06-15,0.0,0.0,0.0
2019-06-16,0.0,0.0,0.0
2019-06-17,0.0,0.0,0.0
2019-06-18,0.0,0.0,0.0
2019-06-19,0.0,0.0,0.0
2019-06-20,1.611074474052649,1.2,2.1
2019-06-21,0.0,0.0,0.0
2019-06-22,0.0,0.0,0.0
2019-06-23,0.0,0.0,0.0
2019-06-24,0.0,0.0,0.0
2019-06-25,0.0,0.0,0.0
2019-06-26,12.0110063056245,9.1,15.5
2019-06-27,8.685016047899094,6.6,11.2
2019-06-28,0.0,0.0,0.0
2019-06-29,1.611074474052649,1.2,2.1
2019-06-30,0.0,0.0,0.0
2019-07-01,0.9018295581295481,0.6,1.3
2019-07-02,0.0,0.0,0.0
2019-07-03,0.0,0.0,0.0
2019-07-04,0.0,0.0,0.0
2019-07-05,0.0,0.0,0.0
2019-07-06,0.0,0.0,0.0
2019-07-07,0.0,0.0,0.0
2019-07-08,0.0,0.0,0.0
2019-07-09,0.0,0.0,0.0
2019-07-10,0.0,0.0,0.0
2019-07-11,0.0,0.0,0.0
2019-07-12,0.0,0.0,0.0
2019-07-13,0.0,0.0,0.0
2019-07-14,0.0,0.0,0.0
2019-07-15,0.0,0.0,0.0
2019-07-16,0.0,0.0,0.0
2019-07-17,0.9018295581295481,0.6,1.3
2019-07-18,1.6890662546574464,1.2,2.4
2019-07-19,0.0,0.0,0.0
2019-07-20,0.0,0.0,0.0
2019-07-21,0.0,0.0,0.0
2019-07-22,0.0,0.0,0.0
2019-07-23,0.0,0.0,0.0
2019-07-24,0.0,0.0,0.0
2019-07-25,0.0,0.0,0.0
2019-07-26,0.0,0.0,0.0
2019-07-27,0.0,0.0,0.0
2019-07-28,0.0,0.0,0.0
2019-07-29,0.0,0.0,0.0
2019-07-30,0.0,0.0,0.0
2019-07-31,0.0,0.0,0.0
2019-08-01,0.0,0.0,0.0
2019-08-02,0.0,0.0,0.0
2019-08-03,0.0,0.0,0.0
2019-08-04,0.0,0.0,0.0
2019-08-05,0.0,0.0,0.0
2019-08-06,0.0,0.0,0.0
2019-08-07,0.0,0.0,0.0
2019-08-08,0.0,0.0,0.0
2019-08-09,1.5807565178783878,1.3,2.0
2019-08-10,3.79600180323966,3.0,4.8
2019-08-11,0.0,0.0,0.0
2019-08-12,0.0,0.0,0.0
2019-08-13,0.0,0.0,0.0
2019-08-14,0.0,0.0,0.0
2019-08-15,0.0,0.0,0.0
2019-08-16,0.0,0.0,0.0
2019-08-17,0.0,0.0,0.0
2019-08-18,0.0,0.0,0.0
2019-08-19,0.0,0.0,0.0
2019-08-20,0.0,0.0,0.0
2019-08-21,12.336937807203235,9.9,15.5
2019-08-22,0.5260560849199707,0.4,0.7
2019-08-23,0.0,0.0,0.0
2019-08-24,0.0,0.0,0.0
2019-08-25,0.0,0.0,0.0
2019-08-26,0.0,0.0,0.0
2019-08-27,0.0,0.0,0.0
2019-08-28,0.0,0.0,0.0
2019-08-29,0.0,0.0,0.0
2019-08-30,0.0,0.0,0.0
2019-08-31,0.0,0.0,0.0
2019-09-01,0.0,0.0,0.0
2019-09-02,0.0,0.0,0.0
2019-09-03,0.0,0.0,0.0
2019-09-04,0.0,0.0,0.0
2019-09-05,0.8489141165968944,0.7,1.0
2019-09-06,0.0,0.0,0.0
2019-09-07,3.496735502417137,3.1,4.2
2019-09-08,30.44426842997365,26.6,36.4
2019-09-09,11.35249961461075,9.9,13.6
2019-09-10,3.8166825072724366,3.3,4.6
2019-09-11,0.0,0.0,0.0
2019-09-12,0.0,0.0,0.0
2019-09-13,0.0,0.0,0.0
2019-09-14,0.0,0.0,0.0
2019-09-15,23.975018074355948,21.0,28.7
2019-09-16,9.441020556128851,8.3,11.3
2019-09-17,22.067230617157342,19.3,26.4
2019-09-18,11.35249961461075,9.9,13.6
2019-09-19,1.0641082899228242,0.9,1.3
2019-09-20,1.5904123774391157,1.4,1.9
2019-09-21,0.0,0.0,0.0
2019-09-22,8.912908139953263,7.8,10.7
2019-09-23,0.0,0.0,0.0
2019-09-24,0.0,0.0,0.0
2019-09-25,0.0,0.0,0.0
2019-09-26,0.8489141165968944,0.7,1.0
2019-09-27,5.409413752497522,4.7,6.5
2019-09-28,10.501820921361292,9.2,12.6
2019-09-29,1.5904123774391157,1.4,1.9
2019-09-30,1.5904123774391157,1.4,1.9
2019-10-01,0.0,0.0,0.0
2019-10-02,3.857086556515926,3.5,4.5
2019-10-03,4.366483814255474,3.9,5.0
2019-10-04,4.8749661296643065,4.4,5.6
2019-10-05,0.0,0.0,0.0
2019-10-06,0.0,0.0,0.0
2019-10-07,2.336811555284084,2.1,2.7
2019-10-08,10.357607392825457,9.3,12.0
2019-10-09,0.0,0.0,0.0
2019-10-10,0.0,0.0,0.0
2019-10-11,0.8162745007890809,0.7,0.9
2019-10-12,1.522023261086304,1.4,1.8
2019-10-13,0.0,0.0,0.0
2019-10-14,0.5175549971932952,0.5,0.6
2019-10-15,0.0,0.0,0.0
2019-10-16,13.406132621380632,12.0,15.5
2019-10-17,18.07705857371332,16.2,20.9
2019-10-18,14.723702967204995,13.2,17.0
2019-10-19,27.114093166598757,24.3,31.3
2019-10-20,5.891391166548533,5.3,6.8
2019-10-21,1.8310583933371036,1.6,2.1
2019-10-22,5.381980034469359,4.8,6.2
2019-10-23,0.0,0.0,0.0
2019-10-24,0.0,0.0,0.0
2019-10-25,0.0,0.0,0.0
2019-10-26,0.5175549971932952,0.5,0.6
2019-10-27,0.0,0.0,0.0
2019-10-28,0.0,0.0,0.0
2019-10-29,0.0,0.0,0.0
2019-10-30,0.0,0.0,0.0
2019-10-31,0.0,0.0,0.0
2019-11-01,0.0,0.0,0.0
2019-11-02,0.0,0.0,0.0
2019-11-03,0.0,0.0,0.0
2019-11-04,0.0,0.0,0.0
2019-11-05,0.0,0.0,0.0
2019-11-06,0.0,0.0,0.0
2019-11-07,0.0,0.0,0.0
2019-11-08,0.0,0.0,0.0
2019-11-09,0.0,0.0,0.0
2019-11-10,0.0,0.0,0.0
2019-11-11,0.0,0.0,0.0
2019-11-12,0.0,0.0,0.0
2019-11-13,0.0,0.0,0.0
2019-11-14,0.302296498719456,0.3,0.4
2019-11-15,11.414385518755154,10.1,13.2
2019-11-16,0.0,0.0,0.0
2019-11-17,0.0,0.0,0.0
2019-11-18,10.598079016209075,9.4,12.2
2019-11-19,10.598079016209075,9.4,12.2
2019-11-20,0.0,0.0,0.0
2019-11-21,0.0,0.0,0.0
2019-11-22,0.0,0.0,0.0
2019-11-23,0.0,0.0,0.0
2019-11-24,4.175166776974578,3.7,4.8
2019-11-25,15.489537766693694,13.7,17.9
2019-11-26,4.175166776974578,3.7,4.8
2019-11-27,1.5258792711716984,1.4,1.8
2019-11-28,0.0,0.0,0.0
2019-11-29,0.0,0.0,0.0
2019-11-30,4.891378750173757,4.3,5.6
2019-12-01,1.3371932628897398,1.2,1.6
2019-12-02,0.0,0.0,0.0
2019-12-03,0.0,0.0,0.0
2019-12-04,0.0,0.0,0.0
2019-12-05,0.0,0.0,0.0
2019-12-06,4.213727886812033,3.8,5.0
2019-12-07,7.0915186788807425,6.3,8.4
2019-12-08,0.5159429092965292,0.5,0.6
2019-12-09,0.0,0.0,0.0
2019-12-10,5.241695332628395,4.7,6.2
2019-12-11,18.49820573833413,16.5,21.9
2019-12-12,39.674816471939934,35.4,47.0
2019-12-13,8.83959149098408,7.9,10.5
2019-12-14,0.5159429092965292,0.5,0.6
2019-12-15,0.0,0.0,0.0
2019-12-16,0.0,0.0,0.0
2019-12-17,0.0,0.0,0.0
2019-12-18,13.567435834281282,12.1,16.1
2019-12-19,36.587711695924625,32.6,43.3
2019-12-20,2.8783994409643587,2.6,3.4
2019-12-21,12.230696610706827,10.9,14.5
2019-12-22,5.241695332628395,4.7,6.2
2019-12-23,2.3639781767641805,2.1,2.8
2019-12-24,2.05771316793035,1.8,2.4
2019-12-25,0.5159429092965292,0.5,0.6
2019-12-26,1.3371932628897398,1.2,1.6
2019-12-27,0.5159429092965292,0.5,0.6
2019-12-28,1.85205960147241,1.7,2.2
2019-12-29,0.0,0.0,0.0
2019-12-30,0.0,0.0,0.0
2019-12-31,29.802224544154154,26.6,35.3
2020-01-01,22.729930150585723,20.0,27.5
2020-01-02,2.056949563330548,1.8,2.5
2020-01-03,5.762017983024978,5.1,7.0
2020-01-04,11.72730863019517,10.3,14.2
2020-01-05,17.48573802784735,15.4,21.2
2020-01-06,19.031156130859735,16.7,23.0
2020-01-07,14.913652737132269,13.1,18.1
2020-01-08,19.338025865308673,17.0,23.4
2020-01-09,2.8774864463963143,2.5,3.5
2020-01-10,29.209079295687708,25.7,35.4
2020-01-11,26.434525263951233,23.2,32.0
2020-01-12,34.97148225980047,30.7,42.4
2020-01-13,18.307616137349243,16.1,22.2
2020-01-14,7.301791497573494,6.4,8.8
2020-01-15,16.4549075586612,14.5,19.9
2020-01-16,4.73390948196664,4.2,5.7
2020-01-17,8.33139763220631,7.3,10.1
2020-01-18,17.280747482741244,15.2,20.9
2020-01-19,1.0313824696984126,0.9,1.2
2020-01-20,3.702299592609028,3.3,4.5
2020-01-21,12.754250919374998,11.2,15.4
2020-01-22,17.999586558393474,15.8,21.8
2020-01-23,15.428928866695022,13.6,18.7
2020-01-24,6.790395379822047,6.0,8.2
2020-01-25,15.941627028689512,14.0,19.3
2020-01-26,14.607343331391233,12.8,17.7
2020-01-27,24.27590923863508,21.3,29.4
2020-01-28,27.97587836831105,24.6,33.9
2020-01-29,13.579499810954367,11.9,16.4
2020-01-30,3.3932089499384506,3.0,4.1
2020-01-31,1.5440290380230377,1.4,1.9
2020-02-01,21.354979567104273,19.1,25.1
2020-02-02,1.3505209767182442,1.2,1.6
2020-02-03,1.5533089010207093,1.4,1.8
2020-02-04,7.153212567585161,6.4,8.4
2020-02-05,26.851543299058044,24.0,31.5
2020-02-06,20.318259442379546,18.1,23.9
2020-02-07,13.165063364654383,11.7,15.5
2020-02-08,13.47734128828125,12.0,15.8
2020-02-09,0.0,0.0,0.0
2020-02-10,0.0,0.0,0.0
2020-02-11,0.0,0.0,0.0
2020-02-12,0.0,0.0,0.0
2020-02-13,3.4221848796734924,3.1,4.0
2020-02-14,5.286059532770104,4.7,6.2
2020-02-15,24.260315409878665,21.6,28.5
2020-02-16,13.47734128828125,12.0,15.8
2020-02-17,0.3042251560095856,0.3,0.4
2020-02-18,0.0,0.0,0.0
2020-02-19,0.0,0.0,0.0
2020-02-20,0.3042251560095856,0.3,0.4
2020-02-21,0.0,0.0,0.0
2020-02-22,1.3505209767182442,1.2,1.6
2020-02-23,15.032616894086871,13.4,17.7
2020-02-24,0.0,0.0,0.0
2020-02-25,0.0,0.0,0.0
2020-02-26,0.0,0.0,0.0
2020-02-27,0.0,0.0,0.0
2020-02-28,4.770581281605633,4.3,5.6
2020-02-29,11.092944114623663,9.9,13.0
2020-03-01,0.0,0.0,0.0
2020-03-02,1.5599796257167495,1.4,1.8
2020-03-03,0.0,0.0,0.0
2020-03-04,0.0,0.0,0.0
2020-03-05,0.0,0.0,0.0
2020-03-06,3.9532228598700514,3.4,4.6
2020-03-07,5.298543331482658,4.6,6.1
2020-03-08,1.0384788123748134,0.9,1.2
2020-03-09,0.0,0.0,0.0
2020-03-10,0.0,0.0,0.0
2020-03-11,0.0,0.0,0.0
2020-03-12,0.0,0.0,0.0
2020-03-13,14.032948165578183,12.2,16.3
2020-03-14,5.818732294829162,5.1,6.7
2020-03-15,0.5238379522193082,0.5,0.6
2020-03-16,1.5599796257167495,1.4,1.8
2020-03-17,0.0,0.0,0.0
2020-03-18,0.0,0.0,0.0
2020-03-19,0.0,0.0,0.0
2020-03-20,0.0,0.0,0.0
2020-03-21,0.0,0.0,0.0
2020-03-22,0.0,0.0,0.0
2020-03-23,8.940178074487868,7.8,10.4
2020-03-24,13.720345021095754,11.9,15.9
2020-03-25,7.689955869542807,6.7,8.9
2020-03-26,1.3508969830772564,1.2,1.6
2020-03-27,2.911062227474452,2.5,3.4
2020-03-28,11.122981276237448,9.7,12.9
2020-03-29,21.101160291855503,18.3,24.4
2020-03-30,49.06533971838127,42.6,56.8
2020-03-31,29.00117317517088,25.2,33.6
2020-04-01,6.870559070907082,5.8,8.6
2020-04-02,4.787811694680544,4.0,6.0
2020-04-03,0.5219298615397068,0.4,0.6
2020-04-04,4.475355174441331,3.8,5.6
2020-04-05,3.7470762253737404,3.2,4.7
2020-04-06,0.0,0.0,0.0
2020-04-07,0.0,0.0,0.0
2020-04-08,0.0,0.0,0.0
2020-04-09,0.0,0.0,0.0
2020-04-10,0.0,0.0,0.0
2020-04-11,0.0,0.0,0.0
2020-04-12,0.0,0.0,0.0
2020-04-13,0.0,0.0,0.0
2020-04-14,0.0,0.0,0.0
2020-04-15,0.0,0.0,0.0
2020-04-16,0.0,0.0,0.0
2020-04-17,0.0,0.0,0.0
2020-04-18,1.034243375508953,0.9,1.3
2020-04-19,0.0,0.0,0.0
2020-04-20,0.0,0.0,0.0
2020-04-21,1.8721610461114937,1.6,2.3
2020-04-22,36.73033617828588,31.0,45.9
2020-04-23,5.302730613059362,4.5,6.6
2020-04-24,4.2649401217265135,3.6,5.3
2020-04-25,11.342718644359795,9.6,14.2
2020-04-26,2.3929175267652467,2.0,3.0
2020-04-27,11.862539114845866,10.0,14.8
2020-04-28,0.0,0.0,0.0
2020-04-29,3.4292735504833476,2.9,4.3
2020-04-30,1.8721610461114937,1.6,2.3
2020-05-01,1.3942838977888599,1.1,1.7
2020-05-02,19.28752516458757,15.9,23.8
2020-05-03,3.534478310299395,2.9,4.4
2020-05-04,1.0694490404713735,0.9,1.3
2020-05-05,2.999324070842921,2.5,3.7
2020-05-06,1.3942838977888599,1.1,1.7
2020-05-07,1.0694490404713735,0.9,1.3
2020-05-08,0.32465575294806837,0.3,0.4
2020-05-09,0.0,0.0,0.0
2020-05-10,0.0,0.0,0.0
2020-05-11,3.21518714635985,2.6,4.0
2020-05-12,15.212999536226768,12.5,18.8
2020-05-13,9.212293094298067,7.6,11.4
2020-05-14,12.7515345251464,10.5,15.7
2020-05-15,0.0,0.0,0.0
2020-05-16,2.999324070842921,2.5,3.7
2020-05-17,12.7515345251464,10.5,15.7
2020-05-18,13.607814701386106,11.2,16.8
2020-05-19,6.535646799737767,5.4,8.1
2020-05-20,4.928448407685242,4.1,6.1
2020-05-21,15.001471662861318,12.3,18.5
2020-05-22,2.999324070842921,2.5,3.7
2020-05-23,0.0,0.0,0.0
2020-05-24,0.0,0.0,0.0
2020-05-25,0.0,0.0,0.0
2020-05-26,0.0,0.0,0.0
2020-05-27,0.0,0.0,0.0
2020-05-28,0.0,0.0,0.0
2020-05-29,0.0,0.0,0.0
2020-05-30,6.003747110070403,4.9,7.4
2020-05-31,0.32465575294806837,0.3,0.4
2020-06-01,0.0,0.0,0.0
2020-06-02,0.0,0.0,0.0
2020-06-03,0.0,0.0,0.0
2020-06-04,1.611074474052649,1.2,2.1
2020-06-05,1.3936602121000896,1.1,1.8
2020-06-06,11.690990242541679,8.8,15.1
2020-06-07,10.403360747752782,7.9,13.4
2020-06-08,2.465632032986512,1.9,3.2
2020-06-09,7.079518731844216,5.4,9.1
2020-06-10,0.0,0.0,0.0
2020-06-11,4.398779387910111,3.3,5.7
2020-06-12,3.8595258786474966,2.9,5.0
2020-06-13,13.299074670690146,10.1,17.2
2020-06-14,7.079518731844216,5.4,9.1
2020-06-15,23.16604198723254,17.5,29.9
2020-06-16,7.614041453744751,5.8,9.8
2020-06-17,0.0,0.0,0.0
2020-06-18,0.0,0.0,0.0
2020-06-19,0.0,0.0,0.0
2020-06-20,1.611074474052649,1.2,2.1
2020-06-21,0.0,0.0,0.0
2020-06-22,0.0,0.0,0.0
2020-06-23,0.0,0.0,0.0
2020-06-24,0.0,0.0,0.0
2020-06-25,0.0,0.0,0.0
2020-06-26,0.0,0.0,0.0
2020-06-27,0.8622663219491368,0.6,1.1
2020-06-28,7.079518731844216,5.4,9.1
2020-06-29,0.0,0.0,0.0
2020-06-30,0.0,0.0,0.0
2020-07-01,0.0,0.0,0.0
2020-07-02,0.0,0.0,0.0
2020-07-03,0.0,0.0,0.0
2020-07-04,0.0,0.0,0.0
2020-07-05,0.0,0.0,0.0
2020-07-06,0.0,0.0,0.0
2020-07-07,0.0,0.0,0.0
2020-07-08,0.0,0.0,0.0
2020-07-09,0.0,0.0,0.0
2020-07-10,0.0,0.0,0.0
2020-07-11,0.0,0.0,0.0
2020-07-12,0.0,0.0,0.0
2020-07-13,0.0,0.0,0.0
2020-07-14,0.0,0.0,0.0
2020-07-15,0.0,0.0,0.0
2020-07-16,0.0,0.0,0.0
2020-07-17,0.0,0.0,0.0
2020-07-18,0.0,0.0,0.0
2020-07-19,0.0,0.0,0.0
2020-07-20,0.0,0.0,0.0
2020-07-21,0.0,0.0,0.0
2020-07-22,0.0,0.0,0.0
2020-07-23,0.0,0.0,0.0
2020-07-24,0.0,0.0,0.0
2020-07-25,0.0,0.0,0.0
2020-07-26,0.0,0.0,0.0
2020-07-27,0.0,0.0,0.0
2020-07-28,0.0,0.0,0.0
2020-07-29,0.0,0.0,0.0
2020-07-30,0.0,0.0,0.0
2020-07-31,0.0,0.0,0.0
2020-08-01,0.0,0.0,0.0
2020-08-02,0.0,0.0,0.0
2020-08-03,0.0,0.0,0.0
2020-08-04,0.0,0.0,0.0
2020-08-05,0.0,0.0,0.0
2020-08-06,1.5807565178783878,1.3,2.0
2020-08-07,0.0,0.0,0.0
2020-08-08,0.0,0.0,0.0
2020-08-09,0.0,0.0,0.0
2020-08-10,0.0,0.0,0.0
2020-08-11,0.0,0.0,0.0
2020-08-12,0.0,0.0,0.0
2020-08-13,0.0,0.0,0.0
2020-08-14,0.0,0.0,0.0
2020-08-15,0.0,0.0,0.0
2020-08-16,0.0,0.0,0.0
2020-08-17,0.0,0.0,0.0
2020-08-18,0.0,0.0,0.0
2020-08-19,0.0,0.0,0.0
2020-08-20,0.0,0.0,0.0
2020-08-21,0.0,0.0,0.0
2020-08-22,0.0,0.0,0.0
2020-08-23,0.0,0.0,0.0
2020-08-24,0.0,0.0,0.0
2020-08-25,0.0,0.0,0.0
2020-08-26,0.0,0.0,0.0
2020-08-27,0.0,0.0,0.0
2020-08-28,0.0,0.0,0.0
2020-08-29,0.0,0.0,0.0
2020-08-30,0.0,0.0,0.0
2020-08-31,0.0,0.0,0.0
2020-09-01,0.0,0.0,0.0
2020-09-02,0.0,0.0,0.0
2020-09-03,0.0,0.0,0.0
2020-09-04,0.0,0.0,0.0
2020-09-05,0.0,0.0,0.0
2020-09-06,0.0,0.0,0.0
2020-09-07,0.0,0.0,0.0
2020-09-08,0.0,0.0,0.0
2020-09-09,0.0,0.0,0.0
2020-09-10,0.0,0.0,0.0
2020-09-11,0.0,0.0,0.0
2020-09-12,0.0,0.0,0.0
2020-09-13,0.0,0.0,0.0
2020-09-14,0.0,0.0,0.0
2020-09-15,0.0,0.0,0.0
2020-09-16,0.0,0.0,0.0
2020-09-17,0.0,0.0,0.0
2020-09-18,10.501820921361292,9.2,12.6
2020-09-19,2.4397292760092695,2.1,2.9
2020-09-20,0.5285506219599676,0.5,0.6
2020-09-21,0.0,0.0,0.0
2020-09-22,0.0,0.0,0.0
2020-09-23,23.442215355873547,20.5,28.0
2020-09-24,5.091178101230828,4.5,6.1
2020-09-25,27.793975854142914,24.3,33.3
2020-09-26,0.0,0.0,0.0
2020-09-27,0.0,0.0,0.0
2020-09-28,0.0,0.0,0.0
2020-09-29,0.0,0.0,0.0
2020-09-30,0.0,0.0,0.0
2020-10-01,0.0,0.0,0.0
2020-10-02,0.0,0.0,0.0
2020-10-03,0.0,0.0,0.0
2020-10-04,0.0,0.0,0.0
2020-10-05,0.0,0.0,0.0
2020-10-06,0.0,0.0,0.0
2020-10-07,0.0,0.0,0.0
2020-10-08,0.0,0.0,0.0
2020-10-09,2.336811555284084,2.1,2.7
2020-10-10,45.39311615937381,40.6,52.4
2020-10-11,24.98004080570958,22.3,28.8
2020-10-12,6.3976762554603885,5.7,7.4
2020-10-13,30.666758321444583,27.4,35.4
2020-10-14,0.0,0.0,0.0
2020-10-15,0.8162745007890809,0.7,0.9
2020-10-16,0.5175549971932952,0.5,0.6
2020-10-17,0.3010862083023276,0.3,0.4
2020-10-18,1.012186654700797,0.9,1.2
2020-10-19,0.0,0.0,0.0
2020-10-20,0.0,0.0,0.0
2020-10-21,1.3176596539264918,1.2,1.5
2020-10-22,0.0,0.0,0.0
2020-10-23,7.007582569871865,6.3,8.1
2020-10-24,3.0457928097745093,2.7,3.5
2020-10-25,0.0,0.0,0.0
2020-10-26,1.012186654700797,0.9,1.2
2020-10-27,1.522023261086304,1.4,1.8
2020-10-28,0.0,0.0,0.0
2020-10-29,0.0,0.0,0.0
2020-10-30,0.8162745007890809,0.7,0.9
2020-10-31,0.3010862083023276,0.3,0.4
2020-11-01,0.5142478839346346,0.5,0.6
2020-11-02,0.0,0.0,0.0
2020-11-03,0.5142478839346346,0.5,0.6
2020-11-04,1.3215208868893238,1.2,1.5
2020-11-05,27.919792563438858,24.7,32.2
2020-11-06,10.907079539345796,9.7,12.6
2020-11-07,8.049353795040053,7.1,9.3
2020-11-08,0.0,0.0,0.0
2020-11-09,3.869254915635428,3.4,4.5
2020-11-10,27.715526422780226,24.6,32.0
2020-11-11,2.038382816899762,1.8,2.4
2020-11-12,14.26624675210983,12.6,16.5
2020-11-13,52.78470412342175,46.8,60.9
2020-11-14,60.01990669612722,53.2,69.3
2020-11-15,13.96201751118641,12.4,16.1
2020-11-16,4.891378750173757,4.3,5.6
2020-11-17,16.609155299248346,14.7,19.2
2020-11-18,26.900917562749065,23.8,31.1
2020-11-19,11.107463207775403,9.8,12.8
2020-11-20,0.0,0.0,0.0
2020-11-21,1.0240170631193637,0.9,1.2
2020-11-22,2.038382816899762,1.8,2.4
2020-11-23,3.668306996850045,3.3,4.2
2020-11-24,12.634239302023737,11.2,14.6
2020-11-25,17.830441899513016,15.8,20.6
2020-11-26,1.3215208868893238,1.2,1.5
2020-11-27,0.0,0.0,0.0
2020-11-28,0.0,0.0,0.0
2020-11-29,3.869254915635428,3.4,4.5
2020-11-30,13.96201751118641,12.4,16.1
2020-12-01,0.0,0.0,0.0
2020-12-02,0.0,0.0,0.0
2020-12-03,0.0,0.0,0.0
2020-12-04,0.0,0.0,0.0
2020-12-05,4.9326543195384165,4.4,5.8
2020-12-06,6.479167453744556,5.8,7.7
2020-12-07,0.8250214686548502,0.7,1.0
2020-12-08,3.3916154874201805,3.0,4.0
2020-12-09,1.0278570715099267,0.9,1.2
2020-12-10,8.32518687011388,7.4,9.9
2020-12-11,13.052538646599151,11.6,15.5
2020-12-12,5.241695332628395,4.7,6.2
2020-12-13,19.835524555997456,17.7,23.5
2020-12-14,5.241695332628395,4.7,6.2
2020-12-15,12.230696610706827,10.9,14.5
2020-12-16,25.280581362912073,22.6,29.9
2020-12-17,12.230696610706827,10.9,14.5
2020-12-18,8.83959149098408,7.9,10.5
2020-12-19,37.82213564356381,33.7,44.8
2020-12-20,66.08616332745915,59.0,78.2
2020-12-21,19.52753089881394,17.4,23.1
2020-12-22,2.05771316793035,1.8,2.4
2020-12-23,1.5416469944813824,1.4,1.8
2020-12-24,1.3371932628897398,1.2,1.6
2020-12-25,17.98555263610657,16.0,21.3
2020-12-26,11.514542926713736,10.3,13.6
2020-12-27,0.0,0.0,0.0
2020-12-28,0.0,0.0,0.0
2020-12-29,0.3048005084493224,0.3,0.4
2020-12-30,22.713685958485847,20.3,26.9
2020-12-31,13.052538646599151,11.6,15.5
2021-01-01,13.579499810954367,11.9,16.4
2021-01-02,34.76460517511889,30.6,42.1
2021-01-03,16.764670695373482,14.7,20.3
2021-01-04,21.700704758656858,19.1,26.3
2021-01-05,3.3932089499384506,3.0,4.1
2021-01-06,15.941627028689512,14.0,19.3
2021-01-07,5.966613259656421,5.2,7.2
2021-01-08,9.156123421344887,8.0,11.1
2021-01-09,1.8550395216229574,1.6,2.2
2021-01-10,0.0,0.0,0.0
2021-01-11,14.913652737132269,13.1,18.1
2021-01-12,61.407262877201056,54.0,74.4
2021-01-13,12.548190652561232,11.0,15.2
2021-01-14,1.0313824696984126,0.9,1.2
2021-01-15,2.8774864463963143,2.5,3.5
2021-01-16,0.0,0.0,0.0
2021-01-17,0.0,0.0,0.0
2021-01-18,0.0,0.0,0.0
2021-01-19,0.0,0.0,0.0
2021-01-20,0.0,0.0,0.0
2021-01-21,1.0313824696984126,0.9,1.2
2021-01-22,0.5173249538504329,0.5,0.6
2021-01-23,0.0,0.0,0.0
2021-01-24,9.156123421344887,8.0,11.1
2021-01-25,1.0313824696984126,0.9,1.2
2021-01-26,9.667482152828612,8.5,11.7
2021-01-27,3.9050578025103193,3.4,4.7
2021-01-28,1.5440290380230377,1.4,1.9
2021-01-29,1.5440290380230377,1.4,1.9
2021-01-30,4.42224854849232,3.9,5.4
2021-01-31,5.24453352161597,4.6,6.4
2021-02-01,9.74521547855157,8.7,11.4
2021-02-02,22.6003049366951,20.2,26.5
2021-02-03,14.514968020610432,12.9,17.0
2021-02-04,1.3505209767182442,1.2,1.6
2021-02-05,3.9433648705443134,3.5,4.6
2021-02-06,1.8655027377902302,1.7,2.2
2021-02-07,2.3826250818737873,2.1,2.8
2021-02-08,0.0,0.0,0.0
2021-02-09,0.0,0.0,0.0
2021-02-10,0.8314830366197999,0.7,1.0
2021-02-11,12.13016138250464,10.8,14.2
2021-02-12,37.42548278310044,33.4,44.0
2021-02-13,36.907575296374205,32.9,43.3
2021-02-14,19.699397834394848,17.6,23.1
2021-02-15,38.46204991457762,34.3,45.2
2021-02-16,17.623548775585444,15.7,20.7
2021-02-17,4.25443592254285,3.8,5.0
2021-02-18,37.94389981629643,33.9,44.6
2021-02-19,20.835694605637805,18.6,24.5
2021-02-20,9.226705207442274,8.2,10.8
2021-02-21,7.153212567585161,6.4,8.4
2021-02-22,17.623548775585444,15.7,20.7
2021-02-23,7.671267646721632,6.8,9.0
2021-02-24,0.8314830366197999,0.7,1.0
2021-02-25,14.514968020610432,12.9,17.0
2021-02-26,22.910945129876588,20.4,26.9
2021-02-27,5.805320823940508,5.2,6.8
2021-02-28,0.0,0.0,0.0
2021-03-01,0.0,0.0,0.0
2021-03-02,0.0,0.0,0.0
2021-03-03,0.0,0.0,0.0
2021-03-04,0.0,0.0,0.0
2021-03-05,10.811377650740914,9.4,12.5
2021-03-06,3.7415260095214737,3.2,4.3
2021-03-07,2.911062227474452,2.5,3.4
2021-03-08,3.4307457259997194,3.0,4.0
2021-03-09,7.8977338540515465,6.9,9.2
2021-03-10,1.5599796257167495,1.4,1.8
2021-03-11,0.0,0.0,0.0
2021-03-12,0.0,0.0,0.0
2021-03-13,0.0,0.0,0.0
2021-03-14,7.3806102087384415,6.4,8.6
2021-03-15,1.0384788123748134,0.9,1.2
2021-03-16,0.0,0.0,0.0
2021-03-17,0.0,0.0,0.0
2021-03-18,6.339433754860957,5.5,7.3
2021-03-19,9.770697678792617,8.5,11.3
2021-03-20,11.850199651388035,10.3,13.7
2021-03-21,9.770697678792617,8.5,11.3
2021-03-22,16.321533757143417,14.2,18.9
2021-03-23,0.0,0.0,0.0
2021-03-24,6.548456640533559,5.7,7.6
2021-03-25,3.9532228598700514,3.4,4.6
2021-03-26,0.0,0.0,0.0
2021-03-27,0.0,0.0,0.0
2021-03-28,7.8977338540515465,6.9,9.2
2021-03-29,2.0823911234136716,1.8,2.4
2021-03-30,0.0,0.0,0.0
2021-03-31,0.0,0.0,0.0
2021-04-01,0.0,0.0,0.0
2021-04-02,0.0,0.0,0.0
2021-04-03,0.0,0.0,0.0
2021-04-04,0.0,0.0,0.0
2021-04-05,0.0,0.0,0.0
2021-04-06,0.0,0.0,0.0
2021-04-07,2.3929175267652467,2.0,3.0
2021-04-08,2.916511558036748,2.5,3.6
2021-04-09,1.3514360839475588,1.1,1.7
2021-04-10,2.3929175267652467,2.0,3.0
2021-04-11,0.0,0.0,0.0
2021-04-12,0.0,0.0,0.0
2021-04-13,0.0,0.0,0.0
2021-04-14,0.0,0.0,0.0
2021-04-15,0.0,0.0,0.0
2021-04-16,0.0,0.0,0.0
2021-04-17,0.0,0.0,0.0
2021-04-18,0.0,0.0,0.0
2021-04-19,0.0,0.0,0.0
2021-04-20,0.0,0.0,0.0
2021-04-21,0.0,0.0,0.0
2021-04-22,0.0,0.0,0.0
2021-04-23,0.0,0.0,0.0
2021-04-24,9.778760725633513,8.2,12.2
2021-04-25,6.870559070907082,5.8,8.6
2021-04-26,1.034243375508953,0.9,1.3
2021-04-27,0.0,0.0,0.0
2021-04-28,0.0,0.0,0.0
2021-04-29,0.0,0.0,0.0
2021-04-30,7.910576181504183,6.7,9.9
2021-05-01,10.073207084461812,8.3,12.4
2021-05-02,0.0,0.0,0.0
2021-05-03,0.8559445063639596,0.7,1.1
2021-05-04,0.0,0.0,0.0
2021-05-05,0.0,0.0,0.0
2021-05-06,4.070409202569636,3.3,5.0
2021-05-07,4.607277896034927,3.8,5.7
2021-05-08,0.5419813631275823,0.4,0.7
2021-05-09,0.5419813631275823,0.4,0.7
2021-05-10,0.0,0.0,0.0
2021-05-11,0.0,0.0,0.0
2021-05-12,0.0,0.0,0.0
2021-05-13,0.0,0.0,0.0
2021-05-14,0.0,0.0,0.0
2021-05-15,0.0,0.0,0.0
2021-05-16,0.0,0.0,0.0
2021-05-17,1.3942838977888599,1.1,1.7
2021-05-18,1.6092601143495053,1.3,2.0
2021-05-19,7.069675157268367,5.8,8.7
2021-05-20,8.463292605120653,7.0,10.4
2021-05-21,1.0694490404713735,0.9,1.3
2021-05-22,3.21518714635985,2.6,4.0
2021-05-23,2.14354120265806,1.8,2.6
2021-05-24,19.071678577297984,15.7,23.5
2021-05-25,7.607448992209961,6.3,9.4
2021-05-26,0.5419813631275823,0.4,0.7
2021-05-27,3.534478310299395,2.9,4.4
2021-05-28,0.0,0.0,0.0
2021-05-29,0.0,0.0,0.0
2021-05-30,0.0,0.0,0.0
2021-05-31,0.0,0.0,0.0
2021-06-01,0.0,0.0,0.0
2021-06-02,0.0,0.0,0.0
2021-06-03,0.0,0.0,0.0
2021-06-04,0.0,0.0,0.0
2021-06-05,0.0,0.0,0.0
2021-06-06,0.8622663219491368,0.6,1.1
2021-06-07,0.5365764392684496,0.4,0.7
2021-06-08,2.465632032986512,1.9,3.2
2021-06-09,0.32234129497515424,0.2,0.4
2021-06-10,1.0689166253413362,0.8,1.4
2021-06-11,14.694411948898674,11.1,19.0
2021-06-12,1.0689166253413362,0.8,1.4
2021-06-13,6.541689394646138,4.9,8.4
2021-06-14,2.68189607985742,2.0,3.5
2021-06-15,0.5365764392684496,0.4,0.7
2021-06-16,0.0,0.0,0.0
2021-06-17,0.0,0.0,0.0
2021-06-18,0.0,0.0,0.0
2021-06-19,0.0,0.0,0.0
2021-06-20,0.0,0.0,0.0
2021-06-21,0.0,0.0,0.0
2021-06-22,0.0,0.0,0.0
2021-06-23,0.0,0.0,0.0
2021-06-24,0.0,0.0,0.0
2021-06-25,0.0,0.0,0.0
2021-06-26,0.0,0.0,0.0
2021-06-27,0.0,0.0,0.0
2021-06-28,0.0,0.0,0.0
2021-06-29,0.0,0.0,0.0
2021-06-30,0.0,0.0,0.0
2021-07-01,0.0,0.0,0.0
2021-07-02,0.0,0.0,0.0
2021-07-03,0.0,0.0,0.0
2021-07-04,0.0,0.0,0.0
2021-07-05,0.0,0.0,0.0
2021-07-06,0.0,0.0,0.0
2021-07-07,0.0,0.0,0.0
2021-07-08,0.0,0.0,0.0
2021-07-09,0.0,0.0,0.0
2021-07-10,0.0,0.0,0.0
2021-07-11,0.0,0.0,0.0
2021-07-12,0.0,0.0,0.0
2021-07-13,0.0,0.0,0.0
2021-07-14,0.0,0.0,0.0
2021-07-15,0.0,0.0,0.0
2021-07-16,0.0,0.0,0.0
2021-07-17,0.0,0.0,0.0
2021-07-18,0.0,0.0,0.0
2021-07-19,0.0,0.0,0.0
2021-07-20,0.0,0.0,0.0
2021-07-21,0.0,0.0,0.0
2021-07-22,0.0,0.0,0.0
2021-07-23,0.0,0.0,0.0
2021-07-24,0.0,0.0,0.0
2021-07-25,0.0,0.0,0.0
2021-07-26,0.9018295581295481,0.6,1.3
2021-07-27,0.9018295581295481,0.6,1.3
2021-07-28,0.0,0.0,0.0
2021-07-29,0.0,0.0,0.0
2021-07-30,0.0,0.0,0.0
2021-07-31,0.0,0.0,0.0
2021-08-01,0.0,0.0,0.0
2021-08-02,0.0,0.0,0.0
2021-08-03,0.0,0.0,0.0
2021-08-04,0.0,0.0,0.0
2021-08-05,2.110152042713244,1.7,2.6
2021-08-06,0.0,0.0,0.0
2021-08-07,0.0,0.0,0.0
2021-08-08,0.0,0.0,0.0
2021-08-09,0.0,0.0,0.0
2021-08-10,0.0,0.0,0.0
2021-08-11,0.0,0.0,0.0
2021-08-12,0.0,0.0,0.0
2021-08-13,0.0,0.0,0.0
2021-08-14,0.0,0.0,0.0
2021-08-15,0.0,0.0,0.0
2021-08-16,0.0,0.0,0.0
2021-08-17,2.4251192731165228,1.9,3.0
2021-08-18,0.0,0.0,0.0
2021-08-19,0.0,0.0,0.0
2021-08-20,0.5260560849199707,0.4,0.7
2021-08-21,0.0,0.0,0.0
2021-08-22,0.0,0.0,0.0
2021-08-23,0.0,0.0,0.0
2021-08-24,0.0,0.0,0.0
2021-08-25,0.0,0.0,0.0
2021-08-26,0.0,0.0,0.0
2021-08-27,0.0,0.0,0.0
2021-08-28,0.0,0.0,0.0
2021-08-29,0.0,0.0,0.0
2021-08-30,0.0,0.0,0.0
2021-08-31,0.0,0.0,0.0
2021-09-01,0.0,0.0,0.0
2021-09-02,0.0,0.0,0.0
2021-09-03,0.0,0.0,0.0
2021-09-04,0.0,0.0,0.0
2021-09-05,0.0,0.0,0.0
2021-09-06,0.0,0.0,0.0
2021-09-07,0.0,0.0,0.0
2021-09-08,0.0,0.0,0.0
2021-09-09,2.121066352878236,1.9,2.5
2021-09-10,8.593482113448868,7.5,10.3
2021-09-11,0.0,0.0,0.0
2021-09-12,0.0,0.0,0.0
2021-09-13,0.0,0.0,0.0
2021-09-14,0.0,0.0,0.0
2021-09-15,0.0,0.0,0.0
2021-09-16,0.0,0.0,0.0
2021-09-17,7.320271750606966,6.4,8.8
2021-09-18,51.44879288510542,45.0,61.6
2021-09-19,19.946626955056573,17.4,23.9
2021-09-20,0.0,0.0,0.0
2021-09-21,0.0,0.0,0.0
2021-09-22,0.0,0.0,0.0
2021-09-23,0.0,0.0,0.0
2021-09-24,0.0,0.0,0.0
2021-09-25,0.0,0.0,0.0
2021-09-26,4.561626329258227,4.0,5.5
2021-09-27,35.32483768018559,30.9,42.3
2021-09-28,8.382600123409459,7.3,10.0
2021-09-29,0.0,0.0,0.0
2021-09-30,0.8489141165968944,0.7,1.0
2021-10-01,0.0,0.0,0.0
2021-10-02,0.0,0.0,0.0
2021-10-03,0.0,0.0,0.0
2021-10-04,0.8162745007890809,0.7,0.9
2021-10-05,2.843023982689109,2.5,3.3
2021-10-06,0.0,0.0,0.0
2021-10-07,0.0,0.0,0.0
2021-10-08,0.0,0.0,0.0
2021-10-09,1.8310583933371036,1.6,2.1
2021-10-10,9.54372571276277,8.5,11.0
2021-10-11,2.843023982689109,2.5,3.3
2021-10-12,4.8749661296643065,4.4,5.6
2021-10-13,4.366483814255474,3.9,5.0
2021-10-14,2.843023982689109,2.5,3.3
2021-10-15,0.5175549971932952,0.5,0.6
2021-10-16,0.0,0.0,0.0
2021-10-17,5.178924838924272,4.6,6.0
2021-10-18,0.8162745007890809,0.7,0.9
2021-10-19,2.336811555284084,2.1,2.7
2021-10-20,4.366483814255474,3.9,5.0
2021-10-21,19.905522999419986,17.8,23.0
2021-10-22,15.94316310976033,14.3,18.4
2021-10-23,7.007582569871865,6.3,8.1
2021-10-24,15.232658432207458,13.6,17.6
2021-10-25,10.560081689786813,9.4,12.2
2021-10-26,14.723702967204995,13.2,17.0
2021-10-27,9.54372571276277,8.5,11.0
2021-10-28,8.733252375739843,7.8,10.1
2021-10-29,18.07705857371332,16.2,20.9
2021-10-30,0.3010862083023276,0.3,0.4
2021-10-31,0.0,0.0,0.0
2021-11-01,11.414385518755154,10.1,13.2
2021-11-02,0.0,0.0,0.0
2021-11-03,7.234302482677401,6.4,8.4
2021-11-04,23.029618719171516,20.4,26.6
2021-11-05,12.123356974023835,10.7,14.0
2021-11-06,19.66688315948069,17.4,22.7
2021-11-07,5.707509085504691,5.1,6.6
2021-11-08,10.598079016209075,9.4,12.2
2021-11-09,15.793869866792292,14.0,18.2
2021-11-10,39.127287121540164,34.7,45.2
2021-11-11,34.136233433853995,30.3,39.4
2021-11-12,19.66688315948069,17.4,22.7
2021-11-13,1.8344703151662853,1.6,2.1
2021-11-14,0.0,0.0,0.0
2021-11-15,14.981209577598035,13.3,17.3
2021-11-16,1.0240170631193637,0.9,1.2
2021-11-17,2.038382816899762,1.8,2.4
2021-11-18,7.743270187727425,6.9,8.9
2021-11-19,11.414385518755154,10.1,13.2
2021-11-20,0.0,0.0,0.0
2021-11-21,0.0,0.0,0.0
2021-11-22,5.196552646196403,4.6,6.0
2021-11-23,18.647216648776535,16.5,21.5
2021-11-24,0.0,0.0,0.0
2021-11-25,4.688606819402825,4.2,5.4
2021-11-26,8.764618989050112,7.8,10.1
2021-11-27,12.428791769019442,11.0,14.4
2021-11-28,0.0,0.0,0.0
2021-11-29,0.0,0.0,0.0
2021-11-30,0.0,0.0,0.0
2021-12-01,0.0,0.0,0.0
2021-12-02,0.3048005084493224,0.3,0.4
2021-12-03,0.0,0.0,0.0
2021-12-04,2.8783994409643587,2.6,3.4
2021-12-05,2.5674047941606695,2.3,3.0
2021-12-06,15.108422906198397,13.5,17.9
2021-12-07,2.5674047941606695,2.3,3.0
2021-12-08,5.754320026582306,5.1,6.8
2021-12-09,13.567435834281282,12.1,16.1
2021-12-10,9.148382699021752,8.2,10.8
2021-12-11,44.91420453029678,40.1,53.2
2021-12-12,16.44652622160393,14.7,19.5
2021-12-13,15.41838621021907,13.8,18.3
2021-12-14,2.8783994409643587,2.6,3.4
2021-12-15,13.36344741715078,11.9,15.8
2021-12-16,8.12046016766563,7.2,9.6
2021-12-17,1.85205960147241,1.7,2.2
2021-12-18,20.657936390022222,18.4,24.5
2021-12-19,43.578652899908406,38.9,51.6
2021-12-20,16.44652622160393,14.7,19.5
2021-12-21,2.8783994409643587,2.6,3.4
2021-12-22,23.22453692962922,20.7,27.5
2021-12-23,19.52753089881394,17.4,23.1
2021-12-24,23.02073283648025,20.5,27.3
2021-12-25,14.081586246816762,12.6,16.7
2021-12-26,16.138245534733667,14.4,19.1
2021-12-27,13.36344741715078,11.9,15.8
2021-12-28,16.44652622160393,14.7,19.5
2021-12-29,2.8783994409643587,2.6,3.4
2021-12-30,16.138245534733667,14.4,19.1
2021-12-31,7.297837229147112,6.5,8.6
2022-01-01,9.156123421344887,8.0,11.1
2022-01-02,7.096395558239067,6.2,8.6
2022-01-03,42.27661319565617,37.2,51.2
2022-01-04,42.27661319565617,37.2,51.2
2022-01-05,41.76330408924691,36.7,50.6
2022-01-06,20.36642579443819,17.9,24.7
2022-01-07,19.849984597491172,17.4,24.0
2022-01-08,2.8774864463963143,2.5,3.5
2022-01-09,0.5173249538504329,0.5,0.6
2022-01-10,1.0313824696984126,0.9,1.2
2022-01-11,0.0,0.0,0.0
2022-01-12,0.5173249538504329,0.5,0.6
2022-01-13,11.72730863019517,10.3,14.2
2022-01-14,0.5173249538504329,0.5,0.6
2022-01-15,0.0,0.0,0.0
2022-01-16,0.0,0.0,0.0
2022-01-17,0.0,0.0,0.0
2022-01-18,0.82673967614764,0.7,1.0
2022-01-19,6.4789974579819605,5.7,7.8
2022-01-20,9.977258345918143,8.8,12.1
2022-01-21,0.0,0.0,0.0
2022-01-22,0.0,0.0,0.0
2022-01-23,0.0,0.0,0.0
2022-01-24,0.0,0.0,0.0
2022-01-25,0.0,0.0,0.0
2022-01-26,0.3045858088395509,0.3,0.4
2022-01-27,0.0,0.0,0.0
2022-01-28,0.0,0.0,0.0
2022-01-29,0.0,0.0,0.0
2022-01-30,9.156123421344887,8.0,11.1
2022-01-31,9.156123421344887,8.0,11.1
2022-02-01,2.9006484874177967,2.6,3.4
2022-02-02,2.5921669916039836,2.3,3.0
2022-02-03,0.0,0.0,0.0
2022-02-04,0.0,0.0,0.0
2022-02-05,0.0,0.0,0.0
2022-02-06,0.0,0.0,0.0
2022-02-07,0.0,0.0,0.0
2022-02-08,0.0,0.0,0.0
2022-02-09,0.0,0.0,0.0
2022-02-10,0.0,0.0,0.0
2022-02-11,0.0,0.0,0.0
2022-02-12,0.0,0.0,0.0
2022-02-13,0.0,0.0,0.0
2022-02-14,13.165063364654383,11.7,15.5
2022-02-15,1.8655027377902302,1.7,2.2
2022-02-16,0.8314830366197999,0.7,1.0
2022-02-17,0.0,0.0,0.0
2022-02-18,0.0,0.0,0.0
2022-02-19,2.0711372086637656,1.8,2.4
2022-02-20,18.140744424443643,16.2,21.3
2022-02-21,12.13016138250464,10.8,14.2
2022-02-22,0.5239073418766915,0.5,0.6
2022-02-23,0.3042251560095856,0.3,0.4
2022-02-24,0.5239073418766915,0.5,0.6
2022-02-25,0.5239073418766915,0.5,0.6
2022-02-26,3.9433648705443134,3.5,4.6
2022-02-27,11.821337354747598,10.5,13.9
2022-02-28,23.94848925127252,21.4,28.1
2022-03-01,25.882561039175958,22.5,30.0
2022-03-02,24.531911895429076,21.3,28.4
2022-03-03,3.117496046760148,2.7,3.6
2022-03-04,2.0823911234136716,1.8,2.4
2022-03-05,0.0,0.0,0.0
2022-03-06,0.0,0.0,0.0
2022-03-07,0.0,0.0,0.0
2022-03-08,2.0823911234136716,1.8,2.4
2022-03-09,4.78047062452259,4.2,5.5
2022-03-10,0.8326670428531628,0.7,1.0
2022-03-11,0.8326670428531628,0.7,1.0
2022-03-12,18.502572870405608,16.1,21.4
2022-03-13,21.413023516728114,18.6,24.8
2022-03-14,21.618838876467795,18.8,25.1
2022-03-15,20.063971597146775,17.4,23.2
2022-03-16,0.0,0.0,0.0
2022-03-17,1.5599796257167495,1.4,1.8
2022-03-18,1.873251012795772,1.6,2.2
2022-03-19,8.940178074487868,7.8,10.4
2022-03-20,2.391367969723704,2.1,2.8
2022-03-21,14.760325060528398,12.8,17.1
2022-03-22,0.0,0.0,0.0
2022-03-23,0.0,0.0,0.0
2022-03-24,0.0,0.0,0.0
2022-03-25,0.0,0.0,0.0
2022-03-26,0.0,0.0,0.0
2022-03-27,0.0,0.0,0.0
2022-03-28,1.873251012795772,1.6,2.2
2022-03-29,0.0,0.0,0.0
2022-03-30,2.5998946902030413,2.3,3.0
2022-03-31,0.0,0.0,0.0
2022-04-01,1.5608411735542735,1.3,1.9
2022-04-02,1.5608411735542735,1.3,1.9
2022-04-03,15.087818858790015,12.7,18.8
2022-04-04,39.955816087905774,33.7,49.9
2022-04-05,2.916511558036748,2.5,3.6
2022-04-06,0.5219298615397068,0.4,0.6
2022-04-07,0.5219298615397068,0.4,0.6
2022-04-08,2.916511558036748,2.5,3.6
2022-04-09,8.427214600442039,7.1,10.5
2022-04-10,35.377589395367764,29.8,44.2
2022-04-11,22.996709327621552,19.4,28.7
2022-04-12,25.59677968054799,21.6,32.0
2022-04-13,18.211245212675276,15.4,22.7
2022-04-14,7.38579487378253,6.2,9.2
2022-04-15,1.5608411735542735,1.3,1.9
2022-04-16,11.862539114845866,10.0,14.8
2022-04-17,1.034243375508953,0.9,1.3
2022-04-18,11.134191432449974,9.4,13.9
2022-04-19,9.468233014521756,8.0,11.8
2022-04-20,13.735314370690945,11.6,17.2
2022-04-21,0.0,0.0,0.0
2022-04-22,0.0,0.0,0.0
2022-04-23,0.0,0.0,0.0
2022-04-24,0.0,0.0,0.0
2022-04-25,1.5608411735542735,1.3,1.9
2022-04-26,4.475355174441331,3.8,5.6
2022-04-27,0.8223577881004663,0.7,1.0
2022-04-28,8.742493508791105,7.4,10.9
2022-04-29,15.087818858790015,12.7,18.8
2022-04-30,14.77343253513377,12.5,18.5
2022-05-01,1.3942838977888599,1.1,1.7
2022-05-02,20.140778723352422,16.6,24.9
2022-05-03,0.0,0.0,0.0
2022-05-04,1.6092601143495053,1.3,2.0
2022-05-05,45.966856496519924,37.8,56.7
2022-05-06,40.28848972017231,33.1,49.7
2022-05-07,27.75232111922328,22.8,34.3
2022-05-08,10.394711808023029,8.6,12.8
2022-05-09,2.999324070842921,2.5,3.7
2022-05-10,1.0694490404713735,0.9,1.3
2022-05-11,2.14354120265806,1.8,2.6
2022-05-12,26.14363260709487,21.5,32.3
2022-05-13,24.538782139267738,20.2,30.3
2022-05-14,15.212999536226768,12.5,18.8
2022-05-15,0.0,0.0,0.0
2022-05-16,0.0,0.0,0.0
2022-05-17,0.5419813631275823,0.4,0.7
2022-05-18,12.001061055551528,9.9,14.8
2022-05-19,8.143805358786539,6.7,10.1
2022-05-20,0.0,0.0,0.0
2022-05-21,0.0,0.0,0.0
2022-05-22,0.0,0.0,0.0
2022-05-23,0.0,0.0,0.0
2022-05-24,0.0,0.0,0.0
2022-05-25,0.0,0.0,0.0
2022-05-26,2.999324070842921,2.5,3.7
2022-05-27,8.463292605120653,7.0,10.4
2022-05-28,25.07132363877593,20.6,30.9
2022-05-29,19.071678577297984,15.7,23.5
2022-05-30,2.464533267900699,2.0,3.0
2022-05-31,0.0,0.0,0.0
2022-06-01,0.0,0.0,0.0
2022-06-02,0.0,0.0,0.0
2022-06-03,7.079518731844216,5.4,9.1
2022-06-04,13.620094652775958,10.3,17.6
2022-06-05,22.844495640652447,17.3,29.5
2022-06-06,6.006310177988937,4.5,7.7
2022-06-07,0.32234129497515424,0.2,0.4
2022-06-08,0.0,0.0,0.0
2022-06-09,6.006310177988937,4.5,7.7
2022-06-10,28.313816148379484,21.4,36.5
2022-06-11,32.9259008843169,24.9,42.5
2022-06-12,21.77196577841396,16.5,28.1
2022-06-13,7.079518731844216,5.4,9.1
2022-06-14,1.611074474052649,1.2,2.1
2022-06-15,0.8622663219491368,0.6,1.1
2022-06-16,1.3936602121000896,1.1,1.8
2022-06-17,9.54481068677459,7.2,12.3
2022-06-18,1.9306260487999942,1.5,2.5
2022-06-19,0.8622663219491368,0.6,1.1
2022-06-20,0.0,0.0,0.0
2022-06-21,0.0,0.0,0.0
2022-06-22,0.0,0.0,0.0
2022-06-23,0.0,0.0,0.0
2022-06-24,0.0,0.0,0.0
2022-06-25,0.0,0.0,0.0
2022-06-26,0.0,0.0,0.0
2022-06-27,0.0,0.0,0.0
2022-06-28,0.0,0.0,0.0
2022-06-29,0.0,0.0,0.0
2022-06-30,0.0,0.0,0.0
2022-07-01,0.0,0.0,0.0
2022-07-02,0.0,0.0,0.0
2022-07-03,0.0,0.0,0.0
2022-07-04,0.5631077962392734,0.4,0.8
2022-07-05,7.992672658874981,5.4,11.4
2022-07-06,0.0,0.0,0.0
2022-07-07,0.0,0.0,0.0
2022-07-08,0.0,0.0,0.0
2022-07-09,0.0,0.0,0.0
2022-07-10,0.0,0.0,0.0
2022-07-11,0.0,0.0,0.0
2022-07-12,0.0,0.0,0.0
2022-07-13,0.0,0.0,0.0
2022-07-14,0.0,0.0,0.0
2022-07-15,0.0,0.0,0.0
2022-07-16,0.0,0.0,0.0
2022-07-17,0.0,0.0,0.0
2022-07-18,0.0,0.0,0.0
2022-07-19,0.0,0.0,0.0
2022-07-20,0.0,0.0,0.0
2022-07-21,0.0,0.0,0.0
2022-07-22,0.0,0.0,0.0
2022-07-23,0.0,0.0,0.0
2022-07-24,0.0,0.0,0.0
2022-07-25,0.0,0.0,0.0
2022-07-26,0.0,0.0,0.0
2022-07-27,0.0,0.0,0.0
2022-07-28,0.0,0.0,0.0
2022-07-29,0.0,0.0,0.0
2022-07-30,0.0,0.0,0.0
2022-07-31,0.0,0.0,0.0
2022-08-01,0.0,0.0,0.0
2022-08-02,0.0,0.0,0.0
2022-08-03,0.0,0.0,0.0
2022-08-04,0.0,0.0,0.0
2022-08-05,0.0,0.0,0.0
2022-08-06,0.0,0.0,0.0
2022-08-07,0.0,0.0,0.0
2022-08-08,0.0,0.0,0.0
2022-08-09,2.9541456585578243,2.4,3.7
2022-08-10,0.0,0.0,0.0
2022-08-11,0.0,0.0,0.0
2022-08-12,0.0,0.0,0.0
2022-08-13,0.0,0.0,0.0
2022-08-14,0.0,0.0,0.0
2022-08-15,0.0,0.0,0.0
2022-08-16,0.0,0.0,0.0
2022-08-17,0.0,0.0,0.0
2022-08-18,0.0,0.0,0.0
2022-08-19,0.0,0.0,0.0
2022-08-20,0.0,0.0,0.0
2022-08-21,0.0,0.0,0.0
2022-08-22,0.0,0.0,0.0
2022-08-23,0.0,0.0,0.0
2022-08-24,0.0,0.0,0.0
2022-08-25,0.0,0.0,0.0
2022-08-26,0.0,0.0,0.0
2022-08-27,0.0,0.0,0.0
2022-08-28,0.0,0.0,0.0
2022-08-29,0.0,0.0,0.0
2022-08-30,0.0,0.0,0.0
2022-08-31,0.0,0.0,0.0
2022-09-01,0.0,0.0,0.0
2022-09-02,0.0,0.0,0.0
2022-09-03,0.0,0.0,0.0
2022-09-04,0.0,0.0,0.0
2022-09-05,0.0,0.0,0.0
2022-09-06,0.0,0.0,0.0
2022-09-07,0.0,0.0,0.0
2022-09-08,0.0,0.0,0.0
2022-09-09,0.0,0.0,0.0
2022-09-10,0.0,0.0,0.0
2022-09-11,0.0,0.0,0.0
2022-09-12,1.3772062902056668,1.2,1.6
2022-09-13,0.0,0.0,0.0
2022-09-14,0.0,0.0,0.0
2022-09-15,0.0,0.0,0.0
2022-09-16,0.0,0.0,0.0
2022-09-17,4.347035426847863,3.8,5.2
2022-09-18,0.5285506219599676,0.5,0.6
2022-09-19,0.0,0.0,0.0
2022-09-20,0.0,0.0,0.0
2022-09-21,4.029116181708593,3.5,4.8
2022-09-22,0.0,0.0,0.0
2022-09-23,0.0,0.0,0.0
2022-09-24,0.0,0.0,0.0
2022-09-25,0.0,0.0,0.0
2022-09-26,0.0,0.0,0.0
2022-09-27,0.0,0.0,0.0
2022-09-28,1.5904123774391157,1.4,1.9
2022-09-29,10.288414345185542,9.0,12.3
2022-09-30,0.5285506219599676,0.5,0.6
2022-10-01,0.0,0.0,0.0
2022-10-02,0.0,0.0,0.0
2022-10-03,0.0,0.0,0.0
2022-10-04,0.0,0.0,0.0
2022-10-05,0.0,0.0,0.0
2022-10-06,0.0,0.0,0.0
2022-10-07,0.0,0.0,0.0
2022-10-08,0.0,0.0,0.0
2022-10-09,0.0,0.0,0.0
2022-10-10,0.0,0.0,0.0
2022-10-11,0.0,0.0,0.0
2022-10-12,0.0,0.0,0.0
2022-10-13,0.0,0.0,0.0
2022-10-14,0.0,0.0,0.0
2022-10-15,0.0,0.0,0.0
2022-10-16,0.0,0.0,0.0
2022-10-17,0.0,0.0,0.0
2022-10-18,0.0,0.0,0.0
2022-10-19,0.0,0.0,0.0
2022-10-20,0.0,0.0,0.0
2022-10-21,28.63435119307076,25.6,33.0
2022-10-22,21.63149272318805,19.3,25.0
2022-10-23,3.6539996906436953,3.3,4.2
2022-10-24,20.41179241153623,18.3,23.6
2022-10-25,17.059581944171473,15.3,19.7
2022-10-26,7.717697058153465,6.9,8.9
2022-10-27,0.5175549971932952,0.5,0.6
2022-10-28,0.5175549971932952,0.5,0.6
2022-10-29,0.0,0.0,0.0
2022-10-30,0.0,0.0,0.0
2022-10-31,10.560081689786813,9.4,12.2
2022-11-01,14.77633952112336,13.1,17.1
2022-11-02,11.615257190713658,10.3,13.4
2022-11-03,9.271405131337488,8.2,10.7
2022-11-04,91.09687837807432,80.7,105.2
2022-11-05,19.9738108533385,17.7,23.1
2022-11-06,28.431623298389304,25.2,32.8
2022-11-07,9.884721421448134,8.8,11.4
2022-11-08,0.5142478839346346,0.5,0.6
2022-11-09,0.0,0.0,0.0
2022-11-10,0.0,0.0,0.0
2022-11-11,0.8224105197339383,0.7,0.9
2022-11-12,0.0,0.0,0.0
2022-11-13,0.0,0.0,0.0
2022-11-14,0.0,0.0,0.0
2022-11-15,0.0,0.0,0.0
2022-11-16,0.0,0.0,0.0
2022-11-17,0.0,0.0,0.0
2022-11-18,0.0,0.0,0.0
2022-11-19,0.0,0.0,0.0
2022-11-20,0.302296498719456,0.3,0.4
2022-11-21,0.8224105197339383,0.7,0.9
2022-11-22,13.758165910914073,12.2,15.9
2022-11-23,0.0,0.0,0.0
2022-11-24,0.0,0.0,0.0
2022-11-25,2.853932913241361,2.5,3.3
2022-11-26,0.8224105197339383,0.7,0.9
2022-11-27,20.991692060778952,18.6,24.2
2022-11-28,14.77633952112336,13.1,17.1
2022-11-29,14.77633952112336,13.1,17.1
2022-11-30,34.44157074928716,30.5,39.8
2022-12-01,13.567435834281282,12.1,16.1
2022-12-02,4.213727886812033,3.8,5.0
2022-12-03,2.3639781767641805,2.1,2.8
2022-12-04,5.754320026582306,5.1,6.8
2022-12-05,0.5159429092965292,0.5,0.6
2022-12-06,0.5159429092965292,0.5,0.6
2022-12-07,1.5416469944813824,1.4,1.8
2022-12-08,23.02073283648025,20.5,27.3
2022-12-09,26.105453448129325,23.3,30.9
2022-12-10,16.957479567022645,15.1,20.1
2022-12-11,12.025209572242906,10.7,14.2
2022-12-12,2.5674047941606695,2.3,3.0
2022-12-13,0.0,0.0,0.0
2022-12-14,0.0,0.0,0.0
2022-12-15,0.0,0.0,0.0
2022-12-16,0.0,0.0,0.0
2022-12-17,0.0,0.0,0.0
2022-12-18,3.9043422258522424,3.5,4.6
2022-12-19,5.241695332628395,4.7,6.2
2022-12-20,25.280581362912073,22.6,29.9
2022-12-21,0.8250214686548502,0.7,1.0
2022-12-22,8.32518687011388,7.4,9.9
2022-12-23,16.138245534733667,14.4,19.1
2022-12-24,27.645027783128363,24.7,32.7
2022-12-25,6.2698070941075645,5.6,7.4
2022-12-26,40.18641896273818,35.8,47.6
2022-12-27,53.75148792741431,47.9,63.6
2022-12-28,19.835524555997456,17.7,23.5
2022-12-29,31.861008579919055,28.4,37.7
2022-12-30,22.201812939289464,19.8,26.3
2022-12-31,3.0834608467539826,2.8,3.7
2023-01-01,0.0,0.0,0.0
2023-01-02,3.3932089499384506,3.0,4.1
2023-01-03,7.301791497573494,6.4,8.8
2023-01-04,6.790395379822047,6.0,8.2
2023-01-05,5.450563412801506,4.8,6.6
2023-01-06,1.0313824696984126,0.9,1.2
2023-01-07,6.274038421569703,5.5,7.6
2023-01-08,5.966613259656421,5.2,7.2
2023-01-09,6.4789974579819605,5.7,7.8
2023-01-10,3.3932089499384506,3.0,4.1
2023-01-11,9.360185967743027,8.2,11.3
2023-01-12,1.5440290380230377,1.4,1.9
2023-01-13,7.8168470564832555,6.9,9.5
2023-01-14,4.216668448442297,3.7,5.1
2023-01-15,12.034093467987681,10.6,14.6
2023-01-16,1.0313824696984126,0.9,1.2
2023-01-17,1.3363819911659414,1.2,1.6
2023-01-18,7.8168470564832555,6.9,9.5
2023-01-19,0.5173249538504329,0.5,0.6
2023-01-20,0.0,0.0,0.0
2023-01-21,9.667482152828612,8.5,11.7
2023-01-22,2.056949563330548,1.8,2.5
2023-01-23,0.0,0.0,0.0
2023-01-24,0.0,0.0,0.0
2023-01-25,0.0,0.0,0.0
2023-01-26,0.0,0.0,0.0
2023-01-27,7.609359683715995,6.7,9.2
2023-01-28,3.9050578025103193,3.4,4.7
2023-01-29,0.5173249538504329,0.5,0.6
2023-01-30,0.0,0.0,0.0
2023-01-31,0.0,0.0,0.0
2023-02-01,0.0,0.0,0.0
2023-02-02,0.0,0.0,0.0
2023-02-03,3.108497650978627,2.8,3.7
2023-02-04,4.25443592254285,3.8,5.0
2023-02-05,18.140744424443643,16.2,21.3
2023-02-06,2.0711372086637656,1.8,2.4
2023-02-07,14.204980069963375,12.7,16.7
2023-02-08,0.0,0.0,0.0
2023-02-09,0.8314830366197999,0.7,1.0
2023-02-10,0.8314830366197999,0.7,1.0
2023-02-11,0.0,0.0,0.0
2023-02-12,1.3505209767182442,1.2,1.6
2023-02-13,23.740939512548636,21.2,27.9
2023-02-14,9.226705207442274,8.2,10.8
2023-02-15,0.0,0.0,0.0
2023-02-16,0.0,0.0,0.0
2023-02-17,0.5239073418766915,0.5,0.6
2023-02-18,0.8314830366197999,0.7,1.0
2023-02-19,0.0,0.0,0.0
2023-02-20,1.5533089010207093,1.4,1.8
2023-02-21,10.783516002886671,9.6,12.7
2023-02-22,0.0,0.0,0.0
2023-02-23,0.0,0.0,0.0
2023-02-24,0.0,0.0,0.0
2023-02-25,15.551870998290575,13.9,18.3
2023-02-26,26.332683155568834,23.5,30.9
2023-02-27,8.70709110837035,7.8,10.2
2023-02-28,18.140744424443643,16.2,21.3
2023-03-01,33.261293034901925,28.9,38.5
2023-03-02,8.418012125500177,7.3,9.8
2023-03-03,3.4307457259997194,3.0,4.0
2023-03-04,3.117496046760148,2.7,3.6
2023-03-05,6.861735209681303,6.0,7.9
2023-03-06,4.470516802987741,3.9,5.2
2023-03-07,1.873251012795772,1.6,2.2
2023-03-08,4.78047062452259,4.2,5.5
2023-03-09,8.732610046713324,7.6,10.1
2023-03-10,18.70929272672112,16.2,21.7
2023-03-11,1.5599796257167495,1.4,1.8
2023-03-12,6.861735209681303,6.0,7.9
2023-03-13,20.891666217413217,18.1,24.2
2023-03-14,4.263132612662233,3.7,4.9
2023-03-15,2.0823911234136716,1.8,2.4
2023-03-16,0.0,0.0,0.0
2023-03-17,0.0,0.0,0.0
2023-03-18,0.0,0.0,0.0
2023-03-19,12.159760006904188,10.6,14.1
2023-03-20,6.548456640533559,5.7,7.6
2023-03-21,0.0,0.0,0.0
2023-03-22,6.339433754860957,5.5,7.3
2023-03-23,18.502572870405608,16.1,21.4
2023-03-24,24.531911895429076,21.3,28.4
2023-03-25,12.367724935812815,10.7,14.3
2023-03-26,2.0823911234136716,1.8,2.4
2023-03-27,6.861735209681303,6.0,7.9
2023-03-28,6.027446937671366,5.2,7.0
2023-03-29,0.5238379522193082,0.5,0.6
2023-03-30,2.911062227474452,2.5,3.4
2023-03-31,19.751795071464933,17.1,22.9
2023-04-01,30.69515093299464,25.9,38.3
2023-04-02,22.996709327621552,19.4,28.7
2023-04-03,12.693377090999967,10.7,15.9
2023-04-04,8.742493508791105,7.4,10.9
2023-04-05,4.991679632975555,4.2,6.2
2023-04-06,14.254309691848269,12.0,17.8
2023-04-07,7.910576181504183,6.7,9.9
2023-04-08,1.034243375508953,0.9,1.3
2023-04-09,14.254309691848269,12.0,17.8
2023-04-10,25.388887418044167,21.4,31.7
2023-04-11,11.862539114845866,10.0,14.8
2023-04-12,5.827750120890264,4.9,7.3
2023-04-13,0.0,0.0,0.0
2023-04-14,0.0,0.0,0.0
2023-04-15,0.0,0.0,0.0
2023-04-16,14.044742639163232,11.8,17.5
2023-04-17,10.61492100165222,8.9,13.3
2023-04-18,12.173956782068801,10.3,15.2
2023-04-19,13.735314370690945,11.6,17.2
2023-04-20,22.996709327621552,19.4,28.7
2023-04-21,12.90215246877204,10.9,16.1
2023-04-22,5.513429741980058,4.6,6.9
2023-04-23,9.468233014521756,8.0,11.8
2023-04-24,4.475355174441331,3.8,5.6
2023-04-25,0.0,0.0,0.0
2023-04-26,0.0,0.0,0.0
2023-04-27,0.0,0.0,0.0
2023-04-28,0.0,0.0,0.0
2023-04-29,0.0,0.0,0.0
2023-04-30,0.0,0.0,0.0
2023-05-01,2.464533267900699,2.0,3.0
2023-05-02,0.0,0.0,0.0
2023-05-03,3.858928684490235,3.2,4.8
2023-05-04,13.075071579869975,10.8,16.1
2023-05-05,4.394178426358619,3.6,5.4
2023-05-06,11.142267555260053,9.2,13.8
2023-05-07,0.5419813631275823,0.4,0.7
2023-05-08,5.4632496661782985,4.5,6.7
2023-05-09,1.0694490404713735,0.9,1.3
2023-05-10,0.8559445063639596,0.7,1.1
2023-05-11,0.0,0.0,0.0
2023-05-12,0.0,0.0,0.0
2023-05-13,0.0,0.0,0.0
2023-05-14,0.0,0.0,0.0
2023-05-15,0.0,0.0,0.0
2023-05-16,1.0694490404713735,0.9,1.3
2023-05-17,0.0,0.0,0.0
2023-05-18,0.0,0.0,0.0
2023-05-19,0.0,0.0,0.0
2023-05-20,0.0,0.0,0.0
2023-05-21,0.0,0.0,0.0
2023-05-22,0.0,0.0,0.0
2023-05-23,0.0,0.0,0.0
2023-05-24,0.0,0.0,0.0
2023-05-25,0.0,0.0,0.0
2023-05-26,0.0,0.0,0.0
2023-05-27,0.0,0.0,0.0
2023-05-28,0.0,0.0,0.0
2023-05-29,0.0,0.0,0.0
2023-05-30,0.0,0.0,0.0
2023-05-31,0.0,0.0,0.0
2023-06-01,0.0,0.0,0.0
2023-06-02,0.0,0.0,0.0
2023-06-03,0.0,0.0,0.0
2023-06-04,0.0,0.0,0.0
2023-06-05,0.0,0.0,0.0
2023-06-06,0.0,0.0,0.0
2023-06-07,0.5365764392684496,0.4,0.7
2023-06-08,0.0,0.0,0.0
2023-06-09,0.0,0.0,0.0
2023-06-10,0.0,0.0,0.0
2023-06-11,0.0,0.0,0.0
2023-06-12,0.0,0.0,0.0
2023-06-13,0.0,0.0,0.0
2023-06-14,0.0,0.0,0.0
2023-06-15,0.0,0.0,0.0
2023-06-16,0.0,0.0,0.0
2023-06-17,0.8622663219491368,0.6,1.1
2023-06-18,11.690990242541679,8.8,15.1
2023-06-19,8.151219699433282,6.2,10.5
2023-06-20,0.0,0.0,0.0
2023-06-21,0.0,0.0,0.0
2023-06-22,0.0,0.0,0.0
2023-06-23,0.0,0.0,0.0
2023-06-24,0.0,0.0,0.0
2023-06-25,0.0,0.0,0.0
2023-06-26,0.0,0.0,0.0
2023-06-27,0.0,0.0,0.0
2023-06-28,0.0,0.0,0.0
2023-06-29,0.0,0.0,0.0
2023-06-30,0.0,0.0,0.0
2023-07-01,0.0,0.0,0.0
2023-07-02,0.0,0.0,0.0
2023-07-03,0.0,0.0,0.0
2023-07-04,0.0,0.0,0.0
2023-07-05,0.0,0.0,0.0
2023-07-06,0.0,0.0,0.0
2023-07-07,0.0,0.0,0.0
2023-07-08,0.0,0.0,0.0
2023-07-09,0.0,0.0,0.0
2023-07-10,0.0,0.0,0.0
2023-07-11,0.0,0.0,0.0
2023-07-12,0.0,0.0,0.0
2023-07-13,0.0,0.0,0.0
2023-07-14,0.0,0.0,0.0
2023-07-15,0.0,0.0,0.0
2023-07-16,0.0,0.0,0.0
2023-07-17,0.0,0.0,0.0
2023-07-18,0.0,0.0,0.0
2023-07-19,0.0,0.0,0.0
2023-07-20,0.0,0.0,0.0
2023-07-21,0.0,0.0,0.0
2023-07-22,0.0,0.0,0.0
2023-07-23,0.0,0.0,0.0
2023-07-24,0.0,0.0,0.0
2023-07-25,0.0,0.0,0.0
2023-07-26,0.0,0.0,0.0
2023-07-27,0.0,0.0,0.0
2023-07-28,0.0,0.0,0.0
2023-07-29,0.0,0.0,0.0
2023-07-30,0.0,0.0,0.0
2023-07-31,0.0,0.0,0.0
2023-08-01,0.0,0.0,0.0
2023-08-02,0.0,0.0,0.0
2023-08-03,0.0,0.0,0.0
2023-08-04,1.0535598521999154,0.8,1.3
2023-08-05,0.0,0.0,0.0
2023-08-06,0.0,0.0,0.0
2023-08-07,0.0,0.0,0.0
2023-08-08,0.0,0.0,0.0
2023-08-09,0.0,0.0,0.0
2023-08-10,0.0,0.0,0.0
2023-08-11,0.0,0.0,0.0
2023-08-12,0.0,0.0,0.0
2023-08-13,0.0,0.0,0.0
2023-08-14,0.0,0.0,0.0
2023-08-15,0.0,0.0,0.0
2023-08-16,0.0,0.0,0.0
2023-08-17,0.3252067787626667,0.3,0.4
2023-08-18,0.0,0.0,0.0
2023-08-19,0.0,0.0,0.0
2023-08-20,0.0,0.0,0.0
2023-08-21,0.0,0.0,0.0
2023-08-22,0.0,0.0,0.0
2023-08-23,0.0,0.0,0.0
2023-08-24,0.0,0.0,0.0
2023-08-25,0.0,0.0,0.0
2023-08-26,0.0,0.0,0.0
2023-08-27,0.0,0.0,0.0
2023-08-28,0.0,0.0,0.0
2023-08-29,0.5260560849199707,0.4,0.7
2023-08-30,2.110152042713244,1.7,2.6
2023-08-31,3.1640691207910336,2.5,4.0
2023-09-01,0.31328755530511265,0.3,0.4
2023-09-02,1.3772062902056668,1.2,1.6
2023-09-03,2.4397292760092695,2.1,2.9
2023-09-04,1.9091326036499539,1.7,2.3
2023-09-05,0.0,0.0,0.0
2023-09-06,0.0,0.0,0.0
2023-09-07,0.0,0.0,0.0
2023-09-08,0.0,0.0,0.0
2023-09-09,0.0,0.0,0.0
2023-09-10,0.0,0.0,0.0
2023-09-11,0.0,0.0,0.0
2023-09-12,0.0,0.0,0.0
2023-09-13,0.0,0.0,0.0
2023-09-14,0.0,0.0,0.0
2023-09-15,0.0,0.0,0.0
2023-09-16,0.0,0.0,0.0
2023-09-17,0.0,0.0,0.0
2023-09-18,0.0,0.0,0.0
2023-09-19,0.5285506219599676,0.5,0.6
2023-09-20,1.0641082899228242,0.9,1.3
2023-09-21,0.5285506219599676,0.5,0.6
2023-09-22,0.0,0.0,0.0
2023-09-23,0.31328755530511265,0.3,0.4
2023-09-24,11.882714576099088,10.4,14.2
2023-09-25,10.820389311880108,9.5,12.9
2023-09-26,14.533456619798788,12.7,17.4
2023-09-27,10.501820921361292,9.2,12.6
2023-09-28,5.940165850766898,5.2,7.1
2023-09-29,12.413568225783475,10.9,14.8
2023-09-30,0.0,0.0,0.0
2023-10-01,0.0,0.0,0.0
2023-10-02,11.06962768279818,9.9,12.8
2023-10-03,2.336811555284084,2.1,2.7
2023-10-04,0.0,0.0,0.0
2023-10-05,0.0,0.0,0.0
2023-10-06,0.0,0.0,0.0
2023-10-07,0.0,0.0,0.0
2023-10-08,0.0,0.0,0.0
2023-10-09,4.8749661296643065,4.4,5.6
2023-10-10,29.65218064031007,26.5,34.2
2023-10-11,36.863978083702584,33.0,42.5
2023-10-12,0.0,0.0,0.0
2023-10-13,2.843023982689109,2.5,3.3
2023-10-14,0.0,0.0,0.0
2023-10-15,0.5175549971932952,0.5,0.6
2023-10-16,14.925674075272328,13.4,17.2
2023-10-17,0.0,0.0,0.0
2023-10-18,0.0,0.0,0.0
2023-10-19,0.0,0.0,0.0
2023-10-20,0.0,0.0,0.0
2023-10-21,0.0,0.0,0.0
2023-10-22,0.0,0.0,0.0
2023-10-23,0.0,0.0,0.0
2023-10-24,22.950434013115018,20.5,26.5
2023-10-25,20.61707847289268,18.4,23.8
2023-10-26,0.0,0.0,0.0
2023-10-27,0.0,0.0,0.0
2023-10-28,0.0,0.0,0.0
2023-10-29,0.0,0.0,0.0
2023-10-30,0.0,0.0,0.0
2023-10-31,0.3010862083023276,0.3,0.4
2023-11-01,14.77633952112336,13.1,17.1
2023-11-02,16.303153480008618,14.4,18.8
2023-11-03,7.539009111578265,6.7,8.7
2023-11-04,62.36126209274089,55.3,72.0
2023-11-05,14.981209577598035,13.3,17.3
2023-11-06,28.93923556633575,25.6,33.4
2023-11-07,11.615257190713658,10.3,13.4
2023-11-08,0.0,0.0,0.0
2023-11-09,4.688606819402825,4.2,5.4
2023-11-10,1.5258792711716984,1.4,1.8
2023-11-11,6.724735754891586,6.0,7.8
2023-11-12,4.891378750173757,4.3,5.6
2023-11-13,3.869254915635428,3.4,4.5
2023-11-14,1.0240170631193637,0.9,1.2
2023-11-15,0.5142478839346346,0.5,0.6
2023-11-16,0.0,0.0,0.0
2023-11-17,0.0,0.0,0.0
2023-11-18,16.609155299248346,14.7,19.2
2023-11-19,8.560167218282414,7.6,9.9
2023-11-20,0.0,0.0,0.0
2023-11-21,1.0240170631193637,0.9,1.2
2023-11-22,0.8224105197339383,0.7,0.9
2023-11-23,0.0,0.0,0.0
2023-11-24,0.0,0.0,0.0
2023-11-25,0.0,0.0,0.0
2023-11-26,0.0,0.0,0.0
2023-11-27,0.0,0.0,0.0
2023-11-28,0.0,0.0,0.0
2023-11-29,0.5142478839346346,0.5,0.6
2023-11-30,15.997266928155577,14.2,18.5
2023-12-01,37.30746980535207,33.3,44.2
2023-12-02,61.04885560534913,54.5,72.3
2023-12-03,88.28465185219821,78.8,104.5
2023-12-04,16.44652622160393,14.7,19.5
2023-12-05,2.8783994409643587,2.6,3.4
2023-12-06,28.67295490062475,25.6,33.9
2023-12-07,27.439844256047888,24.5,32.5
2023-12-08,8.12046016766563,7.2,9.6
2023-12-09,13.36344741715078,11.9,15.8
2023-12-10,45.43076180606221,40.5,53.8
2023-12-11,2.05771316793035,1.8,2.4
2023-12-12,0.0,0.0,0.0
2023-12-13,0.0,0.0,0.0
2023-12-14,0.0,0.0,0.0
2023-12-15,0.0,0.0,0.0
2023-12-16,0.0,0.0,0.0
2023-12-17,0.5159429092965292,0.5,0.6
2023-12-18,1.3371932628897398,1.2,1.6
2023-12-19,3.0834608467539826,2.8,3.7
2023-12-20,0.0,0.0,0.0
2023-12-21,0.8250214686548502,0.7,1.0
2023-12-22,7.0915186788807425,6.3,8.4
2023-12-23,0.0,0.0,0.0
2023-12-24,5.754320026582306,5.1,6.8
2023-12-25,9.96817607715765,8.9,11.8
2023-12-26,1.5416469944813824,1.4,1.8
2023-12-27,1.5416469944813824,1.4,1.8
2023-12-28,0.0,0.0,0.0
2023-12-29,8.32518687011388,7.4,9.9
2023-12-30,8.83959149098408,7.9,10.5
2023-12-31,0.0,0.0,0.0
2024-01-01,1.5440290380230377,1.4,1.9
2024-01-02,4.42224854849232,3.9,5.4
2024-01-03,8.128704562149975,7.1,9.8
2024-01-04,15.941627028689512,14.0,19.3
2024-01-05,3.3932089499384506,3.0,4.1
2024-01-06,29.00353821293216,25.5,35.1
2024-01-07,15.633045615752762,13.7,18.9
2024-01-08,28.18281537159279,24.8,34.1
2024-01-09,44.63982857761962,39.2,54.1
2024-01-10,19.031156130859735,16.7,23.0
2024-01-11,25.302321571469943,22.2,30.6
2024-01-12,26.94552235974403,23.7,32.6
2024-01-13,26.638784379276444,23.4,32.3
2024-01-14,5.24453352161597,4.6,6.4
2024-01-15,0.0,0.0,0.0
2024-01-16,14.093221328762063,12.4,17.1
2024-01-17,58.010546151999726,51.0,70.3
2024-01-18,21.90906004989865,19.3,26.5
2024-01-19,0.3045858088395509,0.3,0.4
2024-01-20,8.128704562149975,7.1,9.8
2024-01-21,17.795486958790143,15.6,21.6
2024-01-22,21.700704758656858,19.1,26.3
2024-01-23,7.096395558239067,6.2,8.6
2024-01-24,25.302321571469943,22.2,30.6
2024-01-25,5.24453352161597,4.6,6.4
2024-01-26,41.55621296454997,36.5,50.3
2024-01-27,14.607343331391233,12.8,17.7
2024-01-28,2.3621094201149715,2.1,2.9
2024-01-29,0.0,0.0,0.0
2024-01-30,0.0,0.0,0.0
2024-01-31,1.0313824696984126,0.9,1.2
2024-02-01,1.3505209767182442,1.2,1.6
2024-02-02,5.286059532770104,4.7,6.2
2024-02-03,0.3042251560095856,0.3,0.4
2024-02-04,2.5921669916039836,2.3,3.0
2024-02-05,7.36005487172342,6.6,8.6
2024-02-06,3.7325287517035575,3.3,4.4
2024-02-07,3.108497650978627,2.8,3.7
2024-02-08,4.770581281605633,4.3,5.6
2024-02-09,3.9433648705443134,3.5,4.6
2024-02-10,0.0,0.0,0.0
2024-02-11,2.9006484874177967,2.6,3.4
2024-02-12,0.5239073418766915,0.5,0.6
2024-02-13,0.0,0.0,0.0
2024-02-14,15.032616894086871,13.4,17.7
2024-02-15,31.622000994877325,28.2,37.1
2024-02-16,2.3826250818737873,2.1,2.8
2024-02-17,11.092944114623663,9.9,13.0
2024-02-18,4.45808229426263,4.0,5.2
2024-02-19,2.3826250818737873,2.1,2.8
2024-02-20,1.8655027377902302,1.7,2.2
2024-02-21,0.0,0.0,0.0
2024-02-22,18.453168464556647,16.5,21.7
2024-02-23,63.24114236884707,56.4,74.3
2024-02-24,19.17883156509245,17.1,22.5
2024-02-25,6.530893311879317,5.8,7.7
2024-02-26,0.0,0.0,0.0
2024-02-27,0.0,0.0,0.0
2024-02-28,0.0,0.0,0.0
2024-02-29,1.5533089010207093,1.4,1.8
2024-03-01,25.05027375453312,21.8,29.0
2024-03-02,9.770697678792617,8.5,11.3
2024-03-03,20.37289881224354,17.7,23.6
2024-03-04,13.203727496932967,11.5,15.3
2024-03-05,1.873251012795772,1.6,2.2
2024-03-06,0.0,0.0,0.0
2024-03-07,0.0,0.0,0.0
2024-03-08,1.0384788123748134,0.9,1.2
2024-03-09,4.263132612662233,3.7,4.9
2024-03-10,17.462269234613515,15.2,20.2
2024-03-11,19.231781127574017,16.7,22.3
2024-03-12,19.022956125119308,16.5,22.0
2024-03-13,1.5599796257167495,1.4,1.8
2024-03-14,0.0,0.0,0.0
2024-03-15,0.0,0.0,0.0
2024-03-16,0.0,0.0,0.0
2024-03-17,0.0,0.0,0.0
2024-03-18,0.0,0.0,0.0
2024-03-19,0.0,0.0,0.0
2024-03-20,0.5238379522193082,0.5,0.6
2024-03-21,1.5599796257167495,1.4,1.8
2024-03-22,3.7415260095214737,3.2,4.3
2024-03-23,5.509875775517298,4.8,6.4
2024-03-24,6.548456640533559,5.7,7.6
2024-03-25,18.189300665364215,15.8,21.1
2024-03-26,10.601871492986369,9.2,12.3
2024-03-27,28.79272727133209,25.0,33.4
2024-03-28,14.760325060528398,12.8,17.1
2024-03-29,0.0,0.0,0.0
2024-03-30,0.0,0.0,0.0
2024-03-31,0.0,0.0,0.0
2024-04-01,0.0,0.0,0.0
2024-04-02,1.5608411735542735,1.3,1.9
2024-04-03,9.778760725633513,8.2,12.2
2024-04-04,10.300793937778892,8.7,12.9
2024-04-05,6.349270676349731,5.4,7.9
2024-04-06,11.862539114845866,10.0,14.8
2024-04-07,3.9529497159515485,3.3,4.9
2024-04-08,0.8223577881004663,0.7,1.0
2024-04-09,1.034243375508953,0.9,1.3
2024-04-10,0.0,0.0,0.0
2024-04-11,0.0,0.0,0.0
2024-04-12,1.5608411735542735,1.3,1.9
2024-04-13,12.90215246877204,10.9,16.1
2024-04-14,2.3929175267652467,2.0,3.0
2024-04-15,1.034243375508953,0.9,1.3
2024-04-16,0.0,0.0,0.0
2024-04-17,0.0,0.0,0.0
2024-04-18,0.0,0.0,0.0
2024-04-19,0.0,0.0,0.0
2024-04-20,0.5219298615397068,0.4,0.6
2024-04-21,0.0,0.0,0.0
2024-04-22,0.0,0.0,0.0
2024-04-23,0.0,0.0,0.0
2024-04-24,0.5219298615397068,0.4,0.6
2024-04-25,30.17514564872921,25.4,37.7
2024-04-26,16.33277100733877,13.8,20.4
2024-04-27,12.173956782068801,10.3,15.2
2024-04-28,18.521046065452467,15.6,23.1
2024-04-29,14.77343253513377,12.5,18.5
2024-04-30,6.870559070907082,5.8,8.6
2024-05-01,9.534970064046941,7.8,11.8
2024-05-02,11.465015548958377,9.4,14.2
2024-05-03,12.001061055551528,9.9,14.8
2024-05-04,22.607777955120874,18.6,27.9
2024-05-05,16.60911200928422,13.7,20.5
2024-05-06,22.071286414141493,18.2,27.2
2024-05-07,4.928448407685242,4.1,6.1
2024-05-08,0.0,0.0,0.0
2024-05-09,0.0,0.0,0.0
2024-05-10,0.0,0.0,0.0
2024-05-11,0.0,0.0,0.0
2024-05-12,0.0,0.0,0.0
2024-05-13,0.0,0.0,0.0
2024-05-14,0.0,0.0,0.0
2024-05-15,0.0,0.0,0.0
2024-05-16,0.0,0.0,0.0
2024-05-17,0.0,0.0,0.0
2024-05-18,0.0,0.0,0.0
2024-05-19,0.0,0.0,0.0
2024-05-20,0.0,0.0,0.0
2024-05-21,13.286075369566339,10.9,16.4
2024-05-22,10.606727681652051,8.7,13.1
2024-05-23,0.0,0.0,0.0
2024-05-24,1.6092601143495053,1.3,2.0
2024-05-25,0.8559445063639596,0.7,1.1
2024-05-26,0.0,0.0,0.0
2024-05-27,0.0,0.0,0.0
2024-05-28,5.143727487463542,4.2,6.3
2024-05-29,3.534478310299395,2.9,4.4
2024-05-30,0.0,0.0,0.0
2024-05-31,0.0,0.0,0.0
2024-06-01,0.0,0.0,0.0
2024-06-02,39.254116763751675,29.7,50.6
2024-06-03,14.694411948898674,11.1,19.0
2024-06-04,1.3936602121000896,1.1,1.8
2024-06-05,0.0,0.0,0.0
2024-06-06,0.0,0.0,0.0
2024-06-07,0.0,0.0,0.0
2024-06-08,0.0,0.0,0.0
2024-06-09,0.0,0.0,0.0
2024-06-10,0.0,0.0,0.0
2024-06-11,0.0,0.0,0.0
2024-06-12,0.0,0.0,0.0
2024-06-13,0.0,0.0,0.0
2024-06-14,1.3936602121000896,1.1,1.8
2024-06-15,9.222778284428273,7.0,11.9
2024-06-16,3.8595258786474966,2.9,5.0
2024-06-17,0.8622663219491368,0.6,1.1
2024-06-18,0.0,0.0,0.0
2024-06-19,0.0,0.0,0.0
2024-06-20,0.0,0.0,0.0
2024-06-21,0.0,0.0,0.0
2024-06-22,0.0,0.0,0.0
2024-06-23,0.0,0.0,0.0
2024-06-24,0.0,0.0,0.0
2024-06-25,0.0,0.0,0.0
2024-06-26,0.5365764392684496,0.4,0.7
2024-06-27,0.5365764392684496,0.4,0.7
2024-06-28,0.0,0.0,0.0
2024-06-29,0.0,0.0,0.0
2024-06-30,0.0,0.0,0.0
2024-07-01,0.0,0.0,0.0
2024-07-02,0.0,0.0,0.0
2024-07-03,0.0,0.0,0.0
2024-07-04,0.0,0.0,0.0
2024-07-05,0.0,0.0,0.0
2024-07-06,0.0,0.0,0.0
2024-07-07,0.0,0.0,0.0
2024-07-08,0.0,0.0,0.0
2024-07-09,0.0,0.0,0.0
2024-07-10,0.0,0.0,0.0
2024-07-11,0.0,0.0,0.0
2024-07-12,0.0,0.0,0.0
2024-07-13,0.0,0.0,0.0
2024-07-14,0.0,0.0,0.0
2024-07-15,0.0,0.0,0.0
2024-07-16,0.0,0.0,0.0
2024-07-17,0.0,0.0,0.0
2024-07-18,0.0,0.0,0.0
2024-07-19,0.0,0.0,0.0
2024-07-20,0.0,0.0,0.0
2024-07-21,0.0,0.0,0.0
2024-07-22,0.5631077962392734,0.4,0.8
2024-07-23,0.0,0.0,0.0
2024-07-24,0.0,0.0,0.0
2024-07-25,0.0,0.0,0.0
2024-07-26,0.0,0.0,0.0
2024-07-27,0.0,0.0,0.0
2024-07-28,0.0,0.0,0.0
2024-07-29,2.586611066341776,1.8,3.7
2024-07-30,0.0,0.0,0.0
2024-07-31,0.0,0.0,0.0
2024-08-01,0.0,0.0,0.0
2024-08-02,0.0,0.0,0.0
2024-08-03,0.0,0.0,0.0
2024-08-04,0.0,0.0,0.0
2024-08-05,0.0,0.0,0.0
2024-08-06,0.0,0.0,0.0
2024-08-07,0.0,0.0,0.0
2024-08-08,0.0,0.0,0.0
2024-08-09,0.0,0.0,0.0
2024-08-10,0.0,0.0,0.0
2024-08-11,0.0,0.0,0.0
2024-08-12,0.5260560849199707,0.4,0.7
2024-08-13,0.0,0.0,0.0
2024-08-14,0.0,0.0,0.0
2024-08-15,0.0,0.0,0.0
2024-08-16,0.0,0.0,0.0
2024-08-17,13.075747571068113,10.5,16.4
2024-08-18,0.0,0.0,0.0
2024-08-19,0.0,0.0,0.0
2024-08-20,0.0,0.0,0.0
2024-08-21,0.0,0.0,0.0
2024-08-22,13.075747571068113,10.5,16.4
2024-08-23,7.277375136576043,5.8,9.1
2024-08-24,0.3252067787626667,0.3,0.4
2024-08-25,0.0,0.0,0.0
2024-08-26,0.0,0.0,0.0
2024-08-27,0.0,0.0,0.0
2024-08-28,0.0,0.0,0.0
2024-08-29,0.0,0.0,0.0
2024-08-30,0.0,0.0,0.0
2024-08-31,0.0,0.0,0.0
2024-09-01,0.0,0.0,0.0
2024-09-02,0.0,0.0,0.0
2024-09-03,0.0,0.0,0.0
2024-09-04,0.0,0.0,0.0
2024-09-05,0.0,0.0,0.0
2024-09-06,0.0,0.0,0.0
2024-09-07,0.0,0.0,0.0
2024-09-08,0.0,0.0,0.0
2024-09-09,0.0,0.0,0.0
2024-09-10,12.940541866921865,11.3,15.5
2024-09-11,10.501820921361292,9.2,12.6
2024-09-12,0.8489141165968944,0.7,1.0
2024-09-13,0.0,0.0,0.0
2024-09-14,0.8489141165968944,0.7,1.0
2024-09-15,0.0,0.0,0.0
2024-09-16,0.5285506219599676,0.5,0.6
2024-09-17,0.5285506219599676,0.5,0.6
2024-09-18,0.0,0.0,0.0
2024-09-19,0.0,0.0,0.0
2024-09-20,0.0,0.0,0.0
2024-09-21,0.0,0.0,0.0
2024-09-22,0.0,0.0,0.0
2024-09-23,0.0,0.0,0.0
2024-09-24,4.561626329258227,4.0,5.5
2024-09-25,3.496735502417137,3.1,4.2
2024-09-26,0.0,0.0,0.0
2024-09-27,0.0,0.0,0.0
2024-09-28,0.0,0.0,0.0
2024-09-29,0.0,0.0,0.0
2024-09-30,0.0,0.0,0.0
2024-10-01,0.0,0.0,0.0
2024-10-02,0.0,0.0,0.0
2024-10-03,0.0,0.0,0.0
2024-10-04,3.3501062926579213,3.0,3.9
2024-10-05,0.0,0.0,0.0
2024-10-06,0.0,0.0,0.0
2024-10-07,0.0,0.0,0.0
2024-10-08,0.0,0.0,0.0
2024-10-09,0.5175549971932952,0.5,0.6
2024-10-10,0.0,0.0,0.0
2024-10-11,0.0,0.0,0.0
2024-10-12,0.0,0.0,0.0
2024-10-13,0.0,0.0,0.0
2024-10-14,0.0,0.0,0.0
2024-10-15,0.8162745007890809,0.7,0.9
2024-10-16,6.3976762554603885,5.7,7.4
2024-10-17,11.36953461468144,10.2,13.1
2024-10-18,0.0,0.0,0.0
2024-10-19,0.0,0.0,0.0
2024-10-20,6.194959673475954,5.5,7.1
2024-10-21,18.78584978664897,16.8,21.7
2024-10-22,0.0,0.0,0.0
2024-10-23,1.012186654700797,0.9,1.2
2024-10-24,0.0,0.0,0.0
2024-10-25,0.3010862083023276,0.3,0.4
2024-10-26,6.3976762554603885,5.7,7.4
2024-10-27,29.144473674852804,26.1,33.6
2024-10-28,13.709152388216628,12.3,15.8
2024-10-29,2.843023982689109,2.5,3.3
2024-10-30,25.7921645981253,23.1,29.8
2024-10-31,37.16754054815756,33.2,42.9
2024-11-01,33.9315749684056,30.1,39.2
2024-11-02,20.177720586081634,17.9,23.3
2024-11-03,9.884721421448134,8.8,11.4
2024-11-04,3.3630467396754944,3.0,3.9
2024-11-05,1.0240170631193637,0.9,1.2
2024-11-06,0.0,0.0,0.0
2024-11-07,0.0,0.0,0.0
2024-11-08,0.0,0.0,0.0
2024-11-09,0.5142478839346346,0.5,0.6
2024-11-10,6.215516457027212,5.5,7.2
2024-11-11,26.900917562749065,23.8,31.1
2024-11-12,21.704770957314082,19.2,25.1
2024-11-13,40.35002907113337,35.8,46.6
2024-11-14,15.489537766693694,13.7,17.9
2024-11-15,1.5258792711716984,1.4,1.8
2024-11-16,21.704770957314082,19.2,25.1
2024-11-17,61.03596502791308,54.1,70.5
2024-11-18,24.354973085446435,21.6,28.1
2024-11-19,23.5415877322103,20.9,27.2
2024-11-20,26.69820048933415,23.7,30.8
2024-11-21,10.088349185748676,8.9,11.6
2024-11-22,20.177720586081634,17.9,23.3
2024-11-23,9.070422108742234,8.0,10.5
2024-11-24,3.668306996850045,3.3,4.2
2024-11-25,9.884721421448134,8.8,11.4
2024-11-26,0.5142478839346346,0.5,0.6
2024-11-27,0.0,0.0,0.0
2024-11-28,0.0,0.0,0.0
2024-11-29,0.0,0.0,0.0
2024-11-30,0.0,0.0,0.0
2024-12-01,0.0,0.0,0.0
2024-12-02,0.0,0.0,0.0
2024-12-03,0.0,0.0,0.0
2024-12-04,0.0,0.0,0.0
2024-12-05,0.0,0.0,0.0
2024-12-06,0.5159429092965292,0.5,0.6
2024-12-07,18.8085945101305,16.8,22.3
2024-12-08,4.729319449437208,4.2,5.6
2024-12-09,0.5159429092965292,0.5,0.6
2024-12-10,0.3048005084493224,0.3,0.4
2024-12-11,2.5674047941606695,2.3,3.0
2024-12-12,6.479167453744556,5.8,7.7
2024-12-13,23.02073283648025,20.5,27.3
2024-12-14,17.779919964423698,15.9,21.1
2024-12-15,23.22453692962922,20.7,27.5
2024-12-16,31.861008579919055,28.4,37.7
2024-12-17,25.592905490800117,22.8,30.3
2024-12-18,9.352288506851666,8.3,11.1
2024-12-19,0.5159429092965292,0.5,0.6
2024-12-20,0.5159429092965292,0.5,0.6
2024-12-21,7.605978973436665,6.8,9.0
2024-12-22,20.14375168837391,18.0,23.8
2024-12-23,17.779919964423698,15.9,21.1
2024-12-24,26.616257566845736,23.7,31.5
2024-12-25,39.46729644435189,35.2,46.7
2024-12-26,49.64108528127832,44.3,58.8
2024-12-27,36.07639328623023,32.2,42.7
2024-12-28,29.496428773062007,26.3,34.9
2024-12-29,42.54996349373569,38.0,50.4
2024-12-30,4.9326543195384165,4.4,5.8
2024-12-31,7.811420459070519,7.0,9.2
2025-01-01,11.213065322604848,9.9,13.6
2025-01-02,20.36642579443819,17.9,24.7
2025-01-03,17.999586558393474,15.8,21.8
2025-01-04,21.39547307138923,18.8,25.9
2025-01-05,16.14664043592528,14.2,19.6
2025-01-06,1.0313824696984126,0.9,1.2
2025-01-07,0.0,0.0,0.0
2025-01-08,0.0,0.0,0.0
2025-01-09,0.0,0.0,0.0
2025-01-10,11.518960687553365,10.1,14.0
2025-01-11,3.3932089499384506,3.0,4.1
2025-01-12,1.0313824696984126,0.9,1.2
2025-01-13,0.0,0.0,0.0
2025-01-14,0.0,0.0,0.0
2025-01-15,0.0,0.0,0.0
2025-01-16,0.0,0.0,0.0
2025-01-17,0.0,0.0,0.0
2025-01-18,0.0,0.0,0.0
2025-01-19,0.0,0.0,0.0
2025-01-20,0.0,0.0,0.0
2025-01-21,0.0,0.0,0.0
2025-01-22,0.0,0.0,0.0
2025-01-23,0.0,0.0,0.0
2025-01-24,0.0,0.0,0.0
2025-01-25,0.0,0.0,0.0
2025-01-26,0.0,0.0,0.0
2025-01-27,0.0,0.0,0.0
2025-01-28,0.0,0.0,0.0
2025-01-29,0.0,0.0,0.0
2025-01-30,3.085191779194179,2.7,3.7
2025-01-31,32.912886149663734,28.9,39.9
2025-02-01,6.324606276837453,5.6,7.4
2025-02-02,6.324606276837453,5.6,7.4
2025-02-03,3.108497650978627,2.8,3.7
2025-02-04,1.0367530930161,0.9,1.2
2025-02-05,12.338859364057608,11.0,14.5
2025-02-06,1.0367530930161,0.9,1.2
2025-02-07,1.0367530930161,0.9,1.2
2025-02-08,6.324606276837453,5.6,7.4
2025-02-09,1.0367530930161,0.9,1.2
2025-02-10,0.0,0.0,0.0
2025-02-11,0.0,0.0,0.0
2025-02-12,0.5239073418766915,0.5,0.6
2025-02-13,9.433617559199659,8.4,11.1
2025-02-14,7.36005487172342,6.6,8.6
2025-02-15,2.3826250818737873,2.1,2.8
2025-02-16,21.042409895404987,18.8,24.7
2025-02-17,20.52644150845844,18.3,24.1
2025-02-18,3.4221848796734924,3.1,4.0
2025-02-19,12.338859364057608,11.0,14.5
2025-02-20,0.8314830366197999,0.7,1.0
2025-02-21,4.45808229426263,4.0,5.2
2025-02-22,13.685127271188419,12.2,16.1
2025-02-23,24.985110921737128,22.3,29.3
2025-02-24,24.46644245082944,21.8,28.7
2025-02-25,0.5239073418766915,0.5,0.6
2025-02-26,0.0,0.0,0.0
2025-02-27,0.0,0.0,0.0
2025-02-28,0.8314830366197999,0.7,1.0
2025-03-01,8.418012125500177,7.3,9.8
2025-03-02,8.732610046713324,7.6,10.1
2025-03-03,6.027446937671366,5.2,7.0
2025-03-04,4.78047062452259,4.2,5.5
2025-03-05,3.117496046760148,2.7,3.6
2025-03-06,0.0,0.0,0.0
2025-03-07,0.0,0.0,0.0
2025-03-08,0.0,0.0,0.0
2025-03-09,0.3087252518630193,0.3,0.4
2025-03-10,0.0,0.0,0.0
2025-03-11,0.0,0.0,0.0
2025-03-12,35.13288983882092,30.5,40.7
2025-03-13,21.413023516728114,18.6,24.8
2025-03-14,23.491681407676325,20.4,27.2
2025-03-15,61.53668050008095,53.4,71.3
2025-03-16,47.29334209168029,41.1,54.8
2025-03-17,14.240809903881747,12.4,16.5
2025-03-18,4.78047062452259,4.2,5.5
2025-03-19,10.811377650740914,9.4,12.5
2025-03-20,16.631325783763867,14.4,19.3
2025-03-21,45.11273693928802,39.2,52.3
2025-03-22,10.811377650740914,9.4,12.5
2025-03-23,3.9532228598700514,3.4,4.6
2025-03-24,0.0,0.0,0.0
2025-03-25,0.0,0.0,0.0
2025-03-26,15.278713530348085,13.3,17.7
2025-03-27,21.101160291855503,18.3,24.4
2025-03-28,7.8977338540515465,6.9,9.2
2025-03-29,6.861735209681303,6.0,7.9
2025-03-30,11.122981276237448,9.7,12.9
2025-03-31,10.601871492986369,9.2,12.3
2025-04-01,11.654047494911081,9.8,14.6
2025-04-02,3.7470762253737404,3.2,4.7
2025-04-03,0.5219298615397068,0.4,0.6
2025-04-04,0.32029541273972606,0.3,0.4
2025-04-05,0.0,0.0,0.0
2025-04-06,21.43587859492418,18.1,26.8
2025-04-07,16.33277100733877,13.8,20.4
2025-04-08,17.165310382757085,14.5,21.4
2025-04-09,0.8223577881004663,0.7,1.0
2025-04-10,6.033755688715984,5.1,7.5
2025-04-11,0.0,0.0,0.0
2025-04-12,0.0,0.0,0.0
2025-04-13,0.0,0.0,0.0
2025-04-14,0.0,0.0,0.0
2025-04-15,0.0,0.0,0.0
2025-04-16,0.0,0.0,0.0
2025-04-17,0.0,0.0,0.0
2025-04-18,0.0,0.0,0.0
2025-04-19,0.0,0.0,0.0
2025-04-20,0.5219298615397068,0.4,0.6
2025-04-21,0.0,0.0,0.0
2025-04-22,0.0,0.0,0.0
2025-04-23,0.0,0.0,0.0
2025-04-24,0.0,0.0,0.0
2025-04-25,0.32029541273972606,0.3,0.4
2025-04-26,0.0,0.0,0.0
2025-04-27,0.0,0.0,0.0
2025-04-28,0.0,0.0,0.0
2025-04-29,1.5608411735542735,1.3,1.9
2025-04-30,0.0,0.0,0.0
2025-05-01,0.0,0.0,0.0
2025-05-02,0.5419813631275823,0.4,0.7
2025-05-03,1.6092601143495053,1.3,2.0
2025-05-04,0.0,0.0,0.0
2025-05-05,0.0,0.0,0.0
2025-05-06,0.0,0.0,0.0
2025-05-07,0.0,0.0,0.0
2025-05-08,0.0,0.0,0.0
2025-05-09,0.0,0.0,0.0
2025-05-10,0.0,0.0,0.0
2025-05-11,3.534478310299395,2.9,4.4
2025-05-12,12.213827294545245,10.0,15.1
2025-05-13,5.4632496661782985,4.5,6.7
2025-05-14,1.6092601143495053,1.3,2.0
2025-05-15,1.3942838977888599,1.1,1.7
2025-05-16,1.6092601143495053,1.3,2.0
2025-05-17,13.927146356911559,11.5,17.2
2025-05-18,6.535646799737767,5.4,8.1
2025-05-19,9.000533706563626,7.4,11.1
2025-05-20,1.9298040113200767,1.6,2.4
2025-05-21,1.0694490404713735,0.9,1.3
2025-05-22,1.6092601143495053,1.3,2.0
2025-05-23,0.0,0.0,0.0
2025-05-24,0.0,0.0,0.0
2025-05-25,0.0,0.0,0.0
2025-05-26,0.0,0.0,0.0
2025-05-27,0.0,0.0,0.0
2025-05-28,0.0,0.0,0.0
2025-05-29,0.0,0.0,0.0
2025-05-30,0.0,0.0,0.0
2025-05-31,0.0,0.0,0.0
2025-06-01,0.0,0.0,0.0
2025-06-02,0.0,0.0,0.0
2025-06-03,0.0,0.0,0.0
2025-06-04,0.0,0.0,0.0
2025-06-05,0.0,0.0,0.0
2025-06-06,0.0,0.0,0.0
2025-06-07,0.0,0.0,0.0
2025-06-08,0.0,0.0,0.0
2025-06-09,0.0,0.0,0.0
2025-06-10,0.0,0.0,0.0
2025-06-11,0.0,0.0,0.0
2025-06-12,0.0,0.0,0.0
2025-06-13,0.0,0.0,0.0
2025-06-14,0.0,0.0,0.0
2025-06-15,0.0,0.0,0.0
2025-06-16,0.0,0.0,0.0
2025-06-17,0.0,0.0,0.0
2025-06-18,0.0,0.0,0.0
2025-06-19,0.0,0.0,0.0
2025-06-20,21.022110272036645,15.9,27.1
2025-06-21,17.69645797317547,13.4,22.8
2025-06-22,0.5365764392684496,0.4,0.7
2025-06-23,0.0,0.0,0.0
2025-06-24,0.0,0.0,0.0
2025-06-25,0.0,0.0,0.0
2025-06-26,0.0,0.0,0.0
2025-06-27,0.0,0.0,0.0
2025-06-28,0.0,0.0,0.0
2025-06-29,0.0,0.0,0.0
2025-06-30,0.0,0.0,0.0
2025-07-01,0.0,0.0,0.0
2025-07-02,0.0,0.0,0.0
2025-07-03,0.0,0.0,0.0
2025-07-04,0.0,0.0,0.0
2025-07-05,0.0,0.0,0.0
2025-07-06,0.0,0.0,0.0
2025-07-07,0.0,0.0,0.0
2025-07-08,0.0,0.0,0.0
2025-07-09,0.0,0.0,0.0
2025-07-10,0.0,0.0,0.0
2025-07-11,0.0,0.0,0.0
2025-07-12,0.0,0.0,0.0
2025-07-13,0.0,0.0,0.0
2025-07-14,0.0,0.0,0.0
2025-07-15,0.0,0.0,0.0
2025-07-16,0.0,0.0,0.0
2025-07-17,0.0,0.0,0.0
2025-07-18,0.0,0.0,0.0
2025-07-19,0.0,0.0,0.0
2025-07-20,0.0,0.0,0.0
2025-07-21,0.0,0.0,0.0
2025-07-22,0.0,0.0,0.0
2025-07-23,0.0,0.0,0.0
2025-07-24,0.0,0.0,0.0
2025-07-25,0.0,0.0,0.0
2025-07-26,0.0,0.0,0.0
2025-07-27,0.0,0.0,0.0
2025-07-28,0.0,0.0,0.0
2025-07-29,0.0,0.0,0.0
2025-07-30,0.0,0.0,0.0
2025-07-31,0.0,0.0,0.0
2025-08-01,0.0,0.0,0.0
2025-08-02,0.0,0.0,0.0
2025-08-03,0.0,0.0,0.0
2025-08-04,0.0,0.0,0.0
2025-08-05,0.0,0.0,0.0
2025-08-06,1.3724887306500877,1.1,1.7
2025-08-07,0.0,0.0,0.0
2025-08-08,0.0,0.0,0.0
2025-08-09,0.0,0.0,0.0
2025-08-10,0.0,0.0,0.0
2025-08-11,0.0,0.0,0.0
2025-08-12,0.0,0.0,0.0
2025-08-13,0.0,0.0,0.0
2025-08-14,0.0,0.0,0.0
2025-08-15,4.007225505627271,3.2,5.0
2025-08-16,9.386427428077189,7.5,11.8
2025-08-17,0.0,0.0,0.0
2025-08-18,1.0535598521999154,0.8,1.3
2025-08-19,0.0,0.0,0.0
2025-08-20,0.0,0.0,0.0
2025-08-21,0.0,0.0,0.0
2025-08-22,0.0,0.0,0.0
2025-08-23,0.0,0.0,0.0
2025-08-24,0.0,0.0,0.0
2025-08-25,0.0,0.0,0.0
2025-08-26,0.0,0.0,0.0
2025-08-27,0.0,0.0,0.0
2025-08-28,0.0,0.0,0.0
2025-08-29,0.3252067787626667,0.3,0.4
2025-08-30,0.0,0.0,0.0
2025-08-31,0.0,0.0,0.0
2025-09-01,0.0,0.0,0.0
2025-09-02,0.0,0.0,0.0
2025-09-03,1.3772062902056668,1.2,1.6
2025-09-04,0.0,0.0,0.0
2025-09-05,0.0,0.0,0.0
2025-09-06,0.0,0.0,0.0
2025-09-07,0.8489141165968944,0.7,1.0
2025-09-08,8.062488704854072,7.1,9.6
2025-09-09,4.347035426847863,3.8,5.2
2025-09-10,0.0,0.0,0.0
2025-09-11,0.0,0.0,0.0
2025-09-12,0.0,0.0,0.0
2025-09-13,1.0641082899228242,0.9,1.3
2025-09-14,6.473228651892558,5.7,7.7
2025-09-15,0.0,0.0,0.0
2025-09-16,0.0,0.0,0.0
2025-09-17,0.0,0.0,0.0
2025-09-18,0.0,0.0,0.0
2025-09-19,0.0,0.0,0.0
2025-09-20,0.0,0.0,0.0
2025-09-21,5.091178101230828,4.5,6.1
2025-09-22,0.0,0.0,0.0
2025-09-23,0.0,0.0,0.0
2025-09-24,0.0,0.0,0.0
2025-09-25,1.0641082899228242,0.9,1.3
2025-09-26,0.0,0.0,0.0
2025-09-27,0.0,0.0,0.0
2025-09-28,2.9697829274830503,2.6,3.6
2025-09-29,6.6849243675428465,5.8,8.0
2025-09-30,7.847917391091251,6.9,9.4
2025-10-01,8.225933165258667,7.4,9.5
2025-10-02,1.522023261086304,1.4,1.8
2025-10-03,0.5175549971932952,0.5,0.6
2025-10-04,0.0,0.0,0.0
2025-10-05,0.0,0.0,0.0
2025-10-06,0.0,0.0,0.0
2025-10-07,0.0,0.0,0.0
2025-10-08,0.0,0.0,0.0
2025-10-09,2.336811555284084,2.1,2.7
2025-10-10,17.77066247049254,15.9,20.5
2025-10-11,13.912029618988557,12.4,16.1
2025-10-12,31.478250607732967,28.2,36.3
2025-10-13,5.68812405507796,5.1,6.6
2025-10-14,0.0,0.0,0.0
2025-10-15,0.0,0.0,0.0
2025-10-16,0.0,0.0,0.0
2025-10-17,0.0,0.0,0.0
2025-10-18,3.857086556515926,3.5,4.5
2025-10-19,21.934103672108957,19.6,25.3
2025-10-20,0.0,0.0,0.0
2025-10-21,0.0,0.0,0.0
2025-10-22,0.0,0.0,0.0
2025-10-23,0.0,0.0,0.0
2025-10-24,10.560081689786813,9.4,12.2
2025-10-25,41.026482300453665,36.7,47.3
2025-10-26,15.232658432207458,13.6,17.6
2025-10-27,2.843023982689109,2.5,3.3
2025-10-28,4.672375100820801,4.2,5.4
2025-10-29,5.68812405507796,5.1,6.6
2025-10-30,0.0,0.0,0.0
2025-10-31,0.0,0.0,0.0
2025-11-01,21.50098041197287,19.1,24.8
2025-11-02,1.5258792711716984,1.4,1.8
2025-11-03,9.070422108742234,8.0,10.5
2025-11-04,7.743270187727425,6.9,8.9
2025-11-05,23.334354077979928,20.7,26.9
2025-11-06,14.471042197682335,12.8,16.7
2025-11-07,2.546962438809151,2.3,2.9
2025-11-08,0.8224105197339383,0.7,0.9
2025-11-09,0.0,0.0,0.0
2025-11-10,0.0,0.0,0.0
2025-11-11,0.0,0.0,0.0
2025-11-12,0.0,0.0,0.0
2025-11-13,3.3630467396754944,3.0,3.9
2025-11-14,1.0240170631193637,0.9,1.2
2025-11-15,0.302296498719456,0.3,0.4
2025-11-16,4.380074056451028,3.9,5.1
2025-11-17,4.380074056451028,3.9,5.1
2025-11-18,0.8224105197339383,0.7,0.9
2025-11-19,2.546962438809151,2.3,2.9
2025-11-20,2.3451565558736376,2.1,2.7
2025-11-21,0.0,0.0,0.0
2025-11-22,0.0,0.0,0.0
2025-11-23,14.981209577598035,13.3,17.3
2025-11-24,1.8344703151662853,1.6,2.1
2025-11-25,5.399840002643604,4.8,6.2
2025-11-26,5.910700766478081,5.2,6.8
2025-11-27,8.049353795040053,7.1,9.3
2025-11-28,4.380074056451028,3.9,5.1
2025-11-29,0.302296498719456,0.3,0.4
2025-11-30,0.302296498719456,0.3,0.4
2025-12-01,0.0,0.0,0.0
2025-12-02,1.0278570715099267,0.9,1.2
2025-12-03,0.0,0.0,0.0
2025-12-04,13.875494799473675,12.4,16.4
2025-12-05,43.578652899908406,38.9,51.6
2025-12-06,3.6990880029868527,3.3,4.4
2025-12-07,15.623315040799667,13.9,18.5
2025-12-08,35.458529068243564,31.6,42.0
2025-12-09,53.23881653776873,47.5,63.0
2025-12-10,5.241695332628395,4.7,6.2
2025-12-11,0.3048005084493224,0.3,0.4
2025-12-12,0.0,0.0,0.0
2025-12-13,0.0,0.0,0.0
2025-12-14,2.05771316793035,1.8,2.4
2025-12-15,25.796738155488672,23.0,30.5
2025-12-16,21.89346058683461,19.5,25.9
2025-12-17,27.645027783128363,24.7,32.7
2025-12-18,119.3277735152669,106.4,141.3
2025-12-19,29.189742874429445,26.0,34.6
2025-12-20,2.3639781767641805,2.1,2.8
2025-12-21,20.34874337307629,18.2,24.1
2025-12-22,8.12046016766563,7.2,9.6
2025-12-23,2.05771316793035,1.8,2.4
2025-12-24,5.241695332628395,4.7,6.2
2025-12-25,8.32518687011388,7.4,9.9
2025-12-26,14.081586246816762,12.6,16.7
2025-12-27,5.960342085900678,5.3,7.1
2025-12-28,0.0,0.0,0.0
2025-12-29,0.0,0.0,0.0
2025-12-30,0.0,0.0,0.0
2025-12-31,0.8250214686548502,0.7,1.0
