source_file	line	methods	declared_path	handler	decorators	fa01_admission_rule
wepppy/microservices/_gdalinfo.py	338	GET	prefix_path('/runs/{runid}/{config}/gdalinfo/{subpath:path}')	gdalinfo_with_subpath		existing ordinary behavior; conditional internal workflow/contrast resource or protected-data boundary
wepppy/microservices/_gdalinfo.py	343	GET	prefix_path('/culverts/{uuid}/gdalinfo/{subpath:path}')	gdalinfo_culvert_with_subpath		culvert_runner human workflow gate; registered integration/scoped browse retain operation-specific paths
wepppy/microservices/_gdalinfo.py	348	GET	prefix_path('/batch/{batch_name}/gdalinfo/{subpath:path}')	gdalinfo_batch_with_subpath		batch_runner actions/private human reads; preserve public-base reads and independent scoped services
wepppy/microservices/browse/_download.py	780	GET	prefix_path('/runs/{runid}/{config}/aria2c.spec')	aria2c_spec		existing ordinary behavior; conditional internal workflow/contrast resource or protected-data boundary
wepppy/microservices/browse/_download.py	785	GET	prefix_path('/runs/{runid}/{config}/download/{subpath:path}')	download_with_subpath		existing ordinary behavior; conditional internal workflow/contrast resource or protected-data boundary
wepppy/microservices/browse/_download.py	790	GET	prefix_path('/culverts/{uuid}/download/{subpath:path}')	download_culvert_with_subpath		culvert_runner human workflow gate; registered integration/scoped browse retain operation-specific paths
wepppy/microservices/browse/_download.py	795	GET	prefix_path('/batch/{batch_name}/download/{subpath:path}')	download_batch_with_subpath		batch_runner actions/private human reads; preserve public-base reads and independent scoped services
wepppy/microservices/browse/browse.py	1505	GET	/health	health		unchanged ordinary behavior; regression reference
wepppy/microservices/browse/browse.py	1510	GET	/weppcloud/runs/{runid}/{config}/files/	files_root		existing ordinary behavior; conditional internal workflow/contrast resource or protected-data boundary
wepppy/microservices/browse/browse.py	1515	GET	/weppcloud/runs/{runid}/{config}/files	files_root		existing ordinary behavior; conditional internal workflow/contrast resource or protected-data boundary
wepppy/microservices/browse/browse.py	1520	GET	/weppcloud/runs/{runid}/{config}/files/{subpath:path}	files_subpath		existing ordinary behavior; conditional internal workflow/contrast resource or protected-data boundary
wepppy/microservices/browse/browse.py	1525	GET	/weppcloud/runs/{runid}/{config}/browse/	browse_root		existing ordinary behavior; conditional internal workflow/contrast resource or protected-data boundary
wepppy/microservices/browse/browse.py	1530	GET	/weppcloud/runs/{runid}/{config}/browse	browse_root		existing ordinary behavior; conditional internal workflow/contrast resource or protected-data boundary
wepppy/microservices/browse/browse.py	1535	GET	/weppcloud/runs/{runid}/{config}/browse/{subpath:path}	browse_subpath		existing ordinary behavior; conditional internal workflow/contrast resource or protected-data boundary
wepppy/microservices/browse/browse.py	1540	GET	/weppcloud/runs/{runid}/{config}/schema/{subpath:path}	schema_subpath		existing ordinary behavior; conditional internal workflow/contrast resource or protected-data boundary
wepppy/microservices/browse/browse.py	1545	GET	/weppcloud/culverts/{uuid}/browse/	browse_culvert_root		culvert_runner human workflow gate; registered integration/scoped browse retain operation-specific paths
wepppy/microservices/browse/browse.py	1550	GET	/weppcloud/culverts/{uuid}/browse	browse_culvert_root		culvert_runner human workflow gate; registered integration/scoped browse retain operation-specific paths
wepppy/microservices/browse/browse.py	1555	GET	/weppcloud/culverts/{uuid}/browse/{subpath:path}	browse_culvert_subpath		culvert_runner human workflow gate; registered integration/scoped browse retain operation-specific paths
wepppy/microservices/browse/browse.py	1560	GET	/weppcloud/culverts/{uuid}/schema/{subpath:path}	schema_culvert_subpath		culvert_runner human workflow gate; registered integration/scoped browse retain operation-specific paths
wepppy/microservices/browse/browse.py	1565	GET	/weppcloud/batch/{batch_name}/browse/	browse_batch_root		batch_runner actions/private human reads; preserve public-base reads and independent scoped services
wepppy/microservices/browse/browse.py	1570	GET	/weppcloud/batch/{batch_name}/browse	browse_batch_root		batch_runner actions/private human reads; preserve public-base reads and independent scoped services
wepppy/microservices/browse/browse.py	1575	GET	/weppcloud/batch/{batch_name}/browse/{subpath:path}	browse_batch_subpath		batch_runner actions/private human reads; preserve public-base reads and independent scoped services
wepppy/microservices/browse/browse.py	1580	GET	/weppcloud/batch/{batch_name}/schema/{subpath:path}	schema_batch_subpath		batch_runner actions/private human reads; preserve public-base reads and independent scoped services
wepppy/microservices/browse/browse.py	1585	GET	/weppcloud/runs/{runid}/{config}/dtale/{subpath:path}	dtale_open		existing ordinary behavior; conditional internal workflow/contrast resource or protected-data boundary
wepppy/microservices/browse/browse.py	1590	GET	/weppcloud/culverts/{uuid}/dtale/{subpath:path}	dtale_culvert_open		culvert_runner human workflow gate; registered integration/scoped browse retain operation-specific paths
wepppy/microservices/browse/browse.py	1595	GET	/weppcloud/batch/{batch_name}/dtale/{subpath:path}	dtale_batch_open		batch_runner actions/private human reads; preserve public-base reads and independent scoped services
wepppy/microservices/browse/report.py	228	GET	prefix_path('/runs/{runid}/{config}/report/path_ce/')	report_document		path_ce action entitlement plus contrasts on consumption; contrast read entitlement for derived results
wepppy/microservices/browse/report.py	233	GET	prefix_path('/runs/{runid}/{config}/report/path_ce')	report_document		path_ce action entitlement plus contrasts on consumption; contrast read entitlement for derived results
wepppy/microservices/browse/report.py	238	GET	prefix_path('/runs/{runid}/{config}/report/path_ce/{subpath:path}')	report_asset		path_ce action entitlement plus contrasts on consumption; contrast read entitlement for derived results
wepppy/microservices/download/app.py	448	GET	/health	_health		unchanged ordinary behavior; regression reference
wepppy/microservices/download/app.py	449	GET,HEAD	/weppcloud/runs/{runid}/{config}/download/archives/{subpath:path}	archive_download		existing ordinary behavior; conditional internal workflow/contrast resource or protected-data boundary
wepppy/microservices/rq_engine/__init__.py	180	GET	/health	health		unchanged ordinary behavior; regression reference
wepppy/microservices/rq_engine/admin_job_routes.py	204	GET	/admin/recently-completed-jobs	recently_completed_jobs		unchanged ordinary behavior; regression reference
wepppy/microservices/rq_engine/admin_job_routes.py	260	GET	/admin/jobs-detail	jobs_detail		unchanged ordinary behavior; regression reference
wepppy/microservices/rq_engine/ag_fields_routes.py	593	POST	/runs/{runid}/{config}/agfields/boundaries	upload_boundaries		ag_fields action entitlement; existing non-embargoed public views use observational state
wepppy/microservices/rq_engine/ag_fields_routes.py	674	POST	/runs/{runid}/{config}/agfields/schema	confirm_schema		ag_fields action entitlement; existing non-embargoed public views use observational state
wepppy/microservices/rq_engine/ag_fields_routes.py	726	POST	/runs/{runid}/{config}/agfields/build-subfields	build_subfields		ag_fields action entitlement; existing non-embargoed public views use observational state
wepppy/microservices/rq_engine/ag_fields_routes.py	774	POST	/runs/{runid}/{config}/agfields/plant-database	upload_plant_database		ag_fields action entitlement; existing non-embargoed public views use observational state
wepppy/microservices/rq_engine/ag_fields_routes.py	845	GET	/runs/{runid}/{config}/agfields/plant-files	plant_file_inventory		ag_fields action entitlement; existing non-embargoed public views use observational state
wepppy/microservices/rq_engine/ag_fields_routes.py	874	DELETE	/runs/{runid}/{config}/agfields/plant-files/{filename}	delete_plant_file		ag_fields action entitlement; existing non-embargoed public views use observational state
wepppy/microservices/rq_engine/ag_fields_routes.py	916	GET	/runs/{runid}/{config}/agfields/rotation-mapping	get_rotation_mapping		ag_fields action entitlement; existing non-embargoed public views use observational state
wepppy/microservices/rq_engine/ag_fields_routes.py	958	POST	/runs/{runid}/{config}/agfields/rotation-mapping	save_rotation_mapping		ag_fields action entitlement; existing non-embargoed public views use observational state
wepppy/microservices/rq_engine/ag_fields_routes.py	1012	GET	/runs/{runid}/{config}/agfields/management-options	management_options		ag_fields action entitlement; existing non-embargoed public views use observational state
wepppy/microservices/rq_engine/ag_fields_routes.py	1043	POST	/runs/{runid}/{config}/agfields/run-wepp	run_wepp		ag_fields action entitlement; existing non-embargoed public views use observational state
wepppy/microservices/rq_engine/ag_fields_routes.py	1100	POST	/runs/{runid}/{config}/agfields/run-watershed	run_watershed		ag_fields action entitlement; existing non-embargoed public views use observational state
wepppy/microservices/rq_engine/ag_fields_routes.py	1165	POST	/runs/{runid}/{config}/agfields/clear-watershed	clear_watershed		ag_fields action entitlement; existing non-embargoed public views use observational state
wepppy/microservices/rq_engine/ag_fields_routes.py	1228	POST	/runs/{runid}/{config}/agfields/clear	clear_wepp		ag_fields action entitlement; existing non-embargoed public views use observational state
wepppy/microservices/rq_engine/ag_fields_routes.py	1262	GET	/runs/{runid}/{config}/agfields/sub-fields.geojson	subfields_overlay		ag_fields action entitlement; existing non-embargoed public views use observational state
wepppy/microservices/rq_engine/ag_fields_routes.py	1290	GET	/runs/{runid}/{config}/agfields/state	state		ag_fields action entitlement; existing non-embargoed public views use observational state
wepppy/microservices/rq_engine/ash_routes.py	180	POST	/runs/{runid}/{config}/run-ash	run_ash		existing ordinary behavior; conditional internal workflow/contrast resource or protected-data boundary
wepppy/microservices/rq_engine/batch_routes.py	54	POST	/batch/_/{batch_name}/run-batch	run_batch		batch_runner actions/private human reads; preserve public-base reads and independent scoped services
wepppy/microservices/rq_engine/batch_routes.py	127	POST	/batch/_/{batch_name}/delete-batch	delete_batch		batch_runner actions/private human reads; preserve public-base reads and independent scoped services
wepppy/microservices/rq_engine/bootstrap_routes.py	239	POST	/runs/{runid}/{config}/bootstrap/enable	bootstrap_enable		existing ordinary behavior; conditional internal workflow/contrast resource or protected-data boundary
wepppy/microservices/rq_engine/bootstrap_routes.py	278	POST	/runs/{runid}/{config}/bootstrap/mint-token	bootstrap_mint_token		existing ordinary behavior; conditional internal workflow/contrast resource or protected-data boundary
wepppy/microservices/rq_engine/bootstrap_routes.py	318	GET	/runs/{runid}/{config}/bootstrap/commits	bootstrap_commits		existing ordinary behavior; conditional internal workflow/contrast resource or protected-data boundary
wepppy/microservices/rq_engine/bootstrap_routes.py	354	GET	/runs/{runid}/{config}/bootstrap/current-ref	bootstrap_current_ref		existing ordinary behavior; conditional internal workflow/contrast resource or protected-data boundary
wepppy/microservices/rq_engine/bootstrap_routes.py	391	POST	/runs/{runid}/{config}/bootstrap/checkout	bootstrap_checkout		existing ordinary behavior; conditional internal workflow/contrast resource or protected-data boundary
wepppy/microservices/rq_engine/bootstrap_routes.py	436	POST	/runs/{runid}/{config}/run-wepp-npprep	run_wepp_npprep		existing ordinary behavior; conditional internal workflow/contrast resource or protected-data boundary
wepppy/microservices/rq_engine/bootstrap_routes.py	521	POST	/runs/{runid}/{config}/run-wepp-watershed-no-prep	run_wepp_watershed_noprep		existing ordinary behavior; conditional internal workflow/contrast resource or protected-data boundary
wepppy/microservices/rq_engine/bootstrap_routes.py	597	POST	/runs/{runid}/{config}/run-swat-noprep	run_swat_noprep		existing ordinary behavior; conditional internal workflow/contrast resource or protected-data boundary
wepppy/microservices/rq_engine/builder_routes.py	101	GET	/project-config/builder	builder_description		unchanged ordinary behavior; regression reference
wepppy/microservices/rq_engine/builder_routes.py	148	POST	/project-config/builder/validate	validate_builder		unchanged ordinary behavior; regression reference
wepppy/microservices/rq_engine/builder_routes.py	190	POST	/project-config/builder/create	create_builder_project		unchanged ordinary behavior; regression reference
wepppy/microservices/rq_engine/climate_routes.py	636	POST	/runs/{runid}/{config}/build-climate	build_climate		existing ordinary behavior; conditional internal workflow/contrast resource or protected-data boundary
wepppy/microservices/rq_engine/culvert_routes.py	243	POST	/culverts-wepp-batch/	culverts_wepp_batch		culvert_runner human workflow gate; registered integration/scoped browse retain operation-specific paths
wepppy/microservices/rq_engine/culvert_routes.py	395	POST	/culverts-wepp-batch/{batch_uuid}/retry/{point_id}	culverts_retry_run		culvert_runner human workflow gate; registered integration/scoped browse retain operation-specific paths
wepppy/microservices/rq_engine/culvert_routes.py	505	POST	/culverts-wepp-batch/{batch_uuid}/finalize	culverts_finalize_batch		culvert_runner human workflow gate; registered integration/scoped browse retain operation-specific paths
wepppy/microservices/rq_engine/debris_flow_routes.py	86	POST	/runs/{runid}/{config}/run-debris-flow	run_debris_flow		existing ordinary behavior; conditional internal workflow/contrast resource or protected-data boundary
wepppy/microservices/rq_engine/debug_routes.py	42	GET	/runs/{runid}/{config}/hello-world	hello_world	router.post('/runs/{runid}/{config}/hello-world')	existing ordinary behavior; conditional internal workflow/contrast resource or protected-data boundary
wepppy/microservices/rq_engine/debug_routes.py	42	POST	/runs/{runid}/{config}/hello-world	hello_world	router.get('/runs/{runid}/{config}/hello-world')	existing ordinary behavior; conditional internal workflow/contrast resource or protected-data boundary
wepppy/microservices/rq_engine/dss_export_routes.py	71	POST	/runs/{runid}/{config}/post-dss-export-rq	post_dss_export		existing ordinary behavior; conditional internal workflow/contrast resource or protected-data boundary
wepppy/microservices/rq_engine/export_routes.py	401	GET	/runs/{runid}/{config}/export/ermit	export_ermit		existing ordinary behavior; conditional internal workflow/contrast resource or protected-data boundary
wepppy/microservices/rq_engine/export_routes.py	445	POST	/runs/{runid}/{config}/export/ermit	export_ermit_submit		existing ordinary behavior; conditional internal workflow/contrast resource or protected-data boundary
wepppy/microservices/rq_engine/export_routes.py	503	GET	/runs/{runid}/{config}/export/ermit/job/{job_id}/download	export_ermit_download		existing ordinary behavior; conditional internal workflow/contrast resource or protected-data boundary
wepppy/microservices/rq_engine/export_routes.py	575	GET	/runs/{runid}/{config}/export/geopackage	export_geopackage		existing ordinary behavior; conditional internal workflow/contrast resource or protected-data boundary
wepppy/microservices/rq_engine/export_routes.py	625	GET	/runs/{runid}/{config}/export/geodatabase	export_geodatabase		existing ordinary behavior; conditional internal workflow/contrast resource or protected-data boundary
wepppy/microservices/rq_engine/export_routes.py	708	GET	/runs/{runid}/{config}/export/prep_details	export_prep_details	router.get('/runs/{runid}/{config}/export/prep_details/', summary='Export prep details archive (trailing slash)', description='Requires JWT Bearer scope `rq:export` and run access via `authorize_run_access`. Read-only export endpoint equivalent to `/export/prep_details` with trailing-slash path compatibility.', tags=['rq-engine', 'exports'], operation_id=rq_operation_id('export_prep_details_trailing_slash'), responses=agent_route_responses(success_code=200, success_description='Prep details response returned (archive file or status payload).', extra={404: 'Requested run/export artifact was not found. Returns the canonical error payload.'}))	existing ordinary behavior; conditional internal workflow/contrast resource or protected-data boundary
wepppy/microservices/rq_engine/export_routes.py	708	GET	/runs/{runid}/{config}/export/prep_details/	export_prep_details	router.get('/runs/{runid}/{config}/export/prep_details', summary='Export prep details archive', description='Requires JWT Bearer scope `rq:export` and run access via `authorize_run_access`. Read-only export endpoint that generates prep-details artifacts and returns archive data or status JSON.', tags=['rq-engine', 'exports'], operation_id=rq_operation_id('export_prep_details'), responses=agent_route_responses(success_code=200, success_description='Prep details response returned (archive file or status payload).', extra={404: 'Requested run/export artifact was not found. Returns the canonical error payload.'}))	existing ordinary behavior; conditional internal workflow/contrast resource or protected-data boundary
wepppy/microservices/rq_engine/export_routes.py	768	POST	/runs/{runid}/{config}/export/features	export_features_submit		existing ordinary behavior; conditional internal workflow/contrast resource or protected-data boundary
wepppy/microservices/rq_engine/export_routes.py	842	POST	/runs/{runid}/{config}/export/features/profile/resolve	export_features_profile_resolve		existing ordinary behavior; conditional internal workflow/contrast resource or protected-data boundary
wepppy/microservices/rq_engine/export_routes.py	915	GET	/runs/{runid}/{config}/export/features/job/{job_id}/download	export_features_download		existing ordinary behavior; conditional internal workflow/contrast resource or protected-data boundary
wepppy/microservices/rq_engine/export_routes.py	1003	GET	/runs/{runid}/{config}/export/features/published/{profile}/download	export_features_published_download		existing ordinary behavior; conditional internal workflow/contrast resource or protected-data boundary
wepppy/microservices/rq_engine/fork_archive_routes.py	766	POST	/runs/{runid}/{config}/fork	fork_project		existing ordinary behavior; conditional internal workflow/contrast resource or protected-data boundary
wepppy/microservices/rq_engine/fork_archive_routes.py	1417	POST	/runs/{runid}/{config}/archive	archive_run		existing ordinary behavior; conditional internal workflow/contrast resource or protected-data boundary
wepppy/microservices/rq_engine/fork_archive_routes.py	1515	POST	/runs/{runid}/{config}/restore-archive	restore_archive		existing ordinary behavior; conditional internal workflow/contrast resource or protected-data boundary
wepppy/microservices/rq_engine/fork_archive_routes.py	1620	POST	/runs/{runid}/{config}/delete-archive	delete_archive		existing ordinary behavior; conditional internal workflow/contrast resource or protected-data boundary
wepppy/microservices/rq_engine/geneva_routes.py	497	POST	/runs/{runid}/{config}/geneva/prepare-hrus	prepare_hrus		existing ordinary behavior; conditional internal workflow/contrast resource or protected-data boundary
wepppy/microservices/rq_engine/geneva_routes.py	563	POST	/runs/{runid}/{config}/geneva/build-frequency-panel	build_frequency_panel		existing ordinary behavior; conditional internal workflow/contrast resource or protected-data boundary
wepppy/microservices/rq_engine/geneva_routes.py	628	POST	/runs/{runid}/{config}/geneva/run-batch	run_batch		existing ordinary behavior; conditional internal workflow/contrast resource or protected-data boundary
wepppy/microservices/rq_engine/geneva_routes.py	689	POST	/runs/{runid}/{config}/geneva/run-workflow	run_workflow		existing ordinary behavior; conditional internal workflow/contrast resource or protected-data boundary
wepppy/microservices/rq_engine/geneva_routes.py	749	GET	/runs/{runid}/{config}/geneva/state	get_geneva_state		existing ordinary behavior; conditional internal workflow/contrast resource or protected-data boundary
wepppy/microservices/rq_engine/job_routes.py	262	GET	/jobstatus/{job_id}	jobstatus		existing polling/lifecycle/queue unchanged; project protected contrast/PATH-CE results and auxiliary fields in single/batch/recursive nodes; ordinary Culvert unchanged
wepppy/microservices/rq_engine/job_routes.py	331	GET	/jobinfo/{job_id}	jobinfo		existing polling/lifecycle/queue unchanged; project protected contrast/PATH-CE results and auxiliary fields in single/batch/recursive nodes; ordinary Culvert unchanged
wepppy/microservices/rq_engine/job_routes.py	400	POST	/jobinfo	jobinfo_batch		existing polling/lifecycle/queue unchanged; project protected contrast/PATH-CE results and auxiliary fields in single/batch/recursive nodes; ordinary Culvert unchanged
wepppy/microservices/rq_engine/job_routes.py	469	POST	/canceljob/{job_id}	canceljob		existing cancellation plus restricted target feature/workflow admission
wepppy/microservices/rq_engine/landuse_routes.py	546	POST	/runs/{runid}/{config}/build-landuse	build_landuse		existing ordinary behavior; conditional internal workflow/contrast resource or protected-data boundary
wepppy/microservices/rq_engine/landuse_routes.py	828	POST	/runs/{runid}/{config}/set-landuse-mode	set_landuse_mode		existing ordinary behavior; conditional internal workflow/contrast resource or protected-data boundary
wepppy/microservices/rq_engine/landuse_routes.py	905	POST	/runs/{runid}/{config}/set-landuse-db	set_landuse_db		existing ordinary behavior; conditional internal workflow/contrast resource or protected-data boundary
wepppy/microservices/rq_engine/landuse_routes.py	959	POST	/runs/{runid}/{config}/modify-landuse-coverage	modify_landuse_coverage		existing ordinary behavior; conditional internal workflow/contrast resource or protected-data boundary
wepppy/microservices/rq_engine/landuse_routes.py	1013	GET	/runs/{runid}/{config}/controllers/landuse/state	get_landuse_state		existing ordinary behavior; conditional internal workflow/contrast resource or protected-data boundary
wepppy/microservices/rq_engine/landuse_routes.py	1051	POST	/runs/{runid}/{config}/modify-landuse-mapping	modify_landuse_mapping		existing ordinary behavior; conditional internal workflow/contrast resource or protected-data boundary
wepppy/microservices/rq_engine/landuse_routes.py	1115	GET	/runs/{runid}/{config}/landuse-user-defined/catalog	get_landuse_user_defined_catalog		existing ordinary behavior; conditional internal workflow/contrast resource or protected-data boundary
wepppy/microservices/rq_engine/landuse_routes.py	1170	POST	/runs/{runid}/{config}/landuse-user-defined/upload	upload_landuse_user_defined_managements		existing ordinary behavior; conditional internal workflow/contrast resource or protected-data boundary
wepppy/microservices/rq_engine/landuse_routes.py	1327	POST	/runs/{runid}/{config}/landuse-user-defined/delete	delete_landuse_user_defined_management		existing ordinary behavior; conditional internal workflow/contrast resource or protected-data boundary
wepppy/microservices/rq_engine/landuse_routes.py	1406	POST	/runs/{runid}/{config}/landuse-user-defined/update-description	update_landuse_user_defined_management_description		existing ordinary behavior; conditional internal workflow/contrast resource or protected-data boundary
wepppy/microservices/rq_engine/landuse_routes.py	1501	GET	/runs/{runid}/{config}/landuse-map/snapshot	get_landuse_map_snapshot		existing ordinary behavior; conditional internal workflow/contrast resource or protected-data boundary
wepppy/microservices/rq_engine/landuse_routes.py	1551	POST	/runs/{runid}/{config}/landuse-map/save	save_landuse_map		existing ordinary behavior; conditional internal workflow/contrast resource or protected-data boundary
wepppy/microservices/rq_engine/landuse_routes.py	1759	POST	/runs/{runid}/{config}/landuse-map/clear-override	clear_landuse_map_override		existing ordinary behavior; conditional internal workflow/contrast resource or protected-data boundary
wepppy/microservices/rq_engine/landuse_routes.py	1814	POST	/runs/{runid}/{config}/modify-landuse	modify_landuse		existing ordinary behavior; conditional internal workflow/contrast resource or protected-data boundary
wepppy/microservices/rq_engine/landuse_soils_routes.py	47	POST	/landuse-and-soils	build_landuse_and_soils		unchanged ordinary behavior; regression reference
wepppy/microservices/rq_engine/landuse_soils_routes.py	74	GET	/landuse-and-soils/{job_id}.tar.gz	download_landuse_and_soils		unchanged ordinary behavior; regression reference
wepppy/microservices/rq_engine/migration_routes.py	198	POST	/runs/{runid}/{config}/migrate-run	migrate_run		existing ordinary behavior; conditional internal workflow/contrast resource or protected-data boundary
wepppy/microservices/rq_engine/omni_routes.py	985	POST	/runs/{runid}/{config}/run-omni	run_omni		existing ordinary behavior; conditional internal workflow/contrast resource or protected-data boundary
wepppy/microservices/rq_engine/omni_routes.py	1027	POST	/runs/{runid}/{config}/run-omni-contrasts	run_omni_contrasts		omni_contrasts action/embargoed-read entitlement; entitled report generation remains
wepppy/microservices/rq_engine/omni_routes.py	1066	POST	/runs/{runid}/{config}/run-omni-contrasts-dry-run	run_omni_contrasts_dry_run		omni_contrasts action/embargoed-read entitlement; entitled report generation remains
wepppy/microservices/rq_engine/omni_routes.py	1102	POST	/runs/{runid}/{config}/delete-omni-contrasts	delete_omni_contrasts		omni_contrasts action/embargoed-read entitlement; entitled report generation remains
wepppy/microservices/rq_engine/openet_ts_routes.py	46	POST	/runs/{runid}/{config}/acquire-openet-ts	acquire_openet_ts		openet_ts group-only acquisition plus existing constraints
wepppy/microservices/rq_engine/orchestration_read_routes.py	1578	GET	/runs/{runid}/{config}/pipeline	get_pipeline		existing ordinary behavior; conditional internal workflow/contrast resource or protected-data boundary
wepppy/microservices/rq_engine/orchestration_read_routes.py	1626	GET	/runs/{runid}/{config}/readiness	get_readiness		existing ordinary behavior; conditional internal workflow/contrast resource or protected-data boundary
wepppy/microservices/rq_engine/polaris_routes.py	46	POST	/runs/{runid}/{config}/acquire-polaris	acquire_polaris		existing ordinary behavior; conditional internal workflow/contrast resource or protected-data boundary
wepppy/microservices/rq_engine/postfire_debris_flow_routes.py	183	GET	PREFIX + '/state'	state		unchanged ordinary behavior; regression reference
wepppy/microservices/rq_engine/postfire_debris_flow_routes.py	195	POST	PREFIX + '/upload-dnbr'	upload		unchanged ordinary behavior; regression reference
wepppy/microservices/rq_engine/postfire_debris_flow_routes.py	267	POST	PREFIX + '/retry-dnbr'	retry		unchanged ordinary behavior; regression reference
wepppy/microservices/rq_engine/postfire_debris_flow_routes.py	296	POST	PREFIX + '/run'	run	router.post(PREFIX + '/run-m1', summary='Run watershed M1 likelihood calculations', description='Requires Bearer rq:enqueue and authorized run access. See the production M1 contract.', tags=['rq-engine', 'runs'], operation_id=rq_operation_id('postfire_run_m1'), responses=agent_route_responses(success_code=200, success_description='Operation succeeded.', extra={400: 'Invalid request.', 404: 'No accepted file or retained candidate.', 409: 'Busy or changed project data.', 413: 'Upload limit exceeded.', 422: 'Required project data unavailable.', 503: 'Service unavailable.'}))	unchanged ordinary behavior; regression reference
wepppy/microservices/rq_engine/postfire_debris_flow_routes.py	296	POST	PREFIX + '/run-m1'	run	router.post(PREFIX + '/run', summary='Run the selected Staley model', operation_id=rq_operation_id('postfire_run'), tags=['rq-engine', 'runs'], responses=agent_route_responses(success_code=200, success_description='Job admitted.', extra={400: 'Invalid model or rainfall request.', 409: 'Busy or changed project data.', 413: 'Request too large.', 422: 'Required project data unavailable.', 503: 'Service unavailable.'}))	unchanged ordinary behavior; regression reference
wepppy/microservices/rq_engine/postfire_debris_flow_routes.py	331	GET	PREFIX + '/files/{attempt_id}/{name}'	download		unchanged ordinary behavior; regression reference
wepppy/microservices/rq_engine/postfire_debris_flow_routes.py	379	POST	PREFIX + '/selection'	selection		unchanged ordinary behavior; regression reference
wepppy/microservices/rq_engine/project_config_update_routes.py	252	GET	/runs/{runid}/{config}/project-config/update-availability	update_availability		existing ordinary behavior; conditional internal workflow/contrast resource or protected-data boundary
wepppy/microservices/rq_engine/project_config_update_routes.py	357	GET	/runs/{runid}/{config}/project-config/update-preview	update_preview		existing ordinary behavior; conditional internal workflow/contrast resource or protected-data boundary
wepppy/microservices/rq_engine/project_config_update_routes.py	624	POST	/runs/{runid}/{config}/project-config/update-apply	update_apply		existing ordinary behavior; conditional internal workflow/contrast resource or protected-data boundary
wepppy/microservices/rq_engine/project_routes.py	351	POST	/create/	create		unchanged ordinary behavior; regression reference
wepppy/microservices/rq_engine/rap_ts_routes.py	94	POST	/runs/{runid}/{config}/acquire-rap-ts	acquire_rap_ts		existing ordinary behavior; conditional internal workflow/contrast resource or protected-data boundary
wepppy/microservices/rq_engine/rhem_routes.py	44	POST	/runs/{runid}/{config}/run-rhem	run_rhem		existing ordinary behavior; conditional internal workflow/contrast resource or protected-data boundary
wepppy/microservices/rq_engine/roads_routes.py	85	POST	/runs/{runid}/{config}/prepare-roads	prepare_roads		existing ordinary behavior; conditional internal workflow/contrast resource or protected-data boundary
wepppy/microservices/rq_engine/roads_routes.py	122	POST	/runs/{runid}/{config}/run-roads	run_roads		existing ordinary behavior; conditional internal workflow/contrast resource or protected-data boundary
wepppy/microservices/rq_engine/run_sync_routes.py	179	POST	/run-sync	run_sync		unchanged ordinary behavior; regression reference
wepppy/microservices/rq_engine/run_sync_routes.py	366	GET	/run-sync/status	run_sync_status		unchanged ordinary behavior; regression reference
wepppy/microservices/rq_engine/rusle_routes.py	47	POST	/runs/{runid}/{config}/build-rusle	build_rusle		existing ordinary behavior; conditional internal workflow/contrast resource or protected-data boundary
wepppy/microservices/rq_engine/schema_defaults_routes.py	4936	GET	/runs/{runid}/{config}/geospatial-metadata	get_geospatial_metadata		existing ordinary behavior; conditional internal workflow/contrast resource or protected-data boundary
wepppy/microservices/rq_engine/schema_defaults_routes.py	5009	GET	/runs/{runid}/{config}/controllers	list_controllers		existing ordinary behavior; conditional internal workflow/contrast resource or protected-data boundary
wepppy/microservices/rq_engine/schema_defaults_routes.py	5069	GET	/runs/{runid}/{config}/controllers/{controller}/schema	get_controller_schema		existing ordinary behavior; conditional internal workflow/contrast resource or protected-data boundary
wepppy/microservices/rq_engine/schema_defaults_routes.py	5136	GET	/runs/{runid}/{config}/controllers/{controller}/hints	get_controller_hints		existing ordinary behavior; conditional internal workflow/contrast resource or protected-data boundary
wepppy/microservices/rq_engine/schema_defaults_routes.py	5205	GET	/runs/{runid}/{config}/controllers/{controller}/templates	get_controller_templates		existing ordinary behavior; conditional internal workflow/contrast resource or protected-data boundary
wepppy/microservices/rq_engine/schema_defaults_routes.py	5271	GET	/runs/{runid}/{config}/endpoints	list_run_endpoints		existing ordinary behavior; conditional internal workflow/contrast resource or protected-data boundary
wepppy/microservices/rq_engine/schema_defaults_routes.py	5339	GET	/runs/{runid}/{config}/endpoints/{operation_id}/schema	get_run_endpoint_schema		existing ordinary behavior; conditional internal workflow/contrast resource or protected-data boundary
wepppy/microservices/rq_engine/schema_defaults_routes.py	5413	GET	/runs/{runid}/{config}/endpoints/{operation_id}/defaults	get_run_endpoint_defaults		existing ordinary behavior; conditional internal workflow/contrast resource or protected-data boundary
wepppy/microservices/rq_engine/schema_defaults_routes.py	5481	GET	/runs/{runid}/{config}/endpoints/{operation_id}/errors	get_run_endpoint_errors		existing ordinary behavior; conditional internal workflow/contrast resource or protected-data boundary
wepppy/microservices/rq_engine/schema_defaults_routes.py	5547	GET	/runs/{runid}/{config}/outputs	get_outputs		existing ordinary behavior; conditional internal workflow/contrast resource or protected-data boundary
wepppy/microservices/rq_engine/session_routes.py	1000	POST	/runs/{runid}/{config}/session-token	issue_session_token		ordinary issuance unchanged; trusted origin for restricted admission only
wepppy/microservices/rq_engine/setup_discovery_routes.py	655	GET	/configs	list_configs		unchanged ordinary behavior; regression reference
wepppy/microservices/rq_engine/setup_discovery_routes.py	688	GET	/configs/{config}	get_config		unchanged ordinary behavior; regression reference
wepppy/microservices/rq_engine/setup_discovery_routes.py	728	GET	/endpoints	list_setup_endpoints		unchanged ordinary behavior; regression reference
wepppy/microservices/rq_engine/setup_discovery_routes.py	761	GET	/endpoints/{operation_id}/schema	get_setup_endpoint_schema		unchanged ordinary behavior; regression reference
wepppy/microservices/rq_engine/setup_discovery_routes.py	814	GET	/endpoints/{operation_id}/defaults	get_setup_endpoint_defaults		unchanged ordinary behavior; regression reference
wepppy/microservices/rq_engine/setup_discovery_routes.py	866	GET	/endpoints/{operation_id}/errors	get_setup_endpoint_errors		unchanged ordinary behavior; regression reference
wepppy/microservices/rq_engine/soils_routes.py	152	POST	/runs/{runid}/{config}/build-soils	build_soils		existing ordinary behavior; conditional internal workflow/contrast resource or protected-data boundary
wepppy/microservices/rq_engine/swat_routes.py	71	POST	/runs/{runid}/{config}/run-swat	run_swat		existing ordinary behavior; conditional internal workflow/contrast resource or protected-data boundary
wepppy/microservices/rq_engine/swat_routes.py	134	POST	/runs/{runid}/{config}/swat/print-prt	update_swat_print_prt		existing ordinary behavior; conditional internal workflow/contrast resource or protected-data boundary
wepppy/microservices/rq_engine/swat_routes.py	202	POST	/runs/{runid}/{config}/swat/print-prt/meta	update_swat_print_prt_meta		existing ordinary behavior; conditional internal workflow/contrast resource or protected-data boundary
wepppy/microservices/rq_engine/treatments_routes.py	98	POST	/runs/{runid}/{config}/build-treatments	build_treatments		existing ordinary behavior; conditional internal workflow/contrast resource or protected-data boundary
wepppy/microservices/rq_engine/upload_batch_runner_routes.py	137	POST	/batch/_/{batch_name}/upload-geojson	upload_geojson		batch_runner actions/private human reads; preserve public-base reads and independent scoped services
wepppy/microservices/rq_engine/upload_batch_runner_routes.py	273	POST	/batch/_/{batch_name}/upload-sbs-map	upload_sbs_map		batch_runner actions/private human reads; preserve public-base reads and independent scoped services
wepppy/microservices/rq_engine/upload_climate_routes.py	100	POST	/runs/{runid}/{config}/tasks/upload-cli/	upload_cli		existing ordinary behavior; conditional internal workflow/contrast resource or protected-data boundary
wepppy/microservices/rq_engine/upload_disturbed_routes.py	72	POST	/runs/{runid}/{config}/tasks/upload-sbs/	upload_sbs		existing ordinary behavior; conditional internal workflow/contrast resource or protected-data boundary
wepppy/microservices/rq_engine/upload_disturbed_routes.py	153	POST	/runs/{runid}/{config}/tasks/upload-cover-transform	upload_cover_transform		existing ordinary behavior; conditional internal workflow/contrast resource or protected-data boundary
wepppy/microservices/rq_engine/upload_huc_fire_routes.py	69	POST	/huc-fire/tasks/upload-sbs/	upload_huc_fire_sbs		unchanged ordinary behavior; regression reference
wepppy/microservices/rq_engine/watershed_routes.py	612	POST	/runs/{runid}/{config}/tasks/upload-dem/	upload_dem		existing ordinary behavior; conditional internal workflow/contrast resource or protected-data boundary
wepppy/microservices/rq_engine/watershed_routes.py	683	POST	/runs/{runid}/{config}/fetch-dem-and-build-channels	fetch_dem_and_build_channels		existing ordinary behavior; conditional internal workflow/contrast resource or protected-data boundary
wepppy/microservices/rq_engine/watershed_routes.py	824	POST	/runs/{runid}/{config}/set-outlet	set_outlet		existing ordinary behavior; conditional internal workflow/contrast resource or protected-data boundary
wepppy/microservices/rq_engine/watershed_routes.py	920	POST	/runs/{runid}/{config}/build-subcatchments-and-abstract-watershed	build_subcatchments_and_abstract_watershed		existing ordinary behavior; conditional internal workflow/contrast resource or protected-data boundary
wepppy/microservices/rq_engine/wepp_routes.py	225	POST	/runs/{runid}/{config}/run-wepp	run_wepp		existing ordinary behavior; conditional internal workflow/contrast resource or protected-data boundary
wepppy/microservices/rq_engine/wepp_routes.py	266	POST	/runs/{runid}/{config}/run-wepp-watershed	run_wepp_watershed		existing ordinary behavior; conditional internal workflow/contrast resource or protected-data boundary
wepppy/microservices/rq_engine/wepp_routes.py	310	POST	/runs/{runid}/{config}/prep-wepp-watershed	prep_wepp_watershed		existing ordinary behavior; conditional internal workflow/contrast resource or protected-data boundary
wepppy/query_engine/app/mcp/router.py	1136	GET	/ping	ping		unchanged ordinary behavior; regression reference
wepppy/query_engine/app/mcp/router.py	1137	GET	/runs/{runid:str}	get_run		existing ordinary behavior; conditional internal workflow/contrast resource or protected-data boundary
wepppy/query_engine/app/mcp/router.py	1138	GET	/runs/{runid:str}/catalog	get_catalog		existing ordinary behavior; conditional internal workflow/contrast resource or protected-data boundary
wepppy/query_engine/app/mcp/router.py	1139	POST	/runs/{runid:str}/activate	activate_run_endpoint		existing ordinary behavior; conditional internal workflow/contrast resource or protected-data boundary
wepppy/query_engine/app/mcp/router.py	1140	GET	/runs/{runid:str}/presets	get_presets		existing ordinary behavior; conditional internal workflow/contrast resource or protected-data boundary
wepppy/query_engine/app/mcp/router.py	1141	GET	/runs/{runid:str}/prompt-template	get_prompt_template		existing ordinary behavior; conditional internal workflow/contrast resource or protected-data boundary
wepppy/query_engine/app/mcp/router.py	1142	POST	/runs/{runid:str}/queries/validate	validate_query		existing ordinary behavior; conditional internal workflow/contrast resource or protected-data boundary
wepppy/query_engine/app/mcp/router.py	1143	POST	/runs/{runid:str}/queries/execute	execute_query		existing ordinary behavior; conditional internal workflow/contrast resource or protected-data boundary
wepppy/query_engine/app/server.py	984	GET	/health	health		unchanged ordinary behavior; regression reference
wepppy/query_engine/app/server.py	989	GET	/diagnostics/bandwidth/download	diagnostics_bandwidth_download		unchanged ordinary behavior; regression reference
wepppy/query_engine/app/server.py	995	POST	/diagnostics/bandwidth/upload	diagnostics_bandwidth_upload		unchanged ordinary behavior; regression reference
wepppy/query_engine/app/server.py	1001	GET	/	homepage		unchanged ordinary behavior; regression reference
wepppy/query_engine/app/server.py	1002	GET,POST	/runs/{runid:path}/activate	activate_run		existing ordinary behavior; conditional internal workflow/contrast resource or protected-data boundary
wepppy/query_engine/app/server.py	1003	GET,POST	/runs/{runid:path}/activate/	activate_run		existing ordinary behavior; conditional internal workflow/contrast resource or protected-data boundary
wepppy/query_engine/app/server.py	1004	GET	/runs/{runid:path}/schema	run_schema		existing ordinary behavior; conditional internal workflow/contrast resource or protected-data boundary
wepppy/query_engine/app/server.py	1005	GET	/runs/{runid:path}/schema/	run_schema		existing ordinary behavior; conditional internal workflow/contrast resource or protected-data boundary
wepppy/query_engine/app/server.py	1006	GET	/runs/{runid:path}/query	make_query_endpoint		existing ordinary behavior; conditional internal workflow/contrast resource or protected-data boundary
wepppy/query_engine/app/server.py	1007	POST	/runs/{runid:path}/query	run_query_endpoint		existing ordinary behavior; conditional internal workflow/contrast resource or protected-data boundary
wepppy/query_engine/app/server.py	1008	GET	/runs/{runid:path}/query/	make_query_endpoint		existing ordinary behavior; conditional internal workflow/contrast resource or protected-data boundary
wepppy/query_engine/app/server.py	1009	POST	/runs/{runid:path}/query/	run_query_endpoint		existing ordinary behavior; conditional internal workflow/contrast resource or protected-data boundary
wepppy/query_engine/app/server.py	1010	GET	/runs/{runid:path}	run_info		existing ordinary behavior; conditional internal workflow/contrast resource or protected-data boundary
wepppy/query_engine/app/server.py	1011	GET	/runs/{runid:path}/	run_info		existing ordinary behavior; conditional internal workflow/contrast resource or protected-data boundary
wepppy/query_engine/app/server.py	1012	GET	/docs/mcp_openapi.yaml	mcp_openapi_spec		unchanged ordinary behavior; regression reference
wepppy/weppcloud/routes/admin.py	24	GET	/runs/<string:runid>/<config>/access-log	view_access_log	login_required; roles_required('Admin', 'Root'); handle_with_exception_factory	existing ordinary behavior; conditional internal workflow/contrast resource or protected-data boundary
wepppy/weppcloud/routes/admin.py	40	GET	/dev/runid_query	runid_query	roles_required('Admin', 'Root'); handle_with_exception_factory	unchanged ordinary behavior; regression reference
wepppy/weppcloud/routes/admin.py	57	GET	/usermod	usermod	roles_required('Root'); handle_with_exception_factory	unchanged ordinary behavior; regression reference
wepppy/weppcloud/routes/admin.py	64	POST	/tasks/usermod/	task_usermod	roles_required('Root'); handle_with_exception_factory	unchanged ordinary behavior; regression reference
wepppy/weppcloud/routes/archive_dashboard/archive_dashboard.py	62	GET	/runs/<string:runid>/<string:config>/rq-archive-dashboard	rq_archive_dashboard	login_required	existing ordinary behavior; conditional internal workflow/contrast resource or protected-data boundary
wepppy/weppcloud/routes/archive_dashboard/archive_dashboard.py	77	GET	/runs/<string:runid>/<string:config>/rq-archive-dashboard/archives	rq_archive_list	login_required; authorize_and_handle_with_exception_factory; run_lifecycle_mutation	existing ordinary behavior; conditional internal workflow/contrast resource or protected-data boundary
wepppy/weppcloud/routes/batch_runner/batch_runner_bp.py	207	GET,POST	/batch/create/	create_batch_project	_batch_roles_required('Admin'); handle_with_exception_factory	batch_runner actions/private human reads; preserve public-base reads and independent scoped services
wepppy/weppcloud/routes/batch_runner/batch_runner_bp.py	252	GET	/batch/_/<string:batch_name>/	view_batch	_batch_roles_required('Admin'); handle_with_exception_factory	batch_runner actions/private human reads; preserve public-base reads and independent scoped services
wepppy/weppcloud/routes/batch_runner/batch_runner_bp.py	305	GET	/batch/_/<string:batch_name>/gl-dashboard	gl_dashboard_batch	_batch_roles_required('Admin'); handle_with_exception_factory	batch_runner actions/private human reads; preserve public-base reads and independent scoped services
wepppy/weppcloud/routes/batch_runner/batch_runner_bp.py	384	POST	/batch/_/<string:batch_name>/run-directives	update_run_directives	_batch_roles_required('Admin'); handle_with_exception_factory	batch_runner actions/private human reads; preserve public-base reads and independent scoped services
wepppy/weppcloud/routes/batch_runner/batch_runner_bp.py	418	POST	/batch/_/<string:batch_name>/validate-template	validate_template	_batch_roles_required('Admin'); handle_with_exception_factory	batch_runner actions/private human reads; preserve public-base reads and independent scoped services
wepppy/weppcloud/routes/batch_runner/batch_runner_bp.py	467	GET	/batch/_/<string:batch_name>/runstate	runstate	_batch_roles_required('Admin'); handle_with_exception_factory	batch_runner actions/private human reads; preserve public-base reads and independent scoped services
wepppy/weppcloud/routes/command_bar/command_bar.py	71	POST	/runs/<string:runid>/<config>/command_bar/loglevel	set_log_level		existing ordinary behavior; conditional internal workflow/contrast resource or protected-data boundary
wepppy/weppcloud/routes/command_bar/command_bar.py	110	GET	/runs/<string:runid>/<config>/command_bar/locks	get_lock_statuses		existing ordinary behavior; conditional internal workflow/contrast resource or protected-data boundary
wepppy/weppcloud/routes/command_bar/command_bar.py	152	GET	/runs/<string:runid>/<config>/command_bar/directory_locks	get_directory_lock_statuses		existing ordinary behavior; conditional internal workflow/contrast resource or protected-data boundary
wepppy/weppcloud/routes/command_bar/command_bar.py	170	POST	/runs/<string:runid>/<config>/command_bar/clear_directory_locks	clear_directory_lock_statuses		existing ordinary behavior; conditional internal workflow/contrast resource or protected-data boundary
wepppy/weppcloud/routes/command_bar/command_bar.py	251	POST	/runs/<string:runid>/<config>/command_bar/query_engine_mcp_token	issue_query_engine_mcp_token	authorize_and_handle_with_exception_factory	existing ordinary behavior; conditional internal workflow/contrast resource or protected-data boundary
wepppy/weppcloud/routes/fork_console/fork_console.py	64	GET	/runs/<string:runid>/<config>/rq-fork-console	rq_fork_console	fork_bp.route('/runs/<string:runid>/<config>/rq-fork-console/', strict_slashes=False)	existing ordinary behavior; conditional internal workflow/contrast resource or protected-data boundary
wepppy/weppcloud/routes/fork_console/fork_console.py	64	GET	/runs/<string:runid>/<config>/rq-fork-console/	rq_fork_console	fork_bp.route('/runs/<string:runid>/<config>/rq-fork-console', strict_slashes=False)	existing ordinary behavior; conditional internal workflow/contrast resource or protected-data boundary
wepppy/weppcloud/routes/fork_console/fork_console.py	110	GET	/runs/<string:runid>/<config>/rq-fork-console/readiness/<string:job_id>/<string:destination_runid>	fork_destination_readiness		existing ordinary behavior; conditional internal workflow/contrast resource or protected-data boundary
wepppy/weppcloud/routes/gl_dashboard.py	121	GET	/runs/<string:runid>/<config>/gl-dashboard	gl_dashboard		project only contrast entries for unentitled callers; ordinary dashboard unchanged
wepppy/weppcloud/routes/nodb_api/climate_bp.py	435	POST	/runs/<string:runid>/<config>/tasks/set_climatestation_mode/	set_climatestation_mode	authorize_and_handle_with_exception_factory	existing ordinary behavior; conditional internal workflow/contrast resource or protected-data boundary
wepppy/weppcloud/routes/nodb_api/climate_bp.py	489	POST	/runs/<string:runid>/<config>/tasks/set_climatestation/	set_climatestation	authorize_and_handle_with_exception_factory	existing ordinary behavior; conditional internal workflow/contrast resource or protected-data boundary
wepppy/weppcloud/routes/nodb_api/climate_bp.py	519	GET	/runs/<string:runid>/<config>/query/climatestation	query_climatestation	climate_bp.route('/runs/<string:runid>/<config>/query/climatestation/')	existing ordinary behavior; conditional internal workflow/contrast resource or protected-data boundary
wepppy/weppcloud/routes/nodb_api/climate_bp.py	519	GET	/runs/<string:runid>/<config>/query/climatestation/	query_climatestation	climate_bp.route('/runs/<string:runid>/<config>/query/climatestation')	existing ordinary behavior; conditional internal workflow/contrast resource or protected-data boundary
wepppy/weppcloud/routes/nodb_api/climate_bp.py	535	GET	/runs/<string:runid>/<config>/query/climate_has_observed	query_climate_has_observed	climate_bp.route('/runs/<string:runid>/<config>/query/climate_has_observed/')	existing ordinary behavior; conditional internal workflow/contrast resource or protected-data boundary
wepppy/weppcloud/routes/nodb_api/climate_bp.py	535	GET	/runs/<string:runid>/<config>/query/climate_has_observed/	query_climate_has_observed	climate_bp.route('/runs/<string:runid>/<config>/query/climate_has_observed')	existing ordinary behavior; conditional internal workflow/contrast resource or protected-data boundary
wepppy/weppcloud/routes/nodb_api/climate_bp.py	552	GET	/runs/<string:runid>/<config>/query/climate_catalog	query_climate_catalog	climate_bp.route('/runs/<string:runid>/<config>/query/climate_catalog/'); authorize_and_handle_with_exception_factory	existing ordinary behavior; conditional internal workflow/contrast resource or protected-data boundary
wepppy/weppcloud/routes/nodb_api/climate_bp.py	552	GET	/runs/<string:runid>/<config>/query/climate_catalog/	query_climate_catalog	climate_bp.route('/runs/<string:runid>/<config>/query/climate_catalog'); authorize_and_handle_with_exception_factory	existing ordinary behavior; conditional internal workflow/contrast resource or protected-data boundary
wepppy/weppcloud/routes/nodb_api/climate_bp.py	576	GET	/runs/<string:runid>/<config>/report/climate/	report_climate	requires_cap(gate_reason='Complete verification to view climate reports.'); handle_with_exception_factory	existing ordinary behavior; conditional internal workflow/contrast resource or protected-data boundary
wepppy/weppcloud/routes/nodb_api/climate_bp.py	600	POST	/runs/<string:runid>/<config>/tasks/set_climate_mode/	set_climate_mode	authorize_and_handle_with_exception_factory	existing ordinary behavior; conditional internal workflow/contrast resource or protected-data boundary
wepppy/weppcloud/routes/nodb_api/climate_bp.py	678	POST	/runs/<string:runid>/<config>/tasks/set_climate_spatialmode/	set_climate_spatialmode	authorize_and_handle_with_exception_factory	existing ordinary behavior; conditional internal workflow/contrast resource or protected-data boundary
wepppy/weppcloud/routes/nodb_api/climate_bp.py	730	GET	/runs/<string:runid>/<config>/view/closest_stations/	view_closest_stations		existing ordinary behavior; conditional internal workflow/contrast resource or protected-data boundary
wepppy/weppcloud/routes/nodb_api/climate_bp.py	767	GET	/runs/<string:runid>/<config>/view/heuristic_stations/	view_heuristic_stations		existing ordinary behavior; conditional internal workflow/contrast resource or protected-data boundary
wepppy/weppcloud/routes/nodb_api/climate_bp.py	811	GET	/runs/<string:runid>/<config>/view/par/	view_station_par		existing ordinary behavior; conditional internal workflow/contrast resource or protected-data boundary
wepppy/weppcloud/routes/nodb_api/climate_bp.py	828	GET	/runs/<string:runid>/<config>/view/eu_heuristic_stations/	view_eu_heuristic_stations		existing ordinary behavior; conditional internal workflow/contrast resource or protected-data boundary
wepppy/weppcloud/routes/nodb_api/climate_bp.py	862	GET	/runs/<string:runid>/<config>/view/au_heuristic_stations/	view_au_heuristic_stations		existing ordinary behavior; conditional internal workflow/contrast resource or protected-data boundary
wepppy/weppcloud/routes/nodb_api/climate_bp.py	897	GET	/runs/<string:runid>/<config>/view/climate_monthlies	view_climate_monthlies	climate_bp.route('/runs/<string:runid>/<config>/view/climate_monthlies/')	existing ordinary behavior; conditional internal workflow/contrast resource or protected-data boundary
wepppy/weppcloud/routes/nodb_api/climate_bp.py	897	GET	/runs/<string:runid>/<config>/view/climate_monthlies/	view_climate_monthlies	climate_bp.route('/runs/<string:runid>/<config>/view/climate_monthlies')	existing ordinary behavior; conditional internal workflow/contrast resource or protected-data boundary
wepppy/weppcloud/routes/nodb_api/climate_bp.py	932	POST	/runs/<string:runid>/<config>/tasks/set_use_gridmet_wind_when_applicable	task_set_use_gridmet_wind_when_applicable	climate_bp.route('/runs/<string:runid>/<config>/tasks/set_use_gridmet_wind_when_applicable/', methods=['POST']); authorize_and_handle_with_exception_factory	existing ordinary behavior; conditional internal workflow/contrast resource or protected-data boundary
wepppy/weppcloud/routes/nodb_api/climate_bp.py	932	POST	/runs/<string:runid>/<config>/tasks/set_use_gridmet_wind_when_applicable/	task_set_use_gridmet_wind_when_applicable	climate_bp.route('/runs/<string:runid>/<config>/tasks/set_use_gridmet_wind_when_applicable', methods=['POST']); authorize_and_handle_with_exception_factory	existing ordinary behavior; conditional internal workflow/contrast resource or protected-data boundary
wepppy/weppcloud/routes/nodb_api/climate_bp.py	969	POST	/runs/<string:runid>/<config>/tasks/set_adjust_mx_pt5	task_set_adjust_mx_pt5	climate_bp.route('/runs/<string:runid>/<config>/tasks/set_adjust_mx_pt5/', methods=['POST']); authorize_and_handle_with_exception_factory	existing ordinary behavior; conditional internal workflow/contrast resource or protected-data boundary
wepppy/weppcloud/routes/nodb_api/climate_bp.py	969	POST	/runs/<string:runid>/<config>/tasks/set_adjust_mx_pt5/	task_set_adjust_mx_pt5	climate_bp.route('/runs/<string:runid>/<config>/tasks/set_adjust_mx_pt5', methods=['POST']); authorize_and_handle_with_exception_factory	existing ordinary behavior; conditional internal workflow/contrast resource or protected-data boundary
wepppy/weppcloud/routes/nodb_api/climate_bp.py	999	POST	/runs/<string:runid>/<config>/tasks/set_silent_pass_observed_quality_guard	task_set_silent_pass_observed_quality_guard	climate_bp.route('/runs/<string:runid>/<config>/tasks/set_silent_pass_observed_quality_guard/', methods=['POST']); authorize_and_handle_with_exception_factory	existing ordinary behavior; conditional internal workflow/contrast resource or protected-data boundary
wepppy/weppcloud/routes/nodb_api/climate_bp.py	999	POST	/runs/<string:runid>/<config>/tasks/set_silent_pass_observed_quality_guard/	task_set_silent_pass_observed_quality_guard	climate_bp.route('/runs/<string:runid>/<config>/tasks/set_silent_pass_observed_quality_guard', methods=['POST']); authorize_and_handle_with_exception_factory	existing ordinary behavior; conditional internal workflow/contrast resource or protected-data boundary
wepppy/weppcloud/routes/nodb_api/debris_flow_bp.py	26	GET	/runs/<string:runid>/<config>/report/debris_flow	report_debris_flow	debris_flow_bp.route('/runs/<string:runid>/<config>/report/debris_flow/'); requires_cap(gate_reason='Complete verification to view debris flow reports.'); authorize_and_handle_with_exception_factory	existing ordinary behavior; conditional internal workflow/contrast resource or protected-data boundary
wepppy/weppcloud/routes/nodb_api/debris_flow_bp.py	26	GET	/runs/<string:runid>/<config>/report/debris_flow/	report_debris_flow	debris_flow_bp.route('/runs/<string:runid>/<config>/report/debris_flow'); requires_cap(gate_reason='Complete verification to view debris flow reports.'); authorize_and_handle_with_exception_factory	existing ordinary behavior; conditional internal workflow/contrast resource or protected-data boundary
wepppy/weppcloud/routes/nodb_api/disturbed_bp.py	234	POST	/runs/<string:runid>/<config>/tasks/set_lookup_variant	task_set_lookup_variant	authorize_and_handle_with_exception_factory	existing ordinary behavior; conditional internal workflow/contrast resource or protected-data boundary
wepppy/weppcloud/routes/nodb_api/disturbed_bp.py	268	GET	/runs/<string:runid>/<config>/modify_disturbed	modify_disturbed	authorize_and_handle_with_exception_factory	existing ordinary behavior; conditional internal workflow/contrast resource or protected-data boundary
wepppy/weppcloud/routes/nodb_api/disturbed_bp.py	317	POST	/runs/<string:runid>/<config>/tasks/reset_disturbed	reset_disturbed	authorize_and_handle_with_exception_factory	existing ordinary behavior; conditional internal workflow/contrast resource or protected-data boundary
wepppy/weppcloud/routes/nodb_api/disturbed_bp.py	329	POST	/runs/<string:runid>/<config>/tasks/load_extended_land_soil_lookup	load_extended_land_soil_lookup	authorize_and_handle_with_exception_factory	existing ordinary behavior; conditional internal workflow/contrast resource or protected-data boundary
wepppy/weppcloud/routes/nodb_api/disturbed_bp.py	343	POST	/runs/<string:runid>/<config>/tasks/delete_extended_land_soil_lookup	delete_extended_land_soil_lookup	authorize_and_handle_with_exception_factory	existing ordinary behavior; conditional internal workflow/contrast resource or protected-data boundary
wepppy/weppcloud/routes/nodb_api/disturbed_bp.py	374	POST	/runs/<string:runid>/<config>/tasks/sync_base_to_extended_land_soil_lookup	sync_base_to_extended_land_soil_lookup	authorize_and_handle_with_exception_factory	existing ordinary behavior; conditional internal workflow/contrast resource or protected-data boundary
wepppy/weppcloud/routes/nodb_api/disturbed_bp.py	389	GET	/runs/<string:runid>/<config>/api/disturbed/has_sbs	has_sbs	disturbed_bp.route('/runs/<string:runid>/<config>/api/disturbed/has_sbs/'); authorize_and_handle_with_exception_factory	existing ordinary behavior; conditional internal workflow/contrast resource or protected-data boundary
wepppy/weppcloud/routes/nodb_api/disturbed_bp.py	389	GET	/runs/<string:runid>/<config>/api/disturbed/has_sbs/	has_sbs	disturbed_bp.route('/runs/<string:runid>/<config>/api/disturbed/has_sbs'); authorize_and_handle_with_exception_factory	existing ordinary behavior; conditional internal workflow/contrast resource or protected-data boundary
wepppy/weppcloud/routes/nodb_api/disturbed_bp.py	401	GET	/runs/<string:runid>/<config>/api/disturbed/lookup_meta	lookup_disturbed_lookup_meta	authorize_and_handle_with_exception_factory	existing ordinary behavior; conditional internal workflow/contrast resource or protected-data boundary
wepppy/weppcloud/routes/nodb_api/disturbed_bp.py	432	GET	/runs/<string:runid>/<config>/api/disturbed/lookup_snapshot	lookup_disturbed_lookup_snapshot	authorize_and_handle_with_exception_factory	existing ordinary behavior; conditional internal workflow/contrast resource or protected-data boundary
wepppy/weppcloud/routes/nodb_api/disturbed_bp.py	455	POST	/runs/<string:runid>/<config>/tasks/modify_disturbed	task_modify_disturbed	authorize_and_handle_with_exception_factory	existing ordinary behavior; conditional internal workflow/contrast resource or protected-data boundary
wepppy/weppcloud/routes/nodb_api/disturbed_bp.py	589	GET	/runs/<string:runid>/<config>/query/baer_wgs_map	query_baer_wgs_bounds	disturbed_bp.route('/runs/<string:runid>/<config>/query/baer_wgs_map/'); authorize_and_handle_with_exception_factory	existing ordinary behavior; conditional internal workflow/contrast resource or protected-data boundary
wepppy/weppcloud/routes/nodb_api/disturbed_bp.py	589	GET	/runs/<string:runid>/<config>/query/baer_wgs_map/	query_baer_wgs_bounds	disturbed_bp.route('/runs/<string:runid>/<config>/query/baer_wgs_map'); authorize_and_handle_with_exception_factory	existing ordinary behavior; conditional internal workflow/contrast resource or protected-data boundary
wepppy/weppcloud/routes/nodb_api/disturbed_bp.py	609	GET	/runs/<string:runid>/<config>/view/modify_burn_class	query_baer_class_map	authorize_and_handle_with_exception_factory	existing ordinary behavior; conditional internal workflow/contrast resource or protected-data boundary
wepppy/weppcloud/routes/nodb_api/disturbed_bp.py	630	POST	/runs/<string:runid>/<config>/tasks/modify_burn_class	task_baer_class_map	authorize_and_handle_with_exception_factory	existing ordinary behavior; conditional internal workflow/contrast resource or protected-data boundary
wepppy/weppcloud/routes/nodb_api/disturbed_bp.py	671	POST	/runs/<string:runid>/<config>/tasks/modify_color_map	task_baer_modify_color_map	authorize_and_handle_with_exception_factory	existing ordinary behavior; conditional internal workflow/contrast resource or protected-data boundary
wepppy/weppcloud/routes/nodb_api/disturbed_bp.py	706	GET	/runs/<string:runid>/<config>/resources/baer.png	resources_baer_sbs		existing ordinary behavior; conditional internal workflow/contrast resource or protected-data boundary
wepppy/weppcloud/routes/nodb_api/disturbed_bp.py	731	POST	/runs/<string:runid>/<config>/tasks/set_firedate/	set_firedate	authorize_and_handle_with_exception_factory	existing ordinary behavior; conditional internal workflow/contrast resource or protected-data boundary
wepppy/weppcloud/routes/nodb_api/disturbed_bp.py	751	POST	/runs/<string:runid>/<config>/tasks/remove_sbs	task_remove_sbs	authorize_and_handle_with_exception_factory	existing ordinary behavior; conditional internal workflow/contrast resource or protected-data boundary
wepppy/weppcloud/routes/nodb_api/disturbed_bp.py	773	POST	/runs/<string:runid>/<config>/tasks/build_uniform_sbs	task_build_uniform_sbs	disturbed_bp.route('/runs/<string:runid>/<config>/tasks/build_uniform_sbs/<value>', methods=['POST']); authorize_and_handle_with_exception_factory	existing ordinary behavior; conditional internal workflow/contrast resource or protected-data boundary
wepppy/weppcloud/routes/nodb_api/disturbed_bp.py	773	POST	/runs/<string:runid>/<config>/tasks/build_uniform_sbs/<value>	task_build_uniform_sbs	disturbed_bp.route('/runs/<string:runid>/<config>/tasks/build_uniform_sbs', methods=['POST']); authorize_and_handle_with_exception_factory	existing ordinary behavior; conditional internal workflow/contrast resource or protected-data boundary
wepppy/weppcloud/routes/nodb_api/geneva_bp.py	317	GET	/runs/<string:runid>/<config>/api/geneva/config	geneva_get_config	authorize_and_handle_with_exception_factory	existing ordinary behavior; conditional internal workflow/contrast resource or protected-data boundary
wepppy/weppcloud/routes/nodb_api/geneva_bp.py	327	POST	/runs/<string:runid>/<config>/api/geneva/config	geneva_set_config	authorize_and_handle_with_exception_factory	existing ordinary behavior; conditional internal workflow/contrast resource or protected-data boundary
wepppy/weppcloud/routes/nodb_api/geneva_bp.py	363	POST	/runs/<string:runid>/<config>/tasks/geneva/prepare_hrus	task_geneva_prepare_hrus	authorize_and_handle_with_exception_factory	existing ordinary behavior; conditional internal workflow/contrast resource or protected-data boundary
wepppy/weppcloud/routes/nodb_api/geneva_bp.py	422	POST	/runs/<string:runid>/<config>/tasks/geneva/build_frequency_panel	task_geneva_build_frequency_panel	authorize_and_handle_with_exception_factory	existing ordinary behavior; conditional internal workflow/contrast resource or protected-data boundary
wepppy/weppcloud/routes/nodb_api/geneva_bp.py	451	POST	/runs/<string:runid>/<config>/tasks/geneva/run_batch	task_geneva_run_batch	authorize_and_handle_with_exception_factory	existing ordinary behavior; conditional internal workflow/contrast resource or protected-data boundary
wepppy/weppcloud/routes/nodb_api/geneva_bp.py	479	GET	/runs/<string:runid>/<config>/api/geneva/status	geneva_status	authorize_and_handle_with_exception_factory	existing ordinary behavior; conditional internal workflow/contrast resource or protected-data boundary
wepppy/weppcloud/routes/nodb_api/geneva_bp.py	489	GET	/runs/<string:runid>/<config>/api/geneva/results	geneva_results	authorize_and_handle_with_exception_factory	existing ordinary behavior; conditional internal workflow/contrast resource or protected-data boundary
wepppy/weppcloud/routes/nodb_api/geneva_bp.py	499	GET	/runs/<string:runid>/<config>/api/geneva/frequency_panel	geneva_frequency_panel	authorize_and_handle_with_exception_factory	existing ordinary behavior; conditional internal workflow/contrast resource or protected-data boundary
wepppy/weppcloud/routes/nodb_api/geneva_bp.py	513	GET	/runs/<string:runid>/<config>/query/geneva/summary	query_geneva_summary	authorize_and_handle_with_exception_factory	existing ordinary behavior; conditional internal workflow/contrast resource or protected-data boundary
wepppy/weppcloud/routes/nodb_api/geneva_bp.py	540	POST	/runs/<string:runid>/<config>/query/geneva/hru_map_rows	query_geneva_hru_map_rows	authorize_and_handle_with_exception_factory	existing ordinary behavior; conditional internal workflow/contrast resource or protected-data boundary
wepppy/weppcloud/routes/nodb_api/geneva_bp.py	570	POST	/runs/<string:runid>/<config>/query/geneva/hru_map_features	query_geneva_hru_map_features	authorize_and_handle_with_exception_factory	existing ordinary behavior; conditional internal workflow/contrast resource or protected-data boundary
wepppy/weppcloud/routes/nodb_api/geneva_bp.py	588	GET	/runs/<string:runid>/<config>/report/geneva/summary	report_geneva_summary	authorize_and_handle_with_exception_factory	existing ordinary behavior; conditional internal workflow/contrast resource or protected-data boundary
wepppy/weppcloud/routes/nodb_api/geneva_bp.py	633	GET	/runs/<string:runid>/<config>/modify_geneva_cn_table	modify_geneva_cn_table	authorize_and_handle_with_exception_factory	existing ordinary behavior; conditional internal workflow/contrast resource or protected-data boundary
wepppy/weppcloud/routes/nodb_api/geneva_bp.py	683	GET	/runs/<string:runid>/<config>/api/geneva/cn_table_meta	lookup_geneva_cn_table_meta	authorize_and_handle_with_exception_factory	existing ordinary behavior; conditional internal workflow/contrast resource or protected-data boundary
wepppy/weppcloud/routes/nodb_api/geneva_bp.py	700	GET	/runs/<string:runid>/<config>/api/geneva/cn_table_snapshot	lookup_geneva_cn_table_snapshot	authorize_and_handle_with_exception_factory	existing ordinary behavior; conditional internal workflow/contrast resource or protected-data boundary
wepppy/weppcloud/routes/nodb_api/geneva_bp.py	717	POST	/runs/<string:runid>/<config>/tasks/modify_geneva_cn_table	task_modify_geneva_cn_table	authorize_and_handle_with_exception_factory	existing ordinary behavior; conditional internal workflow/contrast resource or protected-data boundary
wepppy/weppcloud/routes/nodb_api/geneva_bp.py	793	POST	/runs/<string:runid>/<config>/tasks/reset_geneva_cn_table	task_reset_geneva_cn_table	authorize_and_handle_with_exception_factory	existing ordinary behavior; conditional internal workflow/contrast resource or protected-data boundary
wepppy/weppcloud/routes/nodb_api/interchange_bp.py	69	POST	/runs/<string:runid>/<config>/tasks/interchange/migrate	migrate_default_interchange	authorize_and_handle_with_exception_factory	existing ordinary behavior; conditional internal workflow/contrast resource or protected-data boundary
wepppy/weppcloud/routes/nodb_api/landuse_bp.py	613	GET	/runs/<string:runid>/<config>/query/landuse	query_landuse	landuse_bp.route('/runs/<string:runid>/<config>/query/landuse/'); authorize_and_handle_with_exception_factory	existing ordinary behavior; conditional internal workflow/contrast resource or protected-data boundary
wepppy/weppcloud/routes/nodb_api/landuse_bp.py	613	GET	/runs/<string:runid>/<config>/query/landuse/	query_landuse	landuse_bp.route('/runs/<string:runid>/<config>/query/landuse'); authorize_and_handle_with_exception_factory	existing ordinary behavior; conditional internal workflow/contrast resource or protected-data boundary
wepppy/weppcloud/routes/nodb_api/landuse_bp.py	622	GET	/runs/<string:runid>/<config>/query/landuse/subcatchments	query_landuse_subcatchments	landuse_bp.route('/runs/<string:runid>/<config>/query/landuse/subcatchments/'); authorize_and_handle_with_exception_factory	existing ordinary behavior; conditional internal workflow/contrast resource or protected-data boundary
wepppy/weppcloud/routes/nodb_api/landuse_bp.py	622	GET	/runs/<string:runid>/<config>/query/landuse/subcatchments/	query_landuse_subcatchments	landuse_bp.route('/runs/<string:runid>/<config>/query/landuse/subcatchments'); authorize_and_handle_with_exception_factory	existing ordinary behavior; conditional internal workflow/contrast resource or protected-data boundary
wepppy/weppcloud/routes/nodb_api/landuse_bp.py	631	GET	/runs/<string:runid>/<config>/query/landuse/channels	query_landuse_channels	landuse_bp.route('/runs/<string:runid>/<config>/query/landuse/channels/'); authorize_and_handle_with_exception_factory	existing ordinary behavior; conditional internal workflow/contrast resource or protected-data boundary
wepppy/weppcloud/routes/nodb_api/landuse_bp.py	631	GET	/runs/<string:runid>/<config>/query/landuse/channels/	query_landuse_channels	landuse_bp.route('/runs/<string:runid>/<config>/query/landuse/channels'); authorize_and_handle_with_exception_factory	existing ordinary behavior; conditional internal workflow/contrast resource or protected-data boundary
wepppy/weppcloud/routes/nodb_api/landuse_bp.py	641	GET	/runs/<string:runid>/<config>/report/landuse	report_landuse	landuse_bp.route('/runs/<string:runid>/<config>/report/landuse/'); authorize_and_handle_with_exception_factory; requires_cap(gate_reason='Complete verification to view landuse reports.')	existing ordinary behavior; conditional internal workflow/contrast resource or protected-data boundary
wepppy/weppcloud/routes/nodb_api/landuse_bp.py	641	GET	/runs/<string:runid>/<config>/report/landuse/	report_landuse	landuse_bp.route('/runs/<string:runid>/<config>/report/landuse'); authorize_and_handle_with_exception_factory; requires_cap(gate_reason='Complete verification to view landuse reports.')	existing ordinary behavior; conditional internal workflow/contrast resource or protected-data boundary
wepppy/weppcloud/routes/nodb_api/landuse_bp.py	683	GET	/runs/<string:runid>/<config>/landuse-user-defined	view_landuse_user_defined	authorize_and_handle_with_exception_factory	existing ordinary behavior; conditional internal workflow/contrast resource or protected-data boundary
wepppy/weppcloud/routes/nodb_api/landuse_bp.py	716	GET	/runs/<string:runid>/<config>/landuse-map	view_landuse_map	authorize_and_handle_with_exception_factory	existing ordinary behavior; conditional internal workflow/contrast resource or protected-data boundary
wepppy/weppcloud/routes/nodb_api/landuse_bp.py	751	GET	/runs/<string:runid>/<config>/query/landuse/cover/subcatchments	query_landuse_cover_subcatchments	landuse_bp.route('/runs/<string:runid>/<config>/query/landuse/cover/subcatchments/'); authorize_and_handle_with_exception_factory	existing ordinary behavior; conditional internal workflow/contrast resource or protected-data boundary
wepppy/weppcloud/routes/nodb_api/landuse_bp.py	751	GET	/runs/<string:runid>/<config>/query/landuse/cover/subcatchments/	query_landuse_cover_subcatchments	landuse_bp.route('/runs/<string:runid>/<config>/query/landuse/cover/subcatchments'); authorize_and_handle_with_exception_factory	existing ordinary behavior; conditional internal workflow/contrast resource or protected-data boundary
wepppy/weppcloud/routes/nodb_api/observed_bp.py	21	POST	/runs/<string:runid>/<config>/tasks/run_model_fit	submit_task_run_model_fit	observed_bp.route('/runs/<string:runid>/<config>/tasks/run_model_fit/', methods=['POST']); authorize_and_handle_with_exception_factory	existing ordinary behavior; conditional internal workflow/contrast resource or protected-data boundary
wepppy/weppcloud/routes/nodb_api/observed_bp.py	21	POST	/runs/<string:runid>/<config>/tasks/run_model_fit/	submit_task_run_model_fit	observed_bp.route('/runs/<string:runid>/<config>/tasks/run_model_fit', methods=['POST']); authorize_and_handle_with_exception_factory	existing ordinary behavior; conditional internal workflow/contrast resource or protected-data boundary
wepppy/weppcloud/routes/nodb_api/observed_bp.py	66	GET	/runs/<string:runid>/<config>/report/observed	report_observed	observed_bp.route('/runs/<string:runid>/<config>/report/observed/'); authorize_and_handle_with_exception_factory; requires_cap(gate_reason='Complete verification to view observed reports.')	existing ordinary behavior; conditional internal workflow/contrast resource or protected-data boundary
wepppy/weppcloud/routes/nodb_api/observed_bp.py	66	GET	/runs/<string:runid>/<config>/report/observed/	report_observed	observed_bp.route('/runs/<string:runid>/<config>/report/observed'); authorize_and_handle_with_exception_factory; requires_cap(gate_reason='Complete verification to view observed reports.')	existing ordinary behavior; conditional internal workflow/contrast resource or protected-data boundary
wepppy/weppcloud/routes/nodb_api/observed_bp.py	140	GET	/runs/<string:runid>/<config>/resources/observed/<file>	resources_observed_data	authorize_and_handle_with_exception_factory	existing ordinary behavior; conditional internal workflow/contrast resource or protected-data boundary
wepppy/weppcloud/routes/nodb_api/omni_bp.py	139	GET	/runs/<string:runid>/<config>/api/omni/get_scenarios	get_scenarios		existing ordinary behavior; conditional internal workflow/contrast resource or protected-data boundary
wepppy/weppcloud/routes/nodb_api/omni_bp.py	153	GET	/runs/<string:runid>/<config>/api/omni/get_scenario_run_state	get_scenario_run_state		existing ordinary behavior; conditional internal workflow/contrast resource or protected-data boundary
wepppy/weppcloud/routes/nodb_api/omni_bp.py	173	POST	/runs/<string:runid>/<config>/api/omni/delete_scenarios	delete_scenarios	authorize_and_handle_with_exception_factory	existing ordinary behavior; conditional internal workflow/contrast resource or protected-data boundary
wepppy/weppcloud/routes/nodb_api/omni_bp.py	198	GET	/runs/<string:runid>/<config>/tasks/omni_migration	omni_migration	authorize_and_handle_with_exception_factory; run_lifecycle_mutation	existing ordinary behavior; conditional internal workflow/contrast resource or protected-data boundary
wepppy/weppcloud/routes/nodb_api/omni_bp.py	214	GET	/runs/<string:runid>/<config>/report/omni_scenarios	query_omni_scenarios_report	omni_bp.route('/runs/<string:runid>/<config>/report/omni_scenarios/'); requires_cap(gate_reason='Complete verification to view Omni reports.')	existing ordinary behavior; conditional internal workflow/contrast resource or protected-data boundary
wepppy/weppcloud/routes/nodb_api/omni_bp.py	214	GET	/runs/<string:runid>/<config>/report/omni_scenarios/	query_omni_scenarios_report	omni_bp.route('/runs/<string:runid>/<config>/report/omni_scenarios'); requires_cap(gate_reason='Complete verification to view Omni reports.')	existing ordinary behavior; conditional internal workflow/contrast resource or protected-data boundary
wepppy/weppcloud/routes/nodb_api/omni_bp.py	241	GET	/runs/<string:runid>/<config>/report/omni_contrasts	query_omni_contrasts_report	omni_bp.route('/runs/<string:runid>/<config>/report/omni_contrasts/'); requires_cap(gate_reason='Complete verification to view Omni reports.')	omni_contrasts action/embargoed-read entitlement; entitled report generation remains
wepppy/weppcloud/routes/nodb_api/omni_bp.py	241	GET	/runs/<string:runid>/<config>/report/omni_contrasts/	query_omni_contrasts_report	omni_bp.route('/runs/<string:runid>/<config>/report/omni_contrasts'); requires_cap(gate_reason='Complete verification to view Omni reports.')	omni_contrasts action/embargoed-read entitlement; entitled report generation remains
wepppy/weppcloud/routes/nodb_api/path_ce_bp.py	84	GET	/runs/<string:runid>/<config>/tasks/path_cost_effective_enable	enable_path_cost_effective	authorize_and_handle_with_exception_factory; run_lifecycle_mutation	path_ce action entitlement plus contrasts on consumption; contrast read entitlement for derived results
wepppy/weppcloud/routes/nodb_api/path_ce_bp.py	130	GET	/runs/<string:runid>/<config>/api/path_ce/config	get_path_cost_effective_config	authorize_and_handle_with_exception_factory	path_ce action entitlement plus contrasts on consumption; contrast read entitlement for derived results
wepppy/weppcloud/routes/nodb_api/path_ce_bp.py	144	POST	/runs/<string:runid>/<config>/api/path_ce/config	update_path_cost_effective_config	authorize_and_handle_with_exception_factory	path_ce action entitlement plus contrasts on consumption; contrast read entitlement for derived results
wepppy/weppcloud/routes/nodb_api/path_ce_bp.py	164	GET	/runs/<string:runid>/<config>/api/path_ce/status	get_path_cost_effective_status	authorize_and_handle_with_exception_factory	path_ce action entitlement plus contrasts on consumption; contrast read entitlement for derived results
wepppy/weppcloud/routes/nodb_api/path_ce_bp.py	194	GET	/runs/<string:runid>/<config>/api/path_ce/results	get_path_cost_effective_results	authorize_and_handle_with_exception_factory	path_ce action entitlement plus contrasts on consumption; contrast read entitlement for derived results
wepppy/weppcloud/routes/nodb_api/path_ce_bp.py	210	POST	/runs/<string:runid>/<config>/tasks/path_cost_effective_run	run_path_cost_effective	authorize_and_handle_with_exception_factory	path_ce action entitlement plus contrasts on consumption; contrast read entitlement for derived results
wepppy/weppcloud/routes/nodb_api/postfire_report_bp.py	119	GET	_PREFIX + '/report/postfire_debris_flow/'	report		unchanged ordinary behavior; regression reference
wepppy/weppcloud/routes/nodb_api/postfire_report_bp.py	140	GET	_PREFIX + '/query/postfire_debris_flow/'	query		unchanged ordinary behavior; regression reference
wepppy/weppcloud/routes/nodb_api/postfire_report_bp.py	151	GET	_PREFIX + '/query/postfire_debris_flow/event'	event		unchanged ordinary behavior; regression reference
wepppy/weppcloud/routes/nodb_api/postfire_report_bp.py	168	GET	_PREFIX + '/report/postfire_debris_flow/files/<name>'	attachment		unchanged ordinary behavior; regression reference
wepppy/weppcloud/routes/nodb_api/project_bp.py	275	POST	/runs/<string:runid>/<config>/tasks/clear_locks	clear_locks	roles_accepted('Admin', 'Root', 'PowerUser'); authorize_and_handle_with_exception_factory	existing ordinary behavior; conditional internal workflow/contrast resource or protected-data boundary
wepppy/weppcloud/routes/nodb_api/project_bp.py	288	POST	/runs/<string:runid>/<config>/tasks/clear_nodb_cache	clear_nodb_cache	roles_accepted('Admin', 'Root', 'PowerUser'); authorize_and_handle_with_exception_factory	existing ordinary behavior; conditional internal workflow/contrast resource or protected-data boundary
wepppy/weppcloud/routes/nodb_api/project_bp.py	305	POST	/runs/<string:runid>/<config>/tasks/delete	delete_run	project_bp.route('/runs/<string:runid>/<config>/tasks/delete/', methods=['POST']); login_required; authorize_and_handle_with_exception_factory	existing ordinary behavior; conditional internal workflow/contrast resource or protected-data boundary
wepppy/weppcloud/routes/nodb_api/project_bp.py	305	POST	/runs/<string:runid>/<config>/tasks/delete/	delete_run	project_bp.route('/runs/<string:runid>/<config>/tasks/delete', methods=['POST']); login_required; authorize_and_handle_with_exception_factory	existing ordinary behavior; conditional internal workflow/contrast resource or protected-data boundary
wepppy/weppcloud/routes/nodb_api/project_bp.py	357	GET	/runs/<string:runid>/<config>/meta/subcatchments.WGS.json	meta_subcatchmets_wgs	project_bp.route('/runs/<string:runid>/<config>/meta/subcatchments.WGS.json/'); authorize_and_handle_with_exception_factory; run_lifecycle_mutation	existing ordinary behavior; conditional internal workflow/contrast resource or protected-data boundary
wepppy/weppcloud/routes/nodb_api/project_bp.py	357	GET	/runs/<string:runid>/<config>/meta/subcatchments.WGS.json/	meta_subcatchmets_wgs	project_bp.route('/runs/<string:runid>/<config>/meta/subcatchments.WGS.json'); authorize_and_handle_with_exception_factory; run_lifecycle_mutation	existing ordinary behavior; conditional internal workflow/contrast resource or protected-data boundary
wepppy/weppcloud/routes/nodb_api/project_bp.py	374	POST	/runs/<string:runid>/<config>/tasks/adduser/	task_adduser	login_required; authorize_and_handle_with_exception_factory	existing ordinary behavior; conditional internal workflow/contrast resource or protected-data boundary
wepppy/weppcloud/routes/nodb_api/project_bp.py	449	POST	/runs/<string:runid>/<config>/tasks/removeuser/	task_removeuser	login_required; authorize_and_handle_with_exception_factory	existing ordinary behavior; conditional internal workflow/contrast resource or protected-data boundary
wepppy/weppcloud/routes/nodb_api/project_bp.py	511	GET	/runs/<string:runid>/<config>/report/users/	report_users	login_required	existing ordinary behavior; conditional internal workflow/contrast resource or protected-data boundary
wepppy/weppcloud/routes/nodb_api/project_bp.py	521	GET	/runs/<string:runid>/<config>/resources/netful.json	resources_netful_geojson	authorize_and_handle_with_exception_factory	existing ordinary behavior; conditional internal workflow/contrast resource or protected-data boundary
wepppy/weppcloud/routes/nodb_api/project_bp.py	532	GET	/runs/<string:runid>/<config>/resources/subcatchments.json	resources_subcatchments_geojson	authorize_and_handle_with_exception_factory	existing ordinary behavior; conditional internal workflow/contrast resource or protected-data boundary
wepppy/weppcloud/routes/nodb_api/project_bp.py	552	GET	/runs/<string:runid>/<config>/resources/bound.json	resources_bounds_geojson	authorize_and_handle_with_exception_factory; run_lifecycle_mutation	existing ordinary behavior; conditional internal workflow/contrast resource or protected-data boundary
wepppy/weppcloud/routes/nodb_api/project_bp.py	592	POST	/runs/<string:runid>/<config>/tasks/setname/	task_setname	authorize_and_handle_with_exception_factory	existing ordinary behavior; conditional internal workflow/contrast resource or protected-data boundary
wepppy/weppcloud/routes/nodb_api/project_bp.py	606	POST	/runs/<string:runid>/<config>/tasks/setscenario/	task_setscenario	authorize_and_handle_with_exception_factory	existing ordinary behavior; conditional internal workflow/contrast resource or protected-data boundary
wepppy/weppcloud/routes/nodb_api/project_bp.py	618	POST	/runs/<string:runid>/<config>/tasks/set_public	task_set_public	authorize_and_handle_with_exception_factory	existing ordinary behavior; conditional internal workflow/contrast resource or protected-data boundary
wepppy/weppcloud/routes/nodb_api/project_bp.py	644	POST	/runs/<string:runid>/<config>/tasks/set_ttl_disabled	task_set_ttl_disabled	roles_required('Admin', 'Root', 'PowerUser'); authorize_and_handle_with_exception_factory	existing ordinary behavior; conditional internal workflow/contrast resource or protected-data boundary
wepppy/weppcloud/routes/nodb_api/project_bp.py	678	POST	/runs/<string:runid>/<config>/tasks/set_readonly	task_set_readonly	authorize_and_handle_with_exception_factory	existing ordinary behavior; conditional internal workflow/contrast resource or protected-data boundary
wepppy/weppcloud/routes/nodb_api/project_bp.py	724	POST	/runs/<string:runid>/<config>/tasks/set_mod	task_set_mod	project_bp.route('/runs/<string:runid>/<config>/tasks/set_mod/', methods=['POST']); authorize_and_handle_with_exception_factory	feature-specific entitlement only; ordinary modules/anonymous functionality unchanged
wepppy/weppcloud/routes/nodb_api/project_bp.py	724	POST	/runs/<string:runid>/<config>/tasks/set_mod/	task_set_mod	project_bp.route('/runs/<string:runid>/<config>/tasks/set_mod', methods=['POST']); authorize_and_handle_with_exception_factory	feature-specific entitlement only; ordinary modules/anonymous functionality unchanged
wepppy/weppcloud/routes/nodb_api/rangeland_bp.py	167	POST	/runs/<string:runid>/<config>/tasks/modify_rangeland_cover/	task_modify_rangeland_cover	authorize_and_handle_with_exception_factory	existing ordinary behavior; conditional internal workflow/contrast resource or protected-data boundary
wepppy/weppcloud/routes/nodb_api/rangeland_bp.py	207	GET	/runs/<string:runid>/<config>/query/rangeland_cover/subcatchments	query_rangeland_cover_subcatchments	rangeland_bp.route('/runs/<string:runid>/<config>/query/rangeland_cover/subcatchments/'); authorize_and_handle_with_exception_factory	existing ordinary behavior; conditional internal workflow/contrast resource or protected-data boundary
wepppy/weppcloud/routes/nodb_api/rangeland_bp.py	207	GET	/runs/<string:runid>/<config>/query/rangeland_cover/subcatchments/	query_rangeland_cover_subcatchments	rangeland_bp.route('/runs/<string:runid>/<config>/query/rangeland_cover/subcatchments'); authorize_and_handle_with_exception_factory	existing ordinary behavior; conditional internal workflow/contrast resource or protected-data boundary
wepppy/weppcloud/routes/nodb_api/rangeland_bp.py	217	GET	/runs/<string:runid>/<config>/report/rangeland_cover	report_rangeland_cover	rangeland_bp.route('/runs/<string:runid>/<config>/report/rangeland_cover/'); authorize_and_handle_with_exception_factory; requires_cap(gate_reason='Complete verification to view rangeland reports.')	existing ordinary behavior; conditional internal workflow/contrast resource or protected-data boundary
wepppy/weppcloud/routes/nodb_api/rangeland_bp.py	217	GET	/runs/<string:runid>/<config>/report/rangeland_cover/	report_rangeland_cover	rangeland_bp.route('/runs/<string:runid>/<config>/report/rangeland_cover'); authorize_and_handle_with_exception_factory; requires_cap(gate_reason='Complete verification to view rangeland reports.')	existing ordinary behavior; conditional internal workflow/contrast resource or protected-data boundary
wepppy/weppcloud/routes/nodb_api/rangeland_bp.py	229	POST	/runs/<string:runid>/<config>/tasks/build_rangeland_cover/	task_build_rangeland_cover	authorize_and_handle_with_exception_factory	existing ordinary behavior; conditional internal workflow/contrast resource or protected-data boundary
wepppy/weppcloud/routes/nodb_api/rangeland_cover_bp.py	58	POST	/runs/<string:runid>/<config>/query/rangeland_cover/current_cover_summary/	query_rangeland_cover_current	authorize_and_handle_with_exception_factory	existing ordinary behavior; conditional internal workflow/contrast resource or protected-data boundary
wepppy/weppcloud/routes/nodb_api/rangeland_cover_bp.py	70	POST	/runs/<string:runid>/<config>/tasks/set_rangeland_cover_mode/	set_rangeland_cover_mode	authorize_and_handle_with_exception_factory	existing ordinary behavior; conditional internal workflow/contrast resource or protected-data boundary
wepppy/weppcloud/routes/nodb_api/rhem_bp.py	30	GET	/runs/<string:runid>/<config>/report/rhem/results	report_rhem_results	rhem_bp.route('/runs/<string:runid>/<config>/report/rhem/results/'); requires_cap(gate_reason='Complete verification to view RHEM reports.')	existing ordinary behavior; conditional internal workflow/contrast resource or protected-data boundary
wepppy/weppcloud/routes/nodb_api/rhem_bp.py	30	GET	/runs/<string:runid>/<config>/report/rhem/results/	report_rhem_results	rhem_bp.route('/runs/<string:runid>/<config>/report/rhem/results'); requires_cap(gate_reason='Complete verification to view RHEM reports.')	existing ordinary behavior; conditional internal workflow/contrast resource or protected-data boundary
wepppy/weppcloud/routes/nodb_api/rhem_bp.py	46	GET	/runs/<string:runid>/<config>/report/rhem/run_summary	report_rhem_run_summary	rhem_bp.route('/runs/<string:runid>/<config>/report/rhem/run_summary/'); requires_cap(gate_reason='Complete verification to view RHEM reports.')	existing ordinary behavior; conditional internal workflow/contrast resource or protected-data boundary
wepppy/weppcloud/routes/nodb_api/rhem_bp.py	46	GET	/runs/<string:runid>/<config>/report/rhem/run_summary/	report_rhem_run_summary	rhem_bp.route('/runs/<string:runid>/<config>/report/rhem/run_summary'); requires_cap(gate_reason='Complete verification to view RHEM reports.')	existing ordinary behavior; conditional internal workflow/contrast resource or protected-data boundary
wepppy/weppcloud/routes/nodb_api/rhem_bp.py	72	GET	/runs/<string:runid>/<config>/report/rhem/summary	report_rhem_avg_annuals	rhem_bp.route('/runs/<string:runid>/<config>/report/rhem/summary/'); requires_cap(gate_reason='Complete verification to view RHEM reports.')	existing ordinary behavior; conditional internal workflow/contrast resource or protected-data boundary
wepppy/weppcloud/routes/nodb_api/rhem_bp.py	72	GET	/runs/<string:runid>/<config>/report/rhem/summary/	report_rhem_avg_annuals	rhem_bp.route('/runs/<string:runid>/<config>/report/rhem/summary'); requires_cap(gate_reason='Complete verification to view RHEM reports.')	existing ordinary behavior; conditional internal workflow/contrast resource or protected-data boundary
wepppy/weppcloud/routes/nodb_api/rhem_bp.py	101	GET	/runs/<string:runid>/<config>/report/rhem/return_periods	report_rhem_return_periods	rhem_bp.route('/runs/<string:runid>/<config>/report/rhem/return_periods/'); requires_cap(gate_reason='Complete verification to view RHEM reports.')	existing ordinary behavior; conditional internal workflow/contrast resource or protected-data boundary
wepppy/weppcloud/routes/nodb_api/rhem_bp.py	101	GET	/runs/<string:runid>/<config>/report/rhem/return_periods/	report_rhem_return_periods	rhem_bp.route('/runs/<string:runid>/<config>/report/rhem/return_periods'); requires_cap(gate_reason='Complete verification to view RHEM reports.')	existing ordinary behavior; conditional internal workflow/contrast resource or protected-data boundary
wepppy/weppcloud/routes/nodb_api/rhem_bp.py	131	GET	/runs/<string:runid>/<config>/query/rhem/runoff/subcatchments	query_rhem_sub_runoff	rhem_bp.route('/runs/<string:runid>/<config>/query/rhem/runoff/subcatchments/')	existing ordinary behavior; conditional internal workflow/contrast resource or protected-data boundary
wepppy/weppcloud/routes/nodb_api/rhem_bp.py	131	GET	/runs/<string:runid>/<config>/query/rhem/runoff/subcatchments/	query_rhem_sub_runoff	rhem_bp.route('/runs/<string:runid>/<config>/query/rhem/runoff/subcatchments')	existing ordinary behavior; conditional internal workflow/contrast resource or protected-data boundary
wepppy/weppcloud/routes/nodb_api/rhem_bp.py	145	GET	/runs/<string:runid>/<config>/query/rhem/sed_yield/subcatchments	query_rhem_sub_sed_yield	rhem_bp.route('/runs/<string:runid>/<config>/query/rhem/sed_yield/subcatchments/')	existing ordinary behavior; conditional internal workflow/contrast resource or protected-data boundary
wepppy/weppcloud/routes/nodb_api/rhem_bp.py	145	GET	/runs/<string:runid>/<config>/query/rhem/sed_yield/subcatchments/	query_rhem_sub_sed_yield	rhem_bp.route('/runs/<string:runid>/<config>/query/rhem/sed_yield/subcatchments')	existing ordinary behavior; conditional internal workflow/contrast resource or protected-data boundary
wepppy/weppcloud/routes/nodb_api/rhem_bp.py	153	GET	/runs/<string:runid>/<config>/query/rhem/soil_loss/subcatchments	query_rhem_sub_soil_loss	rhem_bp.route('/runs/<string:runid>/<config>/query/rhem/soil_loss/subcatchments/')	existing ordinary behavior; conditional internal workflow/contrast resource or protected-data boundary
wepppy/weppcloud/routes/nodb_api/rhem_bp.py	153	GET	/runs/<string:runid>/<config>/query/rhem/soil_loss/subcatchments/	query_rhem_sub_soil_loss	rhem_bp.route('/runs/<string:runid>/<config>/query/rhem/soil_loss/subcatchments')	existing ordinary behavior; conditional internal workflow/contrast resource or protected-data boundary
wepppy/weppcloud/routes/nodb_api/roads_bp.py	281	POST	/runs/<string:runid>/<config>/tasks/roads/upload_geojson	roads_upload_geojson	roads_bp.route('/runs/<string:runid>/<config>/tasks/roads/upload_geojson/', methods=['POST']); authorize_and_handle_with_exception_factory	existing ordinary behavior; conditional internal workflow/contrast resource or protected-data boundary
wepppy/weppcloud/routes/nodb_api/roads_bp.py	281	POST	/runs/<string:runid>/<config>/tasks/roads/upload_geojson/	roads_upload_geojson	roads_bp.route('/runs/<string:runid>/<config>/tasks/roads/upload_geojson', methods=['POST']); authorize_and_handle_with_exception_factory	existing ordinary behavior; conditional internal workflow/contrast resource or protected-data boundary
wepppy/weppcloud/routes/nodb_api/roads_bp.py	356	POST	/runs/<string:runid>/<config>/tasks/roads/set_params	roads_set_params	roads_bp.route('/runs/<string:runid>/<config>/tasks/roads/set_params/', methods=['POST']); authorize_and_handle_with_exception_factory	existing ordinary behavior; conditional internal workflow/contrast resource or protected-data boundary
wepppy/weppcloud/routes/nodb_api/roads_bp.py	356	POST	/runs/<string:runid>/<config>/tasks/roads/set_params/	roads_set_params	roads_bp.route('/runs/<string:runid>/<config>/tasks/roads/set_params', methods=['POST']); authorize_and_handle_with_exception_factory	existing ordinary behavior; conditional internal workflow/contrast resource or protected-data boundary
wepppy/weppcloud/routes/nodb_api/roads_bp.py	414	POST	/runs/<string:runid>/<config>/tasks/roads/prepare_segments	roads_prepare_segments	roads_bp.route('/runs/<string:runid>/<config>/tasks/roads/prepare_segments/', methods=['POST']); authorize_and_handle_with_exception_factory	existing ordinary behavior; conditional internal workflow/contrast resource or protected-data boundary
wepppy/weppcloud/routes/nodb_api/roads_bp.py	414	POST	/runs/<string:runid>/<config>/tasks/roads/prepare_segments/	roads_prepare_segments	roads_bp.route('/runs/<string:runid>/<config>/tasks/roads/prepare_segments', methods=['POST']); authorize_and_handle_with_exception_factory	existing ordinary behavior; conditional internal workflow/contrast resource or protected-data boundary
wepppy/weppcloud/routes/nodb_api/roads_bp.py	433	POST	/runs/<string:runid>/<config>/tasks/roads/run	roads_run	roads_bp.route('/runs/<string:runid>/<config>/tasks/roads/run/', methods=['POST']); authorize_and_handle_with_exception_factory	existing ordinary behavior; conditional internal workflow/contrast resource or protected-data boundary
wepppy/weppcloud/routes/nodb_api/roads_bp.py	433	POST	/runs/<string:runid>/<config>/tasks/roads/run/	roads_run	roads_bp.route('/runs/<string:runid>/<config>/tasks/roads/run', methods=['POST']); authorize_and_handle_with_exception_factory	existing ordinary behavior; conditional internal workflow/contrast resource or protected-data boundary
wepppy/weppcloud/routes/nodb_api/roads_bp.py	451	GET	/runs/<string:runid>/<config>/api/roads/config	roads_get_config	authorize_and_handle_with_exception_factory	existing ordinary behavior; conditional internal workflow/contrast resource or protected-data boundary
wepppy/weppcloud/routes/nodb_api/roads_bp.py	470	POST	/runs/<string:runid>/<config>/api/roads/config	roads_set_config	authorize_and_handle_with_exception_factory	existing ordinary behavior; conditional internal workflow/contrast resource or protected-data boundary
wepppy/weppcloud/routes/nodb_api/roads_bp.py	492	GET	/runs/<string:runid>/<config>/api/roads/status	roads_status	authorize_and_handle_with_exception_factory	existing ordinary behavior; conditional internal workflow/contrast resource or protected-data boundary
wepppy/weppcloud/routes/nodb_api/roads_bp.py	501	GET	/runs/<string:runid>/<config>/api/roads/results	roads_results	authorize_and_handle_with_exception_factory	existing ordinary behavior; conditional internal workflow/contrast resource or protected-data boundary
wepppy/weppcloud/routes/nodb_api/roads_bp.py	519	GET	/runs/<string:runid>/<config>/query/roads	query_roads	roads_bp.route('/runs/<string:runid>/<config>/query/roads/', methods=['GET']); authorize_and_handle_with_exception_factory	existing ordinary behavior; conditional internal workflow/contrast resource or protected-data boundary
wepppy/weppcloud/routes/nodb_api/roads_bp.py	519	GET	/runs/<string:runid>/<config>/query/roads/	query_roads	roads_bp.route('/runs/<string:runid>/<config>/query/roads', methods=['GET']); authorize_and_handle_with_exception_factory	existing ordinary behavior; conditional internal workflow/contrast resource or protected-data boundary
wepppy/weppcloud/routes/nodb_api/roads_bp.py	529	GET	/runs/<string:runid>/<config>/query/roads/summary	query_roads_summary	roads_bp.route('/runs/<string:runid>/<config>/query/roads/summary/', methods=['GET']); authorize_and_handle_with_exception_factory	existing ordinary behavior; conditional internal workflow/contrast resource or protected-data boundary
wepppy/weppcloud/routes/nodb_api/roads_bp.py	529	GET	/runs/<string:runid>/<config>/query/roads/summary/	query_roads_summary	roads_bp.route('/runs/<string:runid>/<config>/query/roads/summary', methods=['GET']); authorize_and_handle_with_exception_factory	existing ordinary behavior; conditional internal workflow/contrast resource or protected-data boundary
wepppy/weppcloud/routes/nodb_api/roads_bp.py	539	GET	/runs/<string:runid>/<config>/resources/roads.json	resources_roads_geojson	roads_bp.route('/runs/<string:runid>/<config>/resources/roads.json/', methods=['GET']); authorize_and_handle_with_exception_factory	existing ordinary behavior; conditional internal workflow/contrast resource or protected-data boundary
wepppy/weppcloud/routes/nodb_api/roads_bp.py	539	GET	/runs/<string:runid>/<config>/resources/roads.json/	resources_roads_geojson	roads_bp.route('/runs/<string:runid>/<config>/resources/roads.json', methods=['GET']); authorize_and_handle_with_exception_factory	existing ordinary behavior; conditional internal workflow/contrast resource or protected-data boundary
wepppy/weppcloud/routes/nodb_api/roads_bp.py	560	GET	/runs/<string:runid>/<config>/query/roads/segment/<segment_id>	query_roads_segment_detail	roads_bp.route('/runs/<string:runid>/<config>/query/roads/segment/<segment_id>/', methods=['GET']); authorize_and_handle_with_exception_factory	existing ordinary behavior; conditional internal workflow/contrast resource or protected-data boundary
wepppy/weppcloud/routes/nodb_api/roads_bp.py	560	GET	/runs/<string:runid>/<config>/query/roads/segment/<segment_id>/	query_roads_segment_detail	roads_bp.route('/runs/<string:runid>/<config>/query/roads/segment/<segment_id>', methods=['GET']); authorize_and_handle_with_exception_factory	existing ordinary behavior; conditional internal workflow/contrast resource or protected-data boundary
wepppy/weppcloud/routes/nodb_api/roads_bp.py	585	GET	/runs/<string:runid>/<config>/report/roads/summary	report_roads_summary	roads_bp.route('/runs/<string:runid>/<config>/report/roads/summary/'); authorize_and_handle_with_exception_factory	existing ordinary behavior; conditional internal workflow/contrast resource or protected-data boundary
wepppy/weppcloud/routes/nodb_api/roads_bp.py	585	GET	/runs/<string:runid>/<config>/report/roads/summary/	report_roads_summary	roads_bp.route('/runs/<string:runid>/<config>/report/roads/summary'); authorize_and_handle_with_exception_factory	existing ordinary behavior; conditional internal workflow/contrast resource or protected-data boundary
wepppy/weppcloud/routes/nodb_api/roads_bp.py	602	GET	/runs/<string:runid>/<config>/report/roads/results	report_roads_results	roads_bp.route('/runs/<string:runid>/<config>/report/roads/results/'); authorize_and_handle_with_exception_factory	existing ordinary behavior; conditional internal workflow/contrast resource or protected-data boundary
wepppy/weppcloud/routes/nodb_api/roads_bp.py	602	GET	/runs/<string:runid>/<config>/report/roads/results/	report_roads_results	roads_bp.route('/runs/<string:runid>/<config>/report/roads/results'); authorize_and_handle_with_exception_factory	existing ordinary behavior; conditional internal workflow/contrast resource or protected-data boundary
wepppy/weppcloud/routes/nodb_api/roads_bp.py	621	GET	/runs/<string:runid>/<config>/report/roads/segment_summary/<segment_id>	report_roads_segment_summary	roads_bp.route('/runs/<string:runid>/<config>/report/roads/segment_summary/<segment_id>/'); authorize_and_handle_with_exception_factory; requires_cap(gate_reason='Complete verification to view WEPP reports.')	existing ordinary behavior; conditional internal workflow/contrast resource or protected-data boundary
wepppy/weppcloud/routes/nodb_api/roads_bp.py	621	GET	/runs/<string:runid>/<config>/report/roads/segment_summary/<segment_id>/	report_roads_segment_summary	roads_bp.route('/runs/<string:runid>/<config>/report/roads/segment_summary/<segment_id>'); authorize_and_handle_with_exception_factory; requires_cap(gate_reason='Complete verification to view WEPP reports.')	existing ordinary behavior; conditional internal workflow/contrast resource or protected-data boundary
wepppy/weppcloud/routes/nodb_api/soils_bp.py	43	POST	/runs/<string:runid>/<config>/tasks/set_soil_mode/	set_soil_mode	authorize_and_handle_with_exception_factory	existing ordinary behavior; conditional internal workflow/contrast resource or protected-data boundary
wepppy/weppcloud/routes/nodb_api/soils_bp.py	133	GET	/runs/<string:runid>/<config>/query/soils	query_soils	soils_bp.route('/runs/<string:runid>/<config>/query/soils/')	existing ordinary behavior; conditional internal workflow/contrast resource or protected-data boundary
wepppy/weppcloud/routes/nodb_api/soils_bp.py	133	GET	/runs/<string:runid>/<config>/query/soils/	query_soils	soils_bp.route('/runs/<string:runid>/<config>/query/soils')	existing ordinary behavior; conditional internal workflow/contrast resource or protected-data boundary
wepppy/weppcloud/routes/nodb_api/soils_bp.py	141	GET	/runs/<string:runid>/<config>/query/soils/subcatchments	query_soils_subcatchments	soils_bp.route('/runs/<string:runid>/<config>/query/soils/subcatchments/')	existing ordinary behavior; conditional internal workflow/contrast resource or protected-data boundary
wepppy/weppcloud/routes/nodb_api/soils_bp.py	141	GET	/runs/<string:runid>/<config>/query/soils/subcatchments/	query_soils_subcatchments	soils_bp.route('/runs/<string:runid>/<config>/query/soils/subcatchments')	existing ordinary behavior; conditional internal workflow/contrast resource or protected-data boundary
wepppy/weppcloud/routes/nodb_api/soils_bp.py	149	GET	/runs/<string:runid>/<config>/query/soils/channels	query_soils_channels	soils_bp.route('/runs/<string:runid>/<config>/query/soils/channels/')	existing ordinary behavior; conditional internal workflow/contrast resource or protected-data boundary
wepppy/weppcloud/routes/nodb_api/soils_bp.py	149	GET	/runs/<string:runid>/<config>/query/soils/channels/	query_soils_channels	soils_bp.route('/runs/<string:runid>/<config>/query/soils/channels')	existing ordinary behavior; conditional internal workflow/contrast resource or protected-data boundary
wepppy/weppcloud/routes/nodb_api/soils_bp.py	158	GET	/runs/<string:runid>/<config>/report/soils	report_soils	soils_bp.route('/runs/<string:runid>/<config>/report/soils/'); requires_cap(gate_reason='Complete verification to view soils reports.')	existing ordinary behavior; conditional internal workflow/contrast resource or protected-data boundary
wepppy/weppcloud/routes/nodb_api/soils_bp.py	158	GET	/runs/<string:runid>/<config>/report/soils/	report_soils	soils_bp.route('/runs/<string:runid>/<config>/report/soils'); requires_cap(gate_reason='Complete verification to view soils reports.')	existing ordinary behavior; conditional internal workflow/contrast resource or protected-data boundary
wepppy/weppcloud/routes/nodb_api/soils_bp.py	177	POST	/runs/<string:runid>/<config>/tasks/set_soils_ksflag	task_set_soils_ksflag	soils_bp.route('/runs/<string:runid>/<config>/tasks/set_soils_ksflag/', methods=['POST']); authorize_and_handle_with_exception_factory	existing ordinary behavior; conditional internal workflow/contrast resource or protected-data boundary
wepppy/weppcloud/routes/nodb_api/soils_bp.py	177	POST	/runs/<string:runid>/<config>/tasks/set_soils_ksflag/	task_set_soils_ksflag	soils_bp.route('/runs/<string:runid>/<config>/tasks/set_soils_ksflag', methods=['POST']); authorize_and_handle_with_exception_factory	existing ordinary behavior; conditional internal workflow/contrast resource or protected-data boundary
wepppy/weppcloud/routes/nodb_api/soils_bp.py	200	POST	/runs/<string:runid>/<config>/tasks/set_disturbed_sol_ver	task_set_disturbed_sol_ver	soils_bp.route('/runs/<string:runid>/<config>/tasks/set_disturbed_sol_ver/', methods=['POST']); authorize_and_handle_with_exception_factory	existing ordinary behavior; conditional internal workflow/contrast resource or protected-data boundary
wepppy/weppcloud/routes/nodb_api/soils_bp.py	200	POST	/runs/<string:runid>/<config>/tasks/set_disturbed_sol_ver/	task_set_disturbed_sol_ver	soils_bp.route('/runs/<string:runid>/<config>/tasks/set_disturbed_sol_ver', methods=['POST']); authorize_and_handle_with_exception_factory	existing ordinary behavior; conditional internal workflow/contrast resource or protected-data boundary
wepppy/weppcloud/routes/nodb_api/treatments_bp.py	14	POST	/runs/<string:runid>/<config>/tasks/set_treatments_mode/	set_treatments_mode	authorize_and_handle_with_exception_factory	existing ordinary behavior; conditional internal workflow/contrast resource or protected-data boundary
wepppy/weppcloud/routes/nodb_api/unitizer_bp.py	20	POST	/runs/<string:runid>/<config>/report/tasks/set_unit_preferences/	task_set_unit_preferences	unitizer_bp.route('/runs/<string:runid>/<config>/tasks/set_unit_preferences/', methods=['POST']); authorize_and_handle_with_exception_factory; requires_cap(gate_reason='Complete verification to update report units.')	existing ordinary behavior; conditional internal workflow/contrast resource or protected-data boundary
wepppy/weppcloud/routes/nodb_api/unitizer_bp.py	20	POST	/runs/<string:runid>/<config>/tasks/set_unit_preferences/	task_set_unit_preferences	unitizer_bp.route('/runs/<string:runid>/<config>/report/tasks/set_unit_preferences/', methods=['POST']); authorize_and_handle_with_exception_factory; requires_cap(gate_reason='Complete verification to update report units.')	existing ordinary behavior; conditional internal workflow/contrast resource or protected-data boundary
wepppy/weppcloud/routes/nodb_api/unitizer_bp.py	42	GET	/runs/<string:runid>/<config>/unitizer	unitizer_route	unitizer_bp.route('/runs/<string:runid>/<config>/unitizer/'); authorize_and_handle_with_exception_factory	existing ordinary behavior; conditional internal workflow/contrast resource or protected-data boundary
wepppy/weppcloud/routes/nodb_api/unitizer_bp.py	42	GET	/runs/<string:runid>/<config>/unitizer/	unitizer_route	unitizer_bp.route('/runs/<string:runid>/<config>/unitizer'); authorize_and_handle_with_exception_factory	existing ordinary behavior; conditional internal workflow/contrast resource or protected-data boundary
wepppy/weppcloud/routes/nodb_api/unitizer_bp.py	67	GET	/runs/<string:runid>/<config>/unitizer_units	unitizer_units_route	unitizer_bp.route('/runs/<string:runid>/<config>/unitizer_units/'); authorize_and_handle_with_exception_factory	existing ordinary behavior; conditional internal workflow/contrast resource or protected-data boundary
wepppy/weppcloud/routes/nodb_api/unitizer_bp.py	67	GET	/runs/<string:runid>/<config>/unitizer_units/	unitizer_units_route	unitizer_bp.route('/runs/<string:runid>/<config>/unitizer_units'); authorize_and_handle_with_exception_factory	existing ordinary behavior; conditional internal workflow/contrast resource or protected-data boundary
wepppy/weppcloud/routes/nodb_api/watar_bp.py	44	GET	/runs/<string:runid>/<config>/hillslope/<topaz_id>/ash	hillslope0_ash	watar_bp.route('/runs/<string:runid>/<config>/hillslope/<topaz_id>/ash/'); authorize_and_handle_with_exception_factory; run_lifecycle_mutation	existing ordinary behavior; conditional internal workflow/contrast resource or protected-data boundary
wepppy/weppcloud/routes/nodb_api/watar_bp.py	44	GET	/runs/<string:runid>/<config>/hillslope/<topaz_id>/ash/	hillslope0_ash	watar_bp.route('/runs/<string:runid>/<config>/hillslope/<topaz_id>/ash'); authorize_and_handle_with_exception_factory; run_lifecycle_mutation	existing ordinary behavior; conditional internal workflow/contrast resource or protected-data boundary
wepppy/weppcloud/routes/nodb_api/watar_bp.py	172	POST	/runs/<string:runid>/<config>/tasks/set_ash_wind_transport	task_set_ash_wind_transport	watar_bp.route('/runs/<string:runid>/<config>/tasks/set_ash_wind_transport/', methods=['POST']); authorize_and_handle_with_exception_factory	existing ordinary behavior; conditional internal workflow/contrast resource or protected-data boundary
wepppy/weppcloud/routes/nodb_api/watar_bp.py	172	POST	/runs/<string:runid>/<config>/tasks/set_ash_wind_transport/	task_set_ash_wind_transport	watar_bp.route('/runs/<string:runid>/<config>/tasks/set_ash_wind_transport', methods=['POST']); authorize_and_handle_with_exception_factory	existing ordinary behavior; conditional internal workflow/contrast resource or protected-data boundary
wepppy/weppcloud/routes/nodb_api/watar_bp.py	199	GET	/runs/<string:runid>/<config>/report/run_ash	report_run_ash	watar_bp.route('/runs/<string:runid>/<config>/report/run_ash/'); authorize_and_handle_with_exception_factory; requires_cap(gate_reason='Complete verification to view ash reports.')	existing ordinary behavior; conditional internal workflow/contrast resource or protected-data boundary
wepppy/weppcloud/routes/nodb_api/watar_bp.py	199	GET	/runs/<string:runid>/<config>/report/run_ash/	report_run_ash	watar_bp.route('/runs/<string:runid>/<config>/report/run_ash'); authorize_and_handle_with_exception_factory; requires_cap(gate_reason='Complete verification to view ash reports.')	existing ordinary behavior; conditional internal workflow/contrast resource or protected-data boundary
wepppy/weppcloud/routes/nodb_api/watar_bp.py	217	GET	/runs/<string:runid>/<config>/report/ash	report_ash	watar_bp.route('/runs/<string:runid>/<config>/report/ash/'); authorize_and_handle_with_exception_factory; requires_cap(gate_reason='Complete verification to view ash reports.')	existing ordinary behavior; conditional internal workflow/contrast resource or protected-data boundary
wepppy/weppcloud/routes/nodb_api/watar_bp.py	217	GET	/runs/<string:runid>/<config>/report/ash/	report_ash	watar_bp.route('/runs/<string:runid>/<config>/report/ash'); authorize_and_handle_with_exception_factory; requires_cap(gate_reason='Complete verification to view ash reports.')	existing ordinary behavior; conditional internal workflow/contrast resource or protected-data boundary
wepppy/weppcloud/routes/nodb_api/watar_bp.py	276	GET	/runs/<string:runid>/<config>/query/ash_out	query_ash_out	watar_bp.route('/runs/<string:runid>/<config>/query/ash_out/'); authorize_and_handle_with_exception_factory	existing ordinary behavior; conditional internal workflow/contrast resource or protected-data boundary
wepppy/weppcloud/routes/nodb_api/watar_bp.py	276	GET	/runs/<string:runid>/<config>/query/ash_out/	query_ash_out	watar_bp.route('/runs/<string:runid>/<config>/query/ash_out'); authorize_and_handle_with_exception_factory	existing ordinary behavior; conditional internal workflow/contrast resource or protected-data boundary
wepppy/weppcloud/routes/nodb_api/watar_bp.py	294	GET,POST	/runs/<string:runid>/<config>/report/ash_contaminant	report_contaminant	watar_bp.route('/runs/<string:runid>/<config>/report/ash_contaminant/', methods=['GET', 'POST']); authorize_and_handle_with_exception_factory; requires_cap(gate_reason='Complete verification to view ash reports.')	existing ordinary behavior; conditional internal workflow/contrast resource or protected-data boundary
wepppy/weppcloud/routes/nodb_api/watar_bp.py	294	GET,POST	/runs/<string:runid>/<config>/report/ash_contaminant/	report_contaminant	watar_bp.route('/runs/<string:runid>/<config>/report/ash_contaminant', methods=['GET', 'POST']); authorize_and_handle_with_exception_factory; requires_cap(gate_reason='Complete verification to view ash reports.')	existing ordinary behavior; conditional internal workflow/contrast resource or protected-data boundary
wepppy/weppcloud/routes/nodb_api/watershed_bp.py	212	GET	/runs/<string:runid>/<config>/query/delineation_pass	query_topaz_pass	watershed_bp.route('/runs/<string:runid>/<config>/query/delineation_pass/'); authorize_and_handle_with_exception_factory	existing ordinary behavior; conditional internal workflow/contrast resource or protected-data boundary
wepppy/weppcloud/routes/nodb_api/watershed_bp.py	212	GET	/runs/<string:runid>/<config>/query/delineation_pass/	query_topaz_pass	watershed_bp.route('/runs/<string:runid>/<config>/query/delineation_pass'); authorize_and_handle_with_exception_factory	existing ordinary behavior; conditional internal workflow/contrast resource or protected-data boundary
wepppy/weppcloud/routes/nodb_api/watershed_bp.py	233	GET	/runs/<string:runid>/<config>/resources/channels.json	resources_channels_geojson	authorize_and_handle_with_exception_factory	existing ordinary behavior; conditional internal workflow/contrast resource or protected-data boundary
wepppy/weppcloud/routes/nodb_api/watershed_bp.py	253	GET	/runs/<string:runid>/<config>/query/extent	query_extent	watershed_bp.route('/runs/<string:runid>/<config>/query/extent/'); authorize_and_handle_with_exception_factory	existing ordinary behavior; conditional internal workflow/contrast resource or protected-data boundary
wepppy/weppcloud/routes/nodb_api/watershed_bp.py	253	GET	/runs/<string:runid>/<config>/query/extent/	query_extent	watershed_bp.route('/runs/<string:runid>/<config>/query/extent'); authorize_and_handle_with_exception_factory	existing ordinary behavior; conditional internal workflow/contrast resource or protected-data boundary
wepppy/weppcloud/routes/nodb_api/watershed_bp.py	262	GET	/runs/<string:runid>/<config>/report/channel	report_channel	authorize_and_handle_with_exception_factory; requires_cap(gate_reason='Complete verification to view watershed reports.')	existing ordinary behavior; conditional internal workflow/contrast resource or protected-data boundary
wepppy/weppcloud/routes/nodb_api/watershed_bp.py	280	GET	/runs/<string:runid>/<config>/query/outlet	query_outlet	watershed_bp.route('/runs/<string:runid>/<config>/query/outlet/'); authorize_and_handle_with_exception_factory	existing ordinary behavior; conditional internal workflow/contrast resource or protected-data boundary
wepppy/weppcloud/routes/nodb_api/watershed_bp.py	280	GET	/runs/<string:runid>/<config>/query/outlet/	query_outlet	watershed_bp.route('/runs/<string:runid>/<config>/query/outlet'); authorize_and_handle_with_exception_factory	existing ordinary behavior; conditional internal workflow/contrast resource or protected-data boundary
wepppy/weppcloud/routes/nodb_api/watershed_bp.py	292	GET	/runs/<string:runid>/<config>/report/outlet	report_outlet	watershed_bp.route('/runs/<string:runid>/<config>/report/outlet/'); authorize_and_handle_with_exception_factory; requires_cap(gate_reason='Complete verification to view watershed reports.')	existing ordinary behavior; conditional internal workflow/contrast resource or protected-data boundary
wepppy/weppcloud/routes/nodb_api/watershed_bp.py	292	GET	/runs/<string:runid>/<config>/report/outlet/	report_outlet	watershed_bp.route('/runs/<string:runid>/<config>/report/outlet'); authorize_and_handle_with_exception_factory; requires_cap(gate_reason='Complete verification to view watershed reports.')	existing ordinary behavior; conditional internal workflow/contrast resource or protected-data boundary
wepppy/weppcloud/routes/nodb_api/watershed_bp.py	303	GET	/runs/<string:runid>/<config>/query/has_dem	query_has_dem	watershed_bp.route('/runs/<string:runid>/<config>/query/has_dem/'); authorize_and_handle_with_exception_factory	existing ordinary behavior; conditional internal workflow/contrast resource or protected-data boundary
wepppy/weppcloud/routes/nodb_api/watershed_bp.py	303	GET	/runs/<string:runid>/<config>/query/has_dem/	query_has_dem	watershed_bp.route('/runs/<string:runid>/<config>/query/has_dem'); authorize_and_handle_with_exception_factory	existing ordinary behavior; conditional internal workflow/contrast resource or protected-data boundary
wepppy/weppcloud/routes/nodb_api/watershed_bp.py	312	GET	/runs/<string:runid>/<config>/query/watershed/subcatchments	query_watershed_summary_subcatchments	watershed_bp.route('/runs/<string:runid>/<config>/query/watershed/subcatchments/'); authorize_and_handle_with_exception_factory	existing ordinary behavior; conditional internal workflow/contrast resource or protected-data boundary
wepppy/weppcloud/routes/nodb_api/watershed_bp.py	312	GET	/runs/<string:runid>/<config>/query/watershed/subcatchments/	query_watershed_summary_subcatchments	watershed_bp.route('/runs/<string:runid>/<config>/query/watershed/subcatchments'); authorize_and_handle_with_exception_factory	existing ordinary behavior; conditional internal workflow/contrast resource or protected-data boundary
wepppy/weppcloud/routes/nodb_api/watershed_bp.py	321	GET	/runs/<string:runid>/<config>/query/watershed/channels	query_watershed_summary_channels	watershed_bp.route('/runs/<string:runid>/<config>/query/watershed/channels/'); authorize_and_handle_with_exception_factory	existing ordinary behavior; conditional internal workflow/contrast resource or protected-data boundary
wepppy/weppcloud/routes/nodb_api/watershed_bp.py	321	GET	/runs/<string:runid>/<config>/query/watershed/channels/	query_watershed_summary_channels	watershed_bp.route('/runs/<string:runid>/<config>/query/watershed/channels'); authorize_and_handle_with_exception_factory	existing ordinary behavior; conditional internal workflow/contrast resource or protected-data boundary
wepppy/weppcloud/routes/nodb_api/watershed_bp.py	331	GET	/runs/<string:runid>/<config>/report/subcatchments	query_watershed_summary	watershed_bp.route('/runs/<string:runid>/<config>/report/subcatchments/'); authorize_and_handle_with_exception_factory; requires_cap(gate_reason='Complete verification to view watershed reports.')	existing ordinary behavior; conditional internal workflow/contrast resource or protected-data boundary
wepppy/weppcloud/routes/nodb_api/watershed_bp.py	331	GET	/runs/<string:runid>/<config>/report/subcatchments/	query_watershed_summary	watershed_bp.route('/runs/<string:runid>/<config>/report/subcatchments'); authorize_and_handle_with_exception_factory; requires_cap(gate_reason='Complete verification to view watershed reports.')	existing ordinary behavior; conditional internal workflow/contrast resource or protected-data boundary
wepppy/weppcloud/routes/nodb_api/watershed_bp.py	341	GET,POST	/runs/<string:runid>/<config>/tasks/abstract_watershed/	task_abstract_watershed	authorize_and_handle_with_exception_factory; run_lifecycle_mutation	existing ordinary behavior; conditional internal workflow/contrast resource or protected-data boundary
wepppy/weppcloud/routes/nodb_api/watershed_bp.py	351	POST	/runs/<string:runid>/<config>/tasks/sub_intersection/	sub_intersection	authorize_and_handle_with_exception_factory	existing ordinary behavior; conditional internal workflow/contrast resource or protected-data boundary
wepppy/weppcloud/routes/nodb_api/watershed_bp.py	652	GET	/runs/<string:runid>/<config>/query/terrain_processor/config	query_terrain_processor_config	watershed_bp.route('/runs/<string:runid>/<config>/query/terrain_processor/config/'); authorize_and_handle_with_exception_factory	existing ordinary behavior; conditional internal workflow/contrast resource or protected-data boundary
wepppy/weppcloud/routes/nodb_api/watershed_bp.py	652	GET	/runs/<string:runid>/<config>/query/terrain_processor/config/	query_terrain_processor_config	watershed_bp.route('/runs/<string:runid>/<config>/query/terrain_processor/config'); authorize_and_handle_with_exception_factory	existing ordinary behavior; conditional internal workflow/contrast resource or protected-data boundary
wepppy/weppcloud/routes/nodb_api/watershed_bp.py	661	POST	/runs/<string:runid>/<config>/tasks/set_terrain_processor_config/	set_terrain_processor_config	authorize_and_handle_with_exception_factory	existing ordinary behavior; conditional internal workflow/contrast resource or protected-data boundary
wepppy/weppcloud/routes/nodb_api/watershed_bp.py	688	POST	/runs/<string:runid>/<config>/tasks/run_terrain_processor/	run_terrain_processor	authorize_and_handle_with_exception_factory	existing ordinary behavior; conditional internal workflow/contrast resource or protected-data boundary
wepppy/weppcloud/routes/nodb_api/watershed_bp.py	739	GET	/runs/<string:runid>/<config>/query/terrain_processor/last_result	query_terrain_processor_last_result	watershed_bp.route('/runs/<string:runid>/<config>/query/terrain_processor/last_result/'); authorize_and_handle_with_exception_factory	existing ordinary behavior; conditional internal workflow/contrast resource or protected-data boundary
wepppy/weppcloud/routes/nodb_api/watershed_bp.py	739	GET	/runs/<string:runid>/<config>/query/terrain_processor/last_result/	query_terrain_processor_last_result	watershed_bp.route('/runs/<string:runid>/<config>/query/terrain_processor/last_result'); authorize_and_handle_with_exception_factory	existing ordinary behavior; conditional internal workflow/contrast resource or protected-data boundary
wepppy/weppcloud/routes/nodb_api/watershed_bp.py	749	GET	/runs/<string:runid>/<config>/query/terrain_processor/manifest	query_terrain_processor_manifest	watershed_bp.route('/runs/<string:runid>/<config>/query/terrain_processor/manifest/'); authorize_and_handle_with_exception_factory	existing ordinary behavior; conditional internal workflow/contrast resource or protected-data boundary
wepppy/weppcloud/routes/nodb_api/watershed_bp.py	749	GET	/runs/<string:runid>/<config>/query/terrain_processor/manifest/	query_terrain_processor_manifest	watershed_bp.route('/runs/<string:runid>/<config>/query/terrain_processor/manifest'); authorize_and_handle_with_exception_factory	existing ordinary behavior; conditional internal workflow/contrast resource or protected-data boundary
wepppy/weppcloud/routes/nodb_api/watershed_bp.py	763	GET	/runs/<string:runid>/<config>/resources/terrain_processor/<path:artifact_relpath>	resources_terrain_processor_artifact	authorize_and_handle_with_exception_factory	existing ordinary behavior; conditional internal workflow/contrast resource or protected-data boundary
wepppy/weppcloud/routes/nodb_api/wepp_bp.py	594	GET	/runs/<string:runid>/<config>/view/channel_def/<chn_key>	view_channel_def	wepp_bp.route('/runs/<string:runid>/<config>/view/channel_def/<chn_key>/'); authorize_and_handle_with_exception_factory	existing ordinary behavior; conditional internal workflow/contrast resource or protected-data boundary
wepppy/weppcloud/routes/nodb_api/wepp_bp.py	594	GET	/runs/<string:runid>/<config>/view/channel_def/<chn_key>/	view_channel_def	wepp_bp.route('/runs/<string:runid>/<config>/view/channel_def/<chn_key>'); authorize_and_handle_with_exception_factory	existing ordinary behavior; conditional internal workflow/contrast resource or protected-data boundary
wepppy/weppcloud/routes/nodb_api/wepp_bp.py	609	GET	/runs/<string:runid>/<config>/view/management/<key>	view_management	wepp_bp.route('/runs/<string:runid>/<config>/view/management/<key>/'); authorize_and_handle_with_exception_factory	existing ordinary behavior; conditional internal workflow/contrast resource or protected-data boundary
wepppy/weppcloud/routes/nodb_api/wepp_bp.py	609	GET	/runs/<string:runid>/<config>/view/management/<key>/	view_management	wepp_bp.route('/runs/<string:runid>/<config>/view/management/<key>'); authorize_and_handle_with_exception_factory	existing ordinary behavior; conditional internal workflow/contrast resource or protected-data boundary
wepppy/weppcloud/routes/nodb_api/wepp_bp.py	625	GET	/runs/<string:runid>/<config>/view/management_effective/<key>/<texture>	view_management_effective	wepp_bp.route('/runs/<string:runid>/<config>/view/management_effective/<key>/<texture>/'); authorize_and_handle_with_exception_factory	existing ordinary behavior; conditional internal workflow/contrast resource or protected-data boundary
wepppy/weppcloud/routes/nodb_api/wepp_bp.py	625	GET	/runs/<string:runid>/<config>/view/management_effective/<key>/<texture>/	view_management_effective	wepp_bp.route('/runs/<string:runid>/<config>/view/management_effective/<key>/<texture>'); authorize_and_handle_with_exception_factory	existing ordinary behavior; conditional internal workflow/contrast resource or protected-data boundary
wepppy/weppcloud/routes/nodb_api/wepp_bp.py	690	POST	/runs/<string:runid>/<config>/tasks/set_run_wepp_routine	task_set_hourly_seepage	wepp_bp.route('/runs/<string:runid>/<config>/tasks/set_run_wepp_routine/', methods=['POST']); authorize_and_handle_with_exception_factory	existing ordinary behavior; conditional internal workflow/contrast resource or protected-data boundary
wepppy/weppcloud/routes/nodb_api/wepp_bp.py	690	POST	/runs/<string:runid>/<config>/tasks/set_run_wepp_routine/	task_set_hourly_seepage	wepp_bp.route('/runs/<string:runid>/<config>/tasks/set_run_wepp_routine', methods=['POST']); authorize_and_handle_with_exception_factory	existing ordinary behavior; conditional internal workflow/contrast resource or protected-data boundary
wepppy/weppcloud/routes/nodb_api/wepp_bp.py	735	GET	/runs/<string:runid>/<config>/report/wepp/results	report_wepp_results	wepp_bp.route('/runs/<string:runid>/<config>/report/wepp/results/'); authorize_and_handle_with_exception_factory; requires_cap(gate_reason='Complete verification to view WEPP reports.')	existing ordinary behavior; conditional internal workflow/contrast resource or protected-data boundary
wepppy/weppcloud/routes/nodb_api/wepp_bp.py	735	GET	/runs/<string:runid>/<config>/report/wepp/results/	report_wepp_results	wepp_bp.route('/runs/<string:runid>/<config>/report/wepp/results'); authorize_and_handle_with_exception_factory; requires_cap(gate_reason='Complete verification to view WEPP reports.')	existing ordinary behavior; conditional internal workflow/contrast resource or protected-data boundary
wepppy/weppcloud/routes/nodb_api/wepp_bp.py	830	GET	/runs/<string:runid>/<config>/download/ermit	download_ermit_export	wepp_bp.route('/runs/<string:runid>/<config>/download/ermit/'); authorize_and_handle_with_exception_factory; requires_cap(gate_reason='Complete verification to download ERMiT exports.')	existing ordinary behavior; conditional internal workflow/contrast resource or protected-data boundary
wepppy/weppcloud/routes/nodb_api/wepp_bp.py	830	GET	/runs/<string:runid>/<config>/download/ermit/	download_ermit_export	wepp_bp.route('/runs/<string:runid>/<config>/download/ermit'); authorize_and_handle_with_exception_factory; requires_cap(gate_reason='Complete verification to download ERMiT exports.')	existing ordinary behavior; conditional internal workflow/contrast resource or protected-data boundary
wepppy/weppcloud/routes/nodb_api/wepp_bp.py	856	GET	/runs/<string:runid>/<config>/download/features/published/<string:profile>	download_features_export_published	wepp_bp.route('/runs/<string:runid>/<config>/download/features/published/<string:profile>/'); authorize_and_handle_with_exception_factory; requires_cap(gate_reason='Complete verification to download published features exports.')	existing ordinary behavior; conditional internal workflow/contrast resource or protected-data boundary
wepppy/weppcloud/routes/nodb_api/wepp_bp.py	856	GET	/runs/<string:runid>/<config>/download/features/published/<string:profile>/	download_features_export_published	wepp_bp.route('/runs/<string:runid>/<config>/download/features/published/<string:profile>'); authorize_and_handle_with_exception_factory; requires_cap(gate_reason='Complete verification to download published features exports.')	existing ordinary behavior; conditional internal workflow/contrast resource or protected-data boundary
wepppy/weppcloud/routes/nodb_api/wepp_bp.py	883	GET	/runs/<string:runid>/<config>/report/rusle/results	report_rusle_results	wepp_bp.route('/runs/<string:runid>/<config>/report/rusle/results/'); authorize_and_handle_with_exception_factory; requires_cap(gate_reason='Complete verification to view RUSLE reports.')	existing ordinary behavior; conditional internal workflow/contrast resource or protected-data boundary
wepppy/weppcloud/routes/nodb_api/wepp_bp.py	883	GET	/runs/<string:runid>/<config>/report/rusle/results/	report_rusle_results	wepp_bp.route('/runs/<string:runid>/<config>/report/rusle/results'); authorize_and_handle_with_exception_factory; requires_cap(gate_reason='Complete verification to view RUSLE reports.')	existing ordinary behavior; conditional internal workflow/contrast resource or protected-data boundary
wepppy/weppcloud/routes/nodb_api/wepp_bp.py	924	GET	/runs/<string:runid>/<config>/query/subcatchments_summary	query_subcatchments_summary	wepp_bp.route('/runs/<string:runid>/<config>/query/subcatchments_summary/'); authorize_and_handle_with_exception_factory	existing ordinary behavior; conditional internal workflow/contrast resource or protected-data boundary
wepppy/weppcloud/routes/nodb_api/wepp_bp.py	924	GET	/runs/<string:runid>/<config>/query/subcatchments_summary/	query_subcatchments_summary	wepp_bp.route('/runs/<string:runid>/<config>/query/subcatchments_summary'); authorize_and_handle_with_exception_factory	existing ordinary behavior; conditional internal workflow/contrast resource or protected-data boundary
wepppy/weppcloud/routes/nodb_api/wepp_bp.py	942	GET	/runs/<string:runid>/<config>/query/channels_summary	query_channels_summary	wepp_bp.route('/runs/<string:runid>/<config>/query/channels_summary/'); authorize_and_handle_with_exception_factory	existing ordinary behavior; conditional internal workflow/contrast resource or protected-data boundary
wepppy/weppcloud/routes/nodb_api/wepp_bp.py	942	GET	/runs/<string:runid>/<config>/query/channels_summary/	query_channels_summary	wepp_bp.route('/runs/<string:runid>/<config>/query/channels_summary'); authorize_and_handle_with_exception_factory	existing ordinary behavior; conditional internal workflow/contrast resource or protected-data boundary
wepppy/weppcloud/routes/nodb_api/wepp_bp.py	960	GET	/runs/<string:runid>/<config>/report/wepp/prep_details	get_wepp_prep_details	wepp_bp.route('/runs/<string:runid>/<config>/report/wepp/prep_details/'); authorize_and_handle_with_exception_factory; requires_cap(gate_reason='Complete verification to view WEPP reports.')	existing ordinary behavior; conditional internal workflow/contrast resource or protected-data boundary
wepppy/weppcloud/routes/nodb_api/wepp_bp.py	960	GET	/runs/<string:runid>/<config>/report/wepp/prep_details/	get_wepp_prep_details	wepp_bp.route('/runs/<string:runid>/<config>/report/wepp/prep_details'); authorize_and_handle_with_exception_factory; requires_cap(gate_reason='Complete verification to view WEPP reports.')	existing ordinary behavior; conditional internal workflow/contrast resource or protected-data boundary
wepppy/weppcloud/routes/nodb_api/wepp_bp.py	983	GET	/runs/<string:runid>/<config>/query/wepp/phosphorus_opts	query_wepp_phos_opts	wepp_bp.route('/runs/<string:runid>/<config>/query/wepp/phosphorus_opts/'); authorize_and_handle_with_exception_factory	existing ordinary behavior; conditional internal workflow/contrast resource or protected-data boundary
wepppy/weppcloud/routes/nodb_api/wepp_bp.py	983	GET	/runs/<string:runid>/<config>/query/wepp/phosphorus_opts/	query_wepp_phos_opts	wepp_bp.route('/runs/<string:runid>/<config>/query/wepp/phosphorus_opts'); authorize_and_handle_with_exception_factory	existing ordinary behavior; conditional internal workflow/contrast resource or protected-data boundary
wepppy/weppcloud/routes/nodb_api/wepp_bp.py	992	GET	/runs/<string:runid>/<config>/report/wepp/run_summary	report_wepp_run_summary	wepp_bp.route('/runs/<string:runid>/<config>/report/wepp/run_summary/'); authorize_and_handle_with_exception_factory	existing ordinary behavior; conditional internal workflow/contrast resource or protected-data boundary
wepppy/weppcloud/routes/nodb_api/wepp_bp.py	992	GET	/runs/<string:runid>/<config>/report/wepp/run_summary/	report_wepp_run_summary	wepp_bp.route('/runs/<string:runid>/<config>/report/wepp/run_summary'); authorize_and_handle_with_exception_factory	existing ordinary behavior; conditional internal workflow/contrast resource or protected-data boundary
wepppy/weppcloud/routes/nodb_api/wepp_bp.py	1021	GET	/runs/<string:runid>/<config>/report/wepp/summary	report_wepp_loss	wepp_bp.route('/runs/<string:runid>/<config>/report/wepp/summary/'); authorize_and_handle_with_exception_factory; requires_cap(gate_reason='Complete verification to view WEPP reports.')	existing ordinary behavior; conditional internal workflow/contrast resource or protected-data boundary
wepppy/weppcloud/routes/nodb_api/wepp_bp.py	1021	GET	/runs/<string:runid>/<config>/report/wepp/summary/	report_wepp_loss	wepp_bp.route('/runs/<string:runid>/<config>/report/wepp/summary'); authorize_and_handle_with_exception_factory; requires_cap(gate_reason='Complete verification to view WEPP reports.')	existing ordinary behavior; conditional internal workflow/contrast resource or protected-data boundary
wepppy/weppcloud/routes/nodb_api/wepp_bp.py	1113	GET	/runs/<string:runid>/<config>/report/wepp/yearly_watbal	report_wepp_yearly_watbal	wepp_bp.route('/runs/<string:runid>/<config>/report/wepp/yearly_watbal/'); authorize_and_handle_with_exception_factory; requires_cap(gate_reason='Complete verification to view WEPP reports.')	existing ordinary behavior; conditional internal workflow/contrast resource or protected-data boundary
wepppy/weppcloud/routes/nodb_api/wepp_bp.py	1113	GET	/runs/<string:runid>/<config>/report/wepp/yearly_watbal/	report_wepp_yearly_watbal	wepp_bp.route('/runs/<string:runid>/<config>/report/wepp/yearly_watbal'); authorize_and_handle_with_exception_factory; requires_cap(gate_reason='Complete verification to view WEPP reports.')	existing ordinary behavior; conditional internal workflow/contrast resource or protected-data boundary
wepppy/weppcloud/routes/nodb_api/wepp_bp.py	1160	GET	/runs/<string:runid>/<config>/report/wepp/avg_annual_by_landuse	report_wepp_avg_annual_by_landuse	wepp_bp.route('/runs/<string:runid>/<config>/report/wepp/avg_annual_by_landuse/'); authorize_and_handle_with_exception_factory; requires_cap(gate_reason='Complete verification to view WEPP reports.')	existing ordinary behavior; conditional internal workflow/contrast resource or protected-data boundary
wepppy/weppcloud/routes/nodb_api/wepp_bp.py	1160	GET	/runs/<string:runid>/<config>/report/wepp/avg_annual_by_landuse/	report_wepp_avg_annual_by_landuse	wepp_bp.route('/runs/<string:runid>/<config>/report/wepp/avg_annual_by_landuse'); authorize_and_handle_with_exception_factory; requires_cap(gate_reason='Complete verification to view WEPP reports.')	existing ordinary behavior; conditional internal workflow/contrast resource or protected-data boundary
wepppy/weppcloud/routes/nodb_api/wepp_bp.py	1190	GET	/runs/<string:runid>/<config>/report/wepp/avg_annual_watbal	report_wepp_avg_annual_watbal	wepp_bp.route('/runs/<string:runid>/<config>/report/wepp/avg_annual_watbal/'); authorize_and_handle_with_exception_factory; requires_cap(gate_reason='Complete verification to view WEPP reports.')	existing ordinary behavior; conditional internal workflow/contrast resource or protected-data boundary
wepppy/weppcloud/routes/nodb_api/wepp_bp.py	1190	GET	/runs/<string:runid>/<config>/report/wepp/avg_annual_watbal/	report_wepp_avg_annual_watbal	wepp_bp.route('/runs/<string:runid>/<config>/report/wepp/avg_annual_watbal'); authorize_and_handle_with_exception_factory; requires_cap(gate_reason='Complete verification to view WEPP reports.')	existing ordinary behavior; conditional internal workflow/contrast resource or protected-data boundary
wepppy/weppcloud/routes/nodb_api/wepp_bp.py	1238	GET	/runs/<string:runid>/<config>/plot/wepp/streamflow	plot_wepp_streamflow	wepp_bp.route('/runs/<string:runid>/<config>/plot/wepp/streamflow/'); authorize_and_handle_with_exception_factory	existing ordinary behavior; conditional internal workflow/contrast resource or protected-data boundary
wepppy/weppcloud/routes/nodb_api/wepp_bp.py	1238	GET	/runs/<string:runid>/<config>/plot/wepp/streamflow/	plot_wepp_streamflow	wepp_bp.route('/runs/<string:runid>/<config>/plot/wepp/streamflow'); authorize_and_handle_with_exception_factory	existing ordinary behavior; conditional internal workflow/contrast resource or protected-data boundary
wepppy/weppcloud/routes/nodb_api/wepp_bp.py	1350	GET	/runs/<string:runid>/<config>/report/wepp/return_periods	report_wepp_return_periods	wepp_bp.route('/runs/<string:runid>/<config>/report/wepp/return_periods/'); authorize_and_handle_with_exception_factory; requires_cap(gate_reason='Complete verification to view WEPP reports.')	existing ordinary behavior; conditional internal workflow/contrast resource or protected-data boundary
wepppy/weppcloud/routes/nodb_api/wepp_bp.py	1350	GET	/runs/<string:runid>/<config>/report/wepp/return_periods/	report_wepp_return_periods	wepp_bp.route('/runs/<string:runid>/<config>/report/wepp/return_periods'); authorize_and_handle_with_exception_factory; requires_cap(gate_reason='Complete verification to view WEPP reports.')	existing ordinary behavior; conditional internal workflow/contrast resource or protected-data boundary
wepppy/weppcloud/routes/nodb_api/wepp_bp.py	1469	GET	/runs/<string:runid>/<config>/report/wepp/frq_flood	report_wepp_frq_flood	wepp_bp.route('/runs/<string:runid>/<config>/report/wepp/frq_flood/'); authorize_and_handle_with_exception_factory; requires_cap(gate_reason='Complete verification to view WEPP reports.')	existing ordinary behavior; conditional internal workflow/contrast resource or protected-data boundary
wepppy/weppcloud/routes/nodb_api/wepp_bp.py	1469	GET	/runs/<string:runid>/<config>/report/wepp/frq_flood/	report_wepp_frq_flood	wepp_bp.route('/runs/<string:runid>/<config>/report/wepp/frq_flood'); authorize_and_handle_with_exception_factory; requires_cap(gate_reason='Complete verification to view WEPP reports.')	existing ordinary behavior; conditional internal workflow/contrast resource or protected-data boundary
wepppy/weppcloud/routes/nodb_api/wepp_bp.py	1490	GET	/runs/<string:runid>/<config>/report/wepp/sediment_characteristics	report_wepp_sediment_delivery	wepp_bp.route('/runs/<string:runid>/<config>/report/wepp/sediment_characteristics/'); authorize_and_handle_with_exception_factory; requires_cap(gate_reason='Complete verification to view WEPP reports.')	existing ordinary behavior; conditional internal workflow/contrast resource or protected-data boundary
wepppy/weppcloud/routes/nodb_api/wepp_bp.py	1490	GET	/runs/<string:runid>/<config>/report/wepp/sediment_characteristics/	report_wepp_sediment_delivery	wepp_bp.route('/runs/<string:runid>/<config>/report/wepp/sediment_characteristics'); authorize_and_handle_with_exception_factory; requires_cap(gate_reason='Complete verification to view WEPP reports.')	existing ordinary behavior; conditional internal workflow/contrast resource or protected-data boundary
wepppy/weppcloud/routes/nodb_api/wepp_bp.py	1531	GET	/runs/<string:runid>/<config>/query/wepp/phosphorus/subcatchments	query_wepp_sub_phosphorus	wepp_bp.route('/runs/<string:runid>/<config>/query/wepp/phosphorus/subcatchments/'); authorize_and_handle_with_exception_factory	existing ordinary behavior; conditional internal workflow/contrast resource or protected-data boundary
wepppy/weppcloud/routes/nodb_api/wepp_bp.py	1531	GET	/runs/<string:runid>/<config>/query/wepp/phosphorus/subcatchments/	query_wepp_sub_phosphorus	wepp_bp.route('/runs/<string:runid>/<config>/query/wepp/phosphorus/subcatchments'); authorize_and_handle_with_exception_factory	existing ordinary behavior; conditional internal workflow/contrast resource or protected-data boundary
wepppy/weppcloud/routes/nodb_api/wepp_bp.py	1540	GET	/runs/<string:runid>/<config>/query/chn_summary/<topaz_id>	query_ron_chn_summary	wepp_bp.route('/runs/<string:runid>/<config>/query/chn_summary/<topaz_id>/'); authorize_and_handle_with_exception_factory	existing ordinary behavior; conditional internal workflow/contrast resource or protected-data boundary
wepppy/weppcloud/routes/nodb_api/wepp_bp.py	1540	GET	/runs/<string:runid>/<config>/query/chn_summary/<topaz_id>/	query_ron_chn_summary	wepp_bp.route('/runs/<string:runid>/<config>/query/chn_summary/<topaz_id>'); authorize_and_handle_with_exception_factory	existing ordinary behavior; conditional internal workflow/contrast resource or protected-data boundary
wepppy/weppcloud/routes/nodb_api/wepp_bp.py	1549	GET	/runs/<string:runid>/<config>/query/sub_summary/<topaz_id>	query_ron_sub_summary	wepp_bp.route('/runs/<string:runid>/<config>/query/sub_summary/<topaz_id>/'); authorize_and_handle_with_exception_factory	existing ordinary behavior; conditional internal workflow/contrast resource or protected-data boundary
wepppy/weppcloud/routes/nodb_api/wepp_bp.py	1549	GET	/runs/<string:runid>/<config>/query/sub_summary/<topaz_id>/	query_ron_sub_summary	wepp_bp.route('/runs/<string:runid>/<config>/query/sub_summary/<topaz_id>'); authorize_and_handle_with_exception_factory	existing ordinary behavior; conditional internal workflow/contrast resource or protected-data boundary
wepppy/weppcloud/routes/nodb_api/wepp_bp.py	1564	GET	/runs/<string:runid>/<config>/report/chn_summary/<topaz_id>	report_ron_chn_summary	wepp_bp.route('/runs/<string:runid>/<config>/report/chn_summary/<topaz_id>/'); authorize_and_handle_with_exception_factory; requires_cap(gate_reason='Complete verification to view WEPP reports.')	existing ordinary behavior; conditional internal workflow/contrast resource or protected-data boundary
wepppy/weppcloud/routes/nodb_api/wepp_bp.py	1564	GET	/runs/<string:runid>/<config>/report/chn_summary/<topaz_id>/	report_ron_chn_summary	wepp_bp.route('/runs/<string:runid>/<config>/report/chn_summary/<topaz_id>'); authorize_and_handle_with_exception_factory; requires_cap(gate_reason='Complete verification to view WEPP reports.')	existing ordinary behavior; conditional internal workflow/contrast resource or protected-data boundary
wepppy/weppcloud/routes/nodb_api/wepp_bp.py	1582	GET	/runs/<string:runid>/<config>/query/topaz_wepp_map	query_topaz_wepp_map	wepp_bp.route('/runs/<string:runid>/<config>/query/topaz_wepp_map/'); authorize_and_handle_with_exception_factory	existing ordinary behavior; conditional internal workflow/contrast resource or protected-data boundary
wepppy/weppcloud/routes/nodb_api/wepp_bp.py	1582	GET	/runs/<string:runid>/<config>/query/topaz_wepp_map/	query_topaz_wepp_map	wepp_bp.route('/runs/<string:runid>/<config>/query/topaz_wepp_map'); authorize_and_handle_with_exception_factory	existing ordinary behavior; conditional internal workflow/contrast resource or protected-data boundary
wepppy/weppcloud/routes/nodb_api/wepp_bp.py	1597	GET	/runs/<string:runid>/<config>/report/sub_summary/<topaz_id>	report_ron_sub_summary	wepp_bp.route('/runs/<string:runid>/<config>/report/sub_summary/<topaz_id>/'); authorize_and_handle_with_exception_factory; requires_cap(gate_reason='Complete verification to view WEPP reports.')	existing ordinary behavior; conditional internal workflow/contrast resource or protected-data boundary
wepppy/weppcloud/routes/nodb_api/wepp_bp.py	1597	GET	/runs/<string:runid>/<config>/report/sub_summary/<topaz_id>/	report_ron_sub_summary	wepp_bp.route('/runs/<string:runid>/<config>/report/sub_summary/<topaz_id>'); authorize_and_handle_with_exception_factory; requires_cap(gate_reason='Complete verification to view WEPP reports.')	existing ordinary behavior; conditional internal workflow/contrast resource or protected-data boundary
wepppy/weppcloud/routes/nodb_api/wepp_bp.py	1609	GET	/runs/<string:runid>/<config>/resources/wepp_loss.tif	resources_wepp_loss	authorize_and_handle_with_exception_factory	existing ordinary behavior; conditional internal workflow/contrast resource or protected-data boundary
wepppy/weppcloud/routes/nodb_api/wepp_bp.py	1628	GET	/runs/<string:runid>/<config>/query/bound_coords	query_bound_coords	wepp_bp.route('/runs/<string:runid>/<config>/query/bound_coords/'); authorize_and_handle_with_exception_factory	existing ordinary behavior; conditional internal workflow/contrast resource or protected-data boundary
wepppy/weppcloud/routes/nodb_api/wepp_bp.py	1628	GET	/runs/<string:runid>/<config>/query/bound_coords/	query_bound_coords	wepp_bp.route('/runs/<string:runid>/<config>/query/bound_coords'); authorize_and_handle_with_exception_factory	existing ordinary behavior; conditional internal workflow/contrast resource or protected-data boundary
wepppy/weppcloud/routes/run_0/run_0_bp.py	1375	GET	/sw.js	service_worker		unchanged ordinary behavior; regression reference
wepppy/weppcloud/routes/run_0/run_0_bp.py	1385	GET	/runs/<string:runid>/	runs0_nocfg	handle_with_exception_factory	existing ordinary behavior; conditional internal workflow/contrast resource or protected-data boundary
wepppy/weppcloud/routes/run_0/run_0_bp.py	2483	GET	/runs/<string:runid>/<config>/	runs0	requires_cap(gate_reason='Complete verification to view this run.')	feature-specific entitlement only; ordinary modules/anonymous functionality unchanged
wepppy/weppcloud/routes/run_0/run_0_bp.py	2556	GET	/runs/<string:runid>/<config>/migrate	migration_page	authorize_and_handle_with_exception_factory	existing ordinary behavior; conditional internal workflow/contrast resource or protected-data boundary
wepppy/weppcloud/routes/run_0/run_0_bp.py	2602	GET	/runs/<string:runid>/<config>/view/mod/<string:mod_name>	view_mod_section	authorize_and_handle_with_exception_factory	feature-specific entitlement only; ordinary modules/anonymous functionality unchanged
wepppy/weppcloud/routes/run_0/run_0_bp.py	2632	GET	/create	create_index	login_required; handle_with_exception_factory	unchanged ordinary behavior; regression reference
wepppy/weppcloud/routes/user.py	487	GET	/profile	profile	login_required	unchanged ordinary behavior; regression reference
wepppy/weppcloud/routes/user.py	532	GET,POST	/preferences	preferences	login_required	unchanged ordinary behavior; regression reference
wepppy/weppcloud/routes/user.py	591	POST	/profile/mint-token	mint_profile_token	login_required	ordinary issuance unchanged; trusted origin for restricted admission only
wepppy/weppcloud/routes/user.py	649	POST	/runs/<string:runid>/<config>/mint-run-token	mint_run_token	login_required	ordinary issuance unchanged; trusted origin for restricted admission only
wepppy/weppcloud/routes/user.py	710	GET	/runs/users	runs_users	login_required; roles_accepted('Admin', 'Root')	existing ordinary behavior; conditional internal workflow/contrast resource or protected-data boundary
wepppy/weppcloud/routes/user.py	858	GET	/runs	runs	login_required	unchanged ordinary behavior; regression reference
wepppy/weppcloud/routes/user.py	952	GET	/runs/catalog	runs_catalog	login_required	existing ordinary behavior; conditional internal workflow/contrast resource or protected-data boundary
wepppy/weppcloud/routes/user.py	992	GET	/runs/map-data	runs_map_data	login_required	existing ordinary behavior; conditional internal workflow/contrast resource or protected-data boundary
